 0.10619726E-01    0.19152813E-02    0.14281593E-01    0.24440795E-02    0.57827559E-02
 0.20301697E-01   -0.11967048E-02    0.85510604E-03    0.36883198E-03    0.70124741E-03
 0.19956443E-03   -0.11763321E-02   -0.27384982E-03   -0.93958885E-04    0.58033632E-03
 0.17765254E-02   -0.19766504E-03   -0.56313473E-02   -0.19033101E-03    0.10162851E-03
 0.35027160E-02    0.19233737E-02    0.14786530E-02    0.13507028E-02   -0.39732943E-04
 0.26444243E-04    0.35196401E-03    0.14587731E-02    0.30783036E-03   -0.15662354E-03
-0.11766759E-03   -0.12497713E-03    0.34504983E-04    0.76474511E-04    0.51814695E-04
 0.27565333E-03   -0.21299299E-05   -0.26594984E-04   -0.16550069E-04    0.34641685E-04
 0.12899840E-04    0.24813890E-04    0.14020525E-05   -0.68275086E-04    0.62337286E-03
-0.58756233E-04    0.22067055E-03    0.56612283E-04    0.38160446E-04   -0.92305271E-04
-0.36241411E-04   -0.30046268E-04   -0.19044438E-04   -0.19054801E-05    0.30766506E-03
 0.50741152E-04   -0.23923897E-04    0.92558285E-05   -0.76079157E-05    0.63394744E-04
 0.25311887E-04    0.42095711E-04    0.18474938E-04    0.10533251E-03   -0.80622448E-04
 0.79326681E-03   -0.48985683E-03   -0.87420292E-04    0.84088944E-03    0.49376784E-04
-0.12757107E-04   -0.74702200E-03   -0.12912573E-03   -0.21474916E-04    0.13702329E-04
 0.28669182E-04    0.10203377E-04    0.88135772E-03    0.21197356E-03    0.22122041E-03
 0.31079569E-04   -0.23910417E-05    0.82079999E-04    0.27475354E-03    0.13256817E-03
-0.18627407E-04    0.21506633E-04   -0.58023223E-04    0.53462715E-04   -0.22523678E-03
 0.15239300E-02   -0.61776436E-03   -0.64114586E-04   -0.35847751E-03    0.94241511E-04
-0.55816123E-04   -0.45193902E-04   -0.22437320E-03   -0.32970996E-04    0.17205022E-04
 0.66073263E-04   -0.53887914E-04    0.10722103E-03   -0.96821526E-04    0.79484860E-03
 0.19030870E-03    0.62924119E-04   -0.26754686E-03   -0.99708507E-05    0.13157385E-03
 0.20724470E-03    0.14888686E-03    0.67709364E-06    0.29079424E-04   -0.60124380E-04
 0.15466782E-03   -0.15779953E-03    0.45493230E-03   -0.14070822E-03    0.32986128E-02
-0.31041044E-02    0.20594075E-02   -0.33935407E-02    0.39324827E-03   -0.30351304E-03
 0.62822161E-03   -0.54888675E-03   -0.54692509E-04   -0.75586657E-04    0.26513373E-04
 0.25831817E-04   -0.12087173E-03   -0.13893585E-03    0.23956565E-03    0.63001481E-04
 0.20445958E-01    0.11786763E-02   -0.20403817E-02    0.78620352E-03   -0.30314671E-03
 0.15408797E-03   -0.16928346E-03    0.40036461E-04    0.10090462E-03    0.10739470E-04
-0.45526730E-04    0.37217622E-04    0.55528997E-04   -0.73262539E-04   -0.12406341E-03
-0.22594544E-03   -0.10391995E-01    0.11960033E-01    0.10921639E-03    0.33473566E-03
 0.83924676E-03    0.14446928E-03   -0.66066297E-04   -0.34223907E-03   -0.49757614E-04
-0.52535627E-04    0.67152916E-04    0.94831020E-04    0.36621135E-04    0.48817504E-04
 0.41265491E-04   -0.12030152E-03   -0.17879361E-03   -0.38525196E-02    0.26655385E-02
 0.10215951E-01    0.18304800E-02   -0.44804152E-02   -0.55973738E-02   -0.80156999E-03
 0.58432471E-03    0.24858672E-02    0.32854007E-03    0.19432338E-03    0.18807357E-03
-0.58055758E-03    0.39056893E-03    0.20174146E-03    0.12675225E-03    0.70307629E-03
-0.58604551E-03    0.39775753E-02   -0.20657819E-02   -0.16247058E-01    0.67739088E-01
-0.44268807E-03   -0.12219840E-02   -0.14965025E-02    0.18031286E-04   -0.19763129E-03
 0.20390329E-03   -0.23013147E-03   -0.73907740E-04   -0.14797183E-03    0.21618958E-03
-0.28924908E-03    0.31678218E-03   -0.61585643E-03    0.59012269E-03   -0.11005131E-02
 0.34513300E-03    0.12512833E-03    0.42011866E-04   -0.21297736E-02    0.91236219E-02
-0.45731146E-03   -0.37093534E-03   -0.71865580E-03    0.20273393E-04    0.37145534E-04
 0.11378743E-03   -0.16465973E-03    0.19271807E-04    0.97722338E-05   -0.21170532E-04
-0.25270814E-04   -0.29184118E-04   -0.12984963E-04    0.25884463E-04    0.45818717E-04
 0.35005674E-04    0.11644365E-03    0.14283180E-04    0.10931538E-03   -0.19297792E-03
 0.17131242E-02   -0.26347065E-03   -0.18675419E-02    0.14938484E-02   -0.47907754E-04
 0.13581498E-03   -0.61446072E-03   -0.73645355E-05   -0.23272940E-04    0.15455980E-04
-0.23763611E-04    0.60977608E-04    0.75018239E-04    0.18167594E-04   -0.36935510E-04
 0.78174340E-04   -0.18142389E-02    0.10208839E-02    0.14266599E-03    0.17496765E-04
-0.15206538E-03   -0.44146285E-03    0.35708421E-02    0.12526460E-02   -0.55097639E-03
-0.67908429E-03   -0.19996667E-03    0.62505551E-04    0.38407287E-03    0.87203386E-04
 0.60810823E-04    0.27315808E-04   -0.48971891E-04    0.52408443E-04   -0.41713285E-04
 0.44449905E-04   -0.11593315E-03    0.16164166E-03   -0.31250663E-02    0.18935887E-02
 0.58977081E-03    0.12319136E-03   -0.76601659E-04    0.30767586E-03   -0.18609245E-03
 0.35712276E-02    0.10231744E-02    0.12216860E-02    0.42501254E-03   -0.73470386E-04
-0.41943551E-04    0.15311035E-03    0.28609726E-03    0.18328686E-04   -0.26055911E-04
-0.12089140E-04   -0.55051284E-04   -0.53489965E-04    0.67051716E-04   -0.58040409E-04
-0.85161231E-04   -0.95604676E-03    0.44742879E-03    0.56217357E-04    0.19358184E-03
-0.48953969E-03   -0.96313179E-04   -0.13166846E-03    0.77064084E-04    0.29873181E-02
-0.10705954E-02    0.39165867E-03    0.25234597E-02    0.28187253E-03    0.13613762E-04
-0.94961020E-03   -0.28445804E-04   -0.52725381E-04    0.69454809E-04    0.43222999E-05
 0.26294667E-04    0.14465841E-03   -0.14309865E-05    0.54796881E-05    0.24297434E-04
-0.93008946E-03    0.28918049E-03    0.83007207E-04   -0.83357546E-03   -0.69996675E-03
-0.24046431E-03    0.34526741E-03   -0.60376366E-04    0.12637986E-02    0.44960396E-02
 0.46814240E-03   -0.25857157E-03    0.89809813E-03   -0.32134601E-04    0.57753021E-04
-0.18307390E-03    0.15207952E-03    0.85983761E-05    0.88892052E-06    0.89706062E-06
 0.28656615E-05    0.22387682E-04    0.21013605E-04   -0.34763434E-04    0.18597900E-05
-0.21298789E-02    0.10045599E-02    0.46880514E-03   -0.66349351E-03   -0.96116658E-04
-0.30372112E-04    0.24048712E-03    0.41476411E-04   -0.11918633E-03   -0.30059088E-05
 0.82431241E-03   -0.50893560E-04    0.76647235E-04    0.34242524E-04    0.12553971E-04
-0.78894426E-05   -0.11601512E-04   -0.93314587E-05   -0.86017319E-06   -0.48568082E-06
-0.25407279E-05    0.18498863E-05   -0.74848479E-06   -0.33223478E-05   -0.52938321E-05
 0.14943184E-04    0.13125507E-03   -0.64876735E-04   -0.33265974E-04    0.29439777E-04
 0.24242123E-05    0.86900383E-05   -0.25088776E-04    0.18810015E-04   -0.24092890E-05
-0.11474135E-04   -0.11151683E-03    0.43024303E-04    0.24366927E-03   -0.15985450E-02
-0.83762056E-03   -0.17552908E-03    0.12793711E-03    0.13048848E-03   -0.18343342E-03
 0.99138229E-04    0.59249587E-04   -0.43188597E-05    0.28501047E-04    0.46743047E-04
 0.13450314E-05    0.13092647E-03   -0.98346830E-04   -0.26811765E-02    0.13543923E-02
 0.65036986E-03   -0.94358734E-03    0.49039493E-03   -0.21349763E-04    0.33036596E-03
 0.74622443E-03   -0.11865748E-03   -0.10001854E-03    0.44925467E-03   -0.29068781E-04
 0.47527078E-02   -0.53254164E-03    0.27014637E-02    0.15646605E-03    0.27029987E-03
-0.22229657E-03    0.89958923E-04   -0.66675541E-04   -0.23099538E-04   -0.18344161E-04
 0.96949022E-04    0.10781536E-04   -0.96411635E-05    0.97515413E-04    0.10365162E-03
-0.12447785E-03   -0.96381666E-03    0.32354594E-03    0.35763578E-03   -0.11970798E-02
-0.66014008E-05    0.13168840E-03   -0.61443710E-03   -0.47370906E-03    0.41316143E-03
 0.21885312E-03    0.15677440E-03   -0.34431371E-06    0.59735097E-03    0.74166544E-02
-0.31279973E-02   -0.90322393E-02    0.49687553E-03   -0.80930599E-04    0.62758601E-03
-0.15675063E-02   -0.10417514E-02   -0.88843153E-05    0.62893332E-04   -0.73049484E-04
 0.84616967E-04    0.15520065E-03   -0.16244373E-03    0.11094796E-03   -0.15592158E-03
-0.26384278E-02    0.27230968E-02   -0.53649891E-03    0.24304198E-02   -0.67300939E-03
 0.95712694E-03    0.23546025E-02    0.10617187E-02   -0.10411254E-02   -0.87151563E-03
 0.43305452E-03   -0.92903618E-07    0.93543960E-03   -0.11274490E-02    0.10476235E+00
-0.91603069E-03   -0.40229995E-03   -0.24845815E-02   -0.15680654E-03   -0.36202773E-04
 0.68289994E-03   -0.22650588E-03    0.25197849E-04   -0.53498866E-04    0.26896494E-05
 0.24728002E-04   -0.13835681E-03   -0.96228419E-05    0.96916398E-04   -0.22659161E-03
 0.81383943E-04    0.35130910E-03   -0.50553664E-03    0.81043044E-03    0.73829005E-04
-0.18968129E-03    0.31634314E-03   -0.25225211E-03    0.33100440E-03    0.18839408E-03
-0.36475723E-03   -0.56876062E-04   -0.25546622E-03    0.19804324E-03    0.16975952E-02
 0.66625831E-02    0.21535283E-03   -0.88770876E-03   -0.10070813E-02   -0.11010391E-03
 0.67590025E-04    0.20777755E-03   -0.57653124E-04    0.11083427E-04    0.11396644E-04
-0.21630563E-05   -0.18983640E-04   -0.15434204E-05    0.22734430E-04    0.80193542E-05
 0.54069718E-05   -0.10124526E-02    0.57787635E-03    0.13130772E-03    0.40883221E-03
 0.14619959E-03   -0.10617475E-04    0.27011758E-04    0.26205205E-03   -0.61941276E-04
-0.22259467E-03   -0.49568345E-05   -0.15979309E-04    0.11928027E-03   -0.14247311E-03
 0.54258695E-03    0.13565721E-04    0.58226156E-03    0.49095770E-03    0.21432117E-04
 0.61949549E-03   -0.45089206E-04    0.19226618E-04   -0.60416707E-04    0.12350389E-03
 0.15297231E-05   -0.25242300E-05   -0.36405873E-05   -0.95901293E-05   -0.22756614E-05
-0.13377086E-04   -0.25086821E-04   -0.34980423E-04   -0.63316078E-03    0.23724340E-03
 0.70581593E-04   -0.70552789E-04   -0.13885330E-05   -0.28014366E-03   -0.10132042E-03
-0.15841069E-03    0.11460951E-03    0.20432048E-03    0.54817208E-04   -0.61140925E-06
-0.12774541E-03   -0.35449484E-04   -0.78396612E-03   -0.33741691E-03   -0.85914395E-04
 0.55575492E-03    0.43466868E-04   -0.11776088E-02    0.13531290E-02   -0.13300400E-05
 0.66636360E-04   -0.44142653E-03   -0.59079722E-04   -0.20817591E-04   -0.22875985E-04
 0.17566177E-04   -0.38024765E-04    0.44641152E-04   -0.20349216E-06   -0.71883173E-04
-0.33902989E-04   -0.14292909E-02    0.55299910E-03    0.13739047E-03    0.36845939E-04
 0.16226706E-03   -0.20534090E-03    0.36204905E-03   -0.29416780E-03   -0.38956957E-03
-0.22130191E-03    0.17073969E-03   -0.12648958E-04   -0.18894014E-03    0.32438319E-03
 0.70298035E-03   -0.16281767E-03   -0.59341061E-05    0.28226664E-03    0.30650972E-02
-0.67507709E-03    0.69872737E-04    0.14767683E-02    0.90090605E-04    0.88009217E-05
-0.47878336E-03   -0.13639398E-03   -0.56845040E-05    0.14716801E-04   -0.91686021E-04
-0.64357245E-05    0.84321777E-04    0.11147365E-04   -0.62929670E-05    0.35293018E-04
-0.19595804E-02    0.10526228E-02    0.39887027E-03    0.19254432E-04   -0.36749168E-03
 0.12289971E-03    0.38047919E-03   -0.28718253E-04    0.11929955E-03    0.30178576E-03
 0.40145702E-04   -0.99011857E-05   -0.85424825E-04    0.14978138E-05    0.70048430E-03
-0.74522026E-04   -0.11310535E-03    0.40628779E-04    0.25411241E-04    0.36616585E-02
 0.93230349E-03    0.95992332E-03    0.21699038E-02   -0.43371290E-04   -0.71431107E-04
-0.46476643E-03    0.21425942E-03    0.89199730E-05    0.39403787E-04   -0.43868952E-04
-0.11698928E-04    0.61027431E-04   -0.41479757E-04    0.19194554E-05   -0.50739480E-04
-0.18568117E-02    0.94993256E-03    0.27319897E-03   -0.16562328E-03   -0.16800076E-04
-0.19885136E-03    0.82878539E-04    0.96207484E-04    0.13387628E-03    0.26659553E-03
 0.41722056E-04   -0.14648048E-04    0.41808776E-04   -0.17097483E-05   -0.16305577E-03
-0.14643546E-03   -0.99525326E-04    0.49225253E-04   -0.70366186E-04    0.19940880E-02
 0.33175342E-02   -0.17341297E-02    0.14972195E-02   -0.12901339E-03    0.33267292E-03
-0.18261194E-03   -0.26366375E-03   -0.21969253E-03   -0.95964219E-04   -0.28963750E-04
 0.81941992E-04   -0.37120952E-04    0.65348412E-04    0.46578977E-04    0.96028040E-04
-0.14308688E-03   -0.34372131E-02    0.17089649E-02    0.85152852E-03   -0.21610401E-02
 0.28557513E-03   -0.30009950E-03   -0.16490743E-03   -0.18338056E-03   -0.90877927E-06
 0.21775261E-03    0.30608043E-04   -0.65891702E-05   -0.96140372E-04    0.30687436E-03
-0.76062146E-03    0.14390517E-02   -0.18093017E-03   -0.94774801E-04    0.41121717E-03
-0.27595147E-04   -0.26702025E-03    0.50846853E-02    0.10840736E-02   -0.12275951E-02
-0.75895393E-03   -0.20168394E-03    0.11703554E-03    0.18165049E-03    0.13137100E-03
 0.72775726E-04    0.43912524E-04    0.58231283E-05    0.30250571E-04   -0.86716026E-05
 0.73106621E-06   -0.92606591E-04   -0.69372394E-05   -0.16255578E-02    0.98591664E-03
 0.36430610E-03   -0.35470585E-04    0.10442014E-03    0.13566446E-03    0.30843187E-05
 0.42345943E-03    0.10161394E-04    0.23900260E-03   -0.12453460E-05    0.74536719E-06
 0.70003687E-03   -0.23603814E-03    0.13272806E-02   -0.24959416E-04    0.19708586E-03
 0.67458580E-04    0.25622853E-04    0.76182669E-04    0.19969717E-03   -0.33759932E-03
 0.34828778E-02    0.12926164E-02    0.31402045E-03   -0.13121256E-02   -0.16880532E-03
-0.48005426E-04    0.68187662E-03    0.16681570E-03    0.54943148E-04    0.55741058E-05
 0.18775958E-04   -0.33750648E-04   -0.11755041E-03   -0.12401512E-03   -0.78612154E-04
-0.34518646E-04   -0.61116100E-03    0.25673093E-03    0.23095355E-03   -0.27025563E-03
 0.15764354E-04   -0.77509126E-04   -0.37103701E-03    0.51822504E-04    0.29235136E-04
-0.37948812E-03   -0.14452457E-04   -0.26095301E-04    0.13389540E-03    0.75998662E-04
-0.35688914E-03    0.63946615E-04    0.22392463E-04    0.15248517E-03   -0.71775043E-04
-0.20226351E-03    0.11075031E-04   -0.86565135E-04    0.10935844E-02    0.37128689E-02
 0.49927548E-03    0.87020595E-03    0.69445403E-03   -0.78524487E-05    0.41056884E-05
 0.48275373E-04    0.20305973E-03   -0.15792013E-04    0.36461135E-05    0.82842728E-05
 0.43632449E-05   -0.13511086E-03   -0.11966165E-04   -0.73128067E-04    0.73546304E-04
-0.22050765E-03    0.88241910E-04   -0.39815340E-04   -0.27740721E-03    0.94117766E-04
-0.29462500E-03    0.12987689E-03   -0.79002157E-03    0.28444601E-03   -0.13970689E-03
 0.13628497E-03   -0.10410673E-05   -0.53550722E-03    0.97813781E-04   -0.92820108E-03
-0.11745590E-03   -0.20150977E-03    0.13288513E-03   -0.10238772E-03   -0.10497526E-03
-0.28428640E-03    0.24362307E-03   -0.87986712E-03    0.20341828E-03    0.52488118E-02
 0.10236962E-03   -0.16240074E-02    0.75437534E-03   -0.12202076E-03    0.11674166E-03
-0.30314256E-03   -0.43321416E-04   -0.13491693E-04    0.25574408E-04    0.12626643E-04
 0.23780616E-04    0.83689903E-04   -0.65418936E-04   -0.35703668E-04   -0.80535643E-04
-0.13437556E-02    0.67529616E-03    0.30929659E-03   -0.61121349E-03    0.20910809E-03
 0.14600093E-04    0.41976601E-03   -0.24447081E-03    0.25307495E-04   -0.50018449E-04
 0.23915664E-03   -0.25424080E-04    0.74643953E-04   -0.41360677E-03    0.42574512E-04
-0.26660116E-03    0.24242297E-04    0.68911060E-04   -0.17332867E-03   -0.13873054E-05
-0.29224508E-04    0.92180112E-04   -0.53087350E-04   -0.28999313E-03    0.93008163E-03
 0.32401901E-02    0.69381756E-03    0.49330704E-03   -0.25343165E-02   -0.89075222E-04
-0.46895362E-04    0.88051432E-03   -0.60948698E-06    0.19140962E-04    0.12672186E-04
-0.34862597E-05   -0.13893595E-04   -0.10391410E-03    0.15087392E-04    0.46054087E-04
-0.62141447E-04   -0.31173781E-02    0.17290251E-02    0.70692087E-03   -0.71586400E-03
 0.18039788E-03   -0.24954734E-03    0.21306150E-03    0.15978359E-02    0.16492467E-03
-0.44779642E-03   -0.21811835E-03   -0.54210345E-05    0.38382917E-03    0.20962444E-03
-0.14723309E-02    0.51036313E-03    0.19886208E-03    0.45038725E-03   -0.80482785E-03
-0.24895897E-03   -0.21954108E-03    0.10628194E-03   -0.49530195E-04    0.12595614E-03
-0.59681386E-04   -0.35384670E-03    0.47639632E-02    0.64417560E-03    0.70696699E-03
 0.15881835E-03   -0.51733326E-04   -0.34957384E-04    0.52662487E-04    0.15307002E-03
 0.35593170E-05    0.22020205E-04    0.82622090E-05    0.10235370E-05   -0.19545728E-04
 0.48656207E-04   -0.33929051E-04    0.21617964E-04   -0.14448215E-03   -0.41152599E-04
 0.54079362E-04   -0.58726354E-04   -0.21363147E-03    0.71384783E-04   -0.11386192E-03
 0.88981053E-04    0.15804540E-03   -0.67435690E-04   -0.65648125E-05   -0.49849800E-05
-0.92645322E-04    0.46580443E-05   -0.78795284E-03   -0.45543687E-03   -0.13647767E-04
 0.27583168E-04   -0.68160647E-04   -0.23749717E-03    0.13167896E-03    0.27356435E-04
 0.92296742E-04    0.18657948E-03   -0.76382100E-04   -0.17294270E-03    0.52854418E-04
 0.76155408E-03    0.31133881E-04   -0.30605200E-03   -0.61556509E-04   -0.26302387E-04
 0.30041668E-04    0.85477554E-05   -0.17130998E-04    0.71650813E-05   -0.72020093E-06
-0.73992582E-05    0.60972454E-05    0.34900791E-05   -0.69359732E-05    0.58275904E-07
-0.25226036E-07   -0.60596727E-04    0.54262616E-04   -0.41435361E-05    0.93382992E-04
-0.42847338E-05    0.24881114E-04    0.44730586E-04   -0.20459765E-05   -0.10048296E-04
-0.15744762E-04    0.97993813E-05   -0.12377014E-05    0.26146280E-04   -0.87504247E-04
 0.13130887E-03    0.22434410E-04    0.90629156E-05   -0.30180489E-04   -0.86288940E-04
 0.64789876E-05   -0.15307729E-04   -0.95833875E-04    0.38241399E-06   -0.14981820E-04
-0.23949033E-04    0.49623916E-04    0.91823455E-05   -0.14726454E-04    0.40007486E-04
 0.35543445E-03    0.11832043E-02    0.12050956E-02   -0.13574395E-04    0.12890924E-03
-0.16361699E-03    0.19584777E-03    0.66506442E-04    0.10733680E-03   -0.14327951E-03
 0.22273163E-03   -0.22924377E-03    0.45553642E-03   -0.42108076E-03    0.82470377E-03
-0.65184107E-04   -0.16982082E-03   -0.14014177E-03    0.14843606E-02   -0.69048934E-02
 0.13150787E-03    0.10178674E-03    0.74143150E-05    0.35406737E-03    0.51042842E-03
 0.31347003E-04   -0.31403143E-06   -0.38732579E-03    0.41593457E-04    0.26777762E-03
-0.19388617E-04   -0.12040876E-03   -0.60321914E-05   -0.13085058E-03    0.21167859E-03
 0.19964524E-04   -0.10941692E-03   -0.75385131E-04   -0.72210342E-04   -0.69584282E-04
-0.19215987E-03   -0.14061515E-03    0.16076900E-03   -0.39617741E-05    0.55682087E-02
 0.15936410E-03    0.12622374E-03    0.36867396E-03   -0.10838475E-04    0.68815756E-05
-0.68501883E-04    0.49951616E-04   -0.48039361E-05    0.99851925E-06    0.14807385E-04
 0.32700103E-04    0.22908293E-04    0.15132981E-04   -0.18763755E-04    0.33823134E-04
 0.69402669E-04   -0.70938024E-04   -0.71450982E-05    0.51052287E-04   -0.10091872E-05
-0.86411701E-03    0.24104857E-03   -0.19067893E-03    0.25973598E-04    0.15040323E-03
 0.21776049E-04   -0.55669811E-05   -0.51812247E-05   -0.10913954E-03   -0.31590486E-03
 0.93676452E-04   -0.19242523E-06    0.15678783E-03    0.11366500E-03   -0.58659101E-04
 0.88605490E-04    0.11770319E-03   -0.93980526E-04   -0.12572355E-04    0.11510853E-03
-0.24723765E-05    0.92845327E-04   -0.35232167E-04   -0.13620691E-04   -0.25088324E-06
 0.92647438E-03    0.20610073E-03    0.11272244E-02   -0.68971395E-03    0.29919691E-04
-0.50498218E-04    0.30918304E-03    0.55209067E-04    0.28750301E-04   -0.23425546E-04
 0.12140718E-05   -0.35925543E-04   -0.34922244E-04    0.31585627E-04    0.19717388E-04
-0.17417190E-04    0.85728391E-03   -0.69241498E-03   -0.10395927E-03    0.11100452E-03
-0.19598220E-04    0.22963843E-03   -0.19463462E-02    0.16107074E-03    0.83044718E-04
-0.17116388E-03   -0.11828065E-03    0.12731609E-04   -0.88790976E-04    0.24632061E-03
-0.13014217E-02   -0.16507259E-03   -0.24366821E-04    0.73827703E-04   -0.24990743E-03
-0.15913542E-03   -0.53070562E-04    0.70657925E-04    0.37471017E-04    0.14876903E-03
-0.95179466E-04   -0.23713111E-03   -0.21444117E-04    0.54799222E-04   -0.22895823E-04
 0.15507079E-04   -0.20674537E-03    0.21102236E-02   -0.77912570E-03    0.71385671E-04
 0.14669022E-03    0.49598776E-04    0.17405693E-04   -0.18801860E-03   -0.51105102E-04
-0.39797880E-04   -0.23423663E-04    0.12613772E-05   -0.45424657E-05    0.28982311E-04
 0.10527021E-05    0.53746591E-04    0.24221353E-04    0.18612787E-02   -0.20116564E-02
-0.46651982E-03    0.99347638E-04    0.42372861E-04   -0.16422289E-03    0.12713283E-03
-0.19834720E-02   -0.98677545E-04    0.40209544E-05   -0.38239797E-04   -0.38210093E-05
-0.48270295E-03    0.21878754E-03   -0.54707327E-03    0.17354186E-03   -0.13780839E-03
 0.90885437E-04    0.15828231E-03   -0.42298128E-04   -0.19185789E-03    0.98877128E-04
-0.28859333E-03    0.48673504E-05    0.51494136E-03    0.13097039E-03   -0.91009267E-03
-0.47683208E-04    0.39652554E-05    0.24987727E-05    0.15072311E-03   -0.12104970E-03
 0.20607868E-02   -0.10572965E-02   -0.11284873E-02   -0.52337009E-03    0.32301843E-04
 0.66641807E-04   -0.13054564E-03   -0.23594936E-03   -0.20771354E-04    0.24290459E-04
-0.24415570E-05    0.31393926E-04    0.66729953E-04   -0.21896005E-04    0.66844292E-04
 0.31996588E-04    0.60061690E-03   -0.53657779E-03   -0.11059172E-04   -0.80984211E-04
 0.13976337E-03    0.70705368E-04    0.11071884E-03   -0.10077042E-03   -0.16559752E-02
-0.67105516E-03    0.39786152E-04   -0.16028484E-05    0.16701592E-03   -0.24255882E-03
 0.89511110E-03   -0.48846720E-04    0.66696192E-04   -0.81876528E-04    0.24396429E-03
-0.37588473E-04   -0.15834945E-03    0.17189838E-04   -0.28627447E-04   -0.79472527E-04
-0.21638694E-03    0.40094740E-04   -0.97802037E-04   -0.13526177E-03    0.12566260E-04
-0.11179555E-03   -0.45066427E-04   -0.10347854E-03    0.18822661E-03    0.18590547E-02
 0.54802872E-03   -0.60149151E-04   -0.11042885E-02   -0.15682739E-03   -0.24332151E-04
 0.45323230E-03   -0.64113770E-05    0.33870703E-04   -0.10929920E-04    0.23093155E-04
-0.48387482E-04   -0.68549773E-04    0.37477294E-04    0.58179088E-04   -0.70631515E-04
 0.32745155E-03   -0.18544309E-03    0.23041669E-04    0.36705405E-03    0.13658464E-03
 0.11429415E-03   -0.18697907E-03    0.13097243E-04   -0.68301344E-03   -0.23286655E-02
 0.37511979E-04   -0.15775528E-05    0.26481496E-04    0.26513320E-04    0.17662869E-03
-0.41720276E-04    0.13714272E-03   -0.11986244E-03    0.21571157E-03   -0.22168961E-03
-0.27335671E-03    0.10458174E-04   -0.18883803E-03    0.14544974E-03    0.82307917E-04
-0.38440375E-04    0.27993902E-03    0.42952518E-04    0.53489972E-05   -0.76101939E-04
-0.13932810E-03    0.11590564E-03    0.39848027E-04    0.81915335E-03    0.25243072E-02
-0.17089040E-03    0.23315095E-03   -0.34812142E-03    0.30509118E-04   -0.19972756E-04
 0.72114611E-04   -0.43072961E-04   -0.12170679E-04    0.51557998E-05    0.30211883E-05
-0.77021802E-05   -0.11946750E-04    0.28114160E-05    0.42395911E-05    0.36045704E-05
 0.10231361E-02   -0.11461772E-02   -0.29706742E-03    0.38681204E-03   -0.17087295E-04
 0.38523516E-05   -0.12725734E-03   -0.30226923E-04    0.73274902E-04    0.42839132E-04
-0.38184925E-03    0.48614694E-04   -0.20669154E-03   -0.84738136E-04   -0.25774515E-03
 0.13830045E-03   -0.44366121E-05   -0.29920028E-04   -0.78011665E-04   -0.16058775E-04
-0.22062024E-04   -0.19023653E-04    0.15645536E-04    0.43067633E-04   -0.90191291E-04
-0.11270334E-03    0.10356910E-03    0.15075886E-04   -0.61460134E-05    0.37434066E-04
-0.13608398E-04    0.88274678E-04    0.50209076E-04   -0.66263864E-04   -0.51292882E-04
 0.41927065E-03    0.40125186E-04   -0.33870800E-04   -0.14148559E-04   -0.10016266E-04
 0.44411556E-05    0.89975347E-05    0.10078791E-04    0.73303119E-06   -0.40153946E-06
 0.83420776E-06   -0.16438248E-05   -0.30480073E-05    0.36069001E-05    0.22871586E-05
-0.24533098E-05   -0.61933895E-04    0.61479032E-04    0.11999640E-04   -0.18782141E-04
 0.36614320E-05   -0.82023666E-05    0.89915971E-05   -0.34642804E-05   -0.92748936E-06
-0.35950545E-05    0.48925111E-04   -0.18823435E-04    0.57285157E-05   -0.22548330E-05
-0.37585317E-04    0.29828223E-04    0.77132756E-05    0.34798360E-05    0.85484656E-05
 0.11898928E-05    0.11758795E-04   -0.92512965E-06   -0.18536706E-06    0.10798467E-04
 0.97157989E-05    0.13356328E-04    0.59683439E-05    0.19390058E-05    0.20859938E-06
-0.65113153E-05    0.79522909E-05   -0.86730342E-05    0.36164114E-05   -0.64531208E-06
-0.51261593E-05   -0.58202780E-04    0.22904485E-04   -0.41899903E-03    0.47807778E-03
 0.91353161E-04    0.10926841E-03   -0.71860452E-04   -0.24984016E-04    0.42270327E-05
-0.81325397E-04   -0.24532613E-05    0.19235443E-04   -0.55602892E-04    0.71916401E-05
 0.33173864E-05   -0.37850794E-04    0.60184780E-05    0.13440269E-02   -0.14435973E-02
-0.38402562E-03    0.39045671E-03   -0.64607641E-04    0.15482430E-05   -0.80266992E-04
-0.50486016E-03    0.94508268E-04    0.32919823E-04   -0.20938191E-03    0.58635179E-05
-0.26045665E-02   -0.33868508E-03   -0.48182489E-03    0.17220058E-03   -0.72736755E-04
 0.83533228E-04    0.18750759E-03    0.46252953E-04   -0.95922291E-04    0.10903165E-03
-0.32205706E-03   -0.42353203E-04    0.17560389E-03    0.61644673E-04   -0.19643873E-03
 0.46843766E-04   -0.30098293E-05    0.45509592E-04    0.48041696E-04    0.13093183E-04
 0.40070119E-03   -0.73421071E-04   -0.31916754E-04    0.21279509E-03    0.59824527E-05
 0.27670984E-02    0.38470500E-03   -0.17472832E-02   -0.43421432E-03   -0.20999040E-03
 0.14654094E-03    0.62942194E-04   -0.28346794E-04    0.57654035E-05    0.16619571E-04
-0.47903406E-04   -0.51140293E-04   -0.57453763E-05    0.19639139E-05   -0.16845868E-04
 0.26513202E-04    0.41318283E-03   -0.90777938E-03   -0.40898885E-03    0.11242350E-02
 0.43802572E-04   -0.10712048E-03    0.28384175E-03    0.30975743E-03   -0.19942817E-03
-0.46950665E-04   -0.10543875E-03   -0.30230290E-05   -0.24469398E-03   -0.37409887E-02
 0.62266801E-03   -0.18102612E-03    0.13338471E-03    0.91782999E-04   -0.13383837E-03
-0.72503983E-04    0.25561104E-04   -0.25621966E-03    0.10551323E-03   -0.45414489E-04
-0.13597795E-03    0.30612839E-03    0.45168346E-04   -0.26991405E-04    0.47101395E-04
-0.34128711E-04    0.30405389E-04   -0.62947458E-04   -0.10955692E-03    0.30433266E-03
 0.13346765E-04    0.14143776E-03    0.89082551E-05    0.48276390E-03    0.44181205E-02
 0.11772406E-02    0.48959192E-02    0.44061462E-03    0.24924224E-03   -0.20870603E-03
 0.54132257E-03    0.50932356E-03   -0.15732218E-04    0.22577374E-04    0.72378282E-04
 0.75127383E-04   -0.51850966E-04    0.73666018E-04   -0.38686154E-04    0.33734834E-04
 0.16734166E-02   -0.96171677E-03    0.52958148E-03   -0.19605435E-02   -0.25779255E-04
-0.30511696E-03   -0.11459083E-02   -0.44832180E-03    0.60122602E-03    0.49352239E-03
-0.19066814E-03    0.12836680E-05   -0.63787896E-03    0.59860891E-03   -0.28337237E-01
-0.58022013E-03   -0.45837116E-03    0.34318571E-03   -0.43703586E-03   -0.38666558E-03
-0.15084177E-04    0.35896570E-03   -0.64349932E-03    0.16355188E-03    0.54227937E-03
-0.71373642E-04    0.67428460E-03    0.34673948E-03   -0.80507108E-04    0.14323082E-03
 0.27408370E-03    0.75470212E-03    0.11907158E-03   -0.53724661E-03   -0.67791784E-03
 0.95511390E-04    0.11305290E-05    0.46558256E-03   -0.21026212E-03    0.34918523E-01
 0.31826043E-03    0.27948297E-03    0.11773561E-02    0.31832165E-04    0.23582829E-04
-0.26419660E-03    0.10158063E-03    0.15198222E-04    0.40480146E-05   -0.26315935E-04
-0.15494244E-04    0.50223070E-04   -0.79417277E-05   -0.31469072E-04    0.44168845E-04
 0.69386934E-04   -0.48380946E-04    0.57161169E-04   -0.21747838E-03    0.41547075E-05
 0.68711142E-04   -0.15257607E-03    0.19264404E-03   -0.12707949E-03   -0.69658268E-04
 0.15853830E-03    0.33308985E-04    0.16412995E-03   -0.17410589E-03   -0.82168733E-03
-0.28103343E-02   -0.19465144E-04    0.13044484E-03    0.62244685E-05    0.42862971E-04
 0.95555445E-04   -0.68387131E-03   -0.23947770E-04   -0.84720078E-04    0.15169414E-04
 0.11200750E-03   -0.24252895E-03    0.22210782E-03   -0.11650114E-04   -0.12222031E-04
-0.82956890E-04    0.15559631E-03   -0.23282245E-03    0.80516949E-04    0.12237138E-03
-0.13203454E-03   -0.39398230E-04   -0.28121977E-03    0.12079513E-03    0.28126223E-03
 0.30776589E-02   -0.22252594E-03    0.36996200E-03    0.41840866E-03    0.65528104E-04
-0.44519808E-04   -0.10552349E-03   -0.13889985E-04   -0.59344482E-05   -0.86799976E-05
 0.15220986E-04   -0.16181994E-06    0.95995248E-05   -0.11808507E-04    0.41918990E-05
 0.14576010E-04    0.54621955E-03   -0.58706335E-03   -0.62451361E-04   -0.23682937E-03
-0.83379628E-04    0.20917655E-04   -0.10484594E-04   -0.16422255E-03    0.24520000E-04
 0.14073720E-03   -0.56954999E-05    0.89344515E-05   -0.76604023E-04    0.85554380E-04
-0.32371590E-03   -0.17864607E-04   -0.29215281E-03    0.47308403E-04    0.93314073E-05
 0.22865487E-04   -0.97918710E-05    0.11759236E-03   -0.11389042E-03   -0.22712972E-04
 0.11045736E-03    0.10565610E-04   -0.10284278E-03    0.66458990E-05   -0.35002560E-05
 0.72250028E-04   -0.11525923E-04    0.61091084E-05    0.12497752E-03   -0.21411053E-04
-0.86867260E-04    0.25893376E-05   -0.46682288E-05    0.77489815E-04   -0.44551211E-04
 0.22509734E-03   -0.52323715E-05    0.29300480E-03   -0.20599287E-03    0.10504034E-03
-0.23838659E-03    0.41979738E-04   -0.13910867E-04    0.12385067E-04   -0.37803945E-04
-0.89078077E-05    0.20924383E-05    0.73911204E-06    0.37628477E-06    0.65781905E-06
 0.17143740E-04    0.16187433E-04    0.16621964E-04    0.29666903E-03   -0.45064159E-03
 0.67451713E-05   -0.16220349E-03    0.77879018E-05    0.15937464E-03    0.40289662E-04
 0.77864071E-04   -0.51869087E-04   -0.12810076E-03   -0.30316248E-04    0.24754524E-05
 0.77610920E-04    0.11713654E-03    0.30680297E-03    0.10296581E-03    0.42386175E-04
-0.31998537E-03   -0.11901515E-03    0.13132408E-04    0.25839111E-04    0.79074317E-04
-0.29843772E-04   -0.75720424E-04   -0.72164808E-04   -0.45135692E-04   -0.28583069E-03
-0.25306290E-05    0.13007421E-04   -0.10155805E-04   -0.18254206E-03   -0.12599558E-03
-0.90919168E-04    0.39683540E-04    0.77602408E-04    0.42692124E-04   -0.36550467E-05
-0.68715427E-04   -0.13994486E-03   -0.21940776E-03   -0.11111059E-03   -0.53407482E-04
 0.42691883E-03    0.52243341E-04    0.88671139E-03   -0.74472837E-03    0.59098880E-04
-0.36936327E-04    0.27356018E-03    0.94136382E-04   -0.97224935E-05    0.68583864E-05
-0.39987413E-05    0.29012723E-04   -0.49881794E-04    0.39704783E-04    0.43925007E-04
-0.12647463E-04    0.60568886E-03   -0.75470320E-03   -0.10023155E-03   -0.47629191E-04
-0.28507902E-04    0.10138293E-03   -0.27598550E-03    0.14585181E-03    0.24844594E-03
 0.20543685E-03   -0.87524775E-04    0.91709418E-05    0.16929751E-03   -0.86612673E-04
-0.58827766E-03    0.38435282E-04   -0.32169549E-05   -0.12535537E-03   -0.16938229E-02
-0.44796706E-04    0.12562987E-03   -0.14402836E-03    0.59778548E-07    0.67132810E-04
 0.49359944E-04    0.57887610E-04    0.51909724E-03    0.36546359E-04    0.43768783E-04
 0.36577794E-04   -0.12155709E-03    0.17188063E-03   -0.69207610E-04   -0.24224315E-03
-0.36485896E-03    0.83946590E-04   -0.16903457E-04   -0.20975702E-03    0.13797992E-03
 0.31796985E-03    0.73451298E-05   -0.13328684E-04    0.12036825E-03    0.18459632E-02
 0.30993897E-03   -0.10396446E-03   -0.61882838E-03   -0.34472619E-04    0.18875437E-04
 0.22340200E-03    0.51976280E-04   -0.99104303E-05    0.40991830E-05    0.27213087E-04
 0.43647514E-04   -0.42337928E-04    0.36326577E-04   -0.13321379E-04    0.67568931E-05
 0.10422478E-02   -0.11859336E-02   -0.31040897E-03    0.21835767E-03    0.83432691E-04
-0.84343197E-04   -0.14045649E-03   -0.53934532E-04   -0.79963963E-04   -0.20440220E-03
 0.44463384E-06   -0.86197465E-06    0.78212758E-04    0.10564563E-04   -0.48280273E-03
-0.79853307E-05    0.20605293E-04    0.27028195E-05    0.19813268E-04   -0.18085295E-02
-0.10384599E-02    0.31809840E-04   -0.10096884E-03    0.54431840E-04   -0.18948310E-04
 0.49714613E-04    0.11578169E-03    0.90205462E-04   -0.60311241E-06   -0.10091527E-03
 0.13657322E-03    0.52715272E-04    0.92367530E-04    0.60463441E-04    0.14681390E-03
 0.10222032E-04   -0.30128916E-05   -0.16468698E-04    0.74869801E-05    0.38197850E-03
 0.28527669E-04    0.11690750E-04   -0.95976034E-05   -0.13640977E-04    0.19675897E-02
-0.26461590E-03   -0.20323851E-03   -0.89310942E-03    0.64701548E-05    0.14058665E-04
 0.20228537E-03   -0.92070517E-04   -0.32495035E-04   -0.32495311E-04    0.16351200E-04
 0.13073923E-05   -0.36897756E-04   -0.40688512E-05    0.16392651E-04    0.27881491E-04
 0.10340259E-02   -0.11553997E-02   -0.27122373E-03   -0.76042947E-04    0.36204667E-04
 0.81148102E-04   -0.85648274E-04   -0.14069446E-03   -0.70769379E-04   -0.28522227E-03
-0.26702424E-04    0.13307500E-04   -0.76744204E-04    0.14064411E-03   -0.30508917E-03
 0.44609665E-04   -0.67390848E-05    0.87303075E-05    0.99783543E-04   -0.10426155E-02
-0.17190776E-02    0.16220662E-03   -0.13156679E-03    0.27362848E-04    0.12461716E-03
-0.31741875E-05    0.13147741E-03   -0.30946655E-04    0.52837885E-05   -0.48400369E-04
-0.52576130E-04   -0.29582954E-04    0.18705091E-03    0.65174914E-04    0.23453298E-03
 0.19767095E-04   -0.84624141E-05    0.10340812E-03   -0.96453228E-04    0.16607093E-03
-0.39523558E-04    0.19816051E-04   -0.18199168E-04   -0.10962581E-03    0.11448888E-02
 0.18515869E-02    0.66621415E-03   -0.98249177E-03   -0.67602771E-04   -0.15865954E-03
 0.74278374E-04    0.66428554E-04    0.58754818E-04    0.48209505E-04    0.54730027E-05
-0.23862193E-04    0.59277447E-05   -0.43068283E-04   -0.45787769E-04   -0.49066876E-04
 0.72663960E-04    0.17552199E-02   -0.19458368E-02   -0.67948067E-03    0.12124298E-02
-0.24365786E-04    0.13015421E-03    0.83673875E-04    0.75655078E-04   -0.46394562E-04
-0.26164576E-05   -0.22534805E-04   -0.14989517E-05    0.11369734E-03   -0.21445785E-03
 0.42969308E-03   -0.72375703E-03    0.11971583E-03    0.65649230E-04   -0.15880224E-03
 0.37650136E-04    0.13697859E-03   -0.25776426E-02    0.15846530E-03    0.21714738E-04
-0.13019636E-03   -0.28837713E-04   -0.82154279E-04   -0.10703920E-04    0.50285388E-04
 0.33517921E-04   -0.17002724E-03   -0.51980646E-04    0.51463839E-05   -0.27617914E-04
-0.12188493E-03    0.56557067E-04   -0.20542085E-05   -0.11469773E-03    0.14342200E-03
-0.37661244E-03    0.57895929E-03   -0.87475036E-04   -0.43824311E-04    0.26899138E-03
-0.97656854E-04   -0.15060883E-03    0.25561328E-02   -0.24493002E-03    0.11354690E-02
 0.77553202E-03    0.85939966E-04   -0.10870339E-03   -0.17821455E-03    0.35457039E-04
-0.60323211E-04   -0.40209053E-04    0.27004677E-04   -0.56711720E-04    0.92357040E-05
-0.90557204E-05    0.40822991E-04   -0.64822496E-05    0.91430559E-03   -0.94794656E-03
-0.21342920E-03   -0.17043591E-03   -0.11583165E-03   -0.11702055E-03    0.81660581E-05
-0.30453514E-03    0.41311582E-04   -0.15379963E-03    0.30097363E-04   -0.10884003E-05
-0.36035315E-03    0.14733531E-03   -0.11481630E-02   -0.32543327E-04   -0.12613753E-03
-0.11117804E-04   -0.78785786E-05   -0.13054430E-03   -0.62105822E-04    0.14838651E-03
-0.18800711E-02   -0.56323386E-03    0.48640451E-03   -0.47260321E-05   -0.17597830E-04
 0.30951908E-04   -0.16399490E-04    0.11721542E-03    0.78533828E-04   -0.37491135E-04
 0.14286442E-03   -0.12219637E-03    0.14201462E-03    0.24769798E-05   -0.49104556E-05
 0.17468759E-03   -0.22983272E-04    0.59332907E-03    0.30567528E-04    0.70464838E-04
 0.66143719E-04    0.10157451E-03    0.10017190E-03    0.12994548E-03   -0.62578528E-04
 0.19616569E-02   -0.43524311E-03    0.88830685E-06    0.62720907E-03    0.38848620E-04
-0.29061361E-04   -0.28445058E-03   -0.90221617E-04   -0.59785984E-04    0.93690131E-05
 0.52645143E-05   -0.17426567E-04    0.75779882E-04    0.52761533E-04    0.34384861E-04
-0.35855867E-05    0.32026659E-03   -0.41054817E-03   -0.92668674E-04    0.51180343E-04
 0.97403991E-04    0.25336762E-05    0.10235330E-03    0.13788348E-05    0.12305723E-04
 0.14584988E-03    0.39582145E-04    0.92949176E-05   -0.14530993E-04   -0.24331437E-04
 0.52295700E-05   -0.48404557E-04   -0.16344852E-04   -0.69522760E-04    0.28035534E-04
 0.25932914E-04    0.21276497E-04    0.12080268E-04   -0.55839350E-03   -0.17482346E-02
-0.16108125E-03    0.42994417E-04   -0.69557034E-04   -0.73471245E-04    0.45774648E-05
-0.12001051E-03    0.13301094E-04   -0.59943310E-04    0.29075202E-04   -0.30474794E-04
-0.14485621E-03   -0.39713282E-04   -0.10118914E-04    0.29636965E-05    0.59993350E-05
 0.66040768E-04    0.98063678E-04    0.18306620E-04    0.69294207E-04    0.22454317E-04
 0.44642003E-04    0.72875053E-04   -0.41360813E-04    0.60297004E-03    0.19095952E-02
 0.19063580E-03   -0.35115634E-04    0.41116962E-05   -0.51863076E-04    0.17842346E-04
 0.22014006E-04   -0.10169951E-04    0.19095978E-04    0.18691668E-04   -0.70241750E-05
 0.49160271E-05    0.21656278E-04    0.92819490E-04   -0.16302985E-06   -0.74882484E-05
 0.12350117E-04   -0.33081738E-03   -0.21967448E-04    0.47183445E-04   -0.97743279E-04
 0.10510385E-03   -0.17520360E-03    0.56441470E-03   -0.10643392E-03    0.36758050E-04
-0.74197741E-04    0.77686493E-05    0.19438010E-03   -0.60682004E-04    0.28923506E-03
-0.23081364E-04    0.10987420E-03   -0.38908377E-04    0.39390893E-04   -0.51832411E-05
 0.17007133E-03   -0.14797463E-03    0.46767170E-03   -0.12453855E-03   -0.29099565E-02
-0.54340007E-03    0.12890764E-03   -0.16951859E-04    0.74806114E-05    0.84260019E-04
-0.37956880E-04    0.21291352E-03   -0.46147621E-03    0.12471140E-03   -0.56800757E-04
 0.10655514E-03    0.48818807E-05   -0.51230997E-04    0.12233669E-03   -0.18896825E-03
-0.46967755E-04   -0.84082106E-04    0.22137781E-04   -0.58478976E-04    0.14602392E-04
-0.12178480E-03    0.32362263E-04   -0.45135594E-03    0.13885897E-03    0.34155801E-02
 0.15253098E-03    0.12519566E-02   -0.18645736E-04    0.84748591E-04   -0.78965544E-04
 0.12969045E-03    0.13266773E-03   -0.15407698E-04   -0.25356499E-04    0.44411687E-05
-0.39134993E-04   -0.45539314E-04    0.55456985E-04   -0.27354492E-05    0.12202541E-03
 0.56055956E-03   -0.66402935E-03   -0.22771476E-03    0.14153487E-03   -0.11668347E-03
-0.22838841E-04   -0.26738634E-03    0.12531616E-03    0.50125915E-04    0.13448442E-04
-0.93272129E-04    0.13848607E-04   -0.16939185E-04    0.32902422E-03   -0.16973349E-03
 0.13537772E-04   -0.13949693E-04   -0.27342556E-04    0.10355544E-03    0.57436519E-04
 0.85038070E-04   -0.55100926E-04    0.35838884E-04    0.73702782E-04   -0.45543315E-03
-0.16559485E-02    0.13055942E-03    0.12654149E-03   -0.33528887E-04    0.83529201E-04
 0.27516330E-04    0.13434093E-03   -0.52931017E-04   -0.71636420E-05   -0.26249457E-04
 0.68296179E-04   -0.63586169E-05   -0.40808304E-04   -0.27126761E-03   -0.50373667E-04
-0.63984839E-04   -0.56176930E-05    0.57635995E-04   -0.13364133E-03   -0.43468875E-04
 0.32549011E-05    0.76705243E-04   -0.45077093E-04   -0.43432506E-04    0.53813952E-03
 0.18021516E-02   -0.86693189E-03   -0.86484936E-03    0.10619863E-02    0.89627127E-04
 0.37210773E-04   -0.55841454E-03   -0.12974851E-03   -0.13623801E-04   -0.89259091E-05
-0.29984861E-04    0.35002092E-05    0.10699587E-03   -0.96030645E-05    0.58517084E-04
 0.68217211E-04    0.17113628E-02   -0.23148091E-02   -0.48459164E-03    0.50854929E-03
 0.35889737E-04    0.16109675E-03   -0.24317615E-05   -0.95807626E-03   -0.16231016E-03
 0.29945013E-03    0.10102648E-03    0.59277679E-05   -0.16629342E-03   -0.12772061E-03
 0.11391389E-02   -0.29834191E-03   -0.79468971E-04   -0.27506321E-03    0.53887203E-03
 0.20530426E-03    0.74889999E-04   -0.68314741E-04   -0.11236376E-04   -0.11690487E-03
 0.42238631E-04    0.20983949E-03   -0.26627099E-02   -0.63626439E-04    0.61000627E-05
-0.78262486E-04   -0.17768770E-03    0.86266260E-04    0.89519057E-03    0.16690347E-03
-0.26380741E-03   -0.17615365E-04   -0.10607927E-04    0.16683076E-03    0.86668954E-04
-0.79970655E-03    0.13451980E-03    0.53311730E-04    0.45461741E-03   -0.39624599E-03
-0.16093235E-03   -0.81851221E-04    0.10269137E-03   -0.49530973E-04    0.57771426E-05
-0.95938856E-04   -0.47048352E-04    0.30071879E-02   -0.97250552E-04   -0.11648876E-03
 0.72494790E-04    0.94495811E-05    0.59532754E-05   -0.31068730E-04   -0.10202706E-04
 0.39635933E-05   -0.16057321E-04    0.25250671E-06    0.13944140E-05    0.88928267E-05
-0.32464681E-04    0.85843550E-05    0.59973424E-05    0.32320923E-04   -0.73196861E-04
 0.15624721E-04    0.76280450E-05    0.33254885E-04   -0.33149836E-04    0.23314402E-04
-0.32510063E-04   -0.46031273E-04    0.33119550E-04    0.14580830E-04    0.59251193E-06
 0.38249216E-04    0.71236251E-05    0.25046205E-03    0.17158989E-03   -0.18288311E-05
-0.87654042E-06    0.90984783E-05    0.77727843E-04   -0.30873563E-04   -0.13125874E-04
-0.12907594E-04   -0.55505870E-04   -0.19309572E-04    0.76492727E-04   -0.15132997E-04
-0.28488490E-03    0.34537251E-05   -0.15423739E-04    0.19951168E-04   -0.54308147E-05
 0.26826947E-04    0.43355605E-04   -0.31028561E-04   -0.96820349E-06   -0.44397464E-05
-0.30539402E-04    0.40264352E-04   -0.16773428E-03   -0.14603339E-03    0.27443222E-05
 0.95426879E-05   -0.59744099E-05   -0.71687736E-04    0.16421503E-04    0.20875902E-04
 0.12325021E-04    0.40401048E-04   -0.46007447E-05   -0.70755522E-04    0.43153666E-04
 0.28850039E-03   -0.39298328E-04    0.14748391E-03    0.36836282E-04    0.14881826E-04
-0.14740127E-04   -0.93799214E-05    0.55002864E-06   -0.25311523E-05    0.37635416E-05
 0.45426841E-05   -0.38037772E-05   -0.23655275E-06   -0.12852626E-05    0.19848470E-07
-0.94152738E-07    0.37537020E-04   -0.27075803E-04   -0.54933610E-05   -0.50657826E-04
-0.91872169E-05   -0.13537506E-04   -0.14500124E-04   -0.19678320E-05    0.10921798E-05
 0.12684083E-04   -0.46619114E-05    0.39858632E-06   -0.73519716E-05    0.36220760E-04
-0.58567547E-04   -0.11682494E-04   -0.50944691E-05    0.15657187E-04    0.49994879E-04
 0.21041896E-05    0.48690727E-05    0.48700799E-04   -0.77720066E-05    0.53104950E-05
 0.14069600E-04   -0.23749555E-04   -0.53270630E-05    0.48512234E-05   -0.22358886E-04
 0.89644649E-05    0.13760011E-04    0.69977306E-05   -0.62902625E-05   -0.25154676E-05
-0.79790514E-06    0.60353391E-06    0.71605005E-06    0.28607936E-05   -0.24314582E-04
 0.27550605E-04    0.10645834E-04    0.89199745E-06   -0.17187002E-04   -0.59629146E-04
 0.59361340E-05    0.25950975E-05   -0.38878067E-04    0.36185393E-05   -0.52568387E-05
-0.13968912E-04    0.91797176E-05   -0.27880342E-06   -0.15586053E-05    0.22430363E-04
-0.41675999E-02    0.73646245E-02    0.47382549E-02    0.11820676E-02   -0.89232135E-03
-0.22277639E-02   -0.10713166E-03   -0.14108850E-03   -0.94566392E-04    0.37513468E-03
 0.17209774E-03   -0.84768981E-04   -0.85812487E-04   -0.33552372E-03   -0.32933254E-03
 0.31072036E-02   -0.20303298E-02    0.27633413E-02   -0.21738383E-01   -0.11221651E-03
-0.75757724E-04   -0.95793574E-03   -0.14061767E-02   -0.78702445E-04    0.39530222E-03
-0.20786200E-03    0.72666227E-04   -0.83021497E-03    0.14167290E-02   -0.34534210E-02
-0.58732118E-04   -0.96632688E-03   -0.93605668E-04   -0.13229216E-03    0.81696995E-04
-0.79381756E-04    0.17353009E-02   -0.95557736E-03   -0.93994357E-03    0.33671035E-03
-0.96715970E-03   -0.47745699E-03    0.14091536E-03   -0.17547221E-03    0.35389577E-03
-0.90385710E-05    0.78212388E-03    0.61002984E-03   -0.97386442E-06    0.65041351E-04
 0.43505046E-04   -0.20406185E-04    0.37764564E-03   -0.13043133E-02    0.24982354E-02
 0.34722236E-03    0.55463213E-03    0.88087793E-04    0.11068384E-03   -0.15720636E-03
 0.18526531E-03   -0.68983000E-03    0.89645701E-03    0.32125728E-03   -0.17761873E-03
 0.71328041E-03   -0.34891621E-04   -0.45557494E-04    0.81195400E-04    0.30304016E-01
-0.47355394E-03    0.13708950E-02    0.99348008E-03    0.22825435E-03   -0.25247772E-03
-0.55794994E-03   -0.12017541E-03   -0.22434146E-04   -0.53923709E-04    0.13173192E-03
-0.54089097E-04    0.16772588E-03   -0.25406720E-03    0.92466931E-04   -0.20700413E-03
 0.44348598E-03   -0.37576830E-03    0.46336023E-03   -0.37556060E-02    0.64065615E-04
-0.95000575E-05   -0.23687892E-03   -0.23219795E-03   -0.42689425E-04    0.93805450E-05
 0.79078749E-05   -0.45523067E-05    0.19567337E-04    0.34048174E-03   -0.54386408E-03
-0.36598643E-04   -0.19567313E-03    0.10893565E-04    0.52869901E-04    0.15185832E-04
 0.10419391E-03    0.28901029E-03   -0.11683117E-03    0.12682587E-03    0.26238927E-04
-0.14558855E-03   -0.11819373E-03   -0.16465182E-05   -0.33364922E-04    0.11087521E-03
 0.46610316E-04    0.15141624E-03    0.52372244E-04   -0.29356658E-05   -0.73361926E-04
-0.40056076E-05    0.35716601E-06    0.67315219E-05   -0.22697488E-03    0.37971136E-03
 0.12073456E-04    0.11547907E-03    0.63308533E-06   -0.12051087E-04   -0.16885674E-04
 0.30116873E-04   -0.10556303E-03    0.15689599E-03    0.36559082E-04    0.41531408E-04
 0.14520277E-03    0.14865614E-04   -0.17685261E-05    0.14733110E-04    0.39991062E-02
 0.22402538E-02   -0.50037071E-03    0.10965132E-02    0.88050176E-03    0.13678829E-03
-0.13380135E-03   -0.37666047E-03    0.39413744E-04   -0.96127211E-05   -0.50125207E-04
 0.66302949E-04    0.18111425E-04    0.21292052E-04    0.18370555E-04   -0.98981500E-04
-0.48643793E-05    0.45121172E-03   -0.32655617E-03    0.20059096E-03   -0.26097639E-02
-0.78457342E-04   -0.34390609E-03   -0.72926115E-04   -0.26066480E-03   -0.27848663E-04
 0.97863899E-04   -0.21367853E-04    0.68775910E-05   -0.15254650E-03    0.12645720E-03
-0.59623825E-03   -0.18776799E-04   -0.13474764E-03    0.52165389E-04    0.63844302E-04
 0.19701387E-04    0.26625026E-04    0.35090282E-03   -0.17521403E-03   -0.13443146E-03
 0.31923303E-04   -0.17586670E-03   -0.84668161E-04   -0.12724245E-04   -0.34055083E-04
 0.95774725E-04    0.24621272E-03    0.54363904E-04    0.14077040E-03    0.13104637E-06
 0.42738549E-05   -0.39601411E-05    0.16825973E-05    0.63758699E-04   -0.20998424E-03
 0.32566611E-03    0.41134888E-04    0.62938711E-04   -0.16252510E-04   -0.50549216E-04
-0.12777567E-04    0.42870414E-04   -0.15792941E-03    0.18105802E-03    0.57175573E-04
 0.20821816E-04    0.16012186E-03   -0.21313923E-05    0.14158542E-05    0.17631699E-04
 0.41614491E-02    0.54439180E-03    0.14580820E-02    0.41756945E-03   -0.11749300E-03
-0.75142883E-03   -0.69857482E-04    0.34726532E-04    0.34708283E-03    0.14920954E-04
 0.13194629E-04   -0.61806408E-05   -0.58897321E-04   -0.29021640E-04   -0.49034753E-05
 0.11468298E-04   -0.22040689E-04    0.42736644E-04    0.44059256E-04   -0.57553259E-04
-0.67773554E-03    0.21857115E-02   -0.19739115E-03    0.12780597E-03   -0.60324231E-03
 0.18487584E-03    0.61489644E-04   -0.96115700E-04   -0.46494415E-04    0.72699444E-05
 0.16221331E-04   -0.50254152E-04   -0.29423321E-04    0.70840414E-05    0.68079201E-04
-0.28724505E-04   -0.50550042E-04   -0.30947632E-04    0.25607619E-04   -0.88119938E-04
 0.12293374E-03    0.14107767E-03   -0.13268694E-05   -0.28273793E-04    0.11694289E-05
 0.39446424E-04   -0.78116619E-07    0.14762348E-03   -0.71301644E-04    0.42449353E-03
-0.77351042E-04   -0.43775065E-04    0.27993848E-04    0.38867418E-04   -0.11064604E-05
-0.53013773E-04    0.90566288E-04    0.25009452E-05   -0.44754973E-04   -0.45879540E-04
 0.81997520E-06    0.48986073E-04   -0.13254751E-04   -0.51990838E-04    0.24703574E-04
-0.81350148E-04   -0.54265459E-04    0.44272243E-04    0.12751936E-04    0.10789105E-04
-0.15137249E-04   -0.21852873E-05   -0.20181513E-02   -0.25130586E-03   -0.39251018E-03
 0.16038456E-02   -0.46229897E-03    0.40390883E-04    0.13143862E-03    0.51708561E-04
-0.19275266E-04   -0.12335409E-03   -0.87438983E-05   -0.19052048E-04    0.19031189E-04
 0.19092385E-04    0.11464985E-04   -0.12132113E-04   -0.28260542E-05   -0.33083546E-04
-0.82038765E-04    0.90007366E-03   -0.62159206E-03   -0.13127761E-02    0.14079937E-02
-0.11850604E-03   -0.64841774E-04    0.39093317E-04   -0.87462260E-03    0.87362700E-05
 0.57348046E-05   -0.27600572E-04    0.45478960E-05   -0.24422589E-03    0.10561964E-03
 0.62494031E-04    0.74758484E-04   -0.68344005E-04    0.25220238E-04    0.14962493E-03
-0.98359042E-04   -0.74592602E-04    0.31031131E-04   -0.19353020E-03   -0.74695552E-04
 0.21767056E-03    0.38598414E-04   -0.48429378E-03   -0.35037389E-04    0.28433670E-06
 0.96295978E-04    0.66035991E-04    0.40438887E-05    0.61692681E-03   -0.11655777E-04
-0.51384730E-04    0.49506585E-05    0.39869364E-05    0.16214285E-03   -0.72288762E-04
-0.16303750E-03   -0.36671603E-04    0.47155045E-04   -0.15934643E-04   -0.92603446E-04
 0.65241190E-04    0.55229320E-04   -0.25769282E-04    0.89044896E-04    0.33780362E-04
-0.14953060E-03    0.38244162E-04    0.35133679E-03    0.80870164E-05    0.76280585E-06
 0.11498270E-02    0.11244060E-03    0.22117670E-03   -0.47188543E-04    0.15983715E-02
-0.55772364E-03   -0.59002476E-04    0.18103911E-04    0.55806094E-04    0.17978069E-04
-0.10327694E-03   -0.84237872E-04   -0.60664509E-05    0.13144389E-04    0.57101574E-05
 0.10981814E-04   -0.52924925E-04   -0.40608770E-04    0.27540542E-05    0.78344566E-05
 0.24779134E-03   -0.89383889E-04   -0.85302317E-04   -0.47914905E-03   -0.17528751E-03
 0.10333637E-04    0.39710007E-05   -0.39439975E-04   -0.65970350E-03   -0.26882456E-03
 0.23362778E-04    0.10129534E-04    0.39256183E-04    0.12854516E-04    0.23068873E-03
-0.16345789E-04   -0.26032857E-04   -0.41329899E-04    0.10153439E-03   -0.42749250E-04
-0.11165486E-03    0.10179906E-03   -0.16164159E-03   -0.12685290E-03   -0.56275415E-04
-0.21559503E-04   -0.43994508E-05   -0.60241816E-04    0.36524458E-05    0.15335172E-03
 0.14000319E-04    0.63661471E-05   -0.11845425E-07    0.53353069E-03    0.23347045E-03
-0.15889458E-04   -0.10070947E-04   -0.94737578E-04    0.18660797E-04   -0.22955166E-03
 0.12256213E-03   -0.46326112E-05    0.35141712E-04   -0.99275139E-04    0.29658463E-04
 0.69201694E-04   -0.72504510E-04    0.92438542E-04    0.84006151E-04    0.72097906E-04
 0.76904821E-05    0.38754961E-04    0.34185355E-04   -0.28278202E-05    0.11845743E-02
 0.13055919E-03    0.12507676E-03   -0.10103405E-03    0.13437374E-03    0.15609875E-02
 0.53567322E-04    0.57389888E-03    0.75984342E-04    0.25103785E-04   -0.26047354E-04
 0.17391659E-04    0.61257793E-04    0.90699534E-05   -0.45312831E-05    0.82304534E-05
 0.72096251E-05   -0.62101522E-04    0.44110921E-04   -0.92722380E-04   -0.24995539E-04
 0.18105940E-03   -0.10280641E-03    0.61454727E-04   -0.81481631E-03   -0.27624895E-03
 0.27005395E-04   -0.14994217E-03   -0.71216230E-04   -0.29444176E-03   -0.87831782E-03
 0.37352530E-04    0.95812784E-05   -0.96905176E-04    0.13680354E-03    0.87731516E-04
-0.18057963E-03   -0.27177803E-04   -0.29611188E-04    0.11724109E-03   -0.20995119E-04
-0.80114296E-04    0.84917099E-04   -0.24738358E-03    0.57178413E-05    0.10324100E-03
-0.18202013E-03    0.11329680E-03    0.26827462E-04   -0.56141205E-05    0.18766813E-03
-0.11624387E-04    0.10333368E-03   -0.18666460E-04    0.22189389E-03    0.67483719E-03
-0.29264342E-04   -0.54299324E-05    0.26024110E-04   -0.55129628E-04   -0.26910516E-03
 0.16378212E-03    0.40411344E-05    0.27571935E-04   -0.99555959E-04    0.45954958E-04
 0.10196814E-03   -0.84736232E-04    0.23846345E-03    0.19795203E-04   -0.36579602E-05
 0.99390962E-04   -0.13607103E-03   -0.15592290E-05   -0.14936484E-05    0.19320212E-02
 0.19650855E-03    0.20852406E-03   -0.24214779E-04    0.11929966E-03    0.78364927E-03
 0.22186129E-02   -0.44557061E-04   -0.20551084E-04   -0.17124394E-03   -0.12355188E-04
-0.58748865E-05    0.56773627E-04   -0.32921487E-04    0.35024306E-05   -0.19761627E-05
 0.82578205E-05   -0.30537781E-04   -0.20262363E-04    0.76291002E-06    0.28717891E-04
 0.56104153E-04    0.44929461E-03   -0.27812857E-03   -0.10265459E-02    0.16196295E-02
 0.47288424E-04   -0.39002568E-06   -0.42255702E-04   -0.19559986E-05    0.46371680E-04
 0.39304391E-04   -0.17022165E-03    0.22786228E-04   -0.10334115E-03   -0.78118655E-04
 0.31264728E-04    0.89275956E-04    0.65937225E-05   -0.14667762E-04   -0.51585061E-04
 0.98655459E-05    0.70811025E-05   -0.36091930E-04    0.19984664E-04   -0.80147557E-05
-0.17117641E-04   -0.59762089E-04    0.60059696E-05   -0.92876185E-05    0.15287987E-05
-0.21948015E-04    0.37331656E-05    0.25344520E-04    0.16512473E-06   -0.18494140E-04
-0.34277926E-04    0.10836662E-03   -0.14223177E-04    0.44143001E-04    0.89229987E-04
-0.82936536E-04   -0.46946674E-04   -0.71346342E-06    0.19417978E-05    0.18420881E-04
 0.85050689E-05   -0.13345693E-04    0.18197856E-04   -0.33635282E-04   -0.29251879E-04
 0.22481602E-04    0.25519717E-04    0.16050409E-04   -0.63289173E-05    0.48669099E-06
-0.37508401E-03   -0.84110056E-04   -0.53788249E-04    0.10558210E-03    0.39965603E-04
-0.12509782E-03   -0.13846222E-03    0.39302545E-03    0.10322856E-04   -0.18453031E-04
-0.15807781E-04   -0.58816503E-05    0.63206611E-05    0.68595448E-06    0.31254449E-05
 0.34121079E-06    0.21056017E-05   -0.39944554E-05    0.90373243E-05    0.51658462E-05
 0.26739425E-05   -0.74483399E-05   -0.52899430E-06   -0.33832870E-04    0.87584391E-05
 0.43178185E-04   -0.38359908E-04   -0.41225253E-04   -0.25119116E-05    0.10432906E-04
 0.14361021E-05    0.69688301E-05    0.34654751E-05    0.22373213E-04   -0.81092765E-05
 0.15141021E-04   -0.39428127E-05    0.18049424E-04    0.21090700E-04    0.31116201E-05
 0.12141394E-05    0.42826053E-05   -0.15274647E-05   -0.17595062E-05   -0.13395326E-06
 0.21274675E-05    0.26070796E-05   -0.60638897E-05    0.34133971E-05    0.61032461E-05
 0.31341847E-05   -0.56303176E-06    0.31511478E-04    0.15114863E-05   -0.24912552E-05
 0.50520296E-05   -0.85194355E-05   -0.33478860E-05   -0.13756916E-04    0.60480842E-05
 0.14448042E-05   -0.25457082E-05   -0.23775202E-05   -0.23152066E-04   -0.21709475E-05
 0.24011998E-07   -0.22967310E-05   -0.19531127E-05    0.22398570E-05    0.42481080E-05
 0.30777344E-05    0.78979628E-06    0.36513306E-05    0.44800187E-05   -0.67810201E-05
 0.60140078E-06    0.13686217E-06   -0.23660384E-05    0.66680483E-06    0.11776880E-04
-0.58074479E-05    0.98906627E-05   -0.75647900E-05   -0.73841311E-05   -0.56912175E-04
 0.23971910E-04   -0.12012229E-02    0.21223313E-02    0.12810327E-02    0.31670100E-03
-0.26297969E-03   -0.65279920E-03    0.85713762E-05   -0.53233070E-04   -0.12865027E-04
 0.98544660E-04    0.46484006E-04    0.92037983E-05   -0.15237873E-03   -0.83470238E-04
-0.11795499E-03    0.15471841E-02   -0.96012685E-03   -0.59423395E-03   -0.41671408E-02
 0.57990087E-03   -0.33819906E-05   -0.28937536E-03   -0.61887763E-03    0.27610292E-04
 0.60656970E-04   -0.15774011E-03    0.33088857E-04   -0.11438635E-02    0.22958489E-03
-0.90873151E-03    0.19231989E-03   -0.30791612E-03    0.10269957E-04    0.21576908E-04
 0.11232693E-04   -0.35009803E-04    0.38563288E-03   -0.40981878E-03   -0.25857192E-03
 0.25558939E-03   -0.36269097E-03   -0.22525274E-03    0.17313605E-04   -0.50195913E-04
-0.33468806E-03    0.93965774E-05    0.18102655E-03    0.32461050E-03   -0.11694069E-03
 0.17434953E-04    0.55475780E-04   -0.37578926E-05    0.79938043E-03   -0.21633624E-03
 0.68325663E-03   -0.27283977E-05    0.16490920E-03   -0.69381897E-05   -0.70923921E-06
-0.89284274E-04    0.12199472E-03   -0.11343222E-03    0.36185230E-03    0.15442108E-03
-0.10536633E-03    0.25714659E-03    0.27551339E-05   -0.20281496E-04    0.20154926E-04
 0.80245436E-02    0.11073252E-02    0.11676640E-02   -0.48387835E-03    0.42708943E-03
 0.33195717E-03    0.50804962E-03    0.86711636E-04   -0.35129183E-05    0.41419437E-02
 0.57712807E-03   -0.12298619E-02   -0.64922758E-03   -0.20975918E-03    0.15259847E-03
 0.28802971E-03    0.64846658E-04    0.21922748E-04    0.53279228E-05   -0.10089185E-03
-0.87165773E-06    0.36379931E-05   -0.81269542E-05    0.92999492E-04    0.12083206E-03
-0.12145693E-03   -0.46970836E-04   -0.14543497E-02    0.37336822E-02    0.17021304E-03
-0.54105209E-04    0.10441155E-03    0.26377157E-03   -0.31210365E-04   -0.40936807E-04
-0.50910599E-04   -0.99666106E-05   -0.48434356E-04   -0.15780484E-02    0.55457347E-03
-0.69158790E-05    0.15749150E-03    0.73209192E-04   -0.63208299E-04    0.58997008E-04
-0.30476915E-07   -0.17926951E-03    0.16169281E-03    0.43200013E-04    0.18684903E-04
 0.15174871E-03    0.14112396E-04    0.23529021E-04    0.34942294E-04   -0.15967493E-03
-0.21927169E-04   -0.59588198E-04   -0.11529049E-03    0.84261744E-04    0.45858312E-04
 0.63693786E-04   -0.82809067E-06    0.87338694E-04    0.13882666E-02   -0.37313264E-03
 0.55861956E-04   -0.92257355E-04   -0.65150260E-04    0.34259500E-04   -0.11306444E-03
-0.70109198E-04    0.16492108E-03   -0.10809434E-03    0.31044050E-04   -0.40212495E-04
-0.12912311E-03    0.85484466E-04   -0.28788049E-04   -0.18688329E-04   -0.34487250E-02
-0.39045514E-03   -0.50006788E-03    0.29168450E-03   -0.22415583E-03   -0.14755848E-03
-0.27208535E-03    0.21181370E-03    0.50755225E-05   -0.37421035E-03    0.42697069E-02
-0.60355977E-04    0.25534713E-02    0.75522777E-03    0.23757866E-03   -0.17617166E-03
 0.36225381E-04    0.96253243E-04   -0.36683570E-04   -0.25415320E-04    0.45629672E-04
 0.18924641E-04   -0.25950077E-04    0.76446376E-04   -0.43363675E-04    0.61736492E-04
 0.10193352E-03    0.28325320E-04    0.11345448E-02   -0.42451914E-02   -0.13811119E-03
-0.15133424E-04   -0.36632973E-03   -0.12176211E-03    0.21626589E-03    0.54985400E-03
-0.49343894E-05    0.37048153E-04   -0.14209369E-03    0.47664238E-03   -0.12971382E-01
 0.15734744E-03   -0.27746015E-03    0.14447309E-04   -0.22343333E-03    0.42252230E-04
 0.56150495E-04    0.33071880E-03   -0.13555152E-03   -0.10323938E-03    0.22822206E-03
-0.66047692E-04    0.14109818E-03    0.18076591E-03   -0.34670837E-04    0.22105932E-03
-0.45950610E-04    0.30124463E-03   -0.89429741E-04   -0.23318758E-03   -0.34753822E-03
-0.77499916E-04   -0.61339906E-05    0.16326699E-03   -0.32247283E-03    0.21708666E-01
 0.14170015E-03    0.11588745E-03   -0.42321336E-04    0.17794780E-03    0.14653136E-03
 0.19297328E-03   -0.14208949E-03    0.11646521E-03   -0.37443097E-04   -0.14957747E-03
 0.84778392E-04   -0.21370679E-03   -0.75636207E-04    0.15862779E-04    0.40606391E-02
 0.41342547E-03    0.59221845E-03   -0.20188595E-04    0.60024287E-04    0.81488989E-04
-0.69219717E-03   -0.20450984E-03    0.20194165E-05    0.12267311E-02   -0.34595685E-03
 0.40245539E-01    0.12573763E-04    0.58443175E-03    0.93511298E-03    0.10282150E-03
-0.63108166E-04   -0.30359100E-03    0.22020038E-04   -0.41206792E-04   -0.93498320E-05
 0.16951040E-04   -0.45487049E-04    0.22271100E-04   -0.21842763E-05   -0.34670630E-04
 0.13374855E-04   -0.31084010E-03    0.37054788E-04    0.37136427E-03   -0.17798859E-02
-0.59931219E-04   -0.23508008E-04   -0.89293685E-04    0.11657243E-04   -0.71098016E-04
-0.49000858E-04    0.10165488E-03    0.23812240E-04    0.11000325E-03    0.84779758E-04
-0.34709917E-03   -0.11674954E-02   -0.30510743E-04    0.47713046E-04    0.51540614E-04
 0.22879673E-04    0.60507306E-04   -0.63192866E-04   -0.87599778E-04   -0.91199842E-04
 0.77476507E-04    0.12337006E-03   -0.28762588E-04    0.15840911E-03   -0.16771645E-04
 0.37601900E-04   -0.99911291E-05    0.60484652E-04   -0.32593854E-04    0.10282847E-03
 0.11648163E-03   -0.64466634E-04   -0.20280359E-04   -0.87205606E-04   -0.56978897E-04
 0.16435649E-03    0.74687360E-03    0.41165602E-04   -0.24484527E-04    0.29606714E-04
-0.20602454E-04   -0.38004717E-04    0.70300140E-04    0.84134918E-04    0.91262713E-04
-0.60811650E-04   -0.58228526E-04   -0.92656764E-05   -0.74604341E-04    0.75510869E-05
 0.15962832E-02    0.24453934E-03    0.10426006E-03   -0.24094741E-04   -0.14320999E-03
 0.20821771E-03    0.31922900E-03   -0.14417490E-03   -0.49575441E-04    0.24436700E-03
-0.15903392E-03    0.22322577E-03    0.31994787E-02   -0.97853216E-04    0.10895880E-03
 0.84853340E-04    0.29127890E-04   -0.14676377E-05    0.98543207E-06    0.20987696E-04
-0.62147726E-06   -0.37869772E-05   -0.13007751E-04    0.29819610E-04   -0.23890030E-05
 0.27269554E-05    0.20490790E-04    0.31789370E-04    0.22772877E-03   -0.13140176E-03
-0.52349306E-03    0.73859085E-03   -0.22980596E-04    0.21133768E-04   -0.15947999E-05
-0.35604332E-04    0.89259087E-05    0.22466273E-04   -0.11710258E-04    0.55332641E-05
-0.47233232E-04    0.48113394E-04   -0.58006533E-04    0.36227601E-04   -0.11746862E-03
 0.12001136E-04   -0.65880553E-05    0.49848720E-05   -0.15608903E-04    0.36346188E-04
-0.50125803E-04   -0.26426407E-04    0.45668136E-04    0.19613957E-04   -0.14422140E-04
-0.78507664E-05    0.14926125E-05    0.16786793E-04   -0.22560885E-04   -0.44176144E-05
 0.22777424E-04   -0.28006577E-04   -0.25082055E-04    0.80424294E-05   -0.28572024E-05
 0.21210041E-04   -0.41591428E-04    0.12379922E-03    0.10602055E-04    0.73895152E-04
-0.12715519E-04   -0.18814153E-05   -0.14008035E-04    0.23620777E-04   -0.10840016E-04
 0.42542471E-04    0.19029140E-04   -0.51408172E-04   -0.57005774E-05   -0.38902449E-05
-0.27701633E-05   -0.17689518E-05    0.20357217E-03    0.30877097E-04    0.16063669E-04
-0.32399848E-04    0.27890865E-04    0.30511304E-05    0.23214408E-05   -0.17339673E-06
-0.15537489E-05    0.63757340E-04    0.80368747E-05    0.12383905E-03   -0.13303412E-04
 0.26744680E-03    0.59133839E-04   -0.26058230E-03   -0.22702724E-03   -0.28307618E-04
 0.35409559E-04    0.85312698E-04    0.30462973E-05    0.12426301E-04   -0.65805797E-05
-0.13864867E-04   -0.15491247E-04    0.59298437E-06    0.24130085E-05    0.40886336E-04
-0.64234480E-06   -0.75433821E-05    0.81018636E-04   -0.32622897E-03    0.11467028E-02
 0.13655087E-04    0.55181544E-04    0.39056781E-04    0.68955157E-04   -0.25546948E-04
-0.33010247E-04   -0.97820247E-05   -0.19954116E-05    0.57149338E-04    0.86897826E-05
 0.18996360E-03    0.73077252E-04    0.47917867E-04   -0.92113683E-04   -0.52102999E-04
-0.34249608E-06    0.24233472E-04   -0.32057836E-04    0.31051732E-04    0.14678186E-04
-0.51624891E-04    0.29372305E-04   -0.67969371E-04   -0.80524024E-05    0.13491782E-04
-0.75404204E-05   -0.43775337E-04   -0.32485367E-04   -0.35402450E-04    0.27181248E-04
 0.14990573E-04    0.43373160E-05   -0.96352790E-06   -0.39341483E-04    0.21837512E-05
-0.18946078E-03   -0.27647089E-04   -0.34219416E-04    0.55558806E-04    0.20384561E-04
 0.13213909E-05   -0.35843443E-04    0.23001786E-05   -0.56518155E-04   -0.28483180E-04
 0.36336517E-05   -0.27472267E-04    0.66825003E-04   -0.51698365E-06   -0.64824073E-05
-0.12157812E-02   -0.17011803E-03   -0.27511753E-03    0.61703095E-05   -0.97774012E-04
-0.43340149E-05   -0.39565370E-04    0.33548637E-04   -0.32098168E-05   -0.38447262E-03
 0.10394925E-03   -0.33725991E-03   -0.12600284E-03   -0.41370829E-04    0.26969001E-03
 0.55306206E-04   -0.68446020E-04   -0.40768936E-03   -0.46818187E-04    0.53334545E-06
 0.10857610E-03    0.24420529E-04    0.15791520E-04   -0.24222386E-04    0.39141305E-05
-0.19874758E-04    0.41215560E-04   -0.27448819E-04    0.77431866E-04   -0.84976177E-04
 0.86445128E-04   -0.48079306E-04   -0.64527710E-03    0.97046260E-03    0.25918096E-03
 0.68360994E-04   -0.98861836E-05    0.15929801E-03    0.10921058E-03    0.10013123E-03
-0.51829529E-04    0.17475641E-05    0.67721965E-04   -0.12767828E-03   -0.77463877E-04
 0.94194780E-04    0.26962024E-04   -0.52015876E-04   -0.63295605E-03   -0.81815631E-04
 0.64212578E-04   -0.99603083E-04    0.88773209E-04    0.77684329E-04   -0.22449332E-04
 0.99847135E-04    0.21587812E-03    0.43619579E-04    0.26111840E-04   -0.19642577E-03
-0.62541768E-04    0.25735478E-04   -0.98937490E-04   -0.96434565E-04   -0.10612606E-03
 0.15227655E-04   -0.61188071E-06   -0.36141168E-04    0.89969607E-04    0.11394619E-03
 0.14413775E-04   -0.16748790E-04    0.26723568E-04    0.48366650E-03    0.50160155E-04
-0.40647323E-04    0.12145435E-03   -0.39830490E-04   -0.27438834E-04    0.21016748E-04
-0.82954121E-04   -0.15276969E-03   -0.30021389E-04   -0.21537129E-04   -0.55137967E-03
-0.78957043E-04   -0.15945759E-03    0.16444543E-04   -0.10095360E-03   -0.25047957E-03
-0.31288076E-03    0.38665201E-04   -0.98618860E-05   -0.84902954E-04    0.26448308E-03
-0.19806312E-03   -0.53268786E-04    0.22271613E-04    0.10278904E-03    0.14082368E-02
 0.58862689E-04    0.74752374E-04   -0.15283360E-03   -0.22434392E-04    0.36132167E-04
 0.33681576E-04    0.75335701E-04    0.28728069E-04   -0.17159463E-04   -0.13079301E-04
 0.55317561E-04   -0.14899848E-04    0.13132390E-04   -0.20934299E-04    0.70591148E-04
 0.39241599E-03   -0.32645950E-03   -0.10715114E-02    0.13483081E-02   -0.18087794E-03
-0.37006164E-05   -0.42408984E-04   -0.73992790E-04   -0.38391545E-04   -0.76428399E-05
 0.62812315E-05   -0.21414673E-05   -0.38824814E-04    0.93287753E-04    0.89092746E-05
 0.34547165E-04   -0.16054147E-04    0.19535267E-04   -0.43074406E-04   -0.63408143E-03
-0.37651973E-03    0.56434324E-04   -0.10163925E-03   -0.63578157E-04    0.31226798E-04
-0.48136559E-04    0.99795660E-04    0.81437152E-04    0.16207332E-06    0.19574428E-03
 0.60199621E-05    0.35817382E-05    0.64784787E-04    0.43052986E-04    0.73979758E-04
 0.14067371E-04   -0.19678678E-05   -0.18075442E-04   -0.14124353E-03    0.21993565E-03
 0.11028575E-04   -0.12846079E-04   -0.10431245E-04    0.44554245E-04    0.46506630E-03
 0.30502240E-03    0.21887878E-04    0.10986168E-03    0.22930830E-04   -0.63031404E-05
-0.11195634E-04   -0.12991376E-03   -0.17887816E-04    0.11374504E-05    0.27733289E-03
-0.74285382E-04    0.71944457E-04   -0.50377930E-04    0.96020995E-04   -0.32991684E-04
-0.34193497E-04    0.52494062E-04   -0.10090401E-04    0.20972103E-03    0.56597478E-04
 0.13301653E-03   -0.94147525E-05    0.16963941E-04   -0.20580886E-05    0.49798589E-04
 0.18678313E-02    0.70062806E-03   -0.12879274E-02   -0.10758239E-02   -0.22556806E-03
 0.16530509E-03    0.45003295E-03    0.42074151E-04    0.23231928E-04    0.31427027E-04
-0.62174009E-04   -0.24552409E-04    0.39151855E-04   -0.20934164E-04    0.67619648E-04
 0.39616188E-04   -0.26908103E-03    0.57592962E-04   -0.12202111E-02    0.47222892E-02
 0.20302034E-03    0.86601131E-05    0.17963412E-03    0.18929364E-03   -0.35055839E-04
-0.17245713E-03    0.43235962E-04   -0.15029059E-04    0.16192839E-03   -0.19062323E-03
 0.51631080E-03    0.89227104E-04    0.16667998E-03    0.37659561E-04    0.98567557E-04
-0.40322848E-03   -0.63099504E-03   -0.19043065E-03    0.13488589E-03    0.23956618E-03
 0.23604994E-04    0.13160671E-03    0.12864324E-03   -0.71413463E-05    0.31798913E-04
-0.18327767E-03    0.13742680E-04   -0.17028911E-03   -0.44245561E-04    0.59702798E-04
 0.11137776E-03   -0.16765902E-04    0.67055833E-05    0.13120318E-04    0.14154588E-03
-0.27961350E-03   -0.93511830E-04   -0.98060471E-04   -0.33399724E-04   -0.53272381E-04
 0.31415246E-03    0.47219903E-03    0.10430639E-03   -0.88953079E-04   -0.11346491E-03
-0.99019851E-05   -0.10832198E-03   -0.56572497E-04    0.51553226E-05   -0.13371081E-04
-0.53432344E-02   -0.68838677E-03   -0.73742614E-03    0.21631971E-03   -0.21212232E-03
-0.28063827E-03   -0.36156545E-03    0.72232485E-04   -0.28980640E-05   -0.12581047E-02
 0.65983239E-03   -0.50429395E-03   -0.30964418E-03   -0.59171311E-04    0.18293351E-03
 0.11759174E-03    0.79977347E-03    0.22821070E-02    0.51018490E-03   -0.91869096E-03
-0.42040308E-03   -0.12731696E-03    0.75444446E-04    0.17462633E-03   -0.44848950E-04
 0.15313160E-04    0.31614633E-04   -0.21196669E-04   -0.22117520E-04   -0.16902840E-05
-0.60775862E-04    0.60970280E-04    0.32739859E-04    0.46227145E-03   -0.42855625E-03
-0.24013773E-02    0.49822858E-02    0.20095927E-03    0.10509620E-03    0.13482799E-03
 0.82800714E-04   -0.88160083E-05   -0.40372071E-04   -0.16571134E-05   -0.55230379E-05
 0.14003471E-04   -0.13692856E-03    0.45269567E-03   -0.17848001E-03    0.11328641E-03
 0.36780909E-04   -0.45913195E-04    0.23941838E-04    0.81510969E-04   -0.11202590E-02
 0.10239588E-03    0.41158891E-04   -0.33973619E-04   -0.15294513E-05    0.33517338E-04
-0.32080867E-04    0.32129992E-04   -0.19058227E-03   -0.59937724E-04   -0.84812653E-04
-0.56842445E-04   -0.28446853E-04   -0.53253561E-04    0.51582066E-05    0.49308720E-05
 0.27313609E-04    0.20685984E-03   -0.28757383E-03    0.99049384E-04   -0.54415595E-04
-0.36803440E-04    0.79174730E-04    0.58928656E-04   -0.29721885E-04    0.78169997E-03
-0.11262275E-03    0.15285125E-04    0.39471977E-04   -0.31355034E-04   -0.28460059E-04
 0.41554176E-05   -0.18281386E-04   -0.26024270E-02   -0.20866891E-03   -0.58940122E-03
 0.12305043E-03   -0.79585184E-04   -0.18669975E-03   -0.17990759E-03    0.11211147E-03
-0.93852126E-05   -0.49162318E-03    0.36282881E-03   -0.57367967E-03    0.25626857E-03
-0.63029746E-05    0.90217656E-04    0.34731238E-03    0.49141149E-04    0.49672439E-03
 0.25303728E-02    0.65973693E-03   -0.10960799E-02   -0.67995274E-03   -0.18556045E-03
 0.12993927E-03    0.33495531E-03    0.40448585E-04    0.21078715E-04   -0.79869651E-04
-0.76156954E-04   -0.41423653E-04    0.29027643E-04    0.90537433E-05    0.10313190E-03
 0.50722104E-04   -0.19140769E-03    0.97988772E-04   -0.76554933E-03    0.45337452E-02
 0.17982332E-03   -0.19424846E-04    0.24802616E-03    0.12253625E-03   -0.91325951E-04
-0.25569151E-03    0.74378790E-04   -0.14832682E-04    0.56628022E-05   -0.19955529E-03
 0.50982317E-03   -0.55173675E-04    0.12118255E-03    0.35713506E-04    0.96929734E-04
-0.11419619E-03   -0.27744084E-04   -0.31009878E-03   -0.57103855E-03   -0.87115621E-06
 0.87260682E-04    0.14104350E-03    0.40187930E-04   -0.87355863E-05    0.29484146E-04
-0.18941595E-03    0.25076014E-04   -0.18599756E-03   -0.58218734E-04    0.72344436E-04
 0.17365741E-03   -0.38276503E-04    0.64033348E-05    0.51167193E-04    0.21869316E-03
-0.53701304E-03   -0.27464576E-04   -0.68154329E-04   -0.32563962E-04   -0.31192634E-04
 0.12012719E-03    0.46461151E-04    0.97102144E-04    0.39062809E-03    0.11180868E-03
-0.94418014E-04   -0.12562073E-03   -0.32101132E-04    0.83216741E-05   -0.12052195E-04
-0.58511093E-02   -0.72103182E-03   -0.71760861E-03    0.32216110E-03   -0.25727874E-03
-0.22788209E-03   -0.12501482E-03   -0.43594062E-04    0.10864458E-04   -0.14919547E-02
 0.74414418E-03   -0.88123669E-03   -0.27490311E-03   -0.55013509E-05    0.25846699E-03
 0.17778170E-03    0.30373730E-04    0.10716053E-02    0.51006171E-03    0.27453144E-02
-0.76728144E-04   -0.28259709E-03   -0.53115065E-04   -0.35471665E-04   -0.32469668E-05
-0.38297374E-04   -0.22576315E-04   -0.32078327E-04   -0.28248431E-04   -0.62494288E-05
-0.46571241E-04    0.53814066E-04   -0.34609474E-04    0.11541190E-03   -0.11163968E-03
 0.19026746E-03   -0.30392132E-04   -0.41506074E-03    0.10402639E-02    0.43563073E-03
 0.20555548E-04    0.67904728E-04    0.42958917E-04   -0.22784900E-04    0.46510057E-04
-0.17903238E-05   -0.38229005E-05    0.97594032E-05   -0.96663726E-04    0.15364987E-03
 0.23453533E-04    0.11701903E-04   -0.91091616E-05   -0.13858478E-05   -0.97013894E-04
 0.30969259E-04   -0.10267375E-03   -0.13061333E-03   -0.57324674E-03   -0.66605441E-04
 0.73124238E-04   -0.20637812E-04    0.20569969E-04    0.10887786E-04   -0.32375726E-03
-0.11993896E-04   -0.69301283E-04    0.32373802E-04    0.50684117E-04   -0.25300818E-04
-0.33529377E-04    0.75857594E-06    0.32991772E-04    0.86002162E-04   -0.26146062E-03
 0.57259735E-04   -0.23728759E-05   -0.13297193E-04    0.37681849E-05    0.58960023E-04
-0.34546881E-04    0.63555332E-04    0.88390073E-04    0.44833319E-03    0.34096387E-04
-0.16516857E-04   -0.11636893E-04    0.89779624E-06   -0.57103617E-05   -0.11919970E-02
-0.13195054E-03   -0.17521388E-03    0.87819258E-05   -0.51224887E-05   -0.14270018E-03
-0.28563635E-03   -0.17885465E-04   -0.72480154E-06   -0.18811266E-03    0.23718266E-03
-0.13813050E-03    0.11365635E-04    0.13650956E-05    0.74459366E-04    0.63690058E-04
-0.41880049E-04    0.25204245E-03    0.18098334E-03    0.69033286E-03    0.19344592E-02
 0.11893254E-02   -0.16817876E-02   -0.11603834E-02   -0.29977232E-03    0.20108962E-03
 0.54412444E-03    0.27144074E-04    0.53015362E-04    0.17759900E-04   -0.11550915E-03
-0.71450192E-04    0.91867532E-04   -0.14460955E-04    0.56787184E-04    0.91448757E-04
-0.78002346E-03    0.42295407E-03   -0.12314711E-02    0.59366867E-02   -0.52628201E-04
 0.60872216E-04    0.18937632E-03    0.58681476E-03   -0.76661272E-05   -0.41573276E-04
 0.28849751E-04   -0.19460833E-04    0.29514815E-03   -0.28097622E-03    0.81152309E-03
 0.29459746E-04    0.27637324E-03   -0.57291265E-05   -0.10136815E-04   -0.18905047E-04
 0.10868486E-03   -0.45187270E-03    0.34532720E-03    0.18632725E-03   -0.10131974E-02
 0.10930130E-05    0.21444536E-03    0.44634901E-04    0.43736583E-04   -0.31547502E-05
-0.68390302E-05   -0.15002963E-03   -0.29304802E-03    0.53993485E-04   -0.33225855E-04
 0.23216275E-04    0.54650995E-05   -0.12535634E-03    0.26538800E-03   -0.73457166E-03
-0.12345714E-03   -0.18534443E-03   -0.13519957E-04    0.83865349E-05    0.64224682E-04
-0.70822658E-04    0.22059876E-03   -0.31761346E-03   -0.45100226E-04    0.98702439E-03
 0.14035008E-04   -0.98580307E-04   -0.14975364E-04   -0.20386738E-04   -0.73765901E-02
-0.89278694E-03   -0.98896219E-03    0.53577470E-03   -0.41218426E-03   -0.28822423E-03
-0.57009845E-03    0.18771522E-03   -0.25368272E-05   -0.18947636E-02    0.79780683E-03
-0.10732569E-02   -0.46978586E-03   -0.73758154E-04    0.30832182E-03    0.12696431E-03
 0.32304413E-04    0.12483816E-02    0.69584743E-03    0.11785206E-02    0.37288279E-03
 0.46089285E-02    0.93351659E-03   -0.67984192E-03   -0.91845083E-03   -0.19423450E-03
 0.11579644E-03    0.53294272E-03    0.12435057E-03    0.23314961E-04   -0.78171012E-05
-0.78838921E-04   -0.23791265E-04   -0.88190547E-05    0.23669245E-04    0.48474359E-04
 0.63372437E-04   -0.14456234E-03    0.81675079E-05   -0.94202031E-03    0.39118134E-02
 0.12685658E-04   -0.40044902E-04    0.13604366E-04    0.30690353E-03    0.40356382E-04
-0.15240573E-03   -0.21607315E-04   -0.11558870E-04    0.49259309E-04   -0.10579977E-03
 0.25868717E-03    0.18961465E-03    0.17395731E-03    0.12498502E-04    0.79187621E-04
-0.97897946E-04   -0.44131610E-04   -0.35484563E-03    0.18334421E-03    0.23370771E-03
-0.23378419E-03   -0.48124325E-03    0.20948500E-03    0.25597109E-04    0.10830333E-04
-0.80952632E-05    0.37367638E-04   -0.45198956E-04   -0.11068917E-03   -0.23507121E-04
 0.46222364E-04    0.33337551E-04    0.52104476E-05   -0.29521072E-04    0.14180875E-03
-0.35528101E-03   -0.15958699E-03   -0.10306137E-03   -0.38671637E-05   -0.60907823E-04
 0.24738265E-04    0.14314177E-04    0.13798046E-03   -0.13002413E-03   -0.36318817E-04
 0.19350697E-03    0.36291714E-03   -0.48421184E-04   -0.47907316E-04   -0.45557056E-05
-0.45331842E-02   -0.59319630E-03   -0.53846746E-03    0.31257540E-03   -0.18156003E-03
-0.86304397E-04   -0.32109147E-03    0.97730070E-04    0.34778594E-05   -0.10953910E-02
 0.52478794E-03   -0.10638805E-02   -0.44340405E-03   -0.34891115E-04    0.19411536E-03
-0.18928834E-03    0.41030704E-05    0.83020319E-03    0.38145047E-03    0.82783675E-03
 0.15346113E-03    0.15268605E-02    0.23484135E-02   -0.83133953E-03    0.39804221E-03
 0.94959580E-03    0.14663090E-03   -0.85939839E-04   -0.40466436E-03   -0.26989679E-04
 0.16453378E-05   -0.35261011E-05    0.22633195E-04    0.12871809E-04   -0.29790011E-04
-0.42304665E-04   -0.14849661E-04   -0.11223931E-03    0.10829567E-02   -0.61966006E-03
-0.14850953E-02    0.11295506E-03   -0.55348811E-04   -0.21008546E-04   -0.54305242E-04
-0.61431782E-03   -0.29092299E-04    0.23188874E-03   -0.18929960E-04    0.10946947E-04
-0.16344827E-03    0.20928607E-04    0.14743636E-03    0.12808391E-03   -0.11494598E-03
-0.10470387E-03    0.19404152E-03    0.12506129E-03    0.51817682E-04    0.19880216E-03
-0.17880484E-03   -0.24210357E-03    0.11707218E-03    0.27158830E-04   -0.11005828E-02
-0.63869862E-04   -0.18415556E-04    0.12151106E-03   -0.21635904E-04    0.67820964E-04
 0.38706565E-03    0.38229866E-04   -0.15370087E-03    0.17328120E-04   -0.11082408E-04
 0.44127010E-04   -0.24600652E-05   -0.51185769E-04    0.43686055E-04    0.58451362E-04
 0.59880387E-04   -0.14080891E-03   -0.12549213E-03   -0.91229705E-04   -0.10223880E-03
 0.42063985E-04    0.16509721E-04   -0.15202112E-03    0.15243409E-04    0.80261335E-03
 0.29772009E-04    0.13791399E-04    0.30982998E-02    0.39040956E-03    0.26434752E-03
 0.57552755E-04    0.82246927E-03    0.28340694E-03    0.12661215E-03    0.32651063E-04
-0.22971279E-04    0.72326990E-03   -0.37666998E-03    0.68137922E-04    0.28266472E-03
-0.30636212E-05    0.15634991E-03   -0.24811304E-03   -0.84040509E-04   -0.67621332E-03
-0.31031506E-03   -0.75226008E-03   -0.21985918E-03   -0.77238691E-03   -0.42218513E-03
 0.25108897E-02    0.44555747E-04   -0.26037492E-03   -0.90710901E-04   -0.13977909E-04
 0.20804512E-04    0.67843802E-04   -0.22893015E-04    0.75249562E-05    0.77917929E-05
-0.23100643E-04    0.12805303E-04   -0.24398667E-04    0.22730391E-05    0.40216540E-06
 0.60665030E-05    0.21220658E-04    0.71258008E-04   -0.11867718E-03    0.74002506E-03
 0.24386688E-05   -0.27555101E-04    0.53292329E-04    0.15678279E-04   -0.73496893E-04
-0.42326544E-04   -0.13398655E-04    0.38956137E-05   -0.19868186E-04   -0.11744266E-04
 0.30553045E-03    0.10919494E-03    0.18278509E-04    0.40233601E-06    0.36208657E-04
 0.74382628E-04    0.30857750E-04   -0.75245655E-04    0.10836945E-06    0.23764984E-04
 0.46498845E-04    0.39721205E-04   -0.31643781E-04   -0.21574449E-03    0.63911646E-05
-0.17299670E-04    0.17095481E-04   -0.40491094E-04   -0.19427493E-04    0.53644097E-04
 0.10201914E-04   -0.70422678E-05    0.15165859E-06   -0.14463491E-04   -0.15883096E-05
-0.21216451E-03   -0.47579404E-04   -0.19334062E-04   -0.20847758E-06   -0.31474465E-04
-0.11753985E-04   -0.15358578E-04    0.18308259E-04   -0.33224129E-04   -0.23251355E-05
-0.10717099E-04   -0.66920402E-04    0.31958324E-04    0.61791495E-04   -0.11322889E-05
-0.91151267E-03   -0.12273614E-03   -0.74829581E-04    0.75116442E-04   -0.23516806E-04
 0.28198294E-04   -0.56587432E-04    0.10915580E-04   -0.80458292E-05   -0.25442747E-03
 0.12962905E-03   -0.24560877E-03   -0.15838344E-03   -0.74535436E-05    0.46140025E-04
-0.13270984E-04   -0.14083724E-03    0.14990430E-03    0.77359797E-04    0.20985822E-03
 0.10776538E-04    0.14830551E-03    0.96523169E-04   -0.48834933E-04    0.51416266E-03
-0.40080286E-05    0.68577783E-04    0.35768274E-04    0.29377962E-05   -0.45482518E-05
-0.79289098E-05    0.13776438E-05   -0.14066642E-05    0.49755665E-05   -0.15048165E-05
 0.10957553E-05   -0.35104001E-05    0.66913043E-05   -0.80182787E-05    0.52669757E-05
 0.91905904E-05   -0.12680544E-04   -0.40966993E-05   -0.41523877E-04   -0.20041679E-04
-0.69082830E-05   -0.10185704E-04   -0.34214046E-06    0.63602920E-05    0.90111228E-05
 0.76314137E-06   -0.53150757E-06   -0.55810877E-05    0.16929161E-04   -0.19443321E-04
-0.87257569E-05   -0.15659931E-05    0.68172739E-05    0.21881338E-04    0.69826231E-05
 0.73669017E-05    0.20199472E-04   -0.20865419E-05    0.11756537E-05    0.65203196E-05
-0.11067221E-04   -0.90692412E-05    0.33260898E-05   -0.97109657E-05    0.15994565E-04
 0.46999356E-05    0.52322501E-05   -0.30140121E-06   -0.67649762E-05   -0.68458659E-05
 0.98895139E-06    0.17799748E-06   -0.15416411E-05   -0.12432911E-04    0.13442386E-04
 0.51769130E-05   -0.26807513E-06   -0.51367566E-05   -0.17419527E-04   -0.36217415E-05
-0.27214298E-05   -0.13543696E-04    0.46875861E-05   -0.10549789E-05    0.58849581E-07
 0.76460548E-05    0.35319427E-05    0.43929431E-06    0.80098331E-05    0.77291446E-04
 0.18285727E-05    0.23255220E-04   -0.61807830E-05   -0.35531709E-05    0.60068560E-05
 0.93250650E-05   -0.10729894E-05    0.16986523E-05    0.22395461E-04   -0.19894117E-04
 0.16564699E-04    0.62727249E-05   -0.53738608E-05   -0.16494970E-04   -0.59100853E-04
-0.17053932E-05   -0.92408710E-05   -0.30753497E-04   -0.31772113E-04   -0.17339351E-04
-0.17834817E-04   -0.13928419E-05    0.21555980E-04   -0.34849414E-05    0.15544996E-04
-0.11636664E-01    0.18919060E-01    0.19661931E-01    0.32535097E-02   -0.24796508E-02
-0.98328466E-02   -0.99983825E-03   -0.33557467E-03   -0.69175725E-03    0.12980070E-02
 0.50523287E-03   -0.19611252E-02   -0.66866107E-03   -0.36054473E-02   -0.19964882E-05
 0.86770792E-02   -0.58104701E-02    0.10683442E-01   -0.10923426E+00    0.35462440E-02
 0.39159532E-04   -0.19608106E-02   -0.46381724E-02   -0.81973147E-03    0.20141174E-02
-0.37291365E-03    0.20559519E-03   -0.18983206E-02    0.33365761E-02   -0.94534556E-02
-0.63048436E-03   -0.33222232E-02    0.13283838E-03    0.78972935E-03   -0.31499822E-03
-0.35528778E-03    0.43081328E-02   -0.25842767E-02   -0.26433408E-02    0.13317592E-02
-0.14836054E-02   -0.21996478E-02   -0.22282570E-03   -0.45372347E-03   -0.20776132E-02
 0.21637668E-04    0.14889599E-02    0.19265232E-02   -0.29204871E-03   -0.13448904E-02
 0.11199287E-04   -0.85759815E-04    0.59801272E-03   -0.35544497E-02    0.77661701E-02
 0.67522399E-03    0.19289566E-02    0.11750202E-03   -0.10996125E-04   -0.44402989E-04
 0.12132050E-02   -0.14240545E-02    0.24536029E-02    0.99860010E-03    0.22731325E-04
 0.18338896E-02    0.17906669E-03   -0.44512135E-04    0.22976522E-03    0.10398590E+00
 0.15204984E-01    0.14209412E-01   -0.72796819E-02    0.39128527E-02    0.38207089E-02
 0.62262785E-02   -0.13499912E-02   -0.93930825E-04    0.28047374E-01   -0.12103629E-01
 0.13846441E-01    0.64902179E-02    0.63658576E-03   -0.44221204E-02   -0.27361994E-02
 0.67913698E-03   -0.18103036E-01   -0.83052797E-02   -0.20459114E-01   -0.38510487E-02
-0.25314647E-01   -0.15334129E-01    0.10828193E-01   -0.29430952E-02    0.30935826E-03
 0.48643052E+00    0.44051878E-02   -0.11422433E-01   -0.10076256E-01   -0.17941850E-02
 0.11532833E-02    0.37276653E-02   -0.30548839E-03   -0.23417408E-04    0.61220661E-04
-0.67353171E-03   -0.91361019E-03    0.68307328E-03    0.53844945E-03    0.15475187E-02
 0.22362073E-02   -0.43725178E-02    0.29738082E-02   -0.55422190E-02    0.41783670E-01
 0.23184924E-02    0.10101134E-03    0.99225774E-03    0.24314186E-02   -0.19195331E-03
-0.91292656E-03    0.19395083E-03   -0.14913503E-03    0.14644812E-02   -0.20434900E-02
 0.55606095E-02    0.10946217E-03    0.18607509E-02   -0.35243823E-04   -0.15040673E-03
 0.10931131E-03    0.36505781E-03   -0.24038143E-02    0.15049149E-02    0.19941258E-02
-0.79630795E-03    0.12643740E-02    0.77824059E-03   -0.30182749E-03    0.23694858E-03
-0.19745387E-02   -0.18089556E-04   -0.78483362E-03   -0.98134905E-03    0.28755935E-03
 0.22602224E-03    0.17562193E-04    0.38397470E-04   -0.47304196E-03    0.21596437E-02
-0.47509012E-02   -0.42854296E-03   -0.10418251E-02   -0.44221796E-04    0.69901457E-04
 0.23900833E-03   -0.55481087E-03    0.92275269E-03   -0.14948507E-02   -0.58040236E-03
 0.14115857E-03   -0.10175073E-02    0.57065677E-04    0.67389664E-04   -0.10883115E-03
-0.58725029E-01   -0.73366301E-02   -0.80658870E-02    0.41103207E-02   -0.24812810E-02
-0.23937028E-02   -0.37913553E-02    0.77076625E-03    0.14904727E-04   -0.15158510E-01
 0.69209918E-02   -0.80715059E-02   -0.32019311E-02   -0.44620745E-03    0.24308297E-02
 0.14538828E-02   -0.66782990E-03    0.10388933E-01    0.47430303E-02    0.11749401E-01
 0.26103299E-02    0.14478337E-01    0.88136833E-02   -0.61737889E-02    0.16988896E-02
-0.13551370E-03   -0.22870098E+00    0.14454388E+00   -0.20939011E-02   -0.57845805E-03
-0.25295842E-02   -0.27657919E-04   -0.33428407E-03   -0.20705652E-03   -0.79856945E-03
-0.30196921E-03   -0.26170081E-03    0.21879729E-03   -0.14490675E-02    0.26895635E-03
 0.41456543E-03    0.11184901E-02    0.47190225E-02    0.34382977E-04   -0.15672485E-03
-0.92315119E-03   -0.14797819E-01    0.55368295E-02   -0.56787613E-05   -0.12500207E-03
 0.24046258E-03   -0.55331473E-03    0.40672636E-03   -0.55976920E-04   -0.87976104E-04
 0.10978532E-02   -0.67932801E-05   -0.34809088E-03    0.17738332E-03    0.45467612E-03
-0.17215495E-03   -0.60857956E-03   -0.46142861E-03    0.12019454E-03    0.32849964E-03
 0.13063348E-03    0.13232774E-02   -0.29177791E-03    0.13124100E-03    0.13198313E-03
-0.38228174E-03   -0.25277850E-04   -0.38154535E-02   -0.52947946E-04    0.82533118E-04
 0.71081543E-04    0.41678110E-03   -0.38910442E-03   -0.41449461E-05    0.27564164E-04
-0.88712602E-04    0.44707549E-03   -0.82311000E-03   -0.11920961E-03   -0.23772322E-03
 0.60697720E-04    0.74846425E-03   -0.39358531E-04   -0.27390143E-04    0.12597419E-03
-0.16407597E-03   -0.20681604E-03   -0.10085686E-03    0.42433864E-04   -0.95572497E-04
 0.88840642E-04    0.19756219E-04   -0.10947768E-01   -0.25071468E-03   -0.14788340E-02
 0.61145048E-03   -0.97945742E-03   -0.85580083E-03   -0.13792970E-02    0.28994968E-03
 0.52427561E-06   -0.20405975E-02    0.15191416E-02   -0.19338344E-02   -0.68155257E-03
-0.14097784E-03    0.52272300E-03    0.57281819E-03   -0.28744073E-03    0.20951489E-02
 0.43789033E-03    0.26821393E-02    0.10464139E-02    0.31550912E-02    0.17971359E-02
-0.15718285E-02    0.22691775E-03   -0.96150900E-05   -0.23519217E-01    0.56902971E-01
 0.93102963E-01    0.66493313E-03   -0.19366431E-02   -0.15581532E-02   -0.36110405E-03
 0.46247224E-03    0.10061893E-02    0.27899243E-03    0.28475382E-04    0.10580871E-03
-0.29461246E-03    0.13410630E-03   -0.35300475E-03    0.68699534E-03   -0.26483528E-03
 0.62985448E-03   -0.76973954E-03    0.56487324E-03   -0.71213811E-03    0.73952272E-02
-0.18038823E-02    0.36985727E-04    0.42633814E-03    0.41443763E-03    0.16063687E-03
 0.16934893E-04   -0.70196932E-05    0.92437899E-05   -0.16636796E-03   -0.57448175E-03
 0.94141876E-03    0.39459046E-04    0.32317375E-03   -0.22888122E-04   -0.12800354E-03
 0.10171216E-03   -0.20719653E-03   -0.55038517E-03    0.16853024E-03   -0.30573547E-03
-0.60042305E-04    0.19012332E-03    0.22218104E-03    0.26183486E-04    0.49757061E-04
 0.10257127E-02   -0.91427335E-04   -0.18167584E-03   -0.92081924E-04    0.17358656E-04
 0.19567691E-03    0.22989280E-04   -0.28935173E-05   -0.58509499E-06    0.34377897E-03
-0.62056486E-03    0.60952061E-05   -0.18830858E-03    0.14579960E-04    0.32529460E-04
 0.48738293E-04   -0.60382134E-04    0.14551551E-03   -0.25095772E-03   -0.67300928E-04
-0.73533816E-04   -0.22162710E-03   -0.51650055E-04   -0.10099161E-04   -0.21860641E-04
-0.68191652E-02   -0.41319181E-02   -0.91186081E-03    0.49807926E-03   -0.18177212E-03
-0.17022419E-03   -0.24258053E-03    0.12374545E-03    0.74930889E-05   -0.20322953E-02
 0.66438083E-03   -0.68176462E-03   -0.40258779E-03   -0.48114671E-04    0.27074122E-03
 0.10565341E-03    0.12932766E-03    0.11100907E-02    0.29150272E-03    0.12257070E-02
 0.11080052E-03    0.15188803E-02    0.98776513E-03   -0.71979735E-03    0.21878633E-03
 0.36897863E-05   -0.29544222E-01    0.13953229E-01    0.99631727E-04    0.85487805E-02
 0.20149041E-03   -0.24991187E-02   -0.27778780E-02   -0.25520405E-03    0.17552459E-03
 0.79849303E-03   -0.36710126E-03   -0.37897577E-04    0.27725302E-04   -0.11043798E-03
-0.38433837E-03    0.12929948E-03    0.53929614E-04    0.62765767E-03    0.11080978E-02
-0.84691092E-03    0.70892738E-03   -0.81223384E-03    0.46652048E-02    0.12350483E-02
 0.58815408E-03    0.86317418E-04    0.57666013E-03   -0.17541895E-03   -0.22192201E-03
 0.42551512E-04   -0.45370643E-04    0.54730285E-03   -0.32422900E-03    0.13712544E-02
-0.17826321E-04    0.44085556E-03   -0.18082413E-03   -0.20297741E-03   -0.38045143E-04
-0.12082445E-04   -0.53694272E-03    0.35865604E-03    0.56834398E-03   -0.17202709E-03
 0.39723352E-03    0.82458624E-05   -0.38694722E-04    0.65513683E-04   -0.91924278E-03
-0.37449113E-03   -0.72116157E-04   -0.25669121E-03    0.20135570E-03    0.48381269E-04
-0.87294255E-05    0.11161762E-04   -0.10571185E-03    0.50936492E-03   -0.92628795E-03
-0.89646210E-04   -0.20289345E-03    0.25843635E-04    0.15050278E-03   -0.16651437E-04
-0.11809437E-03    0.20548473E-03   -0.38677205E-03   -0.14201767E-03   -0.13238639E-03
-0.32866980E-03    0.59403593E-04   -0.49991212E-05   -0.25229444E-04   -0.12586743E-01
-0.13879020E-02   -0.29889877E-02    0.10506827E-02   -0.72167076E-03   -0.47985650E-03
-0.85200667E-03    0.16497622E-03   -0.84178484E-05   -0.33051074E-02    0.14862841E-02
-0.17619338E-02   -0.51958744E-03   -0.71046535E-04    0.68857325E-03    0.40655106E-03
-0.27156846E-03    0.22134457E-02    0.12381406E-02    0.24296729E-02    0.66454280E-03
 0.31694064E-02    0.17425017E-02   -0.10616073E-02    0.24445632E-03   -0.43799088E-04
-0.47242810E-01    0.35505421E-01    0.24454051E-01    0.25651937E-02    0.13804341E-01
-0.59744717E-03    0.24832936E-03    0.14788732E-02    0.13846827E-03   -0.12318050E-03
-0.74981196E-03   -0.38845409E-04   -0.23735310E-04   -0.48390551E-04    0.13259845E-03
-0.99778717E-04   -0.62264116E-04   -0.45710455E-04    0.70269997E-05    0.23261441E-03
-0.14443599E-03    0.15943747E-03    0.93947927E-03   -0.77218049E-02    0.79521735E-03
-0.27943031E-03    0.10572474E-02   -0.32714238E-03   -0.57051965E-04    0.27957865E-03
 0.73388718E-04   -0.15522437E-04    0.12199024E-03    0.10549970E-03   -0.12320002E-03
 0.21153520E-04   -0.17066891E-03    0.96517158E-04    0.61163131E-04   -0.76238510E-04
-0.28042620E-04    0.22273564E-03   -0.22320782E-03   -0.13391945E-03    0.27387983E-04
 0.65130385E-04    0.15896271E-03   -0.52868084E-04    0.61719910E-05   -0.52891990E-03
 0.13585836E-03   -0.61735055E-03    0.16428675E-03    0.17120066E-04   -0.18786122E-03
-0.10086954E-03    0.16603337E-04    0.44473213E-04   -0.12016161E-03    0.67824379E-04
 0.52472805E-05    0.96676723E-04   -0.46983522E-04   -0.27150503E-04    0.10826221E-04
 0.79224933E-04   -0.63641010E-05    0.13583120E-03    0.21841022E-04   -0.66748795E-04
-0.47139062E-04   -0.13226875E-03    0.14889107E-04    0.98093377E-06    0.45081917E-02
 0.74977714E-03    0.75404547E-03   -0.22977404E-02    0.14385004E-03    0.21634095E-03
 0.62589336E-04   -0.16100907E-03    0.75204944E-05    0.11955770E-02   -0.58906653E-03
 0.13792868E-03    0.12705060E-03    0.89020938E-04   -0.57218724E-04   -0.34802272E-04
 0.85760349E-04   -0.58175060E-03   -0.28583780E-03   -0.64632058E-03   -0.32160960E-05
-0.11781353E-02   -0.64863402E-03    0.76395998E-04   -0.13541357E-03    0.90996267E-05
 0.21663998E-01   -0.85624942E-02    0.45962224E-02   -0.16750998E-02   -0.14389490E-02
 0.68110999E-02    0.96034511E-03   -0.10696126E-02   -0.13647677E-02   -0.25753374E-03
 0.10686517E-03    0.60476408E-03   -0.66613124E-04    0.13576974E-04    0.25403647E-04
-0.65718970E-04   -0.35524817E-03    0.19954256E-03    0.14071889E-03    0.38243550E-03
 0.79251279E-03   -0.16638179E-02    0.10337188E-02    0.13036798E-02   -0.24452983E-02
 0.11173805E-02    0.88889398E-04   -0.49540258E-05    0.16649007E-02   -0.10741102E-03
 0.65559014E-04    0.22968075E-04   -0.23298981E-04    0.69165330E-03   -0.49993223E-03
 0.62272186E-03   -0.62294531E-04    0.31798773E-03   -0.11138083E-03   -0.27409113E-03
-0.63637582E-05    0.12927255E-03   -0.16435026E-03    0.49005766E-03    0.48862455E-03
-0.53777594E-03    0.49217620E-04    0.71742538E-03   -0.16054977E-04    0.14005957E-04
-0.82404754E-03   -0.83348036E-04   -0.61093472E-04   -0.88998697E-03    0.71522022E-04
-0.61468451E-04    0.33768732E-04    0.58882416E-06   -0.29321040E-03    0.44893699E-03
-0.35539288E-03   -0.55838138E-04   -0.21498843E-03    0.38527538E-04    0.18883816E-03
-0.61312710E-04   -0.11667686E-03    0.15880651E-03   -0.33050015E-03   -0.97831927E-04
 0.21156721E-03   -0.12935345E-03   -0.42792014E-03   -0.26340064E-05   -0.89827871E-05
-0.86029832E-02   -0.80050280E-03   -0.13225082E-02    0.57255278E-03   -0.25879697E-02
-0.53910878E-03   -0.73486080E-03    0.40006773E-04   -0.85764942E-05   -0.22894871E-02
 0.12975237E-02   -0.10226433E-02   -0.17993647E-03   -0.11999917E-03    0.43248937E-03
 0.45259912E-03   -0.26670007E-03    0.15640109E-02    0.60107897E-03    0.17250726E-02
 0.40341700E-03    0.23485130E-02    0.13585752E-02   -0.19660799E-02    0.21337505E-03
-0.13222838E-04   -0.33206101E-01    0.24959927E-01    0.18670763E-01    0.14906746E-02
 0.80132752E-02   -0.74309746E-03    0.11409663E-01    0.20372351E-02   -0.21528669E-02
-0.27156279E-02   -0.45038785E-03    0.23797801E-03    0.13299377E-02    0.16796242E-03
-0.20476360E-04    0.43404523E-04   -0.15915532E-03   -0.18654266E-03    0.45844760E-03
 0.19224256E-03    0.55138184E-03    0.15523357E-03   -0.12927071E-02    0.67020525E-03
-0.13446178E-02    0.12707461E-01    0.45846773E-03   -0.59510981E-04    0.18560409E-03
 0.64247851E-03    0.11198279E-02    0.17301828E-03   -0.33066013E-04   -0.51431728E-04
 0.18681744E-03   -0.45301237E-03    0.69389336E-03    0.96914053E-04    0.46796612E-03
 0.41826243E-04   -0.35085773E-03    0.24027695E-03    0.31026232E-03   -0.62066776E-03
 0.49887728E-03    0.57962979E-03   -0.55595695E-04    0.25680068E-03    0.30943061E-03
 0.11023093E-03    0.44987001E-04   -0.38830592E-03   -0.24891457E-04   -0.17059485E-03
-0.27726595E-03   -0.67152177E-03   -0.15147968E-03    0.75120585E-04    0.23858534E-04
 0.10392611E-03    0.51982838E-03   -0.58431953E-03   -0.22801610E-03   -0.25269779E-03
-0.36494159E-04    0.24302259E-03   -0.79112456E-04   -0.26986853E-03    0.32270526E-03
-0.41442930E-03   -0.30934954E-03   -0.17525622E-03   -0.27841680E-03   -0.12614265E-03
-0.31957488E-04   -0.24541436E-04   -0.15208774E-01   -0.19659331E-02   -0.20158268E-02
 0.11271158E-02   -0.74912365E-03   -0.26270215E-02   -0.19365948E-02    0.37155299E-03
 0.23887204E-04   -0.40357899E-02    0.19651586E-02   -0.18138348E-02   -0.10175006E-02
-0.14039394E-03    0.57724268E-03    0.80391920E-03   -0.10360475E-03    0.27752604E-02
 0.14001914E-02    0.29821812E-02    0.73823299E-03    0.36848294E-02    0.21455282E-02
-0.18479385E-02    0.30928809E-03   -0.43325981E-04   -0.68545088E-01    0.36360694E-01
 0.10508123E-01    0.37167220E-02    0.83395310E-02   -0.28674407E-02    0.65620421E-02
 0.15813259E-01    0.93484682E-04    0.13766317E-04    0.10747863E-02    0.11800818E-03
-0.32693639E-05   -0.24571395E-03    0.53079826E-04    0.42448271E-04    0.10436746E-03
-0.50952490E-04    0.29763435E-03   -0.39469125E-04   -0.22141952E-03   -0.13079320E-03
-0.11748921E-02   -0.23024633E-03    0.96379896E-04    0.45428481E-03    0.19173731E-02
-0.45813549E-03   -0.77088680E-04    0.14926909E-03    0.65350200E-04    0.58394174E-03
 0.14861575E-02   -0.64985057E-04    0.17298238E-04   -0.17274554E-03   -0.71711416E-04
-0.41172638E-03    0.52359911E-04   -0.13517231E-03    0.80738266E-04   -0.89345812E-04
 0.23216178E-03    0.22751343E-03   -0.11711873E-03    0.31942008E-03   -0.45225429E-03
-0.10921513E-03    0.13527262E-03   -0.53776171E-04    0.84077911E-05   -0.53377502E-05
 0.30320837E-03   -0.11860685E-04   -0.15006128E-03   -0.10556410E-03   -0.41978847E-03
-0.97756365E-03    0.83817487E-04   -0.11833358E-04   -0.49072617E-05    0.50928417E-04
 0.75636550E-03   -0.27893285E-04    0.88088702E-04   -0.24498329E-04    0.85957994E-04
-0.19419348E-03   -0.22289589E-03    0.12338226E-03   -0.28395643E-03    0.58244578E-05
 0.21222673E-04   -0.99452441E-04    0.11538066E-03   -0.96148206E-05    0.25329167E-05
 0.20227767E-02    0.19874234E-03    0.36874830E-03   -0.22882590E-03    0.12001378E-03
-0.79263334E-03   -0.26976774E-02    0.11863588E-03   -0.15377335E-05    0.38454966E-03
-0.82195335E-04    0.18231189E-02   -0.85255575E-05    0.18099512E-04   -0.16873119E-03
 0.34988017E-03   -0.44746171E-04   -0.41496397E-03   -0.48992206E-04   -0.89977142E-03
 0.16361427E-03   -0.54802088E-03   -0.32618673E-03    0.34095415E-03   -0.36317151E-04
-0.21811943E-05    0.59649435E-02   -0.11756536E-01   -0.19779617E-01   -0.46021913E-03
-0.53330629E-02   -0.77978806E-03   -0.36334091E-02    0.23037084E-03    0.11973751E-01
-0.21032575E-03    0.69807756E-03    0.11822798E-02    0.11227658E-03   -0.58379962E-04
-0.45395772E-03    0.24758902E-04   -0.13306861E-04   -0.15758056E-04    0.54674860E-04
 0.10429218E-03   -0.18229814E-04   -0.52765935E-04   -0.15719598E-03   -0.46417031E-04
-0.42320516E-03    0.13790365E-03    0.17642325E-02   -0.80653560E-02    0.58638215E-04
-0.22826479E-04    0.35667997E-04   -0.19316142E-03   -0.12337619E-03    0.18471396E-04
 0.26381103E-03   -0.22090149E-04    0.16495838E-03    0.26043386E-03   -0.43403847E-03
-0.21876108E-03   -0.12450932E-03    0.23279240E-04    0.96965274E-04   -0.96591035E-04
-0.66364382E-04    0.18504305E-03   -0.18502694E-03   -0.67416493E-04    0.10249339E-03
 0.10795388E-03   -0.90946391E-04    0.12361937E-04   -0.15167785E-04   -0.28264755E-04
-0.34842497E-05   -0.32680216E-04    0.11869241E-03    0.59070998E-04    0.33432206E-04
-0.16186857E-03    0.14139381E-04   -0.76185081E-04   -0.26545680E-03    0.43051903E-03
 0.15710676E-03    0.70642167E-04    0.82216197E-05   -0.57013684E-04    0.39960590E-04
 0.10605740E-03   -0.80937968E-04    0.19978465E-03    0.55445568E-04   -0.62344295E-04
-0.34305576E-04    0.32230565E-04    0.71744999E-05    0.87668918E-05    0.39271158E-02
 0.62855389E-03    0.50380387E-03   -0.41975326E-03    0.56227713E-04    0.31462865E-03
 0.41822916E-03   -0.59063500E-03    0.76286625E-04    0.79008572E-03   -0.61700824E-03
 0.75886394E-03    0.41985196E-03    0.29342174E-04   -0.18350980E-03   -0.15553690E-03
-0.13915241E-04   -0.66788897E-03   -0.43002586E-03   -0.59501968E-03   -0.85200246E-04
-0.10607077E-02   -0.64432671E-03    0.30875382E-03   -0.11089885E-03    0.94538716E-05
 0.18413438E-01   -0.88137768E-02   -0.88617484E-03   -0.12124158E-02   -0.17283057E-02
 0.11143544E-02   -0.10385278E-02   -0.30485248E-02   -0.25042012E-03    0.23260465E-02
 0.13239838E-04    0.37622548E-04    0.16641406E-05    0.81604075E-05   -0.12078369E-04
 0.22669389E-04    0.70232398E-05    0.16443669E-05   -0.19499774E-05    0.74576923E-05
-0.67883239E-05   -0.15890568E-04   -0.11290589E-04    0.80101219E-05   -0.39994123E-04
 0.42619670E-04   -0.16993066E-04   -0.58023676E-04    0.30915437E-03    0.32593991E-04
 0.36302653E-05   -0.21598950E-04    0.10144427E-04   -0.92426455E-05   -0.95711843E-05
-0.28199949E-04    0.10954691E-04   -0.29543019E-04   -0.94662921E-06    0.83044510E-05
-0.74174758E-05   -0.10100996E-04    0.11729956E-05   -0.60489029E-05   -0.26687814E-05
-0.58215367E-06   -0.20683725E-05    0.34984911E-05   -0.68879971E-06    0.10067766E-04
-0.16346889E-04   -0.21562557E-05   -0.54368045E-05    0.12945544E-05   -0.30012645E-04
-0.15781390E-05    0.15897642E-04   -0.14366054E-04    0.48971096E-05   -0.42948009E-06
 0.16671129E-04   -0.73199879E-05    0.65489310E-05    0.12805476E-05   -0.41559977E-05
 0.16017455E-04    0.55127797E-05   -0.80157787E-06    0.53958271E-05    0.78354189E-05
-0.24222540E-06   -0.59849159E-05   -0.90743657E-05   -0.49886343E-05   -0.83494210E-07
 0.32065912E-05    0.97509614E-05    0.12356200E-06   -0.67807614E-06    0.58304890E-04
 0.14876608E-05   -0.71943910E-05    0.15154818E-04   -0.62461327E-05    0.17884563E-04
 0.11318969E-04    0.77441809E-04   -0.32771115E-04    0.16153584E-04   -0.32792719E-04
 0.53115231E-05    0.70787607E-04    0.35993567E-05    0.29954528E-06    0.17457870E-04
 0.21462146E-04    0.22727652E-05    0.97257297E-05   -0.33380051E-04   -0.15922824E-04
-0.18086418E-04   -0.13496427E-04    0.32887540E-04    0.57384037E-05   -0.26500992E-05
 0.19433391E-03   -0.38996203E-03   -0.72019138E-03   -0.11787181E-04   -0.16316136E-03
-0.63226113E-04   -0.11361811E-03   -0.10799423E-03    0.14165152E-03   -0.22077832E-03
 0.96428674E-04    0.20453530E-02   -0.48739885E-02   -0.40723544E-02   -0.66450582E-03
 0.58113674E-03    0.18195668E-02   -0.10267695E-03    0.73287238E-04    0.11268782E-03
-0.25548605E-03   -0.22375286E-03    0.23879104E-03    0.38659259E-03    0.55294924E-03
 0.43592864E-03   -0.28776534E-02    0.17103688E-02   -0.16244697E-03    0.14698141E-01
-0.11589481E-02    0.11292797E-03    0.56552976E-03    0.13536284E-02   -0.12611111E-03
-0.30898812E-03    0.29502196E-03   -0.66953236E-04    0.20114258E-02   -0.57436058E-03
 0.22105331E-02   -0.36331728E-03    0.77030160E-03   -0.13690991E-03   -0.15527785E-03
 0.48280928E-04    0.57595641E-05   -0.92811289E-03    0.83841335E-03    0.59236134E-03
-0.76882099E-03    0.73538280E-03    0.33649070E-03    0.15416039E-05    0.12068536E-03
 0.70702439E-03   -0.30414125E-04   -0.31636750E-03   -0.63685567E-03    0.31115524E-03
 0.14688150E-03   -0.90196193E-04    0.20100408E-04   -0.10500453E-02    0.65177636E-03
-0.18049253E-02    0.27542485E-04   -0.40723059E-03    0.41512950E-04    0.51269075E-05
 0.14811832E-03   -0.31074254E-03    0.26556846E-03   -0.79901686E-03   -0.28733779E-03
 0.24940351E-03   -0.54477948E-03    0.10372109E-03   -0.20111140E-05   -0.40407506E-04
-0.22000498E-01   -0.30990467E-02   -0.31504746E-02    0.14537344E-02   -0.10146317E-02
-0.85843839E-03   -0.13276504E-02    0.12512962E-04    0.15484657E-04   -0.86544326E-02
 0.18355485E-02   -0.30937414E-02   -0.99057595E-03   -0.18884915E-03    0.10344356E-02
 0.47954315E-03   -0.42495794E-03    0.36154558E-02    0.14634737E-02    0.41360538E-02
 0.66747812E-03    0.53559713E-02    0.31073839E-02   -0.20436212E-02    0.58315577E-03
-0.66431656E-04   -0.91688094E-01    0.49517204E-01    0.10106852E-01    0.60940741E-02
 0.11252651E-01   -0.38129862E-02    0.78803732E-02    0.13501327E-01   -0.23545992E-02
-0.27322177E-02   -0.76992652E-04    0.25883001E-01   -0.78640579E-03    0.16948492E-02
 0.93572487E-03    0.43589944E-03   -0.14073719E-03   -0.33245861E-03    0.24750649E-04
 0.33251593E-05   -0.23147621E-04    0.11819360E-03    0.71289917E-04    0.86965456E-05
 0.29615665E-04   -0.14123550E-03   -0.73161789E-03    0.14648592E-03    0.76126704E-04
 0.16313551E-02   -0.31518508E-02   -0.10889448E-02   -0.16510441E-05   -0.30995096E-04
-0.55321140E-03    0.72352060E-04    0.74069459E-04    0.11078850E-03    0.14966878E-04
-0.22352355E-05    0.33362962E-02   -0.64608299E-03   -0.25300237E-04   -0.24016284E-03
-0.74020825E-04    0.29816876E-03   -0.19536716E-03   -0.32633028E-03    0.24686437E-03
-0.30239374E-03   -0.11259342E-03    0.23021955E-03   -0.28447800E-03    0.54268396E-04
 0.34763139E-04   -0.48189282E-04    0.81958917E-03    0.53210767E-04   -0.16561193E-04
 0.24013436E-03   -0.62702860E-04    0.11707060E-03   -0.10578178E-03    0.60124602E-06
-0.84850497E-04   -0.22745456E-02    0.50935581E-03    0.33540313E-04    0.11572319E-03
 0.44836061E-04   -0.26772994E-03    0.26114953E-03    0.31488986E-03   -0.25038125E-03
 0.16909447E-03   -0.71624846E-04   -0.62202818E-04    0.17272588E-03   -0.12459283E-03
 0.34936882E-04    0.33320822E-04    0.48674152E-02    0.45084590E-03    0.74200359E-03
-0.47501838E-03    0.49519245E-03    0.39360258E-03    0.54986508E-03   -0.22997476E-03
-0.23150115E-04    0.47353564E-03   -0.54579341E-02    0.59856929E-03    0.27656686E-03
-0.22567094E-05   -0.12614392E-03   -0.53703057E-03    0.15772008E-03   -0.79782284E-03
-0.45322027E-03   -0.11348020E-02   -0.41221269E-03   -0.10396641E-02   -0.66890537E-03
 0.55458160E-03   -0.15651683E-03    0.21021849E-04    0.16441165E-01   -0.14940336E-01
-0.12519468E-01   -0.78706572E-03   -0.46748143E-02    0.50688415E-03   -0.41425297E-02
-0.37413197E-02    0.21574226E-02    0.77563324E-03    0.18987330E-03   -0.24266690E-02
 0.14003861E-01   -0.16776207E-02   -0.26473210E-02    0.11008813E-02    0.12517502E-03
 0.37470584E-04   -0.13663008E-02   -0.46676860E-03    0.55033840E-04   -0.10714932E-03
 0.18589180E-03    0.21878712E-03   -0.51902990E-04   -0.75620665E-03   -0.26578426E-03
-0.11801212E-03    0.86338553E-03   -0.38672960E-03   -0.94403024E-03   -0.15835238E-02
 0.39219821E-03    0.80010145E-04    0.43433590E-03   -0.35015628E-03   -0.55879010E-03
-0.56664837E-03   -0.38733552E-04   -0.27169478E-04   -0.32049743E-04   -0.56702692E-03
 0.44284570E-01   -0.23900301E-03    0.24798994E-04   -0.81488764E-04    0.43348960E-03
-0.48338869E-04    0.93292559E-04    0.39352701E-05   -0.21967758E-04   -0.16288818E-03
-0.19475991E-03    0.12154114E-03   -0.68416905E-03   -0.32717261E-03    0.16194355E-04
-0.27394211E-03    0.78222393E-04   -0.32511828E-03    0.34056199E-03    0.43640001E-03
 0.34719826E-03    0.86712214E-04   -0.62100219E-05   -0.84220268E-04    0.21511376E-03
-0.32379376E-01    0.10337907E-03   -0.40796375E-05    0.94986044E-04   -0.30536358E-03
-0.24046648E-03   -0.41490858E-03    0.21374813E-03   -0.94779237E-04    0.12518321E-04
 0.13894387E-03   -0.86091658E-04    0.48886395E-03    0.82828246E-04   -0.61188980E-05
 0.38228526E-02    0.93013412E-03    0.47981149E-03   -0.66181586E-03    0.23691459E-03
 0.37648639E-03    0.16362332E-02    0.19100130E-03   -0.19778728E-04    0.10960075E-02
-0.55870883E-03   -0.56824280E-01    0.31565297E-03   -0.58217563E-04    0.11758629E-03
-0.17857207E-04   -0.11432265E-04   -0.10953299E-02    0.22082611E-03   -0.70371894E-03
-0.20730954E-03   -0.85565910E-03    0.13707597E-03    0.10063096E-02    0.14057912E-04
 0.58568945E-05    0.21626741E-01   -0.93729537E-02   -0.10034359E-02   -0.19774084E-02
-0.18778494E-02    0.22536754E-02   -0.14515826E-02   -0.34939244E-02   -0.28070642E-02
 0.35529222E-03    0.41258732E-04   -0.38936550E-02    0.12461113E-02    0.11393887E+00
-0.92300227E-03   -0.86963357E-03   -0.19692895E-02   -0.83508970E-04    0.40589203E-04
 0.28936614E-03   -0.22835068E-03   -0.17948874E-04   -0.32153100E-04   -0.68065298E-04
-0.14392992E-03    0.13162762E-03   -0.58334750E-04    0.12689602E-03    0.34377055E-03
 0.71369936E-03   -0.31149584E-03   -0.78584603E-03    0.17426659E-02    0.82127643E-03
-0.13151863E-04    0.12847705E-03   -0.31492908E-04   -0.75534593E-05   -0.81638566E-05
-0.23213261E-03   -0.25827013E-04   -0.25243944E-03   -0.80453176E-04    0.89494386E-03
 0.23198246E-02    0.94396653E-04   -0.19926915E-03   -0.18014947E-03    0.10332551E-03
-0.31813315E-04    0.32684475E-03    0.28591182E-03    0.88186171E-04   -0.31939667E-03
-0.18297518E-03    0.49289030E-04   -0.33789886E-03    0.92869161E-05   -0.57632577E-03
 0.19526736E-04   -0.15004774E-03    0.43240910E-04   -0.17408398E-04   -0.55720038E-04
 0.16608198E-03    0.16002106E-04    0.22083622E-03    0.21359620E-03   -0.73549224E-03
-0.12170975E-02   -0.10870307E-03    0.11746418E-03    0.53272513E-04   -0.17128861E-04
 0.10642719E-03   -0.14533896E-03   -0.22617004E-03   -0.52128145E-04    0.15073433E-03
 0.65037955E-04    0.15567593E-05    0.12047878E-03    0.10980145E-04   -0.32409138E-02
-0.33930612E-03   -0.21865818E-03    0.11987308E-03    0.17410685E-03   -0.20966074E-03
-0.41103103E-03    0.22649228E-03    0.72331395E-04   -0.52793958E-03    0.37025609E-03
-0.79328800E-03   -0.47307271E-02   -0.36545297E-04    0.24317072E-03    0.10998225E-03
-0.87702860E-04    0.63481628E-03   -0.35809777E-03    0.68679690E-03    0.13989800E-03
 0.94362309E-03    0.85402395E-03   -0.46955446E-03    0.21741673E-03   -0.25451285E-05
-0.11977210E-01    0.11682230E-01    0.12294792E-01    0.61430500E-03    0.33088484E-02
 0.29619186E-03    0.20697792E-02    0.27977854E-02   -0.21904779E-02   -0.11951436E-02
-0.22880074E-03    0.22937112E-02   -0.18481738E-02   -0.64955314E-03    0.17126474E-01
 0.24994357E-03   -0.73804309E-03   -0.90075997E-03   -0.12852864E-03    0.40352019E-04
 0.26614788E-03   -0.67703425E-04   -0.10500769E-04   -0.25771657E-04    0.25420482E-04
-0.13300006E-03    0.63056475E-04    0.49930156E-04    0.83487346E-04    0.25119598E-03
-0.47656143E-03    0.32685278E-03    0.55275918E-03   -0.51920979E-03    0.33124113E-03
-0.29937964E-04    0.28592990E-05    0.16825598E-03   -0.45071495E-04   -0.86167345E-04
 0.20836801E-04   -0.21280850E-04    0.19064849E-03   -0.15475406E-03    0.35919688E-03
 0.40653351E-06    0.30851510E-03   -0.43922903E-04   -0.73487569E-04   -0.75423860E-04
-0.96214425E-06   -0.13113956E-03    0.14080350E-03    0.12477047E-03   -0.12437734E-03
 0.14574384E-04    0.98259892E-04   -0.11328086E-04    0.63418532E-05   -0.23419973E-03
 0.38043467E-04   -0.14467870E-04   -0.95131674E-04    0.67110511E-04    0.55104887E-04
-0.73604617E-05    0.89823884E-05   -0.52214449E-04    0.15373135E-03   -0.50145135E-03
-0.65688527E-04   -0.17687240E-03    0.25898556E-04    0.41560314E-04    0.31655594E-04
-0.61638845E-04    0.44004159E-04   -0.13744548E-03   -0.41236221E-04    0.98935882E-04
-0.22041499E-04   -0.11557758E-04    0.69588363E-05   -0.61302957E-06   -0.33538989E-02
-0.39273593E-03   -0.42728448E-03    0.27973361E-03   -0.22753977E-03   -0.19116676E-03
-0.25881690E-03    0.57734742E-04    0.20689732E-05   -0.87090710E-03    0.34589091E-03
-0.59953948E-03   -0.19699499E-03   -0.41023717E-03    0.18721419E-03    0.72590112E-04
-0.68386052E-04    0.58953372E-03    0.19955594E-03    0.62205187E-03    0.14591171E-03
 0.87007336E-03    0.50995611E-03   -0.35926097E-03    0.80428473E-04   -0.85825179E-06
-0.13213985E-01    0.90688858E-02    0.58603983E-02    0.71220411E-03    0.24882665E-02
-0.39541473E-03    0.21144783E-02    0.23945608E-02   -0.12313832E-02   -0.52694050E-03
-0.47060295E-04    0.28816480E-02   -0.10048190E-02   -0.34514458E-03    0.99151234E-03
 0.17098806E-02   -0.24610804E-03    0.98176290E-03    0.99572822E-03    0.11099827E-03
-0.11009744E-03   -0.37420616E-03    0.33241397E-04   -0.26337517E-04   -0.26278175E-04
 0.62895278E-04    0.13655016E-04   -0.78123361E-04   -0.53886685E-05   -0.18335036E-03
-0.99100803E-05    0.23111293E-03   -0.35233200E-03    0.70655360E-03   -0.54668228E-02
 0.11137176E-03   -0.11331165E-03   -0.73649506E-04   -0.25981203E-03    0.77650106E-04
 0.14709840E-03    0.37451199E-05    0.90324700E-05   -0.18317909E-03    0.10164465E-03
-0.68773810E-03   -0.16726359E-03   -0.18044167E-03    0.18921724E-03    0.68874534E-04
-0.42599302E-04   -0.63232946E-04    0.14109782E-03   -0.11468577E-03   -0.43525172E-04
 0.16416462E-03   -0.91394164E-04    0.11173975E-03    0.65548597E-05   -0.33807854E-04
-0.60361486E-04    0.55478307E-04    0.36572481E-04    0.10284767E-03   -0.66588575E-04
-0.74284994E-04   -0.25913436E-05   -0.11442780E-05    0.80555130E-04   -0.14105478E-03
 0.58861320E-03    0.74415261E-04    0.11047753E-03   -0.56143806E-04    0.35785905E-05
 0.29357356E-04    0.13467936E-03   -0.41596537E-04    0.16237188E-03    0.45598776E-04
 0.42553039E-05    0.96647442E-04   -0.97602926E-04    0.70655322E-05    0.14695863E-04
 0.45047965E-02    0.62893943E-03    0.78414923E-03   -0.22219810E-03    0.22463926E-03
 0.81793640E-04    0.20259959E-03   -0.79684445E-04    0.24438640E-05    0.13296515E-02
-0.44606223E-03    0.94757347E-03    0.35912907E-03    0.66422607E-04   -0.48494167E-03
-0.16772686E-03    0.40978242E-04   -0.72549491E-03   -0.34871581E-03   -0.88496259E-03
-0.19369696E-03   -0.11325318E-02   -0.68733138E-03    0.50303047E-04   -0.12997612E-03
 0.28059057E-04    0.20376486E-01   -0.98224020E-02   -0.69973209E-03   -0.12069598E-02
-0.24173353E-02    0.68990176E-03   -0.15276114E-02   -0.26408577E-02    0.32835994E-03
 0.84806603E-03   -0.88561269E-05   -0.42135860E-02    0.42864246E-03   -0.19473395E-03
-0.79551096E-03   -0.64672972E-03    0.17045731E-02   -0.13767593E-03    0.94390077E-03
 0.15897869E-02    0.20039300E-03   -0.47608155E-05   -0.39259768E-03    0.33358483E-04
 0.64941462E-05    0.31960793E-04    0.20258286E-04    0.11797015E-03   -0.12621660E-03
-0.35887676E-04   -0.43190871E-03   -0.29406959E-03    0.37440712E-03   -0.13980378E-03
 0.10442160E-02   -0.42525279E-02   -0.98957011E-03   -0.10671223E-03   -0.41820804E-04
-0.35403366E-03   -0.15419639E-03   -0.16906862E-03    0.59139308E-04    0.10833811E-04
-0.29599754E-03    0.48569488E-03   -0.17994089E-03   -0.21974612E-03   -0.21128333E-03
 0.91036846E-04    0.11421485E-02    0.53736731E-04   -0.25421686E-03    0.22491837E-03
-0.38957792E-03   -0.33438755E-03    0.13056868E-03   -0.20922463E-03   -0.42863961E-03
 0.30374556E-05   -0.54357714E-04    0.76018812E-03    0.12169990E-03    0.28191127E-04
 0.13960406E-03    0.10174609E-03    0.25085594E-03   -0.51225032E-04    0.25770536E-05
 0.74713166E-04   -0.47153565E-03    0.14146973E-03    0.44870086E-04    0.10877695E-03
-0.30829344E-04   -0.84674221E-03   -0.48532801E-05    0.14352307E-03   -0.24644088E-03
 0.27632374E-03    0.14185541E-03    0.16580272E-05    0.22499089E-03    0.18333687E-03
 0.10593602E-04    0.46828788E-04    0.54610834E-02    0.66827380E-03    0.85606366E-03
-0.32801437E-03    0.45167390E-03    0.61396288E-03    0.87652974E-03   -0.13101161E-03
 0.18886280E-04    0.13422939E-02   -0.10785251E-02    0.99649504E-03    0.36409625E-03
-0.43095708E-05   -0.31839080E-03   -0.21495349E-02    0.10078735E-03   -0.91390993E-03
-0.85729979E-03   -0.11606529E-02   -0.31001565E-03   -0.13255762E-02   -0.35615830E-03
 0.96128209E-03   -0.10150233E-03    0.90916330E-04    0.22536440E-01   -0.15386898E-01
-0.11020600E-01   -0.10870781E-02   -0.47119108E-02    0.20483769E-03   -0.35974675E-02
-0.48017289E-02    0.99774736E-03    0.10152848E-02    0.16173722E-04   -0.48953799E-02
 0.31805167E-02    0.24839349E-05   -0.18224357E-02   -0.10552510E-02    0.10854299E-02
 0.77203850E-02    0.84978300E-03   -0.36416628E-03    0.12114211E-02   -0.14409723E-04
 0.99994379E-04    0.39207617E-04    0.14806798E-03    0.48401527E-04    0.12705708E-03
-0.52567096E-04    0.45207410E-03   -0.74918133E-04   -0.20523702E-03   -0.38951665E-03
-0.23221967E-02   -0.25451293E-03    0.26953079E-03    0.15669627E-02    0.53163547E-02
-0.22678542E-02    0.43341277E-04    0.16656966E-03   -0.12943102E-03    0.45394350E-03
-0.12348650E-03   -0.64614044E-04    0.36234895E-04   -0.49904281E-03   -0.34458680E-03
 0.67290509E-03    0.82266076E-04   -0.13359485E-03    0.77074089E-05    0.29742717E-03
 0.13576514E-02    0.69956088E-03   -0.39930653E-03    0.10256182E-03   -0.56154755E-03
 0.21402326E-03    0.24692978E-04   -0.47011061E-03    0.95538491E-04    0.21589236E-04
 0.14844776E-02   -0.30445269E-04   -0.11216540E-03   -0.23742984E-04   -0.23399426E-03
 0.40770488E-05    0.44734525E-04   -0.63840436E-05    0.10158316E-03    0.18818826E-03
-0.17255813E-03   -0.74176853E-04    0.96322191E-04    0.36897483E-04   -0.36702278E-03
-0.78393925E-03   -0.55405565E-03    0.16797603E-04   -0.15045688E-03    0.56445155E-04
-0.55388209E-04   -0.90656029E-04    0.49201191E-03   -0.38763100E-04   -0.17356439E-04
 0.31327877E-02   -0.22128170E-04    0.31779636E-03   -0.91941213E-04    0.33891515E-03
 0.37093248E-03    0.44912962E-03   -0.14566479E-03    0.18667761E-04    0.20718418E-03
-0.45411920E-03    0.56223669E-03    0.14671119E-03    0.26745077E-04   -0.16302238E-03
-0.22697332E-03   -0.25101716E-02   -0.19159514E-02    0.32631678E-04   -0.10071621E-02
-0.34777837E-03   -0.11492591E-02   -0.66425344E-03    0.77149055E-03    0.97209873E-04
-0.73036806E-05    0.16596140E-02   -0.21424367E-01   -0.42502380E-01    0.20320958E-03
-0.98250095E-02   -0.26250684E-02   -0.75909648E-02   -0.35903992E-02    0.92388058E-02
 0.54160712E-04    0.28403165E-03   -0.25723370E-02    0.47448242E-02    0.25608018E-03
-0.51517374E-02   -0.23313848E-02   -0.83838923E-04    0.44312087E-02    0.27060351E-01
-0.17916245E-02    0.33980313E-02    0.32142744E-02    0.48761558E-03   -0.47189304E-03
-0.14808709E-02   -0.15224306E-03   -0.94458447E-04   -0.10664887E-03    0.25997829E-03
-0.13695040E-03   -0.30435769E-03   -0.15231483E-04   -0.36372869E-03    0.44426162E-03
 0.12915620E-02   -0.77001258E-03    0.24676378E-02   -0.18961006E-01    0.13446801E-03
 0.20702365E-04   -0.29871553E-03   -0.71239864E-03    0.75182580E-04    0.61524475E-03
-0.13416660E-03    0.27703202E-04   -0.33837114E-03    0.22928724E-03   -0.14259618E-02
-0.35478426E-04   -0.48134900E-03   -0.99690473E-04   -0.26538273E-03    0.62404530E-03
 0.11148642E-02    0.41599384E-03   -0.35620020E-03   -0.45576679E-03    0.21177272E-03
-0.26130971E-03   -0.54116452E-03    0.10095965E-04   -0.82342270E-04   -0.72961151E-06
-0.48331133E-04    0.24899844E-03    0.29154343E-03   -0.12774559E-03   -0.43980473E-03
 0.64809140E-04   -0.12067115E-04   -0.76315938E-05   -0.21898215E-03    0.81707871E-03
 0.10190833E-03    0.26171500E-03    0.11890903E-03    0.24420465E-03   -0.57746905E-03
-0.63896042E-03   -0.13206633E-03    0.26733618E-03    0.22790021E-03   -0.85008867E-04
 0.30697681E-03    0.22947334E-03   -0.12357447E-04    0.34428422E-04    0.15335202E-01
 0.21721552E-02    0.20813871E-02   -0.89146345E-03    0.59792976E-03    0.60003871E-03
 0.82458278E-03   -0.16245730E-03    0.37832624E-05    0.39336479E-02   -0.17570362E-02
 0.15221301E-02    0.87724926E-03    0.94308907E-04   -0.57349735E-03   -0.27211261E-03
-0.11499773E-02   -0.45930545E-02   -0.12931654E-02   -0.30568999E-02   -0.59064455E-03
-0.37116801E-02   -0.23724574E-02    0.18194536E-02   -0.45572838E-03    0.29438165E-04
 0.66622876E-01   -0.30917828E-01    0.28024531E-02   -0.40612654E-02   -0.53361363E-02
 0.29435177E-02   -0.35313145E-02   -0.90821845E-02   -0.49261603E-03    0.24683256E-02
-0.67711942E-04   -0.12474275E-01    0.11045230E-02    0.41795399E-02   -0.89613437E-03
-0.14725112E-02    0.27662146E-02    0.20776507E-02    0.99137325E-03    0.15398125E-01
-0.49822588E-03    0.76601089E-04   -0.11551398E-02    0.29155444E-04    0.38696481E-04
 0.35998502E-03   -0.50090608E-04   -0.35223866E-04   -0.28676962E-04   -0.36495347E-04
-0.25357885E-03    0.19681993E-03    0.31777501E-03    0.35181581E-03    0.93395508E-03
-0.12055836E-02    0.90284515E-03    0.27230655E-02   -0.86251501E-02    0.31463811E-03
-0.10666996E-03   -0.62487210E-04    0.22564077E-03   -0.50686550E-04   -0.37207919E-05
-0.52917808E-05   -0.18328270E-04    0.27295741E-03    0.34912459E-04    0.18487622E-04
 0.47406191E-03    0.12431827E-03   -0.11650515E-03   -0.17347078E-03   -0.25006157E-03
-0.26956608E-03    0.14829672E-02    0.11395664E-03    0.53053482E-03   -0.12379135E-03
 0.27547267E-03    0.23626980E-03   -0.16757981E-04   -0.14240268E-04   -0.18077115E-03
 0.63719529E-05    0.38331093E-04    0.44028413E-04    0.21124410E-03    0.13163454E-03
-0.14129407E-04    0.26124079E-05   -0.91953031E-04   -0.17711830E-04   -0.30525368E-03
-0.23783900E-03   -0.10392595E-03    0.60007268E-04    0.63350395E-04    0.15174759E-05
 0.77722729E-04   -0.10007603E-02   -0.10795770E-03   -0.14106006E-03    0.32921154E-04
-0.86576342E-04   -0.12194593E-04   -0.16866885E-05    0.15960942E-04   -0.42260646E-02
-0.61308089E-03   -0.29177958E-03    0.33599653E-03   -0.29824895E-03   -0.24261787E-04
-0.39833914E-03   -0.28889893E-04    0.16317820E-04   -0.13298766E-02    0.50825813E-03
-0.25844771E-03   -0.88893359E-03   -0.87682219E-04    0.23508847E-03   -0.23751091E-03
 0.34393338E-04    0.77826185E-03   -0.31233237E-02    0.89681019E-03    0.11700664E-03
 0.10678718E-02    0.66070979E-03   -0.41938562E-03    0.89545556E-04    0.19620612E-04
-0.18238630E-01    0.15905941E-01    0.19744192E-01    0.12353050E-02    0.53687712E-02
 0.27901773E-03    0.47057089E-02    0.34017093E-02   -0.45118631E-02   -0.32747238E-03
-0.17365183E-03    0.48041780E-02   -0.28188210E-02   -0.25423841E-02    0.45138924E-02
 0.16294880E-02   -0.70599957E-03   -0.16143979E-02   -0.92234390E-02   -0.10594123E-02
 0.13946166E-01   -0.15376238E-02    0.36805867E-02    0.35964866E-02    0.56936281E-03
-0.43750890E-03   -0.14486060E-02   -0.76080581E-04   -0.11137932E-04    0.10866001E-03
 0.25891993E-03    0.23505654E-03   -0.37683371E-03   -0.15526674E-03   -0.76275962E-03
-0.17616127E-03    0.10438041E-02   -0.67854926E-03    0.26227743E-02   -0.21015080E-01
-0.27665214E-03    0.23920734E-04   -0.50882862E-03   -0.64901992E-03    0.93408294E-04
 0.68638603E-03   -0.15814993E-03    0.52683792E-04   -0.18762995E-03    0.53238623E-03
-0.16412132E-02    0.77395686E-04   -0.57713200E-03   -0.15797885E-04   -0.12481851E-03
 0.39855324E-05   -0.20077673E-04    0.89126974E-03    0.64993359E-03   -0.32059739E-03
 0.44441455E-04   -0.25348837E-03   -0.23471418E-03    0.53493383E-04   -0.82036379E-04
 0.33549297E-03   -0.40285617E-04    0.33135607E-03    0.25128968E-03   -0.17683803E-03
-0.47073333E-03    0.64972901E-04   -0.17003715E-04   -0.94109984E-04   -0.66373136E-03
 0.16562821E-02    0.67853682E-04    0.31934236E-03    0.48185256E-04    0.10931072E-03
-0.19660585E-03    0.34926907E-04   -0.32410735E-03   -0.29758777E-03   -0.30768183E-04
 0.22722901E-03    0.31549450E-03   -0.42074470E-05   -0.41550907E-04    0.38975464E-04
 0.21310980E-01    0.27837712E-02    0.27487906E-02   -0.13107259E-02    0.78575205E-03
 0.76515082E-03    0.95032165E-03   -0.12736729E-03   -0.28486419E-04    0.54270826E-02
-0.26548329E-02    0.30050339E-02    0.12927937E-02    0.68010954E-04   -0.90584318E-03
-0.59955713E-03    0.21527869E-04   -0.38524601E-02   -0.17667435E-02   -0.63888620E-02
-0.14724688E-02   -0.48867296E-02   -0.31399453E-02    0.24721460E-02   -0.65187713E-03
 0.82626364E-04    0.93055764E-01   -0.49812641E-01   -0.11464383E-01   -0.52963437E-02
-0.10733147E-01    0.32795264E-02   -0.74187318E-02   -0.13756081E-01    0.32024186E-02
 0.32836800E-02    0.10138744E-03   -0.18110251E-01    0.45419706E-02    0.44542760E-02
-0.34867630E-02   -0.27635435E-02    0.39720414E-02    0.51432910E-02    0.38864807E-02
 0.13175932E-01   -0.44712304E-02    0.24649970E-01   -0.23209906E-03    0.18532549E-02
 0.13628028E-02    0.24386226E-03   -0.14418807E-03   -0.49034905E-03    0.64746181E-04
 0.72401910E-04    0.10090078E-04   -0.68253704E-05    0.23590721E-03   -0.21991793E-03
-0.35052597E-06   -0.56956373E-03    0.10643447E-03    0.20093047E-03   -0.29302655E-03
 0.12663633E-02   -0.73089501E-02   -0.13856162E-02   -0.36270180E-04   -0.16873239E-03
-0.36492263E-03    0.70868162E-04    0.46976065E-04   -0.11924796E-04    0.28180922E-04
-0.21052317E-03    0.40438390E-03   -0.79717678E-03   -0.24246555E-03   -0.31604188E-03
 0.75356408E-04    0.40742124E-04    0.10887665E-03   -0.10126477E-03    0.51463039E-03
 0.58119472E-04    0.87196251E-03    0.15867152E-03   -0.34251552E-03   -0.39187651E-04
 0.96679269E-04   -0.46486924E-04    0.10376814E-02    0.43222977E-04    0.97056776E-04
 0.12162574E-03   -0.19770244E-03   -0.83968971E-04    0.30661677E-04   -0.59170803E-05
 0.56621956E-05   -0.41577334E-03    0.95190644E-03    0.49467988E-04    0.15791457E-03
-0.12779444E-04   -0.20235320E-05   -0.86745237E-04    0.12722429E-03   -0.18599021E-03
 0.50415558E-04   -0.56252431E-03   -0.46397369E-04    0.27109410E-03   -0.48177451E-04
-0.13927941E-04    0.18104308E-04    0.86711098E-02    0.97212559E-03    0.12212567E-02
-0.49153837E-03    0.30776683E-03    0.46023123E-03    0.96928455E-03   -0.62840527E-04
-0.92860834E-05    0.20013496E-02   -0.11867661E-02    0.12849568E-02    0.45792912E-03
 0.30966378E-04   -0.40037409E-03   -0.26260433E-03    0.17919646E-03   -0.15103611E-02
-0.83798264E-03   -0.23771940E-02   -0.30190952E-02   -0.22476074E-02   -0.12585626E-02
 0.10241168E-02   -0.23828015E-03    0.48885737E-04    0.36613720E-01   -0.22628773E-01
-0.10439540E-01   -0.17761353E-02   -0.58126458E-02    0.10638443E-02   -0.40173391E-02
-0.60089028E-02    0.12987816E-02    0.11947005E-02    0.69036801E-04   -0.72535328E-02
 0.26467711E-02    0.23987122E-02   -0.19517510E-02   -0.14713398E-02    0.16998617E-02
 0.25599582E-02    0.37403668E-02    0.44469697E-02   -0.25781083E-02    0.95424194E-02
 0.11146930E-01   -0.18869791E-02    0.45745979E-02    0.44828428E-02    0.73949572E-03
-0.45376929E-03   -0.17350542E-02    0.14243536E-03   -0.44181478E-04   -0.16280516E-03
 0.31139820E-03    0.23367259E-03   -0.44975725E-03    0.11382957E-03   -0.62520663E-03
-0.79967501E-03    0.16271646E-02   -0.10724706E-02    0.29608324E-02   -0.20759515E-01
-0.21745184E-03   -0.16065068E-03   -0.39847421E-03   -0.14781376E-02    0.12460320E-03
 0.26289670E-03   -0.35535850E-05    0.50020339E-04   -0.77865973E-03    0.10310025E-02
-0.24284761E-02   -0.18576930E-03   -0.79209967E-03    0.13261138E-03    0.18734330E-03
 0.45496582E-04   -0.10803162E-03    0.97135897E-03   -0.77425318E-03   -0.64011063E-03
 0.20182604E-02   -0.94081799E-04   -0.46870378E-03   -0.17890631E-04   -0.11459599E-03
 0.24347568E-03    0.29660611E-04    0.26374534E-03    0.62554324E-03   -0.26118616E-03
-0.15797202E-03   -0.73803404E-04   -0.13505154E-04    0.30245617E-03   -0.91263472E-03
 0.22308511E-02    0.29198010E-03    0.49411030E-03   -0.44430233E-05   -0.69876635E-04
-0.17228905E-03    0.20892832E-03   -0.33475519E-03    0.77631903E-03    0.13954767E-03
-0.14222780E-02    0.15779447E-03    0.13607832E-03    0.28941734E-04    0.36857470E-04
 0.23319412E-01    0.29507246E-02    0.32025034E-02   -0.17000204E-02    0.11244429E-02
 0.83063757E-03    0.15126284E-02   -0.40909090E-03   -0.97031667E-05    0.61141647E-02
-0.25008755E-02    0.33878631E-02    0.13984572E-02    0.21084767E-03   -0.10491824E-02
-0.56798480E-03    0.94588255E-04   -0.40623413E-02   -0.19442201E-02   -0.42540900E-02
-0.10561959E-02   -0.94446941E-02   -0.41203512E-02    0.24367918E-02   -0.53318123E-03
 0.66155292E-04    0.97846638E-01   -0.55993441E-01   -0.18348290E-01   -0.56479054E-02
-0.13269911E-01    0.43840330E-02   -0.97878936E-02   -0.14815731E-01    0.40343285E-02
 0.38163292E-02    0.15102721E-03   -0.20366180E-01    0.51465296E-02    0.35600301E-02
-0.42270742E-02   -0.35583312E-02    0.43100953E-02    0.56773934E-02    0.68145378E-02
 0.13165339E-01   -0.58271647E-02    0.18951640E-01    0.89918917E-02    0.32117008E-01
-0.18694121E-02    0.20252461E-02    0.31752055E-02    0.42203751E-03   -0.26222441E-03
-0.15657883E-02   -0.15999208E-03   -0.43650545E-04   -0.18305917E-04    0.26922655E-03
 0.10612779E-03   -0.17514867E-03    0.64446532E-05   -0.32026411E-03   -0.28254702E-03
 0.41010768E-03   -0.29595094E-03    0.22383707E-02   -0.14784665E-01    0.73400136E-04
 0.11061384E-03    0.60511826E-05   -0.79648075E-03   -0.35343343E-04    0.40622278E-03
 0.58707735E-04    0.28521240E-04   -0.10990691E-03    0.29802944E-03   -0.10751430E-02
-0.16729002E-03   -0.49116684E-03   -0.26271805E-04   -0.55551803E-04    0.80563559E-04
 0.31786755E-04    0.88364441E-03   -0.43545305E-03   -0.74377473E-03    0.48685589E-03
 0.77321434E-03   -0.52331156E-03   -0.54619694E-04   -0.26370791E-04   -0.53996661E-04
-0.81086194E-04   -0.19209266E-04    0.28673720E-03   -0.47847524E-04   -0.22116670E-03
-0.98776034E-04   -0.62951752E-05    0.60428802E-04   -0.40604394E-03    0.10860186E-02
 0.14050401E-03    0.31987436E-03    0.20274082E-04    0.10801364E-03   -0.80626258E-04
 0.12721674E-03   -0.28665989E-03    0.36263671E-03    0.26840936E-03   -0.26965798E-03
-0.39971007E-03    0.13887274E-03    0.92183601E-04    0.84426154E-05    0.14736868E-01
 0.19526616E-02    0.18304057E-02   -0.10399288E-02    0.62737799E-03    0.43863778E-03
 0.91894257E-03   -0.25875130E-03   -0.14322542E-04    0.37220527E-02   -0.16438734E-02
 0.27070155E-02    0.11218664E-02    0.10882731E-03   -0.63276447E-03    0.12230147E-03
 0.18594673E-04   -0.27295464E-02   -0.11421997E-02   -0.28603236E-02   -0.59037687E-03
-0.42356358E-02   -0.44801453E-02    0.15727187E-02   -0.37077690E-03    0.18426198E-04
 0.61838301E-01   -0.34189307E-01   -0.88274995E-02   -0.38222919E-02   -0.73211508E-02
 0.25943823E-02   -0.56270685E-02   -0.90025012E-02    0.18589464E-02    0.25174715E-02
 0.70819814E-04   -0.12059670E-01    0.25038763E-02    0.93689365E-04   -0.29753492E-02
-0.20949602E-02    0.26744298E-02    0.22223682E-02    0.31700259E-02    0.88879692E-02
-0.29098292E-02    0.12472470E-01    0.52080369E-02    0.15536440E-01    0.14834330E-01
 0.23879292E-02   -0.30574617E-02   -0.39694779E-02   -0.61152953E-03    0.46324861E-03
 0.18042273E-02    0.19018432E-03    0.42751110E-05    0.14877730E-03   -0.22712310E-03
-0.18531833E-03    0.39242161E-03    0.17649805E-03    0.53785295E-03   -0.45627969E-04
-0.27871952E-02    0.14836144E-02    0.40736246E-03    0.11843221E-01   -0.89035036E-04
-0.11243459E-03    0.39740211E-03    0.14079692E-02    0.15169437E-03   -0.37697186E-03
 0.80575447E-04   -0.45842640E-04    0.32883440E-03   -0.37818485E-03    0.10309133E-02
-0.72670274E-04    0.57792320E-03    0.19304832E-03   -0.44788281E-03   -0.20385882E-03
-0.11049048E-03   -0.69086114E-03    0.71091528E-03    0.73986475E-03   -0.38784905E-03
 0.13592047E-03    0.21114497E-02    0.87975415E-04    0.72847739E-04   -0.11467863E-03
 0.77205354E-04   -0.37364214E-03   -0.69239670E-03   -0.54567732E-04    0.27621314E-03
 0.67032947E-05    0.31170804E-04   -0.15486085E-04    0.48412129E-03   -0.10124576E-02
-0.19321992E-03   -0.31615181E-03   -0.81072290E-04    0.17729065E-03    0.29765694E-03
 0.95191123E-04    0.27811414E-03   -0.47315696E-03   -0.18696430E-03    0.24680142E-03
-0.24769134E-03   -0.12113500E-02   -0.11257517E-04   -0.45720039E-04   -0.18492293E-01
-0.26182801E-02   -0.22202322E-02    0.86656571E-03   -0.17178248E-02   -0.94411941E-03
-0.11325572E-02    0.12820857E-03    0.38160329E-04   -0.46745424E-02    0.22333114E-02
-0.19009517E-02   -0.11855049E-02   -0.87977612E-04    0.39286668E-03    0.90630730E-03
-0.34027970E-04    0.34772065E-02    0.16193085E-02    0.38945046E-02    0.90618404E-03
 0.45312730E-02    0.27498146E-02   -0.49463693E-02    0.54986938E-03   -0.68781674E-04
-0.82485827E-01    0.41520164E-01    0.66592663E-02    0.50098831E-02    0.79921103E-02
-0.23210414E-02    0.88155480E-02    0.12846338E-01   -0.10212516E-02   -0.30242989E-02
-0.99991607E-04    0.15511014E-01   -0.32993184E-02   -0.52212702E-02    0.26971796E-02
 0.23406347E-02   -0.23208014E-02   -0.51842325E-02   -0.19520454E-02   -0.12075712E-01
 0.28903113E-02   -0.16957799E-01   -0.66563284E-02   -0.17053629E-01   -0.11030318E-01
 0.22705446E-01   -0.24157640E-03    0.17254613E-02    0.16981369E-02    0.18867084E-03
-0.13776469E-03   -0.59768822E-03    0.10342413E-03    0.20407915E-04   -0.11105650E-04
 0.91358871E-04    0.15871142E-03   -0.15068338E-03   -0.38918835E-04   -0.39139912E-03
-0.59109425E-03    0.35683811E-03   -0.41436632E-03    0.98115025E-03   -0.61746230E-02
-0.49804507E-03    0.63022048E-04   -0.17271557E-03   -0.35436986E-03    0.14937959E-03
 0.66577742E-04    0.16298518E-04    0.12937131E-04   -0.17031033E-03    0.22227641E-03
-0.12151849E-02   -0.26700014E-03   -0.28779862E-03    0.47067028E-04    0.14944337E-03
-0.29929952E-04   -0.28074596E-04    0.32908304E-03   -0.10915516E-03   -0.23545594E-03
 0.70459659E-04   -0.15647988E-03   -0.15279652E-03    0.45289776E-03   -0.35099033E-04
 0.36667404E-03   -0.29666794E-04    0.10946381E-03    0.12961650E-03   -0.15193592E-03
-0.20603753E-04    0.15077738E-04   -0.69649419E-05    0.23121300E-04   -0.25441339E-03
 0.98599359E-03    0.10746329E-03    0.17254958E-03    0.28783721E-05   -0.88705758E-04
-0.23512189E-04    0.77028987E-04   -0.15017169E-03    0.18962240E-03    0.67908202E-04
 0.69614881E-04    0.24234640E-03    0.19393850E-04   -0.15134561E-03    0.12485069E-04
 0.91436798E-02    0.11942198E-02    0.11578501E-02   -0.61888082E-03    0.41373440E-03
 0.28643106E-03    0.62386274E-03   -0.13463246E-03    0.17016541E-05    0.22909366E-02
-0.10936094E-02    0.14083137E-02    0.68775344E-03    0.49500682E-04   -0.39028605E-03
-0.24853180E-03    0.22964071E-03   -0.16065724E-02   -0.68876351E-03   -0.19072974E-02
-0.40017777E-03   -0.21401386E-02   -0.13139156E-02    0.10388950E-02   -0.92663018E-03
 0.25269382E-04    0.38127683E-01   -0.24279782E-01   -0.13576049E-01   -0.22905957E-02
-0.63505153E-02    0.99792852E-03   -0.48191462E-02   -0.60675269E-02    0.29132674E-02
 0.14352669E-02    0.90765516E-04   -0.78981638E-02    0.27979852E-02    0.13828962E-02
-0.31313212E-02   -0.16629796E-02    0.15384055E-02    0.28979939E-02    0.52213473E-02
 0.46662280E-02   -0.37689311E-02    0.83161767E-02    0.40479182E-02    0.91249312E-02
 0.55750023E-02   -0.70945825E-02    0.63777260E-02    0.55749235E-04   -0.27119778E-03
-0.22008617E-03   -0.27881818E-04    0.22329715E-04    0.64902886E-04   -0.12366570E-04
 0.17688234E-05   -0.55847075E-05   -0.32448630E-05   -0.25502273E-04    0.20100145E-04
-0.10668087E-04    0.58015733E-04    0.32061793E-04   -0.88433541E-04    0.52183751E-04
-0.65661365E-04    0.58190781E-03    0.88251895E-04    0.11616572E-04    0.36230603E-04
 0.32181731E-04   -0.17478520E-04   -0.26588708E-04    0.29341768E-05   -0.17134801E-05
 0.48322518E-04   -0.55856546E-04    0.10060026E-03    0.18385407E-04    0.32256119E-04
-0.14913919E-04   -0.42344308E-04   -0.88634069E-05   -0.14004000E-05   -0.49698420E-04
 0.28462333E-04    0.30010923E-04   -0.36570041E-04    0.40039548E-04    0.19261420E-04
-0.73824158E-05    0.16920685E-04   -0.69994804E-04   -0.84281716E-05   -0.24907519E-04
-0.93286023E-05    0.19756946E-04    0.13829422E-04    0.28082589E-06    0.48546457E-06
 0.33942935E-05    0.59953463E-04   -0.87345183E-04   -0.69871999E-05   -0.16369510E-04
 0.78122285E-05    0.39782781E-04    0.22187275E-05   -0.80518199E-05    0.32814332E-04
-0.30539025E-04   -0.12972936E-04   -0.12906349E-04   -0.37336058E-04    0.81952889E-06
 0.65756122E-06   -0.12909644E-04   -0.93421156E-03   -0.10832881E-03   -0.14502363E-03
 0.57495611E-04   -0.32642496E-04   -0.38085995E-04   -0.69169823E-04    0.11315173E-04
-0.17631334E-05   -0.25182515E-03    0.12402082E-03   -0.14779767E-03   -0.60245500E-04
 0.90521637E-06    0.56625066E-04    0.10273429E-03   -0.16975028E-04    0.15191930E-03
 0.10323067E-03    0.21490942E-03    0.63848558E-04    0.23480573E-03    0.12233228E-03
-0.11450036E-03    0.26111613E-04   -0.21136696E-04   -0.40142458E-02    0.24077833E-02
 0.12626689E-02    0.19276032E-03    0.69249141E-03   -0.94092524E-04    0.45036584E-03
 0.66232749E-03   -0.22448663E-03   -0.14159409E-03   -0.63781469E-05    0.85292496E-03
-0.31023048E-03   -0.12067623E-03    0.25036263E-03    0.14419326E-03   -0.21285253E-03
-0.54869867E-03   -0.47851269E-03   -0.45386605E-03    0.29266860E-03   -0.89341587E-03
-0.45358438E-03   -0.96308839E-03   -0.51759973E-03    0.75769793E-03   -0.44492873E-03
 0.10294036E-03   -0.26010756E-03   -0.10697424E-02   -0.12772821E-02    0.17004400E-05
-0.14050093E-03    0.18877098E-03   -0.17338739E-03   -0.54645014E-04   -0.11620924E-03
 0.14833116E-03   -0.22668177E-03    0.23180215E-03   -0.49218270E-03    0.43217570E-03
-0.83700035E-03    0.14373297E-03    0.15575676E-04    0.97798010E-04   -0.16837569E-02
 0.70037072E-02   -0.14146917E-03   -0.15519644E-03    0.24964462E-04   -0.37333032E-03
-0.48621093E-03   -0.28860403E-04   -0.62404873E-05    0.39975987E-03   -0.12740473E-03
-0.34593069E-03    0.48597627E-04    0.12664069E-03    0.20143039E-04    0.13119750E-03
-0.21603865E-03    0.48561563E-05    0.49193729E-04    0.51051933E-04    0.20233248E-03
 0.32360385E-04    0.12347895E-03    0.21363824E-03   -0.14038718E-03    0.12276372E-05
-0.55782239E-02   -0.44984015E-05    0.91095018E-05    0.55712352E-05    0.13105453E-03
 0.55351422E-04   -0.16738909E-04    0.69855739E-05   -0.47925390E-04    0.12801748E-03
-0.29664541E-04    0.15993547E-04   -0.75112081E-04    0.23188542E-06   -0.27906313E-04
 0.70125610E-04    0.18682689E-04    0.43313358E-04   -0.80900354E-04    0.16641460E-04
-0.36001145E-04   -0.50036453E-04    0.21514641E-04    0.12407243E-04   -0.83563350E-05
-0.19002232E-03   -0.50338905E-05   -0.60222062E-04   -0.15934627E-03   -0.11080282E-03
-0.16221133E-03   -0.22069845E-03    0.22237858E-04   -0.29610998E-04    0.38494770E-03
 0.16999082E-03   -0.10778029E-03   -0.48034326E-04   -0.17230765E-04   -0.90089586E-06
 0.21481476E-03   -0.17559451E-03    0.16668240E-03    0.20665741E-03    0.16770531E-03
 0.32002331E-03   -0.11646260E-04   -0.12586125E-05   -0.12691836E-03   -0.82688669E-06
-0.16472151E-04    0.29538922E-02    0.18277336E-02    0.42383142E-02   -0.12768212E-02
 0.92889563E-03    0.60981701E-03    0.86053773E-03    0.33885638E-03   -0.28564355E-03
 0.56291056E-04    0.25689204E-04   -0.87186887E-03   -0.89754065E-03    0.21173770E-03
 0.61124365E-03    0.23765266E-03    0.10621727E-03   -0.81738759E-03   -0.17128320E-02
 0.12078666E-03    0.16342556E-03   -0.22667382E-03   -0.10262837E-02   -0.14886953E-03
 0.10103414E-03    0.17543512E-04   -0.33752326E-03    0.69547124E-04    0.58084487E-02
 0.15548758E-03   -0.87957361E-04   -0.16831984E-04   -0.70131052E-04    0.16396920E-03
 0.21545383E-03    0.15735953E-03    0.11355396E-04    0.78086047E-04   -0.13551549E-03
 0.12461673E-03   -0.22058519E-03    0.35484000E-03   -0.22734877E-03    0.37449243E-03
-0.18303298E-03    0.46237317E-04   -0.68274756E-04    0.17847545E-02   -0.22396252E-02
 0.19083864E-04    0.19518396E-03    0.62870396E-04    0.16483285E-03    0.19578835E-03
-0.80436323E-06    0.10299528E-04   -0.15089220E-03   -0.16822403E-03    0.16094352E-03
-0.22182233E-04    0.30364523E-04   -0.10410932E-04   -0.11117941E-03    0.11514104E-03
-0.66631055E-04   -0.15475673E-03    0.17045649E-06   -0.22604768E-03   -0.26045150E-04
-0.24347991E-04    0.51907604E-04    0.69344231E-04    0.10552475E-04    0.15968512E-02
-0.38815414E-04   -0.58672043E-04   -0.20655488E-06   -0.46543836E-04    0.26843722E-04
 0.22276741E-04   -0.27780759E-05    0.20648647E-04    0.66588182E-04   -0.18912150E-04
 0.19400379E-04   -0.24424986E-04    0.14731002E-04    0.46378225E-04   -0.83884340E-05
-0.20040423E-04    0.28962418E-04   -0.19130252E-04   -0.22461261E-04   -0.25784989E-04
-0.26562088E-04   -0.33316171E-04   -0.83167206E-05   -0.21330259E-05   -0.53240976E-03
-0.15214147E-02   -0.48322584E-04    0.67831163E-04    0.51028029E-04    0.50920817E-04
 0.55626572E-04    0.29421667E-04    0.62573898E-05   -0.34823722E-03   -0.37660961E-07
 0.17679521E-03   -0.98683680E-04   -0.58515490E-06    0.18722192E-04   -0.70492020E-04
 0.10422173E-03    0.96975810E-05   -0.94171197E-04    0.28942693E-04   -0.17421997E-03
 0.11216498E-03    0.70172317E-04   -0.63189827E-04    0.23167131E-04    0.95007238E-05
-0.44286627E-02    0.58169307E-04   -0.25645962E-02    0.33723731E-02   -0.38325554E-03
-0.43802877E-03   -0.49496894E-03    0.15757168E-03    0.26326442E-03   -0.21791257E-03
 0.63509479E-05    0.88125065E-03    0.34355644E-03   -0.74198309E-03   -0.16344276E-03
-0.70329332E-04   -0.14797394E-03    0.23964266E-03    0.11061859E-02   -0.48827186E-03
-0.54198234E-04   -0.33153093E-03    0.43793586E-03   -0.31342713E-03   -0.28564086E-03
 0.57966423E-03   -0.25763819E-04   -0.15548976E-04   -0.17190267E-02    0.20514687E-02
-0.63541908E-02    0.48708075E-02    0.56136117E-02    0.11051342E-02   -0.64852986E-03
-0.36862990E-02   -0.77639880E-03   -0.25291606E-03    0.28636576E-05    0.20868747E-03
-0.35927141E-04    0.61219748E-03   -0.17571552E-03    0.33521287E-03   -0.37481860E-03
 0.22420514E-02   -0.14920027E-02    0.95425000E-03   -0.81334963E-02   -0.37803364E-03
 0.39473175E-04   -0.44571826E-03   -0.10446749E-02   -0.15935746E-03    0.12692579E-02
-0.29882738E-03    0.73753529E-04   -0.56450581E-03    0.10411944E-02   -0.12428170E-02
-0.18006608E-03   -0.66222323E-03   -0.24220305E-03   -0.19074835E-03    0.75541656E-03
 0.96004237E-04    0.16766801E-02   -0.98642300E-03   -0.11523468E-02   -0.74572514E-05
-0.52392537E-03   -0.75109367E-03   -0.14415885E-03   -0.13484026E-03    0.41224015E-03
-0.29446977E-04    0.35106253E-03    0.52267106E-03    0.21839234E-03   -0.53123833E-03
 0.17754256E-03   -0.47860785E-04    0.27094661E-03   -0.90900529E-03    0.11113462E-02
 0.13700084E-03    0.35084611E-03    0.18531525E-03    0.14461120E-03   -0.38948883E-03
-0.14125242E-04   -0.72703804E-03    0.63500838E-03    0.35289268E-03   -0.50580873E-04
 0.38755793E-03    0.53564477E-03    0.22559033E-04    0.74021659E-04    0.11110732E-01
 0.16375123E-02    0.15121620E-02   -0.78243205E-03    0.46341074E-03    0.53109051E-03
 0.52752207E-03   -0.75058307E-04   -0.13134914E-04    0.29934866E-02   -0.14512395E-02
 0.13486451E-02    0.68730246E-03    0.10288111E-03   -0.40002960E-03   -0.29527642E-03
 0.54132699E-04   -0.19559017E-02   -0.11091477E-02   -0.20378897E-02   -0.34979501E-03
-0.27557954E-02   -0.18846000E-02    0.13046882E-02   -0.28948776E-03    0.41629724E-04
 0.37182829E-01   -0.17772288E-01   -0.25564074E-03   -0.25517581E-02   -0.33693068E-02
 0.16079700E-02   -0.26101888E-02   -0.51938839E-02    0.34293547E-03    0.13279514E-02
-0.95215516E-05   -0.72633245E-02    0.15741168E-02    0.16787276E-02   -0.36193360E-03
-0.10690354E-02    0.15020695E-02    0.15409812E-02   -0.39176192E-03    0.56020939E-02
-0.71379310E-03    0.66173849E-02    0.24985411E-02    0.75430514E-02    0.52822871E-02
-0.65792899E-02    0.25319413E-02   -0.30720710E-03   -0.44251518E-03   -0.25961105E-03
 0.11667199E-01    0.38794496E-02   -0.57717081E-02   -0.50766632E-02   -0.97150666E-03
 0.63102315E-03    0.24843448E-02    0.13927841E-03    0.20359469E-03    0.20255901E-05
-0.19897053E-03    0.27099622E-04   -0.38314345E-03    0.10163562E-03   -0.23058997E-03
 0.26008573E-03   -0.17576332E-02    0.13098618E-02   -0.89093707E-03    0.70539959E-02
 0.44330454E-03    0.39532166E-04    0.60791467E-03    0.85306831E-03   -0.84080730E-04
-0.99437048E-03    0.21159588E-03   -0.60953675E-04    0.60043336E-03   -0.11831150E-02
 0.22457530E-02    0.25270222E-03    0.61051170E-03    0.14077129E-03    0.30534195E-03
-0.49887500E-03   -0.23095611E-03   -0.14133614E-02    0.78281225E-03    0.72223111E-03
-0.17454037E-03    0.62071890E-03    0.48515402E-03   -0.36605307E-04    0.13751272E-03
-0.48745351E-03    0.25253675E-04   -0.44315114E-03   -0.38029387E-03    0.58551590E-04
 0.40587695E-03   -0.14473902E-03    0.39403717E-04   -0.21776847E-03    0.94392267E-03
-0.15791699E-02   -0.14908827E-03   -0.30820003E-03   -0.14445086E-03   -0.23935191E-03
 0.30482036E-03    0.56928002E-04    0.62534854E-03   -0.62854131E-03   -0.21375425E-03
 0.60127590E-04   -0.50468986E-03   -0.26243040E-03    0.46424629E-05   -0.70218367E-04
-0.98556464E-02   -0.14902150E-02   -0.13578231E-02    0.64305024E-03   -0.37024059E-03
-0.38372580E-03   -0.51546433E-03    0.85056281E-04    0.88196397E-05   -0.26519142E-02
 0.12896293E-02   -0.14864922E-02   -0.61402301E-03   -0.10447953E-03    0.36213618E-03
 0.24240687E-03   -0.54879450E-04    0.17427028E-02    0.10258992E-02    0.18143183E-02
 0.35878405E-03    0.24265507E-02    0.15472653E-02   -0.10604008E-02    0.28753216E-03
-0.40440309E-04   -0.31183703E-01    0.16075414E-01    0.69951555E-03    0.23221124E-02
 0.31438660E-02   -0.13468765E-02    0.22288659E-02    0.42727720E-02   -0.35133476E-03
-0.11627383E-02    0.21170745E-05    0.64122983E-02   -0.14911746E-02   -0.77664721E-03
 0.50481646E-03    0.94173544E-03   -0.13250347E-02   -0.13648263E-02    0.17436966E-03
-0.48215397E-02    0.52805546E-03   -0.57956957E-02   -0.22614637E-02   -0.67114288E-02
-0.43979984E-02    0.55140228E-02   -0.23059033E-02    0.27746869E-03    0.49004205E-03
 0.21467440E-03   -0.90124163E-02    0.76617219E-02   -0.30468358E-02    0.47673642E-02
 0.38401929E-02    0.76018281E-03   -0.54123518E-03   -0.18469955E-02   -0.98182371E-04
-0.16681655E-03    0.11036803E-04    0.15653018E-03   -0.17339110E-04    0.29306874E-03
-0.97808069E-04    0.18393939E-03   -0.20452317E-03    0.14096035E-02   -0.12050574E-02
 0.76767848E-03   -0.57508426E-02   -0.36843021E-03   -0.15852884E-04   -0.51944715E-03
-0.71732290E-03    0.88195551E-04    0.77153191E-03   -0.17134594E-03    0.49158999E-04
-0.46580946E-03    0.99533181E-03   -0.18945583E-02   -0.15272249E-03   -0.48912516E-03
-0.11460590E-03   -0.27855825E-03    0.39601586E-03    0.18156811E-03    0.11280857E-02
-0.64231178E-03   -0.52859634E-03    0.17602182E-03   -0.54974076E-03   -0.35096910E-03
 0.38320461E-04   -0.11114072E-03    0.40232425E-03   -0.50387206E-04    0.38310927E-03
 0.30187261E-03   -0.61080912E-04   -0.33203210E-03    0.13949101E-03   -0.37353543E-04
 0.16641117E-03   -0.80906684E-03    0.13174519E-02    0.88970589E-04    0.26106767E-03
 0.13412098E-03    0.24539636E-03   -0.23996977E-03   -0.23837637E-04   -0.50464506E-03
 0.56337515E-03    0.16917647E-03   -0.77495358E-04    0.42428842E-03    0.22053958E-03
-0.11369023E-04    0.55503024E-04    0.82608114E-02    0.12495591E-02    0.11281584E-02
-0.53146694E-03    0.31970321E-03    0.32280757E-03    0.45991388E-03   -0.78411907E-04
-0.41694395E-05    0.22283819E-02   -0.10771788E-02    0.12169213E-02    0.52122696E-03
 0.87928105E-04   -0.30503652E-03   -0.20061912E-03    0.43268961E-04   -0.14704507E-02
-0.86360792E-03   -0.15132029E-02   -0.32157713E-03   -0.20819992E-02   -0.12863941E-02
 0.86432181E-03   -0.23831500E-03    0.31932917E-04    0.25359752E-01   -0.13502389E-01
-0.64824507E-03   -0.19432149E-02   -0.25991006E-02    0.11246890E-02   -0.18825975E-02
-0.35234322E-02    0.24111109E-03    0.96325721E-03   -0.45528817E-05   -0.53493005E-02
 0.12261517E-02    0.61155807E-03   -0.48016338E-03   -0.76681140E-03    0.10969907E-02
 0.11166383E-02   -0.52734868E-04    0.40180342E-02   -0.42590569E-03    0.47950806E-02
 0.18880234E-02    0.56433520E-02    0.36287089E-02   -0.45539978E-02    0.19025311E-02
-0.22774238E-03   -0.39576209E-03   -0.17640078E-03    0.71233974E-02   -0.62110145E-02
 0.52605571E-02    0.11914753E-02   -0.15129983E-02   -0.11290483E-02   -0.30801637E-03
 0.20083197E-03    0.64431185E-03    0.10449993E-03    0.22766284E-04    0.41222300E-04
-0.10581396E-03   -0.41406436E-04    0.12365082E-04    0.42483673E-04    0.99171456E-04
 0.10229772E-03   -0.72718627E-03    0.50027726E-03   -0.64836283E-03    0.56096547E-02
-0.15920187E-03   -0.34117422E-05    0.21869097E-03    0.33762418E-03    0.58745448E-04
-0.11708747E-03    0.53518362E-04   -0.18095995E-04    0.17947961E-03   -0.31431358E-03
 0.64366591E-03    0.47088187E-04    0.21142431E-03    0.19974417E-04   -0.15762668E-04
-0.16197539E-04    0.50998765E-04   -0.38779557E-03    0.22084488E-03    0.20461149E-03
-0.76067772E-04    0.17350258E-03    0.14553492E-03    0.41741832E-05    0.38734832E-04
 0.76009004E-04    0.28912101E-05   -0.16589894E-03   -0.14641550E-03   -0.19017043E-04
 0.23181937E-04   -0.16509429E-04    0.79106741E-05   -0.71446036E-04    0.28105581E-03
-0.54477318E-03   -0.54725185E-04   -0.13240369E-03   -0.22676070E-04   -0.79831787E-05
 0.29019046E-04   -0.55661106E-04    0.14423072E-03   -0.17021970E-03   -0.73681677E-04
-0.93315647E-05   -0.14961229E-03   -0.50927057E-04    0.12425357E-04   -0.20479260E-04
-0.67466787E-02   -0.98266764E-03   -0.92782274E-03    0.45559360E-03   -0.25899986E-03
-0.27117063E-03   -0.43223764E-03    0.86416479E-04    0.46497036E-05   -0.18187673E-02
 0.76119281E-03   -0.89026372E-03   -0.40751207E-03   -0.45780557E-04    0.28152415E-03
 0.15419772E-03   -0.43469367E-04    0.11739634E-02    0.54947812E-03    0.13092262E-02
 0.25728127E-03    0.16480487E-02    0.99670627E-03   -0.69591982E-03    0.19531667E-03
-0.19745813E-04   -0.26503306E-01    0.13329910E-01    0.22777657E-02    0.17445928E-02
 0.28807160E-02   -0.10910207E-02    0.20238277E-02    0.38114631E-02   -0.46713056E-03
-0.99782721E-03   -0.19403484E-04    0.52482335E-02   -0.10453688E-02   -0.11836388E-02
 0.77386224E-03    0.80197019E-03   -0.11058340E-02   -0.13498341E-02   -0.58685721E-03
-0.36525932E-02    0.11436732E-02   -0.51096718E-02   -0.20357877E-02   -0.55471186E-02
-0.34950290E-02    0.45655897E-02   -0.22047126E-02    0.23373544E-03   -0.11886522E-03
 0.25727678E-03   -0.28223670E-02    0.23538622E-02   -0.19134029E-02    0.17419346E-02
 0.38489011E-05    0.45878160E-03    0.49342733E-03    0.75322402E-04   -0.14644362E-04
-0.10196704E-03    0.76933632E-04    0.15877901E-04   -0.23788742E-04    0.77076410E-05
 0.11821546E-03   -0.36344428E-04   -0.15366095E-04   -0.12364206E-03   -0.36295152E-03
 0.18362891E-03   -0.12526251E-03    0.22969444E-03    0.10382314E-03   -0.47994730E-03
-0.77144844E-05   -0.46377574E-04   -0.11280643E-03    0.36914580E-04   -0.62463729E-04
-0.63016784E-07    0.12637886E-04   -0.15616223E-03    0.47169857E-04   -0.15879106E-03
-0.35214953E-04   -0.10182100E-03    0.20330470E-04    0.60908630E-04    0.51344402E-04
-0.75727747E-05    0.46892417E-04   -0.79690359E-04   -0.18198166E-03    0.45778514E-04
-0.66914691E-04   -0.38371186E-04    0.40566544E-04   -0.73622021E-05    0.33566100E-03
 0.23178987E-05    0.46191217E-04    0.35183020E-04   -0.41372182E-04    0.54285773E-04
-0.21711596E-05   -0.40466232E-05    0.27089386E-04   -0.10345753E-03    0.22981168E-03
 0.13732894E-04    0.55259584E-04   -0.86260339E-06   -0.50697185E-04   -0.28946719E-06
 0.14968101E-04   -0.47356195E-04    0.81758934E-04    0.57466320E-04    0.16713755E-04
 0.42832356E-04    0.20412568E-04   -0.13409565E-04    0.24857836E-05    0.28140841E-02
 0.26642653E-03    0.38192576E-03   -0.17728378E-03    0.15218564E-03    0.14334587E-03
 0.22636330E-03   -0.39814405E-04   -0.12025962E-05    0.68062612E-03   -0.29295903E-03
 0.42937077E-03    0.18224291E-03    0.28860570E-04   -0.12854045E-03   -0.96118047E-04
 0.43024618E-04   -0.49399203E-03   -0.16880334E-03   -0.58226653E-03   -0.12684964E-03
-0.70739756E-03   -0.40783549E-03    0.31464523E-03   -0.80456699E-04    0.38549954E-05
 0.88567211E-02   -0.87981990E-02   -0.94601872E-02   -0.42027293E-03   -0.30589976E-02
-0.15899934E-03   -0.23101691E-02   -0.19641936E-02    0.19972072E-02    0.32590068E-03
 0.75449073E-04   -0.23068729E-02    0.14013636E-02    0.34371115E-03   -0.13814110E-02
-0.76966764E-03    0.35329034E-03    0.13825646E-02    0.42158528E-02    0.63639811E-03
-0.22075419E-02    0.23524737E-02    0.14810545E-02    0.31254115E-02    0.16979526E-02
-0.17994978E-02    0.18640380E-02   -0.17676418E-03   -0.36542286E-03    0.19215495E-03
 0.62073414E-03   -0.58613891E-03    0.49332397E-03   -0.64868926E-03    0.11907480E-02
 0.59940879E-03    0.53364047E-03    0.19878890E-02    0.48243733E-04    0.47635790E-04
-0.36321019E-03    0.25264257E-03    0.11083789E-03    0.11847504E-03   -0.78558847E-04
 0.38223270E-03   -0.19623614E-03   -0.50062333E-03   -0.61703028E-03   -0.30378891E-02
-0.15061186E-04    0.80865998E-04    0.79020027E-03    0.21120240E-02   -0.17401266E-02
 0.68550699E-04    0.95186982E-04   -0.24623069E-03    0.23298037E-03    0.66808807E-04
 0.28884131E-04    0.33820101E-04   -0.41065346E-03    0.14397927E-03   -0.18134932E-03
 0.18617478E-05   -0.27027814E-03    0.94883057E-04    0.28822345E-03    0.11170931E-03
-0.74562680E-04   -0.14121171E-04   -0.15841225E-04   -0.46980512E-03    0.19217529E-03
-0.95722054E-05   -0.17015365E-03    0.12779874E-03    0.56040999E-05    0.11794132E-02
 0.21378793E-04   -0.95814072E-04    0.15284864E-04   -0.19752373E-03    0.11233632E-04
-0.11197195E-04   -0.11179057E-04    0.49540813E-04   -0.31951824E-03    0.45483360E-03
 0.56276600E-04    0.13879338E-03   -0.35134440E-04   -0.29594501E-03    0.36580261E-04
 0.68842683E-04   -0.14024357E-03    0.92782529E-04    0.16716995E-04    0.19522250E-04
 0.88814191E-06    0.50108718E-04   -0.17503320E-04   -0.20470395E-06    0.68099969E-02
 0.56688057E-03    0.87723037E-03   -0.41164518E-03    0.46961028E-03    0.38565466E-03
 0.69176539E-03   -0.16491901E-03   -0.36488785E-05    0.14180358E-02   -0.10132220E-02
 0.11147325E-02    0.39689895E-03    0.29606957E-04   -0.29502822E-03   -0.31711027E-03
 0.13613551E-03   -0.12741659E-02   -0.40796940E-03   -0.15599993E-02   -0.53550814E-03
-0.18698382E-02   -0.11375796E-02    0.91539057E-03   -0.15695323E-03    0.17069172E-04
 0.24734635E-01   -0.29182417E-01   -0.37013866E-01   -0.12037348E-02   -0.10830865E-01
-0.12003556E-02   -0.83156502E-02   -0.60258943E-02    0.79324091E-02    0.93874609E-03
 0.29016939E-03   -0.66999140E-02    0.53969742E-02    0.43738381E-03   -0.51155828E-02
-0.26263864E-02    0.95963888E-03    0.49897460E-02    0.16677474E-01    0.10780203E-02
-0.81541158E-02    0.73380961E-02    0.50959900E-02    0.10337780E-01    0.54105948E-02
-0.52246670E-02    0.64866083E-02   -0.62784393E-03   -0.13059800E-02    0.72640040E-03
 0.11963892E-02   -0.11711438E-02    0.98465497E-03   -0.15500369E-02    0.36868852E-02
 0.17606314E-01    0.34471441E-02   -0.45953834E-02   -0.40704842E-02   -0.75285079E-03
 0.52503587E-03    0.20089188E-02    0.17437583E-03    0.19267051E-03    0.34811600E-04
-0.15720624E-03    0.78567782E-05   -0.31757245E-03    0.67635732E-04   -0.19119305E-03
 0.22944571E-03   -0.13313745E-02    0.10413641E-02   -0.76871998E-03    0.58292049E-02
 0.43020819E-03   -0.48613746E-05    0.43323039E-03    0.10350609E-02   -0.16289931E-03
-0.67698390E-03    0.11734803E-03   -0.48444155E-04    0.75957388E-03   -0.12060315E-02
 0.16676742E-02   -0.74244854E-04    0.60860099E-03    0.10948642E-03    0.16845837E-03
-0.42869224E-03    0.53465523E-04   -0.14460000E-02    0.74787947E-03    0.54071620E-03
-0.29986938E-03    0.48079881E-03    0.49773818E-03   -0.47327256E-05    0.10814380E-03
-0.44351744E-03    0.52690123E-04   -0.33847267E-03   -0.57706329E-03    0.10394313E-03
 0.20506708E-03   -0.81904974E-04    0.31862068E-04   -0.43648793E-03    0.96328683E-03
-0.12284871E-02    0.10797065E-03   -0.34697932E-03   -0.12010264E-03   -0.11592066E-03
 0.24158436E-03   -0.16639878E-03    0.74791126E-03   -0.59395281E-03   -0.12958481E-03
 0.18526036E-03   -0.36450180E-03   -0.33006735E-03   -0.30046680E-05   -0.55968372E-04
-0.84394198E-02   -0.12450994E-02   -0.11600183E-02    0.56661765E-03   -0.46268015E-03
-0.30096190E-03   -0.47598498E-03    0.87604036E-04    0.43475053E-05   -0.23873677E-02
 0.11182718E-02   -0.12668116E-02   -0.43268554E-03   -0.12722232E-03    0.32393338E-03
 0.22264213E-03   -0.19765268E-04    0.14256863E-02    0.96411386E-03    0.14981848E-02
 0.35126014E-03    0.21896098E-02    0.13670676E-02   -0.93523353E-03    0.23892255E-03
-0.32082698E-04   -0.26229499E-01    0.13740336E-01    0.68864970E-03    0.19045482E-02
 0.26902174E-02   -0.11637389E-02    0.21375696E-02    0.35971807E-02   -0.13181323E-03
-0.10189165E-02    0.90934578E-05    0.56541616E-02   -0.12148093E-02   -0.64020764E-03
 0.36543683E-03    0.85335997E-03   -0.11425335E-02   -0.11997701E-02    0.36300383E-04
-0.40037948E-02    0.35749292E-03   -0.48103577E-02   -0.19347506E-02   -0.58590463E-02
-0.38038791E-02    0.47414874E-02   -0.19543622E-02    0.23040578E-03    0.50151717E-03
 0.14745472E-03   -0.74674958E-02    0.63898046E-02   -0.53104108E-02    0.19703341E-02
-0.51250325E-03   -0.10139795E-02    0.62621869E-02   -0.37869551E-03    0.28888034E-03
 0.41285969E-03    0.49156603E-04   -0.22821231E-04   -0.24160440E-03   -0.34118552E-04
-0.27833948E-04    0.30263097E-04   -0.26498243E-04   -0.45255742E-04    0.13147178E-03
-0.28311328E-05    0.13105333E-03   -0.28330844E-04   -0.13320202E-03    0.59177394E-04
-0.16198043E-03    0.20583086E-02   -0.15204655E-03    0.38500539E-04   -0.21156493E-04
 0.85403041E-04    0.34240237E-04    0.20947630E-03   -0.24193610E-04    0.36426394E-05
 0.36264345E-04    0.13756227E-03    0.18268613E-04   -0.42178004E-04    0.23792749E-04
-0.43033034E-04   -0.62550094E-04    0.10737375E-03    0.72315915E-04    0.97616778E-04
 0.12118714E-04   -0.14553575E-04   -0.80934093E-04   -0.65012921E-04   -0.28708492E-04
 0.47715836E-06   -0.88341501E-05    0.11341039E-03   -0.32147127E-04   -0.10533145E-04
-0.52164395E-04    0.12385241E-04   -0.10084151E-03    0.33582936E-04   -0.62201986E-05
-0.24130947E-04   -0.70898392E-04   -0.97123412E-04   -0.46508343E-05   -0.25240080E-04
 0.35955374E-04    0.37974800E-04   -0.44556405E-04   -0.48704063E-04   -0.82982801E-04
-0.28244990E-04   -0.60407008E-05    0.19888798E-04    0.48831695E-04    0.59480090E-04
 0.88607304E-06    0.56062823E-05   -0.23807458E-02   -0.31153823E-03   -0.33029171E-03
 0.17394182E-03   -0.12341314E-03   -0.86231041E-04   -0.17684100E-03    0.36655118E-04
-0.74137204E-06   -0.64461818E-03    0.20797504E-03   -0.31342387E-03   -0.11435132E-03
-0.55591870E-05    0.10612838E-03    0.43216169E-04   -0.33114905E-04    0.41209701E-03
 0.11494569E-03    0.47047162E-03    0.93585137E-04    0.58369805E-03    0.34591306E-03
-0.25504792E-03    0.72058266E-04   -0.37196639E-05   -0.10931618E-01    0.61389991E-02
 0.17194660E-02    0.67350963E-03    0.14225572E-02   -0.48832434E-03    0.10065007E-02
 0.16557730E-02   -0.25620930E-03   -0.41676512E-03   -0.11449931E-04    0.23035197E-02
-0.40273866E-03   -0.55937052E-03    0.44071996E-03    0.34499368E-03   -0.46491021E-03
-0.63294858E-03   -0.54522453E-03   -0.14508356E-02    0.71408128E-03   -0.22739137E-02
-0.97121341E-03   -0.24402988E-02   -0.14914428E-02    0.19455914E-02   -0.10504268E-02
 0.98611376E-04   -0.14113551E-03    0.83009799E-04    0.51427489E-03   -0.37083446E-03
 0.28445013E-03    0.55122265E-03   -0.32803026E-03   -0.93168052E-03   -0.26576222E-03
 0.70249765E-03   -0.14988754E-03    0.81915843E-04   -0.22100714E-03    0.43046807E-04
-0.47107104E-04    0.38736558E-04   -0.34863704E-04   -0.14220810E-04   -0.96897320E-05
 0.30537782E-04   -0.88058526E-04   -0.65971894E-05    0.90706062E-04    0.61462778E-04
 0.54075427E-03    0.15534210E-05   -0.22791960E-04    0.15422040E-03   -0.26488177E-02
 0.47197562E-03   -0.61367976E-05   -0.25305603E-04    0.76785774E-05   -0.68270623E-04
 0.65574714E-05    0.60259635E-05   -0.53323669E-05    0.85299105E-04    0.68623636E-04
-0.10236495E-03   -0.17717347E-04    0.20875781E-04   -0.64277586E-05   -0.70653619E-04
-0.77460752E-04   -0.15975860E-04    0.50751971E-04    0.62993576E-05    0.10301264E-03
 0.11893054E-04   -0.39623902E-04    0.30245671E-04   -0.31995159E-04   -0.39028677E-05
-0.30253116E-03    0.31522353E-05    0.30671096E-04   -0.10617587E-04    0.46489535E-04
-0.12815127E-04   -0.95760323E-05    0.33515971E-05    0.63559853E-05   -0.33865558E-05
-0.20272403E-04   -0.11812228E-04    0.24863462E-05   -0.62405673E-05    0.93204502E-04
-0.59443271E-05    0.13174803E-05   -0.57925729E-05   -0.10201809E-04    0.49141689E-06
-0.10027348E-04    0.16575141E-04   -0.68293119E-04    0.71739162E-05    0.24968007E-06
 0.22935746E-03    0.15925704E-03    0.17017352E-04   -0.46108631E-04   -0.61467546E-04
-0.37857140E-04   -0.12118679E-04    0.82771549E-05    0.15803724E-05    0.16779701E-03
 0.32021084E-04   -0.13235747E-03   -0.78196795E-05   -0.25475051E-05   -0.68489075E-05
 0.30742947E-04    0.20310767E-04   -0.14326564E-04   -0.63182365E-04    0.51073285E-04
 0.25488924E-04   -0.36002466E-04   -0.14588007E-04   -0.63554248E-04   -0.11073017E-04
-0.31690104E-05    0.26104516E-02    0.25073410E-02    0.80584697E-02   -0.32613914E-03
 0.16981392E-02    0.68483462E-03    0.13501325E-02    0.27625624E-03   -0.18197180E-02
 0.11778520E-03   -0.68621963E-04   -0.11986183E-03   -0.93815202E-03    0.34061193E-03
 0.95870932E-03    0.39314102E-03    0.13895127E-03   -0.77770109E-03   -0.38303971E-02
 0.95016057E-03    0.16687445E-02   -0.10853196E-03   -0.46749749E-03   -0.53066441E-03
-0.12836112E-03   -0.20357673E-03   -0.84158357E-03    0.82432693E-04    0.34714324E-03
-0.26082911E-03    0.46754387E-04   -0.37581980E-04    0.50142058E-04   -0.80027850E-04
-0.74564408E-03   -0.32001208E-02   -0.32729336E-04   -0.40593611E-04    0.11586288E-02
