Mplus VERSION 9
MUTHEN & MUTHEN
10/02/2026   9:53 AM

INPUT INSTRUCTIONS



    TITLE:
    Class-1_pp_LGCA
    DATA:
    FILE = "corrected_imputations.list";
    TYPE = IMPUTATION;

    VARIABLE:
    NAMES = SEX12 EDU12 URBAN12 PROV12 CDN12 CDAR12 CDSC12 MINOR12 HUKOU12 PINC12
         PINC212 CORES12 HEAL12 MARR12 ECO12 HWC12 SAT12 ADL12 FINC12 FID WAVE
  WFDMS12
         WFDMS16 WFDMS18 WFDMS20 WFDMS22 WFDCS12 WFDCS16 WFDCS18 WFDCS20 WFDCS22
         WFDDS712 WFDDS716 WFDDS718 WFDDS720 WFDDS722 WFDDS912 WFDDS916 WFDDS918
         WFDDS920 WFDDS922 CES8SD12 CES8SD16 CES8SD18 CES8SD20 CES8SD22 AGEG12
  AGEG16
         AGEG18 AGEG20 AGEG22 PROV122 PROV123 CDSC121 CDSC122 PINCM112 PINCM212
  HEAL121
         HEAL123 ECO122 ECO123 HWC122 HWC123 PID;
     MISSING=.;
     usevar =



    wfdds912 wfdds916 wfdds918 wfdds920 wfdds922
    ces8sd12 ces8sd16 ces8sd18 ces8sd20 ces8sd22


    sex12 edu12 urban12
    prov122 prov123
    cdn12 cdar12
    cdsc121 cdsc122
    minor12 wave


    ageg12 pinc12 pinc212 cores12 heal121 heal123
    marr12 eco122 eco123 hwc122 hwc123 hukou12 sat12 adl12 finc12










    ;
    idvariable=pid;
    cluster=fid;
    ANALYSIS:
    estimator = mlr;
    TYPE=COMPLEX;





    PROCESSORS = 1;
    coverage = 0.005;
    MODEL:




    i4 s4 | wfdds912@0 wfdds916@4 wfdds918@6 wfdds920@8 wfdds922@10;
    i5 s5 | ces8sd12@0 ces8sd16*4 ces8sd18*6 ces8sd20*8 ces8sd22@10;










    i5 on i4 ;


    s5 on i4 s4 i5 ;



    i5 s5 on sex12 edu12 urban12 prov122 prov123;
    i5 s5 on cdn12 cdar12 cdsc121 cdsc122 minor12 wave ;


    i5 s5 on ageg12 pinc12 pinc212 cores12 heal121 heal123;
    i5 s5 on marr12 hukou12 eco122 eco123 hwc122 hwc123 sat12 adl12 finc12;
























    OUTPUT:
    tech1 tech8 tech10 tech11 tech14 sampstat patterns stdyx;
    SAVEDATA:
    FILE = corrected_savedata.txt;
    SAVE = CPROB;
    PLOT:
    type = plot3;
    series = wfdds912-wfdds922(s4)|ces8sd12-ces8sd22(s5);






*** WARNING in SAVEDATA command
  The FILE option is not available for TYPE=MONTECARLO or TYPE=IMPUTATION
  unless the filename has *.  The FILE option will be ignored.
*** WARNING in SAVEDATA command
  Class probabilities can only be saved for TYPE=MIXTURE.
*** ERROR in SAVEDATA command
  No filename given for saving raw data.  SAVE options ignored.
*** WARNING in PLOT command
  PLOT1 and PLOT3 options are not available with TYPE=IMPUTATION in the DATA command.
  Request for PLOT1 and/or PLOT3 will be ignored.
*** WARNING in OUTPUT command
  TECH10 option is not available with multiple imputation.
  Request for TECH10 is ignored.
*** WARNING in OUTPUT command
  TECH8 option is available only with analysis types MIXTURE, RANDOM, or
  TWOLEVEL with estimators ML, MLF, or MLR or ALGORITHM=INTEGRATION.
  Request for TECH8 is ignored.
*** WARNING in OUTPUT command
  TECH11 option is available only with TYPE=MIXTURE.
  Request for TECH11 is ignored.
*** WARNING in OUTPUT command
  TECH14 option is available only with TYPE=MIXTURE.
  Request for TECH14 is ignored.
   1 ERROR(S) FOUND IN THE INPUT INSTRUCTIONS
   7 WARNING(S) FOUND IN THE INPUT INSTRUCTIONS




Class-1_pp_LGCA

SUMMARY OF ANALYSIS

Number of groups                                                 1
Average number of observations                                3274

Number of replications
    Requested                                                   10
    Completed                                                   10

Number of dependent variables                                   10
Number of independent variables                                 26
Number of continuous latent variables                            4

Observed dependent variables

  Continuous
   WFDDS912    WFDDS916    WFDDS918    WFDDS920    WFDDS922    CES8SD12
   CES8SD16    CES8SD18    CES8SD20    CES8SD22

Observed independent variables
   SEX12       EDU12       URBAN12     PROV122     PROV123     CDN12
   CDAR12      CDSC121     CDSC122     MINOR12     WAVE        AGEG12
   PINC12      PINC212     CORES12     HEAL121     HEAL123     MARR12
   ECO122      ECO123      HWC122      HWC123      HUKOU12     SAT12
   ADL12       FINC12

Continuous latent variables
   I4          S4          I5          S5

Variables with special functions

  Cluster variable      FID
  ID variable           PID

Estimator                                                      MLR
Information matrix                                        OBSERVED
Maximum number of iterations                                  1000
Convergence criterion                                    0.500D-04
Maximum number of steepest descent iterations                   20
Maximum number of iterations for H1                           2000
Convergence criterion for H1                             0.100D-03

Input data file(s)
  Multiple data files from
    corrected_imputations.list

Input data format  FREE


SUMMARY OF DATA FOR THE FIRST DATA SET

     Number of missing data patterns           102
     Number of clusters                       2410



SUMMARY OF MISSING DATA PATTERNS FOR THE FIRST DATA SET


     MISSING DATA PATTERNS (x = not missing)

           1  2  3  4  5  6  7  8  9 10 11 12 13 14 15 16 17 18 19 20
 WFDDS912  x  x  x  x  x  x  x  x  x  x  x  x  x  x  x  x  x  x  x  x
 WFDDS916  x  x  x  x  x  x  x  x  x  x  x  x  x  x  x  x  x  x  x  x
 WFDDS918  x  x  x  x  x  x  x  x  x  x  x  x  x  x  x  x  x  x  x  x
 WFDDS920  x  x  x  x  x  x  x  x  x
 WFDDS922  x  x  x  x  x              x  x  x  x  x
 CES8SD12  x  x  x  x  x  x  x  x  x  x  x  x  x  x  x  x  x  x  x  x
 CES8SD16  x  x  x  x  x  x  x  x  x  x  x  x  x     x  x  x  x  x
 CES8SD18  x  x  x  x     x  x  x     x  x  x     x  x  x  x  x     x
 CES8SD20  x  x        x  x  x     x  x           x  x  x
 CES8SD22  x     x     x  x           x  x     x  x  x     x
 SEX12     x  x  x  x  x  x  x  x  x  x  x  x  x  x  x  x  x  x  x  x
 EDU12     x  x  x  x  x  x  x  x  x  x  x  x  x  x  x  x  x  x  x  x
 URBAN12   x  x  x  x  x  x  x  x  x  x  x  x  x  x  x  x  x  x  x  x
 PROV122   x  x  x  x  x  x  x  x  x  x  x  x  x  x  x  x  x  x  x  x
 PROV123   x  x  x  x  x  x  x  x  x  x  x  x  x  x  x  x  x  x  x  x
 CDN12     x  x  x  x  x  x  x  x  x  x  x  x  x  x  x  x  x  x  x  x
 CDAR12    x  x  x  x  x  x  x  x  x  x  x  x  x  x  x  x  x  x  x  x
 CDSC121   x  x  x  x  x  x  x  x  x  x  x  x  x  x  x  x  x  x  x  x
 CDSC122   x  x  x  x  x  x  x  x  x  x  x  x  x  x  x  x  x  x  x  x
 MINOR12   x  x  x  x  x  x  x  x  x  x  x  x  x  x  x  x  x  x  x  x
 WAVE      x  x  x  x  x  x  x  x  x  x  x  x  x  x  x  x  x  x  x  x
 AGEG12    x  x  x  x  x  x  x  x  x  x  x  x  x  x  x  x  x  x  x  x
 PINC12    x  x  x  x  x  x  x  x  x  x  x  x  x  x  x  x  x  x  x  x
 PINC212   x  x  x  x  x  x  x  x  x  x  x  x  x  x  x  x  x  x  x  x
 CORES12   x  x  x  x  x  x  x  x  x  x  x  x  x  x  x  x  x  x  x  x
 HEAL121   x  x  x  x  x  x  x  x  x  x  x  x  x  x  x  x  x  x  x  x
 HEAL123   x  x  x  x  x  x  x  x  x  x  x  x  x  x  x  x  x  x  x  x
 MARR12    x  x  x  x  x  x  x  x  x  x  x  x  x  x  x  x  x  x  x  x
 ECO122    x  x  x  x  x  x  x  x  x  x  x  x  x  x  x  x  x  x  x  x
 ECO123    x  x  x  x  x  x  x  x  x  x  x  x  x  x  x  x  x  x  x  x
 HWC122    x  x  x  x  x  x  x  x  x  x  x  x  x  x  x  x  x  x  x  x
 HWC123    x  x  x  x  x  x  x  x  x  x  x  x  x  x  x  x  x  x  x  x
 HUKOU12   x  x  x  x  x  x  x  x  x  x  x  x  x  x  x  x  x  x  x  x
 SAT12     x  x  x  x  x  x  x  x  x  x  x  x  x  x  x  x  x  x  x  x
 ADL12     x  x  x  x  x  x  x  x  x  x  x  x  x  x  x  x  x  x  x  x
 FINC12    x  x  x  x  x  x  x  x  x  x  x  x  x  x  x  x  x  x  x  x

          21 22 23 24 25 26 27 28 29 30 31 32 33 34 35 36 37 38 39 40
 WFDDS912  x  x  x  x  x  x  x  x  x  x  x  x  x  x  x  x  x  x  x  x
 WFDDS916  x  x  x  x  x  x  x  x  x  x  x  x  x  x  x  x  x  x  x  x
 WFDDS918
 WFDDS920  x  x  x  x  x  x  x  x
 WFDDS922  x  x  x                 x  x  x  x  x
 CES8SD12  x  x  x  x  x  x  x  x  x  x  x  x  x  x  x  x  x  x  x  x
 CES8SD16  x  x  x  x  x  x  x  x  x  x  x  x  x  x  x  x  x  x  x  x
 CES8SD18  x  x     x  x           x  x           x  x  x  x
 CES8SD20  x  x  x  x     x  x     x     x        x  x        x  x
 CES8SD22  x     x        x        x  x  x  x     x     x     x     x
 SEX12     x  x  x  x  x  x  x  x  x  x  x  x  x  x  x  x  x  x  x  x
 EDU12     x  x  x  x  x  x  x  x  x  x  x  x  x  x  x  x  x  x  x  x
 URBAN12   x  x  x  x  x  x  x  x  x  x  x  x  x  x  x  x  x  x  x  x
 PROV122   x  x  x  x  x  x  x  x  x  x  x  x  x  x  x  x  x  x  x  x
 PROV123   x  x  x  x  x  x  x  x  x  x  x  x  x  x  x  x  x  x  x  x
 CDN12     x  x  x  x  x  x  x  x  x  x  x  x  x  x  x  x  x  x  x  x
 CDAR12    x  x  x  x  x  x  x  x  x  x  x  x  x  x  x  x  x  x  x  x
 CDSC121   x  x  x  x  x  x  x  x  x  x  x  x  x  x  x  x  x  x  x  x
 CDSC122   x  x  x  x  x  x  x  x  x  x  x  x  x  x  x  x  x  x  x  x
 MINOR12   x  x  x  x  x  x  x  x  x  x  x  x  x  x  x  x  x  x  x  x
 WAVE      x  x  x  x  x  x  x  x  x  x  x  x  x  x  x  x  x  x  x  x
 AGEG12    x  x  x  x  x  x  x  x  x  x  x  x  x  x  x  x  x  x  x  x
 PINC12    x  x  x  x  x  x  x  x  x  x  x  x  x  x  x  x  x  x  x  x
 PINC212   x  x  x  x  x  x  x  x  x  x  x  x  x  x  x  x  x  x  x  x
 CORES12   x  x  x  x  x  x  x  x  x  x  x  x  x  x  x  x  x  x  x  x
 HEAL121   x  x  x  x  x  x  x  x  x  x  x  x  x  x  x  x  x  x  x  x
 HEAL123   x  x  x  x  x  x  x  x  x  x  x  x  x  x  x  x  x  x  x  x
 MARR12    x  x  x  x  x  x  x  x  x  x  x  x  x  x  x  x  x  x  x  x
 ECO122    x  x  x  x  x  x  x  x  x  x  x  x  x  x  x  x  x  x  x  x
 ECO123    x  x  x  x  x  x  x  x  x  x  x  x  x  x  x  x  x  x  x  x
 HWC122    x  x  x  x  x  x  x  x  x  x  x  x  x  x  x  x  x  x  x  x
 HWC123    x  x  x  x  x  x  x  x  x  x  x  x  x  x  x  x  x  x  x  x
 HUKOU12   x  x  x  x  x  x  x  x  x  x  x  x  x  x  x  x  x  x  x  x
 SAT12     x  x  x  x  x  x  x  x  x  x  x  x  x  x  x  x  x  x  x  x
 ADL12     x  x  x  x  x  x  x  x  x  x  x  x  x  x  x  x  x  x  x  x
 FINC12    x  x  x  x  x  x  x  x  x  x  x  x  x  x  x  x  x  x  x  x

          41 42 43 44 45 46 47 48 49 50 51 52 53 54 55 56 57 58 59 60
 WFDDS912  x  x  x  x  x  x  x  x  x  x  x  x  x  x  x  x  x  x  x  x
 WFDDS916  x
 WFDDS918     x  x  x  x  x  x  x  x  x  x  x  x  x
 WFDDS920     x  x  x  x                             x  x  x  x  x  x
 WFDDS922     x           x  x  x  x  x              x  x  x
 CES8SD12  x  x  x  x  x  x  x  x  x  x  x  x  x  x  x  x  x  x  x  x
 CES8SD16  x              x              x  x        x        x
 CES8SD18     x  x  x  x  x  x  x  x     x  x  x  x           x  x
 CES8SD20     x  x  x        x           x     x     x  x  x  x  x  x
 CES8SD22     x  x        x  x  x     x  x           x  x
 SEX12     x  x  x  x  x  x  x  x  x  x  x  x  x  x  x  x  x  x  x  x
 EDU12     x  x  x  x  x  x  x  x  x  x  x  x  x  x  x  x  x  x  x  x
 URBAN12   x  x  x  x  x  x  x  x  x  x  x  x  x  x  x  x  x  x  x  x
 PROV122   x  x  x  x  x  x  x  x  x  x  x  x  x  x  x  x  x  x  x  x
 PROV123   x  x  x  x  x  x  x  x  x  x  x  x  x  x  x  x  x  x  x  x
 CDN12     x  x  x  x  x  x  x  x  x  x  x  x  x  x  x  x  x  x  x  x
 CDAR12    x  x  x  x  x  x  x  x  x  x  x  x  x  x  x  x  x  x  x  x
 CDSC121   x  x  x  x  x  x  x  x  x  x  x  x  x  x  x  x  x  x  x  x
 CDSC122   x  x  x  x  x  x  x  x  x  x  x  x  x  x  x  x  x  x  x  x
 MINOR12   x  x  x  x  x  x  x  x  x  x  x  x  x  x  x  x  x  x  x  x
 WAVE      x  x  x  x  x  x  x  x  x  x  x  x  x  x  x  x  x  x  x  x
 AGEG12    x  x  x  x  x  x  x  x  x  x  x  x  x  x  x  x  x  x  x  x
 PINC12    x  x  x  x  x  x  x  x  x  x  x  x  x  x  x  x  x  x  x  x
 PINC212   x  x  x  x  x  x  x  x  x  x  x  x  x  x  x  x  x  x  x  x
 CORES12   x  x  x  x  x  x  x  x  x  x  x  x  x  x  x  x  x  x  x  x
 HEAL121   x  x  x  x  x  x  x  x  x  x  x  x  x  x  x  x  x  x  x  x
 HEAL123   x  x  x  x  x  x  x  x  x  x  x  x  x  x  x  x  x  x  x  x
 MARR12    x  x  x  x  x  x  x  x  x  x  x  x  x  x  x  x  x  x  x  x
 ECO122    x  x  x  x  x  x  x  x  x  x  x  x  x  x  x  x  x  x  x  x
 ECO123    x  x  x  x  x  x  x  x  x  x  x  x  x  x  x  x  x  x  x  x
 HWC122    x  x  x  x  x  x  x  x  x  x  x  x  x  x  x  x  x  x  x  x
 HWC123    x  x  x  x  x  x  x  x  x  x  x  x  x  x  x  x  x  x  x  x
 HUKOU12   x  x  x  x  x  x  x  x  x  x  x  x  x  x  x  x  x  x  x  x
 SAT12     x  x  x  x  x  x  x  x  x  x  x  x  x  x  x  x  x  x  x  x
 ADL12     x  x  x  x  x  x  x  x  x  x  x  x  x  x  x  x  x  x  x  x
 FINC12    x  x  x  x  x  x  x  x  x  x  x  x  x  x  x  x  x  x  x  x

          61 62 63 64 65 66 67 68 69 70 71 72 73 74 75 76 77 78 79 80
 WFDDS912  x  x  x  x  x  x  x  x  x  x  x  x  x  x
 WFDDS916                                            x  x  x  x  x  x
 WFDDS918                                            x  x  x  x  x  x
 WFDDS920                                            x  x  x
 WFDDS922  x  x  x  x                                x        x  x
 CES8SD12  x  x  x  x  x  x  x  x  x  x  x  x  x  x  x  x  x  x  x  x
 CES8SD16  x           x  x  x  x  x  x  x  x        x  x  x  x  x  x
 CES8SD18  x  x        x  x  x  x              x  x  x  x  x  x  x  x
 CES8SD20  x     x     x  x        x  x        x     x  x     x     x
 CES8SD22  x  x     x  x     x     x     x           x        x  x
 SEX12     x  x  x  x  x  x  x  x  x  x  x  x  x  x  x  x  x  x  x  x
 EDU12     x  x  x  x  x  x  x  x  x  x  x  x  x  x  x  x  x  x  x  x
 URBAN12   x  x  x  x  x  x  x  x  x  x  x  x  x  x  x  x  x  x  x  x
 PROV122   x  x  x  x  x  x  x  x  x  x  x  x  x  x  x  x  x  x  x  x
 PROV123   x  x  x  x  x  x  x  x  x  x  x  x  x  x  x  x  x  x  x  x
 CDN12     x  x  x  x  x  x  x  x  x  x  x  x  x  x  x  x  x  x  x  x
 CDAR12    x  x  x  x  x  x  x  x  x  x  x  x  x  x  x  x  x  x  x  x
 CDSC121   x  x  x  x  x  x  x  x  x  x  x  x  x  x  x  x  x  x  x  x
 CDSC122   x  x  x  x  x  x  x  x  x  x  x  x  x  x  x  x  x  x  x  x
 MINOR12   x  x  x  x  x  x  x  x  x  x  x  x  x  x  x  x  x  x  x  x
 WAVE      x  x  x  x  x  x  x  x  x  x  x  x  x  x  x  x  x  x  x  x
 AGEG12    x  x  x  x  x  x  x  x  x  x  x  x  x  x  x  x  x  x  x  x
 PINC12    x  x  x  x  x  x  x  x  x  x  x  x  x  x  x  x  x  x  x  x
 PINC212   x  x  x  x  x  x  x  x  x  x  x  x  x  x  x  x  x  x  x  x
 CORES12   x  x  x  x  x  x  x  x  x  x  x  x  x  x  x  x  x  x  x  x
 HEAL121   x  x  x  x  x  x  x  x  x  x  x  x  x  x  x  x  x  x  x  x
 HEAL123   x  x  x  x  x  x  x  x  x  x  x  x  x  x  x  x  x  x  x  x
 MARR12    x  x  x  x  x  x  x  x  x  x  x  x  x  x  x  x  x  x  x  x
 ECO122    x  x  x  x  x  x  x  x  x  x  x  x  x  x  x  x  x  x  x  x
 ECO123    x  x  x  x  x  x  x  x  x  x  x  x  x  x  x  x  x  x  x  x
 HWC122    x  x  x  x  x  x  x  x  x  x  x  x  x  x  x  x  x  x  x  x
 HWC123    x  x  x  x  x  x  x  x  x  x  x  x  x  x  x  x  x  x  x  x
 HUKOU12   x  x  x  x  x  x  x  x  x  x  x  x  x  x  x  x  x  x  x  x
 SAT12     x  x  x  x  x  x  x  x  x  x  x  x  x  x  x  x  x  x  x  x
 ADL12     x  x  x  x  x  x  x  x  x  x  x  x  x  x  x  x  x  x  x  x
 FINC12    x  x  x  x  x  x  x  x  x  x  x  x  x  x  x  x  x  x  x  x

          81 82 83 84 85 86 87 88 89 90 91 92 93 94 95 96 97 98 99 100
 WFDDS912
 WFDDS916  x  x  x  x  x  x  x  x
 WFDDS918  x  x                    x  x
 WFDDS920        x
 WFDDS922           x              x
 CES8SD12  x  x  x  x  x  x  x  x  x  x  x  x  x  x  x  x  x  x  x   x
 CES8SD16  x  x  x  x  x  x  x  x        x  x  x  x  x  x  x
 CES8SD18  x           x  x        x  x  x  x  x  x           x  x   x
 CES8SD20        x     x           x     x  x        x        x  x
 CES8SD22           x        x     x     x     x        x     x      x
 SEX12     x  x  x  x  x  x  x  x  x  x  x  x  x  x  x  x  x  x  x   x
 EDU12     x  x  x  x  x  x  x  x  x  x  x  x  x  x  x  x  x  x  x   x
 URBAN12   x  x  x  x  x  x  x  x  x  x  x  x  x  x  x  x  x  x  x   x
 PROV122   x  x  x  x  x  x  x  x  x  x  x  x  x  x  x  x  x  x  x   x
 PROV123   x  x  x  x  x  x  x  x  x  x  x  x  x  x  x  x  x  x  x   x
 CDN12     x  x  x  x  x  x  x  x  x  x  x  x  x  x  x  x  x  x  x   x
 CDAR12    x  x  x  x  x  x  x  x  x  x  x  x  x  x  x  x  x  x  x   x
 CDSC121   x  x  x  x  x  x  x  x  x  x  x  x  x  x  x  x  x  x  x   x
 CDSC122   x  x  x  x  x  x  x  x  x  x  x  x  x  x  x  x  x  x  x   x
 MINOR12   x  x  x  x  x  x  x  x  x  x  x  x  x  x  x  x  x  x  x   x
 WAVE      x  x  x  x  x  x  x  x  x  x  x  x  x  x  x  x  x  x  x   x
 AGEG12    x  x  x  x  x  x  x  x  x  x  x  x  x  x  x  x  x  x  x   x
 PINC12    x  x  x  x  x  x  x  x  x  x  x  x  x  x  x  x  x  x  x   x
 PINC212   x  x  x  x  x  x  x  x  x  x  x  x  x  x  x  x  x  x  x   x
 CORES12   x  x  x  x  x  x  x  x  x  x  x  x  x  x  x  x  x  x  x   x
 HEAL121   x  x  x  x  x  x  x  x  x  x  x  x  x  x  x  x  x  x  x   x
 HEAL123   x  x  x  x  x  x  x  x  x  x  x  x  x  x  x  x  x  x  x   x
 MARR12    x  x  x  x  x  x  x  x  x  x  x  x  x  x  x  x  x  x  x   x
 ECO122    x  x  x  x  x  x  x  x  x  x  x  x  x  x  x  x  x  x  x   x
 ECO123    x  x  x  x  x  x  x  x  x  x  x  x  x  x  x  x  x  x  x   x
 HWC122    x  x  x  x  x  x  x  x  x  x  x  x  x  x  x  x  x  x  x   x
 HWC123    x  x  x  x  x  x  x  x  x  x  x  x  x  x  x  x  x  x  x   x
 HUKOU12   x  x  x  x  x  x  x  x  x  x  x  x  x  x  x  x  x  x  x   x
 SAT12     x  x  x  x  x  x  x  x  x  x  x  x  x  x  x  x  x  x  x   x
 ADL12     x  x  x  x  x  x  x  x  x  x  x  x  x  x  x  x  x  x  x   x
 FINC12    x  x  x  x  x  x  x  x  x  x  x  x  x  x  x  x  x  x  x   x

          101 102
 WFDDS912
 WFDDS916
 WFDDS918
 WFDDS920
 WFDDS922
 CES8SD12   x   x
 CES8SD16
 CES8SD18   x
 CES8SD20       x
 CES8SD22       x
 SEX12      x   x
 EDU12      x   x
 URBAN12    x   x
 PROV122    x   x
 PROV123    x   x
 CDN12      x   x
 CDAR12     x   x
 CDSC121    x   x
 CDSC122    x   x
 MINOR12    x   x
 WAVE       x   x
 AGEG12     x   x
 PINC12     x   x
 PINC212    x   x
 CORES12    x   x
 HEAL121    x   x
 HEAL123    x   x
 MARR12     x   x
 ECO122     x   x
 ECO123     x   x
 HWC122     x   x
 HWC123     x   x
 HUKOU12    x   x
 SAT12      x   x
 ADL12      x   x
 FINC12     x   x


     MISSING DATA PATTERN FREQUENCIES

    Pattern   Frequency     Pattern   Frequency     Pattern   Frequency
          1         384          35          10          69           1
          2          12          36           5          70           5
          3           8          37          59          71           1
          4           1          38           1          72          42
          5           3          39           5          73           3
          6           8          40           1          74          11
          7         296          41         578          75           5
          8          16          42          25          76           5
          9           3          43           1          77           1
         10          38          44          20          78           2
         11         147          45           3          79           4
         12           6          46           1          80           1
         13           2          47           4          81          22
         14           2          48          10          82           1
         15           1          49           2          83           1
         16          26          50           1          84           2
         17           2          51           1          85           1
         18         687          52           5          86           2
         19          20          53           3          87           1
         20           5          54         124          88          47
         21          18          55           2          89           1
         22           1          56           3          90           5
         23          25          57           1          91          70
         24          18          58           2          92          49
         25           2          59           2          93           9
         26           1          60          15          94          77
         27          39          61           1          95           4
         28           2          62           2          96           1
         29           4          63           1          97          52
         30           5          64           8          98           1
         31           3          65          27          99           4
         32          21          66          24         100           4
         33           3          67          11         101           7
         34          10          68          54         102           1


COVARIANCE COVERAGE OF DATA FOR THE FIRST DATA SET

Minimum covariance coverage value   0.005


     PROPORTION OF DATA PRESENT


           Covariance Coverage
              WFDDS912      WFDDS916      WFDDS918      WFDDS920      WFDDS922
              ________      ________      ________      ________      ________
 WFDDS912       0.884
 WFDDS916       0.757         0.786
 WFDDS918       0.570         0.522         0.585
 WFDDS920       0.278         0.259         0.242         0.282
 WFDDS922       0.227         0.213         0.201         0.149         0.232
 CES8SD12       0.884         0.786         0.585         0.282         0.232
 CES8SD16       0.809         0.784         0.522         0.261         0.213
 CES8SD18       0.644         0.554         0.575         0.253         0.209
 CES8SD20       0.320         0.282         0.257         0.272         0.163
 CES8SD22       0.241         0.215         0.199         0.148         0.223
 SEX12          0.884         0.786         0.585         0.282         0.232
 EDU12          0.884         0.786         0.585         0.282         0.232
 URBAN12        0.884         0.786         0.585         0.282         0.232
 PROV122        0.884         0.786         0.585         0.282         0.232
 PROV123        0.884         0.786         0.585         0.282         0.232
 CDN12          0.884         0.786         0.585         0.282         0.232
 CDAR12         0.884         0.786         0.585         0.282         0.232
 CDSC121        0.884         0.786         0.585         0.282         0.232
 CDSC122        0.884         0.786         0.585         0.282         0.232
 MINOR12        0.884         0.786         0.585         0.282         0.232
 WAVE           0.884         0.786         0.585         0.282         0.232
 AGEG12         0.884         0.786         0.585         0.282         0.232
 PINC12         0.884         0.786         0.585         0.282         0.232
 PINC212        0.884         0.786         0.585         0.282         0.232
 CORES12        0.884         0.786         0.585         0.282         0.232
 HEAL121        0.884         0.786         0.585         0.282         0.232
 HEAL123        0.884         0.786         0.585         0.282         0.232
 MARR12         0.884         0.786         0.585         0.282         0.232
 ECO122         0.884         0.786         0.585         0.282         0.232
 ECO123         0.884         0.786         0.585         0.282         0.232
 HWC122         0.884         0.786         0.585         0.282         0.232
 HWC123         0.884         0.786         0.585         0.282         0.232
 HUKOU12        0.884         0.786         0.585         0.282         0.232
 SAT12          0.884         0.786         0.585         0.282         0.232
 ADL12          0.884         0.786         0.585         0.282         0.232
 FINC12         0.884         0.786         0.585         0.282         0.232


           Covariance Coverage
              CES8SD12      CES8SD16      CES8SD18      CES8SD20      CES8SD22
              ________      ________      ________      ________      ________
 CES8SD12       1.000
 CES8SD16       0.918         0.918
 CES8SD18       0.726         0.653         0.726
 CES8SD20       0.365         0.338         0.330         0.365
 CES8SD22       0.272         0.252         0.248         0.196         0.272
 SEX12          1.000         0.918         0.726         0.365         0.272
 EDU12          1.000         0.918         0.726         0.365         0.272
 URBAN12        1.000         0.918         0.726         0.365         0.272
 PROV122        1.000         0.918         0.726         0.365         0.272
 PROV123        1.000         0.918         0.726         0.365         0.272
 CDN12          1.000         0.918         0.726         0.365         0.272
 CDAR12         1.000         0.918         0.726         0.365         0.272
 CDSC121        1.000         0.918         0.726         0.365         0.272
 CDSC122        1.000         0.918         0.726         0.365         0.272
 MINOR12        1.000         0.918         0.726         0.365         0.272
 WAVE           1.000         0.918         0.726         0.365         0.272
 AGEG12         1.000         0.918         0.726         0.365         0.272
 PINC12         1.000         0.918         0.726         0.365         0.272
 PINC212        1.000         0.918         0.726         0.365         0.272
 CORES12        1.000         0.918         0.726         0.365         0.272
 HEAL121        1.000         0.918         0.726         0.365         0.272
 HEAL123        1.000         0.918         0.726         0.365         0.272
 MARR12         1.000         0.918         0.726         0.365         0.272
 ECO122         1.000         0.918         0.726         0.365         0.272
 ECO123         1.000         0.918         0.726         0.365         0.272
 HWC122         1.000         0.918         0.726         0.365         0.272
 HWC123         1.000         0.918         0.726         0.365         0.272
 HUKOU12        1.000         0.918         0.726         0.365         0.272
 SAT12          1.000         0.918         0.726         0.365         0.272
 ADL12          1.000         0.918         0.726         0.365         0.272
 FINC12         1.000         0.918         0.726         0.365         0.272


           Covariance Coverage
              SEX12         EDU12         URBAN12       PROV122       PROV123
              ________      ________      ________      ________      ________
 SEX12          1.000
 EDU12          1.000         1.000
 URBAN12        1.000         1.000         1.000
 PROV122        1.000         1.000         1.000         1.000
 PROV123        1.000         1.000         1.000         1.000         1.000
 CDN12          1.000         1.000         1.000         1.000         1.000
 CDAR12         1.000         1.000         1.000         1.000         1.000
 CDSC121        1.000         1.000         1.000         1.000         1.000
 CDSC122        1.000         1.000         1.000         1.000         1.000
 MINOR12        1.000         1.000         1.000         1.000         1.000
 WAVE           1.000         1.000         1.000         1.000         1.000
 AGEG12         1.000         1.000         1.000         1.000         1.000
 PINC12         1.000         1.000         1.000         1.000         1.000
 PINC212        1.000         1.000         1.000         1.000         1.000
 CORES12        1.000         1.000         1.000         1.000         1.000
 HEAL121        1.000         1.000         1.000         1.000         1.000
 HEAL123        1.000         1.000         1.000         1.000         1.000
 MARR12         1.000         1.000         1.000         1.000         1.000
 ECO122         1.000         1.000         1.000         1.000         1.000
 ECO123         1.000         1.000         1.000         1.000         1.000
 HWC122         1.000         1.000         1.000         1.000         1.000
 HWC123         1.000         1.000         1.000         1.000         1.000
 HUKOU12        1.000         1.000         1.000         1.000         1.000
 SAT12          1.000         1.000         1.000         1.000         1.000
 ADL12          1.000         1.000         1.000         1.000         1.000
 FINC12         1.000         1.000         1.000         1.000         1.000


           Covariance Coverage
              CDN12         CDAR12        CDSC121       CDSC122       MINOR12
              ________      ________      ________      ________      ________
 CDN12          1.000
 CDAR12         1.000         1.000
 CDSC121        1.000         1.000         1.000
 CDSC122        1.000         1.000         1.000         1.000
 MINOR12        1.000         1.000         1.000         1.000         1.000
 WAVE           1.000         1.000         1.000         1.000         1.000
 AGEG12         1.000         1.000         1.000         1.000         1.000
 PINC12         1.000         1.000         1.000         1.000         1.000
 PINC212        1.000         1.000         1.000         1.000         1.000
 CORES12        1.000         1.000         1.000         1.000         1.000
 HEAL121        1.000         1.000         1.000         1.000         1.000
 HEAL123        1.000         1.000         1.000         1.000         1.000
 MARR12         1.000         1.000         1.000         1.000         1.000
 ECO122         1.000         1.000         1.000         1.000         1.000
 ECO123         1.000         1.000         1.000         1.000         1.000
 HWC122         1.000         1.000         1.000         1.000         1.000
 HWC123         1.000         1.000         1.000         1.000         1.000
 HUKOU12        1.000         1.000         1.000         1.000         1.000
 SAT12          1.000         1.000         1.000         1.000         1.000
 ADL12          1.000         1.000         1.000         1.000         1.000
 FINC12         1.000         1.000         1.000         1.000         1.000


           Covariance Coverage
              WAVE          AGEG12        PINC12        PINC212       CORES12
              ________      ________      ________      ________      ________
 WAVE           1.000
 AGEG12         1.000         1.000
 PINC12         1.000         1.000         1.000
 PINC212        1.000         1.000         1.000         1.000
 CORES12        1.000         1.000         1.000         1.000         1.000
 HEAL121        1.000         1.000         1.000         1.000         1.000
 HEAL123        1.000         1.000         1.000         1.000         1.000
 MARR12         1.000         1.000         1.000         1.000         1.000
 ECO122         1.000         1.000         1.000         1.000         1.000
 ECO123         1.000         1.000         1.000         1.000         1.000
 HWC122         1.000         1.000         1.000         1.000         1.000
 HWC123         1.000         1.000         1.000         1.000         1.000
 HUKOU12        1.000         1.000         1.000         1.000         1.000
 SAT12          1.000         1.000         1.000         1.000         1.000
 ADL12          1.000         1.000         1.000         1.000         1.000
 FINC12         1.000         1.000         1.000         1.000         1.000


           Covariance Coverage
              HEAL121       HEAL123       MARR12        ECO122        ECO123
              ________      ________      ________      ________      ________
 HEAL121        1.000
 HEAL123        1.000         1.000
 MARR12         1.000         1.000         1.000
 ECO122         1.000         1.000         1.000         1.000
 ECO123         1.000         1.000         1.000         1.000         1.000
 HWC122         1.000         1.000         1.000         1.000         1.000
 HWC123         1.000         1.000         1.000         1.000         1.000
 HUKOU12        1.000         1.000         1.000         1.000         1.000
 SAT12          1.000         1.000         1.000         1.000         1.000
 ADL12          1.000         1.000         1.000         1.000         1.000
 FINC12         1.000         1.000         1.000         1.000         1.000


           Covariance Coverage
              HWC122        HWC123        HUKOU12       SAT12         ADL12
              ________      ________      ________      ________      ________
 HWC122         1.000
 HWC123         1.000         1.000
 HUKOU12        1.000         1.000         1.000
 SAT12          1.000         1.000         1.000         1.000
 ADL12          1.000         1.000         1.000         1.000         1.000
 FINC12         1.000         1.000         1.000         1.000         1.000


           Covariance Coverage
              FINC12
              ________
 FINC12         1.000


SAMPLE STATISTICS

NOTE:  These are average results over 10 data sets.


     ESTIMATED SAMPLE STATISTICS


           Means
              WFDDS912      WFDDS916      WFDDS918      WFDDS920      WFDDS922
              ________      ________      ________      ________      ________
               -0.002        -0.029        -0.066        -0.175        -0.127


           Means
              CES8SD12      CES8SD16      CES8SD18      CES8SD20      CES8SD22
              ________      ________      ________      ________      ________
                0.000         0.028         0.131         0.073         0.200


           Means
              SEX12         EDU12         URBAN12       PROV122       PROV123
              ________      ________      ________      ________      ________
                0.496         0.195         0.435         0.308         0.242


           Means
              CDN12         CDAR12        CDSC121       CDSC122       MINOR12
              ________      ________      ________      ________      ________
                3.159         7.155         0.202         0.079         0.004


           Means
              WAVE          AGEG12        PINC12        PINC212       CORES12
              ________      ________      ________      ________      ________
                3.280         0.108         2.189         0.688         0.539


           Means
              HEAL121       HEAL123       MARR12        ECO122        ECO123
              ________      ________      ________      ________      ________
                0.318         0.434         0.828         0.233         0.186


           Means
              HWC122        HWC123        HUKOU12       SAT12         ADL12
              ________      ________      ________      ________      ________
                0.109         0.212         0.684         3.529         0.292


           Means
              FINC12
              ________
                3.702


           Covariances
              WFDDS912      WFDDS916      WFDDS918      WFDDS920      WFDDS922
              ________      ________      ________      ________      ________
 WFDDS912       1.002
 WFDDS916       0.224         1.002
 WFDDS918       0.272         0.276         1.415
 WFDDS920       0.200         0.265         0.433         1.638
 WFDDS922       0.270         0.317         0.389         0.627         2.193
 CES8SD12      -0.027        -0.003        -0.058         0.003        -0.134
 CES8SD16       0.003         0.005        -0.025        -0.023         0.003
 CES8SD18      -0.011        -0.026        -0.037        -0.065        -0.115
 CES8SD20      -0.079        -0.023        -0.069        -0.080        -0.069
 CES8SD22      -0.041        -0.061        -0.019        -0.187        -0.135
 SEX12          0.017        -0.004        -0.028        -0.016        -0.041
 EDU12         -0.002         0.011        -0.009        -0.005        -0.011
 URBAN12        0.002         0.019        -0.009        -0.026         0.018
 PROV122       -0.004        -0.020        -0.009         0.033        -0.015
 PROV123        0.021         0.027         0.020        -0.007         0.027
 CDN12         -0.032         0.040         0.007         0.072         0.072
 CDAR12        -0.156         0.020         0.026         0.076         0.084
 CDSC121        0.001        -0.013        -0.006        -0.013        -0.022
 CDSC122        0.000         0.000         0.000         0.004        -0.001
 MINOR12       -0.001        -0.001         0.002        -0.003         0.000
 WAVE           0.025        -0.004         0.033         0.081        -0.008
 AGEG12        -0.009        -0.004        -0.006        -0.044        -0.021
 PINC12         0.026         0.031         0.030         0.037         0.054
 PINC212        0.003         0.025         0.019        -0.037         0.062
 CORES12        0.032         0.007         0.016         0.045         0.017
 HEAL121       -0.005         0.001        -0.013         0.035        -0.009
 HEAL123        0.017         0.008         0.016         0.004        -0.001
 MARR12         0.000        -0.007         0.005        -0.016         0.022
 ECO122         0.004         0.002         0.013         0.023         0.012
 ECO123        -0.015         0.007         0.001        -0.036        -0.066
 HWC122         0.003        -0.005         0.002        -0.007         0.001
 HWC123        -0.004        -0.001         0.015         0.015         0.001
 HUKOU12        0.003        -0.005         0.015         0.019        -0.025
 SAT12          0.028        -0.015         0.089         0.082         0.035
 ADL12         -0.004        -0.025         0.000         0.134        -0.003
 FINC12         0.032         0.070         0.078         0.260        -0.012


           Covariances
              CES8SD12      CES8SD16      CES8SD18      CES8SD20      CES8SD22
              ________      ________      ________      ________      ________
 CES8SD12       1.000
 CES8SD16       0.453         1.154
 CES8SD18       0.496         0.624         1.177
 CES8SD20       0.452         0.478         0.523         1.099
 CES8SD22       0.418         0.547         0.558         0.556         1.187
 SEX12         -0.082        -0.087        -0.089        -0.073        -0.073
 EDU12         -0.062        -0.064        -0.064        -0.058        -0.054
 URBAN12       -0.077        -0.079        -0.084        -0.078        -0.054
 PROV122       -0.030        -0.007        -0.015         0.015        -0.004
 PROV123        0.075         0.064         0.062         0.033         0.042
 CDN12          0.093         0.122         0.104         0.177         0.127
 CDAR12         0.534         0.461         0.469         0.651         0.361
 CDSC121        0.005         0.007         0.015        -0.005        -0.003
 CDSC122       -0.007        -0.011        -0.015        -0.009        -0.016
 MINOR12        0.002         0.002         0.000         0.005         0.002
 WAVE          -0.101        -0.167        -0.194        -0.144        -0.145
 AGEG12        -0.001         0.010         0.010         0.006         0.008
 PINC12        -0.149        -0.120        -0.166        -0.088        -0.072
 PINC212       -0.252        -0.229        -0.229        -0.224        -0.195
 CORES12        0.050         0.016         0.027         0.004         0.033
 HEAL121        0.164         0.140         0.140         0.106         0.105
 HEAL123       -0.129        -0.121        -0.120        -0.079        -0.108
 MARR12        -0.055        -0.049        -0.050        -0.032        -0.033
 ECO122        -0.015         0.002        -0.007        -0.002        -0.002
 ECO123         0.034         0.032         0.030         0.041         0.051
 HWC122        -0.007        -0.010        -0.016        -0.006        -0.013
 HWC123         0.022         0.022         0.015        -0.001         0.041
 HUKOU12        0.071         0.076         0.077         0.073         0.060
 SAT12         -0.323        -0.236        -0.236        -0.209        -0.223
 ADL12          0.201         0.141         0.191         0.117         0.106
 FINC12        -0.440        -0.526        -0.400        -0.569        -0.399


           Covariances
              SEX12         EDU12         URBAN12       PROV122       PROV123
              ________      ________      ________      ________      ________
 SEX12          0.250
 EDU12          0.035         0.157
 URBAN12       -0.009         0.042         0.246
 PROV122        0.000         0.004        -0.015         0.213
 PROV123        0.005        -0.018        -0.025        -0.075         0.184
 CDN12         -0.038        -0.061        -0.108         0.073         0.031
 CDAR12        -0.142        -0.209        -0.469         0.196         0.197
 CDSC121       -0.002        -0.003        -0.002        -0.013         0.004
 CDSC122        0.002         0.006         0.016        -0.008        -0.003
 MINOR12       -0.001        -0.001        -0.001        -0.001         0.002
 WAVE           0.027         0.051         0.009         0.010        -0.030
 AGEG12         0.001        -0.002         0.012        -0.002        -0.008
 PINC12         0.043         0.029         0.009        -0.004         0.004
 PINC212        0.126         0.192         0.230        -0.026        -0.075
 CORES12       -0.003        -0.010        -0.022         0.003         0.037
 HEAL121       -0.030        -0.022        -0.022         0.000         0.012
 HEAL123        0.030         0.018         0.004         0.002        -0.008
 MARR12         0.035         0.011         0.000         0.000        -0.004
 ECO122        -0.010        -0.007        -0.005         0.011        -0.012
 ECO123         0.001        -0.004        -0.021         0.001         0.013
 HWC122        -0.002        -0.001         0.016        -0.003        -0.001
 HWC123        -0.014        -0.006        -0.004        -0.011         0.015
 HUKOU12       -0.008        -0.063        -0.113         0.003         0.029
 SAT12          0.004         0.024         0.043         0.035        -0.011
 ADL12         -0.050        -0.021        -0.008        -0.016         0.019
 FINC12         0.072         0.248         0.374        -0.051        -0.037


           Covariances
              CDN12         CDAR12        CDSC121       CDSC122       MINOR12
              ________      ________      ________      ________      ________
 CDN12          1.375
 CDAR12         3.691        22.441
 CDSC121       -0.138        -0.329         0.161
 CDSC122       -0.038        -0.124        -0.016         0.073
 MINOR12        0.002         0.011        -0.001         0.000         0.004
 WAVE          -0.238        -0.929         0.010         0.018        -0.003
 AGEG12         0.083         0.346         0.000        -0.003         0.000
 PINC12        -0.042        -0.113         0.012        -0.001        -0.001
 PINC212       -0.279        -1.041         0.021         0.042         0.000
 CORES12        0.012         0.177         0.008        -0.014         0.002
 HEAL121        0.018         0.118         0.001        -0.004         0.000
 HEAL123        0.000         0.001        -0.008         0.003         0.000
 MARR12        -0.060        -0.182        -0.001         0.004         0.000
 ECO122         0.016        -0.015         0.000        -0.001         0.000
 ECO123         0.052         0.216        -0.006        -0.005         0.000
 HWC122        -0.035        -0.123         0.004         0.004         0.000
 HWC123         0.013         0.074        -0.004         0.000         0.001
 HUKOU12        0.085         0.364        -0.005        -0.012         0.001
 SAT12          0.014         0.001        -0.005         0.003         0.000
 ADL12          0.083         0.483         0.003        -0.003         0.001
 FINC12        -0.622        -2.048         0.053         0.044         0.004


           Covariances
              WAVE          AGEG12        PINC12        PINC212       CORES12
              ________      ________      ________      ________      ________
 WAVE           1.116
 AGEG12        -0.079         0.096
 PINC12         0.060         0.001         1.042
 PINC212        0.100         0.039         0.252         1.541
 CORES12       -0.047        -0.003         0.006        -0.083         0.248
 HEAL121       -0.050         0.002        -0.053        -0.079         0.003
 HEAL123        0.048        -0.001         0.056         0.044         0.002
 MARR12         0.062        -0.024         0.016         0.030        -0.028
 ECO122         0.008        -0.004        -0.006        -0.050        -0.006
 ECO123        -0.005        -0.002        -0.015        -0.058         0.018
 HWC122        -0.001        -0.001         0.012         0.014         0.001
 HWC123        -0.027         0.008        -0.001        -0.016         0.039
 HUKOU12       -0.009        -0.017        -0.053        -0.356         0.036
 SAT12          0.049         0.012         0.239         0.146        -0.015
 ADL12         -0.151         0.050        -0.042        -0.055         0.022
 FINC12         0.221        -0.013         0.638         1.735         0.692


           Covariances
              HEAL121       HEAL123       MARR12        ECO122        ECO123
              ________      ________      ________      ________      ________
 HEAL121        0.217
 HEAL123       -0.138         0.246
 MARR12        -0.008         0.008         0.142
 ECO122        -0.002        -0.003        -0.001         0.179
 ECO123         0.007        -0.006        -0.006        -0.043         0.151
 HWC122        -0.002         0.003         0.003         0.027        -0.013
 HWC123         0.004        -0.004        -0.020        -0.007         0.013
 HUKOU12        0.023        -0.004        -0.002         0.018         0.022
 SAT12         -0.083         0.076         0.004         0.011        -0.007
 ADL12          0.089        -0.065        -0.032        -0.002         0.008
 FINC12        -0.135         0.056         0.085         0.003        -0.026


           Covariances
              HWC122        HWC123        HUKOU12       SAT12         ADL12
              ________      ________      ________      ________      ________
 HWC122         0.097
 HWC123        -0.023         0.167
 HUKOU12       -0.007         0.006         0.216
 SAT12          0.015         0.003        -0.058         1.090
 ADL12          0.016         0.034         0.004        -0.027         0.926
 FINC12         0.066         0.049        -0.425         0.435        -0.117


           Covariances
              FINC12
              ________
 FINC12        17.944


           Correlations
              WFDDS912      WFDDS916      WFDDS918      WFDDS920      WFDDS922
              ________      ________      ________      ________      ________
 WFDDS912       1.000
 WFDDS916       0.224         1.000
 WFDDS918       0.228         0.232         1.000
 WFDDS920       0.156         0.207         0.284         1.000
 WFDDS922       0.182         0.214         0.221         0.331         1.000
 CES8SD12      -0.027        -0.003        -0.049         0.003        -0.091
 CES8SD16       0.002         0.005        -0.019        -0.017         0.002
 CES8SD18      -0.011        -0.024        -0.029        -0.047        -0.072
 CES8SD20      -0.076        -0.022        -0.055        -0.060        -0.044
 CES8SD22      -0.038        -0.056        -0.014        -0.134        -0.084
 SEX12          0.033        -0.008        -0.048        -0.025        -0.055
 EDU12         -0.005         0.028        -0.020        -0.011        -0.018
 URBAN12        0.005         0.038        -0.015        -0.041         0.024
 PROV122       -0.009        -0.042        -0.017         0.055        -0.022
 PROV123        0.049         0.062         0.039        -0.013         0.042
 CDN12         -0.027         0.034         0.005         0.048         0.041
 CDAR12        -0.033         0.004         0.005         0.013         0.012
 CDSC121        0.002        -0.033        -0.012        -0.026        -0.037
 CDSC122       -0.001        -0.001         0.001         0.013        -0.004
 MINOR12       -0.008        -0.020         0.021        -0.036         0.001
 WAVE           0.024        -0.003         0.026         0.060        -0.005
 AGEG12        -0.028        -0.014        -0.017        -0.112        -0.045
 PINC12         0.025         0.030         0.025         0.028         0.036
 PINC212        0.002         0.020         0.013        -0.023         0.034
 CORES12        0.065         0.013         0.027         0.071         0.023
 HEAL121       -0.011         0.002        -0.024         0.058        -0.013
 HEAL123        0.035         0.017         0.026         0.007        -0.001
 MARR12        -0.001        -0.020         0.010        -0.033         0.039
 ECO122         0.010         0.004         0.027         0.042         0.020
 ECO123        -0.039         0.019         0.002        -0.073        -0.115
 HWC122         0.010        -0.015         0.006        -0.018         0.003
 HWC123        -0.011        -0.003         0.032         0.029         0.002
 HUKOU12        0.006        -0.011         0.028         0.032        -0.036
 SAT12          0.027        -0.015         0.072         0.061         0.022
 ADL12         -0.004        -0.026         0.000         0.109        -0.002
 FINC12         0.008         0.016         0.016         0.048        -0.002


           Correlations
              CES8SD12      CES8SD16      CES8SD18      CES8SD20      CES8SD22
              ________      ________      ________      ________      ________
 CES8SD12       1.000
 CES8SD16       0.422         1.000
 CES8SD18       0.457         0.536         1.000
 CES8SD20       0.431         0.425         0.460         1.000
 CES8SD22       0.383         0.467         0.472         0.487         1.000
 SEX12         -0.163        -0.162        -0.165        -0.140        -0.134
 EDU12         -0.156        -0.151        -0.149        -0.140        -0.126
 URBAN12       -0.156        -0.149        -0.157        -0.151        -0.101
 PROV122       -0.064        -0.015        -0.031         0.032        -0.009
 PROV123        0.175         0.139         0.133         0.074         0.090
 CDN12          0.079         0.097         0.082         0.144         0.099
 CDAR12         0.113         0.091         0.091         0.131         0.070
 CDSC121        0.013         0.017         0.034        -0.011        -0.006
 CDSC122       -0.026        -0.037        -0.051        -0.030        -0.056
 MINOR12        0.025         0.024         0.006         0.077         0.026
 WAVE          -0.095        -0.147        -0.169        -0.130        -0.126
 AGEG12        -0.004         0.030         0.029         0.017         0.023
 PINC12        -0.146        -0.109        -0.150        -0.083        -0.065
 PINC212       -0.203        -0.171        -0.170        -0.172        -0.144
 CORES12        0.100         0.031         0.050         0.008         0.061
 HEAL121        0.352         0.281         0.277         0.217         0.207
 HEAL123       -0.261        -0.228        -0.224        -0.152        -0.199
 MARR12        -0.145        -0.122        -0.123        -0.080        -0.080
 ECO122        -0.035         0.004        -0.016        -0.003        -0.005
 ECO123         0.088         0.076         0.070         0.100         0.121
 HWC122        -0.021        -0.030        -0.046        -0.017        -0.040
 HWC123         0.054         0.050         0.035        -0.002         0.092
 HUKOU12        0.152         0.151         0.153         0.151         0.118
 SAT12         -0.310        -0.210        -0.208        -0.191        -0.196
 ADL12          0.209         0.136         0.183         0.116         0.101
 FINC12        -0.104        -0.116        -0.087        -0.128        -0.086


           Correlations
              SEX12         EDU12         URBAN12       PROV122       PROV123
              ________      ________      ________      ________      ________
 SEX12          1.000
 EDU12          0.177         1.000
 URBAN12       -0.036         0.213         1.000
 PROV122        0.001         0.020        -0.063         1.000
 PROV123        0.025        -0.106        -0.117        -0.378         1.000
 CDN12         -0.064        -0.130        -0.186         0.135         0.061
 CDAR12        -0.060        -0.111        -0.200         0.089         0.097
 CDSC121       -0.010        -0.017        -0.012        -0.071         0.023
 CDSC122        0.014         0.061         0.123        -0.067        -0.029
 MINOR12       -0.018        -0.032        -0.020        -0.034         0.072
 WAVE           0.050         0.123         0.018         0.019        -0.067
 AGEG12         0.005        -0.017         0.075        -0.016        -0.063
 PINC12         0.084         0.071         0.017        -0.008         0.010
 PINC212        0.204         0.391         0.374        -0.045        -0.140
 CORES12       -0.013        -0.053        -0.089         0.014         0.174
 HEAL121       -0.130        -0.121        -0.097        -0.002         0.058
 HEAL123        0.120         0.093         0.016         0.009        -0.036
 MARR12         0.188         0.071         0.001         0.002        -0.022
 ECO122        -0.045        -0.042        -0.025         0.056        -0.067
 ECO123         0.005        -0.023        -0.109         0.005         0.080
 HWC122        -0.014        -0.012         0.102        -0.024        -0.010
 HWC123        -0.068        -0.040        -0.021        -0.056         0.088
 HUKOU12       -0.032        -0.343        -0.490         0.016         0.147
 SAT12          0.007         0.059         0.083         0.072        -0.025
 ADL12         -0.104        -0.055        -0.018        -0.035         0.046
 FINC12         0.034         0.148         0.178        -0.026        -0.021


           Correlations
              CDN12         CDAR12        CDSC121       CDSC122       MINOR12
              ________      ________      ________      ________      ________
 CDN12          1.000
 CDAR12         0.665         1.000
 CDSC121       -0.293        -0.173         1.000
 CDSC122       -0.120        -0.097        -0.148         1.000
 MINOR12        0.027         0.035        -0.021        -0.019         1.000
 WAVE          -0.192        -0.186         0.024         0.064        -0.040
 AGEG12         0.228         0.236        -0.003        -0.036         0.007
 PINC12        -0.035        -0.023         0.030        -0.004        -0.008
 PINC212       -0.192        -0.177         0.042         0.124        -0.003
 CORES12        0.020         0.075         0.038        -0.104         0.051
 HEAL121        0.033         0.053         0.005        -0.031         0.006
 HEAL123       -0.001         0.000        -0.043         0.026        -0.001
 MARR12        -0.135        -0.102        -0.005         0.035         0.005
 ECO122         0.032        -0.007         0.002        -0.012        -0.014
 ECO123         0.113         0.117        -0.041        -0.050        -0.007
 HWC122        -0.096        -0.083         0.034         0.046        -0.008
 HWC123         0.026         0.038        -0.022        -0.003         0.046
 HUKOU12        0.155         0.165        -0.025        -0.092         0.034
 SAT12          0.012         0.000        -0.012         0.012        -0.006
 ADL12          0.073         0.106         0.007        -0.010         0.019
 FINC12        -0.125        -0.102         0.031         0.038         0.014


           Correlations
              WAVE          AGEG12        PINC12        PINC212       CORES12
              ________      ________      ________      ________      ________
 WAVE           1.000
 AGEG12        -0.241         1.000
 PINC12         0.056         0.003         1.000
 PINC212        0.076         0.101         0.199         1.000
 CORES12       -0.089        -0.019         0.012        -0.134         1.000
 HEAL121       -0.102         0.017        -0.111        -0.137         0.015
 HEAL123        0.092        -0.007         0.111         0.071         0.007
 MARR12         0.154        -0.203         0.042         0.063        -0.150
 ECO122         0.018        -0.028        -0.014        -0.095        -0.031
 ECO123        -0.012        -0.016        -0.039        -0.120         0.094
 HWC122        -0.002        -0.008         0.039         0.035         0.005
 HWC123        -0.062         0.066        -0.003        -0.031         0.191
 HUKOU12       -0.019        -0.116        -0.112        -0.616         0.155
 SAT12          0.044         0.036         0.224         0.113        -0.028
 ADL12         -0.149         0.168        -0.043        -0.046         0.045
 FINC12         0.049        -0.010         0.148         0.330         0.328


           Correlations
              HEAL121       HEAL123       MARR12        ECO122        ECO123
              ________      ________      ________      ________      ________
 HEAL121        1.000
 HEAL123       -0.598         1.000
 MARR12        -0.044         0.042         1.000
 ECO122        -0.009        -0.016        -0.004         1.000
 ECO123         0.036        -0.030        -0.041        -0.264         1.000
 HWC122        -0.012         0.022         0.024         0.206        -0.109
 HWC123         0.020        -0.022        -0.127        -0.040         0.085
 HUKOU12        0.105        -0.019        -0.010         0.092         0.121
 SAT12         -0.172         0.148         0.010         0.024        -0.017
 ADL12          0.199        -0.137        -0.088        -0.006         0.021
 FINC12        -0.068         0.027         0.053         0.002        -0.016


           Correlations
              HWC122        HWC123        HUKOU12       SAT12         ADL12
              ________      ________      ________      ________      ________
 HWC122         1.000
 HWC123        -0.181         1.000
 HUKOU12       -0.051         0.032         1.000
 SAT12          0.045         0.008        -0.119         1.000
 ADL12          0.053         0.086         0.008        -0.027         1.000
 FINC12         0.050         0.028        -0.216         0.098        -0.029


           Correlations
              FINC12
              ________
 FINC12         1.000


MODEL FIT INFORMATION

Number of Free Parameters                       78

Loglikelihood

    H0 Value

        Mean                            -27403.649
        Std Dev                              1.305
        Number of successful computations       10

             Proportions                   Percentiles
        Expected    Observed         Expected       Observed
           0.990       1.000       -27406.686     -27406.144
           0.980       1.000       -27406.330     -27406.144
           0.950       0.900       -27405.796     -27406.144
           0.900       0.900       -27405.322     -27406.144
           0.800       0.800       -27404.748     -27406.144
           0.700       0.800       -27404.334     -27404.050
           0.500       0.500       -27403.649     -27403.755
           0.300       0.200       -27402.965     -27403.397
           0.200       0.200       -27402.551     -27403.090
           0.100       0.100       -27401.977     -27402.336
           0.050       0.100       -27401.502     -27402.336
           0.020       0.000       -27400.969     -27402.336
           0.010       0.000       -27400.613     -27402.336

    H1 Value

        Mean                            -27218.532
        Std Dev                              2.181
        Number of successful computations       10

             Proportions                   Percentiles
        Expected    Observed         Expected       Observed
           0.990       1.000       -27223.606     -27222.711
           0.980       1.000       -27223.011     -27222.711
           0.950       0.900       -27222.120     -27222.711
           0.900       0.900       -27221.327     -27222.711
           0.800       0.900       -27220.368     -27222.711
           0.700       0.600       -27219.676     -27220.045
           0.500       0.500       -27218.532     -27219.585
           0.300       0.500       -27217.388     -27217.033
           0.200       0.100       -27216.697     -27216.880
           0.100       0.100       -27215.737     -27216.828
           0.050       0.100       -27214.945     -27216.828
           0.020       0.000       -27214.053     -27216.828
           0.010       0.000       -27213.458     -27216.828

Information Criteria

    Akaike (AIC)

        Mean                             54963.299
        Std Dev                              2.610
        Number of successful computations       10

             Proportions                   Percentiles
        Expected    Observed         Expected       Observed
           0.990       1.000        54957.226      54958.347
           0.980       1.000        54957.938      54958.347
           0.950       0.900        54959.005      54958.347
           0.900       0.900        54959.953      54958.347
           0.800       0.800        54961.102      54958.347
           0.700       0.800        54961.930      54962.181
           0.500       0.500        54963.299      54963.159
           0.300       0.200        54964.668      54963.546
           0.200       0.200        54965.496      54964.100
           0.100       0.100        54966.644      54966.389
           0.050       0.100        54967.593      54966.389
           0.020       0.000        54968.660      54966.389
           0.010       0.000        54969.371      54966.389

    Bayesian (BIC)

        Mean                             55438.613
        Std Dev                              2.610
        Number of successful computations       10

             Proportions                   Percentiles
        Expected    Observed         Expected       Observed
           0.990       1.000        55432.540      55433.661
           0.980       1.000        55433.252      55433.661
           0.950       0.900        55434.319      55433.661
           0.900       0.900        55435.267      55433.661
           0.800       0.800        55436.416      55433.661
           0.700       0.800        55437.244      55437.494
           0.500       0.500        55438.613      55438.473
           0.300       0.200        55439.982      55438.860
           0.200       0.200        55440.810      55439.414
           0.100       0.100        55441.958      55441.702
           0.050       0.100        55442.906      55441.702
           0.020       0.000        55443.974      55441.702
           0.010       0.000        55444.685      55441.702

    Sample-Size Adjusted BIC (n* = (n + 2) / 24)

        Mean                             55190.772
        Std Dev                              2.610
        Number of successful computations       10

             Proportions                   Percentiles
        Expected    Observed         Expected       Observed
           0.990       1.000        55184.700      55185.820
           0.980       1.000        55185.411      55185.820
           0.950       0.900        55186.478      55185.820
           0.900       0.900        55187.427      55185.820
           0.800       0.800        55188.575      55185.820
           0.700       0.800        55189.403      55189.654
           0.500       0.500        55190.772      55190.633
           0.300       0.200        55192.141      55191.020
           0.200       0.200        55192.969      55191.573
           0.100       0.100        55194.118      55193.862
           0.050       0.100        55195.066      55193.862
           0.020       0.000        55196.133      55193.862
           0.010       0.000        55196.845      55193.862

SRMR (Standardized Root Mean Square Residual)

        Mean                                 0.029
        Std Dev                              0.000
        Number of successful computations       10

        Cumulative Distribution Function
           Value    Function Value
           0.990       1.000
           0.980       1.000
           0.950       1.000
           0.900       1.000
           0.800       1.000
           0.700       1.000
           0.500       1.000
           0.300       1.000
           0.200       1.000
           0.100       1.000
           0.050       1.000
           0.020       0.000
           0.010       0.000


MODEL RESULTS

                                                    Two-Tailed   Rate of
                    Estimate       S.E.  Est./S.E.    P-Value    Missing

 I4       |
    WFDDS912           1.000      0.000    999.000    999.000      0.000
    WFDDS916           1.000      0.000    999.000    999.000      0.000
    WFDDS918           1.000      0.000    999.000    999.000      0.000
    WFDDS920           1.000      0.000    999.000    999.000      0.000
    WFDDS922           1.000      0.000    999.000    999.000      0.000

 S4       |
    WFDDS912           0.000      0.000    999.000    999.000      0.000
    WFDDS916           4.000      0.000    999.000    999.000      0.000
    WFDDS918           6.000      0.000    999.000    999.000      0.000
    WFDDS920           8.000      0.000    999.000    999.000      0.000
    WFDDS922          10.000      0.000    999.000    999.000      0.000

 I5       |
    CES8SD12           1.000      0.000    999.000    999.000      0.000
    CES8SD16           1.000      0.000    999.000    999.000      0.000
    CES8SD18           1.000      0.000    999.000    999.000      0.000
    CES8SD20           1.000      0.000    999.000    999.000      0.000
    CES8SD22           1.000      0.000    999.000    999.000      0.000

 S5       |
    CES8SD12           0.000      0.000    999.000    999.000      0.000
    CES8SD16           6.636      3.233      2.052      0.040      0.000
    CES8SD18           8.371      4.250      1.969      0.049      0.001
    CES8SD20           8.364      4.958      1.687      0.092      0.000
    CES8SD22          10.000      0.000    999.000    999.000      0.000

 I5       ON
    I4                -0.067      0.074     -0.907      0.365      0.001

 S5       ON
    I4                 0.011      0.029      0.380      0.704      0.000
    S4                -0.199      0.190     -1.050      0.294      0.000
    I5                 0.097      0.326      0.296      0.767      0.000

 I5       ON
    SEX12             -0.173      0.030     -5.769      0.000      0.001
    EDU12             -0.090      0.038     -2.382      0.017      0.000
    URBAN12           -0.141      0.040     -3.558      0.000      0.003
    PROV122           -0.008      0.038     -0.215      0.830      0.000
    PROV123            0.280      0.046      6.132      0.000      0.001
    CDN12             -0.004      0.019     -0.207      0.836      0.002
    CDAR12             0.009      0.005      1.967      0.049      0.002
    CDSC121            0.032      0.043      0.727      0.467      0.001
    CDSC122            0.072      0.060      1.192      0.233      0.000
    MINOR12            0.085      0.188      0.449      0.653      0.000
    WAVE              -0.010      0.021     -0.470      0.639      0.000
    AGEG12            -0.102      0.055     -1.850      0.064      0.000
    PINC12            -0.033      0.019     -1.722      0.085      0.066
    PINC212           -0.028      0.016     -1.797      0.072      0.003
    CORES12            0.082      0.039      2.082      0.037      0.003
    HEAL121            0.455      0.043     10.504      0.000      0.001
    HEAL123           -0.111      0.038     -2.903      0.004      0.001
    MARR12            -0.242      0.046     -5.266      0.000      0.000
    HUKOU12           -0.031      0.046     -0.676      0.499      0.001
    ECO122            -0.044      0.039     -1.133      0.257      0.001
    ECO123             0.083      0.045      1.852      0.064      0.001
    HWC122             0.027      0.052      0.513      0.608      0.000
    HWC123            -0.004      0.046     -0.088      0.930      0.001
    SAT12             -0.220      0.018    -12.204      0.000      0.010
    ADL12              0.123      0.023      5.258      0.000      0.003
    FINC12            -0.008      0.004     -2.035      0.042      0.017

 S5       ON
    SEX12              0.010      0.058      0.181      0.857      0.000
    EDU12              0.009      0.031      0.275      0.783      0.000
    URBAN12            0.012      0.044      0.283      0.777      0.000
    PROV122            0.011      0.008      1.319      0.187      0.001
    PROV123           -0.033      0.088     -0.368      0.713      0.000
    CDN12              0.004      0.004      0.952      0.341      0.001
    CDAR12            -0.002      0.003     -0.854      0.393      0.001
    CDSC121            0.001      0.013      0.044      0.965      0.000
    CDSC122           -0.016      0.021     -0.783      0.434      0.001
    MINOR12           -0.006      0.047     -0.120      0.904      0.000
    WAVE              -0.006      0.004     -1.506      0.132      0.001
    AGEG12             0.021      0.030      0.687      0.492      0.000
    PINC12             0.003      0.010      0.350      0.727      0.007
    PINC212            0.007      0.009      0.762      0.446      0.001
    CORES12           -0.022      0.026     -0.824      0.410      0.001
    HEAL121           -0.062      0.140     -0.447      0.655      0.000
    HEAL123            0.007      0.043      0.165      0.869      0.000
    MARR12             0.035      0.074      0.473      0.636      0.000
    HUKOU12            0.017      0.012      1.484      0.138      0.000
    ECO122             0.012      0.013      0.943      0.346      0.000
    ECO123            -0.002      0.034     -0.071      0.943      0.001
    HWC122            -0.012      0.012     -0.952      0.341      0.000
    HWC123             0.002      0.011      0.204      0.838      0.000
    SAT12              0.031      0.070      0.439      0.661      0.001
    ADL12             -0.018      0.037     -0.474      0.635      0.000
    FINC12             0.001      0.003      0.331      0.741      0.003

 S4       WITH
    I4                -0.002      0.010     -0.201      0.840      0.000

 Means
    I4                 0.006      0.019      0.312      0.755      0.000
    S4                -0.012      0.004     -3.073      0.002      0.000

 Intercepts
    WFDDS912           0.000      0.000    999.000    999.000      0.000
    WFDDS916           0.000      0.000    999.000    999.000      0.000
    WFDDS918           0.000      0.000    999.000    999.000      0.000
    WFDDS920           0.000      0.000    999.000    999.000      0.000
    WFDDS922           0.000      0.000    999.000    999.000      0.000
    CES8SD12           0.000      0.000    999.000    999.000      0.000
    CES8SD16           0.000      0.000    999.000    999.000      0.000
    CES8SD18           0.000      0.000    999.000    999.000      0.000
    CES8SD20           0.000      0.000    999.000    999.000      0.000
    CES8SD22           0.000      0.000    999.000    999.000      0.000
    I5                 1.001      0.132      7.570      0.000      0.003
    S5                -0.105      0.315     -0.335      0.738      0.000

 Variances
    I4                 0.239      0.076      3.162      0.002      0.000
    S4                 0.003      0.002      1.517      0.129      0.000

 Residual Variances
    WFDDS912           0.758      0.079      9.588      0.000      0.000
    WFDDS916           0.744      0.070     10.569      0.000      0.000
    WFDDS918           1.063      0.106     10.064      0.000      0.000
    WFDDS920           1.173      0.178      6.599      0.000      0.000
    WFDDS922           1.617      0.287      5.629      0.000      0.000
    CES8SD12           0.585      0.228      2.563      0.010      0.000
    CES8SD16           0.608      0.030     20.157      0.000      0.000
    CES8SD18           0.550      0.032     17.321      0.000      0.001
    CES8SD20           0.606      0.042     14.368      0.000      0.000
    CES8SD22           0.650      0.111      5.843      0.000      0.000
    I5                 0.140      0.227      0.617      0.537      0.000
    S5                -0.001      0.010     -0.109      0.913      0.000


QUALITY OF NUMERICAL RESULTS

     Average Condition Number for the Information Matrix      0.447E-07
       (ratio of smallest to largest eigenvalue)


STANDARDIZED MODEL RESULTS


STDYX Standardization

                                                    Two-Tailed   Rate of
                    Estimate       S.E.  Est./S.E.    P-Value    Missing

 I4       |
    WFDDS912           0.489      0.069      7.061      0.000      0.000
    WFDDS916           0.484      0.069      7.010      0.000      0.000
    WFDDS918           0.413      0.064      6.416      0.000      0.000
    WFDDS920           0.387      0.062      6.219      0.000      0.000
    WFDDS922           0.333      0.056      5.941      0.000      0.000

 S4       |
    WFDDS912           0.000      0.000      0.000      1.000      0.000
    WFDDS916           0.231      0.074      3.107      0.002      0.000
    WFDDS918           0.296      0.096      3.075      0.002      0.000
    WFDDS920           0.370      0.120      3.074      0.002      0.000
    WFDDS922           0.398      0.133      2.992      0.003      0.000

 I5       |
    CES8SD12           0.646      0.176      3.670      0.000      0.000
    CES8SD16           0.606      0.163      3.711      0.000      0.000
    CES8SD18           0.611      0.172      3.552      0.000      0.000
    CES8SD20           0.596      0.170      3.498      0.000      0.000
    CES8SD22           0.575      0.153      3.752      0.000      0.000

 S5       |
    CES8SD12           0.000      0.000      0.000      1.000      0.000
    CES8SD16           0.171      0.409      0.417      0.676      0.000
    CES8SD18           0.217      0.513      0.423      0.673      0.000
    CES8SD20           0.212      0.483      0.439      0.661      0.000
    CES8SD22           0.244      0.689      0.355      0.723      0.000

 I5       ON
    I4                -0.051      0.055     -0.931      0.352      0.001

 S5       ON
    I4                 0.198      1.004      0.197      0.844      0.000
    S4                -0.424      1.008     -0.421      0.674      0.001
    I5                 2.291     13.828      0.166      0.868      0.000

 I5       ON
    SEX12             -0.134      0.040     -3.338      0.001      0.001
    EDU12             -0.055      0.028     -1.964      0.050      0.000
    URBAN12           -0.108      0.035     -3.079      0.002      0.001
    PROV122           -0.006      0.027     -0.212      0.832      0.000
    PROV123            0.185      0.057      3.267      0.001      0.000
    CDN12             -0.007      0.035     -0.207      0.836      0.002
    CDAR12             0.068      0.039      1.771      0.077      0.001
    CDSC121            0.020      0.027      0.732      0.464      0.001
    CDSC122            0.030      0.025      1.188      0.235      0.001
    MINOR12            0.009      0.019      0.449      0.654      0.000
    WAVE              -0.016      0.032     -0.507      0.612      0.001
    AGEG12            -0.049      0.029     -1.664      0.096      0.001
    PINC12            -0.052      0.028     -1.825      0.068      0.071
    PINC212           -0.054      0.036     -1.510      0.131      0.003
    CORES12            0.063      0.039      1.617      0.106      0.002
    HEAL121            0.328      0.090      3.625      0.000      0.001
    HEAL123           -0.085      0.043     -1.973      0.049      0.001
    MARR12            -0.141      0.046     -3.076      0.002      0.000
    HUKOU12           -0.023      0.035     -0.641      0.521      0.001
    ECO122            -0.029      0.026     -1.118      0.264      0.001
    ECO123             0.050      0.033      1.533      0.125      0.001
    HWC122             0.013      0.026      0.504      0.614      0.000
    HWC123            -0.003      0.029     -0.089      0.929      0.001
    SAT12             -0.355      0.109     -3.264      0.001      0.002
    ADL12              0.183      0.057      3.216      0.001      0.001
    FINC12            -0.053      0.032     -1.653      0.098      0.011

 S5       ON
    SEX12              0.192      1.635      0.118      0.906      0.000
    EDU12              0.124      0.811      0.153      0.878      0.000
    URBAN12            0.223      1.438      0.155      0.877      0.000
    PROV122            0.182      0.549      0.332      0.740      0.000
    PROV123           -0.510      2.875     -0.177      0.859      0.000
    CDN12              0.177      0.523      0.339      0.735      0.000
    CDAR12            -0.387      1.548     -0.250      0.803      0.000
    CDSC121            0.009      0.180      0.048      0.962      0.000
    CDSC122           -0.163      0.652     -0.249      0.803      0.000
    MINOR12           -0.014      0.138     -0.099      0.921      0.001
    WAVE              -0.241      0.608     -0.397      0.691      0.000
    AGEG12             0.237      1.014      0.233      0.816      0.000
    PINC12             0.125      0.696      0.179      0.858      0.001
    PINC212            0.308      1.284      0.240      0.811      0.001
    CORES12           -0.396      1.614     -0.245      0.806      0.000
    HEAL121           -1.062      5.482     -0.194      0.846      0.000
    HEAL123            0.128      1.151      0.111      0.912      0.000
    MARR12             0.483      2.425      0.199      0.842      0.000
    HUKOU12            0.297      0.987      0.301      0.764      0.000
    ECO122             0.189      0.712      0.265      0.791      0.000
    ECO123            -0.035      0.585     -0.059      0.953      0.001
    HWC122            -0.132      0.462     -0.286      0.775      0.000
    HWC123             0.033      0.129      0.254      0.799      0.000
    SAT12              1.168      6.084      0.192      0.848      0.000
    ADL12             -0.618      3.098     -0.199      0.842      0.000
    FINC12             0.150      0.887      0.169      0.866      0.001

 S4       WITH
    I4                -0.072      0.331     -0.218      0.827      0.000

 Means
    I4                 0.012      0.039      0.309      0.757      0.000
    S4                -0.198      0.080     -2.465      0.014      0.000

 Intercepts
    WFDDS912           0.000      0.000      0.000      1.000      0.000
    WFDDS916           0.000      0.000      0.000      1.000      0.000
    WFDDS918           0.000      0.000      0.000      1.000      0.000
    WFDDS920           0.000      0.000      0.000      1.000      0.000
    WFDDS922           0.000      0.000      0.000      1.000      0.000
    CES8SD12           0.000      0.000      0.000      1.000      0.000
    CES8SD16           0.000      0.000      0.000      1.000      0.000
    CES8SD18           0.000      0.000      0.000      1.000      0.000
    CES8SD20           0.000      0.000      0.000      1.000      0.000
    CES8SD22           0.000      0.000      0.000      1.000      0.000
    I5                 1.547      0.423      3.660      0.000      0.000
    S5                -3.860     22.813     -0.169      0.866      0.000

 Variances
    I4                 1.000      0.000  *********      0.000      0.000
    S4                 1.000      0.000  *********      0.000      0.000

 Residual Variances
    WFDDS912           0.760      0.068     11.205      0.000      0.000
    WFDDS916           0.729      0.039     18.643      0.000      0.000
    WFDDS918           0.759      0.042     18.140      0.000      0.000
    WFDDS920           0.734      0.057     12.956      0.000      0.000
    WFDDS922           0.750      0.067     11.179      0.000      0.000
    CES8SD12           0.583      0.227      2.564      0.010      0.000
    CES8SD16           0.533      0.021     25.034      0.000      0.000
    CES8SD18           0.490      0.029     16.862      0.000      0.002
    CES8SD20           0.514      0.032     15.821      0.000      0.000
    CES8SD22           0.514      0.090      5.691      0.000      0.000
    I5                 0.335      0.361      0.928      0.354      0.000
    S5                -1.556    999.000    999.000    999.000      0.000


R-SQUARE

    Observed                                        Two-Tailed   Rate of
    Variable        Estimate       S.E.  Est./S.E.    P-Value    Missing

    WFDDS912           0.240      0.068      3.530      0.000      0.000
    WFDDS916           0.271      0.039      6.941      0.000      0.000
    WFDDS918           0.241      0.042      5.748      0.000      0.000
    WFDDS920           0.266      0.057      4.687      0.000      0.000
    WFDDS922           0.250      0.067      3.724      0.000      0.000
    CES8SD12           0.417      0.227      1.836      0.066      0.000
    CES8SD16           0.467      0.021     21.900      0.000      0.000
    CES8SD18           0.510      0.029     17.568      0.000      0.002
    CES8SD20           0.486      0.032     14.964      0.000      0.000
    CES8SD22           0.486      0.090      5.387      0.000      0.000

     Latent                                         Two-Tailed   Rate of
    Variable        Estimate       S.E.  Est./S.E.    P-Value    Missing

    I5                 0.665      0.361      1.839      0.066      0.000
    S5                 0.000    999.000    999.000    999.000      0.000


TECHNICAL 1 OUTPUT


     PARAMETER SPECIFICATION


           NU
              WFDDS912      WFDDS916      WFDDS918      WFDDS920      WFDDS922
              ________      ________      ________      ________      ________
                  0             0             0             0             0


           NU
              CES8SD12      CES8SD16      CES8SD18      CES8SD20      CES8SD22
              ________      ________      ________      ________      ________
                  0             0             0             0             0


           NU
              SEX12         EDU12         URBAN12       PROV122       PROV123
              ________      ________      ________      ________      ________
                  0             0             0             0             0


           NU
              CDN12         CDAR12        CDSC121       CDSC122       MINOR12
              ________      ________      ________      ________      ________
                  0             0             0             0             0


           NU
              WAVE          AGEG12        PINC12        PINC212       CORES12
              ________      ________      ________      ________      ________
                  0             0             0             0             0


           NU
              HEAL121       HEAL123       MARR12        ECO122        ECO123
              ________      ________      ________      ________      ________
                  0             0             0             0             0


           NU
              HWC122        HWC123        HUKOU12       SAT12         ADL12
              ________      ________      ________      ________      ________
                  0             0             0             0             0


           NU
              FINC12
              ________
                  0


           LAMBDA
              I4            S4            I5            S5            SEX12
              ________      ________      ________      ________      ________
 WFDDS912           0             0             0             0             0
 WFDDS916           0             0             0             0             0
 WFDDS918           0             0             0             0             0
 WFDDS920           0             0             0             0             0
 WFDDS922           0             0             0             0             0
 CES8SD12           0             0             0             0             0
 CES8SD16           0             0             0             1             0
 CES8SD18           0             0             0             2             0
 CES8SD20           0             0             0             3             0
 CES8SD22           0             0             0             0             0
 SEX12              0             0             0             0             0
 EDU12              0             0             0             0             0
 URBAN12            0             0             0             0             0
 PROV122            0             0             0             0             0
 PROV123            0             0             0             0             0
 CDN12              0             0             0             0             0
 CDAR12             0             0             0             0             0
 CDSC121            0             0             0             0             0
 CDSC122            0             0             0             0             0
 MINOR12            0             0             0             0             0
 WAVE               0             0             0             0             0
 AGEG12             0             0             0             0             0
 PINC12             0             0             0             0             0
 PINC212            0             0             0             0             0
 CORES12            0             0             0             0             0
 HEAL121            0             0             0             0             0
 HEAL123            0             0             0             0             0
 MARR12             0             0             0             0             0
 ECO122             0             0             0             0             0
 ECO123             0             0             0             0             0
 HWC122             0             0             0             0             0
 HWC123             0             0             0             0             0
 HUKOU12            0             0             0             0             0
 SAT12              0             0             0             0             0
 ADL12              0             0             0             0             0
 FINC12             0             0             0             0             0


           LAMBDA
              EDU12         URBAN12       PROV122       PROV123       CDN12
              ________      ________      ________      ________      ________
 WFDDS912           0             0             0             0             0
 WFDDS916           0             0             0             0             0
 WFDDS918           0             0             0             0             0
 WFDDS920           0             0             0             0             0
 WFDDS922           0             0             0             0             0
 CES8SD12           0             0             0             0             0
 CES8SD16           0             0             0             0             0
 CES8SD18           0             0             0             0             0
 CES8SD20           0             0             0             0             0
 CES8SD22           0             0             0             0             0
 SEX12              0             0             0             0             0
 EDU12              0             0             0             0             0
 URBAN12            0             0             0             0             0
 PROV122            0             0             0             0             0
 PROV123            0             0             0             0             0
 CDN12              0             0             0             0             0
 CDAR12             0             0             0             0             0
 CDSC121            0             0             0             0             0
 CDSC122            0             0             0             0             0
 MINOR12            0             0             0             0             0
 WAVE               0             0             0             0             0
 AGEG12             0             0             0             0             0
 PINC12             0             0             0             0             0
 PINC212            0             0             0             0             0
 CORES12            0             0             0             0             0
 HEAL121            0             0             0             0             0
 HEAL123            0             0             0             0             0
 MARR12             0             0             0             0             0
 ECO122             0             0             0             0             0
 ECO123             0             0             0             0             0
 HWC122             0             0             0             0             0
 HWC123             0             0             0             0             0
 HUKOU12            0             0             0             0             0
 SAT12              0             0             0             0             0
 ADL12              0             0             0             0             0
 FINC12             0             0             0             0             0


           LAMBDA
              CDAR12        CDSC121       CDSC122       MINOR12       WAVE
              ________      ________      ________      ________      ________
 WFDDS912           0             0             0             0             0
 WFDDS916           0             0             0             0             0
 WFDDS918           0             0             0             0             0
 WFDDS920           0             0             0             0             0
 WFDDS922           0             0             0             0             0
 CES8SD12           0             0             0             0             0
 CES8SD16           0             0             0             0             0
 CES8SD18           0             0             0             0             0
 CES8SD20           0             0             0             0             0
 CES8SD22           0             0             0             0             0
 SEX12              0             0             0             0             0
 EDU12              0             0             0             0             0
 URBAN12            0             0             0             0             0
 PROV122            0             0             0             0             0
 PROV123            0             0             0             0             0
 CDN12              0             0             0             0             0
 CDAR12             0             0             0             0             0
 CDSC121            0             0             0             0             0
 CDSC122            0             0             0             0             0
 MINOR12            0             0             0             0             0
 WAVE               0             0             0             0             0
 AGEG12             0             0             0             0             0
 PINC12             0             0             0             0             0
 PINC212            0             0             0             0             0
 CORES12            0             0             0             0             0
 HEAL121            0             0             0             0             0
 HEAL123            0             0             0             0             0
 MARR12             0             0             0             0             0
 ECO122             0             0             0             0             0
 ECO123             0             0             0             0             0
 HWC122             0             0             0             0             0
 HWC123             0             0             0             0             0
 HUKOU12            0             0             0             0             0
 SAT12              0             0             0             0             0
 ADL12              0             0             0             0             0
 FINC12             0             0             0             0             0


           LAMBDA
              AGEG12        PINC12        PINC212       CORES12       HEAL121
              ________      ________      ________      ________      ________
 WFDDS912           0             0             0             0             0
 WFDDS916           0             0             0             0             0
 WFDDS918           0             0             0             0             0
 WFDDS920           0             0             0             0             0
 WFDDS922           0             0             0             0             0
 CES8SD12           0             0             0             0             0
 CES8SD16           0             0             0             0             0
 CES8SD18           0             0             0             0             0
 CES8SD20           0             0             0             0             0
 CES8SD22           0             0             0             0             0
 SEX12              0             0             0             0             0
 EDU12              0             0             0             0             0
 URBAN12            0             0             0             0             0
 PROV122            0             0             0             0             0
 PROV123            0             0             0             0             0
 CDN12              0             0             0             0             0
 CDAR12             0             0             0             0             0
 CDSC121            0             0             0             0             0
 CDSC122            0             0             0             0             0
 MINOR12            0             0             0             0             0
 WAVE               0             0             0             0             0
 AGEG12             0             0             0             0             0
 PINC12             0             0             0             0             0
 PINC212            0             0             0             0             0
 CORES12            0             0             0             0             0
 HEAL121            0             0             0             0             0
 HEAL123            0             0             0             0             0
 MARR12             0             0             0             0             0
 ECO122             0             0             0             0             0
 ECO123             0             0             0             0             0
 HWC122             0             0             0             0             0
 HWC123             0             0             0             0             0
 HUKOU12            0             0             0             0             0
 SAT12              0             0             0             0             0
 ADL12              0             0             0             0             0
 FINC12             0             0             0             0             0


           LAMBDA
              HEAL123       MARR12        ECO122        ECO123        HWC122
              ________      ________      ________      ________      ________
 WFDDS912           0             0             0             0             0
 WFDDS916           0             0             0             0             0
 WFDDS918           0             0             0             0             0
 WFDDS920           0             0             0             0             0
 WFDDS922           0             0             0             0             0
 CES8SD12           0             0             0             0             0
 CES8SD16           0             0             0             0             0
 CES8SD18           0             0             0             0             0
 CES8SD20           0             0             0             0             0
 CES8SD22           0             0             0             0             0
 SEX12              0             0             0             0             0
 EDU12              0             0             0             0             0
 URBAN12            0             0             0             0             0
 PROV122            0             0             0             0             0
 PROV123            0             0             0             0             0
 CDN12              0             0             0             0             0
 CDAR12             0             0             0             0             0
 CDSC121            0             0             0             0             0
 CDSC122            0             0             0             0             0
 MINOR12            0             0             0             0             0
 WAVE               0             0             0             0             0
 AGEG12             0             0             0             0             0
 PINC12             0             0             0             0             0
 PINC212            0             0             0             0             0
 CORES12            0             0             0             0             0
 HEAL121            0             0             0             0             0
 HEAL123            0             0             0             0             0
 MARR12             0             0             0             0             0
 ECO122             0             0             0             0             0
 ECO123             0             0             0             0             0
 HWC122             0             0             0             0             0
 HWC123             0             0             0             0             0
 HUKOU12            0             0             0             0             0
 SAT12              0             0             0             0             0
 ADL12              0             0             0             0             0
 FINC12             0             0             0             0             0


           LAMBDA
              HWC123        HUKOU12       SAT12         ADL12         FINC12
              ________      ________      ________      ________      ________
 WFDDS912           0             0             0             0             0
 WFDDS916           0             0             0             0             0
 WFDDS918           0             0             0             0             0
 WFDDS920           0             0             0             0             0
 WFDDS922           0             0             0             0             0
 CES8SD12           0             0             0             0             0
 CES8SD16           0             0             0             0             0
 CES8SD18           0             0             0             0             0
 CES8SD20           0             0             0             0             0
 CES8SD22           0             0             0             0             0
 SEX12              0             0             0             0             0
 EDU12              0             0             0             0             0
 URBAN12            0             0             0             0             0
 PROV122            0             0             0             0             0
 PROV123            0             0             0             0             0
 CDN12              0             0             0             0             0
 CDAR12             0             0             0             0             0
 CDSC121            0             0             0             0             0
 CDSC122            0             0             0             0             0
 MINOR12            0             0             0             0             0
 WAVE               0             0             0             0             0
 AGEG12             0             0             0             0             0
 PINC12             0             0             0             0             0
 PINC212            0             0             0             0             0
 CORES12            0             0             0             0             0
 HEAL121            0             0             0             0             0
 HEAL123            0             0             0             0             0
 MARR12             0             0             0             0             0
 ECO122             0             0             0             0             0
 ECO123             0             0             0             0             0
 HWC122             0             0             0             0             0
 HWC123             0             0             0             0             0
 HUKOU12            0             0             0             0             0
 SAT12              0             0             0             0             0
 ADL12              0             0             0             0             0
 FINC12             0             0             0             0             0


           THETA
              WFDDS912      WFDDS916      WFDDS918      WFDDS920      WFDDS922
              ________      ________      ________      ________      ________
 WFDDS912           4
 WFDDS916           0             5
 WFDDS918           0             0             6
 WFDDS920           0             0             0             7
 WFDDS922           0             0             0             0             8
 CES8SD12           0             0             0             0             0
 CES8SD16           0             0             0             0             0
 CES8SD18           0             0             0             0             0
 CES8SD20           0             0             0             0             0
 CES8SD22           0             0             0             0             0
 SEX12              0             0             0             0             0
 EDU12              0             0             0             0             0
 URBAN12            0             0             0             0             0
 PROV122            0             0             0             0             0
 PROV123            0             0             0             0             0
 CDN12              0             0             0             0             0
 CDAR12             0             0             0             0             0
 CDSC121            0             0             0             0             0
 CDSC122            0             0             0             0             0
 MINOR12            0             0             0             0             0
 WAVE               0             0             0             0             0
 AGEG12             0             0             0             0             0
 PINC12             0             0             0             0             0
 PINC212            0             0             0             0             0
 CORES12            0             0             0             0             0
 HEAL121            0             0             0             0             0
 HEAL123            0             0             0             0             0
 MARR12             0             0             0             0             0
 ECO122             0             0             0             0             0
 ECO123             0             0             0             0             0
 HWC122             0             0             0             0             0
 HWC123             0             0             0             0             0
 HUKOU12            0             0             0             0             0
 SAT12              0             0             0             0             0
 ADL12              0             0             0             0             0
 FINC12             0             0             0             0             0


           THETA
              CES8SD12      CES8SD16      CES8SD18      CES8SD20      CES8SD22
              ________      ________      ________      ________      ________
 CES8SD12           9
 CES8SD16           0            10
 CES8SD18           0             0            11
 CES8SD20           0             0             0            12
 CES8SD22           0             0             0             0            13
 SEX12              0             0             0             0             0
 EDU12              0             0             0             0             0
 URBAN12            0             0             0             0             0
 PROV122            0             0             0             0             0
 PROV123            0             0             0             0             0
 CDN12              0             0             0             0             0
 CDAR12             0             0             0             0             0
 CDSC121            0             0             0             0             0
 CDSC122            0             0             0             0             0
 MINOR12            0             0             0             0             0
 WAVE               0             0             0             0             0
 AGEG12             0             0             0             0             0
 PINC12             0             0             0             0             0
 PINC212            0             0             0             0             0
 CORES12            0             0             0             0             0
 HEAL121            0             0             0             0             0
 HEAL123            0             0             0             0             0
 MARR12             0             0             0             0             0
 ECO122             0             0             0             0             0
 ECO123             0             0             0             0             0
 HWC122             0             0             0             0             0
 HWC123             0             0             0             0             0
 HUKOU12            0             0             0             0             0
 SAT12              0             0             0             0             0
 ADL12              0             0             0             0             0
 FINC12             0             0             0             0             0


           THETA
              SEX12         EDU12         URBAN12       PROV122       PROV123
              ________      ________      ________      ________      ________
 SEX12              0
 EDU12              0             0
 URBAN12            0             0             0
 PROV122            0             0             0             0
 PROV123            0             0             0             0             0
 CDN12              0             0             0             0             0
 CDAR12             0             0             0             0             0
 CDSC121            0             0             0             0             0
 CDSC122            0             0             0             0             0
 MINOR12            0             0             0             0             0
 WAVE               0             0             0             0             0
 AGEG12             0             0             0             0             0
 PINC12             0             0             0             0             0
 PINC212            0             0             0             0             0
 CORES12            0             0             0             0             0
 HEAL121            0             0             0             0             0
 HEAL123            0             0             0             0             0
 MARR12             0             0             0             0             0
 ECO122             0             0             0             0             0
 ECO123             0             0             0             0             0
 HWC122             0             0             0             0             0
 HWC123             0             0             0             0             0
 HUKOU12            0             0             0             0             0
 SAT12              0             0             0             0             0
 ADL12              0             0             0             0             0
 FINC12             0             0             0             0             0


           THETA
              CDN12         CDAR12        CDSC121       CDSC122       MINOR12
              ________      ________      ________      ________      ________
 CDN12              0
 CDAR12             0             0
 CDSC121            0             0             0
 CDSC122            0             0             0             0
 MINOR12            0             0             0             0             0
 WAVE               0             0             0             0             0
 AGEG12             0             0             0             0             0
 PINC12             0             0             0             0             0
 PINC212            0             0             0             0             0
 CORES12            0             0             0             0             0
 HEAL121            0             0             0             0             0
 HEAL123            0             0             0             0             0
 MARR12             0             0             0             0             0
 ECO122             0             0             0             0             0
 ECO123             0             0             0             0             0
 HWC122             0             0             0             0             0
 HWC123             0             0             0             0             0
 HUKOU12            0             0             0             0             0
 SAT12              0             0             0             0             0
 ADL12              0             0             0             0             0
 FINC12             0             0             0             0             0


           THETA
              WAVE          AGEG12        PINC12        PINC212       CORES12
              ________      ________      ________      ________      ________
 WAVE               0
 AGEG12             0             0
 PINC12             0             0             0
 PINC212            0             0             0             0
 CORES12            0             0             0             0             0
 HEAL121            0             0             0             0             0
 HEAL123            0             0             0             0             0
 MARR12             0             0             0             0             0
 ECO122             0             0             0             0             0
 ECO123             0             0             0             0             0
 HWC122             0             0             0             0             0
 HWC123             0             0             0             0             0
 HUKOU12            0             0             0             0             0
 SAT12              0             0             0             0             0
 ADL12              0             0             0             0             0
 FINC12             0             0             0             0             0


           THETA
              HEAL121       HEAL123       MARR12        ECO122        ECO123
              ________      ________      ________      ________      ________
 HEAL121            0
 HEAL123            0             0
 MARR12             0             0             0
 ECO122             0             0             0             0
 ECO123             0             0             0             0             0
 HWC122             0             0             0             0             0
 HWC123             0             0             0             0             0
 HUKOU12            0             0             0             0             0
 SAT12              0             0             0             0             0
 ADL12              0             0             0             0             0
 FINC12             0             0             0             0             0


           THETA
              HWC122        HWC123        HUKOU12       SAT12         ADL12
              ________      ________      ________      ________      ________
 HWC122             0
 HWC123             0             0
 HUKOU12            0             0             0
 SAT12              0             0             0             0
 ADL12              0             0             0             0             0
 FINC12             0             0             0             0             0


           THETA
              FINC12
              ________
 FINC12             0


           ALPHA
              I4            S4            I5            S5            SEX12
              ________      ________      ________      ________      ________
                 14            15            16            17             0


           ALPHA
              EDU12         URBAN12       PROV122       PROV123       CDN12
              ________      ________      ________      ________      ________
                  0             0             0             0             0


           ALPHA
              CDAR12        CDSC121       CDSC122       MINOR12       WAVE
              ________      ________      ________      ________      ________
                  0             0             0             0             0


           ALPHA
              AGEG12        PINC12        PINC212       CORES12       HEAL121
              ________      ________      ________      ________      ________
                  0             0             0             0             0


           ALPHA
              HEAL123       MARR12        ECO122        ECO123        HWC122
              ________      ________      ________      ________      ________
                  0             0             0             0             0


           ALPHA
              HWC123        HUKOU12       SAT12         ADL12         FINC12
              ________      ________      ________      ________      ________
                  0             0             0             0             0


           BETA
              I4            S4            I5            S5            SEX12
              ________      ________      ________      ________      ________
 I4                 0             0             0             0             0
 S4                 0             0             0             0             0
 I5                18             0             0             0            19
 S5                45            46            47             0            48
 SEX12              0             0             0             0             0
 EDU12              0             0             0             0             0
 URBAN12            0             0             0             0             0
 PROV122            0             0             0             0             0
 PROV123            0             0             0             0             0
 CDN12              0             0             0             0             0
 CDAR12             0             0             0             0             0
 CDSC121            0             0             0             0             0
 CDSC122            0             0             0             0             0
 MINOR12            0             0             0             0             0
 WAVE               0             0             0             0             0
 AGEG12             0             0             0             0             0
 PINC12             0             0             0             0             0
 PINC212            0             0             0             0             0
 CORES12            0             0             0             0             0
 HEAL121            0             0             0             0             0
 HEAL123            0             0             0             0             0
 MARR12             0             0             0             0             0
 ECO122             0             0             0             0             0
 ECO123             0             0             0             0             0
 HWC122             0             0             0             0             0
 HWC123             0             0             0             0             0
 HUKOU12            0             0             0             0             0
 SAT12              0             0             0             0             0
 ADL12              0             0             0             0             0
 FINC12             0             0             0             0             0


           BETA
              EDU12         URBAN12       PROV122       PROV123       CDN12
              ________      ________      ________      ________      ________
 I4                 0             0             0             0             0
 S4                 0             0             0             0             0
 I5                20            21            22            23            24
 S5                49            50            51            52            53
 SEX12              0             0             0             0             0
 EDU12              0             0             0             0             0
 URBAN12            0             0             0             0             0
 PROV122            0             0             0             0             0
 PROV123            0             0             0             0             0
 CDN12              0             0             0             0             0
 CDAR12             0             0             0             0             0
 CDSC121            0             0             0             0             0
 CDSC122            0             0             0             0             0
 MINOR12            0             0             0             0             0
 WAVE               0             0             0             0             0
 AGEG12             0             0             0             0             0
 PINC12             0             0             0             0             0
 PINC212            0             0             0             0             0
 CORES12            0             0             0             0             0
 HEAL121            0             0             0             0             0
 HEAL123            0             0             0             0             0
 MARR12             0             0             0             0             0
 ECO122             0             0             0             0             0
 ECO123             0             0             0             0             0
 HWC122             0             0             0             0             0
 HWC123             0             0             0             0             0
 HUKOU12            0             0             0             0             0
 SAT12              0             0             0             0             0
 ADL12              0             0             0             0             0
 FINC12             0             0             0             0             0


           BETA
              CDAR12        CDSC121       CDSC122       MINOR12       WAVE
              ________      ________      ________      ________      ________
 I4                 0             0             0             0             0
 S4                 0             0             0             0             0
 I5                25            26            27            28            29
 S5                54            55            56            57            58
 SEX12              0             0             0             0             0
 EDU12              0             0             0             0             0
 URBAN12            0             0             0             0             0
 PROV122            0             0             0             0             0
 PROV123            0             0             0             0             0
 CDN12              0             0             0             0             0
 CDAR12             0             0             0             0             0
 CDSC121            0             0             0             0             0
 CDSC122            0             0             0             0             0
 MINOR12            0             0             0             0             0
 WAVE               0             0             0             0             0
 AGEG12             0             0             0             0             0
 PINC12             0             0             0             0             0
 PINC212            0             0             0             0             0
 CORES12            0             0             0             0             0
 HEAL121            0             0             0             0             0
 HEAL123            0             0             0             0             0
 MARR12             0             0             0             0             0
 ECO122             0             0             0             0             0
 ECO123             0             0             0             0             0
 HWC122             0             0             0             0             0
 HWC123             0             0             0             0             0
 HUKOU12            0             0             0             0             0
 SAT12              0             0             0             0             0
 ADL12              0             0             0             0             0
 FINC12             0             0             0             0             0


           BETA
              AGEG12        PINC12        PINC212       CORES12       HEAL121
              ________      ________      ________      ________      ________
 I4                 0             0             0             0             0
 S4                 0             0             0             0             0
 I5                30            31            32            33            34
 S5                59            60            61            62            63
 SEX12              0             0             0             0             0
 EDU12              0             0             0             0             0
 URBAN12            0             0             0             0             0
 PROV122            0             0             0             0             0
 PROV123            0             0             0             0             0
 CDN12              0             0             0             0             0
 CDAR12             0             0             0             0             0
 CDSC121            0             0             0             0             0
 CDSC122            0             0             0             0             0
 MINOR12            0             0             0             0             0
 WAVE               0             0             0             0             0
 AGEG12             0             0             0             0             0
 PINC12             0             0             0             0             0
 PINC212            0             0             0             0             0
 CORES12            0             0             0             0             0
 HEAL121            0             0             0             0             0
 HEAL123            0             0             0             0             0
 MARR12             0             0             0             0             0
 ECO122             0             0             0             0             0
 ECO123             0             0             0             0             0
 HWC122             0             0             0             0             0
 HWC123             0             0             0             0             0
 HUKOU12            0             0             0             0             0
 SAT12              0             0             0             0             0
 ADL12              0             0             0             0             0
 FINC12             0             0             0             0             0


           BETA
              HEAL123       MARR12        ECO122        ECO123        HWC122
              ________      ________      ________      ________      ________
 I4                 0             0             0             0             0
 S4                 0             0             0             0             0
 I5                35            36            37            38            39
 S5                64            65            66            67            68
 SEX12              0             0             0             0             0
 EDU12              0             0             0             0             0
 URBAN12            0             0             0             0             0
 PROV122            0             0             0             0             0
 PROV123            0             0             0             0             0
 CDN12              0             0             0             0             0
 CDAR12             0             0             0             0             0
 CDSC121            0             0             0             0             0
 CDSC122            0             0             0             0             0
 MINOR12            0             0             0             0             0
 WAVE               0             0             0             0             0
 AGEG12             0             0             0             0             0
 PINC12             0             0             0             0             0
 PINC212            0             0             0             0             0
 CORES12            0             0             0             0             0
 HEAL121            0             0             0             0             0
 HEAL123            0             0             0             0             0
 MARR12             0             0             0             0             0
 ECO122             0             0             0             0             0
 ECO123             0             0             0             0             0
 HWC122             0             0             0             0             0
 HWC123             0             0             0             0             0
 HUKOU12            0             0             0             0             0
 SAT12              0             0             0             0             0
 ADL12              0             0             0             0             0
 FINC12             0             0             0             0             0


           BETA
              HWC123        HUKOU12       SAT12         ADL12         FINC12
              ________      ________      ________      ________      ________
 I4                 0             0             0             0             0
 S4                 0             0             0             0             0
 I5                40            41            42            43            44
 S5                69            70            71            72            73
 SEX12              0             0             0             0             0
 EDU12              0             0             0             0             0
 URBAN12            0             0             0             0             0
 PROV122            0             0             0             0             0
 PROV123            0             0             0             0             0
 CDN12              0             0             0             0             0
 CDAR12             0             0             0             0             0
 CDSC121            0             0             0             0             0
 CDSC122            0             0             0             0             0
 MINOR12            0             0             0             0             0
 WAVE               0             0             0             0             0
 AGEG12             0             0             0             0             0
 PINC12             0             0             0             0             0
 PINC212            0             0             0             0             0
 CORES12            0             0             0             0             0
 HEAL121            0             0             0             0             0
 HEAL123            0             0             0             0             0
 MARR12             0             0             0             0             0
 ECO122             0             0             0             0             0
 ECO123             0             0             0             0             0
 HWC122             0             0             0             0             0
 HWC123             0             0             0             0             0
 HUKOU12            0             0             0             0             0
 SAT12              0             0             0             0             0
 ADL12              0             0             0             0             0
 FINC12             0             0             0             0             0


           PSI
              I4            S4            I5            S5            SEX12
              ________      ________      ________      ________      ________
 I4                74
 S4                75            76
 I5                 0             0            77
 S5                 0             0             0            78
 SEX12              0             0             0             0             0
 EDU12              0             0             0             0             0
 URBAN12            0             0             0             0             0
 PROV122            0             0             0             0             0
 PROV123            0             0             0             0             0
 CDN12              0             0             0             0             0
 CDAR12             0             0             0             0             0
 CDSC121            0             0             0             0             0
 CDSC122            0             0             0             0             0
 MINOR12            0             0             0             0             0
 WAVE               0             0             0             0             0
 AGEG12             0             0             0             0             0
 PINC12             0             0             0             0             0
 PINC212            0             0             0             0             0
 CORES12            0             0             0             0             0
 HEAL121            0             0             0             0             0
 HEAL123            0             0             0             0             0
 MARR12             0             0             0             0             0
 ECO122             0             0             0             0             0
 ECO123             0             0             0             0             0
 HWC122             0             0             0             0             0
 HWC123             0             0             0             0             0
 HUKOU12            0             0             0             0             0
 SAT12              0             0             0             0             0
 ADL12              0             0             0             0             0
 FINC12             0             0             0             0             0


           PSI
              EDU12         URBAN12       PROV122       PROV123       CDN12
              ________      ________      ________      ________      ________
 EDU12              0
 URBAN12            0             0
 PROV122            0             0             0
 PROV123            0             0             0             0
 CDN12              0             0             0             0             0
 CDAR12             0             0             0             0             0
 CDSC121            0             0             0             0             0
 CDSC122            0             0             0             0             0
 MINOR12            0             0             0             0             0
 WAVE               0             0             0             0             0
 AGEG12             0             0             0             0             0
 PINC12             0             0             0             0             0
 PINC212            0             0             0             0             0
 CORES12            0             0             0             0             0
 HEAL121            0             0             0             0             0
 HEAL123            0             0             0             0             0
 MARR12             0             0             0             0             0
 ECO122             0             0             0             0             0
 ECO123             0             0             0             0             0
 HWC122             0             0             0             0             0
 HWC123             0             0             0             0             0
 HUKOU12            0             0             0             0             0
 SAT12              0             0             0             0             0
 ADL12              0             0             0             0             0
 FINC12             0             0             0             0             0


           PSI
              CDAR12        CDSC121       CDSC122       MINOR12       WAVE
              ________      ________      ________      ________      ________
 CDAR12             0
 CDSC121            0             0
 CDSC122            0             0             0
 MINOR12            0             0             0             0
 WAVE               0             0             0             0             0
 AGEG12             0             0             0             0             0
 PINC12             0             0             0             0             0
 PINC212            0             0             0             0             0
 CORES12            0             0             0             0             0
 HEAL121            0             0             0             0             0
 HEAL123            0             0             0             0             0
 MARR12             0             0             0             0             0
 ECO122             0             0             0             0             0
 ECO123             0             0             0             0             0
 HWC122             0             0             0             0             0
 HWC123             0             0             0             0             0
 HUKOU12            0             0             0             0             0
 SAT12              0             0             0             0             0
 ADL12              0             0             0             0             0
 FINC12             0             0             0             0             0


           PSI
              AGEG12        PINC12        PINC212       CORES12       HEAL121
              ________      ________      ________      ________      ________
 AGEG12             0
 PINC12             0             0
 PINC212            0             0             0
 CORES12            0             0             0             0
 HEAL121            0             0             0             0             0
 HEAL123            0             0             0             0             0
 MARR12             0             0             0             0             0
 ECO122             0             0             0             0             0
 ECO123             0             0             0             0             0
 HWC122             0             0             0             0             0
 HWC123             0             0             0             0             0
 HUKOU12            0             0             0             0             0
 SAT12              0             0             0             0             0
 ADL12              0             0             0             0             0
 FINC12             0             0             0             0             0


           PSI
              HEAL123       MARR12        ECO122        ECO123        HWC122
              ________      ________      ________      ________      ________
 HEAL123            0
 MARR12             0             0
 ECO122             0             0             0
 ECO123             0             0             0             0
 HWC122             0             0             0             0             0
 HWC123             0             0             0             0             0
 HUKOU12            0             0             0             0             0
 SAT12              0             0             0             0             0
 ADL12              0             0             0             0             0
 FINC12             0             0             0             0             0


           PSI
              HWC123        HUKOU12       SAT12         ADL12         FINC12
              ________      ________      ________      ________      ________
 HWC123             0
 HUKOU12            0             0
 SAT12              0             0             0
 ADL12              0             0             0             0
 FINC12             0             0             0             0             0


     STARTING VALUES


           NU
              WFDDS912      WFDDS916      WFDDS918      WFDDS920      WFDDS922
              ________      ________      ________      ________      ________
                0.000         0.000         0.000         0.000         0.000


           NU
              CES8SD12      CES8SD16      CES8SD18      CES8SD20      CES8SD22
              ________      ________      ________      ________      ________
                0.000         0.000         0.000         0.000         0.000


           NU
              SEX12         EDU12         URBAN12       PROV122       PROV123
              ________      ________      ________      ________      ________
                0.000         0.000         0.000         0.000         0.000


           NU
              CDN12         CDAR12        CDSC121       CDSC122       MINOR12
              ________      ________      ________      ________      ________
                0.000         0.000         0.000         0.000         0.000


           NU
              WAVE          AGEG12        PINC12        PINC212       CORES12
              ________      ________      ________      ________      ________
                0.000         0.000         0.000         0.000         0.000


           NU
              HEAL121       HEAL123       MARR12        ECO122        ECO123
              ________      ________      ________      ________      ________
                0.000         0.000         0.000         0.000         0.000


           NU
              HWC122        HWC123        HUKOU12       SAT12         ADL12
              ________      ________      ________      ________      ________
                0.000         0.000         0.000         0.000         0.000


           NU
              FINC12
              ________
                0.000


           LAMBDA
              I4            S4            I5            S5            SEX12
              ________      ________      ________      ________      ________
 WFDDS912       1.000         0.000         0.000         0.000         0.000
 WFDDS916       1.000         4.000         0.000         0.000         0.000
 WFDDS918       1.000         6.000         0.000         0.000         0.000
 WFDDS920       1.000         8.000         0.000         0.000         0.000
 WFDDS922       1.000        10.000         0.000         0.000         0.000
 CES8SD12       0.000         0.000         1.000         0.000         0.000
 CES8SD16       0.000         0.000         1.000         4.000         0.000
 CES8SD18       0.000         0.000         1.000         6.000         0.000
 CES8SD20       0.000         0.000         1.000         8.000         0.000
 CES8SD22       0.000         0.000         1.000        10.000         0.000
 SEX12          0.000         0.000         0.000         0.000         1.000
 EDU12          0.000         0.000         0.000         0.000         0.000
 URBAN12        0.000         0.000         0.000         0.000         0.000
 PROV122        0.000         0.000         0.000         0.000         0.000
 PROV123        0.000         0.000         0.000         0.000         0.000
 CDN12          0.000         0.000         0.000         0.000         0.000
 CDAR12         0.000         0.000         0.000         0.000         0.000
 CDSC121        0.000         0.000         0.000         0.000         0.000
 CDSC122        0.000         0.000         0.000         0.000         0.000
 MINOR12        0.000         0.000         0.000         0.000         0.000
 WAVE           0.000         0.000         0.000         0.000         0.000
 AGEG12         0.000         0.000         0.000         0.000         0.000
 PINC12         0.000         0.000         0.000         0.000         0.000
 PINC212        0.000         0.000         0.000         0.000         0.000
 CORES12        0.000         0.000         0.000         0.000         0.000
 HEAL121        0.000         0.000         0.000         0.000         0.000
 HEAL123        0.000         0.000         0.000         0.000         0.000
 MARR12         0.000         0.000         0.000         0.000         0.000
 ECO122         0.000         0.000         0.000         0.000         0.000
 ECO123         0.000         0.000         0.000         0.000         0.000
 HWC122         0.000         0.000         0.000         0.000         0.000
 HWC123         0.000         0.000         0.000         0.000         0.000
 HUKOU12        0.000         0.000         0.000         0.000         0.000
 SAT12          0.000         0.000         0.000         0.000         0.000
 ADL12          0.000         0.000         0.000         0.000         0.000
 FINC12         0.000         0.000         0.000         0.000         0.000


           LAMBDA
              EDU12         URBAN12       PROV122       PROV123       CDN12
              ________      ________      ________      ________      ________
 WFDDS912       0.000         0.000         0.000         0.000         0.000
 WFDDS916       0.000         0.000         0.000         0.000         0.000
 WFDDS918       0.000         0.000         0.000         0.000         0.000
 WFDDS920       0.000         0.000         0.000         0.000         0.000
 WFDDS922       0.000         0.000         0.000         0.000         0.000
 CES8SD12       0.000         0.000         0.000         0.000         0.000
 CES8SD16       0.000         0.000         0.000         0.000         0.000
 CES8SD18       0.000         0.000         0.000         0.000         0.000
 CES8SD20       0.000         0.000         0.000         0.000         0.000
 CES8SD22       0.000         0.000         0.000         0.000         0.000
 SEX12          0.000         0.000         0.000         0.000         0.000
 EDU12          1.000         0.000         0.000         0.000         0.000
 URBAN12        0.000         1.000         0.000         0.000         0.000
 PROV122        0.000         0.000         1.000         0.000         0.000
 PROV123        0.000         0.000         0.000         1.000         0.000
 CDN12          0.000         0.000         0.000         0.000         1.000
 CDAR12         0.000         0.000         0.000         0.000         0.000
 CDSC121        0.000         0.000         0.000         0.000         0.000
 CDSC122        0.000         0.000         0.000         0.000         0.000
 MINOR12        0.000         0.000         0.000         0.000         0.000
 WAVE           0.000         0.000         0.000         0.000         0.000
 AGEG12         0.000         0.000         0.000         0.000         0.000
 PINC12         0.000         0.000         0.000         0.000         0.000
 PINC212        0.000         0.000         0.000         0.000         0.000
 CORES12        0.000         0.000         0.000         0.000         0.000
 HEAL121        0.000         0.000         0.000         0.000         0.000
 HEAL123        0.000         0.000         0.000         0.000         0.000
 MARR12         0.000         0.000         0.000         0.000         0.000
 ECO122         0.000         0.000         0.000         0.000         0.000
 ECO123         0.000         0.000         0.000         0.000         0.000
 HWC122         0.000         0.000         0.000         0.000         0.000
 HWC123         0.000         0.000         0.000         0.000         0.000
 HUKOU12        0.000         0.000         0.000         0.000         0.000
 SAT12          0.000         0.000         0.000         0.000         0.000
 ADL12          0.000         0.000         0.000         0.000         0.000
 FINC12         0.000         0.000         0.000         0.000         0.000


           LAMBDA
              CDAR12        CDSC121       CDSC122       MINOR12       WAVE
              ________      ________      ________      ________      ________
 WFDDS912       0.000         0.000         0.000         0.000         0.000
 WFDDS916       0.000         0.000         0.000         0.000         0.000
 WFDDS918       0.000         0.000         0.000         0.000         0.000
 WFDDS920       0.000         0.000         0.000         0.000         0.000
 WFDDS922       0.000         0.000         0.000         0.000         0.000
 CES8SD12       0.000         0.000         0.000         0.000         0.000
 CES8SD16       0.000         0.000         0.000         0.000         0.000
 CES8SD18       0.000         0.000         0.000         0.000         0.000
 CES8SD20       0.000         0.000         0.000         0.000         0.000
 CES8SD22       0.000         0.000         0.000         0.000         0.000
 SEX12          0.000         0.000         0.000         0.000         0.000
 EDU12          0.000         0.000         0.000         0.000         0.000
 URBAN12        0.000         0.000         0.000         0.000         0.000
 PROV122        0.000         0.000         0.000         0.000         0.000
 PROV123        0.000         0.000         0.000         0.000         0.000
 CDN12          0.000         0.000         0.000         0.000         0.000
 CDAR12         1.000         0.000         0.000         0.000         0.000
 CDSC121        0.000         1.000         0.000         0.000         0.000
 CDSC122        0.000         0.000         1.000         0.000         0.000
 MINOR12        0.000         0.000         0.000         1.000         0.000
 WAVE           0.000         0.000         0.000         0.000         1.000
 AGEG12         0.000         0.000         0.000         0.000         0.000
 PINC12         0.000         0.000         0.000         0.000         0.000
 PINC212        0.000         0.000         0.000         0.000         0.000
 CORES12        0.000         0.000         0.000         0.000         0.000
 HEAL121        0.000         0.000         0.000         0.000         0.000
 HEAL123        0.000         0.000         0.000         0.000         0.000
 MARR12         0.000         0.000         0.000         0.000         0.000
 ECO122         0.000         0.000         0.000         0.000         0.000
 ECO123         0.000         0.000         0.000         0.000         0.000
 HWC122         0.000         0.000         0.000         0.000         0.000
 HWC123         0.000         0.000         0.000         0.000         0.000
 HUKOU12        0.000         0.000         0.000         0.000         0.000
 SAT12          0.000         0.000         0.000         0.000         0.000
 ADL12          0.000         0.000         0.000         0.000         0.000
 FINC12         0.000         0.000         0.000         0.000         0.000


           LAMBDA
              AGEG12        PINC12        PINC212       CORES12       HEAL121
              ________      ________      ________      ________      ________
 WFDDS912       0.000         0.000         0.000         0.000         0.000
 WFDDS916       0.000         0.000         0.000         0.000         0.000
 WFDDS918       0.000         0.000         0.000         0.000         0.000
 WFDDS920       0.000         0.000         0.000         0.000         0.000
 WFDDS922       0.000         0.000         0.000         0.000         0.000
 CES8SD12       0.000         0.000         0.000         0.000         0.000
 CES8SD16       0.000         0.000         0.000         0.000         0.000
 CES8SD18       0.000         0.000         0.000         0.000         0.000
 CES8SD20       0.000         0.000         0.000         0.000         0.000
 CES8SD22       0.000         0.000         0.000         0.000         0.000
 SEX12          0.000         0.000         0.000         0.000         0.000
 EDU12          0.000         0.000         0.000         0.000         0.000
 URBAN12        0.000         0.000         0.000         0.000         0.000
 PROV122        0.000         0.000         0.000         0.000         0.000
 PROV123        0.000         0.000         0.000         0.000         0.000
 CDN12          0.000         0.000         0.000         0.000         0.000
 CDAR12         0.000         0.000         0.000         0.000         0.000
 CDSC121        0.000         0.000         0.000         0.000         0.000
 CDSC122        0.000         0.000         0.000         0.000         0.000
 MINOR12        0.000         0.000         0.000         0.000         0.000
 WAVE           0.000         0.000         0.000         0.000         0.000
 AGEG12         1.000         0.000         0.000         0.000         0.000
 PINC12         0.000         1.000         0.000         0.000         0.000
 PINC212        0.000         0.000         1.000         0.000         0.000
 CORES12        0.000         0.000         0.000         1.000         0.000
 HEAL121        0.000         0.000         0.000         0.000         1.000
 HEAL123        0.000         0.000         0.000         0.000         0.000
 MARR12         0.000         0.000         0.000         0.000         0.000
 ECO122         0.000         0.000         0.000         0.000         0.000
 ECO123         0.000         0.000         0.000         0.000         0.000
 HWC122         0.000         0.000         0.000         0.000         0.000
 HWC123         0.000         0.000         0.000         0.000         0.000
 HUKOU12        0.000         0.000         0.000         0.000         0.000
 SAT12          0.000         0.000         0.000         0.000         0.000
 ADL12          0.000         0.000         0.000         0.000         0.000
 FINC12         0.000         0.000         0.000         0.000         0.000


           LAMBDA
              HEAL123       MARR12        ECO122        ECO123        HWC122
              ________      ________      ________      ________      ________
 WFDDS912       0.000         0.000         0.000         0.000         0.000
 WFDDS916       0.000         0.000         0.000         0.000         0.000
 WFDDS918       0.000         0.000         0.000         0.000         0.000
 WFDDS920       0.000         0.000         0.000         0.000         0.000
 WFDDS922       0.000         0.000         0.000         0.000         0.000
 CES8SD12       0.000         0.000         0.000         0.000         0.000
 CES8SD16       0.000         0.000         0.000         0.000         0.000
 CES8SD18       0.000         0.000         0.000         0.000         0.000
 CES8SD20       0.000         0.000         0.000         0.000         0.000
 CES8SD22       0.000         0.000         0.000         0.000         0.000
 SEX12          0.000         0.000         0.000         0.000         0.000
 EDU12          0.000         0.000         0.000         0.000         0.000
 URBAN12        0.000         0.000         0.000         0.000         0.000
 PROV122        0.000         0.000         0.000         0.000         0.000
 PROV123        0.000         0.000         0.000         0.000         0.000
 CDN12          0.000         0.000         0.000         0.000         0.000
 CDAR12         0.000         0.000         0.000         0.000         0.000
 CDSC121        0.000         0.000         0.000         0.000         0.000
 CDSC122        0.000         0.000         0.000         0.000         0.000
 MINOR12        0.000         0.000         0.000         0.000         0.000
 WAVE           0.000         0.000         0.000         0.000         0.000
 AGEG12         0.000         0.000         0.000         0.000         0.000
 PINC12         0.000         0.000         0.000         0.000         0.000
 PINC212        0.000         0.000         0.000         0.000         0.000
 CORES12        0.000         0.000         0.000         0.000         0.000
 HEAL121        0.000         0.000         0.000         0.000         0.000
 HEAL123        1.000         0.000         0.000         0.000         0.000
 MARR12         0.000         1.000         0.000         0.000         0.000
 ECO122         0.000         0.000         1.000         0.000         0.000
 ECO123         0.000         0.000         0.000         1.000         0.000
 HWC122         0.000         0.000         0.000         0.000         1.000
 HWC123         0.000         0.000         0.000         0.000         0.000
 HUKOU12        0.000         0.000         0.000         0.000         0.000
 SAT12          0.000         0.000         0.000         0.000         0.000
 ADL12          0.000         0.000         0.000         0.000         0.000
 FINC12         0.000         0.000         0.000         0.000         0.000


           LAMBDA
              HWC123        HUKOU12       SAT12         ADL12         FINC12
              ________      ________      ________      ________      ________
 WFDDS912       0.000         0.000         0.000         0.000         0.000
 WFDDS916       0.000         0.000         0.000         0.000         0.000
 WFDDS918       0.000         0.000         0.000         0.000         0.000
 WFDDS920       0.000         0.000         0.000         0.000         0.000
 WFDDS922       0.000         0.000         0.000         0.000         0.000
 CES8SD12       0.000         0.000         0.000         0.000         0.000
 CES8SD16       0.000         0.000         0.000         0.000         0.000
 CES8SD18       0.000         0.000         0.000         0.000         0.000
 CES8SD20       0.000         0.000         0.000         0.000         0.000
 CES8SD22       0.000         0.000         0.000         0.000         0.000
 SEX12          0.000         0.000         0.000         0.000         0.000
 EDU12          0.000         0.000         0.000         0.000         0.000
 URBAN12        0.000         0.000         0.000         0.000         0.000
 PROV122        0.000         0.000         0.000         0.000         0.000
 PROV123        0.000         0.000         0.000         0.000         0.000
 CDN12          0.000         0.000         0.000         0.000         0.000
 CDAR12         0.000         0.000         0.000         0.000         0.000
 CDSC121        0.000         0.000         0.000         0.000         0.000
 CDSC122        0.000         0.000         0.000         0.000         0.000
 MINOR12        0.000         0.000         0.000         0.000         0.000
 WAVE           0.000         0.000         0.000         0.000         0.000
 AGEG12         0.000         0.000         0.000         0.000         0.000
 PINC12         0.000         0.000         0.000         0.000         0.000
 PINC212        0.000         0.000         0.000         0.000         0.000
 CORES12        0.000         0.000         0.000         0.000         0.000
 HEAL121        0.000         0.000         0.000         0.000         0.000
 HEAL123        0.000         0.000         0.000         0.000         0.000
 MARR12         0.000         0.000         0.000         0.000         0.000
 ECO122         0.000         0.000         0.000         0.000         0.000
 ECO123         0.000         0.000         0.000         0.000         0.000
 HWC122         0.000         0.000         0.000         0.000         0.000
 HWC123         1.000         0.000         0.000         0.000         0.000
 HUKOU12        0.000         1.000         0.000         0.000         0.000
 SAT12          0.000         0.000         1.000         0.000         0.000
 ADL12          0.000         0.000         0.000         1.000         0.000
 FINC12         0.000         0.000         0.000         0.000         1.000


           THETA
              WFDDS912      WFDDS916      WFDDS918      WFDDS920      WFDDS922
              ________      ________      ________      ________      ________
 WFDDS912       0.500
 WFDDS916       0.000         0.501
 WFDDS918       0.000         0.000         0.706
 WFDDS920       0.000         0.000         0.000         0.804
 WFDDS922       0.000         0.000         0.000         0.000         1.080
 CES8SD12       0.000         0.000         0.000         0.000         0.000
 CES8SD16       0.000         0.000         0.000         0.000         0.000
 CES8SD18       0.000         0.000         0.000         0.000         0.000
 CES8SD20       0.000         0.000         0.000         0.000         0.000
 CES8SD22       0.000         0.000         0.000         0.000         0.000
 SEX12          0.000         0.000         0.000         0.000         0.000
 EDU12          0.000         0.000         0.000         0.000         0.000
 URBAN12        0.000         0.000         0.000         0.000         0.000
 PROV122        0.000         0.000         0.000         0.000         0.000
 PROV123        0.000         0.000         0.000         0.000         0.000
 CDN12          0.000         0.000         0.000         0.000         0.000
 CDAR12         0.000         0.000         0.000         0.000         0.000
 CDSC121        0.000         0.000         0.000         0.000         0.000
 CDSC122        0.000         0.000         0.000         0.000         0.000
 MINOR12        0.000         0.000         0.000         0.000         0.000
 WAVE           0.000         0.000         0.000         0.000         0.000
 AGEG12         0.000         0.000         0.000         0.000         0.000
 PINC12         0.000         0.000         0.000         0.000         0.000
 PINC212        0.000         0.000         0.000         0.000         0.000
 CORES12        0.000         0.000         0.000         0.000         0.000
 HEAL121        0.000         0.000         0.000         0.000         0.000
 HEAL123        0.000         0.000         0.000         0.000         0.000
 MARR12         0.000         0.000         0.000         0.000         0.000
 ECO122         0.000         0.000         0.000         0.000         0.000
 ECO123         0.000         0.000         0.000         0.000         0.000
 HWC122         0.000         0.000         0.000         0.000         0.000
 HWC123         0.000         0.000         0.000         0.000         0.000
 HUKOU12        0.000         0.000         0.000         0.000         0.000
 SAT12          0.000         0.000         0.000         0.000         0.000
 ADL12          0.000         0.000         0.000         0.000         0.000
 FINC12         0.000         0.000         0.000         0.000         0.000


           THETA
              CES8SD12      CES8SD16      CES8SD18      CES8SD20      CES8SD22
              ________      ________      ________      ________      ________
 CES8SD12       0.500
 CES8SD16       0.000         0.577
 CES8SD18       0.000         0.000         0.572
 CES8SD20       0.000         0.000         0.000         0.534
 CES8SD22       0.000         0.000         0.000         0.000         0.585
 SEX12          0.000         0.000         0.000         0.000         0.000
 EDU12          0.000         0.000         0.000         0.000         0.000
 URBAN12        0.000         0.000         0.000         0.000         0.000
 PROV122        0.000         0.000         0.000         0.000         0.000
 PROV123        0.000         0.000         0.000         0.000         0.000
 CDN12          0.000         0.000         0.000         0.000         0.000
 CDAR12         0.000         0.000         0.000         0.000         0.000
 CDSC121        0.000         0.000         0.000         0.000         0.000
 CDSC122        0.000         0.000         0.000         0.000         0.000
 MINOR12        0.000         0.000         0.000         0.000         0.000
 WAVE           0.000         0.000         0.000         0.000         0.000
 AGEG12         0.000         0.000         0.000         0.000         0.000
 PINC12         0.000         0.000         0.000         0.000         0.000
 PINC212        0.000         0.000         0.000         0.000         0.000
 CORES12        0.000         0.000         0.000         0.000         0.000
 HEAL121        0.000         0.000         0.000         0.000         0.000
 HEAL123        0.000         0.000         0.000         0.000         0.000
 MARR12         0.000         0.000         0.000         0.000         0.000
 ECO122         0.000         0.000         0.000         0.000         0.000
 ECO123         0.000         0.000         0.000         0.000         0.000
 HWC122         0.000         0.000         0.000         0.000         0.000
 HWC123         0.000         0.000         0.000         0.000         0.000
 HUKOU12        0.000         0.000         0.000         0.000         0.000
 SAT12          0.000         0.000         0.000         0.000         0.000
 ADL12          0.000         0.000         0.000         0.000         0.000
 FINC12         0.000         0.000         0.000         0.000         0.000


           THETA
              SEX12         EDU12         URBAN12       PROV122       PROV123
              ________      ________      ________      ________      ________
 SEX12          0.000
 EDU12          0.000         0.000
 URBAN12        0.000         0.000         0.000
 PROV122        0.000         0.000         0.000         0.000
 PROV123        0.000         0.000         0.000         0.000         0.000
 CDN12          0.000         0.000         0.000         0.000         0.000
 CDAR12         0.000         0.000         0.000         0.000         0.000
 CDSC121        0.000         0.000         0.000         0.000         0.000
 CDSC122        0.000         0.000         0.000         0.000         0.000
 MINOR12        0.000         0.000         0.000         0.000         0.000
 WAVE           0.000         0.000         0.000         0.000         0.000
 AGEG12         0.000         0.000         0.000         0.000         0.000
 PINC12         0.000         0.000         0.000         0.000         0.000
 PINC212        0.000         0.000         0.000         0.000         0.000
 CORES12        0.000         0.000         0.000         0.000         0.000
 HEAL121        0.000         0.000         0.000         0.000         0.000
 HEAL123        0.000         0.000         0.000         0.000         0.000
 MARR12         0.000         0.000         0.000         0.000         0.000
 ECO122         0.000         0.000         0.000         0.000         0.000
 ECO123         0.000         0.000         0.000         0.000         0.000
 HWC122         0.000         0.000         0.000         0.000         0.000
 HWC123         0.000         0.000         0.000         0.000         0.000
 HUKOU12        0.000         0.000         0.000         0.000         0.000
 SAT12          0.000         0.000         0.000         0.000         0.000
 ADL12          0.000         0.000         0.000         0.000         0.000
 FINC12         0.000         0.000         0.000         0.000         0.000


           THETA
              CDN12         CDAR12        CDSC121       CDSC122       MINOR12
              ________      ________      ________      ________      ________
 CDN12          0.000
 CDAR12         0.000         0.000
 CDSC121        0.000         0.000         0.000
 CDSC122        0.000         0.000         0.000         0.000
 MINOR12        0.000         0.000         0.000         0.000         0.000
 WAVE           0.000         0.000         0.000         0.000         0.000
 AGEG12         0.000         0.000         0.000         0.000         0.000
 PINC12         0.000         0.000         0.000         0.000         0.000
 PINC212        0.000         0.000         0.000         0.000         0.000
 CORES12        0.000         0.000         0.000         0.000         0.000
 HEAL121        0.000         0.000         0.000         0.000         0.000
 HEAL123        0.000         0.000         0.000         0.000         0.000
 MARR12         0.000         0.000         0.000         0.000         0.000
 ECO122         0.000         0.000         0.000         0.000         0.000
 ECO123         0.000         0.000         0.000         0.000         0.000
 HWC122         0.000         0.000         0.000         0.000         0.000
 HWC123         0.000         0.000         0.000         0.000         0.000
 HUKOU12        0.000         0.000         0.000         0.000         0.000
 SAT12          0.000         0.000         0.000         0.000         0.000
 ADL12          0.000         0.000         0.000         0.000         0.000
 FINC12         0.000         0.000         0.000         0.000         0.000


           THETA
              WAVE          AGEG12        PINC12        PINC212       CORES12
              ________      ________      ________      ________      ________
 WAVE           0.000
 AGEG12         0.000         0.000
 PINC12         0.000         0.000         0.000
 PINC212        0.000         0.000         0.000         0.000
 CORES12        0.000         0.000         0.000         0.000         0.000
 HEAL121        0.000         0.000         0.000         0.000         0.000
 HEAL123        0.000         0.000         0.000         0.000         0.000
 MARR12         0.000         0.000         0.000         0.000         0.000
 ECO122         0.000         0.000         0.000         0.000         0.000
 ECO123         0.000         0.000         0.000         0.000         0.000
 HWC122         0.000         0.000         0.000         0.000         0.000
 HWC123         0.000         0.000         0.000         0.000         0.000
 HUKOU12        0.000         0.000         0.000         0.000         0.000
 SAT12          0.000         0.000         0.000         0.000         0.000
 ADL12          0.000         0.000         0.000         0.000         0.000
 FINC12         0.000         0.000         0.000         0.000         0.000


           THETA
              HEAL121       HEAL123       MARR12        ECO122        ECO123
              ________      ________      ________      ________      ________
 HEAL121        0.000
 HEAL123        0.000         0.000
 MARR12         0.000         0.000         0.000
 ECO122         0.000         0.000         0.000         0.000
 ECO123         0.000         0.000         0.000         0.000         0.000
 HWC122         0.000         0.000         0.000         0.000         0.000
 HWC123         0.000         0.000         0.000         0.000         0.000
 HUKOU12        0.000         0.000         0.000         0.000         0.000
 SAT12          0.000         0.000         0.000         0.000         0.000
 ADL12          0.000         0.000         0.000         0.000         0.000
 FINC12         0.000         0.000         0.000         0.000         0.000


           THETA
              HWC122        HWC123        HUKOU12       SAT12         ADL12
              ________      ________      ________      ________      ________
 HWC122         0.000
 HWC123         0.000         0.000
 HUKOU12        0.000         0.000         0.000
 SAT12          0.000         0.000         0.000         0.000
 ADL12          0.000         0.000         0.000         0.000         0.000
 FINC12         0.000         0.000         0.000         0.000         0.000


           THETA
              FINC12
              ________
 FINC12         0.000


           ALPHA
              I4            S4            I5            S5            SEX12
              ________      ________      ________      ________      ________
                0.010        -0.006         0.054         0.032         0.496


           ALPHA
              EDU12         URBAN12       PROV122       PROV123       CDN12
              ________      ________      ________      ________      ________
                0.195         0.435         0.308         0.242         3.159


           ALPHA
              CDAR12        CDSC121       CDSC122       MINOR12       WAVE
              ________      ________      ________      ________      ________
                7.150         0.202         0.079         0.004         3.280


           ALPHA
              AGEG12        PINC12        PINC212       CORES12       HEAL121
              ________      ________      ________      ________      ________
                0.108         2.190         0.688         0.539         0.318


           ALPHA
              HEAL123       MARR12        ECO122        ECO123        HWC122
              ________      ________      ________      ________      ________
                0.434         0.828         0.233         0.186         0.109


           ALPHA
              HWC123        HUKOU12       SAT12         ADL12         FINC12
              ________      ________      ________      ________      ________
                0.212         0.684         3.532         0.291         3.699


           BETA
              I4            S4            I5            S5            SEX12
              ________      ________      ________      ________      ________
 I4             0.000         0.000         0.000         0.000         0.000
 S4             0.000         0.000         0.000         0.000         0.000
 I5             0.000         0.000         0.000         0.000         0.000
 S5             0.000         0.000         0.000         0.000         0.000
 SEX12          0.000         0.000         0.000         0.000         0.000
 EDU12          0.000         0.000         0.000         0.000         0.000
 URBAN12        0.000         0.000         0.000         0.000         0.000
 PROV122        0.000         0.000         0.000         0.000         0.000
 PROV123        0.000         0.000         0.000         0.000         0.000
 CDN12          0.000         0.000         0.000         0.000         0.000
 CDAR12         0.000         0.000         0.000         0.000         0.000
 CDSC121        0.000         0.000         0.000         0.000         0.000
 CDSC122        0.000         0.000         0.000         0.000         0.000
 MINOR12        0.000         0.000         0.000         0.000         0.000
 WAVE           0.000         0.000         0.000         0.000         0.000
 AGEG12         0.000         0.000         0.000         0.000         0.000
 PINC12         0.000         0.000         0.000         0.000         0.000
 PINC212        0.000         0.000         0.000         0.000         0.000
 CORES12        0.000         0.000         0.000         0.000         0.000
 HEAL121        0.000         0.000         0.000         0.000         0.000
 HEAL123        0.000         0.000         0.000         0.000         0.000
 MARR12         0.000         0.000         0.000         0.000         0.000
 ECO122         0.000         0.000         0.000         0.000         0.000
 ECO123         0.000         0.000         0.000         0.000         0.000
 HWC122         0.000         0.000         0.000         0.000         0.000
 HWC123         0.000         0.000         0.000         0.000         0.000
 HUKOU12        0.000         0.000         0.000         0.000         0.000
 SAT12          0.000         0.000         0.000         0.000         0.000
 ADL12          0.000         0.000         0.000         0.000         0.000
 FINC12         0.000         0.000         0.000         0.000         0.000


           BETA
              EDU12         URBAN12       PROV122       PROV123       CDN12
              ________      ________      ________      ________      ________
 I4             0.000         0.000         0.000         0.000         0.000
 S4             0.000         0.000         0.000         0.000         0.000
 I5             0.000         0.000         0.000         0.000         0.000
 S5             0.000         0.000         0.000         0.000         0.000
 SEX12          0.000         0.000         0.000         0.000         0.000
 EDU12          0.000         0.000         0.000         0.000         0.000
 URBAN12        0.000         0.000         0.000         0.000         0.000
 PROV122        0.000         0.000         0.000         0.000         0.000
 PROV123        0.000         0.000         0.000         0.000         0.000
 CDN12          0.000         0.000         0.000         0.000         0.000
 CDAR12         0.000         0.000         0.000         0.000         0.000
 CDSC121        0.000         0.000         0.000         0.000         0.000
 CDSC122        0.000         0.000         0.000         0.000         0.000
 MINOR12        0.000         0.000         0.000         0.000         0.000
 WAVE           0.000         0.000         0.000         0.000         0.000
 AGEG12         0.000         0.000         0.000         0.000         0.000
 PINC12         0.000         0.000         0.000         0.000         0.000
 PINC212        0.000         0.000         0.000         0.000         0.000
 CORES12        0.000         0.000         0.000         0.000         0.000
 HEAL121        0.000         0.000         0.000         0.000         0.000
 HEAL123        0.000         0.000         0.000         0.000         0.000
 MARR12         0.000         0.000         0.000         0.000         0.000
 ECO122         0.000         0.000         0.000         0.000         0.000
 ECO123         0.000         0.000         0.000         0.000         0.000
 HWC122         0.000         0.000         0.000         0.000         0.000
 HWC123         0.000         0.000         0.000         0.000         0.000
 HUKOU12        0.000         0.000         0.000         0.000         0.000
 SAT12          0.000         0.000         0.000         0.000         0.000
 ADL12          0.000         0.000         0.000         0.000         0.000
 FINC12         0.000         0.000         0.000         0.000         0.000


           BETA
              CDAR12        CDSC121       CDSC122       MINOR12       WAVE
              ________      ________      ________      ________      ________
 I4             0.000         0.000         0.000         0.000         0.000
 S4             0.000         0.000         0.000         0.000         0.000
 I5             0.000         0.000         0.000         0.000         0.000
 S5             0.000         0.000         0.000         0.000         0.000
 SEX12          0.000         0.000         0.000         0.000         0.000
 EDU12          0.000         0.000         0.000         0.000         0.000
 URBAN12        0.000         0.000         0.000         0.000         0.000
 PROV122        0.000         0.000         0.000         0.000         0.000
 PROV123        0.000         0.000         0.000         0.000         0.000
 CDN12          0.000         0.000         0.000         0.000         0.000
 CDAR12         0.000         0.000         0.000         0.000         0.000
 CDSC121        0.000         0.000         0.000         0.000         0.000
 CDSC122        0.000         0.000         0.000         0.000         0.000
 MINOR12        0.000         0.000         0.000         0.000         0.000
 WAVE           0.000         0.000         0.000         0.000         0.000
 AGEG12         0.000         0.000         0.000         0.000         0.000
 PINC12         0.000         0.000         0.000         0.000         0.000
 PINC212        0.000         0.000         0.000         0.000         0.000
 CORES12        0.000         0.000         0.000         0.000         0.000
 HEAL121        0.000         0.000         0.000         0.000         0.000
 HEAL123        0.000         0.000         0.000         0.000         0.000
 MARR12         0.000         0.000         0.000         0.000         0.000
 ECO122         0.000         0.000         0.000         0.000         0.000
 ECO123         0.000         0.000         0.000         0.000         0.000
 HWC122         0.000         0.000         0.000         0.000         0.000
 HWC123         0.000         0.000         0.000         0.000         0.000
 HUKOU12        0.000         0.000         0.000         0.000         0.000
 SAT12          0.000         0.000         0.000         0.000         0.000
 ADL12          0.000         0.000         0.000         0.000         0.000
 FINC12         0.000         0.000         0.000         0.000         0.000


           BETA
              AGEG12        PINC12        PINC212       CORES12       HEAL121
              ________      ________      ________      ________      ________
 I4             0.000         0.000         0.000         0.000         0.000
 S4             0.000         0.000         0.000         0.000         0.000
 I5             0.000         0.000         0.000         0.000         0.000
 S5             0.000         0.000         0.000         0.000         0.000
 SEX12          0.000         0.000         0.000         0.000         0.000
 EDU12          0.000         0.000         0.000         0.000         0.000
 URBAN12        0.000         0.000         0.000         0.000         0.000
 PROV122        0.000         0.000         0.000         0.000         0.000
 PROV123        0.000         0.000         0.000         0.000         0.000
 CDN12          0.000         0.000         0.000         0.000         0.000
 CDAR12         0.000         0.000         0.000         0.000         0.000
 CDSC121        0.000         0.000         0.000         0.000         0.000
 CDSC122        0.000         0.000         0.000         0.000         0.000
 MINOR12        0.000         0.000         0.000         0.000         0.000
 WAVE           0.000         0.000         0.000         0.000         0.000
 AGEG12         0.000         0.000         0.000         0.000         0.000
 PINC12         0.000         0.000         0.000         0.000         0.000
 PINC212        0.000         0.000         0.000         0.000         0.000
 CORES12        0.000         0.000         0.000         0.000         0.000
 HEAL121        0.000         0.000         0.000         0.000         0.000
 HEAL123        0.000         0.000         0.000         0.000         0.000
 MARR12         0.000         0.000         0.000         0.000         0.000
 ECO122         0.000         0.000         0.000         0.000         0.000
 ECO123         0.000         0.000         0.000         0.000         0.000
 HWC122         0.000         0.000         0.000         0.000         0.000
 HWC123         0.000         0.000         0.000         0.000         0.000
 HUKOU12        0.000         0.000         0.000         0.000         0.000
 SAT12          0.000         0.000         0.000         0.000         0.000
 ADL12          0.000         0.000         0.000         0.000         0.000
 FINC12         0.000         0.000         0.000         0.000         0.000


           BETA
              HEAL123       MARR12        ECO122        ECO123        HWC122
              ________      ________      ________      ________      ________
 I4             0.000         0.000         0.000         0.000         0.000
 S4             0.000         0.000         0.000         0.000         0.000
 I5             0.000         0.000         0.000         0.000         0.000
 S5             0.000         0.000         0.000         0.000         0.000
 SEX12          0.000         0.000         0.000         0.000         0.000
 EDU12          0.000         0.000         0.000         0.000         0.000
 URBAN12        0.000         0.000         0.000         0.000         0.000
 PROV122        0.000         0.000         0.000         0.000         0.000
 PROV123        0.000         0.000         0.000         0.000         0.000
 CDN12          0.000         0.000         0.000         0.000         0.000
 CDAR12         0.000         0.000         0.000         0.000         0.000
 CDSC121        0.000         0.000         0.000         0.000         0.000
 CDSC122        0.000         0.000         0.000         0.000         0.000
 MINOR12        0.000         0.000         0.000         0.000         0.000
 WAVE           0.000         0.000         0.000         0.000         0.000
 AGEG12         0.000         0.000         0.000         0.000         0.000
 PINC12         0.000         0.000         0.000         0.000         0.000
 PINC212        0.000         0.000         0.000         0.000         0.000
 CORES12        0.000         0.000         0.000         0.000         0.000
 HEAL121        0.000         0.000         0.000         0.000         0.000
 HEAL123        0.000         0.000         0.000         0.000         0.000
 MARR12         0.000         0.000         0.000         0.000         0.000
 ECO122         0.000         0.000         0.000         0.000         0.000
 ECO123         0.000         0.000         0.000         0.000         0.000
 HWC122         0.000         0.000         0.000         0.000         0.000
 HWC123         0.000         0.000         0.000         0.000         0.000
 HUKOU12        0.000         0.000         0.000         0.000         0.000
 SAT12          0.000         0.000         0.000         0.000         0.000
 ADL12          0.000         0.000         0.000         0.000         0.000
 FINC12         0.000         0.000         0.000         0.000         0.000


           BETA
              HWC123        HUKOU12       SAT12         ADL12         FINC12
              ________      ________      ________      ________      ________
 I4             0.000         0.000         0.000         0.000         0.000
 S4             0.000         0.000         0.000         0.000         0.000
 I5             0.000         0.000         0.000         0.000         0.000
 S5             0.000         0.000         0.000         0.000         0.000
 SEX12          0.000         0.000         0.000         0.000         0.000
 EDU12          0.000         0.000         0.000         0.000         0.000
 URBAN12        0.000         0.000         0.000         0.000         0.000
 PROV122        0.000         0.000         0.000         0.000         0.000
 PROV123        0.000         0.000         0.000         0.000         0.000
 CDN12          0.000         0.000         0.000         0.000         0.000
 CDAR12         0.000         0.000         0.000         0.000         0.000
 CDSC121        0.000         0.000         0.000         0.000         0.000
 CDSC122        0.000         0.000         0.000         0.000         0.000
 MINOR12        0.000         0.000         0.000         0.000         0.000
 WAVE           0.000         0.000         0.000         0.000         0.000
 AGEG12         0.000         0.000         0.000         0.000         0.000
 PINC12         0.000         0.000         0.000         0.000         0.000
 PINC212        0.000         0.000         0.000         0.000         0.000
 CORES12        0.000         0.000         0.000         0.000         0.000
 HEAL121        0.000         0.000         0.000         0.000         0.000
 HEAL123        0.000         0.000         0.000         0.000         0.000
 MARR12         0.000         0.000         0.000         0.000         0.000
 ECO122         0.000         0.000         0.000         0.000         0.000
 ECO123         0.000         0.000         0.000         0.000         0.000
 HWC122         0.000         0.000         0.000         0.000         0.000
 HWC123         0.000         0.000         0.000         0.000         0.000
 HUKOU12        0.000         0.000         0.000         0.000         0.000
 SAT12          0.000         0.000         0.000         0.000         0.000
 ADL12          0.000         0.000         0.000         0.000         0.000
 FINC12         0.000         0.000         0.000         0.000         0.000


           PSI
              I4            S4            I5            S5            SEX12
              ________      ________      ________      ________      ________
 I4             1.039
 S4             0.000         0.076
 I5             0.000         0.000         1.009
 S5             0.000         0.000         0.000         0.063
 SEX12          0.000         0.000         0.000         0.000         0.250
 EDU12          0.000         0.000         0.000         0.000         0.035
 URBAN12        0.000         0.000         0.000         0.000        -0.009
 PROV122        0.000         0.000         0.000         0.000         0.000
 PROV123        0.000         0.000         0.000         0.000         0.005
 CDN12          0.000         0.000         0.000         0.000        -0.038
 CDAR12         0.000         0.000         0.000         0.000        -0.141
 CDSC121        0.000         0.000         0.000         0.000        -0.002
 CDSC122        0.000         0.000         0.000         0.000         0.002
 MINOR12        0.000         0.000         0.000         0.000        -0.001
 WAVE           0.000         0.000         0.000         0.000         0.027
 AGEG12         0.000         0.000         0.000         0.000         0.001
 PINC12         0.000         0.000         0.000         0.000         0.042
 PINC212        0.000         0.000         0.000         0.000         0.126
 CORES12        0.000         0.000         0.000         0.000        -0.003
 HEAL121        0.000         0.000         0.000         0.000        -0.030
 HEAL123        0.000         0.000         0.000         0.000         0.030
 MARR12         0.000         0.000         0.000         0.000         0.035
 ECO122         0.000         0.000         0.000         0.000        -0.010
 ECO123         0.000         0.000         0.000         0.000         0.001
 HWC122         0.000         0.000         0.000         0.000        -0.002
 HWC123         0.000         0.000         0.000         0.000        -0.014
 HUKOU12        0.000         0.000         0.000         0.000        -0.008
 SAT12          0.000         0.000         0.000         0.000         0.003
 ADL12          0.000         0.000         0.000         0.000        -0.050
 FINC12         0.000         0.000         0.000         0.000         0.082


           PSI
              EDU12         URBAN12       PROV122       PROV123       CDN12
              ________      ________      ________      ________      ________
 EDU12          0.157
 URBAN12        0.042         0.246
 PROV122        0.004        -0.015         0.213
 PROV123       -0.018        -0.025        -0.075         0.184
 CDN12         -0.061        -0.108         0.073         0.031         1.375
 CDAR12        -0.209        -0.470         0.198         0.197         3.691
 CDSC121       -0.003        -0.002        -0.013         0.004        -0.138
 CDSC122        0.006         0.016        -0.008        -0.003        -0.038
 MINOR12       -0.001        -0.001        -0.001         0.002         0.002
 WAVE           0.051         0.009         0.010        -0.030        -0.238
 AGEG12        -0.002         0.012        -0.002        -0.008         0.083
 PINC12         0.029         0.005        -0.005         0.003        -0.052
 PINC212        0.192         0.230        -0.026        -0.074        -0.279
 CORES12       -0.010        -0.022         0.003         0.037         0.012
 HEAL121       -0.022        -0.022         0.000         0.012         0.018
 HEAL123        0.018         0.004         0.002        -0.008         0.000
 MARR12         0.011         0.000         0.000        -0.004        -0.060
 ECO122        -0.007        -0.005         0.011        -0.012         0.016
 ECO123        -0.004        -0.021         0.001         0.013         0.052
 HWC122        -0.001         0.016        -0.003        -0.001        -0.035
 HWC123        -0.006        -0.004        -0.011         0.015         0.013
 HUKOU12       -0.063        -0.113         0.003         0.029         0.085
 SAT12          0.024         0.043         0.034        -0.011         0.013
 ADL12         -0.021        -0.008        -0.016         0.019         0.082
 FINC12         0.247         0.379        -0.056        -0.038        -0.621


           PSI
              CDAR12        CDSC121       CDSC122       MINOR12       WAVE
              ________      ________      ________      ________      ________
 CDAR12        22.412
 CDSC121       -0.328         0.161
 CDSC122       -0.125        -0.016         0.073
 MINOR12        0.011        -0.001         0.000         0.004
 WAVE          -0.926         0.010         0.018        -0.003         1.116
 AGEG12         0.343         0.000        -0.003         0.000        -0.079
 PINC12        -0.140         0.014         0.000        -0.001         0.054
 PINC212       -1.043         0.021         0.042         0.000         0.100
 CORES12        0.179         0.008        -0.014         0.002        -0.047
 HEAL121        0.119         0.001        -0.004         0.000        -0.050
 HEAL123        0.001        -0.008         0.003         0.000         0.048
 MARR12        -0.182        -0.001         0.004         0.000         0.062
 ECO122        -0.015         0.000        -0.001         0.000         0.008
 ECO123         0.217        -0.006        -0.005         0.000        -0.005
 HWC122        -0.124         0.004         0.004         0.000        -0.001
 HWC123         0.074        -0.004         0.000         0.001        -0.027
 HUKOU12        0.364        -0.005        -0.012         0.001        -0.009
 SAT12          0.002        -0.004         0.003         0.000         0.047
 ADL12          0.481         0.003        -0.003         0.001        -0.151
 FINC12        -2.074         0.057         0.048         0.003         0.216


           PSI
              AGEG12        PINC12        PINC212       CORES12       HEAL121
              ________      ________      ________      ________      ________
 AGEG12         0.096
 PINC12         0.002         1.034
 PINC212        0.039         0.250         1.541
 CORES12       -0.003         0.001        -0.083         0.248
 HEAL121        0.002        -0.048        -0.079         0.003         0.217
 HEAL123       -0.001         0.054         0.044         0.002        -0.138
 MARR12        -0.024         0.015         0.030        -0.028        -0.008
 ECO122        -0.004        -0.006        -0.050        -0.006        -0.002
 ECO123        -0.002        -0.016        -0.058         0.018         0.007
 HWC122        -0.001         0.013         0.014         0.001        -0.002
 HWC123         0.008        -0.003        -0.016         0.039         0.004
 HUKOU12       -0.017        -0.051        -0.356         0.036         0.023
 SAT12          0.011         0.224         0.145        -0.013        -0.081
 ADL12          0.050        -0.025        -0.055         0.021         0.089
 FINC12        -0.014         0.586         1.736         0.684        -0.132


           PSI
              HEAL123       MARR12        ECO122        ECO123        HWC122
              ________      ________      ________      ________      ________
 HEAL123        0.246
 MARR12         0.008         0.142
 ECO122        -0.003        -0.001         0.179
 ECO123        -0.006        -0.006        -0.043         0.151
 HWC122         0.003         0.003         0.027        -0.013         0.097
 HWC123        -0.004        -0.020        -0.007         0.013        -0.023
 HUKOU12       -0.004        -0.002         0.018         0.022        -0.007
 SAT12          0.075         0.003         0.010        -0.007         0.014
 ADL12         -0.065        -0.032        -0.003         0.008         0.016
 FINC12         0.056         0.086        -0.002        -0.027         0.063


           PSI
              HWC123        HUKOU12       SAT12         ADL12         FINC12
              ________      ________      ________      ________      ________
 HWC123         0.167
 HUKOU12        0.006         0.216
 SAT12          0.004        -0.058         1.090
 ADL12          0.034         0.004        -0.026         0.925
 FINC12         0.046        -0.432         0.450        -0.113        17.954


     Beginning Time:  09:53:53
        Ending Time:  09:57:21
       Elapsed Time:  00:03:28



MUTHEN & MUTHEN
3463 Stoner Ave.
Los Angeles, CA  90066

Tel: (310) 391-9971
Fax: (310) 391-8971
Web: www.StatModel.com
Support: Support@StatModel.com

Copyright (c) 1998-2025 Muthen & Muthen
