"","1","2","3","4","5","6","7","8","9","10","11","12","13","14","15","16","17","18","19","20","21","22","23","24","25","26","27","28","29","30","31","32","33","34","35","36","37","38","39","40","41","42","43","44","45","46","47","48","49","50","51","52","53","54","55","56","57","58","59","60","61","62","63","64","65","66","67","68","69","70","71","72","73","74","75","76","77","78","79","80","81","82","83","84","85","86","87","88","89","90","91","92","93","94","95","96","97","98","99","100","101","102","103","104","105","106","107","108","109","110","111","112","113","114","115","116","117","118","119","120","121","122","123"
"1",0.0098649439,0.0030005034,0.0039437272,0.0023812374,-0.00082037049,0.00010042546,0.001294269,0.0016856466,-0.00012290547,-2.7313779e-05,6.8626679e-05,0.00016570746,0.00020695308,0.00058241797,-0.0024769683,-1.5147171e-05,0.0056033325,8.5408333e-05,0.00028173388,-0.00069237157,-0.0010326458,0.00048780478,-0.00010347999,1.8376792e-05,-0.000271,0.00025345905,0.0014286515,0.00037653985,-1.1629276e-05,-0.00019209638,2.0831666e-06,0.00018746739,-0.00026234735,0.00050292362,-3.0455232e-05,-0.0003768342,0.00018283856,0.00023114278,-0.00070640332,-0.00012541256,-3.8304821e-05,-0.00034935147,-0.00026176549,0.0011063642,0.00093193648,-0.00091182545,0.00035806094,-1.4365139e-05,8.5360119e-05,-0.00017125075,-0.0031603755,-0.0010753461,-1.7006727e-05,0.00044851425,0.00012940189,-0.00063592387,0.00096564677,-0.0012958361,0.00090142457,0.00087823339,0.00054468016,-3.4415449e-05,0.00036876807,0.0007679609,1.5782237e-05,-0.0033473073,-0.00040004687,0.00042367165,-0.00047929638,-0.00059057502,3.4732142e-05,-5.3000997e-05,-2.2496567e-06,-0.00095630043,0.0005790587,0.00030123783,7.3881713e-05,6.6727213e-05,1.4113849e-06,-1.2092558e-05,-7.3986178e-05,0.00046953457,0.00057514121,0.00069190045,-0.00033380237,0.0010969242,0.00081464124,-0.0008152559,-5.8544028e-06,-6.8181036e-06,0.010478561,-0.034665011,0.0022506372,0.002169132,-0.001663171,0.0030912009,0.0059538622,-0.0011963375,-0.0006181982,1.5540949e-05,0.004501449,-0.0018120998,-0.0069542712,-0.00065060288,-9.5116392e-05,-0.0004270603,-0.0010446048,-9.2731094e-05,-0.0028369488,-0.00016237677,-0.0056908826,0.00042161131,-0.0059426453,-0.0038941907,0.006452032,-0.0019639867,0.00030426692,-0.0020698904,0.0027946807,-0.0050285191,0.0010110816,-0.00011432062,-0.0026665705
"2",0.0030005034,0.015702285,0.0041104933,-0.0051477205,0.00079370637,-0.0010421544,0.00061616216,0.0015202443,0.00022517668,-6.1548711e-05,-0.00018594782,0.00011706759,2.3471118e-05,-0.0019242316,0.0013853544,0.00080316654,-0.010388056,0.00012475849,0.0014020097,9.6775972e-05,-0.0013612979,-5.3301424e-05,0.00018441116,-2.7791066e-05,0.00080639521,-0.0018714368,0.0051655844,6.5312329e-05,0.00033058004,0.00013755033,0.0011014696,-0.00010748503,-9.9574173e-05,-0.00094764819,0.0011560673,-0.0001956158,-9.1643644e-05,0.0012823001,-0.0010253636,-9.7968608e-05,0.00015323241,-0.00048790159,-0.0021949154,-0.00056910117,0.0012820093,9.7454899e-06,-0.00023896042,6.8928966e-05,-0.0018475544,0.0029516609,-0.0091704138,-6.3379118e-05,-0.00061514945,-2.7920833e-05,-0.0013883879,-7.7530567e-05,0.00099876882,0.0015142009,-0.00098961206,0.00080731451,0.0011129632,-0.001557665,0.00068341795,0.00073772357,-0.00033501185,0.0090996028,0.0013336905,-0.00016806956,-5.9079505e-05,-0.00022811541,0.00081607451,2.8922573e-05,-3.4516931e-05,0.0027394084,-0.0018486302,0.0029956126,0.00081557628,-9.8678785e-05,-0.0002658004,0.00023781811,0.00035651198,-0.0014618482,-0.0014233547,-0.0017132627,0.00024752736,-0.0024323972,-0.00070379418,0.00052108111,-0.00031294682,8.3345569e-05,-0.027407152,0.047393477,-0.0097520784,-0.0073408408,0.00034451801,-0.0035916825,-0.0056187663,0.0011295002,0.0012202427,0.00016687375,-0.011360863,0.0065243596,-0.0049148671,-0.003354387,-0.00057294974,0.0016353294,0.0013076042,0.0015370102,0.006528333,2.3887473e-05,0.010811991,0.0014360901,0.013088662,0.0043651461,-0.0079655078,0.0056230162,-0.00084075569,0.0053257378,-0.0060487801,0.0046010076,-0.0022280312,0.00080572157,0.005676165
"3",0.0039437272,0.0041104933,0.017640411,-0.0016682214,2.0762097e-05,-0.00016028859,-0.0040825773,0.0012844407,-7.1021207e-05,-2.1905567e-05,-4.1476505e-05,-0.0001457254,-0.00015993255,0.001104481,-0.0039033549,0.00083881449,-0.0095168797,0.00038931264,-0.00072030685,8.1405895e-05,-0.00046351736,-0.00081132248,-0.00033618382,-1.4202907e-05,1.6029953e-05,-0.00015944566,0.00014789207,0.0010798851,0.00028455757,-0.00029164277,-0.00075789566,-0.00041480574,-0.00076498635,2.9491885e-05,0.00052396099,0.00054922413,2.5110111e-06,-0.00020667006,0.00094234638,0.00011343803,5.9623205e-06,-0.00077871131,0.0014934521,-0.00033778311,0.00024684684,0.0017729466,0.00082125416,2.3914815e-05,-0.00058376456,-7.5508259e-06,0.00058590632,-0.0022392979,-0.00059049599,0.00065779401,0.0013632887,0.00084703697,0.0018077519,-0.00019436821,-0.00020219283,-0.0013014356,0.00083769281,0.00099478593,-0.002230636,7.9549491e-05,-2.39083e-05,0.0023164861,0.00053550521,-0.00070256227,-0.00012892313,-0.00011766248,-0.00014122055,-0.00011969391,-3.4309449e-05,0.00064749609,-0.00034908083,0.00037800192,0.00092879603,5.9470061e-05,-0.00016989201,-0.00038368164,-0.00011296893,-0.00063761964,-0.00023122805,-0.0003267834,0.00037146672,-0.00072893674,-0.00051714296,0.00076042857,-1.0058417e-05,2.0421497e-05,-0.010811986,0.027482055,-0.0059188974,-0.0041405885,0.0028570525,-0.0017439656,-0.0036902604,0.0028445415,0.0016676136,8.6872216e-05,-0.004620352,0.0015835268,0.003250525,-0.0043815068,-0.00085267799,0.0013633854,0.00268054,0.0021910884,0.0039789411,-0.0017715133,0.0053302391,-0.0009160485,0.0066013025,0.0040814095,-0.0066277161,0.0027148012,-0.00032477894,0.0015325062,-0.002019447,0.0018903818,-0.00074970067,0.00038495357,0.0051566384
"4",0.0023812374,-0.0051477205,-0.0016682214,0.0062842827,-0.00057551609,0.00047786073,0.0011749462,5.9734934e-05,-0.00013582457,7.6419136e-05,0.00012130711,0.00019047962,0.00045385743,0.00093999389,-0.0010969399,-0.0011843207,0.013752016,6.1951313e-05,-0.00054503462,-0.00050794751,0.00026209838,6.6596529e-05,-7.1510356e-05,2.5377237e-05,-0.00057746188,0.00094996599,-0.0015377948,0.0002467887,-0.00022679389,-0.00015153617,-0.00032197107,0.00015847124,-0.00028567114,0.00068499138,-0.00055939451,-4.1794714e-06,0.00020346335,-0.00045065985,-7.5147451e-05,3.724066e-06,-5.5616318e-05,8.2859482e-05,0.00080815138,0.00091593028,-0.00024261075,-0.00016533736,0.00014172154,-3.2774195e-05,0.00077275924,-0.0012256152,0.0024005346,-0.00037849422,0.00036771223,0.00013598071,0.00038573001,-0.00020824963,0.00012276669,-0.0013480175,0.00060071479,-1.5619749e-05,-0.00038053298,0.00054879758,4.1284709e-05,-3.4984415e-05,0.00012320538,-0.0093768095,-0.0012818316,0.00066082197,-0.00034277874,-0.00021744196,-0.00074180179,4.1382843e-05,1.3714467e-05,-0.0027293082,0.0015609629,-0.0013566412,-0.0005949687,0.00010382193,0.0003100522,8.1933514e-06,-0.0003746909,0.001380389,0.001378453,0.0020002971,-0.00027704803,0.0027515988,0.0013359114,-0.0010251109,0.00027428585,-3.7428659e-05,0.029537428,-0.064520347,0.011341728,0.0077540415,-0.0023779259,0.0053939516,0.0090782813,-0.0017033346,-0.0018508395,-9.2666222e-05,0.01175388,-0.0050194618,-0.0041545462,0.0027691163,0.00047626378,-0.0018798179,-0.0026740127,-0.0020792709,-0.0066782258,0.0012483465,-0.013507008,-0.00086324354,-0.015132003,-0.0072305971,0.011509162,-0.0062770501,0.00075876777,-0.0054121227,0.0063086124,-0.0069414476,0.0024776734,-0.00084427173,-0.0078592583
"5",-0.00082037049,0.00079370637,2.0762097e-05,-0.00057551609,0.00061840008,-6.1879855e-05,-1.4042706e-05,1.3667754e-05,4.8577858e-05,2.7897877e-05,-1.3437544e-05,-2.4059587e-06,-8.7926215e-06,-0.00025631044,0.00024994106,0.00018042259,-0.0014714633,-5.0940752e-06,5.0233004e-05,1.8174066e-05,-3.7832308e-06,-0.00016767628,2.2580116e-05,-6.4283108e-06,0.00011130207,-0.00017260745,0.00024812881,-2.3865456e-05,2.8751943e-05,4.886971e-05,8.99267e-05,5.6178901e-06,2.5803848e-05,-0.00012538001,5.5871337e-05,1.9015534e-05,-3.8788584e-05,8.8642471e-05,7.2238612e-05,1.6249673e-05,1.4065104e-05,2.0452689e-06,-7.7130035e-05,-0.00014399289,-4.8616705e-05,0.00021106877,-1.7495716e-05,5.8390632e-06,-0.00016024832,0.00021507385,-0.00014397565,-9.7670341e-05,-4.3444694e-05,-4.5264679e-05,-3.0008311e-05,3.889118e-05,-5.0398297e-05,0.00024991142,-0.00013511986,-7.4130383e-05,1.4884358e-06,-0.00010690194,-3.3225405e-05,-4.8454844e-05,-2.4944765e-05,0.00099425805,0.00011151206,-5.7122344e-05,2.2345598e-05,3.2747998e-05,3.4192057e-05,-6.1750196e-06,-5.6352092e-06,0.00026768544,-0.00022693954,0.00020257638,0.00010482532,-9.2979218e-06,-1.3118345e-05,-1.2122469e-05,1.9206635e-05,-0.00017460361,-0.00015117882,-0.0002001722,3.8227469e-05,-0.00028783621,-0.00014162129,0.00012873128,-5.3548696e-06,3.3894748e-06,-0.0033589345,0.0067806951,-0.0012365425,-0.00077209438,0.00025295212,-0.00059615409,-0.0010145997,0.00040803244,0.00018082981,1.8746119e-05,-0.0012679093,0.00087651024,0.0005219941,-0.00043069358,-6.0033977e-05,0.0001459414,0.00033986417,0.0002398768,0.00068777068,1.0837314e-05,0.0014216161,7.8655321e-05,0.0016354047,0.00070063087,-0.0012819762,0.0005890243,-8.7391927e-05,0.00061514005,-0.00076221612,0.00078824669,-0.00029112132,9.63898e-05,0.00074124386
"6",0.00010042546,-0.0010421544,-0.00016028859,0.00047786073,-6.1879855e-05,0.00053994536,7.32412e-05,2.7188088e-05,-3.9925214e-05,1.2379675e-05,6.7449443e-05,7.1432045e-05,0.00011365004,0.00010410715,-0.00016981884,-0.00010433544,0.0010240313,-4.6326217e-07,-4.0509208e-05,3.7155411e-05,7.1866481e-05,-9.8429341e-06,-1.3279545e-05,2.9660109e-06,-9.75737e-05,0.00012197424,-0.00014487606,4.9203406e-05,-2.8016295e-05,-1.3231902e-05,-4.2843894e-05,9.2894555e-06,-5.2511125e-07,3.3723973e-05,-8.7502334e-05,-4.2041188e-05,1.8878101e-05,-7.144287e-05,4.7938789e-05,3.8343922e-06,-1.275179e-05,4.2540193e-05,0.0001097007,3.2430267e-05,-4.5805793e-05,1.8244206e-05,4.608832e-05,-5.0605015e-06,0.0001317064,-0.00017893681,0.00047159275,-6.1078351e-05,2.5292634e-05,2.0705531e-05,6.3192756e-05,-3.013165e-07,-7.1931129e-05,-0.00012169669,8.4185634e-05,-6.110799e-05,7.0660217e-06,9.1317462e-05,-5.8271479e-05,-3.1129838e-05,2.695374e-05,-0.00082200593,-0.00012607961,3.449401e-05,-9.7722709e-07,2.4625813e-05,-5.0471586e-05,-8.7234282e-06,5.2791515e-06,-0.00023744111,0.00017792539,-0.00013824033,-7.1526441e-05,2.4679636e-05,2.7789673e-05,-1.5843043e-05,-1.1882265e-07,0.00014526905,0.00010669706,0.00015628936,-6.0656581e-05,0.00021483569,9.6688458e-05,-8.6806515e-05,1.6741644e-05,-5.5607993e-06,0.002309248,-0.0050493803,0.00065537045,0.00060031929,-0.00016295662,0.00034350678,0.00061498762,-0.00011502656,-8.9638287e-05,-1.9170495e-05,0.0010068651,-0.00050691202,-8.4590143e-05,0.00022437323,1.9991814e-06,-0.00014440242,-0.0001076649,-0.00011910777,-0.00067852525,8.5185592e-05,-0.001065125,-8.7329557e-05,-0.0011036965,-0.00046607361,0.00091312963,-0.00047494106,7.483561e-05,-0.00048824418,0.000552885,-0.00055249375,0.00020911738,-5.0165721e-05,-0.00051669062
"7",0.001294269,0.00061616216,-0.0040825773,0.0011749462,-1.4042706e-05,7.32412e-05,0.0029053208,0.00035403994,-4.921872e-06,3.5386069e-05,5.4874696e-05,0.00030005013,0.000280682,-0.00028931757,0.00074476514,-0.00038933118,0.0057257634,-7.8573563e-05,0.00032220484,-0.00014392585,-0.00011739563,0.0003347953,6.6637843e-05,5.9794998e-06,-1.7342957e-05,-4.2456557e-05,0.00066277879,-0.00020074135,-2.5687294e-05,2.4839537e-05,0.00022748196,0.00012353257,0.00012579326,8.4939656e-06,-6.2937978e-05,-0.00029237653,1.7296447e-05,0.00015905114,-0.00046954504,-3.9723285e-05,1.9911634e-06,0.0001403704,-0.00057634285,0.00026793714,0.00015387738,-0.00064181285,-0.00015540008,-2.3819704e-06,1.7881576e-05,0.00019644586,-0.0015350001,0.00052899149,4.8822063e-05,-6.990356e-05,-0.00039242326,-0.00027634254,-0.00031974507,-0.00020097736,2.19646e-05,0.00059233831,4.6624409e-05,-0.00033577966,0.00065717813,0.00010421302,-6.0036273e-06,-0.001647865,-0.00029373242,0.00036636319,-5.2535962e-05,-8.4282815e-05,3.4283919e-05,3.8665478e-05,3.6452393e-06,-0.00049769256,0.00024432431,0.00020384122,-0.00030643851,5.4457092e-05,6.5154129e-05,7.8737929e-05,-4.57975e-05,0.00030327215,0.00016930396,0.0003192121,-0.00025698427,0.0004936195,0.00043519325,-0.00038100689,4.5689063e-05,-3.4580453e-06,0.0062682463,-0.023153997,0.002574,0.0020567898,-0.0016099567,0.0014827909,0.0032842622,-0.0011683956,-0.00084984986,-2.4421429e-06,0.0029757992,-0.00080052178,-0.0043292948,0.0013069594,0.00011489388,-0.00063810808,-0.0011615684,-0.00047276361,-0.0022956561,0.00096633284,-0.0039730967,0.00037487949,-0.004074802,-0.0027318644,0.0043383244,-0.0018141552,0.00019587663,-0.0010303753,0.0014642363,-0.0024643096,0.0006052573,-0.00014589104,-0.0028831365
"8",0.0016856466,0.0015202443,0.0012844407,5.9734934e-05,1.3667754e-05,2.7188088e-05,0.00035403994,0.001371744,-2.3176675e-05,8.1424332e-06,4.3994595e-05,0.0001187938,0.00017858299,-1.5168888e-05,-0.00051403157,-3.7922013e-05,0.00067643199,3.585741e-05,8.0152286e-05,-3.8140505e-05,-0.00021200611,4.9218858e-06,-3.6346708e-05,8.3543018e-06,2.4306931e-05,-4.1303807e-05,0.00047715503,9.1445985e-05,-6.7340713e-06,-2.9262283e-05,9.7855173e-05,3.8359138e-05,-7.4060025e-05,4.0005681e-05,4.6128237e-05,-0.00011706931,-1.987546e-05,0.00012115662,-9.3370862e-05,-3.2696911e-06,2.288844e-06,-0.00014312067,-1.8119867e-05,7.6582645e-05,0.00025563219,-2.6638497e-05,0.00012433387,-4.7164411e-06,-0.00019465521,-9.1508061e-06,-0.00094129248,-0.00020099224,-3.3258083e-05,0.00010182531,-6.8824735e-05,-0.00014272936,0.00018263806,-0.00014733487,0.00013168638,0.0001140768,0.00020525017,-5.0904316e-05,-2.6652031e-05,0.00014651899,-1.9058568e-05,1.9891075e-05,5.2206327e-05,1.6876139e-05,-6.0079072e-06,-8.4852571e-05,5.2977112e-05,-3.0729165e-05,1.6724177e-06,4.2815049e-05,4.2360742e-05,0.00014038262,2.9959435e-05,2.4866309e-05,-7.028269e-07,3.1448514e-05,6.4375207e-05,5.8148083e-06,-5.2675495e-05,2.7221592e-05,-5.1185487e-05,-3.8494281e-07,0.00010920175,-1.9138947e-05,-2.7186036e-05,1.9246077e-06,-0.00034950522,-0.0041598904,-0.00052478411,-0.00031627047,-0.00012111777,0.00011490816,0.00072770077,-5.3200216e-05,6.4451008e-06,6.3823292e-06,-5.8818704e-05,5.1911972e-05,-0.0014679324,-0.00031458669,-9.2229025e-05,3.1961928e-05,-0.00014522382,8.4388329e-05,-0.00016882102,8.5319767e-05,-0.00042953388,0.0001348145,-9.6613805e-05,-0.00034612681,0.00060558084,-5.2935835e-05,4.31547e-06,8.5518207e-06,5.3483219e-05,-0.00064169357,7.1171741e-05,6.543024e-05,-0.00012777509
"9",-0.00012290547,0.00022517668,-7.1021207e-05,-0.00013582457,4.8577858e-05,-3.9925214e-05,-4.921872e-06,-2.3176675e-05,0.0011442151,-4.2030232e-06,-8.5608555e-05,0.00010577921,0.00052976386,-3.8109468e-05,-9.7633253e-06,0.00019342368,-0.0027669055,-5.7839844e-07,1.5161847e-05,-2.2078211e-05,3.6240688e-05,-2.12334e-05,-2.8037136e-06,2.7309389e-06,3.0886538e-05,-4.9851623e-06,-3.0991659e-05,-1.1732116e-05,-4.4480793e-06,-1.4203324e-06,0.00010859694,-1.2652366e-05,3.0710771e-06,-6.3662609e-06,-7.1399094e-07,5.7354554e-05,-6.6613484e-06,4.4307723e-05,-7.082512e-05,1.16925e-06,3.7407587e-07,-1.928722e-06,-7.4487211e-06,8.2816996e-06,-5.8930829e-05,4.4823469e-05,3.9288141e-06,-4.2858043e-06,6.791732e-05,7.0790517e-05,-6.961797e-05,-2.6995661e-05,1.8433802e-05,-1.0922691e-05,-7.9489973e-05,-3.9500751e-05,6.3513043e-06,3.116473e-05,-1.5334122e-05,8.7276052e-05,9.1514249e-07,-4.3698914e-05,2.0824422e-05,-6.9400587e-06,-5.9140133e-06,0.00023291562,1.9679763e-05,-4.666582e-05,-7.6788878e-05,-2.6070282e-05,5.9788179e-06,1.0966688e-05,1.4172014e-06,0.00016343418,1.2630549e-05,-0.00012295936,-1.0012455e-05,-2.8192746e-05,2.9976284e-06,4.1057705e-05,3.6888194e-05,-1.2332521e-05,-7.6223746e-05,3.762206e-05,3.4609971e-05,-4.5619576e-05,-6.4927284e-06,-6.1884876e-05,-7.5793332e-06,-2.9255103e-06,0.0034345523,0.0026124327,0.008716445,0.0019386658,0.00066868837,0.001498737,0.00031251864,-0.001979673,9.4002149e-05,-7.2693505e-05,0.00014047267,-0.0009625165,0.00036294551,0.0010315225,0.00046359456,0.00011130031,-0.00093092891,-0.0042338739,0.00087551844,0.0018263843,-0.00022530098,-0.00056802685,-0.00073537246,-0.00031048515,-9.5969933e-05,-0.00091982828,8.9525144e-05,0.00013899162,-0.00016924287,0.00019083027,-0.00010629386,-0.000727659,-0.0033855169
"10",-2.7313779e-05,-6.1548711e-05,-2.1905567e-05,7.6419136e-05,2.7897877e-05,1.2379675e-05,3.5386069e-05,8.1424332e-06,-4.2030232e-06,0.00061231841,0.00010891468,2.1969648e-05,4.5487317e-05,2.3762504e-05,-6.1999592e-05,4.7596172e-05,0.00012771791,1.0204724e-05,-2.8076301e-05,-2.1847907e-05,2.6556636e-05,-1.2620922e-05,3.8566555e-06,8.4551243e-09,-1.0314933e-05,1.4451229e-05,2.1479265e-05,-4.8405036e-06,-8.5664622e-06,-6.8894851e-08,-1.0767205e-05,9.6285278e-06,-3.9395834e-05,-1.532146e-06,-4.3413501e-05,7.6016035e-06,2.067399e-05,-2.8968117e-05,-2.5973092e-06,-1.4432846e-05,4.6257034e-06,5.3662801e-06,1.5699964e-05,2.125452e-05,-3.0518469e-05,6.8227085e-05,-3.0867147e-08,-7.1023069e-08,5.7227604e-05,-1.4570638e-05,6.6975497e-05,-4.1027296e-05,8.6528202e-06,-2.8545947e-07,-9.6374708e-06,7.6342093e-06,3.6933317e-05,-2.4753051e-05,4.2456896e-05,5.6640981e-07,6.8151575e-06,2.4248798e-05,2.0748702e-06,1.4510687e-05,-8.7880471e-07,-3.3781004e-05,-4.1275716e-05,-9.031188e-06,2.5157145e-05,1.482754e-05,-8.3030971e-06,-3.3564036e-06,2.3625917e-06,3.5816194e-06,5.6460577e-06,-7.6846456e-06,-1.124155e-05,9.4531023e-06,-1.3539688e-05,-3.0123796e-05,-1.6809532e-05,1.432176e-05,3.0244243e-05,-9.4304982e-05,-3.7641974e-05,8.7099739e-06,-2.0306046e-05,5.2487599e-06,4.7201046e-06,5.6913825e-06,-4.1319142e-05,-0.00056832084,-0.00019295867,3.2207892e-05,-2.854884e-05,2.4200543e-05,5.6363167e-06,0.00013695085,-6.8919471e-06,-3.8318106e-06,9.7738393e-05,-4.6087819e-05,-8.2999924e-05,-3.6098302e-05,-4.1292748e-05,-7.9503483e-06,3.975805e-05,0.00010555946,-4.5553562e-05,-4.3420935e-05,0.00016859481,6.5697309e-05,-0.0001342657,2.5891697e-05,0.00012488792,-4.2933105e-06,-6.8903094e-06,-2.603478e-05,4.961119e-05,-4.9427266e-05,3.2369348e-05,-1.899814e-05,0.00010379575
"11",6.8626679e-05,-0.00018594782,-4.1476505e-05,0.00012130711,-1.3437544e-05,6.7449443e-05,5.4874696e-05,4.3994595e-05,-8.5608555e-05,0.00010891468,0.00078447298,5.9163147e-05,0.00017028729,5.8620917e-05,-7.0736648e-06,5.0609235e-06,0.00082762723,3.0272174e-05,-4.1204402e-05,-6.3880335e-06,4.6710743e-05,-3.2050993e-05,-1.4381917e-05,9.4166191e-08,-7.4979685e-05,-3.8486712e-05,-7.9433492e-07,-8.2826605e-06,-4.9306033e-07,-3.5208145e-06,7.3605915e-06,5.5120264e-05,-1.3790631e-05,1.175995e-05,-6.3137896e-05,-4.6824344e-05,3.975064e-06,-4.9408153e-05,9.8720337e-06,-1.2287847e-06,-3.7211781e-06,-2.4679418e-05,7.202402e-05,6.3314013e-05,-6.2721417e-05,1.0685541e-05,1.1993336e-05,2.4120377e-07,4.201589e-05,-5.2008749e-06,0.00016672074,1.5522248e-05,-1.1321073e-05,-8.1988776e-06,-1.7291734e-05,-2.6662283e-05,-1.9154857e-05,-3.9478698e-05,4.4947947e-05,-2.3441557e-05,6.9214677e-06,3.5815031e-05,-2.1447209e-05,-7.4463019e-06,8.3675809e-06,-0.00016850252,-2.847927e-05,-8.785291e-06,5.0928604e-06,5.6317677e-06,-2.1400092e-05,-2.811972e-05,8.5776378e-06,-5.0348828e-05,3.5401729e-05,-4.1527241e-05,-6.4428183e-05,3.3693636e-05,-2.5808531e-06,-2.4609042e-05,4.2612367e-05,2.950411e-05,2.0450446e-05,3.2979835e-05,-5.8337287e-05,2.2488607e-05,1.9877924e-05,-2.0865467e-05,1.8809769e-05,-3.8449178e-07,-6.5665812e-05,-0.0016968803,-0.0011977052,-0.00017896433,-0.00013202965,-0.00018126946,7.9638838e-05,0.00026938939,5.2280709e-05,-9.4140383e-06,0.00015231781,-2.4839886e-05,0.00018117983,-6.7406159e-05,-0.0001168392,-6.2004462e-05,2.9104585e-05,0.00041747851,-0.00038121532,-0.00020167026,-0.00018870131,0.00017436823,-0.00021369961,-0.00010197658,0.00016967457,-3.2895799e-05,2.0069746e-06,-0.0001247196,0.00015877828,-0.00017743606,5.2919786e-05,7.1516956e-05,0.00017426194
"12",0.00016570746,0.00011706759,-0.0001457254,0.00019047962,-2.4059587e-06,7.1432045e-05,0.00030005013,0.0001187938,0.00010577921,2.1969648e-05,5.9163147e-05,0.0015061167,0.00047875345,-9.359176e-05,-7.2992381e-05,4.2332047e-05,0.00047446956,2.9128569e-05,4.8227231e-05,1.0733886e-05,1.9778235e-05,7.402572e-05,7.382532e-06,5.6591399e-06,-3.288496e-05,4.287317e-06,6.5727558e-05,-1.7260799e-05,-1.1083719e-05,1.2848389e-05,1.7284274e-05,3.8306539e-05,-2.7680387e-05,-6.0716933e-05,-1.6016612e-06,2.7394054e-06,0.00010983904,3.6471311e-05,-2.9096668e-05,-2.0829589e-05,6.8946854e-07,-2.2963029e-05,-1.0009139e-05,4.8468095e-05,4.8275461e-05,-3.3574845e-05,1.5671635e-05,-4.9468248e-06,2.7898277e-05,9.0070406e-05,-0.00021849401,-2.888944e-07,9.2573924e-06,-1.6477568e-06,1.442694e-06,-1.2436283e-05,-5.0830135e-05,6.2467071e-05,3.946046e-06,-0.00010680742,-2.8858541e-05,-5.7104152e-05,5.5816773e-05,3.1242825e-05,-6.3306441e-06,-0.00024078069,-5.4693399e-07,4.8255362e-05,-7.3744351e-06,-5.5411312e-05,2.5244497e-05,-1.0045293e-06,3.3446514e-06,-0.00018864106,2.9806814e-05,6.3903213e-05,-1.5957393e-05,8.0095634e-06,-5.5482167e-06,-2.5195812e-05,-1.5736411e-05,5.6228553e-07,-2.7400423e-05,5.8222196e-05,-7.1203433e-05,6.2238553e-05,4.854204e-05,-9.5478195e-05,7.6287308e-07,6.4991886e-06,0.001316633,-0.0033756808,0.0011471721,0.00034079437,-0.00016500023,0.00039845219,0.00065864667,-0.00038140812,-0.00011175875,-1.9672203e-05,0.00072545898,-9.1578792e-05,-0.0012045006,9.2059921e-05,7.5372436e-05,-3.6077038e-05,-0.00016371804,-0.00035067069,-0.00020893503,0.00052602587,-0.00069974213,-7.156942e-07,-0.00045811876,-0.00026721136,0.00073759807,-0.00031356661,1.3719957e-05,-0.0001860303,0.00023771584,-0.00032192101,0.00010305725,-5.4036832e-05,-0.0010476212
"13",0.00020695308,2.3471118e-05,-0.00015993255,0.00045385743,-8.7926215e-06,0.00011365004,0.000280682,0.00017858299,0.00052976386,4.5487317e-05,0.00017028729,0.00047875345,0.003369596,-0.00023109381,4.9331459e-05,-0.00023823461,0.00085432883,3.5491805e-05,-1.2771873e-05,5.9242627e-05,7.9725968e-05,-7.2558075e-06,1.2035399e-05,1.8610633e-06,-7.673261e-05,3.2405683e-05,-1.6953291e-06,3.982875e-05,-6.1529427e-06,1.7938591e-05,-5.4724907e-05,-1.4584388e-06,-2.9474702e-05,4.9731239e-05,-8.4095683e-06,-8.3960839e-05,7.9698968e-06,0.00011467521,8.4728263e-05,1.1057242e-05,3.7175158e-06,4.1704643e-05,7.5720078e-05,0.00015203452,-0.00010768352,3.0967994e-06,2.5470309e-06,1.2310708e-05,-6.8461613e-05,-0.00011603336,-0.00017365031,-0.00021451434,1.7430549e-05,-3.1320658e-05,-1.5598369e-05,2.6854169e-05,-2.4366645e-05,-0.00011511472,1.9199987e-05,-4.5981639e-05,7.9046788e-05,-8.4423692e-05,-9.3321481e-05,1.1315448e-05,-1.1998254e-06,-0.00070645647,-6.2920806e-05,8.2842485e-05,-8.1426289e-05,1.102326e-05,-6.6882709e-05,5.85152e-05,-1.1322352e-06,-0.00022195243,0.00021006264,1.1632081e-05,-3.1437377e-05,3.5610963e-05,2.1432128e-05,-9.2642897e-05,1.5992089e-05,8.7354286e-05,0.00011262859,0.00017490029,-0.00019034565,0.00022609012,0.00012461521,-0.00015566947,1.6965262e-05,4.1745098e-06,0.0048709521,-0.0067461626,0.0066180312,0.0020204597,1.6704254e-05,0.0014115886,0.0010902404,-0.0015358303,-0.00025596479,-4.0954854e-05,0.0013807199,-0.0012782646,-0.00096840083,0.00059558472,0.0002637231,-0.00019789543,-0.0006776061,-0.0028160294,-8.4484221e-05,0.0012857339,-0.0016009238,6.3568198e-05,-0.0022146504,-0.0010253943,0.001079427,-0.0012970801,0.00011272133,-0.00039139982,0.00052258859,-0.00068210937,0.00025508647,-0.00042858076,-0.0042792379
"14",0.00058241797,-0.0019242316,0.001104481,0.00093999389,-0.00025631044,0.00010410715,-0.00028931757,-1.5168888e-05,-3.8109468e-05,2.3762504e-05,5.8620917e-05,-9.359176e-05,-0.00023109381,0.013245898,-0.01088525,0.0037362799,-0.0087583026,-9.3388749e-05,-0.00081401484,-0.0020845201,-0.00052453657,-0.0002014901,-0.0013012209,7.3991358e-05,-0.0016994695,-0.0011511402,-0.0011490122,3.667681e-05,-0.0006672485,-0.00049933755,-0.00085214809,-0.0013419381,-0.0012235218,-0.0022016984,-0.00090221093,-0.00044016207,-0.00042397486,-0.0007042665,-0.0025709954,-7.887409e-05,-1.9434214e-05,0.00017520064,0.0010840015,0.001948839,0.00039977783,0.00038524269,0.0011194817,-8.3943182e-05,0.0015319526,0.00052649399,0.0030901615,0.00034437431,0.00058357501,0.00021629674,0.00057390107,0.0010962197,0.00087724873,0.0020216822,0.00084012163,0.00013796575,7.6881542e-05,0.00060786375,0.0017692744,-4.7617778e-05,4.5484448e-05,-0.0013943813,-0.00023672815,-0.00012933554,-0.00078490569,-9.18898e-05,-0.00014757313,-0.00042887322,2.527816e-05,-0.00091926235,-0.00012982156,-3.1543915e-05,5.8568576e-06,-0.00014694255,2.9480293e-05,-0.00015546609,-0.00044019843,-0.00015193679,-0.00068380097,3.3891327e-05,-0.0001163963,0.00031929852,-0.00015385727,-0.00072561255,5.3973196e-05,-8.3922935e-06,0.0040104025,-0.0092811177,0.0010075595,0.0012443635,0.00065883201,0.0026355103,0.001421796,0.00023736173,0.00088540639,-8.3209674e-05,0.0031096163,8.9706877e-05,0.00076475784,0.00017741882,0.00056368742,-0.00023642169,0.0001314457,0.00082884654,-0.00029792191,0.0025013878,-0.0011471716,7.6568468e-05,-0.0018402507,-0.00010936503,0.0033210266,-0.00090455905,0.00011301378,-0.0010755659,0.0011110356,-0.0011955441,0.0004275551,-0.00011680431,-0.00048968495
"15",-0.0024769683,0.0013853544,-0.0039033549,-0.0010969399,0.00024994106,-0.00016981884,0.00074476514,-0.00051403157,-9.7633253e-06,-6.1999592e-05,-7.0736648e-06,-7.2992381e-05,4.9331459e-05,-0.01088525,0.020172914,-0.0048187731,0.015347497,0.00010689789,0.0008613072,0.0019287267,0.00054794643,0.00034294525,0.0011276913,-7.7223378e-05,0.0014911009,0.00064821794,0.0017777202,6.7328967e-05,0.00055860338,0.00028607098,0.00061578726,0.0010597259,0.00097693369,0.0020729204,0.00080070982,0.00025192253,2.7340284e-05,0.0005207954,0.0017722175,1.2712374e-05,2.5191943e-05,-2.6760801e-05,-0.0017519036,-0.0031296206,-0.00086873911,-0.00096634786,-0.0021476042,0.00013570813,-0.0027552472,-0.0012678987,-0.0026447104,0.00016046051,-0.000967508,-0.00058119656,-0.0013408716,-0.0018499696,-0.001690868,-0.0038112441,-0.0014306156,-0.00028569987,-0.00023545469,-0.0011898222,-0.0030125567,-0.000127263,-4.1712771e-05,0.0019653594,0.00029409422,0.00013350624,0.0010720018,0.00023591211,0.0001930344,0.00057934617,-4.2961069e-05,0.0013392253,-2.3202753e-05,2.3947782e-05,-0.00033428876,0.00022598784,6.8991154e-05,0.00018226484,0.00047709279,2.518e-06,0.0007356942,-7.5114238e-05,0.00027231562,-0.00058227375,6.4237633e-05,0.0011472635,6.0173533e-05,3.774977e-06,-0.0052525597,0.012996841,-0.0012940816,-0.0013186961,-0.00094523987,-0.0039969244,-0.0024391603,-0.00062723888,-0.0017039064,0.00012567214,-0.0048822405,-0.0001997913,0.00037321021,0.0005770791,-0.00083870638,-0.00012842434,-0.00026904983,-0.001167776,0.00043077335,-0.0037874198,0.0014041688,-0.000337516,0.0024942764,-4.3402699e-06,-0.0054485135,0.00079474406,-0.0001483367,0.0011745291,-0.0015087461,0.0019342115,-0.00052565609,0.00013753161,0.00067397009
"16",-1.5147171e-05,0.00080316654,0.00083881449,-0.0011843207,0.00018042259,-0.00010433544,-0.00038933118,-3.7922013e-05,0.00019342368,4.7596172e-05,5.0609235e-06,4.2332047e-05,-0.00023823461,0.0037362799,-0.0048187731,0.010937346,-0.022337489,-7.694451e-05,-7.8065271e-05,-0.00068865415,-9.2663196e-05,-2.1920209e-05,-0.00041446952,2.4650995e-05,-0.00049241416,-0.0005729598,0.00048348778,-4.7552247e-05,-0.0001404815,2.0832856e-05,-9.4086985e-05,-0.00038080027,-0.00033544546,-0.0010049095,-0.00019794455,-8.7355756e-05,-2.1507236e-06,-0.00018797702,-0.00067309733,1.1654215e-05,4.4252289e-06,5.8880775e-05,6.6584054e-05,0.00083638506,0.00011986088,0.00011605819,0.00054332796,-3.9145845e-05,0.00077579476,0.00056431546,-0.00057209422,-0.00043106454,0.00022210428,5.3023146e-05,8.3749378e-05,0.00041193202,0.00031549931,0.0012158818,0.00036328616,0.00019812067,-6.2675256e-05,0.00023173424,0.0009304117,7.5003446e-05,-2.1827364e-05,0.0027396133,0.00019338605,-0.000693777,-0.0015192391,-0.0001102641,0.00012695143,-0.001081074,4.9570141e-05,-0.00070423564,-0.0016287812,0.0011617515,0.00051311539,-0.00060044754,-0.00033088892,-0.0006052618,-0.0010173527,-0.001227931,-0.0026912936,-0.00086153611,-0.00020328217,-0.0013018713,-0.00094132139,-0.001651841,-0.0001440544,8.5962644e-07,-0.0083900184,0.017061605,-0.0039917155,-0.0018316669,0.001291107,0.0015747484,-0.0022362633,0.0010044642,0.002386321,-6.8684102e-05,-0.00023970331,0.0030012369,-0.00045656047,-0.0019692687,0.00093650832,0.00089104787,0.001521461,0.0027224529,0.0030411073,0.0036064969,0.0045694448,0.00086698901,0.0047182199,0.0030886017,0.00019177594,0.0019630163,-0.00018574682,0.0012345442,-0.0013761491,0.0014399448,-0.00070874157,0.00027868155,0.0026082417
"17",0.0056033325,-0.010388056,-0.0095168797,0.013752016,-0.0014714633,0.0010240313,0.0057257634,0.00067643199,-0.0027669055,0.00012771791,0.00082762723,0.00047446956,0.00085432883,-0.0087583026,0.015347497,-0.022337489,0.10614304,0.00027234892,-3.6256945e-05,0.0012331981,0.00034999728,0.00099546545,0.0009032813,-1.0696146e-05,0.00078563924,0.0026073968,-0.0022451569,0.00010491198,0.00023965261,-0.00035538283,-0.00039421347,0.0012394948,0.00047804331,0.003639082,-0.00021463316,-0.00019089134,0.00011663012,-0.00017513246,0.001566393,-4.6436971e-05,-0.0001275242,0.00016793282,0.00022240849,-0.0013643875,-0.00045554418,-0.0020436241,-0.0015422411,6.0198754e-05,-0.0021691791,-0.0033384163,0.0034090504,0.0005842684,-0.00026425425,2.444353e-06,0.00018423411,-0.0017094775,-0.0013236745,-0.0064045521,-0.00015267846,-0.00016985851,-0.00024946112,-0.00052540253,-0.002865145,-3.3037739e-05,0.000273679,-0.025096468,-0.0030023832,0.0028086548,0.0027215175,-0.00037221424,-0.0012888487,0.0019577237,-3.9010872e-05,-0.0044313212,0.0056692329,-0.0046799477,-0.0029308255,0.0015331257,0.0012043622,0.00071023115,0.00079965502,0.0051344084,0.0076263374,0.0062086023,-0.00061622049,0.0077141923,0.0045894619,0.000505363,0.00093413151,-8.860439e-05,0.07233347,-0.2030941,0.011537954,0.015753718,-0.011712928,0.0012449924,0.025688755,-0.0034824093,-0.011749885,0.00018598767,0.023204887,-0.014036638,-0.012661591,0.0095901269,-0.0032348864,-0.0071140465,-0.0080741219,-0.00030724181,-0.025230017,-0.011110185,-0.042562848,-0.0018688428,-0.042232447,-0.023985366,0.024906001,-0.016685001,0.0019290133,-0.013436878,0.016386247,-0.019286922,0.0073723455,-0.00033023902,-0.01732194
"18",8.5408333e-05,0.00012475849,0.00038931264,6.1951313e-05,-5.0940752e-06,-4.6326217e-07,-7.8573563e-05,3.585741e-05,-5.7839844e-07,1.0204724e-05,3.0272174e-05,2.9128569e-05,3.5491805e-05,-9.3388749e-05,0.00010689789,-7.694451e-05,0.00027234892,0.00095856937,-0.0002325875,0.00015459899,-3.9105373e-05,-0.00017768984,-7.3010885e-06,7.3771245e-06,7.2599191e-05,3.1248702e-05,0.00031248606,-0.00012042131,-3.8891952e-07,-0.00018649902,-0.00012594518,0.00012032168,-7.1152543e-05,-0.00019200604,8.9631916e-05,2.5959269e-05,-1.8713504e-05,2.4618616e-05,-0.00018355429,2.9680973e-05,1.4268771e-05,-0.00088036583,0.00025839003,-0.00019593243,1.7140537e-05,0.00019401925,1.6069138e-05,-5.5240221e-06,-3.2268063e-05,-0.00010659983,-0.00030725592,0.00012186937,-1.4479025e-05,0.00015627505,0.00012460525,-6.2921816e-05,9.3188079e-05,0.00015305903,-9.567245e-05,-5.0075929e-05,8.8391185e-05,2.9865368e-06,9.6295822e-05,-4.0395034e-05,-1.3607e-05,-0.00012871973,0.00030207029,-7.2823586e-05,9.0184221e-05,1.0235019e-05,-4.8011231e-05,8.592509e-06,2.2813216e-06,-1.7013886e-05,2.8172961e-06,2.9636856e-05,-2.5691283e-05,-1.5880563e-05,-4.8625487e-05,-6.4943084e-05,1.0580607e-05,2.1047147e-05,-7.3533237e-05,6.1628278e-05,-1.9165971e-05,2.9652172e-05,5.6919973e-05,-2.3070596e-05,1.4389022e-05,5.7289425e-06,0.0003825991,-0.00054261613,0.00022233531,-0.00085031339,0.00026462207,-0.00015762577,7.9497381e-05,9.7056013e-05,-1.4852116e-05,-6.3194349e-06,7.0130878e-05,-6.6199737e-05,-0.00022882945,0.00012871179,3.7726433e-05,0.00013719896,0.00015397215,-0.00017632716,-3.4991097e-05,0.0001779167,-0.0002563529,6.0882918e-06,-0.00011134969,-0.00017081325,0.00021905713,-0.00012527862,-1.0955162e-05,-4.7861745e-05,2.5222855e-05,-1.9774868e-05,3.6834547e-05,-1.8725607e-05,-9.0366464e-05
"19",0.00028173388,0.0014020097,-0.00072030685,-0.00054503462,5.0233004e-05,-4.0509208e-05,0.00032220484,8.0152286e-05,1.5161847e-05,-2.8076301e-05,-4.1204402e-05,4.8227231e-05,-1.2771873e-05,-0.00081401484,0.0008613072,-7.8065271e-05,-3.6256945e-05,-0.0002325875,0.0022874146,-0.00013692018,-0.00014575176,9.7393948e-05,9.8134768e-05,-1.2367312e-05,7.9906508e-05,-0.00011471746,0.00079268249,0.00013682918,1.272885e-05,-9.3388861e-05,0.00020609589,4.733003e-05,-2.0347956e-05,-4.0639206e-05,-3.0856711e-05,-9.9968516e-05,0.0001949552,0.00017063826,0.00014726288,7.1360161e-08,9.1242835e-06,0.00023635996,-0.002060724,0.00015087375,0.00012648466,-0.00016076933,-0.00013001309,1.7862544e-05,-0.00018244282,0.00031646015,-0.0012828901,-0.00014799266,-1.8424333e-05,5.7858428e-05,-0.00029917945,-0.00011463582,-2.2309824e-05,4.7366991e-05,5.6035094e-05,0.00020376519,-6.1390103e-05,-0.00026347931,-4.4757475e-05,6.6522076e-05,-2.6084368e-05,0.0010528121,7.93019e-05,0.00059528088,-7.9395231e-06,-2.0385485e-06,0.00015719727,3.5997811e-05,-3.8529025e-06,0.00025403037,-0.00015039575,0.00036550343,0.00011069051,-2.8638218e-05,-4.4675011e-05,5.7304381e-05,2.8184094e-05,-0.00023306094,-0.00015237532,-0.00028869616,-4.9059724e-05,-0.00023239722,-6.7830632e-05,0.00010572551,-4.3281731e-05,7.1739897e-06,-0.0028404739,0.004579394,-0.0011829091,-0.00052741994,-0.0018916768,-0.00029478225,-0.00061115682,-0.00010683744,-2.7252545e-05,3.200886e-05,-0.0010614884,0.00054792185,-0.00075469242,-0.00054894777,2.2732596e-07,0.00017136736,4.007095e-05,0.00020302906,0.00060808977,-8.3514367e-05,0.0012540837,0.00027064462,0.0011459859,0.00024918093,-0.00098882236,0.00055219755,-8.739123e-05,0.00058335148,-0.00063874636,0.00051283998,-0.00025598832,0.00011419335,0.00047436462
"20",-0.00069237157,9.6775972e-05,8.1405895e-05,-0.00050794751,1.8174066e-05,3.7155411e-05,-0.00014392585,-3.8140505e-05,-2.2078211e-05,-2.1847907e-05,-6.3880335e-06,1.0733886e-05,5.9242627e-05,-0.0020845201,0.0019287267,-0.00068865415,0.0012331981,0.00015459899,-0.00013692018,0.0021824777,0.0002092166,7.8035369e-05,5.1980554e-05,3.7522989e-06,0.00040119915,-0.00016002039,0.00026756261,-0.00022901566,0.00013131266,-0.00010531766,-9.0745545e-05,9.4191704e-05,0.0001672919,1.9291328e-05,0.00013215125,5.0197733e-05,-0.00045204245,-6.7689789e-05,0.00090052692,3.0985263e-05,-7.183061e-06,-0.00017628764,0.00012092532,-0.0020485739,-0.00010268375,-2.0797896e-05,-4.6098955e-05,-3.335679e-06,-0.00051181472,0.00022651172,-0.00072385504,0.00018420068,-0.00013913349,0.00010233041,0.0001725202,-4.2756099e-05,-0.00017261579,6.5280139e-05,-0.00027689263,2.0478374e-05,0.00050684249,0.00015333105,-0.00091237039,-5.8108657e-05,3.7810693e-06,0.00033252276,0.00011899773,-7.5011611e-05,0.0007923127,7.5365876e-06,-1.5697726e-05,1.3275971e-05,5.0370325e-06,0.00028888245,-0.00012204343,-3.5552623e-05,-8.5500174e-05,3.7425817e-05,-3.2997975e-05,-0.00012008165,7.1298036e-05,1.9595946e-05,-4.53348e-05,-9.1814402e-06,4.5094899e-05,-0.00026814392,-6.7387283e-05,0.00044248677,-3.7543782e-06,-9.887229e-07,-0.0010494274,0.0028692932,-0.00011707067,-0.00043157327,0.00029697303,-0.0023528328,-0.00049119946,-0.00013445583,9.9797721e-05,-1.8006087e-05,-0.0010115978,0.00046958984,0.00011985038,0.00012945407,-0.00015763161,0.00016223089,0.00032049002,-5.5065497e-05,0.00020863079,7.7347246e-05,0.00030853505,4.4287642e-05,0.0011113378,0.00042423527,-0.0015147339,0.00019242601,-1.5623599e-05,0.00023711296,-0.00032068881,0.00044735086,-8.455793e-05,1.8983285e-05,0.00016136285
"21",-0.0010326458,-0.0013612979,-0.00046351736,0.00026209838,-3.7832308e-06,7.1866481e-05,-0.00011739563,-0.00021200611,3.6240688e-05,2.6556636e-05,4.6710743e-05,1.9778235e-05,7.9725968e-05,-0.00052453657,0.00054794643,-9.2663196e-05,0.00034999728,-3.9105373e-05,-0.00014575176,0.0002092166,0.0020070384,0.00089737572,-7.3630204e-05,3.2851533e-06,-0.00010892296,0.00034621426,-0.00053304148,0.00012918386,-4.602748e-05,2.4537677e-05,-0.00027507635,7.0324243e-05,4.6372065e-05,-5.2395887e-06,-0.00013488008,-4.1687695e-06,0.00014431031,-1.1775466e-05,0.00013108526,3.7870695e-05,-1.9645239e-06,5.6009817e-05,0.00015674958,-9.7569193e-05,-0.001723896,-0.00069014383,5.4370002e-05,-5.1141246e-06,0.00018389568,-0.00031860403,0.00087136566,-8.9103876e-05,8.7368404e-05,-6.4967479e-05,0.00026723577,-1.4770841e-05,-0.00014544045,-4.0101288e-05,-4.8304265e-05,-9.6509405e-05,-0.00023369118,6.0565546e-05,-6.4907431e-05,-0.00014906227,1.7087928e-05,-0.00025168275,-4.4391692e-05,-4.2506848e-05,5.7124646e-06,0.00069899564,0.00028492256,-1.9037107e-05,-7.6449172e-06,-0.00022255219,0.00015509941,-0.00027846517,0.00010699905,-3.273507e-05,3.8995126e-05,-0.00011483652,5.3176834e-05,0.00010110024,4.1883931e-06,0.0001190806,2.0102761e-05,0.00013086042,5.8865287e-06,2.0169055e-05,5.8557776e-05,-7.575871e-06,0.00095798884,-0.00053345616,0.00064724076,0.00038955595,7.1722154e-05,3.0501183e-05,-0.0018494654,-0.00094296124,9.1668958e-05,-1.2153896e-06,0.00069570575,-0.00042235659,0.00093955503,-4.9543396e-05,0.0001223918,-0.0001247487,0.00027689478,-0.0003449048,-0.00030627719,0.0001772551,-0.00038867771,-0.00016809925,-0.00061698191,-8.8938465e-05,-8.1068448e-06,-0.00031031063,3.5900054e-05,-0.00022708361,0.00021676102,7.9145493e-05,5.8067314e-05,-5.2239519e-05,-0.00030946932
"22",0.00048780478,-5.3301424e-05,-0.00081132248,6.6596529e-05,-0.00016767628,-9.8429341e-06,0.0003347953,4.9218858e-06,-2.12334e-05,-1.2620922e-05,-3.2050993e-05,7.402572e-05,-7.2558075e-06,-0.0002014901,0.00034294525,-2.1920209e-05,0.00099546545,-0.00017768984,9.7393948e-05,7.8035369e-05,0.00089737572,0.0027306901,-5.9798609e-05,-3.3267641e-06,-8.333843e-05,1.3804902e-05,-0.00072110465,0.00020016601,-6.8487469e-05,6.6753753e-05,-0.00043211552,7.874831e-05,0.00016724172,-6.5308392e-05,0.00016807505,-0.00014565808,-6.794161e-05,-2.8761323e-05,-0.0002932656,-4.5901388e-05,-1.5595791e-06,0.00014550991,-0.00013886237,-1.0951029e-05,-0.00071468337,-0.0023832481,6.1601393e-05,-4.8410602e-06,6.1594127e-05,6.4716388e-06,0.00017252586,-6.1461273e-05,0.00010638158,-0.00012501141,0.0002666967,-0.00015240076,-0.00022977904,-2.3373235e-05,-0.0002366412,9.7208979e-05,6.7527435e-05,-4.7195223e-05,0.00022950438,6.0248348e-05,6.840613e-06,5.204025e-05,-1.3763447e-05,3.3994601e-05,-3.2120344e-05,0.0003164549,0.00087370385,-4.9276348e-05,8.7064578e-08,-2.833728e-05,4.3603506e-05,-0.00041600777,0.00011310313,-1.9575972e-05,2.9299838e-05,-0.00013402115,7.8044153e-05,0.00012427568,-7.2424795e-05,0.00020775344,-6.1639691e-05,-3.5288024e-05,3.4538445e-05,-0.00014594399,8.0568538e-07,-7.7193179e-06,0.00065625876,-0.0030904325,-5.2644009e-05,0.00031787924,-0.00034686925,-1.6999558e-05,-0.00044640555,-0.0026838954,4.1895789e-05,-7.5453496e-06,0.00045416562,-4.2244989e-06,0.0002519294,6.6904628e-06,7.287629e-05,-0.00018817075,0.00036754968,-0.00011440417,-0.0006872997,0.00023277707,-0.0010267665,0.00010676176,-0.00043868699,-0.00035356853,0.00072015814,-0.00013074133,3.8979122e-05,-0.00019902868,0.00021560692,-0.00028179935,4.9917672e-05,3.6781943e-05,-0.00037494068
"23",-0.00010347999,0.00018441116,-0.00033618382,-7.1510356e-05,2.2580116e-05,-1.3279545e-05,6.6637843e-05,-3.6346708e-05,-2.8037136e-06,3.8566555e-06,-1.4381917e-05,7.382532e-06,1.2035399e-05,-0.0013012209,0.0011276913,-0.00041446952,0.0009032813,-7.3010885e-06,9.8134768e-05,5.1980554e-05,-7.3630204e-05,-5.9798609e-05,0.00047476369,-6.9248439e-05,0.0002477595,0.00017691535,9.6535271e-05,-0.00013185158,1.4522575e-05,3.8164398e-05,8.6487452e-05,2.1472286e-05,1.4791822e-05,9.2456951e-05,-4.3688293e-06,-3.4722018e-05,0.00011693087,5.372463e-05,-2.1105056e-05,3.3239182e-06,-1.4802037e-08,-4.2841744e-06,-0.00013505415,-4.1746896e-05,7.8295224e-05,5.7315359e-05,-0.00042826953,6.1011251e-05,-0.00023089911,-0.00013301307,-0.00023269206,0.00012411426,-1.9137005e-05,-2.1564942e-05,-6.811698e-05,-2.4969642e-05,-1.1983761e-05,-5.7349352e-05,1.7551933e-05,4.6154439e-05,-9.0776601e-05,-7.8852621e-05,0.00010388944,1.5445557e-05,-4.2326481e-06,0.00016463609,1.1063009e-05,3.7415972e-05,1.7036747e-05,-1.3205847e-05,-2.9596125e-05,0.00015565452,-2.2081848e-05,0.00011485517,7.1623225e-05,-1.1078409e-05,-6.1152965e-05,1.0262941e-05,2.9044337e-06,2.5991391e-05,2.6282572e-05,-3.8277579e-05,3.3601202e-06,-7.4640404e-05,-3.8753908e-05,9.6059813e-07,1.3981419e-05,2.9909016e-05,-5.6952893e-06,5.5591819e-07,-0.00053402461,0.0012366346,-0.00020513433,-0.00014351705,-0.00012909342,-8.0669284e-05,-5.3463927e-05,0.00014877209,-0.00042593074,6.0936023e-05,-0.00045702356,-0.00014592785,4.3570634e-05,0.00018276205,-2.5959898e-05,1.95488e-05,-4.9196621e-05,6.5028547e-05,0.00019696845,-0.00010721314,0.00036361173,8.9236211e-05,0.00013284252,-3.6483178e-06,-0.00014885532,0.00013743621,-1.3580512e-05,0.0001260984,-0.00013845112,0.00016976711,-4.9883388e-05,1.3282079e-05,0.00010979087
"24",1.8376792e-05,-2.7791066e-05,-1.4202907e-05,2.5377237e-05,-6.4283108e-06,2.9660109e-06,5.9794998e-06,8.3543018e-06,2.7309389e-06,8.4551243e-09,9.4166191e-08,5.6591399e-06,1.8610633e-06,7.3991358e-05,-7.7223378e-05,2.4650995e-05,-1.0696146e-05,7.3771245e-06,-1.2367312e-05,3.7522989e-06,3.2851533e-06,-3.3267641e-06,-6.9248439e-05,2.7087602e-05,4.7934983e-06,8.2326974e-06,5.5712966e-06,-4.8570327e-05,-4.6159466e-06,-2.2356982e-06,-2.1158813e-05,-3.7106926e-06,-7.543899e-06,-1.1561939e-05,-4.8543243e-06,-1.4175122e-05,6.0957405e-06,4.552418e-07,-7.6285639e-06,-5.6434639e-06,9.4289627e-07,-5.7857207e-06,1.3415719e-05,-2.7029611e-06,-3.0305416e-06,-6.239618e-06,6.0487208e-05,-2.3239121e-05,6.7346938e-06,4.0074433e-06,-4.5399238e-05,3.7629818e-05,9.0816917e-06,1.9114722e-06,1.1310585e-05,3.8232716e-06,1.0432178e-05,7.3480708e-06,-8.7244593e-07,1.231295e-05,7.8930095e-06,1.4324748e-06,6.1523644e-06,2.2028271e-06,-1.429246e-07,-4.3356168e-05,-8.2935064e-08,-1.2755956e-06,3.721976e-06,-1.0927851e-05,-4.1993237e-06,-2.2427229e-05,8.8378686e-06,-1.4034702e-05,5.3772534e-07,-1.524609e-05,-2.5157833e-05,-3.6506111e-06,-6.3861909e-07,-4.0194042e-06,-3.4673029e-06,1.0537509e-05,4.6725204e-06,1.2958094e-05,-3.2546521e-06,1.1626708e-05,9.6093759e-06,-1.5325277e-05,2.1834145e-07,3.4888246e-07,0.00016735624,-0.00036428647,9.2133734e-05,4.2486959e-05,1.0586237e-05,1.7820356e-05,6.4612791e-05,-2.6279122e-05,4.8896288e-05,-2.3959301e-05,7.397198e-05,-1.3662146e-05,-5.0654726e-05,6.0282306e-05,1.3860967e-05,-6.5336349e-06,-8.062088e-07,-2.3103303e-05,-3.5731081e-05,2.2420217e-05,-8.3577675e-05,5.8463993e-06,-7.586952e-05,-4.0620878e-05,8.8804496e-05,-3.4767989e-05,3.2053599e-06,-3.3568211e-05,3.5930136e-05,-4.0030084e-05,1.3295932e-05,-6.9113379e-06,-5.6356876e-05
"25",-0.000271,0.00080639521,1.6029953e-05,-0.00057746188,0.00011130207,-9.75737e-05,-1.7342957e-05,2.4306931e-05,3.0886538e-05,-1.0314933e-05,-7.4979685e-05,-3.288496e-05,-7.673261e-05,-0.0016994695,0.0014911009,-0.00049241416,0.00078563924,7.2599191e-05,7.9906508e-05,0.00040119915,-0.00010892296,-8.333843e-05,0.0002477595,4.7934983e-06,0.0029970307,0.00052831736,0.00059985855,-0.00035255975,0.00010137088,-6.5033758e-05,-0.00016535643,-9.2780218e-06,0.00013436078,-0.00010788395,0.00015131463,-2.5989939e-05,-4.8503833e-05,-2.7910287e-05,0.00018054036,-2.6749343e-05,2.4434679e-06,-4.5569789e-05,-0.00018048254,-0.00054709441,0.00010605518,5.8975506e-05,-0.0002396904,8.3887012e-06,-0.0027219249,-0.00033394035,-0.00075204394,0.00018525282,-8.9640985e-05,9.876639e-05,0.00014829524,2.2219535e-05,-8.7986213e-05,0.00011557227,-0.00025835201,7.4917163e-05,0.0001961663,7.6712011e-05,-0.00019667913,5.9219967e-05,-8.6024676e-06,0.00048845621,8.2869924e-05,-5.2007066e-05,0.00019742254,-0.00013278611,4.9172663e-06,7.2171125e-05,-3.3271382e-06,0.0010968993,9.8617163e-05,0.00019802638,-0.00011207165,2.1019402e-05,-5.0559114e-05,-2.2115158e-05,-4.548539e-06,1.6303349e-05,1.7922133e-05,2.7560777e-05,6.7613417e-05,-0.00015860099,-4.4383941e-05,6.3587309e-05,-2.2009744e-05,-3.5148715e-06,-0.0012240022,0.0029508231,-0.00021727222,-0.00033582882,5.1669151e-05,-0.00074915747,-5.1231733e-05,0.00011455737,-0.00017938792,1.7647211e-05,-0.0033097792,-0.00020548919,-0.00037395464,0.00031553508,-7.3170664e-05,0.00021244885,0.0002003084,2.7024285e-05,0.00013250629,-0.00010167236,0.00024163199,-6.3153642e-05,0.00086615259,0.00032312126,-0.00051593428,0.00026195852,-1.9731106e-05,0.00030884031,-0.00037332138,0.00038909888,-0.00013738018,2.1343963e-05,0.00021047519
"26",0.00025345905,-0.0018714368,-0.00015944566,0.00094996599,-0.00017260745,0.00012197424,-4.2456557e-05,-4.1303807e-05,-4.9851623e-06,1.4451229e-05,-3.8486712e-05,4.287317e-06,3.2405683e-05,-0.0011511402,0.00064821794,-0.0005729598,0.0026073968,3.1248702e-05,-0.00011471746,-0.00016002039,0.00034621426,1.3804902e-05,0.00017691535,8.2326974e-06,0.00052831736,0.0047379266,-0.00016420663,0.00015367076,-2.3063763e-05,-0.0001253197,0.00011745718,5.6126061e-05,-6.4985736e-05,9.2077443e-05,5.3700133e-05,0.00010751568,0.00013389126,-0.00026010758,0.00013502099,4.8627526e-05,-2.4997288e-05,-9.9781033e-05,0.0003479359,0.00031638963,-0.00023791419,-1.9718785e-05,-0.00014646769,4.6334178e-06,-0.00026769143,-0.0040071029,0.00054486952,-0.00026216415,9.6688003e-05,8.4777943e-05,-0.0001032817,-9.1377688e-05,3.7316149e-06,-0.00021829613,4.7814745e-05,-0.00017966392,-0.00013695288,0.00030933025,-1.7275929e-05,-2.9930741e-05,4.9572776e-05,-0.0015646849,-0.00024609712,0.00010148081,-8.2788317e-05,5.4462468e-05,-9.7676453e-05,0.00010612308,-3.316954e-06,-0.00023990969,0.0018297742,-0.00034773129,-7.6812076e-05,-1.3112551e-05,-3.702697e-06,7.1491841e-05,-0.00019136161,0.00016277723,0.00028116921,0.00033882172,5.4030761e-06,0.00039251769,0.00012635557,-1.9235197e-05,7.4955544e-06,-1.608302e-05,0.0049559253,-0.0083627063,0.0023703804,0.0013120737,-0.00013311673,0.0011134714,0.0011124709,-0.00026416317,-0.0004874841,-8.7147525e-06,0.0013106099,-0.0056411073,-3.3075286e-05,0.00047052547,0.00016283182,-0.00018951503,-0.00079906303,-0.00037833277,-0.00060174195,7.4080594e-05,-0.001967282,-0.00044947675,-0.0023431876,-0.00074371321,0.0013822404,-0.00088857612,0.00015899836,-0.00085411561,0.00094269261,-0.00081917309,0.00036790969,-0.00018413061,-0.0013491143
"27",0.0014286515,0.0051655844,0.00014789207,-0.0015377948,0.00024812881,-0.00014487606,0.00066277879,0.00047715503,-3.0991659e-05,2.1479265e-05,-7.9433492e-07,6.5727558e-05,-1.6953291e-06,-0.0011490122,0.0017777202,0.00048348778,-0.0022451569,0.00031248606,0.00079268249,0.00026756261,-0.00053304148,-0.00072110465,9.6535271e-05,5.5712966e-06,0.00059985855,-0.00016420663,0.029316652,0.00021661918,0.00025686201,-0.00021233168,0.00034072764,0.00039469229,0.00013008376,-0.00044593761,0.00074073513,0.00012173331,-0.00022920259,-0.00011321791,-0.0008152126,-0.00018989025,2.5911946e-05,-0.00035348064,-0.0011386551,-0.00059781273,0.00053935529,0.00037457212,-0.00019405956,-3.8029518e-06,-0.00077041831,0.00058090933,-0.024105701,-0.00063379479,-0.00042040817,0.00028107236,-0.00047604822,-0.00042295073,0.00010472923,0.00034833894,-0.00074070199,0.00021820023,0.00061374076,8.8012982e-06,0.00065878731,0.00041688367,-7.9640211e-05,0.0025491787,0.00038147244,5.2130487e-05,-0.00012936313,-0.00025644704,-0.00019473247,-2.2849138e-05,-1.3254228e-05,0.00078465281,-0.00047331409,0.020980372,0.0002079038,6.7758182e-05,-0.00017317887,0.00017150054,0.00029743345,-0.00029502696,-0.00045144862,-0.00058035965,-8.2772596e-05,-0.00082921075,-0.00034160064,-6.9747693e-05,-0.00017308514,1.5065115e-05,-0.0082729975,0.01339354,-0.0033509268,-0.0022938245,-0.00032654506,-0.0012201903,-0.0011755424,0.0012091894,0.00037416594,2.3831665e-05,-0.0034350878,0.0016684673,-0.046393463,-0.0016884724,-0.00050707666,0.00081611561,0.0001687406,0.00010735705,0.0013622738,-0.00014484138,0.0029709786,0.00064965331,0.0043413594,0.0017145207,-0.0017237058,0.0019521641,-0.00022175099,0.0016481421,-0.0018599505,0.0013114945,-0.00065980392,0.00027434183,0.0017996577
"28",0.00037653985,6.5312329e-05,0.0010798851,0.0002467887,-2.3865456e-05,4.9203406e-05,-0.00020074135,9.1445985e-05,-1.1732116e-05,-4.8405036e-06,-8.2826605e-06,-1.7260799e-05,3.982875e-05,3.667681e-05,6.7328967e-05,-4.7552247e-05,0.00010491198,-0.00012042131,0.00013682918,-0.00022901566,0.00012918386,0.00020016601,-0.00013185158,-4.8570327e-05,-0.00035255975,0.00015367076,0.00021661918,0.0034713256,-2.6115161e-05,-0.00011109853,1.1336529e-05,1.7873705e-05,-5.7543313e-05,0.00062685883,3.5706697e-05,8.151168e-05,-7.9203343e-05,-8.1599848e-05,0.00011898123,-0.00013611334,6.8410336e-06,9.8533735e-05,-0.00012810721,0.00021445783,-0.00015650198,-8.9799737e-05,0.00014298273,4.1442361e-05,0.00018900754,-0.00021828853,-0.00093578466,-0.003034693,1.9697552e-05,0.00011626156,-6.6588672e-06,-2.2040506e-05,5.4088668e-05,-0.00069443844,-2.0426057e-06,-0.00011516439,2.1480402e-05,0.00013592434,-0.00029179475,0.00020679811,-7.2491741e-06,0.00010178607,1.0758336e-05,-1.4929128e-05,-9.5235305e-05,0.00013267349,0.00012271875,-4.3688845e-05,-2.766983e-05,-9.9864386e-05,9.9484566e-05,-5.7092047e-05,0.0010458818,8.1538109e-06,-1.9857357e-05,2.9373603e-05,4.533606e-05,-2.4865595e-05,0.00016977823,2.2547293e-05,9.7187343e-05,-5.7264508e-05,-0.0001430228,6.6960843e-05,-5.0027913e-05,5.9407493e-06,1.5497096e-05,-0.0001168531,-0.00014906152,2.3395041e-05,-0.0001017736,0.00015903263,-0.00025148847,-4.9234354e-05,0.00020588878,4.8654728e-05,0.00037000042,-0.00016256762,-0.00032064672,-0.0033587142,-2.9176318e-05,0.00011043719,5.2373708e-06,-0.00010741444,-3.4027243e-05,-0.00070891379,-0.00010579443,-0.00011743643,0.00012941149,0.00017773869,-0.00026000793,0.00016678658,-4.9881864e-06,-7.7656078e-05,3.215386e-05,-5.4574174e-05,4.767288e-06,-3.0365318e-06,8.5712038e-05
"29",-1.1629276e-05,0.00033058004,0.00028455757,-0.00022679389,2.8751943e-05,-2.8016295e-05,-2.5687294e-05,-6.7340713e-06,-4.4480793e-06,-8.5664622e-06,-4.9306033e-07,-1.1083719e-05,-6.1529427e-06,-0.0006672485,0.00055860338,-0.0001404815,0.00023965261,-3.8891952e-07,1.272885e-05,0.00013131266,-4.602748e-05,-6.8487469e-05,1.4522575e-05,-4.6159466e-06,0.00010137088,-2.3063763e-05,0.00025686201,-2.6115161e-05,0.00029913199,-5.5056953e-05,-1.939992e-05,2.4633477e-05,1.9196604e-05,-5.8843959e-05,5.0365734e-05,1.0734179e-05,-9.3654441e-05,-8.4804069e-06,5.2064525e-05,-2.6071564e-06,-9.9582306e-07,2.5087282e-08,-2.2332733e-05,-0.00014970628,4.9618509e-05,9.4133929e-05,-1.839672e-05,1.0095037e-05,-0.00010476722,6.8118799e-05,-0.00038396293,1.1941939e-05,-0.00027216881,5.0256341e-05,8.404036e-06,2.6965784e-06,-5.5219721e-06,6.3823585e-05,-6.1243878e-05,1.6887452e-05,0.0001309062,2.6884859e-05,-9.2828571e-05,1.3733606e-05,-2.3289337e-06,0.0002112252,9.9966317e-06,-2.0566123e-05,4.607995e-05,-3.0602553e-05,-7.0267713e-06,1.1462582e-05,-3.7691674e-06,8.5054205e-05,-7.6218454e-05,9.7992961e-05,2.456086e-05,8.9107233e-05,-2.5484585e-05,-1.9629179e-05,-2.1909521e-05,-3.6748264e-05,-2.8390766e-05,-2.626524e-05,1.2842374e-05,-0.00012886474,-4.7524122e-05,2.9649588e-05,-1.4320552e-05,-7.199214e-07,-0.00074134887,0.0014583448,-0.00041254314,-0.00017032185,5.6404802e-05,-0.00028434829,-0.00013722054,0.00015414471,2.0680447e-05,1.2873748e-05,-0.00034750316,0.00021572827,-0.00018873478,-0.00011586782,-0.00031461312,0.00010444892,0.00012736769,0.00015634612,0.0001433885,-5.401831e-05,0.00027174745,6.6641498e-05,0.00053259016,0.00023587614,-0.00031455575,0.00019248503,-1.511084e-05,0.00014990025,-0.00015843509,0.00014758423,-5.8663646e-05,3.1894001e-05,0.00023610136
"30",-0.00019209638,0.00013755033,-0.00029164277,-0.00015153617,4.886971e-05,-1.3231902e-05,2.4839537e-05,-2.9262283e-05,-1.4203324e-06,-6.8894851e-08,-3.5208145e-06,1.2848389e-05,1.7938591e-05,-0.00049933755,0.00028607098,2.0832856e-05,-0.00035538283,-0.00018649902,-9.3388861e-05,-0.00010531766,2.4537677e-05,6.6753753e-05,3.8164398e-05,-2.2356982e-06,-6.5033758e-05,-0.0001253197,-0.00021233168,-0.00011109853,-5.5056953e-05,0.00043832312,0.0001330339,1.6183997e-06,-7.4209613e-06,-3.115776e-05,6.5982402e-05,6.5643701e-05,3.7112173e-05,5.6835122e-05,0.00048562212,1.0809085e-05,-1.5558871e-05,0.00015992346,1.9979005e-05,8.4019729e-05,-4.2064705e-05,-0.00013941133,-2.6710592e-05,1.901552e-06,8.9466716e-05,0.00010578757,0.00023193191,0.00010163971,4.3622606e-05,-0.00031493971,-0.00012322233,1.8911245e-05,3.5353853e-05,6.0585893e-05,-3.5943444e-05,-5.7416215e-05,-7.7224008e-05,-4.4470973e-05,-0.00026880454,-5.1163197e-06,1.099617e-05,0.00028165919,-1.94232e-06,-2.6164886e-05,-2.1732844e-05,4.0907686e-05,6.1788035e-05,4.1526161e-06,-6.840234e-07,3.2521753e-05,-0.00010227004,-1.7880305e-05,-1.5889703e-05,-2.5712294e-05,7.6472575e-05,3.8501387e-05,2.8825173e-06,-6.336428e-05,-5.8678797e-05,-7.3034496e-05,8.0945535e-06,-6.7789282e-05,-2.6171578e-05,9.6572979e-05,-6.2531561e-06,-6.2711075e-06,-0.00090911873,0.0018562822,-0.0003602731,-0.00011116483,6.0967836e-05,-5.3586532e-05,-0.00032667533,-6.3450069e-05,3.8637335e-05,4.7241631e-06,-0.00018508,0.00023754291,0.00035172787,0.00010051332,5.4760081e-05,-0.00020814155,-3.0642717e-05,0.00014430096,0.00031589969,8.4980636e-06,0.0004182438,-2.7576402e-05,0.00036895634,0.00019361457,-0.00056465088,0.0001831041,-3.7572954e-06,0.00018203493,-0.00018777402,0.00021707387,-7.4930084e-05,3.2283421e-05,0.00020282962
"31",2.0831666e-06,0.0011014696,-0.00075789566,-0.00032197107,8.99267e-05,-4.2843894e-05,0.00022748196,9.7855173e-05,0.00010859694,-1.0767205e-05,7.3605915e-06,1.7284274e-05,-5.4724907e-05,-0.00085214809,0.00061578726,-9.4086985e-05,-0.00039421347,-0.00012594518,0.00020609589,-9.0745545e-05,-0.00027507635,-0.00043211552,8.6487452e-05,-2.1158813e-05,-0.00016535643,0.00011745718,0.00034072764,1.1336529e-05,-1.939992e-05,0.0001330339,0.002017338,-2.7736365e-05,-5.6775006e-05,0.00030734956,0.00013820654,8.6854538e-06,-7.0272337e-05,-0.00015598141,-0.00037922329,-2.5567721e-06,-6.1822811e-05,0.0001021059,-0.00032302748,0.00014386691,0.00026200059,0.00024651197,-7.8356148e-05,1.2133529e-05,0.00012929805,-5.1709514e-05,-0.00065821611,2.5318607e-05,5.5572244e-07,-0.00013090251,-0.0017901865,-1.657409e-05,0.00010319158,-0.00016284811,-2.4378735e-05,0.00011677592,7.3142722e-05,8.243139e-05,0.00050169237,4.1656759e-05,4.048617e-05,0.00062280856,1.4040047e-05,3.5660378e-05,-0.0001097076,-9.6902941e-05,-7.6419242e-05,2.2962273e-05,-5.0464485e-06,0.00014255619,-2.6872287e-05,0.00022538544,7.9564213e-05,-2.8174262e-05,1.2337908e-05,0.00064632328,5.5619776e-05,-0.00013068651,6.5691707e-05,-0.00014129325,1.6228101e-05,-0.00013727103,-0.00013082026,-0.00012156447,-4.7418814e-05,-2.004956e-05,-0.0016778755,0.0032370822,0.00018771343,-0.00020086067,-5.4573573e-05,9.5360533e-05,-5.1204936e-05,0.00028950995,-1.4633984e-05,1.8868373e-05,-0.0005624131,-6.8639625e-05,-0.00035371446,-0.00012205113,8.0253869e-05,1.7075543e-05,-0.0019511993,-0.00029442853,0.00066256486,-0.00020789525,0.00086374824,8.9752805e-05,0.00078946284,0.0005692069,-8.1279558e-05,0.00026041408,3.3884409e-05,0.00045676207,-0.00046980461,0.00037276685,-0.00015101694,1.7986299e-06,3.631372e-05
"32",0.00018746739,-0.00010748503,-0.00041480574,0.00015847124,5.6178901e-06,9.2894555e-06,0.00012353257,3.8359138e-05,-1.2652366e-05,9.6285278e-06,5.5120264e-05,3.8306539e-05,-1.4584388e-06,-0.0013419381,0.0010597259,-0.00038080027,0.0012394948,0.00012032168,4.733003e-05,9.4191704e-05,7.0324243e-05,7.874831e-05,2.1472286e-05,-3.7106926e-06,-9.2780218e-06,5.6126061e-05,0.00039469229,1.7873705e-05,2.4633477e-05,1.6183997e-06,-2.7736365e-05,0.0021128728,0.0011921312,-7.4345092e-05,0.00010885351,4.3254956e-05,2.8481789e-05,-1.8711743e-05,-0.00012485336,-8.6088847e-05,8.7499484e-06,-6.549137e-05,-0.00010111328,-6.682895e-05,-7.35763e-05,-0.00012989733,-8.1863565e-06,3.1038502e-07,6.9170238e-05,-2.3330711e-05,-0.00047094454,-5.1993414e-05,5.3926079e-06,1.0543105e-05,4.9706952e-05,-0.0018384389,-0.001028459,1.5869189e-05,-0.0001106996,5.1068863e-05,-3.1629563e-05,3.072773e-05,0.00012313251,0.00010441573,-1.8129463e-06,-0.00023367278,-2.2357116e-05,-2.3019136e-05,6.7734898e-05,4.1584675e-05,4.0688975e-05,1.0219152e-05,-1.9951607e-06,-0.00011564735,-0.00010169601,0.00014653284,-1.1647059e-05,-1.9897062e-05,4.1423378e-06,3.6510912e-05,0.00060915345,0.0004089305,7.3518525e-05,0.00014183585,3.6985855e-05,9.5023785e-05,4.6059124e-05,-0.00016077946,-2.302327e-05,-1.6745234e-06,0.00088084806,-0.0015668902,0.00020677975,0.00012155115,-9.8179809e-05,-5.1121988e-06,7.2758766e-05,-0.00027914078,-1.1756813e-06,2.4943296e-06,0.00041618304,0.00017950476,-0.00067874978,1.079779e-05,4.4205002e-05,-5.058695e-06,-3.8515621e-05,-0.0020070008,-0.0014207128,5.4793278e-05,-0.00059699921,-2.9745278e-05,-0.00053966985,-0.00026045036,0.0006747056,-8.9741341e-05,1.2710095e-05,-0.00015332389,0.00020770359,-0.00024962966,4.0241922e-05,-1.6242756e-05,-0.00015557898
"33",-0.00026234735,-9.9574173e-05,-0.00076498635,-0.00028567114,2.5803848e-05,-5.2511125e-07,0.00012579326,-7.4060025e-05,3.0710771e-06,-3.9395834e-05,-1.3790631e-05,-2.7680387e-05,-2.9474702e-05,-0.0012235218,0.00097693369,-0.00033544546,0.00047804331,-7.1152543e-05,-2.0347956e-05,0.0001672919,4.6372065e-05,0.00016724172,1.4791822e-05,-7.543899e-06,0.00013436078,-6.4985736e-05,0.00013008376,-5.7543313e-05,1.9196604e-05,-7.4209613e-06,-5.6775006e-05,0.0011921312,0.0019401862,-0.00014398408,0.00013249092,8.7289634e-05,-0.00011215521,2.5766351e-05,-6.2753886e-05,1.5280528e-05,1.869321e-06,9.0872992e-05,-7.6357829e-05,-0.00014276851,-4.370067e-05,-0.00022833568,-1.5319797e-05,1.1826846e-05,-8.5636867e-05,0.00013125265,-0.00025405256,2.0548746e-05,-1.6697128e-05,1.7486656e-05,6.9481316e-05,-0.0010139664,-0.0017177401,0.00014441108,-0.00012802417,5.6538854e-05,0.00011957746,-1.4422717e-05,0.00014607032,-2.6362552e-05,5.3842887e-06,0.0001232327,2.4889633e-05,-7.2129476e-05,6.3987049e-05,6.1343377e-05,0.00011390288,-1.4508131e-05,1.921029e-06,0.0001152108,-7.4921599e-05,0.00012861467,-2.8137781e-05,1.3873158e-05,-3.323107e-05,-2.9580387e-05,0.00039774025,0.00064674096,-2.1369179e-05,7.0605635e-05,-3.0349344e-06,-7.8300452e-05,2.6164391e-05,-0.00011447317,-1.4036204e-05,-4.4401634e-06,-0.00045792688,0.0014763187,-0.00014363061,-6.729079e-05,9.229582e-05,-0.00022165558,-0.00033463899,-0.00032547594,0.00010929988,4.747388e-06,-0.00037884007,0.00043877051,-0.00041520054,9.6287728e-05,-3.6584145e-05,0.00014482437,0.00015532786,-0.0012313322,-0.0018874064,0.00012785794,-1.9533152e-05,5.1609794e-05,0.00034431954,0.00010697263,0.00019501758,0.00010800939,-6.7038846e-06,0.00010372472,-8.4759252e-05,0.00013382231,-5.5010541e-05,5.5121913e-06,0.00016642182
"34",0.00050292362,-0.00094764819,2.9491885e-05,0.00068499138,-0.00012538001,3.3723973e-05,8.4939656e-06,4.0005681e-05,-6.3662609e-06,-1.532146e-06,1.175995e-05,-6.0716933e-05,4.9731239e-05,-0.0022016984,0.0020729204,-0.0010049095,0.003639082,-0.00019200604,-4.0639206e-05,1.9291328e-05,-5.2395887e-06,-6.5308392e-05,9.2456951e-05,-1.1561939e-05,-0.00010788395,9.2077443e-05,-0.00044593761,0.00062685883,-5.8843959e-05,-3.115776e-05,0.00030734956,-7.4345092e-05,-0.00014398408,0.0026647024,-6.3673443e-05,-3.7882585e-05,6.6645891e-06,9.4458498e-05,0.00014134373,9.9844453e-06,-4.2765629e-05,0.0001602263,5.2551377e-05,5.4203947e-05,-6.6924289e-05,-1.6784759e-05,-5.7810085e-05,7.1955312e-06,0.0001098719,-0.00016980492,0.00031295113,-0.0007388633,6.6904676e-05,4.8535431e-05,-0.00019127663,8.3608235e-06,0.00011379422,-0.0026047413,0.00013739476,-1.3846981e-05,-0.00012420909,-7.6188734e-05,-0.00014065239,-7.9716287e-06,5.228078e-05,-0.0009133148,-0.00020695793,4.6521689e-05,-1.8873495e-05,-7.1683555e-05,-0.00013671379,2.7845039e-05,5.9376779e-07,-0.00015354877,0.00021010185,-0.0002822398,0.0001029667,2.3349686e-05,9.9688209e-06,0.00015496638,-1.134588e-05,0.00014324437,0.0010666417,0.00017773765,2.8562057e-05,0.00030239381,0.00018861903,-0.00010588762,3.131447e-05,-1.9567139e-05,0.0029461464,-0.0055015774,0.0013498261,0.00091139919,-0.00015287633,0.0005361209,0.00093324183,-3.026226e-05,-0.0002364324,-5.2215109e-06,0.00094843774,-0.00069034528,6.4542735e-05,-0.0003544911,4.6302844e-05,-0.00012342617,-0.00065527809,-0.00027371131,-0.00045638002,-0.0026116944,-0.0012451136,-0.00023949829,-0.0014362761,-0.00082831361,0.0009294079,-0.00063290742,0.00012109626,-0.00051551804,0.00058441923,-0.00063298326,0.0002156433,-0.00010996826,-0.00083885851
"35",-3.0455232e-05,0.0011560673,0.00052396099,-0.00055939451,5.5871337e-05,-8.7502334e-05,-6.2937978e-05,4.6128237e-05,-7.1399094e-07,-4.3413501e-05,-6.3137896e-05,-1.6016612e-06,-8.4095683e-06,-0.00090221093,0.00080070982,-0.00019794455,-0.00021463316,8.9631916e-05,-3.0856711e-05,0.00013215125,-0.00013488008,0.00016807505,-4.3688293e-06,-4.8543243e-06,0.00015131463,5.3700133e-05,0.00074073513,3.5706697e-05,5.0365734e-05,6.5982402e-05,0.00013820654,0.00010885351,0.00013249092,-6.3673443e-05,0.0020687619,0.00064626469,-0.000497842,-6.4404293e-05,-9.109774e-05,1.6361205e-05,3.7255339e-07,-0.00014179676,1.3082785e-06,-0.00028365248,2.4494119e-05,-0.00023880123,2.4401839e-05,5.9631931e-07,-0.00031574787,0.00012018072,-0.0013457571,-2.6433559e-05,-7.4881822e-05,-1.4687044e-05,-3.0615183e-05,-0.00015913294,-4.9711416e-05,0.00013418311,-0.0018988542,-0.00056202588,0.00052066723,2.8373111e-05,4.340218e-05,2.5985988e-05,-1.5300827e-05,0.00070138144,0.00016093165,-8.2016023e-05,7.6327119e-05,6.6507601e-05,0.00027020039,-3.137967e-05,1.7541836e-06,0.00032555926,-0.00011019457,0.00014314924,9.8892212e-05,4.3502103e-06,-3.5816899e-05,-1.1131788e-05,0.00013300005,-3.177751e-05,-0.00012106363,0.00056915444,0.00019867925,-0.00035738184,-0.00010492857,8.2866407e-06,-2.7438164e-05,3.2889536e-06,-0.0022129525,0.0042247523,-0.00063906116,-0.00071727959,0.0002572478,-0.00057984331,-0.00065139637,-0.00045557173,0.00025796783,-4.6511582e-06,-0.0012294801,0.00041621651,-0.00056998801,-0.00041519707,-6.8034056e-05,0.0001673867,0.00029446264,-0.00022927615,0.00032489354,-5.003273e-05,-0.0011137287,-0.0004955238,0.0015975754,0.00055476085,-0.00074191593,0.00041074738,-5.9234887e-05,0.0005432308,-0.00056753491,0.00051794572,-0.0001544179,7.3523498e-05,0.00041660808
"36",-0.0003768342,-0.0001956158,0.00054922413,-4.1794714e-06,1.9015534e-05,-4.2041188e-05,-0.00029237653,-0.00011706931,5.7354554e-05,7.6016035e-06,-4.6824344e-05,2.7394054e-06,-8.3960839e-05,-0.00044016207,0.00025192253,-8.7355756e-05,-0.00019089134,2.5959269e-05,-9.9968516e-05,5.0197733e-05,-4.1687695e-06,-0.00014565808,-3.4722018e-05,-1.4175122e-05,-2.5989939e-05,0.00010751568,0.00012173331,8.151168e-05,1.0734179e-05,6.5643701e-05,8.6854538e-06,4.3254956e-05,8.7289634e-05,-3.7882585e-05,0.00064626469,0.0020220195,0.00014469357,-7.2765932e-05,1.0710277e-05,4.6428359e-05,-6.504417e-06,-2.0183028e-05,0.00014111738,-2.6817257e-06,-1.5642279e-05,0.00012258113,4.0065243e-05,8.5457291e-06,9.6381441e-05,-0.00011592871,5.3071834e-05,-5.0686586e-05,1.7102421e-05,-6.1259511e-05,7.4742414e-05,1.7634796e-05,2.1311455e-05,3.717261e-06,-0.00056752352,-0.0017508696,-0.00017746103,9.6712487e-05,-5.3269115e-05,-8.6237591e-05,5.8374121e-06,2.8102788e-05,1.4824834e-05,-7.5714233e-05,9.0951686e-06,5.3940172e-05,-3.4610386e-05,-3.4948543e-05,-7.2302314e-07,8.1942631e-05,6.5412991e-05,-2.5527224e-05,8.1943228e-05,-1.3588619e-06,-5.2691039e-06,-2.7258095e-05,1.3869002e-05,-4.0796683e-05,4.7862729e-05,0.00020978428,0.00067849024,3.1397331e-05,1.1818294e-05,1.4349663e-05,3.5337133e-06,-4.6034011e-06,-5.0214516e-05,0.0021018386,0.00029829247,-1.0948899e-05,0.00022746669,1.2135851e-06,-0.00036406664,7.047683e-05,0.00011110006,-6.0871838e-07,-0.00022820088,-0.00023164016,0.00024587965,-5.0810756e-05,5.6533323e-05,3.3375235e-06,0.00014812581,-0.00021307864,0.0002331037,-0.00013986362,-0.0003299078,-0.0020054234,3.6334573e-05,0.00029005766,-0.0003817496,2.2285385e-05,-6.4049991e-06,9.5637239e-05,-0.00011827127,0.00024317262,-4.0136953e-05,-1.3950528e-05,7.0797683e-06
"37",0.00018283856,-9.1643644e-05,2.5110111e-06,0.00020346335,-3.8788584e-05,1.8878101e-05,1.7296447e-05,-1.987546e-05,-6.6613484e-06,2.067399e-05,3.975064e-06,0.00010983904,7.9698968e-06,-0.00042397486,2.7340284e-05,-2.1507236e-06,0.00011663012,-1.8713504e-05,0.0001949552,-0.00045204245,0.00014431031,-6.794161e-05,0.00011693087,6.0957405e-06,-4.8503833e-05,0.00013389126,-0.00022920259,-7.9203343e-05,-9.3654441e-05,3.7112173e-05,-7.0272337e-05,2.8481789e-05,-0.00011215521,6.6645891e-06,-0.000497842,0.00014469357,0.0035859552,0.0005855678,-2.7707128e-05,-1.3066144e-05,-1.2945064e-05,0.00010027963,-0.00014988684,0.00055661873,-0.00010796173,2.9031136e-05,-8.2810878e-05,8.8247119e-06,0.00018656424,-4.9252312e-05,0.00035630524,-2.6479255e-05,0.00012483905,-5.0166246e-05,5.2268917e-05,-8.2796885e-06,0.00016152724,-0.00013226975,0.00048134575,-0.00013889432,-0.002984827,-0.00057918365,0.00010301955,-9.9971425e-06,7.5933197e-06,-0.00017955749,2.1633306e-05,5.6119792e-05,-0.00017745807,9.0610581e-05,-9.559834e-06,2.97826e-05,3.4210893e-06,-0.00010219788,-2.3989879e-05,-0.00014691489,-6.2506762e-05,-6.7741017e-05,6.0300931e-06,1.7144832e-05,-2.322223e-05,-3.6321119e-05,4.1184979e-05,-0.0001534662,3.0548614e-05,0.0012774979,0.00024224164,-0.00015564748,-4.7725221e-06,-2.4733647e-06,0.00026265535,-7.801247e-05,-0.0002370675,-0.00011851513,-0.00018108183,0.00053670381,-0.00026547175,8.5613665e-05,-0.00011984584,3.9728713e-06,0.00039722496,-8.6097599e-05,0.00031125634,0.00016086512,0.00018980213,-3.1490685e-05,5.3135693e-05,3.0669698e-05,-7.197126e-06,-8.8391088e-05,0.00052984157,-0.00011074629,-0.0035583548,-0.00070369306,0.00035265766,6.6355789e-05,-5.6002452e-06,-9.7659912e-05,9.4293735e-05,-7.4843292e-05,-1.4797007e-05,2.2120069e-05,6.252301e-05
"38",0.00023114278,0.0012823001,-0.00020667006,-0.00045065985,8.8642471e-05,-7.144287e-05,0.00015905114,0.00012115662,4.4307723e-05,-2.8968117e-05,-4.9408153e-05,3.6471311e-05,0.00011467521,-0.0007042665,0.0005207954,-0.00018797702,-0.00017513246,2.4618616e-05,0.00017063826,-6.7689789e-05,-1.1775466e-05,-2.8761323e-05,5.372463e-05,4.552418e-07,-2.7910287e-05,-0.00026010758,-0.00011321791,-8.1599848e-05,-8.4804069e-06,5.6835122e-05,-0.00015598141,-1.8711743e-05,2.5766351e-05,9.4458498e-05,-6.4404293e-05,-7.2765932e-05,0.0005855678,0.0019400866,-4.9479573e-05,-7.3962319e-05,1.1187242e-05,-1.84781e-05,-0.00030846948,0.00014902689,5.1250456e-05,-3.9867059e-05,-8.1099793e-05,6.3971567e-06,-1.0382589e-05,0.0003312699,-8.3482038e-05,4.2488518e-05,1.546885e-05,-2.8370624e-05,0.00011409574,2.7154816e-05,8.7136695e-05,-9.6856438e-05,7.8569475e-05,0.00014909906,-0.00047573584,-0.0017536591,0.00016879841,0.00013314776,-3.5876946e-05,0.00095434695,0.00019762162,-2.6557617e-06,2.3586921e-05,2.8852473e-06,0.00012844447,2.1691902e-05,6.1763927e-06,0.00031295446,-0.00022925335,3.5155797e-05,-5.4457474e-05,-3.7815336e-05,-2.7068763e-05,-6.2054137e-05,3.9176022e-05,-0.0001333212,-5.452229e-05,-0.00022648474,4.1834516e-05,-3.0749128e-05,0.00051331557,2.6942342e-05,-7.8370567e-05,7.99388e-06,-0.0026702187,0.004821276,-0.00097665186,-0.0008495828,-7.9137917e-05,-0.00029154119,-0.00070131705,1.478138e-05,-2.1112874e-06,1.02697e-05,-0.0011040956,0.00073820683,0.00022051326,-8.7069012e-05,3.8693135e-05,0.00014857652,0.00043889409,0.00013793818,0.00062208176,-0.00030298872,0.0011823227,0.00026981577,0.00062567687,-0.0012867688,-0.00069358904,0.00070350021,-9.6371902e-05,0.00050243217,-0.00055302229,0.00041608256,-0.00025089673,8.6762192e-05,0.00052360664
"39",-0.00070640332,-0.0010253636,0.00094234638,-7.5147451e-05,7.2238612e-05,4.7938789e-05,-0.00046954504,-9.3370862e-05,-7.082512e-05,-2.5973092e-06,9.8720337e-06,-2.9096668e-05,8.4728263e-05,-0.0025709954,0.0017722175,-0.00067309733,0.001566393,-0.00018355429,0.00014726288,0.00090052692,0.00013108526,-0.0002932656,-2.1105056e-05,-7.6285639e-06,0.00018054036,0.00013502099,-0.0008152126,0.00011898123,5.2064525e-05,0.00048562212,-0.00037922329,-0.00012485336,-6.2753886e-05,0.00014134373,-9.109774e-05,1.0710277e-05,-2.7707128e-05,-4.9479573e-05,0.0032258507,4.810826e-05,-3.0506724e-06,0.00015602401,-1.7952972e-05,-0.00094983305,-0.00013555982,0.00025426803,0.00010049758,4.9573384e-06,-0.00016424346,-0.00018595638,0.0010594527,-0.00033266251,-6.9491475e-05,-0.00025992603,0.00052774829,0.0002028553,8.4368864e-05,-0.00013786008,5.108765e-05,-0.00011270295,2.6158228e-05,0.00024374473,-0.0027068277,-7.6651157e-05,1.1031606e-05,-0.00022611869,-3.0600476e-05,2.4817779e-05,0.00042718711,3.3329334e-05,-0.00015291391,1.7807307e-05,-7.8447194e-06,-4.6607746e-05,0.00013411125,-0.00027337757,-3.225299e-06,1.1168173e-05,8.5367687e-05,-0.00019439968,-0.00016606415,-4.0818379e-05,1.6689889e-05,-1.0993049e-05,6.7799968e-06,-4.4687192e-05,-3.4798129e-05,0.00098552139,3.6365165e-05,1.6176953e-06,7.3176745e-05,0.0013874979,-0.00030670247,5.8743459e-05,-9.909834e-05,-0.0011911662,-0.00037752061,0.00036035279,0.00011651741,1.6648152e-05,-9.5593222e-06,-0.00026374204,0.0012920254,-0.00021254717,-8.875383e-05,-0.00024161778,0.00060690195,0.0006949622,0.00035398596,-0.00020851618,0.00020958097,-0.0001303178,0.00027814164,0.00035967812,-0.0032284109,7.6006746e-05,-1.0479923e-06,7.3581302e-06,1.5751514e-05,0.00019650088,-8.2440314e-06,2.9359035e-05,0.00027057547
"40",-0.00012541256,-9.7968608e-05,0.00011343803,3.724066e-06,1.6249673e-05,3.8343922e-06,-3.9723285e-05,-3.2696911e-06,1.16925e-06,-1.4432846e-05,-1.2287847e-06,-2.0829589e-05,1.1057242e-05,-7.887409e-05,1.2712374e-05,1.1654215e-05,-4.6436971e-05,2.9680973e-05,7.1360161e-08,3.0985263e-05,3.7870695e-05,-4.5901388e-05,3.3239182e-06,-5.6434639e-06,-2.6749343e-05,4.8627526e-05,-0.00018989025,-0.00013611334,-2.6071564e-06,1.0809085e-05,-2.5567721e-06,-8.6088847e-05,1.5280528e-05,9.9844453e-06,1.6361205e-05,4.6428359e-05,-1.3066144e-05,-7.3962319e-05,4.810826e-05,0.00031487545,1.5866439e-07,-4.6253949e-05,2.5590744e-05,-4.4563439e-05,-4.6671228e-05,5.6863191e-05,1.9469988e-05,2.1236544e-07,5.2585567e-05,1.1049173e-05,0.00029037179,0.00016401489,3.7647285e-06,-2.6774023e-06,1.2806801e-05,8.9678341e-05,-3.4373617e-05,-1.9175396e-06,-1.570382e-05,-6.4966211e-05,-1.6957581e-05,9.2552506e-05,-1.95993e-05,-0.00030194452,2.2995028e-06,-3.0650997e-05,-1.9535571e-06,-1.0486171e-05,1.7673061e-05,3.3373214e-05,-9.6776853e-06,-3.1184342e-06,6.067629e-07,-2.6080645e-05,-2.6280462e-05,-3.8261044e-05,-8.1587826e-05,-4.0750606e-06,-2.5170497e-06,-3.1857575e-05,-2.79581e-05,4.230652e-06,6.2764148e-06,5.3731235e-06,-1.2272857e-06,-1.3138471e-05,-5.4591399e-05,2.8272036e-05,6.5350566e-05,3.8752307e-07,5.3875174e-05,9.9301241e-05,0.00013493386,-2.0959484e-05,2.8289667e-05,-3.3468038e-05,-8.1678719e-05,3.8869612e-05,2.0767324e-05,-1.6920593e-07,3.5193694e-05,4.3211878e-05,0.0002004022,0.00021986221,1.7093184e-05,1.1151187e-05,2.0447958e-05,-3.4056846e-06,-1.4135601e-05,1.6836129e-06,-3.1436765e-05,-5.2582945e-05,3.6236445e-05,0.00017185618,-4.0768311e-05,-0.00031235785,9.116493e-07,-1.1391682e-05,-4.1618733e-06,2.7517936e-05,1.6805207e-05,-1.1410283e-05,-7.8798044e-06
"41",-3.8304821e-05,0.00015323241,5.9623205e-06,-5.5616318e-05,1.4065104e-05,-1.275179e-05,1.9911634e-06,2.288844e-06,3.7407587e-07,4.6257034e-06,-3.7211781e-06,6.8946854e-07,3.7175158e-06,-1.9434214e-05,2.5191943e-05,4.4252289e-06,-0.0001275242,1.4268771e-05,9.1242835e-06,-7.183061e-06,-1.9645239e-06,-1.5595791e-06,-1.4802037e-08,9.4289627e-07,2.4434679e-06,-2.4997288e-05,2.5911946e-05,6.8410336e-06,-9.9582306e-07,-1.5558871e-05,-6.1822811e-05,8.7499484e-06,1.869321e-06,-4.2765629e-05,3.7255339e-07,-6.504417e-06,-1.2945064e-05,1.1187242e-05,-3.0506724e-06,1.5866439e-07,2.3048811e-05,-1.493011e-05,-1.6127329e-05,-1.6617499e-06,2.2700291e-06,1.0362407e-05,-3.4715911e-06,-5.4005363e-08,-8.0598364e-06,3.784125e-05,-4.8480591e-05,-6.3728813e-06,-1.3176143e-06,1.3684564e-05,4.8341427e-05,-1.7264084e-07,6.6676851e-06,5.1319306e-05,-4.3176835e-06,8.025442e-06,1.3959069e-05,-2.4752502e-05,-7.0264039e-07,3.5147677e-06,-2.2725087e-05,9.5555672e-05,2.0143953e-05,-2.5960668e-06,-3.7023726e-07,-3.3167377e-06,-4.1501447e-08,4.6427456e-07,2.6525958e-07,2.1869605e-05,-2.6490236e-05,1.8047633e-05,9.8541065e-06,-4.9883017e-06,-7.6609059e-06,-2.3071983e-05,6.4957834e-06,-1.5703342e-05,-2.8374495e-05,-2.0216017e-05,-3.0209775e-06,-2.9201533e-05,-6.0352126e-06,1.474223e-05,-1.3297236e-06,1.0076316e-05,-0.00029178545,0.00058933512,-0.00010161426,-9.155987e-05,3.3958598e-06,-3.8434582e-05,-7.9163318e-05,2.8853524e-05,1.5881928e-05,-7.8930841e-08,-0.00010102304,9.4222668e-05,4.4160175e-06,-2.0896531e-05,6.8364108e-06,3.1724079e-05,9.723604e-05,8.056973e-06,7.0491235e-05,3.8427059e-05,0.00013072975,2.2394789e-05,0.00014214535,3.6071186e-05,-0.00011116808,5.6747568e-05,-3.3393161e-05,5.7088774e-05,-6.7967552e-05,6.7411432e-05,-2.580569e-05,7.8944754e-06,6.2709242e-05
"42",-0.00034935147,-0.00048790159,-0.00077871131,8.2859482e-05,2.0452689e-06,4.2540193e-05,0.0001403704,-0.00014312067,-1.928722e-06,5.3662801e-06,-2.4679418e-05,-2.2963029e-05,4.1704643e-05,0.00017520064,-2.6760801e-05,5.8880775e-05,0.00016793282,-0.00088036583,0.00023635996,-0.00017628764,5.6009817e-05,0.00014550991,-4.2841744e-06,-5.7857207e-06,-4.5569789e-05,-9.9781033e-05,-0.00035348064,9.8533735e-05,2.5087282e-08,0.00015992346,0.0001021059,-6.549137e-05,9.0872992e-05,0.0001602263,-0.00014179676,-2.0183028e-05,0.00010027963,-1.84781e-05,0.00015602401,-4.6253949e-05,-1.493011e-05,0.0016846407,-0.0004387784,0.00031993099,-8.5906624e-05,-0.00027638569,-2.1743672e-05,6.906e-06,2.3052056e-05,0.00010628183,0.00091917024,-0.00020788959,1.2876269e-05,-0.00027309858,-0.00020673773,0.00011319382,-0.00020076927,-0.00033865724,0.00015330562,-3.5005367e-05,-0.000281282,1.4960297e-05,-0.00023360951,7.5157871e-05,2.6470645e-05,-9.1417894e-05,-0.00040697027,0.0001433925,-8.3995122e-05,1.3346132e-05,4.5029979e-05,-3.2122631e-06,-3.3401205e-06,-9.3813119e-06,-5.5720767e-05,-0.00010830479,-2.766551e-05,1.1954864e-05,6.51279e-05,7.0399439e-05,-1.4077431e-05,2.4477853e-05,0.00013697336,-2.5393012e-05,8.0159456e-06,6.6612266e-05,-3.9604887e-05,-2.6935635e-05,-1.8388218e-05,-8.0672648e-06,0.00030121143,-0.00045566109,-3.4144386e-05,0.0016309417,-0.00057163741,0.00030689126,-3.7883913e-05,-0.00024278636,-4.8972923e-05,8.580367e-06,0.00019408943,3.298533e-05,0.00063478682,-8.1847221e-05,-1.4518929e-05,-0.00029410691,-0.00024681561,0.00016342567,-0.00017505718,-0.0003539833,1.1547065e-05,-3.69507e-05,-0.00040752239,7.1095932e-05,-0.00012953659,6.3362884e-05,3.4681868e-05,-0.00010782444,0.00014004458,-7.794622e-05,1.0687538e-05,-5.4671074e-06,3.8666048e-05
"43",-0.00026176549,-0.0021949154,0.0014934521,0.00080815138,-7.7130035e-05,0.0001097007,-0.00057634285,-1.8119867e-05,-7.4487211e-06,1.5699964e-05,7.202402e-05,-1.0009139e-05,7.5720078e-05,0.0010840015,-0.0017519036,6.6584054e-05,0.00022240849,0.00025839003,-0.002060724,0.00012092532,0.00015674958,-0.00013886237,-0.00013505415,1.3415719e-05,-0.00018048254,0.0003479359,-0.0011386551,-0.00012810721,-2.2332733e-05,1.9979005e-05,-0.00032302748,-0.00010111328,-7.6357829e-05,5.2551377e-05,1.3082785e-06,0.00014111738,-0.00014988684,-0.00030846948,-1.7952972e-05,2.5590744e-05,-1.6127329e-05,-0.0004387784,0.0035904978,-0.00016366895,-0.00016755169,0.00030610628,0.00024335861,-2.9953419e-05,0.00043118081,-0.00067768102,0.0022433384,0.00027714064,2.8540456e-05,-7.6326384e-05,0.00042315368,0.00030509964,2.5088446e-05,-0.00013353575,-2.9816761e-06,-0.00044218736,8.8081421e-05,0.00045220876,0.00020930009,-0.00013456915,4.8336874e-05,-0.0016373526,-0.00015180147,-0.00071680215,4.0072195e-05,2.6806237e-07,-0.00024157966,-4.8455235e-05,1.0611413e-05,-0.00046916544,0.00027010337,-0.00050193746,-0.00016180883,3.6591409e-05,5.8918537e-05,-5.4262238e-05,-9.8548607e-05,0.00029595365,0.00024874264,0.0004503074,4.0429947e-05,0.00039629461,8.1485887e-05,-0.00012699525,6.7414985e-05,-1.3847972e-05,0.0045530708,-0.007667248,0.0019970146,0.00084400961,0.0030173158,0.00046079359,0.001003844,6.5831347e-05,1.4449509e-05,-4.9821355e-05,0.0019294658,-0.0010583657,0.0011958815,0.00078281699,2.3566575e-06,-0.00028397331,-0.00011750386,-0.00027022836,-0.00091039292,0.00015146259,-0.0020762365,-0.00051324809,-0.0019589399,-0.00046767877,0.0015759113,-0.00096978064,0.00014405411,-0.00087017819,0.00098862714,-0.00082441574,0.0004152167,-0.00017043827,-0.00089112585
"44",0.0011063642,-0.00056910117,-0.00033778311,0.00091593028,-0.00014399289,3.2430267e-05,0.00026793714,7.6582645e-05,8.2816996e-06,2.125452e-05,6.3314013e-05,4.8468095e-05,0.00015203452,0.001948839,-0.0031296206,0.00083638506,-0.0013643875,-0.00019593243,0.00015087375,-0.0020485739,-9.7569193e-05,-1.0951029e-05,-4.1746896e-05,-2.7029611e-06,-0.00054709441,0.00031638963,-0.00059781273,0.00021445783,-0.00014970628,8.4019729e-05,0.00014386691,-6.682895e-05,-0.00014276851,5.4203947e-05,-0.00028365248,-2.6817257e-06,0.00055661873,0.00014902689,-0.00094983305,-4.4563439e-05,-1.6617499e-06,0.00031993099,-0.00016366895,0.0035575266,8.2416087e-05,-1.5215483e-05,5.5384023e-05,2.0577231e-05,0.00077514211,-0.00045115524,0.0012181133,-0.00031001888,0.00022292323,-0.00015798649,-0.00028186084,-2.1952431e-07,0.00010973394,-0.00013648953,0.00038014576,-1.9832846e-05,-0.00074898656,-0.0002688066,0.0015467015,9.4245881e-05,-1.4204339e-06,-0.00088096345,-0.00020467038,0.00017047042,-0.0010235972,-2.569275e-05,-6.2938361e-05,-1.9143164e-05,1.4253133e-06,-0.00052751188,0.00028205009,-0.0001260169,6.1482908e-05,-4.2771199e-05,5.1055728e-05,0.00016022692,-0.00011147635,6.526154e-05,7.3225148e-05,4.3913602e-05,-3.3772184e-05,0.0005262178,0.0002215978,-0.00066043793,-5.8158494e-06,8.5234616e-07,0.0028533547,-0.0070143375,0.00085127618,0.0010024317,-0.00056991813,0.0040044144,0.0010375446,9.6615698e-06,-0.00018330579,1.8436138e-05,0.002013888,-0.0010931608,-0.00013395593,-7.2056556e-05,0.00021261822,-0.0003527116,-0.00063421232,-0.00011364924,-0.00068420175,0.00018761692,-0.001002412,-9.6139904e-05,-0.0024373435,-0.0010979018,0.0028452203,-0.00055280178,5.8627638e-05,-0.00062785712,0.00075259059,-0.0008949969,0.00023836035,-7.5290436e-05,-0.00072788671
"45",0.00093193648,0.0012820093,0.00024684684,-0.00024261075,-4.8616705e-05,-4.5805793e-05,0.00015387738,0.00025563219,-5.8930829e-05,-3.0518469e-05,-6.2721417e-05,4.8275461e-05,-0.00010768352,0.00039977783,-0.00086873911,0.00011986088,-0.00045554418,1.7140537e-05,0.00012648466,-0.00010268375,-0.001723896,-0.00071468337,7.8295224e-05,-3.0305416e-06,0.00010605518,-0.00023791419,0.00053935529,-0.00015650198,4.9618509e-05,-4.2064705e-05,0.00026200059,-7.35763e-05,-4.370067e-05,-6.6924289e-05,2.4494119e-05,-1.5642279e-05,-0.00010796173,5.1250456e-05,-0.00013555982,-4.6671228e-05,2.2700291e-06,-8.5906624e-05,-0.00016755169,8.2416087e-05,0.0029791742,0.0012403111,-0.00013538419,1.5343315e-06,-0.00013069163,0.00046301613,-0.00097376467,0.00035645804,-7.3618456e-05,9.6430937e-05,-0.00040861701,8.7597962e-05,0.00010421961,5.5469343e-05,4.4340614e-05,2.0291926e-05,0.0002831813,-4.2458679e-06,0.00014358844,0.00015679548,-1.1937534e-05,0.0002419871,2.4294971e-05,5.9887383e-05,8.469882e-06,-0.00079119316,-0.00033177422,4.7063125e-05,5.837859e-06,0.00014191456,-9.6232901e-05,0.00027159665,-7.4125545e-05,1.7754976e-05,-4.5030082e-05,0.00012290508,-4.5033463e-05,-9.1088552e-05,-4.641171e-05,-0.00015537233,-2.6496598e-05,-9.4218614e-05,-2.2222864e-06,-5.3886871e-06,-7.3700889e-05,7.9003667e-06,-0.0010998169,-0.00027660014,-0.00083566858,-0.00040905689,-0.00013548911,-0.0001311931,0.0028723204,0.0013777478,-0.00018473952,-6.0500567e-06,-0.00052280222,0.0004701276,-0.0011270636,0.00015060196,-0.00011121698,0.00018029825,-0.00036065685,0.00064713286,0.0002962393,-2.9011697e-05,0.0003624203,0.00013770903,0.00055455694,9.1293703e-05,0.0001023867,0.00032494368,-3.521529e-05,0.00017734009,-0.00014237082,-9.538219e-05,-2.5165718e-05,6.5116367e-05,0.00033566089
"46",-0.00091182545,9.7454899e-06,0.0017729466,-0.00016533736,0.00021106877,1.8244206e-05,-0.00064181285,-2.6638497e-05,4.4823469e-05,6.8227085e-05,1.0685541e-05,-3.3574845e-05,3.0967994e-06,0.00038524269,-0.00096634786,0.00011605819,-0.0020436241,0.00019401925,-0.00016076933,-2.0797896e-05,-0.00069014383,-0.0023832481,5.7315359e-05,-6.239618e-06,5.8975506e-05,-1.9718785e-05,0.00037457212,-8.9799737e-05,9.4133929e-05,-0.00013941133,0.00024651197,-0.00012989733,-0.00022833568,-1.6784759e-05,-0.00023880123,0.00012258113,2.9031136e-05,-3.9867059e-05,0.00025426803,5.6863191e-05,1.0362407e-05,-0.00027638569,0.00030610628,-1.5215483e-05,0.0012403111,0.0043293688,-3.4232619e-05,-1.0878543e-05,-0.00010102926,0.00018586387,-0.00079967111,0.00022942423,-0.00013302227,0.00021339179,-0.00025615365,0.00017920482,0.0001754679,0.00020961923,0.00034800696,-0.00032423209,-0.00011331,3.0550272e-06,-0.00033175204,-0.00011729045,-1.1650277e-05,0.00024252633,8.9504002e-05,-0.00010021272,-1.7332853e-05,-0.00033401876,-0.0010633495,5.554794e-05,3.0700549e-07,6.4563219e-05,-1.1075861e-05,0.00053578439,-6.6506608e-05,1.1970326e-05,-4.4871037e-05,0.00013005193,-1.0776137e-05,-0.0001498102,-8.8292361e-06,-0.00027000312,8.8847144e-05,-8.7635977e-06,-0.00012239418,0.00021734863,-2.4807887e-05,8.9615784e-06,-0.0015772588,0.0050170186,-0.00010868688,-0.00064579505,0.00059019568,-6.3420679e-05,0.00053533061,0.0042288756,4.8249019e-05,-9.9579616e-06,-0.00072983109,0.00028645618,-0.00058967765,-2.1344484e-05,-0.00010378061,0.00033856067,-0.00023393168,9.8048338e-06,0.00089706186,-4.9484459e-05,0.0015390671,-0.0002877587,0.00073718604,0.0006287654,-0.0010847181,0.00025999317,-6.4985774e-05,0.00025377034,-0.00034343102,0.0005130527,-9.7339412e-05,-4.748735e-05,0.00064974701
"47",0.00035806094,-0.00023896042,0.00082125416,0.00014172154,-1.7495716e-05,4.608832e-05,-0.00015540008,0.00012433387,3.9288141e-06,-3.0867147e-08,1.1993336e-05,1.5671635e-05,2.5470309e-06,0.0011194817,-0.0021476042,0.00054332796,-0.0015422411,1.6069138e-05,-0.00013001309,-4.6098955e-05,5.4370002e-05,6.1601393e-05,-0.00042826953,6.0487208e-05,-0.0002396904,-0.00014646769,-0.00019405956,0.00014298273,-1.839672e-05,-2.6710592e-05,-7.8356148e-05,-8.1863565e-06,-1.5319797e-05,-5.7810085e-05,2.4401839e-05,4.0065243e-05,-8.2810878e-05,-8.1099793e-05,0.00010049758,1.9469988e-05,-3.4715911e-06,-2.1743672e-05,0.00024335861,5.5384023e-05,-0.00013538419,-3.4232619e-05,0.0008357411,-0.0001186453,0.0004660652,0.00020607851,0.00038569895,-0.00034259601,1.6444923e-05,4.4604688e-05,0.00014620983,2.5751463e-05,1.2812138e-05,8.7192931e-05,1.4242405e-05,-5.0888648e-05,0.00013688615,0.00020540999,-0.00020697223,-1.4077582e-05,8.2845101e-06,-0.00034716182,-4.0693076e-05,-4.0571686e-05,-3.7078411e-05,2.4541475e-05,2.8777772e-05,-0.00020571476,2.7912596e-05,-0.00022044622,-4.7557743e-05,-6.4722414e-05,9.8867439e-05,-6.5524275e-06,-9.0837594e-06,-6.052806e-05,-6.7386243e-06,6.5248692e-05,6.8244923e-06,0.00011258856,-3.1483743e-06,6.5615743e-05,-2.2505693e-06,-2.9277338e-05,-1.3288023e-05,4.5902185e-07,0.0010213796,-0.0022687545,0.00031473149,0.00025153142,0.00012843401,0.00019917085,0.00016299756,-0.00013361145,0.00071333411,-0.00010046532,0.00088963429,0.00014651593,6.0693615e-06,-0.00034000589,2.4294046e-05,-1.8162991e-05,6.6505299e-05,-0.0001202167,-0.00032378847,0.00014060335,-0.00058140824,-6.5217512e-05,-0.00035141172,-3.3760751e-05,0.00029156785,-0.00017770222,2.6980971e-05,-0.0002065046,0.00026141173,-0.00033622976,9.0772381e-05,-2.1613395e-05,-0.00018391778
"48",-1.4365139e-05,6.8928966e-05,2.3914815e-05,-3.2774195e-05,5.8390632e-06,-5.0605015e-06,-2.3819704e-06,-4.7164411e-06,-4.2858043e-06,-7.1023069e-08,2.4120377e-07,-4.9468248e-06,1.2310708e-05,-8.3943182e-05,0.00013570813,-3.9145845e-05,6.0198754e-05,-5.5240221e-06,1.7862544e-05,-3.335679e-06,-5.1141246e-06,-4.8410602e-06,6.1011251e-05,-2.3239121e-05,8.3887012e-06,4.6334178e-06,-3.8029518e-06,4.1442361e-05,1.0095037e-05,1.901552e-06,1.2133529e-05,3.1038502e-07,1.1826846e-05,7.1955312e-06,5.9631931e-07,8.5457291e-06,8.8247119e-06,6.3971567e-06,4.9573384e-06,2.1236544e-07,-5.4005363e-08,6.906e-06,-2.9953419e-05,2.0577231e-05,1.5343315e-06,-1.0878543e-05,-0.0001186453,4.57199e-05,-2.932977e-05,-7.5983217e-06,1.2185364e-05,-6.0162112e-05,-1.4464617e-05,3.9527051e-07,-1.428805e-05,-1.2986818e-05,-1.2426567e-05,-1.7244444e-05,2.4559755e-06,-2.0513876e-05,-9.4569241e-07,-1.6303015e-05,-5.6360786e-06,-3.7045687e-06,-8.6425111e-07,6.7059154e-05,4.9209597e-06,9.1324845e-06,2.7801501e-06,7.3650211e-06,8.0336686e-06,2.8796554e-05,-1.010849e-05,3.501007e-05,-9.0349644e-06,3.9510541e-05,2.713315e-05,4.1518936e-06,-1.1658444e-06,4.5983936e-06,-1.347727e-06,-1.290658e-05,-4.0820044e-06,-1.5970366e-05,8.8770839e-07,-1.8738422e-05,-1.0438016e-05,1.0915268e-05,3.6087391e-06,-5.5270093e-07,-0.00025181683,0.0003957261,-0.00015992435,-7.1846978e-05,-2.3486601e-05,-2.6747898e-05,-7.7899012e-05,2.010105e-05,-8.845728e-05,3.8407959e-05,-0.00012105128,2.7448468e-05,-6.2932216e-06,-8.3009434e-05,-2.1171093e-05,1.202834e-05,1.0978099e-05,5.0181447e-05,3.7012725e-05,-3.9385796e-05,0.00010757245,5.6886245e-06,0.00010247242,4.2482176e-05,-8.6947585e-05,3.6344667e-05,-4.699147e-06,4.0508677e-05,-4.6652629e-05,4.8849136e-05,-1.6222982e-05,1.3043613e-05,7.5191426e-05
"49",8.5360119e-05,-0.0018475544,-0.00058376456,0.00077275924,-0.00016024832,0.0001317064,1.7881576e-05,-0.00019465521,6.791732e-05,5.7227604e-05,4.201589e-05,2.7898277e-05,-6.8461613e-05,0.0015319526,-0.0027552472,0.00077579476,-0.0021691791,-3.2268063e-05,-0.00018244282,-0.00051181472,0.00018389568,6.1594127e-05,-0.00023089911,6.7346938e-06,-0.0027219249,-0.00026769143,-0.00077041831,0.00018900754,-0.00010476722,8.9466716e-05,0.00012929805,6.9170238e-05,-8.5636867e-05,0.0001098719,-0.00031574787,9.6381441e-05,0.00018656424,-1.0382589e-05,-0.00016424346,5.2585567e-05,-8.0598364e-06,2.3052056e-05,0.00043118081,0.00077514211,-0.00013069163,-0.00010102926,0.0004660652,-2.932977e-05,0.0047499459,0.00056067791,0.0011564871,-0.00026978608,0.00013850474,-0.00014156824,-0.00013986364,-4.0757363e-05,3.5762965e-05,-0.00011255033,0.00059235807,-7.4441672e-06,-0.0005463757,6.302437e-05,0.00036368876,-0.00011218574,3.0313306e-05,-0.00077527995,-0.00014013109,-5.9117129e-06,-0.0002789917,8.6385758e-05,-6.396185e-05,-0.00012950488,1.9009706e-05,-0.0013650545,-5.4921216e-05,-0.00017474216,0.00014331871,-5.1235615e-05,5.1394752e-05,5.152744e-05,-3.8361764e-05,0.00014125133,1.6660816e-05,-1.9894835e-05,-1.4066397e-05,0.00028603896,3.2869377e-05,-0.00018023044,-1.6539982e-05,-3.9839873e-06,0.0025644692,-0.0035693406,0.0015145447,0.0008225155,0.00025443488,0.0012884766,0.00028093506,-0.00032719691,0.0004134874,-5.4647089e-05,0.0053114109,0.0001227118,0.00045884756,-0.00033005019,0.00023258932,-0.0002950508,-0.00041450291,-0.00057099173,-0.00051601431,0.00023261972,-0.00031723937,-0.0001278278,-0.0015715592,-0.00028465272,0.00089918834,-0.00044071224,8.2465449e-05,-0.00050419917,0.00059796244,-0.0004868695,0.00018693832,-0.00013471264,-0.00060979548
"50",-0.00017125075,0.0029516609,-7.5508259e-06,-0.0012256152,0.00021507385,-0.00017893681,0.00019644586,-9.1508061e-06,7.0790517e-05,-1.4570638e-05,-5.2008749e-06,9.0070406e-05,-0.00011603336,0.00052649399,-0.0012678987,0.00056431546,-0.0033384163,-0.00010659983,0.00031646015,0.00022651172,-0.00031860403,6.4716388e-06,-0.00013301307,4.0074433e-06,-0.00033394035,-0.0040071029,0.00058090933,-0.00021828853,6.8118799e-05,0.00010578757,-5.1709514e-05,-2.3330711e-05,0.00013125265,-0.00016980492,0.00012018072,-0.00011592871,-4.9252312e-05,0.0003312699,-0.00018595638,1.1049173e-05,3.784125e-05,0.00010628183,-0.00067768102,-0.00045115524,0.00046301613,0.00018586387,0.00020607851,-7.5983217e-06,0.00056067791,0.0074565676,-0.0010277924,0.00025945487,-8.3500312e-05,-2.7808937e-05,0.00026373582,2.1735227e-05,2.8444304e-05,0.00022437905,-0.00018100881,0.00023421549,0.00012565179,-0.00041260889,0.00026758292,7.2803562e-06,-8.8456505e-05,0.0019481886,0.00019497266,-6.5620081e-05,0.00012319707,-2.2868768e-05,0.00021228481,-9.703886e-05,-2.1468834e-06,0.00033328076,-0.0019965395,0.00055609909,0.0001289374,3.7847752e-06,9.2000782e-07,-9.9793157e-05,0.00016268552,-0.00025111906,-0.00024689758,-0.00037703712,-2.2438347e-05,-0.00048042218,-0.00012740065,5.1070343e-05,-2.7430691e-05,2.2027963e-05,-0.0060387666,0.0098608472,-0.0025658399,-0.001430812,-1.3384535e-05,-0.0014347966,-0.0012142002,0.00038170344,0.00057138816,9.2896646e-06,-0.0014714406,0.0085854903,-0.00054991068,-0.00049449307,-0.00016290732,0.00024745091,0.0010073832,0.0003470158,0.00083148944,-0.00016321108,0.0022241966,0.00054879541,0.0029488542,0.0008309236,-0.0014617275,0.0010712945,-0.00020031979,0.0010787938,-0.0011923662,0.00091750162,-0.00047628836,0.00018254745,0.0014783082
"51",-0.0031603755,-0.0091704138,0.00058590632,0.0024005346,-0.00014397565,0.00047159275,-0.0015350001,-0.00094129248,-6.961797e-05,6.6975497e-05,0.00016672074,-0.00021849401,-0.00017365031,0.0030901615,-0.0026447104,-0.00057209422,0.0034090504,-0.00030725592,-0.0012828901,-0.00072385504,0.00087136566,0.00017252586,-0.00023269206,-4.5399238e-05,-0.00075204394,0.00054486952,-0.024105701,-0.00093578466,-0.00038396293,0.00023193191,-0.00065821611,-0.00047094454,-0.00025405256,0.00031295113,-0.0013457571,5.3071834e-05,0.00035630524,-8.3482038e-05,0.0010594527,0.00029037179,-4.8480591e-05,0.00091917024,0.0022433384,0.0012181133,-0.00097376467,-0.00079967111,0.00038569895,1.2185364e-05,0.0011564871,-0.0010277924,0.097405307,0.0018150079,0.00050285646,-0.00068070397,0.00075427193,0.00067278599,-0.00029560872,-0.00059117298,0.0014202758,-0.00050765791,-0.0010117257,-7.5329882e-05,-0.0013212319,-0.00088625545,0.00012058187,-0.0044960587,-0.00078346489,-3.1342161e-05,-2.7079133e-05,0.00023075999,-0.00011972142,-2.1282412e-05,2.2464769e-05,-0.0012424633,0.00084193588,-0.010848198,-0.00052474009,3.1884437e-05,0.00021596297,-0.00016239692,-0.00015847465,0.00069546652,0.0007365807,0.00079918932,-4.4125984e-05,0.0012358182,0.00038388879,4.5556279e-05,0.00030608991,-2.4839154e-05,0.013362401,-0.020845703,0.0045131392,0.0041547942,0.00065075116,0.0025141248,0.0020435403,-0.001299986,-0.00042684483,-2.7039871e-05,0.0052455625,-0.0028092999,0.09072851,0.0031596012,0.00040348028,-0.0013571022,-0.00040515915,-0.00015906437,-0.0027637999,6.993532e-06,-0.0042714263,-0.00075145612,-0.0065769798,-0.0026379952,0.0025472273,-0.0032471666,0.00034072629,-0.0026560238,0.0029831536,-0.0019447166,0.0010485467,-0.00037719531,-0.0026278835
"52",-0.0010753461,-6.3379118e-05,-0.0022392979,-0.00037849422,-9.7670341e-05,-6.1078351e-05,0.00052899149,-0.00020099224,-2.6995661e-05,-4.1027296e-05,1.5522248e-05,-2.888944e-07,-0.00021451434,0.00034437431,0.00016046051,-0.00043106454,0.0005842684,0.00012186937,-0.00014799266,0.00018420068,-8.9103876e-05,-6.1461273e-05,0.00012411426,3.7629818e-05,0.00018525282,-0.00026216415,-0.00063379479,-0.003034693,1.1941939e-05,0.00010163971,2.5318607e-05,-5.1993414e-05,2.0548746e-05,-0.0007388633,-2.6433559e-05,-5.0686586e-05,-2.6479255e-05,4.2488518e-05,-0.00033266251,0.00016401489,-6.3728813e-06,-0.00020788959,0.00027714064,-0.00031001888,0.00035645804,0.00022942423,-0.00034259601,-6.0162112e-05,-0.00026978608,0.00025945487,0.0018150079,0.0066869886,-7.3253946e-05,-0.0003228154,-0.00013926193,4.9349928e-05,-7.6586827e-05,0.0014056621,-7.6166159e-05,0.00011948764,-0.00012233556,-0.00030006694,0.00054927975,-0.00044237529,1.4095574e-05,0.00026515853,2.0275189e-05,-2.3419098e-05,0.00013241596,-9.3184085e-06,-0.0001306924,8.9428693e-05,2.607024e-05,0.00030630474,-7.9320464e-05,0.00030060693,-0.0014160657,3.7005305e-05,7.3576045e-05,8.6519902e-05,3.0123446e-05,2.606223e-05,-0.00027491819,-0.00012083993,-8.1738252e-06,-6.0708702e-05,0.00015999372,0.00012090925,0.00010750477,-8.4525638e-06,-0.00054681598,0.00071811406,0.00017620256,-0.00023180212,0.00023955518,-0.00036597721,0.00010030923,0.00013260482,-0.00036509402,-5.3315749e-05,-0.00084412041,0.00022700609,0.00072722632,0.0063694169,-6.4012854e-05,-0.0003148179,-0.00024202023,7.5101867e-05,0.00012387994,0.0013247016,0.00032110289,-5.1360807e-05,4.9928148e-05,-0.00024593005,1.5746961e-05,-0.00042137702,1.3259469e-05,0.00013957627,-0.00013695319,0.00027100295,-2.0464977e-05,-9.6521712e-06,-4.4590139e-05
"53",-1.7006727e-05,-0.00061514945,-0.00059049599,0.00036771223,-4.3444694e-05,2.5292634e-05,4.8822063e-05,-3.3258083e-05,1.8433802e-05,8.6528202e-06,-1.1321073e-05,9.2573924e-06,1.7430549e-05,0.00058357501,-0.000967508,0.00022210428,-0.00026425425,-1.4479025e-05,-1.8424333e-05,-0.00013913349,8.7368404e-05,0.00010638158,-1.9137005e-05,9.0816917e-06,-8.9640985e-05,9.6688003e-05,-0.00042040817,1.9697552e-05,-0.00027216881,4.3622606e-05,5.5572244e-07,5.3926079e-06,-1.6697128e-05,6.6904676e-05,-7.4881822e-05,1.7102421e-05,0.00012483905,1.546885e-05,-6.9491475e-05,3.7647285e-06,-1.3176143e-06,1.2876269e-05,2.8540456e-05,0.00022292323,-7.3618456e-05,-0.00013302227,1.6444923e-05,-1.4464617e-05,0.00013850474,-8.3500312e-05,0.00050285646,-7.3253946e-05,0.00051257361,-8.0924222e-05,-7.7854167e-06,-5.820097e-05,-7.597595e-05,-0.00010660292,9.1601753e-05,-4.3893708e-05,-0.00021267865,-1.0648799e-05,0.00015888657,-1.8586514e-05,3.6140689e-06,-0.00041777335,-5.3503497e-05,3.5201491e-05,-6.1929864e-05,9.8211381e-06,2.0541559e-06,-1.245552e-05,5.1245116e-06,-0.00016334766,0.000122552,-0.00021247574,-1.0017479e-07,-0.00012110183,2.9392695e-05,1.4312561e-05,-6.5983457e-06,6.4543668e-05,7.0439611e-05,6.936131e-05,-1.3780923e-05,0.00018580599,9.026415e-05,-7.4830712e-05,2.0099027e-06,-6.5769375e-07,0.00147071,-0.0029926956,0.00073022978,0.00042750585,-0.00013633394,0.0004377336,0.00035852016,-0.00025705846,-6.0073905e-05,-1.9684235e-05,0.00070128865,-0.00037346432,0.00018928207,8.6572418e-05,0.00052220132,-0.0001738705,-0.00020236031,-0.00023276799,-0.00036067933,5.7717617e-05,-0.0006004537,-0.00014719878,-0.00092760931,-0.00040777022,0.0006460503,-0.00032383791,3.2651411e-05,-0.00026232775,0.00031194054,-0.00030729679,0.00010361196,-6.1955305e-05,-0.00046459254
"54",0.00044851425,-2.7920833e-05,0.00065779401,0.00013598071,-4.5264679e-05,2.0705531e-05,-6.990356e-05,0.00010182531,-1.0922691e-05,-2.8545947e-07,-8.1988776e-06,-1.6477568e-06,-3.1320658e-05,0.00021629674,-0.00058119656,5.3023146e-05,2.444353e-06,0.00015627505,5.7858428e-05,0.00010233041,-6.4967479e-05,-0.00012501141,-2.1564942e-05,1.9114722e-06,9.876639e-05,8.4777943e-05,0.00028107236,0.00011626156,5.0256341e-05,-0.00031493971,-0.00013090251,1.0543105e-05,1.7486656e-05,4.8535431e-05,-1.4687044e-05,-6.1259511e-05,-5.0166246e-05,-2.8370624e-05,-0.00025992603,-2.6774023e-06,1.3684564e-05,-0.00027309858,-7.6326384e-05,-0.00015798649,9.6430937e-05,0.00021339179,4.4604688e-05,3.9527051e-07,-0.00014156824,-2.7808937e-05,-0.00068070397,-0.0003228154,-8.0924222e-05,0.00053158237,0.00027250095,1.4130598e-05,2.8104141e-05,-6.6275048e-05,7.9580017e-05,0.00011295566,0.00013696908,6.5965774e-05,0.00040772206,3.3396861e-05,-2.6114736e-05,-0.00029758764,3.3378327e-05,-6.6919449e-06,2.8978372e-05,-5.1954997e-05,-6.796942e-05,-1.5893573e-05,1.5291071e-06,-4.2120582e-05,0.00010595207,-2.4949276e-06,4.0898627e-05,2.4671258e-05,-0.00010669515,-6.105745e-05,4.0989087e-06,6.875377e-05,5.9117078e-05,7.621349e-05,-2.3045773e-05,4.6308659e-05,3.3958539e-05,-0.00013130171,9.7645517e-06,7.3307792e-06,0.00082275774,-0.001772433,0.00017426857,-0.00011667145,-3.4089487e-05,-6.288041e-05,0.0003870906,0.00018358462,-3.4907344e-06,-1.6455071e-06,9.8991077e-05,-0.0002003292,-0.00063312851,-0.00031064393,-8.9805216e-05,0.00044838963,0.00016270151,-4.4835446e-05,-0.00028508756,-6.9077607e-05,-0.0003720619,9.0500092e-05,-0.00021305773,-0.00018749077,0.00076119634,-0.00012049669,-1.0010776e-05,-0.0001537022,0.00018404727,-0.0002680572,6.7251387e-05,-1.2629419e-05,-0.0001048364
"55",0.00012940189,-0.0013883879,0.0013632887,0.00038573001,-3.0008311e-05,6.3192756e-05,-0.00039242326,-6.8824735e-05,-7.9489973e-05,-9.6374708e-06,-1.7291734e-05,1.442694e-06,-1.5598369e-05,0.00057390107,-0.0013408716,8.3749378e-05,0.00018423411,0.00012460525,-0.00029917945,0.0001725202,0.00026723577,0.0002666967,-6.811698e-05,1.1310585e-05,0.00014829524,-0.0001032817,-0.00047604822,-6.6588672e-06,8.404036e-06,-0.00012322233,-0.0017901865,4.9706952e-05,6.9481316e-05,-0.00019127663,-3.0615183e-05,7.4742414e-05,5.2268917e-05,0.00011409574,0.00052774829,1.2806801e-05,4.8341427e-05,-0.00020673773,0.00042315368,-0.00028186084,-0.00040861701,-0.00025615365,0.00014620983,-1.428805e-05,-0.00013986364,0.00026373582,0.00075427193,-0.00013926193,-7.7854167e-06,0.00027250095,0.0030832644,-2.8905453e-05,-6.8643684e-05,0.00042858436,4.187344e-05,-0.00014832989,-0.00013028935,-0.00017632378,-0.00079443045,-6.6587673e-05,-7.857158e-05,-0.00076662704,-2.1930312e-05,-3.8219571e-05,0.00015695613,9.572211e-05,7.550039e-05,-4.9052185e-05,4.8529843e-06,-0.00014383035,1.7158033e-05,-0.000290164,1.550059e-07,1.8816387e-05,-3.6384696e-05,-0.00077418182,-5.1563533e-05,0.00020458232,-6.2529102e-06,0.00024531102,1.5318348e-05,0.00016053624,0.00016981013,0.00017993571,5.0653839e-05,2.1794097e-05,0.0020846345,-0.0030460998,3.6518859e-05,0.00018235352,0.00013540315,-0.00019796494,-2.7607171e-05,-0.00028192512,6.4832278e-05,-1.6805382e-05,0.00055312384,0.00018208743,0.00052813082,-4.9624307e-05,-9.4280058e-05,9.4176986e-05,0.0028678343,0.00016017859,-0.0008017855,0.00022348715,-0.0010454826,-0.00019446872,-0.00086802945,-0.00066752558,-0.00026520951,-0.00026747063,-4.5867942e-05,-0.00050162687,0.00054201332,-0.00043295781,0.00014883014,-9.8684121e-06,-5.0499463e-05
"56",-0.00063592387,-7.7530567e-05,0.00084703697,-0.00020824963,3.889118e-05,-3.013165e-07,-0.00027634254,-0.00014272936,-3.9500751e-05,7.6342093e-06,-2.6662283e-05,-1.2436283e-05,2.6854169e-05,0.0010962197,-0.0018499696,0.00041193202,-0.0017094775,-6.2921816e-05,-0.00011463582,-4.2756099e-05,-1.4770841e-05,-0.00015240076,-2.4969642e-05,3.8232716e-06,2.2219535e-05,-9.1377688e-05,-0.00042295073,-2.2040506e-05,2.6965784e-06,1.8911245e-05,-1.657409e-05,-0.0018384389,-0.0010139664,8.3608235e-06,-0.00015913294,1.7634796e-05,-8.2796885e-06,2.7154816e-05,0.0002028553,8.9678341e-05,-1.7264084e-07,0.00011319382,0.00030509964,-2.1952431e-07,8.7597962e-05,0.00017920482,2.5751463e-05,-1.2986818e-05,-4.0757363e-05,2.1735227e-05,0.00067278599,4.9349928e-05,-5.820097e-05,1.4130598e-05,-2.8905453e-05,0.003519964,0.0018740822,2.5095202e-05,0.00011104338,-0.00020001636,-0.00010533723,1.3317865e-05,-0.00021887004,-0.00026214307,7.6561053e-06,0.0001214029,1.9806431e-05,-2.5474542e-05,-0.00010629706,-4.7732211e-05,-3.3366453e-05,1.3570725e-05,-2.1889763e-06,4.508251e-05,5.685068e-05,3.7489079e-05,8.4819902e-06,2.0108615e-05,-4.3128717e-06,-5.643084e-05,-0.0007404914,-0.00045936019,9.4462443e-06,-0.00013762738,-4.7855122e-05,-3.9914228e-05,-9.8178146e-05,0.00014626267,8.5246081e-05,4.8116394e-06,-0.00068961482,0.0024833108,-0.00046517465,-0.00015524085,0.0002236323,-8.8321391e-05,-4.8674067e-05,0.00032956286,-7.4749035e-06,-6.967438e-06,-0.00035564453,-0.00015801582,0.00064713031,9.4716946e-05,-0.00012604225,4.9298462e-05,9.949286e-05,0.0032971762,0.0020170414,-0.00029898692,0.0005967384,-2.4076601e-05,0.00048381898,0.00036864865,-0.0007933283,-5.6436281e-06,-2.2013181e-05,0.00019141674,-0.00024214052,0.00043639122,-2.2769498e-05,4.9344111e-05,0.0002973097
"57",0.00096564677,0.00099876882,0.0018077519,0.00012276669,-5.0398297e-05,-7.1931129e-05,-0.00031974507,0.00018263806,6.3513043e-06,3.6933317e-05,-1.9154857e-05,-5.0830135e-05,-2.4366645e-05,0.00087724873,-0.001690868,0.00031549931,-0.0013236745,9.3188079e-05,-2.2309824e-05,-0.00017261579,-0.00014544045,-0.00022977904,-1.1983761e-05,1.0432178e-05,-8.7986213e-05,3.7316149e-06,0.00010472923,5.4088668e-05,-5.5219721e-06,3.5353853e-05,0.00010319158,-0.001028459,-0.0017177401,0.00011379422,-4.9711416e-05,2.1311455e-05,0.00016152724,8.7136695e-05,8.4368864e-05,-3.4373617e-05,6.6676851e-06,-0.00020076927,2.5088446e-05,0.00010973394,0.00010421961,0.0001754679,1.2812138e-05,-1.2426567e-05,3.5762965e-05,2.8444304e-05,-0.00029560872,-7.6586827e-05,-7.597595e-05,2.8104141e-05,-6.8643684e-05,0.0018740822,0.0032117409,-0.00020656563,0.00020834631,-1.7412884e-05,-0.00026444483,-3.9083164e-05,-0.00021504757,0.00013367805,-1.9728167e-05,0.00011363371,6.3251067e-05,2.9043091e-05,-9.4601338e-05,-0.0001156958,-8.509934e-05,1.2163212e-05,-2.6528652e-06,2.770621e-05,-1.8740342e-05,0.00017217751,6.7201101e-05,-7.1940834e-06,1.5866839e-05,7.540756e-05,-0.0004328524,-0.00078765161,5.5798898e-05,-8.7249714e-05,4.5289891e-05,6.4371724e-05,-5.4196473e-05,7.6301054e-05,2.068144e-05,9.3087712e-06,-0.00021556087,0.00064808501,-5.8087146e-06,-0.00027566415,3.4637695e-06,0.0001644079,0.00026107627,0.00034197115,-4.4497027e-05,-1.5369661e-06,-0.0001994704,-0.00025065301,-0.00013439702,-0.00013563843,-6.517089e-05,-9.6994385e-06,-0.00025695874,0.0018096754,0.0031970526,-0.00040114452,0.00037397335,-0.00013013932,-2.048383e-05,0.00012099087,-0.00043439758,0.00013486587,-2.4779107e-05,0.0001104733,-0.00011471383,-5.9306819e-05,-1.5757755e-05,1.2017167e-05,7.8871732e-05
"58",-0.0012958361,0.0015142009,-0.00019436821,-0.0013480175,0.00024991142,-0.00012169669,-0.00020097736,-0.00014733487,3.116473e-05,-2.4753051e-05,-3.9478698e-05,6.2467071e-05,-0.00011511472,0.0020216822,-0.0038112441,0.0012158818,-0.0064045521,0.00015305903,4.7366991e-05,6.5280139e-05,-4.0101288e-05,-2.3373235e-05,-5.7349352e-05,7.3480708e-06,0.00011557227,-0.00021829613,0.00034833894,-0.00069443844,6.3823585e-05,6.0585893e-05,-0.00016284811,1.5869189e-05,0.00014441108,-0.0026047413,0.00013418311,3.717261e-06,-0.00013226975,-9.6856438e-05,-0.00013786008,-1.9175396e-06,5.1319306e-05,-0.00033865724,-0.00013353575,-0.00013648953,5.5469343e-05,0.00020961923,8.7192931e-05,-1.7244444e-05,-0.00011255033,0.00022437905,-0.00059117298,0.0014056621,-0.00010660292,-6.6275048e-05,0.00042858436,2.5095202e-05,-0.00020656563,0.0049053988,-0.00030142052,3.9288002e-05,0.00024764959,0.00016432386,0.00018586036,3.1658282e-05,-9.6905563e-05,0.0018954783,0.00039469991,-0.00011899417,1.7839386e-06,8.3076983e-05,0.00016069113,-4.6394618e-05,4.1261943e-06,0.00040080623,-0.00025677983,0.00041271866,-7.0728966e-05,-3.117437e-05,-3.4124233e-05,-0.00010942994,0.00012357737,-0.00019687712,-0.0014048627,-0.00040705294,-1.2915689e-05,-0.00055604291,-0.00038589393,0.00018991366,-8.5287264e-05,2.8834814e-05,-0.0059957218,0.012321448,-0.002066051,-0.0018763472,0.00049125821,-0.00085970916,-0.0018160451,0.00029420165,0.00046756941,-4.901115e-06,-0.002138715,0.0010300187,0.00054087669,0.00057794732,-8.1824627e-05,0.00029330881,0.0009317291,0.00011915375,0.00094710677,0.0041338394,0.0026595532,0.00049392194,0.0030764206,0.0018571946,-0.0020102803,0.0012771097,-0.00021419843,0.0010922302,-0.0013316703,0.0014901933,-0.00046739953,0.00015308322,0.0014050711
"59",0.00090142457,-0.00098961206,-0.00020219283,0.00060071479,-0.00013511986,8.4185634e-05,2.19646e-05,0.00013168638,-1.5334122e-05,4.2456896e-05,4.4947947e-05,3.946046e-06,1.9199987e-05,0.00084012163,-0.0014306156,0.00036328616,-0.00015267846,-9.567245e-05,5.6035094e-05,-0.00027689263,-4.8304265e-05,-0.0002366412,1.7551933e-05,-8.7244593e-07,-0.00025835201,4.7814745e-05,-0.00074070199,-2.0426057e-06,-6.1243878e-05,-3.5943444e-05,-2.4378735e-05,-0.0001106996,-0.00012802417,0.00013739476,-0.0018988542,-0.00056752352,0.00048134575,7.8569475e-05,5.108765e-05,-1.570382e-05,-4.3176835e-06,0.00015330562,-2.9816761e-06,0.00038014576,4.4340614e-05,0.00034800696,1.4242405e-05,2.4559755e-06,0.00059235807,-0.00018100881,0.0014202758,-7.6166159e-05,9.1601753e-05,7.9580017e-05,4.187344e-05,0.00011104338,0.00020834631,-0.00030142052,0.0033822449,0.0010264259,-0.00085507282,-0.00010436791,-0.00014560895,0.00011208963,-4.0937274e-07,-0.00062586187,-0.0001309467,0.00011381127,-0.00019266177,-0.00014558707,-0.00026216002,1.0779795e-05,2.3179368e-06,-0.00035940772,0.0001488666,-0.00012305634,-7.2759522e-05,4.1419924e-06,1.4902115e-06,6.1713138e-05,-0.00012533823,4.6043533e-05,0.0001031338,-0.00075046973,-0.00023541948,0.00032906684,0.00013398278,-0.00014476086,-3.1125438e-06,-1.0179903e-06,0.00198846,-0.0051231448,0.00032121502,0.0006110525,-0.0003902036,0.00079700224,0.00086642657,0.00058425169,-0.00022576664,5.1119838e-06,0.0014490785,-0.00051707091,0.00028119764,0.00033767744,3.9996997e-05,-8.1933448e-05,-0.00039986602,0.00030584058,-0.00036252654,-4.1552453e-05,0.0021635184,0.00085518974,-0.0017555085,-0.00068027659,0.0010482591,-0.00026043107,4.9458454e-05,-0.00051713263,0.00061480912,-0.00076633089,0.00016876372,-3.8362538e-05,-0.00027457066
"60",0.00087823339,0.00080731451,-0.0013014356,-1.5619749e-05,-7.4130383e-05,-6.110799e-05,0.00059233831,0.0001140768,8.7276052e-05,5.6640981e-07,-2.3441557e-05,-0.00010680742,-4.5981639e-05,0.00013796575,-0.00028569987,0.00019812067,-0.00016985851,-5.0075929e-05,0.00020376519,2.0478374e-05,-9.6509405e-05,9.7208979e-05,4.6154439e-05,1.231295e-05,7.4917163e-05,-0.00017966392,0.00021820023,-0.00011516439,1.6887452e-05,-5.7416215e-05,0.00011677592,5.1068863e-05,5.6538854e-05,-1.3846981e-05,-0.00056202588,-0.0017508696,-0.00013889432,0.00014909906,-0.00011270295,-6.4966211e-05,8.025442e-06,-3.5005367e-05,-0.00044218736,-1.9832846e-05,2.0291926e-05,-0.00032423209,-5.0888648e-05,-2.0513876e-05,-7.4441672e-06,0.00023421549,-0.00050765791,0.00011948764,-4.3893708e-05,0.00011295566,-0.00014832989,-0.00020001636,-1.7412884e-05,3.9288002e-05,0.0010264259,0.0035724803,0.00021326833,-0.00038154492,9.679733e-05,0.00019350058,-2.2897343e-05,-6.1522845e-05,-2.0926991e-05,0.00012531056,-2.4399463e-05,-9.0012686e-05,6.744291e-05,-2.234743e-06,2.5375977e-06,1.0654685e-05,-7.8565981e-05,3.4333515e-05,-7.1566994e-05,8.2676743e-06,-2.0891486e-05,0.0001017111,-2.1225314e-05,9.4770716e-05,-5.7122865e-05,-0.00021129312,-0.00074042501,-4.6218934e-05,0.00012146867,-0.00016313951,8.1240854e-07,4.0039428e-06,0.0010970297,-0.0030789737,0.0012556839,0.00042770062,-0.00044483304,0.00038366714,0.00062343783,-0.0006819545,-9.8187677e-05,-1.1195502e-05,0.00028834109,0.00014932844,-0.00079537635,0.00023318396,-2.4074811e-05,6.1798598e-05,-0.00045531995,-0.00060548281,-0.00035302844,0.00062406835,0.00033797188,0.0031793436,-0.00038038759,-0.00086341118,0.00084437694,-0.00014888979,1.7134301e-05,-6.1187238e-05,0.00014053563,-0.00046280244,7.2735343e-06,-0.00010530764,-0.00069742031
"61",0.00054468016,0.0011129632,0.00083769281,-0.00038053298,1.4884358e-06,7.0660217e-06,4.6624409e-05,0.00020525017,9.1514249e-07,6.8151575e-06,6.9214677e-06,-2.8858541e-05,7.9046788e-05,7.6881542e-05,-0.00023545469,-6.2675256e-05,-0.00024946112,8.8391185e-05,-6.1390103e-05,0.00050684249,-0.00023369118,6.7527435e-05,-9.0776601e-05,7.8930095e-06,0.0001961663,-0.00013695288,0.00061374076,2.1480402e-05,0.0001309062,-7.7224008e-05,7.3142722e-05,-3.1629563e-05,0.00011957746,-0.00012420909,0.00052066723,-0.00017746103,-0.002984827,-0.00047573584,2.6158228e-05,-1.6957581e-05,1.3959069e-05,-0.000281282,8.8081421e-05,-0.00074898656,0.0002831813,-0.00011331,0.00013688615,-9.4569241e-07,-0.0005463757,0.00012565179,-0.0010117257,-0.00012233556,-0.00021267865,0.00013696908,-0.00013028935,-0.00010533723,-0.00026444483,0.00024764959,-0.00085507282,0.00021326833,0.005215016,0.00093183659,-6.9608686e-05,-6.0404934e-05,-2.6335231e-05,0.00023929294,1.449197e-05,8.2730343e-06,0.00023480925,-9.3440875e-05,0.00010021932,-1.9236404e-05,-6.6310854e-06,0.00022319473,3.2446095e-06,0.00024404901,8.2659518e-05,7.2051641e-05,-5.3889414e-05,-1.733451e-05,3.4702652e-05,5.6564594e-05,-4.3338248e-05,0.00015408007,-5.8842556e-05,-0.0012291917,-0.00025407029,9.4175209e-05,3.5781336e-05,9.0219256e-06,-0.00090977316,0.00046957929,-0.00035418913,-0.00030802429,6.0748843e-05,-0.00093639822,0.00024656631,-0.00020289725,0.00014730108,1.2877279e-05,-0.0010449408,0.00037170402,-0.00087342261,-0.00045874385,-0.00024467839,0.00021987399,1.1465678e-05,0.00015340437,-1.677369e-05,0.00012568196,-0.00052104212,0.00018960943,0.0051929362,0.0010273521,-0.00031684106,1.2114497e-05,-5.1135134e-05,0.0002731555,-0.00025439271,4.1083485e-05,-5.4182915e-05,2.5131284e-05,0.00016112314
"62",-3.4415449e-05,-0.001557665,0.00099478593,0.00054879758,-0.00010690194,9.1317462e-05,-0.00033577966,-5.0904316e-05,-4.3698914e-05,2.4248798e-05,3.5815031e-05,-5.7104152e-05,-8.4423692e-05,0.00060786375,-0.0011898222,0.00023173424,-0.00052540253,2.9865368e-06,-0.00026347931,0.00015333105,6.0565546e-05,-4.7195223e-05,-7.8852621e-05,1.4324748e-06,7.6712011e-05,0.00030933025,8.8012982e-06,0.00013592434,2.6884859e-05,-4.4470973e-05,8.243139e-05,3.072773e-05,-1.4422717e-05,-7.6188734e-05,2.8373111e-05,9.6712487e-05,-0.00057918365,-0.0017536591,0.00024374473,9.2552506e-05,-2.4752502e-05,1.4960297e-05,0.00045220876,-0.0002688066,-4.2458679e-06,3.0550272e-06,0.00020540999,-1.6303015e-05,6.302437e-05,-0.00041260889,-7.5329882e-05,-0.00030006694,-1.0648799e-05,6.5965774e-05,-0.00017632378,1.3317865e-05,-3.9083164e-05,0.00016432386,-0.00010436791,-0.00038154492,0.00093183659,0.0032420636,-0.00040152674,-0.00017721037,4.9288129e-05,-0.0012414086,-0.00021827137,-2.495529e-05,5.0939345e-05,-1.5238541e-05,-0.0002355308,-5.8101833e-05,1.3362636e-06,-0.00041459065,0.0002666414,-4.9020981e-05,0.00011417432,6.8010653e-05,2.7371642e-05,7.9621117e-05,-9.8696873e-05,0.00016411391,4.1365863e-05,0.00025232442,2.8581602e-05,5.6620607e-05,-0.00059222111,2.010986e-05,5.1750784e-05,-1.3124894e-05,0.0034457543,-0.0048367132,0.0015399428,0.0010561327,0.00019316543,0.00022340175,0.00078067026,-1.775517e-05,0.00013348543,-3.0746746e-05,0.0014326521,-0.0009674835,-0.00029866526,-0.0001155262,-6.8530091e-05,-0.00012939965,-0.00051474903,-0.00035330525,-0.00060972408,0.00057501904,-0.0012765916,-0.0005581462,-0.00048632278,0.0023272021,0.00052965131,-0.00071461639,0.00011657768,-0.00059553693,0.0006381106,-0.00051929604,0.00027108763,-0.00014433774,-0.00062397839
"63",0.00036876807,0.00068341795,-0.002230636,4.1284709e-05,-3.3225405e-05,-5.8271479e-05,0.00065717813,-2.6652031e-05,2.0824422e-05,2.0748702e-06,-2.1447209e-05,5.5816773e-05,-9.3321481e-05,0.0017692744,-0.0030125567,0.0009304117,-0.002865145,9.6295822e-05,-4.4757475e-05,-0.00091237039,-6.4907431e-05,0.00022950438,0.00010388944,6.1523644e-06,-0.00019667913,-1.7275929e-05,0.00065878731,-0.00029179475,-9.2828571e-05,-0.00026880454,0.00050169237,0.00012313251,0.00014607032,-0.00014065239,4.340218e-05,-5.3269115e-05,0.00010301955,0.00016879841,-0.0027068277,-1.95993e-05,-7.0264039e-07,-0.00023360951,0.00020930009,0.0015467015,0.00014358844,-0.00033175204,-0.00020697223,-5.6360786e-06,0.00036368876,0.00026758292,-0.0013212319,0.00054927975,0.00015888657,0.00040772206,-0.00079443045,-0.00021887004,-0.00021504757,0.00018586036,-0.00014560895,9.679733e-05,-6.9608686e-05,-0.00040152674,0.0046522007,5.7120795e-05,3.8590253e-06,0.0001729439,9.1924438e-06,-3.7520043e-05,-0.0005385957,2.8479216e-05,0.00016603084,2.8270975e-06,8.2498387e-06,-7.2259957e-05,-7.2708946e-05,0.00025466039,-2.4458727e-05,-4.2631036e-05,-9.6152891e-05,0.00026110682,0.00012985457,3.1255836e-05,-5.6438683e-05,-8.344343e-05,-6.2395085e-05,4.8717126e-05,0.0001201214,-0.0012154971,-4.0964815e-05,-6.0304327e-06,-0.00029158027,-0.0012912728,4.668839e-05,-0.00027773752,0.0003001983,0.0016155253,0.00022541662,-0.00030057172,-0.00016054612,-1.0274221e-05,0.00020708818,0.00027771558,-0.0014791379,0.00035198018,0.0001863462,0.00041033965,-0.00090163172,-0.00055668207,-0.00044201869,0.0003414749,-5.0019809e-05,0.0002226817,-0.00017939919,-0.00054525943,0.0047787496,-3.4855651e-05,8.7289406e-06,7.1774029e-05,-4.592762e-05,-0.00010541177,-8.1869673e-06,1.7221261e-06,-0.00024742484
"64",0.0007679609,0.00073772357,7.9549491e-05,-3.4984415e-05,-4.8454844e-05,-3.1129838e-05,0.00010421302,0.00014651899,-6.9400587e-06,1.4510687e-05,-7.4463019e-06,3.1242825e-05,1.1315448e-05,-4.7617778e-05,-0.000127263,7.5003446e-05,-3.3037739e-05,-4.0395034e-05,6.6522076e-05,-5.8108657e-05,-0.00014906227,6.0248348e-05,1.5445557e-05,2.2028271e-06,5.9219967e-05,-2.9930741e-05,0.00041688367,0.00020679811,1.3733606e-05,-5.1163197e-06,4.1656759e-05,0.00010441573,-2.6362552e-05,-7.9716287e-06,2.5985988e-05,-8.6237591e-05,-9.9971425e-06,0.00013314776,-7.6651157e-05,-0.00030194452,3.5147677e-06,7.5157871e-05,-0.00013456915,9.4245881e-05,0.00015679548,-0.00011729045,-1.4077582e-05,-3.7045687e-06,-0.00011218574,7.2803562e-06,-0.00088625545,-0.00044237529,-1.8586514e-05,3.3396861e-05,-6.6587673e-05,-0.00026214307,0.00013367805,3.1658282e-05,0.00011208963,0.00019350058,-6.0404934e-05,-0.00017721037,5.7120795e-05,0.00076869723,-1.4080568e-05,0.00019780206,5.155585e-06,3.4103664e-05,-4.6704944e-05,-6.6234529e-05,4.0457481e-05,-1.046398e-05,1.3797383e-06,4.9492899e-05,7.1734951e-06,0.00018128016,0.00017269683,-1.5326499e-05,-5.2559195e-06,4.8243867e-05,9.4095482e-05,-1.942769e-05,-4.2653412e-05,-1.4407628e-05,2.6235634e-05,1.4269418e-05,2.9557154e-05,-5.4424139e-05,-0.00020789808,3.5168609e-06,-0.00041003992,-0.00079041806,-0.00036644515,-8.3821315e-06,-0.00013427793,7.394193e-05,0.00028443177,-9.8364528e-05,-1.0200497e-05,-3.4872398e-06,-0.00010529166,5.6765389e-05,-0.00091931078,-0.00061807447,-1.2627344e-05,1.70429e-05,-6.405274e-05,-5.4548597e-05,6.4903837e-05,4.2423849e-05,6.2737719e-05,0.00016509132,-7.491191e-05,-0.00018820035,0.00019215327,0.00084170453,-1.1235172e-05,5.5740811e-05,-2.7923847e-05,-0.00017754562,-2.7308115e-05,3.3193382e-05,4.7200332e-05
"65",1.5782237e-05,-0.00033501185,-2.39083e-05,0.00012320538,-2.4944765e-05,2.695374e-05,-6.0036273e-06,-1.9058568e-05,-5.9140133e-06,-8.7880471e-07,8.3675809e-06,-6.3306441e-06,-1.1998254e-06,4.5484448e-05,-4.1712771e-05,-2.1827364e-05,0.000273679,-1.3607e-05,-2.6084368e-05,3.7810693e-06,1.7087928e-05,6.840613e-06,-4.2326481e-06,-1.429246e-07,-8.6024676e-06,4.9572776e-05,-7.9640211e-05,-7.2491741e-06,-2.3289337e-06,1.099617e-05,4.048617e-05,-1.8129463e-06,5.3842887e-06,5.228078e-05,-1.5300827e-05,5.8374121e-06,7.5933197e-06,-3.5876946e-05,1.1031606e-05,2.2995028e-06,-2.2725087e-05,2.6470645e-05,4.8336874e-05,-1.4204339e-06,-1.1937534e-05,-1.1650277e-05,8.2845101e-06,-8.6425111e-07,3.0313306e-05,-8.8456505e-05,0.00012058187,1.4095574e-05,3.6140689e-06,-2.6114736e-05,-7.857158e-05,7.6561053e-06,-1.9728167e-05,-9.6905563e-05,-4.0937274e-07,-2.2897343e-05,-2.6335231e-05,4.9288129e-05,3.8590253e-06,-1.4080568e-05,3.9954338e-05,-0.00022288393,-4.0884689e-05,2.5763273e-06,2.772822e-06,6.3407819e-06,-1.080965e-05,9.4036765e-07,-4.3853367e-07,-6.3003328e-05,5.1623607e-05,-4.2543899e-05,-2.3050241e-05,7.3939641e-06,1.4708097e-05,2.2730856e-05,-9.2741324e-06,3.829715e-05,5.1141832e-05,4.6618621e-05,-1.6884723e-06,6.4491342e-05,1.342017e-05,-2.285265e-05,7.7593029e-06,-1.1641007e-05,0.00066016458,-0.0012737461,0.00022953247,0.00020737974,-7.862957e-07,7.6046001e-05,0.00015915681,-5.0313753e-05,-3.1885958e-05,-1.0347449e-06,0.00027555696,-0.00018098414,-2.8861429e-06,7.914323e-05,-5.5153193e-06,-6.844034e-05,-0.00013685885,-2.7813338e-05,-0.0001681675,-4.6614e-05,-0.00029208901,-4.6172648e-05,-0.00034456045,-9.0797498e-05,0.00022285988,-0.00013930939,5.1627543e-05,-0.00012734532,0.00015042395,-0.00013772776,5.6646442e-05,-1.8714223e-05,-0.00013396088
"66",-0.0033473073,0.0090996028,0.0023164861,-0.0093768095,0.00099425805,-0.00082200593,-0.001647865,1.9891075e-05,0.00023291562,-3.3781004e-05,-0.00016850252,-0.00024078069,-0.00070645647,-0.0013943813,0.0019653594,0.0027396133,-0.025096468,-0.00012871973,0.0010528121,0.00033252276,-0.00025168275,5.204025e-05,0.00016463609,-4.3356168e-05,0.00048845621,-0.0015646849,0.0025491787,0.00010178607,0.0002112252,0.00028165919,0.00062280856,-0.00023367278,0.0001232327,-0.0009133148,0.00070138144,2.8102788e-05,-0.00017955749,0.00095434695,-0.00022611869,-3.0650997e-05,9.5555672e-05,-9.1417894e-05,-0.0016373526,-0.00088096345,0.0002419871,0.00024252633,-0.00034716182,6.7059154e-05,-0.00077527995,0.0019481886,-0.0044960587,0.00026515853,-0.00041777335,-0.00029758764,-0.00076662704,0.0001214029,0.00011363371,0.0018954783,-0.00062586187,-6.1522845e-05,0.00023929294,-0.0012414086,0.0001729439,0.00019780206,-0.00022288393,0.020386185,0.0027639112,-0.0013569848,0.00031001096,0.00063353281,0.0016969102,-9.7635287e-05,-1.9545683e-05,0.0054314479,-0.0033084062,0.0025731781,0.0014691044,-0.00034546592,-0.00064894158,3.7633064e-05,0.00090710298,-0.0032551273,-0.0028079667,-0.0045826162,0.00052608352,-0.0056529655,-0.0027497542,0.0020954351,-0.00064036234,7.1475319e-05,-0.060152567,0.11985926,-0.026872734,-0.016008794,0.0040465116,-0.0099757392,-0.017596345,0.0043352954,0.0033537703,0.00021680794,-0.021778924,0.010365427,0.0077335322,-0.0065910961,-0.00090266458,0.003474032,0.005518012,0.0062822476,0.012941078,-0.0035096026,0.026794616,0.0021454959,0.028821268,0.01373389,-0.021434229,0.012645994,-0.0014763888,0.0093688964,-0.010912856,0.011875752,-0.0050108838,0.0020988158,0.016234414
"67",-0.00040004687,0.0013336905,0.00053550521,-0.0012818316,0.00011151206,-0.00012607961,-0.00029373242,5.2206327e-05,1.9679763e-05,-4.1275716e-05,-2.847927e-05,-5.4693399e-07,-6.2920806e-05,-0.00023672815,0.00029409422,0.00019338605,-0.0030023832,0.00030207029,7.93019e-05,0.00011899773,-4.4391692e-05,-1.3763447e-05,1.1063009e-05,-8.2935064e-08,8.2869924e-05,-0.00024609712,0.00038147244,1.0758336e-05,9.9966317e-06,-1.94232e-06,1.4040047e-05,-2.2357116e-05,2.4889633e-05,-0.00020695793,0.00016093165,1.4824834e-05,2.1633306e-05,0.00019762162,-3.0600476e-05,-1.9535571e-06,2.0143953e-05,-0.00040697027,-0.00015180147,-0.00020467038,2.4294971e-05,8.9504002e-05,-4.0693076e-05,4.9209597e-06,-0.00014013109,0.00019497266,-0.00078346489,2.0275189e-05,-5.3503497e-05,3.3378327e-05,-2.1930312e-05,1.9806431e-05,6.3251067e-05,0.00039469991,-0.0001309467,-2.0926991e-05,1.449197e-05,-0.00021827137,9.1924438e-06,5.155585e-06,-4.0884689e-05,0.0027639112,0.0013065221,-0.00030980883,0.00011601651,4.9174608e-05,0.00016804718,-1.8619304e-05,1.0272412e-05,0.00080258038,-0.00048290005,0.00038367643,8.6645954e-05,-6.1607577e-05,-0.00020058285,-8.4577647e-05,0.00015741296,-0.00044388844,-0.00062868751,-0.00052635322,6.4815686e-05,-0.00074072103,-0.00028052986,0.00012491247,-3.4078605e-05,2.2308576e-05,-0.0081534954,0.016234551,-0.003577772,-0.0038260563,0.00075881902,-0.0015561485,-0.0023111118,0.00071816905,0.00043052217,9.0948852e-06,-0.0031096377,0.0014544013,0.0008919378,-0.00066443253,-8.5157504e-05,0.00070219727,0.00091748024,0.00071400529,0.0017636899,-5.4047938e-05,0.0034115912,0.00030276911,0.0038865194,0.001620817,-0.0025790043,0.001593598,-0.00022551745,0.0012689761,-0.0014905814,0.0016091953,-0.0006821642,0.00027668356,0.0021338164
"68",0.00042367165,-0.00016806956,-0.00070256227,0.00066082197,-5.7122344e-05,3.449401e-05,0.00036636319,1.6876139e-05,-4.666582e-05,-9.031188e-06,-8.785291e-06,4.8255362e-05,8.2842485e-05,-0.00012933554,0.00013350624,-0.000693777,0.0028086548,-7.2823586e-05,0.00059528088,-7.5011611e-05,-4.2506848e-05,3.3994601e-05,3.7415972e-05,-1.2755956e-06,-5.2007066e-05,0.00010148081,5.2130487e-05,-1.4929128e-05,-2.0566123e-05,-2.6164886e-05,3.5660378e-05,-2.3019136e-05,-7.2129476e-05,4.6521689e-05,-8.2016023e-05,-7.5714233e-05,5.6119792e-05,-2.6557617e-06,2.4817779e-05,-1.0486171e-05,-2.5960668e-06,0.0001433925,-0.00071680215,0.00017047042,5.9887383e-05,-0.00010021272,-4.0571686e-05,9.1324845e-06,-5.9117129e-06,-6.5620081e-05,-3.1342161e-05,-2.3419098e-05,3.5201491e-05,-6.6919449e-06,-3.8219571e-05,-2.5474542e-05,2.9043091e-05,-0.00011899417,0.00011381127,0.00012531056,8.2730343e-06,-2.495529e-05,-3.7520043e-05,3.4103664e-05,2.5763273e-06,-0.0013569848,-0.00030980883,0.0016587375,7.6420931e-06,-7.1833366e-05,3.1396737e-06,9.1366713e-05,-5.1252538e-06,-0.00031859734,0.0002815943,0.00011214196,-1.623372e-05,-2.2419242e-06,-3.4968391e-05,-1.5031613e-05,-0.00010246916,6.7451472e-05,0.00014024526,0.00023126925,-0.0001317412,0.00043515791,0.00020720641,0.00011788052,5.6841756e-05,-3.4651888e-06,0.0041750092,-0.0091451835,0.0016976581,0.0014034098,-0.0030851874,0.00074680825,0.0014376437,-0.00048765331,-0.00045108372,1.4260504e-05,0.0014528867,-0.00081956018,-0.0012981009,0.00032197633,0.00012447798,-0.00016340444,-0.00040392621,-0.0002550225,-0.00070744109,0.00032591621,-0.0017260652,8.9565956e-05,-0.0021724097,-0.0010938487,0.0011322552,-0.00088345121,8.9718365e-05,-0.00063421362,0.00075442856,-0.00090126717,0.000346915,-0.00012659485,-0.0011746187
"69",-0.00047929638,-5.9079505e-05,-0.00012892313,-0.00034277874,2.2345598e-05,-9.7722709e-07,-5.2535962e-05,-6.0079072e-06,-7.6788878e-05,2.5157145e-05,5.0928604e-06,-7.3744351e-06,-8.1426289e-05,-0.00078490569,0.0010720018,-0.0015192391,0.0027215175,9.0184221e-05,-7.9395231e-06,0.0007923127,5.7124646e-06,-3.2120344e-05,1.7036747e-05,3.721976e-06,0.00019742254,-8.2788317e-05,-0.00012936313,-9.5235305e-05,4.607995e-05,-2.1732844e-05,-0.0001097076,6.7734898e-05,6.3987049e-05,-1.8873495e-05,7.6327119e-05,9.0951686e-06,-0.00017745807,2.3586921e-05,0.00042718711,1.7673061e-05,-3.7023726e-07,-8.3995122e-05,4.0072195e-05,-0.0010235972,8.469882e-06,-1.7332853e-05,-3.7078411e-05,2.7801501e-06,-0.0002789917,0.00012319707,-2.7079133e-05,0.00013241596,-6.1929864e-05,2.8978372e-05,0.00015695613,-0.00010629706,-9.4601338e-05,1.7839386e-06,-0.00019266177,-2.4399463e-05,0.00023480925,5.0939345e-05,-0.0005385957,-4.6704944e-05,2.772822e-06,0.00031001096,0.00011601651,7.6420931e-06,0.0016960728,9.9549534e-05,6.9943884e-05,5.5337187e-05,1.0646509e-05,0.0002387469,-0.0001718997,-8.5886835e-05,-0.00020116675,2.0645624e-05,-6.3043358e-05,-0.00010301524,0.00011633027,-3.7113886e-05,-2.5753465e-05,-9.3933802e-05,4.7757644e-05,-0.00024618812,-4.5642426e-05,0.00081919103,6.7883685e-06,-5.706592e-06,-0.0012261526,0.0019027034,-0.0008932615,-0.00055266997,8.5483299e-05,-0.0033540443,-0.00046715477,6.0199755e-05,-6.2081295e-05,-9.6377889e-06,-0.00074150712,0.00058277795,0.00030885993,0.00033473005,-0.00013874648,0.00013246886,0.00045521112,0.00019228819,0.00017257328,-0.00017087283,0.0003055453,-1.1844273e-05,0.00088044197,0.00032042168,-0.0018632556,0.0002194171,-1.4311066e-05,0.00019826945,-0.00022319563,0.00029840617,-6.552829e-05,6.6848986e-05,0.00041541505
"70",-0.00059057502,-0.00022811541,-0.00011766248,-0.00021744196,3.2747998e-05,2.4625813e-05,-8.4282815e-05,-8.4852571e-05,-2.6070282e-05,1.482754e-05,5.6317677e-06,-5.5411312e-05,1.102326e-05,-9.18898e-05,0.00023591211,-0.0001102641,-0.00037221424,1.0235019e-05,-2.0385485e-06,7.5365876e-06,0.00069899564,0.0003164549,-1.3205847e-05,-1.0927851e-05,-0.00013278611,5.4462468e-05,-0.00025644704,0.00013267349,-3.0602553e-05,4.0907686e-05,-9.6902941e-05,4.1584675e-05,6.1343377e-05,-7.1683555e-05,6.6507601e-05,5.3940172e-05,9.0610581e-05,2.8852473e-06,3.3329334e-05,3.3373214e-05,-3.3167377e-06,1.3346132e-05,2.6806237e-07,-2.569275e-05,-0.00079119316,-0.00033401876,2.4541475e-05,7.3650211e-06,8.6385758e-05,-2.2868768e-05,0.00023075999,-9.3184085e-06,9.8211381e-06,-5.1954997e-05,9.572211e-05,-4.7732211e-05,-0.0001156958,8.3076983e-05,-0.00014558707,-9.0012686e-05,-9.3440875e-05,-1.5238541e-05,2.8479216e-05,-6.6234529e-05,6.3407819e-06,0.00063353281,4.9174608e-05,-7.1833366e-05,9.9549534e-05,0.0016401859,0.00080684067,-0.00011652002,-8.5821666e-06,0.00016072972,-9.8579106e-05,-5.5338697e-05,0.00020474196,-3.0022856e-05,3.5394615e-05,-0.00023901816,-5.9928197e-06,-0.00016255403,-0.00017714719,-0.00013149545,-7.1236873e-05,-0.0001626077,-2.6320744e-06,0.00024090236,4.8832422e-05,2.7212648e-06,-0.0019846273,0.0038511061,-0.0011692653,-0.0004561893,0.00021785281,-0.00053106842,-0.0034083361,-0.0010936767,0.00031730565,2.4329245e-05,-0.00060687275,0.00043693924,0.00080504536,-0.00030205342,-5.4203349e-05,-3.0305752e-05,0.00068407839,0.0003582477,0.00037041421,6.5031406e-05,0.00072013888,0.00015740365,0.00076393758,0.0003311085,-0.0009726933,0.00027969183,-3.6907636e-05,0.00026192667,-0.00031129323,0.00046484453,-0.00015348358,8.8795043e-05,0.00057798996
"71",3.4732142e-05,0.00081607451,-0.00014122055,-0.00074180179,3.4192057e-05,-5.0471586e-05,3.4283919e-05,5.2977112e-05,5.9788179e-06,-8.3030971e-06,-2.1400092e-05,2.5244497e-05,-6.6882709e-05,-0.00014757313,0.0001930344,0.00012695143,-0.0012888487,-4.8011231e-05,0.00015719727,-1.5697726e-05,0.00028492256,0.00087370385,-2.9596125e-05,-4.1993237e-06,4.9172663e-06,-9.7676453e-05,-0.00019473247,0.00012271875,-7.0267713e-06,6.1788035e-05,-7.6419242e-05,4.0688975e-05,0.00011390288,-0.00013671379,0.00027020039,-3.4610386e-05,-9.559834e-06,0.00012844447,-0.00015291391,-9.6776853e-06,-4.1501447e-08,4.5029979e-05,-0.00024157966,-6.2938361e-05,-0.00033177422,-0.0010633495,2.8777772e-05,8.0336686e-06,-6.396185e-05,0.00021228481,-0.00011972142,-0.0001306924,2.0541559e-06,-6.796942e-05,7.550039e-05,-3.3366453e-05,-8.509934e-05,0.00016069113,-0.00026216002,6.744291e-05,0.00010021932,-0.0002355308,0.00016603084,4.0457481e-05,-1.080965e-05,0.0016969102,0.00016804718,3.1396737e-06,6.9943884e-05,0.00080684067,0.0023570479,-0.00012862705,-9.7448916e-06,0.00043519836,-0.00031621423,-0.0008010163,0.00035806125,-4.7411761e-05,-7.3359162e-06,-0.00028988389,2.2674375e-05,-0.00027606092,-0.00024800689,-9.0345448e-05,-0.00017876809,-0.00055946328,-0.00025921124,7.9375271e-05,-5.5692875e-05,6.4704545e-06,-0.0048705988,0.0084779876,-0.0027003685,-0.001240165,-1.4105114e-05,-0.0009581304,-0.0026196052,-0.0035615372,0.00047526994,2.7599449e-05,-0.0016289633,0.0010818712,0.0022376464,-0.0008313169,-8.9819103e-05,0.00014235269,0.0010858887,0.00071325309,0.00079003257,-0.00034824875,0.0014099385,0.00069661787,0.0022796443,0.00097746731,-0.0014493369,0.0010160169,-0.00011143134,0.00075715789,-0.00082079268,0.00083585887,-0.00040793226,0.00020278123,0.0013716645
"72",-5.3000997e-05,2.8922573e-05,-0.00011969391,4.1382843e-05,-6.1750196e-06,-8.7234282e-06,3.8665478e-05,-3.0729165e-05,1.0966688e-05,-3.3564036e-06,-2.811972e-05,-1.0045293e-06,5.85152e-05,-0.00042887322,0.00057934617,-0.001081074,0.0019577237,8.592509e-06,3.5997811e-05,1.3275971e-05,-1.9037107e-05,-4.9276348e-05,0.00015565452,-2.2427229e-05,7.2171125e-05,0.00010612308,-2.2849138e-05,-4.3688845e-05,1.1462582e-05,4.1526161e-06,2.2962273e-05,1.0219152e-05,-1.4508131e-05,2.7845039e-05,-3.137967e-05,-3.4948543e-05,2.97826e-05,2.1691902e-05,1.7807307e-05,-3.1184342e-06,4.6427456e-07,-3.2122631e-06,-4.8455235e-05,-1.9143164e-05,4.7063125e-05,5.554794e-05,-0.00020571476,2.8796554e-05,-0.00012950488,-9.703886e-05,-2.1282412e-05,8.9428693e-05,-1.245552e-05,-1.5893573e-05,-4.9052185e-05,1.3570725e-05,1.2163212e-05,-4.6394618e-05,1.0779795e-05,-2.234743e-06,-1.9236404e-05,-5.8101833e-05,2.8270975e-06,-1.046398e-05,9.4036765e-07,-9.7635287e-05,-1.8619304e-05,9.1366713e-05,5.5337187e-05,-0.00011652002,-0.00012862705,0.00041349655,-6.0668665e-05,0.00017376769,0.0002022019,-0.00017028918,-0.00014727813,7.1011977e-06,2.4212013e-05,3.6541852e-05,5.2428585e-05,1.807336e-05,0.00010231937,-9.6871793e-05,-4.1297344e-05,0.00013137563,5.8696128e-05,6.8830692e-05,2.7547533e-06,-4.1222072e-07,0.00032892993,-0.00043222818,0.00033940775,9.2458445e-05,-0.00016549278,-3.6312668e-05,0.00029066014,0.00016252058,-0.00075118177,0.00010439179,-0.00029149735,-0.00031970666,0.00022821761,0.00031909189,1.8432965e-05,-5.2979978e-05,-0.00013409081,-0.0001711864,2.5862414e-07,-0.00010230868,6.5620899e-05,4.098502e-05,-0.00026880044,-0.00017853441,-4.4895322e-05,-8.0827888e-05,6.0838075e-06,-2.680711e-05,2.1082693e-05,-6.7445976e-06,2.6411325e-05,-1.5683521e-05,-0.00017649768
"73",-2.2496567e-06,-3.4516931e-05,-3.4309449e-05,1.3714467e-05,-5.6352092e-06,5.2791515e-06,3.6452393e-06,1.6724177e-06,1.4172014e-06,2.3625917e-06,8.5776378e-06,3.3446514e-06,-1.1322352e-06,2.527816e-05,-4.2961069e-05,4.9570141e-05,-3.9010872e-05,2.2813216e-06,-3.8529025e-06,5.0370325e-06,-7.6449172e-06,8.7064578e-08,-2.2081848e-05,8.8378686e-06,-3.3271382e-06,-3.316954e-06,-1.3254228e-05,-2.766983e-05,-3.7691674e-06,-6.840234e-07,-5.0464485e-06,-1.9951607e-06,1.921029e-06,5.9376779e-07,1.7541836e-06,-7.2302314e-07,3.4210893e-06,6.1763927e-06,-7.8447194e-06,6.067629e-07,2.6525958e-07,-3.3401205e-06,1.0611413e-05,1.4253133e-06,5.837859e-06,3.0700549e-07,2.7912596e-05,-1.010849e-05,1.9009706e-05,-2.1468834e-06,2.2464769e-05,2.607024e-05,5.1245116e-06,1.5291071e-06,4.8529843e-06,-2.1889763e-06,-2.6528652e-06,4.1261943e-06,2.3179368e-06,2.5375977e-06,-6.6310854e-06,1.3362636e-06,8.2498387e-06,1.3797383e-06,-4.3853367e-07,-1.9545683e-05,1.0272412e-05,-5.1252538e-06,1.0646509e-05,-8.5821666e-06,-9.7448916e-06,-6.0668665e-05,2.534311e-05,-8.6486758e-06,6.7588784e-06,-3.591059e-06,-5.2551797e-05,-2.5239249e-06,-2.8512715e-06,-1.0650272e-05,-1.2204626e-05,7.9907886e-07,-6.8775404e-06,1.5057223e-05,-2.7588037e-06,2.9031103e-06,6.7612325e-06,-2.8002195e-05,-7.3418038e-06,1.5657242e-06,8.215724e-05,-0.00027015064,4.6192816e-05,9.306341e-06,9.8719313e-06,1.88033e-06,5.4938615e-05,-5.9964336e-06,9.8655518e-05,-4.3208945e-05,5.2643329e-05,-3.5503678e-05,-2.2869576e-05,0.00010534483,4.9328382e-06,-1.6677596e-07,1.5307818e-05,1.1268845e-05,-1.2442854e-05,2.7315719e-05,-6.8380919e-05,-4.6495693e-06,-5.2880797e-05,-3.3045829e-05,8.129809e-05,-1.5882621e-05,1.9952294e-08,-1.5413808e-05,2.0866683e-05,-2.2258981e-05,9.7881826e-06,-3.2992866e-06,-3.5213894e-05
"74",-0.00095630043,0.0027394084,0.00064749609,-0.0027293082,0.00026768544,-0.00023744111,-0.00049769256,4.2815049e-05,0.00016343418,3.5816194e-06,-5.0348828e-05,-0.00018864106,-0.00022195243,-0.00091926235,0.0013392253,-0.00070423564,-0.0044313212,-1.7013886e-05,0.00025403037,0.00028888245,-0.00022255219,-2.833728e-05,0.00011485517,-1.4034702e-05,0.0010968993,-0.00023990969,0.00078465281,-9.9864386e-05,8.5054205e-05,3.2521753e-05,0.00014255619,-0.00011564735,0.0001152108,-0.00015354877,0.00032555926,8.1942631e-05,-0.00010219788,0.00031295446,-4.6607746e-05,-2.6080645e-05,2.1869605e-05,-9.3813119e-06,-0.00046916544,-0.00052751188,0.00014191456,6.4563219e-05,-0.00022044622,3.501007e-05,-0.0013650545,0.00033328076,-0.0012424633,0.00030630474,-0.00016334766,-4.2120582e-05,-0.00014383035,4.508251e-05,2.770621e-05,0.00040080623,-0.00035940772,1.0654685e-05,0.00022319473,-0.00041459065,-7.2259957e-05,4.9492899e-05,-6.3003328e-05,0.0054314479,0.00080258038,-0.00031859734,0.0002387469,0.00016072972,0.00043519836,0.00017376769,-8.6486758e-06,0.003609942,-0.00032015027,0.00086652476,0.00019170354,-7.9236383e-05,-0.00023111879,7.3950821e-05,0.0003734191,-0.00069918258,-0.00052929602,-0.0011415151,0.00027577937,-0.0014593429,-0.00061904703,0.00047594479,-0.00018225227,1.9132809e-05,-0.015600943,0.032879749,-0.0062105606,-0.0042295654,0.0010907177,-0.0028874271,-0.0046710416,0.00099101527,0.00053863622,6.9291077e-05,-0.0097457338,0.0017529442,0.0021244438,-0.0012456937,-0.0002477606,0.0010842289,0.0013777714,0.00096420421,0.0033144191,-0.0012469327,0.0068505893,0.00022452798,0.0077696061,0.0034180957,-0.0056244598,0.0032553577,-0.00039815346,0.0025846463,-0.0030275259,0.0032881855,-0.0013753492,0.00048630181,0.0039363031
"75",0.0005790587,-0.0018486302,-0.00034908083,0.0015609629,-0.00022693954,0.00017792539,0.00024432431,4.2360742e-05,1.2630549e-05,5.6460577e-06,3.5401729e-05,2.9806814e-05,0.00021006264,-0.00012982156,-2.3202753e-05,-0.0016287812,0.0056692329,2.8172961e-06,-0.00015039575,-0.00012204343,0.00015509941,4.3603506e-05,7.1623225e-05,5.3772534e-07,9.8617163e-05,0.0018297742,-0.00047331409,9.9484566e-05,-7.6218454e-05,-0.00010227004,-2.6872287e-05,-0.00010169601,-7.4921599e-05,0.00021010185,-0.00011019457,6.5412991e-05,-2.3989879e-05,-0.00022925335,0.00013411125,-2.6280462e-05,-2.6490236e-05,-5.5720767e-05,0.00027010337,0.00028205009,-9.6232901e-05,-1.1075861e-05,-4.7557743e-05,-9.0349644e-06,-5.4921216e-05,-0.0019965395,0.00084193588,-7.9320464e-05,0.000122552,0.00010595207,1.7158033e-05,5.685068e-05,-1.8740342e-05,-0.00025677983,0.0001488666,-7.8565981e-05,3.2446095e-06,0.0002666414,-7.2708946e-05,7.1734951e-06,5.1623607e-05,-0.0033084062,-0.00048290005,0.0002815943,-0.0001718997,-9.8579106e-05,-0.00031621423,0.0002022019,6.7588784e-06,-0.00032015027,0.0046216906,-0.00031900712,-0.00020155306,8.5386582e-05,6.6677268e-05,0.00021588148,-7.3892003e-05,0.00057116265,0.00050781118,0.00081830668,3.4544135e-05,0.00086117728,0.00044415298,-0.0003567617,0.00012422197,-2.4364514e-05,0.010092365,-0.019663435,0.0047505186,0.0026566692,-0.00073146002,0.0020842074,0.003034507,-0.00055783493,-0.00081415021,-5.9994036e-05,0.0026888647,-0.0084006639,-0.0012826189,0.0010705818,0.00013483062,-0.00045214126,-0.0014976592,-0.0010981739,-0.0020735985,0.00063174636,-0.0045754544,-0.00063607859,-0.0044938765,-0.0021319744,0.0035955009,-0.0021005136,0.00027253991,-0.001540663,0.0017827187,-0.0019090508,0.00080233752,-0.00032395794,-0.002967055
"76",0.00030123783,0.0029956126,0.00037800192,-0.0013566412,0.00020257638,-0.00013824033,0.00020384122,0.00014038262,-0.00012295936,-7.6846456e-06,-4.1527241e-05,6.3903213e-05,1.1632081e-05,-3.1543915e-05,2.3947782e-05,0.0011617515,-0.0046799477,2.9636856e-05,0.00036550343,-3.5552623e-05,-0.00027846517,-0.00041600777,-1.1078409e-05,-1.524609e-05,0.00019802638,-0.00034773129,0.020980372,-5.7092047e-05,9.7992961e-05,-1.7880305e-05,0.00022538544,0.00014653284,0.00012861467,-0.0002822398,0.00014314924,-2.5527224e-05,-0.00014691489,3.5155797e-05,-0.00027337757,-3.8261044e-05,1.8047633e-05,-0.00010830479,-0.00050193746,-0.0001260169,0.00027159665,0.00053578439,-6.4722414e-05,3.9510541e-05,-0.00017474216,0.00055609909,-0.010848198,0.00030060693,-0.00021247574,-2.4949276e-06,-0.000290164,3.7489079e-05,0.00017217751,0.00041271866,-0.00012305634,3.4333515e-05,0.00024404901,-4.9020981e-05,0.00025466039,0.00018128016,-4.2543899e-05,0.0025731781,0.00038367643,0.00011214196,-8.5886835e-05,-5.5338697e-05,-0.0008010163,-0.00017028918,-3.591059e-06,0.00086652476,-0.00031900712,0.042728107,0.00019904064,6.2751504e-05,-0.00026835803,-8.0854045e-05,0.0002375028,-0.00017835221,-0.00059289314,-0.00069070524,8.7077319e-05,-0.00082634801,-0.00081031205,-0.00012172635,-0.00021212395,1.5361841e-05,-0.0080299133,0.014131787,-0.0038383774,-0.0021624851,-0.0001960533,-0.0010275264,-0.0016676437,0.0025365906,0.00065553047,4.5486206e-05,-0.0030327106,0.0014744068,-0.07208868,-0.0011384232,-0.00036233029,0.00084774798,0.00078294573,0.00087862975,0.0010891871,8.8325869e-05,0.0035166144,0.0003741354,0.0040626738,0.002569803,-0.0017954359,0.0018527032,-0.00021381828,0.0013161751,-0.0015559101,0.0013054614,-0.00064327651,0.00030812869,0.0021641368
"77",7.3881713e-05,0.00081557628,0.00092879603,-0.0005949687,0.00010482532,-7.1526441e-05,-0.00030643851,2.9959435e-05,-1.0012455e-05,-1.124155e-05,-6.4428183e-05,-1.5957393e-05,-3.1437377e-05,5.8568576e-06,-0.00033428876,0.00051311539,-0.0029308255,-2.5691283e-05,0.00011069051,-8.5500174e-05,0.00010699905,0.00011310313,-6.1152965e-05,-2.5157833e-05,-0.00011207165,-7.6812076e-05,0.0002079038,0.0010458818,2.456086e-05,-1.5889703e-05,7.9564213e-05,-1.1647059e-05,-2.8137781e-05,0.0001029667,9.8892212e-05,8.1943228e-05,-6.2506762e-05,-5.4457474e-05,-3.225299e-06,-8.1587826e-05,9.8541065e-06,-2.766551e-05,-0.00016180883,6.1482908e-05,-7.4125545e-05,-6.6506608e-05,9.8867439e-05,2.713315e-05,0.00014331871,0.0001289374,-0.00052474009,-0.0014160657,-1.0017479e-07,4.0898627e-05,1.550059e-07,8.4819902e-06,6.7201101e-05,-7.0728966e-05,-7.2759522e-05,-7.1566994e-05,8.2659518e-05,0.00011417432,-2.4458727e-05,0.00017269683,-2.3050241e-05,0.0014691044,8.6645954e-05,-1.623372e-05,-0.00020116675,0.00020474196,0.00035806125,-0.00014727813,-5.2551797e-05,0.00019170354,-0.00020155306,0.00019904064,0.0033801455,-7.8947616e-05,-0.00011501161,-1.7455483e-05,3.4349297e-05,-0.00026337197,0.00022738179,-0.00028800916,0.00012593824,-0.00048585416,-0.00042840121,0.00026244025,-0.00017114789,8.1985325e-06,-0.00457895,0.010004973,-0.0023842917,-0.0010974671,0.00014517372,-0.00037776675,-0.0016306752,0.0001851138,0.00057315771,0.00010637345,-0.0012727549,0.00079251208,0.00064847724,-0.0065658236,-4.9174427e-06,0.00042199984,0.00054964414,0.00056919417,0.0010164051,-0.0012112736,0.0021534757,7.8538342e-05,0.0023794654,0.0015351142,-0.0018544855,0.0013052017,-0.00012946039,0.00071616012,-0.00081309294,0.00087337448,-0.0004176761,0.00018639892,0.0014292072
"78",6.6727213e-05,-9.8678785e-05,5.9470061e-05,0.00010382193,-9.2979218e-06,2.4679636e-05,5.4457092e-05,2.4866309e-05,-2.8192746e-05,9.4531023e-06,3.3693636e-05,8.0095634e-06,3.5610963e-05,-0.00014694255,0.00022598784,-0.00060044754,0.0015331257,-1.5880563e-05,-2.8638218e-05,3.7425817e-05,-3.273507e-05,-1.9575972e-05,1.0262941e-05,-3.6506111e-06,2.1019402e-05,-1.3112551e-05,6.7758182e-05,8.1538109e-06,8.9107233e-05,-2.5712294e-05,-2.8174262e-05,-1.9897062e-05,1.3873158e-05,2.3349686e-05,4.3502103e-06,-1.3588619e-06,-6.7741017e-05,-3.7815336e-05,1.1168173e-05,-4.0750606e-06,-4.9883017e-06,1.1954864e-05,3.6591409e-05,-4.2771199e-05,1.7754976e-05,1.1970326e-05,-6.5524275e-06,4.1518936e-06,-5.1235615e-05,3.7847752e-06,3.1884437e-05,3.7005305e-05,-0.00012110183,2.4671258e-05,1.8816387e-05,2.0108615e-05,-7.1940834e-06,-3.117437e-05,4.1419924e-06,8.2676743e-06,7.2051641e-05,6.8010653e-05,-4.2631036e-05,-1.5326499e-05,7.3939641e-06,-0.00034546592,-6.1607577e-05,-2.2419242e-06,2.0645624e-05,-3.0022856e-05,-4.7411761e-05,7.1011977e-06,-2.5239249e-06,-7.9236383e-05,8.5386582e-05,6.2751504e-05,-7.8947616e-05,0.00028366204,-2.1685904e-05,1.7899001e-05,-3.4744012e-06,3.2147537e-05,5.0909425e-05,8.4040725e-05,-1.5042941e-05,4.008445e-05,3.4268626e-05,-3.7130465e-05,1.9205312e-05,-7.0741579e-06,0.00081732961,-0.0020356652,0.00015843254,0.00023009729,3.6473336e-07,3.0231447e-05,0.00026796749,-2.4013063e-06,-5.4175997e-05,3.6291237e-06,0.00025836637,-0.00016093723,-0.00024642625,0.00016343559,-0.00050164214,-1.0306e-05,-0.00010004997,2.5165223e-05,-0.00022162254,-3.4843968e-05,-0.00045997476,-2.3458415e-05,-0.00028401964,-0.00015994633,0.00033745245,-0.00021102826,3.2705146e-05,-0.00015490116,0.00018125902,-0.00021947843,8.2908199e-05,-1.2021807e-05,-0.00018051135
"79",1.4113849e-06,-0.0002658004,-0.00016989201,0.0003100522,-1.3118345e-05,2.7789673e-05,6.5154129e-05,-7.028269e-07,2.9976284e-06,-1.3539688e-05,-2.5808531e-06,-5.5482167e-06,2.1432128e-05,2.9480293e-05,6.8991154e-05,-0.00033088892,0.0012043622,-4.8625487e-05,-4.4675011e-05,-3.2997975e-05,3.8995126e-05,2.9299838e-05,2.9044337e-06,-6.3861909e-07,-5.0559114e-05,-3.702697e-06,-0.00017317887,-1.9857357e-05,-2.5484585e-05,7.6472575e-05,1.2337908e-05,4.1423378e-06,-3.323107e-05,9.9688209e-06,-3.5816899e-05,-5.2691039e-06,6.0300931e-06,-2.7068763e-05,8.5367687e-05,-2.5170497e-06,-7.6609059e-06,6.51279e-05,5.8918537e-05,5.1055728e-05,-4.5030082e-05,-4.4871037e-05,-9.0837594e-06,-1.1658444e-06,5.1394752e-05,9.2000782e-07,0.00021596297,7.3576045e-05,2.9392695e-05,-0.00010669515,-3.6384696e-05,-4.3128717e-06,1.5866839e-05,-3.4124233e-05,1.4902115e-06,-2.0891486e-05,-5.3889414e-05,2.7371642e-05,-9.6152891e-05,-5.2559195e-06,1.4708097e-05,-0.00064894158,-0.00020058285,-3.4968391e-05,-6.3043358e-05,3.5394615e-05,-7.3359162e-06,2.4212013e-05,-2.8512715e-06,-0.00023111879,6.6677268e-05,-0.00026835803,-0.00011501161,-2.1685904e-05,0.00025446936,8.036498e-05,-1.8598236e-05,7.0340776e-05,7.8965393e-05,0.0001790839,7.7478181e-06,0.00019683267,0.00010391044,0.00022345912,2.898736e-05,-1.6410142e-05,0.0020272603,-0.0040626716,0.0010945048,0.0007803541,2.2527158e-05,0.00044710611,0.00048565638,-0.00030177914,-0.0001527538,-3.6228823e-06,0.00084971708,-0.00023762057,0.00010890855,0.00041167092,9.5799622e-05,-0.00052301402,-0.00032684357,-0.00031508733,-0.00033311279,0.00021606816,-0.0009418254,-0.00013035636,-0.0010755083,-0.00050249796,0.00022904057,-0.00044720731,7.4889009e-05,-0.00029393457,0.00034080228,-0.00036654382,0.00017422022,-8.7329341e-05,-0.00061288599
"80",-1.2092558e-05,0.00023781811,-0.00038368164,8.1933514e-06,-1.2122469e-05,-1.5843043e-05,7.8737929e-05,3.1448514e-05,4.1057705e-05,-3.0123796e-05,-2.4609042e-05,-2.5195812e-05,-9.2642897e-05,-0.00015546609,0.00018226484,-0.0006052618,0.00071023115,-6.4943084e-05,5.7304381e-05,-0.00012008165,-0.00011483652,-0.00013402115,2.5991391e-05,-4.0194042e-06,-2.2115158e-05,7.1491841e-05,0.00017150054,2.9373603e-05,-1.9629179e-05,3.8501387e-05,0.00064632328,3.6510912e-05,-2.9580387e-05,0.00015496638,-1.1131788e-05,-2.7258095e-05,1.7144832e-05,-6.2054137e-05,-0.00019439968,-3.1857575e-05,-2.3071983e-05,7.0399439e-05,-5.4262238e-05,0.00016022692,0.00012290508,0.00013005193,-6.052806e-05,4.5983936e-06,5.152744e-05,-9.9793157e-05,-0.00016239692,8.6519902e-05,1.4312561e-05,-6.105745e-05,-0.00077418182,-5.643084e-05,7.540756e-05,-0.00010942994,6.1713138e-05,0.0001017111,-1.733451e-05,7.9621117e-05,0.00026110682,4.8243867e-05,2.2730856e-05,3.7633064e-05,-8.4577647e-05,-1.5031613e-05,-0.00010301524,-0.00023901816,-0.00028988389,3.6541852e-05,-1.0650272e-05,7.3950821e-05,0.00021588148,-8.0854045e-05,-1.7455483e-05,1.7899001e-05,8.036498e-05,0.0014932042,5.1037565e-05,1.1616711e-05,0.00032035709,6.1891389e-05,3.8174597e-05,-1.5232499e-05,-0.00028658051,-0.00022690563,-2.9928566e-05,-5.9484831e-05,0.00035344356,-0.00065768868,0.00062323001,0.00026250246,2.8135962e-05,0.00044439753,0.00062396458,0.00047632376,-0.00012373562,2.2582752e-05,3.9363082e-05,-0.00060738652,-9.405042e-05,0.00014544745,1.3803079e-05,-0.00010780334,-0.0028216607,-0.00029644379,0.00012260031,-0.00042555341,-0.00016350939,-1.7961616e-05,-0.00013311928,0.00051096192,0.00077761051,-7.8583174e-05,0.000110241,1.3390014e-05,-1.4308209e-05,-2.3617387e-05,1.6262152e-05,-4.6375916e-05,-0.00031364665
"81",-7.3986178e-05,0.00035651198,-0.00011296893,-0.0003746909,1.9206635e-05,-1.1882265e-07,-4.57975e-05,6.4375207e-05,3.6888194e-05,-1.6809532e-05,4.2612367e-05,-1.5736411e-05,1.5992089e-05,-0.00044019843,0.00047709279,-0.0010173527,0.00079965502,1.0580607e-05,2.8184094e-05,7.1298036e-05,5.3176834e-05,7.8044153e-05,2.6282572e-05,-3.4673029e-06,-4.548539e-06,-0.00019136161,0.00029743345,4.533606e-05,-2.1909521e-05,2.8825173e-06,5.5619776e-05,0.00060915345,0.00039774025,-1.134588e-05,0.00013300005,1.3869002e-05,-2.322223e-05,3.9176022e-05,-0.00016606415,-2.79581e-05,6.4957834e-06,-1.4077431e-05,-9.8548607e-05,-0.00011147635,-4.5033463e-05,-1.0776137e-05,-6.7386243e-06,-1.347727e-06,-3.8361764e-05,0.00016268552,-0.00015847465,3.0123446e-05,-6.5983457e-06,4.0989087e-06,-5.1563533e-05,-0.0007404914,-0.0004328524,0.00012357737,-0.00012533823,-2.1225314e-05,3.4702652e-05,-9.8696873e-05,0.00012985457,9.4095482e-05,-9.2741324e-06,0.00090710298,0.00015741296,-0.00010246916,0.00011633027,-5.9928197e-06,2.2674375e-05,5.2428585e-05,-1.2204626e-05,0.0003734191,-7.3892003e-05,0.0002375028,3.4349297e-05,-3.4744012e-06,-1.8598236e-05,5.1037565e-05,0.0019752162,0.00075524598,-3.3756595e-05,-9.7845632e-05,-1.3392534e-05,-0.00014643942,-8.2701921e-05,-3.1770388e-05,-0.00016394308,7.3750334e-07,-0.0026799667,0.0050883478,-0.0012375373,-0.00083296053,0.00023638871,-0.0006731561,-0.00076991482,0.00010393292,9.9385157e-05,3.0784666e-05,-0.0011932969,0.00061090621,0.000254598,-0.00029626513,-5.7107393e-05,0.00015801029,0.00027709573,-0.0030917007,-0.0011567325,-7.6077019e-05,0.00089522875,0.00017821364,0.0011130122,0.00045935624,-0.00070875071,0.00075594153,-7.1537069e-05,0.00038679738,-0.00046709865,0.00051801988,-0.00021163917,0.00010111733,0.00074003997
"82",0.00046953457,-0.0014618482,-0.00063761964,0.001380389,-0.00017460361,0.00014526905,0.00030327215,5.8148083e-06,-1.2332521e-05,1.432176e-05,2.950411e-05,5.6228553e-07,8.7354286e-05,-0.00015193679,2.518e-06,-0.001227931,0.0051344084,2.1047147e-05,-0.00023306094,1.9595946e-05,0.00010110024,0.00012427568,-3.8277579e-05,1.0537509e-05,1.6303349e-05,0.00016277723,-0.00029502696,-2.4865595e-05,-3.6748264e-05,-6.336428e-05,-0.00013068651,0.0004089305,0.00064674096,0.00014324437,-3.177751e-05,-4.0796683e-05,-3.6321119e-05,-0.0001333212,-4.0818379e-05,4.230652e-06,-1.5703342e-05,2.4477853e-05,0.00029595365,6.526154e-05,-9.1088552e-05,-0.0001498102,6.5248692e-05,-1.290658e-05,0.00014125133,-0.00025111906,0.00069546652,2.606223e-05,6.4543668e-05,6.875377e-05,0.00020458232,-0.00045936019,-0.00078765161,-0.00019687712,4.6043533e-05,9.4770716e-05,5.6564594e-05,0.00016411391,3.1255836e-05,-1.942769e-05,3.829715e-05,-0.0032551273,-0.00044388844,6.7451472e-05,-3.7113886e-05,-0.00016255403,-0.00027606092,1.807336e-05,7.9907886e-07,-0.00069918258,0.00057116265,-0.00017835221,-0.00026337197,3.2147537e-05,7.0340776e-05,1.1616711e-05,0.00075524598,0.0019549998,0.00049467924,0.0007890872,-4.4426439e-05,0.00084275768,0.00047261795,-0.00047267519,9.0179951e-05,-9.5938418e-06,0.0096382615,-0.018493396,0.0044124191,0.0025380876,-0.00037227991,0.0015565005,0.0028156495,-0.00082106915,-0.0004875274,-2.3948041e-05,0.0031632113,-0.001525704,-0.0016910119,0.0011613431,0.00015617814,-0.00045901929,-0.0007669694,-0.0028103256,-0.004689401,0.00062086595,-0.0043816316,-0.00028960016,-0.0044484195,-0.0023291849,0.003652419,-0.0019721067,0.00022278656,-0.0014917736,0.0017090625,-0.0018348625,0.00077426351,-0.00033361186,-0.0026205695
"83",0.00057514121,-0.0014233547,-0.00023122805,0.001378453,-0.00015117882,0.00010669706,0.00016930396,-5.2675495e-05,-7.6223746e-05,3.0244243e-05,2.0450446e-05,-2.7400423e-05,0.00011262859,-0.00068380097,0.0007356942,-0.0026912936,0.0076263374,-7.3533237e-05,-0.00015237532,-4.53348e-05,4.1883931e-06,-7.2424795e-05,3.3601202e-06,4.6725204e-06,1.7922133e-05,0.00028116921,-0.00045144862,0.00016977823,-2.8390766e-05,-5.8678797e-05,6.5691707e-05,7.3518525e-05,-2.1369179e-05,0.0010666417,-0.00012106363,4.7862729e-05,4.1184979e-05,-5.452229e-05,1.6689889e-05,6.2764148e-06,-2.8374495e-05,0.00013697336,0.00024874264,7.3225148e-05,-4.641171e-05,-8.8292361e-06,6.8244923e-06,-4.0820044e-06,1.6660816e-05,-0.00024689758,0.0007365807,-0.00027491819,7.0439611e-05,5.9117078e-05,-6.2529102e-06,9.4462443e-06,5.5798898e-05,-0.0014048627,0.0001031338,-5.7122865e-05,-4.3338248e-05,4.1365863e-05,-5.6438683e-05,-4.2653412e-05,5.1141832e-05,-0.0028079667,-0.00062868751,0.00014024526,-2.5753465e-05,-0.00017714719,-0.00024800689,0.00010231937,-6.8775404e-06,-0.00052929602,0.00050781118,-0.00059289314,0.00022738179,5.0909425e-05,7.8965393e-05,0.00032035709,-3.3756595e-05,0.00049467924,0.0028167533,0.00063656175,3.1270961e-05,0.00083895564,0.0003907096,-0.00032636895,8.2924396e-05,-3.5766312e-05,0.0082146209,-0.015891388,0.0032904447,0.0025238464,-0.00044507542,0.0012380164,0.0025404441,-0.00047085851,-0.00060360783,-1.2601088e-05,0.0025282804,-0.001457961,-0.0003710974,5.5710865e-05,6.6798187e-05,-0.00044436103,-0.0013008859,-0.00063157,-0.0017528477,-0.0041072708,-0.0036544303,-0.00051156285,-0.0039587068,-0.0019003404,0.0029793851,-0.0016684364,0.00024400389,-0.0012933386,0.0014947916,-0.0015755425,0.00066164261,-0.00024398484,-0.0020919409
"84",0.00069190045,-0.0017132627,-0.0003267834,0.0020002971,-0.0002001722,0.00015628936,0.0003192121,2.7221592e-05,3.762206e-05,-9.4304982e-05,3.2979835e-05,5.8222196e-05,0.00017490029,3.3891327e-05,-7.5114238e-05,-0.00086153611,0.0062086023,6.1628278e-05,-0.00028869616,-9.1814402e-06,0.0001190806,0.00020775344,-7.4640404e-05,1.2958094e-05,2.7560777e-05,0.00033882172,-0.00058035965,2.2547293e-05,-2.626524e-05,-7.3034496e-05,-0.00014129325,0.00014183585,7.0605635e-05,0.00017773765,0.00056915444,0.00020978428,-0.0001534662,-0.00022648474,-1.0993049e-05,5.3731235e-06,-2.0216017e-05,-2.5393012e-05,0.0004503074,4.3913602e-05,-0.00015537233,-0.00027000312,0.00011258856,-1.5970366e-05,-1.9894835e-05,-0.00037703712,0.00079918932,-0.00012083993,6.936131e-05,7.621349e-05,0.00024531102,-0.00013762738,-8.7249714e-05,-0.00040705294,-0.00075046973,-0.00021129312,0.00015408007,0.00025232442,-8.344343e-05,-1.4407628e-05,4.6618621e-05,-0.0045826162,-0.00052635322,0.00023126925,-9.3933802e-05,-0.00013149545,-9.0345448e-05,-9.6871793e-05,1.5057223e-05,-0.0011415151,0.00081830668,-0.00069070524,-0.00028800916,8.4040725e-05,0.0001790839,6.1891389e-05,-9.7845632e-05,0.0007890872,0.00063656175,0.0027486284,0.00036661734,0.0010024911,0.00057161976,-0.00061906097,0.00017181961,-3.2336191e-05,0.013893861,-0.02725142,0.0067654079,0.0035704368,-0.00060833686,0.0022240819,0.0039228557,-0.0017530108,-0.00054218492,-7.5325532e-05,0.0046158789,-0.0025143103,-0.0017791109,0.0015012935,0.00018423828,-0.00080087786,-0.0013134931,-0.0019961952,-0.0030325171,0.0009063566,-0.0091339699,-0.001369013,-0.0060415817,-0.0031020912,0.0051148892,-0.0029768105,0.0003679302,-0.0020578821,0.0024124065,-0.0026352805,0.0011406946,-0.00051200129,-0.0039838832
"85",-0.00033380237,0.00024752736,0.00037146672,-0.00027704803,3.8227469e-05,-6.0656581e-05,-0.00025698427,-5.1185487e-05,3.4609971e-05,-3.7641974e-05,-5.8337287e-05,-7.1203433e-05,-0.00019034565,-0.0001163963,0.00027231562,-0.00020328217,-0.00061622049,-1.9165971e-05,-4.9059724e-05,4.5094899e-05,2.0102761e-05,-6.1639691e-05,-3.8753908e-05,-3.2546521e-06,6.7613417e-05,5.4030761e-06,-8.2772596e-05,9.7187343e-05,1.2842374e-05,8.0945535e-06,1.6228101e-05,3.6985855e-05,-3.0349344e-06,2.8562057e-05,0.00019867925,0.00067849024,3.0548614e-05,4.1834516e-05,6.7799968e-06,-1.2272857e-06,-3.0209775e-06,8.0159456e-06,4.0429947e-05,-3.3772184e-05,-2.6496598e-05,8.8847144e-05,-3.1483743e-06,8.8770839e-07,-1.4066397e-05,-2.2438347e-05,-4.4125984e-05,-8.1738252e-06,-1.3780923e-05,-2.3045773e-05,1.5318348e-05,-4.7855122e-05,4.5289891e-05,-1.2915689e-05,-0.00023541948,-0.00074042501,-5.8842556e-05,2.8581602e-05,-6.2395085e-05,2.6235634e-05,-1.6884723e-06,0.00052608352,6.4815686e-05,-0.0001317412,4.7757644e-05,-7.1236873e-05,-0.00017876809,-4.1297344e-05,-2.7588037e-06,0.00027577937,3.4544135e-05,8.7077319e-05,0.00012593824,-1.5042941e-05,7.7478181e-06,3.8174597e-05,-1.3392534e-05,-4.4426439e-05,3.1270961e-05,0.00036661734,0.0020150402,-5.3455117e-05,-9.563374e-05,-3.7635899e-05,-3.9163965e-05,-1.4373258e-05,-0.001386618,0.0049760558,-0.00024695008,-0.00033514068,0.0004166474,-0.00029269884,-0.00055032915,0.00051408518,0.00021057509,-4.1222589e-06,-0.00093129582,-1.1309828e-05,0.0003885262,-0.00021235675,-7.876048e-06,9.5325513e-05,0.00013045936,-7.6357399e-05,0.00044740437,-0.000322712,8.174206e-05,-0.0034575235,0.00075338524,0.0004981054,-0.00065347528,0.00042779085,-1.7851778e-05,0.00028455314,-0.00038288881,0.0004894375,-0.00017436031,4.6925164e-05,0.00037954939
"86",0.0010969242,-0.0024323972,-0.00072893674,0.0027515988,-0.00028783621,0.00021483569,0.0004936195,-3.8494281e-07,-4.5619576e-05,8.7099739e-06,2.2488607e-05,6.2238553e-05,0.00022609012,0.00031929852,-0.00058227375,-0.0013018713,0.0077141923,2.9652172e-05,-0.00023239722,-0.00026814392,0.00013086042,-3.5288024e-05,9.6059813e-07,1.1626708e-05,-0.00015860099,0.00039251769,-0.00082921075,-5.7264508e-05,-0.00012886474,-6.7789282e-05,-0.00013727103,9.5023785e-05,-7.8300452e-05,0.00030239381,-0.00035738184,3.1397331e-05,0.0012774979,-3.0749128e-05,-4.4687192e-05,-1.3138471e-05,-2.9201533e-05,6.6612266e-05,0.00039629461,0.0005262178,-9.4218614e-05,-8.7635977e-06,6.5615743e-05,-1.8738422e-05,0.00028603896,-0.00048042218,0.0012358182,-6.0708702e-05,0.00018580599,4.6308659e-05,0.00016053624,-3.9914228e-05,6.4371724e-05,-0.00055604291,0.00032906684,-4.6218934e-05,-0.0012291917,5.6620607e-05,4.8717126e-05,1.4269418e-05,6.4491342e-05,-0.0056529655,-0.00074072103,0.00043515791,-0.00024618812,-0.0001626077,-0.00055946328,0.00013137563,2.9031103e-06,-0.0014593429,0.00086117728,-0.00082634801,-0.00048585416,4.008445e-05,0.00019683267,-1.5232499e-05,-0.00014643942,0.00084275768,0.00083895564,0.0010024911,-5.3455117e-05,0.0045651825,0.0012262554,-0.00061076645,9.6517038e-05,-1.7194583e-05,0.016968606,-0.033562717,0.0079404917,0.00457015,-0.0012809634,0.0032331409,0.0048592565,-0.0012377118,-0.0010820656,-6.508921e-05,0.0061521667,-0.0026819185,-0.0020619045,0.0019984273,0.0003895314,-0.0010290177,-0.0015558552,-0.0021473916,-0.0035408138,0.0010097288,-0.0070375924,-0.00078667025,-0.013113616,-0.0047698538,0.0061006005,-0.0033891622,0.00041820566,-0.0026897372,0.0030712467,-0.0033572943,0.0013954991,-0.00059606805,-0.0047545615
"87",0.00081464124,-0.00070379418,-0.00051714296,0.0013359114,-0.00014162129,9.6688458e-05,0.00043519325,0.00010920175,-6.4927284e-06,-2.0306046e-05,1.9877924e-05,4.854204e-05,0.00012461521,-0.00015385727,6.4237633e-05,-0.00094132139,0.0045894619,5.6919973e-05,-6.7830632e-05,-6.7387283e-05,5.8865287e-06,3.4538445e-05,1.3981419e-05,9.6093759e-06,-4.4383941e-05,0.00012635557,-0.00034160064,-0.0001430228,-4.7524122e-05,-2.6171578e-05,-0.00013082026,4.6059124e-05,2.6164391e-05,0.00018861903,-0.00010492857,1.1818294e-05,0.00024224164,0.00051331557,-3.4798129e-05,-5.4591399e-05,-6.0352126e-06,-3.9604887e-05,8.1485887e-05,0.0002215978,-2.2222864e-06,-0.00012239418,-2.2505693e-06,-1.0438016e-05,3.2869377e-05,-0.00012740065,0.00038388879,0.00015999372,9.026415e-05,3.3958539e-05,0.00016981013,-9.8178146e-05,-5.4196473e-05,-0.00038589393,0.00013398278,0.00012146867,-0.00025407029,-0.00059222111,0.0001201214,2.9557154e-05,1.342017e-05,-0.0027497542,-0.00028052986,0.00020720641,-4.5642426e-05,-2.6320744e-06,-0.00025921124,5.8696128e-05,6.7612325e-06,-0.00061904703,0.00044415298,-0.00081031205,-0.00042840121,3.4268626e-05,0.00010391044,-0.00028658051,-8.2701921e-05,0.00047261795,0.0003907096,0.00057161976,-9.563374e-05,0.0012262554,0.0021369409,-0.00025054728,3.6144551e-05,1.061951e-06,0.0083212,-0.017060526,0.0038043193,0.0020242982,-0.00065135403,0.0015150703,0.0023988343,-0.00066844771,-0.00058575217,-3.5729305e-05,0.0027853235,-0.0012505169,-0.00050079555,0.0014426344,0.00018483291,-0.00052966645,-0.00022872911,-0.0010568291,-0.0019506066,0.00044836373,-0.0037028868,-0.00020415014,-0.004915398,-0.0050019539,0.003109476,-0.0016717006,0.00017904668,-0.0012871021,0.0015087275,-0.0018000564,0.00065707944,-0.00027639676,-0.0024254859
"88",-0.0008152559,0.00052108111,0.00076042857,-0.0010251109,0.00012873128,-8.6806515e-05,-0.00038100689,-1.9138947e-05,-6.1884876e-05,5.2487599e-06,-2.0865467e-05,-9.5478195e-05,-0.00015566947,-0.00072561255,0.0011472635,-0.001651841,0.000505363,-2.3070596e-05,0.00010572551,0.00044248677,2.0169055e-05,-0.00014594399,2.9909016e-05,-1.5325277e-05,6.3587309e-05,-1.9235197e-05,-6.9747693e-05,6.6960843e-05,2.9649588e-05,9.6572979e-05,-0.00012156447,-0.00016077946,-0.00011447317,-0.00010588762,8.2866407e-06,1.4349663e-05,-0.00015564748,2.6942342e-05,0.00098552139,2.8272036e-05,1.474223e-05,-2.6935635e-05,-0.00012699525,-0.00066043793,-5.3886871e-06,0.00021734863,-2.9277338e-05,1.0915268e-05,-0.00018023044,5.1070343e-05,4.5556279e-05,0.00012090925,-7.4830712e-05,-0.00013130171,0.00017993571,0.00014626267,7.6301054e-05,0.00018991366,-0.00014476086,-0.00016313951,9.4175209e-05,2.010986e-05,-0.0012154971,-5.4424139e-05,-2.285265e-05,0.0020954351,0.00012491247,0.00011788052,0.00081919103,0.00024090236,7.9375271e-05,6.8830692e-05,-2.8002195e-05,0.00047594479,-0.0003567617,-0.00012172635,0.00026244025,-3.7130465e-05,0.00022345912,-0.00022690563,-3.1770388e-05,-0.00047267519,-0.00032636895,-0.00061906097,-3.7635899e-05,-0.00061076645,-0.00025054728,0.0025692042,-1.5777632e-05,2.0542609e-05,-0.0064131506,0.013405873,-0.0031921283,-0.0014336637,6.1560986e-05,-0.0026461931,-0.0022762517,0.0007203188,0.00026067015,5.8185731e-05,-0.0021632253,0.0010511632,0.0019191409,-0.00077266349,-0.00013286319,-0.00015193169,0.0012256182,0.0011579816,0.0017159793,-0.00036885929,0.0031438615,0.00026135295,0.0031772141,0.0016158715,-0.0066043256,0.0014019025,-0.00017724073,0.00096518693,-0.0011724926,0.0014030108,-0.00051865068,0.00023740919,0.0019709454
"89",-5.8544028e-06,-0.00031294682,-1.0058417e-05,0.00027428585,-5.3548696e-06,1.6741644e-05,4.5689063e-05,-2.7186036e-05,-7.5793332e-06,4.7201046e-06,1.8809769e-05,7.6287308e-07,1.6965262e-05,5.3973196e-05,6.0173533e-05,-0.0001440544,0.00093413151,1.4389022e-05,-4.3281731e-05,-3.7543782e-06,5.8557776e-05,8.0568538e-07,-5.6952893e-06,2.1834145e-07,-2.2009744e-05,7.4955544e-06,-0.00017308514,-5.0027913e-05,-1.4320552e-05,-6.2531561e-06,-4.7418814e-05,-2.302327e-05,-1.4036204e-05,3.131447e-05,-2.7438164e-05,3.5337133e-06,-4.7725221e-06,-7.8370567e-05,3.6365165e-05,6.5350566e-05,-1.3297236e-06,-1.8388218e-05,6.7414985e-05,-5.8158494e-06,-7.3700889e-05,-2.4807887e-05,-1.3288023e-05,3.6087391e-06,-1.6539982e-05,-2.7430691e-05,0.00030608991,0.00010750477,2.0099027e-06,9.7645517e-06,5.0653839e-05,8.5246081e-05,2.068144e-05,-8.5287264e-05,-3.1125438e-06,8.1240854e-07,3.5781336e-05,5.1750784e-05,-4.0964815e-05,-0.00020789808,7.7593029e-06,-0.00064036234,-3.4078605e-05,5.6841756e-05,6.7883685e-06,4.8832422e-05,-5.5692875e-05,2.7547533e-06,-7.3418038e-06,-0.00018225227,0.00012422197,-0.00021212395,-0.00017114789,1.9205312e-05,2.898736e-05,-2.9928566e-05,-0.00016394308,9.0179951e-05,8.2924396e-05,0.00017181961,-3.9163965e-05,9.6517038e-05,3.6144551e-05,-1.5777632e-05,0.00051496677,-3.5548988e-06,0.0017901644,-0.0033934315,0.00073367237,0.00033680858,-0.0001148622,0.00023566931,0.00033597298,-0.00011028763,-0.00010819895,4.6009141e-06,0.00056544963,-0.0003100501,3.2154455e-05,0.00042029416,-7.6659282e-06,-0.00010072117,-9.5051986e-05,5.5017391e-05,-0.00037038681,6.0557552e-05,-0.00082834887,-4.8534612e-05,-0.00066734275,-0.00031559848,0.00060755614,-0.0012201223,4.3703888e-05,-0.0002713653,0.00032167043,-0.00031702512,0.00015066625,-6.3653409e-05,-0.0004400393
"90",-6.8181036e-06,8.3345569e-05,2.0421497e-05,-3.7428659e-05,3.3894748e-06,-5.5607993e-06,-3.4580453e-06,1.9246077e-06,-2.9255103e-06,5.6913825e-06,-3.8449178e-07,6.4991886e-06,4.1745098e-06,-8.3922935e-06,3.774977e-06,8.5962644e-07,-8.860439e-05,5.7289425e-06,7.1739897e-06,-9.887229e-07,-7.575871e-06,-7.7193179e-06,5.5591819e-07,3.4888246e-07,-3.5148715e-06,-1.608302e-05,1.5065115e-05,5.9407493e-06,-7.199214e-07,-6.2711075e-06,-2.004956e-05,-1.6745234e-06,-4.4401634e-06,-1.9567139e-05,3.2889536e-06,-4.6034011e-06,-2.4733647e-06,7.99388e-06,1.6176953e-06,3.8752307e-07,1.0076316e-05,-8.0672648e-06,-1.3847972e-05,8.5234616e-07,7.9003667e-06,8.9615784e-06,4.5902185e-07,-5.5270093e-07,-3.9839873e-06,2.2027963e-05,-2.4839154e-05,-8.4525638e-06,-6.5769375e-07,7.3307792e-06,2.1794097e-05,4.8116394e-06,9.3087712e-06,2.8834814e-05,-1.0179903e-06,4.0039428e-06,9.0219256e-06,-1.3124894e-05,-6.0304327e-06,3.5168609e-06,-1.1641007e-05,7.1475319e-05,2.2308576e-05,-3.4651888e-06,-5.706592e-06,2.7212648e-06,6.4704545e-06,-4.1222072e-07,1.5657242e-06,1.9132809e-05,-2.4364514e-05,1.5361841e-05,8.1985325e-06,-7.0741579e-06,-1.6410142e-05,-5.9484831e-05,7.3750334e-07,-9.5938418e-06,-3.5766312e-05,-3.2336191e-05,-1.4373258e-05,-1.7194583e-05,1.061951e-06,2.0542609e-05,-3.5548988e-06,1.6827206e-05,-0.00021045105,0.000466978,-7.9405194e-05,-7.6523644e-05,4.7143765e-06,-2.1856765e-05,-5.8823285e-05,1.6985011e-05,1.2349324e-05,-2.5768422e-06,-8.5922651e-05,6.1156539e-05,1.6983866e-05,-2.5398875e-05,8.6695441e-06,3.5776001e-05,0.00012100479,9.2909572e-06,4.4565739e-05,3.8480216e-05,0.00012889018,4.0754328e-05,0.00011206341,2.435851e-05,-0.00010244504,4.9721074e-05,-3.3639116e-05,3.8144057e-05,-4.6051713e-05,4.5818139e-05,-2.0263167e-05,4.0255353e-06,5.7085699e-05
"91",0.010478561,-0.027407152,-0.010811986,0.029537428,-0.0033589345,0.002309248,0.0062682463,-0.00034950522,0.0034345523,-4.1319142e-05,-6.5665812e-05,0.001316633,0.0048709521,0.0040104025,-0.0052525597,-0.0083900184,0.07233347,0.0003825991,-0.0028404739,-0.0010494274,0.00095798884,0.00065625876,-0.00053402461,0.00016735624,-0.0012240022,0.0049559253,-0.0082729975,1.5497096e-05,-0.00074134887,-0.00090911873,-0.0016778755,0.00088084806,-0.00045792688,0.0029461464,-0.0022129525,-5.0214516e-05,0.00026265535,-0.0026702187,7.3176745e-05,5.3875174e-05,-0.00029178545,0.00030121143,0.0045530708,0.0028533547,-0.0010998169,-0.0015772588,0.0010213796,-0.00025181683,0.0025644692,-0.0060387666,0.013362401,-0.00054681598,0.00147071,0.00082275774,0.0020846345,-0.00068961482,-0.00021556087,-0.0059957218,0.00198846,0.0010970297,-0.00090977316,0.0034457543,-0.00029158027,-0.00041003992,0.00066016458,-0.060152567,-0.0081534954,0.0041750092,-0.0012261526,-0.0019846273,-0.0048705988,0.00032892993,8.215724e-05,-0.015600943,0.010092365,-0.0080299133,-0.00457895,0.00081732961,0.0020272603,0.00035344356,-0.0026799667,0.0096382615,0.0082146209,0.013893861,-0.001386618,0.016968606,0.0083212,-0.0064131506,0.0017901644,-0.00021045105,0.21465345,-0.3844095,0.13312771,0.062545754,-0.01113064,0.040542254,0.06006115,-0.025340787,-0.010984155,-0.0010739015,0.071958304,-0.039228624,-0.02642217,0.027306699,0.0053478491,-0.010964956,-0.02300887,-0.041564492,-0.037590697,0.020479778,-0.089343139,-0.010257213,-0.099403973,-0.047199677,0.070416528,-0.046075507,0.0052641892,-0.029607502,0.034650108,-0.037940284,0.015289472,-0.010273317,-0.072968354
"92",-0.034665011,0.047393477,0.027482055,-0.064520347,0.0067806951,-0.0050493803,-0.023153997,-0.0041598904,0.0026124327,-0.00056832084,-0.0016968803,-0.0033756808,-0.0067461626,-0.0092811177,0.012996841,0.017061605,-0.2030941,-0.00054261613,0.004579394,0.0028692932,-0.00053345616,-0.0030904325,0.0012366346,-0.00036428647,0.0029508231,-0.0083627063,0.01339354,-0.0001168531,0.0014583448,0.0018562822,0.0032370822,-0.0015668902,0.0014763187,-0.0055015774,0.0042247523,0.0021018386,-7.801247e-05,0.004821276,0.0013874979,9.9301241e-05,0.00058933512,-0.00045566109,-0.007667248,-0.0070143375,-0.00027660014,0.0050170186,-0.0022687545,0.0003957261,-0.0035693406,0.0098608472,-0.020845703,0.00071811406,-0.0029926956,-0.001772433,-0.0030460998,0.0024833108,0.00064808501,0.012321448,-0.0051231448,-0.0030789737,0.00046957929,-0.0048367132,-0.0012912728,-0.00079041806,-0.0012737461,0.11985926,0.016234551,-0.0091451835,0.0019027034,0.0038511061,0.0084779876,-0.00043222818,-0.00027015064,0.032879749,-0.019663435,0.014131787,0.010004973,-0.0020356652,-0.0040626716,-0.00065768868,0.0050883478,-0.018493396,-0.015891388,-0.02725142,0.0049760558,-0.033562717,-0.017060526,0.013405873,-0.0033934315,0.000466978,-0.3844095,0.94326526,-0.16070984,-0.10421999,0.034833722,-0.06844873,-0.13480338,0.031688395,0.026595731,0.001420119,-0.14970974,0.063927062,0.077845107,-0.043208862,-0.0054565464,0.026230501,0.040559674,0.029187628,0.092715135,-0.029140472,0.19274751,0.0093147681,0.2020498,0.10070691,-0.16335561,0.088655553,-0.010528557,0.062771199,-0.077019374,0.09294569,-0.035190847,0.011087017,0.11810481
"93",0.0022506372,-0.0097520784,-0.0059188974,0.011341728,-0.0012365425,0.00065537045,0.002574,-0.00052478411,0.008716445,-0.00019295867,-0.0011977052,0.0011471721,0.0066180312,0.0010075595,-0.0012940816,-0.0039917155,0.011537954,0.00022233531,-0.0011829091,-0.00011707067,0.00064724076,-5.2644009e-05,-0.00020513433,9.2133734e-05,-0.00021727222,0.0023703804,-0.0033509268,-0.00014906152,-0.00041254314,-0.0003602731,0.00018771343,0.00020677975,-0.00014363061,0.0013498261,-0.00063906116,0.00029829247,-0.0002370675,-0.00097665186,-0.00030670247,0.00013493386,-0.00010161426,-3.4144386e-05,0.0019970146,0.00085127618,-0.00083566858,-0.00010868688,0.00031473149,-0.00015992435,0.0015145447,-0.0025658399,0.0045131392,0.00017620256,0.00073022978,0.00017426857,3.6518859e-05,-0.00046517465,-5.8087146e-06,-0.002066051,0.00032121502,0.0012556839,-0.00035418913,0.0015399428,4.668839e-05,-0.00036644515,0.00022953247,-0.026872734,-0.003577772,0.0016976581,-0.0008932615,-0.0011692653,-0.0027003685,0.00033940775,4.6192816e-05,-0.0062105606,0.0047505186,-0.0038383774,-0.0023842917,0.00015843254,0.0010945048,0.00062323001,-0.0012375373,0.0044124191,0.0032904447,0.0067654079,-0.00024695008,0.0079404917,0.0038043193,-0.0031921283,0.00073367237,-7.9405194e-05,0.13312771,-0.16070984,0.15129427,0.048348611,0.001266508,0.033355047,0.031980959,-0.031387871,-0.0047216517,-0.0012153248,0.035200507,-0.028328327,-0.012462752,0.024064015,0.0071850938,-0.0041591674,-0.020503651,-0.061998631,-0.0085443828,0.028558816,-0.044296837,-0.011191732,-0.054824282,-0.025010365,0.032097598,-0.031292464,0.0033266772,-0.011554146,0.013387872,-0.014735488,0.0070817882,-0.01222442,-0.067224013
"94",0.002169132,-0.0073408408,-0.0041405885,0.0077540415,-0.00077209438,0.00060031929,0.0020567898,-0.00031627047,0.0019386658,3.2207892e-05,-0.00017896433,0.00034079437,0.0020204597,0.0012443635,-0.0013186961,-0.0018316669,0.015753718,-0.00085031339,-0.00052741994,-0.00043157327,0.00038955595,0.00031787924,-0.00014351705,4.2486959e-05,-0.00033582882,0.0013120737,-0.0022938245,2.3395041e-05,-0.00017032185,-0.00011116483,-0.00020086067,0.00012155115,-6.729079e-05,0.00091139919,-0.00071727959,-1.0948899e-05,-0.00011851513,-0.0008495828,5.8743459e-05,-2.0959484e-05,-9.155987e-05,0.0016309417,0.00084400961,0.0010024317,-0.00040905689,-0.00064579505,0.00025153142,-7.1846978e-05,0.0008225155,-0.001430812,0.0041547942,-0.00023180212,0.00042750585,-0.00011667145,0.00018235352,-0.00015524085,-0.00027566415,-0.0018763472,0.0006110525,0.00042770062,-0.00030802429,0.0010561327,-0.00027773752,-8.3821315e-06,0.00020737974,-0.016008794,-0.0038260563,0.0014034098,-0.00055266997,-0.0004561893,-0.001240165,9.2458445e-05,9.306341e-06,-0.0042295654,0.0026566692,-0.0021624851,-0.0010974671,0.00023009729,0.0007803541,0.00026250246,-0.00083296053,0.0025380876,0.0025238464,0.0035704368,-0.00033514068,0.00457015,0.0020242982,-0.0014336637,0.00033680858,-7.6523644e-05,0.062545754,-0.10421999,0.048348611,0.024799923,-0.0031473509,0.01386938,0.016883475,-0.010077919,-0.0029309799,-0.00036406274,0.020380908,-0.011928881,-0.0069602496,0.0081787998,0.0020227239,-0.0036392931,-0.0080499493,-0.016488114,-0.0090621181,0.0073824939,-0.024286451,-0.0035604575,-0.028369659,-0.012713893,0.018181023,-0.013596398,0.0016481965,-0.0077360717,0.0091614005,-0.01013352,0.004221302,-0.003796154,-0.024351431
"95",-0.001663171,0.00034451801,0.0028570525,-0.0023779259,0.00025295212,-0.00016295662,-0.0016099567,-0.00012111777,0.00066868837,-2.854884e-05,-0.00013202965,-0.00016500023,1.6704254e-05,0.00065883201,-0.00094523987,0.001291107,-0.011712928,0.00026462207,-0.0018916768,0.00029697303,7.1722154e-05,-0.00034686925,-0.00012909342,1.0586237e-05,5.1669151e-05,-0.00013311673,-0.00032654506,-0.0001017736,5.6404802e-05,6.0967836e-05,-5.4573573e-05,-9.8179809e-05,9.229582e-05,-0.00015287633,0.0002572478,0.00022746669,-0.00018108183,-7.9137917e-05,-9.909834e-05,2.8289667e-05,3.3958598e-06,-0.00057163741,0.0030173158,-0.00056991813,-0.00013548911,0.00059019568,0.00012843401,-2.3486601e-05,0.00025443488,-1.3384535e-05,0.00065075116,0.00023955518,-0.00013633394,-3.4089487e-05,0.00013540315,0.0002236323,3.4637695e-06,0.00049125821,-0.0003902036,-0.00044483304,6.0748843e-05,0.00019316543,0.0003001983,-0.00013427793,-7.862957e-07,0.0040465116,0.00075881902,-0.0030851874,8.5483299e-05,0.00021785281,-1.4105114e-05,-0.00016549278,9.8719313e-06,0.0010907177,-0.00073146002,-0.0001960533,0.00014517372,3.6473336e-07,2.2527158e-05,2.8135962e-05,0.00023638871,-0.00037227991,-0.00044507542,-0.00060833686,0.0004166474,-0.0012809634,-0.00065135403,6.1560986e-05,-0.0001148622,4.7143765e-06,-0.01113064,0.034833722,0.001266508,-0.0031473509,0.010496399,-0.001803198,-0.0047998394,0.00020646853,0.0014820186,-6.8451181e-05,-0.0047012695,0.0017106868,0.0053947869,-0.00027808224,-3.1807543e-05,0.00072360682,0.00069273718,-0.0023268687,0.0032629578,0.00022895123,0.0057264841,-0.00067133675,0.0072136839,0.0037443005,-0.0042731783,0.0022884303,-0.00023630552,0.0022514125,-0.0027660787,0.0034525892,-0.0011440313,-0.00020127193,0.0017906917
"96",0.0030912009,-0.0035916825,-0.0017439656,0.0053939516,-0.00059615409,0.00034350678,0.0014827909,0.00011490816,0.001498737,2.4200543e-05,-0.00018126946,0.00039845219,0.0014115886,0.0026355103,-0.0039969244,0.0015747484,0.0012449924,-0.00015762577,-0.00029478225,-0.0023528328,3.0501183e-05,-1.6999558e-05,-8.0669284e-05,1.7820356e-05,-0.00074915747,0.0011134714,-0.0012201903,0.00015903263,-0.00028434829,-5.3586532e-05,9.5360533e-05,-5.1121988e-06,-0.00022165558,0.0005361209,-0.00057984331,1.2135851e-06,0.00053670381,-0.00029154119,-0.0011911662,-3.3468038e-05,-3.8434582e-05,0.00030689126,0.00046079359,0.0040044144,-0.0001311931,-6.3420679e-05,0.00019917085,-2.6747898e-05,0.0012884766,-0.0014347966,0.0025141248,-0.00036597721,0.0004377336,-6.288041e-05,-0.00019796494,-8.8321391e-05,0.0001644079,-0.00085970916,0.00079700224,0.00038366714,-0.00093639822,0.00022340175,0.0016155253,7.394193e-05,7.6046001e-05,-0.0099757392,-0.0015561485,0.00074680825,-0.0033540443,-0.00053106842,-0.0009581304,-3.6312668e-05,1.88033e-06,-0.0028874271,0.0020842074,-0.0010275264,-0.00037776675,3.0231447e-05,0.00044710611,0.00044439753,-0.0006731561,0.0015565005,0.0012380164,0.0022240819,-0.00029269884,0.0032331409,0.0015150703,-0.0026461931,0.00023566931,-2.1856765e-05,0.040542254,-0.06844873,0.033355047,0.01386938,-0.001803198,0.018459784,0.012003507,-0.0061962153,-0.0016986275,-0.00021459342,0.013927467,-0.009267714,-0.0052967743,0.0046822792,0.0018689353,-0.0021637383,-0.0059276516,-0.01160582,-0.0054182016,0.0062319924,-0.015360195,-0.0022189571,-0.019657499,-0.0092126395,0.017002125,-0.009220071,0.00098935281,-0.0049920893,0.0059094277,-0.0069341663,0.0026995471,-0.0026541911,-0.016735164
"97",0.0059538622,-0.0056187663,-0.0036902604,0.0090782813,-0.0010145997,0.00061498762,0.0032842622,0.00072770077,0.00031251864,5.6363167e-06,7.9638838e-05,0.00065864667,0.0010902404,0.001421796,-0.0024391603,-0.0022362633,0.025688755,7.9497381e-05,-0.00061115682,-0.00049119946,-0.0018494654,-0.00044640555,-5.3463927e-05,6.4612791e-05,-5.1231733e-05,0.0011124709,-0.0011755424,-0.00025148847,-0.00013722054,-0.00032667533,-5.1204936e-05,7.2758766e-05,-0.00033463899,0.00093324183,-0.00065139637,-0.00036406664,-0.00026547175,-0.00070131705,-0.00037752061,-8.1678719e-05,-7.9163318e-05,-3.7883913e-05,0.001003844,0.0010375446,0.0028723204,0.00053533061,0.00016299756,-7.7899012e-05,0.00028093506,-0.0012142002,0.0020435403,0.00010030923,0.00035852016,0.0003870906,-2.7607171e-05,-4.8674067e-05,0.00026107627,-0.0018160451,0.00086642657,0.00062343783,0.00024656631,0.00078067026,0.00022541662,0.00028443177,0.00015915681,-0.017596345,-0.0023111118,0.0014376437,-0.00046715477,-0.0034083361,-0.0026196052,0.00029066014,5.4938615e-05,-0.0046710416,0.003034507,-0.0016676437,-0.0016306752,0.00026796749,0.00048565638,0.00062396458,-0.00076991482,0.0028156495,0.0025404441,0.0039228557,-0.00055032915,0.0048592565,0.0023988343,-0.0022762517,0.00033597298,-5.8823285e-05,0.06006115,-0.13480338,0.031980959,0.016883475,-0.0047998394,0.012003507,0.02855929,-0.0025383517,-0.0044679915,-0.00031359707,0.021800066,-0.010743815,-0.012519432,0.0077103988,0.0012645073,-0.0032962418,-0.0080876093,-0.0080546032,-0.012515195,0.0051653344,-0.028172515,-0.0021094609,-0.029924762,-0.014727232,0.024820603,-0.013414856,0.001597484,-0.0089945454,0.010944159,-0.013381238,0.0050668565,-0.0023526126,-0.02000292
"98",-0.0011963375,0.0011295002,0.0028445415,-0.0017033346,0.00040803244,-0.00011502656,-0.0011683956,-5.3200216e-05,-0.001979673,0.00013695085,0.00026938939,-0.00038140812,-0.0015358303,0.00023736173,-0.00062723888,0.0010044642,-0.0034824093,9.7056013e-05,-0.00010683744,-0.00013445583,-0.00094296124,-0.0026838954,0.00014877209,-2.6279122e-05,0.00011455737,-0.00026416317,0.0012091894,-4.9234354e-05,0.00015414471,-6.3450069e-05,0.00028950995,-0.00027914078,-0.00032547594,-3.026226e-05,-0.00045557173,7.047683e-05,8.5613665e-05,1.478138e-05,0.00036035279,3.8869612e-05,2.8853524e-05,-0.00024278636,6.5831347e-05,9.6615698e-06,0.0013777478,0.0042288756,-0.00013361145,2.010105e-05,-0.00032719691,0.00038170344,-0.001299986,0.00013260482,-0.00025705846,0.00018358462,-0.00028192512,0.00032956286,0.00034197115,0.00029420165,0.00058425169,-0.0006819545,-0.00020289725,-1.775517e-05,-0.00030057172,-9.8364528e-05,-5.0313753e-05,0.0043352954,0.00071816905,-0.00048765331,6.0199755e-05,-0.0010936767,-0.0035615372,0.00016252058,-5.9964336e-06,0.00099101527,-0.00055783493,0.0025365906,0.0001851138,-2.4013063e-06,-0.00030177914,0.00047632376,0.00010393292,-0.00082106915,-0.00047085851,-0.0017530108,0.00051408518,-0.0012377118,-0.00066844771,0.0007203188,-0.00011028763,1.6985011e-05,-0.025340787,0.031688395,-0.031387871,-0.010077919,0.00020646853,-0.0061962153,-0.0025383517,0.018759006,0.00030709395,0.00023053478,-0.0068431162,0.0049434214,-0.0014824611,-0.0043246415,-0.00160069,0.0011293299,0.0023752181,0.013452205,0.0017847641,-0.0065278489,0.010039923,0.00088093454,0.010538176,0.005024497,-0.0059802015,0.0061465607,-0.00063571369,0.001848357,-0.0023067708,0.0027660725,-0.0012625576,0.0024995135,0.014224043
"99",-0.0006181982,0.0012202427,0.0016676136,-0.0018508395,0.00018082981,-8.9638287e-05,-0.00084984986,6.4451008e-06,9.4002149e-05,-6.8919471e-06,5.2280709e-05,-0.00011175875,-0.00025596479,0.00088540639,-0.0017039064,0.002386321,-0.011749885,-1.4852116e-05,-2.7252545e-05,9.9797721e-05,9.1668958e-05,4.1895789e-05,-0.00042593074,4.8896288e-05,-0.00017938792,-0.0004874841,0.00037416594,0.00020588878,2.0680447e-05,3.8637335e-05,-1.4633984e-05,-1.1756813e-06,0.00010929988,-0.0002364324,0.00025796783,0.00011110006,-0.00011984584,-2.1112874e-06,0.00011651741,2.0767324e-05,1.5881928e-05,-4.8972923e-05,1.4449509e-05,-0.00018330579,-0.00018473952,4.8249019e-05,0.00071333411,-8.845728e-05,0.0004134874,0.00057138816,-0.00042684483,-0.00036509402,-6.0073905e-05,-3.4907344e-06,6.4832278e-05,-7.4749035e-06,-4.4497027e-05,0.00046756941,-0.00022576664,-9.8187677e-05,0.00014730108,0.00013348543,-0.00016054612,-1.0200497e-05,-3.1885958e-05,0.0033537703,0.00043052217,-0.00045108372,-6.2081295e-05,0.00031730565,0.00047526994,-0.00075118177,9.8655518e-05,0.00053863622,-0.00081415021,0.00065553047,0.00057315771,-5.4175997e-05,-0.0001527538,-0.00012373562,9.9385157e-05,-0.0004875274,-0.00060360783,-0.00054218492,0.00021057509,-0.0010820656,-0.00058575217,0.00026067015,-0.00010819895,1.2349324e-05,-0.010984155,0.026595731,-0.0047216517,-0.0029309799,0.0014820186,-0.0016986275,-0.0044679915,0.00030709395,0.0031784151,-0.0002857038,-0.0029482272,0.0023084467,0.0017255478,-0.0024453047,-0.00017721396,0.00087567104,0.0014961492,0.00081115891,0.002425856,-0.00035836827,0.005030836,5.3764142e-05,0.0059539384,0.0032421797,-0.0045236507,0.0025474877,-0.00028833315,0.0017329378,-0.0020983333,0.0024740814,-0.00099491338,0.00031187718,0.0034902649
"100",1.5540949e-05,0.00016687375,8.6872216e-05,-9.2666222e-05,1.8746119e-05,-1.9170495e-05,-2.4421429e-06,6.3823292e-06,-7.2693505e-05,-3.8318106e-06,-9.4140383e-06,-1.9672203e-05,-4.0954854e-05,-8.3209674e-05,0.00012567214,-6.8684102e-05,0.00018598767,-6.3194349e-06,3.200886e-05,-1.8006087e-05,-1.2153896e-06,-7.5453496e-06,6.0936023e-05,-2.3959301e-05,1.7647211e-05,-8.7147525e-06,2.3831665e-05,4.8654728e-05,1.2873748e-05,4.7241631e-06,1.8868373e-05,2.4943296e-06,4.747388e-06,-5.2215109e-06,-4.6511582e-06,-6.0871838e-07,3.9728713e-06,1.02697e-05,1.6648152e-05,-1.6920593e-07,-7.8930841e-08,8.580367e-06,-4.9821355e-05,1.8436138e-05,-6.0500567e-06,-9.9579616e-06,-0.00010046532,3.8407959e-05,-5.4647089e-05,9.2896646e-06,-2.7039871e-05,-5.3315749e-05,-1.9684235e-05,-1.6455071e-06,-1.6805382e-05,-6.967438e-06,-1.5369661e-06,-4.901115e-06,5.1119838e-06,-1.1195502e-05,1.2877279e-05,-3.0746746e-05,-1.0274221e-05,-3.4872398e-06,-1.0347449e-06,0.00021680794,9.0948852e-06,1.4260504e-05,-9.6377889e-06,2.4329245e-05,2.7599449e-05,0.00010439179,-4.3208945e-05,6.9291077e-05,-5.9994036e-05,4.5486206e-05,0.00010637345,3.6291237e-06,-3.6228823e-06,2.2582752e-05,3.0784666e-05,-2.3948041e-05,-1.2601088e-05,-7.5325532e-05,-4.1222589e-06,-6.508921e-05,-3.5729305e-05,5.8185731e-05,4.6009141e-06,-2.5768422e-06,-0.0010739015,0.001420119,-0.0012153248,-0.00036406274,-6.8451181e-05,-0.00021459342,-0.00031359707,0.00023053478,-0.0002857038,0.00013787545,-0.00034733216,0.0003186097,0.0001122655,-0.00038820173,-6.6223167e-05,2.0518764e-05,7.5960391e-05,0.00043408968,3.7098958e-05,-0.00026836385,0.00041345857,7.9225713e-05,0.00048121232,0.00020879363,-0.00035175286,0.00023735784,-2.30314e-05,0.000104388,-0.00012272029,0.00012033689,-6.5890519e-05,0.00010017051,0.00054388572
"101",0.004501449,-0.011360863,-0.004620352,0.01175388,-0.0012679093,0.0010068651,0.0029757992,-5.8818704e-05,0.00014047267,9.7738393e-05,0.00015231781,0.00072545898,0.0013807199,0.0031096163,-0.0048822405,-0.00023970331,0.023204887,7.0130878e-05,-0.0010614884,-0.0010115978,0.00069570575,0.00045416562,-0.00045702356,7.397198e-05,-0.0033097792,0.0013106099,-0.0034350878,0.00037000042,-0.00034750316,-0.00018508,-0.0005624131,0.00041618304,-0.00037884007,0.00094843774,-0.0012294801,-0.00022820088,0.00039722496,-0.0011040956,-9.5593222e-06,3.5193694e-05,-0.00010102304,0.00019408943,0.0019294658,0.002013888,-0.00052280222,-0.00072983109,0.00088963429,-0.00012105128,0.0053114109,-0.0014714406,0.0052455625,-0.00084412041,0.00070128865,9.8991077e-05,0.00055312384,-0.00035564453,-0.0001994704,-0.002138715,0.0014490785,0.00028834109,-0.0010449408,0.0014326521,0.00020708818,-0.00010529166,0.00027555696,-0.021778924,-0.0031096377,0.0014528867,-0.00074150712,-0.00060687275,-0.0016289633,-0.00029149735,5.2643329e-05,-0.0097457338,0.0026888647,-0.0030327106,-0.0012727549,0.00025836637,0.00084971708,3.9363082e-05,-0.0011932969,0.0031632113,0.0025282804,0.0046158789,-0.00093129582,0.0061521667,0.0027853235,-0.0021632253,0.00056544963,-8.5922651e-05,0.071958304,-0.14970974,0.035200507,0.020380908,-0.0047012695,0.013927467,0.021800066,-0.0068431162,-0.0029482272,-0.00034733216,0.037932931,-0.010109776,-0.010485606,0.006885376,0.0014722742,-0.0047181005,-0.0074259843,-0.0084456372,-0.014818056,0.0062729606,-0.031624796,-0.0020105337,-0.036133903,-0.016201178,0.026187979,-0.015459824,0.0018829397,-0.011256316,0.013395376,-0.014985341,0.0058750612,-0.0026336488,-0.021895689
"102",-0.0018120998,0.0065243596,0.0015835268,-0.0050194618,0.00087651024,-0.00050691202,-0.00080052178,5.1911972e-05,-0.0009625165,-4.6087819e-05,-2.4839886e-05,-9.1578792e-05,-0.0012782646,8.9706877e-05,-0.0001997913,0.0030012369,-0.014036638,-6.6199737e-05,0.00054792185,0.00046958984,-0.00042235659,-4.2244989e-06,-0.00014592785,-1.3662146e-05,-0.00020548919,-0.0056411073,0.0016684673,-0.00016256762,0.00021572827,0.00023754291,-6.8639625e-05,0.00017950476,0.00043877051,-0.00069034528,0.00041621651,-0.00023164016,-8.6097599e-05,0.00073820683,-0.00026374204,4.3211878e-05,9.4222668e-05,3.298533e-05,-0.0010583657,-0.0010931608,0.0004701276,0.00028645618,0.00014651593,2.7448468e-05,0.0001227118,0.0085854903,-0.0028092999,0.00022700609,-0.00037346432,-0.0002003292,0.00018208743,-0.00015801582,-0.00025065301,0.0010300187,-0.00051707091,0.00014932844,0.00037170402,-0.0009674835,0.00027771558,5.6765389e-05,-0.00018098414,0.010365427,0.0014544013,-0.00081956018,0.00058277795,0.00043693924,0.0010818712,-0.00031970666,-3.5503678e-05,0.0017529442,-0.0084006639,0.0014744068,0.00079251208,-0.00016093723,-0.00023762057,-0.00060738652,0.00061090621,-0.001525704,-0.001457961,-0.0025143103,-1.1309828e-05,-0.0026819185,-0.0012505169,0.0010511632,-0.0003100501,6.1156539e-05,-0.039228624,0.063927062,-0.028328327,-0.011928881,0.0017106868,-0.009267714,-0.010743815,0.0049434214,0.0023084467,0.0003186097,-0.010109776,0.027150584,0.0041684203,-0.0052753601,-0.0011406418,0.0014608553,0.0063606426,0.0087121973,0.0048312146,-0.0045705338,0.015577329,0.0027954872,0.017495691,0.0072830567,-0.011761105,0.0084199843,-0.0010608258,0.0050040803,-0.0058144634,0.0060337348,-0.0026204847,0.0021554039,0.014605939
"103",-0.0069542712,-0.0049148671,0.003250525,-0.0041545462,0.0005219941,-8.4590143e-05,-0.0043292948,-0.0014679324,0.00036294551,-8.2999924e-05,0.00018117983,-0.0012045006,-0.00096840083,0.00076475784,0.00037321021,-0.00045656047,-0.012661591,-0.00022882945,-0.00075469242,0.00011985038,0.00093955503,0.0002519294,4.3570634e-05,-5.0654726e-05,-0.00037395464,-3.3075286e-05,-0.046393463,-0.00032064672,-0.00018873478,0.00035172787,-0.00035371446,-0.00067874978,-0.00041520054,6.4542735e-05,-0.00056998801,0.00024587965,0.00031125634,0.00022051326,0.0012920254,0.0002004022,4.4160175e-06,0.00063478682,0.0011958815,-0.00013395593,-0.0011270636,-0.00058967765,6.0693615e-06,-6.2932216e-06,0.00045884756,-0.00054991068,0.09072851,0.00072722632,0.00018928207,-0.00063312851,0.00052813082,0.00064713031,-0.00013439702,0.00054087669,0.00028119764,-0.00079537635,-0.00087342261,-0.00029866526,-0.0014791379,-0.00091931078,-2.8861429e-06,0.0077335322,0.0008919378,-0.0012981009,0.00030885993,0.00080504536,0.0022376464,0.00022821761,-2.2869576e-05,0.0021244438,-0.0012826189,-0.07208868,0.00064847724,-0.00024642625,0.00010890855,-9.405042e-05,0.000254598,-0.0016910119,-0.0003710974,-0.0017791109,0.0003885262,-0.0020619045,-0.00050079555,0.0019191409,3.2154455e-05,1.6983866e-05,-0.02642217,0.077845107,-0.012462752,-0.0069602496,0.0053947869,-0.0052967743,-0.012519432,-0.0014824611,0.0017255478,0.0001122655,-0.010485606,0.0041684203,0.2139826,-0.002316521,-8.6424431e-06,0.00035054766,0.002838687,0.0029896496,0.008447187,-0.0050231452,0.015583642,0.0011280882,0.013889529,0.0051101302,-0.016097027,0.0059230456,-0.00070157118,0.0038451038,-0.0050343935,0.0081220087,-0.0026124192,0.00077863338,0.0091114123
"104",-0.00065060288,-0.003354387,-0.0043815068,0.0027691163,-0.00043069358,0.00022437323,0.0013069594,-0.00031458669,0.0010315225,-3.6098302e-05,-6.7406159e-05,9.2059921e-05,0.00059558472,0.00017741882,0.0005770791,-0.0019692687,0.0095901269,0.00012871179,-0.00054894777,0.00012945407,-4.9543396e-05,6.6904628e-06,0.00018276205,6.0282306e-05,0.00031553508,0.00047052547,-0.0016884724,-0.0033587142,-0.00011586782,0.00010051332,-0.00012205113,1.079779e-05,9.6287728e-05,-0.0003544911,-0.00041519707,-5.0810756e-05,0.00016086512,-8.7069012e-05,-0.00021254717,0.00021986221,-2.0896531e-05,-8.1847221e-05,0.00078281699,-7.2056556e-05,0.00015060196,-2.1344484e-05,-0.00034000589,-8.3009434e-05,-0.00033005019,-0.00049449307,0.0031596012,0.0063694169,8.6572418e-05,-0.00031064393,-4.9624307e-05,9.4716946e-05,-0.00013563843,0.00057794732,0.00033767744,0.00023318396,-0.00045874385,-0.0001155262,0.00035198018,-0.00061807447,7.914323e-05,-0.0065910961,-0.00066443253,0.00032197633,0.00033473005,-0.00030205342,-0.0008313169,0.00031909189,0.00010534483,-0.0012456937,0.0010705818,-0.0011384232,-0.0065658236,0.00016343559,0.00041167092,0.00014544745,-0.00029626513,0.0011613431,5.5710865e-05,0.0015012935,-0.00021235675,0.0019984273,0.0014426344,-0.00077266349,0.00042029416,-2.5398875e-05,0.027306699,-0.043208862,0.024064015,0.0081787998,-0.00027808224,0.0046822792,0.0077103988,-0.0043246415,-0.0024453047,-0.00038820173,0.006885376,-0.0052753601,-0.002316521,0.026309503,0.00080342576,-0.0018355729,-0.0038902552,-0.0085019084,-0.0034186683,0.0071906648,-0.010574795,-0.0017376356,-0.012470564,-0.0068654047,0.0085498689,-0.007462502,0.0007299452,-0.0030605753,0.0035184482,-0.0036769773,0.001825232,-0.0018979305,-0.01177127
"105",-9.5116392e-05,-0.00057294974,-0.00085267799,0.00047626378,-6.0033977e-05,1.9991814e-06,0.00011489388,-9.2229025e-05,0.00046359456,-4.1292748e-05,-0.0001168392,7.5372436e-05,0.0002637231,0.00056368742,-0.00083870638,0.00093650832,-0.0032348864,3.7726433e-05,2.2732596e-07,-0.00015763161,0.0001223918,7.287629e-05,-2.5959898e-05,1.3860967e-05,-7.3170664e-05,0.00016283182,-0.00050707666,-2.9176318e-05,-0.00031461312,5.4760081e-05,8.0253869e-05,4.4205002e-05,-3.6584145e-05,4.6302844e-05,-6.8034056e-05,5.6533323e-05,0.00018980213,3.8693135e-05,-8.875383e-05,1.7093184e-05,6.8364108e-06,-1.4518929e-05,2.3566575e-06,0.00021261822,-0.00011121698,-0.00010378061,2.4294046e-05,-2.1171093e-05,0.00023258932,-0.00016290732,0.00040348028,-6.4012854e-05,0.00052220132,-8.9805216e-05,-9.4280058e-05,-0.00012604225,-6.517089e-05,-8.1824627e-05,3.9996997e-05,-2.4074811e-05,-0.00024467839,-6.8530091e-05,0.0001863462,-1.2627344e-05,-5.5153193e-06,-0.00090266458,-8.5157504e-05,0.00012447798,-0.00013874648,-5.4203349e-05,-8.9819103e-05,1.8432965e-05,4.9328382e-06,-0.0002477606,0.00013483062,-0.00036233029,-4.9174427e-06,-0.00050164214,9.5799622e-05,1.3803079e-05,-5.7107393e-05,0.00015617814,6.6798187e-05,0.00018423828,-7.876048e-06,0.0003895314,0.00018483291,-0.00013286319,-7.6659282e-06,8.6695441e-06,0.0053478491,-0.0054565464,0.0071850938,0.0020227239,-3.1807543e-05,0.0018689353,0.0012645073,-0.00160069,-0.00017721396,-6.6223167e-05,0.0014722742,-0.0011406418,-8.6424431e-06,0.00080342576,0.0019210415,-0.00030944341,-0.0008576885,-0.0030251476,-0.0001688833,0.0015036764,-0.001440389,-0.00061547772,-0.0024589169,-0.0011483102,0.0011679044,-0.0012663049,9.3782796e-05,-0.00034261459,0.00040474155,-0.00042397702,0.00024745472,-0.00058878059,-0.0030401527
"106",-0.0004270603,0.0016353294,0.0013633854,-0.0018798179,0.0001459414,-0.00014440242,-0.00063810808,3.1961928e-05,0.00011130031,-7.9503483e-06,-6.2004462e-05,-3.6077038e-05,-0.00019789543,-0.00023642169,-0.00012842434,0.00089104787,-0.0071140465,0.00013719896,0.00017136736,0.00016223089,-0.0001247487,-0.00018817075,1.95488e-05,-6.5336349e-06,0.00021244885,-0.00018951503,0.00081611561,0.00011043719,0.00010444892,-0.00020814155,1.7075543e-05,-5.058695e-06,0.00014482437,-0.00012342617,0.0001673867,3.3375235e-06,-3.1490685e-05,0.00014857652,-0.00024161778,1.1151187e-05,3.1724079e-05,-0.00029410691,-0.00028397331,-0.0003527116,0.00018029825,0.00033856067,-1.8162991e-05,1.202834e-05,-0.0002950508,0.00024745091,-0.0013571022,-0.0003148179,-0.0001738705,0.00044838963,9.4176986e-05,4.9298462e-05,-9.6994385e-06,0.00029330881,-8.1933448e-05,6.1798598e-05,0.00021987399,-0.00012939965,0.00041033965,1.70429e-05,-6.844034e-05,0.003474032,0.00070219727,-0.00016340444,0.00013246886,-3.0305752e-05,0.00014235269,-5.2979978e-05,-1.6677596e-07,0.0010842289,-0.00045214126,0.00084774798,0.00042199984,-1.0306e-05,-0.00052301402,-0.00010780334,0.00015801029,-0.00045901929,-0.00044436103,-0.00080087786,9.5325513e-05,-0.0010290177,-0.00052966645,-0.00015193169,-0.00010072117,3.5776001e-05,-0.010964956,0.026230501,-0.0041591674,-0.0036392931,0.00072360682,-0.0021637383,-0.0032962418,0.0011293299,0.00087567104,2.0518764e-05,-0.0047181005,0.0014608553,0.00035054766,-0.0018355729,-0.00030944341,0.0020865859,0.0014013698,0.00060146693,0.0024713242,-0.00078057529,0.0055198389,0.00052637002,0.006032587,0.002899339,-0.0028790201,0.0024426781,-0.00036881164,0.0018085395,-0.0021786203,0.0024768751,-0.00098980251,0.0002861008,0.0032402939
"107",-0.0010446048,0.0013076042,0.00268054,-0.0026740127,0.00033986417,-0.0001076649,-0.0011615684,-0.00014522382,-0.00093092891,3.975805e-05,2.9104585e-05,-0.00016371804,-0.0006776061,0.0001314457,-0.00026904983,0.001521461,-0.0080741219,0.00015397215,4.007095e-05,0.00032049002,0.00027689478,0.00036754968,-4.9196621e-05,-8.062088e-07,0.0002003084,-0.00079906303,0.0001687406,5.2373708e-06,0.00012736769,-3.0642717e-05,-0.0019511993,-3.8515621e-05,0.00015532786,-0.00065527809,0.00029446264,0.00014812581,5.3135693e-05,0.00043889409,0.00060690195,2.0447958e-05,9.723604e-05,-0.00024681561,-0.00011750386,-0.00063421232,-0.00036065685,-0.00023393168,6.6505299e-05,1.0978099e-05,-0.00041450291,0.0010073832,-0.00040515915,-0.00024202023,-0.00020236031,0.00016270151,0.0028678343,9.949286e-05,-0.00025695874,0.0009317291,-0.00039986602,-0.00045531995,1.1465678e-05,-0.00051474903,-0.00090163172,-6.405274e-05,-0.00013685885,0.005518012,0.00091748024,-0.00040392621,0.00045521112,0.00068407839,0.0010858887,-0.00013409081,1.5307818e-05,0.0013777714,-0.0014976592,0.00078294573,0.00054964414,-0.00010004997,-0.00032684357,-0.0028216607,0.00027709573,-0.0007669694,-0.0013008859,-0.0013134931,0.00013045936,-0.0015558552,-0.00022872911,0.0012256182,-9.5051986e-05,0.00012100479,-0.02300887,0.040559674,-0.020503651,-0.0080499493,0.00069273718,-0.0059276516,-0.0080876093,0.0023752181,0.0014961492,7.5960391e-05,-0.0074259843,0.0063606426,0.002838687,-0.0038902552,-0.0008576885,0.0014013698,0.01193215,0.0072957909,0.0023591474,-0.0022338871,0.0091738331,0.0012073039,0.010338613,0.0034534343,-0.0094298312,0.0054068624,-0.00095279812,0.0025409564,-0.0030904387,0.0037475878,-0.0016098866,0.0015899779,0.010330948
"108",-9.2731094e-05,0.0015370102,0.0021910884,-0.0020792709,0.0002398768,-0.00011910777,-0.00047276361,8.4388329e-05,-0.0042338739,0.00010555946,0.00041747851,-0.00035067069,-0.0028160294,0.00082884654,-0.001167776,0.0027224529,-0.00030724181,-0.00017632716,0.00020302906,-5.5065497e-05,-0.0003449048,-0.00011440417,6.5028547e-05,-2.3103303e-05,2.7024285e-05,-0.00037833277,0.00010735705,-0.00010741444,0.00015634612,0.00014430096,-0.00029442853,-0.0020070008,-0.0012313322,-0.00027371131,-0.00022927615,-0.00021307864,3.0669698e-05,0.00013793818,0.0006949622,-3.4056846e-06,8.056973e-06,0.00016342567,-0.00027022836,-0.00011364924,0.00064713286,9.8048338e-06,-0.0001202167,5.0181447e-05,-0.00057099173,0.0003470158,-0.00015906437,7.5101867e-05,-0.00023276799,-4.4835446e-05,0.00016017859,0.0032971762,0.0018096754,0.00011915375,0.00030584058,-0.00060548281,0.00015340437,-0.00035330525,-0.00055668207,-5.4548597e-05,-2.7813338e-05,0.0062822476,0.00071400529,-0.0002550225,0.00019228819,0.0003582477,0.00071325309,-0.0001711864,1.1268845e-05,0.00096420421,-0.0010981739,0.00087862975,0.00056919417,2.5165223e-05,-0.00031508733,-0.00029644379,-0.0030917007,-0.0028103256,-0.00063157,-0.0019961952,-7.6357399e-05,-0.0021473916,-0.0010568291,0.0011579816,5.5017391e-05,9.2909572e-06,-0.041564492,0.029187628,-0.061998631,-0.016488114,-0.0023268687,-0.01160582,-0.0080546032,0.013452205,0.00081115891,0.00043408968,-0.0084456372,0.0087121973,0.0029896496,-0.0085019084,-0.0030251476,0.00060146693,0.0072957909,0.038068128,0.0048754101,-0.01259514,0.011659567,0.0042421974,0.015705264,0.0070334006,-0.0079122094,0.0095833278,-0.00099016952,0.0022253873,-0.0023509499,0.0024767563,-0.0015505978,0.0051223356,0.025343036
"109",-0.0028369488,0.006528333,0.0039789411,-0.0066782258,0.00068777068,-0.00067852525,-0.0022956561,-0.00016882102,0.00087551844,-4.5553562e-05,-0.00038121532,-0.00020893503,-8.4484221e-05,-0.00029792191,0.00043077335,0.0030411073,-0.025230017,-3.4991097e-05,0.00060808977,0.00020863079,-0.00030627719,-0.0006872997,0.00019696845,-3.5731081e-05,0.00013250629,-0.00060174195,0.0013622738,-3.4027243e-05,0.0001433885,0.00031589969,0.00066256486,-0.0014207128,-0.0018874064,-0.00045638002,0.00032489354,0.0002331037,-7.197126e-06,0.00062208176,0.00035398596,-1.4135601e-05,7.0491235e-05,-0.00017505718,-0.00091039292,-0.00068420175,0.0002962393,0.00089706186,-0.00032378847,3.7012725e-05,-0.00051601431,0.00083148944,-0.0027637999,0.00012387994,-0.00036067933,-0.00028508756,-0.0008017855,0.0020170414,0.0031970526,0.00094710677,-0.00036252654,-0.00035302844,-1.677369e-05,-0.00060972408,-0.00044201869,6.4903837e-05,-0.0001681675,0.012941078,0.0017636899,-0.00070744109,0.00017257328,0.00037041421,0.00079003257,2.5862414e-07,-1.2442854e-05,0.0033144191,-0.0020735985,0.0010891871,0.0010164051,-0.00022162254,-0.00033311279,0.00012260031,-0.0011567325,-0.004689401,-0.0017528477,-0.0030325171,0.00044740437,-0.0035408138,-0.0019506066,0.0017159793,-0.00037038681,4.4565739e-05,-0.037590697,0.092715135,-0.0085443828,-0.0090621181,0.0032629578,-0.0054182016,-0.012515195,0.0017847641,0.002425856,3.7098958e-05,-0.014818056,0.0048312146,0.008447187,-0.0034186683,-0.0001688833,0.0024713242,0.0023591474,0.0048754101,0.018840432,-0.0013203524,0.019749742,0.00021498794,0.019721753,0.010278225,-0.017209629,0.0081313135,-0.00096030632,0.0068496202,-0.0081586418,0.009338361,-0.0034500152,0.00050499949,0.0087740815
"110",-0.00016237677,2.3887473e-05,-0.0017715133,0.0012483465,1.0837314e-05,8.5185592e-05,0.00096633284,8.5319767e-05,0.0018263843,-4.3420935e-05,-0.00020167026,0.00052602587,0.0012857339,0.0025013878,-0.0037874198,0.0036064969,-0.011110185,0.0001779167,-8.3514367e-05,7.7347246e-05,0.0001772551,0.00023277707,-0.00010721314,2.2420217e-05,-0.00010167236,7.4080594e-05,-0.00014484138,-0.00070891379,-5.401831e-05,8.4980636e-06,-0.00020789525,5.4793278e-05,0.00012785794,-0.0026116944,-5.003273e-05,-0.00013986362,-8.8391088e-05,-0.00030298872,-0.00020851618,1.6836129e-06,3.8427059e-05,-0.0003539833,0.00015146259,0.00018761692,-2.9011697e-05,-4.9484459e-05,0.00014060335,-3.9385796e-05,0.00023261972,-0.00016321108,6.993532e-06,0.0013247016,5.7717617e-05,-6.9077607e-05,0.00022348715,-0.00029898692,-0.00040114452,0.0041338394,-4.1552453e-05,0.00062406835,0.00012568196,0.00057501904,0.0003414749,4.2423849e-05,-4.6614e-05,-0.0035096026,-5.4047938e-05,0.00032591621,-0.00017087283,6.5031406e-05,-0.00034824875,-0.00010230868,2.7315719e-05,-0.0012469327,0.00063174636,8.8325869e-05,-0.0012112736,-3.4843968e-05,0.00021606816,-0.00042555341,-7.6077019e-05,0.00062086595,-0.0041072708,0.0009063566,-0.000322712,0.0010097288,0.00044836373,-0.00036885929,6.0557552e-05,3.8480216e-05,0.020479778,-0.029140472,0.028558816,0.0073824939,0.00022895123,0.0062319924,0.0051653344,-0.0065278489,-0.00035836827,-0.00026836385,0.0062729606,-0.0045705338,-0.0050231452,0.0071906648,0.0015036764,-0.00078057529,-0.0022338871,-0.01259514,-0.0013203524,0.019834319,-0.007151432,-0.0010653813,-0.0087405407,-0.0034338632,0.0051224948,-0.0055524022,0.00045276812,-0.0014540594,0.0018047856,-0.0024813018,0.0012312173,-0.0023295388,-0.012594655
"111",-0.0056908826,0.010811991,0.0053302391,-0.013507008,0.0014216161,-0.001065125,-0.0039730967,-0.00042953388,-0.00022530098,0.00016859481,-0.00018870131,-0.00069974213,-0.0016009238,-0.0011471716,0.0014041688,0.0045694448,-0.042562848,-0.0002563529,0.0012540837,0.00030853505,-0.00038867771,-0.0010267665,0.00036361173,-8.3577675e-05,0.00024163199,-0.001967282,0.0029709786,-0.00010579443,0.00027174745,0.0004182438,0.00086374824,-0.00059699921,-1.9533152e-05,-0.0012451136,-0.0011137287,-0.0003299078,0.00052984157,0.0011823227,0.00020958097,-3.1436765e-05,0.00013072975,1.1547065e-05,-0.0020762365,-0.001002412,0.0003624203,0.0015390671,-0.00058140824,0.00010757245,-0.00031723937,0.0022241966,-0.0042714263,0.00032110289,-0.0006004537,-0.0003720619,-0.0010454826,0.0005967384,0.00037397335,0.0026595532,0.0021635184,0.00033797188,-0.00052104212,-0.0012765916,-5.0019809e-05,6.2737719e-05,-0.00029208901,0.026794616,0.0034115912,-0.0017260652,0.0003055453,0.00072013888,0.0014099385,6.5620899e-05,-6.8380919e-05,0.0068505893,-0.0045754544,0.0035166144,0.0021534757,-0.00045997476,-0.0009418254,-0.00016350939,0.00089522875,-0.0043816316,-0.0036544303,-0.0091339699,8.174206e-05,-0.0070375924,-0.0037028868,0.0031438615,-0.00082834887,0.00012889018,-0.089343139,0.19274751,-0.044296837,-0.024286451,0.0057264841,-0.015360195,-0.028172515,0.010039923,0.005030836,0.00041345857,-0.031624796,0.015577329,0.015583642,-0.010574795,-0.001440389,0.0055198389,0.0091738331,0.011659567,0.019749742,-0.007151432,0.050533452,0.0055796892,0.042375714,0.021480552,-0.034707023,0.01998213,-0.0023778262,0.013479225,-0.016215013,0.018705162,-0.0073623238,0.0031958112,0.028434918
"112",0.00042161131,0.0014360901,-0.0009160485,-0.00086324354,7.8655321e-05,-8.7329557e-05,0.00037487949,0.0001348145,-0.00056802685,6.5697309e-05,0.00017436823,-7.156942e-07,6.3568198e-05,7.6568468e-05,-0.000337516,0.00086698901,-0.0018688428,6.0882918e-06,0.00027064462,4.4287642e-05,-0.00016809925,0.00010676176,8.9236211e-05,5.8463993e-06,-6.3153642e-05,-0.00044947675,0.00064965331,-0.00011743643,6.6641498e-05,-2.7576402e-05,8.9752805e-05,-2.9745278e-05,5.1609794e-05,-0.00023949829,-0.0004955238,-0.0020054234,-0.00011074629,0.00026981577,-0.0001303178,-5.2582945e-05,2.2394789e-05,-3.69507e-05,-0.00051324809,-9.6139904e-05,0.00013770903,-0.0002877587,-6.5217512e-05,5.6886245e-06,-0.0001278278,0.00054879541,-0.00075145612,-5.1360807e-05,-0.00014719878,9.0500092e-05,-0.00019446872,-2.4076601e-05,-0.00013013932,0.00049392194,0.00085518974,0.0031793436,0.00018960943,-0.0005581462,0.0002226817,0.00016509132,-4.6172648e-05,0.0021454959,0.00030276911,8.9565956e-05,-1.1844273e-05,0.00015740365,0.00069661787,4.098502e-05,-4.6495693e-06,0.00022452798,-0.00063607859,0.0003741354,7.8538342e-05,-2.3458415e-05,-0.00013035636,-1.7961616e-05,0.00017821364,-0.00028960016,-0.00051156285,-0.001369013,-0.0034575235,-0.00078667025,-0.00020415014,0.00026135295,-4.8534612e-05,4.0754328e-05,-0.010257213,0.0093147681,-0.011191732,-0.0035604575,-0.00067133675,-0.0022189571,-0.0021094609,0.00088093454,5.3764142e-05,7.9225713e-05,-0.0020105337,0.0027954872,0.0011280882,-0.0017376356,-0.00061547772,0.00052637002,0.0012073039,0.0042421974,0.00021498794,-0.0010653813,0.0055796892,0.011860742,0.0041924527,0.001142292,-0.0018877674,0.002310387,-0.00031093479,0.00085813878,-0.00089374892,0.0007985182,-0.00047048993,0.0008737495,0.0046086493
"113",-0.0059426453,0.013088662,0.0066013025,-0.015132003,0.0016354047,-0.0011036965,-0.004074802,-9.6613805e-05,-0.00073537246,-0.0001342657,-0.00021369961,-0.00045811876,-0.0022146504,-0.0018402507,0.0024942764,0.0047182199,-0.042232447,-0.00011134969,0.0011459859,0.0011113378,-0.00061698191,-0.00043868699,0.00013284252,-7.586952e-05,0.00086615259,-0.0023431876,0.0043413594,0.00012941149,0.00053259016,0.00036895634,0.00078946284,-0.00053966985,0.00034431954,-0.0014362761,0.0015975754,3.6334573e-05,-0.0035583548,0.00062567687,0.00027814164,3.6236445e-05,0.00014214535,-0.00040752239,-0.0019589399,-0.0024373435,0.00055455694,0.00073718604,-0.00035141172,0.00010247242,-0.0015715592,0.0029488542,-0.0065769798,4.9928148e-05,-0.00092760931,-0.00021305773,-0.00086802945,0.00048381898,-2.048383e-05,0.0030764206,-0.0017555085,-0.00038038759,0.0051929362,-0.00048632278,-0.00017939919,-7.491191e-05,-0.00034456045,0.028821268,0.0038865194,-0.0021724097,0.00088044197,0.00076393758,0.0022796443,-0.00026880044,-5.2880797e-05,0.0077696061,-0.0044938765,0.0040626738,0.0023794654,-0.00028401964,-0.0010755083,-0.00013311928,0.0011130122,-0.0044484195,-0.0039587068,-0.0060415817,0.00075338524,-0.013113616,-0.004915398,0.0031772141,-0.00066734275,0.00011206341,-0.099403973,0.2020498,-0.054824282,-0.028369659,0.0072136839,-0.019657499,-0.029924762,0.010538176,0.0059539384,0.00048121232,-0.036133903,0.017495691,0.013889529,-0.012470564,-0.0024589169,0.006032587,0.010338613,0.015705264,0.019721753,-0.0087405407,0.042375714,0.0041924527,0.063239155,0.026152688,-0.036008149,0.021447555,-0.0025718421,0.014832426,-0.017572553,0.019874454,-0.0078150476,0.0040765021,0.033032408
"114",-0.0038941907,0.0043651461,0.0040814095,-0.0072305971,0.00070063087,-0.00046607361,-0.0027318644,-0.00034612681,-0.00031048515,2.5891697e-05,-0.00010197658,-0.00026721136,-0.0010253943,-0.00010936503,-4.3402699e-06,0.0030886017,-0.023985366,-0.00017081325,0.00024918093,0.00042423527,-8.8938465e-05,-0.00035356853,-3.6483178e-06,-4.0620878e-05,0.00032312126,-0.00074371321,0.0017145207,0.00017773869,0.00023587614,0.00019361457,0.0005692069,-0.00026045036,0.00010697263,-0.00082831361,0.00055476085,0.00029005766,-0.00070369306,-0.0012867688,0.00035967812,0.00017185618,3.6071186e-05,7.1095932e-05,-0.00046767877,-0.0010979018,9.1293703e-05,0.0006287654,-3.3760751e-05,4.2482176e-05,-0.00028465272,0.0008309236,-0.0026379952,-0.00024593005,-0.00040777022,-0.00018749077,-0.00066752558,0.00036864865,0.00012099087,0.0018571946,-0.00068027659,-0.00086341118,0.0010273521,0.0023272021,-0.00054525943,-0.00018820035,-9.0797498e-05,0.01373389,0.001620817,-0.0010938487,0.00032042168,0.0003311085,0.00097746731,-0.00017853441,-3.3045829e-05,0.0034180957,-0.0021319744,0.002569803,0.0015351142,-0.00015994633,-0.00050249796,0.00051096192,0.00045935624,-0.0023291849,-0.0019003404,-0.0031020912,0.0004981054,-0.0047698538,-0.0050019539,0.0016158715,-0.00031559848,2.435851e-05,-0.047199677,0.10070691,-0.025010365,-0.012713893,0.0037443005,-0.0092126395,-0.014727232,0.005024497,0.0032421797,0.00020879363,-0.016201178,0.0072830567,0.0051101302,-0.0068654047,-0.0011483102,0.002899339,0.0034534343,0.0070334006,0.010278225,-0.0034338632,0.021480552,0.001142292,0.026152688,0.020856349,-0.018370111,0.010344431,-0.0011225103,0.0070414673,-0.0084726435,0.010119127,-0.003731294,0.0018249452,0.015758736
"115",0.006452032,-0.0079655078,-0.0066277161,0.011509162,-0.0012819762,0.00091312963,0.0043383244,0.00060558084,-9.5969933e-05,0.00012488792,0.00016967457,0.00073759807,0.001079427,0.0033210266,-0.0054485135,0.00019177594,0.024906001,0.00021905713,-0.00098882236,-0.0015147339,-8.1068448e-06,0.00072015814,-0.00014885532,8.8804496e-05,-0.00051593428,0.0013822404,-0.0017237058,-0.00026000793,-0.00031455575,-0.00056465088,-8.1279558e-05,0.0006747056,0.00019501758,0.0009294079,-0.00074191593,-0.0003817496,0.00035265766,-0.00069358904,-0.0032284109,-4.0768311e-05,-0.00011116808,-0.00012953659,0.0015759113,0.0028452203,0.0001023867,-0.0010847181,0.00029156785,-8.6947585e-05,0.00089918834,-0.0014617275,0.0025472273,1.5746961e-05,0.0006460503,0.00076119634,-0.00026520951,-0.0007933283,-0.00043439758,-0.0020102803,0.0010482591,0.00084437694,-0.00031684106,0.00052965131,0.0047787496,0.00019215327,0.00022285988,-0.021434229,-0.0025790043,0.0011322552,-0.0018632556,-0.0009726933,-0.0014493369,-4.4895322e-05,8.129809e-05,-0.0056244598,0.0035955009,-0.0017954359,-0.0018544855,0.00033745245,0.00022904057,0.00077761051,-0.00070875071,0.003652419,0.0029793851,0.0051148892,-0.00065347528,0.0061006005,0.003109476,-0.0066043256,0.00060755614,-0.00010244504,0.070416528,-0.16335561,0.032097598,0.018181023,-0.0042731783,0.017002125,0.024820603,-0.0059802015,-0.0045236507,-0.00035175286,0.026187979,-0.011761105,-0.016097027,0.0085498689,0.0011679044,-0.0028790201,-0.0094298312,-0.0079122094,-0.017209629,0.0051224948,-0.034707023,-0.0018877674,-0.036008149,-0.018370111,0.041953061,-0.016176411,0.0019274174,-0.011152257,0.013549004,-0.016234484,0.0060931107,-0.0023129303,-0.022142739
"116",-0.0019639867,0.0056230162,0.0027148012,-0.0062770501,0.0005890243,-0.00047494106,-0.0018141552,-5.2935835e-05,-0.00091982828,-4.2933105e-06,-3.2895799e-05,-0.00031356661,-0.0012970801,-0.00090455905,0.00079474406,0.0019630163,-0.016685001,-0.00012527862,0.00055219755,0.00019242601,-0.00031031063,-0.00013074133,0.00013743621,-3.4767989e-05,0.00026195852,-0.00088857612,0.0019521641,0.00016678658,0.00019248503,0.0001831041,0.00026041408,-8.9741341e-05,0.00010800939,-0.00063290742,0.00041074738,2.2285385e-05,6.6355789e-05,0.00070350021,7.6006746e-05,-0.00031235785,5.6747568e-05,6.3362884e-05,-0.00096978064,-0.00055280178,0.00032494368,0.00025999317,-0.00017770222,3.6344667e-05,-0.00044071224,0.0010712945,-0.0032471666,-0.00042137702,-0.00032383791,-0.00012049669,-0.00026747063,-5.6436281e-06,0.00013486587,0.0012771097,-0.00026043107,-0.00014888979,1.2114497e-05,-0.00071461639,-3.4855651e-05,0.00084170453,-0.00013930939,0.012645994,0.001593598,-0.00088345121,0.0002194171,0.00027969183,0.0010160169,-8.0827888e-05,-1.5882621e-05,0.0032553577,-0.0021005136,0.0018527032,0.0013052017,-0.00021102826,-0.00044720731,-7.8583174e-05,0.00075594153,-0.0019721067,-0.0016684364,-0.0029768105,0.00042779085,-0.0033891622,-0.0016717006,0.0014019025,-0.0012201223,4.9721074e-05,-0.046075507,0.088655553,-0.031292464,-0.013596398,0.0022884303,-0.009220071,-0.013414856,0.0061465607,0.0025474877,0.00023735784,-0.015459824,0.0084199843,0.0059230456,-0.007462502,-0.0012663049,0.0024426781,0.0054068624,0.0095833278,0.0081313135,-0.0055524022,0.01998213,0.002310387,0.021447555,0.010344431,-0.016176411,0.013230194,-0.0012002346,0.0061991754,-0.0074302488,0.0084526619,-0.003516603,0.0024081633,0.01717896
"117",0.00030426692,-0.00084075569,-0.00032477894,0.00075876777,-8.7391927e-05,7.483561e-05,0.00019587663,4.31547e-06,8.9525144e-05,-6.8903094e-06,2.0069746e-06,1.3719957e-05,0.00011272133,0.00011301378,-0.0001483367,-0.00018574682,0.0019290133,-1.0955162e-05,-8.739123e-05,-1.5623599e-05,3.5900054e-05,3.8979122e-05,-1.3580512e-05,3.2053599e-06,-1.9731106e-05,0.00015899836,-0.00022175099,-4.9881864e-06,-1.511084e-05,-3.7572954e-06,3.3884409e-05,1.2710095e-05,-6.7038846e-06,0.00012109626,-5.9234887e-05,-6.4049991e-06,-5.6002452e-06,-9.6371902e-05,-1.0479923e-06,9.116493e-07,-3.3393161e-05,3.4681868e-05,0.00014405411,5.8627638e-05,-3.521529e-05,-6.4985774e-05,2.6980971e-05,-4.699147e-06,8.2465449e-05,-0.00020031979,0.00034072629,1.3259469e-05,3.2651411e-05,-1.0010776e-05,-4.5867942e-05,-2.2013181e-05,-2.4779107e-05,-0.00021419843,4.9458454e-05,1.7134301e-05,-5.1135134e-05,0.00011657768,8.7289406e-06,-1.1235172e-05,5.1627543e-05,-0.0014763888,-0.00022551745,8.9718365e-05,-1.4311066e-05,-3.6907636e-05,-0.00011143134,6.0838075e-06,1.9952294e-08,-0.00039815346,0.00027253991,-0.00021381828,-0.00012946039,3.2705146e-05,7.4889009e-05,0.000110241,-7.1537069e-05,0.00022278656,0.00024400389,0.0003679302,-1.7851778e-05,0.00041820566,0.00017904668,-0.00017724073,4.3703888e-05,-3.3639116e-05,0.0052641892,-0.010528557,0.0033266772,0.0016481965,-0.00023630552,0.00098935281,0.001597484,-0.00063571369,-0.00028833315,-2.30314e-05,0.0018829397,-0.0010608258,-0.00070157118,0.0007299452,9.3782796e-05,-0.00036881164,-0.00095279812,-0.00099016952,-0.00096030632,0.00045276812,-0.0023778262,-0.00031093479,-0.0025718421,-0.0011225103,0.0019274174,-0.0012002346,0.0002305274,-0.0007558429,0.00090901281,-0.0010300018,0.00041773502,-0.00025154448,-0.0018813322
"118",-0.0020698904,0.0053257378,0.0015325062,-0.0054121227,0.00061514005,-0.00048824418,-0.0010303753,8.5518207e-06,0.00013899162,-2.603478e-05,-0.0001247196,-0.0001860303,-0.00039139982,-0.0010755659,0.0011745291,0.0012345442,-0.013436878,-4.7861745e-05,0.00058335148,0.00023711296,-0.00022708361,-0.00019902868,0.0001260984,-3.3568211e-05,0.00030884031,-0.00085411561,0.0016481421,-7.7656078e-05,0.00014990025,0.00018203493,0.00045676207,-0.00015332389,0.00010372472,-0.00051551804,0.0005432308,9.5637239e-05,-9.7659912e-05,0.00050243217,7.3581302e-06,-1.1391682e-05,5.7088774e-05,-0.00010782444,-0.00087017819,-0.00062785712,0.00017734009,0.00025377034,-0.0002065046,4.0508677e-05,-0.00050419917,0.0010787938,-0.0026560238,0.00013957627,-0.00026232775,-0.0001537022,-0.00050162687,0.00019141674,0.0001104733,0.0010922302,-0.00051713263,-6.1187238e-05,0.0002731555,-0.00059553693,7.1774029e-05,5.5740811e-05,-0.00012734532,0.0093688964,0.0012689761,-0.00063421362,0.00019826945,0.00026192667,0.00075715789,-2.680711e-05,-1.5413808e-05,0.0025846463,-0.001540663,0.0013161751,0.00071616012,-0.00015490116,-0.00029393457,1.3390014e-05,0.00038679738,-0.0014917736,-0.0012933386,-0.0020578821,0.00028455314,-0.0026897372,-0.0012871021,0.00096518693,-0.0002713653,3.8144057e-05,-0.029607502,0.062771199,-0.011554146,-0.0077360717,0.0022514125,-0.0049920893,-0.0089945454,0.001848357,0.0017329378,0.000104388,-0.011256316,0.0050040803,0.0038451038,-0.0030605753,-0.00034261459,0.0018085395,0.0025409564,0.0022253873,0.0068496202,-0.0014540594,0.013479225,0.00085813878,0.014832426,0.0070414673,-0.011152257,0.0061991754,-0.0007558429,0.0054524831,-0.0062155678,0.0067068172,-0.0024447016,0.00086397327,0.0078020934
"119",0.0027946807,-0.0060487801,-0.002019447,0.0063086124,-0.00076221612,0.000552885,0.0014642363,5.3483219e-05,-0.00016924287,4.961119e-05,0.00015877828,0.00023771584,0.00052258859,0.0011110356,-0.0015087461,-0.0013761491,0.016386247,2.5222855e-05,-0.00063874636,-0.00032068881,0.00021676102,0.00021560692,-0.00013845112,3.5930136e-05,-0.00037332138,0.00094269261,-0.0018599505,3.215386e-05,-0.00015843509,-0.00018777402,-0.00046980461,0.00020770359,-8.4759252e-05,0.00058441923,-0.00056753491,-0.00011827127,9.4293735e-05,-0.00055302229,1.5751514e-05,-4.1618733e-06,-6.7967552e-05,0.00014004458,0.00098862714,0.00075259059,-0.00014237082,-0.00034343102,0.00026141173,-4.6652629e-05,0.00059796244,-0.0011923662,0.0029831536,-0.00013695319,0.00031194054,0.00018404727,0.00054201332,-0.00024214052,-0.00011471383,-0.0013316703,0.00061480912,0.00014053563,-0.00025439271,0.0006381106,-4.592762e-05,-2.7923847e-05,0.00015042395,-0.010912856,-0.0014905814,0.00075442856,-0.00022319563,-0.00031129323,-0.00082079268,2.1082693e-05,2.0866683e-05,-0.0030275259,0.0017827187,-0.0015559101,-0.00081309294,0.00018125902,0.00034080228,-1.4308209e-05,-0.00046709865,0.0017090625,0.0014947916,0.0024124065,-0.00038288881,0.0030712467,0.0015087275,-0.0011724926,0.00032167043,-4.6051713e-05,0.034650108,-0.077019374,0.013387872,0.0091614005,-0.0027660787,0.0059094277,0.010944159,-0.0023067708,-0.0020983333,-0.00012272029,0.013395376,-0.0058144634,-0.0050343935,0.0035184482,0.00040474155,-0.0021786203,-0.0030904387,-0.0023509499,-0.0081586418,0.0018047856,-0.016215013,-0.00089374892,-0.017572553,-0.0084726435,0.013549004,-0.0074302488,0.00090901281,-0.0062155678,0.0074457433,-0.0083055768,0.0029498001,-0.0009824503,-0.0093324134
"120",-0.0050285191,0.0046010076,0.0018903818,-0.0069414476,0.00078824669,-0.00055249375,-0.0024643096,-0.00064169357,0.00019083027,-4.9427266e-05,-0.00017743606,-0.00032192101,-0.00068210937,-0.0011955441,0.0019342115,0.0014399448,-0.019286922,-1.9774868e-05,0.00051283998,0.00044735086,7.9145493e-05,-0.00028179935,0.00016976711,-4.0030084e-05,0.00038909888,-0.00081917309,0.0013114945,-5.4574174e-05,0.00014758423,0.00021707387,0.00037276685,-0.00024962966,0.00013382231,-0.00063298326,0.00051794572,0.00024317262,-7.4843292e-05,0.00041608256,0.00019650088,2.7517936e-05,6.7411432e-05,-7.794622e-05,-0.00082441574,-0.0008949969,-9.538219e-05,0.0005130527,-0.00033622976,4.8849136e-05,-0.0004868695,0.00091750162,-0.0019447166,0.00027100295,-0.00030729679,-0.0002680572,-0.00043295781,0.00043639122,-5.9306819e-05,0.0014901933,-0.00076633089,-0.00046280244,4.1083485e-05,-0.00051929604,-0.00010541177,-0.00017754562,-0.00013772776,0.011875752,0.0016091953,-0.00090126717,0.00029840617,0.00046484453,0.00083585887,-6.7445976e-06,-2.2258981e-05,0.0032881855,-0.0019090508,0.0013054614,0.00087337448,-0.00021947843,-0.00036654382,-2.3617387e-05,0.00051801988,-0.0018348625,-0.0015755425,-0.0026352805,0.0004894375,-0.0033572943,-0.0018000564,0.0014030108,-0.00031702512,4.5818139e-05,-0.037940284,0.09294569,-0.014735488,-0.01013352,0.0034525892,-0.0069341663,-0.013381238,0.0027660725,0.0024740814,0.00012033689,-0.014985341,0.0060337348,0.0081220087,-0.0036769773,-0.00042397702,0.0024768751,0.0037475878,0.0024767563,0.009338361,-0.0024813018,0.018705162,0.0007985182,0.019874454,0.010119127,-0.016234484,0.0084526619,-0.0010300018,0.0067068172,-0.0083055768,0.010364489,-0.0033810805,0.0010508747,0.010877538
"121",0.0010110816,-0.0022280312,-0.00074970067,0.0024776734,-0.00029112132,0.00020911738,0.0006052573,7.1171741e-05,-0.00010629386,3.2369348e-05,5.2919786e-05,0.00010305725,0.00025508647,0.0004275551,-0.00052565609,-0.00070874157,0.0073723455,3.6834547e-05,-0.00025598832,-8.455793e-05,5.8067314e-05,4.9917672e-05,-4.9883388e-05,1.3295932e-05,-0.00013738018,0.00036790969,-0.00065980392,4.767288e-06,-5.8663646e-05,-7.4930084e-05,-0.00015101694,4.0241922e-05,-5.5010541e-05,0.0002156433,-0.0001544179,-4.0136953e-05,-1.4797007e-05,-0.00025089673,-8.2440314e-06,1.6805207e-05,-2.580569e-05,1.0687538e-05,0.0004152167,0.00023836035,-2.5165718e-05,-9.7339412e-05,9.0772381e-05,-1.6222982e-05,0.00018693832,-0.00047628836,0.0010485467,-2.0464977e-05,0.00010361196,6.7251387e-05,0.00014883014,-2.2769498e-05,-1.5757755e-05,-0.00046739953,0.00016876372,7.2735343e-06,-5.4182915e-05,0.00027108763,-8.1869673e-06,-2.7308115e-05,5.6646442e-05,-0.0050108838,-0.0006821642,0.000346915,-6.552829e-05,-0.00015348358,-0.00040793226,2.6411325e-05,9.7881826e-06,-0.0013753492,0.00080233752,-0.00064327651,-0.0004176761,8.2908199e-05,0.00017422022,1.6262152e-05,-0.00021163917,0.00077426351,0.00066164261,0.0011406946,-0.00017436031,0.0013954991,0.00065707944,-0.00051865068,0.00015066625,-2.0263167e-05,0.015289472,-0.035190847,0.0070817882,0.004221302,-0.0011440313,0.0026995471,0.0050668565,-0.0012625576,-0.00099491338,-6.5890519e-05,0.0058750612,-0.0026204847,-0.0026124192,0.001825232,0.00024745472,-0.00098980251,-0.0016098866,-0.0015505978,-0.0034500152,0.0012312173,-0.0073623238,-0.00047048993,-0.0078150476,-0.003731294,0.0060931107,-0.003516603,0.00041773502,-0.0024447016,0.0029498001,-0.0033810805,0.0014951773,-0.00051687038,-0.0044923236
"122",-0.00011432062,0.00080572157,0.00038495357,-0.00084427173,9.63898e-05,-5.0165721e-05,-0.00014589104,6.543024e-05,-0.000727659,-1.899814e-05,7.1516956e-05,-5.4036832e-05,-0.00042858076,-0.00011680431,0.00013753161,0.00027868155,-0.00033023902,-1.8725607e-05,0.00011419335,1.8983285e-05,-5.2239519e-05,3.6781943e-05,1.3282079e-05,-6.9113379e-06,2.1343963e-05,-0.00018413061,0.00027434183,-3.0365318e-06,3.1894001e-05,3.2283421e-05,1.7986299e-06,-1.6242756e-05,5.5121913e-06,-0.00010996826,7.3523498e-05,-1.3950528e-05,2.2120069e-05,8.6762192e-05,2.9359035e-05,-1.1410283e-05,7.8944754e-06,-5.4671074e-06,-0.00017043827,-7.5290436e-05,6.5116367e-05,-4.748735e-05,-2.1613395e-05,1.3043613e-05,-0.00013471264,0.00018254745,-0.00037719531,-9.6521712e-06,-6.1955305e-05,-1.2629419e-05,-9.8684121e-06,4.9344111e-05,1.2017167e-05,0.00015308322,-3.8362538e-05,-0.00010530764,2.5131284e-05,-0.00014433774,1.7221261e-06,3.3193382e-05,-1.8714223e-05,0.0020988158,0.00027668356,-0.00012659485,6.6848986e-05,8.8795043e-05,0.00020278123,-1.5683521e-05,-3.2992866e-06,0.00048630181,-0.00032395794,0.00030812869,0.00018639892,-1.2021807e-05,-8.7329341e-05,-4.6375916e-05,0.00010111733,-0.00033361186,-0.00024398484,-0.00051200129,4.6925164e-05,-0.00059606805,-0.00027639676,0.00023740919,-6.3653409e-05,4.0255353e-06,-0.010273317,0.011087017,-0.01222442,-0.003796154,-0.00020127193,-0.0026541911,-0.0023526126,0.0024995135,0.00031187718,0.00010017051,-0.0026336488,0.0021554039,0.00077863338,-0.0018979305,-0.00058878059,0.0002861008,0.0015899779,0.0051223356,0.00050499949,-0.0023295388,0.0031958112,0.0008737495,0.0040765021,0.0018249452,-0.0023129303,0.0024081633,-0.00025154448,0.00086397327,-0.0009824503,0.0010508747,-0.00051687038,0.0011094636,0.0050110987
"123",-0.0026665705,0.005676165,0.0051566384,-0.0078592583,0.00074124386,-0.00051669062,-0.0028831365,-0.00012777509,-0.0033855169,0.00010379575,0.00017426194,-0.0010476212,-0.0042792379,-0.00048968495,0.00067397009,0.0026082417,-0.01732194,-9.0366464e-05,0.00047436462,0.00016136285,-0.00030946932,-0.00037494068,0.00010979087,-5.6356876e-05,0.00021047519,-0.0013491143,0.0017996577,8.5712038e-05,0.00023610136,0.00020282962,3.631372e-05,-0.00015557898,0.00016642182,-0.00083885851,0.00041660808,7.0797683e-06,6.252301e-05,0.00052360664,0.00027057547,-7.8798044e-06,6.2709242e-05,3.8666048e-05,-0.00089112585,-0.00072788671,0.00033566089,0.00064974701,-0.00018391778,7.5191426e-05,-0.00060979548,0.0014783082,-0.0026278835,-4.4590139e-05,-0.00046459254,-0.0001048364,-5.0499463e-05,0.0002973097,7.8871732e-05,0.0014050711,-0.00027457066,-0.00069742031,0.00016112314,-0.00062397839,-0.00024742484,4.7200332e-05,-0.00013396088,0.016234414,0.0021338164,-0.0011746187,0.00041541505,0.00057798996,0.0013716645,-0.00017649768,-3.5213894e-05,0.0039363031,-0.002967055,0.0021641368,0.0014292072,-0.00018051135,-0.00061288599,-0.00031364665,0.00074003997,-0.0026205695,-0.0020919409,-0.0039838832,0.00037954939,-0.0047545615,-0.0024254859,0.0019709454,-0.0004400393,5.7085699e-05,-0.072968354,0.11810481,-0.067224013,-0.024351431,0.0017906917,-0.016735164,-0.02000292,0.014224043,0.0034902649,0.00054388572,-0.021895689,0.014605939,0.0091114123,-0.01177127,-0.0030401527,0.0032402939,0.010330948,0.025343036,0.0087740815,-0.012594655,0.028434918,0.0046086493,0.033032408,0.015758736,-0.022142739,0.01717896,-0.0018813322,0.0078020934,-0.0093324134,0.010877538,-0.0044923236,0.0050110987,0.035937136
