 0.98692942E-02    0.27691999E-02    0.12344874E-01    0.41108793E-02    0.40931055E-02
 0.19509452E-01   -0.10479739E-02    0.54177463E-03    0.77849511E-04    0.65419622E-03
 0.17293517E-03   -0.11406106E-02   -0.13825644E-03   -0.85049208E-04    0.59282474E-03
 0.12163726E-02    0.14804949E-03   -0.49276777E-02   -0.10442705E-03    0.84977487E-04
 0.32413154E-02    0.17995399E-02    0.12610472E-02    0.15893114E-02   -0.41554438E-04
 0.38957452E-04    0.26704283E-03    0.14140048E-02    0.21981164E-03   -0.80688902E-04
-0.35821990E-04   -0.10540770E-03    0.26552228E-04    0.27060262E-04    0.39713441E-04
 0.26826613E-03    0.12435027E-04   -0.33007099E-04   -0.30606834E-04    0.30566918E-04
 0.13667864E-04    0.38442149E-04    0.60381295E-05   -0.69010887E-04    0.62055270E-03
-0.47367382E-04    0.18696167E-03    0.20535626E-04    0.32380240E-04   -0.95390289E-04
-0.43703786E-04   -0.40946480E-04   -0.15677932E-04   -0.35520293E-05    0.31472979E-03
 0.51953131E-04   -0.67341820E-04    0.77497571E-04   -0.10470423E-04    0.77022841E-04
 0.15274182E-04    0.48498346E-04    0.14183793E-04    0.10958837E-03   -0.94419549E-04
 0.81295886E-03   -0.39368223E-03   -0.35286725E-04    0.73421160E-03    0.40414461E-04
-0.17711162E-04   -0.69588774E-03   -0.10401494E-03   -0.69745367E-05    0.12772442E-04
 0.29495777E-04    0.19819475E-04    0.85971764E-03    0.20314303E-03    0.17661042E-03
 0.10792674E-03    0.29207889E-05    0.68687384E-04    0.22085332E-03    0.11816399E-03
-0.21644906E-04    0.17455397E-04   -0.53558585E-04    0.63791556E-04   -0.20774718E-03
 0.14621158E-02   -0.55527639E-03    0.91760702E-04   -0.43437537E-03    0.92192906E-04
-0.67770490E-04   -0.15574546E-04   -0.21319623E-03   -0.18848893E-04    0.15505126E-04
 0.70876154E-04   -0.53862434E-04    0.65405730E-04   -0.81280180E-04    0.75552764E-03
 0.15206322E-03   -0.78480778E-04    0.33303411E-04    0.19360672E-05    0.12508946E-03
 0.49561475E-04    0.13102663E-03    0.49289398E-06    0.44715235E-04   -0.55534847E-04
 0.19504605E-03   -0.14498885E-03    0.26182977E-03   -0.17490965E-03    0.27517873E-02
-0.20113164E-02    0.69482173E-03   -0.47803017E-02    0.14787318E-03   -0.15565519E-03
 0.13240378E-02   -0.51472228E-03   -0.20462725E-04   -0.30392127E-04   -0.44716575E-04
 0.29240622E-04   -0.26323108E-03   -0.11999417E-03    0.14952380E-03    0.89737522E-04
 0.19063676E-01    0.34677649E-03   -0.12496801E-02    0.14585751E-02   -0.13502889E-03
 0.76282344E-04   -0.57878564E-03   -0.96612885E-05    0.65293361E-04   -0.11853376E-04
 0.26017642E-06    0.28700984E-04    0.14981256E-03   -0.63843018E-04   -0.55665466E-04
-0.20306051E-03   -0.95596438E-02    0.11548904E-01   -0.35063983E-03    0.45901606E-03
 0.97261661E-03    0.19449154E-03   -0.14524233E-03   -0.67425884E-03   -0.15315588E-03
-0.49041489E-04    0.22329251E-04    0.14571982E-03   -0.20979733E-04    0.14355520E-03
 0.10439310E-03    0.17766669E-04    0.35712386E-04   -0.46101785E-02    0.34025758E-02
 0.10962152E-01    0.47171970E-02   -0.61368125E-02   -0.98989740E-02   -0.12708130E-02
 0.10372226E-02    0.60726467E-02    0.96697170E-03    0.18483077E-03    0.19847356E-03
-0.86436207E-03    0.59622849E-03   -0.34290886E-03   -0.35322439E-03    0.12939779E-03
-0.13531081E-02    0.10963366E-01   -0.60753970E-02   -0.21594015E-01    0.10275313E+00
-0.12401606E-03    0.15690240E-03   -0.40275386E-03    0.40254661E-04   -0.13292433E-03
 0.49514465E-04   -0.56729142E-04   -0.22319311E-04   -0.49463157E-04    0.12384785E-03
-0.19441004E-03    0.17804540E-03   -0.17652028E-03    0.22783038E-03   -0.35441561E-03
 0.41530855E-04    0.11657137E-03    0.15601103E-03   -0.28991054E-03    0.16885393E-02
-0.48866055E-03   -0.54692971E-03   -0.83978430E-03    0.19716139E-04    0.59913582E-04
 0.15137845E-03   -0.16415608E-03    0.17977190E-04    0.65757191E-05   -0.23111361E-04
-0.22336823E-04   -0.41306421E-04   -0.38200296E-04    0.28234757E-06    0.69781439E-04
-0.91210857E-05    0.17015344E-03    0.34477246E-04    0.16776252E-03   -0.46136946E-04
 0.15977790E-02   -0.27711845E-03   -0.14933013E-02    0.15246688E-02   -0.12313229E-04
 0.11629007E-03   -0.55090054E-03    0.37072894E-04   -0.30645218E-04    0.13534757E-04
-0.12107099E-04    0.67655406E-04    0.55708061E-04    0.14625132E-04   -0.48808125E-04
 0.97590302E-04   -0.15775787E-02    0.89540786E-03    0.14237540E-03   -0.40920034E-03
-0.10615390E-03   -0.38676393E-03    0.32283918E-02    0.80207713E-03   -0.41044678E-04
-0.35767851E-03   -0.12745250E-03    0.18735879E-04    0.14489811E-03    0.34356030E-04
 0.45753368E-04    0.19395399E-04   -0.26658367E-04    0.52081056E-04   -0.13461412E-04
 0.46974378E-04   -0.89277889E-04    0.12430914E-03   -0.27719423E-02    0.16640414E-02
 0.80048110E-03   -0.10736243E-02    0.25152237E-04    0.27728426E-03   -0.24919622E-03
 0.32887182E-02    0.10127082E-02    0.90191791E-03    0.57143457E-04   -0.10421810E-03
-0.69566317E-05    0.28220923E-03    0.25051818E-03    0.19068907E-04   -0.20281072E-04
-0.27380174E-04   -0.55045055E-04   -0.73949623E-04    0.51988303E-04   -0.42542027E-04
-0.80393492E-04   -0.74603181E-03    0.35345616E-03   -0.82248709E-04    0.10079681E-02
-0.38780195E-04   -0.75747561E-04   -0.13657095E-03    0.10272051E-03    0.27725907E-02
-0.36139447E-03   -0.61133708E-03    0.16477258E-02    0.11659687E-03    0.12803688E-03
-0.34957613E-03    0.84021856E-04   -0.21116643E-04    0.75847781E-04   -0.38678076E-04
 0.57560852E-04    0.11163555E-04   -0.15853546E-04   -0.88018315E-04    0.24430804E-04
-0.70209871E-03    0.26164794E-03   -0.23228498E-03    0.10000799E-02   -0.19673341E-03
-0.17732727E-03    0.31052863E-03   -0.45458026E-04    0.11538402E-02    0.42738856E-02
 0.30761347E-03   -0.90424626E-04    0.10932485E-02   -0.50674234E-05    0.37432655E-04
-0.29435283E-03    0.12862851E-03    0.57735920E-05   -0.32949400E-06    0.17276931E-04
 0.30624236E-05    0.40013455E-04    0.11645774E-04   -0.10353930E-04   -0.12876632E-04
-0.20275104E-02    0.93436038E-03    0.56899455E-03   -0.17475754E-02   -0.82599274E-06
-0.38256411E-04    0.22101806E-03    0.21752893E-04   -0.13769478E-03   -0.48378149E-04
 0.78546598E-03    0.16676827E-04    0.14530596E-04   -0.35266373E-04    0.16871913E-05
-0.56063936E-06    0.33700952E-04    0.15858924E-05    0.66424675E-07   -0.11630345E-05
-0.59456806E-05    0.28927178E-05   -0.79667624E-05    0.15479788E-05   -0.11397692E-04
 0.18946323E-04    0.11677196E-03   -0.53976149E-04   -0.54588836E-04    0.22823829E-03
 0.43039514E-05    0.99999024E-05   -0.21357571E-04    0.25516591E-04    0.34467863E-05
-0.94462873E-05   -0.10698727E-03    0.40871866E-04   -0.81191868E-04   -0.88049056E-03
-0.49883700E-03   -0.93940538E-04    0.40484941E-04   -0.12637064E-03   -0.21685073E-03
 0.85107925E-04    0.52480429E-04    0.60877173E-04   -0.18012021E-04    0.86775454E-04
 0.17010489E-05    0.18208704E-03   -0.15861580E-03   -0.24793472E-02    0.12632494E-02
 0.93251448E-03   -0.30282408E-02    0.26237722E-03    0.96993124E-05    0.17768312E-03
 0.66229177E-03   -0.77278085E-04   -0.18886485E-03    0.39466821E-03   -0.22514111E-04
 0.43015938E-02   -0.40285672E-03    0.24333049E-02   -0.42733429E-04    0.21894254E-03
-0.23699562E-03    0.62113671E-04   -0.10917525E-03   -0.47654747E-05   -0.30149949E-04
 0.10771555E-03    0.64101893E-05    0.15369994E-04    0.85162836E-04    0.16151768E-03
-0.15762020E-03   -0.11579663E-02    0.46597329E-03    0.49664995E-03   -0.26883017E-02
 0.15916000E-03    0.89859172E-04   -0.52724645E-03   -0.34941814E-03    0.32691988E-03
-0.12203639E-03    0.18361852E-03   -0.13223823E-04    0.70054508E-03    0.70675598E-02
-0.33419626E-02   -0.72369827E-02    0.15461942E-02    0.10033409E-03    0.50192314E-03
-0.18295933E-02   -0.83371923E-03   -0.44806111E-04    0.10263536E-04   -0.13716235E-04
 0.80804669E-04    0.13752160E-03   -0.13972571E-03    0.60368218E-04   -0.14960398E-03
-0.22092684E-02    0.24550855E-02    0.30784687E-04   -0.98998452E-03   -0.33434328E-03
 0.92572977E-03    0.19808019E-02    0.81392729E-03   -0.86625412E-03   -0.70776236E-03
 0.44923060E-03   -0.10054240E-04    0.70327773E-03   -0.79965146E-03    0.95955528E-01
-0.95035624E-03   -0.66195431E-04   -0.20465388E-02   -0.12971814E-03   -0.63638774E-04
 0.48213111E-03   -0.24200678E-03    0.17001658E-04   -0.69737552E-04    0.61568176E-05
 0.24036212E-04   -0.73014518E-04   -0.47910794E-05    0.13298895E-03   -0.23516827E-03
 0.17863034E-03    0.26911887E-03   -0.45750917E-03    0.81523189E-03    0.22391404E-04
-0.21300364E-03    0.28838084E-03   -0.25967962E-03    0.31826550E-03    0.17477962E-03
-0.31114773E-03   -0.59138265E-04   -0.19062948E-03    0.22212230E-03    0.14720927E-02
 0.62154996E-02   -0.13254946E-03   -0.40136081E-03   -0.56385128E-03   -0.25105102E-04
 0.21290544E-04    0.98424626E-05   -0.45477253E-04    0.52912672E-07    0.63899276E-05
 0.77021396E-05   -0.20006740E-04    0.34196554E-04   -0.11404241E-04    0.74138344E-05
-0.11073257E-04   -0.87524514E-03    0.48608978E-03    0.23601496E-03   -0.21677900E-03
-0.64292592E-05    0.12659068E-04    0.14816788E-05    0.20531346E-03   -0.53264704E-04
-0.13042441E-03   -0.51657098E-06   -0.94151776E-05    0.10215052E-03   -0.41613274E-04
 0.33866804E-03   -0.60958603E-04    0.48929157E-03    0.58965129E-03   -0.20641596E-03
 0.46666925E-03   -0.65346885E-04    0.49323432E-04    0.66246093E-04    0.13630085E-03
 0.84529773E-06    0.40805654E-07   -0.13640652E-04   -0.64578558E-05   -0.26355543E-04
 0.11449526E-04   -0.45792573E-04   -0.21216852E-04   -0.48136674E-03    0.14071667E-03
-0.27471474E-04    0.73103540E-03    0.25185909E-05   -0.24131012E-03   -0.87269656E-04
-0.19074365E-03    0.10602699E-03    0.26780257E-03    0.33189671E-04    0.39412967E-05
-0.16367997E-03   -0.10187313E-03   -0.72870539E-03   -0.31544663E-03   -0.86263894E-04
 0.54650246E-03   -0.30125544E-04   -0.90738293E-03    0.15003527E-02    0.38989166E-04
 0.38664398E-04   -0.46791038E-03   -0.30490717E-04   -0.27490959E-04   -0.38232947E-04
 0.29633845E-04   -0.42404485E-04    0.67695636E-04    0.18170221E-04   -0.76324832E-04
 0.14392990E-04   -0.12764808E-02    0.46055268E-03    0.16628546E-03   -0.62446735E-03
 0.86784967E-04   -0.17664598E-03    0.30208895E-03   -0.33741503E-03   -0.44395849E-03
-0.25030016E-03    0.14421708E-03   -0.50066615E-05   -0.23805187E-03    0.36954735E-03
 0.53924622E-03   -0.12290548E-03   -0.42016746E-04    0.25997838E-03    0.28904677E-02
-0.31359256E-03   -0.87853885E-03    0.58424942E-03    0.10860052E-04    0.11989168E-03
 0.51969720E-04   -0.37565202E-04    0.15651218E-04    0.15538100E-04   -0.12480262E-03
 0.35303795E-04   -0.33478373E-04   -0.23308252E-04   -0.93176211E-04    0.46858000E-04
-0.16775699E-02    0.90803800E-03    0.10155070E-03    0.21094068E-02   -0.24828338E-03
 0.19436556E-03    0.33843150E-03   -0.62911650E-04    0.11238852E-03    0.46629595E-03
 0.17798292E-04   -0.89862351E-05   -0.10724987E-03   -0.26307086E-03    0.83963160E-03
-0.56601045E-04   -0.55917504E-04    0.11947652E-03   -0.63962307E-05    0.36655507E-02
 0.68396909E-03    0.13896146E-02    0.25602560E-02    0.14621334E-04   -0.13369371E-03
-0.78978836E-03    0.15033679E-03    0.14189952E-05    0.25280844E-04   -0.94281935E-05
-0.42154708E-04    0.12887562E-03   -0.37168837E-04    0.76045871E-04   -0.84713652E-04
-0.19743819E-02    0.95695377E-03    0.54359494E-03   -0.26169591E-02    0.24404354E-04
-0.22185327E-03    0.50301525E-04    0.14754153E-03    0.87140720E-04    0.11629866E-05
 0.79381053E-04   -0.24759525E-04    0.12548963E-03    0.13981998E-03   -0.74764703E-04
-0.92553666E-04   -0.75075610E-04   -0.65009224E-04   -0.57354618E-04    0.15778365E-02
 0.34002586E-02   -0.15113041E-02    0.13163017E-02   -0.42390391E-03    0.27189313E-03
-0.19781354E-03   -0.25822534E-03   -0.23263455E-03   -0.70147611E-04   -0.35858666E-04
 0.72113556E-04   -0.33775226E-04    0.10214299E-03    0.94657865E-04    0.12616532E-03
-0.11093691E-03   -0.35421768E-02    0.18349176E-02    0.10986405E-02   -0.42993149E-02
 0.10196793E-03   -0.31582180E-03   -0.11256050E-03   -0.34360363E-04   -0.80419764E-04
-0.87236966E-04    0.80914976E-04   -0.25906629E-04    0.95297918E-04    0.27970666E-03
-0.57606693E-03    0.13753128E-02   -0.68196489E-04   -0.15622681E-03    0.46803918E-03
-0.28355042E-03   -0.72410371E-04    0.47301607E-02    0.11163580E-02   -0.15484884E-02
-0.68666871E-03   -0.21103092E-03    0.17715002E-03    0.29906307E-03    0.17924282E-03
 0.59978289E-04    0.40554316E-04   -0.10783303E-04    0.43645811E-04   -0.51303638E-04
 0.11868673E-04   -0.16377774E-03    0.26284395E-04   -0.10726150E-02    0.67631750E-03
 0.70313438E-04    0.18158065E-02    0.36487591E-04    0.18657664E-03   -0.14241396E-04
 0.24549408E-03    0.42444505E-04    0.51966221E-03   -0.57012902E-04    0.20730326E-04
 0.54027009E-03   -0.38082517E-03    0.12040864E-02   -0.99715301E-04    0.61410118E-04
 0.18292866E-03    0.29194962E-04    0.38304890E-03   -0.33320695E-04   -0.45379062E-03
 0.35921070E-02    0.96766694E-03    0.52433039E-03   -0.80378906E-03   -0.11168742E-03
-0.81457847E-04    0.40432458E-03    0.10245605E-03    0.39755777E-04   -0.45097730E-05
 0.41610662E-04   -0.58399070E-04   -0.76579523E-04   -0.16717005E-03   -0.39704904E-04
-0.10182852E-03   -0.34864888E-03    0.10415536E-03    0.20367146E-03   -0.21557793E-03
 0.13978001E-03   -0.93245353E-04   -0.32083078E-03   -0.40649460E-04    0.32599897E-04
-0.29373477E-03   -0.27820511E-04   -0.21246682E-04    0.16177926E-03    0.12986459E-03
-0.36248933E-03    0.40008627E-04   -0.68932336E-04    0.17143513E-03   -0.45367820E-04
-0.10736531E-03    0.27831911E-04   -0.32412258E-04    0.96545947E-03    0.33980963E-02
 0.76504912E-03    0.51297883E-03    0.62605085E-03   -0.59786058E-04    0.51661997E-04
 0.20603906E-03    0.22974440E-03   -0.98053150E-05   -0.99100248E-06   -0.11527732E-04
 0.14414516E-04   -0.16379026E-03    0.18111176E-05   -0.10833382E-03    0.80793695E-04
-0.16976597E-03    0.54998602E-04   -0.20282473E-03    0.80549937E-03    0.59892047E-04
-0.29084118E-03    0.17490877E-03   -0.72799510E-03    0.27755455E-03   -0.52386738E-04
 0.13774497E-03   -0.36693018E-05   -0.53981309E-03    0.48555133E-04   -0.70904145E-03
-0.11684422E-03   -0.19521652E-03    0.16401755E-03   -0.51408773E-04   -0.34161578E-04
-0.34482594E-03    0.93633381E-04   -0.78601366E-03    0.20127541E-03    0.51152123E-02
 0.28541672E-03   -0.17945761E-02    0.67793082E-03   -0.13352014E-03    0.17100565E-03
-0.79162749E-04    0.33153481E-04   -0.13714146E-04    0.37504009E-04    0.46636940E-05
 0.27362533E-04    0.12239806E-04   -0.56671302E-04   -0.88532896E-04   -0.38041811E-04
-0.10159785E-02    0.48231938E-03    0.80370262E-04    0.97029389E-03   -0.90132617E-05
 0.10649903E-03    0.35922014E-03   -0.29742746E-03    0.92488659E-04    0.16723098E-03
 0.18580003E-03   -0.14102256E-04   -0.59777680E-04   -0.43915160E-03    0.42590996E-04
-0.29092115E-03   -0.21490219E-04    0.14188765E-03   -0.16903413E-03    0.21598597E-03
-0.22938535E-03   -0.77037233E-04    0.20060349E-03   -0.22745818E-03    0.96978842E-03
 0.32043269E-02   -0.37542961E-04    0.16043730E-02   -0.17699650E-02    0.50659519E-04
-0.19611966E-03    0.24323981E-03   -0.17217990E-03   -0.64258310E-05    0.87584694E-05
 0.49571166E-04   -0.58367899E-04    0.32329502E-04    0.42956063E-04    0.18227738E-03
-0.12482229E-03   -0.29818589E-02    0.15765387E-02    0.11987184E-02   -0.40624641E-02
 0.88429738E-04   -0.27962504E-03    0.14565304E-03    0.14954781E-02    0.14984383E-03
-0.63507918E-03   -0.17114480E-03   -0.14880106E-04    0.43428780E-03    0.48030143E-03
-0.15622823E-02    0.49847267E-03    0.15903660E-03    0.27274428E-03   -0.77678586E-03
-0.58828512E-03    0.98042348E-04    0.45925472E-03   -0.53579030E-03    0.38478660E-04
-0.17528515E-03   -0.69235411E-03    0.48905564E-02    0.81909953E-03    0.42369740E-03
 0.60287649E-04   -0.89560167E-04   -0.26073090E-06    0.15434838E-03    0.15745179E-03
 0.11301122E-04    0.15823116E-04   -0.13349079E-04    0.36627790E-05   -0.38377580E-04
 0.33121878E-04   -0.50684081E-04    0.23383614E-04   -0.55367549E-04   -0.60858447E-04
-0.22924538E-04    0.52994894E-03   -0.71251328E-04    0.74602564E-04   -0.73977423E-04
 0.90540783E-04    0.15381260E-03   -0.45497321E-04   -0.31220222E-04    0.39603531E-05
-0.13414863E-03   -0.97066773E-04   -0.66400470E-03   -0.44752200E-03   -0.38373017E-04
 0.65885528E-04   -0.73372621E-04   -0.14715139E-03    0.93429444E-04   -0.57738573E-04
 0.16232535E-03    0.18048507E-03   -0.55686608E-04   -0.11167431E-03   -0.22990606E-04
 0.78686373E-03    0.13468330E-04   -0.26793405E-03   -0.43258282E-04   -0.19877967E-04
 0.31112922E-04    0.13457985E-04   -0.12106334E-04    0.52667826E-05    0.25023200E-06
-0.88903657E-05    0.85077132E-05   -0.66604921E-06   -0.58678068E-05   -0.47597359E-05
 0.36947381E-05   -0.17968870E-04    0.28259344E-04   -0.19741419E-04    0.20699359E-03
-0.20477828E-04    0.29354530E-04    0.37172779E-04   -0.14127939E-04    0.26248157E-06
 0.12916591E-04    0.19796576E-05    0.85837055E-06    0.11594032E-04   -0.80827528E-04
 0.86384985E-04    0.15451275E-04   -0.18754030E-05   -0.21353700E-04   -0.88920058E-04
 0.34886006E-04   -0.34211215E-04   -0.90636267E-04    0.15671438E-04   -0.21488389E-04
-0.11738054E-04    0.60672417E-04   -0.22506217E-04   -0.44291332E-05    0.37218533E-04
 0.12777363E-04    0.13432847E-03    0.28154977E-03   -0.18594107E-04    0.67596959E-04
-0.70648630E-04    0.29084652E-04    0.21955446E-04    0.31565353E-04   -0.59422620E-04
 0.13414572E-03   -0.11734352E-03    0.11238692E-03   -0.12904957E-03    0.23602478E-03
 0.15991655E-03   -0.15890937E-03   -0.15545643E-03   -0.37381812E-03   -0.11233050E-02
 0.96897865E-05    0.56512888E-04   -0.57085323E-04   -0.21746442E-04    0.81238462E-04
-0.36841106E-04   -0.36888436E-05   -0.16943634E-03   -0.59165865E-04    0.52616595E-05
 0.46537865E-04    0.99791638E-05   -0.37256254E-04   -0.84027435E-04    0.38987742E-04
 0.20974686E-04    0.60809325E-04   -0.80441162E-04   -0.17112894E-03   -0.65915075E-04
-0.53049785E-04    0.81439407E-05    0.29219985E-04    0.57686505E-05    0.10841869E-02
 0.16299145E-03    0.16591536E-03    0.39251848E-03   -0.12672344E-04   -0.44194935E-06
-0.81643211E-04    0.46488430E-04   -0.35895874E-05    0.17499142E-05    0.14470509E-04
 0.31982092E-04    0.27546114E-04    0.29510510E-04   -0.57008032E-05    0.26139375E-04
 0.94022757E-04   -0.99644696E-04   -0.29597548E-04    0.91781768E-04    0.19349902E-05
-0.79781527E-03    0.20738222E-03   -0.17668882E-03    0.16470631E-04    0.12386676E-03
 0.28231983E-04   -0.66055188E-05   -0.15288310E-04   -0.92400169E-04   -0.28233036E-03
 0.10648659E-03   -0.15839779E-04    0.13982599E-03    0.99382447E-04   -0.87161833E-04
 0.87551871E-04    0.12096526E-03   -0.10693382E-03    0.69359003E-05    0.11276327E-03
-0.42686316E-04    0.94556378E-04   -0.32392289E-04   -0.14280382E-04   -0.13888182E-05
 0.88848853E-03    0.22811174E-03    0.88433432E-03   -0.74665882E-03    0.53983646E-05
-0.40098501E-04    0.28382856E-03    0.27758233E-04    0.34319870E-04   -0.23107658E-04
-0.52317496E-05   -0.40855336E-04   -0.21772975E-04    0.22817596E-04    0.31790498E-04
-0.47707444E-04    0.73863343E-03   -0.62340930E-03   -0.10794319E-03    0.32263980E-03
 0.59753456E-04    0.19726866E-03   -0.17694855E-02    0.19895026E-03    0.78016502E-04
-0.17834187E-03   -0.11166992E-03    0.91626619E-05   -0.30129301E-05    0.19546724E-03
-0.10601072E-02   -0.13257942E-03    0.72874645E-05    0.60050307E-04   -0.21196146E-03
-0.14813201E-03   -0.36604903E-04    0.36970282E-04    0.45814485E-04    0.11969333E-03
-0.12414052E-03   -0.20864291E-03    0.17650767E-04    0.31301249E-04   -0.19095733E-04
-0.41053038E-04   -0.18761524E-03    0.20176349E-02   -0.49805665E-03   -0.17705724E-03
-0.54436332E-05    0.93837125E-05    0.41240649E-04   -0.53673894E-04   -0.12748313E-04
-0.32630353E-04   -0.17935875E-04   -0.11863623E-04   -0.19964700E-05    0.81520738E-05
-0.96457404E-05    0.31703622E-04    0.25996924E-04    0.16501004E-02   -0.18931024E-02
-0.62497564E-03    0.91722849E-03   -0.88599105E-05   -0.14269271E-03    0.15584123E-03
-0.18033040E-02   -0.11275155E-03    0.11029460E-04   -0.19234121E-04   -0.85739170E-05
-0.44787768E-03    0.14725422E-03   -0.44789364E-03    0.15642106E-03   -0.11815569E-03
 0.11590943E-03    0.17524636E-03   -0.17295275E-04   -0.21494760E-03    0.10007012E-04
-0.18140938E-03    0.67661577E-04    0.47625008E-03    0.14726234E-03   -0.84169039E-03
-0.36503276E-04    0.94847865E-05    0.34702827E-04    0.14145596E-03   -0.14334208E-03
 0.19535277E-02   -0.10622207E-02   -0.98012490E-03   -0.35429930E-03    0.51892339E-04
 0.50081756E-04   -0.18651672E-03   -0.20778294E-03   -0.20769104E-04    0.20751000E-04
 0.41610153E-05    0.36878350E-04    0.75072714E-04   -0.24166772E-04    0.51375828E-04
 0.13943182E-04    0.50899120E-03   -0.48617316E-03    0.38279207E-04   -0.44881597E-03
-0.37763770E-04    0.65834507E-04    0.98479848E-04   -0.12890727E-03   -0.15246350E-02
-0.57856455E-03    0.53066221E-04   -0.64705262E-05    0.12462578E-03   -0.19140026E-03
 0.75825955E-03   -0.47777751E-04    0.69790744E-04   -0.72989513E-04    0.25206926E-03
-0.15601733E-04   -0.16417920E-03    0.37231692E-04   -0.30284494E-04   -0.80106077E-04
-0.21282525E-03    0.34727620E-05   -0.12259150E-03   -0.13243469E-03    0.10487771E-04
 0.37368479E-04   -0.40723063E-04   -0.91404854E-04    0.20534170E-03    0.17820497E-02
 0.11832436E-03    0.40687024E-03   -0.70021349E-03   -0.63880110E-04   -0.85273740E-04
 0.12899954E-03   -0.79897926E-04    0.14231630E-04   -0.13794201E-04    0.43238540E-04
-0.59401170E-04    0.14771112E-04    0.34232855E-04    0.12133814E-03   -0.10052221E-03
 0.26123601E-03   -0.18131511E-03    0.18848525E-03   -0.72180234E-03    0.51841983E-04
 0.66149845E-04   -0.17727828E-03    0.10685685E-04   -0.62525694E-03   -0.22012986E-02
 0.55394554E-04   -0.40806327E-05    0.74762575E-04    0.20235144E-03    0.93983118E-04
-0.11273061E-04    0.92862788E-04   -0.16618946E-03    0.20454670E-03   -0.34219560E-03
-0.14050977E-03    0.18076639E-03   -0.35223416E-03    0.77164850E-04    0.15362534E-04
-0.15864649E-03    0.39459925E-03    0.13617316E-04   -0.71571550E-05    0.72779655E-05
-0.11820167E-03    0.12538700E-03    0.34868859E-04    0.77235809E-03    0.24489164E-02
-0.56098186E-04    0.15518892E-03   -0.45133526E-03    0.13470726E-04   -0.10171193E-04
 0.14004386E-03   -0.25767122E-04   -0.96660592E-05    0.52164360E-05   -0.58786070E-05
-0.64382412E-05   -0.23128340E-04    0.90818008E-05   -0.10787348E-04    0.97420041E-05
 0.96796930E-03   -0.11098492E-02   -0.39188251E-03    0.99017586E-03   -0.33919273E-04
 0.61530153E-05   -0.12158695E-03   -0.11023113E-04    0.85498889E-04    0.52481292E-04
-0.35874836E-03    0.44652410E-04   -0.19007421E-03   -0.10983828E-03   -0.26430433E-03
 0.12383497E-03   -0.86248528E-05   -0.16626328E-04   -0.67206216E-04   -0.69009677E-05
-0.34710353E-04   -0.45102893E-04    0.41869991E-04    0.47352326E-04   -0.84201003E-04
-0.82326607E-04    0.92975473E-04    0.23941340E-04   -0.23261484E-05    0.45535534E-04
-0.17507498E-04    0.87392208E-04    0.34890516E-04   -0.78283248E-04   -0.54304570E-04
 0.40459111E-03   -0.42354805E-05   -0.97295968E-05    0.20042582E-04   -0.41632503E-05
 0.12337927E-05   -0.17084038E-04    0.22686197E-05    0.21024021E-06    0.15292821E-06
 0.24521060E-05   -0.23412182E-05    0.16781619E-05    0.71352111E-06    0.65659668E-05
-0.41829739E-05   -0.53658076E-04    0.52438060E-04    0.27586084E-04   -0.12227201E-03
 0.65863517E-06   -0.86327111E-05    0.82853474E-05   -0.89715610E-05   -0.57996132E-05
-0.30118902E-05    0.44905035E-04   -0.17180607E-04    0.39024951E-05    0.47101925E-05
-0.28232119E-04    0.28877752E-04    0.54372503E-05    0.94522202E-06    0.65070855E-05
 0.12925961E-05    0.14724739E-04    0.99788608E-05   -0.99365815E-05    0.59417244E-05
 0.92310567E-05    0.72083894E-05    0.92758271E-05   -0.22044776E-05   -0.83604258E-06
-0.30072462E-05    0.87894528E-05   -0.76491463E-05    0.78154726E-05    0.43691987E-05
-0.45369314E-05   -0.54721504E-04    0.21516650E-04   -0.18599256E-03    0.13280570E-03
-0.10790660E-03    0.63878027E-04   -0.25194480E-04    0.14856373E-03    0.41287599E-04
-0.69725580E-04   -0.46889123E-06   -0.12521205E-04   -0.35871648E-04   -0.27715804E-04
 0.76335129E-05   -0.81296519E-04    0.41384795E-04    0.12709691E-02   -0.14352930E-02
-0.57394944E-03    0.17096990E-02   -0.63876959E-04   -0.22444494E-04    0.39176169E-06
-0.46403822E-03    0.78101166E-04    0.76440790E-04   -0.19340077E-03    0.42061751E-05
-0.23511086E-02   -0.39715388E-03   -0.42091928E-03    0.14374619E-03   -0.60917072E-04
 0.11060662E-03    0.21482167E-03    0.80170185E-04   -0.14784317E-03   -0.13056403E-04
-0.22050801E-03   -0.62180694E-04    0.18955667E-03    0.14900639E-03   -0.22843290E-03
 0.55478054E-04    0.29431289E-05    0.30862335E-04    0.59466506E-04   -0.33896284E-04
 0.38801193E-03   -0.55119503E-04   -0.53108543E-04    0.21009794E-03    0.64879780E-05
 0.26209349E-02    0.29284599E-03   -0.14783220E-02   -0.22934719E-03   -0.17038338E-03
 0.14865577E-03    0.59135012E-04    0.27113577E-05   -0.53100885E-05    0.23397401E-04
-0.50022935E-04   -0.47673203E-04   -0.26184501E-04   -0.30417394E-05   -0.59586009E-04
 0.16104760E-04    0.58941221E-03   -0.10490169E-02   -0.52815865E-03    0.21600543E-02
-0.95246809E-04   -0.82610218E-04    0.23318785E-03    0.21722310E-03   -0.12266457E-03
 0.19233568E-03   -0.13516268E-03    0.76542678E-05   -0.33346222E-03   -0.35272792E-02
 0.34809666E-03   -0.19610862E-03    0.64448710E-04    0.12784584E-03   -0.16701938E-03
 0.11498520E-03   -0.77466381E-04   -0.23154980E-03    0.19351878E-03   -0.98898854E-04
-0.93532756E-04    0.34027322E-03   -0.15722615E-03    0.29898792E-04    0.41810673E-04
 0.59042076E-04    0.20831555E-04   -0.31920780E-04   -0.61058270E-04    0.25719857E-03
-0.11108833E-03    0.16206284E-03    0.44631739E-05    0.53286493E-03    0.42891359E-02
 0.15289291E-02    0.38593640E-02   -0.19929341E-03    0.11021138E-03   -0.14994740E-03
 0.70583164E-03    0.40584611E-03    0.10572074E-04    0.36819490E-04    0.43681659E-04
 0.68648306E-04   -0.39967242E-04    0.56228925E-04    0.13153967E-04    0.44303917E-04
 0.13465793E-02   -0.77284294E-03    0.26392180E-03   -0.63127975E-03    0.13208375E-03
-0.32786333E-03   -0.92019715E-03   -0.26835238E-03    0.50453249E-03    0.29302986E-03
-0.18304602E-03   -0.37065531E-05   -0.42657160E-03    0.42677124E-03   -0.23531143E-01
-0.33853464E-03   -0.33031739E-03    0.27402976E-03   -0.32676739E-03   -0.53330209E-03
 0.42964370E-04    0.24427773E-03   -0.61020562E-03    0.21558155E-03    0.41059751E-03
-0.83886096E-04    0.82682208E-03    0.27324502E-03   -0.55128970E-04    0.34054357E-04
 0.26781346E-03    0.60541955E-03    0.40236584E-04   -0.47867117E-03   -0.58211732E-03
 0.91645839E-04    0.14760872E-05    0.37832465E-03   -0.61707248E-04    0.32053176E-01
 0.38465722E-03    0.13253946E-03    0.96942120E-03    0.14977826E-04    0.38869666E-04
-0.14982674E-03    0.12185732E-03    0.17061359E-04    0.13480814E-04   -0.29407892E-04
-0.11820805E-04    0.16767473E-04   -0.75492574E-05   -0.49795473E-04    0.54858649E-04
 0.29426142E-04   -0.10819439E-05    0.20106693E-04   -0.44694573E-04    0.12023014E-04
 0.85762794E-04   -0.12994111E-03    0.19455630E-03   -0.10569240E-03   -0.49237628E-04
 0.14162472E-03    0.32058417E-04    0.12828492E-03   -0.18103048E-03   -0.73380253E-03
-0.25583164E-02    0.12884516E-04    0.11323467E-03   -0.11943433E-04    0.19999548E-04
 0.45063964E-04   -0.65215513E-03    0.11277677E-04   -0.66249416E-04    0.19381098E-04
 0.11633694E-03   -0.26222457E-03    0.22373996E-03   -0.62901647E-05   -0.33653014E-04
-0.92807076E-04    0.13462835E-03   -0.22491839E-03    0.69239826E-04    0.99266662E-04
-0.13390038E-03   -0.35900146E-04   -0.26919259E-03    0.12194168E-03    0.17078353E-03
 0.29283359E-02    0.20754572E-04    0.17657295E-03    0.24587969E-03    0.19376745E-04
-0.26003439E-04   -0.19982183E-05   -0.57715015E-05    0.23646678E-05   -0.52118387E-05
 0.77937257E-05    0.21525610E-05   -0.12449849E-04   -0.34410059E-05   -0.16561041E-05
 0.11564836E-04    0.48079708E-03   -0.57220396E-03   -0.13312389E-03    0.12242837E-03
-0.40078381E-05   -0.28688941E-05    0.45617172E-05   -0.13753487E-03    0.37736998E-04
 0.90446551E-04   -0.99595154E-05    0.68805515E-05   -0.79038093E-04    0.41189630E-04
-0.26221822E-03    0.93329850E-05   -0.24475110E-03    0.51181315E-04    0.27832067E-04
 0.12296603E-04   -0.11868219E-04    0.41105854E-04   -0.43737305E-04    0.28998839E-04
 0.12014214E-03    0.43171810E-04   -0.90858465E-04    0.16403907E-04    0.14534406E-05
 0.85342508E-05    0.55312251E-05   -0.12927281E-04    0.11779075E-03   -0.37712372E-04
-0.67510912E-04    0.73880850E-05   -0.27631646E-05    0.85524674E-04   -0.60609486E-05
 0.18723415E-03   -0.23454517E-04    0.27218379E-03   -0.29433793E-03    0.19124222E-03
-0.19084290E-03    0.52539219E-04   -0.29373352E-04   -0.58761281E-04   -0.55169860E-04
-0.80732243E-05    0.11871305E-05    0.69276169E-05   -0.21659874E-05    0.15392564E-04
 0.77973398E-05    0.31430310E-04    0.14593761E-04    0.19438854E-03   -0.37686003E-03
 0.57067596E-04   -0.68735168E-03   -0.13902410E-06    0.13727585E-03    0.33394452E-04
 0.10093025E-03   -0.59040611E-04   -0.17770185E-03   -0.17037953E-04   -0.52271935E-06
 0.10890171E-03    0.14576180E-03    0.29719466E-03    0.96557767E-04    0.47410890E-04
-0.31243236E-03   -0.10769494E-03   -0.40157414E-04    0.92047879E-04    0.11470656E-03
-0.97929717E-04   -0.86248809E-04   -0.98615077E-04   -0.87411485E-04   -0.16278809E-03
-0.26632511E-04    0.84630416E-05    0.11641463E-04   -0.17248102E-03   -0.11682612E-03
-0.10654619E-03    0.41966934E-04    0.11266926E-03    0.33247876E-04   -0.21631833E-05
-0.91347931E-04   -0.15513004E-03   -0.19374568E-03   -0.10064649E-03   -0.56280131E-04
 0.41677651E-03    0.94889767E-04    0.74837090E-03   -0.84027840E-03    0.33144361E-04
-0.24271408E-04    0.28469918E-03    0.72481288E-04   -0.45575761E-05    0.15730584E-04
-0.76438526E-05    0.26002706E-04   -0.67955233E-04    0.33217607E-04    0.48712097E-04
-0.44148499E-04    0.49804803E-03   -0.68863724E-03   -0.11017794E-03    0.15880472E-03
-0.21574519E-04    0.89729912E-04   -0.24187085E-03    0.17925448E-03    0.26120971E-03
 0.17233498E-03   -0.71567933E-04    0.57084389E-05    0.20986909E-03   -0.99516095E-04
-0.46193913E-03    0.22834440E-04    0.22953296E-04   -0.12277394E-03   -0.15797323E-02
-0.49753336E-04    0.13959038E-03   -0.16755500E-03   -0.15160436E-04    0.55108341E-04
 0.18182657E-04    0.46075957E-04    0.52289855E-03    0.18324620E-04    0.43983584E-04
 0.39155079E-04   -0.11613432E-03    0.15151082E-03   -0.84984468E-04   -0.23852390E-03
-0.32686506E-03    0.76744875E-04   -0.16035116E-04   -0.23329692E-03    0.14714853E-03
 0.24045934E-03    0.11987210E-04   -0.28456763E-04    0.11863159E-03    0.17722671E-02
 0.16352169E-04    0.29314367E-03   -0.24919787E-03    0.11333968E-04   -0.34335381E-04
-0.55075845E-04   -0.22099532E-04   -0.20185442E-04    0.29202355E-06    0.42852331E-04
 0.23340219E-04    0.21097745E-04    0.48538355E-04    0.36483530E-04    0.10535113E-04
 0.85165158E-03   -0.10812672E-02   -0.19569264E-03   -0.83323111E-03    0.74311301E-04
-0.10288604E-03   -0.12731161E-03   -0.50486795E-04   -0.10049552E-03   -0.28838454E-03
 0.15524028E-04   -0.31786724E-05    0.10189624E-03    0.15024062E-03   -0.49712069E-03
-0.14586832E-04    0.10034353E-04   -0.36377874E-04    0.38782941E-04   -0.17931433E-02
-0.83790397E-03    0.17063103E-03   -0.24121550E-03    0.12302877E-04   -0.66427806E-04
-0.65912213E-04    0.29817397E-03    0.47212089E-04   -0.14094296E-04   -0.51988467E-04
 0.14268828E-03    0.49551073E-04    0.94156969E-04    0.70523362E-04    0.20767832E-03
 0.12597360E-05   -0.21935125E-05   -0.37349361E-04   -0.90980143E-04    0.41659053E-03
 0.38778993E-04    0.11510393E-04    0.15588447E-04   -0.13457393E-04    0.19523771E-02
-0.27391482E-04   -0.42017138E-03   -0.10374418E-02   -0.37945849E-04    0.51450269E-04
 0.38438780E-03   -0.44377769E-04   -0.25368066E-04   -0.26435665E-04   -0.34117632E-05
 0.16590005E-04   -0.79663520E-04    0.24405229E-05   -0.27995370E-04    0.67933450E-04
 0.10252477E-02   -0.11204430E-02   -0.45986399E-03    0.13077255E-02   -0.12605513E-04
 0.91537746E-04   -0.70524434E-04   -0.16140911E-03   -0.54691937E-04   -0.14731473E-03
-0.34526437E-04    0.17040496E-04   -0.11122795E-03    0.59859536E-04   -0.34516860E-03
-0.45894236E-05   -0.15346762E-04    0.76801665E-04    0.93663817E-04   -0.82715016E-03
-0.17306935E-02    0.38198846E-04    0.68338050E-05    0.35523415E-04    0.15191214E-03
 0.10411547E-03   -0.17631960E-04    0.58165735E-05    0.16206066E-04   -0.31711212E-04
-0.53153428E-04   -0.36926226E-04    0.19978287E-03    0.69254124E-04    0.16454615E-03
 0.21585063E-04   -0.96730981E-05    0.12359369E-03   -0.36957366E-04    0.13590132E-03
-0.84747605E-06    0.15030374E-04   -0.58302761E-04   -0.11623676E-03    0.10358924E-02
 0.18459531E-02    0.58520865E-03   -0.86390190E-03    0.10253735E-03   -0.12879004E-03
 0.80099232E-04    0.74138879E-04    0.78018552E-04    0.36446737E-04    0.10735710E-04
-0.15409826E-04    0.22414880E-06   -0.71333613E-04   -0.64318153E-04   -0.75976944E-04
 0.59355272E-04    0.18238724E-02   -0.20223466E-02   -0.84525070E-03    0.23102022E-02
-0.68915349E-05    0.14374910E-03    0.47895119E-04    0.50096975E-06   -0.20472736E-04
 0.14319946E-03   -0.41137507E-04    0.85868150E-05    0.94649746E-05   -0.20022340E-03
 0.28701768E-03   -0.68377804E-03    0.47030663E-04    0.96027124E-04   -0.18171575E-03
 0.16255742E-03    0.39849259E-04   -0.23861262E-02    0.21408684E-03   -0.15028306E-04
-0.48647022E-04    0.49733750E-04   -0.26884354E-03    0.24627614E-04    0.46033494E-04
 0.76201277E-05   -0.17468968E-03   -0.29206056E-04    0.48768295E-04   -0.29351829E-04
-0.19999495E-03    0.66246966E-04   -0.78878351E-05   -0.52175896E-04    0.12873866E-03
-0.29256008E-03    0.55633445E-03   -0.39376234E-04   -0.60471546E-04    0.27840433E-03
-0.16176065E-03   -0.89772033E-04    0.24476332E-02   -0.28346234E-03    0.12306414E-02
 0.68249027E-03    0.86504055E-04   -0.14070327E-03   -0.24077281E-03   -0.74539547E-05
-0.52155350E-04   -0.37847610E-04    0.35752519E-04   -0.65366082E-04    0.37228591E-04
-0.10598830E-04    0.88350156E-04   -0.19510007E-04    0.61175701E-03   -0.76741637E-03
-0.50735174E-04   -0.13206000E-02   -0.19270421E-04   -0.14900256E-03    0.20374654E-04
-0.19919090E-03   -0.17686716E-05   -0.34733715E-03    0.59605452E-04   -0.12530464E-04
-0.26792919E-03    0.21802970E-03   -0.99914279E-03    0.24500476E-04   -0.49295878E-04
-0.82549994E-04    0.41510103E-05   -0.31794595E-03    0.80931395E-04    0.21095629E-03
-0.19340354E-02   -0.48986530E-03    0.40612420E-03   -0.15401592E-03    0.28114478E-03
-0.29655951E-04   -0.22502224E-04    0.72599311E-04    0.86851057E-04   -0.42753651E-04
 0.80128660E-04   -0.10554155E-03    0.25163983E-03   -0.10447100E-04    0.13572946E-06
 0.12106874E-03   -0.63365065E-04    0.53871485E-03    0.53824113E-05    0.31345753E-04
 0.10422167E-03    0.10180461E-03    0.18027122E-03    0.45064887E-04   -0.89490718E-04
 0.19795665E-02   -0.26255097E-03   -0.46577358E-04    0.41201288E-03    0.10118638E-04
-0.13082363E-04   -0.15570147E-03   -0.59877220E-04   -0.50084716E-04    0.13968770E-04
-0.27557810E-05   -0.89728867E-05    0.44545957E-04    0.83032880E-04    0.39057807E-05
 0.24933410E-04    0.18473433E-03   -0.34165058E-03   -0.73871647E-04    0.48278473E-04
-0.45279419E-04    0.86679078E-05    0.73008034E-04    0.52462872E-04    0.18163840E-04
 0.95290360E-04    0.44101005E-04    0.74526194E-05   -0.38447503E-04   -0.44394440E-04
-0.29138910E-05   -0.38951659E-04    0.27630175E-04   -0.78075084E-04    0.20079199E-04
-0.18632468E-04    0.19196475E-04   -0.26999762E-04   -0.49858214E-03   -0.15765876E-02
-0.15730519E-03    0.17964738E-04   -0.17073394E-04   -0.67834618E-04    0.76413039E-05
-0.73715954E-05    0.29358568E-05   -0.40360246E-04   -0.49440487E-05   -0.38208150E-04
-0.10613346E-03   -0.38597113E-04   -0.79018248E-05    0.20408939E-04    0.29674901E-04
 0.57980217E-04    0.87731791E-04   -0.67022933E-05    0.72823429E-04    0.24665580E-04
 0.60848909E-04    0.69267718E-04   -0.15824771E-04    0.56799454E-03    0.18141513E-02
-0.54521678E-05    0.13676962E-03    0.28693829E-04   -0.23227548E-04   -0.92185203E-05
-0.80043398E-04   -0.40858405E-04    0.13655315E-04    0.19130502E-04    0.46104213E-05
-0.32688272E-05    0.44248588E-04    0.94388455E-04    0.29124879E-04    0.62258328E-05
-0.25664601E-04   -0.31913468E-03    0.49676598E-04   -0.57180533E-03   -0.42592536E-04
 0.91693677E-04   -0.18203339E-03    0.51951248E-03   -0.11579397E-03   -0.27003748E-04
-0.69640415E-04    0.71408218E-05    0.23132435E-03   -0.25886636E-04    0.22869156E-03
-0.15023810E-05    0.11896066E-03   -0.69382228E-04    0.21161579E-04   -0.75806746E-04
 0.19857917E-03   -0.46602426E-04    0.37482105E-03   -0.13165742E-03   -0.28113356E-02
-0.57226087E-03    0.20348936E-03   -0.26744951E-04   -0.81594918E-06    0.50442260E-04
-0.31101804E-04    0.21783766E-03   -0.42927543E-03    0.13064067E-03   -0.16012057E-04
 0.10044840E-03    0.58504136E-05   -0.76657071E-04    0.97137035E-04   -0.14530404E-03
-0.58545395E-04   -0.90519980E-04    0.41708165E-04   -0.46850288E-04    0.51272012E-04
-0.13013276E-03   -0.19274903E-04   -0.38647258E-03    0.14279009E-03    0.33369440E-02
 0.23012229E-04    0.12031192E-02   -0.54571029E-04    0.82980146E-04   -0.10417382E-03
 0.18695615E-04    0.75252191E-04   -0.12724911E-04   -0.33904634E-04    0.89029400E-05
-0.43707533E-04   -0.69943602E-05    0.46140807E-04    0.23477252E-04    0.10553868E-03
 0.38284594E-03   -0.56156417E-03   -0.13937970E-03   -0.69959711E-03    0.22736006E-04
-0.74480246E-04   -0.22198309E-03    0.14121598E-03   -0.15429294E-04   -0.12142724E-03
-0.63989467E-04    0.64745044E-05    0.77255438E-04    0.32951499E-03   -0.91364440E-04
 0.51403695E-04    0.30948707E-04   -0.67479128E-04    0.11543440E-03   -0.89676432E-04
 0.18209720E-03    0.15412868E-04   -0.10243473E-03    0.60623623E-04   -0.47682054E-03
-0.16198808E-02    0.31705866E-03    0.76479439E-04   -0.38418025E-04   -0.68210508E-05
 0.50631183E-04    0.10906562E-03   -0.47202544E-04    0.32950783E-04    0.43350825E-04
 0.48657683E-04   -0.22350936E-05   -0.96273533E-04   -0.27708906E-03   -0.93597236E-04
-0.77566179E-04   -0.24866773E-04    0.75378430E-04   -0.13588325E-03    0.32281903E-04
-0.48959808E-04    0.48827937E-04    0.31444062E-04   -0.39703513E-04    0.54688206E-03
 0.17642670E-02   -0.36970287E-03   -0.13825526E-02    0.72838771E-03    0.97216952E-05
 0.11687974E-03   -0.19424871E-03    0.57946972E-06    0.54675707E-05   -0.80931292E-05
-0.59273893E-04    0.31690574E-04    0.20310141E-04   -0.17662890E-04   -0.35692484E-04
 0.11107666E-03    0.15772228E-02   -0.22007824E-02   -0.81284001E-03    0.23772823E-02
-0.47275039E-04    0.17785350E-03    0.23953141E-04   -0.87849764E-03   -0.13497000E-03
 0.41295145E-03    0.84973825E-04    0.10902712E-04   -0.20627913E-03   -0.27635199E-03
 0.10996064E-02   -0.32625555E-03   -0.66324570E-04   -0.15868176E-03    0.49855520E-03
 0.42027206E-03   -0.84142280E-04   -0.28121883E-03    0.27846997E-03   -0.49612591E-04
 0.10710682E-03    0.40135525E-03   -0.27220253E-02    0.99695379E-06    0.23521985E-04
-0.52542295E-04   -0.17625305E-03    0.72850355E-04    0.84533782E-03    0.16511034E-03
-0.32879212E-03   -0.18398753E-04   -0.11549814E-04    0.18351851E-03    0.19425878E-03
-0.83704155E-03    0.16497837E-03    0.48932336E-04    0.37510148E-03   -0.38345186E-03
-0.26750276E-03   -0.89286311E-05    0.21228977E-03   -0.22193438E-03   -0.33650522E-04
-0.12712204E-03   -0.14417889E-03    0.30177809E-02   -0.15380454E-03    0.20794997E-04
 0.12837568E-03    0.23383962E-04   -0.11092390E-04   -0.76868122E-04   -0.11990831E-04
 0.43049303E-06   -0.13654704E-04    0.97152159E-05    0.72420096E-07    0.17247893E-04
-0.28224253E-04    0.18725224E-04    0.27767422E-05   -0.90827677E-05   -0.60670153E-04
 0.43042856E-04   -0.27863440E-03    0.13154632E-04   -0.38506930E-04    0.78721656E-05
-0.29507624E-04   -0.48031127E-04    0.18832119E-04    0.25327363E-04   -0.33718650E-05
 0.52340379E-04    0.44597343E-04    0.18902757E-03    0.17161237E-03    0.79299301E-05
-0.16717768E-04    0.33869472E-05    0.35389041E-04   -0.57280599E-05    0.24320897E-04
-0.45094352E-04   -0.53567585E-04   -0.27115424E-04    0.49075346E-04    0.31746751E-04
-0.28812596E-03   -0.16077419E-05    0.87394311E-05    0.18247330E-04    0.50673150E-05
 0.19591923E-04    0.39768046E-04   -0.17221887E-04   -0.27593659E-05   -0.28762049E-05
-0.28471630E-04    0.20800544E-04   -0.13012034E-03   -0.14490723E-03   -0.36213981E-05
 0.17161846E-04    0.79897841E-05   -0.56732535E-04   -0.14529529E-05    0.67829971E-05
 0.36812395E-04    0.39538071E-04    0.22578942E-05   -0.48937300E-04    0.51365925E-05
 0.28326997E-03   -0.34261203E-04    0.11723946E-03    0.22657857E-04    0.11815666E-04
-0.14486981E-04   -0.12086327E-04   -0.28888603E-05   -0.15845259E-05    0.30256248E-05
 0.51661277E-05   -0.43696891E-05    0.24689905E-05   -0.25819038E-05    0.28990837E-05
-0.33993565E-05    0.12577221E-04   -0.85016479E-05    0.19953527E-05   -0.10744002E-03
 0.31779612E-05   -0.14947709E-04   -0.10912672E-04    0.30290781E-05   -0.30552981E-05
-0.82199097E-06   -0.76645143E-06   -0.89636496E-06   -0.27590738E-06    0.31742613E-04
-0.29868554E-04   -0.60625303E-05    0.17871878E-05    0.10821813E-04    0.50940200E-04
-0.11735553E-04    0.14193102E-04    0.44907599E-04   -0.13029335E-04    0.95660834E-05
 0.65171577E-05   -0.28932697E-04    0.10340422E-04   -0.92397638E-06   -0.20144468E-04
 0.11591912E-05    0.13169558E-04    0.48926492E-05   -0.92651152E-05   -0.15604850E-05
 0.36791453E-05   -0.11683385E-05    0.12655600E-05    0.44214681E-06   -0.20684677E-04
 0.11340049E-04    0.72462286E-05   -0.29612787E-05   -0.13955101E-04   -0.58884056E-04
 0.12414999E-04   -0.35392375E-05   -0.35790664E-04    0.50339454E-05   -0.72605422E-05
-0.88148227E-05    0.11310394E-04   -0.90166847E-05    0.14459045E-05    0.20550816E-04
-0.46872690E-02    0.57782810E-02    0.30894346E-02    0.10208769E-02   -0.10646187E-02
-0.29585717E-02   -0.66882673E-03   -0.10528558E-03   -0.15507875E-03    0.51027236E-03
-0.24930726E-03    0.38196733E-03    0.17947760E-03    0.51457568E-03    0.10558071E-02
 0.22411346E-03   -0.37563498E-03    0.44278830E-02   -0.35780518E-01    0.87087807E-03
-0.20492811E-03   -0.74137640E-03   -0.34018543E-03   -0.78891433E-03   -0.16174274E-02
 0.27722319E-03   -0.10317295E-03    0.88204543E-03    0.17024398E-02   -0.67386373E-03
 0.29862705E-03   -0.17182412E-03   -0.76352604E-03    0.18467565E-03   -0.19953616E-02
 0.14094582E-02    0.20346212E-02   -0.19912308E-02   -0.22761129E-03   -0.67111905E-03
-0.19353743E-02    0.19250369E-02   -0.44925214E-03   -0.19034207E-03    0.45984813E-05
-0.25077694E-04    0.64837370E-03    0.32838458E-04    0.37892737E-03    0.11573260E-02
-0.19604206E-03    0.65749414E-04   -0.47528847E-03   -0.13050353E-02    0.82582353E-03
 0.33117679E-04    0.10347592E-03    0.50099869E-03    0.75728163E-04    0.89321984E-03
-0.71236787E-03   -0.75457520E-03    0.14689623E-02    0.13883672E-03    0.30808147E-03
 0.11395624E-02   -0.12802081E-02    0.21066961E-03    0.82262329E-04    0.30640216E-01
-0.90847226E-03    0.15560676E-02    0.70320658E-03    0.27809714E-03   -0.35718064E-03
-0.77234705E-03   -0.25679355E-03   -0.15850878E-04   -0.91596571E-04    0.21559148E-03
-0.18759424E-03    0.22985909E-03   -0.19657361E-03    0.25896320E-03   -0.68349256E-04
-0.29599171E-04   -0.86812253E-04    0.92170921E-03   -0.73795643E-02    0.65898959E-03
-0.11483476E-03   -0.28688790E-03   -0.13405675E-03   -0.27017921E-03   -0.52007475E-03
 0.11343952E-03   -0.42813982E-04    0.43178903E-03    0.57431649E-03   -0.25158349E-03
 0.15826853E-03   -0.55622902E-04   -0.16213891E-03    0.18602637E-03   -0.47950587E-03
 0.47548216E-03    0.52959709E-03   -0.46454704E-03    0.29267617E-03   -0.13988816E-03
-0.41285540E-03    0.47014911E-03   -0.15946795E-03   -0.63529877E-04   -0.23187373E-03
 0.65261711E-04    0.16738063E-03   -0.27049367E-05    0.93243406E-04    0.20325845E-03
-0.66434050E-04    0.21254939E-04   -0.20477370E-03   -0.35499054E-03    0.25923831E-03
-0.91996661E-04    0.39675747E-04    0.10473729E-03   -0.56393994E-04    0.21124948E-03
-0.18437068E-03   -0.19782081E-03    0.35349011E-03   -0.33884896E-04    0.12663314E-03
 0.28489101E-03   -0.29511593E-03    0.65562181E-04    0.29514780E-04    0.57454649E-02
 0.28355428E-02   -0.57406837E-03    0.90409699E-03    0.69000326E-03    0.11626928E-03
-0.16236804E-03   -0.49494873E-03   -0.40614757E-04   -0.56256067E-05   -0.57309559E-04
 0.86799835E-04   -0.40207147E-04    0.90134558E-04    0.62990018E-04    0.24331650E-04
 0.18264004E-03    0.37714731E-04   -0.93523539E-04    0.45014910E-03   -0.46788166E-02
 0.11036707E-03   -0.38214355E-03   -0.39670932E-04   -0.12103160E-03   -0.13714188E-03
-0.19637131E-03    0.55830404E-04   -0.18794626E-04    0.93729436E-04    0.17431128E-03
-0.21235875E-03    0.40726945E-04   -0.17916494E-04   -0.45601152E-04    0.99310651E-04
-0.30976417E-03    0.24388169E-03    0.39834722E-03   -0.34829618E-03   -0.49465668E-04
-0.11853433E-03   -0.34106153E-03    0.26698677E-03   -0.80544831E-04   -0.35930776E-04
 0.64250173E-05    0.27896625E-03    0.30275464E-04    0.68233104E-04    0.56093988E-04
 0.16154445E-03   -0.43313268E-04    0.14801951E-04   -0.54978518E-04   -0.21769992E-03
 0.10382713E-03   -0.12973227E-04   -0.29464470E-05    0.40114247E-04   -0.52442886E-04
 0.15578124E-03   -0.86976683E-04   -0.17549693E-03    0.27870261E-03    0.41388994E-04
 0.96026226E-04    0.23756668E-03   -0.19063105E-03    0.31851759E-04    0.17388246E-04
 0.43392295E-02    0.81009254E-03    0.15275370E-02    0.45484984E-03   -0.35066974E-04
-0.68408317E-03   -0.64294779E-04    0.50080996E-04    0.39984767E-03    0.45797564E-04
 0.95844494E-05   -0.10588256E-05   -0.73320318E-04    0.11045388E-05   -0.28603275E-04
-0.44348634E-05   -0.72199193E-04   -0.70132405E-04    0.27520427E-03   -0.20071385E-03
-0.81967642E-03    0.34265320E-02   -0.12010077E-03    0.13438570E-03   -0.66577205E-03
 0.13042239E-03    0.12099416E-03    0.69313320E-04   -0.95237088E-04    0.21107060E-04
-0.94694358E-04   -0.86064978E-04   -0.23926806E-03   -0.16782715E-04    0.17868027E-04
 0.27772631E-04   -0.80086004E-04    0.13857117E-03   -0.86946849E-04   -0.11333477E-03
 0.22663244E-03    0.82496227E-04    0.53990330E-04    0.60295920E-04   -0.17705622E-03
 0.67999629E-04    0.11014578E-05    0.52898143E-04   -0.71554540E-04    0.51744792E-03
-0.50520879E-04   -0.74037602E-04   -0.58589069E-04    0.66410661E-04   -0.83187256E-05
 0.14465130E-05    0.10330909E-03    0.11296340E-03   -0.19856695E-04   -0.20890279E-04
-0.36659075E-04    0.55534833E-04   -0.96976319E-04    0.15783625E-04    0.32457886E-04
-0.14048819E-03   -0.35067551E-04    0.23159869E-04   -0.29311031E-04    0.11276630E-03
-0.27951894E-04   -0.22406688E-05   -0.21742350E-02   -0.40288780E-03   -0.42980017E-03
 0.16769760E-02   -0.40804130E-03   -0.17464611E-03   -0.81683022E-05    0.26383450E-04
-0.64467734E-05   -0.89061267E-04   -0.17701188E-04   -0.19758460E-04    0.19492420E-04
 0.15978953E-04   -0.92482842E-07    0.53555016E-05   -0.39799216E-05   -0.92200019E-05
-0.15237536E-04    0.89167856E-03   -0.64647336E-03   -0.14018820E-02    0.16196012E-02
-0.24912455E-04   -0.72955985E-04    0.77988918E-04   -0.88001390E-03   -0.26470885E-04
-0.53704888E-04   -0.15744569E-04   -0.27569892E-05   -0.20243257E-03    0.87945353E-04
 0.12855551E-03    0.84515390E-04   -0.48392976E-04    0.25000264E-04    0.17237957E-03
-0.12459412E-03   -0.79641463E-04   -0.20622693E-04   -0.16649074E-03   -0.20095262E-04
 0.21130743E-03    0.68183521E-04   -0.46174053E-03   -0.57047601E-04    0.44759951E-05
 0.34829625E-04    0.73142808E-04   -0.24944733E-04    0.66715415E-03    0.22834231E-04
-0.16694272E-04   -0.15133209E-05    0.80264115E-05    0.15351762E-03   -0.52822871E-04
-0.24306776E-03   -0.53779787E-04    0.35618848E-04   -0.16525226E-04   -0.10341729E-03
 0.88488208E-04    0.57678735E-04    0.46907491E-05    0.68311378E-04    0.13786571E-04
-0.15578670E-03    0.24100497E-04    0.35605209E-03    0.15637394E-04   -0.14367994E-05
 0.67283197E-03    0.89932288E-04    0.16636724E-03   -0.26095168E-04    0.16334317E-02
-0.65618138E-03   -0.13767879E-03    0.24884895E-04    0.61279162E-04    0.61874189E-05
-0.18534745E-03   -0.11423638E-03   -0.59392864E-05    0.63920735E-05    0.13006717E-04
 0.38469004E-05   -0.14667925E-04   -0.37371513E-04    0.45467965E-04    0.64899904E-04
 0.12345947E-03   -0.30053050E-04    0.28382151E-04   -0.14460131E-02   -0.10408422E-03
 0.87529365E-05    0.10105864E-04   -0.14263418E-04   -0.72675437E-03   -0.35965074E-03
 0.55336131E-04   -0.98536966E-06    0.93587805E-04    0.26689495E-04    0.32528667E-03
-0.23179386E-04    0.15557954E-04   -0.77939202E-04    0.12485210E-03   -0.13018285E-03
-0.46207097E-04    0.12436839E-03   -0.21685931E-03   -0.95366121E-04   -0.11364749E-03
-0.89176742E-04    0.77034721E-04   -0.86175544E-04    0.44927832E-05    0.12154858E-03
 0.11289231E-04    0.18620485E-05   -0.58313274E-05    0.61769017E-03    0.30838880E-03
-0.36096411E-04   -0.40008912E-05   -0.12181475E-03    0.16253607E-04   -0.29690562E-03
 0.12100676E-03   -0.32630711E-04    0.59595890E-04   -0.10748748E-03    0.85047304E-04
 0.29282340E-04   -0.75640794E-04    0.12385600E-03    0.68621003E-04    0.10468169E-03
 0.48728773E-04   -0.24979746E-05    0.43884615E-04   -0.35116994E-05    0.14225313E-02
 0.25360231E-03    0.16806347E-03   -0.12970674E-03    0.12348588E-03    0.16317148E-02
-0.16762825E-03    0.65988806E-03    0.15250894E-03    0.49824176E-04   -0.72143984E-04
-0.17819219E-03   -0.11734354E-04    0.48198406E-05   -0.18440833E-04    0.25734789E-04
-0.16837207E-04    0.12736112E-04    0.52278861E-04    0.85798132E-05    0.39496359E-04
-0.29151324E-04   -0.49960211E-05    0.26175071E-03   -0.25093168E-02   -0.93533034E-04
 0.11866233E-04   -0.13271366E-03   -0.34972093E-04   -0.36919758E-03   -0.10650881E-02
 0.84389787E-04   -0.35386707E-05    0.35699324E-04    0.24386138E-03    0.17993171E-03
-0.15955915E-03    0.12803568E-04   -0.10096393E-03    0.13188631E-03   -0.20055727E-03
 0.67425450E-04    0.19702857E-03   -0.40884564E-03    0.47703698E-05    0.23068640E-04
-0.30171707E-03    0.31729423E-03   -0.13804474E-04   -0.10052606E-04    0.86797052E-04
-0.17025039E-04    0.10041069E-03   -0.37910982E-04    0.27917652E-03    0.84351562E-03
-0.53387667E-04    0.42146381E-06   -0.38303586E-04   -0.11720790E-03   -0.34552531E-03
 0.15223978E-03   -0.17065077E-04    0.73363432E-04   -0.97264471E-04    0.13450847E-03
 0.22816156E-04   -0.13146995E-03    0.34095465E-03    0.30286444E-04    0.35266853E-04
 0.15468405E-03   -0.24801363E-03    0.14474710E-04   -0.92850406E-06    0.24916923E-02
 0.42679817E-03    0.29625953E-03   -0.78213545E-04    0.10366851E-03    0.84471064E-03
 0.23435935E-02    0.12349500E-04   -0.14200802E-04   -0.18929525E-03   -0.15666995E-04
 0.75713573E-06    0.95627879E-04   -0.17885032E-04    0.29505280E-05   -0.55451439E-06
 0.16938276E-05   -0.22923579E-04   -0.31465759E-04   -0.40863532E-05    0.11532080E-04
 0.23322919E-04    0.52514020E-03   -0.35287448E-03   -0.11141506E-02    0.22143605E-02
-0.11776242E-04    0.71935060E-05   -0.46419224E-04   -0.12445277E-04    0.72717440E-04
 0.86289790E-04   -0.18876603E-03    0.27405442E-04   -0.12930910E-03   -0.99819232E-04
-0.38766100E-04    0.79699877E-04   -0.10869810E-04   -0.27159128E-05   -0.58070001E-04
 0.36803095E-04   -0.20016506E-04   -0.61546199E-04    0.47633529E-04   -0.15894567E-04
-0.72650580E-05   -0.32974177E-04   -0.29067709E-04    0.33668565E-05    0.32074487E-05
 0.18222509E-04    0.90594566E-06    0.29230473E-04    0.51007966E-05   -0.37228917E-04
-0.61398553E-04    0.12989118E-03   -0.18119453E-04    0.65626109E-04    0.10861484E-03
-0.44735316E-04   -0.47394441E-04    0.10004450E-04   -0.50577047E-05    0.21190965E-04
-0.41603866E-05    0.26846009E-05    0.30455919E-04   -0.48796631E-04   -0.28105437E-04
 0.21342592E-04    0.13459541E-04    0.33069132E-04   -0.10735843E-04   -0.32444779E-06
-0.50977804E-03   -0.12741571E-03   -0.79914613E-04    0.12458718E-03    0.43389954E-04
-0.14138825E-03   -0.16177152E-03    0.41048071E-03   -0.99057669E-05   -0.13546969E-04
-0.10838281E-04   -0.39476781E-05    0.46559373E-05   -0.95298413E-05   -0.83269348E-06
-0.12995063E-06    0.25892181E-05   -0.27490794E-05    0.82610492E-05    0.65532031E-05
 0.82313126E-06   -0.52632710E-05   -0.13277464E-05   -0.33046195E-04    0.10350856E-04
 0.57114826E-04   -0.12505313E-03   -0.14836082E-04   -0.38693333E-05    0.90810926E-05
-0.13850844E-05    0.15233806E-05   -0.56267172E-06    0.24386196E-04   -0.90365079E-05
 0.13587404E-04   -0.30638199E-05    0.17972350E-04    0.24786664E-04    0.38668240E-05
 0.26977954E-06    0.24075237E-05   -0.42054493E-05    0.16357733E-06    0.72991400E-05
-0.36202053E-05    0.13413440E-05   -0.56933522E-05    0.20358727E-06    0.10501554E-04
-0.85069055E-07   -0.89376051E-06    0.11278962E-04    0.20136048E-05   -0.13724979E-05
 0.71656279E-05   -0.45489572E-05   -0.91563593E-06   -0.16354186E-04    0.71434134E-05
 0.28238940E-05   -0.33174114E-05   -0.32690616E-05   -0.25071265E-04   -0.31853604E-05
 0.68876979E-06   -0.14732577E-05   -0.95915198E-06    0.99239296E-06    0.60317008E-06
 0.63334669E-05    0.17955110E-05    0.37357682E-05    0.61661805E-05   -0.93251836E-05
 0.15587690E-05    0.37862983E-06    0.55247549E-04    0.88000623E-05    0.21060482E-04
-0.10922270E-04    0.12303047E-04   -0.39517760E-05   -0.38331695E-05   -0.60007216E-04
 0.24925739E-04   -0.12406225E-02    0.16700633E-02    0.77624017E-03    0.26547103E-03
-0.29351973E-03   -0.76721230E-03   -0.12227754E-03   -0.42152426E-04   -0.23584071E-04
 0.12839584E-03   -0.68791405E-04    0.99400430E-04   -0.57258345E-04    0.99343148E-04
 0.26584164E-03    0.75653711E-03   -0.56046060E-03   -0.21882523E-03   -0.70955052E-02
 0.45000097E-03   -0.49378890E-04   -0.20490615E-03   -0.32987847E-03   -0.14821943E-03
-0.45323707E-03   -0.25224359E-04   -0.15691164E-04   -0.70700369E-03    0.29259585E-03
-0.22060652E-03    0.30041594E-03   -0.88859940E-04   -0.16770392E-03    0.14226253E-03
-0.57391323E-03    0.36064800E-03    0.44004773E-03   -0.68604053E-03   -0.45633885E-04
-0.19951375E-04   -0.58683024E-03    0.41214608E-03   -0.13260051E-03   -0.55008000E-04
-0.12678436E-03    0.14834049E-04    0.13072656E-03    0.17858483E-03   -0.24818032E-04
 0.29734708E-03   -0.20962431E-05    0.20809709E-04    0.65017257E-03   -0.18913125E-03
 0.28284163E-03   -0.10559376E-03    0.47511224E-04    0.98275030E-04   -0.39992098E-04
 0.20926827E-03   -0.11693569E-03   -0.12631830E-03    0.51663498E-03    0.90459035E-04
 0.28019512E-04    0.35508581E-03   -0.32916548E-03    0.47885399E-04    0.21210926E-04
 0.80044504E-02    0.15744220E-02    0.11978556E-02   -0.51873188E-03    0.31627565E-03
 0.38278739E-03    0.65203000E-03    0.57932799E-04    0.13153069E-04    0.41472325E-02
 0.58772638E-03   -0.10675498E-02   -0.47510682E-03   -0.18753434E-03    0.17731791E-03
 0.36652019E-03    0.12090039E-03    0.12815141E-04    0.19803425E-04   -0.11396735E-03
 0.26767412E-04   -0.54670774E-04   -0.32230272E-04   -0.71968023E-05   -0.38785660E-04
 0.21210769E-03   -0.27546708E-03   -0.16624310E-02    0.57609512E-02   -0.46445874E-04
-0.39349986E-04    0.90267789E-04    0.16338316E-03    0.55699312E-04    0.24359450E-03
-0.11043848E-03    0.83619805E-05   -0.23649868E-03   -0.17459552E-02    0.21894728E-03
-0.62095512E-04    0.67648305E-04    0.14755633E-03   -0.11810318E-03    0.28564536E-03
-0.15430979E-03   -0.20187207E-03    0.28824499E-03   -0.28171729E-04    0.11740800E-03
 0.28717729E-03   -0.26248494E-03    0.97682300E-04    0.35772492E-04   -0.31309328E-04
-0.24074380E-04   -0.46520475E-04   -0.59817794E-04    0.43408086E-04   -0.10763468E-03
 0.10286383E-03   -0.98922592E-05    0.20289419E-03    0.15975398E-02   -0.16465995E-03
 0.92386304E-04   -0.48131213E-04   -0.11069902E-03    0.54617874E-04   -0.22984182E-03
 0.19883223E-04    0.16807899E-03   -0.17346932E-03    0.50094185E-04   -0.91954028E-04
-0.19567134E-03    0.23808997E-03   -0.58039163E-04   -0.18129249E-04   -0.34710614E-02
-0.58398026E-03   -0.52128260E-03    0.31280653E-03   -0.18190301E-03   -0.17028817E-03
-0.35277487E-03    0.23735193E-03   -0.62461124E-06   -0.35657764E-03    0.44403479E-02
 0.16166978E-03    0.21908355E-02    0.21689044E-03    0.16630595E-03   -0.17569500E-03
 0.14767951E-03    0.37290936E-04   -0.28559708E-04   -0.17957782E-04    0.52029813E-04
-0.34562537E-04    0.20133696E-04    0.11139228E-03    0.74932044E-04    0.24561942E-03
-0.25442065E-04    0.94292431E-04    0.11306249E-02   -0.46307859E-02    0.12179990E-03
-0.91866137E-04   -0.33830420E-03    0.23023345E-04    0.16877850E-03    0.28294620E-03
-0.27772060E-04    0.22008215E-04    0.44660328E-04    0.43231100E-03   -0.10540866E-01
 0.36429557E-03   -0.17941818E-03   -0.61049381E-04   -0.16723420E-03   -0.23792444E-03
 0.24104136E-03    0.33253805E-03   -0.22690142E-03    0.29157449E-04    0.93159725E-04
-0.13300285E-03    0.45054988E-03    0.11701918E-03   -0.28666435E-04    0.70749595E-04
-0.18745116E-04    0.27614130E-03   -0.16104881E-03   -0.21047136E-03   -0.22905077E-03
-0.61167295E-04   -0.75717571E-06    0.93892430E-04   -0.24593576E-03    0.21207684E-01
 0.35261883E-04    0.73079325E-04   -0.16972238E-05    0.15691871E-03    0.28083652E-03
 0.97046547E-04   -0.13296450E-03    0.16105409E-03   -0.63136250E-04   -0.93537023E-04
 0.84707062E-04   -0.37061283E-03   -0.47967194E-04    0.10846718E-04    0.29262965E-02
 0.47147203E-03    0.44961613E-03    0.61480565E-04   -0.63860941E-04    0.19607069E-04
-0.73071736E-03   -0.18731262E-03    0.53162902E-05    0.95814891E-03   -0.20646662E-03
 0.40948221E-01    0.35079696E-04    0.38574257E-03    0.82102990E-03    0.82528143E-04
-0.58257396E-04   -0.30632522E-03    0.72889880E-05   -0.32611864E-04   -0.10950151E-04
 0.18724406E-04   -0.61455786E-04    0.39661031E-04    0.22061826E-04   -0.49503707E-05
 0.87866396E-04   -0.48608264E-03    0.14891652E-03    0.50599663E-03   -0.26485405E-02
 0.94609847E-05   -0.19775314E-04   -0.73977110E-04    0.86055042E-04   -0.12186869E-03
-0.15748885E-03    0.12632288E-03    0.17002713E-04    0.20479873E-03    0.64736352E-04
-0.17825887E-03   -0.12248109E-02    0.25366540E-04    0.15090661E-04    0.78394003E-04
-0.72384757E-04    0.12861314E-03   -0.76107492E-04   -0.11470931E-03   -0.42465060E-04
 0.31170905E-04    0.90398262E-04    0.58431315E-04    0.11811295E-03   -0.14617378E-04
-0.50628015E-05   -0.18809448E-04    0.49797569E-04   -0.77074179E-04    0.13226257E-03
 0.17258360E-03   -0.82846054E-04   -0.16933652E-04   -0.14634778E-03   -0.37228199E-04
 0.33321032E-04    0.84823470E-03    0.69382912E-05   -0.59718782E-05    0.17858470E-04
 0.31225554E-04   -0.73039069E-04    0.93944431E-04    0.94621419E-04    0.76272194E-04
-0.42897536E-04   -0.52299782E-04   -0.40361556E-04   -0.60744537E-04    0.58317291E-05
 0.13801452E-02    0.26337576E-03    0.74539720E-04   -0.16982930E-04   -0.17982518E-03
 0.22737164E-03    0.35309612E-03   -0.15743268E-03   -0.47349248E-04    0.16377646E-03
-0.13310162E-03    0.10402984E-03    0.32616042E-02    0.68139887E-04   -0.54093496E-04
 0.22068013E-04   -0.43791178E-05    0.23268775E-04    0.83076392E-04    0.35237790E-04
 0.19620160E-05    0.12119249E-04   -0.24834944E-04    0.34269345E-04   -0.14614930E-04
-0.29462388E-06    0.21989102E-05    0.57901082E-05    0.26509272E-03   -0.15964594E-03
-0.61656805E-03    0.15148189E-02   -0.55389747E-05    0.13886811E-04    0.19041402E-04
-0.53976182E-04    0.36337635E-04    0.49595519E-04   -0.19205913E-04    0.64777582E-05
-0.75388476E-04    0.76510364E-05   -0.55787132E-04    0.40526259E-04   -0.11981386E-03
 0.33285868E-04    0.42578686E-05    0.63734908E-04   -0.42557574E-04   -0.36996325E-04
 0.35090462E-04    0.19665579E-04    0.82549362E-04    0.82964455E-04   -0.80104356E-04
-0.16479326E-05    0.67266618E-05   -0.10599958E-04   -0.18407593E-04   -0.25397736E-04
 0.36565175E-04   -0.41066153E-04   -0.45319268E-04    0.16710759E-04   -0.51861646E-05
 0.36885990E-04   -0.14622293E-04    0.11077029E-03    0.69414035E-05    0.83049513E-04
-0.26968217E-04   -0.14214766E-04   -0.41934569E-04    0.39399936E-04    0.22692314E-04
-0.13294451E-04   -0.53158355E-05   -0.76651643E-04   -0.41447388E-04    0.37618430E-04
-0.63935187E-05   -0.48605628E-05   -0.49290516E-03   -0.91472797E-04   -0.85790146E-04
 0.10184394E-04    0.10952926E-04   -0.42480015E-04   -0.57836388E-04    0.13919280E-04
-0.39910551E-05   -0.11606575E-03    0.84871998E-04    0.60681254E-04   -0.77187853E-04
 0.28239658E-03    0.10359622E-04   -0.11445835E-03   -0.13964688E-03   -0.78029022E-05
 0.29674834E-04    0.72113757E-04    0.14302972E-04    0.12060048E-04   -0.99426365E-05
-0.15338758E-04    0.17563471E-05   -0.17037262E-04   -0.21755378E-04    0.14484603E-04
-0.52587008E-04    0.11383174E-03    0.20986765E-05   -0.36502706E-03    0.13634980E-02
-0.46260811E-04    0.58914678E-04    0.26259290E-04    0.32479679E-04   -0.12098561E-04
 0.81670800E-05   -0.24885253E-04    0.37053786E-05   -0.62952951E-05    0.23926512E-04
 0.78353140E-04    0.59445435E-04    0.21664294E-04   -0.89815819E-04   -0.63326400E-04
 0.41367069E-04   -0.72503693E-05   -0.13929374E-04    0.18916147E-04   -0.29650014E-04
-0.28189391E-04    0.25938359E-04   -0.13676707E-03    0.10344910E-04    0.11476675E-04
 0.30495779E-04   -0.47037651E-04   -0.26408397E-04   -0.19755612E-04    0.18971519E-04
-0.21032180E-05    0.11145052E-04   -0.36141982E-05   -0.12330533E-04   -0.17438764E-04
-0.10885532E-03   -0.13431683E-04   -0.20354360E-04    0.62423554E-04    0.27293521E-04
-0.22380086E-04   -0.17051394E-04   -0.90573988E-05   -0.44783651E-04   -0.12151502E-04
-0.51148059E-05   -0.21419697E-04    0.10911874E-03   -0.71894661E-05   -0.55361160E-05
-0.87746256E-03   -0.16353568E-03   -0.23224403E-03   -0.17711154E-04   -0.73262961E-04
 0.13838400E-04   -0.21904126E-04    0.33880976E-04   -0.51119566E-05   -0.28810596E-03
 0.57883269E-04   -0.25921743E-03   -0.99303877E-04   -0.18901547E-04    0.25579389E-03
 0.58784224E-04    0.25618883E-04   -0.45334044E-03   -0.42028764E-04    0.43110635E-05
 0.13347022E-03    0.26125096E-04    0.15605249E-04   -0.19981118E-04    0.49621938E-05
-0.21807057E-04    0.14599821E-04   -0.30467731E-04    0.64998548E-04   -0.10385099E-03
 0.12771320E-03   -0.92303154E-04   -0.64644417E-03    0.13636413E-02    0.10604947E-03
 0.53456422E-04   -0.20447494E-04    0.16334554E-03    0.13870098E-03    0.11768640E-03
-0.61135347E-04    0.36164255E-05    0.76398739E-04   -0.12370678E-03   -0.10374777E-03
 0.98152173E-04    0.24986858E-04   -0.46963590E-04   -0.66611559E-03   -0.56599326E-04
 0.58930859E-04   -0.10224014E-03    0.10395879E-03    0.10162443E-03   -0.20498917E-04
 0.10049881E-03    0.20399643E-03    0.42472403E-04    0.24765690E-04   -0.74385215E-04
-0.54923076E-04    0.32068059E-04   -0.99181412E-04   -0.11434199E-03   -0.11831090E-03
 0.23238416E-04   -0.24994390E-05   -0.48192176E-04    0.92028269E-04    0.13533342E-03
 0.14021292E-04   -0.19478346E-04    0.27611384E-04    0.54477693E-03    0.33537591E-04
-0.37744833E-04    0.12510636E-03   -0.46228591E-04   -0.40468131E-04    0.19873053E-04
-0.85988966E-04   -0.14918107E-03   -0.25004276E-04   -0.22103325E-04   -0.40243303E-03
-0.82621413E-04   -0.13669445E-03    0.11409115E-04   -0.10381679E-03   -0.25425148E-03
-0.30486548E-03    0.42885389E-04   -0.10290376E-04   -0.54536973E-04    0.26816075E-03
-0.14792967E-03   -0.46437164E-04    0.22950924E-04    0.89773229E-04    0.14426236E-02
-0.10016373E-03    0.24828704E-03   -0.32797403E-04    0.29517185E-05    0.24477000E-05
-0.11016652E-03    0.30378026E-04    0.18621973E-04   -0.18087022E-04   -0.12401596E-05
 0.46593710E-04    0.23616752E-04    0.11857155E-04    0.21197548E-04    0.76638669E-04
 0.36969592E-03   -0.34844586E-03   -0.10039734E-02    0.48540271E-03    0.91097289E-05
-0.26650202E-04   -0.44246513E-04   -0.75864616E-04   -0.70855657E-04   -0.84215706E-04
 0.15151347E-04   -0.76144099E-05   -0.30507011E-04    0.16220076E-03   -0.35062026E-04
 0.51365632E-04    0.53575943E-05   -0.24799455E-04   -0.25943882E-04   -0.76259411E-03
-0.32377810E-03    0.14459753E-03   -0.19154940E-03   -0.85491185E-04   -0.19258893E-04
-0.12890774E-03    0.19458504E-03    0.57489206E-04   -0.69894747E-05    0.68853186E-04
 0.19050477E-04    0.88979561E-05    0.68245037E-04    0.60961296E-04    0.12538184E-03
 0.87472224E-05    0.83220141E-06   -0.22868853E-04   -0.18961309E-03    0.25577392E-03
 0.10298091E-04   -0.27070924E-04    0.16037466E-04    0.40613289E-04    0.58423663E-03
 0.31074527E-03   -0.21574453E-04    0.16744756E-03    0.40068864E-04    0.20204204E-04
 0.36225618E-04   -0.18829474E-03   -0.10435694E-04    0.53282679E-05    0.97536484E-03
 0.71755619E-04    0.18015254E-03   -0.10987299E-03    0.12031449E-03    0.73525272E-05
 0.25886985E-04    0.43016535E-04   -0.85337266E-05    0.40731461E-03   -0.39504998E-04
 0.22041392E-03    0.11743918E-04   -0.55442745E-05   -0.10757121E-04    0.42904045E-04
 0.19423196E-02    0.91250809E-03   -0.11179200E-02   -0.92716840E-03   -0.21896178E-03
 0.21687097E-03    0.69760066E-03    0.16522728E-03    0.17297454E-04    0.45885794E-04
-0.95034282E-04    0.54479855E-04   -0.68610438E-04   -0.61128834E-04   -0.10837566E-03
-0.19453894E-03    0.30904584E-03   -0.31008705E-03   -0.16463050E-02    0.81779673E-02
-0.72874959E-04    0.45033858E-04    0.14937895E-03   -0.16544710E-04    0.10604448E-03
 0.24553120E-03   -0.52845215E-04    0.19247388E-04   -0.15905965E-03   -0.25673666E-03
 0.42355871E-05    0.21592400E-04    0.22881437E-04    0.17947520E-03    0.48680210E-04
 0.13738482E-05   -0.10003451E-02   -0.29543175E-03    0.37665603E-03    0.12118724E-03
 0.22555465E-03    0.35159446E-03   -0.37290149E-03    0.10439456E-03    0.40108485E-04
-0.59011156E-04    0.12142742E-04   -0.15386996E-03    0.75006563E-04   -0.10008796E-04
-0.11244195E-03    0.31464281E-04   -0.99090085E-05    0.17615008E-03    0.15896333E-03
 0.84639661E-05   -0.30445312E-04   -0.13522455E-04   -0.12154721E-03   -0.58780825E-04
 0.14622981E-03    0.73297032E-03    0.13234486E-03   -0.22478498E-03   -0.81734968E-04
-0.10812917E-03   -0.20715445E-03    0.20730288E-03   -0.43359726E-04   -0.16364863E-04
-0.59656453E-02   -0.11143586E-02   -0.84950717E-03    0.28605349E-03   -0.11499160E-03
-0.34382402E-03   -0.50056955E-03    0.10463517E-03   -0.12932668E-04   -0.14024973E-02
 0.70975421E-03   -0.34086800E-03   -0.29726675E-03    0.77451816E-04    0.13637241E-03
 0.93049462E-04    0.68238246E-03    0.25547627E-02    0.55244846E-03   -0.74130849E-03
-0.25126731E-03   -0.10661654E-03    0.93312774E-04    0.24387611E-03    0.10345488E-04
 0.13222609E-04    0.36652498E-04   -0.29063933E-04    0.12019165E-05   -0.49416397E-04
-0.78731251E-04   -0.12520459E-04   -0.43352864E-04    0.79725904E-03   -0.68463875E-03
-0.26300126E-02    0.68265633E-02    0.54197306E-04    0.11607344E-03    0.10659826E-03
-0.32657601E-04    0.55077931E-04    0.16879824E-03   -0.48660659E-04    0.11262457E-04
-0.11852684E-03   -0.14172207E-03    0.16841337E-03   -0.22368300E-03    0.21366886E-04
 0.10141599E-03   -0.73036098E-04    0.22731418E-03   -0.47980504E-04   -0.11787616E-02
 0.21663418E-03   -0.25898333E-05    0.56779755E-04    0.81095730E-04   -0.21157724E-03
 0.20866148E-04    0.33266688E-04   -0.10758393E-03   -0.63260544E-04   -0.66849778E-04
 0.71856491E-05   -0.61839343E-04   -0.16911515E-03    0.31980077E-04   -0.38113242E-05
 0.91266602E-04    0.19658562E-03   -0.11619260E-03    0.14411819E-03   -0.43927310E-05
-0.75361908E-04    0.87032872E-04   -0.51251123E-04    0.44261582E-04    0.86867640E-03
-0.17339220E-03    0.24606629E-04   -0.96493292E-05   -0.55874843E-04    0.10438552E-03
-0.16413090E-04   -0.18007753E-04   -0.27644886E-02   -0.39004307E-03   -0.62747604E-03
 0.14453153E-03   -0.32152155E-04   -0.21413740E-03   -0.25059318E-03    0.13181498E-03
-0.14777848E-04   -0.51809876E-03    0.38142404E-03   -0.48357875E-03    0.27540636E-03
 0.52778129E-04    0.64459591E-04    0.33825059E-03   -0.14951725E-04    0.57848226E-03
 0.26093507E-02    0.69448793E-03   -0.59085964E-03   -0.32959057E-03   -0.13503789E-03
 0.13411548E-03    0.42472216E-03    0.13409859E-03    0.14630050E-04   -0.71011796E-04
-0.92689257E-04    0.33367240E-04   -0.58972834E-04   -0.45668306E-04   -0.54169661E-04
-0.23209884E-03    0.25643910E-03   -0.18219104E-03   -0.93820679E-03    0.64855176E-02
-0.11412406E-03   -0.31801926E-04    0.21728041E-03   -0.65152126E-04    0.41592937E-04
 0.33660893E-04   -0.81003205E-05    0.14118351E-04   -0.31222318E-03   -0.18694650E-03
-0.83791371E-04   -0.93181740E-04    0.11333792E-04    0.12220717E-03    0.52844133E-04
 0.20059427E-03   -0.25260140E-03   -0.30147247E-03   -0.51796453E-03   -0.14153311E-03
 0.27031712E-03    0.24535564E-03   -0.29660984E-03    0.94797262E-04    0.25145962E-04
-0.22552402E-04    0.46628509E-04   -0.16418535E-03    0.38031656E-04   -0.77612822E-05
 0.25002342E-04    0.19522927E-05   -0.77300835E-05    0.20393349E-03    0.18012892E-03
-0.15610405E-03    0.21332954E-04   -0.26777216E-05   -0.85944849E-04   -0.24515234E-04
-0.43195967E-04    0.18793614E-03    0.78059298E-04    0.41348090E-03    0.16216787E-03
-0.18316758E-03   -0.16475462E-03    0.12757702E-03   -0.33055351E-04   -0.97990251E-05
-0.51585322E-02   -0.88185065E-03   -0.62967431E-03    0.28307362E-03   -0.15217892E-03
-0.23175708E-03   -0.13095178E-03   -0.30950725E-04    0.62274738E-06   -0.12832850E-02
 0.65577347E-03   -0.57923445E-03   -0.20247553E-03    0.85762925E-04    0.18477265E-03
 0.13364752E-03   -0.63521644E-04    0.10435165E-02    0.47000198E-03    0.25458405E-02
 0.39299543E-04   -0.19130234E-03   -0.58949415E-04   -0.37391686E-04    0.13441167E-04
 0.65706510E-04    0.23974940E-04   -0.30182434E-04   -0.19636460E-04   -0.13968116E-04
-0.32735401E-04    0.12369897E-04   -0.18013589E-04    0.51052632E-04   -0.14428832E-03
 0.19764172E-03   -0.62431785E-04   -0.44018705E-03    0.19044918E-02    0.13469395E-03
-0.68129339E-06    0.60318227E-04    0.31093320E-04    0.42194754E-04    0.10498133E-03
-0.18111367E-04    0.45918202E-05   -0.51059801E-04   -0.92871871E-04    0.13069307E-04
 0.18002647E-04    0.20314881E-04    0.85383119E-05    0.11605115E-04   -0.30858048E-04
-0.31411592E-04   -0.13501217E-03   -0.94899923E-04   -0.60717227E-03   -0.40522495E-04
 0.93436018E-04   -0.96457289E-04    0.41344100E-04    0.10718088E-04   -0.11342949E-03
 0.41081767E-05   -0.61035295E-04    0.38148608E-04    0.11418987E-04   -0.54487032E-04
-0.25807687E-04   -0.29256734E-05    0.59340353E-04    0.81253980E-04   -0.16153607E-03
 0.67329528E-04   -0.24826028E-05   -0.23955045E-04   -0.74329357E-05    0.29541812E-04
 0.40536256E-05    0.71972653E-04    0.82863375E-04    0.50589668E-03    0.29924405E-04
-0.26462093E-04    0.17783832E-04   -0.54421207E-05   -0.59377494E-05   -0.11847308E-02
-0.21264445E-03   -0.17020726E-03    0.14592317E-04    0.14436872E-04   -0.15453972E-03
-0.27723836E-03   -0.13164218E-04   -0.34130271E-05   -0.20390200E-03    0.23140351E-03
-0.91425703E-04    0.29570277E-04    0.77722821E-05    0.62907993E-04    0.43217926E-04
-0.57827453E-04    0.26501744E-03    0.19218339E-03    0.66480048E-03    0.19507560E-02
 0.12074802E-02   -0.11492564E-02   -0.72610401E-03   -0.24033157E-03    0.22575960E-03
 0.66366170E-03    0.14687408E-03    0.43412231E-04    0.35793298E-04   -0.13911505E-03
 0.29808281E-04   -0.12934952E-04   -0.77980665E-04   -0.13627172E-03   -0.26593756E-03
-0.12612197E-03    0.28646509E-04   -0.15434833E-02    0.89245574E-02   -0.26103394E-03
 0.93412042E-04    0.10391458E-03    0.34182918E-03    0.14858969E-03    0.40513137E-03
-0.86906628E-04    0.23748222E-04   -0.10932160E-03   -0.31616350E-03    0.78206895E-04
-0.49579662E-04    0.10246419E-03    0.13411621E-03   -0.85622083E-04    0.42837319E-03
-0.22065207E-03   -0.47656147E-03    0.56322342E-03    0.42714044E-05   -0.89692623E-03
 0.17884905E-03   -0.31163637E-03    0.17215764E-03    0.43301135E-04    0.61650657E-04
-0.41302154E-05   -0.88070976E-04   -0.16715252E-03   -0.26780589E-04   -0.27260334E-03
 0.83457210E-04   -0.15258073E-04    0.79279809E-04    0.24092448E-03   -0.28421696E-03
-0.50630855E-04   -0.91293847E-04   -0.10013727E-03    0.17011541E-04   -0.16538565E-03
 0.13299478E-03    0.20928985E-03   -0.44168287E-03    0.66343343E-05    0.10290791E-02
-0.46731490E-04    0.17310816E-03   -0.70237389E-04   -0.18906757E-04   -0.70188609E-02
-0.12411973E-02   -0.96524401E-03    0.55228903E-03   -0.30103175E-03   -0.31910715E-03
-0.66390843E-03    0.21677474E-03   -0.15776582E-04   -0.17742996E-02    0.74334928E-03
-0.74547551E-03   -0.40054814E-03    0.61470924E-04    0.21326603E-03    0.87030363E-04
-0.11620914E-03    0.13127740E-02    0.70247318E-03    0.92861833E-03    0.35791212E-03
 0.45286389E-02    0.86991816E-03   -0.25307684E-03   -0.56627029E-03   -0.14383291E-03
 0.11321067E-03    0.54188716E-03    0.17868326E-03    0.13111881E-04   -0.44650610E-05
-0.88800246E-04    0.35437010E-04   -0.60681947E-04   -0.12202834E-04   -0.63742017E-04
-0.14176832E-03    0.27090229E-03   -0.26224362E-03   -0.11219901E-02    0.54663631E-02
-0.13534061E-03   -0.56230792E-04   -0.16361514E-04    0.15525947E-03    0.11737500E-03
 0.11361531E-03   -0.84876707E-04    0.14288848E-04   -0.16288225E-03   -0.80746370E-04
-0.19692192E-03    0.13872635E-03    0.62413543E-04    0.82421462E-04    0.37441354E-04
 0.14012713E-03   -0.20409760E-03   -0.35251650E-03    0.24942022E-03    0.86364172E-04
-0.11169163E-03   -0.42040976E-03   -0.71992710E-04    0.87893238E-04    0.62338657E-05
 0.57919665E-04    0.56809696E-04   -0.22635826E-04   -0.24319684E-04   -0.63457180E-04
-0.98703319E-04    0.65064048E-04   -0.75316007E-05    0.72526698E-04    0.91427280E-04
-0.72983707E-04   -0.11161631E-03   -0.37146360E-04   -0.48328490E-04   -0.57839568E-04
-0.99479938E-04    0.11935620E-03    0.13392758E-03   -0.16404535E-03    0.86827003E-05
 0.15141904E-03    0.39153973E-03    0.96021551E-04   -0.73516570E-04   -0.20888386E-05
-0.39683538E-02   -0.71637041E-03   -0.46516028E-03    0.28894096E-03   -0.96175984E-04
-0.90166436E-04   -0.35144726E-03    0.10806702E-03   -0.35440833E-05   -0.93201062E-03
 0.44402126E-03   -0.82537382E-03   -0.39219975E-03    0.48838342E-04    0.13305145E-03
-0.22413696E-03   -0.75870325E-04    0.80195984E-03    0.36465597E-03    0.63037765E-03
 0.13771840E-03    0.13513604E-02    0.22274866E-02   -0.64178231E-03   -0.81315157E-04
 0.68324589E-03    0.91362440E-04   -0.51526938E-04   -0.31451373E-03   -0.20064237E-04
 0.13718479E-04   -0.10546913E-04    0.12009277E-04   -0.67320479E-05   -0.12051091E-04
-0.33188888E-04    0.30273599E-04    0.44228373E-04    0.92207862E-03   -0.57038972E-03
-0.16149988E-02    0.32120614E-03    0.12576292E-04   -0.10733476E-04   -0.21257179E-04
-0.52757178E-03   -0.90896921E-04    0.11220091E-03    0.23707207E-04   -0.31569194E-05
-0.62906351E-04   -0.48099594E-04    0.45497485E-03    0.10588179E-03   -0.42739398E-04
-0.14176438E-03    0.23361357E-03    0.37755951E-04    0.10611833E-03    0.10211754E-03
-0.14178275E-03   -0.14875679E-03    0.67640676E-04    0.39192913E-04   -0.11069161E-02
-0.81664373E-04   -0.98352550E-05    0.75084891E-04   -0.32418575E-04    0.51389513E-04
 0.35316209E-03    0.82305274E-04   -0.96028179E-04   -0.49227775E-05   -0.42429787E-05
-0.41560168E-05    0.65600065E-04   -0.27621019E-03    0.46084671E-04    0.16363207E-04
 0.92585710E-04   -0.16275578E-03   -0.78465615E-04   -0.13554832E-03   -0.48400668E-04
 0.95567354E-05   -0.20062136E-04   -0.13233963E-03    0.45290331E-05    0.88643543E-03
 0.36578334E-04    0.98822367E-05    0.20052011E-02    0.33951104E-03    0.11824726E-03
 0.12495837E-03    0.79373800E-03    0.27166557E-03    0.88408008E-04    0.42198259E-04
-0.21847821E-04    0.42423826E-03   -0.25517867E-03   -0.19240754E-03    0.22373860E-03
-0.32091805E-04    0.23129247E-03   -0.24146601E-03   -0.53346206E-04   -0.51773022E-03
-0.21924334E-03   -0.50504603E-03   -0.18309282E-03   -0.49793612E-03   -0.22535939E-03
 0.24518648E-02    0.38046200E-04   -0.15440290E-03   -0.23133534E-04   -0.27328691E-05
 0.19087555E-04    0.71030649E-04   -0.76950686E-05    0.50192930E-05    0.80575991E-05
-0.24286974E-04    0.20371754E-04   -0.27832936E-04   -0.63978620E-05   -0.15368516E-04
-0.28965861E-04    0.10740580E-03    0.17157179E-04   -0.18316204E-03    0.11208334E-02
-0.17438241E-04   -0.12288117E-04    0.37962753E-04   -0.21217504E-04   -0.43048714E-04
 0.33729505E-05   -0.25730885E-04    0.66848976E-05   -0.60099712E-04   -0.44300649E-05
 0.21191657E-03    0.95064715E-04   -0.14060244E-05    0.13993273E-04    0.19246044E-04
 0.11069135E-03   -0.43835756E-05   -0.78447506E-04    0.16843117E-04   -0.21677853E-05
 0.61524121E-04    0.47442603E-04   -0.71624713E-04   -0.19194042E-03    0.48079917E-05
-0.10353566E-04    0.11014838E-04   -0.31576157E-04   -0.12417497E-05    0.37157792E-04
-0.13258615E-04    0.35169741E-06   -0.16846255E-05    0.63300361E-05   -0.77322737E-05
-0.16023545E-03   -0.42029892E-04   -0.96795934E-05   -0.68735581E-05   -0.20344714E-04
-0.32757430E-04    0.45359961E-05    0.19496487E-04   -0.37286503E-04    0.80075679E-05
-0.18205005E-04   -0.67575852E-04    0.49811125E-04    0.60258262E-04   -0.27550991E-06
-0.85815698E-03   -0.14707354E-03   -0.71392674E-04    0.75756020E-04   -0.28122730E-05
 0.24777352E-04   -0.70359811E-04    0.13168744E-04   -0.90487940E-05   -0.23346612E-03
 0.12376153E-03   -0.21575872E-03   -0.15472724E-03    0.20204040E-04    0.35143177E-04
-0.13959026E-04   -0.15640862E-03    0.15375145E-03    0.74350004E-04    0.17961113E-03
 0.12921876E-04    0.12015786E-03    0.70125274E-04   -0.14957143E-04    0.51570717E-03
-0.90855331E-05    0.67466381E-04    0.35807056E-04    0.30098884E-05   -0.67909297E-05
-0.13918811E-04   -0.68855444E-06   -0.15547956E-05    0.46408419E-05   -0.41990043E-06
-0.10612807E-06   -0.69523685E-06    0.70326173E-05   -0.44915022E-05    0.69238571E-05
-0.14599319E-05   -0.68325399E-05    0.52908964E-05   -0.13188937E-03   -0.47799637E-05
-0.66728296E-05   -0.10605419E-04    0.32735947E-05    0.33552430E-05    0.18275440E-05
 0.27303455E-05   -0.12254790E-05   -0.11566437E-05    0.17863636E-04   -0.85840403E-05
-0.72320834E-05    0.58719739E-06    0.42334366E-05    0.23986796E-04   -0.28441955E-05
 0.14805355E-04    0.25145746E-04   -0.85389912E-05    0.14037400E-05    0.33580355E-05
-0.17237231E-04    0.10309916E-05    0.16411378E-06   -0.10254567E-04    0.59996749E-05
 0.37827961E-05    0.59758704E-05   -0.28041628E-05   -0.60669703E-05   -0.37818791E-05
-0.14522198E-06    0.62445195E-06   -0.34234319E-05   -0.12886940E-04    0.70725925E-05
 0.38677564E-05   -0.15783904E-05   -0.39343741E-05   -0.19399268E-04    0.19916361E-05
-0.66899525E-05   -0.15257652E-04    0.78853326E-05   -0.12374818E-05    0.16296498E-05
 0.10158048E-04   -0.18773832E-05    0.17802044E-05    0.86584703E-05    0.10369211E-03
 0.15529422E-04    0.26260796E-04   -0.65080007E-05   -0.48005751E-05    0.58382298E-05
 0.95886783E-05   -0.16625472E-05    0.18046548E-05    0.28650989E-04   -0.23792439E-04
 0.15219082E-04    0.75079256E-05   -0.75975960E-05   -0.16464174E-04   -0.59360446E-04
 0.14950940E-05   -0.17764379E-04   -0.33669090E-04   -0.33939219E-04   -0.18506679E-04
-0.20696440E-04   -0.25666568E-05    0.19857493E-04   -0.39979627E-05    0.16202154E-04
-0.21642016E-01    0.20188537E-01    0.23548876E-01    0.42901777E-02   -0.38877575E-02
-0.18752144E-01   -0.38806522E-02   -0.50367419E-03   -0.87341100E-03    0.22701784E-02
-0.12132551E-02    0.52723680E-03    0.10832130E-02    0.12381459E-03    0.73180742E-02
-0.17759044E-02   -0.44181390E-03    0.19542579E-01   -0.19386266E+00    0.31536015E-02
-0.37775776E-03   -0.15877816E-02   -0.15556297E-02   -0.40371740E-02   -0.47525622E-02
 0.15734794E-02   -0.44379924E-03    0.46556927E-02    0.67857634E-02    0.99715592E-03
 0.15730571E-04   -0.97233451E-03   -0.30300288E-02    0.20329999E-02   -0.86802894E-02
 0.65943036E-02    0.78812572E-02   -0.82297774E-02   -0.12067767E-02   -0.29133017E-02
-0.66057845E-02    0.72008343E-02   -0.27350838E-02   -0.76145159E-03    0.30331294E-03
-0.70328874E-04    0.13620335E-02    0.23979249E-03    0.15417526E-02    0.25684297E-02
-0.10055547E-02    0.23561195E-03   -0.29943533E-02   -0.52929087E-02    0.24622859E-02
-0.25982542E-03    0.60152943E-03    0.21126051E-02   -0.40399165E-05    0.42730519E-02
-0.27575724E-02   -0.26314723E-02    0.57445958E-02    0.68728264E-03    0.21074044E-02
 0.46339596E-02   -0.45860737E-02    0.10569003E-02    0.37216885E-03    0.12424072E+00
 0.24748337E-01    0.17565034E-01   -0.93025434E-02    0.27704489E-02    0.57006240E-02
 0.95551249E-02   -0.20946988E-02    0.14085053E-03    0.32687846E-01   -0.14758158E-01
 0.11251627E-01    0.68748565E-02   -0.19941662E-02   -0.37386258E-02   -0.27809575E-02
 0.39430755E-02   -0.24230393E-01   -0.11014886E-01   -0.21178683E-01   -0.49544854E-02
-0.28506991E-01   -0.16026486E-01    0.82586810E-02   -0.32670233E-02    0.51584672E-03
 0.66166674E+00    0.96107716E-02   -0.12063502E-01   -0.10141376E-01   -0.23047766E-02
 0.20680670E-02    0.74465778E-02    0.12170627E-02    0.18144682E-03    0.31246215E-03
-0.12590477E-02    0.27862801E-03   -0.68793971E-03   -0.59580451E-03   -0.84888424E-03
-0.39857275E-02    0.15028937E-03    0.79696942E-03   -0.95745427E-02    0.87676594E-01
-0.12554206E-02    0.44159574E-03    0.10037657E-02    0.88078140E-03    0.16266501E-02
 0.23357501E-02   -0.71115510E-03    0.19239244E-03   -0.20159519E-02   -0.34733456E-02
 0.12487546E-02   -0.29089166E-03    0.54877312E-03    0.15145278E-02   -0.42559289E-03
 0.41799144E-02   -0.28698527E-02   -0.42092893E-02    0.42451239E-02    0.95235174E-03
 0.13104861E-02    0.37216159E-02   -0.36561318E-02    0.10392221E-02    0.38539306E-03
-0.39362431E-03    0.64084077E-04   -0.90314295E-03   -0.20714728E-03   -0.74549518E-03
-0.15916806E-02    0.48033801E-03   -0.12227707E-03    0.12267930E-02    0.26929090E-02
-0.21395714E-02    0.67579927E-04   -0.31360230E-03   -0.10184496E-02   -0.27876195E-03
-0.16814441E-02    0.13002930E-02    0.13446493E-02   -0.31173004E-02   -0.50111625E-03
-0.78244283E-03   -0.23664171E-02    0.23003816E-02   -0.47863337E-03   -0.16758454E-03
-0.65489437E-01   -0.12019280E-01   -0.93432624E-02    0.49537400E-02   -0.15340196E-02
-0.30224997E-02   -0.49293748E-02    0.10320705E-02   -0.99485491E-04   -0.17100427E-01
 0.75846843E-02   -0.63044015E-02   -0.31588067E-02    0.94383961E-03    0.19346876E-02
 0.11807578E-02   -0.20969632E-02    0.12689124E-01    0.59069819E-02    0.11188091E-01
 0.25759445E-02    0.15036775E-01    0.84698858E-02   -0.43895426E-02    0.18336895E-02
-0.22197960E-03   -0.30094399E+00    0.15817396E+00    0.24790749E-03   -0.39985263E-03
 0.75965042E-03   -0.14843003E-03   -0.53789881E-04   -0.36670841E-03   -0.12824389E-03
-0.34894048E-04    0.58193308E-04   -0.34173917E-05   -0.65989598E-03   -0.21037480E-03
-0.51558707E-03   -0.16518683E-03   -0.16653636E-02   -0.71333147E-03    0.45563307E-03
 0.18421583E-03   -0.54271468E-02    0.53029935E-03    0.13437857E-03    0.23980313E-03
-0.57736486E-04    0.57255633E-04    0.37380804E-03    0.52192591E-04   -0.25879618E-04
 0.40633418E-03    0.17244654E-03   -0.79448684E-04    0.14724875E-03    0.41256149E-04
 0.49789366E-04   -0.12430369E-04   -0.33090796E-03    0.63247788E-04    0.10030966E-04
 0.32483450E-03    0.65982415E-03    0.14043817E-03    0.24939737E-03   -0.20770517E-04
-0.89948994E-04    0.61412661E-05   -0.30775143E-03    0.12242811E-04   -0.26671932E-03
 0.21001107E-04   -0.78360892E-04   -0.31880681E-03   -0.47641231E-04    0.81866413E-05
-0.88111705E-04   -0.89868389E-04   -0.23146219E-03   -0.26420495E-04   -0.34123974E-04
-0.42326810E-04    0.11388815E-03    0.11459055E-03    0.58340251E-04   -0.80772513E-04
-0.13673944E-03   -0.33612760E-03   -0.95932150E-04   -0.64616154E-04   -0.76890898E-04
 0.70302493E-04    0.10787079E-04   -0.17846369E-02    0.28495597E-03   -0.34915883E-03
 0.87876460E-04   -0.14022132E-03   -0.25359242E-03   -0.21807196E-03    0.78928712E-05
-0.42127319E-05   -0.50576945E-03   -0.71262222E-04   -0.25446913E-03   -0.14731289E-03
-0.70629217E-04    0.11245194E-03    0.16568181E-04   -0.15335283E-04    0.28470680E-03
-0.11408493E-05    0.34424114E-03   -0.17768319E-04    0.41031294E-03    0.13290117E-03
-0.16468134E-03    0.64537802E-04    0.12924771E-04    0.68606279E-02    0.51299951E-02
 0.14992155E-01   -0.58748582E-02    0.58023040E-02    0.11609188E-02    0.93849300E-03
-0.10028073E-02   -0.34319390E-02   -0.13209153E-02   -0.12163855E-03   -0.81300486E-04
 0.46874599E-03   -0.31719813E-03    0.78013278E-03   -0.16465404E-03    0.10289601E-02
-0.42115447E-03   -0.11664105E-02    0.70423791E-03    0.28555194E-02   -0.24508461E-01
 0.10014547E-02   -0.40754666E-03   -0.43127042E-03    0.52685076E-03   -0.91172831E-03
-0.28240837E-02    0.19721583E-03   -0.12207918E-03    0.13186357E-02    0.21671403E-02
-0.97000312E-04    0.10106328E-02    0.24392766E-03   -0.12923044E-02   -0.56747062E-04
-0.28485088E-02    0.26153952E-02    0.27066140E-02   -0.31259695E-02   -0.24548479E-03
-0.12651715E-02   -0.27572413E-02    0.39653980E-02   -0.80622766E-03   -0.24166744E-03
 0.29535156E-04    0.10532297E-03    0.21874232E-03   -0.33252977E-03    0.39541907E-03
 0.15894180E-02   -0.99518351E-04    0.52474646E-04   -0.80012274E-03   -0.14689727E-02
 0.62037769E-03   -0.50268680E-03   -0.16686941E-03    0.78521915E-03    0.31226636E-03
 0.13622594E-02   -0.14110890E-02   -0.12500594E-02    0.18047210E-02    0.16212387E-03
 0.83215872E-03    0.14063673E-02   -0.22033397E-02    0.31257979E-03    0.11793963E-03
 0.18461766E-01    0.49223607E-02    0.27272952E-02   -0.13913314E-02    0.12645264E-03
 0.10111057E-02    0.17492169E-02   -0.28145475E-03    0.35448251E-04    0.50150612E-02
-0.20380480E-02    0.15717637E-02    0.60084352E-03   -0.46384313E-03   -0.29927574E-03
-0.46017739E-04    0.91606170E-03   -0.39436244E-02   -0.17822656E-02   -0.26100730E-02
-0.50974208E-03   -0.39383784E-02   -0.20441783E-02    0.62914208E-03   -0.29188684E-03
 0.72289581E-04    0.83301979E-01   -0.38368859E-01    0.24723815E-03    0.27751365E-01
 0.31662011E-02   -0.47646691E-02   -0.34279548E-02   -0.78905971E-03    0.89218251E-03
 0.29956688E-02    0.75499313E-03    0.46624313E-04    0.15285420E-03   -0.50387349E-03
 0.28645506E-03   -0.52113663E-03    0.31531215E-03   -0.57344868E-03   -0.24029637E-03
 0.81988333E-03   -0.12669707E-03   -0.26188382E-02    0.24447179E-01   -0.14354469E-03
 0.33895851E-03    0.53438584E-03    0.19862911E-03    0.71490402E-03    0.13983270E-02
-0.37680927E-03    0.12256833E-03   -0.92856272E-03   -0.17054336E-02    0.11535939E-03
-0.48703111E-03    0.93495912E-04    0.67720364E-03   -0.30916509E-03    0.16312290E-02
-0.17858486E-02   -0.17483776E-02    0.18388050E-02   -0.32379262E-03    0.56954506E-03
 0.15349544E-02   -0.17622758E-02    0.48027688E-03    0.17802333E-03   -0.56066349E-03
-0.17246079E-03   -0.25800401E-03    0.54797529E-04   -0.24467444E-03   -0.64098148E-03
 0.19500176E-03   -0.59438061E-04    0.53784018E-03    0.11039666E-02   -0.61575105E-03
 0.33082116E-03   -0.59571055E-04   -0.41904936E-03    0.19055334E-04   -0.71388100E-03
 0.78346701E-03    0.70431629E-03   -0.12539795E-02   -0.43302273E-04   -0.49127033E-03
-0.96063526E-03    0.10585202E-02   -0.22126916E-03   -0.90860185E-04   -0.16819591E-01
-0.66301229E-02   -0.24301998E-02    0.12292774E-02   -0.27559279E-03   -0.86350686E-03
-0.14094191E-02    0.32754321E-03   -0.36640975E-04   -0.44810768E-02    0.18785177E-02
-0.13853502E-02   -0.74826708E-03    0.31410313E-03    0.38799516E-03    0.31652641E-03
-0.46247436E-03    0.34134542E-02    0.14082478E-02    0.25802329E-02    0.66571537E-03
 0.36087147E-02    0.20025806E-02   -0.10077985E-02    0.39245610E-03   -0.59691891E-04
-0.79665154E-01    0.38042121E-01   -0.75620792E-03   -0.17289356E-01    0.19334306E-01
 0.16756093E-02   -0.28662066E-02   -0.27652385E-02   -0.39802106E-03    0.43077837E-03
 0.17326742E-02    0.46972951E-04    0.48935627E-04    0.12437967E-03   -0.27585443E-03
-0.38589459E-04   -0.23165402E-03   -0.34518651E-03   -0.31268857E-04   -0.10555371E-02
-0.35195160E-04    0.38670465E-03   -0.15535030E-02    0.16362363E-01   -0.19788004E-03
 0.99448127E-03    0.46743231E-04    0.28059475E-03    0.30498392E-03    0.41960541E-03
-0.14024842E-03    0.34795895E-04   -0.27970878E-03   -0.59449557E-03    0.58024662E-03
-0.17746169E-03    0.12350449E-03    0.13543383E-03   -0.22487879E-03    0.92580479E-03
-0.77935768E-03   -0.10443112E-02    0.10748663E-02    0.33175312E-03    0.30852625E-03
 0.10206606E-02   -0.10436801E-02    0.30045626E-03    0.11420203E-03   -0.10959315E-03
-0.55986662E-03   -0.91747179E-04   -0.14265497E-03   -0.86639652E-04   -0.30877787E-03
 0.91957325E-04   -0.28110574E-04    0.24798733E-03    0.56041874E-03   -0.37779121E-03
 0.61536936E-04   -0.29463562E-04   -0.16232603E-03    0.22434071E-04   -0.45407648E-03
 0.31249435E-03    0.31399866E-03   -0.79348090E-03   -0.17749633E-03   -0.34289738E-03
-0.69055451E-03    0.60599484E-03   -0.12882845E-03   -0.45906680E-04   -0.13662782E-01
-0.24312159E-02   -0.33880079E-02    0.12611650E-02   -0.47252979E-03   -0.56269744E-03
-0.97254913E-03    0.19669772E-03   -0.34665120E-04   -0.37328071E-02    0.15033044E-02
-0.12834096E-02   -0.47422497E-03    0.22344689E-03    0.58735318E-03    0.29997345E-03
-0.56527363E-03    0.26186697E-02    0.15301131E-02    0.21369410E-02    0.52611044E-03
 0.31226942E-02    0.15456146E-02   -0.55739313E-03    0.26270300E-03   -0.63130047E-04
-0.62497921E-01    0.33362916E-01    0.35123541E-02   -0.84904659E-02    0.79059399E-02
 0.11499489E-01   -0.10814827E-02    0.22377614E-03    0.23735169E-02    0.20769548E-03
-0.17658649E-03   -0.13666821E-02   -0.12852777E-03   -0.22017970E-04   -0.34810534E-04
 0.17531728E-03   -0.11715521E-03    0.18296981E-04   -0.91011484E-05    0.91538426E-04
 0.26577850E-03   -0.10431020E-02    0.64791398E-03    0.16691633E-02   -0.12689081E-01
 0.21121959E-03   -0.36449810E-03    0.17229286E-02   -0.28716234E-03   -0.27290781E-03
-0.22806436E-04    0.25241591E-03   -0.52189504E-04    0.45189213E-03    0.22525428E-03
 0.59944912E-03    0.81265004E-04   -0.74604203E-04   -0.70498629E-04    0.20322240E-03
-0.44847194E-03    0.33927906E-03    0.34836303E-03   -0.59026236E-03   -0.19085967E-03
-0.12080305E-03   -0.20249563E-03    0.69914947E-03   -0.17071888E-03   -0.21903110E-05
 0.38305007E-05    0.17388869E-03   -0.10897955E-02    0.12938299E-03    0.13121775E-03
-0.10037238E-04   -0.19918347E-03    0.35858526E-04   -0.13929743E-03   -0.23452714E-03
-0.22003266E-03   -0.49589503E-04    0.49905283E-04    0.69176431E-04   -0.95855721E-04
 0.21903220E-03   -0.12898629E-03   -0.55009515E-04    0.36619362E-03    0.14606479E-04
-0.59999334E-05    0.97370155E-04   -0.41266295E-03    0.69332035E-04    0.53703759E-05
 0.67825180E-02    0.13313249E-02    0.11192571E-02   -0.27901734E-02    0.17939847E-03
 0.40607093E-03    0.33984584E-03   -0.26034931E-03    0.25179569E-04    0.16836626E-02
-0.90625771E-03    0.12185855E-03    0.20630582E-03   -0.39503978E-04   -0.61455932E-04
-0.96088722E-04    0.28980821E-03   -0.11224288E-02   -0.48456766E-03   -0.91147200E-03
-0.15144708E-03   -0.16999585E-02   -0.88774212E-03    0.54296731E-04   -0.18027249E-03
 0.18871991E-04    0.35566097E-01   -0.17284880E-01    0.10552930E-02    0.42638963E-02
-0.44106396E-02   -0.40290022E-02    0.84221825E-02    0.19141939E-02   -0.66632845E-03
-0.78153109E-03   -0.31206294E-03    0.20489944E-03    0.95431489E-03    0.20898353E-03
 0.84206353E-04    0.88407628E-04   -0.15056675E-03   -0.10947098E-03   -0.50967171E-04
-0.47638228E-04   -0.91726012E-04   -0.68793423E-03   -0.17670655E-02    0.11884027E-02
 0.14198809E-02    0.22720845E-02    0.43740429E-05    0.18609005E-03   -0.80797911E-04
 0.20534794E-02    0.21806484E-03    0.45137596E-03   -0.50389337E-04    0.28951395E-04
 0.25494288E-03   -0.65384737E-03    0.12214970E-03   -0.19903583E-03    0.14947210E-03
 0.32944400E-04   -0.34143165E-03    0.40040419E-03   -0.17036858E-03   -0.33513616E-03
 0.73792690E-03    0.20800113E-03   -0.36107233E-03    0.17884951E-03    0.53401747E-03
 0.22084828E-03    0.24612226E-04   -0.15111293E-03   -0.11021212E-03   -0.26003257E-04
-0.12239046E-02   -0.17177578E-03   -0.26871865E-03    0.78972838E-04   -0.24073556E-04
-0.16893270E-03    0.43741587E-03    0.14525632E-03    0.85181495E-04   -0.11817662E-03
-0.48641461E-04    0.13308363E-03   -0.26618127E-03    0.52750001E-04    0.13715157E-03
-0.44946734E-03   -0.58480847E-04    0.21250169E-03   -0.22214319E-03   -0.39722846E-03
-0.81082518E-04   -0.12864661E-04   -0.70299329E-02   -0.11277077E-02   -0.11841681E-02
 0.54750006E-03   -0.26594862E-02   -0.49490772E-03   -0.65611034E-03    0.12474844E-04
-0.23692331E-04   -0.20623152E-02    0.10913286E-02   -0.37107664E-03    0.37105412E-05
 0.36381749E-04    0.29125055E-03    0.38167371E-03   -0.40521021E-03    0.13377335E-02
 0.55129220E-03    0.11404701E-02    0.22480896E-03    0.18503724E-02    0.97372705E-03
-0.16550862E-02    0.15154845E-03   -0.14497216E-04   -0.33524494E-01    0.17495254E-01
 0.22965147E-02   -0.38499467E-02    0.38353663E-02    0.46430600E-02   -0.20879577E-02
 0.90716471E-02    0.40308379E-02   -0.23381786E-02   -0.33358230E-02   -0.67725264E-03
 0.51150501E-03    0.28431093E-02    0.70113149E-03    0.36966887E-04    0.10049374E-03
-0.35269518E-03    0.11166063E-03    0.23691326E-05   -0.43178696E-04   -0.12845126E-03
-0.12566812E-02    0.10126784E-03   -0.18075728E-04   -0.27363695E-02    0.27321462E-01
-0.30932513E-03    0.13551561E-04    0.12526360E-03    0.25444075E-03    0.21794889E-02
 0.13792101E-02   -0.34033844E-03    0.50260307E-04   -0.84821260E-03   -0.93255934E-03
-0.72539016E-03    0.36401556E-04    0.95034214E-04    0.54414607E-03   -0.61792319E-03
 0.14531414E-02   -0.77557714E-03   -0.12814072E-02    0.13849230E-02    0.32656406E-03
 0.65283753E-03    0.11030490E-02   -0.10196107E-02    0.53357724E-03    0.95579494E-04
-0.17998272E-03   -0.67704098E-05   -0.15423164E-03   -0.87261253E-04   -0.13472992E-02
-0.86665075E-03    0.24767453E-03   -0.26434179E-04    0.64623392E-03    0.75719153E-03
 0.22032805E-03   -0.10671534E-03   -0.30275881E-04   -0.35738916E-03    0.25694212E-03
-0.69863970E-03    0.33403637E-03    0.50561411E-03   -0.93551652E-03   -0.26703795E-03
-0.52065136E-03   -0.75502153E-03    0.53811559E-03   -0.20512091E-03   -0.46579982E-04
-0.18841207E-01   -0.36512532E-02   -0.26140854E-02    0.15205669E-02   -0.56736718E-03
-0.31712695E-02   -0.25283226E-02    0.50719442E-03   -0.95326273E-05   -0.49804830E-02
 0.23727525E-02   -0.13862142E-02   -0.11448633E-02    0.28335624E-03    0.46819266E-03
 0.81757469E-03   -0.57442224E-03    0.37694584E-02    0.18569805E-02    0.31296847E-02
 0.85588209E-03    0.42538302E-02    0.23004320E-02   -0.15325495E-02    0.37085747E-03
-0.69983145E-04   -0.98018718E-01    0.46055708E-01    0.73887166E-03   -0.12661968E-01
 0.11912378E-01    0.96506742E-02   -0.55488271E-02    0.58265435E-02    0.21010520E-01
 0.13462708E-03   -0.89699920E-03   -0.15170452E-03    0.18528149E-04    0.11299955E-03
 0.33193461E-03    0.38294482E-04    0.63597618E-05    0.85288842E-04   -0.90294760E-04
 0.17589704E-03   -0.30972143E-04    0.16516221E-04    0.25567664E-04    0.24288336E-03
 0.64386191E-04   -0.58208998E-04   -0.42491157E-03    0.55172858E-02   -0.12667922E-03
-0.12321774E-03    0.15298879E-03    0.21770594E-03    0.79342310E-03    0.25097493E-02
-0.17244808E-03    0.18507059E-04   -0.24316543E-03   -0.46891730E-03   -0.21678680E-03
 0.79555463E-04   -0.67336322E-04    0.17248314E-03   -0.35299857E-03    0.55038940E-03
-0.13251243E-04   -0.40827484E-03    0.67393569E-03   -0.26540354E-03   -0.14230824E-03
 0.43076856E-03   -0.39889466E-03    0.78510809E-05    0.14375019E-04    0.63538050E-05
 0.12330661E-04   -0.13466820E-03   -0.11527915E-03   -0.48651282E-03   -0.16247902E-02
 0.14607112E-03   -0.14646410E-04    0.10490040E-03    0.44202743E-03    0.49409548E-03
-0.61573023E-04    0.55702539E-04   -0.10410792E-03    0.26499831E-03   -0.40033791E-03
-0.17541730E-03    0.32812670E-03   -0.58675823E-03   -0.12407613E-04   -0.44500046E-04
-0.27236437E-03    0.35439671E-03   -0.30385907E-04   -0.41677174E-05   -0.38757886E-02
-0.82433416E-03   -0.41685452E-03    0.18577436E-03   -0.17030378E-03   -0.12095413E-02
-0.36062618E-02    0.28314884E-03   -0.38073393E-05   -0.10273280E-02    0.77453652E-03
 0.12240885E-02   -0.37577314E-03    0.86296800E-04    0.11180043E-04    0.56184785E-03
-0.21357492E-03    0.71094486E-03    0.39684818E-03    0.13944866E-03    0.48714454E-03
 0.95330611E-03    0.50061157E-03   -0.17420170E-03    0.10145779E-03   -0.14571864E-04
-0.19509181E-01    0.81429492E-02   -0.32650767E-02   -0.31874184E-02    0.26584712E-02
 0.91035728E-03   -0.10231299E-02    0.93688017E-03    0.54051880E-02    0.10146685E-01
-0.69166901E-03    0.93938176E-03    0.16775269E-02    0.18098322E-03   -0.13179775E-03
-0.96004376E-03   -0.83040374E-04   -0.18832689E-04   -0.21230844E-04    0.10711696E-03
 0.47472729E-04    0.80810246E-04    0.28246202E-04   -0.13700498E-04    0.27145244E-03
-0.13623189E-02    0.64116849E-03    0.24699378E-02   -0.13301080E-01    0.92768938E-06
-0.55997634E-04    0.88661750E-04   -0.67176221E-04   -0.29716127E-03   -0.32968579E-03
 0.53660939E-03   -0.80386988E-04    0.50721327E-03    0.51876500E-03    0.26970421E-04
-0.20307352E-03   -0.22498950E-04   -0.12034270E-03    0.16908546E-03   -0.44870067E-03
 0.28804506E-03    0.42757009E-03   -0.50170865E-03   -0.75329633E-05   -0.56055697E-04
-0.17250412E-03    0.33829097E-03   -0.95824103E-04   -0.33134895E-04    0.88813707E-04
-0.89870235E-06   -0.58772964E-04    0.48943357E-04    0.15698593E-03    0.24305892E-03
-0.31162141E-03    0.43306919E-04   -0.27958311E-03   -0.43444242E-03    0.22761981E-03
 0.13280029E-03    0.92794658E-05    0.10089589E-03   -0.62020147E-04    0.22220739E-03
-0.87509505E-04   -0.17656561E-03    0.39410969E-03    0.51615695E-04    0.13638001E-04
 0.12645521E-03   -0.19258827E-03    0.57223851E-04    0.16999770E-04    0.55641110E-02
 0.11714104E-02    0.76875757E-03   -0.59225877E-03    0.24347978E-04    0.45611548E-03
 0.66015551E-03   -0.71740172E-03    0.99323276E-04    0.11362805E-02   -0.87331129E-03
 0.74137651E-03    0.51365533E-03   -0.86168788E-04   -0.18719732E-03   -0.19960506E-03
 0.13223253E-03   -0.10790366E-02   -0.64088395E-03   -0.75103817E-03   -0.17487909E-03
-0.13898366E-02   -0.78119337E-03    0.24919759E-03   -0.15094574E-03    0.21253789E-04
 0.29198384E-01   -0.13588200E-01    0.26639399E-03    0.38660666E-02   -0.38701087E-02
-0.27522056E-02    0.19706586E-02   -0.12615738E-02   -0.48709709E-02   -0.14536285E-02
 0.31886885E-02    0.51377995E-04   -0.10939750E-04   -0.46938607E-04    0.91320225E-06
-0.45557566E-05    0.61625789E-04    0.11699140E-04    0.46092934E-06   -0.45331935E-05
 0.23042289E-05   -0.10149116E-04   -0.14696604E-04   -0.21625654E-05    0.12019118E-04
 0.32699308E-05    0.85718015E-04   -0.38271877E-04   -0.12821587E-03    0.70288728E-03
 0.24974185E-04    0.68687966E-05   -0.24375439E-04    0.17710856E-04   -0.15564573E-05
 0.18149257E-04   -0.60977251E-04    0.21647110E-04   -0.36008032E-04   -0.18750905E-04
 0.12959113E-04   -0.39982566E-04   -0.71070687E-05    0.98720572E-05   -0.13311223E-04
 0.15746748E-04   -0.25075620E-04   -0.31125288E-04    0.31807298E-04   -0.68151912E-05
 0.13361439E-04    0.13083291E-04   -0.29842883E-04    0.98432424E-06    0.28431047E-05
-0.26720770E-04   -0.29167660E-05    0.17864319E-04   -0.17154419E-04    0.16373668E-05
-0.16645223E-04    0.33611386E-04   -0.13151354E-04    0.90178610E-05    0.16671872E-04
-0.16543896E-04    0.34144662E-04    0.56577931E-05   -0.65218263E-05    0.10243470E-04
-0.28213656E-05    0.12172368E-04    0.69605620E-05   -0.28066511E-04   -0.23097748E-05
-0.47974605E-05   -0.14402838E-04    0.27915753E-04   -0.33113757E-05   -0.15836751E-05
-0.29579515E-03   -0.67180511E-04   -0.59319113E-04    0.46416275E-04   -0.19941924E-04
 0.59095386E-06   -0.20943144E-04    0.96802613E-04   -0.37454565E-04   -0.70216122E-04
 0.10465181E-04   -0.28432713E-04    0.62921372E-04    0.94173874E-05    0.11576992E-04
 0.27371449E-04    0.90650428E-05    0.70039528E-04    0.40570694E-04    0.28864767E-04
 0.44485472E-05    0.66651276E-04    0.29749011E-04    0.12504867E-04    0.14992153E-04
-0.40265075E-05   -0.14348874E-02    0.66350388E-03   -0.11864363E-03   -0.26904536E-03
 0.24575577E-03    0.14274406E-03   -0.12917305E-03    0.91265240E-04    0.16998887E-03
 0.60913045E-04   -0.32989859E-03    0.10689922E-03    0.33909240E-02   -0.47226189E-02
-0.41160067E-02   -0.76754999E-03    0.78053374E-03    0.29360332E-02    0.31926036E-03
 0.11401097E-03    0.15555047E-03   -0.37958265E-03    0.11509604E-03   -0.13708162E-03
-0.54960443E-04   -0.69556338E-04   -0.14235596E-02   -0.15049382E-02    0.10816073E-02
-0.12055196E-02    0.27065543E-01   -0.77282258E-03    0.19522627E-03    0.51114093E-03
 0.78957589E-03    0.41162277E-03    0.78517823E-03    0.18273919E-04    0.52888592E-04
 0.15963564E-02   -0.81223039E-03    0.48467117E-03   -0.60371358E-03    0.31305936E-03
 0.39417704E-03   -0.34522828E-03    0.14775209E-02   -0.10937234E-02   -0.13712971E-02
 0.18153059E-02    0.22290985E-03   -0.69474222E-04    0.15042071E-02   -0.11445171E-02
 0.43495687E-03    0.15396899E-03    0.60239928E-04   -0.12552268E-04   -0.29884148E-03
-0.38239362E-03    0.65946947E-05   -0.49487206E-03    0.40896851E-04   -0.41788961E-04
-0.97532748E-03    0.67810247E-03   -0.86258566E-03    0.28207467E-03   -0.15834904E-03
-0.27488022E-03    0.15881251E-04   -0.55668082E-03    0.32866311E-03    0.38988523E-03
-0.13629812E-02   -0.19552557E-03   -0.71885993E-04   -0.94815577E-03    0.85128390E-03
-0.19549036E-03   -0.54129751E-04   -0.23469674E-01   -0.44313486E-02   -0.34618180E-02
 0.16501498E-02   -0.75929497E-03   -0.10841968E-02   -0.17871193E-02    0.61327736E-04
-0.27071659E-04   -0.92820976E-02    0.19422303E-02   -0.24265622E-02   -0.85221011E-03
 0.29615792E-03    0.81163540E-03    0.43338424E-03   -0.10156695E-02    0.42938583E-02
 0.17702873E-02    0.37893310E-02    0.76958921E-03    0.53806330E-02    0.28716467E-02
-0.13839091E-02    0.58070379E-03   -0.95230587E-04   -0.11276655E+00    0.56430707E-01
 0.46825913E-03   -0.13805101E-01    0.13756951E-01    0.12158198E-01   -0.60146397E-02
 0.67486756E-02    0.17035656E-01    0.31295551E-02   -0.40868559E-02    0.23344430E-03
 0.28797079E-01   -0.15914328E-02    0.23888113E-02    0.10167782E-02    0.56411384E-03
-0.32595120E-03   -0.82157241E-03   -0.18515346E-03   -0.26511748E-04   -0.88925012E-04
 0.21620610E-03   -0.45014190E-04    0.17348146E-03    0.18130453E-03    0.16323746E-03
 0.19461149E-03   -0.33062778E-03    0.32149295E-03    0.22277063E-02   -0.10508351E-01
-0.12478742E-03   -0.62307621E-05   -0.15240845E-03   -0.53475675E-03   -0.10910717E-03
-0.33412493E-03    0.22882013E-03   -0.17308892E-04    0.49588580E-03    0.47712796E-02
-0.50243056E-03    0.61200991E-04   -0.13880038E-03   -0.27663699E-03    0.40982465E-03
-0.66121187E-03   -0.45841435E-05    0.53203297E-03   -0.69326806E-03   -0.34719401E-04
 0.54915913E-04   -0.62409140E-03    0.52145567E-03   -0.13175869E-03   -0.86596511E-04
 0.20707573E-03    0.25654141E-04    0.50780390E-04    0.23120857E-03    0.37973169E-04
 0.35560940E-03   -0.18593565E-03    0.14637249E-04   -0.36061894E-03   -0.32529356E-02
 0.36741123E-03   -0.32089560E-04    0.78559048E-04    0.18453789E-03   -0.25374287E-03
 0.48406508E-03    0.15811682E-03   -0.33957989E-03    0.39273075E-03   -0.51427956E-04
 0.82112878E-05    0.39197391E-03   -0.38921764E-03    0.95680243E-04    0.50101689E-04
 0.62531794E-02    0.11076278E-02    0.96596695E-03   -0.62195095E-03    0.44244067E-03
 0.45995459E-03    0.72253553E-03   -0.29815317E-03   -0.14905317E-04    0.83068612E-03
-0.63755966E-02    0.52353342E-03    0.33603506E-03   -0.12518267E-03   -0.84351682E-04
-0.59222082E-03    0.32691622E-03   -0.10984517E-02   -0.64977251E-03   -0.11702077E-02
-0.38721064E-03   -0.12135046E-02   -0.69551635E-03    0.43523544E-03   -0.20473094E-03
 0.38674021E-04    0.28193139E-01   -0.15523397E-01   -0.15411181E-02    0.39992783E-02
-0.38736299E-02   -0.34450062E-02    0.19554972E-02   -0.27911183E-02   -0.49020353E-02
-0.11502690E-02    0.15714752E-02    0.46988157E-04   -0.33980343E-02    0.15787971E-01
-0.35534485E-02   -0.37743206E-02    0.29502916E-02    0.30153834E-03    0.39361837E-04
-0.29837312E-02   -0.85437623E-03    0.29989852E-04   -0.14941531E-03    0.26152156E-03
 0.14855238E-03    0.57356420E-04   -0.64725313E-03   -0.19316090E-03    0.42263328E-03
-0.62937215E-03    0.56685193E-03    0.81406831E-04   -0.11739582E-01   -0.24774262E-03
 0.27990461E-03    0.78829563E-03   -0.14558440E-03   -0.99203657E-03   -0.79157949E-03
 0.30450175E-03   -0.87610261E-04    0.52077283E-03   -0.46375352E-03    0.56842901E-01
-0.24199896E-03    0.21788388E-03   -0.29144965E-03    0.75844862E-03   -0.39055087E-03
 0.43476727E-03    0.19493937E-03   -0.25017548E-03   -0.32836055E-03   -0.58622109E-03
-0.17515944E-03   -0.49933781E-03   -0.61866700E-03   -0.88861356E-05    0.27006804E-03
 0.16762011E-04   -0.48795378E-03    0.22988670E-03    0.74456373E-03    0.46551535E-03
-0.96857460E-04    0.20976887E-04   -0.47116678E-03    0.10075339E-03   -0.37659903E-01
 0.10699717E-04   -0.12575443E-03    0.20066118E-03   -0.45437554E-03   -0.49231377E-04
-0.69496472E-03    0.17201371E-03   -0.62929209E-05    0.59023554E-04    0.35208228E-03
 0.12810414E-03    0.43662945E-03    0.18898200E-03    0.12504449E-04    0.85728621E-02
 0.19023851E-02    0.11699913E-02   -0.11445339E-02    0.39787784E-03    0.81013966E-03
 0.21699165E-02    0.72868980E-04    0.70601633E-05    0.21811909E-02   -0.10599840E-02
-0.62429071E-01    0.59328242E-03   -0.27004910E-03    0.42486282E-04   -0.17973682E-03
 0.18870237E-03   -0.21964128E-02   -0.23485185E-03   -0.14586635E-02   -0.44880269E-03
-0.18973946E-02   -0.45666816E-03    0.13843881E-02   -0.36446794E-04    0.29580192E-04
 0.51655549E-01   -0.22506997E-01   -0.85851383E-03    0.62010919E-02   -0.66924535E-02
-0.48279280E-02    0.42101627E-02   -0.30278472E-02   -0.85086613E-02   -0.43811454E-02
 0.17895315E-02   -0.79438771E-04   -0.82827145E-02    0.25482373E-02    0.14281091E+00
-0.10102986E-02   -0.30763237E-03   -0.16791538E-02   -0.71025502E-04    0.40160380E-05
 0.18345356E-03   -0.20492831E-03    0.13142549E-04   -0.13599855E-04   -0.74449510E-04
-0.32095148E-04    0.77775595E-04   -0.22136747E-03   -0.33742576E-05   -0.57486984E-03
 0.99630227E-03   -0.38352531E-03   -0.86729214E-03    0.29513612E-02    0.20458512E-03
-0.83871227E-04    0.17971961E-03   -0.22707380E-03    0.97425500E-04   -0.34203091E-04
-0.27336724E-03   -0.42787519E-04   -0.49710165E-03    0.89520304E-04    0.74411599E-03
 0.35126753E-02   -0.35908753E-04   -0.22498335E-03   -0.10275588E-03    0.11988305E-04
-0.93331503E-05    0.57079705E-03    0.17250967E-03    0.12243371E-05   -0.24608237E-03
-0.38399005E-03    0.22897399E-03   -0.40560956E-03    0.14107314E-05   -0.78861477E-04
 0.73099553E-04   -0.19376948E-03    0.13780673E-03   -0.89312930E-04   -0.14705673E-04
 0.18776320E-03    0.28486171E-04    0.31921626E-03    0.42000228E-04   -0.40403712E-03
-0.18485312E-02   -0.38978309E-04    0.12399909E-03   -0.28649704E-04    0.33768460E-04
 0.84617689E-04   -0.32503261E-03   -0.13611039E-03   -0.85594256E-04    0.15546260E-03
 0.16970486E-03   -0.16937362E-03    0.16735762E-03    0.16113076E-04   -0.48757371E-03
 0.59123348E-04    0.17087958E-03   -0.66686321E-04    0.38221817E-03   -0.10494894E-03
-0.23428364E-03    0.20852813E-03    0.82139978E-04    0.20460825E-03   -0.11492724E-05
-0.19104890E-03   -0.51405206E-02    0.64354375E-04    0.13928578E-03    0.45358289E-04
 0.20266645E-04    0.15998771E-03   -0.59073986E-03    0.99043748E-04   -0.48568342E-04
 0.22779516E-03    0.48612594E-03   -0.16893279E-03    0.19416282E-03    0.30481206E-05
-0.23399547E-02    0.21725312E-02    0.18058585E-02    0.12097504E-02   -0.19272993E-03
-0.91770075E-04    0.11209511E-03   -0.64877179E-03    0.77401023E-03    0.15784393E-03
-0.95597966E-03   -0.17406221E-03   -0.40188583E-03   -0.31345558E-03   -0.71273961E-03
 0.17527398E-01   -0.44395088E-04   -0.15551730E-03   -0.32164866E-03   -0.35133302E-04
-0.10093661E-04   -0.10749577E-04   -0.62271219E-04   -0.30473462E-05   -0.30735394E-04
 0.44839849E-04   -0.82757863E-04    0.50820268E-05    0.73140387E-05   -0.52206908E-04
-0.95547690E-04   -0.50658418E-03    0.34689913E-03    0.93594815E-03   -0.28801839E-02
 0.50988574E-04   -0.45276027E-05   -0.27548328E-04    0.11925512E-03   -0.49437123E-04
-0.70972184E-04    0.19554509E-04   -0.10397249E-04    0.14685151E-03   -0.54878888E-04
 0.21478469E-03   -0.52409272E-04    0.29612704E-03   -0.61316047E-04   -0.56896906E-04
-0.11875819E-03   -0.21516642E-04    0.19568249E-04    0.15584804E-04   -0.61698168E-04
-0.13099353E-03   -0.98317008E-04    0.10198212E-03   -0.16888456E-05   -0.11453091E-04
-0.16983017E-04    0.34648004E-04    0.20125008E-04   -0.94975097E-04    0.57840282E-04
 0.53264167E-04   -0.19953251E-04    0.79810993E-05   -0.54576689E-04    0.46554684E-04
-0.32639480E-03   -0.25201208E-04   -0.18054017E-03    0.43140874E-04    0.30966172E-04
 0.52404816E-04   -0.44531467E-04   -0.39220689E-04   -0.29046220E-04    0.22158821E-04
 0.14905194E-03    0.55369953E-04   -0.41820737E-04    0.66023397E-05    0.10660629E-04
-0.54708904E-04    0.17641068E-04    0.22595490E-04    0.63231474E-04   -0.78430825E-04
-0.26854336E-04   -0.15548844E-04    0.70740123E-05    0.18633429E-05   -0.51791339E-04
-0.54697126E-04   -0.19840025E-03    0.62258490E-04   -0.43512184E-03    0.52776556E-04
-0.16636974E-04   -0.20403509E-04    0.32959781E-05   -0.56169024E-04   -0.23064853E-04
 0.61762709E-05    0.91566267E-04    0.48599238E-04   -0.11295144E-04   -0.22522943E-04
 0.10909218E-04    0.29861890E-03    0.28242361E-03    0.90505231E-03    0.30825593E-03
-0.71384980E-04    0.11533734E-03   -0.75173482E-04    0.39568156E-03    0.11327047E-03
-0.22710318E-03   -0.58495736E-05   -0.89982462E-05    0.11749518E-03    0.33527317E-04
 0.32010188E-03   -0.10705815E-03    0.12547250E-02   -0.26466627E-03    0.67639743E-03
 0.10054559E-02    0.84376497E-04   -0.11469780E-03   -0.50931908E-03   -0.16183852E-04
-0.32353514E-04   -0.16018533E-04    0.76567182E-04   -0.46657650E-04    0.18753826E-04
 0.82567463E-04   -0.48908152E-04    0.18710953E-03   -0.31687224E-03   -0.64724408E-04
 0.92796331E-03   -0.68616179E-02    0.93821737E-04   -0.18538673E-03   -0.29015784E-04
-0.15807484E-03    0.83069161E-05   -0.20238389E-04    0.77347907E-04   -0.10985571E-04
 0.44506145E-04    0.10966861E-03   -0.19291984E-03   -0.16933590E-03   -0.91633760E-04
 0.20674171E-03    0.14394313E-03   -0.24951653E-03    0.12998578E-03    0.16187921E-03
-0.17738772E-03    0.78763094E-04    0.56212013E-04   -0.15315469E-03    0.45319868E-03
-0.59634553E-04   -0.39185639E-04   -0.42207762E-05    0.95209507E-04    0.19161361E-04
 0.57914375E-04   -0.23709363E-04    0.12348092E-04   -0.36616948E-04    0.85534699E-05
-0.24832789E-04   -0.10910442E-03    0.29591592E-03    0.45222994E-04    0.62322385E-04
-0.79743385E-04   -0.26684748E-04    0.14845529E-03    0.28844931E-04   -0.38042454E-04
 0.19332172E-03   -0.76913122E-06    0.50235178E-04    0.12083584E-03   -0.27793529E-03
 0.39479793E-04    0.17474873E-04    0.37334495E-02    0.71856519E-03    0.71740925E-03
-0.18298172E-03    0.15204166E-03    0.57075203E-04    0.19859459E-03   -0.92401007E-04
 0.10293710E-04    0.10855978E-02   -0.35321691E-03    0.68791000E-03    0.29418569E-03
-0.18028884E-04   -0.45507731E-03   -0.14349211E-03    0.10999209E-03   -0.65635371E-03
-0.31410743E-03   -0.66286907E-03   -0.18020395E-03   -0.90114492E-03   -0.53151749E-03
-0.21577030E-03   -0.10238053E-03    0.31962637E-04    0.19681922E-01   -0.91805138E-02
 0.41819516E-03    0.19733763E-02   -0.22272452E-02   -0.23949026E-02    0.84075891E-03
-0.11878157E-02   -0.26083870E-02   -0.43379155E-03    0.96303469E-03   -0.56755174E-04
-0.37174662E-02    0.53189978E-03    0.41455470E-03   -0.41642221E-03   -0.10283970E-03
 0.15874503E-02   -0.73983562E-03    0.67909078E-03    0.17605827E-02    0.25038121E-03
-0.97204849E-04   -0.84162118E-03   -0.14989663E-03   -0.31111411E-04   -0.19157990E-04
 0.85124540E-04   -0.19067840E-04    0.75788349E-04    0.13048771E-03   -0.17578899E-03
 0.58129060E-03   -0.12329966E-03    0.93293090E-04    0.13146097E-02   -0.88849030E-02
-0.69115242E-04   -0.15092176E-03    0.13392664E-05   -0.32412943E-03   -0.47877057E-03
-0.50500050E-03    0.15241684E-03   -0.23183620E-04    0.93034302E-05    0.68050950E-03
 0.28489584E-03   -0.19462511E-03   -0.95310783E-04   -0.88185938E-05    0.17129395E-02
-0.29338710E-03    0.17029910E-05    0.47824322E-03   -0.58680979E-03   -0.30999451E-03
-0.80269808E-04   -0.46141209E-03   -0.25199649E-03   -0.12546405E-03   -0.83748648E-04
 0.14751356E-03    0.12336353E-03    0.13059081E-04    0.12847993E-03    0.29886398E-03
 0.44343646E-03   -0.10295986E-03    0.20293354E-04   -0.21616519E-04   -0.53470837E-03
-0.18862951E-03   -0.10157307E-04    0.56641589E-04    0.29183935E-04   -0.11867002E-02
 0.15807521E-03    0.74462922E-05   -0.31220957E-03    0.37976512E-03    0.18516367E-03
 0.86582423E-04    0.37614095E-03    0.12627034E-03    0.43845100E-04    0.64437659E-04
 0.51542238E-02    0.10039148E-02    0.85499665E-03   -0.36315959E-03    0.37452961E-03
 0.65653527E-03    0.91241039E-03   -0.15504582E-03    0.29184518E-04    0.13385526E-02
-0.10993455E-02    0.64999489E-03    0.35014172E-03   -0.10683883E-03   -0.24843067E-03
-0.23584875E-02    0.19287762E-03   -0.90841215E-03   -0.91675927E-03   -0.90711751E-03
-0.19671697E-03   -0.11416017E-02   -0.15133163E-03    0.80530268E-03   -0.10095165E-03
 0.10476032E-03    0.26494648E-01   -0.12588820E-01   -0.13787370E-02    0.26759306E-02
-0.30784496E-02   -0.30741469E-02    0.11925710E-02   -0.19875653E-02   -0.50475344E-02
-0.19477090E-02    0.14025268E-02   -0.11957028E-03   -0.47195672E-02    0.27845488E-02
 0.14285083E-02   -0.44347297E-03    0.34815705E-04    0.94607427E-03    0.76831281E-02
 0.67518006E-03   -0.16881381E-02   -0.13921036E-02   -0.13948736E-03    0.19576755E-03
 0.10898151E-02    0.45021060E-04   -0.39907902E-04    0.11272242E-04   -0.74640154E-04
 0.15365689E-03    0.59311313E-05    0.17797239E-03    0.46508188E-04    0.36772655E-03
 0.80370437E-04    0.10305033E-03    0.33203382E-03    0.96628110E-02   -0.48318374E-03
 0.64481963E-04    0.94851225E-04   -0.21992835E-04    0.35583263E-03    0.33310051E-03
-0.17788437E-03    0.29676141E-04   -0.47580030E-03   -0.92383437E-03    0.60305386E-03
 0.24179412E-04    0.95041904E-05    0.14313710E-03   -0.12090297E-03    0.25655547E-02
 0.53431604E-03   -0.73117728E-03    0.57400583E-03   -0.20861886E-03    0.24114677E-03
 0.44905293E-03   -0.10204515E-02    0.93026431E-04    0.60246021E-04    0.79035956E-04
-0.89300949E-04   -0.10247215E-04    0.22968614E-04   -0.62582849E-04   -0.29552248E-03
 0.10771720E-03   -0.99942160E-05    0.29820211E-03    0.78411646E-03   -0.63579653E-03
-0.92472070E-04    0.28362385E-04   -0.61248218E-04   -0.68165272E-04   -0.15789522E-02
-0.58221144E-03    0.29947613E-03   -0.54971030E-03    0.65053946E-04   -0.21909330E-03
-0.33384034E-03    0.87923750E-03   -0.87579644E-04   -0.38182709E-04   -0.64830287E-02
-0.14730471E-02   -0.99715636E-03    0.57714978E-03   -0.15760507E-03   -0.16751501E-03
-0.53756312E-03    0.71071512E-04    0.12998469E-04   -0.19613045E-02    0.97494847E-03
-0.71738301E-03   -0.35155101E-03    0.13993620E-03    0.13775655E-03    0.12267601E-03
-0.31735662E-02   -0.13721834E-03    0.72643204E-03    0.86919147E-03    0.30552183E-03
 0.12861320E-02    0.71194463E-03   -0.11482036E-03    0.32009017E-03   -0.42491745E-04
-0.41182161E-01    0.15661122E-01   -0.72326528E-02   -0.58863362E-02    0.50227116E-02
 0.26661331E-02   -0.26448648E-02    0.12631152E-02    0.52605810E-02    0.29083754E-02
-0.18245619E-02    0.88268355E-04    0.67552460E-02   -0.18695686E-02   -0.20951186E-02
-0.47104059E-03   -0.34623014E-03   -0.13072909E-02   -0.11315876E-02    0.14230506E-01
-0.33838072E-02    0.41666051E-02    0.49009410E-02    0.72373964E-03   -0.79631379E-03
-0.33213310E-02   -0.57984711E-03   -0.10861777E-03   -0.13505302E-03    0.45450619E-03
-0.38371496E-03    0.92417892E-04    0.13388712E-03    0.16208574E-03    0.10897506E-02
-0.80613274E-03    0.35707686E-03    0.45583155E-02   -0.36074755E-01    0.44518938E-03
-0.12827525E-03   -0.24774570E-03   -0.27151627E-03   -0.49280753E-03   -0.60735544E-03
 0.23144791E-03   -0.83512701E-04    0.76740379E-03    0.87842350E-03    0.55391042E-04
 0.42548952E-04   -0.18228137E-03   -0.62088811E-03    0.21643056E-04   -0.59241041E-03
 0.29061994E-02    0.11444020E-02   -0.13833195E-02   -0.28876507E-03   -0.52107483E-03
-0.12055548E-02    0.11037392E-02   -0.39269293E-03   -0.14539738E-03    0.12547023E-03
-0.30079238E-04    0.23132594E-03   -0.12175113E-04    0.12490152E-03    0.21175692E-03
-0.12429989E-03    0.43123572E-04   -0.65018298E-03   -0.61758347E-03    0.15143133E-03
-0.40331814E-04    0.80808279E-04    0.46536076E-03    0.22072179E-03   -0.23953625E-04
-0.16787613E-02   -0.38573030E-03    0.91441577E-03    0.19105276E-03    0.30057205E-03
 0.83347041E-03   -0.62618050E-03    0.17618175E-03    0.62106544E-04    0.22315028E-01
 0.43587985E-02    0.31378727E-02   -0.14785297E-02    0.50538334E-03    0.10479535E-02
 0.16338166E-02   -0.35193291E-03    0.39590766E-04    0.56138520E-02   -0.26124473E-02
 0.15627459E-02    0.11547436E-02   -0.35842627E-03   -0.58567440E-03   -0.34301954E-03
-0.69954903E-03   -0.65365609E-02   -0.19973352E-02   -0.38847691E-02   -0.91437322E-03
-0.51313654E-02   -0.30134565E-02    0.17637638E-02   -0.60122658E-03    0.74721791E-04
 0.11114455E+00   -0.53025056E-01    0.21804980E-02    0.14965041E-01   -0.14119597E-01
-0.10648958E-01    0.56800219E-02   -0.54369084E-02   -0.16465702E-01   -0.34562650E-02
 0.48873674E-02   -0.30054559E-03   -0.19198848E-01    0.41374575E-02    0.97977215E-02
-0.27723712E-03    0.13814602E-03    0.32253625E-02    0.38044993E-02   -0.34114856E-02
 0.25504863E-01   -0.17636990E-04    0.33378013E-03   -0.69138449E-03    0.23650170E-04
 0.52645548E-04    0.50126379E-03    0.11330816E-03    0.51056428E-05    0.18324652E-04
-0.79007128E-04   -0.54944614E-04    0.92030655E-04    0.77727380E-04    0.45895038E-04
-0.64369912E-03   -0.19008588E-02    0.14511142E-02    0.32763882E-02   -0.73952755E-02
-0.46395280E-04   -0.13278170E-03   -0.55344628E-04    0.70549204E-04    0.90720538E-04
 0.38468057E-04   -0.90656877E-06    0.57431052E-06   -0.13062374E-04    0.19967234E-04
-0.36083833E-03    0.68187312E-03    0.15435712E-04   -0.20583902E-04    0.22149031E-04
-0.10789226E-03   -0.42619647E-03    0.23132267E-02    0.14906286E-03    0.30688171E-03
 0.10227102E-03    0.38210521E-03    0.10281248E-03    0.67479334E-04   -0.17031885E-04
 0.24356209E-04    0.46640602E-04   -0.52989863E-05    0.74135055E-04    0.76752816E-04
 0.13572135E-03   -0.19630169E-04   -0.54005298E-05    0.11325062E-04   -0.12790657E-03
-0.38878310E-05   -0.32224733E-03   -0.48951420E-04    0.12320243E-04   -0.10634012E-03
-0.35526868E-04    0.19121673E-03   -0.16183744E-02   -0.98880236E-04   -0.13955497E-03
-0.25914077E-04   -0.17789898E-03    0.20759825E-04   -0.24291105E-04    0.17807362E-04
-0.19585135E-02   -0.49496655E-03    0.23367132E-04    0.22516241E-03   -0.10963446E-03
 0.83671093E-04   -0.15751492E-03   -0.10489462E-03    0.10918228E-04   -0.89143625E-03
 0.14825161E-03    0.26012767E-03   -0.79954472E-03   -0.40404142E-04    0.11723900E-03
-0.37861534E-03    0.40585523E-04    0.41388949E-03   -0.36163217E-02    0.31591148E-03
-0.93960085E-04    0.36480024E-03    0.18566953E-03   -0.26103577E-04    0.38998465E-04
 0.26685053E-04   -0.11515004E-01    0.47362792E-02    0.32760630E-02   -0.12701827E-02
 0.13956900E-02    0.93802734E-03   -0.56768510E-03    0.12158196E-02    0.14813897E-02
-0.70344697E-03   -0.72077186E-04   -0.27188103E-04    0.24149705E-02   -0.65488823E-03
-0.31044044E-02    0.23189118E-02    0.35470440E-03   -0.31883484E-03    0.43411491E-03
-0.13655867E-02   -0.15636030E-02    0.11598618E-01   -0.29616955E-02    0.31057728E-02
 0.37212395E-02    0.65668034E-03   -0.62467399E-03   -0.27181602E-02   -0.55206919E-03
-0.52251996E-04    0.75367626E-04    0.42102535E-03   -0.11419243E-03    0.10676375E-03
 0.19185175E-03    0.63768859E-05    0.14622312E-02   -0.70180349E-03    0.24908180E-03
 0.38296820E-02   -0.33939714E-01    0.43377972E-03    0.79679940E-05   -0.49443086E-03
-0.95598370E-04   -0.50581376E-03   -0.28688172E-03    0.15709419E-03   -0.56997185E-04
 0.10782528E-02    0.89447403E-03    0.46799778E-03    0.13263803E-03   -0.17355735E-03
-0.47286985E-03    0.51483327E-04   -0.12648923E-02    0.10860589E-02    0.12879591E-02
 0.42290179E-03    0.18818085E-03   -0.80626216E-03   -0.96666171E-03    0.10571132E-02
-0.35542575E-03   -0.11244243E-03    0.13635967E-03   -0.10479372E-03    0.34228916E-03
-0.33793489E-04    0.17678569E-03    0.55916733E-04   -0.93954721E-04    0.35683377E-04
-0.73238629E-03   -0.78956298E-03    0.44767692E-03   -0.82918016E-04    0.90834225E-04
 0.33871855E-03    0.13630281E-03    0.43224985E-03   -0.61439185E-03   -0.39480700E-03
-0.23427560E-03   -0.20086752E-03    0.61225998E-03    0.69568693E-03   -0.60343372E-03
 0.13077677E-03    0.50871537E-04    0.21777529E-01    0.39926280E-02    0.28818039E-02
-0.14158919E-02    0.45253665E-03    0.91401005E-03    0.11568824E-02   -0.19670907E-03
 0.10834736E-04    0.54680524E-02   -0.27163719E-02    0.21402405E-02    0.11892484E-02
-0.35795317E-03   -0.69929602E-03   -0.50055460E-03    0.46537251E-03   -0.43446929E-02
-0.19757803E-02   -0.62058945E-02   -0.15417967E-02   -0.46446518E-02   -0.28106158E-02
 0.17629769E-02   -0.63989465E-03    0.10831254E-03    0.11023330E+00   -0.53533721E-01
 0.73032319E-04    0.12204609E-01   -0.12680372E-01   -0.10661409E-01    0.53624581E-02
-0.55104212E-02   -0.16444349E-01   -0.21233566E-02    0.45835283E-02   -0.20715393E-03
-0.19066264E-01    0.53001603E-02    0.90759083E-02   -0.90300574E-03    0.13517142E-03
 0.34167189E-02    0.45366514E-02   -0.58541754E-02    0.19339085E-01   -0.17477314E-02
 0.25647732E-01   -0.11802302E-02    0.20674544E-02    0.14033623E-02    0.34491810E-03
-0.33825662E-03   -0.12691652E-02   -0.25086835E-03    0.37479773E-04   -0.47928734E-04
 0.12416913E-03    0.31928651E-04    0.18898135E-04    0.99427156E-04   -0.13596246E-03
 0.10698151E-02   -0.46225554E-03    0.11534852E-04    0.19984282E-02   -0.16446914E-01
-0.22910377E-03   -0.49350257E-04   -0.25833277E-03   -0.19650507E-03   -0.30465009E-03
-0.53382230E-03    0.15137305E-03   -0.39318064E-04    0.36279720E-03    0.69215898E-03
-0.13062019E-03   -0.17066446E-03   -0.17881558E-03   -0.15467529E-03    0.30193945E-04
-0.61190639E-03    0.46422766E-03    0.85420095E-03   -0.24121008E-03    0.17847996E-02
-0.14372077E-03   -0.75345152E-03    0.68169023E-03   -0.94097013E-04   -0.74146927E-04
 0.33749697E-03    0.51285669E-05    0.13760786E-03    0.50613447E-04    0.53602903E-05
 0.20684892E-03   -0.40765013E-04    0.22574790E-04   -0.25484973E-03   -0.54720224E-03
 0.56026246E-03   -0.55329546E-04    0.79105860E-04    0.13182703E-03    0.93161234E-04
 0.24585739E-03   -0.17251702E-03   -0.26638779E-03    0.21203379E-03   -0.99916305E-03
 0.72330752E-04    0.49887351E-03   -0.39599571E-03    0.58864306E-04    0.30782166E-04
 0.10261238E-01    0.19702891E-02    0.14705963E-02   -0.66045894E-03    0.16913799E-03
 0.57448470E-03    0.11404933E-02   -0.12171472E-03    0.10720050E-04    0.25038666E-02
-0.13621628E-02    0.10529566E-02    0.46639530E-03   -0.16103485E-03   -0.34594424E-03
-0.17793306E-03    0.37605314E-03   -0.19429518E-02   -0.10758127E-02   -0.24411446E-02
-0.32927194E-02   -0.24662481E-02   -0.12654915E-02    0.77984379E-03   -0.28164985E-03
 0.64094711E-04    0.52575881E-01   -0.25514373E-01   -0.68047163E-03    0.63623293E-02
-0.67225268E-02   -0.53747248E-02    0.27215173E-02   -0.27636508E-02   -0.80185420E-02
-0.21900193E-02    0.22019572E-02   -0.12274407E-03   -0.90176904E-02    0.27091055E-02
 0.50198760E-02   -0.32731045E-03   -0.10434904E-03    0.17522509E-02    0.19918246E-02
-0.30168246E-02    0.86267575E-02   -0.62090928E-03    0.10875446E-01    0.12813483E-01
-0.36193222E-02    0.43719945E-02    0.46180887E-02    0.87302430E-03   -0.71966375E-03
-0.31116606E-02   -0.39744301E-03   -0.10911696E-03   -0.24373548E-03    0.49866600E-03
-0.19685212E-03    0.56753631E-04    0.56058144E-03    0.25027159E-03    0.14590816E-02
-0.23566069E-03   -0.11922835E-03    0.43245157E-02   -0.36803019E-01    0.60912269E-03
-0.29906439E-03   -0.26113215E-03   -0.95060984E-03   -0.51651757E-03   -0.94880946E-03
 0.37230566E-03   -0.81955269E-04    0.50557391E-03    0.15349551E-02   -0.41949355E-03
-0.42685100E-04   -0.32979309E-03   -0.42887587E-03    0.30892124E-03   -0.14590211E-02
 0.10654127E-02    0.15767105E-02   -0.18836458E-02   -0.22630404E-03    0.19942468E-02
-0.76453031E-03    0.11707679E-02   -0.53406124E-03   -0.16048292E-03    0.23516392E-04
 0.99893704E-05    0.19823750E-03    0.38959838E-03    0.10592160E-03    0.52624487E-03
-0.27256847E-03    0.49243208E-04   -0.35966703E-03   -0.10927683E-02    0.10526302E-02
 0.94958187E-04    0.24714989E-03    0.34609623E-03    0.32178137E-04    0.55265376E-03
-0.48755680E-03   -0.47649363E-03    0.14120044E-02    0.67424831E-04   -0.16922928E-02
 0.49901674E-03   -0.66696305E-03    0.23869961E-03    0.56525943E-04    0.24453752E-01
 0.44672202E-02    0.34624478E-02   -0.19344203E-02    0.80098618E-03    0.10195342E-02
 0.18913334E-02   -0.50782451E-03    0.33672621E-04    0.64126632E-02   -0.26043367E-02
 0.25295394E-02    0.13324886E-02   -0.25309957E-03   -0.80856817E-03   -0.46649390E-03
 0.61181665E-03   -0.46967230E-02   -0.22844422E-02   -0.37431000E-02   -0.10641043E-02
-0.98252553E-02   -0.38955187E-02    0.16875398E-02   -0.52293836E-03    0.93515334E-04
 0.12028599E+00   -0.59561559E-01   -0.67989873E-03    0.14220664E-01   -0.14222221E-01
-0.12441289E-01    0.73732775E-02   -0.71982918E-02   -0.17942679E-01   -0.32844663E-02
 0.54771141E-02   -0.23585134E-03   -0.22021746E-01    0.55580314E-02    0.84942446E-02
-0.83327099E-03   -0.23922974E-03    0.38372236E-02    0.46905291E-02   -0.63070697E-02
 0.20812872E-01   -0.18026598E-02    0.19365528E-01    0.10070605E-01    0.33993759E-01
-0.26400764E-02    0.12408690E-02    0.30097533E-02    0.43060150E-03   -0.34002041E-03
-0.22154311E-02   -0.45784847E-03   -0.65497563E-04   -0.34266426E-04    0.36055583E-03
-0.13881270E-03    0.11555042E-03    0.24132773E-03    0.19160477E-03    0.86439692E-03
-0.95493888E-03    0.48473088E-03    0.30460276E-02   -0.22773433E-01    0.32683111E-03
 0.10507005E-03    0.73051860E-04   -0.46187598E-03   -0.33532054E-03   -0.26643373E-03
 0.28065094E-03   -0.44300946E-04    0.63793763E-03    0.47734113E-03    0.36586282E-03
-0.18731553E-03   -0.19339155E-03   -0.30151894E-03   -0.38303146E-04   -0.72113320E-03
 0.68158524E-03    0.11219051E-02   -0.88021498E-03   -0.43240137E-03    0.20898384E-03
 0.98389274E-03    0.35698092E-03   -0.33875499E-03   -0.33255939E-04   -0.44119061E-04
-0.12120826E-03   -0.50104245E-04    0.10739523E-03    0.14878263E-03    0.16145529E-03
-0.21187026E-03    0.29210982E-04   -0.29906617E-03   -0.39848552E-03    0.25622935E-03
 0.67426180E-04    0.14361923E-03    0.19612144E-03    0.17931076E-03    0.33600143E-03
-0.27521308E-03   -0.34630513E-03    0.60064150E-03    0.17708188E-03   -0.20587432E-03
-0.59607880E-03   -0.28611633E-03    0.21404855E-03    0.11375794E-04    0.14000457E-01
 0.25882495E-02    0.17678499E-02   -0.10610322E-02    0.39139380E-03    0.49691931E-03
 0.10273251E-02   -0.29976797E-03    0.80251698E-05    0.34769162E-02   -0.15471289E-02
 0.20537648E-02    0.10464787E-02   -0.17063805E-03   -0.46383020E-03    0.24675412E-03
 0.29453228E-03   -0.28665564E-02   -0.12524679E-02   -0.23649953E-02   -0.55499935E-03
-0.39466955E-02   -0.43998437E-02    0.99792339E-03   -0.32372354E-03    0.29787927E-04
 0.69292605E-01   -0.34186971E-01   -0.12087719E-03    0.78870883E-02   -0.82543548E-02
-0.65894684E-02    0.39396145E-02   -0.40575690E-02   -0.10143745E-01   -0.18770429E-02
 0.32523614E-02   -0.12455130E-03   -0.11879726E-01    0.26707860E-02    0.28583400E-02
-0.12620662E-02   -0.16562505E-03    0.22111861E-02    0.14293155E-02   -0.35166934E-02
 0.12399708E-01   -0.65026269E-03    0.11872163E-01    0.54666637E-02    0.15253114E-01
 0.14823974E-01    0.32221371E-02   -0.19108519E-02   -0.37927898E-02   -0.60398750E-03
 0.51240963E-03    0.25113024E-02    0.47288978E-03    0.84883676E-05    0.17335977E-03
-0.29658651E-03    0.66904758E-04    0.25694930E-04   -0.16708697E-04   -0.43092611E-04
-0.11928445E-02   -0.19208396E-02    0.10758729E-02    0.17490793E-03    0.17905689E-01
-0.33942946E-03   -0.15938555E-03    0.41315206E-03    0.11843943E-02    0.61413848E-03
 0.37928471E-03   -0.19704825E-03    0.49734037E-04   -0.47574733E-03   -0.55140887E-03
-0.88725891E-03   -0.56050926E-04    0.17869590E-03    0.63409878E-03   -0.72881810E-03
 0.67636017E-03   -0.88335102E-03   -0.83989583E-03    0.10763258E-02    0.39214898E-03
 0.13190478E-03    0.55005531E-03    0.19224577E-02    0.38657416E-03    0.82164116E-04
-0.15011198E-03    0.14988205E-03   -0.37974546E-03   -0.61305120E-03   -0.35982001E-03
-0.15312856E-03    0.14937254E-03   -0.13895986E-04    0.40914953E-03    0.49268037E-03
 0.17334745E-03   -0.12791158E-03   -0.88940387E-04   -0.37043592E-03    0.27514199E-03
-0.14231048E-03    0.60022885E-03    0.27358330E-03   -0.65221443E-03   -0.75589216E-04
 0.55721828E-04   -0.46586486E-03   -0.13345835E-02   -0.13535050E-03   -0.49939769E-04
-0.16583218E-01   -0.31642371E-02   -0.20058404E-02    0.75186116E-03   -0.15677296E-02
-0.10427248E-02   -0.12239700E-02    0.14806460E-03    0.11207244E-04   -0.41127917E-02
 0.20540940E-02   -0.84406018E-03   -0.10024210E-02    0.25842076E-03    0.65962425E-04
 0.87757252E-03   -0.37039182E-03    0.34652602E-02    0.15907635E-02    0.31323280E-02
 0.87298513E-03    0.38907582E-02    0.21829742E-02   -0.46828448E-02    0.47030665E-03
-0.83382524E-04   -0.85820961E-01    0.40680083E-01   -0.52472136E-03   -0.89439082E-02
 0.99126012E-02    0.73641139E-02   -0.32007299E-02    0.75713313E-02    0.13845820E-01
 0.29164547E-02   -0.36289807E-02    0.12005950E-03    0.14615557E-01   -0.38993723E-02
-0.87009657E-02    0.84900896E-03   -0.99730162E-04   -0.12640991E-02   -0.48373425E-02
 0.45191337E-02   -0.15359549E-01    0.90979803E-03   -0.15476631E-01   -0.70066160E-02
-0.15873426E-01   -0.94574927E-02    0.21335197E-01   -0.11917895E-02    0.19027503E-02
 0.16637296E-02    0.28340160E-03   -0.29336373E-03   -0.12491342E-02   -0.17429073E-03
-0.25705250E-04   -0.65547017E-04    0.20089146E-03   -0.76116153E-04    0.78899079E-04
 0.18958613E-03    0.37207285E-04    0.75682025E-03   -0.37358056E-03   -0.10523107E-03
 0.16212760E-02   -0.14227940E-01    0.15893211E-03    0.15330012E-04   -0.20731541E-03
-0.62524317E-04   -0.17306578E-03   -0.39065241E-03    0.15933011E-03   -0.41809525E-04
 0.40873354E-03    0.46037542E-03   -0.58846241E-03   -0.31077046E-03   -0.86477240E-04
-0.20083672E-03    0.16038063E-03   -0.67770621E-03    0.50815677E-03    0.64994221E-03
-0.52212292E-03   -0.50890784E-05   -0.30578737E-03   -0.55528393E-03    0.53488389E-03
 0.38047093E-03   -0.62954920E-04    0.62533958E-04   -0.48580985E-04    0.15237011E-03
-0.11173811E-05    0.31289052E-04    0.23529950E-03   -0.57606120E-04    0.18193492E-04
-0.24348863E-03   -0.32767532E-03    0.57421286E-03    0.84661951E-04    0.68942437E-04
 0.15649210E-03   -0.81313437E-05    0.26924079E-03   -0.22069313E-03   -0.21308674E-03
 0.42969829E-03    0.43011075E-04    0.21267352E-03    0.47791993E-03   -0.31839627E-03
-0.12841006E-03    0.23548361E-04    0.98394738E-02    0.18581951E-02    0.13066888E-02
-0.72402702E-03    0.20335307E-03    0.35096800E-03    0.75152626E-03   -0.16460155E-03
 0.20113044E-04    0.25219123E-02   -0.11369553E-02    0.11075204E-02    0.70718551E-03
-0.17416887E-03   -0.30226090E-03   -0.19371448E-03    0.45977366E-03   -0.18915918E-02
-0.86708774E-03   -0.17236033E-02   -0.35934604E-03   -0.20818796E-02   -0.11877394E-02
 0.69251410E-03   -0.10262675E-02    0.39607081E-04    0.48590726E-01   -0.23889027E-01
-0.14428390E-02    0.56798084E-02   -0.58410596E-02   -0.49283592E-02    0.25463339E-02
-0.27849975E-02   -0.71776476E-02   -0.10887931E-02    0.21839363E-02   -0.11247260E-03
-0.84704071E-02    0.23880054E-02    0.33835423E-02   -0.12731545E-02   -0.43489846E-04
 0.14041048E-02    0.20536082E-02   -0.24953323E-02    0.82893400E-02   -0.11830834E-02
 0.84185063E-02    0.41570255E-02    0.88030576E-02    0.51798410E-02   -0.66803017E-02
 0.60279603E-02    0.20611551E-03   -0.36253695E-03   -0.25583813E-03   -0.47775506E-04
 0.53049576E-04    0.17165294E-03    0.25112434E-04    0.80771421E-05    0.98979955E-06
-0.20260029E-04    0.19677416E-05   -0.87101609E-05   -0.39394921E-04    0.12308790E-04
-0.10732529E-03   -0.73626791E-05    0.17888673E-04   -0.16669967E-03    0.18102111E-02
-0.18902324E-04    0.24982510E-04    0.47485112E-04    0.50607875E-05    0.23185084E-04
 0.40795440E-04   -0.13560684E-04    0.51192356E-05   -0.25826375E-04   -0.11161126E-03
 0.22145792E-04    0.13006472E-04    0.48991668E-05    0.15254406E-04   -0.67712333E-04
 0.90918712E-04   -0.75324388E-04   -0.11604755E-03    0.99486399E-04    0.16376030E-04
 0.54659182E-05    0.10704263E-03   -0.81387624E-04    0.23092284E-04    0.28926468E-04
-0.14074201E-04   -0.94341307E-05   -0.35201946E-04    0.59818370E-05   -0.44310221E-07
-0.22216247E-04    0.90320022E-05   -0.30069780E-05    0.40206865E-04    0.86563473E-04
-0.46366305E-04    0.19327860E-05   -0.75010314E-06   -0.10986243E-04    0.44827336E-04
-0.46001811E-04    0.31602858E-04    0.54784077E-04   -0.73423868E-04   -0.14315870E-04
-0.33128948E-04   -0.75689770E-04    0.55090394E-04   -0.11890821E-04   -0.20017095E-04
-0.12692286E-02   -0.24171204E-03   -0.19983163E-03    0.83756339E-04   -0.17238532E-04
-0.52483919E-04   -0.97129450E-04    0.18292878E-04   -0.40173910E-05   -0.34374520E-03
 0.16653074E-03   -0.13631763E-03   -0.73901948E-04    0.28849585E-04    0.56880333E-04
 0.11069041E-03   -0.50005341E-04    0.23436622E-03    0.14862976E-03    0.24080050E-03
 0.70860008E-04    0.29036288E-03    0.14049114E-03   -0.96321610E-04    0.34378012E-04
-0.27090900E-04   -0.65543966E-02    0.30635704E-02    0.90501153E-04   -0.86858404E-03
 0.79469392E-03    0.72089271E-03   -0.31196572E-03    0.32873379E-03    0.98819958E-03
 0.19979025E-03   -0.28032288E-03    0.16786328E-04    0.11659540E-02   -0.36501068E-03
-0.45816970E-03    0.61405268E-04   -0.28895337E-04   -0.24646161E-03   -0.55270863E-03
 0.37329010E-03   -0.10616120E-02    0.62891876E-04   -0.11455593E-02   -0.57895667E-03
-0.12102115E-02   -0.62035306E-03    0.89441484E-03   -0.49690124E-03    0.13388602E-03
 0.57980179E-04    0.34861219E-04   -0.37959711E-03    0.13952199E-04   -0.84996981E-04
 0.91462224E-04   -0.14159661E-04   -0.11490581E-04   -0.38437020E-04    0.70238323E-04
-0.14507956E-03    0.11727959E-03   -0.14308462E-03    0.14685953E-03   -0.25324927E-03
-0.92005672E-04    0.45519378E-05    0.13110700E-03    0.17357354E-03    0.11815013E-02
-0.33728708E-04   -0.11012071E-03    0.90387104E-04    0.30461969E-05   -0.80624726E-04
 0.47404479E-04   -0.42858972E-05    0.20192611E-03    0.64191632E-05   -0.91965880E-04
 0.44801006E-05   -0.59408709E-05    0.42764497E-04    0.91148687E-04   -0.74712645E-04
 0.12876433E-04   -0.91928658E-04    0.31481105E-04    0.30100860E-03    0.16522955E-04
-0.45205822E-04    0.88446654E-04   -0.12377803E-04   -0.11116339E-04   -0.10617194E-02
 0.45844399E-05    0.66304366E-04   -0.26488067E-04   -0.20207021E-04   -0.14847817E-04
-0.29216680E-04    0.44055929E-05   -0.43299364E-04    0.15339005E-04    0.96141520E-04
 0.25296087E-04   -0.93378495E-05   -0.16948793E-04   -0.35615637E-04    0.37046503E-04
-0.24424730E-05    0.52919750E-04   -0.22392879E-04   -0.94998369E-04    0.44898615E-05
 0.58834377E-04   -0.16797892E-04   -0.91084224E-05    0.11449270E-05    0.28411886E-03
 0.38303007E-03    0.49302040E-04   -0.73062346E-04   -0.45786590E-04   -0.12256082E-03
-0.10286697E-03   -0.19850709E-04   -0.89886968E-05    0.20332152E-03    0.28561409E-04
 0.65115560E-04   -0.39569507E-05    0.64076537E-05   -0.42911132E-04    0.86543807E-04
-0.41987517E-04    0.12660424E-04    0.11234218E-03   -0.15069148E-04    0.94872226E-04
-0.10136571E-03   -0.76368853E-04   -0.83182315E-04   -0.10289097E-04   -0.46911004E-05
 0.80891076E-03   -0.10289320E-03    0.40121231E-03    0.32683433E-03    0.19951778E-03
-0.55886511E-05    0.63809474E-04    0.12192349E-03    0.41361253E-04    0.32806357E-04
-0.40760030E-04    0.18425297E-04   -0.27140619E-03   -0.22737873E-03   -0.34811803E-03
 0.11878806E-03    0.20664583E-04    0.51511254E-04   -0.15431820E-03   -0.21171922E-03
 0.58680786E-04   -0.10233530E-03    0.23835592E-04   -0.20490884E-03    0.14509987E-03
 0.97345455E-04    0.60493869E-04    0.40473026E-04    0.31459627E-05    0.12592616E-02
 0.39928981E-03   -0.70020362E-03   -0.19319473E-03   -0.13068246E-03    0.21744222E-03
 0.36658182E-03    0.17638019E-03   -0.33398810E-05    0.79313007E-04   -0.16866902E-03
 0.17111260E-03   -0.19567532E-03    0.23105265E-03   -0.19731211E-03    0.23490042E-03
 0.16557417E-04   -0.44045407E-04   -0.34553604E-03    0.30321243E-02   -0.83845560E-03
 0.64803623E-04    0.23749962E-03    0.52660908E-04    0.16032464E-03    0.31053652E-03
-0.68068596E-04    0.24441807E-04   -0.27788809E-03   -0.37785268E-03    0.78462506E-04
-0.15967584E-03    0.23372670E-04    0.74142907E-04   -0.16333282E-03    0.30393210E-03
-0.24292205E-03   -0.27124132E-03    0.20558580E-03   -0.32473227E-03    0.19825303E-04
 0.14477857E-03   -0.17608525E-03    0.12252179E-03    0.37742852E-04    0.45990620E-03
-0.61684500E-04   -0.98241805E-04    0.45317065E-05   -0.39788943E-04   -0.73364745E-04
 0.57209821E-04   -0.11162369E-04    0.11762844E-03    0.20920841E-03   -0.10609966E-03
 0.86108240E-04   -0.20613217E-04   -0.34191874E-04    0.72492357E-04   -0.10167174E-03
 0.86447842E-04    0.93612205E-04   -0.14755286E-03    0.50749711E-04   -0.61391959E-04
-0.12803993E-03    0.11843382E-03   -0.40687970E-04   -0.16821665E-04   -0.21631662E-02
-0.19973575E-02   -0.29768118E-03    0.16012661E-03    0.35488469E-05   -0.39938392E-04
-0.12199286E-03    0.68102840E-04   -0.15199452E-05   -0.70126552E-03    0.20824733E-03
-0.33073514E-04   -0.14647191E-03    0.43729402E-04    0.56044718E-04   -0.22911498E-04
 0.20422846E-05    0.36569881E-03    0.66226102E-04    0.29541541E-03   -0.37045152E-04
 0.48125534E-03    0.26245777E-03   -0.13560185E-03    0.50821101E-04   -0.20339925E-05
-0.10417938E-01    0.42971484E-02   -0.61408642E-03   -0.26646263E-02    0.41727615E-02
 0.80581564E-03   -0.53216421E-03    0.24376288E-03    0.14255011E-02    0.40491117E-03
-0.50487496E-03    0.30317067E-04    0.17942302E-02   -0.34767073E-03   -0.10287858E-02
-0.80317566E-04   -0.50783808E-04   -0.27425649E-03   -0.30930047E-03    0.85330446E-03
-0.17062380E-02    0.22949505E-03   -0.14775378E-02   -0.55794415E-03   -0.17107313E-02
-0.96102200E-03    0.12837686E-02   -0.71287799E-03    0.92923431E-04   -0.59450550E-03
 0.19563660E-02   -0.43106728E-02    0.27912642E-02    0.26179563E-02    0.63416935E-03
-0.57509617E-03   -0.28267679E-02   -0.77009239E-03   -0.78081611E-04   -0.39114404E-04
 0.21098205E-03   -0.76684528E-04    0.55828612E-03   -0.12371521E-03    0.43455936E-03
-0.10602704E-03   -0.80177765E-04    0.82812850E-04    0.17566304E-02   -0.15939546E-01
 0.36456083E-03   -0.83662020E-04   -0.28511760E-03   -0.63608966E-04   -0.51961782E-03
-0.66152173E-03    0.88660603E-04   -0.66565843E-04    0.51589954E-03    0.90012454E-03
 0.36839142E-03    0.28044316E-03   -0.17485664E-04   -0.59721342E-03   -0.22935326E-05
-0.94156151E-03    0.10499127E-02    0.14042143E-02   -0.14169922E-02   -0.40088942E-03
-0.62715645E-03   -0.11178969E-02    0.13242012E-02   -0.48498563E-03   -0.11120879E-03
 0.34708303E-04    0.71808171E-05    0.21477914E-03   -0.25786600E-04    0.34672494E-03
 0.49840204E-03   -0.55904655E-04    0.31285650E-04   -0.37983711E-03   -0.72136820E-03
 0.93126014E-04   -0.13814676E-03   -0.97242520E-05    0.38660228E-03    0.67912386E-04
 0.49352490E-03   -0.59779786E-03   -0.63709962E-03    0.85155074E-03    0.65078837E-04
 0.33052323E-03    0.58878806E-03   -0.68721616E-03    0.17645679E-03    0.59575592E-04
 0.11352558E-01    0.24473694E-02    0.15956590E-02   -0.80670255E-03    0.20622998E-03
 0.64098308E-03    0.98112267E-03   -0.16395069E-03    0.18165645E-04    0.28855479E-02
-0.14148957E-02    0.76365890E-03    0.52282240E-03   -0.22708661E-03   -0.24999120E-03
-0.21529223E-03    0.52052989E-03   -0.23207526E-02   -0.10770909E-02   -0.18185413E-02
-0.46295430E-03   -0.25503889E-02   -0.15329689E-02    0.68758051E-03   -0.23259518E-03
 0.47519256E-04    0.55086331E-01   -0.25304781E-01    0.36006546E-04    0.12235805E-01
-0.85776545E-02   -0.53816300E-02    0.27773638E-02   -0.29190356E-02   -0.83526759E-02
-0.16295447E-02    0.24245376E-02   -0.12823187E-03   -0.91294264E-02    0.28150745E-02
 0.45595530E-02    0.43450795E-03    0.74475300E-04    0.14363301E-02    0.21062933E-02
-0.34440892E-02    0.95034855E-02   -0.94121009E-03    0.86142850E-02    0.41232475E-02
 0.98156800E-02    0.58134425E-02   -0.68415202E-02    0.38840131E-02   -0.56314351E-03
 0.29623854E-04   -0.10844417E-02    0.82196806E-02    0.22685793E-02   -0.36553164E-02
-0.26936758E-02   -0.54953718E-03    0.55397370E-03    0.18333189E-02    0.20102948E-03
 0.61543960E-04    0.31576501E-04   -0.19191166E-03    0.63265898E-04   -0.36391501E-03
 0.69629359E-04   -0.33069492E-03    0.65358907E-04    0.14899075E-03    0.21184427E-04
-0.14602570E-02    0.12741866E-01   -0.34674167E-03    0.15382921E-03    0.39294639E-03
 0.68452316E-04    0.25611811E-03    0.51839802E-03   -0.10009522E-03    0.48784387E-04
-0.29265791E-03   -0.96726176E-03    0.63692470E-03   -0.11986046E-03    0.60455716E-04
 0.41644268E-03    0.79157615E-04    0.83347839E-03   -0.95231392E-03   -0.11294464E-02
 0.10920113E-02    0.14818809E-03    0.31650781E-03    0.99953785E-03   -0.10779410E-02
 0.26471261E-03    0.10934085E-03   -0.21244298E-04   -0.79148750E-05   -0.28112176E-03
 0.49106793E-04   -0.77340410E-04   -0.39166999E-03    0.38559554E-04   -0.20602277E-04
 0.29460934E-03    0.71905390E-03   -0.58506341E-03    0.65260887E-04   -0.17294985E-04
-0.29046227E-03   -0.13015953E-03   -0.36766428E-03    0.50238726E-03    0.51304366E-03
-0.76052394E-03    0.32877413E-05   -0.22398992E-03   -0.58094918E-03    0.63601991E-03
-0.12735330E-03   -0.52943187E-04   -0.94750417E-02   -0.20678013E-02   -0.13464098E-02
 0.63733248E-03   -0.14040510E-03   -0.44566050E-03   -0.82379116E-03    0.14403237E-03
-0.13687027E-04   -0.24285170E-02    0.11860426E-02   -0.92032476E-03   -0.44694410E-03
 0.16728379E-03    0.22014306E-03    0.17031237E-03   -0.41184786E-03    0.19219669E-02
 0.92705106E-03    0.15227803E-02    0.40085849E-03    0.21269441E-02    0.11949725E-02
-0.53807774E-03    0.21848132E-03   -0.42545886E-04   -0.42892032E-01    0.21014407E-01
 0.26300184E-04   -0.91415546E-02    0.68663402E-02    0.44510340E-02   -0.21951875E-02
 0.22396697E-02    0.63869395E-02    0.13174760E-02   -0.19506667E-02    0.97072933E-04
 0.75045066E-02   -0.23695919E-02   -0.26947765E-02   -0.19570751E-03   -0.38416993E-04
-0.11910292E-02   -0.16469597E-02    0.27517775E-02   -0.76204792E-02    0.55302341E-03
-0.69491066E-02   -0.33199934E-02   -0.80580301E-02   -0.45199852E-02    0.53733485E-02
-0.31680771E-02    0.45546462E-03   -0.56527088E-04    0.91314261E-03   -0.60561656E-02
 0.50192886E-02   -0.18260781E-02    0.29142523E-02    0.19076650E-02    0.41509287E-03
-0.47376347E-03   -0.13403805E-02   -0.17472141E-03   -0.53279722E-04   -0.11538483E-04
 0.14823657E-03   -0.47181569E-04    0.28693341E-03   -0.79976514E-04    0.27186498E-03
-0.53339070E-04   -0.10537092E-03   -0.16148413E-03    0.12124338E-02   -0.10126842E-01
 0.28623215E-03   -0.10669591E-03   -0.32171584E-03   -0.93515292E-04   -0.19431844E-03
-0.41367352E-03    0.74870565E-04   -0.38095447E-04    0.25271793E-03    0.78749456E-03
-0.52703821E-03    0.13989323E-03   -0.44686588E-04   -0.33013428E-03   -0.76765674E-04
-0.63347799E-03    0.73114912E-03    0.88818672E-03   -0.87543901E-03   -0.78950982E-04
-0.21736731E-03   -0.81091319E-03    0.84940406E-03   -0.20610084E-03   -0.85381378E-04
 0.11939654E-04   -0.22732400E-04    0.23827386E-03   -0.38908759E-04    0.58381360E-04
 0.29333589E-03   -0.52364216E-05    0.10012657E-04   -0.23752535E-03   -0.60693422E-03
 0.47337884E-03   -0.79856632E-04    0.25664112E-04    0.24700683E-03    0.14363068E-03
 0.27911515E-03   -0.37240118E-03   -0.40732178E-03    0.65563272E-03   -0.28737992E-05
 0.14299231E-03    0.45321306E-03   -0.46654817E-03    0.92218804E-04    0.40407118E-04
 0.78653047E-02    0.17083369E-02    0.11060703E-02   -0.52764141E-03    0.13330959E-03
 0.37229937E-03    0.69141035E-03   -0.12212033E-03    0.13370490E-04    0.20294015E-02
-0.97796401E-03    0.73259239E-03    0.37839652E-03   -0.13720868E-03   -0.18524468E-03
-0.14047159E-03    0.32497689E-03   -0.15928767E-02   -0.76988455E-03   -0.12592108E-02
-0.34403722E-03   -0.18232368E-02   -0.10005890E-02    0.45104047E-03   -0.17919959E-03
 0.32889073E-04    0.34005247E-01   -0.17256180E-01   -0.24346833E-04    0.71120950E-02
-0.55110631E-02   -0.35733637E-02    0.17964360E-02   -0.18495209E-02   -0.51158938E-02
-0.11080950E-02    0.15636422E-02   -0.80407124E-04   -0.61349554E-02    0.18982142E-02
 0.21010029E-02    0.99675480E-04    0.42986499E-04    0.96464128E-03    0.12971595E-02
-0.21147181E-02    0.61691678E-02   -0.40935409E-03    0.56066110E-02    0.26682602E-02
 0.66211187E-02    0.36734020E-02   -0.43719779E-02    0.25308473E-02   -0.36172962E-03
 0.60554538E-04   -0.74457606E-03    0.47220862E-02   -0.40301132E-02    0.34555347E-02
 0.12626291E-02   -0.13659197E-02   -0.85577794E-03   -0.28210691E-03    0.25784543E-03
 0.86619941E-03    0.21900013E-03    0.12147824E-04    0.58473054E-04   -0.14911835E-03
 0.73505665E-04   -0.10166556E-03   -0.33129354E-04   -0.10822653E-03   -0.24413889E-03
 0.48042910E-04    0.67663450E-04   -0.10782406E-02    0.93995409E-02   -0.28828450E-03
 0.37962144E-04    0.18889000E-03    0.64695578E-04    0.21833421E-03    0.42567367E-03
-0.81433855E-04    0.27681386E-04   -0.26766025E-03   -0.45488728E-03    0.56675934E-04
-0.33574590E-04    0.27272790E-04    0.19344959E-03   -0.89853363E-04    0.54465381E-03
-0.37821191E-03   -0.49259914E-03    0.51410057E-03   -0.68107151E-06    0.17416681E-03
 0.46013671E-03   -0.52239649E-03    0.14001045E-03    0.49289052E-04    0.63126265E-04
 0.23488203E-05   -0.14776084E-03    0.48223136E-05   -0.93521609E-04   -0.27401954E-03
 0.49679124E-04   -0.14837866E-04    0.16140106E-03    0.32289536E-03   -0.19540175E-03
 0.21337462E-04   -0.24408779E-04   -0.13080324E-03   -0.52141507E-05   -0.25613322E-03
 0.19458712E-03    0.17800581E-03   -0.33918663E-03   -0.16313205E-04   -0.14087390E-03
-0.29218690E-03    0.31101135E-03   -0.51062121E-04   -0.24099906E-04   -0.70709141E-02
-0.14818468E-02   -0.10079089E-02    0.50700368E-03   -0.14514388E-03   -0.33224855E-03
-0.58847814E-03    0.12562510E-03   -0.99760249E-05   -0.18714721E-02    0.79714928E-03
-0.66367766E-03   -0.36778089E-03    0.11591281E-03    0.20930655E-03    0.12140438E-03
-0.22094964E-03    0.13764395E-02    0.61321758E-03    0.11814073E-02    0.27326567E-03
 0.16111105E-02    0.88468408E-03   -0.43580838E-03    0.18757910E-03   -0.27957294E-04
-0.32878333E-01    0.15601786E-01    0.30337068E-03   -0.50950754E-02    0.44252648E-02
 0.33398236E-02   -0.16811577E-02    0.17453186E-02    0.49271337E-02    0.97598271E-03
-0.14639668E-02    0.70196750E-04    0.57875242E-02   -0.14798689E-02   -0.24605172E-02
 0.12599146E-03    0.12560877E-04   -0.95362630E-03   -0.13708752E-02    0.17633501E-02
-0.55859249E-02    0.68101346E-03   -0.54367664E-02   -0.26077415E-02   -0.60694804E-02
-0.34432624E-02    0.42177416E-02   -0.25084588E-02    0.33656873E-03   -0.13946688E-03
 0.67274692E-03   -0.30373725E-02    0.24127652E-02   -0.19267150E-02    0.18934341E-02
-0.15655257E-03    0.22351535E-03    0.32544951E-04    0.52212855E-04   -0.20960512E-04
-0.50493940E-04    0.39876150E-05   -0.58655438E-05   -0.43992053E-04    0.12602213E-04
 0.32342318E-04    0.36699256E-04    0.78419095E-04    0.41307743E-04    0.23211448E-03
 0.91261713E-04   -0.73827401E-04    0.84864641E-04   -0.14664655E-03   -0.60274628E-04
-0.19797989E-04   -0.48589863E-04   -0.16699629E-04   -0.33123825E-04   -0.10638904E-03
 0.73730232E-05    0.28845346E-06   -0.36173163E-04    0.74336734E-05    0.30109339E-05
-0.16443677E-04   -0.14485174E-04   -0.20852461E-04    0.69649257E-05    0.37231850E-06
 0.37920091E-04    0.52525577E-04   -0.10587612E-03   -0.10105793E-03   -0.38386895E-04
-0.95394980E-04    0.50918920E-04   -0.15626515E-05   -0.61643240E-05    0.45879133E-04
-0.64698913E-05    0.56851157E-04    0.72613433E-05    0.21726273E-04    0.79323545E-04
-0.44559178E-05    0.57770652E-06    0.58299652E-06   -0.24322433E-04    0.44455527E-04
-0.59688860E-05    0.65546038E-05    0.19669010E-04    0.44777213E-05    0.94191889E-05
-0.26551097E-04   -0.23016306E-04    0.74614391E-04    0.60482635E-04    0.28889143E-04
 0.49301925E-04   -0.13388641E-04   -0.33210530E-05    0.11702838E-05    0.10401096E-02
 0.10685032E-03    0.15214137E-03   -0.65702999E-04    0.28447859E-04    0.63125704E-04
 0.80668940E-04   -0.60658410E-05    0.18110988E-05    0.27564145E-03   -0.48511741E-04
 0.11432187E-03    0.66324063E-04   -0.59797704E-05   -0.39805674E-04   -0.20135893E-04
 0.32910831E-04   -0.18256794E-03   -0.63883880E-04   -0.16587716E-03    0.24637143E-05
-0.21594175E-03   -0.10512787E-03    0.66676191E-04   -0.36489775E-04    0.26149232E-06
 0.23623209E-02   -0.22973942E-02   -0.20306450E-02    0.43802293E-03   -0.33117581E-03
-0.78784404E-03    0.20000046E-04   -0.51262435E-03   -0.57697461E-03    0.32384400E-03
 0.10342681E-03    0.10718285E-04   -0.66138214E-03    0.31255681E-03    0.25758845E-03
-0.25804432E-03   -0.12059950E-03    0.52690278E-04    0.31414282E-03    0.81040183E-03
 0.27723537E-03   -0.51356822E-03    0.50267420E-03    0.31052958E-03    0.70187628E-03
 0.35363343E-03   -0.38796537E-03    0.45690331E-03   -0.45375309E-04   -0.52811267E-04
 0.35149297E-04    0.31802676E-03   -0.26578199E-03    0.21950557E-03   -0.22620613E-03
 0.38753971E-03    0.21417147E-02   -0.27689997E-02   -0.20767025E-02   -0.40419298E-03
 0.46404958E-03    0.14665594E-02    0.23291484E-03    0.76776640E-04    0.60363802E-04
-0.15017282E-03    0.37702038E-04   -0.30708727E-03    0.50039039E-04   -0.27923110E-03
 0.73570326E-04    0.23900385E-03   -0.25618945E-04   -0.12432835E-02    0.10514431E-01
-0.26777369E-03    0.95016160E-04    0.25126798E-03    0.38560806E-03    0.13369812E-03
 0.56762399E-03   -0.13555521E-03    0.43312288E-04    0.29787402E-05   -0.10059632E-02
 0.32453757E-03   -0.37628309E-03    0.14445003E-03    0.33164147E-03   -0.30462809E-04
 0.65710580E-03   -0.54992431E-03   -0.11900237E-02    0.99196649E-03    0.58705124E-04
 0.11343160E-03    0.78590515E-03   -0.78884204E-03    0.23851339E-03    0.83427794E-04
-0.24957127E-04    0.20577370E-04   -0.20123429E-03   -0.22196521E-03   -0.22120750E-04
-0.45438218E-03    0.68248889E-04   -0.18364144E-04   -0.58113026E-05    0.76822472E-03
-0.39110181E-03    0.28514540E-03   -0.10295597E-03   -0.23841563E-03   -0.17826728E-04
-0.31600471E-03    0.21210805E-03    0.64242512E-03   -0.69940568E-03    0.55966357E-04
-0.50760569E-04   -0.42419259E-03    0.41369598E-03   -0.10787540E-03   -0.41011599E-04
-0.80976564E-02   -0.17297642E-02   -0.11482093E-02    0.56441789E-03   -0.28209671E-03
-0.35369718E-03   -0.73549392E-03    0.13718864E-03   -0.14405394E-04   -0.22076348E-02
 0.10393995E-02   -0.78935900E-03   -0.27934317E-03    0.95391428E-04    0.20501486E-03
 0.16974841E-03   -0.31900172E-03    0.15638390E-02    0.88748981E-03    0.12432238E-02
 0.38488832E-03    0.19411446E-02    0.10769680E-02   -0.50146009E-03    0.18146868E-03
-0.33559676E-04   -0.35583377E-01    0.17749769E-01    0.79854856E-04   -0.73626939E-02
 0.56916471E-02    0.37347831E-02   -0.18693462E-02    0.21961643E-02    0.52808900E-02
 0.13040008E-02   -0.16726455E-02    0.90068604E-04    0.65957693E-02   -0.19716119E-02
-0.22181088E-02   -0.28775638E-03    0.52161461E-04   -0.10242031E-02   -0.14374685E-02
 0.21686070E-02   -0.62465912E-02    0.28727919E-03   -0.56885442E-02   -0.27998851E-02
-0.69613573E-02   -0.39007230E-02    0.46035022E-02   -0.26321920E-02    0.37254385E-03
 0.15849769E-04    0.74178091E-03   -0.49572902E-02    0.41408465E-02   -0.34575612E-02
 0.19994981E-02   -0.23980923E-03    0.43669484E-02   -0.52153451E-05    0.19453644E-03
 0.16540927E-03   -0.66183601E-05   -0.10647726E-04   -0.47866018E-04    0.20422391E-04
 0.24119771E-05    0.29099271E-04   -0.37974349E-04    0.15345096E-04    0.67926315E-04
-0.57876240E-04    0.30300014E-04   -0.23861240E-03   -0.15164353E-03    0.12050577E-03
-0.15728283E-03    0.19432980E-02   -0.34089601E-04    0.18432917E-04   -0.23907285E-04
 0.10516109E-03    0.48083423E-04    0.90871022E-04   -0.19239503E-04    0.11467146E-05
 0.69168288E-05    0.87892457E-04   -0.61325008E-04    0.14837546E-04    0.34067891E-04
-0.29921306E-04   -0.55381347E-04    0.37180034E-04    0.71366922E-04    0.35569318E-04
 0.29031663E-04    0.15367916E-04   -0.58615392E-04   -0.62740219E-04    0.61486917E-04
-0.73562038E-06   -0.47491807E-05    0.98723221E-05   -0.19195097E-04   -0.13635920E-04
-0.71970513E-04   -0.11844295E-04   -0.36854236E-04    0.24118138E-04   -0.33866151E-05
-0.31939716E-04   -0.55200721E-04   -0.45205285E-04   -0.16170961E-04   -0.28235040E-04
 0.25147963E-04    0.20689256E-04   -0.11553422E-04   -0.47466563E-04   -0.71860590E-04
-0.36157751E-04   -0.34960521E-04    0.26807421E-04    0.28041934E-04   -0.17581275E-04
 0.16098492E-05    0.34006283E-05   -0.16758481E-02   -0.26762588E-03   -0.24318890E-03
 0.14071966E-03   -0.88713805E-04   -0.69273935E-04   -0.11591732E-03    0.30775235E-04
-0.36923428E-05   -0.47561542E-03    0.13561638E-03   -0.19472066E-03   -0.81687136E-04
 0.21528703E-04    0.64404939E-04    0.23457840E-04   -0.24692598E-04    0.29983155E-03
 0.95099806E-04    0.28234641E-03    0.46326510E-04    0.40260801E-03    0.23204631E-03
-0.15303583E-03    0.61167419E-04   -0.47662563E-05   -0.76085606E-02    0.40810442E-02
 0.16900485E-03   -0.18540541E-04    0.61495933E-03    0.85940206E-03   -0.47295836E-03
 0.52455874E-03    0.11649494E-02    0.26278187E-03   -0.32898480E-03    0.19031374E-04
 0.15845809E-02   -0.20341765E-03   -0.64684175E-03    0.14188325E-03    0.17036771E-04
-0.25553866E-03   -0.34866564E-03    0.30938790E-03   -0.12872273E-02    0.21519326E-03
-0.13888450E-02   -0.67419557E-03   -0.15500382E-02   -0.91610700E-03    0.11357703E-02
-0.64318505E-03    0.72291929E-04   -0.27823537E-04    0.84569010E-04    0.70920378E-04
-0.50387659E-04    0.39533975E-04    0.38016815E-03   -0.60199809E-04    0.36615379E-05
 0.46243243E-03   -0.20849081E-03    0.27524507E-03    0.30811070E-03    0.83998227E-04
-0.66480785E-04   -0.19497680E-03   -0.32928704E-04   -0.15199417E-05    0.67705740E-05
 0.43194634E-04   -0.53087975E-04   -0.23683435E-04    0.27157694E-04   -0.83531537E-05
 0.77690633E-04   -0.12999686E-03    0.35048505E-04    0.52195683E-03   -0.40259577E-02
 0.11470510E-03   -0.12874903E-05   -0.17016453E-05   -0.30895545E-04   -0.64556952E-04
-0.61281385E-04    0.44512173E-04   -0.75659778E-05    0.10327092E-03    0.16853501E-03
-0.26438134E-04   -0.22890761E-04   -0.20686287E-04   -0.22551723E-04    0.16585092E-04
-0.16657627E-03    0.70199917E-04    0.10703657E-03   -0.82291246E-04    0.46586835E-04
 0.16554306E-04   -0.10169809E-03    0.10948400E-03   -0.34657847E-04   -0.90137468E-05
-0.23157581E-04    0.82911135E-05    0.11394344E-04   -0.12996837E-04    0.25002622E-04
 0.25552255E-04   -0.28527941E-04    0.55996234E-05   -0.26902220E-04   -0.10609642E-03
 0.28898552E-04   -0.10373471E-04    0.23524725E-04    0.10002739E-04    0.36190064E-04
 0.55565777E-04   -0.33233644E-04   -0.43902776E-04    0.63827057E-04    0.32677930E-05
 0.97521899E-05    0.60878997E-04   -0.11529803E-03    0.16489508E-04    0.24604776E-05
 0.23068597E-02    0.50838765E-03    0.30391080E-03   -0.19631356E-03    0.28750559E-04
 0.79813215E-04    0.18945695E-03   -0.45564390E-04    0.50181820E-05    0.64628142E-03
-0.25378706E-03    0.11404267E-03    0.97626792E-04   -0.43299218E-04   -0.72228187E-04
-0.33881176E-04    0.88499516E-04   -0.43369896E-03   -0.22177819E-03   -0.34280127E-03
-0.10505165E-03   -0.56325861E-03   -0.30682015E-03    0.11080187E-03   -0.59143396E-04
 0.42786749E-05    0.11979953E-01   -0.53676070E-02    0.10367738E-02    0.11534883E-02
-0.14355306E-02   -0.90056108E-03    0.75938374E-03   -0.42969398E-03   -0.16408096E-02
-0.63737763E-03    0.55015738E-03   -0.41049184E-04   -0.21381408E-02    0.38698966E-03
 0.99250821E-03    0.36149037E-04    0.65526591E-04    0.38378424E-03    0.34682237E-03
-0.11782990E-02    0.21468234E-02    0.11275574E-03    0.19459744E-02    0.96561213E-03
 0.22576014E-02    0.12714978E-02   -0.15426346E-02    0.76940567E-03   -0.98179418E-04
 0.53443539E-04   -0.24484675E-03    0.67516615E-03   -0.55753814E-03    0.46787826E-03
-0.58837281E-03   -0.89623892E-04   -0.47147238E-03   -0.22106357E-03    0.69720244E-03
