Mplus VERSION 9
MUTHEN & MUTHEN
10/07/2026  10:53 AM

INPUT INSTRUCTIONS

  TITLE:
  Round2C XLIN_MI09 attempt01
  DATA:
  FILE = "data.dat";
  VARIABLE:
  NAMES = fid x1 x2 x3 x4 x5 y1 y2 y3 y4 y5 c1 c2 c3 c4 c5 c6 c7 c8 c9 c10 c11 c12 c13
       c14 c15 c16 c17 c18 c19 c20 c21 c22 c23 c24;
   MISSING=.;
   CLUSTER=fid; USEVARIABLES=x1-x5 y1-y5 c1-c24;
  ANALYSIS:
  TYPE=COMPLEX; ESTIMATOR=MLR; PROCESSORS=1; COVERAGE=.005; ITERATIONS=1000;
  MODEL:
  ix sx | x1@0 x2@0.4 x3@0.6 x4@0.8 x5@1;
  iy sy | y1@0 y2@0.4 y3@0.6 y4@0.8 y5@1 ;
  iy ON ix (bii);
  sy ON ix (bis);
  sy ON sx (bss);
  sy ON iy (bsyiy);
  ix WITH sx;
  ix sx iy sy ON c1-c24;
  sx WITH iy;
  OUTPUT:
  TECH1 TECH3 TECH4 SAMPSTAT RESIDUAL CINTERVAL;
  SAVEDATA:
  TECH3=tech3.dat; RESULTS=estimates.dat;



INPUT READING TERMINATED NORMALLY




Round2C XLIN_MI09 attempt01

SUMMARY OF ANALYSIS

Number of groups                                                 1
Number of observations                                        3274

Number of dependent variables                                   10
Number of independent variables                                 24
Number of continuous latent variables                            4

Observed dependent variables

  Continuous
   X1          X2          X3          X4          X5          Y1
   Y2          Y3          Y4          Y5

Observed independent variables
   C1          C2          C3          C4          C5          C6
   C7          C8          C9          C10         C11         C12
   C13         C14         C15         C16         C17         C18
   C19         C20         C21         C22         C23         C24

Continuous latent variables
   IX          SX          IY          SY

Variables with special functions

  Cluster variable      FID

Estimator                                                      MLR
Information matrix                                        OBSERVED
Maximum number of iterations                                  1000
Convergence criterion                                    0.500D-04
Maximum number of steepest descent iterations                   20
Maximum number of iterations for H1                           2000
Convergence criterion for H1                             0.100D-03

Input data file(s)
  data.dat

Input data format  FREE


SUMMARY OF DATA

     Number of missing data patterns            68
     Number of clusters                       2410



COVARIANCE COVERAGE OF DATA

Minimum covariance coverage value   0.005


     PROPORTION OF DATA PRESENT


           Covariance Coverage
              X1            X2            X3            X4            X5
              ________      ________      ________      ________      ________
 X1             1.000
 X2             0.917         0.917
 X3             0.687         0.616         0.687
 X4             0.335         0.310         0.292         0.335
 X5             0.273         0.252         0.239         0.178         0.273
 Y1             1.000         0.917         0.687         0.335         0.273
 Y2             0.918         0.915         0.615         0.311         0.252
 Y3             0.726         0.653         0.677         0.303         0.249
 Y4             0.365         0.337         0.309         0.324         0.195
 Y5             0.272         0.252         0.234         0.175         0.262
 C1             1.000         0.917         0.687         0.335         0.273
 C2             1.000         0.917         0.687         0.335         0.273
 C3             1.000         0.917         0.687         0.335         0.273
 C4             1.000         0.917         0.687         0.335         0.273
 C5             1.000         0.917         0.687         0.335         0.273
 C6             1.000         0.917         0.687         0.335         0.273
 C7             1.000         0.917         0.687         0.335         0.273
 C8             1.000         0.917         0.687         0.335         0.273
 C9             1.000         0.917         0.687         0.335         0.273
 C10            1.000         0.917         0.687         0.335         0.273
 C11            1.000         0.917         0.687         0.335         0.273
 C12            1.000         0.917         0.687         0.335         0.273
 C13            1.000         0.917         0.687         0.335         0.273
 C14            1.000         0.917         0.687         0.335         0.273
 C15            1.000         0.917         0.687         0.335         0.273
 C16            1.000         0.917         0.687         0.335         0.273
 C17            1.000         0.917         0.687         0.335         0.273
 C18            1.000         0.917         0.687         0.335         0.273
 C19            1.000         0.917         0.687         0.335         0.273
 C20            1.000         0.917         0.687         0.335         0.273
 C21            1.000         0.917         0.687         0.335         0.273
 C22            1.000         0.917         0.687         0.335         0.273
 C23            1.000         0.917         0.687         0.335         0.273
 C24            1.000         0.917         0.687         0.335         0.273


           Covariance Coverage
              Y1            Y2            Y3            Y4            Y5
              ________      ________      ________      ________      ________
 Y1             1.000
 Y2             0.918         0.918
 Y3             0.726         0.653         0.726
 Y4             0.365         0.338         0.330         0.365
 Y5             0.272         0.252         0.248         0.196         0.272
 C1             1.000         0.918         0.726         0.365         0.272
 C2             1.000         0.918         0.726         0.365         0.272
 C3             1.000         0.918         0.726         0.365         0.272
 C4             1.000         0.918         0.726         0.365         0.272
 C5             1.000         0.918         0.726         0.365         0.272
 C6             1.000         0.918         0.726         0.365         0.272
 C7             1.000         0.918         0.726         0.365         0.272
 C8             1.000         0.918         0.726         0.365         0.272
 C9             1.000         0.918         0.726         0.365         0.272
 C10            1.000         0.918         0.726         0.365         0.272
 C11            1.000         0.918         0.726         0.365         0.272
 C12            1.000         0.918         0.726         0.365         0.272
 C13            1.000         0.918         0.726         0.365         0.272
 C14            1.000         0.918         0.726         0.365         0.272
 C15            1.000         0.918         0.726         0.365         0.272
 C16            1.000         0.918         0.726         0.365         0.272
 C17            1.000         0.918         0.726         0.365         0.272
 C18            1.000         0.918         0.726         0.365         0.272
 C19            1.000         0.918         0.726         0.365         0.272
 C20            1.000         0.918         0.726         0.365         0.272
 C21            1.000         0.918         0.726         0.365         0.272
 C22            1.000         0.918         0.726         0.365         0.272
 C23            1.000         0.918         0.726         0.365         0.272
 C24            1.000         0.918         0.726         0.365         0.272


           Covariance Coverage
              C1            C2            C3            C4            C5
              ________      ________      ________      ________      ________
 C1             1.000
 C2             1.000         1.000
 C3             1.000         1.000         1.000
 C4             1.000         1.000         1.000         1.000
 C5             1.000         1.000         1.000         1.000         1.000
 C6             1.000         1.000         1.000         1.000         1.000
 C7             1.000         1.000         1.000         1.000         1.000
 C8             1.000         1.000         1.000         1.000         1.000
 C9             1.000         1.000         1.000         1.000         1.000
 C10            1.000         1.000         1.000         1.000         1.000
 C11            1.000         1.000         1.000         1.000         1.000
 C12            1.000         1.000         1.000         1.000         1.000
 C13            1.000         1.000         1.000         1.000         1.000
 C14            1.000         1.000         1.000         1.000         1.000
 C15            1.000         1.000         1.000         1.000         1.000
 C16            1.000         1.000         1.000         1.000         1.000
 C17            1.000         1.000         1.000         1.000         1.000
 C18            1.000         1.000         1.000         1.000         1.000
 C19            1.000         1.000         1.000         1.000         1.000
 C20            1.000         1.000         1.000         1.000         1.000
 C21            1.000         1.000         1.000         1.000         1.000
 C22            1.000         1.000         1.000         1.000         1.000
 C23            1.000         1.000         1.000         1.000         1.000
 C24            1.000         1.000         1.000         1.000         1.000


           Covariance Coverage
              C6            C7            C8            C9            C10
              ________      ________      ________      ________      ________
 C6             1.000
 C7             1.000         1.000
 C8             1.000         1.000         1.000
 C9             1.000         1.000         1.000         1.000
 C10            1.000         1.000         1.000         1.000         1.000
 C11            1.000         1.000         1.000         1.000         1.000
 C12            1.000         1.000         1.000         1.000         1.000
 C13            1.000         1.000         1.000         1.000         1.000
 C14            1.000         1.000         1.000         1.000         1.000
 C15            1.000         1.000         1.000         1.000         1.000
 C16            1.000         1.000         1.000         1.000         1.000
 C17            1.000         1.000         1.000         1.000         1.000
 C18            1.000         1.000         1.000         1.000         1.000
 C19            1.000         1.000         1.000         1.000         1.000
 C20            1.000         1.000         1.000         1.000         1.000
 C21            1.000         1.000         1.000         1.000         1.000
 C22            1.000         1.000         1.000         1.000         1.000
 C23            1.000         1.000         1.000         1.000         1.000
 C24            1.000         1.000         1.000         1.000         1.000


           Covariance Coverage
              C11           C12           C13           C14           C15
              ________      ________      ________      ________      ________
 C11            1.000
 C12            1.000         1.000
 C13            1.000         1.000         1.000
 C14            1.000         1.000         1.000         1.000
 C15            1.000         1.000         1.000         1.000         1.000
 C16            1.000         1.000         1.000         1.000         1.000
 C17            1.000         1.000         1.000         1.000         1.000
 C18            1.000         1.000         1.000         1.000         1.000
 C19            1.000         1.000         1.000         1.000         1.000
 C20            1.000         1.000         1.000         1.000         1.000
 C21            1.000         1.000         1.000         1.000         1.000
 C22            1.000         1.000         1.000         1.000         1.000
 C23            1.000         1.000         1.000         1.000         1.000
 C24            1.000         1.000         1.000         1.000         1.000


           Covariance Coverage
              C16           C17           C18           C19           C20
              ________      ________      ________      ________      ________
 C16            1.000
 C17            1.000         1.000
 C18            1.000         1.000         1.000
 C19            1.000         1.000         1.000         1.000
 C20            1.000         1.000         1.000         1.000         1.000
 C21            1.000         1.000         1.000         1.000         1.000
 C22            1.000         1.000         1.000         1.000         1.000
 C23            1.000         1.000         1.000         1.000         1.000
 C24            1.000         1.000         1.000         1.000         1.000


           Covariance Coverage
              C21           C22           C23           C24
              ________      ________      ________      ________
 C21            1.000
 C22            1.000         1.000
 C23            1.000         1.000         1.000
 C24            1.000         1.000         1.000         1.000


SAMPLE STATISTICS


     ESTIMATED SAMPLE STATISTICS


           Means
              X1            X2            X3            X4            X5
              ________      ________      ________      ________      ________
                0.000         0.203         0.166         0.248         0.240


           Means
              Y1            Y2            Y3            Y4            Y5
              ________      ________      ________      ________      ________
                0.000         0.027         0.105         0.034         0.175


           Means
              C1            C2            C3            C4            C5
              ________      ________      ________      ________      ________
                0.496         0.195         0.436         0.308         0.242


           Means
              C6            C7            C8            C9            C10
              ________      ________      ________      ________      ________
                3.159         7.145         0.202         0.079         0.004


           Means
              C11           C12           C13           C14           C15
              ________      ________      ________      ________      ________
                0.108         2.216         0.688         0.539         0.318


           Means
              C16           C17           C18           C19           C20
              ________      ________      ________      ________      ________
                0.434         0.829         0.233         0.186         0.109


           Means
              C21           C22           C23           C24
              ________      ________      ________      ________
                0.212         0.684         0.291         3.702


           Covariances
              X1            X2            X3            X4            X5
              ________      ________      ________      ________      ________
 X1             1.000
 X2             0.296         0.970
 X3             0.249         0.259         0.817
 X4             0.277         0.367         0.351         0.971
 X5             0.294         0.313         0.292         0.446         0.872
 Y1            -0.164        -0.164        -0.126        -0.164        -0.169
 Y2            -0.126        -0.226        -0.135        -0.186        -0.180
 Y3            -0.158        -0.159        -0.195        -0.184        -0.197
 Y4            -0.161        -0.140        -0.159        -0.244        -0.240
 Y5            -0.104        -0.182        -0.122        -0.212        -0.229
 C1            -0.020        -0.017        -0.019        -0.012        -0.008
 C2             0.033         0.023         0.006         0.036         0.019
 C3             0.031         0.029         0.008         0.024         0.015
 C4            -0.006         0.030         0.020         0.015        -0.003
 C5            -0.019        -0.042        -0.027        -0.011        -0.026
 C6            -0.004        -0.029        -0.018        -0.035        -0.067
 C7            -0.096        -0.181        -0.093        -0.236        -0.208
 C8            -0.039        -0.029        -0.042        -0.031        -0.023
 C9             0.016         0.012         0.022         0.016         0.013
 C10            0.000        -0.002        -0.002         0.001         0.001
 C11           -0.006        -0.010        -0.009        -0.040         0.004
 C12            0.048         0.048         0.016         0.045         0.083
 C13            0.115         0.084         0.018         0.096         0.046
 C14           -0.006        -0.005        -0.030         0.003        -0.014
 C15           -0.039        -0.034        -0.023        -0.025        -0.027
 C16            0.052         0.042         0.037         0.041         0.025
 C17            0.013         0.017         0.027         0.034         0.023
 C18            0.047         0.036         0.029         0.020         0.033
 C19           -0.022        -0.014        -0.013        -0.024        -0.015
 C20            0.032         0.023         0.024         0.016         0.021
 C21            0.018         0.007        -0.002         0.008         0.008
 C22           -0.045        -0.022        -0.006        -0.033        -0.014
 C23            0.005        -0.031        -0.018        -0.114        -0.040
 C24            0.198         0.269        -0.059         0.382         0.209


           Covariances
              Y1            Y2            Y3            Y4            Y5
              ________      ________      ________      ________      ________
 Y1             1.000
 Y2             0.453         1.153
 Y3             0.492         0.617         1.168
 Y4             0.444         0.468         0.508         1.086
 Y5             0.416         0.547         0.559         0.550         1.188
 C1            -0.082        -0.087        -0.089        -0.073        -0.073
 C2            -0.062        -0.064        -0.063        -0.058        -0.053
 C3            -0.077        -0.078        -0.084        -0.078        -0.058
 C4            -0.030        -0.007        -0.016         0.016        -0.002
 C5             0.075         0.064         0.061         0.033         0.040
 C6             0.093         0.124         0.096         0.166         0.128
 C7             0.535         0.458         0.446         0.630         0.378
 C8             0.005         0.007         0.015        -0.003        -0.001
 C9            -0.007        -0.011        -0.015        -0.008        -0.018
 C10            0.002         0.002         0.000         0.005         0.002
 C11           -0.001         0.010         0.008         0.001         0.010
 C12           -0.120        -0.084        -0.135        -0.085        -0.066
 C13           -0.251        -0.227        -0.228        -0.222        -0.203
 C14            0.050         0.016         0.027         0.002         0.033
 C15            0.164         0.140         0.139         0.104         0.104
 C16           -0.129        -0.121        -0.119        -0.077        -0.106
 C17           -0.055        -0.049        -0.048        -0.027        -0.032
 C18           -0.015         0.002        -0.008        -0.003        -0.005
 C19            0.034         0.032         0.029         0.040         0.051
 C20           -0.007        -0.010        -0.015        -0.004        -0.014
 C21            0.022         0.022         0.015        -0.003         0.043
 C22            0.071         0.075         0.077         0.074         0.061
 C23            0.201         0.141         0.188         0.114         0.108
 C24           -0.433        -0.521        -0.394        -0.570        -0.393


           Covariances
              C1            C2            C3            C4            C5
              ________      ________      ________      ________      ________
 C1             0.250
 C2             0.035         0.157
 C3            -0.009         0.042         0.246
 C4             0.000         0.004        -0.015         0.213
 C5             0.005        -0.018        -0.025        -0.075         0.184
 C6            -0.038        -0.061        -0.108         0.073         0.031
 C7            -0.141        -0.209        -0.469         0.199         0.200
 C8            -0.002        -0.003        -0.002        -0.013         0.004
 C9             0.002         0.006         0.016        -0.009        -0.003
 C10           -0.001        -0.001        -0.001        -0.001         0.002
 C11            0.001        -0.002         0.012        -0.002        -0.008
 C12            0.034         0.023         0.006        -0.003         0.005
 C13            0.126         0.192         0.230        -0.026        -0.075
 C14           -0.003        -0.011        -0.021         0.003         0.037
 C15           -0.030        -0.022        -0.022         0.000         0.012
 C16            0.030         0.018         0.003         0.002        -0.008
 C17            0.036         0.011         0.000         0.001        -0.004
 C18           -0.010        -0.007        -0.005         0.011        -0.012
 C19            0.001        -0.004        -0.021         0.001         0.013
 C20           -0.002        -0.001         0.016        -0.003        -0.001
 C21           -0.014        -0.007        -0.004        -0.011         0.015
 C22           -0.008        -0.063        -0.113         0.004         0.029
 C23           -0.050        -0.021        -0.008        -0.016         0.019
 C24            0.074         0.248         0.367        -0.065        -0.035


           Covariances
              C6            C7            C8            C9            C10
              ________      ________      ________      ________      ________
 C6             1.375
 C7             3.686        22.415
 C8            -0.138        -0.327         0.161
 C9            -0.038        -0.124        -0.016         0.073
 C10            0.002         0.011        -0.001         0.000         0.004
 C11            0.083         0.339         0.000        -0.003         0.000
 C12           -0.014         0.045         0.012        -0.002        -0.001
 C13           -0.280        -1.048         0.021         0.041         0.000
 C14            0.012         0.182         0.008        -0.014         0.002
 C15            0.018         0.118         0.001        -0.004         0.000
 C16            0.000         0.004        -0.008         0.003         0.000
 C17           -0.060        -0.181        -0.001         0.004         0.000
 C18            0.016        -0.013         0.000        -0.001         0.000
 C19            0.052         0.218        -0.006        -0.005         0.000
 C20           -0.035        -0.122         0.004         0.004         0.000
 C21            0.013         0.074        -0.004         0.000         0.001
 C22            0.085         0.367        -0.005        -0.012         0.001
 C23            0.082         0.483         0.003        -0.003         0.001
 C24           -0.636        -2.068         0.060         0.042         0.004


           Covariances
              C11           C12           C13           C14           C15
              ________      ________      ________      ________      ________
 C11            0.096
 C12            0.006         1.057
 C13            0.039         0.234         1.542
 C14           -0.003         0.008        -0.083         0.248
 C15            0.002        -0.043        -0.079         0.003         0.217
 C16           -0.001         0.047         0.043         0.002        -0.138
 C17           -0.024         0.009         0.030        -0.028        -0.008
 C18           -0.004        -0.004        -0.050        -0.006        -0.002
 C19           -0.002        -0.012        -0.058         0.018         0.007
 C20           -0.001         0.013         0.014         0.001        -0.002
 C21            0.008        -0.001        -0.016         0.039         0.004
 C22           -0.017        -0.048        -0.356         0.036         0.023
 C23            0.050        -0.033        -0.055         0.021         0.089
 C24           -0.015         0.556         1.733         0.690        -0.132


           Covariances
              C16           C17           C18           C19           C20
              ________      ________      ________      ________      ________
 C16            0.246
 C17            0.008         0.142
 C18           -0.003        -0.001         0.179
 C19           -0.006        -0.006        -0.043         0.151
 C20            0.003         0.003         0.027        -0.013         0.097
 C21           -0.004        -0.019        -0.007         0.013        -0.023
 C22           -0.004        -0.002         0.018         0.022        -0.007
 C23           -0.065        -0.032        -0.003         0.008         0.016
 C24            0.056         0.086         0.001        -0.028         0.064


           Covariances
              C21           C22           C23           C24
              ________      ________      ________      ________
 C21            0.167
 C22            0.006         0.216
 C23            0.034         0.004         0.925
 C24            0.051        -0.423        -0.115        17.786


           Correlations
              X1            X2            X3            X4            X5
              ________      ________      ________      ________      ________
 X1             1.000
 X2             0.300         1.000
 X3             0.275         0.291         1.000
 X4             0.281         0.378         0.394         1.000
 X5             0.315         0.341         0.346         0.485         1.000
 Y1            -0.164        -0.166        -0.139        -0.167        -0.181
 Y2            -0.118        -0.214        -0.139        -0.176        -0.180
 Y3            -0.146        -0.150        -0.200        -0.173        -0.195
 Y4            -0.155        -0.137        -0.169        -0.238        -0.247
 Y5            -0.095        -0.170        -0.124        -0.197        -0.225
 C1            -0.040        -0.035        -0.043        -0.024        -0.018
 C2             0.083         0.058         0.018         0.093         0.052
 C3             0.062         0.060         0.017         0.050         0.032
 C4            -0.013         0.066         0.048         0.033        -0.008
 C5            -0.044        -0.100        -0.071        -0.026        -0.064
 C6            -0.003        -0.025        -0.017        -0.030        -0.061
 C7            -0.020        -0.039        -0.022        -0.051        -0.047
 C8            -0.098        -0.073        -0.115        -0.077        -0.060
 C9             0.059         0.046         0.089         0.058         0.050
 C10            0.002        -0.024        -0.040         0.015         0.020
 C11           -0.018        -0.031        -0.033        -0.130         0.014
 C12            0.046         0.047         0.018         0.044         0.086
 C13            0.093         0.069         0.016         0.078         0.039
 C14           -0.012        -0.010        -0.067         0.007        -0.030
 C15           -0.084        -0.075        -0.055        -0.055        -0.062
 C16            0.104         0.086         0.082         0.084         0.055
 C17            0.036         0.045         0.079         0.090         0.065
 C18            0.111         0.087         0.077         0.049         0.085
 C19           -0.056        -0.037        -0.037        -0.063        -0.043
 C20            0.103         0.076         0.086         0.052         0.072
 C21            0.043         0.017        -0.006         0.020         0.021
 C22           -0.097        -0.047        -0.015        -0.071        -0.032
 C23            0.005        -0.032        -0.021        -0.120        -0.044
 C24            0.047         0.065        -0.015         0.092         0.053


           Correlations
              Y1            Y2            Y3            Y4            Y5
              ________      ________      ________      ________      ________
 Y1             1.000
 Y2             0.422         1.000
 Y3             0.455         0.532         1.000
 Y4             0.426         0.418         0.451         1.000
 Y5             0.382         0.467         0.475         0.485         1.000
 C1            -0.163        -0.162        -0.164        -0.141        -0.134
 C2            -0.156        -0.150        -0.148        -0.139        -0.123
 C3            -0.155        -0.147        -0.156        -0.152        -0.108
 C4            -0.065        -0.015        -0.032         0.033        -0.005
 C5             0.175         0.139         0.132         0.073         0.086
 C6             0.079         0.098         0.076         0.136         0.100
 C7             0.113         0.090         0.087         0.128         0.073
 C8             0.013         0.016         0.036        -0.008        -0.003
 C9            -0.026        -0.037        -0.051        -0.029        -0.060
 C10            0.025         0.025         0.005         0.078         0.028
 C11           -0.004         0.031         0.025         0.004         0.030
 C12           -0.116        -0.076        -0.121        -0.080        -0.059
 C13           -0.202        -0.170        -0.170        -0.172        -0.150
 C14            0.100         0.030         0.050         0.004         0.061
 C15            0.352         0.281         0.276         0.215         0.206
 C16           -0.261        -0.228        -0.222        -0.149        -0.196
 C17           -0.146        -0.122        -0.118        -0.068        -0.079
 C18           -0.035         0.004        -0.017        -0.007        -0.010
 C19            0.088         0.076         0.068         0.097         0.121
 C20           -0.021        -0.030        -0.045        -0.014        -0.041
 C21            0.054         0.050         0.034        -0.006         0.098
 C22            0.152         0.151         0.152         0.152         0.121
 C23            0.209         0.137         0.181         0.114         0.103
 C24           -0.103        -0.115        -0.087        -0.130        -0.085


           Correlations
              C1            C2            C3            C4            C5
              ________      ________      ________      ________      ________
 C1             1.000
 C2             0.176         1.000
 C3            -0.036         0.213         1.000
 C4             0.002         0.020        -0.065         1.000
 C5             0.025        -0.106        -0.116        -0.377         1.000
 C6            -0.064        -0.130        -0.186         0.135         0.061
 C7            -0.059        -0.111        -0.200         0.091         0.098
 C8            -0.010        -0.018        -0.012        -0.070         0.023
 C9             0.014         0.060         0.122        -0.069        -0.029
 C10           -0.018        -0.032        -0.020        -0.034         0.072
 C11            0.005        -0.017         0.075        -0.016        -0.063
 C12            0.067         0.057         0.012        -0.006         0.012
 C13            0.203         0.390         0.374        -0.046        -0.140
 C14           -0.013        -0.054        -0.087         0.014         0.174
 C15           -0.130        -0.122        -0.096        -0.001         0.058
 C16            0.120         0.094         0.013         0.010        -0.036
 C17            0.189         0.071        -0.001         0.003        -0.023
 C18           -0.045        -0.042        -0.024         0.055        -0.067
 C19            0.005        -0.024        -0.110         0.006         0.080
 C20           -0.014        -0.012         0.102        -0.023        -0.010
 C21           -0.068        -0.040        -0.021        -0.056         0.088
 C22           -0.032        -0.342        -0.489         0.017         0.147
 C23           -0.104        -0.055        -0.018        -0.036         0.046
 C24            0.035         0.148         0.176        -0.033        -0.020


           Correlations
              C6            C7            C8            C9            C10
              ________      ________      ________      ________      ________
 C6             1.000
 C7             0.664         1.000
 C8            -0.293        -0.172         1.000
 C9            -0.120        -0.097        -0.148         1.000
 C10            0.027         0.036        -0.021        -0.019         1.000
 C11            0.228         0.231        -0.003        -0.036         0.007
 C12           -0.012         0.009         0.028        -0.006        -0.009
 C13           -0.192        -0.178         0.041         0.123        -0.003
 C14            0.020         0.077         0.038        -0.104         0.051
 C15            0.033         0.053         0.005        -0.031         0.006
 C16           -0.001         0.002        -0.043         0.026        -0.001
 C17           -0.135        -0.101        -0.004         0.035         0.005
 C18            0.032        -0.007         0.002        -0.012        -0.014
 C19            0.113         0.118        -0.041        -0.050        -0.007
 C20           -0.096        -0.083         0.034         0.046        -0.008
 C21            0.026         0.038        -0.022        -0.003         0.046
 C22            0.155         0.167        -0.025        -0.092         0.034
 C23            0.073         0.106         0.007        -0.010         0.019
 C24           -0.129        -0.104         0.036         0.037         0.013


           Correlations
              C11           C12           C13           C14           C15
              ________      ________      ________      ________      ________
 C11            1.000
 C12            0.020         1.000
 C13            0.101         0.183         1.000
 C14           -0.019         0.016        -0.134         1.000
 C15            0.017        -0.090        -0.137         0.015         1.000
 C16           -0.007         0.093         0.070         0.007        -0.598
 C17           -0.203         0.024         0.063        -0.151        -0.045
 C18           -0.028        -0.008        -0.095        -0.031        -0.009
 C19           -0.016        -0.031        -0.120         0.094         0.036
 C20           -0.008         0.040         0.035         0.005        -0.012
 C21            0.066        -0.002        -0.032         0.191         0.020
 C22           -0.116        -0.101        -0.617         0.155         0.105
 C23            0.169        -0.033        -0.046         0.045         0.199
 C24           -0.012         0.128         0.331         0.328        -0.067


           Correlations
              C16           C17           C18           C19           C20
              ________      ________      ________      ________      ________
 C16            1.000
 C17            0.043         1.000
 C18           -0.016        -0.004         1.000
 C19           -0.030        -0.041        -0.264         1.000
 C20            0.022         0.024         0.206        -0.109         1.000
 C21           -0.022        -0.126        -0.040         0.085        -0.181
 C22           -0.019        -0.009         0.092         0.121        -0.051
 C23           -0.137        -0.088        -0.006         0.021         0.053
 C24            0.027         0.054         0.001        -0.017         0.049


           Correlations
              C21           C22           C23           C24
              ________      ________      ________      ________
 C21            1.000
 C22            0.032         1.000
 C23            0.086         0.008         1.000
 C24            0.029        -0.216        -0.028         1.000


     MAXIMUM LOG-LIKELIHOOD VALUE FOR THE UNRESTRICTED (H1) MODEL IS -85709.250


UNIVARIATE SAMPLE STATISTICS


     UNIVARIATE HIGHER-ORDER MOMENT DESCRIPTIVE STATISTICS

         Variable/         Mean/     Skewness/   Minimum/ % with                Percentiles
        Sample Size      Variance    Kurtosis    Maximum  Min/Max      20%/60%    40%/80%    Median

     X1                    0.000      -0.569      -4.383    0.46%      -0.859     -0.154     -0.154
            3274.000       1.000       0.684       1.256   26.79%      -0.154      1.256
     X2                    0.206      -0.630      -4.383    0.07%      -0.154     -0.154     -0.154
            3003.000       0.974      -0.076       1.256   36.10%       0.551      1.256
     X3                    0.190      -0.562      -2.973    0.58%      -0.154     -0.154     -0.154
            2248.000       0.816      -0.020       1.256   28.74%       0.551      1.256
     X4                    0.329      -0.829      -3.678    0.09%      -0.154     -0.154      0.551
            1097.000       0.951      -0.020       1.256   40.02%       1.021      1.256
     X5                    0.311      -0.863      -3.678    0.11%      -0.154     -0.154      0.551
             895.000       0.886       0.332       1.256   35.53%       0.786      1.256
     Y1                    0.000       0.890      -1.309    9.13%      -0.839     -0.370     -0.135
            3274.000       1.000       0.608       4.326    0.06%       0.100      0.804
     Y2                    0.018       0.922      -1.309   10.75%      -0.839     -0.370     -0.135
            3005.000       1.155       0.477       3.856    0.13%       0.100      0.804
     Y3                    0.047       0.953      -1.309    9.30%      -0.839     -0.370     -0.135
            2377.000       1.144       0.604       4.326    0.17%       0.100      0.804
     Y4                   -0.057       0.924      -1.309   12.31%      -1.074     -0.605     -0.135
            1194.000       1.068       0.559       4.091    0.08%       0.100      0.804
     Y5                    0.045       0.892      -1.309   11.25%      -0.839     -0.370     -0.135
             889.000       1.171       0.435       4.091    0.11%       0.100      0.804
     C1                    0.496       0.016       0.000   50.40%       0.000      0.000      0.000
            3274.000       0.250      -2.000       1.000   49.60%       1.000      1.000
     C2                    0.195       1.536       0.000   80.45%       0.000      0.000      0.000
            3274.000       0.157       0.359       1.000   19.55%       0.000      0.000
     C3                    0.436       0.260       0.000   56.44%       0.000      0.000      0.000
            3274.000       0.246      -1.932       1.000   43.56%       1.000      1.000
     C4                    0.308       0.831       0.000   69.18%       0.000      0.000      0.000
            3274.000       0.213      -1.310       1.000   30.82%       0.000      1.000
     C5                    0.242       1.203       0.000   75.78%       0.000      0.000      0.000
            3274.000       0.184      -0.552       1.000   24.22%       0.000      1.000
     C6                    3.159       1.014       2.000   35.89%       2.000      3.000      3.000
            3274.000       1.375       0.837       9.000    0.06%       3.000      4.000
     C7                    7.145       1.326       0.000    1.56%       3.000      5.000      6.000
            3274.000      22.415       3.635      46.000    0.03%       7.000     11.000
     C8                    0.202       1.485       0.000   79.81%       0.000      0.000      0.000
            3274.000       0.161       0.206       1.000   20.19%       0.000      1.000
     C9                    0.079       3.111       0.000   92.06%       0.000      0.000      0.000
            3274.000       0.073       7.679       1.000    7.94%       0.000      0.000
     C10                   0.004      15.194       0.000   99.57%       0.000      0.000      0.000
            3274.000       0.004     228.861       1.000    0.43%       0.000      0.000
     C11                   0.108       2.534       0.000   89.25%       0.000      0.000      0.000
            3274.000       0.096       4.422       1.000   10.75%       0.000      0.000
     C12                   2.216       0.449       1.000   30.88%       1.000      2.000      2.000
            3274.000       1.057      -0.367       5.000    2.60%       3.000      3.000
     C13                   0.688       2.919       0.000   64.78%       0.000      0.000      0.000
            3274.000       1.542      19.930      18.864    0.03%       0.000      1.680
     C14                   0.539      -0.156       0.000   46.12%       0.000      0.000      1.000
            3274.000       0.248      -1.976       1.000   53.88%       1.000      1.000
     C15                   0.318       0.782       0.000   68.20%       0.000      0.000      0.000
            3274.000       0.217      -1.389       1.000   31.80%       0.000      1.000
     C16                   0.434       0.267       0.000   56.63%       0.000      0.000      0.000
            3274.000       0.246      -1.928       1.000   43.37%       1.000      1.000
     C17                   0.829      -1.744       0.000   17.14%       1.000      1.000      1.000
            3274.000       0.142       1.043       1.000   82.86%       1.000      1.000
     C18                   0.233       1.263       0.000   76.70%       0.000      0.000      0.000
            3274.000       0.179      -0.405       1.000   23.30%       0.000      1.000
     C19                   0.186       1.614       0.000   81.40%       0.000      0.000      0.000
            3274.000       0.151       0.605       1.000   18.60%       0.000      0.000
     C20                   0.109       2.509       0.000   89.10%       0.000      0.000      0.000
            3274.000       0.097       4.293       1.000   10.90%       0.000      0.000
     C21                   0.212       1.412       0.000   78.83%       0.000      0.000      0.000
            3274.000       0.167      -0.007       1.000   21.17%       0.000      1.000
     C22                   0.684      -0.791       0.000   31.61%       0.000      1.000      1.000
            3274.000       0.216      -1.374       1.000   68.39%       1.000      1.000
     C23                   0.291       4.402       0.000   86.65%       0.000      0.000      0.000
            3274.000       0.925      21.458       7.000    0.40%       0.000      0.000
     C24                   3.702       3.565       0.001    0.09%       0.533      1.862      2.539
            3274.000      17.786      25.123      59.912    0.03%       3.600      5.919


     VIF (VARIANCE INFLATION FACTOR) FOR EXPLORING MULTICOLLINEARITY OF INDEPENDENT VARIABLES

     Variable        VIF       Variable        VIF       Variable        VIF

     C1             1.155      C2             1.251      C3             1.412
     C4             1.241      C5             1.297      C6             2.040
     C7             1.878      C8             1.159      C9             1.083
     C10            1.013      C11            1.202      C12            1.059
     C13            2.058      C14            1.372      C15            1.634
     C16            1.585      C17            1.141      C18            1.161
     C19            1.137      C20            1.118      C21            1.112
     C22            1.942      C23            1.099      C24            1.387


THE MODEL ESTIMATION TERMINATED NORMALLY

     WARNING:  THE LATENT VARIABLE COVARIANCE MATRIX (PSI) IS NOT POSITIVE
     DEFINITE.  THIS COULD INDICATE A NEGATIVE VARIANCE/RESIDUAL VARIANCE
     FOR A LATENT VARIABLE, A CORRELATION GREATER OR EQUAL TO ONE BY ABSOLUTE VALUE
     BETWEEN TWO LATENT VARIABLES, A LINEAR DEPENDENCY AMONG MORE THAN TWO LATENT
     VARIABLES, OR PARTIAL CORRELATIONS GREATER THAN ONE BY ABSOLUTE VALUE.
     CHECK THE TECH4 OUTPUT FOR MORE INFORMATION.

     THE WARNING IS DUE TO A NEGATIVE VARIANCE/RESIDUAL VARIANCE.
     VARIABLE SY HAS A NEGATIVE RESIDUAL VARIANCE.



MODEL FIT INFORMATION

Number of Free Parameters                      120

Loglikelihood

          H0 Value                      -27817.708
          H0 Scaling Correction Factor      1.1403
            for MLR
          H1 Value                      -27646.607
          H1 Scaling Correction Factor      1.0999
            for MLR

Information Criteria

          Akaike (AIC)                   55875.416
          Bayesian (BIC)                 56606.668
          Sample-Size Adjusted BIC       56225.375
            (n* = (n + 2) / 24)

Chi-Square Test of Model Fit

          Value                            318.726*
          Degrees of Freedom                   185
          P-Value                           0.0000
          Scaling Correction Factor         1.0737
            for MLR

*   The chi-square value for MLM, MLMV, MLR, ULSMV, WLSM and WLSMV cannot be used
    for chi-square difference testing in the regular way.  MLM, MLR and WLSM
    chi-square difference testing is described on the Mplus website.  MLMV, WLSMV,
    and ULSMV difference testing is done using the DIFFTEST option.

RMSEA (Root Mean Square Error Of Approximation)

          Estimate                           0.015
          90 Percent C.I.                    0.012  0.018
          Probability RMSEA <= .05           1.000

CFI/TLI

          CFI                                0.971
          TLI                                0.955

Chi-Square Test of Model Fit for the Baseline Model

          Value                           4867.982
          Degrees of Freedom                   285
          P-Value                           0.0000

SRMR (Standardized Root Mean Square Residual)

          Value                              0.024



MODEL RESULTS

                                                    Two-Tailed
                    Estimate       S.E.  Est./S.E.    P-Value

 IX       |
    X1                 1.000      0.000    999.000    999.000
    X2                 1.000      0.000    999.000    999.000
    X3                 1.000      0.000    999.000    999.000
    X4                 1.000      0.000    999.000    999.000
    X5                 1.000      0.000    999.000    999.000

 SX       |
    X1                 0.000      0.000    999.000    999.000
    X2                 0.400      0.000    999.000    999.000
    X3                 0.600      0.000    999.000    999.000
    X4                 0.800      0.000    999.000    999.000
    X5                 1.000      0.000    999.000    999.000

 IY       |
    Y1                 1.000      0.000    999.000    999.000
    Y2                 1.000      0.000    999.000    999.000
    Y3                 1.000      0.000    999.000    999.000
    Y4                 1.000      0.000    999.000    999.000
    Y5                 1.000      0.000    999.000    999.000

 SY       |
    Y1                 0.000      0.000    999.000    999.000
    Y2                 0.400      0.000    999.000    999.000
    Y3                 0.600      0.000    999.000    999.000
    Y4                 0.800      0.000    999.000    999.000
    Y5                 1.000      0.000    999.000    999.000

 IY       ON
    IX                -0.467      0.085     -5.462      0.000

 SY       ON
    IX                 0.343      0.347      0.988      0.323
    SX                -0.808      0.571     -1.415      0.157
    IY                 0.593      0.397      1.494      0.135

 IX       ON
    C1                -0.142      0.029     -4.843      0.000
    C2                 0.095      0.044      2.189      0.029
    C3                -0.008      0.043     -0.182      0.856
    C4                -0.012      0.041     -0.305      0.760
    C5                -0.087      0.049     -1.758      0.079
    C6                 0.013      0.021      0.635      0.526
    C7                -0.002      0.005     -0.468      0.639
    C8                -0.231      0.051     -4.543      0.000
    C9                 0.101      0.067      1.510      0.131
    C10               -0.120      0.170     -0.708      0.479
    C11               -0.090      0.057     -1.577      0.115
    C12                0.019      0.016      1.179      0.238
    C13                0.045      0.020      2.228      0.026
    C14                0.017      0.041      0.408      0.683
    C15               -0.044      0.044     -0.996      0.319
    C16                0.175      0.041      4.235      0.000
    C17                0.103      0.048      2.155      0.031
    C18                0.234      0.042      5.552      0.000
    C19               -0.009      0.043     -0.222      0.824
    C20                0.266      0.057      4.662      0.000
    C21                0.148      0.040      3.661      0.000
    C22               -0.088      0.053     -1.671      0.095
    C23                0.019      0.017      1.091      0.275
    C24                0.000      0.005      0.013      0.990

 SX       ON
    C1                 0.037      0.051      0.722      0.470
    C2                -0.037      0.067     -0.552      0.581
    C3                 0.007      0.069      0.104      0.917
    C4                 0.086      0.066      1.301      0.193
    C5                 0.002      0.078      0.020      0.984
    C6                -0.049      0.035     -1.388      0.165
    C7                 0.003      0.008      0.409      0.682
    C8                 0.039      0.082      0.481      0.631
    C9                 0.025      0.111      0.226      0.821
    C10               -0.057      0.390     -0.146      0.884
    C11                0.053      0.112      0.476      0.634
    C12                0.014      0.027      0.528      0.598
    C13               -0.042      0.028     -1.509      0.131
    C14               -0.058      0.065     -0.893      0.372
    C15                0.030      0.074      0.410      0.682
    C16               -0.100      0.067     -1.492      0.136
    C17                0.080      0.086      0.927      0.354
    C18               -0.145      0.069     -2.111      0.035
    C19               -0.018      0.074     -0.246      0.805
    C20               -0.115      0.087     -1.329      0.184
    C21               -0.063      0.068     -0.917      0.359
    C22                0.127      0.079      1.599      0.110
    C23               -0.067      0.035     -1.926      0.054
    C24                0.006      0.007      0.854      0.393

 IY       ON
    C1                -0.237      0.033     -7.273      0.000
    C2                -0.052      0.039     -1.331      0.183
    C3                -0.166      0.040     -4.107      0.000
    C4                -0.052      0.040     -1.320      0.187
    C5                 0.227      0.048      4.724      0.000
    C6                 0.000      0.020     -0.007      0.995
    C7                 0.007      0.005      1.464      0.143
    C8                -0.065      0.050     -1.297      0.195
    C9                 0.112      0.066      1.702      0.089
    C10               -0.008      0.209     -0.038      0.970
    C11               -0.141      0.057     -2.464      0.014
    C12               -0.050      0.016     -3.042      0.002
    C13               -0.004      0.016     -0.230      0.818
    C14                0.097      0.038      2.536      0.011
    C15                0.482      0.044     10.925      0.000
    C16               -0.075      0.040     -1.860      0.063
    C17               -0.203      0.050     -4.100      0.000
    C18                0.058      0.045      1.297      0.195
    C19                0.064      0.044      1.432      0.152
    C20                0.117      0.059      1.989      0.047
    C21                0.048      0.043      1.122      0.262
    C22               -0.026      0.048     -0.545      0.586
    C23                0.129      0.022      5.899      0.000
    C24               -0.012      0.004     -2.843      0.004

 SY       ON
    C1                 0.124      0.145      0.852      0.394
    C2                -0.013      0.100     -0.125      0.900
    C3                 0.114      0.123      0.925      0.355
    C4                 0.230      0.115      1.994      0.046
    C5                -0.222      0.137     -1.622      0.105
    C6                 0.016      0.061      0.270      0.787
    C7                -0.015      0.012     -1.241      0.215
    C8                 0.108      0.143      0.753      0.452
    C9                -0.170      0.164     -1.034      0.301
    C10                0.245      0.483      0.508      0.611
    C11                0.339      0.182      1.858      0.063
    C12                0.059      0.047      1.249      0.212
    C13               -0.004      0.050     -0.085      0.932
    C14               -0.238      0.118     -2.015      0.044
    C15               -0.513      0.204     -2.510      0.012
    C16               -0.067      0.120     -0.560      0.576
    C17                0.341      0.152      2.238      0.025
    C18               -0.084      0.168     -0.502      0.616
    C19                0.050      0.113      0.440      0.660
    C20               -0.250      0.193     -1.295      0.195
    C21               -0.048      0.122     -0.397      0.691
    C22                0.235      0.153      1.532      0.125
    C23               -0.196      0.095     -2.070      0.038
    C24                0.014      0.012      1.176      0.240

 IX       WITH
    SX                -0.009      0.050     -0.190      0.849

 SX       WITH
    IY                 0.002      0.032      0.078      0.937

 Intercepts
    X1                 0.000      0.000    999.000    999.000
    X2                 0.000      0.000    999.000    999.000
    X3                 0.000      0.000    999.000    999.000
    X4                 0.000      0.000    999.000    999.000
    X5                 0.000      0.000    999.000    999.000
    Y1                 0.000      0.000    999.000    999.000
    Y2                 0.000      0.000    999.000    999.000
    Y3                 0.000      0.000    999.000    999.000
    Y4                 0.000      0.000    999.000    999.000
    Y5                 0.000      0.000    999.000    999.000
    IX                -0.153      0.108     -1.416      0.157
    SX                 0.306      0.167      1.830      0.067
    IY                 0.220      0.101      2.171      0.030
    SY                 0.029      0.294      0.097      0.923

 Residual Variances
    X1                 0.700      0.045     15.516      0.000
    X2                 0.679      0.021     31.860      0.000
    X3                 0.536      0.022     24.220      0.000
    X4                 0.553      0.035     15.583      0.000
    X5                 0.468      0.038     12.164      0.000
    Y1                 0.555      0.034     16.404      0.000
    Y2                 0.633      0.025     25.512      0.000
    Y3                 0.575      0.028     20.543      0.000
    Y4                 0.580      0.039     15.000      0.000
    Y5                 0.614      0.058     10.569      0.000
    IX                 0.231      0.034      6.831      0.000
    SX                 0.160      0.085      1.876      0.061
    IY                 0.184      0.032      5.724      0.000
    SY                -0.083      0.178     -0.464      0.643


QUALITY OF NUMERICAL RESULTS

     Condition Number for the Information Matrix              0.146E-05
       (ratio of smallest to largest eigenvalue)


CONFIDENCE INTERVALS OF MODEL RESULTS

                  Lower .5%  Lower 2.5%    Lower 5%    Estimate    Upper 5%  Upper 2.5%   Upper .5%

 IX       |
    X1               1.000       1.000       1.000       1.000       1.000       1.000       1.000
    X2               1.000       1.000       1.000       1.000       1.000       1.000       1.000
    X3               1.000       1.000       1.000       1.000       1.000       1.000       1.000
    X4               1.000       1.000       1.000       1.000       1.000       1.000       1.000
    X5               1.000       1.000       1.000       1.000       1.000       1.000       1.000

 SX       |
    X1               0.000       0.000       0.000       0.000       0.000       0.000       0.000
    X2               0.400       0.400       0.400       0.400       0.400       0.400       0.400
    X3               0.600       0.600       0.600       0.600       0.600       0.600       0.600
    X4               0.800       0.800       0.800       0.800       0.800       0.800       0.800
    X5               1.000       1.000       1.000       1.000       1.000       1.000       1.000

 IY       |
    Y1               1.000       1.000       1.000       1.000       1.000       1.000       1.000
    Y2               1.000       1.000       1.000       1.000       1.000       1.000       1.000
    Y3               1.000       1.000       1.000       1.000       1.000       1.000       1.000
    Y4               1.000       1.000       1.000       1.000       1.000       1.000       1.000
    Y5               1.000       1.000       1.000       1.000       1.000       1.000       1.000

 SY       |
    Y1               0.000       0.000       0.000       0.000       0.000       0.000       0.000
    Y2               0.400       0.400       0.400       0.400       0.400       0.400       0.400
    Y3               0.600       0.600       0.600       0.600       0.600       0.600       0.600
    Y4               0.800       0.800       0.800       0.800       0.800       0.800       0.800
    Y5               1.000       1.000       1.000       1.000       1.000       1.000       1.000

 IY       ON
    IX              -0.687      -0.635      -0.608      -0.467      -0.326      -0.299      -0.247

 SY       ON
    IX              -0.551      -0.337      -0.228       0.343       0.914       1.023       1.237
    SX              -2.278      -1.926      -1.747      -0.808       0.131       0.311       0.662
    IY              -0.430      -0.185      -0.060       0.593       1.247       1.372       1.616

 IX       ON
    C1              -0.218      -0.200      -0.191      -0.142      -0.094      -0.085      -0.067
    C2              -0.017       0.010       0.024       0.095       0.167       0.181       0.207
    C3              -0.119      -0.092      -0.079      -0.008       0.063       0.076       0.103
    C4              -0.118      -0.093      -0.080      -0.012       0.055       0.068       0.093
    C5              -0.213      -0.183      -0.168      -0.087      -0.006       0.010       0.040
    C6              -0.040      -0.027      -0.021       0.013       0.047       0.053       0.066
    C7              -0.015      -0.012      -0.011      -0.002       0.006       0.008       0.011
    C8              -0.362      -0.331      -0.315      -0.231      -0.148      -0.132      -0.100
    C9              -0.071      -0.030      -0.009       0.101       0.211       0.232       0.273
    C10             -0.559      -0.454      -0.400      -0.120       0.159       0.213       0.318
    C11             -0.237      -0.202      -0.184      -0.090       0.004       0.022       0.057
    C12             -0.023      -0.013      -0.008       0.019       0.046       0.051       0.061
    C13             -0.007       0.005       0.012       0.045       0.079       0.085       0.098
    C14             -0.089      -0.064      -0.051       0.017       0.084       0.097       0.123
    C15             -0.156      -0.129      -0.116      -0.044       0.028       0.042       0.069
    C16              0.068       0.094       0.107       0.175       0.243       0.256       0.281
    C17             -0.020       0.009       0.024       0.103       0.182       0.197       0.227
    C18              0.125       0.151       0.164       0.234       0.303       0.316       0.342
    C19             -0.119      -0.093      -0.080      -0.009       0.061       0.074       0.100
    C20              0.119       0.154       0.172       0.266       0.359       0.377       0.412
    C21              0.044       0.069       0.081       0.148       0.214       0.227       0.252
    C22             -0.225      -0.192      -0.175      -0.088      -0.001       0.015       0.048
    C23             -0.026      -0.015      -0.010       0.019       0.048       0.053       0.064
    C24             -0.012      -0.009      -0.007       0.000       0.008       0.009       0.012

 SX       ON
    C1              -0.095      -0.063      -0.047       0.037       0.121       0.137       0.169
    C2              -0.211      -0.169      -0.148      -0.037       0.074       0.095       0.136
    C3              -0.171      -0.129      -0.107       0.007       0.121       0.143       0.186
    C4              -0.085      -0.044      -0.023       0.086       0.196       0.217       0.257
    C5              -0.199      -0.151      -0.126       0.002       0.129       0.154       0.202
    C6              -0.140      -0.118      -0.107      -0.049       0.009       0.020       0.042
    C7              -0.018      -0.013      -0.010       0.003       0.017       0.020       0.025
    C8              -0.171      -0.121      -0.095       0.039       0.174       0.199       0.250
    C9              -0.260      -0.192      -0.157       0.025       0.207       0.242       0.310
    C10             -1.061      -0.821      -0.698      -0.057       0.584       0.707       0.947
    C11             -0.235      -0.166      -0.131       0.053       0.237       0.272       0.341
    C12             -0.056      -0.039      -0.030       0.014       0.059       0.068       0.085
    C13             -0.115      -0.098      -0.089      -0.042       0.004       0.013       0.030
    C14             -0.225      -0.185      -0.165      -0.058       0.049       0.069       0.109
    C15             -0.160      -0.115      -0.091       0.030       0.152       0.175       0.221
    C16             -0.273      -0.231      -0.210      -0.100       0.010       0.031       0.073
    C17             -0.142      -0.089      -0.062       0.080       0.221       0.248       0.301
    C18             -0.322      -0.280      -0.258      -0.145      -0.032      -0.010       0.032
    C19             -0.208      -0.162      -0.139      -0.018       0.103       0.126       0.172
    C20             -0.339      -0.285      -0.258      -0.115       0.027       0.055       0.108
    C21             -0.239      -0.197      -0.175      -0.063       0.050       0.071       0.113
    C22             -0.078      -0.029      -0.004       0.127       0.257       0.282       0.331
    C23             -0.157      -0.135      -0.124      -0.067      -0.010       0.001       0.023
    C24             -0.012      -0.008      -0.006       0.006       0.018       0.020       0.025

 IY       ON
    C1              -0.321      -0.301      -0.291      -0.237      -0.183      -0.173      -0.153
    C2              -0.154      -0.129      -0.117      -0.052       0.012       0.025       0.049
    C3              -0.269      -0.245      -0.232      -0.166      -0.099      -0.087      -0.062
    C4              -0.154      -0.130      -0.117      -0.052       0.013       0.025       0.050
    C5               0.103       0.133       0.148       0.227       0.306       0.321       0.351
    C6              -0.052      -0.040      -0.033       0.000       0.033       0.039       0.052
    C7              -0.006      -0.002      -0.001       0.007       0.016       0.017       0.020
    C8              -0.195      -0.164      -0.148      -0.065       0.018       0.033       0.064
    C9              -0.057      -0.017       0.004       0.112       0.219       0.240       0.280
    C10             -0.547      -0.418      -0.352      -0.008       0.336       0.402       0.531
    C11             -0.288      -0.253      -0.235      -0.141      -0.047      -0.029       0.006
    C12             -0.092      -0.082      -0.077      -0.050      -0.023      -0.018      -0.008
    C13             -0.044      -0.034      -0.029      -0.004       0.022       0.027       0.036
    C14             -0.002       0.022       0.034       0.097       0.160       0.172       0.195
    C15              0.369       0.396       0.410       0.482       0.555       0.569       0.596
    C16             -0.178      -0.153      -0.141      -0.075      -0.009       0.004       0.029
    C17             -0.331      -0.301      -0.285      -0.203      -0.122      -0.106      -0.076
    C18             -0.057      -0.030      -0.016       0.058       0.132       0.146       0.173
    C19             -0.051      -0.023      -0.009       0.064       0.137       0.151       0.178
    C20             -0.035       0.002       0.020       0.117       0.214       0.233       0.269
    C21             -0.062      -0.036      -0.022       0.048       0.119       0.132       0.159
    C22             -0.151      -0.121      -0.106      -0.026       0.053       0.068       0.098
    C23              0.073       0.086       0.093       0.129       0.165       0.172       0.185
    C24             -0.022      -0.020      -0.018      -0.012      -0.005      -0.004      -0.001

 SY       ON
    C1              -0.250      -0.161      -0.115       0.124       0.362       0.408       0.497
    C2              -0.271      -0.209      -0.178      -0.013       0.153       0.184       0.246
    C3              -0.204      -0.128      -0.089       0.114       0.317       0.356       0.432
    C4              -0.067       0.004       0.040       0.230       0.420       0.456       0.527
    C5              -0.575      -0.491      -0.448      -0.222       0.003       0.046       0.131
    C6              -0.141      -0.103      -0.084       0.016       0.117       0.136       0.173
    C7              -0.047      -0.040      -0.036      -0.015       0.005       0.009       0.017
    C8              -0.261      -0.173      -0.128       0.108       0.344       0.389       0.477
    C9              -0.594      -0.492      -0.441      -0.170       0.100       0.152       0.254
    C10             -0.998      -0.701      -0.549       0.245       1.039       1.191       1.489
    C11             -0.131      -0.019       0.039       0.339       0.639       0.697       0.809
    C12             -0.062      -0.033      -0.019       0.059       0.136       0.151       0.180
    C13             -0.132      -0.102      -0.086      -0.004       0.077       0.093       0.124
    C14             -0.543      -0.470      -0.433      -0.238      -0.044      -0.007       0.066
    C15             -1.040      -0.914      -0.849      -0.513      -0.177      -0.113       0.013
    C16             -0.376      -0.302      -0.264      -0.067       0.130       0.168       0.242
    C17             -0.051       0.042       0.090       0.341       0.592       0.640       0.734
    C18             -0.517      -0.413      -0.360      -0.084       0.192       0.245       0.348
    C19             -0.242      -0.172      -0.137       0.050       0.236       0.272       0.342
    C20             -0.747      -0.628      -0.567      -0.250       0.068       0.128       0.247
    C21             -0.363      -0.288      -0.249      -0.048       0.152       0.191       0.266
    C22             -0.160      -0.066      -0.017       0.235       0.487       0.536       0.630
    C23             -0.439      -0.381      -0.351      -0.196      -0.040      -0.010       0.048
    C24             -0.016      -0.009      -0.006       0.014       0.033       0.037       0.044

 IX       WITH
    SX              -0.137      -0.107      -0.091      -0.009       0.072       0.088       0.119

 SX       WITH
    IY              -0.079      -0.060      -0.050       0.002       0.055       0.065       0.084

 Intercepts
    X1               0.000       0.000       0.000       0.000       0.000       0.000       0.000
    X2               0.000       0.000       0.000       0.000       0.000       0.000       0.000
    X3               0.000       0.000       0.000       0.000       0.000       0.000       0.000
    X4               0.000       0.000       0.000       0.000       0.000       0.000       0.000
    X5               0.000       0.000       0.000       0.000       0.000       0.000       0.000
    Y1               0.000       0.000       0.000       0.000       0.000       0.000       0.000
    Y2               0.000       0.000       0.000       0.000       0.000       0.000       0.000
    Y3               0.000       0.000       0.000       0.000       0.000       0.000       0.000
    Y4               0.000       0.000       0.000       0.000       0.000       0.000       0.000
    Y5               0.000       0.000       0.000       0.000       0.000       0.000       0.000
    IX              -0.430      -0.364      -0.330      -0.153       0.025       0.059       0.125
    SX              -0.125      -0.022       0.031       0.306       0.580       0.633       0.736
    IY              -0.041       0.021       0.053       0.220       0.386       0.418       0.481
    SY              -0.730      -0.548      -0.456       0.029       0.513       0.606       0.787

 Residual Variances
    X1               0.583       0.611       0.625       0.700       0.774       0.788       0.816
    X2               0.624       0.637       0.644       0.679       0.714       0.721       0.734
    X3               0.479       0.492       0.499       0.536       0.572       0.579       0.592
    X4               0.462       0.484       0.495       0.553       0.611       0.623       0.644
    X5               0.369       0.393       0.405       0.468       0.531       0.543       0.567
    Y1               0.468       0.488       0.499       0.555       0.610       0.621       0.642
    Y2               0.569       0.584       0.592       0.633       0.674       0.682       0.697
    Y3               0.503       0.520       0.529       0.575       0.621       0.629       0.647
    Y4               0.481       0.504       0.517       0.580       0.644       0.656       0.680
    Y5               0.465       0.500       0.519       0.614       0.710       0.728       0.764
    IX               0.144       0.165       0.176       0.231       0.287       0.298       0.319
    SX              -0.060      -0.007       0.020       0.160       0.301       0.327       0.380
    IY               0.101       0.121       0.131       0.184       0.237       0.247       0.267
    SY              -0.541      -0.431      -0.375      -0.083       0.210       0.266       0.376


RESIDUAL OUTPUT


     ESTIMATED MODEL AND RESIDUALS (OBSERVED - ESTIMATED)


           Model Estimated Means
              X1            X2            X3            X4            X5
              ________      ________      ________      ________      ________
                0.031         0.136         0.189         0.241         0.294


           Model Estimated Means
              Y1            Y2            Y3            Y4            Y5
              ________      ________      ________      ________      ________
               -0.006         0.047         0.074         0.100         0.127


           Model Estimated Means
              C1            C2            C3            C4            C5
              ________      ________      ________      ________      ________
                0.496         0.195         0.436         0.308         0.242


           Model Estimated Means
              C6            C7            C8            C9            C10
              ________      ________      ________      ________      ________
                3.159         7.145         0.202         0.079         0.004


           Model Estimated Means
              C11           C12           C13           C14           C15
              ________      ________      ________      ________      ________
                0.108         2.216         0.688         0.539         0.318


           Model Estimated Means
              C16           C17           C18           C19           C20
              ________      ________      ________      ________      ________
                0.434         0.829         0.233         0.186         0.109


           Model Estimated Means
              C21           C22           C23           C24
              ________      ________      ________      ________
                0.212         0.684         0.291         3.702


           Residuals for Means
              X1            X2            X3            X4            X5
              ________      ________      ________      ________      ________
               -0.031         0.067        -0.023         0.006        -0.054


           Residuals for Means
              Y1            Y2            Y3            Y4            Y5
              ________      ________      ________      ________      ________
                0.006        -0.020         0.032        -0.066         0.048


           Residuals for Means
              C1            C2            C3            C4            C5
              ________      ________      ________      ________      ________
                0.000         0.000         0.000         0.000         0.000


           Residuals for Means
              C6            C7            C8            C9            C10
              ________      ________      ________      ________      ________
                0.000         0.000         0.000         0.000         0.000


           Residuals for Means
              C11           C12           C13           C14           C15
              ________      ________      ________      ________      ________
                0.000         0.000         0.000         0.000         0.000


           Residuals for Means
              C16           C17           C18           C19           C20
              ________      ________      ________      ________      ________
                0.000         0.000         0.000         0.000         0.000


           Residuals for Means
              C21           C22           C23           C24
              ________      ________      ________      ________
                0.000         0.000         0.000         0.000


           Standardized Residuals (z-scores) for Means
              X1            X2            X3            X4            X5
              ________      ________      ________      ________      ________
               -3.769         4.823        -1.616         0.233        -2.062


           Standardized Residuals (z-scores) for Means
              Y1            Y2            Y3            Y4            Y5
              ________      ________      ________      ________      ________
                1.153        -1.491         2.092        -2.605         1.436


           Standardized Residuals (z-scores) for Means
              C1            C2            C3            C4            C5
              ________      ________      ________      ________      ________
                0.000         0.000         0.000         0.000         0.000


           Standardized Residuals (z-scores) for Means
              C6            C7            C8            C9            C10
              ________      ________      ________      ________      ________
                0.000         0.000         0.000         0.000         0.000


           Standardized Residuals (z-scores) for Means
              C11           C12           C13           C14           C15
              ________      ________      ________      ________      ________
                0.000         0.000         0.000         0.000         0.000


           Standardized Residuals (z-scores) for Means
              C16           C17           C18           C19           C20
              ________      ________      ________      ________      ________
                0.000         0.000         0.000         0.000         0.000


           Standardized Residuals (z-scores) for Means
              C21           C22           C23           C24
              ________      ________      ________      ________
                0.000         0.000         0.000         0.000


           Normalized Residuals for Means
              X1            X2            X3            X4            X5
              ________      ________      ________      ________      ________
               -1.569         3.358        -1.107         0.193        -1.565


           Normalized Residuals for Means
              Y1            Y2            Y3            Y4            Y5
              ________      ________      ________      ________      ________
                0.324        -0.970         1.366        -2.023         1.160


           Normalized Residuals for Means
              C1            C2            C3            C4            C5
              ________      ________      ________      ________      ________
                0.000         0.000         0.000         0.000         0.000


           Normalized Residuals for Means
              C6            C7            C8            C9            C10
              ________      ________      ________      ________      ________
                0.000         0.000         0.000         0.000         0.000


           Normalized Residuals for Means
              C11           C12           C13           C14           C15
              ________      ________      ________      ________      ________
                0.000         0.000         0.000         0.000         0.000


           Normalized Residuals for Means
              C16           C17           C18           C19           C20
              ________      ________      ________      ________      ________
                0.000         0.000         0.000         0.000         0.000


           Normalized Residuals for Means
              C21           C22           C23           C24
              ________      ________      ________      ________
                0.000         0.000         0.000         0.000


           Model Estimated Covariances
              X1            X2            X3            X4            X5
              ________      ________      ________      ________      ________
 X1             0.993
 X2             0.279         0.973
 X3             0.272         0.302         0.852
 X4             0.264         0.309         0.332         0.908
 X5             0.257         0.317         0.347         0.377         0.875
 Y1            -0.164        -0.158        -0.155        -0.152        -0.150
 Y2            -0.149        -0.164        -0.171        -0.178        -0.185
 Y3            -0.142        -0.166        -0.179        -0.191        -0.203
 Y4            -0.135        -0.169        -0.186        -0.204        -0.221
 Y5            -0.127        -0.172        -0.194        -0.216        -0.239
 C1            -0.021        -0.017        -0.015        -0.014        -0.012
 C2             0.029         0.023         0.021         0.018         0.015
 C3             0.031         0.023         0.020         0.016         0.013
 C4             0.006         0.012         0.015         0.018         0.022
 C5            -0.026        -0.027        -0.027        -0.028        -0.028
 C6            -0.004        -0.021        -0.029        -0.037        -0.046
 C7            -0.107        -0.128        -0.139        -0.149        -0.160
 C8            -0.039        -0.035        -0.033        -0.031        -0.029
 C9             0.016         0.016         0.016         0.016         0.016
 C10           -0.001        -0.001        -0.001        -0.001        -0.001
 C11           -0.007        -0.009        -0.010        -0.012        -0.013
 C12            0.042         0.042         0.042         0.042         0.042
 C13            0.108         0.078         0.064         0.049         0.034
 C14           -0.008        -0.011        -0.012        -0.014        -0.015
 C15           -0.039        -0.032        -0.028        -0.025        -0.021
 C16            0.052         0.042         0.037         0.032         0.027
 C17            0.013         0.020         0.023         0.026         0.030
 C18            0.046         0.037         0.032         0.027         0.023
 C19           -0.020        -0.017        -0.016        -0.015        -0.014
 C20            0.031         0.025         0.023         0.020         0.017
 C21            0.014         0.009         0.007         0.004         0.002
 C22           -0.040        -0.027        -0.020        -0.013        -0.007
 C23            0.003        -0.022        -0.034        -0.046        -0.058
 C24            0.189         0.173         0.165         0.158         0.150


           Model Estimated Covariances
              Y1            Y2            Y3            Y4            Y5
              ________      ________      ________      ________      ________
 Y1             1.015
 Y2             0.470         1.134
 Y3             0.475         0.516         1.111
 Y4             0.479         0.531         0.558         1.164
 Y5             0.484         0.547         0.578         0.610         1.256
 C1            -0.085        -0.083        -0.082        -0.081        -0.081
 C2            -0.064        -0.061        -0.060        -0.059        -0.058
 C3            -0.079        -0.078        -0.077        -0.076        -0.075
 C4            -0.028        -0.014        -0.007         0.001         0.008
 C5             0.077         0.062         0.055         0.048         0.040
 C6             0.095         0.112         0.120         0.128         0.136
 C7             0.522         0.486         0.469         0.451         0.433
 C8             0.007         0.006         0.006         0.006         0.005
 C9            -0.007        -0.011        -0.012        -0.014        -0.016
 C10            0.001         0.002         0.002         0.002         0.002
 C11            0.000         0.006         0.008         0.011         0.013
 C12           -0.118        -0.106        -0.099        -0.093        -0.087
 C13           -0.250        -0.233        -0.224        -0.216        -0.207
 C14            0.044         0.029         0.022         0.014         0.007
 C15            0.165         0.141         0.129         0.117         0.106
 C16           -0.132        -0.118        -0.111        -0.104        -0.097
 C17           -0.056        -0.047        -0.043        -0.038        -0.034
 C18           -0.012        -0.007        -0.004        -0.001         0.001
 C19            0.032         0.034         0.036         0.037         0.038
 C20           -0.007        -0.010        -0.012        -0.013        -0.015
 C21            0.021         0.020         0.019         0.019         0.019
 C22            0.073         0.073         0.073         0.073         0.073
 C23            0.197         0.164         0.148         0.132         0.115
 C24           -0.450        -0.455        -0.457        -0.459        -0.461


           Model Estimated Covariances
              C1            C2            C3            C4            C5
              ________      ________      ________      ________      ________
 C1             0.250
 C2             0.035         0.157
 C3            -0.009         0.042         0.246
 C4             0.000         0.004        -0.015         0.213
 C5             0.005        -0.018        -0.025        -0.075         0.184
 C6            -0.038        -0.061        -0.108         0.073         0.031
 C7            -0.141        -0.209        -0.469         0.199         0.200
 C8            -0.002        -0.003        -0.002        -0.013         0.004
 C9             0.002         0.006         0.016        -0.009        -0.003
 C10           -0.001        -0.001        -0.001        -0.001         0.002
 C11            0.001        -0.002         0.012        -0.002        -0.008
 C12            0.034         0.023         0.006        -0.003         0.005
 C13            0.126         0.192         0.230        -0.026        -0.075
 C14           -0.003        -0.011        -0.021         0.003         0.037
 C15           -0.030        -0.022        -0.022         0.000         0.012
 C16            0.030         0.018         0.003         0.002        -0.008
 C17            0.036         0.011         0.000         0.001        -0.004
 C18           -0.010        -0.007        -0.005         0.011        -0.012
 C19            0.001        -0.004        -0.021         0.001         0.013
 C20           -0.002        -0.001         0.016        -0.003        -0.001
 C21           -0.014        -0.007        -0.004        -0.011         0.015
 C22           -0.008        -0.063        -0.113         0.004         0.029
 C23           -0.050        -0.021        -0.008        -0.016         0.019
 C24            0.074         0.248         0.367        -0.065        -0.035


           Model Estimated Covariances
              C6            C7            C8            C9            C10
              ________      ________      ________      ________      ________
 C6             1.375
 C7             3.686        22.415
 C8            -0.138        -0.327         0.161
 C9            -0.038        -0.124        -0.016         0.073
 C10            0.002         0.011        -0.001         0.000         0.004
 C11            0.083         0.339         0.000        -0.003         0.000
 C12           -0.014         0.045         0.012        -0.002        -0.001
 C13           -0.280        -1.048         0.021         0.041         0.000
 C14            0.012         0.182         0.008        -0.014         0.002
 C15            0.018         0.118         0.001        -0.004         0.000
 C16            0.000         0.004        -0.008         0.003         0.000
 C17           -0.060        -0.181        -0.001         0.004         0.000
 C18            0.016        -0.013         0.000        -0.001         0.000
 C19            0.052         0.218        -0.006        -0.005         0.000
 C20           -0.035        -0.122         0.004         0.004         0.000
 C21            0.013         0.074        -0.004         0.000         0.001
 C22            0.085         0.367        -0.005        -0.012         0.001
 C23            0.082         0.483         0.003        -0.003         0.001
 C24           -0.636        -2.068         0.060         0.042         0.004


           Model Estimated Covariances
              C11           C12           C13           C14           C15
              ________      ________      ________      ________      ________
 C11            0.096
 C12            0.006         1.057
 C13            0.039         0.234         1.542
 C14           -0.003         0.008        -0.083         0.248
 C15            0.002        -0.043        -0.079         0.003         0.217
 C16           -0.001         0.047         0.043         0.002        -0.138
 C17           -0.024         0.009         0.030        -0.028        -0.008
 C18           -0.004        -0.004        -0.050        -0.006        -0.002
 C19           -0.002        -0.012        -0.058         0.018         0.007
 C20           -0.001         0.013         0.014         0.001        -0.002
 C21            0.008        -0.001        -0.016         0.039         0.004
 C22           -0.017        -0.048        -0.356         0.036         0.023
 C23            0.050        -0.033        -0.055         0.021         0.089
 C24           -0.015         0.556         1.733         0.690        -0.132


           Model Estimated Covariances
              C16           C17           C18           C19           C20
              ________      ________      ________      ________      ________
 C16            0.246
 C17            0.008         0.142
 C18           -0.003        -0.001         0.179
 C19           -0.006        -0.006        -0.043         0.151
 C20            0.003         0.003         0.027        -0.013         0.097
 C21           -0.004        -0.019        -0.007         0.013        -0.023
 C22           -0.004        -0.002         0.018         0.022        -0.007
 C23           -0.065        -0.032        -0.003         0.008         0.016
 C24            0.056         0.086         0.001        -0.028         0.064


           Model Estimated Covariances
              C21           C22           C23           C24
              ________      ________      ________      ________
 C21            0.167
 C22            0.006         0.216
 C23            0.034         0.004         0.925
 C24            0.051        -0.423        -0.115        17.786


           Model Estimated Correlations
              X1            X2            X3            X4            X5
              ________      ________      ________      ________      ________
 X1             1.000
 X2             0.284         1.000
 X3             0.295         0.331         1.000
 X4             0.279         0.329         0.377         1.000
 X5             0.276         0.344         0.402         0.423         1.000
 Y1            -0.163        -0.159        -0.167        -0.159        -0.159
 Y2            -0.141        -0.156        -0.174        -0.175        -0.186
 Y3            -0.135        -0.160        -0.184        -0.190        -0.206
 Y4            -0.125        -0.159        -0.187        -0.198        -0.219
 Y5            -0.114        -0.156        -0.188        -0.203        -0.228
 C1            -0.042        -0.035        -0.033        -0.029        -0.025
 C2             0.073         0.060         0.056         0.047         0.040
 C3             0.062         0.048         0.043         0.034         0.027
 C4             0.013         0.027         0.036         0.042         0.050
 C5            -0.061        -0.064        -0.069        -0.068        -0.070
 C6            -0.003        -0.018        -0.027        -0.033        -0.042
 C7            -0.023        -0.027        -0.032        -0.033        -0.036
 C8            -0.098        -0.089        -0.090        -0.082        -0.079
 C9             0.060         0.060         0.064         0.061         0.062
 C10           -0.009        -0.012        -0.014        -0.015        -0.016
 C11           -0.021        -0.030        -0.036        -0.040        -0.045
 C12            0.041         0.041         0.044         0.043         0.043
 C13            0.087         0.064         0.056         0.041         0.029
 C14           -0.015        -0.022        -0.026        -0.029        -0.032
 C15           -0.084        -0.069        -0.066        -0.056        -0.049
 C16            0.105         0.086         0.081         0.069         0.059
 C17            0.035         0.053         0.067         0.074         0.084
 C18            0.109         0.088         0.082         0.068         0.058
 C19           -0.050        -0.045        -0.045        -0.040        -0.038
 C20            0.100         0.083         0.078         0.066         0.058
 C21            0.034         0.023         0.018         0.011         0.005
 C22           -0.086        -0.058        -0.047        -0.030        -0.016
 C23            0.003        -0.023        -0.038        -0.050        -0.065
 C24            0.045         0.042         0.042         0.039         0.038


           Model Estimated Correlations
              Y1            Y2            Y3            Y4            Y5
              ________      ________      ________      ________      ________
 Y1             1.000
 Y2             0.438         1.000
 Y3             0.447         0.460         1.000
 Y4             0.441         0.463         0.490         1.000
 Y5             0.429         0.458         0.490         0.504         1.000
 C1            -0.168        -0.156        -0.156        -0.151        -0.144
 C2            -0.160        -0.146        -0.144        -0.138        -0.130
 C3            -0.159        -0.147        -0.147        -0.142        -0.136
 C4            -0.061        -0.028        -0.014         0.001         0.015
 C5             0.178         0.136         0.121         0.103         0.084
 C6             0.081         0.089         0.097         0.101         0.104
 C7             0.110         0.097         0.094         0.088         0.082
 C8             0.018         0.015         0.014         0.013         0.012
 C9            -0.027        -0.037        -0.043        -0.048        -0.052
 C10            0.022         0.025         0.027         0.029         0.030
 C11            0.001         0.017         0.025         0.032         0.038
 C12           -0.114        -0.096        -0.092        -0.084        -0.076
 C13           -0.200        -0.176        -0.171        -0.161        -0.149
 C14            0.088         0.055         0.042         0.027         0.012
 C15            0.351         0.285         0.263         0.234         0.202
 C16           -0.264        -0.223        -0.212        -0.195        -0.175
 C17           -0.148        -0.118        -0.108        -0.094        -0.080
 C18           -0.028        -0.015        -0.009        -0.003         0.003
 C19            0.081         0.083         0.087         0.088         0.088
 C20           -0.023        -0.031        -0.036        -0.040        -0.043
 C21            0.051         0.046         0.045         0.043         0.040
 C22            0.156         0.148         0.149         0.146         0.140
 C23            0.203         0.160         0.146         0.127         0.107
 C24           -0.106        -0.101        -0.103        -0.101        -0.097


           Model Estimated Correlations
              C1            C2            C3            C4            C5
              ________      ________      ________      ________      ________
 C1             1.000
 C2             0.176         1.000
 C3            -0.036         0.213         1.000
 C4             0.002         0.020        -0.065         1.000
 C5             0.025        -0.106        -0.116        -0.377         1.000
 C6            -0.064        -0.130        -0.186         0.135         0.061
 C7            -0.059        -0.111        -0.200         0.091         0.098
 C8            -0.010        -0.018        -0.012        -0.070         0.023
 C9             0.014         0.060         0.122        -0.069        -0.029
 C10           -0.018        -0.032        -0.020        -0.034         0.072
 C11            0.005        -0.017         0.075        -0.016        -0.063
 C12            0.067         0.057         0.012        -0.006         0.012
 C13            0.203         0.390         0.374        -0.046        -0.140
 C14           -0.013        -0.054        -0.087         0.014         0.174
 C15           -0.130        -0.122        -0.096        -0.001         0.058
 C16            0.120         0.094         0.013         0.010        -0.036
 C17            0.189         0.071        -0.001         0.003        -0.023
 C18           -0.045        -0.042        -0.024         0.055        -0.067
 C19            0.005        -0.024        -0.110         0.006         0.080
 C20           -0.014        -0.012         0.102        -0.023        -0.010
 C21           -0.068        -0.040        -0.021        -0.056         0.088
 C22           -0.032        -0.342        -0.489         0.017         0.147
 C23           -0.104        -0.055        -0.018        -0.036         0.046
 C24            0.035         0.148         0.176        -0.033        -0.020


           Model Estimated Correlations
              C6            C7            C8            C9            C10
              ________      ________      ________      ________      ________
 C6             1.000
 C7             0.664         1.000
 C8            -0.293        -0.172         1.000
 C9            -0.120        -0.097        -0.148         1.000
 C10            0.027         0.036        -0.021        -0.019         1.000
 C11            0.228         0.231        -0.003        -0.036         0.007
 C12           -0.012         0.009         0.028        -0.006        -0.009
 C13           -0.192        -0.178         0.041         0.123        -0.003
 C14            0.020         0.077         0.038        -0.104         0.051
 C15            0.033         0.053         0.005        -0.031         0.006
 C16           -0.001         0.002        -0.043         0.026        -0.001
 C17           -0.135        -0.101        -0.004         0.035         0.005
 C18            0.032        -0.007         0.002        -0.012        -0.014
 C19            0.113         0.118        -0.041        -0.050        -0.007
 C20           -0.096        -0.083         0.034         0.046        -0.008
 C21            0.026         0.038        -0.022        -0.003         0.046
 C22            0.155         0.167        -0.025        -0.092         0.034
 C23            0.073         0.106         0.007        -0.010         0.019
 C24           -0.129        -0.104         0.036         0.037         0.013


           Model Estimated Correlations
              C11           C12           C13           C14           C15
              ________      ________      ________      ________      ________
 C11            1.000
 C12            0.020         1.000
 C13            0.101         0.183         1.000
 C14           -0.019         0.016        -0.134         1.000
 C15            0.017        -0.090        -0.137         0.015         1.000
 C16           -0.007         0.093         0.070         0.007        -0.598
 C17           -0.203         0.024         0.063        -0.151        -0.045
 C18           -0.028        -0.008        -0.095        -0.031        -0.009
 C19           -0.016        -0.031        -0.120         0.094         0.036
 C20           -0.008         0.040         0.035         0.005        -0.012
 C21            0.066        -0.002        -0.032         0.191         0.020
 C22           -0.116        -0.101        -0.617         0.155         0.105
 C23            0.169        -0.033        -0.046         0.045         0.199
 C24           -0.012         0.128         0.331         0.328        -0.067


           Model Estimated Correlations
              C16           C17           C18           C19           C20
              ________      ________      ________      ________      ________
 C16            1.000
 C17            0.043         1.000
 C18           -0.016        -0.004         1.000
 C19           -0.030        -0.041        -0.264         1.000
 C20            0.022         0.024         0.206        -0.109         1.000
 C21           -0.022        -0.126        -0.040         0.085        -0.181
 C22           -0.019        -0.009         0.092         0.121        -0.051
 C23           -0.137        -0.088        -0.006         0.021         0.053
 C24            0.027         0.054         0.001        -0.017         0.049


           Model Estimated Correlations
              C21           C22           C23           C24
              ________      ________      ________      ________
 C21            1.000
 C22            0.032         1.000
 C23            0.086         0.008         1.000
 C24            0.029        -0.216        -0.028         1.000


           Model Estimated Partial Correlations
              X1            X2            X3            X4            X5
              ________      ________      ________      ________      ________
 X1             1.000
 X2             0.125         1.000
 X3             0.125         0.139         1.000
 X4             0.106         0.137         0.175         1.000
 X5             0.100         0.154         0.209         0.239         1.000
 Y1            -0.066        -0.033        -0.019         0.000         0.021
 Y2            -0.026        -0.020        -0.020        -0.016        -0.014
 Y3            -0.009        -0.016        -0.022        -0.026        -0.034
 Y4             0.011        -0.010        -0.023        -0.034        -0.052
 Y5             0.030        -0.004        -0.023        -0.042        -0.070
 C1            -0.048        -0.039        -0.039        -0.033        -0.032
 C2             0.021         0.012         0.008         0.003        -0.002
 C3            -0.008        -0.008        -0.009        -0.009        -0.010
 C4            -0.019        -0.002         0.008         0.018         0.032
 C5            -0.009        -0.006        -0.005        -0.003        -0.002
 C6             0.020         0.005        -0.002        -0.011        -0.021
 C7            -0.006        -0.002        -0.001         0.001         0.003
 C8            -0.052        -0.038        -0.035        -0.027        -0.021
 C9             0.014         0.013         0.014         0.013         0.015
 C10           -0.003        -0.003        -0.003        -0.003        -0.003
 C11           -0.023        -0.012        -0.008        -0.001         0.006
 C12            0.000         0.004         0.007         0.009         0.013
 C13            0.033         0.016         0.009        -0.001        -0.012
 C14            0.018         0.005        -0.002        -0.010        -0.019
 C15            0.004         0.008         0.011         0.014         0.018
 C16            0.048         0.025         0.015         0.001        -0.014
 C17            0.001         0.010         0.018         0.023         0.032
 C18            0.070         0.040         0.029         0.012        -0.005
 C19            0.002         0.002         0.003         0.003         0.003
 C20            0.056         0.035         0.027         0.015         0.003
 C21            0.040         0.026         0.022         0.013         0.006
 C22           -0.033        -0.011         0.000         0.012         0.028
 C23            0.043         0.016         0.002        -0.013        -0.032
 C24           -0.012        -0.003         0.001         0.006         0.012


           Model Estimated Partial Correlations
              Y1            Y2            Y3            Y4            Y5
              ________      ________      ________      ________      ________
 Y1             1.000
 Y2             0.125         1.000
 Y3             0.139         0.157         1.000
 Y4             0.146         0.169         0.197         1.000
 Y5             0.150         0.176         0.207         0.228         1.000
 C1            -0.042        -0.040        -0.042        -0.043        -0.042
 C2            -0.016        -0.012        -0.010        -0.009        -0.007
 C3            -0.043        -0.029        -0.025        -0.019        -0.012
 C4            -0.037        -0.007         0.007         0.023         0.037
 C5             0.074         0.039         0.026         0.010        -0.007
 C6            -0.024        -0.004         0.006         0.017         0.027
 C7             0.040         0.012         0.000        -0.013        -0.026
 C8            -0.004        -0.002        -0.002        -0.001        -0.001
 C9             0.027         0.011         0.003        -0.005        -0.013
 C10           -0.007         0.000         0.004         0.008         0.012
 C11           -0.047        -0.014         0.001         0.017         0.033
 C12           -0.042        -0.022        -0.014        -0.005         0.005
 C13           -0.021        -0.007         0.000         0.007         0.014
 C14            0.050         0.016         0.000        -0.017        -0.033
 C15            0.149         0.076         0.046         0.012        -0.023
 C16           -0.026        -0.021        -0.020        -0.018        -0.015
 C17           -0.076        -0.032        -0.013         0.008         0.029
 C18           -0.018        -0.002         0.006         0.015         0.022
 C19           -0.003         0.010         0.017         0.024         0.030
 C20            0.017         0.006         0.002        -0.004        -0.009
 C21           -0.006         0.002         0.006         0.010         0.013
 C22           -0.017         0.001         0.010         0.020         0.029
 C23            0.095         0.045         0.025         0.001        -0.022
 C24           -0.028        -0.017        -0.012        -0.007        -0.001


           Model Estimated Partial Correlations
              C1            C2            C3            C4            C5
              ________      ________      ________      ________      ________
 C1             1.000
 C2             0.108         1.000
 C3            -0.104         0.034         1.000
 C4             0.030         0.021        -0.052         1.000
 C5             0.077        -0.028        -0.027        -0.396         1.000
 C6            -0.014        -0.044        -0.049         0.092         0.045
 C7            -0.031         0.014        -0.063         0.034         0.058
 C8            -0.041        -0.035        -0.063        -0.027         0.018
 C9            -0.002        -0.003         0.051        -0.053        -0.008
 C10           -0.022        -0.020        -0.002        -0.012         0.049
 C11            0.064        -0.050         0.058        -0.069        -0.094
 C12            0.011        -0.022        -0.062         0.009         0.043
 C13            0.193         0.187         0.071        -0.037        -0.048
 C14            0.046         0.017        -0.008         0.090         0.141
 C15           -0.021        -0.009        -0.033         0.015        -0.006
 C16            0.030         0.033        -0.039         0.000        -0.001
 C17            0.163         0.010        -0.020         0.005         0.016
 C18           -0.002         0.014         0.000         0.024        -0.046
 C19            0.029         0.042        -0.023         0.006         0.016
 C20           -0.002        -0.046         0.073        -0.014         0.022
 C21           -0.041        -0.024         0.006        -0.039         0.039
 C22            0.093        -0.133        -0.309        -0.031         0.013
 C23           -0.046         0.003         0.001        -0.018         0.001
 C24           -0.061         0.008         0.046        -0.034        -0.027


           Model Estimated Partial Correlations
              C6            C7            C8            C9            C10
              ________      ________      ________      ________      ________
 C6             1.000
 C7             0.587         1.000
 C8            -0.261         0.011         1.000
 C9            -0.096         0.003        -0.176         1.000
 C10            0.002         0.015        -0.025        -0.017         1.000
 C11            0.122         0.130         0.058        -0.020         0.003
 C12            0.003         0.033         0.027        -0.019        -0.013
 C13           -0.041        -0.006         0.033         0.055         0.039
 C14           -0.048         0.058         0.025        -0.083         0.032
 C15           -0.026         0.019        -0.028        -0.010        -0.005
 C16           -0.009         0.030        -0.034         0.008         0.003
 C17           -0.072         0.030        -0.013        -0.006         0.023
 C18            0.057        -0.016         0.022        -0.018        -0.013
 C19            0.044         0.036        -0.015        -0.023        -0.025
 C20           -0.050        -0.018         0.018         0.029         0.003
 C21           -0.022        -0.008        -0.023         0.018         0.032
 C22           -0.009         0.031        -0.009         0.016         0.028
 C23           -0.007         0.045         0.011         0.007         0.008
 C24           -0.016        -0.024        -0.004         0.021         0.001


           Model Estimated Partial Correlations
              C11           C12           C13           C14           C15
              ________      ________      ________      ________      ________
 C11            1.000
 C12            0.001         1.000
 C13            0.069         0.124         1.000
 C14           -0.022         0.003        -0.139         1.000
 C15            0.015        -0.007        -0.015        -0.007         1.000
 C16            0.013         0.041        -0.001         0.023        -0.544
 C17           -0.174        -0.003        -0.016        -0.158         0.023
 C18           -0.026        -0.004        -0.077        -0.047        -0.032
 C19           -0.038        -0.011        -0.060         0.029        -0.017
 C20            0.017         0.036        -0.004         0.049         0.008
 C21            0.052         0.008         0.018         0.166        -0.012
 C22           -0.063        -0.013        -0.434         0.088         0.034
 C23            0.142        -0.006        -0.007         0.017         0.099
 C24           -0.013         0.064         0.262         0.412        -0.006


           Model Estimated Partial Correlations
              C16           C17           C18           C19           C20
              ________      ________      ________      ________      ________
 C16            1.000
 C17            0.002         1.000
 C18           -0.047        -0.026         1.000
 C19           -0.024        -0.021        -0.267         1.000
 C20            0.024         0.003         0.185        -0.021         1.000
 C21           -0.010        -0.072         0.017         0.054        -0.194
 C22            0.048         0.024         0.077         0.047        -0.016
 C23           -0.013        -0.002        -0.010         0.000         0.073
 C24           -0.022         0.092         0.056         0.031         0.006


           Model Estimated Partial Correlations
              C21           C22           C23           C24
              ________      ________      ________      ________
 C21            1.000
 C22           -0.001         1.000
 C23            0.067        -0.021         1.000
 C24           -0.025        -0.031        -0.009         1.000


           Residuals for Covariances
              X1            X2            X3            X4            X5
              ________      ________      ________      ________      ________
 X1             0.007
 X2             0.017        -0.003
 X3            -0.023        -0.043        -0.035
 X4             0.012         0.057         0.019         0.063
 X5             0.037        -0.004        -0.055         0.069        -0.003
 Y1             0.000        -0.006         0.030        -0.012        -0.020
 Y2             0.023        -0.062         0.036        -0.008         0.005
 Y3            -0.016         0.007        -0.016         0.007         0.006
 Y4            -0.026         0.029         0.027        -0.040        -0.020
 Y5             0.024        -0.011         0.072         0.005         0.010
 C1             0.001         0.000        -0.004         0.002         0.003
 C2             0.004        -0.001        -0.014         0.019         0.004
 C3             0.000         0.006        -0.012         0.008         0.002
 C4            -0.012         0.018         0.005        -0.003        -0.025
 C5             0.007        -0.015         0.000         0.017         0.003
 C6             0.000        -0.009         0.011         0.003        -0.021
 C7             0.011        -0.053         0.046        -0.087        -0.048
 C8             0.000         0.006        -0.008         0.001         0.007
 C9             0.000        -0.004         0.006         0.000        -0.003
 C10            0.001        -0.001        -0.002         0.002         0.002
 C11            0.001         0.000         0.001        -0.028         0.017
 C12            0.006         0.006        -0.025         0.003         0.041
 C13            0.007         0.006        -0.045         0.047         0.012
 C14            0.002         0.006        -0.018         0.017         0.001
 C15            0.000        -0.003         0.005        -0.001        -0.006
 C16            0.000         0.000         0.000         0.008        -0.002
 C17            0.000        -0.003         0.004         0.007        -0.007
 C18            0.001         0.000        -0.002        -0.007         0.011
 C19           -0.002         0.003         0.003        -0.009        -0.002
 C20            0.001        -0.002         0.002        -0.004         0.004
 C21            0.004        -0.002        -0.009         0.004         0.006
 C22           -0.006         0.005         0.014        -0.019        -0.007
 C23            0.002        -0.009         0.015        -0.068         0.018
 C24            0.009         0.096        -0.224         0.224         0.060


           Residuals for Covariances
              Y1            Y2            Y3            Y4            Y5
              ________      ________      ________      ________      ________
 Y1            -0.015
 Y2            -0.017         0.020
 Y3             0.017         0.101         0.056
 Y4            -0.035        -0.064        -0.050        -0.078
 Y5            -0.068         0.000        -0.019        -0.059        -0.068
 C1             0.003        -0.004        -0.006         0.008         0.008
 C2             0.002        -0.002        -0.003         0.001         0.005
 C3             0.002         0.000        -0.007        -0.002         0.017
 C4            -0.001         0.006        -0.010         0.015        -0.010
 C5            -0.002         0.002         0.006        -0.015         0.000
 C6            -0.002         0.012        -0.024         0.038        -0.008
 C7             0.012        -0.029        -0.022         0.179        -0.054
 C8            -0.002         0.000         0.009        -0.009        -0.007
 C9             0.000         0.000        -0.002         0.006        -0.002
 C10            0.000         0.000        -0.002         0.003         0.000
 C11           -0.002         0.005         0.000        -0.009        -0.003
 C12           -0.002         0.022        -0.035         0.008         0.021
 C13           -0.001         0.006        -0.004        -0.007         0.005
 C14            0.005        -0.013         0.005        -0.012         0.026
 C15           -0.001        -0.001         0.010        -0.013        -0.001
 C16            0.002        -0.003        -0.008         0.027        -0.009
 C17            0.001        -0.002        -0.005         0.012         0.002
 C18           -0.003         0.008        -0.004        -0.002        -0.006
 C19            0.003        -0.002        -0.007         0.003         0.013
 C20            0.000         0.000        -0.003         0.009         0.001
 C21            0.001         0.002        -0.004        -0.022         0.025
 C22           -0.002         0.002         0.003         0.001        -0.012
 C23            0.004        -0.023         0.041        -0.018        -0.007
 C24            0.017        -0.067         0.062        -0.111         0.068


           Residuals for Covariances
              C1            C2            C3            C4            C5
              ________      ________      ________      ________      ________
 C1             0.000
 C2             0.000         0.000
 C3             0.000         0.000         0.000
 C4             0.000         0.000         0.000         0.000
 C5             0.000         0.000         0.000         0.000         0.000
 C6             0.000         0.000         0.000         0.000         0.000
 C7             0.000         0.000         0.000         0.000         0.000
 C8             0.000         0.000         0.000         0.000         0.000
 C9             0.000         0.000         0.000         0.000         0.000
 C10            0.000         0.000         0.000         0.000         0.000
 C11            0.000         0.000         0.000         0.000         0.000
 C12            0.000         0.000         0.000         0.000         0.000
 C13            0.000         0.000         0.000         0.000         0.000
 C14            0.000         0.000         0.000         0.000         0.000
 C15            0.000         0.000         0.000         0.000         0.000
 C16            0.000         0.000         0.000         0.000         0.000
 C17            0.000         0.000         0.000         0.000         0.000
 C18            0.000         0.000         0.000         0.000         0.000
 C19            0.000         0.000         0.000         0.000         0.000
 C20            0.000         0.000         0.000         0.000         0.000
 C21            0.000         0.000         0.000         0.000         0.000
 C22            0.000         0.000         0.000         0.000         0.000
 C23            0.000         0.000         0.000         0.000         0.000
 C24            0.000         0.000         0.000         0.000         0.000


           Residuals for Covariances
              C6            C7            C8            C9            C10
              ________      ________      ________      ________      ________
 C6             0.000
 C7             0.000         0.000
 C8             0.000         0.000         0.000
 C9             0.000         0.000         0.000         0.000
 C10            0.000         0.000         0.000         0.000         0.000
 C11            0.000         0.000         0.000         0.000         0.000
 C12            0.000         0.000         0.000         0.000         0.000
 C13            0.000         0.000         0.000         0.000         0.000
 C14            0.000         0.000         0.000         0.000         0.000
 C15            0.000         0.000         0.000         0.000         0.000
 C16            0.000         0.000         0.000         0.000         0.000
 C17            0.000         0.000         0.000         0.000         0.000
 C18            0.000         0.000         0.000         0.000         0.000
 C19            0.000         0.000         0.000         0.000         0.000
 C20            0.000         0.000         0.000         0.000         0.000
 C21            0.000         0.000         0.000         0.000         0.000
 C22            0.000         0.000         0.000         0.000         0.000
 C23            0.000         0.000         0.000         0.000         0.000
 C24            0.000         0.000         0.000         0.000         0.000


           Residuals for Covariances
              C11           C12           C13           C14           C15
              ________      ________      ________      ________      ________
 C11            0.000
 C12            0.000         0.000
 C13            0.000         0.000         0.000
 C14            0.000         0.000         0.000         0.000
 C15            0.000         0.000         0.000         0.000         0.000
 C16            0.000         0.000         0.000         0.000         0.000
 C17            0.000         0.000         0.000         0.000         0.000
 C18            0.000         0.000         0.000         0.000         0.000
 C19            0.000         0.000         0.000         0.000         0.000
 C20            0.000         0.000         0.000         0.000         0.000
 C21            0.000         0.000         0.000         0.000         0.000
 C22            0.000         0.000         0.000         0.000         0.000
 C23            0.000         0.000         0.000         0.000         0.000
 C24            0.000         0.000         0.000         0.000         0.000


           Residuals for Covariances
              C16           C17           C18           C19           C20
              ________      ________      ________      ________      ________
 C16            0.000
 C17            0.000         0.000
 C18            0.000         0.000         0.000
 C19            0.000         0.000         0.000         0.000
 C20            0.000         0.000         0.000         0.000         0.000
 C21            0.000         0.000         0.000         0.000         0.000
 C22            0.000         0.000         0.000         0.000         0.000
 C23            0.000         0.000         0.000         0.000         0.000
 C24            0.000         0.000         0.000         0.000         0.000


           Residuals for Covariances
              C21           C22           C23           C24
              ________      ________      ________      ________
 C21            0.000
 C22            0.000         0.000
 C23            0.000         0.000         0.000
 C24            0.000         0.000         0.000         0.000


           Residuals for Correlations
              X1            X2            X3            X4            X5
              ________      ________      ________      ________      ________
 X1             0.000
 X2             0.017         0.000
 X3            -0.020        -0.041         0.000
 X4             0.002         0.049         0.017         0.000
 X5             0.039        -0.003        -0.056         0.061         0.000
 Y1             0.000        -0.007         0.028        -0.008        -0.023
 Y2             0.023        -0.058         0.035         0.000         0.006
 Y3            -0.011         0.010        -0.016         0.017         0.011
 Y4            -0.029         0.022         0.018        -0.039        -0.028
 Y5             0.019        -0.014         0.064         0.005         0.003
 C1             0.002         0.000        -0.009         0.004         0.007
 C2             0.009        -0.002        -0.039         0.046         0.011
 C3             0.000         0.012        -0.026         0.015         0.005
 C4            -0.026         0.040         0.012        -0.009        -0.057
 C5             0.017        -0.036        -0.001         0.042         0.006
 C6             0.000        -0.007         0.010         0.004        -0.020
 C7             0.003        -0.011         0.010        -0.017        -0.011
 C8            -0.001         0.016        -0.025         0.005         0.019
 C9            -0.001        -0.014         0.025        -0.003        -0.011
 C10            0.011        -0.012        -0.026         0.030         0.037
 C11            0.003        -0.001         0.003        -0.091         0.059
 C12            0.006         0.006        -0.026         0.001         0.043
 C13            0.006         0.005        -0.039         0.037         0.010
 C14            0.003         0.012        -0.041         0.035         0.003
 C15            0.000        -0.006         0.010         0.000        -0.014
 C16           -0.001         0.000         0.001         0.015        -0.005
 C17            0.000        -0.009         0.013         0.017        -0.019
 C18            0.003         0.000        -0.005        -0.019         0.027
 C19           -0.006         0.008         0.008        -0.022        -0.005
 C20            0.003        -0.006         0.008        -0.014         0.014
 C21            0.009        -0.006        -0.024         0.009         0.016
 C22           -0.012         0.011         0.032        -0.040        -0.016
 C23            0.003        -0.009         0.017        -0.070         0.020
 C24            0.002         0.023        -0.058         0.053         0.015


           Residuals for Correlations
              Y1            Y2            Y3            Y4            Y5
              ________      ________      ________      ________      ________
 Y1             0.000
 Y2            -0.016         0.000
 Y3             0.008         0.072         0.000
 Y4            -0.015        -0.044        -0.039         0.000
 Y5            -0.047         0.009        -0.015        -0.020         0.000
 C1             0.004        -0.006        -0.008         0.010         0.010
 C2             0.004        -0.004        -0.004        -0.001         0.007
 C3             0.004         0.000        -0.009        -0.009         0.028
 C4            -0.004         0.013        -0.019         0.031        -0.020
 C5            -0.003         0.003         0.010        -0.030         0.003
 C6            -0.001         0.009        -0.021         0.034        -0.003
 C7             0.003        -0.007        -0.007         0.039        -0.008
 C8            -0.005         0.001         0.021        -0.021        -0.015
 C9             0.001         0.000        -0.007         0.019        -0.008
 C10            0.003         0.000        -0.023         0.050        -0.001
 C11           -0.006         0.014         0.000        -0.028        -0.008
 C12           -0.003         0.021        -0.029         0.005         0.017
 C13           -0.003         0.006         0.002        -0.011        -0.001
 C14            0.012        -0.025         0.009        -0.023         0.049
 C15            0.000        -0.004         0.013        -0.019         0.003
 C16            0.002        -0.004        -0.009         0.046        -0.021
 C17            0.002        -0.004        -0.010         0.026         0.002
 C18           -0.007         0.018        -0.008        -0.004        -0.014
 C19            0.008        -0.007        -0.019         0.009         0.033
 C20            0.001         0.001        -0.009         0.026         0.002
 C21            0.003         0.005        -0.011        -0.049         0.057
 C22           -0.004         0.003         0.003         0.007        -0.019
 C23            0.006        -0.024         0.035        -0.013        -0.004
 C24            0.003        -0.014         0.016        -0.029         0.012


           Residuals for Correlations
              C1            C2            C3            C4            C5
              ________      ________      ________      ________      ________
 C1             0.000
 C2             0.000         0.000
 C3             0.000         0.000         0.000
 C4             0.000         0.000         0.000         0.000
 C5             0.000         0.000         0.000         0.000         0.000
 C6             0.000         0.000         0.000         0.000         0.000
 C7             0.000         0.000         0.000         0.000         0.000
 C8             0.000         0.000         0.000         0.000         0.000
 C9             0.000         0.000         0.000         0.000         0.000
 C10            0.000         0.000         0.000         0.000         0.000
 C11            0.000         0.000         0.000         0.000         0.000
 C12            0.000         0.000         0.000         0.000         0.000
 C13            0.000         0.000         0.000         0.000         0.000
 C14            0.000         0.000         0.000         0.000         0.000
 C15            0.000         0.000         0.000         0.000         0.000
 C16            0.000         0.000         0.000         0.000         0.000
 C17            0.000         0.000         0.000         0.000         0.000
 C18            0.000         0.000         0.000         0.000         0.000
 C19            0.000         0.000         0.000         0.000         0.000
 C20            0.000         0.000         0.000         0.000         0.000
 C21            0.000         0.000         0.000         0.000         0.000
 C22            0.000         0.000         0.000         0.000         0.000
 C23            0.000         0.000         0.000         0.000         0.000
 C24            0.000         0.000         0.000         0.000         0.000


           Residuals for Correlations
              C6            C7            C8            C9            C10
              ________      ________      ________      ________      ________
 C6             0.000
 C7             0.000         0.000
 C8             0.000         0.000         0.000
 C9             0.000         0.000         0.000         0.000
 C10            0.000         0.000         0.000         0.000         0.000
 C11            0.000         0.000         0.000         0.000         0.000
 C12            0.000         0.000         0.000         0.000         0.000
 C13            0.000         0.000         0.000         0.000         0.000
 C14            0.000         0.000         0.000         0.000         0.000
 C15            0.000         0.000         0.000         0.000         0.000
 C16            0.000         0.000         0.000         0.000         0.000
 C17            0.000         0.000         0.000         0.000         0.000
 C18            0.000         0.000         0.000         0.000         0.000
 C19            0.000         0.000         0.000         0.000         0.000
 C20            0.000         0.000         0.000         0.000         0.000
 C21            0.000         0.000         0.000         0.000         0.000
 C22            0.000         0.000         0.000         0.000         0.000
 C23            0.000         0.000         0.000         0.000         0.000
 C24            0.000         0.000         0.000         0.000         0.000


           Residuals for Correlations
              C11           C12           C13           C14           C15
              ________      ________      ________      ________      ________
 C11            0.000
 C12            0.000         0.000
 C13            0.000         0.000         0.000
 C14            0.000         0.000         0.000         0.000
 C15            0.000         0.000         0.000         0.000         0.000
 C16            0.000         0.000         0.000         0.000         0.000
 C17            0.000         0.000         0.000         0.000         0.000
 C18            0.000         0.000         0.000         0.000         0.000
 C19            0.000         0.000         0.000         0.000         0.000
 C20            0.000         0.000         0.000         0.000         0.000
 C21            0.000         0.000         0.000         0.000         0.000
 C22            0.000         0.000         0.000         0.000         0.000
 C23            0.000         0.000         0.000         0.000         0.000
 C24            0.000         0.000         0.000         0.000         0.000


           Residuals for Correlations
              C16           C17           C18           C19           C20
              ________      ________      ________      ________      ________
 C16            0.000
 C17            0.000         0.000
 C18            0.000         0.000         0.000
 C19            0.000         0.000         0.000         0.000
 C20            0.000         0.000         0.000         0.000         0.000
 C21            0.000         0.000         0.000         0.000         0.000
 C22            0.000         0.000         0.000         0.000         0.000
 C23            0.000         0.000         0.000         0.000         0.000
 C24            0.000         0.000         0.000         0.000         0.000


           Residuals for Correlations
              C21           C22           C23           C24
              ________      ________      ________      ________
 C21            0.000
 C22            0.000         0.000
 C23            0.000         0.000         0.000
 C24            0.000         0.000         0.000         0.000


           Residuals for Partial Correlations
              X1            X2            X3            X4            X5
              ________      ________      ________      ________      ________
 X1             0.000
 X2             0.029         0.000
 X3            -0.015        -0.043         0.000
 X4            -0.049         0.054         0.047         0.000
 X5             0.047        -0.032        -0.084         0.086         0.000
 Y1             0.003         0.004         0.017         0.001        -0.033
 Y2             0.045        -0.093         0.026         0.013         0.015
 Y3            -0.018         0.046        -0.085         0.056         0.023
 Y4            -0.046         0.065        -0.009        -0.050        -0.016
 Y5             0.019        -0.039         0.066         0.013        -0.008
 C1             0.001         0.000        -0.009        -0.002         0.015
 C2             0.009        -0.014        -0.037         0.038         0.005
 C3            -0.010         0.027        -0.014         0.007        -0.012
 C4            -0.020         0.044         0.021         0.013        -0.069
 C5             0.010        -0.029        -0.005         0.050        -0.030
 C6             0.002        -0.006        -0.022         0.068        -0.037
 C7             0.008        -0.009         0.010        -0.012         0.002
 C8            -0.002         0.014        -0.032         0.024        -0.001
 C9            -0.001        -0.013         0.035        -0.005        -0.015
 C10            0.009        -0.024        -0.044         0.034         0.042
 C11           -0.005         0.015         0.023        -0.135         0.097
 C12           -0.004         0.007        -0.026        -0.026         0.056
 C13           -0.001         0.008        -0.007         0.020        -0.028
 C14            0.003         0.002        -0.035         0.036        -0.006
 C15            0.001        -0.006        -0.002         0.037        -0.029
 C16            0.003        -0.013         0.012         0.033        -0.029
 C17            0.004        -0.014         0.020         0.003        -0.014
 C18            0.001        -0.001        -0.008        -0.037         0.043
 C19           -0.008         0.018         0.008        -0.042         0.026
 C20            0.002        -0.011         0.014        -0.012         0.011
 C21            0.003        -0.003        -0.029         0.012         0.009
 C22           -0.016         0.039         0.018        -0.044        -0.005
 C23            0.003         0.002         0.036        -0.081         0.038
 C24           -0.005         0.016        -0.041         0.030        -0.003


           Residuals for Partial Correlations
              Y1            Y2            Y3            Y4            Y5
              ________      ________      ________      ________      ________
 Y1             0.000
 Y2            -0.014         0.000
 Y3             0.010         0.125         0.000
 Y4             0.031        -0.067        -0.050         0.000
 Y5            -0.068         0.013        -0.011         0.029         0.000
 C1             0.004        -0.011        -0.005        -0.006         0.024
 C2             0.004        -0.002        -0.005         0.000         0.005
 C3             0.002         0.006        -0.023        -0.011         0.032
 C4            -0.007         0.036        -0.018         0.020        -0.041
 C5            -0.006         0.021         0.007        -0.024        -0.012
 C6            -0.005         0.018        -0.031         0.021         0.003
 C7             0.002        -0.027         0.009         0.037        -0.015
 C8            -0.006         0.006         0.015        -0.001        -0.016
 C9            -0.003         0.002        -0.012         0.034        -0.021
 C10           -0.001         0.001        -0.045         0.079        -0.011
 C11            0.001         0.030         0.009        -0.044        -0.007
 C12           -0.002         0.036        -0.053         0.005         0.027
 C13           -0.009         0.018         0.011        -0.003        -0.025
 C14            0.011        -0.038        -0.008        -0.020         0.066
 C15            0.001        -0.011        -0.008         0.021        -0.002
 C16           -0.004        -0.008         0.005         0.057        -0.047
 C17            0.002        -0.005        -0.013         0.019         0.003
 C18           -0.003         0.026        -0.014        -0.006        -0.005
 C19            0.008        -0.001        -0.038         0.007         0.036
 C20           -0.002        -0.001        -0.026         0.034         0.006
 C21            0.008         0.010        -0.034        -0.056         0.074
 C22           -0.006         0.021         0.010        -0.007        -0.029
 C23            0.004        -0.047         0.055        -0.009        -0.008
 C24            0.003        -0.008         0.030        -0.024        -0.010


           Residuals for Partial Correlations
              C1            C2            C3            C4            C5
              ________      ________      ________      ________      ________
 C1             0.000
 C2             0.000         0.000
 C3             0.000         0.000         0.000
 C4            -0.001         0.001        -0.002         0.000
 C5             0.000        -0.002         0.000         0.001         0.000
 C6             0.001        -0.002        -0.002        -0.005        -0.002
 C7             0.001         0.001         0.002         0.000         0.000
 C8             0.000        -0.001         0.000        -0.001        -0.001
 C9             0.001         0.001         0.001        -0.002         0.000
 C10            0.002        -0.002         0.001         0.000         0.001
 C11           -0.005         0.005        -0.001         0.008         0.008
 C12            0.000        -0.001        -0.001         0.002         0.002
 C13            0.000        -0.001        -0.001        -0.002        -0.002
 C14            0.001        -0.002        -0.001        -0.001        -0.001
 C15            0.002        -0.001         0.001        -0.002        -0.002
 C16            0.003         0.000         0.002        -0.005        -0.002
 C17            0.000         0.000         0.000         0.001         0.000
 C18           -0.001         0.001         0.000         0.002         0.002
 C19           -0.001         0.002        -0.002         0.001         0.005
 C20            0.002         0.001         0.001        -0.001         0.001
 C21           -0.002        -0.002        -0.003         0.003         0.000
 C22           -0.002         0.002         0.000         0.000         0.002
 C23            0.000         0.004         0.002         0.002         0.004
 C24           -0.001        -0.003        -0.001         0.002        -0.002


           Residuals for Partial Correlations
              C6            C7            C8            C9            C10
              ________      ________      ________      ________      ________
 C6             0.000
 C7            -0.002         0.000
 C8             0.001         0.000         0.000
 C9             0.000        -0.001         0.001         0.000
 C10           -0.003        -0.002         0.000        -0.001         0.000
 C11            0.010        -0.002         0.001         0.002         0.004
 C12            0.001         0.002         0.001         0.001        -0.005
 C13           -0.002         0.000        -0.001         0.000         0.001
 C14           -0.003         0.002        -0.001         0.003         0.000
 C15           -0.003         0.000        -0.001        -0.001        -0.003
 C16           -0.003        -0.002         0.000        -0.003        -0.002
 C17           -0.002         0.000         0.001        -0.001        -0.003
 C18            0.002         0.000         0.000         0.000        -0.001
 C19            0.000         0.000         0.002         0.000        -0.002
 C20           -0.001         0.000         0.001        -0.002        -0.003
 C21           -0.002         0.004         0.001         0.003         0.000
 C22            0.003        -0.001        -0.001         0.000         0.001
 C23            0.008        -0.003         0.001         0.000         0.006
 C24            0.000         0.001        -0.002         0.002         0.001


           Residuals for Partial Correlations
              C11           C12           C13           C14           C15
              ________      ________      ________      ________      ________
 C11            0.000
 C12           -0.007         0.000
 C13            0.004         0.002         0.000
 C14            0.004         0.001         0.000         0.000
 C15            0.007         0.002        -0.001         0.000         0.000
 C16            0.008         0.004        -0.002         0.002        -0.001
 C17            0.005        -0.001         0.001        -0.001        -0.001
 C18           -0.005        -0.004         0.002         0.001         0.001
 C19           -0.005        -0.004         0.003        -0.001         0.002
 C20           -0.001        -0.002         0.001         0.002         0.000
 C21           -0.001        -0.005         0.001        -0.006         0.002
 C22           -0.004        -0.001         0.001         0.001         0.001
 C23           -0.013         0.004         0.001         0.003         0.002
 C24            0.003         0.000        -0.002        -0.004        -0.001


           Residuals for Partial Correlations
              C16           C17           C18           C19           C20
              ________      ________      ________      ________      ________
 C16            0.000
 C17           -0.001         0.000
 C18            0.002         0.000         0.000
 C19            0.003        -0.001        -0.001         0.000
 C20           -0.001        -0.002        -0.001        -0.002         0.000
 C21            0.006         0.000        -0.001        -0.003         0.002
 C22            0.000         0.002        -0.001        -0.001         0.000
 C23            0.002         0.002        -0.001        -0.001         0.000
 C24            0.000         0.002         0.001         0.003         0.002


           Residuals for Partial Correlations
              C21           C22           C23           C24
              ________      ________      ________      ________
 C21            0.000
 C22            0.002         0.000
 C23            0.004        -0.004         0.000
 C24           -0.001         0.001         0.002         0.000


           Standardized Residuals (z-scores) for Covariances
              X1            X2            X3            X4            X5
              ________      ________      ________      ________      ________
 X1             1.457
 X2             1.912        -0.302
 X3            -1.525        -2.643       999.000
 X4             0.467         1.973         0.745         2.169
 X5             1.795        -0.143        -2.570         2.469        -0.235
 Y1             0.061        -0.391         2.041        -0.517        -0.807
 Y2             1.538        -3.276         1.901        -0.248         0.156
 Y3            -1.068         0.367        -0.862         0.216         0.228
 Y4            -1.172         1.018         1.144        -1.248        -0.608
 Y5             0.778        -0.327         2.699         0.123         0.370
 C1             0.397        -0.036        -0.724         0.184         0.331
 C2             1.450        -0.142        -2.979         2.528         0.654
 C3            -0.009         0.840        -1.738         0.673         0.215
 C4            -3.222         2.854         0.706        -0.277        -2.916
 C5             2.253        -2.371         0.007         1.612         0.256
 C6            -0.010        -0.547         0.635         0.092        -0.623
 C7             0.373        -0.782         0.638        -0.670        -0.409
 C8            -0.087         1.110        -1.399         0.094         0.840
 C9            -0.136        -0.937         1.815        -0.052        -0.492
 C10            7.770        -0.877        -2.004       999.000       999.000
 C11            0.672        -0.106         0.251        -2.344         1.287
 C12            1.101         0.431        -1.724         0.102         1.904
 C13          999.000         0.459        -3.539         2.342         0.549
 C14            0.403         0.806        -2.556         1.391         0.126
 C15           -0.097        -0.413         0.847        -0.060        -0.518
 C16           -0.053         0.015        -0.071         0.789        -0.221
 C17            0.063        -0.669         0.693         0.728        -0.697
 C18            0.375        -0.029        -0.467        -0.707         1.324
 C19           -0.836         0.554         0.574        -1.010        -0.181
 C20            0.424        -0.482         0.458        -0.577         0.634
 C21            1.401        -0.450        -1.602         0.381         0.712
 C22           -1.654         0.761         2.177        -1.944        -0.715
 C23          999.000        -0.592         1.198        -1.546         0.428
 C24            0.417         1.964        -3.998         1.824         0.806


           Standardized Residuals (z-scores) for Covariances
              Y1            Y2            Y3            Y4            Y5
              ________      ________      ________      ________      ________
 Y1            -5.070
 Y2            -2.414         1.273
 Y3             1.011         4.623         2.539
 Y4            -1.586        -2.080        -1.872        -3.964
 Y5            -2.777         0.006        -0.580        -2.463        -3.485
 C1             1.441        -0.661        -0.995         0.886         0.668
 C2             1.468        -0.507        -0.730         0.233         0.614
 C3             0.918        -0.065        -0.965        -0.205         1.457
 C4            -0.634         1.047        -1.453         1.479        -1.009
 C5            -0.982         0.300         0.880        -1.628         0.007
 C6            -0.376         0.750        -1.413         1.179        -0.195
 C7             6.425        -0.438        -0.299         1.376        -0.391
 C8            -0.994         0.069         1.509        -1.011        -0.788
 C9             0.156        -0.015        -0.642         1.304        -0.421
 C10            1.119        -0.016        -2.746         2.080       999.000
 C11           -1.016         1.191         0.075        -0.764        -0.163
 C12           -0.324         1.569        -2.273         0.368         0.683
 C13          999.000         0.447        -0.304        -0.324         0.179
 C14            1.994        -1.903         0.745        -1.161         2.281
 C15           -0.440        -0.124         1.406        -1.270        -0.103
 C16            0.970        -0.511        -1.170         2.723        -0.746
 C17            0.549        -0.418        -0.782         1.249         0.125
 C18           -1.644         1.399        -0.627        -0.199        -0.697
 C19            1.736        -0.519        -1.259         0.283         1.107
 C20            0.194         0.079        -0.798         1.296         0.155
 C21            0.794         0.421        -0.788        -2.409         2.050
 C22           -0.876         0.374         0.565         0.081        -0.956
 C23            0.687        -2.721         1.890        -0.739        -0.178
 C24            3.177        -1.408         1.811        -1.532         3.132


           Standardized Residuals (z-scores) for Covariances
              C1            C2            C3            C4            C5
              ________      ________      ________      ________      ________
 C1             0.000
 C2             0.000         0.000
 C3             0.000         0.000         0.000
 C4             0.000         0.000         0.000         0.000
 C5             0.000         0.000         0.000         0.000         0.000
 C6             0.000         0.000         0.000         0.000         0.000
 C7             0.000         0.000         0.000         0.000         0.000
 C8             0.000         0.000         0.000         0.000         0.000
 C9             0.000         0.000         0.000         0.000         0.000
 C10            0.000         0.000         0.000         0.000         0.000
 C11            0.000         0.000         0.000         0.000         0.000
 C12            0.000         0.000         0.000         0.000         0.000
 C13            0.000         0.000         0.000         0.000         0.000
 C14            0.000         0.000         0.000         0.000         0.000
 C15            0.000         0.000         0.000         0.000         0.000
 C16            0.000         0.000         0.000         0.000         0.000
 C17            0.000         0.000         0.000         0.000         0.000
 C18            0.000         0.000         0.000         0.000         0.000
 C19            0.000         0.000         0.000         0.000         0.000
 C20            0.000         0.000         0.000         0.000         0.000
 C21            0.000         0.000         0.000         0.000         0.000
 C22            0.000         0.000         0.000         0.000         0.000
 C23            0.000         0.000         0.000         0.000         0.000
 C24            0.000         0.000         0.000         0.000         0.000


           Standardized Residuals (z-scores) for Covariances
              C6            C7            C8            C9            C10
              ________      ________      ________      ________      ________
 C6             0.000
 C7             0.000         0.000
 C8             0.000         0.000         0.000
 C9             0.000         0.000         0.000         0.000
 C10            0.000         0.000         0.000         0.000         0.000
 C11            0.000         0.000         0.000         0.000         0.000
 C12            0.000         0.000         0.000         0.000         0.000
 C13            0.000         0.000         0.000         0.000         0.000
 C14            0.000         0.000         0.000         0.000         0.000
 C15            0.000         0.000         0.000         0.000         0.000
 C16            0.000         0.000         0.000         0.000         0.000
 C17            0.000         0.000         0.000         0.000         0.000
 C18            0.000         0.000         0.000         0.000         0.000
 C19            0.000         0.000         0.000         0.000         0.000
 C20            0.000         0.000         0.000         0.000         0.000
 C21            0.000         0.000         0.000         0.000         0.000
 C22            0.000         0.000         0.000         0.000         0.000
 C23            0.000         0.000         0.000         0.000         0.000
 C24            0.000         0.000         0.000         0.000         0.000


           Standardized Residuals (z-scores) for Covariances
              C11           C12           C13           C14           C15
              ________      ________      ________      ________      ________
 C11            0.000
 C12            0.000         0.000
 C13            0.000         0.000         0.000
 C14            0.000         0.000         0.000         0.000
 C15            0.000         0.000         0.000         0.000         0.000
 C16            0.000         0.000         0.000         0.000         0.000
 C17            0.000         0.000         0.000         0.000         0.000
 C18            0.000         0.000         0.000         0.000         0.000
 C19            0.000         0.000         0.000         0.000         0.000
 C20            0.000         0.000         0.000         0.000         0.000
 C21            0.000         0.000         0.000         0.000         0.000
 C22            0.000         0.000         0.000         0.000         0.000
 C23            0.000         0.000         0.000         0.000         0.000
 C24            0.000         0.000         0.000         0.000         0.000


           Standardized Residuals (z-scores) for Covariances
              C16           C17           C18           C19           C20
              ________      ________      ________      ________      ________
 C16            0.000
 C17            0.000         0.000
 C18            0.000         0.000         0.000
 C19            0.000         0.000         0.000         0.000
 C20            0.000         0.000         0.000         0.000         0.000
 C21            0.000         0.000         0.000         0.000         0.000
 C22            0.000         0.000         0.000         0.000         0.000
 C23            0.000         0.000         0.000         0.000         0.000
 C24            0.000         0.000         0.000         0.000         0.000


           Standardized Residuals (z-scores) for Covariances
              C21           C22           C23           C24
              ________      ________      ________      ________
 C21            0.000
 C22            0.000         0.000
 C23            0.000         0.000         0.000
 C24            0.000         0.000         0.000         0.000


           Normalized Residuals for Covariances
              X1            X2            X3            X4            X5
              ________      ________      ________      ________      ________
 X1             0.215
 X2             0.762        -0.117
 X3            -1.004        -1.877        -1.363
 X4             0.373         1.683         0.583         1.352
 X5             1.103        -0.113        -1.722         1.691        -0.078
 Y1             0.023        -0.276         1.388        -0.404        -0.603
 Y2             1.049        -2.705         1.535        -0.222         0.133
 Y3            -0.696         0.298        -0.682         0.191         0.186
 Y4            -0.881         0.889         0.940        -1.077        -0.499
 Y5             0.621        -0.284         2.197         0.106         0.269
 C1             0.124        -0.026        -0.492         0.146         0.248
 C2             0.531        -0.099        -2.001         1.935         0.421
 C3            -0.004         0.593        -1.182         0.540         0.145
 C4            -1.340         2.049         0.496        -0.229        -1.907
 C5             0.855        -1.709         0.005         1.276         0.180
 C6            -0.004        -0.382         0.437         0.075        -0.485
 C7             0.128        -0.565         0.449        -0.550        -0.297
 C8            -0.038         0.765        -0.959         0.073         0.560
 C9            -0.042        -0.681         1.107        -0.034        -0.342
 C10            0.909        -0.643        -1.206         1.678         1.678
 C11            0.157        -0.071         0.162        -2.062         1.100
 C12            0.323         0.313        -1.234         0.087         1.348
 C13            0.323         0.253        -2.014         1.616         0.353
 C14            0.170         0.569        -1.746         1.120         0.085
 C15           -0.035        -0.297         0.572        -0.048        -0.393
 C16           -0.023         0.011        -0.048         0.628        -0.157
 C17            0.022        -0.466         0.492         0.595        -0.516
 C18            0.161        -0.021        -0.315        -0.581         0.906
 C19           -0.344         0.403         0.402        -0.803        -0.131
 C20            0.152        -0.338         0.295        -0.449         0.461
 C21            0.519        -0.316        -1.122         0.312         0.512
 C22           -0.618         0.541         1.476        -1.494        -0.498
 C23            0.157        -0.439         0.750        -1.404         0.370
 C24            0.118         1.284        -2.776         1.599         0.539


           Normalized Residuals for Covariances
              Y1            Y2            Y3            Y4            Y5
              ________      ________      ________      ________      ________
 Y1            -0.528
 Y2            -0.758         0.596
 Y3             0.672         3.387         1.440
 Y4            -1.114        -1.654        -1.310        -1.533
 Y5            -1.774         0.005        -0.420        -1.313        -1.095
 C1             0.369        -0.441        -0.663         0.643         0.503
 C2             0.315        -0.318        -0.432         0.157         0.427
 C3             0.261        -0.043        -0.616        -0.152         1.043
 C4            -0.168         0.688        -0.933         1.103        -0.692
 C5            -0.236         0.199         0.603        -1.198         0.005
 C6            -0.102         0.494        -0.879         0.926        -0.156
 C7             0.138        -0.282        -0.195         1.085        -0.295
 C8            -0.256         0.046         1.026        -0.757        -0.529
 C9             0.069        -0.009        -0.413         0.856        -0.270
 C10            0.195        -0.012        -1.572         1.836        -0.180
 C11           -0.289         0.730         0.048        -0.659        -0.149
 C12           -0.095         1.027        -1.507         0.269         0.535
 C13           -0.061         0.253        -0.157        -0.221         0.130
 C14            0.577        -1.250         0.478        -0.851         1.606
 C15           -0.128        -0.082         0.926        -0.947        -0.077
 C16            0.265        -0.349        -0.769         2.011        -0.547
 C17            0.168        -0.267        -0.546         0.955         0.100
 C18           -0.382         0.951        -0.406        -0.151        -0.479
 C19            0.375        -0.318        -0.813         0.213         0.862
 C20            0.063         0.048        -0.497         0.989         0.109
 C21            0.163         0.263        -0.500        -1.799         1.620
 C22           -0.285         0.236         0.350         0.058        -0.719
 C23            0.149        -1.020         1.318        -0.516        -0.143
 C24            0.232        -0.797         0.749        -0.988         0.667


           Normalized Residuals for Covariances
              C1            C2            C3            C4            C5
              ________      ________      ________      ________      ________
 C1             0.000
 C2             0.000         0.000
 C3             0.000         0.000         0.000
 C4             0.000         0.000         0.000         0.000
 C5             0.000         0.000         0.000         0.000         0.000
 C6             0.000         0.000         0.000         0.000         0.000
 C7             0.000         0.000         0.000         0.000         0.000
 C8             0.000         0.000         0.000         0.000         0.000
 C9             0.000         0.000         0.000         0.000         0.000
 C10            0.000         0.000         0.000         0.000         0.000
 C11            0.000         0.000         0.000         0.000         0.000
 C12            0.000         0.000         0.000         0.000         0.000
 C13            0.000         0.000         0.000         0.000         0.000
 C14            0.000         0.000         0.000         0.000         0.000
 C15            0.000         0.000         0.000         0.000         0.000
 C16            0.000         0.000         0.000         0.000         0.000
 C17            0.000         0.000         0.000         0.000         0.000
 C18            0.000         0.000         0.000         0.000         0.000
 C19            0.000         0.000         0.000         0.000         0.000
 C20            0.000         0.000         0.000         0.000         0.000
 C21            0.000         0.000         0.000         0.000         0.000
 C22            0.000         0.000         0.000         0.000         0.000
 C23            0.000         0.000         0.000         0.000         0.000
 C24            0.000         0.000         0.000         0.000         0.000


           Normalized Residuals for Covariances
              C6            C7            C8            C9            C10
              ________      ________      ________      ________      ________
 C6             0.000
 C7             0.000         0.000
 C8             0.000         0.000         0.000
 C9             0.000         0.000         0.000         0.000
 C10            0.000         0.000         0.000         0.000         0.000
 C11            0.000         0.000         0.000         0.000         0.000
 C12            0.000         0.000         0.000         0.000         0.000
 C13            0.000         0.000         0.000         0.000         0.000
 C14            0.000         0.000         0.000         0.000         0.000
 C15            0.000         0.000         0.000         0.000         0.000
 C16            0.000         0.000         0.000         0.000         0.000
 C17            0.000         0.000         0.000         0.000         0.000
 C18            0.000         0.000         0.000         0.000         0.000
 C19            0.000         0.000         0.000         0.000         0.000
 C20            0.000         0.000         0.000         0.000         0.000
 C21            0.000         0.000         0.000         0.000         0.000
 C22            0.000         0.000         0.000         0.000         0.000
 C23            0.000         0.000         0.000         0.000         0.000
 C24            0.000         0.000         0.000         0.000         0.000


           Normalized Residuals for Covariances
              C11           C12           C13           C14           C15
              ________      ________      ________      ________      ________
 C11            0.000
 C12            0.000         0.000
 C13            0.000         0.000         0.000
 C14            0.000         0.000         0.000         0.000
 C15            0.000         0.000         0.000         0.000         0.000
 C16            0.000         0.000         0.000         0.000         0.000
 C17            0.000         0.000         0.000         0.000         0.000
 C18            0.000         0.000         0.000         0.000         0.000
 C19            0.000         0.000         0.000         0.000         0.000
 C20            0.000         0.000         0.000         0.000         0.000
 C21            0.000         0.000         0.000         0.000         0.000
 C22            0.000         0.000         0.000         0.000         0.000
 C23            0.000         0.000         0.000         0.000         0.000
 C24            0.000         0.000         0.000         0.000         0.000


           Normalized Residuals for Covariances
              C16           C17           C18           C19           C20
              ________      ________      ________      ________      ________
 C16            0.000
 C17            0.000         0.000
 C18            0.000         0.000         0.000
 C19            0.000         0.000         0.000         0.000
 C20            0.000         0.000         0.000         0.000         0.000
 C21            0.000         0.000         0.000         0.000         0.000
 C22            0.000         0.000         0.000         0.000         0.000
 C23            0.000         0.000         0.000         0.000         0.000
 C24            0.000         0.000         0.000         0.000         0.000


           Normalized Residuals for Covariances
              C21           C22           C23           C24
              ________      ________      ________      ________
 C21            0.000
 C22            0.000         0.000
 C23            0.000         0.000         0.000
 C24            0.000         0.000         0.000         0.000


TECHNICAL 1 OUTPUT


     PARAMETER SPECIFICATION


           NU
              X1            X2            X3            X4            X5
              ________      ________      ________      ________      ________
                  0             0             0             0             0


           NU
              Y1            Y2            Y3            Y4            Y5
              ________      ________      ________      ________      ________
                  0             0             0             0             0


           NU
              C1            C2            C3            C4            C5
              ________      ________      ________      ________      ________
                  0             0             0             0             0


           NU
              C6            C7            C8            C9            C10
              ________      ________      ________      ________      ________
                  0             0             0             0             0


           NU
              C11           C12           C13           C14           C15
              ________      ________      ________      ________      ________
                  0             0             0             0             0


           NU
              C16           C17           C18           C19           C20
              ________      ________      ________      ________      ________
                  0             0             0             0             0


           NU
              C21           C22           C23           C24
              ________      ________      ________      ________
                  0             0             0             0


           LAMBDA
              IX            SX            IY            SY            C1
              ________      ________      ________      ________      ________
 X1                 0             0             0             0             0
 X2                 0             0             0             0             0
 X3                 0             0             0             0             0
 X4                 0             0             0             0             0
 X5                 0             0             0             0             0
 Y1                 0             0             0             0             0
 Y2                 0             0             0             0             0
 Y3                 0             0             0             0             0
 Y4                 0             0             0             0             0
 Y5                 0             0             0             0             0
 C1                 0             0             0             0             0
 C2                 0             0             0             0             0
 C3                 0             0             0             0             0
 C4                 0             0             0             0             0
 C5                 0             0             0             0             0
 C6                 0             0             0             0             0
 C7                 0             0             0             0             0
 C8                 0             0             0             0             0
 C9                 0             0             0             0             0
 C10                0             0             0             0             0
 C11                0             0             0             0             0
 C12                0             0             0             0             0
 C13                0             0             0             0             0
 C14                0             0             0             0             0
 C15                0             0             0             0             0
 C16                0             0             0             0             0
 C17                0             0             0             0             0
 C18                0             0             0             0             0
 C19                0             0             0             0             0
 C20                0             0             0             0             0
 C21                0             0             0             0             0
 C22                0             0             0             0             0
 C23                0             0             0             0             0
 C24                0             0             0             0             0


           LAMBDA
              C2            C3            C4            C5            C6
              ________      ________      ________      ________      ________
 X1                 0             0             0             0             0
 X2                 0             0             0             0             0
 X3                 0             0             0             0             0
 X4                 0             0             0             0             0
 X5                 0             0             0             0             0
 Y1                 0             0             0             0             0
 Y2                 0             0             0             0             0
 Y3                 0             0             0             0             0
 Y4                 0             0             0             0             0
 Y5                 0             0             0             0             0
 C1                 0             0             0             0             0
 C2                 0             0             0             0             0
 C3                 0             0             0             0             0
 C4                 0             0             0             0             0
 C5                 0             0             0             0             0
 C6                 0             0             0             0             0
 C7                 0             0             0             0             0
 C8                 0             0             0             0             0
 C9                 0             0             0             0             0
 C10                0             0             0             0             0
 C11                0             0             0             0             0
 C12                0             0             0             0             0
 C13                0             0             0             0             0
 C14                0             0             0             0             0
 C15                0             0             0             0             0
 C16                0             0             0             0             0
 C17                0             0             0             0             0
 C18                0             0             0             0             0
 C19                0             0             0             0             0
 C20                0             0             0             0             0
 C21                0             0             0             0             0
 C22                0             0             0             0             0
 C23                0             0             0             0             0
 C24                0             0             0             0             0


           LAMBDA
              C7            C8            C9            C10           C11
              ________      ________      ________      ________      ________
 X1                 0             0             0             0             0
 X2                 0             0             0             0             0
 X3                 0             0             0             0             0
 X4                 0             0             0             0             0
 X5                 0             0             0             0             0
 Y1                 0             0             0             0             0
 Y2                 0             0             0             0             0
 Y3                 0             0             0             0             0
 Y4                 0             0             0             0             0
 Y5                 0             0             0             0             0
 C1                 0             0             0             0             0
 C2                 0             0             0             0             0
 C3                 0             0             0             0             0
 C4                 0             0             0             0             0
 C5                 0             0             0             0             0
 C6                 0             0             0             0             0
 C7                 0             0             0             0             0
 C8                 0             0             0             0             0
 C9                 0             0             0             0             0
 C10                0             0             0             0             0
 C11                0             0             0             0             0
 C12                0             0             0             0             0
 C13                0             0             0             0             0
 C14                0             0             0             0             0
 C15                0             0             0             0             0
 C16                0             0             0             0             0
 C17                0             0             0             0             0
 C18                0             0             0             0             0
 C19                0             0             0             0             0
 C20                0             0             0             0             0
 C21                0             0             0             0             0
 C22                0             0             0             0             0
 C23                0             0             0             0             0
 C24                0             0             0             0             0


           LAMBDA
              C12           C13           C14           C15           C16
              ________      ________      ________      ________      ________
 X1                 0             0             0             0             0
 X2                 0             0             0             0             0
 X3                 0             0             0             0             0
 X4                 0             0             0             0             0
 X5                 0             0             0             0             0
 Y1                 0             0             0             0             0
 Y2                 0             0             0             0             0
 Y3                 0             0             0             0             0
 Y4                 0             0             0             0             0
 Y5                 0             0             0             0             0
 C1                 0             0             0             0             0
 C2                 0             0             0             0             0
 C3                 0             0             0             0             0
 C4                 0             0             0             0             0
 C5                 0             0             0             0             0
 C6                 0             0             0             0             0
 C7                 0             0             0             0             0
 C8                 0             0             0             0             0
 C9                 0             0             0             0             0
 C10                0             0             0             0             0
 C11                0             0             0             0             0
 C12                0             0             0             0             0
 C13                0             0             0             0             0
 C14                0             0             0             0             0
 C15                0             0             0             0             0
 C16                0             0             0             0             0
 C17                0             0             0             0             0
 C18                0             0             0             0             0
 C19                0             0             0             0             0
 C20                0             0             0             0             0
 C21                0             0             0             0             0
 C22                0             0             0             0             0
 C23                0             0             0             0             0
 C24                0             0             0             0             0


           LAMBDA
              C17           C18           C19           C20           C21
              ________      ________      ________      ________      ________
 X1                 0             0             0             0             0
 X2                 0             0             0             0             0
 X3                 0             0             0             0             0
 X4                 0             0             0             0             0
 X5                 0             0             0             0             0
 Y1                 0             0             0             0             0
 Y2                 0             0             0             0             0
 Y3                 0             0             0             0             0
 Y4                 0             0             0             0             0
 Y5                 0             0             0             0             0
 C1                 0             0             0             0             0
 C2                 0             0             0             0             0
 C3                 0             0             0             0             0
 C4                 0             0             0             0             0
 C5                 0             0             0             0             0
 C6                 0             0             0             0             0
 C7                 0             0             0             0             0
 C8                 0             0             0             0             0
 C9                 0             0             0             0             0
 C10                0             0             0             0             0
 C11                0             0             0             0             0
 C12                0             0             0             0             0
 C13                0             0             0             0             0
 C14                0             0             0             0             0
 C15                0             0             0             0             0
 C16                0             0             0             0             0
 C17                0             0             0             0             0
 C18                0             0             0             0             0
 C19                0             0             0             0             0
 C20                0             0             0             0             0
 C21                0             0             0             0             0
 C22                0             0             0             0             0
 C23                0             0             0             0             0
 C24                0             0             0             0             0


           LAMBDA
              C22           C23           C24
              ________      ________      ________
 X1                 0             0             0
 X2                 0             0             0
 X3                 0             0             0
 X4                 0             0             0
 X5                 0             0             0
 Y1                 0             0             0
 Y2                 0             0             0
 Y3                 0             0             0
 Y4                 0             0             0
 Y5                 0             0             0
 C1                 0             0             0
 C2                 0             0             0
 C3                 0             0             0
 C4                 0             0             0
 C5                 0             0             0
 C6                 0             0             0
 C7                 0             0             0
 C8                 0             0             0
 C9                 0             0             0
 C10                0             0             0
 C11                0             0             0
 C12                0             0             0
 C13                0             0             0
 C14                0             0             0
 C15                0             0             0
 C16                0             0             0
 C17                0             0             0
 C18                0             0             0
 C19                0             0             0
 C20                0             0             0
 C21                0             0             0
 C22                0             0             0
 C23                0             0             0
 C24                0             0             0


           THETA
              X1            X2            X3            X4            X5
              ________      ________      ________      ________      ________
 X1                 1
 X2                 0             2
 X3                 0             0             3
 X4                 0             0             0             4
 X5                 0             0             0             0             5
 Y1                 0             0             0             0             0
 Y2                 0             0             0             0             0
 Y3                 0             0             0             0             0
 Y4                 0             0             0             0             0
 Y5                 0             0             0             0             0
 C1                 0             0             0             0             0
 C2                 0             0             0             0             0
 C3                 0             0             0             0             0
 C4                 0             0             0             0             0
 C5                 0             0             0             0             0
 C6                 0             0             0             0             0
 C7                 0             0             0             0             0
 C8                 0             0             0             0             0
 C9                 0             0             0             0             0
 C10                0             0             0             0             0
 C11                0             0             0             0             0
 C12                0             0             0             0             0
 C13                0             0             0             0             0
 C14                0             0             0             0             0
 C15                0             0             0             0             0
 C16                0             0             0             0             0
 C17                0             0             0             0             0
 C18                0             0             0             0             0
 C19                0             0             0             0             0
 C20                0             0             0             0             0
 C21                0             0             0             0             0
 C22                0             0             0             0             0
 C23                0             0             0             0             0
 C24                0             0             0             0             0


           THETA
              Y1            Y2            Y3            Y4            Y5
              ________      ________      ________      ________      ________
 Y1                 6
 Y2                 0             7
 Y3                 0             0             8
 Y4                 0             0             0             9
 Y5                 0             0             0             0            10
 C1                 0             0             0             0             0
 C2                 0             0             0             0             0
 C3                 0             0             0             0             0
 C4                 0             0             0             0             0
 C5                 0             0             0             0             0
 C6                 0             0             0             0             0
 C7                 0             0             0             0             0
 C8                 0             0             0             0             0
 C9                 0             0             0             0             0
 C10                0             0             0             0             0
 C11                0             0             0             0             0
 C12                0             0             0             0             0
 C13                0             0             0             0             0
 C14                0             0             0             0             0
 C15                0             0             0             0             0
 C16                0             0             0             0             0
 C17                0             0             0             0             0
 C18                0             0             0             0             0
 C19                0             0             0             0             0
 C20                0             0             0             0             0
 C21                0             0             0             0             0
 C22                0             0             0             0             0
 C23                0             0             0             0             0
 C24                0             0             0             0             0


           THETA
              C1            C2            C3            C4            C5
              ________      ________      ________      ________      ________
 C1                 0
 C2                 0             0
 C3                 0             0             0
 C4                 0             0             0             0
 C5                 0             0             0             0             0
 C6                 0             0             0             0             0
 C7                 0             0             0             0             0
 C8                 0             0             0             0             0
 C9                 0             0             0             0             0
 C10                0             0             0             0             0
 C11                0             0             0             0             0
 C12                0             0             0             0             0
 C13                0             0             0             0             0
 C14                0             0             0             0             0
 C15                0             0             0             0             0
 C16                0             0             0             0             0
 C17                0             0             0             0             0
 C18                0             0             0             0             0
 C19                0             0             0             0             0
 C20                0             0             0             0             0
 C21                0             0             0             0             0
 C22                0             0             0             0             0
 C23                0             0             0             0             0
 C24                0             0             0             0             0


           THETA
              C6            C7            C8            C9            C10
              ________      ________      ________      ________      ________
 C6                 0
 C7                 0             0
 C8                 0             0             0
 C9                 0             0             0             0
 C10                0             0             0             0             0
 C11                0             0             0             0             0
 C12                0             0             0             0             0
 C13                0             0             0             0             0
 C14                0             0             0             0             0
 C15                0             0             0             0             0
 C16                0             0             0             0             0
 C17                0             0             0             0             0
 C18                0             0             0             0             0
 C19                0             0             0             0             0
 C20                0             0             0             0             0
 C21                0             0             0             0             0
 C22                0             0             0             0             0
 C23                0             0             0             0             0
 C24                0             0             0             0             0


           THETA
              C11           C12           C13           C14           C15
              ________      ________      ________      ________      ________
 C11                0
 C12                0             0
 C13                0             0             0
 C14                0             0             0             0
 C15                0             0             0             0             0
 C16                0             0             0             0             0
 C17                0             0             0             0             0
 C18                0             0             0             0             0
 C19                0             0             0             0             0
 C20                0             0             0             0             0
 C21                0             0             0             0             0
 C22                0             0             0             0             0
 C23                0             0             0             0             0
 C24                0             0             0             0             0


           THETA
              C16           C17           C18           C19           C20
              ________      ________      ________      ________      ________
 C16                0
 C17                0             0
 C18                0             0             0
 C19                0             0             0             0
 C20                0             0             0             0             0
 C21                0             0             0             0             0
 C22                0             0             0             0             0
 C23                0             0             0             0             0
 C24                0             0             0             0             0


           THETA
              C21           C22           C23           C24
              ________      ________      ________      ________
 C21                0
 C22                0             0
 C23                0             0             0
 C24                0             0             0             0


           ALPHA
              IX            SX            IY            SY            C1
              ________      ________      ________      ________      ________
                 11            12            13            14             0


           ALPHA
              C2            C3            C4            C5            C6
              ________      ________      ________      ________      ________
                  0             0             0             0             0


           ALPHA
              C7            C8            C9            C10           C11
              ________      ________      ________      ________      ________
                  0             0             0             0             0


           ALPHA
              C12           C13           C14           C15           C16
              ________      ________      ________      ________      ________
                  0             0             0             0             0


           ALPHA
              C17           C18           C19           C20           C21
              ________      ________      ________      ________      ________
                  0             0             0             0             0


           ALPHA
              C22           C23           C24
              ________      ________      ________
                  0             0             0


           BETA
              IX            SX            IY            SY            C1
              ________      ________      ________      ________      ________
 IX                 0             0             0             0            15
 SX                 0             0             0             0            39
 IY                63             0             0             0            64
 SY                88            89            90             0            91
 C1                 0             0             0             0             0
 C2                 0             0             0             0             0
 C3                 0             0             0             0             0
 C4                 0             0             0             0             0
 C5                 0             0             0             0             0
 C6                 0             0             0             0             0
 C7                 0             0             0             0             0
 C8                 0             0             0             0             0
 C9                 0             0             0             0             0
 C10                0             0             0             0             0
 C11                0             0             0             0             0
 C12                0             0             0             0             0
 C13                0             0             0             0             0
 C14                0             0             0             0             0
 C15                0             0             0             0             0
 C16                0             0             0             0             0
 C17                0             0             0             0             0
 C18                0             0             0             0             0
 C19                0             0             0             0             0
 C20                0             0             0             0             0
 C21                0             0             0             0             0
 C22                0             0             0             0             0
 C23                0             0             0             0             0
 C24                0             0             0             0             0


           BETA
              C2            C3            C4            C5            C6
              ________      ________      ________      ________      ________
 IX                16            17            18            19            20
 SX                40            41            42            43            44
 IY                65            66            67            68            69
 SY                92            93            94            95            96
 C1                 0             0             0             0             0
 C2                 0             0             0             0             0
 C3                 0             0             0             0             0
 C4                 0             0             0             0             0
 C5                 0             0             0             0             0
 C6                 0             0             0             0             0
 C7                 0             0             0             0             0
 C8                 0             0             0             0             0
 C9                 0             0             0             0             0
 C10                0             0             0             0             0
 C11                0             0             0             0             0
 C12                0             0             0             0             0
 C13                0             0             0             0             0
 C14                0             0             0             0             0
 C15                0             0             0             0             0
 C16                0             0             0             0             0
 C17                0             0             0             0             0
 C18                0             0             0             0             0
 C19                0             0             0             0             0
 C20                0             0             0             0             0
 C21                0             0             0             0             0
 C22                0             0             0             0             0
 C23                0             0             0             0             0
 C24                0             0             0             0             0


           BETA
              C7            C8            C9            C10           C11
              ________      ________      ________      ________      ________
 IX                21            22            23            24            25
 SX                45            46            47            48            49
 IY                70            71            72            73            74
 SY                97            98            99           100           101
 C1                 0             0             0             0             0
 C2                 0             0             0             0             0
 C3                 0             0             0             0             0
 C4                 0             0             0             0             0
 C5                 0             0             0             0             0
 C6                 0             0             0             0             0
 C7                 0             0             0             0             0
 C8                 0             0             0             0             0
 C9                 0             0             0             0             0
 C10                0             0             0             0             0
 C11                0             0             0             0             0
 C12                0             0             0             0             0
 C13                0             0             0             0             0
 C14                0             0             0             0             0
 C15                0             0             0             0             0
 C16                0             0             0             0             0
 C17                0             0             0             0             0
 C18                0             0             0             0             0
 C19                0             0             0             0             0
 C20                0             0             0             0             0
 C21                0             0             0             0             0
 C22                0             0             0             0             0
 C23                0             0             0             0             0
 C24                0             0             0             0             0


           BETA
              C12           C13           C14           C15           C16
              ________      ________      ________      ________      ________
 IX                26            27            28            29            30
 SX                50            51            52            53            54
 IY                75            76            77            78            79
 SY               102           103           104           105           106
 C1                 0             0             0             0             0
 C2                 0             0             0             0             0
 C3                 0             0             0             0             0
 C4                 0             0             0             0             0
 C5                 0             0             0             0             0
 C6                 0             0             0             0             0
 C7                 0             0             0             0             0
 C8                 0             0             0             0             0
 C9                 0             0             0             0             0
 C10                0             0             0             0             0
 C11                0             0             0             0             0
 C12                0             0             0             0             0
 C13                0             0             0             0             0
 C14                0             0             0             0             0
 C15                0             0             0             0             0
 C16                0             0             0             0             0
 C17                0             0             0             0             0
 C18                0             0             0             0             0
 C19                0             0             0             0             0
 C20                0             0             0             0             0
 C21                0             0             0             0             0
 C22                0             0             0             0             0
 C23                0             0             0             0             0
 C24                0             0             0             0             0


           BETA
              C17           C18           C19           C20           C21
              ________      ________      ________      ________      ________
 IX                31            32            33            34            35
 SX                55            56            57            58            59
 IY                80            81            82            83            84
 SY               107           108           109           110           111
 C1                 0             0             0             0             0
 C2                 0             0             0             0             0
 C3                 0             0             0             0             0
 C4                 0             0             0             0             0
 C5                 0             0             0             0             0
 C6                 0             0             0             0             0
 C7                 0             0             0             0             0
 C8                 0             0             0             0             0
 C9                 0             0             0             0             0
 C10                0             0             0             0             0
 C11                0             0             0             0             0
 C12                0             0             0             0             0
 C13                0             0             0             0             0
 C14                0             0             0             0             0
 C15                0             0             0             0             0
 C16                0             0             0             0             0
 C17                0             0             0             0             0
 C18                0             0             0             0             0
 C19                0             0             0             0             0
 C20                0             0             0             0             0
 C21                0             0             0             0             0
 C22                0             0             0             0             0
 C23                0             0             0             0             0
 C24                0             0             0             0             0


           BETA
              C22           C23           C24
              ________      ________      ________
 IX                36            37            38
 SX                60            61            62
 IY                85            86            87
 SY               112           113           114
 C1                 0             0             0
 C2                 0             0             0
 C3                 0             0             0
 C4                 0             0             0
 C5                 0             0             0
 C6                 0             0             0
 C7                 0             0             0
 C8                 0             0             0
 C9                 0             0             0
 C10                0             0             0
 C11                0             0             0
 C12                0             0             0
 C13                0             0             0
 C14                0             0             0
 C15                0             0             0
 C16                0             0             0
 C17                0             0             0
 C18                0             0             0
 C19                0             0             0
 C20                0             0             0
 C21                0             0             0
 C22                0             0             0
 C23                0             0             0
 C24                0             0             0


           PSI
              IX            SX            IY            SY            C1
              ________      ________      ________      ________      ________
 IX               115
 SX               116           117
 IY                 0           118           119
 SY                 0             0             0           120
 C1                 0             0             0             0             0
 C2                 0             0             0             0             0
 C3                 0             0             0             0             0
 C4                 0             0             0             0             0
 C5                 0             0             0             0             0
 C6                 0             0             0             0             0
 C7                 0             0             0             0             0
 C8                 0             0             0             0             0
 C9                 0             0             0             0             0
 C10                0             0             0             0             0
 C11                0             0             0             0             0
 C12                0             0             0             0             0
 C13                0             0             0             0             0
 C14                0             0             0             0             0
 C15                0             0             0             0             0
 C16                0             0             0             0             0
 C17                0             0             0             0             0
 C18                0             0             0             0             0
 C19                0             0             0             0             0
 C20                0             0             0             0             0
 C21                0             0             0             0             0
 C22                0             0             0             0             0
 C23                0             0             0             0             0
 C24                0             0             0             0             0


           PSI
              C2            C3            C4            C5            C6
              ________      ________      ________      ________      ________
 C2                 0
 C3                 0             0
 C4                 0             0             0
 C5                 0             0             0             0
 C6                 0             0             0             0             0
 C7                 0             0             0             0             0
 C8                 0             0             0             0             0
 C9                 0             0             0             0             0
 C10                0             0             0             0             0
 C11                0             0             0             0             0
 C12                0             0             0             0             0
 C13                0             0             0             0             0
 C14                0             0             0             0             0
 C15                0             0             0             0             0
 C16                0             0             0             0             0
 C17                0             0             0             0             0
 C18                0             0             0             0             0
 C19                0             0             0             0             0
 C20                0             0             0             0             0
 C21                0             0             0             0             0
 C22                0             0             0             0             0
 C23                0             0             0             0             0
 C24                0             0             0             0             0


           PSI
              C7            C8            C9            C10           C11
              ________      ________      ________      ________      ________
 C7                 0
 C8                 0             0
 C9                 0             0             0
 C10                0             0             0             0
 C11                0             0             0             0             0
 C12                0             0             0             0             0
 C13                0             0             0             0             0
 C14                0             0             0             0             0
 C15                0             0             0             0             0
 C16                0             0             0             0             0
 C17                0             0             0             0             0
 C18                0             0             0             0             0
 C19                0             0             0             0             0
 C20                0             0             0             0             0
 C21                0             0             0             0             0
 C22                0             0             0             0             0
 C23                0             0             0             0             0
 C24                0             0             0             0             0


           PSI
              C12           C13           C14           C15           C16
              ________      ________      ________      ________      ________
 C12                0
 C13                0             0
 C14                0             0             0
 C15                0             0             0             0
 C16                0             0             0             0             0
 C17                0             0             0             0             0
 C18                0             0             0             0             0
 C19                0             0             0             0             0
 C20                0             0             0             0             0
 C21                0             0             0             0             0
 C22                0             0             0             0             0
 C23                0             0             0             0             0
 C24                0             0             0             0             0


           PSI
              C17           C18           C19           C20           C21
              ________      ________      ________      ________      ________
 C17                0
 C18                0             0
 C19                0             0             0
 C20                0             0             0             0
 C21                0             0             0             0             0
 C22                0             0             0             0             0
 C23                0             0             0             0             0
 C24                0             0             0             0             0


           PSI
              C22           C23           C24
              ________      ________      ________
 C22                0
 C23                0             0
 C24                0             0             0


     STARTING VALUES


           NU
              X1            X2            X3            X4            X5
              ________      ________      ________      ________      ________
                0.000         0.000         0.000         0.000         0.000


           NU
              Y1            Y2            Y3            Y4            Y5
              ________      ________      ________      ________      ________
                0.000         0.000         0.000         0.000         0.000


           NU
              C1            C2            C3            C4            C5
              ________      ________      ________      ________      ________
                0.000         0.000         0.000         0.000         0.000


           NU
              C6            C7            C8            C9            C10
              ________      ________      ________      ________      ________
                0.000         0.000         0.000         0.000         0.000


           NU
              C11           C12           C13           C14           C15
              ________      ________      ________      ________      ________
                0.000         0.000         0.000         0.000         0.000


           NU
              C16           C17           C18           C19           C20
              ________      ________      ________      ________      ________
                0.000         0.000         0.000         0.000         0.000


           NU
              C21           C22           C23           C24
              ________      ________      ________      ________
                0.000         0.000         0.000         0.000


           LAMBDA
              IX            SX            IY            SY            C1
              ________      ________      ________      ________      ________
 X1             1.000         0.000         0.000         0.000         0.000
 X2             1.000         0.400         0.000         0.000         0.000
 X3             1.000         0.600         0.000         0.000         0.000
 X4             1.000         0.800         0.000         0.000         0.000
 X5             1.000         1.000         0.000         0.000         0.000
 Y1             0.000         0.000         1.000         0.000         0.000
 Y2             0.000         0.000         1.000         0.400         0.000
 Y3             0.000         0.000         1.000         0.600         0.000
 Y4             0.000         0.000         1.000         0.800         0.000
 Y5             0.000         0.000         1.000         1.000         0.000
 C1             0.000         0.000         0.000         0.000         1.000
 C2             0.000         0.000         0.000         0.000         0.000
 C3             0.000         0.000         0.000         0.000         0.000
 C4             0.000         0.000         0.000         0.000         0.000
 C5             0.000         0.000         0.000         0.000         0.000
 C6             0.000         0.000         0.000         0.000         0.000
 C7             0.000         0.000         0.000         0.000         0.000
 C8             0.000         0.000         0.000         0.000         0.000
 C9             0.000         0.000         0.000         0.000         0.000
 C10            0.000         0.000         0.000         0.000         0.000
 C11            0.000         0.000         0.000         0.000         0.000
 C12            0.000         0.000         0.000         0.000         0.000
 C13            0.000         0.000         0.000         0.000         0.000
 C14            0.000         0.000         0.000         0.000         0.000
 C15            0.000         0.000         0.000         0.000         0.000
 C16            0.000         0.000         0.000         0.000         0.000
 C17            0.000         0.000         0.000         0.000         0.000
 C18            0.000         0.000         0.000         0.000         0.000
 C19            0.000         0.000         0.000         0.000         0.000
 C20            0.000         0.000         0.000         0.000         0.000
 C21            0.000         0.000         0.000         0.000         0.000
 C22            0.000         0.000         0.000         0.000         0.000
 C23            0.000         0.000         0.000         0.000         0.000
 C24            0.000         0.000         0.000         0.000         0.000


           LAMBDA
              C2            C3            C4            C5            C6
              ________      ________      ________      ________      ________
 X1             0.000         0.000         0.000         0.000         0.000
 X2             0.000         0.000         0.000         0.000         0.000
 X3             0.000         0.000         0.000         0.000         0.000
 X4             0.000         0.000         0.000         0.000         0.000
 X5             0.000         0.000         0.000         0.000         0.000
 Y1             0.000         0.000         0.000         0.000         0.000
 Y2             0.000         0.000         0.000         0.000         0.000
 Y3             0.000         0.000         0.000         0.000         0.000
 Y4             0.000         0.000         0.000         0.000         0.000
 Y5             0.000         0.000         0.000         0.000         0.000
 C1             0.000         0.000         0.000         0.000         0.000
 C2             1.000         0.000         0.000         0.000         0.000
 C3             0.000         1.000         0.000         0.000         0.000
 C4             0.000         0.000         1.000         0.000         0.000
 C5             0.000         0.000         0.000         1.000         0.000
 C6             0.000         0.000         0.000         0.000         1.000
 C7             0.000         0.000         0.000         0.000         0.000
 C8             0.000         0.000         0.000         0.000         0.000
 C9             0.000         0.000         0.000         0.000         0.000
 C10            0.000         0.000         0.000         0.000         0.000
 C11            0.000         0.000         0.000         0.000         0.000
 C12            0.000         0.000         0.000         0.000         0.000
 C13            0.000         0.000         0.000         0.000         0.000
 C14            0.000         0.000         0.000         0.000         0.000
 C15            0.000         0.000         0.000         0.000         0.000
 C16            0.000         0.000         0.000         0.000         0.000
 C17            0.000         0.000         0.000         0.000         0.000
 C18            0.000         0.000         0.000         0.000         0.000
 C19            0.000         0.000         0.000         0.000         0.000
 C20            0.000         0.000         0.000         0.000         0.000
 C21            0.000         0.000         0.000         0.000         0.000
 C22            0.000         0.000         0.000         0.000         0.000
 C23            0.000         0.000         0.000         0.000         0.000
 C24            0.000         0.000         0.000         0.000         0.000


           LAMBDA
              C7            C8            C9            C10           C11
              ________      ________      ________      ________      ________
 X1             0.000         0.000         0.000         0.000         0.000
 X2             0.000         0.000         0.000         0.000         0.000
 X3             0.000         0.000         0.000         0.000         0.000
 X4             0.000         0.000         0.000         0.000         0.000
 X5             0.000         0.000         0.000         0.000         0.000
 Y1             0.000         0.000         0.000         0.000         0.000
 Y2             0.000         0.000         0.000         0.000         0.000
 Y3             0.000         0.000         0.000         0.000         0.000
 Y4             0.000         0.000         0.000         0.000         0.000
 Y5             0.000         0.000         0.000         0.000         0.000
 C1             0.000         0.000         0.000         0.000         0.000
 C2             0.000         0.000         0.000         0.000         0.000
 C3             0.000         0.000         0.000         0.000         0.000
 C4             0.000         0.000         0.000         0.000         0.000
 C5             0.000         0.000         0.000         0.000         0.000
 C6             0.000         0.000         0.000         0.000         0.000
 C7             1.000         0.000         0.000         0.000         0.000
 C8             0.000         1.000         0.000         0.000         0.000
 C9             0.000         0.000         1.000         0.000         0.000
 C10            0.000         0.000         0.000         1.000         0.000
 C11            0.000         0.000         0.000         0.000         1.000
 C12            0.000         0.000         0.000         0.000         0.000
 C13            0.000         0.000         0.000         0.000         0.000
 C14            0.000         0.000         0.000         0.000         0.000
 C15            0.000         0.000         0.000         0.000         0.000
 C16            0.000         0.000         0.000         0.000         0.000
 C17            0.000         0.000         0.000         0.000         0.000
 C18            0.000         0.000         0.000         0.000         0.000
 C19            0.000         0.000         0.000         0.000         0.000
 C20            0.000         0.000         0.000         0.000         0.000
 C21            0.000         0.000         0.000         0.000         0.000
 C22            0.000         0.000         0.000         0.000         0.000
 C23            0.000         0.000         0.000         0.000         0.000
 C24            0.000         0.000         0.000         0.000         0.000


           LAMBDA
              C12           C13           C14           C15           C16
              ________      ________      ________      ________      ________
 X1             0.000         0.000         0.000         0.000         0.000
 X2             0.000         0.000         0.000         0.000         0.000
 X3             0.000         0.000         0.000         0.000         0.000
 X4             0.000         0.000         0.000         0.000         0.000
 X5             0.000         0.000         0.000         0.000         0.000
 Y1             0.000         0.000         0.000         0.000         0.000
 Y2             0.000         0.000         0.000         0.000         0.000
 Y3             0.000         0.000         0.000         0.000         0.000
 Y4             0.000         0.000         0.000         0.000         0.000
 Y5             0.000         0.000         0.000         0.000         0.000
 C1             0.000         0.000         0.000         0.000         0.000
 C2             0.000         0.000         0.000         0.000         0.000
 C3             0.000         0.000         0.000         0.000         0.000
 C4             0.000         0.000         0.000         0.000         0.000
 C5             0.000         0.000         0.000         0.000         0.000
 C6             0.000         0.000         0.000         0.000         0.000
 C7             0.000         0.000         0.000         0.000         0.000
 C8             0.000         0.000         0.000         0.000         0.000
 C9             0.000         0.000         0.000         0.000         0.000
 C10            0.000         0.000         0.000         0.000         0.000
 C11            0.000         0.000         0.000         0.000         0.000
 C12            1.000         0.000         0.000         0.000         0.000
 C13            0.000         1.000         0.000         0.000         0.000
 C14            0.000         0.000         1.000         0.000         0.000
 C15            0.000         0.000         0.000         1.000         0.000
 C16            0.000         0.000         0.000         0.000         1.000
 C17            0.000         0.000         0.000         0.000         0.000
 C18            0.000         0.000         0.000         0.000         0.000
 C19            0.000         0.000         0.000         0.000         0.000
 C20            0.000         0.000         0.000         0.000         0.000
 C21            0.000         0.000         0.000         0.000         0.000
 C22            0.000         0.000         0.000         0.000         0.000
 C23            0.000         0.000         0.000         0.000         0.000
 C24            0.000         0.000         0.000         0.000         0.000


           LAMBDA
              C17           C18           C19           C20           C21
              ________      ________      ________      ________      ________
 X1             0.000         0.000         0.000         0.000         0.000
 X2             0.000         0.000         0.000         0.000         0.000
 X3             0.000         0.000         0.000         0.000         0.000
 X4             0.000         0.000         0.000         0.000         0.000
 X5             0.000         0.000         0.000         0.000         0.000
 Y1             0.000         0.000         0.000         0.000         0.000
 Y2             0.000         0.000         0.000         0.000         0.000
 Y3             0.000         0.000         0.000         0.000         0.000
 Y4             0.000         0.000         0.000         0.000         0.000
 Y5             0.000         0.000         0.000         0.000         0.000
 C1             0.000         0.000         0.000         0.000         0.000
 C2             0.000         0.000         0.000         0.000         0.000
 C3             0.000         0.000         0.000         0.000         0.000
 C4             0.000         0.000         0.000         0.000         0.000
 C5             0.000         0.000         0.000         0.000         0.000
 C6             0.000         0.000         0.000         0.000         0.000
 C7             0.000         0.000         0.000         0.000         0.000
 C8             0.000         0.000         0.000         0.000         0.000
 C9             0.000         0.000         0.000         0.000         0.000
 C10            0.000         0.000         0.000         0.000         0.000
 C11            0.000         0.000         0.000         0.000         0.000
 C12            0.000         0.000         0.000         0.000         0.000
 C13            0.000         0.000         0.000         0.000         0.000
 C14            0.000         0.000         0.000         0.000         0.000
 C15            0.000         0.000         0.000         0.000         0.000
 C16            0.000         0.000         0.000         0.000         0.000
 C17            1.000         0.000         0.000         0.000         0.000
 C18            0.000         1.000         0.000         0.000         0.000
 C19            0.000         0.000         1.000         0.000         0.000
 C20            0.000         0.000         0.000         1.000         0.000
 C21            0.000         0.000         0.000         0.000         1.000
 C22            0.000         0.000         0.000         0.000         0.000
 C23            0.000         0.000         0.000         0.000         0.000
 C24            0.000         0.000         0.000         0.000         0.000


           LAMBDA
              C22           C23           C24
              ________      ________      ________
 X1             0.000         0.000         0.000
 X2             0.000         0.000         0.000
 X3             0.000         0.000         0.000
 X4             0.000         0.000         0.000
 X5             0.000         0.000         0.000
 Y1             0.000         0.000         0.000
 Y2             0.000         0.000         0.000
 Y3             0.000         0.000         0.000
 Y4             0.000         0.000         0.000
 Y5             0.000         0.000         0.000
 C1             0.000         0.000         0.000
 C2             0.000         0.000         0.000
 C3             0.000         0.000         0.000
 C4             0.000         0.000         0.000
 C5             0.000         0.000         0.000
 C6             0.000         0.000         0.000
 C7             0.000         0.000         0.000
 C8             0.000         0.000         0.000
 C9             0.000         0.000         0.000
 C10            0.000         0.000         0.000
 C11            0.000         0.000         0.000
 C12            0.000         0.000         0.000
 C13            0.000         0.000         0.000
 C14            0.000         0.000         0.000
 C15            0.000         0.000         0.000
 C16            0.000         0.000         0.000
 C17            0.000         0.000         0.000
 C18            0.000         0.000         0.000
 C19            0.000         0.000         0.000
 C20            0.000         0.000         0.000
 C21            0.000         0.000         0.000
 C22            1.000         0.000         0.000
 C23            0.000         1.000         0.000
 C24            0.000         0.000         1.000


           THETA
              X1            X2            X3            X4            X5
              ________      ________      ________      ________      ________
 X1             0.500
 X2             0.000         0.487
 X3             0.000         0.000         0.408
 X4             0.000         0.000         0.000         0.476
 X5             0.000         0.000         0.000         0.000         0.443
 Y1             0.000         0.000         0.000         0.000         0.000
 Y2             0.000         0.000         0.000         0.000         0.000
 Y3             0.000         0.000         0.000         0.000         0.000
 Y4             0.000         0.000         0.000         0.000         0.000
 Y5             0.000         0.000         0.000         0.000         0.000
 C1             0.000         0.000         0.000         0.000         0.000
 C2             0.000         0.000         0.000         0.000         0.000
 C3             0.000         0.000         0.000         0.000         0.000
 C4             0.000         0.000         0.000         0.000         0.000
 C5             0.000         0.000         0.000         0.000         0.000
 C6             0.000         0.000         0.000         0.000         0.000
 C7             0.000         0.000         0.000         0.000         0.000
 C8             0.000         0.000         0.000         0.000         0.000
 C9             0.000         0.000         0.000         0.000         0.000
 C10            0.000         0.000         0.000         0.000         0.000
 C11            0.000         0.000         0.000         0.000         0.000
 C12            0.000         0.000         0.000         0.000         0.000
 C13            0.000         0.000         0.000         0.000         0.000
 C14            0.000         0.000         0.000         0.000         0.000
 C15            0.000         0.000         0.000         0.000         0.000
 C16            0.000         0.000         0.000         0.000         0.000
 C17            0.000         0.000         0.000         0.000         0.000
 C18            0.000         0.000         0.000         0.000         0.000
 C19            0.000         0.000         0.000         0.000         0.000
 C20            0.000         0.000         0.000         0.000         0.000
 C21            0.000         0.000         0.000         0.000         0.000
 C22            0.000         0.000         0.000         0.000         0.000
 C23            0.000         0.000         0.000         0.000         0.000
 C24            0.000         0.000         0.000         0.000         0.000


           THETA
              Y1            Y2            Y3            Y4            Y5
              ________      ________      ________      ________      ________
 Y1             0.500
 Y2             0.000         0.577
 Y3             0.000         0.000         0.572
 Y4             0.000         0.000         0.000         0.534
 Y5             0.000         0.000         0.000         0.000         0.585
 C1             0.000         0.000         0.000         0.000         0.000
 C2             0.000         0.000         0.000         0.000         0.000
 C3             0.000         0.000         0.000         0.000         0.000
 C4             0.000         0.000         0.000         0.000         0.000
 C5             0.000         0.000         0.000         0.000         0.000
 C6             0.000         0.000         0.000         0.000         0.000
 C7             0.000         0.000         0.000         0.000         0.000
 C8             0.000         0.000         0.000         0.000         0.000
 C9             0.000         0.000         0.000         0.000         0.000
 C10            0.000         0.000         0.000         0.000         0.000
 C11            0.000         0.000         0.000         0.000         0.000
 C12            0.000         0.000         0.000         0.000         0.000
 C13            0.000         0.000         0.000         0.000         0.000
 C14            0.000         0.000         0.000         0.000         0.000
 C15            0.000         0.000         0.000         0.000         0.000
 C16            0.000         0.000         0.000         0.000         0.000
 C17            0.000         0.000         0.000         0.000         0.000
 C18            0.000         0.000         0.000         0.000         0.000
 C19            0.000         0.000         0.000         0.000         0.000
 C20            0.000         0.000         0.000         0.000         0.000
 C21            0.000         0.000         0.000         0.000         0.000
 C22            0.000         0.000         0.000         0.000         0.000
 C23            0.000         0.000         0.000         0.000         0.000
 C24            0.000         0.000         0.000         0.000         0.000


           THETA
              C1            C2            C3            C4            C5
              ________      ________      ________      ________      ________
 C1             0.000
 C2             0.000         0.000
 C3             0.000         0.000         0.000
 C4             0.000         0.000         0.000         0.000
 C5             0.000         0.000         0.000         0.000         0.000
 C6             0.000         0.000         0.000         0.000         0.000
 C7             0.000         0.000         0.000         0.000         0.000
 C8             0.000         0.000         0.000         0.000         0.000
 C9             0.000         0.000         0.000         0.000         0.000
 C10            0.000         0.000         0.000         0.000         0.000
 C11            0.000         0.000         0.000         0.000         0.000
 C12            0.000         0.000         0.000         0.000         0.000
 C13            0.000         0.000         0.000         0.000         0.000
 C14            0.000         0.000         0.000         0.000         0.000
 C15            0.000         0.000         0.000         0.000         0.000
 C16            0.000         0.000         0.000         0.000         0.000
 C17            0.000         0.000         0.000         0.000         0.000
 C18            0.000         0.000         0.000         0.000         0.000
 C19            0.000         0.000         0.000         0.000         0.000
 C20            0.000         0.000         0.000         0.000         0.000
 C21            0.000         0.000         0.000         0.000         0.000
 C22            0.000         0.000         0.000         0.000         0.000
 C23            0.000         0.000         0.000         0.000         0.000
 C24            0.000         0.000         0.000         0.000         0.000


           THETA
              C6            C7            C8            C9            C10
              ________      ________      ________      ________      ________
 C6             0.000
 C7             0.000         0.000
 C8             0.000         0.000         0.000
 C9             0.000         0.000         0.000         0.000
 C10            0.000         0.000         0.000         0.000         0.000
 C11            0.000         0.000         0.000         0.000         0.000
 C12            0.000         0.000         0.000         0.000         0.000
 C13            0.000         0.000         0.000         0.000         0.000
 C14            0.000         0.000         0.000         0.000         0.000
 C15            0.000         0.000         0.000         0.000         0.000
 C16            0.000         0.000         0.000         0.000         0.000
 C17            0.000         0.000         0.000         0.000         0.000
 C18            0.000         0.000         0.000         0.000         0.000
 C19            0.000         0.000         0.000         0.000         0.000
 C20            0.000         0.000         0.000         0.000         0.000
 C21            0.000         0.000         0.000         0.000         0.000
 C22            0.000         0.000         0.000         0.000         0.000
 C23            0.000         0.000         0.000         0.000         0.000
 C24            0.000         0.000         0.000         0.000         0.000


           THETA
              C11           C12           C13           C14           C15
              ________      ________      ________      ________      ________
 C11            0.000
 C12            0.000         0.000
 C13            0.000         0.000         0.000
 C14            0.000         0.000         0.000         0.000
 C15            0.000         0.000         0.000         0.000         0.000
 C16            0.000         0.000         0.000         0.000         0.000
 C17            0.000         0.000         0.000         0.000         0.000
 C18            0.000         0.000         0.000         0.000         0.000
 C19            0.000         0.000         0.000         0.000         0.000
 C20            0.000         0.000         0.000         0.000         0.000
 C21            0.000         0.000         0.000         0.000         0.000
 C22            0.000         0.000         0.000         0.000         0.000
 C23            0.000         0.000         0.000         0.000         0.000
 C24            0.000         0.000         0.000         0.000         0.000


           THETA
              C16           C17           C18           C19           C20
              ________      ________      ________      ________      ________
 C16            0.000
 C17            0.000         0.000
 C18            0.000         0.000         0.000
 C19            0.000         0.000         0.000         0.000
 C20            0.000         0.000         0.000         0.000         0.000
 C21            0.000         0.000         0.000         0.000         0.000
 C22            0.000         0.000         0.000         0.000         0.000
 C23            0.000         0.000         0.000         0.000         0.000
 C24            0.000         0.000         0.000         0.000         0.000


           THETA
              C21           C22           C23           C24
              ________      ________      ________      ________
 C21            0.000
 C22            0.000         0.000
 C23            0.000         0.000         0.000
 C24            0.000         0.000         0.000         0.000


           ALPHA
              IX            SX            IY            SY            C1
              ________      ________      ________      ________      ________
                0.039         0.289        -0.035         0.202         0.496


           ALPHA
              C2            C3            C4            C5            C6
              ________      ________      ________      ________      ________
                0.195         0.436         0.308         0.242         3.159


           ALPHA
              C7            C8            C9            C10           C11
              ________      ________      ________      ________      ________
                7.145         0.202         0.079         0.004         0.108


           ALPHA
              C12           C13           C14           C15           C16
              ________      ________      ________      ________      ________
                2.216         0.688         0.539         0.318         0.434


           ALPHA
              C17           C18           C19           C20           C21
              ________      ________      ________      ________      ________
                0.829         0.233         0.186         0.109         0.212


           ALPHA
              C22           C23           C24
              ________      ________      ________
                0.684         0.291         3.702


           BETA
              IX            SX            IY            SY            C1
              ________      ________      ________      ________      ________
 IX             0.000         0.000         0.000         0.000         0.000
 SX             0.000         0.000         0.000         0.000         0.000
 IY             0.000         0.000         0.000         0.000         0.000
 SY             0.000         0.000         0.000         0.000         0.000
 C1             0.000         0.000         0.000         0.000         0.000
 C2             0.000         0.000         0.000         0.000         0.000
 C3             0.000         0.000         0.000         0.000         0.000
 C4             0.000         0.000         0.000         0.000         0.000
 C5             0.000         0.000         0.000         0.000         0.000
 C6             0.000         0.000         0.000         0.000         0.000
 C7             0.000         0.000         0.000         0.000         0.000
 C8             0.000         0.000         0.000         0.000         0.000
 C9             0.000         0.000         0.000         0.000         0.000
 C10            0.000         0.000         0.000         0.000         0.000
 C11            0.000         0.000         0.000         0.000         0.000
 C12            0.000         0.000         0.000         0.000         0.000
 C13            0.000         0.000         0.000         0.000         0.000
 C14            0.000         0.000         0.000         0.000         0.000
 C15            0.000         0.000         0.000         0.000         0.000
 C16            0.000         0.000         0.000         0.000         0.000
 C17            0.000         0.000         0.000         0.000         0.000
 C18            0.000         0.000         0.000         0.000         0.000
 C19            0.000         0.000         0.000         0.000         0.000
 C20            0.000         0.000         0.000         0.000         0.000
 C21            0.000         0.000         0.000         0.000         0.000
 C22            0.000         0.000         0.000         0.000         0.000
 C23            0.000         0.000         0.000         0.000         0.000
 C24            0.000         0.000         0.000         0.000         0.000


           BETA
              C2            C3            C4            C5            C6
              ________      ________      ________      ________      ________
 IX             0.000         0.000         0.000         0.000         0.000
 SX             0.000         0.000         0.000         0.000         0.000
 IY             0.000         0.000         0.000         0.000         0.000
 SY             0.000         0.000         0.000         0.000         0.000
 C1             0.000         0.000         0.000         0.000         0.000
 C2             0.000         0.000         0.000         0.000         0.000
 C3             0.000         0.000         0.000         0.000         0.000
 C4             0.000         0.000         0.000         0.000         0.000
 C5             0.000         0.000         0.000         0.000         0.000
 C6             0.000         0.000         0.000         0.000         0.000
 C7             0.000         0.000         0.000         0.000         0.000
 C8             0.000         0.000         0.000         0.000         0.000
 C9             0.000         0.000         0.000         0.000         0.000
 C10            0.000         0.000         0.000         0.000         0.000
 C11            0.000         0.000         0.000         0.000         0.000
 C12            0.000         0.000         0.000         0.000         0.000
 C13            0.000         0.000         0.000         0.000         0.000
 C14            0.000         0.000         0.000         0.000         0.000
 C15            0.000         0.000         0.000         0.000         0.000
 C16            0.000         0.000         0.000         0.000         0.000
 C17            0.000         0.000         0.000         0.000         0.000
 C18            0.000         0.000         0.000         0.000         0.000
 C19            0.000         0.000         0.000         0.000         0.000
 C20            0.000         0.000         0.000         0.000         0.000
 C21            0.000         0.000         0.000         0.000         0.000
 C22            0.000         0.000         0.000         0.000         0.000
 C23            0.000         0.000         0.000         0.000         0.000
 C24            0.000         0.000         0.000         0.000         0.000


           BETA
              C7            C8            C9            C10           C11
              ________      ________      ________      ________      ________
 IX             0.000         0.000         0.000         0.000         0.000
 SX             0.000         0.000         0.000         0.000         0.000
 IY             0.000         0.000         0.000         0.000         0.000
 SY             0.000         0.000         0.000         0.000         0.000
 C1             0.000         0.000         0.000         0.000         0.000
 C2             0.000         0.000         0.000         0.000         0.000
 C3             0.000         0.000         0.000         0.000         0.000
 C4             0.000         0.000         0.000         0.000         0.000
 C5             0.000         0.000         0.000         0.000         0.000
 C6             0.000         0.000         0.000         0.000         0.000
 C7             0.000         0.000         0.000         0.000         0.000
 C8             0.000         0.000         0.000         0.000         0.000
 C9             0.000         0.000         0.000         0.000         0.000
 C10            0.000         0.000         0.000         0.000         0.000
 C11            0.000         0.000         0.000         0.000         0.000
 C12            0.000         0.000         0.000         0.000         0.000
 C13            0.000         0.000         0.000         0.000         0.000
 C14            0.000         0.000         0.000         0.000         0.000
 C15            0.000         0.000         0.000         0.000         0.000
 C16            0.000         0.000         0.000         0.000         0.000
 C17            0.000         0.000         0.000         0.000         0.000
 C18            0.000         0.000         0.000         0.000         0.000
 C19            0.000         0.000         0.000         0.000         0.000
 C20            0.000         0.000         0.000         0.000         0.000
 C21            0.000         0.000         0.000         0.000         0.000
 C22            0.000         0.000         0.000         0.000         0.000
 C23            0.000         0.000         0.000         0.000         0.000
 C24            0.000         0.000         0.000         0.000         0.000


           BETA
              C12           C13           C14           C15           C16
              ________      ________      ________      ________      ________
 IX             0.000         0.000         0.000         0.000         0.000
 SX             0.000         0.000         0.000         0.000         0.000
 IY             0.000         0.000         0.000         0.000         0.000
 SY             0.000         0.000         0.000         0.000         0.000
 C1             0.000         0.000         0.000         0.000         0.000
 C2             0.000         0.000         0.000         0.000         0.000
 C3             0.000         0.000         0.000         0.000         0.000
 C4             0.000         0.000         0.000         0.000         0.000
 C5             0.000         0.000         0.000         0.000         0.000
 C6             0.000         0.000         0.000         0.000         0.000
 C7             0.000         0.000         0.000         0.000         0.000
 C8             0.000         0.000         0.000         0.000         0.000
 C9             0.000         0.000         0.000         0.000         0.000
 C10            0.000         0.000         0.000         0.000         0.000
 C11            0.000         0.000         0.000         0.000         0.000
 C12            0.000         0.000         0.000         0.000         0.000
 C13            0.000         0.000         0.000         0.000         0.000
 C14            0.000         0.000         0.000         0.000         0.000
 C15            0.000         0.000         0.000         0.000         0.000
 C16            0.000         0.000         0.000         0.000         0.000
 C17            0.000         0.000         0.000         0.000         0.000
 C18            0.000         0.000         0.000         0.000         0.000
 C19            0.000         0.000         0.000         0.000         0.000
 C20            0.000         0.000         0.000         0.000         0.000
 C21            0.000         0.000         0.000         0.000         0.000
 C22            0.000         0.000         0.000         0.000         0.000
 C23            0.000         0.000         0.000         0.000         0.000
 C24            0.000         0.000         0.000         0.000         0.000


           BETA
              C17           C18           C19           C20           C21
              ________      ________      ________      ________      ________
 IX             0.000         0.000         0.000         0.000         0.000
 SX             0.000         0.000         0.000         0.000         0.000
 IY             0.000         0.000         0.000         0.000         0.000
 SY             0.000         0.000         0.000         0.000         0.000
 C1             0.000         0.000         0.000         0.000         0.000
 C2             0.000         0.000         0.000         0.000         0.000
 C3             0.000         0.000         0.000         0.000         0.000
 C4             0.000         0.000         0.000         0.000         0.000
 C5             0.000         0.000         0.000         0.000         0.000
 C6             0.000         0.000         0.000         0.000         0.000
 C7             0.000         0.000         0.000         0.000         0.000
 C8             0.000         0.000         0.000         0.000         0.000
 C9             0.000         0.000         0.000         0.000         0.000
 C10            0.000         0.000         0.000         0.000         0.000
 C11            0.000         0.000         0.000         0.000         0.000
 C12            0.000         0.000         0.000         0.000         0.000
 C13            0.000         0.000         0.000         0.000         0.000
 C14            0.000         0.000         0.000         0.000         0.000
 C15            0.000         0.000         0.000         0.000         0.000
 C16            0.000         0.000         0.000         0.000         0.000
 C17            0.000         0.000         0.000         0.000         0.000
 C18            0.000         0.000         0.000         0.000         0.000
 C19            0.000         0.000         0.000         0.000         0.000
 C20            0.000         0.000         0.000         0.000         0.000
 C21            0.000         0.000         0.000         0.000         0.000
 C22            0.000         0.000         0.000         0.000         0.000
 C23            0.000         0.000         0.000         0.000         0.000
 C24            0.000         0.000         0.000         0.000         0.000


           BETA
              C22           C23           C24
              ________      ________      ________
 IX             0.000         0.000         0.000
 SX             0.000         0.000         0.000
 IY             0.000         0.000         0.000
 SY             0.000         0.000         0.000
 C1             0.000         0.000         0.000
 C2             0.000         0.000         0.000
 C3             0.000         0.000         0.000
 C4             0.000         0.000         0.000
 C5             0.000         0.000         0.000
 C6             0.000         0.000         0.000
 C7             0.000         0.000         0.000
 C8             0.000         0.000         0.000
 C9             0.000         0.000         0.000
 C10            0.000         0.000         0.000
 C11            0.000         0.000         0.000
 C12            0.000         0.000         0.000
 C13            0.000         0.000         0.000
 C14            0.000         0.000         0.000
 C15            0.000         0.000         0.000
 C16            0.000         0.000         0.000
 C17            0.000         0.000         0.000
 C18            0.000         0.000         0.000
 C19            0.000         0.000         0.000
 C20            0.000         0.000         0.000
 C21            0.000         0.000         0.000
 C22            0.000         0.000         0.000
 C23            0.000         0.000         0.000
 C24            0.000         0.000         0.000


           PSI
              IX            SX            IY            SY            C1
              ________      ________      ________      ________      ________
 IX             0.892
 SX             0.000         3.340
 IY             0.000         0.000         0.931
 SY             0.000         0.000         0.000         3.205
 C1             0.000         0.000         0.000         0.000         0.250
 C2             0.000         0.000         0.000         0.000         0.035
 C3             0.000         0.000         0.000         0.000        -0.009
 C4             0.000         0.000         0.000         0.000         0.000
 C5             0.000         0.000         0.000         0.000         0.005
 C6             0.000         0.000         0.000         0.000        -0.038
 C7             0.000         0.000         0.000         0.000        -0.141
 C8             0.000         0.000         0.000         0.000        -0.002
 C9             0.000         0.000         0.000         0.000         0.002
 C10            0.000         0.000         0.000         0.000        -0.001
 C11            0.000         0.000         0.000         0.000         0.001
 C12            0.000         0.000         0.000         0.000         0.034
 C13            0.000         0.000         0.000         0.000         0.126
 C14            0.000         0.000         0.000         0.000        -0.003
 C15            0.000         0.000         0.000         0.000        -0.030
 C16            0.000         0.000         0.000         0.000         0.030
 C17            0.000         0.000         0.000         0.000         0.036
 C18            0.000         0.000         0.000         0.000        -0.010
 C19            0.000         0.000         0.000         0.000         0.001
 C20            0.000         0.000         0.000         0.000        -0.002
 C21            0.000         0.000         0.000         0.000        -0.014
 C22            0.000         0.000         0.000         0.000        -0.008
 C23            0.000         0.000         0.000         0.000        -0.050
 C24            0.000         0.000         0.000         0.000         0.074


           PSI
              C2            C3            C4            C5            C6
              ________      ________      ________      ________      ________
 C2             0.157
 C3             0.042         0.246
 C4             0.004        -0.015         0.213
 C5            -0.018        -0.025        -0.075         0.184
 C6            -0.061        -0.108         0.073         0.031         1.375
 C7            -0.209        -0.469         0.199         0.200         3.686
 C8            -0.003        -0.002        -0.013         0.004        -0.138
 C9             0.006         0.016        -0.009        -0.003        -0.038
 C10           -0.001        -0.001        -0.001         0.002         0.002
 C11           -0.002         0.012        -0.002        -0.008         0.083
 C12            0.023         0.006        -0.003         0.005        -0.014
 C13            0.192         0.230        -0.026        -0.075        -0.280
 C14           -0.011        -0.021         0.003         0.037         0.012
 C15           -0.022        -0.022         0.000         0.012         0.018
 C16            0.018         0.003         0.002        -0.008         0.000
 C17            0.011         0.000         0.001        -0.004        -0.060
 C18           -0.007        -0.005         0.011        -0.012         0.016
 C19           -0.004        -0.021         0.001         0.013         0.052
 C20           -0.001         0.016        -0.003        -0.001        -0.035
 C21           -0.007        -0.004        -0.011         0.015         0.013
 C22           -0.063        -0.113         0.004         0.029         0.085
 C23           -0.021        -0.008        -0.016         0.019         0.082
 C24            0.248         0.367        -0.065        -0.035        -0.636


           PSI
              C7            C8            C9            C10           C11
              ________      ________      ________      ________      ________
 C7            22.415
 C8            -0.327         0.161
 C9            -0.124        -0.016         0.073
 C10            0.011        -0.001         0.000         0.004
 C11            0.339         0.000        -0.003         0.000         0.096
 C12            0.045         0.012        -0.002        -0.001         0.006
 C13           -1.048         0.021         0.041         0.000         0.039
 C14            0.182         0.008        -0.014         0.002        -0.003
 C15            0.118         0.001        -0.004         0.000         0.002
 C16            0.004        -0.008         0.003         0.000        -0.001
 C17           -0.181        -0.001         0.004         0.000        -0.024
 C18           -0.013         0.000        -0.001         0.000        -0.004
 C19            0.218        -0.006        -0.005         0.000        -0.002
 C20           -0.122         0.004         0.004         0.000        -0.001
 C21            0.074        -0.004         0.000         0.001         0.008
 C22            0.367        -0.005        -0.012         0.001        -0.017
 C23            0.483         0.003        -0.003         0.001         0.050
 C24           -2.068         0.060         0.042         0.004        -0.015


           PSI
              C12           C13           C14           C15           C16
              ________      ________      ________      ________      ________
 C12            1.057
 C13            0.234         1.542
 C14            0.008        -0.083         0.248
 C15           -0.043        -0.079         0.003         0.217
 C16            0.047         0.043         0.002        -0.138         0.246
 C17            0.009         0.030        -0.028        -0.008         0.008
 C18           -0.004        -0.050        -0.006        -0.002        -0.003
 C19           -0.012        -0.058         0.018         0.007        -0.006
 C20            0.013         0.014         0.001        -0.002         0.003
 C21           -0.001        -0.016         0.039         0.004        -0.004
 C22           -0.048        -0.356         0.036         0.023        -0.004
 C23           -0.033        -0.055         0.021         0.089        -0.065
 C24            0.556         1.733         0.690        -0.132         0.056


           PSI
              C17           C18           C19           C20           C21
              ________      ________      ________      ________      ________
 C17            0.142
 C18           -0.001         0.179
 C19           -0.006        -0.043         0.151
 C20            0.003         0.027        -0.013         0.097
 C21           -0.019        -0.007         0.013        -0.023         0.167
 C22           -0.002         0.018         0.022        -0.007         0.006
 C23           -0.032        -0.003         0.008         0.016         0.034
 C24            0.086         0.001        -0.028         0.064         0.051


           PSI
              C22           C23           C24
              ________      ________      ________
 C22            0.216
 C23            0.004         0.925
 C24           -0.423        -0.115        17.786


TECHNICAL 3 OUTPUT


           ESTIMATED COVARIANCE MATRIX FOR PARAMETER ESTIMATES
                  1             2             3             4             5
              ________      ________      ________      ________      ________
      1     0.203303D-02
      2     0.637939D-04  0.454425D-03
      3     0.426894D-05  0.166750D-04  0.488861D-03
      4     0.143193D-03  0.576409D-04  0.977215D-04  0.125962D-02
      5     0.345034D-03  0.237888D-04  0.849025D-04  0.299111D-03  0.148051D-02
      6    -0.168513D-04  0.215000D-04 -0.323612D-04 -0.147817D-04 -0.438801D-04
      7     0.488690D-04  0.307231D-04  0.100916D-04  0.363606D-04  0.166567D-04
      8     0.117159D-04  0.329700D-05  0.601205D-04  0.343564D-04  0.598257D-04
      9     0.347152D-04  0.110130D-04  0.773912D-04  0.197633D-03  0.110904D-03
     10     0.187296D-03  0.100451D-04  0.126273D-03  0.147600D-03  0.237414D-03
     11     0.106294D-03 -0.159086D-03 -0.284854D-04 -0.431520D-04  0.111123D-04
     12    -0.555933D-04  0.625067D-04 -0.496122D-04  0.274734D-03 -0.322041D-03
     13    -0.198364D-03  0.634893D-04 -0.222319D-04 -0.163971D-04 -0.554276D-04
     14     0.424704D-02 -0.180740D-03  0.926978D-04  0.150153D-02  0.233364D-02
     15     0.472173D-04 -0.594332D-05 -0.382633D-05 -0.192267D-04  0.261310D-04
     16    -0.107920D-04 -0.289024D-05  0.528815D-04  0.429400D-04  0.200991D-04
     17    -0.231147D-03 -0.741832D-04  0.680673D-04 -0.258192D-04 -0.495778D-04
     18     0.992461D-04 -0.287068D-04  0.247865D-04  0.540404D-04 -0.375915D-04
     19    -0.144173D-03 -0.931361D-04 -0.162611D-04  0.231321D-04 -0.445836D-04
     20     0.687894D-04  0.166579D-04 -0.173356D-05  0.141571D-04 -0.271520D-04
     21    -0.785249D-05 -0.175385D-05  0.887471D-06 -0.389617D-05  0.703337D-06
     22    -0.241937D-03  0.432685D-04 -0.624415D-04 -0.298711D-04 -0.880770D-05
     23     0.113888D-03 -0.288896D-04 -0.157153D-04 -0.207829D-04  0.242493D-04
     24    -0.226246D-03  0.852018D-04  0.148095D-03 -0.191392D-04 -0.449904D-04
     25     0.168376D-03 -0.157039D-04  0.389313D-04  0.984753D-05  0.844391D-04
     26    -0.852943D-04  0.101870D-04 -0.132828D-04  0.221888D-04 -0.146977D-04
     27     0.499167D-05  0.304286D-04  0.596252D-05  0.460448D-05 -0.734371D-05
     28     0.120300D-03  0.543414D-04  0.327708D-04  0.114316D-04  0.767708D-04
     29    -0.685860D-04  0.339157D-04  0.303573D-05 -0.671130D-05  0.296238D-04
     30    -0.292187D-03  0.125645D-05 -0.132765D-05 -0.270979D-04 -0.862380D-04
     31     0.151392D-03 -0.190195D-04 -0.354962D-04 -0.306522D-04  0.523703D-04
     32    -0.154483D-03 -0.267469D-04 -0.235956D-04 -0.211594D-04 -0.198644D-04
     33     0.825018D-04 -0.959722D-05 -0.462265D-04 -0.595784D-04 -0.701710D-04
     34     0.116876D-03 -0.202067D-04  0.159711D-04  0.102649D-05 -0.402497D-04
     35    -0.883092D-04  0.155608D-04  0.430185D-05 -0.829418D-05  0.292162D-04
     36    -0.105614D-03  0.440700D-04  0.768998D-05 -0.295763D-04  0.461058D-04
     37    -0.248695D-04  0.222707D-05  0.124103D-05  0.119202D-04  0.362784D-05
     38     0.107189D-04 -0.836934D-06 -0.186751D-05  0.961617D-06  0.413591D-05
     39    -0.948678D-05  0.142329D-04  0.569653D-04  0.996840D-04 -0.802252D-04
     40    -0.166447D-04  0.224323D-04 -0.561691D-04 -0.122529D-03  0.850038D-04
     41     0.498160D-03  0.665701D-04 -0.594935D-04  0.935122D-04  0.245745D-03
     42    -0.153976D-03 -0.230058D-04 -0.316113D-04 -0.116044D-03  0.176632D-03
     43     0.242085D-03  0.109101D-03  0.465397D-04 -0.316959D-04  0.509984D-04
     44    -0.120695D-03  0.106526D-04  0.436030D-04 -0.523232D-04  0.121691D-03
     45     0.264295D-04 -0.110465D-05 -0.182189D-05  0.926284D-05  0.101295D-04
     46     0.266939D-03 -0.628999D-04  0.710064D-04  0.545242D-04 -0.102403D-03
     47     0.280672D-04  0.301747D-04  0.604025D-04  0.103518D-03 -0.515067D-04
     48     0.235699D-03  0.944392D-04  0.777260D-04 -0.224522D-05 -0.958747D-04
     49    -0.262767D-03 -0.210376D-03 -0.472911D-04  0.198847D-03 -0.259180D-03
     50     0.131236D-03 -0.156943D-04  0.946892D-05 -0.749430D-04 -0.160738D-04
     51    -0.466131D-04 -0.276211D-04 -0.443832D-05 -0.336332D-04  0.425702D-04
     52    -0.168129D-03  0.170596D-04 -0.599405D-04 -0.220710D-04 -0.687890D-04
     53     0.902058D-04 -0.197466D-04 -0.104839D-04  0.476394D-04 -0.133618D-03
     54     0.369450D-03 -0.309582D-05 -0.698317D-04 -0.978107D-04  0.203392D-04
     55    -0.406030D-03  0.177487D-04  0.536988D-07 -0.926476D-04 -0.166904D-03
     56     0.134772D-03  0.202202D-04  0.315649D-04 -0.962039D-04  0.434909D-04
     57    -0.154152D-03 -0.372490D-04 -0.471249D-04  0.744589D-04  0.205710D-05
     58    -0.163819D-03  0.441009D-05  0.589713D-04  0.106334D-03  0.108528D-03
     59     0.128249D-03 -0.442720D-05 -0.200242D-04 -0.776158D-05 -0.258151D-04
     60     0.109519D-03 -0.241753D-04 -0.553724D-04 -0.145835D-04 -0.253001D-04
     61     0.572072D-04 -0.495794D-05 -0.145123D-05 -0.921213D-04  0.286406D-04
     62    -0.170318D-04 -0.177716D-06  0.637369D-05  0.305100D-05 -0.116059D-04
     63    -0.197840D-02 -0.910617D-04  0.454963D-04 -0.740793D-04 -0.430831D-03
     64    -0.275393D-03 -0.425461D-04 -0.418092D-05 -0.542711D-04 -0.229526D-04
     65     0.224274D-03  0.204426D-04  0.107763D-05  0.703222D-04  0.473286D-04
     66    -0.229635D-03 -0.399784D-04  0.229845D-04 -0.710071D-05 -0.222824D-04
     67     0.447996D-04 -0.213884D-04  0.433132D-04  0.507059D-04  0.289572D-05
     68    -0.292978D-03 -0.257097D-04  0.252562D-04  0.111030D-04 -0.289380D-04
     69     0.631586D-04 -0.440688D-05 -0.115350D-04  0.887243D-05 -0.257504D-04
     70    -0.773147D-05 -0.332795D-05  0.432735D-05 -0.302877D-05  0.565294D-06
     71    -0.647628D-03 -0.410808D-04 -0.732540D-05 -0.105165D-03 -0.111866D-03
     72     0.264905D-03 -0.394975D-04  0.152143D-04  0.146510D-04  0.108459D-03
     73    -0.338298D-03  0.217678D-04  0.657133D-04  0.383400D-04 -0.999983D-04
     74    -0.791719D-04  0.368478D-04 -0.752846D-05 -0.521786D-04 -0.118034D-04
     75    -0.350275D-04  0.644095D-05  0.118216D-04  0.337612D-04  0.306482D-04
     76     0.103285D-03  0.138449D-04  0.342156D-05  0.193090D-05  0.299945D-04
     77     0.719068D-04 -0.128111D-04  0.406338D-05 -0.359405D-04  0.298625D-04
     78    -0.841797D-04 -0.133322D-04  0.341233D-04 -0.295145D-04  0.237278D-04
     79     0.211799D-03 -0.544548D-05 -0.324534D-06 -0.909013D-05  0.661616D-04
     80     0.295705D-03  0.240613D-04 -0.220921D-04 -0.210660D-04 -0.260476D-04
     81     0.353206D-03  0.154455D-04 -0.236254D-04 -0.340714D-04  0.978922D-04
     82    -0.135517D-04 -0.148349D-04 -0.472472D-04 -0.917106D-04 -0.532692D-04
     83     0.649007D-03  0.234782D-04 -0.241569D-04  0.843645D-05  0.105428D-03
     84     0.314193D-03  0.166063D-05  0.381305D-05  0.571972D-04  0.137081D-03
     85    -0.246812D-03 -0.109642D-04 -0.128107D-04  0.694452D-05 -0.130058D-04
     86     0.308714D-04  0.162863D-04 -0.621784D-05  0.301317D-04 -0.168786D-04
     87     0.880445D-05 -0.309552D-05  0.365585D-06  0.759047D-06  0.242718D-05
     88     0.814860D-02 -0.138841D-03 -0.360354D-03  0.488386D-03  0.184802D-02
     89    -0.150008D-01  0.503225D-03 -0.458189D-03 -0.454373D-02 -0.823296D-02
     90     0.396282D-02 -0.205295D-03 -0.390961D-03  0.114730D-03  0.680910D-03
     91     0.235392D-02  0.962882D-05 -0.586834D-04  0.375976D-03  0.460543D-03
     92    -0.102920D-02  0.265514D-04 -0.903560D-04 -0.421817D-03 -0.336692D-03
     93     0.151072D-02  0.475721D-04 -0.103989D-03  0.147467D-03  0.404870D-03
     94     0.138642D-02 -0.243074D-04 -0.811087D-04  0.239006D-03  0.860726D-03
     95     0.677577D-04  0.174788D-03  0.319406D-04 -0.207944D-04 -0.354659D-05
     96    -0.963993D-03  0.304893D-04  0.367913D-04 -0.285191D-03 -0.322122D-03
     97     0.646494D-04  0.462786D-05 -0.824319D-05  0.324827D-04  0.375896D-04
     98     0.286179D-02 -0.190899D-04  0.602360D-04  0.557856D-03  0.691790D-03
     99    -0.705085D-03  0.228060D-03  0.901042D-04 -0.144026D-04 -0.174966D-03
    100     0.280484D-03  0.120692D-03 -0.404301D-04 -0.390240D-03 -0.325117D-03
    101     0.164769D-02 -0.246411D-03 -0.422408D-04  0.502301D-03  0.442100D-03
    102     0.471163D-03 -0.431138D-04 -0.103679D-04  0.725498D-05  0.845175D-04
    103    -0.958316D-03 -0.161980D-04 -0.247575D-04 -0.233095D-03 -0.385112D-03
    104    -0.150438D-02  0.104676D-03  0.251921D-04 -0.167351D-03 -0.630730D-03
    105    -0.112668D-02  0.534378D-04  0.960807D-04  0.848073D-04 -0.253802D-03
    106    -0.183743D-02  0.231513D-05 -0.127476D-03 -0.567035D-03 -0.101168D-02
    107     0.101975D-02 -0.602817D-04  0.548276D-04  0.385307D-03  0.683139D-03
    108    -0.350347D-02  0.120769D-03  0.918571D-05 -0.669535D-03 -0.158640D-02
    109    -0.411684D-03  0.446064D-04  0.335089D-04  0.967619D-04 -0.604450D-04
    110    -0.415336D-02  0.120822D-03  0.122933D-03 -0.568671D-03 -0.128026D-02
    111    -0.204368D-02  0.335372D-05  0.212778D-04 -0.478652D-03 -0.883945D-03
    112     0.282868D-02 -0.937896D-04  0.646904D-04  0.595858D-03  0.128057D-02
    113    -0.160132D-02  0.258832D-04  0.349677D-04 -0.399697D-03 -0.629350D-03
    114     0.108438D-03  0.542432D-06  0.223894D-05  0.222147D-04  0.434048D-04
    115    -0.112512D-02 -0.200911D-04  0.698750D-06 -0.104465D-03 -0.234572D-03
    116     0.164192D-02 -0.499535D-04 -0.150951D-05  0.235475D-03  0.490884D-03
    117    -0.241323D-02  0.711726D-04 -0.119638D-03 -0.812342D-03 -0.137011D-02
    118     0.707930D-03 -0.329163D-04 -0.279212D-05  0.107348D-03  0.295217D-03
    119    -0.205614D-03  0.121209D-04  0.335085D-04  0.216472D-04  0.263009D-04
    120    -0.247296D-02  0.912254D-04  0.516075D-04 -0.522774D-03 -0.102454D-02


           ESTIMATED COVARIANCE MATRIX FOR PARAMETER ESTIMATES
                  6             7             8             9            10
              ________      ________      ________      ________      ________
      6     0.114335D-02
      7    -0.417791D-05  0.615421D-03
      8    -0.853757D-04  0.108587D-03  0.782205D-03
      9     0.103747D-03  0.215935D-04  0.565149D-04  0.149664D-02
     10     0.526094D-03  0.451607D-04  0.168946D-03  0.472650D-03  0.337981D-02
     11     0.260382D-04 -0.643699D-05  0.595438D-04 -0.870697D-04 -0.177682D-03
     12    -0.146229D-03 -0.296465D-04 -0.372768D-04 -0.896422D-04 -0.174828D-04
     13     0.131973D-03  0.699556D-04  0.418521D-04  0.548484D-04 -0.198355D-03
     14    -0.246977D-02  0.918706D-04  0.493948D-03  0.137447D-04  0.409232D-03
     15     0.332977D-05  0.149865D-04  0.337355D-04  0.397928D-04  0.177865D-04
     16    -0.612903D-06 -0.229374D-04 -0.282321D-04  0.249946D-04 -0.110492D-04
     17    -0.213834D-04 -0.107890D-04  0.925193D-05  0.382128D-04  0.686318D-04
     18     0.144785D-04  0.188536D-04  0.312061D-04  0.547453D-04  0.720080D-04
     19    -0.603582D-05 -0.838063D-05 -0.426973D-04  0.508888D-04 -0.355920D-04
     20    -0.167904D-04  0.566893D-05 -0.106417D-04  0.784801D-06 -0.304004D-06
     21     0.362594D-05 -0.172182D-08 -0.729242D-06  0.652318D-05  0.533618D-05
     22     0.298649D-04 -0.220850D-05 -0.505736D-04 -0.521421D-05 -0.108571D-03
     23    -0.121685D-04  0.617763D-05 -0.548952D-04  0.486638D-05  0.322001D-05
     24    -0.950845D-04  0.559958D-04  0.555382D-04  0.455752D-04 -0.413031D-04
     25     0.716651D-05 -0.193400D-04 -0.178611D-05 -0.254704D-04  0.530013D-04
     26    -0.299506D-05 -0.582996D-05 -0.118940D-05 -0.119343D-04 -0.228658D-05
     27    -0.934210D-05  0.704391D-06 -0.342372D-05  0.202101D-04  0.269545D-04
     28     0.108022D-03 -0.513143D-05  0.189027D-04  0.678776D-05 -0.144421D-05
     29    -0.348007D-04  0.223102D-04  0.386976D-04  0.353217D-04 -0.268883D-04
     30    -0.768297D-05 -0.306769D-04 -0.310744D-04 -0.358836D-04 -0.733970D-04
     31     0.158419D-04 -0.994183D-05 -0.662377D-05 -0.749574D-04  0.453848D-04
     32    -0.299424D-05 -0.227365D-04 -0.506961D-04  0.131526D-04 -0.205325D-05
     33     0.768508D-04  0.720563D-05 -0.603376D-04 -0.101020D-05 -0.805972D-04
     34    -0.353280D-04  0.290336D-04  0.591541D-06  0.113785D-03 -0.377283D-04
     35     0.146887D-04 -0.289074D-04 -0.463408D-04  0.201792D-04  0.583912D-04
     36    -0.745847D-04 -0.931845D-05  0.335353D-05  0.662423D-05  0.101645D-03
     37     0.285440D-05 -0.161842D-04 -0.243248D-05 -0.178208D-04  0.647260D-05
     38    -0.544779D-05  0.513317D-05 -0.125484D-05 -0.111170D-05 -0.204989D-05
     39    -0.139782D-04 -0.778513D-05 -0.429132D-04 -0.506787D-04  0.105035D-03
     40     0.200123D-04  0.118619D-04  0.710824D-04  0.409228D-04  0.977770D-04
     41     0.865097D-05  0.293495D-05  0.468497D-04  0.140958D-05  0.166981D-03
     42    -0.291125D-04 -0.279737D-04 -0.599130D-04 -0.287426D-05 -0.116469D-03
     43     0.206507D-04  0.911741D-04  0.423325D-04  0.138268D-04  0.859911D-04
     44     0.385212D-04 -0.918657D-06  0.867018D-05  0.375244D-04  0.348015D-04
     45    -0.857298D-05 -0.103508D-05  0.277243D-05 -0.958244D-05  0.796118D-05
     46     0.964338D-04  0.588387D-04 -0.921622D-06 -0.214576D-04 -0.160388D-04
     47     0.117179D-03 -0.150725D-05  0.245284D-04  0.122222D-03 -0.914135D-04
     48     0.422973D-04  0.845059D-05  0.125799D-03 -0.239302D-03 -0.116317D-03
     49    -0.956817D-04 -0.160997D-04  0.586183D-05  0.260968D-04 -0.361037D-03
     50     0.171176D-04  0.460753D-05 -0.881170D-05  0.173484D-04  0.149109D-04
     51     0.731425D-05 -0.209513D-05 -0.116829D-04 -0.300708D-04 -0.624690D-04
     52    -0.104305D-03 -0.248180D-04 -0.521682D-04  0.247747D-04 -0.145720D-03
     53     0.280459D-05 -0.222802D-04  0.111635D-05 -0.134001D-05  0.103440D-03
     54     0.383874D-04  0.356408D-04  0.194720D-04 -0.610618D-04  0.573771D-04
     55    -0.995127D-05 -0.147311D-04 -0.130792D-04  0.133121D-03 -0.143219D-03
     56    -0.145272D-04  0.141829D-04  0.369427D-04 -0.519492D-04 -0.786567D-05
     57     0.764202D-04  0.414608D-05 -0.260104D-05 -0.158045D-03 -0.100440D-03
     58     0.659364D-04 -0.469530D-05  0.199408D-04 -0.709407D-04  0.198048D-03
     59     0.553883D-05  0.383447D-04  0.465453D-04 -0.482825D-04  0.546078D-05
     60     0.413835D-04  0.109807D-04 -0.236826D-04  0.346760D-06 -0.167511D-03
     61    -0.182343D-04  0.325645D-04 -0.195811D-05  0.236452D-04  0.150953D-04
     62     0.472252D-05 -0.307107D-05  0.611973D-05 -0.238613D-05  0.134240D-04
     63    -0.425359D-04  0.373423D-04  0.326254D-04  0.282350D-04 -0.235776D-03
     64    -0.186851D-04 -0.280949D-04  0.471721D-05  0.405259D-04 -0.541295D-05
     65    -0.216248D-04 -0.157929D-04 -0.234943D-04  0.641829D-05  0.422693D-04
     66    -0.760342D-04  0.290243D-04  0.135396D-04  0.108820D-04 -0.566562D-04
     67    -0.490193D-04  0.160513D-04  0.876481D-05 -0.253514D-04  0.383961D-04
     68    -0.154864D-04  0.333254D-05 -0.933543D-05  0.365137D-04 -0.501594D-04
     69     0.887495D-05 -0.311621D-05 -0.297393D-04 -0.593063D-05  0.530527D-04
     70     0.101576D-05  0.230404D-05  0.845668D-05  0.407967D-05  0.324208D-06
     71     0.970047D-04  0.231910D-04  0.845034D-05 -0.112875D-03 -0.122778D-03
     72     0.412796D-04 -0.607831D-05  0.270626D-05 -0.370887D-05  0.152436D-03
     73    -0.159346D-03  0.886017D-05  0.237925D-05  0.710616D-04  0.293544D-04
     74    -0.237208D-04 -0.112893D-04 -0.478094D-04 -0.714567D-05  0.225288D-05
     75     0.340647D-05 -0.527686D-05  0.273417D-04  0.705015D-05  0.445637D-04
     76     0.997672D-06 -0.118043D-04 -0.106154D-04 -0.320301D-06  0.945752D-06
     77     0.432523D-04 -0.288730D-04 -0.248462D-04 -0.325638D-04 -0.785839D-04
     78     0.130921D-04 -0.861762D-05  0.452650D-04 -0.406237D-05  0.321038D-04
     79     0.265956D-04  0.832668D-05 -0.125207D-04 -0.514146D-04 -0.185587D-04
     80    -0.357074D-04  0.179552D-04 -0.102091D-04 -0.654425D-04  0.599713D-04
     81     0.100635D-03 -0.102338D-03 -0.110183D-04  0.101910D-05  0.578395D-04
     82     0.420498D-04 -0.374594D-04 -0.611477D-04 -0.675208D-04 -0.185979D-03
     83     0.160069D-04 -0.668634D-05 -0.343977D-04 -0.961115D-05  0.682812D-04
     84     0.215378D-04 -0.323485D-04 -0.101965D-04  0.381908D-05  0.286366D-04
     85    -0.958997D-04  0.128722D-04 -0.962066D-06 -0.328775D-04 -0.882693D-04
     86    -0.531482D-05  0.469338D-05  0.159796D-04 -0.369540D-05  0.596952D-06
     87    -0.537744D-05  0.632315D-05  0.154072D-05  0.583780D-05  0.554329D-05
     88     0.435736D-02 -0.225811D-03 -0.719085D-03  0.414125D-03  0.372663D-02
     89     0.728842D-03 -0.208799D-03 -0.320800D-03 -0.968615D-03 -0.378251D-02
     90     0.926121D-02 -0.293999D-03 -0.148179D-02  0.808221D-03  0.636904D-02
     91     0.220247D-02 -0.294479D-04 -0.370426D-03  0.937349D-04  0.185306D-02
     92     0.612662D-03 -0.164118D-04 -0.772951D-04 -0.639888D-05  0.115062D-03
     93     0.163201D-02 -0.274868D-04 -0.302227D-03  0.162888D-03  0.113591D-02
     94     0.517800D-03 -0.461346D-04 -0.106185D-03  0.199617D-03  0.408582D-03
     95    -0.206158D-02  0.159398D-03  0.334422D-03 -0.273386D-03 -0.136703D-02
     96     0.657738D-04 -0.318812D-05  0.867116D-04 -0.412556D-04 -0.237903D-03
     97    -0.783222D-04 -0.256705D-05 -0.521255D-05 -0.203004D-04 -0.323707D-04
     98     0.399093D-03  0.350650D-04 -0.107495D-03  0.324768D-03  0.898806D-03
     99    -0.105567D-02 -0.212272D-05  0.981069D-04  0.668441D-04 -0.104392D-02
    100     0.370998D-03 -0.934647D-04  0.255620D-03 -0.820873D-03 -0.128140D-03
    101     0.114982D-02 -0.297185D-04 -0.149117D-03  0.858217D-04  0.658519D-03
    102     0.438027D-03 -0.325375D-04 -0.107737D-03  0.105315D-03  0.342018D-03
    103     0.614427D-04 -0.795814D-05 -0.216694D-04 -0.496072D-04 -0.253411D-03
    104    -0.107034D-02  0.476523D-04  0.780460D-04 -0.763120D-04 -0.794946D-03
    105    -0.437622D-02  0.106500D-03  0.507919D-03 -0.313737D-03 -0.283921D-02
    106     0.741916D-03 -0.238969D-04 -0.204831D-03 -0.204210D-05  0.180911D-03
    107     0.191343D-02 -0.464249D-04 -0.226521D-03  0.526223D-03  0.135475D-02
    108    -0.595823D-03  0.218746D-03  0.102722D-03 -0.275624D-03 -0.104840D-02
    109    -0.644752D-03  0.752888D-04  0.232427D-03  0.112245D-04  0.731597D-04
    110    -0.103711D-02 -0.671892D-04  0.102129D-03 -0.102096D-04 -0.147950D-02
    111    -0.441601D-03  0.792483D-04  0.595078D-04 -0.680475D-05 -0.616358D-03
    112     0.164905D-03  0.642762D-04 -0.629289D-04  0.224056D-03  0.419827D-03
    113    -0.111715D-02  0.445402D-04  0.994218D-04 -0.899343D-04 -0.104393D-02
    114     0.116139D-03 -0.143231D-04 -0.171710D-04 -0.594822D-05  0.795688D-04
    115     0.150508D-04  0.111443D-05 -0.130181D-04 -0.266968D-04 -0.114737D-03
    116    -0.395777D-04  0.262255D-04  0.383853D-04  0.576784D-04  0.262369D-03
    117     0.945566D-04 -0.460430D-04 -0.776281D-04 -0.112378D-03 -0.505747D-03
    118    -0.466296D-04  0.180114D-04  0.294655D-05  0.409499D-04  0.185655D-03
    119    -0.759745D-03 -0.103808D-04  0.914077D-04 -0.263549D-04 -0.377692D-03
    120    -0.360950D-02  0.163688D-03  0.351367D-03 -0.747204D-03 -0.401013D-02


           ESTIMATED COVARIANCE MATRIX FOR PARAMETER ESTIMATES
                 11            12            13            14            15
              ________      ________      ________      ________      ________
     11     0.116031D-01
     12    -0.110503D-01  0.278847D-01
     13     0.320619D-02 -0.471449D-02  0.102556D-01
     14    -0.934516D-02  0.202024D-01 -0.188664D-01  0.866692D-01
     15    -0.131649D-03  0.275238D-03 -0.978034D-04  0.342679D-03  0.862319D-03
     16    -0.481636D-03  0.561474D-03 -0.167859D-03  0.861868D-03 -0.179148D-03
     17    -0.168712D-02  0.170555D-02 -0.548071D-03  0.112879D-02  0.146886D-03
     18    -0.571862D-03  0.520069D-03 -0.168938D-04  0.285425D-04 -0.435496D-04
     19    -0.162157D-03  0.347789D-03  0.234650D-04 -0.763876D-04 -0.141567D-03
     20    -0.107662D-02  0.102941D-02 -0.351146D-03  0.121892D-02 -0.126768D-04
     21     0.487171D-04 -0.585924D-04  0.206344D-04 -0.123452D-03  0.805794D-05
     22    -0.130651D-02  0.120449D-02 -0.357210D-03  0.890910D-03  0.493931D-04
     23    -0.142438D-02  0.134786D-02 -0.430588D-03  0.131313D-02  0.570523D-05
     24    -0.449040D-03  0.159982D-02  0.240953D-03 -0.178427D-03  0.288547D-03
     25     0.895725D-04  0.307529D-03 -0.432811D-04  0.273121D-03 -0.118928D-03
     26    -0.550657D-03  0.586112D-03 -0.137313D-03  0.471093D-03  0.657424D-05
     27    -0.469844D-03  0.218498D-03  0.221690D-04 -0.569069D-04 -0.164671D-03
     28    -0.575349D-03  0.297866D-03 -0.109086D-03  0.384119D-03 -0.840586D-04
     29    -0.135800D-02  0.138455D-02 -0.325498D-03  0.648423D-03  0.139577D-03
     30    -0.110309D-02  0.907210D-03 -0.277570D-03 -0.111621D-03 -0.368976D-04
     31    -0.201449D-02  0.248405D-02 -0.756762D-03  0.245961D-02 -0.161954D-03
     32    -0.611138D-03  0.593239D-03 -0.133246D-03  0.162136D-03  0.709545D-04
     33    -0.315500D-03  0.362812D-04 -0.103499D-04 -0.151026D-03  0.156211D-04
     34    -0.612290D-03  0.399797D-03 -0.974261D-04  0.569977D-03  0.506563D-06
     35    -0.570578D-03  0.512991D-03 -0.240744D-03  0.357241D-03  0.294425D-04
     36    -0.255513D-02  0.212913D-02 -0.573319D-03  0.179820D-02 -0.179828D-03
     37    -0.103799D-03 -0.115881D-04  0.191745D-04 -0.140286D-03  0.201993D-04
     38    -0.177700D-04  0.247184D-04 -0.170131D-04  0.724355D-04  0.129298D-04
     39     0.283438D-03 -0.419439D-03  0.160897D-03 -0.580612D-04 -0.979114D-03
     40     0.720392D-03 -0.174966D-02  0.226634D-03 -0.140561D-02  0.243581D-03
     41     0.174950D-02 -0.377686D-02  0.853762D-03 -0.176049D-02 -0.237132D-03
     42     0.569143D-03 -0.130106D-02  0.586438D-04 -0.518838D-03  0.652867D-04
     43     0.367247D-03 -0.156946D-02  0.838954D-04 -0.558828D-03  0.172067D-03
     44     0.101172D-02 -0.282456D-02  0.577827D-03 -0.278859D-02  0.374240D-04
     45    -0.625701D-04  0.209477D-03 -0.579666D-04  0.394361D-03 -0.135853D-04
     46     0.120736D-02 -0.342297D-02  0.696281D-03 -0.333227D-02 -0.239194D-04
     47     0.131784D-02 -0.333411D-02  0.476323D-03 -0.171796D-02 -0.917467D-04
     48     0.257672D-02 -0.293583D-02 -0.108939D-03  0.456392D-03 -0.267618D-03
     49     0.627721D-03 -0.108829D-02 -0.489205D-03 -0.115905D-04  0.212136D-03
     50     0.585925D-03 -0.148251D-02  0.298850D-03 -0.107165D-02 -0.218329D-04
     51     0.194124D-03 -0.524177D-03 -0.263561D-04 -0.243033D-03  0.153893D-03
     52     0.254831D-03 -0.135393D-02  0.654237D-04 -0.702324D-03  0.757564D-04
     53     0.132601D-02 -0.283749D-02  0.329315D-03 -0.761405D-03 -0.121572D-03
     54     0.867682D-03 -0.176021D-02  0.165197D-03  0.287636D-04  0.264806D-04
     55     0.246158D-02 -0.679595D-02  0.100969D-02 -0.590626D-02  0.153886D-03
     56     0.551745D-03 -0.131048D-02  0.287129D-03 -0.585978D-03 -0.122751D-03
     57     0.197901D-04 -0.225993D-05  0.128490D-03 -0.497644D-03 -0.462455D-04
     58     0.448333D-03 -0.676124D-03 -0.144949D-04 -0.491039D-03  0.520979D-04
     59     0.492112D-03 -0.144357D-02  0.329185D-03 -0.149692D-02 -0.237697D-04
     60     0.222164D-02 -0.499261D-02  0.925699D-03 -0.415407D-02  0.135121D-03
     61    -0.942942D-05  0.907793D-05  0.561382D-04  0.259410D-03 -0.346089D-04
     62     0.269385D-04 -0.264614D-04  0.203589D-04 -0.107635D-03 -0.152437D-04
     63    -0.443732D-04  0.438374D-03  0.726299D-03 -0.808606D-02 -0.638760D-04
     64    -0.765184D-04  0.184586D-03 -0.112650D-03 -0.636940D-03  0.281351D-03
     65    -0.132565D-03  0.141399D-03 -0.557418D-03  0.177850D-02 -0.657530D-04
     66    -0.614952D-03  0.101003D-02 -0.144621D-02  0.259637D-02  0.859231D-04
     67    -0.615461D-04  0.107179D-03 -0.175075D-03  0.256715D-03  0.162693D-04
     68    -0.353696D-04  0.110735D-03 -0.202051D-04 -0.662350D-03 -0.350650D-04
     69    -0.330919D-03  0.529594D-03 -0.103583D-02  0.203683D-02  0.262959D-05
     70     0.125889D-04 -0.421709D-04  0.531132D-04 -0.114156D-03  0.428016D-05
     71    -0.366283D-03  0.760804D-03 -0.110977D-02 -0.109559D-03  0.740889D-05
     72    -0.347920D-03  0.264508D-03 -0.125292D-02  0.266826D-02 -0.154700D-04
     73     0.307302D-03 -0.286435D-03  0.910603D-03 -0.282077D-02  0.337125D-04
     74     0.520709D-04 -0.285417D-03  0.254662D-03 -0.136851D-02 -0.403970D-04
     75    -0.135789D-03  0.246196D-03 -0.544114D-03  0.103132D-02 -0.616079D-05
     76     0.206742D-04  0.408986D-05 -0.210267D-03  0.601159D-03 -0.437564D-04
     77    -0.725320D-04  0.469591D-04 -0.553279D-03  0.741293D-03 -0.558892D-04
     78    -0.372874D-03  0.429163D-03 -0.106895D-02  0.127088D-02  0.254214D-04
     79    -0.325124D-03  0.208350D-03 -0.904313D-03  0.228551D-02  0.237431D-04
     80    -0.732853D-03  0.972078D-03 -0.236750D-02  0.506783D-02 -0.760621D-04
     81    -0.130202D-03  0.141941D-03 -0.343469D-03  0.210297D-02  0.276788D-04
     82    -0.146832D-04  0.197114D-03 -0.237296D-03 -0.640195D-04 -0.369920D-04
     83    -0.144499D-03  0.128167D-04 -0.805788D-03  0.316294D-02  0.393268D-04
     84    -0.274897D-03  0.313962D-03 -0.675875D-03  0.207006D-02  0.487158D-04
     85    -0.554032D-03  0.103909D-02 -0.174262D-02  0.221564D-02 -0.160151D-04
     86     0.153549D-04  0.102013D-03 -0.543548D-04  0.302264D-03  0.707340D-06
     87    -0.847549D-05  0.970540D-05 -0.227051D-04  0.672723D-04  0.640963D-05
     88     0.942554D-03 -0.287169D-02 -0.235851D-02  0.265356D-01  0.259945D-03
     89    -0.239293D-02  0.652582D-02  0.252930D-02 -0.856759D-01 -0.228400D-03
     90     0.663597D-03 -0.252337D-02 -0.155173D-02 -0.169662D-02  0.142332D-03
     91     0.697502D-03 -0.152285D-02 -0.116848D-03  0.482448D-02 -0.909106D-03
     92     0.636646D-03 -0.113934D-02  0.876360D-03 -0.913241D-02  0.215922D-03
     93     0.182249D-02 -0.387102D-02  0.249050D-02 -0.715290D-02 -0.204867D-03
     94     0.440526D-03 -0.136173D-02 -0.127616D-03  0.612017D-02  0.311397D-04
     95     0.151665D-03 -0.631905D-03  0.513173D-03  0.167870D-02  0.652477D-04
     96     0.844559D-03 -0.209292D-02  0.205214D-02 -0.113114D-01  0.146125D-04
     97    -0.512589D-04  0.172542D-03 -0.119851D-03  0.885965D-03 -0.138620D-04
     98     0.140935D-02 -0.392868D-02  0.190321D-02  0.311568D-02  0.152411D-04
     99     0.117967D-02 -0.218104D-02  0.201546D-02 -0.502270D-02  0.379790D-05
    100     0.966328D-03 -0.544154D-03 -0.174746D-02  0.415367D-02 -0.166375D-03
    101     0.285627D-03 -0.723594D-03 -0.132304D-02  0.935658D-02  0.220903D-03
    102     0.568273D-03 -0.128364D-02  0.963888D-03 -0.219419D-02  0.243588D-04
    103    -0.159523D-03  0.112345D-03  0.392047D-03 -0.584128D-02  0.129550D-03
    104     0.387717D-04  0.581114D-04  0.916491D-03 -0.681357D-02  0.140191D-03
    105     0.738099D-03 -0.601148D-03  0.226371D-02  0.434875D-03 -0.205918D-03
    106     0.443594D-03 -0.105520D-03  0.164170D-02 -0.151309D-01 -0.821505D-04
    107     0.264636D-02 -0.608509D-02  0.391020D-02 -0.103610D-01  0.191544D-03
    108    -0.720051D-04  0.600684D-03  0.138377D-02 -0.197486D-01 -0.189119D-03
    109    -0.546026D-05 -0.166906D-03  0.545704D-03 -0.112118D-02  0.462523D-04
    110     0.829256D-04  0.583022D-03  0.175306D-02 -0.192961D-01 -0.100386D-03
    111     0.480576D-03 -0.934997D-03  0.158264D-02 -0.126592D-01 -0.169998D-03
    112     0.220220D-02 -0.534061D-02  0.251521D-02  0.413716D-02  0.202480D-03
    113    -0.322805D-03  0.593044D-03  0.504990D-03 -0.616251D-02 -0.684389D-04
    114     0.372455D-04 -0.920129D-04  0.215196D-04  0.264116D-03 -0.177185D-04
    115    -0.299970D-03  0.284229D-03  0.215778D-03 -0.360680D-02 -0.269028D-04
    116     0.247280D-03 -0.599115D-03 -0.235511D-03  0.639809D-02  0.157162D-04
    117    -0.427888D-03  0.102738D-02  0.173790D-03 -0.113192D-01  0.253653D-04
    118     0.118498D-03 -0.288585D-03 -0.184606D-03  0.386819D-02  0.253133D-04
    119    -0.593760D-04  0.170750D-03  0.868687D-04  0.108150D-02 -0.884928D-05
    120    -0.322628D-03  0.136375D-02  0.810310D-03 -0.606877D-02 -0.493704D-04


           ESTIMATED COVARIANCE MATRIX FOR PARAMETER ESTIMATES
                 16            17            18            19            20
              ________      ________      ________      ________      ________
     16     0.189494D-02
     17    -0.982933D-04  0.184838D-02
     18    -0.106418D-04  0.190168D-03  0.166942D-02
     19     0.491204D-04  0.135205D-03  0.851376D-03  0.242339D-02
     20     0.401213D-04  0.280068D-04 -0.693697D-04 -0.625880D-04  0.421304D-03
     21    -0.889644D-05  0.975788D-05  0.419765D-05 -0.974977D-05 -0.635064D-04
     22     0.274294D-04  0.216839D-03 -0.955380D-04 -0.875014D-04  0.209534D-03
     23     0.252337D-04 -0.892764D-04  0.206267D-03 -0.313953D-04  0.194135D-03
     24     0.244068D-03  0.353950D-03 -0.343050D-04 -0.702612D-03 -0.523439D-04
     25     0.149325D-03 -0.196443D-03  0.135638D-03  0.248292D-03 -0.103316D-03
     26    -0.104943D-04  0.832710D-04 -0.101786D-04 -0.200031D-04  0.104016D-05
     27    -0.126738D-03 -0.102851D-03  0.182662D-04  0.175983D-04  0.335973D-04
     28     0.561148D-05 -0.757569D-04 -0.158918D-03 -0.418962D-03  0.459846D-04
     29     0.504481D-04  0.103065D-03  0.708235D-04  0.421492D-04  0.147749D-04
     30    -0.285125D-04  0.133952D-03  0.124714D-04  0.100602D-03 -0.308775D-06
     31     0.374876D-04  0.296817D-04 -0.266250D-04 -0.485788D-04  0.101000D-03
     32    -0.110081D-03  0.548361D-04 -0.856660D-04  0.123302D-03 -0.143838D-04
     33    -0.369215D-04  0.174714D-04 -0.724883D-04 -0.148315D-03 -0.328821D-04
     34     0.134468D-03 -0.317066D-03  0.100066D-03 -0.103576D-03  0.121408D-03
     35    -0.434246D-05 -0.347867D-04  0.535112D-04 -0.377704D-04  0.382923D-04
     36     0.298768D-03  0.685184D-03  0.196907D-04 -0.196178D-03  0.172194D-04
     37     0.364942D-04  0.219978D-04  0.306534D-04 -0.365215D-04  0.251285D-05
     38     0.358057D-05 -0.971877D-05  0.163222D-05  0.257271D-05 -0.287364D-05
     39     0.249674D-03 -0.235608D-03  0.470250D-04  0.123389D-03  0.162621D-04
     40    -0.189992D-02  0.992177D-04 -0.778201D-04 -0.559415D-04 -0.594069D-04
     41     0.156225D-03 -0.202228D-02 -0.127967D-03 -0.117195D-03 -0.107551D-04
     42    -0.379177D-04 -0.145986D-03 -0.175505D-02 -0.849028D-03  0.105457D-03
     43    -0.478973D-04 -0.124052D-03 -0.847870D-03 -0.246231D-02  0.101402D-03
     44    -0.494885D-04 -0.916278D-05  0.102080D-03  0.104982D-03 -0.451671D-03
     45     0.136307D-04 -0.136811D-04 -0.723805D-05  0.282588D-05  0.656605D-04
     46    -0.665892D-04 -0.342786D-03  0.139243D-03  0.517403D-04 -0.240183D-03
     47     0.722419D-04  0.163664D-03 -0.673846D-04  0.867517D-04 -0.217327D-03
     48    -0.415017D-03 -0.117922D-02  0.998551D-04  0.329167D-03  0.663150D-04
     49    -0.269500D-03  0.171858D-03 -0.179249D-03 -0.175178D-03  0.956326D-04
     50     0.300775D-04 -0.104227D-03  0.401082D-04  0.515182D-04 -0.709627D-05
     51     0.124707D-03  0.134776D-03 -0.478819D-04 -0.930838D-04 -0.133885D-04
     52    -0.328010D-04  0.194501D-03  0.141108D-03  0.308990D-03 -0.943904D-05
     53    -0.699634D-04 -0.109410D-03 -0.730366D-04 -0.755143D-04  0.489339D-05
     54    -0.634621D-04 -0.152542D-03 -0.428284D-05 -0.174942D-03  0.174772D-04
     55    -0.125753D-03  0.631184D-04 -0.713787D-04 -0.449211D-04 -0.116381D-03
     56     0.195418D-03 -0.188708D-03 -0.152388D-04 -0.281954D-03  0.614360D-04
     57     0.488244D-04  0.877584D-04  0.896873D-04  0.781976D-04  0.503586D-04
     58    -0.694325D-04  0.474260D-03 -0.575267D-04  0.127316D-03 -0.133601D-03
     59    -0.156494D-04  0.151135D-03 -0.550984D-05 -0.692445D-04 -0.599775D-04
     60    -0.308926D-03 -0.811894D-03 -0.423575D-04  0.798834D-04  0.565861D-04
     61    -0.706927D-04 -0.140793D-04 -0.680706D-04  0.351039D-04  0.256616D-04
     62    -0.103277D-04  0.976924D-05  0.485038D-05  0.107609D-04  0.211592D-05
     63     0.359150D-04  0.146493D-03  0.186563D-03  0.500560D-03 -0.124472D-03
     64    -0.504615D-04  0.996547D-04  0.675104D-05  0.604099D-04 -0.268731D-04
     65     0.522891D-03 -0.417074D-04 -0.315588D-04 -0.467148D-04  0.430708D-04
     66     0.350417D-05  0.649671D-03 -0.117749D-04 -0.225018D-04  0.756253D-06
     67     0.489652D-05 -0.641694D-05  0.576238D-03  0.314953D-03 -0.214809D-04
     68     0.454051D-04 -0.226536D-04  0.322500D-03  0.823077D-03 -0.509296D-04
     69     0.259474D-04  0.205974D-06 -0.241401D-04 -0.465243D-04  0.137594D-03
     70    -0.156068D-05  0.792354D-05 -0.809700D-05 -0.347902D-05 -0.202350D-04
     71    -0.272394D-04  0.160121D-03 -0.108247D-03  0.105615D-03  0.166262D-04
     72     0.483363D-04 -0.659369D-04  0.636231D-04 -0.400792D-05  0.101295D-03
     73     0.607775D-04  0.352456D-05  0.360940D-05 -0.289643D-03 -0.970751D-04
     74     0.556286D-04 -0.629147D-04  0.164827D-03  0.165192D-03 -0.649722D-04
     75    -0.132472D-05  0.195925D-04 -0.261882D-04 -0.202446D-04  0.852607D-05
     76    -0.210638D-04 -0.355268D-04  0.106206D-04  0.228731D-05  0.875807D-05
     77     0.927818D-05 -0.102965D-03 -0.998149D-04 -0.152583D-03  0.107335D-04
     78    -0.230877D-04  0.594348D-04  0.691736D-04  0.840746D-04  0.927059D-05
     79    -0.765337D-04  0.355057D-04  0.177121D-04  0.353513D-04  0.387944D-05
     80     0.439828D-05 -0.222723D-04 -0.556358D-04 -0.106644D-03  0.344656D-04
     81    -0.685080D-04 -0.626546D-05  0.177844D-04  0.966185D-04 -0.731465D-05
     82    -0.357090D-04  0.238766D-04 -0.918955D-05 -0.297827D-04 -0.424002D-04
     83     0.242436D-06 -0.147631D-03  0.620800D-05 -0.148802D-03  0.754346D-04
     84     0.250600D-05 -0.230078D-05  0.193026D-05 -0.192661D-04  0.405369D-04
     85     0.763007D-04  0.316887D-03  0.288725D-06 -0.432483D-04  0.114078D-04
     86    -0.154506D-05 -0.138166D-04  0.289285D-04 -0.774742D-05 -0.132129D-05
     87     0.900141D-07  0.567507D-06 -0.159242D-05 -0.358676D-05 -0.406835D-06
     88     0.200642D-04 -0.470642D-03 -0.540369D-03 -0.115455D-02  0.349115D-03
     89    -0.161682D-03  0.120302D-02  0.332865D-03  0.133082D-02 -0.609232D-03
     90    -0.427801D-04 -0.146856D-03 -0.328780D-03 -0.106686D-02  0.682240D-04
     91     0.181698D-03 -0.387754D-03 -0.392901D-04 -0.273262D-03  0.960523D-04
     92    -0.174955D-02  0.182506D-03 -0.486154D-04 -0.204086D-04 -0.164681D-03
     93     0.597888D-04 -0.200276D-02 -0.118865D-03 -0.342838D-03  0.621104D-04
     94    -0.517345D-04 -0.203647D-03 -0.184782D-02 -0.110917D-02  0.214323D-03
     95    -0.126774D-03 -0.156233D-03 -0.884529D-03 -0.244488D-02  0.166935D-03
     96    -0.103596D-03  0.119285D-03  0.184254D-03  0.235347D-03 -0.490945D-03
     97     0.195735D-04 -0.294420D-04  0.304403D-05  0.130713D-05  0.637476D-04
     98     0.229319D-05 -0.509028D-03  0.264825D-03 -0.189085D-03 -0.134875D-03
     99    -0.713253D-04  0.328855D-03  0.303868D-04  0.314385D-03 -0.309863D-03
    100    -0.274432D-03 -0.558584D-03  0.743636D-04  0.678904D-03  0.185465D-03
    101    -0.345717D-03  0.168907D-04 -0.412840D-03 -0.414478D-03  0.261145D-03
    102     0.397547D-04 -0.133468D-03  0.479387D-04 -0.129247D-04 -0.526367D-06
    103     0.475308D-04  0.176249D-03 -0.321098D-04  0.131958D-05 -0.428727D-04
    104    -0.643868D-05  0.315601D-03  0.330814D-03  0.661670D-03 -0.976933D-04
    105    -0.168631D-05 -0.325681D-07  0.571050D-05  0.238647D-03  0.476010D-04
    106    -0.121135D-05  0.770600D-04 -0.279477D-04 -0.180558D-03 -0.246412D-04
    107    -0.845199D-04  0.289865D-04  0.190755D-04 -0.140736D-03 -0.718498D-04
    108     0.141333D-03  0.125897D-03  0.684638D-04 -0.960493D-04 -0.370307D-04
    109     0.475431D-05  0.131044D-03  0.591520D-04  0.148666D-03  0.479678D-04
    110    -0.733060D-04  0.690483D-03  0.570456D-04  0.515496D-03 -0.327422D-03
    111    -0.113081D-03  0.220797D-03  0.174706D-04  0.121595D-03 -0.190750D-03
    112    -0.356531D-03 -0.991732D-03 -0.150353D-03 -0.132950D-03  0.134027D-03
    113    -0.908713D-04  0.122999D-03 -0.282500D-05  0.283168D-03 -0.241644D-04
    114    -0.149038D-04 -0.560501D-06 -0.179747D-05 -0.744098D-05  0.824446D-05
    115     0.197396D-04  0.246540D-04 -0.698199D-05  0.351805D-05 -0.259206D-04
    116    -0.121514D-04 -0.934728D-04 -0.266216D-05 -0.860695D-04  0.627003D-04
    117    -0.135528D-04  0.208173D-03  0.205960D-04  0.211130D-03 -0.741111D-04
    118    -0.617462D-05 -0.603599D-04 -0.422773D-04 -0.117406D-03  0.349342D-04
    119     0.204354D-04  0.701486D-05  0.223264D-04  0.898053D-04 -0.441376D-05
    120    -0.636726D-04  0.117207D-03  0.947637D-04  0.329816D-03 -0.601644D-04


           ESTIMATED COVARIANCE MATRIX FOR PARAMETER ESTIMATES
                 21            22            23            24            25
              ________      ________      ________      ________      ________
     21     0.258275D-04
     22     0.102128D-04  0.259138D-02
     23     0.106188D-04  0.581502D-03  0.446996D-02
     24     0.365447D-04  0.407823D-03  0.399119D-03  0.289325D-01
     25    -0.503390D-04 -0.307145D-03  0.294830D-04  0.444450D-03  0.326051D-02
     26    -0.333101D-05  0.160829D-04  0.376277D-04  0.133776D-03 -0.999750D-05
     27    -0.134981D-05 -0.372937D-04 -0.712139D-04 -0.253748D-03 -0.100647D-03
     28    -0.197114D-04 -0.164184D-03  0.215862D-03 -0.115244D-03  0.541270D-04
     29    -0.137938D-05  0.184489D-04  0.104365D-04  0.454905D-03  0.405683D-05
     30    -0.444207D-06  0.141114D-03 -0.818603D-04  0.109034D-03 -0.697762D-04
     31    -0.140797D-04 -0.448619D-04 -0.232615D-04 -0.221378D-03  0.500226D-03
     32    -0.576491D-05  0.176924D-04  0.176005D-03  0.459200D-03  0.423795D-04
     33    -0.911823D-05 -0.286103D-04  0.525694D-04  0.238354D-03  0.295618D-04
     34     0.100131D-04  0.590580D-04  0.211574D-03 -0.194089D-03 -0.154971D-03
     35    -0.214828D-05 -0.258738D-04 -0.915731D-04 -0.542226D-03 -0.918888D-04
     36    -0.320125D-05  0.155115D-03  0.952569D-04 -0.278166D-03  0.206013D-04
     37    -0.456963D-05 -0.381391D-04  0.460254D-04 -0.142423D-03 -0.120572D-03
     38     0.164785D-05  0.558180D-06 -0.435895D-05 -0.169073D-04  0.730153D-05
     39    -0.109504D-04 -0.275006D-04 -0.146504D-03 -0.258785D-03  0.145133D-03
     40     0.108944D-04 -0.966672D-04  0.131744D-03 -0.321283D-03 -0.236393D-03
     41    -0.144803D-04 -0.341759D-03  0.201009D-03 -0.889103D-03  0.241609D-03
     42    -0.626319D-05  0.139235D-03 -0.512613D-04  0.941989D-04 -0.187773D-03
     43     0.349833D-05  0.491657D-04  0.110228D-03  0.548494D-03 -0.223720D-03
     44     0.658255D-04 -0.240555D-03 -0.242266D-03  0.491857D-04  0.118800D-03
     45    -0.270037D-04  0.210162D-05  0.513231D-05 -0.899973D-04  0.561539D-04
     46     0.161178D-05 -0.278901D-02 -0.534627D-03 -0.381655D-03  0.174326D-03
     47     0.181569D-05 -0.539161D-03 -0.482898D-02 -0.484326D-03 -0.872002D-04
     48    -0.137917D-03 -0.498071D-03 -0.484261D-03 -0.265363D-01 -0.182627D-02
     49     0.517337D-04  0.793733D-04 -0.836517D-04 -0.154097D-02 -0.381427D-02
     50     0.700970D-05  0.115956D-04 -0.100228D-04 -0.290322D-03 -0.157936D-04
     51     0.199728D-05  0.115362D-03  0.329871D-04  0.409464D-03  0.110588D-03
     52     0.139793D-04  0.225124D-03 -0.331316D-03  0.230284D-03 -0.142140D-03
     53    -0.124121D-05  0.280149D-04 -0.893527D-04 -0.510576D-03 -0.397327D-04
     54     0.361883D-05 -0.123141D-03  0.100235D-03 -0.227846D-03  0.308426D-04
     55     0.231600D-04  0.193870D-04 -0.344497D-04  0.454220D-04 -0.697097D-03
     56    -0.475766D-06 -0.773430D-04 -0.158218D-03 -0.871171D-03 -0.829987D-04
     57     0.316647D-05  0.100251D-03 -0.663044D-04 -0.376646D-03 -0.291974D-05
     58     0.769674D-05  0.642976D-04 -0.173146D-03  0.353194D-03  0.973427D-04
     59     0.987802D-05  0.948810D-04  0.109018D-03  0.893884D-03  0.136815D-03
     60     0.727207D-07 -0.148111D-03 -0.172092D-04  0.155910D-03 -0.166924D-03
     61    -0.136782D-05  0.909232D-04  0.303714D-05  0.186632D-03  0.204870D-03
     62    -0.151877D-05 -0.725040D-05  0.935129D-05  0.205445D-04 -0.873196D-05
     63     0.152491D-04  0.277176D-04 -0.167250D-03  0.317512D-04  0.221238D-03
     64     0.849658D-05  0.215387D-04 -0.640350D-04  0.925812D-05  0.132704D-04
     65    -0.440832D-05 -0.265618D-04  0.725242D-04  0.764741D-05 -0.408374D-05
     66     0.719704D-05  0.113332D-03 -0.405016D-04 -0.463545D-04 -0.649776D-04
     67    -0.840077D-05 -0.148037D-03  0.633041D-04 -0.125624D-03  0.132961D-03
     68    -0.252862D-05 -0.740334D-05  0.207418D-04 -0.416752D-03  0.128530D-03
     69    -0.207791D-04  0.484683D-04  0.100309D-03 -0.637644D-04 -0.354724D-04
     70     0.867930D-05  0.247770D-05 -0.414029D-05  0.610366D-05 -0.281880D-04
     71     0.547233D-05  0.845746D-03  0.147935D-03  0.777216D-04 -0.590445D-04
     72    -0.497289D-05  0.178919D-03  0.165404D-02  0.549957D-04  0.439017D-04
     73     0.614259D-05  0.143842D-03  0.169367D-05  0.216127D-01  0.589487D-04
     74    -0.217215D-04 -0.124748D-03 -0.771346D-05  0.831071D-04  0.985655D-03
     75    -0.260476D-05  0.133515D-05 -0.353738D-04  0.870553D-04  0.181676D-04
     76    -0.295947D-05 -0.405482D-04 -0.455344D-04 -0.813871D-04 -0.183986D-04
     77    -0.388385D-05 -0.181688D-04  0.115089D-03  0.383933D-04  0.544443D-04
     78    -0.124296D-05 -0.242885D-04 -0.167053D-03  0.222515D-03  0.507582D-04
     79     0.254626D-05  0.104259D-03 -0.605909D-04  0.974959D-04 -0.413510D-04
     80    -0.259783D-05  0.779156D-04  0.858540D-04 -0.937989D-04  0.953642D-04
     81    -0.289684D-05  0.710239D-04  0.257375D-04 -0.769501D-04 -0.721032D-06
     82    -0.294816D-05  0.563382D-04  0.924349D-05 -0.922562D-04  0.905645D-04
     83    -0.254508D-05  0.562372D-04  0.145185D-04 -0.172557D-03 -0.117373D-03
     84     0.254507D-06  0.283872D-04 -0.198504D-04 -0.194792D-03 -0.145559D-03
     85    -0.977793D-05 -0.412218D-04  0.136120D-03 -0.625432D-04  0.712389D-04
     86    -0.507391D-06 -0.244673D-04 -0.227861D-04 -0.632865D-04 -0.331065D-04
     87     0.647375D-06 -0.606307D-05 -0.709308D-05 -0.861298D-05  0.479613D-05
     88    -0.473925D-04  0.689899D-04  0.682511D-03 -0.135705D-02 -0.935145D-04
     89     0.145252D-03  0.634336D-03  0.387592D-05  0.337427D-02 -0.230090D-03
     90     0.126272D-04  0.142180D-03  0.577610D-03 -0.932689D-03 -0.197127D-04
     91    -0.197088D-04 -0.498222D-04  0.209830D-03 -0.517904D-03  0.987686D-04
     92     0.339099D-04  0.123310D-04 -0.265138D-04 -0.125562D-05 -0.184880D-03
     93    -0.213430D-04 -0.320692D-03  0.411424D-03 -0.659170D-03  0.119318D-03
     94    -0.903067D-05  0.338674D-03  0.497319D-04 -0.518696D-04 -0.265199D-03
     95    -0.805302D-05  0.511911D-04  0.110897D-03  0.981478D-03 -0.185402D-03
     96     0.701579D-04 -0.211863D-03 -0.326827D-03  0.365504D-03  0.159547D-03
     97    -0.265607D-04  0.452197D-05  0.424616D-05 -0.913965D-04  0.596959D-04
     98    -0.896488D-05 -0.274028D-02 -0.426156D-03 -0.673530D-03  0.332390D-03
     99     0.687493D-05 -0.570208D-03 -0.566804D-02 -0.241251D-03 -0.126474D-04
    100    -0.887789D-04 -0.413045D-03 -0.127650D-03 -0.486536D-01 -0.933933D-03
    101     0.385059D-04  0.311778D-03  0.140245D-03 -0.189702D-02 -0.378753D-02
    102     0.755133D-05  0.208394D-04  0.525979D-04 -0.429242D-03 -0.439944D-04
    103     0.129523D-04  0.165762D-03  0.192923D-04  0.568671D-03  0.966317D-04
    104     0.271667D-04  0.143359D-03 -0.597407D-03  0.331522D-03 -0.161016D-03
    105    -0.111264D-04  0.261203D-05  0.677257D-04 -0.352348D-03 -0.191503D-03
    106     0.173620D-04 -0.198948D-03  0.424107D-03 -0.557139D-04 -0.310545D-04
    107     0.112545D-04 -0.168738D-03 -0.174099D-03 -0.285116D-03 -0.542014D-03
    108     0.309867D-04 -0.814791D-04 -0.142968D-03  0.270272D-03 -0.160776D-03
    109     0.152370D-04 -0.765141D-04 -0.146108D-03  0.134481D-04 -0.449966D-04
    110     0.329326D-04  0.604556D-04 -0.349543D-03  0.129050D-02  0.242544D-03
    111     0.266329D-04  0.235780D-04  0.993092D-04  0.116951D-02  0.146763D-03
    112    -0.764659D-06  0.152022D-04 -0.188329D-03 -0.382748D-03 -0.161421D-03
    113     0.847885D-05  0.896703D-04  0.362129D-05  0.571007D-03  0.119528D-03
    114    -0.272740D-05  0.104778D-04  0.307060D-04 -0.371766D-05 -0.166498D-05
    115     0.125640D-05  0.327734D-04 -0.512043D-04  0.188759D-03 -0.405210D-04
    116    -0.107007D-04 -0.599506D-04  0.117238D-05 -0.342410D-03 -0.668415D-05
    117     0.248709D-04  0.138645D-03  0.177936D-03  0.644275D-03 -0.348578D-05
    118    -0.486048D-05 -0.365762D-04  0.363746D-05 -0.874968D-04 -0.994745D-05
    119    -0.176792D-05 -0.131496D-04 -0.435403D-04  0.420924D-04 -0.923626D-05
    120     0.376899D-05 -0.206533D-05 -0.362394D-03  0.682953D-03 -0.624550D-04


           ESTIMATED COVARIANCE MATRIX FOR PARAMETER ESTIMATES
                 26            27            28            29            30
              ________      ________      ________      ________      ________
     26     0.267870D-03
     27    -0.558893D-04  0.415819D-03
     28    -0.292473D-04  0.998417D-04  0.169396D-02
     29     0.515308D-04  0.152667D-04 -0.438643D-04  0.191780D-02
     30     0.121945D-04 -0.402993D-05 -0.900732D-04  0.103798D-02  0.170304D-02
     31    -0.572378D-04 -0.243580D-05  0.361354D-03 -0.565071D-04 -0.147604D-03
     32     0.233777D-04  0.564993D-04  0.666716D-04  0.126343D-03  0.105003D-03
     33     0.129411D-04  0.589058D-04  0.618179D-04  0.407050D-04  0.117931D-03
     34    -0.496410D-04  0.382976D-04 -0.642514D-04  0.414721D-04 -0.596809D-04
     35    -0.155365D-04  0.450901D-04 -0.191442D-03  0.231121D-04  0.408614D-04
     36     0.239657D-04  0.495086D-03 -0.223597D-03 -0.217731D-04  0.225822D-04
     37    -0.128914D-05  0.156511D-04  0.644450D-05 -0.875851D-04  0.277583D-04
     38     0.166990D-05 -0.198829D-04 -0.685088D-04  0.981988D-05  0.555367D-05
     39    -0.578336D-05  0.167487D-03  0.755020D-04 -0.137510D-03  0.415801D-04
     40     0.181870D-04  0.890734D-04 -0.318128D-04 -0.110269D-03 -0.635817D-04
     41    -0.104922D-03  0.111939D-03  0.181444D-03 -0.136483D-03 -0.161519D-03
     42     0.206035D-04 -0.615399D-04  0.141697D-03 -0.944080D-04 -0.307591D-04
     43     0.438668D-04 -0.112861D-03  0.302919D-03 -0.772718D-04 -0.166369D-03
     44    -0.100954D-04 -0.125415D-04 -0.515545D-05  0.746615D-05  0.210928D-04
     45     0.941294D-05  0.117547D-05  0.125052D-04 -0.270526D-05  0.455533D-05
     46     0.138600D-04  0.100372D-03  0.238812D-03  0.605018D-04 -0.130787D-03
     47    -0.276871D-04  0.386677D-04 -0.295505D-03  0.630860D-05  0.165639D-03
     48    -0.367693D-03  0.484727D-03  0.236659D-03 -0.759523D-03 -0.386849D-03
     49    -0.391430D-04  0.627842D-04 -0.148965D-03 -0.720779D-04  0.171412D-04
     50    -0.293681D-03  0.568735D-04  0.175456D-04 -0.491464D-04 -0.139922D-04
     51     0.596947D-04 -0.358984D-03 -0.104276D-03  0.945733D-06  0.434304D-04
     52     0.133352D-04 -0.777604D-04 -0.173935D-02  0.820605D-04  0.177569D-03
     53    -0.412563D-04  0.145807D-04  0.299290D-04 -0.205844D-02 -0.103104D-02
     54    -0.891665D-05  0.720481D-04  0.165527D-03 -0.106267D-02 -0.177274D-02
     55     0.670988D-04  0.277973D-05 -0.374376D-03  0.138201D-04  0.200518D-03
     56    -0.451711D-04 -0.116940D-04  0.588922D-04 -0.184538D-03 -0.766628D-04
     57     0.234726D-04 -0.750576D-04 -0.442681D-05  0.550114D-04 -0.246935D-05
     58     0.676503D-04 -0.853055D-04  0.553719D-04 -0.449137D-04  0.105178D-03
     59     0.367070D-04 -0.222759D-04  0.208684D-03 -0.308992D-04 -0.168327D-04
     60    -0.455651D-04 -0.364624D-03  0.387492D-03 -0.353044D-04 -0.493192D-05
     61     0.155751D-04 -0.244922D-05 -0.188964D-04  0.147837D-03 -0.498443D-04
     62    -0.229470D-05  0.224811D-04  0.747763D-04 -0.388999D-05 -0.659346D-06
     63     0.582775D-04 -0.314845D-04 -0.220815D-03  0.125178D-03  0.180004D-03
     64    -0.730187D-05 -0.361896D-04 -0.922193D-04  0.487640D-04  0.481391D-04
     65    -0.787669D-05 -0.173951D-04  0.288977D-04 -0.661415D-04 -0.931564D-04
     66     0.324996D-04 -0.351517D-04 -0.100780D-03  0.503005D-04  0.401607D-04
     67    -0.159938D-04  0.204380D-04 -0.963026D-04  0.503577D-04  0.362579D-04
     68    -0.542627D-05  0.222990D-04 -0.157950D-03  0.508053D-04  0.102493D-03
     69     0.600072D-05 -0.128509D-06  0.793656D-05  0.663797D-05 -0.222962D-04
     70    -0.134905D-05 -0.949930D-06 -0.447759D-05 -0.244081D-05  0.359755D-05
     71     0.176963D-04 -0.506423D-04 -0.740575D-04 -0.260907D-04  0.133993D-03
     72    -0.505872D-04 -0.520573D-04  0.136445D-03 -0.184154D-03 -0.796868D-04
     73     0.121322D-04 -0.510165D-04 -0.661449D-04  0.229610D-03  0.142768D-03
     74     0.235217D-04 -0.309088D-04  0.457853D-04  0.114513D-04 -0.127351D-04
     75     0.801227D-04 -0.213434D-04 -0.151197D-04 -0.920645D-05  0.790996D-05
     76    -0.204146D-04  0.824949D-04  0.277556D-04 -0.531613D-05 -0.390561D-04
     77    -0.230386D-04  0.264159D-04  0.553644D-03  0.431950D-04 -0.286681D-04
     78    -0.150522D-04 -0.702724D-05  0.171268D-04  0.587189D-03  0.357474D-03
     79    -0.176526D-04 -0.110221D-04  0.493018D-05  0.294956D-03  0.556633D-03
     80    -0.107302D-04 -0.996993D-05  0.190695D-03  0.477850D-04 -0.113742D-04
     81    -0.147004D-04  0.376574D-05  0.494394D-04  0.477880D-04  0.488080D-04
     82     0.351600D-05  0.486778D-05  0.190304D-04  0.424771D-04  0.220727D-04
     83    -0.697005D-04  0.345928D-05  0.845684D-04 -0.533802D-05 -0.620729D-04
     84    -0.208929D-04  0.833192D-05 -0.366308D-04 -0.183999D-04  0.103371D-04
     85     0.129168D-04  0.612906D-04 -0.133527D-03 -0.105559D-03 -0.106513D-03
     86    -0.636916D-05  0.592631D-05 -0.180997D-04 -0.269542D-04 -0.723264D-05
     87     0.166539D-06 -0.888664D-05 -0.260497D-04 -0.200690D-05 -0.252035D-05
     88    -0.270902D-03 -0.205268D-04  0.106232D-02 -0.749216D-03 -0.111618D-02
     89     0.316297D-03 -0.290722D-04 -0.104184D-02  0.158653D-02  0.271836D-02
     90    -0.294477D-03 -0.276275D-04  0.138952D-02 -0.740026D-03 -0.615203D-03
     91    -0.619001D-04  0.102844D-03  0.499317D-03 -0.450190D-03 -0.371764D-03
     92     0.416334D-04  0.267574D-04 -0.232811D-04  0.574236D-04  0.207367D-03
     93    -0.168404D-03  0.110400D-03  0.461074D-03 -0.251967D-03 -0.242001D-03
     94     0.707124D-05 -0.524634D-04  0.458427D-03 -0.324939D-03 -0.368284D-03
     95     0.924270D-04 -0.653142D-04  0.185287D-03 -0.924050D-04 -0.226595D-03
     96     0.733783D-05  0.356321D-05 -0.955740D-04  0.126710D-03  0.231458D-03
     97     0.851807D-05  0.284863D-05  0.132034D-04  0.321675D-05 -0.983095D-05
     98    -0.482154D-04  0.146123D-03  0.365273D-03 -0.878810D-04 -0.594134D-03
     99     0.644583D-04  0.509713D-04 -0.667961D-03  0.461461D-03  0.492846D-03
    100    -0.237264D-03  0.310826D-03  0.272562D-03 -0.703867D-03 -0.584751D-03
    101    -0.127091D-03  0.157754D-03  0.677562D-04 -0.291451D-03 -0.160986D-03
    102    -0.313900D-03  0.716287D-04  0.117901D-03 -0.560655D-04 -0.847815D-04
    103     0.854707D-04 -0.271698D-03 -0.130826D-03  0.110407D-03  0.273658D-03
    104     0.980878D-04 -0.789731D-04 -0.206162D-02  0.196267D-03  0.385996D-03
    105     0.119309D-03  0.705933D-04 -0.585502D-03 -0.178148D-02 -0.959219D-03
    106     0.283829D-04  0.118944D-03  0.131805D-03 -0.943559D-03 -0.155242D-02
    107    -0.378181D-04  0.278520D-04 -0.153313D-03 -0.240223D-03 -0.723966D-04
    108     0.731623D-04  0.237046D-05 -0.227629D-03  0.124449D-03  0.398067D-03
    109     0.597930D-04 -0.744588D-04 -0.151694D-03  0.319488D-04  0.744474D-05
    110     0.221943D-03 -0.551556D-04 -0.400369D-03  0.225664D-03  0.642480D-03
    111     0.108324D-03  0.153907D-05  0.841918D-04  0.131197D-03  0.316343D-03
    112    -0.763085D-04 -0.263511D-03  0.527584D-03  0.301698D-05 -0.102595D-03
    113     0.860021D-04 -0.312482D-06 -0.274176D-03  0.295704D-03  0.239279D-03
    114    -0.689822D-05  0.254132D-04  0.110623D-03 -0.193456D-04 -0.222538D-04
    115     0.323892D-04  0.291209D-04 -0.100269D-04  0.105557D-03  0.160371D-03
    116    -0.255895D-04 -0.106219D-04  0.672858D-04 -0.136211D-03 -0.219162D-03
    117     0.285729D-04 -0.179775D-05 -0.139881D-03  0.195199D-03  0.366696D-03
    118    -0.188585D-04  0.180782D-05  0.569928D-04 -0.802224D-04 -0.111887D-03
    119     0.189799D-04  0.818350D-05 -0.823215D-04  0.430058D-04  0.198114D-04
    120     0.147462D-03 -0.861664D-05 -0.590111D-03  0.420198D-03  0.513724D-03


           ESTIMATED COVARIANCE MATRIX FOR PARAMETER ESTIMATES
                 31            32            33            34            35
              ________      ________      ________      ________      ________
     31     0.229230D-02
     32     0.996556D-05  0.177114D-02
     33    -0.598403D-04  0.594680D-03  0.182031D-02
     34    -0.695205D-05 -0.447356D-03  0.103487D-03  0.324607D-02
     35     0.146348D-03 -0.550100D-04 -0.198423D-04  0.499173D-03  0.163323D-02
     36     0.496051D-04 -0.871465D-04 -0.155037D-03  0.202537D-04  0.825393D-04
     37     0.101067D-04  0.191859D-04  0.405776D-04 -0.220914D-04 -0.526162D-04
     38    -0.250149D-04 -0.115043D-04 -0.120257D-04 -0.764821D-05 -0.528673D-05
     39     0.147083D-03 -0.127868D-03 -0.127137D-04  0.957380D-04 -0.924861D-05
     40    -0.116271D-03  0.191580D-03  0.496008D-04 -0.117697D-03 -0.651856D-04
     41     0.502441D-04 -0.206778D-03  0.504781D-04  0.495525D-03  0.161818D-03
     42    -0.665306D-04 -0.241082D-04  0.778085D-04 -0.214391D-04 -0.290393D-05
     43    -0.535847D-04 -0.261336D-03  0.115975D-03  0.106485D-03 -0.518930D-04
     44    -0.114395D-03  0.545801D-04  0.583988D-04 -0.126864D-03 -0.736655D-04
     45     0.236484D-04  0.138412D-05  0.310675D-06  0.627032D-05  0.127386D-04
     46     0.245959D-04 -0.787751D-04  0.134724D-03  0.535696D-04  0.519147D-04
     47    -0.107893D-04 -0.139872D-03 -0.289390D-04 -0.170425D-03  0.810842D-04
     48    -0.797700D-04 -0.122938D-02 -0.354706D-03  0.542510D-03  0.109273D-02
     49    -0.731178D-03 -0.774740D-04  0.850788D-04  0.139279D-03  0.844685D-04
     50     0.598845D-04 -0.335574D-04  0.216522D-04  0.770960D-04  0.396631D-04
     51     0.551873D-05 -0.158985D-04 -0.726705D-04 -0.706860D-04 -0.306931D-04
     52    -0.385740D-03  0.689042D-04  0.106424D-04  0.600554D-04  0.211275D-03
     53    -0.260594D-04 -0.227201D-03  0.162933D-05 -0.150068D-04 -0.454243D-06
     54     0.186798D-03 -0.614658D-04 -0.751641D-05  0.922949D-04  0.341530D-04
     55    -0.274256D-02  0.117659D-04  0.651547D-04 -0.142330D-03 -0.217122D-03
     56     0.295459D-04 -0.195042D-02 -0.605770D-03  0.464670D-03 -0.768035D-06
     57     0.728320D-04 -0.679804D-03 -0.188856D-02 -0.126701D-03  0.318653D-04
     58    -0.125739D-03  0.440481D-03 -0.155420D-03 -0.326205D-02 -0.544870D-03
     59    -0.189933D-03 -0.116447D-04  0.261503D-04 -0.585641D-03 -0.174920D-02
     60    -0.322771D-04  0.121599D-03  0.219916D-03  0.733283D-04  0.278810D-04
     61    -0.117939D-05  0.344803D-05 -0.853889D-04 -0.455817D-04  0.795055D-04
     62     0.274290D-04  0.164906D-04  0.148489D-04  0.489404D-05 -0.197906D-05
     63    -0.888390D-04  0.101257D-03 -0.908184D-04 -0.159730D-03  0.243182D-03
     64    -0.788462D-04  0.551331D-04 -0.224085D-04  0.337230D-04  0.894606D-04
     65     0.126670D-04 -0.672517D-04 -0.246030D-04  0.226038D-04 -0.237230D-04
     66    -0.689223D-05  0.358578D-04 -0.479375D-05 -0.101797D-03  0.468498D-04
     67    -0.517044D-04  0.462953D-04  0.202183D-04  0.781597D-04  0.609054D-05
     68    -0.627657D-04  0.198805D-03 -0.312410D-04 -0.664168D-05  0.768935D-04
     69     0.235686D-04 -0.277566D-04 -0.370156D-04  0.308817D-04  0.167711D-04
     70    -0.100321D-05 -0.506462D-07 -0.593662D-06  0.556928D-05  0.497968D-05
     71     0.690455D-04  0.986714D-04  0.618471D-04 -0.170044D-04  0.127745D-03
     72     0.683168D-04 -0.112985D-04  0.403703D-04 -0.427291D-04 -0.857542D-04
     73    -0.134109D-03 -0.210963D-04  0.110214D-04 -0.123207D-03 -0.138437D-03
     74     0.111686D-03  0.532403D-04  0.582606D-04 -0.985830D-04 -0.832644D-04
     75    -0.533791D-05 -0.267351D-05  0.756641D-06 -0.505284D-04 -0.139516D-04
     76    -0.374852D-05 -0.140584D-04 -0.501820D-05 -0.860566D-05 -0.127961D-04
     77     0.171748D-03 -0.115757D-04 -0.116458D-04  0.648387D-05 -0.756657D-04
     78     0.385508D-04  0.103994D-03  0.250097D-05 -0.188005D-04 -0.442936D-05
     79     0.231351D-04  0.602900D-04 -0.712309D-05 -0.970979D-05 -0.226727D-04
     80     0.801241D-03 -0.282739D-04  0.359888D-04  0.426715D-04  0.403858D-04
     81     0.621015D-05  0.593312D-03  0.228082D-03 -0.142966D-03 -0.590818D-04
     82     0.379628D-04  0.184933D-03  0.594626D-03  0.107606D-04  0.409378D-04
     83     0.817183D-04 -0.162364D-03  0.598198D-04  0.115786D-02  0.118308D-03
     84     0.754330D-04 -0.211591D-04  0.580091D-04  0.191686D-03  0.500807D-03
     85    -0.419447D-04 -0.737772D-04 -0.922769D-04 -0.126415D-03  0.194490D-04
     86     0.589536D-05 -0.824235D-05  0.194325D-05  0.346451D-05 -0.551943D-04
     87    -0.109664D-04 -0.483959D-05 -0.624634D-05  0.383487D-05  0.486667D-07
     88     0.434588D-03 -0.487971D-03  0.579601D-03  0.120411D-03 -0.111066D-02
     89    -0.362468D-03  0.872437D-03  0.298661D-03  0.334502D-04  0.204115D-02
     90     0.595842D-03 -0.508438D-04  0.804850D-03 -0.398421D-03 -0.674791D-03
     91     0.281967D-03 -0.262546D-03  0.205000D-03 -0.173166D-03 -0.511680D-03
     92    -0.619510D-04  0.252807D-03  0.536527D-04 -0.123960D-03  0.511827D-04
     93     0.183150D-03 -0.217842D-03  0.219754D-03  0.349480D-03 -0.921004D-04
     94     0.156322D-03 -0.159391D-03 -0.197922D-04 -0.199336D-03 -0.283752D-03
     95    -0.102288D-04 -0.510738D-03 -0.859993D-04  0.160683D-03 -0.414716D-04
     96    -0.127736D-03  0.184590D-03  0.734432D-04 -0.153678D-03 -0.182431D-04
     97     0.142244D-04 -0.851046D-05 -0.385239D-05 -0.129155D-05  0.831339D-05
     98    -0.560541D-04 -0.308963D-03  0.332895D-05  0.118954D-03 -0.453581D-03
     99    -0.249617D-03 -0.301071D-04 -0.217588D-03 -0.112859D-03  0.283527D-03
    100     0.308001D-03 -0.736299D-03 -0.342700D-03  0.400220D-03  0.768427D-03
    101    -0.463909D-03 -0.283377D-03  0.139646D-03  0.317982D-03 -0.913939D-04
    102     0.689848D-04 -0.133746D-04  0.803375D-04  0.115481D-03 -0.776576D-05
    103    -0.110428D-04  0.761212D-04 -0.203346D-04 -0.316540D-04  0.110893D-03
    104    -0.578646D-03  0.200674D-03 -0.719184D-05  0.103413D-03  0.462378D-03
    105    -0.270675D-03 -0.346476D-03 -0.421934D-03  0.113509D-03  0.183782D-03
    106     0.156801D-03 -0.161896D-04  0.456217D-04 -0.606152D-04  0.292320D-03
    107    -0.254235D-02 -0.706310D-04  0.638851D-04 -0.159723D-03 -0.472917D-03
    108    -0.147210D-03 -0.173623D-02 -0.675623D-03  0.516974D-03  0.459995D-03
    109    -0.100648D-03 -0.632336D-03 -0.199672D-02 -0.634003D-04  0.112064D-03
    110    -0.268575D-03  0.632194D-03 -0.290560D-03 -0.346140D-02 -0.629990D-04
    111    -0.312734D-03  0.122831D-03 -0.116906D-04 -0.602174D-03 -0.147216D-02
    112     0.985493D-04 -0.648403D-05  0.239536D-03  0.265940D-03 -0.330048D-03
    113    -0.130747D-03  0.644824D-04 -0.147438D-03  0.690641D-04  0.407367D-03
    114     0.436713D-04  0.953716D-05  0.200232D-04 -0.191005D-04 -0.342235D-04
    115    -0.419060D-05  0.151993D-03  0.180809D-04 -0.444773D-04  0.120112D-03
    116    -0.203345D-04 -0.150446D-03  0.570526D-07  0.555667D-04 -0.180027D-03
    117    -0.152789D-04  0.197595D-03  0.308720D-04 -0.274860D-04  0.214763D-03
    118     0.185832D-04 -0.366739D-05  0.178069D-05 -0.139077D-04 -0.113019D-03
    119    -0.442797D-04  0.216376D-04 -0.514304D-04  0.284229D-04  0.379938D-04
    120    -0.327811D-03  0.612384D-04 -0.271971D-03  0.167482D-03  0.390751D-03


           ESTIMATED COVARIANCE MATRIX FOR PARAMETER ESTIMATES
                 36            37            38            39            40
              ________      ________      ________      ________      ________
     36     0.279932D-02
     37     0.392529D-04  0.305345D-03
     38     0.807630D-05 -0.276374D-06  0.205448D-04
     39     0.145322D-03 -0.380960D-04 -0.148787D-04  0.261657D-02
     40    -0.346811D-03 -0.340892D-04 -0.372750D-05 -0.665821D-03  0.454933D-02
     41    -0.822180D-03 -0.291614D-04  0.919810D-05  0.562009D-03 -0.248782D-03
     42    -0.688884D-04 -0.496446D-04  0.527578D-05 -0.210415D-03  0.167158D-03
     43     0.512654D-04  0.484459D-04  0.120890D-04 -0.314988D-03  0.123662D-03
     44     0.568309D-04  0.338679D-04  0.243735D-05 -0.854301D-04  0.173634D-03
     45     0.197976D-05 -0.294665D-05 -0.149903D-05  0.304927D-04 -0.338253D-04
     46    -0.185978D-03  0.887675D-04 -0.772158D-05  0.235752D-04  0.340636D-03
     47    -0.120134D-03  0.178747D-04  0.718860D-05  0.240689D-03 -0.390993D-03
     48     0.791866D-04  0.284497D-03  0.150203D-04  0.939571D-03  0.111912D-02
     49    -0.280377D-03  0.175405D-03 -0.125758D-04 -0.560414D-03  0.793415D-03
     50    -0.364477D-04  0.142323D-04 -0.288721D-05  0.295184D-04 -0.487773D-04
     51    -0.331880D-03 -0.598097D-05  0.237117D-04 -0.366148D-03 -0.234243D-03
     52     0.425692D-03 -0.559373D-05  0.730776D-04 -0.231232D-03  0.476852D-04
     53     0.358992D-04  0.124237D-03 -0.102066D-05  0.275579D-03  0.314084D-03
     54     0.623413D-04 -0.602743D-04 -0.282428D-05 -0.104921D-03  0.333261D-04
     55    -0.288639D-04 -0.794722D-05  0.257249D-04 -0.520538D-03  0.228233D-03
     56     0.135350D-03  0.671900D-05  0.172794D-04  0.268241D-03 -0.356869D-03
     57     0.263489D-03 -0.704877D-04  0.180183D-04 -0.862483D-04 -0.320221D-03
     58     0.696835D-04 -0.680160D-05  0.758196D-05 -0.342046D-03  0.221276D-03
     59     0.530923D-04  0.792806D-04 -0.319402D-05  0.568066D-04  0.140798D-03
     60    -0.273244D-02  0.928801D-05 -0.197184D-04 -0.346150D-03  0.900270D-03
     61     0.209427D-04 -0.360856D-03  0.119091D-05  0.120921D-03  0.316510D-04
     62    -0.229037D-04  0.569599D-06 -0.230201D-04  0.329001D-04  0.202478D-04
     63    -0.224251D-04  0.376393D-04 -0.183442D-04  0.217661D-04 -0.803003D-04
     64    -0.101779D-04  0.155723D-05  0.493649D-05 -0.446229D-03  0.686501D-04
     65     0.922562D-04 -0.110740D-04  0.374486D-05  0.171731D-03 -0.741303D-03
     66     0.324431D-03  0.655784D-05  0.515057D-06 -0.109918D-03  0.471247D-04
     67    -0.114737D-04  0.247652D-04 -0.248690D-05  0.182117D-05 -0.102118D-04
     68    -0.877083D-04 -0.145076D-05 -0.537058D-05  0.601846D-04 -0.780027D-04
     69     0.227781D-04 -0.487028D-05  0.379705D-06  0.700470D-05 -0.431621D-04
     70    -0.850336D-05  0.120853D-05  0.551376D-06 -0.948877D-05  0.872881D-05
     71    -0.445696D-04 -0.173200D-04 -0.970822D-05 -0.625191D-05 -0.291414D-04
     72     0.111066D-03 -0.113271D-04 -0.647446D-05 -0.989527D-04 -0.723466D-04
     73    -0.277835D-04 -0.354540D-06 -0.976605D-05 -0.549690D-04  0.855479D-06
     74    -0.589688D-06 -0.567615D-04  0.806986D-06  0.289920D-04 -0.116920D-03
     75    -0.477970D-05 -0.425010D-05 -0.497822D-06  0.381026D-05  0.258553D-05
     76     0.764639D-04 -0.304743D-05 -0.586757D-05  0.589749D-04  0.210053D-04
     77    -0.127101D-03 -0.282900D-04 -0.264146D-04  0.824021D-04  0.199052D-04
     78    -0.127263D-03 -0.205564D-04  0.143063D-05 -0.351816D-04 -0.135075D-04
     79    -0.667665D-04 -0.102641D-05  0.441988D-05 -0.253056D-04  0.741509D-04
     80    -0.365013D-04 -0.103246D-05 -0.881156D-05  0.149960D-03 -0.451862D-05
     81    -0.682219D-04 -0.990847D-05  0.366036D-06 -0.178056D-04  0.156167D-03
     82    -0.651844D-04 -0.129222D-05 -0.877824D-05  0.545121D-04  0.200018D-04
     83    -0.652986D-04 -0.191644D-04  0.756728D-05 -0.152029D-04  0.347829D-04
     84     0.171761D-04 -0.614243D-04  0.565806D-05 -0.655439D-04 -0.490924D-04
     85     0.829489D-03  0.229362D-04  0.667559D-05 -0.649017D-04 -0.998058D-04
     86     0.230234D-04  0.510594D-04  0.150311D-05 -0.443537D-05  0.116210D-04
     87     0.617676D-05  0.514233D-06  0.920741D-05 -0.110010D-04 -0.180149D-05
     88    -0.485293D-03 -0.161722D-03  0.556370D-04 -0.120958D-03  0.269706D-03
     89     0.343559D-03  0.257094D-03 -0.134790D-03 -0.434834D-03 -0.548932D-03
     90    -0.649889D-03  0.413243D-04 -0.738878D-05 -0.187042D-03  0.336722D-03
     91    -0.859027D-04 -0.599289D-04 -0.597947D-05  0.220152D-02 -0.330437D-03
     92    -0.429092D-03 -0.233611D-05 -0.206142D-04 -0.702757D-03  0.364409D-02
     93    -0.970401D-03 -0.322429D-04  0.457180D-05  0.440829D-03 -0.179783D-03
     94    -0.121785D-03 -0.911854D-04  0.143976D-04 -0.109156D-03  0.190308D-03
     95     0.257114D-03  0.313064D-04  0.187083D-04 -0.199222D-03  0.808053D-04
     96     0.602398D-04  0.456100D-04 -0.442660D-05 -0.124021D-03  0.167699D-03
     97     0.203483D-04 -0.428326D-05 -0.129836D-05  0.353493D-04 -0.419967D-04
     98    -0.447521D-04  0.172043D-04  0.298686D-04  0.150144D-03  0.388784D-03
     99    -0.161796D-03  0.485102D-04  0.229641D-04  0.134056D-03 -0.748745D-04
    100     0.546593D-04  0.110215D-03  0.998934D-05  0.624510D-03  0.532081D-03
    101    -0.242063D-03  0.169808D-03  0.173978D-04 -0.429794D-03  0.845292D-03
    102    -0.503664D-04  0.180611D-04  0.171605D-05 -0.122934D-04 -0.699700D-04
    103    -0.254034D-03  0.242764D-04  0.127882D-04 -0.357020D-03 -0.133353D-03
    104     0.445842D-03  0.319603D-04  0.812958D-04 -0.332551D-03 -0.572798D-04
    105     0.680790D-03  0.542785D-04  0.398563D-05  0.349039D-03  0.369811D-04
    106     0.295051D-03  0.624268D-05 -0.308347D-04 -0.135260D-04 -0.722125D-04
    107    -0.766189D-04 -0.785864D-05  0.370012D-04 -0.533985D-03  0.289309D-03
    108     0.294803D-03  0.622134D-04 -0.151673D-04  0.120957D-03 -0.584743D-03
    109     0.265114D-03 -0.473932D-04  0.204894D-04 -0.138816D-03 -0.150663D-03
    110     0.344211D-03  0.114624D-03 -0.405065D-04 -0.293700D-03 -0.715977D-04
    111     0.119190D-03  0.198769D-03 -0.332251D-04  0.215112D-03  0.143863D-03
    112    -0.285118D-02 -0.446362D-04  0.140606D-05 -0.245478D-03  0.854056D-03
    113     0.149816D-03 -0.306453D-03 -0.112657D-04  0.103728D-03 -0.386460D-04
    114    -0.256158D-04 -0.247022D-05 -0.249482D-04  0.439638D-04  0.318566D-04
    115     0.112019D-03  0.180635D-04 -0.972046D-05 -0.215980D-04 -0.940819D-05
    116    -0.652827D-04 -0.389662D-04  0.167683D-04  0.661673D-04  0.443170D-04
    117     0.408436D-04  0.434702D-04 -0.256925D-04 -0.216599D-03 -0.175183D-04
    118    -0.464969D-04  0.381940D-05  0.496224D-05 -0.604173D-05  0.440109D-04
    119     0.618550D-04 -0.312727D-05  0.879541D-06  0.489258D-05 -0.300235D-04
    120     0.210180D-03  0.395144D-04 -0.108370D-05  0.105355D-03 -0.145166D-03


           ESTIMATED COVARIANCE MATRIX FOR PARAMETER ESTIMATES
                 41            42            43            44            45
              ________      ________      ________      ________      ________
     41     0.480014D-02
     42     0.199404D-03  0.440888D-02
     43     0.137368D-03  0.204132D-02  0.603196D-02
     44     0.266929D-04 -0.300653D-03 -0.143481D-03  0.124513D-02
     45     0.488802D-04  0.229645D-05 -0.362710D-04 -0.176547D-03  0.712648D-04
     46     0.642429D-03 -0.163513D-03  0.532713D-05  0.732887D-03 -0.460489D-04
     47    -0.357426D-03  0.108040D-03  0.109357D-03  0.478572D-03 -0.227491D-04
     48     0.231271D-02 -0.682739D-03 -0.193274D-02 -0.351939D-04  0.213933D-03
     49    -0.444076D-03  0.696532D-03  0.591174D-03 -0.438179D-03 -0.100598D-03
     50     0.218956D-03 -0.396358D-04 -0.261037D-04  0.275696D-04 -0.246145D-04
     51    -0.276482D-03  0.164819D-03  0.290172D-03  0.107677D-04  0.896849D-06
     52    -0.467696D-03 -0.330175D-03 -0.377361D-03  0.662806D-04 -0.261178D-04
     53     0.153265D-03  0.205239D-03 -0.929407D-05 -0.505459D-04 -0.119528D-04
     54     0.133912D-03 -0.403791D-05  0.207009D-04 -0.108410D-03 -0.809487D-05
     55    -0.212542D-03  0.146088D-03  0.378117D-03  0.293951D-03 -0.820512D-04
     56     0.304128D-03  0.184635D-04  0.643759D-03 -0.909518D-04  0.152719D-05
     57    -0.112220D-03 -0.268196D-03 -0.315115D-03 -0.806698D-04 -0.144687D-04
     58    -0.930231D-03  0.682102D-04 -0.244570D-03  0.260440D-03 -0.111642D-04
     59    -0.421234D-03  0.133988D-03  0.528413D-04  0.248880D-03 -0.476792D-04
     60     0.188146D-02  0.315821D-03  0.124706D-03 -0.165064D-03 -0.256345D-05
     61     0.200274D-04  0.106056D-03 -0.777836D-04 -0.711588D-04 -0.191333D-07
     62    -0.272747D-04 -0.989051D-05 -0.343822D-04 -0.406150D-05  0.203650D-05
     63    -0.466292D-03 -0.186865D-03 -0.562902D-03  0.181069D-03 -0.407758D-04
     64    -0.188121D-03  0.212010D-05 -0.286845D-04  0.284336D-04 -0.144266D-04
     65     0.153112D-03  0.605585D-04  0.648981D-04 -0.682053D-04  0.168311D-04
     66    -0.103453D-02 -0.664051D-05 -0.367590D-04 -0.857483D-05  0.112415D-06
     67    -0.886448D-05 -0.821355D-03 -0.449812D-03  0.717737D-04  0.674424D-05
     68    -0.389142D-04 -0.459853D-03 -0.122908D-02  0.924874D-04  0.412701D-05
     69    -0.337090D-05  0.746944D-04  0.727638D-04 -0.225071D-03  0.322440D-04
     70    -0.302041D-05  0.732566D-05  0.851420D-05  0.314234D-04 -0.120513D-04
     71    -0.354390D-03  0.693803D-04 -0.225526D-03 -0.738784D-04  0.607790D-05
     72     0.192830D-03  0.232492D-04  0.936096D-04 -0.128099D-03  0.250082D-05
     73    -0.189715D-03 -0.223692D-04  0.462089D-03  0.878269D-04  0.632899D-06
     74     0.553678D-04 -0.154206D-03 -0.177451D-03  0.133464D-03  0.239928D-04
     75    -0.246594D-04  0.608787D-05  0.144184D-04 -0.184958D-04  0.724625D-05
     76     0.601153D-04 -0.240743D-04 -0.273819D-04 -0.161157D-04  0.378882D-05
     77     0.173827D-03  0.132546D-03  0.205367D-03 -0.417500D-04  0.565550D-05
     78    -0.115147D-03 -0.714568D-04 -0.180820D-04  0.302398D-04 -0.495342D-05
     79    -0.671164D-05 -0.277364D-04 -0.325287D-04 -0.677483D-05  0.246596D-05
     80     0.162616D-04  0.354473D-05  0.528082D-04 -0.627603D-04  0.136731D-04
     81    -0.334798D-04 -0.892806D-04 -0.156079D-03  0.416267D-05  0.123467D-04
     82    -0.627773D-05  0.822126D-05  0.863729D-05  0.198813D-05  0.155653D-05
     83     0.364917D-03  0.601002D-04  0.208540D-03 -0.792382D-04  0.816916D-05
     84     0.119631D-03 -0.149438D-04 -0.727143D-04 -0.619360D-04  0.576579D-05
     85    -0.582126D-03  0.112443D-04  0.107640D-04  0.976009D-05  0.548894D-05
     86     0.100271D-04 -0.517621D-04 -0.217694D-04 -0.264551D-04  0.685844D-05
     87     0.183541D-05  0.427530D-05  0.646404D-05  0.282324D-05 -0.141234D-05
     88     0.178796D-02  0.397097D-03  0.164431D-02 -0.467274D-03  0.138170D-03
     89    -0.450114D-02 -0.465593D-03 -0.274390D-02  0.830276D-03 -0.509658D-03
     90     0.777856D-03  0.254685D-03  0.168001D-02 -0.103870D-04 -0.436171D-04
     91     0.105115D-02 -0.123509D-03  0.332951D-03 -0.128565D-03  0.480358D-04
     92    -0.573352D-03  0.589899D-04 -0.549602D-04  0.256270D-03 -0.833786D-04
     93     0.445626D-02  0.858890D-04  0.498548D-03 -0.185886D-04  0.333009D-04
     94     0.498187D-03  0.384002D-02  0.217811D-02 -0.437878D-03  0.361678D-04
     95     0.113911D-03  0.181549D-02  0.513544D-02 -0.267894D-03 -0.271208D-05
     96    -0.255373D-03 -0.399917D-03 -0.362864D-03  0.111093D-02 -0.166615D-03
     97     0.569185D-04 -0.906389D-05 -0.321666D-04 -0.142047D-03  0.570153D-04
     98     0.130609D-02 -0.278583D-03  0.541875D-03  0.574068D-03 -0.216320D-05
     99    -0.900020D-03 -0.189914D-03 -0.289336D-03  0.567045D-03 -0.173930D-04
    100     0.131702D-02 -0.494102D-03 -0.205617D-02 -0.171287D-03  0.102496D-03
    101     0.119907D-03  0.701208D-03  0.811038D-03 -0.568564D-03 -0.410822D-04
    102     0.239833D-03 -0.457318D-04  0.566609D-04  0.411169D-04 -0.254425D-04
    103    -0.498098D-03  0.188857D-03  0.123040D-03  0.535974D-04 -0.291941D-04
    104    -0.827984D-03 -0.494924D-03 -0.847266D-03  0.146813D-03 -0.500096D-04
    105    -0.163690D-03  0.281960D-03 -0.642134D-03 -0.217896D-03  0.345254D-04
    106    -0.551140D-03  0.152662D-03  0.449686D-04 -0.163239D-04 -0.761403D-04
    107     0.329481D-03  0.210549D-03  0.705195D-03  0.198843D-03 -0.437882D-04
    108    -0.647265D-03  0.643921D-04  0.155285D-03  0.330943D-04 -0.103936D-03
    109    -0.237975D-03 -0.135446D-03 -0.331025D-03 -0.193712D-05 -0.198707D-04
    110    -0.202138D-02 -0.146509D-03 -0.100120D-02  0.470263D-03 -0.105360D-03
    111    -0.920813D-03  0.103068D-03 -0.153062D-03  0.344204D-03 -0.927425D-04
    112     0.243193D-02  0.300055D-03  0.608727D-03 -0.206400D-03  0.600117D-04
    113    -0.449369D-03  0.797116D-04 -0.460547D-03  0.604119D-04 -0.443472D-04
    114     0.100299D-04 -0.122652D-04 -0.435330D-05 -0.101539D-04  0.593470D-05
    115    -0.222169D-03 -0.670063D-05 -0.114027D-03  0.661437D-04 -0.205886D-04
    116     0.401974D-03  0.596254D-04  0.248799D-03 -0.850772D-04  0.423523D-04
    117    -0.694773D-03  0.637696D-04 -0.426515D-03  0.751583D-04 -0.755432D-04
    118     0.212260D-03  0.739554D-04  0.170665D-03 -0.510084D-04  0.206094D-04
    119    -0.279942D-04 -0.173217D-04 -0.157958D-03  0.269690D-05  0.705004D-05
    120    -0.669577D-03 -0.471722D-04 -0.586907D-03  0.249215D-04 -0.211131D-04


           ESTIMATED COVARIANCE MATRIX FOR PARAMETER ESTIMATES
                 46            47            48            49            50
              ________      ________      ________      ________      ________
     46     0.667070D-02
     47     0.132685D-02  0.122466D-01
     48     0.324206D-03  0.843112D-03  0.151945D+00
     49    -0.163190D-03  0.774191D-04  0.484782D-02  0.125168D-01
     50    -0.126611D-04  0.121683D-03  0.614227D-03  0.126914D-04  0.742045D-03
     51    -0.279025D-03  0.997380D-04 -0.151842D-02 -0.393684D-03 -0.129928D-03
     52    -0.397949D-03  0.946970D-03 -0.846888D-03  0.286224D-03 -0.156811D-04
     53    -0.184452D-03  0.125948D-03  0.102416D-02  0.186322D-03 -0.254365D-04
     54     0.133409D-03 -0.368430D-04  0.600473D-03  0.131689D-03 -0.933740D-04
     55     0.605936D-04 -0.841203D-04 -0.252659D-03  0.211619D-02 -0.672747D-04
     56     0.487307D-03  0.243931D-03  0.257222D-02  0.147700D-03  0.924718D-04
     57     0.262731D-04  0.300030D-04  0.114546D-02 -0.185232D-03 -0.114084D-03
     58    -0.565267D-03 -0.185286D-04 -0.109430D-02 -0.273204D-03 -0.135345D-03
     59     0.405230D-04 -0.887951D-04 -0.288098D-02 -0.401705D-03 -0.387948D-04
     60     0.345652D-03  0.381053D-03 -0.691984D-03  0.584972D-03  0.964692D-04
     61    -0.146149D-03 -0.810171D-04 -0.736941D-03 -0.599359D-03 -0.169154D-04
     62     0.327754D-04 -0.359842D-04 -0.342500D-04  0.246860D-04  0.469331D-06
     63    -0.110331D-05 -0.213540D-03 -0.177666D-03  0.248839D-04 -0.783306D-04
     64    -0.679762D-04 -0.108976D-03 -0.125562D-03  0.347518D-04 -0.335371D-05
     65    -0.470353D-04 -0.688884D-04  0.101073D-03 -0.593076D-04  0.142700D-04
     66    -0.231892D-03  0.810151D-04 -0.168692D-03  0.822917D-04 -0.618143D-04
     67     0.117054D-03  0.167864D-04  0.245313D-04 -0.449506D-04 -0.128949D-04
     68    -0.750429D-04  0.261824D-04  0.389602D-03 -0.158565D-03  0.105415D-04
     69    -0.123985D-03 -0.113171D-03  0.613557D-04  0.102740D-03 -0.953439D-05
     70     0.139534D-04 -0.939183D-08 -0.121088D-04  0.331011D-04  0.212690D-05
     71    -0.121814D-02 -0.305352D-03 -0.456847D-04  0.290789D-03 -0.499103D-04
     72    -0.258977D-03 -0.224599D-02 -0.869763D-04  0.213854D-04  0.974995D-04
     73    -0.160606D-04 -0.214628D-04 -0.126416D-01  0.181936D-03 -0.774619D-04
     74     0.235867D-03 -0.189017D-05 -0.445334D-03 -0.176651D-02  0.116546D-04
     75    -0.210434D-04  0.445614D-04 -0.640533D-04  0.141257D-04 -0.139881D-03
     76     0.672445D-04  0.962414D-04  0.749085D-04  0.699675D-04  0.215483D-04
     77     0.772408D-04 -0.232255D-03  0.132271D-03  0.500289D-05  0.285150D-04
     78     0.125509D-04  0.160780D-03 -0.399387D-04  0.770500D-05 -0.703993D-05
     79     0.249982D-05  0.943401D-04 -0.256545D-04  0.626971D-04  0.844970D-05
     80    -0.112083D-03  0.419911D-04  0.158271D-03 -0.188112D-03  0.384954D-04
     81    -0.106979D-03  0.996625D-04 -0.115757D-03 -0.100132D-03  0.238334D-04
     82     0.143727D-04 -0.306733D-04 -0.135773D-03  0.521624D-05 -0.134876D-04
     83    -0.835196D-04  0.164765D-03  0.152759D-03  0.684538D-04  0.815522D-04
     84    -0.801195D-04  0.111399D-03  0.204465D-03  0.258804D-03  0.349181D-04
     85    -0.153108D-04 -0.223426D-03 -0.114848D-04  0.121807D-03 -0.403618D-04
     86    -0.228291D-04  0.164657D-04  0.167158D-03  0.106584D-03 -0.910551D-05
     87     0.442446D-06  0.125578D-04  0.122500D-04 -0.842943D-05 -0.157045D-05
     88     0.444723D-03  0.838591D-03  0.181519D-02 -0.285282D-03  0.379984D-03
     89    -0.416489D-03 -0.389761D-02 -0.736728D-02  0.868538D-03 -0.611299D-03
     90     0.129677D-02  0.646581D-03 -0.184515D-03 -0.394790D-03  0.387307D-03
     91     0.515554D-03  0.480442D-03  0.130726D-02 -0.677297D-03  0.151672D-03
     92     0.401501D-03 -0.150853D-03 -0.117811D-03  0.590180D-03 -0.124862D-03
     93     0.950217D-03 -0.519611D-03  0.197425D-02 -0.359187D-03  0.263641D-03
     94    -0.281114D-03  0.208505D-03  0.188245D-03  0.318520D-03  0.249017D-04
     95    -0.223897D-03 -0.199409D-03 -0.143336D-02  0.510400D-03 -0.118953D-03
     96     0.711098D-03  0.349992D-03 -0.601149D-03 -0.399836D-03  0.686395D-06
     97    -0.620241D-04 -0.112371D-04  0.226403D-03 -0.836084D-04 -0.209400D-04
     98     0.587221D-02  0.150490D-02  0.699523D-03 -0.893400D-03  0.148878D-03
     99     0.105890D-02  0.118593D-01  0.517601D-03 -0.324953D-04 -0.103545D-03
    100    -0.382328D-04 -0.744771D-04  0.127455D+00  0.236621D-02  0.411496D-03
    101    -0.564560D-03  0.426005D-03  0.497052D-02  0.107336D-01  0.739138D-04
    102     0.103311D-03  0.918847D-04  0.559548D-03 -0.443253D-04  0.687979D-03
    103    -0.350775D-03 -0.190058D-03 -0.145581D-02 -0.366139D-03 -0.154793D-03
    104    -0.481993D-03  0.875644D-03 -0.112205D-02  0.284522D-03 -0.162527D-03
    105    -0.843669D-03 -0.607421D-03  0.120730D-02  0.589648D-03 -0.189413D-03
    106     0.470448D-04 -0.101164D-02 -0.404685D-03  0.213660D-03 -0.131885D-03
    107     0.495883D-03  0.568122D-03  0.163377D-03  0.141409D-02  0.112987D-04
    108     0.300631D-03 -0.782561D-03  0.464800D-03  0.527783D-03 -0.143698D-03
    109    -0.118056D-03  0.336803D-04  0.932823D-03 -0.322661D-03 -0.148047D-03
    110    -0.417306D-03 -0.428178D-03 -0.227248D-02 -0.246436D-03 -0.292762D-03
    111     0.227115D-03 -0.620484D-03 -0.290128D-02 -0.335679D-03 -0.114338D-03
    112     0.815077D-04  0.121912D-02  0.693393D-03 -0.636253D-04  0.162880D-03
    113    -0.183522D-03 -0.453826D-03 -0.129913D-02 -0.445063D-03 -0.104567D-03
    114     0.473934D-04 -0.997542D-05  0.193828D-05  0.905268D-05  0.991796D-05
    115    -0.265634D-05 -0.137405D-03 -0.285806D-03 -0.273609D-05 -0.314853D-04
    116     0.273687D-04  0.366685D-03  0.642906D-03  0.543404D-04  0.425229D-04
    117    -0.129050D-03 -0.105786D-02 -0.153543D-02  0.116505D-03 -0.627856D-04
    118     0.285239D-04  0.174343D-03  0.314559D-04 -0.182090D-04  0.126399D-04
    119    -0.104990D-03 -0.510273D-04  0.630472D-04  0.265921D-04 -0.308787D-04
    120    -0.404980D-03 -0.118392D-03 -0.997071D-03  0.388155D-03 -0.235552D-03


           ESTIMATED COVARIANCE MATRIX FOR PARAMETER ESTIMATES
                 51            52            53            54            55
              ________      ________      ________      ________      ________
     51     0.790865D-03
     52     0.291971D-03  0.422223D-02
     53     0.962941D-05 -0.104680D-03  0.548250D-02
     54    -0.102998D-03 -0.255283D-03  0.274378D-02  0.449386D-02
     55     0.525490D-04  0.118120D-02  0.406895D-04 -0.387349D-03  0.739617D-02
     56     0.676460D-04 -0.825352D-04  0.249624D-03  0.147188D-03 -0.142625D-03
     57     0.207215D-03  0.312100D-04 -0.276572D-03  0.302665D-04 -0.124916D-03
     58     0.164166D-03 -0.196498D-03 -0.211974D-03 -0.503848D-03  0.421536D-03
     59     0.735567D-04 -0.521521D-03  0.816649D-04 -0.457783D-04  0.468019D-03
     60     0.711418D-03 -0.886200D-03 -0.181704D-04 -0.130341D-03  0.292622D-04
     61     0.184986D-04  0.190230D-04 -0.455147D-03  0.160430D-03  0.897578D-04
     62    -0.535597D-04 -0.173652D-03  0.102368D-04  0.565640D-06 -0.797205D-04
     63     0.318725D-04  0.262275D-03 -0.410223D-03 -0.372076D-03  0.317171D-03
     64     0.726504D-04  0.115837D-03 -0.907545D-04 -0.339319D-04  0.191835D-03
     65    -0.244089D-04 -0.179593D-04  0.819950D-04  0.981577D-04 -0.596675D-04
     66     0.667540D-04  0.183616D-03 -0.118947D-03 -0.526219D-04 -0.409859D-04
     67    -0.200969D-04  0.127670D-03 -0.911629D-04 -0.715499D-04  0.149650D-04
     68    -0.440979D-04  0.211584D-03 -0.275190D-04 -0.135265D-03  0.356891D-04
     69    -0.334685D-05 -0.284601D-04  0.317019D-04  0.369131D-04 -0.541834D-04
     70     0.307576D-05  0.526511D-05 -0.182178D-05 -0.375275D-05  0.105684D-04
     71     0.825875D-04  0.147378D-03 -0.452899D-04 -0.990638D-04 -0.576849D-04
     72     0.762589D-04 -0.263498D-03  0.222048D-03  0.444886D-04  0.184519D-04
     73     0.486947D-05  0.151148D-03 -0.423310D-04 -0.158114D-04  0.229275D-03
     74     0.490328D-04 -0.274052D-05 -0.378192D-04 -0.221123D-04 -0.142278D-03
     75     0.275520D-04  0.103413D-04  0.133502D-04  0.506314D-05  0.361023D-04
     76    -0.124385D-03 -0.522830D-04  0.217824D-04  0.678501D-04 -0.779125D-05
     77    -0.510961D-04 -0.803665D-03 -0.946850D-04  0.862257D-04 -0.187165D-03
     78     0.275726D-04 -0.212735D-04 -0.892541D-03 -0.496551D-03  0.471134D-04
     79     0.326593D-04  0.721482D-04 -0.375706D-03 -0.747181D-03  0.649091D-04
     80     0.196118D-05 -0.214595D-03  0.427674D-04  0.102719D-03 -0.121512D-02
     81    -0.681389D-05  0.234738D-04 -0.205099D-04  0.136176D-04 -0.729203D-04
     82    -0.278417D-04  0.107945D-04 -0.879150D-04  0.211987D-04 -0.476489D-04
     83    -0.185263D-04 -0.116748D-03  0.132574D-03  0.143672D-03 -0.145084D-03
     84     0.208807D-05  0.866312D-04  0.151080D-04 -0.737372D-05 -0.182240D-03
     85    -0.868964D-04  0.230565D-03  0.103946D-03  0.119998D-03  0.491523D-04
     86    -0.760735D-05  0.161844D-04  0.109960D-03  0.344692D-04 -0.542342D-04
     87     0.131458D-04  0.366945D-04  0.849956D-05  0.477968D-05  0.167986D-04
     88    -0.633428D-04 -0.131330D-02  0.206557D-02  0.228888D-02 -0.146250D-02
     89     0.365446D-03  0.153063D-02 -0.310419D-02 -0.332512D-02  0.240104D-02
     90    -0.523216D-05 -0.159441D-02  0.146406D-02  0.163427D-02 -0.770549D-03
     91    -0.364883D-03 -0.736240D-03  0.906709D-03  0.646072D-03 -0.947785D-03
     92     0.207494D-04  0.568472D-04 -0.897739D-04 -0.250780D-03  0.406125D-03
     93    -0.300688D-03 -0.779612D-03  0.425885D-03  0.398971D-03 -0.155031D-03
     94     0.131204D-03 -0.686324D-03  0.776819D-03  0.647465D-03 -0.152382D-03
     95     0.219480D-03 -0.196568D-03 -0.132946D-03  0.732521D-04  0.286952D-03
     96     0.106647D-04  0.144927D-03 -0.314929D-03 -0.362243D-03  0.380835D-03
     97    -0.375135D-05 -0.161236D-04 -0.977569D-05  0.874199D-05 -0.699645D-04
     98    -0.404703D-03 -0.658027D-03  0.300674D-03  0.602680D-03 -0.218208D-03
     99     0.807297D-05  0.136576D-02 -0.656857D-03 -0.668073D-03  0.236904D-03
    100    -0.866967D-03 -0.846070D-03  0.485107D-03  0.597629D-03 -0.581769D-03
    101    -0.458308D-03 -0.580791D-04  0.798548D-03  0.634387D-03  0.113102D-02
    102    -0.138388D-03 -0.179974D-03 -0.168385D-04  0.258647D-05 -0.173392D-03
    103     0.653767D-03  0.287522D-03 -0.183437D-03 -0.373492D-03  0.152374D-03
    104     0.260361D-03  0.393944D-02 -0.340180D-03 -0.816026D-03  0.114052D-02
    105    -0.718925D-04  0.634916D-03  0.397251D-02  0.177600D-02  0.636821D-04
    106    -0.131688D-03 -0.350743D-03  0.184611D-02  0.344675D-02 -0.290413D-03
    107    -0.337826D-04  0.512168D-03  0.276053D-03 -0.100619D-03  0.565548D-02
    108     0.900911D-04  0.166911D-03 -0.616797D-03 -0.797059D-03  0.641810D-03
    109     0.196854D-03  0.139675D-03 -0.129773D-03 -0.192592D-03  0.332696D-03
    110     0.257800D-03  0.494718D-03 -0.891695D-03 -0.121902D-02  0.107802D-02
    111     0.163298D-04 -0.281142D-03 -0.348323D-03 -0.463466D-03  0.104220D-02
    112     0.534035D-03 -0.110156D-02  0.219557D-03  0.161119D-03 -0.337209D-03
    113     0.591134D-04  0.388250D-03 -0.796215D-03 -0.373286D-03  0.417839D-03
    114    -0.520956D-04 -0.177452D-03  0.296578D-04  0.389773D-04 -0.886469D-04
    115     0.104902D-04  0.627777D-04 -0.159731D-03 -0.190763D-03  0.100205D-03
    116    -0.216133D-04 -0.113355D-03  0.263385D-03  0.317487D-03 -0.243025D-03
    117     0.324024D-04  0.166571D-03 -0.260499D-03 -0.474005D-03  0.403379D-03
    118    -0.815072D-05 -0.945633D-04  0.225149D-03  0.186452D-03 -0.112230D-03
    119    -0.436775D-05  0.100937D-03 -0.546125D-04 -0.749153D-04  0.267133D-04
    120     0.758004D-04  0.727096D-03 -0.867054D-03 -0.940283D-03  0.500912D-03


           ESTIMATED COVARIANCE MATRIX FOR PARAMETER ESTIMATES
                 56            57            58            59            60
              ________      ________      ________      ________      ________
     56     0.472562D-02
     57     0.153636D-02  0.542221D-02
     58    -0.101262D-02  0.234406D-03  0.752629D-02
     59    -0.123095D-05 -0.398474D-03  0.137239D-02  0.466496D-02
     60    -0.356980D-03 -0.488048D-03 -0.819395D-04 -0.198507D-03  0.629639D-02
     61     0.103057D-03  0.244540D-03 -0.195448D-03 -0.158002D-03 -0.876794D-04
     62    -0.603387D-04 -0.367816D-04 -0.263140D-04  0.690543D-05  0.640037D-04
     63     0.430279D-04  0.287531D-04 -0.816305D-04 -0.527939D-03 -0.190184D-03
     64    -0.201940D-04  0.319222D-04 -0.769468D-04 -0.126663D-03 -0.302421D-04
     65     0.132814D-03  0.302011D-04  0.721565D-04  0.318589D-04 -0.151926D-03
     66    -0.154863D-03 -0.153977D-04  0.202590D-03  0.247142D-04 -0.559306D-03
     67    -0.117315D-03 -0.330891D-04 -0.241705D-04 -0.251765D-04  0.591525D-04
     68    -0.266155D-03  0.343874D-04  0.703624D-04 -0.263849D-03  0.738052D-04
     69     0.193521D-04  0.122008D-05 -0.212660D-04 -0.564927D-04 -0.242479D-05
     70     0.838327D-05  0.168006D-05 -0.889361D-05  0.628191D-05  0.946730D-05
     71    -0.117052D-03  0.216298D-04  0.338948D-04 -0.264198D-03 -0.425965D-04
     72     0.436704D-04 -0.908949D-05  0.193424D-03  0.109675D-03 -0.924457D-04
     73    -0.373590D-04 -0.233682D-03  0.483941D-04  0.219038D-03 -0.264620D-04
     74    -0.755760D-04 -0.519910D-04  0.747110D-04  0.144680D-03 -0.116734D-04
     75     0.148280D-04  0.661740D-05  0.662998D-04  0.402774D-04 -0.919350D-05
     76    -0.182720D-04 -0.249729D-04 -0.813582D-05  0.318216D-04 -0.801662D-04
     77     0.687313D-04  0.853335D-04  0.832451D-05  0.148364D-03  0.203844D-03
     78    -0.124490D-03 -0.164793D-04  0.369600D-04 -0.447889D-04  0.110333D-03
     79    -0.628035D-04  0.846195D-04  0.897688D-04  0.610918D-04  0.111272D-03
     80    -0.110609D-04 -0.197385D-04 -0.201301D-04 -0.933745D-04  0.180622D-04
     81    -0.924976D-03 -0.289676D-03  0.209187D-03  0.620951D-04  0.187774D-04
     82    -0.263302D-03 -0.758312D-03 -0.409850D-04  0.404338D-04  0.467975D-04
     83     0.822943D-04 -0.105527D-03 -0.120379D-02 -0.128275D-03  0.130283D-03
     84     0.116446D-05  0.552958D-04 -0.222074D-03 -0.703258D-03  0.105565D-03
     85    -0.286747D-04  0.199793D-04  0.102093D-03  0.117894D-04 -0.122917D-02
     86    -0.164183D-04  0.978440D-05  0.386117D-04  0.312189D-04 -0.332551D-04
     87     0.132041D-04  0.777000D-05 -0.448232D-05 -0.402469D-05 -0.134208D-04
     88     0.137287D-03  0.383401D-03  0.346353D-03  0.238177D-02  0.638007D-03
     89    -0.101049D-02 -0.578649D-04 -0.851469D-03 -0.239488D-02 -0.819917D-03
     90    -0.208330D-03  0.702531D-03  0.518290D-03  0.201959D-02  0.804017D-03
     91     0.260676D-03  0.159042D-03  0.108885D-03  0.104977D-02 -0.121912D-03
     92    -0.529909D-03 -0.107308D-03  0.217039D-04 -0.361647D-04  0.100298D-02
     93     0.406755D-03  0.960584D-04 -0.831229D-03  0.568072D-04  0.190172D-02
     94     0.235915D-03 -0.199838D-04  0.188248D-03  0.517628D-03  0.203336D-03
     95     0.907782D-03 -0.455373D-03 -0.446319D-03  0.195833D-04 -0.110013D-03
     96    -0.219442D-03 -0.190515D-04  0.181360D-03  0.172207D-03 -0.101602D-03
     97     0.658823D-06 -0.118432D-04  0.935806D-05 -0.604333D-04 -0.174283D-04
     98     0.523078D-03 -0.264392D-05 -0.508213D-03  0.100292D-02  0.139055D-03
     99     0.362934D-04  0.276241D-04 -0.231410D-04 -0.584003D-03  0.327223D-03
    100     0.144971D-02  0.117156D-02 -0.662844D-03 -0.199984D-02 -0.476498D-03
    101     0.489164D-03 -0.106577D-03 -0.424330D-03  0.423893D-04  0.394930D-03
    102    -0.142024D-04 -0.119922D-03 -0.113223D-03  0.527095D-04  0.117532D-03
    103    -0.700358D-06  0.147219D-03  0.147812D-03 -0.144754D-03  0.536683D-03
    104    -0.346488D-03 -0.203562D-03 -0.256658D-03 -0.868214D-03 -0.887547D-03
    105     0.473146D-03 -0.417579D-03 -0.234973D-03 -0.730402D-03 -0.799844D-03
    106    -0.637739D-05 -0.763131D-04 -0.318951D-03 -0.324012D-03 -0.486151D-03
    107     0.437086D-04  0.331169D-03  0.473641D-03  0.116115D-02  0.299138D-03
    108     0.378069D-02  0.122296D-02 -0.983695D-03 -0.595469D-03 -0.350551D-03
    109     0.129153D-02  0.435517D-02  0.840707D-04 -0.552789D-03 -0.423046D-03
    110    -0.695549D-03  0.192595D-03  0.601293D-02  0.309671D-03 -0.397606D-03
    111    -0.869296D-04 -0.494347D-03  0.103496D-02  0.347649D-02 -0.391662D-03
    112     0.851699D-04 -0.282821D-03 -0.703311D-04  0.306770D-03  0.567117D-02
    113     0.945374D-04  0.148591D-03 -0.321520D-03 -0.566656D-03 -0.233033D-03
    114    -0.492657D-04 -0.236595D-04 -0.148075D-04  0.618485D-04  0.559962D-04
    115    -0.980565D-04  0.170189D-04  0.621353D-04 -0.170127D-03 -0.727012D-04
    116     0.124931D-03 -0.250673D-04 -0.370128D-04  0.221840D-03  0.745476D-04
    117    -0.285235D-03 -0.121745D-03 -0.503717D-04 -0.256046D-03 -0.108752D-03
    118    -0.118352D-04 -0.755316D-04  0.416261D-06  0.139990D-03  0.102002D-03
    119     0.142838D-05 -0.810432D-04 -0.360951D-04 -0.149385D-03 -0.631524D-04
    120     0.927354D-04 -0.273448D-03 -0.382755D-03 -0.870059D-03 -0.220550D-03


           ESTIMATED COVARIANCE MATRIX FOR PARAMETER ESTIMATES
                 61            62            63            64            65
              ________      ________      ________      ________      ________
     61     0.121062D-02
     62    -0.279657D-05  0.511031D-04
     63     0.169085D-04  0.262727D-04  0.730999D-02
     64    -0.212309D-04 -0.936424D-05  0.102376D-02  0.106125D-02
     65     0.337833D-04 -0.106698D-04 -0.633019D-03 -0.213027D-03  0.154673D-02
     66     0.436528D-06  0.105299D-05  0.186810D-03  0.106549D-03  0.124788D-04
     67    -0.240684D-04  0.586893D-05  0.152671D-03 -0.200422D-04 -0.319262D-04
     68     0.507941D-05  0.970622D-05  0.991445D-03  0.786814D-04  0.425918D-05
     69    -0.997417D-05  0.111246D-05 -0.167252D-03 -0.279519D-04  0.965434D-04
     70     0.199743D-05 -0.122621D-05  0.240269D-04  0.176759D-04 -0.764142D-05
     71     0.553675D-05  0.533557D-05  0.176332D-02  0.323820D-03 -0.109587D-03
     72    -0.140993D-04  0.123776D-04 -0.101728D-02 -0.177904D-03  0.183189D-03
     73     0.299104D-04  0.226849D-04  0.835574D-03  0.138916D-03  0.114816D-03
     74     0.144221D-03 -0.152434D-05  0.586133D-03 -0.461725D-04  0.467632D-04
     75    -0.148241D-04 -0.223553D-07 -0.595107D-05 -0.822508D-05 -0.187042D-04
     76    -0.146254D-05  0.119614D-04 -0.307968D-03 -0.152399D-03 -0.502637D-04
     77     0.435218D-04  0.370381D-04 -0.119263D-03 -0.104565D-03 -0.159836D-04
     78     0.101666D-03  0.226539D-05  0.400140D-03  0.102365D-03 -0.851046D-04
     79     0.257103D-05 -0.473119D-05 -0.120958D-02 -0.164436D-03 -0.556648D-04
     80    -0.304513D-04  0.143475D-04 -0.886671D-03 -0.363891D-03  0.392287D-04
     81     0.317360D-04  0.463796D-05 -0.158035D-02 -0.141096D-03  0.668145D-04
     82     0.459625D-04  0.112735D-04  0.685977D-04 -0.126980D-04 -0.783539D-04
     83     0.275266D-04 -0.128332D-04 -0.198234D-02 -0.237454D-03  0.203913D-03
     84     0.305190D-04 -0.129039D-04 -0.938183D-03 -0.384083D-04  0.723718D-04
     85    -0.264191D-04 -0.114627D-04  0.783008D-03 -0.499948D-04  0.226760D-03
     86    -0.230246D-03  0.110858D-05 -0.168821D-03  0.179535D-04  0.284763D-04
     87     0.228064D-05 -0.122866D-04 -0.153129D-04  0.112460D-04 -0.603141D-06
     88     0.197974D-03 -0.960165D-04 -0.237531D-01 -0.330235D-02  0.230008D-02
     89    -0.908355D-03  0.206705D-03  0.329846D-01  0.466124D-02 -0.357739D-02
     90    -0.212344D-03 -0.475780D-05 -0.156260D-01 -0.218327D-02  0.134295D-02
     91     0.179553D-03  0.282906D-04 -0.713450D-02 -0.270519D-02  0.999610D-03
     92    -0.427499D-04  0.483867D-04  0.188418D-02  0.464197D-03 -0.282005D-02
     93    -0.231103D-04 -0.259695D-04 -0.355817D-02 -0.745738D-03  0.369329D-03
     94     0.211915D-03 -0.362970D-04 -0.406441D-02 -0.482477D-03  0.508332D-03
     95    -0.403333D-04 -0.486482D-04  0.122610D-02  0.295535D-03 -0.191789D-03
     96    -0.818045D-04  0.896358D-05  0.203426D-02  0.260462D-03 -0.399353D-03
     97    -0.417694D-06  0.240278D-05 -0.774527D-04 -0.363791D-04  0.344551D-04
     98     0.445204D-04  0.400775D-05 -0.627552D-02 -0.107000D-02  0.520224D-03
     99     0.113924D-05 -0.396876D-04  0.290281D-02  0.465014D-03 -0.527147D-03
    100    -0.423425D-03 -0.315889D-04 -0.351458D-03 -0.126123D-03 -0.202732D-03
    101    -0.596252D-03 -0.153219D-04 -0.540425D-02 -0.473665D-03  0.348336D-03
    102    -0.448261D-05 -0.338766D-05 -0.126510D-02 -0.138601D-03  0.171476D-03
    103    -0.455703D-04 -0.363513D-04  0.209222D-02  0.515867D-03 -0.128925D-03
    104    -0.645919D-04 -0.137629D-03  0.399977D-02  0.747075D-03 -0.336950D-03
    105    -0.231824D-03 -0.468331D-05  0.543292D-02  0.611771D-03 -0.307531D-03
    106    -0.202377D-04  0.364217D-04  0.462843D-02  0.617258D-03 -0.215402D-03
    107     0.716116D-04 -0.742789D-04 -0.362593D-02 -0.980447D-04  0.378290D-03
    108    -0.144768D-03  0.137057D-05  0.934068D-02  0.111711D-02 -0.704786D-03
    109     0.189489D-03 -0.382263D-04  0.144283D-02  0.275914D-03  0.684171D-06
    110    -0.346006D-03  0.244455D-04  0.994170D-02  0.132569D-02 -0.104004D-02
    111    -0.230446D-03  0.602595D-04  0.478255D-02  0.416000D-03 -0.469354D-03
    112     0.103449D-03  0.594364D-05 -0.646623D-02 -0.563864D-03  0.595175D-04
    113     0.113458D-02  0.115314D-04  0.460797D-02  0.545132D-03 -0.441193D-03
    114     0.225874D-05  0.423092D-04 -0.334223D-03 -0.763982D-04  0.255439D-04
    115    -0.623477D-04  0.173263D-04  0.188690D-02  0.253466D-03 -0.201735D-03
    116     0.895798D-04 -0.251352D-04 -0.275176D-02 -0.385788D-03  0.302510D-03
    117    -0.164089D-03  0.390382D-04  0.401485D-02  0.589102D-03 -0.459513D-03
    118    -0.222178D-06 -0.843800D-05 -0.205869D-02 -0.299972D-03  0.195907D-03
    119     0.174111D-04 -0.215458D-06  0.102701D-02  0.140597D-03 -0.799131D-04
    120    -0.481662D-04  0.982566D-05  0.739240D-02  0.975882D-03 -0.704145D-03


           ESTIMATED COVARIANCE MATRIX FOR PARAMETER ESTIMATES
                 66            67            68            69            70
              ________      ________      ________      ________      ________
     66     0.162466D-02
     67     0.906042D-04  0.156967D-02
     68     0.576184D-04  0.776651D-03  0.230583D-02
     69     0.473012D-04 -0.119093D-03 -0.135684D-03  0.404451D-03
     70     0.121519D-04 -0.768867D-05 -0.709084D-05 -0.598356D-04  0.252806D-04
     71     0.164229D-03  0.246063D-04  0.251308D-03  0.143355D-03  0.439785D-05
     72    -0.137924D-03 -0.173215D-04 -0.152204D-03  0.203234D-03  0.424513D-06
     73    -0.482629D-04 -0.128778D-04 -0.876524D-03 -0.200314D-03  0.103081D-04
     74    -0.177902D-03  0.188746D-03  0.308081D-03 -0.149351D-03 -0.485731D-04
     75     0.109359D-04 -0.554588D-05 -0.158090D-04  0.650580D-05 -0.336054D-05
     76    -0.678500D-04  0.343464D-04  0.145506D-05  0.221581D-04 -0.443759D-05
     77    -0.106437D-03 -0.251556D-03 -0.325162D-03  0.331414D-04 -0.117370D-04
     78     0.942227D-04 -0.298935D-04 -0.935263D-05  0.505061D-04 -0.115904D-04
     79    -0.311853D-04 -0.969335D-04 -0.171143D-03  0.310828D-04 -0.737599D-05
     80    -0.701554D-05 -0.105932D-03 -0.123875D-03  0.104338D-03 -0.132786D-04
     81    -0.844720D-04 -0.297968D-04  0.707260D-04 -0.810622D-04  0.419393D-05
     82     0.362661D-04 -0.101617D-03 -0.192508D-03 -0.436255D-04 -0.334966D-05
     83    -0.172458D-03 -0.308045D-04 -0.352843D-03  0.145910D-03 -0.832460D-05
     84     0.100611D-05  0.949723D-04 -0.157046D-03  0.595070D-04  0.398436D-06
     85     0.749049D-03  0.155401D-03  0.340007D-04  0.589626D-04 -0.235326D-04
     86     0.263554D-05  0.547608D-04 -0.185841D-04  0.338268D-05 -0.811980D-05
     87    -0.273342D-05  0.433571D-05  0.344249D-05 -0.324694D-06  0.182145D-05
     88    -0.101387D-02 -0.757017D-03 -0.343154D-02  0.582333D-03 -0.602308D-04
     89     0.113915D-02  0.309652D-03  0.454948D-02 -0.698308D-03  0.172660D-04
     90    -0.804298D-03 -0.871200D-03 -0.270219D-02  0.457732D-03 -0.169622D-04
     91    -0.537982D-03 -0.168092D-03 -0.991931D-03  0.170055D-03 -0.348828D-04
     92     0.882046D-04  0.654850D-04  0.345105D-04 -0.194927D-03  0.210770D-04
     93    -0.319406D-02 -0.302671D-03 -0.638525D-03 -0.844505D-05 -0.226898D-04
     94    -0.302949D-03 -0.287622D-02 -0.198624D-02  0.329954D-03  0.135986D-04
     95     0.132926D-04 -0.124726D-02 -0.377682D-02  0.181082D-03  0.933987D-05
     96    -0.291970D-04  0.270272D-03  0.525868D-03 -0.789987D-03  0.111465D-03
     97    -0.170073D-04  0.209463D-04  0.574705D-05  0.110049D-03 -0.451713D-04
     98    -0.522706D-03 -0.601780D-04 -0.911302D-03 -0.222531D-03 -0.586877D-06
     99     0.491980D-03  0.294151D-03  0.640365D-03 -0.356015D-03 -0.138351D-04
    100    -0.506022D-04  0.128742D-03  0.184329D-02  0.354533D-03 -0.313461D-04
    101     0.183884D-03 -0.297257D-03 -0.105717D-02  0.399876D-03  0.922550D-04
    102    -0.126265D-03 -0.687053D-04 -0.187501D-03  0.217145D-04  0.406975D-05
    103     0.183598D-03 -0.720480D-04  0.178069D-03 -0.648419D-04  0.102095D-04
    104     0.500931D-03  0.633195D-03  0.127250D-02 -0.165966D-03  0.333547D-04
    105     0.209755D-03  0.385138D-03  0.986993D-03 -0.212451D-03  0.301328D-04
    106     0.197972D-03  0.654677D-04  0.480349D-03 -0.553863D-04  0.210675D-04
    107    -0.221045D-03  0.752882D-04 -0.655495D-03 -0.678647D-04  0.222304D-04
    108     0.261500D-03  0.674809D-04  0.685614D-03 -0.213315D-04  0.272480D-05
    109     0.254112D-04  0.190200D-03  0.675096D-03  0.285825D-04  0.601644D-05
    110     0.676961D-03  0.132667D-03  0.146236D-02 -0.368127D-03  0.120889D-04
    111     0.199192D-03 -0.979495D-04  0.573006D-03 -0.217659D-03  0.691264D-05
    112    -0.166645D-02 -0.312464D-03 -0.813394D-03  0.103156D-04  0.315228D-04
    113     0.198066D-03  0.286489D-04  0.676383D-03 -0.115817D-03  0.135126D-04
    114    -0.112318D-04 -0.118539D-04 -0.566583D-04  0.825523D-05 -0.383532D-05
    115     0.114102D-03  0.279080D-04  0.299262D-03 -0.534791D-04  0.634336D-05
    116    -0.165710D-03 -0.257906D-04 -0.396993D-03  0.720534D-04 -0.775909D-05
    117     0.248153D-03  0.149865D-04  0.572693D-03 -0.770837D-04  0.120647D-04
    118    -0.426884D-04 -0.371555D-04 -0.304555D-03  0.545844D-04 -0.200883D-05
    119     0.492211D-04  0.611758D-04  0.162500D-03 -0.212632D-04  0.177566D-05
    120     0.367230D-03  0.286194D-03  0.121634D-02 -0.207376D-03  0.415015D-06


           ESTIMATED COVARIANCE MATRIX FOR PARAMETER ESTIMATES
                 71            72            73            74            75
              ________      ________      ________      ________      ________
     71     0.254338D-02
     72     0.315287D-03  0.429778D-02
     73     0.388615D-03  0.281091D-04  0.437542D-01
     74    -0.494939D-04 -0.475590D-04  0.113100D-03  0.326319D-02
     75    -0.120467D-04  0.371674D-05  0.866961D-04 -0.168663D-04  0.267705D-03
     76    -0.143446D-03  0.408626D-05 -0.207476D-03 -0.861648D-04 -0.395253D-04
     77     0.388595D-04  0.262054D-03 -0.160124D-03 -0.904993D-05 -0.706943D-06
     78     0.221101D-03 -0.634209D-05  0.200493D-03  0.903871D-05  0.952146D-05
     79    -0.110566D-03  0.215098D-03  0.100796D-03 -0.123924D-03 -0.189326D-04
     80    -0.400273D-05  0.189410D-03 -0.330210D-03  0.333230D-03  0.215373D-04
     81    -0.331913D-03  0.284248D-03 -0.320727D-03 -0.791794D-04  0.698042D-05
     82     0.163762D-03  0.819460D-04  0.427397D-04  0.957074D-04  0.322670D-05
     83    -0.382019D-03  0.190941D-03 -0.353328D-03 -0.253495D-03 -0.314935D-04
     84    -0.113691D-03  0.141714D-03 -0.626104D-03 -0.295914D-03  0.172371D-04
     85     0.617148D-04 -0.968935D-04 -0.176948D-03  0.194951D-03 -0.226400D-04
     86    -0.590698D-04  0.599099D-04 -0.134788D-03 -0.123246D-03 -0.301189D-05
     87    -0.485698D-05 -0.105317D-04 -0.295966D-05  0.130789D-06 -0.163539D-05
     88    -0.534915D-02  0.356688D-02 -0.320151D-02 -0.208054D-02 -0.882053D-04
     89     0.924863D-02 -0.445471D-02  0.453963D-02  0.325545D-02  0.295577D-04
     90    -0.299552D-02  0.246445D-02 -0.242578D-02 -0.161846D-02 -0.430244D-04
     91    -0.179710D-02  0.101731D-02 -0.965037D-03 -0.413602D-03  0.623980D-05
     92     0.492076D-03 -0.457392D-03 -0.119805D-03 -0.648513D-04  0.727772D-04
     93    -0.101688D-02  0.935928D-03 -0.413904D-03  0.301576D-04 -0.458245D-04
     94    -0.949485D-03  0.734530D-03 -0.395127D-03 -0.620055D-03 -0.173871D-04
     95     0.766892D-04 -0.390782D-04  0.216141D-02 -0.970558D-04  0.100391D-04
     96     0.191636D-03 -0.545138D-03  0.620772D-03  0.474831D-03 -0.146755D-04
     97    -0.129468D-04 -0.177839D-04 -0.263763D-04  0.863027D-04  0.104754D-04
     98    -0.551558D-02 -0.740790D-04 -0.101199D-02 -0.108342D-03 -0.342145D-04
     99    -0.388141D-03 -0.771882D-02  0.248957D-03  0.275202D-03  0.244261D-04
    100    -0.534958D-04 -0.107632D-03 -0.767162D-01 -0.237405D-03 -0.124188D-03
    101    -0.835404D-03  0.756553D-03 -0.111911D-02 -0.678528D-02 -0.120729D-04
    102    -0.288791D-03  0.225828D-03 -0.343895D-03 -0.115835D-03 -0.492368D-03
    103     0.747754D-03 -0.165234D-03  0.640527D-03  0.324831D-03  0.672487D-04
    104     0.938059D-03 -0.124654D-02  0.906431D-03  0.374264D-03  0.474426D-05
    105     0.715942D-03 -0.708596D-03  0.739432D-03  0.528318D-03  0.691388D-05
    106     0.996645D-03 -0.591435D-03 -0.546165D-05  0.397199D-03 -0.537290D-06
    107    -0.130056D-02  0.490207D-03 -0.386786D-04 -0.115770D-02 -0.592541D-04
    108     0.213856D-02 -0.143080D-02  0.143109D-02  0.826726D-03 -0.199398D-05
    109    -0.120937D-04 -0.355760D-03  0.950168D-04  0.279527D-04  0.587730D-05
    110     0.241111D-02 -0.100906D-02  0.165965D-02  0.104648D-02  0.140751D-03
    111     0.910305D-03 -0.582141D-03  0.171392D-02  0.850886D-03  0.190922D-04
    112    -0.137424D-02  0.847149D-03 -0.364577D-03 -0.721768D-03  0.335519D-04
    113     0.105862D-02 -0.697840D-03  0.787256D-03  0.675066D-03 -0.421675D-05
    114    -0.849669D-04  0.733077D-04 -0.425411D-04 -0.367525D-04  0.154832D-05
    115     0.495752D-03 -0.257153D-03  0.217327D-03  0.187730D-03 -0.353924D-06
    116    -0.757519D-03  0.338772D-03 -0.400096D-03 -0.233107D-03  0.271405D-05
    117     0.117703D-02 -0.407454D-03  0.532304D-03  0.323944D-03 -0.299561D-04
    118    -0.566174D-03  0.255303D-03 -0.260658D-03 -0.208925D-03 -0.380496D-05
    119     0.178854D-03 -0.121524D-03  0.163228D-03  0.109680D-03  0.311314D-05
    120     0.150229D-02 -0.136825D-02  0.121071D-02  0.738804D-03 -0.477857D-05


           ESTIMATED COVARIANCE MATRIX FOR PARAMETER ESTIMATES
                 76            77            78            79            80
              ________      ________      ________      ________      ________
     76     0.240680D-03
     77     0.855267D-04  0.146182D-02
     78    -0.818420D-05  0.563009D-04  0.194933D-02
     79     0.153304D-04  0.453162D-04  0.819226D-03  0.160775D-02
     80     0.277532D-04  0.348692D-03  0.589484D-04  0.202172D-03  0.246011D-02
     81     0.934532D-04  0.995266D-04  0.982869D-05  0.320454D-03  0.194040D-03
     82     0.200404D-04  0.418801D-04 -0.330907D-04  0.380875D-04  0.804333D-04
     83     0.877790D-04  0.242613D-04 -0.305851D-05  0.282517D-03  0.305581D-03
     84     0.453215D-04 -0.271515D-03 -0.283212D-04  0.176522D-03  0.121353D-03
     85     0.245651D-03 -0.208616D-03 -0.933390D-04 -0.280072D-03 -0.138711D-03
     86     0.177091D-04 -0.268910D-04 -0.139634D-03  0.214851D-04  0.220324D-04
     87    -0.149083D-04 -0.612792D-04 -0.356905D-05  0.609426D-05 -0.229152D-04
     88     0.106820D-02  0.963298D-03 -0.155444D-02  0.372261D-02  0.268421D-02
     89    -0.154843D-02 -0.110163D-02  0.233421D-02 -0.425794D-02 -0.321401D-02
     90     0.727690D-03  0.930199D-03 -0.116621D-02  0.249264D-02  0.136769D-02
     91     0.528336D-03  0.442799D-03 -0.659773D-03  0.102614D-02  0.114461D-02
     92     0.597539D-04  0.344646D-04  0.195471D-03  0.271800D-04 -0.145465D-03
     93     0.263632D-03  0.507112D-03 -0.458509D-03  0.543045D-03  0.296343D-03
     94     0.924107D-04  0.686782D-03 -0.279283D-03  0.651467D-03  0.597007D-03
     95    -0.169900D-03  0.545101D-03  0.630506D-04 -0.310699D-03 -0.718377D-04
     96    -0.112020D-03 -0.148412D-03  0.905799D-04 -0.240580D-03 -0.366705D-03
     97     0.872866D-05  0.270553D-04  0.217955D-04  0.207381D-04  0.309506D-04
     98     0.463750D-03  0.188520D-03 -0.627061D-03  0.617807D-03  0.257739D-03
     99    -0.341432D-05 -0.800056D-03  0.435337D-03 -0.353582D-03 -0.417160D-03
    100     0.353531D-03  0.303344D-03 -0.150226D-03 -0.470018D-03  0.715501D-03
    101     0.408277D-03  0.195839D-03 -0.393862D-03  0.905874D-03 -0.188300D-03
    102     0.123324D-03  0.772648D-04 -0.102794D-03  0.173172D-03  0.622464D-04
    103    -0.495881D-03 -0.166661D-03  0.153756D-03 -0.188360D-03 -0.197827D-03
    104    -0.304091D-03 -0.292014D-02  0.271033D-03 -0.476855D-03 -0.103801D-02
    105    -0.262571D-03 -0.467771D-03 -0.308834D-02 -0.260792D-02 -0.433470D-03
    106    -0.110742D-03 -0.157478D-04 -0.141917D-02 -0.330366D-02 -0.513514D-03
    107     0.212434D-03 -0.422535D-03 -0.256551D-03  0.551734D-03 -0.414383D-02
    108    -0.458495D-03 -0.373790D-03  0.355826D-03 -0.150385D-02 -0.103344D-02
    109    -0.115282D-03 -0.752300D-04  0.182902D-03 -0.197383D-03 -0.324851D-03
    110    -0.521464D-03 -0.329162D-03  0.531741D-03 -0.137863D-02 -0.117232D-02
    111    -0.224136D-03  0.467188D-03  0.232795D-03 -0.823375D-03 -0.579132D-03
    112    -0.171182D-03  0.775884D-03 -0.195942D-03  0.125459D-02  0.808272D-03
    113    -0.214315D-03 -0.153539D-03  0.540354D-03 -0.660064D-03 -0.465986D-03
    114     0.450921D-04  0.129064D-03 -0.300108D-04  0.340575D-04  0.756352D-04
    115    -0.872131D-04 -0.628610D-04  0.102453D-03 -0.293029D-03 -0.215323D-03
    116     0.125056D-03  0.838501D-04 -0.181115D-03  0.381053D-03  0.293352D-03
    117    -0.183081D-03 -0.116710D-03  0.312121D-03 -0.509050D-03 -0.351086D-03
    118     0.951242D-04  0.496369D-04 -0.123426D-03  0.293719D-03  0.205872D-03
    119    -0.503819D-04 -0.629123D-04  0.770413D-04 -0.164065D-03 -0.749516D-04
    120    -0.329889D-03 -0.441923D-03  0.608171D-03 -0.107285D-02 -0.716330D-03


           ESTIMATED COVARIANCE MATRIX FOR PARAMETER ESTIMATES
                 81            82            83            84            85
              ________      ________      ________      ________      ________
     81     0.200414D-02
     82     0.472697D-03  0.197549D-02
     83     0.169105D-03  0.697048D-04  0.348175D-02
     84     0.152352D-03 -0.201555D-04  0.688426D-03  0.183832D-02
     85    -0.335854D-03 -0.126504D-03 -0.225263D-03 -0.293768D-04  0.233566D-02
     86     0.666577D-04 -0.250878D-04 -0.174564D-04 -0.264415D-04  0.268489D-04
     87    -0.141014D-04 -0.175828D-04  0.923850D-05  0.993805D-05  0.139613D-04
     88     0.553558D-02  0.908707D-04  0.664654D-02  0.297332D-02 -0.281107D-02
     89    -0.729559D-02  0.140114D-02 -0.899365D-02 -0.385782D-02  0.395225D-02
     90     0.406346D-02  0.379422D-03  0.464291D-02  0.185778D-02 -0.225798D-02
     91     0.154612D-02  0.910027D-04  0.198527D-02  0.635098D-03 -0.615981D-03
     92    -0.899126D-04  0.241304D-03 -0.585423D-03 -0.220081D-03 -0.320414D-03
     93     0.783435D-03  0.176969D-04  0.131186D-02  0.466429D-03 -0.189652D-02
     94     0.801984D-03  0.502584D-04  0.106444D-02  0.285380D-03 -0.717039D-03
     95    -0.104992D-02  0.309192D-03 -0.361865D-03 -0.206163D-03  0.341599D-03
     96    -0.223128D-03  0.140970D-03 -0.697804D-03 -0.332841D-03  0.117511D-03
     97    -0.469918D-05 -0.728849D-05  0.133378D-04  0.710210D-05  0.336971D-04
     98     0.118595D-02 -0.365291D-03  0.158756D-02  0.532343D-03 -0.435671D-03
     99    -0.797581D-03 -0.217442D-03 -0.504108D-03 -0.238290D-03  0.212773D-03
    100     0.151772D-03 -0.165549D-03  0.324068D-03  0.108195D-02  0.432922D-03
    101     0.118828D-02 -0.124650D-03  0.171038D-02  0.120085D-02 -0.738072D-03
    102     0.292372D-03 -0.407221D-05  0.442617D-03  0.155885D-03 -0.154287D-03
    103    -0.475127D-03  0.293397D-04 -0.602229D-03 -0.270450D-03 -0.253810D-03
    104    -0.956917D-03  0.372962D-06 -0.108207D-02  0.123825D-03  0.997480D-03
    105    -0.173274D-02 -0.222512D-03 -0.182720D-02 -0.745065D-03  0.121139D-02
    106    -0.113629D-02  0.884870D-04 -0.123714D-02 -0.711686D-03  0.915698D-03
    107     0.887841D-03 -0.237000D-03  0.960713D-03  0.313591D-03 -0.395073D-03
    108    -0.508827D-02 -0.668962D-03 -0.214363D-02 -0.110531D-02  0.140056D-02
    109    -0.125403D-02 -0.352727D-02 -0.597533D-03 -0.133982D-03  0.394606D-03
    110    -0.174623D-02  0.164951D-04 -0.778129D-02 -0.207746D-02  0.124308D-02
    111    -0.105077D-02  0.977055D-04 -0.218377D-02 -0.363450D-02  0.567508D-03
    112     0.173650D-02  0.100289D-03  0.181795D-02  0.772695D-03 -0.486390D-02
    113    -0.111935D-02  0.107459D-03 -0.114782D-02 -0.450419D-03  0.617767D-03
    114     0.117924D-03  0.309307D-04  0.860325D-04  0.179655D-04 -0.705324D-04
    115    -0.386662D-03  0.218771D-04 -0.580490D-03 -0.264809D-03  0.204473D-03
    116     0.586448D-03 -0.754094D-04  0.769916D-03  0.366170D-03 -0.333003D-03
    117    -0.825994D-03  0.156142D-03 -0.109863D-02 -0.602827D-03  0.515016D-03
    118     0.457975D-03 -0.722242D-04  0.569599D-03  0.209339D-03 -0.237524D-03
    119    -0.256641D-03 -0.491481D-05 -0.286999D-03 -0.113267D-03  0.140280D-03
    120    -0.190536D-02 -0.545957D-04 -0.216969D-02 -0.931401D-03  0.106149D-02


           ESTIMATED COVARIANCE MATRIX FOR PARAMETER ESTIMATES
                 86            87            88            89            90
              ________      ________      ________      ________      ________
     86     0.478413D-03
     87    -0.366219D-06  0.166194D-04
     88     0.440673D-03  0.567572D-04  0.120424D+00
     89    -0.567257D-03 -0.754223D-04 -0.145327D+00  0.325759D+00
     90     0.223086D-03  0.261055D-04  0.111909D+00 -0.914166D-01  0.157686D+00
     91     0.182711D-04 -0.906325D-05  0.412186D-01 -0.476668D-01  0.458936D-01
     92    -0.391132D-04 -0.729039D-05 -0.587489D-02  0.176233D-01  0.194579D-02
     93     0.419549D-04  0.991147D-05  0.230904D-01 -0.231572D-01  0.286146D-01
     94    -0.804791D-04  0.693116D-05  0.204054D-01 -0.341626D-01  0.181525D-01
     95    -0.282715D-04 -0.519681D-05 -0.161833D-01  0.749909D-02 -0.288544D-01
     96    -0.470767D-04 -0.372124D-05 -0.883130D-02  0.185261D-01 -0.532458D-02
     97     0.122160D-04 -0.379067D-05 -0.432123D-04 -0.893314D-03 -0.808188D-03
     98     0.624687D-04  0.126309D-04  0.285366D-01 -0.460407D-01  0.217897D-01
     99    -0.832088D-04  0.156477D-04 -0.182008D-01  0.142395D-01 -0.214573D-01
    100     0.215729D-03  0.943595D-05  0.218181D-02 -0.221559D-02  0.972775D-03
    101     0.300451D-03  0.108374D-04  0.291576D-01 -0.398764D-01  0.300387D-01
    102     0.137653D-04  0.381261D-05  0.760154D-02 -0.922084D-02  0.911088D-02
    103    -0.451593D-04  0.225227D-04 -0.886264D-02  0.186446D-01 -0.509230D-02
    104    -0.428811D-05  0.105861D-03 -0.224925D-01  0.309595D-01 -0.242565D-01
    105     0.154787D-03 -0.630533D-05 -0.431223D-01  0.255518D-01 -0.679142D-01
    106    -0.824007D-04 -0.244924D-04 -0.153464D-01  0.374426D-01 -0.240991D-02
    107     0.104625D-04  0.508293D-04  0.251921D-01 -0.325393D-01  0.348495D-01
    108    -0.216028D-03  0.160362D-04 -0.429449D-01  0.742800D-01 -0.321675D-01
    109    -0.285609D-05  0.337012D-04 -0.958064D-02  0.694656D-02 -0.126606D-01
    110    -0.251735D-04 -0.299863D-04 -0.487253D-01  0.752449D-01 -0.408318D-01
    111    -0.618524D-07 -0.327733D-04 -0.224710D-01  0.370650D-01 -0.175415D-01
    112     0.111269D-03 -0.133400D-04  0.286752D-01 -0.556815D-01  0.195423D-01
    113    -0.941895D-03 -0.750894D-05 -0.250999D-01  0.348919D-01 -0.267090D-01
    114     0.536719D-05 -0.286043D-04  0.200857D-02 -0.274458D-02  0.233687D-02
    115    -0.259473D-04 -0.657685D-05 -0.790042D-02  0.131110D-01 -0.394541D-02
    116     0.499376D-04  0.941936D-05  0.120506D-01 -0.234596D-01  0.600539D-02
    117    -0.482714D-04 -0.146768D-04 -0.179352D-01  0.428592D-01 -0.939571D-02
    118     0.450877D-04  0.331933D-05  0.778099D-02 -0.156122D-01  0.574933D-02
    119    -0.199545D-04 -0.371606D-05 -0.768599D-02  0.419053D-02 -0.118644D-01
    120    -0.991988D-04 -0.829128D-05 -0.521097D-01  0.584802D-01 -0.652127D-01


           ESTIMATED COVARIANCE MATRIX FOR PARAMETER ESTIMATES
                 91            92            93            94            95
              ________      ________      ________      ________      ________
     91     0.210298D-01
     92    -0.210964D-02  0.100812D-01
     93     0.996320D-02 -0.657450D-03  0.152309D-01
     94     0.688532D-02 -0.161000D-02  0.441819D-02  0.132973D-01
     95    -0.782575D-02 -0.874815D-03 -0.448440D-02  0.193037D-02  0.187775D-01
     96    -0.278079D-02  0.152881D-02 -0.112037D-02 -0.283581D-02 -0.347007D-03
     97    -0.644504D-04 -0.185191D-03 -0.477617D-04 -0.503322D-05  0.168784D-03
     98     0.100804D-01 -0.190239D-02  0.584964D-02  0.508785D-02 -0.269547D-02
     99    -0.680404D-02  0.770849D-03 -0.573337D-02 -0.344076D-02  0.298162D-02
    100     0.105617D-02  0.110704D-02  0.129627D-02 -0.367817D-03 -0.519720D-02
    101     0.943525D-02 -0.555194D-03  0.485794D-02  0.605317D-02 -0.390426D-02
    102     0.284779D-02 -0.353527D-03  0.201478D-02  0.137638D-02 -0.158055D-02
    103    -0.353856D-02  0.802228D-03 -0.172950D-02 -0.154981D-02  0.724998D-03
    104    -0.886065D-02  0.713134D-03 -0.558351D-02 -0.570890D-02  0.179902D-02
    105    -0.177924D-01 -0.197294D-02 -0.115692D-01 -0.634941D-02  0.131768D-01
    106    -0.373908D-02  0.195829D-02 -0.142296D-02 -0.332150D-02 -0.611609D-03
    107     0.946675D-02 -0.110232D-03  0.663283D-02  0.452009D-02 -0.617491D-02
    108    -0.135857D-01  0.271308D-02 -0.675741D-02 -0.839919D-02  0.537336D-02
    109    -0.382257D-02 -0.321022D-03 -0.230124D-02 -0.163412D-02  0.101171D-02
    110    -0.164979D-01  0.408971D-02 -0.100423D-01 -0.910302D-02  0.527552D-02
    111    -0.667762D-02  0.188576D-02 -0.436606D-02 -0.389138D-02  0.235945D-02
    112     0.810189D-02 -0.746558D-03  0.892808D-02  0.720895D-02 -0.146513D-02
    113    -0.893692D-02  0.108097D-02 -0.537611D-02 -0.439135D-02  0.413370D-02
    114     0.875996D-03 -0.256717D-04  0.427998D-03  0.395045D-03 -0.361483D-03
    115    -0.223338D-02  0.904397D-03 -0.116223D-02 -0.143214D-02  0.921236D-04
    116     0.360070D-02 -0.149516D-02  0.178795D-02  0.241228D-02 -0.181022D-03
    117    -0.581906D-02  0.247980D-02 -0.288600D-02 -0.420392D-02  0.270034D-03
    118     0.262856D-02 -0.767197D-03  0.127639D-02  0.175936D-02 -0.548388D-03
    119    -0.325939D-02 -0.333094D-03 -0.211907D-02 -0.113875D-02  0.223250D-02
    120    -0.203172D-01  0.524744D-03 -0.123664D-01 -0.899415D-02  0.115153D-01


           ESTIMATED COVARIANCE MATRIX FOR PARAMETER ESTIMATES
                 96            97            98            99           100
              ________      ________      ________      ________      ________
     96     0.371295D-02
     97    -0.413764D-03  0.154873D-03
     98    -0.126106D-02  0.139764D-04  0.205669D-01
     99     0.159647D-02  0.177782D-03 -0.733708D-03  0.270439D-01
    100    -0.957102D-03  0.159532D-03  0.260912D-03  0.299423D-03  0.233053D+00
    101    -0.352153D-02 -0.253754D-03  0.541195D-02 -0.437903D-02  0.279572D-02
    102    -0.477686D-03 -0.634920D-04  0.175613D-02 -0.126374D-02  0.575303D-03
    103     0.113003D-02 -0.721952D-04 -0.339964D-02  0.617973D-03 -0.189962D-02
    104     0.204949D-02 -0.639758D-04 -0.573790D-02  0.592893D-02 -0.207262D-02
    105     0.137069D-02  0.346514D-03 -0.744372D-02  0.767504D-02  0.333580D-03
    106     0.195550D-02 -0.227126D-03 -0.483971D-02 -0.284000D-03  0.171920D-02
    107    -0.122307D-02 -0.205713D-03  0.675452D-02 -0.412775D-02 -0.207569D-02
    108     0.383796D-02 -0.119496D-03 -0.111913D-01  0.542607D-02  0.647878D-03
    109     0.232427D-03  0.232122D-04 -0.126251D-02  0.209174D-02  0.170518D-02
    110     0.472604D-02 -0.515394D-04 -0.132375D-01  0.628837D-02 -0.212222D-02
    111     0.256406D-02 -0.965697D-04 -0.508466D-02  0.203302D-02 -0.498406D-02
    112    -0.307361D-02  0.450358D-04  0.761606D-02 -0.264929D-02 -0.136369D-02
    113     0.199284D-02  0.149001D-04 -0.598566D-02  0.377282D-02 -0.982922D-03
    114    -0.151984D-03  0.277822D-05  0.524577D-03 -0.397613D-03  0.310789D-04
    115     0.816481D-03 -0.510800D-04 -0.232773D-02  0.730066D-03 -0.211797D-03
    116    -0.139159D-02  0.935591D-04  0.375653D-02 -0.948305D-03  0.377674D-03
    117     0.239317D-02 -0.175945D-03 -0.610037D-02  0.825631D-03 -0.395382D-03
    118    -0.907615D-03  0.258732D-04  0.240356D-02 -0.801121D-03 -0.120545D-03
    119     0.243131D-03  0.730662D-04 -0.134265D-02  0.151605D-02 -0.103038D-03
    120     0.334206D-02  0.243932D-03 -0.111997D-01  0.962325D-02 -0.161001D-02


           ESTIMATED COVARIANCE MATRIX FOR PARAMETER ESTIMATES
                101           102           103           104           105
              ________      ________      ________      ________      ________
    101     0.333062D-01
    102     0.199934D-02  0.221897D-02
    103    -0.302148D-02 -0.740136D-03  0.246362D-02
    104    -0.576497D-02 -0.166481D-02  0.212450D-02  0.139687D-01
    105    -0.110791D-01 -0.371966D-02  0.133889D-02  0.942460D-02  0.417791D-01
    106    -0.353162D-02 -0.655098D-03  0.194318D-02  0.190201D-02  0.483440D-02
    107     0.102621D-01  0.226917D-02 -0.180792D-02 -0.395861D-02 -0.150280D-01
    108    -0.108037D-01 -0.256432D-02  0.443664D-02  0.828861D-02  0.116212D-01
    109    -0.260522D-02 -0.862342D-03  0.698734D-03  0.185273D-02  0.515651D-02
    110    -0.129190D-01 -0.331213D-02  0.477933D-02  0.914841D-02  0.151697D-01
    111    -0.684295D-02 -0.145477D-02  0.220716D-02  0.254356D-02  0.641413D-02
    112     0.780503D-02  0.169178D-02 -0.154800D-02 -0.752956D-02 -0.712963D-02
    113    -0.792441D-02 -0.182390D-02  0.197618D-02  0.518402D-02  0.985817D-02
    114     0.572185D-03  0.143311D-03 -0.249215D-03 -0.840212D-03 -0.917897D-03
    115    -0.180682D-02 -0.338458D-03  0.824103D-03  0.132103D-02  0.112231D-02
    116     0.287639D-02  0.556896D-03 -0.140687D-02 -0.220854D-02 -0.146944D-02
    117    -0.461683D-02 -0.980384D-03  0.244515D-02  0.373955D-02  0.222704D-02
    118     0.218287D-02  0.502663D-03 -0.884905D-03 -0.165967D-02 -0.185402D-02
    119    -0.203264D-02 -0.646734D-03  0.235894D-03  0.163943D-02  0.528563D-02
    120    -0.139645D-01 -0.408529D-02  0.335148D-02  0.112691D-01  0.269282D-01


           ESTIMATED COVARIANCE MATRIX FOR PARAMETER ESTIMATES
                106           107           108           109           110
              ________      ________      ________      ________      ________
    106     0.143529D-01
    107    -0.230409D-02  0.232280D-01
    108     0.902911D-02 -0.884877D-02  0.281775D-01
    109     0.741870D-04 -0.189446D-02  0.551212D-02  0.128420D-01
    110     0.819356D-02 -0.100607D-01  0.179279D-01  0.368071D-02  0.372398D-01
    111     0.460095D-02 -0.368225D-02  0.944163D-02  0.100701D-02  0.130564D-01
    112    -0.776236D-02  0.551980D-02 -0.142993D-01 -0.208706D-02 -0.137764D-01
    113     0.323978D-02 -0.661014D-02  0.960372D-02  0.229388D-02  0.101049D-01
    114    -0.176130D-03  0.450323D-03 -0.844326D-03 -0.274459D-03 -0.855025D-03
    115     0.185575D-02 -0.113773D-02  0.331012D-02  0.341421D-03  0.375422D-02
    116    -0.302521D-02  0.197390D-02 -0.557732D-02 -0.471078D-03 -0.596206D-02
    117     0.522860D-02 -0.385005D-02  0.932183D-02  0.737829D-03  0.959491D-02
    118    -0.172021D-02  0.180105D-02 -0.371534D-02 -0.441654D-03 -0.384282D-02
    119    -0.153219D-03 -0.254948D-02  0.183336D-02  0.911650D-03  0.255618D-02
    120     0.361823D-02 -0.151003D-01  0.175531D-01  0.499110D-02  0.208017D-01


           ESTIMATED COVARIANCE MATRIX FOR PARAMETER ESTIMATES
                111           112           113           114           115
              ________      ________      ________      ________      ________
    111     0.148891D-01
    112    -0.701077D-02  0.235265D-01
    113     0.470164D-02 -0.681166D-02  0.893602D-02
    114    -0.300255D-03  0.589054D-03 -0.485327D-03  0.137845D-03
    115     0.180514D-02 -0.251420D-02  0.145319D-02 -0.103255D-03  0.114823D-02
    116    -0.293706D-02  0.423182D-02 -0.245372D-02  0.177249D-03 -0.149295D-02
    117     0.502616D-02 -0.734791D-02  0.415503D-02 -0.314043D-03  0.206901D-02
    118    -0.178779D-02  0.277241D-02 -0.189897D-02  0.150729D-03 -0.632767D-03
    119     0.105801D-02 -0.106583D-02  0.182349D-02 -0.158058D-03  0.217535D-03
    120     0.935727D-02 -0.112690D-01  0.124399D-01 -0.108314D-02  0.232629D-02


           ESTIMATED COVARIANCE MATRIX FOR PARAMETER ESTIMATES
                116           117           118           119           120
              ________      ________      ________      ________      ________
    116     0.246962D-02
    117    -0.379360D-02  0.728742D-02
    118     0.109532D-02 -0.184582D-02  0.100542D-02
    119    -0.288863D-03  0.397918D-03 -0.299035D-03  0.103324D-02
    120    -0.381256D-02  0.650026D-02 -0.294380D-02  0.444118D-02  0.316817D-01


           ESTIMATED CORRELATION MATRIX FOR PARAMETER ESTIMATES
                  1             2             3             4             5
              ________      ________      ________      ________      ________
      1         1.000
      2         0.066         1.000
      3         0.004         0.035         1.000
      4         0.089         0.076         0.125         1.000
      5         0.199         0.029         0.100         0.219         1.000
      6        -0.011         0.030        -0.043        -0.012        -0.034
      7         0.044         0.058         0.018         0.041         0.017
      8         0.009         0.006         0.097         0.035         0.056
      9         0.020         0.013         0.090         0.144         0.075
     10         0.071         0.008         0.098         0.072         0.106
     11         0.022        -0.069        -0.012        -0.011         0.003
     12        -0.007         0.018        -0.013         0.046        -0.050
     13        -0.043         0.029        -0.010        -0.005        -0.014
     14         0.320        -0.029         0.014         0.144         0.206
     15         0.036        -0.009        -0.006        -0.018         0.023
     16        -0.005        -0.003         0.055         0.028         0.012
     17        -0.119        -0.081         0.072        -0.017        -0.030
     18         0.054        -0.033         0.027         0.037        -0.024
     19        -0.065        -0.089        -0.015         0.013        -0.024
     20         0.074         0.038        -0.004         0.019        -0.034
     21        -0.034        -0.016         0.008        -0.022         0.004
     22        -0.105         0.040        -0.055        -0.017        -0.004
     23         0.038        -0.020        -0.011        -0.009         0.009
     24        -0.029         0.023         0.039        -0.003        -0.007
     25         0.065        -0.013         0.031         0.005         0.038
     26        -0.116         0.029        -0.037         0.038        -0.023
     27         0.005         0.070         0.013         0.006        -0.009
     28         0.065         0.062         0.036         0.008         0.048
     29        -0.035         0.036         0.003        -0.004         0.018
     30        -0.157         0.001        -0.001        -0.019        -0.054
     31         0.070        -0.019        -0.034        -0.018         0.028
     32        -0.081        -0.030        -0.025        -0.014        -0.012
     33         0.043        -0.011        -0.049        -0.039        -0.043
     34         0.045        -0.017         0.013         0.001        -0.018
     35        -0.048         0.018         0.005        -0.006         0.019
     36        -0.044         0.039         0.007        -0.016         0.023
     37        -0.032         0.006         0.003         0.019         0.005
     38         0.052        -0.009        -0.019         0.006         0.024
     39        -0.004         0.013         0.050         0.055        -0.041
     40        -0.005         0.016        -0.038        -0.051         0.033
     41         0.159         0.045        -0.039         0.038         0.092
     42        -0.051        -0.016        -0.022        -0.049         0.069
     43         0.069         0.066         0.027        -0.011         0.017
     44        -0.076         0.014         0.056        -0.042         0.090
     45         0.069        -0.006        -0.010         0.031         0.031
     46         0.072        -0.036         0.039         0.019        -0.033
     47         0.006         0.013         0.025         0.026        -0.012
     48         0.013         0.011         0.009         0.000        -0.006
     49        -0.052        -0.088        -0.019         0.050        -0.060
     50         0.107        -0.027         0.016        -0.078        -0.015
     51        -0.037        -0.046        -0.007        -0.034         0.039
     52        -0.057         0.012        -0.042        -0.010        -0.028
     53         0.027        -0.013        -0.006         0.018        -0.047
     54         0.122        -0.002        -0.047        -0.041         0.008
     55        -0.105         0.010         0.000        -0.030        -0.050
     56         0.043         0.014         0.021        -0.039         0.016
     57        -0.046        -0.024        -0.029         0.028         0.001
     58        -0.042         0.002         0.031         0.035         0.033
     59         0.042        -0.003        -0.013        -0.003        -0.010
     60         0.031        -0.014        -0.032        -0.005        -0.008
     61         0.036        -0.007        -0.002        -0.075         0.021
     62        -0.053        -0.001         0.040         0.012        -0.042
     63        -0.513        -0.050         0.024        -0.024        -0.131
     64        -0.187        -0.061        -0.006        -0.047        -0.018
     65         0.126         0.024         0.001         0.050         0.031
     66        -0.126        -0.047         0.026        -0.005        -0.014
     67         0.025        -0.025         0.049         0.036         0.002
     68        -0.135        -0.025         0.024         0.007        -0.016
     69         0.070        -0.010        -0.026         0.012        -0.033
     70        -0.034        -0.031         0.039        -0.017         0.003
     71        -0.285        -0.038        -0.007        -0.059        -0.058
     72         0.090        -0.028         0.010         0.006         0.043
     73        -0.036         0.005         0.014         0.005        -0.012
     74        -0.031         0.030        -0.006        -0.026        -0.005
     75        -0.047         0.018         0.033         0.058         0.049
     76         0.148         0.042         0.010         0.004         0.050
     77         0.042        -0.016         0.005        -0.026         0.020
     78        -0.042        -0.014         0.035        -0.019         0.014
     79         0.117        -0.006         0.000        -0.006         0.043
     80         0.132         0.023        -0.020        -0.012        -0.014
     81         0.175         0.016        -0.024        -0.021         0.057
     82        -0.007        -0.016        -0.048        -0.058        -0.031
     83         0.244         0.019        -0.019         0.004         0.046
     84         0.163         0.002         0.004         0.038         0.083
     85        -0.113        -0.011        -0.012         0.004        -0.007
     86         0.031         0.035        -0.013         0.039        -0.020
     87         0.048        -0.036         0.004         0.005         0.015
     88         0.521        -0.019        -0.047         0.040         0.138
     89        -0.583         0.041        -0.036        -0.224        -0.375
     90         0.221        -0.024        -0.045         0.008         0.045
     91         0.360         0.003        -0.018         0.073         0.083
     92        -0.227         0.012        -0.041        -0.118        -0.087
     93         0.271         0.018        -0.038         0.034         0.085
     94         0.267        -0.010        -0.032         0.058         0.194
     95         0.011         0.060         0.011        -0.004        -0.001
     96        -0.351         0.023         0.027        -0.132        -0.137
     97         0.115         0.017        -0.030         0.074         0.079
     98         0.443        -0.006         0.019         0.110         0.125
     99        -0.095         0.065         0.025        -0.002        -0.028
    100         0.013         0.012        -0.004        -0.023        -0.018
    101         0.200        -0.063        -0.010         0.078         0.063
    102         0.222        -0.043        -0.010         0.004         0.047
    103        -0.428        -0.015        -0.023        -0.132        -0.202
    104        -0.282         0.042         0.010        -0.040        -0.139
    105        -0.122         0.012         0.021         0.012        -0.032
    106        -0.340         0.001        -0.048        -0.133        -0.219
    107         0.148        -0.019         0.016         0.071         0.116
    108        -0.463         0.034         0.002        -0.112        -0.246
    109        -0.081         0.018         0.013         0.024        -0.014
    110        -0.477         0.029         0.029        -0.083        -0.172
    111        -0.371         0.001         0.008        -0.111        -0.188
    112         0.409        -0.029         0.019         0.109         0.217
    113        -0.376         0.013         0.017        -0.119        -0.173
    114         0.205         0.002         0.009         0.053         0.096
    115        -0.736        -0.028         0.001        -0.087        -0.180
    116         0.733        -0.047        -0.001         0.134         0.257
    117        -0.627         0.039        -0.063        -0.268        -0.417
    118         0.495        -0.049        -0.004         0.095         0.242
    119        -0.142         0.018         0.047         0.019         0.021
    120        -0.308         0.024         0.013        -0.083        -0.150


           ESTIMATED CORRELATION MATRIX FOR PARAMETER ESTIMATES
                  6             7             8             9            10
              ________      ________      ________      ________      ________
      6         1.000
      7        -0.005         1.000
      8        -0.090         0.157         1.000
      9         0.079         0.022         0.052         1.000
     10         0.268         0.031         0.104         0.210         1.000
     11         0.007        -0.002         0.020        -0.021        -0.028
     12        -0.026        -0.007        -0.008        -0.014        -0.002
     13         0.039         0.028         0.015         0.014        -0.034
     14        -0.248         0.013         0.060         0.001         0.024
     15         0.003         0.021         0.041         0.035         0.010
     16         0.000        -0.021        -0.023         0.015        -0.004
     17        -0.015        -0.010         0.008         0.023         0.027
     18         0.010         0.019         0.027         0.035         0.030
     19        -0.004        -0.007        -0.031         0.027        -0.012
     20        -0.024         0.011        -0.019         0.001         0.000
     21         0.021         0.000        -0.005         0.033         0.018
     22         0.017        -0.002        -0.036        -0.003        -0.037
     23        -0.005         0.004        -0.029         0.002         0.001
     24        -0.017         0.013         0.012         0.007        -0.004
     25         0.004        -0.014        -0.001        -0.012         0.016
     26        -0.005        -0.014        -0.003        -0.019        -0.002
     27        -0.014         0.001        -0.006         0.026         0.023
     28         0.078        -0.005         0.016         0.004        -0.001
     29        -0.024         0.021         0.032         0.021        -0.011
     30        -0.006        -0.030        -0.027        -0.022        -0.031
     31         0.010        -0.008        -0.005        -0.040         0.016
     32        -0.002        -0.022        -0.043         0.008        -0.001
     33         0.053         0.007        -0.051        -0.001        -0.032
     34        -0.018         0.021         0.000         0.052        -0.011
     35         0.011        -0.029        -0.041         0.013         0.025
     36        -0.042        -0.007         0.002         0.003         0.033
     37         0.005        -0.037        -0.005        -0.026         0.006
     38        -0.036         0.046        -0.010        -0.006        -0.008
     39        -0.008        -0.006        -0.030        -0.026         0.035
     40         0.009         0.007         0.038         0.016         0.025
     41         0.004         0.002         0.024         0.001         0.041
     42        -0.013        -0.017        -0.032        -0.001        -0.030
     43         0.008         0.047         0.019         0.005         0.019
     44         0.032        -0.001         0.009         0.027         0.017
     45        -0.030        -0.005         0.012        -0.029         0.016
     46         0.035         0.029         0.000        -0.007        -0.003
     47         0.031        -0.001         0.008         0.029        -0.014
     48         0.003         0.001         0.012        -0.016        -0.005
     49        -0.025        -0.006         0.002         0.006        -0.056
     50         0.019         0.007        -0.012         0.016         0.009
     51         0.008        -0.003        -0.015        -0.028        -0.038
     52        -0.047        -0.015        -0.029         0.010        -0.039
     53         0.001        -0.012         0.001         0.000         0.024
     54         0.017         0.021         0.010        -0.024         0.015
     55        -0.003        -0.007        -0.005         0.040        -0.029
     56        -0.006         0.008         0.019        -0.020        -0.002
     57         0.031         0.002        -0.001        -0.055        -0.023
     58         0.022        -0.002         0.008        -0.021         0.039
     59         0.002         0.023         0.024        -0.018         0.001
     60         0.015         0.006        -0.011         0.000        -0.036
     61        -0.015         0.038        -0.002         0.018         0.007
     62         0.020        -0.017         0.031        -0.009         0.032
     63        -0.015         0.018         0.014         0.009        -0.047
     64        -0.017        -0.035         0.005         0.032        -0.003
     65        -0.016        -0.016        -0.021         0.004         0.018
     66        -0.056         0.029         0.012         0.007        -0.024
     67        -0.037         0.016         0.008        -0.017         0.017
     68        -0.010         0.003        -0.007         0.020        -0.018
     69         0.013        -0.006        -0.053        -0.008         0.045
     70         0.006         0.018         0.060         0.021         0.001
     71         0.057         0.019         0.006        -0.058        -0.042
     72         0.019        -0.004         0.001        -0.001         0.040
     73        -0.023         0.002         0.000         0.009         0.002
     74        -0.012        -0.008        -0.030        -0.003         0.001
     75         0.006        -0.013         0.060         0.011         0.047
     76         0.002        -0.031        -0.024        -0.001         0.001
     77         0.033        -0.030        -0.023        -0.022        -0.035
     78         0.009        -0.008         0.037        -0.002         0.013
     79         0.020         0.008        -0.011        -0.033        -0.008
     80        -0.021         0.015        -0.007        -0.034         0.021
     81         0.066        -0.092        -0.009         0.001         0.022
     82         0.028        -0.034        -0.049        -0.039        -0.072
     83         0.008        -0.005        -0.021        -0.004         0.020
     84         0.015        -0.030        -0.009         0.002         0.011
     85        -0.059         0.011        -0.001        -0.018        -0.031
     86        -0.007         0.009         0.026        -0.004         0.000
     87        -0.039         0.063         0.014         0.037         0.023
     88         0.371        -0.026        -0.074         0.031         0.185
     89         0.038        -0.015        -0.020        -0.044        -0.114
     90         0.690        -0.030        -0.133         0.053         0.276
     91         0.449        -0.008        -0.091         0.017         0.220
     92         0.180        -0.007        -0.028        -0.002         0.020
     93         0.391        -0.009        -0.088         0.034         0.158
     94         0.133        -0.016        -0.033         0.045         0.061
     95        -0.445         0.047         0.087        -0.052        -0.172
     96         0.032        -0.002         0.051        -0.018        -0.067
     97        -0.186        -0.008        -0.015        -0.042        -0.045
     98         0.082         0.010        -0.027         0.059         0.108
     99        -0.190        -0.001         0.021         0.011        -0.109
    100         0.023        -0.008         0.019        -0.044        -0.005
    101         0.186        -0.007        -0.029         0.012         0.062
    102         0.275        -0.028        -0.082         0.058         0.125
    103         0.037        -0.006        -0.016        -0.026        -0.088
    104        -0.268         0.016         0.024        -0.017        -0.116
    105        -0.633         0.021         0.089        -0.040        -0.239
    106         0.183        -0.008        -0.061         0.000         0.026
    107         0.371        -0.012        -0.053         0.089         0.153
    108        -0.105         0.053         0.022        -0.042        -0.107
    109        -0.168         0.027         0.073         0.003         0.011
    110        -0.159        -0.014         0.019        -0.001        -0.132
    111        -0.107         0.026         0.017        -0.001        -0.087
    112         0.032         0.017        -0.015         0.038         0.047
    113        -0.350         0.019         0.038        -0.025        -0.190
    114         0.293        -0.049        -0.052        -0.013         0.117
    115         0.013         0.001        -0.014        -0.020        -0.058
    116        -0.024         0.021         0.028         0.030         0.091
    117         0.033        -0.022        -0.033        -0.034        -0.102
    118        -0.043         0.023         0.003         0.033         0.101
    119        -0.699        -0.013         0.102        -0.021        -0.202
    120        -0.600         0.037         0.071        -0.109        -0.388


           ESTIMATED CORRELATION MATRIX FOR PARAMETER ESTIMATES
                 11            12            13            14            15
              ________      ________      ________      ________      ________
     11         1.000
     12        -0.614         1.000
     13         0.294        -0.279         1.000
     14        -0.295         0.411        -0.633         1.000
     15        -0.042         0.056        -0.033         0.040         1.000
     16        -0.103         0.077        -0.038         0.067        -0.140
     17        -0.364         0.238        -0.126         0.089         0.116
     18        -0.130         0.076        -0.004         0.002        -0.036
     19        -0.031         0.042         0.005        -0.005        -0.098
     20        -0.487         0.300        -0.169         0.202        -0.021
     21         0.089        -0.069         0.040        -0.083         0.054
     22        -0.238         0.142        -0.069         0.059         0.033
     23        -0.198         0.121        -0.064         0.067         0.003
     24        -0.025         0.056         0.014        -0.004         0.058
     25         0.015         0.032        -0.007         0.016        -0.071
     26        -0.312         0.214        -0.083         0.098         0.014
     27        -0.214         0.064         0.011        -0.009        -0.275
     28        -0.130         0.043        -0.026         0.032        -0.070
     29        -0.288         0.189        -0.073         0.050         0.109
     30        -0.248         0.132        -0.066        -0.009        -0.030
     31        -0.391         0.311        -0.156         0.175        -0.115
     32        -0.135         0.084        -0.031         0.013         0.057
     33        -0.069         0.005        -0.002        -0.012         0.012
     34        -0.100         0.042        -0.017         0.034         0.000
     35        -0.131         0.076        -0.059         0.030         0.025
     36        -0.448         0.241        -0.107         0.115        -0.116
     37        -0.055        -0.004         0.011        -0.027         0.039
     38        -0.036         0.033        -0.037         0.054         0.097
     39         0.051        -0.049         0.031        -0.004        -0.652
     40         0.099        -0.155         0.033        -0.071         0.123
     41         0.234        -0.326         0.122        -0.086        -0.117
     42         0.080        -0.117         0.009        -0.027         0.033
     43         0.044        -0.121         0.011        -0.024         0.075
     44         0.266        -0.479         0.162        -0.268         0.036
     45        -0.069         0.149        -0.068         0.159        -0.055
     46         0.137        -0.251         0.084        -0.139        -0.010
     47         0.111        -0.180         0.043        -0.053        -0.028
     48         0.061        -0.045        -0.003         0.004        -0.023
     49         0.052        -0.058        -0.043         0.000         0.065
     50         0.200        -0.326         0.108        -0.134        -0.027
     51         0.064        -0.112        -0.009        -0.029         0.186
     52         0.036        -0.125         0.010        -0.037         0.040
     53         0.166        -0.229         0.044        -0.035        -0.056
     54         0.120        -0.157         0.024         0.001         0.013
     55         0.266        -0.473         0.116        -0.233         0.061
     56         0.075        -0.114         0.041        -0.029        -0.061
     57         0.002         0.000         0.017        -0.023        -0.021
     58         0.048        -0.047        -0.002        -0.019         0.020
     59         0.067        -0.127         0.048        -0.074        -0.012
     60         0.260        -0.377         0.115        -0.178         0.058
     61        -0.003         0.002         0.016         0.025        -0.034
     62         0.035        -0.022         0.028        -0.051        -0.073
     63        -0.005         0.031         0.084        -0.321        -0.025
     64        -0.022         0.034        -0.034        -0.066         0.294
     65        -0.031         0.022        -0.140         0.154        -0.057
     66        -0.142         0.150        -0.354         0.219         0.073
     67        -0.014         0.016        -0.044         0.022         0.014
     68        -0.007         0.014        -0.004        -0.047        -0.025
     69        -0.153         0.158        -0.509         0.344         0.004
     70         0.023        -0.050         0.104        -0.077         0.029
     71        -0.067         0.090        -0.217        -0.007         0.005
     72        -0.049         0.024        -0.189         0.138        -0.008
     73         0.014        -0.008         0.043        -0.046         0.005
     74         0.008        -0.030         0.044        -0.081        -0.024
     75        -0.077         0.090        -0.328         0.214        -0.013
     76         0.012         0.002        -0.134         0.132        -0.096
     77        -0.018         0.007        -0.143         0.066        -0.050
     78        -0.078         0.058        -0.239         0.098         0.020
     79        -0.075         0.031        -0.223         0.194         0.020
     80        -0.137         0.117        -0.471         0.347        -0.052
     81        -0.027         0.019        -0.076         0.160         0.021
     82        -0.003         0.027        -0.053        -0.005        -0.028
     83        -0.023         0.001        -0.135         0.182         0.023
     84        -0.060         0.044        -0.156         0.164         0.039
     85        -0.106         0.129        -0.356         0.156        -0.011
     86         0.007         0.028        -0.025         0.047         0.001
     87        -0.019         0.014        -0.055         0.056         0.054
     88         0.025        -0.050        -0.067         0.260         0.026
     89        -0.039         0.068         0.044        -0.510        -0.014
     90         0.016        -0.038        -0.039        -0.015         0.012
     91         0.045        -0.063        -0.008         0.113        -0.213
     92         0.059        -0.068         0.086        -0.309         0.073
     93         0.137        -0.188         0.199        -0.197        -0.057
     94         0.035        -0.071        -0.011         0.180         0.009
     95         0.010        -0.028         0.037         0.042         0.016
     96         0.129        -0.206         0.333        -0.631         0.008
     97        -0.038         0.083        -0.095         0.242        -0.038
     98         0.091        -0.164         0.131         0.074         0.004
     99         0.067        -0.079         0.121        -0.104         0.001
    100         0.019        -0.007        -0.036         0.029        -0.012
    101         0.015        -0.024        -0.072         0.174         0.041
    102         0.112        -0.163         0.202        -0.158         0.018
    103        -0.030         0.014         0.078        -0.400         0.089
    104         0.003         0.003         0.077        -0.196         0.040
    105         0.034        -0.018         0.109         0.007        -0.034
    106         0.034        -0.005         0.135        -0.429        -0.023
    107         0.161        -0.239         0.253        -0.231         0.043
    108        -0.004         0.021         0.081        -0.400        -0.038
    109         0.000        -0.009         0.048        -0.034         0.014
    110         0.004         0.018         0.090        -0.340        -0.018
    111         0.037        -0.046         0.128        -0.352        -0.047
    112         0.133        -0.209         0.162         0.092         0.045
    113        -0.032         0.038         0.053        -0.221        -0.025
    114         0.029        -0.047         0.018         0.076        -0.051
    115        -0.082         0.050         0.063        -0.362        -0.027
    116         0.046        -0.072        -0.047         0.437         0.011
    117        -0.047         0.072         0.020        -0.450         0.010
    118         0.035        -0.055        -0.057         0.414         0.027
    119        -0.017         0.032         0.027         0.114        -0.009
    120        -0.017         0.046         0.045        -0.116        -0.009


           ESTIMATED CORRELATION MATRIX FOR PARAMETER ESTIMATES
                 16            17            18            19            20
              ________      ________      ________      ________      ________
     16         1.000
     17        -0.053         1.000
     18        -0.006         0.108         1.000
     19         0.023         0.064         0.423         1.000
     20         0.045         0.032        -0.083        -0.062         1.000
     21        -0.040         0.045         0.020        -0.039        -0.609
     22         0.012         0.099        -0.046        -0.035         0.201
     23         0.009        -0.031         0.076        -0.010         0.141
     24         0.033         0.048        -0.005        -0.084        -0.015
     25         0.060        -0.080         0.058         0.088        -0.088
     26        -0.015         0.118        -0.015        -0.025         0.003
     27        -0.143        -0.117         0.022         0.018         0.080
     28         0.003        -0.043        -0.095        -0.207         0.054
     29         0.026         0.055         0.040         0.020         0.016
     30        -0.016         0.075         0.007         0.050         0.000
     31         0.018         0.014        -0.014        -0.021         0.103
     32        -0.060         0.030        -0.050         0.060        -0.017
     33        -0.020         0.010        -0.042        -0.071        -0.038
     34         0.054        -0.129         0.043        -0.037         0.104
     35        -0.002        -0.020         0.032        -0.019         0.046
     36         0.130         0.301         0.009        -0.075         0.016
     37         0.048         0.029         0.043        -0.042         0.007
     38         0.018        -0.050         0.009         0.012        -0.031
     39         0.112        -0.107         0.022         0.049         0.015
     40        -0.647         0.034        -0.028        -0.017        -0.043
     41         0.052        -0.679        -0.045        -0.034        -0.008
     42        -0.013        -0.051        -0.647        -0.260         0.077
     43        -0.014        -0.037        -0.267        -0.644         0.064
     44        -0.032        -0.006         0.071         0.060        -0.624
     45         0.037        -0.038        -0.021         0.007         0.379
     46        -0.019        -0.098         0.042         0.013        -0.143
     47         0.015         0.034        -0.015         0.016        -0.096
     48        -0.024        -0.070         0.006         0.017         0.008
     49        -0.055         0.036        -0.039        -0.032         0.042
     50         0.025        -0.089         0.036         0.038        -0.013
     51         0.102         0.111        -0.042        -0.067        -0.023
     52        -0.012         0.070         0.053         0.097        -0.007
     53        -0.022        -0.034        -0.024        -0.021         0.003
     54        -0.022        -0.053        -0.002        -0.053         0.013
     55        -0.034         0.017        -0.020        -0.011        -0.066
     56         0.065        -0.064        -0.005        -0.083         0.044
     57         0.015         0.028         0.030         0.022         0.033
     58        -0.018         0.127        -0.016         0.030        -0.075
     59        -0.005         0.051        -0.002        -0.021        -0.043
     60        -0.089        -0.238        -0.013         0.020         0.035
     61        -0.047        -0.009        -0.048         0.020         0.036
     62        -0.033         0.032         0.017         0.031         0.014
     63         0.010         0.040         0.053         0.119        -0.071
     64        -0.036         0.071         0.005         0.038        -0.040
     65         0.305        -0.025        -0.020        -0.024         0.053
     66         0.002         0.375        -0.007        -0.011         0.001
     67         0.003        -0.004         0.356         0.161        -0.026
     68         0.022        -0.011         0.164         0.348        -0.052
     69         0.030         0.000        -0.029        -0.047         0.333
     70        -0.007         0.037        -0.039        -0.014        -0.196
     71        -0.012         0.074        -0.053         0.043         0.016
     72         0.017        -0.023         0.024        -0.001         0.075
     73         0.007         0.000         0.000        -0.028        -0.023
     74         0.022        -0.026         0.071         0.059        -0.055
     75        -0.002         0.028        -0.039        -0.025         0.025
     76        -0.031        -0.053         0.017         0.003         0.028
     77         0.006        -0.063        -0.064        -0.081         0.014
     78        -0.012         0.031         0.038         0.039         0.010
     79        -0.044         0.021         0.011         0.018         0.005
     80         0.002        -0.010        -0.027        -0.044         0.034
     81        -0.035        -0.003         0.010         0.044        -0.008
     82        -0.018         0.012        -0.005        -0.014        -0.046
     83         0.000        -0.058         0.003        -0.051         0.062
     84         0.001        -0.001         0.001        -0.009         0.046
     85         0.036         0.153         0.000        -0.018         0.012
     86        -0.002        -0.015         0.032        -0.007        -0.003
     87         0.001         0.003        -0.010        -0.018        -0.005
     88         0.001        -0.032        -0.038        -0.068         0.049
     89        -0.007         0.049         0.014         0.047        -0.052
     90        -0.002        -0.009        -0.020        -0.055         0.008
     91         0.029        -0.062        -0.007        -0.038         0.032
     92        -0.400         0.042        -0.012        -0.004        -0.080
     93         0.011        -0.377        -0.024        -0.056         0.025
     94        -0.010        -0.041        -0.392        -0.195         0.091
     95        -0.021        -0.027        -0.158        -0.362         0.059
     96        -0.039         0.046         0.074         0.078        -0.393
     97         0.036        -0.055         0.006         0.002         0.250
     98         0.000        -0.083         0.045        -0.027        -0.046
     99        -0.010         0.047         0.005         0.039        -0.092
    100        -0.013        -0.027         0.004         0.029         0.019
    101        -0.044         0.002        -0.055        -0.046         0.070
    102         0.019        -0.066         0.025        -0.006        -0.001
    103         0.022         0.083        -0.016         0.001        -0.042
    104        -0.001         0.062         0.069         0.114        -0.040
    105         0.000         0.000         0.001         0.024         0.011
    106         0.000         0.015        -0.006        -0.031        -0.010
    107        -0.013         0.004         0.003        -0.019        -0.023
    108         0.019         0.017         0.010        -0.012        -0.011
    109         0.001         0.027         0.013         0.027         0.021
    110        -0.009         0.083         0.007         0.054        -0.083
    111        -0.021         0.042         0.004         0.020        -0.076
    112        -0.053        -0.150        -0.024        -0.018         0.043
    113        -0.022         0.030        -0.001         0.061        -0.012
    114        -0.029        -0.001        -0.004        -0.013         0.034
    115         0.013         0.017        -0.005         0.002        -0.037
    116        -0.006        -0.044        -0.001        -0.035         0.061
    117        -0.004         0.057         0.006         0.050        -0.042
    118        -0.004        -0.044        -0.033        -0.075         0.054
    119         0.015         0.005         0.017         0.057        -0.007
    120        -0.008         0.015         0.013         0.038        -0.016


           ESTIMATED CORRELATION MATRIX FOR PARAMETER ESTIMATES
                 21            22            23            24            25
              ________      ________      ________      ________      ________
     21         1.000
     22         0.039         1.000
     23         0.031         0.171         1.000
     24         0.042         0.047         0.035         1.000
     25        -0.173        -0.106         0.008         0.046         1.000
     26        -0.040         0.019         0.034         0.048        -0.011
     27        -0.013        -0.036        -0.052        -0.073        -0.086
     28        -0.094        -0.078         0.078        -0.016         0.023
     29        -0.006         0.008         0.004         0.061         0.002
     30        -0.002         0.067        -0.030         0.016        -0.030
     31        -0.058        -0.018        -0.007        -0.027         0.183
     32        -0.027         0.008         0.063         0.064         0.018
     33        -0.042        -0.013         0.018         0.033         0.012
     34         0.035         0.020         0.056        -0.020        -0.048
     35        -0.010        -0.013        -0.034        -0.079        -0.040
     36        -0.012         0.058         0.027        -0.031         0.007
     37        -0.051        -0.043         0.039        -0.048        -0.121
     38         0.072         0.002        -0.014        -0.022         0.028
     39        -0.042        -0.011        -0.043        -0.030         0.050
     40         0.032        -0.028         0.029        -0.028        -0.061
     41        -0.041        -0.097         0.043        -0.075         0.061
     42        -0.019         0.041        -0.012         0.008        -0.050
     43         0.009         0.012         0.021         0.042        -0.050
     44         0.367        -0.134        -0.103         0.008         0.059
     45        -0.629         0.005         0.009        -0.063         0.116
     46         0.004        -0.671        -0.098        -0.027         0.037
     47         0.003        -0.096        -0.653        -0.026        -0.014
     48        -0.070        -0.025        -0.019        -0.400        -0.082
     49         0.091         0.014        -0.011        -0.081        -0.597
     50         0.051         0.008        -0.006        -0.063        -0.010
     51         0.014         0.081         0.018         0.086         0.069
     52         0.042         0.068        -0.076         0.021        -0.038
     53        -0.003         0.007        -0.018        -0.041        -0.009
     54         0.011        -0.036         0.022        -0.020         0.008
     55         0.053         0.004        -0.006         0.003        -0.142
     56        -0.001        -0.022        -0.034        -0.075        -0.021
     57         0.008         0.027        -0.013        -0.030        -0.001
     58         0.017         0.015        -0.030         0.024         0.020
     59         0.028         0.027         0.024         0.077         0.035
     60         0.000        -0.037        -0.003         0.012        -0.037
     61        -0.008         0.051         0.001         0.032         0.103
     62        -0.042        -0.020         0.020         0.017        -0.021
     63         0.035         0.006        -0.029         0.002         0.045
     64         0.051         0.013        -0.029         0.002         0.007
     65        -0.022        -0.013         0.028         0.001        -0.002
     66         0.035         0.055        -0.015        -0.007        -0.028
     67        -0.042        -0.073         0.024        -0.019         0.059
     68        -0.010        -0.003         0.006        -0.051         0.047
     69        -0.203         0.047         0.075        -0.019        -0.031
     70         0.340         0.010        -0.012         0.007        -0.098
     71         0.021         0.329         0.044         0.009        -0.021
     72        -0.015         0.054         0.377         0.005         0.012
     73         0.006         0.014         0.000         0.607         0.005
     74        -0.075        -0.043        -0.002         0.009         0.302
     75        -0.031         0.002        -0.032         0.031         0.019
     76        -0.038        -0.051        -0.044        -0.031        -0.021
     77        -0.020        -0.009         0.045         0.006         0.025
     78        -0.006        -0.011        -0.057         0.030         0.020
     79         0.012         0.051        -0.023         0.014        -0.018
     80        -0.010         0.031         0.026        -0.011         0.034
     81        -0.013         0.031         0.009        -0.010         0.000
     82        -0.013         0.025         0.003        -0.012         0.036
     83        -0.008         0.019         0.004        -0.017        -0.035
     84         0.001         0.013        -0.007        -0.027        -0.059
     85        -0.040        -0.017         0.042        -0.008         0.026
     86        -0.005        -0.022        -0.016        -0.017        -0.027
     87         0.031        -0.029        -0.026        -0.012         0.021
     88        -0.027         0.004         0.029        -0.023        -0.005
     89         0.050         0.022         0.000         0.035        -0.007
     90         0.006         0.007         0.022        -0.014        -0.001
     91        -0.027        -0.007         0.022        -0.021         0.012
     92         0.066         0.002        -0.004         0.000        -0.032
     93        -0.034        -0.051         0.050        -0.031         0.017
     94        -0.015         0.058         0.006        -0.003        -0.040
     95        -0.012         0.007         0.012         0.042        -0.024
     96         0.227        -0.068        -0.080         0.035         0.046
     97        -0.420         0.007         0.005        -0.043         0.084
     98        -0.012        -0.375        -0.044        -0.028         0.041
     99         0.008        -0.068        -0.516        -0.009        -0.001
    100        -0.036        -0.017        -0.004        -0.593        -0.034
    101         0.042         0.034         0.011        -0.061        -0.363
    102         0.032         0.009         0.017        -0.054        -0.016
    103         0.051         0.066         0.006         0.067         0.034
    104         0.045         0.024        -0.076         0.016        -0.024
    105        -0.011         0.000         0.005        -0.010        -0.016
    106         0.029        -0.033         0.053        -0.003        -0.005
    107         0.015        -0.022        -0.017        -0.011        -0.062
    108         0.036        -0.010        -0.013         0.009        -0.017
    109         0.026        -0.013        -0.019         0.001        -0.007
    110         0.034         0.006        -0.027         0.039         0.022
    111         0.043         0.004         0.012         0.056         0.021
    112        -0.001         0.002        -0.018        -0.015        -0.018
    113         0.018         0.019         0.001         0.036         0.022
    114        -0.046         0.018         0.039        -0.002        -0.002
    115         0.007         0.019        -0.023         0.033        -0.021
    116        -0.042        -0.024         0.000        -0.041        -0.002
    117         0.057         0.032         0.031         0.044        -0.001
    118        -0.030        -0.023         0.002        -0.016        -0.005
    119        -0.011        -0.008        -0.020         0.008        -0.005
    120         0.004         0.000        -0.030         0.023        -0.006


           ESTIMATED CORRELATION MATRIX FOR PARAMETER ESTIMATES
                 26            27            28            29            30
              ________      ________      ________      ________      ________
     26         1.000
     27        -0.167         1.000
     28        -0.043         0.119         1.000
     29         0.072         0.017        -0.024         1.000
     30         0.018        -0.005        -0.053         0.574         1.000
     31        -0.073        -0.002         0.183        -0.027        -0.075
     32         0.034         0.066         0.038         0.069         0.060
     33         0.019         0.068         0.035         0.022         0.067
     34        -0.053         0.033        -0.027         0.017        -0.025
     35        -0.023         0.055        -0.115         0.013         0.025
     36         0.028         0.459        -0.103        -0.009         0.010
     37        -0.005         0.044         0.009        -0.114         0.038
     38         0.023        -0.215        -0.367         0.049         0.030
     39        -0.007         0.161         0.036        -0.061         0.020
     40         0.016         0.065        -0.011        -0.037        -0.023
     41        -0.093         0.079         0.064        -0.045        -0.056
     42         0.019        -0.045         0.052        -0.032        -0.011
     43         0.035        -0.071         0.095        -0.023        -0.052
     44        -0.017        -0.017        -0.004         0.005         0.014
     45         0.068         0.007         0.036        -0.007         0.013
     46         0.010         0.060         0.071         0.017        -0.039
     47        -0.015         0.017        -0.065         0.001         0.036
     48        -0.058         0.061         0.015        -0.044        -0.024
     49        -0.021         0.028        -0.032        -0.015         0.004
     50        -0.659         0.102         0.016        -0.041        -0.012
     51         0.130        -0.626        -0.090         0.001         0.037
     52         0.013        -0.059        -0.650         0.029         0.066
     53        -0.034         0.010         0.010        -0.635        -0.337
     54        -0.008         0.053         0.060        -0.362        -0.641
     55         0.048         0.002        -0.106         0.004         0.056
     56        -0.040        -0.008         0.021        -0.061        -0.027
     57         0.019        -0.050        -0.001         0.017        -0.001
     58         0.048        -0.048         0.016        -0.012         0.029
     59         0.033        -0.016         0.074        -0.010        -0.006
     60        -0.035        -0.225         0.119        -0.010        -0.002
     61         0.027        -0.003        -0.013         0.097        -0.035
     62        -0.020         0.154         0.254        -0.012        -0.002
     63         0.042        -0.018        -0.063         0.033         0.051
     64        -0.014        -0.054        -0.069         0.034         0.036
     65        -0.012        -0.022         0.018        -0.038        -0.057
     66         0.049        -0.043        -0.061         0.028         0.024
     67        -0.025         0.025        -0.059         0.029         0.022
     68        -0.007         0.023        -0.080         0.024         0.052
     69         0.018         0.000         0.010         0.008        -0.027
     70        -0.016        -0.009        -0.022        -0.011         0.017
     71         0.021        -0.049        -0.036        -0.012         0.064
     72        -0.047        -0.039         0.051        -0.064        -0.029
     73         0.004        -0.012        -0.008         0.025         0.017
     74         0.025        -0.027         0.019         0.005        -0.005
     75         0.299        -0.064        -0.022        -0.013         0.012
     76        -0.080         0.261         0.043        -0.008        -0.061
     77        -0.037         0.034         0.352         0.026        -0.018
     78        -0.021        -0.008         0.009         0.304         0.196
     79        -0.027        -0.013         0.003         0.168         0.336
     80        -0.013        -0.010         0.093         0.022        -0.006
     81        -0.020         0.004         0.027         0.024         0.026
     82         0.005         0.005         0.010         0.022         0.012
     83        -0.072         0.003         0.035        -0.002        -0.025
     84        -0.030         0.010        -0.021        -0.010         0.006
     85         0.016         0.062        -0.067        -0.050        -0.053
     86        -0.018         0.013        -0.020        -0.028        -0.008
     87         0.002        -0.107        -0.155        -0.011        -0.015
     88        -0.048        -0.003         0.074        -0.049        -0.078
     89         0.034        -0.002        -0.044         0.063         0.115
     90        -0.045        -0.003         0.085        -0.043        -0.038
     91        -0.026         0.035         0.084        -0.071        -0.062
     92         0.025         0.013        -0.006         0.013         0.050
     93        -0.083         0.044         0.091        -0.047        -0.048
     94         0.004        -0.022         0.097        -0.064        -0.077
     95         0.041        -0.023         0.033        -0.015        -0.040
     96         0.007         0.003        -0.038         0.047         0.092
     97         0.042         0.011         0.026         0.006        -0.019
     98        -0.021         0.050         0.062        -0.014        -0.100
     99         0.024         0.015        -0.099         0.064         0.073
    100        -0.030         0.032         0.014        -0.033        -0.029
    101        -0.043         0.042         0.009        -0.036        -0.021
    102        -0.407         0.075         0.061        -0.027        -0.044
    103         0.105        -0.268        -0.064         0.051         0.134
    104         0.051        -0.033        -0.424         0.038         0.079
    105         0.036         0.017        -0.070        -0.199        -0.114
    106         0.014         0.049         0.027        -0.180        -0.314
    107        -0.015         0.009        -0.024        -0.036        -0.012
    108         0.027         0.001        -0.033         0.017         0.057
    109         0.032        -0.032        -0.033         0.006         0.002
    110         0.070        -0.014        -0.050         0.027         0.081
    111         0.054         0.001         0.017         0.025         0.063
    112        -0.030        -0.084         0.084         0.000        -0.016
    113         0.056         0.000        -0.070         0.071         0.061
    114        -0.036         0.106         0.229        -0.038        -0.046
    115         0.058         0.042        -0.007         0.071         0.115
    116        -0.031        -0.010         0.033        -0.063        -0.107
    117         0.020        -0.001        -0.040         0.052         0.104
    118        -0.036         0.003         0.044        -0.058        -0.086
    119         0.036         0.012        -0.062         0.031         0.015
    120         0.051        -0.002        -0.081         0.054         0.070


           ESTIMATED CORRELATION MATRIX FOR PARAMETER ESTIMATES
                 31            32            33            34            35
              ________      ________      ________      ________      ________
     31         1.000
     32         0.005         1.000
     33        -0.029         0.331         1.000
     34        -0.003        -0.187         0.043         1.000
     35         0.076        -0.032        -0.012         0.217         1.000
     36         0.020        -0.039        -0.069         0.007         0.039
     37         0.012         0.026         0.054        -0.022        -0.075
     38        -0.115        -0.060        -0.062        -0.030        -0.029
     39         0.060        -0.059        -0.006         0.033        -0.004
     40        -0.036         0.067         0.017        -0.031        -0.024
     41         0.015        -0.071         0.017         0.126         0.058
     42        -0.021        -0.009         0.027        -0.006        -0.001
     43        -0.014        -0.080         0.035         0.024        -0.017
     44        -0.068         0.037         0.039        -0.063        -0.052
     45         0.059         0.004         0.001         0.013         0.037
     46         0.006        -0.023         0.039         0.012         0.016
     47        -0.002        -0.030        -0.006        -0.027         0.018
     48        -0.004        -0.075        -0.021         0.024         0.069
     49        -0.137        -0.016         0.018         0.022         0.019
     50         0.046        -0.029         0.019         0.050         0.036
     51         0.004        -0.013        -0.061        -0.044        -0.027
     52        -0.124         0.025         0.004         0.016         0.080
     53        -0.007        -0.073         0.001        -0.004         0.000
     54         0.058        -0.022        -0.003         0.024         0.013
     55        -0.666         0.003         0.018        -0.029        -0.062
     56         0.009        -0.674        -0.207         0.119         0.000
     57         0.021        -0.219        -0.601        -0.030         0.011
     58        -0.030         0.121        -0.042        -0.660        -0.155
     59        -0.058        -0.004         0.009        -0.150        -0.634
     60        -0.008         0.036         0.065         0.016         0.009
     61        -0.001         0.002        -0.058        -0.023         0.057
     62         0.080         0.055         0.049         0.012        -0.007
     63        -0.022         0.028        -0.025        -0.033         0.070
     64        -0.051         0.040        -0.016         0.018         0.068
     65         0.007        -0.041        -0.015         0.010        -0.015
     66        -0.004         0.021        -0.003        -0.044         0.029
     67        -0.027         0.028         0.012         0.035         0.004
     68        -0.027         0.098        -0.015        -0.002         0.040
     69         0.024        -0.033        -0.043         0.027         0.021
     70        -0.004         0.000        -0.003         0.019         0.025
     71         0.029         0.046         0.029        -0.006         0.063
     72         0.022        -0.004         0.014        -0.011        -0.032
     73        -0.013        -0.002         0.001        -0.010        -0.016
     74         0.041         0.022         0.024        -0.030        -0.036
     75        -0.007        -0.004         0.001        -0.054        -0.021
     76        -0.005        -0.022        -0.008        -0.010        -0.020
     77         0.094        -0.007        -0.007         0.003        -0.049
     78         0.018         0.056         0.001        -0.007        -0.002
     79         0.012         0.036        -0.004        -0.004        -0.014
     80         0.337        -0.014         0.017         0.015         0.020
     81         0.003         0.315         0.119        -0.056        -0.033
     82         0.018         0.099         0.314         0.004         0.023
     83         0.029        -0.065         0.024         0.344         0.050
     84         0.037        -0.012         0.032         0.078         0.289
     85        -0.018        -0.036        -0.045        -0.046         0.010
     86         0.006        -0.009         0.002         0.003        -0.062
     87        -0.056        -0.028        -0.036         0.017         0.000
     88         0.026        -0.033         0.039         0.006        -0.079
     89        -0.013         0.036         0.012         0.001         0.088
     90         0.031        -0.003         0.048        -0.018        -0.042
     91         0.041        -0.043         0.033        -0.021        -0.087
     92        -0.013         0.060         0.013        -0.022         0.013
     93         0.031        -0.042         0.042         0.050        -0.018
     94         0.028        -0.033        -0.004        -0.030        -0.061
     95        -0.002        -0.089        -0.015         0.021        -0.007
     96        -0.044         0.072         0.028        -0.044        -0.007
     97         0.024        -0.016        -0.007        -0.002         0.017
     98        -0.008        -0.051         0.001         0.015        -0.078
     99        -0.032        -0.004        -0.031        -0.012         0.043
    100         0.013        -0.036        -0.017         0.015         0.039
    101        -0.053        -0.037         0.018         0.031        -0.012
    102         0.031        -0.007         0.040         0.043        -0.004
    103        -0.005         0.036        -0.010        -0.011         0.055
    104        -0.102         0.040        -0.001         0.015         0.097
    105        -0.028        -0.040        -0.048         0.010         0.022
    106         0.027        -0.003         0.009        -0.009         0.060
    107        -0.348        -0.011         0.010        -0.018        -0.077
    108        -0.018        -0.246        -0.094         0.054         0.068
    109        -0.019        -0.133        -0.413        -0.010         0.024
    110        -0.029         0.078        -0.035        -0.315        -0.008
    111        -0.054         0.024        -0.002        -0.087        -0.299
    112         0.013        -0.001         0.037         0.030        -0.053
    113        -0.029         0.016        -0.037         0.013         0.107
    114         0.078         0.019         0.040        -0.029        -0.072
    115        -0.003         0.107         0.013        -0.023         0.088
    116        -0.009        -0.072         0.000         0.020        -0.090
    117        -0.004         0.055         0.008        -0.006         0.062
    118         0.012        -0.003         0.001        -0.008        -0.088
    119        -0.029         0.016        -0.038         0.016         0.029
    120        -0.038         0.008        -0.036         0.017         0.054


           ESTIMATED CORRELATION MATRIX FOR PARAMETER ESTIMATES
                 36            37            38            39            40
              ________      ________      ________      ________      ________
     36         1.000
     37         0.042         1.000
     38         0.034        -0.003         1.000
     39         0.054        -0.043        -0.064         1.000
     40        -0.097        -0.029        -0.012        -0.193         1.000
     41        -0.224        -0.024         0.029         0.159        -0.053
     42        -0.020        -0.043         0.018        -0.062         0.037
     43         0.012         0.036         0.034        -0.079         0.024
     44         0.030         0.055         0.015        -0.047         0.073
     45         0.004        -0.020        -0.039         0.071        -0.059
     46        -0.043         0.062        -0.021         0.006         0.062
     47        -0.021         0.009         0.014         0.043        -0.052
     48         0.004         0.042         0.009         0.047         0.043
     49        -0.047         0.090        -0.025        -0.098         0.105
     50        -0.025         0.030        -0.023         0.021        -0.027
     51        -0.223        -0.012         0.186        -0.255        -0.123
     52         0.124        -0.005         0.248        -0.070         0.011
     53         0.009         0.096        -0.003         0.073         0.063
     54         0.018        -0.051        -0.009        -0.031         0.007
     55        -0.006        -0.005         0.066        -0.118         0.039
     56         0.037         0.006         0.055         0.076        -0.077
     57         0.068        -0.055         0.054        -0.023        -0.064
     58         0.015        -0.004         0.019        -0.077         0.038
     59         0.015         0.066        -0.010         0.016         0.031
     60        -0.651         0.007        -0.055        -0.085         0.168
     61         0.011        -0.594         0.008         0.068         0.013
     62        -0.061         0.005        -0.710         0.090         0.042
     63        -0.005         0.025        -0.047         0.005        -0.014
     64        -0.006         0.003         0.033        -0.268         0.031
     65         0.044        -0.016         0.021         0.085        -0.279
     66         0.152         0.009         0.003        -0.053         0.017
     67        -0.005         0.036        -0.014         0.001        -0.004
     68        -0.035        -0.002        -0.025         0.025        -0.024
     69         0.021        -0.014         0.004         0.007        -0.032
     70        -0.032         0.014         0.024        -0.037         0.026
     71        -0.017        -0.020        -0.042        -0.002        -0.009
     72         0.032        -0.010        -0.022        -0.030        -0.016
     73        -0.003         0.000        -0.010        -0.005         0.000
     74         0.000        -0.057         0.003         0.010        -0.030
     75        -0.006        -0.015        -0.007         0.005         0.002
     76         0.093        -0.011        -0.083         0.074         0.020
     77        -0.063        -0.042        -0.152         0.042         0.008
     78        -0.054        -0.027         0.007        -0.016        -0.005
     79        -0.031        -0.001         0.024        -0.012         0.027
     80        -0.014        -0.001        -0.039         0.059        -0.001
     81        -0.029        -0.013         0.002        -0.008         0.052
     82        -0.028        -0.002        -0.044         0.024         0.007
     83        -0.021        -0.019         0.028        -0.005         0.009
     84         0.008        -0.082         0.029        -0.030        -0.017
     85         0.324         0.027         0.030        -0.026        -0.031
     86         0.020         0.134         0.015        -0.004         0.008
     87         0.029         0.007         0.498        -0.053        -0.007
     88        -0.026        -0.027         0.035        -0.007         0.012
     89         0.011         0.026        -0.052        -0.015        -0.014
     90        -0.031         0.006        -0.004        -0.009         0.013
     91        -0.011        -0.024        -0.009         0.297        -0.034
     92        -0.081        -0.001        -0.045        -0.137         0.538
     93        -0.149        -0.015         0.008         0.070        -0.022
     94        -0.020        -0.045         0.028        -0.019         0.024
     95         0.035         0.013         0.030        -0.028         0.009
     96         0.019         0.043        -0.016        -0.040         0.041
     97         0.031        -0.020        -0.023         0.056        -0.050
     98        -0.006         0.007         0.046         0.020         0.040
     99        -0.019         0.017         0.031         0.016        -0.007
    100         0.002         0.013         0.005         0.025         0.016
    101        -0.025         0.053         0.021        -0.046         0.069
    102        -0.020         0.022         0.008        -0.005        -0.022
    103        -0.097         0.028         0.057        -0.141        -0.040
    104         0.071         0.015         0.152        -0.055        -0.007
    105         0.063         0.015         0.004         0.033         0.003
    106         0.047         0.003        -0.057        -0.002        -0.009
    107        -0.010        -0.003         0.054        -0.068         0.028
    108         0.033         0.021        -0.020         0.014        -0.052
    109         0.044        -0.024         0.040        -0.024        -0.020
    110         0.034         0.034        -0.046        -0.030        -0.006
    111         0.018         0.093        -0.060         0.034         0.017
    112        -0.351        -0.017         0.002        -0.031         0.083
    113         0.030        -0.186        -0.026         0.021        -0.006
    114        -0.041        -0.012        -0.469         0.073         0.040
    115         0.062         0.031        -0.063        -0.012        -0.004
    116        -0.025        -0.045         0.074         0.026         0.013
    117         0.009         0.029        -0.066        -0.050        -0.003
    118        -0.028         0.007         0.035        -0.004         0.021
    119         0.036        -0.006         0.006         0.003        -0.014
    120         0.022         0.013        -0.001         0.012        -0.012


           ESTIMATED CORRELATION MATRIX FOR PARAMETER ESTIMATES
                 41            42            43            44            45
              ________      ________      ________      ________      ________
     41         1.000
     42         0.043         1.000
     43         0.026         0.396         1.000
     44         0.011        -0.128        -0.052         1.000
     45         0.084         0.004        -0.055        -0.593         1.000
     46         0.114        -0.030         0.001         0.254        -0.067
     47        -0.047         0.015         0.013         0.123        -0.024
     48         0.086        -0.026        -0.064        -0.003         0.065
     49        -0.057         0.094         0.068        -0.111        -0.107
     50         0.116        -0.022        -0.012         0.029        -0.107
     51        -0.142         0.088         0.133         0.011         0.004
     52        -0.104        -0.077        -0.075         0.029        -0.048
     53         0.030         0.042        -0.002        -0.019        -0.019
     54         0.029        -0.001         0.004        -0.046        -0.014
     55        -0.036         0.026         0.057         0.097        -0.113
     56         0.064         0.004         0.121        -0.037         0.003
     57        -0.022        -0.055        -0.055        -0.031        -0.023
     58        -0.155         0.012        -0.036         0.085        -0.015
     59        -0.089         0.030         0.010         0.103        -0.083
     60         0.342         0.060         0.020        -0.059        -0.004
     61         0.008         0.046        -0.029        -0.058         0.000
     62        -0.055        -0.021        -0.062        -0.016         0.034
     63        -0.079        -0.033        -0.085         0.060        -0.056
     64        -0.083         0.001        -0.011         0.025        -0.052
     65         0.056         0.023         0.021        -0.049         0.051
     66        -0.370        -0.002        -0.012        -0.006         0.000
     67        -0.003        -0.312        -0.146         0.051         0.020
     68        -0.012        -0.144        -0.330         0.055         0.010
     69        -0.002         0.056         0.047        -0.317         0.190
     70        -0.009         0.022         0.022         0.177        -0.284
     71        -0.101         0.021        -0.058        -0.042         0.014
     72         0.042         0.005         0.018        -0.055         0.005
     73        -0.013        -0.002         0.028         0.012         0.000
     74         0.014        -0.041        -0.040         0.066         0.050
     75        -0.022         0.006         0.011        -0.032         0.052
     76         0.056        -0.023        -0.023        -0.029         0.029
     77         0.066         0.052         0.069        -0.031         0.018
     78        -0.038        -0.024        -0.005         0.019        -0.013
     79        -0.002        -0.010        -0.010        -0.005         0.007
     80         0.005         0.001         0.014        -0.036         0.033
     81        -0.011        -0.030        -0.045         0.003         0.033
     82        -0.002         0.003         0.003         0.001         0.004
     83         0.089         0.015         0.046        -0.038         0.016
     84         0.040        -0.005        -0.022        -0.041         0.016
     85        -0.174         0.004         0.003         0.006         0.013
     86         0.007        -0.036        -0.013        -0.034         0.037
     87         0.006         0.016         0.020         0.020        -0.041
     88         0.074         0.017         0.061        -0.038         0.047
     89        -0.114        -0.012        -0.062         0.041        -0.106
     90         0.028         0.010         0.054        -0.001        -0.013
     91         0.105        -0.013         0.030        -0.025         0.039
     92        -0.082         0.009        -0.007         0.072        -0.098
     93         0.521         0.010         0.052        -0.004         0.032
     94         0.062         0.502         0.243        -0.108         0.037
     95         0.012         0.200         0.483        -0.055        -0.002
     96        -0.060        -0.099        -0.077         0.517        -0.324
     97         0.066        -0.011        -0.033        -0.323         0.543
     98         0.131        -0.029         0.049         0.113        -0.002
     99        -0.079        -0.017        -0.023         0.098        -0.013
    100         0.039        -0.015        -0.055        -0.010         0.025
    101         0.009         0.058         0.057        -0.088        -0.027
    102         0.073        -0.015         0.015         0.025        -0.064
    103        -0.145         0.057         0.032         0.031        -0.070
    104        -0.101        -0.063        -0.092         0.035        -0.050
    105        -0.012         0.021        -0.040        -0.030         0.020
    106        -0.066         0.019         0.005        -0.004        -0.075
    107         0.031         0.021         0.060         0.037        -0.034
    108        -0.056         0.006         0.012         0.006        -0.073
    109        -0.030        -0.018        -0.038         0.000        -0.021
    110        -0.151        -0.011        -0.067         0.069        -0.065
    111        -0.109         0.013        -0.016         0.080        -0.090
    112         0.229         0.029         0.051        -0.038         0.046
    113        -0.069         0.013        -0.063         0.018        -0.056
    114         0.012        -0.016        -0.005        -0.025         0.060
    115        -0.095        -0.003        -0.043         0.055        -0.072
    116         0.117         0.018         0.064        -0.049         0.101
    117        -0.117         0.011        -0.064         0.025        -0.105
    118         0.097         0.035         0.069        -0.046         0.077
    119        -0.013        -0.008        -0.063         0.002         0.026
    120        -0.054        -0.004        -0.042         0.004        -0.014


           ESTIMATED CORRELATION MATRIX FOR PARAMETER ESTIMATES
                 46            47            48            49            50
              ________      ________      ________      ________      ________
     46         1.000
     47         0.147         1.000
     48         0.010         0.020         1.000
     49        -0.018         0.006         0.111         1.000
     50        -0.006         0.040         0.058         0.004         1.000
     51        -0.121         0.032        -0.139        -0.125        -0.170
     52        -0.075         0.132        -0.033         0.039        -0.009
     53        -0.031         0.015         0.035         0.022        -0.013
     54         0.024        -0.005         0.023         0.018        -0.051
     55         0.009        -0.009        -0.008         0.220        -0.029
     56         0.087         0.032         0.096         0.019         0.049
     57         0.004         0.004         0.040        -0.022        -0.057
     58        -0.080        -0.002        -0.032        -0.028        -0.057
     59         0.007        -0.012        -0.108        -0.053        -0.021
     60         0.053         0.043        -0.022         0.066         0.045
     61        -0.051        -0.021        -0.054        -0.154        -0.018
     62         0.056        -0.045        -0.012         0.031         0.002
     63         0.000        -0.023        -0.005         0.003        -0.034
     64        -0.026        -0.030        -0.010         0.010        -0.004
     65        -0.015        -0.016         0.007        -0.013         0.013
     66        -0.070         0.018        -0.011         0.018        -0.056
     67         0.036         0.004         0.002        -0.010        -0.012
     68        -0.019         0.005         0.021        -0.030         0.008
     69        -0.075        -0.051         0.008         0.046        -0.017
     70         0.034         0.000        -0.006         0.059         0.016
     71        -0.296        -0.055        -0.002         0.052        -0.036
     72        -0.048        -0.310        -0.003         0.003         0.055
     73        -0.001        -0.001        -0.155         0.008        -0.014
     74         0.051         0.000        -0.020        -0.276         0.007
     75        -0.016         0.025        -0.010         0.008        -0.314
     76         0.053         0.056         0.012         0.040         0.051
     77         0.025        -0.055         0.009         0.001         0.027
     78         0.003         0.033        -0.002         0.002        -0.006
     79         0.001         0.021        -0.002         0.014         0.008
     80        -0.028         0.008         0.008        -0.034         0.028
     81        -0.029         0.020        -0.007        -0.020         0.020
     82         0.004        -0.006        -0.008         0.001        -0.011
     83        -0.017         0.025         0.007         0.010         0.051
     84        -0.023         0.023         0.012         0.054         0.030
     85        -0.004        -0.042        -0.001         0.023        -0.031
     86        -0.013         0.007         0.020         0.044        -0.015
     87         0.001         0.028         0.008        -0.018        -0.014
     88         0.016         0.022         0.013        -0.007         0.040
     89        -0.009        -0.062        -0.033         0.014        -0.039
     90         0.040         0.015        -0.001        -0.009         0.036
     91         0.044         0.030         0.023        -0.042         0.038
     92         0.049        -0.014        -0.003         0.053        -0.046
     93         0.094        -0.038         0.041        -0.026         0.078
     94        -0.030         0.016         0.004         0.025         0.008
     95        -0.020        -0.013        -0.027         0.033        -0.032
     96         0.143         0.052        -0.025        -0.059         0.000
     97        -0.061        -0.008         0.047        -0.060        -0.062
     98         0.501         0.095         0.013        -0.056         0.038
     99         0.079         0.652         0.008        -0.002        -0.023
    100        -0.001        -0.001         0.677         0.044         0.031
    101        -0.038         0.021         0.070         0.526         0.015
    102         0.027         0.018         0.030        -0.008         0.536
    103        -0.087        -0.035        -0.075        -0.066        -0.114
    104        -0.050         0.067        -0.024         0.022        -0.050
    105        -0.051        -0.027         0.015         0.026        -0.034
    106         0.005        -0.076        -0.009         0.016        -0.040
    107         0.040         0.034         0.003         0.083         0.003
    108         0.022        -0.042         0.007         0.028        -0.031
    109        -0.013         0.003         0.021        -0.025        -0.048
    110        -0.026        -0.020        -0.030        -0.011        -0.056
    111         0.023        -0.046        -0.061        -0.025        -0.034
    112         0.007         0.072         0.012        -0.004         0.039
    113        -0.024        -0.043        -0.035        -0.042        -0.041
    114         0.049        -0.008         0.000         0.007         0.031
    115        -0.001        -0.037        -0.022        -0.001        -0.034
    116         0.007         0.067         0.033         0.010         0.031
    117        -0.019        -0.112        -0.046         0.012        -0.027
    118         0.011         0.050         0.003        -0.005         0.015
    119        -0.040        -0.014         0.005         0.007        -0.035
    120        -0.028        -0.006        -0.014         0.019        -0.049


           ESTIMATED CORRELATION MATRIX FOR PARAMETER ESTIMATES
                 51            52            53            54            55
              ________      ________      ________      ________      ________
     51         1.000
     52         0.160         1.000
     53         0.005        -0.022         1.000
     54        -0.055        -0.059         0.553         1.000
     55         0.022         0.211         0.006        -0.067         1.000
     56         0.035        -0.018         0.049         0.032        -0.024
     57         0.100         0.007        -0.051         0.006        -0.020
     58         0.067        -0.035        -0.033        -0.087         0.056
     59         0.038        -0.118         0.016        -0.010         0.080
     60         0.319        -0.172        -0.003        -0.025         0.004
     61         0.019         0.008        -0.177         0.069         0.030
     62        -0.266        -0.374         0.019         0.001        -0.130
     63         0.013         0.047        -0.065        -0.065         0.043
     64         0.079         0.055        -0.038        -0.016         0.068
     65        -0.022        -0.007         0.028         0.037        -0.018
     66         0.059         0.070        -0.040        -0.019        -0.012
     67        -0.018         0.050        -0.031        -0.027         0.004
     68        -0.033         0.068        -0.008        -0.042         0.009
     69        -0.006        -0.022         0.021         0.027        -0.031
     70         0.022         0.016        -0.005        -0.011         0.024
     71         0.058         0.045        -0.012        -0.029        -0.013
     72         0.041        -0.062         0.046         0.010         0.003
     73         0.001         0.011        -0.003        -0.001         0.013
     74         0.031        -0.001        -0.009        -0.006        -0.029
     75         0.060         0.010         0.011         0.005         0.026
     76        -0.285        -0.052         0.019         0.065        -0.006
     77        -0.048        -0.323        -0.033         0.034        -0.057
     78         0.022        -0.007        -0.273        -0.168         0.012
     79         0.029         0.028        -0.127        -0.278         0.019
     80         0.001        -0.067         0.012         0.031        -0.285
     81        -0.005         0.008        -0.006         0.005        -0.019
     82        -0.022         0.004        -0.027         0.007        -0.012
     83        -0.011        -0.030         0.030         0.036        -0.029
     84         0.002         0.031         0.005        -0.003        -0.049
     85        -0.064         0.073         0.029         0.037         0.012
     86        -0.012         0.011         0.068         0.024        -0.029
     87         0.115         0.139         0.028         0.017         0.048
     88        -0.006        -0.058         0.080         0.098        -0.049
     89         0.023         0.041        -0.073        -0.087         0.049
     90         0.000        -0.062         0.050         0.061        -0.023
     91        -0.089        -0.078         0.084         0.066        -0.076
     92         0.007         0.009        -0.012        -0.037         0.047
     93        -0.087        -0.097         0.047         0.048        -0.015
     94         0.040        -0.092         0.091         0.084        -0.015
     95         0.057        -0.022        -0.013         0.008         0.024
     96         0.006         0.037        -0.070        -0.089         0.073
     97        -0.011        -0.020        -0.011         0.010        -0.065
     98        -0.100        -0.071         0.028         0.063        -0.018
     99         0.002         0.128        -0.054        -0.061         0.017
    100        -0.064        -0.027         0.014         0.018        -0.014
    101        -0.089        -0.005         0.059         0.052         0.072
    102        -0.104        -0.059        -0.005         0.001        -0.043
    103         0.468         0.089        -0.050        -0.112         0.036
    104         0.078         0.513        -0.039        -0.103         0.112
    105        -0.013         0.048         0.262         0.130         0.004
    106        -0.039        -0.045         0.208         0.429        -0.028
    107        -0.008         0.052         0.024        -0.010         0.431
    108         0.019         0.015        -0.050        -0.071         0.044
    109         0.062         0.019        -0.015        -0.025         0.034
    110         0.048         0.039        -0.062        -0.094         0.065
    111         0.005        -0.035        -0.039        -0.057         0.099
    112         0.124        -0.111         0.019         0.016        -0.026
    113         0.022         0.063        -0.114        -0.059         0.051
    114        -0.158        -0.233         0.034         0.050        -0.088
    115         0.011         0.029        -0.064        -0.084         0.034
    116        -0.015        -0.035         0.072         0.095        -0.057
    117         0.013         0.030        -0.041        -0.083         0.055
    118        -0.009        -0.046         0.096         0.088        -0.041
    119        -0.005         0.048        -0.023        -0.035         0.010
    120         0.015         0.063        -0.066        -0.079         0.033


           ESTIMATED CORRELATION MATRIX FOR PARAMETER ESTIMATES
                 56            57            58            59            60
              ________      ________      ________      ________      ________
     56         1.000
     57         0.304         1.000
     58        -0.170         0.037         1.000
     59         0.000        -0.079         0.232         1.000
     60        -0.065        -0.084        -0.012        -0.037         1.000
     61         0.043         0.095        -0.065        -0.066        -0.032
     62        -0.123        -0.070        -0.042         0.014         0.113
     63         0.007         0.005        -0.011        -0.090        -0.028
     64        -0.009         0.013        -0.027        -0.057        -0.012
     65         0.049         0.010         0.021         0.012        -0.049
     66        -0.056        -0.005         0.058         0.009        -0.175
     67        -0.043        -0.011        -0.007        -0.009         0.019
     68        -0.081         0.010         0.017        -0.080         0.019
     69         0.014         0.001        -0.012        -0.041        -0.002
     70         0.024         0.005        -0.020         0.018         0.024
     71        -0.034         0.006         0.008        -0.077        -0.011
     72         0.010        -0.002         0.034         0.024        -0.018
     73        -0.003        -0.015         0.003         0.015        -0.002
     74        -0.019        -0.012         0.015         0.037        -0.003
     75         0.013         0.005         0.047         0.036        -0.007
     76        -0.017        -0.022        -0.006         0.030        -0.065
     77         0.026         0.030         0.003         0.057         0.067
     78        -0.041        -0.005         0.010        -0.015         0.031
     79        -0.023         0.029         0.026         0.022         0.035
     80        -0.003        -0.005        -0.005        -0.028         0.005
     81        -0.301        -0.088         0.054         0.020         0.005
     82        -0.086        -0.232        -0.011         0.013         0.013
     83         0.020        -0.024        -0.235        -0.032         0.028
     84         0.000         0.018        -0.060        -0.240         0.031
     85        -0.009         0.006         0.024         0.004        -0.321
     86        -0.011         0.006         0.020         0.021        -0.019
     87         0.047         0.026        -0.013        -0.014        -0.041
     88         0.006         0.015         0.012         0.100         0.023
     89        -0.026        -0.001        -0.017        -0.061        -0.018
     90        -0.008         0.024         0.015         0.074         0.026
     91         0.026         0.015         0.009         0.106        -0.011
     92        -0.077        -0.015         0.002        -0.005         0.126
     93         0.048         0.011        -0.078         0.007         0.194
     94         0.030        -0.002         0.019         0.066         0.022
     95         0.096        -0.045        -0.038         0.002        -0.010
     96        -0.052        -0.004         0.034         0.041        -0.021
     97         0.001        -0.013         0.009        -0.071        -0.018
     98         0.053         0.000        -0.041         0.102         0.012
     99         0.003         0.002        -0.002        -0.052         0.025
    100         0.044         0.033        -0.016        -0.061        -0.012
    101         0.039        -0.008        -0.027         0.003         0.027
    102        -0.004        -0.035        -0.028         0.016         0.031
    103         0.000         0.040         0.034        -0.043         0.136
    104        -0.043        -0.023        -0.025        -0.108        -0.095
    105         0.034        -0.028        -0.013        -0.052        -0.049
    106        -0.001        -0.009        -0.031        -0.040        -0.051
    107         0.004         0.030         0.036         0.112         0.025
    108         0.328         0.099        -0.068        -0.052        -0.026
    109         0.166         0.522         0.009        -0.071        -0.047
    110        -0.052         0.014         0.359         0.023        -0.026
    111        -0.010        -0.055         0.098         0.417        -0.040
    112         0.008        -0.025        -0.005         0.029         0.466
    113         0.015         0.021        -0.039        -0.088        -0.031
    114        -0.061        -0.027        -0.015         0.077         0.060
    115        -0.042         0.007         0.021        -0.074        -0.027
    116         0.037        -0.007        -0.009         0.065         0.019
    117        -0.049        -0.019        -0.007        -0.044        -0.016
    118        -0.005        -0.032         0.000         0.065         0.041
    119         0.001        -0.034        -0.013        -0.068        -0.025
    120         0.008        -0.021        -0.025        -0.072        -0.016


           ESTIMATED CORRELATION MATRIX FOR PARAMETER ESTIMATES
                 61            62            63            64            65
              ________      ________      ________      ________      ________
     61         1.000
     62        -0.011         1.000
     63         0.006         0.043         1.000
     64        -0.019        -0.040         0.368         1.000
     65         0.025        -0.038        -0.188        -0.166         1.000
     66         0.000         0.004         0.054         0.081         0.008
     67        -0.017         0.021         0.045        -0.016        -0.020
     68         0.003         0.028         0.241         0.050         0.002
     69        -0.014         0.008        -0.097        -0.043         0.122
     70         0.011        -0.034         0.056         0.108        -0.039
     71         0.003         0.015         0.409         0.197        -0.055
     72        -0.006         0.026        -0.181        -0.083         0.071
     73         0.004         0.015         0.047         0.020         0.014
     74         0.073        -0.004         0.120        -0.025         0.021
     75        -0.026         0.000        -0.004        -0.015        -0.029
     76        -0.003         0.108        -0.232        -0.302        -0.082
     77         0.033         0.136        -0.036        -0.084        -0.011
     78         0.066         0.007         0.106         0.071        -0.049
     79         0.002        -0.017        -0.353        -0.126        -0.035
     80        -0.018         0.040        -0.209        -0.225         0.020
     81         0.020         0.014        -0.413        -0.097         0.038
     82         0.030         0.035         0.018        -0.009        -0.045
     83         0.013        -0.030        -0.393        -0.124         0.088
     84         0.020        -0.042        -0.256        -0.027         0.043
     85        -0.016        -0.033         0.189        -0.032         0.119
     86        -0.303         0.007        -0.090         0.025         0.033
     87         0.016        -0.422        -0.044         0.085        -0.004
     88         0.016        -0.039        -0.801        -0.292         0.169
     89        -0.046         0.051         0.676         0.251        -0.159
     90        -0.015        -0.002        -0.460        -0.169         0.086
     91         0.036         0.027        -0.575        -0.573         0.175
     92        -0.012         0.067         0.219         0.142        -0.714
     93        -0.005        -0.029        -0.337        -0.185         0.076
     94         0.053        -0.044        -0.412        -0.128         0.112
     95        -0.008        -0.050         0.105         0.066        -0.036
     96        -0.039         0.021         0.390         0.131        -0.167
     97        -0.001         0.027        -0.073        -0.090         0.070
     98         0.009         0.004        -0.512        -0.229         0.092
     99         0.000        -0.034         0.206         0.087        -0.082
    100        -0.025        -0.009        -0.009        -0.008        -0.011
    101        -0.094        -0.012        -0.346        -0.080         0.049
    102        -0.003        -0.010        -0.314        -0.090         0.093
    103        -0.026        -0.102         0.493         0.319        -0.066
    104        -0.016        -0.163         0.396         0.194        -0.072
    105        -0.033        -0.003         0.311         0.092        -0.038
    106        -0.005         0.043         0.452         0.158        -0.046
    107         0.014        -0.068        -0.278        -0.020         0.063
    108        -0.025         0.001         0.651         0.204        -0.107
    109         0.048        -0.047         0.149         0.075         0.000
    110        -0.052         0.018         0.603         0.211        -0.137
    111        -0.054         0.069         0.458         0.105        -0.098
    112         0.019         0.005        -0.493        -0.113         0.010
    113         0.345         0.017         0.570         0.177        -0.119
    114         0.006         0.504        -0.333        -0.200         0.055
    115        -0.053         0.072         0.651         0.230        -0.151
    116         0.052        -0.071        -0.648        -0.238         0.155
    117        -0.055         0.064         0.550         0.212        -0.137
    118         0.000        -0.037        -0.759        -0.290         0.157
    119         0.016        -0.001         0.374         0.134        -0.063
    120        -0.008         0.008         0.486         0.168        -0.101


           ESTIMATED CORRELATION MATRIX FOR PARAMETER ESTIMATES
                 66            67            68            69            70
              ________      ________      ________      ________      ________
     66         1.000
     67         0.057         1.000
     68         0.030         0.408         1.000
     69         0.058        -0.149        -0.141         1.000
     70         0.060        -0.039        -0.029        -0.592         1.000
     71         0.081         0.012         0.104         0.141         0.017
     72        -0.052        -0.007        -0.048         0.154         0.001
     73        -0.006        -0.002        -0.087        -0.048         0.010
     74        -0.077         0.083         0.112        -0.130        -0.169
     75         0.017        -0.009        -0.020         0.020        -0.041
     76        -0.109         0.056         0.002         0.071        -0.057
     77        -0.069        -0.166        -0.177         0.043        -0.061
     78         0.053        -0.017        -0.004         0.057        -0.052
     79        -0.019        -0.061        -0.089         0.039        -0.037
     80        -0.004        -0.054        -0.052         0.105        -0.053
     81        -0.047        -0.017         0.033        -0.090         0.019
     82         0.020        -0.058        -0.090        -0.049        -0.015
     83        -0.073        -0.013        -0.125         0.123        -0.028
     84         0.001         0.056        -0.076         0.069         0.002
     85         0.385         0.081         0.015         0.061        -0.097
     86         0.003         0.063        -0.018         0.008        -0.074
     87        -0.017         0.027         0.018        -0.004         0.089
     88        -0.072        -0.055        -0.206         0.083        -0.035
     89         0.050         0.014         0.166        -0.061         0.006
     90        -0.050        -0.055        -0.142         0.057        -0.008
     91        -0.092        -0.029        -0.142         0.058        -0.048
     92         0.022         0.016         0.007        -0.097         0.042
     93        -0.642        -0.062        -0.108        -0.003        -0.037
     94        -0.065        -0.630        -0.359         0.142         0.023
     95         0.002        -0.230        -0.574         0.066         0.014
     96        -0.012         0.112         0.180        -0.645         0.364
     97        -0.034         0.042         0.010         0.440        -0.722
     98        -0.090        -0.011        -0.132        -0.077        -0.001
     99         0.074         0.045         0.081        -0.108        -0.017
    100        -0.003         0.007         0.080         0.037        -0.013
    101         0.025        -0.041        -0.121         0.109         0.101
    102        -0.067        -0.037        -0.083         0.023         0.017
    103         0.092        -0.037         0.075        -0.065         0.041
    104         0.105         0.135         0.224        -0.070         0.056
    105         0.025         0.048         0.101        -0.052         0.029
    106         0.041         0.014         0.083        -0.023         0.035
    107        -0.036         0.012        -0.090        -0.022         0.029
    108         0.039         0.010         0.085        -0.006         0.003
    109         0.006         0.042         0.124         0.013         0.011
    110         0.087         0.017         0.158        -0.095         0.012
    111         0.041        -0.020         0.098        -0.089         0.011
    112        -0.270        -0.051        -0.110         0.003         0.041
    113         0.052         0.008         0.149        -0.061         0.028
    114        -0.024        -0.025        -0.100         0.035        -0.065
    115         0.084         0.021         0.184        -0.078         0.037
    116        -0.083        -0.013        -0.166         0.072        -0.031
    117         0.072         0.004         0.140        -0.045         0.028
    118        -0.033        -0.030        -0.200         0.086        -0.013
    119         0.038         0.048         0.105        -0.033         0.011
    120         0.051         0.041         0.142        -0.058         0.000


           ESTIMATED CORRELATION MATRIX FOR PARAMETER ESTIMATES
                 71            72            73            74            75
              ________      ________      ________      ________      ________
     71         1.000
     72         0.095         1.000
     73         0.037         0.002         1.000
     74        -0.017        -0.013         0.009         1.000
     75        -0.015         0.003         0.025        -0.018         1.000
     76        -0.183         0.004        -0.064        -0.097        -0.156
     77         0.020         0.105        -0.020        -0.004        -0.001
     78         0.099        -0.002         0.022         0.004         0.013
     79        -0.055         0.082         0.012        -0.054        -0.029
     80        -0.002         0.058        -0.032         0.118         0.027
     81        -0.147         0.097        -0.034        -0.031         0.010
     82         0.073         0.028         0.005         0.038         0.004
     83        -0.128         0.049        -0.029        -0.075        -0.033
     84        -0.053         0.050        -0.070        -0.121         0.025
     85         0.025        -0.031        -0.018         0.071        -0.029
     86        -0.054         0.042        -0.029        -0.099        -0.008
     87        -0.024        -0.039        -0.003         0.001        -0.025
     88        -0.306         0.157        -0.044        -0.105        -0.016
     89         0.321        -0.119         0.038         0.100         0.003
     90        -0.150         0.095        -0.029        -0.071        -0.007
     91        -0.246         0.107        -0.032        -0.050         0.003
     92         0.097        -0.069        -0.006        -0.011         0.044
     93        -0.163         0.116        -0.016         0.004        -0.023
     94        -0.163         0.097        -0.016        -0.094        -0.009
     95         0.011        -0.004         0.075        -0.012         0.004
     96         0.062        -0.136         0.049         0.136        -0.015
     97        -0.021        -0.022        -0.010         0.121         0.051
     98        -0.763        -0.008        -0.034        -0.013        -0.015
     99        -0.047        -0.716         0.007         0.029         0.009
    100        -0.002        -0.003        -0.760        -0.009        -0.016
    101        -0.091         0.063        -0.029        -0.651        -0.004
    102        -0.122         0.073        -0.035        -0.043        -0.639
    103         0.299        -0.051         0.062         0.115         0.083
    104         0.157        -0.161         0.037         0.055         0.002
    105         0.069        -0.053         0.017         0.045         0.002
    106         0.165        -0.075         0.000         0.058         0.000
    107        -0.169         0.049        -0.001        -0.133        -0.024
    108         0.253        -0.130         0.041         0.086        -0.001
    109        -0.002        -0.048         0.004         0.004         0.003
    110         0.248        -0.080         0.041         0.095         0.045
    111         0.148        -0.073         0.067         0.122         0.010
    112        -0.178         0.084        -0.011        -0.082         0.013
    113         0.222        -0.113         0.040         0.125        -0.003
    114        -0.143         0.095        -0.017        -0.055         0.008
    115         0.290        -0.116         0.031         0.097        -0.001
    116        -0.302         0.104        -0.038        -0.082         0.003
    117         0.273        -0.073         0.030         0.066        -0.021
    118        -0.354         0.123        -0.039        -0.115        -0.007
    119         0.110        -0.058         0.024         0.060         0.006
    120         0.167        -0.117         0.033         0.073        -0.002


           ESTIMATED CORRELATION MATRIX FOR PARAMETER ESTIMATES
                 76            77            78            79            80
              ________      ________      ________      ________      ________
     76         1.000
     77         0.144         1.000
     78        -0.012         0.033         1.000
     79         0.025         0.030         0.463         1.000
     80         0.036         0.184         0.027         0.102         1.000
     81         0.135         0.058         0.005         0.179         0.087
     82         0.029         0.025        -0.017         0.021         0.036
     83         0.096         0.011        -0.001         0.119         0.104
     84         0.068        -0.166        -0.015         0.103         0.057
     85         0.328        -0.113        -0.044        -0.145        -0.058
     86         0.052        -0.032        -0.145         0.024         0.020
     87        -0.236        -0.393        -0.020         0.037        -0.113
     88         0.198         0.073        -0.101         0.268         0.156
     89        -0.175        -0.050         0.093        -0.186        -0.114
     90         0.118         0.061        -0.067         0.157         0.069
     91         0.235         0.080        -0.103         0.176         0.159
     92         0.038         0.009         0.044         0.007        -0.029
     93         0.138         0.107        -0.084         0.110         0.048
     94         0.052         0.156        -0.055         0.141         0.104
     95        -0.080         0.104         0.010        -0.057        -0.011
     96        -0.118        -0.064         0.034        -0.098        -0.121
     97         0.045         0.057         0.040         0.042         0.050
     98         0.208         0.034        -0.099         0.107         0.036
     99        -0.001        -0.127         0.060        -0.054        -0.051
    100         0.047         0.016        -0.007        -0.024         0.030
    101         0.144         0.028        -0.049         0.124        -0.021
    102         0.169         0.043        -0.049         0.092         0.027
    103        -0.644        -0.088         0.070        -0.095        -0.080
    104        -0.166        -0.646         0.052        -0.101        -0.177
    105        -0.083        -0.060        -0.342        -0.318        -0.043
    106        -0.060        -0.003        -0.268        -0.688        -0.086
    107         0.090        -0.073        -0.038         0.090        -0.548
    108        -0.176        -0.058         0.048        -0.223        -0.124
    109        -0.066        -0.017         0.037        -0.043        -0.058
    110        -0.174        -0.045         0.062        -0.178        -0.122
    111        -0.118         0.100         0.043        -0.168        -0.096
    112        -0.072         0.132        -0.029         0.204         0.106
    113        -0.146        -0.042         0.129        -0.174        -0.099
    114         0.248         0.288        -0.058         0.072         0.130
    115        -0.166        -0.049         0.068        -0.216        -0.128
    116         0.162         0.044        -0.083         0.191         0.119
    117        -0.138        -0.036         0.083        -0.149        -0.083
    118         0.193         0.041        -0.088         0.231         0.131
    119        -0.101        -0.051         0.054        -0.127        -0.047
    120        -0.119        -0.065         0.077        -0.150        -0.081


           ESTIMATED CORRELATION MATRIX FOR PARAMETER ESTIMATES
                 81            82            83            84            85
              ________      ________      ________      ________      ________
     81         1.000
     82         0.238         1.000
     83         0.064         0.027         1.000
     84         0.079        -0.011         0.272         1.000
     85        -0.155        -0.059        -0.079        -0.014         1.000
     86         0.068        -0.026        -0.014        -0.028         0.025
     87        -0.077        -0.097         0.038         0.057         0.071
     88         0.356         0.006         0.325         0.200        -0.168
     89        -0.286         0.055        -0.267        -0.158         0.143
     90         0.229         0.021         0.198         0.109        -0.118
     91         0.238         0.014         0.232         0.102        -0.088
     92        -0.020         0.054        -0.099        -0.051        -0.066
     93         0.142         0.003         0.180         0.088        -0.318
     94         0.155         0.010         0.156         0.058        -0.129
     95        -0.171         0.051        -0.045        -0.035         0.052
     96        -0.082         0.052        -0.194        -0.127         0.040
     97        -0.008        -0.013         0.018         0.013         0.056
     98         0.185        -0.057         0.188         0.087        -0.063
     99        -0.108        -0.030        -0.052        -0.034         0.027
    100         0.007        -0.008         0.011         0.052         0.019
    101         0.145        -0.015         0.159         0.153        -0.084
    102         0.139        -0.002         0.159         0.077        -0.068
    103        -0.214         0.013        -0.206        -0.127        -0.106
    104        -0.181         0.000        -0.155         0.024         0.175
    105        -0.189        -0.024        -0.151        -0.085         0.123
    106        -0.212         0.017        -0.175        -0.139         0.158
    107         0.130        -0.035         0.107         0.048        -0.054
    108        -0.677        -0.090        -0.216        -0.154         0.173
    109        -0.247        -0.700        -0.089        -0.028         0.072
    110        -0.202         0.002        -0.683        -0.251         0.133
    111        -0.192         0.018        -0.303        -0.695         0.096
    112         0.253         0.015         0.201         0.117        -0.656
    113        -0.265         0.026        -0.206        -0.111         0.135
    114         0.224         0.059         0.124         0.036        -0.124
    115        -0.255         0.015        -0.290        -0.182         0.125
    116         0.264        -0.034         0.263         0.172        -0.139
    117        -0.216         0.041        -0.218        -0.165         0.125
    118         0.323        -0.051         0.304         0.154        -0.155
    119        -0.178        -0.003        -0.151        -0.082         0.090
    120        -0.239        -0.007        -0.207        -0.122         0.123


           ESTIMATED CORRELATION MATRIX FOR PARAMETER ESTIMATES
                 86            87            88            89            90
              ________      ________      ________      ________      ________
     86         1.000
     87        -0.004         1.000
     88         0.058         0.040         1.000
     89        -0.045        -0.032        -0.734         1.000
     90         0.026         0.016         0.812        -0.403         1.000
     91         0.006        -0.015         0.819        -0.576         0.797
     92        -0.018        -0.018        -0.169         0.308         0.049
     93         0.016         0.020         0.539        -0.329         0.584
     94        -0.032         0.015         0.510        -0.519         0.396
     95        -0.009        -0.009        -0.340         0.096        -0.530
     96        -0.035        -0.015        -0.418         0.533        -0.220
     97         0.045        -0.075        -0.010        -0.126        -0.164
     98         0.020         0.022         0.573        -0.562         0.383
     99        -0.023         0.023        -0.319         0.152        -0.329
    100         0.020         0.005         0.013        -0.008         0.005
    101         0.075         0.015         0.460        -0.383         0.414
    102         0.013         0.020         0.465        -0.343         0.487
    103        -0.042         0.111        -0.515         0.658        -0.258
    104        -0.002         0.220        -0.548         0.459        -0.517
    105         0.035        -0.008        -0.608         0.219        -0.837
    106        -0.031        -0.050        -0.369         0.548        -0.051
    107         0.003         0.082         0.476        -0.374         0.576
    108        -0.059         0.023        -0.737         0.775        -0.483
    109        -0.001         0.073        -0.244         0.107        -0.281
    110        -0.006        -0.038        -0.728         0.683        -0.533
    111         0.000        -0.066        -0.531         0.532        -0.362
    112         0.033        -0.021         0.539        -0.636         0.321
    113        -0.456        -0.019        -0.765         0.647        -0.712
    114         0.021        -0.598         0.493        -0.410         0.501
    115        -0.035        -0.048        -0.672         0.678        -0.293
    116         0.046         0.046         0.699        -0.827         0.304
    117        -0.026        -0.042        -0.605         0.880        -0.277
    118         0.065         0.026         0.707        -0.863         0.457
    119        -0.028        -0.028        -0.689         0.228        -0.929
    120        -0.025        -0.011        -0.844         0.576        -0.923


           ESTIMATED CORRELATION MATRIX FOR PARAMETER ESTIMATES
                 91            92            93            94            95
              ________      ________      ________      ________      ________
     91         1.000
     92        -0.145         1.000
     93         0.557        -0.053         1.000
     94         0.412        -0.139         0.310         1.000
     95        -0.394        -0.064        -0.265         0.122         1.000
     96        -0.315         0.250        -0.149        -0.404        -0.042
     97        -0.036        -0.148        -0.031        -0.004         0.099
     98         0.485        -0.132         0.331         0.308        -0.137
     99        -0.285         0.047        -0.282        -0.181         0.132
    100         0.015         0.023         0.022        -0.007        -0.079
    101         0.357        -0.030         0.216         0.288        -0.156
    102         0.417        -0.075         0.347         0.253        -0.245
    103        -0.492         0.161        -0.282        -0.271         0.107
    104        -0.517         0.060        -0.383        -0.419         0.111
    105        -0.600        -0.096        -0.459        -0.269         0.470
    106        -0.215         0.163        -0.096        -0.240        -0.037
    107         0.428        -0.007         0.353         0.257        -0.296
    108        -0.558         0.161        -0.326        -0.434         0.234
    109        -0.233        -0.028        -0.165        -0.125         0.065
    110        -0.590         0.211        -0.422        -0.409         0.200
    111        -0.377         0.154        -0.290        -0.277         0.141
    112         0.364        -0.048         0.472         0.408        -0.070
    113        -0.652         0.114        -0.461        -0.403         0.319
    114         0.515        -0.022         0.295         0.292        -0.225
    115        -0.454         0.266        -0.278        -0.367         0.020
    116         0.500        -0.300         0.292         0.421        -0.027
    117        -0.470         0.289        -0.274        -0.427         0.023
    118         0.572        -0.241         0.326         0.481        -0.126
    119        -0.699        -0.103        -0.534        -0.307         0.507
    120        -0.787         0.029        -0.563        -0.438         0.472


           ESTIMATED CORRELATION MATRIX FOR PARAMETER ESTIMATES
                 96            97            98            99           100
              ________      ________      ________      ________      ________
     96         1.000
     97        -0.546         1.000
     98        -0.144         0.008         1.000
     99         0.159         0.087        -0.031         1.000
    100        -0.033         0.027         0.004         0.004         1.000
    101        -0.317        -0.112         0.207        -0.146         0.032
    102        -0.166        -0.108         0.260        -0.163         0.025
    103         0.374        -0.117        -0.478         0.076        -0.079
    104         0.285        -0.043        -0.339         0.305        -0.036
    105         0.110         0.136        -0.254         0.228         0.003
    106         0.268        -0.152        -0.282        -0.014         0.030
    107        -0.132        -0.108         0.309        -0.165        -0.028
    108         0.375        -0.057        -0.465         0.197         0.008
    109         0.034         0.016        -0.078         0.112         0.031
    110         0.402        -0.021        -0.478         0.198        -0.023
    111         0.345        -0.064        -0.291         0.101        -0.085
    112        -0.329         0.024         0.346        -0.105        -0.018
    113         0.346         0.013        -0.442         0.243        -0.022
    114        -0.212         0.019         0.312        -0.206         0.005
    115         0.395        -0.121        -0.479         0.131        -0.013
    116        -0.460         0.151         0.527        -0.116         0.016
    117         0.460        -0.166        -0.498         0.059        -0.010
    118        -0.470         0.066         0.529        -0.154        -0.008
    119         0.124         0.183        -0.291         0.287        -0.007
    120         0.308         0.110        -0.439         0.329        -0.019


           ESTIMATED CORRELATION MATRIX FOR PARAMETER ESTIMATES
                101           102           103           104           105
              ________      ________      ________      ________      ________
    101         1.000
    102         0.233         1.000
    103        -0.334        -0.317         1.000
    104        -0.267        -0.299         0.362         1.000
    105        -0.297        -0.386         0.132         0.390         1.000
    106        -0.162        -0.116         0.327         0.134         0.197
    107         0.369         0.316        -0.239        -0.220        -0.482
    108        -0.353        -0.324         0.532         0.418         0.339
    109        -0.126        -0.162         0.124         0.138         0.223
    110        -0.367        -0.364         0.499         0.401         0.385
    111        -0.307        -0.253         0.364         0.176         0.257
    112         0.279         0.234        -0.203        -0.415        -0.227
    113        -0.459        -0.410         0.421         0.464         0.510
    114         0.267         0.259        -0.428        -0.606        -0.382
    115        -0.292        -0.212         0.490         0.330         0.162
    116         0.317         0.238        -0.570        -0.376        -0.145
    117        -0.296        -0.244         0.577         0.371         0.128
    118         0.377         0.337        -0.562        -0.443        -0.286
    119        -0.346        -0.427         0.148         0.432         0.804
    120        -0.430        -0.487         0.379         0.536         0.740


           ESTIMATED CORRELATION MATRIX FOR PARAMETER ESTIMATES
                106           107           108           109           110
              ________      ________      ________      ________      ________
    106         1.000
    107        -0.126         1.000
    108         0.449        -0.346         1.000
    109         0.005        -0.110         0.290         1.000
    110         0.354        -0.342         0.553         0.168         1.000
    111         0.315        -0.198         0.461         0.073         0.554
    112        -0.422         0.236        -0.555        -0.120        -0.465
    113         0.286        -0.459         0.605         0.214         0.554
    114        -0.125         0.252        -0.428        -0.206        -0.377
    115         0.457        -0.220         0.582         0.089         0.574
    116        -0.508         0.261        -0.669        -0.084        -0.622
    117         0.511        -0.296         0.651         0.076         0.582
    118        -0.453         0.373        -0.698        -0.123        -0.628
    119        -0.040        -0.520         0.340         0.250         0.412
    120         0.170        -0.557         0.587         0.247         0.606


           ESTIMATED CORRELATION MATRIX FOR PARAMETER ESTIMATES
                111           112           113           114           115
              ________      ________      ________      ________      ________
    111         1.000
    112        -0.375         1.000
    113         0.408        -0.470         1.000
    114        -0.210         0.327        -0.437         1.000
    115         0.437        -0.484         0.454        -0.260         1.000
    116        -0.484         0.555        -0.522         0.304        -0.887
    117         0.483        -0.561         0.515        -0.313         0.715
    118        -0.462         0.570        -0.634         0.405        -0.589
    119         0.270        -0.216         0.600        -0.419         0.200
    120         0.431        -0.413         0.739        -0.518         0.386


           ESTIMATED CORRELATION MATRIX FOR PARAMETER ESTIMATES
                116           117           118           119           120
              ________      ________      ________      ________      ________
    116         1.000
    117        -0.894         1.000
    118         0.695        -0.682         1.000
    119        -0.181         0.145        -0.293         1.000
    120        -0.431         0.428        -0.522         0.776         1.000


TECHNICAL 4 OUTPUT


     ESTIMATES DERIVED FROM THE MODEL


           ESTIMATED MEANS FOR THE LATENT VARIABLES
              IX            SX            IY            SY            C1
              ________      ________      ________      ________      ________
                0.031         0.263        -0.006         0.133         0.496


           ESTIMATED MEANS FOR THE LATENT VARIABLES
              C2            C3            C4            C5            C6
              ________      ________      ________      ________      ________
                0.195         0.436         0.308         0.242         3.159


           ESTIMATED MEANS FOR THE LATENT VARIABLES
              C7            C8            C9            C10           C11
              ________      ________      ________      ________      ________
                7.145         0.202         0.079         0.004         0.108


           ESTIMATED MEANS FOR THE LATENT VARIABLES
              C12           C13           C14           C15           C16
              ________      ________      ________      ________      ________
                2.216         0.688         0.539         0.318         0.434


           ESTIMATED MEANS FOR THE LATENT VARIABLES
              C17           C18           C19           C20           C21
              ________      ________      ________      ________      ________
                0.829         0.233         0.186         0.109         0.212


           ESTIMATED MEANS FOR THE LATENT VARIABLES
              C22           C23           C24
              ________      ________      ________
                0.684         0.291         3.702


           S.E. FOR ESTIMATED MEANS FOR THE LATENT VARIABLES
              IX            SX            IY            SY            C1
              ________      ________      ________      ________      ________
                0.018         0.029         0.018         0.028         0.006


           S.E. FOR ESTIMATED MEANS FOR THE LATENT VARIABLES
              C2            C3            C4            C5            C6
              ________      ________      ________      ________      ________
                0.007         0.011         0.010         0.009         0.025


           S.E. FOR ESTIMATED MEANS FOR THE LATENT VARIABLES
              C7            C8            C9            C10           C11
              ________      ________      ________      ________      ________
                0.101         0.009         0.006         0.001         0.006


           S.E. FOR ESTIMATED MEANS FOR THE LATENT VARIABLES
              C12           C13           C14           C15           C16
              ________      ________      ________      ________      ________
                0.019         0.024         0.011         0.008         0.009


           S.E. FOR ESTIMATED MEANS FOR THE LATENT VARIABLES
              C17           C18           C19           C20           C21
              ________      ________      ________      ________      ________
                0.007         0.008         0.007         0.006         0.008


           S.E. FOR ESTIMATED MEANS FOR THE LATENT VARIABLES
              C22           C23           C24
              ________      ________      ________
                0.010         0.017         0.091


           EST./S.E. FOR ESTIMATED MEANS FOR THE LATENT VARIABLES
              IX            SX            IY            SY            C1
              ________      ________      ________      ________      ________
                1.726         9.123        -0.337         4.751        81.445


           EST./S.E. FOR ESTIMATED MEANS FOR THE LATENT VARIABLES
              C2            C3            C4            C5            C6
              ________      ________      ________      ________      ________
               26.240        40.488        30.756        26.557       127.417


           EST./S.E. FOR ESTIMATED MEANS FOR THE LATENT VARIABLES
              C7            C8            C9            C10           C11
              ________      ________      ________      ________      ________
               70.895        23.336        13.344         3.752        18.253


           EST./S.E. FOR ESTIMATED MEANS FOR THE LATENT VARIABLES
              C12           C13           C14           C15           C16
              ________      ________      ________      ________      ________
              116.830        28.284        49.847        37.945        47.065


           EST./S.E. FOR ESTIMATED MEANS FOR THE LATENT VARIABLES
              C17           C18           C19           C20           C21
              ________      ________      ________      ________      ________
              119.446        27.798        24.807        17.614        27.139


           EST./S.E. FOR ESTIMATED MEANS FOR THE LATENT VARIABLES
              C22           C23           C24
              ________      ________      ________
               70.111        17.118        40.666


           TWO-TAILED P-VALUE FOR ESTIMATED MEANS FOR THE LATENT VARIABLES
              IX            SX            IY            SY            C1
              ________      ________      ________      ________      ________
                0.084         0.000         0.736         0.000         0.000


           TWO-TAILED P-VALUE FOR ESTIMATED MEANS FOR THE LATENT VARIABLES
              C2            C3            C4            C5            C6
              ________      ________      ________      ________      ________
                0.000         0.000         0.000         0.000         0.000


           TWO-TAILED P-VALUE FOR ESTIMATED MEANS FOR THE LATENT VARIABLES
              C7            C8            C9            C10           C11
              ________      ________      ________      ________      ________
                0.000         0.000         0.000         0.000         0.000


           TWO-TAILED P-VALUE FOR ESTIMATED MEANS FOR THE LATENT VARIABLES
              C12           C13           C14           C15           C16
              ________      ________      ________      ________      ________
                0.000         0.000         0.000         0.000         0.000


           TWO-TAILED P-VALUE FOR ESTIMATED MEANS FOR THE LATENT VARIABLES
              C17           C18           C19           C20           C21
              ________      ________      ________      ________      ________
                0.000         0.000         0.000         0.000         0.000


           TWO-TAILED P-VALUE FOR ESTIMATED MEANS FOR THE LATENT VARIABLES
              C22           C23           C24
              ________      ________      ________
                0.000         0.000         0.000


           ESTIMATED COVARIANCE MATRIX FOR THE LATENT VARIABLES
              IX            SX            IY            SY            C1
              ________      ________      ________      ________      ________
 IX             0.293
 SX            -0.036         0.186
 IY            -0.164         0.014         0.460
 SY             0.037        -0.126         0.023         0.134
 C1            -0.021         0.009        -0.085         0.004         0.250
 C2             0.029        -0.014        -0.064         0.006         0.035
 C3             0.031        -0.018        -0.079         0.004        -0.009
 C4             0.006         0.016        -0.028         0.036         0.000
 C5            -0.026        -0.002         0.077        -0.037         0.005
 C6            -0.004        -0.042         0.095         0.041        -0.038
 C7            -0.107        -0.053         0.522        -0.090        -0.141
 C8            -0.039         0.010         0.007        -0.002        -0.002
 C9             0.016        -0.001        -0.007        -0.008         0.002
 C10           -0.001         0.000         0.001         0.001        -0.001
 C11           -0.007        -0.006         0.000         0.013         0.001
 C12            0.042         0.000        -0.118         0.030         0.034
 C13            0.108        -0.074        -0.250         0.043         0.126
 C14           -0.008        -0.008         0.044        -0.037        -0.003
 C15           -0.039         0.018         0.165        -0.059        -0.030
 C16            0.052        -0.024        -0.132         0.035         0.030
 C17            0.013         0.016        -0.056         0.022         0.036
 C18            0.046        -0.023        -0.012         0.013        -0.010
 C19           -0.020         0.006         0.032         0.007         0.001
 C20            0.031        -0.014        -0.007        -0.008        -0.002
 C21            0.014        -0.012         0.021        -0.002        -0.014
 C22           -0.040         0.033         0.073         0.000        -0.008
 C23            0.003        -0.061         0.197        -0.082        -0.050
 C24            0.189        -0.039        -0.450        -0.010         0.074


           ESTIMATED COVARIANCE MATRIX FOR THE LATENT VARIABLES
              C2            C3            C4            C5            C6
              ________      ________      ________      ________      ________
 C2             0.157
 C3             0.042         0.246
 C4             0.004        -0.015         0.213
 C5            -0.018        -0.025        -0.075         0.184
 C6            -0.061        -0.108         0.073         0.031         1.375
 C7            -0.209        -0.469         0.199         0.200         3.686
 C8            -0.003        -0.002        -0.013         0.004        -0.138
 C9             0.006         0.016        -0.009        -0.003        -0.038
 C10           -0.001        -0.001        -0.001         0.002         0.002
 C11           -0.002         0.012        -0.002        -0.008         0.083
 C12            0.023         0.006        -0.003         0.005        -0.014
 C13            0.192         0.230        -0.026        -0.075        -0.280
 C14           -0.011        -0.021         0.003         0.037         0.012
 C15           -0.022        -0.022         0.000         0.012         0.018
 C16            0.018         0.003         0.002        -0.008         0.000
 C17            0.011         0.000         0.001        -0.004        -0.060
 C18           -0.007        -0.005         0.011        -0.012         0.016
 C19           -0.004        -0.021         0.001         0.013         0.052
 C20           -0.001         0.016        -0.003        -0.001        -0.035
 C21           -0.007        -0.004        -0.011         0.015         0.013
 C22           -0.063        -0.113         0.004         0.029         0.085
 C23           -0.021        -0.008        -0.016         0.019         0.082
 C24            0.248         0.367        -0.065        -0.035        -0.636


           ESTIMATED COVARIANCE MATRIX FOR THE LATENT VARIABLES
              C7            C8            C9            C10           C11
              ________      ________      ________      ________      ________
 C7            22.415
 C8            -0.327         0.161
 C9            -0.124        -0.016         0.073
 C10            0.011        -0.001         0.000         0.004
 C11            0.339         0.000        -0.003         0.000         0.096
 C12            0.045         0.012        -0.002        -0.001         0.006
 C13           -1.048         0.021         0.041         0.000         0.039
 C14            0.182         0.008        -0.014         0.002        -0.003
 C15            0.118         0.001        -0.004         0.000         0.002
 C16            0.004        -0.008         0.003         0.000        -0.001
 C17           -0.181        -0.001         0.004         0.000        -0.024
 C18           -0.013         0.000        -0.001         0.000        -0.004
 C19            0.218        -0.006        -0.005         0.000        -0.002
 C20           -0.122         0.004         0.004         0.000        -0.001
 C21            0.074        -0.004         0.000         0.001         0.008
 C22            0.367        -0.005        -0.012         0.001        -0.017
 C23            0.483         0.003        -0.003         0.001         0.050
 C24           -2.068         0.060         0.042         0.004        -0.015


           ESTIMATED COVARIANCE MATRIX FOR THE LATENT VARIABLES
              C12           C13           C14           C15           C16
              ________      ________      ________      ________      ________
 C12            1.057
 C13            0.234         1.542
 C14            0.008        -0.083         0.248
 C15           -0.043        -0.079         0.003         0.217
 C16            0.047         0.043         0.002        -0.138         0.246
 C17            0.009         0.030        -0.028        -0.008         0.008
 C18           -0.004        -0.050        -0.006        -0.002        -0.003
 C19           -0.012        -0.058         0.018         0.007        -0.006
 C20            0.013         0.014         0.001        -0.002         0.003
 C21           -0.001        -0.016         0.039         0.004        -0.004
 C22           -0.048        -0.356         0.036         0.023        -0.004
 C23           -0.033        -0.055         0.021         0.089        -0.065
 C24            0.556         1.733         0.690        -0.132         0.056


           ESTIMATED COVARIANCE MATRIX FOR THE LATENT VARIABLES
              C17           C18           C19           C20           C21
              ________      ________      ________      ________      ________
 C17            0.142
 C18           -0.001         0.179
 C19           -0.006        -0.043         0.151
 C20            0.003         0.027        -0.013         0.097
 C21           -0.019        -0.007         0.013        -0.023         0.167
 C22           -0.002         0.018         0.022        -0.007         0.006
 C23           -0.032        -0.003         0.008         0.016         0.034
 C24            0.086         0.001        -0.028         0.064         0.051


           ESTIMATED COVARIANCE MATRIX FOR THE LATENT VARIABLES
              C22           C23           C24
              ________      ________      ________
 C22            0.216
 C23            0.004         0.925
 C24           -0.423        -0.115        17.786


           S.E. FOR ESTIMATED COVARIANCE MATRIX FOR THE LATENT VARIABLES
              IX            SX            IY            SY            C1
              ________      ________      ________      ________      ________
 IX             0.035
 SX             0.051         0.087
 IY             0.018         0.027         0.034
 SY             0.025         0.035         0.051         0.085
 C1             0.007         0.012         0.008         0.012         0.000
 C2             0.007         0.010         0.006         0.009         0.003
 C3             0.009         0.014         0.009         0.013         0.003
 C4             0.008         0.013         0.008         0.012         0.003
 C5             0.008         0.013         0.008         0.012         0.003
 C6             0.020         0.035         0.021         0.033         0.008
 C7             0.084         0.145         0.089         0.135         0.030
 C8             0.008         0.013         0.008         0.011         0.002
 C9             0.005         0.008         0.005         0.006         0.002
 C10            0.001         0.002         0.001         0.001         0.001
 C11            0.005         0.010         0.006         0.010         0.002
 C12            0.017         0.028         0.019         0.028         0.008
 C13            0.024         0.033         0.022         0.028         0.009
 C14            0.009         0.014         0.009         0.013         0.003
 C15            0.008         0.013         0.008         0.013         0.004
 C16            0.008         0.013         0.008         0.013         0.004
 C17            0.007         0.011         0.007         0.011         0.003
 C18            0.007         0.011         0.007         0.011         0.003
 C19            0.006         0.010         0.007         0.011         0.003
 C20            0.006         0.008         0.006         0.008         0.002
 C21            0.007         0.011         0.007         0.011         0.003
 C22            0.008         0.013         0.008         0.012         0.003
 C23            0.016         0.031         0.025         0.033         0.008
 C24            0.077         0.112         0.073         0.100         0.026


           S.E. FOR ESTIMATED COVARIANCE MATRIX FOR THE LATENT VARIABLES
              C2            C3            C4            C5            C6
              ________      ________      ________      ________      ________
 C2             0.005
 C3             0.004         0.001
 C4             0.003         0.005         0.004
 C5             0.003         0.004         0.003         0.005
 C6             0.008         0.012         0.012         0.011         0.046
 C7             0.036         0.049         0.046         0.044         0.139
 C8             0.003         0.004         0.004         0.004         0.009
 C9             0.002         0.003         0.002         0.002         0.006
 C10            0.000         0.001         0.000         0.001         0.002
 C11            0.002         0.003         0.003         0.002         0.009
 C12            0.007         0.009         0.009         0.008         0.023
 C13            0.013         0.012         0.010         0.009         0.024
 C14            0.004         0.005         0.005         0.004         0.012
 C15            0.003         0.004         0.004         0.004         0.010
 C16            0.003         0.005         0.004         0.004         0.011
 C17            0.002         0.003         0.003         0.003         0.009
 C18            0.003         0.004         0.004         0.003         0.010
 C19            0.003         0.004         0.003         0.003         0.009
 C20            0.002         0.003         0.003         0.003         0.007
 C21            0.003         0.004         0.003         0.004         0.009
 C22            0.004         0.004         0.005         0.004         0.011
 C23            0.006         0.009         0.008         0.008         0.020
 C24            0.038         0.046         0.040         0.039         0.096


           S.E. FOR ESTIMATED COVARIANCE MATRIX FOR THE LATENT VARIABLES
              C7            C8            C9            C10           C11
              ________      ________      ________      ________      ________
 C7             1.122
 C8             0.040         0.005
 C9             0.026         0.001         0.005
 C10            0.008         0.000         0.000         0.001
 C11            0.036         0.002         0.001         0.000         0.005
 C12            0.094         0.008         0.005         0.001         0.006
 C13            0.096         0.011         0.009         0.002         0.010
 C14            0.050         0.004         0.003         0.001         0.003
 C15            0.041         0.003         0.002         0.001         0.003
 C16            0.043         0.004         0.003         0.001         0.003
 C17            0.035         0.003         0.002         0.000         0.003
 C18            0.038         0.003         0.002         0.000         0.002
 C19            0.039         0.003         0.002         0.000         0.002
 C20            0.025         0.003         0.002         0.000         0.002
 C21            0.039         0.003         0.002         0.001         0.003
 C22            0.044         0.004         0.003         0.000         0.003
 C23            0.095         0.007         0.004         0.001         0.009
 C24            0.356         0.037         0.026         0.006         0.024


           S.E. FOR ESTIMATED COVARIANCE MATRIX FOR THE LATENT VARIABLES
              C12           C13           C14           C15           C16
              ________      ________      ________      ________      ________
 C12            0.024
 C13            0.023         0.132
 C14            0.009         0.012         0.001
 C15            0.008         0.009         0.004         0.003
 C16            0.009         0.011         0.005         0.003         0.001
 C17            0.007         0.009         0.003         0.003         0.003
 C18            0.008         0.009         0.004         0.003         0.004
 C19            0.007         0.007         0.004         0.003         0.003
 C20            0.006         0.007         0.003         0.003         0.003
 C21            0.008         0.010         0.004         0.003         0.004
 C22            0.009         0.013         0.005         0.004         0.004
 C23            0.019         0.019         0.008         0.010         0.008
 C24            0.078         0.176         0.041         0.033         0.038


           S.E. FOR ESTIMATED COVARIANCE MATRIX FOR THE LATENT VARIABLES
              C17           C18           C19           C20           C21
              ________      ________      ________      ________      ________
 C17            0.005
 C18            0.003         0.004
 C19            0.003         0.002         0.005
 C20            0.002         0.003         0.002         0.005
 C21            0.003         0.003         0.003         0.001         0.004
 C22            0.003         0.004         0.003         0.003         0.004
 C23            0.008         0.007         0.007         0.007         0.008
 C24            0.026         0.042         0.033         0.036         0.033


           S.E. FOR ESTIMATED COVARIANCE MATRIX FOR THE LATENT VARIABLES
              C22           C23           C24
              ________      ________      ________
 C22            0.004
 C23            0.008         0.079
 C24            0.042         0.061         1.898


           EST./S.E. FOR ESTIMATED COVARIANCE MATRIX FOR THE LATENT VARIABLES
              IX            SX            IY            SY            C1
              ________      ________      ________      ________      ________
 IX             8.269
 SX            -0.708         2.140
 IY            -8.914         0.535        13.488
 SY             1.440        -3.543         0.465         1.568
 C1            -3.009         0.757       -11.163         0.342      5168.955
 C2             4.402        -1.434       -10.052         0.694        11.261
 C3             3.374        -1.282        -9.085         0.317        -3.006
 C4             0.718         1.214        -3.515         2.986         0.166
 C5            -3.288        -0.151         9.418        -3.094         1.980
 C6            -0.185        -1.192         4.607         1.237        -4.951
 C7            -1.271        -0.362         5.886        -0.664        -4.712
 C8            -4.847         0.761         0.941        -0.170        -0.851
 C9             3.286        -0.078        -1.528        -1.328         1.190
 C10           -0.771        -0.248         1.437         0.668        -1.044
 C11           -1.258        -0.654         0.070         1.313         0.301
 C12            2.385         0.006        -6.306         1.076         4.081
 C13            4.532        -2.244       -11.426         1.523        14.029
 C14           -0.835        -0.532         4.937        -2.838        -1.121
 C15           -5.058         1.385        19.902        -4.552        -7.797
 C16            6.254        -1.843       -16.477         2.760         7.480
 C17            2.006         1.428        -7.820         2.025        11.544
 C18            6.310        -2.003        -1.621         1.256        -3.081
 C19           -3.156         0.544         4.521         0.621         0.296
 C20            5.558        -1.799        -1.272        -1.021        -0.943
 C21            2.082        -1.111         2.806        -0.212        -4.319
 C22           -4.688         2.547         9.112         0.005        -2.459
 C23            0.162        -1.979         7.884        -2.487        -6.093
 C24            2.464        -0.347        -6.158        -0.103         2.831


           EST./S.E. FOR ESTIMATED COVARIANCE MATRIX FOR THE LATENT VARIABLES
              C2            C3            C4            C5            C6
              ________      ________      ________      ________      ________
 C2            34.662
 C3            11.108       177.304
 C4             1.057        -3.008        55.463
 C5            -6.367        -5.513       -25.251        39.034
 C6            -7.490        -9.033         6.334         2.938        30.106
 C7            -5.849        -9.653         4.289         4.563        26.585
 C8            -0.931        -0.563        -3.422         1.071       -16.162
 C9             2.835         5.320        -3.450        -1.440        -5.895
 C10           -3.732        -1.181        -2.537         2.719         1.322
 C11           -0.973         3.858        -0.844        -3.708         9.358
 C12            3.264         0.669        -0.294         0.623        -0.612
 C13           14.826        19.060        -2.595        -8.600       -11.568
 C14           -2.847        -4.002         0.632         8.408         0.959
 C15           -7.460        -5.399        -0.065         3.115         1.883
 C16            5.274         0.703         0.525        -1.952        -0.044
 C17            4.431        -0.058         0.180        -1.225        -6.597
 C18           -2.358        -1.199         2.671        -3.601         1.602
 C19           -1.354        -5.871         0.291         3.843         5.507
 C20           -0.659         4.958        -1.219        -0.527        -5.287
 C21           -2.324        -1.094        -3.034         4.318         1.354
 C22          -15.974       -25.163         0.811         7.712         7.838
 C23           -3.266        -0.987        -2.116         2.407         4.100
 C24            6.573         7.997        -1.612        -0.921        -6.653


           EST./S.E. FOR ESTIMATED COVARIANCE MATRIX FOR THE LATENT VARIABLES
              C7            C8            C9            C10           C11
              ________      ________      ________      ________      ________
 C7            19.971
 C8            -8.261        31.237
 C9            -4.725       -12.425        14.604
 C10            1.353        -1.693        -3.633         3.768
 C11            9.376        -0.136        -2.326         0.378        20.753
 C12            0.476         1.557        -0.316        -0.487         1.061
 C13          -10.895         1.891         4.632        -0.115         4.049
 C14            3.650         1.762        -4.641         3.135        -0.996
 C15            2.894         0.258        -1.714         0.306         0.941
 C16            0.082        -2.316         1.356        -0.039        -0.411
 C17           -5.133        -0.190         2.055         0.304        -8.434
 C18           -0.349         0.086        -0.619        -0.936        -1.628
 C19            5.527        -2.236        -2.971        -0.458        -0.935
 C20           -4.832         1.610         1.834        -0.541        -0.431
 C21            1.907        -1.191        -0.149         1.878         3.290
 C22            8.435        -1.158        -3.904         2.583        -5.557
 C23            5.058         0.394        -0.602         0.828         5.753
 C24           -5.816         1.640         1.626         0.565        -0.646


           EST./S.E. FOR ESTIMATED COVARIANCE MATRIX FOR THE LATENT VARIABLES
              C12           C13           C14           C15           C16
              ________      ________      ________      ________      ________
 C12           43.617
 C13           10.090        11.666
 C14            0.895        -6.743       296.332
 C15           -5.071        -8.372         0.812        71.083
 C16            5.199         3.906         0.394       -45.638       201.054
 C17            1.281         3.421        -8.417        -2.464         2.451
 C18           -0.450        -5.306        -1.534        -0.492        -0.899
 C19           -1.723        -8.233         4.975         2.007        -1.707
 C20            2.131         1.850         0.262        -0.652         1.218
 C21           -0.098        -1.668        10.509         1.133        -1.242
 C22           -5.624       -27.515         7.387         5.965        -1.012
 C23           -1.778        -2.950         2.556         9.344        -8.533
 C24            7.164         9.844        16.794        -4.054         1.458


           EST./S.E. FOR ESTIMATED COVARIANCE MATRIX FOR THE LATENT VARIABLES
              C17           C18           C19           C20           C21
              ________      ________      ________      ________      ________
 C17           31.138
 C18           -0.239        39.932
 C19           -2.176       -21.076        32.154
 C20            1.395         8.214        -7.722        20.070
 C21           -6.191        -2.215         4.269       -15.958        37.101
 C22           -0.514         4.977         6.992        -2.492         1.739
 C23           -4.246        -0.373         1.114         2.353         4.236
 C24            3.261         0.031        -0.837         1.786         1.527


           EST./S.E. FOR ESTIMATED COVARIANCE MATRIX FOR THE LATENT VARIABLES
              C22           C23           C24
              ________      ________      ________
 C22           60.270
 C23            0.434        11.683
 C24          -10.074        -1.883         9.369


           TWO-TAILED P-VALUE FOR ESTIMATED COVARIANCE MATRIX FOR THE LATENT VARIABLES
              IX            SX            IY            SY            C1
              ________      ________      ________      ________      ________
 IX             0.000
 SX             0.479         0.032
 IY             0.000         0.593         0.000
 SY             0.150         0.000         0.642         0.117
 C1             0.003         0.449         0.000         0.733         0.000
 C2             0.000         0.151         0.000         0.488         0.000
 C3             0.001         0.200         0.000         0.751         0.003
 C4             0.473         0.225         0.000         0.003         0.868
 C5             0.001         0.880         0.000         0.002         0.048
 C6             0.853         0.233         0.000         0.216         0.000
 C7             0.204         0.717         0.000         0.507         0.000
 C8             0.000         0.447         0.347         0.865         0.395
 C9             0.001         0.938         0.126         0.184         0.234
 C10            0.441         0.804         0.151         0.504         0.297
 C11            0.208         0.513         0.944         0.189         0.764
 C12            0.017         0.995         0.000         0.282         0.000
 C13            0.000         0.025         0.000         0.128         0.000
 C14            0.404         0.595         0.000         0.005         0.262
 C15            0.000         0.166         0.000         0.000         0.000
 C16            0.000         0.065         0.000         0.006         0.000
 C17            0.045         0.153         0.000         0.043         0.000
 C18            0.000         0.045         0.105         0.209         0.002
 C19            0.002         0.586         0.000         0.535         0.767
 C20            0.000         0.072         0.203         0.307         0.346
 C21            0.037         0.267         0.005         0.832         0.000
 C22            0.000         0.011         0.000         0.996         0.014
 C23            0.872         0.048         0.000         0.013         0.000
 C24            0.014         0.729         0.000         0.918         0.005


           TWO-TAILED P-VALUE FOR ESTIMATED COVARIANCE MATRIX FOR THE LATENT VARIABLES
              C2            C3            C4            C5            C6
              ________      ________      ________      ________      ________
 C2             0.000
 C3             0.000         0.000
 C4             0.291         0.003         0.000
 C5             0.000         0.000         0.000         0.000
 C6             0.000         0.000         0.000         0.003         0.000
 C7             0.000         0.000         0.000         0.000         0.000
 C8             0.352         0.574         0.001         0.284         0.000
 C9             0.005         0.000         0.001         0.150         0.000
 C10            0.000         0.238         0.011         0.007         0.186
 C11            0.331         0.000         0.398         0.000         0.000
 C12            0.001         0.503         0.769         0.534         0.541
 C13            0.000         0.000         0.009         0.000         0.000
 C14            0.004         0.000         0.527         0.000         0.337
 C15            0.000         0.000         0.949         0.002         0.060
 C16            0.000         0.482         0.600         0.051         0.965
 C17            0.000         0.954         0.857         0.221         0.000
 C18            0.018         0.231         0.008         0.000         0.109
 C19            0.176         0.000         0.771         0.000         0.000
 C20            0.510         0.000         0.223         0.598         0.000
 C21            0.020         0.274         0.002         0.000         0.176
 C22            0.000         0.000         0.417         0.000         0.000
 C23            0.001         0.323         0.034         0.016         0.000
 C24            0.000         0.000         0.107         0.357         0.000


           TWO-TAILED P-VALUE FOR ESTIMATED COVARIANCE MATRIX FOR THE LATENT VARIABLES
              C7            C8            C9            C10           C11
              ________      ________      ________      ________      ________
 C7             0.000
 C8             0.000         0.000
 C9             0.000         0.000         0.000
 C10            0.176         0.090         0.000         0.000
 C11            0.000         0.891         0.020         0.706         0.000
 C12            0.634         0.120         0.752         0.626         0.289
 C13            0.000         0.059         0.000         0.908         0.000
 C14            0.000         0.078         0.000         0.002         0.319
 C15            0.004         0.797         0.086         0.760         0.347
 C16            0.935         0.021         0.175         0.969         0.681
 C17            0.000         0.849         0.040         0.761         0.000
 C18            0.727         0.932         0.536         0.349         0.103
 C19            0.000         0.025         0.003         0.647         0.350
 C20            0.000         0.107         0.067         0.588         0.666
 C21            0.057         0.234         0.882         0.060         0.001
 C22            0.000         0.247         0.000         0.010         0.000
 C23            0.000         0.694         0.547         0.408         0.000
 C24            0.000         0.101         0.104         0.572         0.519


           TWO-TAILED P-VALUE FOR ESTIMATED COVARIANCE MATRIX FOR THE LATENT VARIABLES
              C12           C13           C14           C15           C16
              ________      ________      ________      ________      ________
 C12            0.000
 C13            0.000         0.000
 C14            0.371         0.000         0.000
 C15            0.000         0.000         0.417         0.000
 C16            0.000         0.000         0.693         0.000         0.000
 C17            0.200         0.001         0.000         0.014         0.014
 C18            0.653         0.000         0.125         0.623         0.369
 C19            0.085         0.000         0.000         0.045         0.088
 C20            0.033         0.064         0.793         0.515         0.223
 C21            0.922         0.095         0.000         0.257         0.214
 C22            0.000         0.000         0.000         0.000         0.311
 C23            0.075         0.003         0.011         0.000         0.000
 C24            0.000         0.000         0.000         0.000         0.145


           TWO-TAILED P-VALUE FOR ESTIMATED COVARIANCE MATRIX FOR THE LATENT VARIABLES
              C17           C18           C19           C20           C21
              ________      ________      ________      ________      ________
 C17            0.000
 C18            0.811         0.000
 C19            0.030         0.000         0.000
 C20            0.163         0.000         0.000         0.000
 C21            0.000         0.027         0.000         0.000         0.000
 C22            0.607         0.000         0.000         0.013         0.082
 C23            0.000         0.709         0.265         0.019         0.000
 C24            0.001         0.975         0.403         0.074         0.127


           TWO-TAILED P-VALUE FOR ESTIMATED COVARIANCE MATRIX FOR THE LATENT VARIABLES
              C22           C23           C24
              ________      ________      ________
 C22            0.000
 C23            0.664         0.000
 C24            0.000         0.060         0.000


           ESTIMATED CORRELATION MATRIX FOR THE LATENT VARIABLES
              IX            SX            IY            SY            C1
              ________      ________      ________      ________      ________
 IX             1.000
 SX            -0.154         1.000
 IY            -0.446         0.049         1.000
 SY             0.184        -0.797         0.094         1.000
 C1            -0.077         0.041        -0.249         0.022         1.000
 C2             0.135        -0.082        -0.237         0.041         0.176
 C3             0.115        -0.085        -0.236         0.023        -0.036
 C4             0.023         0.079        -0.091         0.216         0.002
 C5            -0.113        -0.010         0.264        -0.233         0.025
 C6            -0.006        -0.083         0.120         0.096        -0.064
 C7            -0.042        -0.026         0.163        -0.052        -0.059
 C8            -0.180         0.055         0.026        -0.013        -0.010
 C9             0.111        -0.005        -0.041        -0.083         0.014
 C10           -0.017        -0.015         0.033         0.030        -0.018
 C11           -0.039        -0.048         0.002         0.113         0.005
 C12            0.075         0.000        -0.169         0.081         0.067
 C13            0.161        -0.138        -0.297         0.094         0.203
 C14           -0.028        -0.035         0.131        -0.204        -0.013
 C15           -0.154         0.088         0.522        -0.347        -0.130
 C16            0.193        -0.114        -0.391         0.190         0.120
 C17            0.065         0.101        -0.220         0.162         0.189
 C18            0.200        -0.126        -0.042         0.087        -0.045
 C19           -0.093         0.034         0.120         0.047         0.005
 C20            0.185        -0.107        -0.033        -0.070        -0.014
 C21            0.063        -0.069         0.075        -0.015        -0.068
 C22           -0.158         0.163         0.231         0.000        -0.032
 C23            0.005        -0.147         0.302        -0.232        -0.104
 C24            0.083        -0.021        -0.157        -0.007         0.035


           ESTIMATED CORRELATION MATRIX FOR THE LATENT VARIABLES
              C2            C3            C4            C5            C6
              ________      ________      ________      ________      ________
 C2             1.000
 C3             0.213         1.000
 C4             0.020        -0.065         1.000
 C5            -0.106        -0.116        -0.377         1.000
 C6            -0.130        -0.186         0.135         0.061         1.000
 C7            -0.111        -0.200         0.091         0.098         0.664
 C8            -0.018        -0.012        -0.070         0.023        -0.293
 C9             0.060         0.122        -0.069        -0.029        -0.120
 C10           -0.032        -0.020        -0.034         0.072         0.027
 C11           -0.017         0.075        -0.016        -0.063         0.228
 C12            0.057         0.012        -0.006         0.012        -0.012
 C13            0.390         0.374        -0.046        -0.140        -0.192
 C14           -0.054        -0.087         0.014         0.174         0.020
 C15           -0.122        -0.096        -0.001         0.058         0.033
 C16            0.094         0.013         0.010        -0.036        -0.001
 C17            0.071        -0.001         0.003        -0.023        -0.135
 C18           -0.042        -0.024         0.055        -0.067         0.032
 C19           -0.024        -0.110         0.006         0.080         0.113
 C20           -0.012         0.102        -0.023        -0.010        -0.096
 C21           -0.040        -0.021        -0.056         0.088         0.026
 C22           -0.342        -0.489         0.017         0.147         0.155
 C23           -0.055        -0.018        -0.036         0.046         0.073
 C24            0.148         0.176        -0.033        -0.020        -0.129


           ESTIMATED CORRELATION MATRIX FOR THE LATENT VARIABLES
              C7            C8            C9            C10           C11
              ________      ________      ________      ________      ________
 C7             1.000
 C8            -0.172         1.000
 C9            -0.097        -0.148         1.000
 C10            0.036        -0.021        -0.019         1.000
 C11            0.231        -0.003        -0.036         0.007         1.000
 C12            0.009         0.028        -0.006        -0.009         0.020
 C13           -0.178         0.041         0.123        -0.003         0.101
 C14            0.077         0.038        -0.104         0.051        -0.019
 C15            0.053         0.005        -0.031         0.006         0.017
 C16            0.002        -0.043         0.026        -0.001        -0.007
 C17           -0.101        -0.004         0.035         0.005        -0.203
 C18           -0.007         0.002        -0.012        -0.014        -0.028
 C19            0.118        -0.041        -0.050        -0.007        -0.016
 C20           -0.083         0.034         0.046        -0.008        -0.008
 C21            0.038        -0.022        -0.003         0.046         0.066
 C22            0.167        -0.025        -0.092         0.034        -0.116
 C23            0.106         0.007        -0.010         0.019         0.169
 C24           -0.104         0.036         0.037         0.013        -0.012


           ESTIMATED CORRELATION MATRIX FOR THE LATENT VARIABLES
              C12           C13           C14           C15           C16
              ________      ________      ________      ________      ________
 C12            1.000
 C13            0.183         1.000
 C14            0.016        -0.134         1.000
 C15           -0.090        -0.137         0.015         1.000
 C16            0.093         0.070         0.007        -0.598         1.000
 C17            0.024         0.063        -0.151        -0.045         0.043
 C18           -0.008        -0.095        -0.031        -0.009        -0.016
 C19           -0.031        -0.120         0.094         0.036        -0.030
 C20            0.040         0.035         0.005        -0.012         0.022
 C21           -0.002        -0.032         0.191         0.020        -0.022
 C22           -0.101        -0.617         0.155         0.105        -0.019
 C23           -0.033        -0.046         0.045         0.199        -0.137
 C24            0.128         0.331         0.328        -0.067         0.027


           ESTIMATED CORRELATION MATRIX FOR THE LATENT VARIABLES
              C17           C18           C19           C20           C21
              ________      ________      ________      ________      ________
 C17            1.000
 C18           -0.004         1.000
 C19           -0.041        -0.264         1.000
 C20            0.024         0.206        -0.109         1.000
 C21           -0.126        -0.040         0.085        -0.181         1.000
 C22           -0.009         0.092         0.121        -0.051         0.032
 C23           -0.088        -0.006         0.021         0.053         0.086
 C24            0.054         0.001        -0.017         0.049         0.029


           ESTIMATED CORRELATION MATRIX FOR THE LATENT VARIABLES
              C22           C23           C24
              ________      ________      ________
 C22            1.000
 C23            0.008         1.000
 C24           -0.216        -0.028         1.000


           S.E. FOR ESTIMATED CORRELATION MATRIX FOR THE LATENT VARIABLES
              IX            SX            IY            SY            C1
              ________      ________      ________      ________      ________
 IX             0.000
 SX             0.178         0.000
 IY             0.051         0.094         0.000
 SY             0.142         0.362         0.232         0.000
 C1             0.026         0.056         0.023         0.065         0.000
 C2             0.031         0.060         0.023         0.062         0.015
 C3             0.034         0.067         0.026         0.073         0.012
 C4             0.032         0.066         0.026         0.096         0.012
 C5             0.035         0.069         0.028         0.100         0.013
 C6             0.032         0.071         0.026         0.083         0.013
 C7             0.033         0.071         0.027         0.079         0.012
 C8             0.037         0.073         0.028         0.075         0.012
 C9             0.033         0.068         0.026         0.067         0.011
 C10            0.022         0.059         0.021         0.046         0.017
 C11            0.031         0.074         0.027         0.092         0.016
 C12            0.031         0.064         0.027         0.077         0.016
 C13            0.034         0.068         0.023         0.067         0.017
 C14            0.034         0.066         0.027         0.097         0.012
 C15            0.031         0.066         0.026         0.122         0.017
 C16            0.031         0.065         0.024         0.084         0.016
 C17            0.033         0.072         0.028         0.093         0.015
 C18            0.031         0.068         0.026         0.074         0.015
 C19            0.030         0.063         0.026         0.077         0.015
 C20            0.033         0.063         0.026         0.073         0.015
 C21            0.030         0.063         0.027         0.072         0.016
 C22            0.035         0.073         0.025         0.069         0.013
 C23            0.031         0.077         0.032         0.110         0.017
 C24            0.033         0.063         0.022         0.065         0.012


           S.E. FOR ESTIMATED CORRELATION MATRIX FOR THE LATENT VARIABLES
              C2            C3            C4            C5            C6
              ________      ________      ________      ________      ________
 C2             0.000
 C3             0.018         0.000
 C4             0.019         0.021         0.000
 C5             0.016         0.021         0.010         0.000
 C6             0.017         0.020         0.021         0.021         0.000
 C7             0.019         0.021         0.021         0.022         0.017
 C8             0.019         0.022         0.020         0.021         0.015
 C9             0.021         0.022         0.020         0.020         0.019
 C10            0.004         0.016         0.011         0.021         0.019
 C11            0.017         0.019         0.019         0.017         0.022
 C12            0.017         0.018         0.019         0.019         0.019
 C13            0.024         0.017         0.017         0.015         0.017
 C14            0.019         0.022         0.022         0.020         0.021
 C15            0.016         0.018         0.018         0.019         0.018
 C16            0.018         0.019         0.019         0.018         0.019
 C17            0.016         0.018         0.018         0.019         0.020
 C18            0.018         0.020         0.020         0.019         0.020
 C19            0.018         0.018         0.019         0.021         0.020
 C20            0.018         0.020         0.019         0.019         0.018
 C21            0.017         0.019         0.018         0.020         0.019
 C22            0.019         0.018         0.021         0.019         0.019
 C23            0.017         0.018         0.017         0.019         0.017
 C24            0.020         0.021         0.020         0.021         0.019


           S.E. FOR ESTIMATED CORRELATION MATRIX FOR THE LATENT VARIABLES
              C7            C8            C9            C10           C11
              ________      ________      ________      ________      ________
 C7             0.000
 C8             0.021         0.000
 C9             0.019         0.007         0.000
 C10            0.025         0.012         0.003         0.000
 C11            0.022         0.019         0.015         0.020         0.000
 C12            0.019         0.018         0.018         0.019         0.019
 C13            0.016         0.022         0.026         0.024         0.024
 C14            0.021         0.022         0.022         0.011         0.019
 C15            0.018         0.018         0.018         0.018         0.018
 C16            0.018         0.018         0.019         0.017         0.018
 C17            0.020         0.018         0.016         0.016         0.023
 C18            0.019         0.020         0.020         0.015         0.017
 C19            0.021         0.018         0.017         0.016         0.018
 C20            0.016         0.021         0.025         0.014         0.017
 C21            0.020         0.019         0.019         0.022         0.020
 C22            0.020         0.021         0.023         0.011         0.020
 C23            0.020         0.019         0.017         0.023         0.026
 C24            0.017         0.022         0.022         0.022         0.018


           S.E. FOR ESTIMATED CORRELATION MATRIX FOR THE LATENT VARIABLES
              C12           C13           C14           C15           C16
              ________      ________      ________      ________      ________
 C12            0.000
 C13            0.016         0.000
 C14            0.018         0.018         0.000
 C15            0.018         0.015         0.018         0.000
 C16            0.018         0.017         0.019         0.010         0.000
 C17            0.018         0.019         0.017         0.018         0.018
 C18            0.018         0.019         0.020         0.018         0.018
 C19            0.018         0.014         0.019         0.018         0.018
 C20            0.019         0.019         0.020         0.018         0.018
 C21            0.018         0.019         0.018         0.018         0.018
 C22            0.018         0.019         0.021         0.017         0.018
 C23            0.019         0.015         0.017         0.018         0.014
 C24            0.018         0.024         0.018         0.016         0.018


           S.E. FOR ESTIMATED CORRELATION MATRIX FOR THE LATENT VARIABLES
              C17           C18           C19           C20           C21
              ________      ________      ________      ________      ________
 C17            0.000
 C18            0.018         0.000
 C19            0.019         0.008         0.000
 C20            0.017         0.023         0.013         0.000
 C21            0.020         0.018         0.020         0.007         0.000
 C22            0.018         0.018         0.017         0.020         0.019
 C23            0.020         0.017         0.019         0.022         0.020
 C24            0.016         0.024         0.020         0.027         0.019


           S.E. FOR ESTIMATED CORRELATION MATRIX FOR THE LATENT VARIABLES
              C22           C23           C24
              ________      ________      ________
 C22            0.000
 C23            0.018         0.000
 C24            0.021         0.015         0.000


           EST./S.E. FOR ESTIMATED CORRELATION MATRIX FOR THE LATENT VARIABLES
              IX            SX            IY            SY            C1
              ________      ________      ________      ________      ________
 IX           999.000
 SX            -0.865       999.000
 IY            -8.707         0.527       999.000
 SY             1.298        -2.200         0.407       999.000
 C1            -2.989         0.746       -11.003         0.341       999.000
 C2             4.359        -1.368       -10.271         0.674        11.623
 C3             3.332        -1.266        -8.946         0.315        -3.006
 C4             0.718         1.191        -3.511         2.254         0.166
 C5            -3.263        -0.151         9.599        -2.328         1.982
 C6            -0.185        -1.171         4.614         1.152        -4.997
 C7            -1.270        -0.364         5.948        -0.656        -4.777
 C8            -4.798         0.755         0.940        -0.169        -0.851
 C9             3.319        -0.078        -1.534        -1.237         1.192
 C10           -0.781        -0.249         1.521         0.658        -1.075
 C11           -1.259        -0.651         0.070         1.225         0.301
 C12            2.393         0.006        -6.336         1.041         4.073
 C13            4.677        -2.032       -12.793         1.396        12.033
 C14           -0.834        -0.527         4.902        -2.109        -1.121
 C15           -4.931         1.328        20.301        -2.848        -7.831
 C16            6.216        -1.753       -16.248         2.253         7.483
 C17            1.999         1.397        -7.953         1.749        12.210
 C18            6.362        -1.859        -1.624         1.175        -3.086
 C19           -3.133         0.539         4.536         0.614         0.296
 C20            5.573        -1.691        -1.275        -0.961        -0.944
 C21            2.101        -1.098         2.817        -0.211        -4.338
 C22           -4.539         2.241         9.094         0.005        -2.460
 C23            0.162        -1.904         9.405        -2.112        -6.181
 C24            2.471        -0.343        -7.039        -0.102         2.939


           EST./S.E. FOR ESTIMATED CORRELATION MATRIX FOR THE LATENT VARIABLES
              C2            C3            C4            C5            C6
              ________      ________      ________      ________      ________
 C2           999.000
 C3            11.710       999.000
 C4             1.057        -3.011       999.000
 C5            -6.501        -5.537       -36.832       999.000
 C6            -7.736        -9.168         6.370         2.944       999.000
 C7            -5.792        -9.346         4.273         4.557        38.278
 C8            -0.931        -0.563        -3.443         1.071       -19.509
 C9             2.895         5.655        -3.527        -1.450        -6.293
 C10           -7.401        -1.227        -3.127         3.485         1.389
 C11           -0.974         3.909        -0.845        -3.780        10.592
 C12            3.266         0.669        -0.294         0.623        -0.612
 C13           16.273        22.337        -2.666        -9.202       -11.602
 C14           -2.857        -4.006         0.632         8.516         0.959
 C15           -7.641        -5.412        -0.065         3.123         1.880
 C16            5.309         0.703         0.525        -1.953        -0.044
 C17            4.508        -0.058         0.180        -1.222        -6.829
 C18           -2.364        -1.199         2.678        -3.624         1.606
 C19           -1.356        -5.953         0.291         3.875         5.643
 C20           -0.659         5.111        -1.221        -0.528        -5.460
 C21           -2.331        -1.094        -3.048         4.345         1.354
 C22          -18.057       -27.293         0.811         7.858         7.981
 C23           -3.246        -0.982        -2.126         2.426         4.173
 C24            7.381         8.448        -1.623        -0.921        -6.819


           EST./S.E. FOR ESTIMATED CORRELATION MATRIX FOR THE LATENT VARIABLES
              C7            C8            C9            C10           C11
              ________      ________      ________      ________      ________
 C7           999.000
 C8            -8.231       999.000
 C9            -4.971       -22.110       999.000
 C10            1.428        -1.840        -7.194       999.000
 C11           10.298        -0.137        -2.368         0.379       999.000
 C12            0.477         1.558        -0.316        -0.490         1.063
 C13          -11.225         1.912         4.814        -0.115         4.250
 C14            3.684         1.761        -4.852         4.518        -0.998
 C15            2.903         0.258        -1.722         0.306         0.942
 C16            0.082        -2.320         1.360        -0.039        -0.411
 C17           -5.119        -0.190         2.099         0.305        -8.996
 C18           -0.349         0.086        -0.619        -0.959        -1.634
 C19            5.673        -2.246        -3.037        -0.461        -0.937
 C20           -5.021         1.616         1.857        -0.545        -0.432
 C21            1.924        -1.193        -0.149         2.084         3.319
 C22            8.417        -1.159        -4.035         3.211        -5.731
 C23            5.267         0.394        -0.602         0.843         6.402
 C24           -5.943         1.620         1.634         0.570        -0.648


           EST./S.E. FOR ESTIMATED CORRELATION MATRIX FOR THE LATENT VARIABLES
              C12           C13           C14           C15           C16
              ________      ________      ________      ________      ________
 C12          999.000
 C13           11.492       999.000
 C14            0.896        -7.326       999.000
 C15           -5.091        -8.838         0.812       999.000
 C16            5.220         4.041         0.394       -58.300       999.000
 C17            1.280         3.270        -8.677        -2.469         2.458
 C18           -0.450        -4.978        -1.536        -0.492        -0.899
 C19           -1.726        -8.878         5.013         2.010        -1.709
 C20            2.143         1.840         0.262        -0.652         1.219
 C21           -0.098        -1.636        10.833         1.133        -1.243
 C22           -5.623       -31.719         7.453         5.998        -1.012
 C23           -1.783        -2.977         2.583        11.045        -9.661
 C24            7.077        13.810        18.527        -4.182         1.461


           EST./S.E. FOR ESTIMATED CORRELATION MATRIX FOR THE LATENT VARIABLES
              C17           C18           C19           C20           C21
              ________      ________      ________      ________      ________
 C17          999.000
 C18           -0.239       999.000
 C19           -2.177       -33.413       999.000
 C20            1.404         8.987        -8.437       999.000
 C21           -6.300        -2.223         4.309       -27.435       999.000
 C22           -0.514         5.012         7.183        -2.512         1.742
 C23           -4.308        -0.373         1.115         2.394         4.328
 C24            3.414         0.031        -0.835         1.835         1.521


           EST./S.E. FOR ESTIMATED CORRELATION MATRIX FOR THE LATENT VARIABLES
              C22           C23           C24
              ________      ________      ________
 C22          999.000
 C23            0.433       999.000
 C24          -10.474        -1.918       999.000


           TWO-TAILED P-VALUE FOR ESTIMATED CORRELATION MATRIX FOR THE LATENT VARIABLES
              IX            SX            IY            SY            C1
              ________      ________      ________      ________      ________
 IX             0.000
 SX             0.387         0.000
 IY             0.000         0.598         0.000
 SY             0.194         0.028         0.684         0.000
 C1             0.003         0.456         0.000         0.733         0.000
 C2             0.000         0.171         0.000         0.500         0.000
 C3             0.001         0.206         0.000         0.753         0.003
 C4             0.473         0.234         0.000         0.024         0.868
 C5             0.001         0.880         0.000         0.020         0.048
 C6             0.853         0.242         0.000         0.249         0.000
 C7             0.204         0.716         0.000         0.512         0.000
 C8             0.000         0.450         0.347         0.866         0.395
 C9             0.001         0.938         0.125         0.216         0.233
 C10            0.435         0.804         0.128         0.510         0.282
 C11            0.208         0.515         0.944         0.221         0.764
 C12            0.017         0.995         0.000         0.298         0.000
 C13            0.000         0.042         0.000         0.163         0.000
 C14            0.404         0.598         0.000         0.035         0.262
 C15            0.000         0.184         0.000         0.004         0.000
 C16            0.000         0.080         0.000         0.024         0.000
 C17            0.046         0.162         0.000         0.080         0.000
 C18            0.000         0.063         0.104         0.240         0.002
 C19            0.002         0.590         0.000         0.539         0.767
 C20            0.000         0.091         0.202         0.336         0.345
 C21            0.036         0.272         0.005         0.833         0.000
 C22            0.000         0.025         0.000         0.996         0.014
 C23            0.872         0.057         0.000         0.035         0.000
 C24            0.013         0.732         0.000         0.918         0.003


           TWO-TAILED P-VALUE FOR ESTIMATED CORRELATION MATRIX FOR THE LATENT VARIABLES
              C2            C3            C4            C5            C6
              ________      ________      ________      ________      ________
 C2             0.000
 C3             0.000         0.000
 C4             0.291         0.003         0.000
 C5             0.000         0.000         0.000         0.000
 C6             0.000         0.000         0.000         0.003         0.000
 C7             0.000         0.000         0.000         0.000         0.000
 C8             0.352         0.574         0.001         0.284         0.000
 C9             0.004         0.000         0.000         0.147         0.000
 C10            0.000         0.220         0.002         0.000         0.165
 C11            0.330         0.000         0.398         0.000         0.000
 C12            0.001         0.504         0.769         0.533         0.541
 C13            0.000         0.000         0.008         0.000         0.000
 C14            0.004         0.000         0.527         0.000         0.337
 C15            0.000         0.000         0.949         0.002         0.060
 C16            0.000         0.482         0.600         0.051         0.965
 C17            0.000         0.954         0.857         0.222         0.000
 C18            0.018         0.231         0.007         0.000         0.108
 C19            0.175         0.000         0.771         0.000         0.000
 C20            0.510         0.000         0.222         0.598         0.000
 C21            0.020         0.274         0.002         0.000         0.176
 C22            0.000         0.000         0.417         0.000         0.000
 C23            0.001         0.326         0.034         0.015         0.000
 C24            0.000         0.000         0.105         0.357         0.000


           TWO-TAILED P-VALUE FOR ESTIMATED CORRELATION MATRIX FOR THE LATENT VARIABLES
              C7            C8            C9            C10           C11
              ________      ________      ________      ________      ________
 C7             0.000
 C8             0.000         0.000
 C9             0.000         0.000         0.000
 C10            0.153         0.066         0.000         0.000
 C11            0.000         0.891         0.018         0.705         0.000
 C12            0.633         0.119         0.752         0.624         0.288
 C13            0.000         0.056         0.000         0.908         0.000
 C14            0.000         0.078         0.000         0.000         0.318
 C15            0.004         0.797         0.085         0.759         0.346
 C16            0.935         0.020         0.174         0.969         0.681
 C17            0.000         0.850         0.036         0.760         0.000
 C18            0.727         0.932         0.536         0.338         0.102
 C19            0.000         0.025         0.002         0.645         0.349
 C20            0.000         0.106         0.063         0.585         0.666
 C21            0.054         0.233         0.882         0.037         0.001
 C22            0.000         0.246         0.000         0.001         0.000
 C23            0.000         0.693         0.547         0.399         0.000
 C24            0.000         0.105         0.102         0.569         0.517


           TWO-TAILED P-VALUE FOR ESTIMATED CORRELATION MATRIX FOR THE LATENT VARIABLES
              C12           C13           C14           C15           C16
              ________      ________      ________      ________      ________
 C12            0.000
 C13            0.000         0.000
 C14            0.370         0.000         0.000
 C15            0.000         0.000         0.417         0.000
 C16            0.000         0.000         0.693         0.000         0.000
 C17            0.200         0.001         0.000         0.014         0.014
 C18            0.653         0.000         0.124         0.623         0.369
 C19            0.084         0.000         0.000         0.044         0.087
 C20            0.032         0.066         0.793         0.515         0.223
 C21            0.922         0.102         0.000         0.257         0.214
 C22            0.000         0.000         0.000         0.000         0.311
 C23            0.075         0.003         0.010         0.000         0.000
 C24            0.000         0.000         0.000         0.000         0.144


           TWO-TAILED P-VALUE FOR ESTIMATED CORRELATION MATRIX FOR THE LATENT VARIABLES
              C17           C18           C19           C20           C21
              ________      ________      ________      ________      ________
 C17            0.000
 C18            0.811         0.000
 C19            0.030         0.000         0.000
 C20            0.160         0.000         0.000         0.000
 C21            0.000         0.026         0.000         0.000         0.000
 C22            0.607         0.000         0.000         0.012         0.082
 C23            0.000         0.709         0.265         0.017         0.000
 C24            0.001         0.975         0.404         0.066         0.128


           TWO-TAILED P-VALUE FOR ESTIMATED CORRELATION MATRIX FOR THE LATENT VARIABLES
              C22           C23           C24
              ________      ________      ________
 C22            0.000
 C23            0.665         0.000
 C24            0.000         0.055         0.000


           ESTIMATED PARTIAL CORRELATION MATRIX FOR THE LATENT VARIABLES
              IX            SX            IY            SY            C1
              ________      ________      ________      ________      ________
 IX             1.000
 SX           999.000       999.000
 IY            -0.033       999.000         1.000
 SY           999.000        -2.196       999.000       999.000
 C1            -0.156       999.000        -0.169       999.000         1.000
 C2             0.038       999.000        -0.121       999.000         0.107
 C3             0.004       999.000        -0.031       999.000        -0.097
 C4             0.170       999.000         0.548       999.000         0.075
 C5            -0.137       999.000        -0.129       999.000         0.050
 C6             0.046       999.000         0.092       999.000         0.000
 C7            -0.095       999.000        -0.231       999.000        -0.056
 C8            -0.130       999.000         0.142       999.000        -0.040
 C9             0.003       999.000        -0.149       999.000        -0.015
 C10            0.015       999.000         0.103       999.000        -0.014
 C11            0.099       999.000         0.458       999.000         0.105
 C12            0.102       999.000         0.141       999.000         0.032
 C13            0.068       999.000        -0.037       999.000         0.198
 C14           -0.152       999.000        -0.491       999.000         0.005
 C15           -0.227       999.000        -0.415       999.000        -0.094
 C16            0.051       999.000        -0.316       999.000         0.023
 C17            0.256       999.000         0.469       999.000         0.229
 C18            0.148       999.000        -0.099       999.000         0.006
 C19            0.058       999.000         0.238       999.000         0.045
 C20            0.057       999.000        -0.317       999.000        -0.017
 C21            0.104       999.000        -0.029       999.000        -0.035
 C22            0.094       999.000         0.488       999.000         0.127
 C23           -0.224       999.000        -0.701       999.000        -0.123
 C24            0.053       999.000         0.119       999.000        -0.047


           ESTIMATED PARTIAL CORRELATION MATRIX FOR THE LATENT VARIABLES
              C2            C3            C4            C5            C6
              ________      ________      ________      ________      ________
 C2             1.000
 C3             0.030         1.000
 C4             0.018        -0.008         1.000
 C5            -0.018        -0.056        -0.526         1.000
 C6            -0.050        -0.042         0.124         0.034         1.000
 C7             0.021        -0.088        -0.032         0.107         0.588
 C8            -0.031        -0.049         0.010        -0.018        -0.246
 C9             0.000         0.035        -0.108         0.029        -0.105
 C10           -0.021         0.006         0.008         0.034         0.006
 C11           -0.058         0.105         0.040        -0.192         0.152
 C12           -0.028        -0.042         0.074        -0.001         0.015
 C13            0.179         0.070        -0.034        -0.043        -0.050
 C14            0.025        -0.056        -0.022         0.250        -0.076
 C15            0.013        -0.114        -0.224         0.152        -0.064
 C16            0.025        -0.055        -0.027         0.036        -0.026
 C17           -0.001         0.031         0.152        -0.089        -0.052
 C18            0.005        -0.010         0.006        -0.016         0.035
 C19            0.041        -0.010         0.035        -0.008         0.048
 C20           -0.049         0.046        -0.092         0.091        -0.075
 C21           -0.028         0.002        -0.053         0.056        -0.032
 C22           -0.138        -0.282         0.057        -0.066         0.017
 C23            0.015        -0.081        -0.252         0.177        -0.060
 C24            0.006         0.065         0.015        -0.067        -0.004


           ESTIMATED PARTIAL CORRELATION MATRIX FOR THE LATENT VARIABLES
              C7            C8            C9            C10           C11
              ________      ________      ________      ________      ________
 C7             1.000
 C8            -0.015         1.000
 C9             0.030        -0.193         1.000
 C10            0.004        -0.018        -0.026         1.000
 C11            0.075         0.097        -0.069         0.023         1.000
 C12            0.000         0.050        -0.046        -0.002         0.064
 C13           -0.002         0.043         0.056         0.038         0.075
 C14            0.132        -0.014        -0.036         0.013        -0.147
 C15            0.143        -0.118         0.081        -0.046        -0.211
 C16            0.055        -0.032         0.022        -0.002        -0.016
 C17           -0.047         0.041        -0.069         0.051        -0.055
 C18            0.007         0.033        -0.008        -0.018        -0.048
 C19            0.021        -0.003        -0.036        -0.021        -0.011
 C20            0.031         0.005         0.062        -0.011        -0.057
 C21            0.004        -0.016         0.023         0.030         0.043
 C22           -0.024         0.016        -0.024         0.046         0.024
 C23            0.185        -0.057         0.105        -0.031        -0.045
 C24           -0.054         0.011         0.000         0.010         0.036


           ESTIMATED PARTIAL CORRELATION MATRIX FOR THE LATENT VARIABLES
              C12           C13           C14           C15           C16
              ________      ________      ________      ________      ________
 C12            1.000
 C13            0.124         1.000
 C14           -0.064        -0.150         1.000
 C15           -0.127        -0.005         0.237         1.000
 C16            0.020        -0.015         0.056        -0.556         1.000
 C17            0.073        -0.019        -0.335        -0.251        -0.044
 C18           -0.020        -0.095        -0.026         0.031        -0.063
 C19            0.005        -0.061        -0.001        -0.083        -0.032
 C20           -0.008        -0.017         0.135         0.177         0.031
 C21            0.000         0.007         0.189         0.021        -0.018
 C22            0.040        -0.436        -0.001        -0.161         0.036
 C23           -0.130        -0.018         0.261         0.592         0.041
 C24            0.093         0.266         0.389        -0.107        -0.035


           ESTIMATED PARTIAL CORRELATION MATRIX FOR THE LATENT VARIABLES
              C17           C18           C19           C20           C21
              ________      ________      ________      ________      ________
 C17            1.000
 C18           -0.065         1.000
 C19            0.014        -0.273         1.000
 C20           -0.100         0.181        -0.044         1.000
 C21           -0.099         0.002         0.049        -0.200         1.000
 C22            0.146         0.072         0.072        -0.072        -0.006
 C23           -0.287         0.022        -0.061         0.235         0.099
 C24            0.164         0.048         0.045        -0.026        -0.029


           ESTIMATED PARTIAL CORRELATION MATRIX FOR THE LATENT VARIABLES
              C22           C23           C24
              ________      ________      ________
 C22            1.000
 C23           -0.205         1.000
 C24            0.008        -0.107         1.000


RESULTS SAVING INFORMATION

  Order of data

    Parameter estimates
     (saved in order shown in Technical 1 output)
    Standard errors
     (saved in order shown in Technical 1 output)
    Number of Free Parameters
    H0 Loglikelihood
    H0 Scaling Correction Factor for MLR
    H1 Loglikelihood
    H1 Scaling Correction Factor for MLR
    Akaike (AIC)
    Bayesian (BIC)
    Sample-Size Adjusted BIC
    Chi-square : Value
    Chi-square : Degrees of Freedom
    Chi-square : P-Value
    Chi-square : Scaling Correction Factor for MLR/MLM/WLSM
    CFI
    TLI
    RMSEA : Estimate
    RMSEA : Low CI
    RMSEA : High CI
    RMSEA : Probability
    SRMR
    Condition Number

  Save file
    estimates.dat

  Save file format           Free


SAVEDATA INFORMATION


  Estimated Covariance Matrix for the Parameter Estimates

  Save file
    tech3.dat
  Save format      Free

     Beginning Time:  10:53:30
        Ending Time:  10:56:22
       Elapsed Time:  00:02:52



MUTHEN & MUTHEN
3463 Stoner Ave.
Los Angeles, CA  90066

Tel: (310) 391-9971
Fax: (310) 391-8971
Web: www.StatModel.com
Support: Support@StatModel.com

Copyright (c) 1998-2025 Muthen & Muthen
