0.010539012,0.0020852945,0.00287063,-0.0011767279,0.00018653151,0.0016874812,0.0019125461,0.00030618877,-2.1913291e-06,-5.3550701e-05,5.6222949e-05,-0.00047421837,0.00020581,-0.00061415336,0.00018263278,-0.0028473847,0.0009775756,7.3790407e-05,0.0014974264,-0.00044162344,-0.00045759327,-0.00028182236,0.0012088013,0.00099391738,-0.0010776258,0.00048741611,-5.2470494e-05,0.00024686772,-0.00051240383,-0.003323535,-0.00089821447,3.768011e-06,0.00052680204,6.813739e-05,-0.00063438418,0.00096625578,-0.0015755622,0.0010484554,0.00127186,0.00051842396,0.00011595497,0.00066929689,0.00064751488,3.2939385e-05,0.00036179926,0.00015114538,0.00022227122,-0.00075869502,-0.0010531663,0.00053321588,-0.00017357319,3.8785842e-05,-0.00041623005,0.00037047662,0.0013357315,0.00032009264,-9.0613089e-05,-0.00022672854,4.7127257e-05,0.0002908672,-0.00027684147,0.00059288985,-0.00021625282,-0.00041959505,0.00017714433,0.00014312438,-0.00085366077,-9.3630753e-05,-4.0990494e-05,-0.0037151664,-0.00041462096,-0.00044330019,0.00038216838,-0.00046151984,-0.00053787573,5.7750897e-05,-5.4459801e-05,1.0611716e-05,-0.0010903107,0.00053444724,6.1058838e-05,2.9692106e-05,-2.2326713e-05,3.6232602e-05,5.3718626e-05,5.4798886e-05,0.00060892076,0.00044275677,0.00058214772,-9.0558824e-05,0.001073934,0.00084784427,-0.00079160232,3.2513959e-05,-6.797346e-06,-0.0094817529,0.0033979605,-0.0021530259,0.00054943188,5.8006843e-06,-0.00048972361,0.00086632195,0.0017323934,0.00018370326,-0.0001343014,1.7390611e-05,0.0016515658,-0.00074146572,-0.0016864225,-0.00095561788,5.5510002e-05,-0.00014557223,-6.228329e-05,0.00085545712,-0.0014632474,-0.00052237504,-0.0011551772,-8.5381833e-05,-0.0014326364,-0.0015612491,0.0020375067,-8.720539e-05,4.5322745e-05,-0.00026576752,0.00015002475,-0.0060631408,0.0036323275,-0.0028468576,0.0010836808,3.5325299e-05,0.0006755695,0.0032273706,-0.00038172261,-0.00015494919
0.0020852945,0.014536074,0.0053513759,0.00083145575,-0.0011841516,-4.36375e-05,0.0015154948,-0.00015673964,-2.3427154e-05,0.00021318589,-2.4125217e-05,-0.00011670635,0.00021972288,-7.4319425e-05,6.3713201e-05,0.0021187608,-0.0021196869,0.00040836069,-0.0045291052,-0.0011398639,-0.00040526445,-0.001922591,-0.00052550812,0.001237078,0.0002517428,-0.00027569406,6.7495548e-05,-0.0016335531,0.0027292383,-0.0088683578,-0.00029815628,-0.00084283044,5.2120854e-06,-0.0011548068,1.7360877e-05,0.00095565611,0.0015706221,-0.0011831415,0.00038901031,0.00086864983,-0.0016893204,0.00054883977,0.00073505982,-0.00032823849,0.0011199187,0.0001260912,0.0011591507,5.5143299e-05,-0.0011562194,-5.1304971e-06,0.0002414221,-3.1091497e-05,0.0004712092,-0.0017697166,0.0047783721,0.00023697681,0.00038676546,0.00011353918,0.00089531626,-7.8841905e-05,-0.00020330076,-0.0010185868,0.0011286383,-2.8243227e-05,-4.8927567e-05,0.0012781882,-0.00091492694,-0.00012709225,0.00015506202,0.00721802,0.0013463951,0.0010988072,-0.00010273834,4.2604094e-05,-7.6574727e-05,0.0006056634,-1.7900854e-05,-1.6492095e-05,0.0020753074,-0.001237656,0.002416004,0.00055929938,5.2290085e-05,-0.00026261719,-0.00010652737,6.2870675e-05,-0.0012509113,-0.00093415097,-0.0010879416,-0.00028267332,-0.0016325784,-0.00064171416,0.00036874524,-0.00025732882,8.2275799e-05,0.017229526,-0.010561166,-0.00044715014,-0.0018417061,-0.0023799632,0.00017432899,-0.0009531172,-0.0019287707,-0.00014859087,0.00064714652,2.4277101e-05,-0.0045462438,0.0016705894,-0.0022903515,-0.00076078137,-0.00045082324,0.00090428663,0.00097353729,-0.00039828343,0.0030915604,0.00024859074,0.0034122732,0.00171957,0.0041784473,0.0017525213,-0.0027400809,0.0015961033,-0.00028327502,-0.0010050661,-0.00010196373,0.0047319912,-0.0057174877,0.004754933,-0.0014674546,0.00043914269,0.00043181488,-0.0045815992,0.0002951573,8.5330378e-05
0.00287063,0.0053513759,0.019795026,0.00028141362,-0.0002306772,-0.0054454881,0.001417756,-0.00010975483,-1.4683159e-05,4.4182966e-05,1.1801111e-05,0.00079379244,4.0617969e-05,-0.00039144099,-0.00025339384,-0.004268584,0.0011901596,0.00093621591,-0.0051632957,-0.0013780209,-0.00076030198,0.0015216447,-0.0004849764,0.00037659617,0.002282944,0.00093749953,1.5009465e-05,-0.00082332896,2.6082487e-05,0.0008346039,-0.0023848127,-0.00066414831,0.00057984971,0.0013979777,0.0014398648,0.0021337951,-0.00016925101,-0.00062457704,-0.0011907903,0.00066490667,0.00079398153,-0.0024069631,0.00017408692,-5.3009782e-05,0.0011062589,0.00037876197,-0.00070872308,4.9284022e-05,-0.00050407646,-0.0009961073,-0.0003671348,-6.3750083e-06,7.7295617e-05,-0.00034851117,0.00021638032,0.0011242714,0.00028182321,-0.00022310207,-0.0007617799,-0.00060915805,-0.00089265446,-3.3402581e-05,0.00070910847,0.00057642186,8.8561761e-06,-4.6929138e-05,0.00099649015,6.7564339e-05,2.9374474e-05,0.0036955817,0.00083239737,0.00074770301,-0.00067394568,6.0244806e-05,-1.4770744e-05,5.8190741e-05,-0.00016434559,-1.3381727e-05,0.00099739663,-0.00051523884,0.00052466928,0.00086295305,1.1689294e-05,-0.00019248406,-0.00042870112,-0.00017726479,-0.00088072716,-0.00035515363,-0.00051455349,-3.0500669e-05,-0.00089851429,-0.00075535917,0.00081471824,-7.2177155e-05,3.9995776e-05,0.015250221,-0.0078476832,-0.0022084407,-0.0012631624,-0.0023474595,0.0012712712,-0.00097356367,-0.0021241468,0.00086097856,0.001023369,-1.1971442e-05,-0.0032069386,0.0007508199,0.0011575105,-0.0017863631,-0.00052296683,0.0008114734,0.0014852716,0.0011358195,0.00249822,-0.00085062533,0.0028226187,0.0010406573,0.0035221072,0.0025373371,-0.003136333,0.0013675867,-0.00020605356,-0.0011798711,-1.2523604e-05,0.0047491171,-0.0044184289,0.0033408776,-0.00085966405,0.0004024522,0.0017447133,-0.0035374273,0.00041174069,-0.00020876485
-0.0011767279,0.00083145575,0.00028141362,0.00069493907,-9.112292e-05,-0.00017038958,-3.7962571e-05,-0.00012483959,3.4715105e-05,3.6839103e-05,-8.3527425e-06,4.592095e-05,-1.7315802e-06,9.2854187e-05,-8.3081836e-06,0.00034533166,-0.00027468597,0.00016281255,-0.00077321362,2.5987917e-05,1.8344893e-05,-4.6837849e-05,-0.00018967658,-7.0280018e-05,0.00027119203,-3.5137621e-05,1.1917447e-05,-0.00017730967,0.00026540363,-3.0202151e-05,-0.00015115657,-7.3084522e-05,-5.3686561e-05,-8.254895e-06,8.0976754e-05,-4.9748791e-05,0.00031409202,-0.00019227917,-0.00016170411,-1.2833365e-05,-0.00012476105,-7.9719529e-05,-5.0233432e-05,-2.5699771e-05,-2.0752371e-05,-9.1089909e-06,2.8784177e-05,4.5810205e-05,3.185205e-05,-0.00014862195,3.1039064e-05,-9.474232e-06,0.00010905793,-0.00020715305,0.00021271967,2.8064285e-05,4.6912224e-05,4.4390723e-05,5.7733452e-05,-3.0143048e-05,8.2756326e-06,-0.00015168357,7.9818411e-05,3.4401688e-05,-5.0862808e-05,8.6149952e-05,8.403258e-05,7.9852409e-06,1.5779462e-05,0.0010940873,0.00021525005,0.00012666662,-6.3729065e-05,4.9820433e-05,5.1505859e-05,2.5849543e-05,-1.1185955e-05,-5.4808052e-06,0.0002936777,-0.0002008771,0.00021109278,9.7276145e-05,1.1624563e-05,-2.3470072e-05,-4.6917054e-05,-2.3795258e-05,-0.00020704651,-0.00011740095,-0.00017203048,-3.3310814e-05,-0.00027508026,-0.00017844836,0.00013649915,-1.226018e-05,3.4073666e-06,0.0027863998,-0.0015559243,6.4030709e-06,-0.0003332865,-0.00021083658,0.00011669615,-0.00022646609,-0.00038508532,8.7695106e-05,9.65572e-05,5.9325204e-06,-0.00057482238,0.00042071476,0.00015537254,-6.411566e-05,-6.9873556e-05,8.7513881e-05,0.00018578227,-2.2519962e-05,0.00041137294,5.0911532e-05,0.00048650467,0.00020905046,0.00063243754,0.0003522757,-0.00052764628,0.00015280521,-2.5768275e-05,8.9342954e-06,-6.9991027e-05,0.0010507186,-0.00092682849,0.0007260042,-0.00028605985,6.7021134e-05,2.3773714e-05,-0.00071639899,5.0691221e-05,4.444697e-05
0.00018653151,-0.0011841516,-0.0002306772,-9.112292e-05,0.00057927257,8.9460044e-05,2.4678695e-05,3.4120568e-05,1.2733193e-05,-9.1084405e-05,6.3650656e-05,-1.0609087e-05,8.1655825e-05,-5.4931492e-05,0.0001310805,-0.0003032478,0.00014906577,-7.7382038e-05,0.00057052616,-0.00020016723,3.7686327e-05,0.00013860954,5.8504546e-05,-4.4870873e-05,2.1591825e-05,5.9492487e-05,-7.21111e-06,0.0001298153,-0.00022206965,0.00059801641,-4.4047869e-05,5.9745467e-05,2.4209602e-05,7.1528875e-05,1.2866851e-05,-7.1192862e-05,-0.00017949744,0.00011330503,-5.2631973e-05,6.3079366e-06,0.00012153234,-5.0838908e-05,-3.6701323e-05,2.9725711e-05,0.00013120697,6.455589e-06,-5.2034286e-05,2.1711459e-05,6.8683961e-05,-2.8074806e-05,-2.0611577e-05,4.2182795e-06,-7.1470274e-05,0.00014653731,-0.00018992983,2.5764445e-05,-3.9732265e-05,-1.5484026e-05,-3.7629209e-05,1.6605394e-05,1.3659944e-05,7.3233088e-05,-0.00010635428,-2.6341357e-05,1.702024e-05,-8.1695264e-05,4.1265395e-05,7.083062e-06,-1.529493e-05,-0.00086234477,-0.00024928486,-0.00013044068,3.1927607e-05,-2.0461976e-05,1.9877988e-05,-2.8068592e-05,-6.6497275e-06,6.1985835e-06,-0.00025428909,0.00015113336,-0.00016431321,-6.0370191e-05,8.2737702e-06,3.3240557e-05,1.2094733e-06,3.6893515e-05,0.00015886124,7.3282978e-05,0.0001254332,-4.4720919e-06,0.0001926571,0.00011030724,-8.300464e-05,1.9924314e-05,-4.9796603e-06,-0.0022500635,0.0010400756,-0.00034699168,0.00045371984,0.00015524323,-0.00011224332,9.7680395e-05,0.00020705296,1.5437782e-05,-5.0756179e-05,-1.099255e-05,0.00053636454,-0.00013553647,9.5916191e-06,3.0280125e-05,9.9161732e-06,-9.7065069e-05,2.6401916e-06,0.00010259942,-0.00043338107,2.4421238e-05,-0.000396621,-0.00012569029,-0.00040158077,-0.00022863838,0.00042388369,-0.00011993598,2.0849249e-05,-0.00014304991,0.00016496165,-0.00062994326,0.00061826526,-0.00053291468,0.00019292665,-1.1750279e-05,5.8578438e-05,0.00051657985,-2.3661717e-05,-4.7515456e-05
0.0016874812,-4.36375e-05,-0.0054454881,-0.00017038958,8.9460044e-05,0.0034729117,0.00033533746,7.553554e-05,2.4824447e-05,-3.2573469e-05,2.6168966e-05,-0.00073731949,0.00027167394,-3.5887889e-05,0.00020217839,0.00094568336,-0.00033074863,-0.00037774148,0.0022809073,0.00018029709,0.00012238457,-0.00062865254,0.00032667632,0.00016184572,-0.00089582975,-0.00018968874,-7.2559329e-06,0.00012897021,0.00013219042,-0.001692791,0.00066577851,6.0741316e-05,-3.9633432e-05,-0.0004475888,-0.00046624348,-0.00044355219,-0.00022805398,0.00014637447,0.00065707485,6.2179575e-05,-0.00031463113,0.00084639886,5.0681176e-05,5.7945988e-06,-0.00014332292,-7.2500002e-05,0.00031859776,-0.00015726289,-0.00013895451,0.0004248813,7.6625882e-05,7.0222685e-06,-2.2337996e-05,3.6199573e-05,0.00062488738,-0.00025239388,-3.9353756e-05,3.3825747e-06,0.00027863534,0.00021939186,0.00019758798,4.6735745e-05,-0.00015806971,-0.00027168361,1.6657972e-05,0.00013732842,-0.00054154873,-2.9186805e-05,-7.3568436e-06,-0.0018679399,-0.00050774443,-0.00032953367,0.00031956949,-0.00010808667,-9.246862e-05,2.1046289e-05,5.1517992e-05,5.7029951e-07,-0.0005595243,0.00024441025,0.00011994979,-0.00028294537,3.8619069e-05,7.1145534e-05,0.00011511307,3.741578e-05,0.00037968455,0.00014613033,0.00027390204,-4.8770887e-05,0.00045435073,0.00047615581,-0.00036507113,6.0860874e-05,-9.4491843e-06,-0.0081440206,0.0029110644,-0.00029290723,0.00090909161,0.00064110181,-0.00066743202,0.00049704447,0.0011045097,-0.00015971825,-0.00039264253,2.7158274e-05,0.0015023421,-0.00028079552,-0.0013711817,0.00023180457,0.00011879127,-0.00030099088,-0.00035192578,5.4347246e-05,-0.0012090163,0.00026472704,-0.0011458999,-0.0003708078,-0.0013746204,-0.0013289476,0.0015066488,-0.00047370642,5.8843988e-05,0.00016969062,0.00021400388,-0.0034353915,0.0022833743,-0.0016906377,0.00055359567,-7.2301791e-05,-0.00028598353,0.0018425907,-0.00024558557,3.504403e-05
0.0019125461,0.0015154948,0.001417756,-3.7962571e-05,2.4678695e-05,0.00033533746,0.0014571546,5.0798585e-05,1.3555349e-06,-2.9509745e-05,4.2288166e-05,-0.00012569852,0.00013090588,-0.00022342332,0.00014682614,-0.00055293273,1.5761118e-05,-3.8219781e-05,0.00025114037,-0.0002224457,-0.00016774343,-1.0190485e-05,8.6403078e-05,0.00027863366,-3.7720194e-05,0.00015702631,-1.10313e-05,-0.00018631574,-6.2895929e-05,-0.0010368515,-0.00021814437,-7.185465e-05,0.00012324614,-5.5007858e-05,-0.00012950808,0.00022056836,-0.0001886547,0.00013049091,0.00016722145,0.00020272883,-4.2420418e-05,-1.9284198e-06,0.00015550108,-1.6534986e-05,0.00019123504,4.9461774e-05,5.8294695e-05,-4.6946784e-05,-0.00023499254,-7.4906226e-06,-4.3497731e-05,1.0231755e-05,4.2816873e-06,-3.2605989e-05,0.00052048263,0.00010006035,2.1425351e-06,-3.9290987e-05,9.2106145e-05,4.8767162e-05,-9.5456061e-05,4.5598407e-05,3.8986343e-05,-8.8850179e-05,-1.3345019e-05,0.0001316392,-0.0001264933,-1.0298197e-05,5.8672058e-07,-5.1987534e-05,-0.00011329406,4.7222277e-05,9.8237581e-06,-1.1999686e-05,-8.210852e-05,6.3479423e-05,-3.5225268e-05,3.6356014e-06,2.0868295e-05,5.7976849e-05,0.00010485773,2.4145586e-05,2.4192357e-05,9.7882704e-07,2.1568382e-05,7.3998537e-05,3.2132197e-05,-5.3704715e-05,2.7546459e-05,-2.5777018e-05,1.5313422e-05,0.00011285397,-2.3495668e-05,-2.4630941e-05,1.6350262e-06,-0.00077917245,-0.00038839964,-0.00077968932,0.00026785487,-0.00038149762,-2.7125073e-05,-5.7934883e-05,0.0001377921,5.4147228e-05,3.4271758e-05,5.939674e-06,-0.00013651841,2.730321e-05,-0.00043315261,-0.00022423266,-7.2134295e-05,4.1477504e-05,4.5123872e-05,0.00014061993,-0.00012058838,-4.3169388e-05,-3.504554e-05,7.709092e-05,0.00017900696,-0.00013078017,0.00016255989,0.00011560999,-1.434865e-05,-0.00016907316,0.00015445663,-0.00072911954,9.7255044e-05,-6.206127e-05,9.2608729e-05,7.8051713e-05,0.00025177082,0.0001357715,-3.1603427e-05,-3.4472744e-05
0.00030618877,-0.00015673964,-0.00010975483,-0.00012483959,3.4120568e-05,7.553554e-05,5.0798585e-05,0.00027561263,-6.8421139e-05,-1.8796663e-05,1.8543403e-05,-2.119844e-05,-1.8587869e-05,-3.2758337e-05,6.613573e-07,-5.1378869e-05,0.00010557073,-5.5904713e-05,0.00019224142,-7.4666801e-05,1.9258622e-05,-2.307508e-05,5.9533111e-05,1.783287e-05,-5.3723882e-05,8.5083027e-06,-6.7992485e-07,9.8887726e-05,-2.1837039e-05,-2.0757392e-05,2.5310043e-05,8.7314689e-06,2.1832574e-06,-1.975547e-05,-5.1060643e-06,8.4495593e-06,-9.2636848e-05,7.1247043e-05,5.371244e-05,-1.6046819e-05,-1.3308624e-05,1.8135895e-05,3.4563275e-06,7.0764492e-06,6.7159601e-05,-4.6536016e-06,2.8394843e-05,-3.9916738e-05,-2.118418e-05,3.3428328e-05,-1.2139366e-05,6.7874466e-07,-8.08341e-05,5.8313035e-06,-1.0883232e-05,1.5140088e-05,-7.8708245e-06,-8.6532011e-06,-9.8319611e-06,-1.0589912e-05,-3.1809243e-05,4.7074655e-05,-5.9107645e-05,-5.8982421e-05,1.953852e-05,-1.5579265e-05,-1.3179273e-05,4.1959381e-06,-2.5609361e-06,-0.00013378957,-2.1553133e-05,-9.3562373e-06,1.2304009e-05,-2.0008087e-05,-5.5117549e-06,9.1316982e-06,3.7934003e-06,2.2620864e-07,-5.2115652e-05,2.0362131e-05,-3.4039367e-05,-4.1384682e-05,2.099016e-06,1.198254e-05,1.558845e-05,2.8355429e-05,2.1269502e-05,1.4223757e-05,1.989267e-05,-3.2135872e-05,5.1281805e-05,2.1768769e-05,1.9582558e-06,7.1600413e-06,-1.3140105e-06,-0.00028469947,-4.8281677e-05,-0.00030725583,2.6396143e-05,-4.349839e-05,-2.0384893e-05,1.1780094e-05,-2.7986991e-05,4.6030507e-05,-1.1976083e-05,1.8466041e-06,6.3724861e-05,4.9974908e-06,5.346846e-05,-1.9044234e-05,-1.7276064e-05,-2.2949099e-05,1.1554796e-05,5.122003e-05,-8.6015614e-05,-3.5942047e-05,-1.6358246e-06,7.5924415e-05,-3.2902796e-05,-3.6714919e-05,-4.2951953e-06,2.5022249e-05,4.9069493e-07,-5.5572998e-05,1.1723776e-05,-0.00024612027,0.0001984102,-0.00016271147,2.0947613e-05,1.6843431e-05,0.00011407818,0.00018813737,-2.7739478e-05,-1.5015227e-05
-2.1913291e-06,-2.3427154e-05,-1.4683159e-05,3.4715105e-05,1.2733193e-05,2.4824447e-05,1.3555349e-06,-6.8421139e-05,0.0006241649,-1.6621342e-06,0.00010631347,1.4568076e-05,1.9963929e-05,1.7213771e-05,2.7696495e-05,-7.311152e-05,7.003499e-06,5.6669896e-05,0.00017443641,-0.00014424797,1.0340208e-05,1.395554e-05,2.6831767e-05,-2.6320466e-05,7.0177026e-05,2.0622046e-06,-8.7639364e-07,6.0992052e-05,-1.8722175e-05,6.2370343e-05,-5.2580481e-05,9.3059368e-06,-2.2841358e-06,-2.4976792e-05,1.5553014e-05,4.0499033e-05,-2.9133428e-05,4.1904506e-05,5.2585341e-06,3.935447e-06,2.6818483e-05,1.2353357e-05,2.2416277e-05,-4.9615851e-07,0.00010444286,9.5423239e-07,-2.3202552e-05,-2.2206167e-05,2.4028708e-05,-1.1003889e-05,5.1106643e-06,-3.16087e-07,-3.1734856e-06,1.6440591e-05,1.553411e-05,3.5974749e-06,-7.554414e-06,1.9073948e-06,7.5255995e-06,4.0296693e-06,-3.2336831e-05,5.4901747e-06,-3.9626452e-05,9.9994037e-06,1.9280193e-05,-2.5769903e-05,-8.6599706e-06,-1.6152424e-05,3.7686834e-06,-9.1984511e-05,-5.5558235e-05,-5.0118367e-05,-5.849426e-06,2.0166848e-05,1.2328686e-05,-7.9025315e-06,-3.0942549e-06,2.4876248e-06,-1.3139069e-05,4.6666463e-06,-3.2231671e-05,-9.2591147e-06,2.5206828e-06,-8.1544558e-06,-2.4160886e-05,-1.6662335e-05,2.9913951e-05,3.2123709e-05,-8.1058308e-05,-2.8695155e-05,1.7236923e-05,-9.8551394e-06,-2.641671e-06,7.4403261e-06,4.9362856e-06,-0.00067077251,4.5546546e-05,-0.00027754403,0.00010852298,2.1302744e-05,-4.9770082e-05,2.5859526e-05,4.1531716e-05,0.00011448053,-1.5110993e-05,-2.0176936e-06,0.00010480771,-2.0935558e-05,-9.8766025e-05,-3.4807284e-05,-2.1948417e-05,-2.4503349e-05,3.5820871e-05,0.00013495774,-0.00010463583,-3.419956e-05,0.00011464518,1.3251729e-05,-0.00015634432,-1.5321793e-05,0.00014589395,-8.4659936e-06,-6.5794802e-06,-0.0001136909,7.8466819e-05,4.0418542e-06,6.4894963e-07,1.2194655e-05,4.0380944e-05,-2.1544407e-05,0.00012507457,3.3837605e-05,3.0483837e-05,-1.1399255e-05
-5.3550701e-05,0.00021318589,4.4182966e-05,3.6839103e-05,-9.1084405e-05,-3.2573469e-05,-2.9509745e-05,-1.8796663e-05,-1.6621342e-06,0.00030736327,-8.0786974e-05,2.7581275e-05,-5.781983e-05,6.5540775e-05,-6.0143318e-05,2.0424205e-05,-4.3810166e-05,9.5309734e-05,-0.00057997718,0.00021686242,-2.0100467e-05,-2.3430511e-05,-4.8459947e-05,-1.1587348e-05,1.8033833e-06,1.3623182e-06,-2.7929599e-06,-2.1976207e-06,9.5249539e-05,-6.1084246e-05,3.9510965e-06,1.2726251e-07,-5.1105624e-06,1.4347395e-05,-9.2342812e-05,-4.4136364e-05,7.9139252e-05,7.4274109e-06,2.0454967e-05,7.4433133e-06,1.3344143e-05,-1.6117144e-06,8.6452944e-06,-6.1906053e-06,-0.00014387527,1.506421e-05,7.2640529e-07,2.2470729e-07,-2.4141484e-06,2.4175162e-05,2.5938229e-06,1.0376987e-06,1.9008604e-05,-4.6184515e-05,6.3174775e-05,-2.6787065e-05,1.4844851e-05,8.6747398e-07,-3.6512343e-06,2.754971e-05,1.6247714e-05,-2.3032275e-05,2.4909964e-05,3.8221949e-06,-6.5014568e-06,4.2678126e-06,-3.0602828e-05,-1.4843843e-08,4.3759601e-06,0.00035992102,0.00013031206,6.3747754e-05,-5.7554335e-05,1.9835742e-05,5.087157e-06,8.3229654e-06,8.1961654e-06,-3.9836849e-06,9.2927876e-05,-0.00010081781,4.1696374e-05,1.6511255e-05,-1.3276069e-05,-1.3696374e-05,3.8964103e-06,-1.3009112e-05,-5.9422185e-05,-2.0190993e-05,-7.3393713e-05,-6.1282697e-06,-0.00011122425,-7.6441423e-05,2.1050695e-05,-2.2889445e-05,-1.6449868e-06,0.0011930859,-0.00062492095,0.00022371869,-0.00029141714,-0.00010172928,0.00012774794,-6.3093783e-05,-0.00014587338,-6.0732681e-05,5.1286483e-05,7.114991e-06,-0.00023556801,0.00011744583,0.00019370958,-6.4719488e-05,4.129716e-05,5.8298163e-05,1.8596654e-05,-5.328221e-05,0.00024197987,-2.9279682e-05,0.00023915603,-1.3746337e-05,0.00028903562,0.0002544991,-0.00020934646,8.3225443e-05,-2.7807151e-06,0.00014893811,-0.00013575566,0.00019728691,-0.00018981265,0.00014912982,-0.00010163922,6.699699e-06,-8.2746043e-05,-0.00014978785,-2.6780294e-05,3.0494194e-05
5.6222949e-05,-2.4125217e-05,1.1801111e-05,-8.3527425e-06,6.3650656e-05,2.6168966e-05,4.2288166e-05,1.8543403e-05,0.00010631347,-8.0786974e-05,0.0007937849,1.0363655e-05,5.3070067e-05,-5.4213051e-05,0.00015368356,3.3169512e-05,3.0960023e-05,4.347281e-05,0.00036455098,-0.00028739923,-2.5850859e-05,5.9903653e-05,5.483692e-05,-5.4380655e-05,2.6010917e-05,2.4579201e-06,1.8187415e-06,2.7104757e-05,7.8172653e-06,7.7143712e-05,2.5955219e-05,-2.3745606e-05,-7.7158516e-06,-3.5419758e-05,-4.5859842e-06,-9.3610299e-06,-3.6178809e-05,3.0386344e-05,-3.3033256e-05,3.9115194e-06,2.319876e-05,-1.3306026e-05,7.2868893e-07,5.5890061e-06,0.00022097797,3.2574435e-05,-3.4884598e-05,-4.8589062e-06,3.1375128e-05,-4.8496582e-05,-7.6062816e-06,-1.7407341e-06,-5.6255984e-05,-5.0095873e-05,8.1479926e-05,-1.5691548e-05,4.7160312e-06,-1.1759285e-06,2.7702666e-05,4.2192633e-05,-5.2135314e-07,5.3151006e-06,-5.659533e-05,-1.7319012e-05,5.3031035e-06,-3.9414304e-05,2.2935908e-06,1.5677251e-06,-3.7432632e-06,0.00016649814,-5.6630167e-05,1.8341669e-05,-2.9006842e-05,8.9804845e-06,1.1099789e-05,7.7982319e-06,-3.09361e-05,9.3727314e-06,4.6339185e-05,1.0496385e-07,1.6335122e-05,-4.5588832e-05,2.5672911e-05,-1.5674538e-05,-2.4415884e-05,5.5457077e-05,-2.2153292e-05,-2.2417362e-05,-4.1737789e-05,-4.7938974e-05,-6.9796848e-05,-2.1744419e-05,1.159146e-05,1.4167261e-05,2.1367036e-06,0.00046469707,-0.00089085099,-0.0014431444,0.0001411668,-0.00038397042,-9.8656787e-05,-0.00034367659,-0.00018199966,0.00029331173,0.00010416385,-7.7121136e-06,-0.00021729027,6.9207614e-05,0.00024763145,-0.00014160889,-0.00011763964,1.6334379e-05,0.00013338897,0.00044887916,-0.00014796911,-0.00024350157,0.00023502711,0.00023802183,0.00022160134,9.4430591e-05,-0.00017296486,0.00015359152,-2.9387823e-05,-0.0002247035,0.00012521305,-3.8754424e-05,2.9633263e-05,-1.9327508e-05,-3.9946512e-05,0.00011727239,0.00037736096,9.4440613e-06,-4.5023091e-05,-8.7563749e-05
-0.00047421837,-0.00011670635,0.00079379244,4.592095e-05,-1.0609087e-05,-0.00073731949,-0.00012569852,-2.119844e-05,1.4568076e-05,2.7581275e-05,1.0363655e-05,0.00087926838,-0.00022424022,0.00010517143,-0.00015552429,-0.00017491794,8.1906827e-05,4.3693876e-05,0.00030752134,0.00031548424,-2.9426683e-05,7.6493513e-05,-3.2699904e-05,-5.4037513e-05,0.00013581182,2.3424176e-05,-1.5381304e-06,4.7418599e-05,-1.9171213e-05,0.00016874855,-0.00013751218,2.5554931e-05,-6.0512646e-06,4.2813338e-05,8.0894043e-05,5.5714836e-05,5.6266854e-05,-3.1944497e-06,-0.00011309374,-0.0001377889,8.7604936e-05,-9.6833708e-05,-1.8690906e-05,4.364187e-06,-0.00022832566,2.36865e-05,-3.599428e-05,2.6411627e-05,6.7908888e-05,-6.3672922e-05,-1.2560732e-05,-2.6876437e-06,6.4501182e-06,-2.9433636e-07,-6.2641042e-05,4.900039e-05,-2.9615012e-06,1.9436516e-06,-5.0020467e-05,-4.1348037e-05,-3.5508504e-05,-3.847574e-05,5.9719064e-06,7.4086596e-05,2.307267e-05,-4.7594319e-05,0.00010436612,8.4388096e-06,-6.8210118e-07,-0.00015463306,0.00015894352,1.0516828e-05,3.1052176e-07,-1.3189733e-05,-5.4786228e-05,-6.4472324e-05,-1.964633e-05,5.2945331e-06,-9.1772817e-06,1.4531983e-05,-3.2116406e-05,1.9667073e-05,-3.7529436e-06,2.8168772e-06,4.300405e-05,-1.534615e-05,5.2474274e-05,4.7735017e-06,4.2832937e-05,5.6416583e-05,0.00010902909,1.8012527e-06,-3.7651973e-05,-2.3166272e-05,-3.9774406e-06,-0.0021762148,0.00079097227,0.00027772661,-0.00034335013,0.00015652364,-7.4961851e-05,0.00020435926,0.00049053041,-3.185569e-05,-2.7889673e-05,-1.5059804e-05,0.00028301833,-5.2257693e-06,-9.7078792e-05,0.00013298579,4.2863521e-05,-8.4980187e-05,-0.00014629872,-7.5625803e-05,-0.00033306914,0.00019604038,-0.00042358436,-0.00023935593,-0.00048991495,-0.00020010474,0.0004272005,-0.00016778718,2.4604395e-05,0.00023107384,-0.0002193124,0.00056240728,-0.00034299395,0.00026150917,2.9606472e-05,-4.1979713e-05,-0.00020490398,-0.00028367244,0.00013291823,-6.2646142e-06
0.00020581,0.00021972288,4.0617969e-05,-1.7315802e-06,8.1655825e-05,0.00027167394,0.00013090588,-1.8587869e-05,1.9963929e-05,-5.781983e-05,5.3070067e-05,-0.00022424022,0.0015225915,-9.6835325e-05,0.0004537091,-0.00014230624,-6.0403756e-05,4.5968496e-05,7.4119755e-05,-0.00060516135,-1.3590273e-05,1.6759694e-05,4.4778686e-05,6.628651e-05,8.5107029e-07,2.1133289e-05,-3.0659106e-06,4.0224646e-06,9.7265717e-05,-0.00015782303,-9.9812e-06,1.9850078e-05,-1.1598653e-05,-4.8825743e-07,1.1762525e-05,-4.0799424e-05,4.9920524e-05,9.3265753e-08,-0.000125004,-1.0386395e-05,-6.3367951e-05,1.7888734e-05,4.8365154e-05,-6.5756491e-06,0.00044766704,1.5741008e-05,3.1729101e-05,-1.112102e-06,-2.2581331e-05,3.5902071e-05,2.5092386e-06,3.5685458e-06,1.6951422e-06,1.3966373e-06,7.2816115e-05,-7.5963681e-06,-1.5494693e-05,1.719119e-05,3.8280568e-05,3.5248356e-05,-4.3096712e-06,-4.8466386e-05,-9.1392592e-06,5.3023991e-05,9.2498975e-05,5.4855948e-05,-9.6096037e-06,-3.2494834e-05,-8.1985909e-07,-7.3358835e-05,-0.00025514639,2.0992501e-05,1.2067844e-05,-3.5758861e-06,-3.9913133e-05,4.4261627e-05,8.4903915e-07,2.5560595e-06,-0.00014973839,-1.0463378e-05,7.2065973e-05,-1.1354066e-06,3.2446691e-06,1.4470306e-07,-2.8409645e-05,1.3196918e-05,-2.3603607e-05,-6.1889199e-05,4.1070706e-06,-3.6225433e-05,-1.8698964e-05,2.0179559e-05,-4.3195262e-05,1.37378e-06,6.8233219e-06,-0.00057709345,0.00049791318,0.0004105382,0.00069151531,4.5187496e-05,-4.4903636e-05,0.00014669986,0.00018133727,-0.00021448039,-4.8304743e-05,-1.1469695e-05,0.00037067139,3.3187517e-05,-0.00075152138,-6.2870579e-05,5.560485e-05,-2.0748417e-07,-3.1422613e-05,-0.00020218712,-1.7827221e-07,0.0003098927,-0.0001352578,6.4530628e-06,0.00013239739,2.1110484e-05,0.00016746112,-3.1410538e-05,-1.1274727e-05,-0.00048502962,0.00035348022,-0.00016760978,9.5644012e-05,-9.2884054e-05,3.8800897e-05,-1.3756519e-05,-0.00049485771,6.3212935e-05,-3.7690872e-06,9.0155718e-05
-0.00061415336,-7.4319425e-05,-0.00039144099,9.2854187e-05,-5.4931492e-05,-3.5887889e-05,-0.00022342332,-3.2758337e-05,1.7213771e-05,6.5540775e-05,-5.4213051e-05,0.00010517143,-9.6835325e-05,0.00079360834,-0.00013806039,0.00023117859,-0.00011811948,-0.00012890013,0.00076760469,0.00058169104,2.7205549e-05,-3.6363369e-05,-0.00011567737,-5.6789336e-05,3.1190398e-06,-3.5711018e-05,-5.3703221e-06,0.00013119361,0.00010314844,0.00011517644,9.6994044e-05,1.7923056e-05,-2.716724e-05,-7.3844605e-05,-9.5097767e-06,-2.4721065e-06,8.9605073e-05,-9.228919e-05,-7.6420951e-05,-7.3211209e-05,-3.530509e-05,4.7813591e-05,-3.4584178e-05,1.6683543e-07,-0.00041560146,-1.9388236e-05,1.905828e-05,5.2422e-05,6.6562755e-05,5.9031566e-05,4.642192e-06,2.3200876e-06,-3.815049e-05,-1.6116045e-05,-4.0932826e-05,-3.1530761e-05,-6.4127786e-07,1.6827453e-05,4.4266614e-05,-1.1682717e-05,1.8564358e-05,-4.5949443e-05,4.0089982e-05,3.3109043e-05,-6.1827071e-07,-2.8190935e-06,5.6857981e-05,8.6268578e-06,2.1764092e-07,-0.00034784372,9.4098542e-05,-0.00010108126,-2.1570834e-05,-3.0105807e-05,2.879105e-06,-9.0961709e-05,2.9640318e-05,-7.6255293e-06,-8.6478499e-05,9.5606623e-05,-3.8234624e-05,-3.7082681e-05,2.0948967e-05,4.1871493e-05,7.9690294e-05,-2.1179035e-05,6.9788694e-05,6.3561926e-05,0.00010637213,0.00011678107,5.9738219e-05,5.1099211e-05,-1.5060914e-05,1.0816403e-06,-8.3363151e-06,-0.0035227098,0.0015151521,0.0011097183,-0.00027621887,0.00062922028,8.2941766e-06,0.00036739903,0.0005415207,-0.00012185318,-0.00015670161,9.8361272e-06,0.00054074339,-0.0001458755,-0.00032214261,0.00012344952,4.4132147e-05,-0.00018309372,-0.00044963911,-0.00038418577,-0.00034538694,0.00033156226,-0.00075762096,-0.00056856515,-0.00060204272,-0.00030345149,0.00051523574,-0.00038587207,6.2615426e-05,0.00042662856,-0.00022625697,0.0003172789,-0.00021563989,0.00017182785,0.00010144508,-0.00012371351,-0.00060804067,-0.00017844543,0.00012853729,6.1368213e-05
0.00018263278,6.3713201e-05,-0.00025339384,-8.3081836e-06,0.0001310805,0.00020217839,0.00014682614,6.613573e-07,2.7696495e-05,-6.0143318e-05,0.00015368356,-0.00015552429,0.0004537091,-0.00013806039,0.0033015259,6.6423599e-05,-0.00021107531,-0.00018351779,-0.00060003671,-0.001086847,4.5575505e-05,8.0415598e-05,0.00015656593,-8.7473038e-05,2.43461e-05,6.2643178e-07,1.5435093e-05,-0.00010023092,-0.00012313257,-0.00015670967,-0.00022678323,5.7705318e-06,-3.4898366e-05,-3.2111911e-05,3.6922596e-05,-4.891202e-05,-0.00014058685,-6.6141864e-06,-3.5675982e-05,7.2568478e-05,-8.2036919e-05,-6.6711036e-05,2.1390693e-05,-3.4962276e-07,0.00081496156,3.3485445e-05,-1.9740379e-05,1.7279237e-05,3.3547173e-05,-7.0229757e-05,4.0099525e-06,-2.6448214e-06,8.3945613e-06,2.6444503e-05,3.4842851e-05,4.5669131e-05,9.5783246e-06,1.8738699e-05,-1.1955507e-05,5.3967525e-06,2.7978679e-05,7.178986e-05,-6.4990952e-06,-4.6197749e-06,-5.7182039e-06,0.00012398173,6.6783603e-05,6.2968819e-06,-5.8990363e-07,-0.00030450514,-0.00020855851,-4.8337609e-07,3.9324366e-05,-7.8800564e-05,1.1319581e-05,-1.9225675e-05,5.5681667e-05,-5.9502095e-07,-0.00010991451,0.00012005121,6.2024948e-05,1.296001e-05,3.4166022e-05,-1.1561594e-06,-8.3277341e-05,7.0376722e-05,3.2407796e-05,3.0949586e-05,4.6718243e-05,-0.00011173774,8.3783913e-05,6.1389013e-05,-0.00010822086,4.617608e-06,4.8191259e-06,0.00014646589,0.0021729339,0.0047467119,0.0006398374,0.0011118505,0.00023891251,0.00076557217,0.00012546765,-0.0012093966,-3.6351177e-05,-4.0864522e-05,0.00041729249,-0.00072588487,-0.00017593016,0.00034655806,0.00023569887,-1.8176918e-05,-0.00031842992,-0.0023358697,0.00047783511,0.00093791793,-0.00016165924,0.00010911513,-0.00076770043,-0.00025041561,-8.3254238e-05,-0.00058061357,4.0156517e-05,-0.00082790059,0.00037358361,-0.00035609702,0.00024604646,-0.00019345629,9.5447322e-05,-0.00036286467,-0.0030422744,0.00021763262,-2.8963058e-05,0.00054379207
-0.0028473847,0.0021187608,-0.004268584,0.00034533166,-0.0003032478,0.00094568336,-0.00055293273,-5.1378869e-05,-7.311152e-05,2.0424205e-05,3.3169512e-05,-0.00017491794,-0.00014230624,0.00023117859,6.6423599e-05,0.020786775,-0.010522555,-0.0038932585,0.0041796031,0.00037269901,-7.1872682e-07,-0.0018940438,-0.0030886864,-0.00091598107,-0.0010706284,-0.0022084452,0.00014060038,-0.0027116579,-0.00094710439,-0.0027685808,0.00015911998,-0.0010391574,-0.00060881299,-0.0014112857,-0.0020326181,-0.0018634431,-0.0034856035,-0.0016068352,-0.00049837561,-0.00016294118,-0.0014146041,-0.0029662875,-0.00013447203,-8.0932422e-05,-0.00010950669,7.7939478e-05,0.00089518834,0.0018511314,0.00056631506,0.00039953647,0.001061991,-6.7902442e-05,0.001307829,0.00041251528,0.0017091016,3.5187956e-05,0.00055689564,0.00029431346,0.00063708424,0.0010742226,0.0010344368,0.0017830936,0.00091889748,0.00028318073,-3.1952686e-05,0.00058436612,0.0016022092,2.9637764e-05,3.8760128e-05,0.0027923412,0.00038333976,0.00041922075,6.9894103e-05,0.00090141302,0.00022392092,0.00019649564,0.00047235907,-3.7115636e-05,0.0014428104,-0.00010749906,2.5213091e-05,-0.00034735841,0.00020687649,-8.1559364e-06,5.1277166e-05,0.00036879738,-0.00021941175,0.0004790506,-0.00015885888,0.00019056694,-0.00071580095,-7.2864751e-05,0.0010262908,3.4764963e-05,2.1398575e-05,0.0070770193,-0.0035933601,6.5108255e-05,-0.00063008662,-0.00071609582,-0.00024321224,-0.001579952,-0.0010554864,-0.00027067527,-0.00048818756,3.9119777e-05,-0.002536774,0.00017815632,0.00087196257,0.00079315207,-0.00035826576,0.00017136051,0.00037582607,-0.000201515,0.0010592579,-0.001101736,0.00083378007,8.5273827e-05,0.0013384235,0.0001602178,-0.0024862495,0.00024136662,-9.201133e-05,0.00019065281,-0.0001548504,0.0019288368,-0.0015329884,0.0012492588,-0.00065032993,0.00016054414,-6.7597297e-05,-0.00113389,-0.00013925139,-1.5930346e-05
0.0009775756,-0.0021196869,0.0011901596,-0.00027468597,0.00014906577,-0.00033074863,1.5761118e-05,0.00010557073,7.003499e-06,-4.3810166e-05,3.0960023e-05,8.1906827e-05,-6.0403756e-05,-0.00011811948,-0.00021107531,-0.010522555,0.012121258,0.0026421744,-0.0021554093,7.0507223e-05,0.00013135201,0.0010736155,0.0018749533,0.00042452791,0.00038050954,0.0010419424,-7.0950706e-05,0.0013369124,0.00031139111,0.0027919523,0.00031635794,0.00058732293,0.0002293546,0.00058084085,0.0010817683,0.00093598867,0.0017436608,0.00097318622,0.00020184831,4.7344068e-05,0.00070424505,0.0016382585,-4.8218392e-05,5.8034925e-05,-0.00012450967,-8.474235e-05,-0.00071461389,-0.0020178789,-0.00052539251,-0.00023655615,-0.0011690788,6.5191571e-05,-0.001426617,-0.00091276706,-0.00097611303,-2.6642972e-05,-0.00061666593,-0.00044414718,-0.00078180829,-0.0012002932,-0.0011450874,-0.0019596759,-0.00093913723,-0.00038487646,-0.00031967463,-0.00069848362,-0.0022679708,-7.8779155e-05,-2.8941449e-05,-0.001830283,-0.00033415635,-0.00030441169,-7.7350826e-05,-0.00059735792,-7.5851585e-05,-0.00011719331,-0.00028991604,1.2070582e-05,-0.00089108211,-3.0305846e-05,4.6894704e-05,4.6030751e-05,-0.00011244271,7.6806218e-05,-2.8715231e-05,-0.00031370004,2.1640942e-05,-0.00045159321,7.6275028e-05,-2.1481042e-05,0.00038319332,-2.9160971e-05,-0.00057403145,6.9197225e-05,-1.6967201e-05,-0.0046828007,0.002477636,-0.00015606356,0.00047602924,0.00062771297,0.00021528823,0.00092613089,0.00047935416,0.00011754938,0.00017825177,-1.5729316e-05,0.0014959566,3.2400001e-05,-0.00036815887,-0.0003677387,0.00025244944,-0.00030624441,-0.00012880229,0.00023820168,-0.00059310152,0.00085459572,-0.00051196014,-0.00023427792,-0.00088886775,-0.00012776391,0.0012489349,-0.00034387017,4.7633261e-05,-3.1864382e-05,3.6885505e-05,-0.0012992585,0.0011906095,-0.0011179167,0.00044464255,-0.00011177587,9.4362174e-05,0.00092644778,5.7053095e-05,-7.4441239e-06
7.3790407e-05,0.00040836069,0.00093621591,0.00016281255,-7.7382038e-05,-0.00037774148,-3.8219781e-05,-5.5904713e-05,5.6669896e-05,9.5309734e-05,4.347281e-05,4.3693876e-05,4.5968496e-05,-0.00012890013,-0.00018351779,-0.0038932585,0.0026421744,0.010310989,-0.016636641,3.8098568e-05,2.3387051e-05,0.00012908384,0.0005856677,5.9227502e-05,0.000117596,0.00047738816,-3.5176672e-05,0.00066389729,0.00037051728,-0.00059076114,-0.00050694923,0.0001369508,6.2447361e-05,0.00011087122,0.0003635606,0.00024709892,0.00086681629,0.00034525057,0.00019910759,-5.7810996e-05,0.00031224974,0.00070997296,6.2266973e-05,1.4439364e-06,-0.0001281551,-6.8903928e-06,-8.8092094e-05,-0.00044172556,-2.1150021e-05,3.5005464e-06,-0.00030476096,1.6115144e-05,-0.00037641504,-0.00040256075,0.00053445914,4.384317e-05,-6.1182993e-05,3.3959345e-06,-8.9435904e-05,-0.00029261863,-0.0002548611,-0.00070084054,-0.00019404523,-6.621318e-05,-1.713407e-05,-0.00021982946,-0.00047772639,1.5868243e-05,-4.9075147e-06,0.0031231482,0.0005065777,0.00024460835,-0.0006744554,-0.0012741074,-6.2957909e-05,6.5608638e-05,-0.0010417882,5.2143792e-05,-0.00050724723,-0.0014838261,0.0011583305,0.00039304273,-0.00054292559,-0.00034515743,-0.00066103539,-0.0010765599,-0.0012996043,-0.0024427691,-0.00082108357,-0.00042199588,-0.0013198272,-0.0010381774,-0.0014723432,-0.00014306514,-4.3514268e-06,0.011440024,-0.0060401531,-0.0010166501,-0.00076962727,-0.00093268162,0.00094783568,0.0011863429,-0.0014998995,0.00044017363,0.0018114565,-7.0089916e-05,-0.00032943908,0.0016564535,-0.00076253315,-0.00084998832,0.00063759548,0.00075763361,0.001154865,0.0016084382,0.0025822963,0.002769904,0.0027772382,0.0013502587,0.0030926351,0.0023803643,0.00029540063,0.0010440572,-8.4713966e-05,8.0805755e-05,-7.1110758e-05,0.0010572435,-0.00099769012,0.00086099172,-0.00072281213,0.00025872032,0.00085298495,-0.00086773394,-0.00019073046,0.00016763696
0.0014974264,-0.0045291052,-0.0051632957,-0.00077321362,0.00057052616,0.0022809073,0.00025114037,0.00019224142,0.00017443641,-0.00057997718,0.00036455098,0.00030752134,7.4119755e-05,0.00076760469,-0.00060003671,0.0041796031,-0.0021554093,-0.016636641,0.068894045,-0.0021197685,0.00012154973,7.6580518e-05,6.0171666e-05,0.00016237527,-0.00073870127,-0.00065207214,3.8224228e-05,-0.00092519377,-0.0011417868,0.0024790405,0.0007232949,0.00024030431,-4.7472361e-05,5.589522e-05,0.00013228993,-8.3935622e-05,-0.0021108298,-6.5018264e-05,-0.00031570732,-0.00023713554,-0.00058650369,-0.00079746528,-8.4876346e-05,9.3576496e-05,0.0014751275,3.6606126e-05,5.9970985e-05,0.00010016875,-6.8738575e-05,0.0003210567,0.00038443543,-2.631168e-05,0.00036583977,0.0010792245,-0.0019403034,-0.00017780989,-0.00014341557,-0.00015960641,-4.916567e-05,0.00017131667,-0.00011122332,0.0012167457,-0.00015480326,3.9710903e-05,2.2212206e-05,0.00012928382,0.00056146784,1.4959448e-05,-5.5335089e-05,-0.021810552,-0.0037669056,-0.0026507973,0.0021496515,0.0013351458,-0.00049497612,-0.00087459241,0.0016304014,-5.1023811e-05,-0.0041564285,0.0037477451,-0.004092319,-0.0017881565,0.0009542704,0.0011733504,0.0010796374,0.0013733284,0.0047174005,0.0050332643,0.0045628345,0.0010619264,0.0059112634,0.0039309394,0.00013709243,0.00075010319,-6.687971e-05,-0.10628146,0.040788395,-0.014508845,0.0072726047,0.004645845,-0.0075237858,-0.0022637239,0.012555253,0.0024907536,-0.0080185024,0.00036293444,0.0141915,-0.003182358,-0.0023108901,0.0017358523,-0.0016813074,-0.005331974,-0.004576119,0.00510613,-0.018345959,-0.0090848238,-0.020633021,-0.0072504299,-0.020100681,-0.01437996,0.01136011,-0.0060049017,0.0006561857,-0.0016748877,0.0017873428,-0.0077217292,0.0067993323,-0.0055705159,0.005592359,6.4308227e-05,0.0020860174,0.0056426125,0.0021712407,-0.0026465955
-0.00044162344,-0.0011398639,-0.0013780209,2.5987917e-05,-0.00020016723,0.00018029709,-0.0002224457,-7.4666801e-05,-0.00014424797,0.00021686242,-0.00028739923,0.00031548424,-0.00060516135,0.00058169104,-0.001086847,0.00037269901,7.0507223e-05,3.8098568e-05,-0.0021197685,0.0088943128,-0.00019233157,-0.00014936274,-9.0331295e-05,-0.00048387003,-0.0006706117,-8.8548806e-05,1.386751e-06,0.00048447393,1.2532208e-05,-0.00070669004,5.6706402e-05,0.00012080145,9.1210356e-06,0.00017848419,-0.0003608311,-8.2866466e-06,0.00029388451,0.0001002464,5.1472628e-06,9.6428358e-05,0.00020697633,0.00016554156,-0.00021112206,-9.1780807e-06,-0.0067368351,-2.5227625e-06,-1.8279703e-05,5.089213e-05,0.00013613993,0.00012454849,-1.994519e-05,4.0178512e-06,-6.4071465e-05,3.5376052e-05,1.4415584e-05,1.173772e-05,-5.7199041e-05,3.7810413e-06,-2.6055731e-05,8.1826533e-05,3.3452079e-05,-2.8656516e-05,-0.00010683035,0.00010717596,-9.8466381e-05,-0.0001147743,4.1824255e-05,3.4192046e-05,-9.0431505e-06,-2.856718e-05,0.00013388769,-6.7184457e-05,-0.0001989717,-0.00011405624,-0.00017011609,-0.00026546121,4.8416924e-05,-4.1918955e-05,0.00060086106,0.00016042222,-9.7649295e-05,-5.7584903e-05,-1.6100265e-05,9.5874324e-06,0.00025901065,-0.00018045123,0.00018278819,0.00018749049,0.00016385684,0.00041968344,-7.0585662e-05,3.8081958e-06,-4.456022e-05,2.9773074e-06,-1.9746736e-05,0.0037217794,0.0021598336,0.0054544776,-0.0019405532,0.0012074627,0.00078804639,0.0010641093,0.00041985339,-0.00046873789,6.589516e-05,3.4254823e-05,-0.0011923201,-0.0010694294,0.00029617052,0.00079991974,0.00030497535,0.00010661347,-0.0010099671,-0.0022273866,0.00017726997,0.00029975058,-0.00024866636,-0.0013469205,-0.0001616654,0.00011855715,-0.00014223283,-0.00047210742,9.4412142e-05,0.0068309469,-0.002215373,-0.00030425664,0.00037838565,-0.00031943293,-0.00017757371,-0.00046706865,-0.0017027892,0.00038055799,-0.00014759002,0.0004643251
-0.00045759327,-0.00040526445,-0.00076030198,1.8344893e-05,3.7686327e-05,0.00012238457,-0.00016774343,1.9258622e-05,1.0340208e-05,-2.0100467e-05,-2.5850859e-05,-2.9426683e-05,-1.3590273e-05,2.7205549e-05,4.5575505e-05,-7.1872682e-07,0.00013135201,2.3387051e-05,0.00012154973,-0.00019233157,0.0017045278,-0.00043859861,0.00031379998,-9.8022442e-05,-0.00023918528,-3.1988119e-05,8.4477771e-06,-1.6226933e-05,0.0001263932,0.00093558544,-0.00018920712,1.3145765e-05,-0.00027915663,-0.00020033591,0.00011843506,-0.00020356906,-0.00030592802,0.00014177998,-7.6429838e-05,-0.00030001898,1.6950897e-05,-0.00024100099,6.9676255e-05,2.3230049e-05,0.00013131962,-0.00086041825,0.00022684425,-0.00016621563,7.3003989e-05,0.0001170805,5.4800954e-06,-8.2938574e-06,1.1144594e-06,-0.0001024596,-0.00029269879,6.6753321e-05,1.0429155e-05,0.00015983374,0.00010238942,-8.4104979e-05,8.0803223e-05,0.00013420029,-0.00012034241,3.3454184e-06,0.00010785716,-2.2114596e-05,0.0001579985,-3.2196651e-05,-1.3794549e-05,-0.00010446469,-1.8084801e-05,-0.00034555241,0.00012956733,-6.8450529e-05,9.2796465e-06,2.1977833e-05,7.1032505e-07,-2.4259292e-06,-1.2811586e-05,-4.8778099e-05,-9.7011115e-06,-2.7478603e-05,1.4931106e-05,5.6025322e-05,6.7717002e-05,-2.2877438e-06,1.3304748e-05,0.00010963022,-1.6113762e-05,1.8798119e-05,6.7847036e-05,-3.6349442e-05,-2.6843391e-05,-2.7163768e-05,-6.5585465e-06,-5.9244546e-05,0.0001485285,4.2182038e-07,5.3044256e-05,0.0005853191,-0.00028150984,9.6561785e-05,-4.2402402e-05,-6.8251636e-05,-2.9488398e-05,3.9413839e-06,0.00013593654,-9.2971784e-06,4.481596e-05,-9.1841044e-06,-1.6956518e-05,-0.00011634237,-0.00011423023,4.0380243e-05,9.5276658e-06,-0.00011104593,6.0434934e-06,-4.2541908e-05,-0.00017812577,9.8057207e-05,-9.0489551e-05,5.6442335e-05,1.2314615e-05,-0.00014071017,2.3144283e-05,2.2397565e-05,5.7297471e-05,-3.1330104e-05,2.7259882e-06,-1.020442e-05,6.4366035e-05,1.2829782e-05,3.8354047e-05,-6.4004386e-06
-0.00028182236,-0.001922591,0.0015216447,-4.6837849e-05,0.00013860954,-0.00062865254,-1.0190485e-05,-2.307508e-05,1.395554e-05,-2.3430511e-05,5.9903653e-05,7.6493513e-05,1.6759694e-05,-3.6363369e-05,8.0415598e-05,-0.0018940438,0.0010736155,0.00012908384,7.6580518e-05,-0.00014936274,-0.00043859861,0.0035683029,-0.00018098862,-0.00014000512,0.00034118959,0.00024418668,-2.467078e-05,0.00032770567,-0.00062212674,0.0023599061,0.00031048233,5.6445434e-05,-0.00010443896,0.00035954508,0.00038574414,7.3001766e-05,-0.00017127755,-1.6384117e-06,-0.00037182351,0.00013066107,0.00042650949,0.00020882833,-0.00011801566,4.8471621e-05,9.9320762e-05,0.0002410682,-0.0019468198,0.0001255699,0.00011769819,-0.00018562289,-0.00013007916,9.1579831e-06,-7.5531692e-05,0.00029058359,-0.0011479846,-0.00015201549,-2.833118e-05,3.926116e-05,-0.0002799595,-0.00014502879,-8.2781068e-05,8.7306571e-05,7.9557474e-06,0.00010120606,-0.00017571925,-0.00027227627,7.4730497e-07,2.4071441e-05,-1.5526131e-05,-0.0010000092,-0.00024310362,-7.9677285e-05,-0.0005988631,3.5638097e-05,6.6516605e-06,-0.00014804685,-3.9956107e-05,9.2652872e-06,-0.00029597589,0.000112811,-0.00035768524,-8.9560494e-05,2.1391238e-06,4.3363128e-05,-6.104667e-06,-3.9718082e-05,0.00019047803,0.00013693266,0.00025934362,7.0609013e-05,0.00019922529,2.0549658e-05,-5.5307695e-05,5.4943567e-05,-1.1961856e-05,-0.0019800102,0.0010074987,-0.00010547051,0.00043019988,0.00010067175,0.0010275255,-9.4957521e-07,0.00018436453,0.0001379127,2.9246464e-05,-1.9410258e-05,0.00056358495,-3.4848808e-05,0.00037563554,0.00012485868,-1.7809928e-05,-7.3678201e-05,-5.257205e-05,0.00015217245,-0.00030196243,-5.7110547e-05,-0.00052148143,-0.00016673226,-0.0004014205,2.1905555e-06,0.00039263785,-0.00017769258,3.9179415e-05,-0.00015384083,0.00019548463,-0.00047352789,0.0006357134,-0.00054372367,0.00022901303,-5.1023496e-05,8.7029093e-05,0.00045709462,-2.1633824e-05,-2.2976571e-05
0.0012088013,-0.00052550812,-0.0004849764,-0.00018967658,5.8504546e-05,0.00032667632,8.6403078e-05,5.9533111e-05,2.6831767e-05,-4.8459947e-05,5.483692e-05,-3.2699904e-05,4.4778686e-05,-0.00011567737,0.00015656593,-0.0030886864,0.0018749533,0.0005856677,6.0171666e-05,-9.0331295e-05,0.00031379998,-0.00018098862,0.0035447213,7.1207927e-05,-3.342743e-05,4.1894117e-05,1.9350331e-05,0.0007246202,-0.00049510954,0.0010725273,-0.00026356574,0.0002437308,-0.00016273638,-0.00031657718,9.6463788e-06,0.00013799636,-0.00017701372,0.00039487106,2.5070784e-05,-0.00078602893,-0.00023254005,0.0015567987,8.5061098e-05,9.2215838e-07,1.9942411e-05,-0.00019229573,0.00015973659,-0.0019708764,-9.8196635e-05,-2.8557301e-06,-3.1074988e-05,-3.6017282e-06,-0.00049471332,0.00031734963,-0.00044206964,0.00020127588,-0.00015674362,8.2361951e-05,0.00016305064,-7.0120295e-05,-0.00015882116,7.2218541e-05,-0.00029045596,1.5027556e-05,0.00056655273,0.00011987538,-0.0009353471,-3.15591e-05,-5.1633236e-06,-0.0013011325,-0.00021419866,-0.00025110116,0.00017632246,-0.0008697856,-3.6331033e-05,-7.5029816e-05,-2.4213578e-06,8.67039e-07,-0.00058283879,0.0002651712,-9.6162921e-05,2.0873304e-05,-2.7224079e-05,6.8592724e-05,0.0001716682,-7.9684986e-05,0.00016072348,7.9461838e-05,0.00011488367,4.2655935e-05,0.0005563572,0.00028321,-0.00059612816,1.5815116e-05,-2.7953905e-06,-0.0040280341,0.0021363515,0.00019567846,0.00037523171,0.00052343184,-0.00030209233,0.0016019115,0.00056033694,0.00010173802,-0.00017481489,1.3468048e-05,0.0012241564,-0.00057024528,-0.00037514062,-5.6744518e-05,0.00011909726,-0.00023276459,-0.00035083879,-0.00010543035,-0.00060233312,0.00017645548,-0.0005634409,-0.00032507437,-0.0013344452,-0.00069225776,0.0012865872,-0.00031366727,3.1080891e-05,1.1607146e-05,6.0711948e-05,-0.00096112191,0.00079236003,-0.00067143431,0.00031012243,-0.00010279005,-0.0002115205,0.0009828434,8.4311789e-05,6.8263334e-06
0.00099391738,0.001237078,0.00037659617,-7.0280018e-05,-4.4870873e-05,0.00016184572,0.00027863366,1.783287e-05,-2.6320466e-05,-1.1587348e-05,-5.4380655e-05,-5.4037513e-05,6.628651e-05,-5.6789336e-05,-8.7473038e-05,-0.00091598107,0.00042452791,5.9227502e-05,0.00016237527,-0.00048387003,-9.8022442e-05,-0.00014000512,7.1207927e-05,0.0029774775,0.0012481001,-0.00012488973,-1.9532597e-06,-0.00011779949,0.00041037163,-0.0010592197,0.00034632989,-6.8374848e-05,0.00011220759,-0.00039001708,0.00011871341,0.00012827276,2.6005975e-05,7.8455697e-06,3.0667489e-05,0.00028149017,2.1887579e-05,0.00016793622,0.000157834,-1.2468178e-05,0.0003501256,2.5602118e-05,8.7026186e-05,-9.6835375e-05,-0.0016515265,-0.00067809158,7.6304532e-05,-1.3687106e-06,9.5124607e-05,-0.00020189503,0.00061442371,-0.00013360854,3.0585184e-05,-5.0179638e-05,0.00024951403,-7.9058017e-05,-6.8204811e-05,-6.0522071e-05,4.240134e-05,1.2202847e-05,-0.00010739448,5.0389555e-05,-0.00016070671,-4.6428605e-05,2.4260747e-06,-3.5905247e-05,-4.0488112e-05,-2.0705003e-05,6.1936231e-05,8.675499e-06,-0.00065276399,-0.00028702998,4.7376643e-05,6.4949561e-06,3.7425388e-05,-3.056765e-05,0.00022139911,-6.7363578e-05,6.2535252e-06,-2.7130971e-05,0.00010742362,-3.8257672e-05,-4.1927805e-05,-1.2878665e-05,-9.9993382e-05,-2.561572e-05,-1.5994934e-05,3.103353e-05,-2.7653966e-05,-7.435719e-05,7.5781037e-06,-0.00069220898,-0.00025656826,-0.00057224898,0.00016155672,-0.00019044779,-5.7802636e-05,-0.0001122092,0.0010723735,0.00057439199,-0.00012077893,-8.1759271e-06,-0.00014930088,6.5736653e-05,-0.00053453876,-1.960863e-05,-3.4561501e-05,8.2909028e-05,-0.00014177134,0.00045992389,8.7813268e-05,-6.5495066e-05,0.00011776378,8.4590868e-05,0.00014707233,-1.7642333e-05,0.00013554867,0.00016025163,-2.1326374e-05,-0.00036952412,0.00016476126,-0.00013387604,-0.00010448162,0.00010688275,4.8387836e-05,4.1053561e-05,0.00024159054,-0.00018481573,3.3011953e-05,-6.8564675e-05
-0.0010776258,0.0002517428,0.002282944,0.00027119203,2.1591825e-05,-0.00089582975,-3.7720194e-05,-5.3723882e-05,7.0177026e-05,1.8033833e-06,2.6010917e-05,0.00013581182,8.5107029e-07,3.1190398e-06,2.43461e-05,-0.0010706284,0.00038050954,0.000117596,-0.00073870127,-0.0006706117,-0.00023918528,0.00034118959,-3.342743e-05,0.0012481001,0.0044349842,-8.6548093e-07,-1.4856787e-05,-9.3506776e-05,0.00017648941,-0.00078294584,0.00020646929,-0.00013872554,0.00018431028,-0.00024130143,0.00029515963,0.00024670563,0.0001959867,0.00024665656,-0.00036181979,-0.0001456036,-4.0772036e-05,-0.0004119692,-6.9717124e-05,-1.0335431e-05,0.00048504828,0.00015381791,-0.00017377345,-9.7113119e-06,-0.00065686956,-0.0022998096,4.1078286e-05,-1.908003e-06,3.2839371e-05,-2.6405102e-05,0.00042776243,-8.0643973e-05,9.310066e-05,-0.00012148764,0.00020208284,-0.00020050335,-0.00027943592,7.8390777e-06,-0.0001654066,0.00013616699,3.7172207e-05,7.5025957e-06,0.00028837686,3.1963136e-05,1.3430291e-05,0.00019532816,-2.4668873e-05,6.6778983e-05,-7.399507e-05,-7.022459e-06,-0.00026901394,-0.00087078984,3.9799808e-05,3.7001058e-06,7.5941465e-06,-1.8904838e-07,0.00050609076,-5.6834827e-05,-6.2282701e-07,-2.2021234e-05,0.00010891493,-1.5016785e-05,-0.00013602355,-2.0991314e-05,-0.00021626269,5.2351045e-05,4.5569719e-06,-0.00012387986,0.00020274183,-4.0518868e-05,7.305358e-06,0.0012008113,-0.00049302498,0.0004684563,8.0189417e-05,-0.00012389068,0.00022241814,0.00012863953,0.00026884291,0.0014000092,-1.1788424e-05,-1.0356272e-05,-0.00014751868,7.0206939e-06,-0.00056275477,9.5396042e-06,-1.2582804e-05,0.00010540379,-0.00021620085,-0.00012848409,0.00048946944,2.8733206e-05,0.00051602752,-1.4767401e-05,9.1545781e-05,0.000294862,-0.00021919385,6.1365291e-06,-1.8558421e-05,-0.00046147431,0.0001960653,0.0011133933,-0.00086035374,0.00066839152,-6.8004985e-05,-8.0950278e-05,1.8999197e-05,-0.0005690485,0.00020756313,1.0292997e-05
0.00048741611,-0.00027569406,0.00093749953,-3.5137621e-05,5.9492487e-05,-0.00018968874,0.00015702631,8.5083027e-06,2.0622046e-06,1.3623182e-06,2.4579201e-06,2.3424176e-05,2.1133289e-05,-3.5711018e-05,6.2643178e-07,-0.0022084452,0.0010419424,0.00047738816,-0.00065207214,-8.8548806e-05,-3.1988119e-05,0.00024418668,4.1894117e-05,-0.00012488973,-8.6548093e-07,0.00083193486,-0.00011342219,0.0004534256,0.00014651555,0.00043507517,-0.00036948543,1.2521936e-05,5.1432498e-05,0.00016229519,4.4494596e-05,4.5941693e-05,3.3801969e-05,7.0272829e-06,-1.1912449e-05,0.0001411178,0.00025170878,-0.00021618325,-3.2159239e-06,1.4875279e-05,2.6429828e-05,2.3483814e-05,-0.0001193347,-4.0114883e-05,4.2900005e-05,3.7927734e-05,-0.00038483478,4.9859482e-05,-0.00021007348,-0.00010040651,-0.0001953806,0.00015937024,-1.5717765e-05,-3.1929302e-05,-9.1385479e-05,-3.1956579e-06,-3.0152455e-05,-2.5667178e-05,2.5421913e-05,3.8030988e-05,-7.6438064e-05,-9.9006679e-05,0.00010139749,1.4049046e-05,-4.799107e-06,-0.0002244683,3.6722726e-06,-2.3754156e-05,-4.7003441e-05,-2.8525161e-05,2.3662071e-05,3.2679556e-05,-0.00017227328,2.2935731e-05,-0.00016524073,-4.6267845e-05,-6.8033957e-06,0.00010173629,-9.9678653e-06,-8.7256503e-06,-4.9108693e-05,5.5599501e-06,4.6066245e-05,-2.4680387e-06,7.5320827e-05,-2.9735446e-06,3.0955455e-05,-2.1594859e-05,-2.2797579e-05,-1.5919698e-05,-7.4754743e-07,-0.00037702293,0.00019812471,-5.3561993e-05,-2.1282797e-06,4.2157393e-05,7.5563545e-05,2.3438132e-05,-3.2433407e-05,-5.9135866e-05,0.00025957263,-2.7873903e-05,0.00029677899,0.00010549061,-4.8789235e-05,-0.00023896039,1.4995121e-05,2.7273654e-06,5.5423501e-05,-6.5484656e-05,-0.00013671077,-2.2010784e-06,-0.00015639823,-1.0790905e-05,-3.2097745e-06,5.8341629e-05,8.4869018e-05,2.0232063e-05,5.0728076e-06,-2.5009802e-05,-8.4566794e-07,-0.00032190037,0.00022727531,-0.00018367144,5.8885156e-05,-1.6536586e-06,3.0399642e-05,0.00013293081,-2.6586656e-05,6.2113762e-06
-5.2470494e-05,6.7495548e-05,1.5009465e-05,1.1917447e-05,-7.21111e-06,-7.2559329e-06,-1.10313e-05,-6.7992485e-07,-8.7639364e-07,-2.7929599e-06,1.8187415e-06,-1.5381304e-06,-3.0659106e-06,-5.3703221e-06,1.5435093e-05,0.00014060038,-7.0950706e-05,-3.5176672e-05,3.8224228e-05,1.386751e-06,8.4477771e-06,-2.467078e-05,1.9350331e-05,-1.9532597e-06,-1.4856787e-05,-0.00011342219,4.3124751e-05,-2.9706355e-05,1.8528008e-07,4.5906151e-06,-5.3321949e-05,-1.3094014e-05,-1.50511e-06,-1.144514e-05,-1.1321068e-05,-1.6647914e-05,-1.0199956e-05,-2.0326524e-07,-2.6138349e-05,-4.7484968e-06,-2.782198e-05,-5.1741073e-06,-5.9408557e-06,-1.916175e-06,-2.7439565e-08,-5.6892849e-06,1.1814929e-05,-3.6734905e-06,-1.6021035e-06,-1.6810057e-07,4.9539042e-05,-1.897448e-05,5.9120616e-06,-2.7359549e-06,1.0491565e-07,3.2508135e-05,8.8123462e-06,3.424103e-06,9.6476436e-06,2.4916931e-07,1.4003904e-05,1.0183936e-06,-7.1373826e-07,9.4130975e-06,8.8181706e-06,1.4722576e-05,6.2292727e-06,7.8070787e-07,3.708866e-07,6.0128973e-05,-6.6682423e-06,5.2639453e-06,8.1481601e-06,4.0151649e-06,9.3496635e-06,9.4491264e-06,2.3440517e-05,-8.1228576e-06,3.019929e-05,-9.0013101e-06,3.7135403e-05,2.2032679e-05,4.2013806e-06,-1.4331423e-06,1.3106479e-06,-2.6946368e-06,-1.2919715e-05,-4.0196233e-06,-1.2448509e-05,-3.2605021e-06,-1.603923e-05,-9.0345117e-06,1.0010625e-05,4.6517143e-06,-1.863808e-07,0.00014485649,-0.00011836849,-8.2027565e-05,1.3598791e-05,-3.8268903e-05,-1.8942348e-05,-1.8051321e-05,-4.2398015e-05,1.5196544e-05,-2.379828e-05,1.0380877e-05,-5.5684014e-05,1.2541358e-05,-2.9979295e-05,-1.8349933e-05,-1.5922406e-05,6.84065e-06,8.9930626e-06,3.565651e-05,2.0218836e-05,-1.5401667e-05,4.1492489e-05,2.3337628e-05,3.6680796e-05,1.9981878e-05,-3.5213626e-05,7.2792042e-06,-1.8892079e-06,-6.2127573e-06,1.122896e-05,6.6623988e-05,-5.429686e-05,4.4070752e-05,-1.5070674e-05,1.1379962e-05,2.9409894e-05,-4.3571604e-05,4.4825682e-06,-5.2325989e-06
0.00024686772,-0.0016335531,-0.00082332896,-0.00017730967,0.0001298153,0.00012897021,-0.00018631574,9.8887726e-05,6.0992052e-05,-2.1976207e-06,2.7104757e-05,4.7418599e-05,4.0224646e-06,0.00013119361,-0.00010023092,-0.0027116579,0.0013369124,0.00066389729,-0.00092519377,0.00048447393,-1.6226933e-05,0.00032770567,0.0007246202,-0.00011779949,-9.3506776e-05,0.0004534256,-2.9706355e-05,0.0047464248,0.0005896092,0.00091150701,-0.000254999,0.00012439615,-0.00013885956,-0.00022452652,-8.0564711e-05,4.8376558e-05,-9.4689738e-05,0.00068225383,0.00012532937,-0.00053495637,9.0433137e-05,0.00038320572,-9.1949784e-05,3.8044594e-05,-0.00038267499,-5.4107785e-06,-8.7869808e-05,-0.00047384437,0.00016828865,2.5787746e-05,-0.00020740016,5.9134938e-06,-0.0026009889,-0.00023868617,-0.00063110103,0.00016331987,-6.4610738e-05,7.4333493e-05,0.00016611525,7.5423872e-05,-8.4026537e-05,0.00010652226,-0.00035555071,-1.0940067e-05,0.00019212319,-2.4291959e-05,-0.00016295152,3.8602543e-05,-7.8495933e-06,-0.00082083184,1.8436784e-05,-0.00015480297,1.7591655e-05,-0.00023976265,3.9301973e-05,-9.814946e-05,-0.0001049451,1.5311671e-05,-0.0011409379,-4.3667016e-05,-0.00012327297,0.00011357756,-5.0053285e-05,6.2509225e-05,8.6517258e-05,-4.1089178e-05,0.00015678229,1.6486753e-05,1.0889771e-05,9.1925558e-06,0.0002888387,4.4736605e-05,-0.00016503089,-2.3127153e-05,-1.0348636e-05,-0.001765854,0.0013863488,0.0010838423,-0.0001708757,0.00054275587,0.00012114534,0.00066593744,0.00016862373,-0.00016036497,0.00016677382,-2.8679143e-05,0.0019407314,-1.0691177e-05,-0.00010153015,-0.0002663258,0.00017484897,-0.00018136705,-0.00031940716,-0.00048731197,-0.00030959115,0.00024067821,-0.00017658397,-0.00020190073,-0.0007325253,-8.2357232e-05,0.00030434618,-0.00015614572,5.4496695e-05,0.00039462124,-0.00014667526,-0.00057774883,0.0006122718,-0.00047803937,0.00017983248,-0.00015653245,-0.00039783429,0.00077346879,3.2454909e-05,8.3694745e-05
-0.00051240383,0.0027292383,2.6082487e-05,0.00026540363,-0.00022206965,0.00013219042,-6.2895929e-05,-2.1837039e-05,-1.8722175e-05,9.5249539e-05,7.8172653e-06,-1.9171213e-05,9.7265717e-05,0.00010314844,-0.00012313257,-0.00094710439,0.00031139111,0.00037051728,-0.0011417868,1.2532208e-05,0.0001263932,-0.00062212674,-0.00049510954,0.00041037163,0.00017648941,0.00014651555,1.8528008e-07,0.0005896092,0.0073727707,-0.0010584872,0.00021297295,-0.00011512478,-4.1849727e-05,0.00032263587,-1.1945397e-05,-1.3773852e-05,0.00030779461,-0.00022506308,8.7446878e-05,0.00010075736,-0.00042665402,0.00021404601,9.0983083e-06,-8.9706959e-05,2.8057338e-05,-0.00010735187,0.00025291598,0.0002290191,-0.00024627684,4.1466956e-05,-8.1930663e-05,-2.1131415e-06,-0.00033589098,-0.0037285258,0.00056567203,-0.00018134965,7.8817429e-05,0.00011687912,-8.8873328e-05,1.7613281e-05,0.00014728286,-0.00021832601,0.00014071586,-3.0612116e-05,-6.5626363e-05,0.00033520404,-0.00013191334,4.4669111e-06,3.8839955e-05,0.0014041765,0.0003378242,0.00012984275,-5.0769124e-05,0.00011937045,1.8685593e-05,0.00016253436,-7.575486e-05,-4.3495557e-06,0.00023139099,-0.0015656137,0.0004428794,8.235099e-05,2.7620509e-05,1.045368e-05,-0.00013145904,9.3454741e-05,-0.00018421852,-0.00013550957,-0.0002005306,-9.921893e-05,-0.0002784456,-9.9041138e-05,2.1250302e-05,-1.1803566e-05,1.8464409e-05,0.0030858044,-0.0019135217,2.2105855e-05,-0.00056347142,-0.00030923324,0.00010118997,-0.00052048721,-0.00043651155,-0.00014710356,0.00024678102,-1.5088362e-06,-0.00053931794,0.0032590905,-0.00048480303,-6.5300067e-05,-0.00010771292,8.9182625e-05,0.00048455523,-0.00036173311,0.00018008598,5.4925532e-05,0.00049167497,0.00038753152,0.00097604374,0.00025491011,-0.00034673996,0.0002027304,-5.6483647e-05,-0.00011406339,-0.00017209432,0.0010134762,-0.0011687569,0.00098907765,-0.000309417,4.4078597e-05,0.00012435921,-0.001202026,0.00013379184,7.3361052e-05
-0.003323535,-0.0088683578,0.0008346039,-3.0202151e-05,0.00059801641,-0.001692791,-0.0010368515,-2.0757392e-05,6.2370343e-05,-6.1084246e-05,7.7143712e-05,0.00016874855,-0.00015782303,0.00011517644,-0.00015670967,-0.0027685808,0.0027919523,-0.00059076114,0.0024790405,-0.00070669004,0.00093558544,0.0023599061,0.0010725273,-0.0010592197,-0.00078294584,0.00043507517,4.5906151e-06,0.00091150701,-0.0010584872,0.10495594,0.0015944828,0.00059893334,-0.0007366907,0.00085380649,0.00072627878,-0.00015265227,-0.00070775394,0.0013060531,-0.00038482974,-0.0009003046,4.9317263e-05,-0.0015214859,-0.00078312505,7.993696e-05,0.00030649405,-0.00029562741,-0.0012980845,-0.00055707603,0.00091131573,0.00015432345,-0.00026242727,-3.632484e-05,-0.00045579936,0.00058768246,-0.027807115,-0.0007683582,-0.00037269087,0.0002735298,-0.00069877424,-0.00049155436,-0.00030541322,0.00038875762,-0.0011328195,8.4150689e-06,0.00028197535,-0.00016023918,0.0011680662,0.00024988893,-2.1875906e-05,-0.0033341889,-0.00052659753,-0.00057738689,-2.9244494e-05,5.5698078e-05,0.00023750039,7.9168308e-05,3.2596551e-05,1.8855402e-05,-0.00085820711,0.00053196761,-0.012841983,-0.00029516753,-4.9250624e-05,0.00016368937,-0.00014296418,3.1948578e-05,0.00050478315,0.00043597627,0.00050220633,0.00014743775,0.00076961812,0.00023040036,0.00017592435,0.00029489076,-4.3865615e-07,-0.0086635901,0.0051647752,-0.0003137336,0.00089942094,0.0012963092,-0.00012085651,0.00059949792,0.00060386749,-0.0003432589,-0.00042074978,1.1990021e-05,0.0020167884,-0.00059810657,0.042389895,0.00080099267,0.00024887776,-0.00059580118,-5.5681265e-05,0.0006069047,-0.0012866487,1.2324762e-06,-0.0015328625,-0.00072322201,-0.0022187437,-0.00095850005,0.00088437138,-0.00115622,6.4616548e-05,-0.00038571519,0.00016791587,-0.0010837747,0.0021194359,-0.0018097859,0.00061370412,-0.00015547335,-0.00017563464,0.0015900336,3.6391542e-05,-9.4735674e-05
-0.00089821447,-0.00029815628,-0.0023848127,-0.00015115657,-4.4047869e-05,0.00066577851,-0.00021814437,2.5310043e-05,-5.2580481e-05,3.9510965e-06,2.5955219e-05,-0.00013751218,-9.9812e-06,9.6994044e-05,-0.00022678323,0.00015911998,0.00031635794,-0.00050694923,0.0007232949,5.6706402e-05,-0.00018920712,0.00031048233,-0.00026356574,0.00034632989,0.00020646929,-0.00036948543,-5.3321949e-05,-0.000254999,0.00021297295,0.0015944828,0.0066430661,-1.760522e-05,-0.00033029409,-0.00015869469,-7.445399e-05,-0.00013836621,0.0014344766,-3.3082218e-05,5.6308838e-05,-0.00010572254,-0.00027255494,0.00049083489,-0.00045581359,1.70449e-05,-4.8438698e-06,9.2927521e-05,-0.00016010655,0.00017903254,-6.1278394e-05,-4.9839992e-05,0.00014220022,2.8364871e-05,0.00016993964,-0.0001925373,-0.00051622133,-0.0028029107,-1.0030994e-05,0.00010327774,4.3488735e-05,-8.8947208e-06,4.4224805e-05,-0.00072352438,-2.4213874e-05,-4.3631006e-05,-2.2698731e-05,1.7711683e-05,-0.00029349677,0.00017226875,-1.0557013e-05,6.5270238e-05,-1.67337e-05,-3.5629067e-06,-2.3248318e-06,8.3897294e-05,-1.1829812e-05,-0.00016807616,8.3887726e-05,2.1937101e-05,0.00022714542,-2.4710759e-05,0.0002068292,-0.0011504011,3.5369672e-05,7.2281828e-05,8.8916285e-05,4.2638471e-05,7.1208898e-05,-0.00018566269,-7.5122054e-05,1.8362657e-05,-3.0463721e-06,0.00017466726,0.0001513765,0.00010752576,-7.8910214e-06,-0.00014938276,-0.00014592121,0.00012986941,4.4184767e-06,-7.4844607e-05,4.2804329e-05,-0.00010730225,2.2457091e-05,5.3871741e-05,-0.00019063759,-8.1180729e-06,-0.00046447351,-6.509125e-07,-0.00026704832,0.0022409415,-1.5561311e-05,-0.00014884011,-0.00019024185,8.6248769e-05,3.1146691e-05,0.00043902624,0.00016801448,-0.00019785738,-7.9144966e-05,-0.00010662871,-0.00017576544,-0.00022413866,1.3540918e-05,3.363189e-05,-2.4049465e-05,-9.5910594e-05,0.00017963919,-9.6798902e-05,1.5585837e-05,-2.285041e-05,3.0904985e-05,-0.00013324749,-4.6773207e-05,-1.8446149e-05
3.768011e-06,-0.00084283044,-0.00066414831,-7.3084522e-05,5.9745467e-05,6.0741316e-05,-7.185465e-05,8.7314689e-06,9.3059368e-06,1.2726251e-07,-2.3745606e-05,2.5554931e-05,1.9850078e-05,1.7923056e-05,5.7705318e-06,-0.0010391574,0.00058732293,0.0001369508,0.00024030431,0.00012080145,1.3145765e-05,5.6445434e-05,0.0002437308,-6.8374848e-05,-0.00013872554,1.2521936e-05,-1.3094014e-05,0.00012439615,-0.00011512478,0.00059893334,-1.760522e-05,0.00053616216,-8.1314429e-05,4.8858154e-06,-8.268009e-05,-0.00010966277,-0.00013201698,0.00017778426,-3.4376125e-05,-0.00022476169,2.9492676e-05,0.00014327198,-2.3304086e-05,9.644081e-06,-9.0270635e-05,-7.6943802e-06,-3.4346466e-05,-0.00013026602,7.8170708e-05,9.1972633e-05,-1.6421122e-05,7.4699155e-06,-5.0097359e-05,0.00011525293,-0.00047178009,-5.3476091e-06,-0.00027058829,3.9232271e-05,-1.5206053e-05,1.147986e-05,5.7935963e-06,9.5369976e-05,-0.00012571997,1.1901447e-06,0.0001300349,-1.1509507e-05,-3.8491422e-05,-8.9225494e-07,-4.5902443e-06,-0.00071641135,-0.0001443331,-0.00010576732,5.021516e-05,-6.163238e-05,-1.2651551e-05,-2.3737879e-05,2.3223565e-07,2.7201995e-06,-0.00022665123,0.00012832711,-0.00025251357,-1.175986e-05,-0.00010070347,4.0307065e-05,3.7393977e-05,-1.5460347e-06,0.00012541433,9.7206026e-05,8.9702339e-05,1.039927e-05,0.00022487822,0.00012576983,-8.0464358e-05,1.495887e-05,-5.2268874e-06,-0.0023057015,0.0013538033,0.00041078022,0.00022102003,0.00035233025,-0.00010866061,0.00025481619,0.00032746878,-0.00011694685,-8.4714884e-05,-5.6037291e-06,0.00056594693,-0.00021055168,7.9263368e-05,5.5693355e-05,0.00023518462,-0.00013852199,-0.00019372867,-0.0001498021,-0.00032827821,6.8551846e-05,-0.00043005444,-0.00024108906,-0.0006042404,-0.00033011347,0.00040200578,-0.00022058863,3.0424427e-05,9.5592354e-05,1.0665351e-05,-0.00040727186,0.00042700664,-0.0003530338,0.00014673277,-8.1074688e-05,-0.00022958788,0.00044717947,3.0609759e-05,2.8196611e-05
0.00052680204,5.2120854e-06,0.00057984971,-5.3686561e-05,2.4209602e-05,-3.9633432e-05,0.00012324614,2.1832574e-06,-2.2841358e-06,-5.1105624e-06,-7.7158516e-06,-6.0512646e-06,-1.1598653e-05,-2.716724e-05,-3.4898366e-05,-0.00060881299,0.0002293546,6.2447361e-05,-4.7472361e-05,9.1210356e-06,-0.00027915663,-0.00010443896,-0.00016273638,0.00011220759,0.00018431028,5.1432498e-05,-1.50511e-06,-0.00013885956,-4.1849727e-05,-0.0007366907,-0.00033029409,-8.1314429e-05,0.00054911111,0.00027669298,4.2885409e-05,5.6413041e-05,-0.00010158911,6.7112616e-05,0.00015987681,0.00013946709,6.3398267e-05,0.0004441585,2.8594784e-05,-2.8556177e-05,-1.6455857e-05,0.00015627749,7.2769982e-05,9.5627359e-05,-8.145114e-05,-0.00011335061,-2.9879394e-05,4.0409408e-06,7.9631912e-05,9.338428e-05,0.00030558591,0.00012975181,4.6189817e-05,-0.00031612409,-0.00012340366,2.734132e-06,5.4043989e-06,6.8461492e-05,-1.2578215e-05,-7.288359e-05,-4.3903532e-05,-2.7488807e-05,-0.00027208909,-2.1816349e-06,1.4829927e-05,-0.00013971876,5.2809462e-06,4.6490155e-05,-2.4611492e-05,2.4201116e-05,-4.4762175e-05,-3.1921456e-05,-1.4468288e-05,1.7273693e-06,-6.2151701e-07,7.9924741e-05,-1.4212145e-05,4.4472898e-05,1.2495902e-05,-9.0112479e-05,-5.1540117e-05,1.2186372e-05,4.2211937e-05,3.9572975e-05,4.1976518e-05,-7.563111e-06,2.5162373e-06,2.0636797e-05,-0.00010761508,3.3241189e-06,7.1936124e-06,8.0359754e-06,3.9535952e-05,-0.00016868097,-1.4681313e-05,-0.00016779928,8.961666e-05,-9.5478974e-05,6.2862243e-05,8.4726996e-05,1.9835802e-05,-6.7708479e-08,-0.00010569698,-8.1183515e-05,-3.7800886e-05,-0.00018935014,-3.8437817e-05,0.00017849819,8.524536e-05,1.9531366e-05,-0.00011695203,-0.00011016593,-3.2038778e-05,6.168372e-05,0.00010907159,-4.4149558e-05,0.00021227954,3.3168849e-05,-1.4210576e-05,3.0459054e-05,-1.1064397e-05,-0.00028418837,0.00017401825,-0.00013887904,3.0940758e-05,1.7157038e-05,9.0737528e-05,0.0001367359,-4.2693859e-05,-8.6318019e-06
6.813739e-05,-0.0011548068,0.0013979777,-8.254895e-06,7.1528875e-05,-0.0004475888,-5.5007858e-05,-1.975547e-05,-2.4976792e-05,1.4347395e-05,-3.5419758e-05,4.2813338e-05,-4.8825743e-07,-7.3844605e-05,-3.2111911e-05,-0.0014112857,0.00058084085,0.00011087122,5.589522e-05,0.00017848419,-0.00020033591,0.00035954508,-0.00031657718,-0.00039001708,-0.00024130143,0.00016229519,-1.144514e-05,-0.00022452652,0.00032263587,0.00085380649,-0.00015869469,4.8858154e-06,0.00027669298,0.0030384792,4.1265781e-05,-4.9685318e-05,0.00039219222,1.7533628e-05,-7.1174765e-05,-8.3164685e-05,-0.00018787223,-0.00081868048,-6.7055878e-05,-8.2405588e-05,-0.00014509908,0.00011475204,-0.00024959272,0.00017506781,0.00024202791,0.0002154443,-8.1714792e-05,9.425809e-06,0.00018566534,-0.00013887007,-0.00054160856,8.5591736e-06,-3.5126216e-06,-0.00011775426,-0.0016804798,1.6976293e-05,9.6213005e-05,-0.00015176855,-1.0059771e-05,2.7733917e-05,3.4052295e-05,0.00010463955,0.00053909582,4.312575e-06,4.7646178e-05,-0.00017048804,6.0518999e-05,5.8542517e-05,-4.6948946e-05,0.0001540499,9.8951803e-05,0.00012204724,-4.7858165e-05,3.3529943e-06,2.8713685e-05,-5.6565119e-05,-0.00029772668,4.4370489e-05,-2.5735577e-06,-4.8910196e-05,-0.00062388634,-4.7827805e-05,9.9411374e-05,-3.9651446e-05,0.00010689035,3.6782766e-06,-1.0761402e-05,8.5407094e-05,0.00019593674,4.4884484e-05,2.0824923e-05,0.0007404766,-9.1816713e-05,-0.00058391271,-0.00015034788,-0.00019891745,5.9087646e-05,-0.00026677814,-0.00033791457,-0.00010637905,9.0086774e-05,-5.2258342e-06,-0.00015443787,0.0002876718,0.00057105523,-0.0001640712,-6.8528215e-05,6.3969844e-05,0.0011176206,0.0002935838,-0.00026667021,-0.00016605739,-0.00013124293,2.8222233e-05,0.00017993295,-6.3966057e-05,-0.00043675079,0.00012541512,-4.1707743e-05,0.00014450827,-0.00012341337,-0.00020782886,0.00032207384,-0.00029069286,-9.4509375e-06,5.7733349e-05,0.000276049,0.00018213437,-5.98901e-05,-6.9586433e-05
-0.00063438418,1.7360877e-05,0.0014398648,8.0976754e-05,1.2866851e-05,-0.00046624348,-0.00012950808,-5.1060643e-06,1.5553014e-05,-9.2342812e-05,-4.5859842e-06,8.0894043e-05,1.1762525e-05,-9.5097767e-06,3.6922596e-05,-0.0020326181,0.0010817683,0.0003635606,0.00013228993,-0.0003608311,0.00011843506,0.00038574414,9.6463788e-06,0.00011871341,0.00029515963,4.4494596e-05,-1.1321068e-05,-8.0564711e-05,-1.1945397e-05,0.00072627878,-7.445399e-05,-8.268009e-05,4.2885409e-05,4.1265781e-05,0.0036433534,0.0019803796,-4.2605195e-05,9.2258363e-05,-0.00019558323,-0.00010904397,2.6314726e-06,-0.00023831104,-0.0002378862,3.0321477e-06,0.00020608269,-5.8376833e-05,-0.00016184099,-5.7930565e-05,-3.5875343e-05,-0.00021729679,-1.9883176e-05,2.2432615e-06,4.3653306e-05,-6.3223558e-05,-0.00039536019,3.9543504e-05,1.624934e-05,1.2439127e-05,-4.6059428e-05,-0.0018014042,-0.0010391612,4.6836106e-05,-0.00013902127,2.2700398e-05,-3.2338145e-06,5.2793855e-05,0.00019773363,7.815392e-05,1.1723235e-06,-1.5350472e-05,1.8249037e-07,8.2104182e-06,-2.3036242e-05,-0.00010843255,-4.8063072e-05,-2.9470666e-05,1.1336581e-05,-1.8110993e-06,-1.5183084e-05,7.2751341e-05,3.5348626e-05,2.2018553e-05,1.7027045e-05,-3.7015165e-06,-8.6558977e-05,-0.00062449027,-0.00038183336,3.1987597e-05,-9.580107e-05,-8.9885284e-05,5.0450256e-06,-8.2598641e-05,0.00011040129,7.6735494e-05,8.8639828e-06,-0.0006401706,0.00026650241,-0.00046673348,0.00012687343,-1.3588975e-05,-9.4727613e-05,3.0820623e-05,0.00028631656,0.0002426679,-0.00010897107,-1.9071661e-06,0.00011333125,-0.00021265811,-7.9875381e-05,0.00010044581,-8.2278237e-05,-4.5422396e-05,5.1968782e-05,0.0013223699,0.00054930905,-0.00023925058,-5.5304566e-05,8.5209098e-05,-2.5184771e-05,3.2377034e-05,-0.00013495856,-4.9753357e-05,-1.0323181e-05,-0.00020994291,0.00011623489,0.00067007851,-0.00042951327,0.00034068548,7.257742e-06,4.7679027e-05,0.00010238526,-0.00037053147,0.00010537959,-7.6646291e-05
0.00096625578,0.00095565611,0.0021337951,-4.9748791e-05,-7.1192862e-05,-0.00044355219,0.00022056836,8.4495593e-06,4.0499033e-05,-4.4136364e-05,-9.3610299e-06,5.5714836e-05,-4.0799424e-05,-2.4721065e-06,-4.891202e-05,-0.0018634431,0.00093598867,0.00024709892,-8.3935622e-05,-8.2866466e-06,-0.00020356906,7.3001766e-05,0.00013799636,0.00012827276,0.00024670563,4.5941693e-05,-1.6647914e-05,4.8376558e-05,-1.3773852e-05,-0.00015265227,-0.00013836621,-0.00010966277,5.6413041e-05,-4.9685318e-05,0.0019803796,0.0033086909,-0.00025066224,0.000213073,2.535865e-05,-0.00028082713,-2.6584402e-05,-0.00019925819,0.00013407586,-2.0327271e-05,1.1800914e-05,8.7112915e-05,-4.720264e-05,-0.00021115414,-0.00015754855,-0.00026572895,-2.4013407e-05,1.2362109e-05,-0.00010433926,3.3792879e-05,-1.3962555e-05,9.1390596e-05,9.3180483e-06,2.2202266e-05,0.00012361312,-0.0010352923,-0.0017215188,0.00013058391,-6.3989519e-05,1.7963275e-05,0.00016598352,7.9517694e-05,5.9985641e-05,-3.0885456e-05,4.996601e-06,-0.00013974834,9.2719136e-05,1.9762873e-05,3.2285679e-05,-8.4056704e-05,-0.00011490304,-8.4708474e-05,7.9671223e-06,-1.8900465e-06,-5.7101606e-05,7.6027938e-06,4.77352e-05,5.8192912e-05,-3.8334255e-06,2.0549222e-05,5.3443013e-05,-0.00037260657,-0.00061423515,7.9250612e-05,-1.983693e-05,3.2560354e-05,0.00012167819,-3.4264103e-05,4.2140976e-05,3.1733185e-05,1.0201217e-05,-0.00057151335,0.00048189126,0.00013192522,-0.00018665192,1.1778674e-05,-4.561553e-05,0.0001643645,0.00034038925,0.0002340961,-7.5671671e-05,3.4500404e-08,5.5286526e-05,-0.00034086435,6.6450413e-05,-2.9476004e-05,-9.7302813e-06,-6.5830316e-05,-0.00024847517,0.00067610289,0.0010458784,-0.00024922096,-5.8506216e-05,-0.00011975044,-0.00014918432,-3.1332265e-06,-6.5554288e-05,-4.3245048e-05,-3.1879803e-06,1.3118319e-05,-6.3822438e-05,3.338542e-05,-0.00018664532,0.00014913013,6.6873017e-05,-1.2033673e-05,-8.654206e-05,9.2067582e-05,7.2812989e-05,-1.6669542e-05
-0.0015755622,0.0015706221,-0.00016925101,0.00031409202,-0.00017949744,-0.00022805398,-0.0001886547,-9.2636848e-05,-2.9133428e-05,7.9139252e-05,-3.6178809e-05,5.6266854e-05,4.9920524e-05,8.9605073e-05,-0.00014058685,-0.0034856035,0.0017436608,0.00086681629,-0.0021108298,0.00029388451,-0.00030592802,-0.00017127755,-0.00017701372,2.6005975e-05,0.0001959867,3.3801969e-05,-1.0199956e-05,-9.4689738e-05,0.00030779461,-0.00070775394,0.0014344766,-0.00013201698,-0.00010158911,0.00039219222,-4.2605195e-05,-0.00025066224,0.0050162007,-0.00032398588,-7.0436099e-05,0.00024714484,8.7264901e-05,0.0001192082,3.9588348e-05,-9.6935351e-05,-0.00011679329,0.00011945935,7.3840229e-05,9.2363964e-05,-6.8831659e-06,2.0370591e-05,-2.1247532e-05,1.1389949e-06,9.3986051e-05,-0.00026151847,0.00030851352,-0.00068065507,8.8704417e-05,8.2830216e-05,-0.00013416489,3.965836e-05,0.0001576471,-0.0025516941,0.00014686084,6.7489797e-06,-0.00014488398,-5.3008843e-05,-8.485104e-05,-1.7282629e-05,4.9857842e-05,0.0016591551,0.00028134345,0.00034439821,-8.3487447e-05,3.3373679e-05,9.5180247e-05,9.1649737e-05,-3.7596276e-05,9.6110979e-07,0.00036610881,-0.00017354215,0.00029397712,-6.6576411e-05,1.6618493e-05,-2.9287734e-05,-0.00010105514,5.6153951e-05,-0.00017541886,-0.0011033295,-0.00030158791,-0.00010013255,-0.00042947087,-0.00033306836,0.00018615721,-7.4545817e-05,2.1484985e-05,0.0038489082,-0.0021828945,0.0003441937,-0.0005325567,-0.00051038678,0.00020570566,-0.00014655224,-0.00056364592,-0.00015481728,0.00017606999,-6.0591038e-06,-0.00085824041,0.00023419464,7.5596045e-05,0.00033174898,-7.2132963e-05,0.00012205194,0.00021986901,-0.00039946539,0.0003441164,0.0014727126,0.00082602199,0.00048450436,0.00086722394,0.00079379607,-0.00061338448,0.0002974321,-4.7611359e-05,5.7318897e-05,-0.00015706452,0.0015966235,-0.0013684611,0.0010957462,-0.00036762617,4.2547637e-05,-3.5049428e-05,-0.0014066094,9.5243778e-05,5.1162813e-05
0.0010484554,-0.0011831415,-0.00062457704,-0.00019227917,0.00011330503,0.00014637447,0.00013049091,7.1247043e-05,4.1904506e-05,7.4274109e-06,3.0386344e-05,-3.1944497e-06,9.3265753e-08,-9.228919e-05,-6.6141864e-06,-0.0016068352,0.00097318622,0.00034525057,-6.5018264e-05,0.0001002464,0.00014177998,-1.6384117e-06,0.00039487106,7.8455697e-06,0.00024665656,7.0272829e-06,-2.0326524e-07,0.00068225383,-0.00022506308,0.0013060531,-3.3082218e-05,0.00017778426,6.7112616e-05,1.7533628e-05,9.2258363e-05,0.000213073,-0.00032398588,0.0034452702,0.0010801063,-0.00086749243,-5.2343719e-05,-7.1789554e-05,9.3205089e-05,4.6392932e-06,-6.987301e-05,-9.4784332e-05,4.0125951e-05,-0.00027421949,-2.8014982e-05,-0.00019418895,1.0866215e-05,7.4371521e-07,-0.00031625546,9.5259739e-05,-0.0006198911,-1.8450837e-05,-0.00010620193,-3.2282067e-05,-3.1694838e-06,-0.00010838139,-0.0001346618,0.00015005069,-0.0018611544,-0.00055289643,0.00046384852,3.5805474e-05,-3.8360706e-07,-1.3259524e-05,-7.3437145e-06,-0.00085726003,-9.9450551e-05,-0.00016459153,0.00011738002,-0.00018325973,-0.00015901584,-0.00024441059,1.6474993e-05,2.1046994e-06,-0.00037604131,0.00015158992,-0.00010545265,-8.1248043e-05,-3.0106029e-05,2.7130295e-05,9.3499239e-05,-9.8526131e-05,0.00011330199,9.0336001e-05,-0.00057561325,-0.00012918439,0.00031295167,0.0001651804,-0.00016452421,-1.696888e-06,-5.0056799e-06,-0.0020925949,0.0012710091,0.00011516477,0.00013130194,0.00031559175,-0.00020364916,0.00044663929,0.00043178863,0.00032682121,-0.00016546725,4.9995545e-06,0.00073171716,-0.00029128902,-4.6508592e-05,0.00027286185,7.9497413e-05,-9.0170879e-05,-0.00037705894,0.00010235138,-0.00027450028,0.00010182197,0.00069292795,7.9549634e-05,-0.00065155956,-0.00036102064,0.0006220374,-7.7299558e-05,2.9206758e-05,4.4421322e-05,-4.1841211e-06,-0.00091161394,0.00072169215,-0.00059492725,0.00019767261,-7.2688416e-05,3.7405106e-06,0.00069610716,1.1315096e-05,7.1367392e-06
0.00127186,0.00038901031,-0.0011907903,-0.00016170411,-5.2631973e-05,0.00065707485,0.00016722145,5.371244e-05,5.2585341e-06,2.0454967e-05,-3.3033256e-05,-0.00011309374,-0.000125004,-7.6420951e-05,-3.5675982e-05,-0.00049837561,0.00020184831,0.00019910759,-0.00031570732,5.1472628e-06,-7.6429838e-05,-0.00037182351,2.5070784e-05,3.0667489e-05,-0.00036181979,-1.1912449e-05,-2.6138349e-05,0.00012532937,8.7446878e-05,-0.00038482974,5.6308838e-05,-3.4376125e-05,0.00015987681,-7.1174765e-05,-0.00019558323,2.535865e-05,-7.0436099e-05,0.0010801063,0.0036859305,0.0002088449,-0.00029283656,0.00010418219,0.00018783562,-1.4813676e-05,-6.1493882e-05,-1.169936e-05,0.00014958742,1.815208e-05,-8.3371797e-05,0.00013483009,4.1809452e-05,1.0880371e-05,-3.8779859e-05,-5.5762995e-05,0.0001810555,-7.9620045e-05,2.4698974e-06,-7.9795636e-05,6.821934e-05,5.2228256e-05,2.3994491e-05,1.3822006e-05,-0.00055443032,-0.0017383275,-0.00012487252,7.5673017e-05,-0.0001098557,-5.565543e-05,5.4530383e-06,-0.00080228968,0.00014719483,-0.00011775325,0.00013078524,-6.7502922e-05,-0.00012264506,8.4526631e-06,-1.0477208e-05,2.507285e-06,-0.00022118639,2.8461584e-05,-7.6752133e-05,-8.3912395e-05,-1.611361e-06,7.9221189e-06,7.839811e-05,-6.0784288e-05,0.00021010593,2.8456763e-05,-2.3244526e-05,-0.00056422691,0.00014931677,0.00020987018,-0.00022368222,2.2204286e-05,2.9421335e-08,-0.002038094,0.0017046481,0.0012900136,-0.00034375374,0.00051557217,-0.00010084931,0.00044110721,0.0004982795,-0.00042666883,-4.4646538e-05,6.9134202e-07,0.00047708273,-9.6091229e-05,-0.0001646578,7.1332536e-05,6.12396e-05,-2.2181824e-05,-0.00032613684,-0.000553322,-0.00035678982,0.00049875906,-0.00022434022,0.00086838442,-0.0005118483,-0.00064996668,0.00062795053,-0.00019339203,3.101846e-05,0.0001922738,-0.00022827105,-0.0010511998,0.00063787547,-0.00046132352,0.00017021603,-0.00017035861,-0.0004400908,0.00046801747,-1.4007929e-05,0.00010240868
0.00051842396,0.00086864983,0.00066490667,-1.2833365e-05,6.3079366e-06,6.2179575e-05,0.00020272883,-1.6046819e-05,3.935447e-06,7.4433133e-06,3.9115194e-06,-0.0001377889,-1.0386395e-05,-7.3211209e-05,7.2568478e-05,-0.00016294118,4.7344068e-05,-5.7810996e-05,-0.00023713554,9.6428358e-05,-0.00030001898,0.00013066107,-0.00078602893,0.00028149017,-0.0001456036,0.0001411178,-4.7484968e-06,-0.00053495637,0.00010075736,-0.0009003046,-0.00010572254,-0.00022476169,0.00013946709,-8.3164685e-05,-0.00010904397,-0.00028082713,0.00024714484,-0.00086749243,0.0002088449,0.0052284873,0.00092193704,-5.4635385e-05,-7.6337897e-05,-2.7142801e-05,-7.3962512e-05,0.00011654041,-9.6499643e-05,0.0005144351,-0.00021619207,8.5668837e-05,-9.2674215e-05,1.1104732e-05,0.00016953892,-0.00013802712,0.0005152639,1.1689055e-05,0.00013094391,-7.5860669e-05,4.2507567e-05,-1.6421209e-05,0.00012067486,-0.00013036367,0.00048102026,-0.0001632629,-0.0029041071,-0.00045279059,3.804881e-05,-1.8858862e-05,1.4756826e-05,0.00029748336,2.0683773e-05,2.711129e-05,1.4693784e-06,0.00021272968,-5.5941139e-05,9.7682293e-05,-1.7737203e-05,-5.6339551e-06,0.00024041408,2.1340288e-05,0.00020365055,7.1597321e-05,5.4794157e-05,-5.3298169e-05,-3.2915383e-05,2.9104544e-05,2.8941751e-05,-3.1757208e-05,8.5773015e-05,-6.5344949e-05,-0.00099974951,-0.00022147091,0.00011026676,4.7905822e-05,8.2245285e-06,0.0011380606,-0.00067279195,-0.00025488464,-4.5000471e-05,-0.00014499587,1.8821112e-05,-0.00050725779,-2.9752825e-05,-0.00010913446,9.5030211e-05,8.7044464e-06,-0.00071379599,0.00022698926,-0.0001483728,-0.00030202639,-0.00011656513,0.00015795751,0.00013843131,0.00020016042,0.00018102671,-0.00010881946,2.7370945e-05,0.00013581357,0.0019241214,0.00044186592,-0.00034635606,5.2131715e-05,-3.8177622e-05,3.8515638e-05,-2.4902884e-05,-2.4913947e-05,-0.00016136365,0.00016691929,-6.8277647e-05,4.0629595e-05,0.00017182583,-0.00028617627,-7.5599479e-05,1.2674686e-05
0.00011595497,-0.0016893204,0.00079398153,-0.00012476105,0.00012153234,-0.00031463113,-4.2420418e-05,-1.3308624e-05,2.6818483e-05,1.3344143e-05,2.319876e-05,8.7604936e-05,-6.3367951e-05,-3.530509e-05,-8.2036919e-05,-0.0014146041,0.00070424505,0.00031224974,-0.00058650369,0.00020697633,1.6950897e-05,0.00042650949,-0.00023254005,2.1887579e-05,-4.0772036e-05,0.00025170878,-2.782198e-05,9.0433137e-05,-0.00042665402,4.9317263e-05,-0.00027255494,2.9492676e-05,6.3398267e-05,-0.00018787223,2.6314726e-06,-2.6584402e-05,8.7264901e-05,-5.2343719e-05,-0.00029283656,0.00092193704,0.0032422723,-0.0003478839,-0.00017329529,5.8619563e-05,-0.00019137446,-6.861445e-07,-0.00024336037,0.00012495537,4.4322538e-05,-3.9098487e-05,-0.00011662375,1.3917795e-05,5.5003772e-05,0.00031640484,-7.7666404e-05,0.00011396827,9.1929362e-06,-4.5818028e-05,5.4329198e-05,4.6210371e-05,-8.3054178e-06,-2.9242629e-05,-7.0458449e-06,4.3717391e-05,-0.00054019224,-0.001655775,0.00020997693,7.7277433e-05,-2.545255e-05,-0.0010274032,-0.00015477557,-0.00018768308,-2.2879323e-05,3.111285e-05,-2.6165401e-05,-0.00019366363,-6.4758452e-05,5.0760648e-06,-0.00038286526,0.00016615077,-7.3993687e-05,0.00012099316,2.1742639e-05,3.5012745e-05,0.00011161207,-4.9802829e-05,0.00013980415,1.0323624e-05,0.00015292645,7.320142e-05,1.9650484e-05,-0.00046328432,1.9624655e-05,3.8108662e-05,-1.4728896e-05,-0.0015951762,0.0013244873,0.0001509845,0.00019959434,0.00041892374,5.6040971e-05,7.4087677e-05,0.00027773654,0.00015062792,0.00011027758,-1.8734327e-05,0.00076218335,-0.00029909246,8.449832e-05,-0.00018157435,1.6155439e-05,-0.00010010045,-0.00023234875,2.1801107e-05,-0.00027277217,0.00025511287,-0.00027638339,-0.00034743066,-0.00012709947,0.000725248,0.00016160239,-0.00016316493,4.5361349e-05,0.00012359149,-2.1470471e-05,-0.00056520874,0.00065724071,-0.00058214192,0.00018844791,-7.3504618e-05,-1.8365865e-05,0.00051930717,-6.2314014e-05,-3.9907913e-05
0.00066929689,0.00054883977,-0.0024069631,-7.9719529e-05,-5.0838908e-05,0.00084639886,-1.9284198e-06,1.8135895e-05,1.2353357e-05,-1.6117144e-06,-1.3306026e-05,-9.6833708e-05,1.7888734e-05,4.7813591e-05,-6.6711036e-05,-0.0029662875,0.0016382585,0.00070997296,-0.00079746528,0.00016554156,-0.00024100099,0.00020882833,0.0015567987,0.00016793622,-0.0004119692,-0.00021618325,-5.1741073e-06,0.00038320572,0.00021404601,-0.0015214859,0.00049083489,0.00014327198,0.0004441585,-0.00081868048,-0.00023831104,-0.00019925819,0.0001192082,-7.1789554e-05,0.00010418219,-5.4635385e-05,-0.0003478839,0.0047003883,5.2213243e-05,1.1220961e-05,-0.00012717291,8.8191522e-05,-2.0906282e-05,-0.00088970613,-9.8408383e-05,0.00026459791,0.00010488514,5.9524924e-06,-0.00019384269,4.0469705e-05,0.00070502628,-0.00023331632,-7.4602916e-05,-0.00028118333,0.00052072944,0.00010892543,0.00011976996,-9.0491253e-05,-4.1640365e-06,-6.088718e-05,0.00012605509,0.00012972752,-0.002628265,-1.3683642e-05,-5.1839566e-06,-0.00033342751,-9.9143995e-05,-6.6209727e-05,-9.2646728e-06,-0.00047468799,-3.2844902e-06,0.00011111283,1.7193478e-06,6.8054492e-06,-0.00019091147,-2.0337935e-06,0.00018219181,-1.1220832e-05,-1.4625736e-05,-6.6660073e-05,0.00022198762,9.8271306e-05,0.00010226685,2.1481644e-05,1.8243522e-05,-2.2898678e-05,0.00017735804,0.00018619817,-0.0010672024,-3.6253895e-05,-9.8791519e-06,-0.001625598,0.00048403043,7.8436428e-05,0.00019054589,-4.8196386e-05,0.00018250783,0.00066124967,0.00023403591,-1.7050826e-05,-6.490624e-05,-1.665894e-06,0.00023027031,6.5520841e-05,-0.00068700067,1.0406768e-05,7.4039126e-05,0.0001253953,-0.00041080657,-0.000444463,-0.00045095276,0.00019396347,-0.00013351987,3.6797587e-06,-0.00033817511,-0.00043140823,0.0019569595,-0.00010488756,1.6057608e-05,0.00019986378,5.3696988e-05,-0.00064496434,0.00039845032,-0.00028360034,0.00011049909,-2.6404017e-05,-0.00013183102,0.00042469865,-3.0032693e-05,2.7853315e-05
0.00064751488,0.00073505982,0.00017408692,-5.0233432e-05,-3.6701323e-05,5.0681176e-05,0.00015550108,3.4563275e-06,2.2416277e-05,8.6452944e-06,7.2868893e-07,-1.8690906e-05,4.8365154e-05,-3.4584178e-05,2.1390693e-05,-0.00013447203,-4.8218392e-05,6.2266973e-05,-8.4876346e-05,-0.00021112206,6.9676255e-05,-0.00011801566,8.5061098e-05,0.000157834,-6.9717124e-05,-3.2159239e-06,-5.9408557e-06,-9.1949784e-05,9.0983083e-06,-0.00078312505,-0.00045581359,-2.3304086e-05,2.8594784e-05,-6.7055878e-05,-0.0002378862,0.00013407586,3.9588348e-05,9.3205089e-05,0.00018783562,-7.6337897e-05,-0.00017329529,5.2213243e-05,0.00076293086,-1.5095618e-05,0.00015982244,-3.4530561e-05,5.651546e-05,-4.770612e-05,-0.00013697924,4.3867992e-05,1.4661676e-05,2.1422545e-06,4.5983185e-05,-3.0734884e-05,0.00034721629,0.00022198501,1.0785543e-05,-4.1402835e-06,3.1794539e-05,9.0376128e-05,-3.1701696e-05,-1.7514246e-05,3.1599765e-05,-7.4343881e-05,-1.7133933e-05,0.00012816801,-6.3990593e-05,-0.00028566962,6.4205979e-06,0.00017054054,1.4247635e-06,-8.1568329e-06,3.8630256e-05,-3.3323531e-05,-5.8890476e-05,2.7970381e-05,-1.1317187e-05,3.4565638e-06,2.2986789e-05,1.7678479e-05,0.00017881573,0.00016064509,-7.1582465e-06,-9.6197936e-06,4.3125891e-05,8.061046e-05,-1.2174254e-05,-3.8792906e-05,-1.434287e-05,2.0176782e-05,3.7480131e-05,1.9562719e-05,-6.1666486e-05,-0.00021452662,3.3842736e-06,-0.00013411188,-0.00034296669,-0.00038444137,2.343853e-05,-4.9950753e-05,-4.9648514e-05,-2.1497781e-05,9.6602988e-05,1.1575762e-05,1.7463576e-05,-5.6406013e-06,-1.3636383e-05,4.0758623e-05,-0.00030920842,-0.00033708278,-1.6301407e-05,1.1744192e-05,9.6041873e-06,9.7456413e-05,2.23611e-05,-1.1873277e-05,7.1003465e-05,0.0001009777,1.1294017e-06,-4.2622805e-05,7.4345955e-05,0.00045198062,-8.1153519e-06,-0.00013924474,6.8700062e-05,-0.00012655494,-5.5469653e-05,5.4603746e-05,-2.1845527e-06,4.2105284e-05,0.00013151056,-2.1900161e-05,6.531069e-07,-3.244241e-05
3.2939385e-05,-0.00032823849,-5.3009782e-05,-2.5699771e-05,2.9725711e-05,5.7945988e-06,-1.6534986e-05,7.0764492e-06,-4.9615851e-07,-6.1906053e-06,5.5890061e-06,4.364187e-06,-6.5756491e-06,1.6683543e-07,-3.4962276e-07,-8.0932422e-05,5.8034925e-05,1.4439364e-06,9.3576496e-05,-9.1780807e-06,2.3230049e-05,4.8471621e-05,9.2215838e-07,-1.2468178e-05,-1.0335431e-05,1.4875279e-05,-1.916175e-06,3.8044594e-05,-8.9706959e-05,7.993696e-05,1.70449e-05,9.644081e-06,-2.8556177e-05,-8.2405588e-05,3.0321477e-06,-2.0327271e-05,-9.6935351e-05,4.6392932e-06,-1.4813676e-05,-2.7142801e-05,5.8619563e-05,1.1220961e-05,-1.5095618e-05,4.0812738e-05,3.3243035e-07,-1.3240613e-05,-2.4920823e-05,8.9341205e-07,1.4751868e-05,6.0337015e-06,-6.2131497e-06,1.9638652e-07,-2.9039072e-06,5.0861181e-05,-4.5545266e-05,-1.1054209e-05,-4.7102926e-06,1.2367921e-05,4.0574884e-05,-8.4558498e-07,5.9686814e-06,5.2039619e-05,-1.6524879e-05,4.9595705e-06,8.6992446e-06,-3.5909442e-05,6.9784249e-06,5.0342184e-06,-2.2370163e-05,-0.00017783587,-3.7383737e-05,-3.4944858e-05,-5.3486387e-07,-1.113321e-06,4.9234831e-06,-7.9423575e-06,2.7004209e-07,-2.3069695e-07,-5.4873591e-05,3.5295142e-05,-1.0192498e-05,-1.5545846e-05,1.1104687e-06,1.412495e-05,2.6042996e-05,2.0694444e-06,3.3801746e-05,3.1805243e-05,2.8881464e-05,9.4259244e-06,4.5233303e-05,1.0648059e-05,-1.9016432e-05,3.9320603e-06,-1.0273104e-05,-0.00044766543,0.00022580185,-2.5374248e-05,5.690063e-05,6.6291727e-05,7.5711073e-06,1.3289123e-05,4.1856184e-05,-1.4927341e-06,-1.3346913e-05,9.254953e-07,0.0001205679,-4.738687e-05,-3.3041028e-05,5.788369e-06,2.4805997e-06,-3.3129634e-05,-5.4510381e-05,1.8876133e-05,-8.1292392e-05,-1.20385e-05,-7.9760348e-05,-4.2404464e-05,-0.00011220733,-2.5603352e-05,6.9984556e-05,-2.8567331e-05,1.7356401e-05,-2.8050772e-06,1.4570758e-05,-0.00014303637,0.00014348082,-0.00011705253,4.0271987e-05,-7.9075401e-06,6.5635822e-06,0.00011470726,-1.035213e-05,-3.6696555e-06
0.00036179926,0.0011199187,0.0011062589,-2.0752371e-05,0.00013120697,-0.00014332292,0.00019123504,6.7159601e-05,0.00010444286,-0.00014387527,0.00022097797,-0.00022832566,0.00044766704,-0.00041560146,0.00081496156,-0.00010950669,-0.00012450967,-0.0001281551,0.0014751275,-0.0067368351,0.00013131962,9.9320762e-05,1.9942411e-05,0.0003501256,0.00048504828,2.6429828e-05,-2.7439565e-08,-0.00038267499,2.8057338e-05,0.00030649405,-4.8438698e-06,-9.0270635e-05,-1.6455857e-05,-0.00014509908,0.00020608269,1.1800914e-05,-0.00011679329,-6.987301e-05,-6.1493882e-05,-7.3962512e-05,-0.00019137446,-0.00012717291,0.00015982244,3.3243035e-07,0.0054454485,9.7045469e-07,1.437337e-05,-4.5963394e-06,-0.00010915896,-6.4916204e-05,3.9824097e-05,-6.688861e-06,4.571315e-05,-2.7447151e-05,0.00010643088,-1.9397203e-05,4.9761373e-05,-6.615521e-06,3.411933e-05,-9.9191912e-05,-4.5772583e-05,3.5908004e-05,0.00010929933,-0.00012842673,8.6067677e-05,8.3405662e-05,-8.3118133e-05,-1.599266e-05,9.0007503e-06,0.00028275876,5.7400296e-05,8.6129172e-05,0.00014989534,9.2367005e-05,0.00014901178,0.0001804669,-2.3064129e-05,3.218023e-05,-0.0003535247,-0.00015238064,0.00018206353,3.6435736e-05,6.6113442e-06,-3.992705e-06,-0.00019754023,0.00019526904,-0.00016539024,-0.0001787948,-0.000176242,-0.00031186052,1.2825128e-05,-2.008769e-07,0.00011203538,-1.8508702e-05,1.5988216e-05,-0.0022665248,-0.0018292894,-0.0037506739,0.0011315708,-0.00089267575,-0.00052684166,-0.00078149213,-0.00035183244,0.00030429126,-3.519871e-05,-3.150202e-05,0.0007437769,0.00080422231,-0.00019405521,-0.00056036116,-0.00020552203,-6.0327421e-05,0.00077314555,0.0014538544,-4.2816283e-05,-0.00016823925,0.00030367947,0.0010053528,0.00019022565,-9.4627019e-05,-6.4247324e-05,0.00034416322,-7.3782234e-05,-0.0054518425,0.0015785577,0.0003497312,-0.00043435404,0.00036275994,9.2530808e-05,0.00032508054,0.0011490497,-0.00040312249,0.00010983562,-0.00029643069
0.00015114538,0.0001260912,0.00037876197,-9.1089909e-06,6.455589e-06,-7.2500002e-05,4.9461774e-05,-4.6536016e-06,9.5423239e-07,1.506421e-05,3.2574435e-05,2.36865e-05,1.5741008e-05,-1.9388236e-05,3.3485445e-05,7.7939478e-05,-8.474235e-05,-6.8903928e-06,3.6606126e-05,-2.5227625e-06,-0.00086041825,0.0002410682,-0.00019229573,2.5602118e-05,0.00015381791,2.3483814e-05,-5.6892849e-06,-5.4107785e-06,-0.00010735187,-0.00029562741,9.2927521e-05,-7.6943802e-06,0.00015627749,0.00011475204,-5.8376833e-05,8.7112915e-05,0.00011945935,-9.4784332e-05,-1.169936e-05,0.00011654041,-6.861445e-07,8.8191522e-05,-3.4530561e-05,-1.3240613e-05,9.7045469e-07,0.00092411421,-0.00020724922,0.0001535546,-4.406522e-05,-0.00014126001,-1.4200773e-05,7.8634478e-06,4.8985578e-05,3.0346575e-05,0.00025294283,-8.0927654e-05,-3.8392004e-06,-0.00018269439,-0.00012262979,0.00013716126,-5.1775369e-05,-0.00016850961,7.8596796e-05,1.2710528e-05,-4.0632026e-05,2.5687465e-05,-0.00017411217,1.9360259e-05,1.3355101e-05,3.1753054e-06,4.8959569e-05,0.00024472371,-7.0749398e-05,6.7248086e-05,1.3956232e-05,-1.1034618e-05,2.8048278e-06,1.4843932e-06,1.115562e-05,-2.541343e-05,-4.6801618e-05,-6.2656699e-06,-2.0165579e-05,-4.4023047e-05,-6.1039752e-05,5.2397499e-06,1.1759052e-05,-6.0431996e-05,2.2772221e-05,-1.1443094e-05,-1.1281519e-05,3.3505491e-05,-1.9294543e-05,1.6349917e-05,4.2532844e-06,6.4935603e-05,-4.1272605e-05,-5.3965871e-05,-9.534845e-05,-0.00036822939,0.00013429992,-8.3359122e-05,-3.1849295e-05,-1.4321489e-05,-3.3994582e-08,-1.5306846e-06,-3.5522269e-05,5.9135362e-05,8.5233642e-05,1.3554594e-05,3.3023792e-05,5.5743582e-05,0.00012321011,-3.0352849e-05,-4.3314199e-05,6.5004282e-06,-3.07517e-05,4.56472e-05,3.8385362e-05,-7.0467212e-05,6.8815263e-05,-2.5989068e-05,-8.2129903e-06,-6.1851071e-06,-3.9437808e-05,-2.495596e-05,2.1654283e-05,-4.7115271e-05,3.1118375e-07,2.8944943e-06,2.3323554e-05,4.7872833e-05,-3.2804886e-05,3.6665904e-06
0.00022227122,0.0011591507,-0.00070872308,2.8784177e-05,-5.2034286e-05,0.00031859776,5.8294695e-05,2.8394843e-05,-2.3202552e-05,7.2640529e-07,-3.4884598e-05,-3.599428e-05,3.1729101e-05,1.905828e-05,-1.9740379e-05,0.00089518834,-0.00071461389,-8.8092094e-05,5.9970985e-05,-1.8279703e-05,0.00022684425,-0.0019468198,0.00015973659,8.7026186e-05,-0.00017377345,-0.0001193347,1.1814929e-05,-8.7869808e-05,0.00025291598,-0.0012980845,-0.00016010655,-3.4346466e-05,7.2769982e-05,-0.00024959272,-0.00016184099,-4.720264e-05,7.3840229e-05,4.0125951e-05,0.00014958742,-9.6499643e-05,-0.00024336037,-2.0906282e-05,5.651546e-05,-2.4920823e-05,1.437337e-05,-0.00020724922,0.0021105976,-0.00012757885,-0.00010741511,0.00011342067,8.8999458e-05,-8.5635255e-06,7.7911316e-06,-6.861961e-05,0.00075656032,0.00015563292,1.3701913e-05,-0.00012110316,0.00017901511,5.5544487e-05,-3.1999114e-05,-5.3469473e-05,-3.6415606e-05,-5.93405e-05,0.00021528557,0.00013700569,8.4970959e-05,-5.6235392e-06,6.7078656e-06,0.00079228922,0.00015339988,5.8000865e-05,0.00042368649,4.6252806e-06,4.8522894e-06,0.00010378075,2.4710537e-05,-1.8330936e-06,0.00018088935,-6.4686479e-05,0.00029279822,5.9568033e-05,-1.2032499e-05,-3.4999725e-05,2.1027893e-05,1.4267453e-06,-0.00017430407,-8.6136629e-05,-0.00019057328,-7.0840622e-05,-0.00015104107,-4.570363e-05,6.6875134e-05,-4.0690752e-05,6.8264627e-06,0.0014301035,-0.00075556543,8.6626037e-05,-0.00017989057,-7.4367642e-05,-0.00060246492,-5.366952e-05,-0.00016110435,-0.00015273375,-3.1437737e-05,1.401394e-05,-0.00030469036,-1.140832e-05,-0.00028603501,-0.00014168553,1.7584681e-05,3.2856275e-05,3.914001e-05,-0.00011025291,0.00024055685,4.4920904e-05,0.00032592994,9.0963598e-05,0.00024708635,-3.1136404e-05,-0.00036149482,0.00010441273,-2.7775489e-05,1.0655894e-05,-5.9530581e-05,0.00035892257,-0.00045348983,0.00039272422,-0.00016745694,4.6624982e-05,-9.8647683e-05,-0.00034682448,-9.2137005e-06,3.0237012e-05
-0.00075869502,5.5143299e-05,4.9284022e-05,4.5810205e-05,2.1711459e-05,-0.00015726289,-4.6946784e-05,-3.9916738e-05,-2.2206167e-05,2.2470729e-07,-4.8589062e-06,2.6411627e-05,-1.112102e-06,5.2422e-05,1.7279237e-05,0.0018511314,-0.0020178789,-0.00044172556,0.00010016875,5.089213e-05,-0.00016621563,0.0001255699,-0.0019708764,-9.6835375e-05,-9.7113119e-06,-4.0114883e-05,-3.6734905e-06,-0.00047384437,0.0002290191,-0.00055707603,0.00017903254,-0.00013026602,9.5627359e-05,0.00017506781,-5.7930565e-05,-0.00021115414,9.2363964e-05,-0.00027421949,1.815208e-05,0.0005144351,0.00012495537,-0.00088970613,-4.770612e-05,8.9341205e-07,-4.5963394e-06,0.0001535546,-0.00012757885,0.0020626917,0.00019198194,5.007507e-05,5.191489e-05,3.4183865e-06,0.00040134396,-0.00011601773,0.00012096244,-0.00023562053,0.00012126356,-9.3609754e-05,-8.0837773e-05,0.00010333821,0.00019893068,6.5888576e-06,0.000132902,2.255082e-05,-0.00046006078,-4.5646946e-05,0.00089166589,2.7479727e-05,-4.6985367e-06,0.00056011463,4.177744e-05,0.0001369047,-7.2778759e-05,0.00060863374,-1.7601768e-06,-1.5361479e-05,-4.7302885e-07,5.2565601e-06,0.00030816428,-0.0001245756,-0.00010241327,-3.7976944e-05,1.3253926e-05,-3.5023421e-05,-0.00010929774,6.7194422e-05,-2.9002046e-05,-5.4520381e-05,-5.6125447e-05,3.1176083e-05,-0.00028118628,-0.0001019628,0.00037354103,-1.9209534e-05,1.3839957e-06,0.0016250484,-0.00085459302,7.4551137e-05,-7.1318017e-05,-0.00023438435,0.00015042355,-0.0008461902,-0.00023026927,-0.00011651476,0.00011258871,-1.6022712e-05,-0.0005748238,0.00026572363,0.00035363317,6.1381197e-05,-7.35345e-05,8.8121896e-05,0.00014417471,-2.3706364e-05,0.00023624482,6.269698e-05,0.00021522568,0.00010690508,0.00056500504,0.00024451183,-0.00062037987,0.00011130692,-8.8120362e-06,1.3654523e-05,1.7850679e-06,0.0004813015,-0.00034843034,0.0002767418,-0.00013278323,3.1668414e-05,1.1321903e-05,-0.00054794899,-5.1464446e-05,-1.1161769e-05
-0.0010531663,-0.0011562194,-0.00050407646,3.185205e-05,6.8683961e-05,-0.00013895451,-0.00023499254,-2.118418e-05,2.4028708e-05,-2.4141484e-06,3.1375128e-05,6.7908888e-05,-2.2581331e-05,6.6562755e-05,3.3547173e-05,0.00056631506,-0.00052539251,-2.1150021e-05,-6.8738575e-05,0.00013613993,7.3003989e-05,0.00011769819,-9.8196635e-05,-0.0016515265,-0.00065686956,4.2900005e-05,-1.6021035e-06,0.00016828865,-0.00024627684,0.00091131573,-6.1278394e-05,7.8170708e-05,-8.145114e-05,0.00024202791,-3.5875343e-05,-0.00015754855,-6.8831659e-06,-2.8014982e-05,-8.3371797e-05,-0.00021619207,4.4322538e-05,-9.8408383e-05,-0.00013697924,1.4751868e-05,-0.00010915896,-4.406522e-05,-0.00010741511,0.00019198194,0.0018575461,0.0008140755,-6.8571961e-05,-6.1300972e-08,-7.1921513e-05,0.00030522986,-0.00054938771,8.4206534e-05,-2.8427118e-05,3.8849856e-05,-0.00024290413,5.987703e-05,6.6300578e-05,-1.3250435e-05,-0.00012458742,-2.8845131e-05,0.00012546926,-7.5675581e-06,0.00016926361,4.4400188e-05,-3.6035569e-06,-3.3817372e-05,-7.001518e-06,-6.88878e-06,-4.4177201e-05,-1.1286314e-05,0.00052750169,0.00021464533,-1.8299359e-05,-8.427016e-06,-0.00012569186,8.4685591e-05,-0.00023407599,9.9537733e-05,-2.3450392e-05,2.8907832e-05,-9.2843152e-05,4.3587931e-05,6.4229482e-05,-2.2276324e-05,8.0649785e-05,5.2845787e-05,6.0825375e-05,-1.7850527e-05,3.7067002e-05,5.4496108e-05,-8.0999575e-06,-0.00036924357,0.00032534573,0.00042999524,2.1806941e-05,0.00021551931,1.8233631e-05,8.0768721e-05,-0.0006395782,-0.0004097385,5.6245115e-05,4.800821e-06,0.00032574956,-5.7522175e-05,0.00040686402,-1.2801825e-05,6.6038927e-05,-7.1914767e-05,8.8302678e-05,-0.00023847646,-0.00013410204,0.00020694848,-0.00019475962,-0.00020442475,-0.00027527254,-5.7534233e-05,-4.3894181e-05,-0.00015917373,2.2831699e-05,0.00012833247,-4.4837377e-05,0.00020163815,7.5749139e-05,-7.7638292e-05,-1.1454349e-05,-4.3970509e-05,-0.00020274963,0.0001228425,1.2730308e-05,4.7385552e-05
0.00053321588,-5.1304971e-06,-0.0009961073,-0.00014862195,-2.8074806e-05,0.0004248813,-7.4906226e-06,3.3428328e-05,-1.1003889e-05,2.4175162e-05,-4.8496582e-05,-6.3672922e-05,3.5902071e-05,5.9031566e-05,-7.0229757e-05,0.00039953647,-0.00023655615,3.5005464e-06,0.0003210567,0.00012454849,0.0001170805,-0.00018562289,-2.8557301e-06,-0.00067809158,-0.0022998096,3.7927734e-05,-1.6810057e-07,2.5787746e-05,4.1466956e-05,0.00015432345,-4.9839992e-05,9.1972633e-05,-0.00011335061,0.0002154443,-0.00021729679,-0.00026572895,2.0370591e-05,-0.00019418895,0.00013483009,8.5668837e-05,-3.9098487e-05,0.00026459791,4.3867992e-05,6.0337015e-06,-6.4916204e-05,-0.00014126001,0.00011342067,5.007507e-05,0.0008140755,0.0025067544,-5.0225754e-05,-5.8220487e-06,-3.0137677e-05,-4.4361069e-06,-0.00066147518,0.00012504718,-6.2388185e-05,7.7254401e-05,-0.00036240236,0.00014681104,0.00023559774,-0.00012742359,0.00014465304,-0.00013881501,-5.7309945e-05,-2.3645221e-05,-0.00025314899,-3.0768125e-05,-2.3571285e-06,0.00016326398,-5.8085454e-05,1.7795027e-05,1.7220602e-05,-4.2714986e-05,0.00023266492,0.0006668832,-3.4336122e-05,-3.4671167e-06,4.0106614e-05,2.5048377e-05,-0.00033028348,0.0001188002,-1.2082763e-05,1.1281361e-05,-0.00010443878,7.7871124e-05,9.380614e-05,-6.2056281e-05,0.00015396345,-2.9090135e-05,-5.4897619e-05,3.1491663e-05,-0.00013679384,9.0326342e-06,-7.5255222e-06,-0.00092636187,2.0858531e-05,-0.00041328124,0.00016686374,4.351755e-06,-0.00015983525,-9.1941561e-05,-0.00019989859,-0.00092908469,4.7451346e-05,6.1603675e-07,7.2576571e-05,0.00015011122,0.00035140776,-6.2047942e-05,1.3386891e-05,-5.5240217e-05,0.00026421815,4.4073823e-06,-0.00037442053,0.00011444114,-0.00038332556,-5.1430131e-05,-7.390204e-05,-0.00016365653,0.00019318526,9.3205249e-06,1.2245026e-05,4.4580269e-05,2.6864661e-05,-0.00045082851,0.00033893971,-0.00027989566,-1.3770861e-06,6.2705166e-05,3.4348467e-05,0.00015033544,-0.00010040314,-1.437114e-05
-0.00017357319,0.0002414221,-0.0003671348,3.1039064e-05,-2.0611577e-05,7.6625882e-05,-4.3497731e-05,-1.2139366e-05,5.1106643e-06,2.5938229e-06,-7.6062816e-06,-1.2560732e-05,2.5092386e-06,4.642192e-06,4.0099525e-06,0.001061991,-0.0011690788,-0.00030476096,0.00038443543,-1.994519e-05,5.4800954e-06,-0.00013007916,-3.1074988e-05,7.6304532e-05,4.1078286e-05,-0.00038483478,4.9539042e-05,-0.00020740016,-8.1930663e-05,-0.00026242727,0.00014220022,-1.6421122e-05,-2.9879394e-05,-8.1714792e-05,-1.9883176e-05,-2.4013407e-05,-2.1247532e-05,1.0866215e-05,4.1809452e-05,-9.2674215e-05,-0.00011662375,0.00010488514,1.4661676e-05,-6.2131497e-06,3.9824097e-05,-1.4200773e-05,8.8999458e-05,5.191489e-05,-6.8571961e-05,-5.0225754e-05,0.0004203976,-5.8495734e-05,0.00021432563,0.00013780637,0.00010141177,-0.00013801744,8.8727345e-06,4.3396221e-05,8.6079398e-05,1.3395416e-05,2.2031397e-05,5.6898232e-05,7.208764e-06,-3.7680641e-05,0.00010892741,6.9780904e-05,-1.8134371e-05,-4.5909414e-07,7.6440192e-07,4.4103618e-05,-3.0447449e-06,-4.4831799e-06,4.0585426e-05,3.7755254e-06,-1.6138364e-05,-2.7573826e-05,0.00010862137,-1.3946497e-05,5.5816975e-05,6.2702671e-05,-7.393842e-05,-6.4324678e-05,1.0892896e-05,3.7105663e-06,1.4323083e-05,1.4512822e-05,-1.6112139e-05,5.9143235e-06,-3.7400403e-05,-3.2587396e-05,2.5110722e-05,3.4307871e-05,1.7451083e-05,-5.8731597e-06,1.1923922e-06,-9.528589e-06,3.2392145e-05,1.2900954e-06,2.2529325e-05,-3.5407545e-06,-0.00010334599,4.0771113e-05,7.8651621e-05,8.0575821e-05,-0.00015998284,1.6572628e-05,-8.4561975e-05,-0.00010486797,8.2781705e-05,0.00017144759,-7.4212209e-06,-3.3649732e-06,-5.2513155e-05,4.2896883e-05,6.1516482e-05,-1.4610037e-05,5.7339517e-05,2.7012197e-05,-8.2030645e-05,-0.00010236113,1.157652e-05,1.030536e-05,5.388982e-07,-1.8239458e-05,2.2119817e-05,0.00018217493,-0.00014843033,0.00014319467,-1.7263157e-05,-2.2890489e-06,-1.4777786e-05,-8.6983807e-05,3.491909e-05,-8.8877416e-06
3.8785842e-05,-3.1091497e-05,-6.3750083e-06,-9.474232e-06,4.2182795e-06,7.0222685e-06,1.0231755e-05,6.7874466e-07,-3.16087e-07,1.0376987e-06,-1.7407341e-06,-2.6876437e-06,3.5685458e-06,2.3200876e-06,-2.6448214e-06,-6.7902442e-05,6.5191571e-05,1.6115144e-05,-2.631168e-05,4.0178512e-06,-8.2938574e-06,9.1579831e-06,-3.6017282e-06,-1.3687106e-06,-1.908003e-06,4.9859482e-05,-1.897448e-05,5.9134938e-06,-2.1131415e-06,-3.632484e-05,2.8364871e-05,7.4699155e-06,4.0409408e-06,9.425809e-06,2.2432615e-06,1.2362109e-05,1.1389949e-06,7.4371521e-07,1.0880371e-05,1.1104732e-05,1.3917795e-05,5.9524924e-06,2.1422545e-06,1.9638652e-07,-6.688861e-06,7.8634478e-06,-8.5635255e-06,3.4183865e-06,-6.1300972e-08,-5.8220487e-06,-5.8495734e-05,2.2874123e-05,5.5689926e-06,9.5857494e-06,-4.8401088e-07,-3.7098195e-05,-4.2243676e-06,-4.3069023e-06,-1.7504186e-05,-3.967188e-06,-9.0419807e-06,-3.2516775e-06,-6.0504294e-06,-1.0479393e-05,3.8434193e-06,-6.3605494e-06,-1.0988373e-05,-4.7059127e-06,6.5903687e-07,-1.2482025e-05,1.3674744e-06,2.6585961e-06,-1.898948e-06,4.3225246e-06,-9.6441773e-06,-5.1860218e-06,-1.4412972e-05,6.037743e-06,-1.7456837e-06,-1.7945835e-06,-7.6056347e-06,-1.9256846e-05,-3.896867e-06,-1.0785664e-06,-6.5705422e-07,-1.6552794e-06,5.3932935e-06,4.0019877e-06,4.5526821e-06,2.8265368e-07,2.8279387e-06,3.7633972e-06,-1.0317377e-05,-3.1390281e-07,1.6023236e-07,-5.1119185e-05,1.9219517e-05,2.3897178e-05,-4.8667192e-06,7.0676208e-06,1.8376974e-05,-2.8136109e-06,1.8476727e-05,-1.0590867e-05,1.5086651e-05,-7.0686473e-06,1.3366873e-05,2.2216077e-06,-2.4680442e-06,1.1545179e-05,7.6414563e-06,1.6409355e-07,4.1496843e-06,-5.9738336e-06,-7.166521e-06,1.3258866e-06,-9.5496893e-06,-2.9521289e-06,-4.4986079e-06,-1.1647658e-06,2.4635727e-05,-3.3653186e-06,2.7482763e-07,6.8940614e-06,-2.9803328e-06,-4.3613181e-05,3.5853829e-05,-3.4817111e-05,6.1277074e-06,-3.3765737e-06,-8.5500199e-06,2.9285145e-05,-6.7790573e-06,3.2048881e-06
-0.00041623005,0.0004712092,7.7295617e-05,0.00010905793,-7.1470274e-05,-2.2337996e-05,4.2816873e-06,-8.08341e-05,-3.1734856e-06,1.9008604e-05,-5.6255984e-05,6.4501182e-06,1.6951422e-06,-3.815049e-05,8.3945613e-06,0.001307829,-0.001426617,-0.00037641504,0.00036583977,-6.4071465e-05,1.1144594e-06,-7.5531692e-05,-0.00049471332,9.5124607e-05,3.2839371e-05,-0.00021007348,5.9120616e-06,-0.0026009889,-0.00033589098,-0.00045579936,0.00016993964,-5.0097359e-05,7.9631912e-05,0.00018566534,4.3653306e-05,-0.00010433926,9.3986051e-05,-0.00031625546,-3.8779859e-05,0.00016953892,5.5003772e-05,-0.00019384269,4.5983185e-05,-2.9039072e-06,4.571315e-05,4.8985578e-05,7.7911316e-06,0.00040134396,-7.1921513e-05,-3.0137677e-05,0.00021432563,5.5689926e-06,0.0027671641,0.00048025138,0.00044730425,-0.00027929412,6.1670753e-05,-6.5563168e-05,-0.00020892972,-1.490945e-05,0.00010869849,-0.00010405603,0.00017204686,1.3926951e-06,-4.8408606e-05,-3.5508606e-05,0.00016927901,-3.017915e-05,2.8417513e-06,0.00036655682,7.2193245e-06,6.1003895e-05,-5.4196522e-05,0.0001601998,-9.6276028e-05,2.3354316e-05,4.4296994e-05,1.4177629e-06,0.00079131379,8.4274464e-05,0.00015441743,-8.721139e-05,1.7600921e-05,-3.9228542e-05,-3.9797633e-05,-1.5904521e-05,1.879292e-05,3.1646743e-05,5.0632209e-05,3.3361674e-05,-0.00012040053,-2.7353844e-05,4.2470856e-05,-1.3840037e-05,-1.1258854e-06,0.00053079415,-0.00043453047,-6.9431181e-05,-1.5386425e-06,-9.4479382e-05,4.4997698e-05,-0.00027718747,0.00011525142,-9.2924783e-06,-7.7574879e-05,6.5632499e-06,-0.0010073497,-7.9785431e-05,-6.6978222e-05,0.00022421049,-3.7410697e-05,7.4352949e-05,7.0507586e-05,9.0166331e-05,-1.9915023e-05,-8.8407003e-05,-0.00010529295,-2.268629e-07,0.00028113412,4.8058364e-05,-2.337982e-06,1.4562751e-05,4.3977579e-06,-4.7143349e-05,1.774925e-05,0.00026536382,-0.00021358286,0.00016415288,-6.8459706e-05,2.536616e-05,3.9792407e-05,-0.00043554173,-2.4446213e-05,9.0252492e-06
0.00037047662,-0.0017697166,-0.00034851117,-0.00020715305,0.00014653731,3.6199573e-05,-3.2605989e-05,5.8313035e-06,1.6440591e-05,-4.6184515e-05,-5.0095873e-05,-2.9433636e-07,1.3966373e-06,-1.6116045e-05,2.6444503e-05,0.00041251528,-0.00091276706,-0.00040256075,0.0010792245,3.5376052e-05,-0.0001024596,0.00029058359,0.00031734963,-0.00020189503,-2.6405102e-05,-0.00010040651,-2.7359549e-06,-0.00023868617,-0.0037285258,0.00058768246,-0.0001925373,0.00011525293,9.338428e-05,-0.00013887007,-6.3223558e-05,3.3792879e-05,-0.00026151847,9.5259739e-05,-5.5762995e-05,-0.00013802712,0.00031640484,4.0469705e-05,-3.0734884e-05,5.0861181e-05,-2.7447151e-05,3.0346575e-05,-6.861961e-05,-0.00011601773,0.00030522986,-4.4361069e-06,0.00013780637,9.5857494e-06,0.00048025138,0.0044125637,-0.00018797571,0.0001255134,-3.610882e-05,-0.00013882057,0.00013757486,5.6868176e-06,-9.8780944e-05,0.00014683787,-2.0383232e-05,9.9226224e-06,0.00012794145,-0.00027324994,9.3519929e-05,4.2792695e-05,-2.5720258e-05,-0.0012759718,-0.00022156329,-0.00021179938,8.829462e-05,-8.6761605e-05,1.5783681e-05,-7.007046e-05,8.8032768e-05,-2.8835048e-06,-0.0002129144,0.0013818118,-0.00029795488,-5.2594683e-05,-2.9728368e-05,8.3945761e-07,9.5677636e-05,-0.0001434605,0.00013185563,0.00020769843,0.00021806424,8.7513331e-05,0.00025546718,0.00013182871,-5.2891458e-06,-3.0907443e-06,-1.4133015e-05,-0.0032630255,0.0020209598,0.00043576975,0.00032650849,0.00049550327,-0.00010707326,0.00046512701,0.00049329178,0.00010018015,-0.00025329291,2.9596926e-06,0.00060598335,-0.0022408946,0.00015371744,0.00019981329,0.00010545758,-0.00012892134,-0.00047748928,0.00019600815,-0.00016260242,-4.4465957e-05,-0.00062224251,-0.00039859787,-0.00084540163,-0.00035877975,0.00044428988,-0.00023381346,6.2073716e-05,0.00012166144,6.651815e-05,-0.00088564313,0.00093060222,-0.00080251464,0.00027336385,-0.00010143201,-0.00030498444,0.0009585152,-6.9998168e-05,-5.0428287e-06
0.0013357315,0.0047783721,0.00021638032,0.00021271967,-0.00018992983,0.00062488738,0.00052048263,-1.0883232e-05,1.553411e-05,6.3174775e-05,8.1479926e-05,-6.2641042e-05,7.2816115e-05,-4.0932826e-05,3.4842851e-05,0.0017091016,-0.00097611303,0.00053445914,-0.0019403034,1.4415584e-05,-0.00029269879,-0.0011479846,-0.00044206964,0.00061442371,0.00042776243,-0.0001953806,1.0491565e-07,-0.00063110103,0.00056567203,-0.027807115,-0.00051622133,-0.00047178009,0.00030558591,-0.00054160856,-0.00039536019,-1.3962555e-05,0.00030851352,-0.0006198911,0.0001810555,0.0005152639,-7.7666404e-05,0.00070502628,0.00034721629,-4.5545266e-05,0.00010643088,0.00025294283,0.00075656032,0.00012096244,-0.00054938771,-0.00066147518,0.00010141177,-4.8401088e-07,0.00044730425,-0.00018797571,0.034273264,0.0002432846,0.00023932088,-0.00018945822,0.0004149398,0.00037439849,0.00016250478,-0.00033165817,0.00058663547,6.3822948e-05,-0.00017125289,-4.9250261e-05,-0.00081700666,-0.00016652765,-2.555604e-06,0.0023704803,0.00035903481,0.00031350251,3.4604497e-06,-0.00016040286,-0.00023299021,-0.00026056757,-7.9944805e-05,-3.3371263e-06,0.00064778783,-0.00035400831,0.020517023,0.00015607098,0.00011464054,-0.00018557305,0.00013153043,0.00020460409,-0.00025880718,-0.00025618343,-0.00052196696,-0.0002474633,-0.0006974453,-0.00034244354,-7.7141253e-05,-0.0002150593,8.4411937e-06,0.0069787488,-0.0043702739,-0.00082575251,-0.00057651765,-0.000881382,5.8983808e-05,-0.00030773988,-0.00048581427,0.00069610704,0.00040090371,-6.951271e-06,-0.0016726074,0.00046681023,-0.030633472,-0.00070132064,-0.00038576856,0.00055291749,0.00013053882,-0.000133741,0.00068313693,-0.00027892413,0.0015441341,0.00089102977,0.0020645932,0.00097686734,-0.00086582325,0.0009390719,-8.6128131e-05,7.4427991e-06,-2.7629255e-05,0.00096906916,-0.0014707428,0.0012422139,-0.00050840758,0.00022527274,0.00042773192,-0.0011554472,-0.00010716235,-1.893044e-05
0.00032009264,0.00023697681,0.0011242714,2.8064285e-05,2.5764445e-05,-0.00025239388,0.00010006035,1.5140088e-05,3.5974749e-06,-2.6787065e-05,-1.5691548e-05,4.900039e-05,-7.5963681e-06,-3.1530761e-05,4.5669131e-05,3.5187956e-05,-2.6642972e-05,4.384317e-05,-0.00017780989,1.173772e-05,6.6753321e-05,-0.00015201549,0.00020127588,-0.00013360854,-8.0643973e-05,0.00015937024,3.2508135e-05,0.00016331987,-0.00018134965,-0.0007683582,-0.0028029107,-5.3476091e-06,0.00012975181,8.5591736e-06,3.9543504e-05,9.1390596e-05,-0.00068065507,-1.8450837e-05,-7.9620045e-05,1.1689055e-05,0.00011396827,-0.00023331632,0.00022198501,-1.1054209e-05,-1.9397203e-05,-8.0927654e-05,0.00015563292,-0.00023562053,8.4206534e-05,0.00012504718,-0.00013801744,-3.7098195e-05,-0.00027929412,0.0001255134,0.0002432846,0.0030644037,-8.9089522e-06,-0.00011331516,3.5251879e-06,3.0474628e-05,-3.8957398e-05,0.00057603016,2.6098507e-05,9.3419242e-05,-4.6143851e-05,-6.6804123e-05,0.00012946836,-0.00014696444,1.0839504e-05,0.00027690647,3.0447612e-06,3.3776204e-05,-3.8715384e-05,-4.1906921e-05,0.00011829991,0.00015756164,-4.2306225e-05,-2.4031667e-05,-2.0197944e-05,6.5242064e-05,0.00013129349,0.00073379838,1.3728514e-05,-2.7241473e-05,1.7105243e-05,8.2152275e-06,-8.1888362e-05,0.00010442722,-1.514952e-05,6.0289209e-05,-0.00010173327,-0.00014681215,3.086444e-05,-4.4411333e-05,4.9508284e-06,0.00039467413,-0.00027688939,-8.8781228e-05,2.3259785e-05,-5.7745077e-05,-5.9207037e-06,-2.4428614e-05,-0.00018437186,-3.4344017e-05,0.00014125276,1.605313e-05,8.255012e-05,2.194215e-05,0.00010278994,-0.0011727435,-4.9317239e-05,6.2803433e-05,3.4135829e-05,-8.0147974e-05,5.8752014e-05,-0.00021282069,1.4408342e-05,2.6138379e-05,0.00022171187,9.567478e-05,-0.00013418375,8.0457309e-05,-5.5322897e-06,2.290865e-05,2.0218496e-05,8.8720486e-05,-0.00010876765,5.7915479e-05,-3.7424416e-05,7.3075142e-06,3.7049341e-05,0.00014103,-2.6624356e-06,-1.0983608e-05
-9.0613089e-05,0.00038676546,0.00028182321,4.6912224e-05,-3.9732265e-05,-3.9353756e-05,2.1425351e-06,-7.8708245e-06,-7.554414e-06,1.4844851e-05,4.7160312e-06,-2.9615012e-06,-1.5494693e-05,-6.4127786e-07,9.5783246e-06,0.00055689564,-0.00061666593,-6.1182993e-05,-0.00014341557,-5.7199041e-05,1.0429155e-05,-2.833118e-05,-0.00015674362,3.0585184e-05,9.310066e-05,-1.5717765e-05,8.8123462e-06,-6.4610738e-05,7.8817429e-05,-0.00037269087,-1.0030994e-05,-0.00027058829,4.6189817e-05,-3.5126216e-06,1.624934e-05,9.3180483e-06,8.8704417e-05,-0.00010620193,2.4698974e-06,0.00013094391,9.1929362e-06,-7.4602916e-05,1.0785543e-05,-4.7102926e-06,4.9761373e-05,-3.8392004e-06,1.3701913e-05,0.00012126356,-2.8427118e-05,-6.2388185e-05,8.8727345e-06,-4.2243676e-06,6.1670753e-05,-3.610882e-05,0.00023932088,-8.9089522e-06,0.00028326487,-5.1424893e-05,6.9348632e-07,1.2674506e-05,7.0094764e-06,-7.0425417e-05,6.6056551e-05,4.653344e-06,-8.8408843e-05,2.7463958e-06,3.590336e-05,5.723551e-06,1.9180768e-06,0.00043192842,9.0888766e-05,5.0245517e-05,-3.635051e-05,3.9561365e-05,-1.0717792e-05,5.8537473e-06,3.3100031e-06,-2.7708299e-06,0.00012507521,-8.7450062e-05,0.00011283529,3.6399698e-05,6.3519805e-05,-3.0668079e-05,-2.1450855e-05,-2.1736771e-05,-7.9916912e-05,-3.7987361e-05,-5.108868e-05,-5.6411213e-06,-0.00016162388,-8.1261831e-05,3.8449436e-05,-1.8963543e-05,1.4046042e-06,0.0013832368,-0.00079977951,-0.00024406393,-0.00014132615,-0.00016889993,7.0067474e-05,-0.00018226542,-0.00016451924,8.549929e-05,5.0203915e-05,3.5129144e-06,-0.00030937942,0.00011445831,-2.8101674e-05,-8.9689806e-05,-0.00013718354,8.8359246e-05,9.6748461e-05,0.00011342316,0.00017589685,-9.695688e-05,0.00023479188,0.00012893726,0.00040837056,0.00023583695,-0.00021953422,0.00014153219,-1.4716104e-05,-5.2327688e-05,-1.8630369e-05,0.00023100356,-0.00023077751,0.00020213836,-9.9044197e-05,4.7578441e-05,0.00013335177,-0.00027055377,-2.5414487e-05,-6.2950057e-06
-0.00022672854,0.00011353918,-0.00022310207,4.4390723e-05,-1.5484026e-05,3.3825747e-06,-3.9290987e-05,-8.6532011e-06,1.9073948e-06,8.6747398e-07,-1.1759285e-06,1.9436516e-06,1.719119e-05,1.6827453e-05,1.8738699e-05,0.00029431346,-0.00044414718,3.3959345e-06,-0.00015960641,3.7810413e-06,0.00015983374,3.926116e-05,8.2361951e-05,-5.0179638e-05,-0.00012148764,-3.1929302e-05,3.424103e-06,7.4333493e-05,0.00011687912,0.0002735298,0.00010327774,3.9232271e-05,-0.00031612409,-0.00011775426,1.2439127e-05,2.2202266e-05,8.2830216e-05,-3.2282067e-05,-7.9795636e-05,-7.5860669e-05,-4.5818028e-05,-0.00028118333,-4.1402835e-06,1.2367921e-05,-6.615521e-06,-0.00018269439,-0.00012110316,-9.3609754e-05,3.8849856e-05,7.7254401e-05,4.3396221e-05,-4.3069023e-06,-6.5563168e-05,-0.00013882057,-0.00018945822,-0.00011331516,-5.1424893e-05,0.00042277946,0.00011978366,-9.4561727e-06,-1.5939368e-05,-4.8911943e-05,6.9139166e-05,7.2259635e-05,2.3955538e-05,5.6264918e-05,0.00044947407,9.8166418e-06,-1.6892913e-05,0.00010937865,4.4786424e-06,-1.3813011e-05,-2.1560916e-06,-1.5070345e-05,3.680348e-05,3.0398703e-05,2.2750135e-06,-2.28715e-07,1.9600965e-07,-6.6233602e-05,-3.8304768e-05,-2.4226453e-05,-1.1615773e-05,5.5458411e-05,2.6538891e-05,-6.1296199e-06,-3.3940733e-05,-3.9531191e-05,-3.3520174e-05,-1.1817451e-05,-1.7404524e-05,-7.2545341e-06,6.215969e-05,-1.1235607e-07,-5.2293804e-06,0.00017807991,-7.1985634e-05,6.2444545e-05,8.172693e-06,2.0251188e-05,-4.3875425e-05,2.8913131e-05,-4.8645593e-05,-3.0553825e-05,8.436892e-06,8.700945e-08,2.5571535e-05,4.4267222e-05,0.00010040526,0.0001144495,1.9111604e-05,-4.944118e-05,-2.6187887e-05,3.0308657e-05,0.00012564999,6.0296374e-05,5.4653754e-05,-1.0883663e-05,3.8250824e-06,2.7959409e-05,-8.9134563e-05,6.1133131e-06,6.9782685e-06,-2.790006e-06,1.3180567e-05,0.00020637954,-0.00015881057,0.00014497232,-2.8409345e-05,6.5057948e-07,-3.6440737e-05,-0.00013323794,3.5490974e-05,-4.1204251e-06
4.7127257e-05,0.00089531626,-0.0007617799,5.7733452e-05,-3.7629209e-05,0.00027863534,9.2106145e-05,-9.8319611e-06,7.5255995e-06,-3.6512343e-06,2.7702666e-05,-5.0020467e-05,3.8280568e-05,4.4266614e-05,-1.1955507e-05,0.00063708424,-0.00078180829,-8.9435904e-05,-4.916567e-05,-2.6055731e-05,0.00010238942,-0.0002799595,0.00016305064,0.00024951403,0.00020208284,-9.1385479e-05,9.6476436e-06,0.00016611525,-8.8873328e-05,-0.00069877424,4.3488735e-05,-1.5206053e-05,-0.00012340366,-0.0016804798,-4.6059428e-05,0.00012361312,-0.00013416489,-3.1694838e-06,6.821934e-05,4.2507567e-05,5.4329198e-05,0.00052072944,3.1794539e-05,4.0574884e-05,3.411933e-05,-0.00012262979,0.00017901511,-8.0837773e-05,-0.00024290413,-0.00036240236,8.6079398e-05,-1.7504186e-05,-0.00020892972,0.00013757486,0.0004149398,3.5251879e-06,6.9348632e-07,0.00011978366,0.0018376557,-1.0314589e-05,-0.00010946848,0.00025569972,0.00010518714,2.0303233e-05,-5.4171306e-05,-0.00013175532,-0.00039332267,-3.3590668e-06,-5.7748639e-05,0.00013559608,-1.0170364e-05,-4.4418372e-05,4.6234271e-05,-9.8735095e-05,-9.7011318e-05,-9.461637e-05,1.6664272e-05,-2.0165464e-06,2.8185519e-06,3.21196e-05,0.00020038096,3.1589816e-05,-2.764688e-06,1.8381564e-05,0.00047446267,4.4663342e-05,-5.4387917e-05,7.2089917e-05,-3.2155486e-05,5.2861134e-06,7.6691889e-06,-6.4103489e-05,-0.00014249622,-3.0692257e-05,-1.6235242e-05,3.161042e-05,4.581062e-05,0.00073317874,3.0761931e-05,0.00014297638,-2.1016615e-05,0.00018905463,0.00023301818,8.2987501e-05,-5.3386433e-05,5.1342688e-06,-5.7470066e-06,-0.0002654874,-0.0003018109,5.3727255e-05,3.1858437e-05,7.2203854e-06,-0.00082229721,-0.00035681532,0.00024422103,6.5037171e-05,0.00010842229,-2.6418682e-06,-6.5947748e-05,0.00010889918,0.00017236679,-8.6320973e-05,3.8087335e-05,-2.3888406e-05,4.4022494e-05,0.00016004059,-0.00024957692,0.00025326537,-1.3510692e-05,-4.7719973e-05,-0.00029033624,-0.00012479411,3.7351783e-05,9.2459117e-05
0.0002908672,-7.8841905e-05,-0.00060915805,-3.0143048e-05,1.6605394e-05,0.00021939186,4.8767162e-05,-1.0589912e-05,4.0296693e-06,2.754971e-05,4.2192633e-05,-4.1348037e-05,3.5248356e-05,-1.1682717e-05,5.3967525e-06,0.0010742226,-0.0012002932,-0.00029261863,0.00017131667,8.1826533e-05,-8.4104979e-05,-0.00014502879,-7.0120295e-05,-7.9058017e-05,-0.00020050335,-3.1956579e-06,2.4916931e-07,7.5423872e-05,1.7613281e-05,-0.00049155436,-8.8947208e-06,1.147986e-05,2.734132e-06,1.6976293e-05,-0.0018014042,-0.0010352923,3.965836e-05,-0.00010838139,5.2228256e-05,-1.6421209e-05,4.6210371e-05,0.00010892543,9.0376128e-05,-8.4558498e-07,-9.9191912e-05,0.00013716126,5.5544487e-05,0.00010333821,5.987703e-05,0.00014681104,1.3395416e-05,-3.967188e-06,-1.490945e-05,5.6868176e-06,0.00037439849,3.0474628e-05,1.2674506e-05,-9.4561727e-06,-1.0314589e-05,0.0019636422,0.0011435899,-0.00010065608,0.00010377234,4.6791493e-05,1.2818775e-05,-4.0411754e-05,-0.00015661408,-7.1725342e-05,5.8949058e-06,-0.00010866239,-1.1358393e-05,-6.6119036e-06,-1.5802539e-05,6.8913449e-05,3.3448432e-05,5.0926692e-05,8.3204112e-06,-1.9382577e-06,-7.3237927e-05,-0.0001218583,0.00014915607,-1.9467169e-05,-2.2316713e-05,3.4327217e-06,5.0246634e-05,0.00045936811,0.00030385334,5.4568688e-05,0.00011084179,5.5171677e-05,5.1403004e-05,1.5896678e-05,-0.00011512619,-1.304642e-05,-3.896561e-06,0.00012647438,0.00015545809,-3.4634479e-05,3.9177325e-05,-3.0154219e-05,1.9091105e-05,-7.4941456e-05,-0.00010350159,-0.00019820048,4.5423299e-05,7.9069811e-06,0.00011084604,0.00027159615,-0.00022410472,-1.6424524e-05,2.8231147e-05,3.3391389e-05,3.3246842e-06,-0.00076778276,-0.00053736309,-3.5763093e-07,-0.00016163627,-7.2802642e-05,-0.00013433046,-5.597386e-05,0.00026014196,-1.3294411e-05,1.165979e-06,6.8278332e-05,-8.092303e-06,-0.00034959277,0.00027262453,-0.00021428469,1.7722767e-05,9.6147124e-07,4.0791593e-05,0.00021397328,-4.3865001e-05,-5.9249448e-06
-0.00027684147,-0.00020330076,-0.00089265446,8.2756326e-06,1.3659944e-05,0.00019758798,-9.5456061e-05,-3.1809243e-05,-3.2336831e-05,1.6247714e-05,-5.2135314e-07,-3.5508504e-05,-4.3096712e-06,1.8564358e-05,2.7978679e-05,0.0010344368,-0.0011450874,-0.0002548611,-0.00011122332,3.3452079e-05,8.0803223e-05,-8.2781068e-05,-0.00015882116,-6.8204811e-05,-0.00027943592,-3.0152455e-05,1.4003904e-05,-8.4026537e-05,0.00014728286,-0.00030541322,4.4224805e-05,5.7935963e-06,5.4043989e-06,9.6213005e-05,-0.0010391612,-0.0017215188,0.0001576471,-0.0001346618,2.3994491e-05,0.00012067486,-8.3054178e-06,0.00011976996,-3.1701696e-05,5.9686814e-06,-4.5772583e-05,-5.1775369e-05,-3.1999114e-05,0.00019893068,6.6300578e-05,0.00023559774,2.2031397e-05,-9.0419807e-06,0.00010869849,-9.8780944e-05,0.00016250478,-3.8957398e-05,7.0094764e-06,-1.5939368e-05,-0.00010946848,0.0011435899,0.0018551762,-0.00014785003,0.00012917551,7.4450769e-05,-0.00012047296,6.779123e-06,-7.4560663e-05,1.6009285e-05,2.1750697e-06,0.00021359108,3.5338552e-05,4.7447585e-05,-5.5143315e-05,6.0834281e-05,7.0598141e-05,0.00010615875,-1.1557194e-05,1.9473198e-06,0.00013516688,-7.4769411e-05,0.00019577019,-3.7405538e-05,1.1111115e-05,-3.2479521e-05,-3.6366405e-05,0.00030291267,0.00046489631,-3.0463588e-05,4.1360386e-05,-3.4297889e-05,-7.5318965e-05,1.018148e-05,-8.1822837e-05,-1.5684701e-05,-3.5130797e-06,0.0012816374,-0.00059169629,-2.7682355e-05,-6.861342e-05,-0.00012804884,8.6232468e-05,-0.00013500915,-0.00028217877,-0.00023493615,0.00010562734,1.3098124e-07,-0.00032848337,0.00032218292,-0.00039365383,0.00010758602,-4.8962916e-05,0.00013312923,0.00014237165,-0.00054368492,-0.00060922832,7.755274e-05,5.1070542e-05,0.00013215997,0.00021795512,0.00013774715,7.5738822e-05,8.1408434e-05,-8.1360811e-06,1.647926e-05,-2.1468817e-05,1.2889417e-05,3.8275209e-05,-9.4730376e-06,-6.2822791e-05,1.6295301e-05,7.0066305e-05,-0.00018621495,-5.020519e-05,2.2258111e-06
0.00059288985,-0.0010185868,-3.3402581e-05,-0.00015168357,7.3233088e-05,4.6735745e-05,4.5598407e-05,4.7074655e-05,5.4901747e-06,-2.3032275e-05,5.3151006e-06,-3.847574e-05,-4.8466386e-05,-4.5949443e-05,7.178986e-05,0.0017830936,-0.0019596759,-0.00070084054,0.0012167457,-2.8656516e-05,0.00013420029,8.7306571e-05,7.2218541e-05,-6.0522071e-05,7.8390777e-06,-2.5667178e-05,1.0183936e-06,0.00010652226,-0.00021832601,0.00038875762,-0.00072352438,9.5369976e-05,6.8461492e-05,-0.00015176855,4.6836106e-05,0.00013058391,-0.0025516941,0.00015005069,1.3822006e-05,-0.00013036367,-2.9242629e-05,-9.0491253e-05,-1.7514246e-05,5.2039619e-05,3.5908004e-05,-0.00016850961,-5.3469473e-05,6.5888576e-06,-1.3250435e-05,-0.00012742359,5.6898232e-05,-3.2516775e-06,-0.00010405603,0.00014683787,-0.00033165817,0.00057603016,-7.0425417e-05,-4.8911943e-05,0.00025569972,-0.00010065608,-0.00014785003,0.0025363513,-6.2008891e-05,-3.9931239e-05,3.0708396e-05,7.8207829e-05,0.00011167096,2.2750738e-05,-3.8179936e-05,-0.00066480128,-0.00010117734,-0.00015547148,2.2906192e-05,-2.6450285e-05,-6.8851349e-05,-8.7098322e-05,1.9426598e-05,3.4593918e-06,-0.00010319274,0.00016546271,-0.00011012958,7.2277892e-05,5.8384753e-06,3.6141864e-07,0.00011935724,2.2696292e-05,9.8722987e-05,0.00077140668,9.4782371e-05,6.303422e-05,0.00021087996,0.00013252829,-9.6046675e-05,1.9644153e-05,-1.4501714e-05,-0.0012505171,0.00084471301,0.00011565089,0.00013595411,0.00019511061,1.0980112e-06,0.00014882044,0.00029732412,0.00013557515,-7.888806e-05,-3.8188961e-06,0.00023281978,-0.00024996103,0.00017597876,-0.00014068903,3.64242e-06,-3.3577496e-05,-0.00023956784,2.0219411e-05,-0.00010592548,-0.00097980857,-0.00030191111,-0.0001741298,-0.00029640204,-0.00025945992,0.00024728438,-0.00014046871,3.2865442e-05,4.0021927e-05,2.9006371e-05,-0.00069361084,0.00060924399,-0.00049357385,0.00013655659,-4.4636952e-05,-0.00013169022,0.00073371273,-8.212688e-05,-6.0875695e-06
-0.00021625282,0.0011286383,0.00070910847,7.9818411e-05,-0.00010635428,-0.00015806971,3.8986343e-05,-5.9107645e-05,-3.9626452e-05,2.4909964e-05,-5.659533e-05,5.9719064e-06,-9.1392592e-06,4.0089982e-05,-6.4990952e-06,0.00091889748,-0.00093913723,-0.00019404523,-0.00015480326,-0.00010683035,-0.00012034241,7.9557474e-06,-0.00029045596,4.240134e-05,-0.0001654066,2.5421913e-05,-7.1373826e-07,-0.00035555071,0.00014071586,-0.0011328195,-2.4213874e-05,-0.00012571997,-1.2578215e-05,-1.0059771e-05,-0.00013902127,-6.3989519e-05,0.00014686084,-0.0018611544,-0.00055443032,0.00048102026,-7.0458449e-06,-4.1640365e-06,3.1599765e-05,-1.6524879e-05,0.00010929933,7.8596796e-05,-3.6415606e-05,0.000132902,-0.00012458742,0.00014465304,7.208764e-06,-6.0504294e-06,0.00017204686,-2.0383232e-05,0.00058663547,2.6098507e-05,6.6056551e-05,6.9139166e-05,0.00010518714,0.00010377234,0.00012917551,-6.2008891e-05,0.0019513423,0.00059921651,-0.00044869298,-4.3281642e-05,-5.471663e-05,1.2090029e-05,2.9483726e-06,0.0008397384,0.0001476379,0.00017535606,-7.7636553e-05,8.2387794e-05,9.1741117e-05,0.00023885227,-3.1996936e-05,3.0256519e-06,0.00034384658,-0.00010136456,9.516738e-05,8.0371773e-05,2.8830698e-05,-5.191444e-05,-3.7805413e-05,0.00010827482,-7.5240885e-05,-0.00010845429,0.00039387942,8.7394662e-05,-0.00029876169,-0.00011941645,3.3051857e-05,-3.204923e-05,4.9222619e-06,0.0021341987,-0.001334997,-0.00014814549,-0.00022942938,-0.00036052443,0.00012190958,-0.00029970266,-0.0003728746,-0.00029547146,0.00018666475,-9.912965e-06,-0.00073480401,0.00015849539,-5.3086579e-05,-0.00021463666,-0.00010022631,0.00014573498,0.00026508904,-0.00015106179,0.00021373555,-8.855509e-05,-0.00032938024,3.4034953e-05,0.00069618827,0.00031168542,-0.00041247904,0.000166498,-2.9424543e-05,-7.2064248e-05,-1.8906692e-05,0.00059389525,-0.00059817251,0.00054134712,-0.00015623397,7.6734958e-05,7.7684703e-05,-0.00056935539,-2.7017811e-05,-1.0807487e-05
-0.00041959505,-2.8243227e-05,0.00057642186,3.4401688e-05,-2.6341357e-05,-0.00027168361,-8.8850179e-05,-5.8982421e-05,9.9994037e-06,3.8221949e-06,-1.7319012e-05,7.4086596e-05,5.3023991e-05,3.3109043e-05,-4.6197749e-06,0.00028318073,-0.00038487646,-6.621318e-05,3.9710903e-05,0.00010717596,3.3454184e-06,0.00010120606,1.5027556e-05,1.2202847e-05,0.00013616699,3.8030988e-05,9.4130975e-06,-1.0940067e-05,-3.0612116e-05,8.4150689e-06,-4.3631006e-05,1.1901447e-06,-7.288359e-05,2.7733917e-05,2.2700398e-05,1.7963275e-05,6.7489797e-06,-0.00055289643,-0.0017383275,-0.0001632629,4.3717391e-05,-6.088718e-05,-7.4343881e-05,4.9595705e-06,-0.00012842673,1.2710528e-05,-5.93405e-05,2.255082e-05,-2.8845131e-05,-0.00013881501,-3.7680641e-05,-1.0479393e-05,1.3926951e-06,9.9226224e-06,6.3822948e-05,9.3419242e-05,4.653344e-06,7.2259635e-05,2.0303233e-05,4.6791493e-05,7.4450769e-05,-3.9931239e-05,0.00059921651,0.0019043024,0.00013941313,-4.3065177e-05,4.6699079e-06,4.0860102e-05,-4.9871939e-06,0.00026108052,2.7323175e-05,5.0305583e-05,-5.0242641e-05,2.8338752e-05,8.2048638e-05,1.7689338e-05,-2.7900318e-05,7.2312477e-07,0.00013771218,3.7332161e-05,-4.3074581e-05,8.7725996e-05,2.9854307e-06,-2.3395985e-05,-2.5727464e-05,2.0890614e-05,-9.9630972e-05,2.0239688e-05,0.00012141008,0.00044111641,-2.7572584e-05,-2.53468e-05,8.1462707e-06,-1.4318984e-06,-1.1089797e-06,0.00075363853,-0.00046150909,-0.00018904578,-5.1733741e-05,-0.00012001627,8.9275856e-06,-7.2800782e-05,-0.00027627505,-3.0011762e-06,4.5644088e-05,-5.5022349e-06,-0.00024051473,-7.718517e-05,9.8390775e-06,-4.2453054e-05,-2.8866535e-06,3.2216937e-05,0.00013267875,5.3307583e-05,0.00018617702,-0.00012738792,-6.7828332e-05,-0.00055335296,8.605767e-05,0.00023006738,-0.00014144364,5.0405972e-05,-1.1953265e-05,2.5114514e-05,-2.1924485e-05,0.00030761456,-0.00017627682,0.000139552,-5.8575995e-05,5.1987185e-05,4.8776057e-06,-9.7024455e-05,-5.69432e-06,-4.9205524e-07
0.00017714433,-4.8927567e-05,8.8561761e-06,-5.0862808e-05,1.702024e-05,1.6657972e-05,-1.3345019e-05,1.953852e-05,1.9280193e-05,-6.5014568e-06,5.3031035e-06,2.307267e-05,9.2498975e-05,-6.1827071e-07,-5.7182039e-06,-3.1952686e-05,-0.00031967463,-1.713407e-05,2.2212206e-05,-9.8466381e-05,0.00010785716,-0.00017571925,0.00056655273,-0.00010739448,3.7172207e-05,-7.6438064e-05,8.8181706e-06,0.00019212319,-6.5626363e-05,0.00028197535,-2.2698731e-05,0.0001300349,-4.3903532e-05,3.4052295e-05,-3.2338145e-06,0.00016598352,-0.00014488398,0.00046384852,-0.00012487252,-0.0029041071,-0.00054019224,0.00012605509,-1.7133933e-05,8.6992446e-06,8.6067677e-05,-4.0632026e-05,0.00021528557,-0.00046006078,0.00012546926,-5.7309945e-05,0.00010892741,3.8434193e-06,-4.8408606e-05,0.00012794145,-0.00017125289,-4.6143851e-05,-8.8408843e-05,2.3955538e-05,-5.4171306e-05,1.2818775e-05,-0.00012047296,3.0708396e-05,-0.00044869298,0.00013941313,0.0034114903,0.0005333166,-9.2596e-05,-5.0833093e-06,-1.5026734e-05,-0.00015904548,4.4594798e-05,2.114661e-05,4.1499046e-05,-0.00014946571,7.1993497e-05,-1.4553938e-06,2.384079e-05,3.0068795e-06,-0.0001007628,-4.2849331e-05,-0.00014442814,-5.5375875e-05,-5.1923132e-05,3.9064067e-06,2.5380834e-05,-6.3163716e-06,-1.2729505e-05,3.5708049e-05,-9.6529389e-05,3.411156e-05,0.00097369772,0.00018582792,-0.00014733962,-1.1185743e-05,-3.1789078e-07,9.0474356e-05,9.3209275e-05,-0.00011543639,-7.9594972e-05,-0.00014169463,-6.1829485e-05,0.00020441892,-0.0001877133,1.8869366e-05,-6.2350529e-05,1.504331e-06,0.00023328393,-5.9868783e-05,0.00014234136,0.00013698647,0.00010037075,6.5056092e-06,4.1043125e-07,-4.8846432e-05,-7.5956949e-05,3.1900407e-05,0.00023619626,-3.9467365e-05,-0.0013716661,-0.00024745472,0.00023113203,7.7106861e-05,-1.324224e-05,-3.8457413e-05,-2.7245029e-05,-4.6786191e-05,5.9684687e-05,-7.7352994e-05,-1.2720451e-05,1.8953774e-05,2.4460102e-05,0.00018258959,1.6509876e-05,-9.9722698e-06
0.00014312438,0.0012781882,-4.6929138e-05,8.6149952e-05,-8.1695264e-05,0.00013732842,0.0001316392,-1.5579265e-05,-2.5769903e-05,4.2678126e-06,-3.9414304e-05,-4.7594319e-05,5.4855948e-05,-2.8190935e-06,0.00012398173,0.00058436612,-0.00069848362,-0.00021982946,0.00012928382,-0.0001147743,-2.2114596e-05,-0.00027227627,0.00011987538,5.0389555e-05,7.5025957e-06,-9.9006679e-05,1.4722576e-05,-2.4291959e-05,0.00033520404,-0.00016023918,1.7711683e-05,-1.1509507e-05,-2.7488807e-05,0.00010463955,5.2793855e-05,7.9517694e-05,-5.3008843e-05,3.5805474e-05,7.5673017e-05,-0.00045279059,-0.001655775,0.00012972752,0.00012816801,-3.5909442e-05,8.3405662e-05,2.5687465e-05,0.00013700569,-4.5646946e-05,-7.5675581e-06,-2.3645221e-05,6.9780904e-05,-6.3605494e-06,-3.5508606e-05,-0.00027324994,-4.9250261e-05,-6.6804123e-05,2.7463958e-06,5.6264918e-05,-0.00013175532,-4.0411754e-05,6.779123e-06,7.8207829e-05,-4.3281642e-05,-4.3065177e-05,0.0005333166,0.001801045,-4.6467619e-05,-7.1754097e-05,9.9285466e-06,0.00073809653,0.00014864499,0.00016377701,1.0415026e-05,4.1041144e-05,8.3391952e-06,0.00010454689,2.7897351e-05,3.7527527e-06,0.00026398985,-0.00013767757,7.0881903e-05,-5.4446773e-05,-1.0270326e-05,-2.9525338e-05,-8.6309923e-05,-1.129664e-05,-0.00011041519,-3.4215076e-05,-0.0001309688,-1.612619e-05,4.8396887e-06,0.0003527252,1.643164e-05,-6.7215474e-05,8.8487464e-06,0.0018167684,-0.0010112201,4.0494917e-05,-0.0002218861,-0.00032858567,-4.6332801e-05,-0.00013452886,-0.00027943077,-0.00011377519,-3.8298991e-05,4.184799e-06,-0.0005420634,0.00017731771,-4.6516196e-05,6.1547083e-05,-1.1783207e-05,9.6269678e-05,0.00022679836,-9.1870775e-05,0.00029919575,-7.8296867e-05,0.00031342887,0.00026681258,0.00015981506,-0.00038049222,-0.00024265363,0.00024063307,-3.8147635e-05,-4.9942864e-05,-2.8082946e-05,0.00040209071,-0.0005195057,0.00043885742,-0.00015507547,4.4378979e-05,3.8109525e-08,-0.00038290091,4.7181678e-05,1.7523703e-05
-0.00085366077,-0.00091492694,0.00099649015,8.403258e-05,4.1265395e-05,-0.00054154873,-0.0001264933,-1.3179273e-05,-8.6599706e-06,-3.0602828e-05,2.2935908e-06,0.00010436612,-9.6096037e-06,5.6857981e-05,6.6783603e-05,0.0016022092,-0.0022679708,-0.00047772639,0.00056146784,4.1824255e-05,0.0001579985,7.4730497e-07,-0.0009353471,-0.00016070671,0.00028837686,0.00010139749,6.2292727e-06,-0.00016295152,-0.00013191334,0.0011680662,-0.00029349677,-3.8491422e-05,-0.00027208909,0.00053909582,0.00019773363,5.9985641e-05,-8.485104e-05,-3.8360706e-07,-0.0001098557,3.804881e-05,0.00020997693,-0.002628265,-6.3990593e-05,6.9784249e-06,-8.3118133e-05,-0.00017411217,8.4970959e-05,0.00089166589,0.00016926361,-0.00025314899,-1.8134371e-05,-1.0988373e-05,0.00016927901,9.3519929e-05,-0.00081700666,0.00012946836,3.590336e-05,0.00044947407,-0.00039332267,-0.00015661408,-7.4560663e-05,0.00011167096,-5.471663e-05,4.6699079e-06,-9.2596e-05,-4.6467619e-05,0.0029896398,4.3139725e-05,-1.5160417e-06,-0.00012944286,8.2850331e-07,-1.6524322e-05,1.7927722e-05,0.00034007368,3.666774e-05,-0.00013502996,1.8211255e-05,-7.2100935e-06,-2.1609497e-05,9.2242542e-05,-0.00023448638,-1.9292477e-05,-6.7955617e-06,6.8930922e-05,-0.00015467605,-0.00012601859,-3.5296136e-05,-1.7517866e-05,-1.5897952e-05,-1.013492e-05,-7.3611001e-05,-3.4344119e-05,0.00077915484,3.3866061e-05,3.3574948e-06,-0.00016762568,0.0002234797,-6.7575101e-05,-3.0976041e-05,9.6818558e-05,-0.00014970072,-0.00038153683,-7.5044962e-05,9.936071e-05,1.7622945e-05,1.0060747e-05,0.0001680488,-0.00012754288,0.0004597992,1.9479695e-05,-7.911034e-06,-0.00010534184,0.00016921035,0.00047736166,0.0001769711,3.1226532e-06,-6.6438058e-05,-7.2407959e-05,6.1025331e-05,9.0916957e-05,-0.0011120134,-6.8186178e-06,3.8720758e-06,2.7156634e-05,-3.2016975e-05,0.00046463545,-0.00020325145,0.00017277589,-2.7140912e-05,1.239881e-05,3.2601977e-05,-0.00027816023,5.9671451e-05,-6.5548827e-05
-9.3630753e-05,-0.00012709225,6.7564339e-05,7.9852409e-06,7.083062e-06,-2.9186805e-05,-1.0298197e-05,4.1959381e-06,-1.6152424e-05,-1.4843843e-08,1.5677251e-06,8.4388096e-06,-3.2494834e-05,8.6268578e-06,6.2968819e-06,2.9637764e-05,-7.8779155e-05,1.5868243e-05,1.4959448e-05,3.4192046e-05,-3.2196651e-05,2.4071441e-05,-3.15591e-05,-4.6428605e-05,3.1963136e-05,1.4049046e-05,7.8070787e-07,3.8602543e-05,4.4669111e-06,0.00024988893,0.00017226875,-8.9225494e-07,-2.1816349e-06,4.312575e-06,7.815392e-05,-3.0885456e-05,-1.7282629e-05,-1.3259524e-05,-5.565543e-05,-1.8858862e-05,7.7277433e-05,-1.3683642e-05,-0.00028566962,5.0342184e-06,-1.599266e-05,1.9360259e-05,-5.6235392e-06,2.7479727e-05,4.4400188e-05,-3.0768125e-05,-4.5909414e-07,-4.7059127e-06,-3.017915e-05,4.2792695e-05,-0.00016652765,-0.00014696444,5.723551e-06,9.8166418e-06,-3.3590668e-06,-7.1725342e-05,1.6009285e-05,2.2750738e-05,1.2090029e-05,4.0860102e-05,-5.0833093e-06,-7.1754097e-05,4.3139725e-05,0.00028896546,-2.5311403e-06,-5.6799652e-05,-3.654825e-06,-5.2305501e-07,-1.4954086e-05,6.8512932e-06,3.3645884e-05,-1.4764023e-06,-5.7325597e-06,5.5414509e-07,-2.341066e-05,-2.7462572e-05,-8.291802e-05,-7.4175976e-05,-3.7306467e-06,4.5912341e-07,-2.8350155e-05,-1.8289658e-05,6.8925294e-06,7.1790062e-06,1.0254704e-05,9.9474921e-07,-1.1930978e-05,-4.5657453e-05,2.8164975e-05,6.0864049e-05,-7.2250665e-08,-7.9378964e-05,8.5865035e-05,9.5980186e-05,-8.1528182e-06,3.3591738e-07,1.435606e-05,1.7335619e-06,-2.6002382e-05,-1.2204824e-05,5.0946623e-06,1.5784798e-07,4.4079761e-06,3.2139255e-05,8.3472009e-05,0.0001198748,8.2467234e-06,4.9642707e-06,5.0387265e-06,-4.1934046e-05,-1.6642245e-05,-2.0358994e-06,-4.8920088e-05,-1.6174136e-05,2.2385506e-05,8.7043339e-05,-3.8763934e-06,-0.00015231224,1.7793863e-06,1.3167873e-05,-8.4621626e-06,1.3247682e-05,1.2837645e-05,-1.8071079e-05,1.5499999e-05,-1.4955747e-05,-2.1146649e-05,3.7523374e-06,8.8656955e-07,7.7457993e-06
-4.0990494e-05,0.00015506202,2.9374474e-05,1.5779462e-05,-1.529493e-05,-7.3568436e-06,5.8672058e-07,-2.5609361e-06,3.7686834e-06,4.3759601e-06,-3.7432632e-06,-6.8210118e-07,-8.1985909e-07,2.1764092e-07,-5.8990363e-07,3.8760128e-05,-2.8941449e-05,-4.9075147e-06,-5.5335089e-05,-9.0431505e-06,-1.3794549e-05,-1.5526131e-05,-5.1633236e-06,2.4260747e-06,1.3430291e-05,-4.799107e-06,3.708866e-07,-7.8495933e-06,3.8839955e-05,-2.1875906e-05,-1.0557013e-05,-4.5902443e-06,1.4829927e-05,4.7646178e-05,1.1723235e-06,4.996601e-06,4.9857842e-05,-7.3437145e-06,5.4530383e-06,1.4756826e-05,-2.545255e-05,-5.1839566e-06,6.4205979e-06,-2.2370163e-05,9.0007503e-06,1.3355101e-05,6.7078656e-06,-4.6985367e-06,-3.6035569e-06,-2.3571285e-06,7.6440192e-07,6.5903687e-07,2.8417513e-06,-2.5720258e-05,-2.555604e-06,1.0839504e-05,1.9180768e-06,-1.6892913e-05,-5.7748639e-05,5.8949058e-06,2.1750697e-06,-3.8179936e-05,2.9483726e-06,-4.9871939e-06,-1.5026734e-05,9.9285466e-06,-1.5160417e-06,-2.5311403e-06,2.2234988e-05,8.1497965e-05,1.5028297e-05,1.7517362e-05,-1.6295614e-06,1.8558338e-06,-3.6665049e-06,-1.9129437e-06,7.0594233e-07,9.9534512e-08,2.0420601e-05,-1.8893065e-05,7.3563128e-06,7.348369e-06,-2.2184105e-06,-6.6787429e-06,-2.1076063e-05,7.4822958e-07,-1.4159871e-05,-1.8339304e-05,-1.2988532e-05,-6.0558077e-06,-2.0337091e-05,-4.3639992e-06,1.4024842e-05,-1.3960118e-06,8.1809999e-06,0.00021566671,-0.00010095131,2.2488267e-05,-2.1337836e-05,-2.3448892e-05,-1.2453247e-06,-8.0930171e-06,-2.1789433e-05,1.8417301e-06,8.276603e-06,-7.3671907e-07,-3.6239316e-05,3.2894145e-05,-2.8058131e-06,1.1045498e-05,3.5606712e-06,1.3591574e-05,4.4850971e-05,-1.8642294e-05,3.3073777e-05,1.6657844e-05,3.7538878e-05,1.7213548e-05,3.3332018e-05,7.5083492e-06,-4.3278714e-05,1.1295424e-05,-1.2706419e-05,-8.7949904e-06,-1.8522938e-06,7.5788276e-05,-7.2838981e-05,5.8282285e-05,-2.0579385e-05,2.1766734e-06,-1.5051926e-06,-5.914116e-05,6.2515727e-06,2.8723912e-07
-0.0037151664,0.00721802,0.0036955817,0.0010940873,-0.00086234477,-0.0018679399,-5.1987534e-05,-0.00013378957,-9.1984511e-05,0.00035992102,0.00016649814,-0.00015463306,-7.3358835e-05,-0.00034784372,-0.00030450514,0.0027923412,-0.001830283,0.0031231482,-0.021810552,-2.856718e-05,-0.00010446469,-0.0010000092,-0.0013011325,-3.5905247e-05,0.00019532816,-0.0002244683,6.0128973e-05,-0.00082083184,0.0014041765,-0.0033341889,6.5270238e-05,-0.00071641135,-0.00013971876,-0.00017048804,-1.5350472e-05,-0.00013974834,0.0016591551,-0.00085726003,-0.00080228968,0.00029748336,-0.0010274032,-0.00033342751,0.00017054054,-0.00017783587,0.00028275876,3.1753054e-06,0.00079228922,0.00056011463,-3.3817372e-05,0.00016326398,4.4103618e-05,-1.2482025e-05,0.00036655682,-0.0012759718,0.0023704803,0.00027690647,0.00043192842,0.00010937865,0.00013559608,-0.00010866239,0.00021359108,-0.00066480128,0.0008397384,0.00026108052,-0.00015904548,0.00073809653,-0.00012944286,-5.6799652e-05,8.1497965e-05,0.029001533,0.0038077355,0.004028572,-0.0019084988,0.001135525,0.0011348514,0.0019871565,-0.00035936223,4.5569942e-06,0.0076752383,-0.00337471,0.0037169897,0.0014994173,-0.00010405797,-0.0011681193,-0.0006336631,0.0002717381,-0.0050532342,-0.0025184982,-0.0056469588,-0.0011718662,-0.0070182994,-0.004301198,0.0029375475,-0.00089184707,0.00010745196,0.095458022,-0.05465404,-0.0104992,-0.0063421795,-0.011982829,0.004134916,-0.0081203722,-0.014104186,0.0012717625,0.0036454803,1.195382e-05,-0.02045511,0.0047740985,0.0046660389,-0.0028766479,-0.0019824001,0.0041634586,0.0055676547,0.0030060536,0.013850656,-0.0035142842,0.019911022,0.0081673005,0.021386051,0.013409823,-0.016933494,0.0085423711,-0.00098976599,-0.00011863672,-0.00051783272,0.010269057,-0.0092176405,0.0077713518,-0.0064038383,0.0027055616,0.0063941441,-0.0079322684,-0.0023712604,0.00022762701
-0.00041462096,0.0013463951,0.00083239737,0.00021525005,-0.00024928486,-0.00050774443,-0.00011329406,-2.1553133e-05,-5.5558235e-05,0.00013031206,-5.6630167e-05,0.00015894352,-0.00025514639,9.4098542e-05,-0.00020855851,0.00038333976,-0.00033415635,0.0005065777,-0.0037669056,0.00013388769,-1.8084801e-05,-0.00024310362,-0.00021419866,-4.0488112e-05,-2.4668873e-05,3.6722726e-06,-6.6682423e-06,1.8436784e-05,0.0003378242,-0.00052659753,-1.67337e-05,-0.0001443331,5.2809462e-06,6.0518999e-05,1.8249037e-07,9.2719136e-05,0.00028134345,-9.9450551e-05,0.00014719483,2.0683773e-05,-0.00015477557,-9.9143995e-05,1.4247635e-06,-3.7383737e-05,5.7400296e-05,4.8959569e-05,0.00015339988,4.177744e-05,-7.001518e-06,-5.8085454e-05,-3.0447449e-06,1.3674744e-06,7.2193245e-06,-0.00022156329,0.00035903481,3.0447612e-06,9.0888766e-05,4.4786424e-06,-1.0170364e-05,-1.1358393e-05,3.5338552e-05,-0.00010117734,0.0001476379,2.7323175e-05,4.4594798e-05,0.00014864499,8.2850331e-07,-3.654825e-06,1.5028297e-05,0.0038077355,0.0022069274,0.00052406263,-0.00023673531,0.00010966127,0.00012394714,0.00020312596,-8.0276183e-05,1.0489706e-06,0.0010601758,-0.00037717619,0.0003812261,0.00023054547,-1.1471668e-05,-0.00016311675,-8.9289981e-05,-7.6656104e-05,-0.00064571926,-0.00019484121,-0.00068659968,-0.00012268254,-0.00084160871,-0.00055915591,0.00036756546,-0.00011971365,6.0502034e-06,0.013989133,-0.0067223874,-0.00013551813,-0.004065753,-0.0012841177,0.00069980852,-0.00072897082,-0.0018062668,7.6516861e-05,0.00058679133,-4.7781158e-06,-0.0028811458,0.00042593851,0.0010187658,-0.00027950294,-0.00019282571,0.00057607074,0.00066608031,-6.0243832e-05,0.0019610287,-0.0005081524,0.0025668007,0.00088239889,0.002667763,0.0017632778,-0.002396562,0.0011011415,-0.00011301866,5.0731168e-05,-0.001531306,0.0015188081,-0.0013982892,0.0011791287,-0.00093394065,0.00024648221,0.00049026791,-0.0011737893,-0.00030891643,0.00016335201
-0.00044330019,0.0010988072,0.00074770301,0.00012666662,-0.00013044068,-0.00032953367,4.7222277e-05,-9.3562373e-06,-5.0118367e-05,6.3747754e-05,1.8341669e-05,1.0516828e-05,2.0992501e-05,-0.00010108126,-4.8337609e-07,0.00041922075,-0.00030441169,0.00024460835,-0.0026507973,-6.7184457e-05,-0.00034555241,-7.9677285e-05,-0.00025110116,-2.0705003e-05,6.6778983e-05,-2.3754156e-05,5.2639453e-06,-0.00015480297,0.00012984275,-0.00057738689,-3.5629067e-06,-0.00010576732,4.6490155e-05,5.8542517e-05,8.2104182e-06,1.9762873e-05,0.00034439821,-0.00016459153,-0.00011775325,2.711129e-05,-0.00018768308,-6.6209727e-05,-8.1568329e-06,-3.4944858e-05,8.6129172e-05,0.00024472371,5.8000865e-05,0.0001369047,-6.88878e-06,1.7795027e-05,-4.4831799e-06,2.6585961e-06,6.1003895e-05,-0.00021179938,0.00031350251,3.3776204e-05,5.0245517e-05,-1.3813011e-05,-4.4418372e-05,-6.6119036e-06,4.7447585e-05,-0.00015547148,0.00017535606,5.0305583e-05,2.114661e-05,0.00016377701,-1.6524322e-05,-5.2305501e-07,1.7517362e-05,0.004028572,0.00052406263,0.0014421717,-0.0003808464,0.0002204096,0.00011918938,0.00022198426,-5.1654965e-05,1.2696633e-05,0.0011323847,-0.00049673458,0.00053857544,9.7800022e-05,-2.4775061e-05,-0.00026946534,-0.00016950966,7.3654723e-05,-0.00070488778,-0.00057540249,-0.0006972148,-0.00017579899,-0.00095070031,-0.0005138627,0.00024682154,-7.4924501e-05,2.7437659e-05,0.013191671,-0.0075911061,-0.001426706,-0.00085500499,-0.0029180673,0.00071081859,-0.0012657269,-0.0018881616,0.0002598145,0.00047308934,-1.4375781e-05,-0.0029722209,0.00073857496,0.00061520574,-0.00017611416,-0.00024179428,0.00074311281,0.00088098422,0.0002995472,0.0018972298,-0.00020295997,0.0025879933,0.0011692542,0.0029674587,0.0016687587,-0.0020340769,0.0010878479,-0.00015486865,-5.0615916e-05,-4.7339039e-05,0.0014144687,-0.0012874767,0.0010762167,-0.00089110408,0.00037063714,0.00082683893,-0.0011061611,-0.00033173165,1.7931202e-05
0.00038216838,-0.00010273834,-0.00067394568,-6.3729065e-05,3.1927607e-05,0.00031956949,9.8237581e-06,1.2304009e-05,-5.849426e-06,-5.7554335e-05,-2.9006842e-05,3.1052176e-07,1.2067844e-05,-2.1570834e-05,3.9324366e-05,6.9894103e-05,-7.7350826e-05,-0.0006744554,0.0021496515,-0.0001989717,0.00012956733,-0.0005988631,0.00017632246,6.1936231e-05,-7.399507e-05,-4.7003441e-05,8.1481601e-06,1.7591655e-05,-5.0769124e-05,-2.9244494e-05,-2.3248318e-06,5.021516e-05,-2.4611492e-05,-4.6948946e-05,-2.3036242e-05,3.2285679e-05,-8.3487447e-05,0.00011738002,0.00013078524,1.4693784e-06,-2.2879323e-05,-9.2646728e-06,3.8630256e-05,-5.3486387e-07,0.00014989534,-7.0749398e-05,0.00042368649,-7.2778759e-05,-4.4177201e-05,1.7220602e-05,4.0585426e-05,-1.898948e-06,-5.4196522e-05,8.829462e-05,3.4604497e-06,-3.8715384e-05,-3.635051e-05,-2.1560916e-06,4.6234271e-05,-1.5802539e-05,-5.5143315e-05,2.2906192e-05,-7.7636553e-05,-5.0242641e-05,4.1499046e-05,1.0415026e-05,1.7927722e-05,-1.4954086e-05,-1.6295614e-06,-0.0019084988,-0.00023673531,-0.0003808464,0.0015903142,-4.9619612e-05,-9.880394e-05,-3.3042378e-05,0.00010273447,-5.9938647e-06,-0.00045731951,0.00028259337,-3.5815997e-06,-1.6652832e-05,-1.8859377e-05,2.9972838e-06,2.3549708e-05,-4.8917082e-05,0.00019628571,0.00011421774,0.00030308326,8.6108847e-06,0.00050432317,0.00029192268,6.5821414e-05,7.2825848e-05,-7.9761167e-06,-0.0066123202,0.0037936094,0.00057580634,0.00046405217,0.0010002414,-0.002259296,0.00054030641,0.001044193,-0.00016628239,-0.0003958236,1.8261332e-05,0.0013387615,-0.00046458604,-0.00069395587,9.0987258e-05,0.00018634968,-0.00019408372,-0.00033231714,-8.5012509e-05,-0.00078208402,0.00028524776,-0.0011956149,-0.00045461804,-0.0015502507,-0.00093304811,0.00075278565,-0.00056986423,6.0175838e-05,-0.00016135466,6.6658874e-05,-0.00071012974,0.00058837874,-0.00048909427,0.00042702205,-0.00016878246,-0.00037704009,0.00052393625,0.00017294041,-4.6354921e-05
-0.00046151984,4.2604094e-05,6.0244806e-05,4.9820433e-05,-2.0461976e-05,-0.00010808667,-1.1999686e-05,-2.0008087e-05,2.0166848e-05,1.9835742e-05,8.9804845e-06,-1.3189733e-05,-3.5758861e-06,-3.0105807e-05,-7.8800564e-05,0.00090141302,-0.00059735792,-0.0012741074,0.0013351458,-0.00011405624,-6.8450529e-05,3.5638097e-05,-0.0008697856,8.675499e-06,-7.022459e-06,-2.8525161e-05,4.0151649e-06,-0.00023976265,0.00011937045,5.5698078e-05,8.3897294e-05,-6.163238e-05,2.4201116e-05,0.0001540499,-0.00010843255,-8.4056704e-05,3.3373679e-05,-0.00018325973,-6.7502922e-05,0.00021272968,3.111285e-05,-0.00047468799,-3.3323531e-05,-1.113321e-06,9.2367005e-05,6.7248086e-05,4.6252806e-06,0.00060863374,-1.1286314e-05,-4.2714986e-05,3.7755254e-06,4.3225246e-06,0.0001601998,-8.6761605e-05,-0.00016040286,-4.1906921e-05,3.9561365e-05,-1.5070345e-05,-9.8735095e-05,6.8913449e-05,6.0834281e-05,-2.6450285e-05,8.2387794e-05,2.8338752e-05,-0.00014946571,4.1041144e-05,0.00034007368,6.8512932e-06,1.8558338e-06,0.001135525,0.00010966127,0.0002204096,-4.9619612e-05,0.0015977543,0.00013414426,0.00012865108,3.8088748e-05,1.0166066e-05,0.00041846867,-0.00023984609,5.9335014e-05,-0.00013997851,6.1105038e-06,-9.6560041e-05,-0.00011549943,0.00010398889,-0.00019163613,-8.0798686e-05,-0.00026350972,-9.7303303e-06,-0.00040434479,-0.0001704102,0.00082318007,-2.0720205e-05,-1.3213161e-06,0.0036770135,-0.00236434,-0.00092037999,-0.00017088824,-0.00069912737,0.00014345473,-0.002559065,-0.00071474723,7.4702085e-05,5.0755965e-05,-8.2417673e-06,-0.00096790724,0.0005147723,0.00027458441,0.00018280823,-0.00015879818,0.000213936,0.00046943804,0.00030217493,0.00054011247,-0.00026230313,0.00076299293,0.00029734019,0.0010640557,0.00057166197,-0.0016735734,0.00039077483,-3.6406153e-05,-0.00010654475,4.894481e-05,0.00044892946,-0.0003603067,0.00031374953,-0.00025312231,0.0001451891,0.00043629834,-0.00045368253,-0.00012475066,-5.7259361e-05
-0.00053787573,-7.6574727e-05,-1.4770744e-05,5.1505859e-05,1.9877988e-05,-9.246862e-05,-8.210852e-05,-5.5117549e-06,1.2328686e-05,5.087157e-06,1.1099789e-05,-5.4786228e-05,-3.9913133e-05,2.879105e-06,1.1319581e-05,0.00022392092,-7.5851585e-05,-6.2957909e-05,-0.00049497612,-0.00017011609,9.2796465e-06,6.6516605e-06,-3.6331033e-05,-0.00065276399,-0.00026901394,2.3662071e-05,9.3496635e-06,3.9301973e-05,1.8685593e-05,0.00023750039,-1.1829812e-05,-1.2651551e-05,-4.4762175e-05,9.8951803e-05,-4.8063072e-05,-0.00011490304,9.5180247e-05,-0.00015901584,-0.00012264506,-5.5941139e-05,-2.6165401e-05,-3.2844902e-06,-5.8890476e-05,4.9234831e-06,0.00014901178,1.3956232e-05,4.8522894e-06,-1.7601768e-06,0.00052750169,0.00023266492,-1.6138364e-05,-9.6441773e-06,-9.6276028e-05,1.5783681e-05,-0.00023299021,0.00011829991,-1.0717792e-05,3.680348e-05,-9.7011318e-05,3.3448432e-05,7.0598141e-05,-6.8851349e-05,9.1741117e-05,8.2048638e-05,7.1993497e-05,8.3391952e-06,3.666774e-05,3.3645884e-05,-3.6665049e-06,0.0011348514,0.00012394714,0.00011918938,-9.880394e-05,0.00013414426,0.0015545853,0.00078419418,-0.00012426302,-6.864991e-06,0.00031980139,-0.00014790161,5.4427884e-05,0.00020410148,-1.5358493e-05,1.0493927e-06,-0.00024875749,-3.5235077e-05,-0.00026959223,-0.00017831225,-0.00022323955,-0.00014046563,-0.00027587125,-7.5864803e-05,0.00027898853,2.8105294e-05,5.7736829e-06,0.0035004802,-0.0022337813,-0.00081891576,-0.00015297649,-0.00045316103,0.00020488327,-0.00051750968,-0.0025738276,-0.00082061518,0.00030289114,1.503702e-05,-0.00080628182,0.00039204599,0.00042041702,-0.00019146617,-0.00013013988,6.5787034e-05,0.00061303311,0.00036128946,0.00054726936,4.300591e-06,0.00071944028,0.00044042296,0.00075531206,0.00038177104,-0.00089007067,0.00026172868,-3.9145216e-05,-0.00015774235,5.0681532e-05,0.00049446507,-0.00035440634,0.00029981258,-0.00025733871,0.00013669512,0.00036112802,-0.00027633988,-8.7774696e-05,-3.6556429e-05
5.7750897e-05,0.0006056634,5.8190741e-05,2.5849543e-05,-2.8068592e-05,2.1046289e-05,6.3479423e-05,9.1316982e-06,-7.9025315e-06,8.3229654e-06,7.7982319e-06,-6.4472324e-05,4.4261627e-05,-9.0961709e-05,-1.9225675e-05,0.00019649564,-0.00011719331,6.5608638e-05,-0.00087459241,-0.00026546121,2.1977833e-05,-0.00014804685,-7.5029816e-05,-0.00028702998,-0.00087078984,3.2679556e-05,9.4491264e-06,-9.814946e-05,0.00016253436,7.9168308e-05,-0.00016807616,-2.3737879e-05,-3.1921456e-05,0.00012204724,-2.9470666e-05,-8.4708474e-05,9.1649737e-05,-0.00024441059,8.4526631e-06,9.7682293e-05,-0.00019366363,0.00011111283,2.7970381e-05,-7.9423575e-06,0.0001804669,-1.1034618e-05,0.00010378075,-1.5361479e-05,0.00021464533,0.0006668832,-2.7573826e-05,-5.1860218e-06,2.3354316e-05,-7.007046e-05,-0.00026056757,0.00015756164,5.8537473e-06,3.0398703e-05,-9.461637e-05,5.0926692e-05,0.00010615875,-8.7098322e-05,0.00023885227,1.7689338e-05,-1.4553938e-06,0.00010454689,-0.00013502996,-1.4764023e-06,-1.9129437e-06,0.0019871565,0.00020312596,0.00022198426,-3.3042378e-05,0.00012865108,0.00078419418,0.0022212147,-0.00013563936,-7.7374921e-06,0.00052110706,-0.00029605169,-0.00070259543,0.00032279046,-3.760719e-06,-4.1806434e-05,-0.00031860881,-3.5034113e-05,-0.00037147047,-0.00018835999,-0.00014334069,-0.00028163026,-0.00057845248,-0.00033237098,0.00013632361,-5.6942393e-05,1.0994922e-05,0.0061813892,-0.0037823814,-0.0013555742,-0.00024302961,-0.00086705952,7.0471933e-05,-0.00074244103,-0.0019307023,-0.0027214104,0.00041326868,9.0997967e-06,-0.0013298253,0.00057437782,0.0017134616,-0.00039873735,-0.00021173752,0.00020572811,0.00090594847,0.0004349667,0.00081159687,-0.00035737349,0.00097044548,0.00096730351,0.0014892194,0.00090742478,-0.001125598,0.00061607158,-7.6403385e-05,-0.00021259013,5.3559446e-05,0.0005404655,-0.00053043712,0.00047377874,-0.00044267535,0.0002283888,0.00067611538,-0.00049026153,-0.00018539268,-7.0439783e-06
-5.4459801e-05,-1.7900854e-05,-0.00016434559,-1.1185955e-05,-6.6497275e-06,5.1517992e-05,-3.5225268e-05,3.7934003e-06,-3.0942549e-06,8.1961654e-06,-3.09361e-05,-1.964633e-05,8.4903915e-07,2.9640318e-05,5.5681667e-05,0.00047235907,-0.00028991604,-0.0010417882,0.0016304014,4.8416924e-05,7.1032505e-07,-3.9956107e-05,-2.4213578e-06,4.7376643e-05,3.9799808e-05,-0.00017227328,2.3440517e-05,-0.0001049451,-7.575486e-05,3.2596551e-05,8.3887726e-05,2.3223565e-07,-1.4468288e-05,-4.7858165e-05,1.1336581e-05,7.9671223e-06,-3.7596276e-05,1.6474993e-05,-1.0477208e-05,-1.7737203e-05,-6.4758452e-05,1.7193478e-06,-1.1317187e-05,2.7004209e-07,-2.3064129e-05,2.8048278e-06,2.4710537e-05,-4.7302885e-07,-1.8299359e-05,-3.4336122e-05,0.00010862137,-1.4412972e-05,4.4296994e-05,8.8032768e-05,-7.9944805e-05,-4.2306225e-05,3.3100031e-06,2.2750135e-06,1.6664272e-05,8.3204112e-06,-1.1557194e-05,1.9426598e-05,-3.1996936e-05,-2.7900318e-05,2.384079e-05,2.7897351e-05,1.8211255e-05,-5.7325597e-06,7.0594233e-07,-0.00035936223,-8.0276183e-05,-5.1654965e-05,0.00010273447,3.8088748e-05,-0.00012426302,-0.00013563936,0.00039460853,-5.7935563e-05,9.1593837e-05,0.00020940696,-0.00019169679,-0.00015004657,5.5674341e-06,3.271388e-05,4.0202384e-05,5.3137268e-05,6.8268056e-05,0.00011261396,-4.1205166e-05,-1.5704015e-05,0.00018680453,9.5260896e-05,3.5265119e-05,1.1802588e-05,-6.4718406e-07,-0.0012488913,0.00073022518,0.00029894192,0.00011573569,0.00016276111,-0.00015571045,3.9174193e-05,0.00035794299,0.00011944414,-0.00058667282,7.8148573e-05,-7.0014681e-06,-0.00023040982,0.00016618053,0.00023846525,3.8836641e-05,-7.5025087e-05,-0.00013555775,-0.00015195469,-0.00014294459,-3.6611844e-05,-0.00011774155,-6.1201077e-05,-0.00039081952,-0.00024235723,0.00010973789,-0.00013153933,1.1214174e-05,2.3502274e-05,2.8571987e-05,-6.0306238e-05,7.5468228e-05,-7.1384863e-05,8.1843454e-05,-3.9549526e-05,-0.00016634841,7.8944687e-05,3.7814341e-05,9.6539662e-06
1.0611716e-05,-1.6492095e-05,-1.3381727e-05,-5.4808052e-06,6.1985835e-06,5.7029951e-07,3.6356014e-06,2.2620864e-07,2.4876248e-06,-3.9836849e-06,9.3727314e-06,5.2945331e-06,2.5560595e-06,-7.6255293e-06,-5.9502095e-07,-3.7115636e-05,1.2070582e-05,5.2143792e-05,-5.1023811e-05,-4.1918955e-05,-2.4259292e-06,9.2652872e-06,8.67039e-07,6.4949561e-06,3.7001058e-06,2.2935731e-05,-8.1228576e-06,1.5311671e-05,-4.3495557e-06,1.8855402e-05,2.1937101e-05,2.7201995e-06,1.7273693e-06,3.3529943e-06,-1.8110993e-06,-1.8900465e-06,9.6110979e-07,2.1046994e-06,2.507285e-06,-5.6339551e-06,5.0760648e-06,6.8054492e-06,3.4565638e-06,-2.3069695e-07,3.218023e-05,1.4843932e-06,-1.8330936e-06,5.2565601e-06,-8.427016e-06,-3.4671167e-06,-1.3946497e-05,6.037743e-06,1.4177629e-06,-2.8835048e-06,-3.3371263e-06,-2.4031667e-05,-2.7708299e-06,-2.28715e-07,-2.0165464e-06,-1.9382577e-06,1.9473198e-06,3.4593918e-06,3.0256519e-06,7.2312477e-07,3.0068795e-06,3.7527527e-06,-7.2100935e-06,5.5414509e-07,9.9534512e-08,4.5569942e-06,1.0489706e-06,1.2696633e-05,-5.9938647e-06,1.0166066e-05,-6.864991e-06,-7.7374921e-06,-5.7935563e-05,2.4249468e-05,-1.8261045e-06,4.3170042e-06,-1.8438087e-06,-4.6357714e-05,-3.6224837e-06,-3.3320306e-06,-1.0348296e-05,-1.0131822e-05,-3.6080312e-06,-1.0161781e-05,7.6517773e-06,-2.1372199e-06,-5.4030078e-06,1.9041958e-06,-2.3310589e-05,-8.8286195e-06,1.5162103e-06,-6.6421124e-05,-2.6867862e-06,-7.57684e-06,6.7352425e-06,-1.3366046e-05,8.9176532e-06,-1.1566954e-05,1.8769069e-05,1.0783897e-06,7.7415831e-05,-3.2578417e-05,1.0478823e-05,-2.0700081e-05,-1.2692614e-05,6.4157191e-05,2.6145211e-06,3.1524311e-06,2.1842416e-05,2.1916448e-05,6.286417e-06,1.4923473e-05,-2.0482624e-05,-5.4461224e-06,-2.0516548e-06,-1.0141499e-05,3.3720849e-05,5.1164833e-06,-1.8117183e-06,-3.0328775e-05,6.2601759e-06,-1.1459266e-05,6.8863596e-06,-2.4348061e-06,3.0693676e-06,-3.2745729e-07,3.709815e-07,2.9359093e-06,-1.6520667e-06,1.0895527e-06
-0.0010903107,0.0020753074,0.00099739663,0.0002936777,-0.00025428909,-0.0005595243,2.0868295e-05,-5.2115652e-05,-1.3139069e-05,9.2927876e-05,4.6339185e-05,-9.1772817e-06,-0.00014973839,-8.6478499e-05,-0.00010991451,0.0014428104,-0.00089108211,-0.00050724723,-0.0041564285,0.00060086106,-1.2811586e-05,-0.00029597589,-0.00058283879,3.7425388e-05,7.5941465e-06,-0.00016524073,3.019929e-05,-0.0011409379,0.00023139099,-0.00085820711,0.00022714542,-0.00022665123,-6.2151701e-07,2.8713685e-05,-1.5183084e-05,-5.7101606e-05,0.00036610881,-0.00037604131,-0.00022118639,0.00024041408,-0.00038286526,-0.00019091147,2.2986789e-05,-5.4873591e-05,-0.0003535247,1.115562e-05,0.00018088935,0.00030816428,-0.00012569186,4.0106614e-05,5.5816975e-05,-1.7456837e-06,0.00079131379,-0.0002129144,0.00064778783,-2.0197944e-05,0.00012507521,1.9600965e-07,2.8185519e-06,-7.3237927e-05,0.00013516688,-0.00010319274,0.00034384658,0.00013771218,-0.0001007628,0.00026398985,-2.1609497e-05,-2.341066e-05,2.0420601e-05,0.0076752383,0.0010601758,0.0011323847,-0.00045731951,0.00041846867,0.00031980139,0.00052110706,9.1593837e-05,-1.8261045e-06,0.0040477041,-0.00035504162,0.0011302081,0.00021990163,-1.5673973e-05,-0.00037073934,-0.00010694306,0.00020662085,-0.0011786179,-0.00046249627,-0.0014414151,-0.00018163914,-0.0017964737,-0.0010344275,0.00067866128,-0.00024582737,3.0226098e-05,0.025774268,-0.014069104,-0.0019269123,-0.0019146454,-0.0031420742,0.0010976161,-0.0021584031,-0.0037478696,0.00018347208,0.00071305523,4.6533345e-06,-0.0082329998,0.000449473,0.0013160223,-0.00043162591,-0.00051745306,0.001232502,0.0013660095,0.00017951013,0.0035357035,-0.0011413864,0.0050563665,0.0018614447,0.0055926985,0.0033732999,-0.0042645504,0.0021258203,-0.00026474336,0.00040343038,-0.0003445785,0.0027764099,-0.0024834303,0.0020998478,-0.0017280601,0.0006524475,0.0013092662,-0.0022544834,-0.00064041074,0.00016555453
0.00053444724,-0.001237656,-0.00051523884,-0.0002008771,0.00015113336,0.00024441025,5.7976849e-05,2.0362131e-05,4.6666463e-06,-0.00010081781,1.0496385e-07,1.4531983e-05,-1.0463378e-05,9.5606623e-05,0.00012005121,-0.00010749906,-3.0305846e-05,-0.0014838261,0.0037477451,0.00016042222,-4.8778099e-05,0.000112811,0.0002651712,-3.056765e-05,-1.8904838e-07,-4.6267845e-05,-9.0013101e-06,-4.3667016e-05,-0.0015656137,0.00053196761,-2.4710759e-05,0.00012832711,7.9924741e-05,-5.6565119e-05,7.2751341e-05,7.6027938e-06,-0.00017354215,0.00015158992,2.8461584e-05,2.1340288e-05,0.00016615077,-2.0337935e-06,1.7678479e-05,3.5295142e-05,-0.00015238064,-2.541343e-05,-6.4686479e-05,-0.0001245756,8.4685591e-05,2.5048377e-05,6.2702671e-05,-1.7945835e-06,8.4274464e-05,0.0013818118,-0.00035400831,6.5242064e-05,-8.7450062e-05,-6.6233602e-05,3.21196e-05,-0.0001218583,-7.4769411e-05,0.00016546271,-0.00010136456,3.7332161e-05,-4.2849331e-05,-0.00013767757,9.2242542e-05,-2.7462572e-05,-1.8893065e-05,-0.00337471,-0.00037717619,-0.00049673458,0.00028259337,-0.00023984609,-0.00014790161,-0.00029605169,0.00020940696,4.3170042e-06,-0.00035504162,0.0042861266,-0.00029909678,-0.00015360672,4.1917235e-05,0.00010348387,0.00027868642,5.6200042e-05,0.00063889878,0.00035612475,0.00073444957,0.00024048142,0.00078237024,0.00051222919,-0.0003677639,0.00013275215,-2.384704e-05,-0.011329922,0.0065733977,0.0014810938,0.00062111945,0.0014453946,-0.00055400765,0.0012806712,0.0018736266,1.7896382e-05,-0.00059248562,-2.6786222e-05,0.0017036123,-0.0054536234,-0.00068937967,0.000335456,0.00020116669,-0.00042111198,-0.0011050811,-0.00044187635,-0.0016200904,0.00043731134,-0.0025363381,-0.0011479124,-0.002332198,-0.0015219555,0.0020947513,-0.0010433611,0.00013244056,0.00016227144,-1.0240358e-06,-0.0013808971,0.0012406207,-0.0010416047,0.00073802811,-0.00028548962,-0.0009745924,0.0010824373,0.00021205448,2.8129205e-05
6.1058838e-05,0.002416004,0.00052466928,0.00021109278,-0.00016431321,0.00011994979,0.00010485773,-3.4039367e-05,-3.2231671e-05,4.1696374e-05,1.6335122e-05,-3.2116406e-05,7.2065973e-05,-3.8234624e-05,6.2024948e-05,2.5213091e-05,4.6894704e-05,0.0011583305,-0.004092319,-9.7649295e-05,-9.7011115e-06,-0.00035768524,-9.6162921e-05,0.00022139911,0.00050609076,-6.8033957e-06,3.7135403e-05,-0.00012327297,0.0004428794,-0.012841983,0.0002068292,-0.00025251357,-1.4212145e-05,-0.00029772668,3.5348626e-05,4.77352e-05,0.00029397712,-0.00010545265,-7.6752133e-05,0.00020365055,-7.3993687e-05,0.00018219181,0.00017881573,-1.0192498e-05,0.00018206353,-4.6801618e-05,0.00029279822,-0.00010241327,-0.00023407599,-0.00033028348,-7.393842e-05,-7.6056347e-06,0.00015441743,-0.00029795488,0.020517023,0.00013129349,0.00011283529,-3.8304768e-05,0.00020038096,0.00014915607,0.00019577019,-0.00011012958,9.516738e-05,-4.3074581e-05,-0.00014442814,7.0881903e-05,-0.00023448638,-8.291802e-05,7.3563128e-06,0.0037169897,0.0003812261,0.00053857544,-3.5815997e-06,5.9335014e-05,5.4427884e-05,-0.00070259543,-0.00019169679,-1.8438087e-06,0.0011302081,-0.00029909678,0.037927032,0.00022377971,7.8517035e-05,-0.00029271494,-0.00010406934,0.00012219459,-0.00044951473,-0.00046982851,-0.00078632255,-9.5837722e-05,-0.00099024561,-0.0010240029,1.3205379e-05,-0.00024992568,-4.8060211e-06,0.012003055,-0.0071961203,-0.0018144465,-0.00061836066,-0.0015988958,8.750002e-05,-0.00090517239,-0.0015571343,0.0017059033,0.0006873545,5.0194728e-06,-0.0027451725,0.00054469905,-0.053397809,-0.00075447845,-0.00038937868,0.00084754905,0.00089583039,0.00055664108,0.0012626286,-0.00023310231,0.0026479158,0.0011136472,0.0029875365,0.0024582241,-0.0015640265,0.0012937684,-0.00013315341,-7.2319584e-05,0.00015225548,0.0011387445,-0.0013169868,0.0010885247,-0.00079678096,0.00039894774,0.0010147892,-0.0011377511,-0.00030076428,-0.00012318012
2.9692106e-05,0.00055929938,0.00086295305,9.7276145e-05,-6.0370191e-05,-0.00028294537,2.4145586e-05,-4.1384682e-05,-9.2591147e-06,1.6511255e-05,-4.5588832e-05,1.9667073e-05,-1.1354066e-06,-3.7082681e-05,1.296001e-05,-0.00034735841,4.6030751e-05,0.00039304273,-0.0017881565,-5.7584903e-05,-2.7478603e-05,-8.9560494e-05,2.0873304e-05,-6.7363578e-05,-5.6834827e-05,0.00010173629,2.2032679e-05,0.00011357756,8.235099e-05,-0.00029516753,-0.0011504011,-1.175986e-05,4.4472898e-05,4.4370489e-05,2.2018553e-05,5.8192912e-05,-6.6576411e-05,-8.1248043e-05,-8.3912395e-05,7.1597321e-05,0.00012099316,-1.1220832e-05,0.00016064509,-1.5545846e-05,3.6435736e-05,-6.2656699e-06,5.9568033e-05,-3.7976944e-05,9.9537733e-05,0.0001188002,-6.4324678e-05,-1.9256846e-05,-8.721139e-05,-5.2594683e-05,0.00015607098,0.00073379838,3.6399698e-05,-2.4226453e-05,3.1589816e-05,-1.9467169e-05,-3.7405538e-05,7.2277892e-05,8.0371773e-05,8.7725996e-05,-5.5375875e-05,-5.4446773e-05,-1.9292477e-05,-7.4175976e-05,7.348369e-06,0.0014994173,0.00023054547,9.7800022e-05,-1.6652832e-05,-0.00013997851,0.00020410148,0.00032279046,-0.00015004657,-4.6357714e-05,0.00021990163,-0.00015360672,0.00022377971,0.0031774577,-3.1941738e-05,-0.00012215635,-5.3690894e-05,-1.2440504e-05,-0.0002881461,0.00025656249,-0.00025741617,2.304229e-05,-0.00045207051,-0.00043325768,0.00027213425,-0.00015411643,8.0270787e-06,0.0058957588,-0.0029161127,-0.00066125111,-0.00036800725,-0.00048115035,9.750087e-05,-0.00015264047,-0.00093721557,-5.3975328e-05,0.00040931386,6.3524697e-05,-0.00088327699,0.00026822573,0.00032412137,-0.0046713412,-9.9158121e-05,0.00033328258,0.0003622221,0.00015114191,0.00077353401,-0.00084204187,0.0011919807,0.00041093154,0.0012744828,0.0010367914,-0.0010770248,0.00064245872,-6.2865564e-05,-4.4650584e-05,-9.7242042e-05,0.00062455793,-0.00056528577,0.00048371005,-0.00038211238,0.00017552246,0.00037459667,-0.00039337896,-0.00011247878,-1.1925272e-05
-2.2326713e-05,5.2290085e-05,1.1689294e-05,1.1624563e-05,8.2737702e-06,3.8619069e-05,2.4192357e-05,2.099016e-06,2.5206828e-06,-1.3276069e-05,2.5672911e-05,-3.7529436e-06,3.2446691e-06,2.0948967e-05,3.4166022e-05,0.00020687649,-0.00011244271,-0.00054292559,0.0009542704,-1.6100265e-05,1.4931106e-05,2.1391238e-06,-2.7224079e-05,6.2535252e-06,-6.2282701e-07,-9.9678653e-06,4.2013806e-06,-5.0053285e-05,2.7620509e-05,-4.9250624e-05,3.5369672e-05,-0.00010070347,1.2495902e-05,-2.5735577e-06,1.7027045e-05,-3.8334255e-06,1.6618493e-05,-3.0106029e-05,-1.611361e-06,5.4794157e-05,2.1742639e-05,-1.4625736e-05,-7.1582465e-06,1.1104687e-06,6.6113442e-06,-2.0165579e-05,-1.2032499e-05,1.3253926e-05,-2.3450392e-05,-1.2082763e-05,1.0892896e-05,-3.896867e-06,1.7600921e-05,-2.9728368e-05,0.00011464054,1.3728514e-05,6.3519805e-05,-1.1615773e-05,-2.764688e-06,-2.2316713e-05,1.1111115e-05,5.8384753e-06,2.8830698e-05,2.9854307e-06,-5.1923132e-05,-1.0270326e-05,-6.7955617e-06,-3.7306467e-06,-2.2184105e-06,-0.00010405797,-1.1471668e-05,-2.4775061e-05,-1.8859377e-05,6.1105038e-06,-1.5358493e-05,-3.760719e-06,5.5674341e-06,-3.6224837e-06,-1.5673973e-05,4.1917235e-05,7.8517035e-05,-3.1941738e-05,0.00025781636,-2.654773e-05,2.9559777e-05,1.2772511e-05,-2.0223781e-06,2.1643563e-05,4.6652133e-05,6.6820336e-06,-6.7245256e-07,3.4582903e-05,-2.3438236e-05,2.9935603e-06,-4.6310184e-06,-0.00040881318,0.00011763182,-8.0277364e-05,2.424532e-05,4.0178148e-05,4.8717439e-05,-2.7250349e-05,2.8543408e-05,-7.7383545e-06,-1.2129732e-05,4.5079553e-06,2.0097231e-05,-3.8207014e-05,-9.2030687e-05,1.5451363e-05,-0.00036623689,1.509539e-05,-6.3476031e-05,1.6769144e-05,-6.3896713e-05,-7.0866146e-05,-0.00012917322,-4.9698034e-05,5.0706769e-06,-6.0788901e-05,8.6294295e-05,-1.9245618e-05,9.3270571e-06,-4.4768896e-06,4.5208963e-06,-2.7304148e-05,6.3246459e-06,-4.5270111e-06,2.4447204e-05,6.3323057e-06,-2.1938432e-05,-2.913254e-05,1.2454291e-05,-1.1570387e-05
3.6232602e-05,-0.00026261719,-0.00019248406,-2.3470072e-05,3.3240557e-05,7.1145534e-05,9.7882704e-07,1.198254e-05,-8.1544558e-06,-1.3696374e-05,-1.5674538e-05,2.8168772e-06,1.4470306e-07,4.1871493e-05,-1.1561594e-06,-8.1559364e-06,7.6806218e-05,-0.00034515743,0.0011733504,9.5874324e-06,5.6025322e-05,4.3363128e-05,6.8592724e-05,-2.7130971e-05,-2.2021234e-05,-8.7256503e-06,-1.4331423e-06,6.2509225e-05,1.045368e-05,0.00016368937,7.2281828e-05,4.0307065e-05,-9.0112479e-05,-4.8910196e-05,-3.7015165e-06,2.0549222e-05,-2.9287734e-05,2.7130295e-05,7.9221189e-06,-5.3298169e-05,3.5012745e-05,-6.6660073e-05,-9.6197936e-06,1.412495e-05,-3.992705e-06,-4.4023047e-05,-3.4999725e-05,-3.5023421e-05,2.8907832e-05,1.1281361e-05,3.7105663e-06,-1.0785664e-06,-3.9228542e-05,8.3945761e-07,-0.00018557305,-2.7241473e-05,-3.0668079e-05,5.5458411e-05,1.8381564e-05,3.4327217e-06,-3.2479521e-05,3.6141864e-07,-5.191444e-05,-2.3395985e-05,3.9064067e-06,-2.9525338e-05,6.8930922e-05,4.5912341e-07,-6.6787429e-06,-0.0011681193,-0.00016311675,-0.00026946534,2.9972838e-06,-9.6560041e-05,1.0493927e-06,-4.1806434e-05,3.271388e-05,-3.3320306e-06,-0.00037073934,0.00010348387,-0.00029271494,-0.00012215635,-2.654773e-05,0.0002671669,0.00010544337,-5.0703624e-07,0.00017285075,8.523001e-05,0.00025328182,7.6904764e-05,0.00029743733,0.00018416069,0.00015914989,4.6016168e-05,-1.8290273e-05,-0.0041019783,0.002282127,0.00052030265,0.00025204518,0.00067020651,-4.2684515e-05,0.00041318441,0.00053088587,-0.00014115618,-0.0001731896,2.2030098e-06,0.00097308068,-0.00012953058,5.0931244e-05,0.00022571911,0.00012418856,-0.00046891259,-0.00032278607,-0.00016805848,-0.00051609849,0.00021196749,-0.00086090095,-0.00038542933,-0.0009823753,-0.00058360242,0.00033679093,-0.00037235185,5.9438892e-05,-6.0486312e-06,1.8221882e-05,-0.0003701634,0.00033940569,-0.00028780924,0.00026941627,-0.00012598899,-0.00028456044,0.00030615761,0.00010635078,-4.6599924e-06
5.3718626e-05,-0.00010652737,-0.00042870112,-4.6917054e-05,1.2094733e-06,0.00011511307,2.1568382e-05,1.558845e-05,-2.4160886e-05,3.8964103e-06,-2.4415884e-05,4.300405e-05,-2.8409645e-05,7.9690294e-05,-8.3277341e-05,5.1277166e-05,-2.8715231e-05,-0.00066103539,0.0010796374,0.00025901065,6.7717002e-05,-6.104667e-06,0.0001716682,0.00010742362,0.00010891493,-4.9108693e-05,1.3106479e-06,8.6517258e-05,-0.00013145904,-0.00014296418,8.8916285e-05,3.7393977e-05,-5.1540117e-05,-0.00062388634,-8.6558977e-05,5.3443013e-05,-0.00010105514,9.3499239e-05,7.839811e-05,-3.2915383e-05,0.00011161207,0.00022198762,4.3125891e-05,2.6042996e-05,-0.00019754023,-6.1039752e-05,2.1027893e-05,-0.00010929774,-9.2843152e-05,-0.00010443878,1.4323083e-05,-6.5705422e-07,-3.9797633e-05,9.5677636e-05,0.00013153043,1.7105243e-05,-2.1450855e-05,2.6538891e-05,0.00047446267,5.0246634e-05,-3.6366405e-05,0.00011935724,-3.7805413e-05,-2.5727464e-05,2.5380834e-05,-8.6309923e-05,-0.00015467605,-2.8350155e-05,-2.1076063e-05,-0.0006336631,-8.9289981e-05,-0.00016950966,2.3549708e-05,-0.00011549943,-0.00024875749,-0.00031860881,4.0202384e-05,-1.0348296e-05,-0.00010694306,0.00027868642,-0.00010406934,-5.3690894e-05,2.9559777e-05,0.00010544337,0.0014055053,4.7778785e-05,0.00013564682,0.00034463377,0.00019862633,7.1065612e-05,0.00015411646,-0.00017271449,-0.00025913557,-7.8782333e-06,-5.9345681e-05,-0.0029075366,0.0015661506,0.00060440868,0.00011477715,0.00044178663,-4.5174242e-05,0.00048185828,0.00082868739,0.00036100116,-0.00016295079,1.937235e-05,0.00052244826,-0.00055672025,-0.00014849129,0.00010798626,3.4225747e-05,-0.00017224301,-0.0021663305,-0.00023584459,-0.00029302193,-0.00023386681,-0.00065477357,-0.00028723126,-0.00061330867,9.7108051e-05,0.00093639655,-0.00026655784,0.00010668334,0.00021299582,-7.0724408e-05,-0.0003260923,0.00026868107,-0.00022290324,0.00017296571,-0.00010333827,-0.00033153984,0.0002469082,5.1087148e-05,3.0840784e-05
5.4798886e-05,6.2870675e-05,-0.00017726479,-2.3795258e-05,3.6893515e-05,3.741578e-05,7.3998537e-05,2.8355429e-05,-1.6662335e-05,-1.3009112e-05,5.5457077e-05,-1.534615e-05,1.3196918e-05,-2.1179035e-05,7.0376722e-05,0.00036879738,-0.00031370004,-0.0010765599,0.0013733284,-0.00018045123,-2.2877438e-06,-3.9718082e-05,-7.9684986e-05,-3.8257672e-05,-1.5016785e-05,5.5599501e-06,-2.6946368e-06,-4.1089178e-05,9.3454741e-05,3.1948578e-05,4.2638471e-05,-1.5460347e-06,1.2186372e-05,-4.7827805e-05,-0.00062449027,-0.00037260657,5.6153951e-05,-9.8526131e-05,-6.0784288e-05,2.9104544e-05,-4.9802829e-05,9.8271306e-05,8.061046e-05,2.0694444e-06,0.00019526904,5.2397499e-06,1.4267453e-06,6.7194422e-05,4.3587931e-05,7.7871124e-05,1.4512822e-05,-1.6552794e-06,-1.5904521e-05,-0.0001434605,0.00020460409,8.2152275e-06,-2.1736771e-05,-6.1296199e-06,4.4663342e-05,0.00045936811,0.00030291267,2.2696292e-05,0.00010827482,2.0890614e-05,-6.3163716e-06,-1.129664e-05,-0.00012601859,-1.8289658e-05,7.4822958e-07,0.0002717381,-7.6656104e-05,7.3654723e-05,-4.8917082e-05,0.00010398889,-3.5235077e-05,-3.5034113e-05,5.3137268e-05,-1.0131822e-05,0.00020662085,5.6200042e-05,0.00012219459,-1.2440504e-05,1.2772511e-05,-5.0703624e-07,4.7778785e-05,0.0018649845,0.00080283385,5.333391e-05,2.7807309e-05,-4.6236564e-05,3.3267699e-05,5.5168657e-06,-7.8969908e-05,-0.00014105855,-1.4504544e-06,0.00063918027,-0.00066340866,-0.00031131653,0.00013448871,-0.00027752221,8.1332083e-05,-0.00028160013,-9.3929757e-05,-4.1120883e-05,-1.7977111e-05,2.1249815e-05,-0.0004171356,0.00016102488,1.8096548e-05,-7.8277447e-05,-6.1885591e-05,3.720375e-05,0.0001062643,-0.002490141,-0.0011547833,2.6788982e-05,2.0772813e-05,0.00018293123,9.1827025e-05,1.583818e-05,-3.8059203e-05,0.00023229384,-1.7858586e-05,-0.00017591872,0.00010539842,5.1470131e-05,-5.1325581e-05,4.1526966e-05,-4.1500786e-05,4.4892082e-05,0.00014416886,-1.870807e-05,-3.4674457e-05,1.7695969e-05
0.00060892076,-0.0012509113,-0.00088072716,-0.00020704651,0.00015886124,0.00037968455,3.2132197e-05,2.1269502e-05,2.9913951e-05,-5.9422185e-05,-2.2153292e-05,5.2474274e-05,-2.3603607e-05,6.9788694e-05,3.2407796e-05,-0.00021941175,2.1640942e-05,-0.0012996043,0.0047174005,0.00018278819,1.3304748e-05,0.00019047803,0.00016072348,-4.1927805e-05,-0.00013602355,4.6066245e-05,-1.2919715e-05,0.00015678229,-0.00018421852,0.00050478315,7.1208898e-05,0.00012541433,4.2211937e-05,9.9411374e-05,-0.00038183336,-0.00061423515,-0.00017541886,0.00011330199,0.00021010593,2.8941751e-05,0.00013980415,0.00010226685,-1.2174254e-05,3.3801746e-05,-0.00016539024,1.1759052e-05,-0.00017430407,-2.9002046e-05,6.4229482e-05,9.380614e-05,-1.6112139e-05,5.3932935e-06,1.879292e-05,0.00013185563,-0.00025880718,-8.1888362e-05,-7.9916912e-05,-3.3940733e-05,-5.4387917e-05,0.00030385334,0.00046489631,9.8722987e-05,-7.5240885e-05,-9.9630972e-05,-1.2729505e-05,-0.00011041519,-3.5296136e-05,6.8925294e-06,-1.4159871e-05,-0.0050532342,-0.00064571926,-0.00070488778,0.00019628571,-0.00019163613,-0.00026959223,-0.00037147047,6.8268056e-05,-3.6080312e-06,-0.0011786179,0.00063889878,-0.00044951473,-0.0002881461,-2.0223781e-06,0.00017285075,0.00013564682,0.00080283385,0.002220024,0.00048674446,0.0010232985,0.00024388937,0.0011672366,0.00077796531,-0.00063856266,0.0001461477,-1.6264298e-05,-0.016404085,0.009553028,0.0019826209,0.0010104437,0.0020777474,-0.00051334827,0.00143899,0.0025500925,-0.0002722306,-0.00061159309,9.8173752e-06,0.0032974622,-0.00077171107,-0.0012122472,0.00056268679,0.00034272611,-0.00065866064,-0.00092705518,-0.0018764077,-0.0042949477,0.00063262028,-0.0035621669,-0.0014031463,-0.0036795254,-0.0024636013,0.0031594539,-0.0014853877,0.00016176979,0.00014843534,7.5299599e-06,-0.001780366,0.0016071976,-0.0013645194,0.0010999091,-0.00046776624,-0.0011827827,0.0013141517,0.00040612139,-1.4482792e-05
0.00044275677,-0.00093415097,-0.00035515363,-0.00011740095,7.3282978e-05,0.00014613033,-5.3704715e-05,1.4223757e-05,3.2123709e-05,-2.0190993e-05,-2.2417362e-05,4.7735017e-06,-6.1889199e-05,6.3561926e-05,3.0949586e-05,0.0004790506,-0.00045159321,-0.0024427691,0.0050332643,0.00018749049,0.00010963022,0.00013693266,7.9461838e-05,-1.2878665e-05,-2.0991314e-05,-2.4680387e-06,-4.0196233e-06,1.6486753e-05,-0.00013550957,0.00043597627,-0.00018566269,9.7206026e-05,3.9572975e-05,-3.9651446e-05,3.1987597e-05,7.9250612e-05,-0.0011033295,9.0336001e-05,2.8456763e-05,-3.1757208e-05,1.0323624e-05,2.1481644e-05,-3.8792906e-05,3.1805243e-05,-0.0001787948,-6.0431996e-05,-8.6136629e-05,-5.4520381e-05,-2.2276324e-05,-6.2056281e-05,5.9143235e-06,4.0019877e-06,3.1646743e-05,0.00020769843,-0.00025618343,0.00010442722,-3.7987361e-05,-3.9531191e-05,7.2089917e-05,5.4568688e-05,-3.0463588e-05,0.00077140668,-0.00010845429,2.0239688e-05,3.5708049e-05,-3.4215076e-05,-1.7517866e-05,7.1790062e-06,-1.8339304e-05,-0.0025184982,-0.00019484121,-0.00057540249,0.00011421774,-8.0798686e-05,-0.00017831225,-0.00018835999,0.00011261396,-1.0161781e-05,-0.00046249627,0.00035612475,-0.00046982851,0.00025656249,2.1643563e-05,8.523001e-05,0.00034463377,5.333391e-05,0.00048674446,0.0025121513,0.00049749278,0.00017881935,0.0006737987,0.00036964401,-0.00029845692,8.0618636e-05,-3.1589508e-05,-0.0076762868,0.0044561385,0.00041749619,0.00025316844,0.0011954834,-0.00025628306,0.00056973901,0.0013173661,1.2622959e-05,-0.00041303045,1.5202843e-05,0.0013530111,-0.0004437055,5.3891065e-05,-0.00037846214,7.3797596e-05,-0.00032103937,-0.00086151364,3.0337553e-05,-0.0011926771,-0.0031593442,-0.0016689956,-0.00080379115,-0.0018032284,-0.0010442668,0.0015044356,-0.00065223784,0.00010657012,0.00019477173,-9.5749247e-05,-0.0010425922,0.0009796623,-0.00082942244,0.00052672473,-0.00016320894,-0.00038160942,0.00092690167,0.00011751835,-6.3890911e-05
0.00058214772,-0.0010879416,-0.00051455349,-0.00017203048,0.0001254332,0.00027390204,2.7546459e-05,1.989267e-05,-8.1058308e-05,-7.3393713e-05,-4.1737789e-05,4.2832937e-05,4.1070706e-06,0.00010637213,4.6718243e-05,-0.00015885888,7.6275028e-05,-0.00082108357,0.0045628345,0.00016385684,-1.6113762e-05,0.00025934362,0.00011488367,-9.9993382e-05,-0.00021626269,7.5320827e-05,-1.2448509e-05,1.0889771e-05,-0.0002005306,0.00050220633,-7.5122054e-05,8.9702339e-05,4.1976518e-05,0.00010689035,-9.580107e-05,-1.983693e-05,-0.00030158791,-0.00057561325,-2.3244526e-05,8.5773015e-05,0.00015292645,1.8243522e-05,-1.434287e-05,2.8881464e-05,-0.000176242,2.2772221e-05,-0.00019057328,-5.6125447e-05,8.0649785e-05,0.00015396345,-3.7400403e-05,4.5526821e-06,5.0632209e-05,0.00021806424,-0.00052196696,-1.514952e-05,-5.108868e-05,-3.3520174e-05,-3.2155486e-05,0.00011084179,4.1360386e-05,9.4782371e-05,0.00039387942,0.00012141008,-9.6529389e-05,-0.0001309688,-1.5897952e-05,1.0254704e-05,-1.2988532e-05,-0.0056469588,-0.00068659968,-0.0006972148,0.00030308326,-0.00026350972,-0.00022323955,-0.00014334069,-4.1205166e-05,7.6517773e-06,-0.0014414151,0.00073444957,-0.00078632255,-0.00025741617,4.6652133e-05,0.00025328182,0.00019862633,2.7807309e-05,0.0010232985,0.00049749278,0.0027076381,0.00068881122,0.0011272031,0.00078861257,-0.00072670293,0.0002101562,-3.80529e-05,-0.018952492,0.011050987,0.0026284333,0.0011331457,0.0023386736,-0.00057713458,0.0016547657,0.0027986727,-0.00074969275,-0.00055073836,-2.2727739e-05,0.003876885,-0.0011247695,-0.00092007675,0.00062403793,0.0003622882,-0.0008317379,-0.0012068208,-0.0009931754,-0.002785754,0.0007647736,-0.0061370973,-0.0022928768,-0.003919147,-0.0026208235,0.0036192272,-0.0018070761,0.00023035037,0.00015498611,2.4002921e-05,-0.001898413,0.0017119705,-0.0014358364,0.0012534416,-0.00056697564,-0.0014942748,0.0014188676,0.00047110136,5.2582476e-05
-9.0558824e-05,-0.00028267332,-3.0500669e-05,-3.3310814e-05,-4.4720919e-06,-4.8770887e-05,-2.5777018e-05,-3.2135872e-05,-2.8695155e-05,-6.1282697e-06,-4.7938974e-05,5.6416583e-05,-3.6225433e-05,0.00011678107,-0.00011173774,0.00019056694,-2.1481042e-05,-0.00042199588,0.0010619264,0.00041968344,1.8798119e-05,7.0609013e-05,4.2655935e-05,-2.561572e-05,5.2351045e-05,-2.9735446e-06,-3.2605021e-06,9.1925558e-06,-9.921893e-05,0.00014743775,1.8362657e-05,1.039927e-05,-7.563111e-06,3.6782766e-06,-8.9885284e-05,3.2560354e-05,-0.00010013255,-0.00012918439,-0.00056422691,-6.5344949e-05,7.320142e-05,-2.2898678e-05,2.0176782e-05,9.4259244e-06,-0.00031186052,-1.1443094e-05,-7.0840622e-05,3.1176083e-05,5.2845787e-05,-2.9090135e-05,-3.2587396e-05,2.8265368e-07,3.3361674e-05,8.7513331e-05,-0.0002474633,6.0289209e-05,-5.6411213e-06,-1.1817451e-05,5.2861134e-06,5.5171677e-05,-3.4297889e-05,6.303422e-05,8.7394662e-05,0.00044111641,3.411156e-05,-1.612619e-05,-1.013492e-05,9.9474921e-07,-6.0558077e-06,-0.0011718662,-0.00012268254,-0.00017579899,8.6108847e-06,-9.7303303e-06,-0.00014046563,-0.00028163026,-1.5704015e-05,-2.1372199e-06,-0.00018163914,0.00024048142,-9.5837722e-05,2.304229e-05,6.6820336e-06,7.6904764e-05,7.1065612e-05,-4.6236564e-05,0.00024388937,0.00017881935,0.00068881122,0.0019352296,0.00036809478,0.00015059483,-0.00021084524,1.4650025e-05,-1.9176541e-05,-0.0036208438,0.0025161617,0.001050508,8.6538237e-05,0.00066006744,1.7168302e-06,0.00039672036,0.00071202637,0.00017869492,-8.031716e-05,-1.3329051e-05,0.00062827168,-0.00041732251,-0.00029502425,0.00012061612,9.8567834e-05,-0.00018869707,-0.00032765521,-0.00034722549,-0.00054429115,9.6134444e-05,-0.0014417018,-0.0030038859,-0.0010052202,-0.00055587096,0.00085717652,-0.00039142285,6.857366e-05,0.00030884157,-0.00017668551,-0.0003262833,0.00034243351,-0.00030982619,0.00024993752,-0.00012696327,-0.00052830994,0.00033987712,9.5114988e-05,2.5818329e-05
0.001073934,-0.0016325784,-0.00089851429,-0.00027508026,0.0001926571,0.00045435073,1.5313422e-05,5.1281805e-05,1.7236923e-05,-0.00011122425,-6.9796848e-05,0.00010902909,-1.8698964e-05,5.9738219e-05,8.3783913e-05,-0.00071580095,0.00038319332,-0.0013198272,0.0059112634,-7.0585662e-05,6.7847036e-05,0.00019922529,0.0005563572,-1.5994934e-05,4.5569719e-06,3.0955455e-05,-1.603923e-05,0.0002888387,-0.0002784456,0.00076961812,-3.0463721e-06,0.00022487822,2.5162373e-06,-1.0761402e-05,5.0450256e-06,0.00012167819,-0.00042947087,0.00031295167,0.00014931677,-0.00099974951,1.9650484e-05,0.00017735804,3.7480131e-05,4.5233303e-05,1.2825128e-05,-1.1281519e-05,-0.00015104107,-0.00028118628,6.0825375e-05,-5.4897619e-05,2.5110722e-05,2.8279387e-06,-0.00012040053,0.00025546718,-0.0006974453,-0.00010173327,-0.00016162388,-1.7404524e-05,7.6691889e-06,5.1403004e-05,-7.5318965e-05,0.00021087996,-0.00029876169,-2.7572584e-05,0.00097369772,4.8396887e-06,-7.3611001e-05,-1.1930978e-05,-2.0337091e-05,-0.0070182994,-0.00084160871,-0.00095070031,0.00050432317,-0.00040434479,-0.00027587125,-0.00057845248,0.00018680453,-5.4030078e-06,-0.0017964737,0.00078237024,-0.00099024561,-0.00045207051,-6.7245256e-07,0.00029743733,0.00015411646,3.3267699e-05,0.0011672366,0.0006737987,0.0011272031,0.00036809478,0.0045148871,0.0014610623,-0.00072507045,0.00014183553,-2.6005851e-05,-0.023107286,0.013407102,0.0030362787,0.0013954609,0.0030064219,-0.001079566,0.0022162163,0.0033941685,-0.00037109155,-0.00098963435,-5.9632772e-06,0.0049441938,-0.0010174335,-0.0010481282,0.00085752786,0.0005449073,-0.0010492463,-0.0013560401,-0.0011127007,-0.0033279377,0.00088984581,-0.0045251171,-0.0021119937,-0.0089454729,-0.0038897562,0.004119183,-0.0019849133,0.00024919227,-2.9341447e-05,0.00010907782,-0.0025392677,0.002258127,-0.0019503011,0.0015563025,-0.00067746442,-0.0017607065,0.0020515272,0.00057752886,-3.4338931e-05
0.00084784427,-0.00064171416,-0.00075535917,-0.00017844836,0.00011030724,0.00047615581,0.00011285397,2.1768769e-05,-9.8551394e-06,-7.6441423e-05,-2.1744419e-05,1.8012527e-06,2.0179559e-05,5.1099211e-05,6.1389013e-05,-7.2864751e-05,-2.9160971e-05,-0.0010381774,0.0039309394,3.8081958e-06,-3.6349442e-05,2.0549658e-05,0.00028321,3.103353e-05,-0.00012387986,-2.1594859e-05,-9.0345117e-06,4.4736605e-05,-9.9041138e-05,0.00023040036,0.00017466726,0.00012576983,2.0636797e-05,8.5407094e-05,-8.2598641e-05,-3.4264103e-05,-0.00033306836,0.0001651804,0.00020987018,-0.00022147091,-0.00046328432,0.00018619817,1.9562719e-05,1.0648059e-05,-2.008769e-07,3.3505491e-05,-4.570363e-05,-0.0001019628,-1.7850527e-05,3.1491663e-05,3.4307871e-05,3.7633972e-06,-2.7353844e-05,0.00013182871,-0.00034244354,-0.00014681215,-8.1261831e-05,-7.2545341e-06,-6.4103489e-05,1.5896678e-05,1.018148e-05,0.00013252829,-0.00011941645,-2.53468e-05,0.00018582792,0.0003527252,-3.4344119e-05,-4.5657453e-05,-4.3639992e-06,-0.004301198,-0.00055915591,-0.0005138627,0.00029192268,-0.0001704102,-7.5864803e-05,-0.00033237098,9.5260896e-05,1.9041958e-06,-0.0010344275,0.00051222919,-0.0010240029,-0.00043325768,3.4582903e-05,0.00018416069,-0.00017271449,5.5168657e-06,0.00077796531,0.00036964401,0.00078861257,0.00015059483,0.0014610623,0.0023041197,-0.00039306611,9.1855777e-05,-7.8758359e-06,-0.013926941,0.0081447049,0.0017366547,0.00091008046,0.0016428412,-0.00058037127,0.0012653565,0.0019561358,-0.00021140809,-0.00059843156,-5.9276863e-06,0.0028523044,-0.00065180633,4.2632269e-05,0.00080478968,0.00028279555,-0.00063318076,-0.00037227957,-0.00064845298,-0.0021291076,0.00055357978,-0.0029049713,-0.0011796141,-0.0038021252,-0.004256383,0.0024867582,-0.001214359,0.00013267948,-9.7685881e-06,6.850731e-05,-0.0017299711,0.0014289997,-0.0011940843,0.00093578848,-0.00038839715,-0.0010771694,0.0012697999,0.00034395372,-1.286658e-05
-0.00079160232,0.00036874524,0.00081471824,0.00013649915,-8.300464e-05,-0.00036507113,-2.3495668e-05,1.9582558e-06,-2.641671e-06,2.1050695e-05,1.159146e-05,-3.7651973e-05,-4.3195262e-05,-1.5060914e-05,-0.00010822086,0.0010262908,-0.00057403145,-0.0014723432,0.00013709243,-4.456022e-05,-2.6843391e-05,-5.5307695e-05,-0.00059612816,-2.7653966e-05,0.00020274183,-2.2797579e-05,1.0010625e-05,-0.00016503089,2.1250302e-05,0.00017592435,0.0001513765,-8.0464358e-05,-0.00010761508,0.00019593674,0.00011040129,4.2140976e-05,0.00018615721,-0.00016452421,-0.00022368222,0.00011026676,1.9624655e-05,-0.0010672024,-6.1666486e-05,-1.9016432e-05,0.00011203538,-1.9294543e-05,6.6875134e-05,0.00037354103,3.7067002e-05,-0.00013679384,1.7451083e-05,-1.0317377e-05,4.2470856e-05,-5.2891458e-06,-7.7141253e-05,3.086444e-05,3.8449436e-05,6.215969e-05,-0.00014249622,-0.00011512619,-8.1822837e-05,-9.6046675e-05,3.3051857e-05,8.1462707e-06,-0.00014733962,1.643164e-05,0.00077915484,2.8164975e-05,1.4024842e-05,0.0029375475,0.00036756546,0.00024682154,6.5821414e-05,0.00082318007,0.00027898853,0.00013632361,3.5265119e-05,-2.3310589e-05,0.00067866128,-0.0003677639,1.3205379e-05,0.00027213425,-2.3438236e-05,0.00015914989,-0.00025913557,-7.8969908e-05,-0.00063856266,-0.00029845692,-0.00072670293,-0.00021084524,-0.00072507045,-0.00039306611,0.0024888163,-4.3443522e-05,2.4650924e-05,0.009843273,-0.0056911036,-0.0014886908,-0.000665088,-0.00098290002,3.9970722e-05,-0.0019015496,-0.0017201623,0.00024851409,0.00027445934,2.8673288e-05,-0.0018678403,0.00054221321,0.0011011866,-0.00042739438,-0.00022226564,1.5859698e-05,0.00096772871,0.00073036243,0.0016465962,-0.00033485322,0.0023088079,0.00095671868,0.002206557,0.0014118203,-0.0047525446,0.00096100837,-0.00011923441,-0.00011775939,-6.1772842e-05,0.0012023617,-0.00097862659,0.00080093132,-0.00065426961,0.00029931688,0.00085061209,-0.00086811773,-0.00025322013,-5.9847235e-05
3.2513959e-05,-0.00025732882,-7.2177155e-05,-1.226018e-05,1.9924314e-05,6.0860874e-05,-2.4630941e-05,7.1600413e-06,7.4403261e-06,-2.2889445e-05,1.4167261e-05,-2.3166272e-05,1.37378e-06,1.0816403e-06,4.617608e-06,3.4764963e-05,6.9197225e-05,-0.00014306514,0.00075010319,2.9773074e-06,-2.7163768e-05,5.4943567e-05,1.5815116e-05,-7.435719e-05,-4.0518868e-05,-1.5919698e-05,4.6517143e-06,-2.3127153e-05,-1.1803566e-05,0.00029489076,0.00010752576,1.495887e-05,3.3241189e-06,4.4884484e-05,7.6735494e-05,3.1733185e-05,-7.4545817e-05,-1.696888e-06,2.2204286e-05,4.7905822e-05,3.8108662e-05,-3.6253895e-05,-0.00021452662,3.9320603e-06,-1.8508702e-05,1.6349917e-05,-4.0690752e-05,-1.9209534e-05,5.4496108e-05,9.0326342e-06,-5.8731597e-06,-3.1390281e-07,-1.3840037e-05,-3.0907443e-06,-0.0002150593,-4.4411333e-05,-1.8963543e-05,-1.1235607e-07,-3.0692257e-05,-1.304642e-05,-1.5684701e-05,1.9644153e-05,-3.204923e-05,-1.4318984e-06,-1.1185743e-05,-6.7215474e-05,3.3866061e-05,6.0864049e-05,-1.3960118e-06,-0.00089184707,-0.00011971365,-7.4924501e-05,7.2825848e-05,-2.0720205e-05,2.8105294e-05,-5.6942393e-05,1.1802588e-05,-8.8286195e-06,-0.00024582737,0.00013275215,-0.00024992568,-0.00015411643,2.9935603e-06,4.6016168e-05,-7.8782333e-06,-0.00014105855,0.0001461477,8.0618636e-05,0.0002101562,1.4650025e-05,0.00014183553,9.1855777e-05,-4.3443522e-05,0.00051576493,-4.8416872e-06,-0.0027541613,0.0016115105,0.0002114015,0.00020881344,0.00023331812,-0.00012686479,0.00020099359,0.00028627845,-1.7672401e-05,-0.00010602186,7.3421004e-06,0.00054571658,-0.00015752409,1.0021852e-05,0.00020523672,5.2241183e-05,-0.00012488866,-0.00010764858,0.00010402966,-0.00042609516,6.4289159e-05,-0.00062461737,-0.00023177917,-0.00049037064,-0.00033957287,0.0005112321,-0.00091136703,2.7762016e-05,-7.2056572e-08,2.251415e-05,-0.00027175066,0.00027580581,-0.00022937231,0.00018873091,-7.7395519e-05,-0.0001468204,0.00023002304,7.2926292e-05,-1.2381051e-05
-6.797346e-06,8.2275799e-05,3.9995776e-05,3.4073666e-06,-4.9796603e-06,-9.4491843e-06,1.6350262e-06,-1.3140105e-06,4.9362856e-06,-1.6449868e-06,2.1367036e-06,-3.9774406e-06,6.8233219e-06,-8.3363151e-06,4.8191259e-06,2.1398575e-05,-1.6967201e-05,-4.3514268e-06,-6.687971e-05,-1.9746736e-05,-6.5585465e-06,-1.1961856e-05,-2.7953905e-06,7.5781037e-06,7.305358e-06,-7.4754743e-07,-1.863808e-07,-1.0348636e-05,1.8464409e-05,-4.3865615e-07,-7.8910214e-06,-5.2268874e-06,7.1936124e-06,2.0824923e-05,8.8639828e-06,1.0201217e-05,2.1484985e-05,-5.0056799e-06,2.9421335e-08,8.2245285e-06,-1.4728896e-05,-9.8791519e-06,3.3842736e-06,-1.0273104e-05,1.5988216e-05,4.2532844e-06,6.8264627e-06,1.3839957e-06,-8.0999575e-06,-7.5255222e-06,1.1923922e-06,1.6023236e-07,-1.1258854e-06,-1.4133015e-05,8.4411937e-06,4.9508284e-06,1.4046042e-06,-5.2293804e-06,-1.6235242e-05,-3.896561e-06,-3.5130797e-06,-1.4501714e-05,4.9222619e-06,-1.1089797e-06,-3.1789078e-07,8.8487464e-06,3.3574948e-06,-7.2250665e-08,8.1809999e-06,0.00010745196,6.0502034e-06,2.7437659e-05,-7.9761167e-06,-1.3213161e-06,5.7736829e-06,1.0994922e-05,-6.4718406e-07,1.5162103e-06,3.0226098e-05,-2.384704e-05,-4.8060211e-06,8.0270787e-06,-4.6310184e-06,-1.8290273e-05,-5.9345681e-05,-1.4504544e-06,-1.6264298e-05,-3.1589508e-05,-3.80529e-05,-1.9176541e-05,-2.6005851e-05,-7.8758359e-06,2.4650924e-05,-4.8416872e-06,1.5980752e-05,0.00040229419,-0.00018723306,-2.209938e-05,-2.2978319e-06,-5.7010038e-05,1.1982556e-05,-2.1967962e-05,-5.6383626e-05,-1.2672594e-06,1.1735006e-05,-2.4988981e-06,-8.562216e-05,2.61815e-05,3.2372393e-05,-4.8782296e-06,8.1405524e-07,3.1629734e-05,9.5759939e-05,-3.2830132e-06,4.2968119e-05,1.4977078e-05,0.00010356483,5.7608927e-05,8.75052e-05,3.3864905e-05,-8.4255747e-05,3.2873211e-05,-2.2150098e-05,-1.5880088e-05,9.0961538e-06,5.467859e-05,-5.1198297e-05,4.1023783e-05,-2.709358e-05,6.7606878e-06,2.3807647e-05,-4.186017e-05,-6.0587893e-06,-3.1776456e-06
-0.0094817529,0.017229526,0.015250221,0.0027863998,-0.0022500635,-0.0081440206,-0.00077917245,-0.00028469947,-0.00067077251,0.0011930859,0.00046469707,-0.0021762148,-0.00057709345,-0.0035227098,0.00014646589,0.0070770193,-0.0046828007,0.011440024,-0.10628146,0.0037217794,-5.9244546e-05,-0.0019800102,-0.0040280341,-0.00069220898,0.0012008113,-0.00037702293,0.00014485649,-0.001765854,0.0030858044,-0.0086635901,-0.00014938276,-0.0023057015,8.0359754e-06,0.0007404766,-0.0006401706,-0.00057151335,0.0038489082,-0.0020925949,-0.002038094,0.0011380606,-0.0015951762,-0.001625598,-0.00013411188,-0.00044766543,-0.0022665248,6.4935603e-05,0.0014301035,0.0016250484,-0.00036924357,-0.00092636187,-9.528589e-06,-5.1119185e-05,0.00053079415,-0.0032630255,0.0069787488,0.00039467413,0.0013832368,0.00017807991,3.161042e-05,0.00012647438,0.0012816374,-0.0012505171,0.0021341987,0.00075363853,9.0474356e-05,0.0018167684,-0.00016762568,-7.9378964e-05,0.00021566671,0.095458022,0.013989133,0.013191671,-0.0066123202,0.0036770135,0.0035004802,0.0061813892,-0.0012488913,-6.6421124e-05,0.025774268,-0.011329922,0.012003055,0.0058957588,-0.00040881318,-0.0041019783,-0.0029075366,0.00063918027,-0.016404085,-0.0076762868,-0.018952492,-0.0036208438,-0.023107286,-0.013926941,0.009843273,-0.0027541613,0.00040229419,0.43587859,-0.20450566,-0.020424958,-0.026695562,-0.043102009,0.019470091,-0.030136094,-0.061888814,0.0023447963,0.016701126,-1.711098e-05,-0.082397234,0.015422207,0.024417961,-0.010079359,-0.0070176452,0.018278434,0.022145374,0.0008718596,0.058448635,-0.014616273,0.084274895,0.033317465,0.086707873,0.054428468,-0.073480414,0.034396266,-0.004093975,0.0031233866,-0.0042422935,0.032410152,-0.027412041,0.022404656,-0.024296816,0.0081038404,0.021951071,-0.023172997,-0.010559468,0.0025824278
0.0033979605,-0.010561166,-0.0078476832,-0.0015559243,0.0010400756,0.0029110644,-0.00038839964,-4.8281677e-05,4.5546546e-05,-0.00062492095,-0.00089085099,0.00079097227,0.00049791318,0.0015151521,0.0021729339,-0.0035933601,0.002477636,-0.0060401531,0.040788395,0.0021598336,0.0001485285,0.0010074987,0.0021363515,-0.00025656826,-0.00049302498,0.00019812471,-0.00011836849,0.0013863488,-0.0019135217,0.0051647752,-0.00014592121,0.0013538033,3.9535952e-05,-9.1816713e-05,0.00026650241,0.00048189126,-0.0021828945,0.0012710091,0.0017046481,-0.00067279195,0.0013244873,0.00048403043,-0.00034296669,0.00022580185,-0.0018292894,-4.1272605e-05,-0.00075556543,-0.00085459302,0.00032534573,2.0858531e-05,3.2392145e-05,1.9219517e-05,-0.00043453047,0.0020209598,-0.0043702739,-0.00027688939,-0.00079977951,-7.1985634e-05,4.581062e-05,0.00015545809,-0.00059169629,0.00084471301,-0.001334997,-0.00046150909,9.3209275e-05,-0.0010112201,0.0002234797,8.5865035e-05,-0.00010095131,-0.05465404,-0.0067223874,-0.0075911061,0.0037936094,-0.00236434,-0.0022337813,-0.0037823814,0.00073022518,-2.6867862e-06,-0.014069104,0.0065733977,-0.0071961203,-0.0029161127,0.00011763182,0.002282127,0.0015661506,-0.00066340866,0.009553028,0.0044561385,0.011050987,0.0025161617,0.013407102,0.0081447049,-0.0056911036,0.0016115105,-0.00018723306,-0.20450566,0.13293512,0.055536207,0.012527168,0.033684754,-0.007541833,0.023372755,0.033143932,-0.010106662,-0.007977124,-0.00028899614,0.045116675,-0.014459854,-0.011445059,0.010740511,0.0059381264,-0.0089601018,-0.015532143,-0.021045552,-0.026895613,0.014044707,-0.045755016,-0.021138625,-0.050613989,-0.030519833,0.037075873,-0.022500554,0.0025345107,0.0016912828,-3.3181927e-05,-0.015520935,0.014273524,-0.012086964,0.012275068,-0.0084445191,-0.02788343,0.012290353,0.0059809067,0.0025280723
-0.0021530259,-0.00044715014,-0.0022084407,6.4030709e-06,-0.00034699168,-0.00029290723,-0.00077968932,-0.00030725583,-0.00027754403,0.00022371869,-0.0014431444,0.00027772661,0.0004105382,0.0011097183,0.0047467119,6.5108255e-05,-0.00015606356,-0.0010166501,-0.014508845,0.0054544776,4.2182038e-07,-0.00010547051,0.00019567846,-0.00057224898,0.0004684563,-5.3561993e-05,-8.2027565e-05,0.0010838423,2.2105855e-05,-0.0003137336,0.00012986941,0.00041078022,-0.00016868097,-0.00058391271,-0.00046673348,0.00013192522,0.0003441937,0.00011516477,0.0012900136,-0.00025488464,0.0001509845,7.8436428e-05,-0.00038444137,-2.5374248e-05,-0.0037506739,-5.3965871e-05,8.6626037e-05,7.4551137e-05,0.00042999524,-0.00041328124,1.2900954e-06,2.3897178e-05,-6.9431181e-05,0.00043576975,-0.00082575251,-8.8781228e-05,-0.00024406393,6.2444545e-05,0.00073317874,-3.4634479e-05,-2.7682355e-05,0.00011565089,-0.00014814549,-0.00018904578,-0.00011543639,4.0494917e-05,-6.7575101e-05,9.5980186e-05,2.2488267e-05,-0.0104992,-0.00013551813,-0.001426706,0.00057580634,-0.00092037999,-0.00081891576,-0.0013555742,0.00029894192,-7.57684e-06,-0.0019269123,0.0014810938,-0.0018144465,-0.00066125111,-8.0277364e-05,0.00052030265,0.00060440868,-0.00031131653,0.0019826209,0.00041749619,0.0026284333,0.001050508,0.0030362787,0.0017366547,-0.0014886908,0.0002114015,-2.209938e-05,-0.020424958,0.055536207,0.093227169,-0.00015654401,0.024512617,0.0046884424,0.018154064,0.010012213,-0.019866206,-0.00076035896,-0.00071007749,0.0096658164,-0.012421052,-0.0025779598,0.012168907,0.0054030319,-0.00087285273,-0.011566754,-0.042495865,0.0034480224,0.01933557,-0.011215918,-0.010404733,-0.017661436,-0.0081783562,0.0057903989,-0.013366619,0.0014288217,0.0041722338,-0.0025910367,-9.3167814e-05,0.00055481443,-0.00053715266,0.0021554786,-0.0094373026,-0.036922709,0.00058764154,0.0016933382,0.0080846918
0.00054943188,-0.0018417061,-0.0012631624,-0.0003332865,0.00045371984,0.00090909161,0.00026785487,2.6396143e-05,0.00010852298,-0.00029141714,0.0001411668,-0.00034335013,0.00069151531,-0.00027621887,0.0006398374,-0.00063008662,0.00047602924,-0.00076962727,0.0072726047,-0.0019405532,5.3044256e-05,0.00043019988,0.00037523171,0.00016155672,8.0189417e-05,-2.1282797e-06,1.3598791e-05,-0.0001708757,-0.00056347142,0.00089942094,4.4184767e-06,0.00022102003,-1.4681313e-05,-0.00015034788,0.00012687343,-0.00018665192,-0.0005325567,0.00013130194,-0.00034375374,-4.5000471e-05,0.00019959434,0.00019054589,2.343853e-05,5.690063e-05,0.0011315708,-9.534845e-05,-0.00017989057,-7.1318017e-05,2.1806941e-05,0.00016686374,2.2529325e-05,-4.8667192e-06,-1.5386425e-06,0.00032650849,-0.00057651765,2.3259785e-05,-0.00014132615,8.172693e-06,3.0761931e-05,3.9177325e-05,-6.861342e-05,0.00013595411,-0.00022942938,-5.1733741e-05,-7.9594972e-05,-0.0002218861,-3.0976041e-05,-8.1528182e-06,-2.1337836e-05,-0.0063421795,-0.004065753,-0.00085500499,0.00046405217,-0.00017088824,-0.00015297649,-0.00024302961,0.00011573569,6.7352425e-06,-0.0019146454,0.00062111945,-0.00061836066,-0.00036800725,2.424532e-05,0.00025204518,0.00011477715,0.00013448871,0.0010104437,0.00025316844,0.0011331457,8.6538237e-05,0.0013954609,0.00091008046,-0.000665088,0.00020881344,-2.2978319e-06,-0.026695562,0.012527168,-0.00015654401,0.0084293975,0.0023089074,-0.0015589347,0.001320752,0.0033349168,-0.00022122542,-0.001112902,-4.2237105e-07,0.0055811627,-0.00071242838,-0.002101578,0.00048549987,0.00033195963,-0.0010826487,-0.0010406263,0.00027940298,-0.0035878437,0.0010195887,-0.0047716233,-0.001558823,-0.0050002234,-0.0034018587,0.0044983932,-0.0020697842,0.00019353505,-0.0013862185,0.0033956654,-0.0022894331,0.0021114248,-0.0017780583,0.0016235725,-0.00037163217,-0.0010248361,0.0017372335,0.00065522717,-0.00033150938
5.8006843e-06,-0.0023799632,-0.0023474595,-0.00021083658,0.00015524323,0.00064110181,-0.00038149762,-4.349839e-05,2.1302744e-05,-0.00010172928,-0.00038397042,0.00015652364,4.5187496e-05,0.00062922028,0.0011118505,-0.00071609582,0.00062771297,-0.00093268162,0.004645845,0.0012074627,0.0005853191,0.00010067175,0.00052343184,-0.00019044779,-0.00012389068,4.2157393e-05,-3.8268903e-05,0.00054275587,-0.00030923324,0.0012963092,-7.4844607e-05,0.00035233025,-0.00016779928,-0.00019891745,-1.3588975e-05,1.1778674e-05,-0.00051038678,0.00031559175,0.00051557217,-0.00014499587,0.00041892374,-4.8196386e-05,-4.9950753e-05,6.6291727e-05,-0.00089267575,-0.00036822939,-7.4367642e-05,-0.00023438435,0.00021551931,4.351755e-06,-3.5407545e-06,7.0676208e-06,-9.4479382e-05,0.00049550327,-0.000881382,-5.7745077e-05,-0.00016889993,2.0251188e-05,0.00014297638,-3.0154219e-05,-0.00012804884,0.00019511061,-0.00036052443,-0.00012001627,-0.00014169463,-0.00032858567,9.6818558e-05,3.3591738e-07,-2.3448892e-05,-0.011982829,-0.0012841177,-0.0029180673,0.0010002414,-0.00069912737,-0.00045316103,-0.00086705952,0.00016276111,-1.3366046e-05,-0.0031420742,0.0014453946,-0.0015988958,-0.00048115035,4.0178148e-05,0.00067020651,0.00044178663,-0.00027752221,0.0020777474,0.0011954834,0.0023386736,0.00066006744,0.0030064219,0.0016428412,-0.00098290002,0.00023331812,-5.7010038e-05,-0.043102009,0.033684754,0.024512617,0.0023089074,0.013614332,-0.0012596577,0.0077491878,0.0078110387,-0.0050781307,-0.0015961382,-0.0001411853,0.010539161,-0.0046412673,-0.0025709894,0.0031729568,0.0018808439,-0.0023207058,-0.0049112736,-0.0098673092,-0.0045815694,0.0050284096,-0.010132772,-0.0056269985,-0.012365614,-0.0066685625,0.0071871965,-0.0060879572,0.00075494713,0.00090405841,-0.00040450823,-0.0029862028,0.0028446258,-0.0023693233,0.0027185088,-0.0030312793,-0.010711159,0.0024569367,0.0014129433,0.0017228042
-0.00048972361,0.00017432899,0.0012712712,0.00011669615,-0.00011224332,-0.00066743202,-2.7125073e-05,-2.0384893e-05,-4.9770082e-05,0.00012774794,-9.8656787e-05,-7.4961851e-05,-4.4903636e-05,8.2941766e-06,0.00023891251,-0.00024321224,0.00021528823,0.00094783568,-0.0075237858,0.00078804639,-0.00028150984,0.0010275255,-0.00030209233,-5.7802636e-05,0.00022241814,7.5563545e-05,-1.8942348e-05,0.00012114534,0.00010118997,-0.00012085651,4.2804329e-05,-0.00010866061,8.961666e-05,5.9087646e-05,-9.4727613e-05,-4.561553e-05,0.00020570566,-0.00020364916,-0.00010084931,1.8821112e-05,5.6040971e-05,0.00018250783,-4.9648514e-05,7.5711073e-06,-0.00052684166,0.00013429992,-0.00060246492,0.00015042355,1.8233631e-05,-0.00015983525,-0.00010334599,1.8376974e-05,4.4997698e-05,-0.00010707326,5.8983808e-05,-5.9207037e-06,7.0067474e-05,-4.3875425e-05,-2.1016615e-05,1.9091105e-05,8.6232468e-05,1.0980112e-06,0.00012190958,8.9275856e-06,-6.1829485e-05,-4.6332801e-05,-0.00014970072,1.435606e-05,-1.2453247e-06,0.004134916,0.00069980852,0.00071081859,-0.002259296,0.00014345473,0.00020488327,7.0471933e-05,-0.00015571045,8.9176532e-06,0.0010976161,-0.00055400765,8.750002e-05,9.750087e-05,4.8717439e-05,-4.2684515e-05,-4.5174242e-05,8.1332083e-05,-0.00051334827,-0.00025628306,-0.00057713458,1.7168302e-06,-0.001079566,-0.00058037127,3.9970722e-05,-0.00012686479,1.1982556e-05,0.019470091,-0.007541833,0.0046884424,-0.0015589347,-0.0012596577,0.0066919307,-0.00067413949,-0.0026022167,-0.00097797493,0.0010440913,-7.4561798e-05,-0.0034172777,0.00047413379,0.0022499801,0.00037890884,-0.00012626683,0.00058076479,0.00017289509,-0.0026321092,0.0025920842,0.00041819828,0.0028811466,0.00092996107,0.0039086108,0.002277571,-0.0019684875,0.00084021469,-8.9418825e-05,0.00060647378,-0.00042808142,0.0013802292,-0.0011687677,0.00098488175,-0.00099395824,-0.00018619144,-0.0013051184,-0.0010199282,-0.0004772617,0.00068010218
0.00086632195,-0.0009531172,-0.00097356367,-0.00022646609,9.7680395e-05,0.00049704447,-5.7934883e-05,1.1780094e-05,2.5859526e-05,-6.3093783e-05,-0.00034367659,0.00020435926,0.00014669986,0.00036739903,0.00076557217,-0.001579952,0.00092613089,0.0011863429,-0.0022637239,0.0010641093,9.6561785e-05,-9.4957521e-07,0.0016019115,-0.0001122092,0.00012863953,2.3438132e-05,-1.8051321e-05,0.00066593744,-0.00052048721,0.00059949792,-0.00010730225,0.00025481619,-9.5478974e-05,-0.00026677814,3.0820623e-05,0.0001643645,-0.00014655224,0.00044663929,0.00044110721,-0.00050725779,7.4087677e-05,0.00066124967,-2.1497781e-05,1.3289123e-05,-0.00078149213,-8.3359122e-05,-5.366952e-05,-0.0008461902,8.0768721e-05,-9.1941561e-05,4.0771113e-05,-2.8136109e-06,-0.00027718747,0.00046512701,-0.00030773988,-2.4428614e-05,-0.00018226542,2.8913131e-05,0.00018905463,-7.4941456e-05,-0.00013500915,0.00014882044,-0.00029970266,-7.2800782e-05,0.00020441892,-0.00013452886,-0.00038153683,1.7335619e-06,-8.0930171e-06,-0.0081203722,-0.00072897082,-0.0012657269,0.00054030641,-0.002559065,-0.00051750968,-0.00074244103,3.9174193e-05,-1.1566954e-05,-0.0021584031,0.0012806712,-0.00090517239,-0.00015264047,-2.7250349e-05,0.00041318441,0.00048185828,-0.00028160013,0.00143899,0.00056973901,0.0016547657,0.00039672036,0.0022162163,0.0012653565,-0.0019015496,0.00020099359,-2.1967962e-05,-0.030136094,0.023372755,0.018154064,0.001320752,0.0077491878,-0.00067413949,0.011085212,0.006121395,-0.0033254947,-0.00094562856,-9.4451952e-05,0.0073131143,-0.0041230461,-0.0019426646,0.001900639,0.0016112089,-0.0014457189,-0.0037064729,-0.0073277954,-0.0029609651,0.0043402778,-0.0069583682,-0.0038343937,-0.0090314654,-0.0050776006,0.0082024134,-0.0045528451,0.00048757692,0.00081689194,-0.00049079988,-0.0023435961,0.0020134063,-0.0017180621,0.0018962258,-0.0022343658,-0.0079995508,0.0019630752,0.00099051122,0.0013197293
0.0017323934,-0.0019287707,-0.0021241468,-0.00038508532,0.00020705296,0.0011045097,0.0001377921,-2.7986991e-05,4.1531716e-05,-0.00014587338,-0.00018199966,0.00049053041,0.00018133727,0.0005415207,0.00012546765,-0.0010554864,0.00047935416,-0.0014998995,0.012555253,0.00041985339,-4.2402402e-05,0.00018436453,0.00056033694,0.0010723735,0.00026884291,-3.2433407e-05,-4.2398015e-05,0.00016862373,-0.00043651155,0.00060386749,2.2457091e-05,0.00032746878,6.2862243e-05,-0.00033791457,0.00028631656,0.00034038925,-0.00056364592,0.00043178863,0.0004982795,-2.9752825e-05,0.00027773654,0.00023403591,9.6602988e-05,4.1856184e-05,-0.00035183244,-3.1849295e-05,-0.00016110435,-0.00023026927,-0.0006395782,-0.00019989859,7.8651621e-05,1.8476727e-05,0.00011525142,0.00049329178,-0.00048581427,-0.00018437186,-0.00016451924,-4.8645593e-05,0.00023301818,-0.00010350159,-0.00028217877,0.00029732412,-0.0003728746,-0.00027627505,-0.0001877133,-0.00027943077,-7.5044962e-05,-2.6002382e-05,-2.1789433e-05,-0.014104186,-0.0018062668,-0.0018881616,0.001044193,-0.00071474723,-0.0025738276,-0.0019307023,0.00035794299,1.8769069e-05,-0.0037478696,0.0018736266,-0.0015571343,-0.00093721557,2.8543408e-05,0.00053088587,0.00082868739,-9.3929757e-05,0.0025500925,0.0013173661,0.0027986727,0.00071202637,0.0033941685,0.0019561358,-0.0017201623,0.00028627845,-5.6383626e-05,-0.061888814,0.033143932,0.010012213,0.0033349168,0.0078110387,-0.0026022167,0.006121395,0.014910621,0.00073857944,-0.0028246762,-7.3808801e-05,0.01230016,-0.0036265531,-0.0040403242,0.0025183034,0.0014612881,-0.0023747563,-0.0048067704,-0.003441207,-0.0079838255,0.0028688359,-0.012648846,-0.0055911768,-0.013317257,-0.0079821148,0.011644393,-0.0055692543,0.00068863709,0.00030445931,0.00013626259,-0.0045548059,0.0037688197,-0.003129316,0.0035243661,-0.0018578094,-0.0056167367,0.0031892591,0.001617601,0.00027178122
0.00018370326,-0.00014859087,0.00086097856,8.7695106e-05,1.5437782e-05,-0.00015971825,5.4147228e-05,4.6030507e-05,0.00011448053,-6.0732681e-05,0.00029331173,-3.185569e-05,-0.00021448039,-0.00012185318,-0.0012093966,-0.00027067527,0.00011754938,0.00044017363,0.0024907536,-0.00046873789,-6.8251636e-05,0.0001379127,0.00010173802,0.00057439199,0.0014000092,-5.9135866e-05,1.5196544e-05,-0.00016036497,-0.00014710356,-0.0003432589,5.3871741e-05,-0.00011694685,8.4726996e-05,-0.00010637905,0.0002426679,0.0002340961,-0.00015481728,0.00032682121,-0.00042666883,-0.00010913446,0.00015062792,-1.7050826e-05,1.1575762e-05,-1.4927341e-06,0.00030429126,-1.4321489e-05,-0.00015273375,-0.00011651476,-0.0004097385,-0.00092908469,8.0575821e-05,-1.0590867e-05,-9.2924783e-06,0.00010018015,0.00069610704,-3.4344017e-05,8.549929e-05,-3.0553825e-05,8.2987501e-05,-0.00019820048,-0.00023493615,0.00013557515,-0.00029547146,-3.0011762e-06,1.8869366e-05,-0.00011377519,9.936071e-05,-1.2204824e-05,1.8417301e-06,0.0012717625,7.6516861e-05,0.0002598145,-0.00016628239,7.4702085e-05,-0.00082061518,-0.0027214104,0.00011944414,1.0783897e-06,0.00018347208,1.7896382e-05,0.0017059033,-5.3975328e-05,-7.7383545e-06,-0.00014115618,0.00036100116,-4.1120883e-05,-0.0002722306,1.2622959e-05,-0.00074969275,0.00017869492,-0.00037109155,-0.00021140809,0.00024851409,-1.7672401e-05,-1.2672594e-06,0.0023447963,-0.010106662,-0.019866206,-0.00022122542,-0.0050781307,-0.00097797493,-0.0033254947,0.00073857944,0.011961005,-0.00038727757,0.00014254095,-0.0017029926,0.0019959698,-0.0026198873,-0.0021200599,-0.0010431594,0.00024442549,0.00098474756,0.0093385338,-0.0010523978,-0.0043786351,0.0025487301,0.0010879493,0.003333805,0.0013459759,-0.00031015537,0.0026688261,-0.00023938577,-0.00029341966,0.00029848086,6.0730301e-05,-0.00011141462,4.7919813e-05,-0.00027888341,0.0019554122,0.0078614115,6.3251464e-05,-0.00018237001,-0.0018608451
-0.0001343014,0.00064714652,0.001023369,9.65572e-05,-5.0756179e-05,-0.00039264253,3.4271758e-05,-1.1976083e-05,-1.5110993e-05,5.1286483e-05,0.00010416385,-2.7889673e-05,-4.8304743e-05,-0.00015670161,-3.6351177e-05,-0.00048818756,0.00017825177,0.0018114565,-0.0080185024,6.589516e-05,-2.9488398e-05,2.9246464e-05,-0.00017481489,-0.00012077893,-1.1788424e-05,0.00025957263,-2.379828e-05,0.00016677382,0.00024678102,-0.00042074978,-0.00019063759,-8.4714884e-05,1.9835802e-05,9.0086774e-05,-0.00010897107,-7.5671671e-05,0.00017606999,-0.00016546725,-4.4646538e-05,9.5030211e-05,0.00011027758,-6.490624e-05,1.7463576e-05,-1.3346913e-05,-3.519871e-05,-3.3994582e-08,-3.1437737e-05,0.00011258871,5.6245115e-05,4.7451346e-05,-0.00015998284,1.5086651e-05,-7.7574879e-05,-0.00025329291,0.00040090371,0.00014125276,5.0203915e-05,8.436892e-06,-5.3386433e-05,4.5423299e-05,0.00010562734,-7.888806e-05,0.00018666475,4.5644088e-05,-6.2350529e-05,-3.8298991e-05,1.7622945e-05,5.0946623e-06,8.276603e-06,0.0036454803,0.00058679133,0.00047308934,-0.0003958236,5.0755965e-05,0.00030289114,0.00041326868,-0.00058667282,7.7415831e-05,0.00071305523,-0.00059248562,0.0006873545,0.00040931386,-1.2129732e-05,-0.0001731896,-0.00016295079,-1.7977111e-05,-0.00061159309,-0.00041303045,-0.00055073836,-8.031716e-05,-0.00098963435,-0.00059843156,0.00027445934,-0.00010602186,1.1735006e-05,0.016701126,-0.007977124,-0.00076035896,-0.001112902,-0.0015961382,0.0010440913,-0.00094562856,-0.0028246762,-0.00038727757,0.0022676298,-0.00022950999,-0.0024103457,0.00074501191,0.00048019018,-0.0011467142,-0.00029493157,0.00077886391,0.0010193634,2.4189498e-05,0.0021856988,-0.00017857088,0.0029970322,0.0010903169,0.0034243122,0.0022597328,-0.00272199,0.0013077741,-0.00014497212,6.2329117e-05,-0.00021252007,0.0011585752,-0.0010317164,0.00086200617,-0.00092437883,0.00029848269,0.0008359755,-0.00091100165,-0.00040810129,0.00011943543
1.7390611e-05,2.4277101e-05,-1.1971442e-05,5.9325204e-06,-1.099255e-05,2.7158274e-05,5.939674e-06,1.8466041e-06,-2.0176936e-06,7.114991e-06,-7.7121136e-06,-1.5059804e-05,-1.1469695e-05,9.8361272e-06,-4.0864522e-05,3.9119777e-05,-1.5729316e-05,-7.0089916e-05,0.00036293444,3.4254823e-05,3.9413839e-06,-1.9410258e-05,1.3468048e-05,-8.1759271e-06,-1.0356272e-05,-2.7873903e-05,1.0380877e-05,-2.8679143e-05,-1.5088362e-06,1.1990021e-05,-8.1180729e-06,-5.6037291e-06,-6.7708479e-08,-5.2258342e-06,-1.9071661e-06,3.4500404e-08,-6.0591038e-06,4.9995545e-06,6.9134202e-07,8.7044464e-06,-1.8734327e-05,-1.665894e-06,-5.6406013e-06,9.254953e-07,-3.150202e-05,-1.5306846e-06,1.401394e-05,-1.6022712e-05,4.800821e-06,6.1603675e-07,1.6572628e-05,-7.0686473e-06,6.5632499e-06,2.9596926e-06,-6.951271e-06,1.605313e-05,3.5129144e-06,8.700945e-08,5.1342688e-06,7.9069811e-06,1.3098124e-07,-3.8188961e-06,-9.912965e-06,-5.5022349e-06,1.504331e-06,4.184799e-06,1.0060747e-05,1.5784798e-07,-7.3671907e-07,1.195382e-05,-4.7781158e-06,-1.4375781e-05,1.8261332e-05,-8.2417673e-06,1.503702e-05,9.0997967e-06,7.8148573e-05,-3.2578417e-05,4.6533345e-06,-2.6786222e-05,5.0194728e-06,6.3524697e-05,4.5079553e-06,2.2030098e-06,1.937235e-05,2.1249815e-05,9.8173752e-06,1.5202843e-05,-2.2727739e-05,-1.3329051e-05,-5.9632772e-06,-5.9276863e-06,2.8673288e-05,7.3421004e-06,-2.4988981e-06,-1.711098e-05,-0.00028899614,-0.00071007749,-4.2237105e-07,-0.0001411853,-7.4561798e-05,-9.4451952e-05,-7.3808801e-05,0.00014254095,-0.00022950999,9.6121788e-05,-4.1322137e-05,0.00017901245,3.5978528e-05,-0.00021212091,-4.0372471e-05,-1.5952062e-05,3.9910488e-06,0.00028231345,-9.4866264e-05,-0.00017100307,5.9754676e-05,5.0872661e-05,0.00010974233,4.1779782e-05,-6.0310806e-05,7.4800707e-05,-5.813256e-06,2.7122886e-05,7.6889609e-06,-2.5382512e-05,1.6364981e-05,-1.6382294e-05,-7.7704697e-06,7.1848515e-05,0.00028015857,2.0347854e-05,-6.5871225e-06,-6.9885741e-05
0.0016515658,-0.0045462438,-0.0032069386,-0.00057482238,0.00053636454,0.0015023421,-0.00013651841,6.3724861e-05,0.00010480771,-0.00023556801,-0.00021729027,0.00028301833,0.00037067139,0.00054074339,0.00041729249,-0.002536774,0.0014959566,-0.00032943908,0.0141915,-0.0011923201,0.00013593654,0.00056358495,0.0012241564,-0.00014930088,-0.00014751868,0.00029677899,-5.5684014e-05,0.0019407314,-0.00053931794,0.0020167884,-0.00046447351,0.00056594693,-0.00010569698,-0.00015443787,0.00011333125,5.5286526e-05,-0.00085824041,0.00073171716,0.00047708273,-0.00071379599,0.00076218335,0.00023027031,-1.3636383e-05,0.0001205679,0.0007437769,-3.5522269e-05,-0.00030469036,-0.0005748238,0.00032574956,7.2576571e-05,-8.4561975e-05,1.3366873e-05,-0.0010073497,0.00060598335,-0.0016726074,8.255012e-05,-0.00030937942,2.5571535e-05,-5.7470066e-06,0.00011084604,-0.00032848337,0.00023281978,-0.00073480401,-0.00024051473,0.00023328393,-0.0005420634,0.0001680488,4.4079761e-06,-3.6239316e-05,-0.02045511,-0.0028811458,-0.0029722209,0.0013387615,-0.00096790724,-0.00080628182,-0.0013298253,-7.0014681e-06,1.0478823e-05,-0.0082329998,0.0017036123,-0.0027451725,-0.00088327699,2.0097231e-05,0.00097308068,0.00052244826,-0.0004171356,0.0032974622,0.0013530111,0.003876885,0.00062827168,0.0049441938,0.0028523044,-0.0018678403,0.00054571658,-8.562216e-05,-0.082397234,0.045116675,0.0096658164,0.0055811627,0.010539161,-0.0034172777,0.0073131143,0.01230016,-0.0017029926,-0.0024103457,-4.1322137e-05,0.024154954,-0.0022625252,-0.0045506458,0.0019573132,0.0017268307,-0.0038336886,-0.0048829807,-0.0024763687,-0.010931403,0.004123526,-0.016539899,-0.0066681305,-0.018310313,-0.010689866,0.013846087,-0.0072236439,0.00087895791,-0.0009053273,0.00084700743,-0.0063951579,0.0057198863,-0.0048076186,0.0048479141,-0.0021821878,-0.0062369735,0.0050955273,0.0022435302,-0.0001025285
-0.00074146572,0.0016705894,0.0007508199,0.00042071476,-0.00013553647,-0.00028079552,2.730321e-05,4.9974908e-06,-2.0935558e-05,0.00011744583,6.9207614e-05,-5.2257693e-06,3.3187517e-05,-0.0001458755,-0.00072588487,0.00017815632,3.2400001e-05,0.0016564535,-0.003182358,-0.0010694294,-9.2971784e-06,-3.4848808e-05,-0.00057024528,6.5736653e-05,7.0206939e-06,0.00010549061,1.2541358e-05,-1.0691177e-05,0.0032590905,-0.00059810657,-6.509125e-07,-0.00021055168,-8.1183515e-05,0.0002876718,-0.00021265811,-0.00034086435,0.00023419464,-0.00029128902,-9.6091229e-05,0.00022698926,-0.00029909246,6.5520841e-05,4.0758623e-05,-4.738687e-05,0.00080422231,5.9135362e-05,-1.140832e-05,0.00026572363,-5.7522175e-05,0.00015011122,-0.00010486797,2.2216077e-06,-7.9785431e-05,-0.0022408946,0.00046681023,2.194215e-05,0.00011445831,4.4267222e-05,-0.0002654874,0.00027159615,0.00032218292,-0.00024996103,0.00015849539,-7.718517e-05,-5.9868783e-05,0.00017731771,-0.00012754288,3.2139255e-05,3.2894145e-05,0.0047740985,0.00042593851,0.00073857496,-0.00046458604,0.0005147723,0.00039204599,0.00057437782,-0.00023040982,-2.0700081e-05,0.000449473,-0.0054536234,0.00054469905,0.00026822573,-3.8207014e-05,-0.00012953058,-0.00055672025,0.00016102488,-0.00077171107,-0.0004437055,-0.0011247695,-0.00041732251,-0.0010174335,-0.00065180633,0.00054221321,-0.00015752409,2.61815e-05,0.015422207,-0.014459854,-0.012421052,-0.00071242838,-0.0046412673,0.00047413379,-0.0041230461,-0.0036265531,0.0019959698,0.00074501191,0.00017901245,-0.0022625252,0.013944434,0.0016074288,-0.0017817732,-0.00079741441,0.00043507649,0.0032837604,0.0046940753,0.0009152188,-0.002684847,0.0044132004,0.0026089404,0.0049055365,0.0023192286,-0.0031072588,0.0027189916,-0.00034057329,-0.00088109357,0.00034893588,0.0014955226,-0.0014292227,0.0011812096,-0.0010162058,0.0013867218,0.0053137451,-0.0011706686,-0.00040983622,-0.00092733197
-0.0016864225,-0.0022903515,0.0011575105,0.00015537254,9.5916191e-06,-0.0013711817,-0.00043315261,5.346846e-05,-9.8766025e-05,0.00019370958,0.00024763145,-9.7078792e-05,-0.00075152138,-0.00032214261,-0.00017593016,0.00087196257,-0.00036815887,-0.00076253315,-0.0023108901,0.00029617052,4.481596e-05,0.00037563554,-0.00037514062,-0.00053453876,-0.00056275477,-4.8789235e-05,-2.9979295e-05,-0.00010153015,-0.00048480303,0.042389895,-0.00026704832,7.9263368e-05,-3.7800886e-05,0.00057105523,-7.9875381e-05,6.6450413e-05,7.5596045e-05,-4.6508592e-05,-0.0001646578,-0.0001483728,8.449832e-05,-0.00068700067,-0.00030920842,-3.3041028e-05,-0.00019405521,8.5233642e-05,-0.00028603501,0.00035363317,0.00040686402,0.00035140776,8.2781705e-05,-2.4680442e-06,-6.6978222e-05,0.00015371744,-0.030633472,0.00010278994,-2.8101674e-05,0.00010040526,-0.0003018109,-0.00022410472,-0.00039365383,0.00017597876,-5.3086579e-05,9.8390775e-06,0.00014234136,-4.6516196e-05,0.0004597992,8.3472009e-05,-2.8058131e-06,0.0046660389,0.0010187658,0.00061520574,-0.00069395587,0.00027458441,0.00042041702,0.0017134616,0.00016618053,-1.2692614e-05,0.0013160223,-0.00068937967,-0.053397809,0.00032412137,-9.2030687e-05,5.0931244e-05,-0.00014849129,1.8096548e-05,-0.0012122472,5.3891065e-05,-0.00092007675,-0.00029502425,-0.0010481282,4.2632269e-05,0.0011011866,1.0021852e-05,3.2372393e-05,0.024417961,-0.011445059,-0.0025779598,-0.002101578,-0.0025709894,0.0022499801,-0.0019426646,-0.0040403242,-0.0026198873,0.00048019018,3.5978528e-05,-0.0045506458,0.0016074288,0.10932036,-0.00083944502,-0.00027306859,-4.6501857e-05,0.00049392497,0.00086764822,0.0043584453,-0.0027139099,0.0051861395,0.0028476353,0.0042905226,0.00044830285,-0.0057204648,0.0017647852,-0.00020486505,0.00013744224,-0.00070009131,0.0018613359,-0.00097098157,0.00077147303,-0.0013903188,0.00055070216,0.0011441906,-0.00079561946,-0.00067724164,0.00021837884
-0.00095561788,-0.00076078137,-0.0017863631,-6.411566e-05,3.0280125e-05,0.00023180457,-0.00022423266,-1.9044234e-05,-3.4807284e-05,-6.4719488e-05,-0.00014160889,0.00013298579,-6.2870579e-05,0.00012344952,0.00034655806,0.00079315207,-0.0003677387,-0.00084998832,0.0017358523,0.00079991974,-9.1841044e-06,0.00012485868,-5.6744518e-05,-1.960863e-05,9.5396042e-06,-0.00023896039,-1.8349933e-05,-0.0002663258,-6.5300067e-05,0.00080099267,0.0022409415,5.5693355e-05,-0.00018935014,-0.0001640712,0.00010044581,-2.9476004e-05,0.00033174898,0.00027286185,7.1332536e-05,-0.00030202639,-0.00018157435,1.0406768e-05,-0.00033708278,5.788369e-06,-0.00056036116,1.3554594e-05,-0.00014168553,6.1381197e-05,-1.2801825e-05,-6.2047942e-05,0.00017144759,1.1545179e-05,0.00022421049,0.00019981329,-0.00070132064,-0.0011727435,-8.9689806e-05,0.0001144495,5.3727255e-05,-1.6424524e-05,0.00010758602,-0.00014068903,-0.00021463666,-4.2453054e-05,0.00013698647,6.1547083e-05,1.9479695e-05,0.0001198748,1.1045498e-05,-0.0028766479,-0.00027950294,-0.00017611416,9.0987258e-05,0.00018280823,-0.00019146617,-0.00039873735,0.00023846525,6.4157191e-05,-0.00043162591,0.000335456,-0.00075447845,-0.0046713412,1.5451363e-05,0.00022571911,0.00010798626,-7.8277447e-05,0.00056268679,-0.00037846214,0.00062403793,0.00012061612,0.00085752786,0.00080478968,-0.00042739438,0.00020523672,-4.8782296e-06,-0.010079359,0.010740511,0.012168907,0.00048549987,0.0031729568,0.00037890884,0.001900639,0.0025183034,-0.0021200599,-0.0011467142,-0.00021212091,0.0019573132,-0.0017817732,-0.00083944502,0.016977659,0.00073852554,-0.00074724646,-0.0018447911,-0.0051297442,-0.00059075747,0.0043625164,-0.003184419,-0.0018222756,-0.0038137515,-0.0026833334,0.0023136063,-0.0029774727,0.00026762958,0.00059379026,-0.00017349104,-0.00019602983,0.00036458289,-0.0003691532,0.00068110735,-0.0013460914,-0.0050116936,0.00025607802,0.00041703912,0.00096606033
5.5510002e-05,-0.00045082324,-0.00052296683,-6.9873556e-05,9.9161732e-06,0.00011879127,-7.2134295e-05,-1.7276064e-05,-2.1948417e-05,4.129716e-05,-0.00011763964,4.2863521e-05,5.560485e-05,4.4132147e-05,0.00023569887,-0.00035826576,0.00025244944,0.00063759548,-0.0016813074,0.00030497535,-1.6956518e-05,-1.7809928e-05,0.00011909726,-3.4561501e-05,-1.2582804e-05,1.4995121e-05,-1.5922406e-05,0.00017484897,-0.00010771292,0.00024887776,-1.5561311e-05,0.00023518462,-3.8437817e-05,-6.8528215e-05,-8.2278237e-05,-9.7302813e-06,-7.2132963e-05,7.9497413e-05,6.12396e-05,-0.00011656513,1.6155439e-05,7.4039126e-05,-1.6301407e-05,2.4805997e-06,-0.00020552203,3.3023792e-05,1.7584681e-05,-7.35345e-05,6.6038927e-05,1.3386891e-05,-7.4212209e-06,7.6414563e-06,-3.7410697e-05,0.00010545758,-0.00038576856,-4.9317239e-05,-0.00013718354,1.9111604e-05,3.1858437e-05,2.8231147e-05,-4.8962916e-05,3.64242e-06,-0.00010022631,-2.8866535e-06,0.00010037075,-1.1783207e-05,-7.911034e-06,8.2467234e-06,3.5606712e-06,-0.0019824001,-0.00019282571,-0.00024179428,0.00018634968,-0.00015879818,-0.00013013988,-0.00021173752,3.8836641e-05,2.6145211e-06,-0.00051745306,0.00020116669,-0.00038937868,-9.9158121e-05,-0.00036623689,0.00012418856,3.4225747e-05,-6.1885591e-05,0.00034272611,7.3797596e-05,0.0003622882,9.8567834e-05,0.0005449073,0.00028279555,-0.00022226564,5.2241183e-05,8.1405524e-07,-0.0070176452,0.0059381264,0.0054030319,0.00033195963,0.0018808439,-0.00012626683,0.0016112089,0.0014612881,-0.0010431594,-0.00029493157,-4.0372471e-05,0.0017268307,-0.00079741441,-0.00027306859,0.00073852554,0.0014063273,-0.00038696207,-0.00078534804,-0.0022219077,-0.00057885513,0.0013843685,-0.0015866258,-0.0009975627,-0.0022347091,-0.0012023139,0.0012466363,-0.0012091246,0.00010669248,0.000212844,-0.00010562579,-0.0005263644,0.00048213661,-0.00039531644,0.00046531827,-0.00064661884,-0.002265308,0.0004654171,0.00022633923,0.00041161447
-0.00014557223,0.00090428663,0.0008114734,8.7513881e-05,-9.7065069e-05,-0.00030099088,4.1477504e-05,-2.2949099e-05,-2.4503349e-05,5.8298163e-05,1.6334379e-05,-8.4980187e-05,-2.0748417e-07,-0.00018309372,-1.8176918e-05,0.00017136051,-0.00030624441,0.00075763361,-0.005331974,0.00010661347,-0.00011634237,-7.3678201e-05,-0.00023276459,8.2909028e-05,0.00010540379,2.7273654e-06,6.84065e-06,-0.00018136705,8.9182625e-05,-0.00059580118,-0.00014884011,-0.00013852199,0.00017849819,6.3969844e-05,-4.5422396e-05,-6.5830316e-05,0.00012205194,-9.0170879e-05,-2.2181824e-05,0.00015795751,-0.00010010045,0.0001253953,1.1744192e-05,-3.3129634e-05,-6.0327421e-05,5.5743582e-05,3.2856275e-05,8.8121896e-05,-7.1914767e-05,-5.5240217e-05,-3.3649732e-06,1.6409355e-07,7.4352949e-05,-0.00012892134,0.00055291749,6.2803433e-05,8.8359246e-05,-4.944118e-05,7.2203854e-06,3.3391389e-05,0.00013312923,-3.3577496e-05,0.00014573498,3.2216937e-05,6.5056092e-06,9.6269678e-05,-0.00010534184,4.9642707e-06,1.3591574e-05,0.0041634586,0.00057607074,0.00074311281,-0.00019408372,0.000213936,6.5787034e-05,0.00020572811,-7.5025087e-05,3.1524311e-06,0.001232502,-0.00042111198,0.00084754905,0.00033328258,1.509539e-05,-0.00046891259,-0.00017224301,3.720375e-05,-0.00065866064,-0.00032103937,-0.0008317379,-0.00018869707,-0.0010492463,-0.00063318076,1.5859698e-05,-0.00012488866,3.1629734e-05,0.018278434,-0.0089601018,-0.00087285273,-0.0010826487,-0.0023207058,0.00058076479,-0.0014457189,-0.0023747563,0.00024442549,0.00077886391,-1.5952062e-05,-0.0038336886,0.00043507649,-4.6501857e-05,-0.00074724646,-0.00038696207,0.0016084252,0.0010963811,2.4730133e-05,0.0024050688,-0.00061834648,0.0036456072,0.00159126,0.0038887421,0.0023895675,-0.0019572675,0.0014315123,-0.0002189075,0.00010570006,-0.00013321157,0.001297723,-0.0011612604,0.00096903387,-0.0010172751,0.00035147948,0.00096133722,-0.0010106701,-0.00045409093,0.00011013228
-6.228329e-05,0.00097353729,0.0014852716,0.00018578227,2.6401916e-06,-0.00035192578,4.5123872e-05,1.1554796e-05,3.5820871e-05,1.8596654e-05,0.00013338897,-0.00014629872,-3.1422613e-05,-0.00044963911,-0.00031842992,0.00037582607,-0.00012880229,0.001154865,-0.004576119,-0.0010099671,-0.00011423023,-5.257205e-05,-0.00035083879,-0.00014177134,-0.00021620085,5.5423501e-05,8.9930626e-06,-0.00031940716,0.00048455523,-5.5681265e-05,-0.00019024185,-0.00019372867,8.524536e-05,0.0011176206,5.1968782e-05,-0.00024847517,0.00021986901,-0.00037705894,-0.00032613684,0.00013843131,-0.00023234875,-0.00041080657,9.6041873e-06,-5.4510381e-05,0.00077314555,0.00012321011,3.914001e-05,0.00014417471,8.8302678e-05,0.00026421815,-5.2513155e-05,4.1496843e-06,7.0507586e-05,-0.00047748928,0.00013053882,3.4135829e-05,9.6748461e-05,-2.6187887e-05,-0.00082229721,3.3246842e-06,0.00014237165,-0.00023956784,0.00026508904,0.00013267875,4.1043125e-07,0.00022679836,0.00016921035,5.0387265e-06,4.4850971e-05,0.0055676547,0.00066608031,0.00088098422,-0.00033231714,0.00046943804,0.00061303311,0.00090594847,-0.00013555775,2.1842416e-05,0.0013660095,-0.0011050811,0.00089583039,0.0003622221,-6.3476031e-05,-0.00032278607,-0.0021663305,0.0001062643,-0.00092705518,-0.00086151364,-0.0012068208,-0.00032765521,-0.0013560401,-0.00037227957,0.00096772871,-0.00010764858,9.5759939e-05,0.022145374,-0.015532143,-0.011566754,-0.0010406263,-0.0049112736,0.00017289509,-0.0037064729,-0.0048067704,0.00098474756,0.0010193634,3.9910488e-06,-0.0048829807,0.0032837604,0.00049392497,-0.0018447911,-0.00078534804,0.0010963811,0.0079222526,0.004652635,0.0019203575,-0.0015983674,0.0052364652,0.0026388339,0.0056428421,0.0021597179,-0.005092314,0.0029567399,-0.00059290345,-0.00082752468,0.00025743933,0.0014956292,-0.0013361625,0.0011007121,-0.0013680321,0.0014419343,0.0051749881,-0.0011841138,-0.00066931954,-0.0008201825
0.00085545712,-0.00039828343,0.0011358195,-2.2519962e-05,0.00010259942,5.4347246e-05,0.00014061993,5.122003e-05,0.00013495774,-5.328221e-05,0.00044887916,-7.5625803e-05,-0.00020218712,-0.00038418577,-0.0023358697,-0.000201515,0.00023820168,0.0016084382,0.00510613,-0.0022273866,4.0380243e-05,0.00015217245,-0.00010543035,0.00045992389,-0.00012848409,-6.5484656e-05,3.565651e-05,-0.00048731197,-0.00036173311,0.0006069047,8.6248769e-05,-0.0001498021,1.9531366e-05,0.0002935838,0.0013223699,0.00067610289,-0.00039946539,0.00010235138,-0.000553322,0.00020016042,2.1801107e-05,-0.000444463,9.7456413e-05,1.8876133e-05,0.0014538544,-3.0352849e-05,-0.00011025291,-2.3706364e-05,-0.00023847646,4.4073823e-06,4.2896883e-05,-5.9738336e-06,9.0166331e-05,0.00019600815,-0.000133741,-8.0147974e-05,0.00011342316,3.0308657e-05,-0.00035681532,-0.00076778276,-0.00054368492,2.0219411e-05,-0.00015106179,5.3307583e-05,-4.8846432e-05,-9.1870775e-05,0.00047736166,-4.1934046e-05,-1.8642294e-05,0.0030060536,-6.0243832e-05,0.0002995472,-8.5012509e-05,0.00030217493,0.00036128946,0.0004349667,-0.00015195469,2.1916448e-05,0.00017951013,-0.00044187635,0.00055664108,0.00015114191,1.6769144e-05,-0.00016805848,-0.00023584459,-0.002490141,-0.0018764077,3.0337553e-05,-0.0009931754,-0.00034722549,-0.0011127007,-0.00064845298,0.00073036243,0.00010402966,-3.2830132e-06,0.0008718596,-0.021045552,-0.042495865,0.00027940298,-0.0098673092,-0.0026321092,-0.0073277954,-0.003441207,0.0093385338,2.4189498e-05,0.00028231345,-0.0024763687,0.0046940753,0.00086764822,-0.0051297442,-0.0022219077,2.4730133e-05,0.004652635,0.027002612,0.00079537581,-0.0090609884,0.0038651953,0.003750709,0.0066214302,0.0029595308,-0.001631043,0.0051515193,-0.00054751719,-0.0016803367,0.0011122077,-0.00041390083,0.00019855851,-7.3050425e-05,-0.00055349502,0.0042025166,0.016632552,5.251554e-05,-0.00053212424,-0.0038331479
-0.0014632474,0.0030915604,0.00249822,0.00041137294,-0.00043338107,-0.0012090163,-0.00012058838,-8.6015614e-05,-0.00010463583,0.00024197987,-0.00014796911,-0.00033306914,-1.7827221e-07,-0.00034538694,0.00047783511,0.0010592579,-0.00059310152,0.0025822963,-0.018345959,0.00017726997,9.5276658e-06,-0.00030196243,-0.00060233312,8.7813268e-05,0.00048946944,-0.00013671077,2.0218836e-05,-0.00030959115,0.00018008598,-0.0012866487,3.1146691e-05,-0.00032827821,-0.00011695203,-0.00026667021,0.00054930905,0.0010458784,0.0003441164,-0.00027450028,-0.00035678982,0.00018102671,-0.00027277217,-0.00045095276,2.23611e-05,-8.1292392e-05,-4.2816283e-05,-4.3314199e-05,0.00024055685,0.00023624482,-0.00013410204,-0.00037442053,6.1516482e-05,-7.166521e-06,-1.9915023e-05,-0.00016260242,0.00068313693,5.8752014e-05,0.00017589685,0.00012564999,0.00024422103,-0.00053736309,-0.00060922832,-0.00010592548,0.00021373555,0.00018617702,-7.5956949e-05,0.00029919575,0.0001769711,-1.6642245e-05,3.3073777e-05,0.013850656,0.0019610287,0.0018972298,-0.00078208402,0.00054011247,0.00054726936,0.00081159687,-0.00014294459,6.286417e-06,0.0035357035,-0.0016200904,0.0012626286,0.00077353401,-6.3896713e-05,-0.00051609849,-0.00029302193,-0.0011547833,-0.0042949477,-0.0011926771,-0.002785754,-0.00054429115,-0.0033279377,-0.0021291076,0.0016465962,-0.00042609516,4.2968119e-05,0.058448635,-0.026895613,0.0034480224,-0.0035878437,-0.0045815694,0.0025920842,-0.0029609651,-0.0079838255,-0.0010523978,0.0021856988,-9.4866264e-05,-0.010931403,0.0009152188,0.0043584453,-0.00059075747,-0.00057885513,0.0024050688,0.0019203575,0.00079537581,0.01408952,-0.00049108925,0.011694721,0.0038738054,0.011356386,0.0077066302,-0.010619127,0.0040449267,-0.00044362341,0.00015862446,-0.00046090876,0.0048082325,-0.0041850231,0.0035152914,-0.0032750954,0.00049308104,0.00058087452,-0.0034828709,-0.0013762085,0.00095452712
-0.00052237504,0.00024859074,-0.00085062533,5.0911532e-05,2.4421238e-05,0.00026472704,-4.3169388e-05,-3.5942047e-05,-3.419956e-05,-2.9279682e-05,-0.00024350157,0.00019604038,0.0003098927,0.00033156226,0.00093791793,-0.001101736,0.00085459572,0.002769904,-0.0090848238,0.00029975058,-0.00011104593,-5.7110547e-05,0.00017645548,-6.5495066e-05,2.8733206e-05,-2.2010784e-06,-1.5401667e-05,0.00024067821,5.4925532e-05,1.2324762e-06,0.00043902624,6.8551846e-05,-0.00011016593,-0.00016605739,-0.00023925058,-0.00024922096,0.0014727126,0.00010182197,0.00049875906,-0.00010881946,0.00025511287,0.00019396347,-1.1873277e-05,-1.20385e-05,-0.00016823925,6.5004282e-06,4.4920904e-05,6.269698e-05,0.00020694848,0.00011444114,-1.4610037e-05,1.3258866e-06,-8.8407003e-05,-4.4465957e-05,-0.00027892413,-0.00021282069,-9.695688e-05,6.0296374e-05,6.5037171e-05,-3.5763093e-07,7.755274e-05,-0.00097980857,-8.855509e-05,-0.00012738792,3.1900407e-05,-7.8296867e-05,3.1226532e-06,-2.0358994e-06,1.6657844e-05,-0.0035142842,-0.0005081524,-0.00020295997,0.00028524776,-0.00026230313,4.300591e-06,-0.00035737349,-3.6611844e-05,1.4923473e-05,-0.0011413864,0.00043731134,-0.00023310231,-0.00084204187,-7.0866146e-05,0.00021196749,-0.00023386681,2.6788982e-05,0.00063262028,-0.0031593442,0.0007647736,9.6134444e-05,0.00088984581,0.00055357978,-0.00033485322,6.4289159e-05,1.4977078e-05,-0.014616273,0.014044707,0.01933557,0.0010195887,0.0050284096,0.00041819828,0.0043402778,0.0028688359,-0.0043786351,-0.00017857088,-0.00017100307,0.004123526,-0.002684847,-0.0027139099,0.0043625164,0.0013843685,-0.00061834648,-0.0015983674,-0.0090609884,-0.00049108925,0.013629536,-0.0038337358,-0.0023277276,-0.0050242742,-0.0023602452,0.0021816051,-0.0034494721,0.0003098669,0.00015349247,-7.1517598e-05,-0.00044178773,0.00029568008,-0.00023874163,0.0009646825,-0.0021246257,-0.0078728366,0.00017279959,0.0006500844,0.0016627225
-0.0011551772,0.0034122732,0.0028226187,0.00048650467,-0.000396621,-0.0011458999,-3.504554e-05,-1.6358246e-06,0.00011464518,0.00023915603,0.00023502711,-0.00042358436,-0.0001352578,-0.00075762096,-0.00016165924,0.00083378007,-0.00051196014,0.0027772382,-0.020633021,-0.00024866636,6.0434934e-06,-0.00052148143,-0.0005634409,0.00011776378,0.00051602752,-0.00015639823,4.1492489e-05,-0.00017658397,0.00049167497,-0.0015328625,0.00016801448,-0.00043005444,-3.2038778e-05,-0.00013124293,-5.5304566e-05,-5.8506216e-05,0.00082602199,0.00069292795,-0.00022434022,2.7370945e-05,-0.00027638339,-0.00013351987,7.1003465e-05,-7.9760348e-05,0.00030367947,-3.07517e-05,0.00032592994,0.00021522568,-0.00019475962,-0.00038332556,5.7339517e-05,-9.5496893e-06,-0.00010529295,-0.00062224251,0.0015441341,1.4408342e-05,0.00023479188,5.4653754e-05,0.00010842229,-0.00016163627,5.1070542e-05,-0.00030191111,-0.00032938024,-6.7828332e-05,0.00023619626,0.00031342887,-6.6438058e-05,-4.8920088e-05,3.7538878e-05,0.019911022,0.0025668007,0.0025879933,-0.0011956149,0.00076299293,0.00071944028,0.00097044548,-0.00011774155,-2.0482624e-05,0.0050563665,-0.0025363381,0.0026479158,0.0011919807,-0.00012917322,-0.00086090095,-0.00065477357,2.0772813e-05,-0.0035621669,-0.0016689956,-0.0061370973,-0.0014417018,-0.0045251171,-0.0029049713,0.0023088079,-0.00062461737,0.00010356483,0.084274895,-0.045755016,-0.011215918,-0.0047716233,-0.010132772,0.0028811466,-0.0069583682,-0.012648846,0.0025487301,0.0029970322,5.9754676e-05,-0.016539899,0.0044132004,0.0051861395,-0.003184419,-0.0015866258,0.0036456072,0.0052364652,0.0038651953,0.011694721,-0.0038337358,0.023162745,0.009021549,0.017048499,0.01116594,-0.015381593,0.0077099939,-0.00094134145,-0.00019875519,-0.00028898273,0.0057935077,-0.0051456412,0.0042873183,-0.0047436863,0.0022548673,0.0069613315,-0.0042896738,-0.002228353,-0.00013582082
-8.5381833e-05,0.00171957,0.0010406573,0.00020905046,-0.00012569029,-0.0003708078,7.709092e-05,7.5924415e-05,1.3251729e-05,-1.3746337e-05,0.00023802183,-0.00023935593,6.4530628e-06,-0.00056856515,0.00010911513,8.5273827e-05,-0.00023427792,0.0013502587,-0.0072504299,-0.0013469205,-4.2541908e-05,-0.00016673226,-0.00032507437,8.4590868e-05,-1.4767401e-05,-1.0790905e-05,2.3337628e-05,-0.00020190073,0.00038753152,-0.00072322201,-0.00019785738,-0.00024108906,6.168372e-05,2.8222233e-05,8.5209098e-05,-0.00011975044,0.00048450436,7.9549634e-05,0.00086838442,0.00013581357,-0.00034743066,3.6797587e-06,0.0001009777,-4.2404464e-05,0.0010053528,4.56472e-05,9.0963598e-05,0.00010690508,-0.00020442475,-5.1430131e-05,2.7012197e-05,-2.9521289e-06,-2.268629e-07,-0.00039859787,0.00089102977,2.6138379e-05,0.00012893726,-1.0883663e-05,-2.6418682e-06,-7.2802642e-05,0.00013215997,-0.0001741298,3.4034953e-05,-0.00055335296,-3.9467365e-05,0.00026681258,-7.2407959e-05,-1.6174136e-05,1.7213548e-05,0.0081673005,0.00088239889,0.0011692542,-0.00045461804,0.00029734019,0.00044042296,0.00096730351,-6.1201077e-05,-5.4461224e-06,0.0018614447,-0.0011479124,0.0011136472,0.00041093154,-4.9698034e-05,-0.00038542933,-0.00028723126,0.00018293123,-0.0014031463,-0.00080379115,-0.0022928768,-0.0030038859,-0.0021119937,-0.0011796141,0.00095671868,-0.00023177917,5.7608927e-05,0.033317465,-0.021138625,-0.010404733,-0.001558823,-0.0056269985,0.00092996107,-0.0038343937,-0.0055911768,0.0010879493,0.0010903169,5.0872661e-05,-0.0066681305,0.0026089404,0.0028476353,-0.0018222756,-0.0009975627,0.00159126,0.0026388339,0.003750709,0.0038738054,-0.0023277276,0.009021549,0.010948491,0.0082669849,0.0047134831,-0.0060378828,0.0038318749,-0.000482232,-0.00099652063,0.0004551846,0.002179293,-0.0020070435,0.0016900399,-0.0019009521,0.0014510593,0.0049693325,-0.0017334716,-0.00096055994,-0.00048029471
-0.0014326364,0.0041784473,0.0035221072,0.00063243754,-0.00040158077,-0.0013746204,0.00017900696,-3.2902796e-05,-0.00015634432,0.00028903562,0.00022160134,-0.00048991495,0.00013239739,-0.00060204272,-0.00076770043,0.0013384235,-0.00088886775,0.0030926351,-0.020100681,-0.0001616654,-0.00017812577,-0.0004014205,-0.0013344452,0.00014707233,9.1545781e-05,-3.2097745e-06,3.6680796e-05,-0.0007325253,0.00097604374,-0.0022187437,-7.9144966e-05,-0.0006042404,0.00010907159,0.00017993295,-2.5184771e-05,-0.00014918432,0.00086722394,-0.00065155956,-0.0005118483,0.0019241214,-0.00012709947,-0.00033817511,1.1294017e-06,-0.00011220733,0.00019022565,3.8385362e-05,0.00024708635,0.00056500504,-0.00027527254,-7.390204e-05,-8.2030645e-05,-4.4986079e-06,0.00028113412,-0.00084540163,0.0020645932,0.00022171187,0.00040837056,3.8250824e-06,-6.5947748e-05,-0.00013433046,0.00021795512,-0.00029640204,0.00069618827,8.605767e-05,-0.0013716661,0.00015981506,6.1025331e-05,2.2385506e-05,3.3332018e-05,0.021386051,0.002667763,0.0029674587,-0.0015502507,0.0010640557,0.00075531206,0.0014892194,-0.00039081952,-2.0516548e-06,0.0055926985,-0.002332198,0.0029875365,0.0012744828,5.0706769e-06,-0.0009823753,-0.00061330867,9.1827025e-05,-0.0036795254,-0.0018032284,-0.003919147,-0.0010052202,-0.0089454729,-0.0038021252,0.002206557,-0.00049037064,8.75052e-05,0.086707873,-0.050613989,-0.017661436,-0.0050002234,-0.012365614,0.0039086108,-0.0090314654,-0.013317257,0.003333805,0.0034243122,0.00010974233,-0.018310313,0.0049055365,0.0042905226,-0.0038137515,-0.0022347091,0.0038887421,0.0056428421,0.0066214302,0.011356386,-0.0050242742,0.017048499,0.0082669849,0.029655665,0.013872384,-0.015014991,0.0082987647,-0.00099688007,-9.768753e-05,-0.000270951,0.0065193315,-0.0058900972,0.0049947681,-0.0050512281,0.0029547204,0.0097176274,-0.0051897581,-0.0023461057,-0.00053995629
-0.0015612491,0.0017525213,0.0025373371,0.0003522757,-0.00022863838,-0.0013289476,-0.00013078017,-3.6714919e-05,-1.5321793e-05,0.0002544991,9.4430591e-05,-0.00020010474,2.1110484e-05,-0.00030345149,-0.00025041561,0.0001602178,-0.00012776391,0.0023803643,-0.01437996,0.00011855715,9.8057207e-05,2.1905555e-06,-0.00069225776,-1.7642333e-05,0.000294862,5.8341629e-05,1.9981878e-05,-8.2357232e-05,0.00025491011,-0.00095850005,-0.00010662871,-0.00033011347,-4.4149558e-05,-6.3966057e-05,3.2377034e-05,-3.1332265e-06,0.00079379607,-0.00036102064,-0.00064996668,0.00044186592,0.000725248,-0.00043140823,-4.2622805e-05,-2.5603352e-05,-9.4627019e-05,-7.0467212e-05,-3.1136404e-05,0.00024451183,-5.7534233e-05,-0.00016365653,-0.00010236113,-1.1647658e-06,4.8058364e-05,-0.00035877975,0.00097686734,9.567478e-05,0.00023583695,2.7959409e-05,0.00010889918,-5.597386e-05,0.00013774715,-0.00025945992,0.00031168542,0.00023006738,-0.00024745472,-0.00038049222,9.0916957e-05,8.7043339e-05,7.5083492e-06,0.013409823,0.0017632778,0.0016687587,-0.00093304811,0.00057166197,0.00038177104,0.00090742478,-0.00024235723,-1.0141499e-05,0.0033732999,-0.0015219555,0.0024582241,0.0010367914,-6.0788901e-05,-0.00058360242,9.7108051e-05,1.583818e-05,-0.0024636013,-0.0010442668,-0.0026208235,-0.00055587096,-0.0038897562,-0.004256383,0.0014118203,-0.00033957287,3.3864905e-05,0.054428468,-0.030519833,-0.0081783562,-0.0034018587,-0.0066685625,0.002277571,-0.0050776006,-0.0079821148,0.0013459759,0.0022597328,4.1779782e-05,-0.010689866,0.0023192286,0.00044830285,-0.0026833334,-0.0012023139,0.0023895675,0.0021597179,0.0029595308,0.0077066302,-0.0023602452,0.01116594,0.0047134831,0.013872384,0.013712639,-0.0096779283,0.0049963992,-0.00053495597,0.00014075624,-0.00026462948,0.0045733704,-0.0038315111,0.0031813869,-0.003155135,0.0015614067,0.0049306697,-0.0033400212,-0.001426082,-0.0001166628
0.0020375067,-0.0027400809,-0.003136333,-0.00052764628,0.00042388369,0.0015066488,0.00016255989,-4.2951953e-06,0.00014589395,-0.00020934646,-0.00017296486,0.0004272005,0.00016746112,0.00051523574,-8.3254238e-05,-0.0024862495,0.0012489349,0.00029540063,0.01136011,-0.00014223283,-9.0489551e-05,0.00039263785,0.0012865872,0.00013554867,-0.00021919385,8.4869018e-05,-3.5213626e-05,0.00030434618,-0.00034673996,0.00088437138,-0.00017576544,0.00040200578,0.00021227954,-0.00043675079,-0.00013495856,-6.5554288e-05,-0.00061338448,0.0006220374,0.00062795053,-0.00034635606,0.00016160239,0.0019569595,7.4345955e-05,6.9984556e-05,-6.4247324e-05,6.8815263e-05,-0.00036149482,-0.00062037987,-4.3894181e-05,0.00019318526,1.157652e-05,2.4635727e-05,-2.337982e-06,0.00044428988,-0.00086582325,-0.00013418375,-0.00021953422,-8.9134563e-05,0.00017236679,0.00026014196,7.5738822e-05,0.00024728438,-0.00041247904,-0.00014144364,0.00023113203,-0.00024265363,-0.0011120134,-3.8763934e-06,-4.3278714e-05,-0.016933494,-0.002396562,-0.0020340769,0.00075278565,-0.0016735734,-0.00089007067,-0.001125598,0.00010973789,3.3720849e-05,-0.0042645504,0.0020947513,-0.0015640265,-0.0010770248,8.6294295e-05,0.00033679093,0.00093639655,-3.8059203e-05,0.0031594539,0.0015044356,0.0036192272,0.00085717652,0.004119183,0.0024867582,-0.0047525446,0.0005112321,-8.4255747e-05,-0.073480414,0.037075873,0.0057903989,0.0044983932,0.0071871965,-0.0019684875,0.0082024134,0.011644393,-0.00031015537,-0.00272199,-6.0310806e-05,0.013846087,-0.0031072588,-0.0057204648,0.0023136063,0.0012466363,-0.0019572675,-0.005092314,-0.001631043,-0.010619127,0.0021816051,-0.015381593,-0.0060378828,-0.015014991,-0.0096779283,0.021056972,-0.0063814364,0.00076652538,-3.0559204e-05,0.00055267068,-0.0057347636,0.0048375148,-0.0040232928,0.004163559,-0.0016333892,-0.0045967415,0.0041899101,0.0018729121,-0.00022688082
-8.720539e-05,0.0015961033,0.0013675867,0.00015280521,-0.00011993598,-0.00047370642,0.00011560999,2.5022249e-05,-8.4659936e-06,8.3225443e-05,0.00015359152,-0.00016778718,-3.1410538e-05,-0.00038587207,-0.00058061357,0.00024136662,-0.00034387017,0.0010440572,-0.0060049017,-0.00047210742,5.6442335e-05,-0.00017769258,-0.00031366727,0.00016025163,6.1365291e-06,2.0232063e-05,7.2792042e-06,-0.00015614572,0.0002027304,-0.00115622,-0.00022413866,-0.00022058863,3.3168849e-05,0.00012541512,-4.9753357e-05,-4.3245048e-05,0.0002974321,-7.7299558e-05,-0.00019339203,5.2131715e-05,-0.00016316493,-0.00010488756,0.00045198062,-2.8567331e-05,0.00034416322,-2.5989068e-05,0.00010441273,0.00011130692,-0.00015917373,9.3205249e-06,1.030536e-05,-3.3653186e-06,1.4562751e-05,-0.00023381346,0.0009390719,8.0457309e-05,0.00014153219,6.1133131e-06,-8.6320973e-05,-1.3294411e-05,8.1408434e-05,-0.00014046871,0.000166498,5.0405972e-05,7.7106861e-05,0.00024063307,-6.8186178e-06,-0.00015231224,1.1295424e-05,0.0085423711,0.0011011415,0.0010878479,-0.00056986423,0.00039077483,0.00026172868,0.00061607158,-0.00013153933,5.1164833e-06,0.0021258203,-0.0010433611,0.0012937684,0.00064245872,-1.9245618e-05,-0.00037235185,-0.00026655784,0.00023229384,-0.0014853877,-0.00065223784,-0.0018070761,-0.00039142285,-0.0019849133,-0.001214359,0.00096100837,-0.00091136703,3.2873211e-05,0.034396266,-0.022500554,-0.013366619,-0.0020697842,-0.0060879572,0.00084021469,-0.0045528451,-0.0055692543,0.0026688261,0.0013077741,7.4800707e-05,-0.0072236439,0.0027189916,0.0017647852,-0.0029774727,-0.0012091246,0.0014315123,0.0029567399,0.0051515193,0.0040449267,-0.0034494721,0.0077099939,0.0038318749,0.0082987647,0.0049963992,-0.0063814364,0.0060962961,-0.00047379021,-0.00031540409,-1.0969645e-05,0.0021943451,-0.0020388473,0.0016940308,-0.0020466763,0.001810595,0.0062836046,-0.0017414648,-0.0010273683,-0.00084195276
4.5322745e-05,-0.00028327502,-0.00020605356,-2.5768275e-05,2.0849249e-05,5.8843988e-05,-1.434865e-05,4.9069493e-07,-6.5794802e-06,-2.7807151e-06,-2.9387823e-05,2.4604395e-05,-1.1274727e-05,6.2615426e-05,4.0156517e-05,-9.201133e-05,4.7633261e-05,-8.4713966e-05,0.0006561857,9.4412142e-05,1.2314615e-05,3.9179415e-05,3.1080891e-05,-2.1326374e-05,-1.8558421e-05,5.0728076e-06,-1.8892079e-06,5.4496695e-05,-5.6483647e-05,6.4616548e-05,1.3540918e-05,3.0424427e-05,-1.4210576e-05,-4.1707743e-05,-1.0323181e-05,-3.1879803e-06,-4.7611359e-05,2.9206758e-05,3.101846e-05,-3.8177622e-05,4.5361349e-05,1.6057608e-05,-8.1153519e-06,1.7356401e-05,-7.3782234e-05,-8.2129903e-06,-2.7775489e-05,-8.8120362e-06,2.2831699e-05,1.2245026e-05,5.388982e-07,2.7482763e-07,4.3977579e-06,6.2073716e-05,-8.6128131e-05,-5.5322897e-06,-1.4716104e-05,6.9782685e-06,3.8087335e-05,1.165979e-06,-8.1360811e-06,3.2865442e-05,-2.9424543e-05,-1.1953265e-05,-1.324224e-05,-3.8147635e-05,3.8720758e-06,1.7793863e-06,-1.2706419e-05,-0.00098976599,-0.00011301866,-0.00015486865,6.0175838e-05,-3.6406153e-05,-3.9145216e-05,-7.6403385e-05,1.1214174e-05,-1.8117183e-06,-0.00026474336,0.00013244056,-0.00013315341,-6.2865564e-05,9.3270571e-06,5.9438892e-05,0.00010668334,-1.7858586e-05,0.00016176979,0.00010657012,0.00023035037,6.857366e-05,0.00024919227,0.00013267948,-0.00011923441,2.7762016e-05,-2.2150098e-05,-0.004093975,0.0025345107,0.0014288217,0.00019353505,0.00075494713,-8.9418825e-05,0.00048757692,0.00068863709,-0.00023938577,-0.00014497212,-5.813256e-06,0.00087895791,-0.00034057329,-0.00020486505,0.00026762958,0.00010669248,-0.0002189075,-0.00059290345,-0.00054751719,-0.00044362341,0.0003098669,-0.00094134145,-0.000482232,-0.00099688007,-0.00053495597,0.00076652538,-0.00047379021,0.00011123682,7.2788306e-05,-1.894496e-05,-0.00031063236,0.0002814143,-0.00023240701,0.00024636134,-0.00019621652,-0.0006922352,0.00023577161,0.00010924082,9.4651271e-05
-0.00026576752,-0.0010050661,-0.0011798711,8.9342954e-06,-0.00014304991,0.00016969062,-0.00016907316,-5.5572998e-05,-0.0001136909,0.00014893811,-0.0002247035,0.00023107384,-0.00048502962,0.00042662856,-0.00082790059,0.00019065281,-3.1864382e-05,8.0805755e-05,-0.0016748877,0.0068309469,-0.00014071017,-0.00015384083,1.1607146e-05,-0.00036952412,-0.00046147431,-2.5009802e-05,-6.2127573e-06,0.00039462124,-0.00011406339,-0.00038571519,3.363189e-05,9.5592354e-05,3.0459054e-05,0.00014450827,-0.00020994291,1.3118319e-05,5.7318897e-05,4.4421322e-05,0.0001922738,3.8515638e-05,0.00012359149,0.00019986378,-0.00013924474,-2.8050772e-06,-0.0054518425,-6.1851071e-06,1.0655894e-05,1.3654523e-05,0.00012833247,4.4580269e-05,-1.8239458e-05,6.8940614e-06,-4.7143349e-05,0.00012166144,7.4427991e-06,2.290865e-05,-5.2327688e-05,-2.790006e-06,-2.3888406e-05,6.8278332e-05,1.647926e-05,4.0021927e-05,-7.2064248e-05,2.5114514e-05,-3.8457413e-05,-4.9942864e-05,2.7156634e-05,1.3167873e-05,-8.7949904e-06,-0.00011863672,5.0731168e-05,-5.0615916e-05,-0.00016135466,-0.00010654475,-0.00015774235,-0.00021259013,2.3502274e-05,-3.0328775e-05,0.00040343038,0.00016227144,-7.2319584e-05,-4.4650584e-05,-4.4768896e-06,-6.0486312e-06,0.00021299582,-0.00017591872,0.00014843534,0.00019477173,0.00015498611,0.00030884157,-2.9341447e-05,-9.7685881e-06,-0.00011775939,-7.2056572e-08,-1.5880088e-05,0.0031233866,0.0016912828,0.0041722338,-0.0013862185,0.00090405841,0.00060647378,0.00081689194,0.00030445931,-0.00029341966,6.2329117e-05,2.7122886e-05,-0.0009053273,-0.00088109357,0.00013744224,0.00059379026,0.000212844,0.00010570006,-0.00082752468,-0.0016803367,0.00015862446,0.00015349247,-0.00019875519,-0.00099652063,-9.768753e-05,0.00014075624,-3.0559204e-05,-0.00031540409,7.2788306e-05,0.0056783178,-0.0017016138,-0.00037869579,0.00043535371,-0.00035431823,-0.00013555169,-0.00035419847,-0.0012757233,0.00045918613,-0.00013772479,0.00034088033
0.00015002475,-0.00010196373,-1.2523604e-05,-6.9991027e-05,0.00016496165,0.00021400388,0.00015445663,1.1723776e-05,7.8466819e-05,-0.00013575566,0.00012521305,-0.0002193124,0.00035348022,-0.00022625697,0.00037358361,-0.0001548504,3.6885505e-05,-7.1110758e-05,0.0017873428,-0.002215373,2.3144283e-05,0.00019548463,6.0711948e-05,0.00016476126,0.0001960653,-8.4566794e-07,1.122896e-05,-0.00014667526,-0.00017209432,0.00016791587,-2.4049465e-05,1.0665351e-05,-1.1064397e-05,-0.00012341337,0.00011623489,-6.3822438e-05,-0.00015706452,-4.1841211e-06,-0.00022827105,-2.4902884e-05,-2.1470471e-05,5.3696988e-05,6.8700062e-05,1.4570758e-05,0.0015785577,-3.9437808e-05,-5.9530581e-05,1.7850679e-06,-4.4837377e-05,2.6864661e-05,2.2119817e-05,-2.9803328e-06,1.774925e-05,6.651815e-05,-2.7629255e-05,2.0218496e-05,-1.8630369e-05,1.3180567e-05,4.4022494e-05,-8.092303e-06,-2.1468817e-05,2.9006371e-05,-1.8906692e-05,-2.1924485e-05,-2.7245029e-05,-2.8082946e-05,-3.2016975e-05,-8.4621626e-06,-1.8522938e-06,-0.00051783272,-0.001531306,-4.7339039e-05,6.6658874e-05,4.894481e-05,5.0681532e-05,5.3559446e-05,2.8571987e-05,6.2601759e-06,-0.0003445785,-1.0240358e-06,0.00015225548,-9.7242042e-05,4.5208963e-06,1.8221882e-05,-7.0724408e-05,0.00010539842,7.5299599e-06,-9.5749247e-05,2.4002921e-05,-0.00017668551,0.00010907782,6.850731e-05,-6.1772842e-05,2.251415e-05,9.0961538e-06,-0.0042422935,-3.3181927e-05,-0.0025910367,0.0033956654,-0.00040450823,-0.00042808142,-0.00049079988,0.00013626259,0.00029848086,-0.00021252007,7.6889609e-06,0.00084700743,0.00034893588,-0.00070009131,-0.00017349104,-0.00010562579,-0.00013321157,0.00025743933,0.0011122077,-0.00046090876,-7.1517598e-05,-0.00028898273,0.0004551846,-0.000270951,-0.00026462948,0.00055267068,-1.0969645e-05,-1.894496e-05,-0.0017016138,0.0020520914,-0.00025903492,0.00021564307,-0.00017721904,0.00025319521,0.00019473684,0.00073939403,0.00014894533,8.092322e-05,-0.00026196832
-0.0060631408,0.0047319912,0.0047491171,0.0010507186,-0.00062994326,-0.0034353915,-0.00072911954,-0.00024612027,4.0418542e-06,0.00019728691,-3.8754424e-05,0.00056240728,-0.00016760978,0.0003172789,-0.00035609702,0.0019288368,-0.0012992585,0.0010572435,-0.0077217292,-0.00030425664,2.2397565e-05,-0.00047352789,-0.00096112191,-0.00013387604,0.0011133933,-0.00032190037,6.6623988e-05,-0.00057774883,0.0010134762,-0.0010837747,-9.5910594e-05,-0.00040727186,-0.00028418837,-0.00020782886,0.00067007851,3.338542e-05,0.0015966235,-0.00091161394,-0.0010511998,-2.4913947e-05,-0.00056520874,-0.00064496434,-0.00012655494,-0.00014303637,0.0003497312,-2.495596e-05,0.00035892257,0.0004813015,0.00020163815,-0.00045082851,0.00018217493,-4.3613181e-05,0.00026536382,-0.00088564313,0.00096906916,8.8720486e-05,0.00023100356,0.00020637954,0.00016004059,-0.00034959277,1.2889417e-05,-0.00069361084,0.00059389525,0.00030761456,-4.6786191e-05,0.00040209071,0.00046463545,1.3247682e-05,7.5788276e-05,0.010269057,0.0015188081,0.0014144687,-0.00071012974,0.00044892946,0.00049446507,0.0005404655,-6.0306238e-05,-1.1459266e-05,0.0027764099,-0.0013808971,0.0011387445,0.00062455793,-2.7304148e-05,-0.0003701634,-0.0003260923,5.1470131e-05,-0.001780366,-0.0010425922,-0.001898413,-0.0003262833,-0.0025392677,-0.0017299711,0.0012023617,-0.00027175066,5.467859e-05,0.032410152,-0.015520935,-9.3167814e-05,-0.0022894331,-0.0029862028,0.0013802292,-0.0023435961,-0.0045548059,6.0730301e-05,0.0011585752,-2.5382512e-05,-0.0063951579,0.0014955226,0.0018613359,-0.00019602983,-0.0005263644,0.001297723,0.0014956292,-0.00041390083,0.0048082325,-0.00044178773,0.0057935077,0.002179293,0.0065193315,0.0045733704,-0.0057347636,0.0021943451,-0.00031063236,-0.00037869579,-0.00025903492,0.01099719,-0.0085048427,0.0067380491,-0.0026066612,0.00055909686,0.00099543704,-0.0070590784,0.00050521534,5.2126431e-05
0.0036323275,-0.0057174877,-0.0044184289,-0.00092682849,0.00061826526,0.0022833743,9.7255044e-05,0.0001984102,6.4894963e-07,-0.00018981265,2.9633263e-05,-0.00034299395,9.5644012e-05,-0.00021563989,0.00024604646,-0.0015329884,0.0011906095,-0.00099769012,0.0067993323,0.00037838565,5.7297471e-05,0.0006357134,0.00079236003,-0.00010448162,-0.00086035374,0.00022727531,-5.429686e-05,0.0006122718,-0.0011687569,0.0021194359,0.00017963919,0.00042700664,0.00017401825,0.00032207384,-0.00042951327,-0.00018664532,-0.0013684611,0.00072169215,0.00063787547,-0.00016136365,0.00065724071,0.00039845032,-5.5469653e-05,0.00014348082,-0.00043435404,2.1654283e-05,-0.00045348983,-0.00034843034,7.5749139e-05,0.00033893971,-0.00014843033,3.5853829e-05,-0.00021358286,0.00093060222,-0.0014707428,-0.00010876765,-0.00023077751,-0.00015881057,-0.00024957692,0.00027262453,3.8275209e-05,0.00060924399,-0.00059817251,-0.00017627682,5.9684687e-05,-0.0005195057,-0.00020325145,1.2837645e-05,-7.2838981e-05,-0.0092176405,-0.0013982892,-0.0012874767,0.00058837874,-0.0003603067,-0.00035440634,-0.00053043712,7.5468228e-05,6.8863596e-06,-0.0024834303,0.0012406207,-0.0013169868,-0.00056528577,6.3246459e-06,0.00033940569,0.00026868107,-5.1325581e-05,0.0016071976,0.0009796623,0.0017119705,0.00034243351,0.002258127,0.0014289997,-0.00097862659,0.00027580581,-5.1198297e-05,-0.027412041,0.014273524,0.00055481443,0.0021114248,0.0028446258,-0.0011687677,0.0020134063,0.0037688197,-0.00011141462,-0.0010317164,1.6364981e-05,0.0057198863,-0.0014292227,-0.00097098157,0.00036458289,0.00048213661,-0.0011612604,-0.0013361625,0.00019855851,-0.0041850231,0.00029568008,-0.0051456412,-0.0020070435,-0.0058900972,-0.0038315111,0.0048375148,-0.0020388473,0.0002814143,0.00043535371,0.00021564307,-0.0085048427,0.0072864162,-0.0059300286,0.0021880686,-0.00053744056,-0.0010066925,0.0060931441,-0.00036480643,-4.1711075e-05
-0.0028468576,0.004754933,0.0033408776,0.0007260042,-0.00053291468,-0.0016906377,-6.206127e-05,-0.00016271147,1.2194655e-05,0.00014912982,-1.9327508e-05,0.00026150917,-9.2884054e-05,0.00017182785,-0.00019345629,0.0012492588,-0.0011179167,0.00086099172,-0.0055705159,-0.00031943293,-3.1330104e-05,-0.00054372367,-0.00067143431,0.00010688275,0.00066839152,-0.00018367144,4.4070752e-05,-0.00047803937,0.00098907765,-0.0018097859,-9.6798902e-05,-0.0003530338,-0.00013887904,-0.00029069286,0.00034068548,0.00014913013,0.0010957462,-0.00059492725,-0.00046132352,0.00016691929,-0.00058214192,-0.00028360034,5.4603746e-05,-0.00011705253,0.00036275994,-4.7115271e-05,0.00039272422,0.0002767418,-7.7638292e-05,-0.00027989566,0.00014319467,-3.4817111e-05,0.00016415288,-0.00080251464,0.0012422139,5.7915479e-05,0.00020213836,0.00014497232,0.00025326537,-0.00021428469,-9.4730376e-06,-0.00049357385,0.00054134712,0.000139552,-7.7352994e-05,0.00043885742,0.00017277589,-1.8071079e-05,5.8282285e-05,0.0077713518,0.0011791287,0.0010762167,-0.00048909427,0.00031374953,0.00029981258,0.00047377874,-7.1384863e-05,-2.4348061e-06,0.0020998478,-0.0010416047,0.0010885247,0.00048371005,-4.5270111e-06,-0.00028780924,-0.00022290324,4.1526966e-05,-0.0013645194,-0.00082942244,-0.0014358364,-0.00030982619,-0.0019503011,-0.0011940843,0.00080093132,-0.00022937231,4.1023783e-05,0.022404656,-0.012086964,-0.00053715266,-0.0017780583,-0.0023693233,0.00098488175,-0.0017180621,-0.003129316,4.7919813e-05,0.00086200617,-1.6382294e-05,-0.0048076186,0.0011812096,0.00077147303,-0.0003691532,-0.00039531644,0.00096903387,0.0011007121,-7.3050425e-05,0.0035152914,-0.00023874163,0.0042873183,0.0016900399,0.0049947681,0.0031813869,-0.0040232928,0.0016940308,-0.00023240701,-0.00035431823,-0.00017721904,0.0067380491,-0.0059300286,0.0050508479,-0.0017860979,0.00045610813,0.00085667082,-0.0050897731,0.00028015661,5.2935106e-05
0.0010836808,-0.0014674546,-0.00085966405,-0.00028605985,0.00019292665,0.00055359567,9.2608729e-05,2.0947613e-05,4.0380944e-05,-0.00010163922,-3.9946512e-05,2.9606472e-05,3.8800897e-05,0.00010144508,9.5447322e-05,-0.00065032993,0.00044464255,-0.00072281213,0.005592359,-0.00017757371,2.7259882e-06,0.00022901303,0.00031012243,4.8387836e-05,-6.8004985e-05,5.8885156e-05,-1.5070674e-05,0.00017983248,-0.000309417,0.00061370412,1.5585837e-05,0.00014673277,3.0940758e-05,-9.4509375e-06,7.257742e-06,6.6873017e-05,-0.00036762617,0.00019767261,0.00017021603,-6.8277647e-05,0.00018844791,0.00011049909,-2.1845527e-06,4.0271987e-05,9.2530808e-05,3.1118375e-07,-0.00016745694,-0.00013278323,-1.1454349e-05,-1.3770861e-06,-1.7263157e-05,6.1277074e-06,-6.8459706e-05,0.00027336385,-0.00050840758,-3.7424416e-05,-9.9044197e-05,-2.8409345e-05,-1.3510692e-05,1.7722767e-05,-6.2822791e-05,0.00013655659,-0.00015623397,-5.8575995e-05,-1.2720451e-05,-0.00015507547,-2.7140912e-05,1.5499999e-05,-2.0579385e-05,-0.0064038383,-0.00093394065,-0.00089110408,0.00042702205,-0.00025312231,-0.00025733871,-0.00044267535,8.1843454e-05,3.0693676e-06,-0.0017280601,0.00073802811,-0.00079678096,-0.00038211238,2.4447204e-05,0.00026941627,0.00017296571,-4.1500786e-05,0.0010999091,0.00052672473,0.0012534416,0.00024993752,0.0015563025,0.00093578848,-0.00065426961,0.00018873091,-2.709358e-05,-0.024296816,0.012275068,0.0021554786,0.0016235725,0.0027185088,-0.00099395824,0.0018962258,0.0035243661,-0.00027888341,-0.00092437883,-7.7704697e-06,0.0048479141,-0.0010162058,-0.0013903188,0.00068110735,0.00046531827,-0.0010172751,-0.0013680321,-0.00055349502,-0.0032750954,0.0009646825,-0.0047436863,-0.0019009521,-0.0050512281,-0.003155135,0.004163559,-0.0020466763,0.00024636134,-0.00013555169,0.00025319521,-0.0026066612,0.0021880686,-0.0017860979,0.0016524045,-0.00061982352,-0.0014396169,0.0018377535,0.00054594877,-7.9615097e-05
3.5325299e-05,0.00043914269,0.0004024522,6.7021134e-05,-1.1750279e-05,-7.2301791e-05,7.8051713e-05,1.6843431e-05,-2.1544407e-05,6.699699e-06,0.00011727239,-4.1979713e-05,-1.3756519e-05,-0.00012371351,-0.00036286467,0.00016054414,-0.00011177587,0.00025872032,6.4308227e-05,-0.00046706865,-1.020442e-05,-5.1023496e-05,-0.00010279005,4.1053561e-05,-8.0950278e-05,-1.6536586e-06,1.1379962e-05,-0.00015653245,4.4078597e-05,-0.00015547335,-2.285041e-05,-8.1074688e-05,1.7157038e-05,5.7733349e-05,4.7679027e-05,-1.2033673e-05,4.2547637e-05,-7.2688416e-05,-0.00017035861,4.0629595e-05,-7.3504618e-05,-2.6404017e-05,4.2105284e-05,-7.9075401e-06,0.00032508054,2.8944943e-06,4.6624982e-05,3.1668414e-05,-4.3970509e-05,6.2705166e-05,-2.2890489e-06,-3.3765737e-06,2.536616e-05,-0.00010143201,0.00022527274,7.3075142e-06,4.7578441e-05,6.5057948e-07,-4.7719973e-05,9.6147124e-07,1.6295301e-05,-4.4636952e-05,7.6734958e-05,5.1987185e-05,1.8953774e-05,4.4378979e-05,1.239881e-05,-1.4955747e-05,2.1766734e-06,0.0027055616,0.00024648221,0.00037063714,-0.00016878246,0.0001451891,0.00013669512,0.0002283888,-3.9549526e-05,-3.2745729e-07,0.0006524475,-0.00028548962,0.00039894774,0.00017552246,6.3323057e-06,-0.00012598899,-0.00010333827,4.4892082e-05,-0.00046776624,-0.00016320894,-0.00056697564,-0.00012696327,-0.00067746442,-0.00038839715,0.00029931688,-7.7395519e-05,6.7606878e-06,0.0081038404,-0.0084445191,-0.0094373026,-0.00037163217,-0.0030312793,-0.00018619144,-0.0022343658,-0.0018578094,0.0019554122,0.00029848269,7.1848515e-05,-0.0021821878,0.0013867218,0.00055070216,-0.0013460914,-0.00064661884,0.00035147948,0.0014419343,0.0042025166,0.00049308104,-0.0021246257,0.0022548673,0.0014510593,0.0029547204,0.0015614067,-0.0016333892,0.001810595,-0.00019621652,-0.00035419847,0.00019473684,0.00055909686,-0.00053744056,0.00045610813,-0.00061982352,0.001182226,0.0036506859,-0.00047542227,-0.00032653927,-0.00074717837
0.0006755695,0.00043181488,0.0017447133,2.3773714e-05,5.8578438e-05,-0.00028598353,0.00025177082,0.00011407818,0.00012507457,-8.2746043e-05,0.00037736096,-0.00020490398,-0.00049485771,-0.00060804067,-0.0030422744,-6.7597297e-05,9.4362174e-05,0.00085298495,0.0020860174,-0.0017027892,6.4366035e-05,8.7029093e-05,-0.0002115205,0.00024159054,1.8999197e-05,3.0399642e-05,2.9409894e-05,-0.00039783429,0.00012435921,-0.00017563464,3.0904985e-05,-0.00022958788,9.0737528e-05,0.000276049,0.00010238526,-8.654206e-05,-3.5049428e-05,3.7405106e-06,-0.0004400908,0.00017182583,-1.8365865e-05,-0.00013183102,0.00013151056,6.5635822e-06,0.0011490497,2.3323554e-05,-9.8647683e-05,1.1321903e-05,-0.00020274963,3.4348467e-05,-1.4777786e-05,-8.5500199e-06,3.9792407e-05,-0.00030498444,0.00042773192,3.7049341e-05,0.00013335177,-3.6440737e-05,-0.00029033624,4.0791593e-05,7.0066305e-05,-0.00013169022,7.7684703e-05,4.8776057e-06,2.4460102e-05,3.8109525e-08,3.2601977e-05,-2.1146649e-05,-1.5051926e-06,0.0063941441,0.00049026791,0.00082683893,-0.00037704009,0.00043629834,0.00036112802,0.00067611538,-0.00016634841,3.709815e-07,0.0013092662,-0.0009745924,0.0010147892,0.00037459667,-2.1938432e-05,-0.00028456044,-0.00033153984,0.00014416886,-0.0011827827,-0.00038160942,-0.0014942748,-0.00052830994,-0.0017607065,-0.0010771694,0.00085061209,-0.0001468204,2.3807647e-05,0.021951071,-0.02788343,-0.036922709,-0.0010248361,-0.010711159,-0.0013051184,-0.0079995508,-0.0056167367,0.0078614115,0.0008359755,0.00028015857,-0.0062369735,0.0053137451,0.0011441906,-0.0050116936,-0.002265308,0.00096133722,0.0051749881,0.016632552,0.00058087452,-0.0078728366,0.0069613315,0.0049693325,0.0097176274,0.0049306697,-0.0045967415,0.0062836046,-0.0006922352,-0.0012757233,0.00073939403,0.00099543704,-0.0010066925,0.00085667082,-0.0014396169,0.0036506859,0.017462141,-0.00088692021,-0.00090836215,-0.0032051417
0.0032273706,-0.0045815992,-0.0035374273,-0.00071639899,0.00051657985,0.0018425907,0.0001357715,0.00018813737,3.3837605e-05,-0.00014978785,9.4440613e-06,-0.00028367244,6.3212935e-05,-0.00017844543,0.00021763262,-0.00113389,0.00092644778,-0.00086773394,0.0056426125,0.00038055799,1.2829782e-05,0.00045709462,0.0009828434,-0.00018481573,-0.0005690485,0.00013293081,-4.3571604e-05,0.00077346879,-0.001202026,0.0015900336,-0.00013324749,0.00044717947,0.0001367359,0.00018213437,-0.00037053147,9.2067582e-05,-0.0014066094,0.00069610716,0.00046801747,-0.00028617627,0.00051930717,0.00042469865,-2.1900161e-05,0.00011470726,-0.00040312249,4.7872833e-05,-0.00034682448,-0.00054794899,0.0001228425,0.00015033544,-8.6983807e-05,2.9285145e-05,-0.00043554173,0.0009585152,-0.0011554472,0.00014103,-0.00027055377,-0.00013323794,-0.00012479411,0.00021397328,-0.00018621495,0.00073371273,-0.00056935539,-9.7024455e-05,0.00018258959,-0.00038290091,-0.00027816023,3.7523374e-06,-5.914116e-05,-0.0079322684,-0.0011737893,-0.0011061611,0.00052393625,-0.00045368253,-0.00027633988,-0.00049026153,7.8944687e-05,2.9359093e-06,-0.0022544834,0.0010824373,-0.0011377511,-0.00039337896,-2.913254e-05,0.00030615761,0.0002469082,-1.870807e-05,0.0013141517,0.00092690167,0.0014188676,0.00033987712,0.0020515272,0.0012697999,-0.00086811773,0.00023002304,-4.186017e-05,-0.023172997,0.012290353,0.00058764154,0.0017372335,0.0024569367,-0.0010199282,0.0019630752,0.0031892591,6.3251464e-05,-0.00091100165,2.0347854e-05,0.0050955273,-0.0011706686,-0.00079561946,0.00025607802,0.0004654171,-0.0010106701,-0.0011841138,5.251554e-05,-0.0034828709,0.00017279959,-0.0042896738,-0.0017334716,-0.0051897581,-0.0033400212,0.0041899101,-0.0017414648,0.00023577161,0.00045918613,0.00014894533,-0.0070590784,0.0060931441,-0.0050897731,0.0018377535,-0.00047542227,-0.00088692021,0.0060323449,-0.0002585677,-3.5134429e-05
-0.00038172261,0.0002951573,0.00041174069,5.0691221e-05,-2.3661717e-05,-0.00024558557,-3.1603427e-05,-2.7739478e-05,3.0483837e-05,-2.6780294e-05,-4.5023091e-05,0.00013291823,-3.7690872e-06,0.00012853729,-2.8963058e-05,-0.00013925139,5.7053095e-05,-0.00019073046,0.0021712407,-0.00014759002,3.8354047e-05,-2.1633824e-05,8.4311789e-05,3.3011953e-05,0.00020756313,-2.6586656e-05,4.4825682e-06,3.2454909e-05,0.00013379184,3.6391542e-05,-4.6773207e-05,3.0609759e-05,-4.2693859e-05,-5.98901e-05,0.00010537959,7.2812989e-05,9.5243778e-05,1.1315096e-05,-1.4007929e-05,-7.5599479e-05,-6.2314014e-05,-3.0032693e-05,6.531069e-07,-1.035213e-05,0.00010983562,-3.2804886e-05,-9.2137005e-06,-5.1464446e-05,1.2730308e-05,-0.00010040314,3.491909e-05,-6.7790573e-06,-2.4446213e-05,-6.9998168e-05,-0.00010716235,-2.6624356e-06,-2.5414487e-05,3.5490974e-05,3.7351783e-05,-4.3865001e-05,-5.020519e-05,-8.212688e-05,-2.7017811e-05,-5.69432e-06,1.6509876e-05,4.7181678e-05,5.9671451e-05,8.8656955e-07,6.2515727e-06,-0.0023712604,-0.00030891643,-0.00033173165,0.00017294041,-0.00012475066,-8.7774696e-05,-0.00018539268,3.7814341e-05,-1.6520667e-06,-0.00064041074,0.00021205448,-0.00030076428,-0.00011247878,1.2454291e-05,0.00010635078,5.1087148e-05,-3.4674457e-05,0.00040612139,0.00011751835,0.00047110136,9.5114988e-05,0.00057752886,0.00034395372,-0.00025322013,7.2926292e-05,-6.0587893e-06,-0.010559468,0.0059809067,0.0016933382,0.00065522717,0.0014129433,-0.0004772617,0.00099051122,0.001617601,-0.00018237001,-0.00040810129,-6.5871225e-06,0.0022435302,-0.00040983622,-0.00067724164,0.00041703912,0.00022633923,-0.00045409093,-0.00066931954,-0.00053212424,-0.0013762085,0.0006500844,-0.002228353,-0.00096055994,-0.0023461057,-0.001426082,0.0018729121,-0.0010273683,0.00010924082,-0.00013772479,8.092322e-05,0.00050521534,-0.00036480643,0.00028015661,0.00054594877,-0.00032653927,-0.00090836215,-0.0002585677,0.00070178517,-4.0045547e-05
-0.00015494919,8.5330378e-05,-0.00020876485,4.444697e-05,-4.7515456e-05,3.504403e-05,-3.4472744e-05,-1.5015227e-05,-1.1399255e-05,3.0494194e-05,-8.7563749e-05,-6.2646142e-06,9.0155718e-05,6.1368213e-05,0.00054379207,-1.5930346e-05,-7.4441239e-06,0.00016763696,-0.0026465955,0.0004643251,-6.4004386e-06,-2.2976571e-05,6.8263334e-06,-6.8564675e-05,1.0292997e-05,6.2113762e-06,-5.2325989e-06,8.3694745e-05,7.3361052e-05,-9.4735674e-05,-1.8446149e-05,2.8196611e-05,-8.6318019e-06,-6.9586433e-05,-7.6646291e-05,-1.6669542e-05,5.1162813e-05,7.1367392e-06,0.00010240868,1.2674686e-05,-3.9907913e-05,2.7853315e-05,-3.244241e-05,-3.6696555e-06,-0.00029643069,3.6665904e-06,3.0237012e-05,-1.1161769e-05,4.7385552e-05,-1.437114e-05,-8.8877416e-06,3.2048881e-06,9.0252492e-06,-5.0428287e-06,-1.893044e-05,-1.0983608e-05,-6.2950057e-06,-4.1204251e-06,9.2459117e-05,-5.9249448e-06,2.2258111e-06,-6.0875695e-06,-1.0807487e-05,-4.9205524e-07,-9.9722698e-06,1.7523703e-05,-6.5548827e-05,7.7457993e-06,2.8723912e-07,0.00022762701,0.00016335201,1.7931202e-05,-4.6354921e-05,-5.7259361e-05,-3.6556429e-05,-7.0439783e-06,9.6539662e-06,1.0895527e-06,0.00016555453,2.8129205e-05,-0.00012318012,-1.1925272e-05,-1.1570387e-05,-4.6599924e-06,3.0840784e-05,1.7695969e-05,-1.4482792e-05,-6.3890911e-05,5.2582476e-05,2.5818329e-05,-3.4338931e-05,-1.286658e-05,-5.9847235e-05,-1.2381051e-05,-3.1776456e-06,0.0025824278,0.0025280723,0.0080846918,-0.00033150938,0.0017228042,0.00068010218,0.0013197293,0.00027178122,-0.0018608451,0.00011943543,-6.9885741e-05,-0.0001025285,-0.00092733197,0.00021837884,0.00096606033,0.00041161447,0.00011013228,-0.0008201825,-0.0038331479,0.00095452712,0.0016627225,-0.00013582082,-0.00048029471,-0.00053995629,-0.0001166628,-0.00022688082,-0.00084195276,9.4651271e-05,0.00034088033,-0.00026196832,5.2126431e-05,-4.1711075e-05,5.2935106e-05,-7.9615097e-05,-0.00074717837,-0.0032051417,-3.5134429e-05,-4.0045547e-05,0.0011588559
