"","1","2","3","4","5","6","7","8","9","10","11","12","13","14","15","16","17","18","19","20","21","22","23","24","25","26","27","28","29","30","31","32","33","34","35","36","37","38","39","40","41","42","43","44","45","46","47","48","49","50","51","52","53","54","55","56","57","58","59","60","61","62","63","64","65","66","67","68","69","70","71","72","73","74","75","76","77","78","79","80","81","82","83","84","85","86","87","88","89","90","91","92","93","94","95","96","97","98","99","100","101","102","103","104","105","106","107","108","109","110","111","112","113","114","115","116","117","118","119","120","121","122"
"1",0.0094880595,0.0035977194,0.0042700885,0.0014249821,-0.00075803197,6.525626e-05,0.0010188622,0.0016509443,-0.00014387623,-2.9565989e-05,5.3591211e-05,0.00013616892,0.00015636812,0.00057682994,-0.0024687785,0.0003281194,0.0011953718,9.6412047e-05,0.00036085229,-0.00068325924,-0.0010127385,0.00045231543,-0.00012131092,2.937959e-05,-0.00025080165,0.00017366181,0.0015908039,0.0003532064,-3.218534e-05,-0.00017311129,4.3265369e-05,0.00014440637,-0.00029437442,0.00042368358,6.3746132e-06,-0.00036951291,0.00019113878,0.00026961012,-0.0007226963,-0.00011391659,-2.395165e-05,-0.00037796582,-0.00034871225,0.0010562032,0.00087431701,-0.00082989016,0.0004198322,-3.9953879e-05,6.4493016e-05,-5.8677563e-05,-0.0033489181,-0.0010242942,-3.9757992e-05,0.00042758481,6.693573e-05,-0.000542824,0.0010222481,-0.0011557216,0.00085609475,0.00085390035,0.00054155154,-5.7638036e-05,0.00039335952,0.00068485824,3.3929049e-06,-0.0012677162,-0.00010805939,0.00025471892,-0.00044174918,-0.00049092856,0.00015453534,-7.7950447e-05,4.938975e-06,-0.00042814054,0.00031285638,0.00046743166,0.00021280054,4.1569326e-06,-6.2045555e-05,-2.144273e-05,6.4058635e-06,0.00011848055,0.0002889582,0.00020378187,-0.00028965523,0.00051879365,0.00050972593,-0.00058403456,-6.5394361e-05,4.4209311e-06,0.0020108199,-0.013770556,-0.0015875024,-0.00014766051,-0.00081209442,0.0013910042,0.0026377032,-0.00028969275,-3.2516619e-05,1.4701779e-05,0.0013229637,-0.00057857104,-0.0041547896,-0.0013730949,-3.157498e-06,5.117583e-05,-4.4055885e-05,0.00080704746,-0.00090195936,-0.0007349658,-0.0014938861,0.00068518142,-0.0015835124,-0.0015978811,0.0027347074,-4.6487643e-05,4.165156e-05,-0.0011028726,0.0017128152,-0.0038458608,0.00048676103,0.00013111465
"2",0.0035977194,0.016593485,0.0036776368,-0.004981613,0.000815368,-0.0010561729,0.0011357818,0.0017525263,0.00057843263,-8.2472536e-05,-0.00020306946,0.00024192843,0.00045106731,-0.0019331598,0.001401425,0.00047766702,-0.0056277331,0.0001406608,0.0014983799,7.9941051e-05,-0.0014325921,1.1985902e-05,0.00017361066,-2.049336e-05,0.0008666611,-0.0018984877,0.0054196971,6.3388978e-05,0.00033482302,0.00011580972,0.0011704042,-8.8334631e-05,-0.00011475787,-0.00093577555,0.0011519218,-0.00026068663,-0.00012342574,0.0013443641,-0.0011617263,-0.00013604114,0.00016010533,-0.00052445244,-0.0023057258,-0.00058852501,0.0013192148,-0.0001095425,-0.00020445602,5.887196e-05,-0.0019250311,0.0030167207,-0.0095426412,-8.4642141e-05,-0.00069942763,-1.7790426e-06,-0.0015293792,-0.0001012392,0.0010694132,0.0014517106,-0.00091551754,0.00099225354,0.0011943652,-0.0016091859,0.00079297457,0.00080319916,-0.00032633238,0.0074089639,0.0010983305,-2.3496432e-05,-9.0953043e-05,-0.00027118021,0.00070323453,2.6450555e-05,-2.9396668e-05,0.0023388404,-0.0015507971,0.0027624877,0.00066194155,-4.5449931e-06,-0.00019592846,0.00029997159,0.00026324618,-0.0012037951,-0.0011861082,-0.0013050812,0.00020604693,-0.0019503663,-0.00043717055,0.00030710281,-0.00027488381,5.8238906e-05,-0.013291022,0.021734474,0.00031589452,-0.0029242939,-3.868087e-05,-0.00087529501,-0.001782098,-0.00078391015,0.00058761202,6.8786604e-05,-0.0065668117,0.0036489686,-0.0056172944,-0.0012625468,-0.00051137692,0.00090731771,-0.00043407851,-0.0017539649,0.0041272547,0.0016376103,0.0050687289,0.00050533049,0.0064732637,0.0014680072,-0.0033565567,0.0022099467,-0.00034489822,0.0051991492,-0.0057160979,0.0037791769,-0.0016392438,0.00025876658
"3",0.0042700885,0.0036776368,0.016798733,-0.00046909265,-4.6347399e-05,-0.00015350067,-0.0037673215,0.0013880633,0.00026923354,-4.1871084e-05,-4.5344281e-05,-4.8496283e-05,0.00023045846,0.0011713264,-0.0038092158,0.00044389891,-0.0047465753,0.00038182018,-0.00077344567,1.449307e-05,-0.0004251151,-0.00076048245,-0.00035834493,-2.234166e-06,-5.9507278e-05,-4.6955831e-05,4.8321662e-07,0.0010980759,0.00027303993,-0.00029095104,-0.00074201093,-0.00039910337,-0.00078234794,5.9670996e-05,0.00047678287,0.00053364706,2.1433946e-05,-0.00022575201,0.00086443766,9.3580311e-05,-1.3011735e-06,-0.00075019452,0.001587362,-0.00023058383,0.0001888071,0.001653729,0.00086284842,2.0218388e-06,-0.00044398116,-0.0001583966,0.0007804238,-0.002285034,-0.0006337115,0.00063743804,0.001317592,0.00083274936,0.0017984404,-0.00027619655,-0.00014597619,-0.0012133411,0.00076749178,0.0010016957,-0.0021189606,9.743404e-05,2.123428e-06,-0.00018032527,0.00017238126,-0.00047046094,-0.00022675184,-0.00019987048,-0.00030495478,-9.8156241e-05,-2.9860266e-05,3.5899438e-06,-1.3135783e-05,6.2317974e-05,0.00070822467,0.00010176555,-5.0080899e-05,-0.0003282761,-0.000220768,-0.00020921817,6.0621425e-05,0.00027053879,0.00030726709,-8.1413213e-06,-0.00011611911,0.00043643448,4.4063894e-05,9.4240393e-06,0.00040683702,0.0057055882,0.0025767786,-0.00039328911,0.0019103578,0.00069730622,-0.00029986576,0.00075169377,0.00090824455,6.6937907e-07,-0.00081354209,-0.00024419591,0.0011463326,-0.00221741,-0.00052729237,0.00059135084,0.00087817308,-0.00085389339,0.0017445663,5.3963105e-05,0.00051061017,-0.0013318087,0.0010783726,0.0011802644,-0.0021727694,4.2020307e-06,-1.1395399e-05,0.00036497847,-0.00053013764,2.2473034e-05,1.1225412e-05,-0.0002229619
"4",0.0014249821,-0.004981613,-0.00046909265,0.0047670913,-0.00047250212,0.00043046821,0.00029873085,-0.00014001787,-0.00051660958,9.2697488e-05,0.00013411053,2.7898191e-05,-0.00010350418,0.00085217686,-0.00099560772,-0.00052880637,0.0055375513,4.6336783e-05,-0.00055415589,-0.00044591615,0.00030424758,-5.584891e-05,-6.6504223e-05,1.7937802e-05,-0.0005750205,0.00081507195,-0.0014917851,0.00026060631,-0.00016703695,-0.00012208684,-0.0003560904,0.00011138713,-0.00028257933,0.0005703096,-0.00050968644,6.0108868e-05,0.00021246663,-0.00044143617,7.3675871e-05,2.2437841e-05,-5.1660716e-05,9.9629406e-05,0.00080941371,0.00078189306,-0.00028210296,7.3105637e-05,0.00013892463,-2.7480354e-05,0.00076145406,-0.0011143935,0.0024354773,-0.00038863702,0.00029493642,0.00011592146,0.00045368317,-0.0001101515,0.00012557343,-0.0011203621,0.00052177203,-0.00025086694,-0.00041188718,0.00055446006,-0.00011174151,-0.00010361142,0.00011092569,-0.0054267064,-0.00073886031,0.00032089769,-0.00024641785,-5.6983253e-05,-0.00045865914,1.2790426e-05,8.6637862e-06,-0.001754446,0.00093965899,-0.00095782888,-0.00026366586,6.2971234e-06,0.00015959581,-8.8295657e-05,-0.00019039108,0.00073854249,0.0008646982,0.0010446036,-0.00018168785,0.0016138805,0.0007203754,-0.00052048824,0.00016986939,-1.2772973e-05,0.0092387645,-0.023374297,-0.0017313131,0.0016717673,-0.001108911,0.0013481008,0.0027284371,0.00085433214,-0.0006877307,7.890912e-06,0.0048210227,-0.0015118531,-0.00049120699,3.818039e-05,0.00023523346,-0.00071671246,7.7103281e-07,0.0019261232,-0.0029383851,-0.0010827575,-0.0044483571,0.00019754958,-0.0052487541,-0.0023743289,0.0040305195,-0.0014746765,0.00015814976,-0.003947566,0.0044765445,-0.0045367854,0.0013380275,-3.5563639e-05
"5",-0.00075803197,0.000815368,-4.6347399e-05,-0.00047250212,0.00061552985,-6.1470192e-05,4.5638428e-05,3.1645281e-05,8.5609693e-05,2.604793e-05,-1.3777013e-05,1.1704528e-05,3.3019599e-05,-0.0002768386,0.00028802136,0.00011344813,-0.00065524233,-6.1582968e-06,5.1263386e-05,1.6989677e-05,-1.0437334e-05,-0.00016315897,2.4241195e-05,-7.1618621e-06,0.00011239427,-0.00016655898,0.00025698475,-2.3427276e-05,4.0109184e-05,4.5982722e-05,9.4260777e-05,1.0032777e-05,2.6184607e-05,-0.00011940644,5.2258726e-05,1.5061693e-05,-4.1591532e-05,8.9770671e-05,6.4587708e-05,1.4585772e-05,1.300551e-05,3.8950898e-06,-7.9229194e-05,-0.00014127175,-3.9805443e-05,0.00019887091,-2.5036851e-05,8.8671549e-06,-0.00016190827,0.00021054943,-0.00016210207,-0.0001011947,-6.233301e-05,-4.1551507e-05,-3.7108493e-05,2.9358743e-05,-4.8539755e-05,0.00023701732,-0.00012693073,-6.0454852e-05,9.4524269e-06,-0.00010925589,-2.8529778e-05,-3.9434426e-05,-2.3791676e-05,0.00066276451,6.3979095e-05,-2.7744896e-05,1.6879795e-05,1.9361473e-05,1.5534927e-05,-3.3647858e-06,-5.9500102e-06,0.00018469561,-0.00018088862,0.00017137316,8.0746129e-05,9.1854826e-06,-2.7285131e-06,-7.692008e-06,3.3794153e-06,-0.00012212292,-0.00010747397,-0.00012066276,3.2496009e-05,-0.00019557757,-9.2033826e-05,8.7580141e-05,2.1312071e-06,9.8764422e-07,-0.0013724863,0.0028659661,4.4936271e-05,-0.00017892168,0.00013299922,-0.00020852189,-0.00038902241,0.0001187817,6.7594968e-05,1.0468348e-05,-0.00058069957,0.0005216842,0.00015667042,-0.0001437651,-7.6166419e-05,4.9460288e-05,8.2511511e-05,-0.00016446498,0.00033396551,0.00021839613,0.00056334763,-2.2992581e-05,0.00069666122,0.00024775822,-0.00055670718,0.00013476863,-2.4844038e-05,0.00051402317,-0.00063689658,0.00062149308,-0.00019605076,2.3342623e-05
"6",6.525626e-05,-0.0010561729,-0.00015350067,0.00043046821,-6.1470192e-05,0.00054083755,4.7539677e-05,1.3438564e-05,-6.8503505e-05,1.4260351e-05,6.7182189e-05,6.2086294e-05,8.7620997e-05,0.00010340343,-0.00017846989,-5.7924949e-05,0.00049149624,-1.4858819e-06,-3.9721459e-05,3.7623344e-05,7.3787062e-05,-1.2383145e-05,-1.2858087e-05,3.1583458e-06,-9.9569761e-05,0.00012135106,-0.00014252186,4.6883718e-05,-3.0832575e-05,-1.125309e-05,-4.065194e-05,8.2744055e-06,-6.4728105e-07,3.1600071e-05,-8.5982476e-05,-4.0765699e-05,2.0998247e-05,-7.1206935e-05,4.9518235e-05,4.6997162e-06,-1.2677497e-05,4.3531042e-05,0.00010832913,3.4789815e-05,-4.6905182e-05,2.3254806e-05,4.5899628e-05,-5.7976975e-06,0.00013342708,-0.00017569057,0.00046868043,-5.6902407e-05,3.7642124e-05,1.7681167e-05,6.405314e-05,3.322821e-07,-7.6026534e-05,-0.00011472927,7.8057655e-05,-6.5498673e-05,2.4013736e-06,8.7952107e-05,-5.7856987e-05,-3.2928017e-05,2.5373718e-05,-0.00061132747,-9.5222517e-05,1.7237479e-05,2.9229546e-07,3.0138472e-05,-3.4416245e-05,-9.2307174e-06,5.4335926e-06,-0.00018347747,0.00014902205,-0.00011167344,-5.8487511e-05,1.0002869e-05,2.0367327e-05,-1.8043439e-05,1.0118428e-05,0.00011250127,7.9718469e-05,0.00010804108,-5.694687e-05,0.00015542587,6.759772e-05,-6.7113336e-05,1.1368026e-05,-3.4179498e-06,0.00093081905,-0.0024107812,-0.00024866967,0.00017464018,-9.7856721e-05,9.3546825e-05,0.00021431399,4.7607395e-05,-2.5768791e-05,-1.1934686e-05,0.0005271424,-0.00025703057,8.5765827e-05,4.8225663e-05,1.7679231e-05,-7.1732195e-05,6.4714527e-05,0.00016846927,-0.00042292475,-6.9776455e-05,-0.00048050945,1.1866218e-06,-0.00046527071,-0.00016910066,0.0004449944,-0.00014540382,2.6670354e-05,-0.00044151627,0.00049094419,-0.00046401103,0.00014713628,1.7191413e-06
"7",0.0010188622,0.0011357818,-0.0037673215,0.00029873085,4.5638428e-05,4.7539677e-05,0.0026921984,0.00030235007,-0.00013399679,4.1495979e-05,5.2407869e-05,0.00025211525,9.7334534e-05,-0.00033899414,0.0007740442,-9.8176095e-05,0.0022563104,-7.7303124e-05,0.00038700034,-0.00011795562,-0.00013864365,0.0003111909,7.7150443e-05,3.3486273e-06,2.0613673e-05,-0.00013781019,0.00083672837,-0.00021527393,-2.2663591e-05,3.6596298e-05,0.00025128461,0.0001084838,0.00013309079,-4.8137408e-05,-3.1052519e-05,-0.00029393264,1.4723964e-05,0.00020084216,-0.00046491745,-3.4921722e-05,1.0123554e-05,0.00012778891,-0.00067691561,0.00020369805,0.00017113726,-0.00058847951,-0.00016710929,2.1545595e-07,-4.2976874e-05,0.00032095244,-0.0017838759,0.00056189808,4.3784661e-05,-7.5966803e-05,-0.00042173748,-0.00024895498,-0.00030859474,-9.6750415e-05,-8.3970316e-06,0.00056565404,6.5758322e-05,-0.00037909618,0.00065072243,8.3965523e-05,-2.1235861e-05,0.00012077248,-4.6515288e-05,0.00022146984,-5.5587677e-06,-1.7999065e-05,0.00016264069,2.2311084e-05,3.5099006e-06,-4.8710031e-05,-6.6964745e-06,0.00039575366,-0.0001638762,1.092125e-05,-2.079191e-06,5.8578645e-05,3.1736549e-05,8.2744948e-06,-4.8883125e-05,-0.00010499011,-0.00021773307,-7.1156033e-06,0.0001703304,-0.00017450354,-1.5840352e-06,3.6614914e-06,-0.00084322248,-0.0072206507,-0.001894616,-0.00013442111,-0.00098601426,2.1309011e-05,0.00085106261,-0.0001662544,-0.00035937948,2.8513456e-05,0.00045999703,0.00029944261,-0.0025054489,0.00024173287,5.7379597e-05,-0.0001804838,-0.00016714859,0.00086512011,-0.00078046669,3.3891076e-05,-0.00057758634,0.00066009036,-0.00048128781,-0.00085639674,0.0014170515,-6.3815973e-05,-8.6322419e-06,-0.00016032253,0.00042057824,-0.0012402001,0.00010942049,0.00016961015
"8",0.0016509443,0.0017525263,0.0013880633,-0.00014001787,3.1645281e-05,1.3438564e-05,0.00030235007,0.0013865099,6.1904191e-06,5.5437228e-06,4.1664738e-05,0.00012052146,0.00018849791,-4.414273e-05,-0.00048002769,-1.0092331e-05,9.7022726e-05,3.7813228e-05,0.00010192454,-3.5133535e-05,-0.00022031237,-4.074966e-06,-3.8233653e-05,9.5600174e-06,3.2660598e-05,-6.9273911e-05,0.00054473391,9.145507e-05,5.1836404e-06,-2.7643321e-05,0.0001070643,3.3076097e-05,-8.061472e-05,1.8580637e-05,5.8005676e-05,-0.00011757458,-1.9599838e-05,0.00013731526,-0.000100323,-5.1709222e-06,5.4239094e-06,-0.00014995674,-4.4129973e-05,5.7973918e-05,0.00025486986,-1.1482916e-05,0.00013615294,-8.7267076e-06,-0.00020996828,2.6193052e-05,-0.0010376239,-0.00020408801,-6.3709412e-05,0.00010262743,-8.480017e-05,-0.00012906007,0.0002021832,-0.00011576824,0.00012638028,0.0001126998,0.00021184197,-6.3032282e-05,-2.1152931e-05,0.00014221945,-2.1773034e-05,0.0003370934,9.3941069e-05,-7.3484534e-06,-2.3660247e-06,-6.9389325e-05,7.7835636e-05,-3.4630282e-05,1.9524705e-06,0.0001247817,-7.9773243e-06,0.00016753886,5.8959336e-05,3.2329831e-05,-1.0993411e-05,2.7807343e-05,7.6859726e-05,-4.8604964e-05,-9.6321626e-05,-4.6224865e-05,-4.1169666e-05,-8.7325756e-05,6.3864575e-05,1.6198386e-05,-3.8665083e-05,2.4224035e-06,-0.0010158033,-0.0015329495,-0.00051037916,-0.00044275007,-1.0004884e-05,2.8877096e-06,0.00033179787,-5.3522587e-05,6.8428112e-05,3.3737088e-06,-0.00034896318,0.00015891818,-0.0010475735,-0.00033683351,-9.6110362e-05,8.8430792e-05,-4.9885556e-05,-1.464682e-05,8.1965723e-05,8.7852518e-05,3.0130562e-05,0.00012395135,0.00032487809,-9.2488503e-05,0.00019761799,0.00011327304,-1.4773399e-05,0.00021092295,-0.0001654725,-0.00042861179,-2.3196986e-06,7.0014976e-05
"9",-0.00014387623,0.00057843263,0.00026923354,-0.00051660958,8.5609693e-05,-6.8503505e-05,-0.00013399679,6.1904191e-06,0.00063975198,1.2093012e-05,-5.2367442e-05,-1.5098382e-05,-2.8878441e-05,-4.8472427e-05,7.1431757e-06,0.00030254685,-0.0020653011,-8.3814465e-06,4.2470292e-05,-3.1546026e-05,-3.382271e-06,-4.2105011e-05,3.0443841e-06,-1.6829389e-06,3.4519948e-05,-0.00010870501,9.7403e-05,-2.2874806e-06,2.5044433e-05,7.5326946e-06,9.1195484e-05,-1.4500683e-05,1.5461463e-05,-6.8137389e-05,1.3133871e-05,3.6629489e-05,1.2248058e-06,7.3771106e-05,-5.9967151e-05,1.33353e-06,3.4717923e-06,1.0240757e-05,-6.9929169e-05,-2.2764567e-05,-9.1471357e-06,7.309444e-05,-6.5947024e-06,2.6549793e-06,1.9299251e-05,0.00017969397,-0.00025728558,-2.9417831e-05,-2.8341211e-05,-9.3194094e-06,-7.0342734e-05,-2.7323622e-05,9.1247964e-06,0.00010244456,-5.1282107e-07,3.6662841e-05,1.9178136e-05,-8.8735943e-05,1.7500341e-05,2.08065e-06,-1.1513329e-05,0.0010006856,0.00010862381,-8.7979946e-05,-4.2036907e-05,-5.4190818e-07,8.5616125e-05,-5.7396787e-06,-1.4211628e-06,0.00031262548,-0.00016373582,1.928685e-05,6.5404988e-05,-6.1741326e-06,-3.163857e-05,1.8354261e-05,7.4946332e-05,-0.00014343713,-0.00016873549,-0.00017265861,4.0262466e-05,-0.00028760537,-0.0001302161,3.9180004e-05,-2.8387745e-05,-3.3110348e-06,-0.0011682216,0.0058523395,0.0016169789,4.2946438e-05,0.00040181182,8.9150162e-05,-0.00056782767,-0.00039509356,0.00020431842,-1.5131967e-05,-0.00080208004,0.00015891352,0.00045401046,4.9882036e-05,3.7641973e-06,0.00018862986,-0.00011623217,-0.0010738511,0.00076734122,0.00046234134,0.00097526599,-0.00012056104,0.00099604947,0.00047178141,-0.00087373086,0.00017593405,-1.0514566e-05,0.00053128483,-0.00062028586,0.00067803144,-0.00030525601,-0.00017389541
"10",-2.9565989e-05,-8.2472536e-05,-4.1871084e-05,9.2697488e-05,2.604793e-05,1.4260351e-05,4.1495979e-05,5.5437228e-06,1.2093012e-05,0.00061145698,0.00010746559,2.8207683e-05,6.9339409e-05,7.3013442e-06,-3.71201e-05,5.4366048e-05,9.3668946e-05,9.5196556e-06,-2.6553417e-05,-1.8900472e-05,2.747205e-05,-1.2513884e-05,4.1410718e-06,-2.0507429e-07,-1.0046806e-05,2.0721651e-05,2.0338218e-05,-5.0463727e-06,-1.1940119e-06,-7.2189046e-07,-7.2183059e-06,1.1682709e-05,-4.0772772e-05,1.2552685e-06,-4.2023267e-05,1.0383712e-05,1.7623559e-05,-3.0817023e-05,-2.1158046e-06,-1.5934289e-05,3.3171935e-06,6.6293949e-06,1.540451e-05,2.0384741e-05,-3.1692243e-05,6.7598673e-05,1.0285164e-06,-3.5871428e-07,6.0292176e-05,-2.1175783e-05,7.0094329e-05,-4.1944788e-05,-1.3559301e-06,-7.0032704e-07,-1.3123162e-05,4.137664e-06,3.8497872e-05,-2.7011472e-05,3.6639307e-05,1.0058539e-06,8.5940362e-06,2.7523774e-05,-2.1278278e-07,1.8653971e-05,2.4311616e-07,-6.2222114e-05,-4.3891786e-05,-6.6533762e-06,2.480334e-05,1.3686637e-05,-1.0671412e-05,-2.6411439e-06,2.2779328e-06,-4.1121699e-06,1.1708131e-05,-1.484835e-05,-1.5221286e-05,2.1511816e-06,-8.4146639e-06,-2.451644e-05,-1.8754185e-05,1.9364448e-05,3.2643115e-05,-8.2870025e-05,-3.6715382e-05,1.2689656e-05,-1.5841845e-05,4.7953042e-06,6.4395737e-06,4.9503296e-06,5.4896544e-05,-0.00053506353,-1.2151174e-05,6.7957717e-05,-2.2102221e-05,5.6072095e-05,2.0944987e-05,8.3461254e-05,-9.0676993e-06,-4.3241182e-06,0.00010422095,-7.2424652e-05,-7.3349793e-05,-9.7208892e-06,-1.800794e-05,-1.7061599e-05,1.5354642e-05,1.6629107e-05,-3.9262615e-05,-2.5115846e-06,0.00012998399,4.7407892e-05,-0.00015788618,5.717452e-06,0.0001178027,-2.2447882e-05,-4.3689285e-06,-4.4823373e-05,7.0248178e-05,-6.922532e-05,3.8174825e-05,-3.7982974e-05
"11",5.3591211e-05,-0.00020306946,-4.5344281e-05,0.00013411053,-1.3777013e-05,6.7182189e-05,5.2407869e-05,4.1664738e-05,-5.2367442e-05,0.00010746559,0.00078368704,6.3796418e-05,0.00019290149,6.6087548e-05,-1.1784733e-05,1.1523537e-05,0.00058609638,3.0377308e-05,-4.3202121e-05,-6.8676596e-06,4.8438107e-05,-3.306021e-05,-1.4080675e-05,1.5869311e-07,-7.4607993e-05,-3.8570708e-05,-8.8680973e-06,-8.4041138e-06,-4.3923825e-06,-2.5888238e-06,6.0585979e-06,5.4147767e-05,-1.4058346e-05,1.0466317e-05,-6.3252768e-05,-4.652934e-05,5.5810732e-06,-4.992832e-05,1.2128172e-05,-2.6169716e-06,-3.5475086e-06,-2.3484657e-05,7.4021431e-05,6.4054391e-05,-6.3030678e-05,1.2218111e-05,1.1971431e-05,4.5641419e-08,4.1425008e-05,-6.3258382e-06,0.00017529312,1.1902514e-05,-7.7330763e-06,-9.8107134e-06,-1.6988092e-05,-2.6836368e-05,-2.148535e-05,-3.7029862e-05,4.2465892e-05,-2.5108281e-05,2.764811e-06,3.5812488e-05,-2.1963093e-05,-4.7565615e-06,8.6485869e-06,-0.00018248758,-3.1037969e-05,-8.5460009e-06,2.7231484e-06,5.0135934e-06,-1.987555e-05,-2.8490518e-05,8.5901285e-06,-5.2755355e-05,3.6679334e-05,-5.0734929e-05,-6.1640772e-05,3.1583861e-05,-2.3261152e-06,-3.1254684e-05,3.9072802e-05,3.2931786e-05,1.8395018e-05,3.8454286e-05,-5.7242237e-05,2.5149469e-05,2.3270825e-05,-2.0691826e-05,2.1339766e-05,6.5307361e-07,2.8720519e-06,-0.0012967994,-0.00077072971,-0.0001018922,-0.00010463256,-0.00012483339,7.0807785e-05,0.00015149717,5.2924505e-05,-1.03438e-05,0.00011746527,-5.1291402e-05,0.00020567135,-4.2791711e-05,-6.0136827e-05,-4.6978124e-05,2.1461967e-05,0.00020809823,-0.00030494132,-0.0001047579,-0.00014601778,0.00014795427,-0.00019750843,-9.8273932e-05,0.00011663521,-5.1367341e-05,-2.0386499e-06,-0.00013782805,0.00017296426,-0.00018893388,5.5069779e-05,3.7186247e-05
"12",0.00013616892,0.00024192843,-4.8496283e-05,2.7898191e-05,1.1704528e-05,6.2086294e-05,0.00025211525,0.00012052146,-1.5098382e-05,2.8207683e-05,6.3796418e-05,0.0014728637,0.00031658555,-9.9390636e-05,-5.0888531e-05,7.534524e-05,0.00023217502,2.4357375e-05,5.8466789e-05,8.8461172e-06,8.2024589e-06,6.9166332e-05,9.9249403e-06,4.5532753e-06,-2.8365141e-05,-2.7676535e-05,0.00010918781,-1.5048742e-05,-6.4485714e-06,2.0032756e-05,1.5992238e-05,3.9511025e-05,-2.4655571e-05,-8.0745019e-05,5.2158227e-06,-5.1835053e-06,0.00011336499,4.830314e-05,-2.2074153e-05,-2.458431e-05,1.8907732e-06,-1.3704019e-05,-2.7733007e-05,3.7049326e-05,6.1327146e-05,-2.6202403e-05,1.2420887e-05,-3.5583964e-06,1.4891274e-05,0.00012700502,-0.00027343382,2.1719038e-06,-3.8019664e-06,-1.457238e-05,-3.5578116e-06,-1.157838e-05,-4.6666784e-05,8.9020437e-05,2.6001698e-06,-0.00011792509,-2.6500873e-05,-7.4714569e-05,4.1413504e-05,4.1893525e-05,-7.5383798e-06,0.00010563032,3.7026995e-05,1.5835237e-05,1.0721448e-06,-4.2064547e-05,5.8435241e-05,-7.4567868e-06,2.6956458e-06,-0.00011357539,-3.894469e-05,0.00010113529,1.2052521e-05,9.5309423e-06,-4.124331e-06,-2.7416089e-05,1.8246504e-06,-5.6678857e-05,-6.4963489e-05,-2.7526234e-05,-6.6190711e-05,-4.5288569e-05,-3.0535228e-06,-3.3390429e-05,-8.5717625e-06,6.1966762e-06,-0.00050740898,-0.00072626602,-0.00079113589,-0.00027165895,-0.00012993995,-4.7774553e-05,0.00017680259,3.7692175e-05,-3.4071035e-05,-3.5579338e-06,0.00020394551,0.00026712844,-0.00091675099,-0.00022778658,-2.2861254e-05,-4.9696151e-07,8.7097011e-05,0.0004062738,-3.8263318e-05,0.00012101492,-3.7177002e-05,0.00014819881,0.00034934195,0.00012122743,0.00018212402,0.00014795906,-2.5870199e-05,-2.0475698e-05,4.5537306e-05,-0.00010735263,9.7904677e-06,9.4545893e-05
"13",0.00015636812,0.00045106731,0.00023045846,-0.00010350418,3.3019599e-05,8.7620997e-05,9.7334534e-05,0.00018849791,-2.8878441e-05,6.9339409e-05,0.00019290149,0.00031658555,0.0027485151,-0.0002551154,7.0263149e-05,-4.888504e-05,0.0003790062,2.8805512e-05,2.3912682e-05,5.4991022e-05,3.910113e-05,-2.8076718e-05,1.7318544e-05,-1.6290377e-06,-7.241931e-05,-7.6628933e-05,0.00015910723,4.6586995e-05,2.3193455e-05,2.5798258e-05,-6.5523196e-05,-2.7082444e-06,-2.0733958e-05,-1.4740798e-05,1.150512e-05,-0.00010468251,1.687537e-05,0.00015111224,9.0917679e-05,8.5692854e-06,8.5218746e-06,5.0659949e-05,6.1638387e-06,0.00011339178,-6.2143991e-05,3.9282615e-05,-4.0682102e-06,1.752193e-05,-0.00011511041,5.2571264e-06,-0.00040368127,-0.00021512178,-2.8472023e-05,-2.9163278e-05,-1.7340846e-05,3.7822644e-05,-1.3425948e-05,-3.668746e-05,2.4604715e-05,-9.1383354e-05,9.689574e-05,-0.0001365702,-9.6411356e-05,2.6227233e-05,-8.9430724e-06,0.00052497922,9.9250659e-05,-5.2126673e-07,-3.8001038e-05,5.3039605e-05,4.3944729e-05,3.6780238e-05,-2.3972965e-06,4.8393352e-05,-1.9905791e-05,0.00020784526,6.7551319e-05,3.7271012e-05,-3.2083251e-05,-0.0001095862,7.8124515e-05,-0.00011993275,-3.6752347e-05,-0.00014198174,-0.00017266899,-0.0001440125,-6.5419173e-05,-1.4692339e-05,-1.2390178e-05,6.8186003e-06,-0.001935231,0.0014645734,-0.0017978293,-0.00054509954,-7.903332e-05,-0.00043614132,-0.00052474323,0.00029363574,1.0664911e-05,1.8397213e-05,-0.00034378077,0.00019786191,-0.00032243051,-0.00064025568,-0.00015232237,1.7394862e-05,0.00035497798,0.0007058903,0.00026936746,-0.00034448124,0.00064527979,0.00063321987,0.00059842906,0.00030322537,-0.00052854815,0.00036241309,-4.953219e-05,0.00017435131,-0.00013943763,5.9781861e-05,-7.9378786e-05,0.00022995496
"14",0.00057682994,-0.0019331598,0.0011713264,0.00085217686,-0.0002768386,0.00010340343,-0.00033899414,-4.414273e-05,-4.8472427e-05,7.3013442e-06,6.6087548e-05,-9.9390636e-05,-0.0002551154,0.013014045,-0.010643183,0.0034169393,-0.0066315438,-9.1172777e-05,-0.00082113338,-0.001994901,-0.00053416392,-0.00016548198,-0.0013136344,8.0847724e-05,-0.0016120247,-0.0011353957,-0.0011513314,-2.4336643e-05,-0.00059656984,-0.00050793355,-0.00091172267,-0.001335724,-0.0012000892,-0.0021926706,-0.00086545334,-0.00042585014,-0.00047294684,-0.0007403655,-0.0025083134,-0.00010955061,-1.9678554e-05,0.00014842999,0.0011013566,0.0018490257,0.00040176072,0.00032090533,0.001135719,-8.7271352e-05,0.0014268274,0.00053336971,0.0030963044,0.00040085544,0.00051693616,0.00022940963,0.00062589159,0.0010687792,0.00083014517,0.002010381,0.00076937586,0.0001055986,0.00015704286,0.00065467275,0.001724359,-2.7790213e-05,4.4116402e-05,-0.0011704594,-0.00020413769,-0.00015005768,-0.0006923829,-9.5455743e-05,-0.00012541255,-0.00040201662,2.3798867e-05,-0.00079394492,-0.00012587211,3.4721367e-05,2.0917916e-06,-0.00013409588,3.240806e-05,-0.00015334592,-0.00039573192,-0.00012203928,-0.00064838877,3.1742499e-05,-8.217076e-05,0.00024021223,-0.0001831958,-0.00063232833,4.8990131e-05,-7.801367e-06,0.0021652899,-0.0051304987,0.00014194774,0.00069939414,0.00061100936,0.001721407,0.00074663351,0.00024173255,0.00070049058,-6.093282e-05,0.0019588275,0.00017796233,0.00060454381,-2.4426168e-05,0.00042003104,-0.00017664011,0.00028062842,0.00071306885,-0.0002039862,0.0017643027,-0.00052312024,0.00011182281,-0.00087484194,0.00020636584,0.0020367717,-0.0004255991,4.5392811e-05,-0.0010643227,0.0010871254,-0.0011457433,0.00036324346,-9.1766185e-05
"15",-0.0024687785,0.001401425,-0.0038092158,-0.00099560772,0.00028802136,-0.00017846989,0.0007740442,-0.00048002769,7.1431757e-06,-3.71201e-05,-1.1784733e-05,-5.0888531e-05,7.0263149e-05,-0.010643183,0.01986558,-0.0044771486,0.011846333,9.5032625e-05,0.00086370137,0.0018322718,0.00054023037,0.00027529527,0.0011455358,-8.304109e-05,0.0014000371,0.00065317373,0.0017814985,0.00012571104,0.00049206978,0.0002925659,0.00064688853,0.0010436731,0.00093696797,0.0020620731,0.00073278706,0.0002346621,0.00010253417,0.00056888737,0.0017362911,3.4014785e-05,2.6160434e-05,-2.0639284e-06,-0.001772377,-0.0030329728,-0.0008458137,-0.00086513231,-0.002178528,0.00014624225,-0.0026512275,-0.0012762981,-0.0026686252,2.9158771e-05,-0.00089751502,-0.00058528649,-0.0013719155,-0.0017947416,-0.0016243763,-0.0038179672,-0.0013202552,-0.00025744758,-0.00032314894,-0.0012440741,-0.0029792333,-0.00014528781,-3.775817e-05,0.0016639367,0.00024871363,0.00015339508,0.00097354316,0.00023612354,0.00016572541,0.00055708776,-4.4219802e-05,0.0011703756,-2.3188761e-05,-5.7987423e-05,-0.00032090618,0.00019999871,6.6774528e-05,0.00018426816,0.00041611834,-4.5133638e-06,0.00069760901,-6.438467e-05,0.00026391458,-0.00043481356,0.00013404614,0.0010583263,6.3160471e-05,2.384066e-06,-0.0027756696,0.0074762089,-8.7000467e-05,-0.00061920369,-0.00081945459,-0.0027410541,-0.0014598825,-0.00056957454,-0.0013911741,9.9143328e-05,-0.0032327992,-0.00028495394,0.00029885357,0.00070129466,-0.00061745549,-0.0001457409,-0.00037303181,-0.00099303981,0.0003162259,-0.0026615191,0.00063323528,-0.00044376839,0.0011684835,-0.00044397331,-0.0036999615,0.00022127932,-6.0745555e-05,0.0011514517,-0.0015004202,0.0019213134,-0.00044784307,8.9534191e-05
"16",0.0003281194,0.00047766702,0.00044389891,-0.00052880637,0.00011344813,-5.7924949e-05,-9.8176095e-05,-1.0092331e-05,0.00030254685,5.4366048e-05,1.1523537e-05,7.534524e-05,-4.888504e-05,0.0034169393,-0.0044771486,0.010562198,-0.017310531,-6.6941199e-05,-9.973089e-05,-0.00061184627,-9.7686863e-05,7.0289875e-06,-0.00039192267,2.7154467e-05,-0.00044323056,-0.00044273324,0.00042524908,-6.7573192e-05,-0.00012967386,1.1847552e-05,-9.8829137e-05,-0.00033017278,-0.0002920516,-0.00087488198,-0.00019717611,-8.0315629e-05,-1.491405e-05,-0.00023373966,-0.0006273053,1.1392243e-05,-2.1693686e-06,4.2775466e-05,0.00010252747,0.00079125299,0.00011893332,4.3609768e-05,0.00053237642,-4.414443e-05,0.00072202851,0.00043199266,-0.00051476557,-0.00041604868,0.00019950511,6.4321756e-05,9.169699e-05,0.00034728975,0.0002751017,0.0010149575,0.00036030215,0.00025480141,-2.3035435e-05,0.00032309539,0.00090354873,7.3252953e-05,-1.0626505e-05,0.0011590116,-2.0748699e-05,-0.00057523308,-0.0014826382,-0.00015619974,-5.1225106e-05,-0.001054003,5.4502544e-05,-0.001057515,-0.0013887408,0.0010147354,0.00026631661,-0.00058024808,-0.00025561275,-0.00059641519,-0.0010939064,-0.00095162366,-0.0024974208,-0.00051204762,-0.00023002812,-0.00095549746,-0.0007109498,-0.001753454,-0.00010734171,-3.5845025e-06,-0.0016656034,0.0042996619,0.00054121315,0.00015143742,0.00081248358,0.0023897319,-0.00029554524,0.00013389837,0.0017582418,-9.7224676e-05,0.0015423963,0.0015793481,-0.0014534155,-0.0006897575,0.00095425051,0.00044638687,0.00062737287,0.0010684241,0.0016844719,0.0039195407,0.0015623196,0.00042111674,0.0016337671,0.0014045081,0.0019505215,0.00037088302,-1.1845021e-05,0.00056069218,-0.00055258299,0.0004321955,-0.00027820119,-3.5065204e-05
"17",0.0011953718,-0.0056277331,-0.0047465753,0.0055375513,-0.00065524233,0.00049149624,0.0022563104,9.7022726e-05,-0.0020653011,9.3668946e-05,0.00058609638,0.00023217502,0.0003790062,-0.0066315438,0.011846333,-0.017310531,0.06121029,0.00022248574,0.00024659435,0.001021316,0.00027188877,0.0004414327,0.000726769,-3.4740583e-05,0.00065572993,0.0014864897,-0.0011509045,0.00015264816,0.00019143422,-0.00021671561,-0.00015692969,0.00070420813,0.00025734702,0.0023883614,5.2973488e-05,4.4144764e-05,0.00013416444,0.00020192726,0.0012873046,6.3275355e-06,-5.5103626e-05,0.00010019258,-0.00015837008,-0.0013972046,-0.00040163987,-0.00095999351,-0.0013044019,7.884735e-05,-0.0018215663,-0.0020217967,0.0018802274,0.00049451255,-0.00022880999,-8.4600456e-05,8.9282489e-05,-0.00088199414,-0.00081655228,-0.0039760084,-0.00042417723,-0.000656887,-0.00025905391,-0.00085272832,-0.0024123914,-0.00017394804,0.0001238824,-0.0085623133,-0.00074059127,0.0013550567,0.0024834199,0.00012004775,-0.00013122486,0.0016419913,-5.8936738e-05,-0.00040072628,0.0028858528,-0.0027790568,-0.0012505673,0.0010371006,0.0005495194,0.00050258901,0.0013379062,0.0023316271,0.0049336897,0.0023435082,-0.00013584676,0.003166118,0.0020443391,0.0018394496,0.00041908025,-9.7409073e-06,0.01228957,-0.054876231,-0.0099517315,-2.0125763e-06,-0.0051863074,-0.0067699582,0.0049422934,0.00069718593,-0.0064989203,0.0003277113,0.0016574924,-0.0039602454,0.000118046,0.0018680117,-0.0024938901,-0.0026021358,-0.0014596623,0.0030193178,-0.0093563711,-0.012511146,-0.011503217,8.661299e-06,-0.010862964,-0.0075014209,0.0011379345,-0.0026330744,0.00018841022,-0.0053762891,0.0064668142,-0.0071351238,0.0026178117,0.00089097101
"18",9.6412047e-05,0.0001406608,0.00038182018,4.6336783e-05,-6.1582968e-06,-1.4858819e-06,-7.7303124e-05,3.7813228e-05,-8.3814465e-06,9.5196556e-06,3.0377308e-05,2.4357375e-05,2.8805512e-05,-9.1172777e-05,9.5032625e-05,-6.6941199e-05,0.00022248574,0.00096137917,-0.00023035825,0.00016076306,-3.9309768e-05,-0.0001720285,-7.9604998e-06,7.7685757e-06,7.3693032e-05,3.0904832e-05,0.00032301078,-0.00012005643,-6.0095863e-06,-0.00018685843,-0.00012504895,0.00012098261,-6.8827801e-05,-0.00019067744,9.2871303e-05,2.6848812e-05,-2.213876e-05,2.4212462e-05,-0.00018289836,2.7041459e-05,1.4291937e-05,-0.00088405648,0.00025688446,-0.00020178975,1.7743602e-05,0.00018782191,1.7355275e-05,-6.1432017e-06,-3.4033186e-05,-0.00010326501,-0.00032462331,0.00011697723,-5.2848129e-06,0.00015629948,0.0001213811,-6.5380055e-05,9.0373838e-05,0.00015021114,-0.00010011521,-4.9680272e-05,9.2827124e-05,3.0462864e-06,9.8337035e-05,-3.3870125e-05,-1.3263708e-05,-9.1173944e-05,0.00028504849,-7.0529026e-05,8.7587847e-05,1.4448227e-05,-4.0299336e-05,6.8559498e-06,2.6364316e-06,-8.9100099e-06,-4.233892e-06,2.651675e-05,-2.3478566e-05,-1.8203308e-05,-4.7191394e-05,-6.86311e-05,8.9591746e-06,1.9259592e-05,-7.3712657e-05,5.1865022e-05,-2.0939309e-05,1.8834836e-05,5.1302959e-05,-1.5334109e-05,1.4840761e-05,6.8686151e-06,0.00017630197,-0.0003028549,2.2366608e-05,-0.00068619483,0.00020328992,-0.00015481442,2.6303882e-05,8.7053237e-05,-5.7044437e-06,-4.7739301e-06,2.1046467e-05,-1.3907712e-05,-0.00014090541,7.0011396e-05,2.9700604e-05,0.00010400978,0.0001530624,-7.515334e-05,-3.5991989e-05,9.5751979e-05,-0.00016738223,3.0388279e-05,-4.2134978e-05,-0.00012716004,0.00014052562,-6.7757735e-05,-1.3615022e-05,-3.5180852e-05,1.27485e-05,-1.030396e-05,2.9307563e-05,-6.3931185e-06
"19",0.00036085229,0.0014983799,-0.00077344567,-0.00055415589,5.1263386e-05,-3.9721459e-05,0.00038700034,0.00010192454,4.2470292e-05,-2.6553417e-05,-4.3202121e-05,5.8466789e-05,2.3912682e-05,-0.00082113338,0.00086370137,-9.973089e-05,0.00024659435,-0.00023035825,0.0022985484,-0.00014618889,-0.00016185846,0.00010342277,9.828465e-05,-1.1853417e-05,8.7561715e-05,-0.00011629023,0.00082871314,0.00013355838,1.7772637e-05,-9.6306788e-05,0.00021525346,5.0351383e-05,-2.4527998e-05,-3.8826361e-05,-3.2675943e-05,-0.0001076393,0.00019674723,0.00017857672,0.00012574232,-3.3272957e-06,1.0160855e-05,0.00023123795,-0.0020789601,0.00015441924,0.00013591879,-0.00017475113,-0.00012630745,1.6349892e-05,-0.00019279193,0.00032209231,-0.001336386,-0.00014040341,-2.8825565e-05,6.2669221e-05,-0.00031171849,-0.00011796979,-1.0323944e-05,4.1007783e-05,6.9009395e-05,0.00022758546,-5.3689585e-05,-0.00027184531,-2.7271757e-05,6.9828332e-05,-2.6650502e-05,0.00093313264,6.9435911e-05,0.00055428681,-4.9095024e-06,-8.4731637e-06,0.00014557788,3.6284647e-05,-3.9730061e-06,0.00022620439,-0.00012151455,0.00034655516,9.9562504e-05,-1.3927479e-05,-3.9246208e-05,6.6106388e-05,2.1362941e-05,-0.00021921402,-0.00013449932,-0.00025881508,-5.0288248e-05,-0.00020275399,-4.8463827e-05,8.0375625e-05,-4.3070379e-05,4.1326786e-06,-0.0015541186,0.0022574177,-0.00028430039,-0.0001985332,-0.0014364398,-9.0305945e-05,-0.00025132999,-0.00023144419,-6.0465463e-05,2.0915317e-05,-0.00063177486,0.00027746108,-0.00073171499,-0.00032578518,-1.7417606e-05,9.0156539e-05,-9.617694e-05,-7.3302165e-05,0.00040571806,6.9656222e-05,0.00069199851,0.00015356686,0.00058774542,8.8138068e-06,-0.00052284937,0.00024315246,-4.1237569e-05,0.00059833148,-0.00064154357,0.00047263671,-0.00021340732,7.2937367e-05
"20",-0.00068325924,7.9941051e-05,1.449307e-05,-0.00044591615,1.6989677e-05,3.7623344e-05,-0.00011795562,-3.5133535e-05,-3.1546026e-05,-1.8900472e-05,-6.8676596e-06,8.8461172e-06,5.4991022e-05,-0.001994901,0.0018322718,-0.00061184627,0.001021316,0.00016076306,-0.00014618889,0.0021789955,0.00020756601,8.2868977e-05,5.6209388e-05,2.2242383e-06,0.000393309,-0.00016772,0.00026807131,-0.00021845986,8.6086344e-05,-0.00010314905,-8.9374646e-05,9.6989918e-05,0.0001768621,1.9916933e-05,0.00012473513,4.4015661e-05,-0.00044615538,-6.2722627e-05,0.00089310354,3.1973201e-05,-5.6049905e-06,-0.00017768098,0.00012439423,-0.0020435906,-9.680507e-05,-2.8238631e-05,-5.4071839e-05,-1.5795223e-06,-0.00050497128,0.00023026147,-0.00073517564,0.0001740696,-8.4042057e-05,9.7469838e-05,0.00016995837,-4.3632567e-05,-0.00018456301,6.332196e-05,-0.00026927797,2.9618037e-05,0.00049998617,0.00014373152,-0.00090726519,-5.5319281e-05,2.5044773e-06,0.00018471169,9.2563257e-05,-5.5884054e-05,0.0007316502,-5.1597056e-06,-2.6982212e-05,1.501028e-05,4.5613337e-06,0.00024322503,-0.00010463963,-5.9146742e-05,-8.8756778e-05,1.2252713e-05,-2.0852256e-05,-0.00011375819,6.0667225e-05,4.3033689e-05,-2.5061943e-05,2.0666027e-05,3.7020979e-05,-0.00021242346,-3.8577611e-05,0.00040444107,-3.047112e-06,-1.4087451e-06,-0.00039243677,0.0011495514,8.5090099e-05,-0.00021694153,0.00018826229,-0.0016949133,-0.00021901172,-0.00016186133,5.5713795e-05,-1.6039969e-05,-0.00062746761,0.00034578074,7.0994112e-05,0.00013720126,-6.8344535e-05,7.6985477e-05,0.00019212839,-3.8733308e-05,6.0978373e-05,0.00011528795,1.7617337e-05,2.7549686e-05,0.00061591344,0.00019955553,-0.00097335562,4.7943892e-05,1.4373364e-06,0.00018433425,-0.00025777943,0.00037340541,-4.373853e-05,9.0376197e-06
"21",-0.0010127385,-0.0014325921,-0.0004251151,0.00030424758,-1.0437334e-05,7.3787062e-05,-0.00013864365,-0.00022031237,-3.382271e-06,2.747205e-05,4.8438107e-05,8.2024589e-06,3.910113e-05,-0.00053416392,0.00054023037,-9.7686863e-05,0.00027188877,-3.9309768e-05,-0.00016185846,0.00020756601,0.0020137179,0.00089841141,-7.104306e-05,1.2969126e-06,-0.00011692597,0.00033918338,-0.00055018829,0.00013147847,-3.8245556e-05,2.7887134e-05,-0.00027667134,7.4493146e-05,4.6949743e-05,-1.7735482e-06,-0.00013821803,1.2731148e-06,0.00014781604,-1.5163193e-05,0.00014144345,3.964137e-05,-5.5144325e-06,5.8763049e-05,0.00016962139,-8.978408e-05,-0.0017286134,-0.00069226904,4.9801601e-05,-2.4321453e-06,0.00019245397,-0.00031958631,0.00089842533,-9.1166108e-05,8.9263336e-05,-6.783317e-05,0.00027344659,-2.2681247e-05,-0.0001461597,-4.3583363e-05,-4.8564165e-05,-0.00010825427,-0.00023863185,6.4641016e-05,-7.4212184e-05,-0.00014059315,1.9364686e-05,-0.00025489942,-4.1842349e-05,-4.3650867e-05,-1.4436141e-06,0.00065001843,0.00026186849,-1.5718627e-05,-8.6979385e-06,-0.00022546111,0.00013590843,-0.00026041116,0.0001005426,-2.2991177e-05,3.6541132e-05,-0.00011787659,5.5099361e-05,0.00010283503,3.7183766e-06,0.00011884772,2.1360466e-05,0.00013059006,1.7700554e-06,2.2435827e-05,6.3690573e-05,-6.6177916e-06,0.00046196834,-0.0002073756,1.8753126e-05,0.00018989585,3.6404118e-05,-5.7136062e-05,-0.0014631614,-0.00061173076,7.9979032e-05,6.3356307e-06,0.00053366536,-0.00022199301,0.00076340574,-0.00010636632,7.5578019e-05,-9.9694301e-05,0.00028962184,-6.7285385e-05,-0.00027540722,6.1748395e-05,-0.0002433661,-0.00011688632,-0.000396105,-1.5427283e-05,-8.1666164e-05,-0.0001695802,2.0170657e-05,-0.00027209771,0.00025343058,6.5369653e-05,4.6434257e-05,-1.2004271e-05
"22",0.00045231543,1.1985902e-05,-0.00076048245,-5.584891e-05,-0.00016315897,-1.2383145e-05,0.0003111909,-4.074966e-06,-4.2105011e-05,-1.2513884e-05,-3.306021e-05,6.9166332e-05,-2.8076718e-05,-0.00016548198,0.00027529527,7.0289875e-06,0.0004414327,-0.0001720285,0.00010342277,8.2868977e-05,0.00089841141,0.002739662,-5.6668562e-05,-4.0863447e-06,-7.3044492e-05,-8.709749e-06,-0.00069418737,0.0001939162,-9.5955273e-05,6.934906e-05,-0.00044814333,7.8509096e-05,0.00017289389,-7.547088e-05,0.00017012843,-0.00014511713,-7.1228407e-05,-2.2810692e-05,-0.00028587764,-4.5518589e-05,3.4522509e-06,0.00013819413,-0.00014974926,-1.9070784e-05,-0.00071762874,-0.0023883601,6.0939792e-05,-4.6295326e-06,4.3857005e-05,3.1887496e-05,0.00014009849,-4.8048279e-05,0.00014652555,-0.00013075571,0.00027351575,-0.00014723081,-0.00023432771,-9.8831296e-06,-0.00024717364,9.4385808e-05,7.6097154e-05,-5.2390467e-05,0.00022199373,5.5487685e-05,2.6067069e-06,0.00027996036,2.4091072e-05,1.1829914e-05,-2.6615172e-05,0.00030206014,0.00082327145,-4.8850867e-05,3.0033066e-07,3.6341149e-05,1.2613557e-05,-0.00036390827,0.0001217047,-2.0830666e-05,1.8358909e-05,-0.00013266024,8.8487944e-05,8.7395529e-05,-0.00010323924,0.00015368775,-5.2677164e-05,-9.8646054e-05,6.1379255e-07,-0.00011126068,-3.5996083e-06,-5.6829714e-06,-0.00025183597,-0.0010686696,-0.00057577316,1.0561677e-05,-0.00024309278,-0.00018970472,-0.00054681701,-0.0019520971,7.8754034e-05,-3.6710362e-06,0.00010063805,0.00014836329,0.00031605142,-6.5797411e-05,8.4347152e-05,-0.00010588225,0.00041231149,6.5184634e-05,-0.00044687207,0.00011378528,-0.0005205057,0.00012716908,7.3989595e-07,-0.00011500808,0.00028695648,8.0306091e-05,6.9770816e-06,-7.9036284e-05,7.4034762e-05,-0.00011766121,-1.264609e-05,7.9620888e-05
"23",-0.00012131092,0.00017361066,-0.00035834493,-6.6504223e-05,2.4241195e-05,-1.2858087e-05,7.7150443e-05,-3.8233653e-05,3.0443841e-06,4.1410718e-06,-1.4080675e-05,9.9249403e-06,1.7318544e-05,-0.0013136344,0.0011455358,-0.00039192267,0.000726769,-7.9604998e-06,9.828465e-05,5.6209388e-05,-7.104306e-05,-5.6668562e-05,0.00047805357,-7.0131636e-05,0.00025101274,0.00018294837,8.6843981e-05,-0.00012776707,1.3584435e-05,4.1440479e-05,9.0722544e-05,2.0484984e-05,1.3833497e-05,9.5533469e-05,-3.8714363e-06,-3.3271565e-05,0.00011999995,5.4997243e-05,-1.6748833e-05,3.7648173e-06,-8.7532161e-07,-2.6136113e-06,-0.00013534742,-4.6847258e-05,7.7770867e-05,5.417406e-05,-0.00043282924,6.2193004e-05,-0.00023386763,-0.00013708274,-0.0002169008,0.00012360269,-1.9822582e-05,-2.4000848e-05,-7.1495056e-05,-2.2826447e-05,-1.2138823e-05,-6.0275147e-05,1.6947893e-05,4.4400428e-05,-9.459623e-05,-8.0346074e-05,0.00010253152,1.2546611e-05,-3.6512414e-06,0.0001286227,6.9669595e-06,3.9994235e-05,1.7526513e-05,-1.1253331e-05,-2.9817983e-05,0.00014485713,-2.0621342e-05,9.9699782e-05,7.3331608e-05,-2.0866591e-05,-5.6307961e-05,1.2530277e-05,3.181251e-06,2.6665392e-05,2.276775e-05,-3.5291559e-05,5.1805943e-06,-6.4901166e-05,-3.6963651e-05,8.0632083e-06,1.8058146e-05,2.6356053e-05,-6.0789742e-06,-1.4157325e-07,-0.0002473062,0.00064954689,-1.5127254e-05,-5.6282217e-05,-0.00011618215,-2.131596e-05,1.6284501e-05,9.3390465e-05,-0.00033105564,4.4338489e-05,-0.0003029253,-0.00015132022,3.46126e-05,0.0001881709,-2.1242011e-05,8.6164152e-06,-7.7919113e-05,1.7891044e-05,0.00014636578,-5.3006303e-05,0.00022418593,5.2003814e-05,2.0048866e-05,-5.2483328e-05,-5.731058e-05,6.4002612e-05,-2.9400805e-06,0.00012143597,-0.00013327796,0.00016511392,-3.9638028e-05,3.6568748e-06
"24",2.937959e-05,-2.049336e-05,-2.234166e-06,1.7937802e-05,-7.1618621e-06,3.1583458e-06,3.3486273e-06,9.5600174e-06,-1.6829389e-06,-2.0507429e-07,1.5869311e-07,4.5532753e-06,-1.6290377e-06,8.0847724e-05,-8.304109e-05,2.7154467e-05,-3.4740583e-05,7.7685757e-06,-1.1853417e-05,2.2242383e-06,1.2969126e-06,-4.0863447e-06,-7.0131636e-05,2.7411072e-05,4.752438e-06,6.1606472e-06,1.1750975e-05,-5.0381673e-05,-6.2415589e-06,-2.9796394e-06,-2.1928875e-05,-3.2236546e-06,-7.1721038e-06,-1.1487776e-05,-4.8377986e-06,-1.5090006e-05,5.0141911e-06,2.2250552e-07,-9.1630712e-06,-6.1244483e-06,1.0933932e-06,-6.9528786e-06,1.2615085e-05,-1.5712077e-06,-1.7090154e-06,-5.2801669e-06,6.2086519e-05,-2.3727381e-05,6.1162209e-06,4.8502027e-06,-5.6103436e-05,3.7873058e-05,9.0781396e-06,3.1446778e-06,1.2086131e-05,2.7458536e-06,1.1401496e-05,7.1696213e-06,-2.8753391e-07,1.3275113e-05,1.0216645e-05,2.2956003e-06,6.3382332e-06,3.2623293e-06,-2.4894497e-07,-2.2180526e-05,2.5853905e-06,-3.3866756e-06,3.6138078e-06,-1.0749931e-05,-2.5326015e-06,-2.1146719e-05,8.275853e-06,-8.8087196e-06,-1.7865894e-06,-1.1135937e-05,-2.3754193e-05,-4.3484314e-06,-1.6475848e-06,-3.9934876e-06,-1.9504949e-06,7.9723827e-06,2.9029814e-06,7.5309368e-06,-3.0699393e-06,5.4466699e-06,6.6822199e-06,-1.3559884e-05,-3.9746284e-07,5.0147883e-07,4.3025095e-05,-0.00014821781,-1.0280275e-05,3.4413645e-06,1.2677827e-05,-5.2469355e-06,2.8969112e-05,-5.0736138e-06,4.0037419e-05,-1.7292808e-05,3.3711089e-05,5.0781256e-06,-2.8620337e-05,2.7956332e-05,1.0704574e-05,-3.5710169e-07,1.4288447e-05,1.2381843e-05,-1.9111565e-05,-5.2344781e-07,-3.179756e-05,1.300046e-05,-1.9174463e-05,-1.2527711e-05,4.5954232e-05,-4.4615931e-06,-3.1856177e-07,-2.6086359e-05,2.7327902e-05,-3.1543572e-05,7.2775496e-06,-1.5817424e-07
"25",-0.00025080165,0.0008666611,-5.9507278e-05,-0.0005750205,0.00011239427,-9.9569761e-05,2.0613673e-05,3.2660598e-05,3.4519948e-05,-1.0046806e-05,-7.4607993e-05,-2.8365141e-05,-7.241931e-05,-0.0016120247,0.0014000371,-0.00044323056,0.00065572993,7.3693032e-05,8.7561715e-05,0.000393309,-0.00011692597,-7.3044492e-05,0.00025101274,4.752438e-06,0.0030150487,0.00051967895,0.00060935932,-0.00035206805,4.8195214e-05,-5.5149408e-05,-0.00016203031,-1.0777656e-05,0.00014400025,-0.0001041804,0.0001470793,-3.4024674e-05,-3.7563202e-05,-1.8196032e-05,0.00017596009,-3.1150502e-05,4.139077e-06,-4.7321602e-05,-0.00019280731,-0.00054080908,0.0001161537,4.2709221e-05,-0.00024466334,8.4607807e-06,-0.0027466079,-0.00032258497,-0.00077586112,0.00018873091,-3.2145059e-05,9.0159716e-05,0.00014278253,2.2947727e-05,-9.8498503e-05,0.00011104617,-0.00025189877,9.0416092e-05,0.00018886851,6.3989959e-05,-0.0001882918,6.4355702e-05,-1.1468469e-05,0.00040438656,6.8950106e-05,-4.3479497e-05,0.00018747635,-0.00013562616,6.9910749e-06,6.6413827e-05,-3.4218746e-06,0.0010060975,9.6930102e-05,0.00018153186,-0.00010903522,9.7540164e-06,-4.6343142e-05,-1.4438426e-05,-9.1421568e-06,3.305378e-05,2.9794193e-05,4.6802955e-05,6.5405554e-05,-0.00013549482,-2.6165909e-05,4.2518373e-05,-2.1951329e-05,-3.1326828e-06,-0.00055820547,0.001437984,0.00012031008,-0.00013465209,1.4583388e-05,-0.00049921688,0.00013537965,2.5707671e-05,-0.0001644078,1.4422407e-05,-0.0023681792,-0.00019319806,-0.00037387195,0.00033128303,-1.4713493e-05,0.00014330015,7.3693536e-05,-5.1734793e-05,7.3713973e-06,-4.4046645e-05,-1.7240813e-05,-9.565474e-05,0.0004971847,0.0001296778,-0.00019446786,9.3615959e-05,-1.7507905e-06,0.00031225726,-0.00036859709,0.0003623461,-0.0001097903,7.6267982e-06
"26",0.00017366181,-0.0018984877,-4.6955831e-05,0.00081507195,-0.00016655898,0.00012135106,-0.00013781019,-6.9273911e-05,-0.00010870501,2.0721651e-05,-3.8570708e-05,-2.7676535e-05,-7.6628933e-05,-0.0011353957,0.00065317373,-0.00044273324,0.0014864897,3.0904832e-05,-0.00011629023,-0.00016772,0.00033918338,-8.709749e-06,0.00018294837,6.1606472e-06,0.00051967895,0.0047243819,-0.00016100091,0.00015489301,-2.9181467e-05,-0.0001185721,0.0001242913,4.9471692e-05,-6.8675995e-05,8.3602786e-05,5.9063251e-05,0.00011696347,0.00014268114,-0.00026269332,0.00014167971,5.4728527e-05,-2.5893591e-05,-9.765765e-05,0.00034793306,0.00031879081,-0.00023515298,1.2138616e-05,-0.00014934979,4.6577587e-06,-0.00026014032,-0.0040173226,0.00054440929,-0.00025498592,9.6128788e-05,8.0940511e-05,-0.00010165332,-7.7928628e-05,1.0412513e-05,-0.00019638802,3.9296947e-05,-0.00020349501,-0.00014982582,0.0003122697,-2.3519969e-05,-4.111966e-05,4.8290728e-05,-0.0010788019,-0.00017709425,6.6297987e-05,-7.4175901e-05,5.5568235e-05,-6.8802806e-05,9.8928102e-05,-3.0984794e-06,-0.00013710598,0.0016396174,-0.00029155923,-4.7476226e-05,-3.4089888e-05,-2.1272292e-05,6.2992459e-05,-0.00017008688,8.2225497e-05,0.00021436726,0.00021229586,1.1111916e-05,0.00025431605,5.8417248e-05,3.0936886e-05,-1.0407695e-05,-1.1946874e-05,0.0018882279,-0.0031711164,-0.00010675717,0.00033968754,-6.1945926e-05,0.00043538469,0.00032825611,0.00025693913,-0.00029636615,7.6492598e-06,0.00046787852,-0.0040234881,0.00035228197,7.1403914e-05,9.5466847e-05,-6.8190821e-05,-0.00035516141,0.00050951091,-0.00017577272,-0.00035573067,-0.00072209661,-0.00021435714,-0.00095636555,-0.00013751641,0.00044362902,-0.00016757448,6.3079748e-05,-0.0007205693,0.00076633547,-0.00057020393,0.00022261773,-2.6017431e-05
"27",0.0015908039,0.0054196971,4.8321662e-07,-0.0014917851,0.00025698475,-0.00014252186,0.00083672837,0.00054473391,9.7403e-05,2.0338218e-05,-8.8680973e-06,0.00010918781,0.00015910723,-0.0011513314,0.0017814985,0.00042524908,-0.0011509045,0.00032301078,0.00082871314,0.00026807131,-0.00055018829,-0.00069418737,8.6843981e-05,1.1750975e-05,0.00060935932,-0.00016100091,0.029879531,0.00025580609,0.00024699569,-0.00022510213,0.0003642793,0.00040593651,0.00011774564,-0.00043410748,0.00074448251,9.5039971e-05,-0.00023310793,-0.00010258473,-0.0008625663,-0.00019845775,3.0249749e-05,-0.00037314054,-0.0011769427,-0.00061390902,0.00054622605,0.00033875799,-0.00017300624,-1.3362237e-05,-0.00078041923,0.00059120104,-0.024636817,-0.00068711287,-0.00043016297,0.00029725296,-0.00051492217,-0.00043781523,0.00013356748,0.00031946886,-0.00072744102,0.00028269604,0.00063347425,1.0614556e-05,0.00069347216,0.00042430195,-7.9952065e-05,0.0020722809,0.00030697099,8.6376268e-05,-0.00014811633,-0.00026166997,-0.00020441166,-2.7570266e-05,-9.8371733e-06,0.00066276702,-0.00038653131,0.020578426,0.0001727207,7.5154267e-05,-0.00015118899,0.00018336538,0.00026135319,-0.00022700451,-0.00037623938,-0.00048224788,-0.00011103154,-0.00068099457,-0.00024523176,-0.00011934675,-0.00015883535,1.1717603e-05,-0.0039993965,0.0059371419,-9.0485507e-05,-0.00088175445,-0.00031310637,-0.00030329454,-0.00010405426,0.00042078104,0.00021541956,-8.137484e-06,-0.0019445564,0.00084278728,-0.03892486,-0.00097074436,-0.00039624356,0.00053754903,-0.00034744961,-0.00089345213,0.00074942634,0.00037560368,0.001367577,0.00037289924,0.0022771269,0.00072538372,-0.00050422925,0.00085956966,-8.2736305e-05,0.0016315913,-0.0017845774,0.0010914989,-0.00048588588,9.18736e-05
"28",0.0003532064,6.3388978e-05,0.0010980759,0.00026060631,-2.3427276e-05,4.6883718e-05,-0.00021527393,9.145507e-05,-2.2874806e-06,-5.0463727e-06,-8.4041138e-06,-1.5048742e-05,4.6586995e-05,-2.4336643e-05,0.00012571104,-6.7573192e-05,0.00015264816,-0.00012005643,0.00013355838,-0.00021845986,0.00013147847,0.0001939162,-0.00012776707,-5.0381673e-05,-0.00035206805,0.00015489301,0.00025580609,0.0034839966,5.0229568e-06,-0.00012017086,1.3086274e-05,1.5033334e-05,-6.1019477e-05,0.00062474715,3.9175061e-05,8.7315233e-05,-8.6533717e-05,-8.4704904e-05,0.00011494035,-0.00013682567,6.0067372e-06,9.8178243e-05,-0.00011972193,0.00020341432,-0.00015739693,-7.9078146e-05,0.00014045565,4.26595e-05,0.00019178755,-0.00021731892,-0.0009865317,-0.0030402422,-7.2803798e-06,0.00011995309,-1.0857051e-05,-1.6631359e-05,5.7901289e-05,-0.00069330021,-9.2064477e-06,-0.00012012273,2.8406057e-05,0.0001409713,-0.00029426761,0.0001993805,-5.5280686e-06,7.1270827e-05,5.3395097e-06,-1.2472272e-05,-8.7694742e-05,0.0001240065,0.00011168644,-3.561197e-05,-2.8127526e-05,-9.6962501e-05,9.3771109e-05,-6.003021e-05,0.00095629282,1.9296831e-05,-1.7686352e-05,2.9006604e-05,4.0832238e-05,-2.1469853e-05,0.00015401035,2.8465534e-05,9.6653911e-05,-5.000429e-05,-0.00013465347,6.3748711e-05,-4.8086457e-05,4.7965192e-06,0.00013416546,-0.00025409991,1.1864986e-05,5.3311991e-05,-7.0588888e-05,0.00012503666,-0.00016757044,-3.3758689e-05,0.00016466919,3.4638581e-05,0.00033320404,-0.00011986295,-0.00019724366,-0.0025157803,-6.0822006e-05,8.7946788e-05,-1.1495086e-06,-0.00016534252,-4.5072995e-05,-0.00050110801,-0.00013696567,-9.5507285e-05,7.8896528e-05,0.00011144916,-0.00017064713,8.7438766e-05,7.5800884e-07,-9.67821e-05,5.7870913e-05,-8.4682791e-05,1.8219523e-05,-1.7181897e-05
"29",-3.218534e-05,0.00033482302,0.00027303993,-0.00016703695,4.0109184e-05,-3.0832575e-05,-2.2663591e-05,5.1836404e-06,2.5044433e-05,-1.1940119e-06,-4.3923825e-06,-6.4485714e-06,2.3193455e-05,-0.00059656984,0.00049206978,-0.00012967386,0.00019143422,-6.0095863e-06,1.7772637e-05,8.6086344e-05,-3.8245556e-05,-9.5955273e-05,1.3584435e-05,-6.2415589e-06,4.8195214e-05,-2.9181467e-05,0.00024699569,5.0229568e-06,0.00030006126,-5.8669645e-05,4.8848458e-06,1.9021835e-05,2.5083669e-06,-7.5842012e-05,3.0850255e-05,4.439846e-06,-7.3038969e-05,2.265643e-06,1.7632429e-05,1.3154733e-05,2.159019e-07,1.656211e-05,-3.0064371e-05,-9.806598e-05,4.1328312e-05,0.0001365571,-2.0102347e-05,1.0192328e-05,-4.028577e-05,6.4756989e-05,-0.00036887943,-1.3180551e-05,-0.00027534452,4.9640438e-05,-1.0535297e-05,1.9641402e-05,2.1440163e-05,8.4992301e-05,-2.6971488e-05,3.0445166e-05,9.1656117e-05,6.7712102e-06,-6.8356398e-05,-2.0134996e-07,-3.1054782e-06,0.00014010952,-9.1205332e-09,-4.3077409e-06,1.9634117e-05,-2.1408051e-05,-1.377313e-05,1.3632241e-05,-3.663248e-06,5.0270612e-05,-6.9020844e-05,6.9572933e-05,3.2035205e-05,8.4705326e-05,-2.0356388e-05,-1.0424522e-05,-2.6526779e-05,-4.4573634e-05,-2.2719294e-05,-2.6517221e-05,2.1949907e-06,-9.1792998e-05,-3.0337405e-05,1.9309977e-05,-8.9840351e-06,-1.0190283e-07,-0.00024570914,0.00061494827,5.5356962e-05,-5.083469e-06,2.5227984e-05,-8.2976114e-05,-2.2888587e-05,7.1236138e-05,2.8199988e-06,7.4457784e-06,-0.00012234973,0.00011173874,-0.00016663736,-7.1745878e-05,-0.00023554946,6.7886695e-05,2.2716557e-05,-3.0562402e-05,0.00011832861,3.7791165e-05,0.0001178794,3.1425564e-05,0.00022817329,0.00010289147,-0.0001157528,4.2385355e-05,-1.6521127e-06,0.00012428827,-0.00012634485,0.0001071604,-3.5712042e-05,-2.8805998e-07
"30",-0.00017311129,0.00011580972,-0.00029095104,-0.00012208684,4.5982722e-05,-1.125309e-05,3.6596298e-05,-2.7643321e-05,7.5326946e-06,-7.2189046e-07,-2.5888238e-06,2.0032756e-05,2.5798258e-05,-0.00050793355,0.0002925659,1.1847552e-05,-0.00021671561,-0.00018685843,-9.6306788e-05,-0.00010314905,2.7887134e-05,6.934906e-05,4.1440479e-05,-2.9796394e-06,-5.5149408e-05,-0.0001185721,-0.00022510213,-0.00012017086,-5.8669645e-05,0.00044162699,0.00012539818,6.0251468e-06,-7.6200382e-06,-2.6684095e-05,6.7393001e-05,6.6769571e-05,3.9991395e-05,5.6486509e-05,0.00049534379,9.8602519e-06,-1.5519175e-05,0.00015937868,2.5092001e-05,8.1282087e-05,-4.4797553e-05,-0.00014771125,-2.9058012e-05,3.0481365e-06,8.0932708e-05,9.986601e-05,0.00025510397,0.00010338639,4.6318424e-05,-0.0003169067,-0.00011387587,1.2378418e-05,3.3803538e-05,5.3653475e-05,-3.8412138e-05,-5.9722106e-05,-7.7950484e-05,-4.1539085e-05,-0.00027813861,8.6411571e-07,1.0579006e-05,0.00017384511,-1.4092672e-05,-1.758448e-05,-1.7281782e-05,3.6444092e-05,5.1978815e-05,3.8132252e-06,-1.0041464e-06,6.3775861e-06,-8.5583125e-05,-2.7985049e-05,-2.3409424e-05,-1.9182454e-05,7.2273332e-05,3.7158928e-05,-7.9316091e-07,-4.4451326e-05,-4.4723522e-05,-4.7448514e-05,6.2007233e-06,-4.1598956e-05,-1.4838076e-05,7.7374663e-05,-2.7655607e-06,-7.1365536e-06,-0.00034859024,0.00080454282,6.4042922e-07,1.6558635e-05,1.9653805e-05,1.8486074e-05,-0.00014983578,-0.0001014007,1.4392225e-05,2.9311083e-06,-2.4561657e-05,0.00011862522,0.00020425547,0.00015563286,4.3103682e-05,-0.00015655728,-6.8999373e-05,2.4615618e-05,0.00020420135,6.4527492e-05,0.00018182504,-4.9141607e-05,0.00012910521,8.3977895e-05,-0.00030235757,6.0306961e-05,9.6403435e-06,0.00014958223,-0.00014938161,0.00017137029,-4.7782313e-05,1.0494392e-05
"31",4.3265369e-05,0.0011704042,-0.00074201093,-0.0003560904,9.4260777e-05,-4.065194e-05,0.00025128461,0.0001070643,9.1195484e-05,-7.2183059e-06,6.0585979e-06,1.5992238e-05,-6.5523196e-05,-0.00091172267,0.00064688853,-9.8829137e-05,-0.00015692969,-0.00012504895,0.00021525346,-8.9374646e-05,-0.00027667134,-0.00044814333,9.0722544e-05,-2.1928875e-05,-0.00016203031,0.0001242913,0.0003642793,1.3086274e-05,4.8848458e-06,0.00012539818,0.0020186771,-1.9381605e-05,-6.5662084e-05,0.00030242066,0.00013093729,4.9249884e-06,-6.2655554e-05,-0.00015289946,-0.0003829695,-4.6134916e-06,-5.8171536e-05,9.6912583e-05,-0.00033060286,0.00014006028,0.0002582056,0.00025392465,-7.9158026e-05,1.2716645e-05,0.00012640063,-5.311635e-05,-0.00067934584,2.1289498e-05,-1.6734683e-05,-0.00012200921,-0.0017921112,-2.2818915e-05,0.00011460312,-0.00016130628,-1.4734662e-05,0.00012681607,7.2025828e-05,8.0439115e-05,0.00050092793,4.5409647e-05,3.588405e-05,0.00060378509,1.1571929e-05,3.61429e-05,-0.00010298745,-9.8220258e-05,-7.930097e-05,2.2400036e-05,-4.7313489e-06,0.00013998343,-1.7695158e-05,0.00021949125,7.3590232e-05,-1.2331458e-05,1.0076117e-05,0.00061613668,5.7981589e-05,-0.00013670374,6.2215645e-05,-0.00014375212,1.0894321e-05,-0.00013330719,-0.00012612434,-0.00011601897,-4.9061443e-05,-2.1543078e-05,-0.0011853019,0.0020706108,0.00019756683,-0.00013207162,-5.584002e-05,8.6586303e-05,3.6450688e-05,0.0002605982,-2.995806e-05,1.6704997e-05,-0.00039940917,-0.00011993348,-0.00032916343,-6.4180366e-05,6.8289774e-06,1.151592e-05,-0.0015523831,-0.00022533733,0.00051605045,-0.0001492774,0.00062866946,7.0384417e-05,0.00053326664,0.00042014286,-9.3343616e-07,0.00014882572,4.0619671e-05,0.00049626799,-0.00051051443,0.00039607019,-0.0001424683,1.5151297e-05
"32",0.00014440637,-8.8334631e-05,-0.00039910337,0.00011138713,1.0032777e-05,8.2744055e-06,0.0001084838,3.3076097e-05,-1.4500683e-05,1.1682709e-05,5.4147767e-05,3.9511025e-05,-2.7082444e-06,-0.001335724,0.0010436731,-0.00033017278,0.00070420813,0.00012098261,5.0351383e-05,9.6989918e-05,7.4493146e-05,7.8509096e-05,2.0484984e-05,-3.2236546e-06,-1.0777656e-05,4.9471692e-05,0.00040593651,1.5033334e-05,1.9021835e-05,6.0251468e-06,-1.9381605e-05,0.002115003,0.0011950121,-7.9261849e-05,0.00011196604,4.2688366e-05,3.0270677e-05,-1.7928454e-05,-0.00012358406,-8.3139595e-05,7.6010333e-06,-6.677645e-05,-0.00010464212,-6.7287949e-05,-7.6540803e-05,-0.00012437321,-8.2984662e-06,-2.5272336e-08,6.9746082e-05,-1.2203721e-05,-0.00049032146,-4.7331013e-05,1.8515419e-05,4.6797456e-06,4.3388526e-05,-0.0018413292,-0.0010322497,2.1341223e-05,-0.00011777672,4.8926451e-05,-3.5085212e-05,2.7962121e-05,0.00012241218,0.0001019714,-1.7727951e-06,-0.00012366926,-1.1283315e-05,-3.2894988e-05,6.6370742e-05,4.7852909e-05,4.7669618e-05,6.366803e-06,-9.0091476e-07,-8.7849007e-05,-0.00011937943,0.00014889381,-5.9666779e-06,-2.314173e-05,5.9222244e-07,3.7640754e-05,0.00055892309,0.00035951669,6.5482181e-05,0.00011438929,3.7354651e-05,6.6661811e-05,3.0860791e-05,-0.00014588483,-2.3230171e-05,-1.9809089e-06,0.00037035323,-0.00038946247,-9.5257681e-06,3.848383e-06,-3.7235309e-05,-6.3895273e-05,-8.6265201e-05,-0.00021182268,3.9935203e-05,2.3576335e-06,0.00021720063,0.00023788866,-0.00044578624,-3.5017065e-05,2.9735558e-05,2.668242e-05,1.13612e-05,-0.001476684,-0.0010177243,7.4842118e-06,-0.00031112971,-6.2716501e-06,-0.00027236055,-0.00013158017,0.00042567834,-6.2913359e-08,1.3587786e-06,-0.00010419801,0.00014658338,-0.00017278812,8.8607644e-06,-2.2959245e-06
"33",-0.00029437442,-0.00011475787,-0.00078234794,-0.00028257933,2.6184607e-05,-6.4728105e-07,0.00013309079,-8.061472e-05,1.5461463e-05,-4.0772772e-05,-1.4058346e-05,-2.4655571e-05,-2.0733958e-05,-0.0012000892,0.00093696797,-0.0002920516,0.00025734702,-6.8827801e-05,-2.4527998e-05,0.0001768621,4.6949743e-05,0.00017289389,1.3833497e-05,-7.1721038e-06,0.00014400025,-6.8675995e-05,0.00011774564,-6.1019477e-05,2.5083669e-06,-7.6200382e-06,-6.5662084e-05,0.0011950121,0.001956912,-0.00014549541,0.0001348547,8.4679319e-05,-0.00011506224,2.3131228e-05,-5.6213403e-05,1.5868966e-05,3.0833498e-06,8.9753863e-05,-7.3835842e-05,-0.00015137116,-3.9424942e-05,-0.00023495352,-1.7173509e-05,1.2404254e-05,-0.00010037396,0.00013827051,-0.00023932747,2.7682132e-05,1.3421197e-05,1.5047985e-05,7.7658355e-05,-0.0010173195,-0.0017417376,0.00014547691,-0.00013506619,5.8775562e-05,0.00012092201,-1.1451965e-05,0.00013996715,-2.8217557e-05,3.8275103e-06,6.6009823e-05,1.8139942e-05,-7.1077169e-05,6.1542346e-05,5.908967e-05,0.00011227038,-1.5736434e-05,2.3848793e-06,0.00010553591,-7.2038362e-05,0.00011526574,-3.1539093e-05,1.9914193e-06,-3.097518e-05,-3.8073451e-05,0.00036357015,0.00061586251,-1.0368221e-05,8.5516208e-05,-5.5233955e-06,-6.0235855e-05,3.3172555e-05,-0.00011570469,-1.3704298e-05,-2.7964516e-06,-0.000107706,0.00090255946,0.00016655272,3.542187e-05,9.0014355e-05,-0.0001168096,-0.000221523,-0.00034574137,9.3113654e-05,1.310201e-06,-0.00025533449,0.0003591669,-0.00039691625,0.00014376903,1.9286659e-06,0.00012009524,0.00010594463,-0.0010640913,-0.0014855328,0.00016188611,-0.00012213339,2.3409812e-05,0.00016640476,4.5793934e-05,0.00024887483,2.4167583e-05,-4.0339712e-07,9.6480756e-05,-7.8695601e-05,0.00013285789,-4.2647193e-05,-1.436498e-05
"34",0.00042368358,-0.00093577555,5.9670996e-05,0.0005703096,-0.00011940644,3.1600071e-05,-4.8137408e-05,1.8580637e-05,-6.8137389e-05,1.2552685e-06,1.0466317e-05,-8.0745019e-05,-1.4740798e-05,-0.0021926706,0.0020620731,-0.00087488198,0.0023883614,-0.00019067744,-3.8826361e-05,1.9916933e-05,-1.7735482e-06,-7.547088e-05,9.5533469e-05,-1.1487776e-05,-0.0001041804,8.3602786e-05,-0.00043410748,0.00062474715,-7.5842012e-05,-2.6684095e-05,0.00030242066,-7.9261849e-05,-0.00014549541,0.0026633681,-6.1934669e-05,-3.4464614e-05,1.5068666e-05,0.00010113005,0.0001471217,1.1997325e-05,-3.9528913e-05,0.00015793363,4.9207166e-05,5.2781966e-05,-6.8825624e-05,-1.1706767e-06,-6.1572997e-05,7.0210908e-06,0.0001066086,-0.00015708649,0.00029234403,-0.00073477743,8.8942215e-05,4.4154773e-05,-0.00018488249,1.2904173e-05,0.00011045951,-0.0025921832,0.00012634715,-2.6143509e-05,-0.00013518836,-8.2667819e-05,-0.00014231368,-1.5544697e-05,4.7452614e-05,-0.00056724094,-0.00015323957,1.8753075e-05,-1.1225648e-05,-6.0700066e-05,-0.00011671018,2.2833631e-05,1.3688075e-06,-6.9410721e-05,0.00015809808,-0.00022938289,0.00010833432,6.9359057e-06,-3.13744e-06,0.0001426556,1.1865154e-05,9.1786926e-05,0.00095165442,9.6267317e-05,3.6366949e-05,0.00020492147,0.00013228867,-7.2194917e-05,1.9593814e-05,-1.551165e-05,0.00099066471,-0.0019251289,-0.00015188748,0.00024427603,-6.7607429e-05,0.00013409872,0.00035171151,0.00026678819,-0.00011873308,3.0448573e-06,0.00032095761,-0.00033181482,0.00030767695,-0.00045735225,2.6031038e-05,-3.504581e-05,-0.00031735292,0.00024172899,-0.00017625899,-0.0022174008,-0.00044751385,-0.0001076863,-0.00051012662,-0.00035545293,0.00030513032,-0.00016539377,5.0163973e-05,-0.0004015606,0.00044131011,-0.0004429216,0.00011499776,-1.2225337e-05
"35",6.3746132e-06,0.0011519218,0.00047678287,-0.00050968644,5.2258726e-05,-8.5982476e-05,-3.1052519e-05,5.8005676e-05,1.3133871e-05,-4.2023267e-05,-6.3252768e-05,5.2158227e-06,1.150512e-05,-0.00086545334,0.00073278706,-0.00019717611,5.2973488e-05,9.2871303e-05,-3.2675943e-05,0.00012473513,-0.00013821803,0.00017012843,-3.8714363e-06,-4.8377986e-06,0.0001470793,5.9063251e-05,0.00074448251,3.9175061e-05,3.0850255e-05,6.7393001e-05,0.00013093729,0.00011196604,0.0001348547,-6.1934669e-05,0.0020701903,0.0006444069,-0.00049374823,-6.257949e-05,-9.1270702e-05,1.6811742e-05,2.4947388e-06,-0.00014414048,8.3432836e-06,-0.00027491212,2.5726906e-05,-0.000249985,2.6129607e-05,-1.3716226e-08,-0.00031010895,0.00011801396,-0.0013495431,-3.4666843e-05,-4.1702432e-05,-1.9797164e-05,-3.0470012e-05,-0.00016421942,-5.374123e-05,0.00012179593,-0.001899377,-0.00055590585,0.00051490644,2.5562256e-05,4.4351342e-05,3.2424408e-05,-1.4971757e-05,0.00049914651,0.00012859745,-6.4891223e-05,6.9177517e-05,5.9053567e-05,0.00025400767,-2.9041401e-05,1.4101117e-06,0.00027301336,-8.7465707e-05,0.00010048593,8.0126589e-05,3.1813507e-06,-2.9398782e-05,-1.344625e-05,0.00012208955,5.8721294e-07,-9.1534943e-05,0.00057001142,0.00017806273,-0.00029447833,-7.3308462e-05,-1.2303932e-05,-2.0100874e-05,2.7987728e-06,-0.00096522958,0.0017864595,4.7565155e-05,-0.0003271242,0.00015805122,-0.00030664069,-0.00027233427,-0.00050029535,0.00018164202,-9.7814662e-06,-0.00073226109,0.00021934806,-0.00053307523,-0.00024359566,-3.2505071e-05,9.5863097e-05,0.00015503832,-0.00037012093,0.00010382626,4.5962746e-05,-0.0011663728,-0.00040970704,0.00088167518,0.00024888329,-0.00031883169,0.00012770862,-2.3136987e-05,0.00049833416,-0.00050430217,0.00042590229,-9.4296412e-05,3.5872237e-05
"36",-0.00036951291,-0.00026068663,0.00053364706,6.0108868e-05,1.5061693e-05,-4.0765699e-05,-0.00029393264,-0.00011757458,3.6629489e-05,1.0383712e-05,-4.652934e-05,-5.1835053e-06,-0.00010468251,-0.00042585014,0.0002346621,-8.0315629e-05,4.4144764e-05,2.6848812e-05,-0.0001076393,4.4015661e-05,1.2731148e-06,-0.00014511713,-3.3271565e-05,-1.5090006e-05,-3.4024674e-05,0.00011696347,9.5039971e-05,8.7315233e-05,4.439846e-06,6.6769571e-05,4.9249884e-06,4.2688366e-05,8.4679319e-05,-3.4464614e-05,0.0006444069,0.0020307016,0.0001507994,-7.4477644e-05,1.2598165e-05,4.7657262e-05,-6.5355937e-06,-1.8186723e-05,0.00015378747,6.6959013e-06,-2.168782e-05,0.00011910157,3.6931123e-05,9.5284765e-06,0.00010644117,-0.00013044676,9.5726178e-05,-5.4755701e-05,2.9215241e-05,-6.3784047e-05,8.2006117e-05,1.7626638e-05,2.1784318e-05,-3.2271386e-06,-0.00056707373,-0.0017626182,-0.00018614121,9.717669e-05,-5.3239043e-05,-8.5848958e-05,6.0112519e-06,-7.8389036e-05,-2.8226245e-06,-6.5262603e-05,1.7240027e-06,4.9055648e-05,-4.035952e-05,-3.1772954e-05,-9.7496204e-07,5.4028092e-05,7.4534367e-05,-4.3171913e-05,7.1092304e-05,-4.2834183e-06,-2.4172353e-06,-2.9688127e-05,8.1941745e-06,-2.4940522e-05,6.3017431e-05,0.00021734705,0.00062686491,5.7993454e-05,3.0367937e-05,2.6312004e-06,4.8811468e-06,-4.1300736e-06,0.00023442994,0.0010388215,0.00020129452,4.8316952e-05,0.00013912499,3.6745356e-05,-0.0002232261,7.633559e-05,6.4271565e-05,-3.4718536e-07,-9.0475074e-05,-0.00022712231,0.00014831714,-7.6007225e-06,3.6295723e-05,-1.6983315e-05,0.00011207067,-0.00011184622,0.00010608375,-0.00015047488,-0.00037534829,-0.0015359642,-0.00010867475,0.00017693563,-0.00020150334,-3.2237092e-05,-2.1693702e-07,3.3477181e-05,-4.7503766e-05,0.00017047636,-1.3700343e-05,-4.9321224e-06
"37",0.00019113878,-0.00012342574,2.1433946e-05,0.00021246663,-4.1591532e-05,2.0998247e-05,1.4723964e-05,-1.9599838e-05,1.2248058e-06,1.7623559e-05,5.5810732e-06,0.00011336499,1.687537e-05,-0.00047294684,0.00010253417,-1.491405e-05,0.00013416444,-2.213876e-05,0.00019674723,-0.00044615538,0.00014781604,-7.1228407e-05,0.00011999995,5.0141911e-06,-3.7563202e-05,0.00014268114,-0.00023310793,-8.6533717e-05,-7.3038969e-05,3.9991395e-05,-6.2655554e-05,3.0270677e-05,-0.00011506224,1.5068666e-05,-0.00049374823,0.0001507994,0.0035966085,0.00058423527,-2.1452833e-05,-1.6483417e-05,-1.8526669e-05,0.0001005471,-0.00014680994,0.00055121457,-0.00011165638,3.285868e-05,-8.306079e-05,9.5163555e-06,0.00017793788,-6.318761e-05,0.00037377758,-1.7839378e-05,8.7466287e-05,-4.9868823e-05,4.7720756e-05,-1.0301999e-05,0.00016614104,-0.00014102744,0.00047568014,-0.00014622987,-0.0029963759,-0.00057161145,9.9302581e-05,-1.3370895e-05,1.3316932e-05,-0.00018689882,2.0739434e-05,4.8792445e-05,-0.00016491581,9.1603385e-05,-7.0480105e-06,2.6984504e-05,2.9668832e-06,-0.00010607915,-2.4543824e-05,-0.00014289299,-6.1401995e-05,-5.2146104e-05,2.6800376e-06,1.2491219e-05,-2.1830995e-05,-3.318517e-05,4.0413346e-05,-0.00014414931,2.9076577e-05,0.0011945517,0.00022774923,-0.00015520971,-1.1458673e-05,-1.7621213e-06,0.00027063337,-4.8071731e-05,-9.8061108e-05,-0.00010184165,-0.00012246016,0.00041305813,-0.0002289127,3.7060038e-05,-9.5311267e-05,3.3013925e-06,0.00035226878,-9.753268e-05,0.00022737384,0.00017253779,0.0001152734,-1.2120621e-05,3.8436947e-05,-4.482927e-05,-1.904249e-05,-3.0927535e-05,0.00040878825,-9.1296417e-05,-0.0027314428,-0.00053930272,0.0003076723,6.1023181e-05,-4.3771161e-06,-0.00011191067,0.00011184364,-9.3432079e-05,-1.2834755e-05,1.4689096e-05
"38",0.00026961012,0.0013443641,-0.00022575201,-0.00044143617,8.9770671e-05,-7.1206935e-05,0.00020084216,0.00013731526,7.3771106e-05,-3.0817023e-05,-4.992832e-05,4.830314e-05,0.00015111224,-0.0007403655,0.00056888737,-0.00023373966,0.00020192726,2.4212462e-05,0.00017857672,-6.2722627e-05,-1.5163193e-05,-2.2810692e-05,5.4997243e-05,2.2250552e-07,-1.8196032e-05,-0.00026269332,-0.00010258473,-8.4704904e-05,2.265643e-06,5.6486509e-05,-0.00015289946,-1.7928454e-05,2.3131228e-05,0.00010113005,-6.257949e-05,-7.4477644e-05,0.00058423527,0.0019488333,-5.0422159e-05,-7.6706826e-05,1.1011344e-05,-2.0561338e-05,-0.00031746457,0.00014060543,5.5045984e-05,-4.7835936e-05,-8.0609427e-05,6.8122495e-06,-2.1705254e-05,0.00033629698,-9.1051134e-05,4.9062021e-05,-1.0763375e-05,-2.6094376e-05,0.00010360724,2.3941257e-05,9.5693212e-05,-0.00010560349,7.8183403e-05,0.00015740001,-0.00046755059,-0.0017584646,0.00016937722,0.00013681297,-3.3834534e-05,0.00079735534,0.00017374899,9.5780961e-06,2.7821026e-05,-4.3739006e-06,0.00011682185,2.1607078e-05,6.1157441e-06,0.00027980124,-0.00019670403,3.4686555e-05,-6.2665023e-05,-1.3279363e-05,-2.5609988e-05,-5.3151654e-05,3.1983213e-05,-0.00011095769,-3.8234324e-05,-0.00018393075,4.357832e-05,-2.1418718e-06,0.00048889803,5.8278744e-06,-7.5982819e-05,6.041562e-06,-0.0013324789,0.0024553882,-1.93608e-05,-0.00042491327,-9.2024363e-05,-7.9398747e-05,-0.00032474708,-0.00015144854,-4.9646908e-05,4.0133652e-06,-0.00068244478,0.00044197103,-3.3636193e-05,7.4839112e-05,-7.9781078e-06,9.5204512e-05,0.00021400592,-0.0001852277,0.00040818005,-9.2866077e-05,0.00060081502,0.00016134458,0.000168701,-0.0011116308,-0.00028413561,0.00036367702,-4.8635032e-05,0.00049386341,-0.00052804781,0.00035484173,-0.00019897047,3.9406188e-05
"39",-0.0007226963,-0.0011617263,0.00086443766,7.3675871e-05,6.4587708e-05,4.9518235e-05,-0.00046491745,-0.000100323,-5.9967151e-05,-2.1158046e-06,1.2128172e-05,-2.2074153e-05,9.0917679e-05,-0.0025083134,0.0017362911,-0.0006273053,0.0012873046,-0.00018289836,0.00012574232,0.00089310354,0.00014144345,-0.00028587764,-1.6748833e-05,-9.1630712e-06,0.00017596009,0.00014167971,-0.0008625663,0.00011494035,1.7632429e-05,0.00049534379,-0.0003829695,-0.00012358406,-5.6213403e-05,0.0001471217,-9.1270702e-05,1.2598165e-05,-2.1452833e-05,-5.0422159e-05,0.0032346448,5.2237136e-05,-5.2417488e-06,0.00016405675,4.0425688e-06,-0.00093917273,-0.0001378228,0.00024316064,9.3294462e-05,6.4724447e-06,-0.00015077334,-0.00020076678,0.0011152055,-0.00033852445,-3.8765404e-05,-0.00027080695,0.00053637208,0.00020189784,7.1051054e-05,-0.00014416988,4.9188377e-05,-0.00011749672,1.1013124e-05,0.00024265059,-0.0027123724,-7.2929618e-05,1.3628793e-05,-0.00047972134,-6.4597636e-05,4.0787972e-05,0.00039789277,2.590462e-05,-0.0001593408,2.0756335e-05,-8.6277541e-06,-0.0001195144,0.00015501905,-0.00028903856,-2.0408027e-05,4.1181768e-06,8.7506294e-05,-0.00018770597,-0.00017439139,7.5696036e-06,4.2864571e-05,5.1588883e-05,3.8132183e-06,2.6647486e-05,1.0408853e-06,0.00088669196,4.3626816e-05,1.1190384e-06,0.00073528241,-0.00012520204,0.00012471222,0.00023338516,-0.00012598382,-0.00079018618,-0.00011806056,0.0001871682,5.3842571e-05,1.3050474e-05,0.00027144629,-0.00029725725,0.00091493251,-6.6485049e-05,-1.7310185e-05,-0.000213334,0.00040525276,0.00050172921,0.00016891166,-7.7711119e-05,-0.00013523905,-0.00015808895,-9.0557665e-05,0.00013921592,-0.002231082,-6.7537092e-05,1.3601426e-05,-0.00014062914,0.00018251334,3.1147462e-05,5.1314885e-05,-7.5884879e-06
"40",-0.00011391659,-0.00013604114,9.3580311e-05,2.2437841e-05,1.4585772e-05,4.6997162e-06,-3.4921722e-05,-5.1709222e-06,1.33353e-06,-1.5934289e-05,-2.6169716e-06,-2.458431e-05,8.5692854e-06,-0.00010955061,3.4014785e-05,1.1392243e-05,6.3275355e-06,2.7041459e-05,-3.3272957e-06,3.1973201e-05,3.964137e-05,-4.5518589e-05,3.7648173e-06,-6.1244483e-06,-3.1150502e-05,5.4728527e-05,-0.00019845775,-0.00013682567,1.3154733e-05,9.8602519e-06,-4.6134916e-06,-8.3139595e-05,1.5868966e-05,1.1997325e-05,1.6811742e-05,4.7657262e-05,-1.6483417e-05,-7.6706826e-05,5.2237136e-05,0.00031705145,-1.00653e-06,-3.9336975e-05,2.7844525e-05,-4.3189894e-05,-4.5467519e-05,5.5205981e-05,1.7591278e-05,6.8318547e-07,5.6776931e-05,2.1365643e-06,0.00030322149,0.0001595896,-7.9030389e-06,1.3033551e-06,1.6859832e-05,8.8812752e-05,-3.764577e-05,-5.1389417e-06,-1.1034364e-05,-6.562379e-05,-1.8711855e-05,9.48492e-05,-1.8559859e-05,-0.00029462521,2.9288119e-06,-5.1690304e-05,-1.7941541e-06,-1.2056916e-05,1.4669872e-05,3.5791104e-05,-9.6161841e-06,-3.9322641e-06,6.4823839e-07,-3.4439189e-05,-2.8458594e-05,-3.9372725e-05,-8.2230773e-05,-1.9855879e-06,-1.3598085e-06,-3.6145943e-05,-2.4794924e-05,5.6882348e-06,5.7365523e-06,1.0306661e-05,-4.5014731e-06,-1.243975e-05,-5.4055956e-05,2.7353809e-05,6.3050258e-05,7.4116041e-07,8.5528892e-05,-2.1338952e-05,9.6476638e-05,-1.0535056e-05,1.6840267e-05,-2.2329881e-05,-5.6819937e-05,3.6492757e-05,1.3937386e-05,4.5338363e-07,4.642596e-05,3.6389246e-05,0.00013275981,0.00017314605,1.6973656e-06,1.0050137e-05,2.0086082e-05,-3.470735e-06,-2.5553567e-05,-3.9242418e-06,-4.9160444e-05,-3.674537e-05,1.8756066e-05,0.0001406511,-1.2062153e-05,-0.0002457088,1.0506147e-06,-3.1267517e-05,1.9418941e-05,3.5877181e-06,1.985078e-05,-1.2242892e-05
"41",-2.395165e-05,0.00016010533,-1.3011735e-06,-5.1660716e-05,1.300551e-05,-1.2677497e-05,1.0123554e-05,5.4239094e-06,3.4717923e-06,3.3171935e-06,-3.5475086e-06,1.8907732e-06,8.5218746e-06,-1.9678554e-05,2.6160434e-05,-2.1693686e-06,-5.5103626e-05,1.4291937e-05,1.0160855e-05,-5.6049905e-06,-5.5144325e-06,3.4522509e-06,-8.7532161e-07,1.0933932e-06,4.139077e-06,-2.5893591e-05,3.0249749e-05,6.0067372e-06,2.159019e-07,-1.5519175e-05,-5.8171536e-05,7.6010333e-06,3.0833498e-06,-3.9528913e-05,2.4947388e-06,-6.5355937e-06,-1.8526669e-05,1.1011344e-05,-5.2417488e-06,-1.00653e-06,2.1659273e-05,-1.4995025e-05,-1.7578862e-05,-2.9526765e-06,6.1042888e-06,5.7465711e-06,-2.9855475e-06,-1.4249821e-08,-1.1315664e-05,3.8862524e-05,-5.6217196e-05,-5.7071787e-06,-3.8894031e-06,1.3473696e-05,4.2736814e-05,-4.8493449e-07,6.4642477e-06,4.644747e-05,-4.5222004e-06,9.8300906e-06,2.0436055e-05,-2.4026001e-05,1.5717063e-06,5.2676671e-06,-2.0811411e-05,7.3189167e-05,1.7472223e-05,-1.0682145e-06,-5.0999336e-07,-3.7861589e-06,7.1144429e-07,2.4386298e-07,3.2035766e-07,1.8410554e-05,-2.2568226e-05,1.9002993e-05,7.3001334e-06,-3.0124286e-06,-6.8873829e-06,-2.2167992e-05,4.1704526e-06,-1.0586257e-05,-2.3576858e-05,-1.3002887e-05,-2.6051621e-06,-2.267766e-05,-1.831323e-06,1.0839456e-05,-6.3038327e-07,9.1448565e-06,-0.00013023359,0.00025493841,1.6528934e-07,-3.9357402e-05,-3.8871788e-06,-1.0739744e-05,-2.7226934e-05,1.2264466e-06,7.6534412e-06,-7.397581e-07,-5.1400429e-05,6.0236489e-05,-2.6101848e-05,2.5587392e-06,2.757674e-06,1.9734605e-05,6.1646556e-05,-1.8947459e-05,3.7215823e-05,4.2888383e-05,5.418344e-05,9.3978785e-06,6.3881729e-05,6.7890976e-07,-4.9176449e-05,1.8655705e-05,-2.1866282e-05,5.1817676e-05,-5.9955075e-05,5.3197437e-05,-1.8432766e-05,2.9818057e-06
"42",-0.00037796582,-0.00052445244,-0.00075019452,9.9629406e-05,3.8950898e-06,4.3531042e-05,0.00012778891,-0.00014995674,1.0240757e-05,6.6293949e-06,-2.3484657e-05,-1.3704019e-05,5.0659949e-05,0.00014842999,-2.0639284e-06,4.2775466e-05,0.00010019258,-0.00088405648,0.00023123795,-0.00017768098,5.8763049e-05,0.00013819413,-2.6136113e-06,-6.9528786e-06,-4.7321602e-05,-9.765765e-05,-0.00037314054,9.8178243e-05,1.656211e-05,0.00015937868,9.6912583e-05,-6.677645e-05,8.9753863e-05,0.00015793363,-0.00014414048,-1.8186723e-05,0.0001005471,-2.0561338e-05,0.00016405675,-3.9336975e-05,-1.4995025e-05,0.0016861764,-0.00043275637,0.00032270689,-8.7031766e-05,-0.00026601454,-2.6286253e-05,8.9522118e-06,2.3484687e-05,0.00010051124,0.00094592919,-0.00020437368,6.0030814e-07,-0.00027048123,-0.00019392762,0.00011705031,-0.00020057301,-0.00033221962,0.00015601008,-4.0673911e-05,-0.00028447396,1.7458089e-05,-0.00024320426,6.1254836e-05,2.4469145e-05,-0.00010428282,-0.00038964361,0.0001378603,-7.8456993e-05,8.6760986e-06,4.0857386e-05,-1.8108962e-06,-3.7810311e-06,-1.4532593e-05,-5.0607243e-05,-0.00010247175,-2.3091898e-05,1.9151495e-05,6.0690775e-05,6.9965397e-05,-1.2494485e-05,2.1629366e-05,0.0001318538,-2.1503558e-05,1.1876094e-05,6.7992154e-05,-4.0268146e-05,-2.8663702e-05,-2.2939798e-05,-7.8217295e-06,0.00025925599,-0.00018530608,8.6648881e-05,0.0012720538,-0.00044724537,0.00024963165,-4.1270973e-05,-0.00021099893,-4.2951972e-05,7.6827299e-06,0.00016665327,-9.2981297e-07,0.00047658865,-4.8312549e-05,-1.2502699e-05,-0.00022035086,-0.00019271622,6.355483e-05,-9.6313769e-05,-0.00024270168,2.9515026e-05,-4.3398626e-05,-0.00031458968,9.0269066e-05,-0.00013492425,5.0684732e-05,2.4994085e-05,-0.00012473115,0.00015094025,-7.4756286e-05,8.2456113e-06,-1.8004774e-05
"43",-0.00034871225,-0.0023057258,0.001587362,0.00080941371,-7.9229194e-05,0.00010832913,-0.00067691561,-4.4129973e-05,-6.9929169e-05,1.540451e-05,7.4021431e-05,-2.7733007e-05,6.1638387e-06,0.0011013566,-0.001772377,0.00010252747,-0.00015837008,0.00025688446,-0.0020789601,0.00012439423,0.00016962139,-0.00014974926,-0.00013534742,1.2615085e-05,-0.00019280731,0.00034793306,-0.0011769427,-0.00011972193,-3.0064371e-05,2.5092001e-05,-0.00033060286,-0.00010464212,-7.3835842e-05,4.9207166e-05,8.3432836e-06,0.00015378747,-0.00014680994,-0.00031746457,4.0425688e-06,2.7844525e-05,-1.7578862e-05,-0.00043275637,0.0036127467,-0.00016108563,-0.00017780096,0.00032634888,0.00024099648,-2.8396212e-05,0.0004447879,-0.00068392882,0.0022974463,0.0002620746,4.4090953e-05,-8.2453074e-05,0.00043790112,0.00030761168,1.4588186e-05,-0.00012304351,-2.4152052e-05,-0.00047472933,7.6732669e-05,0.00046005609,0.00019219087,-0.00013540723,4.9501153e-05,-0.001418894,-0.00012723613,-0.00069200911,3.5296682e-05,8.5106469e-06,-0.00022294345,-4.8012445e-05,9.8196465e-06,-0.00041975034,0.00021957735,-0.00045646564,-0.00014132452,2.1893856e-05,4.8878436e-05,-6.203014e-05,-8.4196458e-05,0.00026895477,0.00021669527,0.00039695079,4.4649226e-05,0.0003368596,4.8613062e-05,-9.8775048e-05,6.636001e-05,-9.8098121e-06,0.0023477092,-0.0037990553,0.00029942807,0.0002419973,0.0023477267,7.4366973e-05,0.00038831789,0.00032160193,7.2938293e-05,-2.9838414e-05,0.0011775681,-0.00055356435,0.0011277297,0.00038259151,-3.0471998e-06,-0.00015792999,0.00013139143,0.00025867556,-0.00059678147,-0.00013815549,-0.0011493765,-0.00029557438,-0.0009963364,-7.0072714e-05,0.00080814135,-0.00042170844,6.6002618e-05,-0.00087954592,0.00097865759,-0.00075583403,0.0003399984,-8.1750763e-05
"44",0.0010562032,-0.00058852501,-0.00023058383,0.00078189306,-0.00014127175,3.4789815e-05,0.00020369805,5.7973918e-05,-2.2764567e-05,2.0384741e-05,6.4054391e-05,3.7049326e-05,0.00011339178,0.0018490257,-0.0030329728,0.00079125299,-0.0013972046,-0.00020178975,0.00015441924,-0.0020435906,-8.978408e-05,-1.9070784e-05,-4.6847258e-05,-1.5712077e-06,-0.00054080908,0.00031879081,-0.00061390902,0.00020341432,-9.806598e-05,8.1282087e-05,0.00014006028,-6.7287949e-05,-0.00015137116,5.2781966e-05,-0.00027491212,6.6959013e-06,0.00055121457,0.00014060543,-0.00093917273,-4.3189894e-05,-2.9526765e-06,0.00032270689,-0.00016108563,0.0035460702,6.805647e-05,-2.1065219e-06,6.867546e-05,1.7223895e-05,0.00077246776,-0.00045770158,0.0012557939,-0.00028854383,0.00016954558,-0.00015623476,-0.00028146511,3.0732414e-06,0.00012165702,-0.0001351169,0.00036686625,-4.0346832e-05,-0.000745749,-0.00025612012,0.0015381038,8.3307442e-05,1.4059966e-06,-0.00050272988,-0.00014424424,0.00012901467,-0.00095847863,-7.5827017e-06,-3.9675128e-05,-2.4056774e-05,2.4273778e-06,-0.00042353749,0.00023576689,-7.8220385e-05,7.8316849e-05,-1.881199e-05,2.9720811e-05,0.00015258047,-9.0264015e-05,2.8691794e-08,2.900079e-05,-4.1013853e-05,-2.3832795e-05,0.00039859838,0.00015091403,-0.0005949144,-9.6995324e-06,1.7173605e-06,0.00086083615,-0.0028209307,-0.00034505914,0.00034411344,-0.00036900185,0.0028079133,0.00037208562,0.00023856072,-6.5707513e-05,1.9513189e-05,0.0011453426,-0.0007097351,6.2921789e-05,-0.00024377648,9.1117891e-05,-0.00018860469,-0.0003033855,0.00021396146,-0.00030716707,-4.9489556e-05,-0.00017561324,1.3259283e-05,-0.001263337,-0.00051890658,0.0017203208,-0.00010578351,5.0608911e-06,-0.00050483386,0.00060184461,-0.00070221304,0.00013096563,-6.0568879e-07
"45",0.00087431701,0.0013192148,0.0001888071,-0.00028210296,-3.9805443e-05,-4.6905182e-05,0.00017113726,0.00025486986,-9.1471357e-06,-3.1692243e-05,-6.3030678e-05,6.1327146e-05,-6.2143991e-05,0.00040176072,-0.0008458137,0.00011893332,-0.00040163987,1.7743602e-05,0.00013591879,-9.680507e-05,-0.0017286134,-0.00071762874,7.7770867e-05,-1.7090154e-06,0.0001161537,-0.00023515298,0.00054622605,-0.00015739693,4.1328312e-05,-4.4797553e-05,0.0002582056,-7.6540803e-05,-3.9424942e-05,-6.8825624e-05,2.5726906e-05,-2.168782e-05,-0.00011165638,5.5045984e-05,-0.0001378228,-4.5467519e-05,6.1042888e-06,-8.7031766e-05,-0.00017780096,6.805647e-05,0.0029794185,0.0012436541,-0.00013242411,-1.082969e-06,-0.00014076,0.00045221585,-0.00098940895,0.00035986591,-7.7158717e-05,0.00010191994,-0.00040609963,9.9822811e-05,0.00010270441,6.2208061e-05,4.3097093e-05,3.3057855e-05,0.00028657493,-7.5705827e-06,0.00015048881,0.00014516592,-1.5887533e-05,0.00024023708,2.0978073e-05,6.0063424e-05,1.2913926e-05,-0.00074808659,-0.00031279238,4.5131102e-05,6.6295976e-06,0.00014512652,-7.6963432e-05,0.00024417886,-6.7343924e-05,9.3796726e-06,-3.9736881e-05,0.00012702841,-4.8078817e-05,-9.2212259e-05,-4.3969353e-05,-0.0001530173,-2.6702003e-05,-9.2682999e-05,5.9189323e-07,-2.7309763e-06,-8.222083e-05,6.8702054e-06,-0.00063334824,-0.00039910255,-0.00012706163,-0.00020069636,-8.5901071e-05,-2.4943876e-05,0.0022685655,0.00093691289,-0.00015655807,-1.2520843e-05,-0.00040376542,0.00025099144,-0.00089082763,0.00017090906,-5.3203773e-05,0.00015123847,-0.00035117004,0.00030967191,0.0002998428,9.1060485e-05,0.00024102059,9.1719848e-05,0.00036052462,3.0098292e-05,0.00012959015,0.00019244675,-2.2185279e-05,0.0002192977,-0.000177838,-7.2267273e-05,-1.5441386e-05,1.5708839e-05
"46",-0.00082989016,-0.0001095425,0.001653729,7.3105637e-05,0.00019887091,2.3254806e-05,-0.00058847951,-1.1482916e-05,7.309444e-05,6.7598673e-05,1.2218111e-05,-2.6202403e-05,3.9282615e-05,0.00032090533,-0.00086513231,4.3609768e-05,-0.00095999351,0.00018782191,-0.00017475113,-2.8238631e-05,-0.00069226904,-0.0023883601,5.417406e-05,-5.2801669e-06,4.2709221e-05,1.2138616e-05,0.00033875799,-7.9078146e-05,0.0001365571,-0.00014771125,0.00025392465,-0.00012437321,-0.00023495352,-1.1706767e-06,-0.000249985,0.00011910157,3.285868e-05,-4.7835936e-05,0.00024316064,5.5205981e-05,5.7465711e-06,-0.00026601454,0.00032634888,-2.1065219e-06,0.0012436541,0.0043260223,-3.0891713e-05,-1.2260088e-05,-7.3332524e-05,0.00014181945,-0.0007659159,0.00020851163,-0.00019229056,0.00022503108,-0.00025674627,0.00016913373,0.00018269345,0.0001845472,0.00036645435,-0.00031100926,-0.00012024082,1.0207932e-05,-0.00031511783,-0.0001050203,-6.4072825e-06,-0.00020148187,2.2178652e-05,-5.7679742e-05,-3.1227166e-05,-0.00033333279,-0.0010416986,5.782591e-05,2.6563482e-07,-5.5455504e-05,5.2508817e-05,0.00046888786,-9.5022827e-05,1.9893173e-05,-2.5114304e-05,0.0001313966,-2.955381e-05,-7.6703396e-05,4.7074195e-05,-0.00016331827,7.8761241e-05,0.00011715688,-5.00276e-05,0.00015764494,-1.5757737e-05,6.7985744e-06,9.2149174e-05,0.0012701867,0.00080484187,-9.4726895e-05,0.00038255603,0.00024740675,0.00081630284,0.0031059692,-4.2870128e-05,-1.4431812e-05,-9.7235841e-05,-7.4865563e-06,-0.00071660796,0.0001231696,-0.00012271128,0.00019274021,-0.00037092387,-0.00026615496,0.00049921789,0.00011476849,0.00064309957,-0.00031104337,-8.2473865e-05,0.00018644285,-0.00032717281,-0.00011333895,-1.3240101e-05,1.9228844e-05,-6.4991715e-05,0.00018845549,2.4367389e-05,-0.00012189602
"47",0.0004198322,-0.00020445602,0.00086284842,0.00013892463,-2.5036851e-05,4.5899628e-05,-0.00016710929,0.00013615294,-6.5947024e-06,1.0285164e-06,1.1971431e-05,1.2420887e-05,-4.0682102e-06,0.001135719,-0.002178528,0.00053237642,-0.0013044019,1.7355275e-05,-0.00012630745,-5.4071839e-05,4.9801601e-05,6.0939792e-05,-0.00043282924,6.2086519e-05,-0.00024466334,-0.00014934979,-0.00017300624,0.00014045565,-2.0102347e-05,-2.9058012e-05,-7.9158026e-05,-8.2984662e-06,-1.7173509e-05,-6.1572997e-05,2.6129607e-05,3.6931123e-05,-8.306079e-05,-8.0609427e-05,9.3294462e-05,1.7591278e-05,-2.9855475e-06,-2.6286253e-05,0.00024099648,6.867546e-05,-0.00013242411,-3.0891713e-05,0.00084540017,-0.00012168254,0.00047220881,0.00021473186,0.00035057371,-0.00034485872,1.5929307e-05,4.9370321e-05,0.00015407046,2.2786317e-05,1.8764894e-05,9.1651516e-05,1.6938231e-05,-4.1868486e-05,0.00014425958,0.00020526749,-0.00020537902,-6.7492124e-06,6.6531841e-06,-0.00028690137,-3.2493068e-05,-4.3533995e-05,-4.0845115e-05,2.2096693e-05,3.1310782e-05,-0.00019668867,2.7123385e-05,-0.00020005015,-5.1692022e-05,-4.697779e-05,9.6653751e-05,-1.1277976e-05,-1.0169448e-05,-6.3651556e-05,-3.1486853e-06,5.6588759e-05,-5.3284857e-07,9.8883506e-05,-6.250807e-06,4.8939046e-05,-6.9860816e-06,-2.5601194e-05,-1.3825198e-05,2.0165814e-06,0.00051489542,-0.0012656146,-1.4721257e-05,9.9421589e-05,0.00011052523,0.00010656815,3.9507091e-05,-5.7505012e-05,0.00056386405,-7.4672378e-05,0.00061815558,0.00017278677,6.0689479e-06,-0.00033735752,3.3032614e-05,-2.316107e-06,0.00011183029,-2.7018396e-05,-0.00023165569,5.3370401e-05,-0.00034954006,-1.3485436e-05,-0.00013590082,3.6114638e-05,0.00014421008,-4.9859483e-05,7.4677194e-06,-0.00020280857,0.00026110111,-0.00034605706,7.5595297e-05,-3.8560492e-06
"48",-3.9953879e-05,5.887196e-05,2.0218388e-06,-2.7480354e-05,8.8671549e-06,-5.7976975e-06,2.1545595e-07,-8.7267076e-06,2.6549793e-06,-3.5871428e-07,4.5641419e-08,-3.5583964e-06,1.752193e-05,-8.7271352e-05,0.00014624225,-4.414443e-05,7.884735e-05,-6.1432017e-06,1.6349892e-05,-1.5795223e-06,-2.4321453e-06,-4.6295326e-06,6.2193004e-05,-2.3727381e-05,8.4607807e-06,4.6577587e-06,-1.3362237e-05,4.26595e-05,1.0192328e-05,3.0481365e-06,1.2716645e-05,-2.5272336e-08,1.2404254e-05,7.0210908e-06,-1.3716226e-08,9.5284765e-06,9.5163555e-06,6.8122495e-06,6.4724447e-06,6.8318547e-07,-1.4249821e-08,8.9522118e-06,-2.8396212e-05,1.7223895e-05,-1.082969e-06,-1.2260088e-05,-0.00012168254,4.6572485e-05,-2.9608076e-05,-8.760129e-06,2.8911597e-05,-5.972124e-05,-1.3433761e-05,-2.2571225e-06,-1.7386676e-05,-1.1119617e-05,-1.4646135e-05,-1.7394315e-05,7.6570949e-07,-2.2792186e-05,-4.7915458e-06,-1.818557e-05,-4.8724651e-06,-6.213917e-06,-5.0689359e-07,4.426926e-05,1.6444167e-06,1.0586733e-05,3.6299241e-06,8.0180455e-06,6.4598111e-06,2.8077227e-05,-9.7409056e-06,2.9521804e-05,-7.1773001e-06,3.3670548e-05,2.4856282e-05,5.2509226e-06,2.4202576e-07,5.1188853e-06,-2.7341731e-06,-1.0050915e-05,-1.5973423e-06,-1.0259598e-05,1.2053093e-06,-1.1700991e-05,-7.3745679e-06,9.322466e-06,4.7957567e-06,-8.1283668e-07,-9.6060074e-05,0.00015833764,-1.5862358e-05,-1.9595896e-05,-2.0437786e-05,-4.4389952e-08,-3.7506913e-05,-7.0066221e-06,-7.1566447e-05,2.8161719e-05,-6.7789606e-05,4.2875292e-06,-1.7135154e-05,-3.881863e-05,-1.8357567e-05,4.4321337e-06,-1.0658844e-05,-2.7154346e-06,2.1090896e-05,-6.198602e-06,4.6339815e-05,-5.1111694e-06,3.283699e-05,1.2205319e-05,-3.8816783e-05,-2.0834052e-06,1.4035637e-07,3.5161591e-05,-4.0637565e-05,4.4734357e-05,-9.8580011e-06,3.4740279e-06
"49",6.4493016e-05,-0.0019250311,-0.00044398116,0.00076145406,-0.00016190827,0.00013342708,-4.2976874e-05,-0.00020996828,1.9299251e-05,6.0292176e-05,4.1425008e-05,1.4891274e-05,-0.00011511041,0.0014268274,-0.0026512275,0.00072202851,-0.0018215663,-3.4033186e-05,-0.00019279193,-0.00050497128,0.00019245397,4.3857005e-05,-0.00023386763,6.1162209e-06,-0.0027466079,-0.00026014032,-0.00078041923,0.00019178755,-4.028577e-05,8.0932708e-05,0.00012640063,6.9746082e-05,-0.00010037396,0.0001066086,-0.00031010895,0.00010644117,0.00017793788,-2.1705254e-05,-0.00015077334,5.6776931e-05,-1.1315664e-05,2.3484687e-05,0.0004447879,0.00077246776,-0.00014076,-7.3332524e-05,0.00047220881,-2.9608076e-05,0.0047725086,0.00054902665,0.0011908145,-0.00027396297,7.2069886e-05,-0.00012950118,-0.00011794042,-3.9489473e-05,5.4194212e-05,-0.00010366692,0.00058521973,-2.6308563e-05,-0.00053530028,7.5548583e-05,0.00034416089,-0.00011546215,3.0334783e-05,-0.00061398003,-0.0001185858,-2.2907569e-05,-0.000266298,9.0353497e-05,-6.395679e-05,-0.00012373799,1.8701459e-05,-0.0012666481,-7.0637018e-05,-0.00014781459,0.0001457947,-3.338588e-05,4.653855e-05,4.2347328e-05,-3.305313e-05,0.00010687049,-6.3278233e-06,-5.574759e-05,-1.1198221e-05,0.00023278931,2.8602389e-06,-0.00014321291,-1.5323316e-05,-3.3693366e-06,0.0011740482,-0.0011809259,0.00036778062,0.00036736754,0.00025149864,0.00081614073,-8.1583046e-05,-5.0674828e-05,0.00038022433,-3.935465e-05,0.0038507084,0.0002192641,0.00050388503,-0.00045052473,0.00011193878,-0.00020554743,-0.00017537695,-0.00015348014,-0.00030313384,2.0837782e-05,0.00011326575,-3.840042e-05,-0.00083499017,1.8781979e-05,0.00033797078,-0.00010205652,4.0213761e-05,-0.00049951396,0.0005715084,-0.00041666718,0.00013062215,-6.7081985e-05
"50",-5.8677563e-05,0.0030167207,-0.0001583966,-0.0011143935,0.00021054943,-0.00017569057,0.00032095244,2.6193052e-05,0.00017969397,-2.1175783e-05,-6.3258382e-06,0.00012700502,5.2571264e-06,0.00053336971,-0.0012762981,0.00043199266,-0.0020217967,-0.00010326501,0.00032209231,0.00023026147,-0.00031958631,3.1887496e-05,-0.00013708274,4.8502027e-06,-0.00032258497,-0.0040173226,0.00059120104,-0.00021731892,6.4756989e-05,9.986601e-05,-5.311635e-05,-1.2203721e-05,0.00013827051,-0.00015708649,0.00011801396,-0.00013044676,-6.318761e-05,0.00033629698,-0.00020076678,2.1365643e-06,3.8862524e-05,0.00010051124,-0.00068392882,-0.00045770158,0.00045221585,0.00014181945,0.00021473186,-8.760129e-06,0.00054902665,0.0074881268,-0.0010389898,0.00026023267,-8.7402012e-05,-2.2568035e-05,0.00025131486,2.256989e-06,2.4419988e-05,0.00019881924,-0.00017204936,0.00027332704,0.00014418941,-0.00041824235,0.00027979097,2.7796989e-05,-8.6010363e-05,0.0014481274,0.00012620209,-3.4925078e-05,0.00011777609,-2.0488861e-05,0.00018546573,-9.0584963e-05,-2.4570112e-06,0.00022559033,-0.0018287438,0.0004929006,9.3647716e-05,2.9141157e-05,2.0194712e-05,-8.7782691e-05,0.00014018494,-0.00017082168,-0.0001745446,-0.00025325321,-3.4898888e-05,-0.00034444826,-6.0292388e-05,4.2637483e-07,-1.0145671e-05,1.6408023e-05,-0.0025850273,0.0040278593,0.0001460561,-0.00037034827,-3.2917254e-05,-0.00066971569,-0.00037155669,-0.00019931344,0.00036060409,-9.5433683e-06,-0.00054943493,0.006396678,-0.00087656933,-3.281123e-05,-9.9718164e-05,9.4805573e-05,0.00047537014,-0.0006085531,0.00033732526,0.0003062752,0.00086163729,0.0002959038,0.0014066728,0.00016763474,-0.00043982759,0.0002763549,-8.374178e-05,0.00097017716,-0.0010354177,0.00066948208,-0.00032134946,1.6171986e-05
"51",-0.0033489181,-0.0095426412,0.0007804238,0.0024354773,-0.00016210207,0.00046868043,-0.0017838759,-0.0010376239,-0.00025728558,7.0094329e-05,0.00017529312,-0.00027343382,-0.00040368127,0.0030963044,-0.0026686252,-0.00051476557,0.0018802274,-0.00032462331,-0.001336386,-0.00073517564,0.00089842533,0.00014009849,-0.0002169008,-5.6103436e-05,-0.00077586112,0.00054440929,-0.024636817,-0.0009865317,-0.00036887943,0.00025510397,-0.00067934584,-0.00049032146,-0.00023932747,0.00029234403,-0.0013495431,9.5726178e-05,0.00037377758,-9.1051134e-05,0.0011152055,0.00030322149,-5.6217196e-05,0.00094592919,0.0022974463,0.0012557939,-0.00098940895,-0.0007659159,0.00035057371,2.8911597e-05,0.0011908145,-0.0010389898,0.098134549,0.0018775564,0.0005254952,-0.00070927794,0.00080432223,0.00068448013,-0.00033971746,-0.000532424,0.0013957271,-0.00060456976,-0.0010523087,-8.2703853e-05,-0.0013626639,-0.00088831514,0.00012063698,-0.0038810094,-0.00068711903,-6.542325e-05,-8.9649853e-06,0.00022468897,-8.6170324e-05,-1.2547203e-05,1.6769238e-05,-0.001099552,0.00071653153,-0.010030502,-0.00045046395,2.6406816e-05,0.0001801101,-0.00017496534,-0.00011746648,0.00061354514,0.00064151423,0.00067514259,-1.8144747e-05,0.0010406175,0.00027371962,9.9014916e-05,0.00028953821,-1.7316531e-05,0.0069719403,-0.010085362,-0.00029313998,0.0019804124,0.00052011039,0.0010994684,0.00052785283,-0.00020078625,-0.00023140626,2.2035476e-05,0.0030898645,-0.0015236426,0.072327526,0.0018370877,0.00028381101,-0.00090019618,0.00033622062,0.0013697884,-0.0018219968,-0.0007362665,-0.0019964632,-0.0003068616,-0.0035454646,-0.0012279081,0.00084767335,-0.0015887938,0.00013151188,-0.0027317234,0.0029779517,-0.0017304875,0.00080953764,-0.00011367209
"52",-0.0010242942,-8.4642141e-05,-0.002285034,-0.00038863702,-0.0001011947,-5.6902407e-05,0.00056189808,-0.00020408801,-2.9417831e-05,-4.1944788e-05,1.1902514e-05,2.1719038e-06,-0.00021512178,0.00040085544,2.9158771e-05,-0.00041604868,0.00049451255,0.00011697723,-0.00014040341,0.0001740696,-9.1166108e-05,-4.8048279e-05,0.00012360269,3.7873058e-05,0.00018873091,-0.00025498592,-0.00068711287,-0.0030402422,-1.3180551e-05,0.00010338639,2.1289498e-05,-4.7331013e-05,2.7682132e-05,-0.00073477743,-3.4666843e-05,-5.4755701e-05,-1.7839378e-05,4.9062021e-05,-0.00033852445,0.0001595896,-5.7071787e-06,-0.00020437368,0.0002620746,-0.00028854383,0.00035986591,0.00020851163,-0.00034485872,-5.972124e-05,-0.00027396297,0.00026023267,0.0018775564,0.0066595383,-1.2613252e-05,-0.00032416789,-0.00013171022,3.9582679e-05,-9.1742491e-05,0.0013937849,-6.1607394e-05,0.0001267503,-0.00013843647,-0.00030400792,0.00056247158,-0.00042384231,1.1916663e-05,0.00027653892,2.633483e-05,-2.3422615e-05,0.00012370373,-4.19822e-06,-0.00012107666,8.3120898e-05,2.5695051e-05,0.00029983814,-6.7005083e-05,0.00030164939,-0.0013318229,2.4184871e-05,7.3059512e-05,9.0638803e-05,3.3447461e-05,2.5803119e-05,-0.00025012342,-0.00012197329,-1.139394e-05,-5.9224335e-05,0.0001523964,0.00012717141,0.000109377,-8.7042257e-06,-0.00049361359,0.00052159132,0.00010284313,-0.00019778433,0.00016054905,-0.0002826308,5.6997911e-05,7.1723743e-05,-0.00029797197,-3.5817572e-05,-0.00072059411,0.00015206157,0.00044264666,0.0049019321,-1.050402e-05,-0.00025700275,-0.00021574159,0.00010962989,0.00010706504,0.00099967505,0.00029210678,-6.826188e-05,2.3117313e-05,-0.00017879565,-3.7581091e-05,-0.0003287122,1.1338314e-05,0.00015618937,-0.00016437754,0.00030849995,-3.2271533e-05,-6.223659e-06
"53",-3.9757992e-05,-0.00069942763,-0.0006337115,0.00029493642,-6.233301e-05,3.7642124e-05,4.3784661e-05,-6.3709412e-05,-2.8341211e-05,-1.3559301e-06,-7.7330763e-06,-3.8019664e-06,-2.8472023e-05,0.00051693616,-0.00089751502,0.00019950511,-0.00022880999,-5.2848129e-06,-2.8825565e-05,-8.4042057e-05,8.9263336e-05,0.00014652555,-1.9822582e-05,9.0781396e-06,-3.2145059e-05,9.6128788e-05,-0.00043016297,-7.2803798e-06,-0.00027534452,4.6318424e-05,-1.6734683e-05,1.8515419e-05,1.3421197e-05,8.8942215e-05,-4.1702432e-05,2.9215241e-05,8.7466287e-05,-1.0763375e-05,-3.8765404e-05,-7.9030389e-06,-3.8894031e-06,6.0030814e-07,4.4090953e-05,0.00016954558,-7.7158717e-05,-0.00019229056,1.5929307e-05,-1.3433761e-05,7.2069886e-05,-8.7402012e-05,0.0005254952,-1.2613252e-05,0.000528915,-8.5087751e-05,5.8907098e-06,-9.5622009e-05,-0.00012620173,-0.00012063434,3.4253124e-05,-7.332794e-05,-0.00017072656,2.3389937e-05,0.00013092696,-2.9730813e-06,4.7877484e-06,-0.00028631503,-3.3665437e-05,1.791439e-05,-2.4358384e-05,4.0721104e-06,1.1915093e-05,-1.4665292e-05,5.1041821e-06,-0.00010224263,0.00011461922,-0.00017512208,-1.0455767e-05,-0.0001179278,2.1991868e-05,9.0930318e-06,1.1663302e-05,6.7632942e-05,6.9339329e-05,5.8497918e-05,-1.211701e-05,0.00011237919,4.3214401e-05,-5.3268504e-05,2.2897811e-07,-1.8246472e-06,0.00050464938,-0.0013612293,-0.00014027994,0.00010591223,-9.5482513e-05,0.00010752962,0.00010867743,-9.671073e-05,-1.8492125e-05,-1.1670004e-05,0.00030438653,-0.00019259754,0.00022440612,-5.1846489e-06,0.00039952491,-0.00011228886,-4.6862017e-05,8.5146568e-05,-0.00028091837,-0.00012548197,-0.00028880918,-4.8805347e-05,-0.00037977735,-0.0001275327,0.00028366279,-7.4761222e-05,7.4389611e-06,-0.00022945373,0.00026999214,-0.0002345293,6.0319311e-05,-4.8155267e-06
"54",0.00042758481,-1.7790426e-06,0.00063743804,0.00011592146,-4.1551507e-05,1.7681167e-05,-7.5966803e-05,0.00010262743,-9.3194094e-06,-7.0032704e-07,-9.8107134e-06,-1.457238e-05,-2.9163278e-05,0.00022940963,-0.00058528649,6.4321756e-05,-8.4600456e-05,0.00015629948,6.2669221e-05,9.7469838e-05,-6.783317e-05,-0.00013075571,-2.4000848e-05,3.1446778e-06,9.0159716e-05,8.0940511e-05,0.00029725296,0.00011995309,4.9640438e-05,-0.0003169067,-0.00012200921,4.6797456e-06,1.5047985e-05,4.4154773e-05,-1.9797164e-05,-6.3784047e-05,-4.9868823e-05,-2.6094376e-05,-0.00027080695,1.3033551e-06,1.3473696e-05,-0.00027048123,-8.2453074e-05,-0.00015623476,0.00010191994,0.00022503108,4.9370321e-05,-2.2571225e-06,-0.00012950118,-2.2568035e-05,-0.00070927794,-0.00032416789,-8.5087751e-05,0.00053099424,0.000258191,2.5144427e-05,3.0955521e-05,-6.1952343e-05,8.8462851e-05,0.00012093208,0.000136553,6.2261331e-05,0.00042055452,2.2740598e-05,-2.4065165e-05,-0.00021580324,4.077902e-05,-1.2817434e-05,2.2608679e-05,-4.5560405e-05,-6.0123762e-05,-1.5065879e-05,2.2358345e-06,-1.9425359e-05,9.3077249e-05,-5.1545828e-07,4.7078562e-05,1.6340073e-05,-0.00010116214,-6.1224746e-05,7.2659885e-06,5.2963399e-05,4.790888e-05,5.6438797e-05,-2.2225707e-05,3.1512523e-05,3.2914314e-05,-0.00011928073,3.1361387e-06,7.7406462e-06,0.00041493637,-0.00087498108,1.2590495e-05,-0.00016068223,1.303591e-05,-7.9561687e-05,0.00023043834,0.00016643608,1.0161397e-05,-2.2420991e-06,-2.419952e-05,-0.0001271025,-0.00041428915,-0.00029244893,-6.1886744e-05,0.0003550175,0.0001553143,-1.3279154e-05,-0.00018335065,-8.5517014e-05,-0.00018686857,8.9673396e-05,-4.8225445e-05,-0.00012188884,0.00051488034,-3.6065095e-05,-1.6578292e-05,-0.00012895792,0.00015786857,-0.00024295211,4.9651348e-05,-4.4032146e-06
"55",6.693573e-05,-0.0015293792,0.001317592,0.00045368317,-3.7108493e-05,6.405314e-05,-0.00042173748,-8.480017e-05,-7.0342734e-05,-1.3123162e-05,-1.6988092e-05,-3.5578116e-06,-1.7340846e-05,0.00062589159,-0.0013719155,9.169699e-05,8.9282489e-05,0.0001213811,-0.00031171849,0.00016995837,0.00027344659,0.00027351575,-7.1495056e-05,1.2086131e-05,0.00014278253,-0.00010165332,-0.00051492217,-1.0857051e-05,-1.0535297e-05,-0.00011387587,-0.0017921112,4.3388526e-05,7.7658355e-05,-0.00018488249,-3.0470012e-05,8.2006117e-05,4.7720756e-05,0.00010360724,0.00053637208,1.6859832e-05,4.2736814e-05,-0.00019392762,0.00043790112,-0.00028146511,-0.00040609963,-0.00025674627,0.00015407046,-1.7386676e-05,-0.00011794042,0.00025131486,0.00080432223,-0.00013171022,5.8907098e-06,0.000258191,0.0030797202,-2.237792e-05,-9.0246957e-05,0.00042162037,3.8473237e-05,-0.00016065115,-0.00013142757,-0.00016359117,-0.00079207159,-7.3049082e-05,-6.8472227e-05,-0.00079100097,-2.9475076e-05,-3.1928578e-05,0.00015098202,9.9975591e-05,7.2904072e-05,-5.0180254e-05,4.9272716e-06,-0.00015477307,1.3408345e-05,-0.00028246044,5.2381821e-06,9.0252378e-06,-3.3986274e-05,-0.00075015419,-5.5725309e-05,0.00021611912,2.3889895e-06,0.00025025979,1.3190302e-05,0.00016577119,0.0001700639,0.00016317379,5.4828543e-05,2.1638069e-05,0.0016010086,-0.0020130194,-2.6726707e-06,0.00014228331,0.00011446429,-0.00016112203,-8.7256124e-05,-0.00024028236,6.5936311e-05,-1.6060957e-05,0.00041886194,0.00019046323,0.00045838389,-7.7956505e-05,-3.5008758e-05,7.3501454e-05,0.002266383,0.00012809511,-0.00066999374,0.00013175777,-0.00080910232,-0.00015320646,-0.00062133189,-0.00051079065,-0.00025294651,-0.00015954936,-4.3585809e-05,-0.00057850896,0.00062353808,-0.00049263983,0.00015127197,-2.2415601e-05
"56",-0.000542824,-0.0001012392,0.00083274936,-0.0001101515,2.9358743e-05,3.322821e-07,-0.00024895498,-0.00012906007,-2.7323622e-05,4.137664e-06,-2.6836368e-05,-1.157838e-05,3.7822644e-05,0.0010687792,-0.0017947416,0.00034728975,-0.00088199414,-6.5380055e-05,-0.00011796979,-4.3632567e-05,-2.2681247e-05,-0.00014723081,-2.2826447e-05,2.7458536e-06,2.2947727e-05,-7.7928628e-05,-0.00043781523,-1.6631359e-05,1.9641402e-05,1.2378418e-05,-2.2818915e-05,-0.0018413292,-0.0010173195,1.2904173e-05,-0.00016421942,1.7626638e-05,-1.0301999e-05,2.3941257e-05,0.00020189784,8.8812752e-05,-4.8493449e-07,0.00011705031,0.00030761168,3.0732414e-06,9.9822811e-05,0.00016913373,2.2786317e-05,-1.1119617e-05,-3.9489473e-05,2.256989e-06,0.00068448013,3.9582679e-05,-9.5622009e-05,2.5144427e-05,-2.237792e-05,0.0035172698,0.0018799684,1.9571271e-05,0.0001252612,-0.0001957031,-0.00010052788,2.2231416e-05,-0.00022136428,-0.00025713948,8.7384617e-06,-7.4068968e-05,-4.2674577e-06,-7.0141346e-06,-0.00011012786,-6.3091086e-05,-4.3148332e-05,1.6780623e-05,-2.9280428e-06,-5.6659013e-06,8.5992941e-05,2.3272751e-05,-2.8113625e-06,2.8867322e-05,4.2782901e-06,-5.7270452e-05,-0.00069956693,-0.00040310438,2.7455229e-05,-8.9824833e-05,-5.1916796e-05,1.3732056e-05,-7.1362648e-05,0.00012362417,8.4401293e-05,4.7905355e-06,0.00010933281,0.00053993183,-3.7741466e-05,5.6300572e-05,9.8067104e-05,4.845981e-05,0.00023671491,0.00020367582,-7.2019201e-05,-5.9844099e-06,-6.0468413e-05,-0.00027092616,0.0003301251,0.0001746074,-0.00011187083,-5.4166446e-06,8.0819303e-06,0.0024293757,0.0014213135,-0.00019159342,0.00016347558,-3.8762641e-05,8.7244069e-05,0.00014898889,-0.00040731211,-0.00013955189,-2.989008e-06,8.9850273e-05,-0.00012015354,0.00028643687,2.9667607e-05,1.8828837e-05
"57",0.0010222481,0.0010694132,0.0017984404,0.00012557343,-4.8539755e-05,-7.6026534e-05,-0.00030859474,0.0002021832,9.1247964e-06,3.8497872e-05,-2.148535e-05,-4.6666784e-05,-1.3425948e-05,0.00083014517,-0.0016243763,0.0002751017,-0.00081655228,9.0373838e-05,-1.0323944e-05,-0.00018456301,-0.0001461597,-0.00023432771,-1.2138823e-05,1.1401496e-05,-9.8498503e-05,1.0412513e-05,0.00013356748,5.7901289e-05,2.1440163e-05,3.3803538e-05,0.00011460312,-0.0010322497,-0.0017417376,0.00011045951,-5.374123e-05,2.1784318e-05,0.00016614104,9.5693212e-05,7.1051054e-05,-3.764577e-05,6.4642477e-06,-0.00020057301,1.4588186e-05,0.00012165702,0.00010270441,0.00018269345,1.8764894e-05,-1.4646135e-05,5.4194212e-05,2.4419988e-05,-0.00033971746,-9.1742491e-05,-0.00012620173,3.0955521e-05,-9.0246957e-05,0.0018799684,0.0032445763,-0.0002050725,0.00021993923,-1.4231437e-05,-0.00026668578,-4.301746e-05,-0.00019956201,0.00013667863,-1.6792029e-05,0.00011603967,6.0926621e-05,3.5270633e-05,-9.9061889e-05,-0.00011488837,-8.6251676e-05,1.1821654e-05,-2.6627574e-06,1.9239701e-05,-1.1711635e-05,0.00017362251,6.7157881e-05,1.0574962e-05,1.6155185e-05,8.4565828e-05,-0.00041088222,-0.00075882769,4.63411e-05,-9.1338723e-05,4.6007538e-05,6.4367661e-05,-5.1713348e-05,6.5991281e-05,2.0938454e-05,7.5390143e-06,-3.6106221e-05,0.00026523229,7.1399692e-05,-0.00018735685,-2.3854413e-05,0.0001675567,0.00028390063,0.00030083276,-5.1054755e-05,-1.9170057e-06,-0.00012374291,-0.00029258198,-0.00010667132,-9.4858481e-05,-0.00010598383,-2.1004567e-05,-0.00027703646,0.0013892062,0.0024839447,-0.00032956198,0.00025563891,-0.00013121233,-5.6449501e-05,7.1449785e-05,-0.00029978734,7.6456857e-05,-1.1764802e-05,0.00011585233,-0.00010555224,-0.00010211253,-4.3018988e-06,1.1337091e-05
"58",-0.0011557216,0.0014517106,-0.00027619655,-0.0011203621,0.00023701732,-0.00011472927,-9.6750415e-05,-0.00011576824,0.00010244456,-2.7011472e-05,-3.7029862e-05,8.9020437e-05,-3.668746e-05,0.002010381,-0.0038179672,0.0010149575,-0.0039760084,0.00015021114,4.1007783e-05,6.332196e-05,-4.3583363e-05,-9.8831296e-06,-6.0275147e-05,7.1696213e-06,0.00011104617,-0.00019638802,0.00031946886,-0.00069330021,8.4992301e-05,5.3653475e-05,-0.00016130628,2.1341223e-05,0.00014547691,-0.0025921832,0.00012179593,-3.2271386e-06,-0.00014102744,-0.00010560349,-0.00014416988,-5.1389417e-06,4.644747e-05,-0.00033221962,-0.00012304351,-0.0001351169,6.2208061e-05,0.0001845472,9.1651516e-05,-1.7394315e-05,-0.00010366692,0.00019881924,-0.000532424,0.0013937849,-0.00012063434,-6.1952343e-05,0.00042162037,1.9571271e-05,-0.0002050725,0.0048612669,-0.00027321512,6.7706121e-05,0.00026092746,0.00017343054,0.00018741197,4.6407471e-05,-8.81393e-05,0.0012178701,0.00029158557,-6.4483887e-05,-7.3481965e-06,6.1109851e-05,0.00011430238,-4.1239987e-05,3.750038e-06,0.00023197383,-0.00015860994,0.00033112831,-9.92179e-05,7.5178347e-06,-7.9535987e-06,-9.056264e-05,8.508466e-05,-9.5020861e-05,-0.0012445214,-0.00025025602,-2.8872604e-05,-0.00036562735,-0.00028115185,0.00012090281,-6.4118041e-05,1.9805419e-05,-0.0022676568,0.0049055968,0.00032209579,-0.0006679075,0.0002752158,-0.00015812755,-0.00066142983,-0.00018726318,0.00023473019,-1.6167103e-05,-0.00088532375,0.00041199952,-2.5560994e-05,0.00078574899,-8.8550556e-05,9.3390715e-05,0.00034234061,-0.00059817642,0.00031681459,0.0035165319,0.0010513039,0.00026717428,0.001255672,0.0009204181,-0.0007208189,0.00039118929,-7.7823577e-05,0.00086607032,-0.0010542317,0.0011345115,-0.00027359716,6.7458813e-06
"59",0.00085609475,-0.00091551754,-0.00014597619,0.00052177203,-0.00012693073,7.8057655e-05,-8.3970316e-06,0.00012638028,-5.1282107e-07,3.6639307e-05,4.2465892e-05,2.6001698e-06,2.4604715e-05,0.00076937586,-0.0013202552,0.00036030215,-0.00042417723,-0.00010011521,6.9009395e-05,-0.00026927797,-4.8564165e-05,-0.00024717364,1.6947893e-05,-2.8753391e-07,-0.00025189877,3.9296947e-05,-0.00072744102,-9.2064477e-06,-2.6971488e-05,-3.8412138e-05,-1.4734662e-05,-0.00011777672,-0.00013506619,0.00012634715,-0.001899377,-0.00056707373,0.00047568014,7.8183403e-05,4.9188377e-05,-1.1034364e-05,-4.5222004e-06,0.00015601008,-2.4152052e-05,0.00036686625,4.3097093e-05,0.00036645435,1.6938231e-05,7.6570949e-07,0.00058521973,-0.00017204936,0.0013957271,-6.1607394e-05,3.4253124e-05,8.8462851e-05,3.8473237e-05,0.0001252612,0.00021993923,-0.00027321512,0.0033871669,0.0010268459,-0.00084640745,-0.00010203872,-0.00014033892,0.00010125404,-3.457255e-06,-0.00039443891,-9.5308898e-05,9.6270938e-05,-0.00018553911,-0.00013459984,-0.00024414976,9.2591077e-06,3.0867516e-06,-0.00029491905,0.00011571315,-8.0003791e-05,-5.0983974e-05,6.8645188e-06,-3.3928832e-06,5.8963081e-05,-0.0001147475,6.1865125e-06,6.2540916e-05,-0.00076486824,-0.00021669304,0.00026052916,0.00010022462,-0.0001198728,-1.7820555e-05,8.9835131e-07,0.00083529665,-0.0022515045,-1.9552868e-05,0.00028702993,-0.00025481179,0.00052940818,0.00042780202,0.00053474376,-0.00014364573,5.1320199e-06,0.00087344067,-0.0003227263,0.00027514046,0.00022792389,-5.66385e-06,-1.4705903e-05,-0.00026398099,0.00028067077,-8.7612737e-05,-3.7515187e-05,0.0020138357,0.00068266777,-0.00097184571,-0.00034596304,0.00056452388,-1.0423247e-05,1.3894567e-05,-0.00044206364,0.00052365461,-0.00065971298,0.00010467091,-2.5877577e-05
"60",0.00085390035,0.00099225354,-0.0012133411,-0.00025086694,-6.0454852e-05,-6.5498673e-05,0.00056565404,0.0001126998,3.6662841e-05,1.0058539e-06,-2.5108281e-05,-0.00011792509,-9.1383354e-05,0.0001055986,-0.00025744758,0.00025480141,-0.000656887,-4.9680272e-05,0.00022758546,2.9618037e-05,-0.00010825427,9.4385808e-05,4.4400428e-05,1.3275113e-05,9.0416092e-05,-0.00020349501,0.00028269604,-0.00012012273,3.0445166e-05,-5.9722106e-05,0.00012681607,4.8926451e-05,5.8775562e-05,-2.6143509e-05,-0.00055590585,-0.0017626182,-0.00014622987,0.00015740001,-0.00011749672,-6.562379e-05,9.8300906e-06,-4.0673911e-05,-0.00047472933,-4.0346832e-05,3.3057855e-05,-0.00031100926,-4.1868486e-05,-2.2792186e-05,-2.6308563e-05,0.00027332704,-0.00060456976,0.0001267503,-7.332794e-05,0.00012093208,-0.00016065115,-0.0001957031,-1.4231437e-05,6.7706121e-05,0.0010268459,0.0035818294,0.00022995992,-0.0003859514,9.6329418e-05,0.00019278773,-2.6250619e-05,0.00036705667,4.5503588e-05,8.9929958e-05,-1.0055775e-05,-7.3228988e-05,9.6958601e-05,-9.7212207e-06,3.5015073e-06,0.00011714915,-0.00013063387,8.5953687e-05,-3.9926047e-05,1.1500126e-06,-3.7339158e-05,0.00010006294,-1.6815534e-06,2.2976099e-05,-0.00011246473,-0.00029849521,-0.00069376148,-0.00016604681,5.3135616e-05,-0.00011722393,-8.1228567e-06,5.0833126e-06,-0.00042516757,-1.3911164e-05,7.9054326e-05,-6.962707e-05,-0.00027466559,4.4774247e-05,0.0001169517,-0.00037087254,1.0272245e-05,-2.5585702e-06,-0.00021291844,0.00034379229,-0.0004287564,-1.8181371e-05,-5.1631014e-05,0.00012362604,-0.00022036597,-0.00016424194,-7.4033788e-05,0.00036396122,0.00079526597,0.0025344877,0.00031329364,-0.00041153847,0.00026047504,0.00019010546,-1.8730595e-05,0.00017230656,-0.00012932279,-0.00017072089,-0.00010433044,-1.0905237e-05
"61",0.00054155154,0.0011943652,0.00076749178,-0.00041188718,9.4524269e-06,2.4013736e-06,6.5758322e-05,0.00021184197,1.9178136e-05,8.5940362e-06,2.764811e-06,-2.6500873e-05,9.689574e-05,0.00015704286,-0.00032314894,-2.3035435e-05,-0.00025905391,9.2827124e-05,-5.3689585e-05,0.00049998617,-0.00023863185,7.6097154e-05,-9.459623e-05,1.0216645e-05,0.00018886851,-0.00014982582,0.00063347425,2.8406057e-05,9.1656117e-05,-7.7950484e-05,7.2025828e-05,-3.5085212e-05,0.00012092201,-0.00013518836,0.00051490644,-0.00018614121,-0.0029963759,-0.00046755059,1.1013124e-05,-1.8711855e-05,2.0436055e-05,-0.00028447396,7.6732669e-05,-0.000745749,0.00028657493,-0.00012024082,0.00014425958,-4.7915458e-06,-0.00053530028,0.00014418941,-0.0010523087,-0.00013843647,-0.00017072656,0.000136553,-0.00013142757,-0.00010052788,-0.00026668578,0.00026092746,-0.00084640745,0.00022995992,0.0052234161,0.00091898718,-5.6085631e-05,-5.8647175e-05,-3.28742e-05,0.00024129169,1.2835168e-05,1.4439921e-05,0.00021649591,-9.3376441e-05,9.7565079e-05,-2.0634231e-05,-5.2002067e-06,0.0002184863,4.3871824e-06,0.00022811625,8.2550469e-05,4.8720726e-05,-4.8088547e-05,-1.3088743e-05,3.2704587e-05,5.454773e-05,-4.126616e-05,0.000148241,-5.7412825e-05,-0.0011586724,-0.00023533216,8.9744754e-05,4.2557266e-05,8.7206548e-06,-0.00054583487,4.666934e-05,-3.3178803e-05,-0.0001487831,2.2425193e-05,-0.0006747318,0.0002686194,-0.00023111279,0.00011323992,6.6070297e-06,-0.00082304824,0.00029955602,-0.00069467095,-0.0003773069,-0.00013829772,0.00017060974,-2.4505036e-05,5.4875997e-05,4.4076992e-06,0.00013488884,-0.00045193573,0.00012367008,0.0039050181,0.0007326496,-0.00019327541,-5.3051039e-05,-3.9170753e-05,0.00031440584,-0.00028881061,5.5179906e-05,-4.5058214e-05,4.990683e-06
"62",-5.7638036e-05,-0.0016091859,0.0010016957,0.00055446006,-0.00010925589,8.7952107e-05,-0.00037909618,-6.3032282e-05,-8.8735943e-05,2.7523774e-05,3.5812488e-05,-7.4714569e-05,-0.0001365702,0.00065467275,-0.0012440741,0.00032309539,-0.00085272832,3.0462864e-06,-0.00027184531,0.00014373152,6.4641016e-05,-5.2390467e-05,-8.0346074e-05,2.2956003e-06,6.3989959e-05,0.0003122697,1.0614556e-05,0.0001409713,6.7712102e-06,-4.1539085e-05,8.0439115e-05,2.7962121e-05,-1.1451965e-05,-8.2667819e-05,2.5562256e-05,9.717669e-05,-0.00057161145,-0.0017584646,0.00024265059,9.48492e-05,-2.4026001e-05,1.7458089e-05,0.00046005609,-0.00025612012,-7.5705827e-06,1.0207932e-05,0.00020526749,-1.818557e-05,7.5548583e-05,-0.00041824235,-8.2703853e-05,-0.00030400792,2.3389937e-05,6.2261331e-05,-0.00016359117,2.2231416e-05,-4.301746e-05,0.00017343054,-0.00010203872,-0.0003859514,0.00091898718,0.0032401708,-0.00039864332,-0.00017974895,4.5987004e-05,-0.0010747216,-0.00019277236,-3.6685496e-05,3.893265e-05,-9.4033304e-06,-0.00021854573,-5.7502724e-05,1.840676e-06,-0.00038033057,0.00022608157,-4.3368073e-05,0.00011947444,1.8554297e-05,3.1410246e-05,6.9767837e-05,-9.4943119e-05,0.00014190784,2.1144536e-05,0.00020742577,2.6045627e-05,2.8852497e-05,-0.00057111899,4.090058e-05,4.9191225e-05,-9.444671e-06,0.0019021257,-0.0023536825,0.00032908095,0.00056092292,0.00016929249,1.2517741e-05,0.00036634426,0.00019154574,0.00015861374,-2.1316653e-05,0.00095115714,-0.00060992256,-6.6328431e-06,-0.00025303156,2.0246574e-05,-9.2063678e-05,-0.00025168779,7.8131936e-05,-0.00040557988,0.00030321499,-0.00064383662,-0.00038354599,-4.6508401e-05,0.0019302308,0.00013944161,-0.00032921166,5.8224033e-05,-0.00059945731,0.00063122747,-0.00048339579,0.00021866094,-8.2092964e-05
"63",0.00039335952,0.00079297457,-0.0021189606,-0.00011174151,-2.8529778e-05,-5.7856987e-05,0.00065072243,-2.1152931e-05,1.7500341e-05,-2.1278278e-07,-2.1963093e-05,4.1413504e-05,-9.6411356e-05,0.001724359,-0.0029792333,0.00090354873,-0.0024123914,9.8337035e-05,-2.7271757e-05,-0.00090726519,-7.4212184e-05,0.00022199373,0.00010253152,6.3382332e-06,-0.0001882918,-2.3519969e-05,0.00069347216,-0.00029426761,-6.8356398e-05,-0.00027813861,0.00050092793,0.00012241218,0.00013996715,-0.00014231368,4.4351342e-05,-5.3239043e-05,9.9302581e-05,0.00016937722,-0.0027123724,-1.8559859e-05,1.5717063e-06,-0.00024320426,0.00019219087,0.0015381038,0.00015048881,-0.00031511783,-0.00020537902,-4.8724651e-06,0.00034416089,0.00027979097,-0.0013626639,0.00056247158,0.00013092696,0.00042055452,-0.00079207159,-0.00022136428,-0.00019956201,0.00018741197,-0.00014033892,9.6329418e-05,-5.6085631e-05,-0.00039864332,0.0046490265,4.8396305e-05,-1.7489062e-07,0.00042479458,4.6435559e-05,-6.1942759e-05,-0.00050955903,3.5040348e-05,0.00017454473,1.0927903e-06,8.4003567e-06,8.8341114e-06,-9.7428563e-05,0.00026468291,-8.6585473e-07,-3.9242544e-05,-0.00010139608,0.0002426236,0.00014237327,-1.9437338e-05,-8.1428516e-05,-0.00014528826,-5.7292339e-05,-2.1479424e-05,8.4983872e-05,-0.0011229481,-5.2173434e-05,-4.4258185e-06,-0.00090880446,0.00023503459,-0.00028733884,-0.00042702719,0.00031006121,0.0011174724,-1.6254034e-05,-0.00014069888,-8.2798409e-05,-4.6336272e-06,-0.00013252252,0.00030452945,-0.0010436979,0.00017055736,0.0001111091,0.00036567531,-0.00063187514,-0.00042588563,-0.00022471089,0.0002084133,0.00028574261,0.00023286582,0.00018541761,-0.00029099325,0.0034494942,9.9812923e-05,-9.5389803e-06,0.00022594089,-0.00022464773,8.2101377e-05,-7.3726986e-05,3.462567e-05
"64",0.00068485824,0.00080319916,9.743404e-05,-0.00010361142,-3.9434426e-05,-3.2928017e-05,8.3965523e-05,0.00014221945,2.08065e-06,1.8653971e-05,-4.7565615e-06,4.1893525e-05,2.6227233e-05,-2.7790213e-05,-0.00014528781,7.3252953e-05,-0.00017394804,-3.3870125e-05,6.9828332e-05,-5.5319281e-05,-0.00014059315,5.5487685e-05,1.2546611e-05,3.2623293e-06,6.4355702e-05,-4.111966e-05,0.00042430195,0.0001993805,-2.0134996e-07,8.6411571e-07,4.5409647e-05,0.0001019714,-2.8217557e-05,-1.5544697e-05,3.2424408e-05,-8.5848958e-05,-1.3370895e-05,0.00013681297,-7.2929618e-05,-0.00029462521,5.2676671e-06,6.1254836e-05,-0.00013540723,8.3307442e-05,0.00014516592,-0.0001050203,-6.7492124e-06,-6.213917e-06,-0.00011546215,2.7796989e-05,-0.00088831514,-0.00042384231,-2.9730813e-06,2.2740598e-05,-7.3049082e-05,-0.00025713948,0.00013667863,4.6407471e-05,0.00010125404,0.00019278773,-5.8647175e-05,-0.00017974895,4.8396305e-05,0.0007404422,-1.5632702e-05,0.00026569223,4.6428284e-06,3.2632548e-05,-3.7964918e-05,-6.4456922e-05,4.0340176e-05,-1.0798857e-05,2.2027286e-06,7.2193243e-05,2.8754156e-06,0.00017657631,0.00017732383,-1.0516148e-05,-1.0295776e-05,5.7125135e-05,8.7578158e-05,-2.8892089e-05,-4.8006387e-05,-3.5812303e-05,3.3033501e-05,1.1229607e-06,2.0378273e-05,-4.9718553e-05,-0.00021610964,2.4840854e-06,-0.00045067242,-0.00024126028,-0.00019905223,-1.0755768e-05,-7.4393184e-05,4.6360792e-05,0.00018173617,-0.00010161039,1.0879931e-05,-6.8181711e-06,-0.00014152162,5.8474821e-05,-0.0006569566,-0.00049412977,7.5068961e-07,2.1712127e-05,-5.8880137e-05,-8.969367e-05,0.0001107433,6.0885897e-05,0.00012899217,0.00012676432,5.1135326e-06,-0.00011257892,8.7951014e-05,0.00069403043,-9.9947549e-06,0.000125647,-0.00010683122,-9.3614018e-05,-3.6403076e-05,2.8590287e-05
"65",3.3929049e-06,-0.00032633238,2.123428e-06,0.00011092569,-2.3791676e-05,2.5373718e-05,-2.1235861e-05,-2.1773034e-05,-1.1513329e-05,2.4311616e-07,8.6485869e-06,-7.5383798e-06,-8.9430724e-06,4.4116402e-05,-3.775817e-05,-1.0626505e-05,0.0001238824,-1.3263708e-05,-2.6650502e-05,2.5044773e-06,1.9364686e-05,2.6067069e-06,-3.6512414e-06,-2.4894497e-07,-1.1468469e-05,4.8290728e-05,-7.9952065e-05,-5.5280686e-06,-3.1054782e-06,1.0579006e-05,3.588405e-05,-1.7727951e-06,3.8275103e-06,4.7452614e-05,-1.4971757e-05,6.0112519e-06,1.3316932e-05,-3.3834534e-05,1.3628793e-05,2.9288119e-06,-2.0811411e-05,2.4469145e-05,4.9501153e-05,1.4059966e-06,-1.5887533e-05,-6.4072825e-06,6.6531841e-06,-5.0689359e-07,3.0334783e-05,-8.6010363e-05,0.00012063698,1.1916663e-05,4.7877484e-06,-2.4065165e-05,-6.8472227e-05,8.7384617e-06,-1.6792029e-05,-8.81393e-05,-3.457255e-06,-2.6250619e-05,-3.28742e-05,4.5987004e-05,-1.7489062e-07,-1.5632702e-05,3.6007889e-05,-0.00016812278,-3.2171461e-05,-1.7272495e-06,2.1329751e-06,6.7449654e-06,-8.0113684e-06,1.4274415e-06,-6.29226e-07,-5.1221895e-05,4.1613453e-05,-3.8369948e-05,-1.7573177e-05,3.7790189e-06,1.1860528e-05,1.9595528e-05,-5.6388717e-06,2.8446759e-05,3.974081e-05,3.3318184e-05,2.6435352e-08,4.9899146e-05,5.5397443e-06,-1.5312123e-05,6.2776929e-06,-9.5032067e-06,0.00029655555,-0.00055042789,-2.1105036e-07,8.8514611e-05,1.2654386e-05,1.5622176e-05,5.0826985e-05,-9.7532781e-07,-1.4280895e-05,1.0648278e-06,0.00015299823,-0.00010300455,4.6935258e-05,2.4040556e-05,-7.4877527e-07,-4.1145823e-05,-6.7809572e-05,3.5930033e-05,-9.4633245e-05,-6.3286616e-05,-0.00012825695,-2.2289388e-05,-0.00017015824,-1.6138194e-05,8.9370008e-05,-5.2226646e-05,2.9495636e-05,-0.00011362992,0.00013121199,-0.0001087907,3.9216495e-05,-6.5361844e-06
"66",-0.0012677162,0.0074089639,-0.00018032527,-0.0054267064,0.00066276451,-0.00061132747,0.00012077248,0.0003370934,0.0010006856,-6.2222114e-05,-0.00018248758,0.00010563032,0.00052497922,-0.0011704594,0.0016639367,0.0011590116,-0.0085623133,-9.1173944e-05,0.00093313264,0.00018471169,-0.00025489942,0.00027996036,0.0001286227,-2.2180526e-05,0.00040438656,-0.0010788019,0.0020722809,7.1270827e-05,0.00014010952,0.00017384511,0.00060378509,-0.00012366926,6.6009823e-05,-0.00056724094,0.00049914651,-7.8389036e-05,-0.00018689882,0.00079735534,-0.00047972134,-5.1690304e-05,7.3189167e-05,-0.00010428282,-0.001418894,-0.00050272988,0.00024023708,-0.00020148187,-0.00028690137,4.426926e-05,-0.00061398003,0.0014481274,-0.0038810094,0.00027653892,-0.00028631503,-0.00021580324,-0.00079100097,-7.4068968e-05,0.00011603967,0.0012178701,-0.00039443891,0.00036705667,0.00024129169,-0.0010747216,0.00042479458,0.00026569223,-0.00016812278,0.011148072,0.0015106922,-0.00060919872,0.00011139564,0.00028803564,0.00097750513,-3.6236829e-05,-4.7544911e-06,0.0031182395,-0.0017883431,0.0015577618,0.00067801598,-8.5361443e-05,-0.00031903329,0.00023042047,0.00048098725,-0.0017739437,-0.0015978388,-0.0023835179,0.00029962954,-0.0029974784,-0.0013597406,0.00096643365,-0.00038175794,1.6156689e-05,-0.0174916,0.036382445,0.00095389852,-0.0032688767,0.0016077851,-0.001698375,-0.0046214589,-0.0010401688,0.0010151667,-5.1980134e-06,-0.0074555708,0.0028212669,0.00072360476,-0.00073924083,-0.00040763318,0.0011448973,8.3041514e-05,-0.0023815523,0.005248549,0.0014296087,0.0080885739,-1.8899717e-05,0.0084200351,0.00381798,-0.0062496556,0.0027073007,-0.00025467722,0.0055071394,-0.0062189733,0.0060848211,-0.0024269038,0.00032104236
"67",-0.00010805939,0.0010983305,0.00017238126,-0.00073886031,6.3979095e-05,-9.5222517e-05,-4.6515288e-05,9.3941069e-05,0.00010862381,-4.3891786e-05,-3.1037969e-05,3.7026995e-05,9.9250659e-05,-0.00020413769,0.00024871363,-2.0748699e-05,-0.00074059127,0.00028504849,6.9435911e-05,9.2563257e-05,-4.1842349e-05,2.4091072e-05,6.9669595e-06,2.5853905e-06,6.8950106e-05,-0.00017709425,0.00030697099,5.3395097e-06,-9.1205332e-09,-1.4092672e-05,1.1571929e-05,-1.1283315e-05,1.8139942e-05,-0.00015323957,0.00012859745,-2.8226245e-06,2.0739434e-05,0.00017374899,-6.4597636e-05,-1.7941541e-06,1.7472223e-05,-0.00038964361,-0.00012723613,-0.00014424424,2.0978073e-05,2.2178652e-05,-3.2493068e-05,1.6444167e-06,-0.0001185858,0.00012620209,-0.00068711903,2.633483e-05,-3.3665437e-05,4.077902e-05,-2.9475076e-05,-4.2674577e-06,6.0926621e-05,0.00029158557,-9.5308898e-05,4.5503588e-05,1.2835168e-05,-0.00019277236,4.6435559e-05,4.6428284e-06,-3.2171461e-05,0.0015106922,0.0011205235,-0.00020250065,8.4428423e-05,1.1738203e-06,7.0971922e-05,-1.0417036e-05,1.2975038e-05,0.00049251938,-0.00027113101,0.0002400021,-2.1672035e-05,-2.6850152e-05,-0.00015550885,-5.711482e-05,9.7289404e-05,-0.00024276897,-0.00045654766,-0.00023252292,3.1977317e-05,-0.00038082046,-9.2977836e-05,-3.159399e-05,-1.1393358e-06,1.5190099e-05,-0.002433043,0.0048624512,3.260003e-05,-0.0019073796,0.00037853276,-0.000426556,-0.00056332325,5.1750501e-06,0.00011015406,-1.7977992e-05,-0.0011653806,0.00044606664,-1.1882801e-05,0.000102369,-2.8165107e-05,0.00035111734,0.00015970239,-0.00036809646,0.0006971623,0.00050926309,0.0009024543,2.8390148e-05,0.0011423075,0.00030348995,-0.00053691958,0.00027013286,-5.6690855e-05,0.00073891735,-0.00084462131,0.00081084918,-0.00032973112,4.977203e-05
"68",0.00025471892,-2.3496432e-05,-0.00047046094,0.00032089769,-2.7744896e-05,1.7237479e-05,0.00022146984,-7.3484534e-06,-8.7979946e-05,-6.6533762e-06,-8.5460009e-06,1.5835237e-05,-5.2126673e-07,-0.00015005768,0.00015339508,-0.00057523308,0.0013550567,-7.0529026e-05,0.00055428681,-5.5884054e-05,-4.3650867e-05,1.1829914e-05,3.9994235e-05,-3.3866756e-06,-4.3479497e-05,6.6297987e-05,8.6376268e-05,-1.2472272e-05,-4.3077409e-06,-1.758448e-05,3.61429e-05,-3.2894988e-05,-7.1077169e-05,1.8753075e-05,-6.4891223e-05,-6.5262603e-05,4.8792445e-05,9.5780961e-06,4.0787972e-05,-1.2056916e-05,-1.0682145e-06,0.0001378603,-0.00069200911,0.00012901467,6.0063424e-05,-5.7679742e-05,-4.3533995e-05,1.0586733e-05,-2.2907569e-05,-3.4925078e-05,-6.542325e-05,-2.3422615e-05,1.791439e-05,-1.2817434e-05,-3.1928578e-05,-7.0141346e-06,3.5270633e-05,-6.4483887e-05,9.6270938e-05,8.9929958e-05,1.4439921e-05,-3.6685496e-05,-6.1942759e-05,3.2632548e-05,-1.7272495e-06,-0.00060919872,-0.00020250065,0.0015646218,2.6521378e-05,-4.6241374e-05,5.4839195e-05,8.4909927e-05,-5.8214797e-06,-0.00012540366,0.00016819373,0.00018358848,4.7262892e-05,-1.4637831e-05,-5.9327213e-05,-2.9476683e-05,-6.4259745e-05,-5.4976229e-05,4.372123e-05,6.2275992e-05,-0.00010743603,0.00021926758,9.1819769e-05,0.0002082519,3.5551608e-05,-8.5622055e-07,0.00099898702,-0.0026186433,-0.00021400883,0.00042505964,-0.0024549333,0.00012330994,0.00042794483,-7.9378943e-05,-0.00023991266,2.4454544e-05,0.00036334162,-0.00028710648,-0.00061090744,-7.7948657e-05,7.6709499e-05,1.0881688e-05,8.1833397e-06,0.00028794054,-0.00011155808,-2.7924627e-05,-0.00032760139,0.00020051085,-0.00061282811,-0.00031143147,1.7602044e-06,-0.00014386574,3.5520753e-06,-0.00029974808,0.0003513318,-0.00041202688,0.00014068762,-3.171807e-06
"69",-0.00044174918,-9.0953043e-05,-0.00022675184,-0.00024641785,1.6879795e-05,2.9229546e-07,-5.5587677e-06,-2.3660247e-06,-4.2036907e-05,2.480334e-05,2.7231484e-06,1.0721448e-06,-3.8001038e-05,-0.0006923829,0.00097354316,-0.0014826382,0.0024834199,8.7587847e-05,-4.9095024e-06,0.0007316502,-1.4436141e-06,-2.6615172e-05,1.7526513e-05,3.6138078e-06,0.00018747635,-7.4175901e-05,-0.00014811633,-8.7694742e-05,1.9634117e-05,-1.7281782e-05,-0.00010298745,6.6370742e-05,6.1542346e-05,-1.1225648e-05,6.9177517e-05,1.7240027e-06,-0.00016491581,2.7821026e-05,0.00039789277,1.4669872e-05,-5.0999336e-07,-7.8456993e-05,3.5296682e-05,-0.00095847863,1.2913926e-05,-3.1227166e-05,-4.0845115e-05,3.6299241e-06,-0.000266298,0.00011777609,-8.9649853e-06,0.00012370373,-2.4358384e-05,2.2608679e-05,0.00015098202,-0.00011012786,-9.9061889e-05,-7.3481965e-06,-0.00018553911,-1.0055775e-05,0.00021649591,3.893265e-05,-0.00050955903,-3.7964918e-05,2.1329751e-06,0.00011139564,8.4428423e-05,2.6521378e-05,0.0016465265,9.437649e-05,6.075251e-05,6.0334032e-05,9.3508081e-06,0.00018632932,-0.00013794692,-0.00010908035,-0.0002041567,3.3018282e-06,-5.2112696e-05,-9.6593639e-05,0.00010441123,-5.8960766e-06,1.3401113e-06,-4.8025755e-05,4.304828e-05,-0.0001731464,-1.0486946e-05,0.00077148973,1.1315077e-05,-5.541073e-06,-0.00028729346,0.00019602322,-0.00015215585,-0.00022024078,2.7734388e-05,-0.0026604287,-0.00017759177,-8.918097e-05,-0.0001058984,-1.1136386e-05,-0.00036793593,0.00038040423,0.00013629687,0.00039057253,-4.6510127e-05,6.2399417e-05,0.00027901545,-3.7321462e-05,3.7679539e-05,-3.1480647e-05,-5.4983937e-05,-5.1562359e-05,0.00034966474,7.5327326e-05,-0.0013101735,1.6350245e-05,7.0557806e-06,0.00011143425,-0.00012005146,0.00017544123,-1.1902729e-05,1.3773373e-05
"70",-0.00049092856,-0.00027118021,-0.00019987048,-5.6983253e-05,1.9361473e-05,3.0138472e-05,-1.7999065e-05,-6.9389325e-05,-5.4190818e-07,1.3686637e-05,5.0135934e-06,-4.2064547e-05,5.3039605e-05,-9.5455743e-05,0.00023612354,-0.00015619974,0.00012004775,1.4448227e-05,-8.4731637e-06,-5.1597056e-06,0.00065001843,0.00030206014,-1.1253331e-05,-1.0749931e-05,-0.00013562616,5.5568235e-05,-0.00026166997,0.0001240065,-2.1408051e-05,3.6444092e-05,-9.8220258e-05,4.7852909e-05,5.908967e-05,-6.0700066e-05,5.9053567e-05,4.9055648e-05,9.1603385e-05,-4.3739006e-06,2.590462e-05,3.5791104e-05,-3.7861589e-06,8.6760986e-06,8.5106469e-06,-7.5827017e-06,-0.00074808659,-0.00033333279,2.2096693e-05,8.0180455e-06,9.0353497e-05,-2.0488861e-05,0.00022468897,-4.19822e-06,4.0721104e-06,-4.5560405e-05,9.9975591e-05,-6.3091086e-05,-0.00011488837,6.1109851e-05,-0.00013459984,-7.3228988e-05,-9.3376441e-05,-9.4033304e-06,3.5040348e-05,-6.4456922e-05,6.7449654e-06,0.00028803564,1.1738203e-06,-4.6241374e-05,9.437649e-05,0.001593652,0.00076784802,-0.0001119639,-8.4005969e-06,7.9777385e-05,-5.6971472e-05,-7.4983504e-05,0.00016892442,-2.2334592e-05,4.2404548e-05,-0.00023293917,-2.3557441e-05,-0.00010598399,-0.00012883238,-5.2790221e-05,-8.1542287e-05,-6.1795569e-05,5.1188724e-05,0.00019242827,5.8390065e-05,1.9856903e-06,-0.00051368044,0.00086068827,-0.00017714375,-2.1207269e-05,0.00012193751,-0.0002233016,-0.0025206322,-0.0011049604,0.00020444409,1.62433e-05,-0.00014197966,0.00021369696,0.00041252171,-7.3783537e-05,-3.2191128e-05,-8.2137506e-05,0.00044330522,5.19429e-05,0.00011490166,0.00022603296,9.382035e-05,8.9071545e-05,7.0523671e-05,-1.4259453e-05,-0.00039824471,-5.2342912e-05,-6.1351633e-08,0.00010273222,-0.00012440695,0.00023760092,-5.9111823e-05,2.3117796e-05
"71",0.00015453534,0.00070323453,-0.00030495478,-0.00045865914,1.5534927e-05,-3.4416245e-05,0.00016264069,7.7835636e-05,8.5616125e-05,-1.0671412e-05,-1.987555e-05,5.8435241e-05,4.3944729e-05,-0.00012541255,0.00016572541,-5.1225106e-05,-0.00013122486,-4.0299336e-05,0.00014557788,-2.6982212e-05,0.00026186849,0.00082327145,-2.9817983e-05,-2.5326015e-06,6.9910749e-06,-6.8802806e-05,-0.00020441166,0.00011168644,-1.377313e-05,5.1978815e-05,-7.930097e-05,4.7669618e-05,0.00011227038,-0.00011671018,0.00025400767,-4.035952e-05,-7.0480105e-06,0.00011682185,-0.0001593408,-9.6161841e-06,7.1144429e-07,4.0857386e-05,-0.00022294345,-3.9675128e-05,-0.00031279238,-0.0010416986,3.1310782e-05,6.4598111e-06,-6.395679e-05,0.00018546573,-8.6170324e-05,-0.00012107666,1.1915093e-05,-6.0123762e-05,7.2904072e-05,-4.3148332e-05,-8.6251676e-05,0.00011430238,-0.00024414976,9.6958601e-05,9.7565079e-05,-0.00021854573,0.00017454473,4.0340176e-05,-8.0113684e-06,0.00097750513,7.0971922e-05,5.4839195e-05,6.075251e-05,0.00076784802,0.0022683082,-0.00012108306,-9.7992159e-06,0.00026093859,-0.00021065591,-0.00085537388,0.00028955085,3.6924717e-06,9.64796e-06,-0.00028047924,-9.8068614e-06,-0.00016571526,-0.00015406918,6.8620724e-05,-0.0001969303,-0.00035914657,-0.00015653081,1.2579624e-06,-3.1544208e-05,4.6754355e-06,-0.0014607716,0.0022678824,-0.00022409352,-0.00021156265,-0.00012772263,-0.00027019515,-0.0014321774,-0.0034923505,0.00026930903,8.0668346e-06,-0.0005370691,0.00046844952,0.0015044033,-0.00027892877,-6.4586682e-05,-2.3617752e-06,0.00059342873,-0.00012142578,0.00025912106,8.8964423e-05,7.931369e-05,0.00046668568,0.00067670154,0.00023839467,-0.00035025031,0.00020899045,-2.1951304e-05,0.00048219682,-0.00048306258,0.00041517578,-0.00020945315,4.3929363e-05
"72",-7.7950447e-05,2.6450555e-05,-9.8156241e-05,1.2790426e-05,-3.3647858e-06,-9.2307174e-06,2.2311084e-05,-3.4630282e-05,-5.7396787e-06,-2.6411439e-06,-2.8490518e-05,-7.4567868e-06,3.6780238e-05,-0.00040201662,0.00055708776,-0.001054003,0.0016419913,6.8559498e-06,3.6284647e-05,1.501028e-05,-1.5718627e-05,-4.8850867e-05,0.00014485713,-2.1146719e-05,6.6413827e-05,9.8928102e-05,-2.7570266e-05,-3.561197e-05,1.3632241e-05,3.8132252e-06,2.2400036e-05,6.366803e-06,-1.5736434e-05,2.2833631e-05,-2.9041401e-05,-3.1772954e-05,2.6984504e-05,2.1607078e-05,2.0756335e-05,-3.9322641e-06,2.4386298e-07,-1.8108962e-06,-4.8012445e-05,-2.4056774e-05,4.5131102e-05,5.782591e-05,-0.00019668867,2.8077227e-05,-0.00012373799,-9.0584963e-05,-1.2547203e-05,8.3120898e-05,-1.4665292e-05,-1.5065879e-05,-5.0180254e-05,1.6780623e-05,1.1821654e-05,-4.1239987e-05,9.2591077e-06,-9.7212207e-06,-2.0634231e-05,-5.7502724e-05,1.0927903e-06,-1.0798857e-05,1.4274415e-06,-3.6236829e-05,-1.0417036e-05,8.4909927e-05,6.0334032e-05,-0.0001119639,-0.00012108306,0.00040323204,-5.9507436e-05,0.00018238505,0.00019093747,-0.00016712429,-0.00013465191,9.0120774e-06,2.0238358e-05,3.8404737e-05,5.42505e-05,7.703052e-06,9.6642553e-05,-0.00011171483,-3.7131722e-05,0.00011289885,4.7299607e-05,7.4151881e-05,2.2354241e-06,-1.0771351e-06,1.7888469e-05,2.4212336e-05,7.3149487e-06,-1.7053061e-05,-0.0001369495,-0.00010893087,0.00017901724,0.00020276348,-0.00062954118,9.2097012e-05,-0.00031763937,-0.00021406103,0.00025792582,0.00022138961,-5.4552362e-06,-2.970184e-05,-8.0291428e-05,-3.1959963e-05,2.6632474e-05,-0.00015111667,0.00015997771,5.3080101e-05,-0.00011562367,-9.1617282e-05,-0.00011354315,-5.1711773e-06,-4.3587707e-07,1.1316461e-07,-1.3172853e-05,3.8751262e-05,8.3133679e-06,8.4884278e-06
"73",4.938975e-06,-2.9396668e-05,-2.9860266e-05,8.6637862e-06,-5.9500102e-06,5.4335926e-06,3.5099006e-06,1.9524705e-06,-1.4211628e-06,2.2779328e-06,8.5901285e-06,2.6956458e-06,-2.3972965e-06,2.3798867e-05,-4.4219802e-05,5.4502544e-05,-5.8936738e-05,2.6364316e-06,-3.9730061e-06,4.5613337e-06,-8.6979385e-06,3.0033066e-07,-2.0621342e-05,8.275853e-06,-3.4218746e-06,-3.0984794e-06,-9.8371733e-06,-2.8127526e-05,-3.663248e-06,-1.0041464e-06,-4.7313489e-06,-9.0091476e-07,2.3848793e-06,1.3688075e-06,1.4101117e-06,-9.7496204e-07,2.9668832e-06,6.1157441e-06,-8.6277541e-06,6.4823839e-07,3.2035766e-07,-3.7810311e-06,9.8196465e-06,2.4273778e-06,6.6295976e-06,2.6563482e-07,2.7123385e-05,-9.7409056e-06,1.8701459e-05,-2.4570112e-06,1.6769238e-05,2.5695051e-05,5.1041821e-06,2.2358345e-06,4.9272716e-06,-2.9280428e-06,-2.6627574e-06,3.750038e-06,3.0867516e-06,3.5015073e-06,-5.2002067e-06,1.840676e-06,8.4003567e-06,2.2027286e-06,-6.29226e-07,-4.7544911e-06,1.2975038e-05,-5.8214797e-06,9.3508081e-06,-8.4005969e-06,-9.7992159e-06,-5.9507436e-05,2.4998758e-05,-4.6771473e-06,3.8672687e-06,6.2639526e-07,-5.2300686e-05,-4.3108374e-06,-3.4615446e-06,-1.1245957e-05,-1.0809409e-05,-1.3241856e-06,-9.904183e-06,1.1393792e-05,-2.7241671e-06,-2.3910614e-06,4.4067642e-06,-2.6494867e-05,-8.3574595e-06,1.8433108e-06,3.1610345e-06,-0.00012657402,-1.7588081e-05,-1.5125206e-05,8.9902368e-06,-1.017444e-05,3.0123953e-05,7.6341159e-06,8.8028488e-05,-3.7122261e-05,2.325123e-05,-2.1115239e-05,-1.7615488e-05,8.1363071e-05,6.5373557e-06,2.8254899e-06,2.472755e-05,3.2327252e-05,-4.6641004e-07,1.4624529e-05,-3.3455866e-05,9.6890518e-07,-1.4504721e-05,-1.4702757e-05,4.8335947e-05,3.7459972e-06,-2.2971418e-06,-1.033762e-05,1.4857006e-05,-1.6318327e-05,5.5657147e-06,8.546583e-07
"74",-0.00042814054,0.0023388404,3.5899438e-06,-0.001754446,0.00018469561,-0.00018347747,-4.8710031e-05,0.0001247817,0.00031262548,-4.1121699e-06,-5.2755355e-05,-0.00011357539,4.8393352e-05,-0.00079394492,0.0011703756,-0.001057515,-0.00040072628,-8.9100099e-06,0.00022620439,0.00024322503,-0.00022546111,3.6341149e-05,9.9699782e-05,-8.8087196e-06,0.0010060975,-0.00013710598,0.00066276702,-9.6962501e-05,5.0270612e-05,6.3775861e-06,0.00013998343,-8.7849007e-05,0.00010553591,-6.9410721e-05,0.00027301336,5.4028092e-05,-0.00010607915,0.00027980124,-0.0001195144,-3.4439189e-05,1.8410554e-05,-1.4532593e-05,-0.00041975034,-0.00042353749,0.00014512652,-5.5455504e-05,-0.00020005015,2.9521804e-05,-0.0012666481,0.00022559033,-0.001099552,0.00029983814,-0.00010224263,-1.9425359e-05,-0.00015477307,-5.6659013e-06,1.9239701e-05,0.00023197383,-0.00029491905,0.00011714915,0.0002184863,-0.00038033057,8.8341114e-06,7.2193243e-05,-5.1221895e-05,0.0031182395,0.00049251938,-0.00012540366,0.00018632932,7.9777385e-05,0.00026093859,0.00018238505,-4.6771473e-06,0.0029840592,4.9335183e-05,0.00061810091,-3.1988458e-06,-1.545403e-05,-0.00015465276,0.00012266269,0.00027300564,-0.00032776187,-0.00023360859,-0.00059563815,0.00021790968,-0.00080118537,-0.00027943413,0.00018340248,-0.00011780429,5.5348152e-06,-0.0047959233,0.011075025,0.00039947384,-0.0010632814,0.00041929522,-0.00076597726,-0.0013535705,-0.00027066722,-9.9133314e-06,1.2607032e-05,-0.0054741472,-5.9799739e-06,0.00030729356,0.00012407458,-0.00014517594,0.00047686419,1.4503202e-05,-0.00097152559,0.0012874287,-1.7955228e-05,0.0020690095,-0.00028512306,0.0025297214,0.00091290072,-0.0016464079,0.00073262925,-8.5347263e-05,0.0016376001,-0.0018716019,0.001852032,-0.00072417428,8.112377e-05
"75",0.00031285638,-0.0015507971,-1.3135783e-05,0.00093965899,-0.00018088862,0.00014902205,-6.6964745e-06,-7.9773243e-06,-0.00016373582,1.1708131e-05,3.6679334e-05,-3.894469e-05,-1.9905791e-05,-0.00012587211,-2.3188761e-05,-0.0013887408,0.0028858528,-4.233892e-06,-0.00012151455,-0.00010463963,0.00013590843,1.2613557e-05,7.3331608e-05,-1.7865894e-06,9.6930102e-05,0.0016396174,-0.00038653131,9.3771109e-05,-6.9020844e-05,-8.5583125e-05,-1.7695158e-05,-0.00011937943,-7.2038362e-05,0.00015809808,-8.7465707e-05,7.4534367e-05,-2.4543824e-05,-0.00019670403,0.00015501905,-2.8458594e-05,-2.2568226e-05,-5.0607243e-05,0.00021957735,0.00023576689,-7.6963432e-05,5.2508817e-05,-5.1692022e-05,-7.1773001e-06,-7.0637018e-05,-0.0018287438,0.00071653153,-6.7005083e-05,0.00011461922,9.3077249e-05,1.3408345e-05,8.5992941e-05,-1.1711635e-05,-0.00015860994,0.00011571315,-0.00013063387,4.3871824e-06,0.00022608157,-9.7428563e-05,2.8754156e-06,4.1613453e-05,-0.0017883431,-0.00027113101,0.00016819373,-0.00013794692,-5.6971472e-05,-0.00021065591,0.00019093747,3.8672687e-06,4.9335183e-05,0.0043120743,-0.00012593774,-7.9712975e-05,5.8257509e-05,9.7420331e-06,0.00019124893,1.1031982e-05,0.00032725448,0.00030871126,0.00046315346,6.6959425e-05,0.00043185756,0.00021971314,-0.00018825087,8.8936961e-05,-1.5153454e-05,0.0028142755,-0.0060789047,-0.0004490255,0.00042256812,-0.00038381539,0.00058111864,0.00089875298,0.00046619572,-0.00037959448,-2.0623942e-05,0.00042821338,-0.0061202514,-0.00018767569,5.7640139e-05,1.1141918e-05,-8.8584956e-05,-0.00051425196,0.00061308332,-0.00085958152,-0.00030335718,-0.0014815362,-0.0001817151,-0.0010990101,-0.00050780392,0.0011284835,-0.0003978714,5.9935638e-05,-0.00093318597,0.0010434948,-0.0010043089,0.00037641099,2.4166789e-05
"76",0.00046743166,0.0027624877,6.2317974e-05,-0.00095782888,0.00017137316,-0.00011167344,0.00039575366,0.00016753886,1.928685e-05,-1.484835e-05,-5.0734929e-05,0.00010113529,0.00020784526,3.4721367e-05,-5.7987423e-05,0.0010147354,-0.0027790568,2.651675e-05,0.00034655516,-5.9146742e-05,-0.00026041116,-0.00036390827,-2.0866591e-05,-1.1135937e-05,0.00018153186,-0.00029155923,0.020578426,-6.003021e-05,6.9572933e-05,-2.7985049e-05,0.00021949125,0.00014889381,0.00011526574,-0.00022938289,0.00010048593,-4.3171913e-05,-0.00014289299,3.4686555e-05,-0.00028903856,-3.9372725e-05,1.9002993e-05,-0.00010247175,-0.00045646564,-7.8220385e-05,0.00024417886,0.00046888786,-4.697779e-05,3.3670548e-05,-0.00014781459,0.0004929006,-0.010030502,0.00030164939,-0.00017512208,-5.1545828e-07,-0.00028246044,2.3272751e-05,0.00017362251,0.00033112831,-8.0003791e-05,8.5953687e-05,0.00022811625,-4.3368073e-05,0.00026468291,0.00017657631,-3.8369948e-05,0.0015577618,0.0002400021,0.00018358848,-0.00010908035,-7.4983504e-05,-0.00085537388,-0.00016712429,6.2639526e-07,0.00061810091,-0.00012593774,0.042193408,0.00012620714,6.8310793e-05,-0.00022908013,-7.299639e-05,0.00017752256,-1.5917006e-05,-0.00044843283,-0.00044491392,5.7215287e-05,-0.00051542736,-0.00064169379,-0.00023808402,-0.0001824141,1.1411306e-05,-0.0026429414,0.0045277556,4.2434538e-05,-0.00047939765,-0.00032981576,3.0617093e-05,-0.00022252657,0.0015142699,0.0003768893,4.3652153e-06,-0.0012610325,0.00042443834,-0.063586287,-0.00042335113,-0.00020333183,0.00053059502,0.00011143317,-0.00037964175,0.00024736556,0.00067554951,0.0012724571,9.2838012e-05,0.0014903887,0.001266504,-0.00013088279,0.00056607161,-5.9753121e-05,0.00093359507,-0.0010768231,0.00070634064,-0.00034669321,6.0544127e-05
"77",0.00021280054,0.00066194155,0.00070822467,-0.00026366586,8.0746129e-05,-5.8487511e-05,-0.0001638762,5.8959336e-05,6.5404988e-05,-1.5221286e-05,-6.1640772e-05,1.2052521e-05,6.7551319e-05,2.0917916e-06,-0.00032090618,0.00026631661,-0.0012505673,-2.3478566e-05,9.9562504e-05,-8.8756778e-05,0.0001005426,0.0001217047,-5.6307961e-05,-2.3754193e-05,-0.00010903522,-4.7476226e-05,0.0001727207,0.00095629282,3.2035205e-05,-2.3409424e-05,7.3590232e-05,-5.9666779e-06,-3.1539093e-05,0.00010833432,8.0126589e-05,7.1092304e-05,-6.1401995e-05,-6.2665023e-05,-2.0408027e-05,-8.2230773e-05,7.3001334e-06,-2.3091898e-05,-0.00014132452,7.8316849e-05,-6.7343924e-05,-9.5022827e-05,9.6653751e-05,2.4856282e-05,0.0001457947,9.3647716e-05,-0.00045046395,-0.0013318229,-1.0455767e-05,4.7078562e-05,5.2381821e-06,-2.8113625e-06,6.7157881e-05,-9.92179e-05,-5.0983974e-05,-3.9926047e-05,8.2550469e-05,0.00011947444,-8.6585473e-07,0.00017732383,-1.7573177e-05,0.00067801598,-2.1672035e-05,4.7262892e-05,-0.0002041567,0.00016892442,0.00028955085,-0.00013465191,-5.2300686e-05,-3.1988458e-06,-7.9712975e-05,0.00012620714,0.003271951,-7.1748672e-06,-8.9687172e-05,-5.1064478e-06,3.2022751e-07,-0.00014257054,0.00032613565,-9.8192533e-05,0.00010363107,-0.00025969701,-0.00030956534,0.00017416221,-0.00014175387,1.7404589e-06,-0.0010070928,0.0030322383,7.5414288e-05,-1.6077712e-05,-2.2102181e-05,0.00025513645,-0.0004915574,-0.00024481973,0.00032323623,7.6922033e-05,-0.00015661373,0.00017452724,8.0702749e-05,-0.0052523591,-5.8769906e-05,0.00021319355,7.903098e-05,-0.00023649141,0.00038387612,-0.00065037107,0.00059700322,-8.9394214e-05,0.00065801046,0.00063740032,-0.00056624341,0.00040626354,-2.2373834e-05,0.00038537402,-0.00040449361,0.00036929704,-0.00019691279,3.0708626e-05
"78",4.1569326e-06,-4.5449931e-06,0.00010176555,6.2971234e-06,9.1854826e-06,1.0002869e-05,1.092125e-05,3.2329831e-05,-6.1741326e-06,2.1511816e-06,3.1583861e-05,9.5309423e-06,3.7271012e-05,-0.00013409588,0.00019999871,-0.00058024808,0.0010371006,-1.8203308e-05,-1.3927479e-05,1.2252713e-05,-2.2991177e-05,-2.0830666e-05,1.2530277e-05,-4.3484314e-06,9.7540164e-06,-3.4089888e-05,7.5154267e-05,1.9296831e-05,8.4705326e-05,-1.9182454e-05,-1.2331458e-05,-2.314173e-05,1.9914193e-06,6.9359057e-06,3.1813507e-06,-4.2834183e-06,-5.2146104e-05,-1.3279363e-05,4.1181768e-06,-1.9855879e-06,-3.0124286e-06,1.9151495e-05,2.1893856e-05,-1.881199e-05,9.3796726e-06,1.9893173e-05,-1.1277976e-05,5.2509226e-06,-3.338588e-05,2.9141157e-05,2.6406816e-05,2.4184871e-05,-0.0001179278,1.6340073e-05,9.0252378e-06,2.8867322e-05,1.0574962e-05,7.5178347e-06,6.8645188e-06,1.1500126e-06,4.8720726e-05,1.8554297e-05,-3.9242544e-05,-1.0516148e-05,3.7790189e-06,-8.5361443e-05,-2.6850152e-05,-1.4637831e-05,3.3018282e-06,-2.2334592e-05,3.6924717e-06,9.0120774e-06,-4.3108374e-06,-1.545403e-05,5.8257509e-05,6.8310793e-05,-7.1748672e-06,0.00027566941,-3.0344292e-05,2.1390652e-05,1.6939643e-05,-1.4943133e-05,4.1860339e-05,4.650165e-05,-1.4256684e-05,2.4717568e-05,1.2421627e-05,-2.6364007e-05,1.1718093e-05,-6.5013303e-06,1.5868254e-05,-0.00027087971,-0.00010950358,2.7172797e-05,5.7910132e-05,-3.6123656e-05,8.7403323e-06,1.2493811e-06,-1.2770154e-05,8.1692338e-06,-1.7851936e-05,-3.9106997e-05,-4.0964197e-05,-3.2420061e-05,-0.00043462609,2.7487155e-05,-4.9440741e-05,2.2170189e-05,-2.6188611e-05,-0.00010366817,-9.715645e-05,9.2142343e-06,1.343222e-05,-4.6552696e-06,5.2298625e-05,-2.4138688e-05,1.3662652e-05,-3.8049115e-05,4.2096381e-05,-5.5941487e-05,1.694027e-05,1.0398458e-05
"79",-6.2045555e-05,-0.00019592846,-5.0080899e-05,0.00015959581,-2.7285131e-06,2.0367327e-05,-2.079191e-06,-1.0993411e-05,-3.163857e-05,-8.4146639e-06,-2.3261152e-06,-4.124331e-06,-3.2083251e-05,3.240806e-05,6.6774528e-05,-0.00025561275,0.0005495194,-4.7191394e-05,-3.9246208e-05,-2.0852256e-05,3.6541132e-05,1.8358909e-05,3.181251e-06,-1.6475848e-06,-4.6343142e-05,-2.1272292e-05,-0.00015118899,-1.7686352e-05,-2.0356388e-05,7.2273332e-05,1.0076117e-05,5.9222244e-07,-3.097518e-05,-3.13744e-06,-2.9398782e-05,-2.4172353e-06,2.6800376e-06,-2.5609988e-05,8.7506294e-05,-1.3598085e-06,-6.8873829e-06,6.0690775e-05,4.8878436e-05,2.9720811e-05,-3.9736881e-05,-2.5114304e-05,-1.0169448e-05,2.4202576e-07,4.653855e-05,2.0194712e-05,0.0001801101,7.3059512e-05,2.1991868e-05,-0.00010116214,-3.3986274e-05,4.2782901e-06,1.6155185e-05,-7.9535987e-06,-3.3928832e-06,-3.7339158e-05,-4.8088547e-05,3.1410246e-05,-0.00010139608,-1.0295776e-05,1.1860528e-05,-0.00031903329,-0.00015550885,-5.9327213e-05,-5.2112696e-05,4.2404548e-05,9.64796e-06,2.0238358e-05,-3.4615446e-06,-0.00015465276,9.7420331e-06,-0.00022908013,-8.9687172e-05,-3.0344292e-05,0.0002372941,7.640305e-05,-5.8843175e-06,1.8717581e-05,3.0369083e-05,8.9110306e-05,1.7106519e-05,9.9003187e-05,4.8879658e-05,0.00026147158,2.0065156e-05,-1.4434227e-05,0.00051393663,-0.0011195028,3.0084423e-05,0.00028605449,8.6117698e-05,0.00012074368,5.3504155e-05,-6.2944628e-05,-5.8148667e-05,4.0379588e-06,0.00035416538,2.2699152e-05,0.00029507906,0.00017624061,5.593724e-05,-0.00037481631,-0.00011007106,4.0294362e-05,-8.4321656e-05,2.8525603e-05,-0.00025198466,-4.5872345e-05,-0.00033869922,-0.00012899638,-0.00023746117,-8.9616349e-05,2.7726626e-05,-0.00015134916,0.00016545525,-0.00015144405,8.0313181e-05,-1.9622771e-05
"80",-2.144273e-05,0.00029997159,-0.0003282761,-8.8295657e-05,-7.692008e-06,-1.8043439e-05,5.8578645e-05,2.7807343e-05,1.8354261e-05,-2.451644e-05,-3.1254684e-05,-2.7416089e-05,-0.0001095862,-0.00015334592,0.00018426816,-0.00059641519,0.00050258901,-6.86311e-05,6.6106388e-05,-0.00011375819,-0.00011787659,-0.00013266024,2.6665392e-05,-3.9934876e-06,-1.4438426e-05,6.2992459e-05,0.00018336538,2.9006604e-05,-1.0424522e-05,3.7158928e-05,0.00061613668,3.7640754e-05,-3.8073451e-05,0.0001426556,-1.344625e-05,-2.9688127e-05,1.2491219e-05,-5.3151654e-05,-0.00018770597,-3.6145943e-05,-2.2167992e-05,6.9965397e-05,-6.203014e-05,0.00015258047,0.00012702841,0.0001313966,-6.3651556e-05,5.1188853e-06,4.2347328e-05,-8.7782691e-05,-0.00017496534,9.0638803e-05,9.0930318e-06,-6.1224746e-05,-0.00075015419,-5.7270452e-05,8.4565828e-05,-9.056264e-05,5.8963081e-05,0.00010006294,-1.3088743e-05,6.9767837e-05,0.0002426236,5.7125135e-05,1.9595528e-05,0.00023042047,-5.711482e-05,-2.9476683e-05,-9.6593639e-05,-0.00023293917,-0.00028047924,3.8404737e-05,-1.1245957e-05,0.00012266269,0.00019124893,-7.299639e-05,-5.1064478e-06,2.1390652e-05,7.640305e-05,0.0014768418,6.4360907e-05,-2.3315349e-05,0.00029136798,1.2157015e-05,4.4140547e-05,-6.6536136e-05,-0.00031182088,-0.0001932425,-3.5683175e-05,-5.8872427e-05,-0.00026001797,0.00045374117,5.286749e-05,2.7667227e-05,5.6650093e-05,0.00024897756,0.00038419427,0.00054908305,-8.0702085e-05,2.5574557e-05,-0.00014987513,-0.00045493327,4.085648e-05,3.7346412e-05,-4.6490779e-05,-6.2733089e-05,-0.0023734183,-7.2867818e-05,0.00020154624,-0.00046451236,9.7400701e-05,1.1382572e-05,0.00014985497,0.00059961513,0.00047081377,6.6888475e-05,8.3518511e-05,0.00010711821,-0.0001268638,0.00010424826,-3.6095134e-05,-1.7833528e-06
"81",6.4058635e-06,0.00026324618,-0.000220768,-0.00019039108,3.3794153e-06,1.0118428e-05,3.1736549e-05,7.6859726e-05,7.4946332e-05,-1.8754185e-05,3.9072802e-05,1.8246504e-06,7.8124515e-05,-0.00039573192,0.00041611834,-0.0010939064,0.0013379062,8.9591746e-06,2.1362941e-05,6.0667225e-05,5.5099361e-05,8.8487944e-05,2.276775e-05,-1.9504949e-06,-9.1421568e-06,-0.00017008688,0.00026135319,4.0832238e-05,-2.6526779e-05,-7.9316091e-07,5.7981589e-05,0.00055892309,0.00036357015,1.1865154e-05,0.00012208955,8.1941745e-06,-2.1830995e-05,3.1983213e-05,-0.00017439139,-2.4794924e-05,4.1704526e-06,-1.2494485e-05,-8.4196458e-05,-9.0264015e-05,-4.8078817e-05,-2.955381e-05,-3.1486853e-06,-2.7341731e-06,-3.305313e-05,0.00014018494,-0.00011746648,3.3447461e-05,1.1663302e-05,7.2659885e-06,-5.5725309e-05,-0.00069956693,-0.00041088222,8.508466e-05,-0.0001147475,-1.6815534e-06,3.2704587e-05,-9.4943119e-05,0.00014237327,8.7578158e-05,-5.6388717e-06,0.00048098725,9.7289404e-05,-6.4259745e-05,0.00010441123,-2.3557441e-05,-9.8068614e-06,5.42505e-05,-1.0809409e-05,0.00027300564,1.1031982e-05,0.00017752256,3.2022751e-07,1.6939643e-05,-5.8843175e-06,6.4360907e-05,0.0019256242,0.00080336946,2.8369829e-05,3.0266987e-06,-2.4532006e-05,-1.9846284e-05,-1.5878246e-05,-8.2568896e-05,-0.00014953394,-3.2391562e-06,-0.00076897315,0.0013697845,3.6916421e-05,-0.00024940864,0.00012154814,-0.00027252595,-0.00017823156,-0.00014340283,1.7444526e-06,1.9089713e-05,-0.00053874436,0.00024246741,-2.3052469e-05,-4.8754883e-05,-6.4623152e-05,6.1494312e-05,2.995563e-05,-0.0030363673,-0.0012512096,0.00014325643,9.4278652e-05,7.8610408e-05,0.00020895106,3.1102669e-05,-7.2838199e-05,0.00027169158,-1.3846158e-05,0.0002070199,-0.00025067249,0.00025465237,-9.1610672e-05,1.8362791e-05
"82",0.00011848055,-0.0012037951,-0.00020921817,0.00073854249,-0.00012212292,0.00011250127,8.2744948e-06,-4.8604964e-05,-0.00014343713,1.9364448e-05,3.2931786e-05,-5.6678857e-05,-0.00011993275,-0.00012203928,-4.5133638e-06,-0.00095162366,0.0023316271,1.9259592e-05,-0.00021921402,4.3033689e-05,0.00010283503,8.7395529e-05,-3.5291559e-05,7.9723827e-06,3.305378e-05,8.2225497e-05,-0.00022700451,-2.1469853e-05,-4.4573634e-05,-4.4451326e-05,-0.00013670374,0.00035951669,0.00061586251,9.1786926e-05,5.8721294e-07,-2.4940522e-05,-3.318517e-05,-0.00011095769,7.5696036e-06,5.6882348e-06,-1.0586257e-05,2.1629366e-05,0.00026895477,2.8691794e-08,-9.2212259e-05,-7.6703396e-05,5.6588759e-05,-1.0050915e-05,0.00010687049,-0.00017082168,0.00061354514,2.5803119e-05,6.7632942e-05,5.2963399e-05,0.00021611912,-0.00040310438,-0.00075882769,-9.5020861e-05,6.1865125e-06,2.2976099e-05,5.454773e-05,0.00014190784,-1.9437338e-05,-2.8892089e-05,2.8446759e-05,-0.0017739437,-0.00024276897,-5.4976229e-05,-5.8960766e-06,-0.00010598399,-0.00016571526,7.703052e-06,-1.3241856e-06,-0.00032776187,0.00032725448,-1.5917006e-05,-0.00014257054,-1.4943133e-05,1.8717581e-05,-2.3315349e-05,0.00080336946,0.0016903475,0.00030135278,0.00043450556,-7.7326162e-06,0.00040786513,0.000244603,-0.00028064461,5.0561381e-05,7.6131571e-07,0.0028149053,-0.0052456875,-7.9404215e-05,0.00049221757,-7.5979994e-06,0.0002357653,0.00075155935,7.6567529e-05,-0.00011593012,1.1076013e-05,0.00090110404,-0.00032788992,-0.00052983662,0.00021278171,7.3756339e-05,-0.00010068362,9.6783811e-05,-0.0011546648,-0.0030835167,-0.00018931081,-0.001383637,4.16975e-05,-0.0012039404,-0.00072609252,0.0011862177,-0.00039633376,2.6746797e-05,-0.0008649598,0.00094540963,-0.00088866593,0.0003600086,-4.3890027e-05
"83",0.0002889582,-0.0011861082,6.0621425e-05,0.0008646982,-0.00010747397,7.9718469e-05,-4.8883125e-05,-9.6321626e-05,-0.00016873549,3.2643115e-05,1.8395018e-05,-6.4963489e-05,-3.6752347e-05,-0.00064838877,0.00069760901,-0.0024974208,0.0049336897,-7.3712657e-05,-0.00013449932,-2.5061943e-05,3.7183766e-06,-0.00010323924,5.1805943e-06,2.9029814e-06,2.9794193e-05,0.00021436726,-0.00037623938,0.00015401035,-2.2719294e-05,-4.4723522e-05,6.2215645e-05,6.5482181e-05,-1.0368221e-05,0.00095165442,-9.1534943e-05,6.3017431e-05,4.0413346e-05,-3.8234324e-05,4.2864571e-05,5.7365523e-06,-2.3576858e-05,0.0001318538,0.00021669527,2.900079e-05,-4.3969353e-05,4.7074195e-05,-5.3284857e-07,-1.5973423e-06,-6.3278233e-06,-0.0001745446,0.00064151423,-0.00025012342,6.9339329e-05,4.790888e-05,2.3889895e-06,2.7455229e-05,4.63411e-05,-0.0012445214,6.2540916e-05,-0.00011246473,-4.126616e-05,2.1144536e-05,-8.1428516e-05,-4.8006387e-05,3.974081e-05,-0.0015978388,-0.00045654766,4.372123e-05,1.3401113e-06,-0.00012883238,-0.00015406918,9.6642553e-05,-9.904183e-06,-0.00023360859,0.00030871126,-0.00044843283,0.00032613565,4.1860339e-05,3.0369083e-05,0.00029136798,2.8369829e-05,0.00030135278,0.0026060832,0.00034799952,5.8340639e-05,0.00048963995,0.00020314824,-0.00018202276,5.5113535e-05,-2.71702e-05,0.0026011227,-0.0049301659,-0.00027748547,0.00079262088,-0.00013291301,0.00016907067,0.000821892,0.00020229823,-0.00028252049,1.6227582e-05,0.0006967253,-0.00046026754,0.00045648315,-0.00059260887,-2.6813942e-05,-0.00012996453,-0.00051915471,0.00045864976,-0.00073702868,-0.0040948827,-0.0011927877,-0.00020088215,-0.0012647459,-0.00056405403,0.00099134484,-0.000373216,7.2780651e-05,-0.00079523609,0.00088819593,-0.00082553793,0.00032332882,-1.3169246e-05
"84",0.00020378187,-0.0013050812,0.00027053879,0.0010446036,-0.00012066276,0.00010804108,-0.00010499011,-4.6224865e-05,-0.00017265861,-8.2870025e-05,3.8454286e-05,-2.7526234e-05,-0.00014198174,3.1742499e-05,-6.438467e-05,-0.00051204762,0.0023435082,5.1865022e-05,-0.00025881508,2.0666027e-05,0.00011884772,0.00015368775,-6.4901166e-05,7.5309368e-06,4.6802955e-05,0.00021229586,-0.00048224788,2.8465534e-05,-2.6517221e-05,-4.7448514e-05,-0.00014375212,0.00011438929,8.5516208e-05,9.6267317e-05,0.00057001142,0.00021734705,-0.00014414931,-0.00018393075,5.1588883e-05,1.0306661e-05,-1.3002887e-05,-2.1503558e-05,0.00039695079,-4.1013853e-05,-0.0001530173,-0.00016331827,9.8883506e-05,-1.0259598e-05,-5.574759e-05,-0.00025325321,0.00067514259,-0.00012197329,5.8497918e-05,5.6438797e-05,0.00025025979,-8.9824833e-05,-9.1338723e-05,-0.00025025602,-0.00076486824,-0.00029849521,0.000148241,0.00020742577,-0.00014528826,-3.5812303e-05,3.3318184e-05,-0.0023835179,-0.00023252292,6.2275992e-05,-4.8025755e-05,-5.2790221e-05,6.8620724e-05,-0.00011171483,1.1393792e-05,-0.00059563815,0.00046315346,-0.00044491392,-9.8192533e-05,4.650165e-05,8.9110306e-05,1.2157015e-05,3.0266987e-06,0.00043450556,0.00034799952,0.0021934923,0.00040955047,0.0003773686,0.00023697301,-0.00035290978,0.00011772,-1.8106886e-05,0.0037717763,-0.007791012,-0.00014659925,0.00052679642,-0.00010206277,0.00024620906,0.0008945839,-0.00029677484,-1.7145446e-05,-1.8922029e-05,0.0013085707,-0.00071659418,-0.0001293119,9.9297871e-05,2.7390598e-05,-0.00023710151,-3.8629748e-06,0.00026615824,-0.0012518065,-0.00033279337,-0.0042945214,-0.00071214303,-0.0013172274,-0.00076311047,0.001559116,-0.00062564716,7.5372766e-05,-0.0011227275,0.0012775722,-0.0012405719,0.00052615389,-5.9278e-05
"85",-0.00028965523,0.00020604693,0.00030726709,-0.00018168785,3.2496009e-05,-5.694687e-05,-0.00021773307,-4.1169666e-05,4.0262466e-05,-3.6715382e-05,-5.7242237e-05,-6.6190711e-05,-0.00017266899,-8.217076e-05,0.00026391458,-0.00023002812,-0.00013584676,-2.0939309e-05,-5.0288248e-05,3.7020979e-05,2.1360466e-05,-5.2677164e-05,-3.6963651e-05,-3.0699393e-06,6.5405554e-05,1.1111916e-05,-0.00011103154,9.6653911e-05,2.1949907e-06,6.2007233e-06,1.0894321e-05,3.7354651e-05,-5.5233955e-06,3.6366949e-05,0.00017806273,0.00062686491,2.9076577e-05,4.357832e-05,3.8132183e-06,-4.5014731e-06,-2.6051621e-06,1.1876094e-05,4.4649226e-05,-2.3832795e-05,-2.6702003e-05,7.8761241e-05,-6.250807e-06,1.2053093e-06,-1.1198221e-05,-3.4898888e-05,-1.8144747e-05,-1.139394e-05,-1.211701e-05,-2.2225707e-05,1.3190302e-05,-5.1916796e-05,4.6007538e-05,-2.8872604e-05,-0.00021669304,-0.00069376148,-5.7412825e-05,2.6045627e-05,-5.7292339e-05,3.3033501e-05,2.6435352e-08,0.00029962954,3.1977317e-05,-0.00010743603,4.304828e-05,-8.1542287e-05,-0.0001969303,-3.7131722e-05,-2.7241671e-06,0.00021790968,6.6959425e-05,5.7215287e-05,0.00010363107,-1.4256684e-05,1.7106519e-05,4.4140547e-05,-2.4532006e-05,-7.7326162e-06,5.8340639e-05,0.00040955047,0.0019825992,1.1927436e-05,-6.551424e-05,-6.1007217e-05,-3.0486104e-05,-1.5074439e-05,-0.00026126673,0.0023615043,0.00034160473,-9.3866705e-06,0.00029524989,-7.8243515e-05,-0.00016808323,0.000364183,0.00012761828,-8.459989e-06,-0.00050114543,-0.00015820027,0.00015565559,-5.0093501e-05,-3.9513455e-06,2.4877987e-05,-1.9055402e-05,-0.00020785628,0.00019345771,-0.00018037631,-0.00034305057,-0.0030566739,0.00020134251,0.00020328851,-0.00020572766,0.00013717532,1.397242e-05,0.00018920236,-0.00026694151,0.00034693998,-0.00010844842,1.6878555e-05
"86",0.00051879365,-0.0019503663,-8.1413213e-06,0.0016138805,-0.00019557757,0.00015542587,-7.1156033e-06,-8.7325756e-05,-0.00028760537,1.2689656e-05,2.5149469e-05,-4.5288569e-05,-0.0001440125,0.00024021223,-0.00043481356,-0.00095549746,0.003166118,1.8834836e-05,-0.00020275399,-0.00021242346,0.00013059006,-9.8646054e-05,8.0632083e-06,5.4466699e-06,-0.00013549482,0.00025431605,-0.00068099457,-5.000429e-05,-9.1792998e-05,-4.1598956e-05,-0.00013330719,6.6661811e-05,-6.0235855e-05,0.00020492147,-0.00029447833,5.7993454e-05,0.0011945517,-2.1418718e-06,2.6647486e-05,-1.243975e-05,-2.267766e-05,6.7992154e-05,0.0003368596,0.00039859838,-9.2682999e-05,0.00011715688,4.8939046e-05,-1.1700991e-05,0.00023278931,-0.00034444826,0.0010406175,-5.9224335e-05,0.00011237919,3.1512523e-05,0.00016577119,1.3732056e-05,6.4367661e-05,-0.00036562735,0.00026052916,-0.00016604681,-0.0011586724,2.8852497e-05,-2.1479424e-05,1.1229607e-06,4.9899146e-05,-0.0029974784,-0.00038082046,0.00021926758,-0.0001731464,-6.1795569e-05,-0.00035914657,0.00011289885,-2.3910614e-06,-0.00080118537,0.00043185756,-0.00051542736,-0.00025969701,2.4717568e-05,9.9003187e-05,-6.6536136e-05,-1.9846284e-05,0.00040786513,0.00048963995,0.0003773686,1.1927436e-05,0.0037541775,0.0008143261,-0.00027688499,2.7262538e-05,-4.9751269e-06,0.0047107363,-0.0098258563,-0.00026241273,0.0008820937,-0.00057902686,0.00072730101,0.0011575878,0.00034173851,-0.00039393131,1.211198e-06,0.0020640976,-0.0005293593,-0.00010638561,0.00029166275,0.0001191105,-0.0003549572,1.8896303e-05,0.00047700972,-0.0013827594,-0.00043847031,-0.001776511,-0.00012965871,-0.0065556813,-0.0017910557,0.0017356165,-0.00055469369,7.3104367e-05,-0.0015807814,0.0017258369,-0.0017019064,0.00065320045,-6.0148769e-05
"87",0.00050972593,-0.00043717055,-0.00011611911,0.0007203754,-9.2033826e-05,6.759772e-05,0.0001703304,6.3864575e-05,-0.0001302161,-1.5841845e-05,2.3270825e-05,-3.0535228e-06,-6.5419173e-05,-0.0001831958,0.00013404614,-0.0007109498,0.0020443391,5.1302959e-05,-4.8463827e-05,-3.8577611e-05,1.7700554e-06,6.1379255e-07,1.8058146e-05,6.6822199e-06,-2.6165909e-05,5.8417248e-05,-0.00024523176,-0.00013465347,-3.0337405e-05,-1.4838076e-05,-0.00012612434,3.0860791e-05,3.3172555e-05,0.00013228867,-7.3308462e-05,3.0367937e-05,0.00022774923,0.00048889803,1.0408853e-06,-5.4055956e-05,-1.831323e-06,-4.0268146e-05,4.8613062e-05,0.00015091403,5.9189323e-07,-5.00276e-05,-6.9860816e-06,-7.3745679e-06,2.8602389e-06,-6.0292388e-05,0.00027371962,0.0001523964,4.3214401e-05,3.2914314e-05,0.0001700639,-7.1362648e-05,-5.1713348e-05,-0.00028115185,0.00010022462,5.3135616e-05,-0.00023533216,-0.00057111899,8.4983872e-05,2.0378273e-05,5.5397443e-06,-0.0013597406,-9.2977836e-05,9.1819769e-05,-1.0486946e-05,5.1188724e-05,-0.00015653081,4.7299607e-05,4.4067642e-06,-0.00027943413,0.00021971314,-0.00064169379,-0.00030956534,1.2421627e-05,4.8879658e-05,-0.00031182088,-1.5878246e-05,0.000244603,0.00020314824,0.00023697301,-6.551424e-05,0.0008143261,0.0018977723,-8.1063488e-05,3.0949559e-07,8.4425851e-06,0.0020926777,-0.0047291459,-0.00030890059,0.00017502569,-0.00026427207,0.00025544815,0.00048876711,0.00015389187,-0.00021763224,-2.1657501e-06,0.00073060334,-0.00018756615,0.00050105179,0.00051490861,5.4309193e-05,-0.00016666525,0.00051595927,0.00024960422,-0.00080136165,-0.00026260286,-0.00096107129,9.4494667e-05,-0.0017899499,-0.0031029625,0.00085975792,-0.00023238145,6.6319095e-06,-0.00068611354,0.00078415383,-0.0009150725,0.0002703022,-3.0804032e-06
"88",-0.00058403456,0.00030710281,0.00043643448,-0.00052048824,8.7580141e-05,-6.7113336e-05,-0.00017450354,1.6198386e-05,3.9180004e-05,4.7953042e-06,-2.0691826e-05,-3.3390429e-05,-1.4692339e-05,-0.00063232833,0.0010583263,-0.001753454,0.0018394496,-1.5334109e-05,8.0375625e-05,0.00040444107,2.2435827e-05,-0.00011126068,2.6356053e-05,-1.3559884e-05,4.2518373e-05,3.0936886e-05,-0.00011934675,6.3748711e-05,1.9309977e-05,7.7374663e-05,-0.00011601897,-0.00014588483,-0.00011570469,-7.2194917e-05,-1.2303932e-05,2.6312004e-06,-0.00015520971,5.8278744e-06,0.00088669196,2.7353809e-05,1.0839456e-05,-2.8663702e-05,-9.8775048e-05,-0.0005949144,-2.7309763e-06,0.00015764494,-2.5601194e-05,9.322466e-06,-0.00014321291,4.2637483e-07,9.9014916e-05,0.00012717141,-5.3268504e-05,-0.00011928073,0.00016317379,0.00012362417,6.5991281e-05,0.00012090281,-0.0001198728,-0.00011722393,8.9744754e-05,4.090058e-05,-0.0011229481,-4.9718553e-05,-1.5312123e-05,0.00096643365,-3.159399e-05,0.0002082519,0.00077148973,0.00019242827,1.2579624e-06,7.4151881e-05,-2.6494867e-05,0.00018340248,-0.00018825087,-0.00023808402,0.00017416221,-2.6364007e-05,0.00026147158,-0.0001932425,-8.2568896e-05,-0.00028064461,-0.00018202276,-0.00035290978,-6.1007217e-05,-0.00027688499,-8.1063488e-05,0.0023806481,1.518234e-05,1.3510833e-05,-0.0014037666,0.0035498915,0.00017721566,6.2702426e-05,-0.00019150671,-0.0014092225,-0.00068821886,-4.4140788e-07,-1.9382064e-06,2.6805194e-05,-0.00045032058,0.00022142683,0.00088849476,-8.6510437e-05,-3.1597412e-05,-0.00035391605,0.00048797619,3.8521531e-05,0.00076453443,0.00025578931,0.00094536391,6.308425e-06,0.00074143474,0.00042579025,-0.0041613599,0.00024449836,-3.3385996e-05,0.00046839818,-0.00057806456,0.00068380709,-0.00020342004,8.9628099e-06
"89",-6.5394361e-05,-0.00027488381,4.4063894e-05,0.00016986939,2.1312071e-06,1.1368026e-05,-1.5840352e-06,-3.8665083e-05,-2.8387745e-05,6.4395737e-06,2.1339766e-05,-8.5717625e-06,-1.2390178e-05,4.8990131e-05,6.3160471e-05,-0.00010734171,0.00041908025,1.4840761e-05,-4.3070379e-05,-3.047112e-06,6.3690573e-05,-3.5996083e-06,-6.0789742e-06,-3.9746284e-07,-2.1951329e-05,-1.0407695e-05,-0.00015883535,-4.8086457e-05,-8.9840351e-06,-2.7655607e-06,-4.9061443e-05,-2.3230171e-05,-1.3704298e-05,1.9593814e-05,-2.0100874e-05,4.8811468e-06,-1.1458673e-05,-7.5982819e-05,4.3626816e-05,6.3050258e-05,-6.3038327e-07,-2.2939798e-05,6.636001e-05,-9.6995324e-06,-8.222083e-05,-1.5757737e-05,-1.3825198e-05,4.7957567e-06,-1.5323316e-05,-1.0145671e-05,0.00028953821,0.000109377,2.2897811e-07,3.1361387e-06,5.4828543e-05,8.4401293e-05,2.0938454e-05,-6.4118041e-05,-1.7820555e-05,-8.1228567e-06,4.2557266e-05,4.9191225e-05,-5.2173434e-05,-0.00021610964,6.2776929e-06,-0.00038175794,-1.1393358e-06,3.5551608e-05,1.1315077e-05,5.8390065e-05,-3.1544208e-05,2.2354241e-06,-8.3574595e-06,-0.00011780429,8.8936961e-05,-0.0001824141,-0.00014175387,1.1718093e-05,2.0065156e-05,-3.5683175e-05,-0.00014953394,5.0561381e-05,5.5113535e-05,0.00011772,-3.0486104e-05,2.7262538e-05,3.0949559e-07,1.518234e-05,0.00050712016,-2.1280666e-06,0.00058361071,-0.0010533572,-3.0541598e-05,-9.5179304e-06,-3.9948677e-05,1.9530422e-05,-1.4708943e-05,2.7625348e-05,-3.884973e-05,9.6577576e-06,0.00016685404,-0.00010317229,0.00018101809,0.00021551591,-3.3051758e-06,-3.8106611e-05,4.8287875e-05,0.00025217103,-0.00016145817,-7.5026611e-05,-0.00030699356,5.0327701e-06,-0.00011127075,-5.2174431e-05,0.00019103444,-0.00084388568,9.2155178e-06,-0.00016954103,0.00019526774,-0.00015598996,7.8622392e-05,-1.6003026e-05
"90",4.4209311e-06,5.8238906e-05,9.4240393e-06,-1.2772973e-05,9.8764422e-07,-3.4179498e-06,3.6614914e-06,2.4224035e-06,-3.3110348e-06,4.9503296e-06,6.5307361e-07,6.1966762e-06,6.8186003e-06,-7.801367e-06,2.384066e-06,-3.5845025e-06,-9.7409073e-06,6.8686151e-06,4.1326786e-06,-1.4087451e-06,-6.6177916e-06,-5.6829714e-06,-1.4157325e-07,5.0147883e-07,-3.1326828e-06,-1.1946874e-05,1.1717603e-05,4.7965192e-06,-1.0190283e-07,-7.1365536e-06,-2.1543078e-05,-1.9809089e-06,-2.7964516e-06,-1.551165e-05,2.7987728e-06,-4.1300736e-06,-1.7621213e-06,6.041562e-06,1.1190384e-06,7.4116041e-07,9.1448565e-06,-7.8217295e-06,-9.8098121e-06,1.7173605e-06,6.8702054e-06,6.7985744e-06,2.0165814e-06,-8.1283668e-07,-3.3693366e-06,1.6408023e-05,-1.7316531e-05,-8.7042257e-06,-1.8246472e-06,7.7406462e-06,2.1638069e-05,4.7905355e-06,7.5390143e-06,1.9805419e-05,8.9835131e-07,5.0833126e-06,8.7206548e-06,-9.444671e-06,-4.4258185e-06,2.4840854e-06,-9.5032067e-06,1.6156689e-05,1.5190099e-05,-8.5622055e-07,-5.541073e-06,1.9856903e-06,4.6754355e-06,-1.0771351e-06,1.8433108e-06,5.5348152e-06,-1.5153454e-05,1.1411306e-05,1.7404589e-06,-6.5013303e-06,-1.4434227e-05,-5.8872427e-05,-3.2391562e-06,7.6131571e-07,-2.71702e-05,-1.8106886e-05,-1.5074439e-05,-4.9751269e-06,8.4425851e-06,1.3510833e-05,-2.1280666e-06,1.5803378e-05,-2.1367815e-05,6.4299941e-05,1.0362767e-05,-2.1232456e-05,-5.4388211e-06,7.6389672e-06,-3.5034569e-06,-5.265249e-06,2.1955844e-06,-3.1737637e-06,-1.9922874e-05,2.351649e-05,-1.3118174e-05,9.8600548e-07,1.1904796e-05,2.0583575e-05,8.91635e-05,-9.4399307e-06,1.1551951e-07,4.1152025e-05,3.5125159e-05,2.8469315e-05,2.1882705e-05,-1.8107085e-05,-2.7095969e-05,6.9087996e-06,-2.3329028e-05,1.3271351e-05,-1.5935173e-05,1.0712638e-05,-5.2266055e-06,-2.3678243e-06
"91",0.0020108199,-0.013291022,0.00040683702,0.0092387645,-0.0013724863,0.00093081905,-0.00084322248,-0.0010158033,-0.0011682216,5.4896544e-05,2.8720519e-06,-0.00050740898,-0.001935231,0.0021652899,-0.0027756696,-0.0016656034,0.01228957,0.00017630197,-0.0015541186,-0.00039243677,0.00046196834,-0.00025183597,-0.0002473062,4.3025095e-05,-0.00055820547,0.0018882279,-0.0039993965,0.00013416546,-0.00024570914,-0.00034859024,-0.0011853019,0.00037035323,-0.000107706,0.00099066471,-0.00096522958,0.00023442994,0.00027063337,-0.0013324789,0.00073528241,8.5528892e-05,-0.00013023359,0.00025925599,0.0023477092,0.00086083615,-0.00063334824,9.2149174e-05,0.00051489542,-9.6060074e-05,0.0011740482,-0.0025850273,0.0069719403,-0.00049361359,0.00050464938,0.00041493637,0.0016010086,0.00010933281,-3.6106221e-05,-0.0022676568,0.00083529665,-0.00042516757,-0.00054583487,0.0019021257,-0.00090880446,-0.00045067242,0.00029655555,-0.0174916,-0.002433043,0.00099898702,-0.00028729346,-0.00051368044,-0.0014607716,1.7888469e-05,3.1610345e-06,-0.0047959233,0.0028142755,-0.0026429414,-0.0010070928,1.5868254e-05,0.00051393663,-0.00026001797,-0.00076897315,0.0028149053,0.0026011227,0.0037717763,-0.00026126673,0.0047107363,0.0020926777,-0.0014037666,0.00058361071,-2.1367815e-05,0.035442856,-0.054102068,0.0037649195,0.007435793,-0.0027360275,0.0039377615,0.0078008618,0.0007049943,-0.0015694224,-2.0033751e-05,0.013137843,-0.0060248424,-0.00099540746,0.0019622053,0.00092804134,-0.0017593441,-0.00036101598,0.0018653235,-0.0083655854,-0.0025246493,-0.013863128,-0.00097060448,-0.015087418,-0.0066748853,0.0099795522,-0.0048868729,0.00044198518,-0.009564545,0.010604726,-0.0098029901,0.0035456342,-0.0010962908
"92",-0.013770556,0.021734474,0.0057055882,-0.023374297,0.0028659661,-0.0024107812,-0.0072206507,-0.0015329495,0.0058523395,-0.00053506353,-0.0012967994,-0.00072626602,0.0014645734,-0.0051304987,0.0074762089,0.0042996619,-0.054876231,-0.0003028549,0.0022574177,0.0011495514,-0.0002073756,-0.0010686696,0.00064954689,-0.00014821781,0.001437984,-0.0031711164,0.0059371419,-0.00025409991,0.00061494827,0.00080454282,0.0020706108,-0.00038946247,0.00090255946,-0.0019251289,0.0017864595,0.0010388215,-4.8071731e-05,0.0024553882,-0.00012520204,-2.1338952e-05,0.00025493841,-0.00018530608,-0.0037990553,-0.0028209307,-0.00039910255,0.0012701867,-0.0012656146,0.00015833764,-0.0011809259,0.0040278593,-0.010085362,0.00052159132,-0.0013612293,-0.00087498108,-0.0020130194,0.00053993183,0.00026523229,0.0049055968,-0.0022515045,-1.3911164e-05,4.666934e-05,-0.0023536825,0.00023503459,-0.00024126028,-0.00055042789,0.036382445,0.0048624512,-0.0026186433,0.00019602322,0.00086068827,0.0022678824,2.4212336e-05,-0.00012657402,0.011075025,-0.0060789047,0.0045277556,0.0030322383,-0.00027087971,-0.0011195028,0.00045374117,0.0013697845,-0.0052456875,-0.0049301659,-0.007791012,0.0023615043,-0.0098258563,-0.0047291459,0.0035498915,-0.0010533572,6.4299941e-05,-0.054102068,0.22500956,0.025852202,-0.0084415043,0.011340319,-0.0057474577,-0.027209533,-0.0050306779,0.0064628988,-9.6337475e-05,-0.031490236,0.0075581142,0.016309214,-0.00073656678,-0.0015603849,0.0061573158,0.00040701659,-0.021833505,0.024773466,0.0048424968,0.03897777,-0.0042207818,0.03719944,0.019247073,-0.035626165,0.011301798,-0.0011134668,0.02259967,-0.027965833,0.033500084,-0.011408363,-0.0012888849
"93",-0.0015875024,0.00031589452,0.0025767786,-0.0017313131,4.4936271e-05,-0.00024866967,-0.001894616,-0.00051037916,0.0016169789,-1.2151174e-05,-0.00077072971,-0.00079113589,-0.0017978293,0.00014194774,-8.7000467e-05,0.00054121315,-0.0099517315,2.2366608e-05,-0.00028430039,8.5090099e-05,1.8753126e-05,-0.00057577316,-1.5127254e-05,-1.0280275e-05,0.00012031008,-0.00010675717,-9.0485507e-05,1.1864986e-05,5.5356962e-05,6.4042922e-07,0.00019756683,-9.5257681e-06,0.00016655272,-0.00015188748,4.7565155e-05,0.00020129452,-9.8061108e-05,-1.93608e-05,0.00012471222,9.6476638e-05,1.6528934e-07,8.6648881e-05,0.00029942807,-0.00034505914,-0.00012706163,0.00080484187,-1.4721257e-05,-1.5862358e-05,0.00036778062,0.0001460561,-0.00029313998,0.00010284313,-0.00014027994,1.2590495e-05,-2.6726707e-06,-3.7741466e-05,7.1399692e-05,0.00032209579,-1.9552868e-05,7.9054326e-05,-3.3178803e-05,0.00032908095,-0.00028733884,-0.00019905223,-2.1105036e-07,0.00095389852,3.260003e-05,-0.00021400883,-0.00015215585,-0.00017714375,-0.00022409352,7.3149487e-06,-1.7588081e-05,0.00039947384,-0.0004490255,4.2434538e-05,7.5414288e-05,-0.00010950358,3.0084423e-05,5.286749e-05,3.6916421e-05,-7.9404215e-05,-0.00027748547,-0.00014659925,0.00034160473,-0.00026241273,-0.00030890059,0.00017721566,-3.0541598e-05,1.0362767e-05,0.0037649195,0.025852202,0.018793049,0.0035356457,0.0023729555,0.0022724265,-0.0013982936,-0.003374184,0.0008374371,-0.00013737776,-0.0015802356,-0.001438406,0.00096296463,0.0021043286,0.00063254119,0.00090745881,-0.0014527845,-0.0097173559,0.0036806811,0.0037545685,0.0028939509,-0.002209659,0.0017221456,0.0014371638,-0.0037434275,-0.00089127131,5.1525614e-05,0.0015007454,-0.0020965049,0.0030088746,-0.00053036161,-0.0022720288
"94",-0.00014766051,-0.0029242939,-0.00039328911,0.0016717673,-0.00017892168,0.00017464018,-0.00013442111,-0.00044275007,4.2946438e-05,6.7957717e-05,-0.0001018922,-0.00027165895,-0.00054509954,0.00069939414,-0.00061920369,0.00015143742,-2.0125763e-06,-0.00068619483,-0.0001985332,-0.00021694153,0.00018989585,1.0561677e-05,-5.6282217e-05,3.4413645e-06,-0.00013465209,0.00033968754,-0.00088175445,5.3311991e-05,-5.083469e-06,1.6558635e-05,-0.00013207162,3.848383e-06,3.542187e-05,0.00024427603,-0.0003271242,4.8316952e-05,-0.00010184165,-0.00042491327,0.00023338516,-1.0535056e-05,-3.9357402e-05,0.0012720538,0.0002419973,0.00034411344,-0.00020069636,-9.4726895e-05,9.9421589e-05,-1.9595896e-05,0.00036736754,-0.00037034827,0.0019804124,-0.00019778433,0.00010591223,-0.00016068223,0.00014228331,5.6300572e-05,-0.00018735685,-0.0006679075,0.00028702993,-6.962707e-05,-0.0001487831,0.00056092292,-0.00042702719,-1.0755768e-05,8.8514611e-05,-0.0032688767,-0.0019073796,0.00042505964,-0.00022024078,-2.1207269e-05,-0.00021156265,-1.7053061e-05,-1.5125206e-05,-0.0010632814,0.00042256812,-0.00047939765,-1.6077712e-05,2.7172797e-05,0.00028605449,2.7667227e-05,-0.00024940864,0.00049221757,0.00079262088,0.00052679642,-9.3866705e-06,0.0008820937,0.00017502569,6.2702426e-05,-9.5179304e-06,-2.1232456e-05,0.007435793,-0.0084415043,0.0035356457,0.0062196378,-0.00096200673,0.0018360957,0.0013289811,-0.0007388016,-0.00017050645,-4.3431353e-06,0.0029223794,-0.0013625418,9.3376267e-05,-2.6092794e-05,0.0002508217,-0.00082897024,-0.00056253225,-0.00054433821,-0.0011321788,-0.00056438888,-0.0019976988,-0.00042648474,-0.0028779118,-0.0006655112,0.00064153399,-0.00084797064,0.000160572,-0.0017150007,0.0019332678,-0.0016926345,0.000695612,-0.00055135195
"95",-0.00081209442,-3.868087e-05,0.0019103578,-0.001108911,0.00013299922,-9.7856721e-05,-0.00098601426,-1.0004884e-05,0.00040181182,-2.2102221e-05,-0.00010463256,-0.00012993995,-7.903332e-05,0.00061100936,-0.00081945459,0.00081248358,-0.0051863074,0.00020328992,-0.0014364398,0.00018826229,3.6404118e-05,-0.00024309278,-0.00011618215,1.2677827e-05,1.4583388e-05,-6.1945926e-05,-0.00031310637,-7.0588888e-05,2.5227984e-05,1.9653805e-05,-5.584002e-05,-3.7235309e-05,9.0014355e-05,-6.7607429e-05,0.00015805122,0.00013912499,-0.00012246016,-9.2024363e-05,-0.00012598382,1.6840267e-05,-3.8871788e-06,-0.00044724537,0.0023477267,-0.00036900185,-8.5901071e-05,0.00038255603,0.00011052523,-2.0437786e-05,0.00025149864,-3.2917254e-05,0.00052011039,0.00016054905,-9.5482513e-05,1.303591e-05,0.00011446429,9.8067104e-05,-2.3854413e-05,0.0002752158,-0.00025481179,-0.00027466559,2.2425193e-05,0.00016929249,0.00031006121,-7.4393184e-05,1.2654386e-05,0.0016077851,0.00037853276,-0.0024549333,2.7734388e-05,0.00012193751,-0.00012772263,-0.0001369495,8.9902368e-06,0.00041929522,-0.00038381539,-0.00032981576,-2.2102181e-05,5.7910132e-05,8.6117698e-05,5.6650093e-05,0.00012154814,-7.5979994e-06,-0.00013291301,-0.00010206277,0.00029524989,-0.00057902686,-0.00026427207,-0.00019150671,-3.9948677e-05,-5.4388211e-06,-0.0027360275,0.011340319,0.0023729555,-0.00096200673,0.007596563,-0.00051247403,-0.0015604658,-8.3672966e-05,0.000721825,-5.8692752e-05,-0.001253817,0.00064445748,0.002596411,0.00032923523,-0.00018007789,8.9415836e-05,-0.00018527758,-0.0016712261,0.00074257474,0.00040720752,0.0012451657,-0.00061952656,0.0025012952,0.0012227226,-0.00043912838,0.00038571859,4.9943119e-08,0.0010329363,-0.0012681146,0.0015787658,-0.00045422252,-0.00021250718
"96",0.0013910042,-0.00087529501,0.00069730622,0.0013481008,-0.00020852189,9.3546825e-05,2.1309011e-05,2.8877096e-06,8.9150162e-05,5.6072095e-05,-0.00012483339,-4.7774553e-05,-0.00043614132,0.001721407,-0.0027410541,0.0023897319,-0.0067699582,-0.00015481442,-9.0305945e-05,-0.0016949133,-5.7136062e-05,-0.00018970472,-2.131596e-05,-5.2469355e-06,-0.00049921688,0.00043538469,-0.00030329454,0.00012503666,-8.2976114e-05,1.8486074e-05,8.6586303e-05,-6.3895273e-05,-0.0001168096,0.00013409872,-0.00030664069,3.6745356e-05,0.00041305813,-7.9398747e-05,-0.00079018618,-2.2329881e-05,-1.0739744e-05,0.00024963165,7.4366973e-05,0.0028079133,-2.4943876e-05,0.00024740675,0.00010656815,-4.4389952e-08,0.00081614073,-0.00066971569,0.0010994684,-0.0002826308,0.00010752962,-7.9561687e-05,-0.00016112203,4.845981e-05,0.0001675567,-0.00015812755,0.00052940818,4.4774247e-05,-0.0006747318,1.2517741e-05,0.0011174724,4.6360792e-05,1.5622176e-05,-0.001698375,-0.000426556,0.00012330994,-0.0026604287,-0.0002233016,-0.00027019515,-0.00010893087,-1.017444e-05,-0.00076597726,0.00058111864,3.0617093e-05,0.00025513645,-3.6123656e-05,0.00012074368,0.00024897756,-0.00027252595,0.0002357653,0.00016907067,0.00024620906,-7.8243515e-05,0.00072730101,0.00025544815,-0.0014092225,1.9530422e-05,7.6389672e-06,0.0039377615,-0.0057474577,0.0022724265,0.0018360957,-0.00051247403,0.0083440244,0.0015898567,0.00016783345,9.6977188e-05,1.8891801e-05,0.0021486784,-0.001915055,-0.00048369255,-0.00065495188,0.0003845669,-0.00034330064,-0.00068935723,-0.00032313172,-0.0004297057,0.0004515967,-0.00082508618,-7.7167011e-05,-0.002389915,-0.00099506808,0.0044420154,-0.00069533755,3.1770939e-05,-0.0010740449,0.001214287,-0.0014200376,0.00041040702,-0.00039124062
"97",0.0026377032,-0.001782098,-0.00029986576,0.0027284371,-0.00038902241,0.00021431399,0.00085106261,0.00033179787,-0.00056782767,2.0944987e-05,7.0807785e-05,0.00017680259,-0.00052474323,0.00074663351,-0.0014598825,-0.00029554524,0.0049422934,2.6303882e-05,-0.00025132999,-0.00021901172,-0.0014631614,-0.00054681701,1.6284501e-05,2.8969112e-05,0.00013537965,0.00032825611,-0.00010405426,-0.00016757044,-2.2888587e-05,-0.00014983578,3.6450688e-05,-8.6265201e-05,-0.000221523,0.00035171151,-0.00027233427,-0.0002232261,-0.0002289127,-0.00032474708,-0.00011806056,-5.6819937e-05,-2.7226934e-05,-4.1270973e-05,0.00038831789,0.00037208562,0.0022685655,0.00081630284,3.9507091e-05,-3.7506913e-05,-8.1583046e-05,-0.00037155669,0.00052785283,5.6997911e-05,0.00010867743,0.00023043834,-8.7256124e-05,0.00023671491,0.00028390063,-0.00066142983,0.00042780202,0.0001169517,0.0002686194,0.00036634426,-1.6254034e-05,0.00018173617,5.0826985e-05,-0.0046214589,-0.00056332325,0.00042794483,-0.00017759177,-0.0025206322,-0.0014321774,0.00017901724,3.0123953e-05,-0.0013535705,0.00089875298,-0.00022252657,-0.0004915574,8.7403323e-06,5.3504155e-05,0.00038419427,-0.00017823156,0.00075155935,0.000821892,0.0008945839,-0.00016808323,0.0011575878,0.00048876711,-0.00068821886,-1.4708943e-05,-3.5034569e-06,0.0078008618,-0.027209533,-0.0013982936,0.0013289811,-0.0015604658,0.0015898567,0.010369753,0.0033934427,-0.0013104654,-3.5728809e-05,0.0038510361,-0.0015854169,-0.0029735266,0.0005409947,0.00030479256,-0.00040196616,-0.0012320766,0.0020038217,-0.0027723439,-0.00085619375,-0.0047922706,0.00025437959,-0.0044706699,-0.0022119954,0.005378972,-0.0012515651,0.0001441886,-0.0027501019,0.003362941,-0.004233723,0.0014062698,-5.9102928e-05
"98",-0.00028969275,-0.00078391015,0.00075169377,0.00085433214,0.0001187817,4.7607395e-05,-0.0001662544,-5.3522587e-05,-0.00039509356,8.3461254e-05,0.00015149717,3.7692175e-05,0.00029363574,0.00024173255,-0.00056957454,0.00013389837,0.00069718593,8.7053237e-05,-0.00023144419,-0.00016186133,-0.00061173076,-0.0019520971,9.3390465e-05,-5.0736138e-06,2.5707671e-05,0.00025693913,0.00042078104,-3.3758689e-05,7.1236138e-05,-0.0001014007,0.0002605982,-0.00021182268,-0.00034574137,0.00026678819,-0.00050029535,7.633559e-05,3.7060038e-05,-0.00015144854,0.0001871682,3.6492757e-05,1.2264466e-06,-0.00021099893,0.00032160193,0.00023856072,0.00093691289,0.0031059692,-5.7505012e-05,-7.0066221e-06,-5.0674828e-05,-0.00019931344,-0.00020078625,7.1723743e-05,-9.671073e-05,0.00016643608,-0.00024028236,0.00020367582,0.00030083276,-0.00018726318,0.00053474376,-0.00037087254,-0.00023111279,0.00019154574,-0.00014069888,-0.00010161039,-9.7532781e-07,-0.0010401688,5.1750501e-06,-7.9378943e-05,-8.918097e-05,-0.0011049604,-0.0034923505,0.00020276348,7.6341159e-06,-0.00027066722,0.00046619572,0.0015142699,-0.00024481973,1.2493811e-06,-6.2944628e-05,0.00054908305,-0.00014340283,7.6567529e-05,0.00020229823,-0.00029677484,0.000364183,0.00034173851,0.00015389187,-4.4140788e-07,2.7625348e-05,-5.265249e-06,0.0007049943,-0.0050306779,-0.003374184,-0.0007388016,-8.3672966e-05,0.00016783345,0.0033934427,0.010346616,-0.00069016212,3.394625e-06,0.00044552298,-0.00052864335,-0.0033966787,0.00012198572,-0.00014523295,3.6430781e-05,-0.0013433823,0.0021446475,-0.00057694074,-0.0011695948,0.00027372922,-0.00078802256,-0.00071373279,-0.00035837903,0.0012228166,4.868845e-06,3.9525124e-05,-0.00072883206,0.00075850147,-0.00077492491,0.00022620395,0.00038259351
"99",-3.2516619e-05,0.00058761202,0.00090824455,-0.0006877307,6.7594968e-05,-2.5768791e-05,-0.00035937948,6.8428112e-05,0.00020431842,-9.0676993e-06,5.2924505e-05,-3.4071035e-05,1.0664911e-05,0.00070049058,-0.0013911741,0.0017582418,-0.0064989203,-5.7044437e-06,-6.0465463e-05,5.5713795e-05,7.9979032e-05,7.8754034e-05,-0.00033105564,4.0037419e-05,-0.0001644078,-0.00029636615,0.00021541956,0.00016466919,2.8199988e-06,1.4392225e-05,-2.995806e-05,3.9935203e-05,9.3113654e-05,-0.00011873308,0.00018164202,6.4271565e-05,-9.5311267e-05,-4.9646908e-05,5.3842571e-05,1.3937386e-05,7.6534412e-06,-4.2951972e-05,7.2938293e-05,-6.5707513e-05,-0.00015655807,-4.2870128e-05,0.00056386405,-7.1566447e-05,0.00038022433,0.00036060409,-0.00023140626,-0.00029797197,-1.8492125e-05,1.0161397e-05,6.5936311e-05,-7.2019201e-05,-5.1054755e-05,0.00023473019,-0.00014364573,1.0272245e-05,0.00011323992,0.00015861374,-8.2798409e-05,1.0879931e-05,-1.4280895e-05,0.0010151667,0.00011015406,-0.00023991266,-0.0001058984,0.00020444409,0.00026930903,-0.00062954118,8.8028488e-05,-9.9133314e-06,-0.00037959448,0.0003768893,0.00032323623,-1.2770154e-05,-5.8148667e-05,-8.0702085e-05,1.7444526e-06,-0.00011593012,-0.00028252049,-1.7145446e-05,0.00012761828,-0.00039393131,-0.00021763224,-1.9382064e-06,-3.884973e-05,2.1955844e-06,-0.0015694224,0.0064628988,0.0008374371,-0.00017050645,0.000721825,9.6977188e-05,-0.0013104654,-0.00069016212,0.0021708012,-0.00027445933,0.00011540349,0.00051745026,-1.0058056e-05,-0.00098508609,-5.1676991e-05,0.0002781389,0.00028117192,-0.00075254384,0.00057264889,0.00059274946,0.00078719861,-0.00031335648,0.0012041196,0.00082396135,-0.0009546957,0.0003266167,-2.3835743e-05,0.00061247992,-0.00072876026,0.00080639033,-0.00032588125,-5.6855885e-05
"100",1.4701779e-05,6.8786604e-05,6.6937907e-07,7.890912e-06,1.0468348e-05,-1.1934686e-05,2.8513456e-05,3.3737088e-06,-1.5131967e-05,-4.3241182e-06,-1.03438e-05,-3.5579338e-06,1.8397213e-05,-6.093282e-05,9.9143328e-05,-9.7224676e-05,0.0003277113,-4.7739301e-06,2.0915317e-05,-1.6039969e-05,6.3356307e-06,-3.6710362e-06,4.4338489e-05,-1.7292808e-05,1.4422407e-05,7.6492598e-06,-8.137484e-06,3.4638581e-05,7.4457784e-06,2.9311083e-06,1.6704997e-05,2.3576335e-06,1.310201e-06,3.0448573e-06,-9.7814662e-06,-3.4718536e-07,3.3013925e-06,4.0133652e-06,1.3050474e-05,4.5338363e-07,-7.397581e-07,7.6827299e-06,-2.9838414e-05,1.9513189e-05,-1.2520843e-05,-1.4431812e-05,-7.4672378e-05,2.8161719e-05,-3.935465e-05,-9.5433683e-06,2.2035476e-05,-3.5817572e-05,-1.1670004e-05,-2.2420991e-06,-1.6060957e-05,-5.9844099e-06,-1.9170057e-06,-1.6167103e-05,5.1320199e-06,-2.5585702e-06,6.6070297e-06,-2.1316653e-05,-4.6336272e-06,-6.8181711e-06,1.0648278e-06,-5.1980134e-06,-1.7977992e-05,2.4454544e-05,-1.1136386e-05,1.62433e-05,8.0668346e-06,9.2097012e-05,-3.7122261e-05,1.2607032e-05,-2.0623942e-05,4.3652153e-06,7.6922033e-05,8.1692338e-06,4.0379588e-06,2.5574557e-05,1.9089713e-05,1.1076013e-05,1.6227582e-05,-1.8922029e-05,-8.459989e-06,1.211198e-06,-2.1657501e-06,2.6805194e-05,9.6577576e-06,-3.1737637e-06,-2.0033751e-05,-9.6337475e-05,-0.00013737776,-4.3431353e-06,-5.8692752e-05,1.8891801e-05,-3.5728809e-05,3.394625e-06,-0.00027445933,0.00010738852,-2.9742169e-05,0.00010280959,2.1193861e-05,-0.00017052676,-1.894385e-05,-1.8624965e-05,-7.1754134e-05,1.578046e-05,-5.6299211e-05,-6.0523644e-05,1.7752185e-05,2.2198586e-06,1.8355542e-05,-4.1218331e-06,-4.0957907e-05,-9.7535061e-06,3.3714663e-06,2.2714193e-06,-1.9672565e-06,-1.2539417e-05,-4.8161205e-06,1.9909303e-05
"101",0.0013229637,-0.0065668117,-0.00081354209,0.0048210227,-0.00058069957,0.0005271424,0.00045999703,-0.00034896318,-0.00080208004,0.00010422095,0.00011746527,0.00020394551,-0.00034378077,0.0019588275,-0.0032327992,0.0015423963,0.0016574924,2.1046467e-05,-0.00063177486,-0.00062746761,0.00053366536,0.00010063805,-0.0003029253,3.3711089e-05,-0.0023681792,0.00046787852,-0.0019445564,0.00033320404,-0.00012234973,-2.4561657e-05,-0.00039940917,0.00021720063,-0.00025533449,0.00032095761,-0.00073226109,-9.0475074e-05,0.00035226878,-0.00068244478,0.00027144629,4.642596e-05,-5.1400429e-05,0.00016665327,0.0011775681,0.0011453426,-0.00040376542,-9.7235841e-05,0.00061815558,-6.7789606e-05,0.0038507084,-0.00054943493,0.0030898645,-0.00072059411,0.00030438653,-2.419952e-05,0.00041886194,-6.0468413e-05,-0.00012374291,-0.00088532375,0.00087344067,-0.00021291844,-0.00082304824,0.00095115714,-0.00013252252,-0.00014152162,0.00015299823,-0.0074555708,-0.0011653806,0.00036334162,-0.00036793593,-0.00014197966,-0.0005370691,-0.00031763937,2.325123e-05,-0.0054741472,0.00042821338,-0.0012610325,-0.00015661373,-1.7851936e-05,0.00035416538,-0.00014987513,-0.00053874436,0.00090110404,0.0006967253,0.0013085707,-0.00050114543,0.0020640976,0.00073060334,-0.00045032058,0.00016685404,-1.9922874e-05,0.013137843,-0.031490236,-0.0015802356,0.0029223794,-0.001253817,0.0021486784,0.0038510361,0.00044552298,0.00011540349,-2.9742169e-05,0.015168327,-0.00011526088,-0.0011662829,-0.00060957226,0.00037867526,-0.001355005,-0.00021224556,0.002629114,-0.0038492498,-0.00038994792,-0.0058126353,0.00061499283,-0.0074252493,-0.0024877605,0.00482249,-0.0019176459,0.00024550391,-0.0045183225,0.0052353875,-0.0053053199,0.0018690968,-0.00012863733
"102",-0.00057857104,0.0036489686,-0.00024419591,-0.0015118531,0.0005216842,-0.00025703057,0.00029944261,0.00015891818,0.00015891352,-7.2424652e-05,-5.1291402e-05,0.00026712844,0.00019786191,0.00017796233,-0.00028495394,0.0015793481,-0.0039602454,-1.3907712e-05,0.00027746108,0.00034578074,-0.00022199301,0.00014836329,-0.00015132022,5.0781256e-06,-0.00019319806,-0.0040234881,0.00084278728,-0.00011986295,0.00011173874,0.00011862522,-0.00011993348,0.00023788866,0.0003591669,-0.00033181482,0.00021934806,-0.00022712231,-9.753268e-05,0.00044197103,-0.00029725725,3.6389246e-05,6.0236489e-05,-9.2981297e-07,-0.00055356435,-0.0007097351,0.00025099144,-7.4865563e-06,0.00017278677,4.2875292e-06,0.0002192641,0.006396678,-0.0015236426,0.00015206157,-0.00019259754,-0.0001271025,0.00019046323,-0.00027092616,-0.00029258198,0.00041199952,-0.0003227263,0.00034379229,0.00029955602,-0.00060992256,0.00030452945,5.8474821e-05,-0.00010300455,0.0028212669,0.00044606664,-0.00028710648,0.00038040423,0.00021369696,0.00046844952,-0.00021406103,-2.1115239e-05,-5.9799739e-06,-0.0061202514,0.00042443834,0.00017452724,-3.9106997e-05,2.2699152e-05,-0.00045493327,0.00024246741,-0.00032788992,-0.00046026754,-0.00071659418,-0.00015820027,-0.0005293593,-0.00018756615,0.00022142683,-0.00010317229,2.351649e-05,-0.0060248424,0.0075581142,-0.001438406,-0.0013625418,0.00064445748,-0.001915055,-0.0015854169,-0.00052864335,0.00051745026,0.00010280959,-0.00011526088,0.016588322,0.00025749038,-0.00037087604,-9.6558031e-05,-6.0688053e-05,0.0017118841,-0.00077770167,0.00028587112,0.00023221449,0.0023008219,0.0006781415,0.002337559,0.00025815448,-0.0014114561,0.00077755737,-0.00014876863,0.0015531783,-0.001695871,0.0013084364,-0.00055321709,0.00022444459
"103",-0.0041547896,-0.0056172944,0.0011463326,-0.00049120699,0.00015667042,8.5765827e-05,-0.0025054489,-0.0010475735,0.00045401046,-7.3349793e-05,0.00020567135,-0.00091675099,-0.00032243051,0.00060454381,0.00029885357,-0.0014534155,0.000118046,-0.00014090541,-0.00073171499,7.0994112e-05,0.00076340574,0.00031605142,3.46126e-05,-2.8620337e-05,-0.00037387195,0.00035228197,-0.03892486,-0.00019724366,-0.00016663736,0.00020425547,-0.00032916343,-0.00044578624,-0.00039691625,0.00030767695,-0.00053307523,0.00014831714,0.00022737384,-3.3636193e-05,0.00091493251,0.00013275981,-2.6101848e-05,0.00047658865,0.0011277297,6.2921789e-05,-0.00089082763,-0.00071660796,6.0689479e-06,-1.7135154e-05,0.00050388503,-0.00087656933,0.072327526,0.00044264666,0.00022440612,-0.00041428915,0.00045838389,0.0003301251,-0.00010667132,-2.5560994e-05,0.00027514046,-0.0004287564,-0.00069467095,-6.6328431e-06,-0.0010436979,-0.0006569566,4.6935258e-05,0.00072360476,-1.1882801e-05,-0.00061090744,0.00013629687,0.00041252171,0.0015044033,0.00025792582,-1.7615488e-05,0.00030729356,-0.00018767569,-0.063586287,8.0702749e-05,-4.0964197e-05,0.00029507906,4.085648e-05,-2.3052469e-05,-0.00052983662,0.00045648315,-0.0001293119,0.00015565559,-0.00010638561,0.00050105179,0.00088849476,0.00018101809,-1.3118174e-05,-0.00099540746,0.016309214,0.00096296463,9.3376267e-05,0.002596411,-0.00048369255,-0.0029735266,-0.0033966787,-1.0058056e-05,2.1193861e-05,-0.0011662829,0.00025749038,0.15801094,0.00043808031,0.00011010687,-0.00099671475,-0.00053688375,-0.00050721982,0.0025480487,-0.0020680413,0.002752161,0.00030484152,0.00093230208,-0.0013529371,-0.0046316563,5.5822233e-05,1.8335615e-05,0.00029430964,-0.00070399483,0.0025836142,-0.00060640826,-0.00010765695
"104",-0.0013730949,-0.0012625468,-0.00221741,3.818039e-05,-0.0001437651,4.8225663e-05,0.00024173287,-0.00033683351,4.9882036e-05,-9.7208892e-06,-4.2791711e-05,-0.00022778658,-0.00064025568,-2.4426168e-05,0.00070129466,-0.0006897575,0.0018680117,7.0011396e-05,-0.00032578518,0.00013720126,-0.00010636632,-6.5797411e-05,0.0001881709,2.7956332e-05,0.00033128303,7.1403914e-05,-0.00097074436,-0.0025157803,-7.1745878e-05,0.00015563286,-6.4180366e-05,-3.5017065e-05,0.00014376903,-0.00045735225,-0.00024359566,-7.6007225e-06,0.00017253779,7.4839112e-05,-6.6485049e-05,0.00017314605,2.5587392e-06,-4.8312549e-05,0.00038259151,-0.00024377648,0.00017090906,0.0001231696,-0.00033735752,-3.881863e-05,-0.00045052473,-3.281123e-05,0.0018370877,0.0049019321,-5.1846489e-06,-0.00029244893,-7.7956505e-05,0.0001746074,-9.4858481e-05,0.00078574899,0.00022792389,-1.8181371e-05,-0.0003773069,-0.00025303156,0.00017055736,-0.00049412977,2.4040556e-05,-0.00073924083,0.000102369,-7.7948657e-05,0.00039057253,-7.3783537e-05,-0.00027892877,0.00022138961,8.1363071e-05,0.00012407458,5.7640139e-05,-0.00042335113,-0.0052523591,-3.2420061e-05,0.00017624061,3.7346412e-05,-4.8754883e-05,0.00021278171,-0.00059260887,9.9297871e-05,-5.0093501e-05,0.00029166275,0.00051490861,-8.6510437e-05,0.00021551591,9.8600548e-07,0.0019622053,-0.00073656678,0.0021043286,-2.6092794e-05,0.00032923523,-0.00065495188,0.0005409947,0.00012198572,-0.00098508609,-0.00017052676,-0.00060957226,-0.00037087604,0.00043808031,0.01864707,0.000170258,-0.00053193409,-0.00034334766,-0.00045421522,-6.4023589e-05,0.0025377183,-0.00054770947,-0.00024372459,-0.00079488783,-0.0011023587,0.00052264618,-0.0013235428,5.2238792e-05,-0.00028545795,0.00018351964,0.00017944057,0.00019295739,-0.00029815466
"105",-3.157498e-06,-0.00051137692,-0.00052729237,0.00023523346,-7.6166419e-05,1.7679231e-05,5.7379597e-05,-9.6110362e-05,3.7641973e-06,-1.800794e-05,-6.0136827e-05,-2.2861254e-05,-0.00015232237,0.00042003104,-0.00061745549,0.00095425051,-0.0024938901,2.9700604e-05,-1.7417606e-05,-6.8344535e-05,7.5578019e-05,8.4347152e-05,-2.1242011e-05,1.0704574e-05,-1.4713493e-05,9.5466847e-05,-0.00039624356,-6.0822006e-05,-0.00023554946,4.3103682e-05,6.8289774e-06,2.9735558e-05,1.9286659e-06,2.6031038e-05,-3.2505071e-05,3.6295723e-05,0.0001152734,-7.9781078e-06,-1.7310185e-05,1.6973656e-06,2.757674e-06,-1.2502699e-05,-3.0471998e-06,9.1117891e-05,-5.3203773e-05,-0.00012271128,3.3032614e-05,-1.8357567e-05,0.00011193878,-9.9718164e-05,0.00028381101,-1.050402e-05,0.00039952491,-6.1886744e-05,-3.5008758e-05,-0.00011187083,-0.00010598383,-8.8550556e-05,-5.66385e-06,-5.1631014e-05,-0.00013829772,2.0246574e-05,0.0001111091,7.5068961e-07,-7.4877527e-07,-0.00040763318,-2.8165107e-05,7.6709499e-05,-4.6510127e-05,-3.2191128e-05,-6.4586682e-05,-5.4552362e-06,6.5373557e-06,-0.00014517594,1.1141918e-05,-0.00020333183,-5.8769906e-05,-0.00043462609,5.593724e-05,-4.6490779e-05,-6.4623152e-05,7.3756339e-05,-2.6813942e-05,2.7390598e-05,-3.9513455e-06,0.0001191105,5.4309193e-05,-3.1597412e-05,-3.3051758e-06,1.1904796e-05,0.00092804134,-0.0015603849,0.00063254119,0.0002508217,-0.00018007789,0.0003845669,0.00030479256,-0.00014523295,-5.1676991e-05,-1.894385e-05,0.00037867526,-9.6558031e-05,0.00011010687,0.000170258,0.0013224611,-0.00017058401,5.7087008e-05,-5.7135208e-05,-0.00015528307,0.00025699399,-0.00019531991,-8.4431324e-05,-0.00046501512,-0.00024857027,0.0002077775,-0.0001700127,-1.9472864e-05,-0.00017988495,0.00021887526,-0.00022260098,0.00010899515,-0.00010941577
"106",5.117583e-05,0.00090731771,0.00059135084,-0.00071671246,4.9460288e-05,-7.1732195e-05,-0.0001804838,8.8430792e-05,0.00018862986,-1.7061599e-05,-4.6978124e-05,-4.9696151e-07,1.7394862e-05,-0.00017664011,-0.0001457409,0.00044638687,-0.0026021358,0.00010400978,9.0156539e-05,7.6985477e-05,-9.9694301e-05,-0.00010588225,8.6164152e-06,-3.5710169e-07,0.00014330015,-6.8190821e-05,0.00053754903,8.7946788e-05,6.7886695e-05,-0.00015655728,1.151592e-05,2.668242e-05,0.00012009524,-3.504581e-05,9.5863097e-05,-1.6983315e-05,-1.2120621e-05,9.5204512e-05,-0.000213334,1.0050137e-05,1.9734605e-05,-0.00022035086,-0.00015792999,-0.00018860469,0.00015123847,0.00019274021,-2.316107e-06,4.4321337e-06,-0.00020554743,9.4805573e-05,-0.00090019618,-0.00025700275,-0.00011228886,0.0003550175,7.3501454e-05,-5.4166446e-06,-2.1004567e-05,9.3390715e-05,-1.4705903e-05,0.00012362604,0.00017060974,-9.2063678e-05,0.00036567531,2.1712127e-05,-4.1145823e-05,0.0011448973,0.00035111734,1.0881688e-05,6.2399417e-05,-8.2137506e-05,-2.3617752e-06,-2.970184e-05,2.8254899e-06,0.00047686419,-8.8584956e-05,0.00053059502,0.00021319355,2.7487155e-05,-0.00037481631,-6.2733089e-05,6.1494312e-05,-0.00010068362,-0.00012996453,-0.00023710151,2.4877987e-05,-0.0003549572,-0.00016666525,-0.00035391605,-3.8106611e-05,2.0583575e-05,-0.0017593441,0.0061573158,0.00090745881,-0.00082897024,8.9415836e-05,-0.00034330064,-0.00040196616,3.6430781e-05,0.0002781389,-1.8624965e-05,-0.001355005,-6.0688053e-05,-0.00099671475,-0.00053193409,-0.00017058401,0.0012395451,0.00022294109,-0.00076357283,0.00060333854,0.00013675088,0.0011581946,0.00010664846,0.0013538398,0.00057436672,0.00039483885,0.00028849227,-9.0144601e-05,0.00068934438,-0.000809077,0.00083368573,-0.00031966944,-4.6485114e-05
"107",-4.4055885e-05,-0.00043407851,0.00087817308,7.7103281e-07,8.2511511e-05,6.4714527e-05,-0.00016714859,-4.9885556e-05,-0.00011623217,1.5354642e-05,2.1461967e-05,8.7097011e-05,0.00035497798,0.00028062842,-0.00037303181,0.00062737287,-0.0014596623,0.0001530624,-9.617694e-05,0.00019212839,0.00028962184,0.00041231149,-7.7919113e-05,1.4288447e-05,7.3693536e-05,-0.00035516141,-0.00034744961,-1.1495086e-06,2.2716557e-05,-6.8999373e-05,-0.0015523831,1.13612e-05,0.00010594463,-0.00031735292,0.00015503832,0.00011207067,3.8436947e-05,0.00021400592,0.00040525276,2.0086082e-05,6.1646556e-05,-0.00019271622,0.00013139143,-0.0003033855,-0.00035117004,-0.00037092387,0.00011183029,-1.0658844e-05,-0.00017537695,0.00047537014,0.00033622062,-0.00021574159,-4.6862017e-05,0.0001553143,0.002266383,8.0819303e-06,-0.00027703646,0.00034234061,-0.00026398099,-0.00022036597,-2.4505036e-05,-0.00025168779,-0.00063187514,-5.8880137e-05,-6.7809572e-05,8.3041514e-05,0.00015970239,8.1833397e-06,0.00027901545,0.00044330522,0.00059342873,-8.0291428e-05,2.472755e-05,1.4503202e-05,-0.00051425196,0.00011143317,7.903098e-05,-4.9440741e-05,-0.00011007106,-0.0023734183,2.995563e-05,9.6783811e-05,-0.00051915471,-3.8629748e-06,-1.9055402e-05,1.8896303e-05,0.00051595927,0.00048797619,4.8287875e-05,8.91635e-05,-0.00036101598,0.00040701659,-0.0014527845,-0.00056253225,-0.00018527758,-0.00068935723,-0.0012320766,-0.0013433823,0.00028117192,-7.1754134e-05,-0.00021224556,0.0017118841,-0.00053688375,-0.00034334766,5.7087008e-05,0.00022294109,0.007187068,0.00044245849,-0.00072711283,0.0010415044,-3.6211597e-05,-3.2620119e-05,-0.00015628735,-0.0013814834,-0.0015609258,6.2085069e-05,-0.00029754577,-7.7049171e-05,6.7247555e-05,1.4385126e-05,-7.6909324e-05,0.00018665179
"108",0.00080704746,-0.0017539649,-0.00085389339,0.0019261232,-0.00016446498,0.00016846927,0.00086512011,-1.464682e-05,-0.0010738511,1.6629107e-05,0.00020809823,0.0004062738,0.0007058903,0.00071306885,-0.00099303981,0.0010684241,0.0030193178,-7.515334e-05,-7.3302165e-05,-3.8733308e-05,-6.7285385e-05,6.5184634e-05,1.7891044e-05,1.2381843e-05,-5.1734793e-05,0.00050951091,-0.00089345213,-0.00016534252,-3.0562402e-05,2.4615618e-05,-0.00022533733,-0.001476684,-0.0010640913,0.00024172899,-0.00037012093,-0.00011184622,-4.482927e-05,-0.0001852277,0.00050172921,-3.470735e-06,-1.8947459e-05,6.355483e-05,0.00025867556,0.00021396146,0.00030967191,-0.00026615496,-2.7018396e-05,-2.7154346e-06,-0.00015348014,-0.0006085531,0.0013697884,0.00010962989,8.5146568e-05,-1.3279154e-05,0.00012809511,0.0024293757,0.0013892062,-0.00059817642,0.00028067077,-0.00016424194,5.4875997e-05,7.8131936e-05,-0.00042588563,-8.969367e-05,3.5930033e-05,-0.0023815523,-0.00036809646,0.00028794054,-3.7321462e-05,5.19429e-05,-0.00012142578,-3.1959963e-05,3.2327252e-05,-0.00097152559,0.00061308332,-0.00037964175,-0.00023649141,2.2170189e-05,4.0294362e-05,-7.2867818e-05,-0.0030363673,-0.0011546648,0.00045864976,0.00026615824,-0.00020785628,0.00047700972,0.00024960422,3.8521531e-05,0.00025217103,-9.4399307e-06,0.0018653235,-0.021833505,-0.0097173559,-0.00054433821,-0.0016712261,-0.00032313172,0.0020038217,0.0021446475,-0.00075254384,1.578046e-05,0.002629114,-0.00077770167,-0.00050721982,-0.00045421522,-5.7135208e-05,-0.00076357283,0.00044245849,0.014344518,0.001507922,-0.0026167752,-0.0027200063,0.00079484423,-0.002387453,-0.001277535,0.0026072258,-0.00054938999,4.7693679e-05,-0.0018207822,0.0023820539,-0.0028307557,0.00077068604,0.0011110327
"109",-0.00090195936,0.0041272547,0.0017445663,-0.0029383851,0.00033396551,-0.00042292475,-0.00078046669,8.1965723e-05,0.00076734122,-3.9262615e-05,-0.00030494132,-3.8263318e-05,0.00026936746,-0.0002039862,0.0003162259,0.0016844719,-0.0093563711,-3.5991989e-05,0.00040571806,6.0978373e-05,-0.00027540722,-0.00044687207,0.00014636578,-1.9111565e-05,7.3713973e-06,-0.00017577272,0.00074942634,-4.5072995e-05,0.00011832861,0.00020420135,0.00051605045,-0.0010177243,-0.0014855328,-0.00017625899,0.00010382626,0.00010608375,-1.904249e-05,0.00040818005,0.00016891166,-2.5553567e-05,3.7215823e-05,-9.6313769e-05,-0.00059678147,-0.00030716707,0.0002998428,0.00049921789,-0.00023165569,2.1090896e-05,-0.00030313384,0.00033732526,-0.0018219968,0.00010706504,-0.00028091837,-0.00018335065,-0.00066999374,0.0014213135,0.0024839447,0.00031681459,-8.7612737e-05,-7.4033788e-05,4.4076992e-06,-0.00040557988,-0.00022471089,0.0001107433,-9.4633245e-05,0.005248549,0.0006971623,-0.00011155808,3.7679539e-05,0.00011490166,0.00025912106,2.6632474e-05,-4.6641004e-07,0.0012874287,-0.00085958152,0.00024736556,0.00038387612,-2.6188611e-05,-8.4321656e-05,0.00020154624,-0.0012512096,-0.0030835167,-0.00073702868,-0.0012518065,0.00019345771,-0.0013827594,-0.00080136165,0.00076453443,-0.00016145817,1.1551951e-07,-0.0083655854,0.024773466,0.0036806811,-0.0011321788,0.00074257474,-0.0004297057,-0.0027723439,-0.00057694074,0.00057264889,-5.6299211e-05,-0.0038492498,0.00028587112,0.0025480487,-6.4023589e-05,-0.00015528307,0.00060333854,-0.00072711283,0.001507922,0.010174673,0.00085856379,0.0053830045,-0.00068848153,0.0047943675,0.0027683699,-0.0049768114,0.0014339861,-0.00011145661,0.0031586444,-0.0036479551,0.0038919275,-0.0012798984,-0.00023446413
"110",-0.0007349658,0.0016376103,5.3963105e-05,-0.0010827575,0.00021839613,-6.9776455e-05,3.3891076e-05,8.7852518e-05,0.00046234134,-2.5115846e-06,-0.0001047579,0.00012101492,-0.00034448124,0.0017643027,-0.0026615191,0.0039195407,-0.012511146,9.5751979e-05,6.9656222e-05,0.00011528795,6.1748395e-05,0.00011378528,-5.3006303e-05,-5.2344781e-07,-4.4046645e-05,-0.00035573067,0.00037560368,-0.00050110801,3.7791165e-05,6.4527492e-05,-0.0001492774,7.4842118e-06,0.00016188611,-0.0022174008,4.5962746e-05,-0.00015047488,-3.0927535e-05,-9.2866077e-05,-7.7711119e-05,-3.9242418e-06,4.2888383e-05,-0.00024270168,-0.00013815549,-4.9489556e-05,9.1060485e-05,0.00011476849,5.3370401e-05,-6.198602e-06,2.0837782e-05,0.0003062752,-0.0007362665,0.00099967505,-0.00012548197,-8.5517014e-05,0.00013175777,-0.00019159342,-0.00032956198,0.0035165319,-3.7515187e-05,0.00036396122,0.00013488884,0.00030321499,0.0002084133,6.0885897e-05,-6.3286616e-05,0.0014296087,0.00050926309,-2.7924627e-05,-3.1480647e-05,0.00022603296,8.8964423e-05,-0.00015111667,1.4624529e-05,-1.7955228e-05,-0.00030335718,0.00067554951,-0.00065037107,-0.00010366817,2.8525603e-05,-0.00046451236,0.00014325643,-0.00018931081,-0.0040948827,-0.00033279337,-0.00018037631,-0.00043847031,-0.00026260286,0.00025578931,-7.5026611e-05,4.1152025e-05,-0.0025246493,0.0048424968,0.0037545685,-0.00056438888,0.00040720752,0.0004515967,-0.00085619375,-0.0011695948,0.00059274946,-6.0523644e-05,-0.00038994792,0.00023221449,-0.0020680413,0.0025377183,0.00025699399,0.00013675088,0.0010415044,-0.0026167752,0.00085856379,0.012359098,0.0012986537,0.00038640769,0.0013555392,0.0011915522,-0.0014210182,-1.5958943e-06,-9.4760125e-05,0.00092133099,-0.0010347157,0.00084754188,-0.00016130518,-0.00046922454
"111",-0.0014938861,0.0050687289,0.00051061017,-0.0044483571,0.00056334763,-0.00048050945,-0.00057758634,3.0130562e-05,0.00097526599,0.00012998399,-0.00014601778,-3.7177002e-05,0.00064527979,-0.00052312024,0.00063323528,0.0015623196,-0.011503217,-0.00016738223,0.00069199851,1.7617337e-05,-0.0002433661,-0.0005205057,0.00022418593,-3.179756e-05,-1.7240813e-05,-0.00072209661,0.001367577,-0.00013696567,0.0001178794,0.00018182504,0.00062866946,-0.00031112971,-0.00012213339,-0.00044751385,-0.0011663728,-0.00037534829,0.00040878825,0.00060081502,-0.00013523905,-4.9160444e-05,5.418344e-05,2.9515026e-05,-0.0011493765,-0.00017561324,0.00024102059,0.00064309957,-0.00034954006,4.6339815e-05,0.00011326575,0.00086163729,-0.0019964632,0.00029210678,-0.00028880918,-0.00018686857,-0.00080910232,0.00016347558,0.00025563891,0.0010513039,0.0020138357,0.00079526597,-0.00045193573,-0.00064383662,0.00028574261,0.00012899217,-0.00012825695,0.0080885739,0.0009024543,-0.00032760139,-5.4983937e-05,9.382035e-05,7.931369e-05,0.00015997771,-3.3455866e-05,0.0020690095,-0.0014815362,0.0012724571,0.00059700322,-9.715645e-05,-0.00025198466,9.7400701e-05,9.4278652e-05,-0.001383637,-0.0011927877,-0.0042945214,-0.00034305057,-0.001776511,-0.00096107129,0.00094536391,-0.00030699356,3.5125159e-05,-0.013863128,0.03897777,0.0028939509,-0.0019976988,0.0012451657,-0.00082508618,-0.0047922706,0.00027372922,0.00078719861,1.7752185e-05,-0.0058126353,0.0023008219,0.002752161,-0.00054770947,-0.00019531991,0.0011581946,-3.6211597e-05,-0.0027200063,0.0053830045,0.0012986537,0.014911882,0.001657994,0.0059841911,0.0035321971,-0.0070629643,0.002461355,-0.00026315819,0.0045749284,-0.0054129922,0.0058016995,-0.0021075515,-3.413748e-05
"112",0.00068518142,0.00050533049,-0.0013318087,0.00019754958,-2.2992581e-05,1.1866218e-06,0.00066009036,0.00012395135,-0.00012056104,4.7407892e-05,0.00014795427,0.00014819881,0.00063321987,0.00011182281,-0.00044376839,0.00042111674,8.661299e-06,3.0388279e-05,0.00015356686,2.7549686e-05,-0.00011688632,0.00012716908,5.2003814e-05,1.300046e-05,-9.565474e-05,-0.00021435714,0.00037289924,-9.5507285e-05,3.1425564e-05,-4.9141607e-05,7.0384417e-05,-6.2716501e-06,2.3409812e-05,-0.0001076863,-0.00040970704,-0.0015359642,-9.1296417e-05,0.00016134458,-0.00015808895,-3.674537e-05,9.3978785e-06,-4.3398626e-05,-0.00029557438,1.3259283e-05,9.1719848e-05,-0.00031104337,-1.3485436e-05,-5.1111694e-06,-3.840042e-05,0.0002959038,-0.0003068616,-6.826188e-05,-4.8805347e-05,8.9673396e-05,-0.00015320646,-3.8762641e-05,-0.00013121233,0.00026717428,0.00068266777,0.0025344877,0.00012367008,-0.00038354599,0.00023286582,0.00012676432,-2.2289388e-05,-1.8899717e-05,2.8390148e-05,0.00020051085,-5.1562359e-05,8.9071545e-05,0.00046668568,5.3080101e-05,9.6890518e-07,-0.00028512306,-0.0001817151,9.2838012e-05,-8.9394214e-05,9.2142343e-06,-4.5872345e-05,1.1382572e-05,7.8610408e-05,4.16975e-05,-0.00020088215,-0.00071214303,-0.0030566739,-0.00012965871,9.4494667e-05,6.308425e-06,5.0327701e-06,2.8469315e-05,-0.00097060448,-0.0042207818,-0.002209659,-0.00042648474,-0.00061952656,-7.7167011e-05,0.00025437959,-0.00078802256,-0.00031335648,2.2198586e-06,0.00061499283,0.0006781415,0.00030484152,-0.00024372459,-8.4431324e-05,0.00010664846,-3.2620119e-05,0.00079484423,-0.00068848153,0.00038640769,0.001657994,0.0092970961,2.4758891e-05,-0.00059893853,0.00066638373,0.00015831146,-6.2137896e-05,-0.00017403392,0.00033201863,-0.00058981058,0.00012756102,0.00020581361
"113",-0.0015835124,0.0064732637,0.0010783726,-0.0052487541,0.00069666122,-0.00046527071,-0.00048128781,0.00032487809,0.00099604947,-0.00015788618,-0.00019750843,0.00034934195,0.00059842906,-0.00087484194,0.0011684835,0.0016337671,-0.010862964,-4.2134978e-05,0.00058774542,0.00061591344,-0.000396105,7.3989595e-07,2.0048866e-05,-1.9174463e-05,0.0004971847,-0.00095636555,0.0022771269,7.8896528e-05,0.00022817329,0.00012910521,0.00053326664,-0.00027236055,0.00016640476,-0.00051012662,0.00088167518,-0.00010867475,-0.0027314428,0.000168701,-9.0557665e-05,1.8756066e-05,6.3881729e-05,-0.00031458968,-0.0009963364,-0.001263337,0.00036052462,-8.2473865e-05,-0.00013590082,3.283699e-05,-0.00083499017,0.0014066728,-0.0035454646,2.3117313e-05,-0.00037977735,-4.8225445e-05,-0.00062133189,8.7244069e-05,-5.6449501e-05,0.001255672,-0.00097184571,0.00031329364,0.0039050181,-4.6508401e-05,0.00018541761,5.1135326e-06,-0.00017015824,0.0084200351,0.0011423075,-0.00061282811,0.00034966474,7.0523671e-05,0.00067670154,-0.00011562367,-1.4504721e-05,0.0025297214,-0.0010990101,0.0014903887,0.00065801046,1.343222e-05,-0.00033869922,0.00014985497,0.00020895106,-0.0012039404,-0.0012647459,-0.0013172274,0.00020134251,-0.0065556813,-0.0017899499,0.00074143474,-0.00011127075,2.1882705e-05,-0.015087418,0.03719944,0.0017221456,-0.0028779118,0.0025012952,-0.002389915,-0.0044706699,-0.00071373279,0.0012041196,1.8355542e-05,-0.0074252493,0.002337559,0.00093230208,-0.00079488783,-0.00046501512,0.0013538398,-0.00015628735,-0.002387453,0.0047943675,0.0013555392,0.0059841911,2.4758891e-05,0.019814192,0.0059073644,-0.0060422466,0.0019867592,-0.00025770966,0.0051567969,-0.0058911737,0.0060243535,-0.0021158556,0.00014070394
"114",-0.0015978811,0.0014680072,0.0011802644,-0.0023743289,0.00024775822,-0.00016910066,-0.00085639674,-9.2488503e-05,0.00047178141,5.717452e-06,-9.8273932e-05,0.00012122743,0.00030322537,0.00020636584,-0.00044397331,0.0014045081,-0.0075014209,-0.00012716004,8.8138068e-06,0.00019955553,-1.5427283e-05,-0.00011500808,-5.2483328e-05,-1.2527711e-05,0.0001296778,-0.00013751641,0.00072538372,0.00011144916,0.00010289147,8.3977895e-05,0.00042014286,-0.00013158017,4.5793934e-05,-0.00035545293,0.00024888329,0.00017693563,-0.00053930272,-0.0011116308,0.00013921592,0.0001406511,6.7890976e-07,9.0269066e-05,-7.0072714e-05,-0.00051890658,3.0098292e-05,0.00018644285,3.6114638e-05,1.2205319e-05,1.8781979e-05,0.00016763474,-0.0012279081,-0.00017879565,-0.0001275327,-0.00012188884,-0.00051079065,0.00014898889,7.1449785e-05,0.0009204181,-0.00034596304,-0.00041153847,0.0007326496,0.0019302308,-0.00029099325,-0.00011257892,-1.6138194e-05,0.00381798,0.00030348995,-0.00031143147,7.5327326e-05,-1.4259453e-05,0.00023839467,-9.1617282e-05,-1.4702757e-05,0.00091290072,-0.00050780392,0.001266504,0.00063740032,-4.6552696e-06,-0.00012899638,0.00059961513,3.1102669e-05,-0.00072609252,-0.00056405403,-0.00076311047,0.00020328851,-0.0017910557,-0.0031029625,0.00042579025,-5.2174431e-05,-1.8107085e-05,-0.0066748853,0.019247073,0.0014371638,-0.0006655112,0.0012227226,-0.00099506808,-0.0022119954,-0.00035837903,0.00082396135,-4.1218331e-06,-0.0024877605,0.00025815448,-0.0013529371,-0.0011023587,-0.00024857027,0.00057436672,-0.0013814834,-0.001277535,0.0027683699,0.0011915522,0.0035321971,-0.00059893853,0.0059073644,0.0094361762,-0.0035366936,0.00098274376,-2.5658194e-05,0.0022910509,-0.0027254561,0.0032391801,-0.00095941443,-1.0043315e-05
"115",0.0027347074,-0.0033565567,-0.0021727694,0.0040305195,-0.00055670718,0.0004449944,0.0014170515,0.00019761799,-0.00087373086,0.0001178027,0.00011663521,0.00018212402,-0.00052854815,0.0020367717,-0.0036999615,0.0019505215,0.0011379345,0.00014052562,-0.00052284937,-0.00097335562,-8.1666164e-05,0.00028695648,-5.731058e-05,4.5954232e-05,-0.00019446786,0.00044362902,-0.00050422925,-0.00017064713,-0.0001157528,-0.00030235757,-9.3343616e-07,0.00042567834,0.00024887483,0.00030513032,-0.00031883169,-0.00020150334,0.0003076723,-0.00028413561,-0.002231082,-1.2062153e-05,-4.9176449e-05,-0.00013492425,0.00080814135,0.0017203208,0.00012959015,-0.00032717281,0.00014421008,-3.8816783e-05,0.00033797078,-0.00043982759,0.00084767335,-3.7581091e-05,0.00028366279,0.00051488034,-0.00025294651,-0.00040731211,-0.00029978734,-0.0007208189,0.00056452388,0.00026047504,-0.00019327541,0.00013944161,0.0034494942,8.7951014e-05,8.9370008e-05,-0.0062496556,-0.00053691958,1.7602044e-06,-0.0013101735,-0.00039824471,-0.00035025031,-0.00011354315,4.8335947e-05,-0.0016464079,0.0011284835,-0.00013088279,-0.00056624341,5.2298625e-05,-0.00023746117,0.00047081377,-7.2838199e-05,0.0011862177,0.00099134484,0.001559116,-0.00020572766,0.0017356165,0.00085975792,-0.0041613599,0.00019103444,-2.7095969e-05,0.0099795522,-0.035626165,-0.0037434275,0.00064153399,-0.00043912838,0.0044420154,0.005378972,0.0012228166,-0.0009546957,-4.0957907e-05,0.00482249,-0.0014114561,-0.0046316563,0.00052264618,0.0002077775,0.00039483885,-0.0015609258,0.0026072258,-0.0049768114,-0.0014210182,-0.0070629643,0.00066638373,-0.0060422466,-0.0035366936,0.016398882,-0.002100869,0.00022102099,-0.0038505527,0.0046757473,-0.0055553706,0.0018059185,0.00011911469
"116",-4.6487643e-05,0.0022099467,4.2020307e-06,-0.0014746765,0.00013476863,-0.00014540382,-6.3815973e-05,0.00011327304,0.00017593405,-2.2447882e-05,-5.1367341e-05,0.00014795906,0.00036241309,-0.0004255991,0.00022127932,0.00037088302,-0.0026330744,-6.7757735e-05,0.00024315246,4.7943892e-05,-0.0001695802,8.0306091e-05,6.4002612e-05,-4.4615931e-06,9.3615959e-05,-0.00016757448,0.00085956966,8.7438766e-05,4.2385355e-05,6.0306961e-05,0.00014882572,-6.2913359e-08,2.4167583e-05,-0.00016539377,0.00012770862,-3.2237092e-05,6.1023181e-05,0.00036367702,-6.7537092e-05,-0.0002457088,1.8655705e-05,5.0684732e-05,-0.00042170844,-0.00010578351,0.00019244675,-0.00011333895,-4.9859483e-05,-2.0834052e-06,-0.00010205652,0.0002763549,-0.0015887938,-0.0003287122,-7.4761222e-05,-3.6065095e-05,-0.00015954936,-0.00013955189,7.6456857e-05,0.00039118929,-1.0423247e-05,0.00019010546,-5.3051039e-05,-0.00032921166,9.9812923e-05,0.00069403043,-5.2226646e-05,0.0027073007,0.00027013286,-0.00014386574,1.6350245e-05,-5.2342912e-05,0.00020899045,-5.1711773e-06,3.7459972e-06,0.00073262925,-0.0003978714,0.00056607161,0.00040626354,-2.4138688e-05,-8.9616349e-05,6.6888475e-05,0.00027169158,-0.00039633376,-0.000373216,-0.00062564716,0.00013717532,-0.00055469369,-0.00023238145,0.00024449836,-0.00084388568,6.9087996e-06,-0.0048868729,0.011301798,-0.00089127131,-0.00084797064,0.00038571859,-0.00069533755,-0.0012515651,4.868845e-06,0.0003266167,-9.7535061e-06,-0.0019176459,0.00077755737,5.5822233e-05,-0.0013235428,-0.0001700127,0.00028849227,6.2085069e-05,-0.00054938999,0.0014339861,-1.5958943e-06,0.002461355,0.00015831146,0.0019867592,0.00098274376,-0.002100869,0.0031980818,-8.3672969e-05,0.001472594,-0.0017179268,0.0017039146,-0.00072626907,0.00024522282
"117",4.165156e-05,-0.00034489822,-1.1395399e-05,0.00015814976,-2.4844038e-05,2.6670354e-05,-8.6322419e-06,-1.4773399e-05,-1.0514566e-05,-4.3689285e-06,-2.0386499e-06,-2.5870199e-05,-4.953219e-05,4.5392811e-05,-6.0745555e-05,-1.1845021e-05,0.00018841022,-1.3615022e-05,-4.1237569e-05,1.4373364e-06,2.0170657e-05,6.9770816e-06,-2.9400805e-06,-3.1856177e-07,-1.7507905e-06,6.3079748e-05,-8.2736305e-05,7.5800884e-07,-1.6521127e-06,9.6403435e-06,4.0619671e-05,1.3587786e-06,-4.0339712e-07,5.0163973e-05,-2.3136987e-05,-2.1693702e-07,-4.3771161e-06,-4.8635032e-05,1.3601426e-05,1.0506147e-06,-2.1866282e-05,2.4994085e-05,6.6002618e-05,5.0608911e-06,-2.2185279e-05,-1.3240101e-05,7.4677194e-06,1.4035637e-07,4.0213761e-05,-8.374178e-05,0.00013151188,1.1338314e-05,7.4389611e-06,-1.6578292e-05,-4.3585809e-05,-2.989008e-06,-1.1764802e-05,-7.7823577e-05,1.3894567e-05,-1.8730595e-05,-3.9170753e-05,5.8224033e-05,-9.5389803e-06,-9.9947549e-06,2.9495636e-05,-0.00025467722,-5.6690855e-05,3.5520753e-06,7.0557806e-06,-6.1351633e-08,-2.1951304e-05,-4.3587707e-07,-2.2971418e-06,-8.5347263e-05,5.9935638e-05,-5.9753121e-05,-2.2373834e-05,1.3662652e-05,2.7726626e-05,8.3518511e-05,-1.3846158e-05,2.6746797e-05,7.2780651e-05,7.5372766e-05,1.397242e-05,7.3104367e-05,6.6319095e-06,-3.3385996e-05,9.2155178e-06,-2.3329028e-05,0.00044198518,-0.0011134668,5.1525614e-05,0.000160572,4.9943119e-08,3.1770939e-05,0.0001441886,3.9525124e-05,-2.3835743e-05,3.3714663e-06,0.00024550391,-0.00014876863,1.8335615e-05,5.2238792e-05,-1.9472864e-05,-9.0144601e-05,-0.00029754577,4.7693679e-05,-0.00011145661,-9.4760125e-05,-0.00026315819,-6.2137896e-05,-0.00025770966,-2.5658194e-05,0.00022102099,-8.3672969e-05,7.8667848e-05,-0.00016172387,0.00019023021,-0.00018535642,7.3743093e-05,-1.670887e-05
"118",-0.0011028726,0.0051991492,0.00036497847,-0.003947566,0.00051402317,-0.00044151627,-0.00016032253,0.00021092295,0.00053128483,-4.4823373e-05,-0.00013782805,-2.0475698e-05,0.00017435131,-0.0010643227,0.0011514517,0.00056069218,-0.0053762891,-3.5180852e-05,0.00059833148,0.00018433425,-0.00027209771,-7.9036284e-05,0.00012143597,-2.6086359e-05,0.00031225726,-0.0007205693,0.0016315913,-9.67821e-05,0.00012428827,0.00014958223,0.00049626799,-0.00010419801,9.6480756e-05,-0.0004015606,0.00049833416,3.3477181e-05,-0.00011191067,0.00049386341,-0.00014062914,-3.1267517e-05,5.1817676e-05,-0.00012473115,-0.00087954592,-0.00050483386,0.0002192977,1.9228844e-05,-0.00020280857,3.5161591e-05,-0.00049951396,0.00097017716,-0.0027317234,0.00015618937,-0.00022945373,-0.00012895792,-0.00057850896,8.9850273e-05,0.00011585233,0.00086607032,-0.00044206364,0.00017230656,0.00031440584,-0.00059945731,0.00022594089,0.000125647,-0.00011362992,0.0055071394,0.00073891735,-0.00029974808,0.00011143425,0.00010273222,0.00048219682,1.1316461e-07,-1.033762e-05,0.0016376001,-0.00093318597,0.00093359507,0.00038537402,-3.8049115e-05,-0.00015134916,0.00010711821,0.0002070199,-0.0008649598,-0.00079523609,-0.0011227275,0.00018920236,-0.0015807814,-0.00068611354,0.00046839818,-0.00016954103,1.3271351e-05,-0.009564545,0.02259967,0.0015007454,-0.0017150007,0.0010329363,-0.0010740449,-0.0027501019,-0.00072883206,0.00061247992,2.2714193e-06,-0.0045183225,0.0015531783,0.00029430964,-0.00028545795,-0.00017988495,0.00068934438,-7.7049171e-05,-0.0018207822,0.0031586444,0.00092133099,0.0045749284,-0.00017403392,0.0051567969,0.0022910509,-0.0038505527,0.001472594,-0.00016172387,0.0040359909,-0.0044379179,0.0043571522,-0.0013309942,5.6775694e-05
"119",0.0017128152,-0.0057160979,-0.00053013764,0.0044765445,-0.00063689658,0.00049094419,0.00042057824,-0.0001654725,-0.00062028586,7.0248178e-05,0.00017296426,4.5537306e-05,-0.00013943763,0.0010871254,-0.0015004202,-0.00055258299,0.0064668142,1.27485e-05,-0.00064154357,-0.00025777943,0.00025343058,7.4034762e-05,-0.00013327796,2.7327902e-05,-0.00036859709,0.00076633547,-0.0017845774,5.7870913e-05,-0.00012634485,-0.00014938161,-0.00051051443,0.00014658338,-7.8695601e-05,0.00044131011,-0.00050430217,-4.7503766e-05,0.00011184364,-0.00052804781,0.00018251334,1.9418941e-05,-5.9955075e-05,0.00015094025,0.00097865759,0.00060184461,-0.000177838,-6.4991715e-05,0.00026110111,-4.0637565e-05,0.0005715084,-0.0010354177,0.0029779517,-0.00016437754,0.00026999214,0.00015786857,0.00062353808,-0.00012015354,-0.00010555224,-0.0010542317,0.00052365461,-0.00012932279,-0.00028881061,0.00063122747,-0.00022464773,-0.00010683122,0.00013121199,-0.0062189733,-0.00084462131,0.0003513318,-0.00012005146,-0.00012440695,-0.00048306258,-1.3172853e-05,1.4857006e-05,-0.0018716019,0.0010434948,-0.0010768231,-0.00040449361,4.2096381e-05,0.00016545525,-0.0001268638,-0.00025067249,0.00094540963,0.00088819593,0.0012775722,-0.00026694151,0.0017258369,0.00078415383,-0.00057806456,0.00019526774,-1.5935173e-05,0.010604726,-0.027965833,-0.0020965049,0.0019332678,-0.0012681146,0.001214287,0.003362941,0.00075850147,-0.00072876026,-1.9672565e-06,0.0052353875,-0.001695871,-0.00070399483,0.00018351964,0.00021887526,-0.000809077,6.7247555e-05,0.0023820539,-0.0036479551,-0.0010347157,-0.0054129922,0.00033201863,-0.0058911737,-0.0027254561,0.0046757473,-0.0017179268,0.00019023021,-0.0044379179,0.0052297401,-0.0054298909,0.0015926286,-2.4138906e-05
"120",-0.0038458608,0.0037791769,2.2473034e-05,-0.0045367854,0.00062149308,-0.00046401103,-0.0012402001,-0.00042861179,0.00067803144,-6.922532e-05,-0.00018893388,-0.00010735263,5.9781861e-05,-0.0011457433,0.0019213134,0.0004321955,-0.0071351238,-1.030396e-05,0.00047263671,0.00037340541,6.5369653e-05,-0.00011766121,0.00016511392,-3.1543572e-05,0.0003623461,-0.00057020393,0.0010914989,-8.4682791e-05,0.0001071604,0.00017137029,0.00039607019,-0.00017278812,0.00013285789,-0.0004429216,0.00042590229,0.00017047636,-9.3432079e-05,0.00035484173,3.1147462e-05,3.5877181e-06,5.3197437e-05,-7.4756286e-05,-0.00075583403,-0.00070221304,-7.2267273e-05,0.00018845549,-0.00034605706,4.4734357e-05,-0.00041666718,0.00066948208,-0.0017304875,0.00030849995,-0.0002345293,-0.00024295211,-0.00049263983,0.00028643687,-0.00010211253,0.0011345115,-0.00065971298,-0.00017072089,5.5179906e-05,-0.00048339579,8.2101377e-05,-9.3614018e-05,-0.0001087907,0.0060848211,0.00081084918,-0.00041202688,0.00017544123,0.00023760092,0.00041517578,3.8751262e-05,-1.6318327e-05,0.001852032,-0.0010043089,0.00070634064,0.00036929704,-5.5941487e-05,-0.00015144405,0.00010424826,0.00025465237,-0.00088866593,-0.00082553793,-0.0012405719,0.00034693998,-0.0017019064,-0.0009150725,0.00068380709,-0.00015598996,1.0712638e-05,-0.0098029901,0.033500084,0.0030088746,-0.0016926345,0.0015787658,-0.0014200376,-0.004233723,-0.00077492491,0.00080639033,-1.2539417e-05,-0.0053053199,0.0013084364,0.0025836142,0.00017944057,-0.00022260098,0.00083368573,1.4385126e-05,-0.0028307557,0.0038919275,0.00084754188,0.0058016995,-0.00058981058,0.0060243535,0.0032391801,-0.0055553706,0.0017039146,-0.00018535642,0.0043571522,-0.0054298909,0.0067689526,-0.0017292888,-6.1993652e-05
"121",0.00048676103,-0.0016392438,1.1225412e-05,0.0013380275,-0.00019605076,0.00014713628,0.00010942049,-2.3196986e-06,-0.00030525601,3.8174825e-05,5.5069779e-05,9.7904677e-06,-7.9378786e-05,0.00036324346,-0.00044784307,-0.00027820119,0.0026178117,2.9307563e-05,-0.00021340732,-4.373853e-05,4.6434257e-05,-1.264609e-05,-3.9638028e-05,7.2775496e-06,-0.0001097903,0.00022261773,-0.00048588588,1.8219523e-05,-3.5712042e-05,-4.7782313e-05,-0.0001424683,8.8607644e-06,-4.2647193e-05,0.00011499776,-9.4296412e-05,-1.3700343e-05,-1.2834755e-05,-0.00019897047,5.1314885e-05,1.985078e-05,-1.8432766e-05,8.2456113e-06,0.0003399984,0.00013096563,-1.5441386e-05,2.4367389e-05,7.5595297e-05,-9.8580011e-06,0.00013062215,-0.00032134946,0.00080953764,-3.2271533e-05,6.0319311e-05,4.9651348e-05,0.00015127197,2.9667607e-05,-4.3018988e-06,-0.00027359716,0.00010467091,-0.00010433044,-4.5058214e-05,0.00021866094,-7.3726986e-05,-3.6403076e-05,3.9216495e-05,-0.0024269038,-0.00032973112,0.00014068762,-1.1902729e-05,-5.9111823e-05,-0.00020945315,8.3133679e-06,5.5657147e-06,-0.00072417428,0.00037641099,-0.00034669321,-0.00019691279,1.694027e-05,8.0313181e-05,-3.6095134e-05,-9.1610672e-05,0.0003600086,0.00032332882,0.00052615389,-0.00010844842,0.00065320045,0.0002703022,-0.00020342004,7.8622392e-05,-5.2266055e-06,0.0035456342,-0.011408363,-0.00053036161,0.000695612,-0.00045422252,0.00041040702,0.0014062698,0.00022620395,-0.00032588125,-4.8161205e-06,0.0018690968,-0.00055321709,-0.00060640826,0.00019295739,0.00010899515,-0.00031966944,-7.6909324e-05,0.00077068604,-0.0012798984,-0.00016130518,-0.0021075515,0.00012756102,-0.0021158556,-0.00095941443,0.0018059185,-0.00072626907,7.3743093e-05,-0.0013309942,0.0015926286,-0.0017292888,0.00076909977,-3.8258689e-05
"122",0.00013111465,0.00025876658,-0.0002229619,-3.5563639e-05,2.3342623e-05,1.7191413e-06,0.00016961015,7.0014976e-05,-0.00017389541,-3.7982974e-05,3.7186247e-05,9.4545893e-05,0.00022995496,-9.1766185e-05,8.9534191e-05,-3.5065204e-05,0.00089097101,-6.3931185e-06,7.2937367e-05,9.0376197e-06,-1.2004271e-05,7.9620888e-05,3.6568748e-06,-1.5817424e-07,7.6267982e-06,-2.6017431e-05,9.18736e-05,-1.7181897e-05,-2.8805998e-07,1.0494392e-05,1.5151297e-05,-2.2959245e-06,-1.436498e-05,-1.2225337e-05,3.5872237e-05,-4.9321224e-06,1.4689096e-05,3.9406188e-05,-7.5884879e-06,-1.2242892e-05,2.9818057e-06,-1.8004774e-05,-8.1750763e-05,-6.0568879e-07,1.5708839e-05,-0.00012189602,-3.8560492e-06,3.4740279e-06,-6.7081985e-05,1.6171986e-05,-0.00011367209,-6.223659e-06,-4.8155267e-06,-4.4032146e-06,-2.2415601e-05,1.8828837e-05,1.1337091e-05,6.7458813e-06,-2.5877577e-05,-1.0905237e-05,4.990683e-06,-8.2092964e-05,3.462567e-05,2.8590287e-05,-6.5361844e-06,0.00032104236,4.977203e-05,-3.171807e-06,1.3773373e-05,2.3117796e-05,4.3929363e-05,8.4884278e-06,8.546583e-07,8.112377e-05,2.4166789e-05,6.0544127e-05,3.0708626e-05,1.0398458e-05,-1.9622771e-05,-1.7833528e-06,1.8362791e-05,-4.3890027e-05,-1.3169246e-05,-5.9278e-05,1.6878555e-05,-6.0148769e-05,-3.0804032e-06,8.9628099e-06,-1.6003026e-05,-2.3678243e-06,-0.0010962908,-0.0012888849,-0.0022720288,-0.00055135195,-0.00021250718,-0.00039124062,-5.9102928e-05,0.00038259351,-5.6855885e-05,1.9909303e-05,-0.00012863733,0.00022444459,-0.00010765695,-0.00029815466,-0.00010941577,-4.6485114e-05,0.00018665179,0.0011110327,-0.00023446413,-0.00046922454,-3.413748e-05,0.00020581361,0.00014070394,-1.0043315e-05,0.00011911469,0.00024522282,-1.670887e-05,5.6775694e-05,-2.4138906e-05,-6.1993652e-05,-3.8258689e-05,0.00039619029
