"","1","2","3","4","5","6","7","8","9","10","11","12","13","14","15","16","17","18","19","20","21","22","23","24","25","26","27","28","29","30","31","32","33","34","35","36","37","38","39","40","41","42","43","44","45","46","47","48","49","50","51","52","53","54","55","56","57","58","59","60","61","62","63","64","65","66","67","68","69","70","71","72","73","74","75","76","77","78","79","80","81","82","83","84","85","86","87","88","89","90","91","92","93","94","95","96","97","98","99","100","101","102","103","104","105","106","107","108","109","110","111","112","113","114","115","116","117","118","119","120"
"1",0.0020271408,6.4267761e-05,4.4887184e-06,0.00014610954,0.00034317785,-1.7746048e-05,4.9444614e-05,1.2972316e-05,3.3561419e-05,0.00018675131,0.00011035019,-7.5852705e-05,-0.00016064565,0.0040786261,4.9681149e-05,-1.1804678e-05,-0.00023008897,9.6464354e-05,-0.00014394166,7.1567349e-05,-8.888891e-06,-0.00023924027,0.00011190653,-0.00021775116,0.00016546241,-8.9892267e-05,7.1159389e-06,0.0001200476,-6.6758506e-05,-0.00028736659,0.00015161651,-0.00015718693,8.2088502e-05,0.00011676618,-8.5281451e-05,-0.00010341982,-2.493095e-05,1.0055603e-05,-1.4751841e-05,-1.5123186e-05,0.00049168162,-0.0001511524,0.00024043718,-0.00012552384,2.8023353e-05,0.00026181324,3.3695506e-05,0.00022130344,-0.0002555004,0.00014672854,-5.1419511e-05,-0.00016727931,9.1096458e-05,0.00036260059,-0.00040618983,0.00014173295,-0.00015191383,-0.00016738716,0.00012207418,0.00010114092,5.8614124e-05,-1.5537935e-05,-0.0019786074,-0.00027219341,0.00022106992,-0.00022503002,4.505671e-05,-0.00029181722,6.3258901e-05,-7.4301122e-06,-0.00064411549,0.00025921617,-0.00033457106,-8.0991705e-05,-5.5913783e-05,0.0001028306,6.2250339e-05,-8.6105285e-05,0.00021775191,0.0002941928,0.00034881498,-1.3927848e-05,0.00064959001,0.00031588607,-0.0002451294,3.0796464e-05,1.0769233e-05,0.0081542677,-0.01491899,0.0039831838,0.0023034606,-0.00098465534,0.0015204569,0.0013710591,4.560736e-05,-0.00095689977,5.8649604e-05,0.0028405255,-0.00069889698,0.00020607629,0.0016768586,0.00055618574,-0.00089763947,-0.0013041774,-0.0011427851,-0.0018495087,0.0010666576,-0.0034420731,-0.0003884365,-0.0041409149,-0.0020613529,0.002824656,-0.0015934476,5.8683568e-05,-0.0011236349,0.0016408972,-0.0024127886,0.00070908492,-0.00020688829,-0.002481871
"2",6.4267761e-05,0.00045442589,1.6771025e-05,5.7297017e-05,2.4470568e-05,2.0637831e-05,3.0808328e-05,3.2406963e-06,1.074926e-05,8.7093081e-06,-0.00014996017,6.1652092e-05,6.4686428e-05,-0.00017521011,-6.0064896e-06,-3.8839937e-06,-7.7107201e-05,-2.8279816e-05,-9.3258316e-05,1.5919632e-05,-1.6336897e-06,4.1865967e-05,-2.8927032e-05,8.4223749e-05,-1.4791374e-05,7.4273579e-06,3.1275449e-05,5.490321e-05,3.3111925e-05,1.1387847e-06,-1.8491562e-05,-2.6729496e-05,-1.0064012e-05,-1.9148092e-05,1.5508217e-05,4.3299657e-05,2.3513349e-06,-9.2133375e-07,1.4684093e-05,2.2239498e-05,6.7528425e-05,-2.3500455e-05,0.00010824646,1.2306285e-05,-1.511168e-06,-6.2916e-05,2.9673763e-05,9.2857869e-05,-0.00021091975,-1.6976095e-05,-2.6878081e-05,1.8774015e-05,-1.8676965e-05,-1.8223469e-06,1.8161826e-05,1.9880994e-05,-3.6651004e-05,5.2177423e-06,-4.164751e-06,-2.4227041e-05,-5.348989e-06,-6.654058e-07,-9.141467e-05,-4.2812962e-05,2.0810185e-05,-3.8928065e-05,-2.0404768e-05,-2.4217657e-05,-4.2997932e-06,-3.3993099e-06,-4.0381312e-05,-4.0898475e-05,2.0195368e-05,3.6132411e-05,4.5075309e-06,1.4415147e-05,-1.2911972e-05,-1.2275537e-05,-4.7022207e-06,2.3811603e-05,1.6367789e-05,-1.4577477e-05,2.3096099e-05,1.3009256e-06,-9.5740493e-06,1.6352328e-05,-3.0202107e-06,-0.00014158022,0.0005056377,-0.0002145839,9.7823867e-06,2.475515e-05,4.3195826e-05,-2.6021145e-05,0.00017515661,3.1108225e-05,4.8869783e-06,-1.9401732e-05,0.00023098528,0.00012307962,-0.0002479231,-4.5418389e-05,-1.7985418e-05,0.00010107412,5.7229727e-05,2.0244255e-06,-6.3428185e-05,0.00011822686,4.5159599e-05,0.00012285803,5.2163845e-06,-9.7047776e-05,2.6321178e-05,1.5177818e-06,-1.9939884e-05,-5.0411481e-05,7.2087599e-05,-3.2971083e-05,1.2708046e-05,9.5793395e-05
"3",4.4887184e-06,1.6771025e-05,0.00048848895,9.7951733e-05,8.537406e-05,-3.2555215e-05,1.03302e-05,5.9463253e-05,7.7770457e-05,0.00012600235,-2.7013903e-05,-3.5934622e-05,-1.7863453e-05,0.00012213667,-3.2281181e-06,5.4084255e-05,6.5464957e-05,2.3901483e-05,-1.6388621e-05,-1.2986099e-06,6.1354374e-07,-6.1312477e-05,-1.5108557e-05,0.00014904591,3.9161989e-05,-1.3469077e-05,5.3173144e-06,3.211525e-05,2.8968896e-06,-1.5441749e-06,-3.4974313e-05,-2.3878827e-05,-4.6683401e-05,1.5922734e-05,4.5724077e-06,6.9300943e-06,1.2326913e-06,-1.4755623e-06,5.6841689e-05,-5.8211219e-05,-5.7006774e-05,-3.0013312e-05,4.6800368e-05,4.2508474e-05,-1.4859066e-06,6.944086e-05,5.7443629e-05,7.0721121e-05,-4.6843847e-05,2.8163701e-06,-2.3679302e-06,-5.672045e-05,-1.0604738e-05,-6.8800917e-05,9.8738516e-07,3.2601552e-05,-4.6260913e-05,5.9771789e-05,-1.762174e-05,-5.539095e-05,-1.4419472e-06,5.3605326e-06,4.4476405e-05,-4.7270909e-06,1.5743374e-06,2.3273287e-05,4.2323653e-05,2.4881874e-05,-1.0836753e-05,4.3588496e-06,-6.7204846e-06,1.6335797e-05,6.6581973e-05,-8.3160451e-06,8.6322439e-06,4.0976607e-06,3.9283787e-06,3.3480917e-05,-4.7282877e-07,-2.2977988e-05,-2.3880931e-05,-4.7296484e-05,-2.4252861e-05,3.2096226e-06,-1.1776434e-05,-6.5844634e-06,5.421041e-07,-0.00036207045,-0.00045337581,-0.00039803403,-6.021666e-05,-9.1776948e-05,-0.00010732954,-8.0306338e-05,3.4728914e-05,3.4838791e-05,-7.8842588e-06,5.9290919e-05,8.524551e-05,-5.3995744e-05,-4.1951948e-05,-2.3550115e-05,-2.0636578e-05,3.4029711e-05,9.8143771e-05,-0.00012469119,5.7793856e-05,1.236344e-05,3.5226258e-05,0.0001263132,2.5012101e-05,6.1591868e-05,3.7044927e-05,3.6134193e-08,-1.6633371e-07,-6.3635948e-07,-0.00012084833,-2.7388418e-06,3.3198804e-05,5.5481781e-05
"4",0.00014610954,5.7297017e-05,9.7951733e-05,0.0012591986,0.00029891258,-1.4290504e-05,3.6721684e-05,3.4207145e-05,0.00019754245,0.00014914466,-3.339805e-05,0.00024127722,-1.4705263e-05,0.001495484,-1.9883356e-05,4.2443583e-05,-3.1927413e-05,5.5404058e-05,2.4017195e-05,1.366148e-05,-3.6535997e-06,-3.1641981e-05,-2.0464016e-05,-2.2469514e-05,1.0796307e-05,2.0072328e-05,4.1746791e-06,8.5338357e-06,-7.6804115e-06,-2.7017153e-05,-3.1628609e-05,-2.1126164e-05,-5.9341103e-05,1.548701e-06,-8.4942023e-06,-3.2883988e-05,1.2363237e-05,1.6420279e-06,0.00010140886,-0.00012041454,0.00010197103,-0.00011832085,-3.1898397e-05,-4.927746e-05,8.0909972e-06,5.6159558e-05,0.00010271105,4.3524716e-06,0.00019492703,-6.3198393e-05,-3.5226926e-05,-2.1477755e-05,4.7062357e-05,-0.00010040631,-9.071997e-05,-9.5643957e-05,7.4235054e-05,0.00010636541,-6.5014409e-06,-8.4358388e-06,-9.345166e-05,2.6032716e-06,-7.7518922e-05,-5.598562e-05,7.0594577e-05,-4.6493711e-06,5.2048386e-05,1.150008e-05,9.3210748e-06,-2.9241221e-06,-0.00010578956,1.7051699e-05,3.6905762e-05,-5.2279649e-05,3.2396373e-05,2.0837022e-06,-3.5672719e-05,-2.9882205e-05,-8.6080606e-06,-2.2398218e-05,-3.3789484e-05,-9.2900235e-05,9.1103531e-06,5.7142673e-05,7.4468867e-06,2.994991e-05,5.4808615e-07,0.00049602255,-0.0045396086,0.0001207004,0.00037066003,-0.00041432272,0.00014638653,0.00023305837,-2.4976583e-05,-0.00028304381,3.0396091e-05,0.00055913855,-2.1989516e-05,-0.00041031932,0.00050702469,1.0485078e-05,-0.00021532947,-0.00011678081,8.0725793e-05,-0.00056652687,0.00040438588,-0.00065697183,0.00010295392,-0.00056537941,-0.00048057052,0.00059662423,-0.00039919526,9.3630071e-06,-0.00010561573,0.00023763856,-0.00081761778,0.00010929906,2.0476772e-05,-0.00052612256
"5",0.00034317785,2.4470568e-05,8.537406e-05,0.00029891258,0.00148185,-4.4797673e-05,1.6001091e-05,6.0207773e-05,0.00011204173,0.00023815372,7.7285751e-06,-0.00031035223,-4.1360287e-05,0.002322689,2.4604697e-05,2.0741483e-05,-5.1370099e-05,-3.9190566e-05,-4.7021311e-05,-2.7370047e-05,3.4985231e-07,-9.0777944e-06,2.4248501e-05,-4.6010653e-05,8.4463153e-05,-9.9028152e-06,-5.2064619e-06,8.4254927e-05,2.9577003e-05,-8.6256812e-05,5.4495593e-05,-1.9007369e-05,-6.9069269e-05,-4.0940113e-05,2.9757858e-05,4.4580672e-05,3.6479605e-06,1.8615878e-06,-7.6907941e-05,8.299462e-05,0.00023732173,0.00017763175,5.6639997e-05,0.00011982961,1.1404558e-05,-0.0001028333,-4.6696349e-05,-8.9048348e-05,-0.00026150592,-2.4191868e-05,3.8587652e-05,-8.4644637e-05,-0.00013448369,1.8707601e-05,-0.00016662978,4.3178384e-05,-1.0424816e-06,0.00011067767,-2.5242153e-05,-2.8239516e-05,2.8278541e-05,-6.6548926e-06,-0.00042789686,-2.2191448e-05,4.743085e-05,-1.9780526e-05,1.9292474e-06,-2.9157928e-05,-2.672186e-05,9.111115e-07,-0.00010786567,0.00010736264,-0.00010116448,-1.21466e-05,2.395948e-05,3.0870091e-05,3.2720988e-05,2.4808448e-05,6.7748803e-05,-2.6798508e-05,9.8921272e-05,-5.4283206e-05,0.0001045746,0.00013632766,-1.2276615e-05,-1.7378048e-05,1.5993272e-06,0.0018185867,-0.0081757355,0.00064495672,0.00042740324,-0.00032064426,0.00038558943,0.00084883149,-3.7574206e-07,-0.00031648554,3.5211034e-05,0.00067570563,-0.00016954937,-0.00035862315,0.00044277759,8.9700563e-05,-0.00035294724,-0.00054698383,-0.00024577314,-0.0010130285,0.00069950925,-0.0015601958,-4.7744546e-05,-0.00125737,-0.00088047664,0.0012713788,-0.00061834392,2.2775724e-05,-0.00023359617,0.00048916626,-0.001369794,0.00029449437,2.7700702e-05,-0.0010140189
"6",-1.7746048e-05,2.0637831e-05,-3.2555215e-05,-1.4290504e-05,-4.4797673e-05,0.0011419208,-3.2847708e-06,-8.6164685e-05,0.00010549629,0.00052711706,2.2865354e-05,-0.00015868366,0.00014771183,-0.0026248298,4.7027673e-06,-1.9735992e-06,-2.3334461e-05,1.6180615e-05,-3.5841025e-06,-1.6714079e-05,3.7497752e-06,3.0822293e-05,-1.4049378e-05,-9.5617037e-05,6.599582e-06,-4.0443061e-06,-1.3264959e-05,9.3723839e-05,-3.3992273e-05,-6.8668054e-06,1.2581098e-05,-4.0445959e-06,7.7168393e-05,-3.4503238e-05,1.5459497e-05,-7.2380353e-05,2.6938103e-06,-1.4199195e-06,-1.7327136e-05,2.1013973e-05,1.3705107e-05,-3.2282642e-05,1.6119513e-05,3.7811477e-05,-8.9659507e-06,9.3140354e-05,0.00011746264,3.4427212e-05,-9.3047949e-05,3.1365783e-05,1.3245797e-05,-7.5754453e-05,1.0672633e-06,3.4491336e-05,-4.3046448e-06,-1.081063e-05,7.8172402e-05,6.6365614e-05,2.277029e-06,3.5445723e-05,-1.7719356e-05,-3.4979654e-06,-4.2955697e-05,-1.5771897e-05,-2.4482699e-05,-7.9443446e-05,-4.9697272e-05,-1.3122113e-05,6.3598864e-06,1.9262252e-06,9.8704875e-05,4.2850822e-05,-0.00016230709,-2.1959405e-05,-2.7151775e-06,-1.2600004e-07,3.7256067e-05,1.4234749e-05,2.9208144e-05,-3.7856506e-05,0.00010069091,4.1700703e-05,1.4646445e-05,2.2136864e-05,-0.00010004014,-3.4483496e-06,-3.9895884e-06,0.0044238386,0.00072894413,0.0093752639,0.0022072515,0.00062953244,0.0016804367,0.00052381382,-0.0021038248,7.5368122e-05,-8.2425079e-05,0.00040022019,-0.0010625657,0.00039370061,0.0011781938,0.00051172578,6.6409267e-05,-0.0010281761,-0.0044356024,0.00073055643,0.0019365912,-0.00059487211,-0.00065050825,-0.0010645848,-0.00047097059,0.00018410828,-0.0011383774,0.00010473589,1.4825317e-05,-3.927013e-05,9.5177387e-05,-4.5973887e-05,-0.00075862421,-0.0036556717
"7",4.9444614e-05,3.0808328e-05,1.03302e-05,3.6721684e-05,1.6001091e-05,-3.2847708e-06,0.00061463266,0.0001081016,2.2635154e-05,4.480727e-05,1.8430877e-06,-3.9757709e-05,6.6449999e-05,9.5071925e-05,1.6111115e-05,-2.3740221e-05,-1.1661207e-05,1.8887651e-05,-9.2810183e-06,5.2307577e-06,1.9199709e-07,-2.2103548e-06,6.5076805e-06,5.656855e-05,-1.9562999e-05,-9.3248906e-06,6.6399509e-07,-6.7206854e-06,2.1982909e-05,-3.0295378e-05,-1.1010873e-05,-2.4036343e-05,7.0681239e-06,2.7655928e-05,-2.8570671e-05,-9.7109601e-06,-1.5898113e-05,5.6106806e-06,-9.1300106e-06,1.3729797e-05,1.9227022e-06,-2.7870785e-05,9.3274264e-05,-9.4036744e-07,-1.1390481e-06,5.9127448e-05,-1.2462576e-06,8.5757952e-06,-1.5290512e-05,9.5926641e-06,-2.5195854e-06,-2.4092896e-05,-2.2328917e-05,3.5344482e-05,-1.4360545e-05,1.539263e-05,3.1986692e-06,-3.5741395e-08,3.7136349e-05,1.2067289e-05,3.1698889e-05,-3.3368127e-06,3.6395913e-05,-2.8899843e-05,-1.613199e-05,2.8366827e-05,1.6566728e-05,3.3809976e-06,-2.4158149e-06,2.082998e-06,2.3150134e-05,-6.3902621e-06,9.3120734e-06,-1.1309635e-05,-4.1244759e-06,-1.1608147e-05,-2.7970132e-05,-8.1745767e-06,7.3696429e-06,1.9016853e-05,-0.00010176758,-3.8017436e-05,-6.8783711e-06,-3.0502841e-05,1.2193764e-05,4.1236788e-06,6.297085e-06,-0.00022245578,-0.00021348293,-0.00028655473,-2.5729165e-05,-1.3803839e-05,-2.7713676e-05,-4.7088155e-05,0.00015963611,-3.956368e-06,-2.5788637e-06,3.6907242e-05,-2.3394011e-06,-9.4908108e-05,-2.8684372e-05,-3.4103546e-05,-8.0630001e-06,4.5706944e-05,0.00010246509,-2.3237672e-05,-4.5642973e-05,0.00021913088,7.6155389e-05,-6.4318141e-05,7.7265124e-05,6.583463e-05,4.3287219e-05,-1.4104553e-05,9.5464468e-07,2.6396411e-05,-4.6218126e-05,1.8125941e-05,-1.1217038e-05,0.00016110522
"8",1.2972316e-05,3.2406963e-06,5.9463253e-05,3.4207145e-05,6.0207773e-05,-8.6164685e-05,0.0001081016,0.00078158676,5.6260468e-05,0.00016775529,6.9030137e-05,-4.5832621e-05,4.2432118e-05,0.00052197823,3.3567203e-05,-2.8785069e-05,8.0337751e-06,3.073923e-05,-4.2995689e-05,-1.0147961e-05,-8.7922663e-07,-5.0746591e-05,-5.5152038e-05,5.4397856e-05,-1.8788279e-06,-6.0593306e-06,-1.294287e-06,2.2534506e-05,3.8470954e-05,-3.0565014e-05,-4.951215e-06,-5.0718772e-05,-5.9718887e-05,1.1758841e-06,-4.628366e-05,2.8188837e-06,-2.5017511e-06,-2.1230219e-06,-4.348056e-05,7.148977e-05,4.6847687e-05,-5.9657711e-05,4.2931884e-05,7.7239087e-06,2.9287011e-06,7.527611e-07,2.6523889e-05,0.00012505549,5.051545e-06,-5.1708536e-06,-1.2826095e-05,-5.3029362e-05,3.072476e-06,1.9740757e-05,-1.2458937e-05,3.8143984e-05,-2.1286506e-06,1.9483863e-05,4.8031021e-05,-2.2984173e-05,-2.1138718e-06,6.4446507e-06,2.8818108e-05,2.76636e-06,-2.2341392e-05,1.4330979e-05,7.0208731e-06,-1.0342017e-05,-2.8822826e-05,8.3072252e-06,7.3802509e-06,2.6080498e-06,2.028944e-06,-4.7736003e-05,2.7101479e-05,-9.8286336e-06,-2.1361957e-05,4.4297099e-05,-1.2136923e-05,-9.756338e-06,-9.1551321e-06,-6.1362793e-05,-3.346763e-05,-1.1438748e-05,-1.7625611e-06,1.538504e-05,8.3416371e-07,-0.00072413025,-0.0003350142,-0.0015003817,-0.00036974246,-8.2578799e-05,-0.00031151183,-0.00010291418,0.00034406938,8.2965751e-05,-4.3724988e-06,-0.00010674001,0.00010025766,0.00024887369,-0.00015177625,-0.00011746006,-2.2451591e-05,7.0496063e-05,0.00051919452,-0.00020411401,-0.00022853828,9.8758909e-05,0.00023306209,0.00010645261,6.5560361e-05,-6.3289265e-05,0.00010250149,-1.604925e-05,-1.3613657e-05,3.94354e-05,-7.9099241e-05,4.3542811e-06,9.1272424e-05,0.00036131124
"9",3.3561419e-05,1.074926e-05,7.7770457e-05,0.00019754245,0.00011204173,0.00010549629,2.2635154e-05,5.6260468e-05,0.0014996458,0.00047668439,-0.0001007343,-0.00010848961,5.247484e-05,6.7147554e-05,4.0512074e-05,2.3989987e-05,3.8406527e-05,5.5847448e-05,5.147027e-05,1.0811443e-06,6.436533e-06,-5.0566604e-06,4.800047e-06,4.931274e-05,-2.6379674e-05,-6.251766e-06,1.7667196e-05,7.3469483e-07,3.6310464e-05,-3.6603965e-05,-7.5875128e-05,1.277609e-05,-1.2000645e-06,0.00011359692,2.2247891e-05,7.2416805e-06,-1.7683531e-05,2.284082e-07,-5.1862831e-05,4.2664721e-05,5.5668484e-06,-1.9448453e-06,1.1588516e-05,3.6617181e-05,-9.7665933e-06,-2.6004902e-05,0.0001246102,-0.0002431552,2.8414475e-05,3.0038213e-05,-2.7882325e-05,4.1999261e-05,-1.9275193e-06,-6.398553e-05,0.00013580503,-4.9202258e-05,-0.00015470412,-7.2739385e-05,-5.1151375e-05,-2.7997423e-06,2.4608256e-05,-6.5331809e-06,3.4457285e-05,4.0383828e-05,4.6258588e-06,1.3220814e-05,-2.5287604e-05,3.9667248e-05,-5.9556134e-06,4.1851014e-06,-0.00010940655,-3.720054e-06,7.3042056e-05,-5.7665046e-06,6.1504043e-06,-5.185413e-07,-3.3369713e-05,-1.6136592e-06,-4.9752865e-05,-6.4662475e-05,2.0945091e-06,-6.8643133e-05,-1.1669654e-05,-1.9142779e-07,-3.2230253e-05,-3.6621035e-06,5.8402159e-06,0.0004042716,-0.00094432465,0.00081525385,8.9216611e-05,-1.2488481e-06,0.00015380955,0.00020007537,-0.00028168407,-4.1282714e-05,-2.0268969e-05,0.00032020458,6.2464932e-05,-0.00083761702,8.8876095e-05,8.0825218e-05,-3.7515446e-05,-5.2995409e-05,-0.00032654233,7.112231e-07,0.00053098488,-0.00026921406,1.7086299e-05,-4.423055e-06,-1.4052793e-06,0.00021940662,-8.8702733e-05,-1.0805213e-05,-2.6278191e-05,5.6333823e-05,-0.00011008023,4.0539037e-05,-2.6850734e-05,-0.0007519628
"10",0.00018675131,8.7093081e-06,0.00012600235,0.00014914466,0.00023815372,0.00052711706,4.480727e-05,0.00016775529,0.00047668439,0.0033818553,-0.00021457807,-8.5211241e-06,-0.0001874068,0.00034615795,1.9914856e-05,-1.0569141e-05,7.7506074e-05,7.3686704e-05,-3.4125012e-05,-2.1742731e-07,5.5487978e-06,-0.00010760863,3.4874992e-06,-3.6608539e-05,5.185785e-05,9.3381174e-06,1.8848497e-05,-1.9450935e-05,-2.4594922e-05,-7.5379504e-05,4.0372597e-05,-3.3666707e-06,-7.9446407e-05,-4.0635614e-05,5.8496716e-05,0.00010870425,6.6887292e-06,3.1520407e-06,0.00010031475,9.6940613e-05,0.00017331975,-0.00011863551,7.9098987e-05,3.4080957e-05,7.358289e-06,-1.7565997e-05,-9.0621416e-05,-0.00013414809,-0.00035970572,1.9134671e-05,-4.9968729e-05,-0.00010243522,9.9507398e-05,5.3757979e-05,-0.00013149491,-3.4498689e-06,-9.7048624e-05,0.00019990736,4.4239838e-06,-0.00017409178,1.4746813e-05,1.126032e-06,-0.00022941934,-4.179109e-06,4.1910636e-05,-5.6327322e-05,3.6272683e-05,-4.7042537e-05,5.1029721e-05,1.2343755e-06,-0.00012161965,0.00015228105,2.7114492e-05,2.5550055e-06,4.0853857e-05,7.1514809e-07,-7.9834501e-05,3.3427014e-05,-1.7192188e-05,5.761911e-05,5.8593239e-05,-0.00018806312,6.7449754e-05,2.4490151e-05,-8.9319275e-05,8.5574974e-07,5.661543e-06,0.0037620816,-0.0037685796,0.0064448341,0.0018460404,0.00013115089,0.0011610404,0.00041291766,-0.0013977677,-0.0002272112,-3.7947478e-05,0.00090058259,-0.0010568509,-0.00014289923,0.00068687567,0.00037029232,-0.00022996924,-0.00072304479,-0.0028821864,0.00018073059,0.0013848108,-0.0010378309,7.9141387e-05,-0.0014953746,-0.00062878273,0.0004277135,-0.0010536307,6.1239045e-05,-0.00011525439,0.00026217282,-0.00050380872,0.00018596913,-0.00037798755,-0.0040489049
"11",0.00011035019,-0.00014996017,-2.7013903e-05,-3.339805e-05,7.7285751e-06,2.2865354e-05,1.8430877e-06,6.9030137e-05,-0.0001007343,-0.00021457807,0.011566884,-0.0110388,0.0031684695,-0.0093619592,-9.3197509e-05,-0.00049149443,-0.0016682642,-0.00057827983,-0.00015711683,-0.001068827,4.3339305e-05,-0.0013307583,-0.0014271781,-0.00045859564,7.3715246e-05,-0.00054345068,-0.00048257112,-0.00062211115,-0.0013418797,-0.0011064898,-0.0020225249,-0.00064348,-0.00030622404,-0.0006141493,-0.00055982966,-0.0025480894,-9.0405333e-05,-8.3921623e-06,0.00023808413,0.00070994185,0.0017593402,0.00058880091,0.00038535271,0.00099370032,-5.3062636e-05,0.0012593349,0.0013341287,0.0026201535,0.00061648322,0.00057475071,0.00021892284,0.00032663193,0.0013292734,0.00087441728,0.0024575349,0.0006170856,1.2341923e-05,0.00046198327,0.00049865439,0.0022343029,-2.9551193e-05,1.1119875e-05,-2.7773826e-05,-7.2710714e-05,-0.00012988269,-0.00059647932,-4.6139807e-05,-4.7366228e-05,-0.00032514381,1.1504729e-05,-0.00038560884,-0.00038708913,0.00030324832,5.0275007e-05,-0.00011471444,7.9150652e-06,-0.00011469398,-0.00038743562,-0.00033601075,-0.00073222112,-0.00019961474,-2.1127287e-05,-0.00018782837,-0.00027228033,-0.00053132162,2.0662711e-05,-3.4331406e-06,0.00087127307,-0.0023475261,0.00067116579,0.000654457,0.00064499658,0.0018366814,0.00044856327,0.00021567293,0.00082209477,-4.5378917e-05,0.0014460865,0.0012628629,0.0009684621,0.00031098851,0.00054218399,-0.00011703095,0.00017125912,0.00075512284,0.00047740272,0.0026480448,0.00011145198,-4.8657975e-06,0.00019945595,0.00048731387,0.0021862777,-0.00033257735,1.5052609e-05,-0.00029421785,0.00023915116,-0.00042627179,0.00011928267,-6.1873616e-05,-0.00028478494
"12",-7.5852705e-05,6.1652092e-05,-3.5934622e-05,0.00024127722,-0.00031035223,-0.00015868366,-3.9757709e-05,-4.5832621e-05,-0.00010848961,-8.5211241e-06,-0.0110388,0.027737004,-0.0045963825,0.020071,0.00022966236,0.00056436248,0.0017111203,0.00055259385,0.00036653094,0.0010033628,-4.96618e-05,0.0012524274,0.0013596367,0.0016461227,0.00031633051,0.00058451137,0.0002418617,0.00036961788,0.0013840761,0.00090647387,0.0024768191,0.00065127629,3.5059654e-05,0.00042385942,0.00050941239,0.0021489049,-2.4587241e-05,1.0397163e-05,-0.00030791338,-0.0016975854,-0.0038362029,-0.0013413889,-0.0015882973,-0.0027327307,0.0001776125,-0.0034558916,-0.0033632888,-0.0030220012,-0.001100735,-0.0014580736,-0.00057666095,-0.0015137726,-0.0028350789,-0.0017602622,-0.0067400831,-0.0014506469,-3.9010343e-05,-0.00067055294,-0.0014509915,-0.005011621,2.9041285e-05,3.2901772e-06,0.00045489729,0.00018136123,0.00013876869,0.0009328841,8.8924765e-05,0.00015746827,0.00051360326,-4.2310302e-05,0.0008115225,0.0003159723,-0.00025803745,-0.00028038162,0.00021176035,2.4086726e-05,0.00011130808,0.00047725234,0.00022240921,0.00098017264,0.00025429427,0.00019690705,7.4172862e-05,0.0003006008,0.0009760992,8.6046164e-05,1.371793e-06,-0.0031077762,0.0066427978,-0.0029323369,-0.0015381906,-0.0011429228,-0.0038658157,-0.0014072134,-0.00069835852,-0.0019844795,0.0001614794,-0.0040200812,-0.0022559101,-0.00054651292,-0.00083178436,-0.0012832314,4.5763465e-05,-0.00015898488,-0.00053767801,-0.0001741217,-0.0061776478,0.0003178806,-0.0001351607,0.00051882534,-0.00088265542,-0.0052867004,0.00066563309,-5.7164203e-05,0.00028537829,-0.00061702892,0.0010793434,-0.00029165018,0.00020519206,0.0014921613
"13",-0.00016064565,6.4686428e-05,-1.7863453e-05,-1.4705263e-05,-4.1360287e-05,0.00014771183,6.6449999e-05,4.2432118e-05,5.247484e-05,-0.0001874068,0.0031684695,-0.0045963825,0.010167606,-0.018785981,-7.7352427e-05,-0.00016473657,-0.00053009869,-1.9986967e-06,3.1359167e-07,-0.00034562985,1.9830122e-05,-0.00036944319,-0.00046245027,0.00023864525,-5.3914481e-05,-0.00012581673,1.3984625e-05,-0.00015043275,-0.00032260524,-0.00028399414,-0.00075952791,-0.00019891274,-1.6154607e-05,-0.00012004728,-0.00024341956,-0.00055045428,2.5569859e-05,-1.0728793e-05,0.00012868416,0.00022918265,0.00078441127,3.9348644e-05,0.00012843951,0.00055976046,-5.5637896e-05,0.00072202755,0.00051349053,-0.00010076068,-0.00049031372,0.0002645743,-8.0796534e-06,0.00013541052,0.00035897233,0.00019445904,0.0010283597,0.00039034276,0.00012979163,1.8046357e-05,0.00034799213,0.00086390333,2.7339442e-05,1.0484306e-05,0.00062337655,-0.00011044351,-0.00055734979,-0.0014473126,-0.00016049671,-3.8563046e-05,-0.0010176948,4.554007e-05,-0.0011660268,-0.0012953957,0.00089354625,0.00024557214,-0.00053438957,-0.00021099999,-0.00060001959,-0.0010646321,-0.0008652868,-0.0023342871,-0.00036749921,-0.0002328248,-0.00079425013,-0.00062556968,-0.0017197244,-4.001047e-05,-1.524846e-05,-0.0018777454,0.0019571969,-0.0010048171,2.6868158e-05,0.00086898953,0.002598192,-4.745463e-05,0.00044431015,0.0019714107,-0.00010452053,0.0020873508,0.0020798174,-0.0017391416,-0.0011955371,0.0010116433,0.00036024348,0.00093175014,0.002064617,0.0015663255,0.0040225432,0.0013647666,0.00052124052,0.0016408226,0.0014610838,0.0025759737,0.00037242871,2.0600053e-05,0.00018755362,-0.00019028207,0.0001056506,-0.00014840529,4.6956853e-05,0.00058049808
"14",0.0040786261,-0.00017521011,0.00012213667,0.001495484,0.002322689,-0.0026248298,9.5071925e-05,0.00052197823,6.7147554e-05,0.00034615795,-0.0093619592,0.020071,-0.018785981,0.086671729,0.0002857427,0.00087778222,0.0011466501,2.6285896e-05,-1.5718044e-05,0.001195899,-0.00011808806,0.00095234035,0.0013789973,-9.3672122e-05,0.0003039883,0.00047492379,-1.6785316e-05,0.00052499376,0.00065279266,-9.1924879e-05,0.0024627183,0.00032946199,-0.00014581189,0.00061306937,0.00036113043,0.0017976933,-0.00015700164,3.7202407e-05,5.9718569e-05,-0.0013991081,-0.0017402147,-0.00047844495,-0.00066200058,-0.0026982191,0.0003781622,-0.0034106277,-0.0018193881,0.00036575871,1.5232058e-06,-0.0010713824,-0.00031864912,-0.00099218119,-0.00086289214,-7.9798209e-05,-0.0059128103,-0.0008712773,-0.00053959916,-0.00052655796,-0.0015445602,-0.0040967566,0.00030838036,-4.3927655e-05,-0.0077016968,-0.00059145509,0.0017496914,0.0026551089,0.00027283222,-0.00057862275,0.0019931222,-9.877546e-05,6.9301477e-05,0.0027484108,-0.0027459091,-0.0013464454,0.00099162458,0.00058995428,0.00082182971,0.0013354462,0.0022066234,0.0050131917,0.0021457783,-6.5089516e-05,0.0031255463,0.001997023,0.0022454854,0.00027399446,5.6801443e-05,0.024006337,-0.08324675,-0.0050463402,0.0037220512,-0.0089487378,-0.0079135705,0.0055865801,0.0021429678,-0.010994174,0.00082231109,0.0023878923,-0.0050388696,0.003659602,0.0087418387,-0.002383093,-0.0054089625,-0.0057752768,0.0017134061,-0.014996894,-0.010849612,-0.019268055,-0.00076442186,-0.018436668,-0.012178721,0.0037323266,-0.005531473,3.0663089e-05,-0.0034879657,0.006209328,-0.011043848,0.0037373763,0.0013203034,-0.0047987723
"15",4.9681149e-05,-6.0064896e-06,-3.2281181e-06,-1.9883356e-05,2.4604697e-05,4.7027673e-06,1.6111115e-05,3.3567203e-05,4.0512074e-05,1.9914856e-05,-9.3197509e-05,0.00022966236,-7.7352427e-05,0.0002857427,0.00086475695,-0.00018457246,0.00014371047,-4.3199992e-05,-0.00013985485,-1.3062156e-05,8.3618177e-06,4.6248217e-05,4.1466613e-06,0.0002848924,-0.00012015583,-1.2252735e-05,-0.00016219527,-8.5557789e-05,0.00013819239,-3.805332e-05,-0.00016016195,7.0947177e-05,1.7403132e-05,2.9519825e-06,3.081504e-05,-0.00018358542,2.032105e-05,1.3786115e-05,-0.00098132757,0.00025063735,-0.00023646265,6.3894724e-05,0.00016858613,3.7743776e-05,-1.4252939e-05,-1.705589e-05,-8.9366057e-05,-0.00024551996,0.00021487009,2.5796361e-06,0.00014767328,7.1743954e-05,-0.00011875853,2.99951e-05,0.00015010936,-0.00012424742,-5.0626896e-05,4.5684655e-05,-2.6735385e-05,0.00013933626,-3.4829671e-05,-1.4595052e-05,-6.7299641e-05,0.00028139484,-6.7614525e-05,8.2975178e-05,1.5974524e-05,-3.4801639e-05,2.7675519e-06,4.3970753e-06,6.0580327e-06,-1.3620785e-05,3.2768652e-05,-4.1568465e-05,-1.7170518e-05,-4.2604755e-05,-5.6834016e-05,2.5133925e-05,2.5702205e-05,-7.4670669e-05,2.6792632e-05,-3.9385518e-05,4.2457385e-05,5.0527659e-05,-1.7464532e-05,6.5689497e-07,7.1868797e-06,0.00027784142,-0.00023691014,0.0001757021,-0.00090546733,0.00022392544,-0.00019626536,3.2825281e-05,5.5185381e-05,1.2825302e-05,-1.4454025e-05,2.1040154e-05,-7.5102867e-07,-0.00015275094,0.0002316958,5.7766289e-05,0.00012572183,0.00013980285,-0.00021937058,-8.0749269e-05,0.00019569078,-0.0001889439,4.4229823e-05,-0.00011222524,-0.0001788503,0.00020645653,-7.287993e-05,-1.9216985e-05,-2.6095247e-05,1.4386851e-05,2.7162806e-05,2.6943637e-05,-1.1650169e-05,-6.2544998e-05
"16",-1.1804678e-05,-3.8839937e-06,5.4084255e-05,4.2443583e-05,2.0741483e-05,-1.9735992e-06,-2.3740221e-05,-2.8785069e-05,2.3989987e-05,-1.0569141e-05,-0.00049149443,0.00056436248,-0.00016473657,0.00087778222,-0.00018457246,0.001901416,-8.6375095e-05,-7.9785502e-06,4.9241224e-05,3.8934268e-05,-8.8171929e-06,2.7562716e-05,2.5993772e-05,0.00024471831,0.00015000412,-4.3962017e-06,-0.00012403119,1.8928781e-05,4.8024085e-05,-2.6532765e-05,4.3318283e-05,-0.00010969281,-3.7019613e-05,0.0001325433,-6.1063041e-06,0.00030227533,3.5508331e-05,-1.6332241e-06,0.00025999994,-0.0019071982,0.0001499253,-3.482106e-05,-4.45075e-05,-4.7302425e-05,1.3951762e-05,-6.6538407e-05,7.1414425e-05,-0.00040721467,-0.00026767872,1.8186695e-05,0.00011343514,-7.44237e-05,-6.6705337e-05,-6.5387061e-05,-0.00013744803,0.00018936383,4.6845874e-05,-7.2937764e-05,-1.1997943e-05,-0.00030540014,-6.8649056e-05,2.5908484e-06,3.5478802e-05,-5.1057295e-05,0.00052635989,6.9268836e-06,2.451846e-06,4.2839558e-05,2.495969e-05,-1.1744808e-06,-2.3609477e-05,5.0225714e-05,6.1155048e-05,5.2270151e-05,-3.4070432e-06,-2.0087304e-05,1.2976008e-05,-2.2661789e-05,-7.361914e-05,5.7250173e-06,-6.7472569e-05,-3.7936746e-05,-1.3046934e-06,1.6627027e-06,7.771032e-05,-1.4638009e-06,-9.8962476e-07,1.5953873e-05,-0.00017626173,-5.3478373e-05,0.00018531857,-0.0017591946,4.1211673e-05,-4.8983257e-05,-0.00012269611,-0.00010443282,2.0243036e-05,-1.0859781e-06,-7.2066882e-05,-0.00027070501,-0.00034218136,3.4806427e-05,3.9690773e-05,-3.0209497e-05,5.7876736e-06,-8.0915243e-06,-9.2294654e-05,0.00013700962,8.5268822e-06,-7.2759493e-05,-0.0001113931,-0.00036145533,-8.8683615e-05,-6.8783588e-06,1.9786871e-05,-1.1844581e-05,-1.6570757e-05,-5.2962885e-06,2.1360047e-05,-6.1612541e-05
"17",-0.00023008897,-7.7107201e-05,6.5464957e-05,-3.1927413e-05,-5.1370099e-05,-2.3334461e-05,-1.1661207e-05,8.0337751e-06,3.8406527e-05,7.7506074e-05,-0.0016682642,0.0017111203,-0.00053009869,0.0011466501,0.00014371047,-8.6375095e-05,0.0018424829,0.00018498829,0.00012889795,2.6888596e-05,1.0589417e-05,0.00021860463,-8.3542307e-05,0.00035562899,-0.00019489747,7.3472546e-05,-0.00010336296,-6.9848844e-05,9.9824651e-05,0.00012787888,3.2238227e-05,6.3026874e-05,1.4408443e-05,-0.00032251775,-4.1293309e-05,0.0006858897,2.0238982e-05,-7.648715e-06,-0.00023368923,9.4005247e-05,-0.0020256614,-0.00014445114,-0.00012049724,-1.0652675e-05,-1.4636576e-05,-0.00036003182,0.00015360113,-0.0011839707,0.00016726791,-8.8585203e-05,0.00013239524,0.0001814842,-0.0001067198,-0.00013936212,5.9128656e-05,-0.00019992973,9.1763752e-05,0.00047924184,0.00015520791,-0.00083006094,-1.2104457e-05,7.04127e-06,0.00013228928,9.5551827e-05,-3.7338191e-05,0.00064664647,-9.40367e-06,-2.3955641e-05,1.8027344e-06,7.7655778e-06,0.00015822628,-5.1159178e-05,1.8503856e-06,-6.0152026e-05,4.8362745e-06,-3.1525518e-05,-8.9074196e-05,5.5387253e-05,3.1983435e-05,-1.6809782e-05,8.466476e-06,2.5042234e-05,-0.00014060652,-1.9154027e-06,0.00031571259,-1.3632329e-05,1.8699477e-07,-0.00041941801,0.0011407633,-0.00012678537,-0.00036877364,0.000163197,-0.0020041551,-0.00019391027,-0.00015873484,0.00011087365,-2.9105689e-05,-0.00050946502,0.0002827133,-0.00055041402,9.8555399e-06,-0.00010470295,0.00016301105,0.00026451377,4.3474526e-06,8.8474274e-05,2.0157213e-05,7.637172e-05,0.00012608102,0.00066262884,0.00021320717,-0.0009955538,0.00011490704,2.3446522e-06,2.1336296e-05,-8.5718448e-05,0.00019878293,-5.6715158e-05,5.0681617e-06,0.00010394517
"18",9.6464354e-05,-2.8279816e-05,2.3901483e-05,5.5404058e-05,-3.9190566e-05,1.6180615e-05,1.8887651e-05,3.073923e-05,5.5847448e-05,7.3686704e-05,-0.00057827983,0.00055259385,-1.9986967e-06,2.6285896e-05,-4.3199992e-05,-7.9785502e-06,0.00018498829,0.0016707758,0.00085283384,-6.6918819e-05,3.2726773e-06,-9.7482147e-05,0.00020680457,-2.904137e-05,0.00013556699,-7.9855169e-06,1.6366566e-05,-0.00016627268,7.2739658e-05,1.1473998e-05,-2.92012e-05,-8.6341545e-05,-7.1326478e-05,0.00010217812,5.4327065e-05,2.0953284e-05,3.0591267e-05,3.5293323e-06,4.4143862e-05,-7.6550527e-05,-0.00012685524,-0.0017593855,-0.00085236676,9.7165142e-05,-5.6098632e-06,0.00014406394,-6.6669077e-05,8.482821e-05,-0.00017988515,3.0355537e-05,-4.1848473e-05,0.00016300956,-7.6964436e-05,-2.353942e-06,-6.5615736e-05,-1.3162088e-05,8.7429076e-05,-5.6250445e-05,-7.4404663e-06,-4.6775182e-05,-6.867719e-05,-6.4180079e-07,0.00019271239,8.1889281e-06,-3.4094782e-05,-1.4711683e-05,0.00057952729,0.00032597671,-2.2683269e-05,-8.7886441e-06,-0.00010646867,6.2322914e-05,4.4504446e-06,0.00016813506,-3.2923665e-05,1.1953492e-05,-0.00010176745,7.0070962e-05,1.7484989e-05,-5.5941757e-05,1.4950936e-05,-8.7229416e-06,3.7007811e-06,2.2651218e-06,-9.6279104e-07,2.8995879e-05,-1.5240616e-06,-0.00055684067,0.00038814416,-0.00032840798,-4.4118237e-05,-4.4340562e-05,-0.00011645929,-0.0018609718,-0.00089232202,0.00018155673,5.0782162e-06,0.00026164955,2.896533e-05,6.5119642e-05,-0.00042452378,4.2086503e-05,-2.7920871e-05,0.00034567289,-6.5760988e-09,-1.8752798e-05,1.9839613e-05,8.1577679e-05,5.6180958e-05,7.0114777e-05,2.2355473e-05,-0.00016036076,8.5023344e-07,-4.1331303e-06,-4.8919011e-06,-6.5998442e-06,2.9583257e-05,-4.5194617e-05,2.0956543e-05,9.7608747e-05
"19",-0.00014394166,-9.3258316e-05,-1.6388621e-05,2.4017195e-05,-4.7021311e-05,-3.5841025e-06,-9.2810183e-06,-4.2995689e-05,5.147027e-05,-3.4125012e-05,-0.00015711683,0.00036653094,3.1359167e-07,-1.5718044e-05,-0.00013985485,4.9241224e-05,0.00012889795,0.00085283384,0.0024276508,-6.2205291e-05,-9.8756043e-06,-9.1501292e-05,-3.2024485e-05,-0.00070081344,0.00024794319,-2.2066467e-05,1.4892152e-05,-0.00043230306,4.3097938e-05,9.9582284e-05,-5.2220245e-05,0.0001201218,-0.00014902189,-0.00010214894,-3.6552553e-05,-0.00019584509,-3.600965e-05,5.9509229e-06,0.00011898859,-5.3109603e-05,-0.0001135206,-0.00085322042,-0.0024688654,0.00010292019,2.9993881e-06,5.7250213e-05,8.5754959e-05,0.00032022072,-0.00017300548,4.6546116e-05,-8.6058127e-05,0.00033855807,-7.9151331e-05,-0.00017277551,-3.5308425e-05,-0.00027643784,7.6793664e-05,0.00012980101,-7.1787294e-05,7.7254655e-05,3.3836292e-05,3.6579813e-06,0.00050441879,6.1057818e-05,-4.9536133e-05,-2.3778487e-05,0.00031748996,0.00082290731,-4.608044e-05,-3.9309287e-06,0.00010494402,-2.0396648e-06,-0.0002819899,0.00016610625,-6.5336171e-06,1.6051222e-06,-0.00015352786,8.5609369e-05,3.126183e-05,-0.00010830951,9.396692e-05,-2.7180848e-05,-0.00015227763,-1.9372152e-05,-4.4488899e-05,-7.110253e-06,-4.0467739e-06,-0.001174539,0.0013750511,-0.0010756874,-0.00027640249,-1.8642905e-05,-0.00034585772,-0.0011182338,-0.0024463122,0.00023452645,2.553116e-06,-0.00018876279,0.00031004639,0.00067035281,-0.00042437264,-5.0417624e-05,4.7322868e-06,0.0006651379,0.00023680038,-0.00016637055,-0.00014117285,-8.7884763e-05,0.00014261837,0.00053142059,0.00012965314,-0.00014061572,0.00028675056,-6.5651485e-06,4.5139425e-06,-8.8952917e-05,0.00021957754,-0.00011985655,8.951754e-05,0.00033468692
"20",7.1567349e-05,1.5919632e-05,-1.2986099e-06,1.366148e-05,-2.7370047e-05,-1.6714079e-05,5.2307577e-06,-1.0147961e-05,1.0811443e-06,-2.1742731e-07,-0.001068827,0.0010033628,-0.00034562985,0.001195899,-1.3062156e-05,3.8934268e-05,2.6888596e-05,-6.6918819e-05,-6.2205291e-05,0.00042019843,-6.3042452e-05,0.00020737014,0.00019858327,-5.4616691e-05,-0.00010148024,6.3756975e-07,3.4169061e-05,4.5774299e-05,1.2751809e-05,-8.124045e-07,9.9452865e-05,-1.7494321e-05,-3.4864992e-05,0.00011937952,3.8374467e-05,1.6639915e-05,1.984693e-06,-3.4466721e-06,1.6446612e-05,-5.5987643e-05,-1.1595251e-05,0.00010192951,0.00010069111,-0.00044908041,6.4577101e-05,-0.00023745734,-0.0002210121,7.231688e-05,9.7041851e-05,6.2680454e-07,-1.6194459e-05,-9.2607562e-06,8.3580533e-06,1.7224268e-05,-0.00011130997,6.5781102e-05,5.1233611e-05,-0.00013042474,-5.8685667e-05,5.5803124e-05,2.5497503e-05,3.0161298e-06,-0.0001250273,-2.6070859e-05,4.0481947e-05,2.0627263e-06,-2.0441649e-05,-5.1173642e-05,0.00013697253,-1.9906362e-05,1.5908784e-05,0.00010207813,-9.8733425e-05,-6.6751168e-05,5.1993062e-06,1.0141584e-05,1.1193321e-05,9.8769602e-06,4.346676e-06,3.3459171e-05,-8.1062295e-06,-4.2219677e-05,7.4667842e-05,4.0256287e-05,1.191792e-05,-1.5785592e-06,-3.8874731e-07,0.00035528133,-0.00061495027,7.3738557e-05,9.4560039e-05,-0.00016062707,5.8957097e-05,0.00021098744,0.00016573384,-0.00048989789,6.2518417e-05,-0.00013177948,-0.00031269423,0.00019143914,0.00026186286,1.351842e-05,-4.4953481e-05,-9.2933914e-05,4.607595e-05,-2.6072723e-05,-6.4629697e-05,-3.3960579e-05,4.9036406e-05,-0.00032598669,-0.00019224136,0.00013147202,-2.4220129e-05,7.0568399e-06,-2.7673157e-05,6.4064085e-05,-7.5239613e-05,3.5400856e-05,-5.0461361e-06,-6.3198531e-05
"21",-8.888891e-06,-1.6336897e-06,6.1354374e-07,-3.6535997e-06,3.4985231e-07,3.7497752e-06,1.9199709e-07,-8.7922663e-07,6.436533e-06,5.5487978e-06,4.3339305e-05,-4.96618e-05,1.9830122e-05,-0.00011808806,8.3618177e-06,-8.8171929e-06,1.0589417e-05,3.2726773e-06,-9.8756043e-06,-6.3042452e-05,2.5688799e-05,1.076521e-05,9.247629e-06,3.7889685e-05,-5.1450587e-05,-2.5387981e-06,-1.5974725e-06,-1.9873988e-05,-4.6837453e-07,-5.7962781e-07,-1.3220136e-05,-4.5811723e-06,-8.1875946e-06,1.0640083e-05,-2.011469e-06,-2.7171463e-06,-4.2313315e-06,1.919916e-06,-1.1601084e-05,1.0277039e-05,-1.5472387e-05,-5.1201179e-06,3.3796124e-06,6.4741187e-05,-2.6760413e-05,9.0429716e-07,3.4350156e-06,-0.00014099298,5.166638e-05,6.3340241e-06,2.6098888e-06,1.4798991e-05,-2.5094622e-06,4.0747252e-06,2.1048498e-05,-2.1209747e-06,2.3890579e-06,6.2878736e-06,9.0261408e-06,-6.0171019e-07,-1.3571055e-06,-2.1019604e-06,1.5539535e-05,8.2632374e-06,-3.751517e-06,7.2646223e-06,-8.9384993e-06,-2.655582e-06,-2.058769e-05,8.6630025e-06,5.7457455e-06,-5.1742287e-06,7.2971043e-06,-2.1708153e-05,-2.3707453e-06,-3.248725e-06,-4.2092355e-06,-1.8630753e-06,2.1501946e-06,-2.3337799e-06,-2.6816033e-06,-3.0092811e-06,-2.355979e-06,1.4555306e-07,-9.4763193e-06,-4.6547505e-07,6.9767296e-07,-4.8210329e-05,0.0001474796,1.4136043e-05,-1.9016023e-05,3.3433013e-05,-2.1775434e-05,-7.4152997e-06,-8.3303756e-06,6.9627424e-05,-2.6421567e-05,-9.9450226e-06,7.3384623e-06,-9.1486596e-05,4.0346369e-05,6.0737061e-06,1.3472816e-05,2.6644007e-05,-1.1614519e-05,1.853803e-05,9.002382e-06,3.0556404e-05,1.4761238e-05,3.2112763e-05,2.6741015e-05,-1.2622465e-06,8.0867458e-06,-2.7154271e-06,2.0289422e-06,-1.1351944e-05,2.5615951e-05,-4.8882743e-06,-1.8290959e-06,3.6280513e-06
"22",-0.00023924027,4.1865967e-05,-6.1312477e-05,-3.1641981e-05,-9.0777944e-06,3.0822293e-05,-2.2103548e-06,-5.0746591e-05,-5.0566604e-06,-0.00010760863,-0.0013307583,0.0012524274,-0.00036944319,0.00095234035,4.6248217e-05,2.7562716e-05,0.00021860463,-9.7482147e-05,-9.1501292e-05,0.00020737014,1.076521e-05,0.0025874889,0.00058589769,0.00040707217,-0.00030811619,3.457812e-05,-3.5186214e-05,-0.00014873439,1.6693317e-05,0.0001350072,-4.0637928e-05,2.0134724e-05,-2.7102115e-05,6.005859e-05,-2.9884671e-05,0.00014983848,-3.8712823e-05,-4.0303826e-06,-2.1849559e-05,-9.7797888e-05,-0.00035799573,0.00014537364,5.38815e-05,-0.00023795256,1.85808e-06,-0.0027832619,-0.0005451472,-0.00047950849,8.0892096e-05,-1.8165998e-05,0.00010530687,0.00017762988,3.3424346e-05,-0.00011181142,6.6393178e-06,-8.6210343e-05,9.4119325e-05,6.2136047e-05,0.00010287175,-0.00014502613,9.2310914e-05,5.4394341e-06,2.708679e-05,2.1637404e-05,-2.4466971e-05,0.00011412643,-0.00014795209,-8.29388e-06,4.7988613e-05,2.7487471e-06,0.0008452885,0.0001814743,0.00014190906,-0.0001254326,4.7764001e-06,-4.0841444e-05,-1.4084369e-05,-2.5413413e-05,0.0001029347,7.9647288e-05,6.9656867e-05,5.5746647e-05,5.2835841e-05,2.5697852e-05,-3.9089287e-05,-2.3487182e-05,-5.8114107e-06,7.9977373e-05,0.00062814394,0.00015785055,-4.2445741e-05,9.5093216e-06,-0.00033356119,0.00034407024,5.2383579e-05,-0.00021057208,3.9428054e-06,-0.0027377132,-0.00058091304,-0.00039906999,0.0003184924,-7.4344457e-06,0.00016040312,0.00010659579,1.8038368e-06,-0.00018964865,-0.00017742641,-8.6250238e-05,-8.3204114e-05,6.0523628e-05,2.9052412e-05,1.6468075e-05,8.6386868e-05,1.8640241e-05,3.1520749e-05,-5.799471e-05,0.00013559024,-3.6503291e-05,-1.4665927e-05,-7.0718185e-06
"23",0.00011190653,-2.8927032e-05,-1.5108557e-05,-2.0464016e-05,2.4248501e-05,-1.4049378e-05,6.5076805e-06,-5.5152038e-05,4.800047e-06,3.4874992e-06,-0.0014271781,0.0013596367,-0.00046245027,0.0013789973,4.1466613e-06,2.5993772e-05,-8.3542307e-05,0.00020680457,-3.2024485e-05,0.00019858327,9.247629e-06,0.00058589769,0.0044669212,0.00040373986,3.0879509e-05,3.5994923e-05,-7.1554236e-05,0.00022047135,8.6411407e-06,-7.9442436e-05,-2.381988e-05,0.00017573801,5.1814856e-05,0.00021361,-9.3330327e-05,9.6537955e-05,4.5574403e-05,-5.2224179e-06,-0.00014393472,0.0001326804,0.0001918165,-4.8401572e-05,0.00010996088,-0.00024787058,7.1388572e-06,-0.00054053851,-0.0048195047,-0.00049271306,-8.2310117e-05,-1.2138182e-05,3.2926169e-05,-0.00033274618,-9.0393414e-05,9.3687121e-05,-3.3303005e-05,-0.00016112928,-6.5278879e-05,-0.00017189194,0.00010875227,-1.9895002e-05,3.5282908e-06,1.0194248e-05,-0.00016956519,-6.2530006e-05,7.4783604e-05,-2.6737668e-05,6.311369e-05,2.2564959e-05,0.00010093183,-4.2735493e-06,0.00015055798,0.0016651978,6.4499005e-06,-8.3492176e-06,-2.6334812e-05,-4.8951818e-05,0.00011307699,-0.00016570578,-6.1707052e-05,8.7593974e-05,3.0515993e-05,9.3948538e-06,1.3630213e-05,-1.8983929e-05,0.00013926454,-2.2001226e-05,-6.7814716e-06,0.00067098465,1.7911154e-05,0.00055077558,0.00020021552,-2.8431097e-05,0.00036243387,4.569362e-05,0.00011106287,-0.00032951278,5.2784652e-06,-0.00043652186,-0.0056715001,-0.00013679036,0.00013972329,3.94154e-05,2.4977238e-05,-0.00059171148,7.7078923e-05,0.00041812832,-0.00018061526,-0.00014370448,-0.00014272382,-0.00034237972,0.00010117227,-0.00020671847,6.9599439e-06,3.0449844e-05,-5.100269e-05,8.4652111e-07,0.00017989286,2.8215841e-06,-4.0558854e-05,-0.000353955
"24",-0.00021775116,8.4223749e-05,0.00014904591,-2.2469514e-05,-4.6010653e-05,-9.5617037e-05,5.656855e-05,5.4397856e-05,4.931274e-05,-3.6608539e-05,-0.00045859564,0.0016461227,0.00023864525,-9.3672122e-05,0.0002848924,0.00024471831,0.00035562899,-2.904137e-05,-0.00070081344,-5.4616691e-05,3.7889685e-05,0.00040707217,0.00040373986,0.029091451,0.00045279339,0.00013873434,-0.00025191638,-0.00010506246,0.00045693432,0.00010417422,-0.00022190001,0.00047152919,0.00024077842,-0.00019199467,-0.0005483024,-0.00028405702,-0.00014411448,-1.9189438e-05,-0.00024497474,-0.00031804798,-0.00089530405,8.7259934e-05,0.00054609252,5.5190817e-05,-9.2549924e-05,-0.00037324925,-0.00049322998,-0.026602297,-0.0015643346,-0.00031341523,0.0004091576,0.00020334522,-0.00051490258,-0.00021961727,3.7082253e-05,-0.0009001387,-0.00038158428,0.00035279052,0.00090617906,0.00016874761,0.00018754997,2.5187355e-05,2.279383e-05,6.0464885e-06,1.0250036e-05,-4.6789593e-05,-0.00012539316,-0.00041212586,-6.4986194e-05,7.1009971e-06,7.4810129e-05,6.2045052e-05,0.021801625,8.9296967e-05,8.4857559e-05,-7.9671468e-05,4.6991501e-05,0.00022972714,9.9454455e-05,-9.1519278e-05,-6.2415636e-05,-9.531203e-05,-0.0001658732,-0.00019731884,-6.98466e-05,-6.2879199e-05,-9.8956712e-06,-0.0013256136,0.0032986471,-0.00092497256,-0.00048631303,-1.5196902e-05,-0.00066814333,-5.1074072e-05,0.00097635757,0.0003683776,-9.2482011e-05,-0.00065124031,-0.00025650307,-0.049116927,-0.0019259033,-0.00045815933,0.00054925245,0.00024756415,-0.00036914279,-6.2241892e-05,-0.00029816989,0.00020663021,9.5205074e-06,0.0012640745,0.0011794161,-0.00035785023,0.00056248689,1.3504367e-05,0.00018456325,-0.00033799923,0.0006393438,-8.4772495e-05,4.1721835e-05,0.00067292451
"25",0.00016546241,-1.4791374e-05,3.9161989e-05,1.0796307e-05,8.4463153e-05,6.599582e-06,-1.9562999e-05,-1.8788279e-06,-2.6379674e-05,5.185785e-05,7.3715246e-05,0.00031633051,-5.3914481e-05,0.0003039883,-0.00012015583,0.00015000412,-0.00019489747,0.00013556699,0.00024794319,-0.00010148024,-5.1450587e-05,-0.00030811619,3.0879509e-05,0.00045279339,0.0032708206,2.865378e-06,-0.00010316431,5.2622201e-05,5.1274887e-06,-6.9195473e-05,0.00049629267,4.2479435e-05,2.9386768e-05,-0.00016057844,-9.2514565e-05,1.9570592e-05,-0.00012221751,6.2573869e-06,0.0001471261,-0.00023439933,0.00023751547,-0.00018985017,-0.00022216822,0.0001207609,5.6059799e-05,0.00017752368,-8.9074619e-05,-0.0018340691,-0.0038179698,-2.9292011e-05,0.00011252426,-0.00013806304,-3.8461644e-05,2.9120427e-05,-0.00068805306,-8.2510683e-05,-1.0879398e-06,0.00010133264,0.00013654736,-0.0001674491,0.00020624717,-7.698972e-06,0.00022770455,1.4130214e-05,-7.4945135e-06,-6.1039617e-05,0.00013562121,0.00012861907,-3.928329e-05,-2.7309807e-05,-5.8765581e-05,4.2666477e-05,6.5627429e-05,0.000985941,2.597002e-05,-1.8943049e-05,5.3937568e-05,5.0690535e-05,-4.3401267e-05,9.3086717e-05,-2.7002438e-06,9.1976372e-05,-0.00012066208,-0.0001485057,7.4241852e-05,-3.2244218e-05,4.5728251e-06,-0.00012616747,-0.00019401271,-5.133121e-05,8.8399193e-05,-0.00017861853,0.00010237024,-0.00027622125,-0.00017964591,0.0001653337,5.9549406e-05,0.0003291786,-7.8818966e-06,-0.00094516849,-0.0038073917,-6.9527297e-05,0.0001015054,-0.00015312724,-0.00017996503,-2.6506136e-05,-0.00054198389,-0.00015172983,-4.5161942e-05,0.00026210202,0.00015824372,-0.0001731926,0.00012643628,-1.5546165e-06,-3.9271176e-05,-9.6179285e-06,7.2530178e-07,-1.2016614e-05,-6.8592463e-06,-4.8545636e-05
"26",-8.9892267e-05,7.4273579e-06,-1.3469077e-05,2.0072328e-05,-9.9028152e-06,-4.0443061e-06,-9.3248906e-06,-6.0593306e-06,-6.251766e-06,9.3381174e-06,-0.00054345068,0.00058451137,-0.00012581673,0.00047492379,-1.2252735e-05,-4.3962017e-06,7.3472546e-05,-7.9855169e-06,-2.2066467e-05,6.3756975e-07,-2.5387981e-06,3.457812e-05,3.5994923e-05,0.00013873434,2.865378e-06,0.00027047164,-5.246084e-05,-6.0210925e-06,4.6007763e-05,1.9349801e-05,-5.5895226e-05,3.9385875e-05,9.2798421e-06,-4.7828641e-05,-2.0047427e-05,1.8513814e-05,-7.6459174e-06,-3.3932384e-06,1.9516558e-05,1.6533485e-05,-9.2577762e-05,1.5718232e-05,3.8674604e-05,-5.909702e-06,8.3252824e-06,-1.5700636e-05,-3.1933851e-05,-0.00039421421,-4.1580127e-05,-0.00030426667,5.5277638e-05,-2.0654668e-05,-4.682171e-05,-2.3120998e-05,6.9280475e-05,-7.5896023e-05,3.0858795e-05,6.2627493e-05,3.5696322e-05,-3.7377313e-05,2.5221093e-05,5.5518089e-06,5.2029521e-05,-1.0569849e-05,-5.6761967e-06,1.9084198e-05,-2.22195e-05,2.5964088e-06,3.7505619e-06,-1.584505e-06,2.5491678e-05,-3.7334438e-05,1.2387321e-05,2.7661321e-05,8.0163166e-05,-1.8223558e-05,-5.8833451e-06,-7.4852174e-06,-1.1053759e-05,-1.1158663e-05,1.7385983e-05,6.0597101e-06,-4.8872234e-05,-2.1798823e-05,-4.4434684e-06,-9.301016e-06,-2.6969098e-06,-0.00025966073,0.00028601032,-0.00033825669,-4.7197781e-05,3.219861e-05,-0.00015522044,2.1697025e-06,6.8939859e-05,1.7266649e-05,8.7885468e-06,-6.7908207e-05,4.5626432e-05,-0.00024988457,-0.00015112704,-0.00032328609,7.6065948e-05,5.3265755e-05,0.0001254466,-1.8799496e-06,-3.9163685e-05,-1.027857e-05,6.6312008e-05,0.00017128338,0.00010894758,-4.5658645e-05,9.5747677e-05,1.8277324e-06,2.9719229e-05,-2.0884951e-05,2.357024e-05,-1.9806945e-05,2.4039112e-05,0.00014533326
"27",7.1159389e-06,3.1275449e-05,5.3173144e-06,4.1746791e-06,-5.2064619e-06,-1.3264959e-05,6.6399509e-07,-1.294287e-06,1.7667196e-05,1.8848497e-05,-0.00048257112,0.0002418617,1.3984625e-05,-1.6785316e-05,-0.00016219527,-0.00012403119,-0.00010336296,1.6366566e-05,1.4892152e-05,3.4169061e-05,-1.5974725e-06,-3.5186214e-05,-7.1554236e-05,-0.00025191638,-0.00010316431,-5.246084e-05,0.00041344907,9.332962e-05,1.6198594e-05,-3.8770955e-06,-3.331307e-06,5.1842557e-05,5.6570709e-05,3.5859405e-05,4.4554838e-05,0.00049932409,1.7177646e-05,-1.7597847e-05,0.0001627037,7.983202e-05,0.00011028548,-5.645995e-05,-0.00010574072,-1.4400076e-05,1.6272931e-06,8.8990681e-05,3.8048248e-05,0.00048029321,6.3287942e-05,5.2321033e-05,-0.00035005911,-6.2381768e-05,1.5774069e-05,7.133401e-05,4.1792095e-06,-2.7180406e-07,-6.8852971e-05,-7.8247853e-05,-1.8707e-05,-0.00037406394,-4.5014901e-06,1.6631769e-05,-3.4685832e-05,-3.4837015e-05,-1.5320884e-05,-3.2859496e-05,2.1266197e-05,2.0640249e-05,6.3002091e-07,-9.2921091e-07,-5.2526233e-05,-5.5599953e-05,-5.0115784e-05,-3.2576765e-05,-1.9830823e-05,8.2684598e-05,2.312027e-05,-9.1928215e-06,-1.2738719e-05,-1.1396274e-05,6.9357237e-08,4.3903839e-06,1.5198376e-06,1.0110666e-05,6.608513e-05,6.9730685e-06,-8.2553917e-06,-1.7627532e-05,-6.8746848e-05,-5.4104294e-05,9.5127762e-05,1.5480446e-05,0.00010495529,-4.6063465e-05,-4.7818172e-05,-1.0402696e-06,3.3326367e-06,0.00014567975,5.8287963e-05,0.00030349207,0.00016225025,6.5827231e-05,-0.00026965519,-6.6160447e-05,8.8963577e-05,0.00011413906,2.6065177e-05,9.7732503e-06,-6.9097297e-05,-4.8910405e-05,-1.4109787e-06,-0.0002684637,-2.264816e-06,2.15666e-05,2.5933618e-05,-4.3592492e-06,-1.2534611e-05,2.9675283e-06,9.9435316e-06,5.1766765e-06
"28",0.0001200476,5.490321e-05,3.211525e-05,8.5338357e-06,8.4254927e-05,9.3723839e-05,-6.7206854e-06,2.2534506e-05,7.3469483e-07,-1.9450935e-05,-0.00062211115,0.00036961788,-0.00015043275,0.00052499376,-8.5557789e-05,1.8928781e-05,-6.9848844e-05,-0.00016627268,-0.00043230306,4.5774299e-05,-1.9873988e-05,-0.00014873439,0.00022047135,-0.00010506246,5.2622201e-05,-6.0210925e-06,9.332962e-05,0.0017064949,-4.5773811e-05,-8.4561136e-05,0.00036227744,6.3820327e-05,5.3988987e-05,-7.4615031e-05,-0.00020068235,-0.00022021784,7.3251429e-06,-6.9750126e-05,7.8831769e-05,-5.919077e-05,0.00016893571,0.00016282946,0.00033070762,-5.2451626e-06,1.3604662e-05,0.00019381765,-0.00029857967,0.0002122852,-0.00014682699,-1.8996755e-05,-9.0208342e-05,-0.0017648685,3.3198797e-05,0.00015490166,-0.00037991154,7.0038063e-05,1.6012489e-05,7.7374131e-05,0.00022695772,0.00037477239,-1.8160144e-05,7.6293771e-05,-0.00023401156,-9.075664e-05,3.887716e-05,-8.715156e-05,-9.8548527e-05,-0.00016213137,8.7970729e-06,-4.6802816e-06,-7.2110087e-05,0.0001356161,-5.9569518e-05,4.3767188e-05,-6.7280597e-07,2.3998666e-05,0.00055620945,1.7640169e-05,4.2211077e-06,0.00019070789,5.4465015e-05,1.9113101e-05,8.048419e-05,-3.5173321e-05,-0.00012872411,-1.8156751e-05,-2.6198623e-05,0.0010617504,-0.0011548806,0.0012736959,0.00047570496,-5.7746928e-05,0.0004154532,0.00047761344,0.00023374,-0.0001022961,1.4772738e-05,0.0003442737,-0.0006570741,0.00023775799,6.6871927e-05,8.6066251e-05,-0.00012116331,-0.0020620849,-0.00052664152,9.9430858e-05,-0.00017297249,-0.00024246558,-0.00013206872,-0.00039108919,8.4567505e-05,0.00053036043,-0.00026711828,0.000107587,-1.9590409e-05,8.5873941e-05,-0.00017206832,6.0110234e-05,-7.1399665e-05,-0.00054431366
"29",-6.6758506e-05,3.3111925e-05,2.8968896e-06,-7.6804115e-06,2.9577003e-05,-3.3992273e-05,2.1982909e-05,3.8470954e-05,3.6310464e-05,-2.4594922e-05,-0.0013418797,0.0013840761,-0.00032260524,0.00065279266,0.00013819239,4.8024085e-05,9.9824651e-05,7.2739658e-05,4.3097938e-05,1.2751809e-05,-4.6837453e-07,1.6693317e-05,8.6411407e-06,0.00045693432,5.1274887e-06,4.6007763e-05,1.6198594e-05,-4.5773811e-05,0.0019180346,0.0010385673,-5.800631e-05,0.00012624834,3.9773095e-05,4.3255253e-05,2.2074121e-05,-2.4078435e-05,-8.8650075e-05,1.0386442e-05,-0.00013531102,-0.00010620312,-0.00013458657,-9.6774212e-05,-8.1631838e-05,9.7258261e-06,-3.8216402e-06,6.4405397e-05,4.6909427e-06,-0.00076009633,-7.1164664e-05,-5.1118958e-05,7.7753946e-07,8.321363e-05,-0.002059601,-0.0010604982,1.5448229e-05,-0.00018629112,5.5521343e-05,-4.9631498e-05,-3.0282382e-05,-3.2276151e-05,0.00014871765,-3.9925295e-06,0.0001246758,4.9303435e-05,-6.8205028e-05,4.6662982e-05,4.88757e-05,5.192707e-05,6.9856595e-06,-2.667881e-06,-2.6982033e-05,-0.00018359286,0.00023472395,9.9904086e-06,-1.0635776e-05,-4.9285414e-06,4.4075263e-05,0.00058903016,0.00029629627,4.8877449e-05,5.0859258e-05,4.1742857e-05,-4.8108353e-07,-1.8392494e-05,-0.00010863827,-2.6477636e-05,-1.8254013e-06,-0.00074692082,0.0015886997,-0.00073621424,-0.00044314087,5.8892234e-05,-0.00024426054,-0.00032365703,-9.6273701e-05,0.00012817009,3.2346002e-06,-8.2010703e-05,0.00045893414,-0.00070748903,-0.00029212847,-6.3240353e-05,0.00010359357,0.00017297937,-0.0017876279,-0.0009438403,-0.00024542545,0.00011318952,3.0954661e-05,0.00021409169,0.00013398395,1.0827479e-05,0.00029521271,-1.3901074e-05,0.00010586154,-0.00013650347,0.00019677589,-8.0807379e-05,4.2202783e-05,0.0004186298
"30",-0.00028736659,1.1387847e-06,-1.5441749e-06,-2.7017153e-05,-8.6256812e-05,-6.8668054e-06,-3.0295378e-05,-3.0565014e-05,-3.6603965e-05,-7.5379504e-05,-0.0011064898,0.00090647387,-0.00028399414,-9.1924879e-05,-3.805332e-05,-2.6532765e-05,0.00012787888,1.1473998e-05,9.9582284e-05,-8.124045e-07,-5.7962781e-07,0.0001350072,-7.9442436e-05,0.00010417422,-6.9195473e-05,1.9349801e-05,-3.8770955e-06,-8.4561136e-05,0.0010385673,0.0017006135,-0.00014652974,0.00010508319,0.00011777261,-5.8460352e-05,3.8967767e-05,1.7195667e-05,2.7927605e-05,4.2241347e-06,4.5004076e-05,-6.4423589e-05,-0.00014745103,-3.0395661e-05,-0.00016608385,2.1952961e-05,4.9151425e-06,-0.00011931567,0.00015999902,-0.00037341844,1.186655e-05,-2.5058668e-05,4.1335805e-05,0.00016540365,-0.001028591,-0.0017676695,0.00019702492,-7.5236462e-05,-3.2112254e-06,0.00010014007,-1.3234393e-05,5.5411424e-06,-5.0678248e-05,2.5866243e-06,0.00017825264,4.6165927e-05,-9.3127744e-05,3.4395188e-05,3.6899832e-05,9.98928e-05,-2.28356e-05,3.6223304e-06,0.00013015317,-8.1981745e-05,0.00014177673,-1.2847903e-05,1.4946691e-05,-4.0572133e-05,-3.1369776e-05,0.00035673197,0.00055606902,-1.055927e-05,4.5165441e-05,2.0084974e-05,-6.1740812e-05,8.7387465e-06,-0.00010891098,-6.6210189e-06,-1.8347806e-06,-0.0011018609,0.0026789548,-0.0005997591,-0.00035395396,0.00019933872,-0.00021641764,-0.00036202852,-0.00022141378,0.00023063752,-9.3286638e-06,-0.00057875407,0.00048862447,-0.00056736948,-0.00016169651,-0.00010371811,0.00026260922,0.00034841244,-0.00096354548,-0.0015545837,-7.8122861e-05,0.00038955491,4.639988e-06,0.00062967618,0.00031751089,-8.5166535e-05,0.00023339873,-1.2987518e-05,0.00015895432,-0.00021678312,0.00036248714,-0.00011052093,1.8645612e-05,0.00050984521
"31",0.00015161651,-1.8491562e-05,-3.4974313e-05,-3.1628609e-05,5.4495593e-05,1.2581098e-05,-1.1010873e-05,-4.951215e-06,-7.5875128e-05,4.0372597e-05,-0.0020225249,0.0024768191,-0.00075952791,0.0024627183,-0.00016016195,4.3318283e-05,3.2238227e-05,-2.92012e-05,-5.2220245e-05,9.9452865e-05,-1.3220136e-05,-4.0637928e-05,-2.381988e-05,-0.00022190001,0.00049629267,-5.5895226e-05,-3.331307e-06,0.00036227744,-5.800631e-05,-0.00014652974,0.0022947709,6.4119699e-06,-6.2648682e-05,-9.1590008e-06,0.0001462004,5.298423e-05,1.0759208e-05,-2.5021355e-05,0.0001445074,-0.00012522212,4.8315498e-05,-6.0310912e-05,-4.4613783e-05,-0.00010842967,2.1189708e-05,1.1516492e-05,-9.8794267e-06,-8.1517814e-05,-0.00072276,6.2111415e-05,7.5872768e-06,-0.00038843598,-2.2812146e-05,0.00018391613,-0.0027435227,3.7452294e-05,7.8586868e-05,-0.00012186668,-0.00018778745,-3.6257603e-05,-1.3247111e-06,2.7306526e-05,-9.1101981e-05,-7.6185216e-05,1.5948417e-05,-3.0088407e-06,-5.1610106e-05,-6.5069507e-05,2.2015905e-05,-4.6832327e-07,6.9865845e-05,6.9844425e-05,-0.00013231854,0.00011016727,-4.0799116e-06,-6.0863714e-06,0.00017073653,3.9551113e-05,2.3811165e-05,0.00079851266,5.470923e-06,3.8161736e-05,8.2703617e-05,7.4657681e-05,-4.170694e-05,5.8560547e-06,-1.0294905e-05,0.00043526206,-0.00038262881,0.0005728539,0.00027128555,-7.1962928e-05,0.00017340164,0.00016126057,4.0693203e-06,-0.00012263569,1.1475438e-05,-6.5475039e-05,-0.00024668007,0.00030402225,-0.0004578405,7.555209e-05,-7.7100469e-06,-0.00057304404,-0.0002580197,0.00014875584,-0.0025462305,-0.00014306258,-9.6370985e-05,-0.00026915269,-0.00031315156,9.9148754e-05,-0.00012936527,4.1413735e-05,-7.2051628e-06,-1.6337467e-05,-2.1192763e-05,1.9126081e-05,-4.1552235e-05,-0.00031879951
"32",-0.00015718693,-2.6729496e-05,-2.3878827e-05,-2.1126164e-05,-1.9007369e-05,-4.0445959e-06,-2.4036343e-05,-5.0718772e-05,1.277609e-05,-3.3666707e-06,-0.00064348,0.00065127629,-0.00019891274,0.00032946199,7.0947177e-05,-0.00010969281,6.3026874e-05,-8.6341545e-05,0.0001201218,-1.7494321e-05,-4.5811723e-06,2.0134724e-05,0.00017573801,0.00047152919,4.2479435e-05,3.9385875e-05,5.1842557e-05,6.3820327e-05,0.00012624834,0.00010508319,6.4119699e-06,0.0017733794,0.00059329128,-0.00044931779,-5.8198297e-05,-8.4842536e-05,1.9275683e-05,-1.0733746e-05,-0.00012864926,0.0001881708,-0.0002176508,-2.1682855e-05,-0.00025609186,5.8396809e-05,-3.3389958e-08,-8.6526019e-05,-0.00014480343,-0.0012580117,-7.6755556e-05,-6.1036603e-05,-5.4589258e-06,7.9550411e-05,-0.00022795456,-5.8747497e-05,1.9069465e-05,-0.0019541493,-0.00067524848,0.00045006396,-6.9321848e-06,0.00011499064,3.4938319e-06,1.2931428e-05,0.00010336358,5.5060154e-05,-6.510586e-05,4.6959413e-05,4.5245415e-05,0.00019602481,-2.8746901e-05,1.8203065e-07,9.9056815e-05,-7.0408796e-06,-7.9087874e-06,5.1749428e-05,2.8673651e-05,-1.8626813e-05,-8.4699909e-06,0.00010668367,5.4310271e-05,-2.9625933e-05,0.00059679871,0.00018641413,-0.00016939341,-2.2164938e-05,-7.1096012e-05,-7.9145021e-06,-5.9310384e-06,-0.0005125267,0.00088931998,-0.00010234405,-0.00027250109,0.00024553184,-0.000254071,-0.0001597267,-0.0004947848,0.00018810816,-8.144841e-06,-0.00031390054,-3.2596924e-05,-0.0007667662,-0.00029248818,-9.4844531e-05,8.7992941e-05,0.00019650075,-0.00032942298,-8.003073e-06,-7.8633379e-05,-0.0017446313,-0.00062967245,0.00065532674,0.00013407935,-1.6767316e-05,7.187302e-05,1.1538102e-05,0.00015182654,-0.00014992638,0.00019803376,-5.9534518e-06,2.6368243e-05,7.9484828e-05
"33",8.2088502e-05,-1.0064012e-05,-4.6683401e-05,-5.9341103e-05,-6.9069269e-05,7.7168393e-05,7.0681239e-06,-5.9718887e-05,-1.2000645e-06,-7.9446407e-05,-0.00030622404,3.5059654e-05,-1.6154607e-05,-0.00014581189,1.7403132e-05,-3.7019613e-05,1.4408443e-05,-7.1326478e-05,-0.00014902189,-3.4864992e-05,-8.1875946e-06,-2.7102115e-05,5.1814856e-05,0.00024077842,2.9386768e-05,9.2798421e-06,5.6570709e-05,5.3988987e-05,3.9773095e-05,0.00011777261,-6.2648682e-05,0.00059329128,0.0018190557,0.00010417129,-2.0798736e-05,-0.00015574721,4.011264e-05,-9.6632722e-06,-1.7281101e-05,4.7830333e-05,5.3620757e-05,7.6070772e-05,0.00011568087,5.8809135e-05,-5.5673964e-07,0.00012895949,-2.7673592e-05,-0.00036292349,8.81836e-05,2.739128e-05,-6.7021656e-05,3.1151524e-05,1.1210064e-06,-8.6658842e-06,7.0485106e-05,-0.00060107073,-0.0018853205,-0.00015439795,2.305072e-05,0.0002162715,-8.492181e-05,8.9465462e-06,-9.0047652e-05,-2.0932936e-05,-2.578298e-05,-4.3586722e-06,2.0574437e-05,-2.9249006e-05,-3.6680024e-05,-6.2638861e-07,6.2610621e-05,4.1274128e-05,1.0444588e-05,5.94802e-05,2.0884184e-06,-5.681155e-06,-1.159619e-05,3.1814462e-06,-7.9237543e-06,3.5440042e-05,0.00022853843,0.00059884931,6.0817464e-05,5.898017e-05,-9.2508117e-05,2.1754861e-06,-5.9596436e-06,0.00058565357,0.00030275491,0.00080899994,0.00020026007,5.4795215e-05,0.00022020779,-2.2265843e-05,-9.1576989e-05,7.4170196e-05,-4.206807e-06,-1.309078e-06,-0.00021803987,-0.00034302341,0.00013914016,8.2222445e-05,-1.5742993e-05,6.4903651e-06,-0.00042537745,4.6068629e-05,6.7112594e-05,-0.00067467323,-0.0020046073,-0.00029513202,-1.8847935e-05,0.00023798474,-0.00014783276,1.6224295e-05,1.7925914e-05,4.157305e-07,3.1103088e-05,8.7947361e-07,-5.0870195e-05,-0.00027628974
"34",0.00011676618,-1.9148092e-05,1.5922734e-05,1.548701e-06,-4.0940113e-05,-3.4503238e-05,2.7655928e-05,1.1758841e-06,0.00011359692,-4.0635614e-05,-0.0006141493,0.00042385942,-0.00012004728,0.00061306937,2.9519825e-06,0.0001325433,-0.00032251775,0.00010217812,-0.00010214894,0.00011937952,1.0640083e-05,6.005859e-05,0.00021361,-0.00019199467,-0.00016057844,-4.7828641e-05,3.5859405e-05,-7.4615031e-05,4.3255253e-05,-5.8460352e-05,-9.1590008e-06,-0.00044931779,0.00010417129,0.0032490848,0.00050119811,1.8647447e-05,-2.070307e-05,-5.4941818e-06,9.0563646e-05,-0.00011716879,0.00049683965,-2.1426089e-05,0.00010969336,-0.0001232057,4.9678345e-06,5.5380223e-05,-0.00017051269,0.00053099314,0.00014224208,6.5400389e-05,-6.3820338e-05,8.2698619e-05,-2.0191992e-05,8.7261481e-05,-0.00013597467,0.00047355879,-0.00012807944,-0.0032579514,-0.00058531765,7.236969e-05,-4.6824568e-05,2.0309612e-07,-0.00016201743,3.7052087e-05,2.3000351e-05,-0.00010017602,7.7586097e-05,-8.7409585e-06,2.9733654e-05,6.025172e-06,-1.9050753e-05,-4.4272053e-05,-0.00012039405,-0.00010102525,-4.0308874e-05,-1.0374788e-05,-1.0420729e-06,-1.5461139e-05,-8.8137277e-06,4.3095526e-05,-0.00014846864,1.1176842e-05,0.0011536579,0.00019475859,-0.00012528696,4.0400525e-06,4.2933278e-06,0.00012192922,4.5169551e-05,-0.00040073374,-0.00018119841,-0.00012293836,0.0003442283,-0.00019720027,0.00016724347,-0.00014981036,-2.753416e-06,0.00012279231,-0.00010898032,0.00038892483,0.00032675209,9.300666e-05,-2.3452443e-05,0.0001295211,0.00010652035,-6.3627256e-05,-0.00015771853,0.00053463805,-6.407363e-05,-0.0034600199,-0.00060479798,0.00026282292,6.9233505e-05,-2.2857696e-05,-4.4150302e-05,5.4832676e-05,-2.6192522e-05,-1.4666356e-05,2.8354198e-05,0.0001708833
"35",-8.5281451e-05,1.5508217e-05,4.5724077e-06,-8.4942023e-06,2.9757858e-05,1.5459497e-05,-2.8570671e-05,-4.628366e-05,2.2247891e-05,5.8496716e-05,-0.00055982966,0.00050941239,-0.00024341956,0.00036113043,3.081504e-05,-6.1063041e-06,-4.1293309e-05,5.4327065e-05,-3.6552553e-05,3.8374467e-05,-2.011469e-06,-2.9884671e-05,-9.3330327e-05,-0.0005483024,-9.2514565e-05,-2.0047427e-05,4.4554838e-05,-0.00020068235,2.2074121e-05,3.8967767e-05,0.0001462004,-5.8198297e-05,-2.0798736e-05,0.00050119811,0.0016371586,8.0665673e-05,-5.1781028e-05,-3.0985549e-06,-1.3884202e-05,-6.3264484e-05,0.00016714268,-4.5183941e-06,-5.4911367e-05,-7.1351999e-05,1.1549984e-05,5.7560256e-05,8.1521138e-05,0.0011044655,8.6005134e-05,4.3222561e-05,-2.7944536e-05,0.00023039165,-1.3769214e-06,3.6228708e-05,-0.00021431519,4.6392002e-06,2.9849041e-05,-0.00054760172,-0.0017543619,2.8623895e-05,7.8811463e-05,-6.6335131e-06,0.00024510219,9.0530246e-05,-2.4784645e-05,4.5771374e-05,6.4811942e-06,7.6626162e-05,1.4872891e-05,5.4764523e-06,0.00012578051,-8.4364511e-05,-0.00014026255,-8.5506852e-05,-1.1407339e-05,-1.1560652e-05,-7.4739799e-05,-2.8369332e-06,-2.4111466e-05,3.8909525e-05,-5.9527417e-05,4.1020072e-05,0.00012004103,0.00050227767,2.011697e-05,-5.5334291e-05,-2.3984234e-07,-0.001110736,0.002043412,-0.00066906708,-0.0005110278,4.8473437e-05,-9.1640792e-05,-0.00028197249,-3.944074e-05,-1.462049e-05,7.0632517e-06,-0.00044856378,0.00028294281,0.00078516518,-8.5879375e-05,-1.1577003e-05,0.00010305132,0.0004498511,0.00018134458,0.00029733409,-0.0004726962,0.00046171742,0.00010710357,-6.7791049e-05,-0.0014782896,-0.00033427835,0.00040750322,-3.0343362e-05,0.00012004423,-0.00018124043,0.00021755128,-0.0001142204,3.7362195e-05,0.00038769678
"36",-0.00010341982,4.3299657e-05,6.9300943e-06,-3.2883988e-05,4.4580672e-05,-7.2380353e-05,-9.7109601e-06,2.8188837e-06,7.2416805e-06,0.00010870425,-0.0025480894,0.0021489049,-0.00055045428,0.0017976933,-0.00018358542,0.00030227533,0.0006858897,2.0953284e-05,-0.00019584509,1.6639915e-05,-2.7171463e-06,0.00014983848,9.6537955e-05,-0.00028405702,1.9570592e-05,1.8513814e-05,0.00049932409,-0.00022021784,-2.4078435e-05,1.7195667e-05,5.298423e-05,-8.4842536e-05,-0.00015574721,1.8647447e-05,8.0665673e-05,0.0028045404,3.8536451e-05,7.7648967e-06,0.00014790053,-0.0003467718,-0.00083898354,-7.3212965e-05,4.8893787e-05,5.5787057e-05,1.7069841e-06,-0.00018491035,-0.0001244611,9.2496298e-05,-0.00028232982,-3.18807e-05,-0.00034058533,0.0004098493,3.8461481e-05,7.2873617e-05,-3.4404018e-05,0.00012838465,0.00026078181,6.8975395e-05,5.3427547e-05,-0.0027500029,2.1412525e-05,-1.9972585e-05,-2.5763583e-05,-9.9881187e-06,9.1167455e-05,0.00032372262,-1.3560353e-05,-8.9484251e-05,2.3263632e-05,-8.1578144e-06,-4.3084132e-05,0.00011439915,-3.4892164e-05,1.5885376e-07,-2.3321031e-05,8.3344527e-05,-0.00012168784,-0.00013011757,-6.7124844e-05,-3.5640906e-05,-6.488122e-05,-6.4320602e-05,-6.2986164e-05,1.8559803e-05,0.00083757214,2.3602616e-05,6.2366528e-06,-0.00045560096,0.00032941685,-0.00061326146,-7.2574952e-05,-0.00043212958,-0.00097994967,-0.00011922139,0.00025165109,5.5136265e-05,2.0368473e-05,-3.8936614e-05,-0.00018274893,7.4475598e-05,-0.00024146699,-2.6852668e-05,-0.00027008654,0.00041738188,0.00067421471,0.00030624801,-7.4549473e-05,0.0002781746,0.00025912703,0.00033423934,0.00011478493,-0.0028758561,0.00014195565,-2.1973479e-05,0.00011112084,-6.3208697e-05,3.7966809e-05,-4.5320325e-05,5.7425649e-05,0.00019416577
"37",-2.493095e-05,2.3513349e-06,1.2326913e-06,1.2363237e-05,3.6479605e-06,2.6938103e-06,-1.5898113e-05,-2.5017511e-06,-1.7683531e-05,6.6887292e-06,-9.0405333e-05,-2.4587241e-05,2.5569859e-05,-0.00015700164,2.032105e-05,3.5508331e-05,2.0238982e-05,3.0591267e-05,-3.600965e-05,1.984693e-06,-4.2313315e-06,-3.8712823e-05,4.5574403e-05,-0.00014411448,-0.00012221751,-7.6459174e-06,1.7177646e-05,7.3251429e-06,-8.8650075e-05,2.7927605e-05,1.0759208e-05,1.9275683e-05,4.011264e-05,-2.070307e-05,-5.1781028e-05,3.8536451e-05,0.0003052313,-4.1090607e-07,-3.8071286e-05,-3.3402114e-05,-2.6847036e-05,-5.0035608e-05,4.6720261e-05,3.3988867e-05,-3.2337306e-06,8.9279408e-05,1.8017912e-05,0.000288092,0.00017910287,2.0948179e-05,-8.0598881e-06,-5.9059813e-06,0.00012566384,-6.0025463e-05,-8.8706322e-06,6.168464e-06,-7.0885904e-05,-8.4571366e-06,7.8111002e-05,9.9981534e-06,-0.0003605561,7.9785944e-07,3.6821933e-05,1.3539214e-06,-1.0685421e-05,5.8414252e-06,2.4832387e-05,-4.2829363e-07,-4.7575962e-06,1.1335034e-06,-1.6762727e-05,-1.1412912e-05,-1.2418335e-06,-5.6076901e-05,-8.1081382e-06,-2.0419688e-06,-2.8377595e-05,-2.0233435e-05,1.869637e-07,-8.8749802e-07,-9.7292007e-06,-6.6571264e-07,-1.8238411e-05,-6.1258775e-05,2.3430043e-05,5.088656e-05,5.199114e-07,-0.00015977258,0.00025831191,4.5594181e-05,-5.808386e-05,-2.7067102e-06,-2.9549134e-05,-9.1424877e-05,2.8242344e-05,4.5197821e-05,-4.2569573e-06,1.644273e-05,4.8560661e-05,0.00011444679,0.00017195558,2.6875738e-05,2.0658589e-05,2.9155689e-05,5.2850277e-05,6.2910385e-06,-8.0256618e-06,6.1423405e-05,-4.8691309e-05,0.00011127386,0.0001983915,-4.6544795e-05,-0.00030485967,-1.4480348e-06,1.8388457e-05,-3.9690636e-05,4.5107309e-05,4.0434219e-06,-3.5338302e-06,3.8187794e-05
"38",1.0055603e-05,-9.2133375e-07,-1.4755623e-06,1.6420279e-06,1.8615878e-06,-1.4199195e-06,5.6106806e-06,-2.1230219e-06,2.284082e-07,3.1520407e-06,-8.3921623e-06,1.0397163e-05,-1.0728793e-05,3.7202407e-05,1.3786115e-05,-1.6332241e-06,-7.648715e-06,3.5293323e-06,5.9509229e-06,-3.4466721e-06,1.919916e-06,-4.0303826e-06,-5.2224179e-06,-1.9189438e-05,6.2573869e-06,-3.3932384e-06,-1.7597847e-05,-6.9750126e-05,1.0386442e-05,4.2241347e-06,-2.5021355e-05,-1.0733746e-05,-9.6632722e-06,-5.4941818e-06,-3.0985549e-06,7.7648967e-06,-4.1090607e-07,2.0193262e-05,-1.599098e-05,5.3033727e-06,6.2879751e-06,-2.3576421e-07,5.2043788e-06,3.4441133e-06,-2.1232436e-06,5.1361148e-06,8.4087587e-06,2.0907211e-05,-1.1700934e-05,4.6843254e-06,1.8370095e-05,7.4631395e-05,-1.6188439e-06,2.9371651e-07,2.6382415e-05,1.3682023e-05,1.1881887e-05,2.5200524e-06,-7.89402e-06,-1.7287997e-05,1.0505621e-06,-2.1686014e-05,-1.407604e-05,4.8283364e-06,4.9409767e-07,5.4830761e-08,-2.2059e-06,-4.6946503e-06,2.452127e-07,6.0711558e-07,-8.6657579e-06,-6.7674322e-06,-1.1212719e-05,1.0955118e-06,-3.4259647e-06,-5.0358932e-06,-2.6964999e-05,1.8810661e-06,4.8410815e-06,-8.4027839e-06,-1.3964075e-06,-8.4820498e-06,6.525122e-06,5.2687551e-06,7.0305496e-06,1.301321e-06,9.1499619e-06,5.3303182e-05,-9.3400125e-05,2.5604559e-05,-2.3756554e-06,-7.325137e-06,8.7638383e-06,8.8980346e-06,5.4128347e-06,-1.6040325e-06,-2.1551252e-06,3.2648477e-05,2.125593e-05,1.778893e-05,1.971771e-05,1.03495e-05,1.1970371e-05,8.4629175e-05,-1.425257e-05,-2.1334367e-05,4.2071916e-05,-7.496357e-06,1.5045943e-05,-3.8097222e-05,-3.3041832e-05,-3.4162652e-06,-1.2059261e-05,-2.4710065e-05,-6.6536466e-06,1.0768708e-05,-1.5634315e-05,3.8554475e-06,-1.9584597e-06,-1.3736168e-05
"39",-1.4751841e-05,1.4684093e-05,5.6841689e-05,0.00010140886,-7.6907941e-05,-1.7327136e-05,-9.1300106e-06,-4.348056e-05,-5.1862831e-05,0.00010031475,0.00023808413,-0.00030791338,0.00012868416,5.9718569e-05,-0.00098132757,0.00025999994,-0.00023368923,4.4143862e-05,0.00011898859,1.6446612e-05,-1.1601084e-05,-2.1849559e-05,-0.00014393472,-0.00024497474,0.0001471261,1.9516558e-05,0.0001627037,7.8831769e-05,-0.00013531102,4.5004076e-05,0.0001445074,-0.00012864926,-1.7281101e-05,9.0563646e-05,-1.3884202e-05,0.00014790053,-3.8071286e-05,-1.599098e-05,0.0026204872,-0.00068015525,0.00055106616,-0.0002059212,-0.00030688167,-8.4690395e-05,3.1702125e-05,1.4831098e-05,0.00023369232,0.00089839059,-0.00056527318,-3.0546754e-05,-0.0003543207,-0.00023254223,0.00026874584,-0.00011119897,-0.00051174866,0.00027032093,-8.2171758e-05,-0.00032994105,6.5426526e-05,-0.00035397128,0.00012199863,3.394733e-05,2.7829461e-05,-0.00044378874,0.00017590345,-0.00010312632,1.6376585e-06,6.1063316e-05,6.8466323e-06,-9.416325e-06,-1.8113992e-06,-0.00010121569,-4.9060335e-05,2.8170984e-05,1.7127111e-05,5.579179e-05,7.868971e-05,-3.3260781e-05,-2.6365278e-05,0.00014415999,-1.6439339e-05,5.9005297e-05,-1.8933863e-05,-6.5712144e-05,-5.8821574e-05,-5.2118328e-06,-1.0494815e-05,-0.0001653252,-0.00039306785,-0.00026384132,0.0021761169,-0.00071198228,0.00040588106,-0.00011550052,-0.00018093779,-0.00011815958,3.5625915e-05,0.00013689544,0.00014322934,0.00058822004,-0.00044424727,-7.461948e-05,-0.00034038378,-0.00031035101,0.00037340084,-1.9235835e-05,-0.00053660963,0.00013118295,-0.00013302907,-0.00026626515,0.00022838986,-0.00026271687,0.00011773402,4.1270596e-05,-2.2048583e-05,6.7098449e-05,-0.00021903236,-1.0031663e-05,1.0662714e-05,0.00013862936
"40",-1.5123186e-05,2.2239498e-05,-5.8211219e-05,-0.00012041454,8.299462e-05,2.1013973e-05,1.3729797e-05,7.148977e-05,4.2664721e-05,9.6940613e-05,0.00070994185,-0.0016975854,0.00022918265,-0.0013991081,0.00025063735,-0.0019071982,9.4005247e-05,-7.6550527e-05,-5.3109603e-05,-5.5987643e-05,1.0277039e-05,-9.7797888e-05,0.0001326804,-0.00031804798,-0.00023439933,1.6533485e-05,7.983202e-05,-5.919077e-05,-0.00010620312,-6.4423589e-05,-0.00012522212,0.0001881708,4.7830333e-05,-0.00011716879,-6.3264484e-05,-0.0003467718,-3.3402114e-05,5.3033727e-06,-0.00068015525,0.0045626963,-0.00024131834,0.00015722069,0.00011354658,0.00016770737,-3.2828234e-05,0.00034637439,-0.0003949693,0.0010972604,0.00079062372,-6.0623108e-05,-0.00021045404,0.00011515492,0.00030798217,3.7995784e-05,0.00024736087,-0.00034824099,-0.00031497167,0.00022737423,0.00013682576,0.000896936,2.965572e-05,3.6880235e-08,-7.575669e-05,6.9755779e-05,-0.00074537567,4.2355248e-05,-6.7117716e-06,-7.5525232e-05,-4.3083366e-05,8.5471063e-06,-3.4264096e-05,-7.7897952e-05,-4.1002589e-07,-0.0001134377,5.5196216e-06,1.9011606e-05,1.5649036e-05,-1.4565414e-05,7.0005715e-05,-5.9196908e-06,0.00015186832,2.178555e-05,3.488499e-05,-4.9073484e-05,-0.00010435632,1.2146232e-05,-8.2192356e-07,0.00026579502,-0.00049802014,0.00034001296,-0.00033732074,0.0036531421,-0.00015078762,0.00018150542,7.6541344e-05,0.00016970254,-4.2376575e-05,0.00039622468,-8.066078e-05,0.00051750358,0.00083475169,-9.0083432e-05,-0.00011164896,-1.8404299e-05,3.1836543e-05,-5.5078187e-05,0.00029754321,-0.00057135092,-0.00014793352,-6.732459e-05,0.00014908018,0.0008677153,-3.8435926e-05,1.915837e-05,-1.0061632e-05,4.3100369e-05,-7.3786322e-06,4.0651822e-05,-3.1575675e-05,-0.00014095247
"41",0.00049168162,6.7528425e-05,-5.7006774e-05,0.00010197103,0.00023732173,1.3705107e-05,1.9227022e-06,4.6847687e-05,5.5668484e-06,0.00017331975,0.0017593402,-0.0038362029,0.00078441127,-0.0017402147,-0.00023646265,0.0001499253,-0.0020256614,-0.00012685524,-0.0001135206,-1.1595251e-05,-1.5472387e-05,-0.00035799573,0.0001918165,-0.00089530405,0.00023751547,-9.2577762e-05,0.00011028548,0.00016893571,-0.00013458657,-0.00014745103,4.8315498e-05,-0.0002176508,5.3620757e-05,0.00049683965,0.00016714268,-0.00083898354,-2.6847036e-05,6.2879751e-06,0.00055106616,-0.00024131834,0.0048075895,0.00019006237,0.0001221109,2.8245868e-05,5.0851277e-05,0.00067003484,-0.0003190291,0.0023384825,-0.00043929367,0.00021906438,-0.00027254871,-0.00042451745,0.00013895574,8.1822555e-05,-0.00020607858,0.00033874672,-0.00011155063,-0.00094914803,-0.00043501408,0.0019124503,1.6198611e-05,-2.1657434e-05,-0.00044333912,-0.00018143101,0.00014419387,-0.0010170952,5.7226286e-07,-3.3244718e-05,-4.9079441e-06,-2.6103413e-06,-0.00035208393,0.00016834269,-0.00018968944,5.7516303e-05,5.3314319e-06,5.1843847e-05,0.00015124063,-0.00010723438,1.9477281e-06,9.0476923e-06,-5.5797336e-05,-6.7724726e-06,0.0003561459,0.00012106891,-0.00056882174,1.1850606e-05,2.5977513e-06,0.0017217907,-0.0043764636,0.00078707102,0.0010141414,-0.00052186211,0.0044225825,0.0004576753,9.2417069e-05,-0.00024518301,5.452371e-05,0.0013013805,-0.0008181825,0.0013068029,0.00012067467,0.00020309403,-0.00046331482,-0.00070688403,-0.00019792778,-0.00058316056,0.00036242344,-0.00054856864,-0.00023631133,-0.0019890192,-0.00092644591,0.0024053745,-0.00044226766,3.1715084e-07,-0.00021114768,0.00038434386,-0.00068085804,0.00020240887,-2.8541337e-05,-0.00067739061
"42",-0.0001511524,-2.3500455e-05,-3.0013312e-05,-0.00011832085,0.00017763175,-3.2282642e-05,-2.7870785e-05,-5.9657711e-05,-1.9448453e-06,-0.00011863551,0.00058880091,-0.0013413889,3.9348644e-05,-0.00047844495,6.3894724e-05,-3.482106e-05,-0.00014445114,-0.0017593855,-0.00085322042,0.00010192951,-5.1201179e-06,0.00014537364,-4.8401572e-05,8.7259934e-05,-0.00018985017,1.5718232e-05,-5.645995e-05,0.00016282946,-9.6774212e-05,-3.0395661e-05,-6.0310912e-05,-2.1682855e-05,7.6070772e-05,-2.1426089e-05,-4.5183941e-06,-7.3212965e-05,-5.0035608e-05,-2.3576421e-07,-0.0002059212,0.00015722069,0.00019006237,0.0044241328,0.002056154,-0.00028918057,-1.5575541e-06,-0.00017199646,0.00011459158,-0.00065538303,0.00069827831,-2.7000186e-05,0.00015457803,-0.0003741347,0.0002046875,-1.3945336e-05,0.00013521106,1.656481e-05,-0.00026898739,6.6935782e-05,0.00014112356,0.00031745228,0.0001090329,9.6317001e-07,-0.00019719247,1.076508e-06,6.6732758e-05,1.4991857e-06,-0.00082419749,-0.00046551991,7.1078096e-05,8.2035774e-06,6.6261562e-05,2.4125777e-05,-2.3401347e-05,-0.00015601544,1.4731176e-05,-2.6444e-05,0.0001381326,-7.1355986e-05,-2.606192e-05,8.8935301e-06,-8.6800757e-05,9.4088965e-06,6.0868094e-05,-1.433018e-05,1.424543e-05,-5.2577967e-05,3.2083246e-06,0.00041505223,-0.00055717558,0.00024097779,-0.00012027488,4.4081053e-05,5.6849601e-05,0.0038538785,0.0018337212,-0.00039150771,-1.3118811e-05,-0.00027494084,-0.00018352617,-0.00048108309,0.00071173259,-4.720148e-05,0.0001818164,-0.00052980112,0.00029117952,0.0001330823,0.00020128226,4.582831e-05,-0.00013554047,-0.00015781737,9.9762948e-05,0.00030591173,7.86153e-05,-4.021128e-06,-9.560857e-06,6.5967651e-05,4.7732782e-05,7.6918804e-05,-1.4841666e-05,-4.9874453e-05
"43",0.00024043718,0.00010824646,4.6800368e-05,-3.1898397e-05,5.6639997e-05,1.6119513e-05,9.3274264e-05,4.2931884e-05,1.1588516e-05,7.9098987e-05,0.00038535271,-0.0015882973,0.00012843951,-0.00066200058,0.00016858613,-4.45075e-05,-0.00012049724,-0.00085236676,-0.0024688654,0.00010069111,3.3796124e-06,5.38815e-05,0.00010996088,0.00054609252,-0.00022216822,3.8674604e-05,-0.00010574072,0.00033070762,-8.1631838e-05,-0.00016608385,-4.4613783e-05,-0.00025609186,0.00011568087,0.00010969336,-5.4911367e-05,4.8893787e-05,4.6720261e-05,5.2043788e-06,-0.00030688167,0.00011354658,0.0001221109,0.002056154,0.0060474434,-0.00013947943,-3.7117378e-05,2.9883877e-07,0.00012112022,-0.0019098763,0.00059291479,-2.2643826e-05,0.00027665541,-0.00043400418,2.0352222e-06,2.045994e-05,0.00035831505,0.00063388964,-0.00031357405,-0.00025386007,5.6768488e-05,0.0001239522,-7.4736404e-05,-2.0036804e-05,-0.00057379021,-2.7938908e-05,6.8184411e-05,-3.1086218e-05,-0.00045390401,-0.0012332092,7.1045938e-05,9.4568309e-06,-0.00022550899,8.4739224e-05,0.00045073208,-0.00018028966,-1.0897084e-05,-2.521312e-05,0.0002090377,-2.3134777e-05,-2.3924827e-05,5.7616942e-05,-0.00015109316,6.3835442e-06,0.00021164994,-7.3291519e-05,1.1259071e-05,-2.1836664e-05,6.405734e-06,0.0016867314,-0.0028531989,0.0017104105,0.00033866555,-5.832555e-05,0.00049414978,0.0021990429,0.0051365846,-0.00036120094,-3.5623474e-05,0.00054406864,-0.00027110449,-0.0020360145,0.00083806393,0.00012912165,0.00011298677,-0.00086454224,-0.00064020031,1.9082426e-05,0.00070515232,0.00013264081,-0.00032286373,-0.0010275515,-0.00016954824,0.00062789837,-0.00047028266,-2.6117376e-06,-0.00011573269,0.00025556242,-0.00044381636,0.00017768723,-0.00015868308,-0.00059937882
"44",-0.00012552384,1.2306285e-05,4.2508474e-05,-4.927746e-05,0.00011982961,3.7811477e-05,-9.4036744e-07,7.7239087e-06,3.6617181e-05,3.4080957e-05,0.00099370032,-0.0027327307,0.00055976046,-0.0026982191,3.7743776e-05,-4.7302425e-05,-1.0652675e-05,9.7165142e-05,0.00010292019,-0.00044908041,6.4741187e-05,-0.00023795256,-0.00024787058,5.5190817e-05,0.0001207609,-5.909702e-06,-1.4400076e-05,-5.2451626e-06,9.7258261e-06,2.1952961e-05,-0.00010842967,5.8396809e-05,5.8809135e-05,-0.0001232057,-7.1351999e-05,5.5787057e-05,3.3988867e-05,3.4441133e-06,-8.4690395e-05,0.00016770737,2.8245868e-05,-0.00028918057,-0.00013947943,0.0012337644,-0.00017259613,0.00072595428,0.00049094244,-4.8680393e-05,-0.00044054467,1.2833009e-06,1.6594479e-05,6.2004181e-05,-5.5482682e-05,-0.00010338421,0.00027282606,-0.00010304336,-8.4268027e-05,0.00025040462,0.00024184857,-0.00016359589,-7.34327e-05,-5.7776938e-06,0.00018256204,2.902672e-05,-6.4985267e-05,-8.96464e-06,6.8871846e-05,9.1153109e-05,-0.00022232248,3.0523724e-05,-7.0734384e-05,-0.00013303787,9.1848472e-05,0.00013522662,-1.3145252e-05,-1.7560412e-05,-4.1126597e-05,3.2270421e-05,-7.5358897e-06,-6.1326148e-05,5.4928873e-06,2.7752722e-06,-7.6880454e-05,-6.1406835e-05,1.125343e-05,-2.5078382e-05,2.9908728e-06,-0.00048275453,0.00084326325,-1.8856594e-05,-0.00012985873,0.00024952758,-1.917265e-05,-0.00042718537,-0.00026239317,0.0010997109,-0.00013786383,0.00056195896,0.0005825939,-0.00018214679,-0.000565782,8.3238746e-06,5.8723028e-05,0.00013686738,-0.00022092869,-7.1377375e-06,0.00017966832,2.7979422e-05,-5.37371e-06,0.00046365559,0.00034092375,-0.0002077274,5.8633747e-05,-8.9568997e-06,6.7521108e-05,-8.7200463e-05,7.7169947e-05,-5.0226373e-05,3.7307098e-06,3.216944e-05
"45",2.8023353e-05,-1.511168e-06,-1.4859066e-06,8.0909972e-06,1.1404558e-05,-8.9659507e-06,-1.1390481e-06,2.9287011e-06,-9.7665933e-06,7.358289e-06,-5.3062636e-05,0.0001776125,-5.5637896e-05,0.0003781622,-1.4252939e-05,1.3951762e-05,-1.4636576e-05,-5.6098632e-06,2.9993881e-06,6.4577101e-05,-2.6760413e-05,1.85808e-06,7.1388572e-06,-9.2549924e-05,5.6059799e-05,8.3252824e-06,1.6272931e-06,1.3604662e-05,-3.8216402e-06,4.9151425e-06,2.1189708e-05,-3.3389958e-08,-5.5673964e-07,4.9678345e-06,1.1549984e-05,1.7069841e-06,-3.2337306e-06,-2.1232436e-06,3.1702125e-05,-3.2828234e-05,5.0851277e-05,-1.5575541e-06,-3.7117378e-05,-0.00017259613,7.0430957e-05,-4.4762203e-05,-2.8528582e-05,0.00022046926,-0.00010150513,-1.9225565e-05,-3.5289724e-07,-2.6802977e-05,-1.0567616e-05,-1.1442259e-05,-7.3746166e-05,5.9319418e-06,-1.2287194e-05,-6.6781488e-06,-4.4583895e-05,-2.1927219e-06,6.7599345e-07,3.1734455e-06,-4.1303091e-05,-1.4265654e-05,1.6300006e-05,-2.6947267e-07,7.4846122e-06,5.0836218e-06,3.1414772e-05,-1.1932809e-05,5.4505797e-06,4.306707e-06,-2.071702e-06,2.3987826e-05,7.3113624e-06,3.9170454e-06,6.0882628e-06,-4.5795236e-06,3.1652322e-06,1.3203623e-05,1.2518631e-05,1.3442662e-06,8.2413854e-06,5.7219008e-06,4.8819636e-06,6.626587e-06,-1.585376e-06,0.00013743021,-0.00051243523,-5.470139e-05,4.5060737e-05,-8.2224329e-05,3.2745223e-05,3.1242419e-05,-2.7785913e-06,-0.00016300613,5.6264966e-05,2.6165708e-07,-2.2426654e-05,0.00010752667,-4.6049042e-05,-2.2730781e-05,-2.8999433e-05,-4.5210405e-05,3.93611e-05,-8.1869709e-05,-3.8411266e-05,-0.00010248233,-1.6921071e-05,-0.00010230723,-9.091889e-05,6.0733206e-05,-4.2112642e-05,5.4045683e-06,-2.1530341e-05,4.3705197e-05,-7.7586684e-05,1.9992537e-05,7.6766238e-06,-1.8294369e-05
"46",0.00026181324,-6.2916e-05,6.944086e-05,5.6159558e-05,-0.0001028333,9.3140354e-05,5.9127448e-05,7.527611e-07,-2.6004902e-05,-1.7565997e-05,0.0012593349,-0.0034558916,0.00072202755,-0.0034106277,-1.705589e-05,-6.6538407e-05,-0.00036003182,0.00014406394,5.7250213e-05,-0.00023745734,9.0429716e-07,-0.0027832619,-0.00054053851,-0.00037324925,0.00017752368,-1.5700636e-05,8.8990681e-05,0.00019381765,6.4405397e-05,-0.00011931567,1.1516492e-05,-8.6526019e-05,0.00012895949,5.5380223e-05,5.7560256e-05,-0.00018491035,8.9279408e-05,5.1361148e-06,1.4831098e-05,0.00034637439,0.00067003484,-0.00017199646,2.9883877e-07,0.00072595428,-4.4762203e-05,0.0066658711,0.0013332109,0.00028089943,-0.00016225823,1.2174378e-05,-0.00025284341,-0.0003020824,-0.00019585738,0.0001161944,8.5918943e-05,0.00050579597,3.3157256e-05,-0.00056007869,2.9489732e-05,0.00034324803,-0.00014948268,7.6774944e-06,-4.4694848e-07,-6.5036364e-05,-4.9940307e-05,-0.0002343561,0.00011714799,-7.1890368e-05,-0.00012251445,1.3287782e-05,-0.0012176175,-0.0002632904,-1.0955645e-05,0.00023551185,-3.2988983e-05,6.7571191e-05,6.8066716e-05,1.7178397e-05,6.7296494e-06,-0.00011372443,-0.00010769692,1.6307332e-05,-7.624308e-05,-7.8499667e-05,-1.7488143e-05,-2.2188372e-05,9.0914527e-07,0.00043598372,-0.0003768356,0.0012854009,0.00050208257,0.0004111783,0.00097158314,-0.00029219662,-0.00023538923,0.00070830664,-6.0080401e-05,0.0058617027,0.0010727773,-5.8529959e-05,-0.00056695824,0.00014254114,-0.00033771572,-0.0004153683,-0.00085969283,2.5867158e-05,0.00050404523,0.00031564137,-0.00011697701,-0.00042164606,0.00021922079,7.5566009e-05,-0.00018234562,3.3019988e-05,-1.0218696e-06,2.4868714e-05,-0.00012080618,2.7970143e-05,-0.00010322331,-0.00039552111
"47",3.3695506e-05,2.9673763e-05,5.7443629e-05,0.00010271105,-4.6696349e-05,0.00011746264,-1.2462576e-06,2.6523889e-05,0.0001246102,-9.0621416e-05,0.0013341287,-0.0033632888,0.00051349053,-0.0018193881,-8.9366057e-05,7.1414425e-05,0.00015360113,-6.6669077e-05,8.5754959e-05,-0.0002210121,3.4350156e-06,-0.0005451472,-0.0048195047,-0.00049322998,-8.9074619e-05,-3.1933851e-05,3.8048248e-05,-0.00029857967,4.6909427e-06,0.00015999902,-9.8794267e-06,-0.00014480343,-2.7673592e-05,-0.00017051269,8.1521138e-05,-0.0001244611,1.8017912e-05,8.4087587e-06,0.00023369232,-0.0003949693,-0.0003190291,0.00011459158,0.00012112022,0.00049094244,-2.8528582e-05,0.0013332109,0.012235833,0.00086007226,8.8235832e-05,0.00012705577,9.859629e-05,0.00095476947,0.0001286184,-2.7144241e-05,-8.5755738e-05,0.00025368956,3.0001886e-05,-2.3928514e-05,-9.0574215e-05,0.00038756056,-7.949757e-05,-3.8880785e-05,-0.0002224157,-0.00010993421,-6.9680464e-05,5.9621633e-05,1.4194409e-05,1.5565629e-05,-0.00011559551,1.4491101e-06,-0.00031436218,-0.0022652261,-3.0988209e-05,-3.7630746e-06,3.3367256e-05,0.00010165157,-0.00023113716,0.00015970709,9.8267935e-05,3.9004485e-05,9.2213131e-05,-2.9501457e-05,0.000175405,0.00011355991,-0.00022733052,1.6028933e-05,1.2445014e-05,0.00089344359,-0.0039491592,0.00071672936,0.00049387434,-0.00014984344,-0.0004204778,0.00022533542,-0.00019197853,0.00035922735,-1.842395e-05,0.0015271539,0.011852513,-7.4124608e-05,0.00045217336,0.00011982521,-0.00018774084,0.00091095336,-0.00062995706,-0.0010054564,0.00059920047,-0.00077559264,2.8151193e-05,-0.00046209755,-0.00063549428,0.0012562718,-0.00046224082,-2.185795e-05,-0.00013909679,0.00037201286,-0.0010671591,0.00018022255,-5.6374833e-05,-0.00014507372
"48",0.00022130344,9.2857869e-05,7.0721121e-05,4.3524716e-06,-8.9048348e-05,3.4427212e-05,8.5757952e-06,0.00012505549,-0.0002431552,-0.00013414809,0.0026201535,-0.0030220012,-0.00010076068,0.00036575871,-0.00024551996,-0.00040721467,-0.0011839707,8.482821e-05,0.00032022072,7.231688e-05,-0.00014099298,-0.00047950849,-0.00049271306,-0.026602297,-0.0018340691,-0.00039421421,0.00048029321,0.0002122852,-0.00076009633,-0.00037341844,-8.1517814e-05,-0.0012580117,-0.00036292349,0.00053099314,0.0011044655,9.2496298e-05,0.000288092,2.0907211e-05,0.00089839059,0.0010972604,0.0023384825,-0.00065538303,-0.0019098763,-4.8680393e-05,0.00022046926,0.00028089943,0.00086007226,0.15067616,0.0048837636,0.00065665531,-0.0015080728,-0.0007870848,0.0010323304,0.00057786128,-0.00023213236,0.0026368816,0.0011727507,-0.0010816239,-0.0029040387,-0.0007254534,-0.00073964655,-4.8551834e-05,-0.00017595784,-0.0001177805,0.00010341726,-0.00016570351,2.5180583e-05,0.00037890806,6.30622e-05,-1.3460914e-05,-4.1762104e-05,-9.8329282e-05,-0.013091758,-0.00047175784,-5.7155572e-05,7.6465245e-05,0.00012318625,-5.5604215e-05,-3.2654353e-05,0.00013902148,-0.00013878833,-0.00013030973,0.00014788655,0.00021228533,3.5716066e-06,0.00017171815,1.2220846e-05,0.0017517916,-0.0072477036,-0.00028998609,0.0012222678,-0.00011358684,0.0019731657,0.00018813064,-0.0013740854,-0.00060265419,0.0002288596,0.00065450212,0.00055298273,0.1270151,0.0050208494,0.00056411779,-0.0014115752,-0.00095743883,0.0012840345,-0.00039868462,0.00020446828,0.00058566961,0.00095071898,-0.0022136891,-0.002909275,0.0006457078,-0.0012807648,-3.1080592e-05,-0.00028433775,0.00064430493,-0.0015400457,2.8103564e-05,6.8575812e-05,-0.00093787031
"49",-0.0002555004,-0.00021091975,-4.6843847e-05,0.00019492703,-0.00026150592,-9.3047949e-05,-1.5290512e-05,5.051545e-06,2.8414475e-05,-0.00035970572,0.00061648322,-0.001100735,-0.00049031372,1.5232058e-06,0.00021487009,-0.00026767872,0.00016726791,-0.00017988515,-0.00017300548,9.7041851e-05,5.166638e-05,8.0892096e-05,-8.2310117e-05,-0.0015643346,-0.0038179698,-4.1580127e-05,6.3287942e-05,-0.00014682699,-7.1164664e-05,1.186655e-05,-0.00072276,-7.6755556e-05,8.81836e-05,0.00014224208,8.6005134e-05,-0.00028232982,0.00017910287,-1.1700934e-05,-0.00056527318,0.00079062372,-0.00043929367,0.00069827831,0.00059291479,-0.00044054467,-0.00010150513,-0.00016225823,8.8235832e-05,0.0048837636,0.012532432,3.447162e-05,-0.00039711325,0.00028114183,0.00018419073,0.00014031732,0.002099677,0.00015070921,-0.00019480988,-0.00028244142,-0.00040432526,0.00059256645,-0.00059881897,2.2512372e-05,1.7468007e-05,2.8196217e-05,-5.6080989e-05,8.2176764e-05,-4.5959157e-05,-0.00015977458,0.00011037215,3.0770188e-05,0.00028802588,2.7943687e-05,0.00015512459,-0.0017611549,1.5875705e-05,6.9593816e-05,1.0847765e-05,2.6197207e-06,5.6732407e-05,-0.0001816413,-0.00010231293,5.6051622e-06,7.177091e-05,0.00026379605,0.00011521154,9.9469193e-05,-1.0076431e-05,-0.00024915011,0.0008081892,-0.00034957666,-0.0006516261,0.00057400735,-0.00034796791,0.00032895556,0.00050905684,-0.00041399068,-8.1211151e-05,-0.0008838017,-4.2530559e-05,0.0024102815,0.010730966,-3.2484143e-05,-0.00037287279,0.00025502949,0.00057970555,0.00022525412,0.0014001692,0.00052162251,-0.00033847209,-0.00026699425,-0.00034844904,-4.5254022e-05,-0.00044602304,1.3197639e-05,-5.4316894e-06,5.770292e-05,0.0001119559,-1.525485e-05,2.2664666e-05,0.0003665962
"50",0.00014672854,-1.6976095e-05,2.8163701e-06,-6.3198393e-05,-2.4191868e-05,3.1365783e-05,9.5926641e-06,-5.1708536e-06,3.0038213e-05,1.9134671e-05,0.00057475071,-0.0014580736,0.0002645743,-0.0010713824,2.5796361e-06,1.8186695e-05,-8.8585203e-05,3.0355537e-05,4.6546116e-05,6.2680454e-07,6.3340241e-06,-1.8165998e-05,-1.2138182e-05,-0.00031341523,-2.9292011e-05,-0.00030426667,5.2321033e-05,-1.8996755e-05,-5.1118958e-05,-2.5058668e-05,6.2111415e-05,-6.1036603e-05,2.739128e-05,6.5400389e-05,4.3222561e-05,-3.18807e-05,2.0948179e-05,4.6843254e-06,-3.0546754e-05,-6.0623108e-05,0.00021906438,-2.7000186e-05,-2.2643826e-05,1.2833009e-06,-1.9225565e-05,1.2174378e-05,0.00012705577,0.00065665531,3.447162e-05,0.00077383581,-0.00012377451,5.478204e-05,-2.0917668e-05,-7.0536206e-05,-9.2435747e-05,0.00015200903,-0.00010121967,-0.00013597798,-3.351474e-05,8.1947861e-05,-2.4241004e-05,-1.3722537e-05,-8.8335668e-05,-3.9215783e-06,1.1916187e-05,-3.0362419e-05,-5.8650231e-06,-1.5222097e-05,-4.551824e-06,3.4873364e-06,-7.6426452e-05,8.1589156e-05,-8.381362e-05,8.070906e-06,-0.00013332265,1.6112757e-05,-5.0334725e-06,-3.2846412e-05,-2.4031583e-06,3.1923294e-05,-3.0512001e-05,-1.377456e-05,4.6677236e-05,3.9149865e-05,-7.3980166e-06,-3.0371287e-06,4.3553111e-06,0.00054214074,-0.00062972471,0.00067247731,0.00018612081,-0.00012208352,0.00026794303,5.5214547e-05,-9.7728066e-05,-3.7627673e-05,-2.2587426e-05,0.0002090834,-0.00010643402,0.00041140379,0.00014339525,0.00070824861,-0.00013973906,-8.5062014e-05,-0.00024258058,-5.6809635e-05,7.2258133e-05,-1.4485254e-05,-0.00017458357,-0.0002601192,-0.00013256217,0.00011760817,-0.00014411747,-3.9182529e-06,-3.1046797e-05,4.8920129e-05,-7.5269667e-05,1.431013e-05,-5.5270303e-05,-0.00033057643
"51",-5.1419511e-05,-2.6878081e-05,-2.3679302e-06,-3.5226926e-05,3.8587652e-05,1.3245797e-05,-2.5195854e-06,-1.2826095e-05,-2.7882325e-05,-4.9968729e-05,0.00021892284,-0.00057666095,-8.0796534e-06,-0.00031864912,0.00014767328,0.00011343514,0.00013239524,-4.1848473e-05,-8.6058127e-05,-1.6194459e-05,2.6098888e-06,0.00010530687,3.2926169e-05,0.0004091576,0.00011252426,5.5277638e-05,-0.00035005911,-9.0208342e-05,7.7753946e-07,4.1335805e-05,7.5872768e-06,-5.4589258e-06,-6.7021656e-05,-6.3820338e-05,-2.7944536e-05,-0.00034058533,-8.0598881e-06,1.8370095e-05,-0.0003543207,-0.00021045404,-0.00027254871,0.00015457803,0.00027665541,1.6594479e-05,-3.5289724e-07,-0.00025284341,9.859629e-05,-0.0015080728,-0.00039711325,-0.00012377451,0.00077563877,0.0002644867,1.418841e-05,-9.5755917e-05,4.8076053e-05,4.5676925e-05,0.00019403294,0.00015447148,6.4571381e-05,0.00073442611,2.0420807e-05,-4.2812111e-05,4.1792058e-05,6.9849253e-05,-3.0015284e-05,6.0596285e-05,-2.1032905e-05,-3.9359672e-05,-4.7023515e-06,2.8798805e-06,8.7367101e-05,8.2022261e-05,9.3349501e-06,5.267135e-05,2.1986744e-05,-0.00012268916,-4.2904614e-05,3.3025234e-05,3.4891914e-05,8.3342451e-06,1.485961e-07,-2.7528764e-05,-1.7052012e-05,-1.8569702e-06,-9.5924344e-05,-8.6127185e-06,1.149901e-05,-9.2495717e-05,0.00045297872,2.202518e-05,-0.00035284537,4.7620845e-05,-0.00029026064,0.0001148985,0.00018597013,2.1436014e-05,-4.503292e-06,-0.00040773852,-5.6859156e-06,-0.00085248881,-0.00047090261,-0.00012526611,0.00064500663,0.0002301632,-9.8954068e-05,-0.00011977708,-4.6677088e-05,7.7124666e-05,0.00019072586,0.00025793408,2.3145746e-05,0.00053983984,6.2902228e-05,-4.3681508e-05,1.8138051e-05,-3.6430069e-05,5.8252681e-05,-1.0183345e-05,-6.1269355e-06,6.1073326e-05
"52",-0.00016727931,1.8774015e-05,-5.672045e-05,-2.1477755e-05,-8.4644637e-05,-7.5754453e-05,-2.4092896e-05,-5.3029362e-05,4.1999261e-05,-0.00010243522,0.00032663193,-0.0015137726,0.00013541052,-0.00099218119,7.1743954e-05,-7.44237e-05,0.0001814842,0.00016300956,0.00033855807,-9.2607562e-06,1.4798991e-05,0.00017762988,-0.00033274618,0.00020334522,-0.00013806304,-2.0654668e-05,-6.2381768e-05,-0.0017648685,8.321363e-05,0.00016540365,-0.00038843598,7.9550411e-05,3.1151524e-05,8.2698619e-05,0.00023039165,0.0004098493,-5.9059813e-06,7.4631395e-05,-0.00023254223,0.00011515492,-0.00042451745,-0.0003741347,-0.00043400418,6.2004181e-05,-2.6802977e-05,-0.0003020824,0.00095476947,-0.0007870848,0.00028114183,5.478204e-05,0.0002644867,0.0042813715,-0.00010149145,-0.00022379569,0.0011830287,-0.00010174576,-7.4611839e-06,-0.00023815282,-0.00057006959,-0.00084397056,2.0328548e-05,-0.00017686421,0.00028894515,0.00011013353,-3.9693814e-05,0.00016188959,0.00013338109,0.00022044879,-2.8512415e-05,5.5017252e-06,0.00014165262,-0.00026085109,0.00014364382,6.7453252e-06,-2.0586063e-05,-4.3906159e-05,-0.00080804996,-2.0377244e-05,7.30499e-05,-0.00020728149,1.3349013e-05,1.234507e-05,-0.00011365961,8.6129497e-05,0.00022188934,1.581932e-05,3.7128422e-05,-0.001295182,0.0017370301,-0.0013301033,-0.0006726207,0.00012764015,-0.00068017267,-0.00072656707,-0.00030956819,0.00015227554,-1.9449848e-05,-0.00061595821,0.0013351095,-0.0007832569,-6.0558318e-05,-8.8570559e-05,0.00026606867,0.0039365492,0.00050865208,-0.00028368913,0.00053593139,0.00019331001,0.00010005736,0.00047603831,-0.0002926421,-0.0010994506,0.00037023223,-0.0001739257,8.4553374e-05,-0.00015213625,0.00023595883,-9.910941e-05,7.8331363e-05,0.00061336881
"53",9.1096458e-05,-1.8676965e-05,-1.0604738e-05,4.7062357e-05,-0.00013448369,1.0672633e-06,-2.2328917e-05,3.072476e-06,-1.9275193e-06,9.9507398e-05,0.0013292734,-0.0028350789,0.00035897233,-0.00086289214,-0.00011875853,-6.6705337e-05,-0.0001067198,-7.6964436e-05,-7.9151331e-05,8.3580533e-06,-2.5094622e-06,3.3424346e-05,-9.0393414e-05,-0.00051490258,-3.8461644e-05,-4.682171e-05,1.5774069e-05,3.3198797e-05,-0.002059601,-0.001028591,-2.2812146e-05,-0.00022795456,1.1210064e-06,-2.0191992e-05,-1.3769214e-06,3.8461481e-05,0.00012566384,-1.6188439e-06,0.00026874584,0.00030798217,0.00013895574,0.0002046875,2.0352222e-06,-5.5482682e-05,-1.0567616e-05,-0.00019585738,0.0001286184,0.0010323304,0.00018419073,-2.0917668e-05,1.418841e-05,-0.00010149145,0.0054897153,0.0027455548,4.0068195e-05,0.00025766086,-0.0002770883,-0.00020173763,8.5431617e-05,-2.2019596e-05,-0.00045877691,8.5328031e-06,-0.00041991056,-9.1652155e-05,8.2769659e-05,-0.00010880672,-9.0574746e-05,-3.3838148e-05,3.2394032e-05,-1.2048526e-06,-4.6266273e-05,0.00022364631,-5.3803993e-05,-4.0951683e-05,-3.4684125e-06,2.4690488e-05,-9.5047404e-05,-0.00090059771,-0.00037521819,4.2252694e-05,-2.6443393e-05,-8.8527009e-05,0.00012733628,1.8447232e-05,0.00010861494,0.00011042387,8.1743391e-06,0.0021051041,-0.0031728915,0.0015042221,0.00090243025,-8.4290652e-05,0.00041003869,0.00078069114,-0.0001264431,-0.00032093524,-1.2375661e-05,0.00029526604,-0.00065319974,0.00049340317,0.00081916046,6.2467117e-05,-0.00017893388,-0.0002972914,0.0039677284,0.0018329377,0.00029652497,-0.00060788202,-0.0001275371,-0.00088718277,-0.00036511284,0.00021584555,-0.00080874609,1.7239055e-05,-0.00016194739,0.00026845988,-0.00027146008,0.00022874718,-5.7521782e-05,-0.0008841351
"54",0.00036260059,-1.8223469e-06,-6.8800917e-05,-0.00010040631,1.8707601e-05,3.4491336e-05,3.5344482e-05,1.9740757e-05,-6.398553e-05,5.3757979e-05,0.00087441728,-0.0017602622,0.00019445904,-7.9798209e-05,2.99951e-05,-6.5387061e-05,-0.00013936212,-2.353942e-06,-0.00017277551,1.7224268e-05,4.0747252e-06,-0.00011181142,9.3687121e-05,-0.00021961727,2.9120427e-05,-2.3120998e-05,7.133401e-05,0.00015490166,-0.0010604982,-0.0017676695,0.00018391613,-5.8747497e-05,-8.6658842e-06,8.7261481e-05,3.6228708e-05,7.2873617e-05,-6.0025463e-05,2.9371651e-07,-0.00011119897,3.7995784e-05,8.1822555e-05,-1.3945336e-05,2.045994e-05,-0.00010338421,-1.1442259e-05,0.0001161944,-2.7144241e-05,0.00057786128,0.00014031732,-7.0536206e-05,-9.5755917e-05,-0.00022379569,0.0027455548,0.0044939488,-0.00037369437,0.00014291231,2.7351228e-05,-0.0004900505,-5.4341959e-05,-0.00015551384,0.00016032722,-7.9875108e-06,-0.0003692978,-3.1619512e-05,9.5569962e-05,-4.1350622e-05,-7.2470036e-05,-0.00012924483,3.6557663e-05,-3.2943051e-06,-9.1937219e-05,4.8318708e-05,-2.0426308e-05,-2.7898029e-05,-1.4628855e-05,7.2199314e-05,9.1971505e-05,-0.00049757852,-0.00074740879,0.00010502734,2.338299e-05,2.313804e-05,0.00014358252,-5.3375177e-06,0.00012106232,3.3667827e-05,3.1826401e-06,0.0022546852,-0.0032787634,0.0015938357,0.00061255883,-0.00023172918,0.00034149255,0.00063110668,6.5383103e-05,-0.00035127481,4.0284875e-06,0.00057101858,-0.00065337463,0.0005898721,0.00064469332,8.3034641e-05,-0.00036486844,-0.00076305288,0.0017892161,0.0034373636,-0.00010316332,-0.00079778493,-0.00018891683,-0.0011957183,-0.00046915979,0.00013464709,-0.000365601,2.4524381e-05,-0.00018837542,0.00031272795,-0.00046628971,0.00018467497,-7.1863484e-05,-0.00092350251
"55",-0.00040618983,1.8161826e-05,9.8738516e-07,-9.071997e-05,-0.00016662978,-4.3046448e-06,-1.4360545e-05,-1.2458937e-05,0.00013580503,-0.00013149491,0.0024575349,-0.0067400831,0.0010283597,-0.0059128103,0.00015010936,-0.00013744803,5.9128656e-05,-6.5615736e-05,-3.5308425e-05,-0.00011130997,2.1048498e-05,6.6393178e-06,-3.3303005e-05,3.7082253e-05,-0.00068805306,6.9280475e-05,4.1792095e-06,-0.00037991154,1.5448229e-05,0.00019702492,-0.0027435227,1.9069465e-05,7.0485106e-05,-0.00013597467,-0.00021431519,-3.4404018e-05,-8.8706322e-06,2.6382415e-05,-0.00051174866,0.00024736087,-0.00020607858,0.00013521106,0.00035831505,0.00027282606,-7.3746166e-05,8.5918943e-05,-8.5755738e-05,-0.00023213236,0.002099677,-9.2435747e-05,4.8076053e-05,0.0011830287,4.0068195e-05,-0.00037369437,0.0073965008,-0.00015784226,-0.00013813266,0.0004094315,0.00045284385,3.6412609e-05,9.020369e-05,-7.7174098e-05,0.00032665733,0.00018596499,-6.5951292e-05,-4.5850802e-05,1.9852607e-05,4.1645769e-05,-5.1408489e-05,9.5825895e-06,-5.5778264e-05,1.5885894e-05,0.00021829579,-0.00013746433,2.4980383e-05,5.6833281e-07,-0.00017628424,4.6299911e-05,6.577201e-05,-0.0012091714,-7.0972704e-05,-4.7882196e-05,-0.00014443902,-0.00017795826,4.9055465e-05,-5.3908041e-05,1.3375179e-05,-0.001459688,0.0023817441,-0.00070684143,-0.00091418274,0.00042026985,-0.00012516858,-0.00016010616,0.00024844336,0.00036059497,-6.1984562e-05,-0.00020587453,0.00023493343,-0.00053872968,0.0011120241,-0.00016197764,0.00012634365,0.0010842885,3.1953805e-05,-0.00028511448,0.0056417764,0.00061945885,0.00032074018,0.0010603575,0.0010301027,-0.0003287126,0.0004066723,-7.4243616e-05,0.00010522665,-0.00025061119,0.00041296064,-0.00011053509,2.1662873e-05,0.00047043615
"56",0.00014173295,1.9880994e-05,3.2601552e-05,-9.5643957e-05,4.3178384e-05,-1.081063e-05,1.539263e-05,3.8143984e-05,-4.9202258e-05,-3.4498689e-06,0.0006170856,-0.0014506469,0.00039034276,-0.0008712773,-0.00012424742,0.00018936383,-0.00019992973,-1.3162088e-05,-0.00027643784,6.5781102e-05,-2.1209747e-06,-8.6210343e-05,-0.00016112928,-0.0009001387,-8.2510683e-05,-7.5896023e-05,-2.7180406e-07,7.0038063e-05,-0.00018629112,-7.5236462e-05,3.7452294e-05,-0.0019541493,-0.00060107073,0.00047355879,4.6392002e-06,0.00012838465,6.168464e-06,1.3682023e-05,0.00027032093,-0.00034824099,0.00033874672,1.656481e-05,0.00063388964,-0.00010304336,5.9319418e-06,0.00050579597,0.00025368956,0.0026368816,0.00015070921,0.00015200903,4.5676925e-05,-0.00010174576,0.00025766086,0.00014291231,-0.00015784226,0.0047396079,0.0015284337,-0.0010366469,-1.1216984e-05,-0.00033830778,0.00010588832,-5.2595403e-05,2.9978956e-05,-2.1186695e-05,0.00012884451,-0.00017018465,-0.0001176234,-0.00026437379,2.131089e-05,8.2003704e-06,-0.00012384,3.9898276e-05,-6.0932822e-05,-7.5919356e-05,-3.4903585e-05,-1.0141084e-05,6.623745e-05,-0.00013464761,-5.2023471e-05,-6.3921744e-06,-0.00093297693,-0.00026533039,9.5181331e-05,3.5425149e-06,-3.4105552e-05,-1.6616531e-05,1.4204059e-05,0.00022239549,-0.0011261961,-7.0744391e-05,0.00029893507,-0.00051977067,0.00048224614,0.00025139812,0.00087338866,-0.00023310779,9.2416884e-07,0.00055092336,3.1796637e-05,0.001508832,0.00052059189,0.0001342935,-3.1155038e-05,-0.00036312389,0.00043280486,-3.1423176e-05,6.7454211e-05,0.0037760882,0.0012790421,-0.00074995269,-0.00011588784,0.00012127009,7.0999692e-05,-4.7379437e-05,-9.8198306e-05,0.000127117,-0.00029295201,-2.9477293e-06,-9.7591031e-06,3.6491398e-05
"57",-0.00015191383,-3.6651004e-05,-4.6260913e-05,7.4235054e-05,-1.0424816e-06,7.8172402e-05,3.1986692e-06,-2.1286506e-06,-0.00015470412,-9.7048624e-05,1.2341923e-05,-3.9010343e-05,0.00012979163,-0.00053959916,-5.0626896e-05,4.6845874e-05,9.1763752e-05,8.7429076e-05,7.6793664e-05,5.1233611e-05,2.3890579e-06,9.4119325e-05,-6.5278879e-05,-0.00038158428,-1.0879398e-06,3.0858795e-05,-6.8852971e-05,1.6012489e-05,5.5521343e-05,-3.2112254e-06,7.8586868e-05,-0.00067524848,-0.0018853205,-0.00012807944,2.9849041e-05,0.00026078181,-7.0885904e-05,1.1881887e-05,-8.2171758e-05,-0.00031497167,-0.00011155063,-0.00026898739,-0.00031357405,-8.4268027e-05,-1.2287194e-05,3.3157256e-05,3.0001886e-05,0.0011727507,-0.00019480988,-0.00010121967,0.00019403294,-7.4611839e-06,-0.0002770883,2.7351228e-05,-0.00013813266,0.0015284337,0.005424011,0.00023334776,-0.00039445499,-0.0004794435,0.00024373065,-2.6451981e-05,2.638727e-05,3.1458468e-05,3.0098254e-05,-1.552566e-05,-3.005657e-05,3.2808668e-05,1.2126525e-06,1.7217577e-06,2.2885554e-05,-8.1606298e-06,-0.00023309602,-5.0677294e-05,5.476469e-06,-2.4341043e-05,8.6943433e-05,-1.8107173e-05,8.7157058e-05,-1.8797668e-05,-0.00029032573,-0.00076213171,-0.00010737711,5.4155734e-05,2.0054467e-05,1.0794515e-05,7.2439646e-06,0.00040683998,-8.7947615e-05,0.00074961718,0.00017303905,-0.00010034104,0.00010371154,-1.7949103e-05,-0.00046128083,-2.1819773e-05,-1.1537697e-05,-1.0054468e-06,2.299221e-05,0.0011823502,-0.00010691209,-9.695813e-05,0.00013827458,-0.00022903693,-0.00043565639,-8.6286865e-05,0.00033577391,0.0012129787,0.0043509952,0.00018825005,-0.00049422683,-0.00027298527,0.00013783216,-1.7789889e-05,1.6984031e-05,-2.4634862e-05,-0.00012843768,-7.3479766e-05,-8.321382e-05,-0.00029475528
"58",-0.00016738716,5.2177423e-06,5.9771789e-05,0.00010636541,0.00011067767,6.6365614e-05,-3.5741395e-08,1.9483863e-05,-7.2739385e-05,0.00019990736,0.00046198327,-0.00067055294,1.8046357e-05,-0.00052655796,4.5684655e-05,-7.2937764e-05,0.00047924184,-5.6250445e-05,0.00012980101,-0.00013042474,6.2878736e-06,6.2136047e-05,-0.00017189194,0.00035279052,0.00010133264,6.2627493e-05,-7.8247853e-05,7.7374131e-05,-4.9631498e-05,0.00010014007,-0.00012186668,0.00045006396,-0.00015439795,-0.0032579514,-0.00054760172,6.8975395e-05,-8.4571366e-06,2.5200524e-06,-0.00032994105,0.00022737423,-0.00094914803,6.6935782e-05,-0.00025386007,0.00025040462,-6.6781488e-06,-0.00056007869,-2.3928514e-05,-0.0010816239,-0.00028244142,-0.00013597798,0.00015447148,-0.00023815282,-0.00020173763,-0.0004900505,0.0004094315,-0.0010366469,0.00023334776,0.0075258643,0.0013723017,-8.3719469e-05,-0.0001955759,-1.7413726e-05,-7.6868465e-05,-8.0118489e-05,7.0685896e-05,0.00020541464,-2.4655893e-05,7.2228184e-05,-1.9498521e-05,-9.2694168e-06,4.1268176e-05,0.00020160193,4.7667193e-05,7.905661e-05,4.6663834e-05,-6.9302278e-06,1.7596687e-05,3.4102381e-05,8.9886963e-05,-1.8202631e-05,0.00021884442,-4.2482838e-05,-0.0012006178,-0.00022746562,0.00010147037,3.8794311e-05,-4.2977656e-06,0.00033195211,-0.00083818025,0.0005143707,0.00011754502,2.5253223e-05,-0.00084598188,0.00018604597,-0.00045497463,0.00017381811,1.2639181e-05,-0.00051997014,-4.364712e-05,-0.00065327516,-0.00044000824,-9.0713288e-05,0.00014360687,-0.00028731404,-0.00022599121,-0.00030816437,0.00046438523,-0.0010034367,8.8537468e-05,0.0060124248,0.0010389093,-7.3891079e-05,-0.00032136281,-1.1107118e-05,6.409652e-05,-4.0028196e-05,-4.6419736e-05,9.2725731e-07,-3.578887e-05,-0.00038196645
"59",0.00012207418,-4.164751e-06,-1.762174e-05,-6.5014409e-06,-2.5242153e-05,2.277029e-06,3.7136349e-05,4.8031021e-05,-5.1151375e-05,4.4239838e-06,0.00049865439,-0.0014509915,0.00034799213,-0.0015445602,-2.6735385e-05,-1.1997943e-05,0.00015520791,-7.4404663e-06,-7.1787294e-05,-5.8685667e-05,9.0261408e-06,0.00010287175,0.00010875227,0.00090617906,0.00013654736,3.5696322e-05,-1.8707e-05,0.00022695772,-3.0282382e-05,-1.3234393e-05,-0.00018778745,-6.9321848e-06,2.305072e-05,-0.00058531765,-0.0017543619,5.3427547e-05,7.8111002e-05,-7.89402e-06,6.5426526e-05,0.00013682576,-0.00043501408,0.00014112356,5.6768488e-05,0.00024184857,-4.4583895e-05,2.9489732e-05,-9.0574215e-05,-0.0029040387,-0.00040432526,-3.351474e-05,6.4571381e-05,-0.00057006959,8.5431617e-05,-5.4341959e-05,0.00045284385,-1.1216984e-05,-0.00039445499,0.0013723017,0.0046755823,-0.00019849439,-0.00015796863,1.8296748e-05,-0.000529187,-0.00012381496,3.4298419e-05,2.6637736e-05,-2.5358049e-05,-0.00026383668,-5.5167589e-05,5.9888751e-06,-0.00026141033,0.00010733476,0.00022766979,0.00014649592,2.7906107e-05,3.0007201e-05,0.00014921583,-4.4049947e-05,6.5864311e-05,-8.7420921e-05,6.3530004e-05,4.0225332e-05,-0.00012838402,-0.0007071299,7.0365776e-06,3.241159e-05,-3.6728051e-06,0.0023747639,-0.0023959789,0.0020061034,0.0010393181,-3.000313e-05,4.4303021e-05,0.0005181346,1.4347734e-05,0.00016621646,-5.817464e-05,0.00099486057,-0.00057690923,-0.0020239052,3.9284559e-05,8.6062374e-05,-0.00013989339,-0.00086578531,-0.00073129204,-0.00034404587,0.001150189,-0.00059939157,-0.00054314378,0.00030560093,0.0034800421,0.0003168288,-0.00056695777,6.0424523e-05,-0.00017031385,0.00022291425,-0.00026078392,0.00014297253,-0.0001456947,-0.00086169794
"60",0.00010114092,-2.4227041e-05,-5.539095e-05,-8.4358388e-06,-2.8239516e-05,3.5445723e-05,1.2067289e-05,-2.2984173e-05,-2.7997423e-06,-0.00017409178,0.0022343029,-0.005011621,0.00086390333,-0.0040967566,0.00013933626,-0.00030540014,-0.00083006094,-4.6775182e-05,7.7254655e-05,5.5803124e-05,-6.0171019e-07,-0.00014502613,-1.9895002e-05,0.00016874761,-0.0001674491,-3.7377313e-05,-0.00037406394,0.00037477239,-3.2276151e-05,5.5411424e-06,-3.6257603e-05,0.00011499064,0.0002162715,7.236969e-05,2.8623895e-05,-0.0027500029,9.9981534e-06,-1.7287997e-05,-0.00035397128,0.000896936,0.0019124503,0.00031745228,0.0001239522,-0.00016359589,-2.1927219e-06,0.00034324803,0.00038756056,-0.0007254534,0.00059256645,8.1947861e-05,0.00073442611,-0.00084397056,-2.2019596e-05,-0.00015551384,3.6412609e-05,-0.00033830778,-0.0004794435,-8.3719469e-05,-0.00019849439,0.006332932,-9.1233599e-05,5.6568882e-05,-0.00017857974,-2.6722908e-05,-0.00015253326,-0.00054811202,6.4847224e-05,7.6918873e-05,-2.471178e-06,9.1715344e-06,-4.0857534e-05,-9.771595e-05,-1.2487561e-05,-1.3497529e-05,2.4934227e-05,-9.2611271e-05,0.00019521331,0.00011646821,0.0001094528,1.7454561e-05,1.2542037e-05,4.5504817e-05,0.00012593241,0.00010185123,-0.0012357169,-3.2368472e-05,-1.3416322e-05,0.00056019825,-0.00072812473,0.0007079409,-0.00016162821,0.0010169803,0.0018811178,0.00017807935,-9.7285645e-05,-9.4168586e-05,-1.7369075e-05,0.00011581345,0.00036112166,-0.0005090394,0.00038694395,6.5802705e-05,0.00056770483,-0.00082930276,-0.00077796259,-0.00050064843,0.00028487738,-0.00030510576,-0.00040935585,-0.00036951879,-0.00037939875,0.0056766116,-0.00021606198,4.9685749e-05,-6.8664195e-05,6.5988136e-05,-9.6232214e-05,9.5088477e-05,-5.4138292e-05,-0.00018055242
"61",5.8614124e-05,-5.348989e-06,-1.4419472e-06,-9.345166e-05,2.8278541e-05,-1.7719356e-05,3.1698889e-05,-2.1138718e-06,2.4608256e-05,1.4746813e-05,-2.9551193e-05,2.9041285e-05,2.7339442e-05,0.00030838036,-3.4829671e-05,-6.8649056e-05,-1.2104457e-05,-6.867719e-05,3.3836292e-05,2.5497503e-05,-1.3571055e-06,9.2310914e-05,3.5282908e-06,0.00018754997,0.00020624717,2.5221093e-05,-4.5014901e-06,-1.8160144e-05,0.00014871765,-5.0678248e-05,-1.3247111e-06,3.4938319e-06,-8.492181e-05,-4.6824568e-05,7.8811463e-05,2.1412525e-05,-0.0003605561,1.0505621e-06,0.00012199863,2.965572e-05,1.6198611e-05,0.0001090329,-7.4736404e-05,-7.34327e-05,6.7599345e-07,-0.00014948268,-7.949757e-05,-0.00073964655,-0.00059881897,-2.4241004e-05,2.0420807e-05,2.0328548e-05,-0.00045877691,0.00016032722,9.020369e-05,0.00010588832,0.00024373065,-0.0001955759,-0.00015796863,-9.1233599e-05,0.0012152869,-3.0583404e-06,1.6574948e-05,-2.2648512e-05,3.4925967e-05,4.4086162e-06,-2.5592568e-05,3.1150758e-06,-9.2518829e-06,1.8828396e-06,6.0703643e-06,-1.2228618e-05,3.7623143e-05,0.00013813704,-1.0183469e-06,-2.7420022e-06,4.5893776e-05,0.00010191527,-3.4475371e-07,-2.9139031e-05,3.1749151e-05,4.6439277e-05,2.6486442e-05,3.1609955e-05,-2.5627188e-05,-0.00023375919,1.2522236e-06,0.00019638681,-0.00091371232,-0.00022058038,0.00017871086,-4.5910949e-05,-3.2130051e-05,0.00021546551,-3.426744e-05,-8.3573216e-05,-2.4421843e-07,4.3418264e-05,-1.6287169e-07,-0.00043971782,-0.00058879913,-2.3811124e-05,-3.9862509e-05,-5.8748171e-05,-0.00023040083,-1.8967302e-05,7.0116861e-05,-0.00014365182,0.00018901354,-0.00034359951,-0.00023048263,0.00010284002,0.0011410999,7.133145e-07,-6.3210493e-05,9.1301845e-05,-0.00016755267,-4.3507656e-07,1.8162079e-05,-4.6864811e-05
"62",-1.5537935e-05,-6.654058e-07,5.3605326e-06,2.6032716e-06,-6.6548926e-06,-3.4979654e-06,-3.3368127e-06,6.4446507e-06,-6.5331809e-06,1.126032e-06,1.1119875e-05,3.2901772e-06,1.0484306e-05,-4.3927655e-05,-1.4595052e-05,2.5908484e-06,7.04127e-06,-6.4180079e-07,3.6579813e-06,3.0161298e-06,-2.1019604e-06,5.4394341e-06,1.0194248e-05,2.5187355e-05,-7.698972e-06,5.5518089e-06,1.6631769e-05,7.6293771e-05,-3.9925295e-06,2.5866243e-06,2.7306526e-05,1.2931428e-05,8.9465462e-06,2.0309612e-07,-6.6335131e-06,-1.9972585e-05,7.9785944e-07,-2.1686014e-05,3.394733e-05,3.6880235e-08,-2.1657434e-05,9.6317001e-07,-2.0036804e-05,-5.7776938e-06,3.1734455e-06,7.6774944e-06,-3.8880785e-05,-4.8551834e-05,2.2512372e-05,-1.3722537e-05,-4.2812111e-05,-0.00017686421,8.5328031e-06,-7.9875108e-06,-7.7174098e-05,-5.2595403e-05,-2.6451981e-05,-1.7413726e-05,1.8296748e-05,5.6568882e-05,-3.0583404e-06,4.7835704e-05,1.7620439e-05,-7.949488e-06,-4.4676161e-06,1.5378339e-06,4.4487667e-06,7.723575e-06,1.4748763e-06,-1.3927544e-06,3.9782426e-06,1.2426389e-05,2.3150284e-05,-3.8281877e-06,5.6900922e-06,1.0040647e-05,3.7788577e-05,1.2806721e-06,-5.3896e-06,1.1939861e-05,7.4775667e-06,1.0413902e-05,-1.0030934e-05,-1.2349708e-05,-1.2032371e-05,1.1710892e-06,-1.2068306e-05,-9.5488117e-05,0.00012517159,-7.7440281e-05,1.610168e-05,2.2678596e-05,-3.2934054e-05,-2.3045393e-05,-1.7337432e-05,3.8502328e-06,4.2779495e-06,-4.8954746e-07,-3.3855044e-05,-4.3804135e-05,-1.7495133e-05,-2.1436169e-05,-3.4031843e-05,-0.00014222576,3.1762076e-05,1.4935204e-05,-8.026465e-05,-1.166076e-05,-2.7884335e-05,1.9964214e-05,6.1999093e-05,1.5800563e-05,1.4331363e-05,4.1266441e-05,1.0265306e-05,-1.2818483e-05,1.7719929e-05,-6.2693481e-06,5.768239e-06,3.9833947e-05
"63",-0.0019786074,-9.141467e-05,4.4476405e-05,-7.7518922e-05,-0.00042789686,-4.2955697e-05,3.6395913e-05,2.8818108e-05,3.4457285e-05,-0.00022941934,-2.7773826e-05,0.00045489729,0.00062337655,-0.0077016968,-6.7299641e-05,3.5478802e-05,0.00013228928,0.00019271239,0.00050441879,-0.0001250273,1.5539535e-05,2.708679e-05,-0.00016956519,2.279383e-05,0.00022770455,5.2029521e-05,-3.4685832e-05,-0.00023401156,0.0001246758,0.00017825264,-9.1101981e-05,0.00010336358,-9.0047652e-05,-0.00016201743,0.00024510219,-2.5763583e-05,3.6821933e-05,-1.407604e-05,2.7829461e-05,-7.575669e-05,-0.00044333912,-0.00019719247,-0.00057379021,0.00018256204,-4.1303091e-05,-4.4694848e-07,-0.0002224157,-0.00017595784,1.7468007e-05,-8.8335668e-05,4.1792058e-05,0.00028894515,-0.00041991056,-0.0003692978,0.00032665733,2.9978956e-05,2.638727e-05,-7.6868465e-05,-0.000529187,-0.00017857974,1.6574948e-05,1.7620439e-05,0.007307508,0.0010103777,-0.00062638739,0.00016924649,0.00014897965,0.00099454482,-0.00016427637,2.1079976e-05,0.0017576005,-0.0010019359,0.00083021965,0.00059502577,5.241602e-05,-0.00030357976,-8.6019576e-05,0.00040663471,-0.0012185683,-0.00087789758,-0.0015553172,7.377676e-05,-0.0019783338,-0.00094165293,0.0007731194,-0.00016841865,-2.3287531e-05,-0.02388733,0.03290891,-0.015789837,-0.0070457787,0.0017903537,-0.0036007412,-0.0040493698,0.0012845332,0.002014483,-5.9227525e-05,-0.0062630853,0.0028991716,-0.00021661939,-0.0055139408,-0.0014751036,0.0019566198,0.003550712,0.0055170322,0.0046631687,-0.0037518119,0.0092167526,0.0014014204,0.0099570582,0.0048518735,-0.0064814178,0.0046185463,-0.00021945133,0.00188919,-0.0027577022,0.0040289047,-0.002062339,0.0010327386,0.0074580904
"64",-0.00027219341,-4.2812962e-05,-4.7270909e-06,-5.598562e-05,-2.2191448e-05,-1.5771897e-05,-2.8899843e-05,2.76636e-06,4.0383828e-05,-4.179109e-06,-7.2710714e-05,0.00018136123,-0.00011044351,-0.00059145509,0.00028139484,-5.1057295e-05,9.5551827e-05,8.1889281e-06,6.1057818e-05,-2.6070859e-05,8.2632374e-06,2.1637404e-05,-6.2530006e-05,6.0464885e-06,1.4130214e-05,-1.0569849e-05,-3.4837015e-05,-9.075664e-05,4.9303435e-05,4.6165927e-05,-7.6185216e-05,5.5060154e-05,-2.0932936e-05,3.7052087e-05,9.0530246e-05,-9.9881187e-06,1.3539214e-06,4.8283364e-06,-0.00044378874,6.9755779e-05,-0.00018143101,1.076508e-06,-2.7938908e-05,2.902672e-05,-1.4265654e-05,-6.5036364e-05,-0.00010993421,-0.0001177805,2.8196217e-05,-3.9215783e-06,6.9849253e-05,0.00011013353,-9.1652155e-05,-3.1619512e-05,0.00018596499,-2.1186695e-05,3.1458468e-05,-8.0118489e-05,-0.00012381496,-2.6722908e-05,-2.2648512e-05,-7.949488e-06,0.0010103777,0.001059424,-0.00021203361,9.9698485e-05,-2.0936627e-05,7.7577493e-05,-2.5178758e-05,1.6394806e-05,0.0003208628,-0.00017254217,0.00013626484,-4.426215e-05,-6.9302367e-06,-0.00015096181,-9.9676936e-05,0.00010137404,-0.00016363112,-0.00036082919,-0.00013781111,-1.4010925e-05,-0.00023057348,-4.0771376e-05,-5.4797277e-05,2.0193264e-05,1.0138789e-05,-0.0032593473,0.0045801182,-0.0021375752,-0.0026817114,0.00045016259,-0.00072980777,-0.0004659716,0.00029679633,0.0002485014,-3.2209995e-05,-0.0010552296,0.00045341044,-0.00010220632,-0.00047751088,-0.00015686955,0.00049129194,0.00066576271,0.00059524044,0.00061855726,-0.00010308651,0.0010810458,0.00026591042,0.0013010231,0.00041910101,-0.000545597,0.00053056856,-5.730999e-05,0.00025035773,-0.00038218888,0.00058398724,-0.00029569152,0.00013663081,0.00095684643
"65",0.00022106992,2.0810185e-05,1.5743374e-06,7.0594577e-05,4.743085e-05,-2.4482699e-05,-1.613199e-05,-2.2341392e-05,4.6258588e-06,4.1910636e-05,-0.00012988269,0.00013876869,-0.00055734979,0.0017496914,-6.7614525e-05,0.00052635989,-3.7338191e-05,-3.4094782e-05,-4.9536133e-05,4.0481947e-05,-3.751517e-06,-2.4466971e-05,7.4783604e-05,1.0250036e-05,-7.4945135e-06,-5.6761967e-06,-1.5320884e-05,3.887716e-05,-6.8205028e-05,-9.3127744e-05,1.5948417e-05,-6.510586e-05,-2.578298e-05,2.3000351e-05,-2.4784645e-05,9.1167455e-05,-1.0685421e-05,4.9409767e-07,0.00017590345,-0.00074537567,0.00014419387,6.6732758e-05,6.8184411e-05,-6.4985267e-05,1.6300006e-05,-4.9940307e-05,-6.9680464e-05,0.00010341726,-5.6080989e-05,1.1916187e-05,-3.0015284e-05,-3.9693814e-05,8.2769659e-05,9.5569962e-05,-6.5951292e-05,0.00012884451,3.0098254e-05,7.0685896e-05,3.4298419e-05,-0.00015253326,3.4925967e-05,-4.4676161e-06,-0.00062638739,-0.00021203361,0.0015513062,2.3699541e-05,-3.0173927e-05,5.2788091e-06,9.3765142e-05,-6.4144222e-06,-0.0001059158,0.00017830244,0.00011812625,4.103411e-05,-2.1317721e-05,-5.0849593e-05,-2.0037229e-05,-8.6949634e-05,-5.5794964e-05,3.8520648e-05,6.0192772e-05,-8.0690995e-05,0.00020258886,7.2123842e-05,0.00023528028,2.8114157e-05,-5.8414031e-07,0.0022728603,-0.0035365469,0.0013089418,0.00097968911,-0.002837343,0.00034409571,0.0004977123,-0.0001920143,-0.00039309894,3.2100597e-05,0.00050543077,-0.00051589438,-0.00022176965,0.00035669115,0.0001916744,-0.00011531758,-0.00028828787,-0.0002906151,-0.00021771583,0.00037806019,-0.00067855656,1.2137372e-05,-0.001028837,-0.00046993904,3.5241124e-05,-0.00043203711,1.6104244e-05,-0.00019965674,0.00030062732,-0.00045996643,0.00019349667,-7.6356461e-05,-0.00069311326
"66",-0.00022503002,-3.8928065e-05,2.3273287e-05,-4.6493711e-06,-1.9780526e-05,-7.9443446e-05,2.8366827e-05,1.4330979e-05,1.3220814e-05,-5.6327322e-05,-0.00059647932,0.0009328841,-0.0014473126,0.0026551089,8.2975178e-05,6.9268836e-06,0.00064664647,-1.4711683e-05,-2.3778487e-05,2.0627263e-06,7.2646223e-06,0.00011412643,-2.6737668e-05,-4.6789593e-05,-6.1039617e-05,1.9084198e-05,-3.2859496e-05,-8.715156e-05,4.6662982e-05,3.4395188e-05,-3.0088407e-06,4.6959413e-05,-4.3586722e-06,-0.00010017602,4.5771374e-05,0.00032372262,5.8414252e-06,5.4830761e-08,-0.00010312632,4.2355248e-05,-0.0010170952,1.4991857e-06,-3.1086218e-05,-8.96464e-06,-2.6947267e-07,-0.0002343561,5.9621633e-05,-0.00016570351,8.2176764e-05,-3.0362419e-05,6.0596285e-05,0.00016188959,-0.00010880672,-4.1350622e-05,-4.5850802e-05,-0.00017018465,-1.552566e-05,0.00020541464,2.6637736e-05,-0.00054811202,4.4086162e-06,1.5378339e-06,0.00016924649,9.9698485e-05,2.3699541e-05,0.0016157048,8.0928496e-05,5.0724706e-05,4.7669334e-05,1.2605352e-05,0.00016226331,-0.00011425638,-4.8409328e-05,-0.00018259511,1.3796863e-05,-6.4599781e-05,-8.1192553e-05,8.8378329e-05,-4.2283983e-05,-1.9850571e-06,-7.0228413e-05,3.4668572e-05,-0.00016304312,-6.1028774e-06,0.00073878457,-9.7271327e-07,-5.030629e-06,-0.0009908356,0.0010548724,-0.00083655861,-0.00052055365,5.8714728e-05,-0.0032041293,-0.00027920149,4.2379764e-05,-3.2019654e-05,-1.7320973e-05,-0.0005117244,0.00044423383,-5.1969028e-05,0.00018781704,-0.00013889367,0.00017168669,0.00042784383,0.00023537518,0.00021424185,-0.00023828347,0.00021012447,2.4171009e-05,0.00066270409,0.00021589335,-0.0016470364,0.00020381657,-3.7051163e-06,0.00010837235,-0.00015787337,0.00023628043,-3.7611524e-05,5.1612535e-05,0.00038088598
"67",4.505671e-05,-2.0404768e-05,4.2323653e-05,5.2048386e-05,1.9292474e-06,-4.9697272e-05,1.6566728e-05,7.0208731e-06,-2.5287604e-05,3.6272683e-05,-4.6139807e-05,8.8924765e-05,-0.00016049671,0.00027283222,1.5974524e-05,2.451846e-06,-9.40367e-06,0.00057952729,0.00031748996,-2.0441649e-05,-8.9384993e-06,-0.00014795209,6.311369e-05,-0.00012539316,0.00013562121,-2.22195e-05,2.1266197e-05,-9.8548527e-05,4.88757e-05,3.6899832e-05,-5.1610106e-05,4.5245415e-05,2.0574437e-05,7.7586097e-05,6.4811942e-06,-1.3560353e-05,2.4832387e-05,-2.2059e-06,1.6376585e-06,-6.7117716e-06,5.7226286e-07,-0.00082419749,-0.00045390401,6.8871846e-05,7.4846122e-06,0.00011714799,1.4194409e-05,2.5180583e-05,-4.5959157e-05,-5.8650231e-06,-2.1032905e-05,0.00013338109,-9.0574746e-05,-7.2470036e-05,1.9852607e-05,-0.0001176234,-3.005657e-05,-2.4655893e-05,-2.5358049e-05,6.4847224e-05,-2.5592568e-05,4.4487667e-06,0.00014897965,-2.0936627e-05,-3.0173927e-05,8.0928496e-05,0.0015649209,0.00077571548,-0.00011628314,-8.8058145e-06,2.3047341e-05,-1.7007232e-05,-1.2941407e-05,0.00019273857,-1.0959114e-05,3.6936235e-05,-0.00024804059,-2.8888187e-05,-9.3980135e-05,-0.0001069622,-2.850824e-05,-0.00010385074,-2.5790496e-05,9.3731335e-05,0.00015368689,5.4355721e-05,3.9620822e-06,-0.00077042617,0.00031530468,-0.00089030731,-0.00016820228,6.3264584e-05,-0.00028934223,-0.002892109,-0.0012490249,0.00026872206,2.3527673e-05,-5.4603845e-05,0.00029172655,0.00012386538,-0.00031392539,-8.791191e-05,-7.4269287e-05,0.00062508537,0.00038950896,6.7144907e-05,7.6770503e-05,6.5633006e-05,0.00019650393,0.00013572551,-8.8551253e-05,-0.00030664354,3.1175466e-05,-9.7747304e-06,2.8213969e-05,-2.7327043e-05,1.7580512e-05,-3.6272964e-05,6.0604311e-05,0.00029998056
"68",-0.00029181722,-2.4217657e-05,2.4881874e-05,1.150008e-05,-2.9157928e-05,-1.3122113e-05,3.3809976e-06,-1.0342017e-05,3.9667248e-05,-4.7042537e-05,-4.7366228e-05,0.00015746827,-3.8563046e-05,-0.00057862275,-3.4801639e-05,4.2839558e-05,-2.3955641e-05,0.00032597671,0.00082290731,-5.1173642e-05,-2.655582e-06,-8.29388e-06,2.2564959e-05,-0.00041212586,0.00012861907,2.5964088e-06,2.0640249e-05,-0.00016213137,5.192707e-05,9.98928e-05,-6.5069507e-05,0.00019602481,-2.9249006e-05,-8.7409585e-06,7.6626162e-05,-8.9484251e-05,-4.2829363e-07,-4.6946503e-06,6.1063316e-05,-7.5525232e-05,-3.3244718e-05,-0.00046551991,-0.0012332092,9.1153109e-05,5.0836218e-06,-7.1890368e-05,1.5565629e-05,0.00037890806,-0.00015977458,-1.5222097e-05,-3.9359672e-05,0.00022044879,-3.3838148e-05,-0.00012924483,4.1645769e-05,-0.00026437379,3.2808668e-05,7.2228184e-05,-0.00026383668,7.6918873e-05,3.1150758e-06,7.723575e-06,0.00099454482,7.7577493e-05,5.2788091e-06,5.0724706e-05,0.00077571548,0.002304003,-0.00013639255,-7.4490226e-06,0.00025116084,-0.00014917492,-0.0008759587,0.00030923109,-2.0673906e-06,2.1040891e-06,-0.00032005235,-4.0660824e-06,-0.00017489139,-0.00012244563,7.1090044e-05,-0.00019517508,-0.00034904263,-0.00015188315,3.2683066e-05,-2.1800425e-05,1.6423928e-06,-0.0034592549,0.0045780068,-0.0027267644,-0.00097992861,2.1604142e-05,-0.00063320685,-0.0019951877,-0.0037891319,0.00052717202,9.1842061e-06,-0.00090745048,0.00063195011,0.001868666,-0.0010781504,-0.00025007978,0.00016278165,0.0012099977,0.00099071389,0.00049900723,-0.00067366247,0.00067639557,0.00067612555,0.0014706135,0.00058339944,-0.00081486516,0.00068458534,-3.9203496e-05,0.00029984238,-0.0003995584,0.00057962314,-0.00030777185,0.00016295468,0.0012278419
"69",6.3258901e-05,-4.2997932e-06,-1.0836753e-05,9.3210748e-06,-2.672186e-05,6.3598864e-06,-2.4158149e-06,-2.8822826e-05,-5.9556134e-06,5.1029721e-05,-0.00032514381,0.00051360326,-0.0010176948,0.0019931222,2.7675519e-06,2.495969e-05,1.8027344e-06,-2.2683269e-05,-4.608044e-05,0.00013697253,-2.058769e-05,4.7988613e-05,0.00010093183,-6.4986194e-05,-3.928329e-05,3.7505619e-06,6.3002091e-07,8.7970729e-06,6.9856595e-06,-2.28356e-05,2.2015905e-05,-2.8746901e-05,-3.6680024e-05,2.9733654e-05,1.4872891e-05,2.3263632e-05,-4.7575962e-06,2.452127e-07,6.8466323e-06,-4.3083366e-05,-4.9079441e-06,7.1078096e-05,7.1045938e-05,-0.00022232248,3.1414772e-05,-0.00012251445,-0.00011559551,6.30622e-05,0.00011037215,-4.551824e-06,-4.7023515e-06,-2.8512415e-05,3.2394032e-05,3.6557663e-05,-5.1408489e-05,2.131089e-05,1.2126525e-06,-1.9498521e-05,-5.5167589e-05,-2.471178e-06,-9.2518829e-06,1.4748763e-06,-0.00016427637,-2.5178758e-05,9.3765142e-05,4.7669334e-05,-0.00011628314,-0.00013639255,0.00040302103,-5.9408742e-05,0.00014088858,0.00020086836,-0.000201187,-0.00014377138,2.1569635e-06,2.2062361e-05,2.8001166e-05,4.8567151e-05,2.8592998e-05,0.00010120655,-8.4976786e-05,-4.4689356e-05,0.0001426073,6.0546093e-05,5.7950032e-05,2.4049026e-06,9.1675913e-08,0.00056361788,-0.00068415511,0.00042692168,0.00015518896,-0.00019222117,-1.0810145e-05,0.00032531936,0.00019095166,-0.00079098583,0.00010965129,-0.00022288664,-0.00034942729,0.00035656405,0.0003957298,3.7953226e-05,-6.3732557e-05,-0.00014471996,-0.0001949344,-5.4666927e-05,-6.3718317e-05,-8.1130546e-06,3.436194e-05,-0.00035894508,-0.00021698862,9.1762978e-06,-0.00010836373,5.0188582e-06,-5.229017e-05,7.0794621e-05,-7.5288985e-05,5.3560132e-05,-1.849977e-05,-0.00019557385
"70",-7.4301122e-06,-3.3993099e-06,4.3588496e-06,-2.9241221e-06,9.111115e-07,1.9262252e-06,2.082998e-06,8.3072252e-06,4.1851014e-06,1.2343755e-06,1.1504729e-05,-4.2310302e-05,4.554007e-05,-9.877546e-05,4.3970753e-06,-1.1744808e-06,7.7655778e-06,-8.7886441e-06,-3.9309287e-06,-1.9906362e-05,8.6630025e-06,2.7487471e-06,-4.2735493e-06,7.1009971e-06,-2.7309807e-05,-1.584505e-06,-9.2921091e-07,-4.6802816e-06,-2.667881e-06,3.6223304e-06,-4.6832327e-07,1.8203065e-07,-6.2638861e-07,6.025172e-06,5.4764523e-06,-8.1578144e-06,1.1335034e-06,6.0711558e-07,-9.416325e-06,8.5471063e-06,-2.6103413e-06,8.2035774e-06,9.4568309e-06,3.0523724e-05,-1.1932809e-05,1.3287782e-05,1.4491101e-06,-1.3460914e-05,3.0770188e-05,3.4873364e-06,2.8798805e-06,5.5017252e-06,-1.2048526e-06,-3.2943051e-06,9.5825895e-06,8.2003704e-06,1.7217577e-06,-9.2694168e-06,5.9888751e-06,9.1715344e-06,1.8828396e-06,-1.3927544e-06,2.1079976e-05,1.6394806e-05,-6.4144222e-06,1.2605352e-05,-8.8058145e-06,-7.4490226e-06,-5.9408742e-05,2.5274365e-05,4.9360725e-06,1.9077394e-06,1.0990243e-05,-5.1509682e-05,-1.6510423e-06,-4.5817674e-06,-1.0210599e-05,-1.1426305e-05,-6.6414613e-06,-1.1507871e-05,5.8083482e-06,-2.8531436e-06,-7.115096e-06,4.3634846e-07,-2.3542966e-05,-7.9990589e-06,1.768916e-06,-4.6001067e-05,7.8673013e-07,1.8738285e-06,-2.7602081e-05,2.0016619e-05,-2.0609851e-05,1.7910053e-05,5.861877e-06,0.000110668,-4.5598713e-05,-6.5226098e-10,-1.8431361e-05,-3.3429445e-05,9.9294249e-05,2.4188871e-06,9.9559585e-06,2.7871726e-05,2.177246e-05,1.994567e-05,2.218458e-05,-3.608197e-06,3.7707184e-06,6.4590098e-06,4.8383338e-06,3.4778676e-05,9.7849607e-06,-3.5155036e-06,5.5444487e-06,-6.667385e-06,1.0115396e-05,-8.2375624e-07,4.362449e-07,-7.4887311e-06
"71",-0.00064411549,-4.0381312e-05,-6.7204846e-06,-0.00010578956,-0.00010786567,9.8704875e-05,2.3150134e-05,7.3802509e-06,-0.00010940655,-0.00012161965,-0.00038560884,0.0008115225,-0.0011660268,6.9301477e-05,6.0580327e-06,-2.3609477e-05,0.00015822628,-0.00010646867,0.00010494402,1.5908784e-05,5.7457455e-06,0.0008452885,0.00015055798,7.4810129e-05,-5.8765581e-05,2.5491678e-05,-5.2526233e-05,-7.2110087e-05,-2.6982033e-05,0.00013015317,6.9865845e-05,9.9056815e-05,6.2610621e-05,-1.9050753e-05,0.00012578051,-4.3084132e-05,-1.6762727e-05,-8.6657579e-06,-1.8113992e-06,-3.4264096e-05,-0.00035208393,6.6261562e-05,-0.00022550899,-7.0734384e-05,5.4505797e-06,-0.0012176175,-0.00031436218,-4.1762104e-05,0.00028802588,-7.6426452e-05,8.7367101e-05,0.00014165262,-4.6266273e-05,-9.1937219e-05,-5.5778264e-05,-0.00012384,2.2885554e-05,4.1268176e-05,-0.00026141033,-4.0857534e-05,6.0703643e-06,3.9782426e-06,0.0017576005,0.0003208628,-0.0001059158,0.00016226331,2.3047341e-05,0.00025116084,0.00014088858,4.9360725e-06,0.0025371781,0.00031990684,0.00038818778,-4.8929781e-05,1.8495999e-05,-0.00014817189,3.9240472e-05,0.00022357012,-0.00011494214,-4.6189934e-06,-0.00032662307,0.0001643729,-0.00037950092,-0.00010928135,5.8304583e-05,-6.1883477e-05,-4.4861418e-06,-0.005360628,0.0092037726,-0.0030265874,-0.0017700918,0.00046087383,-0.0010261234,-0.00093629887,9.4121613e-05,0.00018996528,-1.0593694e-05,-0.0055249631,-0.00040163561,-1.8999557e-05,-0.00085727748,-0.00037544912,0.0007208069,0.0008224267,0.00072977405,0.0010040819,-0.0013298694,0.002099665,-2.1657617e-05,0.0024051414,0.0009193811,-0.0013660964,0.0010624809,-5.7706608e-05,0.00049363221,-0.00075546171,0.0011735965,-0.00056757368,0.00018137952,0.0015110837
"72",0.00025921617,-4.0898475e-05,1.6335797e-05,1.7051699e-05,0.00010736264,4.2850822e-05,-6.3902621e-06,2.6080498e-06,-3.720054e-06,0.00015228105,-0.00038708913,0.0003159723,-0.0012953957,0.0027484108,-1.3620785e-05,5.0225714e-05,-5.1159178e-05,6.2322914e-05,-2.0396648e-06,0.00010207813,-5.1742287e-06,0.0001814743,0.0016651978,6.2045052e-05,4.2666477e-05,-3.7334438e-05,-5.5599953e-05,0.0001356161,-0.00018359286,-8.1981745e-05,6.9844425e-05,-7.0408796e-06,4.1274128e-05,-4.4272053e-05,-8.4364511e-05,0.00011439915,-1.1412912e-05,-6.7674322e-06,-0.00010121569,-7.7897952e-05,0.00016834269,2.4125777e-05,8.4739224e-05,-0.00013303787,4.306707e-06,-0.0002632904,-0.0022652261,-9.8329282e-05,2.7943687e-05,8.1589156e-05,8.2022261e-05,-0.00026085109,0.00022364631,4.8318708e-05,1.5885894e-05,3.9898276e-05,-8.1606298e-06,0.00020160193,0.00010733476,-9.771595e-05,-1.2228618e-05,1.2426389e-05,-0.0010019359,-0.00017254217,0.00017830244,-0.00011425638,-1.7007232e-05,-0.00014917492,0.00020086836,1.9077394e-06,0.00031990684,0.0042899025,3.2938214e-05,-4.9346286e-05,1.8555143e-05,-2.9327681e-06,0.00025234609,-5.1482613e-06,0.00021055328,0.00018664458,0.0002801587,8.3835703e-05,0.00018360549,0.00014231598,-8.9902986e-05,5.8061318e-05,-9.2679426e-06,0.0035275263,-0.0043414089,0.0024311112,0.00098184047,-0.00043895306,0.00088546247,0.00071993435,-4.6404641e-05,-0.00053982151,-2.0650478e-05,-9.9691199e-05,-0.0077734021,-0.0001382478,0.00076121058,0.00019531528,-0.00012722811,-0.0011687307,-0.00069996481,-0.00057449263,0.00048582434,-0.0013986144,-0.00035135475,-0.00097665458,-0.00058072091,0.00082676651,-0.00068274862,5.6566423e-05,-0.00025448637,0.00033331117,-0.00039715435,0.00024863849,-0.00011776777,-0.001355975
"73",-0.00033457106,2.0195368e-05,6.6581973e-05,3.6905762e-05,-0.00010116448,-0.00016230709,9.3120734e-06,2.028944e-06,7.3042056e-05,2.7114492e-05,0.00030324832,-0.00025803745,0.00089354625,-0.0027459091,3.2768652e-05,6.1155048e-05,1.8503856e-06,4.4504446e-06,-0.0002819899,-9.8733425e-05,7.2971043e-06,0.00014190906,6.4499005e-06,0.021801625,6.5627429e-05,1.2387321e-05,-5.0115784e-05,-5.9569518e-05,0.00023472395,0.00014177673,-0.00013231854,-7.9087874e-06,1.0444588e-05,-0.00012039405,-0.00014026255,-3.4892164e-05,-1.2418335e-06,-1.1212719e-05,-4.9060335e-05,-4.1002589e-07,-0.00018968944,-2.3401347e-05,0.00045073208,9.1848472e-05,-2.071702e-06,-1.0955645e-05,-3.0988209e-05,-0.013091758,0.00015512459,-8.381362e-05,9.3349501e-06,0.00014364382,-5.3803993e-05,-2.0426308e-05,0.00021829579,-6.0932822e-05,-0.00023309602,4.7667193e-05,0.00022766979,-1.2487561e-05,3.7623143e-05,2.3150284e-05,0.00083021965,0.00013626484,0.00011812625,-4.8409328e-05,-1.2941407e-05,-0.0008759587,-0.000201187,1.0990243e-05,0.00038818778,3.2938214e-05,0.044115007,0.00010896539,9.6383259e-05,-0.00020820611,-0.00015885073,0.00020274773,0.00010061947,-0.00033759771,-0.00031407532,4.6194856e-05,-0.00034738186,-0.00063047205,-0.00017900486,-0.00013422382,-3.3564426e-06,-0.0032223666,0.0045195495,-0.0024819263,-0.00095250015,-0.00014442258,-0.00043375281,-0.00039841005,0.0021853261,0.00062249234,-2.6053959e-05,-0.001011361,0.00024083355,-0.0780456,-0.0011572253,-0.00038078541,0.00062608062,0.00083944614,0.00075337832,-1.5107834e-05,-5.3091974e-05,0.0013945917,8.5756793e-05,0.0016520153,0.0017438548,-0.00035642469,0.00079674667,-2.515026e-05,0.00021573878,-0.00040029978,0.0005353417,-0.00026057709,0.00016700859,0.0012310168
"74",-8.0991705e-05,3.6132411e-05,-8.3160451e-06,-5.2279649e-05,-1.21466e-05,-2.1959405e-05,-1.1309635e-05,-4.7736003e-05,-5.7665046e-06,2.5550055e-06,5.0275007e-05,-0.00028038162,0.00024557214,-0.0013464454,-4.1568465e-05,5.2270151e-05,-6.0152026e-05,0.00016813506,0.00016610625,-6.6751168e-05,-2.1708153e-05,-0.0001254326,-8.3492176e-06,8.9296967e-05,0.000985941,2.7661321e-05,-3.2576765e-05,4.3767188e-05,9.9904086e-06,-1.2847903e-05,0.00011016727,5.1749428e-05,5.94802e-05,-0.00010102525,-8.5506852e-05,1.5885376e-07,-5.6076901e-05,1.0955118e-06,2.8170984e-05,-0.0001134377,5.7516303e-05,-0.00015601544,-0.00018028966,0.00013522662,2.3987826e-05,0.00023551185,-3.7630746e-06,-0.00047175784,-0.0017611549,8.070906e-06,5.267135e-05,6.7453252e-06,-4.0951683e-05,-2.7898029e-05,-0.00013746433,-7.5919356e-05,-5.0677294e-05,7.905661e-05,0.00014649592,-1.3497529e-05,0.00013813704,-3.8281877e-06,0.00059502577,-4.426215e-05,4.103411e-05,-0.00018259511,0.00019273857,0.00030923109,-0.00014377138,-5.1509682e-05,-4.8929781e-05,-4.9346286e-05,0.00010896539,0.0032719987,-9.4734273e-06,-8.6722355e-05,-1.0431106e-05,1.1721798e-05,-0.00012239352,0.0003308054,-8.4981197e-05,9.1447037e-05,-0.00025635644,-0.0002926402,0.00019639932,-0.00011940187,-5.2429276e-07,-0.0021212335,0.0033019414,-0.0016478642,-0.00041585609,-6.2745588e-05,2.7335824e-05,-0.00063491523,-9.3278507e-05,0.00046961686,9.3055848e-05,-0.00011275384,0.00028200925,-0.00023286701,-0.0068453749,-0.0001428788,0.00031760044,0.00034115385,0.00053540218,0.00039731062,-0.0011704409,0.00083507921,3.4975755e-05,0.0010645365,0.00086282989,-0.00073667475,0.0006741821,-2.628176e-05,0.0001905945,-0.00023707844,0.00033153809,-0.000212352,0.00011052973,0.00075190579
"75",-5.5913783e-05,4.5075309e-06,8.6322439e-06,3.2396373e-05,2.395948e-05,-2.7151775e-06,-4.1244759e-06,2.7101479e-05,6.1504043e-06,4.0853857e-05,-0.00011471444,0.00021176035,-0.00053438957,0.00099162458,-1.7170518e-05,-3.4070432e-06,4.8362745e-06,-3.2923665e-05,-6.5336171e-06,5.1993062e-06,-2.3707453e-06,4.7764001e-06,-2.6334812e-05,8.4857559e-05,2.597002e-05,8.0163166e-05,-1.9830823e-05,-6.7280597e-07,-1.0635776e-05,1.4946691e-05,-4.0799116e-06,2.8673651e-05,2.0884184e-06,-4.0308874e-05,-1.1407339e-05,-2.3321031e-05,-8.1081382e-06,-3.4259647e-06,1.7127111e-05,5.5196216e-06,5.3314319e-06,1.4731176e-05,-1.0897084e-05,-1.3145252e-05,7.3113624e-06,-3.2988983e-05,3.3367256e-05,-5.7155572e-05,1.5875705e-05,-0.00013332265,2.1986744e-05,-2.0586063e-05,-3.4684125e-06,-1.4628855e-05,2.4980383e-05,-3.4903585e-05,5.476469e-06,4.6663834e-05,2.7906107e-05,2.4934227e-05,-1.0183469e-06,5.6900922e-06,5.241602e-05,-6.9302367e-06,-2.1317721e-05,1.3796863e-05,-1.0959114e-05,-2.0673906e-06,2.1569635e-06,-1.6510423e-06,1.8495999e-05,1.8555143e-05,9.6383259e-05,-9.4734273e-06,0.00026989836,-3.8188331e-05,2.5355286e-05,1.494708e-05,-3.0713087e-05,8.1786349e-06,2.144768e-05,5.9215727e-06,-3.7642366e-05,-8.0129009e-06,-2.9079098e-05,-5.7035628e-06,-6.4081485e-06,-0.00034121893,0.00034340823,-0.00031044923,-6.5366923e-05,8.4687949e-05,-9.8207854e-05,-6.7299917e-05,2.9951703e-05,1.8823605e-05,7.9284061e-06,-0.00012709008,1.3661869e-05,-0.00012255294,-8.5622422e-05,-0.00052937218,7.9611016e-05,-1.1820577e-05,9.9939183e-05,3.1938504e-05,-0.00011237675,1.1560319e-05,1.0993898e-05,0.00019886998,8.062726e-05,1.6720075e-06,5.5679188e-05,8.3757873e-06,1.5540572e-05,-2.2185881e-05,7.6587375e-06,-2.4274874e-05,2.1656417e-05,0.00010718342
"76",0.0001028306,1.4415147e-05,4.0976607e-06,2.0837022e-06,3.0870091e-05,-1.2600004e-07,-1.1608147e-05,-9.8286336e-06,-5.185413e-07,7.1514809e-07,7.9150652e-06,2.4086726e-05,-0.00021099999,0.00058995428,-4.2604755e-05,-2.0087304e-05,-3.1525518e-05,1.1953492e-05,1.6051222e-06,1.0141584e-05,-3.248725e-06,-4.0841444e-05,-4.8951818e-05,-7.9671468e-05,-1.8943049e-05,-1.8223558e-05,8.2684598e-05,2.3998666e-05,-4.9285414e-06,-4.0572133e-05,-6.0863714e-06,-1.8626813e-05,-5.681155e-06,-1.0374788e-05,-1.1560652e-05,8.3344527e-05,-2.0419688e-06,-5.0358932e-06,5.579179e-05,1.9011606e-05,5.1843847e-05,-2.6444e-05,-2.521312e-05,-1.7560412e-05,3.9170454e-06,6.7571191e-05,0.00010165157,7.6465245e-05,6.9593816e-05,1.6112757e-05,-0.00012268916,-4.3906159e-05,2.4690488e-05,7.2199314e-05,5.6833281e-07,-1.0141084e-05,-2.4341043e-05,-6.9302278e-06,3.0007201e-05,-9.2611271e-05,-2.7420022e-06,1.0040647e-05,-0.00030357976,-0.00015096181,-5.0849593e-05,-6.4599781e-05,3.6936235e-05,2.1040891e-06,2.2062361e-05,-4.5817674e-06,-0.00014817189,-2.9327681e-06,-0.00020820611,-8.6722355e-05,-3.8188331e-05,0.00023928309,7.9804184e-05,-9.6859171e-06,1.2352305e-05,2.6036292e-05,8.8873427e-05,1.921198e-05,8.4593621e-05,4.7117002e-05,0.0002490455,1.7785733e-05,-1.3883812e-05,0.0010582464,-0.0015263448,0.00072106263,0.00051683064,6.4167453e-05,0.00026105108,8.7609305e-05,-0.00017025156,-0.00011118207,8.2159727e-06,0.00047076601,1.1546409e-05,0.00035036317,0.00041174391,0.00012745528,-0.00048933719,-0.00027011272,-0.00025474507,-0.00010457717,0.00022040732,-0.00043725622,-0.00011008508,-0.00051028896,-0.00022622072,-0.0001845996,-0.00021208212,3.744923e-05,-8.6526958e-05,0.00012459339,-0.00018247463,9.4055449e-05,-4.9246521e-05,-0.00032632863
"77",6.2250339e-05,-1.2911972e-05,3.9283787e-06,-3.5672719e-05,3.2720988e-05,3.7256067e-05,-2.7970132e-05,-2.1361957e-05,-3.3369713e-05,-7.9834501e-05,-0.00011469398,0.00011130808,-0.00060001959,0.00082182971,-5.6834016e-05,1.2976008e-05,-8.9074196e-05,-0.00010176745,-0.00015352786,1.1193321e-05,-4.2092355e-06,-1.4084369e-05,0.00011307699,4.6991501e-05,5.3937568e-05,-5.8833451e-06,2.312027e-05,0.00055620945,4.4075263e-05,-3.1369776e-05,0.00017073653,-8.4699909e-06,-1.159619e-05,-1.0420729e-06,-7.4739799e-05,-0.00012168784,-2.8377595e-05,-2.6964999e-05,7.868971e-05,1.5649036e-05,0.00015124063,0.0001381326,0.0002090377,-4.1126597e-05,6.0882628e-06,6.8066716e-05,-0.00023113716,0.00012318625,1.0847765e-05,-5.0334725e-06,-4.2904614e-05,-0.00080804996,-9.5047404e-05,9.1971505e-05,-0.00017628424,6.623745e-05,8.6943433e-05,1.7596687e-05,0.00014921583,0.00019521331,4.5893776e-05,3.7788577e-05,-8.6019576e-05,-9.9676936e-05,-2.0037229e-05,-8.1192553e-05,-0.00024804059,-0.00032005235,2.8001166e-05,-1.0210599e-05,3.9240472e-05,0.00025234609,-0.00015885073,-1.0431106e-05,2.5355286e-05,7.9804184e-05,0.0014601305,5.832307e-05,3.2803702e-05,0.00033986208,9.7399252e-05,4.1487668e-05,9.3682238e-06,-0.00027686249,-0.00020126164,-2.5786211e-05,-6.2165885e-05,0.00082829275,-0.00093079183,0.00078364141,0.00038436177,4.502858e-05,0.00042866782,0.00066097299,0.00056620962,-0.00013019014,2.4574243e-05,0.00016233586,-0.00077505655,0.00029614488,0.00016653882,2.0419364e-05,-0.00014431515,-0.00289606,-0.00040427098,1.3961047e-05,-0.00044890428,-0.00033067931,-6.3478802e-05,-0.00026381554,0.00049722486,0.00073449764,-0.00012487572,0.00012535405,-5.6332252e-05,7.46863e-05,-0.00010268234,3.7330849e-05,-5.1084991e-05,-0.0003831681
"78",-8.6105285e-05,-1.2275537e-05,3.3480917e-05,-2.9882205e-05,2.4808448e-05,1.4234749e-05,-8.1745767e-06,4.4297099e-05,-1.6136592e-06,3.3427014e-05,-0.00038743562,0.00047725234,-0.0010646321,0.0013354462,2.5133925e-05,-2.2661789e-05,5.5387253e-05,7.0070962e-05,8.5609369e-05,9.8769602e-06,-1.8630753e-06,-2.5413413e-05,-0.00016570578,0.00022972714,5.0690535e-05,-7.4852174e-06,-9.1928215e-06,1.7640169e-05,0.00058903016,0.00035673197,3.9551113e-05,0.00010668367,3.1814462e-06,-1.5461139e-05,-2.8369332e-06,-0.00013011757,-2.0233435e-05,1.8810661e-06,-3.3260781e-05,-1.4565414e-05,-0.00010723438,-7.1355986e-05,-2.3134777e-05,3.2270421e-05,-4.5795236e-06,1.7178397e-05,0.00015970709,-5.5604215e-05,2.6197207e-06,-3.2846412e-05,3.3025234e-05,-2.0377244e-05,-0.00090059771,-0.00049757852,4.6299911e-05,-0.00013464761,-1.8107173e-05,3.4102381e-05,-4.4049947e-05,0.00011646821,0.00010191527,1.2806721e-06,0.00040663471,0.00010137404,-8.6949634e-05,8.8378329e-05,-2.8888187e-05,-4.0660824e-06,4.8567151e-05,-1.1426305e-05,0.00022357012,-5.1482613e-06,0.00020274773,1.1721798e-05,1.494708e-05,-9.6859171e-06,5.832307e-05,0.0019507572,0.00081506608,5.5713971e-05,1.4204107e-05,-3.1993587e-05,-3.4880778e-06,-2.8367723e-05,-9.890833e-05,-0.00014045024,-4.1177453e-06,-0.0015882358,0.0023768674,-0.0012047419,-0.00066242027,0.00019200543,-0.00046268435,-0.00028781921,6.4062222e-05,9.7116118e-05,2.2956615e-05,-0.00063348064,0.00043495475,-0.00015879813,-0.00041681751,-0.00014867889,0.00015404006,0.00024488711,-0.0031027235,-0.0014198561,-0.000266157,0.00034838444,0.00018100502,0.00053672904,0.00024123998,-0.00019466055,0.00055031735,-2.2925301e-05,0.00010374645,-0.00018511477,0.0003185603,-0.00012766737,7.8651603e-05,0.0006234119
"79",0.00021775191,-4.7022207e-06,-4.7282877e-07,-8.6080606e-06,6.7748803e-05,2.9208144e-05,7.3696429e-06,-1.2136923e-05,-4.9752865e-05,-1.7192188e-05,-0.00033601075,0.00022240921,-0.0008652868,0.0022066234,2.5702205e-05,-7.361914e-05,3.1983435e-05,1.7484989e-05,3.126183e-05,4.346676e-06,2.1501946e-06,0.0001029347,-6.1707052e-05,9.9454455e-05,-4.3401267e-05,-1.1053759e-05,-1.2738719e-05,4.2211077e-06,0.00029629627,0.00055606902,2.3811165e-05,5.4310271e-05,-7.9237543e-06,-8.8137277e-06,-2.4111466e-05,-6.7124844e-05,1.869637e-07,4.8410815e-06,-2.6365278e-05,7.0005715e-05,1.9477281e-06,-2.606192e-05,-2.3924827e-05,-7.5358897e-06,3.1652322e-06,6.7296494e-06,9.8267935e-05,-3.2654353e-05,5.6732407e-05,-2.4031583e-06,3.4891914e-05,7.30499e-05,-0.00037521819,-0.00074740879,6.577201e-05,-5.2023471e-05,8.7157058e-05,8.9886963e-05,6.5864311e-05,0.0001094528,-3.4475371e-07,-5.3896e-06,-0.0012185683,-0.00016363112,-5.5794964e-05,-4.2283983e-05,-9.3980135e-05,-0.00017489139,2.8592998e-05,-6.6414613e-06,-0.00011494214,0.00021055328,0.00010061947,-0.00012239352,-3.0713087e-05,1.2352305e-05,3.2803702e-05,0.00081506608,0.0016086021,0.00019937256,0.00031306945,3.740563e-05,0.0002850523,0.0001829572,-0.00028462894,2.0978538e-05,9.2519413e-06,0.0037997888,-0.0043206866,0.0025784559,0.0010355808,3.8689809e-05,0.00059282716,0.00065993768,-0.00032156998,-0.00023898494,1.7891264e-05,0.00063500138,-0.00035127272,-0.00049518737,0.00092452098,0.00021186873,-0.00016942692,-0.00041104307,-0.0026545649,-0.0033348656,0.00059045938,-0.0014927936,-0.00019309732,-0.0014016271,-0.00085052745,0.0012812369,-0.00067550501,1.5499601e-05,-0.00029741547,0.00038790462,-0.00052129867,0.00029747622,-0.00016885581,-0.0011115137
"80",0.0002941928,2.3811603e-05,-2.2977988e-05,-2.2398218e-05,-2.6798508e-05,-3.7856506e-05,1.9016853e-05,-9.756338e-06,-6.4662475e-05,5.761911e-05,-0.00073222112,0.00098017264,-0.0023342871,0.0050131917,-7.4670669e-05,5.7250173e-06,-1.6809782e-05,-5.5941757e-05,-0.00010830951,3.3459171e-05,-2.3337799e-06,7.9647288e-05,8.7593974e-05,-9.1519278e-05,9.3086717e-05,-1.1158663e-05,-1.1396274e-05,0.00019070789,4.8877449e-05,-1.055927e-05,0.00079851266,-2.9625933e-05,3.5440042e-05,4.3095526e-05,3.8909525e-05,-3.5640906e-05,-8.8749802e-07,-8.4027839e-06,0.00014415999,-5.9196908e-06,9.0476923e-06,8.8935301e-06,5.7616942e-05,-6.1326148e-05,1.3203623e-05,-0.00011372443,3.9004485e-05,0.00013902148,-0.0001816413,3.1923294e-05,8.3342451e-06,-0.00020728149,4.2252694e-05,0.00010502734,-0.0012091714,-6.3921744e-06,-1.8797668e-05,-1.8202631e-05,-8.7420921e-05,1.7454561e-05,-2.9139031e-05,1.1939861e-05,-0.00087789758,-0.00036082919,3.8520648e-05,-1.9850571e-06,-0.0001069622,-0.00012244563,0.00010120655,-1.1507871e-05,-4.6189934e-06,0.00018664458,-0.00033759771,0.0003308054,8.1786349e-06,2.6036292e-05,0.00033986208,5.5713971e-05,0.00019937256,0.0024512171,0.00018895791,8.0967976e-05,0.00030358017,0.00011741913,-0.00013737397,2.0825821e-05,-2.0630733e-05,0.0026665099,-0.0031548907,0.0013423685,0.0011205111,-0.00013584657,0.00028121366,0.00059362533,-6.7950477e-05,-0.00035290842,2.4773145e-05,0.0002515178,-0.00041878745,0.00070767222,-0.00018309277,9.0550643e-05,-0.00017680857,-0.00098151837,-0.00041776542,-0.00050618202,-0.0041577239,-0.0010059803,-0.00032022804,-0.0011617177,-0.00057240604,0.00080283853,-0.00045682093,6.0646038e-05,-0.00021388511,0.00029206228,-0.00034629818,0.00020230318,-7.3092307e-05,-0.00070456634
"81",0.00034881498,1.6367789e-05,-2.3880931e-05,-3.3789484e-05,9.8921272e-05,0.00010069091,-0.00010176758,-9.1551321e-06,2.0945091e-06,5.8593239e-05,-0.00019961474,0.00025429427,-0.00036749921,0.0021457783,2.6792632e-05,-6.7472569e-05,8.466476e-06,1.4950936e-05,9.396692e-05,-8.1062295e-06,-2.6816033e-06,6.9656867e-05,3.0515993e-05,-6.2415636e-05,-2.7002438e-06,1.7385983e-05,6.9357237e-08,5.4465015e-05,5.0859258e-05,4.5165441e-05,5.470923e-06,0.00059679871,0.00022853843,-0.00014846864,-5.9527417e-05,-6.488122e-05,-9.7292007e-06,-1.3964075e-06,-1.6439339e-05,0.00015186832,-5.5797336e-05,-8.6800757e-05,-0.00015109316,5.4928873e-06,1.2518631e-05,-0.00010769692,9.2213131e-05,-0.00013878833,-0.00010231293,-3.0512001e-05,1.485961e-07,1.3349013e-05,-2.6443393e-05,2.338299e-05,-7.0972704e-05,-0.00093297693,-0.00029032573,0.00021884442,6.3530004e-05,1.2542037e-05,3.1749151e-05,7.4775667e-06,-0.0015553172,-0.00013781111,6.0192772e-05,-7.0228413e-05,-2.850824e-05,7.1090044e-05,-8.4976786e-05,5.8083482e-06,-0.00032662307,0.0002801587,-0.00031407532,-8.4981197e-05,2.144768e-05,8.8873427e-05,9.7399252e-05,1.4204107e-05,0.00031306945,0.00018895791,0.0019998219,0.00047374417,0.00015773823,0.00014972629,-0.00033371714,6.6227778e-05,-1.4526573e-05,0.0054801845,-0.0071428621,0.004019126,0.0014985031,-6.0351425e-05,0.00075030333,0.00078029637,-0.0010524977,-0.00020624275,-9.6882649e-06,0.0011637702,-0.00079763054,0.00010821211,0.0011927112,0.00025604809,-0.0004272947,-0.00085205682,-0.0017285169,-0.0011133993,0.00089496821,-0.0050600713,-0.0012488679,-0.0017018594,-0.0010433752,0.0017206383,-0.0011036688,9.4325984e-05,-0.00038384576,0.00058134236,-0.00081666028,0.00044877815,-0.00025200915,-0.0018875538
"82",-1.3927848e-05,-1.4577477e-05,-4.7296484e-05,-9.2900235e-05,-5.4283206e-05,4.1700703e-05,-3.8017436e-05,-6.1362793e-05,-6.8643133e-05,-0.00018806312,-2.1127287e-05,0.00019690705,-0.0002328248,-6.5089516e-05,-3.9385518e-05,-3.7936746e-05,2.5042234e-05,-8.7229416e-06,-2.7180848e-05,-4.2219677e-05,-3.0092811e-06,5.5746647e-05,9.3948538e-06,-9.531203e-05,9.1976372e-05,6.0597101e-06,4.3903839e-06,1.9113101e-05,4.1742857e-05,2.0084974e-05,3.8161736e-05,0.00018641413,0.00059884931,1.1176842e-05,4.1020072e-05,-6.4320602e-05,-6.6571264e-07,-8.4820498e-06,5.9005297e-05,2.178555e-05,-6.7724726e-06,9.4088965e-06,6.3835442e-06,2.7752722e-06,1.3442662e-06,1.6307332e-05,-2.9501457e-05,-0.00013030973,5.6051622e-06,-1.377456e-05,-2.7528764e-05,1.234507e-05,-8.8527009e-05,2.313804e-05,-4.7882196e-05,-0.00026533039,-0.00076213171,-4.2482838e-05,4.0225332e-05,4.5504817e-05,4.6439277e-05,1.0413902e-05,7.377676e-05,-1.4010925e-05,-8.0690995e-05,3.4668572e-05,-0.00010385074,-0.00019517508,-4.4689356e-05,-2.8531436e-06,0.0001643729,8.3835703e-05,4.6194856e-05,9.1447037e-05,5.9215727e-06,1.921198e-05,4.1487668e-05,-3.1993587e-05,3.740563e-05,8.0967976e-05,0.00047374417,0.0019685373,6.6722106e-05,-2.4945542e-05,-0.00013309259,-2.7670188e-05,-1.7878978e-05,7.2566367e-05,0.0014352382,0.000363952,9.3171916e-05,0.00024593268,1.6303281e-05,5.186575e-05,0.00031649905,0.0001456983,-7.821952e-06,-0.0003672447,-0.00021937249,-0.00015699086,-0.00012319,-1.5173962e-05,2.6882701e-05,-1.1164544e-05,-0.00021704205,9.5100781e-05,-0.00025050869,-0.00067417472,-0.0035502032,2.1759188e-05,0.00010843836,0.00010548891,0.00011383935,3.5056043e-05,2.2873373e-05,-7.7316656e-05,0.00016083318,-7.4037025e-05,-3.897889e-06,-4.5804639e-05
"83",0.00064959001,2.3096099e-05,-2.4252861e-05,9.1103531e-06,0.0001045746,1.4646445e-05,-6.8783711e-06,-3.346763e-05,-1.1669654e-05,6.7449754e-05,-0.00018782837,7.4172862e-05,-0.00079425013,0.0031255463,4.2457385e-05,-1.3046934e-06,-0.00014060652,3.7007811e-06,-0.00015227763,7.4667842e-05,-2.355979e-06,5.2835841e-05,1.3630213e-05,-0.0001658732,-0.00012066208,-4.8872234e-05,1.5198376e-06,8.048419e-05,-4.8108353e-07,-6.1740812e-05,8.2703617e-05,-0.00016939341,6.0817464e-05,0.0011536579,0.00012004103,-6.2986164e-05,-1.8238411e-05,6.525122e-06,-1.8933863e-05,3.488499e-05,0.0003561459,6.0868094e-05,0.00021164994,-7.6880454e-05,8.2413854e-06,-7.624308e-05,0.000175405,0.00014788655,7.177091e-05,4.6677236e-05,-1.7052012e-05,-0.00011365961,0.00012733628,0.00014358252,-0.00014443902,9.5181331e-05,-0.00010737711,-0.0012006178,-0.00012838402,0.00012593241,2.6486442e-05,-1.0030934e-05,-0.0019783338,-0.00023057348,0.00020258886,-0.00016304312,-2.5790496e-05,-0.00034904263,0.0001426073,-7.115096e-06,-0.00037950092,0.00018360549,-0.00034738186,-0.00025635644,-3.7642366e-05,8.4593621e-05,9.3682238e-06,-3.4880778e-06,0.0002850523,0.00030358017,0.00015773823,6.6722106e-05,0.0034743663,0.00069010389,-0.00022210754,-1.6935216e-05,1.1094694e-05,0.0066724693,-0.0089526149,0.0046792189,0.0019522618,-0.00055796551,0.0013217846,0.0010551115,-0.00037809559,-0.00068698902,7.6557425e-06,0.0015843052,-0.00049364639,0.00027686161,0.0017419075,0.0004584462,-0.00055783281,-0.00094234447,-0.0018554677,-0.0012441754,0.00099149019,-0.0020942867,-0.00058551038,-0.0077960548,-0.0022050701,0.0018237336,-0.0011464994,5.4783713e-05,-0.00058164207,0.00077082036,-0.0010998737,0.00056932282,-0.00028774527,-0.0021837372
"84",0.00031588607,1.3009256e-06,3.2096226e-06,5.7142673e-05,0.00013632766,2.2136864e-05,-3.0502841e-05,-1.1438748e-05,-1.9142779e-07,2.4490151e-05,-0.00027228033,0.0003006008,-0.00062556968,0.001997023,5.0527659e-05,1.6627027e-06,-1.9154027e-06,2.2651218e-06,-1.9372152e-05,4.0256287e-05,1.4555306e-07,2.5697852e-05,-1.8983929e-05,-0.00019731884,-0.0001485057,-2.1798823e-05,1.0110666e-05,-3.5173321e-05,-1.8392494e-05,8.7387465e-06,7.4657681e-05,-2.2164938e-05,5.898017e-05,0.00019475859,0.00050227767,1.8559803e-05,-6.1258775e-05,5.2687551e-06,-6.5712144e-05,-4.9073484e-05,0.00012106891,-1.433018e-05,-7.3291519e-05,-6.1406835e-05,5.7219008e-06,-7.8499667e-05,0.00011355991,0.00021228533,0.00026379605,3.9149865e-05,-1.8569702e-06,8.6129497e-05,1.8447232e-05,-5.3375177e-06,-0.00017795826,3.5425149e-06,5.4155734e-05,-0.00022746562,-0.0007071299,0.00010185123,3.1609955e-05,-1.2349708e-05,-0.00094165293,-4.0771376e-05,7.2123842e-05,-6.1028774e-06,9.3731335e-05,-0.00015188315,6.0546093e-05,4.3634846e-07,-0.00010928135,0.00014231598,-0.00063047205,-0.0002926402,-8.0129009e-06,4.7117002e-05,-0.00027686249,-2.8367723e-05,0.0001829572,0.00011741913,0.00014972629,-2.4945542e-05,0.00069010389,0.0018345791,-2.9487093e-05,-2.6964009e-05,1.2350918e-05,0.0030092,-0.0038632147,0.0018998915,0.00063484205,-0.00021169958,0.0004966713,0.00028935355,-0.00022335567,-0.00033116185,4.8314121e-06,0.0005306389,-0.0002439914,0.0010839401,0.0012199171,0.0001918025,-0.00025613948,0.00018258009,-0.00076765835,-0.00071903524,0.00033984942,-0.001093049,-0.00012539275,-0.0020937559,-0.0036663227,0.00077931298,-0.00045451568,1.9724922e-06,-0.00026540894,0.00036727822,-0.00060418067,0.00021207943,-0.0001170943,-0.00094319699
"85",-0.0002451294,-9.5740493e-06,-1.1776434e-05,7.4468867e-06,-1.2276615e-05,-0.00010004014,1.2193764e-05,-1.7625611e-06,-3.2230253e-05,-8.9319275e-05,-0.00053132162,0.0009760992,-0.0017197244,0.0022454854,-1.7464532e-05,7.771032e-05,0.00031571259,-9.6279104e-07,-4.4488899e-05,1.191792e-05,-9.4763193e-06,-3.9089287e-05,0.00013926454,-6.98466e-05,7.4241852e-05,-4.4434684e-06,6.608513e-05,-0.00012872411,-0.00010863827,-0.00010891098,-4.170694e-05,-7.1096012e-05,-9.2508117e-05,-0.00012528696,2.011697e-05,0.00083757214,2.3430043e-05,7.0305496e-06,-5.8821574e-05,-0.00010435632,-0.00056882174,1.424543e-05,1.1259071e-05,1.125343e-05,4.8819636e-06,-1.7488143e-05,-0.00022733052,3.5716066e-06,0.00011521154,-7.3980166e-06,-9.5924344e-05,0.00022188934,0.00010861494,0.00012106232,4.9055465e-05,-3.4105552e-05,2.0054467e-05,0.00010147037,7.0365776e-06,-0.0012357169,-2.5627188e-05,-1.2032371e-05,0.0007731194,-5.4797277e-05,0.00023528028,0.00073878457,0.00015368689,3.2683066e-05,5.7950032e-05,-2.3542966e-05,5.8304583e-05,-8.9902986e-05,-0.00017900486,0.00019639932,-2.9079098e-05,0.0002490455,-0.00020126164,-9.890833e-05,-0.00028462894,-0.00013737397,-0.00033371714,-0.00013309259,-0.00022210754,-2.9487093e-05,0.0023337156,2.3260736e-05,1.3640784e-05,-0.0028256443,0.0038983031,-0.0023081276,-0.00060022143,-0.00035545051,-0.0019026069,-0.0007064027,0.00036599651,0.00011462551,3.6329856e-05,-0.00042419161,0.00020851913,0.00045641665,-0.00075545426,-0.00015657954,-0.00028286192,0.0009307009,0.0012475719,0.00092075538,-0.00041163288,0.0013801643,0.00040194178,0.001242837,0.00057500798,-0.0048946556,0.00062591751,-5.7809471e-05,0.00020322575,-0.00033073252,0.00051013161,-0.00023373548,0.00014290195,0.001085707
"86",3.0796464e-05,1.6352328e-05,-6.5844634e-06,2.994991e-05,-1.7378048e-05,-3.4483496e-06,4.1236788e-06,1.538504e-05,-3.6621035e-06,8.5574974e-07,2.0662711e-05,8.6046164e-05,-4.001047e-05,0.00027399446,6.5689497e-07,-1.4638009e-06,-1.3632329e-05,2.8995879e-05,-7.110253e-06,-1.5785592e-06,-4.6547505e-07,-2.3487182e-05,-2.2001226e-05,-6.2879199e-05,-3.2244218e-05,-9.301016e-06,6.9730685e-06,-1.8156751e-05,-2.6477636e-05,-6.6210189e-06,5.8560547e-06,-7.9145021e-06,2.1754861e-06,4.0400525e-06,-5.5334291e-05,2.3602616e-05,5.088656e-05,1.301321e-06,-5.2118328e-06,1.2146232e-05,1.1850606e-05,-5.2577967e-05,-2.1836664e-05,-2.5078382e-05,6.626587e-06,-2.2188372e-05,1.6028933e-05,0.00017171815,9.9469193e-05,-3.0371287e-06,-8.6127185e-06,1.581932e-05,0.00011042387,3.3667827e-05,-5.3908041e-05,-1.6616531e-05,1.0794515e-05,3.8794311e-05,3.241159e-05,-3.2368472e-05,-0.00023375919,1.1710892e-06,-0.00016841865,2.0193264e-05,2.8114157e-05,-9.7271327e-07,5.4355721e-05,-2.1800425e-05,2.4049026e-06,-7.9990589e-06,-6.1883477e-05,5.8061318e-05,-0.00013422382,-0.00011940187,-5.7035628e-06,1.7785733e-05,-2.5786211e-05,-0.00014045024,2.0978538e-05,2.0825821e-05,6.6227778e-05,-2.7670188e-05,-1.6935216e-05,-2.6964009e-05,2.3260736e-05,0.00048243711,-6.3929641e-07,0.00044976472,-0.00056776888,0.0002415804,1.7797603e-05,-3.6368409e-05,5.2679892e-05,-7.9944395e-05,-2.78643e-05,-4.4185673e-05,1.1620688e-05,6.8232918e-05,-8.4143795e-05,0.00021599838,0.00029664623,1.8997945e-05,-4.3260986e-05,-1.7538874e-06,0.00014785143,-8.0600705e-05,1.7511117e-05,-0.00021646031,-8.9843511e-07,-2.6163501e-05,-1.0452506e-06,0.00011846588,-0.00095814565,4.5275878e-06,-2.596332e-05,4.9966427e-05,-4.8221605e-05,4.5343817e-05,-2.1453796e-05,-0.00010525128
"87",1.0769233e-05,-3.0202107e-06,5.421041e-07,5.4808615e-07,1.5993272e-06,-3.9895884e-06,6.297085e-06,8.3416371e-07,5.8402159e-06,5.661543e-06,-3.4331406e-06,1.371793e-06,-1.524846e-05,5.6801443e-05,7.1868797e-06,-9.8962476e-07,1.8699477e-07,-1.5240616e-06,-4.0467739e-06,-3.8874731e-07,6.9767296e-07,-5.8114107e-06,-6.7814716e-06,-9.8956712e-06,4.5728251e-06,-2.6969098e-06,-8.2553917e-06,-2.6198623e-05,-1.8254013e-06,-1.8347806e-06,-1.0294905e-05,-5.9310384e-06,-5.9596436e-06,4.2933278e-06,-2.3984234e-07,6.2366528e-06,5.199114e-07,9.1499619e-06,-1.0494815e-05,-8.2192356e-07,2.5977513e-06,3.2083246e-06,6.405734e-06,2.9908728e-06,-1.585376e-06,9.0914527e-07,1.2445014e-05,1.2220846e-05,-1.0076431e-05,4.3553111e-06,1.149901e-05,3.7128422e-05,8.1743391e-06,3.1826401e-06,1.3375179e-05,1.4204059e-05,7.2439646e-06,-4.2977656e-06,-3.6728051e-06,-1.3416322e-05,1.2522236e-06,-1.2068306e-05,-2.3287531e-05,1.0138789e-05,-5.8414031e-07,-5.030629e-06,3.9620822e-06,1.6423928e-06,9.1675913e-08,1.768916e-06,-4.4861418e-06,-9.2679426e-06,-3.3564426e-06,-5.2429276e-07,-6.4081485e-06,-1.3883812e-05,-6.2165885e-05,-4.1177453e-06,9.2519413e-06,-2.0630733e-05,-1.4526573e-05,-1.7878978e-05,1.1094694e-05,1.2350918e-05,1.3640784e-05,-6.3929641e-07,1.6767312e-05,8.9351855e-05,-0.00011345748,6.308446e-05,3.2901649e-06,-6.491581e-06,1.9814442e-05,1.2719107e-05,-1.00391e-05,-6.2657366e-06,-3.9646871e-06,1.6578563e-05,1.099376e-05,1.0217401e-05,1.9458628e-05,1.6426791e-05,1.9324458e-05,0.00010387915,-2.3188318e-05,-3.2075412e-05,5.6579061e-05,8.6345838e-06,3.2105528e-05,-4.1658193e-05,-4.1499469e-05,-7.2512278e-06,-1.4499117e-05,-2.8802827e-05,-8.1231452e-06,1.1566003e-05,-1.7926754e-05,6.2928023e-06,-6.4675932e-06,-2.3374901e-05
"88",0.0081542677,-0.00014158022,-0.00036207045,0.00049602255,0.0018185867,0.0044238386,-0.00022245578,-0.00072413025,0.0004042716,0.0037620816,0.00087127307,-0.0031077762,-0.0018777454,0.024006337,0.00027784142,1.5953873e-05,-0.00041941801,-0.00055684067,-0.001174539,0.00035528133,-4.8210329e-05,7.9977373e-05,0.00067098465,-0.0013256136,-0.00012616747,-0.00025966073,-1.7627532e-05,0.0010617504,-0.00074692082,-0.0011018609,0.00043526206,-0.0005125267,0.00058565357,0.00012192922,-0.001110736,-0.00045560096,-0.00015977258,5.3303182e-05,-0.0001653252,0.00026579502,0.0017217907,0.00041505223,0.0016867314,-0.00048275453,0.00013743021,0.00043598372,0.00089344359,0.0017517916,-0.00024915011,0.00054214074,-9.2495717e-05,-0.001295182,0.0021051041,0.0022546852,-0.001459688,0.00022239549,0.00040683998,0.00033195211,0.0023747639,0.00056019825,0.00019638681,-9.5488117e-05,-0.02388733,-0.0032593473,0.0022728603,-0.0009908356,-0.00077042617,-0.0034592549,0.00056361788,-4.6001067e-05,-0.005360628,0.0035275263,-0.0032223666,-0.0021212335,-0.00034121893,0.0010582464,0.00082829275,-0.0015882358,0.0037997888,0.0026665099,0.0054801845,7.2566367e-05,0.0066724693,0.0030092,-0.0028256443,0.00044976472,8.9351855e-05,0.12194093,-0.14510048,0.11427707,0.041125034,-0.0053294352,0.023716463,0.020456429,-0.016865112,-0.0087058704,-0.00015229461,0.028598875,-0.01835761,0.0016634431,0.02992323,0.0088907847,-0.008233796,-0.020428116,-0.044278652,-0.015501655,0.026086524,-0.042518662,-0.0095119098,-0.049097673,-0.02297768,0.028902973,-0.025391158,0.0014569369,-0.0079220939,0.012085033,-0.017992764,0.0078301295,-0.0078015568,-0.053037295
"89",-0.01491899,0.0005056377,-0.00045337581,-0.0045396086,-0.0081757355,0.00072894413,-0.00021348293,-0.0003350142,-0.00094432465,-0.0037685796,-0.0023475261,0.0066427978,0.0019571969,-0.08324675,-0.00023691014,-0.00017626173,0.0011407633,0.00038814416,0.0013750511,-0.00061495027,0.0001474796,0.00062814394,1.7911154e-05,0.0032986471,-0.00019401271,0.00028601032,-6.8746848e-05,-0.0011548806,0.0015886997,0.0026789548,-0.00038262881,0.00088931998,0.00030275491,4.5169551e-05,0.002043412,0.00032941685,0.00025831191,-9.3400125e-05,-0.00039306785,-0.00049802014,-0.0043764636,-0.00055717558,-0.0028531989,0.00084326325,-0.00051243523,-0.0003768356,-0.0039491592,-0.0072477036,0.0008081892,-0.00062972471,0.00045297872,0.0017370301,-0.0031728915,-0.0032787634,0.0023817441,-0.0011261961,-8.7947615e-05,-0.00083818025,-0.0023959789,-0.00072812473,-0.00091371232,0.00012517159,0.03290891,0.0045801182,-0.0035365469,0.0010548724,0.00031530468,0.0045780068,-0.00068415511,7.8673013e-07,0.0092037726,-0.0043414089,0.0045195495,0.0033019414,0.00034340823,-0.0015263448,-0.00093079183,0.0023768674,-0.0043206866,-0.0031548907,-0.0071428621,0.0014352382,-0.0089526149,-0.0038632147,0.0038983031,-0.00056776888,-0.00011345748,-0.14510048,0.32300964,-0.09167679,-0.04650103,0.016757613,-0.023309834,-0.033793152,0.0077892099,0.018270901,-0.0007416033,-0.045607103,0.01418228,-0.00067112393,-0.040395004,-0.010221537,0.017204253,0.026735332,0.025849733,0.037386507,-0.0335034,0.072758676,0.006455413,0.074651488,0.037223156,-0.055462805,0.03465531,-0.0016979498,0.013061182,-0.023394543,0.042743421,-0.0155942,0.0042195955,0.058490636
"90",0.0039831838,-0.0002145839,-0.00039803403,0.0001207004,0.00064495672,0.0093752639,-0.00028655473,-0.0015003817,0.00081525385,0.0064448341,0.00067116579,-0.0029323369,-0.0010048171,-0.0050463402,0.0001757021,-5.3478373e-05,-0.00012678537,-0.00032840798,-0.0010756874,7.3738557e-05,1.4136043e-05,0.00015785055,0.00055077558,-0.00092497256,-5.133121e-05,-0.00033825669,-5.4104294e-05,0.0012736959,-0.00073621424,-0.0005997591,0.0005728539,-0.00010234405,0.00080899994,-0.00040073374,-0.00066906708,-0.00061326146,4.5594181e-05,2.5604559e-05,-0.00026384132,0.00034001296,0.00078707102,0.00024097779,0.0017104105,-1.8856594e-05,-5.470139e-05,0.0012854009,0.00071672936,-0.00028998609,-0.00034957666,0.00067247731,2.202518e-05,-0.0013301033,0.0015042221,0.0015938357,-0.00070684143,-7.0744391e-05,0.00074961718,0.0005143707,0.0020061034,0.0007079409,-0.00022058038,-7.7440281e-05,-0.015789837,-0.0021375752,0.0013089418,-0.00083655861,-0.00089030731,-0.0027267644,0.00042692168,1.8738285e-06,-0.0030265874,0.0024311112,-0.0024819263,-0.0016478642,-0.00031044923,0.00072106263,0.00078364141,-0.0012047419,0.0025784559,0.0013423685,0.004019126,0.000363952,0.0046792189,0.0018998915,-0.0023081276,0.0002415804,6.308446e-05,0.11427707,-0.09167679,0.16158337,0.046212316,0.0024880381,0.029743845,0.018369464,-0.029900469,-0.0051804046,-0.00093096961,0.022024593,-0.021713848,0.00082914108,0.03102998,0.010762592,-0.0046652178,-0.022668728,-0.069754049,-0.0025762185,0.035925987,-0.031978828,-0.012751099,-0.041581811,-0.018247768,0.019962597,-0.027279175,0.0018827451,-0.0039797831,0.0060551983,-0.0094593695,0.0058142801,-0.0120425,-0.066726601
"91",0.0023034606,9.7823867e-06,-6.021666e-05,0.00037066003,0.00042740324,0.0022072515,-2.5729165e-05,-0.00036974246,8.9216611e-05,0.0018460404,0.000654457,-0.0015381906,2.6868158e-05,0.0037220512,-0.00090546733,0.00018531857,-0.00036877364,-4.4118237e-05,-0.00027640249,9.4560039e-05,-1.9016023e-05,-4.2445741e-05,0.00020021552,-0.00048631303,8.8399193e-05,-4.7197781e-05,9.5127762e-05,0.00047570496,-0.00044314087,-0.00035395396,0.00027128555,-0.00027250109,0.00020026007,-0.00018119841,-0.0005110278,-7.2574952e-05,-5.808386e-05,-2.3756554e-06,0.0021761169,-0.00033732074,0.0010141414,-0.00012027488,0.00033866555,-0.00012985873,4.5060737e-05,0.00050208257,0.00049387434,0.0012222678,-0.0006516261,0.00018612081,-0.00035284537,-0.0006726207,0.00090243025,0.00061255883,-0.00091418274,0.00029893507,0.00017303905,0.00011754502,0.0010393181,-0.00016162821,0.00017871086,1.610168e-05,-0.0070457787,-0.0026817114,0.00097968911,-0.00052055365,-0.00016820228,-0.00097992861,0.00015518896,-2.7602081e-05,-0.0017700918,0.00098184047,-0.00095250015,-0.00041585609,-6.5366923e-05,0.00051683064,0.00038436177,-0.00066242027,0.0010355808,0.0011205111,0.0014985031,9.3171916e-05,0.0019522618,0.00063484205,-0.00060022143,1.7797603e-05,3.2901649e-06,0.041125034,-0.04650103,0.046212316,0.020808518,-0.0018730656,0.010073232,0.0067677822,-0.0080165236,-0.0026543942,-0.00010952254,0.0099422868,-0.0067615773,0.00086208963,0.0095468095,0.0032346728,-0.003256154,-0.0079892339,-0.018025126,-0.0036932144,0.0096408014,-0.013162324,-0.0037599942,-0.016338099,-0.006722422,0.007980186,-0.0088993392,0.00066931686,-0.0021959027,0.0035377356,-0.0057039852,0.0025892191,-0.0032616615,-0.020373856
"92",-0.00098465534,2.475515e-05,-9.1776948e-05,-0.00041432272,-0.00032064426,0.00062953244,-1.3803839e-05,-8.2578799e-05,-1.2488481e-06,0.00013115089,0.00064499658,-0.0011429228,0.00086898953,-0.0089487378,0.00022392544,-0.0017591946,0.000163197,-4.4340562e-05,-1.8642905e-05,-0.00016062707,3.3433013e-05,9.5093216e-06,-2.8431097e-05,-1.5196902e-05,-0.00017861853,3.219861e-05,1.5480446e-05,-5.7746928e-05,5.8892234e-05,0.00019933872,-7.1962928e-05,0.00024553184,5.4795215e-05,-0.00012293836,4.8473437e-05,-0.00043212958,-2.7067102e-06,-7.325137e-06,-0.00071198228,0.0036531421,-0.00052186211,4.4081053e-05,-5.832555e-05,0.00024952758,-8.2224329e-05,0.0004111783,-0.00014984344,-0.00011358684,0.00057400735,-0.00012208352,4.7620845e-05,0.00012764015,-8.4290652e-05,-0.00023172918,0.00042026985,-0.00051977067,-0.00010034104,2.5253223e-05,-3.000313e-05,0.0010169803,-4.5910949e-05,2.2678596e-05,0.0017903537,0.00045016259,-0.002837343,5.8714728e-05,6.3264584e-05,2.1604142e-05,-0.00019222117,2.0016619e-05,0.00046087383,-0.00043895306,-0.00014442258,-6.2745588e-05,8.4687949e-05,6.4167453e-05,4.502858e-05,0.00019200543,3.8689809e-05,-0.00013584657,-6.0351425e-05,0.00024593268,-0.00055796551,-0.00021169958,-0.00035545051,-3.6368409e-05,-6.491581e-06,-0.0053294352,0.016757613,0.0024880381,-0.0018730656,0.010083418,-0.00045739563,-0.0014892592,-0.00094377911,0.0014767909,-0.00017816575,-0.0017343835,0.00068726845,0.0012176384,-0.00045208167,-0.00036819354,0.00070061703,0.00042965422,-0.0021842677,0.0018870406,-1.6730291e-05,0.0024429507,-0.00039393638,0.0038276039,0.0017818296,-0.00052855411,0.00093860799,2.1655955e-05,0.00086662776,-0.0014347789,0.0023839206,-0.00072724593,-0.00036394663,0.00027239
"93",0.0015204569,4.3195826e-05,-0.00010732954,0.00014638653,0.00038558943,0.0016804367,-2.7713676e-05,-0.00031151183,0.00015380955,0.0011610404,0.0018366814,-0.0038658157,0.002598192,-0.0079135705,-0.00019626536,4.1211673e-05,-0.0020041551,-0.00011645929,-0.00034585772,5.8957097e-05,-2.1775434e-05,-0.00033356119,0.00036243387,-0.00066814333,0.00010237024,-0.00015522044,0.00010495529,0.0004154532,-0.00024426054,-0.00021641764,0.00017340164,-0.000254071,0.00022020779,0.0003442283,-9.1640792e-05,-0.00097994967,-2.9549134e-05,8.7638383e-06,0.00040588106,-0.00015078762,0.0044225825,5.6849601e-05,0.00049414978,-1.917265e-05,3.2745223e-05,0.00097158314,-0.0004204778,0.0019731657,-0.00034796791,0.00026794303,-0.00029026064,-0.00068017267,0.00041003869,0.00034149255,-0.00012516858,0.00048224614,0.00010371154,-0.00084598188,4.4303021e-05,0.0018811178,-3.2130051e-05,-3.2934054e-05,-0.0036007412,-0.00072980777,0.00034409571,-0.0032041293,-0.00028934223,-0.00063320685,-1.0810145e-05,-2.0609851e-05,-0.0010261234,0.00088546247,-0.00043375281,2.7335824e-05,-9.8207854e-05,0.00026105108,0.00042866782,-0.00046268435,0.00059282716,0.00028121366,0.00075030333,1.6303281e-05,0.0013217846,0.0004966713,-0.0019026069,5.2679892e-05,1.9814442e-05,0.023716463,-0.023309834,0.029743845,0.010073232,-0.00045739563,0.015526046,0.0044370529,-0.0048104327,-0.0010977993,-7.3413782e-05,0.0059296039,-0.0056465069,0.0012608975,0.0051158624,0.0023699926,-0.0016326964,-0.0051105457,-0.012131131,-0.0015604732,0.0069888835,-0.0066415741,-0.0023361812,-0.010259885,-0.0045924141,0.0090229955,-0.0055499985,0.00032737537,-0.0011660307,0.0017987208,-0.0029142735,0.0012968613,-0.0021840078,-0.012821762
"94",0.0013710591,-2.6021145e-05,-8.0306338e-05,0.00023305837,0.00084883149,0.00052381382,-4.7088155e-05,-0.00010291418,0.00020007537,0.00041291766,0.00044856327,-0.0014072134,-4.745463e-05,0.0055865801,3.2825281e-05,-4.8983257e-05,-0.00019391027,-0.0018609718,-0.0011182338,0.00021098744,-7.4152997e-06,0.00034407024,4.569362e-05,-5.1074072e-05,-0.00027622125,2.1697025e-06,-4.6063465e-05,0.00047761344,-0.00032365703,-0.00036202852,0.00016126057,-0.0001597267,-2.2265843e-05,-0.00019720027,-0.00028197249,-0.00011922139,-9.1424877e-05,8.8980346e-06,-0.00011550052,0.00018150542,0.0004576753,0.0038538785,0.0021990429,-0.00042718537,3.1242419e-05,-0.00029219662,0.00022533542,0.00018813064,0.00032895556,5.5214547e-05,0.0001148985,-0.00072656707,0.00078069114,0.00063110668,-0.00016010616,0.00025139812,-1.7949103e-05,0.00018604597,0.0005181346,0.00017807935,0.00021546551,-2.3045393e-05,-0.0040493698,-0.0004659716,0.0004977123,-0.00027920149,-0.002892109,-0.0019951877,0.00032531936,1.7910053e-05,-0.00093629887,0.00071993435,-0.00039841005,-0.00063491523,-6.7299917e-05,8.7609305e-05,0.00066097299,-0.00028781921,0.00065993768,0.00059362533,0.00078029637,5.186575e-05,0.0010551115,0.00028935355,-0.0007064027,-7.9944395e-05,1.2719107e-05,0.020456429,-0.033793152,0.018369464,0.0067677822,-0.0014892592,0.0044370529,0.01331092,0.0018651166,-0.0027861509,-3.4792466e-05,0.0050226287,-0.0034307974,-0.00049068225,0.0061624037,0.0016302932,-0.0013969123,-0.0052375488,-0.0064700405,-0.0033243644,0.0046346781,-0.0082129533,-0.0015997791,-0.0090616537,-0.0039394297,0.0071655626,-0.0043862691,0.00027732483,-0.0014218195,0.0023979012,-0.0041824437,0.0017528447,-0.0011474851,-0.0090703538
"95",4.560736e-05,0.00017515661,3.4728914e-05,-2.4976583e-05,-3.7574206e-07,-0.0021038248,0.00015963611,0.00034406938,-0.00028168407,-0.0013977677,0.00021567293,-0.00069835852,0.00044431015,0.0021429678,5.5185381e-05,-0.00012269611,-0.00015873484,-0.00089232202,-0.0024463122,0.00016573384,-8.3303756e-06,5.2383579e-05,0.00011106287,0.00097635757,-0.00017964591,6.8939859e-05,-4.7818172e-05,0.00023374,-9.6273701e-05,-0.00022141378,4.0693203e-06,-0.0004947848,-9.1576989e-05,0.00016724347,-3.944074e-05,0.00025165109,2.8242344e-05,5.4128347e-06,-0.00018093779,7.6541344e-05,9.2417069e-05,0.0018337212,0.0051365846,-0.00026239317,-2.7785913e-06,-0.00023538923,-0.00019197853,-0.0013740854,0.00050905684,-9.7728066e-05,0.00018597013,-0.00030956819,-0.0001264431,6.5383103e-05,0.00024844336,0.00087338866,-0.00046128083,-0.00045497463,1.4347734e-05,-9.7285645e-05,-3.426744e-05,-1.7337432e-05,0.0012845332,0.00029679633,-0.0001920143,4.2379764e-05,-0.0012490249,-0.0037891319,0.00019095166,5.861877e-06,9.4121613e-05,-4.6404641e-05,0.0021853261,-9.3278507e-05,2.9951703e-05,-0.00017025156,0.00056620962,6.4062222e-05,-0.00032156998,-6.7950477e-05,-0.0010524977,0.00031649905,-0.00037809559,-0.00022335567,0.00036599651,-2.78643e-05,-1.00391e-05,-0.016865112,0.0077892099,-0.029900469,-0.0080165236,-0.00094377911,-0.0048104327,0.0018651166,0.019092085,-0.00035806936,0.00018467658,-0.0028130294,0.003090694,-0.0052304999,-0.0041250515,-0.0017952324,0.00068083321,0.0016348722,0.013670845,-0.00059555125,-0.0064374158,0.005439949,0.0010580862,0.0055105466,0.0025270218,-0.0016117419,0.0042951746,-0.00030437286,0.0001110559,-0.00020682984,0.00030120897,-0.00056800925,0.002288626,0.011932035
"96",-0.00095689977,3.1108225e-05,3.4838791e-05,-0.00028304381,-0.00031648554,7.5368122e-05,-3.956368e-06,8.2965751e-05,-4.1282714e-05,-0.0002272112,0.00082209477,-0.0019844795,0.0019714107,-0.010994174,1.2825302e-05,-0.00010443282,0.00011087365,0.00018155673,0.00023452645,-0.00048989789,6.9627424e-05,-0.00021057208,-0.00032951278,0.0003683776,0.0001653337,1.7266649e-05,-1.0402696e-06,-0.0001022961,0.00012817009,0.00023063752,-0.00012263569,0.00018810816,7.4170196e-05,-0.00014981036,-1.462049e-05,5.5136265e-05,4.5197821e-05,-1.6040325e-06,-0.00011815958,0.00016970254,-0.00024518301,-0.00039150771,-0.00036120094,0.0010997109,-0.00016300613,0.00070830664,0.00035922735,-0.00060265419,-0.00041399068,-3.7627673e-05,2.1436014e-05,0.00015227554,-0.00032093524,-0.00035127481,0.00036059497,-0.00023310779,-2.1819773e-05,0.00017381811,0.00016621646,-9.4168586e-05,-8.3573216e-05,3.8502328e-06,0.002014483,0.0002485014,-0.00039309894,-3.2019654e-05,0.00026872206,0.00052717202,-0.00079098583,0.000110668,0.00018996528,-0.00053982151,0.00062249234,0.00046961686,1.8823605e-05,-0.00011118207,-0.00013019014,9.7116118e-05,-0.00023898494,-0.00035290842,-0.00020624275,0.0001456983,-0.00068698902,-0.00033116185,0.00011462551,-4.4185673e-05,-6.2657366e-06,-0.0087058704,0.018270901,-0.0051804046,-0.0026543942,0.0014767909,-0.0010977993,-0.0027861509,-0.00035806936,0.0036912499,-0.0004032116,-0.001221348,0.0015882273,-0.0008862751,-0.0035138308,-0.00059733246,0.0010517364,0.0017646333,0.0013035095,0.0019556827,-0.0012784924,0.0037023565,0.00018144363,0.0046424177,0.0025472691,-0.0030306693,0.001947289,-8.95661e-05,0.00080670197,-0.0013781214,0.0023720287,-0.0009000773,0.00023347562,0.0032765526
"97",5.8649604e-05,4.8869783e-06,-7.8842588e-06,3.0396091e-05,3.5211034e-05,-8.2425079e-05,-2.5788637e-06,-4.3724988e-06,-2.0268969e-05,-3.7947478e-05,-4.5378917e-05,0.0001614794,-0.00010452053,0.00082231109,-1.4454025e-05,2.0243036e-05,-2.9105689e-05,5.0782162e-06,2.553116e-06,6.2518417e-05,-2.6421567e-05,3.9428054e-06,5.2784652e-06,-9.2482011e-05,5.9549406e-05,8.7885468e-06,3.3326367e-06,1.4772738e-05,3.2346002e-06,-9.3286638e-06,1.1475438e-05,-8.144841e-06,-4.206807e-06,-2.753416e-06,7.0632517e-06,2.0368473e-05,-4.2569573e-06,-2.1551252e-06,3.5625915e-05,-4.2376575e-05,5.452371e-05,-1.3118811e-05,-3.5623474e-05,-0.00013786383,5.6264966e-05,-6.0080401e-05,-1.842395e-05,0.0002288596,-8.1211151e-05,-2.2587426e-05,-4.503292e-06,-1.9449848e-05,-1.2375661e-05,4.0284875e-06,-6.1984562e-05,9.2416884e-07,-1.1537697e-05,1.2639181e-05,-5.817464e-05,-1.7369075e-05,-2.4421843e-07,4.2779495e-06,-5.9227525e-05,-3.2209995e-05,3.2100597e-05,-1.7320973e-05,2.3527673e-05,9.1842061e-06,0.00010965129,-4.5598713e-05,-1.0593694e-05,-2.0650478e-05,-2.6053959e-05,9.3055848e-05,7.9284061e-06,8.2159727e-06,2.4574243e-05,2.2956615e-05,1.7891264e-05,2.4773145e-05,-9.6882649e-06,-7.821952e-06,7.6557425e-06,4.8314121e-06,3.6329856e-05,1.1620688e-05,-3.9646871e-06,-0.00015229461,-0.0007416033,-0.00093096961,-0.00010952254,-0.00017816575,-7.3413782e-05,-3.4792466e-05,0.00018467658,-0.0004032116,0.00015549206,-6.0511798e-06,0.00019065822,0.00015945214,-0.00029439346,-6.5555495e-05,-6.3245099e-05,-3.1510426e-05,0.00039659215,-0.00021801097,-0.00021656136,-7.5256779e-05,3.7036183e-05,-2.2161451e-06,-7.0602664e-05,1.1658374e-05,4.2119683e-05,2.4096328e-07,-4.434963e-05,8.2649596e-05,-0.00015777551,1.752809e-05,8.0279599e-05,0.00029939727
"98",0.0028405255,-1.9401732e-05,5.9290919e-05,0.00055913855,0.00067570563,0.00040022019,3.6907242e-05,-0.00010674001,0.00032020458,0.00090058259,0.0014460865,-0.0040200812,0.0020873508,0.0023878923,2.1040154e-05,-1.0859781e-06,-0.00050946502,0.00026164955,-0.00018876279,-0.00013177948,-9.9450226e-06,-0.0027377132,-0.00043652186,-0.00065124031,0.0003291786,-6.7908207e-05,0.00014567975,0.0003442737,-8.2010703e-05,-0.00057875407,-6.5475039e-05,-0.00031390054,-1.309078e-06,0.00012279231,-0.00044856378,-3.8936614e-05,1.644273e-05,3.2648477e-05,0.00013689544,0.00039622468,0.0013013805,-0.00027494084,0.00054406864,0.00056195896,2.6165708e-07,0.0058617027,0.0015271539,0.00065450212,-0.0008838017,0.0002090834,-0.00040773852,-0.00061595821,0.00029526604,0.00057101858,-0.00020587453,0.00055092336,-1.0054468e-06,-0.00051997014,0.00099486057,0.00011581345,4.3418264e-05,-4.8954746e-07,-0.0062630853,-0.0010552296,0.00050543077,-0.0005117244,-5.4603845e-05,-0.00090745048,-0.00022288664,-6.5226098e-10,-0.0055249631,-9.9691199e-05,-0.001011361,-0.00011275384,-0.00012709008,0.00047076601,0.00016233586,-0.00063348064,0.00063500138,0.0002515178,0.0011637702,-0.0003672447,0.0015843052,0.0005306389,-0.00042419161,6.8232918e-05,1.6578563e-05,0.028598875,-0.045607103,0.022024593,0.0099422868,-0.0017343835,0.0059296039,0.0050226287,-0.0028130294,-0.001221348,-6.0511798e-06,0.020576925,-0.00070446247,6.6870262e-05,0.005517703,0.0020616555,-0.0032092642,-0.0051029257,-0.0075911273,-0.0048535392,0.0069268822,-0.010967579,-0.0012102144,-0.013195348,-0.0051337858,0.0075801912,-0.0059866851,0.00037062551,-0.002315987,0.0037389022,-0.0060667459,0.0024017414,-0.0013550813,-0.011271329
"99",-0.00069889698,0.00023098528,8.524551e-05,-2.1989516e-05,-0.00016954937,-0.0010625657,-2.3394011e-06,0.00010025766,6.2464932e-05,-0.0010568509,0.0012628629,-0.0022559101,0.0020798174,-0.0050388696,-7.5102867e-07,-7.2066882e-05,0.0002827133,2.896533e-05,0.00031004639,-0.00031269423,7.3384623e-06,-0.00058091304,-0.0056715001,-0.00025650307,-7.8818966e-06,4.5626432e-05,5.8287963e-05,-0.0006570741,0.00045893414,0.00048862447,-0.00024668007,-3.2596924e-05,-0.00021803987,-0.00010898032,0.00028294281,-0.00018274893,4.8560661e-05,2.125593e-05,0.00014322934,-8.066078e-05,-0.0008181825,-0.00018352617,-0.00027110449,0.0005825939,-2.2426654e-05,0.0010727773,0.011852513,0.00055298273,-4.2530559e-05,-0.00010643402,-5.6859156e-06,0.0013351095,-0.00065319974,-0.00065337463,0.00023493343,3.1796637e-05,2.299221e-05,-4.364712e-05,-0.00057690923,0.00036112166,-1.6287169e-07,-3.3855044e-05,0.0028991716,0.00045341044,-0.00051589438,0.00044423383,0.00029172655,0.00063195011,-0.00034942729,-1.8431361e-05,-0.00040163561,-0.0077734021,0.00024083355,0.00028200925,1.3661869e-05,1.1546409e-05,-0.00077505655,0.00043495475,-0.00035127272,-0.00041878745,-0.00079763054,-0.00021937249,-0.00049364639,-0.0002439914,0.00020851913,-8.4143795e-05,1.099376e-05,-0.01835761,0.01418228,-0.021713848,-0.0067615773,0.00068726845,-0.0056465069,-0.0034307974,0.003090694,0.0015882273,0.00019065822,-0.00070446247,0.027188151,0.00037258857,-0.0044857832,-0.0013449062,0.00051285875,0.0056676679,0.0078206284,-0.00026576465,-0.0042055093,0.0053902785,0.0020918477,0.0063036852,0.0021019862,-0.0026411424,0.0038107857,-0.0003309447,0.00073116389,-0.00094848332,0.00082638149,-0.00079769448,0.0015171946,0.0097492816
"100",0.00020607629,0.00012307962,-5.3995744e-05,-0.00041031932,-0.00035862315,0.00039370061,-9.4908108e-05,0.00024887369,-0.00083761702,-0.00014289923,0.0009684621,-0.00054651292,-0.0017391416,0.003659602,-0.00015275094,-0.00027070501,-0.00055041402,6.5119642e-05,0.00067035281,0.00019143914,-9.1486596e-05,-0.00039906999,-0.00013679036,-0.049116927,-0.00094516849,-0.00024988457,0.00030349207,0.00023775799,-0.00070748903,-0.00056736948,0.00030402225,-0.0007667662,-0.00034302341,0.00038892483,0.00078516518,7.4475598e-05,0.00011444679,1.778893e-05,0.00058822004,0.00051750358,0.0013068029,-0.00048108309,-0.0020360145,-0.00018214679,0.00010752667,-5.8529959e-05,-7.4124608e-05,0.1270151,0.0024102815,0.00041140379,-0.00085248881,-0.0007832569,0.00049340317,0.0005898721,-0.00053872968,0.001508832,0.0011823502,-0.00065327516,-0.0020239052,-0.0005090394,-0.00043971782,-4.3804135e-05,-0.00021661939,-0.00010220632,-0.00022176965,-5.1969028e-05,0.00012386538,0.001868666,0.00035656405,-3.3429445e-05,-1.8999557e-05,-0.0001382478,-0.0780456,-0.00023286701,-0.00012255294,0.00035036317,0.00029614488,-0.00015879813,-0.00049518737,0.00070767222,0.00010821211,-0.00015699086,0.00027686161,0.0010839401,0.00045641665,0.00021599838,1.0217401e-05,0.0016634431,-0.00067112393,0.00082914108,0.00086208963,0.0012176384,0.0012608975,-0.00049068225,-0.0052304999,-0.0008862751,0.00015945214,6.6870262e-05,0.00037258857,0.23540089,0.0027152115,0.00055847544,-0.0018106938,-0.0018928472,0.00036283246,0.0019389281,-0.0021702211,0.0010423223,0.0017139575,-0.0017808091,-0.004877274,-0.0016465272,-0.00085793593,6.1144528e-06,-0.0001531191,0.00027604248,-0.00020463663,-0.00018938363,-0.00010785628,-0.0014217643
"101",0.0016768586,-0.0002479231,-4.1951948e-05,0.00050702469,0.00044277759,0.0011781938,-2.8684372e-05,-0.00015177625,8.8876095e-05,0.00068687567,0.00031098851,-0.00083178436,-0.0011955371,0.0087418387,0.0002316958,-0.00034218136,9.8555399e-06,-0.00042452378,-0.00042437264,0.00026186286,4.0346369e-05,0.0003184924,0.00013972329,-0.0019259033,-0.0038073917,-0.00015112704,0.00016225025,6.6871927e-05,-0.00029212847,-0.00016169651,-0.0004578405,-0.00029248818,0.00013914016,0.00032675209,-8.5879375e-05,-0.00024146699,0.00017195558,1.971771e-05,-0.00044424727,0.00083475169,0.00012067467,0.00071173259,0.00083806393,-0.000565782,-4.6049042e-05,-0.00056695824,0.00045217336,0.0050208494,0.010730966,0.00014339525,-0.00047090261,-6.0558318e-05,0.00081916046,0.00064469332,0.0011120241,0.00052059189,-0.00010691209,-0.00044000824,3.9284559e-05,0.00038694395,-0.00058879913,-1.7495133e-05,-0.0055139408,-0.00047751088,0.00035669115,0.00018781704,-0.00031392539,-0.0010781504,0.0003957298,9.9294249e-05,-0.00085727748,0.00076121058,-0.0011572253,-0.0068453749,-8.5622422e-05,0.00041174391,0.00016653882,-0.00041681751,0.00092452098,-0.00018309277,0.0011927112,-0.00012319,0.0017419075,0.0012199171,-0.00075545426,0.00029664623,1.9458628e-05,0.02992323,-0.040395004,0.03102998,0.0095468095,-0.00045208167,0.0051158624,0.0061624037,-0.0041250515,-0.0035138308,-0.00029439346,0.005517703,-0.0044857832,0.0027152115,0.033721342,0.002411564,-0.0028915052,-0.0052894405,-0.01150211,-0.0035930349,0.010579891,-0.010832666,-0.0026318884,-0.013183962,-0.0070630158,0.0079889125,-0.0080753744,0.00042718023,-0.001836542,0.0029242537,-0.0046996504,0.0022266996,-0.0020875502,-0.014384381
"102",0.00055618574,-4.5418389e-05,-2.3550115e-05,1.0485078e-05,8.9700563e-05,0.00051172578,-3.4103546e-05,-0.00011746006,8.0825218e-05,0.00037029232,0.00054218399,-0.0012832314,0.0010116433,-0.002383093,5.7766289e-05,3.4806427e-05,-0.00010470295,4.2086503e-05,-5.0417624e-05,1.351842e-05,6.0737061e-06,-7.4344457e-06,3.94154e-05,-0.00045815933,-6.9527297e-05,-0.00032328609,6.5827231e-05,8.6066251e-05,-6.3240353e-05,-0.00010371811,7.555209e-05,-9.4844531e-05,8.2222445e-05,9.300666e-05,-1.1577003e-05,-2.6852668e-05,2.6875738e-05,1.03495e-05,-7.461948e-05,-9.0083432e-05,0.00020309403,-4.720148e-05,0.00012912165,8.3238746e-06,-2.2730781e-05,0.00014254114,0.00011982521,0.00056411779,-3.2484143e-05,0.00070824861,-0.00012526611,-8.8570559e-05,6.2467117e-05,8.3034641e-05,-0.00016197764,0.0001342935,-9.695813e-05,-9.0713288e-05,8.6062374e-05,6.5802705e-05,-2.3811124e-05,-2.1436169e-05,-0.0014751036,-0.00015686955,0.0001916744,-0.00013889367,-8.791191e-05,-0.00025007978,3.7953226e-05,2.4188871e-06,-0.00037544912,0.00019531528,-0.00038078541,-0.0001428788,-0.00052937218,0.00012745528,2.0419364e-05,-0.00014867889,0.00021186873,9.0550643e-05,0.00025604809,-1.5173962e-05,0.0004584462,0.0001918025,-0.00015657954,1.8997945e-05,1.6426791e-05,0.0088907847,-0.010221537,0.010762592,0.0032346728,-0.00036819354,0.0023699926,0.0016302932,-0.0017952324,-0.00059733246,-6.5555495e-05,0.0020616555,-0.0013449062,0.00055847544,0.002411564,0.0024598155,-0.0007430558,-0.0015813367,-0.0043384373,-0.00068955331,0.002634109,-0.0026385773,-0.00095301881,-0.0036659926,-0.001708052,0.0018573855,-0.0020880317,9.4530575e-05,-0.0003989855,0.00065528462,-0.0011180082,0.00057712481,-0.00077067527,-0.0047064247
"103",-0.00089763947,-1.7985418e-05,-2.0636578e-05,-0.00021532947,-0.00035294724,6.6409267e-05,-8.0630001e-06,-2.2451591e-05,-3.7515446e-05,-0.00022996924,-0.00011703095,4.5763465e-05,0.00036024348,-0.0054089625,0.00012572183,3.9690773e-05,0.00016301105,-2.7920871e-05,4.7322868e-06,-4.4953481e-05,1.3472816e-05,0.00016040312,2.4977238e-05,0.00054925245,0.0001015054,7.6065948e-05,-0.00026965519,-0.00012116331,0.00010359357,0.00026260922,-7.7100469e-06,8.7992941e-05,-1.5742993e-05,-2.3452443e-05,0.00010305132,-0.00027008654,2.0658589e-05,1.1970371e-05,-0.00034038378,-0.00011164896,-0.00046331482,0.0001818164,0.00011298677,5.8723028e-05,-2.8999433e-05,-0.00033771572,-0.00018774084,-0.0014115752,-0.00037287279,-0.00013973906,0.00064500663,0.00026606867,-0.00017893388,-0.00036486844,0.00012634365,-3.1155038e-05,0.00013827458,0.00014360687,-0.00013989339,0.00056770483,-3.9862509e-05,-3.4031843e-05,0.0019566198,0.00049129194,-0.00011531758,0.00017168669,-7.4269287e-05,0.00016278165,-6.3732557e-05,9.9559585e-06,0.0007208069,-0.00012722811,0.00062608062,0.00031760044,7.9611016e-05,-0.00048933719,-0.00014431515,0.00015404006,-0.00016942692,-0.00017680857,-0.0004272947,2.6882701e-05,-0.00055783281,-0.00025613948,-0.00028286192,-4.3260986e-05,1.9324458e-05,-0.008233796,0.017204253,-0.0046652178,-0.003256154,0.00070061703,-0.0016326964,-0.0013969123,0.00068083321,0.0010517364,-6.3245099e-05,-0.0032092642,0.00051285875,-0.0018106938,-0.0028915052,-0.0007430558,0.0023125319,0.0017395878,0.001203992,0.0017860917,-0.0017300807,0.0040160903,0.00063449488,0.0044194942,0.0020612928,-0.0012878025,0.0018131423,-0.00017603556,0.00077214409,-0.0013173485,0.0022809043,-0.00082205557,0.00021585919,0.0030782531
"104",-0.0013041774,0.00010107412,3.4029711e-05,-0.00011678081,-0.00054698383,-0.0010281761,4.5706944e-05,7.0496063e-05,-5.2995409e-05,-0.00072304479,0.00017125912,-0.00015898488,0.00093175014,-0.0057752768,0.00013980285,-3.0209497e-05,0.00026451377,0.00034567289,0.0006651379,-9.2933914e-05,2.6644007e-05,0.00010659579,-0.00059171148,0.00024756415,-0.00015312724,5.3265755e-05,-6.6160447e-05,-0.0020620849,0.00017297937,0.00034841244,-0.00057304404,0.00019650075,6.4903651e-06,0.0001295211,0.0004498511,0.00041738188,2.9155689e-05,8.4629175e-05,-0.00031035101,-1.8404299e-05,-0.00070688403,-0.00052980112,-0.00086454224,0.00013686738,-4.5210405e-05,-0.0004153683,0.00091095336,-0.00095743883,0.00025502949,-8.5062014e-05,0.0002301632,0.0039365492,-0.0002972914,-0.00076305288,0.0010842885,-0.00036312389,-0.00022903693,-0.00028731404,-0.00086578531,-0.00082930276,-5.8748171e-05,-0.00014222576,0.003550712,0.00066576271,-0.00028828787,0.00042784383,0.00062508537,0.0012099977,-0.00014471996,2.7871726e-05,0.0008224267,-0.0011687307,0.00083944614,0.00034115385,-1.1820577e-05,-0.00027011272,-0.00289606,0.00024488711,-0.00041104307,-0.00098151837,-0.00085205682,-1.1164544e-05,-0.00094234447,0.00018258009,0.0009307009,-1.7538874e-06,0.00010387915,-0.020428116,0.026735332,-0.022668728,-0.0079892339,0.00042965422,-0.0051105457,-0.0052375488,0.0016348722,0.0017646333,-3.1510426e-05,-0.0051029257,0.0056676679,-0.0018928472,-0.0052894405,-0.0015813367,0.0017395878,0.013164539,0.0089236465,0.0014706301,-0.0035586266,0.0072046222,0.0016743731,0.0080805998,0.0020624731,-0.0068034465,0.0046884336,-0.00070363521,0.00116135,-0.001932443,0.0032433837,-0.0014572357,0.0015351704,0.010376189
"105",-0.0011427851,5.7229727e-05,9.8143771e-05,8.0725793e-05,-0.00024577314,-0.0044356024,0.00010246509,0.00051919452,-0.00032654233,-0.0028821864,0.00075512284,-0.00053767801,0.002064617,0.0017134061,-0.00021937058,5.7876736e-06,4.3474526e-06,-6.5760988e-09,0.00023680038,4.607595e-05,-1.1614519e-05,1.8038368e-06,7.7078923e-05,-0.00036914279,-0.00017996503,0.0001254466,8.8963577e-05,-0.00052664152,-0.0017876279,-0.00096354548,-0.0002580197,-0.00032942298,-0.00042537745,0.00010652035,0.00018134458,0.00067421471,5.2850277e-05,-1.425257e-05,0.00037340084,3.1836543e-05,-0.00019792778,0.00029117952,-0.00064020031,-0.00022092869,3.93611e-05,-0.00085969283,-0.00062995706,0.0012840345,0.00057970555,-0.00024258058,-9.8954068e-05,0.00050865208,0.0039677284,0.0017892161,3.1953805e-05,0.00043280486,-0.00043565639,-0.00022599121,-0.00073129204,-0.00077796259,-0.00023040083,3.1762076e-05,0.0055170322,0.00059524044,-0.0002906151,0.00023537518,0.00038950896,0.00099071389,-0.0001949344,2.177246e-05,0.00072977405,-0.00069996481,0.00075337832,0.00053540218,9.9939183e-05,-0.00025474507,-0.00040427098,-0.0031027235,-0.0026545649,-0.00041776542,-0.0017285169,-0.00021704205,-0.0018554677,-0.00076765835,0.0012475719,0.00014785143,-2.3188318e-05,-0.044278652,0.025849733,-0.069754049,-0.018025126,-0.0021842677,-0.012131131,-0.0064700405,0.013670845,0.0013035095,0.00039659215,-0.0075911273,0.0078206284,0.00036283246,-0.01150211,-0.0043384373,0.001203992,0.0089236465,0.042721827,0.0049433723,-0.015508294,0.011650537,0.0052244433,0.015589933,0.0067380641,-0.0073806546,0.010138759,-0.00076393995,0.0011430584,-0.001497279,0.0022631815,-0.0018848218,0.0053695665,0.027656292
"106",-0.0018495087,2.0244255e-06,-0.00012469119,-0.00056652687,-0.0010130285,0.00073055643,-2.3237672e-05,-0.00020411401,7.112231e-07,0.00018073059,0.00047740272,-0.0001741217,0.0015663255,-0.014996894,-8.0749269e-05,-8.0915243e-06,8.8474274e-05,-1.8752798e-05,-0.00016637055,-2.6072723e-05,1.853803e-05,-0.00018964865,0.00041812832,-6.2241892e-05,-2.6506136e-05,-1.8799496e-06,0.00011413906,9.9430858e-05,-0.0009438403,-0.0015545837,0.00014875584,-8.003073e-06,4.6068629e-05,-6.3627256e-05,0.00029733409,0.00030624801,6.2910385e-06,-2.1334367e-05,-1.9235835e-05,-5.5078187e-05,-0.00058316056,0.0001330823,1.9082426e-05,-7.1377375e-06,-8.1869709e-05,2.5867158e-05,-0.0010054564,-0.00039868462,0.00022525412,-5.6809635e-05,-0.00011977708,-0.00028368913,0.0018329377,0.0034373636,-0.00028511448,-3.1423176e-05,-8.6286865e-05,-0.00030816437,-0.00034404587,-0.00050064843,-1.8967302e-05,1.4935204e-05,0.0046631687,0.00061855726,-0.00021771583,0.00021424185,6.7144907e-05,0.00049900723,-5.4666927e-05,1.994567e-05,0.0010040819,-0.00057449263,-1.5107834e-05,0.00039731062,3.1938504e-05,-0.00010457717,1.3961047e-05,-0.0014198561,-0.0033348656,-0.00050618202,-0.0011133993,9.5100781e-05,-0.0012441754,-0.00071903524,0.00092075538,-8.0600705e-05,-3.2075412e-05,-0.015501655,0.037386507,-0.0025762185,-0.0036932144,0.0018870406,-0.0015604732,-0.0033243644,-0.00059555125,0.0019556827,-0.00021801097,-0.0048535392,-0.00026576465,0.0019389281,-0.0035930349,-0.00068955331,0.0017860917,0.0014706301,0.0049433723,0.014417831,-0.0024655041,0.0089009335,2.1584018e-05,0.0081958679,0.0046389793,-0.0078189103,0.0032400769,-6.3920682e-05,0.0018651409,-0.003041396,0.0052528176,-0.0017326093,-0.0001328653,0.0036783369
"107",0.0010666576,-6.3428185e-05,5.7793856e-05,0.00040438588,0.00069950925,0.0019365912,-4.5642973e-05,-0.00022853828,0.00053098488,0.0013848108,0.0026480448,-0.0061776478,0.0040225432,-0.010849612,0.00019569078,-9.2294654e-05,2.0157213e-05,1.9839613e-05,-0.00014117285,-6.4629697e-05,9.002382e-06,-0.00017742641,-0.00018061526,-0.00029816989,-0.00054198389,-3.9163685e-05,2.6065177e-05,-0.00017297249,-0.00024542545,-7.8122861e-05,-0.0025462305,-7.8633379e-05,6.7112594e-05,-0.00015771853,-0.0004726962,-7.4549473e-05,-8.0256618e-06,4.2071916e-05,-0.00053660963,0.00029754321,0.00036242344,0.00020128226,0.00070515232,0.00017966832,-3.8411266e-05,0.00050404523,0.00059920047,0.00020446828,0.0014001692,7.2258133e-05,-4.6677088e-05,0.00053593139,0.00029652497,-0.00010316332,0.0056417764,6.7454211e-05,0.00033577391,0.00046438523,0.001150189,0.00028487738,7.0116861e-05,-8.026465e-05,-0.0037518119,-0.00010308651,0.00037806019,-0.00023828347,7.6770503e-05,-0.00067366247,-6.3718317e-05,2.218458e-05,-0.0013298694,0.00048582434,-5.3091974e-05,-0.0011704409,-0.00011237675,0.00022040732,-0.00044890428,-0.000266157,0.00059045938,-0.0041577239,0.00089496821,-0.00025050869,0.00099149019,0.00033984942,-0.00041163288,1.7511117e-05,5.6579061e-05,0.026086524,-0.0335034,0.035925987,0.0096408014,-1.6730291e-05,0.0069888835,0.0046346781,-0.0064374158,-0.0012784924,-0.00021656136,0.0069268822,-0.0042055093,-0.0021702211,0.010579891,0.002634109,-0.0017300807,-0.0035586266,-0.015508294,-0.0024655041,0.023654468,-0.00898002,-0.0019059557,-0.01041639,-0.0039627104,0.0057678829,-0.0068283674,0.00032822036,-0.0011815434,0.0020505599,-0.003991797,0.0018636543,-0.0025989583,-0.015589196
"108",-0.0034420731,0.00011822686,1.236344e-05,-0.00065697183,-0.0015601958,-0.00059487211,0.00021913088,9.8758909e-05,-0.00026921406,-0.0010378309,0.00011145198,0.0003178806,0.0013647666,-0.019268055,-0.0001889439,0.00013700962,7.637172e-05,8.1577679e-05,-8.7884763e-05,-3.3960579e-05,3.0556404e-05,-8.6250238e-05,-0.00014370448,0.00020663021,-0.00015172983,-1.027857e-05,9.7732503e-06,-0.00024246558,0.00011318952,0.00038955491,-0.00014306258,-0.0017446313,-0.00067467323,0.00053463805,0.00046171742,0.0002781746,6.1423405e-05,-7.496357e-06,0.00013118295,-0.00057135092,-0.00054856864,4.582831e-05,0.00013264081,2.7979422e-05,-0.00010248233,0.00031564137,-0.00077559264,0.00058566961,0.00052162251,-1.4485254e-05,7.7124666e-05,0.00019331001,-0.00060788202,-0.00079778493,0.00061945885,0.0037760882,0.0012129787,-0.0010034367,-0.00059939157,-0.00030510576,-0.00014365182,-1.166076e-05,0.0092167526,0.0010810458,-0.00067855656,0.00021012447,6.5633006e-05,0.00067639557,-8.1130546e-06,-3.608197e-06,0.002099665,-0.0013986144,0.0013945917,0.00083507921,1.1560319e-05,-0.00043725622,-0.00033067931,0.00034838444,-0.0014927936,-0.0010059803,-0.0050600713,-0.00067417472,-0.0020942867,-0.001093049,0.0013801643,-0.00021646031,8.6345838e-06,-0.042518662,0.072758676,-0.031978828,-0.013162324,0.0024429507,-0.0066415741,-0.0082129533,0.005439949,0.0037023565,-7.5256779e-05,-0.010967579,0.0053902785,0.0010423223,-0.010832666,-0.0026385773,0.0040160903,0.0072046222,0.011650537,0.0089009335,-0.00898002,0.027710752,0.0054002958,0.017574777,0.0093842042,-0.01410929,0.0094633129,-0.0005901453,0.0032676658,-0.005504095,0.009186462,-0.0036603052,0.0018166631,0.017414444
"109",-0.0003884365,4.5159599e-05,3.5226258e-05,0.00010295392,-4.7744546e-05,-0.00065050825,7.6155389e-05,0.00023306209,1.7086299e-05,7.9141387e-05,-4.8657975e-06,-0.0001351607,0.00052124052,-0.00076442186,4.4229823e-05,8.5268822e-06,0.00012608102,5.6180958e-05,0.00014261837,4.9036406e-05,1.4761238e-05,-8.3204114e-05,-0.00014272382,9.5205074e-06,-4.5161942e-05,6.6312008e-05,-6.9097297e-05,-0.00013206872,3.0954661e-05,4.639988e-06,-9.6370985e-05,-0.00062967245,-0.0020046073,-6.407363e-05,0.00010710357,0.00025912703,-4.8691309e-05,1.5045943e-05,-0.00013302907,-0.00014793352,-0.00023631133,-0.00013554047,-0.00032286373,-5.37371e-06,-1.6921071e-05,-0.00011697701,2.8151193e-05,0.00095071898,-0.00033847209,-0.00017458357,0.00019072586,0.00010005736,-0.0001275371,-0.00018891683,0.00032074018,0.0012790421,0.0043509952,8.8537468e-05,-0.00054314378,-0.00040935585,0.00018901354,-2.7884335e-05,0.0014014204,0.00026591042,1.2137372e-05,2.4171009e-05,0.00019650393,0.00067612555,3.436194e-05,3.7707184e-06,-2.1657617e-05,-0.00035135475,8.5756793e-05,3.4975755e-05,1.0993898e-05,-0.00011008508,-6.3478802e-05,0.00018100502,-0.00019309732,-0.00032022804,-0.0012488679,-0.0035502032,-0.00058551038,-0.00012539275,0.00040194178,-8.9843511e-07,3.2105528e-05,-0.0095119098,0.006455413,-0.012751099,-0.0037599942,-0.00039393638,-0.0023361812,-0.0015997791,0.0010580862,0.00018144363,3.7036183e-05,-0.0012102144,0.0020918477,0.0017139575,-0.0026318884,-0.00095301881,0.00063449488,0.0016743731,0.0052244433,2.1584018e-05,-0.0019059557,0.0054002958,0.01290639,0.003623805,0.00099718057,-0.002046627,0.0022702744,-0.00023592743,0.00032381009,-0.00043939634,0.0006761965,-0.00042164201,0.00091215201,0.0049958245
"110",-0.0041409149,0.00012285803,0.0001263132,-0.00056537941,-0.00125737,-0.0010645848,-6.4318141e-05,0.00010645261,-4.423055e-06,-0.0014953746,0.00019945595,0.00051882534,0.0016408226,-0.018436668,-0.00011222524,-7.2759493e-05,0.00066262884,7.0114777e-05,0.00053142059,-0.00032598669,3.2112763e-05,6.0523628e-05,-0.00034237972,0.0012640745,0.00026210202,0.00017128338,-4.8910405e-05,-0.00039108919,0.00021409169,0.00062967618,-0.00026915269,0.00065532674,-0.00029513202,-0.0034600199,-6.7791049e-05,0.00033423934,0.00011127386,-3.8097222e-05,-0.00026626515,-6.732459e-05,-0.0019890192,-0.00015781737,-0.0010275515,0.00046365559,-0.00010230723,-0.00042164606,-0.00046209755,-0.0022136891,-0.00026699425,-0.0002601192,0.00025793408,0.00047603831,-0.00088718277,-0.0011957183,0.0010603575,-0.00074995269,0.00018825005,0.0060124248,0.00030560093,-0.00036951879,-0.00034359951,1.9964214e-05,0.0099570582,0.0013010231,-0.001028837,0.00066270409,0.00013572551,0.0014706135,-0.00035894508,6.4590098e-06,0.0024051414,-0.00097665458,0.0016520153,0.0010645365,0.00019886998,-0.00051028896,-0.00026381554,0.00053672904,-0.0014016271,-0.0011617177,-0.0017018594,2.1759188e-05,-0.0077960548,-0.0020937559,0.001242837,-2.6163501e-05,-4.1658193e-05,-0.049097673,0.074651488,-0.041581811,-0.016338099,0.0038276039,-0.010259885,-0.0090616537,0.0055105466,0.0046424177,-2.2161451e-06,-0.013195348,0.0063036852,-0.0017808091,-0.013183962,-0.0036659926,0.0044194942,0.0080805998,0.015589933,0.0081958679,-0.01041639,0.017574777,0.003623805,0.037302907,0.013208,-0.013799795,0.010144673,-0.00058791786,0.0037508316,-0.0059515079,0.0095683836,-0.0038427492,0.0025982708,0.021068116
"111",-0.0020613529,5.2163845e-06,2.5012101e-05,-0.00048057052,-0.00088047664,-0.00047097059,7.7265124e-05,6.5560361e-05,-1.4052793e-06,-0.00062878273,0.00048731387,-0.00088265542,0.0014610838,-0.012178721,-0.0001788503,-0.0001113931,0.00021320717,2.2355473e-05,0.00012965314,-0.00019224136,2.6741015e-05,2.9052412e-05,0.00010117227,0.0011794161,0.00015824372,0.00010894758,-1.4109787e-06,8.4567505e-05,0.00013398395,0.00031751089,-0.00031315156,0.00013407935,-1.8847935e-05,-0.00060479798,-0.0014782896,0.00011478493,0.0001983915,-3.3041832e-05,0.00022838986,0.00014908018,-0.00092644591,9.9762948e-05,-0.00016954824,0.00034092375,-9.091889e-05,0.00021922079,-0.00063549428,-0.002909275,-0.00034844904,-0.00013256217,2.3145746e-05,-0.0002926421,-0.00036511284,-0.00046915979,0.0010301027,-0.00011588784,-0.00049422683,0.0010389093,0.0034800421,-0.00037939875,-0.00023048263,6.1999093e-05,0.0048518735,0.00041910101,-0.00046993904,0.00021589335,-8.8551253e-05,0.00058339944,-0.00021698862,4.8383338e-06,0.0009193811,-0.00058072091,0.0017438548,0.00086282989,8.062726e-05,-0.00022622072,0.00049722486,0.00024123998,-0.00085052745,-0.00057240604,-0.0010433752,0.00010843836,-0.0022050701,-0.0036663227,0.00057500798,-1.0452506e-06,-4.1499469e-05,-0.02297768,0.037223156,-0.018247768,-0.006722422,0.0017818296,-0.0045924141,-0.0039394297,0.0025270218,0.0025472691,-7.0602664e-05,-0.0051337858,0.0021019862,-0.004877274,-0.0070630158,-0.001708052,0.0020612928,0.0020624731,0.0067380641,0.0046389793,-0.0039627104,0.0093842042,0.00099718057,0.013208,0.015088786,-0.0070997942,0.0047943248,-0.00016611143,0.0018195718,-0.0029609976,0.0050655746,-0.0018127759,0.0011066528,0.0096386714
"112",0.002824656,-9.7047776e-05,6.1591868e-05,0.00059662423,0.0012713788,0.00018410828,6.583463e-05,-6.3289265e-05,0.00021940662,0.0004277135,0.0021862777,-0.0052867004,0.0025759737,0.0037323266,0.00020645653,-0.00036145533,-0.0009955538,-0.00016036076,-0.00014061572,0.00013147202,-1.2622465e-06,1.6468075e-05,-0.00020671847,-0.00035785023,-0.0001731926,-4.5658645e-05,-0.0002684637,0.00053036043,1.0827479e-05,-8.5166535e-05,9.9148754e-05,-1.6767316e-05,0.00023798474,0.00026282292,-0.00033427835,-0.0028758561,-4.6544795e-05,-3.4162652e-06,-0.00026271687,0.0008677153,0.0024053745,0.00030591173,0.00062789837,-0.0002077274,6.0733206e-05,7.5566009e-05,0.0012562718,0.0006457078,-4.5254022e-05,0.00011760817,0.00053983984,-0.0010994506,0.00021584555,0.00013464709,-0.0003287126,0.00012127009,-0.00027298527,-7.3891079e-05,0.0003168288,0.0056766116,0.00010284002,1.5800563e-05,-0.0064814178,-0.000545597,3.5241124e-05,-0.0016470364,-0.00030664354,-0.00081486516,9.1762978e-06,3.4778676e-05,-0.0013660964,0.00082676651,-0.00035642469,-0.00073667475,1.6720075e-06,-0.0001845996,0.00073449764,-0.00019466055,0.0012812369,0.00080283853,0.0017206383,0.00010548891,0.0018237336,0.00077931298,-0.0048946556,0.00011846588,-7.2512278e-06,0.028902973,-0.055462805,0.019962597,0.007980186,-0.00052855411,0.0090229955,0.0071655626,-0.0016117419,-0.0030306693,1.1658374e-05,0.0075801912,-0.0026411424,-0.0016465272,0.0079889125,0.0018573855,-0.0012878025,-0.0068034465,-0.0073806546,-0.0078189103,0.0057678829,-0.01410929,-0.002046627,-0.013799795,-0.0070997942,0.023651643,-0.0068510169,0.00041374499,-0.0025166278,0.0042381872,-0.007357927,0.0027801095,-0.0010926187,-0.011445286
"113",-0.0015934476,2.6321178e-05,3.7044927e-05,-0.00039919526,-0.00061834392,-0.0011383774,4.3287219e-05,0.00010250149,-8.8702733e-05,-0.0010536307,-0.00033257735,0.00066563309,0.00037242871,-0.005531473,-7.287993e-05,-8.8683615e-05,0.00011490704,8.5023344e-07,0.00028675056,-2.4220129e-05,8.0867458e-06,8.6386868e-05,6.9599439e-06,0.00056248689,0.00012643628,9.5747677e-05,-2.264816e-06,-0.00026711828,0.00029521271,0.00023339873,-0.00012936527,7.187302e-05,-0.00014783276,6.9233505e-05,0.00040750322,0.00014195565,-0.00030485967,-1.2059261e-05,0.00011773402,-3.8435926e-05,-0.00044226766,7.86153e-05,-0.00047028266,5.8633747e-05,-4.2112642e-05,-0.00018234562,-0.00046224082,-0.0012807648,-0.00044602304,-0.00014411747,6.2902228e-05,0.00037023223,-0.00080874609,-0.000365601,0.0004066723,7.0999692e-05,0.00013783216,-0.00032136281,-0.00056695777,-0.00021606198,0.0011410999,1.4331363e-05,0.0046185463,0.00053056856,-0.00043203711,0.00020381657,3.1175466e-05,0.00068458534,-0.00010836373,9.7849607e-06,0.0010624809,-0.00068274862,0.00079674667,0.0006741821,5.5679188e-05,-0.00021208212,-0.00012487572,0.00055031735,-0.00067550501,-0.00045682093,-0.0011036688,0.00011383935,-0.0011464994,-0.00045451568,0.00062591751,-0.00095814565,-1.4499117e-05,-0.025391158,0.03465531,-0.027279175,-0.0088993392,0.00093860799,-0.0055499985,-0.0043862691,0.0042951746,0.001947289,4.2119683e-05,-0.0059866851,0.0038107857,-0.00085793593,-0.0080753744,-0.0020880317,0.0018131423,0.0046884336,0.010138759,0.0032400769,-0.0068283674,0.0094633129,0.0022702744,0.010144673,0.0047943248,-0.0068510169,0.0090221037,-0.00035552903,0.0014506377,-0.0024488209,0.00414172,-0.0019034036,0.001854255,0.012645407
"114",5.8683568e-05,1.5177818e-06,3.6134193e-08,9.3630071e-06,2.2775724e-05,0.00010473589,-1.4104553e-05,-1.604925e-05,-1.0805213e-05,6.1239045e-05,1.5052609e-05,-5.7164203e-05,2.0600053e-05,3.0663089e-05,-1.9216985e-05,-6.8783588e-06,2.3446522e-06,-4.1331303e-06,-6.5651485e-06,7.0568399e-06,-2.7154271e-06,1.8640241e-05,3.0449844e-05,1.3504367e-05,-1.5546165e-06,1.8277324e-06,2.15666e-05,0.000107587,-1.3901074e-05,-1.2987518e-05,4.1413735e-05,1.1538102e-05,1.6224295e-05,-2.2857696e-05,-3.0343362e-05,-2.1973479e-05,-1.4480348e-06,-2.4710065e-05,4.1270596e-05,1.915837e-05,3.1715084e-07,-4.021128e-06,-2.6117376e-06,-8.9568997e-06,5.4045683e-06,3.3019988e-05,-2.185795e-05,-3.1080592e-05,1.3197639e-05,-3.9182529e-06,-4.3681508e-05,-0.0001739257,1.7239055e-05,2.4524381e-05,-7.4243616e-05,-4.7379437e-05,-1.7789889e-05,-1.1107118e-05,6.0424523e-05,4.9685749e-05,7.133145e-07,4.1266441e-05,-0.00021945133,-5.730999e-05,1.6104244e-05,-3.7051163e-06,-9.7747304e-06,-3.9203496e-05,5.0188582e-06,-3.5155036e-06,-5.7706608e-05,5.6566423e-05,-2.515026e-05,-2.628176e-05,8.3757873e-06,3.744923e-05,0.00012535405,-2.2925301e-05,1.5499601e-05,6.0646038e-05,9.4325984e-05,3.5056043e-05,5.4783713e-05,1.9724922e-06,-5.7809471e-05,4.5275878e-06,-2.8802827e-05,0.0014569369,-0.0016979498,0.0018827451,0.00066931686,2.1655955e-05,0.00032737537,0.00027732483,-0.00030437286,-8.95661e-05,2.4096328e-07,0.00037062551,-0.0003309447,6.1144528e-06,0.00042718023,9.4530575e-05,-0.00017603556,-0.00070363521,-0.00076393995,-6.3920682e-05,0.00032822036,-0.0005901453,-0.00023592743,-0.00058791786,-0.00016611143,0.00041374499,-0.00035552903,0.00012141036,-6.2922482e-05,0.00010708384,-0.00018829438,9.8588668e-05,-0.00013010774,-0.00083583457
"115",-0.0011236349,-1.9939884e-05,-1.6633371e-07,-0.00010561573,-0.00023359617,1.4825317e-05,9.5464468e-07,-1.3613657e-05,-2.6278191e-05,-0.00011525439,-0.00029421785,0.00028537829,0.00018755362,-0.0034879657,-2.6095247e-05,1.9786871e-05,2.1336296e-05,-4.8919011e-06,4.5139425e-06,-2.7673157e-05,2.0289422e-06,3.1520749e-05,-5.100269e-05,0.00018456325,-3.9271176e-05,2.9719229e-05,2.5933618e-05,-1.9590409e-05,0.00010586154,0.00015895432,-7.2051628e-06,0.00015182654,1.7925914e-05,-4.4150302e-05,0.00012004423,0.00011112084,1.8388457e-05,-6.6536466e-06,-2.2048583e-05,-1.0061632e-05,-0.00021114768,-9.560857e-06,-0.00011573269,6.7521108e-05,-2.1530341e-05,-1.0218696e-06,-0.00013909679,-0.00028433775,-5.4316894e-06,-3.1046797e-05,1.8138051e-05,8.4553374e-05,-0.00016194739,-0.00018837542,0.00010522665,-9.8198306e-05,1.6984031e-05,6.409652e-05,-0.00017031385,-6.8664195e-05,-6.3210493e-05,1.0265306e-05,0.00188919,0.00025035773,-0.00019965674,0.00010837235,2.8213969e-05,0.00029984238,-5.229017e-05,5.5444487e-06,0.00049363221,-0.00025448637,0.00021573878,0.0001905945,1.5540572e-05,-8.6526958e-05,-5.6332252e-05,0.00010374645,-0.00029741547,-0.00021388511,-0.00038384576,2.2873373e-05,-0.00058164207,-0.00026540894,0.00020322575,-2.596332e-05,-8.1231452e-06,-0.0079220939,0.013061182,-0.0039797831,-0.0021959027,0.00086662776,-0.0011660307,-0.0014218195,0.0001110559,0.00080670197,-4.434963e-05,-0.002315987,0.00073116389,-0.0001531191,-0.001836542,-0.0003989855,0.00077214409,0.00116135,0.0011430584,0.0018651409,-0.0011815434,0.0032676658,0.00032381009,0.0037508316,0.0018195718,-0.0025166278,0.0014506377,-6.2922482e-05,0.001149117,-0.0014947784,0.002073772,-0.00063435109,0.00021934046,0.0023427082
"116",0.0016408972,-5.0411481e-05,-6.3635948e-07,0.00023763856,0.00048916626,-3.927013e-05,2.6396411e-05,3.94354e-05,5.6333823e-05,0.00026217282,0.00023915116,-0.00061702892,-0.00019028207,0.006209328,1.4386851e-05,-1.1844581e-05,-8.5718448e-05,-6.5998442e-06,-8.8952917e-05,6.4064085e-05,-1.1351944e-05,-5.799471e-05,8.4652111e-07,-0.00033799923,-9.6179285e-06,-2.0884951e-05,-4.3592492e-06,8.5873941e-05,-0.00013650347,-0.00021678312,-1.6337467e-05,-0.00014992638,4.157305e-07,5.4832676e-05,-0.00018124043,-6.3208697e-05,-3.9690636e-05,1.0768708e-05,6.7098449e-05,4.3100369e-05,0.00038434386,6.5967651e-05,0.00025556242,-8.7200463e-05,4.3705197e-05,2.4868714e-05,0.00037201286,0.00064430493,5.770292e-05,4.8920129e-05,-3.6430069e-05,-0.00015213625,0.00026845988,0.00031272795,-0.00025061119,0.000127117,-2.4634862e-05,-4.0028196e-05,0.00022291425,6.5988136e-05,9.1301845e-05,-1.2818483e-05,-0.0027577022,-0.00038218888,0.00030062732,-0.00015787337,-2.7327043e-05,-0.0003995584,7.0794621e-05,-6.667385e-06,-0.00075546171,0.00033331117,-0.00040029978,-0.00023707844,-2.2185881e-05,0.00012459339,7.46863e-05,-0.00018511477,0.00038790462,0.00029206228,0.00058134236,-7.7316656e-05,0.00077082036,0.00036727822,-0.00033073252,4.9966427e-05,1.1566003e-05,0.012085033,-0.023394543,0.0060551983,0.0035377356,-0.0014347789,0.0017987208,0.0023979012,-0.00020682984,-0.0013781214,8.2649596e-05,0.0037389022,-0.00094848332,0.00027604248,0.0029242537,0.00065528462,-0.0013173485,-0.001932443,-0.001497279,-0.003041396,0.0020505599,-0.005504095,-0.00043939634,-0.0059515079,-0.0029609976,0.0042381872,-0.0024488209,0.00010708384,-0.0014947784,0.0024754406,-0.003806777,0.001099399,-0.0002921834,-0.0038376136
"117",-0.0024127886,7.2087599e-05,-0.00012084833,-0.00081761778,-0.001369794,9.5177387e-05,-4.6218126e-05,-7.9099241e-05,-0.00011008023,-0.00050380872,-0.00042627179,0.0010793434,0.0001056506,-0.011043848,2.7162806e-05,-1.6570757e-05,0.00019878293,2.9583257e-05,0.00021957754,-7.5239613e-05,2.5615951e-05,0.00013559024,0.00017989286,0.0006393438,7.2530178e-07,2.357024e-05,-1.2534611e-05,-0.00017206832,0.00019677589,0.00036248714,-2.1192763e-05,0.00019803376,3.1103088e-05,-2.6192522e-05,0.00021755128,3.7966809e-05,4.5107309e-05,-1.5634315e-05,-0.00021903236,-7.3786322e-06,-0.00068085804,4.7732782e-05,-0.00044381636,7.7169947e-05,-7.7586684e-05,-0.00012080618,-0.0010671591,-0.0015400457,0.0001119559,-7.5269667e-05,5.8252681e-05,0.00023595883,-0.00027146008,-0.00046628971,0.00041296064,-0.00029295201,-0.00012843768,-4.6419736e-05,-0.00026078392,-9.6232214e-05,-0.00016755267,1.7719929e-05,0.0040289047,0.00058398724,-0.00045996643,0.00023628043,1.7580512e-05,0.00057962314,-7.5288985e-05,1.0115396e-05,0.0011735965,-0.00039715435,0.0005353417,0.00033153809,7.6587375e-06,-0.00018247463,-0.00010268234,0.0003185603,-0.00052129867,-0.00034629818,-0.00081666028,0.00016083318,-0.0010998737,-0.00060418067,0.00051013161,-4.8221605e-05,-1.7926754e-05,-0.017992764,0.042743421,-0.0094593695,-0.0057039852,0.0023839206,-0.0029142735,-0.0041824437,0.00030120897,0.0023720287,-0.00015777551,-0.0060667459,0.00082638149,-0.00020463663,-0.0046996504,-0.0011180082,0.0022809043,0.0032433837,0.0022631815,0.0052528176,-0.003991797,0.009186462,0.0006761965,0.0095683836,0.0050655746,-0.007357927,0.00414172,-0.00018829438,0.002073772,-0.003806777,0.0073182318,-0.0018550124,0.00040280944,0.0065336698
"118",0.00070908492,-3.2971083e-05,-2.7388418e-06,0.00010929906,0.00029449437,-4.5973887e-05,1.8125941e-05,4.3542811e-06,4.0539037e-05,0.00018596913,0.00011928267,-0.00029165018,-0.00014840529,0.0037373763,2.6943637e-05,-5.2962885e-06,-5.6715158e-05,-4.5194617e-05,-0.00011985655,3.5400856e-05,-4.8882743e-06,-3.6503291e-05,2.8215841e-06,-8.4772495e-05,-1.2016614e-05,-1.9806945e-05,2.9675283e-06,6.0110234e-05,-8.0807379e-05,-0.00011052093,1.9126081e-05,-5.9534518e-06,8.7947361e-07,-1.4666356e-05,-0.0001142204,-4.5320325e-05,4.0434219e-06,3.8554475e-06,-1.0031663e-05,4.0651822e-05,0.00020240887,7.6918804e-05,0.00017768723,-5.0226373e-05,1.9992537e-05,2.7970143e-05,0.00018022255,2.8103564e-05,-1.525485e-05,1.431013e-05,-1.0183345e-05,-9.910941e-05,0.00022874718,0.00018467497,-0.00011053509,-2.9477293e-06,-7.3479766e-05,9.2725731e-07,0.00014297253,9.5088477e-05,-4.3507656e-07,-6.2693481e-06,-0.002062339,-0.00029569152,0.00019349667,-3.7611524e-05,-3.6272964e-05,-0.00030777185,5.3560132e-05,-8.2375624e-07,-0.00056757368,0.00024863849,-0.00026057709,-0.000212352,-2.4274874e-05,9.4055449e-05,3.7330849e-05,-0.00012766737,0.00029747622,0.00020230318,0.00044877815,-7.4037025e-05,0.00056932282,0.00021207943,-0.00023373548,4.5343817e-05,6.2928023e-06,0.0078301295,-0.0155942,0.0058142801,0.0025892191,-0.00072724593,0.0012968613,0.0017528447,-0.00056800925,-0.0009000773,1.752809e-05,0.0024017414,-0.00079769448,-0.00018938363,0.0022266996,0.00057712481,-0.00082205557,-0.0014572357,-0.0018848218,-0.0017326093,0.0018636543,-0.0036603052,-0.00042164201,-0.0038427492,-0.0018127759,0.0027801095,-0.0019034036,9.8588668e-05,-0.00063435109,0.001099399,-0.0018550124,0.0010073601,-0.00030296378,-0.0029733576
"119",-0.00020688829,1.2708046e-05,3.3198804e-05,2.0476772e-05,2.7700702e-05,-0.00075862421,-1.1217038e-05,9.1272424e-05,-2.6850734e-05,-0.00037798755,-6.1873616e-05,0.00020519206,4.6956853e-05,0.0013203034,-1.1650169e-05,2.1360047e-05,5.0681617e-06,2.0956543e-05,8.951754e-05,-5.0461361e-06,-1.8290959e-06,-1.4665927e-05,-4.0558854e-05,4.1721835e-05,-6.8592463e-06,2.4039112e-05,9.9435316e-06,-7.1399665e-05,4.2202783e-05,1.8645612e-05,-4.1552235e-05,2.6368243e-05,-5.0870195e-05,2.8354198e-05,3.7362195e-05,5.7425649e-05,-3.5338302e-06,-1.9584597e-06,1.0662714e-05,-3.1575675e-05,-2.8541337e-05,-1.4841666e-05,-0.00015868308,3.7307098e-06,7.6766238e-06,-0.00010322331,-5.6374833e-05,6.8575812e-05,2.2664666e-05,-5.5270303e-05,-6.1269355e-06,7.8331363e-05,-5.7521782e-05,-7.1863484e-05,2.1662873e-05,-9.7591031e-06,-8.321382e-05,-3.578887e-05,-0.0001456947,-5.4138292e-05,1.8162079e-05,5.768239e-06,0.0010327386,0.00013663081,-7.6356461e-05,5.1612535e-05,6.0604311e-05,0.00016295468,-1.849977e-05,4.362449e-07,0.00018137952,-0.00011776777,0.00016700859,0.00011052973,2.1656417e-05,-4.9246521e-05,-5.1084991e-05,7.8651603e-05,-0.00016885581,-7.3092307e-05,-0.00025200915,-3.897889e-06,-0.00028774527,-0.0001170943,0.00014290195,-2.1453796e-05,-6.4675932e-06,-0.0078015568,0.0042195955,-0.0120425,-0.0032616615,-0.00036394663,-0.0021840078,-0.0011474851,0.002288626,0.00023347562,8.0279599e-05,-0.0013550813,0.0015171946,-0.00010785628,-0.0020875502,-0.00077067527,0.00021585919,0.0015351704,0.0053695665,-0.0001328653,-0.0025989583,0.0018166631,0.00091215201,0.0025982708,0.0011066528,-0.0010926187,0.001854255,-0.00013010774,0.00021934046,-0.0002921834,0.00040280944,-0.00030296378,0.0010350106,0.0045108485
"120",-0.002481871,9.5793395e-05,5.5481781e-05,-0.00052612256,-0.0010140189,-0.0036556717,0.00016110522,0.00036131124,-0.0007519628,-0.0040489049,-0.00028478494,0.0014921613,0.00058049808,-0.0047987723,-6.2544998e-05,-6.1612541e-05,0.00010394517,9.7608747e-05,0.00033468692,-6.3198531e-05,3.6280513e-06,-7.0718185e-06,-0.000353955,0.00067292451,-4.8545636e-05,0.00014533326,5.1766765e-06,-0.00054431366,0.0004186298,0.00050984521,-0.00031879951,7.9484828e-05,-0.00027628974,0.0001708833,0.00038769678,0.00019416577,3.8187794e-05,-1.3736168e-05,0.00013862936,-0.00014095247,-0.00067739061,-4.9874453e-05,-0.00059937882,3.216944e-05,-1.8294369e-05,-0.00039552111,-0.00014507372,-0.00093787031,0.0003665962,-0.00033057643,6.1073326e-05,0.00061336881,-0.0008841351,-0.00092350251,0.00047043615,3.6491398e-05,-0.00029475528,-0.00038196645,-0.00086169794,-0.00018055242,-4.6864811e-05,3.9833947e-05,0.0074580904,0.00095684643,-0.00069311326,0.00038088598,0.00029998056,0.0012278419,-0.00019557385,-7.4887311e-06,0.0015110837,-0.001355975,0.0012310168,0.00075190579,0.00010718342,-0.00032632863,-0.0003831681,0.0006234119,-0.0011115137,-0.00070456634,-0.0018875538,-4.5804639e-05,-0.0021837372,-0.00094319699,0.001085707,-0.00010525128,-2.3374901e-05,-0.053037295,0.058490636,-0.066726601,-0.020373856,0.00027239,-0.012821762,-0.0090703538,0.011932035,0.0032765526,0.00029939727,-0.011271329,0.0097492816,-0.0014217643,-0.014384381,-0.0047064247,0.0030782531,0.010376189,0.027656292,0.0036783369,-0.015589196,0.017414444,0.0049958245,0.021068116,0.0096386714,-0.011445286,0.012645407,-0.00083583457,0.0023427082,-0.0038376136,0.0065336698,-0.0029733576,0.0045108485,0.03228758
