"","1","2","3","4","5","6","7","8","9","10","11","12","13","14","15","16","17","18","19","20","21","22","23","24","25","26","27","28","29","30","31","32","33","34","35","36","37","38","39","40","41","42","43","44","45","46","47","48","49","50","51","52","53","54","55","56","57","58","59","60","61","62","63","64","65","66","67","68","69","70","71","72","73","74","75","76","77","78","79","80","81","82","83","84","85","86","87","88","89","90","91","92","93","94","95","96","97","98","99","100","101","102","103","104","105","106","107","108","109","110","111","112","113","114","115","116","117","118","119","120"
"1",0.002026229,6.4360078e-05,4.3688021e-06,0.00014525598,0.00034553612,-1.4067081e-05,4.7451123e-05,1.118941e-05,3.4791172e-05,0.00018575835,5.2793842e-05,2.3426069e-05,-0.00022579945,0.0044188019,4.5030663e-05,-1.046466e-05,-0.00022526775,9.3479967e-05,-0.00014425551,6.9387737e-05,-8.7494117e-06,-0.0002427098,0.00011419454,-0.00021688594,0.00016479497,-5.8667256e-05,6.1559923e-06,0.00012809645,-6.6599051e-05,-0.00029360884,0.00015446386,-0.0001522947,8.527722e-05,0.00011426878,-8.9577866e-05,-0.0001011601,-2.6032795e-05,7.802222e-06,-7.0661286e-06,-1.7453423e-05,0.00048489752,-0.00014334269,0.00024324993,-0.00012141534,2.7853149e-05,0.000271047,2.4197302e-05,0.00021522005,-0.000256707,9.0688612e-05,-4.8260658e-05,-0.00018235551,9.0686319e-05,0.00037367385,-0.00041213964,0.00013346218,-0.00015633413,-0.00016180858,0.00013122984,0.00010213244,5.9240182e-05,-1.1927798e-05,-0.0019575555,-0.00027119527,0.00022398962,-0.00022329826,3.6888858e-05,-0.00029505112,6.319927e-05,-7.529815e-06,-0.00064230194,0.00026015958,-0.00032964384,-7.9755416e-05,-2.1510432e-05,9.5053313e-05,5.781409e-05,-8.3871525e-05,0.000206984,0.00029145028,0.00034091806,-1.4063473e-05,0.00063887326,0.00031076718,-0.00024070204,3.184318e-05,1.2125121e-05,0.0080019683,-0.014723261,0.0038306659,0.0022655451,-0.0010446251,0.0015104094,0.0014191635,0.00010101837,-0.00096277267,6.6652591e-05,0.0028160351,-0.00070349642,0.00014345993,0.0016126575,0.00034476309,-0.00080740744,-0.0012087288,-0.0010885355,-0.0018004776,0.0010445055,-0.0033900959,-0.00037890527,-0.004053751,-0.0020183418,0.0027958536,-0.001566515,3.1532542e-05,-0.0011220292,0.0016375353,-0.0024087171,0.00070068345,-0.00020440043,-0.0024264316
"2",6.4360078e-05,0.00045413888,1.6817548e-05,5.7078223e-05,2.4602828e-05,2.133911e-05,3.0477342e-05,3.1459778e-06,1.1293038e-05,1.051852e-05,-0.00015626826,7.5880167e-05,6.0023331e-05,-0.00015521349,-6.001924e-06,-2.6117954e-06,-7.6296228e-05,-2.77544e-05,-9.3365181e-05,1.5909356e-05,-1.6178913e-06,4.2580266e-05,-2.705495e-05,8.7087162e-05,-1.5292371e-05,1.1204362e-05,2.9484697e-05,5.3090578e-05,3.3319612e-05,7.4052911e-07,-1.9674499e-05,-2.737704e-05,-9.9458889e-06,-1.9924746e-05,1.5463795e-05,4.213957e-05,2.6288746e-06,-5.8238606e-07,1.464494e-05,2.1832606e-05,6.6945937e-05,-2.3261295e-05,0.00011009817,1.0609088e-05,-9.8951079e-07,-6.2964611e-05,2.8339948e-05,9.1067085e-05,-0.00021067294,-2.4013981e-05,-2.5152353e-05,2.0116754e-05,-1.9806189e-05,-1.3373708e-06,1.9717996e-05,2.0943354e-05,-3.6934661e-05,6.0108714e-06,-3.4365418e-06,-2.3401706e-05,-5.5300884e-06,-9.4805222e-07,-9.1230466e-05,-4.2391041e-05,2.1071721e-05,-3.9444274e-05,-2.0858031e-05,-2.5405294e-05,-3.8577181e-06,-3.3881659e-06,-4.0893295e-05,-3.984463e-05,2.4206259e-05,3.6575987e-05,7.7092469e-06,1.3064541e-05,-1.4685041e-05,-1.293462e-05,-6.7167968e-06,2.282777e-05,1.5641296e-05,-1.4573319e-05,2.2149665e-05,8.4710813e-07,-1.0879228e-05,1.6064983e-05,-2.5360883e-06,-0.00013364741,0.0004955007,-0.00020290863,1.1390082e-05,2.5591414e-05,4.2589877e-05,-2.6173006e-05,0.00017395306,3.0055782e-05,4.6074713e-06,-1.707353e-05,0.00022497403,0.0001151287,-0.00024397264,-5.5714446e-05,-1.6336067e-05,0.00010080252,5.1731135e-05,5.1114563e-06,-5.7303097e-05,0.00011793744,4.3881345e-05,0.00012115478,5.1631574e-06,-9.1784861e-05,2.4789439e-05,1.9310863e-06,-2.0453959e-05,-4.9555968e-05,7.1156967e-05,-3.2816929e-05,1.2434211e-05,8.9759307e-05
"3",4.3688021e-06,1.6817548e-05,0.00048888118,9.7679433e-05,8.5532133e-05,-3.2902128e-05,1.0328002e-05,5.977201e-05,7.7238883e-05,0.00012541959,-2.6975202e-05,-3.3915685e-05,-9.48355e-06,9.2626638e-05,-3.4122847e-06,5.4370178e-05,6.5623716e-05,2.4096909e-05,-1.6770365e-05,-1.1791271e-06,5.5111544e-07,-6.1912505e-05,-1.5689886e-05,0.00015068541,3.9125995e-05,-1.3491343e-05,5.8280799e-06,3.3540299e-05,2.6614625e-06,-1.2751588e-06,-3.4864111e-05,-2.3640262e-05,-4.6661988e-05,1.6362268e-05,4.0639518e-06,7.2735698e-06,1.1170595e-06,-1.8502784e-06,5.6834887e-05,-5.742063e-05,-5.8429743e-05,-3.03e-05,4.7053303e-05,4.1756443e-05,-1.3346764e-06,6.8464232e-05,5.905257e-05,6.8743325e-05,-4.7258191e-05,3.3467285e-06,-3.1826452e-06,-5.77789e-05,-1.0714316e-05,-6.9010916e-05,1.2906986e-06,3.2162031e-05,-4.6685525e-05,5.9611815e-05,-1.8173038e-05,-5.7006952e-05,-1.3534258e-06,5.654317e-06,4.511845e-05,-4.2629656e-06,1.1524497e-06,2.2722937e-05,4.2943768e-05,2.6128978e-05,-1.0656312e-05,4.3333021e-06,-5.3987503e-06,1.4591749e-05,6.6325065e-05,-8.5979055e-06,4.476435e-06,5.320161e-06,5.0102925e-06,3.3561312e-05,3.2329691e-07,-2.2888465e-05,-2.3563363e-05,-4.6838817e-05,-2.3686998e-05,3.1278801e-06,-1.2356071e-05,-6.6342498e-06,7.8291324e-08,-0.00036120239,-0.00045102312,-0.00039301243,-6.0977093e-05,-9.0333452e-05,-0.00010383728,-7.9558636e-05,3.1133687e-05,3.3705325e-05,-7.671557e-06,5.5778496e-05,8.8970987e-05,-5.1209223e-05,-4.1670195e-05,-9.3273361e-06,-2.323864e-05,3.1338354e-05,9.7321342e-05,-0.00012601401,5.8047756e-05,1.1901295e-05,3.4498959e-05,0.00012384206,2.4383084e-05,6.2628922e-05,3.541417e-05,9.4732835e-07,3.1039211e-07,-7.8881523e-07,-0.00012040184,-2.6527392e-06,3.276833e-05,5.4971595e-05
"4",0.00014525598,5.7078223e-05,9.7679433e-05,0.0012602086,0.00029961372,-1.5173809e-05,3.6948073e-05,3.3924125e-05,0.0001992159,0.00014632591,-2.7655116e-05,0.0002391626,-3.5686157e-06,0.0014778506,-1.9712805e-05,4.1910454e-05,-3.207909e-05,5.4086571e-05,2.4049379e-05,1.3491215e-05,-3.5440095e-06,-2.9505476e-05,-2.0521291e-05,-2.4144182e-05,1.0989408e-05,1.683167e-05,5.1612303e-06,9.4573076e-06,-6.6889222e-06,-2.6380322e-05,-3.1612104e-05,-2.1224928e-05,-5.9277012e-05,1.300179e-06,-7.9391572e-06,-3.3173974e-05,1.2324078e-05,1.4838916e-06,9.9730216e-05,-0.00011925143,9.9203098e-05,-0.00011666348,-3.2329545e-05,-5.0142593e-05,8.0369767e-06,5.5283261e-05,0.00010360796,5.1942735e-06,0.00019630567,-5.9441306e-05,-3.5697309e-05,-1.8744966e-05,4.7129965e-05,-9.9866256e-05,-9.1728291e-05,-9.5612817e-05,7.4926601e-05,0.00010474511,-8.0680723e-06,-1.0101119e-05,-9.3883154e-05,2.3716285e-06,-7.870849e-05,-5.5727109e-05,6.8739158e-05,-7.1209852e-06,5.0575541e-05,1.1449629e-05,8.5910987e-06,-2.7393459e-06,-0.00010617776,1.7831199e-05,3.3082262e-05,-5.0394227e-05,2.6878245e-05,3.1784723e-06,-3.6117892e-05,-3.015973e-05,-8.279028e-06,-2.0469288e-05,-3.3770539e-05,-9.1871788e-05,9.6863793e-06,5.8643751e-05,6.4589055e-06,3.0185743e-05,9.4383355e-07,0.00048714054,-0.0045257827,0.00010304926,0.00036746612,-0.00042553013,0.00016119501,0.00025591175,-1.6078603e-05,-0.00028558247,3.1966916e-05,0.00055571148,-2.3283535e-05,-0.00040958766,0.00049154688,1.3812915e-05,-0.0002042859,-0.00010445221,8.6864855e-05,-0.00056676958,0.00039637199,-0.00065356144,0.00010109035,-0.00056180466,-0.00048127844,0.00060331558,-0.00039706047,3.7796811e-06,-0.00010562216,0.00023777217,-0.00081740204,0.00011005035,2.0349309e-05,-0.00051723953
"5",0.00034553612,2.4602828e-05,8.5532133e-05,0.00029961372,0.0014805688,-4.4154149e-05,1.6321424e-05,5.9547282e-05,0.00011211203,0.00023874239,1.5578125e-05,-0.00034726718,-4.9371073e-05,0.0023654845,2.3782828e-05,2.2413992e-05,-5.3660342e-05,-3.8590246e-05,-4.8180675e-05,-2.6855761e-05,2.964368e-07,-9.8071302e-06,2.3814156e-05,-4.7615934e-05,8.3285369e-05,-1.3126137e-05,-3.9383445e-06,8.6239429e-05,2.7827503e-05,-8.7706419e-05,5.4819543e-05,-1.9962723e-05,-6.8937437e-05,-4.0507095e-05,2.9610336e-05,4.4440382e-05,3.5070638e-06,1.5268092e-06,-7.6598273e-05,8.1461035e-05,0.00024691558,0.00017366408,5.3708326e-05,0.00012167882,1.0498202e-05,-0.00010324552,-4.7271214e-05,-8.5828401e-05,-0.00025909469,-7.129322e-06,3.6653319e-05,-8.3440078e-05,-0.00012995885,2.0171693e-05,-0.0001703949,4.5036563e-05,2.5073603e-06,0.00010885536,-2.5787099e-05,-2.4128265e-05,2.764333e-05,-7.8905928e-06,-0.00042995227,-2.2950877e-05,4.810783e-05,-2.3475279e-05,9.3180778e-07,-3.0582729e-05,-2.6008158e-05,7.247102e-07,-0.00011065019,0.0001081671,-0.0001025307,-1.084066e-05,2.8622631e-05,2.9185491e-05,2.9954423e-05,2.2955812e-05,6.5630376e-05,-2.6637776e-05,9.7821446e-05,-5.5667121e-05,0.00010452352,0.00013640067,-1.338918e-05,-1.616325e-05,2.810087e-06,0.0018023403,-0.0081297282,0.00061929781,0.00042581277,-0.0003525081,0.00041283114,0.00087287361,2.0466013e-05,-0.00032376201,3.8014325e-05,0.00067575449,-0.00017564027,-0.00037761644,0.00042599225,5.2472882e-05,-0.00032150808,-0.00050897127,-0.00023022464,-0.0010004347,0.00069488527,-0.0015471225,-4.3144897e-05,-0.001241642,-0.00087609365,0.0012803853,-0.00061763934,1.0194131e-05,-0.0002347865,0.0004916896,-0.0013742948,0.00029492342,2.6635585e-05,-0.0010020169
"6",-1.4067081e-05,2.133911e-05,-3.2902128e-05,-1.5173809e-05,-4.4154149e-05,0.0011440257,-3.568394e-06,-8.4386676e-05,0.00010539454,0.00052846632,1.2363384e-05,-0.00012975816,0.00014473781,-0.0023889347,5.3398474e-06,1.3354214e-07,-2.4493126e-05,1.7137739e-05,-6.8539246e-06,-1.639777e-05,3.7010431e-06,2.9481516e-05,-1.2706241e-05,-9.2171325e-05,8.2331469e-06,1.1253415e-06,-1.4086669e-05,9.5206721e-05,-3.2796004e-05,-8.0110197e-06,1.1971649e-05,-5.4696001e-06,7.5736854e-05,-3.5930557e-05,1.4955293e-05,-7.3638475e-05,2.995094e-06,-1.4037002e-06,-1.6323095e-05,1.9042508e-05,1.4109799e-05,-3.3229326e-05,1.8779847e-05,3.7490556e-05,-8.633067e-06,9.5934936e-05,0.00011381778,3.1769508e-05,-9.5890999e-05,1.5590357e-05,1.5441195e-05,-7.7912322e-05,7.3217865e-07,3.8962038e-05,-4.0479102e-06,-1.0585149e-05,7.7423341e-05,7.0223577e-05,1.416116e-06,3.6844787e-05,-1.8101819e-05,-3.1773935e-06,-4.039562e-05,-1.8843947e-05,-2.1847024e-05,-7.8635183e-05,-4.6322464e-05,-1.2851449e-05,8.2454131e-06,1.2357638e-06,9.5098409e-05,4.0193488e-05,-0.00016130558,-2.1875919e-05,-2.2089293e-06,1.8029976e-06,3.952674e-05,1.3046343e-05,2.6025916e-05,-3.7285251e-05,0.00010029232,4.2570173e-05,1.6321327e-05,2.2826616e-05,-9.5880897e-05,-4.4843353e-06,-4.7151879e-06,0.0043489803,0.00077276224,0.009273784,0.0021862266,0.00060555075,0.0016341849,0.00048071973,-0.0020750244,6.7400363e-05,-7.855775e-05,0.00040308324,-0.0010484254,0.00035069834,0.0011698502,0.00041259533,9.5548146e-05,-0.00097067921,-0.0043883918,0.00075157975,0.0019406187,-0.00057529526,-0.00064348809,-0.0010400429,-0.00044843161,0.00013637404,-0.0011140196,8.8707976e-05,1.4268871e-05,-3.8354511e-05,9.4414048e-05,-4.6898053e-05,-0.00075867119,-0.0036241841
"7",4.7451123e-05,3.0477342e-05,1.0328002e-05,3.6948073e-05,1.6321424e-05,-3.568394e-06,0.00061288401,0.00010826853,2.2095713e-05,4.5362852e-05,-1.5386045e-05,-1.1375314e-05,6.2090674e-05,8.5942638e-05,1.5182168e-05,-2.1762445e-05,-9.505322e-06,1.6996505e-05,-1.0902643e-05,5.2386489e-06,4.3168027e-08,-1.7360859e-06,7.2816085e-06,5.9260284e-05,-2.0952362e-05,4.6970174e-07,-1.0073019e-07,-5.0443341e-06,2.2423147e-05,-3.0611695e-05,-1.0945227e-05,-2.3169284e-05,8.1907738e-06,2.5174339e-05,-2.9106908e-05,-8.9258062e-06,-1.5511996e-05,4.5051358e-06,-8.3037532e-06,1.0060533e-05,-1.9060858e-06,-2.5250206e-05,9.4828808e-05,-5.6680867e-10,-1.240784e-06,5.9763705e-05,-2.0929168e-06,1.4642814e-06,-1.3455194e-05,-6.2463634e-06,2.6796092e-07,-2.3985926e-05,-2.3228874e-05,3.6870233e-05,-1.3051697e-05,1.384367e-05,2.2654662e-06,1.8887402e-06,4.0089279e-05,1.0779138e-05,3.2038148e-05,-2.8233443e-06,3.6283306e-05,-2.8579481e-05,-1.4513914e-05,3.064187e-05,1.409589e-05,3.2794665e-07,-3.6177266e-06,2.3615213e-06,2.1270273e-05,-7.0700636e-06,1.1863796e-05,-1.2873679e-05,1.1472494e-06,-1.2354547e-05,-2.6045268e-05,-9.2798457e-06,5.5392704e-06,1.7819423e-05,-0.0001012028,-3.6751453e-05,-1.0844991e-05,-3.2242264e-05,1.2376687e-05,3.5373895e-06,5.6229306e-06,-0.00021768902,-0.00020985162,-0.00028083903,-2.6527221e-05,-1.6954714e-05,-2.8312343e-05,-3.9821501e-05,0.00016420426,-2.4914896e-06,-2.9664663e-06,3.6551568e-05,-3.0679253e-06,-9.9661199e-05,-2.4197e-05,-3.6023315e-05,-7.2348796e-06,4.3347765e-05,0.00010137386,-2.1803429e-05,-4.2010403e-05,0.00021724322,7.3468062e-05,-5.7296848e-05,7.9114769e-05,6.697282e-05,4.2731125e-05,-1.2844708e-05,9.6759859e-07,2.596774e-05,-4.5238325e-05,1.7680047e-05,-1.1325011e-05,0.00015784722
"8",1.118941e-05,3.1459778e-06,5.977201e-05,3.3924125e-05,5.9547282e-05,-8.4386676e-05,0.00010826853,0.00078121582,5.4539034e-05,0.00016718119,7.3178277e-05,-4.9872349e-05,4.9860317e-05,0.00045468132,3.3725914e-05,-2.9383344e-05,8.3426804e-06,3.1412569e-05,-4.2597536e-05,-9.7405961e-06,-9.1137569e-07,-5.1163934e-05,-5.5255863e-05,5.3572988e-05,-3.5157117e-06,-8.6451717e-06,-8.9632066e-07,2.1581409e-05,3.5706699e-05,-3.1267127e-05,-5.3982103e-06,-5.0975408e-05,-5.9587655e-05,2.3885452e-06,-4.6963675e-05,4.5093209e-06,-2.5886948e-06,-1.795363e-06,-4.2909215e-05,7.1941309e-05,4.6334884e-05,-5.9051298e-05,4.298133e-05,8.0473601e-06,2.7400583e-06,1.1514706e-06,2.6422098e-05,0.00012586234,4.4856287e-06,-3.0909844e-06,-1.4488732e-05,-5.5804476e-05,4.0654246e-06,1.9315429e-05,-1.297511e-05,3.7157395e-05,-2.0345396e-06,1.7141498e-05,4.856557e-05,-2.3522417e-05,-1.9511656e-06,7.1529323e-06,2.8663185e-05,2.9718253e-06,-2.3558175e-05,1.3454425e-05,7.3225679e-06,-1.032234e-05,-2.9074871e-05,8.4233699e-06,7.0836105e-06,3.848927e-06,9.8685252e-07,-4.6199829e-05,2.4821661e-05,-9.871148e-06,-2.3694485e-05,4.2862468e-05,-1.1361331e-05,-1.0543653e-05,-1.0060687e-05,-6.1714712e-05,-3.3887602e-05,-1.0376995e-05,-2.7904513e-06,1.632282e-05,1.0559955e-06,-0.000704801,-0.00032843864,-0.0014635767,-0.00036104579,-7.5962285e-05,-0.00029945942,-9.8649718e-05,0.00033325731,8.3224134e-05,-4.8488617e-06,-0.00010301984,9.6745509e-05,0.00025661403,-0.00014814695,-9.3130832e-05,-2.7331449e-05,6.3793387e-05,0.00050746056,-0.0002048586,-0.00022358246,9.9487793e-05,0.00023316437,0.00010010839,6.149728e-05,-5.7116849e-05,9.5221444e-05,-1.339581e-05,-1.2705174e-05,3.8359454e-05,-7.7689145e-05,3.7421217e-06,8.930449e-05,0.0003480232
"9",3.4791172e-05,1.1293038e-05,7.7238883e-05,0.0001992159,0.00011211203,0.00010539454,2.2095713e-05,5.4539034e-05,0.0015014984,0.00047589867,-8.3409812e-05,-8.3939383e-05,6.1267114e-05,6.4061485e-05,4.0818336e-05,2.4748783e-05,3.5992323e-05,5.4779999e-05,5.1434824e-05,1.102954e-06,6.4520681e-06,-4.4142912e-06,4.8708265e-06,4.5756044e-05,-2.6387568e-05,-1.4667079e-05,1.8773414e-05,8.672493e-07,3.6794616e-05,-3.5823926e-05,-7.640148e-05,1.2388498e-05,-2.1915026e-06,0.00011502918,2.2148519e-05,6.9626588e-06,-1.7983887e-05,6.8294427e-07,-5.0834157e-05,4.0973048e-05,4.1572996e-06,-1.1785951e-06,1.1795998e-05,3.7366272e-05,-9.4730976e-06,-2.0700421e-05,0.00012028952,-0.00024376628,2.7286154e-05,1.4550635e-05,-2.5733217e-05,3.7245314e-05,-2.4457989e-06,-6.1686239e-05,0.00013694837,-5.0871453e-05,-0.00015469669,-6.9571626e-05,-4.8985865e-05,-1.1009322e-06,2.4196915e-05,-5.9439776e-06,3.1492161e-05,3.8458419e-05,6.1890398e-06,8.7349202e-06,-2.6593553e-05,3.8580115e-05,-6.7812158e-06,4.0706275e-06,-0.00011326071,-2.3183686e-06,7.024568e-05,-4.0900035e-06,5.2394423e-06,1.4377204e-07,-3.1106747e-05,-3.5674428e-06,-5.0137026e-05,-6.4440316e-05,5.0266593e-07,-6.8898497e-05,-1.0064193e-05,2.4670236e-06,-3.3368359e-05,-4.3730905e-06,5.8894459e-06,0.00040229992,-0.00093302538,0.00080885505,9.2391159e-05,-1.1561689e-05,0.00017306126,0.00020476337,-0.00027526661,-3.941533e-05,-1.9300783e-05,0.00032394064,5.5443686e-05,-0.0008375309,8.0248003e-05,6.6931046e-05,-3.1048474e-05,-4.9038929e-05,-0.00031940968,7.1715367e-06,0.00053232033,-0.00026368843,1.7845139e-05,-2.9675436e-06,-1.6129244e-06,0.00022173788,-8.5207527e-05,-1.3465493e-05,-2.6006822e-05,5.6586963e-05,-0.00011032872,3.9759223e-05,-2.7350869e-05,-0.00074797809
"10",0.00018575835,1.051852e-05,0.00012541959,0.00014632591,0.00023874239,0.00052846632,4.5362852e-05,0.00016718119,0.00047589867,0.0033924856,-0.00018839514,-2.2192952e-05,-0.0001777601,0.00053635627,2.0717181e-05,-1.0893835e-05,7.6618661e-05,7.6205925e-05,-3.2082599e-05,-2.1309434e-07,5.57821e-06,-0.00010800511,4.2470039e-07,-3.7931828e-05,5.3715321e-05,-4.6220347e-06,1.9740855e-05,-2.1371966e-05,-2.4543416e-05,-7.3612417e-05,4.0382407e-05,-3.9593927e-06,-8.1683323e-05,-3.9305844e-05,6.1516876e-05,0.00010721379,6.3945667e-06,3.896418e-06,0.00010120653,9.8767608e-05,0.00017524538,-0.000121705,7.8516602e-05,3.4184036e-05,7.6685934e-06,-1.7784749e-05,-9.1043658e-05,-0.00013110289,-0.00035939478,2.4224825e-05,-4.9774689e-05,-0.00010274012,0.0001032376,5.7944723e-05,-0.00013297384,-4.9684096e-06,-9.8930144e-05,0.00020107083,-2.5219054e-06,-0.00017175602,1.5094718e-05,8.120753e-07,-0.00022368219,-2.6294811e-06,3.9587564e-05,-5.3523629e-05,4.1784932e-05,-4.2911097e-05,5.1062084e-05,1.1702917e-06,-0.00012065024,0.00014740107,2.3553858e-05,3.9068762e-06,3.3432526e-05,2.3632157e-06,-8.0075228e-05,3.347294e-05,-1.9649152e-05,5.7431125e-05,5.8104484e-05,-0.00018664911,6.8641053e-05,2.6687288e-05,-8.740288e-05,1.0267228e-06,5.7440519e-06,0.003679546,-0.0036547075,0.006360365,0.0018174006,0.00011305704,0.0011102946,0.00037518367,-0.0013853568,-0.00023190125,-3.3903617e-05,0.00088656462,-0.001036104,-0.00017210182,0.00066672669,0.00028523507,-0.00019097034,-0.00066163634,-0.0028511143,0.00020754934,0.0013814118,-0.0010092167,8.1994938e-05,-0.0014608584,-0.00061209843,0.00038575964,-0.0010322483,4.4235762e-05,-0.00011259734,0.00025846473,-0.00049729723,0.00018314294,-0.00037896269,-0.0040130029
"11",5.2793842e-05,-0.00015626826,-2.6975202e-05,-2.7655116e-05,1.5578125e-05,1.2363384e-05,-1.5386045e-05,7.3178277e-05,-8.3409812e-05,-0.00018839514,0.011521629,-0.010970639,0.003206453,-0.0092284878,-0.00011867878,-0.00047542188,-0.0016602423,-0.00057615726,-0.00014020459,-0.0010843303,4.9557909e-05,-0.0013114878,-0.0013869582,-0.00043499846,5.625808e-05,-0.0005314594,-0.00047878659,-0.00065583517,-0.0013379553,-0.0010801544,-0.0020207118,-0.00060435824,-0.00030023161,-0.00062780879,-0.00058056786,-0.0025113605,-0.00011395952,-4.6317683e-06,0.00025114118,0.00071032216,0.0017351579,0.00057888409,0.00035694763,0.0010287645,-6.0778841e-05,0.0012197136,0.0012893233,0.0025714553,0.00061552676,0.00053665416,0.0002244053,0.00035733408,0.0012988982,0.00083585373,0.0024593937,0.00053915576,-1.689287e-05,0.00050146285,0.00051468521,0.0022092356,-4.3623363e-06,9.9894544e-06,2.3541477e-05,-5.9266066e-05,-0.00013181048,-0.00058997535,-6.2516252e-05,-5.29699e-05,-0.00034043443,1.5271317e-05,-0.0003647378,-0.00036626818,0.00033317519,3.86578e-05,-0.0001321812,9.301198e-06,-0.00010237262,-0.00035699598,-0.00031391642,-0.00073937472,-0.00016209777,-8.7703468e-07,-0.00018598784,-0.00028888895,-0.00053850099,1.8659566e-05,-6.2573303e-06,0.00074005365,-0.002221561,0.00049011155,0.00060946328,0.00063265827,0.0017589766,0.0004402844,0.0002057743,0.00085786895,-5.1865491e-05,0.0013826202,0.0011772903,0.00086147802,0.00028289871,0.00050893898,-9.8969164e-05,0.00020618162,0.0007760692,0.00040330151,0.0026026144,1.2694841e-05,-1.7755829e-05,0.00025249955,0.00054930095,0.0021376152,-0.00028408371,7.1805889e-06,-0.00028292021,0.00022389237,-0.00040587161,0.00010680159,-4.6479188e-05,-0.00025648296
"12",2.3426069e-05,7.5880167e-05,-3.3915685e-05,0.0002391626,-0.00034726718,-0.00012975816,-1.1375314e-05,-4.9872349e-05,-8.3939383e-05,-2.2192952e-05,-0.010970639,0.027667859,-0.0046324803,0.019684572,0.0002534647,0.00053953447,0.0016900589,0.00053869401,0.00034412722,0.0010437769,-5.8725808e-05,0.0012024561,0.0013184987,0.001587189,0.00031887067,0.00054985396,0.00024118871,0.00039261234,0.0013503222,0.00087043208,0.0024767382,0.00057262602,5.1871985e-06,0.00045548911,0.00052646864,0.0021140384,5.6692508e-08,9.8930452e-06,-0.00034278078,-0.0017062293,-0.0038147417,-0.001312595,-0.0015228375,-0.0028137846,0.00018916559,-0.0034302451,-0.0033046182,-0.0029886192,-0.0010826901,-0.001397918,-0.00058231536,-0.0015485775,-0.0027879354,-0.0017062293,-0.0067627038,-0.0012715533,3.9205574e-05,-0.0007582009,-0.0014680049,-0.0049423169,1.3831393e-05,1.2615997e-05,0.00035833451,0.0001525192,0.000122755,0.00094015031,0.00010565321,0.00015621823,0.00054253324,-4.8805823e-05,0.00073173955,0.00028339962,-0.00033044554,-0.00026554354,0.00022450773,2.9938433e-05,0.00010596837,0.00039161936,0.00018696933,0.00097654623,0.0001826389,0.00015779585,0.00012117422,0.0003398715,0.0010083421,9.4402684e-05,4.2498659e-06,-0.0026576427,0.0064576397,-0.0023438243,-0.0013852247,-0.0010783536,-0.0037532375,-0.0013734713,-0.0006761838,-0.0020578818,0.00016496468,-0.0038574473,-0.0021656109,-0.00039053293,-0.00067407754,-0.0011601677,-1.8672842e-05,-0.0002690922,-0.00062180295,-4.2411982e-05,-0.0060153759,0.00052091128,-0.00015074458,0.00033192228,-0.0010112976,-0.0052176367,0.00057992432,-2.5027397e-05,0.00025612291,-0.00058269554,0.0010406775,-0.00026921083,0.00016204982,0.0013235876
"13",-0.00022579945,6.0023331e-05,-9.48355e-06,-3.5686157e-06,-4.9371073e-05,0.00014473781,6.2090674e-05,4.9860317e-05,6.1267114e-05,-0.0001777601,0.003206453,-0.0046324803,0.010308892,-0.019039533,-8.3218837e-05,-0.00015597245,-0.00051979201,-2.665635e-05,-1.4442565e-05,-0.00036133961,2.4254044e-05,-0.00037345947,-0.00043633262,0.00027243736,-6.1256848e-05,-0.00013246736,9.1326078e-06,-0.00015251715,-0.00029980737,-0.00025459921,-0.00076636864,-0.00016695884,6.9545007e-07,-0.00011228957,-0.00026768297,-0.00056610492,2.3262389e-05,-1.1834483e-05,0.00013166956,0.00020442428,0.00079231152,5.2253962e-05,0.00014580121,0.00057950026,-5.8974619e-05,0.00072993155,0.00046404265,-0.00020047019,-0.00049729177,0.00025746128,1.1934751e-05,0.00014667819,0.00029049951,0.00014333509,0.0010324804,0.00034826053,9.3807161e-05,2.6342016e-05,0.00040832805,0.000916546,3.7972274e-05,8.7641714e-06,0.00078123892,-8.3454022e-05,-0.00056609656,-0.0014337808,-0.00013904806,-6.9976314e-05,-0.0010436572,5.6000193e-05,-0.0011362778,-0.0013370141,0.00095934454,0.00021131236,-0.00055980809,-0.00022076338,-0.0006134505,-0.0010871419,-0.00089526851,-0.0023996879,-0.00039933527,-0.00020559919,-0.00090275289,-0.00066007632,-0.0017228814,-7.7733825e-05,-1.1243208e-05,-0.0023076082,0.0024911629,-0.00120573,-8.4756877e-05,0.00089373998,0.0024994728,-0.00013763149,0.00051171452,0.0020374209,-0.00012262337,0.0019857286,0.0020797966,-0.0018742276,-0.0012253662,0.001028243,0.00041172015,0.0010227571,0.0021476713,0.001616553,0.0040354843,0.0014889293,0.00048730062,0.0018792973,0.0015972899,0.0024961986,0.0004691552,7.9782296e-06,0.00023555678,-0.00024829629,0.00016334435,-0.00018538081,5.9126303e-05,0.00068035319
"14",0.0044188019,-0.00015521349,9.2626638e-05,0.0014778506,0.0023654845,-0.0023889347,8.5942638e-05,0.00045468132,6.4061485e-05,0.00053635627,-0.0092284878,0.019684572,-0.019039533,0.087345286,0.00031287132,0.00084609285,0.0010799097,1.1287701e-05,-5.4770597e-05,0.0012311025,-0.00012940433,0.00093429724,0.0013014431,-0.00025022011,0.00032385885,0.00044177096,2.9805055e-07,0.00059877521,0.00059922589,-0.00019112609,0.0024809491,0.00022218709,-0.00016342502,0.00063696793,0.0004036788,0.0017580473,-0.00014470224,3.2618324e-05,3.9351255e-05,-0.0013372594,-0.0016618362,-0.00044784871,-0.00054624193,-0.0027509794,0.00038910976,-0.003406929,-0.0016644637,0.00058293141,2.0304417e-05,-0.00094810695,-0.00037486972,-0.0011136612,-0.00067855844,0.00010875085,-0.0059479485,-0.00069597163,-0.00046180039,-0.00057391583,-0.0016134916,-0.0040693443,0.00030188366,-2.4699236e-05,-0.0084649245,-0.00071093196,0.0018068456,0.0025452219,0.00018203288,-0.00063390779,0.0020458419,-0.00011842674,-0.00011366357,0.0028335228,-0.0029350861,-0.0013146674,0.0010841691,0.00061732774,0.00087061553,0.0013329591,0.0022906786,0.0051377942,0.0022871873,-0.00012121324,0.0034094604,0.0021025969,0.0021479038,0.00032410556,5.6595407e-05,0.027816845,-0.086870368,-0.0008081143,0.0050629837,-0.0092341032,-0.0066908726,0.0067163598,0.0015956103,-0.011348356,0.00087306688,0.0032224828,-0.0054899968,0.0037302067,0.0094035726,-0.0024814501,-0.0053626856,-0.0063217965,-0.0001256789,-0.01513184,-0.0099179906,-0.020252954,-0.0010596664,-0.019974064,-0.012954854,0.0047378179,-0.0063701269,1.6809836e-05,-0.0037354822,0.0065690051,-0.011541757,0.0039863382,0.00099624131,-0.0065804881
"15",4.5030663e-05,-6.001924e-06,-3.4122847e-06,-1.9712805e-05,2.3782828e-05,5.3398474e-06,1.5182168e-05,3.3725914e-05,4.0818336e-05,2.0717181e-05,-0.00011867878,0.0002534647,-8.3218837e-05,0.00031287132,0.00086311261,-0.0001833319,0.00014984114,-4.2550704e-05,-0.00013799618,-1.507486e-05,9.0481087e-06,4.8415927e-05,6.8435959e-06,0.00028159987,-0.0001215516,1.1933933e-06,-0.00016314423,-8.4101191e-05,0.00013944276,-3.6006518e-05,-0.00016237416,7.371817e-05,1.7996374e-05,-1.8239123e-06,3.0134321e-05,-0.00018054342,1.9242566e-05,1.2175127e-05,-0.0009810425,0.0002500042,-0.00024424387,6.3418415e-05,0.00016795355,4.0357299e-05,-1.4935583e-05,-2.052985e-05,-9.199634e-05,-0.00025829217,0.00021337358,-1.1981862e-05,0.00015074372,7.1721885e-05,-0.00012109356,2.7227265e-05,0.00015372679,-0.00012883945,-5.0065965e-05,5.3603647e-05,-2.4448517e-05,0.00013741206,-3.3614596e-05,-1.3108606e-05,-6.2013036e-05,0.00028005394,-6.7694583e-05,8.6065397e-05,1.6792787e-05,-3.4383644e-05,1.8813878e-06,4.5628277e-06,8.8011887e-06,-1.7662223e-05,2.5978199e-05,-4.1847701e-05,-1.3844424e-05,-4.3598543e-05,-5.8159201e-05,2.4542741e-05,2.5848651e-05,-7.5933337e-05,2.6945614e-05,-3.8355662e-05,3.9955271e-05,4.916833e-05,-1.4862231e-05,4.382437e-07,7.3258308e-06,0.00026138894,-0.0002113636,0.00016143308,-0.0008991015,0.0002223081,-0.00020550504,2.6718612e-05,5.1381414e-05,1.6389172e-05,-1.4635749e-05,1.2408922e-05,3.0704582e-06,-0.00014856799,0.00022421995,3.7536495e-05,0.00012935721,0.00014681055,-0.00021267523,-7.9973445e-05,0.00019630826,-0.0001869343,4.4382186e-05,-9.8420683e-05,-0.000170127,0.00019375988,-6.7892358e-05,-1.937423e-05,-2.583414e-05,1.2804895e-05,3.1059079e-05,2.5511569e-05,-1.0999771e-05,-5.7271869e-05
"16",-1.046466e-05,-2.6117954e-06,5.4370178e-05,4.1910454e-05,2.2413992e-05,1.3354214e-07,-2.1762445e-05,-2.9383344e-05,2.4748783e-05,-1.0893835e-05,-0.00047542188,0.00053953447,-0.00015597245,0.00084609285,-0.0001833319,0.0018907004,-9.9858907e-05,-1.2325893e-05,4.743513e-05,3.9664261e-05,-9.0810137e-06,2.5896083e-05,2.3820669e-05,0.0002349435,0.00015109031,-1.2155812e-05,-0.00011638256,2.5110541e-05,4.6951941e-05,-2.8993998e-05,4.4896474e-05,-0.00010684823,-3.3600217e-05,0.00013802174,-3.603291e-06,0.00029963325,3.6227916e-05,-1.9176179e-06,0.00025847157,-0.0019001399,0.00016011323,-3.1397524e-05,-4.3275093e-05,-4.672958e-05,1.3512328e-05,-6.554774e-05,7.3957334e-05,-0.00038868894,-0.00026825397,3.1657062e-05,0.00010648911,-7.7682381e-05,-6.5445299e-05,-6.4082112e-05,-0.00014182752,0.0001903472,4.3320234e-05,-7.7939507e-05,-1.7034886e-05,-0.00030288004,-6.9618778e-05,2.70854e-06,3.542703e-05,-5.1234024e-05,0.00052000277,-4.7489244e-07,-1.6366147e-06,4.1746618e-05,2.6352803e-05,-1.6333051e-06,-2.5951041e-05,4.8327538e-05,5.7190592e-05,5.5264556e-05,-6.140492e-06,-1.773302e-05,1.4509542e-05,-2.1863957e-05,-7.4487063e-05,6.2559831e-06,-6.8440684e-05,-3.6082408e-05,1.223983e-06,3.6530095e-06,7.5582655e-05,-2.133773e-06,-1.0523173e-06,2.1663573e-05,-0.00017165028,-3.0215505e-05,0.00018896315,-0.0017328166,6.7899549e-05,-3.283512e-05,-0.00012026232,-0.00010405263,1.9910804e-05,2.8998526e-06,-6.9407415e-05,-0.00024995955,-0.00034117193,4.2099812e-05,3.1885181e-05,-3.7939986e-05,-6.5651831e-06,-1.8749943e-06,-9.1651717e-05,0.00013532517,-3.5397636e-06,-8.1959509e-05,-0.0001187321,-0.000352108,-9.1582532e-05,-6.3072904e-06,2.01297e-05,-1.2533962e-05,-1.6522507e-05,-5.3538543e-06,1.9188304e-05,-6.7563474e-05
"17",-0.00022526775,-7.6296228e-05,6.5623716e-05,-3.207909e-05,-5.3660342e-05,-2.4493126e-05,-9.505322e-06,8.3426804e-06,3.5992323e-05,7.6618661e-05,-0.0016602423,0.0016900589,-0.00051979201,0.0010799097,0.00014984114,-9.9858907e-05,0.0018483324,0.00019013757,0.0001312257,2.9310272e-05,9.7264629e-06,0.00022131668,-9.4317216e-05,0.00034678524,-0.00018937039,6.4283658e-05,-0.0001055336,-7.8419093e-05,0.0001067599,0.00013815787,2.7033949e-05,5.661514e-05,1.329272e-05,-0.00031770114,-3.5363154e-05,0.00068848744,2.2891759e-05,-6.5128441e-06,-0.00023938539,0.00010219154,-0.0020326529,-0.00015167851,-0.00012342694,-1.3620613e-05,-1.4078596e-05,-0.0003616748,0.00016167971,-0.0011840227,0.00016442392,-7.1282721e-05,0.00013662849,0.00019690814,-0.00011214492,-0.00015210262,6.6688559e-05,-0.00019252596,9.490593e-05,0.00047492312,0.00014887207,-0.00083350268,-1.4965895e-05,4.7696293e-06,0.00012997287,9.5909606e-05,-4.450449e-05,0.00064824815,-6.119115e-06,-2.157302e-05,2.1806122e-06,7.7180945e-06,0.00016095645,-6.4680473e-05,-8.0606554e-06,-6.2941266e-05,-1.2298848e-06,-2.8726583e-05,-9.4062708e-05,5.6760926e-05,3.6063271e-05,-1.7924809e-05,3.5606948e-06,2.2959181e-05,-0.00013977262,1.039435e-06,0.00031943264,-1.4315643e-05,-6.3335424e-08,-0.00041674355,0.0011444959,-0.0001183153,-0.00037145615,0.00018921737,-0.0019981633,-0.00020990479,-0.00016586494,0.0001117209,-2.9934712e-05,-0.00051586449,0.0003221279,-0.00051565325,2.0139731e-05,-7.1192115e-05,0.00015210606,0.00027794671,-6.4435839e-06,7.168523e-05,3.0345707e-05,9.4585059e-05,0.00013127034,0.00064942215,0.00019997287,-0.0010039736,0.00011407319,3.5942029e-06,2.0315812e-05,-8.4770688e-05,0.00019859507,-5.605451e-05,4.5486438e-06,0.00010770775
"18",9.3479967e-05,-2.77544e-05,2.4096909e-05,5.4086571e-05,-3.8590246e-05,1.7137739e-05,1.6996505e-05,3.1412569e-05,5.4779999e-05,7.6205925e-05,-0.00057615726,0.00053869401,-2.665635e-05,1.1287701e-05,-4.2550704e-05,-1.2325893e-05,0.00019013757,0.0016695129,0.00085302322,-6.8067009e-05,3.817657e-06,-9.4343973e-05,0.0001987923,-2.7235514e-05,0.00013471598,-1.0248167e-05,1.7527978e-05,-0.00016335724,7.2638265e-05,1.3192056e-05,-2.6718986e-05,-8.6152819e-05,-6.9481149e-05,0.00010145994,5.615463e-05,2.2604625e-05,3.0491385e-05,1.9490423e-06,4.4927326e-05,-7.4129594e-05,-0.00013376305,-0.0017611271,-0.00085525782,0.00010013376,-6.5435064e-06,0.0001425882,-6.0575807e-05,8.1789699e-05,-0.00017861354,3.7646904e-05,-4.3476624e-05,0.00016119941,-7.5336217e-05,-3.3499859e-06,-6.6620162e-05,-1.548877e-05,8.4934892e-05,-5.6540632e-05,-8.5299468e-06,-5.0341073e-05,-6.8623385e-05,6.0144884e-07,0.00019781902,9.1033102e-06,-3.9724229e-05,-1.0937058e-05,0.00057411019,0.00032344789,-2.330797e-05,-8.2866191e-06,-0.000106348,5.0942619e-05,6.4728778e-06,0.00016316352,-2.2150935e-05,1.2709273e-05,-0.00010290649,7.1488184e-05,1.7108969e-05,-5.6896607e-05,1.2159808e-05,-7.5921398e-06,6.4878892e-06,2.5763276e-06,5.3212351e-06,2.9292111e-05,-2.2382603e-06,-0.00057432957,0.00043186231,-0.00033111165,-5.036567e-05,-2.5111175e-05,-0.00012827806,-0.0018445238,-0.00088757571,0.00018643401,3.3116262e-06,0.00025275535,6.2373574e-05,6.9311228e-05,-0.00041701414,4.6517365e-05,-3.3600432e-05,0.00034255406,-2.3557839e-06,-1.8390096e-05,1.4332862e-05,9.5044133e-05,5.3062166e-05,7.3170706e-05,2.4823549e-05,-0.00018121496,4.3630753e-06,-1.3241678e-06,-1.7325877e-06,-1.1539651e-05,3.654957e-05,-4.7523542e-05,2.2604559e-05,0.00010039244
"19",-0.00014425551,-9.3365181e-05,-1.6770365e-05,2.4049379e-05,-4.8180675e-05,-6.8539246e-06,-1.0902643e-05,-4.2597536e-05,5.1434824e-05,-3.2082599e-05,-0.00014020459,0.00034412722,-1.4442565e-05,-5.4770597e-05,-0.00013799618,4.743513e-05,0.0001312257,0.00085302322,0.0024263906,-6.1098794e-05,-1.0228901e-05,-8.7294102e-05,-3.4816806e-05,-0.00070131695,0.00024946822,-3.4139218e-05,1.5455365e-05,-0.0004379864,4.4516278e-05,0.00010361307,-5.3571882e-05,0.00011849596,-0.0001469807,-0.00010316748,-3.5182906e-05,-0.00019217397,-3.6436147e-05,7.1859896e-06,0.0001183262,-5.1293108e-05,-0.00011855462,-0.00085687333,-0.0024709036,0.0001018534,3.777265e-06,5.2452266e-05,8.7814581e-05,0.00031884708,-0.00017688007,6.4019547e-05,-8.7035147e-05,0.0003457738,-8.0875811e-05,-0.00017903427,-3.4619609e-05,-0.00027865495,7.2537703e-05,0.00013110613,-7.4150636e-05,6.9999359e-05,3.4333989e-05,1.850489e-06,0.00050124985,5.8547761e-05,-5.1377185e-05,-2.0053701e-05,0.00031584927,0.00082103744,-4.5706752e-05,-3.7985293e-06,0.00010596079,-3.2706637e-06,-0.00027961246,0.00016228796,-3.5328749e-06,3.1028139e-06,-0.00015504635,8.9302235e-05,3.5640278e-05,-0.0001077744,9.7779474e-05,-2.5953896e-05,-0.00014889315,-1.8732098e-05,-3.9221903e-05,-6.8295925e-06,-4.3859508e-06,-0.0011584599,0.001364558,-0.0010693996,-0.00027443483,-4.8045642e-06,-0.00035542356,-0.0011146001,-0.0024325811,0.00023515978,1.5770757e-06,-0.00019205683,0.00031997384,0.00067673828,-0.00041522343,-1.8126923e-05,-6.754024e-06,0.00066169946,0.00022811176,-0.00018328815,-0.00014256371,-9.2286496e-05,0.00013768853,0.00051707966,0.00012458035,-0.000153172,0.00028532312,-5.0271645e-06,5.0722016e-06,-8.9536912e-05,0.00021990199,-0.00011998726,9.1580785e-05,0.00033286257
"20",6.9387737e-05,1.5909356e-05,-1.1791271e-06,1.3491215e-05,-2.6855761e-05,-1.639777e-05,5.2386489e-06,-9.7405961e-06,1.102954e-06,-2.1309434e-07,-0.0010843303,0.0010437769,-0.00036133961,0.0012311025,-1.507486e-05,3.9664261e-05,2.9310272e-05,-6.8067009e-05,-6.1098794e-05,0.00041993682,-6.3131386e-05,0.00020807253,0.00020093794,-5.324312e-05,-0.00010200742,4.9843699e-06,3.5510407e-05,4.9028391e-05,1.3332732e-05,-2.3004448e-06,0.00010268864,-1.3777783e-05,-3.3015562e-05,0.00012083685,3.7237171e-05,1.9392539e-05,2.6198205e-06,-3.9876524e-06,1.8877701e-05,-5.7854842e-05,-1.510612e-05,0.0001043562,9.8958898e-05,-0.0004514871,6.5672243e-05,-0.00023743865,-0.00022393874,7.0101919e-05,9.3458003e-05,-1.2903866e-05,-1.6233663e-05,-1.3697601e-05,5.8043532e-06,1.9993239e-05,-0.00011756064,6.0596989e-05,4.8607595e-05,-0.00013215419,-5.8098571e-05,5.3038639e-05,2.5182593e-05,3.7291579e-06,-0.00012342716,-2.7000793e-05,4.2253177e-05,2.6140107e-06,-2.0644939e-05,-5.0055665e-05,0.00013712933,-2.0225272e-05,1.5909931e-05,0.00010356365,-9.7157461e-05,-6.3414724e-05,1.367438e-05,8.3956405e-06,1.1230349e-05,8.8883722e-06,1.9751396e-06,3.3428263e-05,-7.4757455e-06,-4.1276926e-05,7.2378755e-05,3.9649013e-05,1.2557573e-05,-8.4693815e-07,-4.542994e-07,0.00034115887,-0.00059802302,6.2402379e-05,9.421498e-05,-0.00016401564,5.6732669e-05,0.00021257152,0.00016535121,-0.00048783734,6.3563659e-05,-0.00013352107,-0.00031602133,0.00018288898,0.00025446599,-9.4274624e-06,-3.8746784e-05,-9.2180745e-05,5.1848735e-05,-1.8733783e-05,-7.106123e-05,-3.4099817e-05,4.6753235e-05,-0.00031618021,-0.00018661181,0.00012850108,-2.3236849e-05,6.3450993e-06,-2.6119168e-05,6.2449937e-05,-7.3288624e-05,3.4417297e-05,-4.1923904e-06,-5.9567523e-05
"21",-8.7494117e-06,-1.6178913e-06,5.5111544e-07,-3.5440095e-06,2.964368e-07,3.7010431e-06,4.3168027e-08,-9.1137569e-07,6.4520681e-06,5.57821e-06,4.9557909e-05,-5.8725808e-05,2.4254044e-05,-0.00012940433,9.0481087e-06,-9.0810137e-06,9.7264629e-06,3.817657e-06,-1.0228901e-05,-6.3131386e-05,2.5681049e-05,1.0467855e-05,8.3594138e-06,3.6923193e-05,-5.1087888e-05,-3.6493744e-06,-2.1060458e-06,-2.0378137e-05,-7.499204e-07,1.1749701e-07,-1.4573776e-05,-5.556908e-06,-8.8478635e-06,9.775331e-06,-1.693555e-06,-4.0822655e-06,-4.608248e-06,1.8795124e-06,-1.227731e-05,1.0740575e-05,-1.4626725e-05,-5.905972e-06,4.1511068e-06,6.5819407e-05,-2.7078856e-05,1.058047e-06,3.7578168e-06,-0.00014066418,5.2395282e-05,7.5690562e-06,3.0729397e-06,1.555658e-05,-1.9074521e-06,3.1610311e-06,2.3812046e-05,-1.0814902e-06,3.4109206e-06,7.9781193e-06,9.0012502e-06,6.2707789e-07,-1.1968317e-06,-2.059573e-06,1.5476645e-05,8.3516909e-06,-4.3078927e-06,7.0309254e-06,-8.4962306e-06,-2.5944809e-06,-2.076195e-05,8.7216267e-06,5.8886487e-06,-5.5809167e-06,5.9430559e-06,-2.1993758e-05,-4.3701783e-06,-2.9461606e-06,-4.3181262e-06,-1.2195882e-06,3.0596785e-06,-2.4966854e-06,-2.6887563e-06,-3.1689977e-06,-2.6005715e-06,2.9952957e-07,-9.9817106e-06,-6.8941073e-07,7.348628e-07,-4.7216422e-05,0.00014698121,1.4393968e-05,-1.9553711e-05,3.4250728e-05,-2.1216746e-05,-9.3873837e-06,-8.5930771e-06,6.9983777e-05,-2.648562e-05,-9.9622382e-06,8.8405003e-06,-8.6643116e-05,3.9063143e-05,1.0548168e-05,1.2592136e-05,2.6950192e-05,-1.250006e-05,1.6357e-05,1.0764812e-05,3.0470711e-05,1.5563026e-05,3.2740352e-05,2.5890435e-05,-7.6653745e-07,8.6784201e-06,-2.5765605e-06,1.7749006e-06,-1.1220933e-05,2.5643976e-05,-4.8973727e-06,-1.9389784e-06,3.8169652e-06
"22",-0.0002427098,4.2580266e-05,-6.1912505e-05,-2.9505476e-05,-9.8071302e-06,2.9481516e-05,-1.7360859e-06,-5.1163934e-05,-4.4142912e-06,-0.00010800511,-0.0013114878,0.0012024561,-0.00037345947,0.00093429724,4.8415927e-05,2.5896083e-05,0.00022131668,-9.4343973e-05,-8.7294102e-05,0.00020807253,1.0467855e-05,0.0025896625,0.0005845971,0.00040327322,-0.00030506872,2.0516403e-05,-3.2999915e-05,-0.00015061212,1.7064741e-05,0.00013945503,-4.2317179e-05,2.2137856e-05,-2.7146375e-05,6.1832289e-05,-2.683056e-05,0.00015407201,-3.8969376e-05,-3.578948e-06,-2.3509378e-05,-9.7876599e-05,-0.00035819644,0.00014323909,4.8669395e-05,-0.0002377436,1.6980566e-06,-0.0027899377,-0.0005417764,-0.00047772355,7.739094e-05,1.25618e-05,0.00010186335,0.00018270509,3.1908461e-05,-0.00012035228,7.9127905e-06,-8.919838e-05,9.5616475e-05,6.0493492e-05,9.8874819e-05,-0.00015021084,9.1801143e-05,3.8710027e-06,2.4468785e-05,1.9764578e-05,-2.5800496e-05,0.00011826445,-0.00014887166,-6.8486836e-06,4.7804802e-05,2.6556198e-06,0.0008455138,0.00017950898,0.00013989532,-0.00012485437,5.9704189e-06,-4.106668e-05,-1.7292414e-05,-2.3445841e-05,0.00010584746,7.760873e-05,7.3777439e-05,5.5869417e-05,4.8782854e-05,2.5734357e-05,-3.6497457e-05,-2.3666448e-05,-5.1428629e-06,7.3512419e-05,0.00061036921,0.00014203521,-4.5048612e-05,1.251799e-05,-0.00034349225,0.00033907542,4.7884991e-05,-0.0002104312,4.3067393e-06,-0.0027190216,-0.00056999411,-0.00038885046,0.0003139462,9.6930661e-06,0.00015573862,0.00011342283,7.0172561e-06,-0.00019819718,-0.00017351235,-9.6301479e-05,-7.9028331e-05,6.7007793e-05,2.5420741e-05,7.8907038e-06,8.7629286e-05,1.6393738e-05,3.2456811e-05,-5.925982e-05,0.00013546158,-3.5191084e-05,-1.2589451e-05,-2.9751448e-06
"23",0.00011419454,-2.705495e-05,-1.5689886e-05,-2.0521291e-05,2.3814156e-05,-1.2706241e-05,7.2816085e-06,-5.5255863e-05,4.8708265e-06,4.2470039e-07,-0.0013869582,0.0013184987,-0.00043633262,0.0013014431,6.8435959e-06,2.3820669e-05,-9.4317216e-05,0.0001987923,-3.4816806e-05,0.00020093794,8.3594138e-06,0.0005845971,0.0044338012,0.000393564,3.1391216e-05,1.704727e-05,-6.486517e-05,0.00022152927,9.4426729e-06,-7.58268e-05,-2.4663054e-05,0.0001758974,5.1837787e-05,0.00021738689,-8.9883093e-05,9.5792184e-05,4.6711072e-05,-5.0967475e-06,-0.00014606972,0.00013399921,0.00019885862,-4.3294113e-05,0.00011250645,-0.0002485176,7.0685811e-06,-0.00053766456,-0.0047905485,-0.00048413903,-8.0201673e-05,8.1409269e-06,2.6813673e-05,-0.00033455417,-8.9358845e-05,9.1973905e-05,-3.0919354e-05,-0.00015700904,-6.2318997e-05,-0.00017970185,0.00010692862,-2.0685507e-05,4.3024268e-06,9.5172004e-06,-0.00017198465,-6.5119568e-05,7.2340358e-05,-4.0177116e-05,5.1150435e-05,2.0069538e-05,0.00010266204,-4.580624e-06,0.00014631771,0.0016381723,-3.5738238e-06,-1.1147418e-05,-3.2728822e-05,-4.4994985e-05,0.00011336283,-0.00016819956,-6.1004012e-05,8.5297141e-05,2.8153342e-05,6.1991439e-06,9.5480883e-06,-1.9645974e-05,0.00013925386,-2.509548e-05,-6.5798562e-06,0.00067429066,1.7520557e-06,0.00056388669,0.00020427137,-2.5864591e-05,0.0004017695,8.0549298e-05,0.00012356975,-0.0003321663,5.7911451e-06,-0.00042425893,-0.005572109,-0.00011686954,0.00014659831,6.0780106e-05,1.5456832e-05,-0.00058659312,7.0454288e-05,0.00041327299,-0.00017229415,-0.00013793587,-0.00013819036,-0.00034378709,9.7579251e-05,-0.00019787904,8.1046435e-06,2.8489017e-05,-4.9873149e-05,7.2866057e-07,0.00017829306,3.4313319e-06,-4.241046e-05,-0.00035750569
"24",-0.00021688594,8.7087162e-05,0.00015068541,-2.4144182e-05,-4.7615934e-05,-9.2171325e-05,5.9260284e-05,5.3572988e-05,4.5756044e-05,-3.7931828e-05,-0.00043499846,0.001587189,0.00027243736,-0.00025022011,0.00028159987,0.0002349435,0.00034678524,-2.7235514e-05,-0.00070131695,-5.324312e-05,3.6923193e-05,0.00040327322,0.000393564,0.02889686,0.00045022229,0.00013353785,-0.00025025579,-0.00010975159,0.00044839813,0.00010923307,-0.00022458744,0.00045873153,0.00023645299,-0.00018483222,-0.00053629273,-0.00028540812,-0.0001411606,-1.8267319e-05,-0.00025060684,-0.00030788491,-0.00089151132,8.3108733e-05,0.00055159116,5.377766e-05,-9.2965641e-05,-0.00037171842,-0.00047931227,-0.026159786,-0.0015432411,-0.00029548661,0.00040588733,0.00021240756,-0.00051081157,-0.00022481113,5.3775728e-05,-0.00087337675,-0.00037197436,0.00033973356,0.00089722986,0.00017344798,0.00018470449,2.5926117e-05,2.1442311e-05,1.5285361e-06,4.7672822e-06,-5.3871321e-05,-0.00012298448,-0.00040827461,-6.5062922e-05,6.7526824e-06,7.2445718e-05,5.4475726e-05,0.021740317,9.2551122e-05,7.2687087e-05,-8.059924e-05,3.754499e-05,0.00021704216,0.00010148591,-8.8957755e-05,-7.5443652e-05,-0.00010056532,-0.00016471266,-0.00018814952,-6.9348424e-05,-6.5545075e-05,-7.1596717e-06,-0.0012750004,0.0032471904,-0.00083919814,-0.00046202905,1.7186914e-05,-0.0006315161,-5.4650407e-05,0.00095861883,0.00036689471,-9.3535703e-05,-0.0006378857,-0.00023717799,-0.047994964,-0.0018674058,-0.00039929277,0.0005267733,0.00024104304,-0.0003763939,-6.679317e-05,-0.00026907756,0.00024162147,1.8579594e-05,0.0012296705,0.0011417753,-0.00034652146,0.0005483152,1.6999953e-05,0.0001854014,-0.00033753135,0.00063870221,-8.1483225e-05,3.6815718e-05,0.00064244912
"25",0.00016479497,-1.5292371e-05,3.9125995e-05,1.0989408e-05,8.3285369e-05,8.2331469e-06,-2.0952362e-05,-3.5157117e-06,-2.6387568e-05,5.3715321e-05,5.625808e-05,0.00031887067,-6.1256848e-05,0.00032385885,-0.0001215516,0.00015109031,-0.00018937039,0.00013471598,0.00024946822,-0.00010200742,-5.1087888e-05,-0.00030506872,3.1391216e-05,0.00045022229,0.0032571634,1.0050049e-05,-0.00010605748,5.2167762e-05,3.6934693e-06,-7.0537528e-05,0.00049530291,4.4080243e-05,3.0394776e-05,-0.00016064326,-9.0233685e-05,1.8996592e-05,-0.00012178533,6.5840889e-06,0.00014882133,-0.00023493517,0.00023333345,-0.00018772435,-0.00022339646,0.00011483941,5.7708634e-05,0.00017531657,-8.4245391e-05,-0.0018462025,-0.0038177943,-2.2476231e-05,0.00011237473,-0.00014272228,-3.872856e-05,2.7876321e-05,-0.00069479424,-8.3467141e-05,-2.4420334e-06,9.8619512e-05,0.00013687156,-0.00016831384,0.00020655706,-7.3017249e-06,0.00022336387,1.0156346e-05,-4.7906307e-06,-6.2514132e-05,0.00013089894,0.00012575363,-3.4480279e-05,-2.8465054e-05,-5.9210172e-05,4.088172e-05,6.6974051e-05,0.00097644167,2.6892308e-05,-1.6809449e-05,5.7589055e-05,5.0449347e-05,-4.3385132e-05,9.5450962e-05,-2.5745866e-06,9.1820779e-05,-0.00011694004,-0.00014529568,7.5813533e-05,-3.2849599e-05,3.2839527e-06,-0.00010320403,-0.00021629753,-2.7357442e-05,0.0001025633,-0.00018034861,0.00010498468,-0.00026054265,-0.00017758247,0.0001554155,6.0425655e-05,0.00033215185,-6.5298404e-06,-0.00092827003,-0.0037551839,-7.302453e-05,9.9422242e-05,-0.00015741597,-0.00019125095,-2.751557e-05,-0.00053476533,-0.00015521639,-4.5977448e-05,0.00024644043,0.00014873156,-0.00016746926,0.00012213449,-2.275867e-08,-3.9737093e-05,-7.9206233e-06,-2.5490483e-06,-1.0571503e-05,-8.7749901e-06,-5.7959218e-05
"26",-5.8667256e-05,1.1204362e-05,-1.3491343e-05,1.683167e-05,-1.3126137e-05,1.1253415e-06,4.6970174e-07,-8.6451717e-06,-1.4667079e-05,-4.6220347e-06,-0.0005314594,0.00054985396,-0.00013246736,0.00044177096,1.1933933e-06,-1.2155812e-05,6.4283658e-05,-1.0248167e-05,-3.4139218e-05,4.9843699e-06,-3.6493744e-06,2.0516403e-05,1.704727e-05,0.00013353785,1.0050049e-05,0.00026972409,-5.4331123e-05,1.5491281e-06,4.2953582e-05,3.3375825e-06,-5.9493543e-05,1.7088818e-05,2.2739823e-06,-4.0747398e-05,-1.2815701e-05,2.7970144e-06,3.6312749e-06,-2.2888019e-06,1.0327907e-05,1.9077056e-05,-7.4303309e-05,2.0878434e-05,5.832649e-05,-1.6171924e-05,8.7913024e-06,9.299482e-06,-1.055798e-05,-0.00038024348,-3.3810538e-05,-0.00029214925,5.4167402e-05,-2.594272e-05,-2.7007484e-05,2.5620501e-06,7.3907633e-05,-2.9115979e-05,5.0118416e-05,4.0362025e-05,3.1047636e-05,-2.2231184e-05,1.3836781e-05,3.1962463e-06,2.7316293e-05,-1.3547567e-05,-3.9144025e-06,1.3929069e-05,-1.6520844e-05,8.1928695e-07,1.0703287e-05,-2.6710223e-06,1.325497e-05,-4.1581586e-05,1.0371342e-06,2.9170964e-05,8.0225298e-05,-1.7629668e-05,-7.9561279e-06,-2.3572749e-05,-2.2270848e-05,-5.9943647e-06,-3.8137527e-06,-5.8164964e-06,-4.5020616e-05,-1.4878253e-05,-2.0229831e-06,-7.4336812e-06,-9.9533273e-07,-0.00018344201,0.00021478519,-0.00024237395,-2.9998833e-05,2.9889219e-05,-0.0001124843,1.7185174e-05,8.7269759e-05,1.0591969e-08,8.9649192e-06,-2.9100692e-05,6.8582028e-05,-0.00022270481,-0.00012909471,-0.00030736797,6.7871057e-05,3.5781264e-05,0.00011092171,3.5918376e-05,-2.3535644e-05,4.1764823e-05,7.7188082e-05,0.0001324129,7.7569004e-05,-1.9795353e-05,6.8546403e-05,3.044591e-06,2.2260889e-05,-1.1465973e-05,1.1947904e-05,-1.3165035e-05,1.4789575e-05,0.00012856815
"27",6.1559923e-06,2.9484697e-05,5.8280799e-06,5.1612303e-06,-3.9383445e-06,-1.4086669e-05,-1.0073019e-07,-8.9632066e-07,1.8773414e-05,1.9740855e-05,-0.00047878659,0.00024118871,9.1326078e-06,2.9805055e-07,-0.00016314423,-0.00011638256,-0.0001055336,1.7527978e-05,1.5455365e-05,3.5510407e-05,-2.1060458e-06,-3.2999915e-05,-6.486517e-05,-0.00025025579,-0.00010605748,-5.4331123e-05,0.00040877897,9.0627202e-05,1.7751739e-05,-2.8234172e-06,-3.0273745e-06,5.3827836e-05,5.7483669e-05,4.0489583e-05,4.2002652e-05,0.00049656835,1.5104706e-05,-1.6367762e-05,0.00016480644,7.442701e-05,0.0001148619,-5.7352179e-05,-0.00010703849,-1.5754684e-05,2.4383503e-06,8.5859009e-05,3.1877355e-05,0.00048362586,6.3855353e-05,5.4887935e-05,-0.0003481957,-6.0386956e-05,1.2239086e-05,6.766399e-05,3.3998674e-06,-6.087942e-06,-7.1837914e-05,-8.1424456e-05,-1.7626979e-05,-0.00037456548,-2.3176007e-06,1.5340275e-05,-3.5228517e-05,-3.4724249e-05,-1.2173249e-05,-3.0574696e-05,2.1910481e-05,2.0435498e-05,-1.6296275e-07,-9.4863471e-07,-5.1740868e-05,-5.1536073e-05,-4.9904227e-05,-3.1319403e-05,-1.7194164e-05,8.062953e-05,2.3827238e-05,-5.5834806e-06,-1.0429111e-05,-1.1003489e-05,3.5607853e-06,6.1745252e-06,1.7473178e-06,8.631381e-06,6.3238711e-05,6.4352394e-06,-8.4025767e-06,-1.7024551e-05,-9.5906409e-05,-6.2088866e-05,9.4264144e-05,5.6510046e-06,9.9246544e-05,-4.8110594e-05,-4.9105367e-05,-2.2811519e-06,4.3063461e-06,0.00014451802,4.6699244e-05,0.0002969884,0.00016081543,6.2282691e-05,-0.00026142016,-6.57565e-05,8.6942683e-05,0.00010269161,2.5667486e-05,-3.7856508e-06,-7.1232866e-05,-5.4407187e-05,7.2474649e-07,-0.0002569926,-9.0339718e-07,2.0665205e-05,2.5837096e-05,-2.6628939e-06,-1.7307406e-05,3.9759479e-06,1.1357113e-05,4.1700582e-06
"28",0.00012809645,5.3090578e-05,3.3540299e-05,9.4573076e-06,8.6239429e-05,9.5206721e-05,-5.0443341e-06,2.1581409e-05,8.672493e-07,-2.1371966e-05,-0.00065583517,0.00039261234,-0.00015251715,0.00059877521,-8.4101191e-05,2.5110541e-05,-7.8419093e-05,-0.00016335724,-0.0004379864,4.9028391e-05,-2.0378137e-05,-0.00015061212,0.00022152927,-0.00010975159,5.2167762e-05,1.5491281e-06,9.0627202e-05,0.0016940216,-3.8683672e-05,-8.4988713e-05,0.00035889913,6.0912877e-05,5.1187659e-05,-6.0295883e-05,-0.00020285169,-0.00021296292,6.7515054e-06,-6.4852696e-05,7.7030305e-05,-6.3255651e-05,0.00018418259,0.00016145561,0.00033898213,-8.5631065e-06,1.392033e-05,0.00019787713,-0.00030077843,0.00022337837,-0.00014736576,-2.000318e-05,-8.9165597e-05,-0.0017521556,2.7533547e-05,0.00015106568,-0.00037842415,7.3799006e-05,1.7938998e-05,5.9045946e-05,0.0002299975,0.00036941238,-1.7601884e-05,7.0689425e-05,-0.0002376045,-9.0025249e-05,4.1241246e-05,-9.2249762e-05,-0.00010115652,-0.00016705211,9.5253658e-06,-4.9182302e-06,-7.793094e-05,0.00013764556,-6.5861135e-05,4.5383109e-05,3.7996188e-06,2.4140703e-05,0.00055448492,1.6446754e-05,2.8491674e-06,0.00018709964,5.0890764e-05,1.6847944e-05,8.4733913e-05,-3.5185316e-05,-0.00012981544,-1.6991422e-05,-2.5865176e-05,0.0010715137,-0.001212938,0.0012823445,0.00047944408,-7.2163972e-05,0.00043408075,0.00048569134,0.00024758565,-0.00011126038,1.6557111e-05,0.0003605662,-0.00065922074,0.00024245461,7.4811507e-05,5.5660495e-05,-0.00011287831,-0.0020298601,-0.00053131198,9.4688151e-05,-0.0001508915,-0.00024464301,-0.00012872139,-0.0004152574,7.8552809e-05,0.0005352085,-0.00027355669,0.00010038701,-2.2914884e-05,9.3255405e-05,-0.00018679289,6.3080187e-05,-7.3559678e-05,-0.0005481129
"29",-6.6599051e-05,3.3319612e-05,2.6614625e-06,-6.6889222e-06,2.7827503e-05,-3.2796004e-05,2.2423147e-05,3.5706699e-05,3.6794616e-05,-2.4543416e-05,-0.0013379553,0.0013503222,-0.00029980737,0.00059922589,0.00013944276,4.6951941e-05,0.0001067599,7.2638265e-05,4.4516278e-05,1.3332732e-05,-7.499204e-07,1.7064741e-05,9.4426729e-06,0.00044839813,3.6934693e-06,4.2953582e-05,1.7751739e-05,-3.8683672e-05,0.0019190885,0.0010403182,-5.7869592e-05,0.00012516864,4.0189166e-05,4.3700155e-05,2.3360431e-05,-2.42669e-05,-8.75143e-05,8.2136158e-06,-0.00013659321,-0.00010724414,-0.00014030543,-9.5942175e-05,-8.3079097e-05,8.0304294e-06,-3.5906075e-06,6.3354125e-05,8.5759615e-06,-0.00076285971,-6.9668052e-05,-3.074999e-05,-2.5445293e-06,7.719316e-05,-0.0020602108,-0.0010648321,1.4317541e-05,-0.00018542052,5.7258078e-05,-5.2803167e-05,-3.0724647e-05,-3.3258092e-05,0.00014852338,-2.4662462e-06,0.00012307903,4.7863915e-05,-6.6768038e-05,4.7596314e-05,5.1988664e-05,5.6739572e-05,6.291882e-06,-2.2785189e-06,-2.5989475e-05,-0.00018408303,0.00022271998,1.0779321e-05,-2.1807586e-05,-3.2451579e-06,4.2585411e-05,0.00058173185,0.00029324496,4.9452538e-05,5.0858571e-05,4.0052541e-05,-2.8128671e-08,-1.8263128e-05,-0.00010463517,-2.7765801e-05,-1.7860054e-06,-0.00072496199,0.0015748105,-0.00070680338,-0.00043179136,6.3933646e-05,-0.00025059493,-0.00033001585,-0.00011090106,0.00012940759,2.0852493e-06,-8.0658685e-05,0.00045313724,-0.00067599427,-0.00028568881,-3.8960234e-05,9.2919851e-05,0.00015824623,-0.0017774721,-0.00093287527,-0.00024200124,0.00011407672,3.1901039e-05,0.00020743274,0.00013227947,5.520464e-06,0.00029164157,-8.8305588e-06,0.00010525217,-0.00013649236,0.00019696323,-7.986628e-05,4.070089e-05,0.00041014497
"30",-0.00029360884,7.4052911e-07,-1.2751588e-06,-2.6380322e-05,-8.7706419e-05,-8.0110197e-06,-3.0611695e-05,-3.1267127e-05,-3.5823926e-05,-7.3612417e-05,-0.0010801544,0.00087043208,-0.00025459921,-0.00019112609,-3.6006518e-05,-2.8993998e-05,0.00013815787,1.3192056e-05,0.00010361307,-2.3004448e-06,1.1749701e-07,0.00013945503,-7.58268e-05,0.00010923307,-7.0537528e-05,3.3375825e-06,-2.8234172e-06,-8.4988713e-05,0.0010403182,0.0017063032,-0.00014600972,0.0001068023,0.00011777341,-5.9207708e-05,3.8394317e-05,1.811574e-05,2.6959143e-05,3.3704553e-06,4.2179761e-05,-6.3481161e-05,-0.00016088416,-3.0494654e-05,-0.00017044851,2.4105643e-05,3.8217095e-06,-0.00012849867,0.00015930191,-0.00038136274,1.2942612e-05,-1.1219462e-07,3.8408353e-05,0.00016185385,-0.0010327265,-0.0017771685,0.00019421902,-8.2959211e-05,-4.8254031e-06,0.00010091501,-1.2475896e-05,2.3730222e-06,-4.9113552e-05,4.2828018e-06,0.00017731227,4.7591392e-05,-9.3241341e-05,3.7810583e-05,3.9087856e-05,0.00010531751,-2.3675311e-05,4.1046187e-06,0.00013434391,-8.022845e-05,0.00014419972,-1.2147995e-05,-1.8104963e-06,-3.8766519e-05,-3.289476e-05,0.00035418109,0.00055603826,-1.1826134e-05,4.8907066e-05,2.1319728e-05,-5.852903e-05,9.9812395e-06,-0.00010642867,-7.8520564e-06,-1.5645863e-06,-0.0010881625,0.0026701896,-0.00057990737,-0.0003529863,0.00021304065,-0.00023689506,-0.00037735359,-0.00024460354,0.00023524314,-1.1802648e-05,-0.00058501291,0.00048190442,-0.00056011258,-0.00015397186,-4.6540662e-05,0.00024555851,0.00033137357,-0.00096123271,-0.0015470989,-7.6372286e-05,0.00037955192,4.1327647e-06,0.00062133392,0.00031700031,-9.4597051e-05,0.00023381266,-7.7883277e-06,0.00016066347,-0.00021935661,0.00036618597,-0.00010992637,1.8747916e-05,0.00050103352
"31",0.00015446386,-1.9674499e-05,-3.4864111e-05,-3.1612104e-05,5.4819543e-05,1.1971649e-05,-1.0945227e-05,-5.3982103e-06,-7.640148e-05,4.0382407e-05,-0.0020207118,0.0024767382,-0.00076636864,0.0024809491,-0.00016237416,4.4896474e-05,2.7033949e-05,-2.6718986e-05,-5.3571882e-05,0.00010268864,-1.4573776e-05,-4.2317179e-05,-2.4663054e-05,-0.00022458744,0.00049530291,-5.9493543e-05,-3.0273745e-06,0.00035889913,-5.7869592e-05,-0.00014600972,0.0022939014,5.814748e-06,-6.2196662e-05,-4.3537121e-06,0.00014710849,5.5114553e-05,1.0241451e-05,-2.2745974e-05,0.00014749632,-0.00012787362,5.6542627e-05,-6.1937866e-05,-4.4104429e-05,-0.00011600596,2.4511394e-05,1.4067435e-05,-6.2191569e-06,-6.9167069e-05,-0.00073225495,6.8989916e-05,7.0057554e-06,-0.00038625475,-2.5878523e-05,0.00017948834,-0.0027495808,3.7395622e-05,7.6838637e-05,-0.00012789345,-0.00018938387,-3.84287e-05,-1.0727598e-06,2.5042083e-05,-9.263546e-05,-7.7918061e-05,1.7099135e-05,-4.622904e-06,-5.2529897e-05,-6.6290191e-05,2.2898669e-05,-1.0144191e-06,6.6485213e-05,6.889395e-05,-0.00012697556,0.00011187521,1.5784169e-06,-5.9993763e-06,0.00016814716,4.1361028e-05,2.2325559e-05,0.00079504475,6.4754911e-06,3.7892487e-05,8.1001264e-05,7.5259694e-05,-4.0487323e-05,5.1298904e-06,-1.0046944e-05,0.00043284943,-0.00040592502,0.00056472523,0.00027591033,-7.8795627e-05,0.00017997805,0.00016261974,9.3989332e-06,-0.00013046544,1.4683556e-05,-5.5642293e-05,-0.0002450742,0.00030510454,-0.00045653056,6.1938991e-05,-5.704501e-06,-0.00055999207,-0.00025736866,0.00014599021,-0.0025214916,-0.00014754396,-9.6243665e-05,-0.00027064741,-0.0003153992,9.9502483e-05,-0.00012901777,3.7819141e-05,-6.8636623e-06,-1.4105145e-05,-2.759694e-05,1.9745075e-05,-4.1343048e-05,-0.00031734501
"32",-0.0001522947,-2.737704e-05,-2.3640262e-05,-2.1224928e-05,-1.9962723e-05,-5.4696001e-06,-2.3169284e-05,-5.0975408e-05,1.2388498e-05,-3.9593927e-06,-0.00060435824,0.00057262602,-0.00016695884,0.00022218709,7.371817e-05,-0.00010684823,5.661514e-05,-8.6152819e-05,0.00011849596,-1.3777783e-05,-5.556908e-06,2.2137856e-05,0.0001758974,0.00045873153,4.4080243e-05,1.7088818e-05,5.3827836e-05,6.0912877e-05,0.00012516864,0.0001068023,5.814748e-06,0.0017664981,0.00059274586,-0.00044350661,-5.5423042e-05,-8.4222035e-05,2.0025106e-05,-9.310092e-06,-0.00013217346,0.00018763167,-0.00021132387,-2.4327974e-05,-0.00025771677,5.3312113e-05,7.7227967e-07,-9.2019706e-05,-0.00013740442,-0.0012353945,-7.4295839e-05,-1.1988217e-05,-1.2171414e-05,8.3513109e-05,-0.00022889909,-6.7467883e-05,1.7256549e-05,-0.0019458602,-0.0006751889,0.0004406819,-1.1945078e-05,0.00011175888,2.4580787e-06,1.092674e-05,9.3675861e-05,5.3963438e-05,-6.3482188e-05,4.2841709e-05,4.2623121e-05,0.00019738353,-2.7552998e-05,1.8274316e-07,9.972604e-05,-8.4118846e-06,-2.1859914e-05,5.0032535e-05,9.9086898e-06,-1.5983206e-05,-1.2954134e-05,0.00010772742,5.9647317e-05,-2.8356003e-05,0.00059648936,0.00018412127,-0.00016567852,-1.9767085e-05,-7.0181402e-05,-8.8072623e-06,-4.5217262e-06,-0.00047497342,0.00083632801,-6.7103295e-05,-0.00026313078,0.0002423456,-0.00023615327,-0.00015224642,-0.00049952188,0.00018162844,-8.6398212e-06,-0.00031214643,-2.6878858e-05,-0.00072022924,-0.00027748986,-2.6612911e-05,7.364316e-05,0.00019389489,-0.00033831677,-2.1163954e-05,-7.0723105e-05,-0.0017332477,-0.00062554252,0.00062582976,0.00011999357,-1.4709564e-05,6.4791978e-05,1.0048317e-05,0.00014936873,-0.00014617498,0.0001921416,-2.0165763e-06,2.4086342e-05,6.6227653e-05
"33",8.527722e-05,-9.9458889e-06,-4.6661988e-05,-5.9277012e-05,-6.8937437e-05,7.5736854e-05,8.1907738e-06,-5.9587655e-05,-2.1915026e-06,-8.1683323e-05,-0.00030023161,5.1871985e-06,6.9545007e-07,-0.00016342502,1.7996374e-05,-3.3600217e-05,1.329272e-05,-6.9481149e-05,-0.0001469807,-3.3015562e-05,-8.8478635e-06,-2.7146375e-05,5.1837787e-05,0.00023645299,3.0394776e-05,2.2739823e-06,5.7483669e-05,5.1187659e-05,4.0189166e-05,0.00011777341,-6.2196662e-05,0.00059274586,0.0018187237,0.00010692097,-1.722367e-05,-0.00015311749,4.1365937e-05,-8.5765494e-06,-1.6588708e-05,4.3982519e-05,5.7496371e-05,7.30237e-05,0.00011093638,5.6341191e-05,4.2509955e-07,0.00012833995,-2.5001833e-05,-0.00035648761,8.5586934e-05,4.7137497e-05,-6.9367581e-05,3.4800522e-05,2.9857139e-06,-1.0084639e-05,6.8444888e-05,-0.00060026635,-0.0018877337,-0.00015805549,1.9600761e-05,0.00021295891,-8.6435418e-05,7.0709648e-06,-9.0810267e-05,-2.1669205e-05,-2.3947728e-05,-5.5638663e-06,2.0392177e-05,-2.8806843e-05,-3.5967816e-05,-8.2244375e-07,6.1928689e-05,3.7658538e-05,5.2418471e-06,5.9535938e-05,-7.2325269e-06,-3.9535229e-06,-1.3798721e-05,1.5125425e-06,-7.0509803e-06,3.5578155e-05,0.00022699479,0.00059253709,6.0689352e-05,6.0109265e-05,-9.0003358e-05,1.4403931e-06,-5.1351732e-06,0.00057228353,0.00029729993,0.00078673235,0.0001957418,4.4595397e-05,0.00021951163,-2.7944092e-05,-9.0246444e-05,7.1111873e-05,-3.0177151e-06,4.6779591e-07,-0.00020542532,-0.00033678195,0.00013625325,9.8724042e-05,-1.744597e-05,1.7468382e-05,-0.00041051072,4.4298279e-05,6.2862978e-05,-0.00066508181,-0.0019787852,-0.00029074823,-2.0456571e-05,0.00022527023,-0.00014497307,1.2050953e-05,1.691823e-05,1.97647e-06,2.8251311e-05,1.2949827e-06,-5.0151864e-05,-0.00026528709
"34",0.00011426878,-1.9924746e-05,1.6362268e-05,1.300179e-06,-4.0507095e-05,-3.5930557e-05,2.5174339e-05,2.3885452e-06,0.00011502918,-3.9305844e-05,-0.00062780879,0.00045548911,-0.00011228957,0.00063696793,-1.8239123e-06,0.00013802174,-0.00031770114,0.00010145994,-0.00010316748,0.00012083685,9.775331e-06,6.1832289e-05,0.00021738689,-0.00018483222,-0.00016064326,-4.0747398e-05,4.0489583e-05,-6.0295883e-05,4.3700155e-05,-5.9207708e-05,-4.3537121e-06,-0.00044350661,0.00010692097,0.0032425114,0.00049847356,2.0786233e-05,-2.3947811e-05,-1.0074868e-05,9.6008335e-05,-0.00012140066,0.00049274905,-2.0437697e-05,0.00011082037,-0.00012522561,6.6843332e-06,5.4891675e-05,-0.00017898385,0.0005260689,0.00013648913,4.551721e-05,-6.6355952e-05,6.5102474e-05,-1.9952716e-05,8.9998795e-05,-0.00014153697,0.00046572115,-0.00013173178,-0.0032533707,-0.00057979196,7.3284737e-05,-4.3549422e-05,5.3887013e-06,-0.00015687253,3.6639522e-05,2.2581706e-05,-0.00010001529,8.1747364e-05,-6.6664354e-06,2.8376687e-05,5.6925917e-06,-2.4627541e-05,-4.9850938e-05,-0.00011759643,-9.7371361e-05,-3.8607145e-05,-1.0977381e-05,1.1561721e-06,-1.7628897e-05,-9.3343121e-06,3.9896689e-05,-0.00014920864,1.2147987e-05,0.0011480493,0.00019099281,-0.00012602195,2.2900129e-06,4.222343e-06,0.00011255039,4.2235855e-05,-0.00041684626,-0.00018017258,-0.00012566655,0.00033080854,-0.0002026696,0.00016133929,-0.00014770872,-8.6441097e-07,0.00012945855,-0.00010834136,0.00037652404,0.00031086518,7.3713444e-05,-2.4645013e-05,0.00011332421,0.00011742727,-6.4253188e-05,-0.00016173598,0.00052125314,-6.6228395e-05,-0.0034226932,-0.00058891129,0.00025906924,7.6386406e-05,-1.9209452e-05,-4.3294314e-05,5.4615208e-05,-2.60997e-05,-1.5654282e-05,3.0211908e-05,0.00017239069
"35",-8.9577866e-05,1.5463795e-05,4.0639518e-06,-7.9391572e-06,2.9610336e-05,1.4955293e-05,-2.9106908e-05,-4.6963675e-05,2.2148519e-05,6.1516876e-05,-0.00058056786,0.00052646864,-0.00026768297,0.0004036788,3.0134321e-05,-3.603291e-06,-3.5363154e-05,5.615463e-05,-3.5182906e-05,3.7237171e-05,-1.693555e-06,-2.683056e-05,-8.9883093e-05,-0.00053629273,-9.0233685e-05,-1.2815701e-05,4.2002652e-05,-0.00020285169,2.3360431e-05,3.8394317e-05,0.00014710849,-5.5423042e-05,-1.722367e-05,0.00049847356,0.0016354033,8.3603844e-05,-5.2698704e-05,-2.7200065e-06,-1.1930904e-05,-6.717448e-05,0.0001620198,-4.9444225e-06,-5.7775442e-05,-7.3307426e-05,1.2435033e-05,5.4405539e-05,7.9400587e-05,0.0010962925,8.3288048e-05,3.958532e-05,-2.6789324e-05,0.00023136656,-3.0184883e-06,3.7004993e-05,-0.00021696517,-7.6862542e-07,2.7878456e-05,-0.00054417256,-0.0017539316,2.3712306e-05,7.9840634e-05,-6.9322296e-06,0.00024921125,9.0775392e-05,-2.314178e-05,4.9254291e-05,8.8511334e-06,7.7434411e-05,1.5793875e-05,5.0525095e-06,0.00012786286,-8.5693676e-05,-0.00012943549,-8.1540275e-05,-1.7357484e-06,-1.3880466e-05,-7.4217284e-05,-1.610725e-06,-2.4713176e-05,3.9493692e-05,-5.7940603e-05,4.3205682e-05,0.00011697116,0.00049634327,2.1298339e-05,-5.5229539e-05,-2.2238844e-07,-0.0011142948,0.0020406643,-0.00067230514,-0.00050777321,5.1492525e-05,-0.00010906483,-0.00029343268,-4.4833301e-05,-1.4474353e-05,7.8052281e-06,-0.00045142576,0.00028053641,0.00076345382,-9.6664467e-05,-2.8002176e-05,9.9327585e-05,0.000432096,0.00018085887,0.00029870159,-0.00047944911,0.00045346089,0.00010270995,-5.6487429e-05,-0.0014530312,-0.00033957419,0.00040767827,-2.5629248e-05,0.00012206685,-0.00018361199,0.0002196634,-0.00011531529,3.9446845e-05,0.00038526576
"36",-0.0001011601,4.213957e-05,7.2735698e-06,-3.3173974e-05,4.4440382e-05,-7.3638475e-05,-8.9258062e-06,4.5093209e-06,6.9626588e-06,0.00010721379,-0.0025113605,0.0021140384,-0.00056610492,0.0017580473,-0.00018054342,0.00029963325,0.00068848744,2.2604625e-05,-0.00019217397,1.9392539e-05,-4.0822655e-06,0.00015407201,9.5792184e-05,-0.00028540812,1.8996592e-05,2.7970144e-06,0.00049656835,-0.00021296292,-2.42669e-05,1.811574e-05,5.5114553e-05,-8.4222035e-05,-0.00015311749,2.0786233e-05,8.3603844e-05,0.0027943002,3.9197933e-05,6.1687281e-06,0.00014704001,-0.0003444899,-0.00084131173,-7.4427668e-05,4.4397338e-05,5.2568858e-05,2.7928352e-06,-0.00018875649,-0.00012308975,0.00010717726,-0.00028026094,-1.2855867e-05,-0.00034194048,0.00040463079,3.7957572e-05,7.0200673e-05,-3.5379884e-05,0.00012700326,0.00025726236,6.8493123e-05,4.9130772e-05,-0.0027470499,2.0339181e-05,-1.8225633e-05,-3.160705e-05,-1.1898934e-05,9.0140738e-05,0.00032782089,-9.0352541e-06,-8.6196985e-05,2.3903582e-05,-8.7484675e-06,-4.0625355e-05,0.0001145288,-3.1521043e-05,6.8551183e-07,-1.625059e-05,8.1379437e-05,-0.00012212272,-0.00012436943,-6.319987e-05,-3.2657504e-05,-6.1448959e-05,-6.2304103e-05,-6.3407937e-05,1.979107e-05,0.00083203031,2.3189312e-05,5.5305034e-06,-0.00045175144,0.00030567526,-0.0006126148,-7.471923e-05,-0.00042220896,-0.00098289473,-0.00012881832,0.0002390592,5.3304407e-05,2.1020566e-05,-4.7925637e-05,-0.00017207462,8.140648e-05,-0.00023645832,-6.7706795e-06,-0.00026907231,0.00040791511,0.00066429083,0.00029239923,-7.7953641e-05,0.00026988287,0.00025078093,0.00032539606,0.00010562862,-0.0028430459,0.00014085343,-1.8594258e-05,0.000111048,-6.2408265e-05,3.5983299e-05,-4.3141435e-05,5.9213619e-05,0.00019509387
"37",-2.6032795e-05,2.6288746e-06,1.1170595e-06,1.2324078e-05,3.5070638e-06,2.995094e-06,-1.5511996e-05,-2.5886948e-06,-1.7983887e-05,6.3945667e-06,-0.00011395952,5.6692508e-08,2.3262389e-05,-0.00014470224,1.9242566e-05,3.6227916e-05,2.2891759e-05,3.0491385e-05,-3.6436147e-05,2.6198205e-06,-4.608248e-06,-3.8969376e-05,4.6711072e-05,-0.0001411606,-0.00012178533,3.6312749e-06,1.5104706e-05,6.7515054e-06,-8.75143e-05,2.6959143e-05,1.0241451e-05,2.0025106e-05,4.1365937e-05,-2.3947811e-05,-5.2698704e-05,3.9197933e-05,0.00030546244,-3.1876639e-07,-3.7404159e-05,-3.3604149e-05,-2.9354211e-05,-5.0221923e-05,4.7156071e-05,3.3198421e-05,-2.6952985e-06,9.0134661e-05,1.7558454e-05,0.0002820935,0.00017783182,9.2029644e-06,-5.2645841e-06,-4.1393487e-06,0.00012472769,-5.9180587e-05,-7.6886838e-06,6.0355358e-06,-7.1078065e-05,-5.2403936e-06,7.8889555e-05,8.6100554e-06,-0.00036088494,1.3377892e-07,4.0380616e-05,1.7096978e-06,-1.1772635e-05,5.6763041e-06,2.5282575e-05,3.3558946e-08,-4.6447898e-06,1.1473521e-06,-1.653154e-05,-1.3892799e-05,-3.3320072e-06,-5.5314078e-05,-6.0286136e-06,-2.8603414e-06,-2.8520836e-05,-2.0543688e-05,-1.2240436e-06,-1.9158365e-06,-1.1531352e-05,-1.5301656e-06,-2.0417199e-05,-6.1611045e-05,2.3308187e-05,5.0043245e-05,7.5181156e-07,-0.00016893236,0.0002732146,3.8760074e-05,-5.9743059e-05,-3.497972e-07,-3.3156417e-05,-9.4926604e-05,2.8406894e-05,4.607448e-05,-4.1560327e-06,1.4793921e-05,5.1551332e-05,0.00011056274,0.00016731944,1.7826018e-05,2.2819336e-05,2.9858804e-05,5.4799808e-05,9.7582979e-06,-9.3978068e-06,6.5548532e-05,-4.7082363e-05,0.00011943552,0.00020054992,-4.9287302e-05,-0.00030108203,-1.796691e-06,1.8898193e-05,-4.0478592e-05,4.61753e-05,2.8604406e-06,-3.2977254e-06,4.1808346e-05
"38",7.802222e-06,-5.8238606e-07,-1.8502784e-06,1.4838916e-06,1.5268092e-06,-1.4037002e-06,4.5051358e-06,-1.795363e-06,6.8294427e-07,3.896418e-06,-4.6317683e-06,9.8930452e-06,-1.1834483e-05,3.2618324e-05,1.2175127e-05,-1.9176179e-06,-6.5128441e-06,1.9490423e-06,7.1859896e-06,-3.9876524e-06,1.8795124e-06,-3.578948e-06,-5.0967475e-06,-1.8267319e-05,6.5840889e-06,-2.2888019e-06,-1.6367762e-05,-6.4852696e-05,8.2136158e-06,3.3704553e-06,-2.2745974e-05,-9.310092e-06,-8.5765494e-06,-1.0074868e-05,-2.7200065e-06,6.1687281e-06,-3.1876639e-07,1.8265935e-05,-1.4759581e-05,5.4933998e-06,4.0358821e-06,1.0780997e-06,3.2130134e-06,3.918928e-06,-2.0004371e-06,3.7160763e-06,8.0477161e-06,2.1460812e-05,-1.1303727e-05,1.7855338e-06,1.728597e-05,6.8981555e-05,-1.8048253e-07,2.0328924e-06,2.465985e-05,1.1427815e-05,1.0315264e-05,7.99981e-06,-8.2722955e-06,-1.5426823e-05,6.782682e-07,-1.9487598e-05,-1.2922245e-05,4.6871705e-06,4.6045365e-08,-5.5904036e-08,-2.4692008e-06,-3.9627603e-06,4.6687059e-08,6.3657739e-07,-7.2630988e-06,-6.8768731e-06,-8.4392002e-06,5.7049696e-07,-2.5347751e-06,-5.2172735e-06,-2.6741267e-05,1.6858136e-06,4.7717041e-06,-8.061594e-06,-1.0184155e-07,-7.5576486e-06,5.7972196e-06,5.420476e-06,6.7231041e-06,1.4373676e-06,8.8761058e-06,4.7952602e-05,-7.6602623e-05,2.0341766e-05,-3.2733806e-06,-6.5785631e-06,7.4906853e-06,8.8429221e-06,2.8422281e-06,-6.1488423e-07,-2.0357015e-06,2.7409844e-05,2.0830416e-05,1.4302873e-05,1.7255181e-05,8.7160736e-06,1.2437221e-05,8.2311024e-05,-1.0723065e-05,-1.8652663e-05,3.7531263e-05,-8.361907e-06,1.311593e-05,-3.0496465e-05,-3.1067575e-05,-4.8555915e-06,-1.0635631e-05,-2.3505004e-05,-6.1303787e-06,9.2496853e-06,-1.2276136e-05,3.1196095e-06,-1.499744e-06,-1.2401142e-05
"39",-7.0661286e-06,1.464494e-05,5.6834887e-05,9.9730216e-05,-7.6598273e-05,-1.6323095e-05,-8.3037532e-06,-4.2909215e-05,-5.0834157e-05,0.00010120653,0.00025114118,-0.00034278078,0.00013166956,3.9351255e-05,-0.0009810425,0.00025847157,-0.00023938539,4.4927326e-05,0.0001183262,1.8877701e-05,-1.227731e-05,-2.3509378e-05,-0.00014606972,-0.00025060684,0.00014882133,1.0327907e-05,0.00016480644,7.7030305e-05,-0.00013659321,4.2179761e-05,0.00014749632,-0.00013217346,-1.6588708e-05,9.6008335e-05,-1.1930904e-05,0.00014704001,-3.7404159e-05,-1.4759581e-05,0.0026198089,-0.00067815273,0.00056788344,-0.00020418599,-0.00030629992,-9.18371e-05,3.3280041e-05,1.4409762e-05,0.00023764237,0.00093156952,-0.00056382365,-6.1436552e-06,-0.00035999231,-0.0002289878,0.00027328476,-0.0001080356,-0.00051838495,0.00027807674,-8.4101699e-05,-0.00034208624,6.1344014e-05,-0.00035250154,0.00012117999,3.1154666e-05,1.8244858e-05,-0.00044313639,0.00017653175,-0.00010870569,-1.170016e-06,5.9243218e-05,8.6685725e-06,-9.7871693e-06,-7.8204281e-06,-9.6633473e-05,-4.5897547e-05,2.8917682e-05,1.486452e-05,5.7279979e-05,8.1065734e-05,-3.4087679e-05,-2.6140197e-05,0.00014719795,-1.6050299e-05,5.8226358e-05,-1.5621628e-05,-6.4463091e-05,-6.2912237e-05,-5.0437311e-06,-1.0523197e-05,-0.00012073166,-0.00045490271,-0.00021909849,0.0021711828,-0.00071407647,0.00043094447,-9.5017483e-05,-0.00017657889,-0.00012990336,3.7063193e-05,0.00015190773,0.00013333905,0.00058540412,-0.00043084395,-5.0081416e-05,-0.00034574347,-0.00032181339,0.00035553139,-2.0399005e-05,-0.00053092736,0.00012030645,-0.0001383665,-0.00028779029,0.00021568095,-0.00023979856,0.00010556011,4.1032719e-05,-2.4835556e-05,7.2252865e-05,-0.00022766966,-6.7176095e-06,7.7804819e-06,0.00011530256
"40",-1.7453423e-05,2.1832606e-05,-5.742063e-05,-0.00011925143,8.1461035e-05,1.9042508e-05,1.0060533e-05,7.1941309e-05,4.0973048e-05,9.8767608e-05,0.00071032216,-0.0017062293,0.00020442428,-0.0013372594,0.0002500042,-0.0019001399,0.00010219154,-7.4129594e-05,-5.1293108e-05,-5.7854842e-05,1.0740575e-05,-9.7876599e-05,0.00013399921,-0.00030788491,-0.00023493517,1.9077056e-05,7.442701e-05,-6.3255651e-05,-0.00010724414,-6.3481161e-05,-0.00012787362,0.00018763167,4.3982519e-05,-0.00012140066,-6.717448e-05,-0.0003444899,-3.3604149e-05,5.4933998e-06,-0.00067815273,0.0045528108,-0.00025798451,0.00014986548,0.00011110551,0.00016878304,-3.3567951e-05,0.00033817868,-0.00039778579,0.0010829558,0.00079470295,-5.508437e-05,-0.00020544292,0.00011703013,0.00030674507,3.6154069e-05,0.00025150897,-0.0003514438,-0.00030840977,0.00023380532,0.00013978679,0.00089599146,3.0684702e-05,5.1340446e-07,-7.8009311e-05,7.0127852e-05,-0.00073895246,5.4194495e-05,2.0651723e-06,-7.0178661e-05,-4.3096849e-05,8.4399253e-06,-3.2605084e-05,-7.6264619e-05,6.720689e-06,-0.00011605785,1.2963107e-05,1.4758561e-05,1.3958849e-05,-1.2349945e-05,7.2541578e-05,-8.8471029e-06,0.00015582399,2.066281e-05,3.3701309e-05,-5.0223477e-05,-0.00010120594,1.2605769e-05,-7.603827e-07,0.00026056473,-0.00050775748,0.00031409479,-0.00034340786,0.0036091122,-0.00019530356,0.00014837938,6.3888808e-05,0.00016771911,-4.1785883e-05,0.00038658541,-7.4931784e-05,0.00048621434,0.00083200658,-9.6933244e-05,-9.9929999e-05,1.3477889e-06,3.8367919e-05,-6.606461e-05,0.00030470928,-0.00056941021,-0.00013236733,-6.2105432e-05,0.0001515526,0.00084459806,-3.4604857e-05,1.6842289e-05,-1.0097877e-05,4.3935354e-05,-1.1102356e-05,4.2175274e-05,-2.8354151e-05,-0.00013552082
"41",0.00048489752,6.6945937e-05,-5.8429743e-05,9.9203098e-05,0.00024691558,1.4109799e-05,-1.9060858e-06,4.6334884e-05,4.1572996e-06,0.00017524538,0.0017351579,-0.0038147417,0.00079231152,-0.0016618362,-0.00024424387,0.00016011323,-0.0020326529,-0.00013376305,-0.00011855462,-1.510612e-05,-1.4626725e-05,-0.00035819644,0.00019885862,-0.00089151132,0.00023333345,-7.4303309e-05,0.0001148619,0.00018418259,-0.00014030543,-0.00016088416,5.6542627e-05,-0.00021132387,5.7496371e-05,0.00049274905,0.0001620198,-0.00084131173,-2.9354211e-05,4.0358821e-06,0.00056788344,-0.00025798451,0.0048342257,0.00020971218,0.00013238996,3.6460466e-05,4.9596021e-05,0.00068138055,-0.00034536013,0.0023705902,-0.00042989642,0.00018477412,-0.00028633649,-0.000471762,0.00016326323,0.0001216663,-0.00022616215,0.00032440821,-0.00011933275,-0.00093948581,-0.00042347536,0.0019280278,1.6243831e-05,-1.6770976e-05,-0.00043852896,-0.00018166352,0.00015684368,-0.0010271862,-7.9466392e-06,-3.962197e-05,-6.1831645e-06,-2.3049071e-06,-0.00035221356,0.00019381264,-0.00017877498,5.8694568e-05,1.1608228e-05,4.9121865e-05,0.00016516842,-0.00011319176,-1.1144628e-05,1.2551732e-05,-5.0637761e-05,-3.5152097e-06,0.00035014844,0.00011695013,-0.00058356203,1.23107e-05,1.6990332e-06,0.001696594,-0.0043979939,0.00074751987,0.0010176987,-0.00058089711,0.0044308771,0.00050685537,0.00011982443,-0.00024698077,5.6357194e-05,0.0013063627,-0.00089396962,0.0012648448,0.00010828965,0.00014727562,-0.00044306663,-0.00073649552,-0.00015369553,-0.00053503515,0.0003364927,-0.00058051978,-0.00023705286,-0.0019578801,-0.00089849274,0.0024380565,-0.00044212592,-4.598178e-06,-0.00020955073,0.000383652,-0.00068337539,0.00020178251,-2.6905287e-05,-0.00067901979
"42",-0.00014334269,-2.3261295e-05,-3.03e-05,-0.00011666348,0.00017366408,-3.3229326e-05,-2.5250206e-05,-5.9051298e-05,-1.1785951e-06,-0.000121705,0.00057888409,-0.001312595,5.2253962e-05,-0.00044784871,6.3418415e-05,-3.1397524e-05,-0.00015167851,-0.0017611271,-0.00085687333,0.0001043562,-5.905972e-06,0.00014323909,-4.3294113e-05,8.3108733e-05,-0.00018772435,2.0878434e-05,-5.7352179e-05,0.00016145561,-9.5942175e-05,-3.0494654e-05,-6.1937866e-05,-2.4327974e-05,7.30237e-05,-2.0437697e-05,-4.9444225e-06,-7.4427668e-05,-5.0221923e-05,1.0780997e-06,-0.00020418599,0.00014986548,0.00020971218,0.0044212995,0.0020597323,-0.00029730358,1.9685499e-06,-0.00017327841,8.3378447e-05,-0.00066210757,0.00069052587,-4.6885617e-05,0.0001607289,-0.00037548331,0.00021327791,-2.1977605e-06,0.00013629579,1.7843954e-05,-0.00026428782,7.1039523e-05,0.0001428273,0.00032595747,0.00010889388,-1.685468e-06,-0.00021137835,-1.6720244e-06,7.9045069e-05,-6.4832956e-06,-0.00082072233,-0.00046496091,7.3987215e-05,7.184945e-06,6.5784808e-05,4.7303257e-05,-2.7006796e-05,-0.00015150222,8.7055575e-06,-2.903015e-05,0.00014368426,-7.9045447e-05,-2.7528515e-05,9.5595256e-06,-7.9462123e-05,8.0859477e-06,6.0512305e-05,-1.3552405e-05,4.9225354e-06,-5.2868194e-05,4.4578381e-06,0.00046182921,-0.00063420805,0.00024311424,-0.00010352951,2.0337124e-07,9.3484279e-05,0.0038286727,0.0018275124,-0.00040494611,-8.1402967e-06,-0.0002630155,-0.0002629567,-0.00048326499,0.00069661123,-5.7058906e-05,0.00019222999,-0.00053977733,0.00031144915,0.00013741371,0.00020444157,1.3841228e-05,-0.00013027609,-0.00016600635,9.1895508e-05,0.00034886089,7.2480734e-05,-8.7734389e-06,-1.6792293e-05,7.6933076e-05,3.3919747e-05,8.1110299e-05,-1.5643062e-05,-5.7433179e-05
"43",0.00024324993,0.00011009817,4.7053303e-05,-3.2329545e-05,5.3708326e-05,1.8779847e-05,9.4828808e-05,4.298133e-05,1.1795998e-05,7.8516602e-05,0.00035694763,-0.0015228375,0.00014580121,-0.00054624193,0.00016795355,-4.3275093e-05,-0.00012342694,-0.00085525782,-0.0024709036,9.8958898e-05,4.1511068e-06,4.8669395e-05,0.00011250645,0.00055159116,-0.00022339646,5.832649e-05,-0.00010703849,0.00033898213,-8.3079097e-05,-0.00017044851,-4.4104429e-05,-0.00025771677,0.00011093638,0.00011082037,-5.7775442e-05,4.4397338e-05,4.7156071e-05,3.2130134e-06,-0.00030629992,0.00011110551,0.00013238996,0.0020597323,0.0060598875,-0.00013435667,-3.8481384e-05,5.8895957e-06,9.6639559e-05,-0.0019432768,0.00059625257,-7.6422675e-05,0.00028461375,-0.00044502093,1.0212791e-05,3.6172927e-05,0.00036476161,0.00063924308,-0.00030705496,-0.00024463447,6.4084724e-05,0.00014028388,-7.421911e-05,-1.768975e-05,-0.00057577848,-2.8050644e-05,7.5463542e-05,-3.8948569e-05,-0.00045230722,-0.0012339332,7.1460237e-05,9.3708457e-06,-0.000227314,9.5539727e-05,0.00045145359,-0.0001764289,-1.4514917e-05,-2.7855183e-05,0.00020901952,-3.0980128e-05,-3.0940269e-05,5.3251967e-05,-0.00015541188,4.7638516e-06,0.0002100024,-7.2391025e-05,6.5411453e-06,-2.2354403e-05,7.9987577e-06,0.0016746982,-0.0027961267,0.0016792583,0.0003383973,-9.0956285e-05,0.00051202759,0.0021881608,0.0051161483,-0.00036091534,-3.3648735e-05,0.0005493141,-0.00031539793,-0.0020560308,0.00081508903,4.4497449e-05,0.00014250163,-0.00084299768,-0.00060945652,5.3942814e-05,0.00070696943,0.0001425334,-0.00031160553,-0.0010041478,-0.0001587381,0.00063875701,-0.00046057712,-1.0022704e-05,-0.00011922859,0.00025917533,-0.00044335923,0.00017628634,-0.00016067411,-0.00058606429
"44",-0.00012141534,1.0609088e-05,4.1756443e-05,-5.0142593e-05,0.00012167882,3.7490556e-05,-5.6680867e-10,8.0473601e-06,3.7366272e-05,3.4184036e-05,0.0010287645,-0.0028137846,0.00057950026,-0.0027509794,4.0357299e-05,-4.672958e-05,-1.3620613e-05,0.00010013376,0.0001018534,-0.0004514871,6.5819407e-05,-0.0002377436,-0.0002485176,5.377766e-05,0.00011483941,-1.6171924e-05,-1.5754684e-05,-8.5631065e-06,8.0304294e-06,2.4105643e-05,-0.00011600596,5.3312113e-05,5.6341191e-05,-0.00012522561,-7.3307426e-05,5.2568858e-05,3.3198421e-05,3.918928e-06,-9.18371e-05,0.00016878304,3.6460466e-05,-0.00029730358,-0.00013435667,0.0012415626,-0.00017572061,0.00072555393,0.00049435085,-4.9671303e-05,-0.00042808557,2.1811379e-05,1.983557e-05,7.8982323e-05,-5.2445454e-05,-0.00010940158,0.00029972405,-9.0326869e-05,-7.559025e-05,0.00026107738,0.00024434722,-0.0001612511,-7.0761692e-05,-8.5231353e-06,0.00017598098,2.9994683e-05,-6.5910553e-05,-9.7943055e-06,7.0877429e-05,8.9933346e-05,-0.00022345258,3.1324229e-05,-7.1951339e-05,-0.00013183696,9.1128257e-05,0.00013122841,-2.1420933e-05,-1.722733e-05,-4.3529359e-05,3.1201276e-05,-4.1009079e-06,-6.3695993e-05,5.6446957e-06,9.4056773e-07,-7.5460122e-05,-5.9985448e-05,8.4913716e-06,-2.6724999e-05,3.4129289e-06,-0.00045280245,0.00081048685,-3.0362579e-06,-0.00013040795,0.00025271977,-1.4053066e-05,-0.00043421951,-0.00026135026,0.0010959711,-0.00013989828,0.00056402035,0.00058015397,-0.00017969769,-0.0005532374,4.0007776e-05,5.3162562e-05,0.00014620693,-0.00022380566,-2.1907606e-05,0.00020115855,2.7890501e-05,8.5760264e-07,0.00045613698,0.00033306467,-0.0002015531,5.9168668e-05,-9.9386688e-06,6.4996894e-05,-8.267843e-05,7.3027506e-05,-4.8731089e-05,2.5336223e-06,2.5918098e-05
"45",2.7853149e-05,-9.8951079e-07,-1.3346764e-06,8.0369767e-06,1.0498202e-05,-8.633067e-06,-1.240784e-06,2.7400583e-06,-9.4730976e-06,7.6685934e-06,-6.0778841e-05,0.00018916559,-5.8974619e-05,0.00038910976,-1.4935583e-05,1.3512328e-05,-1.4078596e-05,-6.5435064e-06,3.777265e-06,6.5672243e-05,-2.7078856e-05,1.6980566e-06,7.0685811e-06,-9.2965641e-05,5.7708634e-05,8.7913024e-06,2.4383503e-06,1.392033e-05,-3.5906075e-06,3.8217095e-06,2.4511394e-05,7.7227967e-07,4.2509955e-07,6.6843332e-06,1.2435033e-05,2.7928352e-06,-2.6952985e-06,-2.0004371e-06,3.3280041e-05,-3.3567951e-05,4.9596021e-05,1.9685499e-06,-3.8481384e-05,-0.00017572061,7.1085396e-05,-4.6284256e-05,-2.700076e-05,0.00022563552,-0.00010470195,-1.5539772e-05,-2.643922e-06,-3.0628332e-05,-1.0570045e-05,-9.4060015e-06,-8.5031641e-05,3.8063976e-06,-1.5262708e-05,-1.2551802e-05,-4.6792217e-05,-2.489231e-06,-4.8601159e-07,3.4129758e-06,-4.0771325e-05,-1.4494023e-05,1.649916e-05,-1.2107692e-07,6.402993e-06,5.0742854e-06,3.2184333e-05,-1.2130999e-05,5.393143e-06,4.1951291e-06,-1.4184643e-06,2.4952737e-05,7.9212615e-06,3.8590259e-06,6.3638046e-06,-5.3671782e-06,1.5899737e-06,1.4251958e-05,1.2139407e-05,1.6694772e-06,9.3448156e-06,5.9891124e-06,5.4506221e-06,6.9701213e-06,-1.5385819e-06,0.00013517327,-0.00051050389,-5.0141706e-05,4.71921e-05,-8.4340741e-05,3.3392858e-05,3.8068953e-05,-2.6467016e-06,-0.00016481204,5.6396997e-05,-9.8043786e-07,-2.2516403e-05,0.00010421376,-4.4610298e-05,-2.3918781e-05,-2.7822947e-05,-4.7364894e-05,3.8563765e-05,-7.5772588e-05,-4.4581946e-05,-0.00010187125,-2.016914e-05,-0.00010543004,-9.1259883e-05,6.1394324e-05,-4.4076019e-05,5.0140583e-06,-2.1011825e-05,4.286005e-05,-7.7222984e-05,2.036329e-05,7.3844918e-06,-2.0268086e-05
"46",0.000271047,-6.2964611e-05,6.8464232e-05,5.5283261e-05,-0.00010324552,9.5934936e-05,5.9763705e-05,1.1514706e-06,-2.0700421e-05,-1.7784749e-05,0.0012197136,-0.0034302451,0.00072993155,-0.003406929,-2.052985e-05,-6.554774e-05,-0.0003616748,0.0001425882,5.2452266e-05,-0.00023743865,1.058047e-06,-0.0027899377,-0.00053766456,-0.00037171842,0.00017531657,9.299482e-06,8.5859009e-05,0.00019787713,6.3354125e-05,-0.00012849867,1.4067435e-05,-9.2019706e-05,0.00012833995,5.4891675e-05,5.4405539e-05,-0.00018875649,9.0134661e-05,3.7160763e-06,1.4409762e-05,0.00033817868,0.00068138055,-0.00017327841,5.8895957e-06,0.00072555393,-4.6284256e-05,0.0066687164,0.0013291484,0.00028029774,-0.00015678153,-4.3554098e-06,-0.00024538106,-0.00029327795,-0.00018898203,0.000128583,8.8592198e-05,0.0005215926,4.0032211e-05,-0.00055727363,2.8286214e-05,0.0003519414,-0.00015109105,4.3964001e-06,-9.5657684e-07,-6.4708999e-05,-4.8095521e-05,-0.00024093901,0.00012011655,-7.2628567e-05,-0.00012087101,1.339555e-05,-0.0012242641,-0.00025800413,-1.5648059e-05,0.00023581659,-3.4007e-05,6.6138472e-05,7.3040587e-05,6.3066054e-06,-5.0440756e-07,-0.00011467957,-0.00011559572,1.4011052e-05,-7.3330679e-05,-7.3748747e-05,-2.3077942e-05,-2.2360231e-05,8.5595855e-07,0.00045180455,-0.00036855725,0.0013000725,0.00050613623,0.00039708771,0.00098852796,-0.00029562174,-0.00022688752,0.00070030769,-6.1002771e-05,0.0058243742,0.0010524975,-5.8072742e-05,-0.00055531599,0.00014586827,-0.00032783319,-0.00040241057,-0.0008427186,4.4402079e-05,0.00050925422,0.00033243553,-0.00011382658,-0.00042275299,0.00020843358,8.2825943e-05,-0.00018226709,2.7184104e-05,-5.2179997e-06,2.9076504e-05,-0.00012253531,2.6655856e-05,-0.00010608318,-0.00040276814
"47",2.4197302e-05,2.8339948e-05,5.905257e-05,0.00010360796,-4.7271214e-05,0.00011381778,-2.0929168e-06,2.6422098e-05,0.00012028952,-9.1043658e-05,0.0012893233,-0.0033046182,0.00046404265,-0.0016644637,-9.199634e-05,7.3957334e-05,0.00016167971,-6.0575807e-05,8.7814581e-05,-0.00022393874,3.7578168e-06,-0.0005417764,-0.0047905485,-0.00047931227,-8.4245391e-05,-1.055798e-05,3.1877355e-05,-0.00030077843,8.5759615e-06,0.00015930191,-6.2191569e-06,-0.00013740442,-2.5001833e-05,-0.00017898385,7.9400587e-05,-0.00012308975,1.7558454e-05,8.0477161e-06,0.00023764237,-0.00039778579,-0.00034536013,8.3378447e-05,9.6639559e-05,0.00049435085,-2.700076e-05,0.0013291484,0.012219263,0.00085570033,7.4700532e-05,0.00010826788,0.00010513311,0.00095692796,0.00012054832,-3.1585338e-05,-9.1055904e-05,0.00023242079,2.5535729e-05,-7.7441498e-06,-9.0350662e-05,0.00037551102,-8.2320088e-05,-3.763823e-05,-0.00020570451,-0.00010637166,-6.8317727e-05,8.5447889e-05,3.7273801e-05,2.9935787e-05,-0.00011689213,1.3083208e-06,-0.00029985981,-0.0022324312,-1.7308456e-05,2.099568e-06,4.4362872e-05,9.5711635e-05,-0.00023398223,0.00016763036,9.6811214e-05,4.0615485e-05,9.756587e-05,-2.6479856e-05,0.00016194323,0.00011249074,-0.00022081943,1.7845312e-05,1.2297157e-05,0.00079395273,-0.0037916971,0.00059671232,0.00045530615,-0.00015840318,-0.00051023213,0.00013911947,-0.00021645878,0.00036421636,-1.493365e-05,0.0014777916,0.011707225,-0.00010830258,0.00039877463,7.1763498e-05,-0.00015446702,0.0009455184,-0.00059746371,-0.00099725751,0.00056056105,-0.0007658777,3.1687099e-05,-0.00038962898,-0.00061464133,0.0012017246,-0.00044264908,-2.8397314e-05,-0.00013559914,0.00036500358,-0.0010593025,0.00017146487,-5.019508e-05,-9.4216251e-05
"48",0.00021522005,9.1067085e-05,6.8743325e-05,5.1942735e-06,-8.5828401e-05,3.1769508e-05,1.4642814e-06,0.00012586234,-0.00024376628,-0.00013110289,0.0025714553,-0.0029886192,-0.00020047019,0.00058293141,-0.00025829217,-0.00038868894,-0.0011840227,8.1789699e-05,0.00031884708,7.0101919e-05,-0.00014066418,-0.00047772355,-0.00048413903,-0.026159786,-0.0018462025,-0.00038024348,0.00048362586,0.00022337837,-0.00076285971,-0.00038136274,-6.9167069e-05,-0.0012353945,-0.00035648761,0.0005260689,0.0010962925,0.00010717726,0.0002820935,2.1460812e-05,0.00093156952,0.0010829558,0.0023705902,-0.00066210757,-0.0019432768,-4.9671303e-05,0.00022563552,0.00028029774,0.00085570033,0.15123428,0.0048993053,0.00065504746,-0.0015256991,-0.00080723413,0.0010343111,0.00057769741,-0.0002671537,0.0025986852,0.0011542259,-0.0010767057,-0.0029012005,-0.00074503508,-0.00074487635,-5.1317427e-05,-0.00015891479,-0.00011217896,0.00011000858,-0.0001619514,2.3036145e-05,0.00038171342,6.5861766e-05,-1.4851087e-05,-3.8499802e-05,-8.9926529e-05,-0.012538864,-0.00045920248,-1.6394452e-05,6.9151552e-05,0.00012992054,-4.0456316e-05,-3.606833e-05,0.00014769549,-0.00012326809,-0.0001271253,0.00013508761,0.0002026761,3.1925607e-07,0.00017366666,1.1082592e-05,0.0016555647,-0.0071856719,-0.00040958716,0.0011963463,-0.00016938146,0.0019621362,0.00020879744,-0.0013627548,-0.00061336872,0.00023630389,0.00064040661,0.00053354429,0.1240123,0.0048981349,0.00048453273,-0.0013738031,-0.00094946712,0.0013082694,-0.00039366206,0.00013265752,0.00052257092,0.00094618237,-0.0021526811,-0.0028571446,0.00064410066,-0.0012648275,-3.9570119e-05,-0.00027896435,0.000640938,-0.001541028,1.989496e-05,7.7757188e-05,-0.00090173363
"49",-0.000256707,-0.00021067294,-4.7258191e-05,0.00019630567,-0.00025909469,-9.5890999e-05,-1.3455194e-05,4.4856287e-06,2.7286154e-05,-0.00035939478,0.00061552676,-0.0010826901,-0.00049729177,2.0304417e-05,0.00021337358,-0.00026825397,0.00016442392,-0.00017861354,-0.00017688007,9.3458003e-05,5.2395282e-05,7.739094e-05,-8.0201673e-05,-0.0015432411,-0.0038177943,-3.3810538e-05,6.3855353e-05,-0.00014736576,-6.9668052e-05,1.2942612e-05,-0.00073225495,-7.4295839e-05,8.5586934e-05,0.00013648913,8.3288048e-05,-0.00028026094,0.00017783182,-1.1303727e-05,-0.00056382365,0.00079470295,-0.00042989642,0.00069052587,0.00059625257,-0.00042808557,-0.00010470195,-0.00015678153,7.4700532e-05,0.0048993053,0.012526126,8.4841857e-06,-0.00039594946,0.00028826654,0.00018113568,0.00013925863,0.0021172399,0.00014691612,-0.00019023319,-0.00027738352,-0.00040056385,0.00058913176,-0.00059722756,2.2252126e-05,2.6404696e-05,3.3393999e-05,-5.9386798e-05,8.3535105e-05,-3.9240788e-05,-0.00015508491,0.00010308835,3.3225503e-05,0.00029164492,2.9202611e-05,0.00016775973,-0.0017589054,1.2925652e-05,7.3761265e-05,1.2814459e-05,7.7568817e-06,6.1136508e-05,-0.00018194695,-9.9474171e-05,6.6992807e-06,6.7009393e-05,0.00025742671,0.0001219533,0.00010177978,-9.8482972e-06,-0.00027474182,0.00084452484,-0.00038445828,-0.00066306888,0.00058029603,-0.00034878983,0.00030171384,0.00050293698,-0.00039093277,-8.504389e-05,-0.00088245284,-4.8718213e-05,0.0023426259,0.010628741,-5.0720475e-05,-0.00037580169,0.00025352617,0.00058361297,0.00021696163,0.0013910756,0.00051800648,-0.000330597,-0.00024843545,-0.00032998507,-6.1597091e-05,-0.00043734085,1.4083501e-05,-5.0269249e-06,5.7463455e-05,0.00011511569,-1.8736786e-05,2.5661229e-05,0.00038166958
"50",9.0688612e-05,-2.4013981e-05,3.3467285e-06,-5.9441306e-05,-7.129322e-06,1.5590357e-05,-6.2463634e-06,-3.0909844e-06,1.4550635e-05,2.4224825e-05,0.00053665416,-0.001397918,0.00025746128,-0.00094810695,-1.1981862e-05,3.1657062e-05,-7.1282721e-05,3.7646904e-05,6.4019547e-05,-1.2903866e-05,7.5690562e-06,1.25618e-05,8.1409269e-06,-0.00029548661,-2.2476231e-05,-0.00029214925,5.4887935e-05,-2.000318e-05,-3.074999e-05,-1.1219462e-07,6.8989916e-05,-1.1988217e-05,4.7137497e-05,4.551721e-05,3.958532e-05,-1.2855867e-05,9.2029644e-06,1.7855338e-06,-6.1436552e-06,-5.508437e-05,0.00018477412,-4.6885617e-05,-7.6422675e-05,2.1811379e-05,-1.5539772e-05,-4.3554098e-06,0.00010826788,0.00065504746,8.4841857e-06,0.00075554826,-0.00012684468,5.7819358e-05,-6.3244736e-05,-0.00011788008,-9.3604248e-05,4.3693368e-05,-0.00015294839,-9.5790581e-05,-3.2355535e-05,2.9396784e-05,-1.802777e-05,-1.2600179e-05,-3.2547632e-05,5.7281209e-06,1.5093362e-05,-2.2106888e-05,-1.1107451e-05,-6.8769738e-06,-1.6919322e-05,4.906678e-06,-3.1066678e-05,8.4183018e-05,-5.4513992e-05,-1.3962164e-07,-0.00013100607,1.7429019e-05,4.8897685e-07,1.7286017e-05,1.8652268e-05,3.6706646e-05,1.0505089e-05,8.0005616e-06,1.7451157e-05,1.8517763e-05,-1.2116779e-05,-6.123591e-06,-2.0200125e-07,0.00027973656,-0.00053759085,0.00035104154,0.00011370972,-0.00012345381,0.00018188306,1.5082887e-05,-0.00013435521,-7.5283072e-07,-1.7716293e-05,0.00012486446,-9.3289081e-05,0.00038476938,5.615042e-05,0.00066887801,-0.00012926972,-5.3748898e-05,-0.00020458211,-0.00014693058,-1.3021871e-05,-0.0001275899,-0.00017521707,-0.00015598159,-6.4542513e-05,6.8019764e-05,-0.00010000653,-6.8386176e-06,-1.2424406e-05,2.6222777e-05,-5.5635006e-05,8.4095588e-07,-3.0263632e-05,-0.00022856608
"51",-4.8260658e-05,-2.5152353e-05,-3.1826452e-06,-3.5697309e-05,3.6653319e-05,1.5441195e-05,2.6796092e-07,-1.4488732e-05,-2.5733217e-05,-4.9774689e-05,0.0002244053,-0.00058231536,1.1934751e-05,-0.00037486972,0.00015074372,0.00010648911,0.00013662849,-4.3476624e-05,-8.7035147e-05,-1.6233663e-05,3.0729397e-06,0.00010186335,2.6813673e-05,0.00040588733,0.00011237473,5.4167402e-05,-0.0003481957,-8.9165597e-05,-2.5445293e-06,3.8408353e-05,7.0057554e-06,-1.2171414e-05,-6.9367581e-05,-6.6355952e-05,-2.6789324e-05,-0.00034194048,-5.2645841e-06,1.728597e-05,-0.00035999231,-0.00020544292,-0.00028633649,0.0001607289,0.00028461375,1.983557e-05,-2.643922e-06,-0.00024538106,0.00010513311,-0.0015256991,-0.00039594946,-0.00012684468,0.00077402465,0.00025710974,1.769053e-05,-9.0963906e-05,5.0573146e-05,5.9992965e-05,0.00019908041,0.00015543144,6.7101697e-05,0.00073992987,1.9884903e-05,-3.8958503e-05,4.1018896e-05,6.9262019e-05,-3.4063882e-05,5.9213537e-05,-2.4029309e-05,-4.1485964e-05,-4.901502e-06,3.3950601e-06,8.3066202e-05,7.7234549e-05,2.7148317e-06,5.3945551e-05,1.6110375e-05,-0.00012112372,-4.3981522e-05,2.4550231e-05,3.0636185e-05,5.6127147e-06,-7.3613327e-06,-3.1242705e-05,-1.4006474e-05,1.8694128e-06,-9.4385797e-05,-8.9759267e-06,1.148036e-05,-7.7524484e-05,0.00048826809,6.5844041e-05,-0.00034630714,6.1159778e-05,-0.00028635569,0.00012545785,0.00019236009,2.4805986e-05,-7.5902505e-06,-0.00039847773,1.438094e-06,-0.00084087107,-0.0004597058,-0.000114353,0.00063566133,0.00022360357,-0.00010451207,-9.7811478e-05,-3.3171545e-05,0.00010511235,0.00018875155,0.00025671384,1.9195041e-05,0.00053139497,6.2594072e-05,-4.0067061e-05,1.8461701e-05,-3.9392861e-05,6.3931318e-05,-1.0607009e-05,-1.0139643e-05,5.0819241e-05
"52",-0.00018235551,2.0116754e-05,-5.77789e-05,-1.8744966e-05,-8.3440078e-05,-7.7912322e-05,-2.3985926e-05,-5.5804476e-05,3.7245314e-05,-0.00010274012,0.00035733408,-0.0015485775,0.00014667819,-0.0011136612,7.1721885e-05,-7.7682381e-05,0.00019690814,0.00016119941,0.0003457738,-1.3697601e-05,1.555658e-05,0.00018270509,-0.00033455417,0.00021240756,-0.00014272228,-2.594272e-05,-6.0386956e-05,-0.0017521556,7.719316e-05,0.00016185385,-0.00038625475,8.3513109e-05,3.4800522e-05,6.5102474e-05,0.00023136656,0.00040463079,-4.1393487e-06,6.8981555e-05,-0.0002289878,0.00011703013,-0.000471762,-0.00037548331,-0.00044502093,7.8982323e-05,-3.0628332e-05,-0.00029327795,0.00095692796,-0.00080723413,0.00028826654,5.7819358e-05,0.00025710974,0.0042560062,-0.00010691807,-0.00022500467,0.0011893151,-0.00011442721,-1.2382965e-05,-0.00020773429,-0.00056129444,-0.00085027688,2.2180663e-05,-0.00016562172,0.00030453883,0.00010875119,-4.1981074e-05,0.00017769506,0.00013968591,0.00022570848,-3.2386011e-05,6.2224519e-06,0.00015364762,-0.0002657754,0.00015362536,6.3399925e-06,-2.3039526e-05,-4.3557972e-05,-0.00080554839,-1.7294794e-05,6.8609794e-05,-0.0002089213,1.7898419e-05,1.489657e-05,-0.00012618416,8.4297336e-05,0.00022438366,1.3173808e-05,3.4626197e-05,-0.0013533592,0.0018412608,-0.0013521286,-0.0006850557,0.00015649085,-0.00073805823,-0.00075282606,-0.00032344923,0.00017751866,-2.441404e-05,-0.00063401512,0.0013456009,-0.00079588424,-7.2551112e-05,-5.7082859e-05,0.00025415132,0.0038877395,0.00050753075,-0.00026654643,0.00052202566,0.00020737108,9.7515194e-05,0.00052806248,-0.00027204932,-0.0011145733,0.00038992514,-0.00015974293,9.3478978e-05,-0.0001689516,0.00025414922,-0.00010486679,8.1449376e-05,0.00063098484
"53",9.0686319e-05,-1.9806189e-05,-1.0714316e-05,4.7129965e-05,-0.00012995885,7.3217865e-07,-2.3228874e-05,4.0654246e-06,-2.4457989e-06,0.0001032376,0.0012988982,-0.0027879354,0.00029049951,-0.00067855844,-0.00012109356,-6.5445299e-05,-0.00011214492,-7.5336217e-05,-8.0875811e-05,5.8043532e-06,-1.9074521e-06,3.1908461e-05,-8.9358845e-05,-0.00051081157,-3.872856e-05,-2.7007484e-05,1.2239086e-05,2.7533547e-05,-0.0020602108,-0.0010327265,-2.5878523e-05,-0.00022889909,2.9857139e-06,-1.9952716e-05,-3.0184883e-06,3.7957572e-05,0.00012472769,-1.8048253e-07,0.00027328476,0.00030674507,0.00016326323,0.00021327791,1.0212791e-05,-5.2445454e-05,-1.0570045e-05,-0.00018898203,0.00012054832,0.0010343111,0.00018113568,-6.3244736e-05,1.769053e-05,-0.00010691807,0.00548717,0.0027502305,4.4698857e-05,0.00025800188,-0.00028064297,-0.00020316532,9.0922039e-05,-1.0067454e-05,-0.00045639874,9.9785167e-06,-0.00041780183,-9.2045438e-05,8.5935257e-05,-0.00011605628,-9.8492757e-05,-4.1834099e-05,3.1467637e-05,-1.6494137e-06,-5.0992906e-05,0.00022636878,-4.1280077e-05,-3.8760906e-05,3.6599815e-05,1.7946376e-05,-9.3808829e-05,-0.00088894982,-0.00037379264,4.0663998e-05,-2.6917222e-05,-8.2659877e-05,0.00012432023,1.3714717e-05,0.00010018272,0.00011072015,8.2405753e-06,0.0020784538,-0.0031679148,0.0014561479,0.00089232341,-0.00010709611,0.00043848759,0.00080685012,-9.4312403e-05,-0.00032270374,-9.2546885e-06,0.00030660167,-0.00065927233,0.00045226807,0.00080003911,-4.4910982e-05,-0.00015070552,-0.00027874039,0.0039360684,0.0018155134,0.00030130196,-0.00060680734,-0.00012938897,-0.00087617937,-0.00035148323,0.00024136258,-0.00080084385,1.0901164e-05,-0.0001630709,0.00027056124,-0.00027243388,0.00022805754,-5.393399e-05,-0.00087945339
"54",0.00037367385,-1.3373708e-06,-6.9010916e-05,-9.9866256e-05,2.0171693e-05,3.8962038e-05,3.6870233e-05,1.9315429e-05,-6.1686239e-05,5.7944723e-05,0.00083585373,-0.0017062293,0.00014333509,0.00010875085,2.7227265e-05,-6.4082112e-05,-0.00015210262,-3.3499859e-06,-0.00017903427,1.9993239e-05,3.1610311e-06,-0.00012035228,9.1973905e-05,-0.00022481113,2.7876321e-05,2.5620501e-06,6.766399e-05,0.00015106568,-0.0010648321,-0.0017771685,0.00017948834,-6.7467883e-05,-1.0084639e-05,8.9998795e-05,3.7004993e-05,7.0200673e-05,-5.9180587e-05,2.0328924e-06,-0.0001080356,3.6154069e-05,0.0001216663,-2.1977605e-06,3.6172927e-05,-0.00010940158,-9.4060015e-06,0.000128583,-3.1585338e-05,0.00057769741,0.00013925863,-0.00011788008,-9.0963906e-05,-0.00022500467,0.0027502305,0.0045074119,-0.0003688459,0.00016176452,3.3652476e-05,-0.00049606035,-4.9495869e-05,-0.00013735974,0.00016077538,-8.6028562e-06,-0.00037194564,-3.3660107e-05,9.6894535e-05,-5.3626379e-05,-7.6836951e-05,-0.00013950615,3.8248213e-05,-4.3701178e-06,-0.00010334541,4.7459144e-05,-1.9694655e-05,-2.3595007e-05,1.8994385e-05,6.6647203e-05,8.8653473e-05,-0.00049770456,-0.00075111523,0.00010010325,1.2836224e-05,2.1877934e-05,0.00014494289,-6.4379403e-06,0.00011684484,3.4470861e-05,4.6827537e-06,0.0022650892,-0.0032783542,0.001599903,0.00062148438,-0.00025247536,0.0003991001,0.0006643313,0.0001085802,-0.00036318227,9.0181094e-06,0.00059520986,-0.00066180954,0.00056893683,0.00063603068,-4.1382459e-05,-0.00033274084,-0.0007349472,0.0017703379,0.0034285017,-7.7412944e-05,-0.00077088484,-0.00018753656,-0.0011971604,-0.00046921659,0.00016320708,-0.00036733693,1.6072633e-05,-0.00019333566,0.00031944948,-0.0004728847,0.00018576576,-7.3687942e-05,-0.00093256376
"55",-0.00041213964,1.9717996e-05,1.2906986e-06,-9.1728291e-05,-0.0001703949,-4.0479102e-06,-1.3051697e-05,-1.297511e-05,0.00013694837,-0.00013297384,0.0024593937,-0.0067627038,0.0010324804,-0.0059479485,0.00015372679,-0.00014182752,6.6688559e-05,-6.6620162e-05,-3.4619609e-05,-0.00011756064,2.3812046e-05,7.9127905e-06,-3.0919354e-05,5.3775728e-05,-0.00069479424,7.3907633e-05,3.3998674e-06,-0.00037842415,1.4317541e-05,0.00019421902,-0.0027495808,1.7256549e-05,6.8444888e-05,-0.00014153697,-0.00021696517,-3.5379884e-05,-7.6886838e-06,2.465985e-05,-0.00051838495,0.00025150897,-0.00022616215,0.00013629579,0.00036476161,0.00029972405,-8.5031641e-05,8.8592198e-05,-9.1055904e-05,-0.0002671537,0.0021172399,-9.3604248e-05,5.0573146e-05,0.0011893151,4.4698857e-05,-0.0003688459,0.0074044055,-0.00015347194,-0.00012789212,0.00042598819,0.00046091662,4.1795512e-05,9.0742815e-05,-7.6217787e-05,0.00032962702,0.00018839954,-7.0270311e-05,-4.2470523e-05,2.1387437e-05,4.0303728e-05,-5.5496037e-05,1.1211795e-05,-5.6592802e-05,1.4845402e-05,0.00022335921,-0.00013657714,2.4856505e-05,-8.5058822e-07,-0.00017813277,4.3548278e-05,6.2290659e-05,-0.0012058291,-7.4481231e-05,-4.8802611e-05,-0.00014619481,-0.00018161258,4.5412337e-05,-5.3462087e-05,1.351433e-05,-0.0014622885,0.0024727373,-0.00069181857,-0.00092124589,0.00044659207,-0.00014942412,-0.00017865257,0.00024553125,0.00039003925,-7.2731337e-05,-0.00021070418,0.00023104752,-0.0005605094,0.0011143581,-0.00015582768,0.00012364957,0.0010766237,3.2995762e-05,-0.00025965633,0.0056005381,0.00064295565,0.00032644119,0.0010735296,0.0010411897,-0.00033836551,0.0004142844,-6.8744081e-05,0.00010768,-0.00025839979,0.00042999549,-0.0001140854,2.1382738e-05,0.00047440541
"56",0.00013346218,2.0943354e-05,3.2162031e-05,-9.5612817e-05,4.5036563e-05,-1.0585149e-05,1.384367e-05,3.7157395e-05,-5.0871453e-05,-4.9684096e-06,0.00053915576,-0.0012715533,0.00034826053,-0.00069597163,-0.00012883945,0.0001903472,-0.00019252596,-1.548877e-05,-0.00027865495,6.0596989e-05,-1.0814902e-06,-8.919838e-05,-0.00015700904,-0.00087337675,-8.3467141e-05,-2.9115979e-05,-6.087942e-06,7.3799006e-05,-0.00018542052,-8.2959211e-05,3.7395622e-05,-0.0019458602,-0.00060026635,0.00046572115,-7.6862542e-07,0.00012700326,6.0355358e-06,1.1427815e-05,0.00027807674,-0.0003514438,0.00032440821,1.7843954e-05,0.00063924308,-9.0326869e-05,3.8063976e-06,0.0005215926,0.00023242079,0.0025986852,0.00014691612,4.3693368e-05,5.9992965e-05,-0.00011442721,0.00025800188,0.00016176452,-0.00015347194,0.0047283981,0.0015280688,-0.0010182913,2.7771158e-06,-0.00033342849,0.00010584055,-4.8503683e-05,4.9394684e-05,-1.937169e-05,0.00012960653,-0.00016592498,-0.00011153785,-0.00026536711,1.9123862e-05,8.5576987e-06,-0.00012150953,4.1868942e-05,-3.9332766e-05,-7.2829982e-05,-8.1968557e-06,-1.4683269e-05,7.1184065e-05,-0.00013433305,-6.1333768e-05,-1.0410006e-05,-0.00093524547,-0.00026347447,8.4696511e-05,-2.246997e-06,-3.7452599e-05,-1.6422816e-05,1.2468853e-05,0.00015028412,-0.00099834971,-0.00013610938,0.0002786849,-0.00051445651,0.00044718294,0.000226478,0.00087993685,-0.00021710751,3.937641e-07,0.00054049233,1.8819515e-05,0.0014260558,0.00049145187,1.1411256e-05,-4.0044218e-06,-0.00035370754,0.00045404255,3.5996995e-06,5.5584341e-05,0.0037584879,0.0012739693,-0.00069000582,-8.4963869e-05,0.00011480173,8.673951e-05,-4.4880684e-05,-9.4083972e-05,0.00011922382,-0.00028002682,-1.1182159e-05,-5.4044867e-06,6.6952545e-05
"57",-0.00015633413,-3.6934661e-05,-4.6685525e-05,7.4926601e-05,2.5073603e-06,7.7423341e-05,2.2654662e-06,-2.0345396e-06,-0.00015469669,-9.8930144e-05,-1.689287e-05,3.9205574e-05,9.3807161e-05,-0.00046180039,-5.0065965e-05,4.3320234e-05,9.490593e-05,8.4934892e-05,7.2537703e-05,4.8607595e-05,3.4109206e-06,9.5616475e-05,-6.2318997e-05,-0.00037197436,-2.4420334e-06,5.0118416e-05,-7.1837914e-05,1.7938998e-05,5.7258078e-05,-4.8254031e-06,7.6838637e-05,-0.0006751889,-0.0018877337,-0.00013173178,2.7878456e-05,0.00025726236,-7.1078065e-05,1.0315264e-05,-8.4101699e-05,-0.00030840977,-0.00011933275,-0.00026428782,-0.00030705496,-7.559025e-05,-1.5262708e-05,4.0032211e-05,2.5535729e-05,0.0011542259,-0.00019023319,-0.00015294839,0.00019908041,-1.2382965e-05,-0.00028064297,3.3652476e-05,-0.00012789212,0.0015280688,0.0054231381,0.00023786231,-0.00038962857,-0.00047600263,0.00024365596,-2.2786499e-05,2.6401662e-05,3.3566592e-05,2.9227034e-05,-1.2778633e-05,-3.1361747e-05,3.0963136e-05,-2.515138e-07,2.300724e-06,2.2889383e-05,-6.5632613e-06,-0.00022881511,-5.2420105e-05,2.4536272e-05,-2.7247115e-05,8.8462779e-05,-1.1796777e-05,8.5895519e-05,-2.0368261e-05,-0.00028882585,-0.00075494776,-0.00010967522,5.4041467e-05,1.7469419e-05,1.2034287e-05,5.9715339e-06,0.0004062492,-9.5298603e-05,0.00074120577,0.0001672815,-9.1244674e-05,9.7018472e-05,-1.2238148e-05,-0.00044860636,-1.6907803e-05,-1.3942852e-05,-4.872849e-07,1.4607138e-05,0.001158498,-0.00010124434,-0.00014230533,0.00014428842,-0.00022648494,-0.00043920786,-8.0766435e-05,0.00034496083,0.0011994127,0.0043098797,0.00018881178,-0.00048889982,-0.00025986873,0.00013795582,-1.5037796e-05,1.7397171e-05,-2.6333648e-05,-0.00012305808,-7.2476085e-05,-8.1225488e-05,-0.00029752859
"58",-0.00016180858,6.0108714e-06,5.9611815e-05,0.00010474511,0.00010885536,7.0223577e-05,1.8887402e-06,1.7141498e-05,-6.9571626e-05,0.00020107083,0.00050146285,-0.0007582009,2.6342016e-05,-0.00057391583,5.3603647e-05,-7.7939507e-05,0.00047492312,-5.6540632e-05,0.00013110613,-0.00013215419,7.9781193e-06,6.0493492e-05,-0.00017970185,0.00033973356,9.8619512e-05,4.0362025e-05,-8.1424456e-05,5.9045946e-05,-5.2803167e-05,0.00010091501,-0.00012789345,0.0004406819,-0.00015805549,-0.0032533707,-0.00054417256,6.8493123e-05,-5.2403936e-06,7.99981e-06,-0.00034208624,0.00023380532,-0.00093948581,7.1039523e-05,-0.00024463447,0.00026107738,-1.2551802e-05,-0.00055727363,-7.7441498e-06,-0.0010767057,-0.00027738352,-9.5790581e-05,0.00015543144,-0.00020773429,-0.00020316532,-0.00049606035,0.00042598819,-0.0010182913,0.00023786231,0.0075214894,0.001366982,-8.4398654e-05,-0.00019502607,-2.3760797e-05,-8.9448663e-05,-8.2481168e-05,7.1060967e-05,0.00020272871,-3.1839402e-05,6.5738777e-05,-1.9765732e-05,-8.2779226e-06,3.9496665e-05,0.00019845346,3.8870958e-05,7.6570705e-05,4.0116773e-05,-6.2955632e-06,9.4731192e-06,3.5380888e-05,9.4892501e-05,-1.8230997e-05,0.00021547459,-4.4395933e-05,-0.0011942471,-0.0002190559,0.00010414151,3.7621681e-05,-3.1732614e-06,0.00038060803,-0.00087597364,0.00059156517,0.00013493658,2.299842e-05,-0.00081010386,0.00021489075,-0.00044671318,0.00017446384,7.7325318e-06,-0.00050387492,-2.9066061e-05,-0.000634952,-0.00041459176,-6.4239894e-05,0.00014668615,-0.00026213339,-0.00026100878,-0.0003120988,0.00049033977,-0.00098100806,8.6084381e-05,0.0059365186,0.0010104583,-6.7801874e-05,-0.00032951101,-1.6531287e-05,6.2793232e-05,-3.8437935e-05,-5.0039232e-05,6.3052283e-06,-4.2524603e-05,-0.00040822738
"59",0.00013122984,-3.4365418e-06,-1.8173038e-05,-8.0680723e-06,-2.5787099e-05,1.416116e-06,4.0089279e-05,4.856557e-05,-4.8985865e-05,-2.5219054e-06,0.00051468521,-0.0014680049,0.00040832805,-0.0016134916,-2.4448517e-05,-1.7034886e-05,0.00014887207,-8.5299468e-06,-7.4150636e-05,-5.8098571e-05,9.0012502e-06,9.8874819e-05,0.00010692862,0.00089722986,0.00013687156,3.1047636e-05,-1.7626979e-05,0.0002299975,-3.0724647e-05,-1.2475896e-05,-0.00018938387,-1.1945078e-05,1.9600761e-05,-0.00057979196,-0.0017539316,4.9130772e-05,7.8889555e-05,-8.2722955e-06,6.1344014e-05,0.00013978679,-0.00042347536,0.0001428273,6.4084724e-05,0.00024434722,-4.6792217e-05,2.8286214e-05,-9.0350662e-05,-0.0029012005,-0.00040056385,-3.2355535e-05,6.7101697e-05,-0.00056129444,9.0922039e-05,-4.9495869e-05,0.00046091662,2.7771158e-06,-0.00038962857,0.001366982,0.0046725867,-0.00019268192,-0.00015805438,1.66607e-05,-0.00053685001,-0.00012342089,3.2889972e-05,2.0277212e-05,-2.8177791e-05,-0.00026529376,-5.5594304e-05,7.0725005e-06,-0.00026104058,0.00010891595,0.00021207886,0.00014101849,-9.6122572e-07,3.3828051e-05,0.00014583589,-5.1540613e-05,6.749704e-05,-9.2260531e-05,5.7176185e-05,3.6940193e-05,-0.0001209836,-0.00069767761,8.0453508e-06,3.1617389e-05,-2.3859613e-06,0.0023808115,-0.0023958643,0.0020041649,0.0010325149,-4.0603022e-05,7.7723253e-05,0.00053155817,3.0381263e-05,0.00016284987,-5.9852806e-05,0.00098568016,-0.0005792138,-0.0019889704,5.4660815e-05,0.00012119642,-0.00013050025,-0.00082566775,-0.00071709229,-0.00034466886,0.001165438,-0.0005794048,-0.00053272271,0.00028633864,0.0034283621,0.00031939579,-0.0005640094,4.8646384e-05,-0.00017439398,0.00022782597,-0.00026476103,0.00014497633,-0.00015014875,-0.00085531504
"60",0.00010213244,-2.3401706e-05,-5.7006952e-05,-1.0101119e-05,-2.4128265e-05,3.6844787e-05,1.0779138e-05,-2.3522417e-05,-1.1009322e-06,-0.00017175602,0.0022092356,-0.0049423169,0.000916546,-0.0040693443,0.00013741206,-0.00030288004,-0.00083350268,-5.0341073e-05,6.9999359e-05,5.3038639e-05,6.2707789e-07,-0.00015021084,-2.0685507e-05,0.00017344798,-0.00016831384,-2.2231184e-05,-0.00037456548,0.00036941238,-3.3258092e-05,2.3730222e-06,-3.84287e-05,0.00011175888,0.00021295891,7.3284737e-05,2.3712306e-05,-0.0027470499,8.6100554e-06,-1.5426823e-05,-0.00035250154,0.00089599146,0.0019280278,0.00032595747,0.00014028388,-0.0001612511,-2.489231e-06,0.0003519414,0.00037551102,-0.00074503508,0.00058913176,2.9396784e-05,0.00073992987,-0.00085027688,-1.0067454e-05,-0.00013735974,4.1795512e-05,-0.00033342849,-0.00047600263,-8.4398654e-05,-0.00019268192,0.0063442184,-9.0366479e-05,5.5163054e-05,-0.00017591403,-2.2430831e-05,-0.00015004822,-0.00056262507,5.676422e-05,7.2087399e-05,-4.0045449e-06,1.0187235e-05,-4.479388e-05,-9.3867679e-05,-1.9378867e-05,-1.1621042e-05,4.7986075e-06,-9.1405571e-05,0.00019491517,0.00010594785,0.00010679117,1.0798151e-05,6.567114e-06,4.3626568e-05,0.00013148809,0.0001049357,-0.001237338,-3.2584502e-05,-1.1180743e-05,0.00057028795,-0.00072349693,0.00072163631,-0.00015758271,0.00099152214,0.0019046905,0.00020816692,-7.7060577e-05,-9.395347e-05,-1.7612511e-05,0.0001279583,0.00032886484,-0.00051274045,0.00037991019,4.8251893e-05,0.00057129658,-0.0008203783,-0.00075838853,-0.00047578493,0.00029559538,-0.00029442361,-0.00039944315,-0.00037523123,-0.00037470846,0.0056401959,-0.00021684507,4.2349523e-05,-6.9973512e-05,6.833567e-05,-9.5716376e-05,9.5089623e-05,-5.7073505e-05,-0.00018971782
"61",5.9240182e-05,-5.5300884e-06,-1.3534258e-06,-9.3883154e-05,2.764333e-05,-1.8101819e-05,3.2038148e-05,-1.9511656e-06,2.4196915e-05,1.5094718e-05,-4.3623363e-06,1.3831393e-05,3.7972274e-05,0.00030188366,-3.3614596e-05,-6.9618778e-05,-1.4965895e-05,-6.8623385e-05,3.4333989e-05,2.5182593e-05,-1.1968317e-06,9.1801143e-05,4.3024268e-06,0.00018470449,0.00020655706,1.3836781e-05,-2.3176007e-06,-1.7601884e-05,0.00014852338,-4.9113552e-05,-1.0727598e-06,2.4580787e-06,-8.6435418e-05,-4.3549422e-05,7.9840634e-05,2.0339181e-05,-0.00036088494,6.782682e-07,0.00012117999,3.0684702e-05,1.6243831e-05,0.00010889388,-7.421911e-05,-7.0761692e-05,-4.8601159e-07,-0.00015109105,-8.2320088e-05,-0.00074487635,-0.00059722756,-1.802777e-05,1.9884903e-05,2.2180663e-05,-0.00045639874,0.00016077538,9.0742815e-05,0.00010584055,0.00024365596,-0.00019502607,-0.00015805438,-9.0366479e-05,0.0012149298,-3.3545865e-06,1.3291533e-05,-2.3585501e-05,3.4926843e-05,4.9687846e-06,-2.6059723e-05,3.3460008e-06,-9.984147e-06,1.9686771e-06,6.4358455e-06,-1.2492863e-05,3.544787e-05,0.00013918145,-6.0603342e-06,-1.2238575e-06,4.7641188e-05,9.9652894e-05,-3.1873783e-08,-2.7534321e-05,3.3277841e-05,4.8062354e-05,2.6737168e-05,3.1035173e-05,-2.5142784e-05,-0.00023320028,8.0491808e-07,0.00020729782,-0.00090985893,-0.00021583676,0.00017931569,-4.6767254e-05,-2.8769735e-05,0.00022010342,-3.3165081e-05,-8.2586774e-05,-3.3569654e-07,4.3745037e-05,-4.8752202e-06,-0.0004313395,-0.00058749927,-2.4535528e-05,-3.7496747e-05,-5.3785605e-05,-0.00022642515,-1.8231072e-05,7.0436279e-05,-0.00014576749,0.00018726981,-0.0003435539,-0.00023076713,0.00010449466,0.0011312946,2.4143522e-09,-6.4010813e-05,9.2346168e-05,-0.00016641996,6.7550421e-09,1.7316514e-05,-4.7735212e-05
"62",-1.1927798e-05,-9.4805222e-07,5.654317e-06,2.3716285e-06,-7.8905928e-06,-3.1773935e-06,-2.8233443e-06,7.1529323e-06,-5.9439776e-06,8.120753e-07,9.9894544e-06,1.2615997e-05,8.7641714e-06,-2.4699236e-05,-1.3108606e-05,2.70854e-06,4.7696293e-06,6.0144884e-07,1.850489e-06,3.7291579e-06,-2.059573e-06,3.8710027e-06,9.5172004e-06,2.5926117e-05,-7.3017249e-06,3.1962463e-06,1.5340275e-05,7.0689425e-05,-2.4662462e-06,4.2828018e-06,2.5042083e-05,1.092674e-05,7.0709648e-06,5.3887013e-06,-6.9322296e-06,-1.8225633e-05,1.3377892e-07,-1.9487598e-05,3.1154666e-05,5.1340446e-07,-1.6770976e-05,-1.685468e-06,-1.768975e-05,-8.5231353e-06,3.4129758e-06,4.3964001e-06,-3.763823e-05,-5.1317427e-05,2.2252126e-05,-1.2600179e-05,-3.8958503e-05,-0.00016562172,9.9785167e-06,-8.6028562e-06,-7.6217787e-05,-4.8503683e-05,-2.2786499e-05,-2.3760797e-05,1.66607e-05,5.5163054e-05,-3.3545865e-06,4.3843407e-05,1.3721038e-05,-7.2615522e-06,-4.1550254e-06,3.8137576e-07,5.532877e-06,7.6333739e-06,2.3318398e-06,-1.4966857e-06,1.8970974e-06,1.2524917e-05,2.0988259e-05,-3.5214679e-06,3.6885072e-06,9.6022632e-06,3.5612082e-05,1.3564293e-06,-3.2959202e-06,1.1870129e-05,6.1414085e-06,9.4754299e-06,-7.4220228e-06,-1.2193957e-05,-1.1093641e-05,1.5029692e-06,-1.0889684e-05,-7.6683012e-05,0.00010596162,-6.5289617e-05,1.7909294e-05,2.1060351e-05,-2.8448589e-05,-2.4465174e-05,-1.7148485e-05,1.9895796e-07,4.3511387e-06,2.361654e-06,-3.4818861e-05,-4.0396652e-05,-1.269273e-05,-1.9919707e-05,-3.2686207e-05,-0.00013526915,2.8018742e-05,1.0559557e-05,-7.5521388e-05,-1.1459674e-05,-2.4939562e-05,7.6819409e-06,5.6440318e-05,1.5738581e-05,1.0095682e-05,3.7957546e-05,8.4427494e-06,-9.1734637e-06,1.461426e-05,-4.9983698e-06,4.9997729e-06,3.4465564e-05
"63",-0.0019575555,-9.1230466e-05,4.511845e-05,-7.870849e-05,-0.00042995227,-4.039562e-05,3.6283306e-05,2.8663185e-05,3.1492161e-05,-0.00022368219,2.3541477e-05,0.00035833451,0.00078123892,-0.0084649245,-6.2013036e-05,3.542703e-05,0.00012997287,0.00019781902,0.00050124985,-0.00012342716,1.5476645e-05,2.4468785e-05,-0.00017198465,2.1442311e-05,0.00022336387,2.7316293e-05,-3.5228517e-05,-0.0002376045,0.00012307903,0.00017731227,-9.263546e-05,9.3675861e-05,-9.0810267e-05,-0.00015687253,0.00024921125,-3.160705e-05,4.0380616e-05,-1.2922245e-05,1.8244858e-05,-7.8009311e-05,-0.00043852896,-0.00021137835,-0.00057577848,0.00017598098,-4.0771325e-05,-9.5657684e-07,-0.00020570451,-0.00015891479,2.6404696e-05,-3.2547632e-05,4.1018896e-05,0.00030453883,-0.00041780183,-0.00037194564,0.00032962702,4.9394684e-05,2.6401662e-05,-8.9448663e-05,-0.00053685001,-0.00017591403,1.3291533e-05,1.3721038e-05,0.0072824727,0.0010130097,-0.00063429148,0.00016143729,0.0001735068,0.00099740501,-0.00016566958,2.2135973e-05,0.0017557734,-0.0010063562,0.00081788101,0.00058290625,-2.5631687e-05,-0.00027890114,-5.5023845e-05,0.00039504859,-0.0012094672,-0.00087008065,-0.0015530247,7.4952815e-05,-0.0019533914,-0.00093470309,0.00076689008,-0.00017258431,-3.1622562e-05,-0.023431109,0.032460894,-0.015257951,-0.0069155709,0.0019408344,-0.0035446962,-0.0041226304,0.001138032,0.0020357345,-8.1080324e-05,-0.006183019,0.0028739985,-5.6252436e-05,-0.0053338016,-0.0010393162,0.0017395017,0.0032471057,0.0053107376,0.0045875193,-0.0036826482,0.0090977873,0.0013567397,0.0097275085,0.004747879,-0.0063831868,0.004527871,-0.00013499774,0.0018777295,-0.0027430695,0.0040107937,-0.002049435,0.001017921,0.0072661959
"64",-0.00027119527,-4.2391041e-05,-4.2629656e-06,-5.5727109e-05,-2.2950877e-05,-1.8843947e-05,-2.8579481e-05,2.9718253e-06,3.8458419e-05,-2.6294811e-06,-5.9266066e-05,0.0001525192,-8.3454022e-05,-0.00071093196,0.00028005394,-5.1234024e-05,9.5909606e-05,9.1033102e-06,5.8547761e-05,-2.7000793e-05,8.3516909e-06,1.9764578e-05,-6.5119568e-05,1.5285361e-06,1.0156346e-05,-1.3547567e-05,-3.4724249e-05,-9.0025249e-05,4.7863915e-05,4.7591392e-05,-7.7918061e-05,5.3963438e-05,-2.1669205e-05,3.6639522e-05,9.0775392e-05,-1.1898934e-05,1.7096978e-06,4.6871705e-06,-0.00044313639,7.0127852e-05,-0.00018166352,-1.6720244e-06,-2.8050644e-05,2.9994683e-05,-1.4494023e-05,-6.4708999e-05,-0.00010637166,-0.00011217896,3.3393999e-05,5.7281209e-06,6.9262019e-05,0.00010875119,-9.2045438e-05,-3.3660107e-05,0.00018839954,-1.937169e-05,3.3566592e-05,-8.2481168e-05,-0.00012342089,-2.2430831e-05,-2.3585501e-05,-7.2615522e-06,0.0010130097,0.0010583933,-0.00021217241,9.9659231e-05,-1.549376e-05,7.9735816e-05,-2.9013533e-05,1.7631373e-05,0.00032278708,-0.0001764823,0.00012720743,-4.3308417e-05,-1.9018266e-05,-0.00014677963,-9.5920561e-05,9.8233504e-05,-0.00016389271,-0.00035951898,-0.00013854549,-1.4977876e-05,-0.00022928468,-3.9673485e-05,-5.3274517e-05,1.7659689e-05,8.8239434e-06,-0.0032359345,0.0045479381,-0.002107215,-0.0026620292,0.00046969291,-0.00073104033,-0.0004858466,0.00028103474,0.0002610156,-3.655229e-05,-0.0010498461,0.00046202118,-6.8743321e-05,-0.00046434793,-0.00010065644,0.00045983307,0.00062818964,0.00058830208,0.00061015341,-0.00010415003,0.0010746296,0.00026513495,0.0012812949,0.00041191923,-0.00054338805,0.00052750375,-4.5252894e-05,0.00025079544,-0.00038250181,0.00058428973,-0.00029542571,0.00013753478,0.000949886
"65",0.00022398962,2.1071721e-05,1.1524497e-06,6.8739158e-05,4.810783e-05,-2.1847024e-05,-1.4513914e-05,-2.3558175e-05,6.1890398e-06,3.9587564e-05,-0.00013181048,0.000122755,-0.00056609656,0.0018068456,-6.7694583e-05,0.00052000277,-4.450449e-05,-3.9724229e-05,-5.1377185e-05,4.2253177e-05,-4.3078927e-06,-2.5800496e-05,7.2340358e-05,4.7672822e-06,-4.7906307e-06,-3.9144025e-06,-1.2173249e-05,4.1241246e-05,-6.6768038e-05,-9.3241341e-05,1.7099135e-05,-6.3482188e-05,-2.3947728e-05,2.2581706e-05,-2.314178e-05,9.0140738e-05,-1.1772635e-05,4.6045365e-08,0.00017653175,-0.00073895246,0.00015684368,7.9045069e-05,7.5463542e-05,-6.5910553e-05,1.649916e-05,-4.8095521e-05,-6.8317727e-05,0.00011000858,-5.9386798e-05,1.5093362e-05,-3.4063882e-05,-4.1981074e-05,8.5935257e-05,9.6894535e-05,-7.0270311e-05,0.00012960653,2.9227034e-05,7.1060967e-05,3.2889972e-05,-0.00015004822,3.4926843e-05,-4.1550254e-06,-0.00063429148,-0.00021217241,0.0015493271,1.9003641e-05,-4.177216e-05,1.4114911e-07,9.5234427e-05,-6.6591214e-06,-0.00010665942,0.00018480872,0.00011764219,4.0892612e-05,-1.5292699e-05,-5.3215997e-05,-2.1405877e-05,-8.3563784e-05,-5.4644458e-05,3.8806547e-05,6.434614e-05,-7.808083e-05,0.00020524455,7.2179385e-05,0.00022657951,2.9053219e-05,5.0395588e-07,0.002274094,-0.0035491207,0.0012981834,0.00097889584,-0.00283051,0.00036448353,0.00053623963,-0.00017295696,-0.00039964105,3.4424632e-05,0.00051086128,-0.00052521228,-0.0002328649,0.00034823567,0.00015531113,-9.734264e-05,-0.00026877574,-0.00029172622,-0.00021632926,0.00037810211,-0.00068907806,4.8078856e-06,-0.0010272319,-0.00047090905,5.6871177e-05,-0.0004329715,7.8446547e-06,-0.00020195239,0.00030349869,-0.00046342684,0.00019612339,-7.7961015e-05,-0.00069065305
"66",-0.00022329826,-3.9444274e-05,2.2722937e-05,-7.1209852e-06,-2.3475279e-05,-7.8635183e-05,3.064187e-05,1.3454425e-05,8.7349202e-06,-5.3523629e-05,-0.00058997535,0.00094015031,-0.0014337808,0.0025452219,8.6065397e-05,-4.7489244e-07,0.00064824815,-1.0937058e-05,-2.0053701e-05,2.6140107e-06,7.0309254e-06,0.00011826445,-4.0177116e-05,-5.3871321e-05,-6.2514132e-05,1.3929069e-05,-3.0574696e-05,-9.2249762e-05,4.7596314e-05,3.7810583e-05,-4.622904e-06,4.2841709e-05,-5.5638663e-06,-0.00010001529,4.9254291e-05,0.00032782089,5.6763041e-06,-5.5904036e-08,-0.00010870569,5.4194495e-05,-0.0010271862,-6.4832956e-06,-3.8948569e-05,-9.7943055e-06,-1.2107692e-07,-0.00024093901,8.5447889e-05,-0.0001619514,8.3535105e-05,-2.2106888e-05,5.9213537e-05,0.00017769506,-0.00011605628,-5.3626379e-05,-4.2470523e-05,-0.00016592498,-1.2778633e-05,0.00020272871,2.0277212e-05,-0.00056262507,4.9687846e-06,3.8137576e-07,0.00016143729,9.9659231e-05,1.9003641e-05,0.0016251769,8.7148745e-05,5.8624229e-05,5.0301706e-05,1.1431084e-05,0.0001667876,-0.00012803219,-6.1914823e-05,-0.00017620522,-5.1802657e-06,-6.2520755e-05,-9.21163e-05,9.7770916e-05,-2.7819878e-05,1.2007189e-06,-7.2472518e-05,3.5168562e-05,-0.00015744935,2.6488618e-06,0.00075027307,3.9631413e-06,-4.4645145e-06,-0.00094906587,0.0010510012,-0.00078066511,-0.00051068815,8.1374286e-05,-0.0031914671,-0.00029257152,1.139092e-05,-3.2681164e-05,-1.6932175e-05,-0.00051737115,0.0004812315,-1.7774065e-05,0.00018885654,-7.2233998e-05,0.00015481175,0.00043611146,0.00019258358,0.00018251531,-0.00023323158,0.00021303184,2.3402295e-05,0.00063925113,0.00018689528,-0.0016606678,0.00019145165,-7.2997463e-07,0.00010782241,-0.00015851668,0.00024098749,-3.6086665e-05,4.7948014e-05,0.00036164964
"67",3.6888858e-05,-2.0858031e-05,4.2943768e-05,5.0575541e-05,9.3180778e-07,-4.6322464e-05,1.409589e-05,7.3225679e-06,-2.6593553e-05,4.1784932e-05,-6.2516252e-05,0.00010565321,-0.00013904806,0.00018203288,1.6792787e-05,-1.6366147e-06,-6.119115e-06,0.00057411019,0.00031584927,-2.0644939e-05,-8.4962306e-06,-0.00014887166,5.1150435e-05,-0.00012298448,0.00013089894,-1.6520844e-05,2.1910481e-05,-0.00010115652,5.1988664e-05,3.9087856e-05,-5.2529897e-05,4.2623121e-05,2.0392177e-05,8.1747364e-05,8.8511334e-06,-9.0352541e-06,2.5282575e-05,-2.4692008e-06,-1.170016e-06,2.0651723e-06,-7.9466392e-06,-0.00082072233,-0.00045230722,7.0877429e-05,6.402993e-06,0.00012011655,3.7273801e-05,2.3036145e-05,-3.9240788e-05,-1.1107451e-05,-2.4029309e-05,0.00013968591,-9.8492757e-05,-7.6836951e-05,2.1387437e-05,-0.00011153785,-3.1361747e-05,-3.1839402e-05,-2.8177791e-05,5.676422e-05,-2.6059723e-05,5.532877e-06,0.0001735068,-1.549376e-05,-4.177216e-05,8.7148745e-05,0.0015646006,0.0007797931,-0.00011695827,-8.3671858e-06,2.5927686e-05,-3.3320366e-05,-1.2711634e-05,0.00018788281,-2.2164132e-05,3.9505592e-05,-0.000247902,-2.6780406e-05,-9.3929214e-05,-0.00010964537,-3.4831766e-05,-0.0001031662,-2.8835502e-05,9.1457148e-05,0.00015771614,5.3932832e-05,3.0994752e-06,-0.000803042,0.00040587934,-0.00085499594,-0.00017514841,9.4429741e-05,-0.00029829538,-0.0028779959,-0.0012557371,0.00027448388,2.0729308e-05,-6.913873e-05,0.00032127351,0.00013161545,-0.00030281535,-5.6570408e-05,-7.9749336e-05,0.0006199325,0.00036420789,7.8101961e-05,7.7756725e-05,9.1667589e-05,0.00019231602,0.00014407194,-8.2623769e-05,-0.00032605391,3.2599916e-05,-5.776976e-06,3.4932676e-05,-3.7426448e-05,3.2810696e-05,-4.1497971e-05,5.8268623e-05,0.0002881605
"68",-0.00029505112,-2.5405294e-05,2.6128978e-05,1.1449629e-05,-3.0582729e-05,-1.2851449e-05,3.2794665e-07,-1.032234e-05,3.8580115e-05,-4.2911097e-05,-5.29699e-05,0.00015621823,-6.9976314e-05,-0.00063390779,-3.4383644e-05,4.1746618e-05,-2.157302e-05,0.00032344789,0.00082103744,-5.0055665e-05,-2.5944809e-06,-6.8486836e-06,2.0069538e-05,-0.00040827461,0.00012575363,8.1928695e-07,2.0435498e-05,-0.00016705211,5.6739572e-05,0.00010531751,-6.6290191e-05,0.00019738353,-2.8806843e-05,-6.6664354e-06,7.7434411e-05,-8.6196985e-05,3.3558946e-08,-3.9627603e-06,5.9243218e-05,-7.0178661e-05,-3.962197e-05,-0.00046496091,-0.0012339332,8.9933346e-05,5.0742854e-06,-7.2628567e-05,2.9935787e-05,0.00038171342,-0.00015508491,-6.8769738e-06,-4.1485964e-05,0.00022570848,-4.1834099e-05,-0.00013950615,4.0303728e-05,-0.00026536711,3.0963136e-05,6.5738777e-05,-0.00026529376,7.2087399e-05,3.3460008e-06,7.6333739e-06,0.00099740501,7.9735816e-05,1.4114911e-07,5.8624229e-05,0.0007797931,0.0023093754,-0.00013336113,-8.7082224e-06,0.00024746364,-0.00015980638,-0.00086661212,0.0003053839,1.1201819e-05,1.2951519e-06,-0.00031728495,-1.8626088e-06,-0.00017343297,-0.00012437014,6.9422024e-05,-0.00019262712,-0.00034966524,-0.00015527504,3.4100922e-05,-2.0060012e-05,5.200683e-07,-0.0034146399,0.0045543542,-0.0026561676,-0.00096911534,5.6531676e-05,-0.00064521457,-0.0019989112,-0.0037922492,0.00052711219,6.8924278e-06,-0.00089728084,0.00064561929,0.0018670472,-0.0010466228,-0.0002147948,0.00013776381,0.0011733767,0.00094892151,0.00048529575,-0.00066196099,0.00067112117,0.00066494641,0.001444845,0.00058114856,-0.00081392029,0.00067053121,-2.6814167e-05,0.00030215305,-0.00040375947,0.00058408146,-0.00030866525,0.00016280399,0.0011987589
"69",6.319927e-05,-3.8577181e-06,-1.0656312e-05,8.5910987e-06,-2.6008158e-05,8.2454131e-06,-3.6177266e-06,-2.9074871e-05,-6.7812158e-06,5.1062084e-05,-0.00034043443,0.00054253324,-0.0010436572,0.0020458419,1.8813878e-06,2.6352803e-05,2.1806122e-06,-2.330797e-05,-4.5706752e-05,0.00013712933,-2.076195e-05,4.7804802e-05,0.00010266204,-6.5062922e-05,-3.4480279e-05,1.0703287e-05,-1.6296275e-07,9.5253658e-06,6.291882e-06,-2.3675311e-05,2.2898669e-05,-2.7552998e-05,-3.5967816e-05,2.8376687e-05,1.5793875e-05,2.3903582e-05,-4.6447898e-06,4.6687059e-08,8.6685725e-06,-4.3096849e-05,-6.1831645e-06,7.3987215e-05,7.1460237e-05,-0.00022345258,3.2184333e-05,-0.00012087101,-0.00011689213,6.5861766e-05,0.00010308835,-1.6919322e-05,-4.901502e-06,-3.2386011e-05,3.1467637e-05,3.8248213e-05,-5.5496037e-05,1.9123862e-05,-2.515138e-07,-1.9765732e-05,-5.5594304e-05,-4.0045449e-06,-9.984147e-06,2.3318398e-06,-0.00016566958,-2.9013533e-05,9.5234427e-05,5.0301706e-05,-0.00011695827,-0.00013336113,0.00040383889,-5.999017e-05,0.00014103042,0.00020622361,-0.00020198795,-0.00014406343,1.0386678e-05,2.1781372e-05,3.1892352e-05,4.9149509e-05,2.694033e-05,0.00010641568,-8.2318226e-05,-4.1893823e-05,0.00014439328,6.0221138e-05,6.1991149e-05,3.62806e-06,-3.8287281e-07,0.00056723332,-0.000684061,0.00043342841,0.00016440951,-0.00019674114,-1.2626984e-05,0.00032742139,0.00018306001,-0.00078743347,0.00011013574,-0.00022105056,-0.00035904679,0.00035320219,0.00039222407,1.2707724e-05,-5.8323859e-05,-0.00014993487,-0.00019908502,-4.9473272e-05,-7.1750575e-05,-1.5297129e-05,2.9736404e-05,-0.00035866013,-0.00021433009,5.8765369e-06,-0.00011210638,4.6110155e-06,-5.3454167e-05,7.1668447e-05,-7.6282324e-05,5.362661e-05,-1.9285988e-05,-0.0001997045
"70",-7.529815e-06,-3.3881659e-06,4.3333021e-06,-2.7393459e-06,7.247102e-07,1.2357638e-06,2.3615213e-06,8.4233699e-06,4.0706275e-06,1.1702917e-06,1.5271317e-05,-4.8805823e-05,5.6000193e-05,-0.00011842674,4.5628277e-06,-1.6333051e-06,7.7180945e-06,-8.2866191e-06,-3.7985293e-06,-2.0225272e-05,8.7216267e-06,2.6556198e-06,-4.580624e-06,6.7526824e-06,-2.8465054e-05,-2.6710223e-06,-9.4863471e-07,-4.9182302e-06,-2.2785189e-06,4.1046187e-06,-1.0144191e-06,1.8274316e-07,-8.2244375e-07,5.6925917e-06,5.0525095e-06,-8.7484675e-06,1.1473521e-06,6.3657739e-07,-9.7871693e-06,8.4399253e-06,-2.3049071e-06,7.184945e-06,9.3708457e-06,3.1324229e-05,-1.2130999e-05,1.339555e-05,1.3083208e-06,-1.4851087e-05,3.3225503e-05,4.906678e-06,3.3950601e-06,6.2224519e-06,-1.6494137e-06,-4.3701178e-06,1.1211795e-05,8.5576987e-06,2.300724e-06,-8.2779226e-06,7.0725005e-06,1.0187235e-05,1.9686771e-06,-1.4966857e-06,2.2135973e-05,1.7631373e-05,-6.6591214e-06,1.1431084e-05,-8.3671858e-06,-8.7082224e-06,-5.999017e-05,2.548342e-05,5.1779194e-06,-8.7754521e-07,1.0847904e-05,-5.0790308e-05,-4.6343429e-06,-4.5638484e-06,-1.1504949e-05,-1.1152194e-05,-5.7180659e-06,-1.3170147e-05,4.381904e-06,-3.8683785e-06,-8.4131542e-06,3.9367344e-07,-2.5281205e-05,-8.5587072e-06,1.8881535e-06,-5.1302314e-05,5.6688797e-06,-5.0328534e-06,-3.1506216e-05,2.0312632e-05,-1.9424276e-05,1.5743127e-05,9.1673651e-06,0.00011071967,-4.536484e-05,-3.5032691e-07,-1.2457652e-05,-3.3349506e-05,9.6621577e-05,7.7608111e-06,9.6654943e-06,3.1612796e-05,2.4028806e-05,1.7486174e-05,2.4946229e-05,-2.567176e-07,5.9369842e-06,9.5558578e-06,5.4081683e-06,3.556231e-05,1.1648511e-05,-3.7583291e-06,5.9225949e-06,-7.0843228e-06,1.0753778e-05,-1.1238154e-06,7.9396566e-07,-4.2604574e-06
"71",-0.00064230194,-4.0893295e-05,-5.3987503e-06,-0.00010617776,-0.00011065019,9.5098409e-05,2.1270273e-05,7.0836105e-06,-0.00011326071,-0.00012065024,-0.0003647378,0.00073173955,-0.0011362778,-0.00011366357,8.8011887e-06,-2.5951041e-05,0.00016095645,-0.000106348,0.00010596079,1.5909931e-05,5.8886487e-06,0.0008455138,0.00014631771,7.2445718e-05,-5.9210172e-05,1.325497e-05,-5.1740868e-05,-7.793094e-05,-2.5989475e-05,0.00013434391,6.6485213e-05,9.972604e-05,6.1928689e-05,-2.4627541e-05,0.00012786286,-4.0625355e-05,-1.653154e-05,-7.2630988e-06,-7.8204281e-06,-3.2605084e-05,-0.00035221356,6.5784808e-05,-0.000227314,-7.1951339e-05,5.393143e-06,-0.0012242641,-0.00029985981,-3.8499802e-05,0.00029164492,-3.1066678e-05,8.3066202e-05,0.00015364762,-5.0992906e-05,-0.00010334541,-5.6592802e-05,-0.00012150953,2.2889383e-05,3.9496665e-05,-0.00026104058,-4.479388e-05,6.4358455e-06,1.8970974e-06,0.0017557734,0.00032278708,-0.00010665942,0.0001667876,2.5927686e-05,0.00024746364,0.00014103042,5.1779194e-06,0.0025436959,0.0003148138,0.00039182188,-5.5928098e-05,1.6302602e-06,-0.00014195272,4.7619806e-05,0.0002257877,-0.00010936821,-9.8457901e-07,-0.00032250715,0.00016517733,-0.00038157385,-0.00011441399,5.6259199e-05,-6.212176e-05,-7.4448769e-06,-0.0052773048,0.0090876234,-0.0029269249,-0.0017483253,0.00049830427,-0.0010317473,-0.00096033736,6.9089013e-05,0.00019500954,-1.5239183e-05,-0.0054919019,-0.0003869019,1.3981349e-05,-0.00081338137,-0.00026777934,0.00066357392,0.00075468249,0.0006881174,0.00097997176,-0.0013144104,0.0020658934,-2.9574475e-05,0.0023685182,0.00091079046,-0.00135196,0.0010439336,-3.6650613e-05,0.00049207535,-0.00075322771,0.0011695759,-0.00056304162,0.00018041041,0.0014759599
"72",0.00026015958,-3.984463e-05,1.4591749e-05,1.7831199e-05,0.0001081671,4.0193488e-05,-7.0700636e-06,3.848927e-06,-2.3183686e-06,0.00014740107,-0.00036626818,0.00028339962,-0.0013370141,0.0028335228,-1.7662223e-05,4.8327538e-05,-6.4680473e-05,5.0942619e-05,-3.2706637e-06,0.00010356365,-5.5809167e-06,0.00017950898,0.0016381723,5.4475726e-05,4.088172e-05,-4.1581586e-05,-5.1536073e-05,0.00013764556,-0.00018408303,-8.022845e-05,6.889395e-05,-8.4118846e-06,3.7658538e-05,-4.9850938e-05,-8.5693676e-05,0.0001145288,-1.3892799e-05,-6.8768731e-06,-9.6633473e-05,-7.6264619e-05,0.00019381264,4.7303257e-05,9.5539727e-05,-0.00013183696,4.1951291e-06,-0.00025800413,-0.0022324312,-8.9926529e-05,2.9202611e-05,8.4183018e-05,7.7234549e-05,-0.0002657754,0.00022636878,4.7459144e-05,1.4845402e-05,4.1868942e-05,-6.5632613e-06,0.00019845346,0.00010891595,-9.3867679e-05,-1.2492863e-05,1.2524917e-05,-0.0010063562,-0.0001764823,0.00018480872,-0.00012803219,-3.3320366e-05,-0.00015980638,0.00020622361,-8.7754521e-07,0.0003148138,0.0042879909,4.254964e-05,-4.5990308e-05,4.7831663e-05,-8.686101e-06,0.00025460943,-2.0037409e-06,0.00020852231,0.00018668366,0.00028578811,8.2496419e-05,0.00018304243,0.00013365446,-9.8020551e-05,6.6567978e-05,-8.9756464e-06,0.0034694885,-0.004308188,0.0023310278,0.000968394,-0.0004714431,0.00091234655,0.00075670489,-7.4547905e-07,-0.0005453481,-1.4756602e-05,-9.5354079e-05,-0.0076967485,-0.00016429297,0.00073505212,0.00011961716,-9.8459398e-05,-0.0011345369,-0.00065600953,-0.00056804576,0.00047439681,-0.0013892298,-0.00033650364,-0.00094620917,-0.00055652103,0.00083638542,-0.00067601787,4.5084319e-05,-0.0002553886,0.00033399844,-0.00039867673,0.00024782949,-0.00011192844,-0.0013206287
"73",-0.00032964384,2.4206259e-05,6.6325065e-05,3.3082262e-05,-0.0001025307,-0.00016130558,1.1863796e-05,9.8685252e-07,7.024568e-05,2.3553858e-05,0.00033317519,-0.00033044554,0.00095934454,-0.0029350861,2.5978199e-05,5.7190592e-05,-8.0606554e-06,6.4728778e-06,-0.00027961246,-9.7157461e-05,5.9430559e-06,0.00013989532,-3.5738238e-06,0.021740317,6.6974051e-05,1.0371342e-06,-4.9904227e-05,-6.5861135e-05,0.00022271998,0.00014419972,-0.00012697556,-2.1859914e-05,5.2418471e-06,-0.00011759643,-0.00012943549,-3.1521043e-05,-3.3320072e-06,-8.4392002e-06,-4.5897547e-05,6.720689e-06,-0.00017877498,-2.7006796e-05,0.00045145359,9.1128257e-05,-1.4184643e-06,-1.5648059e-05,-1.7308456e-05,-0.012538864,0.00016775973,-5.4513992e-05,2.7148317e-06,0.00015362536,-4.1280077e-05,-1.9694655e-05,0.00022335921,-3.9332766e-05,-0.00022881511,3.8870958e-05,0.00021207886,-1.9378867e-05,3.544787e-05,2.0988259e-05,0.00081788101,0.00012720743,0.00011764219,-6.1914823e-05,-1.2711634e-05,-0.00086661212,-0.00020198795,1.0847904e-05,0.00039182188,4.254964e-05,0.044132575,0.00012310135,6.3854619e-05,-0.00020542078,-0.00016344613,0.00019399898,0.00010917434,-0.00032586667,-0.00031406012,3.5469413e-05,-0.00033689061,-0.00061863456,-0.00018284661,-0.00013551554,-1.3205173e-06,-0.0031238171,0.0044240562,-0.0023759073,-0.00090955401,-0.00011967,-0.00039042916,-0.00039549351,0.0021368906,0.00062421863,-2.9028744e-05,-0.0010021534,0.00022680768,-0.076827838,-0.0011423496,-0.00027506283,0.00059098883,0.00080058964,0.00073343104,-3.1142171e-05,-5.7109228e-05,0.001382893,9.9624085e-05,0.0015997269,0.0016958673,-0.00033643518,0.00077898568,-1.863791e-05,0.00021281665,-0.00039554705,0.00053088095,-0.00025542737,0.00016116751,0.0011971373
"74",-7.9755416e-05,3.6575987e-05,-8.5979055e-06,-5.0394227e-05,-1.084066e-05,-2.1875919e-05,-1.2873679e-05,-4.6199829e-05,-4.0900035e-06,3.9068762e-06,3.86578e-05,-0.00026554354,0.00021131236,-0.0013146674,-4.1847701e-05,5.5264556e-05,-6.2941266e-05,0.00016316352,0.00016228796,-6.3414724e-05,-2.1993758e-05,-0.00012485437,-1.1147418e-05,9.2551122e-05,0.00097644167,2.9170964e-05,-3.1319403e-05,4.5383109e-05,1.0779321e-05,-1.2147995e-05,0.00011187521,5.0032535e-05,5.9535938e-05,-9.7371361e-05,-8.1540275e-05,6.8551183e-07,-5.5314078e-05,5.7049696e-07,2.8917682e-05,-0.00011605785,5.8694568e-05,-0.00015150222,-0.0001764289,0.00013122841,2.4952737e-05,0.00023581659,2.099568e-06,-0.00045920248,-0.0017589054,-1.3962164e-07,5.3945551e-05,6.3399925e-06,-3.8760906e-05,-2.3595007e-05,-0.00013657714,-7.2829982e-05,-5.2420105e-05,7.6570705e-05,0.00014101849,-1.1621042e-05,0.00013918145,-3.5214679e-06,0.00058290625,-4.3308417e-05,4.0892612e-05,-0.00017620522,0.00018788281,0.0003053839,-0.00014406343,-5.0790308e-05,-5.5928098e-05,-4.5990308e-05,0.00012310135,0.0032781694,2.9803044e-06,-8.7614584e-05,1.3514452e-06,7.3136319e-06,-0.00012366831,0.00033921286,-7.7387277e-05,9.8567275e-05,-0.00024769666,-0.00029702507,0.00019356427,-0.00011711661,-2.8436977e-06,-0.0020603702,0.0032298155,-0.0015925212,-0.00040239859,-4.8177745e-05,2.139976e-05,-0.00062530534,-9.8164151e-05,0.0004680898,8.9332277e-05,-0.00010089714,0.00027090765,-0.00022685065,-0.0067860899,-0.00013715299,0.00029861513,0.00029327428,0.00051974412,0.00039353829,-0.0011726224,0.00080812069,2.0373289e-05,0.0010323006,0.00085332547,-0.00071579149,0.00065897684,-1.5271849e-05,0.00018763372,-0.00023312152,0.0003249758,-0.0002099992,0.0001092966,0.00073034545
"75",-2.1510432e-05,7.7092469e-06,4.476435e-06,2.6878245e-05,2.8622631e-05,-2.2089293e-06,1.1472494e-06,2.4821661e-05,5.2394423e-06,3.3432526e-05,-0.0001321812,0.00022450773,-0.00055980809,0.0010841691,-1.3844424e-05,-6.140492e-06,-1.2298848e-06,-2.2150935e-05,-3.5328749e-06,1.367438e-05,-4.3701783e-06,5.9704189e-06,-3.2728822e-05,7.2687087e-05,2.6892308e-05,8.0225298e-05,-1.7194164e-05,3.7996188e-06,-2.1807586e-05,-1.8104963e-06,1.5784169e-06,9.9086898e-06,-7.2325269e-06,-3.8607145e-05,-1.7357484e-06,-1.625059e-05,-6.0286136e-06,-2.5347751e-06,1.486452e-05,1.2963107e-05,1.1608228e-05,8.7055575e-06,-1.4514917e-05,-2.1420933e-05,7.9212615e-06,-3.4007e-05,4.4362872e-05,-1.6394452e-05,1.2925652e-05,-0.00013100607,1.6110375e-05,-2.3039526e-05,3.6599815e-05,1.8994385e-05,2.4856505e-05,-8.1968557e-06,2.4536272e-05,4.0116773e-05,-9.6122572e-07,4.7986075e-06,-6.0603342e-06,3.6885072e-06,-2.5631687e-05,-1.9018266e-05,-1.5292699e-05,-5.1802657e-06,-2.2164132e-05,1.1201819e-05,1.0386678e-05,-4.6343429e-06,1.6302602e-06,4.7831663e-05,6.3854619e-05,2.9803044e-06,0.00027092717,-3.2774392e-05,2.7296785e-05,1.5798575e-05,-2.3603035e-05,3.2784812e-05,3.4802924e-05,-1.4068088e-05,1.5255054e-05,9.8813639e-06,-3.3499146e-05,7.9848066e-06,-6.2560075e-06,-0.00012265116,6.5633028e-05,-0.00021315441,-1.4007198e-05,7.0100538e-05,-3.7502496e-05,-2.2054479e-05,2.7954935e-06,-1.0090631e-05,1.2093304e-05,-7.7844893e-05,-1.7130273e-05,-4.7403792e-05,-6.2613775e-05,-0.00050833374,4.5832606e-05,-6.3770147e-05,7.4136519e-05,1.5084146e-05,-0.00012399329,-4.5073844e-05,3.5624897e-05,7.302406e-05,8.6010003e-06,4.2319881e-05,1.4906123e-05,1.3015207e-05,-8.4067681e-06,7.3835093e-06,-2.1756336e-05,-6.0738213e-06,1.6204645e-05,6.2063494e-05
"76",9.5053313e-05,1.3064541e-05,5.320161e-06,3.1784723e-06,2.9185491e-05,1.8029976e-06,-1.2354547e-05,-9.871148e-06,1.4377204e-07,2.3632157e-06,9.301198e-06,2.9938433e-05,-0.00022076338,0.00061732774,-4.3598543e-05,-1.773302e-05,-2.8726583e-05,1.2709273e-05,3.1028139e-06,8.3956405e-06,-2.9461606e-06,-4.106668e-05,-4.4994985e-05,-8.059924e-05,-1.6809449e-05,-1.7629668e-05,8.062953e-05,2.4140703e-05,-3.2451579e-06,-3.8766519e-05,-5.9993763e-06,-1.5983206e-05,-3.9535229e-06,-1.0977381e-05,-1.3880466e-05,8.1379437e-05,-2.8603414e-06,-5.2172735e-06,5.7279979e-05,1.4758561e-05,4.9121865e-05,-2.903015e-05,-2.7855183e-05,-1.722733e-05,3.8590259e-06,6.6138472e-05,9.5711635e-05,6.9151552e-05,7.3761265e-05,1.7429019e-05,-0.00012112372,-4.3557972e-05,1.7946376e-05,6.6647203e-05,-8.5058822e-07,-1.4683269e-05,-2.7247115e-05,-6.2955632e-06,3.3828051e-05,-9.1405571e-05,-1.2238575e-06,9.6022632e-06,-0.00027890114,-0.00014677963,-5.3215997e-05,-6.2520755e-05,3.9505592e-05,1.2951519e-06,2.1781372e-05,-4.5638484e-06,-0.00014195272,-8.686101e-06,-0.00020542078,-8.7614584e-05,-3.2774392e-05,0.00023669737,7.8838553e-05,-6.282231e-06,1.0577391e-05,2.0629306e-05,8.2513075e-05,2.3674629e-05,7.4819264e-05,4.2746425e-05,0.00025122611,1.6443264e-05,-1.3643656e-05,0.00097896529,-0.0014135423,0.00067925394,0.00049506521,6.3259088e-05,0.00024610686,7.5371896e-05,-0.00016160648,-0.00010728391,8.9055726e-06,0.00044787103,1.730088e-05,0.00033711479,0.00039570625,9.5973882e-05,-0.00046634803,-0.00024462012,-0.00024852588,-9.4244447e-05,0.00021675635,-0.0004069669,-0.00011167612,-0.00047218057,-0.0002055406,-0.0002003074,-0.00019858378,3.2498928e-05,-7.9976462e-05,0.00011599867,-0.00017176364,8.7521953e-05,-4.7815108e-05,-0.00030781825
"77",5.781409e-05,-1.4685041e-05,5.0102925e-06,-3.6117892e-05,2.9954423e-05,3.952674e-05,-2.6045268e-05,-2.3694485e-05,-3.1106747e-05,-8.0075228e-05,-0.00010237262,0.00010596837,-0.0006134505,0.00087061553,-5.8159201e-05,1.4509542e-05,-9.4062708e-05,-0.00010290649,-0.00015504635,1.1230349e-05,-4.3181262e-06,-1.7292414e-05,0.00011336283,3.754499e-05,5.7589055e-05,-7.9561279e-06,2.3827238e-05,0.00055448492,4.2585411e-05,-3.289476e-05,0.00016814716,-1.2954134e-05,-1.3798721e-05,1.1561721e-06,-7.4217284e-05,-0.00012212272,-2.8520836e-05,-2.6741267e-05,8.1065734e-05,1.3958849e-05,0.00016516842,0.00014368426,0.00020901952,-4.3529359e-05,6.3638046e-06,7.3040587e-05,-0.00023398223,0.00012992054,1.2814459e-05,4.8897685e-07,-4.3981522e-05,-0.00080554839,-9.3808829e-05,8.8653473e-05,-0.00017813277,7.1184065e-05,8.8462779e-05,9.4731192e-06,0.00014583589,0.00019491517,4.7641188e-05,3.5612082e-05,-5.5023845e-05,-9.5920561e-05,-2.1405877e-05,-9.21163e-05,-0.000247902,-0.00031728495,3.1892352e-05,-1.1504949e-05,4.7619806e-05,0.00025460943,-0.00016344613,1.3514452e-06,2.7296785e-05,7.8838553e-05,0.001462726,6.0447755e-05,3.0016701e-05,0.00033864255,8.7470194e-05,4.5052595e-05,5.1231106e-06,-0.00028251549,-0.00019622287,-2.5062084e-05,-6.1293549e-05,0.00072593565,-0.00078182494,0.00072234624,0.00035744059,4.5830942e-05,0.00043655108,0.00064783122,0.00057969014,-0.00013254841,2.778629e-05,0.00013745248,-0.00077677539,0.00029749136,0.00012829518,-2.4293861e-05,-0.00012374251,-0.0028623743,-0.00038638317,3.281358e-05,-0.00046060272,-0.00028215456,-6.0751321e-05,-0.0002255896,0.00052050099,0.00070816905,-0.00010919212,0.00011960677,-4.884627e-05,6.4439787e-05,-8.6534539e-05,2.8976422e-05,-4.855635e-05,-0.00035067705
"78",-8.3871525e-05,-1.293462e-05,3.3561312e-05,-3.015973e-05,2.2955812e-05,1.3046343e-05,-9.2798457e-06,4.2862468e-05,-3.5674428e-06,3.347294e-05,-0.00035699598,0.00039161936,-0.0010871419,0.0013329591,2.4542741e-05,-2.1863957e-05,5.6760926e-05,7.1488184e-05,8.9302235e-05,8.8883722e-06,-1.2195882e-06,-2.3445841e-05,-0.00016819956,0.00021704216,5.0449347e-05,-2.3572749e-05,-5.5834806e-06,1.6446754e-05,0.00058173185,0.00035418109,4.1361028e-05,0.00010772742,1.5125425e-06,-1.7628897e-05,-1.610725e-06,-0.00012436943,-2.0543688e-05,1.6858136e-06,-3.4087679e-05,-1.2349945e-05,-0.00011319176,-7.9045447e-05,-3.0980128e-05,3.1201276e-05,-5.3671782e-06,6.3066054e-06,0.00016763036,-4.0456316e-05,7.7568817e-06,1.7286017e-05,2.4550231e-05,-1.7294794e-05,-0.00088894982,-0.00049770456,4.3548278e-05,-0.00013433305,-1.1796777e-05,3.5380888e-05,-5.1540613e-05,0.00010594785,9.9652894e-05,1.3564293e-06,0.00039504859,9.8233504e-05,-8.3563784e-05,9.7770916e-05,-2.6780406e-05,-1.8626088e-06,4.9149509e-05,-1.1152194e-05,0.0002257877,-2.0037409e-06,0.00019399898,7.3136319e-06,1.5798575e-05,-6.282231e-06,6.0447755e-05,0.0019487307,0.00081429764,6.3381669e-05,1.9587556e-05,-3.6050029e-05,7.7088874e-07,-2.6856561e-05,-9.0100551e-05,-0.00013845559,-5.1298551e-06,-0.0015452224,0.0023044251,-0.0011737951,-0.00064806951,0.00019607133,-0.0004815285,-0.00029141562,4.7412719e-05,9.518901e-05,2.064197e-05,-0.00063160588,0.0004333951,-0.00012862084,-0.00039443687,-0.00012079406,0.00013130431,0.00022164597,-0.0030850711,-0.0014121746,-0.00027261286,0.0003262377,0.00018178961,0.00051791242,0.00023176671,-0.0002059091,0.00053815681,-1.5208282e-05,0.00010175093,-0.00018127622,0.00031296032,-0.00012212297,7.8959288e-05,0.00061255287
"79",0.000206984,-6.7167968e-06,3.2329691e-07,-8.279028e-06,6.5630376e-05,2.6025916e-05,5.5392704e-06,-1.1361331e-05,-5.0137026e-05,-1.9649152e-05,-0.00031391642,0.00018696933,-0.00089526851,0.0022906786,2.5848651e-05,-7.4487063e-05,3.6063271e-05,1.7108969e-05,3.5640278e-05,1.9751396e-06,3.0596785e-06,0.00010584746,-6.1004012e-05,0.00010148591,-4.3385132e-05,-2.2270848e-05,-1.0429111e-05,2.8491674e-06,0.00029324496,0.00055603826,2.2325559e-05,5.9647317e-05,-7.0509803e-06,-9.3343121e-06,-2.4713176e-05,-6.319987e-05,-1.2240436e-06,4.7717041e-06,-2.6140197e-05,7.2541578e-05,-1.1144628e-05,-2.7528515e-05,-3.0940269e-05,-4.1009079e-06,1.5899737e-06,-5.0440756e-07,9.6811214e-05,-3.606833e-05,6.1136508e-05,1.8652268e-05,3.0636185e-05,6.8609794e-05,-0.00037379264,-0.00075111523,6.2290659e-05,-6.1333768e-05,8.5895519e-05,9.4892501e-05,6.749704e-05,0.00010679117,-3.1873783e-08,-3.2959202e-06,-0.0012094672,-0.00016389271,-5.4644458e-05,-2.7819878e-05,-9.3929214e-05,-0.00017343297,2.694033e-05,-5.7180659e-06,-0.00010936821,0.00020852231,0.00010917434,-0.00012366831,-2.3603035e-05,1.0577391e-05,3.0016701e-05,0.00081429764,0.0016073771,0.00020290135,0.00031395209,3.7502084e-05,0.00027266152,0.00017994642,-0.00027593925,2.1511353e-05,9.8204969e-06,0.0037065632,-0.0042329007,0.0024845653,0.001008365,1.8546662e-05,0.00054784874,0.00065880234,-0.00030587469,-0.00023704668,1.8060879e-05,0.00060851262,-0.00034096692,-0.00052698429,0.00090497134,0.0001719934,-0.0001425696,-0.00036545116,-0.0025990062,-0.003303013,0.00056922776,-0.0014738317,-0.00018708402,-0.0013518532,-0.00082348047,0.0012447416,-0.0006602234,4.0928458e-06,-0.00029147878,0.00038108032,-0.00051319934,0.00029558527,-0.00016493001,-0.0010767347
"80",0.00029145028,2.282777e-05,-2.2888465e-05,-2.0469288e-05,-2.6637776e-05,-3.7285251e-05,1.7819423e-05,-1.0543653e-05,-6.4440316e-05,5.7431125e-05,-0.00073937472,0.00097654623,-0.0023996879,0.0051377942,-7.5933337e-05,6.2559831e-06,-1.7924809e-05,-5.6896607e-05,-0.0001077744,3.3428263e-05,-2.4966854e-06,7.760873e-05,8.5297141e-05,-8.8957755e-05,9.5450962e-05,-5.9943647e-06,-1.1003489e-05,0.00018709964,4.9452538e-05,-1.1826134e-05,0.00079504475,-2.8356003e-05,3.5578155e-05,3.9896689e-05,3.9493692e-05,-3.2657504e-05,-1.9158365e-06,-8.061594e-06,0.00014719795,-8.8471029e-06,1.2551732e-05,9.5595256e-06,5.3251967e-05,-6.3695993e-05,1.4251958e-05,-0.00011467957,4.0615485e-05,0.00014769549,-0.00018194695,3.6706646e-05,5.6127147e-06,-0.0002089213,4.0663998e-05,0.00010010325,-0.0012058291,-1.0410006e-05,-2.0368261e-05,-1.8230997e-05,-9.2260531e-05,1.0798151e-05,-2.7534321e-05,1.1870129e-05,-0.00087008065,-0.00035951898,3.8806547e-05,1.2007189e-06,-0.00010964537,-0.00012437014,0.00010641568,-1.3170147e-05,-9.8457901e-07,0.00018668366,-0.00032586667,0.00033921286,3.2784812e-05,2.0629306e-05,0.00033864255,6.3381669e-05,0.00020290135,0.0024504379,0.00018720393,8.1760068e-05,0.00030186518,0.0001160305,-0.00013332787,2.4572237e-05,-2.0055382e-05,0.0026096646,-0.003102941,0.0012875393,0.0011031233,-0.00015029343,0.00027274589,0.00059796108,-5.1325757e-05,-0.00036528949,3.1027401e-05,0.00024017545,-0.00041192628,0.0006794039,-0.0002094496,2.1667572e-05,-0.00015164759,-0.00094920776,-0.00040792071,-0.00050656104,-0.0041389751,-0.00099132821,-0.00031509669,-0.0011342149,-0.00056191903,0.00078679793,-0.00045072317,5.2841313e-05,-0.00021135233,0.00028878185,-0.00034401501,0.00019988036,-7.0176093e-05,-0.00068566547
"81",0.00034091806,1.5641296e-05,-2.3563363e-05,-3.3770539e-05,9.7821446e-05,0.00010029232,-0.0001012028,-1.0060687e-05,5.0266593e-07,5.8104484e-05,-0.00016209777,0.0001826389,-0.00039933527,0.0022871873,2.6945614e-05,-6.8440684e-05,3.5606948e-06,1.2159808e-05,9.7779474e-05,-7.4757455e-06,-2.6887563e-06,7.3777439e-05,2.8153342e-05,-7.5443652e-05,-2.5745866e-06,-3.8137527e-06,3.5607853e-06,5.0890764e-05,5.0858571e-05,4.8907066e-05,6.4754911e-06,0.00059648936,0.00022699479,-0.00014920864,-5.7940603e-05,-6.1448959e-05,-1.1531352e-05,-1.0184155e-07,-1.6050299e-05,0.00015582399,-5.0637761e-05,-7.9462123e-05,-0.00015541188,5.6446957e-06,1.2139407e-05,-0.00011559572,9.756587e-05,-0.00012326809,-9.9474171e-05,1.0505089e-05,-7.3613327e-06,1.7898419e-05,-2.6917222e-05,1.2836224e-05,-7.4481231e-05,-0.00093524547,-0.00028882585,0.00021547459,5.7176185e-05,6.567114e-06,3.3277841e-05,6.1414085e-06,-0.0015530247,-0.00013854549,6.434614e-05,-7.2472518e-05,-3.4831766e-05,6.9422024e-05,-8.2318226e-05,4.381904e-06,-0.00032250715,0.00028578811,-0.00031406012,-7.7387277e-05,3.4802924e-05,8.2513075e-05,8.7470194e-05,1.9587556e-05,0.00031395209,0.00018720393,0.0020019499,0.0004732398,0.0001578565,0.00014603866,-0.00032946191,6.8863251e-05,-1.1280879e-05,0.0053788061,-0.0070480292,0.0039031106,0.0014681614,-9.9160589e-05,0.00074298173,0.00079804396,-0.0010167618,-0.00021738141,-3.453166e-06,0.0011355435,-0.00079234557,8.0324574e-05,0.0011497079,0.00018448999,-0.00037925452,-0.00077208889,-0.001689187,-0.0011033499,0.00088231325,-0.0050140532,-0.0012307494,-0.0016613179,-0.0010218037,0.0016866885,-0.0010837571,7.0894627e-05,-0.00037891785,0.00057554722,-0.00081030832,0.00044759662,-0.00024835001,-0.0018470971
"82",-1.4063473e-05,-1.4573319e-05,-4.6838817e-05,-9.1871788e-05,-5.5667121e-05,4.2570173e-05,-3.6751453e-05,-6.1714712e-05,-6.8898497e-05,-0.00018664911,-8.7703468e-07,0.00015779585,-0.00020559919,-0.00012121324,-3.8355662e-05,-3.6082408e-05,2.2959181e-05,-7.5921398e-06,-2.5953896e-05,-4.1276926e-05,-3.1689977e-06,5.5869417e-05,6.1991439e-06,-0.00010056532,9.1820779e-05,-5.8164964e-06,6.1745252e-06,1.6847944e-05,4.0052541e-05,2.1319728e-05,3.7892487e-05,0.00018412127,0.00059253709,1.2147987e-05,4.3205682e-05,-6.2304103e-05,-1.5301656e-06,-7.5576486e-06,5.8226358e-05,2.066281e-05,-3.5152097e-06,8.0859477e-06,4.7638516e-06,9.4056773e-07,1.6694772e-06,1.4011052e-05,-2.6479856e-05,-0.0001271253,6.6992807e-06,8.0005616e-06,-3.1242705e-05,1.489657e-05,-8.2659877e-05,2.1877934e-05,-4.8802611e-05,-0.00026347447,-0.00075494776,-4.4395933e-05,3.6940193e-05,4.3626568e-05,4.8062354e-05,9.4754299e-06,7.4952815e-05,-1.4977876e-05,-7.808083e-05,3.5168562e-05,-0.0001031662,-0.00019262712,-4.1893823e-05,-3.8683785e-06,0.00016517733,8.2496419e-05,3.5469413e-05,9.8567275e-05,-1.4068088e-05,2.3674629e-05,4.5052595e-05,-3.6050029e-05,3.7502084e-05,8.1760068e-05,0.0004732398,0.0019709078,7.1769326e-05,-2.4456632e-05,-0.00012244356,-2.4958145e-05,-1.7535207e-05,7.6090988e-05,0.0014262706,0.00037926512,9.606865e-05,0.00024219847,1.5764576e-05,4.3282568e-05,0.0003047194,0.00014197908,-6.951e-06,-0.00036710415,-0.00021238315,-0.00014025751,-0.00012295932,2.4510408e-05,1.664575e-05,-1.6497502e-05,-0.00021801198,9.5246418e-05,-0.00024366656,-0.00066635446,-0.0035263822,1.4269671e-05,0.00010096764,8.4213047e-05,0.0001086928,3.4005505e-05,2.3162871e-05,-7.7556681e-05,0.00016128489,-7.2654949e-05,-5.3316479e-06,-4.7938752e-05
"83",0.00063887326,2.2149665e-05,-2.3686998e-05,9.6863793e-06,0.00010452352,1.6321327e-05,-1.0844991e-05,-3.3887602e-05,-1.0064193e-05,6.8641053e-05,-0.00018598784,0.00012117422,-0.00090275289,0.0034094604,3.9955271e-05,1.223983e-06,-0.00013977262,6.4878892e-06,-0.00014889315,7.2378755e-05,-2.6005715e-06,4.8782854e-05,9.5480883e-06,-0.00016471266,-0.00011694004,-4.5020616e-05,1.7473178e-06,8.4733913e-05,-2.8128671e-08,-5.852903e-05,8.1001264e-05,-0.00016567852,6.0689352e-05,0.0011480493,0.00011697116,-6.3407937e-05,-2.0417199e-05,5.7972196e-06,-1.5621628e-05,3.3701309e-05,0.00035014844,6.0512305e-05,0.0002100024,-7.5460122e-05,9.3448156e-06,-7.3330679e-05,0.00016194323,0.00013508761,6.7009393e-05,1.7451157e-05,-1.4006474e-05,-0.00012618416,0.00012432023,0.00014494289,-0.00014619481,8.4696511e-05,-0.00010967522,-0.0011942471,-0.0001209836,0.00013148809,2.6737168e-05,-7.4220228e-06,-0.0019533914,-0.00022928468,0.00020524455,-0.00015744935,-2.8835502e-05,-0.00034966524,0.00014439328,-8.4131542e-06,-0.00038157385,0.00018304243,-0.00033689061,-0.00024769666,1.5255054e-05,7.4819264e-05,5.1231106e-06,7.7088874e-07,0.00027266152,0.00030186518,0.0001578565,7.1769326e-05,0.0034787355,0.0006862927,-0.00021568468,-1.4636891e-05,1.1612735e-05,0.0064879074,-0.0087325457,0.0044925736,0.0018982293,-0.00059743414,0.0012837416,0.0010545848,-0.00033780568,-0.00068875386,1.5776915e-05,0.0015598254,-0.0004803819,0.00021952114,0.0016717867,0.00028338608,-0.00048820614,-0.0008577,-0.0017818928,-0.0012022192,0.00096282389,-0.0020490798,-0.0005758688,-0.0077009072,-0.0021552201,0.0017744801,-0.0011126517,3.3728812e-05,-0.0005727621,0.00075940014,-0.0010833924,0.00055889447,-0.00027858799,-0.0021191952
"84",0.00031076718,8.4710813e-07,3.1278801e-06,5.8643751e-05,0.00013640067,2.2826616e-05,-3.2242264e-05,-1.0376995e-05,2.4670236e-06,2.6687288e-05,-0.00028888895,0.0003398715,-0.00066007632,0.0021025969,4.916833e-05,3.6530095e-06,1.039435e-06,2.5763276e-06,-1.8732098e-05,3.9649013e-05,2.9952957e-07,2.5734357e-05,-1.9645974e-05,-0.00018814952,-0.00014529568,-1.4878253e-05,8.631381e-06,-3.5185316e-05,-1.8263128e-05,9.9812395e-06,7.5259694e-05,-1.9767085e-05,6.0109265e-05,0.00019099281,0.00049634327,1.979107e-05,-6.1611045e-05,5.420476e-06,-6.4463091e-05,-5.0223477e-05,0.00011695013,-1.3552405e-05,-7.2391025e-05,-5.9985448e-05,5.9891124e-06,-7.3748747e-05,0.00011249074,0.0002026761,0.00025742671,1.8517763e-05,1.8694128e-06,8.4297336e-05,1.3714717e-05,-6.4379403e-06,-0.00018161258,-2.246997e-06,5.4041467e-05,-0.0002190559,-0.00069767761,0.0001049357,3.1035173e-05,-1.2193957e-05,-0.00093470309,-3.9673485e-05,7.2179385e-05,2.6488618e-06,9.1457148e-05,-0.00015527504,6.0221138e-05,3.9367344e-07,-0.00011441399,0.00013365446,-0.00061863456,-0.00029702507,9.8813639e-06,4.2746425e-05,-0.00028251549,-2.6856561e-05,0.00017994642,0.0001160305,0.00014603866,-2.4456632e-05,0.0006862927,0.0018338998,-2.7388276e-05,-2.8503783e-05,1.3071187e-05,0.0029504261,-0.0037903331,0.001850639,0.00062240295,-0.00022701794,0.00047344155,0.00029446381,-0.00020434194,-0.00033178089,7.6757227e-06,0.00053297528,-0.0002292895,0.0010487492,0.0012006698,0.00012594243,-0.00022784736,0.00021801655,-0.00074731471,-0.0007005563,0.00033202465,-0.0010732955,-0.00012621385,-0.0020551979,-0.0036258118,0.00075895246,-0.00044233658,-7.4827317e-06,-0.00026245381,0.0003638396,-0.00060068405,0.00020828068,-0.00011594752,-0.00092931324
"85",-0.00024070204,-1.0879228e-05,-1.2356071e-05,6.4589055e-06,-1.338918e-05,-9.5880897e-05,1.2376687e-05,-2.7904513e-06,-3.3368359e-05,-8.740288e-05,-0.00053850099,0.0010083421,-0.0017228814,0.0021479038,-1.4862231e-05,7.5582655e-05,0.00031943264,5.3212351e-06,-3.9221903e-05,1.2557573e-05,-9.9817106e-06,-3.6497457e-05,0.00013925386,-6.9348424e-05,7.5813533e-05,-2.0229831e-06,6.3238711e-05,-0.00012981544,-0.00010463517,-0.00010642867,-4.0487323e-05,-7.0181402e-05,-9.0003358e-05,-0.00012602195,2.1298339e-05,0.00083203031,2.3308187e-05,6.7231041e-06,-6.2912237e-05,-0.00010120594,-0.00058356203,4.9225354e-06,6.5411453e-06,8.4913716e-06,5.4506221e-06,-2.3077942e-05,-0.00022081943,3.1925607e-07,0.0001219533,-1.2116779e-05,-9.4385797e-05,0.00022438366,0.00010018272,0.00011684484,4.5412337e-05,-3.7452599e-05,1.7469419e-05,0.00010414151,8.0453508e-06,-0.001237338,-2.5142784e-05,-1.1093641e-05,0.00076689008,-5.3274517e-05,0.00022657951,0.00075027307,0.00015771614,3.4100922e-05,6.1991149e-05,-2.5281205e-05,5.6259199e-05,-9.8020551e-05,-0.00018284661,0.00019356427,-3.3499146e-05,0.00025122611,-0.00019622287,-9.0100551e-05,-0.00027593925,-0.00013332787,-0.00032946191,-0.00012244356,-0.00021568468,-2.7388276e-05,0.0023338781,2.6698919e-05,1.079159e-05,-0.0027362132,0.0038253966,-0.0021981322,-0.00057755025,-0.00031981816,-0.0019009204,-0.00071362625,0.00033073052,0.00011315704,3.4808699e-05,-0.0004123718,0.00022035178,0.00047791748,-0.00071868982,-0.00010289582,-0.00030535838,0.00088924901,0.0011806351,0.00089470413,-0.00039836353,0.0013493964,0.00037698394,0.0011987685,0.00055077236,-0.0048487846,0.00060356898,-4.3403301e-05,0.00019960851,-0.00032629374,0.000505001,-0.00023155234,0.000137968,0.0010416159
"86",3.184318e-05,1.6064983e-05,-6.6342498e-06,3.0185743e-05,-1.616325e-05,-4.4843353e-06,3.5373895e-06,1.632282e-05,-4.3730905e-06,1.0267228e-06,1.8659566e-05,9.4402684e-05,-7.7733825e-05,0.00032410556,4.382437e-07,-2.133773e-06,-1.4315643e-05,2.9292111e-05,-6.8295925e-06,-8.4693815e-07,-6.8941073e-07,-2.3666448e-05,-2.509548e-05,-6.5545075e-05,-3.2849599e-05,-7.4336812e-06,6.4352394e-06,-1.6991422e-05,-2.7765801e-05,-7.8520564e-06,5.1298904e-06,-8.8072623e-06,1.4403931e-06,2.2900129e-06,-5.5229539e-05,2.3189312e-05,5.0043245e-05,1.4373676e-06,-5.0437311e-06,1.2605769e-05,1.23107e-05,-5.2868194e-05,-2.2354403e-05,-2.6724999e-05,6.9701213e-06,-2.2360231e-05,1.7845312e-05,0.00017366666,0.00010177978,-6.123591e-06,-8.9759267e-06,1.3173808e-05,0.00011072015,3.4470861e-05,-5.3462087e-05,-1.6422816e-05,1.2034287e-05,3.7621681e-05,3.1617389e-05,-3.2584502e-05,-0.00023320028,1.5029692e-06,-0.00017258431,1.7659689e-05,2.9053219e-05,3.9631413e-06,5.3932832e-05,-2.0060012e-05,3.62806e-06,-8.5587072e-06,-6.212176e-05,6.6567978e-05,-0.00013551554,-0.00011711661,7.9848066e-06,1.6443264e-05,-2.5062084e-05,-0.00013845559,2.1511353e-05,2.4572237e-05,6.8863251e-05,-2.4958145e-05,-1.4636891e-05,-2.8503783e-05,2.6698919e-05,0.00048390046,-1.0552633e-06,0.00044560898,-0.00057866488,0.00022349194,1.7902245e-05,-3.9775728e-05,4.5370874e-05,-7.7773811e-05,-2.7455023e-05,-4.81072e-05,1.2830014e-05,6.6705548e-05,-8.7673317e-05,0.00021731015,0.00029281517,4.6470027e-06,-4.1797318e-05,-2.8717127e-06,0.00015334808,-8.4950668e-05,1.0461992e-05,-0.00021893963,-2.7625915e-06,-2.8118086e-05,-8.2791229e-08,0.00011495532,-0.00095041753,4.2473103e-06,-2.6576216e-05,5.1121287e-05,-5.071192e-05,4.5928682e-05,-1.9306154e-05,-0.0001025863
"87",1.2125121e-05,-2.5360883e-06,7.8291324e-08,9.4383355e-07,2.810087e-06,-4.7151879e-06,5.6229306e-06,1.0559955e-06,5.8894459e-06,5.7440519e-06,-6.2573303e-06,4.2498659e-06,-1.1243208e-05,5.6595407e-05,7.3258308e-06,-1.0523173e-06,-6.3335424e-08,-2.2382603e-06,-4.3859508e-06,-4.542994e-07,7.348628e-07,-5.1428629e-06,-6.5798562e-06,-7.1596717e-06,3.2839527e-06,-9.9533273e-07,-8.4025767e-06,-2.5865176e-05,-1.7860054e-06,-1.5645863e-06,-1.0046944e-05,-4.5217262e-06,-5.1351732e-06,4.222343e-06,-2.2238844e-07,5.5305034e-06,7.5181156e-07,8.8761058e-06,-1.0523197e-05,-7.603827e-07,1.6990332e-06,4.4578381e-06,7.9987577e-06,3.4129289e-06,-1.5385819e-06,8.5595855e-07,1.2297157e-05,1.1082592e-05,-9.8482972e-06,-2.0200125e-07,1.148036e-05,3.4626197e-05,8.2405753e-06,4.6827537e-06,1.351433e-05,1.2468853e-05,5.9715339e-06,-3.1732614e-06,-2.3859613e-06,-1.1180743e-05,8.0491808e-07,-1.0889684e-05,-3.1622562e-05,8.8239434e-06,5.0395588e-07,-4.4645145e-06,3.0994752e-06,5.200683e-07,-3.8287281e-07,1.8881535e-06,-7.4448769e-06,-8.9756464e-06,-1.3205173e-06,-2.8436977e-06,-6.2560075e-06,-1.3643656e-05,-6.1293549e-05,-5.1298551e-06,9.8204969e-06,-2.0055382e-05,-1.1280879e-05,-1.7535207e-05,1.1612735e-05,1.3071187e-05,1.079159e-05,-1.0552633e-06,1.6304201e-05,0.00011325688,-0.00015404634,7.2840749e-05,9.8824539e-06,-1.0955264e-05,2.233759e-05,1.8842124e-05,-9.7993063e-06,-7.7510728e-06,-3.8473012e-06,2.4945113e-05,9.5419976e-06,3.0996647e-06,2.6729992e-05,1.8125623e-05,1.7056844e-05,9.92933e-05,-2.4008593e-05,-3.6397503e-05,6.0494164e-05,-5.9985309e-06,2.8645521e-05,-4.9924706e-05,-4.56054e-05,3.9654717e-06,-1.8186408e-05,-2.7767889e-05,-1.027016e-05,1.4723643e-05,-2.3188443e-05,8.6223745e-06,-7.0285568e-06,-2.9767684e-05
"88",0.0080019683,-0.00013364741,-0.00036120239,0.00048714054,0.0018023403,0.0043489803,-0.00021768902,-0.000704801,0.00040229992,0.003679546,0.00074005365,-0.0026576427,-0.0023076082,0.027816845,0.00026138894,2.1663573e-05,-0.00041674355,-0.00057432957,-0.0011584599,0.00034115887,-4.7216422e-05,7.3512419e-05,0.00067429066,-0.0012750004,-0.00010320403,-0.00018344201,-1.7024551e-05,0.0010715137,-0.00072496199,-0.0010881625,0.00043284943,-0.00047497342,0.00057228353,0.00011255039,-0.0011142948,-0.00045175144,-0.00016893236,4.7952602e-05,-0.00012073166,0.00026056473,0.001696594,0.00046182921,0.0016746982,-0.00045280245,0.00013517327,0.00045180455,0.00079395273,0.0016555647,-0.00027474182,0.00027973656,-7.7524484e-05,-0.0013533592,0.0020784538,0.0022650892,-0.0014622885,0.00015028412,0.0004062492,0.00038060803,0.0023808115,0.00057028795,0.00020729782,-7.6683012e-05,-0.023431109,-0.0032359345,0.002274094,-0.00094906587,-0.000803042,-0.0034146399,0.00056723332,-5.1302314e-05,-0.0052773048,0.0034694885,-0.0031238171,-0.0020603702,-0.00012265116,0.00097896529,0.00072593565,-0.0015452224,0.0037065632,0.0026096646,0.0053788061,7.6090988e-05,0.0064879074,0.0029504261,-0.0027362132,0.00044560898,0.00011325688,0.11817097,-0.14107199,0.10996558,0.03992845,-0.0060308588,0.02298131,0.020281653,-0.015844682,-0.0087273015,-3.7514357e-05,0.027897012,-0.017942974,0.00074208072,0.02874572,0.0065713042,-0.0070706971,-0.018558508,-0.042538803,-0.01493471,0.02543273,-0.041366257,-0.00915464,-0.04740587,-0.022174501,0.027923517,-0.024557097,0.00099330601,-0.0077895035,0.011882548,-0.017685886,0.0076569067,-0.007633164,-0.051331229
"89",-0.014723261,0.0004955007,-0.00045102312,-0.0045257827,-0.0081297282,0.00077276224,-0.00020985162,-0.00032843864,-0.00093302538,-0.0036547075,-0.002221561,0.0064576397,0.0024911629,-0.086870368,-0.0002113636,-0.00017165028,0.0011444959,0.00043186231,0.001364558,-0.00059802302,0.00014698121,0.00061036921,1.7520557e-06,0.0032471904,-0.00021629753,0.00021478519,-9.5906409e-05,-0.001212938,0.0015748105,0.0026701896,-0.00040592502,0.00083632801,0.00029729993,4.2235855e-05,0.0020406643,0.00030567526,0.0002732146,-7.6602623e-05,-0.00045490271,-0.00050775748,-0.0043979939,-0.00063420805,-0.0027961267,0.00081048685,-0.00051050389,-0.00036855725,-0.0037916971,-0.0071856719,0.00084452484,-0.00053759085,0.00048826809,0.0018412608,-0.0031679148,-0.0032783542,0.0024727373,-0.00099834971,-9.5298603e-05,-0.00087597364,-0.0023958643,-0.00072349693,-0.00090985893,0.00010596162,0.032460894,0.0045479381,-0.0035491207,0.0010510012,0.00040587934,0.0045543542,-0.000684061,5.6688797e-06,0.0090876234,-0.004308188,0.0044240562,0.0032298155,6.5633028e-05,-0.0014135423,-0.00078182494,0.0023044251,-0.0042329007,-0.003102941,-0.0070480292,0.0014262706,-0.0087325457,-0.0037903331,0.0038253966,-0.00057866488,-0.00015404634,-0.14107199,0.31754233,-0.087100005,-0.045250041,0.017958771,-0.023177904,-0.034407625,0.0065295431,0.018380911,-0.00092082573,-0.044690094,0.013982606,0.00047326627,-0.038723798,-0.0075406415,0.015482851,0.02434485,0.024080415,0.036676276,-0.032606041,0.071407711,0.006073096,0.072599991,0.03636762,-0.054626555,0.033822334,-0.0010507281,0.012920527,-0.023148958,0.042337861,-0.015396237,0.0040791037,0.056588551
"90",0.0038306659,-0.00020290863,-0.00039301243,0.00010304926,0.00061929781,0.009273784,-0.00028083903,-0.0014635767,0.00080885505,0.006360365,0.00049011155,-0.0023438243,-0.00120573,-0.0008081143,0.00016143308,-3.0215505e-05,-0.0001183153,-0.00033111165,-0.0010693996,6.2402379e-05,1.4393968e-05,0.00014203521,0.00056388669,-0.00083919814,-2.7357442e-05,-0.00024237395,-6.2088866e-05,0.0012823445,-0.00070680338,-0.00057990737,0.00056472523,-6.7103295e-05,0.00078673235,-0.00041684626,-0.00067230514,-0.0006126148,3.8760074e-05,2.0341766e-05,-0.00021909849,0.00031409479,0.00074751987,0.00024311424,0.0016792583,-3.0362579e-06,-5.0141706e-05,0.0013000725,0.00059671232,-0.00040958716,-0.00038445828,0.00035104154,6.5844041e-05,-0.0013521286,0.0014561479,0.001599903,-0.00069181857,-0.00013610938,0.00074120577,0.00059156517,0.0020041649,0.00072163631,-0.00021583676,-6.5289617e-05,-0.015257951,-0.002107215,0.0012981834,-0.00078066511,-0.00085499594,-0.0026561676,0.00043342841,-5.0328534e-06,-0.0029269249,0.0023310278,-0.0023759073,-0.0015925212,-0.00021315441,0.00067925394,0.00072234624,-0.0011737951,0.0024845653,0.0012875393,0.0039031106,0.00037926512,0.0044925736,0.001850639,-0.0021981322,0.00022349194,7.2840749e-05,0.10996558,-0.087100005,0.15651119,0.044784626,0.0018742721,0.028557521,0.017579381,-0.02881172,-0.0051653923,-0.00081760553,0.021244728,-0.021128666,-0.00011672208,0.029884355,0.0083534462,-0.0035756026,-0.020702956,-0.067651135,-0.0019626524,0.035195147,-0.030668149,-0.012351006,-0.039735005,-0.017315485,0.018617677,-0.026238891,0.0014203325,-0.0038342632,0.0058273525,-0.0090905102,0.005607787,-0.011843744,-0.064727177
"91",0.0022655451,1.1390082e-05,-6.0977093e-05,0.00036746612,0.00042581277,0.0021862266,-2.6527221e-05,-0.00036104579,9.2391159e-05,0.0018174006,0.00060946328,-0.0013852247,-8.4756877e-05,0.0050629837,-0.0008991015,0.00018896315,-0.00037145615,-5.036567e-05,-0.00027443483,9.421498e-05,-1.9553711e-05,-4.5048612e-05,0.00020427137,-0.00046202905,0.0001025633,-2.9998833e-05,9.4264144e-05,0.00047944408,-0.00043179136,-0.0003529863,0.00027591033,-0.00026313078,0.0001957418,-0.00018017258,-0.00050777321,-7.471923e-05,-5.9743059e-05,-3.2733806e-06,0.0021711828,-0.00034340786,0.0010176987,-0.00010352951,0.0003383973,-0.00013040795,4.71921e-05,0.00050613623,0.00045530615,0.0011963463,-0.00066306888,0.00011370972,-0.00034630714,-0.0006850557,0.00089232341,0.00062148438,-0.00092124589,0.0002786849,0.0001672815,0.00013493658,0.0010325149,-0.00015758271,0.00017931569,1.7909294e-05,-0.0069155709,-0.0026620292,0.00097889584,-0.00051068815,-0.00017514841,-0.00096911534,0.00016440951,-3.1506216e-05,-0.0017483253,0.000968394,-0.00090955401,-0.00040239859,-1.4007198e-05,0.00049506521,0.00035744059,-0.00064806951,0.001008365,0.0011031233,0.0014681614,9.606865e-05,0.0018982293,0.00062240295,-0.00057755025,1.7902245e-05,9.8824539e-06,0.03992845,-0.045250041,0.044784626,0.020357307,-0.0021194862,0.009826595,0.0066841125,-0.0076593709,-0.0026958207,-6.444474e-05,0.0097194727,-0.0066297657,0.00052046657,0.0091892924,0.0024903657,-0.0028621175,-0.0073403796,-0.017448312,-0.0035129473,0.0094433841,-0.012799813,-0.0036440823,-0.015800221,-0.0064858432,0.0076644985,-0.0086263711,0.00050078019,-0.0021594527,0.0034804053,-0.0056153598,0.0025367465,-0.0032117901,-0.019825508
"92",-0.0010446251,2.5591414e-05,-9.0333452e-05,-0.00042553013,-0.0003525081,0.00060555075,-1.6954714e-05,-7.5962285e-05,-1.1561689e-05,0.00011305704,0.00063265827,-0.0010783536,0.00089373998,-0.0092341032,0.0002223081,-0.0017328166,0.00018921737,-2.5111175e-05,-4.8045642e-06,-0.00016401564,3.4250728e-05,1.251799e-05,-2.5864591e-05,1.7186914e-05,-0.00018034861,2.9889219e-05,5.6510046e-06,-7.2163972e-05,6.3933646e-05,0.00021304065,-7.8795627e-05,0.0002423456,4.4595397e-05,-0.00012566655,5.1492525e-05,-0.00042220896,-3.497972e-07,-6.5785631e-06,-0.00071407647,0.0036091122,-0.00058089711,2.0337124e-07,-9.0956285e-05,0.00025271977,-8.4340741e-05,0.00039708771,-0.00015840318,-0.00016938146,0.00058029603,-0.00012345381,6.1159778e-05,0.00015649085,-0.00010709611,-0.00025247536,0.00044659207,-0.00051445651,-9.1244674e-05,2.299842e-05,-4.0603022e-05,0.00099152214,-4.6767254e-05,2.1060351e-05,0.0019408344,0.00046969291,-0.00283051,8.1374286e-05,9.4429741e-05,5.6531676e-05,-0.00019674114,2.0312632e-05,0.00049830427,-0.0004714431,-0.00011967,-4.8177745e-05,7.0100538e-05,6.3259088e-05,4.5830942e-05,0.00019607133,1.8546662e-05,-0.00015029343,-9.9160589e-05,0.00024219847,-0.00059743414,-0.00022701794,-0.00031981816,-3.9775728e-05,-1.0955264e-05,-0.0060308588,0.017958771,0.0018742721,-0.0021194862,0.010102979,-0.00072101602,-0.0018067856,-0.00092406596,0.0015643169,-0.00018755865,-0.0019329479,0.00081170195,0.0012257821,-0.0006030756,-0.0003377218,0.00070465146,0.00050962593,-0.0019499458,0.0019985973,-0.00017796589,0.0027623872,-0.00031650947,0.0041330226,0.0019458991,-0.0008399323,0.0011154038,3.6684564e-05,0.00092018345,-0.0015258058,0.0025461486,-0.00079275651,-0.00032124744,0.00058984105
"93",0.0015104094,4.2589877e-05,-0.00010383728,0.00016119501,0.00041283114,0.0016341849,-2.8312343e-05,-0.00029945942,0.00017306126,0.0011102946,0.0017589766,-0.0037532375,0.0024994728,-0.0066908726,-0.00020550504,6.7899549e-05,-0.0019981633,-0.00012827806,-0.00035542356,5.6732669e-05,-2.1216746e-05,-0.00034349225,0.0004017695,-0.0006315161,0.00010498468,-0.0001124843,9.9246544e-05,0.00043408075,-0.00025059493,-0.00023689506,0.00017997805,-0.00023615327,0.00021951163,0.00033080854,-0.00010906483,-0.00098289473,-3.3156417e-05,7.4906853e-06,0.00043094447,-0.00019530356,0.0044308771,9.3484279e-05,0.00051202759,-1.4053066e-05,3.3392858e-05,0.00098852796,-0.00051023213,0.0019621362,-0.00034878983,0.00018188306,-0.00028635569,-0.00073805823,0.00043848759,0.0003991001,-0.00014942412,0.00044718294,9.7018472e-05,-0.00081010386,7.7723253e-05,0.0019046905,-2.8769735e-05,-2.8448589e-05,-0.0035446962,-0.00073104033,0.00036448353,-0.0031914671,-0.00029829538,-0.00064521457,-1.2626984e-05,-1.9424276e-05,-0.0010317473,0.00091234655,-0.00039042916,2.139976e-05,-3.7502496e-05,0.00024610686,0.00043655108,-0.0004815285,0.00054784874,0.00027274589,0.00074298173,1.5764576e-05,0.0012837416,0.00047344155,-0.0019009204,4.5370874e-05,2.233759e-05,0.02298131,-0.023177904,0.028557521,0.009826595,-0.00072101602,0.015289685,0.0044384284,-0.0044691941,-0.00114152,-4.7067499e-05,0.0058731554,-0.0056682476,0.00099130263,0.0049314198,0.0017918923,-0.00142039,-0.0048051368,-0.011514422,-0.00143473,0.0068215768,-0.0065576968,-0.0022454371,-0.0099398996,-0.0044001928,0.0089439322,-0.0053778512,0.00023090651,-0.001164006,0.0018063435,-0.0029499997,0.0012861711,-0.0021236124,-0.012421211
"94",0.0014191635,-2.6173006e-05,-7.9558636e-05,0.00025591175,0.00087287361,0.00048071973,-3.9821501e-05,-9.8649718e-05,0.00020476337,0.00037518367,0.0004402844,-0.0013734713,-0.00013763149,0.0067163598,2.6718612e-05,-3.283512e-05,-0.00020990479,-0.0018445238,-0.0011146001,0.00021257152,-9.3873837e-06,0.00033907542,8.0549298e-05,-5.4650407e-05,-0.00026054265,1.7185174e-05,-4.8110594e-05,0.00048569134,-0.00033001585,-0.00037735359,0.00016261974,-0.00015224642,-2.7944092e-05,-0.0002026696,-0.00029343268,-0.00012881832,-9.4926604e-05,8.8429221e-06,-9.5017483e-05,0.00014837938,0.00050685537,0.0038286727,0.0021881608,-0.00043421951,3.8068953e-05,-0.00029562174,0.00013911947,0.00020879744,0.00030171384,1.5082887e-05,0.00012545785,-0.00075282606,0.00080685012,0.0006643313,-0.00017865257,0.000226478,-1.2238148e-05,0.00021489075,0.00053155817,0.00020816692,0.00022010342,-2.4465174e-05,-0.0041226304,-0.0004858466,0.00053623963,-0.00029257152,-0.0028779959,-0.0019989112,0.00032742139,1.5743127e-05,-0.00096033736,0.00075670489,-0.00039549351,-0.00062530534,-2.2054479e-05,7.5371896e-05,0.00064783122,-0.00029141562,0.00065880234,0.00059796108,0.00079804396,4.3282568e-05,0.0010545848,0.00029446381,-0.00071362625,-7.7773811e-05,1.8842124e-05,0.020281653,-0.034407625,0.017579381,0.0066841125,-0.0018067856,0.0044384284,0.013342008,0.0020767142,-0.002878552,3.8593298e-06,0.0050790882,-0.0035122622,-0.00067722264,0.0060059953,0.0011893321,-0.0012210609,-0.0049530477,-0.0060606473,-0.0033920461,0.0045639666,-0.0083266523,-0.001525769,-0.0090013123,-0.0039362376,0.0072791832,-0.004338574,0.00018325784,-0.0014641256,0.0024736256,-0.0043175222,0.0017841469,-0.0011074913,-0.0088405155
"95",0.00010101837,0.00017395306,3.1133687e-05,-1.6078603e-05,2.0466013e-05,-0.0020750244,0.00016420426,0.00033325731,-0.00027526661,-0.0013853568,0.0002057743,-0.0006761838,0.00051171452,0.0015956103,5.1381414e-05,-0.00012026232,-0.00016586494,-0.00088757571,-0.0024325811,0.00016535121,-8.5930771e-06,4.7884991e-05,0.00012356975,0.00095861883,-0.00017758247,8.7269759e-05,-4.9105367e-05,0.00024758565,-0.00011090106,-0.00024460354,9.3989332e-06,-0.00049952188,-9.0246444e-05,0.00016133929,-4.4833301e-05,0.0002390592,2.8406894e-05,2.8422281e-06,-0.00017657889,6.3888808e-05,0.00011982443,0.0018275124,0.0051161483,-0.00026135026,-2.6467016e-06,-0.00022688752,-0.00021645878,-0.0013627548,0.00050293698,-0.00013435521,0.00019236009,-0.00032344923,-9.4312403e-05,0.0001085802,0.00024553125,0.00087993685,-0.00044860636,-0.00044671318,3.0381263e-05,-7.7060577e-05,-3.3165081e-05,-1.7148485e-05,0.001138032,0.00028103474,-0.00017295696,1.139092e-05,-0.0012557371,-0.0037922492,0.00018306001,9.1673651e-06,6.9089013e-05,-7.4547905e-07,0.0021368906,-9.8164151e-05,2.7954935e-06,-0.00016160648,0.00057969014,4.7412719e-05,-0.00030587469,-5.1325757e-05,-0.0010167618,0.0003047194,-0.00033780568,-0.00020434194,0.00033073052,-2.7455023e-05,-9.7993063e-06,-0.015844682,0.0065295431,-0.02881172,-0.0076593709,-0.00092406596,-0.0044691941,0.0020767142,0.018783377,-0.00038322794,0.00016927167,-0.0026079406,0.0028681032,-0.0050387421,-0.0039107533,-0.0014422376,0.00050607466,0.0012595013,0.013257751,-0.00071419428,-0.0062574083,0.0050714855,0.00099226306,0.0051028631,0.0022930441,-0.0012320423,0.0040595647,-0.00023140579,5.9346909e-05,-0.00012216585,0.00016832083,-0.00050868315,0.0022364597,0.011481267
"96",-0.00096277267,3.0055782e-05,3.3705325e-05,-0.00028558247,-0.00032376201,6.7400363e-05,-2.4914896e-06,8.3224134e-05,-3.941533e-05,-0.00023190125,0.00085786895,-0.0020578818,0.0020374209,-0.011348356,1.6389172e-05,-0.00010405263,0.0001117209,0.00018643401,0.00023515978,-0.00048783734,6.9983777e-05,-0.0002104312,-0.0003321663,0.00036689471,0.0001554155,1.0591969e-08,-2.2811519e-06,-0.00011126038,0.00012940759,0.00023524314,-0.00013046544,0.00018162844,7.1111873e-05,-0.00014770872,-1.4474353e-05,5.3304407e-05,4.607448e-05,-6.1488423e-07,-0.00012990336,0.00016771911,-0.00024698077,-0.00040494611,-0.00036091534,0.0010959711,-0.00016481204,0.00070030769,0.00036421636,-0.00061336872,-0.00039093277,-7.5283072e-07,2.4805986e-05,0.00017751866,-0.00032270374,-0.00036318227,0.00039003925,-0.00021710751,-1.6907803e-05,0.00017446384,0.00016284987,-9.395347e-05,-8.2586774e-05,1.9895796e-07,0.0020357345,0.0002610156,-0.00039964105,-3.2681164e-05,0.00027448388,0.00052711219,-0.00078743347,0.00011071967,0.00019500954,-0.0005453481,0.00062421863,0.0004680898,-1.0090631e-05,-0.00010728391,-0.00013254841,9.518901e-05,-0.00023704668,-0.00036528949,-0.00021738141,0.00014197908,-0.00068875386,-0.00033178089,0.00011315704,-4.81072e-05,-7.7510728e-06,-0.0087273015,0.018380911,-0.0051653923,-0.0026958207,0.0015643169,-0.00114152,-0.002878552,-0.00038322794,0.0037017219,-0.00041296817,-0.0012424356,0.0016128532,-0.0008252787,-0.0034730747,-0.00042588841,0.00097400231,0.0017116928,0.0013000705,0.0019417585,-0.0012556898,0.0037531339,0.00018979198,0.0046343444,0.0025485567,-0.003065363,0.0019676353,-5.8883847e-05,0.00081692369,-0.0013945963,0.0024029824,-0.00090934191,0.00024092417,0.003293304
"97",6.6652591e-05,4.6074713e-06,-7.671557e-06,3.1966916e-05,3.8014325e-05,-7.855775e-05,-2.9664663e-06,-4.8488617e-06,-1.9300783e-05,-3.3903617e-05,-5.1865491e-05,0.00016496468,-0.00012262337,0.00087306688,-1.4635749e-05,1.9910804e-05,-2.9934712e-05,3.3116262e-06,1.5770757e-06,6.3563659e-05,-2.648562e-05,4.3067393e-06,5.7911451e-06,-9.3535703e-05,6.0425655e-05,8.9649192e-06,4.3063461e-06,1.6557111e-05,2.0852493e-06,-1.1802648e-05,1.4683556e-05,-8.6398212e-06,-3.0177151e-06,-8.6441097e-07,7.8052281e-06,2.1020566e-05,-4.1560327e-06,-2.0357015e-06,3.7063193e-05,-4.1785883e-05,5.6357194e-05,-8.1402967e-06,-3.3648735e-05,-0.00013989828,5.6396997e-05,-6.1002771e-05,-1.493365e-05,0.00023630389,-8.504389e-05,-1.7716293e-05,-7.5902505e-06,-2.441404e-05,-9.2546885e-06,9.0181094e-06,-7.2731337e-05,3.937641e-07,-1.3942852e-05,7.7325318e-06,-5.9852806e-05,-1.7612511e-05,-3.3569654e-07,4.3511387e-06,-8.1080324e-05,-3.655229e-05,3.4424632e-05,-1.6932175e-05,2.0729308e-05,6.8924278e-06,0.00011013574,-4.536484e-05,-1.5239183e-05,-1.4756602e-05,-2.9028744e-05,8.9332277e-05,1.2093304e-05,8.9055726e-06,2.778629e-05,2.064197e-05,1.8060879e-05,3.1027401e-05,-3.453166e-06,-6.951e-06,1.5776915e-05,7.6757227e-06,3.4808699e-05,1.2830014e-05,-3.8473012e-06,-3.7514357e-05,-0.00092082573,-0.00081760553,-6.444474e-05,-0.00018755865,-4.7067499e-05,3.8593298e-06,0.00016927167,-0.00041296817,0.00015421888,1.8915269e-05,0.00016801882,0.00016210599,-0.0002610424,-5.6070357e-05,-7.2567542e-05,-6.4571392e-05,0.00035564964,-0.00022603808,-0.00020487203,-0.00012405285,2.3747976e-05,-5.6775274e-05,-9.668227e-05,5.0010904e-05,1.2726461e-05,2.1013641e-06,-5.1998273e-05,9.5237846e-05,-0.00017985641,2.6967519e-05,7.3712607e-05,0.00024447579
"98",0.0028160351,-1.707353e-05,5.5778496e-05,0.00055571148,0.00067575449,0.00040308324,3.6551568e-05,-0.00010301984,0.00032394064,0.00088656462,0.0013826202,-0.0038574473,0.0019857286,0.0032224828,1.2408922e-05,2.8998526e-06,-0.00051586449,0.00025275535,-0.00019205683,-0.00013352107,-9.9622382e-06,-0.0027190216,-0.00042425893,-0.0006378857,0.00033215185,-2.9100692e-05,0.00014451802,0.0003605662,-8.0658685e-05,-0.00058501291,-5.5642293e-05,-0.00031214643,4.6779591e-07,0.00012945855,-0.00045142576,-4.7925637e-05,1.4793921e-05,2.7409844e-05,0.00015190773,0.00038658541,0.0013063627,-0.0002630155,0.0005493141,0.00056402035,-9.8043786e-07,0.0058243742,0.0014777916,0.00064040661,-0.00088245284,0.00012486446,-0.00039847773,-0.00063401512,0.00030660167,0.00059520986,-0.00021070418,0.00054049233,-4.872849e-07,-0.00050387492,0.00098568016,0.0001279583,4.3745037e-05,2.361654e-06,-0.006183019,-0.0010498461,0.00051086128,-0.00051737115,-6.913873e-05,-0.00089728084,-0.00022105056,-3.5032691e-07,-0.0054919019,-9.5354079e-05,-0.0010021534,-0.00010089714,-7.7844893e-05,0.00044787103,0.00013745248,-0.00063160588,0.00060851262,0.00024017545,0.0011355435,-0.00036710415,0.0015598254,0.00053297528,-0.0004123718,6.6705548e-05,2.4945113e-05,0.027897012,-0.044690094,0.021244728,0.0097194727,-0.0019329479,0.0058731554,0.0050790882,-0.0026079406,-0.0012424356,1.8915269e-05,0.020296414,-0.00069994531,-0.00012619435,0.0052702963,0.0015503699,-0.0029023575,-0.0046728545,-0.0072757821,-0.0047061397,0.0067899773,-0.010716192,-0.0011511872,-0.012867581,-0.0050078553,0.0074222419,-0.0058289408,0.00025138757,-0.0022936902,0.0037012219,-0.0060043443,0.0023638546,-0.0013347202,-0.010960587
"99",-0.00070349642,0.00022497403,8.8970987e-05,-2.3283535e-05,-0.00017564027,-0.0010484254,-3.0679253e-06,9.6745509e-05,5.5443686e-05,-0.001036104,0.0011772903,-0.0021656109,0.0020797966,-0.0054899968,3.0704582e-06,-6.9407415e-05,0.0003221279,6.2373574e-05,0.00031997384,-0.00031602133,8.8405003e-06,-0.00056999411,-0.005572109,-0.00023717799,-6.5298404e-06,6.8582028e-05,4.6699244e-05,-0.00065922074,0.00045313724,0.00048190442,-0.0002450742,-2.6878858e-05,-0.00020542532,-0.00010834136,0.00028053641,-0.00017207462,5.1551332e-05,2.0830416e-05,0.00013333905,-7.4931784e-05,-0.00089396962,-0.0002629567,-0.00031539793,0.00058015397,-2.2516403e-05,0.0010524975,0.011707225,0.00053354429,-4.8718213e-05,-9.3289081e-05,1.438094e-06,0.0013456009,-0.00065927233,-0.00066180954,0.00023104752,1.8819515e-05,1.4607138e-05,-2.9066061e-05,-0.0005792138,0.00032886484,-4.8752202e-06,-3.4818861e-05,0.0028739985,0.00046202118,-0.00052521228,0.0004812315,0.00032127351,0.00064561929,-0.00035904679,-1.2457652e-05,-0.0003869019,-0.0076967485,0.00022680768,0.00027090765,-1.7130273e-05,1.730088e-05,-0.00077677539,0.0004333951,-0.00034096692,-0.00041192628,-0.00079234557,-0.00021238315,-0.0004803819,-0.0002292895,0.00022035178,-8.7673317e-05,9.5419976e-06,-0.017942974,0.013982606,-0.021128666,-0.0066297657,0.00081170195,-0.0056682476,-0.0035122622,0.0028681032,0.0016128532,0.00016801882,-0.00069994531,0.026798197,0.00051583443,-0.0043682736,-0.0010171981,0.00037615981,0.0054249321,0.0075712114,-0.00030165492,-0.0041635301,0.0052885981,0.0020256315,0.0061529221,0.0020055432,-0.0026279112,0.0037109198,-0.00026441925,0.00072753645,-0.00094678049,0.00083202652,-0.00079027317,0.0014938517,0.0095330443
"100",0.00014345993,0.0001151287,-5.1209223e-05,-0.00040958766,-0.00037761644,0.00035069834,-9.9661199e-05,0.00025661403,-0.0008375309,-0.00017210182,0.00086147802,-0.00039053293,-0.0018742276,0.0037302067,-0.00014856799,-0.00024995955,-0.00051565325,6.9311228e-05,0.00067673828,0.00018288898,-8.6643116e-05,-0.00038885046,-0.00011686954,-0.047994964,-0.00092827003,-0.00022270481,0.0002969884,0.00024245461,-0.00067599427,-0.00056011258,0.00030510454,-0.00072022924,-0.00033678195,0.00037652404,0.00076345382,8.140648e-05,0.00011056274,1.4302873e-05,0.00058540412,0.00048621434,0.0012648448,-0.00048326499,-0.0020560308,-0.00017969769,0.00010421376,-5.8072742e-05,-0.00010830258,0.1240123,0.0023426259,0.00038476938,-0.00084087107,-0.00079588424,0.00045226807,0.00056893683,-0.0005605094,0.0014260558,0.001158498,-0.000634952,-0.0019889704,-0.00051274045,-0.0004313395,-4.0396652e-05,-5.6252436e-05,-6.8743321e-05,-0.0002328649,-1.7774065e-05,0.00013161545,0.0018670472,0.00035320219,-3.3349506e-05,1.3981349e-05,-0.00016429297,-0.076827838,-0.00022685065,-4.7403792e-05,0.00033711479,0.00029749136,-0.00012862084,-0.00052698429,0.0006794039,8.0324574e-05,-0.00014025751,0.00021952114,0.0010487492,0.00047791748,0.00021731015,3.0996647e-06,0.00074208072,0.00047326627,-0.00011672208,0.00052046657,0.0012257821,0.00099130263,-0.00067722264,-0.0050387421,-0.0008252787,0.00016210599,-0.00012619435,0.00051583443,0.22906044,0.0023804894,0.00039518652,-0.00172529,-0.0017270028,0.00069346023,0.0020338141,-0.0023933681,0.0012845104,0.0017572483,-0.0013700275,-0.0046258159,-0.0018748495,-0.00065678774,2.6378844e-06,-9.6683357e-05,0.00018427858,-5.984469e-05,-0.00025324446,-3.8749168e-05,-0.00099703566
"101",0.0016126575,-0.00024397264,-4.1670195e-05,0.00049154688,0.00042599225,0.0011698502,-2.4197e-05,-0.00014814695,8.0248003e-05,0.00066672669,0.00028289871,-0.00067407754,-0.0012253662,0.0094035726,0.00022421995,-0.00034117193,2.0139731e-05,-0.00041701414,-0.00041522343,0.00025446599,3.9063143e-05,0.0003139462,0.00014659831,-0.0018674058,-0.0037551839,-0.00012909471,0.00016081543,7.4811507e-05,-0.00028568881,-0.00015397186,-0.00045653056,-0.00027748986,0.00013625325,0.00031086518,-9.6664467e-05,-0.00023645832,0.00016731944,1.7255181e-05,-0.00043084395,0.00083200658,0.00010828965,0.00069661123,0.00081508903,-0.0005532374,-4.4610298e-05,-0.00055531599,0.00039877463,0.0048981349,0.010628741,5.615042e-05,-0.0004597058,-7.2551112e-05,0.00080003911,0.00063603068,0.0011143581,0.00049145187,-0.00010124434,-0.00041459176,5.4660815e-05,0.00037991019,-0.00058749927,-1.269273e-05,-0.0053338016,-0.00046434793,0.00034823567,0.00018885654,-0.00030281535,-0.0010466228,0.00039222407,9.6621577e-05,-0.00081338137,0.00073505212,-0.0011423496,-0.0067860899,-6.2613775e-05,0.00039570625,0.00012829518,-0.00039443687,0.00090497134,-0.0002094496,0.0011497079,-0.00012295932,0.0016717867,0.0012006698,-0.00071868982,0.00029281517,2.6729992e-05,0.02874572,-0.038723798,0.029884355,0.0091892924,-0.0006030756,0.0049314198,0.0060059953,-0.0039107533,-0.0034730747,-0.0002610424,0.0052702963,-0.0043682736,0.0023804894,0.033125617,0.0018444383,-0.0025535043,-0.0047442907,-0.011086727,-0.0033975332,0.010382511,-0.010407274,-0.0025237936,-0.012612131,-0.0067837991,0.0076125153,-0.0078080137,0.00030089578,-0.0017767994,0.0028269364,-0.0045355533,0.002155039,-0.0020497148,-0.013891433
"102",0.00034476309,-5.5714446e-05,-9.3273361e-06,1.3812915e-05,5.2472882e-05,0.00041259533,-3.6023315e-05,-9.3130832e-05,6.6931046e-05,0.00028523507,0.00050893898,-0.0011601677,0.001028243,-0.0024814501,3.7536495e-05,4.2099812e-05,-7.1192115e-05,4.6517365e-05,-1.8126923e-05,-9.4274624e-06,1.0548168e-05,9.6930661e-06,6.0780106e-05,-0.00039929277,-7.302453e-05,-0.00030736797,6.2282691e-05,5.5660495e-05,-3.8960234e-05,-4.6540662e-05,6.1938991e-05,-2.6612911e-05,9.8724042e-05,7.3713444e-05,-2.8002176e-05,-6.7706795e-06,1.7826018e-05,8.7160736e-06,-5.0081416e-05,-9.6933244e-05,0.00014727562,-5.7058906e-05,4.4497449e-05,4.0007776e-05,-2.3918781e-05,0.00014586827,7.1763498e-05,0.00048453273,-5.0720475e-05,0.00066887801,-0.000114353,-5.7082859e-05,-4.4910982e-05,-4.1382459e-05,-0.00015582768,1.1411256e-05,-0.00014230533,-6.4239894e-05,0.00012119642,4.8251893e-05,-2.4535528e-05,-1.9919707e-05,-0.0010393162,-0.00010065644,0.00015531113,-7.2233998e-05,-5.6570408e-05,-0.0002147948,1.2707724e-05,7.7608111e-06,-0.00026777934,0.00011961716,-0.00027506283,-0.00013715299,-0.00050833374,9.5973882e-05,-2.4293861e-05,-0.00012079406,0.0001719934,2.1667572e-05,0.00018448999,2.4510408e-05,0.00028338608,0.00012594243,-0.00010289582,4.6470027e-06,1.8125623e-05,0.0065713042,-0.0075406415,0.0083534462,0.0024903657,-0.0003377218,0.0017918923,0.0011893321,-0.0014422376,-0.00042588841,-5.6070357e-05,0.0015503699,-0.0010171981,0.00039518652,0.0018444383,0.0021350962,-0.00051613726,-0.0010192512,-0.0033730973,-0.00052609515,0.002131818,-0.0019835378,-0.00079680706,-0.0026237453,-0.0012044219,0.0012711777,-0.0016120093,3.1030103e-05,-0.00024923353,0.00042922934,-0.00079692621,0.00042424312,-0.00061362723,-0.0036727688
"103",-0.00080740744,-1.6336067e-05,-2.323864e-05,-0.0002042859,-0.00032150808,9.5548146e-05,-7.2348796e-06,-2.7331449e-05,-3.1048474e-05,-0.00019097034,-9.8969164e-05,-1.8672842e-05,0.00041172015,-0.0053626856,0.00012935721,3.1885181e-05,0.00015210606,-3.3600432e-05,-6.754024e-06,-3.8746784e-05,1.2592136e-05,0.00015573862,1.5456832e-05,0.0005267733,9.9422242e-05,6.7871057e-05,-0.00026142016,-0.00011287831,9.2919851e-05,0.00024555851,-5.704501e-06,7.364316e-05,-1.744597e-05,-2.4645013e-05,9.9327585e-05,-0.00026907231,2.2819336e-05,1.2437221e-05,-0.00034574347,-9.9929999e-05,-0.00044306663,0.00019222999,0.00014250163,5.3162562e-05,-2.7822947e-05,-0.00032783319,-0.00015446702,-0.0013738031,-0.00037580169,-0.00012926972,0.00063566133,0.00025415132,-0.00015070552,-0.00033274084,0.00012364957,-4.0044218e-06,0.00014428842,0.00014668615,-0.00013050025,0.00057129658,-3.7496747e-05,-3.2686207e-05,0.0017395017,0.00045983307,-9.734264e-05,0.00015481175,-7.9749336e-05,0.00013776381,-5.8323859e-05,9.6654943e-06,0.00066357392,-9.8459398e-05,0.00059098883,0.00029861513,4.5832606e-05,-0.00046634803,-0.00012374251,0.00013130431,-0.0001425696,-0.00015164759,-0.00037925452,1.664575e-05,-0.00048820614,-0.00022784736,-0.00030535838,-4.1797318e-05,1.7056844e-05,-0.0070706971,0.015482851,-0.0035756026,-0.0028621175,0.00070465146,-0.00142039,-0.0012210609,0.00050607466,0.00097400231,-7.2567542e-05,-0.0029023575,0.00037615981,-0.00172529,-0.0025535043,-0.00051613726,0.0021232203,0.0014261209,0.00081011531,0.0016235453,-0.0014616612,0.0035832291,0.00054962857,0.0038906656,0.0018154631,-0.00099158638,0.0015647267,-0.00012765115,0.00069561262,-0.0011930959,0.0020774216,-0.00073499747,0.00015230974,0.0025645188
"104",-0.0012087288,0.00010080252,3.1338354e-05,-0.00010445221,-0.00050897127,-0.00097067921,4.3347765e-05,6.3793387e-05,-4.9038929e-05,-0.00066163634,0.00020618162,-0.0002690922,0.0010227571,-0.0063217965,0.00014681055,-3.7939986e-05,0.00027794671,0.00034255406,0.00066169946,-9.2180745e-05,2.6950192e-05,0.00011342283,-0.00058659312,0.00024104304,-0.00015741597,3.5781264e-05,-6.57565e-05,-0.0020298601,0.00015824623,0.00033137357,-0.00055999207,0.00019389489,1.7468382e-05,0.00011332421,0.000432096,0.00040791511,2.9858804e-05,8.2311024e-05,-0.00032181339,1.3477889e-06,-0.00073649552,-0.00053977733,-0.00084299768,0.00014620693,-4.7364894e-05,-0.00040241057,0.0009455184,-0.00094946712,0.00025352617,-5.3748898e-05,0.00022360357,0.0038877395,-0.00027874039,-0.0007349472,0.0010766237,-0.00035370754,-0.00022648494,-0.00026213339,-0.00082566775,-0.0008203783,-5.3785605e-05,-0.00013526915,0.0032471057,0.00062818964,-0.00026877574,0.00043611146,0.0006199325,0.0011733767,-0.00014993487,3.1612796e-05,0.00075468249,-0.0011345369,0.00080058964,0.00029327428,-6.3770147e-05,-0.00024462012,-0.0028623743,0.00022164597,-0.00036545116,-0.00094920776,-0.00077208889,-1.6497502e-05,-0.0008577,0.00021801655,0.00088924901,-2.8717127e-06,9.92933e-05,-0.018558508,0.02434485,-0.020702956,-0.0073403796,0.00050962593,-0.0048051368,-0.0049530477,0.0012595013,0.0017116928,-6.4571392e-05,-0.0046728545,0.0054249321,-0.0017270028,-0.0047442907,-0.0010192512,0.0014261209,0.012514097,0.0081616465,0.0012285396,-0.0031666223,0.0065408461,0.001516337,0.0073127183,0.0017010521,-0.006314612,0.0042792457,-0.00059087452,0.0010644456,-0.0017786775,0.0029866296,-0.0013385728,0.0014262757,0.009498257
"105",-0.0010885355,5.1731135e-05,9.7321342e-05,8.6864855e-05,-0.00023022464,-0.0043883918,0.00010137386,0.00050746056,-0.00031940968,-0.0028511143,0.0007760692,-0.00062180295,0.0021476713,-0.0001256789,-0.00021267523,-6.5651831e-06,-6.4435839e-06,-2.3557839e-06,0.00022811176,5.1848735e-05,-1.250006e-05,7.0172561e-06,7.0454288e-05,-0.0003763939,-0.00019125095,0.00011092171,8.6942683e-05,-0.00053131198,-0.0017774721,-0.00096123271,-0.00025736866,-0.00033831677,-0.00041051072,0.00011742727,0.00018085887,0.00066429083,5.4799808e-05,-1.0723065e-05,0.00035553139,3.8367919e-05,-0.00015369553,0.00031144915,-0.00060945652,-0.00022380566,3.8563765e-05,-0.0008427186,-0.00059746371,0.0013082694,0.00058361297,-0.00020458211,-0.00010451207,0.00050753075,0.0039360684,0.0017703379,3.2995762e-05,0.00045404255,-0.00043920786,-0.00026100878,-0.00071709229,-0.00075838853,-0.00022642515,2.8018742e-05,0.0053107376,0.00058830208,-0.00029172622,0.00019258358,0.00036420789,0.00094892151,-0.00019908502,2.4028806e-05,0.0006881174,-0.00065600953,0.00073343104,0.00051974412,7.4136519e-05,-0.00024852588,-0.00038638317,-0.0030850711,-0.0025990062,-0.00040792071,-0.001689187,-0.00021801198,-0.0017818928,-0.00074731471,0.0011806351,0.00015334808,-2.4008593e-05,-0.042538803,0.024080415,-0.067651135,-0.017448312,-0.0019499458,-0.011514422,-0.0060606473,0.013257751,0.0013000705,0.00035564964,-0.0072757821,0.0075712114,0.00069346023,-0.011086727,-0.0033730973,0.00081011531,0.0081616465,0.041716941,0.0046280961,-0.015188282,0.011135246,0.0050592758,0.01484851,0.0063480229,-0.0067504418,0.0097127027,-0.00059119916,0.0010889128,-0.0014137108,0.0021245985,-0.0018078381,0.0052842894,0.026828668
"106",-0.0018004776,5.1114563e-06,-0.00012601401,-0.00056676958,-0.0010004347,0.00075157975,-2.1803429e-05,-0.0002048586,7.1715367e-06,0.00020754934,0.00040330151,-4.2411982e-05,0.001616553,-0.01513184,-7.9973445e-05,-1.8749943e-06,7.168523e-05,-1.8390096e-05,-0.00018328815,-1.8733783e-05,1.6357e-05,-0.00019819718,0.00041327299,-6.679317e-05,-2.751557e-05,3.5918376e-05,0.00010269161,9.4688151e-05,-0.00093287527,-0.0015470989,0.00014599021,-2.1163954e-05,4.4298279e-05,-6.4253188e-05,0.00029870159,0.00029239923,9.7582979e-06,-1.8652663e-05,-2.0399005e-05,-6.606461e-05,-0.00053503515,0.00013741371,5.3942814e-05,-2.1907606e-05,-7.5772588e-05,4.4402079e-05,-0.00099725751,-0.00039366206,0.00021696163,-0.00014693058,-9.7811478e-05,-0.00026654643,0.0018155134,0.0034285017,-0.00025965633,3.5996995e-06,-8.0766435e-05,-0.0003120988,-0.00034466886,-0.00047578493,-1.8231072e-05,1.0559557e-05,0.0045875193,0.00061015341,-0.00021632926,0.00018251531,7.8101961e-05,0.00048529575,-4.9473272e-05,1.7486174e-05,0.00097997176,-0.00056804576,-3.1142171e-05,0.00039353829,1.5084146e-05,-9.4244447e-05,3.281358e-05,-0.0014121746,-0.003303013,-0.00050656104,-0.0011033499,9.5246418e-05,-0.0012022192,-0.0007005563,0.00089470413,-8.4950668e-05,-3.6397503e-05,-0.01493471,0.036676276,-0.0019626524,-0.0035129473,0.0019985973,-0.00143473,-0.0033920461,-0.00071419428,0.0019417585,-0.00022603808,-0.0047061397,-0.00030165492,0.0020338141,-0.0033975332,-0.00052609515,0.0016235453,0.0012285396,0.0046280961,0.014245577,-0.0022984696,0.0087325703,-3.2080222e-05,0.0079089767,0.0045071464,-0.0076730237,0.0031420273,-4.0052348e-06,0.001833188,-0.0029929296,0.0051841677,-0.0017054318,-0.00016326435,0.0034194102
"107",0.0010445055,-5.7303097e-05,5.8047756e-05,0.00039637199,0.00069488527,0.0019406187,-4.2010403e-05,-0.00022358246,0.00053232033,0.0013814118,0.0026026144,-0.0060153759,0.0040354843,-0.0099179906,0.00019630826,-9.1651717e-05,3.0345707e-05,1.4332862e-05,-0.00014256371,-7.106123e-05,1.0764812e-05,-0.00017351235,-0.00017229415,-0.00026907756,-0.00053476533,-2.3535644e-05,2.5667486e-05,-0.0001508915,-0.00024200124,-7.6372286e-05,-0.0025214916,-7.0723105e-05,6.2862978e-05,-0.00016173598,-0.00047944911,-7.7953641e-05,-9.3978068e-06,3.7531263e-05,-0.00053092736,0.00030470928,0.0003364927,0.00020444157,0.00070696943,0.00020115855,-4.4581946e-05,0.00050925422,0.00056056105,0.00013265752,0.0013910756,-1.3021871e-05,-3.3171545e-05,0.00052202566,0.00030130196,-7.7412944e-05,0.0056005381,5.5584341e-05,0.00034496083,0.00049033977,0.001165438,0.00029559538,7.0436279e-05,-7.5521388e-05,-0.0036826482,-0.00010415003,0.00037810211,-0.00023323158,7.7756725e-05,-0.00066196099,-7.1750575e-05,2.4946229e-05,-0.0013144104,0.00047439681,-5.7109228e-05,-0.0011726224,-0.00012399329,0.00021675635,-0.00046060272,-0.00027261286,0.00056922776,-0.0041389751,0.00088231325,-0.00024366656,0.00096282389,0.00033202465,-0.00039836353,1.0461992e-05,6.0494164e-05,0.02543273,-0.032606041,0.035195147,0.0094433841,-0.00017796589,0.0068215768,0.0045639666,-0.0062574083,-0.0012556898,-0.00020487203,0.0067899773,-0.0041635301,-0.0023933681,0.010382511,0.002131818,-0.0014616612,-0.0031666223,-0.015188282,-0.0022984696,0.023428835,-0.0087606886,-0.0018544251,-0.010099224,-0.0037931076,0.005534027,-0.0066555113,0.00021809076,-0.001164432,0.002018288,-0.0039257284,0.001832954,-0.0025911866,-0.015301847
"108",-0.0033900959,0.00011793744,1.1901295e-05,-0.00065356144,-0.0015471225,-0.00057529526,0.00021724322,9.9487793e-05,-0.00026368843,-0.0010092167,1.2694841e-05,0.00052091128,0.0014889293,-0.020252954,-0.0001869343,0.00013532517,9.4585059e-05,9.5044133e-05,-9.2286496e-05,-3.4099817e-05,3.0470711e-05,-9.6301479e-05,-0.00013793587,0.00024162147,-0.00015521639,4.1764823e-05,-3.7856508e-06,-0.00024464301,0.00011407672,0.00037955192,-0.00014754396,-0.0017332477,-0.00066508181,0.00052125314,0.00045346089,0.00026988287,6.5548532e-05,-8.361907e-06,0.00012030645,-0.00056941021,-0.00058051978,1.3841228e-05,0.0001425334,2.7890501e-05,-0.00010187125,0.00033243553,-0.0007658777,0.00052257092,0.00051800648,-0.0001275899,0.00010511235,0.00020737108,-0.00060680734,-0.00077088484,0.00064295565,0.0037584879,0.0011994127,-0.00098100806,-0.0005794048,-0.00029442361,-0.00014576749,-1.1459674e-05,0.0090977873,0.0010746296,-0.00068907806,0.00021303184,9.1667589e-05,0.00067112117,-1.5297129e-05,-2.567176e-07,0.0020658934,-0.0013892298,0.001382893,0.00080812069,-4.5073844e-05,-0.0004069669,-0.00028215456,0.0003262377,-0.0014738317,-0.00099132821,-0.0050140532,-0.00066635446,-0.0020490798,-0.0010732955,0.0013493964,-0.00021893963,-5.9985309e-06,-0.041366257,0.071407711,-0.030668149,-0.012799813,0.0027623872,-0.0065576968,-0.0083266523,0.0050714855,0.0037531339,-0.00012405285,-0.010716192,0.0052885981,0.0012845104,-0.010407274,-0.0019835378,0.0035832291,0.0065408461,0.011135246,0.0087325703,-0.0087606886,0.027237996,0.0052567929,0.017066959,0.0091499409,-0.01383028,0.0092202881,-0.00040742916,0.0032236256,-0.0054356055,0.0090858047,-0.0036126964,0.001771688,0.01688767
"109",-0.00037890527,4.3881345e-05,3.4498959e-05,0.00010109035,-4.3144897e-05,-0.00064348809,7.3468062e-05,0.00023316437,1.7845139e-05,8.1994938e-05,-1.7755829e-05,-0.00015074458,0.00048730062,-0.0010596664,4.4382186e-05,-3.5397636e-06,0.00013127034,5.3062166e-05,0.00013768853,4.6753235e-05,1.5563026e-05,-7.9028331e-05,-0.00013819036,1.8579594e-05,-4.5977448e-05,7.7188082e-05,-7.1232866e-05,-0.00012872139,3.1901039e-05,4.1327647e-06,-9.6243665e-05,-0.00062554252,-0.0019787852,-6.6228395e-05,0.00010270995,0.00025078093,-4.7082363e-05,1.311593e-05,-0.0001383665,-0.00013236733,-0.00023705286,-0.00013027609,-0.00031160553,8.5760264e-07,-2.016914e-05,-0.00011382658,3.1687099e-05,0.00094618237,-0.000330597,-0.00017521707,0.00018875155,9.7515194e-05,-0.00012938897,-0.00018753656,0.00032644119,0.0012739693,0.0043098797,8.6084381e-05,-0.00053272271,-0.00039944315,0.00018726981,-2.4939562e-05,0.0013567397,0.00026513495,4.8078856e-06,2.3402295e-05,0.00019231602,0.00066494641,2.9736404e-05,5.9369842e-06,-2.9574475e-05,-0.00033650364,9.9624085e-05,2.0373289e-05,3.5624897e-05,-0.00011167612,-6.0751321e-05,0.00018178961,-0.00018708402,-0.00031509669,-0.0012307494,-0.0035263822,-0.0005758688,-0.00012621385,0.00037698394,-2.7625915e-06,2.8645521e-05,-0.00915464,0.006073096,-0.012351006,-0.0036440823,-0.00031650947,-0.0022454371,-0.001525769,0.00099226306,0.00018979198,2.3747976e-05,-0.0011511872,0.0020256315,0.0017572483,-0.0025237936,-0.00079680706,0.00054962857,0.001516337,0.0050592758,-3.2080222e-05,-0.0018544251,0.0052567929,0.012750263,0.0034731402,0.00093802535,-0.0018928235,0.0021899148,-0.00019099038,0.00031167806,-0.00042104119,0.00064759623,-0.00040474499,0.00089866433,0.004823904
"110",-0.004053751,0.00012115478,0.00012384206,-0.00056180466,-0.001241642,-0.0010400429,-5.7296848e-05,0.00010010839,-2.9675436e-06,-0.0014608584,0.00025249955,0.00033192228,0.0018792973,-0.019974064,-9.8420683e-05,-8.1959509e-05,0.00064942215,7.3170706e-05,0.00051707966,-0.00031618021,3.2740352e-05,6.7007793e-05,-0.00034378709,0.0012296705,0.00024644043,0.0001324129,-5.4407187e-05,-0.0004152574,0.00020743274,0.00062133392,-0.00027064741,0.00062582976,-0.00029074823,-0.0034226932,-5.6487429e-05,0.00032539606,0.00011943552,-3.0496465e-05,-0.00028779029,-6.2105432e-05,-0.0019578801,-0.00016600635,-0.0010041478,0.00045613698,-0.00010543004,-0.00042275299,-0.00038962898,-0.0021526811,-0.00024843545,-0.00015598159,0.00025671384,0.00052806248,-0.00087617937,-0.0011971604,0.0010735296,-0.00069000582,0.00018881178,0.0059365186,0.00028633864,-0.00037523123,-0.0003435539,7.6819409e-06,0.0097275085,0.0012812949,-0.0010272319,0.00063925113,0.00014407194,0.001444845,-0.00035866013,9.5558578e-06,0.0023685182,-0.00094620917,0.0015997269,0.0010323006,7.302406e-05,-0.00047218057,-0.0002255896,0.00051791242,-0.0013518532,-0.0011342149,-0.0016613179,1.4269671e-05,-0.0077009072,-0.0020551979,0.0011987685,-2.8118086e-05,-4.9924706e-05,-0.04740587,0.072599991,-0.039735005,-0.015800221,0.0041330226,-0.0099398996,-0.0090013123,0.0051028631,0.0046343444,-5.6775274e-05,-0.012867581,0.0061529221,-0.0013700275,-0.012612131,-0.0026237453,0.0038906656,0.0073127183,0.01484851,0.0079089767,-0.010099224,0.017066959,0.0034731402,0.03641839,0.012803717,-0.013350107,0.009784397,-0.00039962302,0.0036797754,-0.0058405584,0.0093939576,-0.0037525393,0.0025237759,0.020327308
"111",-0.0020183418,5.1631574e-06,2.4383084e-05,-0.00048127844,-0.00087609365,-0.00044843161,7.9114769e-05,6.149728e-05,-1.6129244e-06,-0.00061209843,0.00054930095,-0.0010112976,0.0015972899,-0.012954854,-0.000170127,-0.0001187321,0.00019997287,2.4823549e-05,0.00012458035,-0.00018661181,2.5890435e-05,2.5420741e-05,9.7579251e-05,0.0011417753,0.00014873156,7.7569004e-05,7.2474649e-07,7.8552809e-05,0.00013227947,0.00031700031,-0.0003153992,0.00011999357,-2.0456571e-05,-0.00058891129,-0.0014530312,0.00010562862,0.00020054992,-3.1067575e-05,0.00021568095,0.0001515526,-0.00089849274,9.1895508e-05,-0.0001587381,0.00033306467,-9.1259883e-05,0.00020843358,-0.00061464133,-0.0028571446,-0.00032998507,-6.4542513e-05,1.9195041e-05,-0.00027204932,-0.00035148323,-0.00046921659,0.0010411897,-8.4963869e-05,-0.00048889982,0.0010104583,0.0034283621,-0.00037470846,-0.00023076713,5.6440318e-05,0.004747879,0.00041191923,-0.00047090905,0.00018689528,-8.2623769e-05,0.00058114856,-0.00021433009,5.4081683e-06,0.00091079046,-0.00055652103,0.0016958673,0.00085332547,8.6010003e-06,-0.0002055406,0.00052050099,0.00023176671,-0.00082348047,-0.00056191903,-0.0010218037,0.00010096764,-0.0021552201,-0.0036258118,0.00055077236,-8.2791229e-08,-4.56054e-05,-0.022174501,0.03636762,-0.017315485,-0.0064858432,0.0019458991,-0.0044001928,-0.0039362376,0.0022930441,0.0025485567,-9.668227e-05,-0.0050078553,0.0020055432,-0.0046258159,-0.0067837991,-0.0012044219,0.0018154631,0.0017010521,0.0063480229,0.0045071464,-0.0037931076,0.0091499409,0.00093802535,0.012803717,0.014803879,-0.0068902012,0.0046269102,-7.886379e-05,0.0017892317,-0.0029150669,0.0049993051,-0.001774262,0.0010642826,0.0092765642
"112",0.0027958536,-9.1784861e-05,6.2628922e-05,0.00060331558,0.0012803853,0.00013637404,6.697282e-05,-5.7116849e-05,0.00022173788,0.00038575964,0.0021376152,-0.0052176367,0.0024961986,0.0047378179,0.00019375988,-0.000352108,-0.0010039736,-0.00018121496,-0.000153172,0.00012850108,-7.6653745e-07,7.8907038e-06,-0.00019787904,-0.00034652146,-0.00016746926,-1.9795353e-05,-0.0002569926,0.0005352085,5.520464e-06,-9.4597051e-05,9.9502483e-05,-1.4709564e-05,0.00022527023,0.00025906924,-0.00033957419,-0.0028430459,-4.9287302e-05,-4.8555915e-06,-0.00023979856,0.00084459806,0.0024380565,0.00034886089,0.00063875701,-0.0002015531,6.1394324e-05,8.2825943e-05,0.0012017246,0.00064410066,-6.1597091e-05,6.8019764e-05,0.00053139497,-0.0011145733,0.00024136258,0.00016320708,-0.00033836551,0.00011480173,-0.00025986873,-6.7801874e-05,0.00031939579,0.0056401959,0.00010449466,1.5738581e-05,-0.0063831868,-0.00054338805,5.6871177e-05,-0.0016606678,-0.00032605391,-0.00081392029,5.8765369e-06,3.556231e-05,-0.00135196,0.00083638542,-0.00033643518,-0.00071579149,4.2319881e-05,-0.0002003074,0.00070816905,-0.0002059091,0.0012447416,0.00078679793,0.0016866885,8.4213047e-05,0.0017744801,0.00075895246,-0.0048487846,0.00011495532,3.9654717e-06,0.027923517,-0.054626555,0.018617677,0.0076644985,-0.0008399323,0.0089439322,0.0072791832,-0.0012320423,-0.003065363,5.0010904e-05,0.0074222419,-0.0026279112,-0.0018748495,0.0076125153,0.0012711777,-0.00099158638,-0.006314612,-0.0067504418,-0.0076730237,0.005534027,-0.01383028,-0.0018928235,-0.013350107,-0.0068902012,0.023381512,-0.0066358634,0.00027789326,-0.0024956911,0.0042073354,-0.0073144716,0.0027456954,-0.0010280294,-0.010924474
"113",-0.001566515,2.4789439e-05,3.541417e-05,-0.00039706047,-0.00061763934,-0.0011140196,4.2731125e-05,9.5221444e-05,-8.5207527e-05,-0.0010322483,-0.00028408371,0.00057992432,0.0004691552,-0.0063701269,-6.7892358e-05,-9.1582532e-05,0.00011407319,4.3630753e-06,0.00028532312,-2.3236849e-05,8.6784201e-06,8.7629286e-05,8.1046435e-06,0.0005483152,0.00012213449,6.8546403e-05,-9.0339718e-07,-0.00027355669,0.00029164157,0.00023381266,-0.00012901777,6.4791978e-05,-0.00014497307,7.6386406e-05,0.00040767827,0.00014085343,-0.00030108203,-1.0635631e-05,0.00010556011,-3.4604857e-05,-0.00044212592,7.2480734e-05,-0.00046057712,5.9168668e-05,-4.4076019e-05,-0.00018226709,-0.00044264908,-0.0012648275,-0.00043734085,-0.00010000653,6.2594072e-05,0.00038992514,-0.00080084385,-0.00036733693,0.0004142844,8.673951e-05,0.00013795582,-0.00032951101,-0.0005640094,-0.00021684507,0.0011312946,1.0095682e-05,0.004527871,0.00052750375,-0.0004329715,0.00019145165,3.2599916e-05,0.00067053121,-0.00011210638,1.1648511e-05,0.0010439336,-0.00067601787,0.00077898568,0.00065897684,1.4906123e-05,-0.00019858378,-0.00010919212,0.00053815681,-0.0006602234,-0.00045072317,-0.0010837571,0.0001086928,-0.0011126517,-0.00044233658,0.00060356898,-0.00095041753,-1.8186408e-05,-0.024557097,0.033822334,-0.026238891,-0.0086263711,0.0011154038,-0.0053778512,-0.004338574,0.0040595647,0.0019676353,1.2726461e-05,-0.0058289408,0.0037109198,-0.00065678774,-0.0078080137,-0.0016120093,0.0015647267,0.0042792457,0.0097127027,0.0031420273,-0.0066555113,0.0092202881,0.0021899148,0.009784397,0.0046269102,-0.0066358634,0.0088050039,-0.00025090865,0.0014276374,-0.0024125402,0.0040877878,-0.0018681249,0.0018109168,0.012245104
"114",3.1532542e-05,1.9310863e-06,9.4732835e-07,3.7796811e-06,1.0194131e-05,8.8707976e-05,-1.2844708e-05,-1.339581e-05,-1.3465493e-05,4.4235762e-05,7.1805889e-06,-2.5027397e-05,7.9782296e-06,1.6809836e-05,-1.937423e-05,-6.3072904e-06,3.5942029e-06,-1.3241678e-06,-5.0271645e-06,6.3450993e-06,-2.5765605e-06,1.6393738e-05,2.8489017e-05,1.6999953e-05,-2.275867e-08,3.044591e-06,2.0665205e-05,0.00010038701,-8.8305588e-06,-7.7883277e-06,3.7819141e-05,1.0048317e-05,1.2050953e-05,-1.9209452e-05,-2.5629248e-05,-1.8594258e-05,-1.796691e-06,-2.3505004e-05,4.1032719e-05,1.6842289e-05,-4.598178e-06,-8.7734389e-06,-1.0022704e-05,-9.9386688e-06,5.0140583e-06,2.7184104e-05,-2.8397314e-05,-3.9570119e-05,1.4083501e-05,-6.8386176e-06,-4.0067061e-05,-0.00015974293,1.0901164e-05,1.6072633e-05,-6.8744081e-05,-4.4880684e-05,-1.5037796e-05,-1.6531287e-05,4.8646384e-05,4.2349523e-05,2.4143522e-09,3.7957546e-05,-0.00013499774,-4.5252894e-05,7.8446547e-06,-7.2997463e-07,-5.776976e-06,-2.6814167e-05,4.6110155e-06,-3.7583291e-06,-3.6650613e-05,4.5084319e-05,-1.863791e-05,-1.5271849e-05,1.3015207e-05,3.2498928e-05,0.00011960677,-1.5208282e-05,4.0928458e-06,5.2841313e-05,7.0894627e-05,3.4005505e-05,3.3728812e-05,-7.4827317e-06,-4.3403301e-05,4.2473103e-06,-2.7767889e-05,0.00099330601,-0.0010507281,0.0014203325,0.00050078019,3.6684564e-05,0.00023090651,0.00018325784,-0.00023140579,-5.8883847e-05,2.1013641e-06,0.00025138757,-0.00026441925,2.6378844e-06,0.00030089578,3.1030103e-05,-0.00012765115,-0.00059087452,-0.00059119916,-4.0052348e-06,0.00021809076,-0.00040742916,-0.00019099038,-0.00039962302,-7.886379e-05,0.00027789326,-0.00025090865,0.00010556933,-3.5070986e-05,6.1797496e-05,-0.00011006982,6.5098684e-05,-0.00010080358,-0.00061704055
"115",-0.0011220292,-2.0453959e-05,3.1039211e-07,-0.00010562216,-0.0002347865,1.4268871e-05,9.6759859e-07,-1.2705174e-05,-2.6006822e-05,-0.00011259734,-0.00028292021,0.00025612291,0.00023555678,-0.0037354822,-2.583414e-05,2.01297e-05,2.0315812e-05,-1.7325877e-06,5.0722016e-06,-2.6119168e-05,1.7749006e-06,3.2456811e-05,-4.9873149e-05,0.0001854014,-3.9737093e-05,2.2260889e-05,2.5837096e-05,-2.2914884e-05,0.00010525217,0.00016066347,-6.8636623e-06,0.00014936873,1.691823e-05,-4.3294314e-05,0.00012206685,0.000111048,1.8898193e-05,-6.1303787e-06,-2.4835556e-05,-1.0097877e-05,-0.00020955073,-1.6792293e-05,-0.00011922859,6.4996894e-05,-2.1011825e-05,-5.2179997e-06,-0.00013559914,-0.00027896435,-5.0269249e-06,-1.2424406e-05,1.8461701e-05,9.3478978e-05,-0.0001630709,-0.00019333566,0.00010768,-9.4083972e-05,1.7397171e-05,6.2793232e-05,-0.00017439398,-6.9973512e-05,-6.4010813e-05,8.4427494e-06,0.0018777295,0.00025079544,-0.00020195239,0.00010782241,3.4932676e-05,0.00030215305,-5.3454167e-05,5.9225949e-06,0.00049207535,-0.0002553886,0.00021281665,0.00018763372,-8.4067681e-06,-7.9976462e-05,-4.884627e-05,0.00010175093,-0.00029147878,-0.00021135233,-0.00037891785,2.3162871e-05,-0.0005727621,-0.00026245381,0.00019960851,-2.6576216e-05,-1.027016e-05,-0.0077895035,0.012920527,-0.0038342632,-0.0021594527,0.00092018345,-0.001164006,-0.0014641256,5.9346909e-05,0.00081692369,-5.1998273e-05,-0.0022936902,0.00072753645,-9.6683357e-05,-0.0017767994,-0.00024923353,0.00069561262,0.0010644456,0.0010889128,0.001833188,-0.001164432,0.0032236256,0.00031167806,0.0036797754,0.0017892317,-0.0024956911,0.0014276374,-3.5070986e-05,0.0011474527,-0.0014932135,0.0020726704,-0.00063023017,0.00021629698,0.0022889252
"116",0.0016375353,-4.9555968e-05,-7.8881523e-07,0.00023777217,0.0004916896,-3.8354511e-05,2.596774e-05,3.8359454e-05,5.6586963e-05,0.00025846473,0.00022389237,-0.00058269554,-0.00024829629,0.0065690051,1.2804895e-05,-1.2533962e-05,-8.4770688e-05,-1.1539651e-05,-8.9536912e-05,6.2449937e-05,-1.1220933e-05,-5.925982e-05,7.2866057e-07,-0.00033753135,-7.9206233e-06,-1.1465973e-05,-2.6628939e-06,9.3255405e-05,-0.00013649236,-0.00021935661,-1.4105145e-05,-0.00014617498,1.97647e-06,5.4615208e-05,-0.00018361199,-6.2408265e-05,-4.0478592e-05,9.2496853e-06,7.2252865e-05,4.3935354e-05,0.000383652,7.6933076e-05,0.00025917533,-8.267843e-05,4.286005e-05,2.9076504e-05,0.00036500358,0.000640938,5.7463455e-05,2.6222777e-05,-3.9392861e-05,-0.0001689516,0.00027056124,0.00031944948,-0.00025839979,0.00011922382,-2.6333648e-05,-3.8437935e-05,0.00022782597,6.833567e-05,9.2346168e-05,-9.1734637e-06,-0.0027430695,-0.00038250181,0.00030349869,-0.00015851668,-3.7426448e-05,-0.00040375947,7.1668447e-05,-7.0843228e-06,-0.00075322771,0.00033399844,-0.00039554705,-0.00023312152,7.3835093e-06,0.00011599867,6.4439787e-05,-0.00018127622,0.00038108032,0.00028878185,0.00057554722,-7.7556681e-05,0.00075940014,0.0003638396,-0.00032629374,5.1121287e-05,1.4723643e-05,0.011882548,-0.023148958,0.0058273525,0.0034804053,-0.0015258058,0.0018063435,0.0024736256,-0.00012216585,-0.0013945963,9.5237846e-05,0.0037012219,-0.00094678049,0.00018427858,0.0028269364,0.00042922934,-0.0011930959,-0.0017786775,-0.0014137108,-0.0029929296,0.002018288,-0.0054356055,-0.00042104119,-0.0058405584,-0.0029150669,0.0042073354,-0.0024125402,6.1797496e-05,-0.0014932135,0.0024723524,-0.0038044256,0.0010931117,-0.00028824923,-0.0037526313
"117",-0.0024087171,7.1156967e-05,-0.00012040184,-0.00081740204,-0.0013742948,9.4414048e-05,-4.5238325e-05,-7.7689145e-05,-0.00011032872,-0.00049729723,-0.00040587161,0.0010406775,0.00016334435,-0.011541757,3.1059079e-05,-1.6522507e-05,0.00019859507,3.654957e-05,0.00021990199,-7.3288624e-05,2.5643976e-05,0.00013546158,0.00017829306,0.00063870221,-2.5490483e-06,1.1947904e-05,-1.7307406e-05,-0.00018679289,0.00019696323,0.00036618597,-2.759694e-05,0.0001921416,2.8251311e-05,-2.60997e-05,0.0002196634,3.5983299e-05,4.61753e-05,-1.2276136e-05,-0.00022766966,-1.1102356e-05,-0.00068337539,3.3919747e-05,-0.00044335923,7.3027506e-05,-7.7222984e-05,-0.00012253531,-0.0010593025,-0.001541028,0.00011511569,-5.5635006e-05,6.3931318e-05,0.00025414922,-0.00027243388,-0.0004728847,0.00042999549,-0.00028002682,-0.00012305808,-5.0039232e-05,-0.00026476103,-9.5716376e-05,-0.00016641996,1.461426e-05,0.0040107937,0.00058428973,-0.00046342684,0.00024098749,3.2810696e-05,0.00058408146,-7.6282324e-05,1.0753778e-05,0.0011695759,-0.00039867673,0.00053088095,0.0003249758,-2.1756336e-05,-0.00017176364,-8.6534539e-05,0.00031296032,-0.00051319934,-0.00034401501,-0.00081030832,0.00016128489,-0.0010833924,-0.00060068405,0.000505001,-5.071192e-05,-2.3188443e-05,-0.017685886,0.042337861,-0.0090905102,-0.0056153598,0.0025461486,-0.0029499997,-0.0043175222,0.00016832083,0.0024029824,-0.00017985641,-0.0060043443,0.00083202652,-5.984469e-05,-0.0045355533,-0.00079692621,0.0020774216,0.0029866296,0.0021245985,0.0051841677,-0.0039257284,0.0090858047,0.00064759623,0.0093939576,0.0049993051,-0.0073144716,0.0040877878,-0.00011006982,0.0020726704,-0.0038044256,0.0073173825,-0.0018463756,0.00039817955,0.006392262
"118",0.00070068345,-3.2816929e-05,-2.6527392e-06,0.00011005035,0.00029492342,-4.6898053e-05,1.7680047e-05,3.7421217e-06,3.9759223e-05,0.00018314294,0.00010680159,-0.00026921083,-0.00018538081,0.0039863382,2.5511569e-05,-5.3538543e-06,-5.605451e-05,-4.7523542e-05,-0.00011998726,3.4417297e-05,-4.8973727e-06,-3.5191084e-05,3.4313319e-06,-8.1483225e-05,-1.0571503e-05,-1.3165035e-05,3.9759479e-06,6.3080187e-05,-7.986628e-05,-0.00010992637,1.9745075e-05,-2.0165763e-06,1.2949827e-06,-1.5654282e-05,-0.00011531529,-4.3141435e-05,2.8604406e-06,3.1196095e-06,-6.7176095e-06,4.2175274e-05,0.00020178251,8.1110299e-05,0.00017628634,-4.8731089e-05,2.036329e-05,2.6655856e-05,0.00017146487,1.989496e-05,-1.8736786e-05,8.4095588e-07,-1.0607009e-05,-0.00010486679,0.00022805754,0.00018576576,-0.0001140854,-1.1182159e-05,-7.2476085e-05,6.3052283e-06,0.00014497633,9.5089623e-05,6.7550421e-09,-4.9983698e-06,-0.002049435,-0.00029542571,0.00019612339,-3.6086665e-05,-4.1497971e-05,-0.00030866525,5.362661e-05,-1.1238154e-06,-0.00056304162,0.00024782949,-0.00025542737,-0.0002099992,-6.0738213e-06,8.7521953e-05,2.8976422e-05,-0.00012212297,0.00029558527,0.00019988036,0.00044759662,-7.2654949e-05,0.00055889447,0.00020828068,-0.00023155234,4.5928682e-05,8.6223745e-06,0.0076569067,-0.015396237,0.005607787,0.0025367465,-0.00079275651,0.0012861711,0.0017841469,-0.00050868315,-0.00090934191,2.6967519e-05,0.0023638546,-0.00079027317,-0.00025324446,0.002155039,0.00042424312,-0.00073499747,-0.0013385728,-0.0018078381,-0.0017054318,0.001832954,-0.0036126964,-0.00040474499,-0.0037525393,-0.001774262,0.0027456954,-0.0018681249,6.5098684e-05,-0.00063023017,0.0010931117,-0.0018463756,0.001002814,-0.00029813051,-0.0028956917
"119",-0.00020440043,1.2434211e-05,3.276833e-05,2.0349309e-05,2.6635585e-05,-0.00075867119,-1.1325011e-05,8.930449e-05,-2.7350869e-05,-0.00037896269,-4.6479188e-05,0.00016204982,5.9126303e-05,0.00099624131,-1.0999771e-05,1.9188304e-05,4.5486438e-06,2.2604559e-05,9.1580785e-05,-4.1923904e-06,-1.9389784e-06,-1.2589451e-05,-4.241046e-05,3.6815718e-05,-8.7749901e-06,1.4789575e-05,1.1357113e-05,-7.3559678e-05,4.070089e-05,1.8747916e-05,-4.1343048e-05,2.4086342e-05,-5.0151864e-05,3.0211908e-05,3.9446845e-05,5.9213619e-05,-3.2977254e-06,-1.499744e-06,7.7804819e-06,-2.8354151e-05,-2.6905287e-05,-1.5643062e-05,-0.00016067411,2.5336223e-06,7.3844918e-06,-0.00010608318,-5.019508e-05,7.7757188e-05,2.5661229e-05,-3.0263632e-05,-1.0139643e-05,8.1449376e-05,-5.393399e-05,-7.3687942e-05,2.1382738e-05,-5.4044867e-06,-8.1225488e-05,-4.2524603e-05,-0.00015014875,-5.7073505e-05,1.7316514e-05,4.9997729e-06,0.001017921,0.00013753478,-7.7961015e-05,4.7948014e-05,5.8268623e-05,0.00016280399,-1.9285988e-05,7.9396566e-07,0.00018041041,-0.00011192844,0.00016116751,0.0001092966,1.6204645e-05,-4.7815108e-05,-4.855635e-05,7.8959288e-05,-0.00016493001,-7.0176093e-05,-0.00024835001,-5.3316479e-06,-0.00027858799,-0.00011594752,0.000137968,-1.9306154e-05,-7.0285568e-06,-0.007633164,0.0040791037,-0.011843744,-0.0032117901,-0.00032124744,-0.0021236124,-0.0011074913,0.0022364597,0.00024092417,7.3712607e-05,-0.0013347202,0.0014938517,-3.8749168e-05,-0.0020497148,-0.00061362723,0.00015230974,0.0014262757,0.0052842894,-0.00016326435,-0.0025911866,0.001771688,0.00089866433,0.0025237759,0.0010642826,-0.0010280294,0.0018109168,-0.00010080358,0.00021629698,-0.00028824923,0.00039817955,-0.00029813051,0.0010331353,0.0044429173
"120",-0.0024264316,8.9759307e-05,5.4971595e-05,-0.00051723953,-0.0010020169,-0.0036241841,0.00015784722,0.0003480232,-0.00074797809,-0.0040130029,-0.00025648296,0.0013235876,0.00068035319,-0.0065804881,-5.7271869e-05,-6.7563474e-05,0.00010770775,0.00010039244,0.00033286257,-5.9567523e-05,3.8169652e-06,-2.9751448e-06,-0.00035750569,0.00064244912,-5.7959218e-05,0.00012856815,4.1700582e-06,-0.0005481129,0.00041014497,0.00050103352,-0.00031734501,6.6227653e-05,-0.00026528709,0.00017239069,0.00038526576,0.00019509387,4.1808346e-05,-1.2401142e-05,0.00011530256,-0.00013552082,-0.00067901979,-5.7433179e-05,-0.00058606429,2.5918098e-05,-2.0268086e-05,-0.00040276814,-9.4216251e-05,-0.00090173363,0.00038166958,-0.00022856608,5.0819241e-05,0.00063098484,-0.00087945339,-0.00093256376,0.00047440541,6.6952545e-05,-0.00029752859,-0.00040822738,-0.00085531504,-0.00018971782,-4.7735212e-05,3.4465564e-05,0.0072661959,0.000949886,-0.00069065305,0.00036164964,0.0002881605,0.0011987589,-0.0001997045,-4.2604574e-06,0.0014759599,-0.0013206287,0.0011971373,0.00073034545,6.2063494e-05,-0.00030781825,-0.00035067705,0.00061255287,-0.0010767347,-0.00068566547,-0.0018470971,-4.7938752e-05,-0.0021191952,-0.00092931324,0.0010416159,-0.0001025863,-2.9767684e-05,-0.051331229,0.056588551,-0.064727177,-0.019825508,0.00058984105,-0.012421211,-0.0088405155,0.011481267,0.003293304,0.00024447579,-0.010960587,0.0095330443,-0.00099703566,-0.013891433,-0.0036727688,0.0025645188,0.009498257,0.026828668,0.0034194102,-0.015301847,0.01688767,0.004823904,0.020327308,0.0092765642,-0.010924474,0.012245104,-0.00061704055,0.0022889252,-0.0037526313,0.006392262,-0.0028956917,0.0044429173,0.031478588
