Mplus VERSION 9
MUTHEN & MUTHEN
01/20/2026   1:44 AM

INPUT INSTRUCTIONS

  TITLE:
  Class-1_pp_LGCA
  DATA:
  FILE = "pp_lgca_type14_4_urban12_r_step2_cat_s_mod_s_MI_TICs.dat";
  TYPE = IMPUTATION;

  VARIABLE:
  NAMES = SEX12 EDU12 URBAN12 PROV12 CDN12 CDAR12 CDSC12 MINOR12 HUKOU12 PINC12
       PINC212 CORES12 HEAL12 MARR12 ECO12 HWC12 SAT12 ADL12 FINC12 FID WAVE WFDMS12
       WFDMS16 WFDMS18 WFDMS20 WFDMS22 WFDCS12 WFDCS16 WFDCS18 WFDCS20 WFDCS22
       WFDDS712 WFDDS716 WFDDS718 WFDDS720 WFDDS722 WFDDS912 WFDDS916 WFDDS918
       WFDDS920 WFDDS922 CES8SD12 CES8SD16 CES8SD18 CES8SD20 CES8SD22 AGEG12 AGEG16
       AGEG18 AGEG20 AGEG22 PROV122 PROV123 CDSC121 PINCM112 PINCM212 HEAL121 HEAL123
       ECO122 ECO123 HWC122 HWC123 PID I4 S4;
   MISSING=.;
   usevar =
    wfdms12 wfdms16 wfdms18 wfdms20 wfdms22
  !wfdcs12 wfdcs16 wfdcs18 wfdcs20 wfdcs22
  !wfdds712 wfdds716 wfdds718 wfdds720 wfdds722
  !wfdds912 wfdds916 wfdds918 wfdds920 wfdds922
  ces8sd12 ces8sd16 ces8sd18 ces8sd20 ces8sd22

  !!! time-invar
  sex12 edu12 urban12
  prov122 prov123
  cdn12 cdar12
  cdsc121
  minor12 wave

  !!! time-var
  ageg12 pinc12 pinc212 cores12 heal121 heal123
  marr12 eco122 eco123 hwc122 hwc123 hukou12 sat12 adl12 finc12
  !ageg14 pinc14 cores14 heal141 heal143
  !marr14 										
  !ageg16 pinc16 cores16 heal161 heal163
  !marr16 eco162 eco163 hwc162 hwc163
  !ageg18 pinc18 cores18 heal181 heal183
  !marr18 eco182 eco183 hwc182 hwc183
  !ageg20 pinc20 cores20 heal201 heal203
  !marr20 eco202 eco203 hwc202 hwc203
  !ageg22 pinc22 cores22 heal221 heal223
  !marr22 eco222 eco223 hwc222 hwc223

  I4 S4

  wz_int ! WZ

  ;
  idvariable=pid;
  cluster=fid;
  DEFINE:

  !STANDARDIZE I4 S4;
  wz_int = S4 * urban12; ! WZ

  ANALYSIS:
  estimator = mlr;
  TYPE=COMPLEX;
  TYPE = RANDOM;
  !type = mixture;
  ALGORITHM=INTEGRATION;
  !INTEGRATION = MONTECARLO;
  !starts = 600 200;
  !starts = 20;
  !LRTBOOTSTRAP = 200;
  !processors = 10;
  coverage = 0.005;
  MODEL:

  i1 s1 | wfdms12@0 wfdms16*4 wfdms18*6 wfdms20*8 wfdms22@10;
  !i2 s2 | wfdcs12@0 wfdcs16*4 wfdcs18*6 wfdcs20*8 wfdcs22@10;
  !i3 s3 | wfdds712@0 wfdds716@4 wfdds718@6 wfdds720@8 wfdds722@10;
  !i4 s4 | wfdds912@0 wfdds916@4 wfdds918@6 wfdds920@8 wfdds922@10;
  i5 s5 | ces8sd12@0 ces8sd16*4 ces8sd18*6 ces8sd20*8 ces8sd22@10;

  !s5@0;
  !![i1](x_mean);
  !i1(x_var);

  !![s1](x_mean);
  !s1(x_var);

  !![i4](w_mean);
  !!i4(w_var);

  ![s4](w_mean);
  !s4(w_var);

  !!! correlation among residual error terms of three indicators at each time point
  !wfdms12 wfdcs12 wfdds712 wfdds912 WITH wfdms12 wfdcs12 wfdds712 wfdds912;
  !wfdms16 wfdcs16 wfdds716 wfdds916 WITH wfdms16 wfdcs16 wfdds716 wfdds916;
  !wfdms18 wfdcs18 wfdds718 wfdds918 WITH wfdms18 wfdcs18 wfdds718 wfdds918;
  !wfdms20 wfdcs20 wfdds720 wfdds920 WITH wfdms20 wfdcs20 wfdds720 wfdds920;
  !wfdms22 wfdcs22 wfdds722 wfdds922 WITH wfdms22 wfdcs22 wfdds722 wfdds922;

  xw_int | s1 XWITH s4; ! XW
  xz_int | s1 XWITH urban12; ! XZ
  !wz_int | s4 XWITH urban12; ! WZ
  xwz_int | xw_int XWITH urban12; ! XWZ

  !!! Focus: intercept of ces8sd regressed on intercept of wfd
  !i5 on i1 i4;
  i5 on i1(b1i);
  i5 on i4(b2i);

  !!! Focus: slope of ces8sd regressed on intercept of wfd
  !s5 on i1 i4 i5 s1 s4 s1s4_int;
  s5 on i5 i1 i4; !!! s4 was removed due to non-convergence
  s5 on s1 (b1s);
  s5 on s4 (b2s);
  s5 on urban12 (b3s);
  s5 on xw_int (b4s); ! XW
  s5 on xz_int (b5s); ! XZ
  s5 on wz_int (b6s); ! WZ
  s5 on xwz_int (b7s); ! XWZ

  !!! control: for long trend
  ! time-invar
  i5 s5 on sex12 edu12 prov122 prov123;
  i5 s5 on cdn12 cdar12 cdsc121  minor12 wave ;

  ! time-var
  i5 s5 on ageg12 pinc12 pinc212 cores12 heal121 heal123;
  i5 s5 on marr12 hukou12 eco122 eco123 hwc122 hwc123 sat12 adl12 finc12;

  !!! control: for short trend
  ! coefficients were constrained to be equal over all waves
  !ces8sd12 on ageg12 pincm112 pincm212 cores12 heal121 heal123 (p1-p5);
  !ces8sd12 on marr12 hukou12 eco122 eco123 hwc122 hwc123 (p7-p12);

  !ces8sd14 on ageg14 pinc14 cores14 heal141 heal143 (p1-p5);
  !ces8sd14 on marr14 hukou14 (p7-p8);	

  !ces8sd16 on ageg16 pinc16 cores16 heal161 heal163 (p1-p5);
  !ces8sd16 on marr16 hukou16 eco162 eco163 hwc162 hwc163 (p7-p12);

  !ces8sd18 on ageg18 pinc18 cores18 heal181 heal183 (p1-p5);
  !ces8sd18 on marr18 hukou18 eco182 eco183 hwc182 hwc183 (p7-p12);

  !ces8sd20 on ageg20 pinc20 cores20 heal201 heal203 (p1-p5);
  !ces8sd20 on marr20 hukou20 eco202 eco203 hwc202 hwc203 (p7-p12);

  !ces8sd22 on ageg22 pinc22 cores22 heal221 heal223 (p1-p5);
  !ces8sd22 on marr22 hukou22 eco222 eco223 hwc222 hwc223 (p7-p12);

  !!! FIML for missing data
  !pincm112 pincm212 cdar12;

  MODEL CONSTRAINT:
  !!! Model Equation of three-way moderation
  !
  !Y = iY + b1X + b2W + b3Z + b4XW + b5XZ + b6WZ + b7XWZ + eY
  !  = iY + (b1 + b4W + b5Z + b7WZ)*X + b2W + b3Z + b6WZ + eY
  !  = iY + (b1 + b5Z) * X + (b4 + b7Z) W * X + b2W + b3Z + b6WZ + eY

  ! Range of W value
  !
  ! min_wi = (0)   max_wi = (1)
  ! min_ws = (0)   max_ws = (1)

  NEW( min_w max_w lo_z hi_z );

  min_w = (0);
  !lo_w = w_mean - sqrt(w_var);   ! -1 SD below mean of W
  !med_w = w_mean;   ! mean of W
  !hi_w = w_mean + sqrt(w_var);   ! +1 SD below mean of W
  max_w = (1);

  lo_z = 0;   ! low of Z
  hi_z = 1;   ! high of Z



  !!!!! XW_int→Y = (b4 + b7Z) W * X
  !*
  !!! i on i * i
  NEW (wiii0 wiii1);
  wiii0 = b4i + b7i*lo_z;
  wiii1 = b4i + b7i*hi_z;

  !!! s on i * i
  NEW (wiis0 wiis1);
  wiis0 = b4s + b7s*lo_z;
  wiis1 = b4s + b7s*hi_z;

  !!! s on i * s
  NEW (wiss0 wiss1);
  wiss0 = b4s + b7s*lo_z;
  wiss1 = b4s + b7s*hi_z;

  !!! s on s * i
  NEW (wsis0 wsis1);
  wsis0 = b4s + b7s*lo_z;
  wsis1 = b4s + b7s*hi_z;
  *!
  !!! s on s * s
  NEW (wsss0 wsss1);
  wsss0 = b4s + b7s*lo_z;
  wsss1 = b4s + b7s*hi_z;


  !!!!! X→Y = (b1 + b4W + b5Z + b7WZ)*X
  !*
  !!! i on i * i
  NEW (
  wiii0min wiii0max
  wiii1min wiii1max
  );

  wiii0min = b1i + b4i*min_w + b5i*lo_z + b7i*min_w*lo_z;
  !wiii0lo = b1i + b4i*lo_w + b5i*lo_z + b7i*lo_w*lo_z;
  !wiii0mod = b1i + b4i*med_w + b5i*lo_z + b7i*med_w*lo_z;
  !wiii0hi = b1i + b4i*hi_w + b5i*lo_z + b7i*hi_w*lo_z;
  wiii0max = b1i + b4i*max_w + b5i*lo_z + b7i*max_w*lo_z;

  wiii1min = b1i + b4i*min_w + b5i*hi_z + b7i*min_w*hi_z;
  !wiii1lo = b1i + b4i*lo_w + b5i*hi_z + b7i*lo_w*hi_z;
  !wiii1mod = b1i + b4i*med_w + b5i*hi_z + b7i*med_w*hi_z;
  !wiii1hi = b1i + b4i*hi_w + b5i*hi_z + b7i*hi_w*hi_z;
  wiii1max = b1i + b4i*max_w + b5i*hi_z + b7i*max_w*hi_z;

  !!! s on i * i
  NEW (
  wiis0min wiis0max
  wiis1min wiis1max
  );

  wiis0min = b1s + b4s*min_w + b5s*lo_z + b7s*min_w*lo_z;
  !wiis0lo = b1s + b4s*lo_w + b5s*lo_z + b7s*lo_w*lo_z;
  !wiis0mod = b1s + b4s*med_w + b5s*lo_z + b7s*med_w*lo_z;
  !wiis0hi = b1s + b4s*hi_w + b5s*lo_z + b7s*hi_w*lo_z;
  wiis0max = b1s + b4s*max_w + b5s*lo_z + b7s*max_w*lo_z;

  wiis1min = b1s + b4s*min_w + b5s*hi_z + b7s*min_w*hi_z;
  !wiis1lo = b1s + b4s*lo_w + b5s*hi_z + b7s*lo_w*hi_z;
  !wiis1mod = b1s + b4s*med_w + b5s*hi_z + b7s*med_w*hi_z;
  !wiis1hi = b1s + b4s*hi_w + b5s*hi_z + b7s*hi_w*hi_z;
  wiis1max = b1s + b4s*max_w + b5s*hi_z + b7s*max_w*hi_z;

  !!! s on i * s
  NEW (
  wiss0min wiss0max
  wiss1min wiss1max
  );

  wiss0min = b1s + b4s*min_w + b5s*lo_z + b7s*min_w*lo_z;
  !wiss0lo = b1s + b4s*lo_w + b5s*lo_z + b7s*lo_w*lo_z;
  !wiss0mod = b1s + b4s*med_w + b5s*lo_z + b7s*med_w*lo_z;
  !wiss0hi = b1s + b4s*hi_w + b5s*lo_z + b7s*hi_w*lo_z;
  wiss0max = b1s + b4s*max_w + b5s*lo_z + b7s*max_w*lo_z;

  wiss1min = b1s + b4s*min_w + b5s*hi_z + b7s*min_w*hi_z;
  !wiss1lo = b1s + b4s*lo_w + b5s*hi_z + b7s*lo_w*hi_z;
  !wiss1mod = b1s + b4s*med_w + b5s*hi_z + b7s*med_w*hi_z;
  !wiss1hi = b1s + b4s*hi_w + b5s*hi_z + b7s*hi_w*hi_z;
  wiss1max = b1s + b4s*max_w + b5s*hi_z + b7s*max_w*hi_z;

  !!! s on s * i
  NEW (
  wsis0min wsis0max
  wsis1min wsis1max
  );

  wsis0min = b1s + b4s*min_w + b5s*lo_z + b7s*min_w*lo_z;
  !wsis0lo = b1s + b4s*lo_w + b5s*lo_z + b7s*lo_w*lo_z;
  !wsis0mod = b1s + b4s*med_w + b5s*lo_z + b7s*med_w*lo_z;
  !wsis0hi = b1s + b4s*hi_w + b5s*lo_z + b7s*hi_w*lo_z;
  wsis0max = b1s + b4s*max_w + b5s*lo_z + b7s*max_w*lo_z;

  wsis1min = b1s + b4s*min_w + b5s*hi_z + b7s*min_w*hi_z;
  !wsis1lo = b1s + b4s*lo_w + b5s*hi_z + b7s*lo_w*hi_z;
  !wsis1mod = b1s + b4s*med_w + b5s*hi_z + b7s*med_w*hi_z;
  !wsis1hi = b1s + b4s*hi_w + b5s*hi_z + b7s*hi_w*hi_z;
  wsis1max = b1s + b4s*max_w + b5s*hi_z + b7s*max_w*hi_z;
  *!

  !!! s on s * s
  NEW (
  wsss0min wsss0max
  wsss1min wsss1max
  );

  wsss0min = b1s + b4s*min_w + b5s*lo_z + b7s*min_w*lo_z;
  !wsss0lo = b1s + b4s*lo_w + b5s*lo_z + b7s*lo_w*lo_z;
  !wsss0mod = b1s + b4s*med_w + b5s*lo_z + b7s*med_w*lo_z;
  !wsss0hi = b1s + b4s*hi_w + b5s*lo_z + b7s*hi_w*lo_z;
  wsss0max = b1s + b4s*max_w + b5s*lo_z + b7s*max_w*lo_z;

  wsss1min = b1s + b4s*min_w + b5s*hi_z + b7s*min_w*hi_z;
  !wsss1lo = b1s + b4s*lo_w + b5s*hi_z + b7s*lo_w*hi_z;
  !wsss1mod = b1s + b4s*med_w + b5s*hi_z + b7s*med_w*hi_z;
  !wsss1hi = b1s + b4s*hi_w + b5s*hi_z + b7s*hi_w*hi_z;
  wsss1max = b1s + b4s*max_w + b5s*hi_z + b7s*max_w*hi_z;

  !*
  !!! range for x
  NEW (x_low x_high);
  x_low = x_mean - sqrt(x_var);
  x_high = x_mean + sqrt(x_var);

  !!! range for w
  NEW (w_low w_high);
  w_low = w_mean - sqrt(w_var);
  w_high = w_mean + sqrt(w_var);
  *!

  !*
  !!!!!!!!!!!!!!!!!!!!!!!!!!!!!!!!!!!!!!!!!!!!!!!!!!!!
  !!!!!! Simple-slope Plot 2 !!!!!!!!!!!!!!
  !!!!!!!!!!!!!!!!!!!!!!!!!!!!!!!!!!!!!!!!!!!!!!!!!!!!

  !!! X as focal antecedent variable
  !!! (x-axis = xvalue, y = yvalue, legend = different level of moderator)
  !!! merit: the trend of y / different pattern of slope.
  !
  !    X_LOW    3.701      0.023    163.034      0.000
  !    X_HIGH   4.464      0.020    219.375      0.000
  !    W_LOW   -0.012      0.012     -1.004      0.315
  !    W_HIGH   0.372      0.018     20.350      0.000


  Loop(xvalue, 3.701, 4.464, 0.1);

  Plot(

    Pwiii_lo Pwiiimod Pwiii_hi
    Pwiis_lo Pwiismod Pwiis_hi
    Pwiss_lo Pwissmod Pwiss_hi
    Pwsis_lo Pwsismod Pwsis_hi
    Pwsss_lo Pwsssmod Pwsss_hi

  );

  !!! Direct effect(s) of Xm on Ym, conditional on Wm: (b1 + b3*W)X !!!
  ! b1 + b3*W

  Pwiii_lo = wiii_lo * xvalue;
  Pwiiimod = wiii_mod * xvalue;
  Pwiii_hi = wiii_hi * xvalue;

  Pwiis_lo = wiis_lo * xvalue;
  Pwiismod = wiis_mod * xvalue;
  Pwiis_hi = wiis_hi * xvalue;

  Pwiss_lo = wiss_lo * xvalue;
  Pwissmod = wiss_mod * xvalue;
  Pwiss_hi = wiss_hi * xvalue;

  Pwsis_lo = wsis_lo * xvalue;
  Pwsismod = wsis_mod * xvalue;
  Pwsis_hi = wsis_hi * xvalue;

  Pwsss_lo = wsss_lo * xvalue;
  Pwsssmod = wsss_mod * xvalue;
  Pwsss_hi = wsss_hi * xvalue;

  *!


  !!!!!!!!!!!!!!!!!!!!!!!!!!!!!!!!!!!!!!!!!!!!!!!!!!!!
  !!!!!! Johnson-Neyman Plot !!!!!!!!!!
  !!!!!!!!!!!!!!!!!!!!!!!!!!!!!!!!!!!!!!!!!!!!!!!!!!!!

  !!! (x-axis = moderator, y-axis = slope of predictor)
  !!! merit: Johnson-neyman interval
  !!! note: Johnson-Neyman Plot is only applicable with Dummy coding, not Effect coding
  !
  !     min                max
  ! I4  0    1
  ! S4  0    1
  !

  !!! wvalue is range of I4
  !Loop (wvalue, 0, 1, 0.05);
  !!! wvalue is range of S4
  Loop (wvalue, 0, 1, 0.05);

  Plot (

    !JN_wiii
    !JN_wiis
    !JN_wiss
    !JN_wsis
    JN_wsss

  );

  !!! X as focal antecedent variable
  !!! Direct effect(s) of X on Y, conditional on W: (b1 + b3*W)X !!!

  !JN_wiii = b1i + b3i*wvalue; ! wvalue is range of I4
  !JN_wiis = b1s + b3s*wvalue; ! wvalue is range of I4
  !JN_wiss = b1s + b3s*wvalue; ! wvalue is range of S4
  !JN_wsis = b1s + b3s*wvalue; ! wvalue is range of I4
  JN_wsss = b1s + b3s*wvalue; ! wvalue is range of S4


  OUTPUT:
  tech1 tech4 tech10 tech11 tech14 sampstat patterns stdyx;
  SAVEDATA:
  FILE = pp_lgca_type14_4_urban12_r_step2_cat_s_mod_s_MI_TICs_result.txt;
  !SAVE = CPROB;
  PLOT:
  type = plot3;



*** WARNING in SAVEDATA command
  The FILE option is not available for TYPE=MONTECARLO or TYPE=IMPUTATION
  unless the filename has *.  The FILE option will be ignored.
*** WARNING in PLOT command
  PLOT1 and PLOT3 options are not available with TYPE=IMPUTATION in the DATA command.
  Request for PLOT1 and/or PLOT3 will be ignored.
*** WARNING in OUTPUT command
  TECH10 option is not available with multiple imputation.
  Request for TECH10 is ignored.
*** WARNING in OUTPUT command
  STANDARDIZED (STD, STDY, STDYX) options are not available for TYPE=TWOLEVEL RANDOM with
  ESTIMATOR=BAYES and TYPE=IMPUTATION.  Request for STANDARDIZED (STD, STDY, STDYX) is ignored.
*** WARNING in OUTPUT command
  TECH4 option is not available for TYPE=TWOLEVEL RANDOM with ESTIMATOR=BAYES and
  TYPE=IMPUTATION.  Request for TECH4 is ignored.
*** WARNING in OUTPUT command
  TECH11 option is available only with TYPE=MIXTURE.
  Request for TECH11 is ignored.
*** WARNING in OUTPUT command
  TECH14 option is available only with TYPE=MIXTURE.
  Request for TECH14 is ignored.
   7 WARNING(S) FOUND IN THE INPUT INSTRUCTIONS




Class-1_pp_LGCA

SUMMARY OF ANALYSIS

Number of groups                                                 1
Average number of observations                                2995

Number of replications
    Requested                                                   10
    Completed                                                   10

Number of dependent variables                                   10
Number of independent variables                                 28
Number of continuous latent variables                            7

Observed dependent variables

  Continuous
   WFDMS12     WFDMS16     WFDMS18     WFDMS20     WFDMS22     CES8SD12
   CES8SD16    CES8SD18    CES8SD20    CES8SD22

Observed independent variables
   SEX12       EDU12       URBAN12     PROV122     PROV123     CDN12
   CDAR12      CDSC121     MINOR12     WAVE        AGEG12      PINC12
   PINC212     CORES12     HEAL121     HEAL123     MARR12      ECO122
   ECO123      HWC122      HWC123      HUKOU12     SAT12       ADL12
   FINC12      I4          S4          WZ_INT

Continuous latent variables
   I1          S1          I5          S5          XW_INT      XZ_INT
   XWZ_INT

Variables with special functions

  Cluster variable      FID
  ID variable           PID

Estimator                                                      MLR
Information matrix                                        OBSERVED
Optimization Specifications for the Quasi-Newton Algorithm for
Continuous Outcomes
  Maximum number of iterations                                 100
  Convergence criterion                                  0.100D-05
Optimization Specifications for the EM Algorithm
  Maximum number of iterations                                 500
  Convergence criteria
    Loglikelihood change                                 0.100D-02
    Relative loglikelihood change                        0.100D-05
    Derivative                                           0.100D-02
Optimization Specifications for the M step of the EM Algorithm for
Categorical Latent Variables
  Number of M step iterations                                    1
  M step convergence criterion                           0.100D-02
  Basis for M step termination                           ITERATION
Optimization Specifications for the M step of the EM Algorithm for
Censored, Binary or Ordered Categorical (Ordinal), Unordered
Categorical (Nominal) and Count Outcomes
  Number of M step iterations                                    1
  M step convergence criterion                           0.100D-02
  Basis for M step termination                           ITERATION
  Maximum value for logit thresholds                            15
  Minimum value for logit thresholds                           -15
  Minimum expected cell size for chi-square              0.100D-01
Maximum number of iterations for H1                           2000
Convergence criterion for H1                             0.100D-03
Optimization algorithm                                         EMA
Integration Specifications
  Type                                                    STANDARD
  Number of integration points                                  15
  Dimensions of numerical integration                            1
  Adaptive quadrature                                           ON
Cholesky                                                       OFF

Input data file(s)
  Multiple data files from
    pp_lgca_type14_4_urban12_r_step2_cat_s_mod_s_MI_TICs.dat
Input data format  FREE


SUMMARY OF DATA FOR THE FIRST DATA SET

     Number of missing data patterns            65
     Number of clusters                       2215



SUMMARY OF MISSING DATA PATTERNS FOR THE FIRST DATA SET


     MISSING DATA PATTERNS FOR Y (x = not missing)

           1  2  3  4  5  6  7  8  9 10 11 12 13 14 15 16 17 18 19 20
 WFDMS12   x  x  x  x  x  x  x  x  x  x  x  x  x  x  x  x  x  x  x  x
 WFDMS16   x  x  x     x  x     x  x     x  x  x  x  x  x     x  x  x
 WFDMS18   x  x     x  x     x     x  x  x     x  x  x  x  x
 WFDMS20   x        x           x              x        x  x        x
 WFDMS22   x        x  x  x     x  x  x           x     x        x
 CES8SD12  x  x  x  x  x  x  x  x  x  x  x  x  x  x  x  x  x  x  x  x
 CES8SD16  x  x  x     x  x     x  x     x  x  x  x  x  x     x  x  x
 CES8SD18  x  x     x  x     x  x     x  x     x  x     x  x  x  x
 CES8SD20  x        x           x        x     x  x     x  x  x  x  x
 CES8SD22  x        x  x  x     x  x  x     x     x              x
 SEX12     x  x  x  x  x  x  x  x  x  x  x  x  x  x  x  x  x  x  x  x
 EDU12     x  x  x  x  x  x  x  x  x  x  x  x  x  x  x  x  x  x  x  x
 URBAN12   x  x  x  x  x  x  x  x  x  x  x  x  x  x  x  x  x  x  x  x
 PROV122   x  x  x  x  x  x  x  x  x  x  x  x  x  x  x  x  x  x  x  x
 PROV123   x  x  x  x  x  x  x  x  x  x  x  x  x  x  x  x  x  x  x  x
 CDN12     x  x  x  x  x  x  x  x  x  x  x  x  x  x  x  x  x  x  x  x
 CDAR12    x  x  x  x  x  x  x  x  x  x  x  x  x  x  x  x  x  x  x  x
 CDSC121   x  x  x  x  x  x  x  x  x  x  x  x  x  x  x  x  x  x  x  x
 MINOR12   x  x  x  x  x  x  x  x  x  x  x  x  x  x  x  x  x  x  x  x
 WAVE      x  x  x  x  x  x  x  x  x  x  x  x  x  x  x  x  x  x  x  x
 AGEG12    x  x  x  x  x  x  x  x  x  x  x  x  x  x  x  x  x  x  x  x
 PINC12    x  x  x  x  x  x  x  x  x  x  x  x  x  x  x  x  x  x  x  x
 PINC212   x  x  x  x  x  x  x  x  x  x  x  x  x  x  x  x  x  x  x  x
 CORES12   x  x  x  x  x  x  x  x  x  x  x  x  x  x  x  x  x  x  x  x
 HEAL121   x  x  x  x  x  x  x  x  x  x  x  x  x  x  x  x  x  x  x  x
 HEAL123   x  x  x  x  x  x  x  x  x  x  x  x  x  x  x  x  x  x  x  x
 MARR12    x  x  x  x  x  x  x  x  x  x  x  x  x  x  x  x  x  x  x  x
 ECO122    x  x  x  x  x  x  x  x  x  x  x  x  x  x  x  x  x  x  x  x
 ECO123    x  x  x  x  x  x  x  x  x  x  x  x  x  x  x  x  x  x  x  x
 HWC122    x  x  x  x  x  x  x  x  x  x  x  x  x  x  x  x  x  x  x  x
 HWC123    x  x  x  x  x  x  x  x  x  x  x  x  x  x  x  x  x  x  x  x
 HUKOU12   x  x  x  x  x  x  x  x  x  x  x  x  x  x  x  x  x  x  x  x
 SAT12     x  x  x  x  x  x  x  x  x  x  x  x  x  x  x  x  x  x  x  x
 ADL12     x  x  x  x  x  x  x  x  x  x  x  x  x  x  x  x  x  x  x  x
 FINC12    x  x  x  x  x  x  x  x  x  x  x  x  x  x  x  x  x  x  x  x
 I4        x  x  x  x  x  x  x  x  x  x  x  x  x  x  x  x  x  x  x  x
 S4        x  x  x  x  x  x  x  x  x  x  x  x  x  x  x  x  x  x  x  x
 WZ_INT    x  x  x  x  x  x  x  x  x  x  x  x  x  x  x  x  x  x  x  x

          21 22 23 24 25 26 27 28 29 30 31 32 33 34 35 36 37 38 39 40
 WFDMS12   x  x  x  x  x  x  x  x  x  x  x  x  x  x  x  x  x  x  x  x
 WFDMS16   x     x  x  x     x  x  x  x        x        x  x  x  x
 WFDMS18         x              x              x  x  x
 WFDMS20   x  x        x        x           x                    x
 WFDMS22   x  x  x     x  x  x     x     x        x     x           x
 CES8SD12  x  x  x  x  x  x  x  x  x  x  x  x  x  x  x  x  x  x  x  x
 CES8SD16  x  x  x  x  x     x  x  x  x  x           x  x  x  x  x
 CES8SD18        x  x        x  x        x     x  x  x     x  x  x  x
 CES8SD20     x        x        x     x  x  x           x     x  x
 CES8SD22  x  x        x  x  x  x        x              x  x  x     x
 SEX12     x  x  x  x  x  x  x  x  x  x  x  x  x  x  x  x  x  x  x  x
 EDU12     x  x  x  x  x  x  x  x  x  x  x  x  x  x  x  x  x  x  x  x
 URBAN12   x  x  x  x  x  x  x  x  x  x  x  x  x  x  x  x  x  x  x  x
 PROV122   x  x  x  x  x  x  x  x  x  x  x  x  x  x  x  x  x  x  x  x
 PROV123   x  x  x  x  x  x  x  x  x  x  x  x  x  x  x  x  x  x  x  x
 CDN12     x  x  x  x  x  x  x  x  x  x  x  x  x  x  x  x  x  x  x  x
 CDAR12    x  x  x  x  x  x  x  x  x  x  x  x  x  x  x  x  x  x  x  x
 CDSC121   x  x  x  x  x  x  x  x  x  x  x  x  x  x  x  x  x  x  x  x
 MINOR12   x  x  x  x  x  x  x  x  x  x  x  x  x  x  x  x  x  x  x  x
 WAVE      x  x  x  x  x  x  x  x  x  x  x  x  x  x  x  x  x  x  x  x
 AGEG12    x  x  x  x  x  x  x  x  x  x  x  x  x  x  x  x  x  x  x  x
 PINC12    x  x  x  x  x  x  x  x  x  x  x  x  x  x  x  x  x  x  x  x
 PINC212   x  x  x  x  x  x  x  x  x  x  x  x  x  x  x  x  x  x  x  x
 CORES12   x  x  x  x  x  x  x  x  x  x  x  x  x  x  x  x  x  x  x  x
 HEAL121   x  x  x  x  x  x  x  x  x  x  x  x  x  x  x  x  x  x  x  x
 HEAL123   x  x  x  x  x  x  x  x  x  x  x  x  x  x  x  x  x  x  x  x
 MARR12    x  x  x  x  x  x  x  x  x  x  x  x  x  x  x  x  x  x  x  x
 ECO122    x  x  x  x  x  x  x  x  x  x  x  x  x  x  x  x  x  x  x  x
 ECO123    x  x  x  x  x  x  x  x  x  x  x  x  x  x  x  x  x  x  x  x
 HWC122    x  x  x  x  x  x  x  x  x  x  x  x  x  x  x  x  x  x  x  x
 HWC123    x  x  x  x  x  x  x  x  x  x  x  x  x  x  x  x  x  x  x  x
 HUKOU12   x  x  x  x  x  x  x  x  x  x  x  x  x  x  x  x  x  x  x  x
 SAT12     x  x  x  x  x  x  x  x  x  x  x  x  x  x  x  x  x  x  x  x
 ADL12     x  x  x  x  x  x  x  x  x  x  x  x  x  x  x  x  x  x  x  x
 FINC12    x  x  x  x  x  x  x  x  x  x  x  x  x  x  x  x  x  x  x  x
 I4        x  x  x  x  x  x  x  x  x  x  x  x  x  x  x  x  x  x  x  x
 S4        x  x  x  x  x  x  x  x  x  x  x  x  x  x  x  x  x  x  x  x
 WZ_INT    x  x  x  x  x  x  x  x  x  x  x  x  x  x  x  x  x  x  x  x

          41 42 43 44 45 46 47 48 49 50 51 52 53 54 55 56 57 58 59 60
 WFDMS12   x  x  x  x  x  x  x  x  x  x  x  x  x  x  x  x  x  x  x  x
 WFDMS16      x  x  x  x        x  x     x        x  x     x  x  x
 WFDMS18   x  x  x  x  x     x  x  x  x        x        x  x     x
 WFDMS20   x  x  x     x  x        x     x  x     x  x  x     x  x
 WFDMS22         x        x     x  x  x     x  x     x           x  x
 CES8SD12  x  x  x  x  x  x  x  x  x  x  x  x  x  x  x  x  x  x  x  x
 CES8SD16     x  x  x  x           x  x  x        x  x     x  x  x
 CES8SD18  x        x  x     x  x  x  x        x     x  x  x  x  x
 CES8SD20     x  x        x  x  x           x  x  x  x  x  x        x
 CES8SD22        x  x     x     x  x  x        x  x     x  x
 SEX12     x  x  x  x  x  x  x  x  x  x  x  x  x  x  x  x  x  x  x  x
 EDU12     x  x  x  x  x  x  x  x  x  x  x  x  x  x  x  x  x  x  x  x
 URBAN12   x  x  x  x  x  x  x  x  x  x  x  x  x  x  x  x  x  x  x  x
 PROV122   x  x  x  x  x  x  x  x  x  x  x  x  x  x  x  x  x  x  x  x
 PROV123   x  x  x  x  x  x  x  x  x  x  x  x  x  x  x  x  x  x  x  x
 CDN12     x  x  x  x  x  x  x  x  x  x  x  x  x  x  x  x  x  x  x  x
 CDAR12    x  x  x  x  x  x  x  x  x  x  x  x  x  x  x  x  x  x  x  x
 CDSC121   x  x  x  x  x  x  x  x  x  x  x  x  x  x  x  x  x  x  x  x
 MINOR12   x  x  x  x  x  x  x  x  x  x  x  x  x  x  x  x  x  x  x  x
 WAVE      x  x  x  x  x  x  x  x  x  x  x  x  x  x  x  x  x  x  x  x
 AGEG12    x  x  x  x  x  x  x  x  x  x  x  x  x  x  x  x  x  x  x  x
 PINC12    x  x  x  x  x  x  x  x  x  x  x  x  x  x  x  x  x  x  x  x
 PINC212   x  x  x  x  x  x  x  x  x  x  x  x  x  x  x  x  x  x  x  x
 CORES12   x  x  x  x  x  x  x  x  x  x  x  x  x  x  x  x  x  x  x  x
 HEAL121   x  x  x  x  x  x  x  x  x  x  x  x  x  x  x  x  x  x  x  x
 HEAL123   x  x  x  x  x  x  x  x  x  x  x  x  x  x  x  x  x  x  x  x
 MARR12    x  x  x  x  x  x  x  x  x  x  x  x  x  x  x  x  x  x  x  x
 ECO122    x  x  x  x  x  x  x  x  x  x  x  x  x  x  x  x  x  x  x  x
 ECO123    x  x  x  x  x  x  x  x  x  x  x  x  x  x  x  x  x  x  x  x
 HWC122    x  x  x  x  x  x  x  x  x  x  x  x  x  x  x  x  x  x  x  x
 HWC123    x  x  x  x  x  x  x  x  x  x  x  x  x  x  x  x  x  x  x  x
 HUKOU12   x  x  x  x  x  x  x  x  x  x  x  x  x  x  x  x  x  x  x  x
 SAT12     x  x  x  x  x  x  x  x  x  x  x  x  x  x  x  x  x  x  x  x
 ADL12     x  x  x  x  x  x  x  x  x  x  x  x  x  x  x  x  x  x  x  x
 FINC12    x  x  x  x  x  x  x  x  x  x  x  x  x  x  x  x  x  x  x  x
 I4        x  x  x  x  x  x  x  x  x  x  x  x  x  x  x  x  x  x  x  x
 S4        x  x  x  x  x  x  x  x  x  x  x  x  x  x  x  x  x  x  x  x
 WZ_INT    x  x  x  x  x  x  x  x  x  x  x  x  x  x  x  x  x  x  x  x

          61 62 63 64 65
 WFDMS12   x  x  x  x  x
 WFDMS16         x  x
 WFDMS18               x
 WFDMS20   x  x  x
 WFDMS22         x     x
 CES8SD12  x  x  x  x  x
 CES8SD16  x     x  x
 CES8SD18  x  x
 CES8SD20  x  x  x  x
 CES8SD22           x  x
 SEX12     x  x  x  x  x
 EDU12     x  x  x  x  x
 URBAN12   x  x  x  x  x
 PROV122   x  x  x  x  x
 PROV123   x  x  x  x  x
 CDN12     x  x  x  x  x
 CDAR12    x  x  x  x  x
 CDSC121   x  x  x  x  x
 MINOR12   x  x  x  x  x
 WAVE      x  x  x  x  x
 AGEG12    x  x  x  x  x
 PINC12    x  x  x  x  x
 PINC212   x  x  x  x  x
 CORES12   x  x  x  x  x
 HEAL121   x  x  x  x  x
 HEAL123   x  x  x  x  x
 MARR12    x  x  x  x  x
 ECO122    x  x  x  x  x
 ECO123    x  x  x  x  x
 HWC122    x  x  x  x  x
 HWC123    x  x  x  x  x
 HUKOU12   x  x  x  x  x
 SAT12     x  x  x  x  x
 ADL12     x  x  x  x  x
 FINC12    x  x  x  x  x
 I4        x  x  x  x  x
 S4        x  x  x  x  x
 WZ_INT    x  x  x  x  x


     MISSING DATA PATTERN FREQUENCIES FOR Y

    Pattern   Frequency     Pattern   Frequency     Pattern   Frequency
          1         413          23           7          45          18
          2         762          24          62          46           3
          3         667          25          26          47           2
          4          25          26           8          48           2
          5         162          27           5          49           8
          6          23          28           6          50           1
          7         139          29           3          51           2
          8          18          30           5          52           1
          9           2          31           1          53           5
         10          10          32          15          54           1
         11          30          33           5          55           1
         12           2          34           3          56           1
         13         321          35           3          57           1
         14          44          36           3          58           2
         15          21          37           4          59           1
         16          13          38           8          60           1
         17          24          39          19          61           2
         18          10          40           2          62           2
         19           8          41           3          63           1
         20          43          42           4          64           1
         21           1          43           3          65           1
         22           2          44           3


COVARIANCE COVERAGE OF DATA FOR THE FIRST DATA SET

Minimum covariance coverage value   0.005


     PROPORTION OF DATA PRESENT FOR Y


           Covariance Coverage
              WFDMS12       WFDMS16       WFDMS18       WFDMS20       WFDMS22
              ________      ________      ________      ________      ________
 WFDMS12        1.000
 WFDMS16        0.915         0.915
 WFDMS18        0.682         0.610         0.682
 WFDMS20        0.327         0.301         0.280         0.327
 WFDMS22        0.269         0.248         0.234         0.172         0.269
 CES8SD12       1.000         0.915         0.682         0.327         0.269
 CES8SD16       0.916         0.913         0.609         0.302         0.249
 CES8SD18       0.720         0.645         0.672         0.293         0.243
 CES8SD20       0.356         0.328         0.298         0.315         0.190
 CES8SD22       0.268         0.248         0.229         0.169         0.259
 SEX12          1.000         0.915         0.682         0.327         0.269
 EDU12          1.000         0.915         0.682         0.327         0.269
 URBAN12        1.000         0.915         0.682         0.327         0.269
 PROV122        1.000         0.915         0.682         0.327         0.269
 PROV123        1.000         0.915         0.682         0.327         0.269
 CDN12          1.000         0.915         0.682         0.327         0.269
 CDAR12         1.000         0.915         0.682         0.327         0.269
 CDSC121        1.000         0.915         0.682         0.327         0.269
 MINOR12        1.000         0.915         0.682         0.327         0.269
 WAVE           1.000         0.915         0.682         0.327         0.269
 AGEG12         1.000         0.915         0.682         0.327         0.269
 PINC12         1.000         0.915         0.682         0.327         0.269
 PINC212        1.000         0.915         0.682         0.327         0.269
 CORES12        1.000         0.915         0.682         0.327         0.269
 HEAL121        1.000         0.915         0.682         0.327         0.269
 HEAL123        1.000         0.915         0.682         0.327         0.269
 MARR12         1.000         0.915         0.682         0.327         0.269
 ECO122         1.000         0.915         0.682         0.327         0.269
 ECO123         1.000         0.915         0.682         0.327         0.269
 HWC122         1.000         0.915         0.682         0.327         0.269
 HWC123         1.000         0.915         0.682         0.327         0.269
 HUKOU12        1.000         0.915         0.682         0.327         0.269
 SAT12          1.000         0.915         0.682         0.327         0.269
 ADL12          1.000         0.915         0.682         0.327         0.269
 FINC12         1.000         0.915         0.682         0.327         0.269
 I4             1.000         0.915         0.682         0.327         0.269
 S4             1.000         0.915         0.682         0.327         0.269
 WZ_INT         1.000         0.915         0.682         0.327         0.269


           Covariance Coverage
              CES8SD12      CES8SD16      CES8SD18      CES8SD20      CES8SD22
              ________      ________      ________      ________      ________
 CES8SD12       1.000
 CES8SD16       0.916         0.916
 CES8SD18       0.720         0.645         0.720
 CES8SD20       0.356         0.329         0.319         0.356
 CES8SD22       0.268         0.249         0.243         0.191         0.268
 SEX12          1.000         0.916         0.720         0.356         0.268
 EDU12          1.000         0.916         0.720         0.356         0.268
 URBAN12        1.000         0.916         0.720         0.356         0.268
 PROV122        1.000         0.916         0.720         0.356         0.268
 PROV123        1.000         0.916         0.720         0.356         0.268
 CDN12          1.000         0.916         0.720         0.356         0.268
 CDAR12         1.000         0.916         0.720         0.356         0.268
 CDSC121        1.000         0.916         0.720         0.356         0.268
 MINOR12        1.000         0.916         0.720         0.356         0.268
 WAVE           1.000         0.916         0.720         0.356         0.268
 AGEG12         1.000         0.916         0.720         0.356         0.268
 PINC12         1.000         0.916         0.720         0.356         0.268
 PINC212        1.000         0.916         0.720         0.356         0.268
 CORES12        1.000         0.916         0.720         0.356         0.268
 HEAL121        1.000         0.916         0.720         0.356         0.268
 HEAL123        1.000         0.916         0.720         0.356         0.268
 MARR12         1.000         0.916         0.720         0.356         0.268
 ECO122         1.000         0.916         0.720         0.356         0.268
 ECO123         1.000         0.916         0.720         0.356         0.268
 HWC122         1.000         0.916         0.720         0.356         0.268
 HWC123         1.000         0.916         0.720         0.356         0.268
 HUKOU12        1.000         0.916         0.720         0.356         0.268
 SAT12          1.000         0.916         0.720         0.356         0.268
 ADL12          1.000         0.916         0.720         0.356         0.268
 FINC12         1.000         0.916         0.720         0.356         0.268
 I4             1.000         0.916         0.720         0.356         0.268
 S4             1.000         0.916         0.720         0.356         0.268
 WZ_INT         1.000         0.916         0.720         0.356         0.268


           Covariance Coverage
              SEX12         EDU12         URBAN12       PROV122       PROV123
              ________      ________      ________      ________      ________
 SEX12          1.000
 EDU12          1.000         1.000
 URBAN12        1.000         1.000         1.000
 PROV122        1.000         1.000         1.000         1.000
 PROV123        1.000         1.000         1.000         1.000         1.000
 CDN12          1.000         1.000         1.000         1.000         1.000
 CDAR12         1.000         1.000         1.000         1.000         1.000
 CDSC121        1.000         1.000         1.000         1.000         1.000
 MINOR12        1.000         1.000         1.000         1.000         1.000
 WAVE           1.000         1.000         1.000         1.000         1.000
 AGEG12         1.000         1.000         1.000         1.000         1.000
 PINC12         1.000         1.000         1.000         1.000         1.000
 PINC212        1.000         1.000         1.000         1.000         1.000
 CORES12        1.000         1.000         1.000         1.000         1.000
 HEAL121        1.000         1.000         1.000         1.000         1.000
 HEAL123        1.000         1.000         1.000         1.000         1.000
 MARR12         1.000         1.000         1.000         1.000         1.000
 ECO122         1.000         1.000         1.000         1.000         1.000
 ECO123         1.000         1.000         1.000         1.000         1.000
 HWC122         1.000         1.000         1.000         1.000         1.000
 HWC123         1.000         1.000         1.000         1.000         1.000
 HUKOU12        1.000         1.000         1.000         1.000         1.000
 SAT12          1.000         1.000         1.000         1.000         1.000
 ADL12          1.000         1.000         1.000         1.000         1.000
 FINC12         1.000         1.000         1.000         1.000         1.000
 I4             1.000         1.000         1.000         1.000         1.000
 S4             1.000         1.000         1.000         1.000         1.000
 WZ_INT         1.000         1.000         1.000         1.000         1.000


           Covariance Coverage
              CDN12         CDAR12        CDSC121       MINOR12       WAVE
              ________      ________      ________      ________      ________
 CDN12          1.000
 CDAR12         1.000         1.000
 CDSC121        1.000         1.000         1.000
 MINOR12        1.000         1.000         1.000         1.000
 WAVE           1.000         1.000         1.000         1.000         1.000
 AGEG12         1.000         1.000         1.000         1.000         1.000
 PINC12         1.000         1.000         1.000         1.000         1.000
 PINC212        1.000         1.000         1.000         1.000         1.000
 CORES12        1.000         1.000         1.000         1.000         1.000
 HEAL121        1.000         1.000         1.000         1.000         1.000
 HEAL123        1.000         1.000         1.000         1.000         1.000
 MARR12         1.000         1.000         1.000         1.000         1.000
 ECO122         1.000         1.000         1.000         1.000         1.000
 ECO123         1.000         1.000         1.000         1.000         1.000
 HWC122         1.000         1.000         1.000         1.000         1.000
 HWC123         1.000         1.000         1.000         1.000         1.000
 HUKOU12        1.000         1.000         1.000         1.000         1.000
 SAT12          1.000         1.000         1.000         1.000         1.000
 ADL12          1.000         1.000         1.000         1.000         1.000
 FINC12         1.000         1.000         1.000         1.000         1.000
 I4             1.000         1.000         1.000         1.000         1.000
 S4             1.000         1.000         1.000         1.000         1.000
 WZ_INT         1.000         1.000         1.000         1.000         1.000


           Covariance Coverage
              AGEG12        PINC12        PINC212       CORES12       HEAL121
              ________      ________      ________      ________      ________
 AGEG12         1.000
 PINC12         1.000         1.000
 PINC212        1.000         1.000         1.000
 CORES12        1.000         1.000         1.000         1.000
 HEAL121        1.000         1.000         1.000         1.000         1.000
 HEAL123        1.000         1.000         1.000         1.000         1.000
 MARR12         1.000         1.000         1.000         1.000         1.000
 ECO122         1.000         1.000         1.000         1.000         1.000
 ECO123         1.000         1.000         1.000         1.000         1.000
 HWC122         1.000         1.000         1.000         1.000         1.000
 HWC123         1.000         1.000         1.000         1.000         1.000
 HUKOU12        1.000         1.000         1.000         1.000         1.000
 SAT12          1.000         1.000         1.000         1.000         1.000
 ADL12          1.000         1.000         1.000         1.000         1.000
 FINC12         1.000         1.000         1.000         1.000         1.000
 I4             1.000         1.000         1.000         1.000         1.000
 S4             1.000         1.000         1.000         1.000         1.000
 WZ_INT         1.000         1.000         1.000         1.000         1.000


           Covariance Coverage
              HEAL123       MARR12        ECO122        ECO123        HWC122
              ________      ________      ________      ________      ________
 HEAL123        1.000
 MARR12         1.000         1.000
 ECO122         1.000         1.000         1.000
 ECO123         1.000         1.000         1.000         1.000
 HWC122         1.000         1.000         1.000         1.000         1.000
 HWC123         1.000         1.000         1.000         1.000         1.000
 HUKOU12        1.000         1.000         1.000         1.000         1.000
 SAT12          1.000         1.000         1.000         1.000         1.000
 ADL12          1.000         1.000         1.000         1.000         1.000
 FINC12         1.000         1.000         1.000         1.000         1.000
 I4             1.000         1.000         1.000         1.000         1.000
 S4             1.000         1.000         1.000         1.000         1.000
 WZ_INT         1.000         1.000         1.000         1.000         1.000


           Covariance Coverage
              HWC123        HUKOU12       SAT12         ADL12         FINC12
              ________      ________      ________      ________      ________
 HWC123         1.000
 HUKOU12        1.000         1.000
 SAT12          1.000         1.000         1.000
 ADL12          1.000         1.000         1.000         1.000
 FINC12         1.000         1.000         1.000         1.000         1.000
 I4             1.000         1.000         1.000         1.000         1.000
 S4             1.000         1.000         1.000         1.000         1.000
 WZ_INT         1.000         1.000         1.000         1.000         1.000


           Covariance Coverage
              I4            S4            WZ_INT
              ________      ________      ________
 I4             1.000
 S4             1.000         1.000
 WZ_INT         1.000         1.000         1.000


SAMPLE STATISTICS

NOTE:  These are average results over 10 data sets.


     SAMPLE STATISTICS


           Means
              WFDMS12       WFDMS16       WFDMS18       WFDMS20       WFDMS22
              ________      ________      ________      ________      ________
               -0.021         0.188         0.121         0.201         0.188


           Means
              CES8SD12      CES8SD16      CES8SD18      CES8SD20      CES8SD22
              ________      ________      ________      ________      ________
                0.008        -0.948        -0.770        -0.909        -0.669


           Means
              SEX12         EDU12         URBAN12       PROV122       PROV123
              ________      ________      ________      ________      ________
                0.494         0.188         0.416         0.318         0.247


           Means
              CDN12         CDAR12        CDSC121       MINOR12       WAVE
              ________      ________      ________      ________      ________
                3.201         7.298         0.220         0.005         3.259


           Means
              AGEG12        PINC12        PINC212       CORES12       HEAL121
              ________      ________      ________      ________      ________
                0.111         2.202         0.644         0.557         0.322


           Means
              HEAL123       MARR12        ECO122        ECO123        HWC122
              ________      ________      ________      ________      ________
                0.431         0.825         0.235         0.191         0.105


           Means
              HWC123        HUKOU12       SAT12         ADL12         FINC12
              ________      ________      ________      ________      ________
                0.212         0.696         3.525         0.296         3.666


           Means
              I4            S4            WZ_INT
              ________      ________      ________
                0.472         0.386         0.158


           Covariances
              WFDMS12       WFDMS16       WFDMS18       WFDMS20       WFDMS22
              ________      ________      ________      ________      ________
 WFDMS12        1.005
 WFDMS16        0.290         0.964
 WFDMS18        0.251         0.254         0.817
 WFDMS20        0.274         0.360         0.343         0.981
 WFDMS22        0.309         0.318         0.272         0.436         0.858
 CES8SD12      -0.120        -0.117        -0.082        -0.120        -0.126
 CES8SD16      -0.200        -0.368        -0.228        -0.290        -0.304
 CES8SD18      -0.256        -0.265        -0.328        -0.294        -0.337
 CES8SD20      -0.258        -0.222        -0.265        -0.403        -0.415
 CES8SD22      -0.177        -0.291        -0.186        -0.345        -0.393
 SEX12         -0.021        -0.022        -0.018        -0.017        -0.002
 EDU12          0.031         0.020         0.004         0.038         0.021
 URBAN12        0.027         0.025         0.006         0.015         0.018
 PROV122       -0.004         0.031         0.021         0.017        -0.005
 PROV123       -0.013        -0.041        -0.023        -0.007        -0.019
 CDN12          0.016        -0.020        -0.016        -0.033        -0.082
 CDAR12        -0.017        -0.123        -0.084        -0.197        -0.206
 CDSC121       -0.038        -0.028        -0.040        -0.029        -0.020
 MINOR12        0.000        -0.001        -0.003         0.001         0.001
 WAVE           0.061         0.089         0.090         0.115         0.099
 AGEG12        -0.005        -0.008        -0.010        -0.043         0.001
 PINC12         0.045         0.061         0.033         0.037         0.080
 PINC212        0.085         0.076         0.011         0.083         0.047
 CORES12       -0.001        -0.003        -0.027         0.008        -0.010
 HEAL121       -0.041        -0.034        -0.028        -0.017        -0.025
 HEAL123        0.053         0.043         0.039         0.034         0.031
 MARR12         0.011         0.016         0.026         0.026         0.025
 ECO122         0.047         0.039         0.028         0.022         0.037
 ECO123        -0.022        -0.016        -0.014        -0.018        -0.016
 HWC122         0.033         0.027         0.026         0.016         0.021
 HWC123         0.021         0.008        -0.003         0.009         0.016
 HUKOU12       -0.040        -0.019        -0.002        -0.026        -0.009
 SAT12          0.187         0.152         0.071         0.130         0.117
 ADL12          0.014        -0.023        -0.010        -0.097        -0.031
 FINC12         0.115         0.220        -0.092         0.258         0.172
 I4             0.028         0.041         0.053         0.030         0.050
 S4             0.004         0.026         0.025         0.032         0.026
 WZ_INT         0.008         0.022         0.015         0.033         0.014


           Covariances
              CES8SD12      CES8SD16      CES8SD18      CES8SD20      CES8SD22
              ________      ________      ________      ________      ________
 CES8SD12       0.998
 CES8SD16       0.571         3.089
 CES8SD18       0.658         1.653         3.138
 CES8SD20       0.629         1.219         1.328         2.921
 CES8SD22       0.530         1.442         1.462         1.428         3.204
 SEX12         -0.081        -0.143        -0.148        -0.120        -0.097
 EDU12         -0.054        -0.101        -0.103        -0.096        -0.083
 URBAN12       -0.050        -0.128        -0.126        -0.117        -0.099
 PROV122       -0.013        -0.014        -0.031         0.019         0.001
 PROV123        0.064         0.102         0.104         0.053         0.072
 CDN12          0.065         0.191         0.144         0.288         0.191
 CDAR12         0.311         0.619         0.622         0.989         0.484
 CDSC121        0.005         0.007         0.022        -0.013        -0.004
 MINOR12        0.001         0.003         0.001         0.009         0.002
 WAVE          -0.085        -0.269        -0.323        -0.209        -0.215
 AGEG12         0.006         0.012         0.013         0.010         0.019
 PINC12        -0.108        -0.182        -0.263        -0.141        -0.138
 PINC212       -0.152        -0.335        -0.344        -0.327        -0.325
 CORES12        0.031         0.024         0.043        -0.005         0.065
 HEAL121        0.137         0.229         0.220         0.163         0.157
 HEAL123       -0.112        -0.199        -0.193        -0.117        -0.175
 MARR12        -0.066        -0.080        -0.084        -0.041        -0.053
 ECO122        -0.012         0.001        -0.015        -0.007        -0.015
 ECO123         0.024         0.049         0.048         0.065         0.086
 HWC122        -0.001        -0.023        -0.026        -0.011        -0.026
 HWC123         0.024         0.042         0.031        -0.002         0.074
 HUKOU12        0.040         0.115         0.116         0.107         0.096
 SAT12         -0.199        -0.365        -0.374        -0.319        -0.356
 ADL12          0.204         0.213         0.288         0.192         0.173
 FINC12        -0.242        -0.791        -0.560        -0.783        -0.629
 I4            -0.026        -0.054        -0.067        -0.062        -0.012
 S4             0.001        -0.021        -0.048        -0.006        -0.077
 WZ_INT        -0.015        -0.059        -0.073        -0.061        -0.058


           Covariances
              SEX12         EDU12         URBAN12       PROV122       PROV123
              ________      ________      ________      ________      ________
 SEX12          0.250
 EDU12          0.035         0.153
 URBAN12       -0.011         0.039         0.243
 PROV122        0.002         0.004        -0.015         0.217
 PROV123        0.004        -0.016        -0.024        -0.078         0.186
 CDN12         -0.036        -0.060        -0.104         0.074         0.028
 CDAR12        -0.126        -0.195        -0.439         0.196         0.190
 CDSC121       -0.002        -0.002         0.001        -0.016         0.003
 MINOR12       -0.001        -0.001        -0.001        -0.001         0.002
 WAVE           0.027         0.047         0.005         0.008        -0.026
 AGEG12         0.001        -0.002         0.013        -0.003        -0.009
 PINC12         0.042         0.027         0.005        -0.004         0.011
 PINC212        0.123         0.180         0.213        -0.019        -0.069
 CORES12       -0.004        -0.008        -0.019         0.000         0.037
 HEAL121       -0.030        -0.022        -0.023        -0.002         0.014
 HEAL123        0.028         0.019         0.004         0.004        -0.009
 MARR12         0.036         0.011        -0.001         0.002        -0.003
 ECO122        -0.010        -0.007        -0.002         0.013        -0.012
 ECO123         0.001        -0.003        -0.021         0.001         0.014
 HWC122        -0.003        -0.003         0.013        -0.004         0.001
 HWC123        -0.014        -0.006        -0.002        -0.011         0.014
 HUKOU12       -0.008        -0.060        -0.110         0.003         0.027
 SAT12          0.001         0.023         0.038         0.034        -0.009
 ADL12         -0.047        -0.019        -0.008        -0.016         0.021
 FINC12         0.068         0.238         0.339        -0.053        -0.007
 I4             0.002         0.003         0.002        -0.005         0.000
 S4            -0.008         0.004        -0.003        -0.004         0.000
 WZ_INT        -0.007         0.017         0.092        -0.006        -0.010


           Covariances
              CDN12         CDAR12        CDSC121       MINOR12       WAVE
              ________      ________      ________      ________      ________
 CDN12          1.394
 CDAR12         3.683        22.464
 CDSC121       -0.159        -0.385         0.171
 MINOR12        0.002         0.011        -0.001         0.005
 WAVE          -0.242        -0.890         0.015        -0.003         1.106
 AGEG12         0.084         0.336        -0.001         0.000        -0.079
 PINC12        -0.024        -0.025         0.014        -0.001         0.065
 PINC212       -0.266        -0.957         0.032         0.000         0.087
 CORES12        0.004         0.152         0.004         0.002        -0.041
 HEAL121        0.014         0.101         0.000         0.000        -0.047
 HEAL123        0.000         0.003        -0.008         0.000         0.047
 MARR12        -0.061        -0.162         0.000         0.000         0.062
 ECO122         0.015        -0.038         0.000         0.000         0.009
 ECO123         0.049         0.218        -0.008         0.000        -0.005
 HWC122        -0.036        -0.117         0.006         0.000        -0.001
 HWC123         0.014         0.062        -0.004         0.001        -0.027
 HUKOU12        0.084         0.346        -0.008         0.001        -0.003
 SAT12          0.019         0.087        -0.004         0.000         0.047
 ADL12          0.079         0.463         0.002         0.001        -0.146
 FINC12        -0.598        -1.889         0.073         0.004         0.254
 I4            -0.035        -0.151        -0.001        -0.001         0.138
 S4             0.011         0.017        -0.008         0.000         0.150
 WZ_INT        -0.040        -0.153        -0.004         0.000         0.072


           Covariances
              AGEG12        PINC12        PINC212       CORES12       HEAL121
              ________      ________      ________      ________      ________
 AGEG12         0.098
 PINC12         0.003         1.034
 PINC212        0.040         0.228         1.447
 CORES12       -0.005         0.010        -0.077         0.247
 HEAL121        0.002        -0.053        -0.080         0.004         0.218
 HEAL123       -0.001         0.057         0.043         0.003        -0.139
 MARR12        -0.024         0.017         0.028        -0.029        -0.009
 ECO122        -0.004        -0.002        -0.048        -0.006        -0.003
 ECO123        -0.002        -0.014        -0.053         0.017         0.007
 HWC122         0.000         0.011         0.007         0.002        -0.002
 HWC123         0.008         0.004        -0.014         0.037         0.006
 HUKOU12       -0.018        -0.042        -0.336         0.034         0.022
 SAT12          0.014         0.227         0.131        -0.014        -0.082
 ADL12          0.047        -0.034        -0.055         0.021         0.088
 FINC12        -0.022         0.655         1.590         0.710        -0.125
 I4            -0.017         0.010         0.011         0.004         0.000
 S4            -0.008         0.007         0.003        -0.006         0.001
 WZ_INT         0.001         0.004         0.088        -0.007        -0.009


           Covariances
              HEAL123       MARR12        ECO122        ECO123        HWC122
              ________      ________      ________      ________      ________
 HEAL123        0.245
 MARR12         0.008         0.144
 ECO122        -0.003        -0.001         0.180
 ECO123        -0.006        -0.006        -0.045         0.155
 HWC122         0.004         0.002         0.027        -0.014         0.094
 HWC123        -0.007        -0.018        -0.008         0.014        -0.022
 HUKOU12       -0.003        -0.002         0.017         0.022        -0.005
 SAT12          0.075         0.001         0.016        -0.009         0.015
 ADL12         -0.066        -0.032        -0.006         0.010         0.014
 FINC12         0.064         0.071         0.003        -0.018         0.053
 I4             0.006         0.011         0.003        -0.005        -0.001
 S4             0.008         0.004         0.003        -0.001        -0.005
 WZ_INT         0.005         0.001         0.000        -0.007         0.001


           Covariances
              HWC123        HUKOU12       SAT12         ADL12         FINC12
              ________      ________      ________      ________      ________
 HWC123         0.167
 HUKOU12        0.005         0.211
 SAT12          0.007        -0.054         1.087
 ADL12          0.032         0.002        -0.012         0.931
 FINC12         0.057        -0.402         0.385        -0.104        17.811
 I4            -0.004         0.002         0.021        -0.032         0.028
 S4            -0.001         0.008         0.006        -0.017         0.019
 WZ_INT         0.001        -0.038         0.007        -0.008         0.146


           Covariances
              I4            S4            WZ_INT
              ________      ________      ________
 I4             0.249
 S4             0.104         0.237
 WZ_INT         0.048         0.097         0.133


           Correlations
              WFDMS12       WFDMS16       WFDMS18       WFDMS20       WFDMS22
              ________      ________      ________      ________      ________
 WFDMS12        1.000
 WFDMS16        0.295         1.000
 WFDMS18        0.277         0.286         1.000
 WFDMS20        0.276         0.370         0.383         1.000
 WFDMS22        0.332         0.350         0.324         0.475         1.000
 CES8SD12      -0.120        -0.119        -0.091        -0.121        -0.136
 CES8SD16      -0.113        -0.213        -0.144        -0.166        -0.187
 CES8SD18      -0.144        -0.152        -0.205        -0.168        -0.205
 CES8SD20      -0.150        -0.132        -0.171        -0.238        -0.262
 CES8SD22      -0.099        -0.166        -0.115        -0.194        -0.237
 SEX12         -0.041        -0.045        -0.040        -0.034        -0.005
 EDU12          0.079         0.052         0.012         0.099         0.058
 URBAN12        0.054         0.051         0.013         0.030         0.040
 PROV122       -0.009         0.068         0.050         0.036        -0.011
 PROV123       -0.030        -0.096        -0.059        -0.016        -0.049
 CDN12          0.013        -0.018        -0.015        -0.028        -0.075
 CDAR12        -0.004        -0.026        -0.020        -0.042        -0.047
 CDSC121       -0.092        -0.070        -0.107        -0.070        -0.053
 MINOR12        0.003        -0.022        -0.044         0.018         0.021
 WAVE           0.058         0.086         0.095         0.110         0.101
 AGEG12        -0.017        -0.026        -0.036        -0.139         0.003
 PINC12         0.044         0.061         0.036         0.036         0.085
 PINC212        0.071         0.064         0.010         0.069         0.042
 CORES12       -0.002        -0.006        -0.061         0.017        -0.022
 HEAL121       -0.087        -0.073        -0.067        -0.038        -0.058
 HEAL123        0.107         0.089         0.087         0.069         0.067
 MARR12         0.030         0.044         0.075         0.070         0.072
 ECO122         0.111         0.093         0.073         0.052         0.093
 ECO123        -0.055        -0.041        -0.039        -0.047        -0.045
 HWC122         0.108         0.090         0.094         0.053         0.075
 HWC123         0.052         0.019        -0.008         0.023         0.042
 HUKOU12       -0.087        -0.042        -0.005        -0.057        -0.022
 SAT12          0.179         0.148         0.075         0.125         0.121
 ADL12          0.015        -0.025        -0.011        -0.102        -0.035
 FINC12         0.027         0.053        -0.024         0.062         0.044
 I4             0.056         0.083         0.118         0.061         0.107
 S4             0.008         0.053         0.057         0.066         0.058
 WZ_INT         0.021         0.062         0.046         0.090         0.041


           Correlations
              CES8SD12      CES8SD16      CES8SD18      CES8SD20      CES8SD22
              ________      ________      ________      ________      ________
 CES8SD12       1.000
 CES8SD16       0.325         1.000
 CES8SD18       0.372         0.531         1.000
 CES8SD20       0.368         0.406         0.439         1.000
 CES8SD22       0.297         0.458         0.461         0.467         1.000
 SEX12         -0.161        -0.163        -0.167        -0.141        -0.109
 EDU12         -0.139        -0.147        -0.149        -0.144        -0.118
 URBAN12       -0.101        -0.147        -0.145        -0.138        -0.112
 PROV122       -0.029        -0.017        -0.038         0.023         0.001
 PROV123        0.148         0.135         0.137         0.072         0.093
 CDN12          0.055         0.092         0.069         0.143         0.090
 CDAR12         0.066         0.074         0.074         0.122         0.057
 CDSC121        0.013         0.010         0.030        -0.018        -0.005
 MINOR12        0.014         0.023         0.006         0.080         0.020
 WAVE          -0.081        -0.146        -0.173        -0.116        -0.114
 AGEG12         0.019         0.021         0.024         0.020         0.033
 PINC12        -0.106        -0.102        -0.146        -0.081        -0.076
 PINC212       -0.127        -0.158        -0.162        -0.159        -0.151
 CORES12        0.062         0.027         0.049        -0.006         0.073
 HEAL121        0.293         0.278         0.265         0.204         0.188
 HEAL123       -0.227        -0.229        -0.220        -0.138        -0.198
 MARR12        -0.175        -0.119        -0.124        -0.063        -0.078
 ECO122        -0.029         0.002        -0.021        -0.010        -0.019
 ECO123         0.062         0.070         0.069         0.097         0.123
 HWC122        -0.004        -0.043        -0.047        -0.020        -0.048
 HWC123         0.059         0.058         0.042        -0.002         0.102
 HUKOU12        0.087         0.143         0.143         0.136         0.117
 SAT12         -0.191        -0.199        -0.203        -0.179        -0.191
 ADL12          0.212         0.126         0.169         0.116         0.100
 FINC12        -0.057        -0.107        -0.075        -0.109        -0.083
 I4            -0.053        -0.062        -0.076        -0.073        -0.014
 S4             0.002        -0.025        -0.055        -0.008        -0.088
 WZ_INT        -0.042        -0.092        -0.113        -0.098        -0.089


           Correlations
              SEX12         EDU12         URBAN12       PROV122       PROV123
              ________      ________      ________      ________      ________
 SEX12          1.000
 EDU12          0.180         1.000
 URBAN12       -0.044         0.201         1.000
 PROV122        0.009         0.022        -0.064         1.000
 PROV123        0.020        -0.095        -0.114        -0.390         1.000
 CDN12         -0.062        -0.131        -0.179         0.134         0.056
 CDAR12        -0.053        -0.105        -0.188         0.089         0.093
 CDSC121       -0.010        -0.010         0.007        -0.085         0.018
 MINOR12       -0.019        -0.033        -0.018        -0.036         0.074
 WAVE           0.052         0.114         0.009         0.017        -0.058
 AGEG12         0.007        -0.017         0.082        -0.019        -0.063
 PINC12         0.082         0.069         0.010        -0.009         0.025
 PINC212        0.205         0.383         0.359        -0.035        -0.133
 CORES12       -0.016        -0.039        -0.079         0.000         0.171
 HEAL121       -0.129        -0.118        -0.101        -0.011         0.068
 HEAL123        0.113         0.098         0.016         0.016        -0.043
 MARR12         0.191         0.071        -0.004         0.013        -0.018
 ECO122        -0.049        -0.041        -0.011         0.063        -0.067
 ECO123         0.003        -0.017        -0.108         0.004         0.080
 HWC122        -0.017        -0.026         0.088        -0.030         0.006
 HWC123        -0.068        -0.035        -0.011        -0.057         0.080
 HUKOU12       -0.035        -0.332        -0.485         0.015         0.139
 SAT12          0.001         0.056         0.074         0.071        -0.019
 ADL12         -0.097        -0.050        -0.016        -0.036         0.050
 FINC12         0.032         0.145         0.163        -0.027        -0.004
 I4             0.009         0.017         0.006        -0.021         0.002
 S4            -0.031         0.021        -0.014        -0.017        -0.002
 WZ_INT        -0.039         0.122         0.512        -0.035        -0.061


           Correlations
              CDN12         CDAR12        CDSC121       MINOR12       WAVE
              ________      ________      ________      ________      ________
 CDN12          1.000
 CDAR12         0.658         1.000
 CDSC121       -0.325        -0.196         1.000
 MINOR12        0.026         0.035        -0.025         1.000
 WAVE          -0.195        -0.179         0.035        -0.040         1.000
 AGEG12         0.228         0.226        -0.007         0.007        -0.240
 PINC12        -0.020        -0.005         0.034        -0.009         0.060
 PINC212       -0.188        -0.168         0.065         0.000         0.069
 CORES12        0.007         0.064         0.021         0.051        -0.079
 HEAL121        0.025         0.045         0.000         0.005        -0.097
 HEAL123        0.000         0.001        -0.040         0.000         0.089
 MARR12        -0.137        -0.090         0.002         0.006         0.155
 ECO122         0.030        -0.019        -0.001        -0.015         0.020
 ECO123         0.106         0.117        -0.049        -0.008        -0.012
 HWC122        -0.099        -0.081         0.044        -0.008        -0.002
 HWC123         0.028         0.032        -0.023         0.048        -0.062
 HUKOU12        0.155         0.159        -0.041         0.035        -0.006
 SAT12          0.015         0.018        -0.008        -0.006         0.043
 ADL12          0.069         0.101         0.006         0.020        -0.144
 FINC12        -0.120        -0.094         0.042         0.015         0.057
 I4            -0.059        -0.064        -0.007        -0.016         0.263
 S4             0.019         0.007        -0.040        -0.014         0.293
 WZ_INT        -0.092        -0.089        -0.024        -0.003         0.188


           Correlations
              AGEG12        PINC12        PINC212       CORES12       HEAL121
              ________      ________      ________      ________      ________
 AGEG12         1.000
 PINC12         0.010         1.000
 PINC212        0.105         0.186         1.000
 CORES12       -0.031         0.019        -0.130         1.000
 HEAL121        0.012        -0.112        -0.142         0.016         1.000
 HEAL123       -0.008         0.113         0.072         0.011        -0.599
 MARR12        -0.205         0.044         0.062        -0.154        -0.050
 ECO122        -0.030        -0.006        -0.094        -0.030        -0.014
 ECO123        -0.017        -0.036        -0.112         0.089         0.036
 HWC122        -0.003         0.034         0.019         0.015        -0.017
 HWC123         0.062         0.009        -0.028         0.183         0.033
 HUKOU12       -0.126        -0.089        -0.607         0.149         0.102
 SAT12          0.043         0.214         0.105        -0.026        -0.168
 ADL12          0.154        -0.034        -0.047         0.044         0.196
 FINC12        -0.017         0.153         0.313         0.339        -0.063
 I4            -0.107         0.020         0.018         0.014        -0.001
 S4            -0.050         0.013         0.006        -0.023         0.004
 WZ_INT         0.011         0.012         0.201        -0.038        -0.053


           Correlations
              HEAL123       MARR12        ECO122        ECO123        HWC122
              ________      ________      ________      ________      ________
 HEAL123        1.000
 MARR12         0.043         1.000
 ECO122        -0.015        -0.004         1.000
 ECO123        -0.029        -0.042        -0.270         1.000
 HWC122         0.027         0.020         0.208        -0.114         1.000
 HWC123        -0.034        -0.116        -0.047         0.084        -0.178
 HUKOU12       -0.015        -0.011         0.087         0.122        -0.039
 SAT12          0.145         0.003         0.037        -0.021         0.047
 ADL12         -0.138        -0.087        -0.014         0.028         0.047
 FINC12         0.031         0.044         0.002        -0.011         0.041
 I4             0.023         0.058         0.014        -0.026        -0.008
 S4             0.031         0.024         0.015        -0.006        -0.035
 WZ_INT         0.025         0.006         0.000        -0.052         0.010


           Correlations
              HWC123        HUKOU12       SAT12         ADL12         FINC12
              ________      ________      ________      ________      ________
 HWC123         1.000
 HUKOU12        0.028         1.000
 SAT12          0.017        -0.112         1.000
 ADL12          0.081         0.005        -0.011         1.000
 FINC12         0.033        -0.207         0.087        -0.026         1.000
 I4            -0.017         0.007         0.040        -0.066         0.014
 S4            -0.007         0.035         0.012        -0.035         0.009
 WZ_INT         0.009        -0.229         0.017        -0.023         0.095


           Correlations
              I4            S4            WZ_INT
              ________      ________      ________
 I4             1.000
 S4             0.426         1.000
 WZ_INT         0.261         0.545         1.000




MODEL FIT INFORMATION

Number of Free Parameters                       85

Loglikelihood

    H0 Value

        Mean                            -28944.008
        Std Dev                              0.796
        Number of successful computations       10

             Proportions                   Percentiles
        Expected    Observed         Expected       Observed
           0.990       1.000       -28945.859     -28945.424
           0.980       1.000       -28945.642     -28945.424
           0.950       0.900       -28945.317     -28945.424
           0.900       0.900       -28945.028     -28945.424
           0.800       0.700       -28944.678     -28945.424
           0.700       0.700       -28944.425     -28944.707
           0.500       0.500       -28944.008     -28944.122
           0.300       0.400       -28943.591     -28943.587
           0.200       0.300       -28943.339     -28943.333
           0.100       0.100       -28942.988     -28943.005
           0.050       0.000       -28942.699     -28943.005
           0.020       0.000       -28942.374     -28943.005
           0.010       0.000       -28942.157     -28943.005

Information Criteria

    Akaike (AIC)

        Mean                             58058.016
        Std Dev                              1.591
        Number of successful computations       10

             Proportions                   Percentiles
        Expected    Observed         Expected       Observed
           0.990       1.000        58054.314      58055.941
           0.980       1.000        58054.748      58055.941
           0.950       1.000        58055.399      58055.941
           0.900       0.900        58055.977      58055.941
           0.800       0.700        58056.677      58055.941
           0.700       0.600        58057.182      58056.666
           0.500       0.500        58058.016      58057.307
           0.300       0.300        58058.851      58058.675
           0.200       0.300        58059.356      58059.414
           0.100       0.100        58060.056      58059.888
           0.050       0.100        58060.634      58059.888
           0.020       0.000        58061.285      58059.888
           0.010       0.000        58061.719      58059.888

    Bayesian (BIC)

        Mean                             58568.416
        Std Dev                              1.591
        Number of successful computations       10

             Proportions                   Percentiles
        Expected    Observed         Expected       Observed
           0.990       1.000        58564.714      58566.340
           0.980       1.000        58565.148      58566.340
           0.950       1.000        58565.798      58566.340
           0.900       0.900        58566.376      58566.340
           0.800       0.700        58567.077      58566.340
           0.700       0.600        58567.581      58567.066
           0.500       0.500        58568.416      58567.707
           0.300       0.300        58569.250      58569.074
           0.200       0.300        58569.755      58569.814
           0.100       0.100        58570.455      58570.287
           0.050       0.100        58571.034      58570.287
           0.020       0.000        58571.684      58570.287
           0.010       0.000        58572.118      58570.287

    Sample-Size Adjusted BIC (n* = (n + 2) / 24)

        Mean                             58298.338
        Std Dev                              1.591
        Number of successful computations       10

             Proportions                   Percentiles
        Expected    Observed         Expected       Observed
           0.990       1.000        58294.636      58296.262
           0.980       1.000        58295.070      58296.262
           0.950       1.000        58295.720      58296.262
           0.900       0.900        58296.299      58296.262
           0.800       0.700        58296.999      58296.262
           0.700       0.600        58297.504      58296.988
           0.500       0.500        58298.338      58297.629
           0.300       0.300        58299.173      58298.996
           0.200       0.300        58299.677      58299.736
           0.100       0.100        58300.378      58300.209
           0.050       0.100        58300.956      58300.209
           0.020       0.000        58301.606      58300.209
           0.010       0.000        58302.040      58300.209



MODEL RESULTS

                                                    Two-Tailed   Rate of
                    Estimate       S.E.  Est./S.E.    P-Value    Missing

 I1       |
    WFDMS12            1.000      0.000    999.000    999.000      0.000
    WFDMS16            1.000      0.000    999.000    999.000      0.000
    WFDMS18            1.000      0.000    999.000    999.000      0.000
    WFDMS20            1.000      0.000    999.000    999.000      0.000
    WFDMS22            1.000      0.000    999.000    999.000      0.000

 S1       |
    WFDMS12            0.000      0.000    999.000    999.000      0.000
    WFDMS16            7.753      0.926      8.368      0.000      0.000
    WFDMS18            6.126      0.927      6.608      0.000      0.000
    WFDMS20           11.202      1.344      8.334      0.000      0.000
    WFDMS22           10.000      0.000    999.000    999.000      0.000

 I5       |
    CES8SD12           1.000      0.000    999.000    999.000      0.000
    CES8SD16           1.000      0.000    999.000    999.000      0.000
    CES8SD18           1.000      0.000    999.000    999.000      0.000
    CES8SD20           1.000      0.000    999.000    999.000      0.000
    CES8SD22           1.000      0.000    999.000    999.000      0.000

 S5       |
    CES8SD12           0.000      0.000    999.000    999.000      0.000
    CES8SD16          12.489      0.830     15.040      0.000      0.000
    CES8SD18          11.016      0.687     16.036      0.000      0.000
    CES8SD20          10.466      0.785     13.327      0.000      0.000
    CES8SD22          10.000      0.000    999.000    999.000      0.000

 I5         ON
    I1                -0.244      0.052     -4.671      0.000      0.001

 S5         ON
    I5                -0.051      0.016     -3.163      0.002      0.000
    I1                -0.027      0.021     -1.275      0.202      0.000
    S1                -2.208      0.884     -2.497      0.013      0.000
    XW_INT             0.544      0.394      1.380      0.168      0.000
    XZ_INT             1.093      0.649      1.684      0.092      0.000
    XWZ_INT           -0.288      0.757     -0.381      0.703      0.000

 I5         ON
    I4                -0.046      0.035     -1.309      0.191      0.000
    SEX12             -0.183      0.033     -5.474      0.000      0.001
    EDU12             -0.145      0.041     -3.517      0.000      0.000
    PROV122            0.094      0.040      2.343      0.019      0.000
    PROV123            0.289      0.048      6.071      0.000      0.001
    CDN12             -0.003      0.021     -0.162      0.871      0.001
    CDAR12             0.003      0.005      0.619      0.536      0.001
    CDSC121            0.002      0.044      0.035      0.972      0.001
    MINOR12           -0.047      0.278     -0.168      0.867      0.000
    WAVE               0.017      0.017      0.955      0.340      0.001
    AGEG12            -0.070      0.059     -1.198      0.231      0.001
    PINC12            -0.030      0.019     -1.544      0.123      0.093
    PINC212            0.007      0.018      0.406      0.685      0.004
    CORES12            0.007      0.038      0.191      0.848      0.007
    HEAL121            0.366      0.048      7.578      0.000      0.000
    HEAL123           -0.095      0.039     -2.447      0.014      0.001
    MARR12            -0.324      0.050     -6.412      0.000      0.000
    HUKOU12            0.003      0.048      0.062      0.950      0.001
    ECO122            -0.019      0.043     -0.453      0.651      0.000
    ECO123             0.056      0.048      1.174      0.240      0.000
    HWC122             0.067      0.057      1.167      0.243      0.000
    HWC123             0.047      0.045      1.042      0.297      0.000
    SAT12             -0.122      0.019     -6.421      0.000      0.012
    ADL12              0.146      0.024      5.996      0.000      0.001
    FINC12            -0.002      0.004     -0.503      0.615      0.046

 S5         ON
    I4                -0.001      0.005     -0.169      0.865      0.000
    S4                -0.014      0.014     -1.004      0.316      0.000
    URBAN12           -0.047      0.020     -2.381      0.017      0.000
    WZ_INT             0.001      0.024      0.050      0.960      0.000
    SEX12             -0.030      0.006     -5.337      0.000      0.000
    EDU12             -0.007      0.006     -1.265      0.206      0.000
    PROV122            0.009      0.005      1.677      0.094      0.000
    PROV123            0.022      0.008      2.920      0.003      0.000
    CDN12              0.003      0.003      1.161      0.246      0.001
    CDAR12            -0.001      0.001     -0.793      0.428      0.002
    CDSC121            0.001      0.006      0.226      0.821      0.000
    MINOR12            0.010      0.019      0.507      0.612      0.000
    WAVE              -0.011      0.002     -4.625      0.000      0.000
    AGEG12            -0.003      0.008     -0.342      0.733      0.000
    PINC12            -0.003      0.002     -1.077      0.282      0.115
    PINC212            0.001      0.002      0.701      0.483      0.004
    CORES12           -0.004      0.005     -0.749      0.454      0.008
    HEAL121            0.029      0.008      3.491      0.000      0.000
    HEAL123           -0.014      0.005     -2.591      0.010      0.000
    MARR12            -0.006      0.008     -0.793      0.428      0.000
    HUKOU12            0.012      0.006      1.921      0.055      0.000
    ECO122             0.009      0.005      1.781      0.075      0.000
    ECO123             0.013      0.006      2.182      0.029      0.000
    HWC122            -0.005      0.007     -0.776      0.438      0.000
    HWC123             0.006      0.005      1.188      0.235      0.000
    SAT12             -0.013      0.003     -3.893      0.000      0.009
    ADL12              0.005      0.003      1.361      0.174      0.001
    FINC12            -0.001      0.001     -1.105      0.269      0.035

 S1       WITH
    I1                 0.002      0.003      0.527      0.598      0.000

 Means
    I1                -0.018      0.021     -0.830      0.406      0.000
    S1                 0.026      0.003      8.375      0.000      0.000

 Intercepts
    WFDMS12            0.000      0.000    999.000    999.000      0.000
    WFDMS16            0.000      0.000    999.000    999.000      0.000
    WFDMS18            0.000      0.000    999.000    999.000      0.000
    WFDMS20            0.000      0.000    999.000    999.000      0.000
    WFDMS22            0.000      0.000    999.000    999.000      0.000
    CES8SD12           0.000      0.000    999.000    999.000      0.000
    CES8SD16           0.000      0.000    999.000    999.000      0.000
    CES8SD18           0.000      0.000    999.000    999.000      0.000
    CES8SD20           0.000      0.000    999.000    999.000      0.000
    CES8SD22           0.000      0.000    999.000    999.000      0.000
    I5                 0.601      0.133      4.526      0.000      0.005
    S5                 0.069      0.031      2.199      0.028      0.002

 Variances
    I1                 0.253      0.032      7.890      0.000      0.000
    S1                 0.001      0.000      1.652      0.098      0.000

 Residual Variances
    WFDMS12            0.739      0.042     17.625      0.000      0.000
    WFDMS16            0.653      0.025     26.328      0.000      0.000
    WFDMS18            0.549      0.024     23.080      0.000      0.000
    WFDMS20            0.561      0.047     11.932      0.000      0.000
    WFDMS22            0.496      0.036     13.761      0.000      0.000
    CES8SD12           0.096      0.269      0.356      0.722      0.000
    CES8SD16           1.422      0.084     16.878      0.000      0.000
    CES8SD18           1.553      0.087     17.835      0.000      0.000
    CES8SD20           1.731      0.123     14.079      0.000      0.000
    CES8SD22           1.933      0.158     12.217      0.000      0.000
    I5                 0.699      0.270      2.591      0.010      0.000
    S5                 0.005      0.001      3.807      0.000      0.000

New/Additional Parameters
    MIN_W              0.000      0.000    999.000    999.000      0.000
    MAX_W              1.000      0.000    999.000    999.000      0.000
    LO_Z               0.000      0.000    999.000    999.000      0.000
    HI_Z               1.000      0.000    999.000    999.000      0.000
    WSSS0              0.544      0.394      1.380      0.168      0.000
    WSSS1              0.255      0.665      0.384      0.701      0.000
    WSSS0MIN          -2.208      0.884     -2.497      0.013      0.000
    WSSS0MAX          -1.664      0.924     -1.801      0.072      0.000
    WSSS1MIN          -1.115      0.757     -1.473      0.141      0.000
    WSSS1MAX          -0.859      0.779     -1.103      0.270      0.000


QUALITY OF NUMERICAL RESULTS

     Average Condition Number for the Information Matrix      0.329E-09
       (ratio of smallest to largest eigenvalue)


TECHNICAL 1 OUTPUT


     PARAMETER SPECIFICATION


           NU
              WFDMS12       WFDMS16       WFDMS18       WFDMS20       WFDMS22
              ________      ________      ________      ________      ________
                    0             0             0             0             0


           NU
              CES8SD12      CES8SD16      CES8SD18      CES8SD20      CES8SD22
              ________      ________      ________      ________      ________
                    0             0             0             0             0


           NU
              SEX12         EDU12         URBAN12       PROV122       PROV123
              ________      ________      ________      ________      ________
                    0             0             0             0             0


           NU
              CDN12         CDAR12        CDSC121       MINOR12       WAVE
              ________      ________      ________      ________      ________
                    0             0             0             0             0


           NU
              AGEG12        PINC12        PINC212       CORES12       HEAL121
              ________      ________      ________      ________      ________
                    0             0             0             0             0


           NU
              HEAL123       MARR12        ECO122        ECO123        HWC122
              ________      ________      ________      ________      ________
                    0             0             0             0             0


           NU
              HWC123        HUKOU12       SAT12         ADL12         FINC12
              ________      ________      ________      ________      ________
                    0             0             0             0             0


           NU
              I4            S4            WZ_INT
              ________      ________      ________
                    0             0             0


           LAMBDA
              I1            S1            I5            S5            XW_INT
              ________      ________      ________      ________      ________
 WFDMS12            0             0             0             0             0
 WFDMS16            0             1             0             0             0
 WFDMS18            0             2             0             0             0
 WFDMS20            0             3             0             0             0
 WFDMS22            0             0             0             0             0
 CES8SD12           0             0             0             0             0
 CES8SD16           0             0             0             4             0
 CES8SD18           0             0             0             5             0
 CES8SD20           0             0             0             6             0
 CES8SD22           0             0             0             0             0
 SEX12              0             0             0             0             0
 EDU12              0             0             0             0             0
 URBAN12            0             0             0             0             0
 PROV122            0             0             0             0             0
 PROV123            0             0             0             0             0
 CDN12              0             0             0             0             0
 CDAR12             0             0             0             0             0
 CDSC121            0             0             0             0             0
 MINOR12            0             0             0             0             0
 WAVE               0             0             0             0             0
 AGEG12             0             0             0             0             0
 PINC12             0             0             0             0             0
 PINC212            0             0             0             0             0
 CORES12            0             0             0             0             0
 HEAL121            0             0             0             0             0
 HEAL123            0             0             0             0             0
 MARR12             0             0             0             0             0
 ECO122             0             0             0             0             0
 ECO123             0             0             0             0             0
 HWC122             0             0             0             0             0
 HWC123             0             0             0             0             0
 HUKOU12            0             0             0             0             0
 SAT12              0             0             0             0             0
 ADL12              0             0             0             0             0
 FINC12             0             0             0             0             0
 I4                 0             0             0             0             0
 S4                 0             0             0             0             0
 WZ_INT             0             0             0             0             0


           LAMBDA
              XZ_INT        XWZ_INT       SEX12         EDU12         URBAN12
              ________      ________      ________      ________      ________
 WFDMS12            0             0             0             0             0
 WFDMS16            0             0             0             0             0
 WFDMS18            0             0             0             0             0
 WFDMS20            0             0             0             0             0
 WFDMS22            0             0             0             0             0
 CES8SD12           0             0             0             0             0
 CES8SD16           0             0             0             0             0
 CES8SD18           0             0             0             0             0
 CES8SD20           0             0             0             0             0
 CES8SD22           0             0             0             0             0
 SEX12              0             0             0             0             0
 EDU12              0             0             0             0             0
 URBAN12            0             0             0             0             0
 PROV122            0             0             0             0             0
 PROV123            0             0             0             0             0
 CDN12              0             0             0             0             0
 CDAR12             0             0             0             0             0
 CDSC121            0             0             0             0             0
 MINOR12            0             0             0             0             0
 WAVE               0             0             0             0             0
 AGEG12             0             0             0             0             0
 PINC12             0             0             0             0             0
 PINC212            0             0             0             0             0
 CORES12            0             0             0             0             0
 HEAL121            0             0             0             0             0
 HEAL123            0             0             0             0             0
 MARR12             0             0             0             0             0
 ECO122             0             0             0             0             0
 ECO123             0             0             0             0             0
 HWC122             0             0             0             0             0
 HWC123             0             0             0             0             0
 HUKOU12            0             0             0             0             0
 SAT12              0             0             0             0             0
 ADL12              0             0             0             0             0
 FINC12             0             0             0             0             0
 I4                 0             0             0             0             0
 S4                 0             0             0             0             0
 WZ_INT             0             0             0             0             0


           LAMBDA
              PROV122       PROV123       CDN12         CDAR12        CDSC121
              ________      ________      ________      ________      ________
 WFDMS12            0             0             0             0             0
 WFDMS16            0             0             0             0             0
 WFDMS18            0             0             0             0             0
 WFDMS20            0             0             0             0             0
 WFDMS22            0             0             0             0             0
 CES8SD12           0             0             0             0             0
 CES8SD16           0             0             0             0             0
 CES8SD18           0             0             0             0             0
 CES8SD20           0             0             0             0             0
 CES8SD22           0             0             0             0             0
 SEX12              0             0             0             0             0
 EDU12              0             0             0             0             0
 URBAN12            0             0             0             0             0
 PROV122            0             0             0             0             0
 PROV123            0             0             0             0             0
 CDN12              0             0             0             0             0
 CDAR12             0             0             0             0             0
 CDSC121            0             0             0             0             0
 MINOR12            0             0             0             0             0
 WAVE               0             0             0             0             0
 AGEG12             0             0             0             0             0
 PINC12             0             0             0             0             0
 PINC212            0             0             0             0             0
 CORES12            0             0             0             0             0
 HEAL121            0             0             0             0             0
 HEAL123            0             0             0             0             0
 MARR12             0             0             0             0             0
 ECO122             0             0             0             0             0
 ECO123             0             0             0             0             0
 HWC122             0             0             0             0             0
 HWC123             0             0             0             0             0
 HUKOU12            0             0             0             0             0
 SAT12              0             0             0             0             0
 ADL12              0             0             0             0             0
 FINC12             0             0             0             0             0
 I4                 0             0             0             0             0
 S4                 0             0             0             0             0
 WZ_INT             0             0             0             0             0


           LAMBDA
              MINOR12       WAVE          AGEG12        PINC12        PINC212
              ________      ________      ________      ________      ________
 WFDMS12            0             0             0             0             0
 WFDMS16            0             0             0             0             0
 WFDMS18            0             0             0             0             0
 WFDMS20            0             0             0             0             0
 WFDMS22            0             0             0             0             0
 CES8SD12           0             0             0             0             0
 CES8SD16           0             0             0             0             0
 CES8SD18           0             0             0             0             0
 CES8SD20           0             0             0             0             0
 CES8SD22           0             0             0             0             0
 SEX12              0             0             0             0             0
 EDU12              0             0             0             0             0
 URBAN12            0             0             0             0             0
 PROV122            0             0             0             0             0
 PROV123            0             0             0             0             0
 CDN12              0             0             0             0             0
 CDAR12             0             0             0             0             0
 CDSC121            0             0             0             0             0
 MINOR12            0             0             0             0             0
 WAVE               0             0             0             0             0
 AGEG12             0             0             0             0             0
 PINC12             0             0             0             0             0
 PINC212            0             0             0             0             0
 CORES12            0             0             0             0             0
 HEAL121            0             0             0             0             0
 HEAL123            0             0             0             0             0
 MARR12             0             0             0             0             0
 ECO122             0             0             0             0             0
 ECO123             0             0             0             0             0
 HWC122             0             0             0             0             0
 HWC123             0             0             0             0             0
 HUKOU12            0             0             0             0             0
 SAT12              0             0             0             0             0
 ADL12              0             0             0             0             0
 FINC12             0             0             0             0             0
 I4                 0             0             0             0             0
 S4                 0             0             0             0             0
 WZ_INT             0             0             0             0             0


           LAMBDA
              CORES12       HEAL121       HEAL123       MARR12        ECO122
              ________      ________      ________      ________      ________
 WFDMS12            0             0             0             0             0
 WFDMS16            0             0             0             0             0
 WFDMS18            0             0             0             0             0
 WFDMS20            0             0             0             0             0
 WFDMS22            0             0             0             0             0
 CES8SD12           0             0             0             0             0
 CES8SD16           0             0             0             0             0
 CES8SD18           0             0             0             0             0
 CES8SD20           0             0             0             0             0
 CES8SD22           0             0             0             0             0
 SEX12              0             0             0             0             0
 EDU12              0             0             0             0             0
 URBAN12            0             0             0             0             0
 PROV122            0             0             0             0             0
 PROV123            0             0             0             0             0
 CDN12              0             0             0             0             0
 CDAR12             0             0             0             0             0
 CDSC121            0             0             0             0             0
 MINOR12            0             0             0             0             0
 WAVE               0             0             0             0             0
 AGEG12             0             0             0             0             0
 PINC12             0             0             0             0             0
 PINC212            0             0             0             0             0
 CORES12            0             0             0             0             0
 HEAL121            0             0             0             0             0
 HEAL123            0             0             0             0             0
 MARR12             0             0             0             0             0
 ECO122             0             0             0             0             0
 ECO123             0             0             0             0             0
 HWC122             0             0             0             0             0
 HWC123             0             0             0             0             0
 HUKOU12            0             0             0             0             0
 SAT12              0             0             0             0             0
 ADL12              0             0             0             0             0
 FINC12             0             0             0             0             0
 I4                 0             0             0             0             0
 S4                 0             0             0             0             0
 WZ_INT             0             0             0             0             0


           LAMBDA
              ECO123        HWC122        HWC123        HUKOU12       SAT12
              ________      ________      ________      ________      ________
 WFDMS12            0             0             0             0             0
 WFDMS16            0             0             0             0             0
 WFDMS18            0             0             0             0             0
 WFDMS20            0             0             0             0             0
 WFDMS22            0             0             0             0             0
 CES8SD12           0             0             0             0             0
 CES8SD16           0             0             0             0             0
 CES8SD18           0             0             0             0             0
 CES8SD20           0             0             0             0             0
 CES8SD22           0             0             0             0             0
 SEX12              0             0             0             0             0
 EDU12              0             0             0             0             0
 URBAN12            0             0             0             0             0
 PROV122            0             0             0             0             0
 PROV123            0             0             0             0             0
 CDN12              0             0             0             0             0
 CDAR12             0             0             0             0             0
 CDSC121            0             0             0             0             0
 MINOR12            0             0             0             0             0
 WAVE               0             0             0             0             0
 AGEG12             0             0             0             0             0
 PINC12             0             0             0             0             0
 PINC212            0             0             0             0             0
 CORES12            0             0             0             0             0
 HEAL121            0             0             0             0             0
 HEAL123            0             0             0             0             0
 MARR12             0             0             0             0             0
 ECO122             0             0             0             0             0
 ECO123             0             0             0             0             0
 HWC122             0             0             0             0             0
 HWC123             0             0             0             0             0
 HUKOU12            0             0             0             0             0
 SAT12              0             0             0             0             0
 ADL12              0             0             0             0             0
 FINC12             0             0             0             0             0
 I4                 0             0             0             0             0
 S4                 0             0             0             0             0
 WZ_INT             0             0             0             0             0


           LAMBDA
              ADL12         FINC12        I4            S4            WZ_INT
              ________      ________      ________      ________      ________
 WFDMS12            0             0             0             0             0
 WFDMS16            0             0             0             0             0
 WFDMS18            0             0             0             0             0
 WFDMS20            0             0             0             0             0
 WFDMS22            0             0             0             0             0
 CES8SD12           0             0             0             0             0
 CES8SD16           0             0             0             0             0
 CES8SD18           0             0             0             0             0
 CES8SD20           0             0             0             0             0
 CES8SD22           0             0             0             0             0
 SEX12              0             0             0             0             0
 EDU12              0             0             0             0             0
 URBAN12            0             0             0             0             0
 PROV122            0             0             0             0             0
 PROV123            0             0             0             0             0
 CDN12              0             0             0             0             0
 CDAR12             0             0             0             0             0
 CDSC121            0             0             0             0             0
 MINOR12            0             0             0             0             0
 WAVE               0             0             0             0             0
 AGEG12             0             0             0             0             0
 PINC12             0             0             0             0             0
 PINC212            0             0             0             0             0
 CORES12            0             0             0             0             0
 HEAL121            0             0             0             0             0
 HEAL123            0             0             0             0             0
 MARR12             0             0             0             0             0
 ECO122             0             0             0             0             0
 ECO123             0             0             0             0             0
 HWC122             0             0             0             0             0
 HWC123             0             0             0             0             0
 HUKOU12            0             0             0             0             0
 SAT12              0             0             0             0             0
 ADL12              0             0             0             0             0
 FINC12             0             0             0             0             0
 I4                 0             0             0             0             0
 S4                 0             0             0             0             0
 WZ_INT             0             0             0             0             0


           THETA
              WFDMS12       WFDMS16       WFDMS18       WFDMS20       WFDMS22
              ________      ________      ________      ________      ________
 WFDMS12            7
 WFDMS16            0             8
 WFDMS18            0             0             9
 WFDMS20            0             0             0            10
 WFDMS22            0             0             0             0            11
 CES8SD12           0             0             0             0             0
 CES8SD16           0             0             0             0             0
 CES8SD18           0             0             0             0             0
 CES8SD20           0             0             0             0             0
 CES8SD22           0             0             0             0             0
 SEX12              0             0             0             0             0
 EDU12              0             0             0             0             0
 URBAN12            0             0             0             0             0
 PROV122            0             0             0             0             0
 PROV123            0             0             0             0             0
 CDN12              0             0             0             0             0
 CDAR12             0             0             0             0             0
 CDSC121            0             0             0             0             0
 MINOR12            0             0             0             0             0
 WAVE               0             0             0             0             0
 AGEG12             0             0             0             0             0
 PINC12             0             0             0             0             0
 PINC212            0             0             0             0             0
 CORES12            0             0             0             0             0
 HEAL121            0             0             0             0             0
 HEAL123            0             0             0             0             0
 MARR12             0             0             0             0             0
 ECO122             0             0             0             0             0
 ECO123             0             0             0             0             0
 HWC122             0             0             0             0             0
 HWC123             0             0             0             0             0
 HUKOU12            0             0             0             0             0
 SAT12              0             0             0             0             0
 ADL12              0             0             0             0             0
 FINC12             0             0             0             0             0
 I4                 0             0             0             0             0
 S4                 0             0             0             0             0
 WZ_INT             0             0             0             0             0


           THETA
              CES8SD12      CES8SD16      CES8SD18      CES8SD20      CES8SD22
              ________      ________      ________      ________      ________
 CES8SD12          12
 CES8SD16           0            13
 CES8SD18           0             0            14
 CES8SD20           0             0             0            15
 CES8SD22           0             0             0             0            16
 SEX12              0             0             0             0             0
 EDU12              0             0             0             0             0
 URBAN12            0             0             0             0             0
 PROV122            0             0             0             0             0
 PROV123            0             0             0             0             0
 CDN12              0             0             0             0             0
 CDAR12             0             0             0             0             0
 CDSC121            0             0             0             0             0
 MINOR12            0             0             0             0             0
 WAVE               0             0             0             0             0
 AGEG12             0             0             0             0             0
 PINC12             0             0             0             0             0
 PINC212            0             0             0             0             0
 CORES12            0             0             0             0             0
 HEAL121            0             0             0             0             0
 HEAL123            0             0             0             0             0
 MARR12             0             0             0             0             0
 ECO122             0             0             0             0             0
 ECO123             0             0             0             0             0
 HWC122             0             0             0             0             0
 HWC123             0             0             0             0             0
 HUKOU12            0             0             0             0             0
 SAT12              0             0             0             0             0
 ADL12              0             0             0             0             0
 FINC12             0             0             0             0             0
 I4                 0             0             0             0             0
 S4                 0             0             0             0             0
 WZ_INT             0             0             0             0             0


           THETA
              SEX12         EDU12         URBAN12       PROV122       PROV123
              ________      ________      ________      ________      ________
 SEX12              0
 EDU12              0             0
 URBAN12            0             0             0
 PROV122            0             0             0             0
 PROV123            0             0             0             0             0
 CDN12              0             0             0             0             0
 CDAR12             0             0             0             0             0
 CDSC121            0             0             0             0             0
 MINOR12            0             0             0             0             0
 WAVE               0             0             0             0             0
 AGEG12             0             0             0             0             0
 PINC12             0             0             0             0             0
 PINC212            0             0             0             0             0
 CORES12            0             0             0             0             0
 HEAL121            0             0             0             0             0
 HEAL123            0             0             0             0             0
 MARR12             0             0             0             0             0
 ECO122             0             0             0             0             0
 ECO123             0             0             0             0             0
 HWC122             0             0             0             0             0
 HWC123             0             0             0             0             0
 HUKOU12            0             0             0             0             0
 SAT12              0             0             0             0             0
 ADL12              0             0             0             0             0
 FINC12             0             0             0             0             0
 I4                 0             0             0             0             0
 S4                 0             0             0             0             0
 WZ_INT             0             0             0             0             0


           THETA
              CDN12         CDAR12        CDSC121       MINOR12       WAVE
              ________      ________      ________      ________      ________
 CDN12              0
 CDAR12             0             0
 CDSC121            0             0             0
 MINOR12            0             0             0             0
 WAVE               0             0             0             0             0
 AGEG12             0             0             0             0             0
 PINC12             0             0             0             0             0
 PINC212            0             0             0             0             0
 CORES12            0             0             0             0             0
 HEAL121            0             0             0             0             0
 HEAL123            0             0             0             0             0
 MARR12             0             0             0             0             0
 ECO122             0             0             0             0             0
 ECO123             0             0             0             0             0
 HWC122             0             0             0             0             0
 HWC123             0             0             0             0             0
 HUKOU12            0             0             0             0             0
 SAT12              0             0             0             0             0
 ADL12              0             0             0             0             0
 FINC12             0             0             0             0             0
 I4                 0             0             0             0             0
 S4                 0             0             0             0             0
 WZ_INT             0             0             0             0             0


           THETA
              AGEG12        PINC12        PINC212       CORES12       HEAL121
              ________      ________      ________      ________      ________
 AGEG12             0
 PINC12             0             0
 PINC212            0             0             0
 CORES12            0             0             0             0
 HEAL121            0             0             0             0             0
 HEAL123            0             0             0             0             0
 MARR12             0             0             0             0             0
 ECO122             0             0             0             0             0
 ECO123             0             0             0             0             0
 HWC122             0             0             0             0             0
 HWC123             0             0             0             0             0
 HUKOU12            0             0             0             0             0
 SAT12              0             0             0             0             0
 ADL12              0             0             0             0             0
 FINC12             0             0             0             0             0
 I4                 0             0             0             0             0
 S4                 0             0             0             0             0
 WZ_INT             0             0             0             0             0


           THETA
              HEAL123       MARR12        ECO122        ECO123        HWC122
              ________      ________      ________      ________      ________
 HEAL123            0
 MARR12             0             0
 ECO122             0             0             0
 ECO123             0             0             0             0
 HWC122             0             0             0             0             0
 HWC123             0             0             0             0             0
 HUKOU12            0             0             0             0             0
 SAT12              0             0             0             0             0
 ADL12              0             0             0             0             0
 FINC12             0             0             0             0             0
 I4                 0             0             0             0             0
 S4                 0             0             0             0             0
 WZ_INT             0             0             0             0             0


           THETA
              HWC123        HUKOU12       SAT12         ADL12         FINC12
              ________      ________      ________      ________      ________
 HWC123             0
 HUKOU12            0             0
 SAT12              0             0             0
 ADL12              0             0             0             0
 FINC12             0             0             0             0             0
 I4                 0             0             0             0             0
 S4                 0             0             0             0             0
 WZ_INT             0             0             0             0             0


           THETA
              I4            S4            WZ_INT
              ________      ________      ________
 I4                 0
 S4                 0             0
 WZ_INT             0             0             0


           ALPHA
              I1            S1            I5            S5            XW_INT
              ________      ________      ________      ________      ________
                   17            18            19            20             0


           ALPHA
              XZ_INT        XWZ_INT       SEX12         EDU12         URBAN12
              ________      ________      ________      ________      ________
                    0             0             0             0             0


           ALPHA
              PROV122       PROV123       CDN12         CDAR12        CDSC121
              ________      ________      ________      ________      ________
                    0             0             0             0             0


           ALPHA
              MINOR12       WAVE          AGEG12        PINC12        PINC212
              ________      ________      ________      ________      ________
                    0             0             0             0             0


           ALPHA
              CORES12       HEAL121       HEAL123       MARR12        ECO122
              ________      ________      ________      ________      ________
                    0             0             0             0             0


           ALPHA
              ECO123        HWC122        HWC123        HUKOU12       SAT12
              ________      ________      ________      ________      ________
                    0             0             0             0             0


           ALPHA
              ADL12         FINC12        I4            S4            WZ_INT
              ________      ________      ________      ________      ________
                    0             0             0             0             0


           BETA
              I1            S1            I5            S5            XW_INT
              ________      ________      ________      ________      ________
 I1                 0             0             0             0             0
 S1                 0             0             0             0             0
 I5                21             0             0             0             0
 S5                47            48            49             0            50
 XW_INT             0             0             0             0             0
 XZ_INT             0             0             0             0             0
 XWZ_INT            0             0             0             0             0
 SEX12              0             0             0             0             0
 EDU12              0             0             0             0             0
 URBAN12            0             0             0             0             0
 PROV122            0             0             0             0             0
 PROV123            0             0             0             0             0
 CDN12              0             0             0             0             0
 CDAR12             0             0             0             0             0
 CDSC121            0             0             0             0             0
 MINOR12            0             0             0             0             0
 WAVE               0             0             0             0             0
 AGEG12             0             0             0             0             0
 PINC12             0             0             0             0             0
 PINC212            0             0             0             0             0
 CORES12            0             0             0             0             0
 HEAL121            0             0             0             0             0
 HEAL123            0             0             0             0             0
 MARR12             0             0             0             0             0
 ECO122             0             0             0             0             0
 ECO123             0             0             0             0             0
 HWC122             0             0             0             0             0
 HWC123             0             0             0             0             0
 HUKOU12            0             0             0             0             0
 SAT12              0             0             0             0             0
 ADL12              0             0             0             0             0
 FINC12             0             0             0             0             0
 I4                 0             0             0             0             0
 S4                 0             0             0             0             0
 WZ_INT             0             0             0             0             0


           BETA
              XZ_INT        XWZ_INT       SEX12         EDU12         URBAN12
              ________      ________      ________      ________      ________
 I1                 0             0             0             0             0
 S1                 0             0             0             0             0
 I5                 0             0            22            23             0
 S5                51            52            53            54            55
 XW_INT             0             0             0             0             0
 XZ_INT             0             0             0             0             0
 XWZ_INT            0             0             0             0             0
 SEX12              0             0             0             0             0
 EDU12              0             0             0             0             0
 URBAN12            0             0             0             0             0
 PROV122            0             0             0             0             0
 PROV123            0             0             0             0             0
 CDN12              0             0             0             0             0
 CDAR12             0             0             0             0             0
 CDSC121            0             0             0             0             0
 MINOR12            0             0             0             0             0
 WAVE               0             0             0             0             0
 AGEG12             0             0             0             0             0
 PINC12             0             0             0             0             0
 PINC212            0             0             0             0             0
 CORES12            0             0             0             0             0
 HEAL121            0             0             0             0             0
 HEAL123            0             0             0             0             0
 MARR12             0             0             0             0             0
 ECO122             0             0             0             0             0
 ECO123             0             0             0             0             0
 HWC122             0             0             0             0             0
 HWC123             0             0             0             0             0
 HUKOU12            0             0             0             0             0
 SAT12              0             0             0             0             0
 ADL12              0             0             0             0             0
 FINC12             0             0             0             0             0
 I4                 0             0             0             0             0
 S4                 0             0             0             0             0
 WZ_INT             0             0             0             0             0


           BETA
              PROV122       PROV123       CDN12         CDAR12        CDSC121
              ________      ________      ________      ________      ________
 I1                 0             0             0             0             0
 S1                 0             0             0             0             0
 I5                24            25            26            27            28
 S5                56            57            58            59            60
 XW_INT             0             0             0             0             0
 XZ_INT             0             0             0             0             0
 XWZ_INT            0             0             0             0             0
 SEX12              0             0             0             0             0
 EDU12              0             0             0             0             0
 URBAN12            0             0             0             0             0
 PROV122            0             0             0             0             0
 PROV123            0             0             0             0             0
 CDN12              0             0             0             0             0
 CDAR12             0             0             0             0             0
 CDSC121            0             0             0             0             0
 MINOR12            0             0             0             0             0
 WAVE               0             0             0             0             0
 AGEG12             0             0             0             0             0
 PINC12             0             0             0             0             0
 PINC212            0             0             0             0             0
 CORES12            0             0             0             0             0
 HEAL121            0             0             0             0             0
 HEAL123            0             0             0             0             0
 MARR12             0             0             0             0             0
 ECO122             0             0             0             0             0
 ECO123             0             0             0             0             0
 HWC122             0             0             0             0             0
 HWC123             0             0             0             0             0
 HUKOU12            0             0             0             0             0
 SAT12              0             0             0             0             0
 ADL12              0             0             0             0             0
 FINC12             0             0             0             0             0
 I4                 0             0             0             0             0
 S4                 0             0             0             0             0
 WZ_INT             0             0             0             0             0


           BETA
              MINOR12       WAVE          AGEG12        PINC12        PINC212
              ________      ________      ________      ________      ________
 I1                 0             0             0             0             0
 S1                 0             0             0             0             0
 I5                29            30            31            32            33
 S5                61            62            63            64            65
 XW_INT             0             0             0             0             0
 XZ_INT             0             0             0             0             0
 XWZ_INT            0             0             0             0             0
 SEX12              0             0             0             0             0
 EDU12              0             0             0             0             0
 URBAN12            0             0             0             0             0
 PROV122            0             0             0             0             0
 PROV123            0             0             0             0             0
 CDN12              0             0             0             0             0
 CDAR12             0             0             0             0             0
 CDSC121            0             0             0             0             0
 MINOR12            0             0             0             0             0
 WAVE               0             0             0             0             0
 AGEG12             0             0             0             0             0
 PINC12             0             0             0             0             0
 PINC212            0             0             0             0             0
 CORES12            0             0             0             0             0
 HEAL121            0             0             0             0             0
 HEAL123            0             0             0             0             0
 MARR12             0             0             0             0             0
 ECO122             0             0             0             0             0
 ECO123             0             0             0             0             0
 HWC122             0             0             0             0             0
 HWC123             0             0             0             0             0
 HUKOU12            0             0             0             0             0
 SAT12              0             0             0             0             0
 ADL12              0             0             0             0             0
 FINC12             0             0             0             0             0
 I4                 0             0             0             0             0
 S4                 0             0             0             0             0
 WZ_INT             0             0             0             0             0


           BETA
              CORES12       HEAL121       HEAL123       MARR12        ECO122
              ________      ________      ________      ________      ________
 I1                 0             0             0             0             0
 S1                 0             0             0             0             0
 I5                34            35            36            37            38
 S5                66            67            68            69            70
 XW_INT             0             0             0             0             0
 XZ_INT             0             0             0             0             0
 XWZ_INT            0             0             0             0             0
 SEX12              0             0             0             0             0
 EDU12              0             0             0             0             0
 URBAN12            0             0             0             0             0
 PROV122            0             0             0             0             0
 PROV123            0             0             0             0             0
 CDN12              0             0             0             0             0
 CDAR12             0             0             0             0             0
 CDSC121            0             0             0             0             0
 MINOR12            0             0             0             0             0
 WAVE               0             0             0             0             0
 AGEG12             0             0             0             0             0
 PINC12             0             0             0             0             0
 PINC212            0             0             0             0             0
 CORES12            0             0             0             0             0
 HEAL121            0             0             0             0             0
 HEAL123            0             0             0             0             0
 MARR12             0             0             0             0             0
 ECO122             0             0             0             0             0
 ECO123             0             0             0             0             0
 HWC122             0             0             0             0             0
 HWC123             0             0             0             0             0
 HUKOU12            0             0             0             0             0
 SAT12              0             0             0             0             0
 ADL12              0             0             0             0             0
 FINC12             0             0             0             0             0
 I4                 0             0             0             0             0
 S4                 0             0             0             0             0
 WZ_INT             0             0             0             0             0


           BETA
              ECO123        HWC122        HWC123        HUKOU12       SAT12
              ________      ________      ________      ________      ________
 I1                 0             0             0             0             0
 S1                 0             0             0             0             0
 I5                39            40            41            42            43
 S5                71            72            73            74            75
 XW_INT             0             0             0             0             0
 XZ_INT             0             0             0             0             0
 XWZ_INT            0             0             0             0             0
 SEX12              0             0             0             0             0
 EDU12              0             0             0             0             0
 URBAN12            0             0             0             0             0
 PROV122            0             0             0             0             0
 PROV123            0             0             0             0             0
 CDN12              0             0             0             0             0
 CDAR12             0             0             0             0             0
 CDSC121            0             0             0             0             0
 MINOR12            0             0             0             0             0
 WAVE               0             0             0             0             0
 AGEG12             0             0             0             0             0
 PINC12             0             0             0             0             0
 PINC212            0             0             0             0             0
 CORES12            0             0             0             0             0
 HEAL121            0             0             0             0             0
 HEAL123            0             0             0             0             0
 MARR12             0             0             0             0             0
 ECO122             0             0             0             0             0
 ECO123             0             0             0             0             0
 HWC122             0             0             0             0             0
 HWC123             0             0             0             0             0
 HUKOU12            0             0             0             0             0
 SAT12              0             0             0             0             0
 ADL12              0             0             0             0             0
 FINC12             0             0             0             0             0
 I4                 0             0             0             0             0
 S4                 0             0             0             0             0
 WZ_INT             0             0             0             0             0


           BETA
              ADL12         FINC12        I4            S4            WZ_INT
              ________      ________      ________      ________      ________
 I1                 0             0             0             0             0
 S1                 0             0             0             0             0
 I5                44            45            46             0             0
 S5                76            77            78            79            80
 XW_INT             0             0             0             0             0
 XZ_INT             0             0             0             0             0
 XWZ_INT            0             0             0             0             0
 SEX12              0             0             0             0             0
 EDU12              0             0             0             0             0
 URBAN12            0             0             0             0             0
 PROV122            0             0             0             0             0
 PROV123            0             0             0             0             0
 CDN12              0             0             0             0             0
 CDAR12             0             0             0             0             0
 CDSC121            0             0             0             0             0
 MINOR12            0             0             0             0             0
 WAVE               0             0             0             0             0
 AGEG12             0             0             0             0             0
 PINC12             0             0             0             0             0
 PINC212            0             0             0             0             0
 CORES12            0             0             0             0             0
 HEAL121            0             0             0             0             0
 HEAL123            0             0             0             0             0
 MARR12             0             0             0             0             0
 ECO122             0             0             0             0             0
 ECO123             0             0             0             0             0
 HWC122             0             0             0             0             0
 HWC123             0             0             0             0             0
 HUKOU12            0             0             0             0             0
 SAT12              0             0             0             0             0
 ADL12              0             0             0             0             0
 FINC12             0             0             0             0             0
 I4                 0             0             0             0             0
 S4                 0             0             0             0             0
 WZ_INT             0             0             0             0             0


           PSI
              I1            S1            I5            S5            XW_INT
              ________      ________      ________      ________      ________
 I1                81
 S1                82            83
 I5                 0             0            84
 S5                 0             0             0            85
 XW_INT             0             0             0             0             0
 XZ_INT             0             0             0             0             0
 XWZ_INT            0             0             0             0             0
 SEX12              0             0             0             0             0
 EDU12              0             0             0             0             0
 URBAN12            0             0             0             0             0
 PROV122            0             0             0             0             0
 PROV123            0             0             0             0             0
 CDN12              0             0             0             0             0
 CDAR12             0             0             0             0             0
 CDSC121            0             0             0             0             0
 MINOR12            0             0             0             0             0
 WAVE               0             0             0             0             0
 AGEG12             0             0             0             0             0
 PINC12             0             0             0             0             0
 PINC212            0             0             0             0             0
 CORES12            0             0             0             0             0
 HEAL121            0             0             0             0             0
 HEAL123            0             0             0             0             0
 MARR12             0             0             0             0             0
 ECO122             0             0             0             0             0
 ECO123             0             0             0             0             0
 HWC122             0             0             0             0             0
 HWC123             0             0             0             0             0
 HUKOU12            0             0             0             0             0
 SAT12              0             0             0             0             0
 ADL12              0             0             0             0             0
 FINC12             0             0             0             0             0
 I4                 0             0             0             0             0
 S4                 0             0             0             0             0
 WZ_INT             0             0             0             0             0


           PSI
              XZ_INT        XWZ_INT       SEX12         EDU12         URBAN12
              ________      ________      ________      ________      ________
 XZ_INT             0
 XWZ_INT            0             0
 SEX12              0             0             0
 EDU12              0             0             0             0
 URBAN12            0             0             0             0             0
 PROV122            0             0             0             0             0
 PROV123            0             0             0             0             0
 CDN12              0             0             0             0             0
 CDAR12             0             0             0             0             0
 CDSC121            0             0             0             0             0
 MINOR12            0             0             0             0             0
 WAVE               0             0             0             0             0
 AGEG12             0             0             0             0             0
 PINC12             0             0             0             0             0
 PINC212            0             0             0             0             0
 CORES12            0             0             0             0             0
 HEAL121            0             0             0             0             0
 HEAL123            0             0             0             0             0
 MARR12             0             0             0             0             0
 ECO122             0             0             0             0             0
 ECO123             0             0             0             0             0
 HWC122             0             0             0             0             0
 HWC123             0             0             0             0             0
 HUKOU12            0             0             0             0             0
 SAT12              0             0             0             0             0
 ADL12              0             0             0             0             0
 FINC12             0             0             0             0             0
 I4                 0             0             0             0             0
 S4                 0             0             0             0             0
 WZ_INT             0             0             0             0             0


           PSI
              PROV122       PROV123       CDN12         CDAR12        CDSC121
              ________      ________      ________      ________      ________
 PROV122            0
 PROV123            0             0
 CDN12              0             0             0
 CDAR12             0             0             0             0
 CDSC121            0             0             0             0             0
 MINOR12            0             0             0             0             0
 WAVE               0             0             0             0             0
 AGEG12             0             0             0             0             0
 PINC12             0             0             0             0             0
 PINC212            0             0             0             0             0
 CORES12            0             0             0             0             0
 HEAL121            0             0             0             0             0
 HEAL123            0             0             0             0             0
 MARR12             0             0             0             0             0
 ECO122             0             0             0             0             0
 ECO123             0             0             0             0             0
 HWC122             0             0             0             0             0
 HWC123             0             0             0             0             0
 HUKOU12            0             0             0             0             0
 SAT12              0             0             0             0             0
 ADL12              0             0             0             0             0
 FINC12             0             0             0             0             0
 I4                 0             0             0             0             0
 S4                 0             0             0             0             0
 WZ_INT             0             0             0             0             0


           PSI
              MINOR12       WAVE          AGEG12        PINC12        PINC212
              ________      ________      ________      ________      ________
 MINOR12            0
 WAVE               0             0
 AGEG12             0             0             0
 PINC12             0             0             0             0
 PINC212            0             0             0             0             0
 CORES12            0             0             0             0             0
 HEAL121            0             0             0             0             0
 HEAL123            0             0             0             0             0
 MARR12             0             0             0             0             0
 ECO122             0             0             0             0             0
 ECO123             0             0             0             0             0
 HWC122             0             0             0             0             0
 HWC123             0             0             0             0             0
 HUKOU12            0             0             0             0             0
 SAT12              0             0             0             0             0
 ADL12              0             0             0             0             0
 FINC12             0             0             0             0             0
 I4                 0             0             0             0             0
 S4                 0             0             0             0             0
 WZ_INT             0             0             0             0             0


           PSI
              CORES12       HEAL121       HEAL123       MARR12        ECO122
              ________      ________      ________      ________      ________
 CORES12            0
 HEAL121            0             0
 HEAL123            0             0             0
 MARR12             0             0             0             0
 ECO122             0             0             0             0             0
 ECO123             0             0             0             0             0
 HWC122             0             0             0             0             0
 HWC123             0             0             0             0             0
 HUKOU12            0             0             0             0             0
 SAT12              0             0             0             0             0
 ADL12              0             0             0             0             0
 FINC12             0             0             0             0             0
 I4                 0             0             0             0             0
 S4                 0             0             0             0             0
 WZ_INT             0             0             0             0             0


           PSI
              ECO123        HWC122        HWC123        HUKOU12       SAT12
              ________      ________      ________      ________      ________
 ECO123             0
 HWC122             0             0
 HWC123             0             0             0
 HUKOU12            0             0             0             0
 SAT12              0             0             0             0             0
 ADL12              0             0             0             0             0
 FINC12             0             0             0             0             0
 I4                 0             0             0             0             0
 S4                 0             0             0             0             0
 WZ_INT             0             0             0             0             0


           PSI
              ADL12         FINC12        I4            S4            WZ_INT
              ________      ________      ________      ________      ________
 ADL12              0
 FINC12             0             0
 I4                 0             0             0
 S4                 0             0             0             0
 WZ_INT             0             0             0             0             0


     PARAMETER SPECIFICATION FOR THE ADDITIONAL PARAMETERS


           NEW/ADDITIONAL PARAMETERS
              MIN_W         MAX_W         LO_Z          HI_Z          WSSS0
              ________      ________      ________      ________      ________
                   86            87            88            89            90


           NEW/ADDITIONAL PARAMETERS
              WSSS1         WSSS0MIN      WSSS0MAX      WSSS1MIN      WSSS1MAX
              ________      ________      ________      ________      ________
                   91            92            93            94            95


           NEW/ADDITIONAL PARAMETERS
              WVALUE        JN_WSSS
              ________      ________
                   96            97


     STARTING VALUES


           NU
              WFDMS12       WFDMS16       WFDMS18       WFDMS20       WFDMS22
              ________      ________      ________      ________      ________
                0.000         0.000         0.000         0.000         0.000


           NU
              CES8SD12      CES8SD16      CES8SD18      CES8SD20      CES8SD22
              ________      ________      ________      ________      ________
                0.000         0.000         0.000         0.000         0.000


           NU
              SEX12         EDU12         URBAN12       PROV122       PROV123
              ________      ________      ________      ________      ________
                0.000         0.000         0.000         0.000         0.000


           NU
              CDN12         CDAR12        CDSC121       MINOR12       WAVE
              ________      ________      ________      ________      ________
                0.000         0.000         0.000         0.000         0.000


           NU
              AGEG12        PINC12        PINC212       CORES12       HEAL121
              ________      ________      ________      ________      ________
                0.000         0.000         0.000         0.000         0.000


           NU
              HEAL123       MARR12        ECO122        ECO123        HWC122
              ________      ________      ________      ________      ________
                0.000         0.000         0.000         0.000         0.000


           NU
              HWC123        HUKOU12       SAT12         ADL12         FINC12
              ________      ________      ________      ________      ________
                0.000         0.000         0.000         0.000         0.000


           NU
              I4            S4            WZ_INT
              ________      ________      ________
                0.000         0.000         0.000


           LAMBDA
              I1            S1            I5            S5            XW_INT
              ________      ________      ________      ________      ________
 WFDMS12        1.000         0.000         0.000         0.000         0.000
 WFDMS16        1.000         4.000         0.000         0.000         0.000
 WFDMS18        1.000         6.000         0.000         0.000         0.000
 WFDMS20        1.000         8.000         0.000         0.000         0.000
 WFDMS22        1.000        10.000         0.000         0.000         0.000
 CES8SD12       0.000         0.000         1.000         0.000         0.000
 CES8SD16       0.000         0.000         1.000         4.000         0.000
 CES8SD18       0.000         0.000         1.000         6.000         0.000
 CES8SD20       0.000         0.000         1.000         8.000         0.000
 CES8SD22       0.000         0.000         1.000        10.000         0.000
 SEX12          0.000         0.000         0.000         0.000         0.000
 EDU12          0.000         0.000         0.000         0.000         0.000
 URBAN12        0.000         0.000         0.000         0.000         0.000
 PROV122        0.000         0.000         0.000         0.000         0.000
 PROV123        0.000         0.000         0.000         0.000         0.000
 CDN12          0.000         0.000         0.000         0.000         0.000
 CDAR12         0.000         0.000         0.000         0.000         0.000
 CDSC121        0.000         0.000         0.000         0.000         0.000
 MINOR12        0.000         0.000         0.000         0.000         0.000
 WAVE           0.000         0.000         0.000         0.000         0.000
 AGEG12         0.000         0.000         0.000         0.000         0.000
 PINC12         0.000         0.000         0.000         0.000         0.000
 PINC212        0.000         0.000         0.000         0.000         0.000
 CORES12        0.000         0.000         0.000         0.000         0.000
 HEAL121        0.000         0.000         0.000         0.000         0.000
 HEAL123        0.000         0.000         0.000         0.000         0.000
 MARR12         0.000         0.000         0.000         0.000         0.000
 ECO122         0.000         0.000         0.000         0.000         0.000
 ECO123         0.000         0.000         0.000         0.000         0.000
 HWC122         0.000         0.000         0.000         0.000         0.000
 HWC123         0.000         0.000         0.000         0.000         0.000
 HUKOU12        0.000         0.000         0.000         0.000         0.000
 SAT12          0.000         0.000         0.000         0.000         0.000
 ADL12          0.000         0.000         0.000         0.000         0.000
 FINC12         0.000         0.000         0.000         0.000         0.000
 I4             0.000         0.000         0.000         0.000         0.000
 S4             0.000         0.000         0.000         0.000         0.000
 WZ_INT         0.000         0.000         0.000         0.000         0.000


           LAMBDA
              XZ_INT        XWZ_INT       SEX12         EDU12         URBAN12
              ________      ________      ________      ________      ________
 WFDMS12        0.000         0.000         0.000         0.000         0.000
 WFDMS16        0.000         0.000         0.000         0.000         0.000
 WFDMS18        0.000         0.000         0.000         0.000         0.000
 WFDMS20        0.000         0.000         0.000         0.000         0.000
 WFDMS22        0.000         0.000         0.000         0.000         0.000
 CES8SD12       0.000         0.000         0.000         0.000         0.000
 CES8SD16       0.000         0.000         0.000         0.000         0.000
 CES8SD18       0.000         0.000         0.000         0.000         0.000
 CES8SD20       0.000         0.000         0.000         0.000         0.000
 CES8SD22       0.000         0.000         0.000         0.000         0.000
 SEX12          0.000         0.000         1.000         0.000         0.000
 EDU12          0.000         0.000         0.000         1.000         0.000
 URBAN12        0.000         0.000         0.000         0.000         1.000
 PROV122        0.000         0.000         0.000         0.000         0.000
 PROV123        0.000         0.000         0.000         0.000         0.000
 CDN12          0.000         0.000         0.000         0.000         0.000
 CDAR12         0.000         0.000         0.000         0.000         0.000
 CDSC121        0.000         0.000         0.000         0.000         0.000
 MINOR12        0.000         0.000         0.000         0.000         0.000
 WAVE           0.000         0.000         0.000         0.000         0.000
 AGEG12         0.000         0.000         0.000         0.000         0.000
 PINC12         0.000         0.000         0.000         0.000         0.000
 PINC212        0.000         0.000         0.000         0.000         0.000
 CORES12        0.000         0.000         0.000         0.000         0.000
 HEAL121        0.000         0.000         0.000         0.000         0.000
 HEAL123        0.000         0.000         0.000         0.000         0.000
 MARR12         0.000         0.000         0.000         0.000         0.000
 ECO122         0.000         0.000         0.000         0.000         0.000
 ECO123         0.000         0.000         0.000         0.000         0.000
 HWC122         0.000         0.000         0.000         0.000         0.000
 HWC123         0.000         0.000         0.000         0.000         0.000
 HUKOU12        0.000         0.000         0.000         0.000         0.000
 SAT12          0.000         0.000         0.000         0.000         0.000
 ADL12          0.000         0.000         0.000         0.000         0.000
 FINC12         0.000         0.000         0.000         0.000         0.000
 I4             0.000         0.000         0.000         0.000         0.000
 S4             0.000         0.000         0.000         0.000         0.000
 WZ_INT         0.000         0.000         0.000         0.000         0.000


           LAMBDA
              PROV122       PROV123       CDN12         CDAR12        CDSC121
              ________      ________      ________      ________      ________
 WFDMS12        0.000         0.000         0.000         0.000         0.000
 WFDMS16        0.000         0.000         0.000         0.000         0.000
 WFDMS18        0.000         0.000         0.000         0.000         0.000
 WFDMS20        0.000         0.000         0.000         0.000         0.000
 WFDMS22        0.000         0.000         0.000         0.000         0.000
 CES8SD12       0.000         0.000         0.000         0.000         0.000
 CES8SD16       0.000         0.000         0.000         0.000         0.000
 CES8SD18       0.000         0.000         0.000         0.000         0.000
 CES8SD20       0.000         0.000         0.000         0.000         0.000
 CES8SD22       0.000         0.000         0.000         0.000         0.000
 SEX12          0.000         0.000         0.000         0.000         0.000
 EDU12          0.000         0.000         0.000         0.000         0.000
 URBAN12        0.000         0.000         0.000         0.000         0.000
 PROV122        1.000         0.000         0.000         0.000         0.000
 PROV123        0.000         1.000         0.000         0.000         0.000
 CDN12          0.000         0.000         1.000         0.000         0.000
 CDAR12         0.000         0.000         0.000         1.000         0.000
 CDSC121        0.000         0.000         0.000         0.000         1.000
 MINOR12        0.000         0.000         0.000         0.000         0.000
 WAVE           0.000         0.000         0.000         0.000         0.000
 AGEG12         0.000         0.000         0.000         0.000         0.000
 PINC12         0.000         0.000         0.000         0.000         0.000
 PINC212        0.000         0.000         0.000         0.000         0.000
 CORES12        0.000         0.000         0.000         0.000         0.000
 HEAL121        0.000         0.000         0.000         0.000         0.000
 HEAL123        0.000         0.000         0.000         0.000         0.000
 MARR12         0.000         0.000         0.000         0.000         0.000
 ECO122         0.000         0.000         0.000         0.000         0.000
 ECO123         0.000         0.000         0.000         0.000         0.000
 HWC122         0.000         0.000         0.000         0.000         0.000
 HWC123         0.000         0.000         0.000         0.000         0.000
 HUKOU12        0.000         0.000         0.000         0.000         0.000
 SAT12          0.000         0.000         0.000         0.000         0.000
 ADL12          0.000         0.000         0.000         0.000         0.000
 FINC12         0.000         0.000         0.000         0.000         0.000
 I4             0.000         0.000         0.000         0.000         0.000
 S4             0.000         0.000         0.000         0.000         0.000
 WZ_INT         0.000         0.000         0.000         0.000         0.000


           LAMBDA
              MINOR12       WAVE          AGEG12        PINC12        PINC212
              ________      ________      ________      ________      ________
 WFDMS12        0.000         0.000         0.000         0.000         0.000
 WFDMS16        0.000         0.000         0.000         0.000         0.000
 WFDMS18        0.000         0.000         0.000         0.000         0.000
 WFDMS20        0.000         0.000         0.000         0.000         0.000
 WFDMS22        0.000         0.000         0.000         0.000         0.000
 CES8SD12       0.000         0.000         0.000         0.000         0.000
 CES8SD16       0.000         0.000         0.000         0.000         0.000
 CES8SD18       0.000         0.000         0.000         0.000         0.000
 CES8SD20       0.000         0.000         0.000         0.000         0.000
 CES8SD22       0.000         0.000         0.000         0.000         0.000
 SEX12          0.000         0.000         0.000         0.000         0.000
 EDU12          0.000         0.000         0.000         0.000         0.000
 URBAN12        0.000         0.000         0.000         0.000         0.000
 PROV122        0.000         0.000         0.000         0.000         0.000
 PROV123        0.000         0.000         0.000         0.000         0.000
 CDN12          0.000         0.000         0.000         0.000         0.000
 CDAR12         0.000         0.000         0.000         0.000         0.000
 CDSC121        0.000         0.000         0.000         0.000         0.000
 MINOR12        1.000         0.000         0.000         0.000         0.000
 WAVE           0.000         1.000         0.000         0.000         0.000
 AGEG12         0.000         0.000         1.000         0.000         0.000
 PINC12         0.000         0.000         0.000         1.000         0.000
 PINC212        0.000         0.000         0.000         0.000         1.000
 CORES12        0.000         0.000         0.000         0.000         0.000
 HEAL121        0.000         0.000         0.000         0.000         0.000
 HEAL123        0.000         0.000         0.000         0.000         0.000
 MARR12         0.000         0.000         0.000         0.000         0.000
 ECO122         0.000         0.000         0.000         0.000         0.000
 ECO123         0.000         0.000         0.000         0.000         0.000
 HWC122         0.000         0.000         0.000         0.000         0.000
 HWC123         0.000         0.000         0.000         0.000         0.000
 HUKOU12        0.000         0.000         0.000         0.000         0.000
 SAT12          0.000         0.000         0.000         0.000         0.000
 ADL12          0.000         0.000         0.000         0.000         0.000
 FINC12         0.000         0.000         0.000         0.000         0.000
 I4             0.000         0.000         0.000         0.000         0.000
 S4             0.000         0.000         0.000         0.000         0.000
 WZ_INT         0.000         0.000         0.000         0.000         0.000


           LAMBDA
              CORES12       HEAL121       HEAL123       MARR12        ECO122
              ________      ________      ________      ________      ________
 WFDMS12        0.000         0.000         0.000         0.000         0.000
 WFDMS16        0.000         0.000         0.000         0.000         0.000
 WFDMS18        0.000         0.000         0.000         0.000         0.000
 WFDMS20        0.000         0.000         0.000         0.000         0.000
 WFDMS22        0.000         0.000         0.000         0.000         0.000
 CES8SD12       0.000         0.000         0.000         0.000         0.000
 CES8SD16       0.000         0.000         0.000         0.000         0.000
 CES8SD18       0.000         0.000         0.000         0.000         0.000
 CES8SD20       0.000         0.000         0.000         0.000         0.000
 CES8SD22       0.000         0.000         0.000         0.000         0.000
 SEX12          0.000         0.000         0.000         0.000         0.000
 EDU12          0.000         0.000         0.000         0.000         0.000
 URBAN12        0.000         0.000         0.000         0.000         0.000
 PROV122        0.000         0.000         0.000         0.000         0.000
 PROV123        0.000         0.000         0.000         0.000         0.000
 CDN12          0.000         0.000         0.000         0.000         0.000
 CDAR12         0.000         0.000         0.000         0.000         0.000
 CDSC121        0.000         0.000         0.000         0.000         0.000
 MINOR12        0.000         0.000         0.000         0.000         0.000
 WAVE           0.000         0.000         0.000         0.000         0.000
 AGEG12         0.000         0.000         0.000         0.000         0.000
 PINC12         0.000         0.000         0.000         0.000         0.000
 PINC212        0.000         0.000         0.000         0.000         0.000
 CORES12        1.000         0.000         0.000         0.000         0.000
 HEAL121        0.000         1.000         0.000         0.000         0.000
 HEAL123        0.000         0.000         1.000         0.000         0.000
 MARR12         0.000         0.000         0.000         1.000         0.000
 ECO122         0.000         0.000         0.000         0.000         1.000
 ECO123         0.000         0.000         0.000         0.000         0.000
 HWC122         0.000         0.000         0.000         0.000         0.000
 HWC123         0.000         0.000         0.000         0.000         0.000
 HUKOU12        0.000         0.000         0.000         0.000         0.000
 SAT12          0.000         0.000         0.000         0.000         0.000
 ADL12          0.000         0.000         0.000         0.000         0.000
 FINC12         0.000         0.000         0.000         0.000         0.000
 I4             0.000         0.000         0.000         0.000         0.000
 S4             0.000         0.000         0.000         0.000         0.000
 WZ_INT         0.000         0.000         0.000         0.000         0.000


           LAMBDA
              ECO123        HWC122        HWC123        HUKOU12       SAT12
              ________      ________      ________      ________      ________
 WFDMS12        0.000         0.000         0.000         0.000         0.000
 WFDMS16        0.000         0.000         0.000         0.000         0.000
 WFDMS18        0.000         0.000         0.000         0.000         0.000
 WFDMS20        0.000         0.000         0.000         0.000         0.000
 WFDMS22        0.000         0.000         0.000         0.000         0.000
 CES8SD12       0.000         0.000         0.000         0.000         0.000
 CES8SD16       0.000         0.000         0.000         0.000         0.000
 CES8SD18       0.000         0.000         0.000         0.000         0.000
 CES8SD20       0.000         0.000         0.000         0.000         0.000
 CES8SD22       0.000         0.000         0.000         0.000         0.000
 SEX12          0.000         0.000         0.000         0.000         0.000
 EDU12          0.000         0.000         0.000         0.000         0.000
 URBAN12        0.000         0.000         0.000         0.000         0.000
 PROV122        0.000         0.000         0.000         0.000         0.000
 PROV123        0.000         0.000         0.000         0.000         0.000
 CDN12          0.000         0.000         0.000         0.000         0.000
 CDAR12         0.000         0.000         0.000         0.000         0.000
 CDSC121        0.000         0.000         0.000         0.000         0.000
 MINOR12        0.000         0.000         0.000         0.000         0.000
 WAVE           0.000         0.000         0.000         0.000         0.000
 AGEG12         0.000         0.000         0.000         0.000         0.000
 PINC12         0.000         0.000         0.000         0.000         0.000
 PINC212        0.000         0.000         0.000         0.000         0.000
 CORES12        0.000         0.000         0.000         0.000         0.000
 HEAL121        0.000         0.000         0.000         0.000         0.000
 HEAL123        0.000         0.000         0.000         0.000         0.000
 MARR12         0.000         0.000         0.000         0.000         0.000
 ECO122         0.000         0.000         0.000         0.000         0.000
 ECO123         1.000         0.000         0.000         0.000         0.000
 HWC122         0.000         1.000         0.000         0.000         0.000
 HWC123         0.000         0.000         1.000         0.000         0.000
 HUKOU12        0.000         0.000         0.000         1.000         0.000
 SAT12          0.000         0.000         0.000         0.000         1.000
 ADL12          0.000         0.000         0.000         0.000         0.000
 FINC12         0.000         0.000         0.000         0.000         0.000
 I4             0.000         0.000         0.000         0.000         0.000
 S4             0.000         0.000         0.000         0.000         0.000
 WZ_INT         0.000         0.000         0.000         0.000         0.000


           LAMBDA
              ADL12         FINC12        I4            S4            WZ_INT
              ________      ________      ________      ________      ________
 WFDMS12        0.000         0.000         0.000         0.000         0.000
 WFDMS16        0.000         0.000         0.000         0.000         0.000
 WFDMS18        0.000         0.000         0.000         0.000         0.000
 WFDMS20        0.000         0.000         0.000         0.000         0.000
 WFDMS22        0.000         0.000         0.000         0.000         0.000
 CES8SD12       0.000         0.000         0.000         0.000         0.000
 CES8SD16       0.000         0.000         0.000         0.000         0.000
 CES8SD18       0.000         0.000         0.000         0.000         0.000
 CES8SD20       0.000         0.000         0.000         0.000         0.000
 CES8SD22       0.000         0.000         0.000         0.000         0.000
 SEX12          0.000         0.000         0.000         0.000         0.000
 EDU12          0.000         0.000         0.000         0.000         0.000
 URBAN12        0.000         0.000         0.000         0.000         0.000
 PROV122        0.000         0.000         0.000         0.000         0.000
 PROV123        0.000         0.000         0.000         0.000         0.000
 CDN12          0.000         0.000         0.000         0.000         0.000
 CDAR12         0.000         0.000         0.000         0.000         0.000
 CDSC121        0.000         0.000         0.000         0.000         0.000
 MINOR12        0.000         0.000         0.000         0.000         0.000
 WAVE           0.000         0.000         0.000         0.000         0.000
 AGEG12         0.000         0.000         0.000         0.000         0.000
 PINC12         0.000         0.000         0.000         0.000         0.000
 PINC212        0.000         0.000         0.000         0.000         0.000
 CORES12        0.000         0.000         0.000         0.000         0.000
 HEAL121        0.000         0.000         0.000         0.000         0.000
 HEAL123        0.000         0.000         0.000         0.000         0.000
 MARR12         0.000         0.000         0.000         0.000         0.000
 ECO122         0.000         0.000         0.000         0.000         0.000
 ECO123         0.000         0.000         0.000         0.000         0.000
 HWC122         0.000         0.000         0.000         0.000         0.000
 HWC123         0.000         0.000         0.000         0.000         0.000
 HUKOU12        0.000         0.000         0.000         0.000         0.000
 SAT12          0.000         0.000         0.000         0.000         0.000
 ADL12          1.000         0.000         0.000         0.000         0.000
 FINC12         0.000         1.000         0.000         0.000         0.000
 I4             0.000         0.000         1.000         0.000         0.000
 S4             0.000         0.000         0.000         1.000         0.000
 WZ_INT         0.000         0.000         0.000         0.000         1.000


           THETA
              WFDMS12       WFDMS16       WFDMS18       WFDMS20       WFDMS22
              ________      ________      ________      ________      ________
 WFDMS12        0.503
 WFDMS16        0.000         0.484
 WFDMS18        0.000         0.000         0.407
 WFDMS20        0.000         0.000         0.000         0.480
 WFDMS22        0.000         0.000         0.000         0.000         0.437
 CES8SD12       0.000         0.000         0.000         0.000         0.000
 CES8SD16       0.000         0.000         0.000         0.000         0.000
 CES8SD18       0.000         0.000         0.000         0.000         0.000
 CES8SD20       0.000         0.000         0.000         0.000         0.000
 CES8SD22       0.000         0.000         0.000         0.000         0.000
 SEX12          0.000         0.000         0.000         0.000         0.000
 EDU12          0.000         0.000         0.000         0.000         0.000
 URBAN12        0.000         0.000         0.000         0.000         0.000
 PROV122        0.000         0.000         0.000         0.000         0.000
 PROV123        0.000         0.000         0.000         0.000         0.000
 CDN12          0.000         0.000         0.000         0.000         0.000
 CDAR12         0.000         0.000         0.000         0.000         0.000
 CDSC121        0.000         0.000         0.000         0.000         0.000
 MINOR12        0.000         0.000         0.000         0.000         0.000
 WAVE           0.000         0.000         0.000         0.000         0.000
 AGEG12         0.000         0.000         0.000         0.000         0.000
 PINC12         0.000         0.000         0.000         0.000         0.000
 PINC212        0.000         0.000         0.000         0.000         0.000
 CORES12        0.000         0.000         0.000         0.000         0.000
 HEAL121        0.000         0.000         0.000         0.000         0.000
 HEAL123        0.000         0.000         0.000         0.000         0.000
 MARR12         0.000         0.000         0.000         0.000         0.000
 ECO122         0.000         0.000         0.000         0.000         0.000
 ECO123         0.000         0.000         0.000         0.000         0.000
 HWC122         0.000         0.000         0.000         0.000         0.000
 HWC123         0.000         0.000         0.000         0.000         0.000
 HUKOU12        0.000         0.000         0.000         0.000         0.000
 SAT12          0.000         0.000         0.000         0.000         0.000
 ADL12          0.000         0.000         0.000         0.000         0.000
 FINC12         0.000         0.000         0.000         0.000         0.000
 I4             0.000         0.000         0.000         0.000         0.000
 S4             0.000         0.000         0.000         0.000         0.000
 WZ_INT         0.000         0.000         0.000         0.000         0.000


           THETA
              CES8SD12      CES8SD16      CES8SD18      CES8SD20      CES8SD22
              ________      ________      ________      ________      ________
 CES8SD12       0.499
 CES8SD16       0.000         1.544
 CES8SD18       0.000         0.000         1.523
 CES8SD20       0.000         0.000         0.000         1.431
 CES8SD22       0.000         0.000         0.000         0.000         1.593
 SEX12          0.000         0.000         0.000         0.000         0.000
 EDU12          0.000         0.000         0.000         0.000         0.000
 URBAN12        0.000         0.000         0.000         0.000         0.000
 PROV122        0.000         0.000         0.000         0.000         0.000
 PROV123        0.000         0.000         0.000         0.000         0.000
 CDN12          0.000         0.000         0.000         0.000         0.000
 CDAR12         0.000         0.000         0.000         0.000         0.000
 CDSC121        0.000         0.000         0.000         0.000         0.000
 MINOR12        0.000         0.000         0.000         0.000         0.000
 WAVE           0.000         0.000         0.000         0.000         0.000
 AGEG12         0.000         0.000         0.000         0.000         0.000
 PINC12         0.000         0.000         0.000         0.000         0.000
 PINC212        0.000         0.000         0.000         0.000         0.000
 CORES12        0.000         0.000         0.000         0.000         0.000
 HEAL121        0.000         0.000         0.000         0.000         0.000
 HEAL123        0.000         0.000         0.000         0.000         0.000
 MARR12         0.000         0.000         0.000         0.000         0.000
 ECO122         0.000         0.000         0.000         0.000         0.000
 ECO123         0.000         0.000         0.000         0.000         0.000
 HWC122         0.000         0.000         0.000         0.000         0.000
 HWC123         0.000         0.000         0.000         0.000         0.000
 HUKOU12        0.000         0.000         0.000         0.000         0.000
 SAT12          0.000         0.000         0.000         0.000         0.000
 ADL12          0.000         0.000         0.000         0.000         0.000
 FINC12         0.000         0.000         0.000         0.000         0.000
 I4             0.000         0.000         0.000         0.000         0.000
 S4             0.000         0.000         0.000         0.000         0.000
 WZ_INT         0.000         0.000         0.000         0.000         0.000


           THETA
              SEX12         EDU12         URBAN12       PROV122       PROV123
              ________      ________      ________      ________      ________
 SEX12          0.000
 EDU12          0.000         0.000
 URBAN12        0.000         0.000         0.000
 PROV122        0.000         0.000         0.000         0.000
 PROV123        0.000         0.000         0.000         0.000         0.000
 CDN12          0.000         0.000         0.000         0.000         0.000
 CDAR12         0.000         0.000         0.000         0.000         0.000
 CDSC121        0.000         0.000         0.000         0.000         0.000
 MINOR12        0.000         0.000         0.000         0.000         0.000
 WAVE           0.000         0.000         0.000         0.000         0.000
 AGEG12         0.000         0.000         0.000         0.000         0.000
 PINC12         0.000         0.000         0.000         0.000         0.000
 PINC212        0.000         0.000         0.000         0.000         0.000
 CORES12        0.000         0.000         0.000         0.000         0.000
 HEAL121        0.000         0.000         0.000         0.000         0.000
 HEAL123        0.000         0.000         0.000         0.000         0.000
 MARR12         0.000         0.000         0.000         0.000         0.000
 ECO122         0.000         0.000         0.000         0.000         0.000
 ECO123         0.000         0.000         0.000         0.000         0.000
 HWC122         0.000         0.000         0.000         0.000         0.000
 HWC123         0.000         0.000         0.000         0.000         0.000
 HUKOU12        0.000         0.000         0.000         0.000         0.000
 SAT12          0.000         0.000         0.000         0.000         0.000
 ADL12          0.000         0.000         0.000         0.000         0.000
 FINC12         0.000         0.000         0.000         0.000         0.000
 I4             0.000         0.000         0.000         0.000         0.000
 S4             0.000         0.000         0.000         0.000         0.000
 WZ_INT         0.000         0.000         0.000         0.000         0.000


           THETA
              CDN12         CDAR12        CDSC121       MINOR12       WAVE
              ________      ________      ________      ________      ________
 CDN12          0.000
 CDAR12         0.000         0.000
 CDSC121        0.000         0.000         0.000
 MINOR12        0.000         0.000         0.000         0.000
 WAVE           0.000         0.000         0.000         0.000         0.000
 AGEG12         0.000         0.000         0.000         0.000         0.000
 PINC12         0.000         0.000         0.000         0.000         0.000
 PINC212        0.000         0.000         0.000         0.000         0.000
 CORES12        0.000         0.000         0.000         0.000         0.000
 HEAL121        0.000         0.000         0.000         0.000         0.000
 HEAL123        0.000         0.000         0.000         0.000         0.000
 MARR12         0.000         0.000         0.000         0.000         0.000
 ECO122         0.000         0.000         0.000         0.000         0.000
 ECO123         0.000         0.000         0.000         0.000         0.000
 HWC122         0.000         0.000         0.000         0.000         0.000
 HWC123         0.000         0.000         0.000         0.000         0.000
 HUKOU12        0.000         0.000         0.000         0.000         0.000
 SAT12          0.000         0.000         0.000         0.000         0.000
 ADL12          0.000         0.000         0.000         0.000         0.000
 FINC12         0.000         0.000         0.000         0.000         0.000
 I4             0.000         0.000         0.000         0.000         0.000
 S4             0.000         0.000         0.000         0.000         0.000
 WZ_INT         0.000         0.000         0.000         0.000         0.000


           THETA
              AGEG12        PINC12        PINC212       CORES12       HEAL121
              ________      ________      ________      ________      ________
 AGEG12         0.000
 PINC12         0.000         0.000
 PINC212        0.000         0.000         0.000
 CORES12        0.000         0.000         0.000         0.000
 HEAL121        0.000         0.000         0.000         0.000         0.000
 HEAL123        0.000         0.000         0.000         0.000         0.000
 MARR12         0.000         0.000         0.000         0.000         0.000
 ECO122         0.000         0.000         0.000         0.000         0.000
 ECO123         0.000         0.000         0.000         0.000         0.000
 HWC122         0.000         0.000         0.000         0.000         0.000
 HWC123         0.000         0.000         0.000         0.000         0.000
 HUKOU12        0.000         0.000         0.000         0.000         0.000
 SAT12          0.000         0.000         0.000         0.000         0.000
 ADL12          0.000         0.000         0.000         0.000         0.000
 FINC12         0.000         0.000         0.000         0.000         0.000
 I4             0.000         0.000         0.000         0.000         0.000
 S4             0.000         0.000         0.000         0.000         0.000
 WZ_INT         0.000         0.000         0.000         0.000         0.000


           THETA
              HEAL123       MARR12        ECO122        ECO123        HWC122
              ________      ________      ________      ________      ________
 HEAL123        0.000
 MARR12         0.000         0.000
 ECO122         0.000         0.000         0.000
 ECO123         0.000         0.000         0.000         0.000
 HWC122         0.000         0.000         0.000         0.000         0.000
 HWC123         0.000         0.000         0.000         0.000         0.000
 HUKOU12        0.000         0.000         0.000         0.000         0.000
 SAT12          0.000         0.000         0.000         0.000         0.000
 ADL12          0.000         0.000         0.000         0.000         0.000
 FINC12         0.000         0.000         0.000         0.000         0.000
 I4             0.000         0.000         0.000         0.000         0.000
 S4             0.000         0.000         0.000         0.000         0.000
 WZ_INT         0.000         0.000         0.000         0.000         0.000


           THETA
              HWC123        HUKOU12       SAT12         ADL12         FINC12
              ________      ________      ________      ________      ________
 HWC123         0.000
 HUKOU12        0.000         0.000
 SAT12          0.000         0.000         0.000
 ADL12          0.000         0.000         0.000         0.000
 FINC12         0.000         0.000         0.000         0.000         0.000
 I4             0.000         0.000         0.000         0.000         0.000
 S4             0.000         0.000         0.000         0.000         0.000
 WZ_INT         0.000         0.000         0.000         0.000         0.000


           THETA
              I4            S4            WZ_INT
              ________      ________      ________
 I4             0.000
 S4             0.000         0.000
 WZ_INT         0.000         0.000         0.000


           ALPHA
              I1            S1            I5            S5            XW_INT
              ________      ________      ________      ________      ________
               -0.051         0.040        -0.003        -0.142         0.000


           ALPHA
              XZ_INT        XWZ_INT       SEX12         EDU12         URBAN12
              ________      ________      ________      ________      ________
                0.000         0.000         0.000         0.000         0.000


           ALPHA
              PROV122       PROV123       CDN12         CDAR12        CDSC121
              ________      ________      ________      ________      ________
                0.000         0.000         0.000         0.000         0.000


           ALPHA
              MINOR12       WAVE          AGEG12        PINC12        PINC212
              ________      ________      ________      ________      ________
                0.000         0.000         0.000         0.000         0.000


           ALPHA
              CORES12       HEAL121       HEAL123       MARR12        ECO122
              ________      ________      ________      ________      ________
                0.000         0.000         0.000         0.000         0.000


           ALPHA
              ECO123        HWC122        HWC123        HUKOU12       SAT12
              ________      ________      ________      ________      ________
                0.000         0.000         0.000         0.000         0.000


           ALPHA
              ADL12         FINC12        I4            S4            WZ_INT
              ________      ________      ________      ________      ________
                0.000         0.000         0.000         0.000         0.000


           BETA
              I1            S1            I5            S5            XW_INT
              ________      ________      ________      ________      ________
 I1             0.000         0.000         0.000         0.000         0.000
 S1             0.000         0.000         0.000         0.000         0.000
 I5             0.000         0.000         0.000         0.000         0.000
 S5             0.000         0.000         0.000         0.000         0.000
 XW_INT         0.000         0.000         0.000         0.000         0.000
 XZ_INT         0.000         0.000         0.000         0.000         0.000
 XWZ_INT        0.000         0.000         0.000         0.000         0.000
 SEX12          0.000         0.000         0.000         0.000         0.000
 EDU12          0.000         0.000         0.000         0.000         0.000
 URBAN12        0.000         0.000         0.000         0.000         0.000
 PROV122        0.000         0.000         0.000         0.000         0.000
 PROV123        0.000         0.000         0.000         0.000         0.000
 CDN12          0.000         0.000         0.000         0.000         0.000
 CDAR12         0.000         0.000         0.000         0.000         0.000
 CDSC121        0.000         0.000         0.000         0.000         0.000
 MINOR12        0.000         0.000         0.000         0.000         0.000
 WAVE           0.000         0.000         0.000         0.000         0.000
 AGEG12         0.000         0.000         0.000         0.000         0.000
 PINC12         0.000         0.000         0.000         0.000         0.000
 PINC212        0.000         0.000         0.000         0.000         0.000
 CORES12        0.000         0.000         0.000         0.000         0.000
 HEAL121        0.000         0.000         0.000         0.000         0.000
 HEAL123        0.000         0.000         0.000         0.000         0.000
 MARR12         0.000         0.000         0.000         0.000         0.000
 ECO122         0.000         0.000         0.000         0.000         0.000
 ECO123         0.000         0.000         0.000         0.000         0.000
 HWC122         0.000         0.000         0.000         0.000         0.000
 HWC123         0.000         0.000         0.000         0.000         0.000
 HUKOU12        0.000         0.000         0.000         0.000         0.000
 SAT12          0.000         0.000         0.000         0.000         0.000
 ADL12          0.000         0.000         0.000         0.000         0.000
 FINC12         0.000         0.000         0.000         0.000         0.000
 I4             0.000         0.000         0.000         0.000         0.000
 S4             0.000         0.000         0.000         0.000         0.000
 WZ_INT         0.000         0.000         0.000         0.000         0.000


           BETA
              XZ_INT        XWZ_INT       SEX12         EDU12         URBAN12
              ________      ________      ________      ________      ________
 I1             0.000         0.000         0.000         0.000         0.000
 S1             0.000         0.000         0.000         0.000         0.000
 I5             0.000         0.000         0.000         0.000         0.000
 S5             0.000         0.000         0.000         0.000         0.000
 XW_INT         0.000         0.000         0.000         0.000         0.000
 XZ_INT         0.000         0.000         0.000         0.000         0.000
 XWZ_INT        0.000         0.000         0.000         0.000         0.000
 SEX12          0.000         0.000         0.000         0.000         0.000
 EDU12          0.000         0.000         0.000         0.000         0.000
 URBAN12        0.000         0.000         0.000         0.000         0.000
 PROV122        0.000         0.000         0.000         0.000         0.000
 PROV123        0.000         0.000         0.000         0.000         0.000
 CDN12          0.000         0.000         0.000         0.000         0.000
 CDAR12         0.000         0.000         0.000         0.000         0.000
 CDSC121        0.000         0.000         0.000         0.000         0.000
 MINOR12        0.000         0.000         0.000         0.000         0.000
 WAVE           0.000         0.000         0.000         0.000         0.000
 AGEG12         0.000         0.000         0.000         0.000         0.000
 PINC12         0.000         0.000         0.000         0.000         0.000
 PINC212        0.000         0.000         0.000         0.000         0.000
 CORES12        0.000         0.000         0.000         0.000         0.000
 HEAL121        0.000         0.000         0.000         0.000         0.000
 HEAL123        0.000         0.000         0.000         0.000         0.000
 MARR12         0.000         0.000         0.000         0.000         0.000
 ECO122         0.000         0.000         0.000         0.000         0.000
 ECO123         0.000         0.000         0.000         0.000         0.000
 HWC122         0.000         0.000         0.000         0.000         0.000
 HWC123         0.000         0.000         0.000         0.000         0.000
 HUKOU12        0.000         0.000         0.000         0.000         0.000
 SAT12          0.000         0.000         0.000         0.000         0.000
 ADL12          0.000         0.000         0.000         0.000         0.000
 FINC12         0.000         0.000         0.000         0.000         0.000
 I4             0.000         0.000         0.000         0.000         0.000
 S4             0.000         0.000         0.000         0.000         0.000
 WZ_INT         0.000         0.000         0.000         0.000         0.000


           BETA
              PROV122       PROV123       CDN12         CDAR12        CDSC121
              ________      ________      ________      ________      ________
 I1             0.000         0.000         0.000         0.000         0.000
 S1             0.000         0.000         0.000         0.000         0.000
 I5             0.000         0.000         0.000         0.000         0.000
 S5             0.000         0.000         0.000         0.000         0.000
 XW_INT         0.000         0.000         0.000         0.000         0.000
 XZ_INT         0.000         0.000         0.000         0.000         0.000
 XWZ_INT        0.000         0.000         0.000         0.000         0.000
 SEX12          0.000         0.000         0.000         0.000         0.000
 EDU12          0.000         0.000         0.000         0.000         0.000
 URBAN12        0.000         0.000         0.000         0.000         0.000
 PROV122        0.000         0.000         0.000         0.000         0.000
 PROV123        0.000         0.000         0.000         0.000         0.000
 CDN12          0.000         0.000         0.000         0.000         0.000
 CDAR12         0.000         0.000         0.000         0.000         0.000
 CDSC121        0.000         0.000         0.000         0.000         0.000
 MINOR12        0.000         0.000         0.000         0.000         0.000
 WAVE           0.000         0.000         0.000         0.000         0.000
 AGEG12         0.000         0.000         0.000         0.000         0.000
 PINC12         0.000         0.000         0.000         0.000         0.000
 PINC212        0.000         0.000         0.000         0.000         0.000
 CORES12        0.000         0.000         0.000         0.000         0.000
 HEAL121        0.000         0.000         0.000         0.000         0.000
 HEAL123        0.000         0.000         0.000         0.000         0.000
 MARR12         0.000         0.000         0.000         0.000         0.000
 ECO122         0.000         0.000         0.000         0.000         0.000
 ECO123         0.000         0.000         0.000         0.000         0.000
 HWC122         0.000         0.000         0.000         0.000         0.000
 HWC123         0.000         0.000         0.000         0.000         0.000
 HUKOU12        0.000         0.000         0.000         0.000         0.000
 SAT12          0.000         0.000         0.000         0.000         0.000
 ADL12          0.000         0.000         0.000         0.000         0.000
 FINC12         0.000         0.000         0.000         0.000         0.000
 I4             0.000         0.000         0.000         0.000         0.000
 S4             0.000         0.000         0.000         0.000         0.000
 WZ_INT         0.000         0.000         0.000         0.000         0.000


           BETA
              MINOR12       WAVE          AGEG12        PINC12        PINC212
              ________      ________      ________      ________      ________
 I1             0.000         0.000         0.000         0.000         0.000
 S1             0.000         0.000         0.000         0.000         0.000
 I5             0.000         0.000         0.000         0.000         0.000
 S5             0.000         0.000         0.000         0.000         0.000
 XW_INT         0.000         0.000         0.000         0.000         0.000
 XZ_INT         0.000         0.000         0.000         0.000         0.000
 XWZ_INT        0.000         0.000         0.000         0.000         0.000
 SEX12          0.000         0.000         0.000         0.000         0.000
 EDU12          0.000         0.000         0.000         0.000         0.000
 URBAN12        0.000         0.000         0.000         0.000         0.000
 PROV122        0.000         0.000         0.000         0.000         0.000
 PROV123        0.000         0.000         0.000         0.000         0.000
 CDN12          0.000         0.000         0.000         0.000         0.000
 CDAR12         0.000         0.000         0.000         0.000         0.000
 CDSC121        0.000         0.000         0.000         0.000         0.000
 MINOR12        0.000         0.000         0.000         0.000         0.000
 WAVE           0.000         0.000         0.000         0.000         0.000
 AGEG12         0.000         0.000         0.000         0.000         0.000
 PINC12         0.000         0.000         0.000         0.000         0.000
 PINC212        0.000         0.000         0.000         0.000         0.000
 CORES12        0.000         0.000         0.000         0.000         0.000
 HEAL121        0.000         0.000         0.000         0.000         0.000
 HEAL123        0.000         0.000         0.000         0.000         0.000
 MARR12         0.000         0.000         0.000         0.000         0.000
 ECO122         0.000         0.000         0.000         0.000         0.000
 ECO123         0.000         0.000         0.000         0.000         0.000
 HWC122         0.000         0.000         0.000         0.000         0.000
 HWC123         0.000         0.000         0.000         0.000         0.000
 HUKOU12        0.000         0.000         0.000         0.000         0.000
 SAT12          0.000         0.000         0.000         0.000         0.000
 ADL12          0.000         0.000         0.000         0.000         0.000
 FINC12         0.000         0.000         0.000         0.000         0.000
 I4             0.000         0.000         0.000         0.000         0.000
 S4             0.000         0.000         0.000         0.000         0.000
 WZ_INT         0.000         0.000         0.000         0.000         0.000


           BETA
              CORES12       HEAL121       HEAL123       MARR12        ECO122
              ________      ________      ________      ________      ________
 I1             0.000         0.000         0.000         0.000         0.000
 S1             0.000         0.000         0.000         0.000         0.000
 I5             0.000         0.000         0.000         0.000         0.000
 S5             0.000         0.000         0.000         0.000         0.000
 XW_INT         0.000         0.000         0.000         0.000         0.000
 XZ_INT         0.000         0.000         0.000         0.000         0.000
 XWZ_INT        0.000         0.000         0.000         0.000         0.000
 SEX12          0.000         0.000         0.000         0.000         0.000
 EDU12          0.000         0.000         0.000         0.000         0.000
 URBAN12        0.000         0.000         0.000         0.000         0.000
 PROV122        0.000         0.000         0.000         0.000         0.000
 PROV123        0.000         0.000         0.000         0.000         0.000
 CDN12          0.000         0.000         0.000         0.000         0.000
 CDAR12         0.000         0.000         0.000         0.000         0.000
 CDSC121        0.000         0.000         0.000         0.000         0.000
 MINOR12        0.000         0.000         0.000         0.000         0.000
 WAVE           0.000         0.000         0.000         0.000         0.000
 AGEG12         0.000         0.000         0.000         0.000         0.000
 PINC12         0.000         0.000         0.000         0.000         0.000
 PINC212        0.000         0.000         0.000         0.000         0.000
 CORES12        0.000         0.000         0.000         0.000         0.000
 HEAL121        0.000         0.000         0.000         0.000         0.000
 HEAL123        0.000         0.000         0.000         0.000         0.000
 MARR12         0.000         0.000         0.000         0.000         0.000
 ECO122         0.000         0.000         0.000         0.000         0.000
 ECO123         0.000         0.000         0.000         0.000         0.000
 HWC122         0.000         0.000         0.000         0.000         0.000
 HWC123         0.000         0.000         0.000         0.000         0.000
 HUKOU12        0.000         0.000         0.000         0.000         0.000
 SAT12          0.000         0.000         0.000         0.000         0.000
 ADL12          0.000         0.000         0.000         0.000         0.000
 FINC12         0.000         0.000         0.000         0.000         0.000
 I4             0.000         0.000         0.000         0.000         0.000
 S4             0.000         0.000         0.000         0.000         0.000
 WZ_INT         0.000         0.000         0.000         0.000         0.000


           BETA
              ECO123        HWC122        HWC123        HUKOU12       SAT12
              ________      ________      ________      ________      ________
 I1             0.000         0.000         0.000         0.000         0.000
 S1             0.000         0.000         0.000         0.000         0.000
 I5             0.000         0.000         0.000         0.000         0.000
 S5             0.000         0.000         0.000         0.000         0.000
 XW_INT         0.000         0.000         0.000         0.000         0.000
 XZ_INT         0.000         0.000         0.000         0.000         0.000
 XWZ_INT        0.000         0.000         0.000         0.000         0.000
 SEX12          0.000         0.000         0.000         0.000         0.000
 EDU12          0.000         0.000         0.000         0.000         0.000
 URBAN12        0.000         0.000         0.000         0.000         0.000
 PROV122        0.000         0.000         0.000         0.000         0.000
 PROV123        0.000         0.000         0.000         0.000         0.000
 CDN12          0.000         0.000         0.000         0.000         0.000
 CDAR12         0.000         0.000         0.000         0.000         0.000
 CDSC121        0.000         0.000         0.000         0.000         0.000
 MINOR12        0.000         0.000         0.000         0.000         0.000
 WAVE           0.000         0.000         0.000         0.000         0.000
 AGEG12         0.000         0.000         0.000         0.000         0.000
 PINC12         0.000         0.000         0.000         0.000         0.000
 PINC212        0.000         0.000         0.000         0.000         0.000
 CORES12        0.000         0.000         0.000         0.000         0.000
 HEAL121        0.000         0.000         0.000         0.000         0.000
 HEAL123        0.000         0.000         0.000         0.000         0.000
 MARR12         0.000         0.000         0.000         0.000         0.000
 ECO122         0.000         0.000         0.000         0.000         0.000
 ECO123         0.000         0.000         0.000         0.000         0.000
 HWC122         0.000         0.000         0.000         0.000         0.000
 HWC123         0.000         0.000         0.000         0.000         0.000
 HUKOU12        0.000         0.000         0.000         0.000         0.000
 SAT12          0.000         0.000         0.000         0.000         0.000
 ADL12          0.000         0.000         0.000         0.000         0.000
 FINC12         0.000         0.000         0.000         0.000         0.000
 I4             0.000         0.000         0.000         0.000         0.000
 S4             0.000         0.000         0.000         0.000         0.000
 WZ_INT         0.000         0.000         0.000         0.000         0.000


           BETA
              ADL12         FINC12        I4            S4            WZ_INT
              ________      ________      ________      ________      ________
 I1             0.000         0.000         0.000         0.000         0.000
 S1             0.000         0.000         0.000         0.000         0.000
 I5             0.000         0.000         0.000         0.000         0.000
 S5             0.000         0.000         0.000         0.000         0.000
 XW_INT         0.000         0.000         0.000         0.000         0.000
 XZ_INT         0.000         0.000         0.000         0.000         0.000
 XWZ_INT        0.000         0.000         0.000         0.000         0.000
 SEX12          0.000         0.000         0.000         0.000         0.000
 EDU12          0.000         0.000         0.000         0.000         0.000
 URBAN12        0.000         0.000         0.000         0.000         0.000
 PROV122        0.000         0.000         0.000         0.000         0.000
 PROV123        0.000         0.000         0.000         0.000         0.000
 CDN12          0.000         0.000         0.000         0.000         0.000
 CDAR12         0.000         0.000         0.000         0.000         0.000
 CDSC121        0.000         0.000         0.000         0.000         0.000
 MINOR12        0.000         0.000         0.000         0.000         0.000
 WAVE           0.000         0.000         0.000         0.000         0.000
 AGEG12         0.000         0.000         0.000         0.000         0.000
 PINC12         0.000         0.000         0.000         0.000         0.000
 PINC212        0.000         0.000         0.000         0.000         0.000
 CORES12        0.000         0.000         0.000         0.000         0.000
 HEAL121        0.000         0.000         0.000         0.000         0.000
 HEAL123        0.000         0.000         0.000         0.000         0.000
 MARR12         0.000         0.000         0.000         0.000         0.000
 ECO122         0.000         0.000         0.000         0.000         0.000
 ECO123         0.000         0.000         0.000         0.000         0.000
 HWC122         0.000         0.000         0.000         0.000         0.000
 HWC123         0.000         0.000         0.000         0.000         0.000
 HUKOU12        0.000         0.000         0.000         0.000         0.000
 SAT12          0.000         0.000         0.000         0.000         0.000
 ADL12          0.000         0.000         0.000         0.000         0.000
 FINC12         0.000         0.000         0.000         0.000         0.000
 I4             0.000         0.000         0.000         0.000         0.000
 S4             0.000         0.000         0.000         0.000         0.000
 WZ_INT         0.000         0.000         0.000         0.000         0.000


           PSI
              I1            S1            I5            S5            XW_INT
              ________      ________      ________      ________      ________
 I1             0.997
 S1             0.000         0.065
 I5             0.000         0.000         1.102
 S5             0.000         0.000         0.000         0.148
 XW_INT         0.000         0.000         0.000         0.000         0.000
 XZ_INT         0.000         0.000         0.000         0.000         0.000
 XWZ_INT        0.000         0.000         0.000         0.000         0.000
 SEX12          0.000         0.000         0.000         0.000         0.000
 EDU12          0.000         0.000         0.000         0.000         0.000
 URBAN12        0.000         0.000         0.000         0.000         0.000
 PROV122        0.000         0.000         0.000         0.000         0.000
 PROV123        0.000         0.000         0.000         0.000         0.000
 CDN12          0.000         0.000         0.000         0.000         0.000
 CDAR12         0.000         0.000         0.000         0.000         0.000
 CDSC121        0.000         0.000         0.000         0.000         0.000
 MINOR12        0.000         0.000         0.000         0.000         0.000
 WAVE           0.000         0.000         0.000         0.000         0.000
 AGEG12         0.000         0.000         0.000         0.000         0.000
 PINC12         0.000         0.000         0.000         0.000         0.000
 PINC212        0.000         0.000         0.000         0.000         0.000
 CORES12        0.000         0.000         0.000         0.000         0.000
 HEAL121        0.000         0.000         0.000         0.000         0.000
 HEAL123        0.000         0.000         0.000         0.000         0.000
 MARR12         0.000         0.000         0.000         0.000         0.000
 ECO122         0.000         0.000         0.000         0.000         0.000
 ECO123         0.000         0.000         0.000         0.000         0.000
 HWC122         0.000         0.000         0.000         0.000         0.000
 HWC123         0.000         0.000         0.000         0.000         0.000
 HUKOU12        0.000         0.000         0.000         0.000         0.000
 SAT12          0.000         0.000         0.000         0.000         0.000
 ADL12          0.000         0.000         0.000         0.000         0.000
 FINC12         0.000         0.000         0.000         0.000         0.000
 I4             0.000         0.000         0.000         0.000         0.000
 S4             0.000         0.000         0.000         0.000         0.000
 WZ_INT         0.000         0.000         0.000         0.000         0.000


           PSI
              XZ_INT        XWZ_INT       SEX12         EDU12         URBAN12
              ________      ________      ________      ________      ________
 XZ_INT         0.000
 XWZ_INT        0.000         0.000
 SEX12          0.000         0.000         0.125
 EDU12          0.000         0.000         0.000         0.076
 URBAN12        0.000         0.000         0.000         0.000         0.122
 PROV122        0.000         0.000         0.000         0.000         0.000
 PROV123        0.000         0.000         0.000         0.000         0.000
 CDN12          0.000         0.000         0.000         0.000         0.000
 CDAR12         0.000         0.000         0.000         0.000         0.000
 CDSC121        0.000         0.000         0.000         0.000         0.000
 MINOR12        0.000         0.000         0.000         0.000         0.000
 WAVE           0.000         0.000         0.000         0.000         0.000
 AGEG12         0.000         0.000         0.000         0.000         0.000
 PINC12         0.000         0.000         0.000         0.000         0.000
 PINC212        0.000         0.000         0.000         0.000         0.000
 CORES12        0.000         0.000         0.000         0.000         0.000
 HEAL121        0.000         0.000         0.000         0.000         0.000
 HEAL123        0.000         0.000         0.000         0.000         0.000
 MARR12         0.000         0.000         0.000         0.000         0.000
 ECO122         0.000         0.000         0.000         0.000         0.000
 ECO123         0.000         0.000         0.000         0.000         0.000
 HWC122         0.000         0.000         0.000         0.000         0.000
 HWC123         0.000         0.000         0.000         0.000         0.000
 HUKOU12        0.000         0.000         0.000         0.000         0.000
 SAT12          0.000         0.000         0.000         0.000         0.000
 ADL12          0.000         0.000         0.000         0.000         0.000
 FINC12         0.000         0.000         0.000         0.000         0.000
 I4             0.000         0.000         0.000         0.000         0.000
 S4             0.000         0.000         0.000         0.000         0.000
 WZ_INT         0.000         0.000         0.000         0.000         0.000


           PSI
              PROV122       PROV123       CDN12         CDAR12        CDSC121
              ________      ________      ________      ________      ________
 PROV122        0.108
 PROV123        0.000         0.093
 CDN12          0.000         0.000         0.697
 CDAR12         0.000         0.000         0.000        11.218
 CDSC121        0.000         0.000         0.000         0.000         0.086
 MINOR12        0.000         0.000         0.000         0.000         0.000
 WAVE           0.000         0.000         0.000         0.000         0.000
 AGEG12         0.000         0.000         0.000         0.000         0.000
 PINC12         0.000         0.000         0.000         0.000         0.000
 PINC212        0.000         0.000         0.000         0.000         0.000
 CORES12        0.000         0.000         0.000         0.000         0.000
 HEAL121        0.000         0.000         0.000         0.000         0.000
 HEAL123        0.000         0.000         0.000         0.000         0.000
 MARR12         0.000         0.000         0.000         0.000         0.000
 ECO122         0.000         0.000         0.000         0.000         0.000
 ECO123         0.000         0.000         0.000         0.000         0.000
 HWC122         0.000         0.000         0.000         0.000         0.000
 HWC123         0.000         0.000         0.000         0.000         0.000
 HUKOU12        0.000         0.000         0.000         0.000         0.000
 SAT12          0.000         0.000         0.000         0.000         0.000
 ADL12          0.000         0.000         0.000         0.000         0.000
 FINC12         0.000         0.000         0.000         0.000         0.000
 I4             0.000         0.000         0.000         0.000         0.000
 S4             0.000         0.000         0.000         0.000         0.000
 WZ_INT         0.000         0.000         0.000         0.000         0.000


           PSI
              MINOR12       WAVE          AGEG12        PINC12        PINC212
              ________      ________      ________      ________      ________
 MINOR12        0.002
 WAVE           0.000         0.553
 AGEG12         0.000         0.000         0.049
 PINC12         0.000         0.000         0.000         0.516
 PINC212        0.000         0.000         0.000         0.000         0.723
 CORES12        0.000         0.000         0.000         0.000         0.000
 HEAL121        0.000         0.000         0.000         0.000         0.000
 HEAL123        0.000         0.000         0.000         0.000         0.000
 MARR12         0.000         0.000         0.000         0.000         0.000
 ECO122         0.000         0.000         0.000         0.000         0.000
 ECO123         0.000         0.000         0.000         0.000         0.000
 HWC122         0.000         0.000         0.000         0.000         0.000
 HWC123         0.000         0.000         0.000         0.000         0.000
 HUKOU12        0.000         0.000         0.000         0.000         0.000
 SAT12          0.000         0.000         0.000         0.000         0.000
 ADL12          0.000         0.000         0.000         0.000         0.000
 FINC12         0.000         0.000         0.000         0.000         0.000
 I4             0.000         0.000         0.000         0.000         0.000
 S4             0.000         0.000         0.000         0.000         0.000
 WZ_INT         0.000         0.000         0.000         0.000         0.000


           PSI
              CORES12       HEAL121       HEAL123       MARR12        ECO122
              ________      ________      ________      ________      ________
 CORES12        0.123
 HEAL121        0.000         0.109
 HEAL123        0.000         0.000         0.123
 MARR12         0.000         0.000         0.000         0.072
 ECO122         0.000         0.000         0.000         0.000         0.090
 ECO123         0.000         0.000         0.000         0.000         0.000
 HWC122         0.000         0.000         0.000         0.000         0.000
 HWC123         0.000         0.000         0.000         0.000         0.000
 HUKOU12        0.000         0.000         0.000         0.000         0.000
 SAT12          0.000         0.000         0.000         0.000         0.000
 ADL12          0.000         0.000         0.000         0.000         0.000
 FINC12         0.000         0.000         0.000         0.000         0.000
 I4             0.000         0.000         0.000         0.000         0.000
 S4             0.000         0.000         0.000         0.000         0.000
 WZ_INT         0.000         0.000         0.000         0.000         0.000


           PSI
              ECO123        HWC122        HWC123        HUKOU12       SAT12
              ________      ________      ________      ________      ________
 ECO123         0.077
 HWC122         0.000         0.047
 HWC123         0.000         0.000         0.084
 HUKOU12        0.000         0.000         0.000         0.106
 SAT12          0.000         0.000         0.000         0.000         0.544
 ADL12          0.000         0.000         0.000         0.000         0.000
 FINC12         0.000         0.000         0.000         0.000         0.000
 I4             0.000         0.000         0.000         0.000         0.000
 S4             0.000         0.000         0.000         0.000         0.000
 WZ_INT         0.000         0.000         0.000         0.000         0.000


           PSI
              ADL12         FINC12        I4            S4            WZ_INT
              ________      ________      ________      ________      ________
 ADL12          0.466
 FINC12         0.000         8.851
 I4             0.000         0.000         0.125
 S4             0.000         0.000         0.000         0.119
 WZ_INT         0.000         0.000         0.000         0.000         0.066


     STARTING VALUES FOR THE ADDITIONAL PARAMETERS


           NEW/ADDITIONAL PARAMETERS
              MIN_W         MAX_W         LO_Z          HI_Z          WSSS0
              ________      ________      ________      ________      ________
                0.500         0.500         0.500         0.500         0.500


           NEW/ADDITIONAL PARAMETERS
              WSSS1         WSSS0MIN      WSSS0MAX      WSSS1MIN      WSSS1MAX
              ________      ________      ________      ________      ________
                0.500         0.500         0.500         0.500         0.500


           NEW/ADDITIONAL PARAMETERS
              WVALUE        JN_WSSS
              ________      ________
                0.000         0.500


     Beginning Time:  01:44:36
        Ending Time:  01:47:57
       Elapsed Time:  00:03:21



MUTHEN & MUTHEN
3463 Stoner Ave.
Los Angeles, CA  90066

Tel: (310) 391-9971
Fax: (310) 391-8971
Web: www.StatModel.com
Support: Support@StatModel.com

Copyright (c) 1998-2025 Muthen & Muthen
