 0.98538630E-02    0.44296973E-02    0.21318405E-01    0.48562870E-02    0.27964011E-02
 0.17737744E-01    0.87210455E-03   -0.80348423E-02    0.67872452E-03    0.63542621E-02
-0.79551273E-03    0.10451354E-02   -0.16177718E-03   -0.63696849E-03    0.64003606E-03
 0.31204172E-04   -0.12694944E-02   -0.72840300E-04    0.58431809E-03   -0.75679769E-04
 0.55062360E-03    0.10430073E-02    0.17677586E-02   -0.40754673E-02   -0.30924526E-03
 0.62305954E-04    0.14460742E-04    0.28551343E-02    0.17553570E-02    0.21635071E-02
 0.15781173E-02   -0.40847830E-03    0.36123821E-04   -0.59148990E-05    0.26215693E-03
 0.14234954E-02   -0.15210099E-04    0.95998140E-04   -0.91007009E-05   -0.60360600E-04
 0.35795560E-04   -0.28986241E-04    0.15803503E-04   -0.91222677E-06    0.61700594E-03
-0.41938621E-04   -0.10476467E-03   -0.15993215E-04    0.10498781E-03    0.24972719E-04
 0.14759199E-04    0.28009339E-04    0.31477695E-05   -0.34368140E-05    0.61129713E-03
 0.42174412E-04   -0.25378063E-03    0.25348336E-04    0.14544204E-03   -0.18526385E-04
 0.69343444E-04    0.19910199E-04    0.33629154E-04   -0.43912384E-04    0.10764924E-03
 0.76360000E-03    0.13910438E-03    0.20965618E-03   -0.12855509E-03    0.43531111E-04
 0.10255906E-04    0.61046614E-04    0.27725948E-03    0.10022844E-03    0.18086459E-04
 0.24451868E-04    0.26459319E-04    0.14438397E-02    0.27732830E-03   -0.13335740E-03
 0.13168517E-03    0.42179233E-03   -0.33389421E-04    0.12351888E-03    0.15246039E-03
 0.16419123E-03   -0.28912462E-04    0.69854356E-04    0.10492971E-03    0.10930764E-03
 0.25488342E-02    0.46202611E-03   -0.26396877E-02    0.14575012E-02    0.14106244E-02
-0.29939904E-03    0.13337998E-03   -0.47921163E-03   -0.72232947E-04    0.40403514E-04
 0.26327074E-04    0.82954897E-04   -0.89165990E-04   -0.12803216E-03    0.13379124E-01
-0.23853604E-02    0.21935751E-02   -0.43625294E-02   -0.16833247E-02    0.31204530E-03
-0.20455685E-03    0.99333730E-03   -0.47825573E-03   -0.89883754E-04   -0.65013161E-04
-0.26125345E-04   -0.67935989E-04   -0.95390838E-04   -0.10928571E-01    0.19918873E-01
 0.47622015E-03    0.82792034E-03    0.29635716E-03   -0.58336411E-03    0.13340145E-03
-0.76549083E-04   -0.25861933E-05    0.60025779E-04    0.22593948E-03    0.36063707E-04
 0.10437900E-04    0.94363538E-04   -0.10735788E-03    0.28686777E-02   -0.40824474E-02
 0.10261572E-01   -0.57765778E-03   -0.68400853E-03   -0.16060145E-02    0.19083027E-03
-0.78175988E-04   -0.16129119E-04    0.44711945E-03   -0.53390638E-04   -0.55304082E-03
 0.93177441E-04    0.32500442E-03    0.75562570E-04    0.49541755E-03   -0.19426166E-02
 0.49656200E-02   -0.79621289E-02    0.27243568E-01    0.98958603E-04    0.13571115E-03
 0.42815489E-03    0.65066875E-04   -0.53004234E-05   -0.90074525E-06   -0.93633923E-04
 0.42707904E-04   -0.30965249E-08    0.10397256E-04    0.30087612E-04    0.26266919E-04
 0.32659154E-04   -0.91160579E-04    0.98840085E-04   -0.67749448E-04    0.11515161E-03
 0.96094148E-03    0.41767211E-03    0.19615957E-02   -0.90515476E-03   -0.92793734E-03
 0.74535028E-04   -0.61587879E-04    0.46137780E-03    0.12497105E-03   -0.39551922E-05
-0.32718260E-04   -0.50659439E-04    0.57356111E-04   -0.44889731E-04   -0.89205542E-03
 0.94193240E-03   -0.19635847E-04    0.35910835E-03   -0.23480337E-03    0.23529884E-02
-0.69623284E-03    0.11643356E-03   -0.44769058E-04   -0.46401524E-03    0.23008580E-04
 0.36550396E-04   -0.11236783E-03   -0.36064178E-04   -0.42208007E-04   -0.20456263E-04
-0.87787840E-05    0.62031087E-05    0.37970654E-04   -0.21067336E-02    0.19466847E-02
-0.59063220E-03    0.38720077E-03    0.15449798E-03   -0.13373703E-03    0.21931587E-02
-0.11317412E-02   -0.17939506E-02   -0.42163311E-03    0.56298797E-03   -0.20120802E-04
 0.87122755E-04   -0.18646587E-03   -0.25647975E-03    0.16831214E-04    0.29613880E-04
 0.50130102E-04    0.11698162E-05    0.63964582E-04   -0.46762655E-03    0.47827662E-03
-0.81834908E-04   -0.81738242E-04   -0.39963027E-04   -0.19054141E-03    0.20625671E-03
 0.20417585E-02    0.39987358E-03    0.18526093E-03   -0.83131294E-03   -0.22357738E-03
-0.15122124E-03   -0.24142772E-04    0.33055069E-03   -0.13235666E-04   -0.21050016E-04
-0.14162866E-04   -0.41548520E-04    0.61956309E-04   -0.19340760E-04   -0.24420383E-03
 0.40150316E-03    0.40032000E-04    0.17063711E-03   -0.18090446E-03    0.12718786E-03
 0.91057762E-04    0.88579555E-03    0.27359337E-02   -0.54182172E-04    0.28706147E-03
-0.37417136E-03   -0.13999438E-03    0.25981587E-04   -0.17916788E-04    0.10041488E-03
-0.25174242E-04   -0.60292527E-05    0.32203008E-05   -0.16209210E-04    0.78079229E-05
 0.38129469E-05   -0.13191052E-02    0.11324333E-02   -0.32546820E-03    0.20983933E-03
-0.73989034E-05    0.11047023E-03    0.53098977E-04   -0.83998283E-04   -0.52273467E-04
 0.47663688E-03    0.69080062E-05   -0.30036277E-04   -0.77429982E-05    0.21057341E-04
-0.58022219E-05    0.30822566E-05    0.13020023E-05    0.63326151E-05    0.16413105E-05
-0.24633929E-07    0.33563228E-07    0.46356856E-05    0.97475897E-06    0.74069216E-04
-0.75382714E-04    0.22658605E-04   -0.16828087E-04    0.75158388E-05   -0.12854585E-04
 0.41027115E-05    0.41049412E-05   -0.43456731E-05   -0.69154146E-04    0.27051495E-04
-0.19544642E-03    0.11437239E-02   -0.28307853E-04   -0.74915513E-03    0.12958448E-03
-0.11019633E-03    0.32869324E-04    0.56707781E-04    0.17595353E-04   -0.10240258E-04
-0.75491309E-04   -0.20035509E-04   -0.93080167E-04   -0.17449112E-02    0.15233027E-02
-0.38253487E-03    0.27336463E-03    0.73507958E-04    0.11235398E-03    0.40495444E-03
-0.13333683E-03   -0.73970780E-04    0.25242458E-03    0.51053958E-05    0.30213415E-02
 0.96838201E-04   -0.24161194E-02    0.13378294E-03    0.11802803E-02   -0.19604365E-03
 0.14297094E-03   -0.21792787E-03   -0.10808409E-03   -0.33025782E-04    0.22053024E-04
-0.37696366E-04   -0.88947656E-05    0.23640325E-05   -0.10793329E-02    0.54746288E-03
-0.42928253E-03    0.17706130E-03    0.34092279E-04   -0.17160762E-03   -0.16140460E-03
 0.38782294E-03   -0.24698262E-04    0.16602107E-03    0.82398129E-05    0.50156665E-03
 0.47869002E-02    0.17926984E-02    0.70077093E-02   -0.42643080E-03   -0.26348194E-02
 0.33460061E-03   -0.21961990E-03    0.10829365E-02    0.65197277E-03   -0.45058896E-04
 0.63172642E-05   -0.24422836E-04    0.10448944E-03   -0.30543858E-04   -0.14338891E-02
 0.21242005E-02    0.56944886E-03    0.51580385E-04    0.31440304E-03    0.98972637E-03
 0.28855593E-03   -0.66970973E-03   -0.63058052E-03    0.13540849E-03    0.57747725E-05
 0.70732868E-03   -0.34325863E-03    0.30095360E-01    0.37930216E-03   -0.95538424E-04
 0.10810982E-02    0.37011836E-03   -0.37203102E-04    0.55563267E-04   -0.23115644E-03
 0.90729511E-04   -0.42995705E-05   -0.62556782E-05   -0.83638481E-05   -0.15117863E-04
 0.53510074E-04    0.64951653E-04    0.33812423E-04   -0.57491907E-04    0.12673423E-04
-0.11945522E-03    0.11845613E-03   -0.23418389E-03    0.14151993E-03    0.19513565E-03
-0.13479559E-03   -0.48239362E-04   -0.36248537E-03    0.17419985E-03    0.17289584E-03
 0.34717115E-02    0.57696778E-05    0.39014248E-03    0.24879507E-03   -0.23672870E-03
 0.32062013E-04   -0.29586587E-04   -0.87233365E-05    0.42342702E-05   -0.99787848E-06
-0.92619861E-05   -0.11924745E-05   -0.75605718E-05   -0.16845836E-05   -0.67569731E-03
 0.56498741E-03   -0.10997334E-03    0.11846401E-03   -0.65295789E-06    0.18405457E-04
 0.13187766E-03   -0.50234417E-04   -0.64572427E-04    0.15737203E-04   -0.45781516E-05
 0.10457746E-03   -0.26856757E-04    0.27605304E-03   -0.29006645E-04    0.29946002E-03
-0.15775067E-03    0.20246514E-03   -0.32339862E-03   -0.17745588E-03    0.51415964E-04
-0.15491009E-04    0.53023734E-04   -0.21242334E-04   -0.46523742E-05   -0.11772931E-07
-0.51465596E-05    0.14010037E-04    0.10005933E-04   -0.50819688E-03    0.29173964E-03
 0.42230580E-04   -0.16615255E-03   -0.18697366E-03   -0.85821289E-04   -0.10552036E-03
 0.18877568E-04    0.73517074E-04    0.39120619E-04   -0.21803240E-05   -0.63229562E-04
-0.13164859E-03   -0.18755159E-03   -0.11190028E-03   -0.54406076E-04    0.43795876E-03
 0.13020346E-03    0.14649440E-02   -0.87209909E-03   -0.58375077E-03    0.10483626E-03
-0.54308561E-04    0.33128772E-03    0.13050488E-03    0.67723215E-04   -0.10358238E-04
 0.19982427E-05    0.23769125E-04   -0.10528545E-03   -0.90006996E-03    0.65846141E-03
-0.30439242E-04   -0.36838288E-04   -0.12587127E-03    0.24452130E-03   -0.89122947E-04
-0.30548689E-03   -0.41214021E-03    0.92870499E-04   -0.21179894E-04   -0.14767022E-03
 0.80117940E-04    0.47496220E-03    0.17949855E-05   -0.15244105E-04    0.13571664E-03
 0.20424314E-02    0.12578450E-03   -0.28654143E-04   -0.41512344E-03    0.62398502E-04
 0.14835009E-04    0.39122087E-05    0.12165042E-03    0.31378793E-04   -0.32113496E-05
 0.91251985E-05    0.50755293E-04    0.40399103E-04    0.64217232E-05   -0.13621212E-02
 0.10751000E-02   -0.26915377E-03   -0.27362904E-04    0.11958184E-03    0.56802396E-04
 0.99861797E-04    0.66844885E-04    0.74628660E-04    0.25178428E-04   -0.42911188E-05
-0.36801443E-05    0.41235546E-04    0.42459483E-03    0.15665151E-04    0.26545331E-04
 0.40826320E-05   -0.20749238E-04    0.21113192E-02   -0.33008907E-03   -0.30423733E-04
-0.83736773E-03   -0.34077817E-03    0.37481910E-04   -0.63142688E-05    0.15246916E-03
-0.83778974E-04    0.80712649E-05   -0.40980386E-04   -0.16774572E-04   -0.25667983E-04
-0.23783376E-04   -0.12431716E-02    0.99871093E-03   -0.26089639E-03   -0.84003816E-04
-0.74305105E-04   -0.12408347E-04    0.17283479E-03    0.41127713E-04    0.16841839E-03
 0.18006179E-04   -0.82319905E-05    0.14264063E-03   -0.77736347E-04    0.14948968E-03
-0.61271225E-04    0.21306617E-04   -0.53993385E-05   -0.51011202E-04    0.11943437E-02
 0.19503001E-02    0.41127361E-03   -0.11440997E-02    0.19721842E-03    0.74303321E-03
-0.13436972E-03    0.40196368E-04   -0.82747266E-04    0.99796912E-05   -0.25730455E-04
 0.21989250E-06    0.76253939E-05   -0.71471718E-04    0.27333122E-04   -0.21716688E-02
 0.20051851E-02   -0.81182309E-03    0.73505633E-03   -0.19107252E-03   -0.65272897E-04
 0.22448320E-04    0.11057384E-04   -0.87630565E-04    0.88851965E-04   -0.11925433E-04
-0.11777660E-03    0.10453388E-03   -0.51066056E-03    0.63527705E-03   -0.59624174E-04
-0.31776557E-04    0.29263123E-03   -0.84748984E-04   -0.15200930E-03    0.26651092E-02
 0.28581072E-04    0.13943736E-02    0.37608308E-03   -0.67893761E-03    0.68202860E-04
-0.95802793E-04    0.11903460E-05    0.76003457E-04   -0.21114641E-04   -0.40269096E-04
-0.65148352E-04   -0.10582319E-05   -0.33329471E-04   -0.94397192E-03    0.84896060E-03
-0.17106361E-03    0.16299841E-03    0.89450725E-04   -0.44799010E-05    0.13374900E-03
-0.15095205E-03    0.18591302E-03    0.12726720E-05   -0.45588987E-05    0.16315620E-03
 0.37811850E-04    0.83043819E-03    0.25811987E-04    0.52270785E-04    0.68384211E-04
 0.15444341E-03    0.11688254E-03    0.13894968E-03   -0.66772270E-04    0.20789954E-02
-0.41081690E-03   -0.51603645E-03    0.54158476E-03    0.24384466E-03    0.62390776E-05
-0.28068512E-04   -0.32337805E-03   -0.12918568E-03    0.25046376E-04    0.11674716E-04
-0.43934999E-04   -0.23361806E-06   -0.10596149E-03   -0.40045848E-03    0.21132022E-03
-0.10244031E-03    0.91891016E-04    0.26454794E-04   -0.13445066E-03    0.45276387E-04
 0.18568598E-04   -0.15151329E-03   -0.40860202E-04   -0.13460064E-04   -0.40336674E-04
 0.14771208E-03    0.11763604E-04    0.87471724E-04    0.66305844E-05    0.61289726E-04
-0.15170938E-04    0.43598667E-04    0.83289970E-04   -0.18887072E-04    0.62979186E-03
 0.20368465E-02    0.17043917E-03   -0.14468737E-03   -0.50647054E-04    0.21984109E-03
-0.41180664E-04    0.19096835E-04    0.29656124E-04   -0.22897853E-04   -0.33768418E-05
 0.21498466E-04    0.58572403E-05    0.10818628E-03    0.94498634E-05   -0.42260844E-03
 0.28859774E-04    0.41445411E-04   -0.86573207E-04   -0.17640218E-04    0.19499925E-03
-0.45501817E-03    0.14887830E-03   -0.70082163E-04    0.11891381E-03    0.58492087E-05
-0.47387813E-04    0.13982188E-03   -0.24093043E-03   -0.85003970E-04   -0.95697597E-04
 0.38710285E-04   -0.69984068E-04    0.31268710E-04   -0.11090496E-03    0.31383495E-05
-0.49800659E-03    0.14600538E-03    0.36017858E-02    0.29078805E-03    0.16649293E-02
-0.37665512E-03   -0.68554615E-03    0.10839262E-03   -0.86253504E-04    0.26548847E-03
 0.15607350E-03    0.23645117E-04   -0.31744386E-04   -0.57956800E-04    0.49389841E-04
 0.91498842E-04   -0.76444388E-03    0.59171550E-03   -0.15287412E-03    0.30699627E-03
 0.23444101E-04    0.21288785E-03   -0.62745799E-04   -0.36122691E-04   -0.91559433E-05
 0.64047036E-04   -0.14487506E-06   -0.53348035E-05   -0.29721501E-03    0.12701946E-04
-0.95967510E-04   -0.58654209E-05    0.62465438E-04   -0.12846959E-03   -0.10992828E-04
 0.33629468E-04    0.79239358E-04   -0.50053978E-04   -0.94368072E-04    0.58750492E-03
 0.19684110E-02   -0.73963168E-03   -0.15055025E-02    0.98591673E-03    0.36045340E-03
 0.47424894E-04    0.68304487E-04   -0.53694414E-03   -0.11568719E-03   -0.57670757E-04
 0.43898986E-06    0.16731994E-04   -0.29418724E-04    0.11023523E-03   -0.25086857E-02
 0.16767132E-02   -0.56035008E-03    0.25632643E-03   -0.18405036E-03    0.96500200E-04
 0.89870252E-03    0.16279163E-03   -0.30417833E-03   -0.31331717E-04   -0.68317830E-05
 0.15772327E-03    0.18924680E-03   -0.97586549E-03    0.12748987E-03    0.46757111E-04
 0.47730975E-03   -0.41354324E-03   -0.12705364E-03   -0.65976103E-04    0.16845640E-03
-0.11481905E-03    0.32651488E-04   -0.30165189E-04   -0.83784133E-04    0.32615868E-02
-0.14027984E-03   -0.18290243E-03    0.10475350E-03    0.67327949E-04    0.12425072E-04
 0.73322337E-05   -0.48237241E-04   -0.92966221E-05    0.79694783E-06   -0.14661239E-04
-0.10058297E-05   -0.20473247E-04    0.17699338E-04   -0.67596795E-04    0.19046114E-05
 0.91489806E-05   -0.94923863E-05    0.29359383E-04   -0.91792241E-05    0.28944045E-04
 0.43361597E-04   -0.47438839E-04    0.18889509E-05   -0.55172510E-05   -0.30119311E-04
 0.58934298E-04   -0.21878758E-03   -0.13436194E-03   -0.35196465E-05    0.99939446E-05
-0.87057260E-05   -0.85360154E-04    0.14383076E-04    0.13619623E-04    0.11506968E-04
 0.48138489E-04   -0.12613881E-04   -0.79453932E-04    0.54154890E-04    0.31476693E-03
-0.22033307E-04    0.19674004E-03   -0.13404982E-04   -0.75770446E-04    0.15975834E-04
-0.14352618E-04    0.14878310E-04    0.76868867E-05   -0.12371277E-05    0.42007450E-05
-0.39476655E-05    0.13683752E-05    0.28431808E-05   -0.24770652E-04    0.30920831E-04
 0.27815659E-05   -0.14663920E-04    0.14141860E-04    0.13601906E-04   -0.75289777E-05
-0.55546056E-05    0.10907365E-05    0.76672399E-06    0.98751131E-06    0.47187476E-05
-0.28167363E-04    0.40769431E-04    0.51854562E-05   -0.68892008E-06   -0.15040993E-04
-0.58766918E-04    0.10047711E-04    0.28479630E-05   -0.43701891E-04    0.17008104E-05
-0.96195346E-05   -0.13400883E-04    0.14209283E-04   -0.77968267E-05   -0.58895850E-06
 0.23212001E-04   -0.38745140E-03   -0.57574215E-03   -0.79565906E-03    0.11606919E-03
-0.37774657E-08    0.45199890E-04    0.14244732E-03   -0.16068972E-03    0.17151586E-04
 0.48759348E-05   -0.19138998E-04   -0.16161643E-04    0.61676122E-04    0.17992853E-03
-0.30101618E-04    0.50684470E-04    0.31376325E-04   -0.87301440E-03    0.22913058E-03
-0.17293892E-03    0.62944871E-04    0.14564275E-03   -0.64535430E-05   -0.58085392E-05
-0.50293857E-04   -0.95705679E-04   -0.37269942E-03    0.99424329E-04   -0.56736445E-06
 0.15768750E-03    0.95319940E-04   -0.64202816E-04    0.94567006E-04    0.15975862E-03
-0.14269481E-03   -0.16225072E-04    0.98447741E-04   -0.21132265E-04    0.16302071E-03
-0.43681816E-04   -0.15215550E-04    0.16499155E-02   -0.44271473E-03   -0.30229003E-02
 0.17573994E-02    0.13940882E-02   -0.11652451E-03    0.14143292E-03   -0.78653181E-03
-0.82570884E-04    0.45735778E-05    0.24863629E-04    0.88258744E-04   -0.37792262E-04
 0.11466964E-03    0.11912282E-02   -0.18518187E-02   -0.78057601E-05   -0.34507569E-03
 0.26015660E-03   -0.21329353E-02    0.11127338E-03    0.21976333E-03   -0.18348949E-03
-0.15217316E-03    0.14076963E-04   -0.22611732E-03    0.43117373E-03   -0.14214907E-02
-0.99133039E-04   -0.30415195E-04    0.74362733E-05   -0.37725633E-03   -0.11398347E-03
-0.89129033E-04    0.88569480E-04   -0.37475843E-04    0.19067478E-03   -0.14904823E-03
-0.36807288E-03    0.56412819E-04    0.38851306E-04   -0.22649217E-04   -0.42406814E-03
 0.36484748E-02    0.10830851E-02   -0.67736806E-03   -0.10247261E-03    0.85082110E-03
-0.15518523E-03    0.36296206E-04    0.18800122E-03    0.57572283E-04    0.18631737E-04
 0.22133431E-04    0.61609114E-04    0.41851984E-04    0.14275577E-03    0.19675571E-02
-0.31280169E-02    0.78395129E-03   -0.74555105E-03   -0.19391071E-03    0.13626285E-03
-0.20378689E-02   -0.85705111E-04   -0.34972674E-04   -0.44943602E-04   -0.32846318E-05
-0.55157060E-03    0.31969359E-03   -0.64233051E-03    0.22361109E-03   -0.14939464E-03
 0.82176716E-04    0.13498613E-03   -0.75268613E-04   -0.15062352E-03    0.51440141E-04
-0.28402397E-03    0.10208326E-04    0.55496778E-03    0.13684704E-03   -0.92693438E-03
-0.38789269E-04   -0.18132843E-05    0.31115430E-03   -0.13442880E-03    0.34910742E-02
 0.96803962E-03    0.16103222E-02    0.13784969E-03   -0.52522892E-03   -0.33237760E-04
-0.57440034E-04    0.21831724E-03    0.28010609E-03   -0.19077395E-04   -0.34148398E-04
-0.64606870E-04    0.59942918E-04   -0.80020718E-04    0.33767906E-03   -0.77408654E-03
 0.11645014E-03   -0.73530204E-04    0.16648873E-04    0.16557052E-03   -0.94204377E-04
-0.17305405E-02   -0.69135757E-03    0.86888346E-04   -0.36006044E-05    0.12155325E-03
-0.27300974E-03    0.64881940E-03   -0.16885545E-03    0.51850702E-04   -0.35910664E-04
 0.28571142E-03   -0.66085592E-04   -0.32195406E-04   -0.81366354E-04    0.37831773E-04
-0.36167676E-04   -0.11112966E-03    0.71866442E-04   -0.16049045E-03   -0.49714417E-04
 0.52407593E-05   -0.88113160E-04   -0.22184642E-03    0.65826062E-04    0.29343987E-02
-0.79299803E-03   -0.46479418E-03    0.16915229E-02    0.38038006E-03    0.17933483E-03
 0.43688464E-04   -0.62362659E-03   -0.44320756E-05    0.45529540E-04    0.69448638E-04
 0.26940315E-04   -0.19651544E-04    0.25224670E-04    0.45611959E-03   -0.10393879E-02
-0.10700955E-04   -0.38756101E-03    0.19722407E-03   -0.21149387E-03   -0.41470152E-04
-0.65664819E-03   -0.23556121E-02    0.43411724E-04   -0.42437862E-05    0.38995245E-04
 0.44623583E-04    0.20312115E-03   -0.82381862E-04    0.85112877E-04   -0.14810119E-03
 0.20768510E-03   -0.12025326E-03   -0.22781879E-03    0.21852351E-04   -0.26825091E-03
 0.12802970E-03    0.27981132E-04   -0.74231985E-04    0.27016472E-03    0.58181897E-04
 0.54379196E-05   -0.27208088E-03    0.37878730E-03    0.25777189E-04    0.11847861E-02
 0.42143190E-02    0.29052029E-03   -0.40023898E-03    0.87114376E-03    0.25999471E-03
-0.25086559E-04    0.53579284E-04   -0.20512633E-03    0.10937473E-03    0.69355443E-05
 0.19371403E-05    0.14593790E-04    0.12685188E-04    0.18597596E-04    0.11343186E-02
-0.21241488E-02    0.46198924E-03   -0.56034544E-03    0.16325405E-04   -0.14781387E-03
-0.48834657E-04    0.68798440E-04    0.48777697E-04   -0.42566978E-03    0.59654188E-04
-0.24258039E-03   -0.12587798E-03   -0.25283304E-03    0.14528788E-03   -0.20093552E-04
-0.27977907E-04   -0.87420319E-04   -0.14367442E-04   -0.21414616E-04   -0.50137090E-04
 0.14613330E-04    0.47837283E-04   -0.85159473E-04   -0.96814083E-04    0.11480540E-03
 0.20776468E-04   -0.46584573E-05   -0.18061388E-04    0.26682728E-03    0.61753950E-04
-0.14695584E-03   -0.13607336E-04    0.81876377E-03    0.56076760E-05    0.83443430E-04
 0.20292651E-04   -0.36119820E-04    0.53450426E-05   -0.56370650E-05    0.33591904E-05
-0.75075450E-06   -0.20073052E-05   -0.28837275E-06   -0.10606491E-06   -0.43587937E-05
 0.13141890E-04   -0.83765667E-04    0.13100275E-03   -0.35751923E-04    0.33815756E-04
-0.56099147E-05    0.19353210E-04   -0.37864140E-05   -0.69292818E-05   -0.33287955E-05
 0.60235615E-04   -0.22936728E-04    0.80477542E-05    0.33706175E-05   -0.10838808E-05
 0.40347231E-04    0.10021455E-04    0.19133507E-05    0.12684983E-04    0.11524513E-05
 0.12637526E-04    0.71251257E-05    0.71133005E-06    0.72952731E-05    0.88697585E-05
 0.78550445E-05    0.31645895E-05    0.59652378E-07   -0.27943751E-07    0.66184620E-05
-0.31718370E-04    0.20718424E-04    0.26563750E-05   -0.13534111E-04   -0.11560671E-03
 0.44609176E-04   -0.65874586E-04   -0.25341631E-02   -0.44715349E-03    0.11497946E-02
-0.19178719E-03    0.15830874E-03   -0.80552352E-04   -0.25635489E-03    0.58100033E-04
 0.56273875E-04    0.42239501E-04    0.24010109E-04   -0.49922953E-04    0.16110378E-02
-0.28038207E-02    0.65308627E-03   -0.10079898E-02   -0.32591886E-04   -0.24916411E-03
-0.51059841E-03    0.23133896E-03    0.37203816E-04   -0.23975762E-03    0.62213111E-05
-0.27328579E-02   -0.20542627E-03   -0.99720194E-03    0.20904404E-03   -0.11077230E-03
 0.82065992E-04    0.85898517E-04    0.57521741E-04   -0.99256846E-04    0.13094209E-03
-0.33600007E-03    0.13013822E-03    0.18380428E-03   -0.58169467E-04   -0.10954473E-03
 0.60025255E-04   -0.12957240E-04    0.31750846E-04    0.52356963E-03    0.77230024E-03
-0.16168829E-03   -0.51534449E-04    0.47158874E-03   -0.28935010E-04    0.47164051E-02
 0.37025806E-04    0.36854929E-02   -0.44460569E-03   -0.16266094E-02    0.24754338E-03
-0.20445631E-03    0.44547439E-03    0.76427505E-04    0.87226367E-04   -0.25652197E-04
-0.10581038E-04    0.10495031E-03   -0.76490774E-04    0.41533170E-03   -0.10937264E-02
 0.47413765E-03   -0.39820376E-03   -0.10803128E-03    0.39631336E-03    0.22682023E-03
-0.37403300E-03    0.59650954E-04   -0.11569528E-03    0.40216876E-05   -0.29056815E-03
-0.40191456E-02    0.83381502E-03   -0.24730581E-03    0.72978390E-04    0.11346103E-03
 0.36914950E-05   -0.16461653E-05    0.14838295E-03   -0.18634520E-03    0.14214289E-03
-0.17266872E-03   -0.57682610E-04    0.38104731E-03   -0.26159763E-03   -0.44791843E-05
 0.42144624E-04    0.97860574E-04   -0.78615575E-03   -0.45332664E-03    0.50513246E-03
 0.90070390E-04    0.17388279E-03   -0.60510978E-05    0.46297043E-03    0.73444112E-02
-0.35664488E-02   -0.11851907E-01    0.15834064E-02    0.42677510E-02   -0.28142502E-03
 0.57349352E-03   -0.21975347E-02   -0.11756652E-02   -0.41980364E-04    0.91550419E-04
 0.20009129E-03   -0.26238321E-03   -0.11775396E-03    0.35164891E-02   -0.32179105E-02
-0.77407364E-03   -0.69412421E-04   -0.29881925E-03   -0.15690474E-02   -0.75931499E-03
 0.10535610E-02    0.21250343E-04   -0.29232726E-03   -0.45958919E-04   -0.90730636E-03
 0.81134185E-03   -0.24859936E-01   -0.84887433E-03   -0.40788649E-03    0.18662906E-03
-0.85624069E-03   -0.51949117E-03   -0.28875805E-03    0.40407082E-03   -0.14660579E-02
 0.22378923E-03    0.37135674E-03   -0.27150863E-03    0.12837732E-02    0.33468808E-03
-0.69900336E-04    0.91601758E-03    0.26436827E-02    0.12791164E-02   -0.11179016E-02
-0.51239646E-03    0.47723664E-03    0.97035139E-05    0.14979075E-02   -0.13892423E-02
 0.96578980E-01   -0.10818914E-02    0.17059595E-03   -0.22964562E-02   -0.59987364E-03
-0.71900359E-04   -0.70361103E-04    0.58740632E-03   -0.20988542E-03   -0.16726773E-04
-0.40054501E-04    0.19442277E-04    0.17308162E-04   -0.23007109E-03    0.29311087E-03
 0.21148878E-03   -0.42816995E-03    0.31850478E-03    0.11880672E-03   -0.11618019E-03
 0.19241027E-03   -0.10724015E-03   -0.47033651E-04    0.12707467E-03    0.36805871E-04
 0.19594915E-03   -0.29358898E-03   -0.55746130E-03   -0.30008148E-02    0.16333953E-04
 0.10116324E-03    0.39623755E-04   -0.45026934E-04    0.30742224E-04   -0.74513127E-03
-0.11064254E-04   -0.61630957E-04   -0.15296839E-04    0.66705371E-04   -0.34541614E-03
 0.15947718E-03   -0.36554861E-05   -0.20564871E-03    0.22448434E-03   -0.32554135E-03
 0.37542064E-03    0.20598066E-03   -0.34047167E-03   -0.58071719E-04   -0.29219328E-03
 0.30849414E-03    0.16538035E-02    0.65341174E-02   -0.54224827E-04   -0.70422382E-03
-0.50884824E-03    0.36513859E-03   -0.47907010E-04    0.27892175E-04    0.11668742E-04
-0.55029486E-04    0.13964682E-04    0.85478841E-05   -0.12114460E-04    0.93185440E-06
 0.17454476E-04    0.59206935E-03   -0.96853838E-03    0.20823439E-03   -0.22396154E-03
-0.14507322E-04   -0.27324961E-04   -0.13819176E-03    0.92893313E-04    0.96553179E-04
-0.20796160E-04    0.87519783E-05   -0.95087791E-04    0.10108991E-03   -0.44657424E-03
 0.25128131E-04   -0.26949872E-03    0.42116617E-04   -0.57105787E-05    0.11109614E-05
-0.20287096E-04    0.66304718E-04   -0.76273089E-04    0.24559562E-04    0.12708994E-03
 0.10709920E-04   -0.58887399E-04    0.53344031E-05   -0.17224339E-05    0.14386492E-04
 0.42014547E-04    0.21976828E-03   -0.75128847E-04   -0.11315482E-03    0.19382753E-04
-0.14089164E-04    0.14879175E-03   -0.90184994E-04    0.53657457E-03   -0.80588690E-04
 0.50116977E-03    0.40744446E-03   -0.85956604E-04    0.67583445E-03    0.17144079E-03
-0.47729617E-04    0.22873687E-04   -0.94991753E-04    0.97341662E-04   -0.24426084E-05
-0.16604051E-06   -0.55818473E-05   -0.17077593E-05   -0.14464388E-04    0.22121676E-03
-0.57228631E-03    0.48036550E-04   -0.61214033E-04    0.15519334E-03    0.49222784E-04
 0.10101395E-03   -0.57682241E-04   -0.13033277E-03   -0.21591232E-04    0.17777447E-05
 0.97394578E-04    0.90878296E-04    0.25052661E-03    0.11461458E-03    0.48803131E-04
-0.30979645E-03   -0.13036769E-03    0.73838147E-05    0.13705889E-04    0.48832224E-04
-0.17780574E-04   -0.57556987E-04   -0.52896457E-04   -0.34592877E-04   -0.24845456E-03
-0.22909352E-05    0.13026053E-04   -0.26666582E-03   -0.61997096E-04   -0.15217143E-03
 0.85812206E-04    0.21730420E-03    0.43899362E-04    0.56650501E-06   -0.13321720E-03
-0.37982008E-04   -0.61413435E-03   -0.31466203E-03   -0.77781505E-04    0.51632790E-03
 0.69712246E-05   -0.18836129E-02    0.15412268E-02    0.78373770E-03   -0.55944197E-04
 0.79486920E-04   -0.52965834E-03   -0.98621745E-04   -0.43949025E-04   -0.89786166E-05
-0.11051030E-04    0.10734622E-05    0.39074515E-04    0.64045352E-03   -0.13963886E-02
 0.32351994E-04    0.74875376E-04    0.12370514E-03   -0.35337671E-03    0.16447813E-03
 0.30487728E-03    0.23493520E-03   -0.77084326E-04    0.11308624E-04    0.12091461E-03
-0.42507340E-04   -0.66783586E-03    0.85149669E-05    0.22726583E-05   -0.12627108E-03
-0.18048866E-02    0.40264025E-04    0.59547414E-04   -0.16415681E-03   -0.56332930E-04
 0.10601742E-03    0.51553359E-04    0.72337966E-04    0.56896272E-03    0.20083481E-04
 0.43043440E-04   -0.19569008E-03    0.50190178E-03   -0.25813395E-03   -0.43846293E-03
-0.20210623E-03    0.15807717E-03   -0.14739726E-04   -0.74685793E-04    0.16977861E-03
 0.10466764E-02   -0.16313561E-03    0.12490376E-05    0.26869094E-03    0.30633833E-02
-0.57585282E-03   -0.35753951E-03    0.82652079E-03    0.51181865E-04    0.20793075E-04
 0.15390401E-04   -0.29158392E-03   -0.13988380E-03   -0.44376628E-04    0.10219958E-04
-0.16498669E-04   -0.23098293E-04    0.30396336E-04    0.11288222E-02   -0.18637479E-02
 0.28177353E-03    0.18237609E-05   -0.61166229E-04   -0.14329688E-03   -0.51500948E-04
 0.38610202E-05   -0.14687105E-03   -0.33034344E-04    0.49725842E-05    0.64974584E-05
-0.48885627E-04   -0.52100692E-03   -0.18036971E-04   -0.23554759E-05    0.12865357E-04
-0.38225303E-04   -0.18113503E-02   -0.10036903E-02    0.31317071E-04   -0.17803909E-03
 0.22610789E-04   -0.12276435E-04    0.38874398E-05    0.21659386E-03    0.89527734E-04
-0.35135647E-05    0.11140855E-03    0.34085628E-03    0.18629438E-04    0.65723600E-04
 0.16932614E-03    0.39084589E-04   -0.14929813E-04   -0.59429618E-05   -0.39284777E-04
 0.83001801E-03    0.40426705E-04   -0.46224652E-04    0.20183878E-04   -0.54957626E-06
 0.34297526E-02    0.10544506E-02    0.97137935E-03    0.18291981E-02    0.16946929E-03
-0.59748596E-04   -0.66199852E-04   -0.32038875E-03    0.21750460E-03   -0.14782988E-04
 0.37423042E-04   -0.17352249E-04   -0.42400381E-04   -0.29814614E-04    0.88116084E-03
-0.16792347E-02    0.25039300E-03   -0.11285376E-03    0.97692113E-04   -0.24470719E-04
-0.18010221E-03   -0.14019251E-03   -0.22629984E-03   -0.12545096E-04    0.10729082E-04
-0.89607703E-04    0.16568344E-04    0.87590997E-04    0.54129993E-04   -0.84311346E-05
 0.34153619E-04    0.10082057E-03   -0.10173213E-02   -0.17102157E-02    0.12231485E-03
-0.58477980E-04    0.19383688E-04    0.15665211E-03    0.76918885E-04    0.82669269E-04
-0.34736250E-04    0.60714834E-05   -0.20482267E-03    0.29520949E-04    0.12522649E-03
 0.85353305E-04    0.16345645E-03    0.14767419E-04   -0.12361324E-04    0.41049905E-04
 0.43659853E-05   -0.23923164E-03   -0.81493768E-04   -0.68323702E-04    0.28796667E-04
-0.60368308E-04    0.18268821E-02    0.31484498E-02   -0.11284060E-02    0.17684768E-02
-0.50830080E-03   -0.13605392E-02    0.26141772E-03   -0.12988793E-03   -0.39905196E-04
-0.97059607E-04    0.19475154E-04   -0.25964079E-04   -0.42642962E-04    0.81468322E-04
-0.13482900E-03    0.19489879E-02   -0.36418863E-02    0.95555185E-03   -0.11829827E-02
 0.14941136E-03    0.81061922E-04    0.61067871E-04   -0.62598650E-04    0.16109863E-04
-0.51673658E-04    0.81829954E-05    0.12663146E-03   -0.22980350E-03    0.43093080E-03
-0.70169196E-03    0.63352157E-04    0.59986030E-04   -0.14134680E-03    0.34743868E-04
 0.15935331E-03   -0.25696762E-02    0.13522067E-03   -0.25719338E-04   -0.12238589E-03
-0.71652872E-04   -0.17873361E-03   -0.73676901E-05    0.51553049E-04   -0.33042389E-03
-0.18258261E-03   -0.13271900E-03    0.76041174E-04    0.13903005E-03    0.73855002E-04
-0.17344573E-04   -0.13813828E-03    0.24263411E-03   -0.70062404E-03    0.14033458E-02
-0.10308837E-03   -0.66214866E-04    0.38182953E-03   -0.14516655E-04   -0.22008086E-03
 0.47734083E-02    0.86148445E-03   -0.10934969E-02    0.15298809E-04    0.64149789E-03
-0.14503435E-03    0.86417291E-04   -0.41092289E-04    0.11783548E-03    0.26414929E-04
 0.36594058E-04    0.48565405E-04    0.59509659E-05    0.73724033E-04    0.86719603E-03
-0.14608046E-02    0.35736914E-03   -0.43869204E-03   -0.93356509E-04    0.39374878E-04
-0.27730038E-03   -0.41561665E-04   -0.25904352E-03    0.15064824E-04   -0.20140384E-05
-0.25663998E-03    0.50732083E-04   -0.79793195E-03    0.77906098E-05   -0.61095742E-04
-0.35411676E-04   -0.32037978E-04   -0.12280379E-03   -0.13921405E-03    0.13093809E-03
-0.18820944E-02   -0.54991885E-03    0.47481773E-03    0.68504872E-04    0.70673725E-04
-0.12593211E-04   -0.41667423E-05    0.14921360E-03    0.20241492E-04    0.37580600E-03
 0.33528682E-04    0.37464426E-03    0.19481699E-04    0.40301057E-05    0.58138817E-03
-0.18369649E-03    0.14986993E-02   -0.93877618E-04    0.88556040E-04    0.79241359E-04
 0.63497605E-04    0.13353136E-03    0.22325763E-03   -0.28307339E-03    0.33076917E-02
 0.92199464E-03    0.14455550E-02   -0.12506017E-02   -0.57697577E-03   -0.42573921E-04
-0.88837747E-04    0.64141739E-03    0.13638359E-03    0.60717719E-04   -0.49478992E-05
-0.33116155E-04   -0.97882197E-04   -0.65123371E-04    0.57285436E-04   -0.20007415E-03
 0.29612365E-03   -0.43151315E-03   -0.50721957E-04    0.26943252E-03    0.29483065E-04
-0.14169588E-03    0.10291485E-03    0.58608254E-04    0.10536589E-04    0.10650668E-03
-0.25720191E-03    0.43290855E-03   -0.12482457E-03    0.25011723E-04   -0.47851108E-04
 0.16244165E-03    0.49017775E-04    0.64793454E-04   -0.51236943E-04   -0.52277776E-03
-0.17555847E-02   -0.13793096E-03    0.19182013E-03   -0.15285809E-03   -0.68400056E-04
 0.13980287E-04   -0.41542954E-04   -0.53286560E-03   -0.47059868E-04    0.59684949E-04
-0.32708789E-03   -0.68479672E-04   -0.17448288E-04   -0.77914165E-04    0.34189284E-03
-0.82496332E-03    0.13699534E-03   -0.58778092E-04    0.10439979E-03   -0.20440677E-03
-0.20461826E-03   -0.11807247E-04    0.98016689E-04    0.98128207E-03    0.35374592E-02
 0.63615548E-03    0.13858282E-02    0.87836490E-03   -0.54455296E-03    0.75397933E-05
-0.20642026E-06    0.57074778E-04    0.23580034E-03    0.12291555E-04    0.52166742E-05
 0.51026794E-05   -0.29997874E-04    0.81012730E-04    0.48400382E-04   -0.20400484E-03
-0.54528685E-04    0.26432599E-04    0.87944503E-04   -0.38878830E-04    0.50176655E-03
-0.25591112E-03    0.74995156E-04   -0.86542035E-04    0.76083435E-05    0.20470716E-03
-0.15980297E-03    0.69159722E-03    0.23760582E-04    0.13390228E-03   -0.75960035E-04
 0.87879005E-04   -0.34368411E-04    0.11629440E-03   -0.12151596E-03    0.52305142E-03
-0.19069069E-03   -0.29732606E-02   -0.46086794E-03    0.11446259E-04   -0.21215834E-04
 0.15788256E-04   -0.27872772E-03    0.56845179E-04   -0.73475113E-03    0.29504001E-03
-0.12273513E-03    0.12909853E-03    0.73896126E-07   -0.56037663E-03    0.15509143E-03
-0.11045467E-02   -0.12511681E-03   -0.21500379E-03    0.13495423E-03   -0.14615417E-03
-0.10599838E-03   -0.25350152E-03    0.23344316E-03   -0.83641311E-03    0.23472017E-03
 0.51325740E-02   -0.95897486E-04   -0.20455029E-02    0.12031498E-02    0.91487411E-03
-0.13298755E-03    0.10903008E-03   -0.46558759E-03   -0.81145573E-04   -0.30882904E-04
 0.26081343E-04    0.44143921E-04   -0.72583887E-04   -0.60169802E-04    0.68372142E-03
-0.12650647E-02    0.19193074E-03   -0.66658679E-03    0.57084717E-05   -0.31716126E-03
 0.14221590E-03    0.90954178E-04   -0.73875550E-04   -0.91475470E-04    0.21124417E-05
 0.45559051E-04    0.35706117E-03   -0.16516147E-03    0.15271786E-03    0.22138031E-04
-0.50950923E-04    0.46244009E-04    0.19344977E-04   -0.26282160E-04   -0.52594590E-04
 0.77603799E-05    0.12319420E-03   -0.57626251E-03   -0.17704988E-02    0.28613748E-03
 0.98075696E-04   -0.28573480E-04    0.17864823E-04    0.52548052E-03   -0.24182183E-03
-0.31829320E-04    0.48236026E-04    0.22134267E-03   -0.17635507E-04    0.12401028E-03
-0.47941839E-03    0.19715386E-03   -0.32508410E-03   -0.26899414E-05    0.71753867E-04
-0.11892756E-03    0.43988739E-04   -0.25439958E-04    0.12343228E-03   -0.87860063E-04
-0.42617075E-03    0.89886780E-03    0.32151970E-02    0.32960867E-03    0.10786261E-02
-0.23358850E-02   -0.44052334E-03   -0.55650319E-05   -0.75694747E-04    0.73516424E-03
-0.32701785E-04    0.16607379E-04    0.34026732E-06   -0.31546183E-04    0.55510594E-04
-0.11704583E-03    0.16785703E-02   -0.28389253E-02    0.86613641E-03   -0.10127147E-02
 0.93311637E-04    0.63147377E-05   -0.89566194E-03   -0.86777072E-04    0.24292881E-03
 0.11323414E-03    0.52802557E-05   -0.17877020E-03   -0.72323427E-04    0.80071135E-03
-0.29521380E-03   -0.87820222E-04   -0.25697905E-03    0.52841191E-03    0.12869230E-03
 0.15378818E-03   -0.16851549E-03    0.67922522E-04   -0.71869298E-04    0.11146889E-03
 0.20336381E-03   -0.27086377E-02   -0.23858487E-04    0.39461504E-05   -0.23248823E-03
 0.13011457E-03    0.14936670E-02    0.16642748E-03   -0.34262363E-03   -0.21999527E-03
-0.42349109E-05    0.31343290E-03    0.34099211E-03   -0.15233292E-02    0.55907415E-03
 0.14725869E-03    0.38894451E-03   -0.82436025E-03   -0.23346555E-03   -0.21871880E-03
 0.22787575E-03   -0.17280667E-03    0.12848749E-03   -0.70804342E-04   -0.44238097E-03
 0.45865654E-02    0.81276683E-03    0.10857819E-02    0.10307968E-03   -0.29240847E-03
-0.32728563E-04   -0.45376836E-04    0.13342823E-03    0.17378624E-03    0.28016544E-05
 0.11728126E-04   -0.13015523E-04    0.35761962E-04    0.10822230E-04   -0.91334224E-04
-0.78695169E-04    0.11027296E-03   -0.11749862E-03   -0.38666999E-04    0.10184148E-03
-0.52658009E-04   -0.17116524E-03    0.64138391E-04    0.22187784E-04    0.15724072E-05
 0.77210510E-04   -0.68333868E-04    0.52794195E-03    0.19685191E-03    0.17467243E-04
-0.29409539E-06    0.65952309E-04    0.10129930E-03   -0.24856904E-04   -0.23383991E-04
 0.42566808E-04   -0.97929985E-04   -0.12714687E-04    0.15370166E-03   -0.98895038E-04
-0.30063623E-03    0.66422034E-05    0.65778883E-04   -0.18539104E-03    0.77839954E-04
 0.16843808E-03   -0.12449065E-03   -0.23203809E-04   -0.22728329E-05   -0.14962564E-03
 0.62724739E-04   -0.10425695E-02   -0.42171946E-03   -0.24679632E-04    0.28479809E-04
-0.95502672E-04   -0.26232880E-03    0.13479625E-03    0.54321454E-04    0.10085961E-03
 0.21495759E-03   -0.40864935E-04   -0.20082842E-03    0.69739842E-04    0.76478274E-03
-0.14572981E-04   -0.42671021E-03    0.13109417E-04    0.17011250E-03   -0.29088715E-04
 0.30424508E-04   -0.31647616E-04   -0.30253944E-04   -0.12151471E-05    0.95551509E-07
 0.97467420E-05   -0.76146324E-05    0.34584814E-05    0.57125535E-04   -0.55101438E-04
-0.19594092E-04    0.17513584E-04   -0.13281662E-04   -0.35409414E-04    0.38771846E-05
 0.24272788E-04    0.16159396E-05   -0.60153931E-05   -0.15522873E-06   -0.13865288E-04
 0.56791894E-04   -0.11016035E-03   -0.38345547E-05   -0.30826079E-05    0.96441323E-05
 0.33371320E-04   -0.39842421E-05    0.35335121E-05    0.54168842E-04   -0.18401204E-04
 0.12021669E-04    0.83159820E-05   -0.41987703E-04    0.20326207E-04    0.38739569E-05
-0.22968274E-04    0.26960189E-04    0.61615218E-04   -0.18205001E-06   -0.17541736E-04
-0.14671894E-05    0.11085692E-04   -0.10230229E-05    0.40908839E-04   -0.97537213E-04
 0.16386034E-03    0.86159415E-05    0.47617568E-05   -0.24338370E-04   -0.66805921E-04
 0.13663640E-04   -0.18374544E-04   -0.97617173E-04    0.77799516E-07   -0.34934659E-04
-0.29636105E-04    0.56760057E-04   -0.52556953E-05   -0.20389791E-04    0.40355548E-04
-0.32239229E-03    0.99533464E-02   -0.17312734E-02   -0.64045703E-02    0.73922170E-03
-0.70909660E-03    0.98306194E-03    0.61561155E-03    0.16736096E-03   -0.76717341E-04
-0.16965601E-03    0.43948673E-04   -0.39191399E-03   -0.15072912E-02    0.21363704E-02
 0.11367194E-02   -0.45503622E-03   -0.96484489E-04    0.12507554E-02    0.14870161E-03
-0.53341786E-03    0.49647951E-03    0.19447524E-03   -0.20494588E-04    0.55495257E-03
-0.13820813E-02    0.30995429E-02   -0.43303410E-04    0.14221586E-03    0.22168923E-03
 0.76184385E-03   -0.41485798E-04    0.12300660E-03   -0.69988489E-03    0.59876458E-03
-0.32328378E-03   -0.15442752E-03    0.98889001E-03   -0.78329793E-03   -0.10668827E-03
 0.92263949E-04   -0.94966357E-04   -0.19402502E-02   -0.46900061E-03    0.52725876E-03
-0.59660104E-03   -0.39780493E-03    0.49411835E-04   -0.10087952E-02    0.18883534E-02
-0.55185587E-02    0.49154022E-03   -0.26285395E-03   -0.26441719E-03   -0.10600484E-02
-0.27337175E-03    0.18024247E-04    0.13168607E-02   -0.45477646E-03    0.72969220E-03
 0.34656633E-03   -0.13967610E-02    0.78238567E-03    0.48931133E-03   -0.21637665E-03
 0.10608733E-01    0.25238659E-04    0.14470949E-02   -0.36306169E-04   -0.86263919E-03
 0.75035880E-04   -0.10948754E-03    0.70913768E-04    0.13568012E-03   -0.81952271E-06
-0.44554989E-04   -0.35609068E-04    0.32665205E-04   -0.30385572E-04   -0.24966011E-03
 0.30521150E-03   -0.19155722E-04    0.22920939E-03    0.24263064E-03    0.12265872E-03
 0.81782724E-04   -0.83592980E-04    0.54361193E-04    0.16621911E-04    0.28317854E-05
 0.86025454E-04   -0.21867129E-03    0.43038648E-03   -0.24315517E-05    0.10708897E-06
 0.37218846E-05    0.43302253E-04   -0.17728146E-05    0.27786919E-04   -0.16441140E-03
 0.13845243E-03   -0.34858368E-04    0.24505747E-04    0.20125866E-03   -0.95155874E-04
-0.13654615E-04    0.18605637E-04   -0.34656253E-03   -0.21097307E-03   -0.13092727E-03
 0.64460442E-04   -0.31437469E-04   -0.48021877E-04    0.23716475E-05   -0.16900424E-03
 0.19168821E-03   -0.89460324E-03    0.45529354E-04   -0.30958224E-04    0.26647406E-04
-0.73870425E-04   -0.29412814E-04    0.47532682E-04    0.30156159E-03   -0.99576929E-04
 0.92020644E-04    0.25574359E-04   -0.24038738E-03    0.88431723E-04    0.47893685E-04
-0.38710031E-04    0.14195247E-02    0.10874005E-02    0.20639520E-03   -0.12263234E-03
-0.30504416E-03    0.27228428E-03   -0.28664161E-04    0.20139363E-04    0.15166620E-03
-0.23593949E-04   -0.32873313E-04   -0.72402316E-05   -0.78783944E-05    0.16724597E-04
 0.56966773E-04   -0.82782675E-04    0.77344515E-04   -0.52991175E-03    0.31810792E-03
-0.60709481E-04    0.45146496E-03   -0.47078798E-04   -0.27490676E-04   -0.48817351E-05
 0.31566023E-04   -0.30004535E-05   -0.52810869E-04    0.70777017E-04    0.18926375E-04
-0.15610581E-04   -0.14033540E-04   -0.12772062E-04    0.19394931E-04   -0.40833783E-04
-0.67186454E-04    0.23004769E-04   -0.65498819E-04   -0.51528534E-04    0.42549888E-04
-0.50559128E-05    0.51240864E-04   -0.55854563E-05   -0.96514578E-06    0.12371770E-03
-0.57750578E-03    0.11216549E-03    0.40014640E-04   -0.26317831E-04   -0.31464200E-04
 0.10139605E-04    0.32063440E-05   -0.54996304E-04    0.47200828E-04   -0.29637971E-04
 0.19309793E-04   -0.11826205E-04   -0.82251795E-05    0.75237527E-05    0.38124953E-04
-0.64113978E-04    0.95137611E-04    0.65027846E-04    0.91742649E-05   -0.53390405E-05
-0.78162040E-04    0.14927785E-04    0.39303176E-06   -0.43702764E-03   -0.17525192E-03
 0.15008616E-02   -0.41178213E-03   -0.47169827E-04   -0.25674643E-03   -0.25123623E-03
 0.19445883E-04   -0.32780575E-05    0.75032348E-05   -0.37347108E-05   -0.52038836E-04
 0.23704748E-04    0.33511835E-05   -0.40195839E-05   -0.52665547E-04   -0.65967049E-03
 0.95764992E-03   -0.14625696E-02    0.13098052E-02    0.83394627E-04    0.76053670E-05
 0.64447537E-03   -0.15388251E-04   -0.19996572E-04    0.13802742E-04    0.41877922E-05
 0.17138878E-03   -0.69792464E-04   -0.14069671E-03   -0.81297743E-04    0.37801739E-04
-0.15918776E-04   -0.10281004E-03    0.64432473E-04    0.55394277E-04   -0.17327651E-04
 0.71659618E-04    0.32207012E-05   -0.15157865E-03    0.29828285E-04    0.35322112E-03
 0.13665070E-04    0.56182032E-06   -0.72938432E-04    0.16993122E-04   -0.87330219E-03
 0.24488420E-04   -0.41800084E-04   -0.35518798E-04    0.24076097E-05   -0.24362419E-03
 0.10641759E-03   -0.17748774E-04    0.12346917E-03   -0.50398602E-04    0.21705835E-04
 0.13449111E-03   -0.10621323E-03   -0.87695571E-04   -0.90327947E-05   -0.18357692E-03
-0.13142380E-04    0.20543667E-03    0.31671571E-04   -0.45670216E-03   -0.36581472E-04
 0.22520683E-05    0.98509970E-04    0.75640278E-04    0.37723433E-04    0.15935007E-02
-0.44426303E-03   -0.23694773E-03   -0.27316472E-03   -0.29454003E-04    0.18507998E-04
 0.26124491E-04    0.13535109E-04   -0.67244727E-04   -0.24194388E-04    0.10076024E-04
 0.25016612E-05   -0.43712480E-04    0.81556318E-05   -0.43877228E-04    0.19434710E-03
-0.17088181E-03    0.15387948E-03    0.11676568E-04    0.12453935E-05   -0.16789376E-04
 0.56226012E-03    0.27000487E-03   -0.10231770E-04   -0.95634169E-05   -0.12681571E-03
 0.54195361E-04   -0.24407585E-03    0.12240459E-03   -0.32225601E-04    0.35472526E-04
-0.80289817E-04    0.44826188E-04    0.57164217E-04   -0.57001855E-04    0.63137642E-04
 0.44811358E-04    0.86711597E-04   -0.18518384E-05    0.88185137E-05    0.27952468E-04
-0.42785628E-05    0.14995061E-04   -0.49552935E-05    0.22761922E-05   -0.65891273E-03
-0.30858699E-03    0.21300017E-04    0.61122008E-05    0.73790514E-04   -0.22438231E-04
 0.16875290E-03    0.42364839E-05    0.12522152E-04   -0.44683272E-04    0.72124191E-04
-0.56769846E-04   -0.10609139E-03    0.55364096E-04   -0.13316373E-03   -0.61787884E-04
-0.81355925E-04   -0.18221972E-04    0.52959022E-04   -0.50636937E-04    0.72762057E-05
 0.20284249E-03   -0.14495898E-04   -0.25324873E-04    0.91069280E-04    0.15432376E-02
 0.18442317E-03    0.10488923E-02   -0.42262501E-03   -0.66381492E-03    0.38131850E-04
-0.50064010E-04    0.22380701E-03    0.98746105E-04    0.21961322E-04   -0.11134373E-04
-0.16130249E-04    0.46034711E-04   -0.46319908E-04   -0.17774629E-03    0.23345324E-03
-0.26792952E-05    0.31483873E-03   -0.37494528E-04    0.18076082E-03   -0.23447310E-04
 0.19251581E-03    0.72500739E-03   -0.20015503E-04   -0.20229045E-05    0.31002441E-04
-0.10091277E-03   -0.59756927E-04    0.94720366E-04   -0.32276118E-05    0.55358322E-04
-0.24916746E-04    0.51494646E-04    0.10558632E-03   -0.12545982E-03    0.26296072E-03
-0.58534636E-04   -0.73045132E-05    0.13964809E-03   -0.18074926E-03   -0.14541968E-04
 0.10863907E-05    0.40936793E-04   -0.27793601E-03   -0.48305181E-04   -0.24443129E-03
-0.95417594E-03    0.11240482E-04    0.76382158E-05   -0.11234897E-03    0.22663659E-03
-0.30570097E-03   -0.93348524E-04    0.10104470E-05   -0.60662325E-04    0.14522012E-04
-0.53281893E-04   -0.78063737E-04    0.13417511E-03   -0.24635288E-03    0.13147700E-03
 0.11756008E-03   -0.25182526E-03    0.19715011E-03    0.63792766E-04   -0.13673627E-04
 0.11004236E-02    0.86652304E-04    0.52122236E-04    0.67609958E-04    0.74432331E-03
 0.22231847E-02   -0.57120066E-04    0.43359169E-04   -0.90367217E-04    0.14080469E-05
-0.34721337E-05   -0.11333867E-04    0.26136487E-04   -0.29345759E-04   -0.41205565E-05
-0.36466844E-05   -0.28559449E-04   -0.53011847E-05    0.42832190E-04   -0.34286299E-03
 0.50113847E-03   -0.10237121E-02    0.77175095E-03    0.89229622E-05    0.32488145E-04
 0.11259515E-04   -0.16010699E-04   -0.46910454E-04    0.12355095E-03   -0.17864474E-04
 0.54203446E-04    0.84674356E-04   -0.23549571E-04   -0.37003732E-04    0.10782572E-04
 0.29434193E-05    0.19273172E-04    0.10039317E-04   -0.14384611E-04    0.18478469E-04
-0.29589182E-04   -0.32886173E-04    0.22278449E-04    0.22233940E-04    0.19373268E-04
-0.29261263E-05    0.71302352E-06   -0.27951550E-05   -0.44347006E-04   -0.20900654E-04
 0.42580882E-04    0.51333895E-04   -0.17423934E-03    0.24314497E-04   -0.11122520E-03
-0.80873538E-04   -0.15549798E-04    0.81517370E-04   -0.11965584E-04   -0.15387464E-04
-0.46770706E-04    0.14383822E-04    0.12173697E-04   -0.36380172E-04    0.80872909E-05
-0.60566258E-05   -0.15685546E-04   -0.56476497E-04   -0.32409042E-05   -0.11091920E-04
 0.65349902E-06   -0.20519273E-04   -0.69880700E-05    0.81454470E-04    0.57675533E-04
-0.11330256E-03   -0.11618996E-03    0.39563654E-03   -0.26101860E-05   -0.31122071E-04
-0.28776823E-04    0.99976979E-05   -0.53329275E-05    0.54991236E-05    0.21842895E-05
 0.46308828E-06    0.22401766E-05    0.24005373E-05    0.85340971E-05    0.22348978E-05
-0.14534725E-05    0.19540764E-04   -0.37476085E-04    0.49523755E-04   -0.30187906E-04
 0.18164458E-05   -0.32616576E-05    0.47959241E-05   -0.76969107E-05    0.78719738E-06
-0.17323930E-04    0.69851053E-05   -0.31432378E-05   -0.33164932E-05   -0.12588413E-04
-0.23646394E-04   -0.33129028E-05   -0.71134141E-06   -0.36433758E-05   -0.17914940E-05
 0.22817716E-05    0.14496576E-05    0.24371702E-05    0.52810323E-06    0.26595867E-05
 0.58961186E-05   -0.74912351E-05    0.91954624E-06    0.24881654E-06   -0.34206812E-05
 0.97503487E-05    0.17297407E-05    0.57381802E-05    0.82601742E-06    0.23461922E-04
-0.83780630E-05    0.17514466E-04   -0.19260346E-05    0.21294299E-04    0.22006192E-04
 0.42372334E-05    0.17318538E-05    0.41768778E-05   -0.22319356E-05   -0.23931359E-05
 0.36866431E-05    0.20809178E-05    0.13316493E-05   -0.62025355E-05    0.14156858E-05
 0.75101505E-05    0.14695456E-05   -0.49518719E-06   -0.54641136E-05    0.11713981E-04
-0.61296676E-05    0.99081977E-05   -0.73155118E-05   -0.92838108E-05   -0.58391274E-04
 0.24379421E-04   -0.16497003E-03    0.30118651E-02   -0.37900979E-03   -0.20044077E-02
 0.20478334E-03   -0.20795290E-03    0.17901442E-03    0.20711091E-03    0.83802216E-04
-0.52678621E-05   -0.46731894E-04   -0.11512385E-03   -0.20044750E-03   -0.84067861E-03
 0.12805697E-02   -0.10415854E-02    0.93822611E-03   -0.15250867E-04    0.30531706E-03
 0.21438488E-03   -0.29018250E-03    0.98770752E-04    0.10504405E-03   -0.83520323E-05
 0.91428158E-03   -0.24151123E-03    0.90704688E-03   -0.11640223E-03    0.62519153E-04
 0.23928443E-04    0.18982675E-03   -0.63618421E-04    0.11293983E-03   -0.99806824E-04
 0.29930199E-03   -0.93535431E-05   -0.91972006E-04    0.32897971E-03   -0.20580440E-03
-0.43027276E-04    0.21496600E-04   -0.67897596E-05   -0.54467544E-03   -0.38474338E-03
 0.20605228E-03   -0.16229975E-03   -0.21483286E-03    0.29543683E-04   -0.12375157E-02
 0.35415063E-03   -0.14901443E-02    0.34812011E-03   -0.11956780E-03   -0.41355737E-04
-0.23267364E-03   -0.62520137E-04   -0.20533773E-06    0.25977256E-03   -0.30441824E-03
 0.20562230E-03    0.23553575E-03   -0.46478747E-03    0.10036863E-03    0.12556072E-03
-0.62570224E-04    0.29257645E-02    0.45657867E-03   -0.74577541E-04    0.15935061E-03
 0.76087074E-04    0.30946259E-03    0.18026446E-03   -0.40256813E-05    0.28488929E-02
 0.18743109E-03   -0.19168363E-02    0.23146293E-03    0.11396463E-02   -0.19268798E-03
 0.16100286E-03   -0.12111290E-03   -0.49099968E-04   -0.13092951E-04    0.17550286E-04
 0.36089316E-04   -0.29651278E-04    0.11550652E-03   -0.20113732E-04   -0.10287449E-03
-0.13332355E-02    0.58961335E-03   -0.48710486E-05   -0.17767757E-03   -0.90032968E-04
 0.17496934E-03   -0.12113697E-04    0.51340891E-04   -0.21869679E-05    0.48134949E-04
 0.14792411E-02   -0.55569799E-03    0.10489733E-03   -0.67050656E-04   -0.85624617E-04
-0.55217193E-04   -0.13275123E-03   -0.76547619E-04    0.17569011E-03   -0.10017259E-03
 0.11181449E-03   -0.33371301E-04   -0.21838938E-03    0.19939394E-03   -0.18158823E-04
-0.25056691E-04   -0.46518047E-04    0.29524437E-03    0.20577350E-03   -0.12426899E-03
 0.92991254E-04   -0.26972226E-04   -0.73579174E-05    0.34771236E-05   -0.16938959E-02
 0.95888102E-03   -0.91316124E-04    0.98091060E-04    0.95274782E-04    0.71607119E-04
 0.11704659E-03    0.66632895E-06   -0.17272539E-03    0.11684304E-03   -0.18566296E-03
-0.29186347E-05    0.26881588E-03   -0.15435650E-03   -0.34109901E-04    0.48571617E-04
-0.17835770E-02   -0.27183737E-03    0.13427285E-03   -0.12323279E-03   -0.38043994E-04
-0.22801638E-03    0.17215515E-03    0.61471867E-05    0.46076200E-04    0.42000162E-02
 0.55015354E-03    0.32300846E-02   -0.15978416E-03   -0.13382384E-02    0.19244110E-03
-0.13967396E-03    0.50403445E-03    0.20387186E-03   -0.85838708E-04   -0.17195262E-04
-0.59104198E-04    0.84098813E-04    0.71279674E-04   -0.14481092E-04    0.92566233E-05
 0.10538023E-02   -0.12066431E-02    0.78681497E-05    0.38639717E-03   -0.71080287E-04
-0.30668165E-03   -0.31149914E-03   -0.62568151E-05   -0.14054700E-04    0.19078616E-03
-0.36476562E-03    0.19793141E-01   -0.11256493E-03    0.76122663E-04   -0.21349143E-05
 0.25780829E-03    0.14381138E-03    0.12579407E-03   -0.25059640E-03    0.10067043E-03
-0.96272770E-04   -0.13619797E-03    0.85692219E-04   -0.31302578E-03   -0.40166217E-04
 0.20766147E-04   -0.81983674E-04   -0.53228466E-03   -0.50442411E-04    0.28442694E-03
 0.38050973E-03   -0.68578038E-04    0.38274507E-04   -0.21036092E-03    0.57454195E-03
-0.84470045E-02    0.39336338E-03   -0.17589977E-03   -0.29215489E-04   -0.33888949E-03
 0.23216489E-05    0.14125544E-03    0.36171283E-03   -0.73129483E-04    0.15600089E-03
 0.23069992E-03   -0.11792370E-03    0.30580471E-03    0.20566982E-03   -0.46724242E-04
 0.17582277E-02    0.25380029E-03    0.16725707E-03   -0.11288384E-03   -0.74656938E-04
-0.80976475E-03   -0.17199212E-03    0.96659934E-06    0.64325852E-03   -0.16536384E-03
 0.41932784E-01    0.26331659E-03    0.74867672E-03    0.53987899E-03   -0.29427022E-03
 0.79062270E-04   -0.61656663E-04   -0.10272716E-03    0.71936290E-04   -0.27067809E-04
-0.95355061E-05   -0.59280165E-04    0.63593704E-05   -0.17855485E-04    0.78700816E-05
-0.32410338E-03    0.35832692E-03   -0.44556199E-03   -0.14742889E-04    0.10254940E-03
-0.82463784E-04    0.87644348E-04    0.13281786E-03   -0.53876833E-04   -0.19414464E-04
-0.88938672E-04   -0.64346109E-04    0.18434864E-03    0.80109446E-03    0.20123249E-04
-0.10131928E-04    0.78020778E-04   -0.17357197E-05   -0.26240112E-04    0.86290287E-04
 0.81436450E-04    0.51646702E-04   -0.53947076E-04   -0.52042580E-04   -0.42897343E-04
-0.76656107E-04    0.73667351E-05   -0.27321951E-04   -0.15610972E-03    0.79074046E-04
-0.49150813E-04   -0.12158700E-03    0.85563998E-04    0.22052634E-04    0.11683207E-03
 0.12301371E-03   -0.44853184E-03   -0.11604567E-02    0.13182257E-04    0.30349366E-04
-0.75644777E-05   -0.14956138E-04    0.50857099E-04   -0.84485868E-04   -0.50114295E-04
-0.95764627E-05    0.81287350E-04    0.94578351E-04    0.35309600E-04    0.17280430E-03
-0.18769155E-04    0.58809951E-03   -0.38823734E-04    0.58564187E-04   -0.20510630E-03
 0.15767690E-03    0.29099797E-03   -0.13460733E-03   -0.47963709E-04   -0.12950935E-04
-0.85373575E-04    0.10377929E-03    0.31813922E-02   -0.22035431E-04   -0.13402103E-03
 0.11250149E-03    0.50168880E-04   -0.36033047E-05    0.22756974E-04   -0.21412000E-05
 0.10276481E-04   -0.19895720E-04    0.11485251E-04    0.33132184E-04   -0.32683440E-05
 0.25572507E-04   -0.10320954E-03    0.18894941E-03   -0.54993531E-03    0.48303495E-03
-0.16797605E-04   -0.34567909E-04    0.35463318E-04   -0.22551544E-04   -0.23791350E-04
 0.84754994E-05   -0.38147079E-05    0.14147787E-04   -0.16531486E-04    0.39758736E-04
 0.12242929E-04    0.71058540E-04   -0.19769075E-04   -0.28918916E-04   -0.25191789E-04
 0.14254488E-04    0.21239648E-04    0.45329468E-05    0.66040480E-05   -0.63068294E-04
-0.38535612E-04    0.21686826E-04   -0.25980696E-05   -0.48033777E-05    0.11485164E-04
 0.44546929E-04   -0.44543498E-04    0.69912507E-05    0.23660095E-04   -0.41554998E-05
 0.37325025E-05   -0.38753040E-04    0.19134413E-05    0.80134165E-04    0.32716627E-04
-0.10610810E-03    0.19410697E-04    0.24431480E-04    0.29123682E-04   -0.70456966E-05
-0.18367009E-04    0.16154113E-05   -0.11023972E-04    0.59849490E-04    0.69705337E-04
-0.50300486E-04   -0.23902614E-04    0.71098646E-05   -0.17555907E-03   -0.35023225E-04
-0.18765959E-04    0.15233018E-04   -0.18381863E-04   -0.31947465E-04    0.30357034E-05
-0.21527249E-05   -0.33903264E-04    0.65855605E-04    0.66709914E-04   -0.62450413E-04
 0.27184659E-03   -0.93984283E-04   -0.28580974E-03   -0.19894996E-04    0.19067051E-03
-0.51886632E-05    0.23113613E-04   -0.29056556E-04   -0.21248151E-04    0.15959591E-05
-0.13374624E-04   -0.15647577E-05   -0.13102569E-04   -0.18688973E-05    0.65654025E-04
 0.46580544E-04   -0.27330180E-03    0.16824253E-03   -0.35911529E-04   -0.41996094E-04
-0.19635973E-04    0.45659994E-04    0.96368458E-05    0.26311419E-06   -0.14092967E-05
-0.46827104E-04   -0.37841420E-05   -0.16840097E-03   -0.75301331E-05   -0.18696984E-04
 0.46940718E-04   -0.14909094E-05   -0.24981231E-05   -0.32543106E-04    0.32024811E-05
-0.36898540E-04    0.11266898E-05    0.41352361E-05   -0.30398797E-04    0.67337787E-04
-0.92092745E-06   -0.60703568E-05    0.52615067E-04    0.65661455E-04    0.30346311E-04
-0.49701516E-04   -0.73932711E-05   -0.68533795E-05   -0.49434855E-06    0.52548993E-04
-0.23628407E-05    0.21838980E-03    0.59468776E-04    0.20414646E-04   -0.85269741E-04
-0.18271614E-04    0.61600492E-05    0.15704261E-04   -0.14933495E-04   -0.11189778E-05
-0.44424848E-04   -0.54112007E-04    0.33197072E-04   -0.94742218E-04   -0.13604027E-04
 0.13089209E-04   -0.29874906E-03   -0.14787761E-03   -0.65833764E-04   -0.51138894E-04
 0.46151559E-04    0.89164825E-05    0.20419991E-04   -0.31847627E-05   -0.14282684E-03
 0.19320766E-04   -0.22711272E-03   -0.78406295E-04   -0.26703741E-04    0.23394664E-03
-0.17594294E-04    0.22835299E-03   -0.34688998E-03   -0.80029081E-04   -0.11672894E-04
-0.15573891E-04    0.63812421E-04    0.20440197E-04    0.20769352E-04   -0.25790061E-04
-0.27119962E-04   -0.30358320E-04   -0.96102207E-04   -0.11034370E-03    0.16000488E-03
-0.56582357E-03    0.90924297E-04   -0.55517537E-04    0.50617620E-04   -0.11488624E-03
-0.10000597E-03   -0.10212521E-03    0.22397513E-04   -0.29173343E-05   -0.10708254E-04
 0.53670919E-04    0.18346939E-03    0.25624011E-04   -0.16420069E-04    0.30306921E-04
 0.51696044E-03    0.37576332E-04   -0.25157193E-04    0.12832001E-03   -0.13843329E-04
-0.29395458E-04    0.21279348E-04   -0.44420304E-04   -0.17583869E-03   -0.32338734E-04
-0.17822312E-04    0.58915690E-04   -0.43211968E-04    0.14485151E-03    0.10625670E-03
 0.10664542E-03   -0.57847017E-04    0.41556240E-05    0.37569475E-04   -0.78362450E-04
-0.15337360E-03    0.87461407E-04    0.11145789E-04   -0.52108862E-04   -0.65024695E-03
-0.57397039E-04    0.66055956E-04   -0.87501193E-04    0.58878424E-04    0.99356133E-04
-0.25435860E-04    0.61677043E-04    0.22926381E-03    0.46669394E-04    0.17698228E-04
 0.17300951E-03   -0.57427098E-04   -0.32865616E-04   -0.80456635E-04   -0.21851104E-03
-0.26048597E-03    0.34379817E-04   -0.10324509E-04    0.10332052E-03    0.17736972E-03
-0.68393530E-04   -0.17361845E-04    0.17667402E-04    0.69010324E-04    0.14165886E-02
 0.17340362E-04    0.42997699E-03   -0.31251474E-03   -0.27823502E-03    0.91723256E-05
 0.85665631E-06    0.72618856E-04    0.82706551E-04    0.42701337E-04   -0.17666907E-04
 0.37670668E-04    0.68544576E-05    0.26580415E-04   -0.36659340E-03    0.42389909E-03
-0.10361444E-02    0.71638361E-03    0.41836738E-05    0.40883730E-04    0.57852627E-04
 0.33631247E-04    0.95461768E-04    0.28648938E-04   -0.21649993E-05    0.47294745E-05
-0.18978129E-03    0.31349866E-03    0.30613075E-04   -0.25965215E-04    0.13184007E-05
 0.67746346E-04    0.47181479E-03    0.31655511E-03   -0.19217771E-05    0.12569367E-03
-0.25863047E-05   -0.21439275E-04    0.46443033E-04   -0.18805748E-03   -0.25488387E-04
 0.63526035E-05   -0.86286263E-05   -0.11628861E-03   -0.88259835E-04   -0.20551313E-04
-0.39424768E-04   -0.11599397E-04   -0.22662575E-05   -0.58552169E-04    0.16579565E-03
-0.20617724E-03    0.54439320E-04    0.51744943E-07    0.17867023E-05   -0.77174505E-04
-0.61676052E-03   -0.36340128E-03    0.10402731E-03   -0.11696620E-03    0.10506370E-04
 0.38539408E-04   -0.11484227E-03    0.15475551E-03    0.99126147E-04   -0.96553385E-05
 0.52021532E-03    0.10170473E-03   -0.60117090E-04    0.89657211E-04   -0.33089055E-04
-0.32452041E-05    0.54321321E-04   -0.11198654E-04    0.28002045E-03    0.13791174E-04
 0.18621944E-03   -0.24367254E-05    0.60712590E-05   -0.33815404E-05    0.50548082E-04
 0.18839617E-02   -0.48212745E-04   -0.15609510E-02    0.60637263E-04    0.87620871E-03
-0.12826961E-03    0.12209500E-03   -0.13800190E-03   -0.89402812E-04   -0.13490031E-04
 0.23565779E-04    0.28209033E-04   -0.39031486E-04    0.31326824E-04   -0.58291043E-04
-0.78981477E-04   -0.91506487E-03    0.50115141E-03    0.19868097E-04   -0.25936386E-03
 0.43441873E-04    0.14321286E-03    0.40759004E-04   -0.42986800E-04    0.70686125E-05
 0.34256286E-05    0.13391884E-03   -0.38001222E-03   -0.13796614E-05   -0.26199530E-04
-0.52854300E-04   -0.14664420E-03    0.29447952E-03    0.52008540E-03    0.11560542E-03
-0.17802517E-04    0.97098950E-05   -0.33844301E-04   -0.13737871E-03    0.53112060E-04
 0.15506582E-04   -0.14839377E-04    0.20689508E-04    0.34061941E-03   -0.28608477E-07
-0.12836378E-03    0.74462010E-05    0.71395659E-04   -0.10105583E-04    0.17441192E-03
-0.24717330E-03    0.85822200E-03   -0.92889146E-05    0.39319989E-04    0.60885717E-04
 0.23921643E-03   -0.31900402E-03   -0.65329246E-03   -0.10625723E-03    0.19157184E-04
-0.41244482E-04    0.28424053E-04    0.18415016E-03   -0.77535788E-04   -0.65382679E-04
 0.35998189E-04   -0.16402085E-02   -0.22092166E-03   -0.72703840E-04   -0.11561447E-04
-0.10147294E-03   -0.18435617E-03    0.66710439E-05   -0.18137760E-05   -0.29152009E-03
 0.33297675E-03   -0.43085762E-04   -0.11528529E-03    0.25178586E-05    0.14460572E-04
-0.59015930E-05    0.77052105E-03    0.16076431E-02    0.15909574E-03   -0.14789565E-02
 0.30131738E-03    0.99082910E-03   -0.11193921E-03    0.91527931E-04   -0.16196773E-03
-0.12931191E-03   -0.65791857E-04    0.35285053E-04    0.14743719E-04   -0.46275212E-04
 0.82491330E-04   -0.52143856E-03    0.56386171E-03   -0.23977681E-02    0.19248075E-02
-0.64291234E-04   -0.17767503E-03   -0.23481140E-04    0.42515842E-04   -0.12176000E-03
-0.71433664E-05    0.26598859E-05    0.13728637E-04    0.24844446E-03   -0.49471157E-03
 0.15412060E-03   -0.16377030E-04   -0.49014280E-04    0.24884695E-04    0.51061320E-04
-0.13526786E-04    0.86571340E-03   -0.99665543E-04    0.97179889E-04    0.32393804E-04
-0.67167767E-04    0.76893550E-04    0.15081473E-04   -0.25140449E-04    0.12594002E-03
 0.28558592E-03    0.20245552E-04   -0.79268892E-04    0.97365241E-04    0.17805209E-04
-0.21547874E-05    0.44678436E-04   -0.22398045E-03    0.85198655E-03   -0.26648401E-03
 0.47647412E-04    0.51234634E-04    0.44536914E-04    0.62405465E-04    0.60217290E-04
-0.11534293E-02    0.66813400E-04   -0.15714976E-03   -0.43613845E-04    0.70349096E-04
-0.12447021E-03   -0.79174076E-04    0.46996821E-04   -0.15139465E-02   -0.44044771E-03
 0.16460039E-04   -0.28964018E-05   -0.11035551E-03   -0.15134780E-03    0.92318341E-04
-0.92586674E-05   -0.21236845E-03    0.28997319E-03   -0.46340315E-03    0.33631241E-03
 0.28378430E-04    0.35696581E-04    0.28692681E-03    0.13986798E-04    0.28093231E-03
 0.25477680E-02    0.13431265E-05   -0.18720804E-02    0.58113169E-03    0.12543476E-02
-0.13582399E-03    0.13038155E-03   -0.28936051E-03   -0.10760980E-03    0.18239967E-04
-0.79143071E-04    0.37015359E-04   -0.97614882E-05    0.76162138E-04    0.97933157E-04
-0.14336346E-03   -0.45437633E-03    0.35521123E-03    0.46696343E-04   -0.32599646E-03
 0.30644459E-04    0.18452152E-03    0.99240917E-04   -0.80338975E-04    0.81426740E-05
 0.12781746E-04    0.28606090E-03   -0.72803171E-03    0.50910837E-04   -0.11060585E-04
-0.63218358E-04   -0.17598521E-03    0.94380191E-04    0.68429562E-04    0.13230096E-03
 0.46574137E-03    0.24393431E-03   -0.13519825E-03   -0.22538021E-03    0.11946730E-03
 0.18893803E-04   -0.18754409E-04   -0.17894609E-04    0.50931654E-03   -0.46507453E-04
-0.21792031E-03   -0.63465149E-04    0.11992210E-03   -0.11859556E-04    0.41108579E-04
-0.36744550E-03    0.10727236E-02   -0.16472338E-03    0.35028072E-04    0.69751861E-04
 0.30917064E-03   -0.42692900E-04   -0.64901333E-04   -0.27820111E-03   -0.65782133E-03
-0.34973620E-03    0.10302457E-03    0.27949928E-03   -0.22612458E-03   -0.76422444E-04
 0.44391883E-04   -0.22665727E-02   -0.21568658E-03    0.19246145E-04   -0.46505368E-04
-0.42690581E-04    0.26941086E-04   -0.11544744E-03    0.12413606E-04   -0.56555902E-03
 0.46368253E-03   -0.50311249E-03   -0.88487901E-04    0.43482304E-04    0.95759815E-04
 0.27794880E-04   -0.14248177E-04    0.40416624E-03    0.34421945E-03    0.21166771E-02
-0.26898288E-03    0.13358614E-03    0.23753534E-03   -0.11609449E-03    0.29669074E-04
-0.50768151E-04   -0.19401131E-03   -0.33975553E-04    0.30366512E-05   -0.29329148E-04
-0.50664880E-04   -0.63371667E-04   -0.17224026E-03   -0.76544899E-04    0.24819596E-03
-0.25591551E-03    0.10985736E-03   -0.18235985E-04   -0.54711646E-04    0.39302365E-04
 0.26673868E-04   -0.43295764E-04   -0.38270525E-04   -0.14771873E-05    0.64320782E-04
 0.25774010E-04   -0.13611794E-03    0.90483897E-04    0.95404638E-05    0.75193114E-07
 0.58565495E-05    0.41784815E-04   -0.10450767E-04    0.42839638E-04    0.14598000E-03
 0.54132665E-03    0.20007122E-04    0.37305221E-04    0.52694129E-05   -0.53619202E-05
-0.39464598E-05    0.75391841E-05    0.47459369E-04   -0.22573247E-04   -0.29887945E-04
 0.66123918E-04   -0.37906306E-05   -0.72690041E-06   -0.16021289E-04   -0.53190955E-04
 0.90892134E-05   -0.35448866E-05   -0.76272310E-05   -0.17145856E-04    0.22735862E-04
-0.57886679E-04    0.36486297E-04   -0.32655653E-04   -0.18722729E-03   -0.61432592E-03
-0.50153546E-04    0.27165244E-04   -0.56865890E-04    0.31533150E-04    0.42640156E-06
 0.15634392E-03    0.97233620E-05   -0.90176717E-04    0.39243624E-04   -0.92192584E-04
-0.19270544E-03   -0.34882745E-04   -0.12617203E-05    0.16966977E-03    0.88066305E-04
 0.29839366E-04    0.84148584E-04   -0.57232121E-05    0.21046200E-04    0.36818643E-04
-0.35278022E-04    0.14269371E-04    0.75877476E-04    0.43098444E-03    0.19286650E-02
 0.22149561E-03   -0.26955552E-02    0.37611462E-03    0.19022200E-02   -0.21213672E-03
 0.18245808E-03   -0.23777791E-03   -0.16657916E-03   -0.53215525E-04    0.20631582E-04
 0.23878027E-04   -0.39342247E-04    0.10949163E-03    0.39318374E-03   -0.62914569E-03
-0.82890582E-03    0.39354174E-03    0.20771628E-04   -0.30034193E-03   -0.19021790E-03
 0.20372948E-03   -0.16180190E-03   -0.13944100E-04    0.43777554E-05   -0.17344961E-03
 0.33434734E-03   -0.97845384E-03   -0.13277941E-04   -0.10538794E-03   -0.52337204E-04
-0.17336152E-03    0.41370438E-04   -0.73611758E-04    0.23801680E-03   -0.30804309E-03
 0.11870947E-03    0.10447461E-02   -0.79342287E-04    0.11491032E-03    0.72972901E-05
-0.27550518E-04    0.62522954E-04    0.48778873E-03    0.37727908E-03   -0.16754525E-03
 0.23259594E-03    0.80545270E-04   -0.13537416E-04    0.33650113E-03   -0.46256713E-03
 0.15102847E-02   -0.12203620E-03    0.13676784E-03    0.38587123E-04    0.23762812E-03
 0.71583862E-04    0.78715634E-04   -0.38312998E-03    0.25621409E-03   -0.25523478E-03
-0.10602255E-02    0.14085431E-03   -0.13066380E-03   -0.68060103E-04    0.62235724E-04
-0.28817158E-02   -0.37106777E-03    0.17051976E-03   -0.16949251E-03   -0.46703068E-04
-0.39139178E-03    0.10976543E-03   -0.25792132E-05   -0.76343536E-03    0.43407451E-03
-0.58946314E-03   -0.23239298E-03   -0.24803820E-05    0.10164627E-03   -0.63262301E-04
-0.33321485E-04    0.38268065E-03    0.46323548E-03    0.36717449E-03    0.50951194E-04
 0.36545552E-02    0.34419958E-03   -0.78210318E-03    0.59363842E-04    0.79564308E-03
-0.10200759E-03    0.79662422E-04    0.56388125E-04    0.14779118E-04   -0.26537161E-04
-0.72420111E-05    0.19711295E-04    0.68748038E-05    0.51548895E-04   -0.11076225E-03
 0.28458805E-04   -0.65071093E-03    0.42702619E-03    0.52312477E-04   -0.96216137E-04
-0.33832636E-04    0.41277444E-04   -0.28893910E-04    0.10976324E-04    0.56112464E-05
-0.41185769E-04    0.10566224E-03   -0.36806543E-03   -0.11703072E-03   -0.35763897E-04
-0.19467120E-04   -0.13418235E-03    0.22716240E-04    0.27622975E-04    0.14422576E-03
-0.83338204E-04    0.61387978E-04    0.20035326E-03    0.38599628E-03    0.39456725E-04
-0.40895493E-04   -0.46152114E-05   -0.40679731E-04    0.12911946E-03    0.14166786E-03
-0.41724159E-04    0.48433611E-05    0.44996192E-05   -0.73529151E-05    0.51880194E-04
-0.12589023E-03    0.48516439E-03    0.12103700E-03    0.64878075E-04    0.28743438E-04
 0.19145727E-03   -0.47166724E-04   -0.50170204E-04   -0.28084666E-03    0.97775081E-04
 0.13398435E-05   -0.23100064E-03   -0.45200736E-03    0.26647777E-04   -0.15734042E-04
 0.12443469E-04   -0.12334647E-02   -0.78088913E-04    0.58904136E-04   -0.10384467E-04
 0.64727216E-04   -0.17544675E-03    0.47152466E-04    0.30267372E-05   -0.24051474E-03
 0.22527590E-03   -0.66681858E-03   -0.27057354E-03    0.63744179E-05    0.48364370E-04
-0.30133474E-03   -0.22416592E-04    0.21156858E-03    0.18304514E-03    0.21013078E-03
-0.43659440E-04    0.77198847E-03    0.18296841E-02   -0.48119127E-03    0.47414873E-03
 0.24826406E-03   -0.52518688E-03    0.86682392E-04   -0.70595729E-04   -0.92967201E-04
 0.36469028E-04   -0.50777436E-04   -0.54311676E-05   -0.12753043E-04   -0.45614770E-04
-0.11406963E-03   -0.52963104E-03    0.10038460E-02   -0.17909705E-02    0.12403119E-02
-0.48813857E-05    0.10251918E-03    0.35921533E-03   -0.78379929E-05   -0.79679220E-04
 0.30078168E-04   -0.11929170E-04    0.48272862E-04    0.88205499E-05   -0.19545195E-04
 0.41109410E-04    0.16814410E-04    0.51509303E-04   -0.99145069E-04   -0.13389120E-03
-0.11232204E-03   -0.85195151E-04   -0.80894800E-05   -0.17837138E-04   -0.15102984E-03
 0.15773459E-04    0.71717215E-03    0.18995717E-04    0.13229569E-04   -0.34143570E-04
-0.13184727E-03   -0.54062471E-03    0.25868008E-04    0.10666039E-03   -0.35395336E-04
 0.80550729E-05   -0.16946122E-03    0.34035640E-04   -0.45924337E-04    0.16789759E-03
-0.48841326E-04   -0.10655848E-03    0.12740138E-03    0.93787685E-04    0.53906002E-04
 0.12554907E-03   -0.12303935E-03   -0.91050078E-04    0.93198766E-04    0.60057610E-05
-0.95870377E-03   -0.26112082E-04   -0.19025388E-04    0.83652313E-03   -0.52244541E-04
 0.23669195E-03    0.74276704E-03    0.18627168E-03    0.17969827E-04    0.77898790E-04
-0.25623695E-04    0.14000051E-03   -0.17534140E-03   -0.21520550E-03    0.14702614E-03
-0.19825251E-04    0.26637386E-03   -0.19061116E-03   -0.64942489E-04   -0.25485551E-03
-0.16341821E-03   -0.31594987E-03   -0.82744497E-04   -0.23961284E-03   -0.51803646E-04
 0.23142768E-02   -0.79945453E-04   -0.35217087E-03    0.79361890E-04    0.21488553E-03
 0.26500821E-06    0.13842451E-04   -0.21334658E-04   -0.46241192E-04   -0.20767017E-05
 0.65832242E-05    0.19333911E-04   -0.47560601E-05    0.12409182E-04    0.65209039E-04
 0.47401714E-04   -0.10168630E-03    0.13155131E-03    0.12442912E-04   -0.51017279E-04
-0.24474975E-05    0.64527324E-04   -0.86972243E-05   -0.67084782E-05   -0.49206379E-07
-0.21538974E-04    0.23976097E-05   -0.18154142E-03   -0.36021358E-04   -0.12823098E-04
-0.55270671E-05   -0.51445102E-04   -0.22294750E-04   -0.15772051E-04    0.26253895E-04
-0.28914644E-04    0.10398069E-04   -0.65350530E-05   -0.76290782E-04    0.48400254E-04
 0.46045970E-04   -0.13879892E-05   -0.16812576E-04    0.77753561E-04   -0.10883595E-04
-0.79515779E-04   -0.53032844E-05   -0.11454782E-04    0.38781966E-05   -0.79339585E-05
-0.30409128E-04    0.31839544E-03    0.88055636E-04   -0.22959134E-05    0.94428630E-05
 0.58917398E-04    0.87597766E-04    0.24900645E-04   -0.70146545E-04   -0.35766657E-05
-0.16026804E-04    0.33770407E-04    0.53256469E-04   -0.54307926E-04   -0.19451260E-03
 0.77912815E-05   -0.38287385E-03    0.26267431E-05    0.35819813E-04    0.11133916E-04
 0.55953016E-04   -0.41379810E-04   -0.44952202E-07   -0.76132504E-05   -0.11510346E-03
 0.88961238E-04   -0.18517075E-03   -0.13906566E-03    0.16989975E-04    0.18060487E-04
-0.28285855E-04   -0.15422242E-03    0.47954979E-04    0.46345211E-04    0.10948434E-03
-0.28089243E-04    0.22352225E-04    0.13754631E-05    0.12169400E-04    0.50825636E-03
 0.86779495E-05    0.90247064E-04    0.89598148E-05   -0.33878342E-04    0.25122023E-05
-0.49950934E-05    0.57662601E-05    0.56364567E-05   -0.34779420E-05    0.48652198E-05
-0.18872606E-06    0.64797872E-05    0.45205303E-05   -0.85553292E-05    0.29003488E-05
-0.47026899E-05    0.10445364E-04    0.46157462E-05    0.87463131E-05   -0.59621234E-06
-0.92238731E-05   -0.63366271E-05    0.74246280E-06    0.37467842E-06   -0.28843927E-05
-0.15475713E-04    0.19483960E-04    0.40403018E-05   -0.73481033E-06   -0.50429423E-05
-0.14470687E-04   -0.15736534E-05   -0.43233637E-05   -0.16650333E-04    0.35329270E-05
-0.59339922E-05   -0.18653300E-05    0.86595897E-05   -0.38331393E-06    0.12151058E-06
 0.84068382E-05   -0.69265900E-05   -0.15410930E-04    0.16299831E-05    0.90537600E-05
 0.54121350E-05    0.42470261E-06   -0.60775051E-06   -0.59764105E-05    0.21119537E-04
-0.31642918E-04   -0.62533723E-05   -0.40794378E-06    0.61901865E-05    0.15904575E-04
 0.30664423E-05    0.85133723E-05    0.24336622E-04   -0.23490998E-06    0.69094299E-05
 0.92758363E-05   -0.12971244E-04   -0.35019146E-05    0.49023522E-05   -0.99854436E-05
 0.44147485E-04    0.17913527E-04   -0.89383482E-06   -0.57195043E-05    0.21711252E-05
 0.64602586E-05    0.13456033E-06    0.15237076E-05    0.13305782E-04   -0.18544028E-04
 0.12324517E-04    0.39440659E-05   -0.63788329E-05   -0.14614051E-04   -0.56748581E-04
 0.10278753E-06   -0.48417134E-05   -0.30334050E-04   -0.25905518E-04   -0.15061823E-04
-0.94711914E-05    0.53853453E-05    0.16892527E-04   -0.28962992E-05    0.15639016E-04
 0.27307949E-05   -0.50277755E-02    0.10419070E-02    0.27400819E-02   -0.47118059E-03
 0.26477075E-03   -0.10172061E-02   -0.57887734E-03    0.32165235E-03   -0.75270633E-04
-0.15592066E-03   -0.14983003E-03   -0.22298251E-03    0.60648690E-03   -0.81556980E-03
-0.52317112E-03   -0.19341169E-03    0.92108802E-04   -0.53903727E-03   -0.40856812E-04
 0.20024516E-03   -0.14465708E-03   -0.10391707E-03    0.98775635E-05   -0.11337085E-03
 0.72816638E-03   -0.16524925E-02    0.13857086E-03   -0.43758454E-04   -0.13913442E-03
-0.41897573E-03    0.14711436E-03   -0.32273687E-04    0.35789580E-03   -0.23797844E-03
 0.30370708E-03    0.19408365E-04   -0.46810843E-03    0.40329078E-03    0.53151005E-04
-0.46599911E-04    0.39268672E-04    0.89432540E-03    0.67313242E-04   -0.44011202E-03
 0.55172450E-04    0.21991239E-03   -0.40660710E-04    0.48871714E-03   -0.10543735E-02
 0.28332310E-02   -0.30580783E-03    0.10015619E-03    0.18945643E-03    0.67372406E-03
 0.21287306E-03    0.16282234E-03   -0.75230409E-03    0.20030311E-03   -0.21886470E-03
-0.17416224E-03    0.79834374E-03   -0.56396681E-03   -0.24520668E-03    0.10754049E-03
-0.48466304E-02   -0.68190431E-03    0.20588354E-03   -0.84146246E-04   -0.15877844E-03
-0.48100012E-03    0.42192079E-05   -0.56734937E-05   -0.11792779E-02    0.90258525E-03
-0.82704939E-03   -0.20088961E-03    0.27452558E-05    0.14646091E-03    0.15869896E-04
-0.25158910E-03    0.80676946E-03    0.78017827E-03    0.11254309E-02    0.14593531E-03
 0.13216066E-02    0.54959332E-03   -0.29608559E-03    0.16558275E-03   -0.15017422E-04
 0.74176607E-02   -0.33706348E-02    0.78760329E-03   -0.14161971E-02   -0.23623943E-02
 0.33575685E-03   -0.31980791E-03   -0.12034387E-02   -0.68168568E-03    0.45158308E-03
-0.11967962E-03   -0.28603733E-03   -0.41493398E-03   -0.49065981E-03   -0.55881646E-03
 0.14079768E-02    0.62402862E-03   -0.35458728E-02   -0.15634165E-03    0.16108196E-03
 0.23962577E-04    0.13361278E-03   -0.27360106E-03    0.13191372E-03   -0.23873614E-04
 0.76078798E-05   -0.37349830E-03    0.13854180E-03   -0.18344196E-03    0.78447970E-05
 0.18392783E-03    0.24578555E-03    0.14327330E-03    0.38339332E-03   -0.22149058E-03
 0.48760467E-04    0.24636156E-03    0.11937075E-03    0.33897644E-03   -0.25661153E-04
 0.12925614E-04    0.22601853E-04    0.23411676E-03   -0.47519237E-03   -0.28993229E-03
-0.33299857E-03    0.28087395E-04   -0.26552995E-03   -0.12461471E-05    0.32338732E-03
 0.34653384E-03   -0.49053875E-03    0.31953440E-03   -0.61587631E-04   -0.21992577E-03
-0.16669017E-03   -0.46192669E-05   -0.21436775E-03    0.61607609E-03   -0.15844820E-03
 0.65076945E-04   -0.50755216E-03   -0.25793073E-03    0.22812676E-03   -0.21868369E-03
-0.53145736E-04    0.28284490E-02    0.28900828E-03   -0.17571220E-03   -0.12491110E-03
-0.71026879E-05    0.74916200E-04    0.17645217E-04   -0.32670615E-04    0.98905456E-03
-0.71442276E-03    0.19691666E-03    0.34485638E-03   -0.49745715E-04   -0.10043813E-03
 0.16199305E-04    0.95080925E-04   -0.24836291E-03   -0.39325155E-03   -0.69426882E-03
 0.46009755E-03   -0.70705068E-03   -0.32293975E-03    0.23369762E-03   -0.86056434E-04
 0.15774837E-04    0.98964081E-03    0.13678958E-01   -0.40714680E-03   -0.80842805E-03
 0.31662950E-03    0.13779816E-03   -0.60825647E-04   -0.50478584E-04   -0.44806749E-03
-0.23445833E-03    0.10598134E-02   -0.13909869E-03   -0.48959279E-03   -0.18863969E-03
-0.50848445E-03    0.15480374E-03   -0.18008703E-03    0.13467919E-04   -0.16032522E-02
 0.11282401E-04   -0.19133932E-03    0.34063923E-04    0.82311132E-04   -0.15927732E-03
-0.44408679E-04    0.44794589E-05    0.52312861E-04    0.12487019E-03   -0.37858324E-03
-0.31333442E-04   -0.39427354E-04   -0.19511707E-04    0.14405681E-03    0.38214024E-04
 0.73155846E-04    0.14976788E-04   -0.26085856E-04    0.10753003E-03   -0.63382960E-04
-0.52487792E-04    0.73908356E-04    0.51011473E-04   -0.76924151E-05    0.68705284E-04
 0.26503703E-03   -0.10563171E-03   -0.13562221E-03    0.21174732E-03    0.38951838E-04
-0.23375929E-04    0.32173937E-03   -0.15765069E-03    0.29765911E-03    0.10414046E-03
 0.34229008E-04    0.17748683E-04    0.39296350E-05   -0.10787990E-03   -0.10407983E-05
-0.46285154E-04    0.58313062E-04    0.20790563E-03   -0.49703769E-04    0.21276744E-03
-0.13200680E-03   -0.89052493E-04    0.21573834E-04   -0.70659224E-03   -0.15059140E-03
-0.18884086E-04   -0.13607492E-03   -0.14289948E-03   -0.22842497E-03    0.34208312E-04
-0.12226831E-05   -0.10634330E-03    0.17083714E-03   -0.15814928E-03   -0.11161636E-03
-0.67886451E-04    0.68899896E-04    0.79679471E-04   -0.11895184E-05    0.17074049E-03
 0.43682258E-04    0.26120670E-03    0.19428509E-03    0.31541869E-03    0.70993568E-04
-0.98689534E-04   -0.13405461E-04   -0.15967407E-05    0.35048029E-02    0.23338428E-02
 0.72227096E-02   -0.37144270E-03   -0.13123482E-02   -0.18390713E-03    0.56871033E-03
-0.28789494E-04    0.49892955E-04   -0.14398210E-03   -0.29351818E-03    0.27074166E-03
-0.11455263E-04   -0.80022710E-04   -0.11496547E-03   -0.11378395E-04    0.31063118E-03
-0.17945018E-03    0.17326334E-03   -0.10725810E-02   -0.22579509E-03   -0.10322296E-03
-0.49353201E-04    0.14564109E-03    0.29208319E-04   -0.41775722E-04    0.45501260E-05
-0.15770836E-04    0.15468429E-03   -0.33586174E-03    0.11362376E-04    0.10507904E-04
-0.24170282E-04   -0.77934902E-04   -0.10844575E-04    0.22761606E-04    0.44916986E-04
-0.11363386E-03    0.78071194E-04   -0.12775201E-03   -0.21342956E-03    0.12840944E-03
-0.10686444E-04   -0.14210142E-04    0.51756857E-03    0.12333924E-03    0.65311455E-04
-0.17508413E-03   -0.75735506E-04    0.60450540E-04   -0.15134144E-04    0.18472485E-03
-0.20199149E-03    0.94351892E-03   -0.12549935E-03    0.42774954E-04   -0.82925977E-04
 0.81031473E-04    0.43239087E-04   -0.80763743E-04   -0.25182669E-03    0.84946721E-04
-0.25440762E-04   -0.29347096E-04    0.30764710E-03   -0.29964328E-03   -0.55032350E-05
 0.43902241E-04   -0.96418880E-03   -0.86206364E-03    0.16570986E-03   -0.10975427E-03
 0.34663481E-04   -0.79635638E-04   -0.19217682E-04   -0.51411731E-05   -0.33954959E-03
 0.12251253E-03   -0.82230718E-04    0.61254376E-04    0.76629515E-05    0.12439902E-03
-0.39560902E-05   -0.12276242E-03    0.12947938E-03    0.29828034E-03    0.13951531E-03
 0.69253856E-04    0.31335120E-03    0.56085420E-05    0.14277924E-03   -0.49489039E-04
-0.10805950E-04    0.18605381E-02    0.53104856E-03    0.18801213E-02    0.29981293E-02
-0.95190614E-04   -0.64905242E-03    0.70560224E-03    0.11530543E-03    0.22442164E-05
-0.48320396E-05   -0.35498781E-03    0.15186147E-04    0.10632130E-03   -0.21780763E-04
-0.76020663E-04   -0.63947259E-04   -0.10291579E-03    0.37458336E-03   -0.49447677E-03
 0.15737094E-03   -0.12983930E-02    0.84691337E-04   -0.53152684E-03    0.49621281E-04
-0.19787071E-05   -0.13983477E-03   -0.75539818E-04    0.14468664E-04   -0.30709418E-04
 0.70706609E-04   -0.27437566E-03   -0.32105242E-04    0.46935137E-05   -0.36053171E-04
-0.31513113E-04   -0.98289565E-06    0.25600833E-04    0.34474219E-04    0.20105783E-04
 0.33149346E-04   -0.30073325E-04   -0.99614329E-04   -0.81739624E-04    0.43886718E-06
-0.13412642E-04   -0.20760348E-03    0.10558613E-02   -0.79530390E-04   -0.60516565E-05
 0.17716861E-03    0.59839964E-04   -0.13939184E-04    0.19698946E-03   -0.90003024E-04
 0.42304601E-03    0.63260212E-04   -0.21807814E-04    0.50447059E-04    0.69317763E-04
-0.13067216E-04   -0.32274649E-04    0.23460403E-04   -0.90534819E-04   -0.98654142E-04
-0.18219415E-04    0.10482423E-03    0.22239468E-03   -0.22827529E-04    0.25492562E-04
-0.21483919E-03    0.23509282E-04   -0.10623498E-02   -0.24803254E-05    0.43337900E-04
-0.13450877E-03   -0.66100844E-04    0.82847296E-05   -0.76471616E-04    0.64532369E-05
-0.30845434E-03   -0.85460180E-04    0.58962628E-04    0.89769397E-04    0.37921435E-04
 0.31713239E-04    0.14861784E-03    0.10559788E-03    0.22547489E-03    0.12979792E-03
-0.27068862E-04    0.37126731E-04   -0.20747586E-03    0.82490572E-05   -0.75179226E-05
-0.61284115E-05    0.38378254E-03    0.49398844E-03   -0.28871219E-03    0.37595718E-02
 0.64750539E-03   -0.20570575E-03    0.58119230E-03    0.51630742E-03   -0.86423982E-04
 0.47158662E-04   -0.32261992E-04    0.18673427E-04    0.18108536E-03    0.31181000E-04
-0.13169810E-03    0.55529671E-04   -0.16601686E-03    0.57016852E-03   -0.11194384E-02
 0.12292299E-02   -0.43607321E-02   -0.48970232E-04   -0.53791980E-04   -0.53857855E-03
-0.17956438E-04   -0.18349789E-03    0.21769663E-04   -0.57524182E-05   -0.17707518E-03
 0.23468469E-03   -0.66930473E-04   -0.71108130E-05   -0.60089787E-04    0.32911211E-05
 0.52270512E-04   -0.42475303E-05   -0.25801098E-04    0.83466979E-04   -0.14790160E-03
 0.47561378E-04    0.15968396E-03   -0.19930695E-04   -0.24634061E-03   -0.61549779E-05
-0.40445880E-05    0.89114933E-04    0.36102900E-04    0.11378694E-02   -0.55814353E-04
 0.20292463E-03    0.26874029E-04    0.53682650E-05    0.34962285E-03   -0.37778502E-03
 0.51384044E-03   -0.11847188E-03    0.59316820E-04   -0.45274641E-04   -0.50849761E-04
-0.28468304E-04    0.71634864E-04   -0.31332914E-04    0.26576312E-03    0.66865394E-04
-0.31351561E-03    0.63343021E-05    0.36796590E-03    0.13682775E-04    0.89463708E-06
-0.44373068E-03   -0.17872926E-03    0.26420159E-04   -0.12607041E-02   -0.10693379E-03
-0.13775323E-03   -0.58057432E-04   -0.57704359E-05   -0.20523328E-03    0.29814311E-03
 0.15595971E-03    0.17733016E-03   -0.34153159E-04    0.46624664E-04    0.15746073E-03
-0.11080136E-03    0.84910205E-04    0.45474310E-04    0.10090666E-04    0.21462309E-05
 0.25215108E-03    0.98690208E-04   -0.63962128E-03   -0.65529164E-05    0.18727785E-05
 0.80940066E-03    0.33664168E-04    0.10938740E-02    0.75008422E-03   -0.17549972E-03
 0.42232519E-02    0.80697587E-03    0.39960459E-03    0.31352105E-03    0.49860597E-04
-0.40027226E-04   -0.22224660E-05    0.11151305E-03    0.14729464E-03    0.10099879E-03
-0.21592506E-04   -0.99208069E-05    0.13054766E-03   -0.73909944E-04   -0.79066912E-04
-0.27102025E-03    0.34828356E-04   -0.78345201E-03    0.14850522E-04   -0.17368909E-04
-0.30843302E-04   -0.52191479E-03   -0.18058687E-03    0.53410340E-04    0.58384203E-05
 0.17779048E-03    0.64215491E-04    0.35124451E-03   -0.63172309E-04    0.32573381E-04
-0.31877436E-04    0.13414132E-03   -0.92229507E-04   -0.10023422E-03    0.10570182E-03
-0.16871581E-04   -0.90627415E-04   -0.16436684E-03   -0.64591717E-04   -0.78108617E-04
-0.22551725E-04   -0.15395708E-05   -0.81181455E-04    0.13854978E-04    0.14808440E-04
 0.92475616E-03    0.36151810E-03   -0.34250148E-04   -0.11061260E-04   -0.15866369E-03
-0.81578480E-05   -0.29923073E-03   -0.45564678E-05   -0.29427156E-04    0.87709707E-04
-0.14609217E-03    0.21957525E-03    0.21174190E-03   -0.91394274E-04    0.58093550E-04
 0.51386792E-04    0.20290519E-03    0.83074583E-04   -0.15550420E-04    0.10112793E-03
-0.45269880E-05   -0.11888133E-03    0.41268562E-04    0.52735651E-04   -0.60339284E-04
-0.11075962E-02   -0.52828493E-03    0.95500888E-04    0.11236879E-04   -0.64520816E-04
 0.18906821E-03    0.23983661E-03   -0.15012323E-04   -0.40130563E-04   -0.47660898E-04
 0.23190008E-03    0.77519594E-05    0.69935503E-04    0.14442971E-03   -0.51525798E-05
 0.23987963E-04   -0.36381969E-04   -0.38461459E-04   -0.14150474E-03   -0.76478799E-04
 0.34312758E-05    0.38196973E-03   -0.13177118E-02    0.53133022E-03    0.66653761E-04
-0.10059791E-03    0.49501949E-03    0.39436499E-02   -0.19580635E-03   -0.16487877E-03
 0.67401730E-03    0.24602395E-03    0.92936381E-04   -0.18451489E-04   -0.22371519E-03
-0.33051313E-04   -0.24569336E-03    0.87505348E-04    0.67299729E-04   -0.44737729E-04
 0.40955323E-04    0.15203267E-03   -0.33218718E-03    0.20706845E-03   -0.55172774E-03
 0.14490168E-04   -0.12476493E-03   -0.17161593E-03   -0.21080325E-03   -0.74192972E-03
 0.60292850E-04   -0.10646937E-04    0.28513178E-05    0.14457440E-03    0.18425937E-03
 0.79740557E-04    0.19001634E-04   -0.20099957E-04    0.11089347E-03   -0.16148560E-03
-0.17562807E-03    0.14203505E-03   -0.25453294E-03    0.34990635E-04    0.14980341E-04
-0.54161854E-04    0.23502986E-04    0.29045798E-04    0.45731188E-05   -0.12706467E-03
 0.12196328E-03    0.17183099E-03    0.36702679E-03    0.13470604E-02   -0.23683592E-04
 0.10776079E-05   -0.29805385E-04   -0.23484132E-04   -0.12279242E-03   -0.66472273E-04
-0.39711765E-04    0.59581382E-04   -0.90404843E-04    0.14104278E-03    0.18763324E-03
-0.65414486E-04    0.26595790E-03   -0.26856781E-03   -0.14388305E-03    0.65195950E-04
 0.30125377E-04   -0.82687093E-04   -0.94956250E-05   -0.19220377E-03    0.59149073E-04
-0.43380267E-04   -0.46633143E-04   -0.50690692E-03   -0.16760615E-02    0.94861751E-04
-0.19297789E-05   -0.66289083E-04    0.17890398E-03    0.86831089E-03   -0.15435954E-04
-0.40265152E-05   -0.48028918E-04    0.29016469E-03   -0.13152513E-03   -0.22973546E-04
 0.93836003E-05   -0.23481837E-03    0.22036124E-03    0.71498223E-05    0.26408507E-04
-0.42898053E-05    0.20800091E-04   -0.13907474E-05   -0.37847355E-03    0.16841835E-03
-0.14687804E-02   -0.46565842E-03   -0.94319663E-05    0.70145477E-04    0.14816831E-02
 0.53525252E-02    0.62446853E-04   -0.69631642E-04    0.39032479E-03   -0.13054412E-04
-0.57271713E-05    0.25463248E-04   -0.13204077E-03    0.22766302E-04    0.40126718E-04
 0.46509074E-05    0.66112591E-04   -0.41499695E-04   -0.29123473E-04    0.20579249E-03
-0.59555186E-03    0.77328262E-03   -0.28549065E-02   -0.47352271E-05   -0.71568348E-04
 0.50882934E-04    0.74377196E-04    0.51869549E-04   -0.10940709E-03    0.91668391E-05
-0.76406098E-04   -0.71796668E-04    0.38542495E-04    0.10289598E-03   -0.30286998E-05
 0.59109456E-05   -0.52171059E-04    0.55080185E-04    0.70520255E-04   -0.22503810E-04
 0.98732962E-04    0.12976512E-04   -0.43676395E-04   -0.86847569E-04    0.57490776E-04
 0.79862048E-05    0.79425210E-06   -0.21357005E-04    0.86688951E-04   -0.25952132E-04
-0.89955074E-04   -0.23805851E-04    0.22291343E-03   -0.22504126E-04    0.20562665E-03
 0.10132566E-03    0.68348246E-05   -0.15389219E-03    0.74312308E-05    0.10408221E-04
 0.55868043E-04   -0.70454542E-04   -0.64253769E-04    0.41914743E-04   -0.75484028E-04
 0.44955610E-05    0.37134012E-04    0.13864098E-03   -0.31103122E-04    0.63112804E-06
 0.17492732E-05   -0.35721439E-04   -0.43044938E-04   -0.91520102E-04   -0.66172639E-04
 0.96588060E-04    0.95499372E-04   -0.30411388E-03    0.43763749E-04   -0.15420220E-03
-0.43259597E-04    0.15612681E-03    0.11635452E-03    0.18114981E-04   -0.13324297E-04
-0.50258624E-04   -0.60547603E-05    0.33689980E-04   -0.68355640E-04    0.11539938E-03
 0.47449859E-04   -0.36017890E-04   -0.44480797E-04   -0.63798051E-04   -0.71717140E-06
-0.22884775E-05   -0.75577308E-05    0.35008866E-03    0.87576386E-04    0.47959274E-04
 0.17751549E-03    0.12557307E-03   -0.32227415E-03   -0.26993407E-03    0.11570692E-02
 0.29388215E-04    0.65519760E-04    0.37922486E-05   -0.13766562E-04    0.50232599E-05
-0.98995921E-05    0.19612675E-04    0.75316287E-05   -0.13682800E-04   -0.24530150E-05
-0.82412888E-05   -0.34031745E-05    0.50364825E-05   -0.18514083E-04    0.26377861E-04
-0.36573572E-04    0.14880506E-03    0.98149424E-07    0.16736850E-04   -0.12145722E-04
-0.22765670E-05   -0.74945319E-05    0.10677070E-04   -0.41686851E-05    0.10055192E-04
-0.64344698E-06   -0.11564981E-05    0.13718062E-05    0.29035881E-05    0.18519292E-05
 0.10801710E-04    0.13987824E-05    0.16002848E-06   -0.17297856E-05   -0.65722835E-05
-0.45150335E-05    0.27949476E-05    0.85610618E-05    0.45906316E-05    0.59656326E-06
-0.24302878E-06    0.20721291E-05   -0.19937441E-04    0.15301958E-04   -0.62304143E-05
-0.66731313E-05   -0.22973822E-04    0.86837437E-05   -0.18005379E-04   -0.20874824E-05
 0.82740798E-05   -0.23486292E-06   -0.47536543E-05   -0.46808968E-06   -0.94019595E-05
-0.59476405E-05    0.85333966E-06   -0.34432354E-05    0.53795590E-05    0.80280576E-05
 0.63942126E-05   -0.15654110E-04    0.17145945E-05   -0.35165986E-05   -0.20927767E-07
 0.20355177E-04   -0.33850554E-05    0.15758471E-04   -0.56467820E-05    0.80578006E-05
 0.37804548E-05    0.44293264E-04   -0.17714732E-04    0.11939830E-04   -0.25638302E-04
 0.10943141E-05    0.35268684E-04   -0.10632088E-07    0.63319582E-06    0.15320183E-04
 0.12740984E-04    0.68926873E-05    0.41290634E-05   -0.18361320E-04   -0.11010088E-04
-0.84975156E-05   -0.23174977E-05    0.11882268E-04    0.16130827E-05   -0.13346045E-05
-0.14220633E-04    0.26451149E-05   -0.44332779E-04   -0.40198473E-05   -0.15745026E-04
 0.15956750E-04   -0.18732850E-04   -0.12750005E-04   -0.15519075E-03    0.60686307E-04
 0.74531410E-04   -0.27504887E-02   -0.41895925E-04    0.16984842E-02   -0.17316334E-03
 0.19680654E-03   -0.18501188E-04   -0.24533599E-03   -0.57994434E-04    0.50583268E-04
-0.77080750E-05    0.14683322E-03    0.12233863E-03    0.59236235E-03   -0.12879053E-02
 0.95378879E-03   -0.28064271E-02    0.21711592E-04   -0.24016348E-03   -0.19630853E-03
 0.29016624E-03    0.45850105E-05   -0.11544289E-03    0.14226273E-04   -0.70481578E-03
 0.23992799E-03   -0.78074958E-03    0.19630010E-03   -0.38508835E-04    0.47370712E-05
-0.16818874E-03    0.69225144E-04   -0.12386129E-03    0.97595148E-04   -0.30028068E-03
 0.62491325E-05    0.19659689E-03   -0.30484871E-03    0.24602425E-03    0.57770565E-05
-0.12892940E-04    0.82341922E-04    0.49899725E-03    0.37912185E-03   -0.24784920E-03
 0.33200428E-04    0.27168765E-03   -0.24393732E-04    0.15303454E-02   -0.23193687E-03
 0.11985617E-02   -0.43714972E-03    0.12373632E-03   -0.36823194E-04    0.17242311E-03
 0.37936143E-04   -0.59124937E-04   -0.31175433E-03    0.33906463E-03   -0.15410014E-03
-0.46102515E-03    0.49282199E-03   -0.20136037E-03   -0.76094321E-04    0.65790716E-04
-0.21255278E-02   -0.37715674E-03    0.55591062E-04   -0.10897467E-03   -0.53992135E-04
-0.19690300E-03   -0.15601615E-03    0.74125644E-05   -0.21845131E-02    0.10880109E-04
-0.36063098E-03    0.14147451E-04   -0.22717303E-04    0.13336231E-03   -0.14047316E-04
-0.24368617E-03    0.18188494E-03    0.11559992E-03    0.29357432E-03   -0.18165641E-03
 0.65375283E-03    0.14748937E-03   -0.36955022E-05    0.27302208E-05   -0.14951257E-04
 0.17775612E-02   -0.78545470E-03    0.24987806E-03    0.59525072E-03    0.99455398E-04
 0.42855771E-03    0.14070336E-03   -0.13025627E-03    0.51358358E-03   -0.75966316E-05
 0.53621352E-02   -0.44871277E-03    0.18037386E-02   -0.31964815E-03   -0.69120953E-03
 0.33749495E-03   -0.11569685E-03    0.15265900E-03    0.99353932E-04   -0.10274750E-03
-0.53167236E-04   -0.52939250E-04    0.11555092E-03   -0.97419207E-04   -0.15362534E-03
 0.10206538E-03    0.53120038E-03   -0.84093409E-03    0.17885724E-04    0.11401361E-03
 0.19578851E-03   -0.53116558E-04    0.11577833E-03   -0.40824229E-04    0.24611218E-05
-0.64375612E-06   -0.16006856E-02    0.46855505E-03    0.43959056E-05    0.51603176E-04
 0.25542946E-04   -0.10774959E-03    0.18352269E-03    0.28466524E-03   -0.17604596E-03
 0.11270996E-03   -0.15587215E-03   -0.79034383E-04    0.20125168E-03   -0.14914717E-03
 0.22450679E-04    0.35349236E-04   -0.56007884E-04   -0.22481748E-03   -0.39595072E-03
 0.11335155E-03    0.47000504E-04    0.59126547E-04    0.59090546E-06    0.23177043E-04
 0.30435720E-02   -0.80426674E-03    0.57783968E-04   -0.89085505E-04   -0.51957319E-04
 0.11522225E-03   -0.23768931E-03   -0.31783444E-03    0.23424142E-03   -0.18048915E-03
 0.19627459E-03    0.23900790E-03   -0.31962511E-03    0.18163905E-03    0.45264694E-04
-0.52759577E-04    0.11502658E-02    0.21284809E-03   -0.12237708E-03    0.22461040E-03
 0.15221219E-03    0.26084068E-03   -0.44015786E-04   -0.21105384E-04   -0.57215822E-04
-0.26591685E-02    0.20218388E-03    0.10254287E-03   -0.30797260E-04    0.19575244E-04
-0.27612252E-03    0.17846814E-03   -0.80147013E-04   -0.15690542E-03   -0.33488047E-03
-0.11159921E-03   -0.12363338E-03   -0.36322431E-04    0.87205919E-04   -0.38532464E-04
 0.11887197E-04   -0.15760924E-02    0.36444464E-03   -0.11588951E-02   -0.48353878E-03
 0.18277868E-03   -0.79661177E-03   -0.33970105E-03    0.17320774E-04    0.14790277E-04
 0.76855254E-04    0.65130350E-03    0.80634218E-02   -0.18348044E-02   -0.47178161E-02
 0.53742831E-03    0.15195356E-02   -0.29493031E-04    0.19764269E-03   -0.12503005E-02
-0.61987018E-03   -0.58753298E-04   -0.40277786E-04    0.23738583E-03   -0.75089124E-03
-0.22719588E-03    0.50864850E-03    0.60710060E-04   -0.13082703E-02    0.23342483E-02
 0.10654684E-04   -0.50940359E-03    0.79918035E-04    0.46023865E-03    0.24273606E-04
-0.10638819E-04   -0.47432309E-05   -0.24147786E-03    0.45291733E-03   -0.20356858E-01
 0.79594942E-04   -0.95581033E-04    0.11711797E-04   -0.30469819E-03   -0.14803758E-03
-0.33322114E-03    0.30311249E-03   -0.34257466E-03    0.84652721E-04    0.59356165E-04
-0.33903315E-03    0.49335451E-03    0.49000619E-04   -0.32384823E-04    0.20419214E-03
 0.80850892E-03   -0.17858045E-04   -0.52135554E-03   -0.22969358E-03    0.43683235E-04
-0.26026549E-04    0.37877665E-03   -0.82761520E-03    0.43513645E-01    0.77340694E-04
 0.11686438E-03   -0.12148214E-03    0.39797156E-03    0.14669279E-03    0.68105177E-04
-0.22959005E-03    0.13303527E-03   -0.33578007E-03   -0.33977045E-03    0.36884248E-03
-0.59637131E-03   -0.38173116E-03    0.65778985E-04   -0.20681742E-02   -0.33241930E-03
-0.11022762E-03    0.32940931E-04    0.18425033E-03    0.62240591E-03    0.17261121E-03
-0.12913520E-04   -0.37855039E-03    0.28252525E-03   -0.35031237E-01   -0.24402557E-04
 0.37773479E-04    0.24271921E-03   -0.29732697E-04   -0.34331978E-04    0.38406182E-04
 0.64137356E-03    0.46073533E-03    0.13215840E-04    0.60610997E-03    0.62979357E-03
 0.25269960E-03    0.11372243E-03   -0.78341674E-05    0.69565278E-03    0.72059040E-03
-0.68496792E-03    0.15541485E-03    0.89145528E-03   -0.66824135E-04   -0.38902530E-03
-0.14757430E-02   -0.24356642E-03    0.22377994E-04    0.26531792E-03    0.35588179E-03
 0.71293722E-01   -0.87698038E-03   -0.46439375E-03   -0.12324260E-02   -0.13313528E-03
-0.29232379E-04    0.20905664E-04    0.11895492E-03   -0.18556210E-03    0.11187686E-03
-0.32011231E-04   -0.64038979E-04   -0.12687420E-03   -0.28064063E-03   -0.19889071E-03
 0.51021050E-03   -0.51460831E-03    0.11409313E-02    0.15033194E-04   -0.15812615E-03
 0.24040916E-04   -0.31466956E-04    0.71887370E-04    0.11295290E-03   -0.36662979E-06
 0.19109621E-03    0.85244297E-04   -0.55212135E-03   -0.89953807E-03   -0.30073889E-04
 0.97712814E-04    0.96306144E-05   -0.24148043E-04    0.10697034E-03   -0.19469702E-03
-0.15247734E-03    0.49837088E-04    0.12299774E-03    0.39773879E-04   -0.10924762E-04
 0.64337914E-04    0.14977267E-04   -0.36380887E-04    0.14896650E-03   -0.11889704E-03
 0.50623193E-04   -0.39664130E-04   -0.16728479E-03   -0.54690453E-05   -0.29545778E-03
-0.14949096E-04    0.85434901E-03    0.21484289E-02   -0.25248685E-04   -0.16774407E-03
-0.85237083E-04    0.16274544E-03   -0.82016303E-05    0.39480420E-03    0.17871695E-03
-0.64036537E-04   -0.25727065E-03   -0.12621555E-03    0.29716208E-04   -0.24040866E-03
 0.12169701E-05   -0.41259680E-04    0.13745621E-03   -0.44208752E-04    0.24209803E-03
 0.63370211E-04   -0.35151669E-04    0.10886720E-03    0.36568205E-04    0.94285309E-04
 0.38013936E-04   -0.28724693E-03   -0.26366137E-02    0.17227368E-04    0.78186914E-04
 0.52728391E-04   -0.33805287E-04    0.53144873E-04   -0.37727013E-03    0.25850364E-04
 0.29139652E-04    0.45798355E-04    0.22751706E-03    0.44415058E-04    0.76224476E-04
 0.31864557E-05    0.52550903E-03    0.37221604E-03    0.84941742E-03   -0.24880542E-03
 0.62100540E-04   -0.47411980E-03    0.22814639E-03    0.23315726E-03   -0.61089459E-03
-0.58916005E-04   -0.44201449E-03   -0.15136960E-03   -0.43274582E-03    0.11306320E-01
-0.31584440E-04   -0.13360126E-03   -0.28650724E-03    0.67686431E-04   -0.18285022E-04
-0.51463357E-05    0.44201016E-04   -0.44644115E-04    0.68449805E-04   -0.35626767E-04
-0.41872711E-04    0.27919348E-04   -0.31738314E-04    0.14056407E-03   -0.21895350E-03
 0.47643371E-03   -0.15120991E-02    0.21150078E-04    0.16148390E-04   -0.67037230E-04
 0.36921989E-04    0.10371603E-04   -0.41750910E-05    0.37238154E-05   -0.12640536E-04
 0.38609049E-04   -0.17981335E-03   -0.24083179E-04   -0.90681327E-04    0.19057663E-04
 0.35087460E-04    0.26938041E-04   -0.15087635E-04   -0.10681343E-04   -0.22117517E-04
 0.32564134E-04    0.93127995E-04    0.30773750E-04   -0.32948959E-04    0.82176806E-05
 0.57249981E-05    0.21015260E-05   -0.34557960E-04    0.60997093E-04   -0.33219002E-04
-0.28927913E-04    0.55627387E-05   -0.60861421E-05    0.87588759E-04   -0.46101994E-04
 0.83284421E-04   -0.13628166E-04    0.17054391E-03   -0.32339042E-04   -0.58259468E-04
-0.77700089E-04   -0.38751363E-04   -0.13165659E-04    0.12118772E-04   -0.35438354E-04
-0.83341696E-04   -0.51017102E-04    0.71983573E-04    0.19578176E-06   -0.61504876E-05
-0.72024472E-04    0.21112825E-05    0.46853492E-04   -0.51190346E-04   -0.44130263E-04
-0.42849167E-04    0.19133892E-04   -0.13728300E-05   -0.46180592E-04   -0.22018594E-04
-0.85706551E-04    0.14269659E-04   -0.21999705E-03    0.26686606E-04   -0.70265601E-05
-0.14413686E-04    0.70371900E-05   -0.27465266E-04   -0.18117802E-04   -0.94086226E-05
 0.66375763E-04    0.44254542E-04   -0.58868042E-05   -0.22970800E-04    0.52186888E-05
 0.13994013E-03    0.31158240E-04    0.38970085E-03    0.65134489E-04   -0.30660148E-04
 0.20027418E-03    0.72267986E-04   -0.90341044E-04   -0.15569766E-04   -0.53739237E-07
 0.38846772E-04    0.36074835E-04    0.66900670E-04   -0.81998744E-04    0.71987132E-03
 0.17344413E-03    0.27854691E-03    0.22219425E-03   -0.13116142E-03   -0.52096355E-05
-0.12376751E-04   -0.10755604E-04    0.77395180E-04    0.22958529E-04   -0.79384001E-05
-0.17040651E-04    0.30898306E-04   -0.32393166E-04   -0.13826733E-03   -0.10700531E-03
 0.20512007E-03   -0.82189255E-03    0.20551765E-04   -0.90392556E-05    0.98162328E-05
-0.45930940E-04   -0.24386137E-04    0.60724837E-05    0.73724842E-06    0.50328999E-04
-0.41601788E-04    0.19900014E-03    0.37240025E-04    0.21204325E-04   -0.92534502E-05
 0.10114559E-04    0.42191228E-04    0.85433080E-04   -0.90047350E-05    0.42057991E-04
-0.22008089E-04    0.52325875E-05    0.31991531E-04   -0.39258710E-04    0.67195518E-05
 0.42003943E-05   -0.90399865E-04   -0.31872478E-04   -0.67636741E-04    0.97728830E-04
 0.63017805E-04    0.52653058E-05    0.13490574E-05   -0.91598184E-04    0.32235614E-04
-0.33868762E-03   -0.13081350E-03   -0.40036418E-04    0.15514991E-03    0.26781825E-04
-0.19432636E-04   -0.26742318E-04    0.16186993E-07    0.13445478E-04    0.75191440E-04
 0.87202576E-04   -0.24728200E-04    0.17371257E-03    0.16065691E-04   -0.14585125E-04
 0.18483409E-03    0.12838538E-03    0.33858258E-04    0.17140991E-04   -0.66703550E-04
-0.26267703E-04   -0.18201636E-04    0.29132738E-05    0.12353135E-03    0.22176669E-04
 0.25346438E-03    0.70305964E-04    0.11708091E-04   -0.17387537E-03   -0.28207926E-06
 0.15371661E-04    0.15179426E-04   -0.19998484E-04   -0.36362818E-04   -0.47434794E-05
-0.84503927E-04   -0.46066320E-04   -0.24251909E-03    0.20956969E-05    0.76208804E-05
-0.71689638E-04    0.29108863E-03    0.15537641E-03   -0.30472949E-03   -0.13178370E-03
-0.10895964E-03    0.14816655E-03    0.65474595E-04    0.77205635E-04   -0.10247022E-04
-0.21954425E-03   -0.15531546E-03   -0.78760888E-03   -0.23389994E-03   -0.66794522E-04
 0.62085857E-03    0.72956584E-04   -0.10457448E-03    0.38897615E-03    0.91246650E-04
 0.42141621E-04    0.58211706E-04   -0.18962560E-04   -0.44282480E-05   -0.16248004E-03
 0.18157117E-04   -0.34955547E-05    0.39178769E-04    0.96555441E-04    0.35074043E-04
-0.11440518E-04    0.12619338E-03   -0.90783580E-03    0.65955443E-04   -0.91608754E-05
 0.57578224E-04    0.12416553E-03    0.19647793E-03   -0.44388515E-04    0.83118221E-05
 0.28668489E-05   -0.22413432E-03   -0.19511698E-03    0.26429768E-04    0.25759743E-04
-0.18862192E-04   -0.59127640E-03    0.38701572E-04    0.47401657E-04   -0.12914949E-03
 0.12378025E-03    0.55992117E-04    0.21340168E-04    0.95776908E-04    0.13671855E-03
-0.63561095E-05    0.25883203E-04   -0.78421553E-04    0.29638110E-04   -0.91945706E-04
-0.13861728E-03   -0.16582471E-03    0.43002333E-04   -0.40263007E-05   -0.75805672E-04
 0.27630786E-03    0.15625467E-03   -0.12768162E-03   -0.32922902E-04    0.53964672E-04
 0.91294061E-03   -0.38728584E-04   -0.17595839E-03    0.10834252E-03   -0.18966176E-03
-0.12035704E-03    0.14206859E-04   -0.90847372E-04   -0.26582553E-03   -0.22169565E-05
-0.24920429E-04   -0.11703714E-04    0.56430367E-04    0.24965937E-04    0.15761383E-03
 0.22467716E-03    0.32026088E-03   -0.43662450E-04    0.15462339E-04    0.14682634E-05
-0.30050683E-03    0.52144623E-04    0.67724416E-04   -0.16036681E-04   -0.29952710E-04
-0.11453825E-02    0.81333414E-04    0.84206489E-04   -0.25450829E-03    0.23579065E-04
-0.18218458E-04    0.51120705E-04    0.29761937E-03    0.27159153E-03    0.20847818E-04
 0.41625491E-04   -0.24438406E-03   -0.89428674E-04   -0.92370599E-03   -0.28744237E-03
-0.17159000E-03   -0.15594642E-03   -0.52179087E-03   -0.69729221E-03    0.14042940E-03
-0.40752350E-04   -0.10249047E-03    0.87176568E-03   -0.65032823E-03   -0.21914435E-03
 0.32183758E-04    0.10004549E-03    0.39322463E-02   -0.12520894E-04   -0.25207712E-03
 0.21468902E-03    0.17866250E-03   -0.11921245E-04    0.51482054E-05    0.11767897E-04
-0.72882049E-04   -0.49979262E-03    0.47330771E-04    0.76170361E-04    0.10212314E-03
 0.30568740E-03   -0.10423761E-03    0.32205523E-04    0.56915938E-03   -0.14530705E-02
-0.47394491E-04   -0.12855592E-05    0.97911145E-04   -0.49190608E-04   -0.73795974E-04
 0.65359100E-04   -0.14976902E-05    0.13102326E-04    0.20512781E-03   -0.25135533E-03
-0.98280718E-04    0.30321489E-04    0.54704837E-04   -0.81237956E-04   -0.54541341E-03
-0.42331072E-03    0.10016059E-03   -0.14096393E-03   -0.26835265E-04   -0.84862912E-04
-0.77199814E-04    0.36436809E-03   -0.26243237E-04   -0.50628380E-05    0.81097086E-05
 0.27098482E-04   -0.78469758E-04    0.22728679E-03   -0.20491025E-05   -0.83419432E-04
 0.69115532E-05   -0.18065691E-03   -0.22971827E-03    0.47061009E-03    0.94294579E-04
-0.21854770E-04   -0.35570651E-04    0.21068646E-04    0.10260499E-02    0.64228764E-03
-0.20128122E-03    0.54103718E-04   -0.18370542E-03    0.12926903E-03   -0.72194858E-05
-0.34219057E-03   -0.18420316E-04    0.38909214E-05   -0.34164598E-04   -0.45606975E-04
 0.62576726E-04    0.83198475E-04    0.82217998E-04   -0.29735282E-04   -0.15310295E-04
 0.13499262E-04   -0.18075547E-03    0.67351224E-04    0.32791384E-04   -0.33690411E-04
 0.29876386E-04   -0.29594489E-04    0.48787675E-05   -0.14551851E-02   -0.78543216E-03
 0.15073143E-03   -0.14538462E-03   -0.61112237E-04   -0.13458342E-03   -0.85243146E-04
 0.16692079E-03    0.92145015E-04   -0.92823986E-05   -0.10169150E-02   -0.15134232E-02
-0.31928621E-02   -0.39740301E-03   -0.24837588E-03   -0.18662627E-03   -0.21919479E-03
 0.70959697E-03   -0.91679353E-04   -0.66382998E-05    0.69594231E-04   -0.14813329E-03
 0.52179748E-03   -0.12752734E-03   -0.96340228E-04   -0.88594305E-04    0.21508322E-03
 0.64888808E-02    0.25199018E-04    0.10374332E-02    0.23679819E-03   -0.42138262E-03
 0.54516925E-05   -0.11787998E-03   -0.47754879E-04    0.70012411E-04    0.12849124E-03
-0.15302246E-04   -0.15394090E-03   -0.28029176E-04    0.95195444E-04   -0.13599550E-03
 0.16962047E-03    0.57183375E-03   -0.18922744E-02   -0.37557842E-04    0.71347775E-04
 0.30063856E-04   -0.11819672E-03   -0.17994446E-03    0.80387103E-04   -0.38083332E-05
-0.76183219E-04    0.14965293E-03   -0.17912546E-05   -0.66457011E-04   -0.23468899E-05
 0.11301507E-03    0.20017225E-03   -0.37333365E-03   -0.56516596E-03    0.23762874E-04
-0.75020055E-04    0.19422781E-05   -0.47859645E-04    0.11682531E-03    0.16415925E-03
-0.17531032E-04    0.77476469E-05    0.12375119E-04   -0.12659649E-03   -0.67375470E-04
 0.19129664E-03    0.17424274E-03   -0.10614234E-03    0.22468989E-05   -0.11135144E-03
-0.12757773E-03   -0.40969486E-03    0.12722812E-03   -0.35598110E-04   -0.10048856E-03
-0.29402910E-03    0.54904140E-03    0.10096641E-02   -0.13317956E-03    0.77435293E-04
-0.46116730E-05    0.42267517E-04   -0.11063937E-03   -0.17002903E-03    0.75735388E-04
-0.25144074E-04    0.86893473E-03    0.91380117E-04    0.72333501E-04    0.36909101E-04
 0.20605919E-04   -0.22261337E-05    0.25815407E-04    0.89038744E-05    0.11156373E-03
-0.12611428E-03   -0.22263786E-03    0.19940728E-04   -0.16227611E-04    0.11537942E-04
 0.11264668E-03   -0.69051431E-03   -0.12350180E-02   -0.97696357E-04   -0.26291994E-03
 0.36090743E-05   -0.24057433E-03   -0.19180666E-03    0.22042988E-03   -0.39334273E-04
-0.48347500E-05   -0.55534453E-03    0.42156192E-03    0.62449673E-03    0.45949810E-04
-0.33232885E-03    0.18065152E-03    0.41353024E-04   -0.71045037E-04   -0.50468518E-04
-0.25660113E-04   -0.12555174E-03   -0.48890252E-03    0.63087452E-03    0.12909213E-03
 0.77314457E-05   -0.82869676E-05   -0.40357341E-03    0.20670601E-02    0.38529287E-02
-0.32892844E-03    0.83513082E-03   -0.29769438E-03   -0.48102696E-03    0.12724426E-03
-0.15767285E-04    0.15169354E-03    0.45192553E-04    0.33046008E-03   -0.20893037E-04
-0.53253115E-04    0.15621917E-03   -0.12529163E-03    0.54899180E-03   -0.95244681E-03
 0.19160151E-02   -0.59220688E-02   -0.11537467E-04    0.68970618E-04    0.10099281E-03
 0.74420763E-04    0.11601884E-03   -0.11435156E-04   -0.13763748E-05   -0.13178050E-04
-0.17378288E-03    0.13552640E-03   -0.22487730E-03   -0.97893795E-05    0.30287093E-04
-0.47147696E-05    0.51205716E-04    0.11044271E-03   -0.80040516E-03   -0.32402932E-04
-0.11736930E-03    0.56507113E-04   -0.18700846E-04   -0.33326590E-04   -0.11847215E-04
 0.20831367E-04   -0.76935708E-04   -0.10195919E-03   -0.58064352E-05    0.42010325E-04
-0.67362775E-05   -0.16652707E-05   -0.10315074E-05   -0.25216181E-04    0.16302535E-03
-0.33275166E-03    0.50716603E-03   -0.26247909E-04   -0.52430755E-04   -0.28785485E-04
-0.19864894E-03   -0.25518036E-03    0.14008797E-02    0.39698621E-04    0.31032868E-03
 0.20955841E-04    0.16396896E-03    0.15194567E-03    0.39263789E-04   -0.27275009E-04
 0.66085342E-03    0.22247576E-03    0.10955126E-04   -0.15430116E-04    0.13899185E-03
 0.44631699E-05   -0.70813608E-04    0.77425371E-05   -0.41061218E-04   -0.38040951E-04
 0.36108222E-03   -0.38307863E-03   -0.56820518E-04    0.16330826E-04   -0.22013931E-03
 0.17380151E-03   -0.48661022E-04   -0.20588159E-02   -0.17056754E-03   -0.10564105E-03
-0.14833272E-03   -0.10414220E-03    0.13465478E-03   -0.36025667E-04    0.18424424E-04
-0.62832388E-03   -0.12909531E-03    0.14311655E-02   -0.21063401E-03    0.30114938E-04
 0.22866202E-03   -0.11947092E-03   -0.56331718E-03    0.26071594E-03   -0.24717478E-04
 0.37333081E-04   -0.18126111E-03   -0.14689190E-02    0.14469378E-02    0.11729121E-03
 0.19240791E-04    0.58280023E-03   -0.93870624E-03    0.11174211E-03    0.65704406E-02
 0.60878288E-04    0.96906241E-03   -0.33913813E-03   -0.48082982E-03    0.81659352E-04
-0.10162928E-03    0.20534923E-03    0.41336188E-04   -0.11878898E-04    0.12994700E-03
 0.94385721E-05   -0.59981329E-04    0.39777576E-04    0.58859420E-04   -0.11660947E-03
 0.54393406E-03   -0.15079088E-02   -0.76789071E-04    0.15386435E-03   -0.10940123E-03
-0.91440530E-04   -0.23402005E-03    0.99810625E-04   -0.75752101E-05   -0.15697753E-03
-0.13025703E-03    0.27718631E-03   -0.91983495E-04   -0.85278442E-05    0.66411928E-04
 0.21823921E-03   -0.10886858E-03   -0.11879830E-03   -0.14480875E-03   -0.52127373E-03
-0.17638371E-03    0.23974154E-03    0.11267554E-03   -0.95629924E-04   -0.34309122E-04
 0.10653589E-04    0.55401102E-04   -0.34565729E-03    0.15454010E-03    0.13167034E-03
 0.24557572E-03   -0.13441325E-03    0.14976023E-04    0.18973695E-03    0.15175318E-03
-0.31573831E-03    0.18270594E-03   -0.14930616E-04   -0.68413770E-04   -0.31618799E-03
-0.31893828E-04    0.58215750E-04    0.24754502E-03    0.93308782E-03    0.32727443E-03
-0.26136275E-03   -0.13359937E-03    0.21479494E-03    0.81389534E-04   -0.26189247E-04
 0.11737571E-02    0.35680902E-04    0.91944886E-04   -0.10870997E-03   -0.28725470E-04
-0.15010154E-03    0.83094384E-04   -0.14280987E-04    0.13026553E-03   -0.34999067E-03
 0.30192326E-03    0.13761002E-03   -0.38906817E-04   -0.43987989E-04    0.58993393E-05
-0.72663283E-04   -0.27216086E-03   -0.23646383E-03   -0.14683987E-02   -0.30289654E-03
-0.12463759E-03   -0.11581351E-03    0.18990998E-03   -0.53523657E-04    0.19364090E-04
-0.13968832E-02    0.15432677E-02   -0.36879843E-03   -0.11712812E-03   -0.38230738E-03
 0.15213773E-03   -0.32379233E-03    0.49404201E-03   -0.76285065E-04    0.11690632E-04
-0.18624357E-03    0.43605319E-03    0.40655518E-03   -0.27016298E-03    0.80287925E-04
 0.10807349E-03    0.49780160E-04    0.29667441E-03    0.48364505E-03    0.12061026E-03
 0.43868831E-02    0.34287028E-03    0.36668678E-03   -0.64195336E-03    0.14384293E-03
-0.72541392E-05   -0.21654802E-04    0.32796977E-03    0.57921975E-04   -0.99300598E-04
 0.26665308E-04    0.82711850E-04    0.78543900E-04    0.41465025E-03    0.41630813E-04
-0.20619256E-03    0.25760151E-03   -0.33097342E-03    0.29348865E-04    0.43329424E-04
 0.32494755E-04   -0.88166073E-04    0.29915573E-04    0.13064315E-04    0.58173577E-05
-0.84079006E-04   -0.16280182E-03    0.24562377E-03    0.92647176E-05    0.31450237E-04
-0.30326012E-04    0.34549145E-04    0.39753707E-05    0.11112231E-04   -0.80778895E-04
-0.12103417E-03   -0.55409043E-03   -0.20956022E-04    0.14076565E-03   -0.12775774E-03
-0.17095493E-04    0.52536159E-05   -0.16882022E-04   -0.11658120E-03    0.12878880E-04
 0.68655197E-04   -0.14233449E-03   -0.38382717E-05    0.30518588E-05   -0.13672261E-04
 0.20747326E-03   -0.16453459E-03   -0.11305585E-03   -0.64007460E-04    0.51912795E-04
-0.93194050E-04   -0.17946774E-04   -0.75283375E-04    0.20981860E-03    0.27309654E-03
 0.10830889E-02    0.18725898E-04   -0.24075151E-03    0.16187339E-03    0.94532484E-04
-0.13115038E-04    0.13416604E-04    0.31748580E-04    0.97902653E-04   -0.24651465E-04
 0.55690313E-04    0.27983265E-03    0.27291530E-04   -0.44374183E-05   -0.19004102E-03
-0.11514783E-03    0.13087376E-03   -0.12402813E-04   -0.18385147E-04   -0.23732428E-04
 0.14869044E-04    0.66075182E-04    0.44728268E-04   -0.12807407E-03   -0.34847987E-03
-0.15186955E-02   -0.68549641E-04    0.35685704E-04   -0.32473089E-05   -0.60592036E-05
 0.18236112E-04   -0.69207469E-03   -0.63316549E-03   -0.98116700E-03   -0.24086339E-03
-0.12650468E-03   -0.36538595E-04   -0.68534052E-04   -0.37798849E-03   -0.15910779E-03
-0.87625445E-05    0.15881368E-03    0.25621806E-03    0.76315049E-03   -0.11807756E-03
-0.74374682E-04    0.14366934E-03    0.30183361E-04    0.16693019E-03   -0.24754975E-03
 0.17900019E-03    0.11756985E-02    0.52463011E-02    0.15375193E-03    0.20410727E-02
 0.67996189E-04   -0.12579802E-02    0.16981530E-03   -0.78807980E-04    0.18625584E-03
 0.26563446E-03    0.27653537E-05   -0.84344134E-04   -0.53172542E-04    0.28353081E-03
-0.94043469E-04   -0.20978916E-03    0.20253158E-03    0.44587766E-03   -0.11794685E-02
-0.28681772E-04    0.17243327E-03    0.16250730E-03   -0.20605223E-03    0.39072294E-04
-0.11197650E-04   -0.24129812E-06    0.17571144E-03   -0.35291724E-03    0.88333238E-03
 0.55697650E-04    0.82925839E-04    0.29573386E-04    0.13878193E-03   -0.12164068E-03
 0.36325653E-04   -0.93392121E-04    0.28119461E-03   -0.13797462E-03   -0.94348240E-03
 0.18115679E-04   -0.64528321E-04    0.14740848E-04    0.88769788E-05   -0.11472419E-03
-0.33253225E-03   -0.41308971E-03    0.23444721E-03   -0.15699794E-03   -0.12960771E-04
 0.49485496E-05   -0.33843877E-03    0.62654721E-03   -0.12683366E-02   -0.77256221E-05
-0.10896830E-03    0.29613875E-04   -0.17643014E-03    0.30535914E-05   -0.19723791E-04
 0.30105987E-03   -0.27964348E-03    0.16416665E-03    0.16043370E-02    0.25916676E-04
 0.16158270E-03    0.31152299E-04   -0.56329921E-04    0.16866432E-02    0.25704406E-03
-0.12661066E-03    0.11733032E-03   -0.70861374E-04    0.12683302E-03   -0.44905683E-04
-0.21528478E-05    0.55810083E-03   -0.75531029E-04    0.46052355E-03    0.91035909E-04
 0.59325810E-04   -0.12561222E-03    0.43277237E-04    0.23282971E-04   -0.22937473E-03
-0.26689997E-03   -0.13937259E-03   -0.30686854E-04   -0.24298480E-02   -0.57873719E-03
 0.81587416E-04    0.35048788E-04    0.10789825E-04   -0.19024890E-02    0.96715927E-03
-0.81289211E-03   -0.46539835E-03    0.53551430E-03   -0.51628936E-03   -0.12510230E-03
 0.22013284E-03    0.27479862E-04    0.27698398E-04   -0.92783713E-03    0.60948985E-03
-0.59851797E-03   -0.13829804E-03   -0.10538482E-03    0.16898564E-03   -0.17533861E-03
 0.32509962E-03    0.20547479E-03    0.16524407E-03   -0.54580957E-03    0.19768503E-03
 0.69774898E-02   -0.43310003E-03   -0.12636023E-03    0.37139771E-03   -0.31886463E-03
 0.18030877E-05    0.15105393E-04   -0.26441398E-03    0.20767622E-05   -0.12399510E-04
 0.14486250E-04   -0.24349449E-04    0.13597555E-03    0.11577092E-04    0.25294787E-03
-0.45950754E-03    0.53449277E-03   -0.15157437E-02   -0.81837231E-04   -0.11736216E-03
 0.41014853E-04    0.60994221E-05   -0.30949930E-04   -0.62325082E-04    0.19532041E-05
-0.17060063E-04    0.31115763E-04    0.42642136E-04   -0.85044598E-05    0.36916466E-04
 0.32668389E-04    0.13538991E-03   -0.73171324E-04    0.31999166E-04   -0.98680803E-04
 0.35617360E-04    0.11624054E-03   -0.19045834E-03   -0.40065088E-03    0.10060033E-03
 0.76001295E-04   -0.12928905E-04    0.10180242E-03    0.86579745E-04   -0.13363208E-03
 0.35740280E-04    0.44325333E-04    0.59136207E-04   -0.18674435E-05    0.12967445E-03
-0.42804251E-04   -0.20454519E-03   -0.10332525E-04   -0.32430896E-04   -0.49530301E-04
-0.16157273E-03    0.50911418E-04    0.21121067E-04    0.32053925E-03   -0.71825804E-04
-0.26545251E-03    0.26564693E-03    0.82851006E-03   -0.13901781E-03   -0.52441187E-04
 0.14168148E-04    0.44742415E-03   -0.73677262E-04   -0.23638194E-04    0.21415025E-04
-0.49934685E-04    0.30390092E-04   -0.53532708E-04   -0.33338657E-05    0.14859668E-04
-0.66065986E-05    0.47141178E-03    0.17202970E-03    0.26434654E-04   -0.34286398E-04
 0.31634143E-03   -0.64951289E-04   -0.17952272E-03   -0.62115926E-04   -0.79852123E-04
 0.15807206E-04   -0.50319256E-03   -0.13010128E-02    0.84662934E-04    0.15863253E-04
-0.11384070E-04   -0.66111855E-03    0.56913330E-03   -0.30379297E-03    0.66119975E-04
 0.56480100E-04   -0.21957622E-03    0.31561442E-05    0.16369302E-04    0.12091518E-03
 0.15310123E-05    0.16504320E-03   -0.28121479E-03   -0.17922708E-02   -0.37929946E-03
-0.10131648E-03    0.50132546E-04   -0.70501257E-03    0.24110796E-03    0.29087158E-03
 0.47881662E-03    0.52379873E-04   -0.16529737E-03    0.13821057E-02    0.42725304E-02
 0.71182656E-03   -0.18111228E-03   -0.23487596E-03    0.49522203E-03   -0.91244641E-04
 0.10516695E-03    0.27502689E-03    0.11986588E-03   -0.70313239E-04    0.75871554E-04
-0.39742288E-04    0.14650239E-03   -0.12786599E-03    0.32354633E-03   -0.12931031E-02
 0.11556838E-02   -0.37646836E-02    0.67464069E-04   -0.14635458E-03   -0.24753131E-03
-0.93332294E-04    0.21030159E-04    0.10915250E-04    0.16473878E-04    0.90416395E-04
 0.58306843E-04    0.89480928E-04   -0.49117038E-04   -0.58812921E-05   -0.43996545E-04
 0.74308850E-04    0.21277433E-03    0.21750675E-03    0.39407809E-04   -0.65063358E-04
-0.71484939E-04    0.15794378E-03    0.52403934E-05   -0.76437392E-03    0.77957743E-05
-0.78540595E-05   -0.15495136E-03    0.20697977E-03    0.49853597E-03    0.77724102E-04
 0.59237341E-04    0.43076521E-04   -0.85313401E-05   -0.59070695E-04    0.28338117E-04
-0.17286489E-03   -0.10689524E-03    0.27524909E-04    0.22156278E-03   -0.21647785E-03
-0.16174106E-03   -0.11783178E-03   -0.43269475E-04    0.21003465E-03    0.15126309E-03
-0.36673371E-04   -0.46239732E-04    0.14047144E-02    0.46025989E-04    0.39544628E-05
-0.56241601E-03    0.13772315E-03   -0.23039444E-03   -0.58288193E-03   -0.14513895E-03
-0.60505921E-04   -0.77743307E-04    0.16501078E-04   -0.11424822E-04    0.20625400E-03
 0.31504347E-03   -0.24724620E-04    0.17772531E-04   -0.20669324E-03    0.34067324E-03
 0.39804177E-05    0.21461891E-03    0.18078388E-03    0.25292248E-03    0.51126441E-04
 0.15163473E-03    0.97414012E-04   -0.17497568E-02    0.68903868E-04   -0.11553465E-04
 0.31151435E-03   -0.16005636E-02   -0.41944704E-03   -0.57264108E-03    0.82876979E-03
 0.16889996E-02    0.88527397E-03    0.48710418E-03   -0.25025694E-04   -0.31449816E-04
 0.86125930E-05   -0.94162040E-04   -0.11932617E-02    0.15169879E-03   -0.10270229E-03
 0.80077320E-03   -0.66113958E-03   -0.13600568E-04   -0.49364540E-03   -0.47478914E-03
-0.65301910E-03    0.17084038E-03    0.33376191E-04   -0.21946767E-03    0.60487196E-02
 0.24920819E-03    0.76934644E-03   -0.13982621E-03   -0.34732014E-03    0.34268024E-05
-0.30670686E-04    0.10749203E-03    0.75443515E-04   -0.10248239E-03    0.15551445E-04
-0.12310990E-04    0.44980466E-04    0.41389954E-04   -0.15103765E-03   -0.18420108E-04
 0.15166878E-03   -0.84577671E-04   -0.41958801E-04    0.67679139E-04    0.72302561E-06
-0.83405289E-04    0.59442915E-04    0.31035369E-04   -0.54642238E-06   -0.17142399E-04
-0.28974434E-04    0.35595483E-03    0.51820486E-05    0.27513887E-04    0.21200321E-04
 0.58564313E-05   -0.18554138E-04    0.70152665E-05   -0.65174342E-04    0.15204265E-04
-0.46223422E-04    0.61229684E-04    0.15436845E-03   -0.15445908E-04   -0.10388373E-03
 0.36176824E-05    0.52764680E-04   -0.15542023E-03   -0.11572439E-04    0.10389776E-03
-0.10793702E-03   -0.12640210E-04   -0.42639738E-05   -0.21296822E-05    0.86580975E-04
-0.70464129E-03   -0.15233983E-03   -0.21365698E-04    0.88082989E-07    0.42160379E-06
-0.40065390E-04    0.31944103E-04    0.11655976E-03    0.60519728E-04    0.13095003E-03
-0.41406068E-04   -0.11376398E-03    0.39291549E-04    0.34477312E-03   -0.17092168E-04
 0.58277967E-03    0.18371924E-04   -0.11314492E-04    0.10327738E-04   -0.47968217E-04
 0.60580263E-04   -0.19223467E-05    0.33701555E-06    0.10307982E-03   -0.98621909E-04
 0.15967675E-03    0.12235165E-03   -0.27766750E-04   -0.13760999E-04   -0.11588542E-04
 0.86395860E-04   -0.82141893E-04   -0.82871900E-04   -0.14909620E-03    0.14386026E-04
-0.62567049E-04   -0.23640239E-04    0.10356883E-03   -0.40323020E-03    0.43666336E-05
-0.59055302E-03    0.54586804E-03   -0.71433001E-03   -0.75320522E-04   -0.34434913E-04
-0.16280797E-03   -0.21305117E-04    0.11131912E-03    0.37627653E-05   -0.29970213E-05
-0.95882764E-04    0.17096241E-03   -0.20836253E-03   -0.68797323E-03   -0.33528528E-04
-0.21411911E-04    0.11526626E-04    0.52769084E-04    0.12207211E-03   -0.14292512E-03
 0.16800464E-03    0.14355572E-03   -0.67786258E-05    0.45308242E-04   -0.23690190E-03
 0.14235818E-02   -0.30905783E-05   -0.18777442E-03    0.10677674E-04    0.70040877E-04
-0.96120022E-05    0.13964987E-04   -0.21155194E-04   -0.14493255E-04    0.14377749E-04
-0.36592429E-05   -0.43370414E-05   -0.17002230E-04   -0.16895012E-04    0.10468225E-04
-0.23162726E-04    0.59227238E-05   -0.42265294E-04   -0.46479569E-05   -0.27260589E-04
 0.44323104E-05    0.13731702E-04    0.50733051E-05   -0.12479799E-05   -0.18375010E-06
 0.58670785E-05    0.37397841E-04   -0.45618598E-04    0.73053665E-05    0.93163067E-06
 0.20980701E-05    0.15472303E-04   -0.29290423E-05   -0.92197082E-06    0.23322321E-04
-0.11344481E-04    0.22078054E-05   -0.11178437E-04   -0.30876330E-04    0.14123047E-04
 0.45979879E-06   -0.82563211E-05    0.11512671E-04    0.38815556E-04   -0.41306823E-05
-0.16997063E-04   -0.58034967E-05    0.52075101E-05   -0.19364578E-07    0.25702755E-04
-0.43917864E-04    0.71729525E-04    0.39666889E-06   -0.47312462E-06   -0.63179595E-05
-0.11049899E-04    0.44141613E-05   -0.21101828E-05   -0.31564793E-04    0.60773998E-05
-0.11597744E-04   -0.21793392E-04    0.33760654E-04   -0.14895215E-04   -0.62727208E-05
 0.12196812E-04   -0.94959703E-04   -0.23263670E-04   -0.50161477E-05    0.37522073E-05
 0.43653397E-05   -0.10345893E-04   -0.24313672E-05   -0.94485977E-06   -0.34549167E-04
 0.25651419E-04   -0.25010604E-04   -0.86336128E-05    0.53697529E-05    0.11691280E-04
 0.39086736E-04   -0.13863162E-04    0.56964351E-05    0.30263277E-04    0.36158320E-04
 0.13071346E-04    0.27756368E-04   -0.48454138E-06   -0.10935598E-04    0.29235086E-05
-0.10119422E-04    0.72323990E-04   -0.62337592E-04    0.77984559E-04    0.59673677E-04
 0.21363382E-04   -0.15902927E-05    0.26623000E-04    0.30852373E-04    0.68072243E-05
-0.44808785E-06    0.44245252E-04   -0.61419935E-04    0.37572754E-04    0.33395609E-04
-0.17512163E-04   -0.35534254E-04   -0.18579769E-03   -0.85752818E-05    0.64464741E-05
-0.28855393E-04   -0.43541442E-04   -0.38147427E-04   -0.25003116E-04    0.27688518E-04
 0.38990949E-04   -0.81948378E-05    0.43531419E-04   -0.53147730E-03    0.82624054E-02
-0.78352312E-03   -0.55636059E-02    0.67546309E-03   -0.59576417E-03    0.45534585E-03
 0.47811080E-03    0.76205006E-04   -0.55559770E-04   -0.14795570E-03   -0.40502400E-04
-0.35014491E-03   -0.15486048E-02    0.17556618E-02    0.67042800E-03   -0.31407152E-03
-0.50729107E-04    0.97145297E-03    0.19100978E-03   -0.53365177E-03    0.89918987E-04
 0.19472813E-03   -0.29201373E-04    0.48145614E-03   -0.10912697E-02    0.27693877E-02
-0.20090811E-03    0.16074868E-03    0.20851997E-03    0.72291701E-03   -0.57951932E-04
 0.15712083E-03   -0.57664615E-03    0.66491999E-03   -0.15304697E-03   -0.11466634E-03
 0.74309170E-03   -0.43339058E-03   -0.75377169E-04    0.77799361E-04   -0.14254754E-03
-0.14625817E-02   -0.56325288E-03    0.46584425E-03   -0.29229396E-03   -0.32418555E-03
 0.43742602E-04   -0.88649011E-03    0.14911338E-02   -0.45569802E-02    0.36210576E-03
-0.26190515E-03   -0.18888538E-03   -0.90344516E-03   -0.68560737E-04    0.67349053E-04
 0.11103241E-02   -0.55751376E-03    0.50434675E-03    0.44163506E-03   -0.96760266E-03
 0.55667957E-03    0.31623485E-03   -0.17530865E-03    0.65282258E-02    0.86860112E-03
-0.25919281E-03    0.12247964E-03    0.75020480E-04    0.69589387E-03    0.90528015E-05
-0.11111220E-04    0.19085318E-02   -0.11449878E-02    0.13043756E-02    0.41324672E-03
-0.10116874E-03   -0.18150368E-03    0.92377865E-04    0.29557825E-03   -0.10000400E-02
-0.93235082E-03   -0.13452132E-02    0.11964710E-03   -0.18812566E-02   -0.76540672E-03
 0.48007432E-03   -0.21556242E-03    0.35008760E-04   -0.30321287E-02    0.22492020E-02
-0.25725963E-03   -0.60810652E-03   -0.12552050E-03   -0.40191019E-03   -0.99954715E-04
-0.15523267E-03   -0.17287520E-04    0.19232730E-04   -0.15880558E-02    0.77528616E-03
-0.15583449E-02    0.46445037E-04   -0.11200585E-04    0.12254582E-03   -0.10836344E-03
-0.13069318E-03    0.55284040E-03    0.43323352E-03    0.63900811E-03   -0.88992823E-04
 0.12801480E-02    0.30103584E-03   -0.46696170E-03    0.36462416E-03   -0.76911827E-04
 0.56858935E-02    0.11981597E-02   -0.88373824E-02    0.98044543E-03    0.61237439E-02
-0.81251071E-03    0.64901930E-03   -0.29086715E-03   -0.43226858E-03   -0.76589395E-04
 0.80790321E-04    0.18084927E-03    0.65989401E-04    0.46756974E-03    0.16065993E-02
-0.21772921E-02   -0.64494646E-03    0.33610866E-03    0.33313454E-04   -0.10384366E-02
-0.26774773E-03    0.51601312E-03   -0.12299473E-03   -0.21229536E-03    0.29347333E-04
-0.54844255E-03    0.11527246E-02   -0.29671028E-02    0.18340138E-03   -0.15865042E-03
-0.21430066E-03   -0.74590802E-03    0.92107603E-04   -0.15378357E-03    0.62727774E-03
-0.67138634E-03    0.15931176E-03    0.11251398E-03   -0.78865793E-03    0.49695550E-03
 0.65373236E-04   -0.87240470E-04    0.15830238E-03    0.16044286E-02    0.66314520E-03
-0.43200811E-03    0.29394634E-03    0.39470920E-03   -0.47519912E-04    0.97959264E-03
-0.15790335E-02    0.48749331E-02   -0.41987873E-03    0.28747945E-03    0.22921929E-03
 0.97393955E-03    0.54409367E-04   -0.20658615E-04   -0.13117807E-02    0.64680396E-03
-0.48926370E-03   -0.40693951E-03    0.10279575E-02   -0.60283420E-03   -0.29802901E-03
 0.19504764E-03   -0.71666665E-02   -0.95888729E-03    0.29254950E-03   -0.13417360E-03
-0.94058312E-04   -0.70772832E-03   -0.22705801E-04    0.14864394E-04   -0.21132457E-02
 0.12518597E-02   -0.14501256E-02   -0.41410934E-03    0.10989063E-03    0.19220071E-03
-0.11098060E-03   -0.34460736E-03    0.10629910E-02    0.10165462E-02    0.14854074E-02
-0.18113182E-03    0.20089397E-02    0.84972299E-03   -0.57653602E-03    0.24268866E-03
-0.39416722E-04    0.31794279E-02   -0.29823728E-02    0.18867232E-03    0.65623146E-03
 0.13871525E-03    0.42956311E-03    0.12198414E-03    0.11048220E-03    0.28176737E-04
-0.20759864E-04    0.17486528E-02   -0.86066055E-03    0.15966010E-02   -0.16198946E-03
 0.14444684E-04   -0.12470427E-03    0.12705392E-03    0.24936465E-03   -0.54731113E-03
-0.48999530E-03   -0.69427346E-03    0.18068636E-03   -0.13336456E-02   -0.34103938E-03
 0.54529296E-03   -0.38569549E-03    0.84287654E-04   -0.61222365E-02    0.69368576E-02
-0.35230512E-02    0.63368790E-02   -0.19207426E-02   -0.57850543E-02    0.79427081E-03
-0.59618905E-03   -0.46382671E-03   -0.20584042E-03    0.61672971E-04   -0.72915430E-04
-0.17990639E-03   -0.12797465E-03   -0.58860353E-03   -0.16152629E-02    0.26030363E-02
 0.45682846E-03   -0.12811195E-03   -0.38209918E-04    0.84357823E-03    0.38416600E-03
-0.14552354E-03    0.10237664E-03    0.23158892E-03   -0.29128743E-04    0.51640979E-03
-0.91146158E-03    0.21283024E-02   -0.22048649E-03    0.12459922E-03    0.23168601E-03
 0.60183625E-03   -0.11242864E-03    0.21909095E-03   -0.61742602E-03    0.56331138E-03
-0.31619894E-04   -0.88541868E-04    0.59017605E-03   -0.27151660E-03   -0.36525071E-04
 0.77633338E-04   -0.59964286E-04   -0.13471429E-02   -0.75847786E-03    0.15055447E-03
-0.19591784E-03   -0.46077009E-03    0.42729612E-04   -0.77027442E-03    0.11592811E-02
-0.34343089E-02    0.60138159E-03   -0.23561542E-03   -0.31476255E-03   -0.82867731E-03
 0.11963444E-03   -0.22860817E-03    0.13729668E-02   -0.76968580E-03    0.16730818E-03
 0.13388520E-03   -0.86504519E-03    0.49553344E-03    0.56364222E-04   -0.16313070E-03
 0.65517488E-02    0.85264020E-03   -0.31398836E-03    0.18987728E-03    0.19589441E-03
 0.61303324E-03    0.42596711E-04   -0.14074673E-04    0.19534767E-02   -0.11546278E-02
 0.10230842E-02    0.34128587E-03   -0.11282946E-03   -0.16039071E-03    0.95148966E-04
 0.33569383E-03   -0.92621516E-03   -0.89856699E-03   -0.13486251E-02    0.24362723E-03
-0.18506334E-02   -0.90318234E-03    0.63501017E-03   -0.19566534E-03    0.32104357E-04
-0.25391531E-02    0.42061468E-02   -0.17768104E-04   -0.47000476E-03   -0.10655242E-03
-0.54990709E-03   -0.36204683E-03   -0.96269562E-04   -0.31497542E-04    0.81960456E-05
-0.15881500E-02    0.68499780E-03   -0.75741062E-03    0.38461573E-03   -0.12409650E-04
 0.77342367E-04   -0.12846360E-03   -0.23765994E-03    0.49425511E-03    0.36827314E-03
 0.59567142E-03   -0.29767528E-03    0.10847074E-02    0.47050082E-03   -0.73146092E-03
 0.28143332E-03   -0.71216998E-04    0.56463964E-02   -0.67196523E-02    0.76722572E-02
 0.32807482E-03   -0.20538693E-02    0.52839000E-03    0.14642595E-02   -0.21128708E-03
 0.15898548E-03   -0.13393980E-03   -0.56047913E-04   -0.68794642E-04    0.38974508E-04
 0.46594544E-04    0.25870867E-04    0.15803043E-03    0.43249884E-03   -0.55899740E-03
-0.25830297E-03    0.20403709E-03    0.34818237E-04   -0.27978955E-03   -0.34999102E-04
 0.97637782E-04   -0.66711290E-04   -0.54795679E-04    0.67077506E-05   -0.13592825E-03
 0.28257608E-03   -0.67877041E-03    0.51146035E-04   -0.34074540E-04   -0.58470838E-04
-0.17149857E-03   -0.12623195E-04   -0.60436519E-04    0.14280735E-03   -0.10933417E-03
 0.46436025E-04   -0.20455186E-04   -0.23127971E-03    0.11531861E-03    0.34043578E-04
-0.21883147E-04   -0.39090141E-05    0.44814582E-03    0.12125761E-03   -0.74869420E-04
 0.12529074E-03    0.10045476E-03   -0.10095617E-04    0.20991536E-03   -0.40542393E-03
 0.11096603E-02   -0.96725234E-04    0.47676650E-04    0.62155135E-04    0.20816488E-03
 0.74049283E-04    0.39425519E-04   -0.28857862E-03    0.11510440E-03   -0.18429146E-03
-0.58746237E-04    0.28810687E-03   -0.16563933E-03   -0.83042894E-04    0.47669993E-04
-0.21617791E-02   -0.28899378E-03    0.90226008E-04   -0.15813171E-04   -0.43522759E-04
-0.23359089E-03    0.56483922E-05    0.48466574E-05   -0.63325688E-03    0.35886212E-03
-0.36837649E-03   -0.16003580E-03    0.34454750E-04    0.72004352E-04   -0.18269305E-04
-0.94947655E-04    0.31091342E-03    0.29065676E-03    0.46981762E-03   -0.59966448E-04
 0.59562970E-03    0.22959721E-03   -0.16019155E-03    0.71364101E-04   -0.11379909E-04
 0.74538563E-03   -0.12755261E-02    0.14144415E-03    0.16803069E-03    0.53803205E-04
 0.98652995E-04    0.95410458E-04    0.20567187E-04   -0.13176705E-04   -0.97814331E-05
 0.48149910E-03   -0.23421401E-03    0.34373655E-03    0.22875029E-04    0.13885346E-04
-0.45001042E-04   -0.18588869E-04    0.18038341E-04   -0.12442504E-03   -0.67791105E-04
-0.22950018E-03    0.84353170E-04   -0.35069003E-03   -0.78319359E-04    0.17865567E-03
-0.14143382E-03    0.26930746E-04   -0.14732710E-02    0.16912839E-02   -0.17112639E-02
 0.65954898E-03    0.81606945E-04    0.87854201E-03   -0.11653779E-03   -0.50469412E-03
 0.73166310E-04   -0.41256729E-04    0.11348256E-03    0.97237482E-04   -0.28322101E-03
-0.18094520E-04    0.31024903E-04    0.39205308E-04    0.78356627E-04   -0.19075995E-03
 0.21112491E-03    0.66113401E-04    0.32988069E-03   -0.13504965E-04    0.13816869E-03
 0.17751956E-04   -0.56485875E-04    0.74290656E-04    0.18198660E-04   -0.32520763E-05
 0.34207457E-04   -0.12109552E-03    0.30276552E-03   -0.27940528E-04    0.19606071E-04
 0.27029751E-04    0.46646642E-04   -0.36503657E-05   -0.12774980E-06   -0.61600718E-04
 0.76584525E-04   -0.16520881E-04    0.22228412E-04    0.94267230E-04   -0.29798854E-04
-0.17781916E-04    0.79985427E-05   -0.23092547E-04   -0.18938774E-03   -0.39016593E-04
 0.52878746E-04   -0.12649600E-03   -0.27362216E-04    0.84017855E-05   -0.13726992E-03
 0.13631442E-03   -0.44322793E-03    0.46323908E-05   -0.36988031E-04   -0.14902356E-04
-0.61495263E-04    0.19024736E-04    0.18729840E-04    0.90446364E-04   -0.57566367E-04
-0.52165658E-05    0.23535559E-04   -0.14986673E-03    0.62952888E-04    0.46312068E-04
-0.19586371E-04    0.91500892E-03    0.12643958E-03   -0.33031945E-04    0.22040686E-04
 0.32829783E-04    0.98659596E-04    0.67626267E-05   -0.19462236E-05    0.24122261E-03
-0.10085446E-03    0.16759533E-03    0.90078654E-04    0.11966817E-05   -0.42966579E-04
-0.14210749E-04    0.43362717E-04   -0.12834099E-03   -0.93250343E-04   -0.20216807E-03
 0.32811271E-04   -0.24082162E-03   -0.77190665E-04    0.67774933E-04   -0.32172516E-04
 0.10302586E-05   -0.85550469E-03   -0.93616062E-04   -0.13769189E-02   -0.39200829E-03
-0.11542441E-03   -0.27283306E-03   -0.13137538E-03    0.23580195E-03   -0.18801230E-04
 0.15119501E-04   -0.18038081E-03    0.26384354E-03   -0.64523155E-04   -0.16634356E-03
-0.83710766E-04   -0.47950931E-05    0.17463083E-03    0.59795973E-03   -0.73320121E-04
-0.28325763E-03    0.10944297E-03    0.15960190E-03    0.26364580E-03    0.79741772E-04
-0.79401859E-05    0.18031019E-03   -0.21915337E-04    0.53005127E-03   -0.56276160E-03
 0.49833313E-03   -0.20372933E-03    0.57309475E-03
