relative_path,bytes,sha256,source_or_copy_mtime_utc,category,model_id
build_receipt.json,180,79d9703a3938483c44501fedeab5d49a7e1a3ac4218c707be2ec2766f1f9c72a,2026-10-05T17:22:29.076393+00:00,register,
convergence_inventory.csv,14000,a6deba7ae67686dca595ab311013b070ce86e14c856941ae8beacc1ecc72f8e3,2026-10-05T17:22:28.974936+00:00,register,
convergence_inventory_final.csv,46406,ab265670d90681c42707452f13ff3955fc594de886139990f9437ddaf4aefd75,2026-10-05T17:46:53.610677+00:00,register,
copied_files.csv,16935,d61793af26bc4919d33e7bc00dac5faabaeb27783b7bbed9e386bc26a6976221,2026-10-05T17:22:28.978949+00:00,register,
environment.txt,5217,cfc438b572268633f837c12c8bdcfb56601b6d9e76098bdb141fb0815979f8ce,2026-10-05T17:37:55.675673+00:00,register,
existing_evidence/moderation_readback/cfps_b1_b2_boundary_report_v1.md,1563,a9709c1b346389834144382df121383f97dc9456795d14a6aeffff7439fd1d2a,2026-10-04T19:20:30.791885+00:00,existing_evidence,
existing_evidence/moderation_readback/cfps_moderation_conclusion_memo_v1.md,1488,89fb25242e2f7e8cf10a6ee54734fe8fed117dfdf6418686e9d0e2561ccbb2b4,2026-10-04T19:22:43.363581+00:00,existing_evidence,
existing_evidence/moderation_readback/cfps_moderation_decision_report_v1.md,3867,08b24ff721621542cfde1e1c87dca629ec5890ccbed038cc9469e6922dea64e6,2026-10-04T18:44:08.506789+00:00,existing_evidence,
existing_evidence/moderation_readback/cfps_moderation_file_readback_v1.csv,9372,7a5cf5dd654491b566a47d89ecbbc33c60dcbf1f1c7f74a4c15a84642850c5a4,2026-10-04T18:28:52.000870+00:00,existing_evidence,
existing_evidence/moderation_readback/cfps_moderation_optimization_plan_v1.md,3712,f2679469e07774515dde625d9388d64b74af90b790205030f9ad8ed9abf6a127,2026-10-04T19:28:46.349412+00:00,existing_evidence,
existing_evidence/moderation_readback/cfps_moderation_parameter_readback_v1.csv,47852,fbf87fa835dfecceaebd24e9fd0e1636d5b6640d03e590e7f31cf03d77afcc01,2026-10-04T18:28:51.959121+00:00,existing_evidence,
existing_evidence/moderation_readback/cfps_moderation_readback_v1.md,836,f5c4ec35d36ec4cf747dc7148bf15deabec78fd1adb49fc8ca6154328ee2eaeb,2026-10-04T18:29:02.060563+00:00,existing_evidence,
existing_evidence/moderation_readback/cfps_moderation_summary_v1.csv,565,ac6458bd39f0f3f87fb10c36e845e3d382273fed598156ee5393888703f68896,2026-10-04T18:28:52.073735+00:00,existing_evidence,
existing_evidence/moderation_readback/README.md,601,93fe73b7f43f046861459c07c9d4a92fdd16c49bf6d450a324b692d6030edc2f,2026-10-04T18:35:30.913878+00:00,existing_evidence,
existing_evidence/scientific_boundaries/cfps_scientific_boundary_audit_v1.json,9074,2e2b28900a35791ea955308e5b07a8816aeb9e8b986e69a215160990c048104c,2026-10-04T15:50:45.494163+00:00,existing_evidence,
existing_evidence/scientific_boundaries/cfps_scientific_boundary_audit_v1.md,2887,b0b73437bebd4cf5bc32c91420e519e975fe2278f8c663a2357d50b1adbf8cbc,2026-10-04T15:50:45.496177+00:00,existing_evidence,
existing_evidence/scientific_boundaries/cfps_scientific_boundary_audit_v2.md,967,e00ea8b81ace36ec5858e1e1549b9348f6297a6c181eb65e3c1607212a21d920,2026-10-04T20:24:49.824167+00:00,existing_evidence,
existing_evidence/table455456/report.json,3964,42e2a810c2e21d2984477a97c148816dcb443075882b6d80cf6c44026b6f1cbb,2026-10-05T14:31:28.753654+00:00,existing_evidence,
existing_evidence/table455456/REPORT.md,987,6cee9f69cc43bb16c67a1668e2214e3b4d6f4b9804160cd1834541f9b6773800,2026-10-05T14:31:28.756638+00:00,existing_evidence,
extension_receipt.json,136,f96f4102b86944ccf8f5fb69477b29aba171b9e293735cb65eec94e0f01e1499,2026-10-05T17:43:59.380594+00:00,register,
model_details.csv,115953,fbea0323bca97f0606a65e367b35cc5d4b7ca64a5ac4911f5fadd21dacdd6804,2026-10-05T17:43:59.080363+00:00,register,
model_index.csv,292500,3c02f5efa969776723f64a98a7cad8c5817afc0ed533ddb667e0fbf1a7f23230,2026-10-05T17:22:27.710483+00:00,register,
mplus/0172953ff377/pp_lgca_type14_r_step2_cat_i_mod_s_MI_TICs.inp,7558,56ee7e26e7f85595b4a7322d289468cad562c727fc493d686dc46bf5ae73ab0b,2026-09-27T15:04:52.359908+00:00,mplus,0172953ff377
mplus/0172953ff377/pp_lgca_type14_r_step2_cat_i_mod_s_MI_TICs.out,214456,0172953ff377f2bdd25771737e5853221ed694720e558d54397f8b6f60c5b87a,2026-09-27T19:32:08.955237+00:00,mplus,0172953ff377
mplus/03e6aa4cd6e2/pp_lgca_type14_4_urban12_r_step2_cat_s_mod_i_mi_tics.inp,11632,9fcd507a04936016cdbebd30637766bebe7ba6ff7a0fd79169830dea6d35009f,2026-01-19T17:38:37.312901+00:00,mplus,03e6aa4cd6e2
mplus/03e6aa4cd6e2/pp_lgca_type14_4_urban12_r_step2_cat_s_mod_i_mi_tics.out,228755,03e6aa4cd6e2ba6cef2b2f2298e1613afcfd19a4586839e9ad0a6c3b24ca61f2,2026-01-19T17:41:12.819976+00:00,mplus,03e6aa4cd6e2
mplus/04d8a9cddecc/pp_lgca_type14_4_edu12_r_step2_cat_i_mod_s_MI_TICs.inp,11616,600c1a1284a618be2c7530f4d6dd2e350ccd4212e3f23b96c8f0f2dcc7c4bfd2,2026-09-24T21:37:16.710240+00:00,mplus,04d8a9cddecc
mplus/04d8a9cddecc/pp_lgca_type14_4_edu12_r_step2_cat_i_mod_s_MI_TICs.out,228735,04d8a9cddeccdea49476d5faea6ec37006800f7e994890124cf806e035050787,2026-09-25T00:12:08.310891+00:00,mplus,04d8a9cddecc
mplus/0626de6ab390/pp_lgca_type12_edu12_r_step2_cat_i_mod_i_MI_TICs.inp,11758,0d7be5485feec2000341953c36782df347c4ad5f95051fd2d97436990950a37d,2026-09-08T20:42:57.387234+00:00,mplus,0626de6ab390
mplus/0626de6ab390/pp_lgca_type12_edu12_r_step2_cat_i_mod_i_MI_TICs.out,242020,0626de6ab3906519558b16d99d4307fe8c18dda6335ada55662afadcd8d14b03,2026-09-08T21:39:30.733652+00:00,mplus,0626de6ab390
mplus/0658ef4ac5ff/lgca_process3_shape_factor_baseline_std.inp,4297,deb0f35b67d5e117fb06f19019099b9e0e04e5b6f36a0583d83880c3cb31ac53,2025-12-26T14:28:53.246457+00:00,mplus,0658ef4ac5ff
mplus/0658ef4ac5ff/lgca_process3_shape_factor_baseline_std.out,22152,0658ef4ac5ffb6386b5a9d2b9bd819f90fd71b791a85edd4815236d65ca62128,2025-12-26T14:28:53.770142+00:00,mplus,0658ef4ac5ff
mplus/093fed377d57/diagnostics.json,1791,bbb2e3e979d0821b72c785fc0c07db53b7363574d29f8b98a78c2452a6ca2769,2026-10-05T17:22:28.447224+00:00,mplus,093fed377d57
mplus/093fed377d57/pp_lgca_type14_4_r_step2_cat_s_mod_i_mi_tics.inp,7573,a48c32a0ce7af4aadeff1592bde3082c05f47808bb25cc0fa43da6f45512b8f3,2025-12-31T18:00:08.580860+00:00,mplus,093fed377d57
mplus/093fed377d57/pp_lgca_type14_4_r_step2_cat_s_mod_i_mi_tics.out,204982,093fed377d57f57ab76feb0edce0ca2dce93e14a8e340e91d2ddb58a0ecd8238,2025-12-31T18:02:23.343212+00:00,mplus,093fed377d57
mplus/09c2b55024c0/pp_lgca_type12_pinc412_r_step2_cat_s_mod_s_mi_tics.inp,11644,9d0d1f3bcc9cf5e6e7df91b3e159007ab3498ee38efa20218dd33e42b4643600,2025-12-31T23:17:00.708410+00:00,mplus,09c2b55024c0
mplus/09c2b55024c0/pp_lgca_type12_pinc412_r_step2_cat_s_mod_s_mi_tics.out,240356,09c2b55024c03d32315209924382e8c8d1b8523062e937520c3b1ba241f1cbad,2025-12-31T23:20:34.531089+00:00,mplus,09c2b55024c0
mplus/0adeb6feae0a/diagnostics.json,132,12a306f172e13e1672f10e940db8de4d46da22d4edc16f5b6f13860bf40c2c8e,2026-10-05T17:22:28.860569+00:00,mplus,0adeb6feae0a
mplus/0adeb6feae0a/model.inp,3937,a7721cc29394fafe616a4df337752c6521fd405eff7f7d2b40c9df2ede46e823,2026-10-01T22:11:42.189131+00:00,mplus,0adeb6feae0a
mplus/0adeb6feae0a/model.out,24724,0adeb6feae0a0a4407ca01fc090e6f7f4f57f3b2ebc08b5ebc49e3dee72069f4,2026-10-02T07:08:44.135767+00:00,mplus,0adeb6feae0a
mplus/0c32f7bba721/model.inp,327,b54babf3451bc541e8295c40992d96ace0601cd9ab1dceda6a8dec4a9a5ea96c,2026-10-05T17:26:56.422865+00:00,mplus,0c32f7bba721
mplus/0c32f7bba721/model.out,8400,0c32f7bba7215e1098e6d411e5c4f50f006b5be941e9cb5a57f47947a38b77e5,2026-10-05T17:34:34.209266+00:00,mplus,0c32f7bba721
mplus/0c38ced3afa6/pp_lgca_type13_r_step2_i_mod_s_mi_tics.inp,8574,d1a1aacb5e3bc0c538fe77a9705c3a06d4d47741b8c834199f6b818ff3214a69,2025-11-19T12:13:40.239481+00:00,mplus,0c38ced3afa6
mplus/0c38ced3afa6/pp_lgca_type13_r_step2_i_mod_s_mi_tics.out,214562,0c38ced3afa650287b6937b748596aad372cb5dd22bc296382803bd48edc7442,2025-11-19T12:18:30.105856+00:00,mplus,0c38ced3afa6
mplus/0dddeb4a28b7/pp_lgca_type12_edu12_r_step2_cat_s_mod_s_mi_tics.inp,11632,9c4703e37257a1275236fe76cbf35df196ff10d160f413e1db9eb99180cb45a5,2025-12-31T22:58:44.269776+00:00,mplus,0dddeb4a28b7
mplus/0dddeb4a28b7/pp_lgca_type12_edu12_r_step2_cat_s_mod_s_mi_tics.out,240342,0dddeb4a28b71aedd470544f00c6cded8067ebeca71fe891ad35728e35173e7f,2025-12-31T23:02:00.232171+00:00,mplus,0dddeb4a28b7
mplus/0e39ac4911e2/model.inp,570,2a71c929f4d1e1a62dfdac841f56bfe1aa2478c27f017d9afd4f88a5101e01e5,2026-10-05T17:36:13.059088+00:00,mplus,0e39ac4911e2
mplus/0e39ac4911e2/model.out,365994,0e39ac4911e29c56a945166ea7cc319a8a795c6f60768cdd85ed2c933f08f3fc,2026-10-05T17:36:55.665242+00:00,mplus,0e39ac4911e2
mplus/0ef9f0b62677/lgca_process2_shape_factor_baseline_std.inp,4297,cbd4062b9609e6c4c608eea36ec5ffcfed5c196fbca18fe70a8cd622129e05d4,2025-12-26T14:28:49.863868+00:00,mplus,0ef9f0b62677
mplus/0ef9f0b62677/lgca_process2_shape_factor_baseline_std.out,21780,0ef9f0b626777cbce27bc0a723c1144688b7a2cba5ccc54c29bdf89c70768307,2025-12-26T14:28:50.413165+00:00,mplus,0ef9f0b62677
mplus/0fb503d0923f/pp_lgca_type12_edu12_r_step2_cat_i_mod_s_MI_TICs.inp,11642,1da2a0bce6c31df4fe21a678f4e28f98e0501056d441774bc4379ddac2a0a7bb,2026-09-08T20:43:11.068513+00:00,mplus,0fb503d0923f
mplus/0fb503d0923f/pp_lgca_type12_edu12_r_step2_cat_i_mod_s_MI_TICs.out,240358,0fb503d0923f3fa05084f13fcbd7ac1ea1ffdb0ba0e599ff5de7d8634f339380,2026-09-08T21:58:28.973723+00:00,mplus,0fb503d0923f
mplus/11ec1d07bf0f/pp_lgca_type14_4_edu12_r_step2_cat_i_mod_i_MI_TICs.inp,11732,53058418c06712854f4339280ae913a73957f6b793f8c94cbc3f539749eda1e1,2026-09-24T21:37:06.260989+00:00,mplus,11ec1d07bf0f
mplus/11ec1d07bf0f/pp_lgca_type14_4_edu12_r_step2_cat_i_mod_i_MI_TICs.out,230397,11ec1d07bf0fb1b90ee97a794bd3cf2a670eaa3ccd5e833753356e42960835e7,2026-09-24T23:56:26.583886+00:00,mplus,11ec1d07bf0f
mplus/13b6bd0515bd/pp_lgca_type14_4_pinc412_r_step2_cat_i_mod_s_mi_tics.inp,11630,5f29d4fdf59b7ea4f7769b887e4e543b5867e3f2ff32e2f2dfbdb63c380bc4eb,2026-01-19T17:53:12.095561+00:00,mplus,13b6bd0515bd
mplus/13b6bd0515bd/pp_lgca_type14_4_pinc412_r_step2_cat_i_mod_s_mi_tics.out,228753,13b6bd0515bd4b8aa90fcd2d129e68c3950e386acaa499c7a4e3554e544c00e0,2026-01-19T17:56:49.249623+00:00,mplus,13b6bd0515bd
mplus/155bb3c2461f/pp_lgca_type13_edu12_r_step2_cat_i_mod_s_mi_tics.inp,11636,f3dfdcbe7423f6bc68d157970b955b5235f1a23e2150b31c45c1540ab1b7de21,2026-01-19T13:13:27.020640+00:00,mplus,155bb3c2461f
mplus/155bb3c2461f/pp_lgca_type13_edu12_r_step2_cat_i_mod_s_mi_tics.out,238469,155bb3c2461fdb28351e0ff1909fdb618af11119af37dae5cdb9cfc4842f84e1,2026-01-19T13:18:32.576838+00:00,mplus,155bb3c2461f
mplus/15ac3f652dfc/diagnostics.json,1791,569068a51ae65c677ec54b73df02958c06470f20887662d070ba75dac3ac20ce,2026-10-05T17:22:27.922397+00:00,mplus,15ac3f652dfc
mplus/15ac3f652dfc/pp_lgca_type12_r_step2_cat_i_mod_i_mi_tics.inp,7637,b732a213289ebe98b19902eac9bcb14c2517214a2528f50c9928035050b5282c,2025-12-31T17:04:32.524084+00:00,mplus,15ac3f652dfc
mplus/15ac3f652dfc/pp_lgca_type12_r_step2_cat_i_mod_i_mi_tics.out,215147,15ac3f652dfc7332b62d4fc0131230397ffd727a50f9e18b32a7f9f15b9e4a0a,2025-12-31T17:06:32.309164+00:00,mplus,15ac3f652dfc
mplus/18da75e3ce1b/pp_lgca_type13_r_step2_cat_s_mod_i_MI_TICs.inp,7707,a3c177914f87a0023f9d0faacacc580d13f35e7dadf5658a7abee8ca688fc443,2026-09-27T14:43:09.653184+00:00,mplus,18da75e3ce1b
mplus/18da75e3ce1b/pp_lgca_type13_r_step2_cat_s_mod_i_MI_TICs.out,213233,18da75e3ce1b8156155e21e5303ccb7529c1276dea9676319aba75534a24dee9,2026-09-27T14:53:03.237229+00:00,mplus,18da75e3ce1b
mplus/192358576f8b/model.inp,2030,8e90cb4968704db72ed1aac09a5504618b566a1995db18d8f1b22fde1c62c815,2026-10-02T13:47:04.885191+00:00,mplus,192358576f8b
mplus/192358576f8b/model.out,211831,192358576f8b2a7a513bb7dfda170ca64e8c20a68ff17086d6bf335a447180e0,2026-10-02T16:13:28.252229+00:00,mplus,192358576f8b
mplus/1a8ecd397a7a/pp_lgca_type14_r_step2_cat_s_mod_i_MI_TICs.inp,7558,db3ef1deae4978a6d12d9ee03af06ae67d421d97bb7350c8a0960650e41c8146,2026-09-27T15:04:48.143682+00:00,mplus,1a8ecd397a7a
mplus/1a8ecd397a7a/pp_lgca_type14_r_step2_cat_s_mod_i_MI_TICs.out,214456,1a8ecd397a7a4edd57c13b21d058e254afa0b93498270edfa9fb3b2acdbafe3b,2026-09-27T17:24:44.785840+00:00,mplus,1a8ecd397a7a
mplus/1c39ca4ab9b3/diagnostics.json,1791,bbb2e3e979d0821b72c785fc0c07db53b7363574d29f8b98a78c2452a6ca2769,2026-10-05T17:22:28.614476+00:00,mplus,1c39ca4ab9b3
mplus/1c39ca4ab9b3/pp_lgca_type14_r_step2_cat_i_mod_s_mi_tics.inp,7593,0533a5003389db80dcd684fa9bb808ee27200721bcd60ac924104fbd69fb40eb,2025-12-31T16:49:17.876970+00:00,mplus,1c39ca4ab9b3
mplus/1c39ca4ab9b3/pp_lgca_type14_r_step2_cat_i_mod_s_mi_tics.out,214493,1c39ca4ab9b3ac1187cfb83164829d33e6ee20d0f481d77480d97a93eb335374,2025-12-31T16:51:46.093832+00:00,mplus,1c39ca4ab9b3
mplus/1d066dd71522/pp_lgca_type14_4_edu12_r_step2_cat_s_mod_s_mi_tics.inp,11606,caf6769bef2734b45e37dceb459a9bf0c3ca8b21f88f8242ac1fac84235ad6a2,2026-01-19T17:32:38.058198+00:00,mplus,1d066dd71522
mplus/1d066dd71522/pp_lgca_type14_4_edu12_r_step2_cat_s_mod_s_mi_tics.out,228719,1d066dd71522c2d04858fdf96fbd1ab9c9464abca368d11a5c6e75ff432d2488,2026-01-19T17:35:58.456461+00:00,mplus,1d066dd71522
mplus/1e27c0bfb7b5/lgca_process44_quadratic_baseline_std.inp,4310,7dafed7b3237c75ab2776bbd93a35474fa33a0657142c41943c5d5a65b2ed50d,2025-12-26T14:28:58.363102+00:00,mplus,1e27c0bfb7b5
mplus/1e27c0bfb7b5/lgca_process44_quadratic_baseline_std.out,25771,1e27c0bfb7b57fd9ae79adb96c73c25b6b2954cf3565f0a0464fd14c1523b5ea,2025-12-26T14:28:58.866037+00:00,mplus,1e27c0bfb7b5
mplus/1ebdc87b8e0b/pp_lgca_type14_4_urban12_r_step2_cat_i_mod_s_MI_TICs.inp,11628,72119a6ecba2a9438ae21b1d0245e048c44dc38cc078651b1bfe9da8ff91066e,2026-09-24T21:37:34.701537+00:00,mplus,1ebdc87b8e0b
mplus/1ebdc87b8e0b/pp_lgca_type14_4_urban12_r_step2_cat_i_mod_s_MI_TICs.out,228749,1ebdc87b8e0bf744d6196c4a58467de1614c4d255a79b519409b181980970402,2026-09-25T00:44:43.504645+00:00,mplus,1ebdc87b8e0b
mplus/214dde8e6402/c_pp_lgca_type4_nocontrolmean_r_mi_tics.inp,4137,3ac96d34757c39ba9e994976cbea418a8f540207cf340d6c5acdd6a46970bbf1,2025-11-15T08:22:12.312845+00:00,mplus,214dde8e6402
mplus/214dde8e6402/c_pp_lgca_type4_nocontrolmean_r_mi_tics.out,203576,214dde8e64025d646096b29ac0d00351fe5b69dc4dc1eb72e255a5c1ca87841d,2025-11-15T08:27:02.959729+00:00,mplus,214dde8e6402
mplus/214dde8e6402/diagnostics.json,1828,fb28a47c429288e3554a9c0612b19376fadb53caa1f2c8a114ebbaa94f162499,2026-10-05T17:22:27.821615+00:00,mplus,214dde8e6402
mplus/21b35cb4b0a6/pp_lgca_type12_r_step2_cat_s_mod_s_MI_TICs.inp,7587,672e959ff8df4e6d0e7dee8ad9b468918fb65405f25fcddff7d7ba3f66445bc6,2026-09-27T14:19:45.086538+00:00,mplus,21b35cb4b0a6
mplus/21b35cb4b0a6/pp_lgca_type12_r_step2_cat_s_mod_s_MI_TICs.out,214487,21b35cb4b0a6f3ac751ca058f7189344323d031c83fe8d8fdfb521bf3c993b1e,2026-09-27T14:40:04.321375+00:00,mplus,21b35cb4b0a6
mplus/21d156bc1c1f/pp_lgca_type12_r_step2_cat_i_mod_s_MI_TICs.inp,7587,720400a1a754547d62cfad7118b1fc5cad87e366cf52f378ec35aa360516dcd5,2026-09-27T14:19:41.324049+00:00,mplus,21d156bc1c1f
mplus/21d156bc1c1f/pp_lgca_type12_r_step2_cat_i_mod_s_MI_TICs.out,214487,21d156bc1c1fcf90c88003560188a94f29a43035c2de5bfc0ba7366c30854e61,2026-09-27T14:33:44.794727+00:00,mplus,21d156bc1c1f
mplus/2329e5a9c529/diagnostics.json,132,12a306f172e13e1672f10e940db8de4d46da22d4edc16f5b6f13860bf40c2c8e,2026-10-05T17:22:28.798667+00:00,mplus,2329e5a9c529
mplus/2329e5a9c529/model.inp,3957,9b9fdb99b3b81d2ea7bfa6c85b51279674879cc2307bf7b2bcddff14a0ff37a7,2026-10-01T22:11:42.304093+00:00,mplus,2329e5a9c529
mplus/2329e5a9c529/model.out,24762,2329e5a9c5294e5b6f93a641cc09f9574f1f0a5a42f539e02fb416c7cfcae63f,2026-10-02T07:07:35.696625+00:00,mplus,2329e5a9c529
mplus/234455437b52/diagnostics.json,1791,e6f31d00249705a1fcd9c115233bc9ead92ec02d66b4f20e48ba3822265b7e57,2026-10-05T17:22:28.228021+00:00,mplus,234455437b52
mplus/234455437b52/pp_lgca_type13_r_step2_cat_s_mod_i_mi_tics.inp,7742,627fd5b51a1032df1c0115e81a9b9ed96a4ec4fd778d2e0e47b547e6cf56345c,2025-12-31T17:43:04.119317+00:00,mplus,234455437b52
mplus/234455437b52/pp_lgca_type13_r_step2_cat_s_mod_i_mi_tics.out,213601,234455437b52f3d4dfc57e63c4d1c92c0afe2d35bd3428f3e3d8fa33c5b42e34,2025-12-31T17:44:36.706955+00:00,mplus,234455437b52
mplus/23b59efef89d/lgca_process5_linear.inp,4271,b0ab5d18302e846686daf29fbd917653af2beb1958202e8b8ca341bf6604eaa3,2025-11-15T07:36:16.765584+00:00,mplus,23b59efef89d
mplus/23b59efef89d/lgca_process5_linear.out,21739,23b59efef89df803dc7cb4ce39f5eca096fa216a045e2a761ab6999d174239c6,2025-11-15T07:36:17.282829+00:00,mplus,23b59efef89d
mplus/2481186a7174/diagnostics.json,1791,d368411d42b6e56e9b227d71a9b2636d3244112eac394414d7a6c53c561d1ce5,2026-10-05T17:22:28.337780+00:00,mplus,2481186a7174
mplus/2481186a7174/pp_lgca_type14_4_r_step2_cat_i_mod_i_mi_tics.inp,7587,e23f6a95ad596dafc7d77f001c92758bb68a92d62c45745aeb6dce3f88c7bebe,2025-12-31T17:57:40.333003+00:00,mplus,2481186a7174
mplus/2481186a7174/pp_lgca_type14_4_r_step2_cat_i_mod_i_mi_tics.out,205604,2481186a717449b80e177280d63262fd8a853f7ae293b64e943c9ac78e5f6784,2025-12-31T18:00:07.944417+00:00,mplus,2481186a7174
mplus/2700d91a2f99/pp_lgca_type14_4_r_step2_i_mod_i_mi_tics.inp,8542,70666e11e5e48671efe69dddce0f8fd52dc735f371bc93d36cc2795990cab6af,2025-11-20T16:52:50.752912+00:00,mplus,2700d91a2f99
mplus/2700d91a2f99/pp_lgca_type14_4_r_step2_i_mod_i_mi_tics.out,208101,2700d91a2f99758a91447dcab21acbd9224c6ff0ec84ab1bb0a493a0ab8860ef,2025-11-20T16:57:28.256349+00:00,mplus,2700d91a2f99
mplus/27ed5d65568b/lgca_process44_quadratic.inp,4290,0c8cd79e49a7853512279774d3ac4681995851087c927a645eeb96d417c6fef7,2025-11-15T07:35:59.621919+00:00,mplus,27ed5d65568b
mplus/27ed5d65568b/lgca_process44_quadratic.out,25750,27ed5d65568b6178c4ba7c95c32837fe86df383624e88f4816d5a2e0038f0393,2025-11-15T07:36:00.300112+00:00,mplus,27ed5d65568b
mplus/29366624c78c/pp_lgca_type13_pinc412_r_step2_cat_i_mod_s_MI_TICs.inp,11646,83068a3ac77a894db63c4a9b77d0f4a10c76087085dcbefde63c5bd2364fe7d8,2026-09-24T11:58:36.578975+00:00,mplus,29366624c78c
mplus/29366624c78c/pp_lgca_type13_pinc412_r_step2_cat_i_mod_s_MI_TICs.out,238479,29366624c78c77cae68818f8260f9609edf641c05a37ee755eeca73b2562c08e,2026-09-24T19:46:08.201074+00:00,mplus,29366624c78c
mplus/29c4f3224e79/model.inp,340,e0d8be934892d94a5991c8497adc0cb257677d568a7f4f5f5e842e3fb424f6bc,2026-10-05T17:26:56.457076+00:00,mplus,29c4f3224e79
mplus/29c4f3224e79/model.out,20020,29c4f3224e79a547ed9c47ce56460c04a9673dcecdb6935df8f0acb08b3b070e,2026-10-05T17:34:45.596498+00:00,mplus,29c4f3224e79
mplus/2b0a2d798848/pp_lgca_type14_urban12_r_step2_cat_i_mod_s_MI_TICs.inp,11646,9646ec502e6ffcaa9c4f3c94c4100fe3830091eb77a02d36fe3130aedfe3134c,2026-09-24T19:54:31.871446+00:00,mplus,2b0a2d798848
mplus/2b0a2d798848/pp_lgca_type14_urban12_r_step2_cat_i_mod_s_MI_TICs.out,240364,2b0a2d7988487deef91ab18f853cd01fe9f6cf82821da19f498dc14362299472,2026-09-24T21:21:40.020308+00:00,mplus,2b0a2d798848
mplus/2d8d789dd560/pp_lgca_type14_r_step2_s_mod_i_mi_tics.inp,8554,8fe3aed2a59eca5cb47a9649a849cf7878d0cb36f64c2a3563d5eab6538fdaca,2025-11-19T12:28:23.834900+00:00,mplus,2d8d789dd560
mplus/2d8d789dd560/pp_lgca_type14_r_step2_s_mod_i_mi_tics.out,216480,2d8d789dd5604e47b7438db7147955958acbfc97e6fc663d449d178091f692f0,2025-11-19T12:33:05.894866+00:00,mplus,2d8d789dd560
mplus/30a466726996/pp_lgca_type14_4_r_step2_s_mod_i_mi_tics.inp,8528,884adbbf2027aa01713e9fa1b68b670fc7f7cfade864678b903b95d0c139a525,2025-11-20T16:57:28.936500+00:00,mplus,30a466726996
mplus/30a466726996/pp_lgca_type14_4_r_step2_s_mod_i_mi_tics.out,206995,30a4667269966d85ee04e7d086cfc3d10725638dc7574b0bd1c9f8b1b9d26485,2025-11-20T17:01:54.475126+00:00,mplus,30a466726996
mplus/3104557a4336/pp_lgca_type14_pinc412_r_step2_cat_s_mod_s_mi_tics.inp,11636,a45a05ef3113acb402d5c6c450aa3b8d9dc4cfd69820768916c61b47a2737101,2026-01-19T16:24:05.848124+00:00,mplus,3104557a4336
mplus/3104557a4336/pp_lgca_type14_pinc412_r_step2_cat_s_mod_s_mi_tics.out,240348,3104557a43365db997a297e49233d3c38d910d42ccbd142bed3fd4cd2b979dd9,2026-01-19T16:28:22.795031+00:00,mplus,3104557a4336
mplus/329c8ab534fe/pp_lgca_type14_edu12_r_step2_cat_i_mod_i_MI_TICs.inp,11750,5db44f9010559ba39e9678fbe91480b5ebb1b5d612bf94924fd39977d6af535e,2026-09-24T19:54:17.533820+00:00,mplus,329c8ab534fe
mplus/329c8ab534fe/pp_lgca_type14_edu12_r_step2_cat_i_mod_i_MI_TICs.out,242012,329c8ab534fe6545629c104183eeb6522f783e685ca0ef1a4b7377d347d35ff7,2026-09-24T21:00:40.692504+00:00,mplus,329c8ab534fe
mplus/32a935cb2103/pp_lgca_type14_4_pinc412_r_step2_cat_s_mod_s_MI_TICs.inp,11616,ebf691df4c9a4efb3b09a70f8c0fbe322e862a02d400b002717a51cc8388bb22,2026-09-24T21:38:00.233549+00:00,mplus,32a935cb2103
mplus/32a935cb2103/pp_lgca_type14_4_pinc412_r_step2_cat_s_mod_s_MI_TICs.out,228729,32a935cb21031a0c8dc6e64cc1891a0da7098fef1320a287110d0b7335e3d501,2026-09-25T01:24:44.890477+00:00,mplus,32a935cb2103
mplus/33ace52db206/diagnostics.json,1791,bbb2e3e979d0821b72c785fc0c07db53b7363574d29f8b98a78c2452a6ca2769,2026-10-05T17:22:28.725064+00:00,mplus,33ace52db206
mplus/33ace52db206/pp_lgca_type14_r_step2_cat_s_mod_s_mi_tics.inp,7593,494107455ad61109809a38dd197510ebcab13d94874db6158249408417308326,2025-12-31T17:52:43.964913+00:00,mplus,33ace52db206
mplus/33ace52db206/pp_lgca_type14_r_step2_cat_s_mod_s_mi_tics.out,214493,33ace52db2069c1994bdcd30487090de694aef0e173e66ddf142511dbec80523,2025-12-31T17:57:15.293358+00:00,mplus,33ace52db206
mplus/36f9f154f7e9/lgca_process5_quadratic.inp,4289,1a6be2d8668ca789897979cda6326dcd0783d55d32eb5023872ef2500d292aea,2025-11-15T07:36:17.565551+00:00,mplus,36f9f154f7e9
mplus/36f9f154f7e9/lgca_process5_quadratic.out,25135,36f9f154f7e9a641d6e35e0afd951a450ccfcf13da3072219ece7623854c4522,2025-11-15T07:36:18.116844+00:00,mplus,36f9f154f7e9
mplus/3702f80f5f79/diagnostics.json,132,12a306f172e13e1672f10e940db8de4d46da22d4edc16f5b6f13860bf40c2c8e,2026-10-05T17:22:28.779598+00:00,mplus,3702f80f5f79
mplus/3702f80f5f79/model.inp,4037,095c42c77826c412185e99bac1d3dec5392048557f3ef13b005b981a08ad8d5a,2026-10-01T22:11:42.080628+00:00,mplus,3702f80f5f79
mplus/3702f80f5f79/model.out,24858,3702f80f5f79f62c9888bdb32e640ac6c40ffed557763c1791d9dfb2039f6391,2026-10-02T07:06:55.831191+00:00,mplus,3702f80f5f79
mplus/383c4739bacf/pp_lgca_type14_edu12_r_step2_cat_s_mod_s_MI_TICs.inp,11622,504c4747bb455079d2e79889411bcaddbbb9fd23cefb3963aad8ee87433eec59,2026-09-24T19:54:24.698400+00:00,mplus,383c4739bacf
mplus/383c4739bacf/pp_lgca_type14_edu12_r_step2_cat_s_mod_s_MI_TICs.out,240330,383c4739bacf32b0a5cc7607a14b066e93fbf4df015ac7f3ba4ebd173c830ec4,2026-09-24T21:10:34.334234+00:00,mplus,383c4739bacf
mplus/39b065eb844e/pp_lgca_type14_r_step2_i_mod_s_MI_TICs.inp,8511,a8b5e029d1bddd7654b8ad8c17c50219e88531c7f24ab7328d6cb45142a57a98,2026-09-27T09:13:24.984390+00:00,mplus,39b065eb844e
mplus/39b065eb844e/pp_lgca_type14_r_step2_i_mod_s_MI_TICs.out,216435,39b065eb844e43d415ec27ce28aae31ded7622723501448849fff458bbc33db5,2026-09-27T10:51:41.198502+00:00,mplus,39b065eb844e
mplus/3a34837b92dd/diagnostics.json,1791,bbb2e3e979d0821b72c785fc0c07db53b7363574d29f8b98a78c2452a6ca2769,2026-10-05T17:22:28.500506+00:00,mplus,3a34837b92dd
mplus/3a34837b92dd/pp_lgca_type14_4_r_step2_cat_s_mod_s_mi_tics.inp,7573,ef06a78868b709b121b1f5250604dc6d6b8d4899a0bf4ae578648ca914291407,2025-12-31T18:02:46.139017+00:00,mplus,3a34837b92dd
mplus/3a34837b92dd/pp_lgca_type14_4_r_step2_cat_s_mod_s_mi_tics.out,204982,3a34837b92dd4bdbc1634fd0ac7831b5a868cc8963111ba7a788b7be34937994,2025-12-31T18:06:35.042744+00:00,mplus,3a34837b92dd
mplus/3b937bd316b6/pp_lgca_type12_pinc412_r_step2_cat_i_mod_s_MI_TICs.inp,11654,068fcc13254eaee7c8e692889c5bd9a36617b724bf147044122b575bb229226e,2026-09-16T22:36:04.108635+00:00,mplus,3b937bd316b6
mplus/3b937bd316b6/pp_lgca_type12_pinc412_r_step2_cat_i_mod_s_MI_TICs.out,240372,3b937bd316b6fa95eb9fd2cc8c0528935ddc0520c939645e8dd1baa20916faf0,2026-09-24T10:36:49.809809+00:00,mplus,3b937bd316b6
mplus/3d757c04be2c/lgca_process3_quadratic.inp,4289,f1e63bce9f6ecbdfc0d081eab1289fcb2e77eae08ba0af1efdd0e83241732608,2025-11-15T07:35:52.599734+00:00,mplus,3d757c04be2c
mplus/3d757c04be2c/lgca_process3_quadratic.out,24883,3d757c04be2cede93e37da8520f316f70859d6388703a8506c9c771d7f1bd09e,2025-11-15T07:35:53.139257+00:00,mplus,3d757c04be2c
mplus/3db3f569dd24/diagnostics.json,1791,21dd3032e038dc0ff0f0fede0b5b96e9123c55a4a081065a51d319428e86f4d4,2026-10-05T17:22:28.062883+00:00,mplus,3db3f569dd24
mplus/3db3f569dd24/pp_lgca_type12_r_step2_cat_s_mod_i_mi_tics.inp,7622,2b29d0b6da4e13e05631a9404d0f3e03699f9a4df2bf59983a6073c69d1b7c31,2025-12-31T17:06:35.979868+00:00,mplus,3db3f569dd24
mplus/3db3f569dd24/pp_lgca_type12_r_step2_cat_s_mod_i_mi_tics.out,214524,3db3f569dd247ea5950f2d65ee184278c674f3ad3a07ce99cc12bca9eb3d3634,2025-12-31T17:08:57.665198+00:00,mplus,3db3f569dd24
mplus/3e35678850ae/lgca_process3_piecewise.inp,4579,f037f8fd6b2027f5b0bedd00d5499874aa61506f6231e87ed3142a2d24a7aab4,2025-11-15T07:35:53.451980+00:00,mplus,3e35678850ae
mplus/3e35678850ae/lgca_process3_piecewise.out,25204,3e35678850aed8613507cd09da5a956843e997627f0e718653b3b18d2e1a5af5,2025-11-15T07:35:54.053641+00:00,mplus,3e35678850ae
mplus/3ea63f16ceca/pp_lgca_type14_edu12_r_step2_cat_i_mod_s_mi_tics.inp,11636,193d0e2bd37ded20885c7e7dc4f64895b983899a1285947bb7321a6dea9df493,2026-01-19T15:26:38.875641+00:00,mplus,3ea63f16ceca
mplus/3ea63f16ceca/pp_lgca_type14_edu12_r_step2_cat_i_mod_s_mi_tics.out,240354,3ea63f16ceca139c2929db2cdee5f955ec36d02f532c81cf687e6e80662757cf,2026-01-19T15:34:00.977582+00:00,mplus,3ea63f16ceca
mplus/3eb2f69230c1/pp_lgca_type14_edu12_r_step2_cat_s_mod_s_mi_tics.inp,11624,56cdf14274978c412e57495417741b27873245e01c6f63b6cd3ef1945fbdeb07,2026-01-19T15:34:01.988617+00:00,mplus,3eb2f69230c1
mplus/3eb2f69230c1/pp_lgca_type14_edu12_r_step2_cat_s_mod_s_mi_tics.out,240334,3eb2f69230c1a2eb4ce727ee6b91185787a844c4bead57b2e5b025c91ee850c7,2026-01-19T15:40:34.645355+00:00,mplus,3eb2f69230c1
mplus/405d0111646a/pp_lgca_type14_4_edu12_r_step2_cat_s_mod_i_mi_tics.inp,11620,719121ce232b9e80debf933006230871f5f21be619ed4f85e862458b941c3040,2026-01-19T17:26:06.069085+00:00,mplus,405d0111646a
mplus/405d0111646a/pp_lgca_type14_4_edu12_r_step2_cat_s_mod_i_mi_tics.out,228741,405d0111646a5cca6fec152259c713f559fa3d7a68586e0648553938fc4f483a,2026-01-19T17:28:57.784655+00:00,mplus,405d0111646a
mplus/42055216eaec/pp_lgca_type14_urban12_r_step2_cat_s_mod_i_mi_tics.inp,11650,b4201d10a10de09c27c2145d0e18a51d547680a9e4c9ab79779aab5e668aef1b,2026-01-19T15:46:15.573379+00:00,mplus,42055216eaec
mplus/42055216eaec/pp_lgca_type14_urban12_r_step2_cat_s_mod_i_mi_tics.out,240370,42055216eaecc085aea529c8cce193c7d4170efe2a4cdc7a4eeaa99db5a7731d,2026-01-19T15:51:13.006701+00:00,mplus,42055216eaec
mplus/43884a840541/lgca_process4_shape_factor_baseline_std.inp,4297,931e566c5f166e6303895c634fccd10a2a0ec8a5b737acbfee619767d357e809,2025-12-26T14:28:56.447025+00:00,mplus,43884a840541
mplus/43884a840541/lgca_process4_shape_factor_baseline_std.out,22445,43884a840541bba33ae1a941e03e820f705372478852c7267d2b59367438e6a8,2025-12-26T14:28:57.141670+00:00,mplus,43884a840541
mplus/467840b2d1ea/model.inp,660,ea3b78147f492e2239acc0e2ca32105c595683e4699bf2ffd0fec100b5284bc8,2026-10-05T17:26:56.523004+00:00,mplus,467840b2d1ea
mplus/467840b2d1ea/model.out,1385,467840b2d1eae1f16dfa7ab1fe2838583283b70676adc0cd25e3dd6c3743f8e5,2026-10-05T17:35:08.367676+00:00,mplus,467840b2d1ea
mplus/46beca01bd20/pp_lgca_type14_edu12_r_step2_cat_s_mod_i_mi_tics.inp,11638,48b85089ebbf95a46e26eee5544fd50cb3601b49f7f30ac4420fa37b0b32c85c,2026-01-19T15:02:14.549993+00:00,mplus,46beca01bd20
mplus/46beca01bd20/pp_lgca_type14_edu12_r_step2_cat_s_mod_i_mi_tics.out,240356,46beca01bd209fe66f3e22b04520bfb21160c21fc4fde7123eff9789ba870580,2026-01-19T15:26:37.797767+00:00,mplus,46beca01bd20
mplus/46ebce7ecd50/pp_lgca_type14_edu12_r_step2_cat_i_mod_i_mi_tics.inp,11752,981cf662e9271f59c5fc96821723284b097f12005dee10fbb5028297de96ebb4,2026-01-19T14:55:49.582502+00:00,mplus,46ebce7ecd50
mplus/46ebce7ecd50/pp_lgca_type14_edu12_r_step2_cat_i_mod_i_mi_tics.out,242016,46ebce7ecd508d3308c88dc64ec2aa6eba435fa9b7204e1aa765afac9eab2a98,2026-01-19T15:02:13.231882+00:00,mplus,46ebce7ecd50
mplus/47eb8615a137/c_pp_lgca_type3_controlbaselinemean_mi_tics.inp,4178,813906bcc4c5572af977e5fb07f29d32ec803402d9dd4c28d8f6caea4697a843,2025-11-07T14:36:58.012717+00:00,mplus,47eb8615a137
mplus/47eb8615a137/c_pp_lgca_type3_controlbaselinemean_mi_tics.out,210733,47eb8615a1376a2202e0768c503a8fc04606bae78a27741cddc56975229d0381,2025-11-07T14:39:32.908097+00:00,mplus,47eb8615a137
mplus/48333321488f/pp_lgca_type13_edu12_r_step2_cat_s_mod_s_MI_TICs.inp,11624,0e300bc6f879f0f9dd428ed286f0f47974a24a6f98f193151214e5982fdc0c26,2026-09-24T11:57:40.998832+00:00,mplus,48333321488f
mplus/48333321488f/pp_lgca_type13_edu12_r_step2_cat_s_mod_s_MI_TICs.out,238447,48333321488fc92fa8d311577ff0559731dfff15b1e397aac536f5572b8608d1,2026-09-24T19:20:24.641019+00:00,mplus,48333321488f
mplus/49241a7a2122/lgca_process2_shape_factor.inp,4277,a878f022f7bec009a0ea1c1a18f01799fb51746a53884fcc1588a22635b16526,2025-11-15T07:35:50.784538+00:00,mplus,49241a7a2122
mplus/49241a7a2122/lgca_process2_shape_factor.out,21759,49241a7a21221d0b5f6aaf31663a6d3a42ca2b2b7c7817f36ff2150075574287,2025-11-15T07:35:51.341992+00:00,mplus,49241a7a2122
mplus/4a4309aa59f1/diagnostics.json,1791,21dd3032e038dc0ff0f0fede0b5b96e9123c55a4a081065a51d319428e86f4d4,2026-10-05T17:22:28.281093+00:00,mplus,4a4309aa59f1
mplus/4a4309aa59f1/pp_lgca_type13_r_step2_cat_s_mod_s_mi_tics.inp,7620,208238fe3eeac362f1d49dc1d707cee30608c2b54310d7567988f7d95d5ae6ba,2025-12-31T17:32:09.865264+00:00,mplus,4a4309aa59f1
mplus/4a4309aa59f1/pp_lgca_type13_r_step2_cat_s_mod_s_mi_tics.out,212678,4a4309aa59f119dd5d2d5310661d72d01fc15edea1024cc8313f8e86255a9929,2025-12-31T17:34:03.592308+00:00,mplus,4a4309aa59f1
mplus/4cf214b67ff1/pp_lgca_type14_r_step2_i_mod_i_mi_tics.inp,8596,2f18fd54582a27f3ccbe0e1f123afb659a08f0d4f69dccb141f185fd44ac158e,2025-11-19T12:24:15.193236+00:00,mplus,4cf214b67ff1
mplus/4cf214b67ff1/pp_lgca_type14_r_step2_i_mod_i_mi_tics.out,217520,4cf214b67ff100127ec7ec2a4fb5558af593719966c2d78388b66041525231ee,2025-11-19T12:28:22.642020+00:00,mplus,4cf214b67ff1
mplus/4eb142fd45f9/lgca_process2_linear_2.inp,3919,e41a2500840117fbcfe6cddd02f117dfe5a1ced13037e0cd6b89ed17346cf68a,2025-11-14T17:03:17.712208+00:00,mplus,4eb142fd45f9
mplus/4eb142fd45f9/lgca_process2_linear_2.out,21386,4eb142fd45f9cef818d1425cc13f2f27f6dc1896052dfb8211fa2fbb462823ae,2025-11-14T17:03:18.074755+00:00,mplus,4eb142fd45f9
mplus/4f1d00792883/c_pp_lgca_type4_4_nocontrolmean_r_MI_tics.inp,4185,3cdabc10426ddf68504e080a24fa6d4883bb4605a0f75067c79bdb3106843472,2026-09-08T20:51:20.875957+00:00,mplus,4f1d00792883
mplus/4f1d00792883/c_pp_lgca_type4_4_nocontrolmean_r_MI_tics.out,201114,4f1d0079288361371d6b0cca780f1d05564d5d6229adfa73c56da48bf6fe424c,2026-09-08T20:51:20.879819+00:00,mplus,4f1d00792883
mplus/4f1d00792883/diagnostics.json,1828,fb28a47c429288e3554a9c0612b19376fadb53caa1f2c8a114ebbaa94f162499,2026-10-05T17:22:28.972046+00:00,mplus,4f1d00792883
mplus/53406330da9d/model.inp,2029,4079eba7ee9941b436cb6c07b2fa2eeb0ac4c4030f1ecb15eaa4aa1dfd3aaa31,2026-10-02T13:47:59.794330+00:00,mplus,53406330da9d
mplus/53406330da9d/model.out,211828,53406330da9da7ab4e287e33a09075c67bcddbbd4fa1fa6a3313bf77933e48eb,2026-10-02T17:03:57.241448+00:00,mplus,53406330da9d
mplus/53e0f9239684/lgca_process4_quadratic_baseline_std.inp,4309,d5a40ee5024af1d041ce480b88fd1895ed3bde20ef4d44f0f35636fe6bb5e4b4,2025-12-26T14:28:54.929558+00:00,mplus,53e0f9239684
mplus/53e0f9239684/lgca_process4_quadratic_baseline_std.out,25197,53e0f9239684843e027b7f50c6e7b81cced6cea211480e9311b2cd58555c9e13,2025-12-26T14:28:55.431324+00:00,mplus,53e0f9239684
mplus/54f0f9ee6dcd/lgca_process3_quadratic_baseline_std.inp,4309,b4aba2367e37162868132a7178fc58a58f849e9524c2ace12d25f373d071a7ff,2025-12-26T14:28:51.699505+00:00,mplus,54f0f9ee6dcd
mplus/54f0f9ee6dcd/lgca_process3_quadratic_baseline_std.out,24904,54f0f9ee6dcde5c452d8d901dbf39fca085c55200fa93bb19adb20344e644737,2025-12-26T14:28:52.220446+00:00,mplus,54f0f9ee6dcd
mplus/560172c262ee/pp_lgca_type12_pinc412_r_step2_cat_s_mod_i_MI_TICs.inp,11656,159ff8117159f058b21733f2483186b6001f5a7230f651eadcd4a39b6fc875fe,2026-09-16T22:36:00.171783+00:00,mplus,560172c262ee
mplus/560172c262ee/pp_lgca_type12_pinc412_r_step2_cat_s_mod_i_MI_TICs.out,240374,560172c262eea80f6cb1185e9d8af10ff0974dda9ef460d16507aa7d0cfba19c,2026-09-24T10:32:21.150544+00:00,mplus,560172c262ee
mplus/560314df4b89/lgca_process2_quadratic_baseline_std.inp,4309,1b1677a9212f5e1da99f2358c0b9f6362074caef72e2d63aa44cf0519d781128,2025-12-26T14:28:47.815321+00:00,mplus,560314df4b89
mplus/560314df4b89/lgca_process2_quadratic_baseline_std.out,24532,560314df4b892118289ec41b8200f6321436c57df73bf42cdc85a7f7e9559e1c,2025-12-26T14:28:48.733030+00:00,mplus,560314df4b89
mplus/572a4ae4fcf6/c_pp_lgca_type4_3_controlbaselinemean_mi_tics.inp,4184,f9ab65bc82434a3db48ef807f736fff28db3d0785ed6f1a8b6335995a738df90,2026-01-29T17:21:07.885383+00:00,mplus,572a4ae4fcf6
mplus/572a4ae4fcf6/c_pp_lgca_type4_3_controlbaselinemean_mi_tics.out,214054,572a4ae4fcf6e2a1d4de54bbf93924e5f8f305a45df5cd45db56eb66840a459a,2026-01-29T17:22:13.955282+00:00,mplus,572a4ae4fcf6
mplus/579554c12012/lgca_process2_piecewise_2.inp,4227,9e255deee1934d539c4a01cf701b48237015586b9a460a45178963fe8b8f0acf,2025-11-14T17:03:18.980953+00:00,mplus,579554c12012
mplus/579554c12012/lgca_process2_piecewise_2.out,24471,579554c12012acb90ba02a9cbc431c3b99087f6b207d64b4d0c4a3f0ed2db8e5,2025-11-14T17:03:19.425924+00:00,mplus,579554c12012
mplus/5839dcb8a6ac/pp_lgca_type13_r_step2_cat_i_mod_s_MI_TICs.inp,7585,e50c68910359d290273a6602d0b5c85bc8f77317620acc752c7a9752dd09689e,2026-09-27T14:43:13.159602+00:00,mplus,5839dcb8a6ac
mplus/5839dcb8a6ac/pp_lgca_type13_r_step2_cat_i_mod_s_MI_TICs.out,212641,5839dcb8a6ac692382b90335465ea860adba6ef4f87f92ed86c303edf3292c3a,2026-09-27T14:57:35.294844+00:00,mplus,5839dcb8a6ac
mplus/58846b85e4f3/lgca_process4_piecewise.inp,4579,cba59d7b9f89fc2ddfa247b50eea6a450e317bdc4f3cd60b19254969a647a379,2025-11-15T07:35:57.001401+00:00,mplus,58846b85e4f3
mplus/58846b85e4f3/lgca_process4_piecewise.out,25497,58846b85e4f3868244c80da59e5e0021abf706375d18141fa63cdc902bebfdbd,2025-11-15T07:35:57.566470+00:00,mplus,58846b85e4f3
mplus/58e0ad75335a/c_pp_lgca_type4_controlbaselinemean_mi_tics.inp,4180,0f78b334ad2195c56f47d454e7cfe5d42494d6fd2c7a55773a6f03a122c15312,2025-11-07T17:00:01.001124+00:00,mplus,58e0ad75335a
mplus/58e0ad75335a/c_pp_lgca_type4_controlbaselinemean_mi_tics.out,214158,58e0ad75335aaa1e79aa4f120355c2288824f03a167e484d08db49903f4625f4,2025-11-07T17:01:36.211430+00:00,mplus,58e0ad75335a
mplus/594da96a897a/pp_lgca_type12_r_step2_cat_i_mod_i_MI_TICs.inp,7602,ff6805e1f7260c9ce37512cf6a08e7360d274a53480298c91db1b32dddd65b66,2026-09-27T14:19:33.361755+00:00,mplus,594da96a897a
mplus/594da96a897a/pp_lgca_type12_r_step2_cat_i_mod_i_MI_TICs.out,215110,594da96a897a24da2d043dd3dd81bd834efba077879107da042dad29d25f5890,2026-09-27T14:23:50.823329+00:00,mplus,594da96a897a
mplus/5a19735de3c7/model.inp,637,e3d1fef19f909a2bbc59fdbf697e265e16aa070478ade12106390515415747a4,2026-10-05T17:26:56.863894+00:00,mplus,5a19735de3c7
mplus/5a19735de3c7/model.out,1094,5a19735de3c7ecf3206637950e4fe791dbb418ab83f93cd7d8cfc20f11372fa5,2026-10-05T17:35:42.861971+00:00,mplus,5a19735de3c7
mplus/5ab4160c011e/pp_lgca_type14_4_edu12_r_step2_cat_s_mod_s_MI_TICs.inp,11604,24492e069e0e1f566230d3ec4b76ef975860d65baaa4ab83f8846f6ff45d4425,2026-09-24T21:37:22.859860+00:00,mplus,5ab4160c011e
mplus/5ab4160c011e/pp_lgca_type14_4_edu12_r_step2_cat_s_mod_s_MI_TICs.out,228715,5ab4160c011e4ce131d2a2dbfb7ed7b64c43e1f21686f48b07018821cb0eec96,2026-09-25T00:20:49.714400+00:00,mplus,5ab4160c011e
mplus/5abe360e929f/model.inp,636,2fbf8c9da5f0ad20388f883f579bb4f52fe5b2b92a2eea0e3fd18acca8abfa9c,2026-10-05T17:26:56.595166+00:00,mplus,5abe360e929f
mplus/5abe360e929f/model.out,1093,5abe360e929f14330287b18581f9a1db50970fc2d8018755af13fbe5edf8dbfe,2026-10-05T17:35:19.083282+00:00,mplus,5abe360e929f
mplus/5d838e4f08af/pp_lgca_type14_4_pinc412_r_step2_cat_s_mod_i_mi_tics.inp,11632,4fcaa5e7dd0ef2033a2f2fc998083bd0516eed3704fe96e7a11f9a8cbb915736,2026-01-19T17:50:40.481095+00:00,mplus,5d838e4f08af
mplus/5d838e4f08af/pp_lgca_type14_4_pinc412_r_step2_cat_s_mod_i_mi_tics.out,228755,5d838e4f08af9a922ac2ae17b25cd5160c4c847dbef10b199d19cca7caa37957,2026-01-19T17:53:11.377276+00:00,mplus,5d838e4f08af
mplus/5df87561abfb/pp_lgca_type14_4_edu12_r_step2_cat_i_mod_s_mi_tics.inp,11618,3e3e29ae5f60729d0c11bf1803851e04806e349be6741795746692b0f161d1d3,2026-01-19T17:28:58.501085+00:00,mplus,5df87561abfb
mplus/5df87561abfb/pp_lgca_type14_4_edu12_r_step2_cat_i_mod_s_mi_tics.out,228739,5df87561abfb55c33500ffed8a32cb9a1f9d1e0c23649ccacd14cb374304c2e3,2026-01-19T17:32:37.384930+00:00,mplus,5df87561abfb
mplus/5e2b5039d9bc/lgca_process5_shape_factor - 副本.inp,3599,37aa93ac6d9a4c08e3143ad3cd8bad2755e175a36be3b2a3dd2a3238f98e5f5e,2025-10-28T14:37:09.380279+00:00,mplus,5e2b5039d9bc
mplus/5e2b5039d9bc/lgca_process5_shape_factor - 副本.out,20983,5e2b5039d9bc1b5ff2a0e9c01d3286850d6ecf2d51ae0559f153feafddb55e86,2025-10-28T14:37:11.395413+00:00,mplus,5e2b5039d9bc
mplus/62ae03d3882b/pp_lgca_type14_4_r_step2_i_mod_s_MI_TICs.inp,8494,e35ccf755f041d8406ef8c614cfa6169f6a32eafd342c9b7cc0f6c0daa32f306,2026-09-27T10:58:04.555851+00:00,mplus,62ae03d3882b
mplus/62ae03d3882b/pp_lgca_type14_4_r_step2_i_mod_s_MI_TICs.out,206956,62ae03d3882b0630ee5e5c859e1e47b2a949553a1bc389b7f87484318174a7ec,2026-09-27T11:09:23.084526+00:00,mplus,62ae03d3882b
mplus/65537b9c2c71/pp_lgca_type14_r_step2_s_mod_s_mi_tics.inp,8554,335259e4c4168c0ae623be797403443bdf48ff48857b7f284d524ea638fac24e,2025-11-19T12:38:05.922052+00:00,mplus,65537b9c2c71
mplus/65537b9c2c71/pp_lgca_type14_r_step2_s_mod_s_mi_tics.out,216480,65537b9c2c7184285c83fad2d0a77bd1fdc90be51979082a4ffa6655dd1fe092,2025-11-19T12:42:29.733100+00:00,mplus,65537b9c2c71
mplus/655dd8397b92/lgca_process44_linear_baseline_std.inp,4292,1d97691088630074e533c42dedc34009ed6e8422c65fa6a17718a2166699d239,2025-12-26T14:28:57.465754+00:00,mplus,655dd8397b92
mplus/655dd8397b92/lgca_process44_linear_baseline_std.out,22437,655dd8397b922d899b2b5f6e8fa8e4c9edb42f40cc9c59cc498b87d73ebb72be,2025-12-26T14:28:58.097559+00:00,mplus,655dd8397b92
mplus/6648430d58ec/pp_lgca_type12_urban12_r_step2_cat_s_mod_s_MI_TICs.inp,11642,5de345caabd01df1280acaf8f68a5f789f5fe4948e9a71e02950387d9e51188f,2026-09-16T22:35:53.187415+00:00,mplus,6648430d58ec
mplus/6648430d58ec/pp_lgca_type12_urban12_r_step2_cat_s_mod_s_MI_TICs.out,240352,6648430d58ec4dc1b312e7d4283a326050ef5642575cd26f52a5e37b4810432f,2026-09-24T10:25:07.019380+00:00,mplus,6648430d58ec
mplus/66580178504f/lgca_process3_shape_factor.inp,4277,1b396436844a090f81568302ac96072b4b3a86be4f997b709b2d7cab569cd491,2025-11-15T07:35:54.356927+00:00,mplus,66580178504f
mplus/66580178504f/lgca_process3_shape_factor.out,22131,66580178504fe2f888c69e7cec38a1409ac3fe70ba2ae57640984f1ed97ac0fb,2025-11-15T07:35:54.928747+00:00,mplus,66580178504f
mplus/66ca77966952/pp_lgca_type13_urban12_r_step2_cat_s_mod_s_MI_TICs.inp,11636,642eba013bb04f852f1718059b03405fa37d39de108130fa74943569da6d8e19,2026-09-24T11:57:52.595148+00:00,mplus,66ca77966952
mplus/66ca77966952/pp_lgca_type13_urban12_r_step2_cat_s_mod_s_MI_TICs.out,238461,66ca779669526bd1db1a79aa62002b4e2b0a5a8410641c112aea1bfafac12324,2026-09-24T19:32:22.780725+00:00,mplus,66ca77966952
mplus/68b096b27aeb/pp_lgca_type14_pinc412_r_step2_cat_i_mod_i_MI_TICs.inp,11764,f751fa359c949dbb710eeb55d467ce8087871259d9363abd3b5ce40eeeb27b35,2026-09-24T19:54:36.849784+00:00,mplus,68b096b27aeb
mplus/68b096b27aeb/pp_lgca_type14_pinc412_r_step2_cat_i_mod_i_MI_TICs.out,242028,68b096b27aebf368d965d0c23ce1fcc33c1061dfda3404d89b7d12bbfbdf0aac,2026-09-24T21:24:15.609068+00:00,mplus,68b096b27aeb
mplus/6967cdec84d0/pp_lgca_type14_r_step2_i_mod_s_mi_tics.inp,8554,e6916561c8f7ab308d30d01838d505ad0937a64b815173baf35073acf55cace0,2025-11-19T12:33:06.804621+00:00,mplus,6967cdec84d0
mplus/6967cdec84d0/pp_lgca_type14_r_step2_i_mod_s_mi_tics.out,216480,6967cdec84d031942bd1c3773535f999c19f189a587120fbc51b0063c0b421de,2025-11-19T12:38:04.977191+00:00,mplus,6967cdec84d0
mplus/6a55a206a846/pp_lgca_type14_urban12_r_step2_cat_i_mod_i_mi_tics.inp,11766,2e40d00594ba2a9869d8732a626365404aa83891083949d4b9d569eefe362b5c,2026-01-19T15:40:36.599791+00:00,mplus,6a55a206a846
mplus/6a55a206a846/pp_lgca_type14_urban12_r_step2_cat_i_mod_i_mi_tics.out,242032,6a55a206a846ab4f5548fb2ba65b251aac48f00b8f81093643cfdb9761934160,2026-01-19T15:46:14.424530+00:00,mplus,6a55a206a846
mplus/6af6b8c0713a/pp_lgca_type14_pinc412_r_step2_cat_s_mod_i_MI_TICs.inp,11648,0b8d024e341a48aafa0f1dd501e32b269bf52f78787b4181d7829ee896a8fb26,2026-09-24T19:54:39.349327+00:00,mplus,6af6b8c0713a
mplus/6af6b8c0713a/pp_lgca_type14_pinc412_r_step2_cat_s_mod_i_MI_TICs.out,240366,6af6b8c0713a6d17575f7d6ed263c75e6d38fb3f2b24c1ad725f84b737ea1ca3,2026-09-24T21:29:12.019030+00:00,mplus,6af6b8c0713a
mplus/6b335efb3c12/diagnostics.json,132,12a306f172e13e1672f10e940db8de4d46da22d4edc16f5b6f13860bf40c2c8e,2026-10-05T17:22:28.794523+00:00,mplus,6b335efb3c12
mplus/6b335efb3c12/model.inp,3954,b54cb2f8c216299d2e7a75492d52dcd808ca9b8e3f6b129799569ba093c97a9e,2026-10-01T22:11:41.870314+00:00,mplus,6b335efb3c12
mplus/6b335efb3c12/model.out,21446,6b335efb3c12d65c7b20ebb70c6a7726b9cb059cf35a2322c17edc5eff69daf0,2026-10-02T07:07:15.665246+00:00,mplus,6b335efb3c12
mplus/6ba8817c443b/pp_lgca_type14_4_urban12_r_step2_cat_i_mod_i_mi_tics.inp,11748,23c2b38697c34ab4d6d50ba7b5413ee7fe21b5647c3b2f6aad807bd395dc91f4,2026-01-19T17:35:59.067411+00:00,mplus,6ba8817c443b
mplus/6ba8817c443b/pp_lgca_type14_4_urban12_r_step2_cat_i_mod_i_mi_tics.out,230417,6ba8817c443b30469247c97590d7f578a43927c987c6f082cc5595a97e8c0276,2026-01-19T17:38:36.681877+00:00,mplus,6ba8817c443b
mplus/6c48fcd87444/pp_lgca_type14_4_urban12_r_step2_cat_i_mod_s_mi_tics.inp,11630,39827806055330d4a6b6165d8985662dc80fa015e0d8672237c6efe915185de9,2026-01-19T17:41:13.408685+00:00,mplus,6c48fcd87444
mplus/6c48fcd87444/pp_lgca_type14_4_urban12_r_step2_cat_i_mod_s_mi_tics.out,228753,6c48fcd8744443935305876cdd2d5e62efba27177822cb37f618216bd59aa9cd,2026-01-19T17:44:35.832953+00:00,mplus,6c48fcd87444
mplus/6c69d96cc6c3/pp_lgca_type14_urban12_r_step2_cat_i_mod_i_MI_TICs.inp,11764,9192f0eb1e03755cc07c119ec679b785acbf2f10c2195a3529d05f30885d51a3,2026-09-24T19:54:27.106539+00:00,mplus,6c69d96cc6c3
mplus/6c69d96cc6c3/pp_lgca_type14_urban12_r_step2_cat_i_mod_i_MI_TICs.out,242028,6c69d96cc6c3972a9b69a959d4caeec1549b65cb911963da1226b42669171c5b,2026-09-24T21:12:58.954660+00:00,mplus,6c69d96cc6c3
mplus/6dabda3a41b8/lgca_process2_shape_factor_2.inp,3925,03017af75d9b8db3682b5158a2a0d6cd0d9fdee1e7d1d32240ef815fed0a0b95,2025-11-14T17:03:19.704869+00:00,mplus,6dabda3a41b8
mplus/6dabda3a41b8/lgca_process2_shape_factor_2.out,21815,6dabda3a41b8f9bf97298dc336ddbfe98fe6ab62a3facba8279ea2f2c8bcf2b0,2025-11-14T17:03:20.136787+00:00,mplus,6dabda3a41b8
mplus/6e10a3f5dca4/lgca_process2_piecewise.inp,4579,7bb7ac4d248242b44abe4d15b4c593982e500141f2479952d05cf9574b6217e0,2025-11-15T07:35:49.813843+00:00,mplus,6e10a3f5dca4
mplus/6e10a3f5dca4/lgca_process2_piecewise.out,24832,6e10a3f5dca41e1eb693cf55618616c7d5cb7f9853f0a54f1aa630d091c33285,2025-11-15T07:35:50.462009+00:00,mplus,6e10a3f5dca4
mplus/6e568e11486a/diagnostics.json,1791,bbb2e3e979d0821b72c785fc0c07db53b7363574d29f8b98a78c2452a6ca2769,2026-10-05T17:22:28.665693+00:00,mplus,6e568e11486a
mplus/6e568e11486a/pp_lgca_type14_r_step2_cat_s_mod_i_mi_tics.inp,7593,168ddd445363f5109faf8875f42d7f28b88ba00c6364408844af75d12e828fd4,2025-12-31T17:49:04.027543+00:00,mplus,6e568e11486a
mplus/6e568e11486a/pp_lgca_type14_r_step2_cat_s_mod_i_mi_tics.out,214493,6e568e11486aa4cf92cc7c6030afbc449fb9f19bc5ecb67bc7ada3c8cb206e17,2025-12-31T17:52:42.934824+00:00,mplus,6e568e11486a
mplus/711b0f6465d2/diagnostics.json,356,f7766b1599b7457b28287fa06f158cdbc5ce8e0145db1b9cc3a2da13e2ddd6c6,2026-10-05T17:22:27.863582+00:00,mplus,711b0f6465d2
mplus/711b0f6465d2/lgca_process4r_linear.inp,4282,75dcb391a822c736a4f89bed2b790f30accf6969b9a587221b243cae839a4c01,2025-11-15T07:36:09.804672+00:00,mplus,711b0f6465d2
mplus/711b0f6465d2/lgca_process4r_linear.out,22423,711b0f6465d220386a0916fc28329a46f6b182e468640a2a94ee304a99174239,2025-11-15T07:36:10.482797+00:00,mplus,711b0f6465d2
mplus/7159c1d3a509/pp_lgca_type12_r_step2_s_mod_s_mi_tics.inp,8593,5c4cb3c21ab4ca73f65d25a88ad702eade87ae04e7b9941b78777397d7d138fd,2025-11-21T12:38:43.106254+00:00,mplus,7159c1d3a509
mplus/7159c1d3a509/pp_lgca_type12_r_step2_s_mod_s_mi_tics.out,324040,7159c1d3a509441a643436e584161d5ddb747f93e93f3fb118e2b433863c6089,2025-11-21T12:40:36.157668+00:00,mplus,7159c1d3a509
mplus/71941f5c0259/model.inp,2011,57a1ad5bc8ef1d87a46bcb95704b27eb27ccd58d656233d8c31da334055e171c,2026-10-02T13:47:59.732595+00:00,mplus,71941f5c0259
mplus/71941f5c0259/model.out,198760,71941f5c0259479d7f337d4e49e6c365ccbebcbe2c9db811b3903ccc1439f131,2026-10-02T16:57:21.768703+00:00,mplus,71941f5c0259
mplus/71af7f4cc145/pp_lgca_type14_4_r_step2_cat_s_mod_i_MI_TICs.inp,7532,82fa5d7299681ba729f0791780f64b55b3c31e1862c11cd87340086012b792f9,2026-09-27T19:42:23.063938+00:00,mplus,71af7f4cc145
mplus/71af7f4cc145/pp_lgca_type14_4_r_step2_cat_s_mod_i_MI_TICs.out,204937,71af7f4cc145ddc8429b5846507a7c493ef9c777b41c4bbb5c45e0776874cd7a,2026-09-27T19:51:58.477188+00:00,mplus,71af7f4cc145
mplus/72256307f2a6/pp_lgca_type13_r_step2_i_mod_s_MI_TICs.inp,8574,cc64bf0893bba532fb560fde6dac12116d1f2e23eca8f55fd53c90c416437a09,2026-09-26T23:30:29.943164+00:00,mplus,72256307f2a6
mplus/72256307f2a6/pp_lgca_type13_r_step2_i_mod_s_MI_TICs.out,214560,72256307f2a696268c42047e8680189de3d7109ca190666b9772f1e16c9b40d8,2026-09-27T00:28:33.948602+00:00,mplus,72256307f2a6
mplus/732feacb6a88/pp_lgca_type13_urban12_r_step2_cat_i_mod_s_mi_tics.inp,11648,2da3ab444db3d7b740fa63bf67e7948d10c3e13d7621c8b00b4094d2f4a74508,2026-01-19T13:35:00.689473+00:00,mplus,732feacb6a88
mplus/732feacb6a88/pp_lgca_type13_urban12_r_step2_cat_i_mod_s_mi_tics.out,238483,732feacb6a88d281c19f563d57a3e089b2863bc497cc2cb8dd4c2c0e9b6a0114,2026-01-19T13:42:16.682028+00:00,mplus,732feacb6a88
mplus/73393c46674f/c_pp_lgca_type4_4_nocontrolmean_r_mi_tics.inp,4187,3df53049c20592ba4aaa0a13a11dfc450a0ce92dfd38735a9bbfbaa19b033f15,2025-12-27T14:41:14.988681+00:00,mplus,73393c46674f
mplus/73393c46674f/c_pp_lgca_type4_4_nocontrolmean_r_mi_tics.out,201118,73393c46674fbf24421e2db045c00ac3907ac7f3402e364a144e5d4dc08301ae,2025-12-27T14:44:17.574518+00:00,mplus,73393c46674f
mplus/73393c46674f/diagnostics.json,1828,54f2e52f6d5ade2f4dbe7e0ea03c5eceb013c09b9db683b0bb2cac04bb4bd046,2026-10-05T17:22:27.769748+00:00,mplus,73393c46674f
mplus/73fa023edc1c/lgca_process2_linear_baseline_std.inp,4291,1b2a4cc4b93efc1303a5f3c9d922bdc35cda822f069d7f1cec2420f7485f5fa8,2025-12-26T14:28:46.586621+00:00,mplus,73fa023edc1c
mplus/73fa023edc1c/lgca_process2_linear_baseline_std.out,21768,73fa023edc1c5c61593d91c8f7de6919fbdb1004171d7c24302575b59882cb3b,2025-12-26T14:28:47.350361+00:00,mplus,73fa023edc1c
mplus/742cb53e3876/pp_lgca_type14_r_step2_s_mod_s_MI_TICs.inp,8511,1a86fcd2c3636339ff44f8ce8087b849541f7e946b7ac2a653cc4553d0f4d869,2026-09-27T09:13:34.988434+00:00,mplus,742cb53e3876
mplus/742cb53e3876/pp_lgca_type14_r_step2_s_mod_s_MI_TICs.out,216435,742cb53e3876aad62bddf5e78e4d1e40b342875d644e3a40b65f7d851b9658a4,2026-09-27T10:56:06.382308+00:00,mplus,742cb53e3876
mplus/74aa47e85121/pp_lgca_type13_edu12_r_step2_cat_s_mod_s_mi_tics.inp,11626,b85f6bb130c31b2ae8dbaa4eab06707e38dd3ef63bc40988e1a00fdb6e4a2cf3,2026-01-19T13:18:33.723271+00:00,mplus,74aa47e85121
mplus/74aa47e85121/pp_lgca_type13_edu12_r_step2_cat_s_mod_s_mi_tics.out,238451,74aa47e851215f2337a21186927ac2f6b44e829500a573e4ba6d2753dea278ad,2026-01-19T13:25:27.067888+00:00,mplus,74aa47e85121
mplus/75a6d3e24435/c_pp_lgca_type4_2_controlbaselinemean_mi_tics.inp,4184,41097302300c0a0eba275015bbec99f176ea72e4b6868b486afaf183120432ad,2026-01-29T17:22:33.524759+00:00,mplus,75a6d3e24435
mplus/75a6d3e24435/c_pp_lgca_type4_2_controlbaselinemean_mi_tics.out,214164,75a6d3e24435c403249a7bb449765fe6c17f057e9b1cdccbe979335913cb0590,2026-01-29T17:23:51.803820+00:00,mplus,75a6d3e24435
mplus/79742046207d/diagnostics.json,1791,21dd3032e038dc0ff0f0fede0b5b96e9123c55a4a081065a51d319428e86f4d4,2026-10-05T17:22:28.172049+00:00,mplus,79742046207d
mplus/79742046207d/pp_lgca_type13_r_step2_cat_i_mod_s_mi_tics.inp,7620,b4fa36db35f048074f8a5d10e646a1331f731a6856438066098cafdfb4de51e5,2025-12-31T16:38:44.164284+00:00,mplus,79742046207d
mplus/79742046207d/pp_lgca_type13_r_step2_cat_i_mod_s_mi_tics.out,212678,79742046207d45b29ef126407f21436eec1855e18ce92a4fe626917186566cf4,2025-12-31T16:42:04.414657+00:00,mplus,79742046207d
mplus/79a9f3675a59/lgca_process4_linear_baseline_std.inp,4291,0fbce12b919ef391fa8f65949cc9a4798ac004d154264b08c8a66b0f86335db0,2025-12-26T14:28:54.036466+00:00,mplus,79a9f3675a59
mplus/79a9f3675a59/lgca_process4_linear_baseline_std.out,22433,79a9f3675a59b47e8d5e1ba07e3d1909db8bad658229bcbc7fb06bb60d1b442c,2025-12-26T14:28:54.698654+00:00,mplus,79a9f3675a59
mplus/7a7b4d7bde83/diagnostics.json,1791,dfc9526662f8f865e1dd6e1ea3bd48a06bef9dee08fdc2f580feed88fa2e2b6a,2026-10-05T17:22:28.549372+00:00,mplus,7a7b4d7bde83
mplus/7a7b4d7bde83/pp_lgca_type14_r_step2_cat_i_mod_i_mi_tics.inp,7636,f2695289ac4bd10cef7b0d99aaea0cb631a33bdb4f8e245586641cc498f097d0,2025-12-31T17:46:05.364341+00:00,mplus,7a7b4d7bde83
mplus/7a7b4d7bde83/pp_lgca_type14_r_step2_cat_i_mod_i_mi_tics.out,215146,7a7b4d7bde83b38a6767c7f212375518043a7ae20561c5178ae1d8326ff80b2a,2025-12-31T17:49:03.010620+00:00,mplus,7a7b4d7bde83
mplus/7b20c27e21f7/model.inp,2030,bebc506e8c2ce7228463eeea6f38890a3989294380993ba4accc1093356f60b6,2026-10-02T13:47:25.277328+00:00,mplus,7b20c27e21f7
mplus/7b20c27e21f7/model.out,3346,7b20c27e21f7389a813166d5938d5fa657abdbdecd84ae3e089e8c9434ff6b30,2026-10-02T16:17:49.250378+00:00,mplus,7b20c27e21f7
mplus/7b4879e586d5/c_pp_lgca_type1_mi_tics.inp,4151,596fa73daecd8d863712767e76bf9b4b2c03d69b0aec90067479ad119b80455a,2025-11-15T08:54:14.987988+00:00,mplus,7b4879e586d5
mplus/7b4879e586d5/c_pp_lgca_type1_mi_tics.out,218236,7b4879e586d5e5ecf91298c30f5e6e8fa15c5c58c2a721d2c64c81bf3b7ad1b1,2025-11-15T08:55:35.102966+00:00,mplus,7b4879e586d5
mplus/7c115f939eb2/lgca_process2_linear.inp,4271,f17fa89005afa2e598c19329d3adf60fa9c24ec04ce59c9e85db9d096dbd9433,2025-11-15T07:35:47.671994+00:00,mplus,7c115f939eb2
mplus/7c115f939eb2/lgca_process2_linear.out,21747,7c115f939eb2df5bbceaf7d3963a408d572a387d710fb26858ac213898d5b44b,2025-11-15T07:35:48.468138+00:00,mplus,7c115f939eb2
mplus/7c85c82b5eb2/lgca_process1_linear_baseline_std.inp,4291,223eb4883f59e52d136e1b485ce29e59e0612617ed6e4dd09ffb67b1d3200c99,2025-12-26T14:28:42.935913+00:00,mplus,7c85c82b5eb2
mplus/7c85c82b5eb2/lgca_process1_linear_baseline_std.out,21768,7c85c82b5eb277eff928d2038a6774f448bed915bf47706a878d760a0f0460de,2025-12-26T14:28:43.470972+00:00,mplus,7c85c82b5eb2
mplus/7ccc5599e9f4/pp_lgca_type14_4_urban12_r_step2_cat_s_mod_s_MI_TICs.inp,11616,ca91adf297b6622ca5e72a48b7f7fcc49e0086776ed152b64483f6211d105159,2026-09-24T21:37:37.017436+00:00,mplus,7ccc5599e9f4
mplus/7ccc5599e9f4/pp_lgca_type14_4_urban12_r_step2_cat_s_mod_s_MI_TICs.out,228729,7ccc5599e9f49e4e362b8b39e7758d2e235f2e2f73c0e3b1b1fbd111d3c0868b,2026-09-25T00:53:18.459370+00:00,mplus,7ccc5599e9f4
mplus/7e05134e80e2/pp_lgca_type14_r_step2_s_mod_i_MI_TICs.inp,8511,6533505ecf91777671753ab6965baa0a72d166a967069b64ed4080b57ccb7bf9,2026-09-27T09:13:15.546161+00:00,mplus,7e05134e80e2
mplus/7e05134e80e2/pp_lgca_type14_r_step2_s_mod_i_MI_TICs.out,216435,7e05134e80e2965c512cdfff28254688891a3b28ac808bd40e23f23d3fa97efa,2026-09-27T09:54:23.260928+00:00,mplus,7e05134e80e2
mplus/7e83552209c7/model.inp,571,7b20fc68f61afaf8b683851afa3d3f08c2a523d869894c4b5f83f999852cd4d2,2026-10-05T17:36:13.121241+00:00,mplus,7e83552209c7
mplus/7e83552209c7/model.out,365426,7e83552209c7d56238cf3ecfebeb03c4b87abf929b92f1d48cd063751782b46e,2026-10-05T17:37:49.094756+00:00,mplus,7e83552209c7
mplus/7e865650d2bc/model.inp,2030,c49aa3823da457c022e7a8cdc308e3b02f348e8a2d336a58c507c4035cbc0fbf,2026-10-02T13:47:44.003986+00:00,mplus,7e865650d2bc
mplus/7e865650d2bc/model.out,209338,7e865650d2bc86b9b706db085b6444919dae34358762bfe755cfc3d54d0beea6,2026-10-02T16:53:11.821586+00:00,mplus,7e865650d2bc
mplus/7ffc1263b65c/diagnostics.json,1791,21dd3032e038dc0ff0f0fede0b5b96e9123c55a4a081065a51d319428e86f4d4,2026-10-05T17:22:28.115621+00:00,mplus,7ffc1263b65c
mplus/7ffc1263b65c/pp_lgca_type12_r_step2_cat_s_mod_s_mi_tics.inp,7622,74bc2a36977655bf4f5a4d12b12e1e996c8c1a5522a608d771df4d40bfe543c9,2025-12-31T17:08:58.271594+00:00,mplus,7ffc1263b65c
mplus/7ffc1263b65c/pp_lgca_type12_r_step2_cat_s_mod_s_mi_tics.out,214524,7ffc1263b65c7e140262f7f0fbfe929388dc0645a893f7f289677a8964d8d84c,2025-12-31T17:11:35.122183+00:00,mplus,7ffc1263b65c
mplus/82a267344035/lgca_process44_linear.inp,4272,85d459344830bad130998747d472620e3c43e14f46aaee958577633adbe56b79,2025-11-15T07:35:58.745151+00:00,mplus,82a267344035
mplus/82a267344035/lgca_process44_linear.out,22416,82a26734403539fb5b8a67b22456c0dcd74076f7f6b203e5eb98dff9c2827131,2025-11-15T07:35:59.316598+00:00,mplus,82a267344035
mplus/82c2a00bb9fc/pp_lgca_type13_r_step2_i_mod_i_mi_tics.inp,8710,e953c280f378b9eff4c8a13801997d063661cd6b37d22d8eab35b3407af20c48,2025-11-19T12:04:57.275292+00:00,mplus,82c2a00bb9fc
mplus/82c2a00bb9fc/pp_lgca_type13_r_step2_i_mod_i_mi_tics.out,216260,82c2a00bb9fc55cd08238a33babf532a96f32ef7ae44ecdc92605be6cbec1a8f,2025-11-19T12:10:21.282582+00:00,mplus,82c2a00bb9fc
mplus/842e7a3c6a3c/pp_lgca_type13_pinc412_r_step2_cat_i_mod_i_MI_TICs.inp,11886,4cddd7c4ff4e04c110bb90ad07f8a9f47cddc03c0fb7a654b35a89567178ac3c,2026-09-24T11:57:55.698171+00:00,mplus,842e7a3c6a3c
mplus/842e7a3c6a3c/pp_lgca_type13_pinc412_r_step2_cat_i_mod_i_MI_TICs.out,240735,842e7a3c6a3cdfa2c28c533af19362c9bbba1bf9e473f32f607b93eb3ea98d4e,2026-09-24T19:34:42.041572+00:00,mplus,842e7a3c6a3c
mplus/856563c033ec/lgca_process1_linear.inp,4271,4a837bf18684324cfe3e491a52fbc8153d1d0cb1f3fe4831bd9557d11f0e7027,2025-11-15T07:35:42.224931+00:00,mplus,856563c033ec
mplus/856563c033ec/lgca_process1_linear.out,21748,856563c033ecfd8578ca89880463cd260b1c8172cd1c92fd8ddd98b8f63e96f3,2025-11-15T07:35:43.127071+00:00,mplus,856563c033ec
mplus/858a54abfdfc/lgca_process5_linear_baseline_std.inp,4291,ea5f900036f293e1c90a9073ffee5665893d82147b6773bc669c58991c332616,2025-12-26T14:29:15.762171+00:00,mplus,858a54abfdfc
mplus/858a54abfdfc/lgca_process5_linear_baseline_std.out,21777,858a54abfdfc86166636ca9dbe26f5b930865c1bfb62831cd3055e422dec83a2,2025-12-26T14:29:16.429737+00:00,mplus,858a54abfdfc
mplus/86a31c69b549/lgca_process4_piecewise_baseline_std.inp,4609,6797a7a9a0d6bf632d626707bc21e2892b1990fb52db9f0f3974500e1882b31e,2025-12-26T14:28:55.696632+00:00,mplus,86a31c69b549
mplus/86a31c69b549/lgca_process4_piecewise_baseline_std.out,25528,86a31c69b5495e2a3263547584aec78585f251ba82215331798d392c2178b71a,2025-12-26T14:28:56.218449+00:00,mplus,86a31c69b549
mplus/870ad85c8938/model.inp,2014,283da2fc26c1644330c7ed8273e9187f5d5d713e6b32008f9d94183ff110044f,2026-10-02T13:45:59.835979+00:00,mplus,870ad85c8938
mplus/870ad85c8938/model.out,207067,870ad85c893866248c001a726ca7296a7eccb84e3694e7b036eabaabc880c88d,2026-10-02T14:50:33.552865+00:00,mplus,870ad85c8938
mplus/89e19ed38ee0/pp_lgca_type13_pinc412_r_step2_cat_i_mod_s_mi_tics.inp,11648,dc2a1033655a26ee144eb680bb8088113c6afd903262af92a18bf66a8a6a5686,2026-01-19T14:10:22.463628+00:00,mplus,89e19ed38ee0
mplus/89e19ed38ee0/pp_lgca_type13_pinc412_r_step2_cat_i_mod_s_mi_tics.out,238483,89e19ed38ee0184d698d3504b7d7a72b5feacffa7b3a4146b5cccc8103259fc2,2026-01-19T14:15:03.440387+00:00,mplus,89e19ed38ee0
mplus/89ec41a3a4d9/model.inp,661,97461855328ba18594b92c320da6d39cab3f8096a6daa298758464641d2fe0d6,2026-10-05T17:26:56.780338+00:00,mplus,89ec41a3a4d9
mplus/89ec41a3a4d9/model.out,1386,89ec41a3a4d9a703a6d01fd138bb308e0cb5cb09ff1da9e296d1f1c65e5d5e24,2026-10-05T17:35:31.398285+00:00,mplus,89ec41a3a4d9
mplus/8a1f70cac74f/lgca_process5_piecewise_baseline_std.inp,4609,1fcbda34a42ca158df7420830fca6343370582837543b51c5dc5f3642be23718,2025-12-26T14:29:17.429948+00:00,mplus,8a1f70cac74f
mplus/8a1f70cac74f/lgca_process5_piecewise_baseline_std.out,24872,8a1f70cac74f7c92d83370777f4e3b0c526d5e6d89fa69fcc522bf6ed8159ca7,2025-12-26T14:29:18.136197+00:00,mplus,8a1f70cac74f
mplus/8b620d1caee9/diagnostics.json,358,3b325fdea8f0fad892ff8b93e5f0a7cca33905fca9baa7176eeac55db15b9944,2026-10-05T17:22:27.836326+00:00,mplus,8b620d1caee9
mplus/8b620d1caee9/lgca_process44_shape_factor.inp,4278,58b4c222dd6340bb66d18d9a516d11e1b9983b37fb7d972817b84f4939c526b2,2025-11-15T07:36:01.484286+00:00,mplus,8b620d1caee9
mplus/8b620d1caee9/lgca_process44_shape_factor.out,22428,8b620d1caee9181c1a1d4fc9b9faaaf7630a19097184f60dc735dbbd1099f889,2025-11-15T07:36:02.064827+00:00,mplus,8b620d1caee9
mplus/8d85e0fa195a/pp_lgca_type12_urban12_r_step2_cat_s_mod_i_mi_tics.inp,11658,39a14bf090098e2fff9d7ff24006bccdc60d56807c3ddbe57f2b81d511c17b20,2025-12-31T23:05:09.725023+00:00,mplus,8d85e0fa195a
mplus/8d85e0fa195a/pp_lgca_type12_urban12_r_step2_cat_s_mod_i_mi_tics.out,240378,8d85e0fa195a4b17586bc73e9d855064fff8bb04ffbebf99d7e414f1dc59628e,2025-12-31T23:07:58.849035+00:00,mplus,8d85e0fa195a
mplus/8e49ce20a9f2/pp_lgca_type14_edu12_r_step2_cat_s_mod_i_MI_TICs.inp,11636,b56bf003dc9b2c78bcda683111ef92364113dbf6d7fc04cf17bbe6e7a123d935,2026-09-24T19:54:19.916332+00:00,mplus,8e49ce20a9f2
mplus/8e49ce20a9f2/pp_lgca_type14_edu12_r_step2_cat_s_mod_i_MI_TICs.out,240352,8e49ce20a9f249354cde8e76f7c8963a22c332e2f700395f7e51f278e901f2e8,2026-09-24T21:03:37.434090+00:00,mplus,8e49ce20a9f2
mplus/8ec026edfc5b/model.inp,339,8c7841fe0cd214436c6e82d4d6404283f66ecdad0272efbe4d7a9555600988ee,2026-10-05T17:26:56.388518+00:00,mplus,8ec026edfc5b
mplus/8ec026edfc5b/model.out,20018,8ec026edfc5b213a94354c32b43f6b44585f185c46192f6bee5a37f7e48cf368,2026-10-05T17:34:22.701318+00:00,mplus,8ec026edfc5b
mplus/8f83dcfb7ed3/lgca_process4_quadratic.inp,4289,c2e6ec68fa37771d852a12ab17ec4dd2b43687725ceb285adf9ef002e4222012,2025-11-15T07:35:56.101844+00:00,mplus,8f83dcfb7ed3
mplus/8f83dcfb7ed3/lgca_process4_quadratic.out,25176,8f83dcfb7ed3af12aece232316d5e4ab28b850020e093d32f8c3136bdacc749e,2025-11-15T07:35:56.666734+00:00,mplus,8f83dcfb7ed3
mplus/92d16ca5b435/pp_lgca_type14_4_pinc412_r_step2_cat_i_mod_i_mi_tics.inp,11748,a81b2c68d95fdc8bd58ba3e2dae3fcfee94ad1fff615775de739b270cb4cd666,2026-01-19T17:47:58.033944+00:00,mplus,92d16ca5b435
mplus/92d16ca5b435/pp_lgca_type14_4_pinc412_r_step2_cat_i_mod_i_mi_tics.out,230417,92d16ca5b435dd216abf6213fcbd637c6b3c43f0b74e84849a3ed017778438c8,2026-01-19T17:50:39.555484+00:00,mplus,92d16ca5b435
mplus/948a5a516fd9/lgca_process5_piecewise.inp,4579,6d98d447eb345c4c2d74f61674780b7ab75cdcbb5f31ef77204e2bf4eb1deefe,2025-11-15T07:36:18.458717+00:00,mplus,948a5a516fd9
mplus/948a5a516fd9/lgca_process5_piecewise.out,24824,948a5a516fd992a03b6acc6c013f564a4c6b5c0c9138b34c803690cee0c71b00,2025-11-15T07:36:19.137468+00:00,mplus,948a5a516fd9
mplus/9685c8c4e258/pp_lgca_type14_r_step2_i_mod_i_MI_TICs.inp,8553,1d855d5641093c56a5d09739b0b54bb7f3c49430246934b84ff650ca4a1d4f40,2026-09-27T09:13:04.636150+00:00,mplus,9685c8c4e258
mplus/9685c8c4e258/pp_lgca_type14_r_step2_i_mod_i_MI_TICs.out,217475,9685c8c4e2584ec191ab2d0c19945944299b42675967360a069f29d82c4b66dc,2026-09-27T09:30:01.153330+00:00,mplus,9685c8c4e258
mplus/97379b98bf55/pp_lgca_type14_4_r_step2_cat_i_mod_s_MI_TICs.inp,7533,69957087257c0f4694db36dfc62ce775b9d710aec73035720be31e9ce070a165,2026-09-27T19:42:26.527704+00:00,mplus,97379b98bf55
mplus/97379b98bf55/pp_lgca_type14_4_r_step2_cat_i_mod_s_MI_TICs.out,204937,97379b98bf55ce91a1cca14f0320c07e6ac4e8c95e0564363c6fa8fc6d273b5e,2026-09-27T20:00:19.081998+00:00,mplus,97379b98bf55
mplus/9793d2e7fa4a/diagnostics.json,356,f7766b1599b7457b28287fa06f158cdbc5ce8e0145db1b9cc3a2da13e2ddd6c6,2026-10-05T17:22:27.850659+00:00,mplus,9793d2e7fa4a
mplus/9793d2e7fa4a/lgca_process4_linear.inp,4271,3f996868dcbbf4e250f300da09d86ff46c3c393d69fe2a23bb7f754f28920964,2025-11-15T07:35:55.236970+00:00,mplus,9793d2e7fa4a
mplus/9793d2e7fa4a/lgca_process4_linear.out,22412,9793d2e7fa4a716b97fcae93a5a2d36d9de067484e81cccc3ae01997d5686cb4,2025-11-15T07:35:55.788653+00:00,mplus,9793d2e7fa4a
mplus/990adea8ba0f/pp_lgca_type14_4_r_step2_s_mod_i_MI_TICs.inp,8493,22fa73e938868171509aa94dc1aacf31baf6e5672a32f684fcfc61556586e5e2,2026-09-27T10:58:01.279651+00:00,mplus,990adea8ba0f
mplus/990adea8ba0f/pp_lgca_type14_4_r_step2_s_mod_i_MI_TICs.out,206956,990adea8ba0fe64696ff15f8787f6debe5186276939554a9dce763b6a606b7f3,2026-09-27T11:04:58.481856+00:00,mplus,990adea8ba0f
mplus/99233694a214/lgca_process1_quadratic_baseline_std.inp,4309,f8bfeee23714e75204c921be03eb03c3d168a0dc5999616e8a03f649d4b899d9,2025-12-26T14:28:43.721517+00:00,mplus,99233694a214
mplus/99233694a214/lgca_process1_quadratic_baseline_std.out,24532,99233694a21471a486eb683ed7e18ee8f9a56fb25a8b99f0b49f74af7426b8bd,2025-12-26T14:28:44.251633+00:00,mplus,99233694a214
mplus/9943326c66ff/model.inp,1964,073844317c5547b64950b479a8cf492d2b987b0f58d2206e4b31bf36b2b8f4f8,2026-10-02T13:46:44.262230+00:00,mplus,9943326c66ff
mplus/9943326c66ff/model.out,197887,9943326c66ff1d30dc00b1522236faed48e0da71143237d5d1b8f8ed3ca7b18c,2026-10-02T16:08:39.391093+00:00,mplus,9943326c66ff
mplus/99f1f4735482/c_pp_lgca_type4_3_controlbaselinemean_MI_tics.inp,4182,cb4d731ccc50f27eb6d47607514465d521fd8732aa2cb9c7c5441f14a6cce94e,2026-09-08T20:44:04.948912+00:00,mplus,99f1f4735482
mplus/99f1f4735482/c_pp_lgca_type4_3_controlbaselinemean_MI_tics.out,213933,99f1f473548202d3341c0f5f8d24117cb019a083aa7f2cb5a7c44dce95814917,2026-09-08T20:44:04.948912+00:00,mplus,99f1f4735482
mplus/9bf528c7cbb8/diagnostics.json,1791,21dd3032e038dc0ff0f0fede0b5b96e9123c55a4a081065a51d319428e86f4d4,2026-10-05T17:22:28.007401+00:00,mplus,9bf528c7cbb8
mplus/9bf528c7cbb8/pp_lgca_type12_r_step2_cat_i_mod_s_mi_tics.inp,7622,0d46de03676fe5cb37486a7ec402b6fbdc8034d3b9cc6e532d4a7b6d3a2d91a8,2025-12-31T16:44:01.781710+00:00,mplus,9bf528c7cbb8
mplus/9bf528c7cbb8/pp_lgca_type12_r_step2_cat_i_mod_s_mi_tics.out,214524,9bf528c7cbb88ac99a93fee3ddf41e0de008014bfd496bd73595dd0e6400c133,2025-12-31T16:46:51.304679+00:00,mplus,9bf528c7cbb8
mplus/9c90a77e32c2/pp_lgca_type14_4_urban12_r_step2_cat_s_mod_i_MI_TICs.inp,11630,6c68f78ec6229ec7e5932155c5e40f84ce8cfaf81cf1fc672901d09f772da1f1,2026-09-24T21:37:32.293230+00:00,mplus,9c90a77e32c2
mplus/9c90a77e32c2/pp_lgca_type14_4_urban12_r_step2_cat_s_mod_i_MI_TICs.out,228751,9c90a77e32c232aa045e325c3bbc5ada2b2defeebbc5ae103e8054de12827dc6,2026-09-25T00:35:52.162283+00:00,mplus,9c90a77e32c2
mplus/a0eceb40448f/pp_lgca_type12_urban12_r_step2_cat_i_mod_s_mi_tics.inp,11656,7fbbdac481bf10d4c9209706c487e872b62fad9adb3994bce615d52082be099c,2025-12-31T19:19:15.078479+00:00,mplus,a0eceb40448f
mplus/a0eceb40448f/pp_lgca_type12_urban12_r_step2_cat_i_mod_s_mi_tics.out,240376,a0eceb40448f2164999fd83e46be4d32aaf78c062e42e7c0eefb56c3f7dd5eb4,2025-12-31T19:26:28.052773+00:00,mplus,a0eceb40448f
mplus/a2e18551456d/c_pp_lgca_type4_2_controlbaselinemean_MI_tics.inp,4182,aab5456f2daefbcfb21697813cc81fb6124f4e599de51376f36595da654551ee,2026-09-08T20:44:01.943403+00:00,mplus,a2e18551456d
mplus/a2e18551456d/c_pp_lgca_type4_2_controlbaselinemean_MI_tics.out,214160,a2e18551456d2066a8cf70c5eb52e02ecd1823956e54e54c510f306cf123f729,2026-09-08T20:44:01.943403+00:00,mplus,a2e18551456d
mplus/a3146767a2ad/pp_lgca_type14_pinc412_r_step2_cat_s_mod_i_mi_tics.inp,11650,ce673b981fe7b71909046bfa9ba9c0eef1bcf15223b53893a8c3b168aa46bf4f,2026-01-19T16:11:45.055805+00:00,mplus,a3146767a2ad
mplus/a3146767a2ad/pp_lgca_type14_pinc412_r_step2_cat_s_mod_i_mi_tics.out,240370,a3146767a2ad8e01541ed62614c47beb2f6483e2e081cf3255616875e901ffb1,2026-01-19T16:18:01.065303+00:00,mplus,a3146767a2ad
mplus/a395e6813d60/pp_lgca_type14_4_urban12_r_step2_cat_i_mod_i_MI_TICs.inp,11746,a328ae58c06de66c9824313dc95e38a79799cb16a60e44ea0bb0d5100410b221,2026-09-24T21:37:28.275606+00:00,mplus,a395e6813d60
mplus/a395e6813d60/pp_lgca_type14_4_urban12_r_step2_cat_i_mod_i_MI_TICs.out,230413,a395e6813d604cffe6b41ebdf69a0d18c27f9cb7736100d7f9fcd23c4f1b6309,2026-09-25T00:28:21.885044+00:00,mplus,a395e6813d60
mplus/a4a0de781b14/c_pp_lgca_type4_4_controlbaselinemean_MI_tics.inp,4182,1ec0409feb1886b31dcb2c93df6347370b6d19ea9811b6301eee08e7a53b1b55,2026-09-08T20:43:58.731694+00:00,mplus,a4a0de781b14
mplus/a4a0de781b14/c_pp_lgca_type4_4_controlbaselinemean_MI_tics.out,211667,a4a0de781b14fdbe0c6d1f727be63e19438c5db0af6069190ef28adbb9aba616,2026-09-08T20:43:58.739169+00:00,mplus,a4a0de781b14
mplus/a52ca63e01f7/model.inp,553,0f830cbc98536819535fea117817bd00ff3e705756b25da15152eddc51e1be07,2026-10-05T17:36:13.155279+00:00,mplus,a52ca63e01f7
mplus/a52ca63e01f7/model.out,345473,a52ca63e01f7aa07d26e04ce62d930af91297e661be7018361fc92ced128cc76,2026-10-05T17:38:11.392538+00:00,mplus,a52ca63e01f7
mplus/a55283ea3465/pp_lgca_type14_4_r_step2_s_mod_s_MI_TICs.inp,8493,cce82c7d284d21819393b49838f02c63b1041f4aaf3cf58a2414509775e1e87a,2026-09-27T10:58:07.764421+00:00,mplus,a55283ea3465
mplus/a55283ea3465/pp_lgca_type14_4_r_step2_s_mod_s_MI_TICs.out,206956,a55283ea3465db5bda6bc75681630bf30246109e7296b3b377d576c2dd461090,2026-09-27T11:13:49.372027+00:00,mplus,a55283ea3465
mplus/a68531aa5ce9/diagnostics.json,132,12a306f172e13e1672f10e940db8de4d46da22d4edc16f5b6f13860bf40c2c8e,2026-10-05T17:22:28.746702+00:00,mplus,a68531aa5ce9
mplus/a68531aa5ce9/model.inp,4007,cb6e07529f5489ca647d55e37610b867a7114e59cd57f2c02910d55307c17808,2026-10-01T22:11:41.981149+00:00,mplus,a68531aa5ce9
mplus/a68531aa5ce9/model.out,24810,a68531aa5ce91fcf3f26beb78a4b643ad6cf6c81bd378f72a7338a55923f9843,2026-10-02T07:06:32.057302+00:00,mplus,a68531aa5ce9
mplus/a6ab86858cff/model.inp,2017,72dc04a0e0114a357723aa33e8df341ef9fd20ea0680566d6745d6afcdcc5157,2026-10-02T13:46:26.993344+00:00,mplus,a6ab86858cff
mplus/a6ab86858cff/model.out,3331,a6ab86858cff1dbc847f1bbce0f6cab312ee48441d8d1f29d1759c3ae5641c9e,2026-10-02T14:56:08.452474+00:00,mplus,a6ab86858cff
mplus/a7cdc39b2c0c/pp_lgca_type12_edu12_r_step2_cat_i_mod_s_mi_tics.inp,11644,83b5638a5d3b2fed673dc648499caa2b4ea5b1e03022fa584b610368ce6a4cc8,2025-12-31T19:12:08.228786+00:00,mplus,a7cdc39b2c0c
mplus/a7cdc39b2c0c/pp_lgca_type12_edu12_r_step2_cat_i_mod_s_mi_tics.out,240362,a7cdc39b2c0c33828e179aee6c6675c273df5becb4f7d63dcf713f32a7d646a2,2025-12-31T19:19:13.908140+00:00,mplus,a7cdc39b2c0c
mplus/a7f5e5512aa7/pp_lgca_type12_pinc412_r_step2_cat_s_mod_i_mi_tics.inp,11658,4ba45292a29cae7db407e3c5b60e8efec3e0c72353507f81feaf66dfc21393fb,2025-12-31T23:14:19.196776+00:00,mplus,a7f5e5512aa7
mplus/a7f5e5512aa7/pp_lgca_type12_pinc412_r_step2_cat_s_mod_i_mi_tics.out,240378,a7f5e5512aa7abbd51a0aa20a111a96ae4c3a0ddbe8f6f28678bdaf48aeb6548,2025-12-31T23:17:00.152396+00:00,mplus,a7f5e5512aa7
mplus/a8221d0961b0/pp_lgca_type13_pinc412_r_step2_cat_i_mod_i_mi_tics.inp,11888,60d8c0526d3233f1c7c10b008aa25833fac4dfc18ba2aa7beb687cf6eab07e8f,2026-01-19T13:50:20.992506+00:00,mplus,a8221d0961b0
mplus/a8221d0961b0/pp_lgca_type13_pinc412_r_step2_cat_i_mod_i_mi_tics.out,240739,a8221d0961b07e816b44595f98a2529aed7f42085b35a6712c64b87e1f6771e9,2026-01-19T14:04:13.159697+00:00,mplus,a8221d0961b0
mplus/a8b5946b5e90/pp_lgca_type14_urban12_r_step2_cat_i_mod_s_mi_tics.inp,11648,e6b8a5599b188952644534d41a45c114fd3f976f80d9396bde60b8b4bc34e31c,2026-01-19T15:51:14.100277+00:00,mplus,a8b5946b5e90
mplus/a8b5946b5e90/pp_lgca_type14_urban12_r_step2_cat_i_mod_s_mi_tics.out,240368,a8b5946b5e90e77d64d730507a2c28aa6a358728af8b0b3c823e9fc06ff644b9,2026-01-19T15:58:07.125035+00:00,mplus,a8b5946b5e90
mplus/abd642755601/pp_lgca_type14_4_urban12_r_step2_cat_s_mod_s_mi_tics.inp,11618,aab3b3970c16ad7026e137210ca0eaa422c4e430fe5b3d84268c9481c0bec7ca,2026-01-19T17:44:36.459230+00:00,mplus,abd642755601
mplus/abd642755601/pp_lgca_type14_4_urban12_r_step2_cat_s_mod_s_mi_tics.out,228733,abd6427556012a78f07b2919ae5806a49a0dac15f5c00ca1b61c2f016f636aed,2026-01-19T17:47:57.364246+00:00,mplus,abd642755601
mplus/ad4d91065ee5/pp_lgca_type14_4_r_step2_i_mod_s_mi_tics.inp,8529,b746c56ea86c002a351487a7a3a07a460f892e531983fb0785fa92293d722e1e,2025-11-20T17:01:55.179393+00:00,mplus,ad4d91065ee5
mplus/ad4d91065ee5/pp_lgca_type14_4_r_step2_i_mod_s_mi_tics.out,206995,ad4d91065ee51e8d024037e37e902836c7888185d7d426d4bfe9e1689119d4a5,2025-11-20T17:04:01.533546+00:00,mplus,ad4d91065ee5
mplus/ad842c7788fb/pp_lgca_type14_4_r_step2_cat_s_mod_s_MI_TICs.inp,7532,bf9b226d7c28cee540f83bb261d0f378f314fbd3fd83e945c1882d952131b923,2026-09-27T19:42:30.519432+00:00,mplus,ad842c7788fb
mplus/ad842c7788fb/pp_lgca_type14_4_r_step2_cat_s_mod_s_MI_TICs.out,204937,ad842c7788fb21608d672ecfd6622b9fbab73e136748ef5b0905bae01bdfcbd3,2026-09-28T01:00:24.392574+00:00,mplus,ad842c7788fb
mplus/ae7471ae12e0/model.inp,2000,cb28e4c86e21cd6248645deec4e20c5532588996451505a9533af79f60500dfa,2026-10-02T13:45:59.814798+00:00,mplus,ae7471ae12e0
mplus/ae7471ae12e0/model.out,215934,ae7471ae12e0cb10906931d793af77b8e2300c2581222d0d213c998fd70f33b2,2026-10-02T17:22:28.143483+00:00,mplus,ae7471ae12e0
mplus/aea2ec23665c/pp_lgca_type12_r_step2_cat_s_mod_i_MI_TICs.inp,7587,752f3149d07f880445c79029ad1002ba7f5fe947ea7da1dddfe6cbf395c1655a,2026-09-27T14:19:37.304089+00:00,mplus,aea2ec23665c
mplus/aea2ec23665c/pp_lgca_type12_r_step2_cat_s_mod_i_MI_TICs.out,214487,aea2ec23665c0538ddd20b708f1ae74c3317646aa97008bb6bf53629ed49ac8c,2026-09-27T14:27:56.475031+00:00,mplus,aea2ec23665c
mplus/b1b952c870f4/c_pp_lgca_type4_nocontrolmean_r_MI_tics.inp,4181,1f36e407136b1912c21d5673bd5f8126c1dc9ba48a34c8cd907c9234d6d8755b,2026-09-08T20:51:13.291725+00:00,mplus,b1b952c870f4
mplus/b1b952c870f4/c_pp_lgca_type4_nocontrolmean_r_MI_tics.out,203620,b1b952c870f497915e152bbcc39f235bf4b65e42ee5e3453f33acc5e97e48748,2026-09-08T20:51:13.302006+00:00,mplus,b1b952c870f4
mplus/b1b952c870f4/diagnostics.json,1828,fb28a47c429288e3554a9c0612b19376fadb53caa1f2c8a114ebbaa94f162499,2026-10-05T17:22:28.916218+00:00,mplus,b1b952c870f4
mplus/b4231835de4b/pp_lgca_type13_pinc412_r_step2_cat_s_mod_s_MI_TICs.inp,11636,f4d3c937321db1125fcc81679a4e284b4638657ec40cdb0e14a5ea69080cc21e,2026-09-24T11:58:38.986929+00:00,mplus,b4231835de4b
mplus/b4231835de4b/pp_lgca_type13_pinc412_r_step2_cat_s_mod_s_MI_TICs.out,238461,b4231835de4b0c855a392813cad2e9f2f8013f7c474f43d3a46d00a00283ba1d,2026-09-24T19:51:55.337125+00:00,mplus,b4231835de4b
mplus/b476ae8bb7ca/pp_lgca_type13_edu12_r_step2_cat_i_mod_s_MI_TICs.inp,11634,2fedf97210d30af4ede60e19bee64b7118cf9d9b55b96bdc7f19ee100d104a8b,2026-09-24T11:57:38.048239+00:00,mplus,b476ae8bb7ca
mplus/b476ae8bb7ca/pp_lgca_type13_edu12_r_step2_cat_i_mod_s_MI_TICs.out,238465,b476ae8bb7caae1e47db25b8c849c8fc00a40fcda272f312ffa781283583f3f7,2026-09-24T19:19:44.624623+00:00,mplus,b476ae8bb7ca
mplus/b5fea4bf9620/model.inp,1964,ab02f896f0a904f037c408c92f855a9117e5e8164253615d42bff1a88c50c557,2026-10-02T13:47:59.822207+00:00,mplus,b5fea4bf9620
mplus/b5fea4bf9620/model.out,201225,b5fea4bf962031e7648602b04baf3375eac6ee6a9b386eeec454482130e358d2,2026-10-02T17:14:32.009436+00:00,mplus,b5fea4bf9620
mplus/b65e67f7edf5/lgca_process5_shape_factor_baseline_std.inp,4297,d44ab300358fda0389b0063de384101340c8ff7cbe70dfb93af2e7e4c08cc4cd,2025-12-26T14:29:18.567682+00:00,mplus,b65e67f7edf5
mplus/b65e67f7edf5/lgca_process5_shape_factor_baseline_std.out,21789,b65e67f7edf5e75420890a872803053f426d76d6fed92b89f66bd911a7e55a7c,2025-12-26T14:29:19.232644+00:00,mplus,b65e67f7edf5
mplus/b70bf297b48e/diagnostics.json,132,12a306f172e13e1672f10e940db8de4d46da22d4edc16f5b6f13860bf40c2c8e,2026-10-05T17:22:28.842927+00:00,mplus,b70bf297b48e
mplus/b70bf297b48e/model.inp,3934,352261ca21bcd3c643a9ca7266e1c17caf8762792881de33cc34e457325ad186,2026-10-01T22:11:42.431370+00:00,mplus,b70bf297b48e
mplus/b70bf297b48e/model.out,21408,b70bf297b48e190c5b30175d9b12855fe718cca6c9d01aef555009192354822e,2026-10-02T07:08:24.167457+00:00,mplus,b70bf297b48e
mplus/b9198178bec0/pp_lgca_type12_r_step2_i_mod_i_mi_tics.inp,8604,d025651f8516e9ee163b93d39d81600a3f1a393bfb7e8399b586cf2babd3e3c1,2025-11-21T12:27:55.553203+00:00,mplus,b9198178bec0
mplus/b9198178bec0/pp_lgca_type12_r_step2_i_mod_i_mi_tics.out,213539,b9198178bec008096608cc6f85e35c0d9f6b08d475f70ad2479b1a290834d200,2025-11-21T12:30:09.375068+00:00,mplus,b9198178bec0
mplus/ba23e2da40ca/diagnostics.json,1791,bbb2e3e979d0821b72c785fc0c07db53b7363574d29f8b98a78c2452a6ca2769,2026-10-05T17:22:28.382089+00:00,mplus,ba23e2da40ca
mplus/ba23e2da40ca/pp_lgca_type14_4_r_step2_cat_i_mod_s_mi_tics.inp,7574,3cf96e4e706fb269a5443224e30e2750a6aa889064568a21ece7f491c739db2b,2025-12-31T16:52:08.556509+00:00,mplus,ba23e2da40ca
mplus/ba23e2da40ca/pp_lgca_type14_4_r_step2_cat_i_mod_s_mi_tics.out,204982,ba23e2da40ca44c23938eb635e7f2464ffd945b769e58a03e6a66363cb05234e,2025-12-31T16:54:46.456838+00:00,mplus,ba23e2da40ca
mplus/bb75a52ec70e/pp_lgca_type14_4_pinc412_r_step2_cat_i_mod_s_MI_TICs.inp,11628,88997cfdaf3d72c3b605b0d475b4096a71abec86e39fef39091868b0855bfd39,2026-09-24T21:37:57.874902+00:00,mplus,bb75a52ec70e
mplus/bb75a52ec70e/pp_lgca_type14_4_pinc412_r_step2_cat_i_mod_s_MI_TICs.out,228749,bb75a52ec70eb726b7e1a9c3bcc2cff822e6d034e1d641f440cd010738c327b6,2026-09-25T01:17:26.547299+00:00,mplus,bb75a52ec70e
mplus/bc46bfba4f3b/c_pp_lgca_type3_controlbaselinemean_MI_tics.inp,4176,0c418803dc8ac1d7ae266c08f1fbf48d4a9a30ff50e79a59637db9a76a3317ee,2026-09-08T20:43:50.408403+00:00,mplus,bc46bfba4f3b
mplus/bc46bfba4f3b/c_pp_lgca_type3_controlbaselinemean_MI_tics.out,210729,bc46bfba4f3b8e8c8b448de967a8bae95346c76de8cc969e2533e3da089917fe,2026-09-08T20:43:50.416475+00:00,mplus,bc46bfba4f3b
mplus/bd794d780e28/pp_lgca_type12_pinc412_r_step2_cat_s_mod_s_MI_TICs.inp,11642,c85ffaaf2d130e8436efb9ac932c86795f94991a0f6b75804b47b42a08d1f6ac,2026-09-16T22:36:07.635039+00:00,mplus,bd794d780e28
mplus/bd794d780e28/pp_lgca_type12_pinc412_r_step2_cat_s_mod_s_MI_TICs.out,240352,bd794d780e28311744ca10b32e07074b158ad2bcbfa58440a37fd7dc5fd5e6be,2026-09-24T10:42:42.870646+00:00,mplus,bd794d780e28
mplus/be885c38f8e0/pp_lgca_type12_pinc412_r_step2_cat_i_mod_s_mi_tics.inp,11656,9cf2c90e8836c56e782e68219a2fb9dd2729894a39150c03ca161670ff37f6ac,2025-12-31T19:26:29.311515+00:00,mplus,be885c38f8e0
mplus/be885c38f8e0/pp_lgca_type12_pinc412_r_step2_cat_i_mod_s_mi_tics.out,240376,be885c38f8e00df2ea3f612a06d54e69952c034aa0a951960b75b2dbfc9fd8c0,2025-12-31T19:33:17.523755+00:00,mplus,be885c38f8e0
mplus/c0f84c200b45/pp_lgca_type14_pinc412_r_step2_cat_i_mod_s_MI_TICs.inp,11646,6281593be8a5d094e6912dbcf95f7294013acd68d4307cce525719c29bac088d,2026-09-24T19:54:55.810796+00:00,mplus,c0f84c200b45
mplus/c0f84c200b45/pp_lgca_type14_pinc412_r_step2_cat_i_mod_s_MI_TICs.out,240364,c0f84c200b4560a7098f289c12a40b8a51b7c1101dc196438e4a66d3753716e7,2026-09-24T21:33:43.264097+00:00,mplus,c0f84c200b45
mplus/c19bcc0ebf8c/pp_lgca_type14_4_pinc412_r_step2_cat_s_mod_s_mi_tics.inp,11618,491eb3f61c7c65319417bb8d3de677cfd993d78726dd23aec8d7438c3d222fb3,2026-01-19T17:56:49.871588+00:00,mplus,c19bcc0ebf8c
mplus/c19bcc0ebf8c/pp_lgca_type14_4_pinc412_r_step2_cat_s_mod_s_mi_tics.out,228733,c19bcc0ebf8cb5b9522f92077909bfa20b41b5d070a5297272b9cf97cfde69ed,2026-01-19T17:59:55.008739+00:00,mplus,c19bcc0ebf8c
mplus/c5385aca7576/pp_lgca_type12_edu12_r_step2_cat_s_mod_s_MI_TICs.inp,11630,611ce32547438a58f07920c1c28cbfdb556438b920aa6355b7261cd3fbb64b79,2026-09-08T20:43:18.137732+00:00,mplus,c5385aca7576
mplus/c5385aca7576/pp_lgca_type12_edu12_r_step2_cat_s_mod_s_MI_TICs.out,240338,c5385aca75761af620c6eadf4a845086fdc49ec4479dadf5f931390d90497e42,2026-09-08T22:08:53.539322+00:00,mplus,c5385aca7576
mplus/c69144af93b1/lgca_process2_quadratic.inp,4289,4caa6164f3967e0897d809b87ecf5e4cac352d91d53ac7ddc03362d4ae2a50c7,2025-11-15T07:35:48.818889+00:00,mplus,c69144af93b1
mplus/c69144af93b1/lgca_process2_quadratic.out,24511,c69144af93b16181a44f9e2279d3b29e757dff45f1fdfaaad2829802f5222d47,2025-11-15T07:35:49.493483+00:00,mplus,c69144af93b1
mplus/c71df3b3fe51/pp_lgca_type14_r_step2_cat_i_mod_i_MI_TICs.inp,7601,c092a473dfbbc7d18e7e3569a98e942921ce25c6f1c9701a5dd5c3f43596b7ca,2026-09-27T15:04:44.330247+00:00,mplus,c71df3b3fe51
mplus/c71df3b3fe51/pp_lgca_type14_r_step2_cat_i_mod_i_MI_TICs.out,215109,c71df3b3fe51a17221df267ff1b457efce408a39bd6752b84e2c50e6e430a0f5,2026-09-27T15:08:43.304279+00:00,mplus,c71df3b3fe51
mplus/c862374a729d/lgca_process2_piecewise_baseline_std.inp,4609,eeabf04fb23b83a620007ece3c27bddf4ee9f82fb823cecd1b2bb08d3ceba4b2,2025-12-26T14:28:48.998677+00:00,mplus,c862374a729d
mplus/c862374a729d/lgca_process2_piecewise_baseline_std.out,24863,c862374a729d68507a8dbd212a75985d1d2ae4d4c98907ac127c89f051f976ed,2025-12-26T14:28:49.624581+00:00,mplus,c862374a729d
mplus/c86df7e121f8/lgca_process2_quadratic_2.inp,3937,3184654063631dca380d8e0f055536fb02a88b157f46222880d6b7b4aa290116,2025-11-14T17:03:18.297169+00:00,mplus,c86df7e121f8
mplus/c86df7e121f8/lgca_process2_quadratic_2.out,24150,c86df7e121f80f0e0e407e6ed35d036d28f6e636ad573e0d318cf2ff5252daa1,2025-11-14T17:03:18.719016+00:00,mplus,c86df7e121f8
mplus/ca6b893b1053/lgca_process44_shape_factor_baseline_std.inp,4298,47098ec740ae57d3264fc10648b8dcc6c757e5a64656510816fc30d166dfcbfe,2025-12-26T14:28:59.862701+00:00,mplus,ca6b893b1053
mplus/ca6b893b1053/lgca_process44_shape_factor_baseline_std.out,22449,ca6b893b1053aa5f118ac10b9888316b7673ae553a406b2b350e77ac1c9af647,2025-12-26T14:29:00.686551+00:00,mplus,ca6b893b1053
mplus/cb89f94f293d/pp_lgca_type14_4_edu12_r_step2_cat_s_mod_i_MI_TICs.inp,11618,b5a6456d21e4dec60832fcbb832de932e62899e24750d7cbcd85151207e52199,2026-09-24T21:37:11.442958+00:00,mplus,cb89f94f293d
mplus/cb89f94f293d/pp_lgca_type14_4_edu12_r_step2_cat_s_mod_i_MI_TICs.out,228737,cb89f94f293dad43d1261b9141b7e62a912f80495d8f94748c06af414ef46eba,2026-09-25T00:03:12.965457+00:00,mplus,cb89f94f293d
mplus/cbde05d8dc5e/pp_lgca_type14_pinc412_r_step2_cat_i_mod_s_mi_tics.inp,11648,ba77648b949252c7176adb89a47406dbd0250ee7c17972893e2ff4c01254f567,2026-01-19T16:18:02.263156+00:00,mplus,cbde05d8dc5e
mplus/cbde05d8dc5e/pp_lgca_type14_pinc412_r_step2_cat_i_mod_s_mi_tics.out,240368,cbde05d8dc5e574206a29f24711ea32c0312aa214283ddb230747316cb634ee7,2026-01-19T16:24:04.520294+00:00,mplus,cbde05d8dc5e
mplus/cc5b5ca9fa67/pp_lgca_type12_r_step2_i_mod_i_MI_TICs.inp,8598,4fbd7e11c0a63ba396cad28cbc6d02f8f5ab53e11b37e79e0ece6703eec20e4c,2026-09-26T17:15:13.550433+00:00,mplus,cc5b5ca9fa67
mplus/cc5b5ca9fa67/pp_lgca_type12_r_step2_i_mod_i_MI_TICs.out,217520,cc5b5ca9fa67004fac15fce14df15ac303ef5b9b9acf3c6adba7e5494f1f46ff,2026-09-26T18:45:56.641635+00:00,mplus,cc5b5ca9fa67
mplus/cc9a1f0b5b8b/pp_lgca_type13_r_step2_i_mod_i_MI_TICs.inp,8710,93137f1ec2cb990bf29fa8033592ef28cb71759d949b30c639cc97a6a922899b,2026-09-26T23:29:59.195472+00:00,mplus,cc9a1f0b5b8b
mplus/cc9a1f0b5b8b/pp_lgca_type13_r_step2_i_mod_i_MI_TICs.out,216258,cc9a1f0b5b8b4d210ce1f1d0e7d5995e731b109a6d8ee20f290881dabb24a207,2026-09-26T23:53:34.164332+00:00,mplus,cc9a1f0b5b8b
mplus/cd335fbb2558/lgca_process1_quadratic.inp,4289,46eccb236e3ff556b4c7a767c09e1d94a39aca25588341deb653406934a8c6fc,2025-11-15T07:35:43.545787+00:00,mplus,cd335fbb2558
mplus/cd335fbb2558/lgca_process1_quadratic.out,24512,cd335fbb25580591234d507f5bbd36d2f7591d33eeedb7493719f2d9be5105cf,2025-11-15T07:35:44.450064+00:00,mplus,cd335fbb2558
mplus/cefdc6567a69/lgca_process4_linear - 副本.inp,3560,fa856e0e7003a85d38b337111531d4d00b84d441b44a5b3e791d4b9090bd13e7,2025-10-28T14:31:12.112988+00:00,mplus,cefdc6567a69
mplus/cefdc6567a69/lgca_process4_linear - 副本.out,21851,cefdc6567a69afa14b1b0e92ab8165ffcf7465aa67558dfcb7cdfea83aa27120,2025-10-28T14:31:13.370138+00:00,mplus,cefdc6567a69
mplus/cf3db2884949/lgca_process3_piecewise_baseline_std.inp,4609,b1719f309844db2d03871c716e150cc1c9f800d8de13b4217f83d9bc8a3f85d9,2025-12-26T14:28:52.479992+00:00,mplus,cf3db2884949
mplus/cf3db2884949/lgca_process3_piecewise_baseline_std.out,25235,cf3db28849496ae98a726659afa27f37d1a81ef8949d6af34c1c4f438783864e,2025-12-26T14:28:53.012532+00:00,mplus,cf3db2884949
mplus/d0f2876addc3/model.inp,328,6901d7bda6b254deed9441a7a61f007edef0141f8d3f832c4ea1f1e200d6afa7,2026-10-05T17:26:56.487991+00:00,mplus,d0f2876addc3
mplus/d0f2876addc3/model.out,8401,d0f2876addc30b325d012cfb223e1f78ab4e31436c4f0b7aca49ed7a052c7cc3,2026-10-05T17:34:57.450366+00:00,mplus,d0f2876addc3
mplus/d3026bbec929/diagnostics.json,132,12a306f172e13e1672f10e940db8de4d46da22d4edc16f5b6f13860bf40c2c8e,2026-10-05T17:22:28.762380+00:00,mplus,d3026bbec929
mplus/d3026bbec929/model.inp,3934,bd93dda8edbef4d98f1f0ed5874ac097182edf52b654eaba15b37d21c78df0f3,2026-10-01T22:11:41.768049+00:00,mplus,d3026bbec929
mplus/d3026bbec929/model.out,21408,d3026bbec929b422042ca8fc183d2eac76eb03eb3768d0784b3d96d4a07cbc51,2026-10-02T07:05:46.543611+00:00,mplus,d3026bbec929
mplus/d43f8c102d9b/pp_lgca_type14_4_r_step2_i_mod_i_MI_TICs.inp,8507,1afeb4f504c21737c1bfdccd80e57fee9efad2543974cfb6c94e88b2395c15d6,2026-09-27T10:57:57.540513+00:00,mplus,d43f8c102d9b
mplus/d43f8c102d9b/pp_lgca_type14_4_r_step2_i_mod_i_MI_TICs.out,208062,d43f8c102d9b608b354d6ad314dd4d7412e74e3e4f98fa070e39c077db068e30,2026-09-27T11:01:25.774209+00:00,mplus,d43f8c102d9b
mplus/d4a2ec1e612a/pp_lgca_type14_4_edu12_r_step2_cat_i_mod_i_mi_tics.inp,11734,447e973a46b3eedc461f36881d7248a010f5b2b28f1aa1280e1f750648b2ba1a,2026-01-19T17:20:43.626199+00:00,mplus,d4a2ec1e612a
mplus/d4a2ec1e612a/pp_lgca_type14_4_edu12_r_step2_cat_i_mod_i_mi_tics.out,230401,d4a2ec1e612abc021a8c27b57b44898921eb4fd1f23f864d57b61f42117d6ccd,2026-01-19T17:26:05.563407+00:00,mplus,d4a2ec1e612a
mplus/d6a2c5ffa0a6/pp_lgca_type14_urban12_r_step2_cat_s_mod_s_MI_TICs.inp,11634,bc262436f9a2e7292f327e63084e9b3ddcfb8d0fb007b4e4bc384d5fd2172d9c,2026-09-24T19:54:34.332933+00:00,mplus,d6a2c5ffa0a6
mplus/d6a2c5ffa0a6/pp_lgca_type14_urban12_r_step2_cat_s_mod_s_MI_TICs.out,240344,d6a2c5ffa0a6f8bd22929582f09f2480b133dfc6d2059d2ffc7e285b206618cc,2026-09-24T21:22:46.145382+00:00,mplus,d6a2c5ffa0a6
mplus/d7b3c189a041/pp_lgca_type14_4_pinc412_r_step2_cat_i_mod_i_MI_TICs.inp,11746,b7841bb21d970dc0ba63a01cc0825d3089d8b192420dd2a377d5828fb2483c5b,2026-09-24T21:37:39.335583+00:00,mplus,d7b3c189a041
mplus/d7b3c189a041/pp_lgca_type14_4_pinc412_r_step2_cat_i_mod_i_MI_TICs.out,230413,d7b3c189a041eb03bfec1c9baa6915a61bc8c20a906430d3706adbada71cf1c0,2026-09-25T01:01:25.965598+00:00,mplus,d7b3c189a041
mplus/da93d83006f5/pp_lgca_type14_pinc412_r_step2_cat_i_mod_i_mi_tics.inp,11766,1e1e29033ce61f25b9badb198de4ecb1481784e4d17c345db0ee7396c480e562,2026-01-19T16:05:20.086895+00:00,mplus,da93d83006f5
mplus/da93d83006f5/pp_lgca_type14_pinc412_r_step2_cat_i_mod_i_mi_tics.out,242032,da93d83006f5c2c96c5dce6716672b0c7c74656fd7574d88cd262605e0bf8e93,2026-01-19T16:11:43.810642+00:00,mplus,da93d83006f5
mplus/dbd934ff73f0/pp_lgca_type12_r_step2_s_mod_s_MI_TICs.inp,8583,8fb5c595202e5ec155e8134df5dc5653ff888c73050bdb36cdd05e4390934e41,2026-09-26T17:15:47.443122+00:00,mplus,dbd934ff73f0
mplus/dbd934ff73f0/pp_lgca_type12_r_step2_s_mod_s_MI_TICs.out,216413,dbd934ff73f07618dd0c2669487bedacbe8e2abbf3c9aa6a59cb0b5b289013f7,2026-09-26T23:21:09.043320+00:00,mplus,dbd934ff73f0
mplus/dc02f087849a/pp_lgca_type12_edu12_r_step2_cat_i_mod_i_mi_tics.inp,11760,f9369d6fe0d0adc31c1785ead57e642005191f4cb9c494b114a04be1cb5c36e5,2025-12-31T22:53:53.976153+00:00,mplus,dc02f087849a
mplus/dc02f087849a/pp_lgca_type12_edu12_r_step2_cat_i_mod_i_mi_tics.out,242024,dc02f087849a05bfa407d4356906258292e40b79c5fb03ee09f4608f35e19c21,2025-12-31T22:56:28.342969+00:00,mplus,dc02f087849a
mplus/e01dbf1b1bf9/pp_lgca_type13_r_step2_s_mod_s_MI_TICs.inp,8574,c605ede4992e5877f35cd745bf1e74c62bcf18e37df15833311dfbc0c2571899,2026-09-26T23:30:46.928588+00:00,mplus,e01dbf1b1bf9
mplus/e01dbf1b1bf9/pp_lgca_type13_r_step2_s_mod_s_MI_TICs.out,214560,e01dbf1b1bf9684a42d866f9b49eab3384b80879b0cc443e9bf08e7d9821dd40,2026-09-27T08:54:39.680179+00:00,mplus,e01dbf1b1bf9
mplus/e11523a065f0/pp_lgca_type13_r_step2_s_mod_s_mi_tics.inp,8574,cbad2be0acc73d32ccd5c39d02a245132d2573bba51baa35fd77e6ea99a9df59,2025-11-19T12:18:30.761879+00:00,mplus,e11523a065f0
mplus/e11523a065f0/pp_lgca_type13_r_step2_s_mod_s_mi_tics.out,214562,e11523a065f07b98d42c85c64512c7c326dee4e7d53af1098e10aaaaefd33f2b,2025-11-19T12:23:35.465348+00:00,mplus,e11523a065f0
mplus/e22fd9179d09/pp_lgca_type13_r_step2_cat_s_mod_s_MI_TICs.inp,7585,e3e56b388ed4588f167319dfd442d9c44cb5de92dfeb03f53163da353344f3a9,2026-09-27T14:43:16.583143+00:00,mplus,e22fd9179d09
mplus/e22fd9179d09/pp_lgca_type13_r_step2_cat_s_mod_s_MI_TICs.out,212641,e22fd9179d091b8dca6274a961c6c228623e353eb20dc2fd5e4b7ee056e19d3f,2026-09-27T15:02:24.697490+00:00,mplus,e22fd9179d09
mplus/e2e7477cf6be/pp_lgca_type14_4_r_step2_s_mod_s_mi_tics.inp,8528,82be85a4c1e51f079110f9425db65a189620e659d341604ac380f9ca864f2492,2025-11-20T17:04:02.001123+00:00,mplus,e2e7477cf6be
mplus/e2e7477cf6be/pp_lgca_type14_4_r_step2_s_mod_s_mi_tics.out,206995,e2e7477cf6beb4139190b0fd111b8812e81abf001ad1c1658635405fafb18fdb,2025-11-20T17:07:32.795341+00:00,mplus,e2e7477cf6be
mplus/e5d634546aad/lgca_process5_shape_factor.inp,4277,12c6233da86f4697a1b4f7df66b1e055864511b895778f6479024fc7df5b9087,2025-11-15T07:36:19.449921+00:00,mplus,e5d634546aad
mplus/e5d634546aad/lgca_process5_shape_factor.out,21751,e5d634546aad762d50e057cf90eb00c22ef5a292efdc1cf9c6a03797f322b3f0,2025-11-15T07:36:20.012112+00:00,mplus,e5d634546aad
mplus/e6fe7696f644/lgca_process1_piecewise_baseline_std.inp,4609,ae6a61201ed8ba0843e8b99b565da3598d073ba2cee0f82eb3def62c24f5ac4c,2025-12-26T14:28:44.485745+00:00,mplus,e6fe7696f644
mplus/e6fe7696f644/lgca_process1_piecewise_baseline_std.out,24863,e6fe7696f6445cd378794cb7ebc441b0478d21869e758e1a397b7a42154b3297,2025-12-26T14:28:45.017712+00:00,mplus,e6fe7696f644
mplus/e80081754770/pp_lgca_type12_urban12_r_step2_cat_s_mod_i_MI_TICs.inp,11656,3975ce0cae0a6abb85401af9247be6ad1a500d27a1e69c7cd675476eee918a77,2026-09-16T22:35:45.702827+00:00,mplus,e80081754770
mplus/e80081754770/pp_lgca_type12_urban12_r_step2_cat_s_mod_i_MI_TICs.out,240374,e80081754770958369209c77ebead8747fe21f5dceaae932ae53d506e39044d2,2026-09-24T10:04:31.075037+00:00,mplus,e80081754770
mplus/e99e39839685/pp_lgca_type12_r_step2_i_mod_s_MI_TICs.inp,8583,4f3e0a1120c6dd1d0f45874cf61dc00193f793c997e493638821f2873cd62e27,2026-09-26T17:15:35.759979+00:00,mplus,e99e39839685
mplus/e99e39839685/pp_lgca_type12_r_step2_i_mod_s_MI_TICs.out,216413,e99e39839685267b9637439741b897b07bf1bd54918bbce27e9a0006b5e00fa0,2026-09-26T23:04:36.189440+00:00,mplus,e99e39839685
mplus/e9ddc6534b0a/pp_lgca_type14_r_step2_cat_s_mod_s_MI_TICs.inp,7558,10c25dca27e5e14a3953602d10825824ba8da968ad2c8a76c764916c41e7a75e,2026-09-27T15:04:56.194371+00:00,mplus,e9ddc6534b0a
mplus/e9ddc6534b0a/pp_lgca_type14_r_step2_cat_s_mod_s_MI_TICs.out,214456,e9ddc6534b0ab1c8b5727fcf9ee61683166ecec7e0f5651032a5fa83bde9d01d,2026-09-27T19:37:23.999811+00:00,mplus,e9ddc6534b0a
mplus/ea0586d4392f/lgca_process44_piecewise_baseline_std.inp,4610,cc8d95375141687ea8a3f30a2698bfe48de81d2b1846516071b2140e7e3e8401,2025-12-26T14:28:59.112531+00:00,mplus,ea0586d4392f
mplus/ea0586d4392f/lgca_process44_piecewise_baseline_std.out,26102,ea0586d4392f14b99be512783a92b00c1e3f847b85061266f494266c688ba679,2025-12-26T14:28:59.615068+00:00,mplus,ea0586d4392f
mplus/ec01e165e14d/pp_lgca_type14_pinc412_r_step2_cat_s_mod_s_MI_TICs.inp,11634,788242be1f1ee78f73ea28c15b01062caa7e33863e2ecde75ae066ad6fca01d0,2026-09-24T19:54:58.165461+00:00,mplus,ec01e165e14d
mplus/ec01e165e14d/pp_lgca_type14_pinc412_r_step2_cat_s_mod_s_MI_TICs.out,240344,ec01e165e14deeec769dc0e48ffe3ab61ea366acfd834a8d82352c9225e83587,2026-09-24T21:34:13.924109+00:00,mplus,ec01e165e14d
mplus/ed817cd0c7a3/pp_lgca_type14_edu12_r_step2_cat_i_mod_s_MI_TICs.inp,11634,ae81c056e46f57d435bd9cff8d79f1ac5a07a41dd2397ceee6dc5852307ad45a,2026-09-24T19:54:22.263569+00:00,mplus,ed817cd0c7a3
mplus/ed817cd0c7a3/pp_lgca_type14_edu12_r_step2_cat_i_mod_s_MI_TICs.out,240350,ed817cd0c7a3c37033d8b7c91014db5deb431b90bce83c45f4a7870d8af2b8d5,2026-09-24T21:08:22.387530+00:00,mplus,ed817cd0c7a3
mplus/ee7e340ec03a/lgca_process1_piecewise.inp,4579,22003e7411563da1dfd840613c161c482b3d8f0c5f349e85bcd2b00b79392beb,2025-11-15T07:35:44.917253+00:00,mplus,ee7e340ec03a
mplus/ee7e340ec03a/lgca_process1_piecewise.out,24833,ee7e340ec03aef01409637f533c9e8562d63e3643f4f26a56d0570ba0fa32590,2025-11-15T07:35:45.837681+00:00,mplus,ee7e340ec03a
mplus/ef213af9b9e4/model.inp,552,51967d7a85a9c445fa525c8b5bac56a8b0505225de1f84fd27f622ac8ef8cb33,2026-10-05T17:36:13.089106+00:00,mplus,ef213af9b9e4
mplus/ef213af9b9e4/model.out,345471,ef213af9b9e4337f9a2fb343014236de93a1d3be9689ada3eb07ba74d38a9f60,2026-10-05T17:37:21.995797+00:00,mplus,ef213af9b9e4
mplus/f0748ba36396/diagnostics.json,132,12a306f172e13e1672f10e940db8de4d46da22d4edc16f5b6f13860bf40c2c8e,2026-10-05T17:22:28.813316+00:00,mplus,f0748ba36396
mplus/f0748ba36396/model.inp,3954,ddfdfabecf006fc0f8e6ecc9613ccd0730d8ae36d1a4b3e179737cf1225ebb78,2026-10-01T22:11:42.530430+00:00,mplus,f0748ba36396
mplus/f0748ba36396/model.out,21446,f0748ba363969ee6cc82fe0d8f89e6b070fee3d5f92d419e8b6ab1ed23efe38c,2026-10-02T07:08:01.807413+00:00,mplus,f0748ba36396
mplus/f112df231642/model.inp,1995,673b004a598a9785aa2be244d3911f17c383a3bb59cefe56591016b8b49ef294,2026-10-02T13:46:12.828700+00:00,mplus,f112df231642
mplus/f112df231642/model.out,196616,f112df2316422d1afec48a98bde8b2a8d2c9e9b5a500baf3932f1fc6e3ff0103,2026-10-02T15:47:42.389280+00:00,mplus,f112df231642
mplus/f3a08a78f881/pp_lgca_type12_urban12_r_step2_cat_s_mod_s_mi_tics.inp,11644,e324e8e89f2297d37178256c9d962edd6521426835f48646c3764da291e7c9a1,2025-12-31T23:07:59.403903+00:00,mplus,f3a08a78f881
mplus/f3a08a78f881/pp_lgca_type12_urban12_r_step2_cat_s_mod_s_mi_tics.out,240356,f3a08a78f881e94ad9f3388004e5ed324192b95371cd593761a71c5cdbc014db,2025-12-31T23:11:25.640441+00:00,mplus,f3a08a78f881
mplus/f4763d090286/lgca_process5_quadratic_baseline_std.inp,4309,499661ec2712ecbf885a918b2bb284f0b0338c5d4041454b8af8976c79d2c98d,2025-12-26T14:29:16.664641+00:00,mplus,f4763d090286
mplus/f4763d090286/lgca_process5_quadratic_baseline_std.out,25173,f4763d090286edc7ded121ab91468fa07a14d08492928d951842cf2b132c7cf4,2025-12-26T14:29:17.173436+00:00,mplus,f4763d090286
mplus/f5dd77ed69e3/lgca_process3_linear_baseline_std.inp,4291,cf47a7e45a9e42258df65a022ecd74d34e4a320723610e97d22c0608255d1da7,2025-12-26T14:28:50.663409+00:00,mplus,f5dd77ed69e3
mplus/f5dd77ed69e3/lgca_process3_linear_baseline_std.out,22140,f5dd77ed69e38f2695eb5d1c0c3ec01b62520eb045b7cfd2dd10707414368d2e,2025-12-26T14:28:51.402000+00:00,mplus,f5dd77ed69e3
mplus/f6653f00e78f/pp_lgca_type14_urban12_r_step2_cat_s_mod_i_MI_TICs.inp,11648,77ea2723e74381938d35862d34dfec8218aad07cbeefaafb1472d704e3c14d2a,2026-09-24T19:54:29.465979+00:00,mplus,f6653f00e78f
mplus/f6653f00e78f/pp_lgca_type14_urban12_r_step2_cat_s_mod_i_MI_TICs.out,240366,f6653f00e78fe975430342c8fbbfa8fd8b9a84458fa5510f59eaa6608fcd5f23,2026-09-24T21:15:50.055508+00:00,mplus,f6653f00e78f
mplus/f755a5d924ea/pp_lgca_type13_urban12_r_step2_cat_s_mod_s_mi_tics.inp,11638,c53b961cc819d06f7a056f408dd969bf47c43cf5eb3b2c4ba7d82e2d110d2a49,2026-01-19T13:42:17.681975+00:00,mplus,f755a5d924ea
mplus/f755a5d924ea/pp_lgca_type13_urban12_r_step2_cat_s_mod_s_mi_tics.out,238465,f755a5d924ea6f92e7cc153e698c0b80844ad69a3f79512b46ddaa40cdd17ea8,2026-01-19T13:50:19.924331+00:00,mplus,f755a5d924ea
mplus/f888bc7a56b8/c_pp_lgca_type4_4_controlbaselinemean_mi_tics.inp,4184,6af32302e61e5b92507ab1c5d201563a3ff9a2b0977ceca8991f3e95fe4f281e,2026-01-29T17:06:25.401295+00:00,mplus,f888bc7a56b8
mplus/f888bc7a56b8/c_pp_lgca_type4_4_controlbaselinemean_mi_tics.out,211671,f888bc7a56b893c365898929e3d9d16fb19afa15f8850b05a33a9cb3d9ec03d1,2026-01-29T17:08:36.504819+00:00,mplus,f888bc7a56b8
mplus/f8971ae1e5ff/c_pp_lgca_type4_controlbaselinemean_MI_tics.inp,4178,03eacdd82df936a55766e78f01289ced4d563ae0a39a1b2612e0c63e2a1a5f9a,2026-09-08T20:43:54.567505+00:00,mplus,f8971ae1e5ff
mplus/f8971ae1e5ff/c_pp_lgca_type4_controlbaselinemean_MI_tics.out,214154,f8971ae1e5ff5afbb1633d3494e71a257d444173c3a6f763755460a1a37f3df5,2026-09-08T20:43:54.570506+00:00,mplus,f8971ae1e5ff
mplus/f8df90bbb17b/pp_lgca_type13_urban12_r_step2_cat_i_mod_s_MI_TICs.inp,11646,9062afabe5f5790a8a131fcd2be3603eb16a03d03df15e45e23b7d729f925ea5,2026-09-24T11:57:49.473006+00:00,mplus,f8df90bbb17b
mplus/f8df90bbb17b/pp_lgca_type13_urban12_r_step2_cat_i_mod_s_MI_TICs.out,238479,f8df90bbb17bdd6817df5dcf530e171c507773e3e0856ce943d90e32e86e77da,2026-09-24T19:28:42.446585+00:00,mplus,f8df90bbb17b
mplus/f94020769a0a/pp_lgca_type14_urban12_r_step2_cat_s_mod_s_mi_tics.inp,11636,7a45cf156eb9546a2bacf1884e8182f8e426acb4a72e0d203ffbff715b609909,2026-01-19T15:58:08.236432+00:00,mplus,f94020769a0a
mplus/f94020769a0a/pp_lgca_type14_urban12_r_step2_cat_s_mod_s_mi_tics.out,240348,f94020769a0a5e2eabe28b37dd765e594e1e237be6d474050beb1f5aa54bb4e9,2026-01-19T16:05:19.008010+00:00,mplus,f94020769a0a
mplus/f99e173e4f26/lgca_process4_shape_factor.inp,4277,b47c53c5b72cfd11ef63e95bf1827efa13fdd434033d96f25fcd3291651fd406,2025-11-15T07:35:57.889417+00:00,mplus,f99e173e4f26
mplus/f99e173e4f26/lgca_process4_shape_factor.out,22424,f99e173e4f2610ddd98ea493c6b6ce5fdebee1ed24475a1ef1643ca4509aad71,2025-11-15T07:35:58.453163+00:00,mplus,f99e173e4f26
mplus/fa55b0d6f780/lgca_process44_piecewise.inp,4580,52a3592fd36da7a242451904b691ff06fbf865aa3af817b8e1ca7bdc9e16cfde,2025-11-15T07:36:00.622226+00:00,mplus,fa55b0d6f780
mplus/fa55b0d6f780/lgca_process44_piecewise.out,26071,fa55b0d6f7801105cd705575d007a3148301d748e93372f9ef05cd2e37727042,2025-11-15T07:36:01.199927+00:00,mplus,fa55b0d6f780
mplus/faa0cdcc6bec/pp_lgca_type13_pinc412_r_step2_cat_s_mod_s_mi_tics.inp,11638,552fbfab28ca7a902db361db28c20c9a4a193528980b8c422269186ece314d03,2026-01-19T14:15:04.236314+00:00,mplus,faa0cdcc6bec
mplus/faa0cdcc6bec/pp_lgca_type13_pinc412_r_step2_cat_s_mod_s_mi_tics.out,238465,faa0cdcc6becd94cd1efcb0f14d1ff62632304df3f4114637f47ccba8e1ce330,2026-01-19T14:23:22.438861+00:00,mplus,faa0cdcc6bec
mplus/fb21b3181538/pp_lgca_type12_r_step2_i_mod_s_mi_tics.inp,8583,67e7cba2f4d65e258580df648d42a9e0556756c4ba686a7d982d101ee23bfb2f,2025-11-19T11:54:19.282665+00:00,mplus,fb21b3181538
mplus/fb21b3181538/pp_lgca_type12_r_step2_i_mod_s_mi_tics.out,216415,fb21b318153893e3e8a2e39b5edb4bc09a68403669156d6576071315081ea838,2025-11-19T11:59:53.688376+00:00,mplus,fb21b3181538
mplus/fbe495c42856/lgca_process3_linear.inp,4271,90774c908865e9e6765cc18fc3f8fd2f9c0662ae126450de37c2d3836a5fab3a,2025-11-15T07:35:51.642132+00:00,mplus,fbe495c42856
mplus/fbe495c42856/lgca_process3_linear.out,22119,fbe495c42856a94d3d5285ad37a4878e49992f13556cf281243d1a457431eaa1,2025-11-15T07:35:52.292898+00:00,mplus,fbe495c42856
mplus/fcadb6ca9316/pp_lgca_type14_4_r_step2_cat_i_mod_i_MI_TICs.inp,7546,75718e1afffa3ba8fc65d0604eef37c72074b9e85699b3b533dc6a83c93b4212,2026-09-27T19:42:18.940586+00:00,mplus,fcadb6ca9316
mplus/fcadb6ca9316/pp_lgca_type14_4_r_step2_cat_i_mod_i_MI_TICs.out,205559,fcadb6ca9316848e3aa3efab911003b1241c7beb96502c004ea6548faaaab24a,2026-09-27T19:46:32.975393+00:00,mplus,fcadb6ca9316
mplus/fcd4e8f9a2a3/pp_lgca_type12_urban12_r_step2_cat_i_mod_s_MI_TICs.inp,11654,7dfdec271f4fef2caa2b55a2ca01e0a9176644d4eeb873ad725e222b87620b8a,2026-09-16T22:35:48.954496+00:00,mplus,fcd4e8f9a2a3
mplus/fcd4e8f9a2a3/pp_lgca_type12_urban12_r_step2_cat_i_mod_s_MI_TICs.out,240372,fcd4e8f9a2a3e84cd16b4026ac8436d93a4fc83f55aa1e10bbd81e6258fb2168,2026-09-24T10:15:22.957845+00:00,mplus,fcd4e8f9a2a3
mplus/fce0b1b19422/lgca_process1_shape_factor_baseline_std.inp,4297,8d7c5a092f90c0f0be1c166f769ba4537b7c36190f46aa21de396af1ec4d5967,2025-12-26T14:28:45.309933+00:00,mplus,fce0b1b19422
mplus/fce0b1b19422/lgca_process1_shape_factor_baseline_std.out,21780,fce0b1b19422cbd3833d49dee1e73c43dac534a82c0c9c5881387a8aab48dfc0,2025-12-26T14:28:46.131310+00:00,mplus,fce0b1b19422
mplus/fe765f998345/lgca_process1_shape_factor.inp,4277,0ec1ff572cf5dc4a6c964a5af2afc3ccdc79472dc1bb2b89e83774ab4399a557,2025-11-15T07:35:46.356851+00:00,mplus,fe765f998345
mplus/fe765f998345/lgca_process1_shape_factor.out,21760,fe765f99834588b5db9b02cb860ea7f0909f2159cc163ebe08de7b080b2061bc,2025-11-15T07:35:47.277149+00:00,mplus,fe765f998345
mplus/ff0daea85d59/pp_lgca_type14_4_pinc412_r_step2_cat_s_mod_i_MI_TICs.inp,11630,0ebd63518001411a6efa69cfbbf58d571b209f3df87c46e0d0959bac2a6d11b0,2026-09-24T21:37:41.626263+00:00,mplus,ff0daea85d59
mplus/ff0daea85d59/pp_lgca_type14_4_pinc412_r_step2_cat_s_mod_i_MI_TICs.out,228751,ff0daea85d59cbe1649c91e6d588653f749811e5dd6609408d4cf314686f8437,2026-09-25T01:09:09.455604+00:00,mplus,ff0daea85d59
opinion_decisions.csv,7144,06ce0b4fe5d57d6f2e0ed217dbdd1e82fc56a3da816f96caf440b68155f11969,2026-10-05T17:47:29.767286+00:00,register,
OPINION_DECISIONS.md,4413,58074cebeb46dd81382b813fc284f5a9bc779cfed8dee88351b551ae0f28e85d,2026-10-05T17:47:29.768285+00:00,register,
pending_actions.md,1827,5d582b9efa46fd2e2bb8aeb3591761ae036e3fb457313d15adf67616cd210422,2026-10-05T17:45:09.391754+00:00,register,
R_sources/20251003 closeness&depression_absolutive.R,4011422,93141c8119c5eee930c568d4c2eb66218ef449f4bfc809d876f38302699c0a1c,2026-01-30T11:58:13.197542+00:00,R_sources,
R_sources/20251003 closeness&depression_absolutive2.R,2720431,ded3e685fe92806a259d184ed00a9686d49c266714d9144497f483792ae90acf,2026-02-01T11:19:21.577976+00:00,R_sources,
R_sources/20251003 closeness&depression_absolutive3.R,2770543,4bd2c561a4ea5f406e8886655db50d108f54420fc20a01101c9ce04389e06231,2026-01-30T12:05:49.121775+00:00,R_sources,
R_sources/20251003 closeness&depression_relative.R,3620512,59527c6dc4feb59397eda89ec967931404196e6765b3144abae9a93d58908164,2026-02-01T06:52:27.431808+00:00,R_sources,
R_sources/20251003 closeness&depression_relative2.R,4777031,75152a9c24471047a70b436d6922ae72408f9d02300ff073bf1249543dbd31bf,2026-01-19T13:25:58.962407+00:00,R_sources,
R_sources/20251003 closeness&depression_relative3.R,2814039,81e5941b334da0ec0c6a0726b31576166e8147cba18818dcf61322fa90663905,2026-02-01T09:41:50.564418+00:00,R_sources,
README.md,3316,a9765235097e0700451c6def473a163652544321f33f5c8b28ecdcc6a0ccd793,2026-10-05T17:45:09.369684+00:00,register,
review_scripts/diagnose_resource_command.R,517,c5c8cf6725b6add00b14ddb6014567b3c3f9dddcce80734055cd80011c317dae,2026-10-05T17:33:51.149237+00:00,review_scripts,
review_scripts/prepare_sensitivity.R,4408,10d5f4753b83e6b42dc23113a386e52be9fd21f424d0999e4db58dbfb943166c,2026-10-05T17:26:33.988145+00:00,review_scripts,
review_scripts/read_growth_outputs.R,2482,e277ad52740cd82d6bd74160c6257f4edc42932171f38f8aa37d64df74689947,2026-10-05T17:22:25.547904+00:00,review_scripts,
review_scripts/repair_direct_input.R,1679,3a5c642d4718f99f3a5535cf2cd6300a5d54e1e9045b942732c5d62fdcdb20be,2026-10-05T17:36:12.509881+00:00,review_scripts,
review_scripts/run_sensitivity.R,4817,4756a732be26408d479977cebdfca2355c89ecede72b45eef211752bf304e2ab,2026-10-05T17:36:12.488317+00:00,review_scripts,
review_scripts/summarize_measurement.R,9744,d4bef69b35e0bb8ceeaa44a739837594ec6c67763145c2e2b267b364f823dab4,2026-10-05T17:18:24.866353+00:00,review_scripts,
review_scripts/summarize_scores.R,4908,ef65610626fa23500cdaaf5b142cfd567d74f1ee834ce3c462486b7a50cf3b68,2026-10-05T17:18:24.872701+00:00,review_scripts,
review_scripts/summarize_sensitivity.R,3474,8dbc177aca428c911e55aed5cb309267294aefcac8fe0e66582935c16c08c41b,2026-10-05T17:39:05.116284+00:00,review_scripts,
sensitivity_performance_summary.json,776,ebea2736259fc62bbb8a1e76507e09f8c438570c830307dc92cbdca3af0de02a,2026-10-05T17:46:53.615388+00:00,register,
source_evidence/Astra_LGCM_Audit_Package_Instructions..md,14547,ceef1ce618f80a09dbbac64d0aff70b51645765d1d4f60176546bcc6f5d86e17,2026-10-05T15:08:01.303881+00:00,source_evidence,
source_evidence/cesd_five_wave_audit_summary.json,1562,a889ea95d3b49e7f950acdff1f997fd7d211ac96cdb85b93ea6ea05613bff04b,2026-10-01T21:02:15.031284+00:00,source_evidence,
source_evidence/cfps2012_cesd.pdf,536059,f7a63eec365e04dd72e21857977e994d5cca0ddadfe8fe604848a9f74dc33a55,2026-10-05T17:16:18.991078+00:00,source_evidence,
source_evidence/cfps2012_cesd.txt,23433,1310aa41b228b28a9cf52dfe4395554d7351ccc0fbac9c3b0d20d1e01a477f1f,2026-10-05T17:16:19.136254+00:00,source_evidence,
source_evidence/cfps2016_cesd.pdf,473130,369131fc549eb5acef8092d0c64ab36584b43d6847cbee0a802e15fe6a6f62e8,2026-10-05T17:16:20.275340+00:00,source_evidence,
source_evidence/cfps2016_cesd.txt,27847,ac3d749686aa40a963edb6c2772f80e7ed5dda14ea7d09706bc3a64ec0134798,2026-10-05T17:16:20.338499+00:00,source_evidence,
source_evidence/cfps2018_cesd.pdf,1284073,baefcfa2e4ae942a98f717f95e2935d3b98466afff787e45d9f57f41a93b7fb2,2026-10-05T17:16:22.818089+00:00,source_evidence,
source_evidence/cfps2018_cesd.txt,78486,08b7a6da84e71e016252cd47f240b8aa3360d1fa5aa3c0eb4481e7d2b5cdba50,2026-10-05T17:16:23.007382+00:00,source_evidence,
source_evidence/eight_model_fit.csv,1456,d67920b3be5002e6f8ab7697dd5409b887e57e10bc88187e1c8897a59bf9d922,2026-10-02T07:10:48.867887+00:00,source_evidence,
source_evidence/eight_model_growth_means.csv,2157,6f46094e481c19ccf915f8a3b5bdb463e4f0cc74fa611cdbac7423e619418eb5,2026-10-02T07:10:48.873897+00:00,source_evidence,
source_evidence/existing_LRT_D2_candidates.csv,1815,e9e947653e618ca946a579c2786451dc38f1167ed586504a5c7280e65cbaa7f3,2026-10-01T18:56:54.086138+00:00,source_evidence,
source_evidence/first_stage_time_loading_audit.json,144293,920a350e5a15f569ada42c312df3caf043e0cb11ea703d204e30f01076eaa966,2026-10-01T23:12:40.627246+00:00,source_evidence,
source_evidence/linear_vs_shape_scaled_LR.json,1899,fa75d4c8c0529c8412730a0d3bf4813432e5d1eac5623c1b4708ffde5ae4466b,2026-10-02T07:34:22.872075+00:00,source_evidence,
source_evidence/mortality_linkage_decision.json,3584,95e889d1917397dbb337c7e22f234499c904702f8755227a07e354ccbb960e32,2026-10-02T10:42:26.368235+00:00,source_evidence,
source_evidence/official_sources.json,992,8dd6fbcc47b16cebb42a4f031a6db1a5bcb3efa6de30552050400fc4128a49f3,2026-10-05T17:16:23.007382+00:00,source_evidence,
source_evidence/REPORT.md,987,6cee9f69cc43bb16c67a1668e2214e3b4d6f4b9804160cd1834541f9b6773800,2026-10-05T14:31:28.756638+00:00,source_evidence,
source_evidence/validation.json,431,682ea9d937d1d699579339a7d89c87048a8254749afce30b00febed2cabbcb5d,2026-10-05T15:52:26.907341+00:00,source_evidence,
source_evidence/给astra的打包清单_v2..md,6814,ab28cdd8620a354b72377c282cb3d8eb0ba51a93eeede87c15a2dc2f7ee7678a,2026-10-05T15:07:56.391002+00:00,source_evidence,
summaries/CESD20_scale_validation.json,206,fb28bd72d760fee3ec46e2ecaa819526fabed777b7d8d2533bf3ca2eed7d6d19,2026-10-05T17:18:33.929693+00:00,summaries,
summaries/growth_fit_audit.csv,2688,ca93166b569b75c89927fb144f61c74ac4c370a25a60ee81603e6a874a8a5dcf,2026-10-05T17:22:30.280135+00:00,summaries,
summaries/growth_parameter_audit.csv,52713,b65bd6f3dca7c412c8270adee83668071bb2f7a4735615e3e1037599cc2e39db,2026-10-05T17:22:30.248527+00:00,summaries,
summaries/growth_predicted_means.csv,2311,60f931b062595638694b6c69158fe17f77f21c3313f54616047bde138c5df426,2026-10-05T17:22:30.282098+00:00,summaries,
summaries/measurement_audit.csv,12137,946489b73c3a2730b3cc1dad00ee7d84f7af398a50c14de193ca0136b1fdbadb,2026-10-05T17:18:40.083081+00:00,summaries,
summaries/measurement_validation.csv,180,4ac32f826f35ff448601f0f16c8d0a679068f8e4b3f2484310f3051132ceb3de,2026-10-05T17:18:40.203667+00:00,summaries,
summaries/raw_source_manifest.csv,1869,0796a511a67b1d68124a772184c83c7fc277ed84384285ffee3a16b13158443b,2026-10-05T17:18:40.086087+00:00,summaries,
summaries/sensitivity_all_attempts.csv,7397,8e8fe0ed433bdad95421f95e9269e1018f013af87f146a8f2a712f430702365d,2026-10-05T17:39:16.207420+00:00,summaries,
summaries/sensitivity_current_status.csv,4343,083321e1f14ee4612776ea6baf819dbdd50106567aa79e81df252879aade730c,2026-10-05T17:39:16.211951+00:00,summaries,
summaries/sensitivity_fit.csv,3622,2b43c32982236ba4c68ef67d25608e5bea1cf015c96706ef44b2bbb0912d012e,2026-10-05T17:39:16.261105+00:00,summaries,
summaries/sensitivity_parameters.csv,54757,55ce18514d5d25365750e3a9b677d2e1b8d4832eabaec14997076b0e280190af,2026-10-05T17:39:16.242147+00:00,summaries,
summaries/sensitivity_summary.json,321,35865adf263799d796d8b21846651a7113e988aec07f05e2de03ee37e3db8566,2026-10-05T17:39:16.265843+00:00,summaries,
summaries/T1_wave_scale_sample.csv,2654,d7354aa7f39f60a5954c334311af7f63c9edb84d4dbb50732d06f4f6a49b90c4,2026-10-05T17:18:40.051324+00:00,summaries,
summaries/T2_2016_form_comparison.csv,1053,adfb9b734cf675ad1932f3d460570c5aa9f0c1c3c5c54c9b61371f07093e083f,2026-10-05T17:18:40.063378+00:00,summaries,
summaries/T2_classification.json,261,92cde4569243d26f92736b6bd9fece1518fad56e7963eddc767eb86d8773d18f,2026-10-05T17:18:34.281297+00:00,summaries,
summaries/T3_item_means.csv,5716,a06e472e5aca4a1162b75891a71f6340a4f9e3086655f2a4927c96a6e960110e,2026-10-05T17:18:40.071467+00:00,summaries,
summaries/T4_scale_identity.csv,389,09ff3c78b8e4dd2714122351426fd07c9efd7959755edb86ba3b271a343fc5f1,2026-10-05T17:18:40.074579+00:00,summaries,
summaries/T5_baseline_relationship.csv,819,2b7b50e7009e6a7c4cbc1c0641a5638b72d308231472646ce95331a874b70bd6,2026-10-05T17:18:40.128804+00:00,summaries,
summaries/T6_observed_score_crosstabs.csv,2592,f09061bd576127b4528068f9c2fe550609f7380a8be3cf039897c35d4ee005c5,2026-10-05T17:18:42.510024+00:00,summaries,
summaries/T6_score_cutpoints.csv,2279,d78d7e318e4c6892ab48856bb96a5183d81c5d4ef382b017fac25a3e26dcd880,2026-10-05T17:18:42.506927+00:00,summaries,
summaries/T6_score_precision.csv,852,0918175bb5f53e1f64e7a54c8878cefc54a7cf615c34c59ba2ec3ed0da84ce31,2026-10-05T17:18:42.513368+00:00,summaries,
summaries/T7_missing_patterns.csv,477,17c3de16755c5eaaa057977c052ade4212aa19599ad1bc0efa6bd897599d06f4,2026-10-05T17:18:40.163075+00:00,summaries,
summaries/T7_mortality_counts.csv,438,0a8cb52b426416ed9768411a1e9e8e3e2c5494edc82946b46939ed0eba084660,2026-10-05T17:18:42.558661+00:00,summaries,
summaries/T7_observed_waves.csv,73,98eff64139c96b2dfa7da9ed24b05fa6c46abeb20cd747ae837943c53b3d3e04,2026-10-05T17:18:40.138409+00:00,summaries,
