"","1","2","3","4","5","6","7","8","9","10","11","12","13","14","15","16","17","18","19","20","21","22","23","24","25","26","27","28","29","30","31","32","33","34","35","36","37","38","39","40","41","42","43","44","45","46","47","48","49","50","51","52","53","54","55","56","57","58","59","60","61","62","63","64","65","66","67","68","69","70","71","72","73","74","75","76","77","78","79","80","81","82","83","84","85","86","87","88","89","90","91","92","93","94","95","96","97","98","99","100","101","102","103","104","105","106","107","108","109","110","111","112","113","114","115","116","117","118","119","120","121","122","123","124","125","126","127","128"
"1",0.011700516,0.0027699469,0.0034557233,0.0034727355,-0.0011068832,0.00015961097,0.001823245,0.0020493467,-0.00051099289,-0.00016140229,0.0003203571,-1.5985064e-05,-4.6764232e-05,6.5812517e-05,-0.00058758312,0.00026842792,-0.0007214171,0.00035828145,0.0012439835,-0.0036176984,0.00024837844,-0.00020256407,0.00014576892,0.00030345835,-0.00088890535,-0.0012539046,0.00055934277,-0.00016256848,3.9252345e-05,-0.00039310949,0.00037366342,0.0014118613,0.00032957783,-0.00020985638,-0.00023250687,5.4358355e-05,0.00028430997,-0.00027971916,0.00067312186,-0.00020599637,-0.00054746752,0.00017353719,0.00014975285,-0.00095125138,-9.6662897e-05,-3.0896827e-05,-0.00047026208,-0.0002680485,0.0014371804,0.001200256,-0.0011010212,0.00046871635,-4.80276e-05,0.0001881267,-0.00039813529,-0.0034551018,-0.0010895071,0.00028959303,0.00052668543,6.6753071e-05,-0.00081321583,0.00096424423,-0.0016093362,0.0012401553,0.0011134543,0.00073699409,0.00011130462,0.0006362867,0.00071185758,7.7834444e-06,-0.0027210631,-0.00030305617,0.00036717981,-0.00040679196,-0.00053151816,5.4559497e-05,-6.6461708e-05,9.865901e-06,-0.00084018414,0.00057029275,0.00019933651,3.0811661e-05,-4.2666853e-05,-9.5901195e-06,-1.3330199e-05,-5.7582675e-05,0.00035440461,0.00047411136,0.00048876431,-0.00040147934,0.00093307021,0.0006832132,-0.00075625877,2.2652913e-06,5.5312259e-06,-0.00065914466,-0.0017300574,-0.0027353798,-0.00085091653,-0.00016075063,0.00016768384,0.00044754793,0.00033650533,9.7201361e-05,2.4897728e-05,0.00018210383,-0.00057346207,-0.00084135232,-0.0011033077,-3.7596177e-05,0.00015158559,0.00037023099,0.0010666795,-0.00030153491,-0.0007654118,0.00026994777,0.0007084306,0.00018445953,-0.00052292953,0.00072336938,0.00050035718,-4.4322757e-05,-0.003081748,0.0040429901,-0.006644197,0.0010060566,0.00012746907,0.001048212
"2",0.0027699469,0.018076394,0.0057086598,-0.0063027074,0.0010030852,-0.0011801057,0.00026278526,0.0016764018,0.00034890752,0.00016382726,-0.0002172627,-6.1861756e-05,0.00023457553,-8.519972e-05,-0.00012589595,0.00015089875,5.5898845e-05,-0.00011945227,-0.0026425978,0.002513875,0.00067581821,-0.004338436,0.00013605375,0.0016146827,0.00017226516,-0.0015171592,-0.00024419325,0.00026960508,-4.0949677e-05,0.00077303647,-0.0021697954,0.0062391159,0.00016920749,0.00052094631,0.00015182923,0.0012247622,-0.00012426831,-0.00015629398,-0.0010870584,0.0013941686,-0.00013746775,4.0987179e-06,0.001587314,-0.001115071,-0.00018531669,0.00017108197,-0.00052272632,-0.0025333104,-0.00077458014,0.0014448805,0.00033803752,-0.00032748397,9.0638131e-05,-0.0019930851,0.0033902069,-0.011210138,-0.00033999589,-0.001075801,5.5371284e-06,-0.0015795999,-9.0686228e-05,0.0010983461,0.0017208588,-0.0012962958,0.00063174288,0.0010879096,-0.0019559621,0.00070575048,0.00094648002,-0.00035327175,0.0077289072,0.0011506802,-0.00014963469,-8.1319669e-05,-0.00015986863,0.00073175568,3.8267499e-05,-3.3176114e-05,0.0023046349,-0.0015603422,0.0026616143,0.00073974425,-3.4493397e-05,-0.00024624157,9.9565062e-05,0.00030068676,-0.0012595271,-0.0012082228,-0.0014044969,0.00022609984,-0.002062202,-0.00062204799,0.00041429758,-0.00029048306,6.4237966e-05,-0.0062662266,0.014970178,0.00044035419,-0.0015293814,0.00028142007,-0.00019576295,-0.0014143333,-0.0003132172,0.00042991926,5.039986e-05,-0.0032808217,0.0015054377,-0.001639323,-0.00076189844,-0.00023668327,0.00068941346,0.00051570086,-0.0013708213,0.0020556568,0.00053546958,0.0029437507,-3.0544677e-05,0.0035503377,0.001034412,-0.0021391761,0.0012610111,-0.00018341663,0.0065236181,-0.0075475113,0.0062422412,-0.0017323409,0.00049554418,-1.980797e-05
"3",0.0034557233,0.0057086598,0.021227933,-0.0033200241,0.00020614513,-0.00025711903,-0.0053123919,0.0013187317,0.00049661375,-0.00016007664,-0.00012190504,-3.6836651e-05,7.1496029e-05,-5.3000102e-05,0.00082594249,-0.00012541475,-0.00019003718,-0.0005297797,0.0011217089,-0.0042387079,0.00082728588,-0.0026392478,0.00042593524,-0.00076326863,6.6182704e-05,-0.00056382616,-0.0011383804,-0.00038519495,-1.8949244e-05,0.00010889774,-0.0003921333,0.00016942999,0.0012875996,0.00039566334,-0.00028350173,-0.00076097672,-0.00059431581,-0.00097764857,-6.7616688e-05,0.0006796721,0.00071946417,-1.4325553e-05,-8.0726085e-05,0.0011232488,7.458686e-05,2.2792453e-05,-0.00084646077,0.0016135178,-0.00042993101,0.0002938414,0.0023219032,0.00095653434,2.932404e-05,-0.00069821914,0.00028455514,0.00092707649,-0.0027211461,-0.00084544073,0.00069626253,0.0014719418,0.0011856731,0.0022657704,2.900422e-05,-0.00034921246,-0.001592789,0.00095662114,0.00089073918,-0.0026830708,0.00017024926,-5.7367183e-05,0.0020949009,0.00050391897,-0.00059674162,-0.00014928471,-0.00016565961,-0.0001070534,-0.00011951216,-2.6913611e-05,0.000672025,-0.000402257,0.00030642179,0.00087142487,1.4057516e-05,-0.00012101329,-0.000282068,-0.00014006432,-0.00055129408,-0.00024606415,-0.00026724131,0.00035693724,-0.00063283627,-0.00049580874,0.00065474149,-2.2156058e-05,2.1132513e-05,-0.0018001443,0.0064751888,-0.0013146466,-0.0010632499,0.00082340077,0.00011860741,-0.00060560125,0.00077722638,0.00054463054,9.8374936e-06,-0.0012548556,0.0004297507,0.00069165432,-0.0014592339,-0.00029434037,0.00033855229,0.00057470519,0.00055002299,0.00059632286,-0.00054994343,0.00097997222,-0.00048912645,0.0015589871,0.0010490503,-0.001234523,0.00055922947,-8.7176164e-05,0.0031475863,-0.0040928763,0.0044582516,-0.00058264813,0.00025212108,0.0011274488
"4",0.0034727355,-0.0063027074,-0.0033200241,0.0073614401,-0.00081518415,0.00056789281,0.001749263,0.00015134527,-0.00038789731,-0.00012079543,0.0002413831,6.7615375e-05,-0.00018996249,8.2966826e-05,-0.00037674362,0.00021917625,-0.00039746671,0.00056456999,0.0013848595,-0.0018010876,-0.00093745253,0.0043568012,6.5541251e-05,-0.00058006357,-0.00062916959,0.0002222076,0.00026146151,-0.00011144144,3.8554111e-05,-0.00061082693,0.0011387017,-0.0018863626,0.00014810417,-0.00036548875,-0.00017240747,-0.00033318086,0.00023642125,-0.00023430423,0.00081639783,-0.00073109476,-0.00013425037,0.00016479329,-0.00059219082,-0.00020517365,3.2945742e-05,-6.4589711e-05,6.437047e-05,0.00086209641,0.0011534011,-0.00017848845,-0.00053119978,0.00018148221,-5.3846233e-05,0.00088764525,-0.0015080834,0.0028953307,-0.00020010532,0.00065920303,0.00015041402,0.00040951961,-0.00034603157,3.3890462e-05,-0.0015665452,0.00086771156,0.00025056671,-0.00031690205,0.00073038052,0.00026030615,-0.00010351859,0.00013321338,-0.0075463599,-0.0010346766,0.00056275015,-0.0002713649,-0.00019272487,-0.0005690657,2.6069091e-05,1.5273685e-05,-0.0022458257,0.0013099799,-0.0011611849,-0.00052573818,3.3199119e-05,0.00025748552,4.1689569e-05,-0.00028113486,0.001113319,0.0011396496,0.0015511841,-0.00030299914,0.0022470175,0.0011225408,-0.00083650732,0.00023342935,-2.3951954e-05,0.0057067424,-0.016903846,-0.001052984,0.0010697126,-0.00089498321,0.00075183617,0.0019257615,0.00037012084,-0.0005427982,2.5335382e-06,0.0031701189,-0.0010106583,-0.00060340613,0.00014497079,0.00015692857,-0.00061345403,-0.00037214294,0.0013636591,-0.0018523193,-0.00042849828,-0.0029114945,0.00049607624,-0.0036466986,-0.0019223282,0.0028446301,-0.0010476523,0.00011240814,-0.0064719854,0.0076506605,-0.0085890706,0.0019991611,-0.0004120157,-7.597871e-05
"5",-0.0011068832,0.0010030852,0.00020614513,-0.00081518415,0.00068707467,-8.6135409e-05,-0.00012275552,-2.6921796e-05,7.1051113e-05,5.1580486e-05,-0.00012747924,3.2216274e-05,3.8399813e-05,-1.3158897e-05,5.0620176e-05,-1.4286586e-05,0.0001126711,-4.7404196e-05,-0.00041029293,0.00048668382,0.00015733263,-0.00047741624,-9.1865289e-06,5.9559492e-05,4.9874709e-05,9.9053369e-06,-0.0002049676,3.4498577e-05,-9.5622701e-06,0.00013349227,-0.00020697196,0.00032324281,-1.8418842e-05,7.4751049e-05,5.5881433e-05,9.7646353e-05,-5.729158e-06,2.5674553e-05,-0.00015721105,9.7308209e-05,5.1253038e-05,-3.4671531e-05,0.00012020827,0.00010244004,1.029465e-05,1.4452232e-05,8.8355204e-06,-9.7524254e-05,-0.00020725193,-6.6554452e-05,0.00027633166,-3.4520257e-05,1.1078226e-05,-0.00018659211,0.00027711252,-0.00023406076,-0.00011205084,-0.0001261008,-5.0759004e-05,-3.6485474e-05,6.4040114e-05,-3.8888337e-05,0.00031182847,-0.00020009721,-0.0001193765,-2.2307481e-05,-0.00014932642,-6.8850465e-05,-3.7831804e-05,-2.6416041e-05,0.00088322636,9.6052213e-05,-5.5610653e-05,2.3304005e-05,3.5226776e-05,3.6004207e-05,-4.1108021e-06,-6.4543818e-06,0.00024096911,-0.00021549324,0.00019110336,0.00011036684,6.7002039e-06,-1.5252534e-05,-2.4012385e-05,9.4039155e-06,-0.00015693998,-0.00013461698,-0.00016792916,5.1114831e-05,-0.00026055704,-0.00013369333,0.00011379812,-9.2887829e-06,1.6248813e-06,-0.00050892112,0.0014235299,0.00017767163,-4.9120788e-06,6.7687657e-05,-5.2644544e-05,-0.00013979695,3.3377203e-05,3.779721e-05,7.2686713e-06,-0.00022059806,0.00036476789,6.3748106e-05,-3.4837816e-05,-3.8234111e-05,2.7910721e-05,7.7516074e-05,-0.00014526635,0.00013953977,0.00011347416,0.00022661784,-5.6446785e-05,0.00032266447,0.00011263295,-0.00025755039,3.8672961e-05,-6.732079e-06,0.00084738922,-0.0010511476,0.0011377676,-0.00026789098,5.3334588e-05,-7.2729729e-05
"6",0.00015961097,-0.0011801057,-0.00025711903,0.00056789281,-8.6135409e-05,0.00055615279,9.6072457e-05,3.000875e-05,-4.7219056e-05,-3.6707746e-05,3.6181907e-05,1.0953253e-05,-8.2579897e-05,6.0383303e-05,-1.1838916e-05,7.4087967e-05,-5.7413712e-05,0.00013465268,0.00017017384,-0.00029392894,-7.4012364e-05,0.00028162249,2.01622e-06,-5.0140295e-05,2.8276033e-05,7.6578918e-05,-1.2240373e-08,-2.005915e-05,4.4671542e-06,-0.00010151523,0.00014194584,-0.00020978638,4.1532149e-05,-4.7050842e-05,-1.5256163e-05,-4.5944866e-05,7.3142525e-06,-2.4673618e-06,4.4663476e-05,-0.00011018639,-5.1347079e-05,1.5909385e-05,-9.0006983e-05,4.818618e-05,1.0009587e-05,-1.3599417e-05,3.9769058e-05,0.00012888664,5.8668818e-05,-4.3440296e-05,1.8671399e-07,5.3196925e-05,-7.1024866e-06,0.00014308379,-0.00020891582,0.00058500464,-4.3498531e-05,7.3234312e-05,1.9011126e-05,6.5703601e-05,6.4080872e-06,-7.1210092e-05,-0.00014524544,0.00011282646,-4.9848133e-05,9.6937909e-06,0.00011325881,-5.045552e-05,-4.5270758e-05,2.7822471e-05,-0.00061718217,-9.7600869e-05,2.0986856e-05,-2.0533035e-06,2.3237471e-05,-3.2541995e-05,-1.1398277e-05,5.9766244e-06,-0.00017737358,0.00015040494,-0.00012526207,-6.6294666e-05,1.6165626e-05,2.2353988e-05,-7.2672773e-06,1.1037662e-05,0.00011166107,8.1195056e-05,0.00011059983,-5.6500427e-05,0.00015903369,7.2341621e-05,-6.9945722e-05,1.3464207e-05,-3.5797132e-06,0.00023408467,-0.0010302443,-0.00031954615,1.6674583e-05,-6.0009097e-05,2.6128948e-07,4.5388894e-05,2.006003e-05,-3.8318288e-06,-1.1166843e-05,0.00020836974,-0.00010932686,1.3925413e-05,3.7710025e-05,-2.2048022e-05,-3.9391839e-05,5.0248263e-05,0.00011969344,-0.00019283021,-1.6728554e-05,-0.00018413975,5.9710758e-05,-0.00014810908,-4.4588273e-05,0.00022312144,-2.6162021e-05,7.8860766e-06,-0.00057897042,0.00066740151,-0.00067988436,0.00015575642,-8.694836e-06,8.1760633e-05
"7",0.001823245,0.00026278526,-0.0053123919,0.001749263,-0.00012275552,9.6072457e-05,0.0033625024,0.00042145192,-0.00032047698,1.5934418e-05,8.2333766e-05,3.300757e-05,-3.8550136e-05,4.9832756e-05,-0.00077713184,0.00034499243,-0.00015565967,0.00036593726,-0.00020801132,0.00067796091,-0.00025541694,0.00073277281,-7.0780769e-05,0.00035766985,-0.00017224563,-0.00015427382,0.00044433528,7.68964e-05,1.0362121e-05,-6.2289335e-05,2.2763009e-05,0.00073684506,-0.00027541764,-8.7657058e-05,1.6408642e-05,0.0002534566,0.00019267072,0.00018061081,5.3223463e-05,-0.00012764491,-0.00037302282,3.0603319e-05,0.00013508339,-0.0005889815,-3.0598053e-05,-1.5412744e-07,0.00012700989,-0.00064356456,0.00032999294,0.00022842622,-0.00084293601,-0.00018281365,-8.6016387e-06,5.8742892e-05,0.00010885843,-0.0017728301,0.00066640769,0.00015584276,-6.276339e-05,-0.00045402472,-0.0003972566,-0.00043008432,-0.00028508768,0.00010595181,0.00072674583,4.4592919e-05,-0.00031930021,0.00085851414,7.5216641e-05,-7.656467e-07,-0.00092176418,-0.00018889352,0.00027638039,-2.1295378e-05,-3.8955632e-05,7.8485816e-05,3.4389927e-05,4.168111e-06,-0.00035113396,0.00019745518,0.00023256301,-0.00025651612,2.7637328e-05,2.9562511e-05,4.3732176e-05,-7.1694361e-06,0.00016841116,0.00010102695,0.00013242395,-0.000251438,0.00028620236,0.00031563894,-0.00027633394,3.3618287e-05,-8.1399779e-07,-0.00043370311,-0.002245302,-0.00076524099,-7.18702e-05,-0.00037931702,-8.13053e-05,0.0001418369,-7.4658543e-05,-0.00014204692,2.0113162e-05,0.00038361031,-0.00015533482,-0.00079044436,4.1670954e-05,1.0371355e-05,-3.8054758e-05,9.3585242e-05,0.00029488561,-0.00015004859,3.9631274e-05,2.0967491e-05,0.00040176421,-0.0001554024,-0.00043159693,0.00039439766,2.1487103e-05,-6.0706379e-06,-0.0015811897,0.0021695935,-0.0033660671,0.00040077645,1.8553612e-05,6.4773939e-05
"8",0.0020493467,0.0016764018,0.0013187317,0.00015134527,-2.6921796e-05,3.000875e-05,0.00042145192,0.0014563112,-6.8932741e-05,-3.1010466e-05,5.3307222e-05,2.0397407e-06,-3.0242364e-05,4.5984726e-05,-0.0001591594,0.00014762614,-0.00024794904,0.00019730853,2.0134298e-05,-0.00060200363,-9.2681432e-06,3.7943168e-05,4.5901325e-05,9.5148077e-05,-6.569713e-05,-0.00025944933,1.0712244e-05,-4.0315394e-05,1.0637461e-05,1.0624555e-05,-3.7566462e-05,0.00055625304,9.1447076e-05,-1.3258585e-05,-3.6235089e-05,0.00011146697,5.2478347e-05,-8.2281847e-05,5.7977633e-05,3.4789205e-05,-0.00014039139,-1.7274851e-05,0.00012793819,-0.00014038535,-5.9250765e-06,3.4382555e-06,-0.00016463994,-3.6557656e-05,0.0001137371,0.00030402922,-4.7663899e-05,0.00013902768,-8.7694581e-06,-0.00019775341,-2.2678926e-05,-0.00110484,-0.00022878621,-3.0222328e-05,0.00011910449,-8.1570609e-05,-0.00017508143,0.00019754215,-0.00018386573,0.00017431582,0.00014870506,0.00023888833,-5.2063619e-05,4.3570834e-06,0.00016372065,-2.1123491e-05,0.00012459661,6.9087432e-05,8.1815319e-06,2.9895527e-07,-7.2407526e-05,7.4398774e-05,-3.1222809e-05,3.1168034e-06,5.9451909e-05,4.7609989e-05,0.00012271519,2.5072114e-05,1.51557e-05,-4.4332863e-06,1.8058011e-05,6.9879291e-05,-7.352818e-06,-6.3171296e-05,-5.187127e-06,-6.087497e-05,-2.5478374e-05,8.2917137e-05,-1.186275e-05,-3.0508534e-05,2.6494421e-06,-0.00085875626,0.00038723203,-0.00087366257,-0.0004667357,1.5387422e-05,-0.00015625957,-7.1358639e-05,6.0014309e-05,4.9051626e-05,7.3247707e-06,-0.00026526577,5.8607892e-05,-0.00020547678,-0.00023037425,-8.2326784e-05,6.9364034e-05,0.00010355317,0.00016109599,2.3584061e-05,-7.0424715e-05,0.000170385,0.0001673837,0.00039324253,1.9159963e-05,-2.292168e-05,0.00020023137,-2.3235784e-05,-7.1955026e-05,0.00015488268,-0.0008087362,7.2175298e-05,9.9695419e-05,0.0002956624
"9",-0.00051099289,0.00034890752,0.00049661375,-0.00038789731,7.1051113e-05,-4.7219056e-05,-0.00032047698,-6.8932741e-05,0.00075889388,-9.8312433e-06,-3.8568331e-05,2.3217027e-05,-1.1002419e-05,-6.3950136e-05,0.00018480483,-6.4285486e-05,0.00018498531,-0.00010579521,-1.0011165e-05,-3.8346286e-05,-0.00019994039,0.0022700585,-2.7401338e-05,-1.8678694e-07,-3.0552702e-05,3.1718156e-05,-0.00014581877,2.3598081e-05,-4.6921521e-06,-1.6399374e-05,-9.9213887e-05,-9.1615247e-05,-4.3422898e-06,6.7188802e-06,3.2636549e-05,2.2832465e-05,-4.7416932e-05,-5.4057118e-05,-8.4599653e-05,-1.1687269e-05,6.5203746e-07,2.9551339e-05,6.1360719e-05,8.6517717e-05,-6.0591799e-07,5.9454147e-06,3.5305591e-05,-5.3377055e-05,5.2639424e-05,-5.7386165e-06,0.00022017556,-1.7023436e-05,1.7820884e-06,4.8623215e-05,0.00017026457,1.0539645e-05,-4.2298648e-05,-2.1982808e-05,-3.9076395e-05,-4.0878747e-05,0.00010741475,9.6159511e-05,0.00012792513,-1.278993e-05,2.2214461e-05,-8.2247751e-05,-6.1480998e-05,-5.0119305e-05,-7.3132776e-06,-1.0270674e-05,-0.0020599774,-0.0002905256,0.00016050365,-9.013645e-05,-9.661871e-05,-0.00022811369,2.0715205e-05,-2.9914486e-06,-0.00050001717,0.00024137286,-0.00028415371,-0.00012202329,4.4342973e-05,8.4201359e-05,4.7361921e-05,-0.00012984873,0.0003420777,0.00017857082,0.00048461218,-2.7310085e-06,0.00056524647,0.0002842503,-0.00024223246,6.440504e-05,-4.9336775e-06,0.0049084087,-0.011072761,0.0016806232,0.0012534269,-0.00054004837,0.0008438672,0.0016999339,-3.1778436e-05,-0.00034211608,-4.5760134e-06,0.0017563119,-0.00059669132,-0.00095328721,0.00057246887,0.00012932612,-0.00037991924,-0.00062823573,-8.1334928e-05,-0.0011584887,0.00035903693,-0.0024215134,-0.00035503281,-0.0024683606,-0.0012268802,0.0019522274,-0.0010198338,0.00010234874,0.00041525551,-0.00053003747,0.00069979586,0.00050508049,-0.00036807859,-0.00084242437
"10",-0.00016140229,0.00016382726,-0.00016007664,-0.00012079543,5.1580486e-05,-3.6707746e-05,1.5934418e-05,-3.1010466e-05,-9.8312433e-06,0.0011314364,-1.9513999e-05,-4.5087133e-06,1.9586818e-05,-8.2363824e-05,-7.3801064e-06,0.00010578571,6.0474456e-05,0.00053856158,-3.375519e-05,7.0109939e-06,0.00018431382,-0.0027536977,-1.64389e-06,1.6273469e-05,-2.3775408e-05,3.5158471e-05,-1.46463e-05,-2.3223153e-06,2.2394612e-06,2.7507606e-05,7.4430779e-07,-2.3551364e-05,-4.1054982e-06,-2.1549947e-06,-2.2823668e-06,0.00010977266,-1.0785511e-05,7.589372e-08,-8.6118615e-07,-2.2189605e-06,4.9269527e-05,-1.2453558e-05,3.7715742e-05,-8.0833056e-05,4.1567692e-06,-1.0210622e-07,-2.1451053e-06,-6.5451041e-06,1.0870611e-05,-5.1451497e-05,3.6773287e-05,1.5847376e-06,-3.363763e-06,7.0850799e-05,5.2686943e-05,-8.5436226e-05,-2.2156163e-05,1.1263808e-05,-7.6942546e-06,-8.2639697e-05,-4.3810294e-05,-5.0995469e-06,3.0428889e-05,-1.4145038e-05,8.2577363e-05,5.6584438e-07,-4.8919781e-05,4.493145e-05,-2.0045209e-05,-4.7601322e-06,0.0001883811,1.4146084e-05,-4.169126e-05,-6.5514834e-05,-3.3962223e-05,-1.9812703e-06,1.3583841e-05,1.0501462e-06,0.0001415443,2.5108905e-05,-0.00011348969,-1.395476e-05,-1.9707691e-05,-2.0335384e-06,2.6175182e-05,3.3032455e-05,-1.0461297e-05,-7.5977912e-05,4.7238011e-05,2.633761e-05,-3.1659093e-05,-8.6375435e-06,-6.4225977e-05,-8.0876848e-06,-2.4964063e-06,0.0027278421,0.002351185,0.0079749564,0.0017147857,0.0006557088,0.0013837524,0.00030310765,-0.0018569232,8.5958646e-05,-6.4781702e-05,-3.559496e-06,-0.00088619116,0.00029492922,0.00093616336,0.00049885381,9.823295e-05,-0.00080417655,-0.0038399333,0.00087137623,0.0017130366,-0.00010512758,-0.0005696993,-0.00054739706,-0.00016153141,-0.00016484881,-0.00086168357,8.7313594e-05,0.00012309966,-0.00014910551,0.00017097191,-6.7023452e-05,-0.0007303402,-0.0031712843
"11",0.0003203571,-0.0002172627,-0.00012190504,0.0002413831,-0.00012747924,3.6181907e-05,8.2333766e-05,5.3307222e-05,-3.8568331e-05,-1.9513999e-05,0.0002764265,-6.743535e-05,-2.0696555e-05,2.1031654e-05,-2.7919826e-05,-1.2079177e-05,-4.1031236e-05,1.2022634e-05,0.00012507441,-7.7932283e-05,-5.3220944e-05,0.00013305605,-8.430551e-06,2.6174576e-05,-3.9463067e-05,-1.4621229e-05,5.5803604e-05,-1.4014589e-05,9.9587041e-07,-9.4736605e-05,6.3862432e-06,-3.6304522e-05,2.9361511e-05,-7.1175407e-06,-1.3017906e-05,-2.0426024e-05,-1.4780691e-05,-3.7650249e-05,5.2036696e-05,-6.8642161e-05,-6.582002e-05,1.3432844e-05,-2.6990377e-05,-2.1908744e-05,6.3224143e-06,-2.554625e-06,2.1270297e-05,-1.2008419e-05,6.5768664e-05,1.8481035e-05,-6.4011767e-05,9.6245521e-06,-6.857724e-07,0.00010886078,-3.0053659e-05,1.6593507e-05,1.3915898e-05,1.495857e-05,4.5718294e-06,-1.3110994e-05,-3.6718372e-06,7.3543012e-06,-0.00010115961,8.0218482e-05,4.6736118e-05,-1.1366359e-05,-5.0050777e-06,2.393259e-05,-1.1034034e-06,7.8056033e-06,-0.0001124363,-5.029525e-06,1.0272658e-05,-1.6083031e-05,-1.6943399e-06,7.306096e-06,3.0101656e-06,5.1041033e-07,-4.9683681e-05,2.7582722e-05,-3.0376564e-05,-4.70605e-05,1.80201e-06,1.0757053e-05,1.088082e-05,2.3198874e-05,1.517425e-05,1.8847119e-05,2.0834569e-05,-4.8185715e-05,5.1591593e-05,1.6684935e-05,1.4748692e-06,7.5560435e-06,-1.0224139e-06,-0.00023859532,2.5088299e-05,-0.00035756139,-8.8831142e-05,-4.4590623e-06,-2.6986079e-05,-8.5149282e-05,5.7775814e-05,-1.3574988e-06,1.216204e-06,-1.7278949e-06,1.3125675e-05,7.929649e-05,-2.8535726e-05,-2.5527536e-05,-1.0723349e-05,3.4155134e-05,6.6949414e-05,-3.6444065e-05,-4.0895523e-05,5.7763882e-05,0.00011348349,4.0180985e-05,1.1219868e-05,-6.0881577e-05,5.2638704e-05,-2.7962454e-06,-0.00022424269,0.000266819,-0.00031359097,2.3616584e-05,2.3137776e-05,0.00013982197
"12",-1.5985064e-05,-6.1861756e-05,-3.6836651e-05,6.7615375e-05,3.2216274e-05,1.0953253e-05,3.300757e-05,2.0397407e-06,2.3217027e-05,-4.5087133e-06,-6.743535e-05,0.00062348344,-2.4716697e-07,0.000105586,1.3054863e-05,2.0229462e-05,1.5836445e-05,3.5132948e-05,3.7295874e-06,-5.9104606e-05,5.7353256e-05,0.0002032479,9.4912981e-06,-2.9202457e-05,-2.2562769e-05,2.857775e-05,-1.2776032e-05,4.9956557e-06,4.4647699e-08,-4.2144028e-06,1.8657559e-05,1.4253625e-05,-9.77118e-06,-5.2014164e-06,9.4674748e-07,-9.0994176e-06,1.3212642e-05,-3.464037e-05,-4.1320735e-06,-4.0183146e-05,1.3610535e-05,2.1815305e-05,-2.3926255e-05,-5.8011883e-07,-1.7383223e-05,4.4473179e-06,4.5795459e-06,1.4028437e-05,2.6614581e-05,-2.9196781e-05,6.7952537e-05,1.9391945e-06,-9.3549815e-07,5.7425495e-05,-1.8326807e-05,6.2411232e-05,-4.1992912e-05,6.3031008e-06,-1.2126719e-06,-1.2973791e-05,2.5735583e-06,3.7063576e-05,-1.8724925e-05,4.1895329e-05,-2.3850796e-06,4.078564e-06,2.4667464e-05,6.0186013e-06,2.0916193e-05,-6.0485249e-07,-8.3463427e-05,-4.8565032e-05,-3.9290712e-06,2.3896882e-05,1.1929632e-05,-8.8626843e-06,-3.2046644e-06,2.1232533e-06,-7.7699936e-06,7.3039205e-06,-2.7195796e-05,-1.0294776e-05,2.0634894e-06,-7.9226778e-06,-2.3576164e-05,-2.1470307e-05,2.797771e-05,3.5597052e-05,-7.6211974e-05,-3.5484809e-05,1.7812569e-05,-1.2582138e-05,-2.4288691e-06,6.3824497e-06,4.7377441e-06,-2.3569875e-05,-0.00064916935,-0.00025612077,1.7094301e-05,-5.1391035e-05,6.923202e-06,4.385727e-05,0.00010830642,-1.0513516e-05,-2.0525381e-06,7.4779982e-05,-2.8714576e-05,-0.00011651797,-2.4148306e-05,-4.2631289e-05,-1.8742602e-05,3.4203457e-05,0.00014339685,-8.6663039e-05,-4.1880784e-05,0.00010425792,4.9733885e-05,-0.00015441495,-3.986159e-07,0.00013964476,-8.6240632e-06,-5.6174838e-06,-1.7486561e-05,4.0450962e-05,-3.8263055e-05,4.1122973e-05,-2.7310383e-05,0.00011869012
"13",-4.6764232e-05,0.00023457553,7.1496029e-05,-0.00018996249,3.8399813e-05,-8.2579897e-05,-3.8550136e-05,-3.0242364e-05,-1.1002419e-05,1.9586818e-05,-2.0696555e-05,-2.4716697e-07,0.00030311886,-7.9973468e-05,2.9456422e-05,-5.0643085e-05,6.8248366e-05,-6.6326144e-05,-4.6341459e-05,2.0111813e-05,0.00010549908,-0.00044711387,1.1541706e-05,2.7412143e-06,-6.5853115e-06,-1.3205408e-05,1.7886289e-05,3.2243465e-06,2.300077e-07,4.2186168e-05,-4.1849848e-05,6.4292827e-05,-2.3253863e-05,1.3969325e-05,2.1125507e-06,2.6180626e-06,2.9899201e-05,2.5826201e-05,-1.3526667e-05,3.1586312e-05,2.0926094e-05,-5.2381541e-06,1.4303134e-05,-3.4885213e-05,3.1177547e-07,3.2805562e-06,-1.8018599e-05,-1.9268147e-05,-4.4911615e-05,-4.7942754e-06,1.3004299e-05,1.8804999e-06,-2.0842084e-06,-1.7570347e-05,8.5334355e-05,-4.3449531e-05,2.2144604e-06,-4.4580155e-06,-3.7390696e-06,1.7084182e-05,-8.1988415e-05,-4.5866588e-05,6.3603731e-05,-2.7624966e-07,1.9041973e-05,1.8141247e-06,1.0803073e-05,1.000037e-06,1.2545514e-05,-6.7010593e-06,0.00027460509,5.4196052e-05,-5.4828402e-05,1.2402414e-05,4.7358475e-06,1.4386401e-05,1.0273165e-05,-3.8769177e-06,6.4187553e-05,-0.00010309408,2.9520772e-05,1.6983187e-05,-2.2941077e-05,-8.7671999e-06,6.8376611e-06,-1.5730438e-06,-4.1690006e-05,-2.6724555e-05,-7.0895562e-05,1.3936638e-05,-0.00010223091,-6.2706919e-05,1.6185624e-05,-1.9814479e-05,-1.7483409e-06,-0.00025787098,0.00065315028,0.00019373936,-4.550861e-05,0.00010070516,-1.6055084e-05,-7.5901663e-05,-7.0783476e-05,2.5988417e-05,7.9411209e-06,-8.7755041e-05,0.00012013697,0.00016754888,-6.5494841e-05,6.1762565e-05,2.9136804e-05,-5.4510798e-06,-5.7253748e-05,0.00013456673,-2.7027662e-06,0.00015155707,-0.00011157454,0.00018433662,0.00016108171,-0.00011948145,4.0908828e-05,1.7139245e-06,0.00018764494,-0.00023975097,0.00024984065,-8.8752774e-05,8.9285118e-06,-8.6020407e-05
"14",6.5812517e-05,-8.519972e-05,-5.3000102e-05,8.2966826e-05,-1.3158897e-05,6.0383303e-05,4.9832756e-05,4.5984726e-05,-6.3950136e-05,-8.2363824e-05,2.1031654e-05,0.000105586,-7.9973468e-05,0.00079325433,3.1019092e-06,5.2241827e-05,-5.9321811e-05,0.00016338974,5.0373924e-05,1.4603872e-05,3.6373392e-05,0.00035891306,3.1557253e-05,-2.9978384e-05,-4.5498121e-06,3.7499351e-05,-3.550656e-05,-1.3735453e-05,3.532656e-07,-6.9929575e-05,-4.4719814e-05,4.0894782e-05,-1.2987767e-05,-5.2198091e-07,-3.7321887e-06,1.6900952e-05,4.9831703e-05,-1.39946e-05,1.0574462e-05,-6.1215262e-05,-4.4737441e-05,4.6669839e-06,-4.4469813e-05,3.2467422e-06,-1.2884677e-06,-3.0228094e-06,-2.6816114e-05,5.5415309e-05,5.6588508e-05,-5.6799412e-05,1.0596248e-05,7.5595659e-06,3.6660877e-07,3.6050923e-05,5.1992553e-06,9.3766158e-05,2.4298468e-05,-1.4188339e-05,-7.0781732e-06,-3.1224695e-05,-1.9838193e-05,-9.4358182e-06,-3.64369e-05,3.8765177e-05,-2.3459213e-05,5.6332264e-06,2.4998047e-05,-1.2272267e-05,-2.4493012e-06,6.7415266e-06,0.0001454787,1.2532136e-05,-2.7551628e-05,9.8705462e-06,9.7636264e-06,6.6108684e-06,-2.9932483e-05,9.1992893e-06,4.3241959e-05,6.7333322e-06,5.7977265e-06,-4.6168284e-05,2.6678028e-05,-1.3891826e-05,-2.1224014e-05,5.5021399e-05,-1.8215172e-05,-1.7441316e-05,-3.531627e-05,-4.7071879e-05,-6.1914505e-05,-1.7824485e-05,1.0080305e-05,1.293164e-05,1.074869e-06,-0.00086949046,0.00060639008,-0.0013874549,-0.0003608499,-8.6694095e-05,-0.00034783649,-0.00018751121,0.00027547512,0.00010423467,-8.5584645e-06,-0.00021838466,6.019785e-05,0.00027246968,-0.00014940785,-0.00012801807,1.5920217e-05,0.00012463654,0.00040700707,-0.00013548001,-0.0002284969,0.00024176209,0.00021442179,0.00023745815,9.5711113e-05,-0.00019428791,0.00015959818,-2.6255431e-05,-8.7287565e-05,0.00011718969,-0.00013667186,-3.4252043e-05,0.00011453251,0.00035795469
"15",-0.00058758312,-0.00012589595,0.00082594249,-0.00037674362,5.0620176e-05,-1.1838916e-05,-0.00077713184,-0.0001591594,0.00018480483,-7.3801064e-06,-2.7919826e-05,1.3054863e-05,2.9456422e-05,3.1019092e-06,0.00091103706,-0.00024871022,0.00015168511,-0.00022423929,4.3681486e-05,-8.9543064e-05,2.4310722e-05,0.0006575468,1.8125968e-05,-4.7699537e-05,1.3857009e-05,5.1797744e-05,-0.00011051215,-1.6219993e-05,-3.8854595e-06,5.3789376e-05,-3.1590693e-06,-8.4221204e-05,6.5544166e-05,1.4109635e-05,6.9106819e-07,-2.0907809e-05,-4.7748263e-05,-1.6873287e-05,-2.1521506e-05,1.0577431e-05,0.0001183509,2.1229627e-05,-3.5951055e-05,0.00011503521,3.90526e-06,-3.1534185e-06,-2.2316645e-05,8.2019669e-05,-3.7837559e-05,-6.2965557e-05,0.00016204412,2.1821766e-05,-4.3161063e-07,4.7006509e-05,-1.2670588e-05,0.00021167164,-0.00014077978,-1.2428633e-05,-3.9034011e-06,3.8803989e-05,9.1076485e-05,5.8210257e-05,6.5818549e-05,-2.2046453e-05,-0.0001252259,-0.00014528231,8.2791671e-05,-0.00010098051,-2.0798601e-05,5.294566e-06,-0.00028647439,-8.4171787e-06,3.7683813e-06,-2.2917643e-05,-6.4291164e-05,-8.083911e-05,-1.8321774e-05,4.2288011e-06,-2.7972613e-05,1.9970084e-05,-5.2336627e-05,1.6293343e-05,-3.6856761e-06,9.4462612e-06,5.3678538e-05,-1.4901273e-05,8.525395e-05,1.9012619e-05,6.8708159e-05,8.7858535e-05,0.00013635549,2.4776567e-05,-4.6911996e-05,-1.9238777e-05,-4.6625866e-06,0.001110836,-0.0035042232,0.00025912948,0.0002213632,-0.00015582346,0.00024709892,0.00069109231,1.2958449e-05,-5.7634793e-05,-1.2825005e-05,0.00036422961,-4.9746146e-05,-0.00030531369,0.00020859822,4.1652393e-05,-0.00011987078,-0.00019912633,4.4493349e-05,-0.00048527013,0.00014913024,-0.00069610356,-0.00020741499,-0.0007429043,-0.00032276134,0.00064971251,-0.0002526737,3.1529634e-05,0.00033733235,-0.00046050629,0.00071938365,4.5564266e-05,-6.2481623e-05,-0.00019645956
"16",0.00026842792,0.00015089875,-0.00012541475,0.00021917625,-1.4286586e-05,7.4087967e-05,0.00034499243,0.00014762614,-6.4285486e-05,0.00010578571,-1.2079177e-05,2.0229462e-05,-5.0643085e-05,5.2241827e-05,-0.00024871022,0.0015302653,-0.00012949432,0.00050468697,-7.1097528e-05,-0.00010679407,0.00010010669,-0.00031109478,3.0392912e-05,4.8136866e-05,8.4989357e-06,1.0874101e-05,8.3802701e-05,6.7350687e-06,6.0319708e-06,-4.6051258e-05,1.2367117e-06,7.1776181e-05,-1.805187e-05,-1.770914e-05,1.4024344e-05,1.5224969e-05,3.7418335e-05,-3.6370373e-05,-6.158574e-05,-7.3917926e-06,-9.8311215e-06,0.00010710256,3.5604199e-05,-2.9977882e-05,-2.1773651e-05,1.3910761e-06,-2.4241166e-05,-8.0642956e-07,4.8803715e-05,5.5751463e-05,-4.2453643e-05,1.9971331e-05,-4.9772544e-06,2.7822129e-05,9.8177238e-05,-0.00019758285,5.1574521e-07,1.5914709e-05,-7.1873704e-06,3.6971085e-06,-1.3120011e-05,-3.697147e-05,5.8183852e-05,2.055882e-05,-0.00010567468,-9.884294e-06,-5.6919861e-05,3.4727121e-05,3.7399383e-05,-7.3385714e-06,4.5509324e-05,3.3683014e-05,9.3390821e-06,1.9516319e-07,-3.6733293e-05,4.7187303e-05,-1.1771733e-06,2.9202942e-06,-0.0001228364,-4.8087287e-06,7.7514476e-05,-5.0045733e-06,-1.3343936e-05,-1.2611183e-06,-3.4292768e-05,-5.5620972e-06,-4.8628535e-05,-5.6267596e-05,-7.2716374e-06,-7.5642949e-05,-3.0307107e-05,-6.1741336e-07,-4.0691098e-05,-2.3264135e-06,7.2369349e-06,-7.88813e-05,0.00045897893,0.00048313669,-2.7033891e-05,1.8582347e-05,0.00010398489,3.5565243e-05,-0.00023858438,-1.3986722e-05,-1.2411526e-05,0.00017947645,1.6717007e-05,-0.00059728209,-7.3861816e-05,8.0709361e-05,3.61412e-05,7.3960322e-06,-0.00021874633,0.00019386613,0.0002850498,6.1555407e-05,0.00015760959,0.00034090246,0.00018182424,1.7642613e-06,3.7529751e-05,-1.7619934e-05,-0.00021385817,0.00027611317,-0.00038495711,2.8976361e-05,-1.1694103e-05,-0.00049917722
"17",-0.0007214171,5.5898845e-05,-0.00019003718,-0.00039746671,0.0001126711,-5.7413712e-05,-0.00015565967,-0.00024794904,0.00018498531,6.0474456e-05,-4.1031236e-05,1.5836445e-05,6.8248366e-05,-5.9321811e-05,0.00015168511,-0.00012949432,0.00083115183,-0.00020110678,-0.00011971592,0.00026422271,-0.00011673677,0.0009003522,-2.2587155e-05,4.1748844e-06,6.1984193e-05,5.8025355e-05,4.6362498e-06,4.4338062e-06,-4.1107254e-07,-2.963224e-06,-3.4162099e-05,-1.3701078e-05,-2.2621918e-05,4.804628e-06,1.9921082e-05,4.5570593e-05,-2.7333173e-05,2.8092432e-05,-4.9733282e-05,6.2284698e-05,9.2394258e-05,-4.3477237e-07,2.3249241e-05,6.3788692e-05,4.3842171e-06,5.6478459e-07,3.1265658e-05,-3.2454062e-05,-0.00014325094,-6.3737071e-05,5.7119856e-05,-3.3395646e-05,-3.7660212e-06,0.00011229542,0.00010679706,0.00011469887,9.1831686e-05,-1.2599949e-05,-2.7598423e-05,-6.3406969e-05,3.816535e-05,2.220771e-05,8.9069518e-05,-0.00013982578,-6.5354254e-05,-8.8312785e-05,-3.8846698e-05,3.4688294e-05,-2.7765745e-05,-2.0518043e-06,-0.00029576619,-9.0603415e-05,-3.0524603e-05,-3.2659839e-05,-5.1653352e-07,-9.7242026e-05,2.8712709e-05,-8.6682884e-06,-5.3731114e-05,8.0074656e-05,-3.0027385e-05,-2.5402844e-05,1.82777e-05,3.9146919e-05,7.938724e-05,-2.2005495e-05,6.749489e-05,5.6541938e-05,9.4083206e-05,0.00013813496,4.3296515e-05,4.5966812e-05,-8.6362736e-07,1.0300454e-06,-7.4040598e-06,0.0014823658,-0.0041569515,0.0010439329,0.00060278982,-4.3888174e-05,0.00036714477,0.00063651286,-4.8496313e-05,-0.00015511625,1.377449e-05,0.00046426394,-0.00018203863,-0.00048452284,0.00015491223,3.109613e-05,-0.00018053926,-0.0004402635,-0.00023852435,-0.00038589551,0.00025508712,-0.00087951841,-0.00046074125,-0.00073026224,-0.00032757475,0.00059900483,-0.00041487493,6.0665616e-05,0.00037529807,-0.00049628473,0.00064427123,7.2514489e-05,-0.00013128851,-0.00055404132
"18",0.00035828145,-0.00011945227,-0.0005297797,0.00056456999,-4.7404196e-05,0.00013465268,0.00036593726,0.00019730853,-0.00010579521,0.00053856158,1.2022634e-05,3.5132948e-05,-6.6326144e-05,0.00016338974,-0.00022423929,0.00050468697,-0.00020110678,0.0033977583,-0.00021537741,4.0304963e-05,-0.00012608799,-0.0010428134,3.845948e-05,-5.9713158e-06,4.8682177e-05,6.5315867e-05,1.3047238e-05,1.0736006e-05,2.7577346e-06,-8.7958683e-05,4.5783362e-05,8.0135576e-06,3.2841906e-05,-9.3353182e-06,1.3136729e-05,-4.2794917e-05,1.726779e-05,-2.1975962e-05,7.0785476e-05,-2.8869706e-05,-0.0001109025,7.6754796e-06,0.00010377928,4.5370402e-05,1.2308058e-05,2.4827937e-06,3.3394119e-05,7.1006888e-05,0.000173239,-8.2340937e-05,-4.8288416e-05,2.5205015e-06,1.1796314e-05,-5.7351605e-05,-0.00013805611,-0.0001966055,-0.00021037343,2.7751375e-05,-2.5703476e-05,-3.2016918e-05,-8.9307926e-06,-5.5590615e-05,-0.00014683814,5.251112e-05,-2.1109283e-05,7.9541504e-05,-8.0384251e-05,-3.5011267e-05,8.6708149e-06,1.6910822e-06,-0.00028633722,-1.0508643e-06,5.4131026e-05,-6.7311691e-05,1.2071814e-05,-2.5902796e-05,5.2332788e-05,6.050086e-07,-0.0001231613,0.00014911373,5.9089243e-05,-9.1644524e-06,1.5957539e-05,-3.1817713e-06,-0.00010113854,4.1395794e-05,1.7923939e-05,5.6157146e-05,6.4191862e-05,-0.00019974948,0.00011520999,4.8615541e-05,-0.00012892542,4.1044041e-06,6.49726e-06,0.0014587595,0.001193822,0.0046455281,0.00097575686,0.00027361126,0.0006839157,-2.4509174e-05,-0.0011967613,-1.1929875e-05,-4.1511841e-05,0.00024582042,-0.00070109544,1.2083934e-05,0.00032653225,0.00029163805,3.3603123e-05,-0.00024142943,-0.0022895238,0.00067691213,0.0009060548,8.9620784e-05,0.00031715261,-0.00052133527,-6.1936934e-05,-0.00022348797,-0.00049261401,2.4085382e-05,-0.00050225781,0.00066744941,-0.00085746974,0.00013702583,-0.00035180973,-0.0030038068
"19",0.0012439835,-0.0026425978,0.0011217089,0.0013848595,-0.00041029293,0.00017017384,-0.00020801132,2.0134298e-05,-1.0011165e-05,-3.375519e-05,0.00012507441,3.7295874e-06,-4.6341459e-05,5.0373924e-05,4.3681486e-05,-7.1097528e-05,-0.00011971592,-0.00021537741,0.013381656,-0.011207948,0.0023406985,-0.0006349078,-9.1755453e-05,-0.00087211809,-0.0021105763,-0.00050995067,-8.4694789e-05,-0.0013522645,8.7747422e-05,-0.0017070187,-0.00099069346,-0.0014256278,5.0538697e-05,-0.00069109602,-0.00052485581,-0.0009107907,-0.0013244543,-0.0012388092,-0.0020537829,-0.00093765194,-0.00046632886,-0.00049798853,-0.00085578603,-0.0025534152,-8.4436485e-05,-3.4141193e-05,0.00016507976,0.0011915828,0.0020210138,0.00035683904,0.00019305941,0.0011982875,-0.0001009715,0.0015535145,0.00031298665,0.0035740393,0.00031146395,0.0006607785,0.00024568503,0.00068031308,0.0010678548,0.00090305038,0.0018172296,0.00092474874,0.00019292902,0.00018452866,0.00079257481,0.0017220495,-5.2675617e-05,6.1738717e-05,-0.0016966148,-0.00027137501,-3.9427987e-05,-0.00057327276,-5.1161363e-05,-0.00012040044,-0.00030815778,2.1221666e-05,-0.0008248982,5.1934312e-05,-6.0282383e-05,-6.5123404e-06,-7.2680361e-05,8.9017937e-05,-9.5094724e-05,-0.00032464277,2.421362e-05,-0.00039058078,0.0001906261,-7.3262812e-05,0.00041414446,-5.5558078e-05,-0.0004805553,6.6470282e-05,-8.1048919e-06,0.0011395829,-0.0038800047,-0.00036402477,0.00036218471,0.00011332282,0.00055887577,0.00024665245,0.00012313277,0.00010209619,-1.6155222e-05,0.00082886203,-0.00012953128,-0.00051169195,-0.00036010143,8.5829156e-05,-0.00029948358,-3.261913e-05,0.00028982998,-0.00047541219,0.00046331806,-0.00048982818,8.8570526e-05,-0.00060523384,3.2468072e-05,0.00072407325,-0.00026279799,2.2401348e-05,-0.0015495014,0.0016879629,-0.0018530297,0.00051319629,-0.00014204595,0.00024154995
"20",-0.0036176984,0.002513875,-0.0042387079,-0.0018010876,0.00048668382,-0.00029392894,0.00067796091,-0.00060200363,-3.8346286e-05,7.0109939e-06,-7.7932283e-05,-5.9104606e-05,2.0111813e-05,1.4603872e-05,-8.9543064e-05,-0.00010679407,0.00026422271,4.0304963e-05,-0.011207948,0.020951186,-0.0036007287,0.0021004209,9.990024e-05,0.00097703016,0.001995059,0.00053333429,0.00019395581,0.0012067706,-9.3624737e-05,0.0015228989,0.0004347929,0.0022622346,2.6529371e-05,0.00061602126,0.00032474751,0.00071130146,0.001034014,0.0010061778,0.0018755474,0.00087103295,0.00029383439,0.00011540169,0.00071868043,0.0017361469,9.7362663e-06,4.1883681e-05,-1.5596967e-05,-0.0019386337,-0.0033163197,-0.00083803942,-0.00075936778,-0.0023023655,0.00016987644,-0.0028149732,-0.00094971787,-0.0034483073,0.00020759271,-0.0011135528,-0.00063893981,-0.0015227952,-0.0017778575,-0.0017417557,-0.0035169294,-0.0016399723,-0.00038548438,-0.00040866928,-0.0014967265,-0.0029360176,-0.00013170503,-6.2131379e-05,0.0028479675,0.00041111395,7.8719615e-06,0.00090108551,0.00019213329,0.00020007179,0.00047646752,-4.2030527e-05,0.0014244883,-0.00024400668,0.00011045538,-0.00026716643,0.00016675854,-4.6527585e-07,0.00016232592,0.00040094342,-0.0002334168,0.00038426439,-0.00033850139,0.00028193292,-0.00080110614,-8.5925698e-05,0.0010302372,4.1096903e-05,1.8109558e-06,-0.0020318329,0.0060433816,0.00034390283,-0.00040039453,-3.6578792e-05,-0.0011111142,-0.0007025046,-0.0002019895,-0.00033543734,2.8875935e-05,-0.0016799534,0.00038547263,0.0011100412,0.00076255373,-0.00019131163,0.00013790577,0.00023478674,-0.00027141337,0.00093839085,-0.00053011978,0.00083803949,-0.0003398932,0.0010038713,2.5288887e-05,-0.0019155315,0.00014135457,-3.9529686e-05,0.0019023572,-0.0023770619,0.0029098032,-0.00077908904,0.00019642346,-0.00023268093
"21",0.00024837844,0.00067581821,0.00082728588,-0.00093745253,0.00015733263,-7.4012364e-05,-0.00025541694,-9.2681432e-06,-0.00019994039,0.00018431382,-5.3220944e-05,5.7353256e-05,0.00010549908,3.6373392e-05,2.4310722e-05,0.00010010669,-0.00011673677,-0.00012608799,0.0023406985,-0.0036007287,0.010160402,-0.015750968,-6.3028166e-05,-3.3241057e-05,-0.00044338145,-2.8975567e-05,7.3250035e-05,-0.00029657298,1.9631336e-05,-0.00031058536,-0.00038736144,0.00056728664,-2.6377738e-06,-5.0210359e-05,4.6708104e-05,-7.5177593e-05,-0.00022655671,-0.00020016114,-0.000703268,-8.7794579e-05,-1.9282327e-05,-1.3550059e-05,-0.00017743631,-0.00039817676,8.9593977e-06,-8.8523309e-07,4.7470772e-05,5.5180942e-05,0.00060827224,2.9868088e-05,4.0878035e-06,0.00045695133,-3.6861604e-05,0.00057045045,0.00039275191,-0.00072990286,-0.00048008397,0.00014350978,4.7787773e-05,0.0001127584,0.00023187998,0.000183413,0.00087471246,0.00026150699,0.00012376249,5.5251153e-07,0.00022991291,0.00067331184,0.00010186728,-1.4752839e-05,0.0025444249,0.00017393946,-0.0006532277,-0.0013473654,-9.4101035e-05,0.00012161176,-0.0010077743,4.4155584e-05,-0.00066530649,-0.0015226014,0.0011229674,0.00042432426,-0.00056832297,-0.00030814903,-0.00056085979,-0.00093270293,-0.0011489022,-0.0024300683,-0.00077863226,-0.00017917929,-0.0013062003,-0.0008987028,-0.0015091338,-0.0001486334,-9.9092896e-06,-0.0036670309,0.0095096704,-0.00050324734,-0.00046470302,0.00090713163,0.0015094892,-0.0011084403,0.00019979867,0.0016265518,-6.0563232e-05,0.00042346537,0.0017030198,-0.00072117283,-0.00082125242,0.00073581494,0.00059855639,0.0008220144,0.00097648474,0.0019936524,0.0029459972,0.0023508418,0.00043656189,0.0027272068,0.0018272769,0.00063229358,0.00086212608,-4.2192228e-05,0.00096406763,-0.001053174,0.0010564549,-0.00064601591,0.00024337815,0.00049386743
"22",-0.00020256407,-0.004338436,-0.0026392478,0.0043568012,-0.00047741624,0.00028162249,0.00073277281,3.7943168e-05,0.0022700585,-0.0027536977,0.00013305605,0.0002032479,-0.00044711387,0.00035891306,0.0006575468,-0.00031109478,0.0009003522,-0.0010428134,-0.0006349078,0.0021004209,-0.015750968,0.065373204,0.00016839435,-3.7972567e-05,4.9792271e-05,-1.1597977e-05,-0.00010749344,0.0002019288,-1.3681072e-05,-5.7329086e-05,0.00067648543,-0.0020139731,-3.5398876e-05,-0.00013564958,-0.00023919758,-0.00027095484,-0.00019952488,-0.00040173761,0.00076273536,-0.00022101673,-5.6447965e-05,7.359242e-05,2.054595e-06,0.00050190302,1.6234168e-05,-3.6697287e-05,4.8310721e-05,0.00025294906,3.0420617e-05,0.00015364494,-7.8871531e-05,-0.00040864572,2.1410149e-05,-0.00046410827,-0.00079686923,0.0029623134,0.00059023046,0.00017052357,-1.10061e-05,0.00031175568,0.00072518706,0.00036218547,-0.0011797193,-8.5656609e-06,-0.00040529301,-0.00032216491,-0.00035539397,-0.000783777,-0.00020494792,8.4930458e-05,-0.016328399,-0.0018854165,0.0018098559,0.0017396253,-0.00027979991,-0.001027996,0.0014346773,-4.0766114e-05,-0.0025878435,0.003641248,-0.0035570818,-0.001708986,0.001064647,0.00089302706,0.00065521588,0.00064756058,0.0035937464,0.0050017459,0.0039749017,-0.00016270696,0.005209201,0.0028709097,0.0005764548,0.00063887866,-2.3226373e-05,0.020016275,-0.090577189,-0.019630943,0.00037325529,-0.0072279732,-0.005850321,0.0096158317,0.0046368269,-0.006718316,0.00035123856,0.0070129148,-0.0032821918,-0.0034141807,0.0018044685,-0.0029873062,-0.0040237529,-0.0025159777,0.010327565,-0.013787624,-0.011996072,-0.017774624,-4.4635439e-06,-0.016384206,-0.0096720803,0.0082308928,-0.0039832957,0.00033674188,-0.0042635676,0.0050577194,-0.0052984337,0.0046343165,0.00037460631,0.0052859608
"23",0.00014576892,0.00013605375,0.00042593524,6.5541251e-05,-9.1865289e-06,2.01622e-06,-7.0780769e-05,4.5901325e-05,-2.7401338e-05,-1.64389e-06,-8.430551e-06,9.4912981e-06,1.1541706e-05,3.1557253e-05,1.8125968e-05,3.0392912e-05,-2.2587155e-05,3.845948e-05,-9.1755453e-05,9.990024e-05,-6.3028166e-05,0.00016839435,0.00095728541,-0.00022707884,0.00015494568,-4.4051624e-05,-0.00017069972,-7.4026583e-06,6.7954229e-06,6.739548e-05,3.2567852e-05,0.00031445088,-0.00011468072,-2.4008101e-06,-0.00018566794,-0.0001213021,0.00012035328,-7.2109401e-05,-0.00018482208,9.3354494e-05,2.6785928e-05,-2.3113202e-05,2.3399505e-05,-0.00018293673,2.7231414e-05,1.3271864e-05,-0.00088522823,0.00025574755,-0.00019834815,1.9334305e-05,0.00018351681,1.8165877e-05,-5.0095252e-06,-2.9275622e-05,-0.00010866076,-0.00031555306,0.00010866583,-1.4509417e-05,0.00015804874,0.00012253198,-6.7536625e-05,9.7665287e-05,0.00014405597,-9.4864674e-05,-5.1659034e-05,0.00010086207,3.4151068e-06,9.0755113e-05,-3.2709757e-05,-1.2754563e-05,-2.465478e-05,0.00022407451,-5.5373699e-05,8.0282841e-05,1.963899e-05,-1.6726173e-05,8.2621052e-06,1.66376e-06,-1.0470409e-06,-1.2055762e-05,1.3368264e-05,-8.862783e-06,-1.5480457e-05,-3.4480326e-05,-5.2401545e-05,4.9786213e-06,1.072094e-05,-6.3536428e-05,2.7478768e-05,-2.5284047e-05,-7.4272441e-07,3.8337725e-05,4.8923062e-06,1.090635e-05,3.9778151e-06,-1.5298016e-06,-0.0001785511,-9.033074e-05,-0.00024002342,7.0627554e-05,-7.7937861e-05,-1.3405958e-05,-7.4308053e-06,-1.0602267e-05,-7.1890853e-07,4.8597016e-06,5.7128192e-05,4.0194674e-05,-1.579051e-05,2.0961541e-05,2.0285455e-05,9.043915e-05,2.4127896e-06,-6.5406649e-05,-1.2361671e-05,-5.2439431e-05,7.4762621e-05,-2.2912803e-05,-9.2826822e-05,5.2289034e-05,-2.3218262e-05,-5.4668617e-06,-5.3392003e-05,3.2550113e-05,-3.6373673e-05,1.8779942e-05,1.7753213e-06,2.9865442e-05
"24",0.00030345835,0.0016146827,-0.00076326863,-0.00058006357,5.9559492e-05,-5.0140295e-05,0.00035766985,9.5148077e-05,-1.8678694e-07,1.6273469e-05,2.6174576e-05,-2.9202457e-05,2.7412143e-06,-2.9978384e-05,-4.7699537e-05,4.8136866e-05,4.1748844e-06,-5.9713158e-06,-0.00087211809,0.00097703016,-3.3241057e-05,-3.7972567e-05,-0.00022707884,0.0023130472,-0.00013645606,-0.00016633892,9.5218607e-05,0.00010772931,-1.2976121e-05,7.3430934e-05,-0.00013509077,0.00092816892,0.00013677909,2.0791796e-05,-9.5300466e-05,0.00022478807,5.9190675e-05,-1.3197668e-05,-5.4266098e-05,-1.3521596e-05,-0.0001014581,0.00020964417,0.00019550754,0.00011279507,-5.5070137e-06,1.2002785e-05,0.00022878219,-0.0021165165,0.00013786277,0.00014927198,-0.00015565377,-0.00014361312,1.9099705e-05,-0.0001877467,0.00035050819,-0.0015535254,-0.00015139654,-4.7389117e-05,6.3431629e-05,-0.00033009283,-0.00013945239,-3.8618013e-05,6.5774345e-05,3.4126813e-05,0.0002031465,-7.0411916e-05,-0.00029577896,-8.6310989e-06,7.8646733e-05,-2.8355562e-05,0.00089826338,8.4104567e-05,0.00038945613,4.5676774e-06,5.5757214e-06,0.00013734512,3.262849e-05,-3.7155288e-06,0.00020552491,-0.00011966491,0.00031669904,8.5649312e-05,-1.9816046e-05,-3.5211366e-05,3.6642919e-05,1.8202284e-05,-0.00020706796,-0.00013484896,-0.00024415724,-4.3559135e-05,-0.00020872763,-5.9959854e-05,6.1804205e-05,-4.168787e-05,5.6765155e-06,-0.00066605888,0.0015395872,-5.8996193e-05,-0.00014800314,-0.00035176551,-9.8469682e-05,-0.00020851276,-0.00014153298,-2.450737e-05,1.2954174e-05,-0.00026350427,2.5262876e-05,-0.00013567454,-0.00016555402,-1.0444191e-06,2.5932764e-05,7.1381381e-05,-7.9348719e-05,0.00024329831,6.3814578e-05,0.00035236206,1.8817404e-05,0.00033227496,-6.0602633e-06,-0.00031653084,0.00012090978,-2.6940351e-05,0.00062543494,-0.00068888802,0.00054623038,-0.00021100728,8.004216e-05,-2.7790217e-05
"25",-0.00088890535,0.00017226516,6.6182704e-05,-0.00062916959,4.9874709e-05,2.8276033e-05,-0.00017224563,-6.569713e-05,-3.0552702e-05,-2.3775408e-05,-3.9463067e-05,-2.2562769e-05,-6.5853115e-06,-4.5498121e-06,1.3857009e-05,8.4989357e-06,6.1984193e-05,4.8682177e-05,-0.0021105763,0.001995059,-0.00044338145,4.9792271e-05,0.00015494568,-0.00013645606,0.0021929283,0.00021799271,6.2602776e-05,6.3982491e-05,1.7093749e-07,0.000418265,-0.00018705746,0.00030342903,-0.00022612119,0.00013369082,-9.9965062e-05,-8.8339498e-05,8.4202661e-05,0.00017330406,-8.2479084e-06,0.00013850984,6.1124581e-05,-0.00044105583,-4.3647192e-05,0.00090330811,3.0705392e-05,-5.2800144e-06,-0.00017145931,0.00010812689,-0.0020755177,-0.0001082634,2.6728568e-06,-6.3895901e-05,1.7026144e-06,-0.0005312444,0.00026596474,-0.00076869404,0.00018550325,-0.00014535478,9.5165284e-05,0.00016725842,-2.487406e-05,-0.00018461447,0.00010823957,-0.0003062141,-2.9012228e-06,0.00048848929,0.00012113389,-0.00091258786,-5.7785438e-05,1.1724768e-06,0.00054168413,0.00013151943,-7.3070454e-05,0.00057665814,-7.6584956e-07,-5.7665718e-06,1.0477705e-05,3.6107294e-06,0.00030363369,-0.00013973407,-1.2397318e-05,-4.6752239e-05,1.6987984e-05,-3.1486187e-05,-0.00011284941,7.2822225e-05,-2.9107887e-05,-7.4526991e-05,-7.0714173e-05,4.203119e-05,-0.00027888302,-8.8526054e-05,0.00037047442,-1.5550964e-05,3.3092023e-07,-0.00046963428,0.0010042575,3.4237678e-05,-0.00013461184,0.00010323736,-0.00056393987,-0.00013577243,-0.00013971176,8.2970894e-05,-1.3526984e-05,-0.00036791397,0.00026120184,0.00030693682,2.1347783e-05,-4.4343071e-05,3.3868776e-05,0.0001108781,3.1172234e-06,0.00014948322,0.00010078891,0.00013191014,1.6221594e-05,0.00036583793,0.00013361893,-0.00044679244,8.3281403e-05,-2.018139e-06,0.00035635343,-0.00046584215,0.00062799226,-0.00013978751,4.4969706e-05,-2.4284945e-05
"26",-0.0012539046,-0.0015171592,-0.00056382616,0.0002222076,9.9053369e-06,7.6578918e-05,-0.00015427382,-0.00025944933,3.1718156e-05,3.5158471e-05,-1.4621229e-05,2.857775e-05,-1.3205408e-05,3.7499351e-05,5.1797744e-05,1.0874101e-05,5.8025355e-05,6.5315867e-05,-0.00050995067,0.00053333429,-2.8975567e-05,-1.1597977e-05,-4.4051624e-05,-0.00016633892,0.00021799271,0.0020352337,0.00089556016,-7.239464e-05,1.256336e-06,-9.9400855e-05,0.00035178522,-0.00062019175,0.00012626608,-4.9852695e-05,3.2278108e-05,-0.00027517118,5.9704162e-05,4.6148041e-05,-8.6360642e-06,-0.00013861055,8.8298157e-06,0.00013833974,-2.6465769e-05,0.00015741283,4.0330628e-05,-4.7974175e-06,7.0544247e-05,0.00018334595,-0.00010598726,-0.001754043,-0.00068460125,5.0198838e-05,-3.1934357e-06,0.0001823663,-0.00032745445,0.0010529663,-6.7869525e-05,0.00010672556,-8.1674074e-05,0.00026785222,9.2667048e-06,-0.0001502081,-2.1970874e-05,-5.7995795e-05,-0.00011190419,-0.00025642031,7.283373e-05,-8.0875495e-05,-0.00015744169,2.0796026e-05,-0.00020400179,-3.2503845e-05,-3.4034193e-05,-1.3516537e-05,0.00050893607,0.00019497959,-1.2820328e-05,-8.8138585e-06,-0.0001885924,0.00010814996,-0.00024597693,9.5443612e-05,-3.0480527e-05,3.613393e-05,-8.5396977e-05,4.6859346e-05,9.1889959e-05,-1.500279e-06,0.00011948976,2.7476446e-05,0.00010142411,-4.6134084e-06,2.1500622e-05,5.9273799e-05,-7.9919011e-06,0.00038018431,-0.0010011541,0.00039007557,0.00023520355,-4.4155539e-05,9.3125239e-05,-0.00036328949,-0.00032473136,3.5147071e-05,4.9562266e-06,0.00041477688,-4.6769082e-05,0.00021243252,-2.5688109e-05,7.6953961e-05,-7.9301876e-05,5.6753932e-05,-0.00018577887,-0.00017728792,0.00021903408,-0.00030124019,-0.00011341097,-0.00034608646,-7.9864728e-05,5.3578643e-05,-0.0001911024,2.2309838e-05,-0.00019466059,0.00017860202,0.00015688164,2.4386629e-05,-5.5632154e-05,-0.00020212306
"27",0.00055934277,-0.00024419325,-0.0011383804,0.00026146151,-0.0002049676,-1.2240373e-08,0.00044433528,1.0712244e-05,-0.00014581877,-1.46463e-05,5.5803604e-05,-1.2776032e-05,1.7886289e-05,-3.550656e-05,-0.00011051215,8.3802701e-05,4.6362498e-06,1.3047238e-05,-8.4694789e-05,0.00019395581,7.3250035e-05,-0.00010749344,-0.00017069972,9.5218607e-05,6.2602776e-05,0.00089556016,0.0027490698,-5.7157002e-05,-2.7063414e-06,-9.3704093e-05,3.6789143e-05,-0.00075349185,0.00017784735,-0.00013074976,6.8271004e-05,-0.00042688365,9.3671377e-05,0.00018842954,-4.1726703e-05,0.0001404465,-0.0001604683,-6.4849701e-05,-4.544309e-05,-0.00031839501,-4.0504111e-05,-8.4335492e-07,0.00014198268,-0.00013900472,1.764829e-05,-0.00070134323,-0.0024280462,5.7808896e-05,-7.4373214e-06,6.4089455e-05,-2.7363581e-05,0.00020023414,-2.1360134e-05,0.00020298995,-0.0001334853,0.00024802811,-0.00017833442,-0.00027701285,-6.5295098e-05,-0.00021033327,0.00012494837,6.68076e-05,-2.8974882e-05,0.00028451206,4.280752e-05,9.2422521e-06,0.00032137416,4.6716216e-05,3.690498e-06,-3.5369973e-05,0.00023860444,0.00062609531,-4.3651191e-05,1.4246425e-06,4.3934698e-05,2.2125467e-05,-0.00030987139,0.00010391771,-3.9480274e-05,1.0863379e-05,-9.2041887e-05,8.6495468e-05,6.7273238e-05,-9.2169485e-05,0.00012073796,-5.3914364e-05,-0.00010772065,-2.4491366e-06,-0.00010046726,3.6054958e-07,-6.909193e-06,-0.00072177663,0.00032249776,-0.00047981812,-0.00015610584,-8.2688661e-05,-0.00021238857,-0.00033222944,-0.00064268894,8.6663472e-05,-4.8079476e-06,-0.00010441363,0.00014771979,0.00033301259,-6.7476644e-05,3.3673034e-05,5.9227047e-06,0.00027174966,2.0340287e-05,-0.00013024896,0.00011652895,-0.00010070024,8.9653738e-05,0.00023569849,4.5640037e-05,-6.8368104e-05,0.00012854735,3.2988019e-08,-0.00038433511,0.00044834108,-0.00055030254,-1.2537474e-05,7.7764912e-05,8.9265457e-05
"28",-0.00016256848,0.00026960508,-0.00038519495,-0.00011144144,3.4498577e-05,-2.005915e-05,7.68964e-05,-4.0315394e-05,2.3598081e-05,-2.3223153e-06,-1.4014589e-05,4.9956557e-06,3.2243465e-06,-1.3735453e-05,-1.6219993e-05,6.7350687e-06,4.4338062e-06,1.0736006e-05,-0.0013522645,0.0012067706,-0.00029657298,0.0002019288,-7.4026583e-06,0.00010772931,6.3982491e-05,-7.239464e-05,-5.7157002e-05,0.00048062846,-7.0115755e-05,0.0002514202,0.00016347857,0.00013581691,-0.00013464672,2.4428501e-05,4.1200712e-05,9.4357575e-05,2.2196671e-05,1.9017967e-05,8.010488e-05,5.3037747e-06,-3.5619566e-05,0.00012067154,6.5161635e-05,-2.1315042e-05,2.3075203e-06,5.7150166e-07,-4.3282961e-06,-0.00015211895,-5.785676e-05,8.0526693e-05,5.8234007e-05,-0.00043805006,6.2189328e-05,-0.00023889038,-0.00010762353,-0.00031048301,0.00013715976,-3.451003e-05,-2.511252e-05,-8.1868965e-05,-2.6843063e-05,-2.0815443e-05,-3.9577752e-05,3.6492193e-06,4.8503689e-05,-9.7082144e-05,-9.6381226e-05,0.00011155327,1.6062442e-05,-5.6990449e-06,0.00010458023,4.3254482e-06,3.6625448e-05,1.3637467e-05,-7.1570692e-06,-2.7848671e-05,0.00011055759,-1.5500001e-05,7.5881297e-05,5.6269042e-05,-1.9947461e-05,-5.1049572e-05,1.030406e-05,7.0915761e-07,1.6391012e-05,2.0572399e-05,-3.045141e-05,-2.4030027e-06,-5.7198962e-05,-3.5349513e-05,5.7770931e-06,2.0690335e-05,2.450743e-05,-6.6276807e-06,6.6171349e-07,1.9177623e-05,0.00010308902,4.2695021e-05,4.7209902e-06,-8.0596208e-05,4.0897192e-05,5.5014639e-05,6.6280267e-05,-0.00010495141,9.2444054e-06,-7.6158761e-05,-8.9263384e-05,7.3147638e-05,0.00014157546,-6.3079515e-06,5.6337106e-06,-4.753008e-05,2.9565875e-05,8.3201246e-05,-2.809266e-06,8.6786754e-05,1.6699007e-05,-5.3375955e-05,-8.1484458e-05,-1.1173678e-05,1.2950839e-05,1.6720676e-06,0.00016544801,-0.0001846178,0.00021796418,-3.5538372e-05,5.0760361e-07,-2.6761246e-05
"29",3.9252345e-05,-4.0949677e-05,-1.8949244e-05,3.8554111e-05,-9.5622701e-06,4.4671542e-06,1.0362121e-05,1.0637461e-05,-4.6921521e-06,2.2394612e-06,9.9587041e-07,4.4647699e-08,2.300077e-07,3.532656e-07,-3.8854595e-06,6.0319708e-06,-4.1107254e-07,2.7577346e-06,8.7747422e-05,-9.3624737e-05,1.9631336e-05,-1.3681072e-05,6.7954229e-06,-1.2976121e-05,1.7093749e-07,1.256336e-06,-2.7063414e-06,-7.0115755e-05,2.7282001e-05,3.5097172e-06,9.8331818e-06,1.5391705e-06,-4.8452349e-05,-8.548069e-06,-2.4802959e-06,-2.1447442e-05,-2.7498437e-06,-7.2571367e-06,-8.6124539e-06,-7.0890947e-06,-1.5728175e-05,4.6665594e-06,-1.5537979e-06,-1.0190223e-05,-5.7590668e-06,8.141839e-07,-5.7689015e-06,1.4699901e-05,2.1052183e-06,-1.4708274e-06,-9.3327376e-06,6.1813304e-05,-2.349303e-05,8.3293818e-06,-4.6117733e-07,-3.8538129e-05,3.6127005e-05,1.3548978e-05,2.4513992e-06,1.179827e-05,2.0004265e-06,1.0558625e-05,3.0191185e-06,2.8034296e-06,1.4498565e-05,1.0028978e-05,4.3209136e-06,8.1136937e-06,2.4883245e-06,1.787059e-07,-3.3372447e-05,1.2537682e-07,-1.6738351e-06,2.8249309e-06,-1.1321923e-05,-2.6662546e-06,-1.5787429e-05,6.2125533e-06,-1.2364147e-05,1.7384566e-08,-1.3229813e-05,-2.044961e-05,-3.7870151e-06,-7.3118601e-07,-1.9551764e-06,-2.299624e-06,9.9459326e-06,5.7655584e-06,9.9502383e-06,-2.2272248e-06,8.6117208e-06,7.6493703e-06,-1.4018333e-05,3.4678899e-07,2.7178992e-07,1.5730406e-05,-7.2985701e-05,1.3703076e-05,5.8415527e-06,1.3399396e-05,-3.733877e-06,2.0797914e-05,-1.1990509e-05,7.1521444e-06,-3.9559584e-06,2.0682845e-05,3.2464158e-06,2.579004e-06,5.9422085e-06,6.7166536e-06,5.1521275e-07,5.9146646e-06,-4.5913494e-06,-1.1142067e-05,9.867397e-08,-1.5019926e-05,5.257743e-06,-8.8126237e-06,-3.7946948e-06,2.9265977e-05,-4.6131325e-06,2.530596e-08,-4.6034294e-05,5.1714383e-05,-6.0253786e-05,1.151081e-05,-4.0047611e-06,-7.8134693e-06
"30",-0.00039310949,0.00077303647,0.00010889774,-0.00061082693,0.00013349227,-0.00010151523,-6.2289335e-05,1.0624555e-05,-1.6399374e-05,2.7507606e-05,-9.4736605e-05,-4.2144028e-06,4.2186168e-05,-6.9929575e-05,5.3789376e-05,-4.6051258e-05,-2.963224e-06,-8.7958683e-05,-0.0017070187,0.0015228989,-0.00031058536,-5.7329086e-05,6.739548e-05,7.3430934e-05,0.000418265,-9.9400855e-05,-9.3704093e-05,0.0002514202,3.5097172e-06,0.0029897907,0.00051934926,0.00059782763,-0.00034306415,9.9560703e-05,-5.5307562e-05,-0.00015557179,-1.4461754e-05,0.0001345264,-0.00010864802,0.00016232773,-1.3865803e-05,-4.2557634e-05,-1.8132001e-05,0.00019773862,-3.0391408e-05,-2.732374e-06,-3.5421699e-05,-0.00017320675,-0.00056832941,9.1329378e-05,7.1400354e-05,-0.00024220175,9.6558748e-06,-0.0027177303,-0.00032505472,-0.00075391415,0.00017815399,-9.2970052e-05,9.0265941e-05,0.00014550188,3.2415597e-05,-9.8024553e-05,0.00012214594,-0.00028516335,5.0279026e-05,0.00017994425,6.6683396e-05,-0.00021293096,5.4750041e-05,-3.8187518e-06,0.0004997835,7.280865e-05,-6.1401518e-05,0.00015679565,-0.00010890954,1.7115457e-05,4.7960036e-05,-3.8372751e-06,0.00080080594,4.5134011e-05,0.00013971731,-7.136618e-05,7.3621466e-06,-4.6450967e-05,-8.9853023e-06,-5.4503352e-06,5.5124644e-06,2.9623335e-05,1.0782893e-05,7.3564066e-05,-0.00015887659,-4.1265104e-05,4.2430329e-05,-2.2790108e-05,-4.3162097e-06,-0.00020610867,0.00084852563,0.00019605986,-2.0502312e-05,7.0768209e-05,-0.00015643196,0.00015259496,-6.8799804e-06,-4.6007776e-05,1.0498247e-05,-0.00069993885,-2.6273086e-05,-1.6844469e-05,0.00024639022,3.1681856e-05,7.1644203e-05,-1.7456892e-05,-6.9464945e-05,-3.1766642e-05,-0.00010878629,-3.9109891e-05,-0.00015963039,0.00025579276,2.2398243e-05,2.3423295e-05,3.6949492e-06,1.0196944e-05,0.00034234722,-0.00042171342,0.00046237924,-0.00013258629,2.2675671e-05,-3.0891102e-05
"31",0.00037366342,-0.0021697954,-0.0003921333,0.0011387017,-0.00020697196,0.00014194584,2.2763009e-05,-3.7566462e-05,-9.9213887e-05,7.4430779e-07,6.3862432e-06,1.8657559e-05,-4.1849848e-05,-4.4719814e-05,-3.1590693e-06,1.2367117e-06,-3.4162099e-05,4.5783362e-05,-0.00099069346,0.0004347929,-0.00038736144,0.00067648543,3.2567852e-05,-0.00013509077,-0.00018705746,0.00035178522,3.6789143e-05,0.00016347857,9.8331818e-06,0.00051934926,0.0047541561,-0.0002928516,0.00013485671,-6.3714835e-05,-0.0001258545,0.00012104922,6.014697e-05,-6.1247632e-05,0.00011362078,8.8960596e-06,9.0830718e-05,0.00012318931,-0.00029860508,0.00012262853,5.9025934e-05,-2.8305516e-05,-0.00010347911,0.00038129747,0.00036421098,-0.00024320006,-6.7671344e-05,-0.00012509224,-2.3427307e-07,-0.00023817648,-0.0040575787,0.0007614639,-0.00021857524,0.00016179937,8.5291347e-05,-0.00010508769,-9.482433e-05,-6.1991796e-06,-0.00025045172,0.00011118512,-0.00014641543,-0.00012542127,0.00036488017,1.1222564e-05,-5.6907599e-05,5.3295973e-05,-0.0012125599,-0.000202341,8.4574692e-05,-6.2664463e-05,2.805299e-05,-7.2135582e-05,8.1930511e-05,-2.4751964e-06,-0.00020494145,0.0013362642,-0.00032749403,-7.6490516e-05,-2.5705056e-05,-6.5643876e-06,6.3630211e-05,-0.00017867949,0.0001091393,0.0002361643,0.00023159269,-7.4769982e-06,0.00029086675,9.7706478e-05,1.975427e-06,-5.5602487e-06,-1.2004223e-05,0.0010901627,-0.0022348807,0.00032998798,0.00033185395,-8.9473596e-05,0.00029742481,0.00033739213,7.1097138e-05,-0.0001730708,5.915589e-07,0.00035611691,-0.0017161531,0.00018284294,0.00019577574,8.3613967e-05,-7.5499659e-05,-0.00034489759,0.00028260154,8.2113648e-05,-0.00011516623,-0.00039223117,-0.00011804195,-0.00059838385,-0.00014479373,0.00025307208,-0.00012797093,4.2689313e-05,-0.0010387835,0.0011755035,-0.0010904584,0.00028109961,-0.00010123661,-0.00022414323
"32",0.0014118613,0.0062391159,0.00016942999,-0.0018863626,0.00032324281,-0.00020978638,0.00073684506,0.00055625304,-9.1615247e-05,-2.3551364e-05,-3.6304522e-05,1.4253625e-05,6.4292827e-05,4.0894782e-05,-8.4221204e-05,7.1776181e-05,-1.3701078e-05,8.0135576e-06,-0.0014256278,0.0022622346,0.00056728664,-0.0020139731,0.00031445088,0.00092816892,0.00030342903,-0.00062019175,-0.00075349185,0.00013581691,1.5391705e-06,0.00059782763,-0.0002928516,0.030344294,0.00021394702,0.00030759086,-0.00020647506,0.00044702148,0.00041298279,0.00015022484,-0.00050689579,0.00081839723,0.00011252139,-0.00018847066,1.1616564e-05,-0.00092223517,-0.0002147881,3.3365911e-05,-0.00036988476,-0.0013547704,-0.00068608649,0.00063740919,0.00042965276,-0.00025010734,3.9197181e-06,-0.00083294576,0.00077877662,-0.026976915,-0.00064580092,-0.00055732175,0.00028608348,-0.00064465162,-0.00048914657,6.7647565e-05,0.00043818618,-0.00083788577,0.00021249515,0.00060997705,-0.0001593093,0.00077302641,0.00048356627,-8.8809937e-05,0.0027910858,0.00039442651,-1.6533568e-05,-0.00012905823,-0.00020172322,-8.898201e-05,-2.63251e-05,-1.1800307e-05,0.00078182569,-0.00050910089,0.0189816,0.00021060182,5.1291275e-05,-0.0001695053,0.00013687532,0.00028417325,-0.00035314055,-0.00044969358,-0.00067545913,-0.00010861629,-0.00087037619,-0.00034744179,-5.220216e-06,-0.00017875207,1.4407516e-05,-0.003223316,0.0072638659,-0.00065077033,-0.00072237088,0.00016128774,-0.00017150302,-0.00056045873,0.00040330999,0.00031494587,3.8519927e-06,-0.0013150077,0.00056691028,-0.026487689,-0.0006613726,-0.00026975946,0.00042277417,0.00012633467,-0.00048762422,0.00055142279,-3.9472003e-05,0.0016311956,0.00031331457,0.0019811673,0.00069190491,-0.00094802446,0.00079823081,-7.6764986e-05,0.0020171603,-0.0023028559,0.0017214639,-0.00066164636,0.00027972384,0.00034114863
"33",0.00032957783,0.00016920749,0.0012875996,0.00014810417,-1.8418842e-05,4.1532149e-05,-0.00027541764,9.1447076e-05,-4.3422898e-06,-4.1054982e-06,2.9361511e-05,-9.77118e-06,-2.3253863e-05,-1.2987767e-05,6.5544166e-05,-1.805187e-05,-2.2621918e-05,3.2841906e-05,5.0538697e-05,2.6529371e-05,-2.6377738e-06,-3.5398876e-05,-0.00011468072,0.00013677909,-0.00022612119,0.00012626608,0.00017784735,-0.00013464672,-4.8452349e-05,-0.00034306415,0.00013485671,0.00021394702,0.0034789583,-3.0167631e-05,-0.00010967364,1.8926383e-05,3.4542513e-06,-6.743935e-05,0.00062661715,4.3799812e-05,9.4205075e-05,-7.3962895e-05,-7.4592147e-05,0.00012699852,-0.00013846475,6.819239e-06,9.0722381e-05,-0.00012868061,0.00020305636,-0.00015712509,-5.2752331e-05,0.00015358468,4.0405477e-05,0.00018226468,-0.00018581342,-0.00090859545,-0.0030704023,1.9278127e-05,0.00011449209,-3.5268977e-06,4.921771e-06,8.1768582e-05,-0.00069422039,-1.456903e-05,-0.0001297822,2.844821e-05,0.00013074746,-0.00031144605,0.00020321532,-7.9743616e-06,0.00025420471,4.4614997e-05,-3.9809682e-05,-7.1751118e-05,0.00011796273,0.00011121447,-3.1391463e-05,-2.3197622e-05,-1.8829068e-05,6.0754133e-05,-4.5733114e-05,0.00072093835,1.9872332e-06,-1.4667299e-05,3.3314642e-05,4.4155569e-05,-4.4309276e-05,8.3480219e-05,-1.5161523e-05,9.3337918e-05,-9.5410616e-05,-0.00015738544,6.7234178e-05,-4.0839871e-05,5.1001052e-06,-0.00012563807,0.00010476972,-5.2728046e-05,-6.6081445e-05,2.1049866e-05,-1.2939795e-05,-0.00013812032,1.8990791e-05,0.00010179038,8.5077758e-06,0.00010988655,2.1143647e-05,0.00025407919,-0.00080150458,-3.3489003e-05,2.9190785e-05,-4.1849514e-06,-0.00013917589,-2.6741459e-05,-0.00012746734,-3.2646877e-05,-2.3910836e-05,0.00017382926,9.0746668e-05,-8.7537992e-05,1.8713198e-05,7.2669234e-07,1.7184163e-05,-8.7900212e-05,0.00010096741,-2.645351e-05,-5.9031785e-06,2.803711e-05
"34",-0.00020985638,0.00052094631,0.00039566334,-0.00036548875,7.4751049e-05,-4.7050842e-05,-8.7657058e-05,-1.3258585e-05,6.7188802e-06,-2.1549947e-06,-7.1175407e-06,-5.2014164e-06,1.3969325e-05,-5.2198091e-07,1.4109635e-05,-1.770914e-05,4.804628e-06,-9.3353182e-06,-0.00069109602,0.00061602126,-5.0210359e-05,-0.00013564958,-2.4008101e-06,2.0791796e-05,0.00013369082,-4.9852695e-05,-0.00013074976,2.4428501e-05,-8.548069e-06,9.9560703e-05,-6.3714835e-05,0.00030759086,-3.0167631e-05,0.00031879162,-5.4030895e-05,-6.5798741e-06,1.5321427e-05,1.2682524e-05,-0.00010948467,4.645357e-05,2.1503096e-05,-6.0997014e-05,3.7336085e-05,5.4793217e-05,4.0402522e-06,4.1574272e-06,6.1423343e-06,-3.5621732e-05,-0.00016324196,5.8033471e-05,0.00019346954,-3.4441666e-05,1.5248194e-05,-9.5710371e-05,0.00011488822,-0.00044976925,1.5761717e-05,-0.00031261899,4.8682427e-05,-1.0210917e-05,2.5922269e-05,1.3565082e-05,0.00013482069,-6.5091217e-05,-5.9079516e-06,8.6213072e-05,-2.2629062e-05,-0.00010001955,7.8726044e-06,-8.0144909e-06,0.0003647581,3.1186861e-05,-3.1770556e-05,3.1787584e-05,-2.3446403e-05,-5.9604254e-06,1.0358455e-05,-4.2932002e-06,0.00011290558,-9.7995384e-05,0.00010077971,3.8024879e-05,6.2792923e-05,-2.6392032e-05,-2.8200322e-06,-1.7513725e-05,-6.9804996e-05,-5.38983e-05,-6.8295516e-05,1.5051612e-05,-0.00014422909,-6.5182204e-05,3.8336296e-05,-1.261382e-05,1.542101e-07,-0.00041647634,0.00099000117,-0.00019144234,-8.6613808e-05,4.8740054e-05,-0.00010738265,-9.462418e-05,7.0840459e-05,2.4605062e-05,5.4941602e-06,-0.00014752154,0.0001236841,2.3652096e-05,-7.6520172e-05,-0.00010097893,5.6932209e-05,4.7323533e-05,5.9739912e-05,9.8248638e-05,-3.2782613e-05,0.00017630331,2.8541281e-05,0.00026166009,0.00015305837,-0.00013685492,9.7239459e-05,-9.9252099e-06,0.00030159015,-0.00034739384,0.00037564288,-0.00010231535,4.5582262e-05,0.00010339543
"35",-0.00023250687,0.00015182923,-0.00028350173,-0.00017240747,5.5881433e-05,-1.5256163e-05,1.6408642e-05,-3.6235089e-05,3.2636549e-05,-2.2823668e-06,-1.3017906e-05,9.4674748e-07,2.1125507e-06,-3.7321887e-06,6.9106819e-07,1.4024344e-05,1.9921082e-05,1.3136729e-05,-0.00052485581,0.00032474751,4.6708104e-05,-0.00023919758,-0.00018566794,-9.5300466e-05,-9.9965062e-05,3.2278108e-05,6.8271004e-05,4.1200712e-05,-2.4802959e-06,-5.5307562e-05,-0.0001258545,-0.00020647506,-0.00010967364,-5.4030895e-05,0.00044298461,0.00013048367,2.3376587e-06,-4.9055157e-06,-3.1822416e-05,7.25221e-05,6.8002721e-05,3.2950456e-05,5.6924004e-05,0.00049312708,1.1273936e-05,-1.5877425e-05,0.00015905892,2.1198142e-05,7.7862767e-05,-4.8718943e-05,-0.00014119261,-2.964e-05,2.1445523e-06,7.8258516e-05,0.00011172788,0.00021121697,9.610139e-05,3.9121924e-05,-0.00031976677,-0.00012262408,1.5116186e-05,2.8334539e-05,6.2505811e-05,-4.6143566e-05,-5.9922408e-05,-7.6619423e-05,-4.4799e-05,-0.00027211778,4.0523684e-07,1.0944944e-05,0.00013072165,-6.0156732e-06,-7.8706804e-06,-1.5261196e-05,3.5545913e-05,4.2833132e-05,1.6591961e-06,-7.0607985e-07,3.5629132e-07,-7.6046293e-05,-1.377426e-05,-1.5111917e-05,-1.8245985e-05,4.3154353e-05,2.3316713e-05,-3.128629e-06,-3.4925337e-05,-3.8786874e-05,-4.1476018e-05,2.3040191e-06,-3.3481854e-05,-1.2969307e-05,3.8881353e-05,-2.4932747e-06,-4.9983516e-06,-9.767032e-06,0.00013891116,7.1809612e-05,3.5410794e-06,-4.4927005e-05,1.9619501e-05,-2.8213506e-05,-2.4614098e-05,9.2401541e-06,1.2208687e-06,4.1678105e-05,3.4596427e-05,-6.354126e-06,0.00011473177,2.6809431e-05,5.0844743e-06,-1.8034854e-05,2.5734812e-05,0.00010390025,4.561127e-05,4.5272323e-05,-3.5070542e-05,9.8066519e-06,2.1957166e-05,-1.5092592e-05,5.2568979e-06,6.207881e-06,0.00020034854,-0.00021178019,0.00024810319,-4.2010418e-05,5.6724542e-06,-3.9525787e-05
"36",5.4358355e-05,0.0012247622,-0.00076097672,-0.00033318086,9.7646353e-05,-4.5944866e-05,0.0002534566,0.00011146697,2.2832465e-05,0.00010977266,-2.0426024e-05,-9.0994176e-06,2.6180626e-06,1.6900952e-05,-2.0907809e-05,1.5224969e-05,4.5570593e-05,-4.2794917e-05,-0.0009107907,0.00071130146,-7.5177593e-05,-0.00027095484,-0.0001213021,0.00022478807,-8.8339498e-05,-0.00027517118,-0.00042688365,9.4357575e-05,-2.1447442e-05,-0.00015557179,0.00012104922,0.00044702148,1.8926383e-05,-6.5798741e-06,0.00013048367,0.0020214915,-1.6201992e-05,-5.1571474e-05,0.00029968477,0.00013936968,7.7685589e-06,-5.9203127e-05,-0.00014551139,-0.00040399553,-1.3447409e-06,-6.1635045e-05,9.211073e-05,-0.00034971462,0.00013828317,0.00026074402,0.00023553674,-8.9295576e-05,1.2788373e-05,0.00011478676,-5.3692259e-05,-0.00086208417,2.4067834e-05,-2.3320541e-05,-0.00012555015,-0.001809141,-4.5227778e-05,8.7265621e-05,-0.00015941239,-2.8557899e-05,0.0001173982,6.4603818e-05,7.2741097e-05,0.00053495714,5.0426377e-05,4.0711531e-05,0.00040630398,-6.1056937e-06,3.4263896e-05,-0.00010437692,-7.6720625e-05,-4.9285007e-05,1.7573598e-05,-3.6115036e-06,0.00010066881,-1.32665e-05,0.00020442472,6.5073972e-05,-4.4169395e-06,4.5842902e-06,0.00044824303,5.7300725e-05,-8.8681981e-05,6.0214919e-05,-9.9971286e-05,1.1364133e-05,-7.2137741e-05,-8.5565004e-05,-0.00011048023,-4.4664345e-05,-1.503935e-05,-9.1308562e-05,0.00073874497,0.00078026278,9.768255e-05,4.7396052e-05,0.00017703696,0.00011891458,4.2308922e-06,-2.9537937e-05,7.0418256e-06,-0.0001480131,-0.00021400417,-0.0001550058,2.3785506e-05,2.9601358e-05,4.0423402e-05,-0.00059266795,-0.00042738636,0.00027149246,5.3058291e-05,0.00023793674,-5.1501168e-05,6.2675539e-05,0.00014074717,7.3522896e-06,-4.2415868e-05,2.9244956e-05,0.00047138575,-0.00048825325,0.00036921021,-8.8950985e-05,-2.6984291e-05,-0.00029909485
"37",0.00028430997,-0.00012426831,-0.00059431581,0.00023642125,-5.729158e-06,7.3142525e-06,0.00019267072,5.2478347e-05,-4.7416932e-05,-1.0785511e-05,-1.4780691e-05,1.3212642e-05,2.9899201e-05,4.9831703e-05,-4.7748263e-05,3.7418335e-05,-2.7333173e-05,1.726779e-05,-0.0013244543,0.001034014,-0.00022655671,-0.00019952488,0.00012035328,5.9190675e-05,8.4202661e-05,5.9704162e-05,9.3671377e-05,2.2196671e-05,-2.7498437e-06,-1.4461754e-05,6.014697e-05,0.00041298279,3.4542513e-06,1.5321427e-05,2.3376587e-06,-1.6201992e-05,0.0021169437,0.0011981545,-7.1117372e-05,0.00010157399,3.2476644e-05,3.3033507e-05,-2.0022973e-05,-0.00014512369,-8.4229295e-05,7.8829023e-06,-6.9013485e-05,-0.00011743445,-4.7477816e-05,-5.9411033e-05,-0.00015946054,-1.1366222e-05,-9.7311493e-07,7.4599432e-05,-2.6515159e-05,-0.00050644592,-2.9205525e-05,2.9482518e-05,5.693916e-06,2.6085696e-05,-0.0018611738,-0.0010445246,2.8533085e-06,-9.9554814e-05,7.0275359e-05,-3.3002172e-05,3.2711173e-05,0.00015457745,0.00010501031,-2.6444012e-07,-0.0001204109,-2.026945e-05,-3.3236653e-05,5.9925379e-05,3.910027e-05,4.4265935e-05,6.9610599e-06,-9.4551792e-07,-8.9896031e-05,-0.00011675705,0.00013288634,-1.341654e-05,-3.188607e-05,3.2310082e-06,4.9504412e-05,0.00040529456,0.00027437037,7.4549232e-05,0.0001019602,2.9338121e-05,6.2968307e-05,3.3850552e-05,-0.00014260514,-1.447144e-05,-3.8423371e-06,-1.9714369e-05,0.00071873613,-1.8321449e-05,-3.9177795e-05,7.7965104e-05,-7.5369261e-05,-0.00019387723,-0.00016734941,7.4552799e-05,2.5927838e-06,3.6519378e-05,0.00027494527,-7.9321533e-05,-3.5577859e-05,3.8280425e-05,5.6867127e-05,1.4441396e-05,-0.0004931495,-0.00030309631,-2.39258e-05,-1.5853988e-05,-6.124016e-06,-3.0633008e-05,-2.9325621e-05,0.00017697733,1.6546713e-05,-3.317118e-06,-0.00022802519,0.00030419271,-0.00038162433,1.4094189e-05,5.8450146e-06,4.4976175e-05
"38",-0.00027971916,-0.00015629398,-0.00097764857,-0.00023430423,2.5674553e-05,-2.4673618e-06,0.00018061081,-8.2281847e-05,-5.4057118e-05,7.589372e-08,-3.7650249e-05,-3.464037e-05,2.5826201e-05,-1.39946e-05,-1.6873287e-05,-3.6370373e-05,2.8092432e-05,-2.1975962e-05,-0.0012388092,0.0010061778,-0.00020016114,-0.00040173761,-7.2109401e-05,-1.3197668e-05,0.00017330406,4.6148041e-05,0.00018842954,1.9017967e-05,-7.2571367e-06,0.0001345264,-6.1247632e-05,0.00015022484,-6.743935e-05,1.2682524e-05,-4.9055157e-06,-5.1571474e-05,0.0011981545,0.0019536799,-0.00014033848,0.00013475382,8.1142604e-05,-0.00011246824,2.5235437e-05,-7.3076207e-05,1.428933e-05,1.2767984e-06,9.5849195e-05,-9.3920906e-05,-0.00014587236,-3.6889014e-05,-0.00026658264,-2.4466063e-05,1.1349164e-05,-8.9111788e-05,0.00013101414,-0.00029469715,4.6890737e-05,7.844347e-06,8.7962827e-06,5.0353543e-05,-0.0010314245,-0.0017555389,0.0001352943,-0.00013695122,6.8326401e-05,0.00010955328,-2.1150003e-05,0.00017433875,-2.787695e-05,7.059819e-06,0.00019952876,4.0173366e-05,-7.3430847e-05,5.2380238e-05,6.2515802e-05,0.00011006736,-1.6386338e-05,3.1129026e-06,0.0001241192,-7.9073879e-05,0.00013639558,-2.2081633e-05,3.0352314e-06,-3.2313936e-05,-2.2477954e-05,0.00028404225,0.00044609659,-1.0737139e-05,4.0365754e-05,-1.2264419e-05,-9.1900241e-05,1.5597487e-05,-0.00010177425,-1.9092536e-05,-5.0601361e-06,-0.00042216085,0.0015385388,1.0101798e-05,-9.9462889e-05,0.00013701628,-8.7044003e-05,-0.00028974081,-0.00019631893,0.00011931205,-3.6801187e-06,-0.00030264285,0.00032923178,-0.00024659723,8.6180932e-05,-1.5772643e-05,0.00013326804,9.7621162e-05,-0.00045028966,-0.00043215699,3.9874178e-05,9.5517445e-05,2.151936e-05,0.00025894912,0.00012544893,6.9165032e-05,0.00010464937,-6.3821395e-06,5.0952887e-05,-1.6473202e-05,4.8540645e-05,-7.7358041e-05,2.5597393e-05,5.5846816e-05
"39",0.00067312186,-0.0010870584,-6.7616688e-05,0.00081639783,-0.00015721105,4.4663476e-05,5.3223463e-05,5.7977633e-05,-8.4599653e-05,-8.6118615e-07,5.2036696e-05,-4.1320735e-06,-1.3526667e-05,1.0574462e-05,-2.1521506e-05,-6.158574e-05,-4.9733282e-05,7.0785476e-05,-0.0020537829,0.0018755474,-0.000703268,0.00076273536,-0.00018482208,-5.4266098e-05,-8.2479084e-06,-8.6360642e-06,-4.1726703e-05,8.010488e-05,-8.6124539e-06,-0.00010864802,0.00011362078,-0.00050689579,0.00062661715,-0.00010948467,-3.1822416e-05,0.00029968477,-7.1117372e-05,-0.00014033848,0.0026890303,-9.2256255e-05,-4.970719e-05,7.5410292e-07,7.4451041e-05,0.00012095768,1.9717512e-05,-4.2998166e-05,0.0001523938,7.649512e-05,9.5011034e-05,-6.3512834e-05,-6.2748271e-05,-4.2813585e-05,3.2897597e-06,0.00011973595,-0.0002037517,0.00042250753,-0.00074497454,0.00013955012,4.8728893e-05,-0.00017807033,-1.9208416e-06,0.00010658789,-0.0026499477,0.0001811457,1.104384e-05,-0.00010331299,-4.5511144e-05,-0.00012045074,-2.3978516e-05,5.2860193e-05,-0.00065741458,-0.00015050628,2.5851962e-05,-2.1708167e-05,-6.6322245e-05,-0.00010649191,1.4282509e-05,3.1560888e-06,-7.9463021e-05,0.00017628917,-0.00022020205,4.9761172e-05,2.1704665e-06,4.9640869e-06,0.00012466306,1.5473991e-05,0.00012012653,0.00077209009,0.00011456847,2.9215469e-05,0.00023580137,0.00014161222,-9.7660646e-05,2.3626548e-05,-1.3770582e-05,0.00049744641,-0.00069237519,0.00019323883,0.00011019367,2.8846027e-05,0.00012680444,0.00023078972,0.00012565285,-4.2205778e-05,-5.6215682e-06,4.0521504e-05,-0.00024222748,0.00028161099,-6.3040985e-05,3.2236871e-05,-2.284817e-05,-0.00020938573,-9.0180359e-06,-4.0082478e-05,-0.0006927888,-0.00021581856,-9.2998923e-05,-0.00019644347,-0.00017846434,0.00016385534,-0.00011481492,2.3223144e-05,-0.00064192499,0.00074221744,-0.00082732896,0.00015148599,-5.6961928e-05,-0.00014683036
"40",-0.00020599637,0.0013941686,0.0006796721,-0.00073109476,9.7308209e-05,-0.00011018639,-0.00012764491,3.4789205e-05,-1.1687269e-05,-2.2189605e-06,-6.8642161e-05,-4.0183146e-05,3.1586312e-05,-6.1215262e-05,1.0577431e-05,-7.3917926e-06,6.2284698e-05,-2.8869706e-05,-0.00093765194,0.00087103295,-8.7794579e-05,-0.00022101673,9.3354494e-05,-1.3521596e-05,0.00013850984,-0.00013861055,0.0001404465,5.3037747e-06,-7.0890947e-06,0.00016232773,8.8960596e-06,0.00081839723,4.3799812e-05,4.645357e-05,7.25221e-05,0.00013936968,0.00010157399,0.00013475382,-9.2256255e-05,0.0020942422,0.00065981881,-0.00049236002,-3.2000457e-05,-8.369326e-05,1.1885679e-05,7.3039086e-06,-0.00014500028,-2.515599e-05,-0.00031494337,3.0725058e-05,-0.00019163664,1.3840473e-05,3.4252704e-06,-0.00034533514,0.00018674327,-0.0014818668,-3.8406594e-05,-8.6694042e-05,-1.9532243e-05,-4.176483e-05,-0.00014873667,-5.1144711e-05,0.00017843979,-0.0019502404,-0.00058934562,0.00052004422,-1.2638951e-05,3.4884267e-05,4.3035422e-05,-2.2953233e-05,0.00077883916,0.000164414,-8.6380129e-05,6.3447901e-05,8.4251297e-05,0.00025725816,-2.8938965e-05,1.0354035e-06,0.00033145368,-0.00013868076,0.00011453132,0.00010343603,-3.5299323e-06,-4.4589325e-05,-2.6506771e-05,0.00012313129,-5.7881249e-05,-0.0001290991,0.00035725882,0.00014175296,-0.00033784333,-0.00010959086,2.0069207e-05,-2.8833497e-05,4.2939503e-06,-0.00065201829,0.0013928913,-6.4634877e-05,-0.00021966217,9.0048075e-05,-0.00016596999,-0.00024137459,-0.00031520227,0.00015538235,-8.6001366e-06,-0.00047166644,0.00016936591,2.1932262e-05,-0.00021469988,-2.3500166e-05,9.946649e-05,0.00019776367,-0.00020797688,4.6801642e-05,-5.1993386e-05,-0.000252149,-0.00010731176,0.00049391803,0.00016316631,-0.00025382654,0.00010001696,-1.8334443e-05,0.00071483154,-0.00078032098,0.00076927457,-0.00016664483,7.7203493e-05,1.7634286e-06
"41",-0.00054746752,-0.00013746775,0.00071946417,-0.00013425037,5.1253038e-05,-5.1347079e-05,-0.00037302282,-0.00014039139,6.5203746e-07,4.9269527e-05,-6.582002e-05,1.3610535e-05,2.0926094e-05,-4.4737441e-05,0.0001183509,-9.8311215e-06,9.2394258e-05,-0.0001109025,-0.00046632886,0.00029383439,-1.9282327e-05,-5.6447965e-05,2.6785928e-05,-0.0001014581,6.1124581e-05,8.8298157e-06,-0.0001604683,-3.5619566e-05,-1.5728175e-05,-1.3865803e-05,9.0830718e-05,0.00011252139,9.4205075e-05,2.1503096e-05,6.8002721e-05,7.7685589e-06,3.2476644e-05,8.1142604e-05,-4.970719e-05,0.00065981881,0.0020381237,0.00014226337,-6.451652e-05,3.2996191e-05,4.7083845e-05,-4.9675976e-06,-1.9779572e-05,0.00014753155,-2.7826266e-05,-3.3068665e-05,0.00015581148,4.3240883e-05,1.0143471e-05,8.5607304e-05,-9.4191781e-05,9.6383303e-05,-5.6994116e-05,-2.4066955e-06,-6.2465314e-05,8.2263234e-05,3.5889637e-05,3.1725853e-05,2.9495598e-05,-0.000591538,-0.0017794727,-0.00018197611,8.7729161e-05,-8.2340016e-05,-8.8946305e-05,2.4173938e-06,0.00016932116,3.2342241e-05,-7.7638263e-05,5.299396e-06,5.8272411e-05,-1.324884e-05,-3.3316113e-05,3.1159494e-07,0.00012744609,2.6472462e-05,-2.5387814e-05,8.4263433e-05,-3.3983855e-06,-1.6432659e-05,-2.8482776e-05,1.5258188e-05,-7.0954589e-05,3.2313405e-05,0.00011590382,0.00048528176,-2.1348888e-05,-1.6315452e-06,2.8787757e-05,-5.7623521e-06,-3.2794092e-06,0.00011791454,0.00051920265,0.00028462554,6.9250066e-05,5.4380763e-05,7.4976063e-05,-0.00013362956,-3.8054629e-05,3.4801854e-05,-6.9895835e-06,-0.0001726103,-0.00012308574,6.1568127e-06,3.1949474e-05,3.3177919e-05,1.4331609e-05,4.4331978e-05,-0.00014570977,9.4239831e-05,-8.7483009e-05,-9.5177031e-05,-0.00055214841,-3.2927338e-05,0.00011633317,-0.00010625714,-2.0385984e-05,9.5721732e-07,0.00021988899,-0.00027554129,0.00044255156,-7.0572156e-05,7.4090572e-06,-0.00015568249
"42",0.00017353719,4.0987179e-06,-1.4325553e-05,0.00016479329,-3.4671531e-05,1.5909385e-05,3.0603319e-05,-1.7274851e-05,2.9551339e-05,-1.2453558e-05,1.3432844e-05,2.1815305e-05,-5.2381541e-06,4.6669839e-06,2.1229627e-05,0.00010710256,-4.3477237e-07,7.6754796e-06,-0.00049798853,0.00011540169,-1.3550059e-05,7.359242e-05,-2.3113202e-05,0.00020964417,-0.00044105583,0.00013833974,-6.4849701e-05,0.00012067154,4.6665594e-06,-4.2557634e-05,0.00012318931,-0.00018847066,-7.3962895e-05,-6.0997014e-05,3.2950456e-05,-5.9203127e-05,3.3033507e-05,-0.00011246824,7.5410292e-07,-0.00049236002,0.00014226337,0.0035686597,0.00058291593,-3.5037035e-05,-1.4303642e-05,-1.3088565e-05,0.00010123916,-0.00017190661,0.00054798699,-0.00010533282,2.7887825e-05,-8.6193306e-05,9.8807119e-06,0.00017678331,-3.2135387e-05,0.00028164688,-2.9300724e-05,8.4413737e-05,-4.5504375e-05,3.7627458e-05,-1.6193045e-05,0.00016129508,-0.00011839059,0.00047983656,-0.0001323751,-0.0029781709,-0.00057799765,0.00011211247,-1.166143e-05,6.9731416e-06,-0.00020366764,1.7493102e-05,4.2819168e-05,-0.00012672339,7.0698731e-05,-8.8717813e-06,2.0786677e-05,2.713043e-06,-0.00010070453,-3.2132864e-05,-0.00011957477,-6.1267542e-05,-3.6795054e-05,1.4712364e-06,2.4734315e-05,-2.5232157e-05,-2.4518769e-05,4.2500895e-05,-9.9478315e-05,1.9351155e-05,0.00092540224,0.0001868682,-0.00015796929,-7.4165147e-06,-1.4169093e-06,0.00015943183,-0.00010365536,-0.0001415777,-0.00017121549,-4.3587547e-05,0.00011554986,-0.00015301763,2.883366e-05,-5.0960946e-05,-3.2715095e-07,0.00023569991,-4.1510629e-05,1.4013804e-05,0.00017174977,5.4750169e-05,1.4131122e-05,2.8652996e-06,-1.8205235e-05,-9.0600113e-05,4.4287932e-05,0.00016278358,-1.0835895e-05,-0.0010048932,-0.00020858355,0.000272487,6.4080297e-05,-1.0447888e-05,-6.3809617e-05,5.5697437e-05,-4.0229804e-05,-3.4685591e-06,2.0895712e-05,2.4390798e-05
"43",0.00014975285,0.001587314,-8.0726085e-05,-0.00059219082,0.00012020827,-9.0006983e-05,0.00013508339,0.00012793819,6.1360719e-05,3.7715742e-05,-2.6990377e-05,-2.3926255e-05,1.4303134e-05,-4.4469813e-05,-3.5951055e-05,3.5604199e-05,2.3249241e-05,0.00010377928,-0.00085578603,0.00071868043,-0.00017743631,2.054595e-06,2.3399505e-05,0.00019550754,-4.3647192e-05,-2.6465769e-05,-4.544309e-05,6.5161635e-05,-1.5537979e-06,-1.8132001e-05,-0.00029860508,1.1616564e-05,-7.4592147e-05,3.7336085e-05,5.6924004e-05,-0.00014551139,-2.0022973e-05,2.5235437e-05,7.4451041e-05,-3.2000457e-05,-6.451652e-05,0.00058291593,0.0019731761,-4.8666074e-05,-8.1475191e-05,1.4331566e-05,-2.0495269e-05,-0.00034789087,0.00010934447,6.6754447e-05,-4.547912e-06,-9.5648328e-05,9.3951496e-06,-3.6111963e-05,0.00039210785,-0.00031715744,2.883537e-05,-5.612451e-05,-2.3750612e-05,9.9838755e-05,2.6291793e-05,9.2413314e-05,-6.3825052e-05,3.5089756e-05,0.00013690135,-0.00046382151,-0.001801646,0.0001636513,0.00015138493,-4.0920579e-05,0.00076817161,0.00017025423,-3.0034361e-06,3.2079705e-05,-5.4923385e-06,0.00011157636,2.2777292e-05,4.7201536e-06,0.00027343328,-0.00019031521,5.2948502e-05,-5.3888489e-05,-1.7642051e-05,-3.027211e-05,-5.3051604e-05,3.0455304e-05,-0.00010720977,-5.0530626e-05,-0.000166267,5.3207201e-05,-4.5905166e-05,0.00035030975,8.9393697e-06,-6.9740788e-05,7.8283326e-06,-0.00045334388,0.0017362081,0.00028442364,-0.00022468914,1.1197326e-07,-5.1034193e-05,-0.00021590724,-0.00014226802,-3.8052617e-05,1.5172206e-06,-0.00042153182,0.00017691918,-7.2281894e-05,0.00012322377,2.0677363e-05,8.2632188e-05,0.00013121792,-0.00029284516,0.00021757544,-1.1005405e-05,0.00025865934,4.8166829e-05,0.00014580384,-0.00027462114,-0.00018920552,0.00019235623,-2.8896224e-05,0.00063978804,-0.00072276331,0.00059483885,-0.00019460124,4.0359176e-05,-9.8807054e-05
"44",-0.00095125138,-0.001115071,0.0011232488,-0.00020517365,0.00010244004,4.818618e-05,-0.0005889815,-0.00014038535,8.6517717e-05,-8.0833056e-05,-2.1908744e-05,-5.8011883e-07,-3.4885213e-05,3.2467422e-06,0.00011503521,-2.9977882e-05,6.3788692e-05,4.5370402e-05,-0.0025534152,0.0017361469,-0.00039817676,0.00050190302,-0.00018293673,0.00011279507,0.00090330811,0.00015741283,-0.00031839501,-2.1315042e-05,-1.0190223e-05,0.00019773862,0.00012262853,-0.00092223517,0.00012699852,5.4793217e-05,0.00049312708,-0.00040399553,-0.00014512369,-7.3076207e-05,0.00012095768,-8.369326e-05,3.2996191e-05,-3.5037035e-05,-4.8666074e-05,0.003274116,5.1434921e-05,-1.5161583e-06,0.00016470243,2.4946514e-05,-0.00095744821,-0.00016157171,0.00030236262,0.00010539481,7.3876638e-06,-0.00016416577,-0.00016745325,0.0012819412,-0.00035299737,-7.1356783e-05,-0.00026889981,0.00056671306,0.00024921085,0.00010611148,-0.00010333907,3.1172995e-05,-0.00014556991,1.5990072e-05,0.00024545018,-0.0027667895,-8.1219373e-05,8.6932146e-06,-0.00036191946,-3.4414274e-05,1.6021538e-05,0.0003262531,1.8062164e-05,-0.00014200227,1.9091107e-05,-7.9892662e-06,-9.5088889e-05,0.00012492794,-0.00023785721,-1.9570841e-05,-1.9904577e-06,4.9173149e-05,-0.00015710458,-0.00016751366,-1.1222825e-05,1.376545e-05,2.6672902e-05,8.7787693e-06,-5.1728518e-06,-1.6064453e-05,0.0006647356,3.7961011e-05,1.8587173e-06,0.00063033801,-0.0011702146,-0.00015176483,0.00010909482,-0.00016483987,-0.00027728489,8.9545417e-05,0.00011015188,-1.6465689e-05,1.0972314e-05,0.00036625052,-0.0001381851,0.0001973137,8.0700592e-05,7.6358037e-06,-7.6153567e-05,9.5729321e-05,0.00059122444,4.3827223e-05,-1.2904458e-05,-0.00028160565,-0.00010174062,-0.00017566973,-2.3615015e-05,-0.00055118529,-5.2614529e-05,1.0928465e-05,0.00012745556,-0.00014009919,0.00042540661,4.4633301e-06,1.0345531e-05,5.2925322e-05
"45",-9.6662897e-05,-0.00018531669,7.458686e-05,3.2945742e-05,1.029465e-05,1.0009587e-05,-3.0598053e-05,-5.9250765e-06,-6.0591799e-07,4.1567692e-06,6.3224143e-06,-1.7383223e-05,3.1177547e-07,-1.2884677e-06,3.90526e-06,-2.1773651e-05,4.3842171e-06,1.2308058e-05,-8.4436485e-05,9.7362663e-06,8.9593977e-06,1.6234168e-05,2.7231414e-05,-5.5070137e-06,3.0705392e-05,4.0330628e-05,-4.0504111e-05,2.3075203e-06,-5.7590668e-06,-3.0391408e-05,5.9025934e-05,-0.0002147881,-0.00013846475,4.0402522e-06,1.1273936e-05,-1.3447409e-06,-8.4229295e-05,1.428933e-05,1.9717512e-05,1.1885679e-05,4.7083845e-05,-1.4303642e-05,-8.1475191e-05,5.1434921e-05,0.00031462481,-3.1129796e-06,-4.0482193e-05,3.1851479e-05,-4.0446297e-05,-4.56796e-05,4.7107934e-05,1.9743772e-05,2.6577517e-07,5.5920172e-05,-6.5551503e-06,0.00033440923,0.00016099197,1.7698631e-06,9.3144045e-07,1.7219899e-05,8.869903e-05,-3.6776701e-05,-1.5968897e-05,-2.4443445e-06,-6.5215538e-05,-2.1836537e-05,0.00010107473,-1.8059458e-05,-0.00029537729,5.0848859e-06,-6.0375482e-05,-4.7852215e-06,-1.0033478e-05,1.3475882e-05,3.2498737e-05,-6.2976137e-06,-5.0822398e-06,1.1188368e-06,-3.4750526e-05,-2.6119477e-05,-3.1678193e-05,-7.2733357e-05,2.0705278e-06,-2.2674402e-06,-3.4121143e-05,-1.75951e-05,4.9000882e-06,8.8436658e-06,1.089054e-05,-9.1173705e-06,-5.9101384e-06,-4.5295146e-05,2.2984456e-05,4.2215051e-05,-3.2950008e-07,6.084009e-05,-0.00012957192,6.7464336e-05,4.870496e-06,1.562756e-06,-3.0030083e-09,-2.1240069e-05,7.9292351e-06,3.5518122e-06,-2.7934404e-07,1.4227832e-05,3.8130777e-05,-2.0345474e-05,8.2152659e-05,2.9909614e-06,8.399005e-06,9.6268472e-06,-3.4317873e-05,-1.2830859e-05,-2.3364392e-06,-5.0085426e-05,2.4940709e-06,1.5049874e-05,8.1939631e-05,1.4046258e-05,-8.5897514e-05,1.0081928e-06,-4.1042722e-05,3.3448292e-05,-1.2709421e-05,2.2098556e-05,-1.4132469e-05,-1.2930355e-05
"46",-3.0896827e-05,0.00017108197,2.2792453e-05,-6.4589711e-05,1.4452232e-05,-1.3599417e-05,-1.5412744e-07,3.4382555e-06,5.9454147e-06,-1.0210622e-07,-2.554625e-06,4.4473179e-06,3.2805562e-06,-3.0228094e-06,-3.1534185e-06,1.3910761e-06,5.6478459e-07,2.4827937e-06,-3.4141193e-05,4.1883681e-05,-8.8523309e-07,-3.6697287e-05,1.3271864e-05,1.2002785e-05,-5.2800144e-06,-4.7974175e-06,-8.4335492e-07,5.7150166e-07,8.141839e-07,-2.732374e-06,-2.8305516e-05,3.3365911e-05,6.819239e-06,4.1574272e-06,-1.5877425e-05,-6.1635045e-05,7.8829023e-06,1.2767984e-06,-4.2998166e-05,7.3039086e-06,-4.9675976e-06,-1.3088565e-05,1.4331566e-05,-1.5161583e-06,-3.1129796e-06,2.2898132e-05,-1.3623937e-05,-1.9321063e-05,-5.1344348e-06,5.1055817e-06,1.1870599e-05,-4.4185924e-06,3.0322819e-07,-5.9185302e-06,4.2500081e-05,-6.0773796e-05,-8.1933746e-06,-8.9103424e-06,1.4012142e-05,4.7899826e-05,1.3025888e-06,9.3704923e-06,5.1832497e-05,-1.1344045e-05,5.0995484e-06,1.4950193e-05,-2.99394e-05,-3.7708104e-06,7.8265484e-06,-2.2235363e-05,7.184766e-05,1.5841293e-05,-1.1670175e-06,2.7966407e-07,-4.3046581e-06,-1.2518307e-06,8.0701482e-07,1.4555643e-07,1.5315124e-05,-2.0958121e-05,1.6071931e-05,7.6836737e-06,-2.1731518e-06,-5.6026113e-06,-1.7866241e-05,3.1814746e-06,-1.2863808e-05,-2.1200017e-05,-1.2833491e-05,-2.4541972e-06,-2.1928827e-05,-2.0971885e-06,1.1812198e-05,-1.5446403e-06,7.3907337e-06,-4.5158221e-05,0.00013245902,1.3680937e-05,-1.4348363e-05,-5.1203579e-06,-9.9668789e-07,-1.1781544e-05,2.7530634e-06,5.099452e-06,-5.9661424e-07,-1.1809465e-05,3.0845407e-05,-9.9556794e-06,1.3849267e-05,1.5185762e-06,7.6193305e-06,3.4012118e-05,-1.8203201e-05,1.7150467e-05,1.8025963e-05,2.2634729e-05,4.0888956e-06,1.9922753e-05,-3.9038281e-06,-2.5546211e-05,5.9231145e-06,-8.9307585e-06,6.5304715e-05,-7.7595152e-05,7.688415e-05,-1.9140423e-05,3.5206428e-06,-3.4388966e-06
"47",-0.00047026208,-0.00052272632,-0.00084646077,6.437047e-05,8.8355204e-06,3.9769058e-05,0.00012700989,-0.00016463994,3.5305591e-05,-2.1451053e-06,2.1270297e-05,4.5795459e-06,-1.8018599e-05,-2.6816114e-05,-2.2316645e-05,-2.4241166e-05,3.1265658e-05,3.3394119e-05,0.00016507976,-1.5596967e-05,4.7470772e-05,4.8310721e-05,-0.00088522823,0.00022878219,-0.00017145931,7.0544247e-05,0.00014198268,-4.3282961e-06,-5.7689015e-06,-3.5421699e-05,-0.00010347911,-0.00036988476,9.0722381e-05,6.1423343e-06,0.00015905892,9.211073e-05,-6.9013485e-05,9.5849195e-05,0.0001523938,-0.00014500028,-1.9779572e-05,0.00010123916,-2.0495269e-05,0.00016470243,-4.0482193e-05,-1.3623937e-05,0.0017037993,-0.0004352051,0.00031655869,-9.7010309e-05,-0.00027138284,-2.6587673e-05,7.2544068e-06,1.3521071e-05,0.00011307002,0.00097493335,-0.00019026892,1.8555414e-05,-0.00027806575,-0.00020106721,0.00012382244,-0.00021352773,-0.00032726271,0.00014671879,-3.665165e-05,-0.00029561506,1.6070085e-05,-0.0002332271,5.8954347e-05,2.5668117e-05,-0.0001332534,-0.00033139151,0.00011860024,-7.1935914e-05,4.9463187e-06,2.1863015e-05,-1.7954346e-06,-3.3629274e-06,-1.0307622e-05,-4.0912559e-05,-7.3978361e-05,-3.1297869e-05,1.2905813e-05,4.9970327e-05,6.2341113e-05,-1.1750941e-05,2.2840091e-05,0.00012221349,-1.249198e-06,1.8798778e-05,7.5977502e-05,-3.5552715e-05,-4.7030049e-05,-1.9541874e-05,-6.3977685e-06,0.00013768545,-2.5627424e-06,6.525337e-05,0.0003990057,-0.00020629088,7.754866e-05,-2.7855482e-05,-6.6360601e-05,-2.342865e-05,3.8517715e-06,0.00010252002,-3.6909842e-05,2.4559792e-05,3.2651419e-05,-7.3188181e-06,-7.6832658e-05,-9.0888131e-05,1.3936807e-05,3.1731248e-05,-7.3066316e-05,-1.6539347e-05,-4.3050493e-05,-0.00013819877,0.00011055517,-4.8181311e-05,3.299581e-05,1.054828e-05,-9.1842047e-05,0.0001206966,-4.2890123e-05,5.203935e-06,-1.7936498e-05,4.4977003e-05
"48",-0.0002680485,-0.0025333104,0.0016135178,0.00086209641,-9.7524254e-05,0.00012888664,-0.00064356456,-3.6557656e-05,-5.3377055e-05,-6.5451041e-06,-1.2008419e-05,1.4028437e-05,-1.9268147e-05,5.5415309e-05,8.2019669e-05,-8.0642956e-07,-3.2454062e-05,7.1006888e-05,0.0011915828,-0.0019386337,5.5180942e-05,0.00025294906,0.00025574755,-0.0021165165,0.00010812689,0.00018334595,-0.00013900472,-0.00015211895,1.4699901e-05,-0.00017320675,0.00038129747,-0.0013547704,-0.00012868061,-3.5621732e-05,2.1198142e-05,-0.00034971462,-0.00011743445,-9.3920906e-05,7.649512e-05,-2.515599e-05,0.00014753155,-0.00017190661,-0.00034789087,2.4946514e-05,3.1851479e-05,-1.9321063e-05,-0.0004352051,0.0037001712,-0.00013318258,-0.00020035023,0.00030979776,0.00026981407,-3.1499216e-05,0.00044994582,-0.00073765275,0.0026774827,0.00027739817,5.6835594e-05,-8.4240618e-05,0.00046473645,0.00034346086,6.4184639e-05,-0.00016213061,3.2132986e-05,-0.00045041422,0.0001120291,0.00050320718,0.00015291259,-0.00015230778,5.2575914e-05,-0.0012467536,-0.000123652,-0.00055634016,2.8856276e-05,-1.1237756e-06,-0.00019888644,-4.5958881e-05,1.0612402e-05,-0.00035026857,0.00019038386,-0.000409888,-0.00011982382,1.6610646e-05,4.7325925e-05,-2.1855589e-05,-7.2615847e-05,0.00023836209,0.00020624356,0.00034752223,3.3443551e-05,0.00029979562,5.1176231e-05,-7.2694757e-05,6.0771173e-05,-1.1147859e-05,0.00081368483,-0.0020789129,1.3832929e-05,0.00016508139,0.00065620211,3.1651918e-05,0.00022424874,0.00012975243,1.7772505e-05,-1.8389019e-05,0.00045378571,-5.2235213e-05,0.00016414068,0.00011666354,-7.248094e-06,-5.7373947e-05,-8.4441599e-05,0.00014552894,-0.00028166322,-9.2055348e-05,-0.00054768887,-2.6021843e-05,-0.00047045522,-1.3924343e-05,0.00034685258,-0.00018356093,3.5186515e-05,-0.00093432613,0.0010639529,-0.00086871649,0.00030402166,-9.0745922e-05,3.2374935e-05
"49",0.0014371804,-0.00077458014,-0.00042993101,0.0011534011,-0.00020725193,5.8668818e-05,0.00032999294,0.0001137371,5.2639424e-05,1.0870611e-05,6.5768664e-05,2.6614581e-05,-4.4911615e-05,5.6588508e-05,-3.7837559e-05,4.8803715e-05,-0.00014325094,0.000173239,0.0020210138,-0.0033163197,0.00060827224,3.0420617e-05,-0.00019834815,0.00013786277,-0.0020755177,-0.00010598726,1.764829e-05,-5.785676e-05,2.1052183e-06,-0.00056832941,0.00036421098,-0.00068608649,0.00020305636,-0.00016324196,7.7862767e-05,0.00013828317,-4.7477816e-05,-0.00014587236,9.5011034e-05,-0.00031494337,-2.7826266e-05,0.00054798699,0.00010934447,-0.00095744821,-4.0446297e-05,-5.1344348e-06,0.00031655869,-0.00013318258,0.0036266728,8.9312184e-05,-6.2446368e-05,8.5809546e-05,1.0961017e-05,0.000818163,-0.00052532687,0.0013337549,-0.00029501986,0.00026702421,-0.00015210402,-0.00028084282,-3.5953747e-05,0.00011616804,-0.00021306758,0.00045246689,3.1592954e-05,-0.00073840148,-0.00020338585,0.0015684715,9.1088929e-05,4.5565624e-06,-0.0011843527,-0.00022743653,0.00016933281,-0.00082438013,-3.4553584e-05,-8.8631328e-05,-1.9252802e-05,3.4646951e-06,-0.00056108403,0.00029890214,-0.00015297535,1.2986351e-05,-2.1842575e-05,5.4111253e-05,0.00014743118,-0.00011945861,0.00012688679,0.00011269624,0.00013215691,-4.16632e-05,0.00055788884,0.00024861812,-0.00059782613,8.5446542e-06,-1.4617867e-07,0.0010699771,-0.0027886879,9.5716462e-05,0.00027600901,-0.00022667882,0.0010809599,0.00035014571,0.00014716616,-0.00010417436,8.2383578e-06,0.00078934349,-0.0005444911,-0.00039973461,-2.9914083e-05,5.5306782e-05,-0.0001276427,-0.00021274289,1.660344e-05,-0.00032943189,8.0914305e-05,-0.00036027975,3.877077e-06,-0.00095611467,-0.00042075952,0.00092531466,-0.00021120997,1.2740495e-05,-0.00086080949,0.0010384228,-0.0012441073,0.00032132423,-0.00010797086,-0.00011480297
"50",0.001200256,0.0014448805,0.0002938414,-0.00017848845,-6.6554452e-05,-4.3440296e-05,0.00022842622,0.00030402922,-5.7386165e-06,-5.1451497e-05,1.8481035e-05,-2.9196781e-05,-4.7942754e-06,-5.6799412e-05,-6.2965557e-05,5.5751463e-05,-6.3737071e-05,-8.2340937e-05,0.00035683904,-0.00083803942,2.9868088e-05,0.00015364494,1.9334305e-05,0.00014927198,-0.0001082634,-0.001754043,-0.00070134323,8.0526693e-05,-1.4708274e-06,9.1329378e-05,-0.00024320006,0.00063740919,-0.00015712509,5.8033471e-05,-4.8718943e-05,0.00026074402,-5.9411033e-05,-3.6889014e-05,-6.3512834e-05,3.0725058e-05,-3.3068665e-05,-0.00010533282,6.6754447e-05,-0.00016157171,-4.56796e-05,5.1055817e-06,-9.7010309e-05,-0.00020035023,8.9312184e-05,0.0030091772,0.0012174012,-0.00013289659,-1.3091425e-06,-0.00012294722,0.00047021375,-0.001173687,0.00034318644,-9.4002833e-05,0.00011490196,-0.00040681546,5.72067e-05,0.00010352455,3.0149912e-05,6.2876879e-05,5.4408768e-05,0.00031017826,-9.4708011e-06,0.00017175432,0.00016718088,-1.6507439e-05,0.00010872326,-2.2240018e-06,5.5310368e-05,1.4232285e-05,-0.0006281593,-0.00026683245,4.3368578e-05,6.8590972e-06,8.5280614e-05,-4.1068938e-05,0.00023216133,-6.8052492e-05,2.7955538e-05,-3.5940006e-05,9.8366733e-05,-4.2332567e-05,-6.7953003e-05,-2.3618313e-05,-0.00012990787,-2.8416802e-05,-4.5345944e-05,1.8093539e-05,-1.7404737e-05,-7.7169834e-05,7.5563121e-06,-0.00051387393,-7.0580039e-06,-0.00055914977,-0.00023082862,-6.9572892e-06,-0.00015815129,0.00065820605,0.00043642496,-8.5186328e-05,-8.3831022e-06,-0.00026980409,2.8371909e-05,-0.00034603156,-3.4499123e-05,-7.871186e-05,9.8435577e-05,-7.3757154e-05,0.00043795539,0.00018228736,-7.8681191e-05,0.00023825626,0.00010787055,0.00023667818,4.3402208e-05,8.3592843e-06,0.00019764497,-2.2317578e-05,0.00012068712,-7.1563151e-05,-0.00022679775,2.4149713e-05,5.1498427e-05,0.0002450119
"51",-0.0011010212,0.00033803752,0.0023219032,-0.00053119978,0.00027633166,1.8671399e-07,-0.00084293601,-4.7663899e-05,0.00022017556,3.6773287e-05,-6.4011767e-05,6.7952537e-05,1.3004299e-05,1.0596248e-05,0.00016204412,-4.2453643e-05,5.7119856e-05,-4.8288416e-05,0.00019305941,-0.00075936778,4.0878035e-06,-7.8871531e-05,0.00018351681,-0.00015565377,2.6728568e-06,-0.00068460125,-0.0024280462,5.8234007e-05,-9.3327376e-06,7.1400354e-05,-6.7671344e-05,0.00042965276,-5.2752331e-05,0.00019346954,-0.00014119261,0.00023553674,-0.00015946054,-0.00026658264,-6.2748271e-05,-0.00019163664,0.00015581148,2.7887825e-05,-4.547912e-06,0.00030236262,4.7107934e-05,1.1870599e-05,-0.00027138284,0.00030979776,-6.2446368e-05,0.0012174012,0.0044354172,-2.3627356e-05,-7.2507712e-06,-0.00010505279,0.00026527218,-0.00082058881,0.00016004004,-0.00028508923,0.0002256343,-0.00022619369,0.00022990915,0.00026184141,0.00029430487,0.00029816693,-0.00038266604,-0.0001166531,-3.7781535e-05,-0.00041322122,-8.5411989e-05,-1.7474343e-05,-3.3416469e-05,2.7570915e-05,-6.2176201e-05,-2.2907775e-05,-0.00027976112,-0.00085387248,5.0642969e-05,-5.2242036e-07,-7.0982462e-06,5.6014131e-06,0.00047412525,-5.9647281e-05,3.3989317e-05,-1.8353837e-05,0.00010181556,-1.6114009e-05,-8.870516e-05,1.103919e-05,-0.00017170216,9.2635291e-05,6.8721484e-05,-7.598526e-05,0.00017270713,-2.8385624e-05,8.0776022e-06,0.00051014347,-0.00061661213,0.00070019727,0.00013232166,0.00012573365,0.00030735043,0.00045762795,0.00093785264,-7.5969122e-05,-5.7173567e-06,0.00012516016,-4.5108495e-05,-0.00055613376,5.6550429e-05,-3.1707884e-05,1.648914e-05,-0.00028035681,-0.00021544554,0.00017455079,5.5724132e-05,0.00010438809,-0.00019416937,-0.00033145626,2.3221037e-05,0.00013523816,-0.00016531782,5.9310611e-07,0.00060952692,-0.00078757282,0.001037714,-3.5822576e-05,-0.00011709496,-0.00012167747
"52",0.00046871635,-0.00032748397,0.00095653434,0.00018148221,-3.4520257e-05,5.3196925e-05,-0.00018281365,0.00013902768,-1.7023436e-05,1.5847376e-06,9.6245521e-06,1.9391945e-06,1.8804999e-06,7.5595659e-06,2.1821766e-05,1.9971331e-05,-3.3395646e-05,2.5205015e-06,0.0011982875,-0.0023023655,0.00045695133,-0.00040864572,1.8165877e-05,-0.00014361312,-6.3895901e-05,5.0198838e-05,5.7808896e-05,-0.00043805006,6.1813304e-05,-0.00024220175,-0.00012509224,-0.00025010734,0.00015358468,-3.4441666e-05,-2.964e-05,-8.9295576e-05,-1.1366222e-05,-2.4466063e-05,-4.2813585e-05,1.3840473e-05,4.3240883e-05,-8.6193306e-05,-9.5648328e-05,0.00010539481,1.9743772e-05,-4.4185924e-06,-2.6587673e-05,0.00026981407,8.5809546e-05,-0.00013289659,-2.3627356e-05,0.00085621575,-0.00012146433,0.00047393287,0.00018083992,0.00050434375,-0.00037323494,4.3275592e-05,5.2271204e-05,0.00017633333,2.8701807e-05,3.2117948e-05,6.7011827e-05,3.9847465e-05,-5.3281315e-05,0.00015781668,0.0002321807,-0.0002273855,-1.2229323e-05,7.640664e-06,-0.00029423958,-3.3975247e-05,-3.7872999e-05,-3.6742119e-05,1.8586261e-05,2.8098497e-05,-0.00016648491,2.2819511e-05,-0.00018188189,-3.3620952e-05,-5.0868966e-05,8.7920316e-05,-1.3598615e-05,-5.8479792e-06,-5.5267224e-05,-3.394777e-06,5.790881e-05,9.1698127e-06,9.8190532e-05,-7.334761e-06,5.5989942e-05,-8.1479335e-06,-3.0793785e-05,-1.2653779e-05,1.5364114e-06,0.00014305287,-0.00038231041,-9.0036917e-05,2.736409e-05,4.3895382e-05,1.3637351e-05,-2.3575002e-05,-4.5620712e-05,0.00016647007,-1.4764361e-05,0.00023631123,8.4078542e-05,-5.1749303e-05,-0.00019047803,2.3296158e-05,-1.4562492e-06,5.5007213e-05,-4.286034e-05,-0.00013533581,-2.2865078e-05,-0.00016597687,2.3262751e-05,-1.72571e-05,4.4558669e-05,0.00010174799,2.1381209e-05,-8.971243e-07,-0.00024611332,0.00030674559,-0.00038274199,7.9899477e-05,-5.6598705e-06,3.8672222e-05
"53",-4.80276e-05,9.0638131e-05,2.932404e-05,-5.3846233e-05,1.1078226e-05,-7.1024866e-06,-8.6016387e-06,-8.7694581e-06,1.7820884e-06,-3.363763e-06,-6.857724e-07,-9.3549815e-07,-2.0842084e-06,3.6660877e-07,-4.3161063e-07,-4.9772544e-06,-3.7660212e-06,1.1796314e-05,-0.0001009715,0.00016987644,-3.6861604e-05,2.1410149e-05,-5.0095252e-06,1.9099705e-05,1.7026144e-06,-3.1934357e-06,-7.4373214e-06,6.2189328e-05,-2.349303e-05,9.6558748e-06,-2.3427307e-07,3.9197181e-06,4.0405477e-05,1.5248194e-05,2.1445523e-06,1.2788373e-05,-9.7311493e-07,1.1349164e-05,3.2897597e-06,3.4252704e-06,1.0143471e-05,9.8807119e-06,9.3951496e-06,7.3876638e-06,2.6577517e-07,3.0322819e-07,7.2544068e-06,-3.1499216e-05,1.0961017e-05,-1.3091425e-06,-7.2507712e-06,-0.00012146433,4.6469144e-05,-3.1665295e-05,-2.1597333e-06,-8.4829548e-07,-5.7628297e-05,-2.4818949e-05,-3.7346341e-07,-1.6051265e-05,-1.0306124e-05,-1.2672957e-05,-1.0943831e-05,-4.3673774e-06,-2.4762991e-05,-4.572461e-06,-2.0922938e-05,-8.2395919e-06,-4.7218965e-06,-1.0017426e-06,7.713458e-05,7.0675737e-06,6.9158899e-06,4.9789614e-06,9.7027102e-06,8.5879846e-06,2.3452961e-05,-8.0446658e-06,3.7206215e-05,-1.2038177e-05,3.9837224e-05,2.3672727e-05,5.4153194e-06,-1.726614e-06,4.023028e-06,-8.2119099e-07,-1.589994e-05,-6.5582753e-06,-1.7836251e-05,6.2941625e-07,-2.2292738e-05,-1.1452724e-05,1.2610669e-05,3.9203516e-06,-7.1060657e-07,-9.097706e-05,0.0001427713,-6.5071592e-05,-3.1201523e-05,-1.2728015e-05,-1.4305472e-05,-3.866944e-05,1.3793184e-05,-1.1504817e-05,5.3733266e-06,-4.9540666e-05,1.3016709e-05,-2.9091965e-05,-1.2283619e-05,-1.4122431e-05,4.750723e-06,2.9211409e-06,2.6668922e-05,1.813458e-05,-9.7027069e-06,4.1729896e-05,9.9126639e-06,3.6014018e-05,1.7367049e-05,-3.409423e-05,6.1495524e-06,-4.8302085e-07,6.0806026e-05,-7.2308831e-05,8.1486655e-05,-2.0048413e-05,1.1581855e-05,2.4224165e-05
"54",0.0001881267,-0.0019930851,-0.00069821914,0.00088764525,-0.00018659211,0.00014308379,5.8742892e-05,-0.00019775341,4.8623215e-05,7.0850799e-05,0.00010886078,5.7425495e-05,-1.7570347e-05,3.6050923e-05,4.7006509e-05,2.7822129e-05,0.00011229542,-5.7351605e-05,0.0015535145,-0.0028149732,0.00057045045,-0.00046410827,-2.9275622e-05,-0.0001877467,-0.0005312444,0.0001823663,6.4089455e-05,-0.00023889038,8.3293818e-06,-0.0027177303,-0.00023817648,-0.00083294576,0.00018226468,-9.5710371e-05,7.8258516e-05,0.00011478676,7.4599432e-05,-8.9111788e-05,0.00011973595,-0.00034533514,8.5607304e-05,0.00017678331,-3.6111963e-05,-0.00016416577,5.5920172e-05,-5.9185302e-06,1.3521071e-05,0.00044994582,0.000818163,-0.00012294722,-0.00010505279,0.00047393287,-3.1665295e-05,0.0047757286,0.00052581727,0.0012795976,-0.00025786632,0.00013746364,-0.00012734817,-0.00010694071,-5.227392e-05,4.7141132e-05,-0.00012143492,0.00065402521,2.8567192e-05,-0.00053578497,9.4203496e-05,0.00036751063,-0.00011430847,2.3175088e-05,-0.00095870637,-0.000162291,2.2807367e-05,-0.00023802788,4.7511063e-05,-0.00010099695,-0.00010553044,1.816526e-05,-0.0011352291,-2.965914e-06,-0.0001314682,0.00010113604,-3.3709986e-05,5.950446e-05,4.3285366e-05,-5.3082843e-05,0.00017477732,2.4381746e-05,5.0565506e-05,-2.192797e-05,0.00032944002,5.8857428e-05,-0.00015788248,-1.0640323e-05,-1.5321892e-06,0.0010967843,-0.0018134701,0.00088103314,0.00044181798,7.3465999e-05,0.00052288956,0.00012398394,-0.00014631128,0.00012674331,-2.8267806e-05,0.0013624406,-8.3084217e-05,-0.00020010029,-0.00027122151,0.00010878155,-0.00014367499,-0.00019621033,-0.0003486147,-0.00027065882,0.00024852966,-0.00022012211,-5.570109e-05,-0.00064591096,-4.105363e-05,0.0002178942,-0.00013702268,3.2340505e-05,-0.00061874594,0.00073771705,-0.00064999867,0.00022004365,-0.00015862159,-0.00033015825
"55",-0.00039813529,0.0033902069,0.00028455514,-0.0015080834,0.00027711252,-0.00020891582,0.00010885843,-2.2678926e-05,0.00017026457,5.2686943e-05,-3.0053659e-05,-1.8326807e-05,8.5334355e-05,5.1992553e-06,-1.2670588e-05,9.8177238e-05,0.00010679706,-0.00013805611,0.00031298665,-0.00094971787,0.00039275191,-0.00079686923,-0.00010866076,0.00035050819,0.00026596474,-0.00032745445,-2.7363581e-05,-0.00010762353,-4.6117733e-07,-0.00032505472,-0.0040575787,0.00077877662,-0.00018581342,0.00011488822,0.00011172788,-5.3692259e-05,-2.6515159e-05,0.00013101414,-0.0002037517,0.00018674327,-9.4191781e-05,-3.2135387e-05,0.00039210785,-0.00016745325,-6.5551503e-06,4.2500081e-05,0.00011307002,-0.00073765275,-0.00052532687,0.00047021375,0.00026527218,0.00018083992,-2.1597333e-06,0.00052581727,0.0075903674,-0.0013716379,0.00020971959,-0.0001915215,-2.702414e-05,0.00026229253,2.3170461e-05,4.1340417e-05,0.00028915533,-0.00027197029,0.00019109518,0.00010081158,-0.0004890115,0.00023179804,5.5594898e-05,-9.4247804e-05,0.0014231685,0.00013697998,-5.477272e-05,9.4511593e-05,6.4018105e-06,0.00017410698,-7.1936445e-05,-4.8869128e-06,0.00023730207,-0.0015613167,0.00049254189,0.00012177542,2.2308681e-05,1.0638601e-05,-0.00010327283,0.00013328772,-0.00018123291,-0.00017804048,-0.00024071042,-9.5052548e-06,-0.00033966358,-8.5247613e-05,1.8462366e-05,-1.5128137e-05,1.7191807e-05,-0.0010392503,0.0021565707,-3.0226562e-05,-0.0001994858,0.00010094362,-0.00035847565,-0.0003240264,-9.8966444e-05,0.00017642834,2.0361248e-06,-0.00031446107,0.0024950128,-0.00049707437,-0.00010074702,-7.5941875e-05,3.6412728e-05,0.00036707099,-0.00038796798,-5.3580974e-05,9.0291799e-05,0.00031649422,0.00012136072,0.00076789842,8.5064152e-05,-0.0001822621,0.00013961449,-3.8715877e-05,0.0013584522,-0.0015465683,0.0013287529,-0.00033805528,6.7114108e-05,0.00011973262
"56",-0.0034551018,-0.011210138,0.00092707649,0.0028953307,-0.00023406076,0.00058500464,-0.0017728301,-0.00110484,1.0539645e-05,-8.5436226e-05,1.6593507e-05,6.2411232e-05,-4.3449531e-05,9.3766158e-05,0.00021167164,-0.00019758285,0.00011469887,-0.0001966055,0.0035740393,-0.0034483073,-0.00072990286,0.0029623134,-0.00031555306,-0.0015535254,-0.00076869404,0.0010529663,0.00020023414,-0.00031048301,-3.8538129e-05,-0.00075391415,0.0007614639,-0.026976915,-0.00090859545,-0.00044976925,0.00021121697,-0.00086208417,-0.00050644592,-0.00029469715,0.00042250753,-0.0014818668,9.6383303e-05,0.00028164688,-0.00031715744,0.0012819412,0.00033440923,-6.0773796e-05,0.00097493335,0.0026774827,0.0013337549,-0.001173687,-0.00082058881,0.00050434375,-8.4829548e-07,0.0012795976,-0.0013716379,0.10325439,0.0018115719,0.00068690511,-0.00067637612,0.0010706731,0.00077738662,-0.00025742903,-0.00072271708,0.0015759776,-0.00057648501,-0.00099185734,0.0002562689,-0.0015988803,-0.001008789,0.00013877314,-0.004345843,-0.00073784072,2.0271877e-05,3.1586435e-05,0.00020044357,-0.000134028,-1.061955e-05,2.2844073e-05,-0.0011189248,0.00080861652,-0.011494486,-0.00042887936,3.7045341e-05,0.00018700896,-0.00014045433,-0.00012438978,0.00068581559,0.00070225487,0.00083642976,-1.2360545e-05,0.0011450782,0.0003216047,4.1853845e-05,0.00030558397,-1.6383975e-05,0.0043148831,-0.010159452,-0.0002180093,0.0012001601,-0.00034798349,0.00044505138,0.00090491496,-6.9866654e-05,-0.00037844235,1.2016691e-06,0.0016914077,-0.00080868797,0.031300577,0.0007495785,0.0001160223,-0.00050601598,-0.00019422233,0.00098483022,-0.0012191453,-0.00021046007,-0.0020098875,-8.665596e-05,-0.0024370058,-0.00077136125,0.0012350402,-0.0011438172,8.6997561e-05,-0.0031924298,0.003610607,-0.002434308,0.00090194077,-0.00028470446,-0.0001690913
"57",-0.0010895071,-0.00033999589,-0.0027211461,-0.00020010532,-0.00011205084,-4.3498531e-05,0.00066640769,-0.00022878621,-4.2298648e-05,-2.2156163e-05,1.3915898e-05,-4.1992912e-05,2.2144604e-06,2.4298468e-05,-0.00014077978,5.1574521e-07,9.1831686e-05,-0.00021037343,0.00031146395,0.00020759271,-0.00048008397,0.00059023046,0.00010866583,-0.00015139654,0.00018550325,-6.7869525e-05,-2.1360134e-05,0.00013715976,3.6127005e-05,0.00017815399,-0.00021857524,-0.00064580092,-0.0030704023,1.5761717e-05,9.610139e-05,2.4067834e-05,-2.9205525e-05,4.6890737e-05,-0.00074497454,-3.8406594e-05,-5.6994116e-05,-2.9300724e-05,2.883537e-05,-0.00035299737,0.00016099197,-8.1933746e-06,-0.00019026892,0.00027739817,-0.00029501986,0.00034318644,0.00016004004,-0.00037323494,-5.7628297e-05,-0.00025786632,0.00020971959,0.0018115719,0.0067598091,-4.418615e-05,-0.00032492191,-0.00015561255,7.9374721e-06,-0.00013366542,0.0014218522,-7.1980562e-05,0.00013496676,-0.00015459697,-0.00029080611,0.00060496978,-0.00043501329,1.8351503e-05,0.00017038153,1.1869818e-06,-3.1459094e-06,0.00011046253,5.0227959e-06,-0.00012883498,7.8837827e-05,2.1589245e-05,0.00024943967,-3.612879e-05,0.00031690844,-0.0011189923,3.8802769e-05,6.0032602e-05,7.0472931e-05,3.420692e-05,3.8123135e-05,-0.00018545317,-0.00010121167,-3.3353748e-06,-2.7702623e-05,0.00016321263,0.00014527793,9.7018173e-05,-6.6393376e-06,-0.00036339098,0.00028799967,0.00012442605,-6.8262729e-05,1.1906495e-05,-0.0001273371,-7.7235789e-05,-7.2702856e-06,-0.00013895238,-1.1030168e-06,-0.00050530861,1.2229915e-05,-0.00043607167,0.0015322835,-2.0091188e-05,-9.5346057e-05,-0.00012726759,8.6722526e-05,0.00012372173,0.00030237628,0.00026365795,-0.00015698457,6.0376168e-06,-4.9046706e-05,-0.00030532336,-0.00013765837,5.2079073e-06,-3.2954511e-05,8.4207465e-05,5.9802571e-06,-1.8235822e-05,-9.9282154e-06,3.4630882e-05
"58",0.00028959303,-0.001075801,-0.00084544073,0.00065920303,-0.0001261008,7.3234312e-05,0.00015584276,-3.0222328e-05,-2.1982808e-05,1.1263808e-05,1.495857e-05,6.3031008e-06,-4.4580155e-06,-1.4188339e-05,-1.2428633e-05,1.5914709e-05,-1.2599949e-05,2.7751375e-05,0.0006607785,-0.0011135528,0.00014350978,0.00017052357,-1.4509417e-05,-4.7389117e-05,-0.00014535478,0.00010672556,0.00020298995,-3.451003e-05,1.3548978e-05,-9.2970052e-05,0.00016179937,-0.00055732175,1.9278127e-05,-0.00031261899,3.9121924e-05,-2.3320541e-05,2.9482518e-05,7.844347e-06,0.00013955012,-8.6694042e-05,-2.4066955e-06,8.4413737e-05,-5.612451e-05,-7.1356783e-05,1.7698631e-06,-8.9103424e-06,1.8555414e-05,5.6835594e-05,0.00026702421,-9.4002833e-05,-0.00028508923,4.3275592e-05,-2.4818949e-05,0.00013746364,-0.0001915215,0.00068690511,-4.418615e-05,0.00059912644,-7.8756401e-05,1.9104554e-05,-0.00011489006,-0.00012938933,-0.00022423218,0.00012846911,2.7324183e-06,-0.0001638425,8.7509303e-05,0.00018166658,-1.2834188e-05,1.5335496e-05,-0.00069721522,-9.4007053e-05,5.6289992e-05,-5.2944897e-05,1.1224273e-05,-8.4042846e-06,-1.2263652e-05,5.8452274e-06,-0.00023862426,0.00016199035,-0.00023020094,-3.1619887e-05,-0.00010049832,3.3433589e-05,-6.1347979e-06,-1.2309238e-05,0.00011736119,0.00011263341,0.00013434991,-3.0467313e-05,0.0002300203,0.00011881648,-9.8358273e-05,2.1666876e-06,-1.6810254e-06,0.00072094894,-0.0017722279,0.00025711115,0.0002129328,-0.00010782678,0.00014716151,0.00019353369,-9.8736591e-05,-3.6888403e-05,-8.7356944e-06,0.0003531286,-0.00021213184,-2.9926687e-05,5.0476078e-05,0.00016956445,-8.7965986e-05,-7.0522128e-05,-2.2605096e-05,-0.00018877413,2.1520215e-05,-0.00033828682,-4.8551034e-05,-0.00040597539,-0.00021712358,0.00028717767,-0.00014409151,1.7177591e-05,-0.00056724516,0.00068879707,-0.00074090535,0.00017568691,-7.9091604e-05,-0.00013662587
"59",0.00052668543,5.5371284e-06,0.00069626253,0.00015041402,-5.0759004e-05,1.9011126e-05,-6.276339e-05,0.00011910449,-3.9076395e-05,-7.6942546e-06,4.5718294e-06,-1.2126719e-06,-3.7390696e-06,-7.0781732e-06,-3.9034011e-06,-7.1873704e-06,-2.7598423e-05,-2.5703476e-05,0.00024568503,-0.00063893981,4.7787773e-05,-1.10061e-05,0.00015804874,6.3431629e-05,9.5165284e-05,-8.1674074e-05,-0.0001334853,-2.511252e-05,2.4513992e-06,9.0265941e-05,8.5291347e-05,0.00028608348,0.00011449209,4.8682427e-05,-0.00031976677,-0.00012555015,5.693916e-06,8.7962827e-06,4.8728893e-05,-1.9532243e-05,-6.2465314e-05,-4.5504375e-05,-2.3750612e-05,-0.00026889981,9.3144045e-07,1.4012142e-05,-0.00027806575,-8.4240618e-05,-0.00015210402,0.00011490196,0.0002256343,5.2271204e-05,-3.7346341e-07,-0.00012734817,-2.702414e-05,-0.00067637612,-0.00032492191,-7.8756401e-05,0.00053985018,0.00027379615,2.1958815e-05,4.467703e-05,-6.7336352e-05,9.3036429e-05,0.00011578235,0.00014038483,6.1968679e-05,0.00040495346,2.5655823e-05,-2.687082e-05,-0.0001418002,4.0489874e-05,-2.2806927e-05,2.161935e-05,-4.5384803e-05,-4.2792731e-05,-1.4037518e-05,1.7573447e-06,-5.5378808e-06,8.1358803e-05,-1.329365e-05,3.9099202e-05,1.6286088e-05,-8.0803081e-05,-4.5068679e-05,1.1012438e-05,3.8883831e-05,3.6487253e-05,4.0580469e-05,-1.9832857e-05,1.3427373e-05,2.3696142e-05,-9.0812169e-05,7.9636302e-07,5.9417475e-06,-2.9579129e-05,0.00016519259,-0.00016633512,-0.00014344481,0.00011021452,-7.8627381e-05,2.5513592e-05,6.4444399e-05,1.9563765e-05,-7.7836331e-07,-0.00010575631,-7.0516031e-05,6.5483714e-05,-0.00017018628,-3.5937527e-05,0.00011557524,5.632579e-05,2.8531109e-06,-9.1178591e-05,-9.6953706e-05,-3.6786718e-06,6.9424077e-05,0.00011667162,-3.201596e-05,0.00012689001,4.7473117e-05,-1.129997e-05,-0.00016448921,0.00019834948,-0.00029657765,3.9244195e-05,1.5008842e-05,8.8574321e-05
"60",6.6753071e-05,-0.0015795999,0.0014719418,0.00040951961,-3.6485474e-05,6.5703601e-05,-0.00045402472,-8.1570609e-05,-4.0878747e-05,-8.2639697e-05,-1.3110994e-05,-1.2973791e-05,1.7084182e-05,-3.1224695e-05,3.8803989e-05,3.6971085e-06,-6.3406969e-05,-3.2016918e-05,0.00068031308,-0.0015227952,0.0001127584,0.00031175568,0.00012253198,-0.00033009283,0.00016725842,0.00026785222,0.00024802811,-8.1868965e-05,1.179827e-05,0.00014550188,-0.00010508769,-0.00064465162,-3.5268977e-06,-1.0210917e-05,-0.00012262408,-0.001809141,2.6085696e-05,5.0353543e-05,-0.00017807033,-4.176483e-05,8.2263234e-05,3.7627458e-05,9.9838755e-05,0.00056671306,1.7219899e-05,4.7899826e-05,-0.00020106721,0.00046473645,-0.00028084282,-0.00040681546,-0.00022619369,0.00017633333,-1.6051265e-05,-0.00010694071,0.00026229253,0.0010706731,-0.00015561255,1.9104554e-05,0.00027379615,0.0031273235,1.8764476e-05,-3.8485732e-05,0.00042647237,5.7264441e-05,-0.00015845895,-0.00011443946,-0.00015244214,-0.00085467125,-8.4437496e-05,-7.858036e-05,-0.0005136849,6.3260235e-06,-3.1537262e-05,0.00014329518,7.9240865e-05,6.1358521e-05,-5.0921974e-05,5.5486905e-06,-9.1447688e-05,-4.3280257e-06,-0.00028153141,1.2882608e-05,-7.7059929e-06,-3.0471058e-05,-0.00060062564,-5.5828122e-05,0.0001527287,-1.7847999e-05,0.00018318187,3.542047e-06,9.4528455e-05,0.00012499556,0.00016197897,4.4581711e-05,1.8756453e-05,0.00023640068,-0.00017390264,-0.00055690736,-9.6889218e-05,-4.2624232e-06,-0.0001795188,-0.00016852636,-3.6334467e-05,5.6579897e-05,-8.7290285e-06,6.0668977e-05,0.00021255905,0.00032230057,-0.00012571967,-2.2971315e-05,-2.4929502e-07,0.00075207062,0.00030939096,-0.00036732204,-0.00017099109,-0.00030045108,1.1767738e-05,-8.0803277e-06,-0.00013245509,-0.00020382639,8.2653495e-05,-2.5444369e-05,-0.00053114471,0.0005712624,-0.0004295546,8.3575996e-05,2.7333094e-05,0.00025501039
"61",-0.00081321583,-9.0686228e-05,0.0011856731,-0.00034603157,6.4040114e-05,6.4080872e-06,-0.0003972566,-0.00017508143,0.00010741475,-4.3810294e-05,-3.6718372e-06,2.5735583e-06,-8.1988415e-05,-1.9838193e-05,9.1076485e-05,-1.3120011e-05,3.816535e-05,-8.9307926e-06,0.0010678548,-0.0017778575,0.00023187998,0.00072518706,-6.7536625e-05,-0.00013945239,-2.487406e-05,9.2667048e-06,-0.00017833442,-2.6843063e-05,2.0004265e-06,3.2415597e-05,-9.482433e-05,-0.00048914657,4.921771e-06,2.5922269e-05,1.5116186e-05,-4.5227778e-05,-0.0018611738,-0.0010314245,-1.9208416e-06,-0.00014873667,3.5889637e-05,-1.6193045e-05,2.6291793e-05,0.00024921085,8.869903e-05,1.3025888e-06,0.00012382244,0.00034346086,-3.5953747e-05,5.72067e-05,0.00022990915,2.8701807e-05,-1.0306124e-05,-5.227392e-05,2.3170461e-05,0.00077738662,7.9374721e-06,-0.00011489006,2.1958815e-05,1.8764476e-05,0.0035770758,0.0019146752,5.098943e-05,9.242405e-05,-0.00024143251,-0.00010801103,1.600999e-05,-0.00029088513,-0.00026343184,6.5924056e-06,-0.00010501026,-5.174497e-06,-2.1329959e-06,-0.00010532618,-4.9981356e-05,-3.9400577e-05,1.90334e-05,-3.6780198e-06,-6.352808e-06,8.4858064e-05,2.3670792e-05,3.2955944e-06,4.3194043e-05,4.1098689e-06,-6.7356107e-05,-0.00057047812,-0.0003282003,2.4460098e-05,-6.5277441e-05,-4.3082136e-05,2.0507992e-05,-7.1354469e-05,0.00012861903,7.653338e-05,5.4860578e-06,0.00062927898,-0.0017219518,-0.0002643679,9.1819442e-05,-0.00017993007,8.7772879e-05,0.00046003257,0.00019118793,-0.00015383771,3.0120765e-06,0.0002035584,-0.0002839909,-0.00025794718,0.000183423,-0.00010555707,-8.4402688e-05,-2.5899891e-05,0.00088003232,0.00020976937,-0.00020528788,-0.00032233468,2.6463553e-05,-0.0002498676,-5.9158302e-05,4.1149816e-05,-0.00012800169,4.5389769e-06,0.00032018695,-0.00040937913,0.00067062904,2.1840114e-05,1.2807078e-05,1.6998746e-06
"62",0.00096424423,0.0010983461,0.0022657704,3.3890462e-05,-3.8888337e-05,-7.1210092e-05,-0.00043008432,0.00019754215,9.6159511e-05,-5.0995469e-06,7.3543012e-06,3.7063576e-05,-4.5866588e-05,-9.4358182e-06,5.8210257e-05,-3.697147e-05,2.220771e-05,-5.5590615e-05,0.00090305038,-0.0017417557,0.000183413,0.00036218547,9.7665287e-05,-3.8618013e-05,-0.00018461447,-0.0001502081,-0.00027701285,-2.0815443e-05,1.0558625e-05,-9.8024553e-05,-6.1991796e-06,6.7647565e-05,8.1768582e-05,1.3565082e-05,2.8334539e-05,8.7265621e-05,-0.0010445246,-0.0017555389,0.00010658789,-5.1144711e-05,3.1725853e-05,0.00016129508,9.2413314e-05,0.00010611148,-3.6776701e-05,9.3704923e-06,-0.00021352773,6.4184639e-05,0.00011616804,0.00010352455,0.00026184141,3.2117948e-05,-1.2672957e-05,4.7141132e-05,4.1340417e-05,-0.00025742903,-0.00013366542,-0.00012938933,4.467703e-05,-3.8485732e-05,0.0019146752,0.0032898565,-0.0001919547,0.00021500789,-5.1606332e-05,-0.00024679373,-3.3494883e-05,-0.00027009264,0.00013805593,-2.1992975e-05,-0.00015140378,1.9011193e-05,4.7377184e-05,-8.6724461e-05,-0.00011815578,-9.7904446e-05,1.4405741e-05,-3.8718236e-06,-3.7264271e-05,8.2287215e-06,0.00010341806,5.126637e-05,9.7954086e-06,2.2103013e-05,6.0157147e-05,-0.00034940994,-0.00058354042,6.6390376e-05,-2.2110694e-05,4.2465978e-05,0.00012620182,-3.0207012e-05,5.4245051e-05,3.5101456e-05,9.4328635e-06,0.00067333293,-0.0011171815,0.00017699401,6.4508342e-05,-0.00010309767,0.00017588376,0.00041638449,0.00021198087,-0.00010501158,5.5665456e-06,9.4221738e-05,-0.00036913478,-5.4298246e-05,6.5744293e-06,-3.9301854e-05,-8.0509084e-05,-0.000269894,0.00046080611,0.00064290279,-0.0002097385,-0.0001874537,-0.00013677264,-0.00024582997,-5.7277685e-05,3.1441625e-05,-0.00011041844,3.0282916e-06,0.00020459621,-0.00024776762,0.00011342144,7.5050462e-05,-2.7014764e-05,-0.00012177831
"63",-0.0016093362,0.0017208588,2.900422e-05,-0.0015665452,0.00031182847,-0.00014524544,-0.00028508768,-0.00018386573,0.00012792513,3.0428889e-05,-0.00010115961,-1.8724925e-05,6.3603731e-05,-3.64369e-05,6.5818549e-05,5.8183852e-05,8.9069518e-05,-0.00014683814,0.0018172296,-0.0035169294,0.00087471246,-0.0011797193,0.00014405597,6.5774345e-05,0.00010823957,-2.1970874e-05,-6.5295098e-05,-3.9577752e-05,3.0191185e-06,0.00012214594,-0.00025045172,0.00043818618,-0.00069422039,0.00013482069,6.2505811e-05,-0.00015941239,2.8533085e-06,0.0001352943,-0.0026499477,0.00017843979,2.9495598e-05,-0.00011839059,-6.3825052e-05,-0.00010333907,-1.5968897e-05,5.1832497e-05,-0.00032726271,-0.00016213061,-0.00021306758,3.0149912e-05,0.00029430487,6.7011827e-05,-1.0943831e-05,-0.00012143492,0.00028915533,-0.00072271708,0.0014218522,-0.00022423218,-6.7336352e-05,0.00042647237,5.098943e-05,-0.0001919547,0.0049966265,-0.00036806821,-6.3927264e-06,0.00020818431,0.00010836653,0.00013916621,5.6474371e-05,-9.7419704e-05,0.0014314799,0.00031088771,-8.2555862e-05,2.5213333e-06,8.1370933e-05,0.00011246297,-3.3618004e-05,1.6111242e-06,0.00027418978,-0.00019351311,0.00033924752,-2.7592047e-05,5.3771971e-06,-2.4848184e-05,-9.6037085e-05,8.9144758e-05,-0.00014076662,-0.0010916525,-0.00030338561,-1.1577362e-05,-0.00041900101,-0.00030590938,0.00016812061,-7.164328e-05,2.1357755e-05,-0.0009121927,0.0018199834,0.00024148545,-0.00025066616,0.00010924563,1.7997618e-05,-0.00026453271,-0.00015495547,8.4271494e-05,-2.7379587e-06,-0.00031455875,0.00022423757,-9.336907e-05,0.00016591821,-3.5774698e-05,3.7051786e-05,8.4146762e-05,-0.00039350085,-3.8227055e-06,0.0010023584,0.00047042173,0.00018280043,0.00044331553,0.00048446355,-0.0002707626,0.00016771429,-2.2541281e-05,0.0013014828,-0.0015960666,0.0018176836,-0.00035015799,5.2459839e-05,-4.6378137e-05
"64",0.0012401553,-0.0012962958,-0.00034921246,0.00086771156,-0.00020009721,0.00011282646,0.00010595181,0.00017431582,-1.278993e-05,-1.4145038e-05,8.0218482e-05,4.1895329e-05,-2.7624966e-07,3.8765177e-05,-2.2046453e-05,2.055882e-05,-0.00013982578,5.251112e-05,0.00092474874,-0.0016399723,0.00026150699,-8.5656609e-06,-9.4864674e-05,3.4126813e-05,-0.0003062141,-5.7995795e-05,-0.00021033327,3.6492193e-06,2.8034296e-06,-0.00028516335,0.00011118512,-0.00083788577,-1.456903e-05,-6.5091217e-05,-4.6143566e-05,-2.8557899e-05,-9.9554814e-05,-0.00013695122,0.0001811457,-0.0019502404,-0.000591538,0.00047983656,3.5089756e-05,3.1172995e-05,-2.4443445e-06,-1.1344045e-05,0.00014671879,3.2132986e-05,0.00045246689,6.2876879e-05,0.00029816693,3.9847465e-05,-4.3673774e-06,0.00065402521,-0.00027197029,0.0015759776,-7.1980562e-05,0.00012846911,9.3036429e-05,5.7264441e-05,9.242405e-05,0.00021500789,-0.00036806821,0.0034874246,0.0010716226,-0.0008464104,-3.705404e-05,-0.0001217075,8.8878675e-05,6.1978665e-06,-0.00080053084,-0.00014858615,0.00012481229,-0.00017080911,-0.0001600004,-0.0002523911,9.8785288e-06,4.0289414e-06,-0.00038768268,0.00018293303,-0.00011237306,-9.0460104e-05,1.2851528e-05,1.1046297e-05,6.5214262e-05,-0.00011983676,7.8647519e-05,0.00010837395,-0.00053751666,-0.00019706529,0.0003406557,0.00014906732,-0.00017094447,-5.9912025e-06,-6.4454922e-07,0.00041556697,-0.000993602,-0.00017410152,9.2776525e-05,-0.00016813878,0.00025644272,0.00022706442,0.0003583702,-0.00011877594,4.3270767e-06,0.00043335084,-0.00024831197,-0.00014762345,0.00021696779,-2.9774792e-05,-2.6976854e-05,-0.00025886821,0.00023143604,-7.1661177e-05,4.1987192e-05,0.0005579526,0.0002217914,-0.00030606223,-0.00015337243,0.00043768403,3.8348138e-05,8.8469917e-06,-0.00077504092,0.00093040317,-0.0011433002,0.00021174522,-4.8385776e-05,0.0001474105
"65",0.0011134543,0.00063174288,-0.001592789,0.00025056671,-0.0001193765,-4.9848133e-05,0.00072674583,0.00014870506,2.2214461e-05,8.2577363e-05,4.6736118e-05,-2.3850796e-06,1.9041973e-05,-2.3459213e-05,-0.0001252259,-0.00010567468,-6.5354254e-05,-2.1109283e-05,0.00019292902,-0.00038548438,0.00012376249,-0.00040529301,-5.1659034e-05,0.0002031465,-2.9012228e-06,-0.00011190419,0.00012494837,4.8503689e-05,1.4498565e-05,5.0279026e-05,-0.00014641543,0.00021249515,-0.0001297822,-5.9079516e-06,-5.9922408e-05,0.0001173982,7.0275359e-05,6.8326401e-05,1.104384e-05,-0.00058934562,-0.0017794727,-0.0001323751,0.00013690135,-0.00014556991,-6.5215538e-05,5.0995484e-06,-3.665165e-05,-0.00045041422,3.1592954e-05,5.4408768e-05,-0.00038266604,-5.3281315e-05,-2.4762991e-05,2.8567192e-05,0.00019109518,-0.00057648501,0.00013496676,2.7324183e-06,0.00011578235,-0.00015845895,-0.00024143251,-5.1606332e-05,-6.3927264e-06,0.0010716226,0.0036339668,0.00021040662,-0.00036058818,0.00015332575,0.0001938782,-1.7711808e-05,-0.00048873323,-7.4751926e-05,0.00013936773,-3.3952897e-05,-9.1734825e-05,2.6689888e-05,-1.5989329e-06,1.2427691e-06,-0.00011762383,4.7947702e-06,-3.362103e-05,-9.2288661e-05,1.3870173e-05,-2.7187811e-06,8.317026e-05,-4.3646971e-05,0.00015716708,-7.7836506e-06,-5.9573766e-05,-0.00058629439,8.2159998e-05,0.0001669721,-0.00019621988,1.6567502e-05,3.3545978e-06,0.00099544485,-0.00095310699,0.0011452278,0.00034788064,-6.5530864e-05,0.00029998683,0.00028580299,-0.00039757219,-1.0184707e-05,5.058931e-06,0.00020643655,-6.2944134e-05,-0.0001136995,8.3937546e-05,2.3958852e-05,2.1650456e-05,-0.00023383886,-0.00049913074,-0.00017298719,0.00047202047,-0.00011782339,0.00065819188,-0.00029108787,-0.00045950712,0.00042409571,-0.00012754926,1.3016607e-05,-0.00031422116,0.00044943379,-0.00084192374,0.00012064048,-0.00014542697,-0.00036682122
"66",0.00073699409,0.0010879096,0.00095662114,-0.00031690205,-2.2307481e-05,9.6937909e-06,4.4592919e-05,0.00023888833,-8.2247751e-05,5.6584438e-07,-1.1366359e-05,4.078564e-06,1.8141247e-06,5.6332264e-06,-0.00014528231,-9.884294e-06,-8.8312785e-05,7.9541504e-05,0.00018452866,-0.00040866928,5.5251153e-07,-0.00032216491,0.00010086207,-7.0411916e-05,0.00048848929,-0.00025642031,6.68076e-05,-9.7082144e-05,1.0028978e-05,0.00017994425,-0.00012542127,0.00060997705,2.844821e-05,8.6213072e-05,-7.6619423e-05,6.4603818e-05,-3.3002172e-05,0.00010955328,-0.00010331299,0.00052004422,-0.00018197611,-0.0029781709,-0.00046382151,1.5990072e-05,-2.1836537e-05,1.4950193e-05,-0.00029561506,0.0001120291,-0.00073840148,0.00031017826,-0.0001166531,0.00015781668,-4.572461e-06,-0.00053578497,0.00010081158,-0.00099185734,-0.00015459697,-0.0001638425,0.00014038483,-0.00011443946,-0.00010801103,-0.00024679373,0.00020818431,-0.0008464104,0.00021040662,0.0052435585,0.00092305701,-7.4435427e-05,-4.8691506e-05,-2.5280423e-05,0.0003401364,3.1619871e-05,4.4860226e-08,0.00018342194,-6.7746047e-05,0.0001117316,-1.8093406e-05,-5.6943351e-06,0.0002292348,9.1438311e-06,0.00019819631,9.3731984e-05,2.9734877e-05,-4.9014618e-05,-2.1498818e-05,4.0972149e-05,2.7963089e-05,-3.3847443e-05,8.1899798e-05,-5.4169411e-05,-0.0009515981,-0.00022095657,0.00010432816,4.2489251e-05,6.8407983e-06,-0.00061643694,0.0013799068,-0.00033377823,-0.00011329882,7.0471821e-06,-0.00039183119,-8.4169441e-05,-9.8746777e-05,7.8543123e-05,1.1827933e-05,-0.0006198493,0.00022354781,1.6814827e-05,-0.0003658727,-6.2863769e-05,0.0001332643,0.00012494056,0.00018874384,0.00018732039,-0.00014698267,0.00014657644,5.9323179e-05,0.0013798843,0.00035061724,-0.00036261615,9.2990112e-05,-3.4638218e-05,0.000220164,-0.00019236786,-3.7325505e-05,-7.1409729e-05,5.691061e-05,0.00020795546
"67",0.00011130462,-0.0019559621,0.00089073918,0.00073038052,-0.00014932642,0.00011325881,-0.00031930021,-5.2063619e-05,-6.1480998e-05,-4.8919781e-05,-5.0050777e-06,2.4667464e-05,1.0803073e-05,2.4998047e-05,8.2791671e-05,-5.6919861e-05,-3.8846698e-05,-8.0384251e-05,0.00079257481,-0.0014967265,0.00022991291,-0.00035539397,3.4151068e-06,-0.00029577896,0.00012113389,7.283373e-05,-2.8974882e-05,-9.6381226e-05,4.3209136e-06,6.6683396e-05,0.00036488017,-0.0001593093,0.00013074746,-2.2629062e-05,-4.4799e-05,7.2741097e-05,3.2711173e-05,-2.1150003e-05,-4.5511144e-05,-1.2638951e-05,8.7729161e-05,-0.00057799765,-0.001801646,0.00024545018,0.00010107473,-2.99394e-05,1.6070085e-05,0.00050320718,-0.00020338585,-9.4708011e-06,-3.7781535e-05,0.0002321807,-2.0922938e-05,9.4203496e-05,-0.0004890115,0.0002562689,-0.00029080611,8.7509303e-05,6.1968679e-05,-0.00015244214,1.600999e-05,-3.3494883e-05,0.00010836653,-3.705404e-05,-0.00036058818,0.00092305701,0.0033169718,-0.00040006078,-0.00019913854,5.4707722e-05,-0.0010908456,-0.00019837179,-1.0645297e-05,3.7508455e-05,-2.1222464e-05,-0.0002124813,-5.9272308e-05,3.6490091e-06,-0.00038979798,0.00021894854,-6.8174824e-05,0.00010135499,4.424085e-05,3.4701756e-05,8.0387767e-05,-9.443058e-05,0.0001409571,3.9602363e-05,0.0002018963,8.1711542e-06,8.4384084e-05,-0.00044512567,2.1893499e-05,4.2713761e-05,-1.2323529e-05,0.00090916042,-0.0015757836,4.4767423e-05,0.00034881435,9.5975225e-06,3.6501683e-05,0.00024442527,0.00017169607,9.2715512e-05,-1.4863232e-05,0.00064536478,-0.00029300675,0.0001194047,-0.00017029335,-3.1822396e-05,-8.6293944e-05,-0.00014660636,0.00015473767,-0.00020021189,0.00020911824,-0.00024860003,-0.00015380329,-0.00019582016,0.00045102789,0.0001473312,-0.00013277138,3.2750804e-05,-0.00077121998,0.00085303859,-0.00074343899,0.00023277319,-8.3197261e-05,1.9251724e-05
"68",0.0006362867,0.00070575048,-0.0026830708,0.00026030615,-6.8850465e-05,-5.045552e-05,0.00085851414,4.3570834e-06,-5.0119305e-05,4.493145e-05,2.393259e-05,6.0186013e-06,1.000037e-06,-1.2272267e-05,-0.00010098051,3.4727121e-05,3.4688294e-05,-3.5011267e-05,0.0017220495,-0.0029360176,0.00067331184,-0.000783777,9.0755113e-05,-8.6310989e-06,-0.00091258786,-8.0875495e-05,0.00028451206,0.00011155327,8.1136937e-06,-0.00021293096,1.1222564e-05,0.00077302641,-0.00031144605,-0.00010001955,-0.00027211778,0.00053495714,0.00015457745,0.00017433875,-0.00012045074,3.4884267e-05,-8.2340016e-05,0.00011211247,0.0001636513,-0.0027667895,-1.8059458e-05,-3.7708104e-06,-0.0002332271,0.00015291259,0.0015684715,0.00017175432,-0.00041322122,-0.0002273855,-8.2395919e-06,0.00036751063,0.00023179804,-0.0015988803,0.00060496978,0.00018166658,0.00040495346,-0.00085467125,-0.00029088513,-0.00027009264,0.00013916621,-0.0001217075,0.00015332575,-7.4435427e-05,-0.00040006078,0.004749742,5.96935e-05,9.1764534e-06,3.343286e-05,-2.1318614e-05,-2.1703676e-05,-0.00044645385,2.6534261e-05,0.00013580514,-4.3863734e-07,7.5273922e-06,-7.9962825e-05,-4.3339035e-05,0.00020501657,-1.1546811e-05,-1.904077e-05,-6.3153121e-05,0.00021416259,0.0001277672,4.7501433e-05,-2.0822888e-05,-5.2399249e-05,-5.7128806e-05,8.4654225e-05,0.00014301976,-0.00096677034,-4.3577632e-05,-7.6993189e-06,-0.00027306381,-0.0001302085,0.00012870081,-0.00013593594,0.0002066611,0.00041449369,-2.1675354e-05,-3.5377108e-05,4.806472e-06,-2.8102704e-06,-0.00011681997,7.9049179e-05,-0.0003931225,-5.9194682e-05,3.3825103e-05,0.00012678534,-0.00025366313,-0.00049812616,-0.00018926181,0.00017953039,0.00018231424,0.00013970069,-1.3973534e-05,-0.00021694412,0.0011596649,-1.3862067e-05,3.7153483e-07,-0.00013635483,0.00022511789,-0.00048499101,4.1958811e-05,-1.4415073e-05,-0.0001205135
"69",0.00071185758,0.00094648002,0.00017024926,-0.00010351859,-3.7831804e-05,-4.5270758e-05,7.5216641e-05,0.00016372065,-7.3132776e-06,-2.0045209e-05,-1.1034034e-06,2.0916193e-05,1.2545514e-05,-2.4493012e-06,-2.0798601e-05,3.7399383e-05,-2.7765745e-05,8.6708149e-06,-5.2675617e-05,-0.00013170503,0.00010186728,-0.00020494792,-3.2709757e-05,7.8646733e-05,-5.7785438e-05,-0.00015744169,4.280752e-05,1.6062442e-05,2.4883245e-06,5.4750041e-05,-5.6907599e-05,0.00048356627,0.00020321532,7.8726044e-06,4.0523684e-07,5.0426377e-05,0.00010501031,-2.787695e-05,-2.3978516e-05,4.3035422e-05,-8.8946305e-05,-1.166143e-05,0.00015138493,-8.1219373e-05,-0.00029537729,7.8265484e-06,5.8954347e-05,-0.00015230778,9.1088929e-05,0.00016718088,-8.5411989e-05,-1.2229323e-05,-4.7218965e-06,-0.00011430847,5.5594898e-05,-0.001008789,-0.00043501329,-1.2834188e-05,2.5655823e-05,-8.4437496e-05,-0.00026343184,0.00013805593,5.6474371e-05,8.8878675e-05,0.0001938782,-4.8691506e-05,-0.00019913854,5.96935e-05,0.00075541281,-2.0466399e-05,0.0002691066,8.9336029e-06,2.8749815e-05,-4.0937649e-05,-5.9078288e-05,3.6706878e-05,-9.6407411e-06,2.0658516e-06,6.4455274e-05,-6.8980587e-07,0.00017286918,0.0001640098,-2.4803597e-05,-1.2115549e-05,4.6154378e-05,8.0964141e-05,-2.5455916e-05,-5.0203099e-05,-3.850014e-05,3.3593219e-05,2.0374191e-06,7.4760648e-06,-5.127234e-05,-0.00020009914,5.9970757e-06,-0.00038953184,0.00031831522,-0.00029812969,-6.8518735e-05,-9.2161083e-06,-2.5111119e-05,3.4165215e-05,-6.9557012e-06,2.7501873e-05,-3.7035369e-06,-7.6472944e-05,4.0245547e-05,-0.00016822931,-0.00027958471,-2.4602415e-06,2.378006e-05,1.5719818e-05,5.8410617e-05,5.1225331e-05,-1.5337172e-05,0.00013210786,5.2109615e-05,8.5423232e-05,5.0019206e-06,3.3247361e-06,0.00037443158,-1.1149888e-05,0.00012779313,-0.00012242188,-7.3982264e-05,-2.87517e-05,4.3332637e-05,0.00011229309
"70",7.7834444e-06,-0.00035327175,-5.7367183e-05,0.00013321338,-2.6416041e-05,2.7822471e-05,-7.656467e-07,-2.1123491e-05,-1.0270674e-05,-4.7601322e-06,7.8056033e-06,-6.0485249e-07,-6.7010593e-06,6.7415266e-06,5.294566e-06,-7.3385714e-06,-2.0518043e-06,1.6910822e-06,6.1738717e-05,-6.2131379e-05,-1.4752839e-05,8.4930458e-05,-1.2754563e-05,-2.8355562e-05,1.1724768e-06,2.0796026e-05,9.2422521e-06,-5.6990449e-06,1.787059e-07,-3.8187518e-06,5.3295973e-05,-8.8809937e-05,-7.9743616e-06,-8.0144909e-06,1.0944944e-05,4.0711531e-05,-2.6444012e-07,7.059819e-06,5.2860193e-05,-2.2953233e-05,2.4173938e-06,6.9731416e-06,-4.0920579e-05,8.6932146e-06,5.0848859e-06,-2.2235363e-05,2.5668117e-05,5.2575914e-05,4.5565624e-06,-1.6507439e-05,-1.7474343e-05,7.640664e-06,-1.0017426e-06,2.3175088e-05,-9.4247804e-05,0.00013877314,1.8351503e-05,1.5335496e-05,-2.687082e-05,-7.858036e-05,6.5924056e-06,-2.1992975e-05,-9.7419704e-05,6.1978665e-06,-1.7711808e-05,-2.5280423e-05,5.4707722e-05,9.1764534e-06,-2.0466399e-05,3.8752249e-05,-0.00016071199,-3.0780572e-05,-1.7155254e-07,2.6538988e-06,6.5403427e-06,-6.1159086e-06,1.2153391e-06,-5.1911839e-07,-4.3671017e-05,3.972216e-05,-2.9825953e-05,-1.721463e-05,3.0818102e-06,1.1591075e-05,2.0729559e-05,-4.3856492e-06,2.962168e-05,3.8722623e-05,3.1917284e-05,3.5073131e-07,4.6350712e-05,5.5402765e-06,-1.7584376e-05,8.556984e-06,-8.6641066e-06,0.00010245329,-0.00029333789,-3.9120674e-05,3.8011248e-05,8.0261531e-06,-7.7993625e-06,1.9417406e-05,-3.7892917e-08,-1.0051438e-05,1.3712372e-06,6.4426006e-05,-4.0048184e-05,1.6725262e-06,1.4219277e-06,-1.5174856e-06,-2.0995937e-05,-3.1613842e-05,3.5049027e-05,-4.7044121e-05,-1.9998278e-05,-5.2124641e-05,-7.7118901e-06,-7.7471403e-05,-9.0410692e-07,3.8157614e-05,-2.2922242e-05,9.9432249e-06,-0.00013661237,0.00016269887,-0.00015029535,3.7505324e-05,-7.2692664e-06,1.5744472e-05
"71",-0.0027210631,0.0077289072,0.0020949009,-0.0075463599,0.00088322636,-0.00061718217,-0.00092176418,0.00012459661,-0.0020599774,0.0001883811,-0.0001124363,-8.3463427e-05,0.00027460509,0.0001454787,-0.00028647439,4.5509324e-05,-0.00029576619,-0.00028633722,-0.0016966148,0.0028479675,0.0025444249,-0.016328399,-2.465478e-05,0.00089826338,0.00054168413,-0.00020400179,0.00032137416,0.00010458023,-3.3372447e-05,0.0004997835,-0.0012125599,0.0027910858,0.00025420471,0.0003647581,0.00013072165,0.00040630398,-0.0001204109,0.00019952876,-0.00065741458,0.00077883916,0.00016932116,-0.00020366764,0.00076817161,-0.00036191946,-6.0375482e-05,7.184766e-05,-0.0001332534,-0.0012467536,-0.0011843527,0.00010872326,-3.3416469e-05,-0.00029423958,7.713458e-05,-0.00095870637,0.0014231685,-0.004345843,0.00017038153,-0.00069721522,-0.0001418002,-0.0005136849,-0.00010501026,-0.00015140378,0.0014314799,-0.00080053084,-0.00048873323,0.0003401364,-0.0010908456,3.343286e-05,0.0002691066,-0.00016071199,0.021713779,0.0029900847,-0.0015537581,0.00051359352,0.00083188892,0.0019432853,-0.00014006859,-4.8243019e-06,0.0056287381,-0.0032545282,0.0028755401,0.0014882728,-0.00029139308,-0.0007762184,-0.0001715994,0.0010810458,-0.0035231065,-0.0026806672,-0.0048944056,0.00047542811,-0.005986966,-0.0030092972,0.0023579804,-0.0006960029,5.6382759e-05,-0.030916515,0.071553495,-0.0059299427,-0.0071191627,0.0035245622,-0.0043348602,-0.010097967,-0.00019044396,0.0022103318,1.5017911e-05,-0.011964903,0.0044908321,0.0049389955,-0.0028683503,-0.00085925727,0.0025523791,0.0032007565,-0.0015220351,0.0081344687,-0.00061625359,0.01520969,0.00091460761,0.015934798,0.0081402655,-0.012371191,0.005951708,-0.00060324712,0.0074108944,-0.0086829054,0.0093416718,-0.0052592005,0.0022795018,0.0037120854
"72",-0.00030305617,0.0011506802,0.00050391897,-0.0010346766,9.6052213e-05,-9.7600869e-05,-0.00018889352,6.9087432e-05,-0.0002905256,1.4146084e-05,-5.029525e-06,-4.8565032e-05,5.4196052e-05,1.2532136e-05,-8.4171787e-06,3.3683014e-05,-9.0603415e-05,-1.0508643e-06,-0.00027137501,0.00041111395,0.00017393946,-0.0018854165,0.00022407451,8.4104567e-05,0.00013151943,-3.2503845e-05,4.6716216e-05,4.3254482e-06,1.2537682e-07,7.280865e-05,-0.000202341,0.00039442651,4.4614997e-05,3.1186861e-05,-6.0156732e-06,-6.1056937e-06,-2.026945e-05,4.0173366e-05,-0.00015050628,0.000164414,3.2342241e-05,1.7493102e-05,0.00017025423,-3.4414274e-05,-4.7852215e-06,1.5841293e-05,-0.00033139151,-0.000123652,-0.00022743653,-2.2240018e-06,2.7570915e-05,-3.3975247e-05,7.0675737e-06,-0.000162291,0.00013697998,-0.00073784072,1.1869818e-06,-9.4007053e-05,4.0489874e-05,6.3260235e-06,-5.174497e-06,1.9011193e-05,0.00031088771,-0.00014858615,-7.4751926e-05,3.1619871e-05,-0.00019837179,-2.1318614e-05,8.9336029e-06,-3.0780572e-05,0.0029900847,0.0012871118,-0.00032687981,0.00013304868,7.6367437e-05,0.00021055948,-2.3082495e-05,1.1508677e-05,0.00084071145,-0.00047593467,0.00042978952,9.1335936e-05,-5.2254313e-05,-0.00021224766,-0.00010391084,0.00018420539,-0.00048782868,-0.00059559253,-0.00058754436,5.9525777e-05,-0.00080201753,-0.00033096807,0.00016586935,-4.6747367e-05,1.9316649e-05,-0.0042714253,0.009839569,-0.00077786835,-0.002202901,0.00061737528,-0.00073393644,-0.0013240069,5.9680283e-05,0.00027422774,-1.3503928e-05,-0.0017815593,0.0006996534,0.00064964612,-0.00016477693,-8.871343e-05,0.00051169654,0.00053714066,-0.00033463397,0.0010962462,0.00019070203,0.0019298945,0.00014963377,0.0022051921,0.00093895557,-0.0013936981,0.00072777035,-9.8453947e-05,0.0010046589,-0.0011859342,0.0012582454,-0.00072648255,0.000309204,0.00044922346
"73",0.00036717981,-0.00014963469,-0.00059674162,0.00056275015,-5.5610653e-05,2.0986856e-05,0.00027638039,8.1815319e-06,0.00016050365,-4.169126e-05,1.0272658e-05,-3.9290712e-06,-5.4828402e-05,-2.7551628e-05,3.7683813e-06,9.3390821e-06,-3.0524603e-05,5.4131026e-05,-3.9427987e-05,7.8719615e-06,-0.0006532277,0.0018098559,-5.5373699e-05,0.00038945613,-7.3070454e-05,-3.4034193e-05,3.690498e-06,3.6625448e-05,-1.6738351e-06,-6.1401518e-05,8.4574692e-05,-1.6533568e-05,-3.9809682e-05,-3.1770556e-05,-7.8706804e-06,3.4263896e-05,-3.3236653e-05,-7.3430847e-05,2.5851962e-05,-8.6380129e-05,-7.7638263e-05,4.2819168e-05,-3.0034361e-06,1.6021538e-05,-1.0033478e-05,-1.1670175e-06,0.00011860024,-0.00055634016,0.00016933281,5.5310368e-05,-6.2176201e-05,-3.7872999e-05,6.9158899e-06,2.2807367e-05,-5.477272e-05,2.0271877e-05,-3.1459094e-06,5.6289992e-05,-2.2806927e-05,-3.1537262e-05,-2.1329959e-06,4.7377184e-05,-8.2555862e-05,0.00012481229,0.00013936773,4.4860226e-08,-1.0645297e-05,-2.1703676e-05,2.8749815e-05,-1.7155254e-07,-0.0015537581,-0.00032687981,0.0015641389,-1.1331863e-05,-8.5466953e-05,-3.7817363e-05,9.0015081e-05,-6.115676e-06,-0.00035672526,0.00030113111,3.7069594e-05,-2.4042616e-05,-1.2277046e-06,-1.8433747e-05,-7.7224569e-06,-0.00011606041,0.00011052563,0.00014525948,0.00028904158,-0.00011203326,0.00047649807,0.00022239827,8.7858873e-05,6.5693019e-05,-4.6751326e-06,0.002308367,-0.0053483128,0.00033907598,0.00069925941,-0.002163937,0.00029870476,0.00082117529,-7.4303419e-05,-0.00030203669,1.6356468e-05,0.00082110133,-0.00049643216,-0.00071863706,0.00011695765,0.00011463475,-9.2297565e-05,-0.00018680157,0.00023268705,-0.00040921117,8.4513078e-05,-0.00097470918,5.9732956e-05,-0.0012672483,-0.00059634461,0.00051563992,-0.00043299596,3.9270764e-05,-0.000528366,0.00063274205,-0.00075053419,0.00038894923,-0.00015791064,-0.00022526058
"74",-0.00040679196,-8.1319669e-05,-0.00014928471,-0.0002713649,2.3304005e-05,-2.0533035e-06,-2.1295378e-05,2.9895527e-07,-9.013645e-05,-6.5514834e-05,-1.6083031e-05,2.3896882e-05,1.2402414e-05,9.8705462e-06,-2.2917643e-05,1.9516319e-07,-3.2659839e-05,-6.7311691e-05,-0.00057327276,0.00090108551,-0.0013473654,0.0017396253,8.0282841e-05,4.5676774e-06,0.00057665814,-1.3516537e-05,-3.5369973e-05,1.3637467e-05,2.8249309e-06,0.00015679565,-6.2664463e-05,-0.00012905823,-7.1751118e-05,3.1787584e-05,-1.5261196e-05,-0.00010437692,5.9925379e-05,5.2380238e-05,-2.1708167e-05,6.3447901e-05,5.299396e-06,-0.00012672339,3.2079705e-05,0.0003262531,1.3475882e-05,2.7966407e-07,-7.1935914e-05,2.8856276e-05,-0.00082438013,1.4232285e-05,-2.2907775e-05,-3.6742119e-05,4.9789614e-06,-0.00023802788,9.4511593e-05,3.1586435e-05,0.00011046253,-5.2944897e-05,2.161935e-05,0.00014329518,-0.00010532618,-8.6724461e-05,2.5213333e-06,-0.00017080911,-3.3952897e-05,0.00018342194,3.7508455e-05,-0.00044645385,-4.0937649e-05,2.6538988e-06,0.00051359352,0.00013304868,-1.1331863e-05,0.0015565227,0.00012369089,0.0001061172,5.5923538e-05,8.3759229e-06,0.00025522316,-0.00017650708,-3.0818759e-05,-0.00016110243,-2.4387108e-06,-6.4896804e-05,-8.8862131e-05,0.00011563266,-8.1668099e-05,-4.7418794e-05,-0.00015448541,4.6106848e-05,-0.00026479398,-6.953954e-05,0.00076299723,-4.1920068e-09,-4.4309482e-06,-0.00099239886,0.0016340765,-0.00068751723,-0.00040413654,5.5560359e-05,-0.0022728398,-0.00043091782,1.1767662e-05,-4.8015391e-05,-7.2199872e-06,-0.00044087805,0.00042025984,0.00021663947,0.00021111554,-8.0933529e-05,0.00010128619,0.00031555581,0.00018628996,0.000204933,-0.00013417456,0.00036254643,1.1419246e-05,0.00057563098,0.00022475983,-0.0012652995,0.00019977889,-1.2823707e-05,0.00015034236,-0.00016157209,0.00021712045,-0.00012628005,9.5089928e-05,0.00029009724
"75",-0.00053151816,-0.00015986863,-0.00016565961,-0.00019272487,3.5226776e-05,2.3237471e-05,-3.8955632e-05,-7.2407526e-05,-9.661871e-05,-3.3962223e-05,-1.6943399e-06,1.1929632e-05,4.7358475e-06,9.7636264e-06,-6.4291164e-05,-3.6733293e-05,-5.1653352e-07,1.2071814e-05,-5.1161363e-05,0.00019213329,-9.4101035e-05,-0.00027979991,1.963899e-05,5.5757214e-06,-7.6584956e-07,0.00050893607,0.00023860444,-7.1570692e-06,-1.1321923e-05,-0.00010890954,2.805299e-05,-0.00020172322,0.00011796273,-2.3446403e-05,3.5545913e-05,-7.6720625e-05,3.910027e-05,6.2515802e-05,-6.6322245e-05,8.4251297e-05,5.8272411e-05,7.0698731e-05,-5.4923385e-06,1.8062164e-05,3.2498737e-05,-4.3046581e-06,4.9463187e-06,-1.1237756e-06,-3.4553584e-05,-0.0006281593,-0.00027976112,1.8586261e-05,9.7027102e-06,4.7511063e-05,6.4018105e-06,0.00020044357,5.0227959e-06,1.1224273e-05,-4.5384803e-05,7.9240865e-05,-4.9981356e-05,-0.00011815578,8.1370933e-05,-0.0001600004,-9.1734825e-05,-6.7746047e-05,-2.1222464e-05,2.6534261e-05,-5.9078288e-05,6.5403427e-06,0.00083188892,7.6367437e-05,-8.5466953e-05,0.00012369089,0.0015316641,0.00077640391,-0.00011838699,-6.1781883e-06,0.00023819258,-0.00014270112,2.6159016e-05,0.00019227109,-1.9627841e-05,1.5266186e-05,-0.00022767527,-6.1299537e-06,-0.0002085376,-0.00018012987,-0.00018603721,-7.9250224e-05,-0.00023241459,-2.5790631e-05,0.00025730537,3.6098792e-05,3.3297356e-06,-0.0013978381,0.0026229798,-0.0006620392,-0.00028083776,0.00018967012,-0.00040541158,-0.0023595325,-0.00084364659,0.00024921843,1.3290575e-05,-0.00051651202,0.00038856682,0.00039743808,-0.00018134021,-9.6281668e-05,1.1832504e-05,0.0005127828,0.00021062337,0.00035459158,0.00010063062,0.00055461163,0.00019169422,0.00057222519,0.00019321404,-0.00072995563,0.00017560213,-2.4690831e-05,0.00022402058,-0.00026331973,0.00038277065,-0.00020901944,0.00012151931,0.00026952491
"76",5.4559497e-05,0.00073175568,-0.0001070534,-0.0005690657,3.6004207e-05,-3.2541995e-05,7.8485816e-05,7.4398774e-05,-0.00022811369,-1.9812703e-06,7.306096e-06,-8.8626843e-06,1.4386401e-05,6.6108684e-06,-8.083911e-05,4.7187303e-05,-9.7242026e-05,-2.5902796e-05,-0.00012040044,0.00020007179,0.00012161176,-0.001027996,-1.6726173e-05,0.00013734512,-5.7665718e-06,0.00019497959,0.00062609531,-2.7848671e-05,-2.6662546e-06,1.7115457e-05,-7.2135582e-05,-8.898201e-05,0.00011121447,-5.9604254e-06,4.2833132e-05,-4.9285007e-05,4.4265935e-05,0.00011006736,-0.00010649191,0.00025725816,-1.324884e-05,-8.8717813e-06,0.00011157636,-0.00014200227,-6.2976137e-06,-1.2518307e-06,2.1863015e-05,-0.00019888644,-8.8631328e-05,-0.00026683245,-0.00085387248,2.8098497e-05,8.5879846e-06,-0.00010099695,0.00017410698,-0.000134028,-0.00012883498,-8.4042846e-06,-4.2792731e-05,6.1358521e-05,-3.9400577e-05,-9.7904446e-05,0.00011246297,-0.0002523911,2.6689888e-05,0.0001117316,-0.0002124813,0.00013580514,3.6706878e-05,-6.1159086e-06,0.0019432853,0.00021055948,-3.7817363e-05,0.0001061172,0.00077640391,0.0022435821,-0.00012508743,-8.4313145e-06,0.00050020881,-0.00033732116,-0.00068360815,0.00033848889,-4.0442102e-05,-3.3123522e-05,-0.0002901204,3.1226186e-05,-0.00033888284,-0.00023821979,-0.00018708423,-0.00017582798,-0.00063226036,-0.00030809561,0.00014101946,-5.9942779e-05,9.0390781e-06,-0.0029937686,0.0064391393,-0.001165884,-0.00071312393,0.00013207781,-0.0006125562,-0.0018923497,-0.0027408605,0.00037030485,9.4075226e-06,-0.0010743708,0.0006223182,0.0018439686,-0.00043266797,-0.0001159156,0.00016493686,0.00082046468,0.00011701289,0.00065675242,-0.00021356687,0.0010392182,0.00054681463,0.0015157601,0.00078525361,-0.0011456822,0.00059781498,-6.7675384e-05,0.00058624992,-0.00061849227,0.00059962573,-0.00047403687,0.0002500919,0.00059103762
"77",-6.6461708e-05,3.8267499e-05,-0.00011951216,2.6069091e-05,-4.1108021e-06,-1.1398277e-05,3.4389927e-05,-3.1222809e-05,2.0715205e-05,1.3583841e-05,3.0101656e-06,-3.2046644e-06,1.0273165e-05,-2.9932483e-05,-1.8321774e-05,-1.1771733e-06,2.8712709e-05,5.2332788e-05,-0.00030815778,0.00047646752,-0.0010077743,0.0014346773,8.2621052e-06,3.262849e-05,1.0477705e-05,-1.2820328e-05,-4.3651191e-05,0.00011055759,-1.5787429e-05,4.7960036e-05,8.1930511e-05,-2.63251e-05,-3.1391463e-05,1.0358455e-05,1.6591961e-06,1.7573598e-05,6.9610599e-06,-1.6386338e-05,1.4282509e-05,-2.8938965e-05,-3.3316113e-05,2.0786677e-05,2.2777292e-05,1.9091107e-05,-5.0822398e-06,8.0701482e-07,-1.7954346e-06,-4.5958881e-05,-1.9252802e-05,4.3368578e-05,5.0642969e-05,-0.00016648491,2.3452961e-05,-0.00010553044,-7.1936445e-05,-1.061955e-05,7.8837827e-05,-1.2263652e-05,-1.4037518e-05,-5.0921974e-05,1.90334e-05,1.4405741e-05,-3.3618004e-05,9.8785288e-06,-1.5989329e-06,-1.8093406e-05,-5.9272308e-05,-4.3863734e-07,-9.6407411e-06,1.2153391e-06,-0.00014006859,-2.3082495e-05,9.0015081e-05,5.5923538e-05,-0.00011838699,-0.00012508743,0.00038347049,-5.5626523e-05,0.00015003074,0.00018979752,-0.00016875841,-0.00013954513,5.4237588e-06,2.3289806e-05,3.5900527e-05,4.6777649e-05,2.9753567e-05,0.00010292466,-7.9642525e-05,-3.5873753e-05,0.00013838081,6.1140133e-05,5.6413715e-05,4.8700483e-06,-1.0783638e-06,0.00028458206,-0.00062388733,0.00021620649,7.1596164e-05,-0.00012755758,-3.6203717e-05,0.00025944668,0.00013025968,-0.00053821724,7.4529118e-05,-0.00016053831,-0.00019801312,0.00019143505,0.00021327641,2.3406711e-05,-4.2582216e-05,-9.1884798e-05,-0.00010569956,-3.7335959e-05,-7.761773e-05,1.4740132e-05,3.1910163e-05,-0.00024446872,-0.00013187561,-7.1355665e-06,-6.9355389e-05,6.1415549e-06,-1.5569263e-05,7.6785591e-06,6.6252631e-06,3.7697159e-05,-2.3505762e-05,-0.00011617884
"78",9.865901e-06,-3.3176114e-05,-2.6913611e-05,1.5273685e-05,-6.4543818e-06,5.9766244e-06,4.168111e-06,3.1168034e-06,-2.9914486e-06,1.0501462e-06,5.1041033e-07,2.1232533e-06,-3.8769177e-06,9.1992893e-06,4.2288011e-06,2.9202942e-06,-8.6682884e-06,6.050086e-07,2.1221666e-05,-4.2030527e-05,4.4155584e-05,-4.0766114e-05,1.66376e-06,-3.7155288e-06,3.6107294e-06,-8.8138585e-06,1.4246425e-06,-1.5500001e-05,6.2125533e-06,-3.8372751e-06,-2.4751964e-06,-1.1800307e-05,-2.3197622e-05,-4.2932002e-06,-7.0607985e-07,-3.6115036e-06,-9.4551792e-07,3.1129026e-06,3.1560888e-06,1.0354035e-06,3.1159494e-07,2.713043e-06,4.7201536e-06,-7.9892662e-06,1.1188368e-06,1.4555643e-07,-3.3629274e-06,1.0612402e-05,3.4646951e-06,6.8590972e-06,-5.2242036e-07,2.2819511e-05,-8.0446658e-06,1.816526e-05,-4.8869128e-06,2.2844073e-05,2.1589245e-05,5.8452274e-06,1.7573447e-06,5.5486905e-06,-3.6780198e-06,-3.8718236e-06,1.6111242e-06,4.0289414e-06,1.2427691e-06,-5.6943351e-06,3.6490091e-06,7.5273922e-06,2.0658516e-06,-5.1911839e-07,-4.8243019e-06,1.1508677e-05,-6.115676e-06,8.3759229e-06,-6.1781883e-06,-8.4313145e-06,-5.5626523e-05,2.3333884e-05,-5.2097088e-06,5.8536104e-06,1.3304823e-06,-4.6051506e-05,-4.3429146e-07,-3.182891e-06,-1.1142756e-05,-1.0754328e-05,-3.5227393e-06,-9.4638154e-06,1.0880338e-05,-2.2576301e-06,-2.1887035e-06,3.3535425e-06,-2.3833774e-05,-8.1641443e-06,1.6500459e-06,-1.3759249e-05,-5.9056404e-05,-1.2272565e-05,-1.5781582e-05,8.0832122e-06,-1.2174978e-05,1.5939264e-05,3.278946e-06,7.4114449e-05,-3.1175737e-05,6.4380636e-06,-2.1819309e-05,-1.94789e-05,6.2495277e-05,-2.1973293e-06,4.0251778e-06,2.3567763e-05,2.7426726e-05,1.1144859e-05,1.3091241e-05,-2.1763746e-05,-2.0867678e-07,-1.1916703e-06,-7.9192522e-06,3.1779753e-05,5.8898755e-06,-2.1679362e-06,-1.6417365e-05,2.3062625e-05,-2.7187396e-05,5.388949e-06,-5.6612308e-08,2.2723031e-06
"79",-0.00084018414,0.0023046349,0.000672025,-0.0022458257,0.00024096911,-0.00017737358,-0.00035113396,5.9451909e-05,-0.00050001717,0.0001415443,-4.9683681e-05,-7.7699936e-06,6.4187553e-05,4.3241959e-05,-2.7972613e-05,-0.0001228364,-5.3731114e-05,-0.0001231613,-0.0008248982,0.0014244883,-0.00066530649,-0.0025878435,-1.0470409e-06,0.00020552491,0.00030363369,-0.0001885924,4.3934698e-05,7.5881297e-05,-1.2364147e-05,0.00080080594,-0.00020494145,0.00078182569,-1.8829068e-05,0.00011290558,3.5629132e-07,0.00010066881,-8.9896031e-05,0.0001241192,-7.9463021e-05,0.00033145368,0.00012744609,-0.00010070453,0.00027343328,-9.5088889e-05,-3.4750526e-05,1.5315124e-05,-1.0307622e-05,-0.00035026857,-0.00056108403,8.5280614e-05,-7.0982462e-06,-0.00018188189,3.7206215e-05,-0.0011352291,0.00023730207,-0.0011189248,0.00024943967,-0.00023862426,-5.5378808e-06,-9.1447688e-05,-6.352808e-06,-3.7264271e-05,0.00027418978,-0.00038768268,-0.00011762383,0.0002292348,-0.00038979798,-7.9962825e-05,6.4455274e-05,-4.3671017e-05,0.0056287381,0.00084071145,-0.00035672526,0.00025522316,0.00023819258,0.00050020881,0.00015003074,-5.2097088e-06,0.0034541244,-0.00031479288,0.00090724873,0.00021182966,-6.1083574e-05,-0.00026006951,2.5106384e-05,0.00041833908,-0.00075858183,-0.00049970984,-0.0012125895,0.0002556955,-0.0014938502,-0.00067599629,0.00051701425,-0.00019103956,1.4425231e-05,-0.0073575666,0.018533436,-0.0006868611,-0.0017764727,0.00088943219,-0.0010831552,-0.0025745416,-0.00020065477,0.00031413857,4.906435e-06,-0.005733622,0.0003667222,0.0013066319,-0.00042784855,-0.00018239882,0.00076341846,0.00067993805,-0.0010090334,0.0018988765,-0.00035240949,0.0036424678,-0.00010882576,0.0039420477,0.0018707569,-0.0028997924,0.0013738063,-0.00015279672,0.0020947297,-0.0024729906,0.0026726497,-0.001397414,0.00052404206,0.00057081662
"80",0.00057029275,-0.0015603422,-0.000402257,0.0013099799,-0.00021549324,0.00015040494,0.00019745518,4.7609989e-05,0.00024137286,2.5108905e-05,2.7582722e-05,7.3039205e-06,-0.00010309408,6.7333322e-06,1.9970084e-05,-4.8087287e-06,8.0074656e-05,0.00014911373,5.1934312e-05,-0.00024400668,-0.0015226014,0.003641248,-1.2055762e-05,-0.00011966491,-0.00013973407,0.00010814996,2.2125467e-05,5.6269042e-05,1.7384566e-08,4.5134011e-05,0.0013362642,-0.00050910089,6.0754133e-05,-9.7995384e-05,-7.6046293e-05,-1.32665e-05,-0.00011675705,-7.9073879e-05,0.00017628917,-0.00013868076,2.6472462e-05,-3.2132864e-05,-0.00019031521,0.00012492794,-2.6119477e-05,-2.0958121e-05,-4.0912559e-05,0.00019038386,0.00029890214,-4.1068938e-05,5.6014131e-06,-3.3620952e-05,-1.2038177e-05,-2.965914e-06,-0.0015613167,0.00080861652,-3.612879e-05,0.00016199035,8.1358803e-05,-4.3280257e-06,8.4858064e-05,8.2287215e-06,-0.00019351311,0.00018293303,4.7947702e-06,9.1438311e-06,0.00021894854,-4.3339035e-05,-6.8980587e-07,3.972216e-05,-0.0032545282,-0.00047593467,0.00030113111,-0.00017650708,-0.00014270112,-0.00033732116,0.00018979752,5.8536104e-06,-0.00031479288,0.004336525,-0.0003102477,-0.00019912999,7.8205154e-05,8.5135967e-05,0.00022754585,-5.6639885e-05,0.00058100606,0.00044913878,0.00080852686,3.2999122e-05,0.00085151066,0.00046798199,-0.00037992864,0.00013260788,-1.8536768e-05,0.0046885816,-0.010743663,0.0011165385,0.0010888116,-0.00060836895,0.00093625319,0.0017083388,0.00015972204,-0.00048296671,-2.937967e-05,0.001097716,-0.0054096804,-0.00086976197,0.00041583636,7.6242521e-05,-0.00031251841,-0.00090967954,0.0001087045,-0.0011878354,0.00013669581,-0.0024480784,-0.00029193755,-0.002160349,-0.0011658393,0.0019443787,-0.0009296231,0.00010189286,-0.0012853019,0.0015029341,-0.0016276509,0.0007874233,-0.00030901577,-0.00076888558
"81",0.00019933651,0.0026616143,0.00030642179,-0.0011611849,0.00019110336,-0.00012526207,0.00023256301,0.00012271519,-0.00028415371,-0.00011348969,-3.0376564e-05,-2.7195796e-05,2.9520772e-05,5.7977265e-06,-5.2336627e-05,7.7514476e-05,-3.0027385e-05,5.9089243e-05,-6.0282383e-05,0.00011045538,0.0011229674,-0.0035570818,1.3368264e-05,0.00031669904,-1.2397318e-05,-0.00024597693,-0.00030987139,-1.9947461e-05,-1.3229813e-05,0.00013971731,-0.00032749403,0.0189816,-4.5733114e-05,0.00010077971,-1.377426e-05,0.00020442472,0.00013288634,0.00013639558,-0.00022020205,0.00011453132,-2.5387814e-05,-0.00011957477,5.2948502e-05,-0.00023785721,-3.1678193e-05,1.6071931e-05,-7.3978361e-05,-0.000409888,-0.00015297535,0.00023216133,0.00047412525,-5.0868966e-05,3.9837224e-05,-0.0001314682,0.00049254189,-0.011494486,0.00031690844,-0.00023020094,-1.329365e-05,-0.00028153141,2.3670792e-05,0.00010341806,0.00033924752,-0.00011237306,-3.362103e-05,0.00019819631,-6.8174824e-05,0.00020501657,0.00017286918,-2.9825953e-05,0.0028755401,0.00042978952,3.7069594e-05,-3.0818759e-05,2.6159016e-05,-0.00068360815,-0.00016875841,1.3304823e-06,0.00090724873,-0.0003102477,0.038751824,0.00021512679,4.3546749e-05,-0.0002666977,-0.00012783794,0.00023780626,-0.00026652798,-0.00056586416,-0.00074472423,0.00010566675,-0.00088025168,-0.00084687321,-3.677281e-05,-0.00021487607,9.3025852e-06,-0.0041506635,0.0095961346,-0.0011391836,-0.00097827566,4.3024338e-05,-0.00040959722,-0.0011467855,0.0014421276,0.00052483855,-2.9976952e-06,-0.0017140421,0.00049270514,-0.053734732,-0.00078654517,-0.00022855283,0.00067488312,0.00068044958,-0.0001295666,0.00055514609,0.0001999622,0.0021769337,0.00017233082,0.0023616965,0.0017817675,-0.0010917527,0.00096158607,-9.9397271e-05,0.0011046766,-0.0013206801,0.0010905188,-0.00068565062,0.00034606416,0.00065965065
"82",3.0811661e-05,0.00073974425,0.00087142487,-0.00052573818,0.00011036684,-6.6294666e-05,-0.00025651612,2.5072114e-05,-0.00012202329,-1.395476e-05,-4.70605e-05,-1.0294776e-05,1.6983187e-05,-4.6168284e-05,1.6293343e-05,-5.0045733e-06,-2.5402844e-05,-9.1644524e-06,-6.5123404e-06,-0.00026716643,0.00042432426,-0.001708986,-8.862783e-06,8.5649312e-05,-4.6752239e-05,9.5443612e-05,0.00010391771,-5.1049572e-05,-2.044961e-05,-7.136618e-05,-7.6490516e-05,0.00021060182,0.00072093835,3.8024879e-05,-1.5111917e-05,6.5073972e-05,-1.341654e-05,-2.2081633e-05,4.9761172e-05,0.00010343603,8.4263433e-05,-6.1267542e-05,-5.3888489e-05,-1.9570841e-05,-7.2733357e-05,7.6836737e-06,-3.1297869e-05,-0.00011982382,1.2986351e-05,-6.8052492e-05,-5.9647281e-05,8.7920316e-05,2.3672727e-05,0.00010113604,0.00012177542,-0.00042887936,-0.0011189923,-3.1619887e-05,3.9099202e-05,1.2882608e-05,3.2955944e-06,5.126637e-05,-2.7592047e-05,-9.0460104e-05,-9.2288661e-05,9.3731984e-05,0.00010135499,-1.1546811e-05,0.0001640098,-1.721463e-05,0.0014882728,9.1335936e-05,-2.4042616e-05,-0.00016110243,0.00019227109,0.00033848889,-0.00013954513,-4.6051506e-05,0.00021182966,-0.00019912999,0.00021512679,0.0031719611,-4.88296e-05,-0.00011627301,-3.4912848e-05,4.0689853e-05,-0.00027600778,0.00021001523,-0.00029307888,0.00010758356,-0.00048314969,-0.00041393146,0.0002718603,-0.00016200726,5.638198e-06,-0.0020868451,0.0057348078,-0.00049762129,-0.0003146912,0.00013459883,-1.7891911e-05,-0.00085585971,-0.00011095726,0.00035210597,6.2498513e-05,-0.0006286916,0.0003195168,0.00045772083,-0.0045931491,-5.9995239e-05,0.00028176551,0.00027643062,-0.00012335398,0.00058574248,-0.00069053011,0.0011676538,1.8467816e-05,0.0012073071,0.00085928927,-0.0010125129,0.00058954363,-4.8979967e-05,0.00061827886,-0.00070266278,0.0007571997,-0.00041056689,0.00019155192,0.00028437753
"83",-4.2666853e-05,-3.4493397e-05,1.4057516e-05,3.3199119e-05,6.7002039e-06,1.6165626e-05,2.7637328e-05,1.51557e-05,4.4342973e-05,-1.9707691e-05,1.80201e-06,2.0634894e-06,-2.2941077e-05,2.6678028e-05,-3.6856761e-06,-1.3343936e-05,1.82777e-05,1.5957539e-05,-7.2680361e-05,0.00016675854,-0.00056832297,0.001064647,-1.5480457e-05,-1.9816046e-05,1.6987984e-05,-3.0480527e-05,-3.9480274e-05,1.030406e-05,-3.7870151e-06,7.3621466e-06,-2.5705056e-05,5.1291275e-05,1.9872332e-06,6.2792923e-05,-1.8245985e-05,-4.4169395e-06,-3.188607e-05,3.0352314e-06,2.1704665e-06,-3.5299323e-06,-3.3983855e-06,-3.6795054e-05,-1.7642051e-05,-1.9904577e-06,2.0705278e-06,-2.1731518e-06,1.2905813e-05,1.6610646e-05,-2.1842575e-05,2.7955538e-05,3.3989317e-05,-1.3598615e-05,5.4153194e-06,-3.3709986e-05,2.2308681e-05,3.7045341e-05,3.8802769e-05,-0.00010049832,1.6286088e-05,-7.7059929e-06,4.3194043e-05,9.7954086e-06,5.3771971e-06,1.2851528e-05,1.3870173e-05,2.9734877e-05,4.424085e-05,-1.904077e-05,-2.4803597e-05,3.0818102e-06,-0.00029139308,-5.2254313e-05,-1.2277046e-06,-2.4387108e-06,-1.9627841e-05,-4.0442102e-05,5.4237588e-06,-4.3429146e-07,-6.1083574e-05,7.8205154e-05,4.3546749e-05,-4.88296e-05,0.00027492401,-2.5400071e-05,5.0671446e-06,-4.5385795e-06,2.5440054e-05,2.0814374e-05,7.8238341e-05,-1.8604544e-05,6.7695898e-05,5.0380821e-05,-5.117707e-05,2.089378e-05,-2.3793994e-06,0.00034129661,-0.00091914327,-4.7227687e-05,9.1855828e-05,1.355234e-05,2.0175925e-05,8.0403443e-05,2.8845574e-05,-2.5406845e-05,1.144922e-06,0.00011599225,-0.00010224112,-0.00010757314,2.0985584e-05,-0.0003749253,3.5050269e-06,-4.1587364e-05,5.0155949e-05,-0.00011578253,-3.3799742e-05,-0.00022641352,-1.0116489e-05,-0.00014795334,-0.00011730553,0.00018490367,-9.5106634e-05,6.8890612e-06,-6.4701957e-05,7.2836169e-05,-8.5671967e-05,6.4123939e-05,-1.5600176e-05,-2.0030025e-05
"84",-9.5901195e-06,-0.00024624157,-0.00012101329,0.00025748552,-1.5252534e-05,2.2353988e-05,2.9562511e-05,-4.4332863e-06,8.4201359e-05,-2.0335384e-06,1.0757053e-05,-7.9226778e-06,-8.7671999e-06,-1.3891826e-05,9.4462612e-06,-1.2611183e-06,3.9146919e-05,-3.1817713e-06,8.9017937e-05,-4.6527585e-07,-0.00030814903,0.00089302706,-3.4480326e-05,-3.5211366e-05,-3.1486187e-05,3.613393e-05,1.0863379e-05,7.0915761e-07,-7.3118601e-07,-4.6450967e-05,-6.5643876e-06,-0.0001695053,-1.4667299e-05,-2.6392032e-05,4.3154353e-05,4.5842902e-06,3.2310082e-06,-3.2313936e-05,4.9640869e-06,-4.4589325e-05,-1.6432659e-05,1.4712364e-06,-3.027211e-05,4.9173149e-05,-2.2674402e-06,-5.6026113e-06,4.9970327e-05,4.7325925e-05,5.4111253e-05,-3.5940006e-05,-1.8353837e-05,-5.8479792e-06,-1.726614e-06,5.950446e-05,1.0638601e-05,0.00018700896,6.0032602e-05,3.3433589e-05,-8.0803081e-05,-3.0471058e-05,4.1098689e-06,2.2103013e-05,-2.4848184e-05,1.1046297e-05,-2.7187811e-06,-4.9014618e-05,3.4701756e-05,-6.3153121e-05,-1.2115549e-05,1.1591075e-05,-0.0007762184,-0.00021224766,-1.8433747e-05,-6.4896804e-05,1.5266186e-05,-3.3123522e-05,2.3289806e-05,-3.182891e-06,-0.00026006951,8.5135967e-05,-0.0002666977,-0.00011627301,-2.5400071e-05,0.00024758006,8.7427575e-05,-3.0142784e-05,9.6472426e-05,8.7464617e-05,0.00020108818,8.2735939e-06,0.00022672847,0.00011773741,0.00019617639,3.4499103e-05,-1.5659494e-05,0.0011918555,-0.0029154466,0.00029683973,0.00043626918,-1.0489188e-05,0.0002324366,0.00034266988,-7.4272578e-05,-0.00010716086,2.5576415e-06,0.00057248593,-0.00010570318,6.1330812e-05,0.00021542351,8.2888847e-05,-0.00038955692,-0.00021386554,2.4830107e-05,-0.00026142376,7.6445326e-05,-0.00061874508,-7.5686999e-05,-0.00070150151,-0.00033873072,0.00011010569,-0.00024233765,4.1488393e-05,-0.00024206475,0.000277735,-0.00028932454,0.00020054227,-9.9679026e-05,-0.0001580031
"85",-1.3330199e-05,9.9565062e-05,-0.000282068,4.1689569e-05,-2.4012385e-05,-7.2672773e-06,4.3732176e-05,1.8058011e-05,4.7361921e-05,2.6175182e-05,1.088082e-05,-2.3576164e-05,6.8376611e-06,-2.1224014e-05,5.3678538e-05,-3.4292768e-05,7.938724e-05,-0.00010113854,-9.5094724e-05,0.00016232592,-0.00056085979,0.00065521588,-5.2401545e-05,3.6642919e-05,-0.00011284941,-8.5396977e-05,-9.2041887e-05,1.6391012e-05,-1.9551764e-06,-8.9853023e-06,6.3630211e-05,0.00013687532,3.3314642e-05,-2.8200322e-06,2.3316713e-05,0.00044824303,4.9504412e-05,-2.2477954e-05,0.00012466306,-2.6506771e-05,-2.8482776e-05,2.4734315e-05,-5.3051604e-05,-0.00015710458,-3.4121143e-05,-1.7866241e-05,6.2341113e-05,-2.1855589e-05,0.00014743118,9.8366733e-05,0.00010181556,-5.5267224e-05,4.023028e-06,4.3285366e-05,-0.00010327283,-0.00014045433,7.0472931e-05,-6.1347979e-06,-4.5068679e-05,-0.00060062564,-6.7356107e-05,6.0157147e-05,-9.6037085e-05,6.5214262e-05,8.317026e-05,-2.1498818e-05,8.0387767e-05,0.00021416259,4.6154378e-05,2.0729559e-05,-0.0001715994,-0.00010391084,-7.7224569e-06,-8.8862131e-05,-0.00022767527,-0.0002901204,3.5900527e-05,-1.1142756e-05,2.5106384e-05,0.00022754585,-0.00012783794,-3.4912848e-05,5.0671446e-06,8.7427575e-05,0.001378539,4.1798168e-05,5.3859751e-05,0.0003110813,0.00010170563,3.6649779e-05,4.0244188e-05,-0.00024562851,-0.00020750917,-2.0404329e-05,-5.513233e-05,0.0006164085,-0.0015309659,0.00043019996,0.00022761304,2.8605649e-06,0.00032391991,0.00060325524,0.000393796,-0.00010197137,2.0981147e-05,0.00014177094,-0.00048946058,-2.8462267e-05,8.4114629e-05,4.0193703e-05,-0.00010192021,-0.001997189,-0.00012300395,-6.1803446e-05,-0.0003091094,-0.00035989313,-8.1194522e-05,-0.00029739059,0.00031160764,0.0006613654,-0.00014346153,8.5201191e-05,-3.3505941e-05,3.2707769e-05,-5.5901584e-05,7.0452523e-05,-6.9120267e-05,-0.00021185607
"86",-5.7582675e-05,0.00030068676,-0.00014006432,-0.00028113486,9.4039155e-06,1.1037662e-05,-7.1694361e-06,6.9879291e-05,-0.00012984873,3.3032455e-05,2.3198874e-05,-2.1470307e-05,-1.5730438e-06,5.5021399e-05,-1.4901273e-05,-5.5620972e-06,-2.2005495e-05,4.1395794e-05,-0.00032464277,0.00040094342,-0.00093270293,0.00064756058,4.9786213e-06,1.8202284e-05,7.2822225e-05,4.6859346e-05,8.6495468e-05,2.0572399e-05,-2.299624e-06,-5.4503352e-06,-0.00017867949,0.00028417325,4.4155569e-05,-1.7513725e-05,-3.128629e-06,5.7300725e-05,0.00040529456,0.00028404225,1.5473991e-05,0.00012313129,1.5258188e-05,-2.5232157e-05,3.0455304e-05,-0.00016751366,-1.75951e-05,3.1814746e-06,-1.1750941e-05,-7.2615847e-05,-0.00011945861,-4.2332567e-05,-1.6114009e-05,-3.394777e-06,-8.2119099e-07,-5.3082843e-05,0.00013328772,-0.00012438978,3.420692e-05,-1.2309238e-05,1.1012438e-05,-5.5828122e-05,-0.00057047812,-0.00034940994,8.9144758e-05,-0.00011983676,-4.3646971e-05,4.0972149e-05,-9.443058e-05,0.0001277672,8.0964141e-05,-4.3856492e-06,0.0010810458,0.00018420539,-0.00011606041,0.00011563266,-6.1299537e-06,3.1226186e-05,4.6777649e-05,-1.0754328e-05,0.00041833908,-5.6639885e-05,0.00023780626,4.0689853e-05,-4.5385795e-06,-3.0142784e-05,4.1798168e-05,0.0018875267,0.00066455936,-4.2325501e-05,-0.00015704141,-2.210214e-05,-0.00018942353,-0.00011310319,5.1103043e-06,-0.00016428177,-1.1572126e-06,-0.0017225218,0.0035172607,-0.00046087901,-0.00051855212,0.00024378555,-0.00040309388,-0.00047553001,-4.4690587e-05,6.3820378e-05,2.377858e-05,-0.00085671125,0.00030488349,0.00021417638,-0.00018429177,-8.9115005e-05,0.00012989885,0.0002170736,-0.0025500037,-0.00082403929,9.7477379e-06,0.00061903608,0.00015703329,0.00069745516,0.00032473187,-0.00053066704,0.00044747423,-3.6863391e-05,0.00028800955,-0.00035274065,0.00038332553,-0.00024783605,0.00012834431,0.0002675645
"87",0.00035440461,-0.0012595271,-0.00055129408,0.001113319,-0.00015693998,0.00011166107,0.00016841116,-7.352818e-06,0.0003420777,-1.0461297e-05,1.517425e-05,2.797771e-05,-4.1690006e-05,-1.8215172e-05,8.525395e-05,-4.8628535e-05,6.749489e-05,1.7923939e-05,2.421362e-05,-0.0002334168,-0.0011489022,0.0035937464,1.072094e-05,-0.00020706796,-2.9107887e-05,9.1889959e-05,6.7273238e-05,-3.045141e-05,9.9459326e-06,5.5124644e-06,0.0001091393,-0.00035314055,-4.4309276e-05,-6.9804996e-05,-3.4925337e-05,-8.8681981e-05,0.00027437037,0.00044609659,0.00012012653,-5.7881249e-05,-7.0954589e-05,-2.4518769e-05,-0.00010720977,-1.1222825e-05,4.9000882e-06,-1.2863808e-05,2.2840091e-05,0.00023836209,0.00012688679,-6.7953003e-05,-8.870516e-05,5.790881e-05,-1.589994e-05,0.00017477732,-0.00018123291,0.00068581559,3.8123135e-05,0.00011736119,3.8883831e-05,0.0001527287,-0.0003282003,-0.00058354042,-0.00014076662,7.8647519e-05,0.00015716708,2.7963089e-05,0.0001409571,4.7501433e-05,-2.5455916e-05,2.962168e-05,-0.0035231065,-0.00048782868,0.00011052563,-8.1668099e-05,-0.0002085376,-0.00033888284,2.9753567e-05,-3.5227393e-06,-0.00075858183,0.00058100606,-0.00026652798,-0.00027600778,2.5440054e-05,9.6472426e-05,5.3859751e-05,0.00066455936,0.0018952579,0.000482739,0.00083926704,-3.192229e-05,0.00091897381,0.00051341379,-0.00050358718,0.00010225029,-6.4976239e-06,0.005139827,-0.011535055,0.0011021099,0.0011556002,-0.00036832895,0.00074711772,0.0017643743,-3.5228306e-06,-0.00034430081,1.2322697e-05,0.0017068417,-0.0006790685,-0.0012205228,0.00053957025,0.00013277604,-0.00035765353,-0.00048797453,-0.0010653253,-0.0031654031,0.000110663,-0.0025974009,-0.0001640684,-0.0025799196,-0.001464151,0.0022288261,-0.00097021579,8.756385e-05,-0.0011848509,0.0013574754,-0.001433785,0.00083438773,-0.00036593421,-0.00066758068
"88",0.00047411136,-0.0012082228,-0.00024606415,0.0011396496,-0.00013461698,8.1195056e-05,0.00010102695,-6.3171296e-05,0.00017857082,-7.5977912e-05,1.8847119e-05,3.5597052e-05,-2.6724555e-05,-1.7441316e-05,1.9012619e-05,-5.6267596e-05,5.6541938e-05,5.6157146e-05,-0.00039058078,0.00038426439,-0.0024300683,0.0050017459,-6.3536428e-05,-0.00013484896,-7.4526991e-05,-1.500279e-06,-9.2169485e-05,-2.4030027e-06,5.7655584e-06,2.9623335e-05,0.0002361643,-0.00044969358,8.3480219e-05,-5.38983e-05,-3.8786874e-05,6.0214919e-05,7.4549232e-05,-1.0737139e-05,0.00077209009,-0.0001290991,3.2313405e-05,4.2500895e-05,-5.0530626e-05,1.376545e-05,8.8436658e-06,-2.1200017e-05,0.00012221349,0.00020624356,0.00011269624,-2.3618313e-05,1.103919e-05,9.1698127e-06,-6.5582753e-06,2.4381746e-05,-0.00017804048,0.00070225487,-0.00018545317,0.00011263341,3.6487253e-05,-1.7847999e-05,2.4460098e-05,6.6390376e-05,-0.0010916525,0.00010837395,-7.7836506e-06,-3.3847443e-05,3.9602363e-05,-2.0822888e-05,-5.0203099e-05,3.8722623e-05,-0.0026806672,-0.00059559253,0.00014525948,-4.7418794e-05,-0.00018012987,-0.00023821979,0.00010292466,-9.4638154e-06,-0.00049970984,0.00044913878,-0.00056586416,0.00021001523,2.0814374e-05,8.7464617e-05,0.0003110813,-4.2325501e-05,0.000482739,0.0025853774,0.00060457293,2.5256023e-05,0.00079473799,0.00036971175,-0.00032249843,8.2545034e-05,-2.7721461e-05,0.0035479699,-0.0082510531,0.00021921806,0.0010193954,-0.00034459864,0.00040892789,0.0013264673,0.00010662871,-0.00037347181,1.3191983e-05,0.0010878285,-0.00054711816,-9.1366996e-05,-0.00028353945,5.9545803e-05,-0.00028588029,-0.00075577468,0.00044328586,-0.0010089375,-0.0032415786,-0.0017936308,-0.00022685248,-0.001897909,-0.0008956129,0.0015496031,-0.00063506531,8.9747847e-05,-0.001057125,0.0012278964,-0.0012750794,0.00062355599,-0.00020780975,-0.0002818951
"89",0.00048876431,-0.0014044969,-0.00026724131,0.0015511841,-0.00016792916,0.00011059983,0.00013242395,-5.187127e-06,0.00048461218,4.7238011e-05,2.0834569e-05,-7.6211974e-05,-7.0895562e-05,-3.531627e-05,6.8708159e-05,-7.2716374e-06,9.4083206e-05,6.4191862e-05,0.0001906261,-0.00033850139,-0.00077863226,0.0039749017,2.7478768e-05,-0.00024415724,-7.0714173e-05,0.00011948976,0.00012073796,-5.7198962e-05,9.9502383e-06,1.0782893e-05,0.00023159269,-0.00067545913,-1.5161523e-05,-6.8295516e-05,-4.1476018e-05,-9.9971286e-05,0.0001019602,4.0365754e-05,0.00011456847,0.00035725882,0.00011590382,-9.9478315e-05,-0.000166267,2.6672902e-05,1.089054e-05,-1.2833491e-05,-1.249198e-06,0.00034752223,0.00013215691,-0.00012990787,-0.00017170216,9.8190532e-05,-1.7836251e-05,5.0565506e-05,-0.00024071042,0.00083642976,-0.00010121167,0.00013434991,4.0580469e-05,0.00018318187,-6.5277441e-05,-2.2110694e-05,-0.00030338561,-0.00053751666,-5.9573766e-05,8.1899798e-05,0.0002018963,-5.2399249e-05,-3.850014e-05,3.1917284e-05,-0.0048944056,-0.00058754436,0.00028904158,-0.00015448541,-0.00018603721,-0.00018708423,-7.9642525e-05,1.0880338e-05,-0.0012125895,0.00080852686,-0.00074472423,-0.00029307888,7.8238341e-05,0.00020108818,0.00010170563,-0.00015704141,0.00083926704,0.00060457293,0.0026949547,0.00034483661,0.0011057069,0.00063274265,-0.00067606421,0.0001904952,-2.6609135e-05,0.0073508905,-0.016729193,0.0018701518,0.0016020963,-0.00060098301,0.0010633771,0.0023514595,-0.00044420598,-0.00034660088,-2.5325762e-05,0.0026095279,-0.0012179469,-0.0010915351,0.00070873599,0.00020831046,-0.00060117803,-0.00082734643,-1.6131832e-05,-0.0019364334,0.0002204314,-0.0056379846,-0.0008516792,-0.0033874382,-0.0018610524,0.003138633,-0.0014937587,0.00016822896,-0.001576939,0.0018542609,-0.0019873131,0.0011996015,-0.00055430137,-0.0010702024
"90",-0.00040147934,0.00022609984,0.00035693724,-0.00030299914,5.1114831e-05,-5.6500427e-05,-0.000251438,-6.087497e-05,-2.7310085e-06,2.633761e-05,-4.8185715e-05,-3.5484809e-05,1.3936638e-05,-4.7071879e-05,8.7858535e-05,-7.5642949e-05,0.00013813496,-0.00019974948,-7.3262812e-05,0.00028193292,-0.00017917929,-0.00016270696,-2.5284047e-05,-4.3559135e-05,4.203119e-05,2.7476446e-05,-5.3914364e-05,-3.5349513e-05,-2.2272248e-06,7.3564066e-05,-7.4769982e-06,-0.00010861629,9.3337918e-05,1.5051612e-05,2.3040191e-06,1.1364133e-05,2.9338121e-05,-1.2264419e-05,2.9215469e-05,0.00014175296,0.00048528176,1.9351155e-05,5.3207201e-05,8.7787693e-06,-9.1173705e-06,-2.4541972e-06,1.8798778e-05,3.3443551e-05,-4.16632e-05,-2.8416802e-05,9.2635291e-05,-7.334761e-06,6.2941625e-07,-2.192797e-05,-9.5052548e-06,-1.2360545e-05,-3.3353748e-06,-3.0467313e-05,-1.9832857e-05,3.542047e-06,-4.3082136e-05,4.2465978e-05,-1.1577362e-05,-0.00019706529,-0.00058629439,-5.4169411e-05,8.1711542e-06,-5.7128806e-05,3.3593219e-05,3.5073131e-07,0.00047542811,5.9525777e-05,-0.00011203326,4.6106848e-05,-7.9250224e-05,-0.00017582798,-3.5873753e-05,-2.2576301e-06,0.0002556955,3.2999122e-05,0.00010566675,0.00010758356,-1.8604544e-05,8.2735939e-06,3.6649779e-05,-2.210214e-05,-3.192229e-05,2.5256023e-05,0.00034483661,0.0018935524,-4.8820197e-05,-0.00010022215,-4.5782761e-05,-3.576854e-05,-1.3162702e-05,-0.00014191572,0.001485131,0.00046665236,3.7565125e-05,0.00023351183,-5.0319131e-06,-1.5704522e-05,0.00027967665,0.00010393556,-9.3643912e-06,-0.00041868613,-0.00013131379,-3.3667761e-05,-2.8686514e-05,2.1653041e-05,2.3954729e-05,-4.5644094e-05,-0.00021525569,0.00010294889,-8.2397677e-05,-0.00035843584,-0.0026487421,0.00012386292,0.00012104353,-3.3516084e-05,5.9095944e-05,1.7791195e-05,0.00030027593,-0.00040791426,0.00052666399,-0.00014296993,3.3492057e-05,-0.00016169175
"91",0.00093307021,-0.002062202,-0.00063283627,0.0022470175,-0.00026055704,0.00015903369,0.00028620236,-2.5478374e-05,0.00056524647,-3.1659093e-05,5.1591593e-05,1.7812569e-05,-0.00010223091,-6.1914505e-05,0.00013635549,-3.0307107e-05,4.3296515e-05,0.00011520999,0.00041414446,-0.00080110614,-0.0013062003,0.005209201,-7.4272441e-07,-0.00020872763,-0.00027888302,0.00010142411,-0.00010772065,5.7770931e-06,8.6117208e-06,-0.00015887659,0.00029086675,-0.00087037619,-9.5410616e-05,-0.00014422909,-3.3481854e-05,-7.2137741e-05,6.2968307e-05,-9.1900241e-05,0.00023580137,-0.00033784333,-2.1348888e-05,0.00092540224,-4.5905166e-05,-5.1728518e-06,-5.9101384e-06,-2.1928827e-05,7.5977502e-05,0.00029979562,0.00055788884,-4.5345944e-05,6.8721484e-05,5.5989942e-05,-2.2292738e-05,0.00032944002,-0.00033966358,0.0011450782,-2.7702623e-05,0.0002300203,1.3427373e-05,9.4528455e-05,2.0507992e-05,0.00012620182,-0.00041900101,0.0003406557,8.2159998e-05,-0.0009515981,8.4384084e-05,8.4654225e-05,2.0374191e-06,4.6350712e-05,-0.005986966,-0.00080201753,0.00047649807,-0.00026479398,-0.00023241459,-0.00063226036,0.00013838081,-2.1887035e-06,-0.0014938502,0.00085151066,-0.00088025168,-0.00048314969,6.7695898e-05,0.00022672847,4.0244188e-05,-0.00018942353,0.00091897381,0.00079473799,0.0011057069,-4.8820197e-05,0.0044287706,0.0012474723,-0.00065482643,0.00011890341,-1.3652189e-05,0.0086385507,-0.01974463,0.0020968602,0.0020520368,-0.0010528867,0.0013971123,0.0027652115,-2.19416e-05,-0.00071348917,-8.7044009e-06,0.0032831455,-0.0010768225,-0.0012842775,0.00092487012,0.00027539522,-0.00073642756,-0.0008730784,3.5721092e-05,-0.002217423,0.0002265004,-0.003892049,-0.00037669867,-0.0080214125,-0.0028576772,0.0034076946,-0.0015620185,0.00017267827,-0.0021610013,0.0024718014,-0.0026799964,0.0014668001,-0.00064864414,-0.0012375487
"92",0.0006832132,-0.00062204799,-0.00049580874,0.0011225408,-0.00013369333,7.2341621e-05,0.00031563894,8.2917137e-05,0.0002842503,-8.6375435e-06,1.6684935e-05,-1.2582138e-05,-6.2706919e-05,-1.7824485e-05,2.4776567e-05,-6.1741336e-07,4.5966812e-05,4.8615541e-05,-5.5558078e-05,-8.5925698e-05,-0.0008987028,0.0028709097,3.8337725e-05,-5.9959854e-05,-8.8526054e-05,-4.6134084e-06,-2.4491366e-06,2.0690335e-05,7.6493703e-06,-4.1265104e-05,9.7706478e-05,-0.00034744179,-0.00015738544,-6.5182204e-05,-1.2969307e-05,-8.5565004e-05,3.3850552e-05,1.5597487e-05,0.00014161222,-0.00010959086,-1.6315452e-06,0.0001868682,0.00035030975,-1.6064453e-05,-4.5295146e-05,-2.0971885e-06,-3.5552715e-05,5.1176231e-05,0.00024861812,1.8093539e-05,-7.598526e-05,-8.1479335e-06,-1.1452724e-05,5.8857428e-05,-8.5247613e-05,0.0003216047,0.00016321263,0.00011881648,2.3696142e-05,0.00012499556,-7.1354469e-05,-3.0207012e-05,-0.00030590938,0.00014906732,0.0001669721,-0.00022095657,-0.00044512567,0.00014301976,7.4760648e-06,5.5402765e-06,-0.0030092972,-0.00033096807,0.00022239827,-6.953954e-05,-2.5790631e-05,-0.00030809561,6.1140133e-05,3.3535425e-06,-0.00067599629,0.00046798199,-0.00084687321,-0.00041393146,5.0380821e-05,0.00011773741,-0.00024562851,-0.00011310319,0.00051341379,0.00036971175,0.00063274265,-0.00010022215,0.0012474723,0.0020685526,-0.00028540908,5.826517e-05,9.2157915e-07,0.0043618301,-0.0095790622,0.00101725,0.0008632775,-0.00043776839,0.00065059389,0.0012518363,1.1718156e-05,-0.00035655809,-5.9592826e-06,0.0014875505,-0.00058631048,6.7619582e-05,0.00075166404,0.00011861151,-0.00036857401,-1.4805455e-06,6.0799079e-06,-0.0011932514,0.0001205607,-0.0020563783,-0.00011455134,-0.0028088144,-0.0033267891,0.0016661465,-0.00077701107,7.1423289e-05,-0.0010594575,0.0012463974,-0.0014787516,0.00071718342,-0.00030395946,-0.00064187116
"93",-0.00075625877,0.00041429758,0.00065474149,-0.00083650732,0.00011379812,-6.9945722e-05,-0.00027633394,-1.186275e-05,-0.00024223246,-6.4225977e-05,1.4748692e-06,-2.4288691e-06,1.6185624e-05,1.0080305e-05,-4.6911996e-05,-4.0691098e-05,-8.6362736e-07,-0.00012892542,-0.0004805553,0.0010302372,-0.0015091338,0.0005764548,4.8923062e-06,6.1804205e-05,0.00037047442,2.1500622e-05,-0.00010046726,2.450743e-05,-1.4018333e-05,4.2430329e-05,1.975427e-06,-5.220216e-06,6.7234178e-05,3.8336296e-05,3.8881353e-05,-0.00011048023,-0.00014260514,-0.00010177425,-9.7660646e-05,2.0069207e-05,2.8787757e-05,-0.00015796929,8.9393697e-06,0.0006647356,2.2984456e-05,1.1812198e-05,-4.7030049e-05,-7.2694757e-05,-0.00059782613,-1.7404737e-05,0.00017270713,-3.0793785e-05,1.2610669e-05,-0.00015788248,1.8462366e-05,4.1853845e-05,0.00014527793,-9.8358273e-05,-9.0812169e-05,0.00016197897,0.00012861903,5.4245051e-05,0.00016812061,-0.00017094447,-0.00019621988,0.00010432816,2.1893499e-05,-0.00096677034,-5.127234e-05,-1.7584376e-05,0.0023579804,0.00016586935,8.7858873e-05,0.00076299723,0.00025730537,0.00014101946,5.6413715e-05,-2.3833774e-05,0.00051701425,-0.00037992864,-3.677281e-05,0.0002718603,-5.117707e-05,0.00019617639,-0.00020750917,5.1103043e-06,-0.00050358718,-0.00032249843,-0.00067606421,-4.5782761e-05,-0.00065482643,-0.00028540908,0.0024371012,-2.7738625e-05,1.822494e-05,-0.0034474121,0.0077551728,-0.0010782764,-0.00052787873,-3.3554977e-06,-0.0015001827,-0.0013599138,9.1452732e-05,0.0001372239,2.8213053e-05,-0.0010745966,0.00056175598,0.0010856594,-0.0004384663,-0.00010250629,-0.00013747228,0.00071616578,0.00026386332,0.0010786913,-5.5871497e-05,0.0019060449,0.00022798377,0.0017124425,0.00090310933,-0.0042632302,0.00073222967,-8.014127e-05,0.0007665339,-0.00095534999,0.0011583525,-0.00057760201,0.00026948566,0.00061032136
"94",2.2652913e-06,-0.00029048306,-2.2156058e-05,0.00023342935,-9.2887829e-06,1.3464207e-05,3.3618287e-05,-3.0508534e-05,6.440504e-05,-8.0876848e-06,7.5560435e-06,6.3824497e-06,-1.9814479e-05,1.293164e-05,-1.9238777e-05,-2.3264135e-06,1.0300454e-06,4.1044041e-06,6.6470282e-05,4.1096903e-05,-0.0001486334,0.00063887866,1.090635e-05,-4.168787e-05,-1.5550964e-05,5.9273799e-05,3.6054958e-07,-6.6276807e-06,3.4678899e-07,-2.2790108e-05,-5.5602487e-06,-0.00017875207,-4.0839871e-05,-1.261382e-05,-2.4932747e-06,-4.4664345e-05,-1.447144e-05,-1.9092536e-05,2.3626548e-05,-2.8833497e-05,-5.7623521e-06,-7.4165147e-06,-6.9740788e-05,3.7961011e-05,4.2215051e-05,-1.5446403e-06,-1.9541874e-05,6.0771173e-05,8.5446542e-06,-7.7169834e-05,-2.8385624e-05,-1.2653779e-05,3.9203516e-06,-1.0640323e-05,-1.5128137e-05,0.00030558397,9.7018173e-05,2.1666876e-06,7.9636302e-07,4.4581711e-05,7.653338e-05,3.5101456e-05,-7.164328e-05,-5.9912025e-06,1.6567502e-05,4.2489251e-05,4.2713761e-05,-4.3577632e-05,-0.00020009914,8.556984e-06,-0.0006960029,-4.6747367e-05,6.5693019e-05,-4.1920068e-09,3.6098792e-05,-5.9942779e-05,4.8700483e-06,-8.1641443e-06,-0.00019103956,0.00013260788,-0.00021487607,-0.00016200726,2.089378e-05,3.4499103e-05,-2.0404329e-05,-0.00016428177,0.00010225029,8.2545034e-05,0.0001904952,-3.576854e-05,0.00011890341,5.826517e-05,-2.7738625e-05,0.00050535694,-4.1669959e-06,0.00093824701,-0.002124761,8.8355877e-05,0.00010041341,-0.00011441461,9.0526104e-05,0.00018788066,3.176239e-05,-6.3245902e-05,6.5595305e-06,0.00031512308,-0.00015980556,-3.9151999e-05,0.00020636409,-7.163535e-06,-7.6584306e-05,-4.6294839e-05,0.00022776576,-0.0002621622,-5.7691389e-06,-0.00049752179,-1.7356819e-05,-0.00035160161,-0.00019473529,0.00039094559,-0.0008217349,1.838222e-05,-0.00022579605,0.00027077237,-0.00025839615,0.0001592265,-6.7458519e-05,-7.5196967e-05
"95",5.5312259e-06,6.4237966e-05,2.1132513e-05,-2.3951954e-05,1.6248813e-06,-3.5797132e-06,-8.1399779e-07,2.6494421e-06,-4.9336775e-06,-2.4964063e-06,-1.0224139e-06,4.7377441e-06,-1.7483409e-06,1.074869e-06,-4.6625866e-06,7.2369349e-06,-7.4040598e-06,6.49726e-06,-8.1048919e-06,1.8109558e-06,-9.9092896e-06,-2.3226373e-05,3.9778151e-06,5.6765155e-06,3.3092023e-07,-7.9919011e-06,-6.909193e-06,6.6171349e-07,2.7178992e-07,-4.3162097e-06,-1.2004223e-05,1.4407516e-05,5.1001052e-06,1.542101e-07,-4.9983516e-06,-1.503935e-05,-3.8423371e-06,-5.0601361e-06,-1.3770582e-05,4.2939503e-06,-3.2794092e-06,-1.4169093e-06,7.8283326e-06,1.8587173e-06,-3.2950008e-07,7.3907337e-06,-6.3977685e-06,-1.1147859e-05,-1.4617867e-07,7.5563121e-06,8.0776022e-06,1.5364114e-06,-7.1060657e-07,-1.5321892e-06,1.7191807e-05,-1.6383975e-05,-6.6393376e-06,-1.6810254e-06,5.9417475e-06,1.8756453e-05,5.4860578e-06,9.4328635e-06,2.1357755e-05,-6.4454922e-07,3.3545978e-06,6.8407983e-06,-1.2323529e-05,-7.6993189e-06,5.9970757e-06,-8.6641066e-06,5.6382759e-05,1.9316649e-05,-4.6751326e-06,-4.4309482e-06,3.3297356e-06,9.0390781e-06,-1.0783638e-06,1.6500459e-06,1.4425231e-05,-1.8536768e-05,9.3025852e-06,5.638198e-06,-2.3793994e-06,-1.5659494e-05,-5.513233e-05,-1.1572126e-06,-6.4976239e-06,-2.7721461e-05,-2.6609135e-05,-1.3162702e-05,-1.3652189e-05,9.2157915e-07,1.822494e-05,-4.1669959e-06,1.4730648e-05,-6.7449396e-05,0.00023358057,4.639706e-06,-2.8207578e-05,9.1125673e-06,-2.5671087e-06,-2.9349579e-05,-9.7912987e-06,6.3950493e-06,-2.7566034e-06,-3.6639585e-05,1.7323215e-05,1.3580412e-05,-7.8973108e-07,-9.7677161e-07,2.2927351e-05,7.8460281e-05,-1.8697757e-05,1.2426673e-05,2.3208799e-05,6.4973689e-05,2.850799e-05,4.7717267e-05,7.5599194e-06,-5.0633073e-05,1.8272128e-05,-1.8288563e-05,2.4350444e-05,-2.954839e-05,2.6407602e-05,-1.532715e-05,2.5950053e-06,7.8477852e-06
"96",-0.00065914466,-0.0062662266,-0.0018001443,0.0057067424,-0.00050892112,0.00023408467,-0.00043370311,-0.00085875626,0.0049084087,0.0027278421,-0.00023859532,-2.3569875e-05,-0.00025787098,-0.00086949046,0.001110836,-7.88813e-05,0.0014823658,0.0014587595,0.0011395829,-0.0020318329,-0.0036670309,0.020016275,-1.5298016e-06,-0.00066605888,-0.00046963428,0.00038018431,-0.00072177663,1.9177623e-05,1.5730406e-05,-0.00020610867,0.0010901627,-0.003223316,-0.00012563807,-0.00041647634,-9.767032e-06,-9.1308562e-05,-1.9714369e-05,-0.00042216085,0.00049744641,-0.00065201829,0.00011791454,0.00015943183,-0.00045334388,0.00063033801,6.084009e-05,-4.5158221e-05,0.00013768545,0.00081368483,0.0010699771,-0.00051387393,0.00051014347,0.00014305287,-9.097706e-05,0.0010967843,-0.0010392503,0.0043148831,-0.00036339098,0.00072094894,-2.9579129e-05,0.00023640068,0.00062927898,0.00067333293,-0.0009121927,0.00041556697,0.00099544485,-0.00061643694,0.00090916042,-0.00027306381,-0.00038953184,0.00010245329,-0.030916515,-0.0042714253,0.002308367,-0.00099239886,-0.0013978381,-0.0029937686,0.00028458206,-1.3759249e-05,-0.0073575666,0.0046885816,-0.0041506635,-0.0020868451,0.00034129661,0.0011918555,0.0006164085,-0.0017225218,0.005139827,0.0035479699,0.0073508905,-0.00014191572,0.0086385507,0.0043618301,-0.0034474121,0.00093824701,-6.7449396e-05,0.0712708,-0.12053159,0.04534845,0.020785909,-0.0044185624,0.014014055,0.020441688,-0.0069652568,-0.0038720982,-0.00024958967,0.021717603,-0.012077536,-0.0096584023,0.0097948936,0.003551565,-0.0043030591,-0.0094077773,-0.013017418,-0.011562891,0.0075655901,-0.02926856,-0.0056814825,-0.032409206,-0.015873871,0.022125832,-0.014597562,0.0014381316,-0.0057398311,0.0062883106,-0.0059740274,0.0072457975,-0.0067619998,-0.020455407
"97",-0.0017300574,0.014970178,0.0064751888,-0.016903846,0.0014235299,-0.0010302443,-0.002245302,0.00038723203,-0.011072761,0.002351185,2.5088299e-05,-0.00064916935,0.00065315028,0.00060639008,-0.0035042232,0.00045897893,-0.0041569515,0.001193822,-0.0038800047,0.0060433816,0.0095096704,-0.090577189,-0.0001785511,0.0015395872,0.0010042575,-0.0010011541,0.00032249776,0.00010308902,-7.2985701e-05,0.00084852563,-0.0022348807,0.0072638659,0.00010476972,0.00099000117,0.00013891116,0.00073874497,0.00071873613,0.0015385388,-0.00069237519,0.0013928913,0.00051920265,-0.00010365536,0.0017362081,-0.0011702146,-0.00012957192,0.00013245902,-2.5627424e-06,-0.0020789129,-0.0027886879,-7.0580039e-06,-0.00061661213,-0.00038231041,0.0001427713,-0.0018134701,0.0021565707,-0.010159452,0.00028799967,-0.0017722279,0.00016519259,-0.00017390264,-0.0017219518,-0.0011171815,0.0018199834,-0.000993602,-0.00095310699,0.0013799068,-0.0015757836,-0.0001302085,0.00031831522,-0.00029333789,0.071553495,0.009839569,-0.0053483128,0.0016340765,0.0026229798,0.0064391393,-0.00062388733,-5.9056404e-05,0.018533436,-0.010743663,0.0095961346,0.0057348078,-0.00091914327,-0.0029154466,-0.0015309659,0.0035172607,-0.011535055,-0.0082510531,-0.016729193,0.001485131,-0.01974463,-0.0095790622,0.0077551728,-0.002124761,0.00023358057,-0.12053159,0.37008536,-0.0062703099,-0.026702776,0.018437052,-0.016620277,-0.050520118,-0.0040411963,0.01168815,-4.1270347e-06,-0.051588217,0.016167721,0.028299824,-0.01208722,-0.0027655007,0.012762367,0.014548456,-0.018057789,0.038540959,-0.0027245619,0.07270418,0.0040183943,0.071758898,0.035809012,-0.060374149,0.026675744,-0.0028540595,0.016182992,-0.019226313,0.021169163,-0.02021843,0.0073443553,0.012224583
"98",-0.0027353798,0.00044035419,-0.0013146466,-0.001052984,0.00017767163,-0.00031954615,-0.00076524099,-0.00087366257,0.0016806232,0.0079749564,-0.00035756139,-0.00025612077,0.00019373936,-0.0013874549,0.00025912948,0.00048313669,0.0010439329,0.0046455281,-0.00036402477,0.00034390283,-0.00050324734,-0.019630943,-9.033074e-05,-5.8996193e-05,3.4237678e-05,0.00039007557,-0.00047981812,4.2695021e-05,1.3703076e-05,0.00019605986,0.00032998798,-0.00065077033,-5.2728046e-05,-0.00019144234,7.1809612e-05,0.00078026278,-1.8321449e-05,1.0101798e-05,0.00019323883,-6.4634877e-05,0.00028462554,-0.0001415777,0.00028442364,-0.00015176483,6.7464336e-05,1.3680937e-05,6.525337e-05,1.3832929e-05,9.5716462e-05,-0.00055914977,0.00070019727,-9.0036917e-05,-6.5071592e-05,0.00088103314,-3.0226562e-05,-0.0002180093,0.00012442605,0.00025711115,-0.00016633512,-0.00055690736,-0.0002643679,0.00017699401,0.00024148545,-0.00017410152,0.0011452278,-0.00033377823,4.4767423e-05,0.00012870081,-0.00029812969,-3.9120674e-05,-0.0059299427,-0.00077786835,0.00033907598,-0.00068751723,-0.0006620392,-0.001165884,0.00021620649,-1.2272565e-05,-0.0006868611,0.0011165385,-0.0011391836,-0.00049762129,-4.7227687e-05,0.00029683973,0.00043019996,-0.00046087901,0.0011021099,0.00021921806,0.0018701518,0.00046665236,0.0020968602,0.00101725,-0.0010782764,8.8355877e-05,4.639706e-06,0.04534845,-0.0062703099,0.090927903,0.022029069,0.005027882,0.017086163,0.007948694,-0.01931948,-0.00019915587,-0.00064856273,0.0057709309,-0.011784832,-0.0015617603,0.011754138,0.0056655897,9.5246105e-06,-0.010303162,-0.041056067,0.0057858377,0.018425297,-0.0078413339,-0.0080586557,-0.014369498,-0.0058297662,0.0035563113,-0.012028699,0.0011481578,0.00082904475,-0.0013796464,0.0021355119,0.0012058994,-0.0090308179,-0.035547619
"99",-0.00085091653,-0.0015293814,-0.0010632499,0.0010697126,-4.9120788e-06,1.6674583e-05,-7.18702e-05,-0.0004667357,0.0012534269,0.0017147857,-8.8831142e-05,1.7094301e-05,-4.550861e-05,-0.0003608499,0.0002213632,-2.7033891e-05,0.00060278982,0.00097575686,0.00036218471,-0.00040039453,-0.00046470302,0.00037325529,-0.00024002342,-0.00014800314,-0.00013461184,0.00023520355,-0.00015610584,4.7209902e-06,5.8415527e-06,-2.0502312e-05,0.00033185395,-0.00072237088,-6.6081445e-05,-8.6613808e-05,3.5410794e-06,9.768255e-05,-3.9177795e-05,-9.9462889e-05,0.00011019367,-0.00021966217,6.9250066e-05,-0.00017121549,-0.00022468914,0.00010909482,4.870496e-06,-1.4348363e-05,0.0003990057,0.00016508139,0.00027600901,-0.00023082862,0.00013232166,2.736409e-05,-3.1201523e-05,0.00044181798,-0.0001994858,0.0012001601,-6.8262729e-05,0.0002129328,-0.00014344481,-9.6889218e-05,9.1819442e-05,6.4508342e-05,-0.00025066616,9.2776525e-05,0.00034788064,-0.00011329882,0.00034881435,-0.00013593594,-6.8518735e-05,3.8011248e-05,-0.0071191627,-0.002202901,0.00069925941,-0.00040413654,-0.00028083776,-0.00071312393,7.1596164e-05,-1.5781582e-05,-0.0017764727,0.0010888116,-0.00097827566,-0.0003146912,9.1855828e-05,0.00043626918,0.00022761304,-0.00051855212,0.0011556002,0.0010193954,0.0016020963,3.7565125e-05,0.0020520368,0.0008632775,-0.00052787873,0.00010041341,-2.8207578e-05,0.020785909,-0.026702776,0.022029069,0.010765946,-0.00070517358,0.0058273085,0.0052943208,-0.0043314077,-0.00078274153,-0.00012312852,0.0056979406,-0.0041499925,-0.0022395749,0.0029531775,0.0014655719,-0.0013360925,-0.0035537025,-0.0079108175,-0.0014694255,0.0036390104,-0.00681208,-0.0022363064,-0.008715637,-0.0036972457,0.0042989042,-0.0044887529,0.00050591532,-0.0010603872,0.0011460624,-0.00094031498,0.0017143274,-0.0026672833,-0.0090707008
"100",-0.00016075063,0.00028142007,0.00082340077,-0.00089498321,6.7687657e-05,-6.0009097e-05,-0.00037931702,1.5387422e-05,-0.00054004837,0.0006557088,-4.4590623e-06,-5.1391035e-05,0.00010070516,-8.6694095e-05,-0.00015582346,1.8582347e-05,-4.3888174e-05,0.00027361126,0.00011332282,-3.6578792e-05,0.00090713163,-0.0072279732,7.0627554e-05,-0.00035176551,0.00010323736,-4.4155539e-05,-8.2688661e-05,-8.0596208e-05,1.3399396e-05,7.0768209e-05,-8.9473596e-05,0.00016128774,2.1049866e-05,4.8740054e-05,-4.4927005e-05,4.7396052e-05,7.7965104e-05,0.00013701628,2.8846027e-05,9.0048075e-05,5.4380763e-05,-4.3587547e-05,1.1197326e-07,-0.00016483987,1.562756e-06,-5.1203579e-06,-0.00020629088,0.00065620211,-0.00022667882,-6.9572892e-06,0.00012573365,4.3895382e-05,-1.2728015e-05,7.3465999e-05,0.00010094362,-0.00034798349,1.1906495e-05,-0.00010782678,0.00011021452,-4.2624232e-06,-0.00017993007,-0.00010309767,0.00010924563,-0.00016813878,-6.5530864e-05,7.0471821e-06,9.5975225e-06,0.0002066611,-9.2161083e-06,8.0261531e-06,0.0035245622,0.00061737528,-0.002163937,5.5560359e-05,0.00018967012,0.00013207781,-0.00012755758,8.0832122e-06,0.00088943219,-0.00060836895,4.3024338e-05,0.00013459883,1.355234e-05,-1.0489188e-05,2.8605649e-06,0.00024378555,-0.00036832895,-0.00034459864,-0.00060098301,0.00023351183,-0.0010528867,-0.00043776839,-3.3554977e-06,-0.00011441461,9.1125673e-06,-0.0044185624,0.018437052,0.005027882,-0.00070517358,0.0065231923,-0.00013353199,-0.0023726493,-0.0012451392,0.00085317159,-6.477253e-05,-0.0023257329,0.00065653798,0.0025781108,0.00015978633,8.325323e-05,0.00038845069,-6.3051857e-05,-0.0034924086,0.0018473907,0.00092490597,0.0028312264,-0.00039402726,0.0036464618,0.0015750594,-0.0017133233,0.00065910123,-6.2630228e-05,0.00084084411,-0.0010005892,0.0011124081,-0.00094321052,-0.00015255231,-0.001603296
"101",0.00016768384,-0.00019576295,0.00011860741,0.00075183617,-5.2644544e-05,2.6128948e-07,-8.13053e-05,-0.00015625957,0.0008438672,0.0013837524,-2.6986079e-05,6.923202e-06,-1.6055084e-05,-0.00034783649,0.00024709892,0.00010398489,0.00036714477,0.0006839157,0.00055887577,-0.0011111142,0.0015094892,-0.005850321,-7.7937861e-05,-9.8469682e-05,-0.00056393987,9.3125239e-05,-0.00021238857,4.0897192e-05,-3.733877e-06,-0.00015643196,0.00029742481,-0.00017150302,-1.2939795e-05,-0.00010738265,1.9619501e-05,0.00017703696,-7.5369261e-05,-8.7044003e-05,0.00012680444,-0.00016596999,7.4976063e-05,0.00011554986,-5.1034193e-05,-0.00027728489,-3.0030083e-09,-9.9668789e-07,7.754866e-05,3.1651918e-05,0.0010809599,-0.00015815129,0.00030735043,1.3637351e-05,-1.4305472e-05,0.00052288956,-0.00035847565,0.00044505138,-0.0001273371,0.00014716151,-7.8627381e-05,-0.0001795188,8.7772879e-05,0.00017588376,1.7997618e-05,0.00025644272,0.00029998683,-0.00039183119,3.6501683e-05,0.00041449369,-2.5111119e-05,-7.7993625e-06,-0.0043348602,-0.00073393644,0.00029870476,-0.0022728398,-0.00040541158,-0.0006125562,-3.6203717e-05,-1.2174978e-05,-0.0010831552,0.00093625319,-0.00040959722,-1.7891911e-05,2.0175925e-05,0.0002324366,0.00032391991,-0.00040309388,0.00074711772,0.00040892789,0.0010633771,-5.0319131e-06,0.0013971123,0.00065059389,-0.0015001827,9.0526104e-05,-2.5671087e-06,0.014014055,-0.016620277,0.017086163,0.0058273085,-0.00013353199,0.0096154512,0.0041768031,-0.0030038546,-0.00028470072,-9.0804144e-05,0.0036467103,-0.0036635789,-0.0015325442,0.0017928995,0.0013237353,-0.00067767223,-0.0027420984,-0.0064061752,-0.00054671696,0.0034647374,-0.0043119506,-0.0015343282,-0.0060612135,-0.0027727015,0.0057827366,-0.0033632778,0.00031159863,-0.00061794138,0.00060502958,-0.00064564113,0.0010857814,-0.0020009287,-0.0070656019
"102",0.00044754793,-0.0014143333,-0.00060560125,0.0019257615,-0.00013979695,4.5388894e-05,0.0001418369,-7.1358639e-05,0.0016999339,0.00030310765,-8.5149282e-05,4.385727e-05,-7.5901663e-05,-0.00018751121,0.00069109231,3.5565243e-05,0.00063651286,-2.4509174e-05,0.00024665245,-0.0007025046,-0.0011084403,0.0096158317,-1.3405958e-05,-0.00020851276,-0.00013577243,-0.00036328949,-0.00033222944,5.5014639e-05,2.0797914e-05,0.00015259496,0.00033739213,-0.00056045873,-0.00013812032,-9.462418e-05,-2.8213506e-05,0.00011891458,-0.00019387723,-0.00028974081,0.00023078972,-0.00024137459,-0.00013362956,-0.00015301763,-0.00021590724,8.9545417e-05,-2.1240069e-05,-1.1781544e-05,-2.7855482e-05,0.00022424874,0.00035014571,0.00065820605,0.00045762795,-2.3575002e-05,-3.866944e-05,0.00012398394,-0.0003240264,0.00090491496,-7.7235789e-05,0.00019353369,2.5513592e-05,-0.00016852636,0.00046003257,0.00041638449,-0.00026453271,0.00022706442,0.00028580299,-8.4169441e-05,0.00024442527,-2.1675354e-05,3.4165215e-05,1.9417406e-05,-0.010097967,-0.0013240069,0.00082117529,-0.00043091782,-0.0023595325,-0.0018923497,0.00025944668,1.5939264e-05,-0.0025745416,0.0017083388,-0.0011467855,-0.00085585971,8.0403443e-05,0.00034266988,0.00060325524,-0.00047553001,0.0017643743,0.0013264673,0.0023514595,-1.5704522e-05,0.0027652115,0.0012518363,-0.0013599138,0.00018788066,-2.9349579e-05,0.020441688,-0.050520118,0.007948694,0.0052943208,-0.0023726493,0.0041768031,0.012859041,0.0015617863,-0.0020318639,-6.7968746e-05,0.0076297635,-0.0036022154,-0.0043642999,0.0027267168,0.00091484322,-0.0015217557,-0.0035623411,-0.00087020534,-0.0049891378,0.0011903381,-0.010570593,-0.001386865,-0.010823507,-0.0051295106,0.009463584,-0.0043525784,0.00048502328,-0.0019116102,0.0021710237,-0.002445116,0.0027856217,-0.0017019512,-0.0041595804
"103",0.00033650533,-0.0003132172,0.00077722638,0.00037012084,3.3377203e-05,2.006003e-05,-7.4658543e-05,6.0014309e-05,-3.1778436e-05,-0.0018569232,5.7775814e-05,0.00010830642,-7.0783476e-05,0.00027547512,1.2958449e-05,-0.00023858438,-4.8496313e-05,-0.0011967613,0.00012313277,-0.0002019895,0.00019979867,0.0046368269,-7.4308053e-06,-0.00014153298,-0.00013971176,-0.00032473136,-0.00064268894,6.6280267e-05,-1.1990509e-05,-6.8799804e-06,7.1097138e-05,0.00040330999,1.8990791e-05,7.0840459e-05,-2.4614098e-05,4.2308922e-06,-0.00016734941,-0.00019631893,0.00012565285,-0.00031520227,-3.8054629e-05,2.883366e-05,-0.00014226802,0.00011015188,7.9292351e-06,2.7530634e-06,-6.6360601e-05,0.00012975243,0.00014716616,0.00043642496,0.00093785264,-4.5620712e-05,1.3793184e-05,-0.00014631128,-9.8966444e-05,-6.9866654e-05,-7.2702856e-06,-9.8736591e-05,6.4444399e-05,-3.6334467e-05,0.00019118793,0.00021198087,-0.00015495547,0.0003583702,-0.00039757219,-9.8746777e-05,0.00017169607,-3.5377108e-05,-6.9557012e-06,-3.7892917e-08,-0.00019044396,5.9680283e-05,-7.4303419e-05,1.1767662e-05,-0.00084364659,-0.0027408605,0.00013025968,3.278946e-06,-0.00020065477,0.00015972204,0.0014421276,-0.00011095726,2.8845574e-05,-7.4272578e-05,0.000393796,-4.4690587e-05,-3.5228306e-06,0.00010662871,-0.00044420598,0.00027967665,-2.19416e-05,1.1718156e-05,9.1452732e-05,3.176239e-05,-9.7912987e-06,-0.0069652568,-0.0040411963,-0.01931948,-0.0043314077,-0.0012451392,-0.0030038546,0.0015617863,0.011712896,-0.0005763801,0.0001282059,-0.00047904589,0.0017586882,-0.0031088717,-0.0019050396,-0.0011908275,-5.1620468e-05,0.00063956973,0.0092039305,-0.0019217664,-0.0041599125,0.0011091089,0.0006435768,0.0019621977,0.00050729322,0.00069584236,0.0021462058,-0.00014923103,-0.000271538,0.00027870056,-0.00037204022,6.69276e-05,0.0017999681,0.0074282876
"104",9.7201361e-05,0.00042991926,0.00054463054,-0.0005427982,3.779721e-05,-3.8318288e-06,-0.00014204692,4.9051626e-05,-0.00034211608,8.5958646e-05,-1.3574988e-06,-1.0513516e-05,2.5988417e-05,0.00010423467,-5.7634793e-05,-1.3986722e-05,-0.00015511625,-1.1929875e-05,0.00010209619,-0.00033543734,0.0016265518,-0.006718316,-1.0602267e-05,-2.450737e-05,8.2970894e-05,3.5147071e-05,8.6663472e-05,-0.00010495141,7.1521444e-06,-4.6007776e-05,-0.0001730708,0.00031494587,0.00010179038,2.4605062e-05,9.2401541e-06,-2.9537937e-05,7.4552799e-05,0.00011931205,-4.2205778e-05,0.00015538235,3.4801854e-05,-5.0960946e-05,-3.8052617e-05,-1.6465689e-05,3.5518122e-06,5.099452e-06,-2.342865e-05,1.7772505e-05,-0.00010417436,-8.5186328e-05,-7.5969122e-05,0.00016647007,-1.1504817e-05,0.00012674331,0.00017642834,-0.00037844235,-0.00013895238,-3.6888403e-05,1.9563765e-05,5.6579897e-05,-0.00015383771,-0.00010501158,8.4271494e-05,-0.00011877594,-1.0184707e-05,7.8543123e-05,9.2715512e-05,4.806472e-06,2.7501873e-05,-1.0051438e-05,0.0022103318,0.00027422774,-0.00030203669,-4.8015391e-05,0.00024921843,0.00037030485,-0.00053821724,7.4114449e-05,0.00031413857,-0.00048296671,0.00052483855,0.00035210597,-2.5406845e-05,-0.00010716086,-0.00010197137,6.3820378e-05,-0.00034430081,-0.00037347181,-0.00034660088,0.00010393556,-0.00071348917,-0.00035655809,0.0001372239,-6.3245902e-05,6.3950493e-06,-0.0038720982,0.01168815,-0.00019915587,-0.00078274153,0.00085317159,-0.00028470072,-0.0020318639,-0.0005763801,0.0019560757,-0.00022434713,-0.00090361367,0.00063436591,0.00045929315,-0.0010985781,-0.00010771085,0.0004769223,0.00062690791,-0.00053949223,0.001166265,0.00028131106,0.0020637036,-6.7610715e-05,0.0023353296,0.0012656143,-0.0017969584,0.0008244558,-8.2472266e-05,0.00050299574,-0.00058107818,0.00061003534,-0.00063084977,0.00022105546,0.00039093228
"105",2.4897728e-05,5.039986e-05,9.8374936e-06,2.5335382e-06,7.2686713e-06,-1.1166843e-05,2.0113162e-05,7.3247707e-06,-4.5760134e-06,-6.4781702e-05,1.216204e-06,-2.0525381e-06,7.9411209e-06,-8.5584645e-06,-1.2825005e-05,-1.2411526e-05,1.377449e-05,-4.1511841e-05,-1.6155222e-05,2.8875935e-05,-6.0563232e-05,0.00035123856,-7.1890853e-07,1.2954174e-05,-1.3526984e-05,4.9562266e-06,-4.8079476e-06,9.2444054e-06,-3.9559584e-06,1.0498247e-05,5.915589e-07,3.8519927e-06,8.5077758e-06,5.4941602e-06,1.2208687e-06,7.0418256e-06,2.5927838e-06,-3.6801187e-06,-5.6215682e-06,-8.6001366e-06,-6.9895835e-06,-3.2715095e-07,1.5172206e-06,1.0972314e-05,-2.7934404e-07,-5.9661424e-07,3.8517715e-06,-1.8389019e-05,8.2383578e-06,-8.3831022e-06,-5.7173567e-06,-1.4764361e-05,5.3733266e-06,-2.8267806e-05,2.0361248e-06,1.2016691e-06,-1.1030168e-06,-8.7356944e-06,-7.7836331e-07,-8.7290285e-06,3.0120765e-06,5.5665456e-06,-2.7379587e-06,4.3270767e-06,5.058931e-06,1.1827933e-05,-1.4863232e-05,-2.8102704e-06,-3.7035369e-06,1.3712372e-06,1.5017911e-05,-1.3503928e-05,1.6356468e-05,-7.2199872e-06,1.3290575e-05,9.4075226e-06,7.4529118e-05,-3.1175737e-05,4.906435e-06,-2.937967e-05,-2.9976952e-06,6.2498513e-05,1.144922e-06,2.5576415e-06,2.0981147e-05,2.377858e-05,1.2322697e-05,1.3191983e-05,-2.5325762e-05,-9.3643912e-06,-8.7044009e-06,-5.9592826e-06,2.8213053e-05,6.5595305e-06,-2.7566034e-06,-0.00024958967,-4.1270347e-06,-0.00064856273,-0.00012312852,-6.477253e-05,-9.0804144e-05,-6.7968746e-05,0.0001282059,-0.00022434713,9.3974275e-05,-2.9922712e-05,0.00017535417,3.8032718e-05,-0.00020800533,-3.9585391e-05,-1.6408102e-05,-2.2055238e-06,0.00024630639,-9.6837933e-05,-0.00015933293,5.5972902e-05,3.7967173e-05,0.0001046222,3.9379581e-05,-6.1855121e-05,6.9832977e-05,-4.4669479e-06,3.1138751e-06,-4.8756781e-06,-5.2379255e-06,-9.8211527e-06,6.5961704e-05,0.00025755408
"106",0.00018210383,-0.0032808217,-0.0012548556,0.0031701189,-0.00022059806,0.00020836974,0.00038361031,-0.00026526577,0.0017563119,-3.559496e-06,-1.7278949e-06,7.4779982e-05,-8.7755041e-05,-0.00021838466,0.00036422961,0.00017947645,0.00046426394,0.00024582042,0.00082886203,-0.0016799534,0.00042346537,0.0070129148,4.8597016e-06,-0.00026350427,-0.00036791397,0.00041477688,-0.00010441363,-7.6158761e-05,2.0682845e-05,-0.00069993885,0.00035611691,-0.0013150077,0.00010988655,-0.00014752154,4.1678105e-05,-0.0001480131,3.6519378e-05,-0.00030264285,4.0521504e-05,-0.00047166644,-0.0001726103,0.00023569991,-0.00042153182,0.00036625052,1.4227832e-05,-1.1809465e-05,0.00010252002,0.00045378571,0.00078934349,-0.00026980409,0.00012516016,0.00023631123,-4.9540666e-05,0.0013624406,-0.00031446107,0.0016914077,-0.00050530861,0.0003531286,-0.00010575631,6.0668977e-05,0.0002035584,9.4221738e-05,-0.00031455875,0.00043335084,0.00020643655,-0.0006198493,0.00064536478,-0.00011681997,-7.6472944e-05,6.4426006e-05,-0.011964903,-0.0017815593,0.00082110133,-0.00044087805,-0.00051651202,-0.0010743708,-0.00016053831,6.4380636e-06,-0.005733622,0.001097716,-0.0017140421,-0.0006286916,0.00011599225,0.00057248593,0.00014177094,-0.00085671125,0.0017068417,0.0010878285,0.0026095279,-0.00041868613,0.0032831455,0.0014875505,-0.0010745966,0.00031512308,-3.6639585e-05,0.021717603,-0.051588217,0.0057709309,0.0056979406,-0.0023257329,0.0036467103,0.0076297635,-0.00047904589,-0.00090361367,-2.9922712e-05,0.015166438,-0.0015162887,-0.0039950663,0.0017419939,0.00066679432,-0.0020724441,-0.0025397271,0.00075982972,-0.0050806365,0.0015884185,-0.010595193,-0.00056630488,-0.011564228,-0.0052054953,0.0083359608,-0.004306185,0.00047052445,-0.0029352267,0.003392533,-0.0035265652,0.0030882552,-0.0015934425,-0.0034559021
"107",-0.00057346207,0.0015054377,0.0004297507,-0.0010106583,0.00036476789,-0.00010932686,-0.00015533482,5.8607892e-05,-0.00059669132,-0.00088619116,1.3125675e-05,-2.8714576e-05,0.00012013697,6.019785e-05,-4.9746146e-05,1.6717007e-05,-0.00018203863,-0.00070109544,-0.00012953128,0.00038547263,0.0017030198,-0.0032821918,5.7128192e-05,2.5262876e-05,0.00026120184,-4.6769082e-05,0.00014771979,-8.9263384e-05,3.2464158e-06,-2.6273086e-05,-0.0017161531,0.00056691028,2.1143647e-05,0.0001236841,3.4596427e-05,-0.00021400417,0.00027494527,0.00032923178,-0.00024222748,0.00016936591,-0.00012308574,-4.1510629e-05,0.00017691918,-0.0001381851,3.8130777e-05,3.0845407e-05,-3.6909842e-05,-5.2235213e-05,-0.0005444911,2.8371909e-05,-4.5108495e-05,8.4078542e-05,1.3016709e-05,-8.3084217e-05,0.0024950128,-0.00080868797,1.2229915e-05,-0.00021213184,-7.0516031e-05,0.00021255905,-0.0002839909,-0.00036913478,0.00022423757,-0.00024831197,-6.2944134e-05,0.00022354781,-0.00029300675,7.9049179e-05,4.0245547e-05,-4.0048184e-05,0.0044908321,0.0006996534,-0.00049643216,0.00042025984,0.00038856682,0.0006223182,-0.00019801312,-2.1819309e-05,0.0003667222,-0.0054096804,0.00049270514,0.0003195168,-0.00010224112,-0.00010570318,-0.00048946058,0.00030488349,-0.0006790685,-0.00054711816,-0.0012179469,-0.00013131379,-0.0010768225,-0.00058631048,0.00056175598,-0.00015980556,1.7323215e-05,-0.012077536,0.016167721,-0.011784832,-0.0041499925,0.00065653798,-0.0036635789,-0.0036022154,0.0017586882,0.00063436591,0.00017535417,-0.0015162887,0.013605843,0.0020185249,-0.0019283934,-0.0006765477,0.00031015807,0.0029769469,0.0037866218,0.00053284231,-0.0022734965,0.0045699903,0.0013730394,0.0048510012,0.0019565302,-0.0031941101,0.0026583914,-0.00028897918,0.0010875205,-0.0012554372,0.0012803097,-0.0010651186,0.0014120911,0.0049998838
"108",-0.00084135232,-0.001639323,0.00069165432,-0.00060340613,6.3748106e-05,1.3925413e-05,-0.00079044436,-0.00020547678,-0.00095328721,0.00029492922,7.929649e-05,-0.00011651797,0.00016754888,0.00027246968,-0.00030531369,-0.00059728209,-0.00048452284,1.2083934e-05,-0.00051169195,0.0011100412,-0.00072117283,-0.0034141807,4.0194674e-05,-0.00013567454,0.00030693682,0.00021243252,0.00033301259,7.3147638e-05,2.579004e-06,-1.6844469e-05,0.00018284294,-0.026487689,0.00025407919,2.3652096e-05,-6.354126e-06,-0.0001550058,-7.9321533e-05,-0.00024659723,0.00028161099,2.1932262e-05,6.1568127e-06,1.4013804e-05,-7.2281894e-05,0.0001973137,-2.0345474e-05,-9.9556794e-06,2.4559792e-05,0.00016414068,-0.00039973461,-0.00034603156,-0.00055613376,-5.1749303e-05,-2.9091965e-05,-0.00020010029,-0.00049707437,0.031300577,-0.00043607167,-2.9926687e-05,6.5483714e-05,0.00032230057,-0.00025794718,-5.4298246e-05,-9.336907e-05,-0.00014762345,-0.0001136995,1.6814827e-05,0.0001194047,-0.0003931225,-0.00016822931,1.6725262e-06,0.0049389955,0.00064964612,-0.00071863706,0.00021663947,0.00039743808,0.0018439686,0.00019143505,-1.94789e-05,0.0013066319,-0.00086976197,-0.053734732,0.00045772083,-0.00010757314,6.1330812e-05,-2.8462267e-05,0.00021417638,-0.0012205228,-9.1366996e-05,-0.0010915351,-3.3667761e-05,-0.0012842775,6.7619582e-05,0.0010856594,-3.9151999e-05,1.3580412e-05,-0.0096584023,0.028299824,-0.0015617603,-0.0022395749,0.0025781108,-0.0015325442,-0.0043642999,-0.0031088717,0.00045929315,3.8032718e-05,-0.0039950663,0.0020185249,0.10546157,-0.0011974943,-0.00010982966,-7.0242577e-05,0.000243931,-0.00070859777,0.0041899828,-0.0020204313,0.0060573846,0.0013779824,0.0050343592,0.00016758847,-0.0061704391,0.0019354476,-0.00018185872,0.00061238848,-0.00074364418,0.0013330594,-0.001537638,0.00062574107,0.00067231708
"109",-0.0011033077,-0.00076189844,-0.0014592339,0.00014497079,-3.4837816e-05,3.7710025e-05,4.1670954e-05,-0.00023037425,0.00057246887,0.00093616336,-2.8535726e-05,-2.4148306e-05,-6.5494841e-05,-0.00014940785,0.00020859822,-7.3861816e-05,0.00015491223,0.00032653225,-0.00036010143,0.00076255373,-0.00082125242,0.0018044685,-1.579051e-05,-0.00016555402,2.1347783e-05,-2.5688109e-05,-6.7476644e-05,0.00014157546,5.9422085e-06,0.00024639022,0.00019577574,-0.0006613726,-0.00080150458,-7.6520172e-05,0.00011473177,2.3785506e-05,-3.5577859e-05,8.6180932e-05,-6.3040985e-05,-0.00021469988,3.1949474e-05,0.00017174977,0.00012322377,8.0700592e-05,8.2152659e-05,1.3849267e-05,3.2651419e-05,0.00011666354,-2.9914083e-05,-3.4499123e-05,5.6550429e-05,-0.00019047803,-1.2283619e-05,-0.00027122151,-0.00010074702,0.0007495785,0.0015322835,5.0476078e-05,-0.00017018628,-0.00012571967,0.000183423,6.5744293e-06,0.00016591821,0.00021696779,8.3937546e-05,-0.0003658727,-0.00017029335,-5.9194682e-05,-0.00027958471,1.4219277e-06,-0.0028683503,-0.00016477693,0.00011695765,0.00021111554,-0.00018134021,-0.00043266797,0.00021327641,6.2495277e-05,-0.00042784855,0.00041583636,-0.00078654517,-0.0045931491,2.0985584e-05,0.00021542351,8.4114629e-05,-0.00018429177,0.00053957025,-0.00028353945,0.00070873599,-2.8686514e-05,0.00092487012,0.00075166404,-0.0004384663,0.00020636409,-7.8973108e-07,0.0097948936,-0.01208722,0.011754138,0.0029531775,0.00015978633,0.0017928995,0.0027267168,-0.0019050396,-0.0010985781,-0.00020800533,0.0017419939,-0.0019283934,-0.0011974943,0.016769602,0.00079127867,-0.00069137018,-0.0017139584,-0.0044318289,-0.00050817845,0.0040394833,-0.0035796669,-0.0010816255,-0.0040888387,-0.0025513931,0.0026253487,-0.0030095976,0.00024458935,-0.00025170523,0.00015365717,5.5025251e-05,0.00074028106,-0.001382145,-0.0048530693
"110",-3.7596177e-05,-0.00023668327,-0.00029434037,0.00015692857,-3.8234111e-05,-2.2048022e-05,1.0371355e-05,-8.2326784e-05,0.00012932612,0.00049885381,-2.5527536e-05,-4.2631289e-05,6.1762565e-05,-0.00012801807,4.1652393e-05,8.0709361e-05,3.109613e-05,0.00029163805,8.5829156e-05,-0.00019131163,0.00073581494,-0.0029873062,2.0961541e-05,-1.0444191e-06,-4.4343071e-05,7.6953961e-05,3.3673034e-05,-6.3079515e-06,6.7166536e-06,3.1681856e-05,8.3613967e-05,-0.00026975946,-3.3489003e-05,-0.00010097893,2.6809431e-05,2.9601358e-05,3.8280425e-05,-1.5772643e-05,3.2236871e-05,-2.3500166e-05,3.3177919e-05,5.4750169e-05,2.0677363e-05,7.6358037e-06,2.9909614e-06,1.5185762e-06,-7.3188181e-06,-7.248094e-06,5.5306782e-05,-7.871186e-05,-3.1707884e-05,2.3296158e-05,-1.4122431e-05,0.00010878155,-7.5941875e-05,0.0001160223,-2.0091188e-05,0.00016956445,-3.5937527e-05,-2.2971315e-05,-0.00010555707,-3.9301854e-05,-3.5774698e-05,-2.9774792e-05,2.3958852e-05,-6.2863769e-05,-3.1822396e-05,3.3825103e-05,-2.4602415e-06,-1.5174856e-06,-0.00085925727,-8.871343e-05,0.00011463475,-8.0933529e-05,-9.6281668e-05,-0.0001159156,2.3406711e-05,-2.1973293e-06,-0.00018239882,7.6242521e-05,-0.00022855283,-5.9995239e-05,-0.0003749253,8.2888847e-05,4.0193703e-05,-8.9115005e-05,0.00013277604,5.9545803e-05,0.00020831046,2.1653041e-05,0.00027539522,0.00011861151,-0.00010250629,-7.163535e-06,-9.7677161e-07,0.003551565,-0.0027655007,0.0056655897,0.0014655719,8.325323e-05,0.0013237353,0.00091484322,-0.0011908275,-0.00010771085,-3.9585391e-05,0.00066679432,-0.0006765477,-0.00010982966,0.00079127867,0.0014025357,-0.00018226271,-0.00064167065,-0.0022375861,0.00018714195,0.0012055012,-0.00079770055,-0.00049379969,-0.0013864877,-0.00058945892,0.00050924053,-0.00086298715,8.0646107e-05,-0.00013887532,0.00014927782,-0.0001396342,0.00022593402,-0.00061294227,-0.0022649618
"111",0.00015158559,0.00068941346,0.00033855229,-0.00061345403,2.7910721e-05,-3.9391839e-05,-3.8054758e-05,6.9364034e-05,-0.00037991924,9.823295e-05,-1.0723349e-05,-1.8742602e-05,2.9136804e-05,1.5920217e-05,-0.00011987078,3.61412e-05,-0.00018053926,3.3603123e-05,-0.00029948358,0.00013790577,0.00059855639,-0.0040237529,2.0285455e-05,2.5932764e-05,3.3868776e-05,-7.9301876e-05,5.9227047e-06,5.6337106e-06,5.1521275e-07,7.1644203e-05,-7.5499659e-05,0.00042277417,2.9190785e-05,5.6932209e-05,5.0844743e-06,4.0423402e-05,5.6867127e-05,0.00013326804,-2.284817e-05,9.946649e-05,1.4331609e-05,1.4131122e-05,8.2632188e-05,-7.6153567e-05,8.399005e-06,7.6193305e-06,-7.6832658e-05,-5.7373947e-05,-0.0001276427,9.8435577e-05,1.648914e-05,-1.4562492e-06,4.750723e-06,-0.00014367499,3.6412728e-05,-0.00050601598,-9.5346057e-05,-8.7965986e-05,0.00011557524,-2.4929502e-07,-8.4402688e-05,-8.0509084e-05,3.7051786e-05,-2.6976854e-05,2.1650456e-05,0.0001332643,-8.6293944e-05,0.00012678534,2.378006e-05,-2.0995937e-05,0.0025523791,0.00051169654,-9.2297565e-05,0.00010128619,1.1832504e-05,0.00016493686,-4.2582216e-05,4.0251778e-06,0.00076341846,-0.00031251841,0.00067488312,0.00028176551,3.5050269e-06,-0.00038955692,-0.00010192021,0.00012989885,-0.00035765353,-0.00028588029,-0.00060117803,2.3954729e-05,-0.00073642756,-0.00036857401,-0.00013747228,-7.6584306e-05,2.2927351e-05,-0.0043030591,0.012762367,9.5246105e-06,-0.0013360925,0.00038845069,-0.00067767223,-0.0015217557,-5.1620468e-05,0.0004769223,-1.6408102e-05,-0.0020724441,0.00031015807,-7.0242577e-05,-0.00069137018,-0.00018226271,0.001261746,0.00063770568,-0.00074432486,0.0012963768,-5.1427094e-05,0.0025791212,0.00028475385,0.0026537207,0.0013179694,-0.00095154008,0.00086192355,-0.00014215539,0.00058255748,-0.00066977115,0.00068290945,-0.00068843883,0.0002393429,0.00037096442
"112",0.00037023099,0.00051570086,0.00057470519,-0.00037214294,7.7516074e-05,5.0248263e-05,9.3585242e-05,0.00010355317,-0.00062823573,-0.00080417655,3.4155134e-05,3.4203457e-05,-5.4510798e-06,0.00012463654,-0.00019912633,7.3960322e-06,-0.0004402635,-0.00024142943,-3.261913e-05,0.00023478674,0.0008220144,-0.0025159777,9.043915e-05,7.1381381e-05,0.0001108781,5.6753932e-05,0.00027174966,-4.753008e-05,5.9146646e-06,-1.7456892e-05,-0.00034489759,0.00012633467,-4.1849514e-06,4.7323533e-05,-1.8034854e-05,-0.00059266795,1.4441396e-05,9.7621162e-05,-0.00020938573,0.00019776367,4.4331978e-05,2.8652996e-06,0.00013121792,9.5729321e-05,9.6268472e-06,3.4012118e-05,-9.0888131e-05,-8.4441599e-05,-0.00021274289,-7.3757154e-05,-0.00028035681,5.5007213e-05,2.9211409e-06,-0.00019621033,0.00036707099,-0.00019422233,-0.00012726759,-7.0522128e-05,5.632579e-05,0.00075207062,-2.5899891e-05,-0.000269894,8.4146762e-05,-0.00025886821,-0.00023383886,0.00012494056,-0.00014660636,-0.00025366313,1.5719818e-05,-3.1613842e-05,0.0032007565,0.00053714066,-0.00018680157,0.00031555581,0.0005127828,0.00082046468,-9.1884798e-05,2.3567763e-05,0.00067993805,-0.00090967954,0.00068044958,0.00027643062,-4.1587364e-05,-0.00021386554,-0.001997189,0.0002170736,-0.00048797453,-0.00075577468,-0.00082734643,-4.5644094e-05,-0.0008730784,-1.4805455e-06,0.00071616578,-4.6294839e-05,7.8460281e-05,-0.0094077773,0.014548456,-0.010303162,-0.0035537025,-6.3051857e-05,-0.0027420984,-0.0035623411,0.00063956973,0.00062690791,-2.2055238e-06,-0.0025397271,0.0029769469,0.000243931,-0.0017139584,-0.00064167065,0.00063770568,0.0070797534,0.0036713597,0.00050564479,-0.00094705018,0.0036819138,0.0010234932,0.0039351331,0.00077336751,-0.0036590701,0.0021921454,-0.0004636582,0.00036757129,-0.00037986005,0.00032180538,-0.00086771133,0.0012713554,0.0043582885
"113",0.0010666795,-0.0013708213,0.00055002299,0.0013636591,-0.00014526635,0.00011969344,0.00029488561,0.00016109599,-8.1334928e-05,-0.0038399333,6.6949414e-05,0.00014339685,-5.7253748e-05,0.00040700707,4.4493349e-05,-0.00021874633,-0.00023852435,-0.0022895238,0.00028982998,-0.00027141337,0.00097648474,0.010327565,2.4127896e-06,-7.9348719e-05,3.1172234e-06,-0.00018577887,2.0340287e-05,2.9565875e-05,-4.5913494e-06,-6.9464945e-05,0.00028260154,-0.00048762422,-0.00013917589,5.9739912e-05,2.5734812e-05,-0.00042738636,-0.0004931495,-0.00045028966,-9.0180359e-06,-0.00020797688,-0.00014570977,-1.8205235e-05,-0.00029284516,0.00059122444,-3.4317873e-05,-1.8203201e-05,1.3936807e-05,0.00014552894,1.660344e-05,0.00043795539,-0.00021544554,-4.286034e-05,2.6668922e-05,-0.0003486147,-0.00038796798,0.00098483022,8.6722526e-05,-2.2605096e-05,2.8531109e-06,0.00030939096,0.00088003232,0.00046080611,-0.00039350085,0.00023143604,-0.00049913074,0.00018874384,0.00015473767,-0.00049812616,5.8410617e-05,3.5049027e-05,-0.0015220351,-0.00033463397,0.00023268705,0.00018628996,0.00021062337,0.00011701289,-0.00010569956,2.7426726e-05,-0.0010090334,0.0001087045,-0.0001295666,-0.00012335398,5.0155949e-05,2.4830107e-05,-0.00012300395,-0.0025500037,-0.0010653253,0.00044328586,-1.6131832e-05,-0.00021525569,3.5721092e-05,6.0799079e-06,0.00026386332,0.00022776576,-1.8697757e-05,-0.013017418,-0.018057789,-0.041056067,-0.0079108175,-0.0034924086,-0.0064061752,-0.00087020534,0.0092039305,-0.00053949223,0.00024630639,0.00075982972,0.0037866218,-0.00070859777,-0.0044318289,-0.0022375861,-0.00074432486,0.0036713597,0.027063443,-0.0014286353,-0.0086919281,-0.00023934424,0.0030772654,0.0025915239,0.00080095539,0.0014736373,0.0036405573,-0.00033959889,-0.0012378383,0.0017081894,-0.0020719513,0.0005730627,0.0037142149,0.01556474
"114",-0.00030153491,0.0020556568,0.00059632286,-0.0018523193,0.00013953977,-0.00019283021,-0.00015004859,2.3584061e-05,-0.0011584887,0.00087137623,-3.6444065e-05,-8.6663039e-05,0.00013456673,-0.00013548001,-0.00048527013,0.00019386613,-0.00038589551,0.00067691213,-0.00047541219,0.00093839085,0.0019936524,-0.013787624,-6.5406649e-05,0.00024329831,0.00014948322,-0.00017728792,-0.00013024896,8.3201246e-05,-1.1142067e-05,-3.1766642e-05,8.2113648e-05,0.00055142279,-2.6741459e-05,9.8248638e-05,0.00010390025,0.00027149246,-0.00030309631,-0.00043215699,-4.0082478e-05,4.6801642e-05,9.4239831e-05,-9.0600113e-05,0.00021757544,4.3827223e-05,-1.2830859e-05,1.7150467e-05,3.1731248e-05,-0.00028166322,-0.00032943189,0.00018228736,0.00017455079,-0.00013533581,1.813458e-05,-0.00027065882,-5.3580974e-05,-0.0012191453,0.00012372173,-0.00018877413,-9.1178591e-05,-0.00036732204,0.00020976937,0.00064290279,-3.8227055e-06,-7.1661177e-05,-0.00017298719,0.00018732039,-0.00020021189,-0.00018926181,5.1225331e-05,-4.7044121e-05,0.0081344687,0.0010962462,-0.00040921117,0.000204933,0.00035459158,0.00065675242,-3.7335959e-05,1.1144859e-05,0.0018988765,-0.0011878354,0.00055514609,0.00058574248,-0.00011578253,-0.00026142376,-6.1803446e-05,-0.00082403929,-0.0031654031,-0.0010089375,-0.0019364334,0.00010294889,-0.002217423,-0.0011932514,0.0010786913,-0.0002621622,1.2426673e-05,-0.011562891,0.038540959,0.0057858377,-0.0014694255,0.0018473907,-0.00054671696,-0.0049891378,-0.0019217664,0.001166265,-9.6837933e-05,-0.0050806365,0.00053284231,0.0041899828,-0.00050817845,0.00018714195,0.0012963768,0.00050564479,-0.0014286353,0.010055073,0.0012718958,0.007951264,-0.00016715712,0.0071017975,0.0040483146,-0.0069224998,0.0021463209,-0.00019434503,0.0019014932,-0.0021419641,0.002283845,-0.0020706284,0.00014077439,-0.001206915
"115",-0.0007654118,0.00053546958,-0.00054994343,-0.00042849828,0.00011347416,-1.6728554e-05,3.9631274e-05,-7.0424715e-05,0.00035903693,0.0017130366,-4.0895523e-05,-4.1880784e-05,-2.7027662e-06,-0.0002284969,0.00014913024,0.0002850498,0.00025508712,0.0009060548,0.00046331806,-0.00053011978,0.0029459972,-0.011996072,-1.2361671e-05,6.3814578e-05,0.00010078891,0.00021903408,0.00011652895,-2.809266e-06,9.867397e-08,-0.00010878629,-0.00011516623,-3.9472003e-05,-0.00012746734,-3.2782613e-05,4.561127e-05,5.3058291e-05,-2.39258e-05,3.9874178e-05,-0.0006927888,-5.1993386e-05,-8.7483009e-05,4.4287932e-05,-1.1005405e-05,-1.2904458e-05,-2.3364392e-06,1.8025963e-05,-7.3066316e-05,-9.2055348e-05,8.0914305e-05,-7.8681191e-05,5.5724132e-05,-2.2865078e-05,-9.7027069e-06,0.00024852966,9.0291799e-05,-0.00021046007,0.00030237628,2.1520215e-05,-9.6953706e-05,-0.00017099109,-0.00020528788,-0.0002097385,0.0010023584,4.1987192e-05,0.00047202047,-0.00014698267,0.00020911824,0.00017953039,-1.5337172e-05,-1.9998278e-05,-0.00061625359,0.00019070203,8.4513078e-05,-0.00013417456,0.00010063062,-0.00021356687,-7.761773e-05,1.3091241e-05,-0.00035240949,0.00013669581,0.0001999622,-0.00069053011,-3.3799742e-05,7.6445326e-05,-0.0003091094,9.7477379e-06,0.000110663,-0.0032415786,0.0002204314,-8.2397677e-05,0.0002265004,0.0001205607,-5.5871497e-05,-5.7691389e-06,2.3208799e-05,0.0075655901,-0.0027245619,0.018425297,0.0036390104,0.00092490597,0.0034647374,0.0011903381,-0.0041599125,0.00028131106,-0.00015933293,0.0015884185,-0.0022734965,-0.0020204313,0.0040394833,0.0012055012,-5.1427094e-05,-0.00094705018,-0.0086919281,0.0012718958,0.012891472,-0.0014294041,-0.0011833367,-0.0025337214,-0.00073944472,0.00019399016,-0.0024845491,0.00018502919,0.00036402604,-0.00046403086,0.00045637729,0.00028254805,-0.0018735923,-0.0071297467
"116",0.00026994777,0.0029437507,0.00097997222,-0.0029114945,0.00022661784,-0.00018413975,2.0967491e-05,0.000170385,-0.0024215134,-0.00010512758,5.7763882e-05,0.00010425792,0.00015155707,0.00024176209,-0.00069610356,6.1555407e-05,-0.00087951841,8.9620784e-05,-0.00048982818,0.00083803949,0.0023508418,-0.017774624,-5.2439431e-05,0.00035236206,0.00013191014,-0.00030124019,-0.00010070024,8.6786754e-05,-1.5019926e-05,-3.9109891e-05,-0.00039223117,0.0016311956,-3.2646877e-05,0.00017630331,4.5272323e-05,0.00023793674,-1.5853988e-05,9.5517445e-05,-0.00021581856,-0.000252149,-9.5177031e-05,0.00016278358,0.00025865934,-0.00028160565,-5.0085426e-05,2.2634729e-05,-1.6539347e-05,-0.00054768887,-0.00036027975,0.00023825626,0.00010438809,-0.00016597687,4.1729896e-05,-0.00022012211,0.00031649422,-0.0020098875,0.00026365795,-0.00033828682,-3.6786718e-06,-0.00030045108,-0.00032233468,-0.0001874537,0.00047042173,0.0005579526,-0.00011782339,0.00014657644,-0.00024860003,0.00018231424,0.00013210786,-5.2124641e-05,0.01520969,0.0019298945,-0.00097470918,0.00036254643,0.00055461163,0.0010392182,1.4740132e-05,-2.1763746e-05,0.0036424678,-0.0024480784,0.0021769337,0.0011676538,-0.00022641352,-0.00061874508,-0.00035989313,0.00061903608,-0.0025974009,-0.0017936308,-0.0056379846,-0.00035843584,-0.003892049,-0.0020563783,0.0019060449,-0.00049752179,6.4973689e-05,-0.02926856,0.07270418,-0.0078413339,-0.00681208,0.0028312264,-0.0043119506,-0.010570593,0.0011091089,0.0020637036,5.5972902e-05,-0.010595193,0.0045699903,0.0060573846,-0.0035796669,-0.00079770055,0.0025791212,0.0036819138,-0.00023934424,0.007951264,-0.0014294041,0.020892896,0.0031184398,0.014296725,0.0076140896,-0.013053343,0.0061965703,-0.00067746113,0.0029433939,-0.0033825718,0.0034678602,-0.003970415,0.0020659225,0.0048307119
"117",0.0007084306,-3.0544677e-05,-0.00048912645,0.00049607624,-5.6446785e-05,5.9710758e-05,0.00040176421,0.0001673837,-0.00035503281,-0.0005696993,0.00011348349,4.9733885e-05,-0.00011157454,0.00021442179,-0.00020741499,0.00015760959,-0.00046074125,0.00031715261,8.8570526e-05,-0.0003398932,0.00043656189,-4.4635439e-06,7.4762621e-05,1.8817404e-05,1.6221594e-05,-0.00011341097,8.9653738e-05,1.6699007e-05,5.257743e-06,-0.00015963039,-0.00011804195,0.00031331457,-2.3910836e-05,2.8541281e-05,-3.5070542e-05,-5.1501168e-05,-6.124016e-06,2.151936e-05,-9.2998923e-05,-0.00010731176,-0.00055214841,-1.0835895e-05,4.8166829e-05,-0.00010174062,2.4940709e-06,4.0888956e-06,-4.3050493e-05,-2.6021843e-05,3.877077e-06,0.00010787055,-0.00019416937,2.3262751e-05,9.9126639e-06,-5.570109e-05,0.00012136072,-8.665596e-05,-0.00015698457,-4.8551034e-05,6.9424077e-05,1.1767738e-05,2.6463553e-05,-0.00013677264,0.00018280043,0.0002217914,0.00065819188,5.9323179e-05,-0.00015380329,0.00013970069,5.2109615e-05,-7.7118901e-06,0.00091460761,0.00014963377,5.9732956e-05,1.1419246e-05,0.00019169422,0.00054681463,3.1910163e-05,-2.0867678e-07,-0.00010882576,-0.00029193755,0.00017233082,1.8467816e-05,-1.0116489e-05,-7.5686999e-05,-8.1194522e-05,0.00015703329,-0.0001640684,-0.00022685248,-0.0008516792,-0.0026487421,-0.00037669867,-0.00011455134,0.00022798377,-1.7356819e-05,2.850799e-05,-0.0056814825,0.0040183943,-0.0080586557,-0.0022363064,-0.00039402726,-0.0015343282,-0.001386865,0.0006435768,-6.7610715e-05,3.7967173e-05,-0.00056630488,0.0013730394,0.0013779824,-0.0010816255,-0.00049379969,0.00028475385,0.0010234932,0.0030772654,-0.00016715712,-0.0011833367,0.0031184398,0.0081800194,0.002155372,0.00080293397,-0.0010428394,0.0013417588,-0.00018054836,-0.0004270878,0.00063453138,-0.00084939395,-0.00012855478,0.00080773129,0.0030154457
"118",0.00018445953,0.0035503377,0.0015589871,-0.0036466986,0.00032266447,-0.00014810908,-0.0001554024,0.00039324253,-0.0024683606,-0.00054739706,4.0180985e-05,-0.00015441495,0.00018433662,0.00023745815,-0.0007429043,0.00034090246,-0.00073026224,-0.00052133527,-0.00060523384,0.0010038713,0.0027272068,-0.016384206,-2.2912803e-05,0.00033227496,0.00036583793,-0.00034608646,0.00023569849,-5.3375955e-05,-8.8126237e-06,0.00025579276,-0.00059838385,0.0019811673,0.00017382926,0.00026166009,9.8066519e-06,6.2675539e-05,-3.0633008e-05,0.00025894912,-0.00019644347,0.00049391803,-3.2927338e-05,-0.0010048932,0.00014580384,-0.00017566973,1.5049874e-05,1.9922753e-05,-0.00013819877,-0.00047045522,-0.00095611467,0.00023667818,-0.00033145626,-1.72571e-05,3.6014018e-05,-0.00064591096,0.00076789842,-0.0024370058,6.0376168e-06,-0.00040597539,0.00011667162,-8.0803277e-06,-0.0002498676,-0.00024582997,0.00044331553,-0.00030606223,-0.00029108787,0.0013798843,-0.00019582016,-1.3973534e-05,8.5423232e-05,-7.7471403e-05,0.015934798,0.0022051921,-0.0012672483,0.00057563098,0.00057222519,0.0015157601,-0.00024446872,-1.1916703e-06,0.0039420477,-0.002160349,0.0023616965,0.0012073071,-0.00014795334,-0.00070150151,-0.00029739059,0.00069745516,-0.0025799196,-0.001897909,-0.0033874382,0.00012386292,-0.0080214125,-0.0028088144,0.0017124425,-0.00035160161,4.7717267e-05,-0.032409206,0.071758898,-0.014369498,-0.008715637,0.0036464618,-0.0060612135,-0.010823507,0.0019621977,0.0023353296,0.0001046222,-0.011564228,0.0048510012,0.0050343592,-0.0040888387,-0.0013864877,0.0026537207,0.0039351331,0.0025915239,0.0071017975,-0.0025337214,0.014296725,0.002155372,0.025891019,0.0098063378,-0.012057825,0.0065722706,-0.00070534632,0.003526024,-0.003946152,0.0039821692,-0.0041157152,0.0027252739,0.0075375888
"119",-0.00052292953,0.001034412,0.0010490503,-0.0019223282,0.00011263295,-4.4588273e-05,-0.00043159693,1.9159963e-05,-0.0012268802,-0.00016153141,1.1219868e-05,-3.986159e-07,0.00016108171,9.5711113e-05,-0.00032276134,0.00018182424,-0.00032757475,-6.1936934e-05,3.2468072e-05,2.5288887e-05,0.0018272769,-0.0096720803,-9.2826822e-05,-6.0602633e-06,0.00013361893,-7.9864728e-05,4.5640037e-05,-8.1484458e-05,-3.7946948e-06,2.2398243e-05,-0.00014479373,0.00069190491,9.0746668e-05,0.00015305837,2.1957166e-05,0.00014074717,-2.9325621e-05,0.00012544893,-0.00017846434,0.00016316631,0.00011633317,-0.00020858355,-0.00027462114,-2.3615015e-05,8.1939631e-05,-3.9038281e-06,0.00011055517,-1.3924343e-05,-0.00042075952,4.3402208e-05,2.3221037e-05,4.4558669e-05,1.7367049e-05,-4.105363e-05,8.5064152e-05,-0.00077136125,-4.9046706e-05,-0.00021712358,-3.201596e-05,-0.00013245509,-5.9158302e-05,-5.7277685e-05,0.00048446355,-0.00015337243,-0.00045950712,0.00035061724,0.00045102789,-0.00021694412,5.0019206e-06,-9.0410692e-07,0.0081402655,0.00093895557,-0.00059634461,0.00022475983,0.00019321404,0.00078525361,-0.00013187561,-7.9192522e-06,0.0018707569,-0.0011658393,0.0017817675,0.00085928927,-0.00011730553,-0.00033873072,0.00031160764,0.00032473187,-0.001464151,-0.0008956129,-0.0018610524,0.00012104353,-0.0028576772,-0.0033267891,0.00090310933,-0.00019473529,7.5599194e-06,-0.015873871,0.035809012,-0.0058297662,-0.0036972457,0.0015750594,-0.0027727015,-0.0051295106,0.00050729322,0.0012656143,3.9379581e-05,-0.0052054953,0.0019565302,0.00016758847,-0.0025513931,-0.00058945892,0.0013179694,0.00077336751,0.00080095539,0.0040483146,-0.00073944472,0.0076140896,0.00080293397,0.0098063378,0.010086822,-0.0062772953,0.0032257478,-0.0002957751,0.0018219792,-0.0020915088,0.0023991039,-0.0020725553,0.0012238157,0.003186542
"120",0.00072336938,-0.0021391761,-0.001234523,0.0028446301,-0.00025755039,0.00022312144,0.00039439766,-2.292168e-05,0.0019522274,-0.00016484881,-6.0881577e-05,0.00013964476,-0.00011948145,-0.00019428791,0.00064971251,1.7642613e-06,0.00059900483,-0.00022348797,0.00072407325,-0.0019155315,0.00063229358,0.0082308928,5.2289034e-05,-0.00031653084,-0.00044679244,5.3578643e-05,-6.8368104e-05,-1.1173678e-05,2.9265977e-05,2.3423295e-05,0.00025307208,-0.00094802446,-8.7537992e-05,-0.00013685492,-1.5092592e-05,7.3522896e-06,0.00017697733,6.9165032e-05,0.00016385534,-0.00025382654,-0.00010625714,0.000272487,-0.00018920552,-0.00055118529,1.4046258e-05,-2.5546211e-05,-4.8181311e-05,0.00034685258,0.00092531466,8.3592843e-06,0.00013523816,0.00010174799,-3.409423e-05,0.0002178942,-0.0001822621,0.0012350402,-0.00030532336,0.00028717767,0.00012689001,-0.00020382639,4.1149816e-05,3.1441625e-05,-0.0002707626,0.00043768403,0.00042409571,-0.00036261615,0.0001473312,0.0011596649,3.3247361e-06,3.8157614e-05,-0.012371191,-0.0013936981,0.00051563992,-0.0012652995,-0.00072995563,-0.0011456822,-7.1355665e-06,3.1779753e-05,-0.0028997924,0.0019443787,-0.0010917527,-0.0010125129,0.00018490367,0.00011010569,0.0006613654,-0.00053066704,0.0022288261,0.0015496031,0.003138633,-3.3516084e-05,0.0034076946,0.0016661465,-0.0042632302,0.00039094559,-5.0633073e-05,0.022125832,-0.060374149,0.0035563113,0.0042989042,-0.0017133233,0.0057827366,0.009463584,0.00069584236,-0.0017969584,-6.1855121e-05,0.0083359608,-0.0031941101,-0.0061704391,0.0026253487,0.00050924053,-0.00095154008,-0.0036590701,0.0014736373,-0.0069224998,0.00019399016,-0.013053343,-0.0010428394,-0.012057825,-0.0062772953,0.018287834,-0.0049515264,0.00053518673,-0.0027030106,0.0031704099,-0.0035522154,0.0033568618,-0.0014813874,-0.0029679973
"121",0.00050035718,0.0012610111,0.00055922947,-0.0010476523,3.8672961e-05,-2.6162021e-05,2.1487103e-05,0.00020023137,-0.0010198338,-0.00086168357,5.2638704e-05,-8.6240632e-06,4.0908828e-05,0.00015959818,-0.0002526737,3.7529751e-05,-0.00041487493,-0.00049261401,-0.00026279799,0.00014135457,0.00086212608,-0.0039832957,-2.3218262e-05,0.00012090978,8.3281403e-05,-0.0001911024,0.00012854735,1.2950839e-05,-4.6131325e-06,3.6949492e-06,-0.00012797093,0.00079823081,1.8713198e-05,9.7239459e-05,5.2568979e-06,-4.2415868e-05,1.6546713e-05,0.00010464937,-0.00011481492,0.00010001696,-2.0385984e-05,6.4080297e-05,0.00019235623,-5.2614529e-05,-8.5897514e-05,5.9231145e-06,3.299581e-05,-0.00018356093,-0.00021120997,0.00019764497,-0.00016531782,2.1381209e-05,6.1495524e-06,-0.00013702268,0.00013961449,-0.0011438172,-0.00013765837,-0.00014409151,4.7473117e-05,8.2653495e-05,-0.00012800169,-0.00011041844,0.00016771429,3.8348138e-05,-0.00012754926,9.2990112e-05,-0.00013277138,-1.3862067e-05,0.00037443158,-2.2922242e-05,0.005951708,0.00072777035,-0.00043299596,0.00019977889,0.00017560213,0.00059781498,-6.9355389e-05,5.8898755e-06,0.0013738063,-0.0009296231,0.00096158607,0.00058954363,-9.5106634e-05,-0.00024233765,-0.00014346153,0.00044747423,-0.00097021579,-0.00063506531,-0.0014937587,5.9095944e-05,-0.0015620185,-0.00077701107,0.00073222967,-0.0008217349,1.8272128e-05,-0.014597562,0.026675744,-0.012028699,-0.0044887529,0.00065910123,-0.0033632778,-0.0043525784,0.0021462058,0.0008244558,6.9832977e-05,-0.004306185,0.0026583914,0.0019354476,-0.0030095976,-0.00086298715,0.00086192355,0.0021921454,0.0036405573,0.0021463209,-0.0024845491,0.0061965703,0.0013417588,0.0065722706,0.0032257478,-0.0049515264,0.0052175168,-0.00033997241,0.0010274325,-0.0011478225,0.0010639387,-0.0015623169,0.0016797971,0.0053623862
"122",-4.4322757e-05,-0.00018341663,-8.7176164e-05,0.00011240814,-6.732079e-06,7.8860766e-06,-6.0706379e-06,-2.3235784e-05,0.00010234874,8.7313594e-05,-2.7962454e-06,-5.6174838e-06,1.7139245e-06,-2.6255431e-05,3.1529634e-05,-1.7619934e-05,6.0665616e-05,2.4085382e-05,2.2401348e-05,-3.9529686e-05,-4.2192228e-05,0.00033674188,-5.4668617e-06,-2.6940351e-05,-2.018139e-06,2.2309838e-05,3.2988019e-08,1.6720676e-06,2.530596e-08,1.0196944e-05,4.2689313e-05,-7.6764986e-05,7.2669234e-07,-9.9252099e-06,6.207881e-06,2.9244956e-05,-3.317118e-06,-6.3821395e-06,2.3223144e-05,-1.8334443e-05,9.5721732e-07,-1.0447888e-05,-2.8896224e-05,1.0928465e-05,1.0081928e-06,-8.9307585e-06,1.054828e-05,3.5186515e-05,1.2740495e-05,-2.2317578e-05,5.9310611e-07,-8.971243e-07,-4.8302085e-07,3.2340505e-05,-3.8715877e-05,8.6997561e-05,5.2079073e-06,1.7177591e-05,-1.129997e-05,-2.5444369e-05,4.5389769e-06,3.0282916e-06,-2.2541281e-05,8.8469917e-06,1.3016607e-05,-3.4638218e-05,3.2750804e-05,3.7153483e-07,-1.1149888e-05,9.9432249e-06,-0.00060324712,-9.8453947e-05,3.9270764e-05,-1.2823707e-05,-2.4690831e-05,-6.7675384e-05,6.1415549e-06,-2.1679362e-06,-0.00015279672,0.00010189286,-9.9397271e-05,-4.8979967e-05,6.8890612e-06,4.1488393e-05,8.5201191e-05,-3.6863391e-05,8.756385e-05,8.9747847e-05,0.00016822896,1.7791195e-05,0.00017267827,7.1423289e-05,-8.014127e-05,1.838222e-05,-1.8288563e-05,0.0014381316,-0.0028540595,0.0011481578,0.00050591532,-6.2630228e-05,0.00031159863,0.00048502328,-0.00014923103,-8.2472266e-05,-4.4669479e-06,0.00047052445,-0.00028897918,-0.00018185872,0.00024458935,8.0646107e-05,-0.00014215539,-0.0004636582,-0.00033959889,-0.00019434503,0.00018502919,-0.00067746113,-0.00018054836,-0.00070534632,-0.0002957751,0.00053518673,-0.00033997241,8.7357806e-05,-0.00011461131,0.00012875226,-0.00012033237,0.00016566132,-0.00016296793,-0.00052925126
"123",-0.003081748,0.0065236181,0.0031475863,-0.0064719854,0.00084738922,-0.00057897042,-0.0015811897,-7.1955026e-05,0.00041525551,0.00012309966,-0.00022424269,-1.7486561e-05,0.00018764494,-8.7287565e-05,0.00033733235,-0.00021385817,0.00037529807,-0.00050225781,-0.0015495014,0.0019023572,0.00096406763,-0.0042635676,-5.3392003e-05,0.00062543494,0.00035635343,-0.00019466059,-0.00038433511,0.00016544801,-4.6034294e-05,0.00034234722,-0.0010387835,0.0020171603,1.7184163e-05,0.00030159015,0.00020034854,0.00047138575,-0.00022802519,5.0952887e-05,-0.00064192499,0.00071483154,0.00021988899,-6.3809617e-05,0.00063978804,0.00012745556,-4.1042722e-05,6.5304715e-05,-9.1842047e-05,-0.00093432613,-0.00086080949,0.00012068712,0.00060952692,-0.00024611332,6.0806026e-05,-0.00061874594,0.0013584522,-0.0031924298,-3.2954511e-05,-0.00056724516,-0.00016448921,-0.00053114471,0.00032018695,0.00020459621,0.0013014828,-0.00077504092,-0.00031422116,0.000220164,-0.00077121998,-0.00013635483,0.00012779313,-0.00013661237,0.0074108944,0.0010046589,-0.000528366,0.00015034236,0.00022402058,0.00058624992,-1.5569263e-05,-1.6417365e-05,0.0020947297,-0.0012853019,0.0011046766,0.00061827886,-6.4701957e-05,-0.00024206475,-3.3505941e-05,0.00028800955,-0.0011848509,-0.001057125,-0.001576939,0.00030027593,-0.0021610013,-0.0010594575,0.0007665339,-0.00022579605,2.4350444e-05,-0.0057398311,0.016182992,0.00082904475,-0.0010603872,0.00084084411,-0.00061794138,-0.0019116102,-0.000271538,0.00050299574,3.1138751e-06,-0.0029352267,0.0010875205,0.00061238848,-0.00025170523,-0.00013887532,0.00058255748,0.00036757129,-0.0012378383,0.0019014932,0.00036402604,0.0029433939,-0.0004270878,0.003526024,0.0018219792,-0.0027030106,0.0010274325,-0.00011461131,0.0064928162,-0.007531576,0.0083075131,-0.0019447891,0.00041839639,0.00013353101
"124",0.0040429901,-0.0075475113,-0.0040928763,0.0076506605,-0.0010511476,0.00066740151,0.0021695935,0.00015488268,-0.00053003747,-0.00014910551,0.000266819,4.0450962e-05,-0.00023975097,0.00011718969,-0.00046050629,0.00027611317,-0.00049628473,0.00066744941,0.0016879629,-0.0023770619,-0.001053174,0.0050577194,3.2550113e-05,-0.00068888802,-0.00046584215,0.00017860202,0.00044834108,-0.0001846178,5.1714383e-05,-0.00042171342,0.0011755035,-0.0023028559,-8.7900212e-05,-0.00034739384,-0.00021178019,-0.00048825325,0.00030419271,-1.6473202e-05,0.00074221744,-0.00078032098,-0.00027554129,5.5697437e-05,-0.00072276331,-0.00014009919,3.3448292e-05,-7.7595152e-05,0.0001206966,0.0010639529,0.0010384228,-7.1563151e-05,-0.00078757282,0.00030674559,-7.2308831e-05,0.00073771705,-0.0015465683,0.003610607,8.4207465e-05,0.00068879707,0.00019834948,0.0005712624,-0.00040937913,-0.00024776762,-0.0015960666,0.00093040317,0.00044943379,-0.00019236786,0.00085303859,0.00022511789,-0.00012242188,0.00016269887,-0.0086829054,-0.0011859342,0.00063274205,-0.00016157209,-0.00026331973,-0.00061849227,7.6785591e-06,2.3062625e-05,-0.0024729906,0.0015029341,-0.0013206801,-0.00070266278,7.2836169e-05,0.000277735,3.2707769e-05,-0.00035274065,0.0013574754,0.0012278964,0.0018542609,-0.00040791426,0.0024718014,0.0012463974,-0.00095534999,0.00027077237,-2.954839e-05,0.0062883106,-0.019226313,-0.0013796464,0.0011460624,-0.0010005892,0.00060502958,0.0021710237,0.00027870056,-0.00058107818,-4.8756781e-06,0.003392533,-0.0012554372,-0.00074364418,0.00015365717,0.00014927782,-0.00066977115,-0.00037986005,0.0017081894,-0.0021419641,-0.00046403086,-0.0033825718,0.00063453138,-0.003946152,-0.0020915088,0.0031704099,-0.0011478225,0.00012875226,-0.007531576,0.009108618,-0.010325174,0.0023515738,-0.00045111775,-2.3114141e-05
"125",-0.006644197,0.0062422412,0.0044582516,-0.0085890706,0.0011377676,-0.00067988436,-0.0033660671,-0.0008087362,0.00069979586,0.00017097191,-0.00031359097,-3.8263055e-05,0.00024984065,-0.00013667186,0.00071938365,-0.00038495711,0.00064427123,-0.00085746974,-0.0018530297,0.0029098032,0.0010564549,-0.0052984337,-3.6373673e-05,0.00054623038,0.00062799226,0.00015688164,-0.00055030254,0.00021796418,-6.0253786e-05,0.00046237924,-0.0010904584,0.0017214639,0.00010096741,0.00037564288,0.00024810319,0.00036921021,-0.00038162433,4.8540645e-05,-0.00082732896,0.00076927457,0.00044255156,-4.0229804e-05,0.00059483885,0.00042540661,-1.2709421e-05,7.688415e-05,-4.2890123e-05,-0.00086871649,-0.0012441073,-0.00022679775,0.001037714,-0.00038274199,8.1486655e-05,-0.00064999867,0.0013287529,-0.002434308,5.9802571e-06,-0.00074090535,-0.00029657765,-0.0004295546,0.00067062904,0.00011342144,0.0018176836,-0.0011433002,-0.00084192374,-3.7325505e-05,-0.00074343899,-0.00048499101,-7.3982264e-05,-0.00015029535,0.0093416718,0.0012582454,-0.00075053419,0.00021712045,0.00038277065,0.00059962573,6.6252631e-06,-2.7187396e-05,0.0026726497,-0.0016276509,0.0010905188,0.0007571997,-8.5671967e-05,-0.00028932454,-5.5901584e-05,0.00038332553,-0.001433785,-0.0012750794,-0.0019873131,0.00052666399,-0.0026799964,-0.0014787516,0.0011583525,-0.00025839615,2.6407602e-05,-0.0059740274,0.021169163,0.0021355119,-0.00094031498,0.0011124081,-0.00064564113,-0.002445116,-0.00037204022,0.00061003534,-5.2379255e-06,-0.0035265652,0.0012803097,0.0013330594,5.5025251e-05,-0.0001396342,0.00068290945,0.00032180538,-0.0020719513,0.002283845,0.00045637729,0.0034678602,-0.00084939395,0.0039821692,0.0023991039,-0.0035522154,0.0010639387,-0.00012033237,0.0083075131,-0.010325174,0.012837756,-0.0027175749,0.00042757142,-0.00016827591
"126",0.0010060566,-0.0017323409,-0.00058264813,0.0019991611,-0.00026789098,0.00015575642,0.00040077645,7.2175298e-05,0.00050508049,-6.7023452e-05,2.3616584e-05,4.1122973e-05,-8.8752774e-05,-3.4252043e-05,4.5564266e-05,2.8976361e-05,7.2514489e-05,0.00013702583,0.00051319629,-0.00077908904,-0.00064601591,0.0046343165,1.8779942e-05,-0.00021100728,-0.00013978751,2.4386629e-05,-1.2537474e-05,-3.5538372e-05,1.151081e-05,-0.00013258629,0.00028109961,-0.00066164636,-2.645351e-05,-0.00010231535,-4.2010418e-05,-8.8950985e-05,1.4094189e-05,-7.7358041e-05,0.00015148599,-0.00016664483,-7.0572156e-05,-3.4685591e-06,-0.00019460124,4.4633301e-06,2.2098556e-05,-1.9140423e-05,5.203935e-06,0.00030402166,0.00032132423,2.4149713e-05,-3.5822576e-05,7.9899477e-05,-2.0048413e-05,0.00022004365,-0.00033805528,0.00090194077,-1.8235822e-05,0.00017568691,3.9244195e-05,8.3575996e-05,2.1840114e-05,7.5050462e-05,-0.00035015799,0.00021174522,0.00012064048,-7.1409729e-05,0.00023277319,4.1958811e-05,-2.87517e-05,3.7505324e-05,-0.0052592005,-0.00072648255,0.00038894923,-0.00012628005,-0.00020901944,-0.00047403687,3.7697159e-05,5.388949e-06,-0.001397414,0.0007874233,-0.00068565062,-0.00041056689,6.4123939e-05,0.00020054227,7.0452523e-05,-0.00024783605,0.00083438773,0.00062355599,0.0011996015,-0.00014296993,0.0014668001,0.00071718342,-0.00057760201,0.0001592265,-1.532715e-05,0.0072457975,-0.02021843,0.0012058994,0.0017143274,-0.00094321052,0.0010857814,0.0027856217,6.69276e-05,-0.00063084977,-9.8211527e-06,0.0030882552,-0.0010651186,-0.001537638,0.00074028106,0.00022593402,-0.00068843883,-0.00086771133,0.0005730627,-0.0020706284,0.00028254805,-0.003970415,-0.00012855478,-0.0041157152,-0.0020725553,0.0033568618,-0.0015623169,0.00016566132,-0.0019447891,0.0023515738,-0.0027175749,0.0015212819,-0.0005825885,-0.00089703871
"127",0.00012746907,0.00049554418,0.00025212108,-0.0004120157,5.3334588e-05,-8.694836e-06,1.8553612e-05,9.9695419e-05,-0.00036807859,-0.0007303402,2.3137776e-05,-2.7310383e-05,8.9285118e-06,0.00011453251,-6.2481623e-05,-1.1694103e-05,-0.00013128851,-0.00035180973,-0.00014204595,0.00019642346,0.00024337815,0.00037460631,1.7753213e-06,8.004216e-05,4.4969706e-05,-5.5632154e-05,7.7764912e-05,5.0760361e-07,-4.0047611e-06,2.2675671e-05,-0.00010123661,0.00027972384,-5.9031785e-06,4.5582262e-05,5.6724542e-06,-2.6984291e-05,5.8450146e-06,2.5597393e-05,-5.6961928e-05,7.7203493e-05,7.4090572e-06,2.0895712e-05,4.0359176e-05,1.0345531e-05,-1.4132469e-05,3.5206428e-06,-1.7936498e-05,-9.0745922e-05,-0.00010797086,5.1498427e-05,-0.00011709496,-5.6598705e-06,1.1581855e-05,-0.00015862159,6.7114108e-05,-0.00028470446,-9.9282154e-06,-7.9091604e-05,1.5008842e-05,2.7333094e-05,1.2807078e-05,-2.7014764e-05,5.2459839e-05,-4.8385776e-05,-0.00014542697,5.691061e-05,-8.3197261e-05,-1.4415073e-05,4.3332637e-05,-7.2692664e-06,0.0022795018,0.000309204,-0.00015791064,9.5089928e-05,0.00012151931,0.0002500919,-2.3505762e-05,-5.6612308e-08,0.00052404206,-0.00030901577,0.00034606416,0.00019155192,-1.5600176e-05,-9.9679026e-05,-6.9120267e-05,0.00012834431,-0.00036593421,-0.00020780975,-0.00055430137,3.3492057e-05,-0.00064864414,-0.00030395946,0.00026948566,-6.7458519e-05,2.5950053e-06,-0.0067619998,0.0073443553,-0.0090308179,-0.0026672833,-0.00015255231,-0.0020009287,-0.0017019512,0.0017999681,0.00022105546,6.5961704e-05,-0.0015934425,0.0014120911,0.00062574107,-0.001382145,-0.00061294227,0.0002393429,0.0012713554,0.0037142149,0.00014077439,-0.0018735923,0.0020659225,0.00080773129,0.0027252739,0.0012238157,-0.0014813874,0.0016797971,-0.00016296793,0.00041839639,-0.00045111775,0.00042757142,-0.0005825885,0.0011686347,0.0034379271
"128",0.001048212,-1.980797e-05,0.0011274488,-7.597871e-05,-7.2729729e-05,8.1760633e-05,6.4773939e-05,0.0002956624,-0.00084242437,-0.0031712843,0.00013982197,0.00011869012,-8.6020407e-05,0.00035795469,-0.00019645956,-0.00049917722,-0.00055404132,-0.0030038068,0.00024154995,-0.00023268093,0.00049386743,0.0052859608,2.9865442e-05,-2.7790217e-05,-2.4284945e-05,-0.00020212306,8.9265457e-05,-2.6761246e-05,-7.8134693e-06,-3.0891102e-05,-0.00022414323,0.00034114863,2.803711e-05,0.00010339543,-3.9525787e-05,-0.00029909485,4.4976175e-05,5.5846816e-05,-0.00014683036,1.7634286e-06,-0.00015568249,2.4390798e-05,-9.8807054e-05,5.2925322e-05,-1.2930355e-05,-3.4388966e-06,4.4977003e-05,3.2374935e-05,-0.00011480297,0.0002450119,-0.00012167747,3.8672222e-05,2.4224165e-05,-0.00033015825,0.00011973262,-0.0001690913,3.4630882e-05,-0.00013662587,8.8574321e-05,0.00025501039,1.6998746e-06,-0.00012177831,-4.6378137e-05,0.0001474105,-0.00036682122,0.00020795546,1.9251724e-05,-0.0001205135,0.00011229309,1.5744472e-05,0.0037120854,0.00044922346,-0.00022526058,0.00029009724,0.00026952491,0.00059103762,-0.00011617884,2.2723031e-06,0.00057081662,-0.00076888558,0.00065965065,0.00028437753,-2.0030025e-05,-0.0001580031,-0.00021185607,0.0002675645,-0.00066758068,-0.0002818951,-0.0010702024,-0.00016169175,-0.0012375487,-0.00064187116,0.00061032136,-7.5196967e-05,7.8477852e-06,-0.020455407,0.012224583,-0.035547619,-0.0090707008,-0.001603296,-0.0070656019,-0.0041595804,0.0074282876,0.00039093228,0.00025755408,-0.0034559021,0.0049998838,0.00067231708,-0.0048530693,-0.0022649618,0.00037096442,0.0043582885,0.01556474,-0.001206915,-0.0071297467,0.0048307119,0.0030154457,0.0075375888,0.003186542,-0.0029679973,0.0053623862,-0.00052925126,0.00013353101,-2.3114141e-05,-0.00016827591,-0.00089703871,0.0034379271,0.016494792
