 0.95152687E-02    0.36836792E-02    0.16551597E-01    0.44329961E-02    0.34286228E-02
 0.16928561E-01    0.13219710E-02   -0.49329304E-02   -0.20509054E-03    0.46031825E-02
-0.75911912E-03    0.78834164E-03   -0.84934497E-04   -0.45480112E-03    0.61308640E-03
 0.62545137E-04   -0.10416031E-02   -0.12503641E-03    0.42176657E-03   -0.59651121E-04
 0.53980225E-03    0.10058194E-02    0.12217480E-02   -0.37431005E-02    0.19986683E-03
 0.52239446E-04    0.42063230E-04    0.26913947E-02    0.16418895E-02    0.17531739E-02
 0.14205584E-02   -0.15755697E-03    0.30373995E-04    0.13700537E-04    0.29239033E-03
 0.13823504E-02   -0.11271569E-03    0.48989380E-03    0.21380169E-03   -0.42339706E-03
 0.75255829E-04   -0.61424755E-04   -0.10739332E-03    0.77638041E-05    0.61344181E-03
-0.28072664E-04   -0.79498535E-04   -0.35108321E-04    0.92486212E-04    0.26158498E-04
 0.14171484E-04    0.39833407E-04    0.59405663E-05    0.12141054E-04    0.61199638E-03
 0.53202826E-04   -0.19871979E-03   -0.30060640E-04    0.12824885E-03   -0.13233550E-04
 0.67149063E-04    0.48636370E-04    0.41429471E-04   -0.50352211E-04    0.10861776E-03
 0.78382483E-03    0.13771177E-03    0.22336524E-03   -0.47487327E-04    0.39103220E-04
 0.96935432E-05    0.63750082E-04    0.25194265E-03    0.11872585E-03   -0.17977757E-04
 0.28443826E-04    0.64756513E-04    0.14646553E-02    0.19074693E-03    0.37281844E-03
 0.21007796E-03   -0.27181475E-04    0.22271789E-04    0.94455688E-04    0.11487340E-03
 0.18808166E-03   -0.50736617E-04    0.73533142E-04    0.19387522E-03    0.30681197E-03
 0.27172943E-02    0.48447569E-03   -0.20109823E-02    0.12266295E-02    0.93448604E-03
-0.25516897E-03    0.10041442E-03   -0.37911115E-03   -0.39397721E-04   -0.13546533E-04
 0.23450115E-04    0.61006050E-04   -0.91693267E-04   -0.21947564E-03    0.13272637E-01
-0.23685511E-02    0.14538803E-02   -0.40159821E-02   -0.10781092E-02    0.25033971E-03
-0.16438712E-03    0.85320945E-03   -0.49316150E-03   -0.29317774E-04   -0.61879836E-04
-0.78043287E-05   -0.70304266E-04    0.31011152E-04   -0.10879181E-01    0.20068085E-01
 0.31599708E-03    0.51892786E-03    0.40512537E-03   -0.50608028E-03    0.12724411E-03
-0.71232855E-04   -0.98976247E-04    0.13579041E-04    0.31775419E-03    0.40675787E-04
 0.46228821E-05    0.10118604E-03   -0.34501092E-04    0.33951949E-02   -0.45504624E-02
 0.10490773E-01    0.10800952E-02   -0.51381047E-02   -0.41599565E-02    0.47992330E-02
-0.63439551E-03    0.46899940E-03    0.20666539E-02    0.49252099E-04   -0.18948787E-02
 0.10506181E-03    0.59513463E-03    0.19062333E-03    0.50137787E-03   -0.64069405E-02
 0.11610540E-01   -0.16654005E-01    0.58086247E-01    0.89290134E-04    0.13802080E-03
 0.39435407E-03    0.53291858E-04   -0.48816165E-05   -0.10127601E-05   -0.82717286E-04
 0.37960382E-04   -0.78617770E-05    0.10710687E-04    0.30205052E-04    0.26459812E-04
 0.29516647E-04   -0.95106305E-04    0.10750509E-03   -0.70469626E-04    0.21365853E-03
 0.96005774E-03    0.35169116E-03    0.14783197E-02   -0.78453561E-03   -0.55715675E-03
 0.49538690E-04   -0.38733469E-04    0.38612380E-03    0.96798913E-04    0.33722472E-04
-0.29328083E-04   -0.42927616E-04    0.56935055E-04    0.14224568E-04   -0.82186430E-03
 0.86295879E-03   -0.81752341E-04    0.23337510E-03   -0.23223824E-03    0.22986775E-02
-0.66804817E-03    0.89348229E-04    0.25058964E-04   -0.44665182E-03    0.15355400E-04
 0.38694735E-04   -0.11777862E-03   -0.32412315E-04   -0.33700147E-04   -0.21421017E-04
-0.63080829E-05    0.91102149E-05    0.51427122E-04   -0.20905002E-02    0.19329226E-02
-0.65636034E-03    0.10969631E-02    0.15506761E-03   -0.13817909E-03    0.21876522E-02
-0.10585331E-02   -0.14353661E-02   -0.44436833E-03    0.30661830E-03   -0.57069081E-05
 0.71900201E-04   -0.14380559E-03   -0.22389697E-03   -0.17157463E-05    0.28394332E-04
 0.48050307E-04    0.78878393E-05    0.39045701E-04   -0.51483221E-03    0.53702563E-03
-0.73667472E-04    0.21375710E-03   -0.40194233E-04   -0.15326326E-03    0.20850095E-03
 0.20146508E-02    0.42797163E-03    0.28928558E-04   -0.76322082E-03   -0.76217527E-04
-0.15812496E-03   -0.14541139E-04    0.30560700E-03   -0.68523059E-05   -0.35939862E-04
-0.12332001E-04   -0.34019023E-04    0.67068679E-04   -0.25270402E-04   -0.21474693E-03
 0.35901727E-03    0.20667043E-04    0.44341908E-03   -0.17846288E-03    0.10634261E-03
 0.84909276E-04    0.89644505E-03    0.27306236E-02   -0.80328225E-04    0.18943972E-03
-0.34494381E-03   -0.66794531E-04    0.21560765E-04   -0.12972374E-04    0.80449417E-04
-0.32307081E-04    0.16166850E-05    0.36049650E-05   -0.14707271E-04    0.92082007E-05
 0.16752266E-04   -0.13027643E-02    0.11238144E-02   -0.38246360E-03    0.67650956E-03
-0.71318605E-05    0.98807786E-04    0.51649756E-04   -0.75495624E-04   -0.57832110E-04
 0.47466206E-03    0.13231581E-04   -0.23436074E-04   -0.10006766E-04    0.15921847E-04
-0.58082018E-05    0.28765220E-05    0.25881065E-05    0.72791816E-05   -0.11185921E-05
 0.20217855E-06    0.72053101E-07    0.44608487E-05   -0.15300603E-05    0.73128538E-04
-0.75733435E-04    0.25984176E-04   -0.30727629E-04    0.74925994E-05   -0.11983869E-04
 0.40300604E-05    0.32853619E-05   -0.38285168E-05   -0.69113845E-04    0.27079113E-04
-0.23001012E-03    0.87521584E-03   -0.17151621E-04   -0.57169066E-03    0.11214302E-03
-0.98372636E-04    0.15272160E-04    0.37551324E-04    0.30722310E-04   -0.10881347E-04
-0.75172618E-04   -0.29980584E-04   -0.73262161E-04   -0.17086396E-02    0.14951549E-02
-0.46061532E-03    0.69897631E-03    0.73344572E-04    0.86701153E-04    0.40141028E-03
-0.11540915E-03   -0.80693931E-04    0.24822520E-03    0.51611808E-05    0.30064858E-02
 0.15765703E-03   -0.18957900E-02   -0.16074094E-04    0.80728363E-03   -0.16548316E-03
 0.11893816E-03   -0.14822440E-03   -0.72690904E-04   -0.99204239E-04    0.19524148E-04
-0.38850278E-04   -0.26099249E-04   -0.67110014E-04   -0.11544325E-02    0.65041795E-03
-0.45647544E-03    0.13723437E-02    0.31747303E-04   -0.11660785E-03   -0.15695093E-03
 0.35006643E-03   -0.20129780E-05    0.17795085E-03    0.76162269E-05    0.52719678E-03
 0.47387789E-02    0.16231368E-02    0.54055257E-02   -0.11690640E-03   -0.15064408E-02
 0.24494204E-03   -0.13969066E-03    0.87258656E-03    0.53813716E-03    0.71452209E-04
 0.16049079E-04   -0.64359953E-05    0.10616470E-03    0.13692396E-03   -0.11980515E-02
 0.18318147E-02    0.41484278E-03   -0.10088947E-02    0.31832815E-03    0.81823472E-03
 0.27124591E-03   -0.55298340E-03   -0.69099245E-03    0.98231163E-04    0.83084861E-05
 0.62068242E-03   -0.16102144E-03    0.29494192E-01    0.36936795E-03    0.23785192E-04
 0.10617711E-02    0.28517414E-03   -0.26786305E-04    0.49001463E-04   -0.20667420E-03
 0.91970733E-04   -0.41420668E-05   -0.57093673E-05   -0.75663997E-05   -0.15192575E-04
 0.45545840E-04    0.43674657E-04    0.63143052E-04   -0.52921541E-04    0.11107448E-03
-0.12043495E-03    0.13241169E-03   -0.23028293E-03    0.13282375E-03    0.20017092E-03
-0.13214025E-03   -0.48648680E-04   -0.35572464E-03    0.15710710E-03    0.21051563E-03
 0.34715655E-02    0.24389410E-05    0.32855440E-03    0.25843518E-03   -0.19297619E-03
 0.27329359E-04   -0.27170900E-04   -0.97740181E-05   -0.95776757E-06    0.10615561E-04
-0.93987865E-05   -0.31664481E-06   -0.60128345E-05    0.10174710E-04   -0.66704064E-03
 0.55772952E-03   -0.13672187E-03    0.25738094E-03   -0.44091721E-06    0.12207095E-04
 0.13100865E-03   -0.46236497E-04   -0.66514794E-04    0.14376150E-04   -0.45042893E-05
 0.10118050E-03   -0.20878031E-04    0.25518380E-03   -0.26724097E-04    0.29885997E-03
-0.17152799E-03    0.13463614E-03   -0.30484740E-03   -0.12647652E-03    0.47478086E-04
-0.12555723E-04    0.41033410E-04   -0.24943633E-04    0.80975900E-05   -0.46071288E-06
-0.34545186E-05    0.16318121E-04    0.26670818E-04   -0.49827770E-03    0.28264285E-03
 0.21767691E-04   -0.23243175E-03   -0.18671802E-03   -0.93733111E-04   -0.10629640E-03
 0.24369237E-04    0.69408353E-04    0.37810810E-04   -0.21427063E-05   -0.65624607E-04
-0.12395685E-03   -0.21365814E-03   -0.11071132E-03   -0.55342526E-04    0.43798492E-03
 0.68407901E-04    0.11691606E-02   -0.78135590E-03   -0.36152086E-03    0.89867520E-04
-0.40370931E-04    0.26645435E-03    0.10911103E-03    0.83753765E-04   -0.91351769E-05
 0.59302901E-05    0.13692093E-04   -0.70952884E-04   -0.85768601E-03    0.61276931E-03
-0.76282330E-04   -0.19620174E-03   -0.12455151E-03    0.21195757E-03   -0.91519627E-04
-0.28140348E-03   -0.42714344E-03    0.86116766E-04   -0.20735598E-04   -0.16182683E-03
 0.11500654E-03    0.36739628E-03    0.95080479E-05   -0.18983227E-04    0.13171387E-03
 0.20234124E-02    0.14451032E-03   -0.74451947E-04   -0.39826518E-03    0.98422149E-04
 0.11423151E-04    0.71523540E-05    0.10979953E-03    0.32600342E-04   -0.11739208E-04
 0.98048711E-05    0.54291892E-04    0.37614058E-04   -0.22955143E-05   -0.13531874E-02
 0.10722687E-02   -0.32456338E-03    0.61056773E-03    0.12038505E-03    0.50841781E-04
 0.97572558E-04    0.70178172E-04    0.74865506E-04    0.23000568E-04   -0.39571894E-05
-0.60352248E-05    0.48962850E-04    0.40844314E-03    0.16860778E-04    0.25889351E-04
 0.28508409E-05   -0.25289611E-04    0.21128201E-02   -0.28710307E-03   -0.93243921E-04
-0.77632066E-03   -0.28443941E-03    0.28704135E-04   -0.17495603E-05    0.13303580E-03
-0.76623028E-04    0.17286431E-04   -0.40816095E-04   -0.14429663E-04   -0.24720067E-04
-0.19167015E-04   -0.12280298E-02    0.98201472E-03   -0.30780916E-03    0.25327997E-03
-0.72188797E-04   -0.20646601E-04    0.16938809E-03    0.45906156E-04    0.16594227E-03
 0.15344847E-04   -0.78233283E-05    0.13717714E-03   -0.67844199E-04    0.12704757E-03
-0.58290918E-04    0.19960658E-04   -0.69857919E-05   -0.57277879E-04    0.11933621E-02
 0.19452653E-02    0.43580371E-03   -0.91468372E-03    0.10880716E-03    0.56313346E-03
-0.11819162E-03    0.29907845E-04   -0.53132479E-04    0.22272869E-04   -0.61343800E-04
 0.11034870E-05    0.10536589E-04   -0.79627613E-04   -0.81092077E-05   -0.22088291E-02
 0.20746152E-02   -0.88242875E-03    0.22747330E-02   -0.19198224E-03   -0.37958764E-04
 0.23466002E-04   -0.59360291E-05   -0.74621332E-04    0.94119192E-04   -0.12080196E-04
-0.10633646E-03    0.80907819E-04   -0.42755153E-03    0.62686417E-03   -0.57235305E-04
-0.29050709E-04    0.30936561E-03   -0.79039496E-04   -0.14562457E-03    0.26559791E-02
 0.13935443E-04    0.11678317E-02    0.45463861E-03   -0.51194148E-03    0.52424613E-04
-0.85185260E-04   -0.23038892E-04    0.59918725E-04    0.84766521E-05   -0.43220916E-04
-0.62828756E-04    0.32417171E-05    0.57051875E-05   -0.90601496E-03    0.80293905E-03
-0.20618351E-03    0.12051905E-03    0.90113646E-04   -0.29640783E-04    0.13132754E-03
-0.13586850E-03    0.17524218E-03   -0.44420189E-05   -0.44212306E-05    0.15137314E-03
 0.59512027E-04    0.74866473E-03    0.34179385E-04    0.49651603E-04    0.64976683E-04
 0.13903767E-03    0.11265754E-03    0.13336292E-03   -0.57235792E-04    0.20687999E-02
-0.36487933E-03   -0.27126838E-03    0.52214967E-03    0.73211494E-04    0.13749493E-04
-0.39445814E-04   -0.29068723E-03   -0.11680804E-03    0.32948654E-04    0.90076067E-05
-0.45923363E-04   -0.40333163E-05   -0.10781056E-03   -0.43100650E-03    0.24379513E-03
-0.91321842E-04    0.58580071E-04    0.25493549E-04   -0.10776428E-03    0.47561944E-04
-0.27766545E-06   -0.14461071E-03   -0.35680050E-04   -0.13977135E-04   -0.30022949E-04
 0.11836075E-03    0.97687940E-04    0.82362916E-04    0.95019904E-05    0.64674534E-04
 0.29594787E-05    0.44539181E-04    0.87114431E-04   -0.32937398E-04    0.64250724E-03
 0.20253796E-02    0.17455062E-03   -0.12166508E-03   -0.67878546E-05    0.21047429E-03
-0.39350139E-04    0.18846949E-04    0.16822289E-04   -0.21563848E-04    0.42229626E-05
 0.20148550E-04    0.42624884E-05    0.11200815E-03    0.16333752E-04   -0.42255940E-03
 0.26638559E-04    0.13444715E-04    0.82663268E-05   -0.17981147E-04    0.19356649E-03
-0.45404224E-03    0.14658676E-03   -0.70270673E-04    0.11773940E-03    0.59276702E-05
-0.47947263E-04    0.13786962E-03   -0.23804302E-03   -0.81501018E-04   -0.94375535E-04
 0.37761329E-04   -0.71491487E-04    0.29285394E-04   -0.11183564E-03    0.53167977E-05
-0.49822729E-03    0.14622810E-03    0.35960342E-02    0.26917040E-03    0.13269927E-02
-0.27022777E-03   -0.43275811E-03    0.87974165E-04   -0.69920947E-04    0.21032894E-03
 0.13537181E-03    0.66639768E-04   -0.30535919E-04   -0.50421905E-04    0.46170163E-04
 0.14219915E-03   -0.71183583E-03    0.52751526E-03   -0.19859730E-03    0.14419282E-03
 0.25074817E-04    0.17549419E-03   -0.67577563E-04   -0.14069640E-04   -0.22737365E-04
 0.55046871E-04    0.51058439E-06   -0.24074354E-04   -0.26015015E-03   -0.10373611E-03
-0.85020556E-04   -0.95547572E-05    0.56824315E-04   -0.15173638E-03   -0.15528745E-04
 0.26735824E-04    0.97871413E-04   -0.65016228E-04   -0.76459961E-04    0.58604034E-03
 0.19432679E-02   -0.70358582E-03   -0.11464534E-02    0.90217626E-03    0.84358797E-04
 0.64071995E-04    0.49754275E-04   -0.46864480E-03   -0.94396626E-04   -0.57394884E-04
-0.32995444E-05    0.11956642E-04   -0.25224384E-04    0.93292287E-04   -0.25607611E-02
 0.17603698E-02   -0.63332134E-03    0.12651334E-02   -0.18539152E-03    0.13631922E-03
 0.90048197E-03    0.13748109E-03   -0.29156192E-03   -0.22331423E-04   -0.76112814E-05
 0.17456609E-03    0.14727947E-03   -0.85405458E-03    0.12013479E-03    0.50615794E-04
 0.48440966E-03   -0.38806944E-03   -0.12333071E-03   -0.60193977E-04    0.14632256E-03
-0.96681091E-04    0.12493410E-04   -0.27087909E-04   -0.56531989E-04    0.32340926E-02
-0.12476876E-03   -0.12070042E-03    0.10830725E-03    0.22406928E-04    0.14497026E-04
 0.46912146E-05   -0.41577289E-04   -0.44471424E-05   -0.18730023E-05   -0.14470167E-04
-0.82341911E-06   -0.21502430E-04    0.87344248E-05   -0.75495336E-04    0.89955263E-05
 0.11646195E-04   -0.11326745E-04    0.29322536E-04   -0.24239603E-05    0.29932984E-04
 0.38967266E-04   -0.45776152E-04    0.29871492E-05   -0.56072130E-05   -0.28035937E-04
 0.51753982E-04   -0.19768676E-03   -0.13539369E-03   -0.28540855E-05    0.10665905E-04
-0.45506163E-05   -0.85614612E-04    0.15293471E-04    0.10836830E-04    0.14833877E-04
 0.46257965E-04   -0.12610751E-04   -0.75260693E-04    0.49518731E-04    0.31468115E-03
-0.29126930E-04    0.15671878E-03   -0.38015459E-05   -0.48625081E-04    0.13575189E-04
-0.12420426E-04    0.94155178E-05    0.45737699E-05    0.26490557E-05    0.44346959E-05
-0.36471029E-05    0.18462057E-05    0.71509745E-05   -0.19430534E-04    0.24740171E-04
 0.42857312E-06   -0.59707368E-04    0.14312914E-04    0.94537449E-05   -0.76701707E-05
-0.25595750E-05   -0.51879895E-06   -0.60135093E-07    0.10188436E-05    0.27212082E-05
-0.24240847E-04    0.26799755E-04    0.64433469E-05   -0.11431526E-05   -0.15652817E-04
-0.61400152E-04    0.93819298E-05    0.20108690E-05   -0.41901771E-04   -0.49040266E-07
-0.74922258E-05   -0.13222153E-04    0.11280035E-04   -0.43775293E-05   -0.92666427E-07
 0.22976950E-04   -0.36403517E-03   -0.52105510E-03   -0.76976832E-03    0.91839581E-04
 0.18754005E-05    0.43131129E-04    0.13659385E-03   -0.14948576E-03    0.12653703E-04
 0.44950104E-05   -0.23829797E-04   -0.18371269E-04    0.51878772E-04    0.17848453E-03
-0.29680735E-04    0.56033671E-04    0.66729994E-04   -0.87954568E-03    0.23384529E-03
-0.17582292E-03    0.58650031E-04    0.14503509E-03   -0.48818007E-05   -0.59625880E-05
-0.47671464E-04   -0.99674025E-04   -0.36302582E-03    0.99296578E-04   -0.24040347E-07
 0.15974612E-03    0.98527318E-04   -0.65297315E-04    0.92489468E-04    0.15941142E-03
-0.14235107E-03   -0.18543994E-04    0.99500771E-04   -0.19752376E-04    0.16061077E-03
-0.45111046E-04   -0.15040516E-04    0.16765807E-02   -0.35489267E-03   -0.22952263E-02
 0.15841963E-02    0.81898495E-03   -0.76788880E-04    0.10697387E-03   -0.67425603E-03
-0.42120422E-04   -0.57151783E-04    0.18805685E-04    0.74079589E-04   -0.29925553E-04
 0.17206734E-04    0.10920210E-02   -0.17480556E-02    0.80714935E-04   -0.13202969E-03
 0.25776059E-03   -0.20683109E-02    0.12124368E-03    0.16542429E-03   -0.15173938E-03
-0.13556323E-03    0.12859839E-04   -0.18954088E-03    0.34988661E-03   -0.11675905E-02
-0.12151211E-03   -0.21339587E-04    0.19887538E-04   -0.32993801E-03   -0.10584107E-03
-0.76344915E-04    0.47383749E-04    0.56277718E-06    0.15174463E-03   -0.14758697E-03
-0.31402399E-03   -0.38866414E-05    0.29140963E-04   -0.16473884E-04   -0.43487165E-03
 0.35848149E-02    0.10542402E-02   -0.54362713E-03   -0.20921104E-03    0.75993997E-03
-0.13703032E-03    0.29307784E-04    0.20086283E-03    0.60937059E-04   -0.13875400E-04
 0.23155744E-04    0.62825425E-04    0.38108993E-04    0.12141295E-03    0.19485237E-02
-0.31229669E-02    0.84912536E-03   -0.15047911E-02   -0.19608005E-03    0.15354118E-03
-0.20473021E-02   -0.96766149E-04   -0.23430639E-04   -0.41188566E-04   -0.32841334E-05
-0.54575365E-03    0.30592234E-03   -0.59266011E-03    0.21671203E-03   -0.14789511E-03
 0.85469655E-04    0.14464238E-03   -0.72533763E-04   -0.14593653E-03    0.45605917E-04
-0.27909797E-03    0.23003683E-05    0.55771864E-03    0.15078200E-03   -0.94405132E-03
-0.42061257E-04   -0.73766023E-06    0.31760004E-03   -0.16526410E-03    0.35368897E-02
 0.93528514E-03    0.13188775E-02    0.21460904E-03   -0.28426423E-03   -0.46457168E-04
-0.44908726E-04    0.17558271E-03    0.26213989E-03   -0.95916295E-05   -0.32779158E-04
-0.63138156E-04    0.61485157E-04   -0.60911625E-04    0.38993650E-03   -0.85135780E-03
 0.10454222E-03   -0.34682477E-03    0.17996530E-04    0.13154226E-03   -0.10051705E-03
-0.17239955E-02   -0.71117280E-03    0.79709927E-04   -0.30221668E-05    0.10990316E-03
-0.23981180E-03    0.54874313E-03   -0.15967179E-03    0.49373063E-04   -0.41943177E-04
 0.26436469E-03   -0.72133038E-04   -0.40967484E-04   -0.65538476E-04    0.24240893E-04
-0.19198938E-04   -0.10928040E-03    0.52014656E-04   -0.13848632E-03   -0.46957950E-04
 0.26469931E-05   -0.87147148E-04   -0.17282354E-03    0.79793786E-04    0.29661032E-02
-0.80785721E-03   -0.16788062E-03    0.16393436E-02    0.11613914E-03    0.19128883E-03
 0.28024723E-04   -0.58095973E-03   -0.80615306E-05    0.63043132E-04    0.67829881E-04
 0.13805089E-04   -0.23154319E-04    0.32561769E-04    0.40959052E-03   -0.98985670E-03
 0.31907644E-04   -0.93285917E-03    0.19472770E-03   -0.17721481E-03   -0.32430983E-04
-0.68374347E-03   -0.23695195E-02    0.53231892E-04   -0.51322703E-05    0.51875145E-04
 0.97800683E-05    0.31372694E-03   -0.90102853E-04    0.89451496E-04   -0.14381314E-03
 0.23584302E-03   -0.12159808E-03   -0.22577564E-03    0.15900352E-05   -0.25209490E-03
 0.11847614E-03    0.31114436E-04   -0.51887135E-04    0.24907384E-03    0.56123426E-04
 0.82580162E-05   -0.27398848E-03    0.32921747E-03    0.78935045E-05    0.12286636E-02
 0.42808330E-02    0.32825888E-03   -0.25105227E-03    0.82445292E-03    0.14019001E-03
-0.17315576E-04    0.46280280E-04   -0.17419134E-03    0.11847305E-03   -0.40885805E-05
 0.67373841E-06    0.12313510E-04    0.12432642E-04   -0.22412720E-05    0.11183284E-02
-0.21331252E-02    0.51886395E-03   -0.12137069E-02    0.15966538E-04   -0.13074378E-03
-0.46273199E-04    0.56725666E-04    0.58761388E-04   -0.42663029E-03    0.60159466E-04
-0.23963858E-03   -0.14606065E-03   -0.19612722E-03    0.14253025E-03   -0.18309773E-04
-0.26264241E-04   -0.76962738E-04   -0.10448701E-04   -0.16699495E-04   -0.59229756E-04
 0.24008829E-04    0.40813659E-04   -0.83824218E-04   -0.83180993E-04    0.10081613E-03
 0.19706094E-04   -0.34278926E-05   -0.20878239E-04    0.24368673E-03    0.56092152E-04
-0.13719118E-03   -0.29151003E-04    0.82975030E-03   -0.63574078E-05    0.66491084E-04
 0.20602460E-04   -0.23204810E-04    0.51751920E-05   -0.50462086E-05    0.18218248E-05
-0.28766522E-05    0.15725999E-05   -0.37549229E-06    0.24620572E-06   -0.32395618E-05
 0.17128568E-04   -0.82656950E-04    0.13297333E-03   -0.40594285E-04    0.69861459E-04
-0.56895635E-05    0.17553301E-04   -0.36659912E-05   -0.52788230E-05   -0.41542850E-05
 0.60630282E-04   -0.23161128E-04    0.79579786E-05    0.50874862E-05   -0.69128338E-05
 0.41375083E-04    0.99359591E-05    0.18138300E-05    0.11681957E-04    0.64231124E-06
 0.12176327E-04    0.77682634E-05    0.16247508E-06    0.82242683E-05    0.89348094E-05
 0.65098417E-05    0.48333562E-05    0.18114323E-06   -0.12893732E-06    0.70917286E-05
-0.29432523E-04    0.21092694E-04    0.15479969E-05   -0.12241455E-04   -0.11761377E-03
 0.45413222E-04    0.19283632E-04   -0.19660294E-02   -0.50298933E-03    0.76668406E-03
-0.16120073E-03    0.13284475E-03   -0.42115254E-04   -0.21845652E-03    0.24282637E-04
 0.59096440E-04    0.41844776E-04    0.13381238E-04   -0.11257950E-03    0.15451172E-02
-0.27582327E-02    0.75928823E-03   -0.18760421E-02   -0.33214272E-04   -0.19422643E-03
-0.51049693E-03    0.19328180E-03    0.54473264E-04   -0.23166571E-03    0.60957118E-05
-0.27270920E-02   -0.26412455E-03   -0.80717613E-03    0.19469136E-03   -0.10441478E-03
 0.89590561E-04    0.12107952E-03    0.63837011E-04   -0.89653178E-04    0.10728889E-03
-0.31421201E-03    0.10528033E-03    0.18586046E-03   -0.17616565E-04   -0.15126521E-03
 0.55007955E-04   -0.86136359E-05    0.26288667E-04    0.44581762E-03    0.76899735E-03
-0.13557614E-03   -0.83551234E-04    0.46601265E-03   -0.28625997E-04    0.47390364E-02
-0.35861034E-04    0.29978921E-02   -0.20031338E-03   -0.10996067E-02    0.20615642E-03
-0.17264533E-03    0.33526626E-03    0.30358139E-04    0.16621861E-03   -0.19964804E-04
-0.52629885E-05    0.12298250E-03   -0.57808124E-05    0.52746688E-03   -0.12623018E-02
 0.46082826E-03   -0.18643139E-02   -0.10623849E-03    0.32165675E-03    0.22173966E-03
-0.32482373E-03    0.27662346E-04   -0.13396309E-03    0.49547607E-05   -0.32966605E-03
-0.39955979E-02    0.58720842E-03   -0.22452988E-03    0.65279612E-04    0.10358205E-03
-0.45716361E-04   -0.13303713E-04    0.13436920E-03   -0.15495157E-03    0.11265125E-03
-0.13181631E-03   -0.55005550E-04    0.33227368E-03   -0.20462747E-03    0.60673450E-05
 0.36937736E-04    0.10437998E-03   -0.68120058E-03   -0.43671942E-03    0.46369202E-03
 0.14493067E-03    0.20512123E-03   -0.84682987E-05    0.55097228E-03    0.74062976E-02
-0.33820840E-02   -0.95180414E-02    0.96464019E-03    0.24700264E-02   -0.14623119E-03
 0.46150132E-03   -0.18348215E-02   -0.10232316E-02   -0.22109337E-03    0.75935847E-04
 0.17487205E-03   -0.27462811E-03   -0.37005762E-03    0.31662063E-02   -0.27451213E-02
-0.52088794E-03    0.17199581E-02   -0.31199303E-03   -0.13169854E-02   -0.73268350E-03
 0.89437530E-03    0.12756057E-03   -0.23466215E-03   -0.49732569E-04   -0.78389091E-03
 0.54419266E-03   -0.24206240E-01   -0.92270801E-03   -0.38225970E-03    0.23069660E-03
-0.69609582E-03   -0.49275208E-03   -0.25065702E-03    0.28370786E-03   -0.13555997E-02
 0.88260537E-04    0.37133810E-03   -0.96064369E-04    0.11058365E-02    0.30343700E-03
-0.49560358E-04    0.92104589E-03    0.22773791E-02    0.12129977E-02   -0.98171388E-03
-0.70666063E-03    0.38769801E-03    0.17847020E-04    0.12147559E-02   -0.10352455E-02
 0.96956213E-01   -0.10606979E-02   -0.16657090E-04   -0.22244617E-02   -0.43284591E-03
-0.92725940E-04   -0.60475894E-04    0.54349637E-03   -0.20403992E-03   -0.27201056E-04
-0.40321128E-04    0.14812145E-04    0.17297921E-05   -0.21585402E-03    0.33536754E-03
 0.16086731E-03   -0.43662879E-03    0.51507853E-03    0.12168814E-03   -0.14213193E-03
 0.18588192E-03   -0.93808056E-04   -0.59405364E-04    0.12365512E-03    0.37661473E-04
 0.18801578E-03   -0.26611584E-03   -0.62879744E-03   -0.30249315E-02    0.12723466E-04
 0.10031341E-03    0.25583760E-04   -0.49144902E-04    0.23057362E-04   -0.73613948E-03
-0.25399028E-04   -0.52138151E-04   -0.22257584E-04    0.47667177E-04   -0.33315336E-03
 0.16222036E-03   -0.58558638E-05   -0.20832345E-03    0.26748132E-03   -0.31352206E-03
 0.36073114E-03    0.22540280E-03   -0.34009484E-03   -0.59875276E-04   -0.27462320E-03
 0.26811639E-03    0.17964387E-02    0.66436119E-02   -0.46489566E-04   -0.60192060E-03
-0.53528711E-03    0.29454298E-03   -0.39965744E-04    0.23474805E-04    0.16373541E-04
-0.44607576E-04   -0.98233173E-05    0.99050914E-05   -0.11717675E-04   -0.65867265E-06
-0.12862690E-04    0.58074819E-03   -0.96207710E-03    0.23587893E-03   -0.39718828E-03
-0.14618947E-04   -0.16606013E-04   -0.13780679E-03    0.86901199E-04    0.10175460E-03
-0.18583725E-04    0.87504590E-05   -0.89159655E-04    0.91230278E-04   -0.41330964E-03
 0.20866606E-04   -0.27052304E-03    0.44167254E-04    0.36848611E-06    0.27216054E-05
-0.17913934E-04    0.62681002E-04   -0.72521368E-04    0.19453825E-04    0.12568412E-03
 0.17494045E-04   -0.66408720E-04    0.41824435E-05   -0.95818041E-06    0.13105402E-04
 0.25570052E-04    0.21831017E-03   -0.72220301E-04   -0.12291754E-03    0.16051704E-04
-0.14031184E-04    0.13752268E-03   -0.76768194E-04    0.49478696E-03   -0.74498995E-04
 0.50726364E-03    0.42601839E-03   -0.28210383E-04    0.65985442E-03    0.12509897E-03
-0.44494706E-04    0.20255621E-04   -0.82165935E-04    0.99005835E-04   -0.10099967E-04
-0.38528918E-06   -0.83669499E-05   -0.23776081E-05   -0.28403648E-04    0.21432605E-03
-0.57303976E-03    0.55217615E-04   -0.64354496E-04    0.15612828E-03    0.57250125E-04
 0.10285492E-03   -0.64019696E-04   -0.12726140E-03   -0.20981891E-04    0.18505448E-05
 0.99500835E-04    0.84576476E-04    0.27838087E-03    0.11501493E-03    0.50125119E-04
-0.31342774E-03   -0.12825193E-03    0.89655297E-05    0.16250269E-04    0.46986145E-04
-0.14174730E-04   -0.60363134E-04   -0.51238094E-04   -0.28996818E-04   -0.25826608E-03
-0.25705648E-05    0.13654076E-04   -0.27171523E-03   -0.74297437E-04   -0.15760525E-03
 0.94835758E-04    0.21635411E-03    0.43608865E-04    0.46492358E-06   -0.14117768E-03
-0.27461686E-04   -0.66985491E-03   -0.31886728E-03   -0.80632815E-04    0.52707075E-03
 0.62810673E-04   -0.14736672E-02    0.14000534E-02    0.45540180E-03   -0.32177274E-04
 0.59617952E-04   -0.44203211E-03   -0.78313709E-04   -0.59889764E-04   -0.11574395E-04
-0.15609512E-04    0.39156696E-05   -0.60471911E-05    0.58187299E-03   -0.13368442E-02
 0.72481004E-04    0.12129893E-03    0.12252041E-03   -0.30735422E-03    0.17136021E-03
 0.27374084E-03    0.25877090E-03   -0.67618088E-04    0.10750093E-04    0.14234935E-03
-0.97313577E-04   -0.51261758E-03   -0.40105172E-05    0.76756141E-05   -0.12107125E-03
-0.17925102E-02    0.46351651E-04    0.69632816E-04   -0.19255795E-03   -0.32717057E-04
 0.82089393E-04    0.54607147E-04    0.10776526E-03    0.53735536E-03    0.15038767E-04
 0.47394727E-04   -0.20173835E-03    0.43371707E-03   -0.27852522E-03   -0.41021891E-03
-0.24155097E-03    0.14424063E-03   -0.13644696E-04   -0.12719136E-03    0.25101133E-03
 0.80827267E-03   -0.13994314E-03   -0.73564086E-05    0.26776214E-03    0.30746918E-02
-0.57773132E-03   -0.16313600E-03    0.80633697E-03   -0.81764707E-04    0.28639936E-04
 0.34509161E-05   -0.25778240E-03   -0.13468255E-03   -0.31795577E-04    0.72080078E-05
-0.24461209E-04   -0.97454467E-05    0.36503443E-04    0.11114589E-02   -0.18614255E-02
 0.34578277E-03   -0.78342766E-03   -0.62815956E-04   -0.12279139E-03   -0.48437032E-04
-0.12146915E-04   -0.14552496E-03   -0.27363107E-04    0.41968468E-05    0.16105172E-04
-0.75985327E-04   -0.45631831E-03   -0.20972625E-04    0.30774988E-06    0.16646830E-04
-0.23127022E-04   -0.18305752E-02   -0.10113907E-02    0.16547731E-04   -0.16617830E-03
 0.16090447E-04   -0.88886259E-05    0.19840047E-04    0.20273449E-03    0.89166812E-04
-0.14371787E-05    0.11288439E-03    0.31453452E-03    0.10536488E-04    0.84362851E-04
 0.16589814E-03    0.29074624E-04   -0.13527500E-04   -0.29930971E-04   -0.21790834E-06
 0.72455318E-03    0.47252349E-04   -0.52864842E-04    0.16504934E-04   -0.20513291E-04
 0.34925836E-02    0.10050718E-02    0.10025556E-02    0.17756356E-02    0.14367245E-03
-0.54253301E-04   -0.70771584E-04   -0.30642066E-03    0.19504726E-03    0.16506964E-05
 0.37458734E-04   -0.19137150E-04   -0.49168756E-04   -0.18875803E-04    0.87603331E-03
-0.16841610E-02    0.28314021E-03   -0.76252366E-03    0.94885024E-04   -0.19756626E-04
-0.17569847E-03   -0.14459272E-03   -0.22548888E-03   -0.11545321E-04    0.10703137E-04
-0.88653180E-04    0.88656683E-05    0.10702664E-03    0.52520992E-04   -0.71426684E-05
 0.35083824E-04    0.10649097E-03   -0.10264806E-02   -0.17188179E-02    0.11717702E-03
-0.51312879E-04    0.20187901E-04    0.16023096E-03    0.85249124E-04    0.78215063E-04
-0.34716905E-04    0.65871421E-05   -0.20302522E-03    0.22305048E-04    0.11702293E-03
 0.98603413E-04    0.16618670E-03    0.12506337E-04   -0.12614972E-04    0.38110725E-04
 0.21639999E-04   -0.29215112E-03   -0.75227006E-04   -0.72304862E-04    0.28197248E-04
-0.71210465E-04    0.18616090E-02    0.31982095E-02   -0.11694099E-02    0.14287503E-02
-0.35472089E-03   -0.11019649E-02    0.23521690E-03   -0.11358639E-03   -0.86995083E-04
-0.11646922E-03    0.88903176E-04   -0.27524177E-04   -0.37649913E-04    0.86413991E-04
-0.49884276E-04    0.20289537E-02   -0.37992750E-02    0.10391357E-02   -0.37743332E-02
 0.15258167E-03    0.39275887E-04    0.58587862E-04   -0.37484049E-04   -0.57055347E-05
-0.60369399E-04    0.83805843E-05    0.11087388E-03   -0.19571297E-03    0.30793420E-03
-0.69331660E-03    0.60115624E-04    0.56434121E-04   -0.16853119E-03    0.24973628E-04
 0.14818365E-03   -0.25789013E-02    0.12138021E-03   -0.48520255E-05   -0.12889689E-03
-0.10322904E-03   -0.14536353E-03   -0.34598038E-05    0.49339781E-04   -0.33517415E-03
-0.11987190E-03   -0.12206252E-03    0.52323168E-04    0.17436739E-03    0.89344759E-04
-0.18405496E-04   -0.10487356E-03    0.19409350E-03   -0.52610055E-03    0.13992265E-02
-0.97731074E-04   -0.63561659E-04    0.43138475E-03    0.97928307E-05   -0.21326505E-03
 0.48393552E-02    0.84436054E-03   -0.95767338E-03   -0.11867267E-03    0.52705299E-03
-0.12866751E-03    0.78790700E-04   -0.18185230E-04    0.12041739E-03    0.37060249E-05
 0.40116612E-04    0.43416315E-04    0.47429518E-05    0.31691092E-04    0.83657911E-03
-0.14212691E-02    0.37588307E-03   -0.53166254E-03   -0.95875584E-04    0.58978000E-04
-0.27452858E-03   -0.49287015E-04   -0.24667000E-03    0.18956112E-04   -0.15907562E-05
-0.25302921E-03    0.36923804E-04   -0.74152136E-03   -0.16754833E-05   -0.59808172E-04
-0.33542029E-04   -0.20899003E-04   -0.11712768E-03   -0.12997426E-03    0.12647018E-03
-0.18900669E-02   -0.56230306E-03    0.47921928E-03    0.80905364E-04    0.55649198E-04
-0.14289805E-04   -0.32774514E-05    0.15294977E-03   -0.89182767E-05    0.37277136E-03
 0.44504042E-04    0.36286524E-03    0.12287056E-04    0.34744353E-05    0.58054997E-03
-0.16499262E-03    0.14211440E-02   -0.75325314E-04    0.87693172E-04    0.77118057E-04
 0.41228103E-04    0.12125624E-03    0.21121640E-03   -0.27999829E-03    0.33540120E-02
 0.84612151E-03    0.10126974E-02   -0.12070936E-02   -0.27412706E-03   -0.58251150E-04
-0.67445341E-04    0.56544686E-03    0.10967062E-03    0.40917738E-04    0.17380294E-05
-0.26095888E-04   -0.11821827E-03   -0.86844854E-04    0.11277741E-03   -0.26360541E-03
 0.25849520E-03   -0.65379457E-03   -0.49067119E-04    0.22409044E-03    0.26542121E-04
-0.10766454E-03    0.91873815E-04    0.49055210E-04    0.11646249E-04    0.86882850E-04
-0.20769155E-03    0.28538853E-03   -0.11723618E-03    0.20695573E-04   -0.54432750E-04
 0.13095468E-03    0.47295203E-04    0.57381309E-04   -0.27390481E-04   -0.54967268E-03
-0.17502439E-02   -0.14120997E-03    0.16090193E-03   -0.11721053E-03   -0.65154723E-04
 0.10330984E-04   -0.38917012E-04   -0.46927101E-03   -0.34073276E-04    0.28720007E-04
-0.30927647E-03   -0.53542291E-04   -0.19558412E-04   -0.31893898E-04    0.27354806E-03
-0.59893963E-03    0.12306003E-03   -0.51265119E-04    0.11087768E-03   -0.16547782E-03
-0.19471839E-03   -0.12405648E-04    0.62374456E-04    0.10118340E-02    0.35551333E-02
 0.57078458E-03    0.11862303E-02    0.81795166E-03   -0.40191247E-03    0.23352080E-05
 0.67790945E-05    0.64779599E-04    0.21520694E-03    0.13936585E-04    0.64254564E-05
 0.58391593E-05   -0.24719388E-04    0.95988790E-04    0.68699936E-04   -0.22349849E-03
-0.70695796E-04   -0.93978176E-04    0.87757298E-04   -0.54922786E-04    0.50737446E-03
-0.23870284E-03    0.71923217E-04   -0.90129822E-04    0.80686314E-05    0.19782154E-03
-0.14196781E-03    0.63373570E-03    0.22224118E-04    0.13121102E-03   -0.77513543E-04
 0.79956198E-04   -0.32754618E-04    0.11843846E-03   -0.12098011E-03    0.51977293E-03
-0.18157601E-03   -0.29893484E-02   -0.47343490E-03    0.20127566E-04   -0.18281434E-04
 0.14505021E-04   -0.28027371E-03    0.79945653E-04   -0.74597772E-03    0.28430533E-03
-0.11940096E-03    0.13511917E-03   -0.94905420E-06   -0.54802528E-03    0.13284487E-03
-0.10394713E-02   -0.12322605E-03   -0.21211636E-03    0.13663242E-03   -0.13893165E-03
-0.10537593E-03   -0.26243632E-03    0.23925489E-03   -0.84848472E-03    0.22349225E-03
 0.51996810E-02   -0.74039957E-04   -0.16088607E-02    0.10620906E-02    0.55537994E-03
-0.10689909E-03    0.88440168E-04   -0.39532930E-03   -0.63367232E-04   -0.80431519E-04
 0.26001172E-04    0.36488573E-04   -0.71502047E-04   -0.12432022E-03    0.61612359E-03
-0.11922041E-02    0.24536222E-03   -0.68815906E-03    0.27283609E-05   -0.26942699E-03
 0.15200840E-03    0.62831935E-04   -0.55068715E-04   -0.80201358E-04    0.13951806E-05
 0.70771719E-04    0.30991705E-03   -0.42038447E-05    0.13920434E-03    0.27622795E-04
-0.44079622E-04    0.78135072E-04    0.25773864E-04   -0.16129642E-04   -0.79468898E-04
 0.28520620E-04    0.10117629E-03   -0.57803486E-03   -0.17518036E-02    0.25094290E-03
 0.93736845E-04   -0.24888493E-04    0.16343108E-04    0.45853281E-03   -0.26774997E-03
-0.51648479E-05    0.17930135E-04    0.20648330E-03   -0.16353609E-04    0.73034895E-04
-0.41538463E-03   -0.55807732E-04   -0.30388647E-03   -0.12286932E-04    0.65893664E-04
-0.16911588E-03    0.23291456E-04   -0.36595462E-04    0.16991707E-03   -0.10645528E-03
-0.39332316E-03    0.92455060E-03    0.32259223E-02    0.34334334E-03    0.77115518E-03
-0.21726373E-02   -0.13705760E-03   -0.23599058E-04   -0.58880918E-04    0.65006287E-03
-0.33301904E-04    0.16477182E-04    0.25922901E-05   -0.23341081E-04    0.53515752E-04
-0.99543492E-04    0.17557576E-02   -0.29853046E-02    0.91502147E-03   -0.23943851E-02
 0.97517558E-04   -0.36179556E-04   -0.90870945E-03   -0.67686151E-04    0.22623694E-03
 0.10411173E-03    0.60407198E-05   -0.19242577E-03   -0.29714825E-04    0.68677261E-03
-0.28980052E-03   -0.91283319E-04   -0.26695602E-03    0.50505578E-03    0.12236160E-03
 0.14421657E-03   -0.14508972E-03    0.48924890E-04   -0.52773788E-04    0.10453293E-03
 0.17480346E-03   -0.27022919E-02   -0.20160295E-04    0.51337742E-06   -0.23611121E-03
 0.19744113E-03    0.15317945E-02    0.14556181E-03   -0.32027209E-03   -0.20552585E-03
-0.56191545E-05    0.35153018E-03    0.28429795E-03   -0.13497088E-02    0.54682045E-03
 0.15500307E-03    0.40437750E-03   -0.79682121E-03   -0.21876489E-03   -0.20980621E-03
 0.19309411E-03   -0.15115510E-03    0.95003228E-04   -0.68178393E-04   -0.40639436E-03
 0.46232078E-02    0.76362977E-03    0.82612673E-03    0.90016552E-04   -0.11009066E-03
-0.42451855E-04   -0.33905782E-04    0.11025029E-03    0.15163544E-03    0.89439153E-05
 0.13739796E-04   -0.93371910E-05    0.34996229E-04    0.27164405E-04   -0.60420878E-04
-0.11175997E-03    0.86317393E-04   -0.17312640E-03   -0.39249533E-04    0.75673384E-04
-0.54775070E-04   -0.15300147E-03    0.59421548E-04    0.17019266E-04    0.20891067E-05
 0.65116520E-04   -0.40001250E-04    0.44484222E-03    0.20313061E-03    0.14648857E-04
-0.39145807E-05    0.49383277E-04    0.10238698E-03   -0.26836720E-04   -0.11600419E-04
 0.30578848E-04   -0.87360713E-04   -0.11978480E-04    0.13782456E-03   -0.81453800E-04
-0.30088753E-03    0.44371332E-05    0.71548488E-04   -0.14733041E-03    0.87227823E-04
 0.15711904E-03   -0.11598030E-03   -0.16110952E-04   -0.34212894E-05   -0.12230579E-03
 0.23010367E-04   -0.92656217E-03   -0.43489616E-03   -0.19986376E-04    0.31822047E-04
-0.75011176E-04   -0.25998543E-03    0.13491319E-03    0.37433998E-04    0.10756535E-03
 0.19736892E-03   -0.55028144E-04   -0.18203050E-03    0.58253425E-04    0.76511634E-03
-0.47955763E-06   -0.34358319E-03   -0.53438971E-05    0.11183622E-03   -0.24270532E-04
 0.26476219E-04   -0.20425659E-04   -0.23607119E-04   -0.10688380E-04   -0.46524854E-06
 0.83905037E-05   -0.85183809E-05   -0.78275821E-05    0.45877346E-04   -0.41674124E-04
-0.14043365E-04    0.12927277E-03   -0.13675605E-04   -0.26832876E-04    0.43912303E-05
 0.18116524E-04    0.49431705E-05   -0.42109250E-05   -0.25851887E-06   -0.94372748E-05
 0.48501003E-04   -0.81534570E-04   -0.63972973E-05   -0.21022279E-05    0.11039354E-04
 0.39322784E-04   -0.27913893E-05    0.51410641E-05    0.50689986E-04   -0.14683554E-04
 0.75412206E-05    0.80962014E-05   -0.36127276E-04    0.13408684E-04    0.27737626E-05
-0.22558138E-04    0.26693060E-04    0.49069311E-04   -0.26708806E-05   -0.12383535E-04
-0.75830647E-05    0.83594318E-05   -0.76396621E-06    0.31681371E-04   -0.87031475E-04
 0.12267559E-03    0.12909437E-04    0.30269939E-05   -0.25837493E-04   -0.76394623E-04
 0.96954662E-05   -0.19546712E-04   -0.93286320E-04   -0.20501688E-05   -0.27136642E-04
-0.27241227E-04    0.49529878E-04    0.17520654E-05   -0.15778245E-04    0.39600654E-04
-0.10991373E-02    0.71609798E-02   -0.60420526E-03   -0.50627203E-02    0.62027829E-03
-0.58853429E-03    0.28336305E-03    0.34904307E-03    0.82858241E-03   -0.60116396E-04
-0.16925456E-03    0.84809002E-04    0.38428641E-03   -0.11388671E-02    0.16312211E-02
 0.12110656E-02   -0.75270014E-02   -0.94666960E-04    0.90942895E-03    0.17512812E-03
-0.25199615E-03    0.31913626E-03    0.12444467E-03   -0.17904695E-04    0.39369051E-03
-0.10528610E-02    0.20180274E-02    0.45421154E-04    0.10959747E-03    0.18986409E-03
 0.59325800E-03   -0.10298446E-03    0.79562294E-04   -0.54728224E-03    0.49091069E-03
-0.10106543E-03   -0.17167217E-03    0.77579537E-03   -0.48129901E-03   -0.55096467E-04
 0.68287138E-04   -0.90838450E-04   -0.13936720E-02   -0.45440664E-03    0.24497576E-03
-0.27765529E-03   -0.28514088E-03    0.37874647E-04   -0.61253575E-03    0.14089761E-02
-0.38274591E-02    0.31623656E-03   -0.21307329E-03   -0.23819106E-03   -0.77013368E-03
-0.11661517E-03    0.64813748E-04    0.11702301E-02   -0.39840752E-03    0.39458264E-03
 0.21203067E-03   -0.10690480E-02    0.44867663E-03    0.28921980E-03   -0.16784423E-03
 0.10374750E-01   -0.85879284E-04    0.10698675E-02    0.11598785E-03   -0.69387615E-03
 0.59267496E-04   -0.92768354E-04   -0.24559486E-04    0.96715036E-04    0.88070051E-04
-0.43785394E-04   -0.30572542E-04    0.39453376E-04    0.78578891E-04   -0.20127013E-03
 0.24553120E-03   -0.11452937E-04   -0.61955108E-03    0.27886850E-03    0.67153985E-04
 0.92631325E-04   -0.44358256E-04    0.28014817E-04    0.59510190E-05    0.34200453E-05
 0.68334944E-04   -0.17397106E-03    0.30195667E-03    0.58383415E-05   -0.42798257E-05
-0.93046004E-05    0.15720528E-04   -0.73338547E-05    0.20141576E-04   -0.14930011E-03
 0.12859563E-03   -0.39299837E-05    0.23079639E-04    0.17247133E-03   -0.62731894E-04
-0.64174631E-05    0.15941199E-04   -0.38056950E-03   -0.12612386E-03   -0.13878678E-03
 0.24802477E-04    0.12885830E-04   -0.32341570E-04    0.74544148E-06   -0.11721848E-03
 0.12247030E-03   -0.68503400E-03    0.24600668E-04   -0.24462272E-04    0.37090630E-04
-0.29048125E-04   -0.11750697E-04    0.54985803E-04    0.28731602E-03   -0.96393534E-04
 0.45531205E-04    0.84296413E-05   -0.19453203E-03    0.46530490E-04    0.19832751E-04
-0.32813153E-04    0.14112626E-02    0.11069917E-02    0.24325580E-03   -0.57706990E-05
-0.42878502E-03    0.28094685E-03   -0.25238156E-04    0.15805649E-04    0.20705859E-03
-0.89429520E-05   -0.76398610E-04   -0.72533840E-05   -0.84218036E-05    0.24185831E-04
 0.11468657E-04   -0.13032995E-03    0.13665135E-03   -0.55891638E-03    0.11971179E-02
-0.68723652E-04    0.54421381E-03   -0.56475366E-04   -0.40884904E-04    0.98040117E-05
 0.38090595E-04   -0.30426974E-05   -0.43478137E-04    0.59344637E-04    0.84603493E-04
-0.15017598E-04   -0.12323667E-04   -0.15538371E-04    0.33838094E-04   -0.35414239E-04
-0.67796576E-04    0.17206502E-04   -0.62092785E-04   -0.63478688E-04    0.48772291E-04
 0.92811822E-05    0.40602923E-04   -0.88899635E-05   -0.24540545E-06    0.13498611E-03
-0.67886715E-03    0.12708984E-03    0.56617352E-04   -0.53528213E-04   -0.41861008E-04
 0.11022822E-04   -0.19286915E-04   -0.26443601E-04   -0.63100882E-04   -0.23385185E-04
 0.18409085E-04   -0.13122834E-04   -0.31337297E-04   -0.31432786E-05    0.35170377E-04
-0.60795952E-04    0.93385995E-04    0.85619932E-04    0.15567045E-04   -0.32827981E-04
-0.60383929E-04    0.26967268E-04   -0.18518159E-05   -0.54157138E-03   -0.19551734E-03
 0.15546092E-02   -0.42686497E-03   -0.11274637E-03   -0.22478872E-03   -0.22405443E-03
 0.13822259E-04    0.34165578E-05   -0.27201978E-05   -0.26632920E-05   -0.47609973E-04
 0.24617089E-04    0.44301415E-05    0.24224306E-05   -0.42108075E-04   -0.72397148E-03
 0.10165648E-02   -0.15165794E-02    0.25221509E-02    0.86873884E-04   -0.65816084E-05
 0.72767631E-03    0.88625192E-06   -0.26164021E-04    0.14600501E-04    0.42915657E-05
 0.18355865E-03   -0.65632926E-04   -0.15025771E-03   -0.89882325E-04    0.40037601E-04
-0.20798675E-04   -0.10717012E-03    0.68167921E-04    0.58765811E-04   -0.10450232E-04
 0.68886774E-04    0.55859974E-05   -0.16511666E-03    0.22124079E-04    0.39599162E-03
 0.15901232E-04   -0.76724497E-06   -0.78538498E-04    0.40046467E-04   -0.95459981E-03
 0.10960446E-04   -0.31181440E-04   -0.34859275E-04    0.21065595E-05   -0.25794558E-03
 0.10317417E-03    0.53898233E-05    0.12862071E-03   -0.53015551E-04    0.26769451E-04
 0.14913504E-03   -0.11011280E-03   -0.92518333E-04   -0.15564099E-04   -0.18307459E-03
-0.14244872E-04    0.21825999E-03    0.48047408E-04   -0.50426411E-03   -0.42946150E-04
 0.39590409E-05    0.70565613E-04    0.78952497E-04    0.30225703E-04    0.16463442E-02
-0.48137756E-03   -0.29637598E-03   -0.22742898E-03   -0.30498861E-04    0.16810714E-04
 0.31857868E-04   -0.88415720E-05   -0.70445151E-04   -0.58802906E-05    0.13083818E-04
 0.51667354E-05   -0.42777555E-04    0.46401268E-04   -0.62724707E-04    0.20534213E-03
-0.16784422E-03    0.19179425E-03    0.11813021E-04   -0.60547855E-05   -0.53972077E-05
 0.64196461E-03    0.30095763E-03   -0.13249288E-04   -0.98865426E-05   -0.13537604E-03
 0.66687422E-04   -0.26970194E-03    0.12779637E-03   -0.33654936E-04    0.36464918E-04
-0.92276860E-04    0.45498199E-04    0.58073899E-04   -0.57175931E-04    0.60732379E-04
 0.49136788E-04    0.87879122E-04   -0.47791767E-05    0.20861287E-04    0.31297990E-04
-0.45319408E-05    0.13843785E-04    0.76244517E-05   -0.53572637E-05   -0.73832300E-03
-0.33317267E-03    0.25760647E-04    0.61778125E-05    0.89695485E-04   -0.37605228E-04
 0.23629003E-03   -0.52073751E-05    0.15672103E-04   -0.47461664E-04    0.89166054E-04
-0.56689468E-04   -0.11320461E-03    0.55937557E-04   -0.13487813E-03   -0.71615222E-04
-0.89684562E-04   -0.10069015E-04    0.41492166E-04   -0.59165537E-04    0.83671048E-05
 0.23641908E-03   -0.58526326E-05   -0.36366625E-04    0.90847668E-04    0.15858053E-02
 0.15988200E-03    0.70035520E-03   -0.34029745E-03   -0.44300781E-03    0.14867711E-04
-0.35019963E-04    0.17302873E-03    0.77722992E-04    0.77416189E-04   -0.11450155E-04
-0.18964157E-04    0.55397893E-04    0.33760631E-04   -0.12772610E-03    0.16952547E-03
 0.96924961E-05   -0.12063606E-03   -0.41803291E-04    0.14650151E-03   -0.27277158E-04
 0.25763970E-03    0.81312457E-03   -0.30042890E-04   -0.23357649E-05    0.25291056E-05
-0.65761244E-04   -0.20655497E-03    0.11231104E-03   -0.11526337E-04    0.54278136E-04
-0.65110436E-04    0.47982331E-04    0.10641973E-03   -0.11155330E-03    0.25173234E-03
-0.41686884E-04   -0.80507940E-05    0.11716418E-03   -0.16190782E-03   -0.10363164E-04
-0.17184541E-05    0.43826220E-04   -0.22442493E-03   -0.35052455E-04   -0.30674842E-03
-0.10281087E-02    0.29082439E-04    0.63797331E-05   -0.59339666E-04    0.17863449E-03
-0.90143819E-04   -0.12147902E-03    0.12495187E-04   -0.61751432E-04    0.64466574E-04
-0.45070968E-04   -0.83229884E-04    0.11329170E-03   -0.24150223E-03    0.98117040E-04
 0.98123181E-04   -0.22357913E-03    0.17864267E-03    0.45392069E-04   -0.74649002E-05
 0.94600295E-03    0.66053525E-04    0.61176193E-04    0.55206509E-04    0.76102880E-03
 0.22546130E-02   -0.58226597E-04    0.44961529E-04   -0.87497408E-04    0.43009317E-05
-0.38444549E-05   -0.10427267E-04    0.24200318E-04   -0.30589544E-04   -0.60421019E-05
-0.28679804E-05   -0.27621248E-04   -0.64731883E-05    0.37636565E-04   -0.39205695E-03
 0.54579413E-03   -0.10449018E-02    0.15542367E-02    0.86126575E-05    0.34964853E-04
 0.12754350E-04   -0.18170217E-04   -0.49113650E-04    0.14181928E-03   -0.20541178E-04
 0.65371906E-04    0.95519250E-04   -0.18829814E-04   -0.39944533E-04    0.11852794E-04
 0.37457255E-05    0.20337105E-04    0.92849679E-05   -0.14257041E-04    0.22064582E-04
-0.29766900E-04   -0.33781918E-04    0.26778304E-04    0.22556638E-04    0.19885692E-04
-0.31810128E-05    0.68907794E-06   -0.32267292E-05   -0.47572728E-04   -0.21532348E-04
 0.45776961E-04    0.56328293E-04   -0.19264802E-03    0.27056621E-04   -0.12397203E-03
-0.87947149E-04   -0.23689188E-04    0.85653343E-04   -0.13472947E-04   -0.15430979E-04
-0.46679357E-04    0.15215784E-04    0.12997213E-04   -0.39232499E-04    0.95501372E-05
-0.62888323E-05   -0.16411180E-04   -0.58225383E-04   -0.19363803E-05   -0.10673715E-04
 0.57239239E-06   -0.21242562E-04   -0.79968236E-05    0.83077491E-04    0.57045823E-04
-0.11292066E-03   -0.11981898E-03    0.40388082E-03   -0.30006937E-05   -0.32189106E-04
-0.33094193E-04    0.90036599E-05   -0.54547149E-05    0.54993298E-05    0.27246564E-05
 0.67250347E-06   -0.75210986E-06    0.25409322E-05    0.83995642E-05    0.24909050E-05
-0.23006112E-05    0.22447760E-04   -0.40071645E-04    0.49824615E-04   -0.45825693E-04
 0.21848723E-05   -0.32796859E-05    0.49771791E-05   -0.77444368E-05    0.28451635E-06
-0.19979816E-04    0.80518845E-05   -0.32606109E-05   -0.33131454E-05   -0.12142080E-04
-0.26211425E-04   -0.36339929E-05   -0.70257847E-06   -0.40194611E-05   -0.18945173E-05
 0.19053418E-05    0.10903643E-05    0.20891941E-05   -0.19185673E-06    0.30552172E-05
 0.61342317E-05   -0.79802639E-05    0.77989850E-06    0.26277741E-06   -0.34272139E-05
 0.99843040E-05    0.15757423E-05    0.57886485E-05    0.61336011E-06    0.26052141E-04
-0.94100265E-05    0.18499640E-04   -0.20946416E-05    0.21468180E-04    0.24742956E-04
 0.48137318E-05    0.15820607E-05    0.39860003E-05   -0.23567839E-05   -0.25918215E-05
 0.37853828E-05    0.19640193E-05    0.22861784E-05   -0.65155905E-05    0.13232139E-05
 0.82362948E-05    0.13555075E-05   -0.46588037E-06   -0.60701907E-05    0.12144162E-04
-0.60317268E-05    0.10642971E-04   -0.76146276E-05   -0.90630925E-05   -0.59496478E-04
 0.24891840E-04   -0.37336776E-03    0.22761659E-02   -0.87679205E-04   -0.16513764E-02
 0.17327296E-03   -0.17783196E-03   -0.71267354E-05    0.13128632E-03    0.26602148E-03
-0.11781752E-05   -0.47921973E-04   -0.11570569E-03    0.96131056E-05   -0.80825988E-03
 0.12114209E-02   -0.10573698E-02   -0.13077750E-03   -0.10689567E-04    0.21897261E-03
 0.23724509E-03   -0.22259928E-03    0.42644030E-04    0.97640316E-04   -0.78015910E-05
 0.98809061E-03   -0.13181609E-03    0.64672298E-03   -0.10502347E-03    0.57335475E-04
 0.11754028E-04    0.14065264E-03   -0.81465494E-04    0.10266754E-03   -0.60975716E-04
 0.26990171E-03    0.48636707E-04   -0.97956861E-04    0.27209168E-03   -0.11800161E-03
-0.32011899E-04    0.15245753E-04   -0.86366664E-05   -0.40790729E-03   -0.40456993E-03
 0.14124272E-03   -0.70317999E-04   -0.19770060E-03    0.27407918E-04   -0.12469096E-02
 0.21322464E-03   -0.10725787E-02    0.31437314E-03   -0.11050424E-03   -0.29772147E-04
-0.15073956E-03   -0.17083505E-04    0.16573513E-04    0.21898721E-03   -0.29293157E-03
 0.12407558E-03    0.21057499E-03   -0.37746189E-03    0.46393989E-05    0.73895428E-04
-0.49707972E-04    0.29002521E-02    0.46015297E-03   -0.10914425E-03    0.16768640E-03
 0.69001280E-04    0.25043925E-03    0.18764469E-03   -0.49462894E-05    0.29142347E-02
 0.28183038E-03   -0.15329603E-02    0.60339020E-04    0.90102119E-03   -0.17454596E-03
 0.14710971E-03   -0.32256980E-04   -0.11961480E-04   -0.14252417E-03    0.13733190E-04
 0.34926234E-04   -0.35334236E-04    0.75718955E-06   -0.13215436E-03    0.22315782E-05
-0.13672971E-02    0.26948527E-02   -0.15710597E-05   -0.12551168E-03   -0.97333333E-04
 0.14370672E-03    0.87356839E-05    0.71690423E-04   -0.27304985E-05    0.95385176E-04
 0.16243339E-02   -0.38501946E-03    0.99804576E-04   -0.62821482E-04   -0.87073907E-04
-0.22953266E-04   -0.12139890E-03   -0.70164976E-04    0.15858090E-03   -0.82240803E-04
 0.80736864E-04   -0.28143457E-04   -0.19629235E-03    0.15982803E-03   -0.23902337E-04
-0.21897072E-04   -0.54344354E-04    0.22453596E-03    0.21685306E-03   -0.89375926E-04
 0.58958060E-04   -0.50190047E-04   -0.57101621E-05   -0.68089594E-04   -0.18025722E-02
 0.71737147E-03   -0.75589404E-04    0.93403598E-04    0.96667782E-04    0.16826211E-04
 0.91407084E-04   -0.83450662E-05   -0.15486975E-03    0.11316243E-03   -0.13582562E-03
 0.12151089E-04    0.23237423E-03   -0.10632439E-03   -0.49636727E-05    0.42559775E-04
-0.17098678E-02   -0.26168574E-03    0.15195057E-03   -0.12806143E-03   -0.41698565E-04
-0.20278582E-03    0.18331527E-03    0.60235004E-05    0.71882654E-04    0.42921982E-02
 0.51279934E-03    0.27152408E-02    0.84782559E-05   -0.92775660E-03    0.15925133E-03
-0.10748606E-03    0.42162214E-03    0.16727090E-03   -0.58305745E-05   -0.12543136E-04
-0.48853670E-04    0.10651632E-03    0.18986366E-03    0.13134565E-04   -0.44590278E-04
 0.98608730E-03   -0.25752001E-02    0.25762262E-04    0.33500613E-03   -0.55716316E-04
-0.26461269E-03   -0.36185417E-03   -0.17914891E-04   -0.12007511E-04    0.17858572E-03
-0.28534669E-03    0.20110314E-01   -0.74200301E-04    0.78525544E-04   -0.21635075E-04
 0.22375950E-03    0.15032012E-03    0.11814905E-03   -0.22462104E-03    0.10211515E-03
-0.44560503E-04   -0.14429422E-03    0.24121199E-04   -0.28446150E-03   -0.36886117E-04
 0.15120931E-04   -0.10184460E-03   -0.44877644E-03   -0.65522423E-04    0.25089997E-03
 0.45684947E-03   -0.52072370E-04    0.35329793E-04   -0.14542800E-03    0.48046239E-03
-0.97593114E-02    0.32643340E-03   -0.17575890E-03   -0.58080610E-05   -0.28857382E-03
 0.17941943E-04    0.16501414E-03    0.31878581E-03   -0.82243019E-04    0.93172643E-04
 0.22868536E-03   -0.35130715E-04    0.26756551E-03    0.18322341E-03   -0.35716300E-04
 0.14645212E-02    0.23320749E-03    0.18735146E-03   -0.10889861E-03   -0.84911968E-04
-0.86611247E-03   -0.16073057E-03   -0.70169630E-06    0.58555861E-03   -0.12149768E-03
 0.41593342E-01    0.22501032E-03    0.63525380E-03    0.66852881E-03   -0.23335164E-03
 0.76182677E-04   -0.56785348E-04   -0.15389158E-03    0.57414796E-04    0.47843197E-04
-0.13787238E-04   -0.61164043E-04    0.13449446E-04    0.54856578E-04    0.30311937E-04
-0.36118932E-03    0.38474782E-03   -0.13658493E-02   -0.20083440E-04    0.92076721E-04
-0.91248525E-04    0.10538486E-03    0.12711195E-03   -0.60781721E-04   -0.21917206E-04
-0.11134873E-03   -0.44249050E-04    0.14831830E-03    0.93912754E-03    0.17788124E-04
-0.18389093E-04    0.72611972E-04   -0.30264233E-05   -0.28789442E-04    0.11085144E-03
 0.80543537E-04    0.69275792E-04   -0.59162222E-04   -0.67185735E-04   -0.22733009E-04
-0.78953455E-04    0.72108631E-05   -0.27893710E-04   -0.13560751E-03    0.87423614E-04
-0.69656786E-04   -0.10385680E-03    0.98326940E-04    0.23861491E-04    0.15152154E-03
 0.93345450E-04   -0.42484935E-03   -0.13147993E-02    0.14788259E-04    0.40136017E-04
 0.51727795E-05   -0.72096214E-05    0.58626351E-04   -0.10469729E-03   -0.53388216E-04
-0.37190975E-04    0.77556170E-04    0.12322688E-03    0.45217556E-05    0.17088049E-03
-0.17936681E-04    0.62618454E-03   -0.29711485E-04    0.51500986E-04   -0.21519322E-03
 0.16585126E-03    0.29164865E-03   -0.13799543E-03   -0.50400461E-04   -0.14581547E-04
-0.81710908E-04    0.99596724E-04    0.32545773E-02    0.10063663E-04   -0.68620185E-04
 0.10782637E-03    0.28639663E-04   -0.14560211E-05    0.19714078E-04    0.15331154E-04
 0.18849641E-04   -0.24189391E-04    0.96005052E-05    0.33651765E-04    0.46543130E-05
 0.24559331E-04   -0.13283344E-03    0.21742339E-03   -0.56438599E-03    0.10246556E-02
-0.16747117E-04   -0.26707793E-04    0.37664009E-04   -0.30548664E-04   -0.23577148E-04
 0.10636950E-04   -0.41080547E-05    0.20249885E-04   -0.23782500E-04    0.68477734E-04
 0.10287854E-04    0.82590167E-04   -0.21802396E-04   -0.27206552E-04   -0.23485949E-04
 0.14902747E-04    0.16597787E-04    0.77286706E-05    0.15014339E-05   -0.65389781E-04
-0.34046119E-04    0.16421910E-04   -0.34441411E-05   -0.43798307E-05    0.11957669E-04
 0.32867543E-04   -0.48333123E-04    0.15537129E-04    0.20531090E-04   -0.75220959E-05
 0.45135688E-05   -0.51282906E-04    0.13296322E-04    0.33137605E-04    0.35459252E-04
-0.11728344E-03    0.21391454E-04    0.19280889E-04    0.25502589E-04   -0.71416147E-05
-0.15859990E-04    0.32431167E-06   -0.24620769E-05    0.68056904E-04    0.63747489E-04
-0.46534739E-04   -0.18321458E-04    0.62434984E-05   -0.17751427E-03   -0.38332376E-04
-0.15961448E-04    0.21490068E-04   -0.21098589E-04   -0.32736438E-04    0.50564976E-05
-0.26803398E-05   -0.37011247E-04    0.58546374E-04    0.73437788E-04   -0.63612051E-04
 0.27625203E-03   -0.72397672E-04   -0.19259440E-03   -0.54714524E-04    0.15115643E-03
-0.28917509E-06    0.19095677E-04   -0.58400128E-05   -0.11143873E-04   -0.24372130E-04
-0.12586484E-04   -0.19396184E-05   -0.18588328E-04   -0.26958871E-04    0.35149159E-04
 0.72242376E-04   -0.27505157E-03    0.55041971E-03   -0.44278003E-04   -0.35810476E-04
-0.24342726E-04    0.37573911E-04    0.18061704E-04    0.33774873E-05   -0.15656953E-05
-0.45202088E-04   -0.20500978E-04   -0.14472650E-03   -0.14458450E-04   -0.19873075E-04
 0.66792070E-04    0.87125895E-05   -0.30448525E-06   -0.31092138E-04   -0.33631977E-05
-0.30187523E-04   -0.32517842E-05    0.52058019E-05   -0.21549890E-04    0.79940732E-04
-0.21360858E-05   -0.61014245E-05    0.60129948E-04    0.48036427E-04    0.32499781E-04
-0.42881659E-04   -0.22765781E-04   -0.10814334E-04   -0.51579915E-07    0.42453302E-04
 0.19144619E-04    0.17970781E-03    0.68531631E-04    0.20184086E-04   -0.99239200E-04
-0.31605600E-04    0.31476429E-05    0.16509593E-04   -0.82057277E-05   -0.48267886E-05
-0.35922746E-04   -0.50777723E-04    0.21515987E-04   -0.97698950E-04   -0.77333555E-05
 0.12149805E-04   -0.29200438E-03   -0.15011909E-03   -0.63223191E-04   -0.52706846E-04
 0.47669674E-04    0.18112239E-04    0.20856271E-04   -0.33230955E-05   -0.14022498E-03
 0.11383679E-04   -0.22420939E-03   -0.82622524E-04   -0.26402424E-04    0.23718644E-03
-0.14971311E-04    0.24171826E-03   -0.34925100E-03   -0.55723351E-04   -0.11565702E-04
-0.14371603E-04    0.62392178E-04    0.23895418E-04    0.90310580E-05   -0.27484996E-04
-0.27042339E-04   -0.35110815E-04   -0.11355701E-03   -0.13696741E-03    0.16915485E-03
-0.57913354E-03    0.47475941E-03   -0.60287758E-04    0.54850629E-04   -0.11584398E-03
-0.10800334E-03   -0.12141976E-03    0.23602768E-04   -0.33060310E-05   -0.15272814E-04
 0.65254487E-04    0.17714835E-03    0.27678439E-04   -0.18303346E-04    0.34341510E-04
 0.59092985E-03    0.36659748E-04   -0.28487642E-04    0.14499863E-03   -0.12546973E-04
-0.27450947E-04    0.17791167E-04   -0.54911905E-04   -0.18530338E-03   -0.31991583E-04
-0.20716164E-04    0.64510011E-04   -0.49051823E-04    0.15205484E-03    0.11423675E-03
 0.12376680E-03   -0.57622169E-04    0.40504054E-05    0.45153830E-04   -0.92707063E-04
-0.16208091E-03    0.86176754E-04    0.12821775E-04   -0.56157942E-04   -0.72343602E-03
-0.55892517E-04    0.74235524E-04   -0.10133622E-03    0.59631036E-04    0.10046936E-03
-0.16881884E-04    0.75020567E-04    0.24524101E-03    0.47724181E-04    0.20476227E-04
 0.15910777E-03   -0.61905301E-04   -0.28994464E-04   -0.91951251E-04   -0.22822136E-03
-0.27544396E-03    0.34207471E-04   -0.10072311E-04    0.10544438E-03    0.19868951E-03
-0.69776184E-04   -0.14362441E-04    0.15743703E-04    0.72891688E-04    0.14591501E-02
 0.11945830E-04    0.27066643E-03   -0.24753450E-03   -0.18735330E-03    0.23001586E-05
 0.10243421E-04    0.41676482E-04    0.75969468E-04    0.68672645E-04   -0.18051555E-04
 0.40525588E-04    0.71125861E-06    0.70166148E-04   -0.39242679E-03    0.43455721E-03
-0.10644541E-02    0.12373629E-02    0.88138073E-05    0.21095927E-04    0.61841714E-04
 0.51521505E-04    0.88247197E-04    0.24307091E-04   -0.21170944E-05   -0.76087969E-05
-0.16948281E-03    0.26418157E-03    0.40686542E-04   -0.27232413E-04   -0.11952548E-05
 0.55828465E-04    0.55227298E-03    0.36034854E-03    0.71309837E-05    0.12089226E-03
 0.71109587E-05   -0.23385409E-04    0.32125212E-04   -0.17482535E-03   -0.26471237E-04
 0.51411959E-05   -0.11912177E-04   -0.85628038E-04   -0.89826094E-04   -0.42008274E-04
-0.30347800E-04   -0.43352829E-05   -0.28051254E-05   -0.33519151E-04    0.13899126E-03
-0.12008049E-03    0.36533562E-04    0.26388612E-05    0.58033497E-05   -0.54827742E-04
-0.69312087E-03   -0.40390254E-03    0.90737333E-04   -0.11351472E-03   -0.16458772E-05
 0.33528745E-04   -0.93029911E-04    0.14022296E-03    0.94467669E-04   -0.68389942E-05
 0.46875652E-03    0.97560459E-04   -0.65040882E-04    0.10069883E-03   -0.26539194E-04
-0.13418490E-04    0.55230782E-04   -0.11399360E-04    0.26511562E-03    0.63538455E-05
 0.17876405E-03   -0.43835119E-05    0.51525352E-05   -0.23858583E-05    0.54515490E-04
 0.19203286E-02    0.95469489E-04   -0.11298539E-02   -0.13121042E-03    0.67100728E-03
-0.11180727E-03    0.10529092E-03   -0.19686921E-04   -0.46434204E-04   -0.11205847E-03
 0.19436043E-04    0.29479272E-04   -0.52699141E-04   -0.94435032E-04   -0.16032404E-03
 0.31429618E-04   -0.95667618E-03    0.21014411E-02    0.17418711E-04   -0.20851503E-03
 0.42023407E-04    0.99578708E-04    0.74639442E-04   -0.31736472E-04    0.64206551E-05
 0.29744727E-04    0.79317892E-04   -0.21091037E-03   -0.14533339E-04   -0.20217447E-04
-0.47869060E-04   -0.12406472E-03    0.35161323E-03    0.59847964E-03    0.86362824E-04
 0.21851766E-06   -0.21750801E-04   -0.34722393E-04   -0.10408216E-03    0.43375786E-05
 0.80291424E-05   -0.11124510E-04    0.21836533E-04    0.25708856E-03   -0.33471527E-05
-0.88882639E-04   -0.55292757E-04    0.54591195E-04   -0.82143841E-05    0.11428532E-03
-0.16577035E-03    0.59186254E-03    0.17872787E-04    0.30668614E-04    0.58091911E-04
 0.20246540E-03   -0.38781556E-03   -0.72835352E-03   -0.79455200E-04    0.11206450E-04
 0.16860163E-04    0.57543249E-04    0.13555342E-03   -0.19955768E-04   -0.34200045E-04
 0.28770761E-04   -0.16174555E-02   -0.22282657E-03   -0.61929051E-04   -0.17948900E-05
-0.10157314E-03   -0.15917533E-03    0.63662519E-05   -0.16681088E-05   -0.28896769E-03
 0.31326605E-03   -0.23355052E-05   -0.12389887E-03    0.45460291E-05    0.13207372E-04
-0.68359119E-05    0.80453895E-03    0.16496831E-02    0.27818367E-03   -0.11585505E-02
 0.12920684E-03    0.82741924E-03   -0.10193441E-03    0.77581320E-04   -0.70711654E-04
-0.97127996E-04   -0.14996860E-03    0.33683468E-04    0.18862344E-04   -0.64058225E-04
-0.18881861E-04   -0.65068039E-03    0.71276013E-03   -0.24473911E-02    0.46178096E-02
-0.71389162E-04   -0.13323793E-03   -0.26198574E-04    0.43554099E-05   -0.10388170E-03
 0.56062750E-05    0.20128543E-05    0.32376686E-04    0.21558430E-03   -0.37160435E-03
 0.15849926E-03   -0.14668406E-04   -0.46783010E-04    0.61520604E-04    0.58826895E-04
-0.12824252E-04    0.94358921E-03   -0.92268377E-04    0.65732212E-04    0.38904598E-04
-0.35859364E-04    0.42131904E-04    0.92486456E-05   -0.23664514E-04    0.13116077E-03
 0.21645588E-03    0.20247352E-04   -0.44348795E-04    0.57461544E-04    0.12027666E-05
-0.81502920E-06   -0.51184895E-05   -0.17401765E-03    0.64182090E-03   -0.25965750E-03
 0.43936195E-04    0.50514001E-04   -0.22191257E-05    0.39280016E-04    0.58884396E-04
-0.12360685E-02    0.68314790E-04   -0.11237379E-03   -0.35107174E-04    0.23357383E-04
-0.84491490E-04   -0.54381982E-04    0.42708163E-04   -0.15112923E-02   -0.44749009E-03
 0.35569885E-04    0.46312194E-05   -0.12327842E-03   -0.14711935E-03    0.91667902E-04
-0.84333924E-05   -0.20687582E-03    0.29901783E-03   -0.43895611E-03    0.32657502E-03
 0.28028644E-04    0.33883719E-04    0.29845042E-03    0.21094120E-04    0.28224709E-03
 0.25971831E-02    0.16889086E-03   -0.12518182E-02    0.35394053E-03    0.96777247E-03
-0.11115062E-03    0.10248739E-03   -0.13796350E-03   -0.48488353E-04   -0.13487737E-03
-0.85180013E-04    0.35533972E-04   -0.26154162E-04   -0.11289486E-03   -0.42412236E-05
-0.16858321E-04   -0.48315509E-03    0.20916229E-02    0.50662089E-04   -0.25148817E-03
 0.25305004E-04    0.12042965E-03    0.14067127E-03   -0.64813039E-04    0.70964214E-05
 0.47323781E-04    0.21336470E-03   -0.46483505E-03    0.34159206E-04   -0.27932531E-05
-0.53097660E-04   -0.13732897E-03    0.10871849E-03    0.78354439E-04    0.92205995E-04
 0.56023716E-03    0.21991923E-03   -0.14239386E-03   -0.18040007E-03    0.50910308E-04
 0.97833863E-05   -0.13631470E-04   -0.22108805E-04    0.38892912E-03   -0.51734739E-04
-0.15498081E-03   -0.14077208E-03    0.96788312E-04   -0.90690946E-05   -0.51896387E-04
-0.25123823E-03    0.66295039E-03   -0.13098811E-03    0.21794898E-04    0.62953745E-04
 0.24552834E-03   -0.78086321E-04   -0.73894878E-04   -0.23837713E-03   -0.74516642E-03
-0.30146836E-03    0.14799468E-03    0.20845831E-03   -0.14943576E-03   -0.34175178E-04
 0.33621171E-04   -0.22121444E-02   -0.20916095E-03    0.41241472E-04   -0.39279243E-04
-0.42078855E-04    0.75152635E-04   -0.11429152E-03    0.11927292E-04   -0.55147417E-03
 0.44074156E-03   -0.42647564E-03   -0.92252991E-04    0.43922675E-04    0.94391166E-04
 0.33343705E-04    0.11703684E-05    0.39757366E-03    0.33331270E-03    0.21454372E-02
-0.27911153E-03    0.18926339E-03    0.29267887E-03   -0.16239983E-03    0.29930887E-04
-0.55752597E-04   -0.21296256E-03   -0.39553700E-04    0.31898785E-04   -0.37011576E-04
-0.56936472E-04   -0.69168575E-04   -0.17900681E-03   -0.96062375E-04    0.25659983E-03
-0.23839092E-03   -0.80260833E-04   -0.19105899E-04   -0.52463301E-04    0.40710378E-04
 0.22650124E-04   -0.52346932E-04   -0.38783186E-04   -0.23521709E-05    0.65369884E-04
 0.17026851E-04   -0.10903808E-03    0.94236346E-04    0.10287846E-04    0.41879855E-05
 0.12159987E-04    0.38866184E-04   -0.59033247E-05    0.37966707E-04    0.17434483E-03
 0.61824263E-03    0.26545986E-04    0.39506119E-04    0.40461208E-05   -0.29913653E-05
-0.37152082E-05    0.80668830E-05    0.45789652E-04   -0.25564967E-04   -0.28487306E-04
 0.74804404E-04   -0.32337885E-05    0.34597531E-07   -0.10993637E-04   -0.38255610E-04
-0.15864820E-04   -0.63996921E-05   -0.95221486E-05   -0.19982513E-04    0.18185188E-04
-0.53343540E-04    0.42481664E-04   -0.27591118E-04   -0.21216361E-03   -0.68126891E-03
-0.55431139E-04    0.30346272E-04   -0.57511587E-04    0.29405168E-04   -0.32677554E-06
 0.25962598E-03    0.27803126E-04   -0.10585325E-03    0.40410024E-04   -0.84623729E-04
-0.19599134E-03   -0.37346088E-04   -0.23569067E-05    0.20457496E-03    0.71821322E-04
 0.58844941E-04    0.99024680E-04   -0.95947030E-05    0.17225865E-04    0.40250397E-04
-0.27380906E-04    0.70484988E-06    0.62260580E-04    0.41852072E-03    0.19724001E-02
 0.46083831E-03   -0.18857758E-02    0.89274877E-04    0.15122066E-02   -0.18136761E-03
 0.14924135E-03   -0.50758458E-04   -0.93147308E-04   -0.24215248E-03    0.16760652E-04
 0.22824279E-04   -0.41443002E-04   -0.10736714E-03    0.26053293E-03   -0.48727147E-03
-0.86040438E-03    0.26939589E-02    0.21282762E-04   -0.19713000E-03   -0.21136799E-03
 0.12599512E-03   -0.11002494E-03    0.94161956E-05    0.42142425E-05   -0.12947909E-03
 0.24489000E-03   -0.67017707E-03   -0.40449875E-04   -0.97753229E-04   -0.42777923E-04
-0.12694757E-03    0.58004729E-04   -0.63363815E-04    0.19809376E-03   -0.28536709E-03
 0.62627936E-04    0.11733818E-02    0.29232626E-05    0.27892588E-04   -0.62797582E-05
-0.21181756E-04    0.62550515E-04    0.33084978E-03    0.38982745E-03   -0.90709635E-04
 0.13871941E-03    0.49603190E-04   -0.10670537E-04    0.23222783E-03   -0.32755248E-03
 0.10339975E-02   -0.72508044E-04    0.12471140E-03    0.30961512E-04    0.15961687E-03
 0.27070705E-04    0.73766448E-04   -0.34751311E-03    0.25219089E-03   -0.16971772E-03
-0.11332886E-02    0.25091068E-04   -0.32440961E-04   -0.10887177E-04    0.48823542E-04
-0.27827140E-02   -0.35423584E-03    0.19880830E-03   -0.16749396E-03   -0.53127764E-04
-0.34501720E-03    0.10781043E-03   -0.10332443E-05   -0.73488621E-03    0.40844276E-03
-0.50003147E-03   -0.24410404E-03   -0.47749299E-05    0.94405479E-04   -0.51454916E-04
-0.20190438E-04    0.37461089E-03    0.46575425E-03    0.33164619E-03    0.20427155E-04
 0.36755496E-02    0.47437059E-03   -0.41442282E-03   -0.77531356E-04    0.66354107E-03
-0.86593806E-04    0.64261129E-04    0.14905854E-03    0.58305646E-04   -0.10738528E-03
-0.14394942E-04    0.21319990E-04   -0.22936371E-05   -0.48872444E-04   -0.17629717E-03
 0.10291785E-03   -0.69233116E-03    0.18070425E-02    0.51834052E-04   -0.47759118E-04
-0.40744950E-04    0.42423981E-05   -0.45246735E-05    0.19428972E-04    0.57112517E-05
-0.25901597E-04    0.55090031E-04   -0.24586953E-03   -0.13334245E-03   -0.31912579E-04
-0.13912655E-04   -0.12004122E-03    0.28066291E-04    0.32016716E-04    0.13014453E-03
-0.70987503E-04    0.31965611E-04    0.22363194E-03    0.48491472E-03    0.23138175E-05
-0.49550524E-04   -0.19056093E-05   -0.40381503E-04    0.49370494E-04    0.15062795E-03
-0.29284984E-05   -0.43314457E-04   -0.10148021E-04   -0.61180225E-05    0.31551634E-05
-0.53158811E-04    0.27233351E-03    0.15190645E-03    0.58843682E-04    0.25798012E-04
 0.16407128E-03   -0.64818905E-04   -0.48886802E-04   -0.27317943E-03    0.97240700E-04
 0.50523321E-04   -0.23334648E-03   -0.56630173E-03    0.74542778E-04    0.14271135E-04
 0.56824560E-05   -0.12433253E-02   -0.79416038E-04    0.80920037E-04   -0.80612224E-05
 0.58425868E-04   -0.14971294E-03    0.45947190E-04    0.44205776E-05   -0.24107548E-03
 0.21154628E-03   -0.63845119E-03   -0.29447838E-03    0.93370988E-05    0.49389772E-04
-0.30185467E-03   -0.16656768E-04    0.22287462E-03    0.19261048E-03    0.21436232E-03
-0.57582671E-04    0.78165146E-03    0.18742090E-02   -0.56268860E-03    0.28007488E-03
 0.38578709E-03   -0.47520144E-03    0.83086602E-04   -0.63514597E-04   -0.15628590E-03
 0.18737046E-04    0.23317855E-04    0.35170687E-06   -0.18116540E-04   -0.51813453E-04
-0.28850124E-04   -0.61530107E-03    0.10554977E-02   -0.18030812E-02    0.19550427E-02
-0.14695403E-04    0.81724223E-04    0.39889940E-03    0.19178281E-04   -0.10719393E-03
 0.25674762E-04   -0.12448927E-04    0.44539369E-04    0.35078327E-04   -0.12261224E-03
 0.57456883E-04    0.16602120E-04    0.71898032E-04   -0.11909656E-03   -0.14221010E-03
-0.11557607E-03   -0.70652668E-04   -0.14984432E-04    0.57489609E-07   -0.15230404E-03
 0.53532843E-05    0.86724383E-03    0.24375657E-04    0.11386106E-04   -0.28362034E-04
-0.95402699E-04   -0.58440630E-03   -0.13108308E-05    0.14898912E-03   -0.26009703E-04
 0.78110095E-05   -0.15129555E-03   -0.73892352E-05    0.10936542E-03    0.13665773E-03
-0.49398949E-04   -0.11736755E-03    0.16878053E-03    0.11430520E-03    0.63389858E-04
 0.11539098E-03   -0.11915661E-03   -0.11437548E-03    0.84488388E-04    0.33930927E-04
-0.11032993E-02   -0.43947371E-04   -0.16172068E-04    0.88604346E-03   -0.41283053E-04
 0.21744820E-03    0.76740571E-03    0.19215773E-03    0.40798730E-07    0.77293925E-04
-0.26406196E-04    0.16677744E-03   -0.17882640E-03   -0.24565623E-03    0.16263519E-03
-0.16248148E-04    0.26402566E-03   -0.20547815E-03   -0.76601698E-04   -0.26831982E-03
-0.17199794E-03   -0.32998635E-03   -0.69289930E-04   -0.25801620E-03   -0.65760856E-04
 0.23744957E-02   -0.61391063E-04   -0.26753410E-03    0.57059513E-04    0.16528042E-03
 0.33865401E-05    0.10980481E-04   -0.45523607E-05   -0.37430071E-04   -0.21953660E-04
 0.58639085E-05    0.18505638E-04   -0.68507438E-05   -0.89020635E-05    0.50140566E-04
 0.66885564E-04   -0.10384455E-03    0.42046701E-03    0.12679423E-04   -0.40287322E-04
-0.95468222E-06    0.57894559E-04   -0.46258787E-05   -0.48126398E-05   -0.22246497E-06
-0.18966766E-04   -0.54457448E-05   -0.15532032E-03   -0.44420456E-04   -0.11815338E-04
-0.43281317E-05   -0.46348354E-04   -0.23913879E-04   -0.13573770E-04    0.22430524E-04
-0.23339254E-04    0.57340404E-05   -0.51345521E-05   -0.72182097E-04    0.41314908E-04
 0.56516147E-04   -0.69865240E-06   -0.17076731E-04    0.61755759E-04   -0.14283394E-04
-0.72788620E-04   -0.12995265E-04   -0.15055731E-04    0.42427397E-05   -0.20395673E-04
-0.15987869E-04    0.28206258E-03    0.10047199E-03   -0.31715704E-05    0.83925647E-05
 0.50075937E-04    0.88331142E-04    0.22800187E-04   -0.67109835E-04   -0.79182737E-05
-0.86080155E-05    0.36946746E-04    0.45617032E-04   -0.46787762E-04   -0.20068781E-03
 0.64093177E-05   -0.37146179E-03    0.24127994E-05    0.35691128E-04    0.12334732E-04
 0.57030192E-04   -0.36094956E-04    0.77709379E-06   -0.75977232E-05   -0.11334824E-03
 0.85099600E-04   -0.17851504E-03   -0.14527810E-03    0.14972897E-04    0.19157448E-04
-0.30492479E-04   -0.15106942E-03    0.46529383E-04    0.47916538E-04    0.10823832E-03
-0.31914584E-04    0.20211718E-04   -0.13397190E-05    0.13944679E-04    0.50501551E-03
 0.27110593E-05    0.75976136E-04    0.11586095E-04   -0.24008652E-04    0.19854148E-05
-0.45584059E-05    0.31026661E-05    0.35977430E-05   -0.90349422E-06    0.53784186E-05
-0.18712036E-06    0.75378062E-05    0.75233859E-05   -0.70989423E-05    0.18598936E-05
-0.40468694E-05   -0.23590989E-04    0.53349003E-05    0.67213463E-05   -0.12689223E-05
-0.77384202E-05   -0.68485709E-05    0.42416646E-06    0.40131691E-06   -0.36954499E-05
-0.14084165E-04    0.13617259E-04    0.54091893E-05   -0.93970991E-06   -0.60054799E-05
-0.18121517E-04   -0.14170168E-05   -0.45053276E-05   -0.17258439E-04    0.26674303E-05
-0.50361232E-05   -0.22203540E-05    0.73553260E-05    0.80690244E-06    0.25592396E-06
 0.92720609E-05   -0.75466682E-05   -0.12912697E-04    0.21415131E-05    0.79240776E-05
 0.68907904E-05    0.76269567E-06   -0.63674587E-06   -0.37242420E-05    0.19504330E-04
-0.22597538E-04   -0.79456381E-05   -0.93121009E-07    0.70112280E-05    0.19964640E-04
 0.38503373E-05    0.89134651E-05    0.25030998E-04    0.32036379E-07    0.54191603E-05
 0.88567422E-05   -0.12061755E-04   -0.50973186E-05    0.39445935E-05   -0.10734155E-04
 0.38152913E-04    0.17382128E-04   -0.88775251E-06   -0.63360542E-05    0.17776431E-05
 0.46203000E-05   -0.16531399E-06    0.15733501E-05    0.11043236E-04   -0.18549450E-04
 0.11380799E-04    0.50704571E-05   -0.63357129E-05   -0.14851198E-04   -0.57882265E-04
-0.65206448E-06   -0.39642693E-05   -0.30526798E-04   -0.24557181E-04   -0.15039993E-04
-0.77019215E-05    0.58553568E-05    0.16447665E-04   -0.27371806E-05    0.16149825E-04
 0.16348604E-02   -0.12175609E-01    0.10325490E-02    0.81523441E-02   -0.12342549E-02
 0.83758481E-03   -0.10753946E-02   -0.99092005E-03   -0.81693426E-03    0.34103013E-04
-0.38463294E-04   -0.46115563E-03   -0.16553595E-02    0.19651441E-02   -0.25548548E-02
-0.17011892E-02    0.10061932E-01    0.17724332E-03   -0.14265133E-02   -0.34467251E-03
 0.42033012E-03   -0.29574498E-03   -0.22600474E-03    0.33921450E-04   -0.49307992E-03
 0.17523319E-02   -0.36848882E-02    0.17035823E-03   -0.17843565E-03   -0.35606922E-03
-0.11037890E-02    0.32784916E-03   -0.11958148E-03    0.90519885E-03   -0.89072408E-03
 0.26462533E-03    0.22902379E-03   -0.12219451E-02    0.70732918E-03    0.75648163E-04
-0.11581339E-03    0.22223619E-03    0.21779858E-02    0.71508963E-03   -0.60907709E-03
 0.18301383E-03    0.48427196E-03   -0.81322901E-04    0.10979888E-02   -0.23923787E-02
 0.64902925E-02   -0.54512974E-03    0.35998486E-03    0.43299999E-03    0.14864108E-02
 0.16914006E-03    0.54746657E-04   -0.20734249E-02    0.78475431E-03   -0.43042650E-03
-0.46502583E-03    0.17941833E-02   -0.90432323E-03   -0.43546017E-03    0.27991362E-03
-0.15420174E-01   -0.21547071E-02    0.84272815E-03   -0.20547419E-03   -0.41270399E-03
-0.13322295E-02   -0.80734942E-05    0.44917922E-05   -0.42041669E-02    0.25528705E-02
-0.23514105E-02   -0.86543876E-03    0.16762165E-03    0.44188678E-03   -0.13963166E-03
-0.70564310E-03    0.24413716E-02    0.23423353E-02    0.33372141E-02   -0.17210908E-03
 0.41393077E-02    0.18065339E-02   -0.12082712E-02    0.54095734E-03   -0.51638517E-04
 0.30709817E-01   -0.12064572E-01    0.18597314E-01    0.32599130E-02   -0.19638081E-01
 0.24480655E-02   -0.21137616E-02   -0.60096051E-02   -0.13593906E-02    0.46757942E-02
-0.48871517E-03   -0.11574826E-02   -0.78238765E-03    0.74376953E-03   -0.44143399E-02
 0.64212119E-02    0.40802285E-02   -0.46469653E-01   -0.29929567E-03    0.19908092E-02
 0.97077635E-03   -0.14339666E-03   -0.84596067E-03    0.56330120E-03   -0.11338143E-03
 0.12318585E-02   -0.27763040E-02    0.51074117E-02   -0.36745336E-03    0.40993033E-03
 0.77354187E-03    0.18261658E-02   -0.27350449E-03    0.89323926E-03   -0.16918279E-02
 0.15399763E-02    0.87647703E-03    0.35715824E-04    0.21828577E-02   -0.16461770E-03
-0.25409534E-04    0.22237758E-03   -0.10051273E-03   -0.34267249E-02   -0.23647240E-02
-0.41961755E-03    0.84005731E-03   -0.10983930E-02    0.95477442E-04   -0.97430339E-03
 0.34824860E-02   -0.88616492E-02    0.71321616E-03   -0.86162532E-03   -0.86130133E-03
-0.17266049E-02    0.36667700E-03    0.52099914E-04    0.43020542E-02   -0.19807989E-02
 0.14743090E-03   -0.14846254E-03   -0.21130853E-02    0.39520741E-03   -0.22095387E-03
-0.50806976E-03    0.29997973E-01    0.40286284E-02   -0.20707096E-02    0.47072287E-06
 0.57137619E-03    0.18997223E-02    0.52382811E-04   -0.11319687E-03    0.92421911E-02
-0.52215465E-02    0.37348882E-02    0.25498860E-02   -0.51886103E-03   -0.95054576E-03
 0.15721053E-03    0.11806942E-02   -0.41604359E-02   -0.41685678E-02   -0.64343753E-02
 0.20324251E-02   -0.80861813E-02   -0.38308515E-02    0.28578262E-02   -0.92751336E-03
 0.13776595E-03   -0.41305048E-01    0.17803352E+00   -0.13702361E-02   -0.74015805E-04
 0.22209185E-02   -0.12476985E-02    0.20968993E-05   -0.21143157E-03   -0.17046717E-02
-0.47505620E-03    0.15033722E-02   -0.26092584E-04   -0.75160893E-03   -0.75915971E-03
-0.18012775E-02    0.28484166E-03   -0.27400231E-03    0.40861637E-03   -0.88963575E-02
 0.25642211E-04   -0.30011308E-03    0.53166976E-04    0.30325749E-04   -0.52507398E-03
-0.25235782E-04   -0.64021184E-05    0.10341717E-03   -0.52148124E-04   -0.21157845E-03
 0.27839320E-05   -0.25773148E-05   -0.66895268E-05    0.15606897E-03    0.32557373E-05
 0.16060767E-03   -0.12431401E-03    0.10592209E-04    0.17852293E-03   -0.77216700E-04
-0.32694744E-04    0.11981133E-03    0.86760447E-04    0.13553225E-05    0.99399105E-04
 0.33120887E-03   -0.27965859E-03   -0.12810849E-03    0.72593440E-03    0.36700334E-05
-0.21517608E-04    0.38752816E-03    0.66868050E-04   -0.10626549E-03    0.11179666E-03
-0.55555777E-04    0.11019412E-04    0.23892417E-04   -0.53171694E-04    0.56174732E-04
 0.24053034E-03    0.23911969E-04    0.11083629E-03   -0.64120408E-04    0.33026243E-03
-0.26646876E-03   -0.17394587E-03    0.61585014E-05    0.27435088E-03   -0.54075728E-04
-0.15437477E-03   -0.16475327E-03   -0.19502083E-03   -0.24487250E-03    0.67967823E-05
-0.14104221E-04    0.20662304E-03   -0.32330507E-03   -0.55725264E-04    0.25409413E-04
-0.93368251E-04    0.47663458E-04    0.36522677E-04    0.18570219E-04    0.26227946E-04
-0.17761054E-03    0.13477095E-04    0.30926855E-03   -0.55937001E-04   -0.20183640E-03
 0.96757166E-04   -0.18183863E-04    0.12648868E-04    0.48465628E-02    0.20201274E-01
 0.17531646E-01   -0.19446906E-03   -0.27663503E-02   -0.29040707E-03    0.15176874E-02
-0.15980799E-03    0.16171920E-03   -0.16938936E-03   -0.43510836E-03    0.98024235E-04
 0.58746899E-04   -0.10500899E-03   -0.27462776E-03   -0.48589691E-03    0.67322407E-03
-0.58659408E-03    0.11631023E-03   -0.25088402E-03   -0.64367702E-03   -0.18621196E-03
-0.20202858E-03    0.18937351E-03    0.81390448E-05   -0.55556068E-04    0.29455283E-05
-0.12141839E-03    0.32454033E-03   -0.83253795E-03    0.52787512E-04    0.99871477E-06
 0.58165793E-05   -0.13377710E-03   -0.26630378E-05    0.29412527E-04    0.22282021E-03
-0.31078556E-03    0.52745812E-04   -0.10962019E-03   -0.40541952E-03    0.22453307E-03
-0.11535446E-04   -0.35445900E-04    0.12027819E-02    0.23269717E-03    0.30781301E-03
-0.20382474E-03   -0.83527960E-04    0.10009215E-03   -0.18712480E-04    0.34989257E-03
-0.35300308E-03    0.19002891E-02   -0.20207576E-03    0.82670789E-04   -0.14950147E-03
 0.12880768E-03    0.64554356E-04   -0.16607320E-03   -0.63501957E-03    0.27001360E-03
-0.65203658E-04   -0.12953056E-03    0.54137778E-03   -0.41627617E-03   -0.16692328E-04
 0.89547477E-04   -0.29461792E-02   -0.18163124E-02    0.39332546E-03   -0.20224632E-03
 0.77206050E-07   -0.18977483E-03   -0.22898474E-04   -0.13103727E-04   -0.95601092E-03
 0.38537723E-03   -0.44330001E-03    0.12726970E-05    0.53342080E-04    0.26852237E-03
 0.35450438E-04   -0.23727493E-03    0.43384010E-03    0.75061290E-03    0.47187317E-03
 0.10951874E-05    0.79717310E-03    0.14240154E-03    0.86415749E-04   -0.12011193E-04
-0.26041363E-04    0.66407677E-02   -0.64858880E-02    0.36105631E-02    0.59075218E-02
-0.67555552E-03   -0.22791494E-03    0.16690926E-02   -0.82298367E-03    0.10359370E-03
-0.77801434E-04   -0.87148296E-03    0.19117053E-05    0.32668800E-03   -0.19785618E-04
-0.97417369E-04   -0.14115434E-03   -0.12272145E-03    0.59682613E-03   -0.81268149E-03
 0.72389270E-03   -0.43857880E-02    0.19295509E-03   -0.13655281E-02    0.16650011E-03
 0.26963464E-04   -0.22616701E-03   -0.11547923E-03    0.14526435E-04    0.62121965E-05
-0.26841527E-04   -0.34209540E-03   -0.71984520E-04    0.27050547E-04    0.11260068E-04
-0.58345451E-04   -0.27230493E-04    0.80264593E-04   -0.46494519E-04    0.13397895E-03
 0.12243880E-03   -0.11209319E-03   -0.10007756E-03   -0.13010714E-03    0.14002496E-04
-0.67084596E-05   -0.42207785E-03    0.22389594E-02   -0.32212407E-03   -0.65604099E-04
 0.35113440E-03    0.10909324E-03   -0.22966742E-04    0.24656037E-03   -0.72023648E-04
 0.56022661E-03    0.16949367E-03   -0.72247266E-04    0.17410597E-04    0.11173127E-03
 0.78813275E-04   -0.30041271E-04    0.22278213E-03   -0.22840836E-03   -0.24921561E-03
 0.14586237E-04    0.16645964E-03    0.31525280E-03   -0.71086452E-04    0.16446004E-04
 0.11548918E-02    0.31177547E-03   -0.23309809E-02    0.15604152E-04    0.95461822E-04
-0.15315670E-03   -0.12934619E-03    0.10665657E-04    0.30113255E-03   -0.29614014E-03
-0.36661654E-03   -0.56711473E-04    0.53552874E-04    0.10005356E-03    0.49731475E-04
 0.11123662E-03    0.50361553E-04   -0.73962559E-04    0.13827244E-05    0.27104060E-03
-0.44928849E-03   -0.18994749E-03   -0.23079699E-03   -0.36356033E-04   -0.39633245E-05
-0.19078310E-02    0.81673050E-02    0.19564555E-02   -0.80634510E-03    0.70788730E-02
 0.12732527E-02   -0.67747007E-03    0.75759013E-03    0.11513412E-02   -0.17975493E-03
 0.74007012E-04   -0.19920275E-04    0.45891427E-05    0.13875543E-03    0.50684025E-04
-0.13376751E-03   -0.42724968E-04   -0.39310790E-03    0.17131398E-02   -0.27090478E-02
 0.23715858E-02   -0.70267159E-02   -0.14188476E-03   -0.79603234E-04   -0.16086399E-02
-0.62223470E-04   -0.19641612E-03   -0.99055068E-05   -0.80709355E-05   -0.46823793E-03
 0.38961282E-03   -0.25034597E-03    0.12569839E-03   -0.12885822E-03    0.25042971E-04
 0.95148818E-04   -0.63140179E-04   -0.10129163E-03    0.11658914E-03   -0.28957449E-03
 0.34010586E-04    0.40238161E-03   -0.52581830E-04   -0.75270407E-03   -0.21779170E-04
-0.64689891E-05    0.23197952E-03    0.56648707E-04    0.26721075E-02   -0.22390298E-04
 0.25831544E-03    0.82735002E-04    0.59023966E-05    0.76465487E-03   -0.60568162E-03
 0.98649842E-03   -0.28875620E-03    0.15703724E-03   -0.85273181E-04   -0.15866090E-03
 0.46919186E-04    0.15755954E-03   -0.11543379E-03    0.50785230E-03    0.52769846E-04
-0.65039976E-03   -0.20353705E-04    0.10567841E-02    0.53166328E-04    0.82906715E-05
-0.13591621E-02   -0.37667809E-03    0.95397072E-04   -0.25703484E-02   -0.20245191E-03
-0.23898576E-03   -0.10196909E-03   -0.12405150E-04   -0.64401732E-03    0.51656781E-03
 0.64421906E-04    0.28887555E-03   -0.57792944E-04    0.11365285E-03    0.24798946E-03
-0.24473785E-03    0.19266879E-03    0.13650032E-03    0.17882905E-03   -0.63712886E-04
 0.63777372E-03    0.22185560E-03   -0.13319266E-02    0.86173134E-05    0.59633466E-05
 0.32167293E-02   -0.37514526E-02    0.23572985E-02    0.16730401E-02   -0.38440243E-03
 0.79278162E-02    0.23861821E-02   -0.14067013E-02    0.21150163E-04    0.22265804E-02
-0.33268510E-03    0.17861956E-03    0.68246188E-03    0.30684228E-03   -0.40937120E-03
 0.13832517E-04    0.54850355E-04    0.17523113E-03   -0.41940691E-03    0.59980680E-03
-0.12645310E-02   -0.25703816E-03    0.37341853E-02    0.30231050E-04   -0.23250163E-03
-0.19257124E-03   -0.13895822E-02   -0.53853107E-03    0.28204467E-04    0.22623463E-04
 0.15085749E-03    0.26492750E-03   -0.15521073E-04   -0.15071790E-03    0.14918937E-04
-0.14088779E-03    0.54858950E-04   -0.89941415E-04   -0.21153937E-03    0.31946029E-03
-0.24447697E-03   -0.19786628E-03   -0.22861386E-03   -0.29129640E-03   -0.10293454E-03
-0.50633527E-04   -0.23998259E-04   -0.57837785E-04    0.35914583E-03    0.31023948E-03
 0.21516304E-02    0.81921778E-03    0.17920573E-04   -0.26954902E-04   -0.94843785E-04
-0.27897984E-03    0.38738456E-03    0.26416584E-04    0.39709583E-04    0.22340518E-03
-0.95815246E-04    0.23539279E-03    0.29336017E-03   -0.58202253E-03    0.39138029E-03
 0.91147159E-04    0.27198067E-03    0.33457687E-03   -0.46009876E-04    0.17393269E-03
 0.45409335E-04   -0.37459002E-02   -0.44643103E-03    0.34249196E-03   -0.14622123E-03
-0.23899026E-02   -0.13360563E-02    0.17097799E-03    0.26245521E-04   -0.11129415E-02
 0.76930845E-03   -0.11918035E-03   -0.41291646E-03    0.38546494E-04    0.20174822E-04
 0.39163322E-03   -0.14965770E-03    0.61029264E-03    0.71391530E-03    0.71266043E-03
-0.12563557E-03    0.92754829E-03    0.36914641E-03   -0.59916503E-03   -0.17255084E-04
-0.10255217E-04    0.60872925E-02   -0.20982962E-01   -0.66678909E-03    0.10607323E-02
-0.11110771E-02    0.13098063E-02    0.92506113E-02   -0.29063358E-03   -0.73330813E-03
 0.79135974E-03    0.77248271E-03    0.11731003E-03    0.44834483E-04   -0.18244882E-03
-0.54695342E-04   -0.38172821E-03    0.85800101E-04    0.15004031E-03    0.36521188E-04
 0.30048756E-03    0.26138861E-03   -0.59802393E-03    0.10041951E-03    0.59673196E-03
 0.87078974E-04   -0.22828476E-03   -0.15650493E-03   -0.57462781E-03   -0.18429415E-02
 0.91752320E-04   -0.56498769E-05    0.35083230E-04    0.23643278E-03    0.40314206E-03
-0.32615738E-04    0.45168580E-04   -0.95627888E-04    0.22734955E-03   -0.20882473E-03
-0.31836589E-03    0.25498407E-03   -0.47863502E-03    0.75511885E-04    0.35807085E-04
-0.14844194E-03    0.18291430E-03    0.37383113E-04    0.56770318E-05   -0.21725247E-03
 0.31359289E-03    0.22433379E-03    0.88133787E-03    0.29427837E-02   -0.51719355E-04
-0.65926859E-05   -0.66629706E-04   -0.16988454E-03   -0.18528446E-03    0.72676822E-04
-0.61413218E-04    0.15702688E-03   -0.21135630E-03    0.20022973E-03    0.27462904E-03
-0.17858169E-03    0.50637556E-03   -0.36545256E-03   -0.22151291E-03    0.19177460E-03
-0.13684150E-03   -0.11415864E-03   -0.42390977E-05   -0.92591800E-03    0.19290043E-04
-0.89346244E-04   -0.77521360E-04   -0.10571720E-02   -0.33579460E-02    0.19536776E-03
 0.55358999E-05   -0.23683112E-03    0.43598487E-03    0.14898159E-02   -0.23355891E-03
 0.29696848E-04   -0.74343243E-04    0.51721816E-03   -0.13784597E-03    0.66435854E-04
 0.17431719E-03   -0.30688429E-03    0.35568200E-03    0.29818976E-03    0.13362822E-03
 0.24600438E-05    0.36313786E-04   -0.33333225E-05    0.44363956E-03   -0.40760839E-02
-0.32144793E-02   -0.76194769E-03   -0.24303258E-04    0.10655382E-03    0.31220241E-02
 0.98761597E-02   -0.52528282E-04    0.40819698E-03    0.75382149E-03   -0.52748956E-03
 0.54984846E-04   -0.12282370E-04   -0.31331825E-03    0.54322366E-04    0.16231952E-03
-0.49187882E-05    0.60046667E-04   -0.38087145E-04   -0.14620531E-04    0.66780546E-03
-0.13281684E-02    0.16631531E-02   -0.59310904E-02   -0.96527334E-05   -0.69792814E-04
 0.57354811E-04    0.88939834E-04    0.83993754E-04   -0.31014069E-03    0.36985389E-04
-0.15739612E-03   -0.26162291E-03    0.15955081E-03    0.15713411E-03   -0.42357325E-05
 0.14471868E-04   -0.32120339E-04    0.39629602E-04    0.92081062E-04   -0.10155199E-03
 0.16743793E-03    0.60215715E-04   -0.89876887E-04   -0.61653210E-04    0.55037052E-04
 0.13438661E-04    0.56839221E-05   -0.34586029E-04    0.81920177E-04   -0.59408071E-04
-0.15393356E-03   -0.52671152E-04    0.53024814E-03   -0.66530038E-04    0.36861243E-03
 0.31587598E-03   -0.15056359E-03   -0.27819563E-03   -0.30049810E-05    0.10519379E-04
 0.63801673E-04   -0.70712296E-04   -0.63372552E-04    0.20167229E-03   -0.13377313E-03
 0.77210442E-05    0.94089342E-04    0.16464107E-03   -0.66218091E-04    0.59065996E-05
-0.10560718E-04    0.74578444E-03    0.73213448E-04   -0.21271134E-03   -0.10312224E-03
 0.19225928E-03    0.24399813E-03   -0.60661626E-03    0.85019124E-04   -0.76162560E-04
-0.32747010E-03    0.33063914E-03    0.29873171E-03   -0.54839514E-05   -0.54253939E-04
-0.77472937E-04   -0.64443516E-05   -0.75696098E-04   -0.23787095E-03    0.31155807E-04
 0.11434286E-03   -0.31431510E-03   -0.18057922E-03   -0.35618746E-04   -0.32291989E-04
 0.23930526E-05   -0.10813164E-02    0.47643956E-02    0.63468949E-03   -0.95717579E-04
 0.58503574E-03    0.14044372E-03   -0.10721152E-02   -0.62927527E-03    0.20230294E-02
 0.39703493E-04    0.86137147E-04    0.23002915E-04   -0.15620990E-05    0.88193340E-05
-0.12442301E-04    0.26744085E-04    0.84703967E-05   -0.14132412E-04   -0.50232334E-05
-0.11076256E-04   -0.29465822E-05    0.19132350E-04   -0.54266563E-04    0.82322968E-04
-0.80305396E-04    0.26608596E-03   -0.32965911E-05    0.21849254E-04   -0.16969759E-04
 0.25864299E-05   -0.42541656E-05    0.40422121E-04   -0.15886204E-04    0.13666711E-04
 0.54111061E-05    0.36677878E-06    0.31892568E-04    0.74481366E-05    0.21126223E-05
 0.14781089E-04    0.30302891E-05    0.10379738E-05    0.19393328E-05   -0.86884570E-05
-0.21337446E-05    0.24214772E-05    0.46418364E-05    0.11642749E-04   -0.37865334E-07
-0.61372829E-06    0.56498581E-05   -0.31182189E-04    0.21285022E-04   -0.10139241E-04
-0.13523627E-04   -0.68140349E-04    0.25938730E-04   -0.37721573E-04   -0.63200342E-05
 0.62381797E-05   -0.34275724E-04   -0.10510950E-04   -0.67939916E-06   -0.12568451E-04
-0.71993533E-05   -0.53386477E-07   -0.14324483E-04    0.66538084E-05    0.10624496E-05
 0.10178913E-04   -0.19963471E-04   -0.57525312E-05   -0.40422831E-05    0.40861070E-06
 0.10589924E-04   -0.14655143E-04    0.24011003E-04   -0.12673586E-04    0.13979785E-04
 0.81585003E-05    0.88262694E-04   -0.35581351E-04    0.15974193E-04   -0.23965507E-04
 0.88815049E-05    0.73343902E-04    0.38898438E-05    0.34756697E-05    0.22523469E-04
 0.19510703E-04    0.97425983E-05    0.10932420E-04   -0.22038907E-04   -0.87194776E-05
-0.49273357E-05   -0.40827787E-05    0.28022103E-04    0.76688830E-05   -0.27477214E-05
-0.41368384E-04   -0.29854481E-04   -0.12405302E-03   -0.80721980E-05   -0.52857570E-04
 0.22105046E-04   -0.38540677E-04    0.21986594E-05   -0.25775314E-03    0.10165166E-03
 0.11054480E-02   -0.60795594E-02   -0.53347114E-03    0.43053172E-02   -0.52042711E-03
 0.48481352E-03    0.33217459E-03   -0.35591203E-03   -0.64136014E-03    0.94613277E-04
 0.96617533E-04    0.20703979E-03   -0.22837923E-03    0.18924684E-02   -0.31583580E-02
 0.15164311E-02    0.62482906E-03    0.26904586E-04   -0.58077194E-03   -0.58432372E-03
 0.50723094E-03    0.82581209E-04   -0.28116264E-03    0.29384929E-04   -0.22051907E-02
 0.42805710E-03   -0.18093014E-02    0.34234352E-03   -0.13808865E-03   -0.30568722E-04
-0.38142835E-03    0.18970551E-03   -0.24325029E-03    0.28412389E-03   -0.69098899E-03
-0.76654782E-04    0.32905526E-03   -0.63390926E-03    0.26767663E-03    0.37604800E-04
-0.40887709E-04    0.14715780E-03    0.10934571E-02    0.10440809E-02   -0.38078486E-03
-0.60122915E-04    0.58215178E-03   -0.58603780E-04    0.36227167E-02   -0.48712755E-03
 0.28613390E-02   -0.74050845E-03    0.30225547E-03   -0.35437027E-05    0.38367652E-03
-0.23986163E-04   -0.10917281E-03   -0.80887366E-03    0.82381482E-03   -0.22207627E-03
-0.77646191E-03    0.90780790E-03   -0.12981550E-03   -0.13854388E-03    0.14299356E-03
-0.65360070E-02   -0.10329547E-02    0.30303754E-03   -0.30856062E-03   -0.10615533E-03
-0.48116220E-03   -0.31784108E-03    0.22158820E-04   -0.50883613E-02    0.33768826E-03
-0.11168458E-02   -0.10394099E-03    0.32729257E-04    0.30009521E-03   -0.10404066E-03
-0.50652362E-03    0.75102510E-03    0.59048858E-03    0.11263003E-02   -0.45361734E-03
 0.18024541E-02    0.59985091E-03   -0.38322390E-03    0.14633007E-03   -0.31566633E-04
 0.11058791E-01   -0.25069323E-01   -0.91832129E-03    0.25518406E-02   -0.87034088E-03
 0.17573417E-02    0.30233171E-02    0.32100184E-03    0.30913200E-03   -0.35975004E-04
 0.13765337E-01   -0.56062653E-03    0.35143035E-02   -0.33899429E-03   -0.14374412E-02
 0.50615418E-03   -0.24730481E-03    0.30852889E-03    0.15519380E-03    0.12728257E-03
-0.73553879E-04   -0.52264276E-04    0.25510286E-03    0.15937481E-03    0.13251713E-03
-0.23176688E-03    0.15350382E-02   -0.36880170E-02   -0.13804838E-04    0.27151085E-03
 0.32051181E-03   -0.22416855E-03    0.13977055E-03   -0.13845940E-03    0.54805201E-05
-0.17901335E-03   -0.38339537E-02    0.81694329E-03   -0.12014715E-03    0.10745498E-03
 0.11804459E-03   -0.10527069E-03    0.24080560E-03    0.35201645E-03   -0.32121935E-03
 0.20684036E-03   -0.22583685E-03   -0.86221157E-04    0.42517137E-03   -0.29436642E-03
 0.37253066E-04    0.57412326E-04   -0.24303900E-05   -0.54037189E-03   -0.65984923E-03
 0.26387383E-03    0.51330068E-07    0.15664204E-03    0.25800309E-05    0.20130540E-03
 0.60932335E-02   -0.14807369E-02    0.16255810E-03   -0.17092027E-03   -0.12884052E-03
 0.17833852E-03   -0.27878653E-03   -0.29941260E-03    0.40159368E-03   -0.31238485E-03
 0.33302860E-03    0.27920034E-03   -0.59815590E-03    0.30563939E-03    0.54283933E-04
-0.10211368E-03    0.26778599E-02    0.42542705E-03   -0.25773344E-03    0.34966068E-03
 0.19092367E-03    0.44803351E-03   -0.19193801E-03   -0.24261096E-04   -0.20111955E-04
-0.58842209E-02    0.40452322E-03    0.18276581E-03   -0.56565441E-04    0.18900351E-04
-0.45209166E-03    0.24506073E-03   -0.30439262E-03   -0.44005504E-03   -0.68365320E-03
-0.16215078E-03   -0.49434669E-03   -0.17238566E-03    0.20783047E-03   -0.10504451E-03
 0.28049611E-04   -0.55488370E-02    0.65310063E-02   -0.15238570E-02   -0.12898855E-02
 0.53581342E-03   -0.17463845E-02   -0.13826261E-02   -0.44901122E-03    0.42933276E-03
 0.10675320E-03   -0.10811323E-04    0.15775056E-01   -0.39429123E-02   -0.56480321E-02
 0.93279217E-03   -0.12304456E-03    0.13942007E-03    0.10118115E-03   -0.23472182E-02
-0.98877633E-03    0.35630190E-03   -0.72480275E-04    0.21387678E-03   -0.93203334E-03
-0.36416837E-03    0.68987428E-03    0.19198868E-03   -0.14339045E-02    0.83451157E-03
-0.12703707E-03   -0.70429857E-03    0.50476297E-04    0.74496539E-03    0.30853717E-03
 0.17363691E-04   -0.21149448E-04   -0.37345320E-03    0.37201379E-03   -0.37563109E-01
-0.16340332E-03   -0.19281534E-03    0.17890547E-03   -0.34694211E-03   -0.41849758E-03
-0.39524654E-03    0.30915728E-03   -0.53857979E-03    0.12849131E-03    0.22903896E-03
-0.52642957E-04    0.86207503E-03    0.12577581E-03   -0.21664501E-04    0.46476565E-03
 0.10990285E-02    0.73303096E-04   -0.87431064E-03   -0.70110950E-03    0.38195427E-04
-0.29195075E-04    0.48950551E-03   -0.88413156E-03    0.70363649E-01    0.40436626E-03
 0.25090800E-03   -0.38687806E-03    0.47995017E-03    0.31394277E-03   -0.10149868E-03
-0.58622088E-04    0.29300038E-03   -0.40577743E-03   -0.68470276E-03    0.86247742E-05
-0.98588392E-03   -0.66421244E-03    0.45378727E-04    0.18641288E-03   -0.90213388E-04
-0.54104724E-03    0.11175217E-03    0.39331333E-03    0.14373814E-02    0.24758051E-03
-0.13098848E-04    0.17852614E-03   -0.10565701E-03   -0.61450661E-01    0.68408036E-04
-0.76129743E-04    0.31238620E-03    0.14696649E-04   -0.33623471E-04   -0.42782979E-03
 0.51923661E-03   -0.72499952E-07    0.11639208E-03    0.50131003E-04    0.58248700E-03
 0.81550108E-03    0.17332523E-03   -0.70062418E-05   -0.19694311E-03    0.12206815E-01
 0.50967253E-03    0.22564918E-03    0.22464711E-02   -0.32408787E-03   -0.23823701E-02
-0.31834246E-02   -0.11034157E-03    0.14785957E-04   -0.75813700E-03    0.21271915E-03
 0.15022222E+00   -0.13313456E-02   -0.12165698E-02   -0.21115965E-02    0.49945417E-04
-0.13369938E-03    0.49731439E-04    0.23483487E-03   -0.31854127E-03    0.55871789E-04
-0.92745483E-05   -0.43330712E-04   -0.21649436E-03   -0.60150232E-03   -0.90901502E-04
 0.74721662E-03   -0.91407352E-03    0.24264265E-02    0.64368925E-04   -0.31367817E-03
 0.13161458E-03   -0.10529268E-03   -0.63029637E-04    0.17870156E-03    0.27548926E-04
 0.32114868E-03    0.76581010E-04   -0.90795779E-03   -0.23755518E-02   -0.39053338E-04
 0.13931624E-03   -0.73135255E-04   -0.35682768E-04    0.13438183E-03   -0.43609450E-03
-0.24031828E-03   -0.78212371E-05    0.16609611E-03    0.75841786E-04   -0.59820116E-04
 0.16330356E-03    0.45320009E-05   -0.42330020E-04    0.37848276E-03   -0.24436941E-03
 0.16299278E-03    0.12456393E-03   -0.31117992E-03   -0.40234461E-04   -0.44629830E-03
-0.41672554E-04    0.17620134E-02    0.46746560E-02   -0.47894905E-04   -0.27245071E-03
-0.67214517E-04    0.18244520E-03   -0.73903845E-04    0.74616843E-03    0.22866644E-03
-0.17894744E-04   -0.36065731E-03   -0.24774222E-03    0.14807834E-03   -0.47383455E-03
 0.24389658E-04   -0.71823242E-03    0.99530656E-04   -0.79656173E-04    0.40470841E-03
-0.54747025E-04   -0.26905432E-03    0.21465552E-03    0.77734894E-04    0.10968218E-03
 0.76177349E-04   -0.38016103E-03   -0.50871042E-02    0.71807507E-04    0.16162500E-03
 0.48260940E-04   -0.35922851E-04    0.19331907E-03   -0.56589883E-03    0.11362249E-03
-0.43027245E-04    0.27683887E-03    0.49338452E-03   -0.70336713E-04    0.20678896E-03
-0.26083535E-05    0.18407300E-02   -0.81179673E-03    0.19214114E-02   -0.41087508E-04
 0.31534845E-03   -0.70844952E-03    0.51999162E-03    0.16143744E-03   -0.95783922E-03
-0.15849588E-03   -0.57178286E-03   -0.39388292E-03    0.32912199E-03    0.17978263E-01
-0.14160068E-03   -0.14217446E-03   -0.41568997E-03   -0.52525290E-05   -0.15903954E-04
-0.24754908E-04   -0.24915789E-04   -0.76708103E-04    0.97453289E-04   -0.32673135E-04
-0.84643721E-04   -0.95634572E-05   -0.11841622E-03    0.38049612E-03   -0.57379677E-03
 0.93109475E-03   -0.30190919E-02    0.29742547E-04    0.29178608E-04   -0.11995798E-03
 0.71242589E-04    0.34265319E-04   -0.14054317E-04    0.78437078E-05   -0.40494654E-04
 0.55230379E-04   -0.29256255E-03   -0.25982920E-04   -0.21656178E-03    0.49583031E-04
 0.63658001E-04    0.37857841E-04   -0.20360939E-04   -0.16024396E-04   -0.35076383E-04
 0.42172316E-04    0.16013712E-03    0.60780003E-04   -0.59080127E-04    0.12600425E-04
 0.93262384E-05   -0.57874302E-05   -0.56775491E-04    0.12601786E-03   -0.59157559E-04
-0.49618520E-04    0.10046429E-04   -0.12070281E-04    0.15139434E-03   -0.50324685E-04
 0.13458467E-03   -0.47661397E-04    0.36270791E-03   -0.69930027E-04   -0.81226149E-04
-0.10147831E-03   -0.49778059E-04    0.38068037E-05    0.22749240E-04   -0.54033819E-04
-0.17582727E-03   -0.96444568E-04    0.13607811E-03    0.89470108E-06   -0.11818352E-04
 0.97327912E-04    0.38311556E-04    0.52029344E-04   -0.88036652E-04   -0.29103109E-04
-0.94848596E-05    0.90595532E-05    0.10799100E-05   -0.85189164E-05   -0.62923732E-04
-0.15511666E-03    0.69290501E-04   -0.42573519E-03    0.44315126E-04   -0.12497495E-04
-0.12112099E-04   -0.94774829E-05   -0.58003690E-04   -0.63685896E-04    0.55830509E-05
 0.62833630E-04    0.26902194E-04   -0.31412331E-05   -0.32339211E-04    0.10316913E-04
 0.91071546E-04    0.10527848E-02    0.95488579E-03    0.10215191E-03   -0.47999939E-04
 0.40644537E-03    0.23161302E-04   -0.22162195E-03    0.10544034E-04   -0.94514320E-05
 0.16688896E-04    0.22693285E-04    0.26624766E-03   -0.12005779E-03    0.12749275E-02
 0.95566184E-04    0.80528643E-03    0.53868887E-03   -0.61335973E-03    0.34441188E-04
-0.63105945E-04   -0.14889413E-03    0.88464094E-04    0.15010595E-03   -0.85580367E-05
-0.42633742E-04    0.32210331E-04   -0.17917479E-05   -0.16543586E-03   -0.17253124E-03
 0.46756870E-03   -0.24294239E-02    0.94266730E-04    0.74787896E-04    0.77502592E-04
-0.93112218E-04   -0.92674890E-04    0.81475702E-05   -0.33212483E-06    0.13467205E-03
-0.61700459E-04    0.48785285E-03    0.73273604E-04    0.58783586E-04   -0.13861461E-03
 0.84972893E-05    0.30121471E-04    0.12004342E-03   -0.30016300E-04    0.91114803E-04
-0.18159723E-04   -0.14054064E-04    0.79335627E-04   -0.18855683E-03    0.76445916E-05
 0.16804100E-04   -0.20963686E-03   -0.14277990E-03   -0.17951082E-03    0.14855105E-03
 0.16619872E-03    0.17633852E-05    0.39352053E-05   -0.18569248E-03    0.84393660E-04
-0.83592336E-03   -0.23656956E-03   -0.93206514E-04    0.33678854E-03    0.70398107E-04
-0.93337231E-05   -0.28082018E-04    0.81311802E-04   -0.96644415E-05    0.11936886E-03
 0.16163224E-03   -0.65337805E-04    0.34636214E-03    0.25652611E-04   -0.39125974E-04
 0.94523500E-03    0.31848330E-03    0.26391707E-04    0.60143143E-04   -0.98825655E-04
-0.19528518E-04   -0.32600724E-04    0.30602158E-05    0.39507619E-03   -0.71769493E-04
 0.49706826E-03    0.18651443E-03    0.21759884E-04   -0.36407316E-03   -0.58752633E-04
 0.44818792E-04   -0.68477441E-04   -0.11968190E-03   -0.21456109E-03    0.20772817E-04
-0.30386575E-03   -0.15416054E-03   -0.36805325E-03   -0.29460652E-04    0.21744404E-04
-0.13559791E-02    0.48704548E-02    0.72395850E-03   -0.75219805E-03    0.12768676E-05
-0.29604065E-03   -0.23308516E-03    0.63102113E-04    0.23703333E-03   -0.16092367E-04
-0.10954111E-02   -0.68096129E-04   -0.10760456E-02   -0.48485019E-03   -0.88573097E-04
 0.11737245E-02   -0.99347235E-04   -0.15666637E-03    0.85523659E-03   -0.15213400E-03
 0.10130551E-03    0.39951160E-04   -0.16866633E-03   -0.39888520E-04   -0.92259591E-04
 0.15937705E-04    0.89716100E-05    0.10980250E-03    0.36436062E-03    0.17071353E-03
-0.25135217E-03    0.57111651E-03   -0.15081979E-02    0.13516209E-03   -0.50069097E-04
 0.18919459E-03    0.26288148E-03    0.37493834E-03   -0.63373612E-04    0.11243945E-04
 0.74816954E-04   -0.36772552E-03   -0.26846410E-03   -0.63750634E-05    0.51302029E-04
-0.56488441E-04   -0.14346118E-02    0.15139214E-04    0.90838594E-04   -0.32621419E-03
 0.16215502E-03    0.10594380E-03    0.34433802E-04    0.22664342E-03    0.37678512E-03
 0.13872053E-04    0.59158007E-04   -0.18563285E-03    0.65959334E-04   -0.29894748E-03
-0.31492518E-03   -0.34402600E-03    0.85750186E-04   -0.59224781E-05   -0.18463949E-03
 0.49569146E-03    0.22206566E-03   -0.19385056E-03   -0.61124498E-04    0.13313783E-03
 0.21042175E-02   -0.40685653E-05   -0.25266585E-03    0.37300803E-03   -0.27307679E-03
-0.21335555E-03   -0.16663458E-04   -0.26660097E-03   -0.60200602E-03   -0.45837032E-04
-0.70655948E-04    0.35492145E-03    0.18578252E-03   -0.24331399E-06    0.26573750E-03
 0.41895073E-03    0.57584748E-03   -0.68771174E-04    0.21068533E-04    0.86191330E-04
-0.54265596E-03    0.14355241E-03    0.10834044E-03   -0.29543471E-04   -0.10539706E-03
-0.22638888E-02    0.58527350E-04    0.46920704E-04   -0.54336026E-03   -0.76902177E-04
-0.73046002E-05   -0.52770080E-04    0.46405350E-03    0.50710395E-03    0.31879627E-04
 0.85068017E-04   -0.83394417E-03    0.15596101E-02   -0.14382022E-02   -0.64664914E-03
-0.15685052E-03   -0.68911004E-03   -0.13152920E-02   -0.12596158E-02    0.27179772E-03
-0.59765976E-04   -0.39634412E-03    0.17281396E-02   -0.50115881E-03   -0.38659750E-03
-0.28837205E-05    0.23462056E-03    0.68913072E-02    0.65644234E-03   -0.15264387E-02
-0.61109406E-03    0.16120082E-02   -0.13328786E-03    0.14597808E-03    0.73528596E-03
-0.31047524E-04   -0.97664155E-03    0.22566857E-04    0.19362168E-03    0.39923898E-03
 0.74315818E-03    0.57029334E-03   -0.85165908E-03    0.10064511E-02    0.26013079E-02
-0.74334122E-04   -0.57682693E-04   -0.14916606E-04   -0.59709151E-04    0.42035411E-04
 0.21610126E-04    0.96266230E-05   -0.47361806E-04    0.47734280E-03   -0.80964006E-03
-0.15104487E-03    0.11672833E-04    0.27166599E-04   -0.19359274E-03   -0.13998703E-02
-0.10166800E-02    0.22872701E-03   -0.34147158E-03   -0.93219317E-04   -0.55445737E-04
-0.17656112E-03    0.49620833E-03   -0.48815843E-06   -0.21094228E-04    0.50555367E-04
 0.23011918E-03    0.16412024E-03    0.28932156E-03   -0.21971402E-03   -0.32331859E-04
 0.13022459E-05   -0.15715720E-03   -0.55798431E-03    0.12503623E-02    0.90625303E-04
 0.42782355E-04   -0.10141549E-04    0.97114472E-04    0.23095990E-02    0.13293431E-02
-0.55443957E-03    0.24502980E-03   -0.18453113E-03    0.76413444E-04    0.69462844E-04
-0.42287816E-03   -0.10068815E-03    0.36615025E-04   -0.18852411E-02   -0.30606946E-03
 0.24954381E-03   -0.87417353E-05    0.73305975E-04   -0.10076167E-03   -0.33589659E-04
 0.30486034E-04   -0.82616511E-03    0.53594895E-03   -0.30515877E-03   -0.19042717E-03
 0.60953351E-04    0.16847543E-04   -0.30859834E-04   -0.29197894E-02   -0.11907480E-02
 0.40964071E-03    0.16661488E-03   -0.18258330E-03    0.33559596E-03    0.17621028E-03
 0.70800969E-04    0.24045250E-03   -0.18768394E-04    0.91025086E-03   -0.17649814E-01
-0.89027251E-02   -0.65258663E-03   -0.13805621E-02   -0.47483265E-03    0.14320340E-02
 0.20142367E-02   -0.58593371E-03    0.75509541E-05    0.21089281E-02   -0.70503789E-03
-0.21104995E-03   -0.40775625E-03   -0.42522745E-03   -0.60296401E-03    0.32702224E-03
 0.13461351E-01   -0.70725906E-03    0.35455902E-02    0.13501181E-02   -0.24042821E-02
 0.26455208E-03   -0.36906861E-03   -0.61345501E-03    0.82491716E-04    0.60248753E-03
-0.33692430E-04   -0.28086302E-03   -0.49097119E-04    0.17433768E-03   -0.75430689E-04
 0.15657312E-03    0.15940088E-02   -0.80017584E-02   -0.35504000E-04    0.34507261E-03
 0.53148974E-04   -0.24830312E-03   -0.38590902E-03    0.13315043E-03   -0.14578893E-04
-0.66322812E-05   -0.11792990E-03    0.59543924E-03   -0.66527086E-04    0.49200229E-04
 0.20178549E-03    0.45276387E-03   -0.95262744E-03   -0.13872903E-02   -0.13826354E-03
 0.70031151E-04    0.81273517E-04   -0.17254121E-04    0.35440529E-03    0.17938010E-03
-0.26151365E-04    0.33530812E-04   -0.79876869E-04   -0.51822597E-03   -0.25377078E-03
 0.27892320E-03    0.40523481E-03   -0.21044693E-03    0.13549115E-04   -0.28943686E-03
 0.25470795E-03   -0.15800161E-02    0.13966631E-03   -0.15213447E-03   -0.18858387E-03
-0.59524409E-03    0.13194533E-02    0.22989654E-02    0.22052365E-03   -0.67854575E-04
-0.49678803E-04   -0.11127390E-04   -0.35373105E-03   -0.21911470E-03    0.11194700E-03
-0.88138032E-04    0.42884735E-02    0.56946891E-03   -0.52535848E-04    0.25872234E-04
 0.83666551E-04    0.21414659E-03    0.29477950E-04    0.15449375E-05    0.10250836E-02
-0.73158622E-03    0.13207312E-03    0.30099889E-03   -0.65267387E-04   -0.58518437E-04
 0.15049326E-03   -0.12336974E-02   -0.28308233E-02   -0.61240907E-03   -0.10366042E-02
 0.14860737E-03   -0.11354287E-02   -0.67238290E-03    0.66405711E-03   -0.13659518E-03
 0.10821861E-04   -0.64632824E-02    0.18492456E-01    0.29100061E-02   -0.83750029E-03
 0.36635422E-03   -0.21236829E-03   -0.19855964E-02   -0.48012422E-03    0.36331782E-03
-0.49482214E-04   -0.29515714E-02    0.13078075E-03    0.20393760E-02   -0.28507524E-04
 0.15652699E-03    0.42483322E-03   -0.55217405E-03    0.19227514E-02    0.89958324E-02
-0.72325690E-03    0.15552889E-02   -0.49126686E-04   -0.10194054E-02    0.20805788E-03
-0.67754630E-04    0.55436928E-04    0.81604287E-04    0.44624676E-03   -0.84266120E-05
-0.10614947E-03    0.12491514E-03   -0.34228856E-03    0.16861060E-02   -0.25463981E-02
 0.37153203E-02   -0.11893607E-01    0.85113648E-04    0.72318481E-04    0.11044958E-03
 0.69383012E-04    0.11786564E-03   -0.48007360E-04   -0.18643286E-06   -0.42995732E-04
-0.34427347E-03    0.34637630E-03   -0.48254412E-03    0.14652851E-04    0.63610687E-04
-0.14913720E-03    0.15225240E-04    0.15936571E-03   -0.21028187E-02    0.39250488E-04
-0.14972851E-03   -0.17972729E-04   -0.82013290E-04   -0.71813469E-04   -0.65996027E-05
 0.44675733E-04   -0.23152477E-03   -0.14097959E-03   -0.32967718E-04    0.81447766E-04
 0.93602661E-04    0.45775799E-04   -0.67942499E-05    0.16597022E-04    0.29495927E-03
-0.70021302E-03    0.96766413E-03   -0.77477392E-04   -0.86329573E-04    0.12834725E-03
-0.20616373E-03   -0.33788360E-03    0.33390323E-02   -0.39003500E-04    0.35656485E-03
 0.11250838E-03    0.28580628E-03    0.20943503E-03    0.60324683E-04   -0.66717703E-04
 0.13336701E-02    0.49129388E-03   -0.20797875E-04   -0.30266899E-04    0.21846433E-03
 0.79395161E-04   -0.13900662E-03    0.11518123E-04   -0.39036796E-04   -0.28379839E-03
 0.65047719E-03   -0.62599456E-03   -0.72104908E-04    0.16741942E-04   -0.45975265E-03
 0.15818473E-03   -0.16909197E-03   -0.39632518E-02   -0.31690373E-03   -0.17381075E-03
-0.40554850E-03   -0.24733654E-03    0.23950433E-03   -0.66068504E-04    0.44349472E-04
-0.22608293E-02    0.41072173E-02    0.34861253E-02   -0.53147623E-03    0.32976537E-03
 0.44799604E-03   -0.74636242E-03   -0.11103777E-02    0.53027134E-03   -0.50879374E-04
-0.29916487E-03    0.19773609E-03   -0.20521456E-02    0.24016551E-02    0.30201686E-03
 0.13347595E-03    0.10409802E-02   -0.24600770E-02    0.72608122E-03    0.11844020E-01
-0.12086309E-02    0.44291983E-02    0.89371938E-04   -0.37391192E-02    0.47932408E-03
-0.42453273E-03   -0.37602932E-03    0.42066331E-04    0.74927643E-03    0.13768329E-03
-0.12220325E-03   -0.45174366E-04    0.49638664E-03   -0.35436121E-03    0.37769346E-03
 0.14920786E-02   -0.99069238E-02   -0.15807948E-03    0.62395225E-03   -0.14361160E-04
-0.22911847E-03   -0.46403852E-03    0.20752974E-03   -0.25872852E-04   -0.46581385E-04
-0.65067236E-03    0.11887719E-02   -0.15483486E-03    0.46685774E-04    0.18167730E-03
 0.56819556E-03   -0.27982219E-03   -0.11206294E-03   -0.40412404E-03   -0.11252525E-02
-0.37601309E-03    0.40979400E-03    0.54085189E-03   -0.13392704E-03   -0.48686804E-04
 0.50501345E-04    0.36266243E-04   -0.10589747E-02   -0.91623786E-04    0.23558442E-03
 0.54382791E-03   -0.32073738E-03    0.36867970E-04    0.13193694E-03    0.76474445E-03
-0.17552276E-02    0.31809499E-03   -0.13916718E-03   -0.19118739E-03   -0.73940469E-03
 0.11188180E-03    0.19084308E-03    0.93333282E-03    0.19209483E-02    0.77419915E-03
-0.46761273E-03   -0.59397622E-03    0.30481667E-03    0.12944251E-03   -0.12083379E-03
 0.68201998E-02    0.74248282E-03   -0.21525002E-03   -0.93236835E-04    0.39303086E-04
 0.21212424E-04    0.16265720E-03   -0.32279966E-04    0.17159972E-02   -0.13089708E-02
 0.11126209E-02    0.51848873E-03   -0.13639474E-03   -0.23688222E-03    0.23794648E-04
 0.70029840E-04   -0.11553253E-02   -0.10433068E-02   -0.39279067E-02   -0.38419862E-03
-0.14479172E-02   -0.79328301E-03    0.79421093E-03   -0.26513125E-03    0.53567227E-04
-0.11265835E-01    0.30376571E-01    0.19105055E-02   -0.16345181E-02    0.66940030E-03
-0.46355783E-03   -0.36570932E-02    0.39643117E-03    0.48744212E-03    0.32509299E-04
-0.46073649E-02    0.20643220E-02    0.20213271E-02   -0.57763257E-03    0.29168574E-03
 0.95811943E-03    0.24431656E-03   -0.19967939E-02    0.41608116E-02    0.11437958E-02
 0.12966403E-01    0.62822393E-03    0.55250525E-03   -0.12551415E-02    0.13571763E-03
-0.14246727E-04   -0.51824572E-05    0.62519531E-03    0.11491040E-03   -0.10399202E-03
 0.49072275E-04    0.14160463E-03    0.15131867E-03    0.63661827E-03    0.90360365E-04
-0.35360851E-03    0.44604291E-03   -0.20309281E-04    0.28453304E-04    0.15134815E-03
 0.23778049E-04   -0.11406345E-03    0.11756511E-03    0.54295880E-04    0.10680750E-04
-0.98216529E-04   -0.22173829E-03    0.37488205E-03   -0.87275537E-04    0.32020358E-04
-0.43671681E-04    0.69977460E-04   -0.82866600E-05    0.18854374E-04   -0.11113483E-03
-0.37911892E-03   -0.14501020E-02   -0.81787076E-04    0.16596906E-03   -0.15541946E-03
-0.36407969E-04    0.11351502E-04   -0.36322731E-04   -0.28721276E-03    0.12445983E-04
 0.88772494E-04   -0.28994912E-03   -0.21330188E-04   -0.13324651E-05   -0.39311198E-04
 0.29754819E-03   -0.32012162E-03   -0.72766748E-04   -0.73793694E-04    0.82037648E-04
-0.16069636E-03   -0.36614886E-04   -0.11919396E-03    0.26778634E-03    0.63574401E-03
 0.23926578E-02    0.11379429E-03   -0.37994055E-03    0.22729362E-03    0.12681367E-03
-0.22580692E-04    0.83338481E-04    0.38604319E-04    0.18715624E-03   -0.52796308E-04
 0.91204580E-04    0.45867807E-03    0.53170210E-04   -0.51027917E-06   -0.25204305E-03
-0.19850723E-03    0.94818069E-04   -0.73963537E-04   -0.94697828E-05   -0.43640861E-04
 0.13906757E-04    0.84145753E-04    0.26552727E-04   -0.20714655E-03   -0.71325615E-03
-0.29444037E-02   -0.14836439E-03    0.75100631E-04    0.21990539E-04    0.58876497E-05
 0.29358155E-04   -0.11208786E-02   -0.33317515E-02   -0.20632997E-02   -0.43867239E-03
-0.54410590E-03   -0.94489614E-04    0.13715829E-03   -0.75502338E-03   -0.28300026E-03
 0.36036443E-05    0.51041861E-03    0.66611884E-03    0.39396757E-03   -0.22996016E-03
-0.15205934E-03    0.12511709E-03   -0.22992731E-04    0.69110936E-03   -0.56396524E-03
 0.37693494E-03    0.17225738E-02    0.89115342E-02   -0.12490493E-02    0.57994582E-02
 0.68831698E-03   -0.45160261E-02    0.60301128E-03   -0.40289366E-03   -0.28413121E-03
 0.33796454E-03    0.76853488E-03   -0.15288855E-03   -0.17182121E-03    0.34117803E-03
 0.45135342E-03   -0.84290158E-03    0.11281265E-02    0.14317806E-02   -0.88664537E-02
-0.49346926E-04    0.52748046E-03    0.57509211E-03   -0.36741030E-03    0.38976921E-04
 0.10611139E-04   -0.14405361E-04    0.44893157E-03   -0.86604182E-03    0.20865622E-02
 0.50504134E-04    0.22954562E-03    0.12397888E-03    0.48024947E-03   -0.24382432E-03
 0.15752622E-03   -0.44940249E-03    0.81153759E-03   -0.12703373E-03   -0.25681190E-02
 0.12134160E-03   -0.82370065E-04    0.16048068E-04    0.52542585E-04   -0.28372912E-03
-0.90710215E-03   -0.11521208E-02    0.33941149E-03   -0.15119285E-03   -0.11909049E-03
 0.25468877E-04   -0.78035371E-03    0.12792209E-02   -0.32581882E-02    0.66625257E-04
-0.34578993E-03   -0.48274346E-04   -0.55495233E-03    0.47649843E-04   -0.83984416E-04
 0.11135642E-02   -0.89666115E-03    0.31639596E-03    0.36729113E-02   -0.11046004E-04
 0.19744238E-03    0.14212676E-04   -0.15610302E-03    0.71313331E-02    0.97173616E-03
-0.50673605E-03    0.30607358E-03    0.21418596E-04    0.59247524E-03   -0.98685896E-04
-0.14641369E-04    0.21502940E-02   -0.93224991E-03    0.13236325E-02    0.55273852E-03
 0.22219905E-04   -0.30059271E-03    0.90569808E-04    0.17764432E-03   -0.99886203E-03
-0.11048936E-02   -0.10649142E-02    0.14851044E-03   -0.60355481E-02   -0.15912662E-02
 0.61558120E-03   -0.90787005E-04    0.33349564E-04   -0.12375989E-01    0.28536856E-01
 0.75116584E-03   -0.24372355E-02    0.19235690E-02   -0.19702265E-02   -0.33651802E-02
-0.51741280E-03    0.86776628E-03    0.35412997E-04   -0.60888847E-02    0.20959855E-02
 0.30189972E-03   -0.74051723E-03   -0.13828693E-03    0.10896598E-02    0.69806361E-04
-0.16531938E-02    0.36158550E-02    0.11724544E-02    0.43936817E-02    0.14532670E-03
 0.17571916E-01   -0.13892193E-02    0.11486343E-02    0.96876511E-03   -0.19550909E-02
 0.20044636E-03   -0.13491174E-03   -0.73254082E-03   -0.71804071E-04    0.34489127E-03
 0.87760269E-05   -0.81855342E-04    0.11780420E-03    0.23639492E-03    0.22836336E-03
-0.42664504E-03    0.13100658E-02   -0.63228642E-02   -0.12480484E-03   -0.14198263E-04
 0.18536456E-03   -0.11409507E-04   -0.88119825E-04   -0.59653640E-04   -0.86548573E-05
 0.11181664E-03   -0.10019443E-03    0.62132605E-03    0.93969762E-04    0.95318371E-04
 0.74798910E-04    0.37549982E-03   -0.12164601E-03    0.43014923E-04   -0.31824310E-03
 0.21827730E-03    0.16228770E-03   -0.51074714E-03   -0.10720546E-02    0.13645146E-03
 0.13098173E-03   -0.17550619E-05    0.93037933E-04   -0.42001212E-04   -0.47415509E-03
 0.29733564E-04    0.14352863E-03    0.52331702E-04    0.64615221E-05    0.36824143E-04
 0.11378006E-03   -0.10755051E-02   -0.15714435E-03   -0.13526246E-03   -0.10014202E-03
-0.45514656E-03    0.12687661E-03    0.56094312E-04    0.83521185E-03   -0.31146451E-03
-0.39046692E-03    0.68991728E-03    0.18568717E-02   -0.26118638E-03   -0.10558568E-03
-0.11554554E-04    0.30951814E-02    0.21632076E-03   -0.24057180E-03    0.64440165E-04
-0.42648924E-04    0.19498391E-03   -0.86569334E-04   -0.13265309E-04    0.70471406E-03
-0.41162654E-03    0.11672049E-02    0.56213224E-03   -0.46231646E-05   -0.12339494E-03
 0.54635275E-03    0.88648037E-05   -0.60667525E-03   -0.47663200E-03   -0.61567778E-03
 0.16509064E-03   -0.15712865E-02   -0.29124679E-02    0.33940821E-03   -0.39228142E-04
-0.96186214E-05   -0.52501731E-02    0.14361111E-01    0.84868867E-03   -0.47316969E-03
 0.86209045E-03   -0.80669160E-03   -0.15872179E-02   -0.24819991E-03    0.63748337E-03
 0.31794515E-05   -0.18117114E-02    0.15177915E-03   -0.17153595E-02   -0.10374359E-02
-0.91072748E-04    0.47179981E-03   -0.11953122E-02   -0.82900390E-03    0.21179532E-02
 0.10747978E-02    0.26356934E-02   -0.48834198E-03    0.49142083E-02    0.86253114E-02
 0.24223557E-02   -0.29058448E-02   -0.16970433E-02    0.34153896E-02   -0.48577746E-03
 0.39830242E-03    0.11942987E-02    0.16851874E-03   -0.68476718E-03    0.12129130E-03
 0.94978731E-04    0.22413544E-03   -0.41052721E-03    0.18819400E-02   -0.34859603E-02
 0.19761214E-02   -0.13406076E-03    0.13791810E-03   -0.49273876E-03   -0.90097881E-03
-0.80783167E-04    0.24236640E-03   -0.48270794E-04    0.39803863E-04   -0.16553557E-03
 0.38167288E-03   -0.41088252E-03   -0.13843993E-03   -0.10134434E-03   -0.27688430E-03
 0.22792065E-04    0.39507040E-03    0.24715244E-03    0.26913503E-03   -0.27962559E-03
-0.17229417E-03    0.28781295E-03   -0.24910028E-03   -0.20936335E-02   -0.95731129E-05
-0.44441665E-04   -0.14113408E-03    0.75858099E-03    0.15814206E-02    0.12209500E-03
-0.24376945E-03    0.13266917E-03   -0.29848336E-04    0.31912893E-03   -0.36141180E-03
 0.70151407E-03   -0.93162420E-04    0.21997542E-03    0.49458712E-03   -0.28004958E-03
-0.35412158E-03   -0.26330917E-03   -0.62314873E-03    0.52494181E-03    0.22772365E-03
-0.16196878E-03    0.12801837E-03    0.32522007E-02    0.85237482E-04    0.84089114E-04
-0.52161532E-02   -0.40786032E-03   -0.80382349E-04   -0.12313331E-02   -0.35292510E-03
-0.29882276E-03   -0.12715547E-03    0.46413996E-04   -0.13769011E-02    0.98590567E-03
-0.22589518E-04   -0.47513504E-03    0.79700428E-04   -0.25919541E-03    0.51518421E-03
-0.65275701E-04    0.10061911E-02    0.86108996E-03    0.13227801E-02   -0.14737978E-03
 0.14555282E-02    0.70126478E-03   -0.39446160E-02    0.17849093E-03   -0.39930313E-04
 0.78955773E-02   -0.27933174E-01   -0.28004984E-02    0.35798959E-03    0.47007061E-04
 0.39502333E-02    0.43545784E-02    0.10688278E-02   -0.64770918E-03   -0.55419449E-04
 0.38523178E-02   -0.12372483E-02   -0.38884588E-02    0.52090346E-03   -0.18663771E-03
 0.57491366E-03   -0.17089123E-02    0.19916945E-02   -0.39158057E-02   -0.12777411E-02
-0.56062735E-02    0.50838980E-03   -0.46455329E-02   -0.26990365E-02    0.14738651E-01
-0.24395621E-04    0.21610893E-02   -0.79684524E-04   -0.14242680E-02    0.12826476E-03
-0.14341390E-03   -0.42370153E-04    0.11034370E-03    0.14717456E-03   -0.22488938E-04
-0.47475484E-04    0.10882966E-03    0.31598633E-03   -0.45626325E-03    0.23985936E-03
 0.42877554E-03   -0.25873666E-02   -0.69846309E-04    0.23843441E-03    0.48034014E-04
-0.16410998E-03    0.78996559E-04    0.63388991E-04   -0.46814798E-05    0.85084977E-04
-0.17028356E-03    0.85108961E-03    0.72047910E-04    0.59642049E-04    0.60487981E-04
 0.14949711E-03    0.75968305E-06    0.29851717E-04   -0.16347349E-03    0.12716963E-03
-0.33182288E-04    0.54996427E-04    0.35165419E-03   -0.70635942E-04   -0.22935053E-03
 0.16854178E-04    0.51129298E-04   -0.42132334E-03   -0.97458903E-04    0.17837011E-03
-0.12850121E-03   -0.54434779E-04   -0.15850563E-05   -0.98235631E-04    0.27573093E-03
-0.15795698E-02   -0.29827332E-03   -0.66195227E-04   -0.39382221E-04   -0.15247910E-03
-0.14114264E-03    0.61554337E-04    0.38273642E-03   -0.21669829E-04    0.19325839E-03
-0.52226647E-04   -0.31920208E-03    0.10812893E-03    0.66164886E-03   -0.52362823E-04
 0.25798566E-02    0.26234055E-03   -0.13629944E-03    0.20199780E-05   -0.52901440E-04
 0.21104745E-03   -0.10751903E-05    0.16128501E-05    0.69857333E-03   -0.39642788E-03
 0.53980168E-03    0.39003405E-03   -0.66149597E-04   -0.83902158E-04    0.38202546E-04
 0.26763275E-03   -0.36366956E-03   -0.35781185E-03   -0.58593736E-03    0.13431027E-03
-0.52631860E-03   -0.21773191E-03    0.23431154E-03   -0.80942934E-03    0.13235311E-04
-0.44150367E-02    0.10211819E-01   -0.90092492E-03   -0.78692906E-03    0.30911910E-03
-0.58439051E-03   -0.11319114E-02   -0.10777142E-04    0.27328521E-03   -0.22902173E-05
-0.17462636E-02    0.76881780E-03   -0.90366919E-05   -0.12537852E-02   -0.10572349E-06
 0.25575751E-03    0.16988943E-03   -0.52648428E-03    0.12342985E-02    0.22794040E-05
 0.21863069E-02    0.15959390E-03    0.17680632E-02    0.84935660E-03   -0.19181548E-02
 0.30569355E-02    0.59159521E-04   -0.41213112E-03   -0.12832249E-04    0.20487252E-03
-0.30706147E-04    0.33396577E-04   -0.28228483E-05   -0.16930104E-04   -0.16709293E-04
-0.37121854E-05    0.93222357E-06   -0.29498889E-04   -0.52564530E-04    0.53427546E-04
-0.71749821E-04   -0.17818875E-04    0.26651960E-03   -0.11000442E-04   -0.49620115E-04
 0.89045628E-06    0.21605497E-04    0.11186301E-04   -0.50069068E-05    0.39743734E-07
-0.13501699E-05    0.70616067E-04   -0.99560234E-04    0.22693171E-05   -0.13263935E-05
 0.53327242E-05    0.29704216E-04   -0.32580458E-06    0.66331102E-07    0.56005918E-04
-0.25645570E-04    0.12245944E-05   -0.69245538E-05   -0.55133327E-04    0.16294919E-04
 0.13478478E-05   -0.21719679E-04    0.26250080E-04    0.77647639E-04    0.66190115E-05
-0.22267454E-04   -0.14128801E-04    0.12003401E-04   -0.47586351E-06    0.42427543E-04
-0.93838835E-04    0.16006769E-03    0.73165720E-05    0.47565484E-05   -0.12472806E-04
-0.34426266E-04    0.84426413E-06   -0.13552583E-04   -0.93093627E-04    0.18650130E-04
-0.19979071E-04   -0.36079414E-04    0.67138175E-04   -0.11672196E-04   -0.11445406E-04
 0.31786468E-04   -0.33128742E-03   -0.66774979E-04    0.66641389E-05    0.86690667E-05
 0.12603840E-05   -0.24405774E-04   -0.23664435E-05   -0.16026676E-05   -0.10580922E-03
 0.73427495E-04   -0.67470936E-04   -0.30935408E-04    0.13764592E-04    0.29437921E-04
 0.78980830E-04   -0.21342286E-04    0.38989239E-04    0.84445153E-04    0.95410682E-04
 0.11407493E-04    0.90399389E-04    0.17036822E-04   -0.40240356E-04    0.11841053E-04
-0.23502539E-04    0.55008328E-03   -0.13948863E-02    0.56799105E-04    0.18913918E-03
-0.74461485E-05    0.36990950E-04    0.18125808E-03    0.38718173E-04   -0.26481263E-04
 0.18210442E-05    0.29097512E-03   -0.17250006E-03    0.39315495E-05    0.67599508E-04
-0.32758442E-04   -0.96626207E-04   -0.30468407E-03    0.75698424E-04   -0.13765720E-03
-0.10369485E-03   -0.32590467E-03   -0.64226623E-04   -0.29932573E-03   -0.52349720E-04
 0.27017455E-03   -0.11283553E-03    0.84594902E-04   -0.10087515E-02    0.51394756E-02
 0.90536301E-04   -0.37834920E-02    0.49612440E-03   -0.43297427E-03   -0.61190508E-04
 0.22558026E-03    0.43811001E-03   -0.42585712E-04   -0.13143924E-03   -0.31768836E-04
 0.98219592E-04   -0.10731497E-02    0.11568915E-02    0.57495882E-03   -0.47685938E-02
-0.39013004E-04    0.59887723E-03    0.17548221E-03   -0.27412116E-03   -0.57344829E-04
 0.12163720E-03   -0.24154790E-04    0.30418070E-03   -0.71686660E-03    0.16307526E-02
-0.11612161E-03    0.11688932E-03    0.15757475E-03    0.49869270E-03   -0.93512332E-04
 0.10206371E-03   -0.39663189E-03    0.49768867E-03    0.18086543E-04   -0.10521969E-03
 0.48799428E-03   -0.15400549E-03   -0.30272481E-04    0.50527469E-04   -0.11763335E-03
-0.88575099E-03   -0.47326895E-03    0.22157517E-03   -0.26580431E-04   -0.20502321E-03
 0.30967490E-04   -0.50137417E-03    0.96034535E-03   -0.27459090E-02    0.19421738E-03
-0.19072677E-03   -0.14297701E-03   -0.57377779E-03    0.64922163E-04    0.91155029E-04
 0.85092352E-03   -0.44471097E-03    0.19752895E-03    0.29703423E-03   -0.60615762E-03
 0.25134003E-03    0.13202625E-03   -0.11673317E-03    0.51450869E-02    0.69313562E-03
-0.26237922E-03    0.88334509E-04    0.77250644E-04    0.47001619E-03    0.81062898E-05
-0.10504550E-04    0.15370296E-02   -0.89710578E-03    0.89397116E-03    0.35725706E-03
-0.79700450E-04   -0.13912263E-03    0.72240695E-04    0.20346986E-03   -0.79283235E-03
-0.75846232E-03   -0.10465998E-02    0.16833995E-03   -0.14782818E-02   -0.62811194E-03
 0.42665097E-03   -0.16497474E-03    0.25050370E-04   -0.84812404E-02    0.18957557E-01
 0.10377914E-02   -0.15597609E-02    0.75982012E-03   -0.88078379E-03   -0.22583974E-02
-0.65771476E-03    0.45783618E-03    0.10877140E-04   -0.40210298E-02    0.14892585E-02
-0.31710380E-04   -0.28731138E-03    0.11048891E-03    0.57904539E-03    0.84859645E-04
-0.15144489E-02    0.26137193E-02    0.86914676E-03    0.38780157E-02   -0.10763312E-03
 0.44326230E-02    0.18748803E-02   -0.32584492E-02    0.14192737E-02   -0.21015418E-03
 0.38763706E-02    0.16105042E-02   -0.56033053E-02   -0.17372999E-03    0.42567949E-02
-0.61357788E-03    0.47815607E-03    0.30015531E-03   -0.18053855E-03   -0.50579604E-03
 0.67558467E-04    0.16461265E-03    0.58088956E-04   -0.47388836E-04    0.10902924E-02
-0.14924711E-02   -0.56763661E-03    0.57130983E-02    0.17118538E-04   -0.63931110E-03
-0.24806817E-03    0.25121541E-03    0.45301692E-04   -0.13187717E-03    0.24267629E-04
-0.35884869E-03    0.75635802E-03   -0.17689533E-02    0.82396744E-04   -0.11429435E-03
-0.15788587E-03   -0.50845559E-03    0.13445871E-03   -0.86642221E-04    0.43358197E-03
-0.49942134E-03   -0.28806340E-04    0.10251107E-03   -0.51987665E-03    0.19698366E-03
 0.16671304E-04   -0.58467160E-04    0.14237273E-03    0.98229229E-03    0.56463513E-03
-0.17712942E-03   -0.73922194E-05    0.26016825E-03   -0.34295418E-04    0.57196380E-03
-0.10170708E-02    0.29727931E-02   -0.21415999E-03    0.21740622E-03    0.17411994E-03
 0.61646080E-03   -0.92959001E-04   -0.72003363E-04   -0.10319407E-02    0.52359158E-03
-0.15857500E-03   -0.26512086E-03    0.63576400E-03   -0.25860307E-03   -0.10639473E-03
 0.13380819E-03   -0.57598841E-02   -0.78578588E-03    0.30519022E-03   -0.93795003E-04
-0.93366941E-04   -0.46622185E-03   -0.21160792E-04    0.14572853E-04   -0.17432778E-02
 0.99514537E-03   -0.10229862E-02   -0.36896614E-03    0.89586136E-04    0.15120365E-03
-0.86805564E-04   -0.24486956E-03    0.85488692E-03    0.84102040E-03    0.11810620E-02
-0.24184048E-03    0.15959158E-02    0.71158556E-03   -0.52358459E-03    0.19064965E-03
-0.29407879E-04    0.93034451E-02   -0.23428478E-01   -0.15134957E-02    0.17443640E-02
-0.93055017E-03    0.98376255E-03    0.27508931E-02    0.67232126E-03   -0.54206905E-03
-0.11104277E-04    0.46240574E-02   -0.16207757E-02   -0.29796323E-03    0.18701255E-03
-0.13250427E-03   -0.67445327E-03   -0.12018006E-03    0.19922154E-02   -0.29796877E-02
-0.97230785E-03   -0.45555117E-02    0.24782753E-03   -0.50066182E-02   -0.22146100E-02
 0.39346543E-02   -0.16503565E-02    0.24631053E-03   -0.42236167E-02    0.49468451E-02
-0.37354254E-02    0.36245498E-02   -0.43283141E-03   -0.42491730E-02    0.59624500E-03
-0.44855613E-03   -0.10958631E-02   -0.40704467E-03    0.54552119E-03   -0.66605471E-04
-0.17841498E-03   -0.11931760E-03   -0.43830962E-04   -0.11274320E-02    0.18968619E-02
 0.44700618E-03   -0.62573648E-02   -0.14700428E-04    0.47502560E-03    0.35953591E-03
 0.74366560E-04   -0.79167482E-04    0.15669661E-03   -0.25404547E-04    0.34841005E-03
-0.55446014E-03    0.10682045E-02   -0.11307940E-03    0.87641241E-04    0.17787331E-03
 0.39019203E-03   -0.15944767E-03    0.14076125E-03   -0.43654757E-03    0.41448006E-03
 0.14690716E-03   -0.79934659E-04    0.34747151E-03    0.70226266E-05    0.75837223E-05
 0.52538199E-04   -0.65131652E-04   -0.76344253E-03   -0.66236818E-03   -0.79497227E-04
 0.11849488E-03   -0.32927302E-03    0.32193385E-04   -0.40848379E-03    0.64629704E-03
-0.17246153E-02    0.36852150E-03   -0.18129459E-03   -0.25637414E-03   -0.49028355E-03
 0.26331864E-03   -0.13655232E-03    0.11110691E-02   -0.64916066E-03   -0.13480832E-03
 0.23088582E-04   -0.48722959E-03    0.13747290E-03   -0.10858389E-03   -0.11015437E-03
 0.55329936E-02    0.73879518E-03   -0.35555308E-03    0.14684626E-03    0.20167631E-03
 0.39497650E-03    0.42451393E-04   -0.14249577E-04    0.16962314E-02   -0.94284357E-03
 0.64090403E-03    0.32691774E-03   -0.10503875E-03   -0.13404999E-03    0.65334131E-04
 0.24651314E-03   -0.78409723E-03   -0.77015987E-03   -0.11251457E-02    0.31686509E-03
-0.15446548E-02   -0.82485486E-03    0.61550581E-03   -0.15349378E-03    0.24453690E-04
-0.83901259E-02    0.28057369E-01    0.22910403E-02   -0.14870625E-02    0.11694564E-02
-0.11600722E-02   -0.34955832E-02   -0.68030239E-03    0.60445679E-03   -0.74443629E-05
-0.46085005E-02    0.12469921E-02    0.20356481E-02    0.16129763E-03    0.17872675E-03
 0.67819186E-03    0.20499525E-03   -0.23516510E-02    0.31285112E-02    0.79018009E-03
 0.48111672E-02   -0.47789679E-03    0.50056142E-02    0.26322543E-02   -0.46574597E-02
 0.16294481E-02   -0.24586147E-03    0.40798999E-02   -0.50711779E-02    0.63136229E-02
 0.44159775E-03   -0.15633666E-02    0.13237302E-03    0.12302054E-02   -0.18409569E-03
 0.14005281E-03    0.62640476E-04   -0.62895194E-05   -0.25673436E-03    0.37762254E-04
 0.51781435E-04    0.16109084E-04   -0.40627594E-04    0.35231409E-03   -0.43499644E-03
-0.28445681E-03    0.23133503E-02    0.30101782E-04   -0.20715478E-03   -0.41329299E-04
 0.45590508E-04   -0.22739696E-04   -0.38443954E-04    0.62012144E-05   -0.10575904E-03
 0.21498588E-03   -0.47098329E-03    0.24568973E-04   -0.28494775E-04   -0.50210748E-04
-0.13879505E-03    0.34724084E-05   -0.46000279E-04    0.11022557E-03   -0.91352924E-04
-0.76143151E-05   -0.16468759E-04   -0.19260917E-03    0.53358335E-04    0.22550051E-04
-0.17300972E-04    0.45471537E-05    0.33283830E-03    0.11916481E-03   -0.16295827E-04
 0.45425029E-04    0.73563983E-04   -0.77267046E-05    0.12881643E-03   -0.30906501E-03
 0.79231089E-03   -0.43053316E-04    0.41933013E-04    0.53116828E-04    0.14502770E-03
 0.40419857E-04    0.95031512E-05   -0.26089724E-03    0.10471786E-03   -0.11212591E-03
-0.37355466E-04    0.21622121E-03   -0.82966226E-04   -0.44642958E-04    0.39131234E-04
-0.22104673E-02   -0.30306533E-03    0.12112902E-03   -0.28565445E-05   -0.47220152E-04
-0.19883670E-03    0.55162421E-05    0.55615014E-05   -0.66391529E-03    0.35381784E-03
-0.32207263E-03   -0.17946823E-03    0.36595475E-04    0.74192810E-04   -0.18149113E-04
-0.88058390E-04    0.31782574E-03    0.30018731E-03    0.47804774E-03   -0.97314223E-04
 0.59689541E-03    0.24024412E-03   -0.18063271E-03    0.73842805E-04   -0.10550046E-04
 0.30122082E-02   -0.95400106E-02   -0.32625754E-03    0.61401699E-03   -0.32153241E-03
 0.31880124E-03    0.11540535E-02    0.19470647E-03   -0.25050943E-03   -0.83003611E-05
 0.16194010E-02   -0.52188788E-03   -0.43120498E-03    0.18810934E-03   -0.28865780E-04
-0.26806722E-03   -0.15057680E-03    0.62537603E-03   -0.10150648E-02   -0.14755198E-03
-0.17521559E-02    0.96001922E-04   -0.17616569E-02   -0.75863062E-03    0.15050369E-02
-0.69505974E-03    0.95180974E-04   -0.12242733E-02    0.14569056E-02   -0.15651953E-02
 0.70640239E-03    0.11388849E-03    0.30503783E-03   -0.20987553E-03   -0.80612335E-04
 0.27958305E-04   -0.16802050E-05    0.16052165E-03    0.68169284E-04   -0.17291592E-03
-0.36153212E-04    0.36794136E-04    0.92621550E-04    0.22934819E-03   -0.11132875E-03
 0.11538451E-03   -0.11463195E-04    0.80819014E-03   -0.72182993E-05    0.76862152E-04
 0.12971794E-04   -0.14179849E-04    0.76495583E-04    0.46043884E-05   -0.42703549E-06
 0.95284551E-05   -0.32594231E-04    0.10805020E-03   -0.18064641E-04    0.58326354E-05
 0.12648405E-04    0.21267510E-04   -0.29536042E-05   -0.13444124E-04   -0.14691077E-04
 0.41036609E-04   -0.30238245E-05    0.12905064E-04    0.41431873E-04   -0.77079298E-05
-0.10722014E-04    0.25034613E-05   -0.19741039E-04   -0.89171294E-04   -0.69489716E-05
 0.16476762E-04   -0.11830687E-03   -0.64162273E-05    0.40431702E-05   -0.71957914E-04
 0.25382267E-04   -0.13949311E-03   -0.38664702E-05   -0.11220436E-04   -0.61885199E-05
-0.26594102E-04    0.18374248E-04    0.11054011E-04    0.14392387E-04   -0.32471025E-04
-0.13128934E-04    0.93619595E-05   -0.83652247E-04    0.33973586E-04    0.25227349E-04
-0.74082360E-05    0.38463839E-03    0.57555154E-04   -0.74452843E-05    0.14141461E-04
 0.24206446E-04    0.45248508E-04    0.92878201E-05    0.43015792E-06    0.98622422E-04
 0.10250725E-04    0.70791003E-04    0.34531370E-04    0.27828379E-05   -0.20889833E-04
-0.28427593E-05    0.20234117E-04   -0.51417219E-04   -0.24756884E-04   -0.76741497E-04
 0.18660935E-04   -0.82465635E-04   -0.11245360E-04    0.17913925E-04   -0.17773017E-04
-0.16720230E-05   -0.11669871E-02   -0.90942055E-03   -0.21955824E-02   -0.55896711E-03
-0.18886509E-03   -0.39271404E-03   -0.11063320E-03    0.37663135E-03   -0.45890386E-04
 0.19646967E-04   -0.17400330E-03    0.23907739E-03   -0.80796833E-04   -0.27986525E-03
-0.12012284E-03   -0.35357719E-04    0.20212238E-03    0.10568622E-02   -0.18744613E-03
-0.44577839E-03    0.34113751E-04    0.19912296E-03    0.21087299E-03    0.28960664E-04
 0.50365620E-04    0.24677881E-03   -0.21992028E-04    0.10022188E-03   -0.76834011E-04
-0.86367160E-06   -0.56987511E-04    0.40087977E-03
