Mplus VERSION 9
MUTHEN & MUTHEN
10/07/2026   7:53 AM

INPUT INSTRUCTIONS

  TITLE:
  Round2C C1_MI02 attempt01
  DATA:
  FILE = "data.dat";
  VARIABLE:
  NAMES = fid x1 x2 x3 x4 x5 y1 y2 y3 y4 y5 c1 c2 c3 c4 c5 c6 c7 c8 c9 c10 c11 c12 c13
       c14 c15 c16 c17 c18 c19 c20 c21 c22 c23 c24;
   MISSING=.;
   CLUSTER=fid; USEVARIABLES=x1-x5 y1-y5 c1-c24;
  ANALYSIS:
  TYPE=COMPLEX; ESTIMATOR=MLR; PROCESSORS=1; COVERAGE=.005; ITERATIONS=1000;
  MODEL:
  ix sx | x1@0 x2*0.4 x3*0.6 x4*0.8 x5@1 ;
  iy sy | y1@0 y2@0.4 y3@0.6 y4@0.8 y5@1 ;
  iy ON ix (bii);
  sy ON ix (bis);
  sy ON sx (bss);
  sy ON iy (bsyiy);
  ix WITH sx;
  ix sx iy sy ON c1-c24;
  sx WITH iy;
  sy@0;
  OUTPUT:
  TECH1 TECH3 TECH4 SAMPSTAT RESIDUAL CINTERVAL;
  SAVEDATA:
  TECH3=tech3.dat; RESULTS=estimates.dat;



INPUT READING TERMINATED NORMALLY




Round2C C1_MI02 attempt01

SUMMARY OF ANALYSIS

Number of groups                                                 1
Number of observations                                        3274

Number of dependent variables                                   10
Number of independent variables                                 24
Number of continuous latent variables                            4

Observed dependent variables

  Continuous
   X1          X2          X3          X4          X5          Y1
   Y2          Y3          Y4          Y5

Observed independent variables
   C1          C2          C3          C4          C5          C6
   C7          C8          C9          C10         C11         C12
   C13         C14         C15         C16         C17         C18
   C19         C20         C21         C22         C23         C24

Continuous latent variables
   IX          SX          IY          SY

Variables with special functions

  Cluster variable      FID

Estimator                                                      MLR
Information matrix                                        OBSERVED
Maximum number of iterations                                  1000
Convergence criterion                                    0.500D-04
Maximum number of steepest descent iterations                   20
Maximum number of iterations for H1                           2000
Convergence criterion for H1                             0.100D-03

Input data file(s)
  data.dat

Input data format  FREE


SUMMARY OF DATA

     Number of missing data patterns            68
     Number of clusters                       2410



COVARIANCE COVERAGE OF DATA

Minimum covariance coverage value   0.005


     PROPORTION OF DATA PRESENT


           Covariance Coverage
              X1            X2            X3            X4            X5
              ________      ________      ________      ________      ________
 X1             1.000
 X2             0.917         0.917
 X3             0.687         0.616         0.687
 X4             0.335         0.310         0.292         0.335
 X5             0.273         0.252         0.239         0.178         0.273
 Y1             1.000         0.917         0.687         0.335         0.273
 Y2             0.918         0.915         0.615         0.311         0.252
 Y3             0.726         0.653         0.677         0.303         0.249
 Y4             0.365         0.337         0.309         0.324         0.195
 Y5             0.272         0.252         0.234         0.175         0.262
 C1             1.000         0.917         0.687         0.335         0.273
 C2             1.000         0.917         0.687         0.335         0.273
 C3             1.000         0.917         0.687         0.335         0.273
 C4             1.000         0.917         0.687         0.335         0.273
 C5             1.000         0.917         0.687         0.335         0.273
 C6             1.000         0.917         0.687         0.335         0.273
 C7             1.000         0.917         0.687         0.335         0.273
 C8             1.000         0.917         0.687         0.335         0.273
 C9             1.000         0.917         0.687         0.335         0.273
 C10            1.000         0.917         0.687         0.335         0.273
 C11            1.000         0.917         0.687         0.335         0.273
 C12            1.000         0.917         0.687         0.335         0.273
 C13            1.000         0.917         0.687         0.335         0.273
 C14            1.000         0.917         0.687         0.335         0.273
 C15            1.000         0.917         0.687         0.335         0.273
 C16            1.000         0.917         0.687         0.335         0.273
 C17            1.000         0.917         0.687         0.335         0.273
 C18            1.000         0.917         0.687         0.335         0.273
 C19            1.000         0.917         0.687         0.335         0.273
 C20            1.000         0.917         0.687         0.335         0.273
 C21            1.000         0.917         0.687         0.335         0.273
 C22            1.000         0.917         0.687         0.335         0.273
 C23            1.000         0.917         0.687         0.335         0.273
 C24            1.000         0.917         0.687         0.335         0.273


           Covariance Coverage
              Y1            Y2            Y3            Y4            Y5
              ________      ________      ________      ________      ________
 Y1             1.000
 Y2             0.918         0.918
 Y3             0.726         0.653         0.726
 Y4             0.365         0.338         0.330         0.365
 Y5             0.272         0.252         0.248         0.196         0.272
 C1             1.000         0.918         0.726         0.365         0.272
 C2             1.000         0.918         0.726         0.365         0.272
 C3             1.000         0.918         0.726         0.365         0.272
 C4             1.000         0.918         0.726         0.365         0.272
 C5             1.000         0.918         0.726         0.365         0.272
 C6             1.000         0.918         0.726         0.365         0.272
 C7             1.000         0.918         0.726         0.365         0.272
 C8             1.000         0.918         0.726         0.365         0.272
 C9             1.000         0.918         0.726         0.365         0.272
 C10            1.000         0.918         0.726         0.365         0.272
 C11            1.000         0.918         0.726         0.365         0.272
 C12            1.000         0.918         0.726         0.365         0.272
 C13            1.000         0.918         0.726         0.365         0.272
 C14            1.000         0.918         0.726         0.365         0.272
 C15            1.000         0.918         0.726         0.365         0.272
 C16            1.000         0.918         0.726         0.365         0.272
 C17            1.000         0.918         0.726         0.365         0.272
 C18            1.000         0.918         0.726         0.365         0.272
 C19            1.000         0.918         0.726         0.365         0.272
 C20            1.000         0.918         0.726         0.365         0.272
 C21            1.000         0.918         0.726         0.365         0.272
 C22            1.000         0.918         0.726         0.365         0.272
 C23            1.000         0.918         0.726         0.365         0.272
 C24            1.000         0.918         0.726         0.365         0.272


           Covariance Coverage
              C1            C2            C3            C4            C5
              ________      ________      ________      ________      ________
 C1             1.000
 C2             1.000         1.000
 C3             1.000         1.000         1.000
 C4             1.000         1.000         1.000         1.000
 C5             1.000         1.000         1.000         1.000         1.000
 C6             1.000         1.000         1.000         1.000         1.000
 C7             1.000         1.000         1.000         1.000         1.000
 C8             1.000         1.000         1.000         1.000         1.000
 C9             1.000         1.000         1.000         1.000         1.000
 C10            1.000         1.000         1.000         1.000         1.000
 C11            1.000         1.000         1.000         1.000         1.000
 C12            1.000         1.000         1.000         1.000         1.000
 C13            1.000         1.000         1.000         1.000         1.000
 C14            1.000         1.000         1.000         1.000         1.000
 C15            1.000         1.000         1.000         1.000         1.000
 C16            1.000         1.000         1.000         1.000         1.000
 C17            1.000         1.000         1.000         1.000         1.000
 C18            1.000         1.000         1.000         1.000         1.000
 C19            1.000         1.000         1.000         1.000         1.000
 C20            1.000         1.000         1.000         1.000         1.000
 C21            1.000         1.000         1.000         1.000         1.000
 C22            1.000         1.000         1.000         1.000         1.000
 C23            1.000         1.000         1.000         1.000         1.000
 C24            1.000         1.000         1.000         1.000         1.000


           Covariance Coverage
              C6            C7            C8            C9            C10
              ________      ________      ________      ________      ________
 C6             1.000
 C7             1.000         1.000
 C8             1.000         1.000         1.000
 C9             1.000         1.000         1.000         1.000
 C10            1.000         1.000         1.000         1.000         1.000
 C11            1.000         1.000         1.000         1.000         1.000
 C12            1.000         1.000         1.000         1.000         1.000
 C13            1.000         1.000         1.000         1.000         1.000
 C14            1.000         1.000         1.000         1.000         1.000
 C15            1.000         1.000         1.000         1.000         1.000
 C16            1.000         1.000         1.000         1.000         1.000
 C17            1.000         1.000         1.000         1.000         1.000
 C18            1.000         1.000         1.000         1.000         1.000
 C19            1.000         1.000         1.000         1.000         1.000
 C20            1.000         1.000         1.000         1.000         1.000
 C21            1.000         1.000         1.000         1.000         1.000
 C22            1.000         1.000         1.000         1.000         1.000
 C23            1.000         1.000         1.000         1.000         1.000
 C24            1.000         1.000         1.000         1.000         1.000


           Covariance Coverage
              C11           C12           C13           C14           C15
              ________      ________      ________      ________      ________
 C11            1.000
 C12            1.000         1.000
 C13            1.000         1.000         1.000
 C14            1.000         1.000         1.000         1.000
 C15            1.000         1.000         1.000         1.000         1.000
 C16            1.000         1.000         1.000         1.000         1.000
 C17            1.000         1.000         1.000         1.000         1.000
 C18            1.000         1.000         1.000         1.000         1.000
 C19            1.000         1.000         1.000         1.000         1.000
 C20            1.000         1.000         1.000         1.000         1.000
 C21            1.000         1.000         1.000         1.000         1.000
 C22            1.000         1.000         1.000         1.000         1.000
 C23            1.000         1.000         1.000         1.000         1.000
 C24            1.000         1.000         1.000         1.000         1.000


           Covariance Coverage
              C16           C17           C18           C19           C20
              ________      ________      ________      ________      ________
 C16            1.000
 C17            1.000         1.000
 C18            1.000         1.000         1.000
 C19            1.000         1.000         1.000         1.000
 C20            1.000         1.000         1.000         1.000         1.000
 C21            1.000         1.000         1.000         1.000         1.000
 C22            1.000         1.000         1.000         1.000         1.000
 C23            1.000         1.000         1.000         1.000         1.000
 C24            1.000         1.000         1.000         1.000         1.000


           Covariance Coverage
              C21           C22           C23           C24
              ________      ________      ________      ________
 C21            1.000
 C22            1.000         1.000
 C23            1.000         1.000         1.000
 C24            1.000         1.000         1.000         1.000


SAMPLE STATISTICS


     ESTIMATED SAMPLE STATISTICS


           Means
              X1            X2            X3            X4            X5
              ________      ________      ________      ________      ________
                0.000         0.203         0.166         0.248         0.241


           Means
              Y1            Y2            Y3            Y4            Y5
              ________      ________      ________      ________      ________
                0.000         0.027         0.105         0.035         0.176


           Means
              C1            C2            C3            C4            C5
              ________      ________      ________      ________      ________
                0.496         0.195         0.436         0.308         0.242


           Means
              C6            C7            C8            C9            C10
              ________      ________      ________      ________      ________
                3.159         7.151         0.202         0.079         0.004


           Means
              C11           C12           C13           C14           C15
              ________      ________      ________      ________      ________
                0.108         2.199         0.688         0.539         0.318


           Means
              C16           C17           C18           C19           C20
              ________      ________      ________      ________      ________
                0.434         0.829         0.233         0.186         0.109


           Means
              C21           C22           C23           C24
              ________      ________      ________      ________
                0.212         0.684         0.292         3.717


           Covariances
              X1            X2            X3            X4            X5
              ________      ________      ________      ________      ________
 X1             1.000
 X2             0.296         0.970
 X3             0.249         0.259         0.817
 X4             0.276         0.366         0.351         0.970
 X5             0.293         0.312         0.292         0.444         0.870
 Y1            -0.164        -0.164        -0.126        -0.163        -0.168
 Y2            -0.126        -0.226        -0.135        -0.186        -0.179
 Y3            -0.158        -0.160        -0.195        -0.183        -0.194
 Y4            -0.160        -0.140        -0.159        -0.243        -0.240
 Y5            -0.103        -0.182        -0.121        -0.211        -0.227
 C1            -0.020        -0.017        -0.019        -0.012        -0.008
 C2             0.033         0.023         0.006         0.036         0.019
 C3             0.031         0.030         0.009         0.025         0.015
 C4            -0.006         0.030         0.020         0.015        -0.003
 C5            -0.019        -0.042        -0.027        -0.011        -0.026
 C6            -0.004        -0.029        -0.018        -0.034        -0.067
 C7            -0.095        -0.175        -0.092        -0.225        -0.208
 C8            -0.039        -0.029        -0.042        -0.030        -0.022
 C9             0.016         0.012         0.022         0.015         0.012
 C10            0.000        -0.002        -0.002         0.001         0.001
 C11           -0.006        -0.009        -0.009        -0.040         0.004
 C12            0.051         0.066         0.018         0.038         0.069
 C13            0.115         0.084         0.018         0.096         0.045
 C14           -0.006        -0.005        -0.030         0.003        -0.013
 C15           -0.039        -0.034        -0.023        -0.025        -0.027
 C16            0.052         0.042         0.037         0.041         0.025
 C17            0.013         0.017         0.027         0.033         0.023
 C18            0.047         0.036         0.029         0.020         0.033
 C19           -0.022        -0.014        -0.013        -0.024        -0.015
 C20            0.032         0.023         0.024         0.016         0.020
 C21            0.018         0.007        -0.002         0.008         0.008
 C22           -0.045        -0.022        -0.006        -0.032        -0.013
 C23            0.005        -0.031        -0.018        -0.112        -0.036
 C24            0.203         0.264        -0.066         0.326         0.199


           Covariances
              Y1            Y2            Y3            Y4            Y5
              ________      ________      ________      ________      ________
 Y1             1.000
 Y2             0.453         1.154
 Y3             0.492         0.617         1.168
 Y4             0.443         0.468         0.508         1.085
 Y5             0.417         0.547         0.559         0.549         1.187
 C1            -0.082        -0.087        -0.089        -0.073        -0.072
 C2            -0.062        -0.064        -0.064        -0.058        -0.053
 C3            -0.078        -0.079        -0.084        -0.079        -0.056
 C4            -0.030        -0.007        -0.016         0.016        -0.002
 C5             0.075         0.064         0.061         0.032         0.040
 C6             0.093         0.124         0.096         0.166         0.128
 C7             0.533         0.459         0.449         0.626         0.397
 C8             0.005         0.007         0.016        -0.003        -0.001
 C9            -0.007        -0.011        -0.015        -0.008        -0.017
 C10            0.002         0.002         0.000         0.005         0.002
 C11           -0.001         0.010         0.008         0.001         0.010
 C12           -0.132        -0.111        -0.144        -0.088        -0.069
 C13           -0.251        -0.227        -0.228        -0.222        -0.203
 C14            0.050         0.016         0.027         0.002         0.034
 C15            0.164         0.140         0.139         0.104         0.104
 C16           -0.129        -0.121        -0.119        -0.077        -0.106
 C17           -0.055        -0.049        -0.048        -0.027        -0.032
 C18           -0.015         0.002        -0.008        -0.003        -0.004
 C19            0.034         0.032         0.029         0.040         0.051
 C20           -0.007        -0.010        -0.015        -0.004        -0.014
 C21            0.022         0.022         0.015        -0.003         0.043
 C22            0.071         0.075         0.077         0.074         0.061
 C23            0.201         0.142         0.188         0.113         0.108
 C24           -0.433        -0.514        -0.383        -0.541        -0.400


           Covariances
              C1            C2            C3            C4            C5
              ________      ________      ________      ________      ________
 C1             0.250
 C2             0.035         0.157
 C3            -0.009         0.042         0.246
 C4             0.000         0.004        -0.015         0.213
 C5             0.005        -0.018        -0.025        -0.075         0.184
 C6            -0.038        -0.061        -0.109         0.073         0.031
 C7            -0.140        -0.210        -0.468         0.198         0.202
 C8            -0.002        -0.003        -0.003        -0.013         0.004
 C9             0.002         0.006         0.016        -0.009        -0.003
 C10           -0.001        -0.001        -0.001        -0.001         0.002
 C11            0.001        -0.002         0.011        -0.002        -0.008
 C12            0.042         0.028         0.003        -0.007         0.008
 C13            0.126         0.192         0.231        -0.026        -0.075
 C14           -0.003        -0.011        -0.022         0.003         0.037
 C15           -0.030        -0.022        -0.022         0.000         0.012
 C16            0.030         0.018         0.004         0.002        -0.008
 C17            0.036         0.011         0.000         0.001        -0.004
 C18           -0.010        -0.007        -0.005         0.011        -0.012
 C19            0.001        -0.004        -0.021         0.001         0.013
 C20           -0.002        -0.001         0.016        -0.003        -0.001
 C21           -0.014        -0.007        -0.004        -0.011         0.015
 C22           -0.008        -0.063        -0.113         0.004         0.029
 C23           -0.050        -0.021        -0.009        -0.016         0.019
 C24            0.073         0.245         0.375        -0.054        -0.033


           Covariances
              C6            C7            C8            C9            C10
              ________      ________      ________      ________      ________
 C6             1.375
 C7             3.679        22.418
 C8            -0.138        -0.328         0.161
 C9            -0.038        -0.122        -0.016         0.073
 C10            0.002         0.011        -0.001         0.000         0.004
 C11            0.083         0.339         0.000        -0.003         0.000
 C12           -0.033        -0.069         0.010        -0.001        -0.001
 C13           -0.280        -1.051         0.021         0.041         0.000
 C14            0.012         0.178         0.008        -0.014         0.002
 C15            0.018         0.115         0.001        -0.004         0.000
 C16            0.000         0.007        -0.008         0.003         0.000
 C17           -0.060        -0.181        -0.001         0.004         0.000
 C18            0.016        -0.012         0.000        -0.001         0.000
 C19            0.052         0.217        -0.006        -0.005         0.000
 C20           -0.035        -0.122         0.004         0.004         0.000
 C21            0.013         0.073        -0.004         0.000         0.001
 C22            0.085         0.370        -0.005        -0.012         0.001
 C23            0.082         0.480         0.003        -0.003         0.001
 C24           -0.618        -2.008         0.067         0.040         0.004


           Covariances
              C11           C12           C13           C14           C15
              ________      ________      ________      ________      ________
 C11            0.096
 C12            0.003         1.030
 C13            0.039         0.241         1.543
 C14           -0.003         0.010        -0.083         0.248
 C15            0.002        -0.047        -0.079         0.003         0.217
 C16           -0.001         0.052         0.043         0.002        -0.138
 C17           -0.024         0.016         0.030        -0.028        -0.008
 C18           -0.004        -0.008        -0.050        -0.006        -0.002
 C19           -0.002        -0.011        -0.058         0.018         0.007
 C20           -0.001         0.011         0.014         0.001        -0.002
 C21            0.008        -0.003        -0.016         0.039         0.004
 C22           -0.017        -0.050        -0.356         0.036         0.023
 C23            0.050        -0.029        -0.055         0.021         0.089
 C24           -0.007         0.553         1.730         0.694        -0.130


           Covariances
              C16           C17           C18           C19           C20
              ________      ________      ________      ________      ________
 C16            0.246
 C17            0.008         0.142
 C18           -0.003        -0.001         0.179
 C19           -0.006        -0.006        -0.043         0.151
 C20            0.003         0.003         0.027        -0.013         0.097
 C21           -0.004        -0.019        -0.007         0.013        -0.023
 C22           -0.004        -0.002         0.018         0.022        -0.007
 C23           -0.065        -0.032        -0.002         0.008         0.016
 C24            0.053         0.079        -0.002        -0.024         0.064


           Covariances
              C21           C22           C23           C24
              ________      ________      ________      ________
 C21            0.167
 C22            0.006         0.216
 C23            0.034         0.004         0.925
 C24            0.051        -0.424        -0.078        17.960


           Correlations
              X1            X2            X3            X4            X5
              ________      ________      ________      ________      ________
 X1             1.000
 X2             0.300         1.000
 X3             0.275         0.290         1.000
 X4             0.280         0.377         0.395         1.000
 X5             0.314         0.339         0.347         0.484         1.000
 Y1            -0.164        -0.167        -0.139        -0.166        -0.180
 Y2            -0.118        -0.214        -0.139        -0.176        -0.179
 Y3            -0.146        -0.150        -0.199        -0.172        -0.192
 Y4            -0.154        -0.137        -0.169        -0.237        -0.247
 Y5            -0.095        -0.169        -0.123        -0.197        -0.223
 C1            -0.040        -0.035        -0.043        -0.025        -0.018
 C2             0.083         0.058         0.018         0.093         0.052
 C3             0.063         0.061         0.019         0.050         0.033
 C4            -0.013         0.067         0.048         0.033        -0.007
 C5            -0.044        -0.100        -0.071        -0.026        -0.065
 C6            -0.003        -0.025        -0.017        -0.030        -0.061
 C7            -0.020        -0.037        -0.022        -0.048        -0.047
 C8            -0.098        -0.073        -0.115        -0.077        -0.060
 C9             0.059         0.046         0.089         0.058         0.049
 C10            0.002        -0.023        -0.040         0.014         0.020
 C11           -0.018        -0.031        -0.033        -0.130         0.015
 C12            0.050         0.066         0.020         0.038         0.073
 C13            0.093         0.069         0.016         0.078         0.039
 C14           -0.012        -0.010        -0.067         0.006        -0.029
 C15           -0.084        -0.075        -0.055        -0.055        -0.062
 C16            0.104         0.087         0.082         0.084         0.054
 C17            0.036         0.045         0.079         0.090         0.065
 C18            0.111         0.087         0.077         0.048         0.085
 C19           -0.056        -0.037        -0.037        -0.063        -0.042
 C20            0.103         0.076         0.086         0.052         0.070
 C21            0.043         0.017        -0.006         0.021         0.022
 C22           -0.097        -0.047        -0.015        -0.071        -0.031
 C23            0.005        -0.032        -0.021        -0.118        -0.040
 C24            0.048         0.063        -0.017         0.078         0.050


           Correlations
              Y1            Y2            Y3            Y4            Y5
              ________      ________      ________      ________      ________
 Y1             1.000
 Y2             0.422         1.000
 Y3             0.455         0.532         1.000
 Y4             0.425         0.418         0.451         1.000
 Y5             0.383         0.468         0.475         0.484         1.000
 C1            -0.163        -0.162        -0.165        -0.141        -0.133
 C2            -0.156        -0.150        -0.148        -0.140        -0.123
 C3            -0.157        -0.148        -0.157        -0.154        -0.104
 C4            -0.065        -0.015        -0.032         0.033        -0.005
 C5             0.175         0.139         0.132         0.073         0.087
 C6             0.079         0.098         0.076         0.136         0.100
 C7             0.113         0.090         0.088         0.127         0.077
 C8             0.013         0.016         0.036        -0.008        -0.003
 C9            -0.026        -0.037        -0.051        -0.029        -0.059
 C10            0.025         0.024         0.005         0.079         0.029
 C11           -0.004         0.031         0.025         0.005         0.031
 C12           -0.130        -0.102        -0.131        -0.083        -0.062
 C13           -0.202        -0.170        -0.170        -0.172        -0.150
 C14            0.100         0.030         0.050         0.004         0.062
 C15            0.352         0.281         0.276         0.215         0.205
 C16           -0.261        -0.228        -0.222        -0.149        -0.197
 C17           -0.146        -0.122        -0.118        -0.068        -0.079
 C18           -0.035         0.004        -0.017        -0.007        -0.009
 C19            0.088         0.076         0.068         0.098         0.120
 C20           -0.021        -0.030        -0.045        -0.014        -0.040
 C21            0.054         0.050         0.034        -0.007         0.096
 C22            0.152         0.151         0.152         0.152         0.121
 C23            0.209         0.137         0.181         0.113         0.103
 C24           -0.102        -0.113        -0.084        -0.123        -0.087


           Correlations
              C1            C2            C3            C4            C5
              ________      ________      ________      ________      ________
 C1             1.000
 C2             0.176         1.000
 C3            -0.036         0.214         1.000
 C4             0.002         0.020        -0.065         1.000
 C5             0.025        -0.106        -0.116        -0.377         1.000
 C6            -0.064        -0.130        -0.187         0.135         0.061
 C7            -0.059        -0.112        -0.199         0.091         0.100
 C8            -0.010        -0.018        -0.013        -0.070         0.023
 C9             0.014         0.060         0.122        -0.069        -0.029
 C10           -0.018        -0.032        -0.020        -0.034         0.072
 C11            0.005        -0.017         0.075        -0.016        -0.063
 C12            0.084         0.069         0.005        -0.014         0.018
 C13            0.203         0.390         0.375        -0.046        -0.140
 C14           -0.013        -0.054        -0.088         0.014         0.174
 C15           -0.130        -0.122        -0.097        -0.001         0.058
 C16            0.120         0.094         0.014         0.010        -0.036
 C17            0.189         0.071        -0.001         0.003        -0.023
 C18           -0.045        -0.042        -0.024         0.055        -0.067
 C19            0.005        -0.024        -0.110         0.006         0.080
 C20           -0.014        -0.012         0.101        -0.023        -0.010
 C21           -0.068        -0.040        -0.022        -0.056         0.088
 C22           -0.032        -0.342        -0.491         0.017         0.147
 C23           -0.105        -0.055        -0.018        -0.035         0.046
 C24            0.035         0.146         0.178        -0.027        -0.018


           Correlations
              C6            C7            C8            C9            C10
              ________      ________      ________      ________      ________
 C6             1.000
 C7             0.663         1.000
 C8            -0.293        -0.173         1.000
 C9            -0.120        -0.096        -0.148         1.000
 C10            0.027         0.035        -0.021        -0.019         1.000
 C11            0.228         0.231        -0.003        -0.036         0.007
 C12           -0.028        -0.014         0.024        -0.005        -0.008
 C13           -0.192        -0.179         0.041         0.123        -0.003
 C14            0.020         0.076         0.038        -0.104         0.051
 C15            0.033         0.052         0.005        -0.031         0.006
 C16           -0.001         0.003        -0.043         0.026        -0.001
 C17           -0.135        -0.102        -0.004         0.035         0.005
 C18            0.032        -0.006         0.002        -0.012        -0.014
 C19            0.113         0.118        -0.041        -0.050        -0.007
 C20           -0.096        -0.082         0.034         0.046        -0.008
 C21            0.026         0.038        -0.022        -0.003         0.046
 C22            0.155         0.168        -0.025        -0.092         0.034
 C23            0.073         0.105         0.007        -0.010         0.019
 C24           -0.124        -0.100         0.039         0.035         0.016


           Correlations
              C11           C12           C13           C14           C15
              ________      ________      ________      ________      ________
 C11            1.000
 C12            0.009         1.000
 C13            0.101         0.191         1.000
 C14           -0.019         0.019        -0.134         1.000
 C15            0.017        -0.100        -0.137         0.015         1.000
 C16           -0.007         0.102         0.070         0.007        -0.598
 C17           -0.203         0.043         0.063        -0.151        -0.045
 C18           -0.028        -0.020        -0.095        -0.031        -0.009
 C19           -0.016        -0.027        -0.120         0.094         0.036
 C20           -0.008         0.035         0.035         0.005        -0.012
 C21            0.066        -0.008        -0.032         0.191         0.020
 C22           -0.116        -0.105        -0.617         0.155         0.105
 C23            0.168        -0.030        -0.046         0.044         0.199
 C24           -0.005         0.129         0.329         0.329        -0.066


           Correlations
              C16           C17           C18           C19           C20
              ________      ________      ________      ________      ________
 C16            1.000
 C17            0.043         1.000
 C18           -0.016        -0.004         1.000
 C19           -0.030        -0.041        -0.264         1.000
 C20            0.022         0.024         0.206        -0.109         1.000
 C21           -0.022        -0.126        -0.040         0.085        -0.181
 C22           -0.019        -0.009         0.092         0.121        -0.051
 C23           -0.137        -0.088        -0.006         0.021         0.053
 C24            0.025         0.050        -0.001        -0.014         0.048


           Correlations
              C21           C22           C23           C24
              ________      ________      ________      ________
 C21            1.000
 C22            0.032         1.000
 C23            0.086         0.008         1.000
 C24            0.030        -0.215        -0.019         1.000


     MAXIMUM LOG-LIKELIHOOD VALUE FOR THE UNRESTRICTED (H1) MODEL IS -85679.338


UNIVARIATE SAMPLE STATISTICS


     UNIVARIATE HIGHER-ORDER MOMENT DESCRIPTIVE STATISTICS

         Variable/         Mean/     Skewness/   Minimum/ % with                Percentiles
        Sample Size      Variance    Kurtosis    Maximum  Min/Max      20%/60%    40%/80%    Median

     X1                    0.000      -0.569      -4.383    0.46%      -0.859     -0.154     -0.154
            3274.000       1.000       0.684       1.256   26.79%      -0.154      1.256
     X2                    0.206      -0.630      -4.383    0.07%      -0.154     -0.154     -0.154
            3003.000       0.974      -0.076       1.256   36.10%       0.551      1.256
     X3                    0.190      -0.562      -2.973    0.58%      -0.154     -0.154     -0.154
            2248.000       0.816      -0.020       1.256   28.74%       0.551      1.256
     X4                    0.329      -0.829      -3.678    0.09%      -0.154     -0.154      0.551
            1097.000       0.951      -0.020       1.256   40.02%       1.021      1.256
     X5                    0.311      -0.863      -3.678    0.11%      -0.154     -0.154      0.551
             895.000       0.886       0.332       1.256   35.53%       0.786      1.256
     Y1                    0.000       0.890      -1.309    9.13%      -0.839     -0.370     -0.135
            3274.000       1.000       0.608       4.326    0.06%       0.100      0.804
     Y2                    0.018       0.922      -1.309   10.75%      -0.839     -0.370     -0.135
            3005.000       1.155       0.477       3.856    0.13%       0.100      0.804
     Y3                    0.047       0.953      -1.309    9.30%      -0.839     -0.370     -0.135
            2377.000       1.144       0.604       4.326    0.17%       0.100      0.804
     Y4                   -0.057       0.924      -1.309   12.31%      -1.074     -0.605     -0.135
            1194.000       1.068       0.559       4.091    0.08%       0.100      0.804
     Y5                    0.045       0.892      -1.309   11.25%      -0.839     -0.370     -0.135
             889.000       1.171       0.435       4.091    0.11%       0.100      0.804
     C1                    0.496       0.016       0.000   50.40%       0.000      0.000      0.000
            3274.000       0.250      -2.000       1.000   49.60%       1.000      1.000
     C2                    0.195       1.536       0.000   80.45%       0.000      0.000      0.000
            3274.000       0.157       0.359       1.000   19.55%       0.000      0.000
     C3                    0.436       0.257       0.000   56.38%       0.000      0.000      0.000
            3274.000       0.246      -1.934       1.000   43.62%       1.000      1.000
     C4                    0.308       0.831       0.000   69.18%       0.000      0.000      0.000
            3274.000       0.213      -1.310       1.000   30.82%       0.000      1.000
     C5                    0.242       1.203       0.000   75.78%       0.000      0.000      0.000
            3274.000       0.184      -0.552       1.000   24.22%       0.000      1.000
     C6                    3.159       1.014       2.000   35.89%       2.000      3.000      3.000
            3274.000       1.375       0.837       9.000    0.06%       3.000      4.000
     C7                    7.151       1.326       0.000    1.53%       3.000      5.000      6.000
            3274.000      22.418       3.628      46.000    0.03%       7.000     11.000
     C8                    0.202       1.485       0.000   79.81%       0.000      0.000      0.000
            3274.000       0.161       0.206       1.000   20.19%       0.000      1.000
     C9                    0.079       3.111       0.000   92.06%       0.000      0.000      0.000
            3274.000       0.073       7.679       1.000    7.94%       0.000      0.000
     C10                   0.004      15.194       0.000   99.57%       0.000      0.000      0.000
            3274.000       0.004     228.861       1.000    0.43%       0.000      0.000
     C11                   0.108       2.534       0.000   89.25%       0.000      0.000      0.000
            3274.000       0.096       4.422       1.000   10.75%       0.000      0.000
     C12                   2.199       0.423       1.000   31.37%       1.000      2.000      2.000
            3274.000       1.030      -0.412       5.000    2.26%       3.000      3.000
     C13                   0.688       2.919       0.000   64.78%       0.000      0.000      0.000
            3274.000       1.543      19.921      18.864    0.03%       0.000      1.680
     C14                   0.539      -0.156       0.000   46.12%       0.000      0.000      1.000
            3274.000       0.248      -1.976       1.000   53.88%       1.000      1.000
     C15                   0.318       0.782       0.000   68.20%       0.000      0.000      0.000
            3274.000       0.217      -1.389       1.000   31.80%       0.000      1.000
     C16                   0.434       0.267       0.000   56.63%       0.000      0.000      0.000
            3274.000       0.246      -1.928       1.000   43.37%       1.000      1.000
     C17                   0.829      -1.744       0.000   17.14%       1.000      1.000      1.000
            3274.000       0.142       1.043       1.000   82.86%       1.000      1.000
     C18                   0.233       1.263       0.000   76.70%       0.000      0.000      0.000
            3274.000       0.179      -0.405       1.000   23.30%       0.000      1.000
     C19                   0.186       1.614       0.000   81.40%       0.000      0.000      0.000
            3274.000       0.151       0.605       1.000   18.60%       0.000      0.000
     C20                   0.109       2.509       0.000   89.10%       0.000      0.000      0.000
            3274.000       0.097       4.293       1.000   10.90%       0.000      0.000
     C21                   0.212       1.412       0.000   78.83%       0.000      0.000      0.000
            3274.000       0.167      -0.007       1.000   21.17%       0.000      1.000
     C22                   0.684      -0.791       0.000   31.61%       0.000      1.000      1.000
            3274.000       0.216      -1.374       1.000   68.39%       1.000      1.000
     C23                   0.292       4.400       0.000   86.62%       0.000      0.000      0.000
            3274.000       0.925      21.446       7.000    0.40%       0.000      0.000
     C24                   3.717       3.537       0.001    0.06%       0.535      1.878      2.539
            3274.000      17.960      24.639      59.912    0.03%       3.600      5.900


     VIF (VARIANCE INFLATION FACTOR) FOR EXPLORING MULTICOLLINEARITY OF INDEPENDENT VARIABLES

     Variable        VIF       Variable        VIF       Variable        VIF

     C1             1.155      C2             1.251      C3             1.418
     C4             1.241      C5             1.298      C6             2.034
     C7             1.871      C8             1.159      C9             1.083
     C10            1.013      C11            1.202      C12            1.065
     C13            2.056      C14            1.370      C15            1.634
     C16            1.585      C17            1.141      C18            1.161
     C19            1.137      C20            1.117      C21            1.111
     C22            1.945      C23            1.099      C24            1.380


THE MODEL ESTIMATION TERMINATED NORMALLY



MODEL FIT INFORMATION

Number of Free Parameters                      122

Loglikelihood

          H0 Value                      -27795.937
          H0 Scaling Correction Factor      1.1527
            for MLR
          H1 Value                      -27642.831
          H1 Scaling Correction Factor      1.0994
            for MLR

Information Criteria

          Akaike (AIC)                   55835.875
          Bayesian (BIC)                 56579.314
          Sample-Size Adjusted BIC       56191.666
            (n* = (n + 2) / 24)

Chi-Square Test of Model Fit

          Value                            287.834*
          Degrees of Freedom                   183
          P-Value                           0.0000
          Scaling Correction Factor         1.0639
            for MLR

*   The chi-square value for MLM, MLMV, MLR, ULSMV, WLSM and WLSMV cannot be used
    for chi-square difference testing in the regular way.  MLM, MLR and WLSM
    chi-square difference testing is described on the Mplus website.  MLMV, WLSMV,
    and ULSMV difference testing is done using the DIFFTEST option.

RMSEA (Root Mean Square Error Of Approximation)

          Estimate                           0.013
          90 Percent C.I.                    0.010  0.016
          Probability RMSEA <= .05           1.000

CFI/TLI

          CFI                                0.977
          TLI                                0.964

Chi-Square Test of Model Fit for the Baseline Model

          Value                           4877.224
          Degrees of Freedom                   285
          P-Value                           0.0000

SRMR (Standardized Root Mean Square Residual)

          Value                              0.023



MODEL RESULTS

                                                    Two-Tailed
                    Estimate       S.E.  Est./S.E.    P-Value

 IX       |
    X1                 1.000      0.000    999.000    999.000
    X2                 1.000      0.000    999.000    999.000
    X3                 1.000      0.000    999.000    999.000
    X4                 1.000      0.000    999.000    999.000
    X5                 1.000      0.000    999.000    999.000

 SX       |
    X1                 0.000      0.000    999.000    999.000
    X2                 0.774      0.098      7.916      0.000
    X3                 0.697      0.128      5.437      0.000
    X4                 1.126      0.129      8.703      0.000
    X5                 1.000      0.000    999.000    999.000

 IY       |
    Y1                 1.000      0.000    999.000    999.000
    Y2                 1.000      0.000    999.000    999.000
    Y3                 1.000      0.000    999.000    999.000
    Y4                 1.000      0.000    999.000    999.000
    Y5                 1.000      0.000    999.000    999.000

 SY       |
    Y1                 0.000      0.000    999.000    999.000
    Y2                 0.400      0.000    999.000    999.000
    Y3                 0.600      0.000    999.000    999.000
    Y4                 0.800      0.000    999.000    999.000
    Y5                 1.000      0.000    999.000    999.000

 IY       ON
    IX                -0.421      0.104     -4.037      0.000

 SY       ON
    IX                 0.194      0.189      1.028      0.304
    SX                -0.715      0.475     -1.503      0.133
    IY                 0.429      0.138      3.111      0.002

 IX       ON
    C1                -0.142      0.031     -4.584      0.000
    C2                 0.094      0.048      1.952      0.051
    C3                -0.019      0.047     -0.402      0.688
    C4                -0.045      0.045     -1.008      0.314
    C5                -0.080      0.052     -1.519      0.129
    C6                 0.010      0.022      0.441      0.659
    C7                -0.001      0.005     -0.256      0.798
    C8                -0.245      0.055     -4.462      0.000
    C9                 0.107      0.069      1.558      0.119
    C10               -0.071      0.172     -0.412      0.680
    C11               -0.074      0.059     -1.250      0.211
    C12                0.027      0.018      1.552      0.121
    C13                0.039      0.021      1.855      0.064
    C14                0.008      0.045      0.186      0.853
    C15               -0.049      0.046     -1.058      0.290
    C16                0.169      0.044      3.830      0.000
    C17                0.108      0.052      2.082      0.037
    C18                0.244      0.045      5.375      0.000
    C19               -0.010      0.045     -0.211      0.833
    C20                0.277      0.060      4.628      0.000
    C21                0.154      0.044      3.496      0.000
    C22               -0.106      0.057     -1.861      0.063
    C23                0.024      0.018      1.347      0.178
    C24               -0.001      0.005     -0.268      0.789

 SX       ON
    C1                 0.026      0.041      0.635      0.525
    C2                -0.025      0.060     -0.423      0.672
    C3                 0.034      0.060      0.569      0.570
    C4                 0.120      0.055      2.191      0.028
    C5                -0.014      0.066     -0.210      0.834
    C6                -0.029      0.029     -1.005      0.315
    C7                 0.001      0.007      0.083      0.934
    C8                 0.053      0.069      0.764      0.445
    C9                 0.008      0.086      0.094      0.925
    C10               -0.139      0.314     -0.443      0.658
    C11               -0.002      0.082     -0.030      0.976
    C12                0.008      0.024      0.355      0.723
    C13               -0.021      0.023     -0.913      0.361
    C14               -0.028      0.056     -0.500      0.617
    C15                0.034      0.059      0.573      0.567
    C16               -0.061      0.057     -1.080      0.280
    C17                0.047      0.070      0.670      0.503
    C18               -0.123      0.058     -2.108      0.035
    C19               -0.015      0.060     -0.248      0.804
    C20               -0.102      0.072     -1.417      0.156
    C21               -0.055      0.057     -0.959      0.337
    C22                0.127      0.068      1.857      0.063
    C23               -0.057      0.027     -2.100      0.036
    C24                0.007      0.006      1.093      0.275

 IY       ON
    C1                -0.229      0.033     -6.838      0.000
    C2                -0.057      0.039     -1.437      0.151
    C3                -0.176      0.041     -4.336      0.000
    C4                -0.066      0.040     -1.663      0.096
    C5                 0.235      0.048      4.949      0.000
    C6                -0.002      0.020     -0.104      0.917
    C7                 0.008      0.005      1.538      0.124
    C8                -0.061      0.054     -1.129      0.259
    C9                 0.108      0.066      1.639      0.101
    C10                0.018      0.204      0.088      0.930
    C11               -0.130      0.057     -2.283      0.022
    C12               -0.062      0.017     -3.667      0.000
    C13               -0.006      0.015     -0.367      0.714
    C14                0.095      0.038      2.494      0.013
    C15                0.480      0.044     10.951      0.000
    C16               -0.083      0.041     -2.018      0.044
    C17               -0.203      0.051     -3.988      0.000
    C18                0.050      0.047      1.081      0.280
    C19                0.064      0.044      1.451      0.147
    C20                0.111      0.061      1.818      0.069
    C21                0.043      0.043      0.984      0.325
    C22               -0.033      0.049     -0.673      0.501
    C23                0.132      0.022      5.867      0.000
    C24               -0.012      0.004     -3.077      0.002

 SY       ON
    C1                 0.062      0.080      0.782      0.434
    C2                -0.003      0.087     -0.031      0.976
    C3                 0.113      0.092      1.231      0.218
    C4                 0.244      0.102      2.406      0.016
    C5                -0.203      0.102     -1.987      0.047
    C6                 0.035      0.047      0.740      0.459
    C7                -0.016      0.010     -1.527      0.127
    C8                 0.090      0.124      0.727      0.467
    C9                -0.159      0.130     -1.230      0.219
    C10                0.181      0.402      0.449      0.653
    C11                0.261      0.137      1.909      0.056
    C12                0.057      0.037      1.533      0.125
    C13                0.015      0.036      0.426      0.670
    C14               -0.199      0.085     -2.335      0.020
    C15               -0.435      0.120     -3.618      0.000
    C16               -0.031      0.101     -0.310      0.757
    C17                0.281      0.112      2.516      0.012
    C18               -0.031      0.123     -0.251      0.802
    C19                0.063      0.097      0.651      0.515
    C20               -0.196      0.141     -1.391      0.164
    C21               -0.019      0.097     -0.192      0.847
    C22                0.221      0.128      1.729      0.084
    C23               -0.163      0.057     -2.863      0.004
    C24                0.013      0.009      1.384      0.166

 IX       WITH
    SX                -0.026      0.071     -0.366      0.714

 SX       WITH
    IY                -0.013      0.027     -0.483      0.629

 Intercepts
    X1                 0.000      0.000    999.000    999.000
    X2                 0.000      0.000    999.000    999.000
    X3                 0.000      0.000    999.000    999.000
    X4                 0.000      0.000    999.000    999.000
    X5                 0.000      0.000    999.000    999.000
    Y1                 0.000      0.000    999.000    999.000
    Y2                 0.000      0.000    999.000    999.000
    Y3                 0.000      0.000    999.000    999.000
    Y4                 0.000      0.000    999.000    999.000
    Y5                 0.000      0.000    999.000    999.000
    IX                -0.162      0.115     -1.412      0.158
    SX                 0.208      0.142      1.464      0.143
    IY                 0.254      0.102      2.481      0.013
    SY                -0.067      0.252     -0.264      0.792

 Residual Variances
    X1                 0.681      0.068      9.976      0.000
    X2                 0.655      0.025     26.343      0.000
    X3                 0.545      0.023     23.415      0.000
    X4                 0.531      0.052     10.256      0.000
    X5                 0.501      0.037     13.439      0.000
    Y1                 0.547      0.025     21.668      0.000
    Y2                 0.632      0.025     25.564      0.000
    Y3                 0.576      0.028     20.549      0.000
    Y4                 0.580      0.038     15.115      0.000
    Y5                 0.606      0.052     11.562      0.000
    IX                 0.244      0.063      3.905      0.000
    SX                 0.126      0.081      1.553      0.121
    IY                 0.196      0.020      9.911      0.000
    SY                 0.000      0.000    999.000    999.000


QUALITY OF NUMERICAL RESULTS

     Condition Number for the Information Matrix              0.220E-05
       (ratio of smallest to largest eigenvalue)


CONFIDENCE INTERVALS OF MODEL RESULTS

                  Lower .5%  Lower 2.5%    Lower 5%    Estimate    Upper 5%  Upper 2.5%   Upper .5%

 IX       |
    X1               1.000       1.000       1.000       1.000       1.000       1.000       1.000
    X2               1.000       1.000       1.000       1.000       1.000       1.000       1.000
    X3               1.000       1.000       1.000       1.000       1.000       1.000       1.000
    X4               1.000       1.000       1.000       1.000       1.000       1.000       1.000
    X5               1.000       1.000       1.000       1.000       1.000       1.000       1.000

 SX       |
    X1               0.000       0.000       0.000       0.000       0.000       0.000       0.000
    X2               0.522       0.582       0.613       0.774       0.935       0.965       1.026
    X3               0.367       0.446       0.486       0.697       0.908       0.948       1.027
    X4               0.793       0.873       0.914       1.126       1.339       1.380       1.460
    X5               1.000       1.000       1.000       1.000       1.000       1.000       1.000

 IY       |
    Y1               1.000       1.000       1.000       1.000       1.000       1.000       1.000
    Y2               1.000       1.000       1.000       1.000       1.000       1.000       1.000
    Y3               1.000       1.000       1.000       1.000       1.000       1.000       1.000
    Y4               1.000       1.000       1.000       1.000       1.000       1.000       1.000
    Y5               1.000       1.000       1.000       1.000       1.000       1.000       1.000

 SY       |
    Y1               0.000       0.000       0.000       0.000       0.000       0.000       0.000
    Y2               0.400       0.400       0.400       0.400       0.400       0.400       0.400
    Y3               0.600       0.600       0.600       0.600       0.600       0.600       0.600
    Y4               0.800       0.800       0.800       0.800       0.800       0.800       0.800
    Y5               1.000       1.000       1.000       1.000       1.000       1.000       1.000

 IY       ON
    IX              -0.690      -0.626      -0.593      -0.421      -0.250      -0.217      -0.152

 SY       ON
    IX              -0.293      -0.176      -0.117       0.194       0.505       0.565       0.681
    SX              -1.939      -1.647      -1.497      -0.715       0.067       0.217       0.510
    IY               0.074       0.159       0.202       0.429       0.657       0.700       0.785

 IX       ON
    C1              -0.222      -0.203      -0.193      -0.142      -0.091      -0.081      -0.062
    C2              -0.030       0.000       0.015       0.094       0.172       0.187       0.217
    C3              -0.139      -0.111      -0.096      -0.019       0.058       0.073       0.102
    C4              -0.161      -0.133      -0.119      -0.045       0.029       0.043       0.070
    C5              -0.215      -0.182      -0.166      -0.080       0.007       0.023       0.055
    C6              -0.047      -0.033      -0.026       0.010       0.046       0.052       0.066
    C7              -0.015      -0.012      -0.010      -0.001       0.007       0.009       0.012
    C8              -0.386      -0.352      -0.335      -0.245      -0.155      -0.137      -0.104
    C9              -0.070      -0.028      -0.006       0.107       0.220       0.242       0.284
    C10             -0.513      -0.407      -0.353      -0.071       0.212       0.266       0.371
    C11             -0.225      -0.189      -0.171      -0.074       0.023       0.042       0.078
    C12             -0.018      -0.007      -0.002       0.027       0.056       0.062       0.073
    C13             -0.015      -0.002       0.004       0.039       0.074       0.080       0.093
    C14             -0.107      -0.080      -0.066       0.008       0.082       0.097       0.124
    C15             -0.167      -0.139      -0.124      -0.049       0.027       0.041       0.070
    C16              0.055       0.083       0.096       0.169       0.242       0.256       0.283
    C17             -0.026       0.006       0.023       0.108       0.193       0.209       0.241
    C18              0.127       0.155       0.170       0.244       0.319       0.334       0.362
    C19             -0.126      -0.098      -0.084      -0.010       0.065       0.079       0.106
    C20              0.123       0.160       0.179       0.277       0.376       0.394       0.431
    C21              0.041       0.068       0.082       0.154       0.227       0.241       0.268
    C22             -0.252      -0.217      -0.199      -0.106      -0.012       0.006       0.041
    C23             -0.022      -0.011      -0.005       0.024       0.053       0.059       0.070
    C24             -0.014      -0.011      -0.009      -0.001       0.007       0.008       0.011

 SX       ON
    C1              -0.080      -0.054      -0.041       0.026       0.094       0.107       0.132
    C2              -0.180      -0.143      -0.124      -0.025       0.073       0.092       0.129
    C3              -0.120      -0.083      -0.064       0.034       0.132       0.151       0.188
    C4              -0.021       0.013       0.030       0.120       0.210       0.227       0.261
    C5              -0.184      -0.143      -0.122      -0.014       0.095       0.115       0.156
    C6              -0.104      -0.086      -0.077      -0.029       0.019       0.028       0.046
    C7              -0.017      -0.013      -0.011       0.001       0.012       0.014       0.018
    C8              -0.125      -0.083      -0.061       0.053       0.166       0.188       0.231
    C9              -0.215      -0.161      -0.134       0.008       0.150       0.178       0.231
    C10             -0.947      -0.754      -0.655      -0.139       0.377       0.476       0.669
    C11             -0.213      -0.162      -0.137      -0.002       0.132       0.158       0.208
    C12             -0.053      -0.038      -0.031       0.008       0.047       0.055       0.070
    C13             -0.080      -0.066      -0.059      -0.021       0.017       0.024       0.038
    C14             -0.171      -0.137      -0.120      -0.028       0.064       0.081       0.116
    C15             -0.119      -0.082      -0.064       0.034       0.131       0.150       0.187
    C16             -0.208      -0.173      -0.155      -0.061       0.032       0.050       0.085
    C17             -0.133      -0.090      -0.068       0.047       0.162       0.184       0.227
    C18             -0.273      -0.237      -0.219      -0.123      -0.027      -0.009       0.027
    C19             -0.169      -0.132      -0.113      -0.015       0.084       0.102       0.139
    C20             -0.288      -0.244      -0.221      -0.102       0.016       0.039       0.084
    C21             -0.201      -0.166      -0.148      -0.055       0.039       0.057       0.092
    C22             -0.049      -0.007       0.014       0.127       0.239       0.260       0.302
    C23             -0.127      -0.111      -0.102      -0.057      -0.012      -0.004       0.013
    C24             -0.009      -0.005      -0.003       0.007       0.017       0.019       0.023

 IY       ON
    C1              -0.315      -0.294      -0.284      -0.229      -0.174      -0.163      -0.142
    C2              -0.159      -0.134      -0.122      -0.057       0.008       0.021       0.045
    C3              -0.280      -0.255      -0.242      -0.176      -0.109      -0.096      -0.071
    C4              -0.169      -0.144      -0.132      -0.066      -0.001       0.012       0.036
    C5               0.113       0.142       0.157       0.235       0.313       0.328       0.358
    C6              -0.054      -0.041      -0.035      -0.002       0.031       0.037       0.049
    C7              -0.005      -0.002      -0.001       0.008       0.016       0.017       0.020
    C8              -0.201      -0.168      -0.151      -0.061       0.028       0.045       0.079
    C9              -0.062      -0.021       0.000       0.108       0.216       0.237       0.277
    C10             -0.507      -0.381      -0.317       0.018       0.353       0.417       0.543
    C11             -0.277      -0.242      -0.224      -0.130      -0.036      -0.018       0.017
    C12             -0.105      -0.095      -0.090      -0.062      -0.034      -0.029      -0.018
    C13             -0.046      -0.036      -0.031      -0.006       0.020       0.025       0.034
    C14             -0.003       0.020       0.032       0.095       0.158       0.170       0.194
    C15              0.367       0.394       0.408       0.480       0.552       0.566       0.593
    C16             -0.188      -0.163      -0.150      -0.083      -0.015      -0.002       0.023
    C17             -0.334      -0.303      -0.287      -0.203      -0.119      -0.103      -0.072
    C18             -0.070      -0.041      -0.026       0.050       0.127       0.142       0.171
    C19             -0.050      -0.023      -0.009       0.064       0.137       0.151       0.179
    C20             -0.046      -0.009       0.011       0.111       0.211       0.230       0.268
    C21             -0.069      -0.042      -0.029       0.043       0.114       0.128       0.155
    C22             -0.158      -0.128      -0.113      -0.033       0.047       0.063       0.093
    C23              0.074       0.088       0.095       0.132       0.169       0.176       0.190
    C24             -0.022      -0.020      -0.019      -0.012      -0.006      -0.004      -0.002

 SY       ON
    C1              -0.143      -0.094      -0.069       0.062       0.193       0.218       0.267
    C2              -0.228      -0.174      -0.146      -0.003       0.141       0.168       0.222
    C3              -0.124      -0.067      -0.038       0.113       0.264       0.293       0.350
    C4              -0.017       0.045       0.077       0.244       0.411       0.443       0.506
    C5              -0.466      -0.403      -0.371      -0.203      -0.035      -0.003       0.060
    C6              -0.086      -0.057      -0.042       0.035       0.112       0.126       0.155
    C7              -0.043      -0.036      -0.033      -0.016       0.001       0.005       0.011
    C8              -0.228      -0.152      -0.113       0.090       0.293       0.332       0.408
    C9              -0.493      -0.413      -0.372      -0.159       0.054       0.095       0.174
    C10             -0.855      -0.608      -0.481       0.181       0.842       0.969       1.217
    C11             -0.091      -0.007       0.036       0.261       0.487       0.530       0.614
    C12             -0.039      -0.016      -0.004       0.057       0.119       0.130       0.153
    C13             -0.078      -0.055      -0.044       0.015       0.075       0.086       0.108
    C14             -0.419      -0.367      -0.340      -0.199      -0.059      -0.032       0.021
    C15             -0.744      -0.670      -0.632      -0.435      -0.237      -0.199      -0.125
    C16             -0.292      -0.229      -0.198      -0.031       0.135       0.167       0.229
    C17             -0.007       0.062       0.097       0.281       0.464       0.499       0.568
    C18             -0.346      -0.271      -0.232      -0.031       0.171       0.210       0.285
    C19             -0.186      -0.127      -0.096       0.063       0.222       0.253       0.312
    C20             -0.559      -0.472      -0.428      -0.196       0.036       0.080       0.167
    C21             -0.270      -0.210      -0.179      -0.019       0.142       0.172       0.232
    C22             -0.108      -0.029       0.011       0.221       0.431       0.471       0.550
    C23             -0.309      -0.274      -0.256      -0.163      -0.069      -0.051      -0.016
    C24             -0.011      -0.005      -0.002       0.013       0.028       0.031       0.037

 IX       WITH
    SX              -0.209      -0.166      -0.143      -0.026       0.091       0.114       0.157

 SX       WITH
    IY              -0.084      -0.067      -0.058      -0.013       0.032       0.040       0.057

 Intercepts
    X1               0.000       0.000       0.000       0.000       0.000       0.000       0.000
    X2               0.000       0.000       0.000       0.000       0.000       0.000       0.000
    X3               0.000       0.000       0.000       0.000       0.000       0.000       0.000
    X4               0.000       0.000       0.000       0.000       0.000       0.000       0.000
    X5               0.000       0.000       0.000       0.000       0.000       0.000       0.000
    Y1               0.000       0.000       0.000       0.000       0.000       0.000       0.000
    Y2               0.000       0.000       0.000       0.000       0.000       0.000       0.000
    Y3               0.000       0.000       0.000       0.000       0.000       0.000       0.000
    Y4               0.000       0.000       0.000       0.000       0.000       0.000       0.000
    Y5               0.000       0.000       0.000       0.000       0.000       0.000       0.000
    IX              -0.458      -0.387      -0.351      -0.162       0.027       0.063       0.134
    SX              -0.158      -0.071      -0.026       0.208       0.442       0.487       0.574
    IY              -0.010       0.053       0.086       0.254       0.422       0.455       0.518
    SY              -0.716      -0.561      -0.482      -0.067       0.348       0.428       0.583

 Residual Variances
    X1               0.505       0.547       0.568       0.681       0.793       0.814       0.856
    X2               0.591       0.606       0.614       0.655       0.696       0.703       0.719
    X3               0.485       0.499       0.506       0.545       0.583       0.590       0.604
    X4               0.398       0.430       0.446       0.531       0.617       0.633       0.665
    X5               0.405       0.428       0.439       0.501       0.562       0.574       0.596
    Y1               0.482       0.497       0.505       0.547       0.588       0.596       0.612
    Y2               0.569       0.584       0.592       0.632       0.673       0.681       0.696
    Y3               0.503       0.521       0.530       0.576       0.622       0.630       0.648
    Y4               0.481       0.504       0.517       0.580       0.643       0.655       0.678
    Y5               0.471       0.503       0.520       0.606       0.692       0.708       0.741
    IX               0.083       0.122       0.141       0.244       0.347       0.367       0.405
    SX              -0.083      -0.033      -0.008       0.126       0.260       0.286       0.336
    IY               0.145       0.158       0.164       0.196       0.229       0.235       0.247
    SY               0.000       0.000       0.000       0.000       0.000       0.000       0.000


RESIDUAL OUTPUT


     ESTIMATED MODEL AND RESIDUALS (OBSERVED - ESTIMATED)


           Model Estimated Means
              X1            X2            X3            X4            X5
              ________      ________      ________      ________      ________
                0.002         0.188         0.169         0.272         0.242


           Model Estimated Means
              Y1            Y2            Y3            Y4            Y5
              ________      ________      ________      ________      ________
               -0.007         0.048         0.075         0.102         0.129


           Model Estimated Means
              C1            C2            C3            C4            C5
              ________      ________      ________      ________      ________
                0.496         0.195         0.436         0.308         0.242


           Model Estimated Means
              C6            C7            C8            C9            C10
              ________      ________      ________      ________      ________
                3.159         7.151         0.202         0.079         0.004


           Model Estimated Means
              C11           C12           C13           C14           C15
              ________      ________      ________      ________      ________
                0.108         2.199         0.688         0.539         0.318


           Model Estimated Means
              C16           C17           C18           C19           C20
              ________      ________      ________      ________      ________
                0.434         0.829         0.233         0.186         0.109


           Model Estimated Means
              C21           C22           C23           C24
              ________      ________      ________      ________
                0.212         0.684         0.292         3.717


           Residuals for Means
              X1            X2            X3            X4            X5
              ________      ________      ________      ________      ________
               -0.002         0.015        -0.004        -0.025        -0.001


           Residuals for Means
              Y1            Y2            Y3            Y4            Y5
              ________      ________      ________      ________      ________
                0.007        -0.021         0.030        -0.067         0.047


           Residuals for Means
              C1            C2            C3            C4            C5
              ________      ________      ________      ________      ________
                0.000         0.000         0.000         0.000         0.000


           Residuals for Means
              C6            C7            C8            C9            C10
              ________      ________      ________      ________      ________
                0.000         0.000         0.000         0.000         0.000


           Residuals for Means
              C11           C12           C13           C14           C15
              ________      ________      ________      ________      ________
                0.000         0.000         0.000         0.000         0.000


           Residuals for Means
              C16           C17           C18           C19           C20
              ________      ________      ________      ________      ________
                0.000         0.000         0.000         0.000         0.000


           Residuals for Means
              C21           C22           C23           C24
              ________      ________      ________      ________
                0.000         0.000         0.000         0.000


           Standardized Residuals (z-scores) for Means
              X1            X2            X3            X4            X5
              ________      ________      ________      ________      ________
              999.000       999.000       999.000        -1.491        -0.034


           Standardized Residuals (z-scores) for Means
              Y1            Y2            Y3            Y4            Y5
              ________      ________      ________      ________      ________
                1.219        -1.537         2.007        -2.649         1.400


           Standardized Residuals (z-scores) for Means
              C1            C2            C3            C4            C5
              ________      ________      ________      ________      ________
                0.000         0.000         0.000         0.000         0.000


           Standardized Residuals (z-scores) for Means
              C6            C7            C8            C9            C10
              ________      ________      ________      ________      ________
                0.000         0.000         0.000         0.000         0.000


           Standardized Residuals (z-scores) for Means
              C11           C12           C13           C14           C15
              ________      ________      ________      ________      ________
                0.000         0.000         0.000         0.000         0.000


           Standardized Residuals (z-scores) for Means
              C16           C17           C18           C19           C20
              ________      ________      ________      ________      ________
                0.000         0.000         0.000         0.000         0.000


           Standardized Residuals (z-scores) for Means
              C21           C22           C23           C24
              ________      ________      ________      ________
                0.000         0.000         0.000         0.000


           Normalized Residuals for Means
              X1            X2            X3            X4            X5
              ________      ________      ________      ________      ________
               -0.120         0.755        -0.182        -0.757        -0.024


           Normalized Residuals for Means
              Y1            Y2            Y3            Y4            Y5
              ________      ________      ________      ________      ________
                0.346        -1.000         1.310        -2.059         1.130


           Normalized Residuals for Means
              C1            C2            C3            C4            C5
              ________      ________      ________      ________      ________
                0.000         0.000         0.000         0.000         0.000


           Normalized Residuals for Means
              C6            C7            C8            C9            C10
              ________      ________      ________      ________      ________
                0.000         0.000         0.000         0.000         0.000


           Normalized Residuals for Means
              C11           C12           C13           C14           C15
              ________      ________      ________      ________      ________
                0.000         0.000         0.000         0.000         0.000


           Normalized Residuals for Means
              C16           C17           C18           C19           C20
              ________      ________      ________      ________      ________
                0.000         0.000         0.000         0.000         0.000


           Normalized Residuals for Means
              C21           C22           C23           C24
              ________      ________      ________      ________
                0.000         0.000         0.000         0.000


           Model Estimated Covariances
              X1            X2            X3            X4            X5
              ________      ________      ________      ________      ________
 X1             0.988
 X2             0.271         0.975
 X3             0.275         0.316         0.856
 X4             0.254         0.343         0.334         0.915
 X5             0.260         0.335         0.328         0.369         0.858
 Y1            -0.156        -0.159        -0.158        -0.160        -0.159
 Y2            -0.143        -0.173        -0.170        -0.187        -0.182
 Y3            -0.136        -0.181        -0.176        -0.201        -0.194
 Y4            -0.129        -0.188        -0.182        -0.215        -0.205
 Y5            -0.122        -0.195        -0.188        -0.229        -0.217
 C1            -0.021        -0.015        -0.016        -0.013        -0.014
 C2             0.028         0.022         0.022         0.019         0.020
 C3             0.029         0.022         0.023         0.019         0.021
 C4            -0.002         0.017         0.015         0.026         0.023
 C5            -0.022        -0.029        -0.028        -0.032        -0.031
 C6            -0.002        -0.030        -0.027        -0.042        -0.038
 C7            -0.087        -0.152        -0.145        -0.182        -0.171
 C8            -0.041        -0.033        -0.034        -0.029        -0.031
 C9             0.017         0.016         0.016         0.015         0.015
 C10            0.000        -0.001        -0.001        -0.001        -0.001
 C11           -0.005        -0.012        -0.011        -0.015        -0.014
 C12            0.048         0.048         0.048         0.048         0.048
 C13            0.102         0.069         0.072         0.054         0.059
 C14           -0.010        -0.011        -0.011        -0.011        -0.011
 C15           -0.039        -0.029        -0.030        -0.025        -0.027
 C16            0.051         0.039         0.040         0.033         0.035
 C17            0.014         0.023         0.022         0.027         0.025
 C18            0.047         0.032         0.034         0.026         0.028
 C19           -0.020        -0.017        -0.017        -0.015        -0.016
 C20            0.032         0.023         0.024         0.019         0.020
 C21            0.015         0.007         0.008         0.003         0.004
 C22           -0.040        -0.021        -0.023        -0.013        -0.016
 C23            0.009        -0.034        -0.030        -0.054        -0.047
 C24            0.153         0.177         0.174         0.188         0.184


           Model Estimated Covariances
              Y1            Y2            Y3            Y4            Y5
              ________      ________      ________      ________      ________
 Y1             1.014
 Y2             0.472         1.134
 Y3             0.474         0.516         1.113
 Y4             0.476         0.531         0.559         1.165
 Y5             0.479         0.546         0.580         0.613         1.253
 C1            -0.085        -0.083        -0.082        -0.081        -0.081
 C2            -0.064        -0.062        -0.060        -0.059        -0.058
 C3            -0.080        -0.078        -0.078        -0.077        -0.076
 C4            -0.029        -0.014        -0.007         0.001         0.008
 C5             0.077         0.062         0.055         0.048         0.041
 C6             0.095         0.112         0.120         0.128         0.137
 C7             0.520         0.489         0.474         0.458         0.442
 C8             0.007         0.006         0.006         0.006         0.005
 C9            -0.007        -0.011        -0.012        -0.014        -0.016
 C10            0.001         0.002         0.002         0.002         0.002
 C11            0.000         0.006         0.008         0.011         0.013
 C12           -0.135        -0.121        -0.113        -0.106        -0.099
 C13           -0.250        -0.233        -0.225        -0.217        -0.209
 C14            0.044         0.029         0.022         0.014         0.007
 C15            0.165         0.141         0.129         0.118         0.106
 C16           -0.132        -0.118        -0.111        -0.104        -0.097
 C17           -0.056        -0.047        -0.043        -0.038        -0.034
 C18           -0.012        -0.007        -0.004        -0.001         0.001
 C19            0.032         0.034         0.036         0.037         0.038
 C20           -0.007        -0.010        -0.012        -0.014        -0.015
 C21            0.021         0.020         0.019         0.019         0.019
 C22            0.073         0.073         0.073         0.073         0.074
 C23            0.197         0.164         0.148         0.132         0.115
 C24           -0.447        -0.449        -0.450        -0.450        -0.451


           Model Estimated Covariances
              C1            C2            C3            C4            C5
              ________      ________      ________      ________      ________
 C1             0.250
 C2             0.035         0.157
 C3            -0.009         0.042         0.246
 C4             0.000         0.004        -0.015         0.213
 C5             0.005        -0.018        -0.025        -0.075         0.184
 C6            -0.038        -0.061        -0.109         0.073         0.031
 C7            -0.140        -0.210        -0.468         0.198         0.202
 C8            -0.002        -0.003        -0.003        -0.013         0.004
 C9             0.002         0.006         0.016        -0.009        -0.003
 C10           -0.001        -0.001        -0.001        -0.001         0.002
 C11            0.001        -0.002         0.011        -0.002        -0.008
 C12            0.042         0.028         0.003        -0.007         0.008
 C13            0.126         0.192         0.231        -0.026        -0.075
 C14           -0.003        -0.011        -0.022         0.003         0.037
 C15           -0.030        -0.022        -0.022         0.000         0.012
 C16            0.030         0.018         0.004         0.002        -0.008
 C17            0.036         0.011         0.000         0.001        -0.004
 C18           -0.010        -0.007        -0.005         0.011        -0.012
 C19            0.001        -0.004        -0.021         0.001         0.013
 C20           -0.002        -0.001         0.016        -0.003        -0.001
 C21           -0.014        -0.007        -0.004        -0.011         0.015
 C22           -0.008        -0.063        -0.113         0.004         0.029
 C23           -0.050        -0.021        -0.009        -0.016         0.019
 C24            0.073         0.245         0.375        -0.054        -0.033


           Model Estimated Covariances
              C6            C7            C8            C9            C10
              ________      ________      ________      ________      ________
 C6             1.375
 C7             3.679        22.418
 C8            -0.138        -0.328         0.161
 C9            -0.038        -0.122        -0.016         0.073
 C10            0.002         0.011        -0.001         0.000         0.004
 C11            0.083         0.339         0.000        -0.003         0.000
 C12           -0.033        -0.069         0.010        -0.001        -0.001
 C13           -0.280        -1.051         0.021         0.041         0.000
 C14            0.012         0.178         0.008        -0.014         0.002
 C15            0.018         0.115         0.001        -0.004         0.000
 C16            0.000         0.007        -0.008         0.003         0.000
 C17           -0.060        -0.181        -0.001         0.004         0.000
 C18            0.016        -0.012         0.000        -0.001         0.000
 C19            0.052         0.217        -0.006        -0.005         0.000
 C20           -0.035        -0.122         0.004         0.004         0.000
 C21            0.013         0.073        -0.004         0.000         0.001
 C22            0.085         0.370        -0.005        -0.012         0.001
 C23            0.082         0.480         0.003        -0.003         0.001
 C24           -0.618        -2.008         0.067         0.040         0.004


           Model Estimated Covariances
              C11           C12           C13           C14           C15
              ________      ________      ________      ________      ________
 C11            0.096
 C12            0.003         1.030
 C13            0.039         0.241         1.543
 C14           -0.003         0.010        -0.083         0.248
 C15            0.002        -0.047        -0.079         0.003         0.217
 C16           -0.001         0.052         0.043         0.002        -0.138
 C17           -0.024         0.016         0.030        -0.028        -0.008
 C18           -0.004        -0.008        -0.050        -0.006        -0.002
 C19           -0.002        -0.011        -0.058         0.018         0.007
 C20           -0.001         0.011         0.014         0.001        -0.002
 C21            0.008        -0.003        -0.016         0.039         0.004
 C22           -0.017        -0.050        -0.356         0.036         0.023
 C23            0.050        -0.029        -0.055         0.021         0.089
 C24           -0.007         0.553         1.730         0.694        -0.130


           Model Estimated Covariances
              C16           C17           C18           C19           C20
              ________      ________      ________      ________      ________
 C16            0.246
 C17            0.008         0.142
 C18           -0.003        -0.001         0.179
 C19           -0.006        -0.006        -0.043         0.151
 C20            0.003         0.003         0.027        -0.013         0.097
 C21           -0.004        -0.019        -0.007         0.013        -0.023
 C22           -0.004        -0.002         0.018         0.022        -0.007
 C23           -0.065        -0.032        -0.002         0.008         0.016
 C24            0.053         0.079        -0.002        -0.024         0.064


           Model Estimated Covariances
              C21           C22           C23           C24
              ________      ________      ________      ________
 C21            0.167
 C22            0.006         0.216
 C23            0.034         0.004         0.925
 C24            0.051        -0.424        -0.078        17.960


           Model Estimated Correlations
              X1            X2            X3            X4            X5
              ________      ________      ________      ________      ________
 X1             1.000
 X2             0.276         1.000
 X3             0.299         0.345         1.000
 X4             0.267         0.363         0.378         1.000
 X5             0.283         0.366         0.382         0.417         1.000
 Y1            -0.156        -0.159        -0.170        -0.166        -0.171
 Y2            -0.135        -0.165        -0.173        -0.184        -0.185
 Y3            -0.130        -0.173        -0.180        -0.199        -0.198
 Y4            -0.120        -0.176        -0.182        -0.208        -0.205
 Y5            -0.110        -0.177        -0.182        -0.214        -0.209
 C1            -0.043        -0.031        -0.035        -0.027        -0.030
 C2             0.070         0.055         0.061         0.050         0.054
 C3             0.059         0.046         0.050         0.041         0.045
 C4            -0.003         0.038         0.036         0.058         0.053
 C5            -0.053        -0.068        -0.071        -0.077        -0.077
 C6            -0.002        -0.026        -0.025        -0.038        -0.035
 C7            -0.018        -0.033        -0.033        -0.040        -0.039
 C8            -0.102        -0.083        -0.091        -0.077        -0.083
 C9             0.063         0.059         0.063         0.059         0.062
 C10           -0.005        -0.015        -0.015        -0.020        -0.019
 C11           -0.016        -0.038        -0.038        -0.050        -0.048
 C12            0.048         0.048         0.051         0.049         0.051
 C13            0.083         0.056         0.063         0.046         0.052
 C14           -0.020        -0.022        -0.023        -0.023        -0.024
 C15           -0.083        -0.064        -0.070        -0.056        -0.062
 C16            0.103         0.080         0.087         0.070         0.077
 C17            0.036         0.061         0.062         0.074         0.072
 C18            0.113         0.078         0.087         0.064         0.072
 C19           -0.051        -0.043        -0.047        -0.040        -0.043
 C20            0.105         0.075         0.083         0.063         0.070
 C21            0.037         0.017         0.020         0.008         0.012
 C22           -0.086        -0.046        -0.054        -0.029        -0.037
 C23            0.010        -0.036        -0.033        -0.058        -0.052
 C24            0.036         0.042         0.044         0.046         0.047


           Model Estimated Correlations
              Y1            Y2            Y3            Y4            Y5
              ________      ________      ________      ________      ________
 Y1             1.000
 Y2             0.440         1.000
 Y3             0.446         0.460         1.000
 Y4             0.438         0.462         0.490         1.000
 Y5             0.425         0.458         0.491         0.508         1.000
 C1            -0.168        -0.156        -0.156        -0.151        -0.144
 C2            -0.160        -0.146        -0.144        -0.138        -0.131
 C3            -0.160        -0.149        -0.148        -0.143        -0.137
 C4            -0.061        -0.028        -0.014         0.001         0.016
 C5             0.178         0.136         0.122         0.103         0.085
 C6             0.081         0.090         0.097         0.101         0.104
 C7             0.109         0.097         0.095         0.090         0.083
 C8             0.018         0.015         0.014         0.013         0.012
 C9            -0.027        -0.037        -0.044        -0.048        -0.052
 C10            0.022         0.025         0.028         0.029         0.030
 C11            0.001         0.017         0.025         0.032         0.038
 C12           -0.132        -0.112        -0.106        -0.097        -0.087
 C13           -0.200        -0.176        -0.172        -0.162        -0.150
 C14            0.088         0.055         0.041         0.026         0.012
 C15            0.351         0.285         0.263         0.234         0.203
 C16           -0.264        -0.223        -0.212        -0.195        -0.175
 C17           -0.148        -0.118        -0.108        -0.094        -0.080
 C18           -0.028        -0.015        -0.009        -0.003         0.003
 C19            0.081         0.083         0.087         0.088         0.088
 C20           -0.022        -0.031        -0.036        -0.040        -0.044
 C21            0.051         0.046         0.045         0.043         0.041
 C22            0.156         0.148         0.149         0.146         0.141
 C23            0.204         0.161         0.146         0.127         0.107
 C24           -0.105        -0.099        -0.101        -0.098        -0.095


           Model Estimated Correlations
              C1            C2            C3            C4            C5
              ________      ________      ________      ________      ________
 C1             1.000
 C2             0.176         1.000
 C3            -0.036         0.214         1.000
 C4             0.002         0.020        -0.065         1.000
 C5             0.025        -0.106        -0.116        -0.377         1.000
 C6            -0.064        -0.130        -0.187         0.135         0.061
 C7            -0.059        -0.112        -0.199         0.091         0.100
 C8            -0.010        -0.018        -0.013        -0.070         0.023
 C9             0.014         0.060         0.122        -0.069        -0.029
 C10           -0.018        -0.032        -0.020        -0.034         0.072
 C11            0.005        -0.017         0.075        -0.016        -0.063
 C12            0.084         0.069         0.005        -0.014         0.018
 C13            0.203         0.390         0.375        -0.046        -0.140
 C14           -0.013        -0.054        -0.088         0.014         0.174
 C15           -0.130        -0.122        -0.097        -0.001         0.058
 C16            0.120         0.094         0.014         0.010        -0.036
 C17            0.189         0.071        -0.001         0.003        -0.023
 C18           -0.045        -0.042        -0.024         0.055        -0.067
 C19            0.005        -0.024        -0.110         0.006         0.080
 C20           -0.014        -0.012         0.101        -0.023        -0.010
 C21           -0.068        -0.040        -0.022        -0.056         0.088
 C22           -0.032        -0.342        -0.491         0.017         0.147
 C23           -0.105        -0.055        -0.018        -0.035         0.046
 C24            0.035         0.146         0.178        -0.027        -0.018


           Model Estimated Correlations
              C6            C7            C8            C9            C10
              ________      ________      ________      ________      ________
 C6             1.000
 C7             0.663         1.000
 C8            -0.293        -0.173         1.000
 C9            -0.120        -0.096        -0.148         1.000
 C10            0.027         0.035        -0.021        -0.019         1.000
 C11            0.228         0.231        -0.003        -0.036         0.007
 C12           -0.028        -0.014         0.024        -0.005        -0.008
 C13           -0.192        -0.179         0.041         0.123        -0.003
 C14            0.020         0.076         0.038        -0.104         0.051
 C15            0.033         0.052         0.005        -0.031         0.006
 C16           -0.001         0.003        -0.043         0.026        -0.001
 C17           -0.135        -0.102        -0.004         0.035         0.005
 C18            0.032        -0.006         0.002        -0.012        -0.014
 C19            0.113         0.118        -0.041        -0.050        -0.007
 C20           -0.096        -0.082         0.034         0.046        -0.008
 C21            0.026         0.038        -0.022        -0.003         0.046
 C22            0.155         0.168        -0.025        -0.092         0.034
 C23            0.073         0.105         0.007        -0.010         0.019
 C24           -0.124        -0.100         0.039         0.035         0.016


           Model Estimated Correlations
              C11           C12           C13           C14           C15
              ________      ________      ________      ________      ________
 C11            1.000
 C12            0.009         1.000
 C13            0.101         0.191         1.000
 C14           -0.019         0.019        -0.134         1.000
 C15            0.017        -0.100        -0.137         0.015         1.000
 C16           -0.007         0.102         0.070         0.007        -0.598
 C17           -0.203         0.043         0.063        -0.151        -0.045
 C18           -0.028        -0.020        -0.095        -0.031        -0.009
 C19           -0.016        -0.027        -0.120         0.094         0.036
 C20           -0.008         0.035         0.035         0.005        -0.012
 C21            0.066        -0.008        -0.032         0.191         0.020
 C22           -0.116        -0.105        -0.617         0.155         0.105
 C23            0.168        -0.030        -0.046         0.044         0.199
 C24           -0.005         0.129         0.329         0.329        -0.066


           Model Estimated Correlations
              C16           C17           C18           C19           C20
              ________      ________      ________      ________      ________
 C16            1.000
 C17            0.043         1.000
 C18           -0.016        -0.004         1.000
 C19           -0.030        -0.041        -0.264         1.000
 C20            0.022         0.024         0.206        -0.109         1.000
 C21           -0.022        -0.126        -0.040         0.085        -0.181
 C22           -0.019        -0.009         0.092         0.121        -0.051
 C23           -0.137        -0.088        -0.006         0.021         0.053
 C24            0.025         0.050        -0.001        -0.014         0.048


           Model Estimated Correlations
              C21           C22           C23           C24
              ________      ________      ________      ________
 C21            1.000
 C22            0.032         1.000
 C23            0.086         0.008         1.000
 C24            0.030        -0.215        -0.019         1.000


           Model Estimated Partial Correlations
              X1            X2            X3            X4            X5
              ________      ________      ________      ________      ________
 X1             1.000
 X2             0.113         1.000
 X3             0.133         0.147         1.000
 X4             0.091         0.169         0.178         1.000
 X5             0.108         0.168         0.180         0.227         1.000
 Y1            -0.061        -0.016        -0.023         0.005        -0.004
 Y2            -0.024        -0.017        -0.020        -0.017        -0.018
 Y3            -0.007        -0.020        -0.020        -0.029        -0.028
 Y4             0.010        -0.021        -0.020        -0.041        -0.036
 Y5             0.028        -0.022        -0.019        -0.052        -0.044
 C1            -0.047        -0.034        -0.040        -0.033        -0.037
 C2             0.021         0.007         0.009         0.001         0.004
 C3            -0.016        -0.006        -0.008        -0.002        -0.004
 C4            -0.037         0.009         0.005         0.035         0.027
 C5            -0.006        -0.005        -0.006        -0.005        -0.006
 C6             0.014        -0.002         0.000        -0.011        -0.008
 C7             0.000        -0.001        -0.001        -0.002        -0.002
 C8            -0.060        -0.030        -0.037        -0.019        -0.025
 C9             0.017         0.012         0.014         0.012         0.013
 C10            0.002        -0.003        -0.003        -0.006        -0.005
 C11           -0.015        -0.008        -0.010        -0.006        -0.008
 C12            0.005         0.007         0.008         0.010         0.009
 C13            0.026         0.008         0.011         0.000         0.003
 C14            0.012        -0.002         0.000        -0.009        -0.007
 C15           -0.001         0.011         0.011         0.019         0.017
 C16            0.045         0.013         0.018        -0.002         0.004
 C17            0.006         0.015         0.016         0.022         0.021
 C18            0.074         0.025         0.033         0.003         0.013
 C19            0.001         0.002         0.002         0.003         0.003
 C20            0.061         0.023         0.030         0.008         0.015
 C21            0.043         0.019         0.023         0.009         0.014
 C22           -0.041         0.001        -0.003         0.024         0.016
 C23            0.046         0.001         0.007        -0.022        -0.014
 C24           -0.018         0.002         0.000         0.012         0.009


           Model Estimated Partial Correlations
              Y1            Y2            Y3            Y4            Y5
              ________      ________      ________      ________      ________
 Y1             1.000
 Y2             0.130         1.000
 Y3             0.139         0.156         1.000
 Y4             0.141         0.167         0.197         1.000
 Y5             0.141         0.175         0.210         0.236         1.000
 C1            -0.043        -0.039        -0.042        -0.042        -0.042
 C2            -0.016        -0.011        -0.010        -0.008        -0.006
 C3            -0.046        -0.029        -0.025        -0.018        -0.011
 C4            -0.037        -0.007         0.008         0.023         0.038
 C5             0.074         0.039         0.026         0.010        -0.006
 C6            -0.024        -0.003         0.007         0.017         0.027
 C7             0.038         0.012         0.000        -0.013        -0.025
 C8            -0.004        -0.002        -0.002        -0.001         0.000
 C9             0.027         0.010         0.003        -0.005        -0.013
 C10           -0.007         0.000         0.004         0.008         0.011
 C11           -0.046        -0.014         0.000         0.015         0.031
 C12           -0.052        -0.027        -0.017        -0.006         0.006
 C13           -0.020        -0.006         0.001         0.008         0.014
 C14            0.051         0.016         0.001        -0.016        -0.033
 C15            0.149         0.075         0.046         0.012        -0.022
 C16           -0.026        -0.020        -0.019        -0.017        -0.014
 C17           -0.075        -0.031        -0.013         0.007         0.027
 C18           -0.018        -0.002         0.006         0.015         0.023
 C19           -0.002         0.010         0.017         0.023         0.030
 C20            0.017         0.006         0.002        -0.003        -0.009
 C21           -0.006         0.002         0.006         0.010         0.014
 C22           -0.018         0.001         0.010         0.020         0.029
 C23            0.096         0.045         0.025         0.002        -0.021
 C24           -0.030        -0.017        -0.012        -0.006         0.001


           Model Estimated Partial Correlations
              C1            C2            C3            C4            C5
              ________      ________      ________      ________      ________
 C1             1.000
 C2             0.108         1.000
 C3            -0.103         0.035         1.000
 C4             0.031         0.021        -0.055         1.000
 C5             0.077        -0.028        -0.026        -0.395         1.000
 C6            -0.014        -0.044        -0.052         0.092         0.044
 C7            -0.030         0.014        -0.061         0.035         0.061
 C8            -0.041        -0.035        -0.064        -0.027         0.018
 C9            -0.002        -0.003         0.049        -0.053        -0.008
 C10           -0.022        -0.020        -0.002        -0.012         0.049
 C11            0.063        -0.050         0.057        -0.068        -0.094
 C12            0.018        -0.017        -0.077         0.002         0.049
 C13            0.192         0.187         0.072        -0.039        -0.051
 C14            0.045         0.018        -0.011         0.086         0.138
 C15           -0.020        -0.010        -0.033         0.014        -0.006
 C16            0.030         0.033        -0.036         0.000        -0.002
 C17            0.162         0.010        -0.020         0.004         0.015
 C18           -0.002         0.014        -0.001         0.024        -0.046
 C19            0.029         0.042        -0.024         0.005         0.015
 C20           -0.002        -0.046         0.073        -0.013         0.022
 C21           -0.041        -0.024         0.006        -0.039         0.040
 C22            0.093        -0.133        -0.311        -0.032         0.013
 C23           -0.045         0.003         0.002        -0.017         0.000
 C24           -0.059         0.006         0.051        -0.025        -0.023


           Model Estimated Partial Correlations
              C6            C7            C8            C9            C10
              ________      ________      ________      ________      ________
 C6             1.000
 C7             0.586         1.000
 C8            -0.261         0.011         1.000
 C9            -0.097         0.004        -0.177         1.000
 C10            0.002         0.014        -0.025        -0.017         1.000
 C11            0.122         0.131         0.058        -0.019         0.003
 C12            0.002         0.015         0.018        -0.022        -0.012
 C13           -0.041        -0.005         0.033         0.055         0.038
 C14           -0.047         0.055         0.023        -0.083         0.031
 C15           -0.026         0.018        -0.028        -0.010        -0.004
 C16           -0.009         0.032        -0.033         0.007         0.003
 C17           -0.073         0.028        -0.014        -0.005         0.023
 C18            0.057        -0.015         0.022        -0.019        -0.013
 C19            0.044         0.035        -0.015        -0.023        -0.025
 C20           -0.050        -0.017         0.018         0.029         0.003
 C21           -0.022        -0.008        -0.022         0.018         0.032
 C22           -0.011         0.034        -0.009         0.016         0.029
 C23           -0.006         0.044         0.011         0.006         0.008
 C24           -0.014        -0.022         0.002         0.022         0.005


           Model Estimated Partial Correlations
              C11           C12           C13           C14           C15
              ________      ________      ________      ________      ________
 C11            1.000
 C12           -0.003         1.000
 C13            0.068         0.127         1.000
 C14           -0.024         0.011        -0.138         1.000
 C15            0.016        -0.009        -0.015        -0.006         1.000
 C16            0.012         0.043        -0.001         0.023        -0.544
 C17           -0.174         0.010        -0.017        -0.157         0.023
 C18           -0.027        -0.013        -0.075        -0.046        -0.032
 C19           -0.038        -0.008        -0.061         0.028        -0.017
 C20            0.017         0.029        -0.003         0.049         0.008
 C21            0.052         0.001         0.019         0.167        -0.012
 C22           -0.062        -0.016        -0.434         0.087         0.033
 C23            0.142         0.006        -0.011         0.013         0.099
 C24           -0.008         0.058         0.260         0.410        -0.007


           Model Estimated Partial Correlations
              C16           C17           C18           C19           C20
              ________      ________      ________      ________      ________
 C16            1.000
 C17            0.000         1.000
 C18           -0.047        -0.026         1.000
 C19           -0.024        -0.021        -0.267         1.000
 C20            0.024         0.003         0.185        -0.022         1.000
 C21           -0.010        -0.072         0.017         0.054        -0.194
 C22            0.048         0.024         0.077         0.046        -0.016
 C23           -0.012        -0.004        -0.010         0.000         0.072
 C24           -0.023         0.088         0.054         0.032         0.006


           Model Estimated Partial Correlations
              C21           C22           C23           C24
              ________      ________      ________      ________
 C21            1.000
 C22           -0.001         1.000
 C23            0.067        -0.020         1.000
 C24           -0.026        -0.031         0.000         1.000


           Residuals for Covariances
              X1            X2            X3            X4            X5
              ________      ________      ________      ________      ________
 X1             0.011
 X2             0.025        -0.005
 X3            -0.026        -0.057        -0.039
 X4             0.022         0.023         0.017         0.054
 X5             0.032        -0.023        -0.036         0.075         0.012
 Y1            -0.007        -0.005         0.033        -0.003        -0.008
 Y2             0.016        -0.053         0.035         0.001         0.003
 Y3            -0.022         0.021        -0.018         0.018         0.000
 Y4            -0.031         0.048         0.023        -0.028        -0.035
 Y5             0.019         0.014         0.067         0.018        -0.010
 C1             0.001        -0.002        -0.003         0.000         0.005
 C2             0.005         0.001        -0.016         0.017        -0.001
 C3             0.003         0.008        -0.015         0.005        -0.005
 C4            -0.005         0.013         0.005        -0.011        -0.026
 C5             0.004        -0.013         0.001         0.021         0.005
 C6            -0.002         0.000         0.009         0.008        -0.029
 C7            -0.008        -0.023         0.053        -0.043        -0.037
 C8             0.001         0.004        -0.008        -0.001         0.008
 C9            -0.001        -0.004         0.006         0.000        -0.003
 C10            0.000        -0.001        -0.001         0.002         0.002
 C11           -0.001         0.002         0.002        -0.025         0.018
 C12            0.003         0.018        -0.030        -0.009         0.021
 C13            0.013         0.015        -0.054         0.041        -0.014
 C14            0.004         0.006        -0.019         0.014        -0.002
 C15           -0.001        -0.005         0.007         0.000         0.000
 C16            0.001         0.003        -0.003         0.007        -0.010
 C17            0.000        -0.006         0.005         0.007        -0.002
 C18            0.000         0.004        -0.004        -0.006         0.005
 C19           -0.002         0.002         0.004        -0.009         0.000
 C20            0.000         0.000         0.000        -0.003         0.000
 C21            0.003         0.000        -0.010         0.005         0.004
 C22           -0.005         0.000         0.017        -0.020         0.002
 C23           -0.004         0.003         0.012        -0.058         0.011
 C24            0.050         0.088        -0.240         0.139         0.015


           Residuals for Covariances
              Y1            Y2            Y3            Y4            Y5
              ________      ________      ________      ________      ________
 Y1            -0.015
 Y2            -0.019         0.019
 Y3             0.018         0.101         0.055
 Y4            -0.034        -0.063        -0.051        -0.081
 Y5            -0.062         0.001        -0.020        -0.064        -0.066
 C1             0.003        -0.004        -0.007         0.008         0.008
 C2             0.002        -0.002        -0.003         0.001         0.005
 C3             0.002         0.000        -0.007        -0.003         0.020
 C4            -0.001         0.006        -0.009         0.015        -0.010
 C5            -0.002         0.002         0.006        -0.015         0.000
 C6            -0.002         0.012        -0.024         0.037        -0.009
 C7             0.013        -0.030        -0.025         0.168        -0.045
 C8            -0.002         0.000         0.010        -0.009        -0.007
 C9             0.000         0.000        -0.002         0.006        -0.002
 C10            0.000         0.000        -0.002         0.003         0.000
 C11           -0.002         0.005         0.000        -0.009        -0.003
 C12            0.003         0.009        -0.031         0.019         0.031
 C13           -0.002         0.006        -0.003        -0.005         0.006
 C14            0.005        -0.013         0.005        -0.012         0.027
 C15           -0.001        -0.001         0.010        -0.013        -0.002
 C16            0.002        -0.003        -0.008         0.027        -0.009
 C17            0.001        -0.002        -0.005         0.012         0.001
 C18           -0.003         0.008        -0.004        -0.002        -0.006
 C19            0.003        -0.003        -0.007         0.002         0.013
 C20            0.000         0.000        -0.003         0.009         0.002
 C21            0.001         0.002        -0.005        -0.022         0.024
 C22           -0.002         0.002         0.003         0.000        -0.012
 C23            0.004        -0.023         0.040        -0.019        -0.007
 C24            0.014        -0.065         0.067        -0.091         0.052


           Residuals for Covariances
              C1            C2            C3            C4            C5
              ________      ________      ________      ________      ________
 C1             0.000
 C2             0.000         0.000
 C3             0.000         0.000         0.000
 C4             0.000         0.000         0.000         0.000
 C5             0.000         0.000         0.000         0.000         0.000
 C6             0.000         0.000         0.000         0.000         0.000
 C7             0.000         0.000         0.000         0.000         0.000
 C8             0.000         0.000         0.000         0.000         0.000
 C9             0.000         0.000         0.000         0.000         0.000
 C10            0.000         0.000         0.000         0.000         0.000
 C11            0.000         0.000         0.000         0.000         0.000
 C12            0.000         0.000         0.000         0.000         0.000
 C13            0.000         0.000         0.000         0.000         0.000
 C14            0.000         0.000         0.000         0.000         0.000
 C15            0.000         0.000         0.000         0.000         0.000
 C16            0.000         0.000         0.000         0.000         0.000
 C17            0.000         0.000         0.000         0.000         0.000
 C18            0.000         0.000         0.000         0.000         0.000
 C19            0.000         0.000         0.000         0.000         0.000
 C20            0.000         0.000         0.000         0.000         0.000
 C21            0.000         0.000         0.000         0.000         0.000
 C22            0.000         0.000         0.000         0.000         0.000
 C23            0.000         0.000         0.000         0.000         0.000
 C24            0.000         0.000         0.000         0.000         0.000


           Residuals for Covariances
              C6            C7            C8            C9            C10
              ________      ________      ________      ________      ________
 C6             0.000
 C7             0.000         0.000
 C8             0.000         0.000         0.000
 C9             0.000         0.000         0.000         0.000
 C10            0.000         0.000         0.000         0.000         0.000
 C11            0.000         0.000         0.000         0.000         0.000
 C12            0.000         0.000         0.000         0.000         0.000
 C13            0.000         0.000         0.000         0.000         0.000
 C14            0.000         0.000         0.000         0.000         0.000
 C15            0.000         0.000         0.000         0.000         0.000
 C16            0.000         0.000         0.000         0.000         0.000
 C17            0.000         0.000         0.000         0.000         0.000
 C18            0.000         0.000         0.000         0.000         0.000
 C19            0.000         0.000         0.000         0.000         0.000
 C20            0.000         0.000         0.000         0.000         0.000
 C21            0.000         0.000         0.000         0.000         0.000
 C22            0.000         0.000         0.000         0.000         0.000
 C23            0.000         0.000         0.000         0.000         0.000
 C24            0.000         0.000         0.000         0.000         0.000


           Residuals for Covariances
              C11           C12           C13           C14           C15
              ________      ________      ________      ________      ________
 C11            0.000
 C12            0.000         0.000
 C13            0.000         0.000         0.000
 C14            0.000         0.000         0.000         0.000
 C15            0.000         0.000         0.000         0.000         0.000
 C16            0.000         0.000         0.000         0.000         0.000
 C17            0.000         0.000         0.000         0.000         0.000
 C18            0.000         0.000         0.000         0.000         0.000
 C19            0.000         0.000         0.000         0.000         0.000
 C20            0.000         0.000         0.000         0.000         0.000
 C21            0.000         0.000         0.000         0.000         0.000
 C22            0.000         0.000         0.000         0.000         0.000
 C23            0.000         0.000         0.000         0.000         0.000
 C24            0.000         0.000         0.000         0.000         0.000


           Residuals for Covariances
              C16           C17           C18           C19           C20
              ________      ________      ________      ________      ________
 C16            0.000
 C17            0.000         0.000
 C18            0.000         0.000         0.000
 C19            0.000         0.000         0.000         0.000
 C20            0.000         0.000         0.000         0.000         0.000
 C21            0.000         0.000         0.000         0.000         0.000
 C22            0.000         0.000         0.000         0.000         0.000
 C23            0.000         0.000         0.000         0.000         0.000
 C24            0.000         0.000         0.000         0.000         0.000


           Residuals for Covariances
              C21           C22           C23           C24
              ________      ________      ________      ________
 C21            0.000
 C22            0.000         0.000
 C23            0.000         0.000         0.000
 C24            0.000         0.000         0.000         0.000


           Residuals for Correlations
              X1            X2            X3            X4            X5
              ________      ________      ________      ________      ________
 X1             0.000
 X2             0.024         0.000
 X3            -0.023        -0.055         0.000
 X4             0.013         0.014         0.017         0.000
 X5             0.031        -0.027        -0.036         0.067         0.000
 Y1            -0.007        -0.007         0.031         0.000        -0.009
 Y2             0.017        -0.049         0.034         0.008         0.006
 Y3            -0.016         0.023        -0.019         0.027         0.006
 Y4            -0.034         0.040         0.013        -0.029        -0.042
 Y5             0.015         0.008         0.058         0.017        -0.014
 C1             0.003        -0.004        -0.008         0.002         0.011
 C2             0.012         0.003        -0.043         0.043        -0.002
 C3             0.005         0.016        -0.031         0.009        -0.012
 C4            -0.010         0.029         0.012        -0.026        -0.060
 C5             0.009        -0.032         0.000         0.052         0.012
 C6            -0.002         0.000         0.008         0.008        -0.026
 C7            -0.002        -0.005         0.012        -0.008        -0.008
 C8             0.004         0.010        -0.024         0.000         0.023
 C9            -0.004        -0.013         0.025        -0.001        -0.013
 C10            0.007        -0.009        -0.025         0.033         0.039
 C11           -0.003         0.007         0.005        -0.081         0.063
 C12            0.003         0.018        -0.031        -0.011         0.022
 C13            0.010         0.012        -0.047         0.033        -0.013
 C14            0.009         0.012        -0.044         0.030        -0.005
 C15           -0.001        -0.011         0.015         0.001         0.000
 C16            0.001         0.007        -0.005         0.013        -0.023
 C17            0.000        -0.016         0.017         0.016        -0.007
 C18           -0.001         0.009        -0.010        -0.015         0.013
 C19           -0.005         0.006         0.010        -0.023         0.001
 C20           -0.002         0.002         0.003        -0.010         0.000
 C21            0.006         0.000        -0.026         0.013         0.011
 C22           -0.011        -0.001         0.039        -0.042         0.006
 C23           -0.004         0.004         0.013        -0.060         0.013
 C24            0.012         0.021        -0.062         0.032         0.004


           Residuals for Correlations
              Y1            Y2            Y3            Y4            Y5
              ________      ________      ________      ________      ________
 Y1             0.000
 Y2            -0.018         0.000
 Y3             0.009         0.072         0.000
 Y4            -0.013        -0.044        -0.039         0.000
 Y5            -0.042         0.010        -0.016        -0.024         0.000
 C1             0.005        -0.006        -0.009         0.010         0.011
 C2             0.004        -0.004        -0.004        -0.001         0.007
 C3             0.004         0.001        -0.009        -0.010         0.033
 C4            -0.003         0.013        -0.018         0.032        -0.020
 C5            -0.003         0.003         0.010        -0.031         0.002
 C6            -0.001         0.009        -0.021         0.034        -0.004
 C7             0.003        -0.007        -0.007         0.037        -0.007
 C8            -0.005         0.001         0.022        -0.021        -0.015
 C9             0.001         0.000        -0.007         0.019        -0.007
 C10            0.003        -0.001        -0.023         0.050        -0.002
 C11           -0.006         0.014         0.000        -0.027        -0.007
 C12            0.002         0.010        -0.025         0.014         0.025
 C13           -0.003         0.006         0.002        -0.010         0.000
 C14            0.011        -0.025         0.009        -0.023         0.050
 C15            0.000        -0.004         0.013        -0.019         0.003
 C16            0.002        -0.004        -0.010         0.046        -0.021
 C17            0.002        -0.004        -0.010         0.026         0.001
 C18           -0.007         0.019        -0.008        -0.004        -0.012
 C19            0.007        -0.007        -0.019         0.009         0.032
 C20            0.001         0.001        -0.008         0.027         0.003
 C21            0.003         0.005        -0.011        -0.050         0.056
 C22           -0.004         0.003         0.003         0.006        -0.020
 C23            0.005        -0.023         0.035        -0.014        -0.004
 C24            0.002        -0.013         0.017        -0.024         0.009


           Residuals for Correlations
              C1            C2            C3            C4            C5
              ________      ________      ________      ________      ________
 C1             0.000
 C2             0.000         0.000
 C3             0.000         0.000         0.000
 C4             0.000         0.000         0.000         0.000
 C5             0.000         0.000         0.000         0.000         0.000
 C6             0.000         0.000         0.000         0.000         0.000
 C7             0.000         0.000         0.000         0.000         0.000
 C8             0.000         0.000         0.000         0.000         0.000
 C9             0.000         0.000         0.000         0.000         0.000
 C10            0.000         0.000         0.000         0.000         0.000
 C11            0.000         0.000         0.000         0.000         0.000
 C12            0.000         0.000         0.000         0.000         0.000
 C13            0.000         0.000         0.000         0.000         0.000
 C14            0.000         0.000         0.000         0.000         0.000
 C15            0.000         0.000         0.000         0.000         0.000
 C16            0.000         0.000         0.000         0.000         0.000
 C17            0.000         0.000         0.000         0.000         0.000
 C18            0.000         0.000         0.000         0.000         0.000
 C19            0.000         0.000         0.000         0.000         0.000
 C20            0.000         0.000         0.000         0.000         0.000
 C21            0.000         0.000         0.000         0.000         0.000
 C22            0.000         0.000         0.000         0.000         0.000
 C23            0.000         0.000         0.000         0.000         0.000
 C24            0.000         0.000         0.000         0.000         0.000


           Residuals for Correlations
              C6            C7            C8            C9            C10
              ________      ________      ________      ________      ________
 C6             0.000
 C7             0.000         0.000
 C8             0.000         0.000         0.000
 C9             0.000         0.000         0.000         0.000
 C10            0.000         0.000         0.000         0.000         0.000
 C11            0.000         0.000         0.000         0.000         0.000
 C12            0.000         0.000         0.000         0.000         0.000
 C13            0.000         0.000         0.000         0.000         0.000
 C14            0.000         0.000         0.000         0.000         0.000
 C15            0.000         0.000         0.000         0.000         0.000
 C16            0.000         0.000         0.000         0.000         0.000
 C17            0.000         0.000         0.000         0.000         0.000
 C18            0.000         0.000         0.000         0.000         0.000
 C19            0.000         0.000         0.000         0.000         0.000
 C20            0.000         0.000         0.000         0.000         0.000
 C21            0.000         0.000         0.000         0.000         0.000
 C22            0.000         0.000         0.000         0.000         0.000
 C23            0.000         0.000         0.000         0.000         0.000
 C24            0.000         0.000         0.000         0.000         0.000


           Residuals for Correlations
              C11           C12           C13           C14           C15
              ________      ________      ________      ________      ________
 C11            0.000
 C12            0.000         0.000
 C13            0.000         0.000         0.000
 C14            0.000         0.000         0.000         0.000
 C15            0.000         0.000         0.000         0.000         0.000
 C16            0.000         0.000         0.000         0.000         0.000
 C17            0.000         0.000         0.000         0.000         0.000
 C18            0.000         0.000         0.000         0.000         0.000
 C19            0.000         0.000         0.000         0.000         0.000
 C20            0.000         0.000         0.000         0.000         0.000
 C21            0.000         0.000         0.000         0.000         0.000
 C22            0.000         0.000         0.000         0.000         0.000
 C23            0.000         0.000         0.000         0.000         0.000
 C24            0.000         0.000         0.000         0.000         0.000


           Residuals for Correlations
              C16           C17           C18           C19           C20
              ________      ________      ________      ________      ________
 C16            0.000
 C17            0.000         0.000
 C18            0.000         0.000         0.000
 C19            0.000         0.000         0.000         0.000
 C20            0.000         0.000         0.000         0.000         0.000
 C21            0.000         0.000         0.000         0.000         0.000
 C22            0.000         0.000         0.000         0.000         0.000
 C23            0.000         0.000         0.000         0.000         0.000
 C24            0.000         0.000         0.000         0.000         0.000


           Residuals for Correlations
              C21           C22           C23           C24
              ________      ________      ________      ________
 C21            0.000
 C22            0.000         0.000
 C23            0.000         0.000         0.000
 C24            0.000         0.000         0.000         0.000


           Residuals for Partial Correlations
              X1            X2            X3            X4            X5
              ________      ________      ________      ________      ________
 X1             0.000
 X2             0.041         0.000
 X3            -0.023        -0.051         0.000
 X4            -0.035         0.023         0.044         0.000
 X5             0.038        -0.048        -0.055         0.099         0.000
 Y1            -0.002        -0.012         0.021        -0.005        -0.007
 Y2             0.042        -0.095         0.026         0.012         0.021
 Y3            -0.019         0.050        -0.086         0.059         0.018
 Y4            -0.045         0.076        -0.012        -0.043        -0.035
 Y5             0.021        -0.020         0.062         0.024        -0.034
 C1             0.000        -0.004        -0.008        -0.003         0.021
 C2             0.009        -0.009        -0.039         0.040        -0.001
 C3            -0.001         0.028        -0.014        -0.001        -0.017
 C4            -0.002         0.033         0.025        -0.006        -0.063
 C5             0.007        -0.031        -0.004         0.052        -0.027
 C6             0.008         0.000        -0.023         0.066        -0.050
 C7             0.003        -0.009         0.009        -0.006         0.007
 C8             0.006         0.006        -0.031         0.017         0.004
 C9            -0.003        -0.012         0.035        -0.003        -0.015
 C10            0.005        -0.023        -0.044         0.036         0.044
 C11           -0.014         0.011         0.026        -0.131         0.112
 C12           -0.007         0.027        -0.024        -0.034         0.042
 C13            0.005         0.013        -0.010         0.024        -0.042
 C14            0.006         0.007        -0.038         0.041        -0.020
 C15            0.005        -0.008        -0.001         0.032        -0.028
 C16            0.006        -0.003         0.009         0.036        -0.047
 C17           -0.002        -0.020         0.021         0.005        -0.003
 C18           -0.004         0.014        -0.013        -0.027         0.026
 C19           -0.008         0.018         0.009        -0.043         0.026
 C20           -0.002         0.000         0.011        -0.004        -0.002
 C21            0.001         0.003        -0.031         0.017         0.002
 C22           -0.008         0.028         0.021        -0.056         0.008
 C23           -0.001         0.014         0.032        -0.072         0.023
 C24            0.005         0.012        -0.037         0.009         0.005


           Residuals for Partial Correlations
              Y1            Y2            Y3            Y4            Y5
              ________      ________      ________      ________      ________
 Y1             0.000
 Y2            -0.021         0.000
 Y3             0.010         0.124         0.000
 Y4             0.035        -0.065        -0.049         0.000
 Y5            -0.058         0.016        -0.012         0.019         0.000
 C1             0.004        -0.011        -0.007        -0.006         0.026
 C2             0.004        -0.002        -0.005         0.000         0.004
 C3             0.003         0.004        -0.026        -0.016         0.040
 C4            -0.008         0.035        -0.019         0.020        -0.042
 C5            -0.006         0.022         0.008        -0.024        -0.013
 C6            -0.005         0.018        -0.031         0.023        -0.002
 C7             0.002        -0.026         0.007         0.032        -0.009
 C8            -0.005         0.007         0.015        -0.002        -0.017
 C9            -0.003         0.002        -0.011         0.034        -0.020
 C10           -0.001         0.001        -0.044         0.080        -0.011
 C11            0.000         0.030         0.010        -0.041        -0.004
 C12            0.001         0.018        -0.049         0.010         0.035
 C13           -0.008         0.019         0.010        -0.006        -0.026
 C14            0.012        -0.038        -0.010        -0.023         0.069
 C15            0.001        -0.010        -0.008         0.020        -0.004
 C16           -0.003        -0.007         0.004         0.056        -0.049
 C17            0.001        -0.006        -0.013         0.019         0.005
 C18           -0.003         0.026        -0.014        -0.007        -0.004
 C19            0.007        -0.002        -0.038         0.007         0.036
 C20           -0.003         0.000        -0.026         0.034         0.006
 C21            0.008         0.011        -0.034        -0.055         0.073
 C22           -0.006         0.020         0.010        -0.008        -0.027
 C23            0.005        -0.046         0.055        -0.010        -0.010
 C24            0.001        -0.006         0.031        -0.017        -0.019


           Residuals for Partial Correlations
              C1            C2            C3            C4            C5
              ________      ________      ________      ________      ________
 C1             0.000
 C2             0.000         0.000
 C3             0.000         0.000         0.000
 C4            -0.001         0.001        -0.001         0.000
 C5             0.000        -0.002         0.001         0.001         0.000
 C6             0.001        -0.002        -0.002        -0.004        -0.002
 C7             0.001         0.001         0.002        -0.001         0.000
 C8             0.000        -0.001         0.000        -0.001        -0.001
 C9             0.001         0.001         0.002        -0.002         0.000
 C10            0.003        -0.002         0.001        -0.001         0.001
 C11           -0.004         0.005        -0.001         0.007         0.008
 C12           -0.001         0.000        -0.002         0.001         0.003
 C13           -0.001        -0.001        -0.001        -0.002        -0.002
 C14            0.000        -0.002        -0.002         0.000        -0.001
 C15            0.001        -0.001         0.001        -0.001        -0.002
 C16            0.002        -0.001         0.003        -0.004        -0.002
 C17            0.000         0.000         0.000         0.001         0.000
 C18           -0.001         0.001        -0.001         0.002         0.002
 C19           -0.001         0.002        -0.002         0.001         0.005
 C20            0.001         0.001         0.001        -0.002         0.001
 C21           -0.002        -0.002        -0.004         0.003         0.000
 C22           -0.002         0.002         0.000         0.001         0.002
 C23            0.000         0.004         0.002         0.002         0.004
 C24           -0.001        -0.002         0.000         0.003        -0.001


           Residuals for Partial Correlations
              C6            C7            C8            C9            C10
              ________      ________      ________      ________      ________
 C6             0.000
 C7            -0.002         0.000
 C8             0.000         0.000         0.000
 C9             0.000        -0.001         0.001         0.000
 C10           -0.003        -0.002         0.000        -0.001         0.000
 C11            0.010        -0.002         0.002         0.001         0.003
 C12            0.000         0.001         0.001         0.002        -0.004
 C13           -0.002         0.000        -0.002         0.000         0.001
 C14           -0.003         0.002        -0.001         0.004         0.000
 C15           -0.003        -0.001        -0.001        -0.001        -0.003
 C16           -0.004        -0.002        -0.001        -0.003        -0.002
 C17           -0.001         0.000         0.002        -0.001        -0.003
 C18            0.002         0.000         0.000         0.001        -0.001
 C19            0.000         0.000         0.002         0.000        -0.002
 C20           -0.001         0.000         0.001        -0.001        -0.003
 C21           -0.001         0.003         0.000         0.003         0.000
 C22            0.003        -0.001         0.000         0.000         0.001
 C23            0.007        -0.002         0.000         0.000         0.006
 C24            0.001         0.000        -0.002         0.002         0.000


           Residuals for Partial Correlations
              C11           C12           C13           C14           C15
              ________      ________      ________      ________      ________
 C11            0.000
 C12           -0.007         0.000
 C13            0.005         0.002         0.000
 C14            0.005         0.000         0.000         0.000
 C15            0.006         0.002        -0.001         0.000         0.000
 C16            0.008         0.004        -0.002         0.002        -0.001
 C17            0.004        -0.001         0.002         0.000        -0.001
 C18           -0.005        -0.003         0.002         0.001         0.002
 C19           -0.005        -0.006         0.003        -0.001         0.002
 C20           -0.001        -0.001         0.001         0.002         0.000
 C21           -0.001        -0.004         0.001        -0.007         0.002
 C22           -0.004        -0.001         0.002         0.001         0.002
 C23           -0.013         0.002         0.001         0.003         0.002
 C24            0.001         0.001        -0.001        -0.003         0.000


           Residuals for Partial Correlations
              C16           C17           C18           C19           C20
              ________      ________      ________      ________      ________
 C16            0.000
 C17            0.000         0.000
 C18            0.002         0.001         0.000
 C19            0.003        -0.001        -0.001         0.000
 C20           -0.001        -0.002        -0.001        -0.002         0.000
 C21            0.006         0.000        -0.001        -0.003         0.002
 C22            0.000         0.002        -0.001        -0.001         0.000
 C23            0.001         0.002         0.000        -0.001         0.001
 C24            0.000         0.002         0.000         0.003         0.002


           Residuals for Partial Correlations
              C21           C22           C23           C24
              ________      ________      ________      ________
 C21            0.000
 C22            0.002         0.000
 C23            0.005        -0.004         0.000
 C24            0.000         0.001         0.000         0.000


           Standardized Residuals (z-scores) for Covariances
              X1            X2            X3            X4            X5
              ________      ________      ________      ________      ________
 X1             2.671
 X2             2.167        -0.519
 X3            -2.158        -3.712       999.000
 X4             1.239         1.143         0.698         1.988
 X5             1.256        -0.964        -1.404         3.672         0.563
 Y1            -2.523        -0.391         2.162        -0.163        -0.305
 Y2             1.132        -2.898         1.862         0.047         0.086
 Y3            -1.522         1.134        -0.985         0.600        -0.009
 Y4            -1.421         1.748         0.983        -0.936        -1.047
 Y5             0.644         0.442         2.548         0.509        -0.350
 C1             1.477        -0.379        -0.594         0.048         0.446
 C2           999.000         0.232        -3.307         2.617        -0.092
 C3             1.862         1.169        -2.030         0.457        -0.460
 C4           999.000         2.338         0.723        -0.988        -2.436
 C5             3.401        -2.319         0.115         2.121         0.413
 C6            -0.267         0.035         0.495         0.259        -0.752
 C7            -0.387        -0.376         0.698        -0.343        -0.264
 C8             0.676         0.767        -1.278        -0.096         0.831
 C9            -0.787        -0.937         1.690         0.059        -0.434
 C10           14.059        -0.889        -1.757       999.000         5.678
 C11           -1.617         0.683         0.350        -2.076         1.229
 C12          999.000         1.471        -1.947        -0.363         0.854
 C13          999.000         1.300        -4.454         2.329        -0.589
 C14          999.000         0.896        -2.644         1.279        -0.203
 C15           -0.420        -0.905         1.120        -0.026        -0.018
 C16            0.260         0.553        -0.529         0.727        -0.879
 C17          999.000        -1.351         0.902         0.711        -0.212
 C18           -0.160         0.748        -0.862        -0.594         0.553
 C19           -1.116         0.464         0.671        -1.056         0.014
 C20           -0.223         0.103         0.095        -0.452         0.031
 C21          999.000        -0.003        -1.696         0.566         0.400
 C22          999.000        -0.046         2.813        -2.154         0.216
 C23          999.000         0.270         0.857        -1.364         0.236
 C24          999.000         1.950        -4.203         1.324         0.184


           Standardized Residuals (z-scores) for Covariances
              Y1            Y2            Y3            Y4            Y5
              ________      ________      ________      ________      ________
 Y1            -4.167
 Y2            -2.165         1.237
 Y3             1.015         4.602         2.467
 Y4            -1.356        -2.063        -1.910        -4.123
 Y5            -2.036         0.038        -0.614        -2.531        -2.962
 C1             1.451        -0.641        -1.057         0.910         0.698
 C2             1.452        -0.506        -0.725         0.235         0.617
 C3             0.929        -0.045        -0.965        -0.244         1.700
 C4            -0.613         1.047        -1.424         1.504        -1.025
 C5            -0.939         0.285         0.854        -1.662        -0.004
 C6            -0.383         0.733        -1.427         1.169        -0.223
 C7           999.000        -0.451        -0.339         1.282        -0.327
 C8            -0.961         0.081         1.529        -1.012        -0.803
 C9             0.152         0.000        -0.621         1.318        -0.357
 C10            0.948        -0.040        -2.782         2.082       999.000
 C11           -1.049         1.174         0.068        -0.748        -0.144
 C12            0.471         0.720        -2.012         0.856         1.027
 C13          999.000         0.480        -0.242        -0.267         0.216
 C14            1.959        -1.900         0.729        -1.146         2.328
 C15           -0.418        -0.126         1.370        -1.286        -0.121
 C16            0.944        -0.513        -1.166         2.742        -0.749
 C17            0.556        -0.420        -0.791         1.240         0.107
 C18           -1.653         1.415        -0.602        -0.187        -0.623
 C19            1.656        -0.541        -1.258         0.272         1.083
 C20            0.174         0.098        -0.756         1.325         0.230
 C21            0.763         0.422        -0.810        -2.416         2.001
 C22           -0.834         0.346         0.540         0.021        -1.011
 C23            0.686        -2.703         1.874        -0.772        -0.190
 C24          999.000        -1.349         1.889        -1.315         2.945


           Standardized Residuals (z-scores) for Covariances
              C1            C2            C3            C4            C5
              ________      ________      ________      ________      ________
 C1             0.000
 C2             0.000         0.000
 C3             0.000         0.000         0.000
 C4             0.000         0.000         0.000         0.000
 C5             0.000         0.000         0.000         0.000         0.000
 C6             0.000         0.000         0.000         0.000         0.000
 C7             0.000         0.000         0.000         0.000         0.000
 C8             0.000         0.000         0.000         0.000         0.000
 C9             0.000         0.000         0.000         0.000         0.000
 C10            0.000         0.000         0.000         0.000         0.000
 C11            0.000         0.000         0.000         0.000         0.000
 C12            0.000         0.000         0.000         0.000         0.000
 C13            0.000         0.000         0.000         0.000         0.000
 C14            0.000         0.000         0.000         0.000         0.000
 C15            0.000         0.000         0.000         0.000         0.000
 C16            0.000         0.000         0.000         0.000         0.000
 C17            0.000         0.000         0.000         0.000         0.000
 C18            0.000         0.000         0.000         0.000         0.000
 C19            0.000         0.000         0.000         0.000         0.000
 C20            0.000         0.000         0.000         0.000         0.000
 C21            0.000         0.000         0.000         0.000         0.000
 C22            0.000         0.000         0.000         0.000         0.000
 C23            0.000         0.000         0.000         0.000         0.000
 C24            0.000         0.000         0.000         0.000         0.000


           Standardized Residuals (z-scores) for Covariances
              C6            C7            C8            C9            C10
              ________      ________      ________      ________      ________
 C6             0.000
 C7             0.000         0.000
 C8             0.000         0.000         0.000
 C9             0.000         0.000         0.000         0.000
 C10            0.000         0.000         0.000         0.000         0.000
 C11            0.000         0.000         0.000         0.000         0.000
 C12            0.000         0.000         0.000         0.000         0.000
 C13            0.000         0.000         0.000         0.000         0.000
 C14            0.000         0.000         0.000         0.000         0.000
 C15            0.000         0.000         0.000         0.000         0.000
 C16            0.000         0.000         0.000         0.000         0.000
 C17            0.000         0.000         0.000         0.000         0.000
 C18            0.000         0.000         0.000         0.000         0.000
 C19            0.000         0.000         0.000         0.000         0.000
 C20            0.000         0.000         0.000         0.000         0.000
 C21            0.000         0.000         0.000         0.000         0.000
 C22            0.000         0.000         0.000         0.000         0.000
 C23            0.000         0.000         0.000         0.000         0.000
 C24            0.000         0.000         0.000         0.000         0.000


           Standardized Residuals (z-scores) for Covariances
              C11           C12           C13           C14           C15
              ________      ________      ________      ________      ________
 C11            0.000
 C12            0.000         0.000
 C13            0.000         0.000         0.000
 C14            0.000         0.000         0.000         0.000
 C15            0.000         0.000         0.000         0.000         0.000
 C16            0.000         0.000         0.000         0.000         0.000
 C17            0.000         0.000         0.000         0.000         0.000
 C18            0.000         0.000         0.000         0.000         0.000
 C19            0.000         0.000         0.000         0.000         0.000
 C20            0.000         0.000         0.000         0.000         0.000
 C21            0.000         0.000         0.000         0.000         0.000
 C22            0.000         0.000         0.000         0.000         0.000
 C23            0.000         0.000         0.000         0.000         0.000
 C24            0.000         0.000         0.000         0.000         0.000


           Standardized Residuals (z-scores) for Covariances
              C16           C17           C18           C19           C20
              ________      ________      ________      ________      ________
 C16            0.000
 C17            0.000         0.000
 C18            0.000         0.000         0.000
 C19            0.000         0.000         0.000         0.000
 C20            0.000         0.000         0.000         0.000         0.000
 C21            0.000         0.000         0.000         0.000         0.000
 C22            0.000         0.000         0.000         0.000         0.000
 C23            0.000         0.000         0.000         0.000         0.000
 C24            0.000         0.000         0.000         0.000         0.000


           Standardized Residuals (z-scores) for Covariances
              C21           C22           C23           C24
              ________      ________      ________      ________
 C21            0.000
 C22            0.000         0.000
 C23            0.000         0.000         0.000
 C24            0.000         0.000         0.000         0.000


           Normalized Residuals for Covariances
              X1            X2            X3            X4            X5
              ________      ________      ________      ________      ________
 X1             0.352
 X2             1.116        -0.191
 X3            -1.136        -2.482        -1.504
 X4             0.661         0.671         0.518         1.173
 X5             0.972        -0.692        -1.117         1.845         0.293
 Y1            -0.361        -0.260         1.530        -0.120        -0.256
 Y2             0.739        -2.295         1.513         0.041         0.077
 Y3            -0.957         0.873        -0.773         0.506        -0.008
 Y4            -1.049         1.478         0.795        -0.760        -0.900
 Y5             0.505         0.371         2.028         0.411        -0.275
 C1             0.184        -0.256        -0.429         0.036         0.384
 C2             0.705         0.153        -2.237         1.822        -0.070
 C3             0.261         0.768        -1.416         0.343        -0.366
 C4            -0.510         1.483         0.497        -0.771        -1.965
 C5             0.410        -1.508         0.083         1.585         0.340
 C6            -0.080         0.022         0.361         0.207        -0.660
 C7            -0.088        -0.244         0.520        -0.274        -0.225
 C8             0.162         0.494        -0.909        -0.070         0.666
 C9            -0.175        -0.634         1.108         0.036        -0.359
 C10            0.590        -0.464        -1.169         1.924         1.791
 C11           -0.161         0.379         0.254        -1.827         1.146
 C12            0.165         0.967        -1.450        -0.291         0.698
 C13            0.584         0.680        -2.406         1.428        -0.443
 C14            0.415         0.588        -1.885         0.953        -0.162
 C15           -0.075        -0.602         0.790        -0.020        -0.015
 C16            0.073         0.372        -0.367         0.545        -0.722
 C17           -0.008        -0.852         0.663         0.559        -0.183
 C18           -0.038         0.495        -0.565        -0.450         0.448
 C19           -0.292         0.303         0.495        -0.811         0.011
 C20           -0.051         0.069         0.060        -0.322         0.025
 C21            0.367        -0.002        -1.228         0.448         0.334
 C22           -0.590        -0.030         1.800        -1.543         0.172
 C23           -0.266         0.170         0.575        -1.207         0.218
 C24            0.636         1.164        -2.965         1.031         0.138


           Normalized Residuals for Covariances
              Y1            Y2            Y3            Y4            Y5
              ________      ________      ________      ________      ________
 Y1            -0.503
 Y2            -0.856         0.585
 Y3             0.683         3.375         1.392
 Y4            -1.051        -1.649        -1.340        -1.574
 Y5            -1.624         0.031        -0.446        -1.422        -1.054
 C1             0.369        -0.428        -0.703         0.661         0.526
 C2             0.306        -0.317        -0.428         0.158         0.429
 C3             0.266        -0.030        -0.616        -0.180         1.216
 C4            -0.163         0.688        -0.915         1.121        -0.704
 C5            -0.228         0.190         0.585        -1.222        -0.003
 C6            -0.101         0.482        -0.888         0.919        -0.179
 C7             0.143        -0.290        -0.219         1.012        -0.247
 C8            -0.252         0.054         1.040        -0.760        -0.539
 C9             0.067         0.000        -0.399         0.864        -0.228
 C10            0.199        -0.029        -1.588         1.835        -0.200
 C11           -0.292         0.717         0.043        -0.646        -0.131
 C12            0.135         0.460        -1.332         0.628         0.801
 C13           -0.073         0.273        -0.125        -0.182         0.156
 C14            0.568        -1.248         0.468        -0.840         1.638
 C15           -0.122        -0.083         0.902        -0.959        -0.091
 C16            0.260        -0.350        -0.766         2.025        -0.550
 C17            0.173        -0.269        -0.553         0.948         0.085
 C18           -0.386         0.961        -0.390        -0.142        -0.429
 C19            0.374        -0.331        -0.814         0.205         0.844
 C20            0.055         0.060        -0.468         1.010         0.161
 C21            0.160         0.264        -0.513        -1.808         1.583
 C22           -0.271         0.218         0.334         0.015        -0.760
 C23            0.140        -1.003         1.301        -0.539        -0.152
 C24            0.188        -0.769         0.798        -0.823         0.511


           Normalized Residuals for Covariances
              C1            C2            C3            C4            C5
              ________      ________      ________      ________      ________
 C1             0.000
 C2             0.000         0.000
 C3             0.000         0.000         0.000
 C4             0.000         0.000         0.000         0.000
 C5             0.000         0.000         0.000         0.000         0.000
 C6             0.000         0.000         0.000         0.000         0.000
 C7             0.000         0.000         0.000         0.000         0.000
 C8             0.000         0.000         0.000         0.000         0.000
 C9             0.000         0.000         0.000         0.000         0.000
 C10            0.000         0.000         0.000         0.000         0.000
 C11            0.000         0.000         0.000         0.000         0.000
 C12            0.000         0.000         0.000         0.000         0.000
 C13            0.000         0.000         0.000         0.000         0.000
 C14            0.000         0.000         0.000         0.000         0.000
 C15            0.000         0.000         0.000         0.000         0.000
 C16            0.000         0.000         0.000         0.000         0.000
 C17            0.000         0.000         0.000         0.000         0.000
 C18            0.000         0.000         0.000         0.000         0.000
 C19            0.000         0.000         0.000         0.000         0.000
 C20            0.000         0.000         0.000         0.000         0.000
 C21            0.000         0.000         0.000         0.000         0.000
 C22            0.000         0.000         0.000         0.000         0.000
 C23            0.000         0.000         0.000         0.000         0.000
 C24            0.000         0.000         0.000         0.000         0.000


           Normalized Residuals for Covariances
              C6            C7            C8            C9            C10
              ________      ________      ________      ________      ________
 C6             0.000
 C7             0.000         0.000
 C8             0.000         0.000         0.000
 C9             0.000         0.000         0.000         0.000
 C10            0.000         0.000         0.000         0.000         0.000
 C11            0.000         0.000         0.000         0.000         0.000
 C12            0.000         0.000         0.000         0.000         0.000
 C13            0.000         0.000         0.000         0.000         0.000
 C14            0.000         0.000         0.000         0.000         0.000
 C15            0.000         0.000         0.000         0.000         0.000
 C16            0.000         0.000         0.000         0.000         0.000
 C17            0.000         0.000         0.000         0.000         0.000
 C18            0.000         0.000         0.000         0.000         0.000
 C19            0.000         0.000         0.000         0.000         0.000
 C20            0.000         0.000         0.000         0.000         0.000
 C21            0.000         0.000         0.000         0.000         0.000
 C22            0.000         0.000         0.000         0.000         0.000
 C23            0.000         0.000         0.000         0.000         0.000
 C24            0.000         0.000         0.000         0.000         0.000


           Normalized Residuals for Covariances
              C11           C12           C13           C14           C15
              ________      ________      ________      ________      ________
 C11            0.000
 C12            0.000         0.000
 C13            0.000         0.000         0.000
 C14            0.000         0.000         0.000         0.000
 C15            0.000         0.000         0.000         0.000         0.000
 C16            0.000         0.000         0.000         0.000         0.000
 C17            0.000         0.000         0.000         0.000         0.000
 C18            0.000         0.000         0.000         0.000         0.000
 C19            0.000         0.000         0.000         0.000         0.000
 C20            0.000         0.000         0.000         0.000         0.000
 C21            0.000         0.000         0.000         0.000         0.000
 C22            0.000         0.000         0.000         0.000         0.000
 C23            0.000         0.000         0.000         0.000         0.000
 C24            0.000         0.000         0.000         0.000         0.000


           Normalized Residuals for Covariances
              C16           C17           C18           C19           C20
              ________      ________      ________      ________      ________
 C16            0.000
 C17            0.000         0.000
 C18            0.000         0.000         0.000
 C19            0.000         0.000         0.000         0.000
 C20            0.000         0.000         0.000         0.000         0.000
 C21            0.000         0.000         0.000         0.000         0.000
 C22            0.000         0.000         0.000         0.000         0.000
 C23            0.000         0.000         0.000         0.000         0.000
 C24            0.000         0.000         0.000         0.000         0.000


           Normalized Residuals for Covariances
              C21           C22           C23           C24
              ________      ________      ________      ________
 C21            0.000
 C22            0.000         0.000
 C23            0.000         0.000         0.000
 C24            0.000         0.000         0.000         0.000


TECHNICAL 1 OUTPUT


     PARAMETER SPECIFICATION


           NU
              X1            X2            X3            X4            X5
              ________      ________      ________      ________      ________
                  0             0             0             0             0


           NU
              Y1            Y2            Y3            Y4            Y5
              ________      ________      ________      ________      ________
                  0             0             0             0             0


           NU
              C1            C2            C3            C4            C5
              ________      ________      ________      ________      ________
                  0             0             0             0             0


           NU
              C6            C7            C8            C9            C10
              ________      ________      ________      ________      ________
                  0             0             0             0             0


           NU
              C11           C12           C13           C14           C15
              ________      ________      ________      ________      ________
                  0             0             0             0             0


           NU
              C16           C17           C18           C19           C20
              ________      ________      ________      ________      ________
                  0             0             0             0             0


           NU
              C21           C22           C23           C24
              ________      ________      ________      ________
                  0             0             0             0


           LAMBDA
              IX            SX            IY            SY            C1
              ________      ________      ________      ________      ________
 X1                 0             0             0             0             0
 X2                 0             1             0             0             0
 X3                 0             2             0             0             0
 X4                 0             3             0             0             0
 X5                 0             0             0             0             0
 Y1                 0             0             0             0             0
 Y2                 0             0             0             0             0
 Y3                 0             0             0             0             0
 Y4                 0             0             0             0             0
 Y5                 0             0             0             0             0
 C1                 0             0             0             0             0
 C2                 0             0             0             0             0
 C3                 0             0             0             0             0
 C4                 0             0             0             0             0
 C5                 0             0             0             0             0
 C6                 0             0             0             0             0
 C7                 0             0             0             0             0
 C8                 0             0             0             0             0
 C9                 0             0             0             0             0
 C10                0             0             0             0             0
 C11                0             0             0             0             0
 C12                0             0             0             0             0
 C13                0             0             0             0             0
 C14                0             0             0             0             0
 C15                0             0             0             0             0
 C16                0             0             0             0             0
 C17                0             0             0             0             0
 C18                0             0             0             0             0
 C19                0             0             0             0             0
 C20                0             0             0             0             0
 C21                0             0             0             0             0
 C22                0             0             0             0             0
 C23                0             0             0             0             0
 C24                0             0             0             0             0


           LAMBDA
              C2            C3            C4            C5            C6
              ________      ________      ________      ________      ________
 X1                 0             0             0             0             0
 X2                 0             0             0             0             0
 X3                 0             0             0             0             0
 X4                 0             0             0             0             0
 X5                 0             0             0             0             0
 Y1                 0             0             0             0             0
 Y2                 0             0             0             0             0
 Y3                 0             0             0             0             0
 Y4                 0             0             0             0             0
 Y5                 0             0             0             0             0
 C1                 0             0             0             0             0
 C2                 0             0             0             0             0
 C3                 0             0             0             0             0
 C4                 0             0             0             0             0
 C5                 0             0             0             0             0
 C6                 0             0             0             0             0
 C7                 0             0             0             0             0
 C8                 0             0             0             0             0
 C9                 0             0             0             0             0
 C10                0             0             0             0             0
 C11                0             0             0             0             0
 C12                0             0             0             0             0
 C13                0             0             0             0             0
 C14                0             0             0             0             0
 C15                0             0             0             0             0
 C16                0             0             0             0             0
 C17                0             0             0             0             0
 C18                0             0             0             0             0
 C19                0             0             0             0             0
 C20                0             0             0             0             0
 C21                0             0             0             0             0
 C22                0             0             0             0             0
 C23                0             0             0             0             0
 C24                0             0             0             0             0


           LAMBDA
              C7            C8            C9            C10           C11
              ________      ________      ________      ________      ________
 X1                 0             0             0             0             0
 X2                 0             0             0             0             0
 X3                 0             0             0             0             0
 X4                 0             0             0             0             0
 X5                 0             0             0             0             0
 Y1                 0             0             0             0             0
 Y2                 0             0             0             0             0
 Y3                 0             0             0             0             0
 Y4                 0             0             0             0             0
 Y5                 0             0             0             0             0
 C1                 0             0             0             0             0
 C2                 0             0             0             0             0
 C3                 0             0             0             0             0
 C4                 0             0             0             0             0
 C5                 0             0             0             0             0
 C6                 0             0             0             0             0
 C7                 0             0             0             0             0
 C8                 0             0             0             0             0
 C9                 0             0             0             0             0
 C10                0             0             0             0             0
 C11                0             0             0             0             0
 C12                0             0             0             0             0
 C13                0             0             0             0             0
 C14                0             0             0             0             0
 C15                0             0             0             0             0
 C16                0             0             0             0             0
 C17                0             0             0             0             0
 C18                0             0             0             0             0
 C19                0             0             0             0             0
 C20                0             0             0             0             0
 C21                0             0             0             0             0
 C22                0             0             0             0             0
 C23                0             0             0             0             0
 C24                0             0             0             0             0


           LAMBDA
              C12           C13           C14           C15           C16
              ________      ________      ________      ________      ________
 X1                 0             0             0             0             0
 X2                 0             0             0             0             0
 X3                 0             0             0             0             0
 X4                 0             0             0             0             0
 X5                 0             0             0             0             0
 Y1                 0             0             0             0             0
 Y2                 0             0             0             0             0
 Y3                 0             0             0             0             0
 Y4                 0             0             0             0             0
 Y5                 0             0             0             0             0
 C1                 0             0             0             0             0
 C2                 0             0             0             0             0
 C3                 0             0             0             0             0
 C4                 0             0             0             0             0
 C5                 0             0             0             0             0
 C6                 0             0             0             0             0
 C7                 0             0             0             0             0
 C8                 0             0             0             0             0
 C9                 0             0             0             0             0
 C10                0             0             0             0             0
 C11                0             0             0             0             0
 C12                0             0             0             0             0
 C13                0             0             0             0             0
 C14                0             0             0             0             0
 C15                0             0             0             0             0
 C16                0             0             0             0             0
 C17                0             0             0             0             0
 C18                0             0             0             0             0
 C19                0             0             0             0             0
 C20                0             0             0             0             0
 C21                0             0             0             0             0
 C22                0             0             0             0             0
 C23                0             0             0             0             0
 C24                0             0             0             0             0


           LAMBDA
              C17           C18           C19           C20           C21
              ________      ________      ________      ________      ________
 X1                 0             0             0             0             0
 X2                 0             0             0             0             0
 X3                 0             0             0             0             0
 X4                 0             0             0             0             0
 X5                 0             0             0             0             0
 Y1                 0             0             0             0             0
 Y2                 0             0             0             0             0
 Y3                 0             0             0             0             0
 Y4                 0             0             0             0             0
 Y5                 0             0             0             0             0
 C1                 0             0             0             0             0
 C2                 0             0             0             0             0
 C3                 0             0             0             0             0
 C4                 0             0             0             0             0
 C5                 0             0             0             0             0
 C6                 0             0             0             0             0
 C7                 0             0             0             0             0
 C8                 0             0             0             0             0
 C9                 0             0             0             0             0
 C10                0             0             0             0             0
 C11                0             0             0             0             0
 C12                0             0             0             0             0
 C13                0             0             0             0             0
 C14                0             0             0             0             0
 C15                0             0             0             0             0
 C16                0             0             0             0             0
 C17                0             0             0             0             0
 C18                0             0             0             0             0
 C19                0             0             0             0             0
 C20                0             0             0             0             0
 C21                0             0             0             0             0
 C22                0             0             0             0             0
 C23                0             0             0             0             0
 C24                0             0             0             0             0


           LAMBDA
              C22           C23           C24
              ________      ________      ________
 X1                 0             0             0
 X2                 0             0             0
 X3                 0             0             0
 X4                 0             0             0
 X5                 0             0             0
 Y1                 0             0             0
 Y2                 0             0             0
 Y3                 0             0             0
 Y4                 0             0             0
 Y5                 0             0             0
 C1                 0             0             0
 C2                 0             0             0
 C3                 0             0             0
 C4                 0             0             0
 C5                 0             0             0
 C6                 0             0             0
 C7                 0             0             0
 C8                 0             0             0
 C9                 0             0             0
 C10                0             0             0
 C11                0             0             0
 C12                0             0             0
 C13                0             0             0
 C14                0             0             0
 C15                0             0             0
 C16                0             0             0
 C17                0             0             0
 C18                0             0             0
 C19                0             0             0
 C20                0             0             0
 C21                0             0             0
 C22                0             0             0
 C23                0             0             0
 C24                0             0             0


           THETA
              X1            X2            X3            X4            X5
              ________      ________      ________      ________      ________
 X1                 4
 X2                 0             5
 X3                 0             0             6
 X4                 0             0             0             7
 X5                 0             0             0             0             8
 Y1                 0             0             0             0             0
 Y2                 0             0             0             0             0
 Y3                 0             0             0             0             0
 Y4                 0             0             0             0             0
 Y5                 0             0             0             0             0
 C1                 0             0             0             0             0
 C2                 0             0             0             0             0
 C3                 0             0             0             0             0
 C4                 0             0             0             0             0
 C5                 0             0             0             0             0
 C6                 0             0             0             0             0
 C7                 0             0             0             0             0
 C8                 0             0             0             0             0
 C9                 0             0             0             0             0
 C10                0             0             0             0             0
 C11                0             0             0             0             0
 C12                0             0             0             0             0
 C13                0             0             0             0             0
 C14                0             0             0             0             0
 C15                0             0             0             0             0
 C16                0             0             0             0             0
 C17                0             0             0             0             0
 C18                0             0             0             0             0
 C19                0             0             0             0             0
 C20                0             0             0             0             0
 C21                0             0             0             0             0
 C22                0             0             0             0             0
 C23                0             0             0             0             0
 C24                0             0             0             0             0


           THETA
              Y1            Y2            Y3            Y4            Y5
              ________      ________      ________      ________      ________
 Y1                 9
 Y2                 0            10
 Y3                 0             0            11
 Y4                 0             0             0            12
 Y5                 0             0             0             0            13
 C1                 0             0             0             0             0
 C2                 0             0             0             0             0
 C3                 0             0             0             0             0
 C4                 0             0             0             0             0
 C5                 0             0             0             0             0
 C6                 0             0             0             0             0
 C7                 0             0             0             0             0
 C8                 0             0             0             0             0
 C9                 0             0             0             0             0
 C10                0             0             0             0             0
 C11                0             0             0             0             0
 C12                0             0             0             0             0
 C13                0             0             0             0             0
 C14                0             0             0             0             0
 C15                0             0             0             0             0
 C16                0             0             0             0             0
 C17                0             0             0             0             0
 C18                0             0             0             0             0
 C19                0             0             0             0             0
 C20                0             0             0             0             0
 C21                0             0             0             0             0
 C22                0             0             0             0             0
 C23                0             0             0             0             0
 C24                0             0             0             0             0


           THETA
              C1            C2            C3            C4            C5
              ________      ________      ________      ________      ________
 C1                 0
 C2                 0             0
 C3                 0             0             0
 C4                 0             0             0             0
 C5                 0             0             0             0             0
 C6                 0             0             0             0             0
 C7                 0             0             0             0             0
 C8                 0             0             0             0             0
 C9                 0             0             0             0             0
 C10                0             0             0             0             0
 C11                0             0             0             0             0
 C12                0             0             0             0             0
 C13                0             0             0             0             0
 C14                0             0             0             0             0
 C15                0             0             0             0             0
 C16                0             0             0             0             0
 C17                0             0             0             0             0
 C18                0             0             0             0             0
 C19                0             0             0             0             0
 C20                0             0             0             0             0
 C21                0             0             0             0             0
 C22                0             0             0             0             0
 C23                0             0             0             0             0
 C24                0             0             0             0             0


           THETA
              C6            C7            C8            C9            C10
              ________      ________      ________      ________      ________
 C6                 0
 C7                 0             0
 C8                 0             0             0
 C9                 0             0             0             0
 C10                0             0             0             0             0
 C11                0             0             0             0             0
 C12                0             0             0             0             0
 C13                0             0             0             0             0
 C14                0             0             0             0             0
 C15                0             0             0             0             0
 C16                0             0             0             0             0
 C17                0             0             0             0             0
 C18                0             0             0             0             0
 C19                0             0             0             0             0
 C20                0             0             0             0             0
 C21                0             0             0             0             0
 C22                0             0             0             0             0
 C23                0             0             0             0             0
 C24                0             0             0             0             0


           THETA
              C11           C12           C13           C14           C15
              ________      ________      ________      ________      ________
 C11                0
 C12                0             0
 C13                0             0             0
 C14                0             0             0             0
 C15                0             0             0             0             0
 C16                0             0             0             0             0
 C17                0             0             0             0             0
 C18                0             0             0             0             0
 C19                0             0             0             0             0
 C20                0             0             0             0             0
 C21                0             0             0             0             0
 C22                0             0             0             0             0
 C23                0             0             0             0             0
 C24                0             0             0             0             0


           THETA
              C16           C17           C18           C19           C20
              ________      ________      ________      ________      ________
 C16                0
 C17                0             0
 C18                0             0             0
 C19                0             0             0             0
 C20                0             0             0             0             0
 C21                0             0             0             0             0
 C22                0             0             0             0             0
 C23                0             0             0             0             0
 C24                0             0             0             0             0


           THETA
              C21           C22           C23           C24
              ________      ________      ________      ________
 C21                0
 C22                0             0
 C23                0             0             0
 C24                0             0             0             0


           ALPHA
              IX            SX            IY            SY            C1
              ________      ________      ________      ________      ________
                 14            15            16            17             0


           ALPHA
              C2            C3            C4            C5            C6
              ________      ________      ________      ________      ________
                  0             0             0             0             0


           ALPHA
              C7            C8            C9            C10           C11
              ________      ________      ________      ________      ________
                  0             0             0             0             0


           ALPHA
              C12           C13           C14           C15           C16
              ________      ________      ________      ________      ________
                  0             0             0             0             0


           ALPHA
              C17           C18           C19           C20           C21
              ________      ________      ________      ________      ________
                  0             0             0             0             0


           ALPHA
              C22           C23           C24
              ________      ________      ________
                  0             0             0


           BETA
              IX            SX            IY            SY            C1
              ________      ________      ________      ________      ________
 IX                 0             0             0             0            18
 SX                 0             0             0             0            42
 IY                66             0             0             0            67
 SY                91            92            93             0            94
 C1                 0             0             0             0             0
 C2                 0             0             0             0             0
 C3                 0             0             0             0             0
 C4                 0             0             0             0             0
 C5                 0             0             0             0             0
 C6                 0             0             0             0             0
 C7                 0             0             0             0             0
 C8                 0             0             0             0             0
 C9                 0             0             0             0             0
 C10                0             0             0             0             0
 C11                0             0             0             0             0
 C12                0             0             0             0             0
 C13                0             0             0             0             0
 C14                0             0             0             0             0
 C15                0             0             0             0             0
 C16                0             0             0             0             0
 C17                0             0             0             0             0
 C18                0             0             0             0             0
 C19                0             0             0             0             0
 C20                0             0             0             0             0
 C21                0             0             0             0             0
 C22                0             0             0             0             0
 C23                0             0             0             0             0
 C24                0             0             0             0             0


           BETA
              C2            C3            C4            C5            C6
              ________      ________      ________      ________      ________
 IX                19            20            21            22            23
 SX                43            44            45            46            47
 IY                68            69            70            71            72
 SY                95            96            97            98            99
 C1                 0             0             0             0             0
 C2                 0             0             0             0             0
 C3                 0             0             0             0             0
 C4                 0             0             0             0             0
 C5                 0             0             0             0             0
 C6                 0             0             0             0             0
 C7                 0             0             0             0             0
 C8                 0             0             0             0             0
 C9                 0             0             0             0             0
 C10                0             0             0             0             0
 C11                0             0             0             0             0
 C12                0             0             0             0             0
 C13                0             0             0             0             0
 C14                0             0             0             0             0
 C15                0             0             0             0             0
 C16                0             0             0             0             0
 C17                0             0             0             0             0
 C18                0             0             0             0             0
 C19                0             0             0             0             0
 C20                0             0             0             0             0
 C21                0             0             0             0             0
 C22                0             0             0             0             0
 C23                0             0             0             0             0
 C24                0             0             0             0             0


           BETA
              C7            C8            C9            C10           C11
              ________      ________      ________      ________      ________
 IX                24            25            26            27            28
 SX                48            49            50            51            52
 IY                73            74            75            76            77
 SY               100           101           102           103           104
 C1                 0             0             0             0             0
 C2                 0             0             0             0             0
 C3                 0             0             0             0             0
 C4                 0             0             0             0             0
 C5                 0             0             0             0             0
 C6                 0             0             0             0             0
 C7                 0             0             0             0             0
 C8                 0             0             0             0             0
 C9                 0             0             0             0             0
 C10                0             0             0             0             0
 C11                0             0             0             0             0
 C12                0             0             0             0             0
 C13                0             0             0             0             0
 C14                0             0             0             0             0
 C15                0             0             0             0             0
 C16                0             0             0             0             0
 C17                0             0             0             0             0
 C18                0             0             0             0             0
 C19                0             0             0             0             0
 C20                0             0             0             0             0
 C21                0             0             0             0             0
 C22                0             0             0             0             0
 C23                0             0             0             0             0
 C24                0             0             0             0             0


           BETA
              C12           C13           C14           C15           C16
              ________      ________      ________      ________      ________
 IX                29            30            31            32            33
 SX                53            54            55            56            57
 IY                78            79            80            81            82
 SY               105           106           107           108           109
 C1                 0             0             0             0             0
 C2                 0             0             0             0             0
 C3                 0             0             0             0             0
 C4                 0             0             0             0             0
 C5                 0             0             0             0             0
 C6                 0             0             0             0             0
 C7                 0             0             0             0             0
 C8                 0             0             0             0             0
 C9                 0             0             0             0             0
 C10                0             0             0             0             0
 C11                0             0             0             0             0
 C12                0             0             0             0             0
 C13                0             0             0             0             0
 C14                0             0             0             0             0
 C15                0             0             0             0             0
 C16                0             0             0             0             0
 C17                0             0             0             0             0
 C18                0             0             0             0             0
 C19                0             0             0             0             0
 C20                0             0             0             0             0
 C21                0             0             0             0             0
 C22                0             0             0             0             0
 C23                0             0             0             0             0
 C24                0             0             0             0             0


           BETA
              C17           C18           C19           C20           C21
              ________      ________      ________      ________      ________
 IX                34            35            36            37            38
 SX                58            59            60            61            62
 IY                83            84            85            86            87
 SY               110           111           112           113           114
 C1                 0             0             0             0             0
 C2                 0             0             0             0             0
 C3                 0             0             0             0             0
 C4                 0             0             0             0             0
 C5                 0             0             0             0             0
 C6                 0             0             0             0             0
 C7                 0             0             0             0             0
 C8                 0             0             0             0             0
 C9                 0             0             0             0             0
 C10                0             0             0             0             0
 C11                0             0             0             0             0
 C12                0             0             0             0             0
 C13                0             0             0             0             0
 C14                0             0             0             0             0
 C15                0             0             0             0             0
 C16                0             0             0             0             0
 C17                0             0             0             0             0
 C18                0             0             0             0             0
 C19                0             0             0             0             0
 C20                0             0             0             0             0
 C21                0             0             0             0             0
 C22                0             0             0             0             0
 C23                0             0             0             0             0
 C24                0             0             0             0             0


           BETA
              C22           C23           C24
              ________      ________      ________
 IX                39            40            41
 SX                63            64            65
 IY                88            89            90
 SY               115           116           117
 C1                 0             0             0
 C2                 0             0             0
 C3                 0             0             0
 C4                 0             0             0
 C5                 0             0             0
 C6                 0             0             0
 C7                 0             0             0
 C8                 0             0             0
 C9                 0             0             0
 C10                0             0             0
 C11                0             0             0
 C12                0             0             0
 C13                0             0             0
 C14                0             0             0
 C15                0             0             0
 C16                0             0             0
 C17                0             0             0
 C18                0             0             0
 C19                0             0             0
 C20                0             0             0
 C21                0             0             0
 C22                0             0             0
 C23                0             0             0
 C24                0             0             0


           PSI
              IX            SX            IY            SY            C1
              ________      ________      ________      ________      ________
 IX               118
 SX               119           120
 IY                 0           121           122
 SY                 0             0             0             0
 C1                 0             0             0             0             0
 C2                 0             0             0             0             0
 C3                 0             0             0             0             0
 C4                 0             0             0             0             0
 C5                 0             0             0             0             0
 C6                 0             0             0             0             0
 C7                 0             0             0             0             0
 C8                 0             0             0             0             0
 C9                 0             0             0             0             0
 C10                0             0             0             0             0
 C11                0             0             0             0             0
 C12                0             0             0             0             0
 C13                0             0             0             0             0
 C14                0             0             0             0             0
 C15                0             0             0             0             0
 C16                0             0             0             0             0
 C17                0             0             0             0             0
 C18                0             0             0             0             0
 C19                0             0             0             0             0
 C20                0             0             0             0             0
 C21                0             0             0             0             0
 C22                0             0             0             0             0
 C23                0             0             0             0             0
 C24                0             0             0             0             0


           PSI
              C2            C3            C4            C5            C6
              ________      ________      ________      ________      ________
 C2                 0
 C3                 0             0
 C4                 0             0             0
 C5                 0             0             0             0
 C6                 0             0             0             0             0
 C7                 0             0             0             0             0
 C8                 0             0             0             0             0
 C9                 0             0             0             0             0
 C10                0             0             0             0             0
 C11                0             0             0             0             0
 C12                0             0             0             0             0
 C13                0             0             0             0             0
 C14                0             0             0             0             0
 C15                0             0             0             0             0
 C16                0             0             0             0             0
 C17                0             0             0             0             0
 C18                0             0             0             0             0
 C19                0             0             0             0             0
 C20                0             0             0             0             0
 C21                0             0             0             0             0
 C22                0             0             0             0             0
 C23                0             0             0             0             0
 C24                0             0             0             0             0


           PSI
              C7            C8            C9            C10           C11
              ________      ________      ________      ________      ________
 C7                 0
 C8                 0             0
 C9                 0             0             0
 C10                0             0             0             0
 C11                0             0             0             0             0
 C12                0             0             0             0             0
 C13                0             0             0             0             0
 C14                0             0             0             0             0
 C15                0             0             0             0             0
 C16                0             0             0             0             0
 C17                0             0             0             0             0
 C18                0             0             0             0             0
 C19                0             0             0             0             0
 C20                0             0             0             0             0
 C21                0             0             0             0             0
 C22                0             0             0             0             0
 C23                0             0             0             0             0
 C24                0             0             0             0             0


           PSI
              C12           C13           C14           C15           C16
              ________      ________      ________      ________      ________
 C12                0
 C13                0             0
 C14                0             0             0
 C15                0             0             0             0
 C16                0             0             0             0             0
 C17                0             0             0             0             0
 C18                0             0             0             0             0
 C19                0             0             0             0             0
 C20                0             0             0             0             0
 C21                0             0             0             0             0
 C22                0             0             0             0             0
 C23                0             0             0             0             0
 C24                0             0             0             0             0


           PSI
              C17           C18           C19           C20           C21
              ________      ________      ________      ________      ________
 C17                0
 C18                0             0
 C19                0             0             0
 C20                0             0             0             0
 C21                0             0             0             0             0
 C22                0             0             0             0             0
 C23                0             0             0             0             0
 C24                0             0             0             0             0


           PSI
              C22           C23           C24
              ________      ________      ________
 C22                0
 C23                0             0
 C24                0             0             0


     STARTING VALUES


           NU
              X1            X2            X3            X4            X5
              ________      ________      ________      ________      ________
                0.000         0.000         0.000         0.000         0.000


           NU
              Y1            Y2            Y3            Y4            Y5
              ________      ________      ________      ________      ________
                0.000         0.000         0.000         0.000         0.000


           NU
              C1            C2            C3            C4            C5
              ________      ________      ________      ________      ________
                0.000         0.000         0.000         0.000         0.000


           NU
              C6            C7            C8            C9            C10
              ________      ________      ________      ________      ________
                0.000         0.000         0.000         0.000         0.000


           NU
              C11           C12           C13           C14           C15
              ________      ________      ________      ________      ________
                0.000         0.000         0.000         0.000         0.000


           NU
              C16           C17           C18           C19           C20
              ________      ________      ________      ________      ________
                0.000         0.000         0.000         0.000         0.000


           NU
              C21           C22           C23           C24
              ________      ________      ________      ________
                0.000         0.000         0.000         0.000


           LAMBDA
              IX            SX            IY            SY            C1
              ________      ________      ________      ________      ________
 X1             1.000         0.000         0.000         0.000         0.000
 X2             1.000         0.400         0.000         0.000         0.000
 X3             1.000         0.600         0.000         0.000         0.000
 X4             1.000         0.800         0.000         0.000         0.000
 X5             1.000         1.000         0.000         0.000         0.000
 Y1             0.000         0.000         1.000         0.000         0.000
 Y2             0.000         0.000         1.000         0.400         0.000
 Y3             0.000         0.000         1.000         0.600         0.000
 Y4             0.000         0.000         1.000         0.800         0.000
 Y5             0.000         0.000         1.000         1.000         0.000
 C1             0.000         0.000         0.000         0.000         1.000
 C2             0.000         0.000         0.000         0.000         0.000
 C3             0.000         0.000         0.000         0.000         0.000
 C4             0.000         0.000         0.000         0.000         0.000
 C5             0.000         0.000         0.000         0.000         0.000
 C6             0.000         0.000         0.000         0.000         0.000
 C7             0.000         0.000         0.000         0.000         0.000
 C8             0.000         0.000         0.000         0.000         0.000
 C9             0.000         0.000         0.000         0.000         0.000
 C10            0.000         0.000         0.000         0.000         0.000
 C11            0.000         0.000         0.000         0.000         0.000
 C12            0.000         0.000         0.000         0.000         0.000
 C13            0.000         0.000         0.000         0.000         0.000
 C14            0.000         0.000         0.000         0.000         0.000
 C15            0.000         0.000         0.000         0.000         0.000
 C16            0.000         0.000         0.000         0.000         0.000
 C17            0.000         0.000         0.000         0.000         0.000
 C18            0.000         0.000         0.000         0.000         0.000
 C19            0.000         0.000         0.000         0.000         0.000
 C20            0.000         0.000         0.000         0.000         0.000
 C21            0.000         0.000         0.000         0.000         0.000
 C22            0.000         0.000         0.000         0.000         0.000
 C23            0.000         0.000         0.000         0.000         0.000
 C24            0.000         0.000         0.000         0.000         0.000


           LAMBDA
              C2            C3            C4            C5            C6
              ________      ________      ________      ________      ________
 X1             0.000         0.000         0.000         0.000         0.000
 X2             0.000         0.000         0.000         0.000         0.000
 X3             0.000         0.000         0.000         0.000         0.000
 X4             0.000         0.000         0.000         0.000         0.000
 X5             0.000         0.000         0.000         0.000         0.000
 Y1             0.000         0.000         0.000         0.000         0.000
 Y2             0.000         0.000         0.000         0.000         0.000
 Y3             0.000         0.000         0.000         0.000         0.000
 Y4             0.000         0.000         0.000         0.000         0.000
 Y5             0.000         0.000         0.000         0.000         0.000
 C1             0.000         0.000         0.000         0.000         0.000
 C2             1.000         0.000         0.000         0.000         0.000
 C3             0.000         1.000         0.000         0.000         0.000
 C4             0.000         0.000         1.000         0.000         0.000
 C5             0.000         0.000         0.000         1.000         0.000
 C6             0.000         0.000         0.000         0.000         1.000
 C7             0.000         0.000         0.000         0.000         0.000
 C8             0.000         0.000         0.000         0.000         0.000
 C9             0.000         0.000         0.000         0.000         0.000
 C10            0.000         0.000         0.000         0.000         0.000
 C11            0.000         0.000         0.000         0.000         0.000
 C12            0.000         0.000         0.000         0.000         0.000
 C13            0.000         0.000         0.000         0.000         0.000
 C14            0.000         0.000         0.000         0.000         0.000
 C15            0.000         0.000         0.000         0.000         0.000
 C16            0.000         0.000         0.000         0.000         0.000
 C17            0.000         0.000         0.000         0.000         0.000
 C18            0.000         0.000         0.000         0.000         0.000
 C19            0.000         0.000         0.000         0.000         0.000
 C20            0.000         0.000         0.000         0.000         0.000
 C21            0.000         0.000         0.000         0.000         0.000
 C22            0.000         0.000         0.000         0.000         0.000
 C23            0.000         0.000         0.000         0.000         0.000
 C24            0.000         0.000         0.000         0.000         0.000


           LAMBDA
              C7            C8            C9            C10           C11
              ________      ________      ________      ________      ________
 X1             0.000         0.000         0.000         0.000         0.000
 X2             0.000         0.000         0.000         0.000         0.000
 X3             0.000         0.000         0.000         0.000         0.000
 X4             0.000         0.000         0.000         0.000         0.000
 X5             0.000         0.000         0.000         0.000         0.000
 Y1             0.000         0.000         0.000         0.000         0.000
 Y2             0.000         0.000         0.000         0.000         0.000
 Y3             0.000         0.000         0.000         0.000         0.000
 Y4             0.000         0.000         0.000         0.000         0.000
 Y5             0.000         0.000         0.000         0.000         0.000
 C1             0.000         0.000         0.000         0.000         0.000
 C2             0.000         0.000         0.000         0.000         0.000
 C3             0.000         0.000         0.000         0.000         0.000
 C4             0.000         0.000         0.000         0.000         0.000
 C5             0.000         0.000         0.000         0.000         0.000
 C6             0.000         0.000         0.000         0.000         0.000
 C7             1.000         0.000         0.000         0.000         0.000
 C8             0.000         1.000         0.000         0.000         0.000
 C9             0.000         0.000         1.000         0.000         0.000
 C10            0.000         0.000         0.000         1.000         0.000
 C11            0.000         0.000         0.000         0.000         1.000
 C12            0.000         0.000         0.000         0.000         0.000
 C13            0.000         0.000         0.000         0.000         0.000
 C14            0.000         0.000         0.000         0.000         0.000
 C15            0.000         0.000         0.000         0.000         0.000
 C16            0.000         0.000         0.000         0.000         0.000
 C17            0.000         0.000         0.000         0.000         0.000
 C18            0.000         0.000         0.000         0.000         0.000
 C19            0.000         0.000         0.000         0.000         0.000
 C20            0.000         0.000         0.000         0.000         0.000
 C21            0.000         0.000         0.000         0.000         0.000
 C22            0.000         0.000         0.000         0.000         0.000
 C23            0.000         0.000         0.000         0.000         0.000
 C24            0.000         0.000         0.000         0.000         0.000


           LAMBDA
              C12           C13           C14           C15           C16
              ________      ________      ________      ________      ________
 X1             0.000         0.000         0.000         0.000         0.000
 X2             0.000         0.000         0.000         0.000         0.000
 X3             0.000         0.000         0.000         0.000         0.000
 X4             0.000         0.000         0.000         0.000         0.000
 X5             0.000         0.000         0.000         0.000         0.000
 Y1             0.000         0.000         0.000         0.000         0.000
 Y2             0.000         0.000         0.000         0.000         0.000
 Y3             0.000         0.000         0.000         0.000         0.000
 Y4             0.000         0.000         0.000         0.000         0.000
 Y5             0.000         0.000         0.000         0.000         0.000
 C1             0.000         0.000         0.000         0.000         0.000
 C2             0.000         0.000         0.000         0.000         0.000
 C3             0.000         0.000         0.000         0.000         0.000
 C4             0.000         0.000         0.000         0.000         0.000
 C5             0.000         0.000         0.000         0.000         0.000
 C6             0.000         0.000         0.000         0.000         0.000
 C7             0.000         0.000         0.000         0.000         0.000
 C8             0.000         0.000         0.000         0.000         0.000
 C9             0.000         0.000         0.000         0.000         0.000
 C10            0.000         0.000         0.000         0.000         0.000
 C11            0.000         0.000         0.000         0.000         0.000
 C12            1.000         0.000         0.000         0.000         0.000
 C13            0.000         1.000         0.000         0.000         0.000
 C14            0.000         0.000         1.000         0.000         0.000
 C15            0.000         0.000         0.000         1.000         0.000
 C16            0.000         0.000         0.000         0.000         1.000
 C17            0.000         0.000         0.000         0.000         0.000
 C18            0.000         0.000         0.000         0.000         0.000
 C19            0.000         0.000         0.000         0.000         0.000
 C20            0.000         0.000         0.000         0.000         0.000
 C21            0.000         0.000         0.000         0.000         0.000
 C22            0.000         0.000         0.000         0.000         0.000
 C23            0.000         0.000         0.000         0.000         0.000
 C24            0.000         0.000         0.000         0.000         0.000


           LAMBDA
              C17           C18           C19           C20           C21
              ________      ________      ________      ________      ________
 X1             0.000         0.000         0.000         0.000         0.000
 X2             0.000         0.000         0.000         0.000         0.000
 X3             0.000         0.000         0.000         0.000         0.000
 X4             0.000         0.000         0.000         0.000         0.000
 X5             0.000         0.000         0.000         0.000         0.000
 Y1             0.000         0.000         0.000         0.000         0.000
 Y2             0.000         0.000         0.000         0.000         0.000
 Y3             0.000         0.000         0.000         0.000         0.000
 Y4             0.000         0.000         0.000         0.000         0.000
 Y5             0.000         0.000         0.000         0.000         0.000
 C1             0.000         0.000         0.000         0.000         0.000
 C2             0.000         0.000         0.000         0.000         0.000
 C3             0.000         0.000         0.000         0.000         0.000
 C4             0.000         0.000         0.000         0.000         0.000
 C5             0.000         0.000         0.000         0.000         0.000
 C6             0.000         0.000         0.000         0.000         0.000
 C7             0.000         0.000         0.000         0.000         0.000
 C8             0.000         0.000         0.000         0.000         0.000
 C9             0.000         0.000         0.000         0.000         0.000
 C10            0.000         0.000         0.000         0.000         0.000
 C11            0.000         0.000         0.000         0.000         0.000
 C12            0.000         0.000         0.000         0.000         0.000
 C13            0.000         0.000         0.000         0.000         0.000
 C14            0.000         0.000         0.000         0.000         0.000
 C15            0.000         0.000         0.000         0.000         0.000
 C16            0.000         0.000         0.000         0.000         0.000
 C17            1.000         0.000         0.000         0.000         0.000
 C18            0.000         1.000         0.000         0.000         0.000
 C19            0.000         0.000         1.000         0.000         0.000
 C20            0.000         0.000         0.000         1.000         0.000
 C21            0.000         0.000         0.000         0.000         1.000
 C22            0.000         0.000         0.000         0.000         0.000
 C23            0.000         0.000         0.000         0.000         0.000
 C24            0.000         0.000         0.000         0.000         0.000


           LAMBDA
              C22           C23           C24
              ________      ________      ________
 X1             0.000         0.000         0.000
 X2             0.000         0.000         0.000
 X3             0.000         0.000         0.000
 X4             0.000         0.000         0.000
 X5             0.000         0.000         0.000
 Y1             0.000         0.000         0.000
 Y2             0.000         0.000         0.000
 Y3             0.000         0.000         0.000
 Y4             0.000         0.000         0.000
 Y5             0.000         0.000         0.000
 C1             0.000         0.000         0.000
 C2             0.000         0.000         0.000
 C3             0.000         0.000         0.000
 C4             0.000         0.000         0.000
 C5             0.000         0.000         0.000
 C6             0.000         0.000         0.000
 C7             0.000         0.000         0.000
 C8             0.000         0.000         0.000
 C9             0.000         0.000         0.000
 C10            0.000         0.000         0.000
 C11            0.000         0.000         0.000
 C12            0.000         0.000         0.000
 C13            0.000         0.000         0.000
 C14            0.000         0.000         0.000
 C15            0.000         0.000         0.000
 C16            0.000         0.000         0.000
 C17            0.000         0.000         0.000
 C18            0.000         0.000         0.000
 C19            0.000         0.000         0.000
 C20            0.000         0.000         0.000
 C21            0.000         0.000         0.000
 C22            1.000         0.000         0.000
 C23            0.000         1.000         0.000
 C24            0.000         0.000         1.000


           THETA
              X1            X2            X3            X4            X5
              ________      ________      ________      ________      ________
 X1             0.500
 X2             0.000         0.487
 X3             0.000         0.000         0.408
 X4             0.000         0.000         0.000         0.476
 X5             0.000         0.000         0.000         0.000         0.443
 Y1             0.000         0.000         0.000         0.000         0.000
 Y2             0.000         0.000         0.000         0.000         0.000
 Y3             0.000         0.000         0.000         0.000         0.000
 Y4             0.000         0.000         0.000         0.000         0.000
 Y5             0.000         0.000         0.000         0.000         0.000
 C1             0.000         0.000         0.000         0.000         0.000
 C2             0.000         0.000         0.000         0.000         0.000
 C3             0.000         0.000         0.000         0.000         0.000
 C4             0.000         0.000         0.000         0.000         0.000
 C5             0.000         0.000         0.000         0.000         0.000
 C6             0.000         0.000         0.000         0.000         0.000
 C7             0.000         0.000         0.000         0.000         0.000
 C8             0.000         0.000         0.000         0.000         0.000
 C9             0.000         0.000         0.000         0.000         0.000
 C10            0.000         0.000         0.000         0.000         0.000
 C11            0.000         0.000         0.000         0.000         0.000
 C12            0.000         0.000         0.000         0.000         0.000
 C13            0.000         0.000         0.000         0.000         0.000
 C14            0.000         0.000         0.000         0.000         0.000
 C15            0.000         0.000         0.000         0.000         0.000
 C16            0.000         0.000         0.000         0.000         0.000
 C17            0.000         0.000         0.000         0.000         0.000
 C18            0.000         0.000         0.000         0.000         0.000
 C19            0.000         0.000         0.000         0.000         0.000
 C20            0.000         0.000         0.000         0.000         0.000
 C21            0.000         0.000         0.000         0.000         0.000
 C22            0.000         0.000         0.000         0.000         0.000
 C23            0.000         0.000         0.000         0.000         0.000
 C24            0.000         0.000         0.000         0.000         0.000


           THETA
              Y1            Y2            Y3            Y4            Y5
              ________      ________      ________      ________      ________
 Y1             0.500
 Y2             0.000         0.577
 Y3             0.000         0.000         0.572
 Y4             0.000         0.000         0.000         0.534
 Y5             0.000         0.000         0.000         0.000         0.585
 C1             0.000         0.000         0.000         0.000         0.000
 C2             0.000         0.000         0.000         0.000         0.000
 C3             0.000         0.000         0.000         0.000         0.000
 C4             0.000         0.000         0.000         0.000         0.000
 C5             0.000         0.000         0.000         0.000         0.000
 C6             0.000         0.000         0.000         0.000         0.000
 C7             0.000         0.000         0.000         0.000         0.000
 C8             0.000         0.000         0.000         0.000         0.000
 C9             0.000         0.000         0.000         0.000         0.000
 C10            0.000         0.000         0.000         0.000         0.000
 C11            0.000         0.000         0.000         0.000         0.000
 C12            0.000         0.000         0.000         0.000         0.000
 C13            0.000         0.000         0.000         0.000         0.000
 C14            0.000         0.000         0.000         0.000         0.000
 C15            0.000         0.000         0.000         0.000         0.000
 C16            0.000         0.000         0.000         0.000         0.000
 C17            0.000         0.000         0.000         0.000         0.000
 C18            0.000         0.000         0.000         0.000         0.000
 C19            0.000         0.000         0.000         0.000         0.000
 C20            0.000         0.000         0.000         0.000         0.000
 C21            0.000         0.000         0.000         0.000         0.000
 C22            0.000         0.000         0.000         0.000         0.000
 C23            0.000         0.000         0.000         0.000         0.000
 C24            0.000         0.000         0.000         0.000         0.000


           THETA
              C1            C2            C3            C4            C5
              ________      ________      ________      ________      ________
 C1             0.000
 C2             0.000         0.000
 C3             0.000         0.000         0.000
 C4             0.000         0.000         0.000         0.000
 C5             0.000         0.000         0.000         0.000         0.000
 C6             0.000         0.000         0.000         0.000         0.000
 C7             0.000         0.000         0.000         0.000         0.000
 C8             0.000         0.000         0.000         0.000         0.000
 C9             0.000         0.000         0.000         0.000         0.000
 C10            0.000         0.000         0.000         0.000         0.000
 C11            0.000         0.000         0.000         0.000         0.000
 C12            0.000         0.000         0.000         0.000         0.000
 C13            0.000         0.000         0.000         0.000         0.000
 C14            0.000         0.000         0.000         0.000         0.000
 C15            0.000         0.000         0.000         0.000         0.000
 C16            0.000         0.000         0.000         0.000         0.000
 C17            0.000         0.000         0.000         0.000         0.000
 C18            0.000         0.000         0.000         0.000         0.000
 C19            0.000         0.000         0.000         0.000         0.000
 C20            0.000         0.000         0.000         0.000         0.000
 C21            0.000         0.000         0.000         0.000         0.000
 C22            0.000         0.000         0.000         0.000         0.000
 C23            0.000         0.000         0.000         0.000         0.000
 C24            0.000         0.000         0.000         0.000         0.000


           THETA
              C6            C7            C8            C9            C10
              ________      ________      ________      ________      ________
 C6             0.000
 C7             0.000         0.000
 C8             0.000         0.000         0.000
 C9             0.000         0.000         0.000         0.000
 C10            0.000         0.000         0.000         0.000         0.000
 C11            0.000         0.000         0.000         0.000         0.000
 C12            0.000         0.000         0.000         0.000         0.000
 C13            0.000         0.000         0.000         0.000         0.000
 C14            0.000         0.000         0.000         0.000         0.000
 C15            0.000         0.000         0.000         0.000         0.000
 C16            0.000         0.000         0.000         0.000         0.000
 C17            0.000         0.000         0.000         0.000         0.000
 C18            0.000         0.000         0.000         0.000         0.000
 C19            0.000         0.000         0.000         0.000         0.000
 C20            0.000         0.000         0.000         0.000         0.000
 C21            0.000         0.000         0.000         0.000         0.000
 C22            0.000         0.000         0.000         0.000         0.000
 C23            0.000         0.000         0.000         0.000         0.000
 C24            0.000         0.000         0.000         0.000         0.000


           THETA
              C11           C12           C13           C14           C15
              ________      ________      ________      ________      ________
 C11            0.000
 C12            0.000         0.000
 C13            0.000         0.000         0.000
 C14            0.000         0.000         0.000         0.000
 C15            0.000         0.000         0.000         0.000         0.000
 C16            0.000         0.000         0.000         0.000         0.000
 C17            0.000         0.000         0.000         0.000         0.000
 C18            0.000         0.000         0.000         0.000         0.000
 C19            0.000         0.000         0.000         0.000         0.000
 C20            0.000         0.000         0.000         0.000         0.000
 C21            0.000         0.000         0.000         0.000         0.000
 C22            0.000         0.000         0.000         0.000         0.000
 C23            0.000         0.000         0.000         0.000         0.000
 C24            0.000         0.000         0.000         0.000         0.000


           THETA
              C16           C17           C18           C19           C20
              ________      ________      ________      ________      ________
 C16            0.000
 C17            0.000         0.000
 C18            0.000         0.000         0.000
 C19            0.000         0.000         0.000         0.000
 C20            0.000         0.000         0.000         0.000         0.000
 C21            0.000         0.000         0.000         0.000         0.000
 C22            0.000         0.000         0.000         0.000         0.000
 C23            0.000         0.000         0.000         0.000         0.000
 C24            0.000         0.000         0.000         0.000         0.000


           THETA
              C21           C22           C23           C24
              ________      ________      ________      ________
 C21            0.000
 C22            0.000         0.000
 C23            0.000         0.000         0.000
 C24            0.000         0.000         0.000         0.000


           ALPHA
              IX            SX            IY            SY            C1
              ________      ________      ________      ________      ________
                0.039         0.289        -0.035         0.202         0.496


           ALPHA
              C2            C3            C4            C5            C6
              ________      ________      ________      ________      ________
                0.195         0.436         0.308         0.242         3.159


           ALPHA
              C7            C8            C9            C10           C11
              ________      ________      ________      ________      ________
                7.151         0.202         0.079         0.004         0.108


           ALPHA
              C12           C13           C14           C15           C16
              ________      ________      ________      ________      ________
                2.199         0.688         0.539         0.318         0.434


           ALPHA
              C17           C18           C19           C20           C21
              ________      ________      ________      ________      ________
                0.829         0.233         0.186         0.109         0.212


           ALPHA
              C22           C23           C24
              ________      ________      ________
                0.684         0.292         3.717


           BETA
              IX            SX            IY            SY            C1
              ________      ________      ________      ________      ________
 IX             0.000         0.000         0.000         0.000         0.000
 SX             0.000         0.000         0.000         0.000         0.000
 IY             0.000         0.000         0.000         0.000         0.000
 SY             0.000         0.000         0.000         0.000         0.000
 C1             0.000         0.000         0.000         0.000         0.000
 C2             0.000         0.000         0.000         0.000         0.000
 C3             0.000         0.000         0.000         0.000         0.000
 C4             0.000         0.000         0.000         0.000         0.000
 C5             0.000         0.000         0.000         0.000         0.000
 C6             0.000         0.000         0.000         0.000         0.000
 C7             0.000         0.000         0.000         0.000         0.000
 C8             0.000         0.000         0.000         0.000         0.000
 C9             0.000         0.000         0.000         0.000         0.000
 C10            0.000         0.000         0.000         0.000         0.000
 C11            0.000         0.000         0.000         0.000         0.000
 C12            0.000         0.000         0.000         0.000         0.000
 C13            0.000         0.000         0.000         0.000         0.000
 C14            0.000         0.000         0.000         0.000         0.000
 C15            0.000         0.000         0.000         0.000         0.000
 C16            0.000         0.000         0.000         0.000         0.000
 C17            0.000         0.000         0.000         0.000         0.000
 C18            0.000         0.000         0.000         0.000         0.000
 C19            0.000         0.000         0.000         0.000         0.000
 C20            0.000         0.000         0.000         0.000         0.000
 C21            0.000         0.000         0.000         0.000         0.000
 C22            0.000         0.000         0.000         0.000         0.000
 C23            0.000         0.000         0.000         0.000         0.000
 C24            0.000         0.000         0.000         0.000         0.000


           BETA
              C2            C3            C4            C5            C6
              ________      ________      ________      ________      ________
 IX             0.000         0.000         0.000         0.000         0.000
 SX             0.000         0.000         0.000         0.000         0.000
 IY             0.000         0.000         0.000         0.000         0.000
 SY             0.000         0.000         0.000         0.000         0.000
 C1             0.000         0.000         0.000         0.000         0.000
 C2             0.000         0.000         0.000         0.000         0.000
 C3             0.000         0.000         0.000         0.000         0.000
 C4             0.000         0.000         0.000         0.000         0.000
 C5             0.000         0.000         0.000         0.000         0.000
 C6             0.000         0.000         0.000         0.000         0.000
 C7             0.000         0.000         0.000         0.000         0.000
 C8             0.000         0.000         0.000         0.000         0.000
 C9             0.000         0.000         0.000         0.000         0.000
 C10            0.000         0.000         0.000         0.000         0.000
 C11            0.000         0.000         0.000         0.000         0.000
 C12            0.000         0.000         0.000         0.000         0.000
 C13            0.000         0.000         0.000         0.000         0.000
 C14            0.000         0.000         0.000         0.000         0.000
 C15            0.000         0.000         0.000         0.000         0.000
 C16            0.000         0.000         0.000         0.000         0.000
 C17            0.000         0.000         0.000         0.000         0.000
 C18            0.000         0.000         0.000         0.000         0.000
 C19            0.000         0.000         0.000         0.000         0.000
 C20            0.000         0.000         0.000         0.000         0.000
 C21            0.000         0.000         0.000         0.000         0.000
 C22            0.000         0.000         0.000         0.000         0.000
 C23            0.000         0.000         0.000         0.000         0.000
 C24            0.000         0.000         0.000         0.000         0.000


           BETA
              C7            C8            C9            C10           C11
              ________      ________      ________      ________      ________
 IX             0.000         0.000         0.000         0.000         0.000
 SX             0.000         0.000         0.000         0.000         0.000
 IY             0.000         0.000         0.000         0.000         0.000
 SY             0.000         0.000         0.000         0.000         0.000
 C1             0.000         0.000         0.000         0.000         0.000
 C2             0.000         0.000         0.000         0.000         0.000
 C3             0.000         0.000         0.000         0.000         0.000
 C4             0.000         0.000         0.000         0.000         0.000
 C5             0.000         0.000         0.000         0.000         0.000
 C6             0.000         0.000         0.000         0.000         0.000
 C7             0.000         0.000         0.000         0.000         0.000
 C8             0.000         0.000         0.000         0.000         0.000
 C9             0.000         0.000         0.000         0.000         0.000
 C10            0.000         0.000         0.000         0.000         0.000
 C11            0.000         0.000         0.000         0.000         0.000
 C12            0.000         0.000         0.000         0.000         0.000
 C13            0.000         0.000         0.000         0.000         0.000
 C14            0.000         0.000         0.000         0.000         0.000
 C15            0.000         0.000         0.000         0.000         0.000
 C16            0.000         0.000         0.000         0.000         0.000
 C17            0.000         0.000         0.000         0.000         0.000
 C18            0.000         0.000         0.000         0.000         0.000
 C19            0.000         0.000         0.000         0.000         0.000
 C20            0.000         0.000         0.000         0.000         0.000
 C21            0.000         0.000         0.000         0.000         0.000
 C22            0.000         0.000         0.000         0.000         0.000
 C23            0.000         0.000         0.000         0.000         0.000
 C24            0.000         0.000         0.000         0.000         0.000


           BETA
              C12           C13           C14           C15           C16
              ________      ________      ________      ________      ________
 IX             0.000         0.000         0.000         0.000         0.000
 SX             0.000         0.000         0.000         0.000         0.000
 IY             0.000         0.000         0.000         0.000         0.000
 SY             0.000         0.000         0.000         0.000         0.000
 C1             0.000         0.000         0.000         0.000         0.000
 C2             0.000         0.000         0.000         0.000         0.000
 C3             0.000         0.000         0.000         0.000         0.000
 C4             0.000         0.000         0.000         0.000         0.000
 C5             0.000         0.000         0.000         0.000         0.000
 C6             0.000         0.000         0.000         0.000         0.000
 C7             0.000         0.000         0.000         0.000         0.000
 C8             0.000         0.000         0.000         0.000         0.000
 C9             0.000         0.000         0.000         0.000         0.000
 C10            0.000         0.000         0.000         0.000         0.000
 C11            0.000         0.000         0.000         0.000         0.000
 C12            0.000         0.000         0.000         0.000         0.000
 C13            0.000         0.000         0.000         0.000         0.000
 C14            0.000         0.000         0.000         0.000         0.000
 C15            0.000         0.000         0.000         0.000         0.000
 C16            0.000         0.000         0.000         0.000         0.000
 C17            0.000         0.000         0.000         0.000         0.000
 C18            0.000         0.000         0.000         0.000         0.000
 C19            0.000         0.000         0.000         0.000         0.000
 C20            0.000         0.000         0.000         0.000         0.000
 C21            0.000         0.000         0.000         0.000         0.000
 C22            0.000         0.000         0.000         0.000         0.000
 C23            0.000         0.000         0.000         0.000         0.000
 C24            0.000         0.000         0.000         0.000         0.000


           BETA
              C17           C18           C19           C20           C21
              ________      ________      ________      ________      ________
 IX             0.000         0.000         0.000         0.000         0.000
 SX             0.000         0.000         0.000         0.000         0.000
 IY             0.000         0.000         0.000         0.000         0.000
 SY             0.000         0.000         0.000         0.000         0.000
 C1             0.000         0.000         0.000         0.000         0.000
 C2             0.000         0.000         0.000         0.000         0.000
 C3             0.000         0.000         0.000         0.000         0.000
 C4             0.000         0.000         0.000         0.000         0.000
 C5             0.000         0.000         0.000         0.000         0.000
 C6             0.000         0.000         0.000         0.000         0.000
 C7             0.000         0.000         0.000         0.000         0.000
 C8             0.000         0.000         0.000         0.000         0.000
 C9             0.000         0.000         0.000         0.000         0.000
 C10            0.000         0.000         0.000         0.000         0.000
 C11            0.000         0.000         0.000         0.000         0.000
 C12            0.000         0.000         0.000         0.000         0.000
 C13            0.000         0.000         0.000         0.000         0.000
 C14            0.000         0.000         0.000         0.000         0.000
 C15            0.000         0.000         0.000         0.000         0.000
 C16            0.000         0.000         0.000         0.000         0.000
 C17            0.000         0.000         0.000         0.000         0.000
 C18            0.000         0.000         0.000         0.000         0.000
 C19            0.000         0.000         0.000         0.000         0.000
 C20            0.000         0.000         0.000         0.000         0.000
 C21            0.000         0.000         0.000         0.000         0.000
 C22            0.000         0.000         0.000         0.000         0.000
 C23            0.000         0.000         0.000         0.000         0.000
 C24            0.000         0.000         0.000         0.000         0.000


           BETA
              C22           C23           C24
              ________      ________      ________
 IX             0.000         0.000         0.000
 SX             0.000         0.000         0.000
 IY             0.000         0.000         0.000
 SY             0.000         0.000         0.000
 C1             0.000         0.000         0.000
 C2             0.000         0.000         0.000
 C3             0.000         0.000         0.000
 C4             0.000         0.000         0.000
 C5             0.000         0.000         0.000
 C6             0.000         0.000         0.000
 C7             0.000         0.000         0.000
 C8             0.000         0.000         0.000
 C9             0.000         0.000         0.000
 C10            0.000         0.000         0.000
 C11            0.000         0.000         0.000
 C12            0.000         0.000         0.000
 C13            0.000         0.000         0.000
 C14            0.000         0.000         0.000
 C15            0.000         0.000         0.000
 C16            0.000         0.000         0.000
 C17            0.000         0.000         0.000
 C18            0.000         0.000         0.000
 C19            0.000         0.000         0.000
 C20            0.000         0.000         0.000
 C21            0.000         0.000         0.000
 C22            0.000         0.000         0.000
 C23            0.000         0.000         0.000
 C24            0.000         0.000         0.000


           PSI
              IX            SX            IY            SY            C1
              ________      ________      ________      ________      ________
 IX             0.892
 SX             0.000         3.340
 IY             0.000         0.000         0.931
 SY             0.000         0.000         0.000         0.000
 C1             0.000         0.000         0.000         0.000         0.250
 C2             0.000         0.000         0.000         0.000         0.035
 C3             0.000         0.000         0.000         0.000        -0.009
 C4             0.000         0.000         0.000         0.000         0.000
 C5             0.000         0.000         0.000         0.000         0.005
 C6             0.000         0.000         0.000         0.000        -0.038
 C7             0.000         0.000         0.000         0.000        -0.140
 C8             0.000         0.000         0.000         0.000        -0.002
 C9             0.000         0.000         0.000         0.000         0.002
 C10            0.000         0.000         0.000         0.000        -0.001
 C11            0.000         0.000         0.000         0.000         0.001
 C12            0.000         0.000         0.000         0.000         0.042
 C13            0.000         0.000         0.000         0.000         0.126
 C14            0.000         0.000         0.000         0.000        -0.003
 C15            0.000         0.000         0.000         0.000        -0.030
 C16            0.000         0.000         0.000         0.000         0.030
 C17            0.000         0.000         0.000         0.000         0.036
 C18            0.000         0.000         0.000         0.000        -0.010
 C19            0.000         0.000         0.000         0.000         0.001
 C20            0.000         0.000         0.000         0.000        -0.002
 C21            0.000         0.000         0.000         0.000        -0.014
 C22            0.000         0.000         0.000         0.000        -0.008
 C23            0.000         0.000         0.000         0.000        -0.050
 C24            0.000         0.000         0.000         0.000         0.073


           PSI
              C2            C3            C4            C5            C6
              ________      ________      ________      ________      ________
 C2             0.157
 C3             0.042         0.246
 C4             0.004        -0.015         0.213
 C5            -0.018        -0.025        -0.075         0.184
 C6            -0.061        -0.109         0.073         0.031         1.375
 C7            -0.210        -0.468         0.198         0.202         3.679
 C8            -0.003        -0.003        -0.013         0.004        -0.138
 C9             0.006         0.016        -0.009        -0.003        -0.038
 C10           -0.001        -0.001        -0.001         0.002         0.002
 C11           -0.002         0.011        -0.002        -0.008         0.083
 C12            0.028         0.003        -0.007         0.008        -0.033
 C13            0.192         0.231        -0.026        -0.075        -0.280
 C14           -0.011        -0.022         0.003         0.037         0.012
 C15           -0.022        -0.022         0.000         0.012         0.018
 C16            0.018         0.004         0.002        -0.008         0.000
 C17            0.011         0.000         0.001        -0.004        -0.060
 C18           -0.007        -0.005         0.011        -0.012         0.016
 C19           -0.004        -0.021         0.001         0.013         0.052
 C20           -0.001         0.016        -0.003        -0.001        -0.035
 C21           -0.007        -0.004        -0.011         0.015         0.013
 C22           -0.063        -0.113         0.004         0.029         0.085
 C23           -0.021        -0.009        -0.016         0.019         0.082
 C24            0.245         0.375        -0.054        -0.033        -0.618


           PSI
              C7            C8            C9            C10           C11
              ________      ________      ________      ________      ________
 C7            22.418
 C8            -0.328         0.161
 C9            -0.122        -0.016         0.073
 C10            0.011        -0.001         0.000         0.004
 C11            0.339         0.000        -0.003         0.000         0.096
 C12           -0.069         0.010        -0.001        -0.001         0.003
 C13           -1.051         0.021         0.041         0.000         0.039
 C14            0.178         0.008        -0.014         0.002        -0.003
 C15            0.115         0.001        -0.004         0.000         0.002
 C16            0.007        -0.008         0.003         0.000        -0.001
 C17           -0.181        -0.001         0.004         0.000        -0.024
 C18           -0.012         0.000        -0.001         0.000        -0.004
 C19            0.217        -0.006        -0.005         0.000        -0.002
 C20           -0.122         0.004         0.004         0.000        -0.001
 C21            0.073        -0.004         0.000         0.001         0.008
 C22            0.370        -0.005        -0.012         0.001        -0.017
 C23            0.480         0.003        -0.003         0.001         0.050
 C24           -2.008         0.067         0.040         0.004        -0.007


           PSI
              C12           C13           C14           C15           C16
              ________      ________      ________      ________      ________
 C12            1.030
 C13            0.241         1.543
 C14            0.010        -0.083         0.248
 C15           -0.047        -0.079         0.003         0.217
 C16            0.052         0.043         0.002        -0.138         0.246
 C17            0.016         0.030        -0.028        -0.008         0.008
 C18           -0.008        -0.050        -0.006        -0.002        -0.003
 C19           -0.011        -0.058         0.018         0.007        -0.006
 C20            0.011         0.014         0.001        -0.002         0.003
 C21           -0.003        -0.016         0.039         0.004        -0.004
 C22           -0.050        -0.356         0.036         0.023        -0.004
 C23           -0.029        -0.055         0.021         0.089        -0.065
 C24            0.553         1.730         0.694        -0.130         0.053


           PSI
              C17           C18           C19           C20           C21
              ________      ________      ________      ________      ________
 C17            0.142
 C18           -0.001         0.179
 C19           -0.006        -0.043         0.151
 C20            0.003         0.027        -0.013         0.097
 C21           -0.019        -0.007         0.013        -0.023         0.167
 C22           -0.002         0.018         0.022        -0.007         0.006
 C23           -0.032        -0.002         0.008         0.016         0.034
 C24            0.079        -0.002        -0.024         0.064         0.051


           PSI
              C22           C23           C24
              ________      ________      ________
 C22            0.216
 C23            0.004         0.925
 C24           -0.424        -0.078        17.960


TECHNICAL 3 OUTPUT


           ESTIMATED COVARIANCE MATRIX FOR PARAMETER ESTIMATES
                  1             2             3             4             5
              ________      ________      ________      ________      ________
      1     0.955531D-02
      2     0.354126D-02  0.164233D-01
      3     0.422016D-02  0.371287D-02  0.167548D-01
      4     0.145421D-02 -0.484824D-02 -0.468128D-03  0.465303D-02
      5    -0.776677D-03  0.807795D-03 -0.398290D-04 -0.466461D-03  0.617808D-03
      6     0.698553D-04 -0.105178D-02 -0.158452D-03  0.424628D-03 -0.619758D-04
      7     0.102890D-02  0.111328D-02 -0.374891D-02  0.301047D-03  0.425831D-04
      8     0.165472D-02  0.173644D-02  0.139191D-02 -0.130017D-03  0.295548D-04
      9    -0.149874D-03  0.570791D-03  0.276855D-03 -0.505064D-03  0.859175D-04
     10    -0.264432D-04 -0.785488D-04 -0.427028D-04  0.910998D-04  0.259704D-04
     11     0.508821D-04 -0.206377D-03 -0.465608D-04  0.134602D-03 -0.132964D-04
     12     0.135744D-03  0.236317D-03 -0.465035D-04  0.301951D-04  0.110712D-04
     13     0.147704D-03  0.437160D-03  0.237669D-03 -0.942635D-04  0.324473D-04
     14     0.743335D-03 -0.205108D-02  0.117510D-02  0.935243D-03 -0.305631D-03
     15    -0.282050D-02  0.162455D-02 -0.392051D-02 -0.115642D-02  0.344548D-03
     16     0.389329D-03  0.564390D-03  0.481770D-03 -0.576064D-03  0.113318D-03
     17     0.120924D-02 -0.570838D-02 -0.509994D-02  0.570832D-02 -0.667096D-03
     18     0.981838D-04  0.130948D-03  0.388070D-03  0.521660D-04 -0.667476D-05
     19     0.357366D-03  0.147554D-02 -0.763296D-03 -0.539511D-03  0.495921D-04
     20    -0.718375D-03  0.952098D-04  0.115327D-04 -0.461298D-03  0.229415D-04
     21    -0.104023D-02 -0.143918D-02 -0.460179D-03  0.295883D-03 -0.862870D-05
     22     0.476509D-03 -0.149755D-04 -0.779500D-03 -0.422493D-04 -0.168562D-03
     23    -0.104850D-03  0.176350D-03 -0.346853D-03 -0.635642D-04  0.229795D-04
     24     0.236141D-04 -0.206020D-04 -0.584851D-05  0.169478D-04 -0.674235D-05
     25    -0.254983D-03  0.839042D-03 -0.332144D-04 -0.561255D-03  0.111049D-03
     26     0.171294D-03 -0.188825D-02 -0.574372D-04  0.801381D-03 -0.166461D-03
     27     0.154178D-02  0.534510D-02 -0.164960D-04 -0.145087D-02  0.255588D-03
     28     0.368887D-03  0.500632D-04  0.108037D-02  0.267811D-03 -0.258648D-04
     29    -0.124972D-03  0.382900D-03  0.265054D-03 -0.210825D-03  0.546059D-04
     30    -0.160989D-03  0.123541D-03 -0.301918D-03 -0.121773D-03  0.452815D-04
     31     0.333774D-04  0.115630D-02 -0.758991D-03 -0.352219D-03  0.946030D-04
     32     0.143236D-03 -0.783604D-04 -0.396915D-03  0.108187D-03  0.106991D-04
     33    -0.283821D-03 -0.120422D-03 -0.774023D-03 -0.272321D-03  0.245593D-04
     34     0.441766D-03 -0.943576D-03  0.524606D-04  0.571840D-03 -0.121667D-03
     35    -0.483356D-05  0.117087D-02  0.479844D-03 -0.513571D-03  0.552507D-04
     36    -0.368981D-03 -0.240499D-03  0.530035D-03  0.502753D-04  0.163215D-04
     37     0.200038D-03 -0.926168D-04  0.431263D-04  0.201182D-03 -0.402348D-04
     38     0.268437D-03  0.134107D-02 -0.213341D-03 -0.433554D-03  0.894387D-04
     39    -0.724282D-03 -0.111627D-02  0.870286D-03  0.499985D-04  0.694500D-04
     40    -0.109152D-03 -0.151573D-03  0.885984D-04  0.283152D-04  0.131266D-04
     41    -0.179339D-04  0.157782D-03  0.690310D-05 -0.474460D-04  0.121144D-04
     42    -0.387050D-03 -0.509145D-03 -0.766871D-03  0.879776D-04  0.534786D-05
     43    -0.357292D-03 -0.228572D-02  0.156824D-02  0.788213D-03 -0.759900D-04
     44     0.113183D-02 -0.600962D-03 -0.191376D-03  0.801871D-03 -0.152203D-03
     45     0.937251D-03  0.135171D-02  0.254120D-03 -0.275672D-03 -0.443394D-04
     46    -0.856481D-03 -0.540483D-04  0.169041D-02  0.481738D-04  0.206823D-03
     47     0.382185D-03 -0.212196D-03  0.835476D-03  0.131951D-03 -0.210593D-04
     48    -0.283970D-04  0.602552D-04  0.117253D-04 -0.251510D-04  0.748592D-05
     49     0.557747D-04 -0.187816D-02 -0.483490D-03  0.736693D-03 -0.158176D-03
     50    -0.538512D-04  0.298864D-02 -0.143384D-03 -0.108977D-02  0.207915D-03
     51    -0.333250D-02 -0.948599D-02  0.812406D-03  0.237626D-02 -0.156076D-03
     52    -0.104805D-02 -0.639168D-04 -0.227277D-02 -0.400815D-03 -0.958545D-04
     53     0.152599D-03 -0.790710D-03 -0.580123D-03  0.371313D-03 -0.906920D-04
     54     0.425159D-03  0.624288D-05  0.675431D-03  0.114342D-03 -0.401738D-04
     55     0.102546D-03 -0.149501D-02  0.137436D-02  0.448735D-03 -0.369479D-04
     56    -0.553636D-03 -0.117834D-03  0.826271D-03 -0.104296D-03  0.304946D-04
     57     0.991540D-03  0.106819D-02  0.178317D-02  0.118732D-03 -0.452657D-04
     58    -0.118552D-02  0.147524D-02 -0.254885D-03 -0.112348D-02  0.242805D-03
     59     0.881323D-03 -0.967695D-03 -0.157347D-03  0.541527D-03 -0.134380D-03
     60     0.857016D-03  0.951597D-03 -0.121251D-02 -0.229571D-03 -0.636145D-04
     61     0.541835D-03  0.115341D-02  0.747970D-03 -0.390048D-03  0.559329D-05
     62    -0.560045D-04 -0.160594D-02  0.978004D-03  0.545778D-03 -0.109757D-03
     63     0.414978D-03  0.749370D-03 -0.210601D-02 -0.850633D-04 -0.344492D-04
     64     0.674438D-03  0.818397D-03  0.991997D-04 -0.109658D-03 -0.376736D-04
     65    -0.147265D-04 -0.329084D-03 -0.234686D-04  0.104565D-03 -0.222336D-04
     66    -0.130391D-02  0.722368D-02 -0.177935D-03 -0.525831D-02  0.653603D-03
     67    -0.116011D-03  0.107806D-02  0.172199D-03 -0.721834D-03  0.638102D-04
     68     0.256514D-03 -0.108883D-04 -0.467164D-03  0.307561D-03 -0.276321D-04
     69    -0.451283D-03 -0.111217D-03 -0.229962D-03 -0.231226D-03  0.177647D-04
     70    -0.489518D-03 -0.303568D-03 -0.218164D-03 -0.398829D-04  0.175701D-04
     71     0.163296D-03  0.674337D-03 -0.314691D-03 -0.440508D-03  0.129615D-04
     72    -0.665422D-04  0.306902D-04 -0.928177D-04  0.117954D-04 -0.352075D-05
     73     0.195049D-05 -0.296331D-04 -0.317845D-04  0.791792D-05 -0.575848D-05
     74    -0.434332D-03  0.228587D-02  0.159163D-04 -0.170967D-02  0.182713D-03
     75     0.326725D-03 -0.153632D-02  0.711878D-06  0.917856D-03 -0.181638D-03
     76     0.470207D-03  0.274555D-02  0.502449D-04 -0.928913D-03  0.167990D-03
     77     0.217626D-03  0.652154D-03  0.713095D-03 -0.253568D-03  0.786416D-04
     78    -0.431820D-04 -0.513779D-04  0.806994D-04  0.330174D-04  0.857001D-05
     79    -0.548921D-04 -0.200831D-03 -0.535600D-04  0.163786D-03 -0.332899D-05
     80    -0.219863D-04  0.262812D-03 -0.330485D-03 -0.624472D-04 -0.110776D-04
     81     0.261708D-05  0.257035D-03 -0.222667D-03 -0.185493D-03  0.433697D-05
     82     0.132922D-03 -0.115652D-02 -0.206303D-03  0.707260D-03 -0.118804D-03
     83     0.306952D-03 -0.117384D-02  0.632756D-04  0.850762D-03 -0.109055D-03
     84     0.204251D-03 -0.127070D-02  0.270467D-03  0.101222D-02 -0.118297D-03
     85    -0.289934D-03  0.194772D-03  0.304257D-03 -0.174013D-03  0.312740D-04
     86     0.540311D-03 -0.188786D-02 -0.134699D-05  0.156692D-02 -0.192579D-03
     87     0.514896D-03 -0.424747D-03 -0.119701D-03  0.702311D-03 -0.920406D-04
     88    -0.588465D-03  0.279296D-03  0.435061D-03 -0.495044D-03  0.877228D-04
     89    -0.630626D-04 -0.269863D-03  0.476127D-04  0.165510D-03  0.225316D-05
     90     0.666929D-05  0.693218D-04  0.131984D-04 -0.201465D-04  0.182473D-05
     91     0.213464D-02 -0.132050D-01  0.365494D-03  0.914505D-02 -0.138234D-02
     92    -0.141918D-01  0.214472D-01  0.574684D-02 -0.230428D-01  0.289161D-02
     93    -0.159000D-02  0.256223D-03  0.259817D-02 -0.167919D-02  0.393870D-04
     94    -0.107992D-03 -0.296625D-02 -0.422278D-03  0.170147D-02 -0.187108D-03
     95    -0.828309D-03 -0.111290D-03  0.190383D-02 -0.105339D-02  0.131755D-03
     96     0.143603D-02 -0.826012D-03  0.744688D-03  0.129488D-02 -0.211488D-03
     97     0.269633D-02 -0.164987D-02 -0.233661D-03  0.262674D-02 -0.387054D-03
     98    -0.330990D-03 -0.717967D-03  0.774239D-03  0.813637D-03  0.129307D-03
     99    -0.820735D-04  0.569465D-03  0.885919D-03 -0.681616D-03  0.707190D-04
    100     0.279114D-04  0.688229D-04  0.109711D-04  0.120382D-04  0.926325D-05
    101     0.136579D-02 -0.648164D-02 -0.855867D-03  0.475785D-02 -0.582063D-03
    102    -0.613707D-03  0.367581D-02 -0.250843D-03 -0.151299D-02  0.529903D-03
    103    -0.427647D-02 -0.577878D-02  0.117968D-02 -0.457567D-03  0.166705D-03
    104    -0.139734D-02 -0.125573D-02 -0.226189D-02  0.323332D-04 -0.140459D-03
    105     0.838891D-04 -0.445406D-03 -0.380046D-03  0.134847D-03 -0.753615D-04
    106    -0.516832D-05  0.100607D-02  0.634874D-03 -0.796795D-03  0.617449D-04
    107    -0.902795D-04 -0.260848D-03  0.928716D-03 -0.142402D-03  0.102817D-03
    108     0.821687D-03 -0.172509D-02 -0.853049D-03  0.188236D-02 -0.164243D-03
    109    -0.952257D-03  0.406109D-02  0.175164D-02 -0.287858D-02  0.332320D-03
    110    -0.781411D-03  0.169522D-02  0.619838D-04 -0.111676D-02  0.228615D-03
    111    -0.155056D-02  0.498743D-02  0.517339D-03 -0.438696D-02  0.563417D-03
    112     0.668097D-03  0.544391D-03 -0.132247D-02  0.168611D-03 -0.180973D-04
    113    -0.165764D-02  0.638401D-02  0.107817D-02 -0.517637D-02  0.696031D-03
    114    -0.163792D-02  0.143454D-02  0.118584D-02 -0.233969D-02  0.248455D-03
    115     0.276982D-02 -0.323705D-02 -0.216618D-02  0.390101D-02 -0.556519D-03
    116    -0.741391D-04  0.220857D-02  0.665239D-06 -0.145849D-02  0.137593D-03
    117     0.525700D-04 -0.406855D-03 -0.393197D-04  0.205458D-03 -0.313029D-04
    118    -0.112032D-02  0.505383D-02  0.362908D-03 -0.382650D-02  0.505565D-03
    119     0.173079D-02 -0.556294D-02 -0.529511D-03  0.434085D-02 -0.628204D-03
    120    -0.386787D-02  0.364945D-02  0.182323D-04 -0.440516D-02  0.615620D-03
    121     0.494084D-03 -0.160561D-02  0.468730D-05  0.129751D-02 -0.194608D-03
    122     0.128505D-03  0.241400D-03 -0.227396D-03 -0.251867D-04  0.221828D-04


           ESTIMATED COVARIANCE MATRIX FOR PARAMETER ESTIMATES
                  6             7             8             9            10
              ________      ________      ________      ________      ________
      6     0.540919D-03
      7     0.487685D-04  0.268361D-02
      8     0.136978D-04  0.300841D-03  0.138710D-02
      9    -0.686093D-04 -0.134781D-03  0.584549D-05  0.636794D-03
     10     0.143646D-04  0.422127D-04  0.580085D-05  0.130540D-04  0.612001D-03
     11     0.672622D-04  0.521449D-04  0.414941D-04 -0.525733D-04  0.108131D-03
     12     0.624374D-04  0.250035D-03  0.120466D-03 -0.163368D-04  0.287856D-04
     13     0.890217D-04  0.953782D-04  0.185750D-03 -0.297952D-04  0.714236D-04
     14     0.117486D-03 -0.330937D-03 -0.315801D-04 -0.476074D-04  0.127146D-04
     15    -0.215597D-03  0.780540D-03 -0.512071D-03  0.183558D-04 -0.460215D-04
     16    -0.721848D-04 -0.111831D-03  0.122658D-04  0.328560D-03  0.512193D-04
     17     0.528322D-03  0.245501D-02  0.834306D-04 -0.220766D-02  0.123187D-03
     18    -0.332125D-06 -0.796028D-04  0.375554D-04 -0.897335D-05  0.971843D-05
     19    -0.385136D-04  0.381544D-03  0.996125D-04  0.409214D-04 -0.267351D-04
     20     0.356587D-04 -0.119617D-03 -0.390550D-04 -0.289249D-04 -0.201513D-04
     21     0.735880D-04 -0.135804D-03 -0.224759D-03 -0.420227D-05  0.283303D-04
     22    -0.101536D-04  0.315097D-03 -0.384061D-05 -0.456273D-04 -0.102504D-04
     23    -0.127871D-04  0.777839D-04 -0.364159D-04  0.278269D-05  0.385828D-05
     24     0.310856D-05  0.306884D-05  0.883864D-05 -0.165998D-05 -0.369275D-08
     25    -0.975968D-04  0.131378D-04  0.318036D-04  0.323492D-04 -0.996973D-05
     26     0.120706D-03 -0.136236D-03 -0.689417D-04 -0.108868D-03  0.196259D-04
     27    -0.140957D-03  0.831505D-03  0.535480D-03  0.973842D-04  0.170643D-04
     28     0.479191D-04 -0.210623D-03  0.935003D-04 -0.433914D-05 -0.428586D-05
     29    -0.368764D-04 -0.290847D-04 -0.226039D-05  0.264504D-04 -0.561818D-05
     30    -0.117783D-04  0.423201D-04 -0.252831D-04  0.767034D-05 -0.878982D-06
     31    -0.408708D-04  0.252948D-03  0.107127D-03  0.903472D-04 -0.952270D-05
     32     0.726304D-05  0.109035D-03  0.337661D-04 -0.158460D-04  0.113967D-04
     33     0.238883D-06  0.132962D-03 -0.786989D-04  0.138785D-04 -0.392892D-04
     34     0.319273D-04 -0.451354D-04  0.211034D-04 -0.699462D-04  0.195052D-05
     35    -0.883015D-04 -0.310978D-04  0.581492D-04  0.141949D-04 -0.415902D-04
     36    -0.416126D-04 -0.290792D-03 -0.115789D-03  0.372316D-04  0.944131D-05
     37     0.198591D-04  0.120878D-04 -0.171565D-04  0.413012D-05  0.191611D-04
     38    -0.714044D-04  0.198394D-03  0.136648D-03  0.734722D-04 -0.298513D-04
     39     0.466827D-04 -0.459917D-03 -0.981279D-04 -0.570572D-04 -0.214273D-05
     40     0.599224D-05 -0.347277D-04 -0.497931D-05  0.332999D-06 -0.161203D-04
     41    -0.123057D-04  0.902313D-05  0.539349D-05  0.324084D-05  0.427555D-05
     42     0.421987D-04  0.131424D-03 -0.150269D-03  0.106976D-04  0.641594D-05
     43     0.107174D-03 -0.671987D-03 -0.436976D-04 -0.674659D-04  0.154596D-04
     44     0.387020D-04  0.200461D-03  0.678529D-04 -0.255608D-04  0.225832D-04
     45    -0.462023D-04  0.168482D-03  0.268388D-03 -0.793790D-05 -0.337898D-04
     46     0.190837D-04 -0.594104D-03 -0.826733D-05  0.792151D-04  0.651448D-04
     47     0.450253D-04 -0.168732D-03  0.129640D-03 -0.557147D-05  0.785415D-06
     48    -0.538194D-05  0.445290D-06 -0.661863D-05  0.243618D-05 -0.374355D-06
     49     0.129165D-03 -0.339817D-04 -0.209106D-03  0.229299D-04  0.586714D-04
     50    -0.173369D-03  0.317509D-03  0.252315D-04  0.178481D-03 -0.202238D-04
     51     0.468873D-03 -0.179068D-02 -0.103212D-02 -0.255096D-03  0.738636D-04
     52    -0.591598D-04  0.558171D-03 -0.206456D-03 -0.270652D-04 -0.433725D-04
     53     0.548099D-04  0.469465D-04 -0.462967D-04 -0.368901D-04  0.493103D-05
     54     0.165834D-04 -0.847498D-04  0.103558D-03 -0.794748D-05 -0.157455D-05
     55     0.609877D-04 -0.427114D-03 -0.780398D-04 -0.676675D-04 -0.125973D-04
     56     0.194266D-05 -0.251044D-03 -0.131428D-03 -0.245498D-04  0.325796D-05
     57    -0.781291D-04 -0.309362D-03  0.197946D-03  0.114285D-04  0.366026D-04
     58    -0.118906D-03 -0.101283D-03 -0.117081D-03  0.106307D-03 -0.281302D-04
     59     0.818570D-04 -0.761785D-05  0.125845D-03 -0.198997D-05  0.372234D-04
     60    -0.629745D-04  0.562046D-03  0.110508D-03  0.359989D-04  0.161269D-05
     61     0.438019D-05  0.711692D-04  0.210439D-03  0.165290D-04  0.794613D-05
     62     0.879316D-04 -0.373842D-03 -0.622405D-04 -0.866686D-04  0.256493D-04
     63    -0.532713D-04  0.642672D-03 -0.216263D-04  0.142229D-04 -0.245882D-07
     64    -0.348775D-04  0.834901D-04  0.141649D-03  0.200360D-05  0.194393D-04
     65     0.254615D-04 -0.182682D-04 -0.242114D-04 -0.116041D-04 -0.215502D-06
     66    -0.605924D-03  0.121420D-03  0.321376D-03  0.982870D-03 -0.580706D-04
     67    -0.954167D-04 -0.463727D-04  0.921074D-04  0.108791D-03 -0.424614D-04
     68     0.165299D-04  0.220688D-03 -0.703961D-05 -0.876442D-04 -0.742893D-05
     69     0.270050D-05 -0.326732D-05 -0.296030D-05 -0.467802D-04  0.243818D-04
     70     0.311319D-04 -0.134183D-04 -0.728158D-04 -0.372388D-05  0.156791D-04
     71    -0.342044D-04  0.164794D-03  0.784615D-04  0.855803D-04 -0.830390D-05
     72    -0.964859D-05  0.237596D-04 -0.325663D-04 -0.658553D-05 -0.194023D-05
     73     0.537802D-05  0.324334D-05  0.154828D-05 -0.890060D-06  0.211101D-05
     74    -0.182528D-03 -0.507067D-04  0.123818D-03  0.309826D-03 -0.174874D-05
     75     0.150091D-03 -0.103951D-04 -0.566169D-05 -0.161083D-03  0.112908D-04
     76    -0.110693D-03  0.404771D-03  0.165773D-03  0.149048D-04 -0.155436D-04
     77    -0.572687D-04 -0.166005D-03  0.578278D-04  0.635246D-04 -0.132408D-04
     78     0.166493D-04  0.149298D-04  0.179548D-04 -0.187034D-04  0.719290D-06
     79     0.198931D-04 -0.164444D-05 -0.937286D-05 -0.328398D-04 -0.828686D-05
     80    -0.148905D-04  0.556195D-04  0.243342D-04  0.112822D-04 -0.250379D-04
     81     0.110693D-04  0.331708D-04  0.759267D-04  0.731501D-04 -0.163411D-04
     82     0.110064D-03  0.954835D-05 -0.422795D-04 -0.136514D-03  0.198302D-04
     83     0.817287D-04 -0.495594D-04 -0.941478D-04 -0.169666D-03  0.333506D-04
     84     0.107666D-03 -0.104759D-03 -0.441560D-04 -0.170614D-03 -0.836516D-04
     85    -0.568354D-04 -0.217315D-03 -0.431653D-04  0.382156D-04 -0.372546D-04
     86     0.152251D-03 -0.602518D-05 -0.816194D-04 -0.283136D-03  0.147100D-04
     87     0.675368D-04  0.169856D-03  0.659046D-04 -0.127744D-03 -0.169358D-04
     88    -0.660126D-04 -0.171665D-03  0.157246D-04  0.339112D-04  0.488353D-05
     89     0.115118D-04 -0.242909D-05 -0.387045D-04 -0.256419D-04  0.540107D-05
     90    -0.407137D-05  0.338349D-05  0.352785D-05 -0.103867D-05  0.534311D-05
     91     0.941467D-03 -0.819159D-03 -0.997093D-03 -0.117165D-02  0.497678D-04
     92    -0.242693D-02 -0.727331D-02 -0.161008D-02  0.584844D-02 -0.539392D-03
     93    -0.248913D-03 -0.190815D-02 -0.516451D-03  0.162238D-02 -0.145080D-04
     94     0.182162D-03 -0.120464D-03 -0.441028D-03  0.309882D-04  0.677676D-04
     95    -0.950033D-04 -0.984627D-03 -0.118075D-04  0.396922D-03 -0.202200D-04
     96     0.889402D-04 -0.327202D-05  0.103356D-04  0.112876D-03  0.527736D-04
     97     0.211228D-03  0.832205D-03  0.352222D-03 -0.549219D-03  0.174646D-04
     98     0.464204D-04 -0.172738D-03 -0.569759D-04 -0.395891D-03  0.802975D-04
     99    -0.261925D-04 -0.364618D-03  0.612454D-04  0.207700D-03 -0.956849D-05
    100    -0.114615D-04  0.294990D-04  0.532785D-05 -0.166956D-04 -0.420304D-05
    101     0.528601D-03  0.477107D-03 -0.343708D-03 -0.804272D-03  0.103731D-03
    102    -0.263087D-03  0.298751D-03  0.155844D-03  0.162193D-03 -0.715559D-04
    103     0.891599D-04 -0.255189D-02 -0.106458D-02  0.454159D-03 -0.705646D-04
    104     0.457409D-04  0.254384D-03 -0.340456D-03  0.497891D-04 -0.136317D-04
    105     0.376729D-05 -0.120395D-04 -0.744740D-04  0.614597D-04 -0.266245D-04
    106    -0.807158D-04 -0.202128D-03  0.848095D-04  0.203193D-03 -0.177526D-04
    107     0.462983D-04 -0.187469D-03 -0.446681D-04 -0.919968D-04  0.118137D-04
    108     0.168046D-03  0.865315D-03 -0.114131D-04 -0.107073D-02  0.134570D-04
    109    -0.422707D-03 -0.788118D-03  0.680893D-04  0.757761D-03 -0.392015D-04
    110    -0.788281D-04  0.268799D-04  0.848911D-04  0.470233D-03 -0.590784D-05
    111    -0.484794D-03 -0.594598D-03  0.157913D-04  0.978293D-03  0.129823D-03
    112    -0.165577D-05  0.654482D-03  0.125203D-03 -0.112679D-03  0.491811D-04
    113    -0.464714D-03 -0.490113D-03  0.308507D-03  0.994735D-03 -0.162830D-03
    114    -0.171110D-03 -0.860907D-03 -0.101053D-03  0.470143D-03  0.670179D-05
    115     0.441905D-03  0.139953D-02  0.203541D-03 -0.846606D-03  0.116025D-03
    116    -0.146952D-03 -0.635521D-04  0.111075D-03  0.169308D-03 -0.203964D-04
    117     0.325104D-04  0.239585D-05 -0.173846D-04 -0.203907D-04 -0.393709D-05
    118    -0.435143D-03 -0.162450D-03  0.201073D-03  0.518517D-03 -0.427773D-04
    119     0.483969D-03  0.421432D-03 -0.155514D-03 -0.606099D-03  0.684964D-04
    120    -0.457682D-03 -0.123635D-02 -0.437517D-03  0.663903D-03 -0.686071D-04
    121     0.146209D-03  0.107295D-03  0.484629D-08 -0.300909D-03  0.377946D-04
    122     0.340983D-05  0.171113D-03  0.687884D-04 -0.176068D-03 -0.375566D-04


           ESTIMATED COVARIANCE MATRIX FOR PARAMETER ESTIMATES
                 11            12            13            14            15
              ________      ________      ________      ________      ________
     11     0.784560D-03
     12     0.652232D-04  0.147039D-02
     13     0.194721D-03  0.315830D-03  0.274508D-02
     14     0.631534D-04 -0.945794D-04 -0.267166D-03  0.131908D-01
     15    -0.124003D-04 -0.538978D-04  0.963297D-04 -0.108349D-01  0.201973D-01
     16     0.838354D-06  0.107822D-03 -0.201240D-04  0.332794D-02 -0.445148D-02
     17     0.664421D-03  0.207875D-03  0.377475D-03 -0.657674D-02  0.120104D-01
     18     0.304511D-04  0.249687D-04  0.294414D-04 -0.957598D-04  0.112787D-03
     19    -0.427427D-04  0.570182D-04  0.209263D-04 -0.808395D-03  0.864441D-03
     20    -0.635547D-05  0.835043D-05  0.569355D-04 -0.207399D-02  0.192779D-02
     21     0.481776D-04  0.784745D-05  0.378064D-04 -0.514542D-03  0.525070D-03
     22    -0.329195D-04  0.677209D-04 -0.332748D-04 -0.117549D-03  0.208712D-03
     23    -0.145130D-04  0.974175D-05  0.178323D-04 -0.132355D-02  0.115254D-02
     24     0.191899D-06  0.448385D-05 -0.184379D-05  0.824979D-04 -0.857413D-04
     25    -0.744441D-04 -0.300988D-04 -0.744927D-04 -0.169078D-02  0.148515D-02
     26    -0.386402D-04 -0.278258D-04 -0.744792D-04 -0.110380D-02  0.595886D-03
     27    -0.837195D-05  0.108005D-03  0.157000D-03 -0.117328D-02  0.185600D-02
     28    -0.712812D-05 -0.144195D-04  0.462514D-04  0.491852D-04  0.532038D-04
     29    -0.142569D-05 -0.804938D-05  0.299587D-04 -0.654683D-03  0.564929D-03
     30    -0.416148D-05  0.201425D-04  0.253101D-04 -0.505759D-03  0.289009D-03
     31     0.450426D-05  0.153093D-04 -0.658470D-04 -0.864490D-03  0.629808D-03
     32     0.545956D-04  0.381399D-04 -0.430859D-05 -0.134024D-02  0.104949D-02
     33    -0.144734D-04 -0.250494D-04 -0.223985D-04 -0.122851D-02  0.968971D-03
     34     0.117709D-04 -0.807457D-04 -0.160009D-04 -0.213491D-02  0.199889D-02
     35    -0.637822D-04  0.431261D-05  0.123291D-04 -0.868938D-03  0.760709D-03
     36    -0.467521D-04 -0.373402D-05 -0.103062D-03 -0.439392D-03  0.257821D-03
     37     0.370739D-05  0.113622D-03  0.172298D-04 -0.488038D-03  0.941974D-04
     38    -0.499748D-04  0.487652D-04  0.148589D-03 -0.782075D-03  0.603451D-03
     39     0.105928D-04 -0.214040D-04  0.940838D-04 -0.257561D-02  0.177484D-02
     40    -0.231426D-05 -0.246097D-04  0.823534D-05 -0.935317D-04  0.212723D-04
     41    -0.359545D-05  0.209267D-05  0.844859D-05 -0.272541D-04  0.312737D-04
     42    -0.239208D-04 -0.144431D-04  0.504080D-04  0.165928D-03 -0.356712D-04
     43     0.741175D-04 -0.265187D-04  0.876900D-05  0.108492D-02 -0.174456D-02
     44     0.637364D-04  0.376154D-04  0.109756D-03  0.194223D-02 -0.318258D-02
     45    -0.632917D-04  0.620565D-04 -0.599844D-04  0.368037D-03 -0.827461D-03
     46     0.113291D-04 -0.245224D-04  0.459510D-04  0.250426D-03 -0.773768D-03
     47     0.117686D-04  0.118459D-04 -0.515585D-05  0.114844D-02 -0.220078D-02
     48     0.144445D-06 -0.350807D-05  0.180850D-04 -0.929577D-04  0.157119D-03
     49     0.402996D-04  0.154355D-04 -0.111988D-03  0.149583D-02 -0.271299D-02
     50    -0.635932D-05  0.126994D-03  0.149403D-05  0.487588D-03 -0.118586D-02
     51     0.177380D-03 -0.273266D-03 -0.401805D-03  0.314367D-02 -0.275081D-02
     52     0.119960D-04  0.130264D-05 -0.217032D-03  0.328537D-03  0.132843D-03
     53    -0.775192D-05 -0.897425D-06 -0.426915D-04  0.591400D-03 -0.101642D-02
     54    -0.826650D-05 -0.139377D-04 -0.265615D-04  0.220220D-03 -0.586686D-03
     55    -0.137076D-04  0.134251D-05 -0.136755D-04  0.605780D-03 -0.137286D-02
     56    -0.273333D-04 -0.114700D-04  0.386225D-04  0.107450D-02 -0.178300D-02
     57    -0.215598D-04 -0.470634D-04 -0.131622D-04  0.867793D-03 -0.166158D-02
     58    -0.373730D-04  0.894891D-04 -0.326996D-04  0.194945D-02 -0.369970D-02
     59     0.437957D-04  0.339622D-05  0.227075D-04  0.798342D-03 -0.141911D-02
     60    -0.248584D-04 -0.119463D-03 -0.926658D-04  0.137518D-03 -0.326233D-03
     61     0.403056D-05 -0.274053D-04  0.972194D-04  0.164660D-03 -0.337270D-03
     62     0.355517D-04 -0.731209D-04 -0.130497D-03  0.679123D-03 -0.129979D-02
     63    -0.219627D-04  0.399839D-04 -0.101162D-03  0.176416D-02 -0.303790D-02
     64    -0.508111D-05  0.423190D-04  0.257081D-04 -0.362252D-04 -0.149485D-03
     65     0.820144D-05 -0.866876D-05 -0.917240D-05  0.497777D-04 -0.449667D-04
     66    -0.182595D-03  0.103092D-03  0.513432D-03 -0.122068D-02  0.181600D-02
     67    -0.319338D-04  0.388586D-04  0.977682D-04 -0.212631D-03  0.282254D-03
     68    -0.780342D-05  0.156207D-04 -0.260255D-06 -0.129021D-03  0.133924D-03
     69     0.464826D-05  0.116191D-06 -0.406395D-04 -0.718735D-03  0.104056D-02
     70     0.609663D-05 -0.409859D-04  0.501598D-04 -0.614196D-04  0.177566D-03
     71    -0.187361D-04  0.594840D-04  0.399560D-04 -0.925660D-04  0.125986D-03
     72    -0.280039D-04 -0.599979D-05  0.373680D-04 -0.397988D-03  0.551453D-03
     73     0.854232D-05  0.276783D-05 -0.232309D-05  0.250047D-04 -0.444350D-04
     74    -0.501738D-04 -0.113011D-03  0.461058D-04 -0.821009D-03  0.126041D-02
     75     0.367197D-04 -0.417395D-04 -0.162318D-04 -0.117306D-03 -0.447435D-04
     76    -0.518819D-04  0.986741D-04  0.207005D-03 -0.114633D-04  0.146004D-04
     77    -0.626687D-04  0.987075D-05  0.642512D-04  0.331936D-04 -0.346769D-03
     78     0.335859D-04 -0.934623D-05  0.238986D-04 -0.113317D-03  0.202732D-03
     79    -0.183041D-05 -0.173861D-05 -0.322108D-04  0.371460D-04  0.565959D-04
     80    -0.296027D-04 -0.312503D-04 -0.117874D-03 -0.167672D-03  0.213797D-03
     81     0.419836D-04  0.214693D-05  0.786292D-04 -0.396161D-03  0.416890D-03
     82     0.326434D-04 -0.526522D-04 -0.112107D-03 -0.145418D-03  0.168994D-05
     83     0.196113D-04 -0.659934D-04 -0.399749D-04 -0.622167D-03  0.669170D-03
     84     0.392443D-04 -0.267494D-04 -0.141475D-03  0.350840D-04 -0.737876D-04
     85    -0.581372D-04 -0.657151D-04 -0.174436D-03 -0.910905D-04  0.267013D-03
     86     0.267367D-04 -0.429804D-04 -0.142042D-03  0.232460D-03 -0.488902D-03
     87     0.237167D-04 -0.536327D-05 -0.636141D-04 -0.172676D-03  0.837304D-04
     88    -0.183723D-04 -0.338223D-04 -0.157655D-04 -0.622529D-03  0.106796D-02
     89     0.201103D-04 -0.794163D-05 -0.123416D-04  0.412616D-04  0.798478D-04
     90     0.374303D-06  0.690584D-05  0.872917D-05 -0.728571D-05 -0.656351D-06
     91     0.100645D-04 -0.498793D-03 -0.192946D-02  0.233386D-02 -0.316814D-02
     92    -0.131725D-02 -0.739816D-03  0.144584D-02 -0.547282D-02  0.821023D-02
     93    -0.781650D-03 -0.791917D-03 -0.181387D-02  0.170021D-03 -0.161519D-03
     94    -0.994486D-04 -0.273655D-03 -0.549508D-03  0.753770D-03 -0.739329D-03
     95    -0.105264D-03 -0.127464D-03 -0.843171D-04  0.575044D-03 -0.769351D-03
     96    -0.134287D-03 -0.498679D-04 -0.427425D-03  0.183035D-02 -0.297680D-02
     97     0.679360D-04  0.172205D-03 -0.513730D-03  0.732130D-03 -0.147825D-02
     98     0.154029D-03  0.343321D-04  0.311800D-03  0.168251D-03 -0.494209D-03
     99     0.529375D-04 -0.366344D-04  0.838570D-05  0.698968D-03 -0.139196D-02
    100    -0.105968D-04 -0.381789D-05  0.188202D-04 -0.639367D-04  0.102628D-03
    101     0.117376D-03  0.209483D-03 -0.336869D-03  0.203709D-02 -0.342479D-02
    102    -0.540428D-04  0.275187D-03  0.188199D-03  0.126444D-03 -0.191205D-03
    103     0.208836D-03 -0.914966D-03 -0.331566D-03  0.693312D-03  0.255911D-03
    104    -0.436996D-04 -0.221147D-03 -0.635573D-03 -0.103994D-03  0.756490D-03
    105    -0.879923D-04  0.579213D-06 -0.152968D-03  0.413111D-03 -0.684065D-03
    106    -0.477538D-04 -0.473982D-05  0.322183D-04 -0.213928D-03 -0.868711D-04
    107     0.205926D-04  0.983318D-04  0.392154D-03  0.277071D-03 -0.401409D-03
    108     0.206004D-03  0.405060D-03  0.709740D-03  0.731371D-03 -0.101330D-02
    109    -0.306746D-03 -0.476433D-04  0.256671D-03 -0.168161D-03  0.333185D-03
    110    -0.108040D-03  0.123402D-03 -0.332936D-03  0.169440D-02 -0.262359D-02
    111    -0.153441D-03 -0.409460D-04  0.640340D-03 -0.544709D-03  0.687719D-03
    112     0.146778D-03  0.146135D-03  0.641177D-03  0.120667D-03 -0.415621D-03
    113    -0.202464D-03  0.343006D-03  0.598698D-03 -0.910437D-03  0.131711D-02
    114    -0.102609D-03  0.120495D-03  0.299983D-03  0.167810D-03 -0.339580D-03
    115     0.111450D-03  0.179454D-03 -0.524677D-03  0.209666D-02 -0.385934D-02
    116    -0.477501D-04  0.146214D-03  0.365358D-03 -0.448033D-03  0.258524D-03
    117    -0.955707D-06 -0.282342D-04 -0.599750D-04  0.644909D-04 -0.805340D-04
    118    -0.138134D-03 -0.230544D-04  0.163631D-03 -0.110436D-02  0.126039D-02
    119     0.173114D-03  0.482094D-04 -0.128240D-03  0.113997D-02 -0.163000D-02
    120    -0.188435D-03 -0.108950D-03  0.509477D-04 -0.121364D-02  0.208028D-02
    121     0.552098D-04  0.104832D-04 -0.770892D-04  0.375265D-03 -0.483588D-03
    122     0.379870D-04  0.930875D-04  0.227709D-03 -0.953854D-04  0.101445D-03


           ESTIMATED COVARIANCE MATRIX FOR PARAMETER ESTIMATES
                 16            17            18            19            20
              ________      ________      ________      ________      ________
     16     0.104779D-01
     17    -0.174447D-01  0.636525D-01
     18    -0.780953D-04  0.247445D-03  0.957731D-03
     19    -0.759754D-04  0.228470D-03 -0.229395D-03  0.229683D-02
     20    -0.641185D-03  0.107782D-02  0.156918D-03 -0.145040D-03  0.218960D-02
     21    -0.740134D-04  0.228525D-03 -0.402744D-04 -0.157322D-03  0.208498D-03
     22     0.539790D-04  0.398051D-03 -0.174467D-03  0.104128D-03  0.736839D-04
     23    -0.385020D-03  0.733777D-03 -0.640360D-05  0.974216D-04  0.596808D-04
     24     0.270765D-04 -0.365835D-04  0.698478D-05 -0.116343D-04  0.141660D-05
     25    -0.442416D-03  0.648776D-03  0.691649D-04  0.845590D-04  0.408423D-03
     26    -0.464222D-03  0.151771D-02  0.322231D-04 -0.115059D-03 -0.166552D-03
     27     0.421789D-03 -0.109366D-02  0.313890D-03  0.819111D-03  0.275319D-03
     28    -0.377672D-04  0.884709D-04 -0.118560D-03  0.133303D-03 -0.228984D-03
     29    -0.119019D-03  0.166834D-03 -0.272972D-05  0.109716D-04  0.124525D-03
     30     0.219025D-04 -0.229453D-03 -0.184991D-03 -0.967027D-04 -0.105375D-03
     31    -0.962059D-04 -0.147240D-03 -0.121937D-03  0.211935D-03 -0.919201D-04
     32    -0.319996D-03  0.700733D-03  0.120639D-03  0.516451D-04  0.932009D-04
     33    -0.305519D-03  0.299872D-03 -0.717419D-04 -0.241410D-04  0.174149D-03
     34    -0.863600D-03  0.237533D-02 -0.187827D-03 -0.397294D-04  0.104673D-04
     35    -0.180612D-03  0.347160D-04  0.930538D-04 -0.313110D-04  0.120826D-03
     36    -0.880766D-04  0.465853D-04  0.271063D-04 -0.105961D-03  0.475240D-04
     37    -0.404849D-04  0.147174D-03 -0.205207D-04  0.197186D-03 -0.445510D-03
     38    -0.211368D-03  0.159111D-03  0.229843D-04  0.176394D-03 -0.576761D-04
     39    -0.614357D-03  0.126378D-02 -0.180918D-03  0.128429D-03  0.900153D-03
     40     0.667905D-06  0.163232D-04  0.271621D-04 -0.405653D-05  0.324000D-04
     41    -0.143787D-05 -0.526098D-04  0.134856D-04  0.107848D-04 -0.692826D-05
     42     0.611027D-04  0.628021D-04 -0.881288D-03  0.231802D-03 -0.175834D-03
     43     0.839849D-04 -0.150296D-03  0.255863D-03 -0.207651D-02  0.122129D-03
     44     0.836596D-03 -0.148048D-02 -0.199634D-03  0.151311D-03 -0.205716D-02
     45     0.813863D-04 -0.333858D-03  0.182230D-04  0.133400D-03 -0.984410D-04
     46    -0.426671D-05 -0.958643D-03  0.189036D-03 -0.172516D-03 -0.169056D-04
     47     0.530874D-03 -0.133541D-02  0.159778D-04 -0.126627D-03 -0.580792D-04
     48    -0.467800D-04  0.879998D-04 -0.551048D-05  0.166780D-04 -0.147336D-06
     49     0.723455D-03 -0.184006D-02 -0.299966D-04 -0.186568D-03 -0.514853D-03
     50     0.465312D-03 -0.206795D-02 -0.107603D-03  0.318889D-03  0.231923D-03
     51    -0.513741D-03  0.187308D-02 -0.312068D-03 -0.132603D-02 -0.743768D-03
     52    -0.432605D-03  0.541492D-03  0.116438D-03 -0.139488D-03  0.184042D-03
     53     0.219728D-03 -0.255137D-03 -0.144294D-04 -0.273137D-04 -0.130150D-03
     54     0.478010D-04 -0.704656D-04  0.156633D-03  0.626072D-04  0.102160D-03
     55     0.996933D-04  0.199825D-04  0.121483D-03 -0.312250D-03  0.169839D-03
     56     0.313556D-03 -0.836749D-03 -0.654192D-04 -0.118260D-03 -0.415468D-04
     57     0.281593D-03 -0.853717D-03  0.944792D-04 -0.117942D-04 -0.184039D-03
     58     0.101242D-02 -0.403773D-02  0.149817D-03  0.411817D-04  0.746621D-04
     59     0.344454D-03 -0.405815D-03 -0.100339D-03  0.643019D-04 -0.269665D-03
     60     0.256102D-03 -0.634934D-03 -0.510260D-04  0.222290D-03  0.248267D-04
     61    -0.592348D-05 -0.271728D-03  0.907757D-04 -0.566622D-04  0.496841D-03
     62     0.249739D-03 -0.759766D-03  0.354141D-05 -0.268272D-03  0.141634D-03
     63     0.884514D-03 -0.239156D-02  0.948554D-04 -0.318589D-04 -0.910842D-03
     64     0.105089D-03 -0.207602D-03 -0.337816D-04  0.693336D-04 -0.560968D-04
     65    -0.143760D-04  0.129611D-03 -0.129704D-04 -0.259440D-04  0.377773D-05
     66     0.129644D-02 -0.885320D-02 -0.950082D-04  0.908199D-03  0.204723D-03
     67    -0.212116D-05 -0.775722D-03  0.283690D-03  0.684206D-04  0.953776D-04
     68    -0.562337D-03  0.134375D-02 -0.679569D-04  0.555391D-03 -0.556690D-04
     69    -0.149799D-02  0.258540D-02  0.887535D-04 -0.734169D-05  0.734758D-03
     70    -0.175510D-03  0.177575D-03  0.138575D-04 -0.734381D-05 -0.384122D-05
     71     0.765989D-05 -0.207744D-03 -0.393631D-04  0.143847D-03 -0.274410D-04
     72    -0.104518D-02  0.164370D-02  0.862912D-05  0.355598D-04  0.159501D-04
     73     0.476799D-04 -0.477286D-04  0.201453D-05 -0.361497D-05  0.409843D-05
     74    -0.102063D-02 -0.493857D-03 -0.115300D-04  0.220646D-03  0.247220D-03
     75    -0.137896D-02  0.295098D-02  0.396313D-06 -0.120594D-03 -0.104362D-03
     76     0.100786D-02 -0.275585D-02  0.315691D-04  0.344736D-03 -0.444197D-04
     77     0.335174D-03 -0.139308D-02 -0.208428D-04  0.943661D-04 -0.894875D-04
     78    -0.571366D-03  0.106844D-02 -0.140150D-04 -0.249642D-04  0.303304D-04
     79    -0.258165D-03  0.568317D-03 -0.453942D-04 -0.413966D-04 -0.272821D-04
     80    -0.533636D-03  0.422050D-03 -0.610640D-04  0.590070D-04 -0.115291D-03
     81    -0.104453D-02  0.125966D-02  0.891683D-05  0.183116D-04  0.627107D-04
     82    -0.981779D-03  0.241078D-02  0.168055D-04 -0.212182D-03  0.402231D-04
     83    -0.241515D-02  0.485026D-02 -0.706308D-04 -0.134011D-03 -0.313332D-04
     84    -0.516253D-03  0.234464D-02  0.520747D-04 -0.255004D-03  0.155496D-04
     85    -0.215622D-03 -0.168008D-03 -0.207049D-04 -0.531258D-04  0.395700D-04
     86    -0.955840D-03  0.321021D-02  0.187217D-04 -0.193120D-03 -0.215568D-03
     87    -0.743498D-03  0.211895D-02  0.498272D-04 -0.474367D-04 -0.425281D-04
     88    -0.176077D-02  0.188597D-02 -0.153683D-04  0.754256D-04  0.401286D-03
     89    -0.111783D-03  0.459130D-03  0.150275D-04 -0.413115D-04 -0.290237D-05
     90    -0.129593D-04 -0.309808D-05  0.476791D-05  0.614182D-05 -0.131411D-05
     91    -0.194440D-02  0.129185D-01  0.187826D-03 -0.154050D-02 -0.432092D-03
     92     0.472821D-02 -0.582286D-01 -0.311984D-03  0.221884D-02  0.125185D-02
     93     0.478995D-03 -0.109000D-01  0.250189D-04 -0.290330D-03  0.766134D-04
     94     0.871226D-04  0.903072D-04 -0.691366D-03 -0.202513D-03 -0.226898D-03
     95     0.797755D-03 -0.527968D-02  0.202062D-03 -0.146430D-02  0.190840D-03
     96     0.241995D-02 -0.715383D-02 -0.155581D-03 -0.848783D-04 -0.173215D-02
     97    -0.312377D-03  0.505725D-02  0.300721D-04 -0.249307D-03 -0.229206D-03
     98     0.816541D-04  0.939588D-03  0.898401D-04 -0.231987D-03 -0.150292D-03
     99     0.178153D-02 -0.667665D-02 -0.800027D-05 -0.612332D-04  0.563368D-04
    100    -0.909843D-04  0.336382D-03 -0.398353D-05  0.206071D-04 -0.152803D-04
    101     0.144454D-02  0.207868D-02  0.303628D-04 -0.621184D-03 -0.646076D-03
    102     0.164065D-02 -0.409157D-02 -0.226521D-04  0.280335D-03  0.349158D-03
    103    -0.142006D-02 -0.753206D-04 -0.148687D-03 -0.753789D-03  0.525655D-04
    104    -0.799868D-03  0.204740D-02  0.684845D-04 -0.321007D-03  0.141930D-03
    105     0.966184D-03 -0.294081D-02  0.184905D-04 -0.312547D-05 -0.107064D-03
    106     0.465008D-03 -0.287691D-02  0.103644D-03  0.104720D-03  0.945564D-04
    107     0.546419D-03 -0.149742D-02  0.144154D-03 -0.733122D-04  0.196533D-03
    108     0.100558D-02  0.362700D-02 -0.767415D-04 -0.693959D-04 -0.399311D-04
    109     0.177532D-02 -0.985947D-02 -0.319769D-04  0.394775D-03  0.707538D-04
    110     0.377991D-02 -0.125721D-01  0.911420D-04  0.776633D-04  0.124633D-03
    111     0.162952D-02 -0.120462D-01 -0.170380D-03  0.685281D-03  0.312501D-04
    112     0.421421D-03  0.113205D-03  0.297480D-04  0.160383D-03  0.243486D-04
    113     0.172220D-02 -0.113061D-01 -0.452522D-04  0.574768D-03  0.641715D-03
    114     0.148440D-02 -0.785373D-02 -0.124979D-03  0.774792D-05  0.215607D-03
    115     0.192852D-02  0.127869D-02  0.144487D-03 -0.509066D-03 -0.988563D-03
    116     0.457985D-03 -0.280166D-02 -0.700270D-04  0.240218D-03  0.559037D-04
    117    -0.372060D-05  0.249861D-03 -0.103664D-04 -0.486587D-04 -0.293561D-06
    118     0.623755D-03 -0.556144D-02 -0.392413D-04  0.582912D-03  0.191815D-03
    119    -0.628084D-03  0.672121D-02  0.173921D-04 -0.624765D-03 -0.268120D-03
    120     0.509571D-03 -0.747734D-02 -0.139178D-04  0.458816D-03  0.388538D-03
    121    -0.302525D-03  0.270188D-02  0.295436D-04 -0.207620D-03 -0.491933D-04
    122    -0.178546D-04  0.988003D-03 -0.679038D-05  0.704310D-04  0.117244D-04


           ESTIMATED COVARIANCE MATRIX FOR PARAMETER ESTIMATES
                 21            22            23            24            25
              ________      ________      ________      ________      ________
     21     0.201575D-02
     22     0.899291D-03  0.274761D-02
     23    -0.712943D-04 -0.560522D-04  0.476219D-03
     24     0.148152D-05 -0.450859D-05 -0.696402D-04  0.272754D-04
     25    -0.118379D-03 -0.817243D-04  0.250328D-03  0.455576D-05  0.301247D-02
     26     0.351191D-03  0.228717D-06  0.180428D-03  0.653887D-05  0.525652D-03
     27    -0.550844D-03 -0.711127D-03  0.931806D-04  0.901765D-05  0.609436D-03
     28     0.131687D-03  0.201477D-03 -0.131263D-03 -0.487819D-04 -0.353573D-03
     29    -0.481734D-04 -0.118552D-03  0.202720D-04 -0.756291D-05  0.911482D-04
     30     0.281242D-04  0.744962D-04  0.381661D-04 -0.195556D-05 -0.567246D-04
     31    -0.270740D-03 -0.434246D-03  0.861526D-04 -0.205240D-04 -0.146696D-03
     32     0.695095D-04  0.735822D-04  0.221439D-04 -0.367146D-05 -0.571605D-05
     33     0.476462D-04  0.173158D-03  0.162281D-04 -0.795287D-05  0.139577D-03
     34     0.799973D-06 -0.629283D-04  0.916418D-04 -0.108868D-04 -0.102457D-03
     35    -0.136407D-03  0.170806D-03 -0.242336D-05 -0.507779D-05  0.151688D-03
     36     0.261488D-06 -0.146216D-03 -0.338585D-04 -0.147694D-04 -0.301365D-04
     37     0.143963D-03 -0.690672D-04  0.119530D-03  0.473059D-05 -0.444867D-04
     38    -0.175739D-04 -0.282929D-04  0.554449D-04  0.172298D-06 -0.227433D-04
     39     0.135389D-03 -0.293683D-03 -0.155076D-04 -0.954483D-05  0.181765D-03
     40     0.399070D-04 -0.441859D-04  0.345707D-05 -0.589442D-05 -0.308319D-04
     41    -0.534426D-05  0.986050D-06 -0.557174D-06  0.107723D-05 -0.230353D-05
     42     0.603753D-04  0.139998D-03 -0.428374D-05 -0.611164D-05 -0.418581D-04
     43     0.165905D-03 -0.150254D-03 -0.134594D-03  0.124267D-04 -0.188331D-03
     44    -0.924269D-04 -0.637831D-05 -0.510881D-04 -0.343617D-06 -0.553255D-03
     45    -0.173425D-02 -0.718237D-03  0.775010D-04 -0.194393D-05  0.112452D-03
     46    -0.695264D-03 -0.239978D-02  0.540845D-04 -0.522901D-05  0.496433D-04
     47     0.504693D-04  0.606902D-04 -0.429509D-03  0.609648D-04 -0.242734D-03
     48    -0.308423D-05 -0.477251D-05  0.612466D-04 -0.234059D-04  0.869959D-05
     49     0.190254D-03  0.493231D-04 -0.232691D-03  0.630615D-05 -0.273915D-02
     50    -0.327805D-03  0.232568D-04 -0.135098D-03  0.495204D-05 -0.331777D-03
     51     0.902108D-03  0.155919D-03 -0.227124D-03 -0.520053D-04 -0.773198D-03
     52    -0.897474D-04 -0.554477D-04  0.126314D-03  0.369324D-04  0.187394D-03
     53     0.100436D-03  0.179213D-03 -0.265509D-04  0.115686D-04 -0.803713D-04
     54    -0.713046D-04 -0.137158D-03 -0.208033D-04  0.183215D-05  0.934160D-04
     55     0.263436D-03  0.263743D-03 -0.667139D-04  0.105047D-04  0.132231D-03
     56    -0.171919D-04 -0.144065D-03 -0.246539D-04  0.348241D-05  0.192655D-04
     57    -0.148557D-03 -0.236814D-03 -0.133101D-04  0.116143D-04 -0.937814D-04
     58    -0.466064D-04 -0.253325D-04 -0.580711D-04  0.694718D-05  0.109083D-03
     59    -0.495281D-04 -0.241493D-03  0.166965D-04 -0.374328D-06 -0.255465D-03
     60    -0.106178D-03  0.968561D-04  0.466649D-04  0.125491D-04  0.849250D-04
     61    -0.238043D-03  0.752037D-04 -0.926841D-04  0.969686D-05  0.191564D-03
     62     0.649708D-04 -0.478591D-04 -0.804110D-04  0.203548D-05  0.712597D-04
     63    -0.661489D-04  0.232863D-03  0.996111D-04  0.715846D-05 -0.195456D-03
     64    -0.142073D-03  0.530948D-04  0.140566D-04  0.267841D-05  0.638216D-04
     65     0.208951D-04  0.513339D-05 -0.381068D-05 -0.227067D-06 -0.506947D-05
     66    -0.244137D-03  0.261581D-03  0.123681D-03 -0.201544D-04  0.390245D-03
     67    -0.405480D-04  0.238426D-04  0.759124D-05  0.260566D-05  0.648202D-04
     68    -0.409511D-04  0.147659D-04  0.402559D-04 -0.340602D-05 -0.425714D-04
     69     0.216389D-05 -0.295266D-04  0.184187D-04  0.328270D-05  0.184791D-03
     70     0.652962D-03  0.302854D-03 -0.123929D-04 -0.105767D-04 -0.130828D-03
     71     0.262995D-03  0.824871D-03 -0.295901D-04 -0.255506D-05  0.512003D-05
     72    -0.169862D-04 -0.481827D-04  0.143733D-03 -0.208438D-04  0.660575D-04
     73    -0.849164D-05  0.377811D-06 -0.202408D-04  0.818775D-05 -0.328601D-05
     74    -0.217508D-03  0.316540D-04  0.989732D-04 -0.852692D-05  0.998498D-03
     75     0.141798D-03  0.157513D-04  0.712661D-04 -0.189591D-05  0.982738D-04
     76    -0.266325D-03 -0.372417D-03 -0.196847D-04 -0.103912D-04  0.180079D-03
     77     0.100480D-03  0.121354D-03 -0.590230D-04 -0.230661D-04 -0.110598D-03
     78    -0.321901D-04 -0.452001D-04  0.945934D-05 -0.446069D-05  0.122313D-04
     79     0.373252D-04  0.219458D-04  0.234897D-05 -0.130434D-05 -0.462941D-04
     80    -0.109154D-03 -0.127261D-03  0.227128D-04 -0.319204D-05 -0.150320D-04
     81     0.537592D-04  0.838920D-04  0.233413D-04 -0.223035D-05 -0.111906D-04
     82     0.998085D-04  0.905696D-04 -0.324970D-04  0.703991D-05  0.328891D-04
     83     0.338390D-05 -0.959297D-04  0.504690D-05  0.309864D-05  0.348127D-04
     84     0.119033D-03  0.155618D-03 -0.645596D-04  0.682737D-05  0.463976D-04
     85     0.214938D-04 -0.547794D-04 -0.380087D-04 -0.270771D-05  0.655598D-04
     86     0.122485D-03 -0.952256D-04  0.103511D-04  0.490088D-05 -0.126426D-03
     87    -0.170884D-06  0.327571D-05  0.199688D-04  0.592331D-05 -0.242839D-04
     88     0.204448D-04 -0.116999D-03  0.264400D-04 -0.133238D-04  0.397678D-04
     89     0.628089D-04 -0.362726D-05 -0.652261D-05 -0.385544D-06 -0.222358D-04
     90    -0.827651D-05 -0.664796D-05  0.374043D-06  0.402597D-06 -0.468775D-05
     91     0.451784D-03 -0.220340D-03 -0.239493D-03  0.394090D-04 -0.539530D-03
     92    -0.162860D-03 -0.118427D-02  0.627204D-03 -0.138292D-03  0.140180D-02
     93     0.280766D-04 -0.578560D-03 -0.181537D-04 -0.890274D-05  0.119465D-03
     94     0.193558D-03  0.185997D-04 -0.586643D-04  0.377311D-05 -0.128027D-03
     95     0.323884D-04 -0.253704D-03 -0.119067D-03  0.135185D-04  0.116782D-04
     96    -0.614147D-04 -0.176304D-03 -0.226575D-04 -0.512351D-05 -0.497811D-03
     97    -0.149433D-02 -0.546198D-03  0.218089D-04  0.273277D-04  0.137236D-03
     98    -0.623037D-03 -0.198399D-02  0.950268D-04 -0.532326D-05  0.322448D-04
     99     0.841888D-04  0.754565D-04 -0.332057D-03  0.400533D-04 -0.164108D-03
    100     0.542278D-05 -0.399085D-05  0.438465D-04 -0.173103D-04  0.138914D-04
    101     0.523162D-03  0.116030D-03 -0.300941D-03  0.328000D-04 -0.238159D-02
    102    -0.245036D-03  0.137693D-03 -0.148723D-03  0.533479D-05 -0.199615D-03
    103     0.790146D-03  0.318970D-03  0.239008D-04 -0.283739D-04 -0.379822D-03
    104    -0.104034D-03 -0.678916D-04  0.190786D-03  0.286764D-04  0.332020D-03
    105     0.911665D-04  0.124104D-03 -0.194636D-04  0.107120D-04 -0.119913D-04
    106    -0.101760D-03 -0.120330D-03  0.116039D-04 -0.127089D-05  0.144663D-03
    107     0.276866D-03  0.400000D-03 -0.695063D-04  0.124147D-04  0.706262D-04
    108    -0.661858D-04  0.774815D-04  0.164714D-04  0.122719D-04 -0.470697D-04
    109    -0.267995D-03 -0.458847D-03  0.139173D-03 -0.164419D-04  0.493788D-06
    110     0.621797D-04  0.100579D-03 -0.528057D-04 -0.546838D-06 -0.526833D-04
    111    -0.240912D-03 -0.538647D-03  0.220899D-03 -0.294400D-04 -0.249196D-04
    112    -0.115831D-03  0.130618D-03  0.555407D-04  0.122280D-04 -0.976803D-04
    113    -0.385203D-03 -0.147290D-04  0.140079D-04 -0.173957D-04  0.481728D-03
    114    -0.963869D-05 -0.126635D-03 -0.580536D-04 -0.105597D-04  0.130047D-03
    115    -0.799728D-04  0.312606D-03 -0.529047D-04  0.443971D-04 -0.183556D-03
    116    -0.169453D-03  0.730157D-04  0.644694D-04 -0.448740D-05  0.907394D-04
    117     0.230678D-04  0.116613D-04 -0.428053D-05 -0.162731D-07  0.255008D-05
    118    -0.263370D-03 -0.889038D-04  0.116824D-03 -0.245648D-04  0.294080D-03
    119     0.243856D-03  0.861908D-04 -0.127657D-03  0.253890D-04 -0.350228D-03
    120     0.793011D-04 -0.131354D-03  0.156693D-03 -0.285734D-04  0.347621D-03
    121     0.457486D-04 -0.539247D-05 -0.383859D-04  0.689712D-05 -0.106022D-03
    122    -0.129765D-04  0.774278D-04  0.354852D-05 -0.228522D-06  0.710973D-05


           ESTIMATED COVARIANCE MATRIX FOR PARAMETER ESTIMATES
                 26            27            28            29            30
              ________      ________      ________      ________      ________
     26     0.473423D-02
     27    -0.159208D-03  0.294716D-01
     28     0.155535D-03  0.224088D-03  0.347462D-02
     29    -0.425065D-04  0.260086D-03 -0.340323D-04  0.310910D-03
     30    -0.120089D-03 -0.216162D-03 -0.110566D-03 -0.569543D-04  0.441541D-03
     31     0.124909D-03  0.369999D-03  0.162888D-04 -0.123782D-04  0.128945D-03
     32     0.471947D-04  0.401315D-03  0.136655D-04  0.222229D-04  0.482670D-05
     33    -0.670651D-04  0.115848D-03 -0.564996D-04  0.164974D-04 -0.571954D-05
     34     0.845872D-04 -0.437349D-03  0.631446D-03 -0.966476D-04 -0.240910D-04
     35     0.521976D-04  0.740250D-03  0.384628D-04  0.297687D-04  0.668516D-04
     36     0.114095D-03  0.105998D-03  0.847622D-04  0.109821D-04  0.646858D-04
     37     0.140178D-03 -0.219825D-03 -0.757450D-04 -0.625339D-04  0.319665D-04
     38    -0.261714D-03 -0.955118D-04 -0.831886D-04  0.218843D-04  0.529628D-04
     39     0.136458D-03 -0.839587D-03  0.115561D-03  0.511674D-04  0.487296D-03
     40     0.569624D-04 -0.201846D-03 -0.138268D-03  0.602430D-05  0.120939D-04
     41    -0.255128D-04  0.254481D-04  0.578409D-05  0.290732D-05 -0.164077D-04
     42    -0.101643D-03 -0.362591D-03  0.958650D-04  0.663074D-05  0.158969D-03
     43     0.345722D-03 -0.116797D-02 -0.120234D-03 -0.204458D-04  0.232149D-04
     44     0.321140D-03 -0.622054D-03  0.214838D-03 -0.142489D-03  0.858492D-04
     45    -0.244237D-03  0.556268D-03 -0.156307D-03  0.602241D-04 -0.459183D-04
     46     0.180853D-05  0.360458D-03 -0.888219D-04  0.170992D-03 -0.154225D-03
     47    -0.148326D-03 -0.183173D-03  0.145063D-03 -0.290549D-04 -0.250501D-04
     48     0.502837D-05 -0.905757D-05  0.408101D-04  0.137089D-04  0.151189D-05
     49    -0.269246D-03 -0.774419D-03  0.191579D-03 -0.800062D-04  0.830270D-04
     50    -0.401872D-02  0.584774D-03 -0.221203D-03  0.839338D-04  0.103492D-03
     51     0.542160D-03 -0.243581D-01 -0.942710D-03 -0.388313D-03  0.231889D-03
     52    -0.258352D-03 -0.645711D-03 -0.303566D-02  0.227841D-04  0.974170D-04
     53     0.121308D-03 -0.460137D-03  0.279857D-04 -0.296334D-03  0.447936D-04
     54     0.827032D-04  0.286817D-03  0.114877D-03  0.514249D-04 -0.317903D-03
     55    -0.102859D-03 -0.527999D-03 -0.940417D-05 -0.461585D-05 -0.117524D-03
     56    -0.761105D-04 -0.437361D-03 -0.161478D-04  0.166410D-04  0.101015D-04
     57     0.660728D-05  0.129820D-03  0.544543D-04  0.321122D-05  0.318687D-04
     58    -0.202064D-03  0.327669D-03 -0.699301D-03  0.109935D-03  0.503694D-04
     59     0.478159D-04 -0.739455D-03 -0.741783D-05 -0.415839D-04 -0.350713D-04
     60    -0.200524D-03  0.262938D-03 -0.118161D-03  0.128384D-04 -0.527042D-04
     61    -0.144967D-03  0.612416D-03  0.200491D-04  0.852852D-04 -0.706554D-04
     62     0.314172D-03  0.963540D-06  0.138676D-03 -0.332907D-05 -0.385321D-04
     63    -0.146109D-04  0.670949D-03 -0.289295D-03 -0.901232D-04 -0.269117D-03
     64    -0.460587D-04  0.426018D-03  0.199543D-03  0.197439D-05  0.116759D-05
     65     0.478976D-04 -0.740310D-04 -0.635497D-05 -0.563424D-05  0.115935D-04
     66    -0.106112D-02  0.201088D-02  0.610724D-04  0.165203D-03  0.179011D-03
     67    -0.175762D-03  0.305471D-03  0.685877D-05  0.166987D-05 -0.124430D-04
     68     0.650522D-04  0.872016D-04 -0.141967D-04 -0.150751D-04 -0.189935D-04
     69    -0.672721D-04 -0.139919D-03 -0.904904D-04  0.353979D-04 -0.225263D-04
     70     0.666396D-04 -0.267864D-03  0.124212D-03 -0.354138D-04  0.373434D-04
     71    -0.650516D-04 -0.216801D-03  0.113083D-03 -0.293718D-04  0.561476D-04
     72     0.964825D-04 -0.243665D-04 -0.385645D-04  0.125292D-04  0.320636D-05
     73    -0.306355D-05 -0.101256D-04 -0.271702D-04 -0.472485D-05 -0.562884D-06
     74    -0.131559D-03  0.652438D-03 -0.100080D-03  0.661287D-04  0.777139D-05
     75     0.164964D-02 -0.375628D-03  0.984461D-04 -0.720353D-04 -0.896076D-04
     76    -0.283612D-03  0.204614D-01 -0.573237D-04  0.829427D-04 -0.283766D-04
     77    -0.439503D-04  0.166840D-03  0.963020D-03  0.194569D-04 -0.216961D-04
     78    -0.234201D-04  0.678382D-04  0.557328D-05  0.872975D-04 -0.252121D-04
     79    -0.239841D-04 -0.151920D-03 -0.164971D-04 -0.227929D-04  0.734852D-04
     80     0.662210D-04  0.180177D-03  0.302054D-04 -0.326904D-05  0.336211D-04
     81    -0.168055D-03  0.264537D-03  0.400620D-04 -0.252609D-04  0.443763D-07
     82     0.788286D-04 -0.215466D-03 -0.156192D-04 -0.349605D-04 -0.436756D-04
     83     0.216894D-03 -0.374895D-03  0.155809D-03 -0.362739D-04 -0.441298D-04
     84     0.210533D-03 -0.460309D-03  0.325350D-04 -0.230316D-04 -0.497720D-04
     85     0.142657D-04 -0.105740D-03  0.948548D-04  0.869323D-05  0.510532D-05
     86     0.250428D-03 -0.656190D-03 -0.464646D-04 -0.906177D-04 -0.435775D-04
     87     0.540544D-04 -0.245126D-03 -0.134456D-03 -0.343277D-04 -0.158315D-04
     88     0.317824D-04 -0.125564D-03  0.588563D-04  0.205667D-04  0.767632D-04
     89    -0.709465D-05 -0.161209D-03 -0.464649D-04 -0.553652D-05 -0.287145D-05
     90    -0.131472D-04  0.131052D-04  0.521428D-05 -0.187079D-06 -0.619720D-05
     91     0.188729D-02 -0.396232D-02  0.147927D-03 -0.319353D-03 -0.357117D-03
     92    -0.315763D-02  0.583387D-02 -0.313750D-03  0.784545D-03  0.816750D-03
     93    -0.991411D-04 -0.122352D-03  0.576290D-05  0.459065D-04 -0.130805D-05
     94     0.346293D-03 -0.902105D-03  0.511691D-04 -0.231954D-04  0.156539D-04
     95    -0.524714D-04 -0.335243D-03 -0.712035D-04  0.517188D-04  0.192821D-04
     96     0.423052D-03 -0.315355D-03  0.136977D-03 -0.133726D-03  0.273095D-04
     97     0.292601D-03 -0.664771D-04 -0.162596D-03 -0.209388D-04 -0.149784D-03
     98     0.243033D-03  0.454243D-03 -0.412726D-04  0.104270D-03 -0.109537D-03
     99    -0.293477D-03  0.201931D-03  0.167312D-03  0.435655D-05  0.161162D-04
    100     0.804689D-05 -0.647202D-05  0.341538D-04  0.104898D-04  0.163071D-05
    101     0.455469D-03 -0.192940D-02  0.340357D-03 -0.160475D-03 -0.324778D-04
    102    -0.409216D-02  0.836194D-03 -0.129623D-03  0.132713D-03  0.128083D-03
    103     0.351278D-03 -0.395769D-01 -0.205068D-03 -0.173890D-03  0.201718D-03
    104     0.648808D-04 -0.963417D-03 -0.255553D-02 -0.353809D-04  0.147570D-03
    105     0.822642D-04 -0.394312D-03 -0.206155D-04 -0.246802D-03  0.531033D-04
    106    -0.738899D-04  0.567217D-03  0.800568D-04  0.814408D-04 -0.160049D-03
    107    -0.380423D-03 -0.308627D-03 -0.122736D-04  0.169884D-04 -0.608661D-04
    108     0.508325D-03 -0.887602D-03 -0.157398D-03 -0.355981D-04  0.236305D-04
    109    -0.169564D-03  0.725696D-03 -0.580725D-04  0.107200D-03  0.205116D-03
    110    -0.362728D-03  0.397551D-03 -0.514325D-03  0.815323D-04  0.603334D-04
    111    -0.720235D-03  0.131732D-02 -0.150226D-03  0.125023D-03  0.188955D-03
    112    -0.223987D-03  0.370660D-03 -0.937091D-04  0.221782D-04 -0.460488D-04
    113    -0.954562D-03  0.224417D-02  0.650534D-04  0.247894D-03  0.136545D-03
    114    -0.129269D-03  0.720407D-03  0.107850D-03  0.123129D-03  0.831210D-04
    115     0.435896D-03 -0.469695D-03 -0.158752D-03 -0.151369D-03 -0.303740D-03
    116    -0.173016D-03  0.867202D-03  0.853522D-04  0.520921D-04  0.620655D-04
    117     0.709594D-04 -0.989046D-04  0.194171D-05 -0.846841D-05  0.733814D-05
    118    -0.705373D-03  0.158158D-02 -0.100025D-03  0.149447D-03  0.150229D-03
    119     0.749508D-03 -0.173132D-02  0.629334D-04 -0.157570D-03 -0.150483D-03
    120    -0.554244D-03  0.104867D-02 -0.919583D-04  0.147360D-03  0.170343D-03
    121     0.220128D-03 -0.476254D-03  0.209715D-04 -0.432719D-04 -0.489178D-04
    122    -0.236471D-04  0.882037D-04 -0.165483D-04  0.278427D-05  0.102392D-04


           ESTIMATED COVARIANCE MATRIX FOR PARAMETER ESTIMATES
                 31            32            33            34            35
              ________      ________      ________      ________      ________
     31     0.202285D-02
     32    -0.239948D-04  0.211149D-02
     33    -0.615864D-04  0.119326D-02  0.194902D-02
     34     0.307558D-03 -0.814098D-04 -0.144096D-03  0.266898D-02
     35     0.124629D-03  0.112957D-03  0.137014D-03 -0.648272D-04  0.206890D-02
     36     0.492739D-05  0.436362D-04  0.869331D-04 -0.359634D-04  0.643375D-03
     37    -0.697474D-04  0.310555D-04 -0.115907D-03  0.865382D-05 -0.493193D-03
     38    -0.156378D-03 -0.148517D-04  0.233687D-04  0.959473D-04 -0.596065D-04
     39    -0.392287D-03 -0.122180D-03 -0.528238D-04  0.136255D-03 -0.909067D-04
     40     0.997241D-06 -0.846446D-04  0.149250D-04  0.155110D-04  0.149690D-04
     41    -0.616957D-04  0.895720D-05  0.160413D-05 -0.411528D-04  0.466116D-05
     42     0.955589D-04 -0.659980D-04  0.945142D-04  0.155733D-03 -0.144714D-03
     43    -0.331380D-03 -0.104400D-03 -0.734282D-04  0.494916D-04  0.513270D-05
     44     0.141123D-03 -0.663940D-04 -0.150723D-03  0.631986D-04 -0.273642D-03
     45     0.253330D-03 -0.723839D-04 -0.433457D-04 -0.723780D-04  0.262842D-04
     46     0.242908D-03 -0.120426D-03 -0.238646D-03 -0.162045D-04 -0.244923D-03
     47    -0.743889D-04 -0.980704D-05 -0.182006D-04 -0.581120D-04  0.242917D-04
     48     0.111303D-04  0.543504D-06  0.126705D-04  0.629154D-05  0.485987D-06
     49     0.115934D-03  0.652936D-04 -0.951506D-04  0.103036D-03 -0.312153D-03
     50    -0.544281D-04 -0.105030D-04  0.135197D-03 -0.160776D-03  0.122228D-03
     51    -0.701184D-03 -0.484876D-03 -0.231542D-03  0.299963D-03 -0.135524D-02
     52     0.217346D-04 -0.463044D-04  0.218232D-04 -0.740003D-03 -0.335422D-04
     53    -0.107586D-04  0.155391D-04 -0.139361D-05  0.113871D-03 -0.556400D-04
     54    -0.125223D-03  0.267728D-05  0.108974D-04  0.408053D-04 -0.150302D-04
     55    -0.180241D-02  0.409380D-04  0.702980D-04 -0.191934D-03 -0.219137D-04
     56    -0.249636D-04 -0.183865D-02 -0.101625D-02  0.148990D-04 -0.164531D-03
     57     0.107291D-03 -0.103150D-02 -0.173411D-02  0.109186D-03 -0.532278D-04
     58    -0.168623D-03  0.230555D-04  0.142855D-03 -0.260222D-02  0.130627D-03
     59    -0.958060D-05 -0.118984D-03 -0.135015D-03  0.135546D-03 -0.190017D-02
     60     0.128964D-03  0.479607D-04  0.565417D-04 -0.230255D-04 -0.555110D-03
     61     0.775426D-04 -0.335743D-04  0.123328D-03 -0.128894D-03  0.516472D-03
     62     0.895145D-04  0.260927D-04 -0.117147D-04 -0.786778D-04  0.237944D-04
     63     0.512223D-03  0.119327D-03  0.134453D-03 -0.131263D-03  0.458899D-04
     64     0.403052D-04  0.103329D-03 -0.269978D-04 -0.201594D-04  0.353008D-04
     65     0.405991D-04 -0.157703D-05  0.654795D-05  0.495836D-04 -0.181613D-04
     66     0.594368D-03 -0.120854D-03  0.587688D-04 -0.570471D-03  0.501925D-03
     67     0.133512D-04 -0.114328D-04  0.147424D-04 -0.151732D-03  0.129375D-03
     68     0.347226D-04 -0.339661D-04 -0.687671D-04  0.167114D-04 -0.670815D-04
     69    -0.106995D-03  0.663818D-04  0.603538D-04 -0.131100D-04  0.654115D-04
     70    -0.924123D-04  0.467954D-04  0.600525D-04 -0.578651D-04  0.605197D-04
     71    -0.720482D-04  0.456816D-04  0.110179D-03 -0.111467D-03  0.254010D-03
     72     0.192416D-04  0.797057D-05 -0.146442D-04  0.223059D-04 -0.296224D-04
     73    -0.395830D-05 -0.159311D-05  0.199984D-05  0.189395D-05  0.128544D-05
     74     0.140953D-03 -0.862146D-04  0.100259D-03 -0.662707D-04  0.271262D-03
     75    -0.195153D-04 -0.118818D-03 -0.696831D-04  0.161992D-03 -0.881513D-04
     76     0.227890D-03  0.154755D-03  0.112830D-03 -0.228512D-03  0.108493D-03
     77     0.745442D-04 -0.561784D-05 -0.284759D-04  0.107306D-03  0.819088D-04
     78    -0.153309D-04 -0.291664D-04  0.778846D-05 -0.161659D-05 -0.119181D-05
     79     0.723851D-05  0.375807D-05 -0.274988D-04 -0.473218D-06 -0.292380D-04
     80     0.607330D-03  0.445861D-04 -0.299639D-04  0.144872D-03 -0.140919D-04
     81     0.615234D-04  0.557400D-03  0.363700D-03  0.104807D-04  0.119751D-03
     82    -0.125357D-03  0.361020D-03  0.613297D-03  0.946441D-04  0.111034D-05
     83     0.637923D-04  0.649951D-04 -0.679352D-05  0.955231D-03 -0.949194D-04
     84    -0.140942D-03  0.113486D-03  0.862026D-04  0.948985D-04  0.568441D-03
     85     0.116493D-04  0.381940D-04 -0.514675D-05  0.353898D-04  0.177345D-03
     86    -0.127223D-03  0.639592D-04 -0.625759D-04  0.208780D-03 -0.292664D-03
     87    -0.129469D-03  0.291502D-04  0.339326D-04  0.133267D-03 -0.762640D-04
     88    -0.121662D-03 -0.145246D-03 -0.114637D-03 -0.730373D-04 -0.157059D-04
     89    -0.464144D-04 -0.208110D-04 -0.138501D-04  0.220649D-04 -0.189742D-04
     90    -0.194260D-04 -0.281938D-05 -0.494480D-05 -0.163393D-04  0.348315D-05
     91    -0.118828D-02  0.370528D-03 -0.938066D-04  0.101066D-02 -0.989648D-03
     92     0.207298D-02 -0.408121D-03  0.853876D-03 -0.198395D-02  0.183752D-02
     93     0.181004D-03 -0.796054D-05  0.161893D-03 -0.153606D-03  0.463797D-04
     94    -0.139327D-03  0.451831D-05  0.416672D-04  0.249496D-03 -0.335653D-03
     95    -0.608898D-04 -0.368483D-04  0.829209D-04 -0.642023D-04  0.158072D-03
     96     0.865302D-04 -0.635459D-04 -0.111171D-03  0.140667D-03 -0.306461D-03
     97     0.356512D-04 -0.797312D-04 -0.213394D-03  0.351231D-03 -0.278069D-03
     98     0.253816D-03 -0.208563D-03 -0.340918D-03  0.252590D-03 -0.500299D-03
     99    -0.261736D-04  0.350322D-04  0.894278D-04 -0.120567D-03  0.183334D-03
    100     0.152678D-04  0.370234D-05  0.190586D-05  0.262398D-05 -0.960895D-05
    101    -0.415253D-03  0.216314D-03 -0.247610D-03  0.315513D-03 -0.742213D-03
    102    -0.117287D-03  0.242713D-03  0.358651D-03 -0.337039D-03  0.226766D-03
    103    -0.354346D-03 -0.461254D-03 -0.397735D-03  0.311204D-03 -0.561299D-03
    104    -0.784639D-04 -0.328166D-04  0.138199D-03 -0.468286D-03 -0.246994D-03
    105     0.100361D-04  0.424667D-04 -0.817636D-05  0.587756D-04 -0.307974D-04
    106     0.213579D-04  0.194451D-04  0.115452D-03 -0.507084D-04  0.106818D-03
    107    -0.155870D-02 -0.131003D-05  0.969145D-04 -0.337162D-03  0.169716D-03
    108    -0.222604D-03 -0.149141D-02 -0.106790D-02  0.249321D-03 -0.375505D-03
    109     0.500909D-03 -0.103063D-02 -0.150013D-02 -0.187593D-03  0.105444D-03
    110    -0.157173D-03  0.927925D-05  0.154758D-03 -0.225774D-02  0.547019D-04
    111     0.627116D-03 -0.317396D-03 -0.132068D-03 -0.453152D-03 -0.117540D-02
    112     0.676560D-04 -0.101088D-04  0.198993D-04 -0.110597D-03 -0.411728D-03
    113     0.533244D-03 -0.274338D-03  0.162664D-03 -0.523065D-03  0.896399D-03
    114     0.428838D-03 -0.130630D-03  0.401834D-04 -0.363127D-03  0.256742D-03
    115     0.186569D-04  0.426094D-03  0.256971D-03  0.309438D-03 -0.315410D-03
    116     0.147426D-03 -0.312895D-05  0.216253D-04 -0.173366D-03  0.132077D-03
    117     0.369383D-04  0.274061D-05  0.287374D-05  0.562384D-04 -0.290095D-04
    118     0.490425D-03 -0.102293D-03  0.872958D-04 -0.400213D-03  0.501065D-03
    119    -0.505993D-03  0.144530D-03 -0.686628D-04  0.440383D-03 -0.507608D-03
    120     0.394606D-03 -0.171136D-03  0.121402D-03 -0.444865D-03  0.429778D-03
    121    -0.141243D-03  0.959250D-05 -0.397329D-04  0.116863D-03 -0.962852D-04
    122     0.166561D-04 -0.299169D-05 -0.144919D-04 -0.108052D-04  0.348497D-04


           ESTIMATED COVARIANCE MATRIX FOR PARAMETER ESTIMATES
                 36            37            38            39            40
              ________      ________      ________      ________      ________
     36     0.202815D-02
     37     0.148980D-03  0.358438D-02
     38    -0.715989D-04  0.580306D-03  0.194480D-02
     39     0.116559D-04 -0.266689D-04 -0.459959D-04  0.323412D-02
     40     0.474736D-04 -0.132827D-04 -0.776132D-04  0.513384D-04  0.316102D-03
     41    -0.658303D-05 -0.145008D-04  0.118210D-04 -0.285273D-05 -0.283479D-05
     42    -0.202704D-04  0.990248D-04 -0.193535D-04  0.160945D-03 -0.395783D-04
     43     0.150910D-03 -0.150067D-03 -0.316119D-03 -0.282968D-06  0.289394D-04
     44     0.285305D-05  0.549908D-03  0.136088D-03 -0.943564D-03 -0.426076D-04
     45    -0.204912D-04 -0.108732D-03  0.580835D-04 -0.133278D-03 -0.456046D-04
     46     0.120790D-03  0.329552D-04 -0.399342D-04  0.252199D-03  0.524578D-04
     47     0.387981D-04 -0.824295D-04 -0.807740D-04  0.925803D-04  0.184469D-04
     48     0.897366D-05  0.955306D-05  0.652814D-05  0.708952D-05  0.318712D-06
     49     0.102568D-03  0.179142D-03 -0.145571D-04 -0.157848D-03  0.565455D-04
     50    -0.128070D-03 -0.572735D-04  0.335998D-03 -0.189144D-03 -0.162058D-05
     51     0.770383D-04  0.351656D-03 -0.108692D-03  0.108653D-02  0.309387D-03
     52    -0.527853D-04 -0.268929D-04  0.479972D-04 -0.337270D-03  0.159918D-03
     53     0.157009D-04  0.885285D-04 -0.257314D-04 -0.645740D-04 -0.228450D-05
     54    -0.587260D-04 -0.439754D-04 -0.215049D-04 -0.261267D-03  0.242646D-06
     55     0.848346D-04  0.547429D-04  0.113695D-03  0.544793D-03  0.128850D-04
     56     0.159626D-04 -0.996370D-05  0.216819D-04  0.199734D-03  0.897237D-04
     57     0.207278D-04  0.168772D-03  0.949626D-04  0.686685D-04 -0.373989D-04
     58    -0.503642D-06 -0.136212D-03 -0.100926D-03 -0.133748D-03 -0.995028D-05
     59    -0.565411D-03  0.477490D-03  0.762706D-04  0.513390D-04 -0.845058D-05
     60    -0.175858D-02 -0.142674D-03  0.157023D-03 -0.112078D-03 -0.661687D-04
     61    -0.182570D-03 -0.298472D-02 -0.464850D-03  0.162498D-04 -0.219859D-04
     62     0.976228D-04 -0.570866D-03 -0.175468D-02  0.237250D-03  0.962738D-04
     63    -0.502752D-04  0.100322D-03  0.164013D-03 -0.270753D-02 -0.160547D-04
     64    -0.851497D-04 -0.150024D-04  0.138585D-03 -0.692380D-04 -0.295351D-03
     65     0.503361D-05  0.948431D-05 -0.361283D-04  0.105781D-04  0.453951D-05
     66    -0.653014D-04 -0.170027D-03  0.785951D-03 -0.443195D-03 -0.605799D-04
     67     0.506276D-06  0.222024D-04  0.173580D-03 -0.599325D-04 -0.311088D-05
     68    -0.670575D-04  0.509828D-04  0.856943D-05  0.366215D-04 -0.109268D-04
     69     0.373760D-05 -0.159792D-03  0.265016D-04  0.395753D-03  0.152269D-04
     70     0.488351D-04  0.863959D-04 -0.805444D-05  0.232732D-04  0.346639D-04
     71    -0.394885D-04 -0.883390D-05  0.114199D-03 -0.159475D-03 -0.111753D-04
     72    -0.327576D-04  0.278961D-04  0.222599D-04  0.215137D-04 -0.420150D-05
     73    -0.658168D-06  0.298153D-05  0.610133D-05 -0.881102D-05  0.579724D-06
     74     0.580361D-04 -0.954304D-04  0.275192D-03 -0.112152D-03 -0.372813D-04
     75     0.754823D-04 -0.248440D-04 -0.199393D-03  0.147682D-03 -0.232594D-04
     76    -0.400285D-04 -0.137338D-03  0.243398D-04 -0.283370D-03 -0.407249D-04
     77     0.706122D-04 -0.593690D-04 -0.649737D-04 -0.206522D-04 -0.824693D-04
     78     0.137921D-05 -0.417218D-04 -0.222883D-04  0.492288D-05  0.342233D-05
     79    -0.422816D-05  0.134091D-05 -0.273395D-04  0.849377D-04 -0.128279D-05
     80    -0.287076D-04  0.171781D-04 -0.629612D-04 -0.188707D-03 -0.329281D-04
     81     0.107527D-04 -0.219242D-04  0.300240D-04 -0.174700D-03 -0.238252D-04
     82    -0.261524D-04 -0.406072D-04 -0.108485D-03 -0.120618D-06  0.646958D-05
     83     0.591721D-04  0.422738D-04 -0.401788D-04  0.366539D-04  0.920819D-05
     84     0.214971D-03 -0.145261D-03 -0.186481D-03  0.411127D-04  0.127338D-04
     85     0.625774D-03  0.311673D-04  0.401399D-04  0.315293D-05 -0.431567D-05
     86     0.555177D-04  0.118226D-02 -0.209380D-05  0.174359D-04 -0.740533D-05
     87     0.265394D-04  0.223853D-03  0.490856D-03 -0.240027D-05 -0.518243D-04
     88     0.156116D-05 -0.152059D-03  0.406919D-05  0.884520D-03  0.256533D-04
     89     0.485859D-05 -0.968099D-05 -0.751680D-04  0.423860D-04  0.637340D-04
     90    -0.449945D-05 -0.303750D-05  0.816700D-05  0.132539D-05 -0.532953D-06
     91     0.207656D-03  0.245052D-03 -0.133417D-02  0.689511D-03  0.100392D-03
     92     0.109901D-02  0.105291D-04  0.245502D-02 -0.120211D-04 -0.541613D-04
     93     0.200178D-03 -0.891875D-04 -0.186396D-04  0.131283D-03  0.955497D-04
     94     0.402725D-04 -0.104692D-03 -0.430426D-03  0.228359D-03 -0.873681D-05
     95     0.142819D-03 -0.126809D-03 -0.950002D-04 -0.118838D-03  0.153477D-04
     96     0.295814D-04  0.416170D-03 -0.716133D-04 -0.802148D-03 -0.204962D-04
     97    -0.226840D-03 -0.230079D-03 -0.313098D-03 -0.125155D-03 -0.517533D-04
     98     0.794264D-04  0.403727D-04 -0.145586D-03  0.193875D-03  0.370779D-04
     99     0.682384D-04 -0.945502D-04 -0.500033D-04  0.572581D-04  0.133898D-04
    100    -0.974077D-06  0.292248D-05  0.322759D-05  0.132677D-04  0.405680D-06
    101    -0.104117D-03  0.336099D-03 -0.675053D-03  0.251164D-03  0.528100D-04
    102    -0.229388D-03 -0.954889D-04  0.451890D-03 -0.285062D-03  0.289645D-04
    103     0.147399D-03  0.224440D-03 -0.327430D-04  0.925106D-03  0.139028D-03
    104    -0.669676D-05  0.167386D-03  0.819499D-04 -0.689535D-04  0.175505D-03
    105     0.246126D-04  0.101825D-03  0.100950D-04 -0.226976D-04  0.737566D-06
    106    -0.959223D-05 -0.678608D-05  0.106387D-03 -0.210324D-03  0.839114D-05
    107     0.111493D-03  0.383362D-04  0.245605D-03  0.414146D-03  0.137273D-04
    108    -0.118756D-03 -0.524849D-04 -0.183868D-03  0.496453D-03 -0.844033D-06
    109     0.111462D-03 -0.230438D-05  0.405065D-03  0.186879D-03 -0.301676D-04
    110    -0.146267D-03 -0.344175D-04 -0.849716D-04 -0.717326D-04 -0.901716D-05
    111    -0.369433D-03  0.428326D-03  0.606791D-03 -0.106688D-03 -0.551888D-04
    112    -0.155289D-02 -0.923603D-04  0.170568D-03 -0.153643D-03 -0.381946D-04
    113    -0.971668D-04 -0.274030D-02  0.164155D-03 -0.622268D-04  0.730588D-05
    114     0.188667D-03 -0.537761D-03 -0.113025D-02  0.150087D-03  0.136936D-03
    115    -0.202619D-03  0.300946D-03 -0.276447D-03 -0.227137D-02 -0.401185D-05
    116    -0.284106D-04  0.598669D-04  0.364731D-03 -0.574275D-04 -0.251146D-03
    117    -0.332064D-06 -0.404803D-05 -0.566872D-04  0.123623D-04  0.329167D-05
    118     0.417358D-04 -0.100692D-03  0.483290D-03 -0.121773D-03 -0.365038D-04
    119    -0.572056D-04  0.980866D-04 -0.517876D-03  0.161178D-03  0.254835D-04
    120     0.178917D-03 -0.816971D-04  0.346128D-03  0.489217D-04 -0.246622D-05
    121    -0.166722D-04 -0.162326D-04 -0.196771D-03  0.428513D-04  0.219589D-04
    122    -0.375881D-05  0.140206D-04  0.370227D-04 -0.670292D-05 -0.117760D-04


           ESTIMATED COVARIANCE MATRIX FOR PARAMETER ESTIMATES
                 41            42            43            44            45
              ________      ________      ________      ________      ________
     41     0.228726D-04
     42    -0.139888D-04  0.168621D-02
     43    -0.169107D-04 -0.433516D-03  0.361184D-02
     44    -0.211146D-05  0.320921D-03 -0.157512D-03  0.356751D-02
     45     0.574920D-05 -0.890405D-04 -0.172987D-03  0.756625D-04  0.298951D-02
     46     0.825753D-05 -0.267716D-03  0.326480D-03 -0.135070D-04  0.124713D-02
     47    -0.301417D-05 -0.233516D-04  0.239401D-03  0.774478D-04 -0.130911D-03
     48    -0.248845D-07  0.761944D-05 -0.277010D-04  0.148594D-04 -0.799711D-06
     49    -0.516284D-05  0.173898D-04  0.440324D-03  0.784159D-03 -0.138869D-03
     50     0.378706D-04  0.107734D-03 -0.680868D-03 -0.457759D-03  0.467329D-03
     51    -0.472714D-04  0.933310D-03  0.228634D-02  0.126112D-02 -0.100537D-02
     52    -0.646961D-05 -0.200938D-03  0.258865D-03 -0.306530D-03  0.355155D-03
     53    -0.646583D-05  0.160446D-04  0.259220D-04  0.230725D-03 -0.972880D-04
     54     0.144602D-04 -0.274333D-03 -0.782091D-04 -0.160518D-03  0.105188D-03
     55     0.474003D-04 -0.203251D-03  0.438985D-03 -0.279065D-03 -0.399159D-03
     56    -0.156284D-06  0.117335D-03  0.307824D-03 -0.145744D-05  0.930453D-04
     57     0.910283D-05 -0.206646D-03  0.162752D-04  0.122025D-03  0.109916D-03
     58     0.483520D-04 -0.332341D-03 -0.121191D-03 -0.152748D-03  0.601197D-04
     59    -0.690118D-05  0.155256D-03 -0.176968D-04  0.373023D-03  0.506922D-04
     60     0.870287D-05 -0.369340D-04 -0.470874D-03 -0.316337D-04  0.335217D-04
     61     0.171380D-04 -0.282226D-03  0.818679D-04 -0.736821D-03  0.288882D-03
     62    -0.261725D-04  0.165237D-04  0.457532D-03 -0.244260D-03 -0.727411D-05
     63    -0.194212D-05 -0.235485D-03  0.198812D-03  0.154128D-02  0.143833D-03
     64     0.706846D-05  0.611425D-04 -0.136149D-03  0.874170D-04  0.148178D-03
     65    -0.220642D-04  0.261053D-04  0.482426D-04  0.112549D-06 -0.162194D-04
     66     0.686230D-04 -0.918592D-04 -0.138209D-02 -0.530779D-03  0.238989D-03
     67     0.163888D-04 -0.387147D-03 -0.124214D-03 -0.150574D-03  0.189053D-04
     68     0.838904D-07  0.134453D-03 -0.693562D-03  0.127684D-03  0.545549D-04
     69    -0.653189D-06 -0.796569D-04  0.382898D-04 -0.965922D-03  0.896163D-05
     70    -0.535666D-05  0.100891D-04  0.919598D-05 -0.754728D-05 -0.748895D-03
     71    -0.154253D-05  0.412366D-04 -0.221497D-03 -0.393713D-04 -0.311771D-03
     72     0.478083D-06 -0.246838D-05 -0.471579D-04 -0.255062D-04  0.452673D-04
     73     0.302534D-06 -0.357496D-05  0.977718D-05  0.275472D-05  0.652987D-05
     74     0.146242D-04 -0.778448D-05 -0.407325D-03 -0.435531D-03  0.140458D-03
     75    -0.216978D-04 -0.553953D-04  0.219761D-03  0.234401D-03 -0.822205D-04
     76     0.167076D-04 -0.107018D-03 -0.454231D-03 -0.975755D-04  0.256994D-03
     77     0.716672D-05 -0.236435D-04 -0.136930D-03  0.795262D-04 -0.641674D-04
     78    -0.252249D-05  0.125565D-04  0.281421D-04 -0.396645D-04  0.281104D-04
     79    -0.659134D-05  0.591654D-04  0.530282D-04  0.361758D-04 -0.423567D-04
     80    -0.215876D-04  0.674488D-04 -0.537219D-04  0.150146D-03  0.117595D-03
     81     0.364411D-05 -0.125862D-04 -0.816434D-04 -0.936982D-04 -0.448119D-04
     82    -0.119995D-04  0.223394D-04  0.259591D-03  0.399921D-05 -0.926859D-04
     83    -0.234696D-04  0.129321D-03  0.215724D-03  0.338164D-04 -0.429869D-04
     84    -0.125308D-04 -0.241231D-04  0.389952D-03 -0.344286D-04 -0.157579D-03
     85    -0.343760D-05  0.105341D-04  0.481063D-04 -0.272183D-04 -0.266850D-04
     86    -0.220357D-04  0.649907D-04  0.324295D-03  0.406927D-03 -0.881932D-04
     87    -0.603445D-06 -0.416859D-04  0.478787D-04  0.157526D-03  0.905003D-06
     88     0.106465D-04 -0.303933D-04 -0.911082D-04 -0.594643D-03 -0.295779D-05
     89    -0.150058D-05 -0.231484D-04  0.646778D-04 -0.129342D-04 -0.823710D-04
     90     0.902175D-05 -0.680319D-05 -0.120555D-04  0.196067D-05  0.827748D-05
     91    -0.125021D-03  0.239190D-03  0.233209D-02  0.931560D-03 -0.633370D-03
     92     0.240959D-03 -0.156824D-03 -0.373174D-02 -0.299147D-02 -0.451869D-03
     93     0.170052D-05  0.863249D-04  0.314160D-03 -0.326653D-03 -0.137524D-03
     94    -0.386167D-04  0.128570D-02  0.248240D-03  0.369223D-03 -0.204340D-03
     95    -0.586542D-05 -0.445041D-03  0.239138D-02 -0.371617D-03 -0.739552D-04
     96    -0.810971D-05  0.250599D-03  0.662843D-04  0.287230D-02 -0.210031D-04
     97    -0.242832D-04 -0.497167D-04  0.382597D-03  0.388176D-03  0.230861D-02
     98     0.518150D-05 -0.217800D-03  0.324392D-03  0.226285D-03  0.951666D-03
     99     0.774772D-05 -0.412123D-04  0.736877D-04 -0.659265D-04 -0.157274D-03
    100    -0.872711D-06  0.720612D-05 -0.293479D-04  0.193840D-04 -0.124514D-04
    101    -0.403716D-04  0.150154D-03  0.116287D-02  0.118535D-02 -0.397511D-03
    102     0.591110D-04  0.751982D-05 -0.561881D-03 -0.718241D-03  0.280924D-03
    103    -0.257414D-04  0.502353D-03  0.116714D-02  0.846994D-04 -0.935738D-03
    104     0.517616D-05 -0.485455D-04  0.381200D-03 -0.252849D-03  0.166921D-03
    105    -0.394662D-06  0.123428D-05 -0.161083D-04  0.133953D-03 -0.880946D-04
    106     0.206128D-04 -0.224768D-03 -0.178710D-03 -0.212880D-03  0.152982D-03
    107     0.650781D-04 -0.198548D-03  0.993732D-04 -0.310435D-03 -0.339178D-03
    108    -0.193011D-04  0.663679D-04  0.251766D-03  0.212856D-03  0.304855D-03
    109     0.395190D-04 -0.976055D-04 -0.581758D-03 -0.322444D-03  0.297255D-03
    110     0.455425D-04 -0.242341D-03 -0.149583D-03 -0.587479D-04  0.897758D-04
    111     0.521995D-04  0.369173D-04 -0.113761D-02 -0.199259D-03  0.246517D-03
    112     0.118361D-04 -0.404936D-04 -0.307952D-03  0.114499D-04  0.911813D-04
    113     0.604523D-04 -0.310444D-03 -0.978239D-03 -0.130106D-02  0.352637D-03
    114    -0.144709D-05  0.923110D-04 -0.674235D-04 -0.541763D-03  0.254245D-04
    115    -0.467709D-04 -0.138990D-03  0.785923D-03  0.175110D-02  0.127097D-03
    116     0.191009D-04  0.534752D-04 -0.419671D-03 -0.112524D-03  0.194591D-03
    117    -0.224764D-04  0.252272D-04  0.764234D-04  0.877287D-05 -0.234406D-04
    118     0.484326D-04 -0.114670D-03 -0.856873D-03 -0.515937D-03  0.212689D-03
    119    -0.555736D-04  0.139677D-03  0.953638D-03  0.617161D-03 -0.170180D-03
    120     0.480881D-04 -0.639154D-04 -0.730594D-03 -0.727760D-03 -0.914415D-04
    121    -0.172633D-04  0.659920D-05  0.330925D-03  0.140603D-03 -0.160680D-04
    122     0.215889D-05 -0.171445D-04 -0.796955D-04 -0.426829D-05  0.178705D-04


           ESTIMATED COVARIANCE MATRIX FOR PARAMETER ESTIMATES
                 46            47            48            49            50
              ________      ________      ________      ________      ________
     46     0.434459D-02
     47    -0.293840D-04  0.839717D-03
     48    -0.123045D-04 -0.120098D-03  0.463066D-04
     49    -0.795747D-04  0.467804D-03 -0.283167D-04  0.476290D-02
     50     0.157743D-03  0.212272D-03 -0.886148D-05  0.565116D-03  0.747643D-02
     51    -0.780486D-03  0.364184D-03  0.230016D-04  0.117506D-02 -0.103797D-02
     52     0.217920D-03 -0.350013D-03 -0.583472D-04 -0.276048D-03  0.266224D-03
     53    -0.241215D-03  0.335174D-04 -0.217095D-04  0.109326D-03 -0.132626D-03
     54     0.234233D-03  0.450809D-04  0.376158D-06 -0.130922D-03 -0.218206D-04
     55    -0.245737D-03  0.148268D-03 -0.143758D-04 -0.105585D-03  0.257151D-03
     56     0.164448D-03  0.239976D-04 -0.123600D-04 -0.390215D-04  0.259048D-06
     57     0.189569D-03  0.165047D-04 -0.139647D-04  0.488303D-04  0.324800D-04
     58     0.204489D-03  0.892292D-04 -0.161251D-04 -0.927560D-04  0.205195D-03
     59     0.357569D-03  0.165701D-04  0.682856D-06  0.588217D-03 -0.176067D-03
     60    -0.313912D-03 -0.459388D-04 -0.220735D-04 -0.210657D-04  0.269543D-03
     61    -0.121327D-03  0.142045D-03 -0.383918D-05 -0.532392D-03  0.138041D-03
     62     0.152366D-05  0.204715D-03 -0.171766D-04  0.675914D-04 -0.416504D-03
     63    -0.326713D-03 -0.197818D-03 -0.752767D-05  0.348819D-03  0.270789D-03
     64    -0.100869D-03 -0.976704D-05 -0.513047D-05 -0.114187D-03  0.352711D-04
     65    -0.102137D-04  0.552350D-05 -0.474575D-06  0.216707D-04 -0.854967D-04
     66    -0.158338D-03 -0.277292D-03  0.411496D-04 -0.580646D-03  0.141731D-02
     67     0.269520D-04 -0.325137D-04  0.155020D-05 -0.110774D-03  0.123125D-03
     68    -0.644391D-04 -0.439254D-04  0.107327D-04 -0.244571D-04 -0.330703D-04
     69    -0.294057D-04 -0.418126D-04  0.405682D-05 -0.264880D-03  0.106368D-03
     70    -0.334861D-03  0.238092D-04  0.739974D-05  0.875655D-04 -0.304484D-04
     71    -0.104085D-02  0.318290D-04  0.606042D-05 -0.598662D-04  0.179768D-03
     72     0.565653D-04 -0.195266D-03  0.277470D-04 -0.123462D-03 -0.899614D-04
     73     0.247639D-06  0.266930D-04 -0.967725D-05  0.184333D-04 -0.208234D-05
     74    -0.428003D-04 -0.196654D-03  0.285943D-04 -0.124633D-02  0.213666D-03
     75     0.455743D-04 -0.512519D-04 -0.663351D-05 -0.757650D-04 -0.183396D-02
     76     0.482499D-03 -0.510109D-04  0.337509D-04 -0.140595D-03  0.484349D-03
     77    -0.921883D-04  0.984586D-04  0.242460D-04  0.148993D-03  0.887575D-04
     78     0.461184D-04 -0.132299D-04  0.702740D-05 -0.409710D-04  0.164291D-04
     79    -0.300680D-04 -0.803111D-05 -0.301825D-06  0.475924D-04  0.209819D-04
     80     0.126655D-03 -0.590793D-04  0.447742D-05  0.415938D-04 -0.963160D-04
     81    -0.214607D-04 -0.204147D-05 -0.250396D-05 -0.280330D-04  0.137149D-03
     82    -0.838214D-04  0.547836D-04 -0.896095D-05  0.106118D-03 -0.166042D-03
     83     0.383531D-04  0.408270D-06 -0.193615D-05 -0.130670D-04 -0.176954D-03
     84    -0.172161D-03  0.978054D-04 -0.940024D-05 -0.577854D-04 -0.250265D-03
     85     0.800217D-04 -0.458242D-05  0.789228D-06 -0.103620D-04 -0.382807D-04
     86     0.105644D-03  0.471150D-04 -0.117331D-04  0.218853D-03 -0.331782D-03
     87    -0.574691D-04 -0.106047D-04 -0.654313D-05 -0.384946D-05 -0.556426D-04
     88     0.163537D-03 -0.241388D-04  0.917120D-05 -0.133843D-03 -0.572266D-05
     89    -0.156613D-04 -0.128126D-04  0.483018D-05 -0.146566D-04 -0.127954D-04
     90     0.800783D-05  0.170830D-05 -0.820730D-06 -0.724746D-06  0.189144D-04
     91     0.195353D-04  0.505713D-03 -0.908980D-04  0.112978D-02 -0.257085D-02
     92     0.146257D-02 -0.121153D-02  0.138119D-03 -0.107585D-02  0.397860D-02
     93     0.813736D-03 -0.711721D-05 -0.188899D-04  0.375415D-03  0.134049D-03
     94    -0.114435D-03  0.102821D-03 -0.199338D-04  0.352924D-03 -0.377986D-03
     95     0.405018D-03  0.114667D-03 -0.214624D-04  0.259487D-03 -0.483348D-04
     96     0.236781D-03  0.108585D-03 -0.516913D-07  0.819247D-03 -0.649021D-03
     97     0.814309D-03  0.295372D-04 -0.345328D-04 -0.936362D-04 -0.323167D-03
     98     0.315491D-02 -0.599939D-04 -0.617275D-05 -0.619780D-04 -0.177148D-03
     99    -0.363258D-04  0.569504D-03 -0.725875D-04  0.383405D-03  0.358997D-03
    100    -0.140980D-04 -0.748714D-04  0.286112D-04 -0.384603D-04 -0.103306D-04
    101    -0.131796D-03  0.612838D-03 -0.648572D-04  0.385669D-02 -0.521915D-03
    102     0.165768D-04  0.173118D-03  0.325164D-05  0.234020D-03  0.648847D-02
    103    -0.726823D-03  0.285009D-04 -0.207756D-04  0.493977D-03 -0.889482D-03
    104     0.124283D-03 -0.337982D-03 -0.416496D-04 -0.459406D-03 -0.225608D-04
    105    -0.158770D-03  0.393907D-04 -0.215748D-04  0.112583D-03 -0.882768D-04
    106     0.210355D-03 -0.768205D-05  0.583391D-05 -0.203049D-03  0.108662D-03
    107    -0.362566D-03  0.101816D-03 -0.833557D-05 -0.165167D-03  0.517353D-03
    108    -0.290091D-03 -0.310476D-04 -0.167851D-05 -0.168171D-03 -0.599822D-03
    109     0.522862D-03 -0.225375D-03  0.175769D-04 -0.291077D-03  0.328926D-03
    110     0.130668D-03  0.523243D-04 -0.629474D-05  0.323467D-04  0.319976D-03
    111     0.681707D-03 -0.343833D-03  0.428855D-04  0.140580D-03  0.857492D-03
    112    -0.313168D-03 -0.187566D-04 -0.390164D-05 -0.360888D-04  0.308917D-03
    113    -0.475972D-04 -0.129792D-03  0.314579D-04 -0.802242D-03  0.138849D-02
    114     0.205064D-03  0.458949D-04  0.956231D-05  0.317131D-04  0.157172D-03
    115    -0.363283D-03  0.135095D-03 -0.369796D-04  0.314721D-03 -0.415895D-03
    116    -0.102383D-03 -0.516451D-04 -0.195492D-05 -0.990031D-04  0.280455D-03
    117    -0.184687D-04  0.841490D-05 -0.224334D-07  0.323849D-04 -0.956703D-04
    118     0.401304D-04 -0.194027D-03  0.321641D-04 -0.470762D-03  0.942911D-03
    119    -0.908235D-04  0.249925D-03 -0.368711D-04  0.541777D-03 -0.100697D-02
    120     0.214640D-03 -0.328031D-03  0.391026D-04 -0.389598D-03  0.645815D-03
    121     0.120343D-04  0.722148D-04 -0.918284D-05  0.122862D-03 -0.315945D-03
    122    -0.119274D-03 -0.404817D-05  0.367652D-05 -0.663464D-04  0.133548D-04


           ESTIMATED COVARIANCE MATRIX FOR PARAMETER ESTIMATES
                 51            52            53            54            55
              ________      ________      ________      ________      ________
     51     0.983506D-01
     52     0.182769D-02  0.666543D-02
     53     0.552809D-03 -0.600128D-04  0.563622D-03
     54    -0.681685D-03 -0.320742D-03 -0.823397D-04  0.532100D-03
     55     0.834569D-03 -0.137368D-03  0.708760D-05  0.265927D-03  0.310614D-02
     56     0.686370D-03  0.400919D-04 -0.943069D-04  0.277868D-04 -0.183758D-04
     57    -0.339307D-03 -0.845945D-04 -0.104021D-03  0.357484D-04 -0.771327D-04
     58    -0.546152D-03  0.140359D-02 -0.175794D-03 -0.550331D-04  0.433108D-03
     59     0.142141D-02 -0.618004D-04  0.871157D-04  0.798745D-04  0.349277D-04
     60    -0.576626D-03  0.127383D-03 -0.316042D-04  0.108525D-03 -0.166930D-03
     61    -0.102385D-02 -0.129186D-03 -0.161332D-03  0.128664D-03 -0.142571D-03
     62    -0.609781D-04 -0.307062D-03  0.471580D-04  0.568561D-04 -0.177582D-03
     63    -0.133504D-02  0.557037D-03  0.163092D-03  0.402551D-03 -0.814033D-03
     64    -0.891255D-03 -0.422966D-03  0.183421D-07  0.227362D-04 -0.656399D-04
     65     0.111553D-03  0.141705D-04  0.103743D-04 -0.267394D-04 -0.777615D-04
     66    -0.380591D-02  0.292770D-03 -0.356204D-03 -0.218589D-03 -0.778122D-03
     67    -0.684066D-03  0.279456D-04 -0.457390D-04  0.400300D-04 -0.280466D-04
     68    -0.676693D-04 -0.216249D-04  0.282942D-04 -0.126925D-04 -0.334668D-04
     69    -0.831381D-05  0.125682D-03 -0.550541D-04  0.270446D-04  0.148808D-03
     70     0.247259D-03 -0.179300D-05  0.316629D-04 -0.492106D-04  0.926139D-04
     71    -0.730606D-04 -0.120883D-03  0.304526D-04 -0.640328D-04  0.669447D-04
     72    -0.179252D-04  0.847296D-04 -0.154604D-04 -0.135499D-04 -0.477862D-04
     73     0.183590D-04  0.250661D-04  0.649257D-05  0.136108D-05  0.445128D-05
     74    -0.107890D-02  0.305285D-03 -0.151473D-03 -0.189364D-04 -0.158369D-03
     75     0.708956D-03 -0.769518D-04  0.123184D-03  0.961556D-04  0.125456D-04
     76    -0.107330D-01  0.298339D-03 -0.197368D-03 -0.162982D-05 -0.306112D-03
     77    -0.457331D-03 -0.133081D-02  0.559987D-06  0.444223D-04 -0.283220D-06
     78     0.339045D-04  0.354571D-04 -0.123845D-03  0.232181D-04  0.573612D-05
     79     0.176911D-03  0.661813D-04  0.231352D-04 -0.100295D-03 -0.303031D-04
     80    -0.188936D-03  0.788017D-04 -0.819212D-05 -0.560065D-04 -0.745322D-03
     81    -0.110917D-03  0.338196D-04  0.443196D-05  0.694341D-05 -0.607348D-04
     82     0.600734D-03  0.212549D-04  0.589152D-04  0.524494D-04  0.205611D-03
     83     0.625587D-03 -0.256340D-03  0.789974D-04  0.467036D-04 -0.212680D-05
     84     0.649791D-03 -0.130912D-03  0.575702D-04  0.600686D-04  0.248757D-03
     85    -0.140633D-04 -0.113883D-04 -0.162550D-04 -0.212550D-04  0.118634D-04
     86     0.101720D-02 -0.612170D-04  0.137330D-03  0.322767D-04  0.165170D-03
     87     0.264776D-03  0.154635D-03  0.675717D-04  0.336168D-04  0.178153D-03
     88     0.111817D-03  0.127505D-03 -0.672252D-04 -0.113611D-03  0.174209D-03
     89     0.290337D-03  0.107704D-03 -0.934959D-05  0.240959D-05  0.477453D-04
     90    -0.163843D-04 -0.682975D-05 -0.975548D-06  0.679320D-05  0.213909D-04
     91     0.696294D-02 -0.523353D-03  0.673694D-03  0.419453D-03  0.160402D-02
     92    -0.989703D-02  0.619311D-03 -0.169554D-02 -0.895771D-03 -0.202446D-02
     93    -0.248536D-03  0.106911D-03 -0.109184D-03  0.131009D-04  0.171235D-04
     94     0.202298D-02 -0.206317D-03  0.150989D-03 -0.163833D-03  0.141125D-03
     95     0.559870D-03  0.163106D-03 -0.132241D-03  0.171484D-04  0.124143D-03
     96     0.109634D-02 -0.299321D-03  0.202251D-03 -0.859165D-04 -0.146509D-03
     97     0.442239D-03  0.450933D-04  0.111645D-03  0.234432D-03 -0.806160D-04
     98    -0.241448D-03  0.807472D-04 -0.133371D-03  0.172887D-03 -0.240046D-03
     99    -0.210321D-03 -0.300974D-03 -0.181586D-04  0.862927D-05  0.654055D-04
    100     0.183176D-04 -0.362875D-04 -0.167205D-04 -0.172907D-06 -0.148348D-04
    101     0.304891D-02 -0.743950D-03  0.392776D-03 -0.143389D-04  0.445091D-03
    102    -0.153910D-02  0.171849D-03 -0.242436D-03 -0.129712D-03  0.196509D-03
    103     0.754523D-01  0.464172D-03  0.213446D-03 -0.408925D-03  0.522324D-03
    104     0.187618D-02  0.497070D-02 -0.225622D-04 -0.292790D-03 -0.637033D-04
    105     0.254645D-03 -0.439800D-04  0.423987D-03 -0.718509D-04 -0.141740D-04
    106    -0.935543D-03 -0.246502D-03 -0.132161D-03  0.357294D-03  0.646554D-04
    107     0.318689D-03 -0.195836D-03 -0.270778D-04  0.148124D-03  0.229575D-02
    108     0.133838D-02  0.103615D-03  0.965722D-04 -0.121243D-04  0.129691D-03
    109    -0.180217D-02  0.121657D-03 -0.283180D-03 -0.184191D-03 -0.656289D-03
    110    -0.744678D-03  0.102282D-02 -0.153856D-03 -0.826256D-04  0.141481D-03
    111    -0.192923D-02  0.316955D-03 -0.304851D-03 -0.198379D-03 -0.811453D-03
    112    -0.323831D-03 -0.657142D-04 -0.553972D-04  0.884950D-04 -0.150793D-03
    113    -0.351405D-02  0.414834D-04 -0.446536D-03 -0.561425D-04 -0.630952D-03
    114    -0.121077D-02 -0.179434D-03 -0.181562D-03 -0.121298D-03 -0.524648D-03
    115     0.772364D-03 -0.506344D-04  0.361508D-03  0.509590D-03 -0.282723D-03
    116    -0.159823D-02 -0.327221D-03 -0.874533D-04 -0.365310D-04 -0.153762D-03
    117     0.148490D-03  0.807359D-05  0.171866D-04 -0.151225D-04 -0.445360D-04
    118    -0.266224D-02  0.164687D-03 -0.282599D-03 -0.128994D-03 -0.570195D-03
    119     0.290244D-02 -0.175752D-03  0.333208D-03  0.158805D-03  0.616995D-03
    120    -0.165933D-02  0.322325D-03 -0.316070D-03 -0.245549D-03 -0.496102D-03
    121     0.794718D-03 -0.364026D-04  0.797015D-04  0.507641D-04  0.151320D-03
    122    -0.108402D-03 -0.552293D-05 -0.107620D-04 -0.403691D-05 -0.238878D-04


           ESTIMATED COVARIANCE MATRIX FOR PARAMETER ESTIMATES
                 56            57            58            59            60
              ________      ________      ________      ________      ________
     56     0.351472D-02
     57     0.187825D-02  0.323466D-02
     58     0.166052D-04 -0.198742D-03  0.488578D-02
     59     0.124141D-03  0.213344D-03 -0.291010D-03  0.338987D-02
     60    -0.193559D-03 -0.148613D-04  0.567765D-04  0.102436D-02  0.358057D-02
     61    -0.103361D-03 -0.272644D-03  0.251592D-03 -0.853753D-03  0.222935D-03
     62     0.211151D-04 -0.460850D-04  0.166464D-03 -0.101816D-03 -0.388051D-03
     63    -0.220896D-03 -0.197537D-03  0.169488D-03 -0.142922D-03  0.906034D-04
     64    -0.257457D-03  0.135237D-03  0.531128D-04  0.964157D-04  0.194158D-03
     65     0.798688D-05 -0.219620D-04 -0.913031D-04 -0.114878D-05 -0.242765D-04
     66    -0.782236D-04  0.117098D-03  0.122397D-02 -0.422143D-03  0.337199D-03
     67    -0.449789D-05  0.638821D-04  0.292866D-03 -0.100885D-03  0.381209D-04
     68    -0.473600D-05  0.353739D-04 -0.633214D-04  0.989349D-04  0.935180D-04
     69    -0.110348D-03 -0.962533D-04 -0.911638D-05 -0.183931D-03 -0.147908D-04
     70    -0.599113D-04 -0.119513D-03  0.581378D-04 -0.140479D-03 -0.723594D-04
     71    -0.398744D-04 -0.864715D-04  0.109751D-03 -0.247230D-03  0.948552D-04
     72     0.172878D-04  0.126113D-04 -0.405591D-04  0.109878D-04 -0.863236D-05
     73    -0.260556D-05 -0.240136D-05  0.326270D-05  0.274812D-05  0.312121D-05
     74    -0.623426D-05  0.262195D-04  0.230011D-03 -0.301062D-03  0.106956D-03
     75     0.872638D-04 -0.139845D-04 -0.165684D-03  0.121892D-03 -0.129132D-03
     76     0.220250D-04  0.178710D-03  0.323970D-03 -0.981879D-04  0.817242D-04
     77    -0.306372D-05  0.650043D-04 -0.998573D-04 -0.560369D-04 -0.411753D-04
     78     0.411202D-04  0.498011D-06  0.927562D-05  0.111918D-04 -0.195744D-05
     79     0.163518D-05  0.139915D-04 -0.133554D-04 -0.283436D-05 -0.355210D-04
     80    -0.628553D-04  0.783019D-04 -0.100274D-03  0.600104D-04  0.978860D-04
     81    -0.694383D-03 -0.407763D-03  0.877403D-04 -0.112589D-03 -0.445251D-05
     82    -0.403780D-03 -0.749923D-03 -0.935094D-04  0.893539D-05  0.264424D-04
     83     0.276598D-04  0.473142D-04 -0.125065D-02  0.679531D-04 -0.105433D-03
     84    -0.869355D-04 -0.912945D-04 -0.250718D-03 -0.754988D-03 -0.292026D-03
     85    -0.535561D-04  0.427602D-04 -0.267547D-04 -0.216566D-03 -0.691081D-03
     86     0.175984D-04  0.674916D-04 -0.366267D-03  0.268034D-03 -0.156860D-03
     87    -0.662339D-04 -0.548699D-04 -0.279228D-03  0.108842D-03  0.599626D-04
     88     0.125560D-03  0.684968D-04  0.122234D-03 -0.118814D-03 -0.118110D-03
     89     0.802607D-04  0.224033D-04 -0.657477D-04 -0.195012D-04 -0.951720D-05
     90     0.522639D-05  0.977719D-05  0.237212D-04  0.422779D-06  0.588684D-05
     91     0.119492D-03 -0.471944D-04 -0.232135D-02  0.898322D-03 -0.377429D-03
     92     0.576958D-03  0.313674D-03  0.502934D-02 -0.241962D-02 -0.113788D-03
     93    -0.381189D-04  0.758888D-04  0.318369D-03 -0.277552D-04  0.781906D-04
     94     0.599927D-04 -0.195711D-03 -0.691593D-03  0.304687D-03 -0.563230D-04
     95     0.970783D-04 -0.216823D-04  0.271720D-03 -0.260346D-03 -0.287149D-03
     96     0.429132D-04  0.159917D-03 -0.161081D-03  0.539113D-03  0.566886D-04
     97     0.223856D-03  0.283810D-03 -0.664543D-03  0.457320D-03  0.129280D-03
     98     0.199283D-03  0.296584D-03 -0.169063D-03  0.538342D-03 -0.373977D-03
     99    -0.699331D-04 -0.532216D-04  0.240532D-03 -0.152282D-03  0.465747D-05
    100    -0.711677D-05 -0.151186D-05 -0.166058D-04  0.645779D-05 -0.176568D-05
    101    -0.609553D-04 -0.135185D-03 -0.888985D-03  0.909197D-03 -0.186784D-03
    102    -0.278142D-03 -0.287821D-03  0.432929D-03 -0.337478D-03  0.342902D-03
    103     0.338429D-03 -0.126150D-03 -0.117355D-04  0.309926D-03 -0.439761D-03
    104     0.174408D-03 -0.952525D-04  0.801557D-03  0.233382D-03 -0.123147D-04
    105    -0.139470D-03 -0.871227D-04 -0.994234D-04  0.827420D-05 -0.469573D-04
    106     0.290692D-05 -0.122165D-04  0.124282D-03 -0.320518D-04  0.118200D-03
    107     0.225336D-04 -0.264285D-03  0.388888D-03 -0.283340D-03 -0.219162D-03
    108     0.245299D-02  0.139728D-02 -0.607235D-03  0.292758D-03 -0.158926D-03
    109     0.144211D-02  0.250488D-02  0.326862D-03 -0.106410D-03 -0.863483D-04
    110    -0.192990D-03 -0.328359D-03  0.357945D-02 -0.540874D-04  0.358894D-03
    111     0.165226D-03  0.260377D-03  0.106925D-02  0.201138D-02  0.780912D-03
    112    -0.382577D-04 -0.125108D-03  0.274405D-03  0.686560D-03  0.256164D-02
    113     0.832976D-04 -0.578740D-04  0.127820D-02 -0.101697D-02  0.289012D-03
    114     0.143874D-03  0.796376D-04  0.932187D-03 -0.367280D-03 -0.430962D-03
    115    -0.417728D-03 -0.312883D-03 -0.727466D-03  0.578491D-03  0.272443D-03
    116    -0.134719D-03  0.777689D-04  0.404086D-03 -0.201687D-04  0.185490D-03
    117    -0.493654D-05 -0.187587D-04 -0.938046D-04  0.199474D-04 -0.197549D-04
    118     0.863094D-04  0.121224D-03  0.864804D-03 -0.458953D-03  0.152346D-03
    119    -0.115712D-03 -0.112055D-03 -0.105391D-02  0.544144D-03 -0.106736D-03
    120     0.283529D-03 -0.913973D-04  0.113785D-02 -0.682176D-03 -0.192753D-03
    121     0.274628D-04 -0.722113D-05 -0.275817D-03  0.112526D-03 -0.979313D-04
    122     0.191229D-04  0.100027D-04  0.575679D-05 -0.251779D-04 -0.129619D-04


           ESTIMATED COVARIANCE MATRIX FOR PARAMETER ESTIMATES
                 61            62            63            64            65
              ________      ________      ________      ________      ________
     61     0.520791D-02
     62     0.917058D-03  0.323942D-02
     63    -0.558022D-04 -0.387704D-03  0.464272D-02
     64    -0.557740D-04 -0.181771D-03  0.458520D-04  0.742278D-03
     65    -0.287148D-04  0.480907D-04  0.730604D-05 -0.186408D-04  0.382629D-04
     66     0.213755D-03 -0.106272D-02  0.381382D-03  0.273857D-03 -0.161252D-03
     67     0.104013D-04 -0.194400D-03  0.379931D-04  0.654772D-05 -0.315142D-04
     68     0.124806D-04 -0.347309D-04 -0.588985D-04  0.318654D-04 -0.222632D-05
     69     0.212104D-03  0.446851D-04 -0.510497D-03 -0.434436D-04  0.386378D-05
     70    -0.910123D-04 -0.836844D-05  0.373439D-04 -0.641818D-04  0.887220D-05
     71     0.985569D-04 -0.217002D-03  0.175427D-03  0.417655D-04 -0.552126D-05
     72    -0.193397D-04 -0.571133D-04  0.416135D-06 -0.978796D-05  0.150621D-05
     73    -0.596623D-05  0.110080D-05  0.844430D-05  0.217095D-05 -0.669897D-06
     74     0.207788D-03 -0.377151D-03  0.817643D-06  0.740373D-04 -0.449655D-04
     75     0.110561D-04  0.230611D-03 -0.912841D-04 -0.198695D-05  0.414443D-04
     76     0.221018D-03 -0.343437D-04  0.259665D-03  0.180988D-03 -0.334299D-04
     77     0.808048D-04  0.124295D-03 -0.141437D-05  0.178987D-03 -0.165793D-04
     78     0.385179D-04  0.511014D-04 -0.377001D-04 -0.270188D-04  0.389116D-05
     79    -0.440165D-04  0.326307D-04 -0.940523D-04 -0.119536D-04  0.121038D-04
     80    -0.113039D-04  0.852522D-04  0.249480D-03  0.474093D-04  0.217183D-04
     81     0.334913D-04 -0.881971D-04  0.143722D-03  0.853938D-04 -0.452708D-05
     82     0.626322D-04  0.135324D-03 -0.100805D-04 -0.270336D-04  0.293674D-04
     83    -0.372320D-04  0.263381D-04 -0.733972D-04 -0.508191D-04  0.414309D-04
     84     0.154699D-03  0.213905D-03 -0.132888D-03 -0.395925D-04  0.322798D-04
     85    -0.585620D-04  0.315183D-04 -0.558557D-04  0.305881D-04  0.128401D-05
     86    -0.113593D-02  0.260349D-04 -0.104822D-04 -0.141587D-05  0.467126D-04
     87    -0.231741D-03 -0.573574D-03  0.888608D-04  0.172643D-04  0.265348D-05
     88     0.860773D-04  0.446800D-04 -0.111946D-02 -0.508182D-04 -0.157808D-04
     89     0.420606D-04  0.486238D-04 -0.518722D-04 -0.215339D-03  0.868504D-05
     90     0.837648D-05 -0.134493D-04 -0.642208D-05  0.625408D-05 -0.101078D-04
     91    -0.506773D-03  0.190209D-02 -0.850725D-03 -0.469627D-03  0.289305D-03
     92    -0.658013D-04 -0.235986D-02  0.860483D-04 -0.210392D-03 -0.529408D-03
     93    -0.493884D-04  0.319614D-03 -0.291317D-03 -0.197222D-03 -0.289648D-05
     94    -0.146582D-03  0.568274D-03 -0.413594D-03 -0.147332D-04  0.902322D-04
     95     0.244119D-04  0.170484D-03  0.306946D-03 -0.737828D-04  0.144344D-04
     96    -0.673730D-03 -0.228738D-05  0.114237D-02  0.526042D-04  0.807843D-05
     97     0.279079D-03  0.360658D-03 -0.830031D-05  0.179526D-03  0.453714D-04
     98    -0.236299D-03  0.186507D-03 -0.148605D-03 -0.102720D-03 -0.466367D-05
     99     0.107667D-03  0.158051D-03 -0.823461D-04  0.879338D-05 -0.158811D-04
    100     0.886057D-05 -0.193396D-04 -0.614779D-05 -0.620119D-05  0.144600D-05
    101    -0.798372D-03  0.949542D-03 -0.106854D-03 -0.148957D-03  0.135861D-03
    102     0.289501D-03 -0.622074D-03  0.296398D-03  0.684631D-04 -0.103726D-03
    103    -0.699755D-03 -0.118968D-04 -0.106714D-02 -0.676340D-03  0.418646D-04
    104    -0.376165D-03 -0.268000D-03  0.171414D-03 -0.500354D-03  0.216061D-04
    105    -0.115632D-03 -0.234130D-04  0.111221D-03  0.154412D-04  0.166004D-05
    106     0.159711D-03 -0.102960D-03  0.354856D-03  0.253456D-04 -0.446842D-04
    107    -0.337948D-04 -0.290289D-03 -0.652492D-03 -0.448182D-04 -0.785674D-04
    108     0.637105D-04  0.760675D-04 -0.424536D-03 -0.939743D-04  0.352894D-04
    109    -0.213934D-04 -0.398615D-03 -0.248934D-03  0.113419D-03 -0.973446D-04
    110     0.129767D-03  0.290648D-03  0.203184D-03  0.681593D-04 -0.690748D-04
    111    -0.492338D-03 -0.654301D-03  0.250525D-03  0.137273D-03 -0.125859D-03
    112     0.124826D-03 -0.397042D-03  0.224140D-03  0.130862D-03 -0.259794D-04
    113     0.390613D-02 -0.360927D-04  0.155812D-03  0.144160D-04 -0.162900D-03
    114     0.729967D-03  0.196431D-02 -0.304289D-03 -0.109619D-03 -0.117973D-04
    115    -0.175938D-03  0.129680D-03  0.351235D-02  0.829760D-04  0.869042D-04
    116    -0.561169D-04 -0.330695D-03  0.892129D-04  0.703162D-03 -0.547950D-04
    117    -0.373730D-04  0.685206D-04 -0.481209D-05 -0.159226D-04  0.320434D-04
    118     0.291781D-03 -0.588914D-03  0.203434D-03  0.130567D-03 -0.108012D-03
    119    -0.262364D-03  0.621023D-03 -0.197902D-03 -0.113994D-03  0.124282D-03
    120     0.291384D-04 -0.475197D-03  0.545345D-04 -0.845474D-04 -0.988835D-04
    121    -0.400315D-04  0.215323D-03 -0.622322D-04 -0.379145D-04  0.369114D-04
    122     0.539910D-05 -0.773476D-04  0.328407D-04  0.276372D-04 -0.551724D-05


           ESTIMATED COVARIANCE MATRIX FOR PARAMETER ESTIMATES
                 66            67            68            69            70
              ________      ________      ________      ________      ________
     66     0.108816D-01
     67     0.148642D-02  0.111757D-02
     68    -0.589629D-03 -0.200490D-03  0.156017D-02
     69     0.860893D-04  0.830730D-04  0.221758D-04  0.164141D-02
     70     0.243513D-03 -0.540385D-05 -0.387847D-04  0.101660D-03  0.158936D-02
     71     0.943502D-03  0.669417D-04  0.593420D-04  0.613003D-04  0.761369D-03
     72    -0.338113D-04 -0.833883D-05  0.847537D-04  0.626262D-04 -0.113893D-03
     73    -0.422371D-05  0.121452D-04 -0.667267D-05  0.903001D-05 -0.765839D-05
     74     0.304685D-02  0.482749D-03 -0.125912D-03  0.177008D-03  0.718207D-04
     75    -0.175916D-02 -0.267832D-03  0.162045D-03 -0.129314D-03 -0.450534D-04
     76     0.151696D-02  0.246484D-03  0.182154D-03 -0.106267D-03 -0.866562D-04
     77     0.665879D-03 -0.241289D-04  0.504926D-04 -0.208218D-03  0.165745D-03
     78    -0.152943D-03 -0.361948D-04 -0.156284D-04  0.933345D-05 -0.162442D-04
     79    -0.331419D-03 -0.156887D-03 -0.573470D-04 -0.496810D-04  0.433719D-04
     80     0.177895D-03 -0.622260D-04 -0.258463D-04 -0.967524D-04 -0.226555D-03
     81     0.468916D-03  0.983684D-04 -0.691609D-04  0.101073D-03 -0.282445D-04
     82    -0.171543D-02 -0.236748D-03 -0.599605D-04 -0.198896D-05 -0.103404D-03
     83    -0.157875D-02 -0.453355D-03  0.405804D-04 -0.285193D-05 -0.118545D-03
     84    -0.233332D-02 -0.225640D-03  0.567034D-04 -0.434473D-04 -0.398281D-04
     85     0.284226D-03  0.332061D-04 -0.107263D-03  0.425414D-04 -0.833903D-04
     86    -0.292867D-02 -0.376159D-03  0.214325D-03 -0.165905D-03 -0.555574D-04
     87    -0.133309D-02 -0.920195D-04  0.874298D-04 -0.663291D-05  0.548271D-04
     88     0.918531D-03 -0.363157D-04  0.212621D-03  0.768313D-03  0.191080D-03
     89    -0.371921D-03  0.101176D-05  0.359611D-04  0.141969D-04  0.603234D-04
     90     0.328003D-04  0.167620D-04 -0.161697D-05 -0.576540D-05  0.705226D-06
     91    -0.173568D-01 -0.243339D-02  0.986725D-03 -0.244310D-03 -0.455223D-03
     92     0.357716D-01  0.483028D-02 -0.255128D-02  0.996392D-04  0.703801D-03
     93     0.837750D-03  0.193795D-04 -0.198648D-03 -0.160979D-03 -0.192264D-03
     94    -0.332516D-02 -0.192813D-02  0.429524D-03 -0.220713D-03 -0.140866D-04
     95     0.151499D-02  0.368437D-03 -0.245773D-02  0.304062D-04  0.109156D-03
     96    -0.161342D-02 -0.425863D-03  0.124605D-03 -0.267364D-02 -0.232166D-03
     97    -0.443281D-02 -0.546996D-03  0.406447D-03 -0.181879D-03 -0.251171D-02
     98    -0.959666D-03  0.157949D-04 -0.914816D-04 -0.918990D-04 -0.110309D-02
     99     0.998805D-03  0.107362D-03 -0.239027D-03 -0.115530D-03  0.201271D-03
    100    -0.103097D-04 -0.181078D-04  0.254954D-04 -0.104317D-04  0.157789D-04
    101    -0.734400D-02 -0.115522D-02  0.357625D-03 -0.353363D-03 -0.119125D-03
    102     0.283830D-02  0.448847D-03 -0.285116D-03  0.363468D-03  0.203052D-03
    103     0.636274D-03 -0.402459D-04 -0.596782D-03  0.132321D-03  0.422763D-03
    104    -0.731030D-03  0.107196D-03 -0.762372D-04  0.398314D-03 -0.699518D-04
    105    -0.226713D-03 -0.568518D-05  0.728585D-04 -0.710232D-04 -0.329921D-04
    106     0.128120D-02  0.373799D-03  0.297305D-06  0.614573D-04 -0.855371D-04
    107     0.343380D-03  0.197077D-03 -0.137764D-04  0.288410D-03  0.440178D-03
    108    -0.229443D-02 -0.364870D-03  0.286215D-03 -0.207292D-04  0.705296D-04
    109     0.513991D-02  0.689333D-03 -0.994530D-04  0.273573D-04  0.954200D-04
    110     0.149181D-02  0.519016D-03 -0.279792D-04 -0.188071D-04  0.220630D-03
    111     0.798379D-02  0.894894D-03 -0.310883D-03 -0.702989D-04  0.560619D-04
    112     0.357138D-04  0.309936D-04  0.202453D-03 -0.543830D-04  0.927335D-04
    113     0.830142D-02  0.114026D-02 -0.603263D-03  0.323808D-03  0.444974D-04
    114     0.375533D-02  0.299396D-03 -0.299328D-03  0.614247D-04 -0.319087D-04
    115    -0.603524D-02 -0.517083D-03 -0.173990D-04 -0.130104D-02 -0.377999D-03
    116     0.268402D-02  0.269277D-03 -0.143237D-03  0.113128D-05 -0.617094D-04
    117    -0.341160D-03 -0.688827D-04  0.944428D-05  0.708431D-05  0.125760D-05
    118     0.532772D-02  0.722067D-03 -0.286210D-03  0.955456D-04  0.842056D-04
    119    -0.601376D-02 -0.824826D-03  0.335996D-03 -0.101443D-03 -0.101476D-03
    120     0.588056D-02  0.791326D-03 -0.396003D-03  0.157900D-03  0.213314D-03
    121    -0.236020D-02 -0.323531D-03  0.135107D-03 -0.706619D-05 -0.479507D-04
    122     0.303334D-03  0.474690D-04 -0.315335D-05  0.123342D-04  0.223477D-04


           ESTIMATED COVARIANCE MATRIX FOR PARAMETER ESTIMATES
                 71            72            73            74            75
              ________      ________      ________      ________      ________
     71     0.225783D-02
     72    -0.121979D-03  0.400607D-03
     73    -0.910575D-05 -0.582840D-04  0.244229D-04
     74     0.257345D-03  0.183565D-03 -0.552834D-05  0.295121D-02
     75    -0.203083D-03  0.186902D-03  0.564302D-05  0.583928D-04  0.432238D-02
     76    -0.874271D-03 -0.163401D-03  0.573887D-06  0.604874D-03 -0.128217D-03
     77     0.286706D-03 -0.138768D-03 -0.496110D-04 -0.293663D-05 -0.798406D-04
     78    -0.301411D-04  0.526851D-05 -0.118041D-05 -0.274989D-04  0.523793D-04
     79     0.131719D-04  0.198198D-04 -0.336047D-05 -0.156984D-03  0.146797D-04
     80    -0.280712D-03  0.368798D-04 -0.108526D-04  0.114038D-03  0.194458D-03
     81    -0.162461D-04  0.540904D-04 -0.110410D-04  0.264248D-03  0.102322D-04
     82    -0.155711D-03  0.100844D-04 -0.318281D-05 -0.316726D-03  0.319721D-03
     83    -0.144655D-03  0.951526D-04 -0.942315D-05 -0.225854D-03  0.305018D-03
     84     0.802243D-04 -0.111639D-03  0.114124D-04 -0.584616D-03  0.452894D-03
     85    -0.197132D-03 -0.389503D-04 -0.201670D-05  0.215286D-03  0.697877D-04
     86    -0.351456D-03  0.113168D-03 -0.242111D-05 -0.775885D-03  0.424896D-03
     87    -0.150376D-03  0.483583D-04  0.421073D-05 -0.267692D-03  0.225332D-03
     88    -0.190483D-05  0.732131D-04 -0.253802D-04  0.169369D-03 -0.179092D-03
     89    -0.320947D-04  0.157286D-05 -0.805353D-05 -0.114540D-03  0.818604D-04
     90     0.580578D-05 -0.913451D-06  0.168386D-05  0.799411D-05 -0.169609D-04
     91    -0.143031D-02  0.138380D-04  0.212735D-05 -0.476772D-02  0.281660D-02
     92     0.214068D-02  0.234114D-04 -0.122332D-03  0.109337D-01 -0.603158D-02
     93    -0.234018D-03  0.826322D-05 -0.189449D-04  0.363286D-03 -0.423511D-03
     94    -0.210823D-03 -0.195509D-04 -0.147219D-04 -0.107721D-02  0.435227D-03
     95    -0.143035D-03 -0.137026D-03  0.102458D-04  0.400762D-03 -0.363789D-03
     96    -0.266248D-03 -0.114451D-03 -0.109228D-04 -0.747562D-03  0.560794D-03
     97    -0.141257D-02  0.180884D-03  0.287741D-04 -0.130916D-02  0.872119D-03
     98    -0.350026D-02  0.203702D-03  0.700115D-05 -0.256461D-03  0.451112D-03
     99     0.265261D-03 -0.631959D-03  0.877225D-04 -0.147064D-04 -0.378647D-03
    100     0.746747D-05  0.915633D-04 -0.368650D-04  0.118546D-04 -0.212621D-04
    101    -0.527483D-03 -0.321404D-03  0.237198D-04 -0.545413D-02  0.415626D-03
    102     0.466987D-03 -0.210343D-03 -0.238466D-04 -0.378538D-05 -0.617511D-02
    103     0.151368D-02  0.252160D-03 -0.158334D-04  0.291110D-03 -0.161227D-03
    104    -0.279442D-03  0.230824D-03  0.778119D-04  0.125463D-03  0.574476D-04
    105    -0.251326D-05 -0.103430D-05  0.134342D-05 -0.916347D-04 -0.946021D-05
    106    -0.241745D-05 -0.301117D-04  0.271949D-05  0.512678D-03 -0.114355D-03
    107     0.607228D-03 -0.788230D-04  0.239668D-04  0.757217D-04 -0.550754D-03
    108    -0.998444D-04 -0.330846D-04  0.335188D-04 -0.942557D-03  0.595569D-03
    109     0.238781D-03  0.238945D-04  0.250959D-05  0.125932D-02 -0.849283D-03
    110     0.851893D-04 -0.148965D-03  0.131450D-04 -0.121522D-04 -0.309703D-03
    111     0.495916D-04  0.163387D-03 -0.334650D-04  0.204526D-02 -0.147229D-02
    112     0.470540D-03  0.549714D-04  0.174081D-06 -0.273384D-03 -0.199083D-03
    113     0.660104D-03 -0.115838D-03 -0.145059D-04  0.248980D-02 -0.109568D-02
    114     0.221567D-03 -0.933205D-04 -0.140483D-04  0.890298D-03 -0.512162D-03
    115    -0.327105D-03 -0.115645D-03  0.467660D-04 -0.158932D-02  0.109059D-02
    116     0.207357D-03 -0.325207D-05  0.375550D-05  0.729326D-03 -0.395208D-03
    117    -0.274992D-04 -0.387009D-07 -0.212614D-05 -0.105057D-03  0.735791D-04
    118     0.463019D-03  0.856332D-06 -0.952267D-05  0.159002D-02 -0.910242D-03
    119    -0.458964D-03 -0.134947D-04  0.139169D-04 -0.181617D-02  0.101850D-02
    120     0.389151D-03  0.361760D-04 -0.147407D-04  0.179620D-02 -0.980919D-03
    121    -0.199243D-03  0.812787D-05  0.536521D-05 -0.707691D-03  0.370059D-03
    122     0.406059D-04  0.797820D-05  0.127400D-05  0.768435D-04  0.235875D-04


           ESTIMATED COVARIANCE MATRIX FOR PARAMETER ESTIMATES
                 76            77            78            79            80
              ________      ________      ________      ________      ________
     76     0.415013D-01
     77     0.108833D-03  0.324600D-02
     78     0.689030D-04 -0.375218D-04  0.285494D-03
     79    -0.221269D-03 -0.866647D-04 -0.336194D-04  0.239183D-03
     80    -0.564323D-04 -0.138285D-04 -0.474626D-05  0.787582D-04  0.146230D-02
     81     0.182655D-03  0.251848D-05  0.150420D-06 -0.580576D-05  0.621964D-04
     82    -0.208423D-04 -0.140520D-03  0.221840D-05  0.201356D-04 -0.963025D-05
     83    -0.443540D-03  0.318823D-03  0.622851D-05  0.386770D-04  0.288837D-03
     84    -0.428210D-03 -0.944752D-04  0.475921D-04  0.930335D-04  0.148575D-04
     85     0.694155D-04  0.993828D-04 -0.164487D-04  0.145889D-04  0.389882D-04
     86    -0.506472D-03 -0.254454D-03  0.229291D-04  0.102804D-03 -0.533946D-04
     87    -0.647354D-03 -0.305949D-03  0.262136D-04  0.502296D-04 -0.303714D-03
     88    -0.247032D-03  0.168418D-03 -0.281570D-04  0.262096D-03 -0.200408D-03
     89    -0.180445D-03 -0.149332D-03  0.165381D-04  0.211152D-04 -0.322650D-04
     90     0.746397D-05  0.450109D-05 -0.220617D-05 -0.152444D-04 -0.572250D-04
     91    -0.263196D-02 -0.100313D-02  0.138988D-03  0.541462D-03 -0.168514D-03
     92     0.440777D-02  0.299539D-02 -0.444861D-03 -0.118108D-02  0.284001D-03
     93     0.141700D-04  0.766701D-04 -0.834596D-04  0.249421D-04  0.551568D-04
     94    -0.507191D-03 -0.163989D-04  0.566108D-04  0.293602D-03  0.438282D-04
     95    -0.340311D-03 -0.317818D-04  0.570083D-04  0.833303D-04  0.427124D-04
     96     0.280961D-04  0.272978D-03 -0.362312D-04  0.119286D-03  0.266533D-03
     97    -0.183973D-03 -0.476033D-03  0.256208D-04  0.553178D-04  0.397751D-03
     98     0.155348D-02 -0.243429D-03  0.404138D-04 -0.689218D-04  0.547782D-03
     99     0.367785D-03  0.330727D-03 -0.173972D-04 -0.599662D-04 -0.835484D-04
    100     0.499916D-05  0.736539D-04  0.518479D-05  0.430963D-05  0.248744D-04
    101    -0.123652D-02 -0.147202D-03  0.266815D-04  0.359690D-03 -0.128312D-03
    102     0.440608D-03  0.180805D-03 -0.549675D-04  0.160532D-04 -0.461325D-03
    103    -0.637769D-01  0.797216D-04 -0.585896D-04  0.283512D-03  0.973165D-05
    104    -0.406721D-03 -0.525926D-02  0.113230D-04  0.171832D-03  0.479336D-04
    105    -0.200003D-03 -0.108032D-06 -0.454561D-03  0.653272D-04  0.122372D-04
    106     0.539752D-03  0.219766D-03  0.352382D-04 -0.388133D-03 -0.738654D-04
    107     0.120934D-03  0.103563D-03 -0.477841D-07 -0.124596D-03 -0.236982D-02
    108    -0.371832D-03 -0.236245D-03  0.492510D-04  0.439550D-04 -0.669151D-04
    109     0.247867D-03  0.380231D-03 -0.673666D-04 -0.908263D-04  0.170480D-03
    110     0.683859D-03 -0.638206D-03 -0.285801D-04  0.113921D-04 -0.464011D-03
    111     0.124121D-02  0.590620D-03 -0.124335D-03 -0.269227D-03  0.698623D-04
    112     0.798881D-04 -0.844762D-04  0.584780D-05 -0.458499D-04  0.135043D-04
    113     0.147560D-02  0.646741D-03 -0.158967D-04 -0.351843D-03  0.103064D-03
    114     0.126905D-02  0.632527D-03 -0.332243D-04 -0.134923D-03  0.573316D-03
    115    -0.952695D-04 -0.548432D-03  0.821017D-04 -0.236284D-03  0.504783D-03
    116     0.562846D-03  0.416087D-03 -0.682157D-04 -0.912437D-04  0.538731D-04
    117    -0.656254D-04 -0.307211D-04  0.512234D-05  0.321099D-04  0.821577D-04
    118     0.903699D-03  0.374949D-03 -0.730260D-04 -0.154630D-03  0.792839D-04
    119    -0.104304D-02 -0.392563D-03  0.815860D-04  0.169185D-03 -0.961749D-04
    120     0.669746D-03  0.356546D-03 -0.916876D-04 -0.154825D-03  0.775129D-04
    121    -0.337827D-03 -0.192067D-03  0.287001D-04  0.828306D-04 -0.251307D-04
    122     0.603154D-04  0.274483D-04  0.372454D-05 -0.186130D-04 -0.405117D-05


           ESTIMATED COVARIANCE MATRIX FOR PARAMETER ESTIMATES
                 81            82            83            84            85
              ________      ________      ________      ________      ________
     81     0.192021D-02
     82     0.810378D-03  0.167502D-02
     83     0.259362D-04  0.298552D-03  0.259450D-02
     84     0.296386D-05  0.427753D-03  0.342575D-03  0.217574D-02
     85    -0.263925D-04 -0.271016D-05  0.562059D-04  0.410722D-03  0.197233D-02
     86    -0.170130D-04  0.396236D-03  0.486994D-03  0.361051D-03  0.107340D-04
     87    -0.182407D-04  0.238226D-03  0.205461D-03  0.233762D-03 -0.684165D-04
     88    -0.902414D-04 -0.273893D-03 -0.176114D-03 -0.342841D-03 -0.693987D-04
     89    -0.149218D-03  0.471522D-04  0.490075D-04  0.114513D-03 -0.299173D-04
     90    -0.264354D-05 -0.321213D-05 -0.272885D-04 -0.204554D-04 -0.142030D-04
     91    -0.761786D-03  0.276454D-02  0.262118D-02  0.375650D-02 -0.248102D-03
     92     0.133729D-02 -0.511172D-02 -0.493498D-02 -0.768116D-02  0.232858D-02
     93     0.444602D-04 -0.684839D-04 -0.254699D-03 -0.112436D-03  0.341532D-03
     94    -0.253305D-03  0.493356D-03  0.808760D-03  0.541232D-03 -0.130310D-04
     95     0.126793D-03  0.105025D-04 -0.122078D-03 -0.766528D-04  0.297311D-03
     96    -0.257154D-03  0.221408D-03  0.178398D-03  0.240373D-03 -0.749015D-04
     97    -0.167363D-03  0.721974D-03  0.805028D-03  0.852345D-03 -0.156471D-03
     98    -0.134152D-03  0.606011D-04  0.182432D-03 -0.324026D-03  0.368458D-03
     99     0.104082D-05 -0.115561D-03 -0.280630D-03 -0.119088D-04  0.129192D-03
    100     0.197437D-04  0.147688D-04  0.156300D-04 -0.183841D-04 -0.943537D-05
    101    -0.527627D-03  0.879014D-03  0.687932D-03  0.128887D-02 -0.497573D-03
    102     0.242605D-03 -0.326226D-03 -0.463725D-03 -0.718347D-03 -0.165773D-03
    103    -0.317544D-04 -0.500744D-03  0.459706D-03 -0.116025D-03  0.140293D-03
    104    -0.476062D-04  0.210818D-03 -0.589257D-03  0.962801D-04 -0.512342D-04
    105    -0.323716D-04  0.234593D-04  0.228279D-04  0.177803D-04  0.568978D-05
    106     0.651580D-04 -0.118151D-03 -0.161388D-03 -0.271197D-03  0.332570D-04
    107     0.364262D-04  0.493110D-04 -0.547513D-03 -0.506743D-04 -0.931842D-05
    108    -0.304915D-02 -0.118852D-02  0.451635D-03  0.245907D-03 -0.202350D-03
    109    -0.127309D-02 -0.307069D-02 -0.736222D-03 -0.124240D-02  0.184383D-03
    110     0.153821D-03 -0.201142D-03 -0.411297D-02 -0.340804D-03 -0.176010D-03
    111     0.897742D-04 -0.136617D-02 -0.119126D-02 -0.428323D-02 -0.352246D-03
    112     0.834188D-04  0.318054D-04 -0.205932D-03 -0.727294D-03 -0.305956D-02
    113     0.205377D-03 -0.117217D-02 -0.127611D-02 -0.129364D-02  0.196420D-03
    114     0.272558D-04 -0.715495D-03 -0.572804D-03 -0.756294D-03  0.207191D-03
    115    -0.484586D-04  0.115235D-02  0.971575D-03  0.151965D-02 -0.181277D-03
    116     0.267766D-03 -0.381824D-03 -0.369344D-03 -0.623920D-03  0.135702D-03
    117    -0.171182D-04  0.421799D-04  0.825904D-04  0.934410D-04  0.119871D-04
    118     0.201017D-03 -0.829728D-03 -0.779947D-03 -0.108912D-02  0.180788D-03
    119    -0.242544D-03  0.905995D-03  0.871313D-03  0.123821D-02 -0.257211D-03
    120     0.244601D-03 -0.852783D-03 -0.810288D-03 -0.119955D-02  0.337157D-03
    121    -0.882348D-04  0.345906D-03  0.319735D-03  0.513218D-03 -0.104883D-03
    122     0.146420D-04 -0.402600D-04 -0.144014D-04 -0.569492D-04  0.149681D-04


           ESTIMATED COVARIANCE MATRIX FOR PARAMETER ESTIMATES
                 86            87            88            89            90
              ________      ________      ________      ________      ________
     86     0.371228D-02
     87     0.804077D-03  0.189107D-02
     88    -0.266361D-03 -0.758876D-04  0.237756D-02
     89     0.239488D-04  0.102584D-05  0.174253D-04  0.503848D-03
     90    -0.782794D-05  0.577140D-05  0.157579D-04 -0.345733D-05  0.158297D-04
     91     0.467716D-02  0.208356D-02 -0.135365D-02  0.581247D-03 -0.509154D-04
     92    -0.969165D-02 -0.468883D-02  0.341790D-02 -0.102772D-02  0.121693D-03
     93    -0.225582D-03 -0.299424D-03  0.160176D-03 -0.252660D-04  0.115663D-04
     94     0.902725D-03  0.183459D-03  0.635291D-04 -0.960085D-05 -0.262136D-04
     95    -0.555811D-03 -0.249033D-03 -0.203863D-03 -0.393175D-04 -0.197529D-05
     96     0.703630D-03  0.242993D-03 -0.140774D-02  0.917894D-05  0.509325D-05
     97     0.111870D-02  0.467748D-03 -0.671796D-03 -0.217793D-04 -0.783596D-05
     98     0.326973D-03  0.140052D-03  0.651270D-05  0.297072D-04 -0.597850D-05
     99    -0.391779D-03 -0.219214D-03 -0.846595D-05 -0.368435D-04  0.449491D-05
    100     0.151001D-05 -0.114572D-05  0.261915D-04  0.953198D-05 -0.326734D-05
    101     0.202167D-02  0.711401D-03 -0.425786D-03  0.165797D-03 -0.257697D-04
    102    -0.537070D-03 -0.199457D-03  0.205994D-03 -0.102662D-03  0.271276D-04
    103    -0.854134D-04  0.510445D-03  0.890436D-03  0.184439D-03 -0.459261D-05
    104     0.289054D-03  0.512478D-03 -0.804287D-04  0.225581D-03 -0.147374D-05
    105     0.986139D-04  0.256206D-04 -0.223092D-04 -0.295143D-04  0.785266D-06
    106    -0.393467D-03 -0.184377D-03 -0.348184D-03 -0.399620D-04  0.237960D-04
    107    -0.563267D-04  0.479311D-03  0.516114D-03  0.405917D-04  0.878749D-04
    108     0.452578D-03  0.242946D-03  0.672762D-04  0.247733D-03 -0.135723D-04
    109    -0.135442D-02 -0.797631D-03  0.748293D-03 -0.151953D-03  0.104098D-04
    110    -0.461776D-03 -0.278062D-03  0.254754D-03 -0.687347D-04  0.412505D-04
    111    -0.174692D-02 -0.958937D-03  0.918144D-03 -0.304314D-03  0.476070D-04
    112    -0.141650D-03  0.935132D-04  0.211325D-04  0.368273D-05  0.303224D-04
    113    -0.650751D-02 -0.177946D-02  0.716548D-03 -0.107369D-03  0.344796D-04
    114    -0.177469D-02 -0.310894D-02  0.415464D-03 -0.494606D-04 -0.100017D-04
    115     0.168546D-02  0.842040D-03 -0.415498D-02  0.180387D-03 -0.377730D-04
    116    -0.548286D-03 -0.233448D-03  0.232300D-03 -0.844587D-03  0.127813D-04
    117     0.950876D-04  0.188799D-04 -0.416092D-04  0.131873D-04 -0.237103D-04
    118    -0.153155D-02 -0.667299D-03  0.441942D-03 -0.164391D-03  0.210938D-04
    119     0.166959D-02  0.761943D-03 -0.547166D-03  0.189420D-03 -0.247672D-04
    120    -0.164903D-02 -0.891569D-03  0.652543D-03 -0.150476D-03  0.184817D-04
    121     0.637467D-03  0.264529D-03 -0.193424D-03  0.757964D-04 -0.877427D-05
    122    -0.580736D-04 -0.824770D-06  0.667654D-05 -0.161328D-04 -0.195952D-05


           ESTIMATED COVARIANCE MATRIX FOR PARAMETER ESTIMATES
                 91            92            93            94            95
              ________      ________      ________      ________      ________
     91     0.357395D-01
     92    -0.544782D-01  0.226082D+00
     93     0.389162D-02  0.258005D-01  0.190519D-01
     94     0.762636D-02 -0.894087D-02  0.356285D-02  0.633114D-02
     95    -0.264896D-02  0.110335D-01  0.235419D-02 -0.969577D-03  0.762078D-02
     96     0.387112D-02 -0.526870D-02  0.246600D-02  0.187721D-02 -0.486404D-03
     97     0.767849D-02 -0.266858D-01 -0.125896D-02  0.137163D-02 -0.146274D-02
     98     0.593241D-03 -0.472273D-02 -0.342405D-02 -0.766310D-03 -0.443106D-04
     99    -0.158282D-02  0.652544D-02  0.844260D-03 -0.184302D-03  0.716273D-03
    100    -0.935123D-05 -0.133968D-03 -0.139743D-03 -0.118714D-05 -0.612663D-04
    101     0.131992D-01 -0.315818D-01 -0.154768D-02  0.298956D-02 -0.121198D-02
    102    -0.612732D-02  0.773611D-02 -0.146843D-02 -0.140709D-02  0.627223D-03
    103    -0.878920D-03  0.163358D-01  0.982883D-03  0.130773D-03  0.257976D-02
    104     0.196814D-02 -0.728646D-03  0.209099D-02 -0.350684D-04  0.331672D-03
    105     0.717607D-03 -0.370639D-03  0.100760D-02  0.248458D-03 -0.118458D-03
    106    -0.205100D-02  0.697230D-02  0.912358D-03 -0.914102D-03  0.120101D-03
    107    -0.866516D-03  0.164495D-02 -0.152359D-02 -0.700988D-03 -0.126712D-03
    108     0.183525D-02 -0.217410D-01 -0.980174D-02 -0.515489D-03 -0.165433D-02
    109    -0.836203D-02  0.247401D-01  0.367162D-02 -0.117848D-02  0.699711D-03
    110    -0.269627D-02  0.520909D-02  0.374793D-02 -0.609538D-03  0.409337D-03
    111    -0.139689D-01  0.392123D-01  0.287755D-02 -0.209394D-02  0.117602D-02
    112    -0.104266D-02 -0.397160D-02 -0.220628D-02 -0.436196D-03 -0.628295D-03
    113    -0.151768D-01  0.373478D-01  0.166790D-02 -0.298111D-02  0.244614D-02
    114    -0.669696D-02  0.193019D-01  0.144938D-02 -0.695582D-03  0.118433D-02
    115     0.987170D-02 -0.350531D-01 -0.358312D-02  0.700950D-03 -0.343090D-03
    116    -0.494443D-02  0.113378D-01 -0.953939D-03 -0.887678D-03  0.367835D-03
    117     0.608946D-03 -0.155800D-02  0.502921D-04  0.203379D-03 -0.173781D-04
    118    -0.945391D-02  0.222145D-01  0.144971D-02 -0.174257D-02  0.975867D-03
    119     0.104872D-01 -0.275563D-01 -0.203972D-02  0.196919D-02 -0.120206D-02
    120    -0.969899D-02  0.331500D-01  0.295585D-02 -0.173721D-02  0.151086D-02
    121     0.351812D-02 -0.112695D-01 -0.499580D-03  0.715139D-03 -0.428649D-03
    122    -0.106788D-02 -0.137194D-02 -0.228828D-02 -0.546231D-03 -0.215660D-03


           ESTIMATED COVARIANCE MATRIX FOR PARAMETER ESTIMATES
                 96            97            98            99           100
              ________      ________      ________      ________      ________
     96     0.844487D-02
     97     0.156013D-02  0.103067D-01
     98     0.118821D-03  0.335331D-02  0.104469D-01
     99     0.124239D-03 -0.129919D-02 -0.684914D-03  0.219064D-02
    100     0.201323D-04 -0.325557D-04  0.521296D-05 -0.277545D-03  0.108414D-03
    101     0.210819D-02  0.376935D-02  0.410340D-03  0.113794D-03 -0.243667D-04
    102    -0.190704D-02 -0.154756D-02 -0.492040D-03  0.525751D-03  0.103000D-03
    103    -0.440708D-03 -0.296764D-02 -0.342294D-02  0.117579D-04  0.118415D-04
    104    -0.677268D-03  0.540986D-03  0.127012D-03 -0.100612D-02 -0.167075D-03
    105     0.459967D-03  0.191855D-03 -0.310515D-03 -0.259397D-05 -0.202852D-04
    106    -0.363643D-03 -0.489080D-03  0.530271D-04  0.303120D-03 -0.191203D-04
    107    -0.780077D-03 -0.139760D-02 -0.133612D-02  0.312310D-03 -0.699747D-04
    108    -0.454568D-03  0.189307D-02  0.212944D-02 -0.750380D-03  0.146678D-04
    109    -0.370045D-03 -0.269577D-02 -0.537744D-03  0.582534D-03 -0.662817D-04
    110     0.430693D-03 -0.878597D-03 -0.115407D-02  0.602195D-03 -0.585737D-04
    111    -0.759796D-03 -0.468101D-02  0.353230D-03  0.785498D-03  0.139066D-04
    112    -0.974714D-04  0.204552D-03 -0.797188D-03 -0.309999D-03  0.326472D-05
    113    -0.232444D-02 -0.439247D-02 -0.673253D-03  0.121059D-02  0.173517D-04
    114    -0.945202D-03 -0.215831D-02 -0.323809D-03  0.832986D-03 -0.813658D-05
    115     0.439285D-02  0.522186D-02  0.114406D-02 -0.930004D-03 -0.373792D-04
    116    -0.673316D-03 -0.123083D-02  0.260814D-04  0.322390D-03 -0.101333D-04
    117     0.486549D-04  0.197315D-03  0.410458D-04 -0.391654D-04  0.394248D-05
    118    -0.101192D-02 -0.264292D-02 -0.688363D-03  0.605883D-03 -0.240052D-05
    119     0.113989D-02  0.323772D-02  0.707154D-03 -0.723256D-03  0.382222D-05
    120    -0.134176D-02 -0.411050D-02 -0.718904D-03  0.810848D-03 -0.213163D-04
    121     0.388907D-03  0.135689D-02  0.201808D-03 -0.323502D-03 -0.317778D-05
    122    -0.402633D-03 -0.571259D-04  0.391064D-03 -0.601505D-04  0.194922D-04


           ESTIMATED COVARIANCE MATRIX FOR PARAMETER ESTIMATES
                101           102           103           104           105
              ________      ________      ________      ________      ________
    101     0.152564D-01
    102    -0.129800D-03  0.167897D-01
    103    -0.117352D-02  0.196502D-03  0.161763D+00
    104    -0.626028D-03 -0.368424D-03  0.491022D-03  0.187489D-01
    105     0.201833D-03 -0.907301D-04  0.179898D-03  0.109120D-03  0.139099D-02
    106    -0.146715D-02 -0.233536D-05 -0.938259D-03 -0.543314D-03 -0.163724D-03
    107    -0.368129D-03  0.179807D-02 -0.415829D-03 -0.373367D-03 -0.632517D-04
    108     0.260742D-02 -0.781858D-03 -0.490033D-03 -0.443827D-03 -0.313000D-03
    109    -0.382725D-02  0.293756D-03  0.250955D-02 -0.617062D-04  0.443349D-04
    110    -0.417032D-03  0.252772D-03 -0.204626D-02  0.254123D-02  0.187668D-03
    111    -0.581932D-02  0.233260D-02  0.275582D-02 -0.543690D-03 -0.988289D-05
    112     0.593504D-03  0.708905D-03  0.323936D-03 -0.237407D-03 -0.149243D-03
    113    -0.740890D-02  0.238439D-02  0.888949D-03 -0.801065D-03 -0.333222D-03
    114    -0.248074D-02  0.280828D-03 -0.137095D-02 -0.110827D-02 -0.134577D-03
    115     0.473094D-02 -0.138418D-02 -0.460670D-02  0.519636D-03  0.503933D-04
    116    -0.193333D-02  0.801825D-03  0.313338D-04 -0.134218D-02 -0.932058D-04
    117     0.300426D-03 -0.176324D-03 -0.139103D-04  0.606950D-04  0.633813D-05
    118    -0.444313D-02  0.155021D-02  0.254686D-03 -0.281957D-03 -0.650310D-04
    119     0.515278D-02 -0.169658D-02 -0.660848D-03  0.179007D-03  0.751951D-04
    120    -0.522895D-02  0.131397D-02  0.257190D-02  0.187205D-03 -0.562742D-04
    121     0.184544D-02 -0.559812D-03 -0.584882D-03  0.189992D-03  0.646107D-04
    122    -0.114994D-03  0.222150D-03 -0.117185D-03 -0.289657D-03 -0.140351D-03


           ESTIMATED COVARIANCE MATRIX FOR PARAMETER ESTIMATES
                106           107           108           109           110
              ________      ________      ________      ________      ________
    106     0.130361D-02
    107     0.289062D-03  0.729357D-02
    108    -0.807222D-03  0.404706D-03  0.144359D-01
    109     0.683110D-03 -0.586651D-03  0.158983D-02  0.102144D-01
    110     0.171970D-03  0.104677D-02 -0.264201D-02  0.900693D-03  0.124466D-01
    111     0.132320D-02  0.183304D-03 -0.270208D-02  0.540327D-02  0.136484D-02
    112     0.116887D-03 -0.176969D-04  0.768798D-03 -0.648734D-03  0.399982D-03
    113     0.151190D-02  0.954782D-04 -0.236219D-02  0.477311D-02  0.144450D-02
    114     0.651857D-03 -0.124430D-02 -0.126503D-02  0.278087D-02  0.125440D-02
    115     0.298486D-03 -0.178454D-02  0.245759D-02 -0.489277D-02 -0.143836D-02
    116     0.337299D-03  0.158984D-03 -0.520032D-03  0.141586D-02  0.131300D-04
    117    -0.113117D-03 -0.316801D-03  0.748439D-04 -0.165582D-03 -0.993227D-04
    118     0.765809D-03  0.683739D-04 -0.177482D-02  0.309327D-02  0.951834D-03
    119    -0.901335D-03 -0.102346D-03  0.232947D-02 -0.357562D-02 -0.107272D-02
    120     0.937699D-03  0.194533D-03 -0.277475D-02  0.382698D-02  0.891455D-03
    121    -0.360033D-03 -0.147099D-03  0.746628D-03 -0.125523D-02 -0.179848D-03
    122    -0.422900D-04  0.207501D-03  0.112296D-02 -0.244181D-03 -0.459278D-03


           ESTIMATED COVARIANCE MATRIX FOR PARAMETER ESTIMATES
                111           112           113           114           115
              ________      ________      ________      ________      ________
    111     0.150246D-01
    112     0.171754D-02  0.936070D-02
    113     0.600645D-02  0.713781D-04  0.198626D-01
    114     0.356049D-02 -0.593830D-03  0.592763D-02  0.949117D-02
    115    -0.696937D-02  0.590101D-03 -0.595469D-02 -0.350251D-02  0.162948D-01
    116     0.247827D-02  0.177680D-03  0.200577D-02  0.981096D-03 -0.206962D-02
    117    -0.349874D-03 -0.698554D-04 -0.341466D-03 -0.722065D-04  0.292512D-03
    118     0.450740D-02 -0.144796D-03  0.507373D-02  0.225191D-02 -0.371160D-02
    119    -0.534061D-02  0.296619D-03 -0.580074D-02 -0.268212D-02  0.451527D-02
    120     0.573844D-02 -0.548497D-03  0.594501D-02  0.319749D-02 -0.538902D-02
    121    -0.208449D-02  0.110973D-03 -0.209172D-02 -0.945098D-03  0.175088D-02
    122    -0.498934D-04  0.206327D-03  0.127196D-03 -0.222808D-04  0.120650D-03


           ESTIMATED COVARIANCE MATRIX FOR PARAMETER ESTIMATES
                116           117           118           119           120
              ________      ________      ________      ________      ________
    116     0.322380D-02
    117    -0.117667D-03  0.859387D-04
    118     0.145179D-02 -0.209210D-03  0.391013D-02
    119    -0.169638D-02  0.246916D-03 -0.429656D-02  0.506991D-02
    120     0.168507D-02 -0.246387D-03  0.421954D-02 -0.527134D-02  0.660640D-02
    121    -0.720244D-03  0.972359D-04 -0.128718D-02  0.154225D-02 -0.167616D-02
    122     0.243462D-03 -0.201798D-04  0.452593D-04 -0.108536D-04 -0.755765D-04


           ESTIMATED COVARIANCE MATRIX FOR PARAMETER ESTIMATES
                121           122
              ________      ________
    121     0.751041D-03
    122    -0.335606D-04  0.392592D-03


           ESTIMATED CORRELATION MATRIX FOR PARAMETER ESTIMATES
                  1             2             3             4             5
              ________      ________      ________      ________      ________
      1         1.000
      2         0.283         1.000
      3         0.334         0.224         1.000
      4         0.218        -0.555        -0.053         1.000
      5        -0.320         0.254        -0.012        -0.275         1.000
      6         0.031        -0.353        -0.053         0.268        -0.107
      7         0.203         0.168        -0.559         0.085         0.033
      8         0.455         0.364         0.289        -0.051         0.032
      9        -0.061         0.177         0.085        -0.293         0.137
     10        -0.011        -0.025        -0.013         0.054         0.042
     11         0.019        -0.057        -0.013         0.070        -0.019
     12         0.036         0.048        -0.009         0.012         0.012
     13         0.029         0.065         0.035        -0.026         0.025
     14         0.066        -0.139         0.079         0.119        -0.107
     15        -0.203         0.089        -0.213        -0.119         0.098
     16         0.039         0.043         0.036        -0.083         0.045
     17         0.049        -0.177        -0.156         0.332        -0.106
     18         0.032         0.033         0.097         0.025        -0.009
     19         0.076         0.240        -0.123        -0.165         0.042
     20        -0.157         0.016         0.002        -0.145         0.020
     21        -0.237        -0.250        -0.079         0.097        -0.008
     22         0.093        -0.002        -0.115        -0.012        -0.129
     23        -0.049         0.063        -0.123        -0.043         0.042
     24         0.046        -0.031        -0.009         0.048        -0.052
     25        -0.048         0.119        -0.005        -0.150         0.081
     26         0.025        -0.214        -0.006         0.171        -0.097
     27         0.092         0.243        -0.001        -0.124         0.060
     28         0.064         0.007         0.142         0.067        -0.018
     29        -0.073         0.169         0.116        -0.175         0.125
     30        -0.078         0.046        -0.111        -0.085         0.087
     31         0.008         0.201        -0.130        -0.115         0.085
     32         0.032        -0.013        -0.067         0.035         0.009
     33        -0.066        -0.021        -0.135        -0.090         0.022
     34         0.087        -0.143         0.008         0.162        -0.095
     35        -0.001         0.201         0.082        -0.166         0.049
     36        -0.084        -0.042         0.091         0.016         0.015
     37         0.034        -0.012         0.006         0.049        -0.027
     38         0.062         0.237        -0.037        -0.144         0.082
     39        -0.130        -0.153         0.118         0.013         0.049
     40        -0.063        -0.067         0.038         0.023         0.030
     41        -0.038         0.257         0.011        -0.145         0.102
     42        -0.096        -0.097        -0.144         0.031         0.005
     43        -0.061        -0.297         0.202         0.192        -0.051
     44         0.194        -0.079        -0.025         0.197        -0.103
     45         0.175         0.193         0.036        -0.074        -0.033
     46        -0.133        -0.006         0.198         0.011         0.126
     47         0.135        -0.057         0.223         0.067        -0.029
     48        -0.043         0.069         0.013        -0.054         0.044
     49         0.008        -0.212        -0.054         0.156        -0.092
     50        -0.006         0.270        -0.013        -0.185         0.097
     51        -0.109        -0.236         0.020         0.111        -0.020
     52        -0.131        -0.006        -0.215        -0.072        -0.047
     53         0.066        -0.260        -0.189         0.229        -0.154
     54         0.189         0.002         0.226         0.073        -0.070
     55         0.019        -0.209         0.191         0.118        -0.027
     56        -0.096        -0.016         0.108        -0.026         0.021
     57         0.178         0.147         0.242         0.031        -0.032
     58        -0.174         0.165        -0.028        -0.236         0.140
     59         0.155        -0.130        -0.021         0.136        -0.093
     60         0.147         0.124        -0.157        -0.056        -0.043
     61         0.077         0.125         0.080        -0.079         0.003
     62        -0.010        -0.220         0.133         0.141        -0.078
     63         0.062         0.086        -0.239        -0.018        -0.020
     64         0.253         0.234         0.028        -0.059        -0.056
     65        -0.024        -0.415        -0.029         0.248        -0.145
     66        -0.128         0.540        -0.013        -0.739         0.252
     67        -0.036         0.252         0.040        -0.317         0.077
     68         0.066        -0.002        -0.091         0.114        -0.028
     69        -0.114        -0.021        -0.044        -0.084         0.018
     70        -0.126        -0.059        -0.042        -0.015         0.018
     71         0.035         0.111        -0.051        -0.136         0.011
     72        -0.034         0.012        -0.036         0.009        -0.007
     73         0.004        -0.047        -0.050         0.023        -0.047
     74        -0.082         0.328         0.002        -0.461         0.135
     75         0.051        -0.182         0.000         0.205        -0.111
     76         0.024         0.105         0.002        -0.067         0.033
     77         0.039         0.089         0.097        -0.065         0.056
     78        -0.026        -0.024         0.037         0.029         0.020
     79        -0.036        -0.101        -0.027         0.155        -0.009
     80        -0.006         0.054        -0.067        -0.024        -0.012
     81         0.001         0.046        -0.039        -0.062         0.004
     82         0.033        -0.221        -0.039         0.253        -0.117
     83         0.062        -0.180         0.010         0.245        -0.086
     84         0.045        -0.213         0.045         0.318        -0.102
     85        -0.067         0.034         0.053        -0.057         0.028
     86         0.091        -0.242         0.000         0.377        -0.127
     87         0.121        -0.076        -0.021         0.237        -0.085
     88        -0.123         0.045         0.069        -0.149         0.072
     89        -0.029        -0.094         0.016         0.108         0.004
     90         0.017         0.136         0.026        -0.074         0.018
     91         0.116        -0.545         0.015         0.709        -0.294
     92        -0.305         0.352         0.093        -0.710         0.245
     93        -0.118         0.014         0.145        -0.178         0.011
     94        -0.014        -0.291        -0.041         0.313        -0.095
     95        -0.097        -0.010         0.168        -0.177         0.061
     96         0.160        -0.070         0.063         0.207        -0.093
     97         0.272        -0.127        -0.018         0.379        -0.153
     98        -0.033        -0.055         0.059         0.117         0.051
     99        -0.018         0.095         0.146        -0.213         0.061
    100         0.027         0.052         0.008         0.017         0.036
    101         0.113        -0.409        -0.054         0.565        -0.190
    102        -0.048         0.221        -0.015        -0.171         0.165
    103        -0.109        -0.112         0.023        -0.017         0.017
    104        -0.104        -0.072        -0.128         0.003        -0.041
    105         0.023        -0.093        -0.079         0.053        -0.081
    106        -0.001         0.217         0.136        -0.324         0.069
    107        -0.011        -0.024         0.084        -0.024         0.048
    108         0.070        -0.112        -0.055         0.230        -0.055
    109        -0.096         0.314         0.134        -0.418         0.132
    110        -0.072         0.119         0.004        -0.147         0.082
    111        -0.129         0.318         0.033        -0.525         0.185
    112         0.071         0.044        -0.106         0.026        -0.008
    113        -0.120         0.353         0.059        -0.538         0.199
    114        -0.172         0.115         0.094        -0.352         0.103
    115         0.222        -0.198        -0.131         0.448        -0.175
    116        -0.013         0.304         0.000        -0.377         0.097
    117         0.058        -0.342        -0.033         0.325        -0.136
    118        -0.183         0.631         0.045        -0.897         0.325
    119         0.249        -0.610        -0.057         0.894        -0.355
    120        -0.487         0.350         0.002        -0.795         0.305
    121         0.184        -0.457         0.001         0.694        -0.286
    122         0.066         0.095        -0.089        -0.019         0.045


           ESTIMATED CORRELATION MATRIX FOR PARAMETER ESTIMATES
                  6             7             8             9            10
              ________      ________      ________      ________      ________
      6         1.000
      7         0.040         1.000
      8         0.016         0.156         1.000
      9        -0.117        -0.103         0.006         1.000
     10         0.025         0.033         0.006         0.021         1.000
     11         0.103         0.036         0.040        -0.074         0.156
     12         0.070         0.126         0.084        -0.017         0.030
     13         0.073         0.035         0.095        -0.023         0.055
     14         0.044        -0.056        -0.007        -0.016         0.004
     15        -0.065         0.106        -0.097         0.005        -0.013
     16        -0.030        -0.021         0.003         0.127         0.020
     17         0.090         0.188         0.009        -0.347         0.020
     18         0.000        -0.050         0.033        -0.011         0.013
     19        -0.035         0.154         0.056         0.034        -0.023
     20         0.033        -0.049        -0.022        -0.024        -0.017
     21         0.070        -0.058        -0.134        -0.004         0.026
     22        -0.008         0.116        -0.002        -0.034        -0.008
     23        -0.025         0.069        -0.045         0.005         0.007
     24         0.026         0.011         0.045        -0.013         0.000
     25        -0.076         0.005         0.016         0.023        -0.007
     26         0.075        -0.038        -0.027        -0.063         0.012
     27        -0.035         0.093         0.084         0.022         0.004
     28         0.035        -0.069         0.043        -0.003        -0.003
     29        -0.090        -0.032        -0.003         0.059        -0.013
     30        -0.024         0.039        -0.032         0.014        -0.002
     31        -0.039         0.109         0.064         0.080        -0.009
     32         0.007         0.046         0.020        -0.014         0.010
     33         0.000         0.058        -0.048         0.012        -0.036
     34         0.027        -0.017         0.011        -0.054         0.002
     35        -0.083        -0.013         0.034         0.012        -0.037
     36        -0.040        -0.125        -0.069         0.033         0.008
     37         0.014         0.004        -0.008         0.003         0.013
     38        -0.070         0.087         0.083         0.066        -0.027
     39         0.035        -0.156        -0.046        -0.040        -0.002
     40         0.014        -0.038        -0.008         0.001        -0.037
     41        -0.111         0.036         0.030         0.027         0.036
     42         0.044         0.062        -0.098         0.010         0.006
     43         0.077        -0.216        -0.020        -0.044         0.010
     44         0.028         0.065         0.031        -0.017         0.015
     45        -0.036         0.059         0.132        -0.006        -0.025
     46         0.012        -0.174        -0.003         0.048         0.040
     47         0.067        -0.112         0.120        -0.008         0.001
     48        -0.034         0.001        -0.026         0.014        -0.002
     49         0.080        -0.010        -0.081         0.013         0.034
     50        -0.086         0.071         0.008         0.082        -0.009
     51         0.064        -0.110        -0.088        -0.032         0.010
     52        -0.031         0.132        -0.068        -0.013        -0.021
     53         0.099         0.038        -0.052        -0.062         0.008
     54         0.031        -0.071         0.121        -0.014        -0.003
     55         0.047        -0.148        -0.038        -0.048        -0.009
     56         0.001        -0.082        -0.060        -0.016         0.002
     57        -0.059        -0.105         0.093         0.008         0.026
     58        -0.073        -0.028        -0.045         0.060        -0.016
     59         0.060        -0.003         0.058        -0.001         0.026
     60        -0.045         0.181         0.050         0.024         0.001
     61         0.003         0.019         0.078         0.009         0.004
     62         0.066        -0.127        -0.029        -0.060         0.018
     63        -0.034         0.182        -0.009         0.008         0.000
     64        -0.055         0.059         0.140         0.003         0.029
     65         0.177        -0.057        -0.105        -0.074        -0.001
     66        -0.250         0.022         0.083         0.373        -0.023
     67        -0.123        -0.027         0.074         0.129        -0.051
     68         0.018         0.108        -0.005        -0.088        -0.008
     69         0.003        -0.002        -0.002        -0.046         0.024
     70         0.034        -0.006        -0.049        -0.004         0.016
     71        -0.031         0.067         0.044         0.071        -0.007
     72        -0.021         0.023        -0.044        -0.013        -0.004
     73         0.047         0.013         0.008        -0.007         0.017
     74        -0.144        -0.018         0.061         0.226        -0.001
     75         0.098        -0.003        -0.002        -0.097         0.007
     76        -0.023         0.038         0.022         0.003        -0.003
     77        -0.043        -0.056         0.027         0.044        -0.009
     78         0.042         0.017         0.029        -0.044         0.002
     79         0.055        -0.002        -0.016        -0.084        -0.022
     80        -0.017         0.028         0.017         0.012        -0.026
     81         0.011         0.015         0.047         0.066        -0.015
     82         0.116         0.005        -0.028        -0.132         0.020
     83         0.069        -0.019        -0.050        -0.132         0.026
     84         0.099        -0.043        -0.025        -0.145        -0.072
     85        -0.055        -0.094        -0.026         0.034        -0.034
     86         0.107        -0.002        -0.036        -0.184         0.010
     87         0.067         0.075         0.041        -0.116        -0.016
     88        -0.058        -0.068         0.009         0.028         0.004
     89         0.022        -0.002        -0.046        -0.045         0.010
     90        -0.044         0.016         0.024        -0.010         0.054
     91         0.214        -0.084        -0.142        -0.246         0.011
     92        -0.219        -0.295        -0.091         0.487        -0.046
     93        -0.078        -0.267        -0.100         0.466        -0.004
     94         0.098        -0.029        -0.149         0.015         0.034
     95        -0.047        -0.218        -0.004         0.180        -0.009
     96         0.042        -0.001         0.003         0.049         0.023
     97         0.089         0.158         0.093        -0.214         0.007
     98         0.020        -0.033        -0.015        -0.153         0.032
     99        -0.024        -0.150         0.035         0.176        -0.008
    100        -0.047         0.055         0.014        -0.064        -0.016
    101         0.184         0.075        -0.075        -0.258         0.034
    102        -0.087         0.045         0.032         0.050        -0.022
    103         0.010        -0.122        -0.071         0.045        -0.007
    104         0.014         0.036        -0.067         0.014        -0.004
    105         0.004        -0.006        -0.054         0.065        -0.029
    106        -0.096        -0.108         0.063         0.223        -0.020
    107         0.023        -0.042        -0.014        -0.043         0.006
    108         0.060         0.139        -0.003        -0.353         0.005
    109        -0.180        -0.151         0.018         0.297        -0.016
    110        -0.030         0.005         0.020         0.167        -0.002
    111        -0.170        -0.094         0.003         0.316         0.043
    112        -0.001         0.131         0.035        -0.046         0.021
    113        -0.142        -0.067         0.059         0.280        -0.047
    114        -0.076        -0.171        -0.028         0.191         0.003
    115         0.149         0.212         0.043        -0.263         0.037
    116        -0.111        -0.022         0.053         0.118        -0.015
    117         0.151         0.005        -0.050        -0.087        -0.017
    118        -0.299        -0.050         0.086         0.329        -0.028
    119         0.292         0.114        -0.059        -0.337         0.039
    120        -0.242        -0.294        -0.145         0.324        -0.034
    121         0.229         0.076         0.000        -0.435         0.056
    122         0.007         0.167         0.093        -0.352        -0.077


           ESTIMATED CORRELATION MATRIX FOR PARAMETER ESTIMATES
                 11            12            13            14            15
              ________      ________      ________      ________      ________
     11         1.000
     12         0.061         1.000
     13         0.133         0.157         1.000
     14         0.020        -0.021        -0.044         1.000
     15        -0.003        -0.010         0.013        -0.664         1.000
     16         0.000         0.027        -0.004         0.283        -0.306
     17         0.094         0.021         0.029        -0.227         0.335
     18         0.035         0.021         0.018        -0.027         0.026
     19        -0.032         0.031         0.008        -0.147         0.127
     20        -0.005         0.005         0.023        -0.386         0.290
     21         0.038         0.005         0.016        -0.100         0.082
     22        -0.022         0.034        -0.012        -0.020         0.028
     23        -0.024         0.012         0.016        -0.528         0.372
     24         0.001         0.022        -0.007         0.138        -0.116
     25        -0.048        -0.014        -0.026        -0.268         0.190
     26        -0.020        -0.011        -0.021        -0.140         0.061
     27        -0.002         0.016         0.017        -0.060         0.076
     28        -0.004        -0.006         0.015         0.007         0.006
     29        -0.003        -0.012         0.032        -0.323         0.225
     30        -0.007         0.025         0.023        -0.210         0.097
     31         0.004         0.009        -0.028        -0.167         0.099
     32         0.042         0.022        -0.002        -0.254         0.161
     33        -0.012        -0.015        -0.010        -0.242         0.154
     34         0.008        -0.041        -0.006        -0.360         0.272
     35        -0.050         0.002         0.005        -0.166         0.118
     36        -0.037        -0.002        -0.044        -0.085         0.040
     37         0.002         0.049         0.005        -0.071         0.011
     38        -0.040         0.029         0.064        -0.154         0.096
     39         0.007        -0.010         0.032        -0.394         0.220
     40        -0.005        -0.036         0.009        -0.046         0.008
     41        -0.027         0.011         0.034        -0.050         0.046
     42        -0.021        -0.009         0.023         0.035        -0.006
     43         0.044        -0.012         0.003         0.157        -0.204
     44         0.038         0.016         0.035         0.283        -0.375
     45        -0.041         0.030        -0.021         0.059        -0.106
     46         0.006        -0.010         0.013         0.033        -0.083
     47         0.014         0.011        -0.003         0.345        -0.534
     48         0.001        -0.013         0.051        -0.119         0.162
     49         0.021         0.006        -0.031         0.189        -0.277
     50        -0.003         0.038         0.000         0.049        -0.097
     51         0.020        -0.023        -0.024         0.087        -0.062
     52         0.005         0.000        -0.051         0.035         0.011
     53        -0.012        -0.001        -0.034         0.217        -0.301
     54        -0.013        -0.016        -0.022         0.083        -0.179
     55        -0.009         0.001        -0.005         0.095        -0.173
     56        -0.016        -0.005         0.012         0.158        -0.212
     57        -0.014        -0.022        -0.004         0.133        -0.206
     58        -0.019         0.033        -0.009         0.243        -0.372
     59         0.027         0.002         0.007         0.119        -0.172
     60        -0.015        -0.052        -0.030         0.020        -0.038
     61         0.002        -0.010         0.026         0.020        -0.033
     62         0.022        -0.034        -0.044         0.104        -0.161
     63        -0.012         0.015        -0.028         0.225        -0.314
     64        -0.007         0.041         0.018        -0.012        -0.039
     65         0.047        -0.037        -0.028         0.070        -0.051
     66        -0.062         0.026         0.094        -0.102         0.122
     67        -0.034         0.030         0.056        -0.055         0.059
     68        -0.007         0.010         0.000        -0.028         0.024
     69         0.004         0.000        -0.019        -0.154         0.181
     70         0.005        -0.027         0.024        -0.013         0.031
     71        -0.014         0.033         0.016        -0.017         0.019
     72        -0.050        -0.008         0.036        -0.173         0.194
     73         0.062         0.015        -0.009         0.044        -0.063
     74        -0.033        -0.054         0.016        -0.132         0.163
     75         0.020        -0.017        -0.005        -0.016        -0.005
     76        -0.009         0.013         0.019         0.000         0.001
     77        -0.039         0.005         0.022         0.005        -0.043
     78         0.071        -0.014         0.027        -0.058         0.084
     79        -0.004        -0.003        -0.040         0.021         0.026
     80        -0.028        -0.021        -0.059        -0.038         0.039
     81         0.034         0.001         0.034        -0.079         0.067
     82         0.028        -0.034        -0.052        -0.031         0.000
     83         0.014        -0.034        -0.015        -0.106         0.092
     84         0.030        -0.015        -0.058         0.007        -0.011
     85        -0.047        -0.039        -0.075        -0.018         0.042
     86         0.016        -0.018        -0.044         0.033        -0.056
     87         0.019        -0.003        -0.028        -0.035         0.014
     88        -0.013        -0.018        -0.006        -0.111         0.154
     89         0.032        -0.009        -0.010         0.016         0.025
     90         0.003         0.045         0.042        -0.016        -0.001
     91         0.002        -0.069        -0.195         0.107        -0.118
     92        -0.099        -0.041         0.058        -0.100         0.121
     93        -0.202        -0.150        -0.251         0.011        -0.008
     94        -0.045        -0.090        -0.132         0.082        -0.065
     95        -0.043        -0.038        -0.018         0.057        -0.062
     96        -0.052        -0.014        -0.089         0.173        -0.228
     97         0.024         0.044        -0.097         0.063        -0.102
     98         0.054         0.009         0.058         0.014        -0.034
     99         0.040        -0.020         0.003         0.130        -0.209
    100        -0.036        -0.010         0.034        -0.053         0.069
    101         0.034         0.044        -0.052         0.144        -0.195
    102        -0.015         0.055         0.028         0.008        -0.010
    103         0.019        -0.059        -0.016         0.015         0.004
    104        -0.011        -0.042        -0.089        -0.007         0.039
    105        -0.084         0.000        -0.078         0.096        -0.129
    106        -0.047        -0.003         0.017        -0.052        -0.017
    107         0.009         0.030         0.088         0.028        -0.033
    108         0.061         0.088         0.113         0.053        -0.059
    109        -0.108        -0.012         0.048        -0.014         0.023
    110        -0.035         0.029        -0.057         0.132        -0.165
    111        -0.045        -0.009         0.100        -0.039         0.039
    112         0.054         0.039         0.126         0.011        -0.030
    113        -0.051         0.063         0.081        -0.056         0.066
    114        -0.038         0.032         0.059         0.015        -0.025
    115         0.031         0.037        -0.078         0.143        -0.213
    116        -0.030         0.067         0.123        -0.069         0.032
    117        -0.004        -0.079        -0.123         0.061        -0.061
    118        -0.079        -0.010         0.050        -0.154         0.142
    119         0.087         0.018        -0.034         0.139        -0.161
    120        -0.083        -0.035         0.012        -0.130         0.180
    121         0.072         0.010        -0.054         0.119        -0.124
    122         0.068         0.123         0.219        -0.042         0.036


           ESTIMATED CORRELATION MATRIX FOR PARAMETER ESTIMATES
                 16            17            18            19            20
              ________      ________      ________      ________      ________
     16         1.000
     17        -0.675         1.000
     18        -0.025         0.032         1.000
     19        -0.015         0.019        -0.155         1.000
     20        -0.134         0.091         0.108        -0.065         1.000
     21        -0.016         0.020        -0.029        -0.073         0.099
     22         0.010         0.030        -0.108         0.041         0.030
     23        -0.172         0.133        -0.009         0.093         0.058
     24         0.051        -0.028         0.043        -0.046         0.006
     25        -0.079         0.047         0.041         0.032         0.159
     26        -0.066         0.087         0.015        -0.035        -0.052
     27         0.024        -0.025         0.059         0.100         0.034
     28        -0.006         0.006        -0.065         0.047        -0.083
     29        -0.066         0.038        -0.005         0.013         0.151
     30         0.010        -0.043        -0.284        -0.096        -0.107
     31        -0.021        -0.013        -0.088         0.098        -0.044
     32        -0.068         0.060         0.085         0.023         0.043
     33        -0.068         0.027        -0.053        -0.011         0.084
     34        -0.163         0.182        -0.117        -0.016         0.004
     35        -0.039         0.003         0.066        -0.014         0.057
     36        -0.019         0.004         0.019        -0.049         0.023
     37        -0.007         0.010        -0.011         0.069        -0.159
     38        -0.047         0.014         0.017         0.083        -0.028
     39        -0.106         0.088        -0.103         0.047         0.338
     40         0.000         0.004         0.049        -0.005         0.039
     41        -0.003        -0.044         0.091         0.047        -0.031
     42         0.015         0.006        -0.693         0.118        -0.092
     43         0.014        -0.010         0.138        -0.721         0.043
     44         0.137        -0.098        -0.108         0.053        -0.736
     45         0.015        -0.024         0.011         0.051        -0.038
     46        -0.001        -0.058         0.093        -0.055        -0.005
     47         0.179        -0.183         0.018        -0.091        -0.043
     48        -0.067         0.051        -0.026         0.051         0.000
     49         0.102        -0.106        -0.014        -0.056        -0.159
     50         0.053        -0.095        -0.040         0.077         0.057
     51        -0.016         0.024        -0.032        -0.088        -0.051
     52        -0.052         0.026         0.046        -0.036         0.048
     53         0.090        -0.043        -0.020        -0.024        -0.117
     54         0.020        -0.012         0.219         0.057         0.095
     55         0.017         0.001         0.070        -0.117         0.065
     56         0.052        -0.056        -0.036        -0.042        -0.015
     57         0.048        -0.059         0.054        -0.004        -0.069
     58         0.142        -0.229         0.069         0.012         0.023
     59         0.058        -0.028        -0.056         0.023        -0.099
     60         0.042        -0.042        -0.028         0.078         0.009
     61        -0.001        -0.015         0.041        -0.016         0.147
     62         0.043        -0.053         0.002        -0.098         0.053
     63         0.127        -0.139         0.045        -0.010        -0.286
     64         0.038        -0.030        -0.040         0.053        -0.044
     65        -0.023         0.083        -0.068        -0.088         0.013
     66         0.121        -0.336        -0.029         0.182         0.042
     67        -0.001        -0.092         0.274         0.043         0.061
     68        -0.139         0.135        -0.056         0.293        -0.030
     69        -0.361         0.253         0.071        -0.004         0.388
     70        -0.043         0.018         0.011        -0.004        -0.002
     71         0.002        -0.017        -0.027         0.063        -0.012
     72        -0.510         0.326         0.014         0.037         0.017
     73         0.094        -0.038         0.013        -0.015         0.018
     74        -0.184        -0.036        -0.007         0.085         0.097
     75        -0.205         0.178         0.000        -0.038        -0.034
     76         0.048        -0.054         0.005         0.035        -0.005
     77         0.057        -0.097        -0.012         0.035        -0.034
     78        -0.330         0.251        -0.027        -0.031         0.038
     79        -0.163         0.146        -0.095        -0.056        -0.038
     80        -0.136         0.044        -0.052         0.032        -0.064
     81        -0.233         0.114         0.007         0.009         0.031
     82        -0.234         0.233         0.013        -0.108         0.021
     83        -0.463         0.377        -0.045        -0.055        -0.013
     84        -0.108         0.199         0.036        -0.114         0.007
     85        -0.047        -0.015        -0.015        -0.025         0.019
     86        -0.153         0.209         0.010        -0.066        -0.076
     87        -0.167         0.193         0.037        -0.023        -0.021
     88        -0.353         0.153        -0.010         0.032         0.176
     89        -0.049         0.081         0.022        -0.038        -0.003
     90        -0.032        -0.003         0.039         0.032        -0.007
     91        -0.100         0.271         0.032        -0.170        -0.049
     92         0.097        -0.485        -0.021         0.097         0.056
     93         0.034        -0.313         0.006        -0.044         0.012
     94         0.011         0.004        -0.281        -0.053        -0.061
     95         0.089        -0.240         0.075        -0.350         0.047
     96         0.257        -0.309        -0.055        -0.019        -0.403
     97        -0.030         0.197         0.010        -0.051        -0.048
     98         0.008         0.036         0.028        -0.047        -0.031
     99         0.372        -0.565        -0.006        -0.027         0.026
    100        -0.085         0.128        -0.012         0.041        -0.031
    101         0.114         0.067         0.008        -0.105        -0.112
    102         0.124        -0.125        -0.006         0.045         0.058
    103        -0.034        -0.001        -0.012        -0.039         0.003
    104        -0.057         0.059         0.016        -0.049         0.022
    105         0.253        -0.313         0.016        -0.002        -0.061
    106         0.126        -0.316         0.093         0.061         0.056
    107         0.063        -0.069         0.055        -0.018         0.049
    108         0.082         0.120        -0.021        -0.012        -0.007
    109         0.172        -0.387        -0.010         0.082         0.015
    110         0.331        -0.447         0.026         0.015         0.024
    111         0.130        -0.390        -0.045         0.117         0.005
    112         0.043         0.005         0.010         0.035         0.005
    113         0.119        -0.318        -0.010         0.085         0.097
    114         0.149        -0.320        -0.041         0.002         0.047
    115         0.148         0.040         0.037        -0.083        -0.165
    116         0.079        -0.196        -0.040         0.088         0.021
    117        -0.004         0.107        -0.036        -0.110        -0.001
    118         0.097        -0.353        -0.020         0.195         0.066
    119        -0.086         0.374         0.008        -0.183        -0.080
    120         0.061        -0.365        -0.006         0.118         0.102
    121        -0.108         0.391         0.035        -0.158        -0.038
    122        -0.009         0.198        -0.011         0.074         0.013


           ESTIMATED CORRELATION MATRIX FOR PARAMETER ESTIMATES
                 21            22            23            24            25
              ________      ________      ________      ________      ________
     21         1.000
     22         0.382         1.000
     23        -0.073        -0.049         1.000
     24         0.006        -0.016        -0.611         1.000
     25        -0.048        -0.028         0.209         0.016         1.000
     26         0.114         0.000         0.120         0.018         0.139
     27        -0.071        -0.079         0.025         0.010         0.065
     28         0.050         0.065        -0.102        -0.158        -0.109
     29        -0.061        -0.128         0.053        -0.082         0.094
     30         0.030         0.068         0.083        -0.018        -0.049
     31        -0.134        -0.184         0.088        -0.087        -0.059
     32         0.034         0.031         0.022        -0.015        -0.002
     33         0.024         0.075         0.017        -0.034         0.058
     34         0.000        -0.023         0.081        -0.040        -0.036
     35        -0.067         0.072        -0.002        -0.021         0.061
     36         0.000        -0.062        -0.034        -0.063        -0.012
     37         0.054        -0.022         0.091         0.015        -0.014
     38        -0.009        -0.012         0.058         0.001        -0.009
     39         0.053        -0.099        -0.012        -0.032         0.058
     40         0.050        -0.047         0.009        -0.063        -0.032
     41        -0.025         0.004        -0.005         0.043        -0.009
     42         0.033         0.065        -0.005        -0.028        -0.019
     43         0.061        -0.048        -0.103         0.040        -0.057
     44        -0.034        -0.002        -0.039        -0.001        -0.169
     45        -0.706        -0.251         0.065        -0.007         0.037
     46        -0.235        -0.695         0.038        -0.015         0.014
     47         0.039         0.040        -0.679         0.403        -0.153
     48        -0.010        -0.013         0.412        -0.659         0.023
     49         0.061         0.014        -0.155         0.017        -0.723
     50        -0.084         0.005        -0.072         0.011        -0.070
     51         0.064         0.009        -0.033        -0.032        -0.045
     52        -0.024        -0.013         0.071         0.087         0.042
     53         0.094         0.144        -0.051         0.093        -0.062
     54        -0.069        -0.113        -0.041         0.015         0.074
     55         0.105         0.090        -0.055         0.036         0.043
     56        -0.006        -0.046        -0.019         0.011         0.006
     57        -0.058        -0.079        -0.011         0.039        -0.030
     58        -0.015        -0.007        -0.038         0.019         0.028
     59        -0.019        -0.079         0.013        -0.001        -0.080
     60        -0.040         0.031         0.036         0.040         0.026
     61        -0.073         0.020        -0.059         0.026         0.048
     62         0.025        -0.016        -0.065         0.007         0.023
     63        -0.022         0.065         0.067         0.020        -0.052
     64        -0.116         0.037         0.024         0.019         0.043
     65         0.075         0.016        -0.028        -0.007        -0.015
     66        -0.052         0.048         0.054        -0.037         0.068
     67        -0.027         0.014         0.010         0.015         0.035
     68        -0.023         0.007         0.047        -0.017        -0.020
     69         0.001        -0.014         0.021         0.016         0.083
     70         0.365         0.145        -0.014        -0.051        -0.060
     71         0.123         0.331        -0.029        -0.010         0.002
     72        -0.019        -0.046         0.329        -0.199         0.060
     73        -0.038         0.001        -0.188         0.317        -0.012
     74        -0.089         0.011         0.083        -0.030         0.335
     75         0.048         0.005         0.050        -0.006         0.027
     76        -0.029        -0.035        -0.004        -0.010         0.016
     77         0.039         0.041        -0.047        -0.078        -0.035
     78        -0.042        -0.051         0.026        -0.051         0.013
     79         0.054         0.027         0.007        -0.016        -0.055
     80        -0.064        -0.063         0.027        -0.016        -0.007
     81         0.027         0.037         0.024        -0.010        -0.005
     82         0.054         0.042        -0.036         0.033         0.015
     83         0.001        -0.036         0.005         0.012         0.012
     84         0.057         0.064        -0.063         0.028         0.018
     85         0.011        -0.024        -0.039        -0.012         0.027
     86         0.045        -0.030         0.008         0.015        -0.038
     87         0.000         0.001         0.021         0.026        -0.010
     88         0.009        -0.046         0.025        -0.052         0.015
     89         0.062        -0.003        -0.013        -0.003        -0.018
     90        -0.046        -0.032         0.004         0.019        -0.021
     91         0.053        -0.022        -0.058         0.040        -0.052
     92        -0.008        -0.048         0.060        -0.056         0.054
     93         0.005        -0.080        -0.006        -0.012         0.016
     94         0.054         0.004        -0.034         0.009        -0.029
     95         0.008        -0.055        -0.063         0.030         0.002
     96        -0.015        -0.037        -0.011        -0.011        -0.099
     97        -0.328        -0.103         0.010         0.052         0.025
     98        -0.136        -0.370         0.043        -0.010         0.006
     99         0.040         0.031        -0.325         0.164        -0.064
    100         0.012        -0.007         0.193        -0.318         0.024
    101         0.094         0.018        -0.112         0.051        -0.351
    102        -0.042         0.020        -0.053         0.008        -0.028
    103         0.044         0.015         0.003        -0.014        -0.017
    104        -0.017        -0.009         0.064         0.040         0.044
    105         0.054         0.063        -0.024         0.055        -0.006
    106        -0.063        -0.064         0.015        -0.007         0.073
    107         0.072         0.089        -0.037         0.028         0.015
    108        -0.012         0.012         0.006         0.020        -0.007
    109        -0.059        -0.087         0.063        -0.031         0.000
    110         0.012         0.017        -0.022        -0.001        -0.009
    111        -0.044        -0.084         0.083        -0.046        -0.004
    112        -0.027         0.026         0.026         0.024        -0.018
    113        -0.061        -0.002         0.005        -0.024         0.062
    114        -0.002        -0.025        -0.027        -0.021         0.024
    115        -0.014         0.047        -0.019         0.067        -0.026
    116        -0.066         0.025         0.052        -0.015         0.029
    117         0.055         0.024        -0.021         0.000         0.005
    118        -0.094        -0.027         0.086        -0.075         0.086
    119         0.076         0.023        -0.082         0.068        -0.090
    120         0.022        -0.031         0.088        -0.067         0.078
    121         0.037        -0.004        -0.064         0.048        -0.070
    122        -0.015         0.075         0.008        -0.002         0.007


           ESTIMATED CORRELATION MATRIX FOR PARAMETER ESTIMATES
                 26            27            28            29            30
              ________      ________      ________      ________      ________
     26         1.000
     27        -0.013         1.000
     28         0.038         0.022         1.000
     29        -0.035         0.086        -0.033         1.000
     30        -0.083        -0.060        -0.089        -0.154         1.000
     31         0.040         0.048         0.006        -0.016         0.136
     32         0.015         0.051         0.005         0.027         0.005
     33        -0.022         0.015        -0.022         0.021        -0.006
     34         0.024        -0.049         0.207        -0.106        -0.022
     35         0.017         0.095         0.014         0.037         0.070
     36         0.037         0.014         0.032         0.014         0.068
     37         0.034        -0.021        -0.021        -0.059         0.025
     38        -0.086        -0.013        -0.032         0.028         0.057
     39         0.035        -0.086         0.034         0.051         0.408
     40         0.047        -0.066        -0.132         0.019         0.032
     41        -0.078         0.031         0.021         0.034        -0.163
     42        -0.036        -0.051         0.040         0.009         0.184
     43         0.084        -0.113        -0.034        -0.019         0.018
     44         0.078        -0.061         0.061        -0.135         0.068
     45        -0.065         0.059        -0.048         0.062        -0.040
     46         0.000         0.032        -0.023         0.147        -0.111
     47        -0.074        -0.037         0.085        -0.057        -0.041
     48         0.011        -0.008         0.102         0.114         0.011
     49        -0.057        -0.065         0.047        -0.066         0.057
     50        -0.675         0.039        -0.043         0.055         0.057
     51         0.025        -0.452        -0.051        -0.070         0.035
     52        -0.046        -0.046        -0.631         0.016         0.057
     53         0.074        -0.113         0.020        -0.708         0.090
     54         0.052         0.072         0.084         0.126        -0.656
     55        -0.027        -0.055        -0.003        -0.005        -0.100
     56        -0.019        -0.043        -0.005         0.016         0.008
     57         0.002         0.013         0.016         0.003         0.027
     58        -0.042         0.027        -0.170         0.089         0.034
     59         0.012        -0.074        -0.002        -0.041        -0.029
     60        -0.049         0.026        -0.033         0.012        -0.042
     61        -0.029         0.049         0.005         0.067        -0.047
     62         0.080         0.000         0.041        -0.003        -0.032
     63        -0.003         0.057        -0.072        -0.075        -0.188
     64        -0.025         0.091         0.124         0.004         0.002
     65         0.113        -0.070        -0.017        -0.052         0.089
     66        -0.148         0.112         0.010         0.090         0.082
     67        -0.076         0.053         0.003         0.003        -0.018
     68         0.024         0.013        -0.006        -0.022        -0.023
     69        -0.024        -0.020        -0.038         0.050        -0.026
     70         0.024        -0.039         0.053        -0.050         0.045
     71        -0.020        -0.027         0.040        -0.035         0.056
     72         0.070        -0.007        -0.033         0.036         0.008
     73        -0.009        -0.012        -0.093        -0.054        -0.005
     74        -0.035         0.070        -0.031         0.069         0.007
     75         0.365        -0.033         0.025        -0.062        -0.065
     76        -0.020         0.585        -0.005         0.023        -0.007
     77        -0.011         0.017         0.287         0.019        -0.018
     78        -0.020         0.023         0.006         0.293        -0.071
     79        -0.023        -0.057        -0.018        -0.084         0.226
     80         0.025         0.027         0.013        -0.005         0.042
     81        -0.056         0.035         0.016        -0.033         0.000
     82         0.028        -0.031        -0.006        -0.048        -0.051
     83         0.062        -0.043         0.052        -0.040        -0.041
     84         0.066        -0.057         0.012        -0.028        -0.051
     85         0.005        -0.014         0.036         0.011         0.005
     86         0.060        -0.063        -0.013        -0.084        -0.034
     87         0.018        -0.033        -0.052        -0.045        -0.017
     88         0.009        -0.015         0.020         0.024         0.075
     89        -0.005        -0.042        -0.035        -0.014        -0.006
     90        -0.048         0.019         0.022        -0.003        -0.074
     91         0.145        -0.122         0.013        -0.096        -0.090
     92        -0.097         0.071        -0.011         0.094         0.082
     93        -0.010        -0.005         0.001         0.019         0.000
     94         0.063        -0.066         0.011        -0.017         0.009
     95        -0.009        -0.022        -0.014         0.034         0.011
     96         0.067        -0.020         0.025        -0.083         0.014
     97         0.042        -0.004        -0.027        -0.012        -0.070
     98         0.035         0.026        -0.007         0.058        -0.051
     99        -0.091         0.025         0.061         0.005         0.016
    100         0.011        -0.004         0.056         0.057         0.007
    101         0.054        -0.091         0.047        -0.074        -0.013
    102        -0.459         0.038        -0.017         0.058         0.047
    103         0.013        -0.573        -0.009        -0.025         0.024
    104         0.007        -0.041        -0.317        -0.015         0.051
    105         0.032        -0.062        -0.009        -0.375         0.068
    106        -0.030         0.092         0.038         0.128        -0.211
    107        -0.065        -0.021        -0.002         0.011        -0.034
    108         0.061        -0.043        -0.022        -0.017         0.009
    109        -0.024         0.042        -0.010         0.060         0.097
    110        -0.047         0.021        -0.078         0.041         0.026
    111        -0.085         0.063        -0.021         0.058         0.073
    112        -0.034         0.022        -0.016         0.013        -0.023
    113        -0.098         0.093         0.008         0.100         0.046
    114        -0.019         0.043         0.019         0.072         0.041
    115         0.050        -0.021        -0.021        -0.067        -0.113
    116        -0.044         0.089         0.026         0.052         0.052
    117         0.111        -0.062         0.004        -0.052         0.038
    118        -0.164         0.147        -0.027         0.136         0.114
    119         0.153        -0.142         0.015        -0.126        -0.101
    120        -0.099         0.075        -0.019         0.103         0.100
    121         0.117        -0.101         0.013        -0.090        -0.085
    122        -0.017         0.026        -0.014         0.008         0.025


           ESTIMATED CORRELATION MATRIX FOR PARAMETER ESTIMATES
                 31            32            33            34            35
              ________      ________      ________      ________      ________
     31         1.000
     32        -0.012         1.000
     33        -0.031         0.588         1.000
     34         0.132        -0.034        -0.063         1.000
     35         0.061         0.054         0.068        -0.028         1.000
     36         0.002         0.021         0.044        -0.015         0.314
     37        -0.026         0.011        -0.044         0.003        -0.181
     38        -0.079        -0.007         0.012         0.042        -0.030
     39        -0.153        -0.047        -0.021         0.046        -0.035
     40         0.001        -0.104         0.019         0.017         0.019
     41        -0.287         0.041         0.008        -0.167         0.021
     42         0.052        -0.035         0.052         0.073        -0.077
     43        -0.123        -0.038        -0.028         0.016         0.002
     44         0.053        -0.024        -0.057         0.020        -0.101
     45         0.103        -0.029        -0.018        -0.026         0.011
     46         0.082        -0.040        -0.082        -0.005        -0.082
     47        -0.057        -0.007        -0.014        -0.039         0.018
     48         0.036         0.002         0.042         0.018         0.002
     49         0.037         0.021        -0.031         0.029        -0.099
     50        -0.014        -0.003         0.035        -0.036         0.031
     51        -0.050        -0.034        -0.017         0.019        -0.095
     52         0.006        -0.012         0.006        -0.175        -0.009
     53        -0.010         0.014        -0.001         0.093        -0.052
     54        -0.121         0.003         0.011         0.034        -0.014
     55        -0.719         0.016         0.029        -0.067        -0.009
     56        -0.009        -0.675        -0.388         0.005        -0.061
     57         0.042        -0.395        -0.691         0.037        -0.021
     58        -0.054         0.007         0.046        -0.721         0.041
     59        -0.004        -0.044        -0.053         0.045        -0.718
     60         0.048         0.017         0.021        -0.007        -0.204
     61         0.024        -0.010         0.039        -0.035         0.157
     62         0.035         0.010        -0.005        -0.027         0.009
     63         0.167         0.038         0.045        -0.037         0.015
     64         0.033         0.083        -0.022        -0.014         0.028
     65         0.146        -0.006         0.024         0.155        -0.065
     66         0.127        -0.025         0.013        -0.106         0.106
     67         0.009        -0.007         0.010        -0.088         0.085
     68         0.020        -0.019        -0.039         0.008        -0.037
     69        -0.059         0.036         0.034        -0.006         0.035
     70        -0.052         0.026         0.034        -0.028         0.033
     71        -0.034         0.021         0.053        -0.045         0.118
     72         0.021         0.009        -0.017         0.022        -0.033
     73        -0.018        -0.007         0.009         0.007         0.006
     74         0.058        -0.035         0.042        -0.024         0.110
     75        -0.007        -0.039        -0.024         0.048        -0.029
     76         0.025         0.017         0.013        -0.022         0.012
     77         0.029        -0.002        -0.011         0.036         0.032
     78        -0.020        -0.038         0.010        -0.002        -0.002
     79         0.010         0.005        -0.040        -0.001        -0.042
     80         0.353         0.025        -0.018         0.073        -0.008
     81         0.031         0.277         0.188         0.005         0.060
     82        -0.068         0.192         0.339         0.045         0.001
     83         0.028         0.028        -0.003         0.363        -0.041
     84        -0.067         0.053         0.042         0.039         0.268
     85         0.006         0.019        -0.003         0.015         0.088
     86        -0.046         0.023        -0.023         0.066        -0.106
     87        -0.066         0.015         0.018         0.059        -0.039
     88        -0.055        -0.065        -0.053        -0.029        -0.007
     89        -0.046        -0.020        -0.014         0.019        -0.019
     90        -0.109        -0.015        -0.028        -0.079         0.019
     91        -0.140         0.043        -0.011         0.103        -0.115
     92         0.097        -0.019         0.041        -0.081         0.085
     93         0.029        -0.001         0.027        -0.022         0.007
     94        -0.039         0.001         0.012         0.061        -0.093
     95        -0.016        -0.009         0.022        -0.014         0.040
     96         0.021        -0.015        -0.027         0.030        -0.073
     97         0.008        -0.017        -0.048         0.067        -0.060
     98         0.055        -0.044        -0.076         0.048        -0.108
     99        -0.012         0.016         0.043        -0.050         0.086
    100         0.033         0.008         0.004         0.005        -0.020
    101        -0.075         0.038        -0.045         0.049        -0.132
    102        -0.020         0.041         0.063        -0.050         0.038
    103        -0.020        -0.025        -0.022         0.015        -0.031
    104        -0.013        -0.005         0.023        -0.066        -0.040
    105         0.006         0.025        -0.005         0.031        -0.018
    106         0.013         0.012         0.072        -0.027         0.065
    107        -0.406         0.000         0.026        -0.076         0.044
    108        -0.041        -0.270        -0.201         0.040        -0.069
    109         0.110        -0.222        -0.336        -0.036         0.023
    110        -0.031         0.002         0.031        -0.392         0.011
    111         0.114        -0.056        -0.024        -0.072        -0.211
    112         0.016        -0.002         0.005        -0.022        -0.094
    113         0.084        -0.042         0.026        -0.072         0.140
    114         0.098        -0.029         0.009        -0.072         0.058
    115         0.003         0.073         0.046         0.047        -0.054
    116         0.058        -0.001         0.009        -0.059         0.051
    117         0.089         0.006         0.007         0.117        -0.069
    118         0.174        -0.036         0.032        -0.124         0.176
    119        -0.158         0.044        -0.022         0.120        -0.157
    120         0.108        -0.046         0.034        -0.106         0.116
    121        -0.115         0.008        -0.033         0.083        -0.077
    122         0.019        -0.003        -0.017        -0.011         0.039


           ESTIMATED CORRELATION MATRIX FOR PARAMETER ESTIMATES
                 36            37            38            39            40
              ________      ________      ________      ________      ________
     36         1.000
     37         0.055         1.000
     38        -0.036         0.220         1.000
     39         0.005        -0.008        -0.018         1.000
     40         0.059        -0.012        -0.099         0.051         1.000
     41        -0.031        -0.051         0.056        -0.010        -0.033
     42        -0.011         0.040        -0.011         0.069        -0.054
     43         0.056        -0.042        -0.119         0.000         0.027
     44         0.001         0.154         0.052        -0.278        -0.040
     45        -0.008        -0.033         0.024        -0.043        -0.047
     46         0.041         0.008        -0.014         0.067         0.045
     47         0.030        -0.048        -0.063         0.056         0.036
     48         0.029         0.023         0.022         0.018         0.003
     49         0.033         0.043        -0.005        -0.040         0.046
     50        -0.033        -0.011         0.088        -0.038        -0.001
     51         0.005         0.019        -0.008         0.061         0.055
     52        -0.014        -0.006         0.013        -0.073         0.110
     53         0.015         0.062        -0.025        -0.048        -0.005
     54        -0.057        -0.032        -0.021        -0.199         0.001
     55         0.034         0.016         0.046         0.172         0.013
     56         0.006        -0.003         0.008         0.059         0.085
     57         0.008         0.050         0.038         0.021        -0.037
     58         0.000        -0.033        -0.033        -0.034        -0.008
     59        -0.216         0.137         0.030         0.016        -0.008
     60        -0.653        -0.040         0.060        -0.033        -0.062
     61        -0.056        -0.691        -0.146         0.004        -0.017
     62         0.038        -0.168        -0.699         0.073         0.095
     63        -0.016         0.025         0.055        -0.699        -0.013
     64        -0.069        -0.009         0.115        -0.045        -0.610
     65         0.018         0.026        -0.132         0.030         0.041
     66        -0.014        -0.027         0.171        -0.075        -0.033
     67         0.000         0.011         0.118        -0.032        -0.005
     68        -0.038         0.022         0.005         0.016        -0.016
     69         0.002        -0.066         0.015         0.172         0.021
     70         0.027         0.036        -0.005         0.010         0.049
     71        -0.018        -0.003         0.054        -0.059        -0.013
     72        -0.036         0.023         0.025         0.019        -0.012
     73        -0.003         0.010         0.028        -0.031         0.007
     74         0.024        -0.029         0.115        -0.036        -0.039
     75         0.025        -0.006        -0.069         0.039        -0.020
     76        -0.004        -0.011         0.003        -0.024        -0.011
     77         0.028        -0.017        -0.026        -0.006        -0.081
     78         0.002        -0.041        -0.030         0.005         0.011
     79        -0.006         0.001        -0.040         0.097        -0.005
     80        -0.017         0.008        -0.037        -0.087        -0.048
     81         0.005        -0.008         0.016        -0.070        -0.031
     82        -0.014        -0.017        -0.060         0.000         0.009
     83         0.026         0.014        -0.018         0.013         0.010
     84         0.102        -0.052        -0.091         0.015         0.015
     85         0.313         0.012         0.020         0.001        -0.005
     86         0.020         0.324        -0.001         0.005        -0.007
     87         0.014         0.086         0.256        -0.001        -0.067
     88         0.001        -0.052         0.002         0.319         0.030
     89         0.005        -0.007        -0.076         0.033         0.160
     90        -0.025        -0.013         0.047         0.006        -0.008
     91         0.024         0.022        -0.160         0.064         0.030
     92         0.051         0.000         0.117         0.000        -0.006
     93         0.032        -0.011        -0.003         0.017         0.039
     94         0.011        -0.022        -0.123         0.050        -0.006
     95         0.036        -0.024        -0.025        -0.024         0.010
     96         0.007         0.076        -0.018        -0.153        -0.013
     97        -0.050        -0.038        -0.070        -0.022        -0.029
     98         0.017         0.007        -0.032         0.033         0.020
     99         0.032        -0.034        -0.024         0.022         0.016
    100        -0.002         0.005         0.007         0.022         0.002
    101        -0.019         0.045        -0.124         0.036         0.024
    102        -0.039        -0.012         0.079        -0.039         0.013
    103         0.008         0.009        -0.002         0.040         0.019
    104        -0.001         0.020         0.014        -0.009         0.072
    105         0.015         0.046         0.006        -0.011         0.001
    106        -0.006        -0.003         0.067        -0.102         0.013
    107         0.029         0.007         0.065         0.085         0.009
    108        -0.022        -0.007        -0.035         0.073         0.000
    109         0.024         0.000         0.091         0.033        -0.017
    110        -0.029        -0.005        -0.017        -0.011        -0.005
    111        -0.067         0.058         0.112        -0.015        -0.025
    112        -0.356        -0.016         0.040        -0.028        -0.022
    113        -0.015        -0.325         0.026        -0.008         0.003
    114         0.043        -0.092        -0.263         0.027         0.079
    115        -0.035         0.039        -0.049        -0.313        -0.002
    116        -0.011         0.018         0.146        -0.018        -0.249
    117        -0.001        -0.007        -0.139         0.023         0.020
    118         0.015        -0.027         0.175        -0.034        -0.033
    119        -0.018         0.023        -0.165         0.040         0.020
    120         0.049        -0.017         0.097         0.011        -0.002
    121        -0.014        -0.010        -0.163         0.027         0.045
    122        -0.004         0.012         0.042        -0.006        -0.033


           ESTIMATED CORRELATION MATRIX FOR PARAMETER ESTIMATES
                 41            42            43            44            45
              ________      ________      ________      ________      ________
     41         1.000
     42        -0.071         1.000
     43        -0.059        -0.176         1.000
     44        -0.007         0.131        -0.044         1.000
     45         0.022        -0.040        -0.053         0.023         1.000
     46         0.026        -0.099         0.082        -0.003         0.346
     47        -0.022        -0.020         0.137         0.045        -0.083
     48        -0.001         0.027        -0.068         0.037        -0.002
     49        -0.016         0.006         0.106         0.190        -0.037
     50         0.092         0.030        -0.131        -0.089         0.099
     51        -0.032         0.072         0.121         0.067        -0.059
     52        -0.017        -0.060         0.053        -0.063         0.080
     53        -0.057         0.016         0.018         0.163        -0.075
     54         0.131        -0.290        -0.056        -0.117         0.083
     55         0.178        -0.089         0.131        -0.084        -0.131
     56        -0.001         0.048         0.086         0.000         0.029
     57         0.033        -0.088         0.005         0.036         0.035
     58         0.145        -0.116        -0.029        -0.037         0.016
     59        -0.025         0.065        -0.005         0.107         0.016
     60         0.030        -0.015        -0.131        -0.009         0.010
     61         0.050        -0.095         0.019        -0.171         0.073
     62        -0.096         0.007         0.134        -0.072        -0.002
     63        -0.006        -0.084         0.049         0.379         0.039
     64         0.054         0.055        -0.083         0.054         0.099
     65        -0.746         0.103         0.130         0.000        -0.048
     66         0.138        -0.021        -0.220        -0.085         0.042
     67         0.103        -0.282        -0.062        -0.075         0.010
     68         0.000         0.083        -0.292         0.054         0.025
     69        -0.003        -0.048         0.016        -0.399         0.004
     70        -0.028         0.006         0.004        -0.003        -0.344
     71        -0.007         0.021        -0.078        -0.014        -0.120
     72         0.005        -0.003        -0.039        -0.021         0.041
     73         0.013        -0.018         0.033         0.009         0.024
     74         0.056        -0.003        -0.125        -0.134         0.047
     75        -0.069        -0.021         0.056         0.060        -0.023
     76         0.017        -0.013        -0.037        -0.008         0.023
     77         0.026        -0.010        -0.040         0.023        -0.021
     78        -0.031         0.018         0.028        -0.039         0.030
     79        -0.089         0.093         0.057         0.039        -0.050
     80        -0.118         0.043        -0.023         0.066         0.056
     81         0.017        -0.007        -0.031        -0.036        -0.019
     82        -0.061         0.013         0.106         0.002        -0.041
     83        -0.096         0.062         0.070         0.011        -0.015
     84        -0.056        -0.013         0.139        -0.012        -0.062
     85        -0.016         0.006         0.018        -0.010        -0.011
     86        -0.076         0.026         0.089         0.112        -0.026
     87        -0.003        -0.023         0.018         0.061         0.000
     88         0.046        -0.015        -0.031        -0.204        -0.001
     89        -0.014        -0.025         0.048        -0.010        -0.067
     90         0.474        -0.042        -0.050         0.008         0.038
     91        -0.138         0.031         0.205         0.082        -0.061
     92         0.106        -0.008        -0.131        -0.105        -0.017
     93         0.003         0.015         0.038        -0.040        -0.018
     94        -0.101         0.393         0.052         0.078        -0.047
     95        -0.014        -0.124         0.456        -0.071        -0.015
     96        -0.018         0.066         0.012         0.523        -0.004
     97        -0.050        -0.012         0.063         0.064         0.416
     98         0.011        -0.052         0.053         0.037         0.170
     99         0.035        -0.021         0.026        -0.024        -0.061
    100        -0.018         0.017        -0.047         0.031        -0.022
    101        -0.068         0.030         0.157         0.161        -0.059
    102         0.095         0.001        -0.072        -0.093         0.040
    103        -0.013         0.030         0.048         0.004        -0.043
    104         0.008        -0.009         0.046        -0.031         0.022
    105        -0.002         0.001        -0.007         0.060        -0.043
    106         0.119        -0.152        -0.082        -0.099         0.077
    107         0.159        -0.057         0.019        -0.061        -0.073
    108        -0.034         0.013         0.035         0.030         0.046
    109         0.082        -0.024        -0.096        -0.053         0.054
    110         0.085        -0.053        -0.022        -0.009         0.015
    111         0.089         0.007        -0.154        -0.027         0.037
    112         0.026        -0.010        -0.053         0.002         0.017
    113         0.090        -0.054        -0.115        -0.155         0.046
    114        -0.003         0.023        -0.012        -0.093         0.005
    115        -0.077        -0.027         0.102         0.230         0.018
    116         0.070         0.023        -0.123        -0.033         0.063
    117        -0.507         0.066         0.137         0.016        -0.046
    118         0.162        -0.045        -0.228        -0.138         0.062
    119        -0.163         0.048         0.223         0.145        -0.044
    120         0.124        -0.019        -0.150        -0.150        -0.021
    121        -0.132         0.006         0.201         0.086        -0.011
    122         0.023        -0.021        -0.067        -0.004         0.016


           ESTIMATED CORRELATION MATRIX FOR PARAMETER ESTIMATES
                 46            47            48            49            50
              ________      ________      ________      ________      ________
     46         1.000
     47        -0.015         1.000
     48        -0.027        -0.609         1.000
     49        -0.017         0.234        -0.060         1.000
     50         0.028         0.085        -0.015         0.095         1.000
     51        -0.038         0.040         0.011         0.054        -0.038
     52         0.040        -0.148        -0.105        -0.049         0.038
     53        -0.154         0.049        -0.134         0.067        -0.065
     54         0.154         0.067         0.002        -0.082        -0.011
     55        -0.067         0.092        -0.038        -0.027         0.053
     56         0.042         0.014        -0.031        -0.010         0.000
     57         0.051         0.010        -0.036         0.012         0.007
     58         0.044         0.044        -0.034        -0.019         0.034
     59         0.093         0.010         0.002         0.146        -0.035
     60        -0.080        -0.026        -0.054        -0.005         0.052
     61        -0.026         0.068        -0.008        -0.107         0.022
     62         0.000         0.124        -0.044         0.017        -0.085
     63        -0.073        -0.100        -0.016         0.074         0.046
     64        -0.056        -0.012        -0.028        -0.061         0.015
     65        -0.025         0.031        -0.011         0.051        -0.160
     66        -0.023        -0.092         0.058        -0.081         0.157
     67         0.012        -0.034         0.007        -0.048         0.043
     68        -0.025        -0.038         0.040        -0.009        -0.010
     69        -0.011        -0.036         0.015        -0.095         0.030
     70        -0.127         0.021         0.027         0.032        -0.009
     71        -0.332         0.023         0.019        -0.018         0.044
     72         0.043        -0.337         0.204        -0.089        -0.052
     73         0.001         0.186        -0.288         0.054        -0.005
     74        -0.012        -0.125         0.077        -0.332         0.045
     75         0.011        -0.027        -0.015        -0.017        -0.323
     76         0.036        -0.009         0.024        -0.010         0.027
     77        -0.025         0.060         0.063         0.038         0.018
     78         0.041        -0.027         0.061        -0.035         0.011
     79        -0.029        -0.018        -0.003         0.045         0.016
     80         0.050        -0.053         0.017         0.016        -0.029
     81        -0.007        -0.002        -0.008        -0.009         0.036
     82        -0.031         0.046        -0.032         0.038        -0.047
     83         0.011         0.000        -0.006        -0.004        -0.040
     84        -0.056         0.072        -0.030        -0.018        -0.062
     85         0.027        -0.004         0.003        -0.003        -0.010
     86         0.026         0.027        -0.028         0.052        -0.063
     87        -0.020        -0.008        -0.022        -0.001        -0.015
     88         0.051        -0.017         0.028        -0.040        -0.001
     89        -0.011        -0.020         0.032        -0.009        -0.007
     90         0.031         0.015        -0.030        -0.003         0.055
     91         0.002         0.092        -0.071         0.087        -0.157
     92         0.047        -0.088         0.043        -0.033         0.097
     93         0.089        -0.002        -0.020         0.039         0.011
     94        -0.022         0.045        -0.037         0.064        -0.055
     95         0.070         0.045        -0.036         0.043        -0.006
     96         0.039         0.041         0.000         0.129        -0.082
     97         0.122         0.010        -0.050        -0.013        -0.037
     98         0.468        -0.020        -0.009        -0.009        -0.020
     99        -0.012         0.420        -0.228         0.119         0.089
    100        -0.021        -0.248         0.404        -0.054        -0.011
    101        -0.016         0.171        -0.077         0.452        -0.049
    102         0.002         0.046         0.004         0.026         0.579
    103        -0.027         0.002        -0.008         0.018        -0.026
    104         0.014        -0.085        -0.045        -0.049        -0.002
    105        -0.065         0.036        -0.085         0.044        -0.027
    106         0.088        -0.007         0.024        -0.081         0.035
    107        -0.064         0.041        -0.014        -0.028         0.070
    108        -0.037        -0.009        -0.002        -0.020        -0.058
    109         0.078        -0.077         0.026        -0.042         0.038
    110         0.018         0.016        -0.008         0.004         0.033
    111         0.084        -0.097         0.051         0.017         0.081
    112        -0.049        -0.007        -0.006        -0.005         0.037
    113        -0.005        -0.032         0.033        -0.082         0.114
    114         0.032         0.016         0.014         0.005         0.019
    115        -0.043         0.037        -0.043         0.036        -0.038
    116        -0.027        -0.031        -0.005        -0.025         0.057
    117        -0.030         0.031         0.000         0.051        -0.119
    118         0.010        -0.107         0.076        -0.109         0.174
    119        -0.019         0.121        -0.076         0.110        -0.164
    120         0.040        -0.139         0.071        -0.069         0.092
    121         0.007         0.091        -0.049         0.065        -0.133
    122        -0.091        -0.007         0.027        -0.049         0.008


           ESTIMATED CORRELATION MATRIX FOR PARAMETER ESTIMATES
                 51            52            53            54            55
              ________      ________      ________      ________      ________
     51         1.000
     52         0.071         1.000
     53         0.074        -0.031         1.000
     54        -0.094        -0.170        -0.150         1.000
     55         0.048        -0.030         0.005         0.207         1.000
     56         0.037         0.008        -0.067         0.020        -0.006
     57        -0.019        -0.018        -0.077         0.027        -0.024
     58        -0.025         0.246        -0.106        -0.034         0.111
     59         0.078        -0.013         0.063         0.059         0.011
     60        -0.031         0.026        -0.022         0.079        -0.050
     61        -0.045        -0.022        -0.094         0.077        -0.035
     62        -0.003        -0.066         0.035         0.043        -0.056
     63        -0.062         0.100         0.101         0.256        -0.214
     64        -0.104        -0.190         0.000         0.036        -0.043
     65         0.058         0.028         0.071        -0.187        -0.226
     66        -0.116         0.034        -0.144        -0.091        -0.134
     67        -0.065         0.010        -0.058         0.052        -0.015
     68        -0.005        -0.007         0.030        -0.014        -0.015
     69        -0.001         0.038        -0.057         0.029         0.066
     70         0.020        -0.001         0.033        -0.054         0.042
     71        -0.005        -0.031         0.027        -0.058         0.025
     72        -0.003         0.052        -0.033        -0.029        -0.043
     73         0.012         0.062         0.055         0.012         0.016
     74        -0.063         0.069        -0.117        -0.015        -0.052
     75         0.034        -0.014         0.079         0.063         0.003
     76        -0.168         0.018        -0.041         0.000        -0.027
     77        -0.026        -0.286         0.000         0.034         0.000
     78         0.006         0.026        -0.309         0.060         0.006
     79         0.036         0.052         0.063        -0.281        -0.035
     80        -0.016         0.025        -0.009        -0.063        -0.350
     81        -0.008         0.009         0.004         0.007        -0.025
     82         0.047         0.006         0.061         0.056         0.090
     83         0.039        -0.062         0.065         0.040        -0.001
     84         0.044        -0.034         0.052         0.056         0.096
     85        -0.001        -0.003        -0.015        -0.021         0.005
     86         0.053        -0.012         0.095         0.023         0.049
     87         0.019         0.044         0.065         0.034         0.074
     88         0.007         0.032        -0.058        -0.101         0.064
     89         0.041         0.059        -0.018         0.005         0.038
     90        -0.013        -0.021        -0.010         0.074         0.096
     91         0.117        -0.034         0.150         0.096         0.152
     92        -0.066         0.016        -0.150        -0.082        -0.076
     93        -0.006         0.009        -0.033         0.004         0.002
     94         0.081        -0.032         0.080        -0.089         0.032
     95         0.020         0.023        -0.064         0.009         0.026
     96         0.038        -0.040         0.093        -0.041        -0.029
     97         0.014         0.005         0.046         0.100        -0.014
     98        -0.008         0.010        -0.055         0.073        -0.042
     99        -0.014        -0.079        -0.016         0.008         0.025
    100         0.006        -0.043        -0.068        -0.001        -0.026
    101         0.079        -0.074         0.134        -0.005         0.065
    102        -0.038         0.016        -0.079        -0.043         0.027
    103         0.598         0.014         0.022        -0.044         0.023
    104         0.044         0.445        -0.007        -0.093        -0.008
    105         0.022        -0.014         0.479        -0.084        -0.007
    106        -0.083        -0.084        -0.154         0.429         0.032
    107         0.012        -0.028        -0.013         0.075         0.482
    108         0.036         0.011         0.034        -0.004         0.019
    109        -0.057         0.015        -0.118        -0.079        -0.117
    110        -0.021         0.112        -0.058        -0.032         0.023
    111        -0.050         0.032        -0.105        -0.070        -0.119
    112        -0.011        -0.008        -0.024         0.040        -0.028
    113        -0.080         0.004        -0.133        -0.017        -0.080
    114        -0.040        -0.023        -0.079        -0.054        -0.097
    115         0.019        -0.005         0.119         0.173        -0.040
    116        -0.090        -0.071        -0.065        -0.028        -0.049
    117         0.051         0.011         0.078        -0.071        -0.086
    118        -0.136         0.032        -0.190        -0.089        -0.164
    119         0.130        -0.030         0.197         0.097         0.155
    120        -0.065         0.049        -0.164        -0.131        -0.110
    121         0.092        -0.016         0.123         0.080         0.099
    122        -0.017        -0.003        -0.023        -0.009        -0.022


           ESTIMATED CORRELATION MATRIX FOR PARAMETER ESTIMATES
                 56            57            58            59            60
              ________      ________      ________      ________      ________
     56         1.000
     57         0.557         1.000
     58         0.004        -0.050         1.000
     59         0.036         0.064        -0.072         1.000
     60        -0.055        -0.004         0.014         0.294         1.000
     61        -0.024        -0.066         0.050        -0.203         0.052
     62         0.006        -0.014         0.042        -0.031        -0.114
     63        -0.055        -0.051         0.036        -0.036         0.022
     64        -0.159         0.087         0.028         0.061         0.119
     65         0.022        -0.062        -0.211        -0.003        -0.066
     66        -0.013         0.020         0.168        -0.070         0.054
     67        -0.002         0.034         0.125        -0.052         0.019
     68        -0.002         0.016        -0.023         0.043         0.040
     69        -0.046        -0.042        -0.003        -0.078        -0.006
     70        -0.025        -0.053         0.021        -0.061        -0.030
     71        -0.014        -0.032         0.033        -0.089         0.033
     72         0.015         0.011        -0.029         0.009        -0.007
     73        -0.009        -0.009         0.009         0.010         0.011
     74        -0.002         0.008         0.061        -0.095         0.033
     75         0.022        -0.004        -0.036         0.032        -0.033
     76         0.002         0.015         0.023        -0.008         0.007
     77        -0.001         0.020        -0.025        -0.017        -0.012
     78         0.041         0.001         0.008         0.011        -0.002
     79         0.002         0.016        -0.012        -0.003        -0.038
     80        -0.028         0.036        -0.038         0.027         0.043
     81        -0.267        -0.164         0.029        -0.044        -0.002
     82        -0.166        -0.322        -0.033         0.004         0.011
     83         0.009         0.016        -0.351         0.023        -0.035
     84        -0.031        -0.034        -0.077        -0.278        -0.105
     85        -0.020         0.017        -0.009        -0.084        -0.260
     86         0.005         0.019        -0.086         0.076        -0.043
     87        -0.026        -0.022        -0.092         0.043         0.023
     88         0.043         0.025         0.036        -0.042        -0.040
     89         0.060         0.018        -0.042        -0.015        -0.007
     90         0.022         0.043         0.085         0.002         0.025
     91         0.011        -0.004        -0.176         0.082        -0.033
     92         0.020         0.012         0.151        -0.087        -0.004
     93        -0.005         0.010         0.033        -0.003         0.009
     94         0.013        -0.043        -0.124         0.066        -0.012
     95         0.019        -0.004         0.045        -0.051        -0.055
     96         0.008         0.031        -0.025         0.101         0.010
     97         0.037         0.049        -0.094         0.077         0.021
     98         0.033         0.051        -0.024         0.090        -0.061
     99        -0.025        -0.020         0.074        -0.056         0.002
    100        -0.012        -0.003        -0.023         0.011        -0.003
    101        -0.008        -0.019        -0.103         0.126        -0.025
    102        -0.036        -0.039         0.048        -0.045         0.044
    103         0.014        -0.006         0.000         0.013        -0.018
    104         0.021        -0.012         0.084         0.029        -0.002
    105        -0.063        -0.041        -0.038         0.004        -0.021
    106         0.001        -0.006         0.049        -0.015         0.055
    107         0.004        -0.054         0.065        -0.057        -0.043
    108         0.344         0.204        -0.072         0.042        -0.022
    109         0.241         0.436         0.046        -0.018        -0.014
    110        -0.029        -0.052         0.459        -0.008         0.054
    111         0.023         0.037         0.125         0.282         0.106
    112        -0.007        -0.023         0.041         0.122         0.442
    113         0.010        -0.007         0.130        -0.124         0.034
    114         0.025         0.014         0.137        -0.065        -0.074
    115        -0.055        -0.043        -0.082         0.078         0.036
    116        -0.040         0.024         0.102        -0.006         0.055
    117        -0.009        -0.036        -0.145         0.037        -0.036
    118         0.023         0.034         0.198        -0.126         0.041
    119        -0.027        -0.028        -0.212         0.131        -0.025
    120         0.059        -0.020         0.200        -0.144        -0.040
    121         0.017        -0.005        -0.144         0.071        -0.060
    122         0.016         0.009         0.004        -0.022        -0.011


           ESTIMATED CORRELATION MATRIX FOR PARAMETER ESTIMATES
                 61            62            63            64            65
              ________      ________      ________      ________      ________
     61         1.000
     62         0.223         1.000
     63        -0.011        -0.100         1.000
     64        -0.028        -0.117         0.025         1.000
     65        -0.064         0.137         0.017        -0.111         1.000
     66         0.028        -0.179         0.054         0.096        -0.250
     67         0.004        -0.102         0.017         0.007        -0.152
     68         0.004        -0.015        -0.022         0.030        -0.009
     69         0.073         0.019        -0.185        -0.039         0.015
     70        -0.032        -0.004         0.014        -0.059         0.036
     71         0.029        -0.080         0.054         0.032        -0.019
     72        -0.013        -0.050         0.000        -0.018         0.012
     73        -0.017         0.004         0.025         0.016        -0.022
     74         0.053        -0.122         0.000         0.050        -0.134
     75         0.002         0.062        -0.020        -0.001         0.102
     76         0.015        -0.003         0.019         0.033        -0.027
     77         0.020         0.038         0.000         0.115        -0.047
     78         0.032         0.053        -0.033        -0.059         0.037
     79        -0.039         0.037        -0.089        -0.028         0.127
     80        -0.004         0.039         0.096         0.046         0.092
     81         0.011        -0.035         0.048         0.072        -0.017
     82         0.021         0.058        -0.004        -0.024         0.116
     83        -0.010         0.009        -0.021        -0.037         0.131
     84         0.046         0.081        -0.042        -0.031         0.112
     85        -0.018         0.012        -0.018         0.025         0.005
     86        -0.258         0.008        -0.003        -0.001         0.124
     87        -0.074        -0.232         0.030         0.015         0.010
     88         0.024         0.016        -0.337        -0.038        -0.052
     89         0.026         0.038        -0.034        -0.352         0.063
     90         0.029        -0.059        -0.024         0.058        -0.411
     91        -0.037         0.177        -0.066        -0.091         0.247
     92        -0.002        -0.087         0.003        -0.016        -0.180
     93        -0.005         0.041        -0.031        -0.052        -0.003
     94        -0.026         0.125        -0.076        -0.007         0.183
     95         0.004         0.034         0.052        -0.031         0.027
     96        -0.102         0.000         0.182         0.021         0.014
     97         0.038         0.062        -0.001         0.065         0.072
     98        -0.032         0.032        -0.021        -0.037        -0.007
     99         0.032         0.059        -0.026         0.007        -0.055
    100         0.012        -0.033        -0.009        -0.022         0.022
    101        -0.090         0.135        -0.013        -0.044         0.178
    102         0.031        -0.084         0.034         0.019        -0.129
    103        -0.024        -0.001        -0.039        -0.062         0.017
    104        -0.038        -0.034         0.018        -0.134         0.026
    105        -0.043        -0.011         0.044         0.015         0.007
    106         0.061        -0.050         0.144         0.026        -0.200
    107        -0.005        -0.060        -0.112        -0.019        -0.149
    108         0.007         0.011        -0.052        -0.029         0.047
    109        -0.003        -0.069        -0.036         0.041        -0.156
    110         0.016         0.046         0.027         0.022        -0.100
    111        -0.056        -0.094         0.030         0.041        -0.166
    112         0.018        -0.072         0.034         0.050        -0.043
    113         0.384        -0.004         0.016         0.004        -0.187
    114         0.104         0.354        -0.046        -0.041        -0.020
    115        -0.019         0.018         0.404         0.024         0.110
    116        -0.014        -0.102         0.023         0.455        -0.156
    117        -0.056         0.130        -0.008        -0.063         0.559
    118         0.065        -0.165         0.048         0.077        -0.279
    119        -0.051         0.153        -0.041        -0.059         0.282
    120         0.005        -0.103         0.010        -0.038        -0.197
    121        -0.020         0.138        -0.033        -0.051         0.218
    122         0.004        -0.069         0.024         0.051        -0.045


           ESTIMATED CORRELATION MATRIX FOR PARAMETER ESTIMATES
                 66            67            68            69            70
              ________      ________      ________      ________      ________
     66         1.000
     67         0.426         1.000
     68        -0.143        -0.152         1.000
     69         0.020         0.061         0.014         1.000
     70         0.059        -0.004        -0.025         0.063         1.000
     71         0.190         0.042         0.032         0.032         0.402
     72        -0.016        -0.012         0.107         0.077        -0.143
     73        -0.008         0.074        -0.034         0.045        -0.039
     74         0.538         0.266        -0.059         0.080         0.033
     75        -0.257        -0.122         0.062        -0.049        -0.017
     76         0.071         0.036         0.023        -0.013        -0.011
     77         0.112        -0.013         0.022        -0.090         0.073
     78        -0.087        -0.064        -0.023         0.014        -0.024
     79        -0.205        -0.303        -0.094        -0.079         0.070
     80         0.045        -0.049        -0.017        -0.062        -0.149
     81         0.103         0.067        -0.040         0.057        -0.016
     82        -0.402        -0.173        -0.037        -0.001        -0.063
     83        -0.297        -0.266         0.020        -0.001        -0.058
     84        -0.480        -0.145         0.031        -0.023        -0.021
     85         0.061         0.022        -0.061         0.024        -0.047
     86        -0.461        -0.185         0.089        -0.067        -0.023
     87        -0.294        -0.063         0.051        -0.004         0.032
     88         0.181        -0.022         0.110         0.389         0.098
     89        -0.159         0.001         0.041         0.016         0.067
     90         0.079         0.126        -0.010        -0.036         0.004
     91        -0.880        -0.385         0.132        -0.032        -0.060
     92         0.721         0.304        -0.136         0.005         0.037
     93         0.058         0.004        -0.036        -0.029        -0.035
     94        -0.401        -0.725         0.137        -0.068        -0.004
     95         0.166         0.126        -0.713         0.009         0.031
     96        -0.168        -0.139         0.034        -0.718        -0.063
     97        -0.419        -0.161         0.101        -0.044        -0.621
     98        -0.090         0.005        -0.023        -0.022        -0.271
     99         0.205         0.069        -0.129        -0.061         0.108
    100        -0.009        -0.052         0.062        -0.025         0.038
    101        -0.570        -0.280         0.073        -0.071        -0.024
    102         0.210         0.104        -0.056         0.069         0.039
    103         0.015        -0.003        -0.038         0.008         0.026
    104        -0.051         0.023        -0.014         0.072        -0.013
    105        -0.058        -0.005         0.049        -0.047        -0.022
    106         0.340         0.310         0.000         0.042        -0.059
    107         0.039         0.069        -0.004         0.083         0.129
    108        -0.183        -0.091         0.060        -0.004         0.015
    109         0.488         0.204        -0.025         0.007         0.024
    110         0.128         0.139        -0.006        -0.004         0.050
    111         0.624         0.218        -0.064        -0.014         0.011
    112         0.004         0.010         0.053        -0.014         0.024
    113         0.565         0.242        -0.108         0.057         0.008
    114         0.370         0.092        -0.078         0.016        -0.008
    115        -0.453        -0.121        -0.003        -0.252        -0.074
    116         0.453         0.142        -0.064         0.000        -0.027
    117        -0.353        -0.222         0.026         0.019         0.003
    118         0.817         0.345        -0.116         0.038         0.034
    119        -0.810        -0.347         0.119        -0.035        -0.036
    120         0.694         0.291        -0.123         0.048         0.066
    121        -0.826        -0.353         0.125        -0.006        -0.044
    122         0.147         0.072        -0.004         0.015         0.028


           ESTIMATED CORRELATION MATRIX FOR PARAMETER ESTIMATES
                 71            72            73            74            75
              ________      ________      ________      ________      ________
     71         1.000
     72        -0.128         1.000
     73        -0.039        -0.589         1.000
     74         0.100         0.169        -0.021         1.000
     75        -0.065         0.142         0.017         0.016         1.000
     76        -0.090        -0.040         0.001         0.055        -0.010
     77         0.106        -0.122        -0.176        -0.001        -0.021
     78        -0.038         0.016        -0.014        -0.030         0.047
     79         0.018         0.064        -0.044        -0.187         0.014
     80        -0.154         0.048        -0.057         0.055         0.077
     81        -0.008         0.062        -0.051         0.111         0.004
     82        -0.080         0.012        -0.016        -0.142         0.119
     83        -0.060         0.093        -0.037        -0.082         0.091
     84         0.036        -0.120         0.050        -0.231         0.148
     85        -0.093        -0.044        -0.009         0.089         0.024
     86        -0.121         0.093        -0.008        -0.234         0.106
     87        -0.073         0.056         0.020        -0.113         0.079
     88        -0.001         0.075        -0.105         0.064        -0.056
     89        -0.030         0.004        -0.073        -0.094         0.055
     90         0.031        -0.011         0.086         0.037        -0.065
     91        -0.159         0.004         0.002        -0.464         0.227
     92         0.095         0.002        -0.052         0.423        -0.193
     93        -0.036         0.003        -0.028         0.048        -0.047
     94        -0.056        -0.012        -0.037        -0.249         0.083
     95        -0.034        -0.078         0.024         0.085        -0.063
     96        -0.061        -0.062        -0.024        -0.150         0.093
     97        -0.293         0.089         0.057        -0.237         0.131
     98        -0.721         0.100         0.014        -0.046         0.067
     99         0.119        -0.675         0.379        -0.006        -0.123
    100         0.015         0.439        -0.716         0.021        -0.031
    101        -0.090        -0.130         0.039        -0.813         0.051
    102         0.076        -0.081        -0.037        -0.001        -0.725
    103         0.079         0.031        -0.008         0.013        -0.006
    104        -0.043         0.084         0.115         0.017         0.006
    105        -0.001        -0.001         0.007        -0.045        -0.004
    106        -0.001        -0.042         0.015         0.261        -0.048
    107         0.150        -0.046         0.057         0.016        -0.098
    108        -0.017        -0.014         0.056        -0.144         0.075
    109         0.050         0.012         0.005         0.229        -0.128
    110         0.016        -0.067         0.024        -0.002        -0.042
    111         0.009         0.067        -0.055         0.307        -0.183
    112         0.102         0.028         0.000        -0.052        -0.031
    113         0.099        -0.041        -0.021         0.325        -0.118
    114         0.048        -0.048        -0.029         0.168        -0.080
    115        -0.054        -0.045         0.074        -0.229         0.130
    116         0.077        -0.003         0.013         0.236        -0.106
    117        -0.062         0.000        -0.046        -0.209         0.121
    118         0.156         0.001        -0.031         0.468        -0.221
    119        -0.136        -0.009         0.040        -0.470         0.218
    120         0.101         0.022        -0.037         0.407        -0.184
    121        -0.153         0.015         0.040        -0.475         0.205
    122         0.043         0.020         0.013         0.071         0.018


           ESTIMATED CORRELATION MATRIX FOR PARAMETER ESTIMATES
                 76            77            78            79            80
              ________      ________      ________      ________      ________
     76         1.000
     77         0.009         1.000
     78         0.020        -0.039         1.000
     79        -0.070        -0.098        -0.129         1.000
     80        -0.007        -0.006        -0.007         0.133         1.000
     81         0.020         0.001         0.000        -0.009         0.037
     82        -0.002        -0.060         0.003         0.032        -0.006
     83        -0.043         0.110         0.007         0.049         0.148
     84        -0.045        -0.036         0.060         0.129         0.008
     85         0.008         0.039        -0.022         0.021         0.023
     86        -0.041        -0.073         0.022         0.109        -0.023
     87        -0.073        -0.123         0.036         0.075        -0.183
     88        -0.025         0.061        -0.034         0.348        -0.107
     89        -0.039        -0.117         0.044         0.061        -0.038
     90         0.009         0.020        -0.033        -0.248        -0.376
     91        -0.068        -0.093         0.044         0.185        -0.023
     92         0.046         0.111        -0.055        -0.161         0.016
     93         0.001         0.010        -0.036         0.012         0.010
     94        -0.031        -0.004         0.042         0.239         0.014
     95        -0.019        -0.006         0.039         0.062         0.013
     96         0.002         0.052        -0.023         0.084         0.076
     97        -0.009        -0.082         0.015         0.035         0.102
     98         0.075        -0.042         0.023        -0.044         0.140
     99         0.039         0.124        -0.022        -0.083        -0.047
    100         0.002         0.124         0.029         0.027         0.062
    101        -0.049        -0.021         0.013         0.188        -0.027
    102         0.017         0.024        -0.025         0.008        -0.093
    103        -0.778         0.003        -0.009         0.046         0.001
    104        -0.015        -0.674         0.005         0.081         0.009
    105        -0.026         0.000        -0.721         0.113         0.009
    106         0.073         0.107         0.058        -0.695        -0.053
    107         0.007         0.021         0.000        -0.094        -0.726
    108        -0.015        -0.035         0.024         0.024        -0.015
    109         0.012         0.066        -0.039        -0.058         0.044
    110         0.030        -0.100        -0.015         0.007        -0.109
    111         0.050         0.085        -0.060        -0.142         0.015
    112         0.004        -0.015         0.004        -0.031         0.004
    113         0.051         0.081        -0.007        -0.161         0.019
    114         0.064         0.114        -0.020        -0.090         0.154
    115        -0.004        -0.075         0.038        -0.120         0.103
    116         0.049         0.129        -0.071        -0.104         0.025
    117        -0.035        -0.058         0.033         0.224         0.232
    118         0.071         0.105        -0.069        -0.160         0.033
    119        -0.072        -0.097         0.068         0.154        -0.035
    120         0.040         0.077        -0.067        -0.123         0.025
    121        -0.061        -0.123         0.062         0.195        -0.024
    122         0.015         0.024         0.011        -0.061        -0.005


           ESTIMATED CORRELATION MATRIX FOR PARAMETER ESTIMATES
                 81            82            83            84            85
              ________      ________      ________      ________      ________
     81         1.000
     82         0.452         1.000
     83         0.012         0.143         1.000
     84         0.001         0.224         0.144         1.000
     85        -0.014        -0.001         0.025         0.198         1.000
     86        -0.006         0.159         0.157         0.127         0.004
     87        -0.010         0.134         0.093         0.115        -0.035
     88        -0.042        -0.137        -0.071        -0.151        -0.032
     89        -0.152         0.051         0.043         0.109        -0.030
     90        -0.015        -0.020        -0.135        -0.110        -0.080
     91        -0.092         0.357         0.272         0.426        -0.030
     92         0.064        -0.263        -0.204        -0.346         0.110
     93         0.007        -0.012        -0.036        -0.017         0.056
     94        -0.073         0.151         0.200         0.146        -0.004
     95         0.033         0.003        -0.027        -0.019         0.077
     96        -0.064         0.059         0.038         0.056        -0.018
     97        -0.038         0.174         0.156         0.180        -0.035
     98        -0.030         0.014         0.035        -0.068         0.081
     99         0.001        -0.060        -0.118        -0.005         0.062
    100         0.043         0.035         0.029        -0.038        -0.020
    101        -0.097         0.174         0.109         0.224        -0.091
    102         0.043        -0.062        -0.070        -0.119        -0.029
    103        -0.002        -0.030         0.022        -0.006         0.008
    104        -0.008         0.038        -0.084         0.015        -0.008
    105        -0.020         0.015         0.012         0.010         0.003
    106         0.041        -0.080        -0.088        -0.161         0.021
    107         0.010         0.014        -0.126        -0.013        -0.002
    108        -0.579        -0.242         0.074         0.044        -0.038
    109        -0.287        -0.742        -0.143        -0.264         0.041
    110         0.031        -0.044        -0.724        -0.065        -0.036
    111         0.017        -0.272        -0.191        -0.749        -0.065
    112         0.020         0.008        -0.042        -0.161        -0.712
    113         0.033        -0.203        -0.178        -0.197         0.031
    114         0.006        -0.179        -0.115        -0.166         0.048
    115        -0.009         0.221         0.149         0.255        -0.032
    116         0.108        -0.164        -0.128        -0.236         0.054
    117        -0.042         0.111         0.175         0.216         0.029
    118         0.073        -0.324        -0.245        -0.373         0.065
    119        -0.078         0.311         0.240         0.373        -0.081
    120         0.069        -0.256        -0.196        -0.316         0.093
    121        -0.073         0.308         0.229         0.401        -0.086
    122         0.017        -0.050        -0.014        -0.062         0.017


           ESTIMATED CORRELATION MATRIX FOR PARAMETER ESTIMATES
                 86            87            88            89            90
              ________      ________      ________      ________      ________
     86         1.000
     87         0.303         1.000
     88        -0.090        -0.036         1.000
     89         0.018         0.001         0.016         1.000
     90        -0.032         0.033         0.081        -0.039         1.000
     91         0.406         0.253        -0.147         0.137        -0.068
     92        -0.335        -0.227         0.147        -0.096         0.064
     93        -0.027        -0.050         0.024        -0.008         0.021
     94         0.186         0.053         0.016        -0.005        -0.083
     95        -0.104        -0.066        -0.048        -0.020        -0.006
     96         0.126         0.061        -0.314         0.004         0.014
     97         0.181         0.106        -0.136        -0.010        -0.019
     98         0.053         0.032         0.001         0.013        -0.015
     99        -0.137        -0.108        -0.004        -0.035         0.024
    100         0.002        -0.003         0.052         0.041        -0.079
    101         0.269         0.132        -0.071         0.060        -0.052
    102        -0.068        -0.035         0.033        -0.035         0.053
    103        -0.003         0.029         0.045         0.020        -0.003
    104         0.035         0.086        -0.012         0.073        -0.003
    105         0.043         0.016        -0.012        -0.035         0.005
    106        -0.179        -0.117        -0.198        -0.049         0.166
    107        -0.011         0.129         0.124         0.021         0.259
    108         0.062         0.046         0.011         0.092        -0.028
    109        -0.220        -0.181         0.152        -0.067         0.026
    110        -0.068        -0.057         0.047        -0.027         0.093
    111        -0.234        -0.180         0.154        -0.111         0.098
    112        -0.024         0.022         0.004         0.002         0.079
    113        -0.758        -0.290         0.104        -0.034         0.061
    114        -0.299        -0.734         0.087        -0.023        -0.026
    115         0.217         0.152        -0.668         0.063        -0.074
    116        -0.158        -0.095         0.084        -0.663         0.057
    117         0.168         0.047        -0.092         0.063        -0.643
    118        -0.402        -0.245         0.145        -0.117         0.085
    119         0.385         0.246        -0.158         0.119        -0.087
    120        -0.333        -0.252         0.165        -0.082         0.057
    121         0.382         0.222        -0.145         0.123        -0.080
    122        -0.048        -0.001         0.007        -0.036        -0.025


           ESTIMATED CORRELATION MATRIX FOR PARAMETER ESTIMATES
                 91            92            93            94            95
              ________      ________      ________      ________      ________
     91         1.000
     92        -0.606         1.000
     93         0.149         0.393         1.000
     94         0.507        -0.236         0.324         1.000
     95        -0.161         0.266         0.195        -0.140         1.000
     96         0.223        -0.121         0.194         0.257        -0.061
     97         0.400        -0.553        -0.090         0.170        -0.165
     98         0.031        -0.097        -0.243        -0.094        -0.005
     99        -0.179         0.293         0.131        -0.049         0.175
    100        -0.005        -0.027        -0.097        -0.001        -0.067
    101         0.565        -0.538        -0.091         0.304        -0.112
    102        -0.250         0.126        -0.082        -0.136         0.055
    103        -0.012         0.085         0.018         0.004         0.073
    104         0.076        -0.011         0.111        -0.003         0.028
    105         0.102        -0.021         0.196         0.084        -0.036
    106        -0.300         0.406         0.183        -0.318         0.038
    107        -0.054         0.041        -0.129        -0.103        -0.017
    108         0.081        -0.381        -0.591        -0.054        -0.158
    109        -0.438         0.515         0.263        -0.147         0.079
    110        -0.128         0.098         0.243        -0.069         0.042
    111        -0.603         0.673         0.170        -0.215         0.110
    112        -0.057        -0.086        -0.165        -0.057        -0.074
    113        -0.570         0.557         0.086        -0.266         0.199
    114        -0.364         0.417         0.108        -0.090         0.139
    115         0.409        -0.578        -0.203         0.069        -0.031
    116        -0.461         0.420        -0.122        -0.196         0.074
    117         0.347        -0.353         0.039         0.276        -0.021
    118        -0.800         0.747         0.168        -0.350         0.179
    119         0.779        -0.814        -0.208         0.348        -0.193
    120        -0.631         0.858         0.263        -0.269         0.213
    121         0.679        -0.865        -0.132         0.328        -0.179
    122        -0.285        -0.146        -0.837        -0.346        -0.125


           ESTIMATED CORRELATION MATRIX FOR PARAMETER ESTIMATES
                 96            97            98            99           100
              ________      ________      ________      ________      ________
     96         1.000
     97         0.167         1.000
     98         0.013         0.323         1.000
     99         0.029        -0.273        -0.143         1.000
    100         0.021        -0.031         0.005        -0.570         1.000
    101         0.186         0.301         0.033         0.020        -0.019
    102        -0.160        -0.118        -0.037         0.087         0.076
    103        -0.012        -0.073        -0.083         0.001         0.003
    104        -0.054         0.039         0.009        -0.157        -0.117
    105         0.134         0.051        -0.081        -0.001        -0.052
    106        -0.110        -0.133         0.014         0.179        -0.051
    107        -0.099        -0.161        -0.153         0.078        -0.079
    108        -0.041         0.155         0.173        -0.133         0.012
    109        -0.040        -0.263        -0.052         0.123        -0.063
    110         0.042        -0.078        -0.101         0.115        -0.050
    111        -0.067        -0.376         0.028         0.137         0.011
    112        -0.011         0.021        -0.081        -0.068         0.003
    113        -0.179        -0.307        -0.047         0.184         0.012
    114        -0.106        -0.218        -0.033         0.183        -0.008
    115         0.374         0.403         0.088        -0.156        -0.028
    116        -0.129        -0.214         0.004         0.121        -0.017
    117         0.057         0.210         0.043        -0.090         0.041
    118        -0.176        -0.416        -0.108         0.207        -0.004
    119         0.174         0.448         0.097        -0.217         0.005
    120        -0.180        -0.498        -0.087         0.213        -0.025
    121         0.154         0.488         0.072        -0.252        -0.011
    122        -0.221        -0.028         0.193        -0.065         0.094


           ESTIMATED CORRELATION MATRIX FOR PARAMETER ESTIMATES
                101           102           103           104           105
              ________      ________      ________      ________      ________
    101         1.000
    102        -0.008         1.000
    103        -0.024         0.004         1.000
    104        -0.037        -0.021         0.009         1.000
    105         0.044        -0.019         0.012         0.021         1.000
    106        -0.329         0.000        -0.065        -0.110        -0.122
    107        -0.035         0.162        -0.012        -0.032        -0.020
    108         0.176        -0.050        -0.010        -0.027        -0.070
    109        -0.307         0.022         0.062        -0.004         0.012
    110        -0.030         0.017        -0.046         0.166         0.045
    111        -0.384         0.147         0.056        -0.032        -0.002
    112         0.050         0.057         0.008        -0.018        -0.041
    113        -0.426         0.131         0.016        -0.042        -0.063
    114        -0.206         0.022        -0.035        -0.083        -0.037
    115         0.300        -0.084        -0.090         0.030         0.011
    116        -0.276         0.109         0.001        -0.173        -0.044
    117         0.262        -0.147        -0.004         0.048         0.018
    118        -0.575         0.191         0.010        -0.033        -0.028
    119         0.586        -0.184        -0.023         0.018         0.028
    120        -0.521         0.125         0.079         0.017        -0.019
    121         0.545        -0.158        -0.053         0.051         0.063
    122        -0.047         0.087        -0.015        -0.107        -0.190


           ESTIMATED CORRELATION MATRIX FOR PARAMETER ESTIMATES
                106           107           108           109           110
              ________      ________      ________      ________      ________
    106         1.000
    107         0.094         1.000
    108        -0.186         0.039         1.000
    109         0.187        -0.068         0.131         1.000
    110         0.043         0.110        -0.197         0.080         1.000
    111         0.299         0.018        -0.183         0.436         0.100
    112         0.033        -0.002         0.066        -0.066         0.037
    113         0.297         0.008        -0.139         0.335         0.092
    114         0.185        -0.150        -0.108         0.282         0.115
    115         0.065        -0.164         0.160        -0.379        -0.101
    116         0.165         0.033        -0.076         0.247         0.002
    117        -0.338        -0.400         0.067        -0.177        -0.096
    118         0.339         0.013        -0.236         0.489         0.136
    119        -0.351        -0.017         0.272        -0.497        -0.135
    120         0.320         0.028        -0.284         0.466         0.098
    121        -0.364        -0.063         0.227        -0.453        -0.059
    122        -0.059         0.123         0.472        -0.122        -0.208


           ESTIMATED CORRELATION MATRIX FOR PARAMETER ESTIMATES
                111           112           113           114           115
              ________      ________      ________      ________      ________
    111         1.000
    112         0.145         1.000
    113         0.348         0.005         1.000
    114         0.298        -0.063         0.432         1.000
    115        -0.445         0.048        -0.331        -0.282         1.000
    116         0.356         0.032         0.251         0.177        -0.286
    117        -0.308        -0.078        -0.261        -0.080         0.247
    118         0.588        -0.024         0.576         0.370        -0.465
    119        -0.612         0.043        -0.578        -0.387         0.497
    120         0.576        -0.070         0.519         0.404        -0.519
    121        -0.621         0.042        -0.542        -0.354         0.500
    122        -0.021         0.108         0.046        -0.012         0.048


           ESTIMATED CORRELATION MATRIX FOR PARAMETER ESTIMATES
                116           117           118           119           120
              ________      ________      ________      ________      ________
    116         1.000
    117        -0.224         1.000
    118         0.409        -0.361         1.000
    119        -0.420         0.374        -0.965         1.000
    120         0.365        -0.327         0.830        -0.911         1.000
    121        -0.463         0.383        -0.751         0.790        -0.752
    122         0.216        -0.110         0.037        -0.008        -0.047


           ESTIMATED CORRELATION MATRIX FOR PARAMETER ESTIMATES
                121           122
              ________      ________
    121         1.000
    122        -0.062         1.000


TECHNICAL 4 OUTPUT


     ESTIMATES DERIVED FROM THE MODEL


           ESTIMATED MEANS FOR THE LATENT VARIABLES
              IX            SX            IY            SY            C1
              ________      ________      ________      ________      ________
                0.002         0.240        -0.007         0.136         0.496


           ESTIMATED MEANS FOR THE LATENT VARIABLES
              C2            C3            C4            C5            C6
              ________      ________      ________      ________      ________
                0.195         0.436         0.308         0.242         3.159


           ESTIMATED MEANS FOR THE LATENT VARIABLES
              C7            C8            C9            C10           C11
              ________      ________      ________      ________      ________
                7.151         0.202         0.079         0.004         0.108


           ESTIMATED MEANS FOR THE LATENT VARIABLES
              C12           C13           C14           C15           C16
              ________      ________      ________      ________      ________
                2.199         0.688         0.539         0.318         0.434


           ESTIMATED MEANS FOR THE LATENT VARIABLES
              C17           C18           C19           C20           C21
              ________      ________      ________      ________      ________
                0.829         0.233         0.186         0.109         0.212


           ESTIMATED MEANS FOR THE LATENT VARIABLES
              C22           C23           C24
              ________      ________      ________
                0.684         0.292         3.717


           S.E. FOR ESTIMATED MEANS FOR THE LATENT VARIABLES
              IX            SX            IY            SY            C1
              ________      ________      ________      ________      ________
                0.020         0.028         0.018         0.028         0.006


           S.E. FOR ESTIMATED MEANS FOR THE LATENT VARIABLES
              C2            C3            C4            C5            C6
              ________      ________      ________      ________      ________
                0.007         0.011         0.010         0.009         0.025


           S.E. FOR ESTIMATED MEANS FOR THE LATENT VARIABLES
              C7            C8            C9            C10           C11
              ________      ________      ________      ________      ________
                0.101         0.009         0.006         0.001         0.006


           S.E. FOR ESTIMATED MEANS FOR THE LATENT VARIABLES
              C12           C13           C14           C15           C16
              ________      ________      ________      ________      ________
                0.019         0.024         0.011         0.008         0.009


           S.E. FOR ESTIMATED MEANS FOR THE LATENT VARIABLES
              C17           C18           C19           C20           C21
              ________      ________      ________      ________      ________
                0.007         0.008         0.007         0.006         0.008


           S.E. FOR ESTIMATED MEANS FOR THE LATENT VARIABLES
              C22           C23           C24
              ________      ________      ________
                0.010         0.017         0.092


           EST./S.E. FOR ESTIMATED MEANS FOR THE LATENT VARIABLES
              IX            SX            IY            SY            C1
              ________      ________      ________      ________      ________
                0.117         8.598        -0.361         4.839        81.445


           EST./S.E. FOR ESTIMATED MEANS FOR THE LATENT VARIABLES
              C2            C3            C4            C5            C6
              ________      ________      ________      ________      ________
               26.240        40.538        30.756        26.557       127.417


           EST./S.E. FOR ESTIMATED MEANS FOR THE LATENT VARIABLES
              C7            C8            C9            C10           C11
              ________      ________      ________      ________      ________
               70.991        23.336        13.344         3.752        18.253


           EST./S.E. FOR ESTIMATED MEANS FOR THE LATENT VARIABLES
              C12           C13           C14           C15           C16
              ________      ________      ________      ________      ________
              117.626        28.286        49.847        37.945        47.065


           EST./S.E. FOR ESTIMATED MEANS FOR THE LATENT VARIABLES
              C17           C18           C19           C20           C21
              ________      ________      ________      ________      ________
              119.446        27.798        24.807        17.614        27.139


           EST./S.E. FOR ESTIMATED MEANS FOR THE LATENT VARIABLES
              C22           C23           C24
              ________      ________      ________
               70.111        17.137        40.610


           TWO-TAILED P-VALUE FOR ESTIMATED MEANS FOR THE LATENT VARIABLES
              IX            SX            IY            SY            C1
              ________      ________      ________      ________      ________
                0.907         0.000         0.718         0.000         0.000


           TWO-TAILED P-VALUE FOR ESTIMATED MEANS FOR THE LATENT VARIABLES
              C2            C3            C4            C5            C6
              ________      ________      ________      ________      ________
                0.000         0.000         0.000         0.000         0.000


           TWO-TAILED P-VALUE FOR ESTIMATED MEANS FOR THE LATENT VARIABLES
              C7            C8            C9            C10           C11
              ________      ________      ________      ________      ________
                0.000         0.000         0.000         0.000         0.000


           TWO-TAILED P-VALUE FOR ESTIMATED MEANS FOR THE LATENT VARIABLES
              C12           C13           C14           C15           C16
              ________      ________      ________      ________      ________
                0.000         0.000         0.000         0.000         0.000


           TWO-TAILED P-VALUE FOR ESTIMATED MEANS FOR THE LATENT VARIABLES
              C17           C18           C19           C20           C21
              ________      ________      ________      ________      ________
                0.000         0.000         0.000         0.000         0.000


           TWO-TAILED P-VALUE FOR ESTIMATED MEANS FOR THE LATENT VARIABLES
              C22           C23           C24
              ________      ________      ________
                0.000         0.000         0.000


           ESTIMATED COVARIANCE MATRIX FOR THE LATENT VARIABLES
              IX            SX            IY            SY            C1
              ________      ________      ________      ________      ________
 IX             0.308
 SX            -0.048         0.144
 IY            -0.156        -0.003         0.468
 SY             0.034        -0.091         0.011         0.157
 C1            -0.021         0.007        -0.085         0.004         0.250
 C2             0.028        -0.008        -0.064         0.006         0.035
 C3             0.029        -0.008        -0.080         0.004        -0.009
 C4            -0.002         0.024        -0.029         0.037         0.000
 C5            -0.022        -0.008         0.077        -0.036         0.005
 C6            -0.002        -0.036         0.095         0.042        -0.038
 C7            -0.087        -0.084         0.520        -0.078        -0.140
 C8            -0.041         0.010         0.007        -0.002        -0.002
 C9             0.017        -0.002        -0.007        -0.008         0.002
 C10            0.000        -0.001         0.001         0.001        -0.001
 C11           -0.005        -0.009         0.000         0.013         0.001
 C12            0.048         0.000        -0.135         0.035         0.042
 C13            0.102        -0.043        -0.250         0.041         0.126
 C14           -0.010        -0.001         0.044        -0.038        -0.003
 C15           -0.039         0.012         0.165        -0.059        -0.030
 C16            0.051        -0.016        -0.132         0.034         0.030
 C17            0.014         0.012        -0.056         0.022         0.036
 C18            0.047        -0.019        -0.012         0.013        -0.010
 C19           -0.020         0.004         0.032         0.007         0.001
 C20            0.032        -0.012        -0.007        -0.008        -0.002
 C21            0.015        -0.011         0.021        -0.002        -0.014
 C22           -0.040         0.024         0.073         0.001        -0.008
 C23            0.009        -0.056         0.197        -0.082        -0.050
 C24            0.153         0.031        -0.447        -0.004         0.073


           ESTIMATED COVARIANCE MATRIX FOR THE LATENT VARIABLES
              C2            C3            C4            C5            C6
              ________      ________      ________      ________      ________
 C2             0.157
 C3             0.042         0.246
 C4             0.004        -0.015         0.213
 C5            -0.018        -0.025        -0.075         0.184
 C6            -0.061        -0.109         0.073         0.031         1.375
 C7            -0.210        -0.468         0.198         0.202         3.679
 C8            -0.003        -0.003        -0.013         0.004        -0.138
 C9             0.006         0.016        -0.009        -0.003        -0.038
 C10           -0.001        -0.001        -0.001         0.002         0.002
 C11           -0.002         0.011        -0.002        -0.008         0.083
 C12            0.028         0.003        -0.007         0.008        -0.033
 C13            0.192         0.231        -0.026        -0.075        -0.280
 C14           -0.011        -0.022         0.003         0.037         0.012
 C15           -0.022        -0.022         0.000         0.012         0.018
 C16            0.018         0.004         0.002        -0.008         0.000
 C17            0.011         0.000         0.001        -0.004        -0.060
 C18           -0.007        -0.005         0.011        -0.012         0.016
 C19           -0.004        -0.021         0.001         0.013         0.052
 C20           -0.001         0.016        -0.003        -0.001        -0.035
 C21           -0.007        -0.004        -0.011         0.015         0.013
 C22           -0.063        -0.113         0.004         0.029         0.085
 C23           -0.021        -0.009        -0.016         0.019         0.082
 C24            0.245         0.375        -0.054        -0.033        -0.618


           ESTIMATED COVARIANCE MATRIX FOR THE LATENT VARIABLES
              C7            C8            C9            C10           C11
              ________      ________      ________      ________      ________
 C7            22.418
 C8            -0.328         0.161
 C9            -0.122        -0.016         0.073
 C10            0.011        -0.001         0.000         0.004
 C11            0.339         0.000        -0.003         0.000         0.096
 C12           -0.069         0.010        -0.001        -0.001         0.003
 C13           -1.051         0.021         0.041         0.000         0.039
 C14            0.178         0.008        -0.014         0.002        -0.003
 C15            0.115         0.001        -0.004         0.000         0.002
 C16            0.007        -0.008         0.003         0.000        -0.001
 C17           -0.181        -0.001         0.004         0.000        -0.024
 C18           -0.012         0.000        -0.001         0.000        -0.004
 C19            0.217        -0.006        -0.005         0.000        -0.002
 C20           -0.122         0.004         0.004         0.000        -0.001
 C21            0.073        -0.004         0.000         0.001         0.008
 C22            0.370        -0.005        -0.012         0.001        -0.017
 C23            0.480         0.003        -0.003         0.001         0.050
 C24           -2.008         0.067         0.040         0.004        -0.007


           ESTIMATED COVARIANCE MATRIX FOR THE LATENT VARIABLES
              C12           C13           C14           C15           C16
              ________      ________      ________      ________      ________
 C12            1.030
 C13            0.241         1.543
 C14            0.010        -0.083         0.248
 C15           -0.047        -0.079         0.003         0.217
 C16            0.052         0.043         0.002        -0.138         0.246
 C17            0.016         0.030        -0.028        -0.008         0.008
 C18           -0.008        -0.050        -0.006        -0.002        -0.003
 C19           -0.011        -0.058         0.018         0.007        -0.006
 C20            0.011         0.014         0.001        -0.002         0.003
 C21           -0.003        -0.016         0.039         0.004        -0.004
 C22           -0.050        -0.356         0.036         0.023        -0.004
 C23           -0.029        -0.055         0.021         0.089        -0.065
 C24            0.553         1.730         0.694        -0.130         0.053


           ESTIMATED COVARIANCE MATRIX FOR THE LATENT VARIABLES
              C17           C18           C19           C20           C21
              ________      ________      ________      ________      ________
 C17            0.142
 C18           -0.001         0.179
 C19           -0.006        -0.043         0.151
 C20            0.003         0.027        -0.013         0.097
 C21           -0.019        -0.007         0.013        -0.023         0.167
 C22           -0.002         0.018         0.022        -0.007         0.006
 C23           -0.032        -0.002         0.008         0.016         0.034
 C24            0.079        -0.002        -0.024         0.064         0.051


           ESTIMATED COVARIANCE MATRIX FOR THE LATENT VARIABLES
              C22           C23           C24
              ________      ________      ________
 C22            0.216
 C23            0.004         0.925
 C24           -0.424        -0.078        17.960


           S.E. FOR ESTIMATED COVARIANCE MATRIX FOR THE LATENT VARIABLES
              IX            SX            IY            SY            C1
              ________      ________      ________      ________      ________
 IX             0.065
 SX             0.073         0.083
 IY             0.020         0.023         0.027
 SY             0.027         0.031         0.032         0.047
 C1             0.007         0.009         0.008         0.012         0.000
 C2             0.008         0.009         0.006         0.009         0.003
 C3             0.010         0.012         0.009         0.013         0.003
 C4             0.009         0.011         0.008         0.012         0.003
 C5             0.009         0.011         0.008         0.012         0.003
 C6             0.022         0.028         0.021         0.033         0.008
 C7             0.087         0.114         0.089         0.135         0.030
 C8             0.009         0.011         0.008         0.011         0.002
 C9             0.005         0.006         0.005         0.006         0.002
 C10            0.001         0.001         0.001         0.001         0.001
 C11            0.005         0.007         0.006         0.010         0.002
 C12            0.018         0.024         0.019         0.028         0.008
 C13            0.026         0.030         0.022         0.028         0.009
 C14            0.010         0.013         0.009         0.013         0.003
 C15            0.008         0.010         0.008         0.013         0.004
 C16            0.009         0.011         0.008         0.012         0.004
 C17            0.007         0.009         0.007         0.011         0.003
 C18            0.008         0.010         0.007         0.011         0.003
 C19            0.007         0.009         0.007         0.011         0.003
 C20            0.006         0.007         0.006         0.008         0.002
 C21            0.007         0.009         0.007         0.011         0.003
 C22            0.010         0.012         0.008         0.012         0.003
 C23            0.016         0.024         0.025         0.033         0.008
 C24            0.089         0.116         0.074         0.100         0.026


           S.E. FOR ESTIMATED COVARIANCE MATRIX FOR THE LATENT VARIABLES
              C2            C3            C4            C5            C6
              ________      ________      ________      ________      ________
 C2             0.005
 C3             0.004         0.001
 C4             0.003         0.005         0.004
 C5             0.003         0.004         0.003         0.005
 C6             0.008         0.012         0.012         0.011         0.046
 C7             0.036         0.049         0.046         0.044         0.139
 C8             0.003         0.004         0.004         0.004         0.009
 C9             0.002         0.003         0.002         0.002         0.006
 C10            0.000         0.001         0.000         0.001         0.002
 C11            0.002         0.003         0.003         0.002         0.009
 C12            0.007         0.009         0.009         0.008         0.022
 C13            0.013         0.012         0.010         0.009         0.024
 C14            0.004         0.005         0.005         0.004         0.012
 C15            0.003         0.004         0.004         0.004         0.010
 C16            0.003         0.005         0.004         0.004         0.011
 C17            0.002         0.003         0.003         0.003         0.009
 C18            0.003         0.004         0.004         0.003         0.010
 C19            0.003         0.004         0.003         0.003         0.009
 C20            0.002         0.003         0.003         0.003         0.007
 C21            0.003         0.004         0.003         0.004         0.009
 C22            0.004         0.004         0.005         0.004         0.011
 C23            0.006         0.009         0.008         0.008         0.020
 C24            0.038         0.046         0.041         0.039         0.096


           S.E. FOR ESTIMATED COVARIANCE MATRIX FOR THE LATENT VARIABLES
              C7            C8            C9            C10           C11
              ________      ________      ________      ________      ________
 C7             1.122
 C8             0.040         0.005
 C9             0.026         0.001         0.005
 C10            0.008         0.000         0.000         0.001
 C11            0.036         0.002         0.001         0.000         0.005
 C12            0.093         0.007         0.005         0.001         0.006
 C13            0.096         0.011         0.009         0.002         0.010
 C14            0.050         0.004         0.003         0.001         0.003
 C15            0.041         0.003         0.002         0.001         0.003
 C16            0.043         0.004         0.003         0.001         0.003
 C17            0.035         0.003         0.002         0.000         0.003
 C18            0.038         0.003         0.002         0.000         0.002
 C19            0.039         0.003         0.002         0.000         0.002
 C20            0.025         0.003         0.002         0.000         0.002
 C21            0.039         0.003         0.002         0.001         0.003
 C22            0.043         0.004         0.003         0.000         0.003
 C23            0.096         0.007         0.004         0.001         0.009
 C24            0.356         0.037         0.026         0.006         0.024


           S.E. FOR ESTIMATED COVARIANCE MATRIX FOR THE LATENT VARIABLES
              C12           C13           C14           C15           C16
              ________      ________      ________      ________      ________
 C12            0.023
 C13            0.023         0.132
 C14            0.009         0.012         0.001
 C15            0.008         0.009         0.004         0.003
 C16            0.009         0.011         0.005         0.003         0.001
 C17            0.007         0.009         0.003         0.003         0.003
 C18            0.008         0.009         0.004         0.003         0.004
 C19            0.007         0.007         0.004         0.003         0.003
 C20            0.006         0.007         0.003         0.003         0.003
 C21            0.007         0.010         0.004         0.003         0.004
 C22            0.008         0.013         0.005         0.004         0.004
 C23            0.019         0.019         0.008         0.010         0.008
 C24            0.079         0.176         0.041         0.033         0.038


           S.E. FOR ESTIMATED COVARIANCE MATRIX FOR THE LATENT VARIABLES
              C17           C18           C19           C20           C21
              ________      ________      ________      ________      ________
 C17            0.005
 C18            0.003         0.004
 C19            0.003         0.002         0.005
 C20            0.002         0.003         0.002         0.005
 C21            0.003         0.003         0.003         0.001         0.004
 C22            0.003         0.004         0.003         0.003         0.004
 C23            0.008         0.007         0.007         0.007         0.008
 C24            0.027         0.042         0.033         0.036         0.033


           S.E. FOR ESTIMATED COVARIANCE MATRIX FOR THE LATENT VARIABLES
              C22           C23           C24
              ________      ________      ________
 C22            0.004
 C23            0.008         0.079
 C24            0.042         0.067         1.901


           EST./S.E. FOR ESTIMATED COVARIANCE MATRIX FOR THE LATENT VARIABLES
              IX            SX            IY            SY            C1
              ________      ________      ________      ________      ________
 IX             4.724
 SX            -0.651         1.740
 IY            -7.937        -0.128        17.236
 SY             1.251        -2.944         0.342         3.373
 C1            -2.943         0.797       -11.159         0.335      5168.967
 C2             3.689        -0.848       -10.034         0.666        11.261
 C3             2.908        -0.671        -9.160         0.313        -3.005
 C4            -0.175         2.221        -3.521         2.991         0.166
 C5            -2.616        -0.761         9.414        -3.065         1.980
 C6            -0.097        -1.265         4.595         1.250        -4.951
 C7            -0.994        -0.737         5.865        -0.577        -4.672
 C8            -4.695         0.939         0.939        -0.171        -0.851
 C9             3.344        -0.250        -1.523        -1.339         1.190
 C10           -0.447        -0.575         1.443         0.706        -1.044
 C11           -0.910        -1.266         0.072         1.309         0.301
 C12            2.599        -0.008        -7.261         1.258         5.095
 C13            3.897        -1.407       -11.449         1.466        14.021
 C14           -0.983        -0.074         4.948        -2.856        -1.121
 C15           -4.750         1.159        19.907        -4.546        -7.797
 C16            5.776        -1.391       -16.482         2.749         7.480
 C17            1.897         1.262        -7.836         2.038        11.544
 C18            6.076        -1.989        -1.618         1.237        -3.081
 C19           -3.035         0.514         4.532         0.635         0.296
 C20            5.536        -1.857        -1.261        -1.056        -0.943
 C21            2.043        -1.160         2.811        -0.214        -4.319
 C22           -4.181         2.033         9.095         0.058        -2.459
 C23            0.561        -2.332         7.876        -2.497        -6.111
 C24            1.722         0.267        -6.063        -0.040         2.796


           EST./S.E. FOR ESTIMATED COVARIANCE MATRIX FOR THE LATENT VARIABLES
              C2            C3            C4            C5            C6
              ________      ________      ________      ________      ________
 C2            34.662
 C3            11.165       179.027
 C4             1.057        -3.046        55.463
 C5            -6.367        -5.545       -25.251        39.034
 C6            -7.490        -9.093         6.334         2.938        30.106
 C7            -5.858        -9.643         4.270         4.622        26.545
 C8            -0.931        -0.591        -3.422         1.071       -16.162
 C9             2.835         5.307        -3.450        -1.440        -5.895
 C10           -3.732        -1.185        -2.537         2.719         1.322
 C11           -0.973         3.836        -0.844        -3.708         9.358
 C12            3.923         0.300        -0.758         0.943        -1.473
 C13           14.825        19.150        -2.597        -8.602       -11.571
 C14           -2.847        -4.063         0.632         8.408         0.959
 C15           -7.460        -5.446        -0.065         3.115         1.883
 C16            5.274         0.779         0.525        -1.952        -0.044
 C17            4.431        -0.028         0.180        -1.225        -6.597
 C18           -2.358        -1.233         2.671        -3.601         1.602
 C19           -1.354        -5.901         0.291         3.843         5.507
 C20           -0.659         4.938        -1.219        -0.527        -5.287
 C21           -2.324        -1.128        -3.034         4.318         1.354
 C22          -15.974       -25.294         0.811         7.712         7.838
 C23           -3.275        -1.024        -2.088         2.397         4.082
 C24            6.477         8.124        -1.324        -0.841        -6.461


           EST./S.E. FOR ESTIMATED COVARIANCE MATRIX FOR THE LATENT VARIABLES
              C7            C8            C9            C10           C11
              ________      ________      ________      ________      ________
 C7            19.984
 C8            -8.291        31.237
 C9            -4.677       -12.425        14.604
 C10            1.350        -1.693        -3.633         3.768
 C11            9.384        -0.136        -2.326         0.378        20.753
 C12           -0.740         1.328        -0.303        -0.431         0.458
 C13          -10.934         1.890         4.631        -0.115         4.048
 C14            3.586         1.762        -4.641         3.135        -0.996
 C15            2.822         0.258        -1.714         0.306         0.941
 C16            0.169        -2.316         1.356        -0.039        -0.411
 C17           -5.161        -0.190         2.055         0.304        -8.434
 C18           -0.313         0.086        -0.619        -0.936        -1.628
 C19            5.499        -2.236        -2.971        -0.458        -0.935
 C20           -4.787         1.610         1.834        -0.541        -0.431
 C21            1.882        -1.191        -0.149         1.878         3.290
 C22            8.509        -1.158        -3.904         2.583        -5.557
 C23            5.028         0.385        -0.607         0.827         5.749
 C24           -5.637         1.788         1.580         0.701        -0.268


           EST./S.E. FOR ESTIMATED COVARIANCE MATRIX FOR THE LATENT VARIABLES
              C12           C13           C14           C15           C16
              ________      ________      ________      ________      ________
 C12           44.378
 C13           10.404        11.669
 C14            1.027        -6.746       296.332
 C15           -5.662        -8.364         0.812        71.083
 C16            5.764         3.903         0.394       -45.638       201.054
 C17            2.322         3.423        -8.417        -2.464         2.451
 C18           -1.095        -5.308        -1.534        -0.492        -0.899
 C19           -1.515        -8.234         4.975         2.007        -1.707
 C20            1.857         1.848         0.262        -0.652         1.218
 C21           -0.445        -1.670        10.509         1.133        -1.242
 C22           -5.843       -27.518         7.387         5.965        -1.012
 C23           -1.519        -2.962         2.537         9.333        -8.508
 C24            6.960         9.826        16.811        -3.986         1.381


           EST./S.E. FOR ESTIMATED COVARIANCE MATRIX FOR THE LATENT VARIABLES
              C17           C18           C19           C20           C21
              ________      ________      ________      ________      ________
 C17           31.138
 C18           -0.239        39.932
 C19           -2.176       -21.076        32.154
 C20            1.395         8.214        -7.722        20.070
 C21           -6.191        -2.215         4.269       -15.958        37.101
 C22           -0.514         4.977         6.992        -2.492         1.739
 C23           -4.240        -0.338         1.106         2.348         4.228
 C24            2.982        -0.043        -0.721         1.780         1.540


           EST./S.E. FOR ESTIMATED COVARIANCE MATRIX FOR THE LATENT VARIABLES
              C22           C23           C24
              ________      ________      ________
 C22           60.270
 C23            0.446        11.686
 C24          -10.086        -1.166         9.448


           TWO-TAILED P-VALUE FOR ESTIMATED COVARIANCE MATRIX FOR THE LATENT VARIABLES
              IX            SX            IY            SY            C1
              ________      ________      ________      ________      ________
 IX             0.000
 SX             0.515         0.082
 IY             0.000         0.898         0.000
 SY             0.211         0.003         0.732         0.001
 C1             0.003         0.425         0.000         0.737         0.000
 C2             0.000         0.397         0.000         0.505         0.000
 C3             0.004         0.502         0.000         0.755         0.003
 C4             0.861         0.026         0.000         0.003         0.868
 C5             0.009         0.447         0.000         0.002         0.048
 C6             0.923         0.206         0.000         0.211         0.000
 C7             0.320         0.461         0.000         0.564         0.000
 C8             0.000         0.348         0.348         0.864         0.395
 C9             0.001         0.802         0.128         0.180         0.234
 C10            0.655         0.565         0.149         0.480         0.297
 C11            0.363         0.205         0.942         0.190         0.764
 C12            0.009         0.994         0.000         0.208         0.000
 C13            0.000         0.160         0.000         0.143         0.000
 C14            0.326         0.941         0.000         0.004         0.262
 C15            0.000         0.247         0.000         0.000         0.000
 C16            0.000         0.164         0.000         0.006         0.000
 C17            0.058         0.207         0.000         0.042         0.000
 C18            0.000         0.047         0.106         0.216         0.002
 C19            0.002         0.607         0.000         0.525         0.767
 C20            0.000         0.063         0.207         0.291         0.346
 C21            0.041         0.246         0.005         0.831         0.000
 C22            0.000         0.042         0.000         0.953         0.014
 C23            0.575         0.020         0.000         0.013         0.000
 C24            0.085         0.789         0.000         0.968         0.005


           TWO-TAILED P-VALUE FOR ESTIMATED COVARIANCE MATRIX FOR THE LATENT VARIABLES
              C2            C3            C4            C5            C6
              ________      ________      ________      ________      ________
 C2             0.000
 C3             0.000         0.000
 C4             0.291         0.002         0.000
 C5             0.000         0.000         0.000         0.000
 C6             0.000         0.000         0.000         0.003         0.000
 C7             0.000         0.000         0.000         0.000         0.000
 C8             0.352         0.554         0.001         0.284         0.000
 C9             0.005         0.000         0.001         0.150         0.000
 C10            0.000         0.236         0.011         0.007         0.186
 C11            0.331         0.000         0.398         0.000         0.000
 C12            0.000         0.764         0.449         0.346         0.141
 C13            0.000         0.000         0.009         0.000         0.000
 C14            0.004         0.000         0.527         0.000         0.337
 C15            0.000         0.000         0.949         0.002         0.060
 C16            0.000         0.436         0.600         0.051         0.965
 C17            0.000         0.978         0.857         0.221         0.000
 C18            0.018         0.217         0.008         0.000         0.109
 C19            0.176         0.000         0.771         0.000         0.000
 C20            0.510         0.000         0.223         0.598         0.000
 C21            0.020         0.259         0.002         0.000         0.176
 C22            0.000         0.000         0.417         0.000         0.000
 C23            0.001         0.306         0.037         0.017         0.000
 C24            0.000         0.000         0.185         0.400         0.000


           TWO-TAILED P-VALUE FOR ESTIMATED COVARIANCE MATRIX FOR THE LATENT VARIABLES
              C7            C8            C9            C10           C11
              ________      ________      ________      ________      ________
 C7             0.000
 C8             0.000         0.000
 C9             0.000         0.000         0.000
 C10            0.177         0.090         0.000         0.000
 C11            0.000         0.891         0.020         0.706         0.000
 C12            0.460         0.184         0.762         0.666         0.647
 C13            0.000         0.059         0.000         0.908         0.000
 C14            0.000         0.078         0.000         0.002         0.319
 C15            0.005         0.797         0.086         0.760         0.347
 C16            0.866         0.021         0.175         0.969         0.681
 C17            0.000         0.849         0.040         0.761         0.000
 C18            0.754         0.932         0.536         0.349         0.103
 C19            0.000         0.025         0.003         0.647         0.350
 C20            0.000         0.107         0.067         0.588         0.666
 C21            0.060         0.234         0.882         0.060         0.001
 C22            0.000         0.247         0.000         0.010         0.000
 C23            0.000         0.700         0.544         0.408         0.000
 C24            0.000         0.074         0.114         0.484         0.788


           TWO-TAILED P-VALUE FOR ESTIMATED COVARIANCE MATRIX FOR THE LATENT VARIABLES
              C12           C13           C14           C15           C16
              ________      ________      ________      ________      ________
 C12            0.000
 C13            0.000         0.000
 C14            0.304         0.000         0.000
 C15            0.000         0.000         0.417         0.000
 C16            0.000         0.000         0.693         0.000         0.000
 C17            0.020         0.001         0.000         0.014         0.014
 C18            0.274         0.000         0.125         0.623         0.369
 C19            0.130         0.000         0.000         0.045         0.088
 C20            0.063         0.065         0.793         0.515         0.223
 C21            0.656         0.095         0.000         0.257         0.214
 C22            0.000         0.000         0.000         0.000         0.311
 C23            0.129         0.003         0.011         0.000         0.000
 C24            0.000         0.000         0.000         0.000         0.167


           TWO-TAILED P-VALUE FOR ESTIMATED COVARIANCE MATRIX FOR THE LATENT VARIABLES
              C17           C18           C19           C20           C21
              ________      ________      ________      ________      ________
 C17            0.000
 C18            0.811         0.000
 C19            0.030         0.000         0.000
 C20            0.163         0.000         0.000         0.000
 C21            0.000         0.027         0.000         0.000         0.000
 C22            0.607         0.000         0.000         0.013         0.082
 C23            0.000         0.735         0.269         0.019         0.000
 C24            0.003         0.965         0.471         0.075         0.124


           TWO-TAILED P-VALUE FOR ESTIMATED COVARIANCE MATRIX FOR THE LATENT VARIABLES
              C22           C23           C24
              ________      ________      ________
 C22            0.000
 C23            0.656         0.000
 C24            0.000         0.244         0.000


           ESTIMATED CORRELATION MATRIX FOR THE LATENT VARIABLES
              IX            SX            IY            SY            C1
              ________      ________      ________      ________      ________
 IX             1.000
 SX            -0.226         1.000
 IY            -0.412        -0.011         1.000
 SY             0.154        -0.607         0.041         1.000
 C1            -0.076         0.039        -0.247         0.020         1.000
 C2             0.126        -0.053        -0.235         0.037         0.176
 C3             0.105        -0.044        -0.236         0.021        -0.036
 C4            -0.006         0.138        -0.090         0.200         0.002
 C5            -0.094        -0.051         0.262        -0.213         0.025
 C6            -0.003        -0.080         0.119         0.089        -0.064
 C7            -0.033        -0.047         0.161        -0.041        -0.059
 C8            -0.183         0.066         0.026        -0.012        -0.010
 C9             0.113        -0.015        -0.040        -0.077         0.014
 C10           -0.010        -0.032         0.032         0.029        -0.018
 C11           -0.028        -0.075         0.002         0.104         0.005
 C12            0.085         0.000        -0.194         0.088         0.084
 C13            0.148        -0.091        -0.294         0.084         0.203
 C14           -0.037        -0.005         0.130        -0.190        -0.013
 C15           -0.149         0.068         0.517        -0.320        -0.130
 C16            0.185        -0.083        -0.388         0.175         0.120
 C17            0.065         0.082        -0.218         0.151         0.189
 C18            0.202        -0.120        -0.041         0.079        -0.045
 C19           -0.092         0.030         0.119         0.044         0.005
 C20            0.187        -0.103        -0.033        -0.067        -0.014
 C21            0.067        -0.069         0.075        -0.014        -0.068
 C22           -0.155         0.136         0.229         0.004        -0.032
 C23            0.017        -0.153         0.300        -0.215        -0.105
 C24            0.065         0.019        -0.154        -0.002         0.035


           ESTIMATED CORRELATION MATRIX FOR THE LATENT VARIABLES
              C2            C3            C4            C5            C6
              ________      ________      ________      ________      ________
 C2             1.000
 C3             0.214         1.000
 C4             0.020        -0.065         1.000
 C5            -0.106        -0.116        -0.377         1.000
 C6            -0.130        -0.187         0.135         0.061         1.000
 C7            -0.112        -0.199         0.091         0.100         0.663
 C8            -0.018        -0.013        -0.070         0.023        -0.293
 C9             0.060         0.122        -0.069        -0.029        -0.120
 C10           -0.032        -0.020        -0.034         0.072         0.027
 C11           -0.017         0.075        -0.016        -0.063         0.228
 C12            0.069         0.005        -0.014         0.018        -0.028
 C13            0.390         0.375        -0.046        -0.140        -0.192
 C14           -0.054        -0.088         0.014         0.174         0.020
 C15           -0.122        -0.097        -0.001         0.058         0.033
 C16            0.094         0.014         0.010        -0.036        -0.001
 C17            0.071        -0.001         0.003        -0.023        -0.135
 C18           -0.042        -0.024         0.055        -0.067         0.032
 C19           -0.024        -0.110         0.006         0.080         0.113
 C20           -0.012         0.101        -0.023        -0.010        -0.096
 C21           -0.040        -0.022        -0.056         0.088         0.026
 C22           -0.342        -0.491         0.017         0.147         0.155
 C23           -0.055        -0.018        -0.035         0.046         0.073
 C24            0.146         0.178        -0.027        -0.018        -0.124


           ESTIMATED CORRELATION MATRIX FOR THE LATENT VARIABLES
              C7            C8            C9            C10           C11
              ________      ________      ________      ________      ________
 C7             1.000
 C8            -0.173         1.000
 C9            -0.096        -0.148         1.000
 C10            0.035        -0.021        -0.019         1.000
 C11            0.231        -0.003        -0.036         0.007         1.000
 C12           -0.014         0.024        -0.005        -0.008         0.009
 C13           -0.179         0.041         0.123        -0.003         0.101
 C14            0.076         0.038        -0.104         0.051        -0.019
 C15            0.052         0.005        -0.031         0.006         0.017
 C16            0.003        -0.043         0.026        -0.001        -0.007
 C17           -0.102        -0.004         0.035         0.005        -0.203
 C18           -0.006         0.002        -0.012        -0.014        -0.028
 C19            0.118        -0.041        -0.050        -0.007        -0.016
 C20           -0.082         0.034         0.046        -0.008        -0.008
 C21            0.038        -0.022        -0.003         0.046         0.066
 C22            0.168        -0.025        -0.092         0.034        -0.116
 C23            0.105         0.007        -0.010         0.019         0.168
 C24           -0.100         0.039         0.035         0.016        -0.005


           ESTIMATED CORRELATION MATRIX FOR THE LATENT VARIABLES
              C12           C13           C14           C15           C16
              ________      ________      ________      ________      ________
 C12            1.000
 C13            0.191         1.000
 C14            0.019        -0.134         1.000
 C15           -0.100        -0.137         0.015         1.000
 C16            0.102         0.070         0.007        -0.598         1.000
 C17            0.043         0.063        -0.151        -0.045         0.043
 C18           -0.020        -0.095        -0.031        -0.009        -0.016
 C19           -0.027        -0.120         0.094         0.036        -0.030
 C20            0.035         0.035         0.005        -0.012         0.022
 C21           -0.008        -0.032         0.191         0.020        -0.022
 C22           -0.105        -0.617         0.155         0.105        -0.019
 C23           -0.030        -0.046         0.044         0.199        -0.137
 C24            0.129         0.329         0.329        -0.066         0.025


           ESTIMATED CORRELATION MATRIX FOR THE LATENT VARIABLES
              C17           C18           C19           C20           C21
              ________      ________      ________      ________      ________
 C17            1.000
 C18           -0.004         1.000
 C19           -0.041        -0.264         1.000
 C20            0.024         0.206        -0.109         1.000
 C21           -0.126        -0.040         0.085        -0.181         1.000
 C22           -0.009         0.092         0.121        -0.051         0.032
 C23           -0.088        -0.006         0.021         0.053         0.086
 C24            0.050        -0.001        -0.014         0.048         0.030


           ESTIMATED CORRELATION MATRIX FOR THE LATENT VARIABLES
              C22           C23           C24
              ________      ________      ________
 C22            1.000
 C23            0.008         1.000
 C24           -0.215        -0.019         1.000


           S.E. FOR ESTIMATED CORRELATION MATRIX FOR THE LATENT VARIABLES
              IX            SX            IY            SY            C1
              ________      ________      ________      ________      ________
 IX             0.000
 SX             0.266         0.000
 IY             0.048         0.090         0.000
 SY             0.114         0.131         0.123         0.000
 C1             0.027         0.051         0.022         0.060         0.000
 C2             0.032         0.060         0.022         0.055         0.015
 C3             0.035         0.064         0.026         0.067         0.012
 C4             0.035         0.074         0.026         0.070         0.012
 C5             0.037         0.069         0.027         0.071         0.013
 C6             0.033         0.066         0.026         0.073         0.013
 C7             0.033         0.065         0.027         0.072         0.012
 C8             0.044         0.074         0.028         0.069         0.012
 C9             0.036         0.060         0.026         0.057         0.011
 C10            0.021         0.055         0.021         0.041         0.017
 C11            0.031         0.061         0.027         0.080         0.016
 C12            0.032         0.063         0.026         0.070         0.016
 C13            0.035         0.060         0.022         0.058         0.017
 C14            0.038         0.068         0.026         0.071         0.012
 C15            0.032         0.058         0.023         0.075         0.017
 C16            0.035         0.061         0.022         0.063         0.016
 C17            0.036         0.064         0.027         0.075         0.015
 C18            0.036         0.065         0.026         0.065         0.015
 C19            0.031         0.058         0.026         0.070         0.015
 C20            0.037         0.061         0.026         0.063         0.015
 C21            0.032         0.060         0.026         0.066         0.016
 C22            0.036         0.068         0.025         0.064         0.013
 C23            0.031         0.076         0.031         0.086         0.017
 C24            0.036         0.074         0.022         0.059         0.012


           S.E. FOR ESTIMATED CORRELATION MATRIX FOR THE LATENT VARIABLES
              C2            C3            C4            C5            C6
              ________      ________      ________      ________      ________
 C2             0.000
 C3             0.018         0.000
 C4             0.019         0.021         0.000
 C5             0.016         0.021         0.010         0.000
 C6             0.017         0.020         0.021         0.021         0.000
 C7             0.019         0.021         0.021         0.022         0.017
 C8             0.019         0.022         0.020         0.021         0.015
 C9             0.021         0.022         0.020         0.020         0.019
 C10            0.004         0.016         0.011         0.021         0.019
 C11            0.017         0.019         0.019         0.017         0.022
 C12            0.018         0.018         0.019         0.019         0.019
 C13            0.024         0.017         0.017         0.015         0.017
 C14            0.019         0.022         0.022         0.020         0.021
 C15            0.016         0.018         0.018         0.019         0.018
 C16            0.018         0.019         0.019         0.018         0.019
 C17            0.016         0.018         0.018         0.019         0.020
 C18            0.018         0.020         0.020         0.019         0.020
 C19            0.018         0.018         0.019         0.021         0.020
 C20            0.018         0.020         0.019         0.019         0.018
 C21            0.017         0.019         0.018         0.020         0.019
 C22            0.019         0.018         0.021         0.019         0.019
 C23            0.017         0.018         0.017         0.019         0.017
 C24            0.020         0.021         0.021         0.021         0.019


           S.E. FOR ESTIMATED CORRELATION MATRIX FOR THE LATENT VARIABLES
              C7            C8            C9            C10           C11
              ________      ________      ________      ________      ________
 C7             0.000
 C8             0.021         0.000
 C9             0.019         0.007         0.000
 C10            0.025         0.012         0.003         0.000
 C11            0.022         0.019         0.015         0.020         0.000
 C12            0.019         0.018         0.017         0.019         0.019
 C13            0.016         0.022         0.026         0.024         0.024
 C14            0.021         0.022         0.022         0.011         0.019
 C15            0.018         0.018         0.018         0.018         0.018
 C16            0.018         0.018         0.019         0.017         0.018
 C17            0.020         0.018         0.016         0.016         0.023
 C18            0.019         0.020         0.020         0.015         0.017
 C19            0.021         0.018         0.017         0.016         0.018
 C20            0.017         0.021         0.025         0.014         0.017
 C21            0.020         0.019         0.019         0.022         0.020
 C22            0.020         0.021         0.023         0.011         0.020
 C23            0.020         0.019         0.017         0.023         0.026
 C24            0.017         0.022         0.022         0.022         0.018


           S.E. FOR ESTIMATED CORRELATION MATRIX FOR THE LATENT VARIABLES
              C12           C13           C14           C15           C16
              ________      ________      ________      ________      ________
 C12            0.000
 C13            0.016         0.000
 C14            0.018         0.018         0.000
 C15            0.017         0.015         0.018         0.000
 C16            0.018         0.017         0.019         0.010         0.000
 C17            0.018         0.019         0.017         0.018         0.018
 C18            0.018         0.019         0.020         0.018         0.018
 C19            0.018         0.014         0.019         0.018         0.018
 C20            0.019         0.019         0.020         0.018         0.018
 C21            0.018         0.019         0.018         0.018         0.018
 C22            0.018         0.019         0.021         0.017         0.018
 C23            0.019         0.015         0.017         0.018         0.014
 C24            0.018         0.024         0.018         0.016         0.018


           S.E. FOR ESTIMATED CORRELATION MATRIX FOR THE LATENT VARIABLES
              C17           C18           C19           C20           C21
              ________      ________      ________      ________      ________
 C17            0.000
 C18            0.018         0.000
 C19            0.019         0.008         0.000
 C20            0.017         0.023         0.013         0.000
 C21            0.020         0.018         0.020         0.007         0.000
 C22            0.018         0.018         0.017         0.020         0.019
 C23            0.020         0.017         0.019         0.022         0.020
 C24            0.016         0.024         0.020         0.026         0.019


           S.E. FOR ESTIMATED CORRELATION MATRIX FOR THE LATENT VARIABLES
              C22           C23           C24
              ________      ________      ________
 C22            0.000
 C23            0.018         0.000
 C24            0.021         0.016         0.000


           EST./S.E. FOR ESTIMATED CORRELATION MATRIX FOR THE LATENT VARIABLES
              IX            SX            IY            SY            C1
              ________      ________      ________      ________      ________
 IX           999.000
 SX            -0.849       999.000
 IY            -8.517        -0.126       999.000
 SY             1.351        -4.625         0.331       999.000
 C1            -2.800         0.773       -11.331         0.336       999.000
 C2             3.907        -0.882       -10.570         0.662        11.623
 C3             2.961        -0.695        -9.232         0.312        -3.005
 C4            -0.175         1.864        -3.528         2.862         0.166
 C5            -2.541        -0.735         9.768        -2.997         1.982
 C6            -0.097        -1.215         4.641         1.230        -4.997
 C7            -1.000        -0.716         5.995        -0.579        -4.737
 C8            -4.154         0.898         0.939        -0.171        -0.851
 C9             3.097        -0.248        -1.528        -1.346         1.192
 C10           -0.446        -0.579         1.529         0.711        -1.075
 C11           -0.903        -1.220         0.072         1.298         0.301
 C12            2.673        -0.008        -7.377         1.257         5.085
 C13            4.252        -1.503       -13.312         1.453        12.028
 C14           -0.953        -0.074         4.948        -2.696        -1.121
 C15           -4.607         1.163        22.759        -4.252        -7.831
 C16            5.297        -1.348       -17.434         2.752         7.483
 C17            1.816         1.289        -8.126         1.996        12.210
 C18            5.640        -1.841        -1.619         1.218        -3.086
 C19           -2.951         0.511         4.563         0.637         0.296
 C20            5.013        -1.680        -1.264        -1.049        -0.944
 C21            2.109        -1.160         2.830        -0.214        -4.338
 C22           -4.269         2.018         9.263         0.058        -2.460
 C23            0.560        -2.012         9.598        -2.517        -6.198
 C24            1.824         0.260        -6.990        -0.040         2.900


           EST./S.E. FOR ESTIMATED CORRELATION MATRIX FOR THE LATENT VARIABLES
              C2            C3            C4            C5            C6
              ________      ________      ________      ________      ________
 C2           999.000
 C3            11.773       999.000
 C4             1.057        -3.049       999.000
 C5            -6.501        -5.570       -36.832       999.000
 C6            -7.736        -9.229         6.370         2.944       999.000
 C7            -5.801        -9.336         4.255         4.616        38.205
 C8            -0.931        -0.591        -3.443         1.071       -19.509
 C9             2.895         5.639        -3.527        -1.450        -6.293
 C10           -7.401        -1.232        -3.127         3.485         1.389
 C11           -0.974         3.887        -0.845        -3.780        10.592
 C12            3.932         0.300        -0.758         0.944        -1.475
 C13           16.272        22.412        -2.669        -9.205       -11.606
 C14           -2.857        -4.067         0.632         8.516         0.959
 C15           -7.641        -5.459        -0.065         3.123         1.880
 C16            5.309         0.779         0.525        -1.953        -0.044
 C17            4.508        -0.028         0.180        -1.222        -6.829
 C18           -2.364        -1.233         2.678        -3.624         1.606
 C19           -1.356        -5.984         0.291         3.875         5.643
 C20           -0.659         5.090        -1.221        -0.528        -5.460
 C21           -2.331        -1.128        -3.048         4.345         1.354
 C22          -18.057       -27.462         0.811         7.858         7.981
 C23           -3.255        -1.018        -2.097         2.416         4.155
 C24            7.242         8.546        -1.331        -0.841        -6.625


           EST./S.E. FOR ESTIMATED CORRELATION MATRIX FOR THE LATENT VARIABLES
              C7            C8            C9            C10           C11
              ________      ________      ________      ________      ________
 C7           999.000
 C8            -8.262       999.000
 C9            -4.915       -22.110       999.000
 C10            1.425        -1.840        -7.194       999.000
 C11           10.306        -0.137        -2.368         0.379       999.000
 C12           -0.738         1.329        -0.303        -0.434         0.458
 C13          -11.265         1.911         4.814        -0.115         4.250
 C14            3.618         1.761        -4.852         4.518        -0.998
 C15            2.831         0.258        -1.722         0.306         0.942
 C16            0.169        -2.320         1.360        -0.039        -0.411
 C17           -5.147        -0.190         2.099         0.305        -8.996
 C18           -0.314         0.086        -0.619        -0.959        -1.634
 C19            5.644        -2.246        -3.037        -0.461        -0.937
 C20           -4.970         1.616         1.857        -0.545        -0.432
 C21            1.899        -1.193        -0.149         2.084         3.319
 C22            8.489        -1.159        -4.035         3.211        -5.731
 C23            5.234         0.386        -0.608         0.842         6.397
 C24           -5.769         1.767         1.587         0.709        -0.269


           EST./S.E. FOR ESTIMATED CORRELATION MATRIX FOR THE LATENT VARIABLES
              C12           C13           C14           C15           C16
              ________      ________      ________      ________      ________
 C12          999.000
 C13           11.982       999.000
 C14            1.029        -7.329       999.000
 C15           -5.697        -8.829         0.812       999.000
 C16            5.808         4.037         0.394       -58.300       999.000
 C17            2.323         3.271        -8.677        -2.469         2.458
 C18           -1.095        -4.980        -1.536        -0.492        -0.899
 C19           -1.517        -8.879         5.013         2.010        -1.709
 C20            1.865         1.839         0.262        -0.652         1.219
 C21           -0.445        -1.637        10.833         1.133        -1.243
 C22           -5.851       -31.726         7.453         5.998        -1.012
 C23           -1.523        -2.989         2.563        11.029        -9.630
 C24            7.090        13.753        18.633        -4.106         1.384


           EST./S.E. FOR ESTIMATED CORRELATION MATRIX FOR THE LATENT VARIABLES
              C17           C18           C19           C20           C21
              ________      ________      ________      ________      ________
 C17          999.000
 C18           -0.239       999.000
 C19           -2.177       -33.413       999.000
 C20            1.404         8.987        -8.437       999.000
 C21           -6.300        -2.223         4.309       -27.435       999.000
 C22           -0.514         5.012         7.183        -2.512         1.742
 C23           -4.301        -0.339         1.107         2.389         4.319
 C24            3.111        -0.043        -0.719         1.829         1.534


           EST./S.E. FOR ESTIMATED CORRELATION MATRIX FOR THE LATENT VARIABLES
              C22           C23           C24
              ________      ________      ________
 C22          999.000
 C23            0.445       999.000
 C24          -10.455        -1.173       999.000


           TWO-TAILED P-VALUE FOR ESTIMATED CORRELATION MATRIX FOR THE LATENT VARIABLES
              IX            SX            IY            SY            C1
              ________      ________      ________      ________      ________
 IX             0.000
 SX             0.396         0.000
 IY             0.000         0.900         0.000
 SY             0.177         0.000         0.741         0.000
 C1             0.005         0.439         0.000         0.737         0.000
 C2             0.000         0.378         0.000         0.508         0.000
 C3             0.003         0.487         0.000         0.755         0.003
 C4             0.861         0.062         0.000         0.004         0.868
 C5             0.011         0.462         0.000         0.003         0.048
 C6             0.923         0.224         0.000         0.219         0.000
 C7             0.317         0.474         0.000         0.563         0.000
 C8             0.000         0.369         0.348         0.865         0.395
 C9             0.002         0.804         0.127         0.178         0.233
 C10            0.656         0.563         0.126         0.477         0.282
 C11            0.367         0.223         0.942         0.194         0.764
 C12            0.008         0.994         0.000         0.209         0.000
 C13            0.000         0.133         0.000         0.146         0.000
 C14            0.341         0.941         0.000         0.007         0.262
 C15            0.000         0.245         0.000         0.000         0.000
 C16            0.000         0.178         0.000         0.006         0.000
 C17            0.069         0.197         0.000         0.046         0.000
 C18            0.000         0.066         0.105         0.223         0.002
 C19            0.003         0.610         0.000         0.524         0.767
 C20            0.000         0.093         0.206         0.294         0.345
 C21            0.035         0.246         0.005         0.831         0.000
 C22            0.000         0.044         0.000         0.953         0.014
 C23            0.575         0.044         0.000         0.012         0.000
 C24            0.068         0.795         0.000         0.968         0.004


           TWO-TAILED P-VALUE FOR ESTIMATED CORRELATION MATRIX FOR THE LATENT VARIABLES
              C2            C3            C4            C5            C6
              ________      ________      ________      ________      ________
 C2             0.000
 C3             0.000         0.000
 C4             0.291         0.002         0.000
 C5             0.000         0.000         0.000         0.000
 C6             0.000         0.000         0.000         0.003         0.000
 C7             0.000         0.000         0.000         0.000         0.000
 C8             0.352         0.554         0.001         0.284         0.000
 C9             0.004         0.000         0.000         0.147         0.000
 C10            0.000         0.218         0.002         0.000         0.165
 C11            0.330         0.000         0.398         0.000         0.000
 C12            0.000         0.764         0.449         0.345         0.140
 C13            0.000         0.000         0.008         0.000         0.000
 C14            0.004         0.000         0.527         0.000         0.337
 C15            0.000         0.000         0.949         0.002         0.060
 C16            0.000         0.436         0.600         0.051         0.965
 C17            0.000         0.978         0.857         0.222         0.000
 C18            0.018         0.218         0.007         0.000         0.108
 C19            0.175         0.000         0.771         0.000         0.000
 C20            0.510         0.000         0.222         0.598         0.000
 C21            0.020         0.259         0.002         0.000         0.176
 C22            0.000         0.000         0.417         0.000         0.000
 C23            0.001         0.309         0.036         0.016         0.000
 C24            0.000         0.000         0.183         0.400         0.000


           TWO-TAILED P-VALUE FOR ESTIMATED CORRELATION MATRIX FOR THE LATENT VARIABLES
              C7            C8            C9            C10           C11
              ________      ________      ________      ________      ________
 C7             0.000
 C8             0.000         0.000
 C9             0.000         0.000         0.000
 C10            0.154         0.066         0.000         0.000
 C11            0.000         0.891         0.018         0.705         0.000
 C12            0.461         0.184         0.762         0.665         0.647
 C13            0.000         0.056         0.000         0.908         0.000
 C14            0.000         0.078         0.000         0.000         0.318
 C15            0.005         0.797         0.085         0.759         0.346
 C16            0.866         0.020         0.174         0.969         0.681
 C17            0.000         0.850         0.036         0.760         0.000
 C18            0.754         0.932         0.536         0.338         0.102
 C19            0.000         0.025         0.002         0.645         0.349
 C20            0.000         0.106         0.063         0.585         0.666
 C21            0.058         0.233         0.882         0.037         0.001
 C22            0.000         0.246         0.000         0.001         0.000
 C23            0.000         0.700         0.543         0.400         0.000
 C24            0.000         0.077         0.113         0.478         0.788


           TWO-TAILED P-VALUE FOR ESTIMATED CORRELATION MATRIX FOR THE LATENT VARIABLES
              C12           C13           C14           C15           C16
              ________      ________      ________      ________      ________
 C12            0.000
 C13            0.000         0.000
 C14            0.304         0.000         0.000
 C15            0.000         0.000         0.417         0.000
 C16            0.000         0.000         0.693         0.000         0.000
 C17            0.020         0.001         0.000         0.014         0.014
 C18            0.274         0.000         0.124         0.623         0.369
 C19            0.129         0.000         0.000         0.044         0.087
 C20            0.062         0.066         0.793         0.515         0.223
 C21            0.656         0.102         0.000         0.257         0.214
 C22            0.000         0.000         0.000         0.000         0.311
 C23            0.128         0.003         0.010         0.000         0.000
 C24            0.000         0.000         0.000         0.000         0.166


           TWO-TAILED P-VALUE FOR ESTIMATED CORRELATION MATRIX FOR THE LATENT VARIABLES
              C17           C18           C19           C20           C21
              ________      ________      ________      ________      ________
 C17            0.000
 C18            0.811         0.000
 C19            0.030         0.000         0.000
 C20            0.160         0.000         0.000         0.000
 C21            0.000         0.026         0.000         0.000         0.000
 C22            0.607         0.000         0.000         0.012         0.082
 C23            0.000         0.735         0.268         0.017         0.000
 C24            0.002         0.965         0.472         0.067         0.125


           TWO-TAILED P-VALUE FOR ESTIMATED CORRELATION MATRIX FOR THE LATENT VARIABLES
              C22           C23           C24
              ________      ________      ________
 C22            0.000
 C23            0.656         0.000
 C24            0.000         0.241         0.000


           ESTIMATED PARTIAL CORRELATION MATRIX FOR THE LATENT VARIABLES
              IX            SX            IY            SY            C1
              ________      ________      ________      ________      ________
 IX             1.000
 SX             1.000         1.000
 IY            -1.000         1.000         1.000
 SY             1.000        -1.000         1.000         1.000
 C1            -1.000         1.000        -1.000         1.000         1.000
 C2             1.000        -1.000         1.000        -1.000         1.000
 C3            -1.000         1.000        -1.000         1.000        -1.000
 C4            -1.000         1.000        -1.000         1.000        -1.000
 C5             1.000        -1.000         1.000        -1.000         1.000
 C6            -1.000         1.000        -1.000         1.000        -1.000
 C7             1.000        -1.000         1.000        -1.000         1.000
 C8            -1.000         1.000        -1.000         1.000        -1.000
 C9             1.000        -1.000         1.000        -1.000         1.000
 C10           -1.000         1.000        -1.000         1.000        -1.000
 C11           -1.000         1.000        -1.000         1.000        -1.000
 C12           -1.000         1.000        -1.000         1.000        -1.000
 C13           -1.000         1.000        -1.000         1.000        -1.000
 C14            1.000        -1.000         1.000        -1.000         1.000
 C15            1.000        -1.000         1.000        -1.000         1.000
 C16            1.000        -1.000         1.000        -1.000         1.000
 C17           -1.000         1.000        -1.000         1.000        -1.000
 C18            1.000        -1.000         1.000        -1.000         1.000
 C19           -1.000         1.000        -1.000         1.000        -1.000
 C20            1.000        -1.000         1.000        -1.000         1.000
 C21            1.000        -1.000         1.000        -1.000         1.000
 C22           -1.000         1.000        -1.000         1.000        -1.000
 C23            1.000        -1.000         1.000        -1.000         1.000
 C24           -1.000         1.000        -1.000         1.000        -1.000


           ESTIMATED PARTIAL CORRELATION MATRIX FOR THE LATENT VARIABLES
              C2            C3            C4            C5            C6
              ________      ________      ________      ________      ________
 C2             1.000
 C3             1.000         1.000
 C4             1.000        -1.000         1.000
 C5            -1.000         1.000         1.000         1.000
 C6             1.000        -1.000        -1.000         1.000         1.000
 C7            -1.000         1.000         1.000        -1.000         1.000
 C8             1.000        -1.000        -1.000         1.000        -1.000
 C9            -1.000         1.000         1.000        -1.000         1.000
 C10            1.000        -1.000        -1.000         1.000        -1.000
 C11            1.000        -1.000        -1.000         1.000        -1.000
 C12            1.000        -1.000        -1.000         1.000        -1.000
 C13            1.000        -1.000        -1.000         1.000        -1.000
 C14           -1.000         1.000         1.000        -1.000         1.000
 C15           -1.000         1.000         1.000        -1.000         1.000
 C16           -1.000         1.000         1.000        -1.000         1.000
 C17            1.000        -1.000        -1.000         1.000        -1.000
 C18           -1.000         1.000         1.000        -1.000         1.000
 C19            1.000        -1.000        -1.000         1.000        -1.000
 C20           -1.000         1.000         1.000        -1.000         1.000
 C21           -1.000         1.000         1.000        -1.000         1.000
 C22            1.000        -1.000        -1.000         1.000        -1.000
 C23           -1.000         1.000         1.000        -1.000         1.000
 C24            1.000        -1.000        -1.000         1.000        -1.000


           ESTIMATED PARTIAL CORRELATION MATRIX FOR THE LATENT VARIABLES
              C7            C8            C9            C10           C11
              ________      ________      ________      ________      ________
 C7             1.000
 C8             1.000         1.000
 C9            -1.000         1.000         1.000
 C10            1.000        -1.000         1.000         1.000
 C11            1.000        -1.000         1.000        -1.000         1.000
 C12            1.000        -1.000         1.000        -1.000        -1.000
 C13            1.000        -1.000         1.000        -1.000        -1.000
 C14           -1.000         1.000        -1.000         1.000         1.000
 C15           -1.000         1.000        -1.000         1.000         1.000
 C16           -1.000         1.000        -1.000         1.000         1.000
 C17            1.000        -1.000         1.000        -1.000        -1.000
 C18           -1.000         1.000        -1.000         1.000         1.000
 C19            1.000        -1.000         1.000        -1.000        -1.000
 C20           -1.000         1.000        -1.000         1.000         1.000
 C21           -1.000         1.000        -1.000         1.000         1.000
 C22            1.000        -1.000         1.000        -1.000        -1.000
 C23           -1.000         1.000        -1.000         1.000         1.000
 C24            1.000        -1.000         1.000        -1.000        -1.000


           ESTIMATED PARTIAL CORRELATION MATRIX FOR THE LATENT VARIABLES
              C12           C13           C14           C15           C16
              ________      ________      ________      ________      ________
 C12            1.000
 C13           -1.000         1.000
 C14            1.000         1.000         1.000
 C15            1.000         1.000        -1.000         1.000
 C16            1.000         1.000        -1.000        -1.000         1.000
 C17           -1.000        -1.000         1.000         1.000         1.000
 C18            1.000         1.000        -1.000        -1.000        -1.000
 C19           -1.000        -1.000         1.000         1.000         1.000
 C20            1.000         1.000        -1.000        -1.000        -1.000
 C21            1.000         1.000        -1.000        -1.000        -1.000
 C22           -1.000        -1.000         1.000         1.000         1.000
 C23            1.000         1.000        -1.000        -1.000        -1.000
 C24           -1.000        -1.000         1.000         1.000         1.000


           ESTIMATED PARTIAL CORRELATION MATRIX FOR THE LATENT VARIABLES
              C17           C18           C19           C20           C21
              ________      ________      ________      ________      ________
 C17            1.000
 C18            1.000         1.000
 C19           -1.000         1.000         1.000
 C20            1.000        -1.000         1.000         1.000
 C21            1.000        -1.000         1.000        -1.000         1.000
 C22           -1.000         1.000        -1.000         1.000         1.000
 C23            1.000        -1.000         1.000        -1.000        -1.000
 C24           -1.000         1.000        -1.000         1.000         1.000


           ESTIMATED PARTIAL CORRELATION MATRIX FOR THE LATENT VARIABLES
              C22           C23           C24
              ________      ________      ________
 C22            1.000
 C23            1.000         1.000
 C24           -1.000         1.000         1.000


RESULTS SAVING INFORMATION

  Order of data

    Parameter estimates
     (saved in order shown in Technical 1 output)
    Standard errors
     (saved in order shown in Technical 1 output)
    Number of Free Parameters
    H0 Loglikelihood
    H0 Scaling Correction Factor for MLR
    H1 Loglikelihood
    H1 Scaling Correction Factor for MLR
    Akaike (AIC)
    Bayesian (BIC)
    Sample-Size Adjusted BIC
    Chi-square : Value
    Chi-square : Degrees of Freedom
    Chi-square : P-Value
    Chi-square : Scaling Correction Factor for MLR/MLM/WLSM
    CFI
    TLI
    RMSEA : Estimate
    RMSEA : Low CI
    RMSEA : High CI
    RMSEA : Probability
    SRMR
    Condition Number

  Save file
    estimates.dat

  Save file format           Free


SAVEDATA INFORMATION


  Estimated Covariance Matrix for the Parameter Estimates

  Save file
    tech3.dat
  Save format      Free

     Beginning Time:  07:53:59
        Ending Time:  07:57:26
       Elapsed Time:  00:03:27



MUTHEN & MUTHEN
3463 Stoner Ave.
Los Angeles, CA  90066

Tel: (310) 391-9971
Fax: (310) 391-8971
Web: www.StatModel.com
Support: Support@StatModel.com

Copyright (c) 1998-2025 Muthen & Muthen
