Mplus VERSION 9
MUTHEN & MUTHEN
10/09/2026   8:35 PM

INPUT INSTRUCTIONS

  TITLE:
  Round2E SYNTHETIC_SD_E0B_01_smoke
  DATA:
  FILE = "data.dat";
  VARIABLE:
  NAMES = fid x1 x2 x3 x4 x5 y1 y2 y3 y4 y5 z1 z2 z3 z4 z5 z0 gedu gurb ginc c1 c2 c3 c4
    c5 c6 c7 c8 c9 c10 c11 c12 c13 c14 c15 c16 c17 c18 c19 c20 c21 c22 c23 c24;
   MISSING=.;
   CLUSTER=fid; USEVARIABLES=x1-x5 y1-y5 z0 c1-c3;
  ANALYSIS:
  TYPE=COMPLEX; ESTIMATOR=MLR; PROCESSORS=1; COVERAGE=.005; ITERATIONS=2000;
  MODEL:
  ix sx | x1@0 x2*0.4 x3*0.6 x4*0.8 x5@1 ;
  iy sy | y1@0 y2@0.4 y3@0.6 y4@0.8 y5@1 ;
  iy ON ix (bii);
  sy ON ix (bis);
  sy ON sx (bss);
  sy ON iy (bsyiy);
  ix WITH sx;
  ix sx iy sy ON c1-c3;
  sx WITH iy;
  x1 WITH y1;
  x2 WITH y2;
  x3 WITH y3;
  x4 WITH y4;
  x5 WITH y5;
  ix sx ON z0;
  iy ON z0 (gi0);
  sy ON z0 (gs0);
  x1 y1 ON z0;
  sy@0;
  sx BY x2*0.70710528;
  sx BY x3*0.74895495;
  sx BY x4*1.021266;
  [ix*-0.032273691];
  [sx*0.015124681];
  [iy*0.032954928];
  [sy*0.058820393];
  x1*0.25123307;
  x2*0.24521457;
  x3*0.2395847;
  x4*0.24102594;
  x5*0.28637329;
  y1*0.31620872;
  y2*0.31478795;
  y3*0.29895484;
  y4*0.29145241;
  y5*0.31729013;
  ix*0.66835374;
  sx*0.40269241;
  iy*0.63041073;
  iy ON ix*-0.25903988;
  sy ON ix*0.0040445994;
  sy ON sx*-0.15500167;
  sy ON iy*0.22641367;
  ix WITH sx*0.04721627;
  ix ON c1*0.062702157;
  sx ON c1*0.016805241;
  iy ON c1*-0.10766163;
  sy ON c1*0.042977113;
  ix ON c2*-0.0017941342;
  sx ON c2*0.045674838;
  iy ON c2*0.014707584;
  sy ON c2*-0.036693726;
  ix ON c3*0.010879933;
  sx ON c3*-0.082369678;
  iy ON c3*0.017307112;
  sy ON c3*-0.022731498;
  iy WITH sx*-0.01294387;
  x1 WITH y1*0.018963916;
  x2 WITH y2*0.04950501;
  x3 WITH y3*0.049355924;
  x4 WITH y4*0.037680928;
  x5 WITH y5*0.052974246;
  ix ON z0*0.16136622;
  sx ON z0*0.089901142;
  iy ON z0*0.17846626;
  sy ON z0*0.081054375;
  x1 ON z0*0.087473229;
  y1 ON z0*0.088554159;
  OUTPUT:
  TECH1 TECH3 TECH4 SAMPSTAT RESIDUAL CINTERVAL SVALUES;
  SAVEDATA:
  TECH3=tech3.dat; RESULTS=estimates.dat;



INPUT READING TERMINATED NORMALLY




Round2E SYNTHETIC_SD_E0B_01_smoke

SUMMARY OF ANALYSIS

Number of groups                                                 1
Number of observations                                        1600

Number of dependent variables                                   10
Number of independent variables                                  4
Number of continuous latent variables                            4

Observed dependent variables

  Continuous
   X1          X2          X3          X4          X5          Y1
   Y2          Y3          Y4          Y5

Observed independent variables
   Z0          C1          C2          C3

Continuous latent variables
   SX          IX          IY          SY

Variables with special functions

  Cluster variable      FID

Estimator                                                      MLR
Information matrix                                        OBSERVED
Maximum number of iterations                                  2000
Convergence criterion                                    0.500D-04
Maximum number of steepest descent iterations                   20
Maximum number of iterations for H1                           2000
Convergence criterion for H1                             0.100D-03

Input data file(s)
  data.dat

Input data format  FREE


SUMMARY OF DATA

     Number of missing data patterns             1
     Number of clusters                        800



COVARIANCE COVERAGE OF DATA

Minimum covariance coverage value   0.005


     PROPORTION OF DATA PRESENT


           Covariance Coverage
              X1            X2            X3            X4            X5
              ________      ________      ________      ________      ________
 X1             1.000
 X2             1.000         1.000
 X3             1.000         1.000         1.000
 X4             1.000         1.000         1.000         1.000
 X5             1.000         1.000         1.000         1.000         1.000
 Y1             1.000         1.000         1.000         1.000         1.000
 Y2             1.000         1.000         1.000         1.000         1.000
 Y3             1.000         1.000         1.000         1.000         1.000
 Y4             1.000         1.000         1.000         1.000         1.000
 Y5             1.000         1.000         1.000         1.000         1.000
 Z0             1.000         1.000         1.000         1.000         1.000
 C1             1.000         1.000         1.000         1.000         1.000
 C2             1.000         1.000         1.000         1.000         1.000
 C3             1.000         1.000         1.000         1.000         1.000


           Covariance Coverage
              Y1            Y2            Y3            Y4            Y5
              ________      ________      ________      ________      ________
 Y1             1.000
 Y2             1.000         1.000
 Y3             1.000         1.000         1.000
 Y4             1.000         1.000         1.000         1.000
 Y5             1.000         1.000         1.000         1.000         1.000
 Z0             1.000         1.000         1.000         1.000         1.000
 C1             1.000         1.000         1.000         1.000         1.000
 C2             1.000         1.000         1.000         1.000         1.000
 C3             1.000         1.000         1.000         1.000         1.000


           Covariance Coverage
              Z0            C1            C2            C3
              ________      ________      ________      ________
 Z0             1.000
 C1             1.000         1.000
 C2             1.000         1.000         1.000
 C3             1.000         1.000         1.000         1.000


SAMPLE STATISTICS


     ESTIMATED SAMPLE STATISTICS


           Means
              X1            X2            X3            X4            X5
              ________      ________      ________      ________      ________
               -0.024         0.016         0.017        -0.025        -0.013


           Means
              Y1            Y2            Y3            Y4            Y5
              ________      ________      ________      ________      ________
               -0.009         0.037         0.017         0.036         0.046


           Means
              Z0            C1            C2            C3
              ________      ________      ________      ________
               -0.033         0.408         0.403         0.395


           Covariances
              X1            X2            X3            X4            X5
              ________      ________      ________      ________      ________
 X1             0.983
 X2             0.752         1.219
 X3             0.768         0.999         1.267
 X4             0.786         1.093         1.133         1.500
 X5             0.773         1.086         1.109         1.242         1.511
 Y1            -0.094        -0.123        -0.152        -0.124        -0.142
 Y2            -0.151        -0.143        -0.213        -0.200        -0.227
 Y3            -0.165        -0.211        -0.179        -0.224        -0.241
 Y4            -0.145        -0.201        -0.217        -0.177        -0.231
 Y5            -0.161        -0.221        -0.241        -0.246        -0.209
 Z0             0.247         0.226         0.226         0.248         0.255
 C1             0.017         0.007         0.024         0.024         0.020
 C2            -0.001         0.015         0.013         0.013         0.007
 C3             0.004        -0.010        -0.015        -0.021        -0.010


           Covariances
              Y1            Y2            Y3            Y4            Y5
              ________      ________      ________      ________      ________
 Y1             1.037
 Y2             0.779         1.216
 Y3             0.810         0.961         1.337
 Y4             0.858         1.016         1.108         1.476
 Y5             0.862         1.083         1.181         1.264         1.686
 Z0             0.224         0.181         0.185         0.217         0.235
 C1            -0.034        -0.025        -0.026        -0.026        -0.030
 C2             0.003         0.001         0.008        -0.001        -0.010
 C3             0.014        -0.004        -0.001         0.004         0.012


           Covariances
              Z0            C1            C2            C3
              ________      ________      ________      ________
 Z0             0.995
 C1             0.001         0.241
 C2             0.009        -0.002         0.240
 C3             0.006        -0.008        -0.006         0.239


           Correlations
              X1            X2            X3            X4            X5
              ________      ________      ________      ________      ________
 X1             1.000
 X2             0.687         1.000
 X3             0.689         0.804         1.000
 X4             0.647         0.808         0.822         1.000
 X5             0.634         0.800         0.801         0.825         1.000
 Y1            -0.093        -0.109        -0.132        -0.099        -0.113
 Y2            -0.138        -0.117        -0.172        -0.148        -0.167
 Y3            -0.144        -0.165        -0.138        -0.158        -0.169
 Y4            -0.120        -0.150        -0.158        -0.119        -0.155
 Y5            -0.125        -0.154        -0.165        -0.154        -0.131
 Z0             0.250         0.205         0.201         0.203         0.208
 C1             0.035         0.013         0.044         0.039         0.033
 C2            -0.001         0.028         0.024         0.022         0.011
 C3             0.008        -0.018        -0.027        -0.035        -0.017


           Correlations
              Y1            Y2            Y3            Y4            Y5
              ________      ________      ________      ________      ________
 Y1             1.000
 Y2             0.694         1.000
 Y3             0.688         0.754         1.000
 Y4             0.694         0.758         0.788         1.000
 Y5             0.652         0.757         0.787         0.801         1.000
 Z0             0.221         0.165         0.161         0.179         0.182
 C1            -0.068        -0.045        -0.045        -0.044        -0.047
 C2             0.006         0.003         0.014        -0.002        -0.016
 C3             0.028        -0.008        -0.001         0.007         0.019


           Correlations
              Z0            C1            C2            C3
              ________      ________      ________      ________
 Z0             1.000
 C1             0.002         1.000
 C2             0.019        -0.006         1.000
 C3             0.012        -0.033        -0.024         1.000


     MAXIMUM LOG-LIKELIHOOD VALUE FOR THE UNRESTRICTED (H1) MODEL IS -23352.937


UNIVARIATE SAMPLE STATISTICS


     UNIVARIATE HIGHER-ORDER MOMENT DESCRIPTIVE STATISTICS

         Variable/         Mean/     Skewness/   Minimum/ % with                Percentiles
        Sample Size      Variance    Kurtosis    Maximum  Min/Max      20%/60%    40%/80%    Median

     X1                   -0.024       0.048      -3.696    0.06%      -0.877     -0.286     -0.051
            1600.000       0.983       0.051       3.627    0.06%       0.245      0.836
     X2                    0.016       0.027      -3.080    0.06%      -0.949     -0.227      0.014
            1600.000       1.219      -0.053       3.830    0.06%       0.319      0.944
     X3                    0.017       0.079      -3.190    0.06%      -0.887     -0.262      0.017
            1600.000       1.267       0.142       4.209    0.06%       0.292      0.888
     X4                   -0.025       0.019      -3.799    0.06%      -1.092     -0.328     -0.017
            1600.000       1.500      -0.140       4.357    0.06%       0.285      1.004
     X5                   -0.013       0.050      -3.465    0.06%      -1.081     -0.330     -0.032
            1600.000       1.511      -0.165       4.221    0.06%       0.301      1.002
     Y1                   -0.009       0.041      -3.117    0.06%      -0.873     -0.276     -0.011
            1600.000       1.037       0.020       3.461    0.06%       0.253      0.822
     Y2                    0.037      -0.021      -4.386    0.06%      -0.894     -0.244      0.050
            1600.000       1.216      -0.047       3.414    0.06%       0.319      0.975
     Y3                    0.017       0.014      -3.701    0.06%      -0.991     -0.261      0.033
            1600.000       1.337      -0.050       4.038    0.06%       0.297      0.990
     Y4                    0.036      -0.029      -3.463    0.06%      -0.992     -0.276      0.080
            1600.000       1.476      -0.120       3.827    0.06%       0.381      1.036
     Y5                    0.046      -0.010      -4.299    0.06%      -1.066     -0.283      0.061
            1600.000       1.686      -0.045       4.053    0.06%       0.402      1.125
     Z0                   -0.033      -0.040      -3.279    0.06%      -0.886     -0.274     -0.039
            1600.000       0.995      -0.182       2.760    0.06%       0.218      0.845
     C1                    0.407       0.376       0.000   59.25%       0.000      0.000      0.000
            1600.000       0.241      -1.858       1.000   40.75%       1.000      1.000
     C2                    0.403       0.398       0.000   59.75%       0.000      0.000      0.000
            1600.000       0.240      -1.842       1.000   40.25%       1.000      1.000
     C3                    0.395       0.430       0.000   60.50%       0.000      0.000      0.000
            1600.000       0.239      -1.815       1.000   39.50%       0.000      1.000


     VIF (VARIANCE INFLATION FACTOR) FOR EXPLORING MULTICOLLINEARITY OF INDEPENDENT VARIABLES

     Variable        VIF       Variable        VIF       Variable        VIF

     Z0             1.001      C1             1.001      C2             1.001
     C3             1.002


THE MODEL ESTIMATION TERMINATED NORMALLY



MODEL FIT INFORMATION

Number of Free Parameters                       49

Loglikelihood

          H0 Value                      -17739.028
          H0 Scaling Correction Factor      1.0626
            for MLR
          H1 Value                      -17699.651
          H1 Scaling Correction Factor      1.0088
            for MLR

Information Criteria

          Akaike (AIC)                   35576.056
          Bayesian (BIC)                 35839.566
          Sample-Size Adjusted BIC       35683.903
            (n* = (n + 2) / 24)

Chi-Square Test of Model Fit

          Value                             81.889*
          Degrees of Freedom                    56
          P-Value                           0.0136
          Scaling Correction Factor         0.9617
            for MLR

*   The chi-square value for MLM, MLMV, MLR, ULSMV, WLSM and WLSMV cannot be used
    for chi-square difference testing in the regular way.  MLM, MLR and WLSM
    chi-square difference testing is described on the Mplus website.  MLMV, WLSMV,
    and ULSMV difference testing is done using the DIFFTEST option.

RMSEA (Root Mean Square Error Of Approximation)

          Estimate                           0.017
          90 Percent C.I.                    0.008  0.025
          Probability RMSEA <= .05           1.000

CFI/TLI

          CFI                                0.998
          TLI                                0.997

Chi-Square Test of Model Fit for the Baseline Model

          Value                          14105.132
          Degrees of Freedom                    85
          P-Value                           0.0000

SRMR (Standardized Root Mean Square Residual)

          Value                              0.010



MODEL RESULTS

                                                    Two-Tailed
                    Estimate       S.E.  Est./S.E.    P-Value

 IX       |
    X1                 1.000      0.000    999.000    999.000
    X2                 1.000      0.000    999.000    999.000
    X3                 1.000      0.000    999.000    999.000
    X4                 1.000      0.000    999.000    999.000
    X5                 1.000      0.000    999.000    999.000

 SX       |
    X1                 0.000      0.000    999.000    999.000
    X2                 0.702      0.037     18.752      0.000
    X3                 0.739      0.037     19.975      0.000
    X4                 1.029      0.045     22.635      0.000
    X5                 1.000      0.000    999.000    999.000

 IY       |
    Y1                 1.000      0.000    999.000    999.000
    Y2                 1.000      0.000    999.000    999.000
    Y3                 1.000      0.000    999.000    999.000
    Y4                 1.000      0.000    999.000    999.000
    Y5                 1.000      0.000    999.000    999.000

 SY       |
    Y1                 0.000      0.000    999.000    999.000
    Y2                 0.400      0.000    999.000    999.000
    Y3                 0.600      0.000    999.000    999.000
    Y4                 0.800      0.000    999.000    999.000
    Y5                 1.000      0.000    999.000    999.000

 IY       ON
    IX                -0.359      0.060     -6.000      0.000

 SY       ON
    IX                 0.340      0.205      1.657      0.097
    SX                -0.626      0.362     -1.730      0.084
    IY                 0.517      0.055      9.405      0.000

 IY       ON
    C1                -0.101      0.048     -2.102      0.036
    C2                 0.018      0.049      0.368      0.713
    C3                 0.014      0.046      0.306      0.760
    Z0                 0.196      0.034      5.690      0.000

 SY       ON
    C1                 0.065      0.066      0.991      0.322
    C2                -0.025      0.070     -0.357      0.721
    C3                -0.061      0.070     -0.880      0.379
    Z0                 0.025      0.063      0.404      0.687

 IX       ON
    C1                 0.063      0.047      1.340      0.180
    C2                 0.002      0.048      0.038      0.970
    C3                 0.007      0.049      0.135      0.893
    Z0                 0.165      0.043      3.824      0.000

 SX       ON
    C1                 0.017      0.045      0.368      0.713
    C2                 0.042      0.045      0.935      0.350
    C3                -0.078      0.046     -1.709      0.087
    Z0                 0.086      0.046      1.874      0.061

 X1       ON
    Z0                 0.084      0.040      2.112      0.035

 Y1       ON
    Z0                 0.088      0.027      3.319      0.001

 IX       WITH
    SX                 0.115      0.063      1.813      0.070

 SX       WITH
    IY                 0.070      0.046      1.532      0.126

 X1       WITH
    Y1                 0.068      0.017      4.016      0.000

 X2       WITH
    Y2                 0.051      0.009      5.566      0.000

 X3       WITH
    Y3                 0.047      0.008      5.651      0.000

 X4       WITH
    Y4                 0.042      0.009      4.382      0.000

 X5       WITH
    Y5                 0.063      0.011      5.556      0.000

 Intercepts
    X1                 0.000      0.000    999.000    999.000
    X2                 0.000      0.000    999.000    999.000
    X3                 0.000      0.000    999.000    999.000
    X4                 0.000      0.000    999.000    999.000
    X5                 0.000      0.000    999.000    999.000
    Y1                 0.000      0.000    999.000    999.000
    Y2                 0.000      0.000    999.000    999.000
    Y3                 0.000      0.000    999.000    999.000
    Y4                 0.000      0.000    999.000    999.000
    Y5                 0.000      0.000    999.000    999.000
    SX                 0.011      0.038      0.284      0.776
    IX                -0.028      0.043     -0.656      0.512
    IY                 0.033      0.043      0.776      0.438
    SY                 0.057      0.057      0.994      0.320

 Residual Variances
    X1                 0.314      0.055      5.660      0.000
    X2                 0.244      0.011     22.727      0.000
    X3                 0.238      0.011     22.271      0.000
    X4                 0.245      0.014     17.389      0.000
    X5                 0.291      0.016     18.664      0.000
    Y1                 0.369      0.034     10.939      0.000
    Y2                 0.322      0.014     23.838      0.000
    Y3                 0.296      0.013     22.346      0.000
    Y4                 0.292      0.013     21.826      0.000
    Y5                 0.347      0.021     16.859      0.000
    SX                 0.323      0.079      4.109      0.000
    IX                 0.611      0.061      9.991      0.000
    IY                 0.547      0.033     16.421      0.000
    SY                 0.000      0.000    999.000    999.000


QUALITY OF NUMERICAL RESULTS

     Condition Number for the Information Matrix              0.788E-03
       (ratio of smallest to largest eigenvalue)


CONFIDENCE INTERVALS OF MODEL RESULTS

                  Lower .5%  Lower 2.5%    Lower 5%    Estimate    Upper 5%  Upper 2.5%   Upper .5%

 IX       |
    X1               1.000       1.000       1.000       1.000       1.000       1.000       1.000
    X2               1.000       1.000       1.000       1.000       1.000       1.000       1.000
    X3               1.000       1.000       1.000       1.000       1.000       1.000       1.000
    X4               1.000       1.000       1.000       1.000       1.000       1.000       1.000
    X5               1.000       1.000       1.000       1.000       1.000       1.000       1.000

 SX       |
    X1               0.000       0.000       0.000       0.000       0.000       0.000       0.000
    X2               0.606       0.629       0.641       0.702       0.764       0.776       0.799
    X3               0.644       0.667       0.678       0.739       0.800       0.812       0.835
    X4               0.912       0.940       0.954       1.029       1.104       1.118       1.146
    X5               1.000       1.000       1.000       1.000       1.000       1.000       1.000

 IY       |
    Y1               1.000       1.000       1.000       1.000       1.000       1.000       1.000
    Y2               1.000       1.000       1.000       1.000       1.000       1.000       1.000
    Y3               1.000       1.000       1.000       1.000       1.000       1.000       1.000
    Y4               1.000       1.000       1.000       1.000       1.000       1.000       1.000
    Y5               1.000       1.000       1.000       1.000       1.000       1.000       1.000

 SY       |
    Y1               0.000       0.000       0.000       0.000       0.000       0.000       0.000
    Y2               0.400       0.400       0.400       0.400       0.400       0.400       0.400
    Y3               0.600       0.600       0.600       0.600       0.600       0.600       0.600
    Y4               0.800       0.800       0.800       0.800       0.800       0.800       0.800
    Y5               1.000       1.000       1.000       1.000       1.000       1.000       1.000

 IY       ON
    IX              -0.513      -0.476      -0.457      -0.359      -0.261      -0.242      -0.205

 SY       ON
    IX              -0.189      -0.062       0.003       0.340       0.678       0.743       0.869
    SX              -1.557      -1.335      -1.221      -0.626      -0.031       0.083       0.306
    IY               0.375       0.409       0.426       0.517       0.607       0.625       0.658

 IY       ON
    C1              -0.225      -0.195      -0.180      -0.101      -0.022      -0.007       0.023
    C2              -0.107      -0.077      -0.062       0.018       0.098       0.113       0.143
    C3              -0.105      -0.076      -0.062       0.014       0.090       0.105       0.133
    Z0               0.107       0.128       0.139       0.196       0.253       0.264       0.285

 SY       ON
    C1              -0.105      -0.064      -0.043       0.065       0.174       0.195       0.235
    C2              -0.205      -0.162      -0.140      -0.025       0.090       0.112       0.155
    C3              -0.241      -0.198      -0.176      -0.061       0.053       0.075       0.118
    Z0              -0.136      -0.098      -0.078       0.025       0.129       0.148       0.187

 IX       ON
    C1              -0.058      -0.029      -0.014       0.063       0.140       0.155       0.184
    C2              -0.123      -0.093      -0.078       0.002       0.082       0.097       0.127
    C3              -0.120      -0.090      -0.074       0.007       0.088       0.103       0.133
    Z0               0.054       0.080       0.094       0.165       0.236       0.249       0.276

 SX       ON
    C1              -0.100      -0.072      -0.058       0.017       0.091       0.106       0.134
    C2              -0.074      -0.046      -0.032       0.042       0.116       0.130       0.157
    C3              -0.196      -0.167      -0.153      -0.078      -0.003       0.011       0.040
    Z0              -0.032      -0.004       0.011       0.086       0.161       0.176       0.204

 X1       ON
    Z0              -0.018       0.006       0.019       0.084       0.150       0.162       0.187

 Y1       ON
    Z0               0.020       0.036       0.045       0.088       0.132       0.141       0.157

 IX       WITH
    SX              -0.048      -0.009       0.011       0.115       0.219       0.239       0.278

 SX       WITH
    IY              -0.048      -0.020      -0.005       0.070       0.145       0.160       0.188

 X1       WITH
    Y1               0.025       0.035       0.040       0.068       0.096       0.102       0.112

 X2       WITH
    Y2               0.027       0.033       0.036       0.051       0.065       0.068       0.074

 X3       WITH
    Y3               0.026       0.031       0.034       0.047       0.061       0.064       0.069

 X4       WITH
    Y4               0.017       0.023       0.026       0.042       0.057       0.060       0.066

 X5       WITH
    Y5               0.034       0.041       0.045       0.063       0.082       0.086       0.093

 Intercepts
    X1               0.000       0.000       0.000       0.000       0.000       0.000       0.000
    X2               0.000       0.000       0.000       0.000       0.000       0.000       0.000
    X3               0.000       0.000       0.000       0.000       0.000       0.000       0.000
    X4               0.000       0.000       0.000       0.000       0.000       0.000       0.000
    X5               0.000       0.000       0.000       0.000       0.000       0.000       0.000
    Y1               0.000       0.000       0.000       0.000       0.000       0.000       0.000
    Y2               0.000       0.000       0.000       0.000       0.000       0.000       0.000
    Y3               0.000       0.000       0.000       0.000       0.000       0.000       0.000
    Y4               0.000       0.000       0.000       0.000       0.000       0.000       0.000
    Y5               0.000       0.000       0.000       0.000       0.000       0.000       0.000
    SX              -0.087      -0.064      -0.052       0.011       0.073       0.085       0.109
    IX              -0.140      -0.113      -0.100      -0.028       0.043       0.057       0.083
    IY              -0.077      -0.051      -0.037       0.033       0.104       0.117       0.144
    SY              -0.090      -0.055      -0.037       0.057       0.151       0.169       0.204

 Residual Variances
    X1               0.171       0.205       0.222       0.314       0.405       0.422       0.456
    X2               0.217       0.223       0.227       0.244       0.262       0.265       0.272
    X3               0.211       0.217       0.221       0.238       0.256       0.259       0.266
    X4               0.209       0.217       0.222       0.245       0.268       0.273       0.281
    X5               0.251       0.260       0.265       0.291       0.316       0.321       0.331
    Y1               0.282       0.303       0.314       0.369       0.425       0.435       0.456
    Y2               0.287       0.295       0.300       0.322       0.344       0.348       0.357
    Y3               0.262       0.270       0.274       0.296       0.317       0.322       0.330
    Y4               0.258       0.266       0.270       0.292       0.314       0.319       0.327
    Y5               0.294       0.307       0.313       0.347       0.381       0.387       0.400
    SX               0.120       0.169       0.194       0.323       0.452       0.477       0.525
    IX               0.453       0.491       0.510       0.611       0.711       0.730       0.768
    IY               0.461       0.482       0.492       0.547       0.602       0.612       0.633
    SY               0.000       0.000       0.000       0.000       0.000       0.000       0.000


MODEL COMMAND WITH FINAL ESTIMATES USED AS STARTING VALUES

     ix sx | x1@0 x2*0.4 x3*0.6 x4*0.8 x5@1;
     iy sy | y1@0 y2@0.4 y3@0.6 y4@0.8 y5@1;

     sx BY x2*0.70237;
     sx BY x3*0.73934;
     sx BY x4*1.02923;

     iy ON c1*-0.10098;
     iy ON c2*0.01785;
     iy ON c3*0.01413;
     iy ON z0*0.19599;
     sy ON c1*0.06540;
     sy ON c2*-0.02496;
     sy ON c3*-0.06142;
     sy ON z0*0.02535;
     ix ON c1*0.06283;
     ix ON c2*0.00185;
     ix ON c3*0.00664;
     ix ON z0*0.16489;
     sx ON c1*0.01672;
     sx ON c2*0.04195;
     sx ON c3*-0.07799;
     sx ON z0*0.08595;
     iy ON ix*-0.35894;
     sy ON ix*0.34036;
     sy ON sx*-0.62564;
     sy ON iy*0.51684;
     x1 ON z0*0.08406;
     y1 ON z0*0.08848;

     x1 WITH y1*0.06834;
     x2 WITH y2*0.05054;
     x3 WITH y3*0.04731;
     x4 WITH y4*0.04150;
     x5 WITH y5*0.06331;
     ix WITH sx*0.11493;
     sx WITH iy*0.07002;

     [ x1@0 ];
     [ x2@0 ];
     [ x3@0 ];
     [ x4@0 ];
     [ x5@0 ];
     [ y1@0 ];
     [ y2@0 ];
     [ y3@0 ];
     [ y4@0 ];
     [ y5@0 ];
     [ sx*0.01079 ];
     [ ix*-0.02843 ];
     [ iy*0.03325 ];
     [ sy*0.05681 ];

     x1*0.31360;
     x2*0.24420;
     x3*0.23812;
     x4*0.24496;
     x5*0.29065;
     y1*0.36902;
     y2*0.32184;
     y3*0.29558;
     y4*0.29229;
     y5*0.34712;
     sx*0.32284;
     ix*0.61068;
     iy*0.54713;
     sy@0;



RESIDUAL OUTPUT


     ESTIMATED MODEL AND RESIDUALS (OBSERVED - ESTIMATED)


           Model Estimated Means
              X1            X2            X3            X4            X5
              ________      ________      ________      ________      ________
               -0.008        -0.004        -0.004        -0.004        -0.004


           Model Estimated Means
              Y1            Y2            Y3            Y4            Y5
              ________      ________      ________      ________      ________
               -0.003         0.019         0.028         0.037         0.046


           Model Estimated Means
              Z0            C1            C2            C3
              ________      ________      ________      ________
               -0.033         0.408         0.403         0.395


           Residuals for Means
              X1            X2            X3            X4            X5
              ________      ________      ________      ________      ________
               -0.016         0.020         0.021        -0.021        -0.009


           Residuals for Means
              Y1            Y2            Y3            Y4            Y5
              ________      ________      ________      ________      ________
               -0.007         0.019        -0.011        -0.001         0.000


           Residuals for Means
              Z0            C1            C2            C3
              ________      ________      ________      ________
                0.000         0.000         0.000         0.000


           Standardized Residuals (z-scores) for Means
              X1            X2            X3            X4            X5
              ________      ________      ________      ________      ________
              999.000         1.916         1.761        -2.032        -0.892


           Standardized Residuals (z-scores) for Means
              Y1            Y2            Y3            Y4            Y5
              ________      ________      ________      ________      ________
               -0.799         1.684        -0.858        -0.054        -0.031


           Standardized Residuals (z-scores) for Means
              Z0            C1            C2            C3
              ________      ________      ________      ________
                0.000         0.000         0.000         0.000


           Normalized Residuals for Means
              X1            X2            X3            X4            X5
              ________      ________      ________      ________      ________
               -0.667         0.736         0.738        -0.691        -0.301


           Normalized Residuals for Means
              Y1            Y2            Y3            Y4            Y5
              ________      ________      ________      ________      ________
               -0.261         0.702        -0.384        -0.022        -0.009


           Normalized Residuals for Means
              Z0            C1            C2            C3
              ________      ________      ________      ________
                0.000         0.000         0.000         0.000


           Model Estimated Covariances
              X1            X2            X3            X4            X5
              ________      ________      ________      ________      ________
 X1             0.987
 X2             0.748         1.228
 X3             0.753         0.998         1.249
 X4             0.793         1.103         1.120         1.502
 X5             0.789         1.092         1.109         1.243         1.520
 Y1            -0.097        -0.151        -0.149        -0.135        -0.137
 Y2            -0.168        -0.144        -0.195        -0.200        -0.199
 Y3            -0.159        -0.206        -0.161        -0.221        -0.219
 Y4            -0.149        -0.218        -0.221        -0.200        -0.240
 Y5            -0.140        -0.230        -0.234        -0.263        -0.196
 Z0             0.248         0.224         0.227         0.252         0.250
 C1             0.015         0.019         0.019         0.020         0.020
 C2             0.003         0.010         0.010         0.013         0.013
 C3             0.003        -0.011        -0.012        -0.017        -0.016


           Model Estimated Covariances
              Y1            Y2            Y3            Y4            Y5
              ________      ________      ________      ________      ________
 Y1             1.049
 Y2             0.761         1.202
 Y3             0.812         0.947         1.319
 Y4             0.862         1.014         1.100         1.477
 Y5             0.913         1.081         1.176         1.270         1.712
 Z0             0.224         0.175         0.195         0.214         0.234
 C1            -0.030        -0.029        -0.028        -0.027        -0.027
 C2             0.006         0.002         0.000        -0.002        -0.004
 C3             0.005         0.004         0.004         0.004         0.004


           Model Estimated Covariances
              Z0            C1            C2            C3
              ________      ________      ________      ________
 Z0             0.995
 C1             0.001         0.241
 C2             0.009        -0.002         0.240
 C3             0.006        -0.008        -0.006         0.239


           Model Estimated Correlations
              X1            X2            X3            X4            X5
              ________      ________      ________      ________      ________
 X1             1.000
 X2             0.680         1.000
 X3             0.678         0.805         1.000
 X4             0.651         0.812         0.818         1.000
 X5             0.644         0.799         0.805         0.823         1.000
 Y1            -0.095        -0.133        -0.130        -0.108        -0.108
 Y2            -0.155        -0.118        -0.159        -0.149        -0.147
 Y3            -0.139        -0.162        -0.125        -0.157        -0.155
 Y4            -0.124        -0.162        -0.162        -0.134        -0.160
 Y5            -0.108        -0.159        -0.160        -0.164        -0.122
 Z0             0.250         0.203         0.204         0.206         0.203
 C1             0.031         0.034         0.034         0.033         0.033
 C2             0.005         0.018         0.019         0.022         0.022
 C3             0.005        -0.020        -0.021        -0.028        -0.027


           Model Estimated Correlations
              Y1            Y2            Y3            Y4            Y5
              ________      ________      ________      ________      ________
 Y1             1.000
 Y2             0.678         1.000
 Y3             0.690         0.752         1.000
 Y4             0.692         0.761         0.788         1.000
 Y5             0.681         0.754         0.782         0.799         1.000
 Z0             0.220         0.160         0.170         0.177         0.179
 C1            -0.059        -0.053        -0.049        -0.046        -0.041
 C2             0.013         0.003         0.000        -0.003        -0.006
 C3             0.010         0.008         0.008         0.007         0.007


           Model Estimated Correlations
              Z0            C1            C2            C3
              ________      ________      ________      ________
 Z0             1.000
 C1             0.002         1.000
 C2             0.019        -0.006         1.000
 C3             0.012        -0.033        -0.024         1.000


           Model Estimated Partial Correlations
              X1            X2            X3            X4            X5
              ________      ________      ________      ________      ________
 X1             1.000
 X2             0.215         1.000
 X3             0.193         0.257         1.000
 X4             0.065         0.279         0.299         1.000
 X5             0.058         0.248         0.266         0.356         1.000
 Y1             0.018        -0.057        -0.045         0.045         0.030
 Y2            -0.108         0.169        -0.053        -0.027        -0.038
 Y3            -0.053        -0.049         0.172        -0.050        -0.060
 Y4             0.028        -0.039        -0.050         0.134        -0.087
 Y5             0.076        -0.042        -0.057        -0.108         0.153
 Z0             0.141         0.015         0.015         0.022         0.017
 C1             0.005         0.004         0.003         0.003         0.001
 C2            -0.014         0.000         0.002         0.008         0.008
 C3             0.031        -0.001        -0.002        -0.016        -0.012


           Model Estimated Partial Correlations
              Y1            Y2            Y3            Y4            Y5
              ________      ________      ________      ________      ________
 Y1             1.000
 Y2             0.192         1.000
 Y3             0.182         0.225         1.000
 Y4             0.154         0.235         0.285         1.000
 Y5             0.124         0.227         0.285         0.343         1.000
 Z0             0.120         0.007         0.014         0.021         0.025
 C1            -0.030        -0.015        -0.007         0.002         0.011
 C2             0.018         0.006         0.000        -0.006        -0.012
 C3             0.004         0.003         0.000        -0.001        -0.005


           Model Estimated Partial Correlations
              Z0            C1            C2            C3
              ________      ________      ________      ________
 Z0             1.000
 C1             0.008         1.000
 C2             0.015        -0.007         1.000
 C3             0.014        -0.032        -0.024         1.000


           Residuals for Covariances
              X1            X2            X3            X4            X5
              ________      ________      ________      ________      ________
 X1            -0.004
 X2             0.003        -0.009
 X3             0.015         0.002         0.018
 X4            -0.007        -0.010         0.013        -0.001
 X5            -0.016        -0.006         0.000        -0.001        -0.009
 Y1             0.003         0.028        -0.003         0.012        -0.005
 Y2             0.017         0.001        -0.018         0.000        -0.028
 Y3            -0.006        -0.005        -0.019        -0.004        -0.022
 Y4             0.005         0.017         0.004         0.023         0.009
 Y5            -0.021         0.008        -0.008         0.017        -0.013
 Z0            -0.001         0.002        -0.001        -0.004         0.005
 C1             0.002        -0.011         0.006         0.003         0.000
 C2            -0.003         0.005         0.003         0.000        -0.007
 C3             0.001         0.001        -0.003        -0.004         0.006


           Residuals for Covariances
              Y1            Y2            Y3            Y4            Y5
              ________      ________      ________      ________      ________
 Y1            -0.012
 Y2             0.018         0.014
 Y3            -0.001         0.014         0.018
 Y4            -0.004         0.002         0.008        -0.001
 Y5            -0.051         0.002         0.006        -0.006        -0.026
 Z0             0.000         0.006        -0.010         0.003         0.002
 C1            -0.004         0.004         0.002         0.001        -0.003
 C2            -0.003         0.000         0.008         0.000        -0.006
 C3             0.009        -0.009        -0.005         0.000         0.008


           Residuals for Covariances
              Z0            C1            C2            C3
              ________      ________      ________      ________
 Z0             0.000
 C1             0.000         0.000
 C2             0.000         0.000         0.000
 C3             0.000         0.000         0.000         0.000


           Residuals for Correlations
              X1            X2            X3            X4            X5
              ________      ________      ________      ________      ________
 X1             0.000
 X2             0.007         0.000
 X3             0.010        -0.001         0.000
 X4            -0.004        -0.004         0.004         0.000
 X5            -0.010         0.001        -0.003         0.002         0.000
 Y1             0.002         0.024        -0.002         0.009        -0.005
 Y2             0.017         0.001        -0.012         0.001        -0.020
 Y3            -0.005        -0.003        -0.013        -0.002        -0.015
 Y4             0.004         0.012         0.004         0.016         0.005
 Y5            -0.017         0.004        -0.005         0.009        -0.009
 Z0             0.000         0.002        -0.003        -0.003         0.005
 C1             0.004        -0.021         0.010         0.006         0.001
 C2            -0.007         0.010         0.005        -0.001        -0.011
 C3             0.003         0.002        -0.006        -0.007         0.010


           Residuals for Correlations
              Y1            Y2            Y3            Y4            Y5
              ________      ________      ________      ________      ________
 Y1             0.000
 Y2             0.016         0.000
 Y3            -0.002         0.002         0.000
 Y4             0.001        -0.003         0.000         0.000
 Y5            -0.029         0.003         0.004         0.003         0.000
 Z0             0.001         0.004        -0.009         0.003         0.003
 C1            -0.009         0.008         0.004         0.001        -0.006
 C2            -0.007        -0.001         0.014         0.001        -0.010
 C3             0.017        -0.017        -0.009         0.000         0.013


           Residuals for Correlations
              Z0            C1            C2            C3
              ________      ________      ________      ________
 Z0             0.000
 C1             0.000         0.000
 C2             0.000         0.000         0.000
 C3             0.000         0.000         0.000         0.000


           Residuals for Partial Correlations
              X1            X2            X3            X4            X5
              ________      ________      ________      ________      ________
 X1             0.000
 X2             0.016         0.000
 X3             0.034        -0.010         0.000
 X4            -0.018        -0.023         0.025         0.000
 X5            -0.033         0.025        -0.025         0.009         0.000
 Y1            -0.009         0.042        -0.012        -0.015        -0.001
 Y2             0.064        -0.004        -0.011         0.011        -0.043
 Y3             0.006        -0.010         0.001        -0.009         0.004
 Y4            -0.005        -0.006         0.001         0.000         0.022
 Y5            -0.052        -0.001         0.007         0.026        -0.005
 Z0             0.002        -0.007        -0.004        -0.012         0.022
 C1             0.013        -0.052         0.022         0.015         0.006
 C2            -0.015         0.026         0.008        -0.001        -0.025
 C3             0.002         0.007        -0.010        -0.018         0.021


           Residuals for Partial Correlations
              Y1            Y2            Y3            Y4            Y5
              ________      ________      ________      ________      ________
 Y1             0.000
 Y2             0.055         0.000
 Y3             0.013        -0.012         0.000
 Y4             0.031        -0.036        -0.010         0.000
 Y5            -0.102         0.021         0.023         0.018         0.000
 Z0             0.003        -0.002        -0.022        -0.001         0.023
 C1            -0.017         0.027         0.006         0.001        -0.019
 C2            -0.014        -0.005         0.032         0.003        -0.021
 C3             0.035        -0.041        -0.021         0.000         0.034


           Residuals for Partial Correlations
              Z0            C1            C2            C3
              ________      ________      ________      ________
 Z0             0.000
 C1             0.001         0.000
 C2             0.004         0.000         0.000
 C3            -0.005         0.002         0.002         0.000


           Standardized Residuals (z-scores) for Covariances
              X1            X2            X3            X4            X5
              ________      ________      ________      ________      ________
 X1           999.000
 X2           999.000        -1.023
 X3             1.883         0.204         1.114
 X4           999.000        -1.470         2.352        -0.136
 X5            -2.397        -0.591         0.004        -0.176        -0.659
 Y1             0.947         1.975        -0.236         1.057        -0.375
 Y2             1.500         0.047        -0.974        -0.017        -1.554
 Y3            -0.460        -0.263        -1.121        -0.198        -1.063
 Y4             0.419         0.976         0.209         1.622         0.486
 Y5            -3.180         0.486        -0.445         1.249        -1.069
 Z0           999.000         0.317        -0.127        -0.506         0.399
 C1             1.358        -2.265         1.063         0.709         0.056
 C2            -1.878         1.023         0.493        -0.077        -1.290
 C3             0.622         0.206        -0.492        -0.767         1.109


           Standardized Residuals (z-scores) for Covariances
              Y1            Y2            Y3            Y4            Y5
              ________      ________      ________      ________      ________
 Y1            -1.680
 Y2             9.703         0.592
 Y3            -0.116         0.775         0.750
 Y4            -0.339         0.093         0.490        -0.038
 Y5           999.000         0.116         0.361        -0.804        -1.358
 Z0            -0.077         0.699        -0.750         0.301         0.155
 C1            -1.400         0.636         0.351         0.157        -0.819
 C2            -1.014        -0.078         1.263         0.078        -1.609
 C3             3.097        -1.546        -0.828        -0.055         1.775


           Standardized Residuals (z-scores) for Covariances
              Z0            C1            C2            C3
              ________      ________      ________      ________
 Z0             0.000
 C1             0.000         0.000
 C2             0.000         0.000         0.000
 C3             0.000         0.000         0.000         0.000


           Normalized Residuals for Covariances
              X1            X2            X3            X4            X5
              ________      ________      ________      ________      ________
 X1            -0.116
 X2             0.101        -0.209
 X3             0.425         0.044         0.380
 X4            -0.188        -0.225         0.294        -0.022
 X5            -0.426        -0.127         0.001        -0.016        -0.166
 Y1             0.118         0.956        -0.097         0.365        -0.156
 Y2             0.626         0.024        -0.555        -0.009        -0.799
 Y3            -0.205        -0.144        -0.557        -0.099        -0.574
 Y4             0.158         0.486         0.109         0.599         0.220
 Y5            -0.634         0.223        -0.197         0.415        -0.314
 Z0            -0.021         0.062        -0.050        -0.128         0.153
 C1             0.167        -0.857         0.427         0.236         0.021
 C2            -0.266         0.406         0.212        -0.025        -0.455
 C3             0.111         0.072        -0.224        -0.257         0.413


           Normalized Residuals for Covariances
              Y1            Y2            Y3            Y4            Y5
              ________      ________      ________      ________      ________
 Y1            -0.331
 Y2             0.523         0.327
 Y3            -0.038         0.352         0.385
 Y4            -0.106         0.039         0.180        -0.016
 Y5            -1.288         0.049         0.117        -0.125        -0.449
 Z0            -0.008         0.208        -0.322         0.101         0.048
 C1            -0.356         0.295         0.149         0.055        -0.220
 C2            -0.270        -0.032         0.544         0.030        -0.394
 C3             0.733        -0.684        -0.372        -0.018         0.517


           Normalized Residuals for Covariances
              Z0            C1            C2            C3
              ________      ________      ________      ________
 Z0             0.000
 C1             0.000         0.000
 C2             0.000         0.000         0.000
 C3             0.000         0.000         0.000         0.000


TECHNICAL 1 OUTPUT


     PARAMETER SPECIFICATION


           NU
              X1            X2            X3            X4            X5
              ________      ________      ________      ________      ________
                  0             0             0             0             0


           NU
              Y1            Y2            Y3            Y4            Y5
              ________      ________      ________      ________      ________
                  0             0             0             0             0


           NU
              Z0            C1            C2            C3
              ________      ________      ________      ________
                  0             0             0             0


           LAMBDA
              SX            IX            IY            SY            X1
              ________      ________      ________      ________      ________
 X1                 0             0             0             0             0
 X2                 1             0             0             0             0
 X3                 2             0             0             0             0
 X4                 3             0             0             0             0
 X5                 0             0             0             0             0
 Y1                 0             0             0             0             0
 Y2                 0             0             0             0             0
 Y3                 0             0             0             0             0
 Y4                 0             0             0             0             0
 Y5                 0             0             0             0             0
 Z0                 0             0             0             0             0
 C1                 0             0             0             0             0
 C2                 0             0             0             0             0
 C3                 0             0             0             0             0


           LAMBDA
              Y1            Z0            C1            C2            C3
              ________      ________      ________      ________      ________
 X1                 0             0             0             0             0
 X2                 0             0             0             0             0
 X3                 0             0             0             0             0
 X4                 0             0             0             0             0
 X5                 0             0             0             0             0
 Y1                 0             0             0             0             0
 Y2                 0             0             0             0             0
 Y3                 0             0             0             0             0
 Y4                 0             0             0             0             0
 Y5                 0             0             0             0             0
 Z0                 0             0             0             0             0
 C1                 0             0             0             0             0
 C2                 0             0             0             0             0
 C3                 0             0             0             0             0


           THETA
              X1            X2            X3            X4            X5
              ________      ________      ________      ________      ________
 X1                 0
 X2                 0             4
 X3                 0             0             5
 X4                 0             0             0             6
 X5                 0             0             0             0             7
 Y1                 0             0             0             0             0
 Y2                 0             8             0             0             0
 Y3                 0             0            10             0             0
 Y4                 0             0             0            12             0
 Y5                 0             0             0             0            14
 Z0                 0             0             0             0             0
 C1                 0             0             0             0             0
 C2                 0             0             0             0             0
 C3                 0             0             0             0             0


           THETA
              Y1            Y2            Y3            Y4            Y5
              ________      ________      ________      ________      ________
 Y1                 0
 Y2                 0             9
 Y3                 0             0            11
 Y4                 0             0             0            13
 Y5                 0             0             0             0            15
 Z0                 0             0             0             0             0
 C1                 0             0             0             0             0
 C2                 0             0             0             0             0
 C3                 0             0             0             0             0


           THETA
              Z0            C1            C2            C3
              ________      ________      ________      ________
 Z0                 0
 C1                 0             0
 C2                 0             0             0
 C3                 0             0             0             0


           ALPHA
              SX            IX            IY            SY            X1
              ________      ________      ________      ________      ________
                 16            17            18            19             0


           ALPHA
              Y1            Z0            C1            C2            C3
              ________      ________      ________      ________      ________
                  0             0             0             0             0


           BETA
              SX            IX            IY            SY            X1
              ________      ________      ________      ________      ________
 SX                 0             0             0             0             0
 IX                 0             0             0             0             0
 IY                 0            28             0             0             0
 SY                33            34            35             0             0
 X1                 0             0             0             0             0
 Y1                 0             0             0             0             0
 Z0                 0             0             0             0             0
 C1                 0             0             0             0             0
 C2                 0             0             0             0             0
 C3                 0             0             0             0             0


           BETA
              Y1            Z0            C1            C2            C3
              ________      ________      ________      ________      ________
 SX                 0            20            21            22            23
 IX                 0            24            25            26            27
 IY                 0            29            30            31            32
 SY                 0            36            37            38            39
 X1                 0            40             0             0             0
 Y1                 0            41             0             0             0
 Z0                 0             0             0             0             0
 C1                 0             0             0             0             0
 C2                 0             0             0             0             0
 C3                 0             0             0             0             0


           PSI
              SX            IX            IY            SY            X1
              ________      ________      ________      ________      ________
 SX                42
 IX                43            44
 IY                45             0            46
 SY                 0             0             0             0
 X1                 0             0             0             0            47
 Y1                 0             0             0             0            48
 Z0                 0             0             0             0             0
 C1                 0             0             0             0             0
 C2                 0             0             0             0             0
 C3                 0             0             0             0             0


           PSI
              Y1            Z0            C1            C2            C3
              ________      ________      ________      ________      ________
 Y1                49
 Z0                 0             0
 C1                 0             0             0
 C2                 0             0             0             0
 C3                 0             0             0             0             0


     STARTING VALUES


           NU
              X1            X2            X3            X4            X5
              ________      ________      ________      ________      ________
                0.000         0.000         0.000         0.000         0.000


           NU
              Y1            Y2            Y3            Y4            Y5
              ________      ________      ________      ________      ________
                0.000         0.000         0.000         0.000         0.000


           NU
              Z0            C1            C2            C3
              ________      ________      ________      ________
                0.000         0.000         0.000         0.000


           LAMBDA
              SX            IX            IY            SY            X1
              ________      ________      ________      ________      ________
 X1             0.000         0.000         0.000         0.000         1.000
 X2             0.707         1.000         0.000         0.000         0.000
 X3             0.749         1.000         0.000         0.000         0.000
 X4             1.021         1.000         0.000         0.000         0.000
 X5             1.000         1.000         0.000         0.000         0.000
 Y1             0.000         0.000         0.000         0.000         0.000
 Y2             0.000         0.000         1.000         0.400         0.000
 Y3             0.000         0.000         1.000         0.600         0.000
 Y4             0.000         0.000         1.000         0.800         0.000
 Y5             0.000         0.000         1.000         1.000         0.000
 Z0             0.000         0.000         0.000         0.000         0.000
 C1             0.000         0.000         0.000         0.000         0.000
 C2             0.000         0.000         0.000         0.000         0.000
 C3             0.000         0.000         0.000         0.000         0.000


           LAMBDA
              Y1            Z0            C1            C2            C3
              ________      ________      ________      ________      ________
 X1             0.000         0.000         0.000         0.000         0.000
 X2             0.000         0.000         0.000         0.000         0.000
 X3             0.000         0.000         0.000         0.000         0.000
 X4             0.000         0.000         0.000         0.000         0.000
 X5             0.000         0.000         0.000         0.000         0.000
 Y1             1.000         0.000         0.000         0.000         0.000
 Y2             0.000         0.000         0.000         0.000         0.000
 Y3             0.000         0.000         0.000         0.000         0.000
 Y4             0.000         0.000         0.000         0.000         0.000
 Y5             0.000         0.000         0.000         0.000         0.000
 Z0             0.000         1.000         0.000         0.000         0.000
 C1             0.000         0.000         1.000         0.000         0.000
 C2             0.000         0.000         0.000         1.000         0.000
 C3             0.000         0.000         0.000         0.000         1.000


           THETA
              X1            X2            X3            X4            X5
              ________      ________      ________      ________      ________
 X1             0.000
 X2             0.000         0.245
 X3             0.000         0.000         0.240
 X4             0.000         0.000         0.000         0.241
 X5             0.000         0.000         0.000         0.000         0.286
 Y1             0.000         0.000         0.000         0.000         0.000
 Y2             0.000         0.050         0.000         0.000         0.000
 Y3             0.000         0.000         0.049         0.000         0.000
 Y4             0.000         0.000         0.000         0.038         0.000
 Y5             0.000         0.000         0.000         0.000         0.053
 Z0             0.000         0.000         0.000         0.000         0.000
 C1             0.000         0.000         0.000         0.000         0.000
 C2             0.000         0.000         0.000         0.000         0.000
 C3             0.000         0.000         0.000         0.000         0.000


           THETA
              Y1            Y2            Y3            Y4            Y5
              ________      ________      ________      ________      ________
 Y1             0.000
 Y2             0.000         0.315
 Y3             0.000         0.000         0.299
 Y4             0.000         0.000         0.000         0.291
 Y5             0.000         0.000         0.000         0.000         0.317
 Z0             0.000         0.000         0.000         0.000         0.000
 C1             0.000         0.000         0.000         0.000         0.000
 C2             0.000         0.000         0.000         0.000         0.000
 C3             0.000         0.000         0.000         0.000         0.000


           THETA
              Z0            C1            C2            C3
              ________      ________      ________      ________
 Z0             0.000
 C1             0.000         0.000
 C2             0.000         0.000         0.000
 C3             0.000         0.000         0.000         0.000


           ALPHA
              SX            IX            IY            SY            X1
              ________      ________      ________      ________      ________
                0.015        -0.032         0.033         0.059         0.000


           ALPHA
              Y1            Z0            C1            C2            C3
              ________      ________      ________      ________      ________
                0.000        -0.033         0.408         0.403         0.395


           BETA
              SX            IX            IY            SY            X1
              ________      ________      ________      ________      ________
 SX             0.000         0.000         0.000         0.000         0.000
 IX             0.000         0.000         0.000         0.000         0.000
 IY             0.000        -0.259         0.000         0.000         0.000
 SY            -0.155         0.004         0.226         0.000         0.000
 X1             0.000         1.000         0.000         0.000         0.000
 Y1             0.000         0.000         1.000         0.000         0.000
 Z0             0.000         0.000         0.000         0.000         0.000
 C1             0.000         0.000         0.000         0.000         0.000
 C2             0.000         0.000         0.000         0.000         0.000
 C3             0.000         0.000         0.000         0.000         0.000


           BETA
              Y1            Z0            C1            C2            C3
              ________      ________      ________      ________      ________
 SX             0.000         0.090         0.017         0.046        -0.082
 IX             0.000         0.161         0.063        -0.002         0.011
 IY             0.000         0.178        -0.108         0.015         0.017
 SY             0.000         0.081         0.043        -0.037        -0.023
 X1             0.000         0.087         0.000         0.000         0.000
 Y1             0.000         0.089         0.000         0.000         0.000
 Z0             0.000         0.000         0.000         0.000         0.000
 C1             0.000         0.000         0.000         0.000         0.000
 C2             0.000         0.000         0.000         0.000         0.000
 C3             0.000         0.000         0.000         0.000         0.000


           PSI
              SX            IX            IY            SY            X1
              ________      ________      ________      ________      ________
 SX             0.403
 IX             0.047         0.668
 IY            -0.013         0.000         0.630
 SY             0.000         0.000         0.000         0.000
 X1             0.000         0.000         0.000         0.000         0.251
 Y1             0.000         0.000         0.000         0.000         0.019
 Z0             0.000         0.000         0.000         0.000         0.000
 C1             0.000         0.000         0.000         0.000         0.000
 C2             0.000         0.000         0.000         0.000         0.000
 C3             0.000         0.000         0.000         0.000         0.000


           PSI
              Y1            Z0            C1            C2            C3
              ________      ________      ________      ________      ________
 Y1             0.316
 Z0             0.000         0.995
 C1             0.000         0.001         0.241
 C2             0.000         0.009        -0.002         0.240
 C3             0.000         0.006        -0.008        -0.006         0.239


TECHNICAL 3 OUTPUT


           ESTIMATED COVARIANCE MATRIX FOR PARAMETER ESTIMATES
                  1             2             3             4             5
              ________      ________      ________      ________      ________
      1     0.140292D-02
      2     0.506318D-03  0.136994D-02
      3     0.555098D-03  0.782600D-03  0.206759D-02
      4     0.339543D-05 -0.187100D-04  0.175440D-04  0.115448D-03
      5     0.976547D-05 -0.489917D-04 -0.243686D-04 -0.452423D-05  0.114314D-03
      6    -0.352802D-04 -0.327830D-04 -0.201880D-03 -0.167371D-04 -0.175372D-04
      7     0.110663D-03  0.144144D-03  0.204877D-03 -0.166059D-04 -0.555167D-05
      8    -0.102622D-04  0.118510D-04  0.878637D-05  0.157472D-04 -0.130360D-05
      9     0.909099D-05  0.288465D-04  0.588074D-05  0.120930D-04  0.180185D-05
     10    -0.351263D-05 -0.838612D-05  0.170291D-04  0.102235D-05  0.254502D-04
     11    -0.288073D-05  0.193363D-04  0.610183D-05  0.178631D-05 -0.127599D-05
     12     0.120461D-05  0.270098D-05  0.973218D-05 -0.830711D-05  0.269151D-05
     13    -0.191980D-04 -0.955999D-05  0.833131D-05 -0.136541D-05  0.261674D-05
     14    -0.285602D-04 -0.558267D-04 -0.864799D-04 -0.745221D-05  0.874360D-05
     15    -0.643589D-05  0.140558D-05 -0.360601D-04  0.175968D-04  0.198644D-04
     16     0.379534D-04  0.248308D-05 -0.888752D-04 -0.486569D-05  0.235587D-04
     17    -0.370799D-04 -0.524680D-04  0.223687D-03  0.919716D-05 -0.757485D-05
     18    -0.147525D-03 -0.179339D-03 -0.711253D-04  0.211478D-04  0.108887D-04
     19     0.149003D-03  0.109061D-03 -0.261476D-04 -0.250728D-04  0.171729D-04
     20     0.188912D-03  0.138930D-04 -0.425558D-03 -0.176255D-04  0.449369D-04
     21    -0.201419D-03  0.187902D-03  0.756102D-04  0.533186D-05 -0.239585D-04
     22     0.307796D-03  0.174774D-03 -0.528716D-04 -0.811335D-05 -0.244664D-04
     23     0.132235D-03  0.109257D-04 -0.433099D-05 -0.795653D-06  0.112892D-04
     24    -0.176609D-03 -0.622196D-04  0.303185D-03  0.177307D-04 -0.200581D-04
     25     0.646441D-04 -0.993330D-04 -0.171101D-03 -0.234889D-05 -0.134065D-04
     26    -0.171985D-03  0.602887D-04 -0.137539D-03 -0.679505D-05  0.126861D-04
     27     0.944980D-04  0.544094D-04 -0.439801D-04  0.145616D-05  0.106463D-04
     28    -0.127307D-03 -0.117210D-03 -0.116083D-03  0.248790D-04  0.587066D-04
     29    -0.202106D-04  0.327178D-05  0.223708D-03 -0.522480D-05 -0.180641D-04
     30     0.819055D-04  0.546396D-04 -0.612485D-04 -0.150876D-04 -0.321218D-04
     31     0.865654D-04  0.131420D-03  0.103214D-03 -0.239787D-04  0.976327D-05
     32     0.390713D-04  0.723341D-04  0.624602D-04 -0.478641D-04 -0.326730D-04
     33    -0.146746D-03 -0.394978D-03 -0.146478D-02  0.473403D-03  0.397142D-03
     34    -0.100433D-03  0.119838D-03  0.424489D-03 -0.203665D-03 -0.226272D-03
     35     0.133172D-04  0.582653D-04  0.164232D-03 -0.209234D-04 -0.369235D-04
     36     0.969357D-04 -0.119795D-04 -0.508493D-03 -0.292574D-05  0.536207D-04
     37    -0.132001D-03  0.141040D-03  0.123961D-03  0.112648D-04  0.226616D-04
     38     0.188041D-03  0.712959D-04 -0.307698D-04 -0.240837D-04 -0.476224D-04
     39    -0.169938D-04 -0.816593D-04 -0.125423D-03  0.696375D-04  0.618193D-04
     40     0.194311D-03  0.652584D-04 -0.291233D-03 -0.233804D-04  0.337763D-04
     41    -0.594903D-04 -0.152954D-04 -0.959285D-04  0.111466D-04  0.734631D-05
     42     0.136342D-04 -0.372737D-03 -0.102305D-02  0.900113D-04  0.843471D-04
     43    -0.340134D-03 -0.471845D-04  0.135641D-03 -0.638674D-04 -0.666020D-04
     44     0.124445D-03 -0.967542D-04 -0.182995D-03  0.388299D-04  0.678738D-04
     45     0.396959D-04 -0.755116D-04  0.505279D-04 -0.460236D-04 -0.485554D-04
     46     0.397811D-04 -0.171737D-04 -0.197433D-04 -0.189529D-04 -0.794999D-05
     47    -0.245676D-03 -0.375150D-05  0.214570D-03 -0.558162D-04 -0.594779D-04
     48     0.121936D-03  0.241362D-04 -0.117422D-04 -0.570388D-05 -0.604100D-05
     49    -0.112469D-03 -0.257702D-04 -0.437800D-04  0.343622D-04  0.385842D-04


           ESTIMATED COVARIANCE MATRIX FOR PARAMETER ESTIMATES
                  6             7             8             9            10
              ________      ________      ________      ________      ________
      6     0.198455D-03
      7    -0.175973D-04  0.242507D-03
      8     0.160118D-05 -0.503129D-06  0.824337D-04
      9    -0.124258D-04 -0.843851D-05  0.321385D-04  0.182280D-03
     10    -0.944352D-06  0.382623D-05 -0.198570D-05 -0.197330D-06  0.701098D-04
     11     0.148038D-04  0.631645D-05  0.601825D-05 -0.107874D-04  0.264848D-04
     12     0.290573D-04  0.113089D-04 -0.271582D-05 -0.354823D-05 -0.276740D-05
     13     0.422730D-05 -0.403542D-05 -0.259773D-05 -0.140760D-04  0.451508D-05
     14     0.176595D-04  0.225173D-04 -0.118695D-05 -0.102325D-04 -0.729318D-05
     15    -0.629733D-04 -0.279569D-04  0.474812D-05 -0.323903D-05  0.499233D-05
     16     0.735011D-05 -0.282453D-04 -0.109576D-04 -0.972892D-05  0.136955D-05
     17     0.186177D-04  0.264949D-04  0.178773D-04 -0.339913D-04  0.898866D-05
     18    -0.117030D-05 -0.118839D-04 -0.260107D-05 -0.865147D-05  0.691053D-05
     19     0.325060D-04  0.351907D-04 -0.121685D-04  0.759360D-05  0.585237D-05
     20     0.649442D-04 -0.420254D-04  0.209546D-04  0.117659D-04 -0.487579D-05
     21    -0.102003D-04 -0.123168D-04  0.159849D-04  0.102418D-04 -0.104106D-04
     22     0.232057D-04  0.686858D-04 -0.297833D-05  0.147858D-04  0.113471D-04
     23     0.123643D-04  0.124376D-04 -0.202784D-04 -0.276760D-04 -0.301966D-05
     24    -0.492740D-04 -0.287529D-05 -0.256433D-04  0.125596D-04  0.584058D-05
     25     0.859539D-05 -0.261811D-04 -0.270174D-04 -0.335362D-05 -0.240065D-05
     26     0.674654D-05 -0.702425D-05  0.843512D-05  0.119956D-04 -0.295459D-04
     27    -0.347627D-04 -0.842160D-05 -0.578951D-05  0.211990D-04 -0.293429D-05
     28    -0.218979D-03 -0.169938D-03 -0.389466D-04  0.669880D-04  0.102848D-04
     29    -0.195409D-04  0.344706D-04  0.634969D-05 -0.241940D-05 -0.708383D-05
     30     0.398120D-04 -0.377098D-04  0.122118D-04 -0.255174D-05 -0.380561D-05
     31    -0.136369D-04  0.225610D-04 -0.160744D-04 -0.317184D-04 -0.143920D-04
     32    -0.811138D-05  0.175999D-04 -0.116938D-04  0.125648D-04  0.287821D-05
     33    -0.186595D-02 -0.139418D-02 -0.226130D-03  0.540322D-03  0.177725D-03
     34     0.105188D-02  0.755667D-03  0.128570D-03 -0.297543D-03 -0.100849D-03
     35     0.126087D-03  0.936679D-04  0.420179D-04  0.164900D-04 -0.660108D-05
     36     0.583890D-04 -0.798712D-04  0.256631D-04  0.940469D-05 -0.287669D-05
     37    -0.181643D-05 -0.213075D-05  0.618197D-05  0.558759D-05  0.178350D-04
     38     0.115017D-03  0.745242D-04  0.687068D-05 -0.795726D-05 -0.958578D-05
     39    -0.145714D-03 -0.151851D-03 -0.394889D-05  0.758935D-05  0.201479D-04
     40     0.500744D-04 -0.962874D-05  0.110346D-04 -0.858324D-05  0.109215D-05
     41     0.109135D-04 -0.164621D-04  0.113845D-05 -0.282661D-07  0.724219D-05
     42    -0.320724D-03 -0.365533D-03 -0.697284D-04  0.116095D-03  0.144715D-04
     43     0.314655D-03  0.213916D-03  0.433483D-04 -0.109191D-03 -0.195163D-04
     44    -0.257956D-03 -0.218111D-03 -0.482351D-04  0.872905D-04  0.257044D-04
     45     0.205080D-03  0.130905D-03  0.293324D-04 -0.534567D-04 -0.186600D-04
     46     0.683212D-04  0.345760D-04 -0.521802D-05 -0.515584D-04 -0.126834D-04
     47     0.262797D-03  0.202237D-03  0.553902D-04 -0.809833D-04 -0.277222D-04
     48     0.456488D-04  0.342457D-04 -0.451487D-05 -0.228021D-05 -0.990282D-05
     49    -0.177843D-03 -0.110905D-03 -0.112945D-04  0.231960D-04  0.159252D-04


           ESTIMATED COVARIANCE MATRIX FOR PARAMETER ESTIMATES
                 11            12            13            14            15
              ________      ________      ________      ________      ________
     11     0.174961D-03
     12     0.136877D-05  0.896933D-04
     13    -0.207064D-04  0.301354D-04  0.179342D-03
     14     0.221380D-05 -0.159092D-05  0.266128D-05  0.129837D-03
     15    -0.152375D-04  0.710361D-05  0.383638D-05 -0.359923D-05  0.423926D-03
     16     0.370943D-05 -0.129513D-04  0.445865D-04  0.269497D-04  0.295540D-04
     17     0.269736D-04  0.100198D-05 -0.406446D-04 -0.686858D-05 -0.383385D-04
     18    -0.281716D-04  0.539387D-05  0.211722D-04  0.635805D-05  0.508987D-04
     19     0.479755D-04 -0.722146D-05 -0.169208D-04 -0.619071D-05 -0.114332D-03
     20    -0.517712D-06  0.367103D-05 -0.308692D-04  0.253986D-06  0.128426D-04
     21     0.380744D-04  0.220888D-05 -0.116202D-04 -0.282623D-04 -0.134812D-04
     22    -0.154780D-04  0.543281D-05 -0.257032D-04  0.271437D-04 -0.200858D-04
     23    -0.133326D-04  0.535301D-05 -0.385022D-04 -0.336974D-04 -0.311242D-04
     24     0.122921D-04  0.568014D-05  0.168415D-04 -0.145551D-05  0.273238D-04
     25    -0.374064D-04 -0.224844D-04  0.188826D-04  0.507322D-05 -0.729713D-04
     26    -0.263427D-04 -0.223341D-05 -0.111741D-04  0.108412D-05  0.327495D-04
     27     0.290467D-04  0.168852D-04  0.541025D-04 -0.104293D-04  0.241787D-04
     28    -0.842035D-04 -0.128623D-04  0.679056D-04 -0.772120D-04  0.620485D-03
     29     0.162907D-04  0.339175D-05 -0.828359D-06 -0.225384D-04 -0.771171D-04
     30     0.127840D-04 -0.133558D-04  0.121032D-04  0.148969D-04 -0.101166D-03
     31     0.434618D-04 -0.121290D-04 -0.215190D-04 -0.223305D-04 -0.550270D-05
     32     0.422773D-04  0.161519D-04 -0.361758D-04 -0.171240D-05 -0.410937D-04
     33    -0.481236D-03 -0.335609D-03  0.339607D-03 -0.777909D-03  0.441877D-02
     34     0.262585D-03  0.141929D-03 -0.251190D-03  0.398216D-03 -0.252149D-02
     35     0.555385D-04 -0.118147D-05 -0.804677D-04  0.393147D-04 -0.417987D-03
     36    -0.283972D-04 -0.621584D-05 -0.162637D-04  0.317881D-04  0.746881D-04
     37     0.149232D-04  0.561412D-05 -0.734914D-06 -0.471787D-05  0.765844D-04
     38    -0.126332D-04  0.271299D-04 -0.167193D-04  0.784523D-04 -0.162026D-03
     39    -0.824510D-04 -0.186166D-04  0.605172D-04 -0.644559D-04  0.391909D-03
     40    -0.832879D-05 -0.795777D-05 -0.391026D-04 -0.236426D-05 -0.769783D-05
     41    -0.121436D-04 -0.566981D-05 -0.103832D-04  0.135394D-04 -0.744768D-05
     42    -0.107849D-03 -0.921525D-04  0.381746D-04 -0.102283D-03  0.820419D-03
     43     0.838010D-04  0.533628D-04 -0.572097D-04  0.119760D-03 -0.698331D-03
     44    -0.637385D-04 -0.258421D-04  0.609485D-04 -0.756189D-04  0.575240D-03
     45     0.629543D-04  0.258249D-04 -0.415958D-04  0.826666D-04 -0.518769D-03
     46     0.887275D-05  0.171007D-04  0.122916D-04  0.257767D-04 -0.721760D-04
     47     0.678754D-04  0.546617D-04 -0.388716D-04  0.972583D-04 -0.598271D-03
     48     0.105863D-04  0.407528D-05 -0.217647D-04  0.255488D-04 -0.138226D-03
     49    -0.336527D-04 -0.272083D-04  0.287552D-04 -0.686405D-04  0.368108D-03


           ESTIMATED COVARIANCE MATRIX FOR PARAMETER ESTIMATES
                 16            17            18            19            20
              ________      ________      ________      ________      ________
     16     0.144093D-02
     17    -0.409931D-03  0.187980D-02
     18    -0.227411D-03  0.287054D-03  0.183419D-02
     19     0.904895D-03 -0.799703D-03 -0.143424D-02  0.326505D-02
     20     0.131605D-03 -0.192429D-03 -0.100945D-03  0.205137D-03  0.210293D-02
     21    -0.841509D-03  0.294066D-03  0.157146D-03 -0.530682D-03 -0.439050D-04
     22    -0.750982D-03  0.167592D-03  0.116353D-03 -0.455058D-03 -0.441881D-04
     23    -0.871837D-03  0.197014D-03  0.138021D-03 -0.476054D-03 -0.611036D-04
     24    -0.114167D-03  0.169075D-03  0.110639D-03 -0.108817D-03 -0.157407D-02
     25     0.248549D-03 -0.107914D-02 -0.225764D-03  0.423327D-03 -0.185129D-04
     26     0.165848D-03 -0.974886D-03 -0.786827D-04  0.364733D-03  0.199684D-03
     27     0.268128D-03 -0.110764D-02 -0.184116D-03  0.536411D-03  0.488753D-04
     28     0.767210D-04 -0.909283D-04  0.741340D-04 -0.297671D-03 -0.216514D-04
     29    -0.411395D-04  0.824344D-04  0.138498D-04  0.711956D-04 -0.568407D-03
     30     0.195827D-03 -0.193953D-03 -0.108979D-02  0.908697D-03 -0.307666D-04
     31     0.105513D-03 -0.143612D-03 -0.109610D-02  0.801598D-03  0.948106D-04
     32     0.625960D-04 -0.197170D-03 -0.960500D-03  0.723722D-03 -0.670429D-04
     33     0.782037D-03 -0.128528D-02 -0.298364D-05 -0.189759D-02  0.798208D-03
     34    -0.400045D-03  0.574748D-03 -0.370651D-05  0.121708D-02 -0.263870D-03
     35    -0.108620D-03  0.885942D-04 -0.758272D-04  0.138892D-03 -0.212980D-04
     36     0.120406D-03 -0.143760D-03  0.449614D-04 -0.822495D-04  0.189130D-02
     37    -0.506684D-03  0.516634D-03  0.828088D-03 -0.184816D-02  0.151622D-04
     38    -0.527876D-03  0.461172D-03  0.907743D-03 -0.177845D-02 -0.767238D-04
     39    -0.445325D-03  0.422258D-03  0.694523D-03 -0.185954D-02  0.308526D-04
     40     0.522605D-04 -0.117705D-03 -0.677939D-04  0.107635D-03  0.158585D-02
     41    -0.505759D-04  0.299987D-04  0.794568D-04 -0.164040D-03  0.672442D-04
     42     0.191676D-03 -0.303488D-03 -0.963409D-05 -0.350066D-03  0.276693D-03
     43    -0.163776D-03  0.262517D-03  0.517208D-04  0.320005D-03 -0.156477D-03
     44     0.144872D-03 -0.947813D-04  0.414463D-04 -0.422241D-03 -0.196812D-05
     45    -0.103717D-03  0.121186D-03  0.431527D-04  0.177541D-03 -0.655607D-04
     46     0.338299D-04  0.296346D-04  0.102094D-03  0.152108D-04 -0.170788D-04
     47    -0.117208D-03  0.201243D-03 -0.456560D-05  0.302009D-03 -0.127599D-03
     48     0.751687D-05  0.255369D-04  0.548440D-05  0.140269D-04  0.141510D-04
     49     0.104081D-04 -0.979854D-04 -0.434139D-05 -0.192815D-03  0.458406D-05


           ESTIMATED COVARIANCE MATRIX FOR PARAMETER ESTIMATES
                 21            22            23            24            25
              ________      ________      ________      ________      ________
     21     0.206534D-02
     22    -0.115682D-03  0.201170D-02
     23     0.252646D-03 -0.109803D-04  0.208246D-02
     24     0.561624D-04  0.276958D-04 -0.160058D-04  0.185971D-02
     25    -0.588401D-03  0.116951D-03 -0.118864D-03  0.314543D-04  0.219830D-02
     26     0.589012D-05 -0.681038D-03  0.204484D-03 -0.215905D-03  0.831273D-04
     27    -0.105657D-03  0.800256D-04 -0.584570D-03  0.792992D-05  0.249607D-03
     28    -0.462113D-04 -0.123842D-04 -0.542826D-04  0.107674D-03 -0.193742D-03
     29     0.817501D-04 -0.464006D-04 -0.891942D-04  0.549736D-03  0.239386D-04
     30    -0.243046D-03 -0.818088D-05 -0.162348D-03  0.580632D-04  0.453223D-03
     31    -0.561067D-04 -0.368915D-03  0.619723D-04 -0.155439D-03  0.405752D-04
     32    -0.319941D-04  0.814779D-04 -0.239807D-03  0.539093D-04  0.153707D-03
     33    -0.607523D-03 -0.160870D-05 -0.775465D-03 -0.676749D-04 -0.484044D-03
     34     0.326080D-03 -0.314352D-04  0.338357D-03 -0.113805D-03  0.475292D-03
     35     0.149042D-04  0.817997D-04  0.105235D-04 -0.449730D-05  0.148541D-03
     36    -0.903387D-04  0.807675D-04  0.171970D-03 -0.161043D-02 -0.912574D-04
     37     0.126659D-02 -0.104041D-03  0.185287D-03 -0.425873D-04 -0.103073D-02
     38     0.390453D-04  0.148026D-02 -0.953385D-04  0.765199D-04  0.126210D-03
     39     0.888967D-04 -0.763778D-04  0.126098D-02 -0.424288D-04 -0.276688D-03
     40    -0.354238D-04  0.171860D-04  0.426989D-04 -0.142005D-02 -0.268415D-04
     41    -0.150365D-04  0.759251D-04  0.732085D-04 -0.440596D-04 -0.115362D-04
     42    -0.276698D-03  0.762602D-04 -0.875559D-04 -0.143089D-03  0.839599D-04
     43     0.231021D-03 -0.959411D-04  0.866504D-04  0.654871D-04  0.477653D-04
     44    -0.133158D-03 -0.179089D-05 -0.774442D-04  0.682310D-04 -0.179342D-03
     45    -0.125195D-04  0.341008D-04  0.983460D-04 -0.786915D-05  0.983880D-04
     46    -0.469170D-04 -0.504693D-04  0.897706D-04  0.169597D-04 -0.447852D-04
     47     0.156076D-03 -0.112457D-03  0.469953D-04  0.286162D-04  0.278024D-04
     48    -0.284128D-04  0.687769D-05  0.336038D-04 -0.408928D-04  0.362129D-04
     49     0.184336D-04 -0.583505D-05 -0.587610D-04  0.334452D-04 -0.293729D-04


           ESTIMATED COVARIANCE MATRIX FOR PARAMETER ESTIMATES
                 26            27            28            29            30
              ________      ________      ________      ________      ________
     26     0.235179D-02
     27    -0.425561D-04  0.241906D-02
     28     0.981581D-04 -0.229772D-04  0.357861D-02
     29    -0.925232D-04  0.570595D-04 -0.469566D-03  0.118655D-02
     30    -0.114898D-03  0.165690D-03 -0.361552D-03  0.704781D-04  0.230840D-02
     31     0.406828D-03 -0.294936D-04  0.753548D-04 -0.192903D-04  0.151714D-03
     32    -0.729030D-04  0.392504D-03 -0.101315D-03  0.683876D-04  0.171955D-03
     33    -0.140258D-03  0.347881D-03  0.162761D-01 -0.263577D-02 -0.156663D-02
     34     0.228300D-03 -0.162002D-03 -0.103176D-01  0.151476D-02  0.989832D-03
     35     0.711902D-06 -0.904528D-04 -0.183500D-02  0.278986D-03  0.141790D-03
     36     0.160463D-03 -0.663780D-04  0.387115D-03 -0.169135D-02 -0.160675D-03
     37     0.132716D-03 -0.313939D-03  0.116946D-03 -0.622656D-04 -0.184487D-02
     38    -0.114803D-02 -0.113352D-03 -0.602868D-03  0.431123D-04 -0.715474D-04
     39     0.682403D-04 -0.990596D-03  0.135833D-02 -0.341722D-03 -0.329451D-03
     40     0.175012D-03  0.696891D-05 -0.709958D-04 -0.498140D-03 -0.541211D-04
     41    -0.141697D-04 -0.548454D-04  0.156764D-04 -0.565135D-03 -0.321094D-04
     42    -0.822749D-04  0.504137D-04  0.298590D-02 -0.560116D-03 -0.305096D-03
     43     0.256106D-04 -0.319396D-04 -0.267318D-02  0.421778D-03  0.320591D-03
     44    -0.982095D-04 -0.450234D-05  0.266920D-02 -0.321886D-03 -0.300247D-03
     45    -0.350931D-04  0.243072D-05 -0.215109D-02  0.336300D-03  0.126819D-03
     46     0.252401D-05 -0.767968D-05 -0.143405D-03 -0.252291D-04 -0.143196D-04
     47     0.939565D-04 -0.345657D-04 -0.228285D-02  0.362311D-03  0.271795D-03
     48    -0.920393D-05 -0.607427D-05 -0.566381D-03  0.737669D-04  0.302054D-04
     49    -0.199364D-04  0.146142D-04  0.136237D-02 -0.219976D-03 -0.109927D-03


           ESTIMATED COVARIANCE MATRIX FOR PARAMETER ESTIMATES
                 31            32            33            34            35
              ________      ________      ________      ________      ________
     31     0.235648D-02
     32     0.892661D-04  0.213146D-02
     33     0.125886D-02 -0.730833D-03  0.130833D+00
     34    -0.558817D-03  0.330509D-03 -0.716401D-01  0.421724D-01
     35     0.415457D-04  0.131079D-03 -0.957854D-02  0.614770D-02  0.302014D-02
     36    -0.368793D-04 -0.175355D-03  0.235362D-02 -0.147111D-02 -0.587288D-03
     37    -0.787302D-04 -0.796682D-04  0.482196D-03 -0.391626D-03  0.135032D-03
     38    -0.196719D-02  0.163580D-04 -0.551957D-02  0.292197D-02  0.297438D-03
     39     0.703207D-04 -0.165587D-02  0.109107D-01 -0.618416D-02 -0.861062D-03
     40     0.120543D-03 -0.402050D-04  0.370288D-03 -0.956660D-04  0.477311D-05
     41    -0.752124D-04 -0.495636D-04  0.476739D-03 -0.130052D-03 -0.655861D-04
     42     0.284547D-03 -0.188829D-03  0.257687D-01 -0.138642D-01 -0.174141D-02
     43    -0.276690D-03  0.100683D-03 -0.210847D-01  0.120220D-01  0.145581D-02
     44     0.155590D-03 -0.115414D-03  0.177973D-01 -0.106987D-01 -0.130963D-02
     45    -0.204536D-03  0.119015D-03 -0.148838D-01  0.835625D-02  0.150884D-02
     46    -0.137584D-03 -0.109361D-03 -0.341378D-02  0.143207D-02 -0.872923D-03
     47    -0.176922D-03  0.926818D-04 -0.183929D-01  0.103265D-01  0.133584D-02
     48    -0.779146D-05  0.204998D-04 -0.346453D-02  0.205359D-02  0.314847D-03
     49     0.116764D-03 -0.781080D-04  0.107084D-01 -0.588531D-02 -0.708788D-03


           ESTIMATED COVARIANCE MATRIX FOR PARAMETER ESTIMATES
                 36            37            38            39            40
              ________      ________      ________      ________      ________
     36     0.394751D-02
     37     0.118292D-03  0.435499D-02
     38     0.697872D-04 -0.636160D-06  0.487608D-02
     39     0.469289D-03  0.480538D-03 -0.521814D-03  0.487427D-02
     40     0.157243D-02  0.652036D-04 -0.895718D-04 -0.219742D-05  0.158440D-02
     41     0.100556D-02  0.371699D-04  0.116747D-03  0.149050D-03  0.109456D-03
     42     0.582315D-03 -0.488992D-04 -0.101237D-02  0.213171D-02  0.164239D-03
     43    -0.394424D-03 -0.102524D-03  0.819430D-03 -0.178543D-02 -0.780353D-04
     44     0.234777D-03  0.121323D-03 -0.664935D-03  0.162253D-02 -0.660669D-04
     45    -0.305325D-03 -0.421039D-04  0.690726D-03 -0.124813D-02 -0.113528D-04
     46     0.210471D-03 -0.122897D-03  0.257409D-03 -0.146396D-03 -0.282184D-04
     47    -0.382292D-03 -0.596276D-04  0.639128D-03 -0.157135D-02 -0.729820D-04
     48    -0.515231D-04 -0.212806D-04  0.209422D-03 -0.272698D-03  0.151236D-04
     49     0.139511D-03  0.622033D-04 -0.514602D-03  0.970053D-03 -0.577425D-05


           ESTIMATED COVARIANCE MATRIX FOR PARAMETER ESTIMATES
                 41            42            43            44            45
              ________      ________      ________      ________      ________
     41     0.710848D-03
     42     0.927843D-04  0.617256D-02
     43    -0.269967D-04 -0.443823D-02  0.402079D-02
     44    -0.264792D-04  0.366078D-02 -0.329211D-02  0.373611D-02
     45    -0.640568D-04 -0.267913D-02  0.232990D-02 -0.203337D-02  0.208958D-02
     46     0.267924D-04 -0.681879D-03  0.575935D-03 -0.424148D-03  0.305474D-03
     47    -0.615792D-04 -0.394370D-02  0.329784D-02 -0.281043D-02  0.203657D-02
     48    -0.183954D-04 -0.466054D-03  0.424189D-03 -0.412818D-03  0.453962D-03
     49     0.493519D-04  0.197840D-02 -0.162681D-02  0.141532D-02 -0.123778D-02


           ESTIMATED COVARIANCE MATRIX FOR PARAMETER ESTIMATES
                 46            47            48            49
              ________      ________      ________      ________
     46     0.111017D-02
     47     0.492370D-03  0.306971D-02
     48     0.656223D-04  0.370668D-03  0.289586D-03
     49    -0.326660D-03 -0.142577D-02 -0.334388D-03  0.113805D-02


           ESTIMATED CORRELATION MATRIX FOR PARAMETER ESTIMATES
                  1             2             3             4             5
              ________      ________      ________      ________      ________
      1         1.000
      2         0.365         1.000
      3         0.326         0.465         1.000
      4         0.008        -0.047         0.036         1.000
      5         0.024        -0.124        -0.050        -0.039         1.000
      6        -0.067        -0.063        -0.315        -0.111        -0.116
      7         0.190         0.250         0.289        -0.099        -0.033
      8        -0.030         0.035         0.021         0.161        -0.013
      9         0.018         0.058         0.010         0.083         0.012
     10        -0.011        -0.027         0.045         0.011         0.284
     11        -0.006         0.039         0.010         0.013        -0.009
     12         0.003         0.008         0.023        -0.082         0.027
     13        -0.038        -0.019         0.014        -0.009         0.018
     14        -0.067        -0.132        -0.167        -0.061         0.072
     15        -0.008         0.002        -0.039         0.080         0.090
     16         0.027         0.002        -0.051        -0.012         0.058
     17        -0.023        -0.033         0.113         0.020        -0.016
     18        -0.092        -0.113        -0.037         0.046         0.024
     19         0.070         0.052        -0.010        -0.041         0.028
     20         0.110         0.008        -0.204        -0.036         0.092
     21        -0.118         0.112         0.037         0.011        -0.049
     22         0.183         0.105        -0.026        -0.017        -0.051
     23         0.077         0.006        -0.002        -0.002         0.023
     24        -0.109        -0.039         0.155         0.038        -0.044
     25         0.037        -0.057        -0.080        -0.005        -0.027
     26        -0.095         0.034        -0.062        -0.013         0.024
     27         0.051         0.030        -0.020         0.003         0.020
     28        -0.057        -0.053        -0.043         0.039         0.092
     29        -0.016         0.003         0.143        -0.014        -0.049
     30         0.046         0.031        -0.028        -0.029        -0.063
     31         0.048         0.073         0.047        -0.046         0.019
     32         0.023         0.042         0.030        -0.096        -0.066
     33        -0.011        -0.030        -0.089         0.122         0.103
     34        -0.013         0.016         0.045        -0.092        -0.103
     35         0.006         0.029         0.066        -0.035        -0.063
     36         0.041        -0.005        -0.178        -0.004         0.080
     37        -0.053         0.058         0.041         0.016         0.032
     38         0.072         0.028        -0.010        -0.032        -0.064
     39        -0.006        -0.032        -0.040         0.093         0.083
     40         0.130         0.044        -0.161        -0.055         0.079
     41        -0.060        -0.015        -0.079         0.039         0.026
     42         0.005        -0.128        -0.286         0.107         0.100
     43        -0.143        -0.020         0.047        -0.094        -0.098
     44         0.054        -0.043        -0.066         0.059         0.104
     45         0.023        -0.045         0.024        -0.094        -0.099
     46         0.032        -0.014        -0.013        -0.053        -0.022
     47        -0.118        -0.002         0.085        -0.094        -0.100
     48         0.191         0.038        -0.015        -0.031        -0.033
     49        -0.089        -0.021        -0.029         0.095         0.107


           ESTIMATED CORRELATION MATRIX FOR PARAMETER ESTIMATES
                  6             7             8             9            10
              ________      ________      ________      ________      ________
      6         1.000
      7        -0.080         1.000
      8         0.013        -0.004         1.000
      9        -0.065        -0.040         0.262         1.000
     10        -0.008         0.029        -0.026        -0.002         1.000
     11         0.079         0.031         0.050        -0.060         0.239
     12         0.218         0.077        -0.032        -0.028        -0.035
     13         0.022        -0.019        -0.021        -0.078         0.040
     14         0.110         0.127        -0.011        -0.067        -0.076
     15        -0.217        -0.087         0.025        -0.012         0.029
     16         0.014        -0.048        -0.032        -0.019         0.004
     17         0.030         0.039         0.045        -0.058         0.025
     18        -0.002        -0.018        -0.007        -0.015         0.019
     19         0.040         0.040        -0.023         0.010         0.012
     20         0.101        -0.059         0.050         0.019        -0.013
     21        -0.016        -0.017         0.039         0.017        -0.027
     22         0.037         0.098        -0.007         0.024         0.030
     23         0.019         0.018        -0.049        -0.045        -0.008
     24        -0.081        -0.004        -0.065         0.022         0.016
     25         0.013        -0.036        -0.063        -0.005        -0.006
     26         0.010        -0.009         0.019         0.018        -0.073
     27        -0.050        -0.011        -0.013         0.032        -0.007
     28        -0.260        -0.182        -0.072         0.083         0.021
     29        -0.040         0.064         0.020        -0.005        -0.025
     30         0.059        -0.050         0.028        -0.004        -0.009
     31        -0.020         0.030        -0.036        -0.048        -0.035
     32        -0.012         0.024        -0.028         0.020         0.007
     33        -0.366        -0.248        -0.069         0.111         0.059
     34         0.364         0.236         0.069        -0.107        -0.059
     35         0.163         0.109         0.084         0.022        -0.014
     36         0.066        -0.082         0.045         0.011        -0.005
     37        -0.002        -0.002         0.010         0.006         0.032
     38         0.117         0.069         0.011        -0.008        -0.016
     39        -0.148        -0.140        -0.006         0.008         0.034
     40         0.089        -0.016         0.031        -0.016         0.003
     41         0.029        -0.040         0.005         0.000         0.032
     42        -0.290        -0.299        -0.098         0.109         0.022
     43         0.352         0.217         0.075        -0.128        -0.037
     44        -0.300        -0.229        -0.087         0.106         0.050
     45         0.318         0.184         0.071        -0.087        -0.049
     46         0.146         0.067        -0.017        -0.115        -0.045
     47         0.337         0.234         0.110        -0.108        -0.060
     48         0.190         0.129        -0.029        -0.010        -0.069
     49        -0.374        -0.211        -0.037         0.051         0.056


           ESTIMATED CORRELATION MATRIX FOR PARAMETER ESTIMATES
                 11            12            13            14            15
              ________      ________      ________      ________      ________
     11         1.000
     12         0.011         1.000
     13        -0.117         0.238         1.000
     14         0.015        -0.015         0.017         1.000
     15        -0.056         0.036         0.014        -0.015         1.000
     16         0.007        -0.036         0.088         0.062         0.038
     17         0.047         0.002        -0.070        -0.014        -0.043
     18        -0.050         0.013         0.037         0.013         0.058
     19         0.063        -0.013        -0.022        -0.010        -0.097
     20        -0.001         0.008        -0.050         0.000         0.014
     21         0.063         0.005        -0.019        -0.055        -0.014
     22        -0.026         0.013        -0.043         0.053        -0.022
     23        -0.022         0.012        -0.063        -0.065        -0.033
     24         0.022         0.014         0.029        -0.003         0.031
     25        -0.060        -0.051         0.030         0.009        -0.076
     26        -0.041        -0.005        -0.017         0.002         0.033
     27         0.045         0.036         0.082        -0.019         0.024
     28        -0.106        -0.023         0.085        -0.113         0.504
     29         0.036         0.010        -0.002        -0.057        -0.109
     30         0.020        -0.029         0.019         0.027        -0.102
     31         0.068        -0.026        -0.033        -0.040        -0.006
     32         0.069         0.037        -0.059        -0.003        -0.043
     33        -0.101        -0.098         0.070        -0.189         0.593
     34         0.097         0.073        -0.091         0.170        -0.596
     35         0.076        -0.002        -0.109         0.063        -0.369
     36        -0.034        -0.010        -0.019         0.044         0.058
     37         0.017         0.009        -0.001        -0.006         0.056
     38        -0.014         0.041        -0.018         0.099        -0.113
     39        -0.089        -0.028         0.065        -0.081         0.273
     40        -0.016        -0.021        -0.073        -0.005        -0.009
     41        -0.034        -0.022        -0.029         0.045        -0.014
     42        -0.104        -0.124         0.036        -0.114         0.507
     43         0.100         0.089        -0.067         0.166        -0.535
     44        -0.079        -0.045         0.074        -0.109         0.457
     45         0.104         0.060        -0.068         0.159        -0.551
     46         0.020         0.054         0.028         0.068        -0.105
     47         0.093         0.104        -0.052         0.154        -0.524
     48         0.047         0.025        -0.096         0.132        -0.395
     49        -0.075        -0.085         0.064        -0.179         0.530


           ESTIMATED CORRELATION MATRIX FOR PARAMETER ESTIMATES
                 16            17            18            19            20
              ________      ________      ________      ________      ________
     16         1.000
     17        -0.249         1.000
     18        -0.140         0.155         1.000
     19         0.417        -0.323        -0.586         1.000
     20         0.076        -0.097        -0.051         0.078         1.000
     21        -0.488         0.149         0.081        -0.204        -0.021
     22        -0.441         0.086         0.061        -0.178        -0.021
     23        -0.503         0.100         0.071        -0.183        -0.029
     24        -0.070         0.090         0.060        -0.044        -0.796
     25         0.140        -0.531        -0.112         0.158        -0.009
     26         0.090        -0.464        -0.038         0.132         0.090
     27         0.144        -0.519        -0.087         0.191         0.022
     28         0.034        -0.035         0.029        -0.087        -0.008
     29        -0.031         0.055         0.009         0.036        -0.360
     30         0.107        -0.093        -0.530         0.331        -0.014
     31         0.057        -0.068        -0.527         0.289         0.043
     32         0.036        -0.099        -0.486         0.274        -0.032
     33         0.057        -0.082         0.000        -0.092         0.048
     34        -0.051         0.065         0.000         0.104        -0.028
     35        -0.052         0.037        -0.032         0.044        -0.008
     36         0.050        -0.053         0.017        -0.023         0.656
     37        -0.202         0.181         0.293        -0.490         0.005
     38        -0.199         0.152         0.304        -0.446        -0.024
     39        -0.168         0.139         0.232        -0.466         0.010
     40         0.035        -0.068        -0.040         0.047         0.869
     41        -0.050         0.026         0.070        -0.108         0.055
     42         0.064        -0.089        -0.003        -0.078         0.077
     43        -0.068         0.095         0.019         0.088        -0.054
     44         0.062        -0.036         0.016        -0.121        -0.001
     45        -0.060         0.061         0.022         0.068        -0.031
     46         0.027         0.021         0.072         0.008        -0.011
     47        -0.056         0.084        -0.002         0.095        -0.050
     48         0.012         0.035         0.008         0.014         0.018
     49         0.008        -0.067        -0.003        -0.100         0.003


           ESTIMATED CORRELATION MATRIX FOR PARAMETER ESTIMATES
                 21            22            23            24            25
              ________      ________      ________      ________      ________
     21         1.000
     22        -0.057         1.000
     23         0.122        -0.005         1.000
     24         0.029         0.014        -0.008         1.000
     25        -0.276         0.056        -0.056         0.016         1.000
     26         0.003        -0.313         0.092        -0.103         0.037
     27        -0.047         0.036        -0.260         0.004         0.108
     28        -0.017        -0.005        -0.020         0.042        -0.069
     29         0.052        -0.030        -0.057         0.370         0.015
     30        -0.111        -0.004        -0.074         0.028         0.201
     31        -0.025        -0.169         0.028        -0.074         0.018
     32        -0.015         0.039        -0.114         0.027         0.071
     33        -0.037         0.000        -0.047        -0.004        -0.029
     34         0.035        -0.003         0.036        -0.013         0.049
     35         0.006         0.033         0.004        -0.002         0.058
     36        -0.032         0.029         0.060        -0.594        -0.031
     37         0.422        -0.035         0.062        -0.015        -0.333
     38         0.012         0.473        -0.030         0.025         0.039
     39         0.028        -0.024         0.396        -0.014        -0.085
     40        -0.020         0.010         0.024        -0.827        -0.014
     41        -0.012         0.063         0.060        -0.038        -0.009
     42        -0.077         0.022        -0.024        -0.042         0.023
     43         0.080        -0.034         0.030         0.024         0.016
     44        -0.048        -0.001        -0.028         0.026        -0.063
     45        -0.006         0.017         0.047        -0.004         0.046
     46        -0.031        -0.034         0.059         0.012        -0.029
     47         0.062        -0.045         0.019         0.012         0.011
     48        -0.037         0.009         0.043        -0.056         0.045
     49         0.012        -0.004        -0.038         0.023        -0.019


           ESTIMATED CORRELATION MATRIX FOR PARAMETER ESTIMATES
                 26            27            28            29            30
              ________      ________      ________      ________      ________
     26         1.000
     27        -0.018         1.000
     28         0.034        -0.008         1.000
     29        -0.055         0.034        -0.228         1.000
     30        -0.049         0.070        -0.126         0.043         1.000
     31         0.173        -0.012         0.026        -0.012         0.065
     32        -0.033         0.173        -0.037         0.043         0.078
     33        -0.008         0.020         0.752        -0.212        -0.090
     34         0.023        -0.016        -0.840         0.214         0.100
     35         0.000        -0.033        -0.558         0.147         0.054
     36         0.053        -0.021         0.103        -0.781        -0.053
     37         0.041        -0.097         0.030        -0.027        -0.582
     38        -0.339        -0.033        -0.144         0.018        -0.021
     39         0.020        -0.288         0.325        -0.142        -0.098
     40         0.091         0.004        -0.030        -0.363        -0.028
     41        -0.011        -0.042         0.010        -0.615        -0.025
     42        -0.022         0.013         0.635        -0.207        -0.081
     43         0.008        -0.010        -0.705         0.193         0.105
     44        -0.033        -0.001         0.730        -0.153        -0.102
     45        -0.016         0.001        -0.787         0.214         0.058
     46         0.002        -0.005        -0.072        -0.022        -0.009
     47         0.035        -0.013        -0.689         0.190         0.102
     48        -0.011        -0.007        -0.556         0.126         0.037
     49        -0.012         0.009         0.675        -0.189        -0.068


           ESTIMATED CORRELATION MATRIX FOR PARAMETER ESTIMATES
                 31            32            33            34            35
              ________      ________      ________      ________      ________
     31         1.000
     32         0.040         1.000
     33         0.072        -0.044         1.000
     34        -0.056         0.035        -0.964         1.000
     35         0.016         0.052        -0.482         0.545         1.000
     36        -0.012        -0.060         0.104        -0.114        -0.170
     37        -0.025        -0.026         0.020        -0.029         0.037
     38        -0.580         0.005        -0.219         0.204         0.078
     39         0.021        -0.514         0.432        -0.431        -0.224
     40         0.062        -0.022         0.026        -0.012         0.002
     41        -0.058        -0.040         0.049        -0.024        -0.045
     42         0.075        -0.052         0.907        -0.859        -0.403
     43        -0.090         0.034        -0.919         0.923         0.418
     44         0.052        -0.041         0.805        -0.852        -0.390
     45        -0.092         0.056        -0.900         0.890         0.601
     46        -0.085        -0.071        -0.283         0.209        -0.477
     47        -0.066         0.036        -0.918         0.908         0.439
     48        -0.009         0.026        -0.563         0.588         0.337
     49         0.071        -0.050         0.878        -0.850        -0.382


           ESTIMATED CORRELATION MATRIX FOR PARAMETER ESTIMATES
                 36            37            38            39            40
              ________      ________      ________      ________      ________
     36         1.000
     37         0.029         1.000
     38         0.016         0.000         1.000
     39         0.107         0.104        -0.107         1.000
     40         0.629         0.025        -0.032        -0.001         1.000
     41         0.600         0.021         0.063         0.080         0.103
     42         0.118        -0.009        -0.185         0.389         0.053
     43        -0.099        -0.025         0.185        -0.403        -0.031
     44         0.061         0.030        -0.156         0.380        -0.027
     45        -0.106        -0.014         0.216        -0.391        -0.006
     46         0.101        -0.056         0.111        -0.063        -0.021
     47        -0.110        -0.016         0.165        -0.406        -0.033
     48        -0.048        -0.019         0.176        -0.230         0.022
     49         0.066         0.028        -0.218         0.412        -0.004


           ESTIMATED CORRELATION MATRIX FOR PARAMETER ESTIMATES
                 41            42            43            44            45
              ________      ________      ________      ________      ________
     41         1.000
     42         0.044         1.000
     43        -0.016        -0.891         1.000
     44        -0.016         0.762        -0.849         1.000
     45        -0.053        -0.746         0.804        -0.728         1.000
     46         0.030        -0.260         0.273        -0.208         0.201
     47        -0.042        -0.906         0.939        -0.830         0.804
     48        -0.041        -0.349         0.393        -0.397         0.584
     49         0.055         0.746        -0.761         0.686        -0.803


           ESTIMATED CORRELATION MATRIX FOR PARAMETER ESTIMATES
                 46            47            48            49
              ________      ________      ________      ________
     46         1.000
     47         0.267         1.000
     48         0.116         0.393         1.000
     49        -0.291        -0.763        -0.582         1.000


TECHNICAL 4 OUTPUT


     ESTIMATES DERIVED FROM THE MODEL


           ESTIMATED MEANS FOR THE LATENT VARIABLES
              SX            IX            IY            SY            X1
              ________      ________      ________      ________      ________
                0.001        -0.005         0.000         0.046        -0.008


           ESTIMATED MEANS FOR THE LATENT VARIABLES
              Y1            Z0            C1            C2            C3
              ________      ________      ________      ________      ________
               -0.003        -0.033         0.408         0.403         0.395


           S.E. FOR ESTIMATED MEANS FOR THE LATENT VARIABLES
              SX            IX            IY            SY            X1
              ________      ________      ________      ________      ________
                0.022         0.024         0.023         0.024         0.024


           S.E. FOR ESTIMATED MEANS FOR THE LATENT VARIABLES
              Y1            Z0            C1            C2            C3
              ________      ________      ________      ________      ________
                0.024         0.025         0.012         0.012         0.012


           EST./S.E. FOR ESTIMATED MEANS FOR THE LATENT VARIABLES
              SX            IX            IY            SY            X1
              ________      ________      ________      ________      ________
                0.038        -0.205         0.006         1.948        -0.315


           EST./S.E. FOR ESTIMATED MEANS FOR THE LATENT VARIABLES
              Y1            Z0            C1            C2            C3
              ________      ________      ________      ________      ________
               -0.117        -1.346        33.399        32.861        32.455


           TWO-TAILED P-VALUE FOR ESTIMATED MEANS FOR THE LATENT VARIABLES
              SX            IX            IY            SY            X1
              ________      ________      ________      ________      ________
                0.970         0.837         0.995         0.051         0.752


           TWO-TAILED P-VALUE FOR ESTIMATED MEANS FOR THE LATENT VARIABLES
              Y1            Z0            C1            C2            C3
              ________      ________      ________      ________      ________
                0.907         0.178         0.000         0.000         0.000


           ESTIMATED COVARIANCE MATRIX FOR THE LATENT VARIABLES
              SX            IX            IY            SY            X1
              ________      ________      ________      ________      ________
 SX             0.332
 IX             0.129         0.639
 IY             0.040        -0.199         0.648
 SY            -0.140         0.039         0.244         0.230
 X1             0.136         0.653        -0.187         0.047         0.987
 Y1             0.047        -0.184         0.660         0.252        -0.097
 Z0             0.085         0.164         0.136         0.098         0.248
 C1             0.005         0.015        -0.030         0.003         0.015
 C2             0.011         0.002         0.006        -0.009         0.003
 C3            -0.018         0.002         0.005         0.000         0.003


           ESTIMATED COVARIANCE MATRIX FOR THE LATENT VARIABLES
              Y1            Z0            C1            C2            C3
              ________      ________      ________      ________      ________
 Y1             1.049
 Z0             0.224         0.995
 C1            -0.030         0.001         0.241
 C2             0.006         0.009        -0.002         0.240
 C3             0.005         0.006        -0.008        -0.006         0.239


           S.E. FOR ESTIMATED COVARIANCE MATRIX FOR THE LATENT VARIABLES
              SX            IX            IY            SY            X1
              ________      ________      ________      ________      ________
 SX             0.080
 IX             0.063         0.063
 IY             0.028         0.027         0.040
 SY             0.031         0.028         0.043         0.066
 X1             0.064         0.063         0.027         0.029         0.036
 Y1             0.029         0.028         0.040         0.043         0.025
 Z0             0.046         0.043         0.031         0.035         0.026
 C1             0.011         0.011         0.012         0.012         0.012
 C2             0.011         0.012         0.012         0.012         0.012
 C3             0.011         0.012         0.011         0.011         0.012


           S.E. FOR ESTIMATED COVARIANCE MATRIX FOR THE LATENT VARIABLES
              Y1            Z0            C1            C2            C3
              ________      ________      ________      ________      ________
 Y1             0.037
 Z0             0.025         0.033
 C1             0.012         0.012         0.002
 C2             0.012         0.012         0.006         0.002
 C3             0.011         0.012         0.006         0.006         0.003


           EST./S.E. FOR ESTIMATED COVARIANCE MATRIX FOR THE LATENT VARIABLES
              SX            IX            IY            SY            X1
              ________      ________      ________      ________      ________
 SX             4.173
 IX             2.039        10.134
 IY             1.448        -7.374        16.176
 SY            -4.546         1.370         5.730         3.462
 X1             2.134        10.410        -6.920         1.618        27.495
 Y1             1.661        -6.582        16.454         5.835        -3.911
 Z0             1.869         3.798         4.362         2.793         9.590
 C1             0.423         1.330        -2.583         0.273         1.310
 C2             1.042         0.155         0.466        -0.775         0.216
 C3            -1.692         0.175         0.401        -0.025         0.214


           EST./S.E. FOR ESTIMATED COVARIANCE MATRIX FOR THE LATENT VARIABLES
              Y1            Z0            C1            C2            C3
              ________      ________      ________      ________      ________
 Y1            28.694
 Z0             8.931        29.812
 C1            -2.531         0.068       106.966
 C2             0.527         0.761        -0.247       100.691
 C3             0.440         0.487        -1.278        -0.974        93.502


           TWO-TAILED P-VALUE FOR ESTIMATED COVARIANCE MATRIX FOR THE LATENT VARIABLES
              SX            IX            IY            SY            X1
              ________      ________      ________      ________      ________
 SX             0.000
 IX             0.041         0.000
 IY             0.148         0.000         0.000
 SY             0.000         0.171         0.000         0.001
 X1             0.033         0.000         0.000         0.106         0.000
 Y1             0.097         0.000         0.000         0.000         0.000
 Z0             0.062         0.000         0.000         0.005         0.000
 C1             0.672         0.183         0.010         0.785         0.190
 C2             0.297         0.877         0.641         0.439         0.829
 C3             0.091         0.861         0.689         0.980         0.831


           TWO-TAILED P-VALUE FOR ESTIMATED COVARIANCE MATRIX FOR THE LATENT VARIABLES
              Y1            Z0            C1            C2            C3
              ________      ________      ________      ________      ________
 Y1             0.000
 Z0             0.000         0.000
 C1             0.011         0.946         0.000
 C2             0.598         0.447         0.805         0.000
 C3             0.660         0.626         0.201         0.330         0.000


           ESTIMATED CORRELATION MATRIX FOR THE LATENT VARIABLES
              SX            IX            IY            SY            X1
              ________      ________      ________      ________      ________
 SX             1.000
 IX             0.281         1.000
 IY             0.086        -0.309         1.000
 SY            -0.507         0.102         0.631         1.000
 X1             0.238         0.822        -0.234         0.099         1.000
 Y1             0.080        -0.225         0.801         0.514        -0.095
 Z0             0.149         0.206         0.170         0.204         0.250
 C1             0.016         0.039        -0.075         0.014         0.031
 C2             0.040         0.005         0.014        -0.039         0.005
 C3            -0.066         0.005         0.011        -0.001         0.005


           ESTIMATED CORRELATION MATRIX FOR THE LATENT VARIABLES
              Y1            Z0            C1            C2            C3
              ________      ________      ________      ________      ________
 Y1             1.000
 Z0             0.220         1.000
 C1            -0.059         0.002         1.000
 C2             0.013         0.019        -0.006         1.000
 C3             0.010         0.012        -0.033        -0.024         1.000


           S.E. FOR ESTIMATED CORRELATION MATRIX FOR THE LATENT VARIABLES
              SX            IX            IY            SY            X1
              ________      ________      ________      ________      ________
 SX             0.000
 IX             0.179         0.000
 IY             0.062         0.044         0.000
 SY             0.088         0.068         0.202         0.000
 X1             0.137         0.034         0.032         0.054         0.000
 Y1             0.052         0.039         0.019         0.151         0.024
 Z0             0.078         0.052         0.038         0.076         0.024
 C1             0.039         0.029         0.029         0.050         0.024
 C2             0.039         0.030         0.030         0.050         0.025
 C3             0.039         0.031         0.029         0.047         0.025


           S.E. FOR ESTIMATED CORRELATION MATRIX FOR THE LATENT VARIABLES
              Y1            Z0            C1            C2            C3
              ________      ________      ________      ________      ________
 Y1             0.000
 Z0             0.023         0.000
 C1             0.023         0.025         0.000
 C2             0.024         0.025         0.026         0.000
 C3             0.023         0.026         0.026         0.025         0.000


           EST./S.E. FOR ESTIMATED CORRELATION MATRIX FOR THE LATENT VARIABLES
              SX            IX            IY            SY            X1
              ________      ________      ________      ________      ________
 SX           999.000
 IX             1.565       999.000
 IY             1.382        -6.991       999.000
 SY            -5.735         1.498         3.123       999.000
 X1             1.743        24.052        -7.315         1.833       999.000
 Y1             1.548        -5.812        41.888         3.405        -3.956
 Z0             1.898         3.939         4.445         2.697        10.383
 C1             0.421         1.325        -2.588         0.273         1.309
 C2             1.039         0.155         0.466        -0.772         0.216
 C3            -1.672         0.175         0.400        -0.025         0.214


           EST./S.E. FOR ESTIMATED CORRELATION MATRIX FOR THE LATENT VARIABLES
              Y1            Z0            C1            C2            C3
              ________      ________      ________      ________      ________
 Y1           999.000
 Z0             9.551       999.000
 C1            -2.538         0.068       999.000
 C2             0.527         0.761        -0.247       999.000
 C3             0.440         0.487        -1.279        -0.973       999.000


           TWO-TAILED P-VALUE FOR ESTIMATED CORRELATION MATRIX FOR THE LATENT VARIABLES
              SX            IX            IY            SY            X1
              ________      ________      ________      ________      ________
 SX             0.000
 IX             0.118         0.000
 IY             0.167         0.000         0.000
 SY             0.000         0.134         0.002         0.000
 X1             0.081         0.000         0.000         0.067         0.000
 Y1             0.122         0.000         0.000         0.001         0.000
 Z0             0.058         0.000         0.000         0.007         0.000
 C1             0.674         0.185         0.010         0.785         0.191
 C2             0.299         0.877         0.642         0.440         0.829
 C3             0.095         0.861         0.689         0.980         0.831


           TWO-TAILED P-VALUE FOR ESTIMATED CORRELATION MATRIX FOR THE LATENT VARIABLES
              Y1            Z0            C1            C2            C3
              ________      ________      ________      ________      ________
 Y1             0.000
 Z0             0.000         0.000
 C1             0.011         0.946         0.000
 C2             0.598         0.447         0.805         0.000
 C3             0.660         0.626         0.201         0.330         0.000


           ESTIMATED PARTIAL CORRELATION MATRIX FOR THE LATENT VARIABLES
              SX            IX            IY            SY            X1
              ________      ________      ________      ________      ________
 SX             1.000
 IX             1.000         1.000
 IY             1.000        -1.000         1.000
 SY            -1.000         1.000         1.000         1.000
 X1             0.000         0.000         0.000         0.000         1.000
 Y1             0.000         0.000         0.000         0.000         0.201
 Z0             1.000        -1.000        -1.000         1.000         0.000
 C1             1.000        -1.000        -1.000         1.000         0.000
 C2            -1.000         1.000         1.000        -1.000         0.000
 C3            -1.000         1.000         1.000        -1.000         0.000


           ESTIMATED PARTIAL CORRELATION MATRIX FOR THE LATENT VARIABLES
              Y1            Z0            C1            C2            C3
              ________      ________      ________      ________      ________
 Y1             1.000
 Z0             0.000         1.000
 C1             0.000        -1.000         1.000
 C2             0.000         1.000         1.000         1.000
 C3             0.000         1.000         1.000        -1.000         1.000


RESULTS SAVING INFORMATION

  Order of data

    Parameter estimates
     (saved in order shown in Technical 1 output)
    Standard errors
     (saved in order shown in Technical 1 output)
    Number of Free Parameters
    H0 Loglikelihood
    H0 Scaling Correction Factor for MLR
    H1 Loglikelihood
    H1 Scaling Correction Factor for MLR
    Akaike (AIC)
    Bayesian (BIC)
    Sample-Size Adjusted BIC
    Chi-square : Value
    Chi-square : Degrees of Freedom
    Chi-square : P-Value
    Chi-square : Scaling Correction Factor for MLR/MLM/WLSM
    CFI
    TLI
    RMSEA : Estimate
    RMSEA : Low CI
    RMSEA : High CI
    RMSEA : Probability
    SRMR
    Condition Number

  Save file
    estimates.dat

  Save file format           Free


SAVEDATA INFORMATION


  Estimated Covariance Matrix for the Parameter Estimates

  Save file
    tech3.dat
  Save format      Free

     Beginning Time:  20:35:46
        Ending Time:  20:35:49
       Elapsed Time:  00:00:03



MUTHEN & MUTHEN
3463 Stoner Ave.
Los Angeles, CA  90066

Tel: (310) 391-9971
Fax: (310) 391-8971
Web: www.StatModel.com
Support: Support@StatModel.com

Copyright (c) 1998-2025 Muthen & Muthen
