id,iteration,algorithm,loglikelihood,absolute_change,relative_change,step_seconds,cumulative_seconds
SD_D1_Z0_1_base,1,EM,-47201.124,0.0,0.0,0.71,0.7
SD_D1_Z0_1_base,2,EM,-43012.691,4188.4321512,0.0887359,42.67,43.4
SD_D1_Z0_1_base,3,EM,-42882.008,130.6834624,0.0030383,11.6,55.0
SD_D1_Z0_1_base,4,EM,-42825.482,56.5255417,0.0013182,1.67,56.7
SD_D1_Z0_1_base,5,EM,-42794.792,30.6906306,0.0007166,1.38,58.0
SD_D1_Z0_1_base,6,EM,-42776.345,18.4469138,0.0004311,1.21,59.2
SD_D1_Z0_1_base,7,EM,-42764.214,12.1310449,0.0002836,1.1,60.3
SD_D1_Z0_1_base,8,EM,-42755.493,8.7211111,0.0002039,1.07,61.4
SD_D1_Z0_1_base,9,EM,-42748.705,6.7875628,0.0001588,1.12,62.5
SD_D1_Z0_1_base,10,EM,-42743.086,5.6189325,0.0001314,0.99,63.5
SD_D1_Z0_1_base,11,EM,-42738.229,4.8576789,0.0001136,1.07,64.6
SD_D1_Z0_1_base,12,EM,-42733.906,4.3230119,0.0001012,1.06,65.7
SD_D1_Z0_1_base,13,EM,-42729.984,3.9217418,9.18e-05,0.85,66.5
SD_D1_Z0_1_base,14,EM,-42726.379,3.6043323,8.44e-05,0.8,67.3
SD_D1_Z0_1_base,15,EM,-42723.036,3.3433091,7.82e-05,1.0,68.3
SD_D1_Z0_1_base,16,EM,-42719.914,3.1226547,7.31e-05,0.91,69.2
SD_D1_Z0_1_base,17,EM,-42716.981,2.9324873,6.86e-05,1.0,70.2
SD_D1_Z0_1_base,18,EM,-42714.215,2.7664079,6.48e-05,0.84,71.1
SD_D1_Z0_1_base,19,EM,-42711.595,2.6198477,6.13e-05,0.83,71.9
SD_D1_Z0_1_base,20,EM,-42709.105,2.4894373,5.83e-05,0.81,72.7
SD_D1_Z0_1_base,21,EM,-42706.733,2.3723732,5.55e-05,0.83,73.5
SD_D1_Z0_1_base,22,EM,-42704.467,2.2663678,5.31e-05,0.89,74.4
SD_D1_Z0_1_base,23,EM,-42702.297,2.1693956,5.08e-05,0.93,75.3
SD_D1_Z0_1_base,24,EM,-42700.218,2.0796645,4.87e-05,0.88,76.2
SD_D1_Z0_1_base,25,EM,-42698.222,1.9956506,4.67e-05,0.92,77.1
SD_D1_Z0_1_base,26,EM,-42696.306,1.915985,4.49e-05,0.92,78.1
SD_D1_Z0_1_base,27,EM,-42694.466,1.8395649,4.31e-05,0.9,79.0
SD_D1_Z0_1_base,28,EM,-42692.701,1.7654974,4.14e-05,0.88,79.8
SD_D1_Z0_1_base,29,EM,-42691.008,1.6930498,3.97e-05,1.0,80.8
SD_D1_Z0_1_base,30,EM,-42689.386,1.6217377,3.8e-05,0.96,81.8
SD_D1_Z0_1_base,31,EM,-42687.835,1.551229,3.63e-05,0.88,82.7
SD_D1_Z0_1_base,32,EM,-42686.353,1.4813609,3.47e-05,0.8,83.5
SD_D1_Z0_1_base,33,EM,-42684.941,1.4121013,3.31e-05,0.76,84.2
SD_D1_Z0_1_base,34,EM,-42683.598,1.3435387,3.15e-05,0.82,85.1
SD_D1_Z0_1_base,35,EM,-42682.322,1.2758439,2.99e-05,0.76,85.8
SD_D1_Z0_1_base,36,EM,-42681.113,1.2092432,2.83e-05,148.45,234.3
SD_D1_Z0_1_base,37,EM,-42679.969,1.1440049,2.68e-05,0.69,235.0
SD_D1_Z0_1_base,38,EM,-42678.888,1.0804048,2.53e-05,0.73,235.7
SD_D1_Z0_1_base,39,EM,-42677.87,1.0187145,2.39e-05,0.79,236.5
SD_D1_Z0_1_base,40,EM,-42676.91,0.9591832,2.25e-05,0.78,237.3
SD_D1_Z0_1_base,41,EM,-42676.008,0.9020293,2.11e-05,0.72,238.0
SD_D1_Z0_1_base,42,EM,-42675.161,0.847432,1.99e-05,0.71,238.7
SD_D1_Z0_1_base,43,EM,-42674.365,0.7955259,1.86e-05,0.68,239.4
SD_D1_Z0_1_base,44,EM,-42673.619,0.7464017,1.75e-05,0.75,240.1
SD_D1_Z0_1_base,45,EM,-42672.919,0.7001077,1.64e-05,0.67,240.8
SD_D1_Z0_1_base,46,EM,-42672.262,0.6566533,1.54e-05,0.66,241.5
SD_D1_Z0_1_base,47,EM,-42671.646,0.6160117,1.44e-05,0.71,242.2
SD_D1_Z0_1_base,48,EM,-42671.068,0.578127,1.35e-05,0.8,243.0
SD_D1_Z0_1_base,49,EM,-42670.525,0.5429147,1.27e-05,0.77,243.8
SD_D1_Z0_1_base,50,EM,-42670.015,0.5102801,1.2e-05,0.73,244.5
SD_D1_Z0_1_base,51,EM,-42669.535,0.4801009,1.13e-05,0.65,245.1
SD_D1_Z0_1_base,52,EM,-42669.083,0.4522573,1.06e-05,0.69,245.8
SD_D1_Z0_1_base,53,EM,-42668.656,0.4266137,1e-05,0.75,246.6
SD_D1_Z0_1_base,54,EM,-42668.253,0.4030349,9.4e-06,0.86,247.4
SD_D1_Z0_1_base,55,EM,-42667.872,0.3813866,8.9e-06,0.74,248.2
SD_D1_Z0_1_base,56,EM,-42667.51,0.3615346,8.5e-06,0.69,248.9
SD_D1_Z0_1_base,57,EM,-42667.167,0.3433473,8e-06,0.79,249.6
SD_D1_Z0_1_base,58,EM,-42666.84,0.3267061,7.7e-06,0.75,250.4
SD_D1_Z0_1_base,59,EM,-42666.528,0.3114762,7.3e-06,0.75,251.1
SD_D1_Z0_1_base,60,EM,-42666.231,0.2975582,7e-06,0.79,251.9
SD_D1_Z0_1_base,61,QN,-42661.034,5.1970996,0.0001218,2.58,254.5
SD_D1_Z0_1_base,62,EM,-42658.569,2.4652922,5.78e-05,0.98,255.5
SD_D1_Z0_1_base,63,EM,-42657.862,0.7069527,1.66e-05,0.86,256.4
SD_D1_Z0_1_base,64,EM,-42657.33,0.5318353,1.25e-05,0.81,257.2
SD_D1_Z0_1_base,65,EM,-42656.895,0.4350131,1.02e-05,0.96,258.1
SD_D1_Z0_1_base,66,EM,-42656.52,0.3751516,8.8e-06,1.08,259.2
SD_D1_Z0_1_base,67,EM,-42656.184,0.3353028,7.9e-06,0.88,260.1
SD_D1_Z0_1_base,68,EM,-42655.877,0.3071061,7.2e-06,0.87,261.0
SD_D1_Z0_1_base,69,EM,-42655.591,0.2861711,6.7e-06,0.84,261.8
SD_D1_Z0_1_base,70,EM,-42655.321,0.2700619,6.3e-06,0.85,262.7
SD_D1_Z0_1_base,71,EM,-42655.064,0.2573692,6e-06,0.77,263.4
SD_D1_Z0_1_base,72,EM,-42654.816,0.2472307,5.8e-06,0.84,264.3
SD_D1_Z0_1_base,73,EM,-42654.577,0.2390885,5.6e-06,0.89,265.2
SD_D1_Z0_1_base,74,EM,-42654.345,0.2325877,5.5e-06,0.74,265.9
SD_D1_Z0_1_base,75,QN,-42652.222,2.1223171,4.98e-05,4.25,270.1
SD_D1_Z0_1_base,76,EM,-42650.779,1.4430811,3.38e-05,1.03,271.2
SD_D1_Z0_1_base,77,EM,-42650.094,0.6855615,1.61e-05,0.88,272.1
SD_D1_Z0_1_base,78,EM,-42649.555,0.53833,1.26e-05,0.87,272.9
SD_D1_Z0_1_base,79,EM,-42649.086,0.4693738,1.1e-05,0.93,273.9
SD_D1_Z0_1_base,80,EM,-42648.651,0.434604,1.02e-05,1.35,275.2
SD_D1_Z0_1_base,81,EM,-42648.234,0.4172824,9.8e-06,5.3,280.5
SD_D1_Z0_1_base,82,EM,-42647.824,0.4099402,9.6e-06,1.55,282.1
SD_D1_Z0_1_base,83,EM,-42647.416,0.4084031,9.6e-06,1.14,283.2
SD_D1_Z0_1_base,84,EM,-42647.005,0.4105841,9.6e-06,0.92,284.1
SD_D1_Z0_1_base,85,EM,-42646.59,0.4152518,9.7e-06,1.25,285.4
SD_D1_Z0_1_base,86,EM,-42646.168,0.4216031,9.9e-06,0.93,286.3
SD_D1_Z0_1_base,87,EM,-42645.739,0.4291412,1.01e-05,0.95,287.3
SD_D1_Z0_1_base,88,EM,-42645.302,0.4375082,1.03e-05,0.94,288.2
SD_D1_Z0_1_base,89,QN,-42642.014,3.2876366,7.71e-05,7.7,295.9
SD_D1_Z0_1_base,90,EM,-42638.774,3.2396283,7.6e-05,229.89,525.8
SD_D1_Z0_1_base,91,EM,-42638.36,0.4143439,9.7e-06,95.94,621.7
SD_D1_Z0_1_base,92,EM,-42635.448,2.9116939,6.83e-05,94.55,716.3
SD_D1_Z0_1_base,93,EM,-42634.323,1.1257782,2.64e-05,139.93,856.2
SD_D1_Z0_1_base,94,EM,-42633.53,0.792851,1.86e-05,126.09,982.3
SD_D1_Z0_1_base,95,EM,-42632.853,0.6770332,1.59e-05,111.3,1093.6
SD_D1_Z0_1_base,96,EM,-42632.24,0.6124172,1.44e-05,115.99,1209.6
SD_D1_Z0_1_base,97,EM,-42631.681,0.5594895,1.31e-05,92.84,1302.4
SD_D1_Z0_1_base,98,EM,-42631.163,0.5181764,1.22e-05,493.47,1795.9
SD_D1_Z0_1_base,99,EM,-42630.679,0.4840658,1.14e-05,77.32,1873.2
SD_D1_Z0_1_base,100,EM,-42630.223,0.4555159,1.07e-05,81.18,1954.4
SD_D1_Z0_1_base,101,EM,-42629.791,0.4317103,1.01e-05,81.34,2035.8
SD_D1_Z0_1_base,102,EM,-42629.386,0.4056712,9.5e-06,105.45,2141.2
SD_D1_Z0_1_base,103,EM,-42628.997,0.3885528,9.1e-06,91.32,2232.5
SD_D1_Z0_1_base,104,EM,-42628.629,0.3681251,8.6e-06,121.64,2354.2
SD_D1_Z0_1_base,105,EM,-42628.272,0.3571375,8.4e-06,100.76,2454.9
SD_D1_Z0_1_base,106,EM,-42627.92,0.3520916,8.3e-06,107.98,2562.9
SD_D1_Z0_1_base,107,EM,-42627.576,0.343701,8.1e-06,108.04,2670.9
SD_D1_Z0_1_base,108,QN,-42625.371,2.2054063,5.17e-05,3.51,2674.5
SD_D1_Z0_1_base,109,EM,-42623.924,1.4465361,3.39e-05,132.59,2807.0
SD_D1_Z0_1_base,110,EM,-42622.924,1.0003194,2.35e-05,105.39,2912.4
SD_D1_Z0_1_base,111,EM,-42622.285,0.6387753,1.5e-05,105.16,3017.6
SD_D1_Z0_1_base,112,EM,-42621.664,0.6207702,1.46e-05,134.98,3152.6
SD_D1_Z0_1_base,113,EM,-42621.014,0.6505035,1.53e-05,109.24,3261.8
SD_D1_Z0_1_base,114,EM,-42620.318,0.6956848,1.63e-05,159.35,3421.2
SD_D1_Z0_1_base,115,EM,-42619.517,0.801276,1.88e-05,119.7,3540.9
SD_D1_Z0_1_base,116,EM,-42618.61,0.9064369,2.13e-05,109.81,3650.7
SD_D1_Z0_1_base,117,EM,-42617.535,1.0756003,2.52e-05,121.71,3772.4
SD_D1_Z0_1_base,118,EM,-42616.273,1.2622115,2.96e-05,111.43,3883.8
SD_D1_Z0_1_base,119,EM,-42614.73,1.5426468,3.62e-05,136.06,4019.9
SD_D1_Z0_1_base,120,EM,-42612.837,1.8933655,4.44e-05,123.06,4142.9
SD_D1_Z0_1_base,121,EM,-42610.457,2.3796003,5.58e-05,129.62,4272.5
SD_D1_Z0_1_base,122,EM,-42607.449,3.0077687,7.06e-05,126.93,4399.5
SD_D1_Z0_1_base,123,EM,-42603.607,3.8417303,9.02e-05,116.03,4515.5
SD_D1_Z0_1_base,124,EM,-42598.655,4.952499,0.0001162,103.96,4619.5
SD_D1_Z0_1_base,125,EM,-42592.505,6.1495775,0.0001444,118.03,4737.5
SD_D1_Z0_1_base,126,EM,-42584.941,7.5642541,0.0001776,102.37,4839.9
SD_D1_Z0_1_base,127,EM,-42576.636,8.3048869,0.000195,134.29,4974.1
SD_D1_Z0_1_base,128,EM,-42569.0,7.635703,0.0001793,113.17,5087.3
SD_D1_Z0_1_base,129,EM,-42565.651,3.34944,7.87e-05,125.37,5212.7
SD_D1_Z0_1_base,130,EM,-42571.125,-5.4741617,-0.0001286,113.79,5326.5
SD_D1_Z0_1_base,131,EM,-42587.779,-16.6536178,-0.0003912,120.78,5447.3
SD_D1_Z0_1_base,132,EM,-42606.763,-18.9839483,-0.0004458,476.65,5923.9
SD_D1_Z0_1_base,133,EM,-42623.786,-17.0227512,-0.0003995,87.38,6011.3
SD_D1_Z0_1_base,134,EM,-42633.485,-9.6996862,-0.0002276,83.43,6094.7
SD_D1_Z0_1_base,135,EM,-42643.144,-9.6590008,-0.0002266,95.34,6190.1
SD_D1_Z0_1_base,136,EM,-42645.084,-1.9401078,-4.55e-05,143.92,6334.0
SD_D1_Z0_1_base,137,EM,-42647.599,-2.51499,-5.9e-05,113.78,6447.8
SD_D1_Z0_1_base,138,EM,-42716.881,-69.2818565,-0.0016245,86.66,6534.4
SD_D1_Z0_1_base,140,EM,-42681.668,5869.7250352,0.1208972,116.6,6651.9
SD_D1_Z0_1_base,141,EM,-42669.84,11.8274901,0.0002771,96.52,6748.5
SD_D1_Z0_1_base,142,EM,-42665.307,4.5330839,0.0001062,113.11,6861.6
SD_D1_Z0_1_base,143,EM,-42662.425,2.8820845,6.76e-05,90.27,6951.9
SD_D1_Z0_1_base,144,EM,-42660.49,1.9348658,4.54e-05,111.35,7063.2
SD_D1_Z0_1_base,145,EM,-42659.109,1.3815908,3.24e-05,88.19,7151.4
SD_D1_Z0_1_base,146,EM,-42658.055,1.0535396,2.47e-05,479.17,7630.6
SD_D1_Z0_1_base,147,EM,-42657.223,0.8326277,1.95e-05,76.34,7706.9
SD_D1_Z0_1_base,148,EM,-42656.526,0.6964394,1.63e-05,86.48,7793.4
SD_D1_Z0_1_base,149,EM,-42655.918,0.6082871,1.43e-05,183.57,7977.0
SD_D1_Z0_1_base,150,EM,-42655.362,0.5558499,1.3e-05,88.88,8065.8
SD_D1_Z0_1_base,151,EM,-42654.808,0.5541692,1.3e-05,107.44,8173.3
SD_D1_Z0_1_base,152,EM,-42654.214,0.5934136,1.39e-05,22.61,8195.9
SD_D1_Z0_1_base,153,EM,-42653.687,0.5274691,1.24e-05,5.67,8201.6
SD_D1_Z0_1_base,154,EM,-42653.17,0.5169945,1.21e-05,3.49,8205.1
SD_D1_Z0_1_base,155,EM,-42652.657,0.5128153,1.2e-05,2.78,8207.8
SD_D1_Z0_1_base,156,EM,-42652.145,0.5122958,1.2e-05,2.65,8210.5
SD_D1_Z0_1_base,157,EM,-42651.63,0.5145718,1.21e-05,2.94,8213.4
SD_D1_Z0_1_base,158,EM,-42651.111,0.5190698,1.22e-05,1.04,8214.5
SD_D1_Z0_1_base,159,EM,-42650.586,0.5253369,1.23e-05,1.13,8215.6
SD_D1_Z0_1_base,160,EM,-42650.053,0.5329846,1.25e-05,1.1,8216.7
SD_D1_Z0_1_base,161,EM,-42649.511,0.5416662,1.27e-05,1.01,8217.7
SD_D1_Z0_1_base,162,EM,-42648.96,0.5510717,1.29e-05,0.93,8218.6
SD_D1_Z0_1_base,163,EM,-42648.399,0.5609155,1.32e-05,0.88,8219.5
SD_D1_Z0_1_base,164,EM,-42647.828,0.5709438,1.34e-05,0.88,8220.4
SD_D1_Z0_1_base,165,EM,-42647.247,0.5809274,1.36e-05,0.95,8221.3
SD_D1_Z0_1_base,166,EM,-42646.657,0.5906851,1.39e-05,1.04,8222.4
SD_D1_Z0_1_base,167,EM,-42646.057,0.6000603,1.41e-05,1.04,8223.4
SD_D1_Z0_1_base,168,EM,-42645.448,0.6089473,1.43e-05,1.11,8224.5
SD_D1_Z0_1_base,169,EM,-42644.83,0.6172839,1.45e-05,0.87,8225.4
SD_D1_Z0_1_base,170,EM,-42644.205,0.6250323,1.47e-05,0.85,8226.2
SD_D1_Z0_1_base,171,EM,-42643.573,0.6321964,1.48e-05,0.77,8227.0
SD_D1_Z0_1_base,172,EM,-42642.934,0.6387993,1.5e-05,0.78,8227.8
SD_D1_Z0_1_base,173,EM,-42642.289,0.644904,1.51e-05,0.74,8228.5
SD_D1_Z0_1_base,174,EM,-42641.639,0.6505598,1.53e-05,0.73,8229.3
SD_D1_Z0_1_base,175,EM,-42640.983,0.6558471,1.54e-05,0.76,8230.0
SD_D1_Z0_1_base,176,EM,-42640.322,0.6608398,1.55e-05,0.77,8230.8
SD_D1_Z0_1_base,177,EM,-42639.657,0.6656179,1.56e-05,0.68,8231.5
SD_D1_Z0_1_base,178,EM,-42638.986,0.6702624,1.57e-05,0.71,8232.2
SD_D1_Z0_1_base,179,EM,-42638.311,0.6748554,1.58e-05,0.79,8233.0
SD_D1_Z0_1_base,180,EM,-42637.632,0.6794792,1.59e-05,0.73,8233.7
SD_D1_Z0_1_base,181,EM,-42636.948,0.6842166,1.6e-05,0.7,8234.4
SD_D1_Z0_1_base,182,EM,-42636.259,0.6891422,1.62e-05,0.7,8235.1
SD_D1_Z0_1_base,183,EM,-42635.564,0.6943185,1.63e-05,0.7,8235.8
SD_D1_Z0_1_base,184,EM,-42634.865,0.6997819,1.64e-05,0.77,8236.6
SD_D1_Z0_1_base,185,EM,-42634.159,0.7055356,1.65e-05,0.74,8237.3
SD_D1_Z0_1_base,186,EM,-42633.447,0.7115166,1.67e-05,0.74,8238.0
SD_D1_Z0_1_base,187,EM,-42632.73,0.7175908,1.68e-05,0.71,8238.8
SD_D1_Z0_1_base,188,EM,-42632.006,0.7235339,1.7e-05,0.8,8239.6
SD_D1_Z0_1_base,189,EM,-42631.277,0.7290457,1.71e-05,0.77,8240.3
SD_D1_Z0_1_base,190,EM,-42630.544,0.7337657,1.72e-05,1.27,8241.6
SD_D1_Z0_1_base,191,EM,-42629.806,0.7372984,1.73e-05,7.26,8248.8
SD_D1_Z0_1_base,192,EM,-42629.067,0.7393777,1.73e-05,3.02,8251.9
SD_D1_Z0_1_base,193,EM,-42628.327,0.7397075,1.74e-05,1.36,8253.2
SD_D1_Z0_1_base,194,QN,-42621.753,6.5741718,0.0001542,12.22,8265.5
SD_D1_Z0_1_base,195,EM,-42619.57,2.1834029,5.12e-05,4.75,8270.2
SD_D1_Z0_1_base,196,EM,-42619.064,0.5053434,1.19e-05,1.61,8271.8
SD_D1_Z0_1_base,197,EM,-42618.636,0.4278483,1e-05,1.94,8273.8
SD_D1_Z0_1_base,198,EM,-42618.234,0.4023283,9.4e-06,1.18,8274.9
SD_D1_Z0_1_base,199,EM,-42617.853,0.3812608,8.9e-06,1.35,8276.3
SD_D1_Z0_1_base,200,EM,-42617.489,0.3636169,8.5e-06,1.26,8277.5
SD_D1_Z0_1_base,201,EM,-42617.14,0.3492791,8.2e-06,1.11,8278.6
SD_D1_Z0_1_base,202,EM,-42616.802,0.337557,7.9e-06,78.48,8357.1
SD_D1_Z0_1_base,203,EM,-42616.475,0.327696,7.7e-06,0.76,8357.9
SD_D1_Z0_1_base,204,EM,-42616.155,0.3191419,7.5e-06,0.78,8358.7
SD_D1_Z0_1_base,205,EM,-42615.844,0.311515,7.3e-06,0.71,8359.4
SD_D1_Z0_1_base,206,EM,-42615.539,0.3045735,7.1e-06,1.09,8360.5
SD_D1_Z0_1_base,207,EM,-42615.241,0.2981679,7e-06,4.69,8365.2
SD_D1_Z0_1_base,208,EM,-42614.949,0.2922126,6.9e-06,1.21,8366.4
SD_D1_Z0_1_base,209,EM,-42614.662,0.2866328,6.7e-06,0.98,8367.4
SD_D1_Z0_1_base,210,EM,-42614.381,0.2814223,6.6e-06,1.0,8368.3
SD_D1_Z0_1_base,211,EM,-42614.104,0.2765664,6.5e-06,1.0,8369.3
SD_D1_Z0_1_base,212,EM,-42613.832,0.2720651,6.4e-06,0.81,8370.2
SD_D1_Z0_1_base,213,EM,-42613.564,0.2679465,6.3e-06,0.82,8371.0
SD_D1_Z0_1_base,214,EM,-42613.3,0.2642388,6.2e-06,1.71,8372.7
SD_D1_Z0_1_base,215,EM,-42613.039,0.2609742,6.1e-06,7.0,8379.7
SD_D1_Z0_1_base,216,EM,-42612.781,0.2582335,6.1e-06,2.75,8382.4
SD_D1_Z0_1_base,217,EM,-42612.525,0.2560456,6e-06,1.19,8383.6
SD_D1_Z0_1_base,218,EM,-42612.27,0.2544792,6e-06,0.96,8384.6
SD_D1_Z0_1_base,219,EM,-42612.017,0.2536108,6e-06,1.31,8385.9
SD_D1_Z0_1_base,220,EM,-42611.763,0.2534904,5.9e-06,0.91,8386.8
SD_D1_Z0_1_base,221,EM,-42611.509,0.2541945,6e-06,0.88,8387.7
SD_D1_Z0_1_base,222,EM,-42611.253,0.2557505,6e-06,0.89,8388.6
SD_D1_Z0_1_base,223,EM,-42610.995,0.2581795,6.1e-06,0.95,8389.5
SD_D1_Z0_1_base,224,EM,-42610.734,0.2614657,6.1e-06,0.92,8390.4
SD_D1_Z0_1_base,225,EM,-42610.468,0.2655316,6.2e-06,1.06,8391.5
SD_D1_Z0_1_base,226,EM,-42610.198,0.2702342,6.3e-06,1.19,8392.7
SD_D1_Z0_1_base,227,EM,-42609.923,0.2753505,6.5e-06,1.21,8393.9
SD_D1_Z0_1_base,228,EM,-42609.642,0.2805666,6.6e-06,1.07,8395.0
SD_D1_Z0_1_base,229,EM,-42609.357,0.2854813,6.7e-06,1.06,8396.0
SD_D1_Z0_1_base,230,EM,-42609.067,0.2896317,6.8e-06,1.12,8397.2
SD_D1_Z0_1_base,231,EM,-42608.774,0.2925188,6.9e-06,0.97,8398.1
SD_D1_Z0_1_base,232,EM,-42608.481,0.2936573,6.9e-06,1.07,8399.2
SD_D1_Z0_1_base,233,EM,-42608.188,0.2926314,6.9e-06,1.33,8400.5
SD_D1_Z0_1_base,234,EM,-42607.899,0.2891521,6.8e-06,0.96,8401.5
SD_D1_Z0_1_base,235,EM,-42607.616,0.2830781,6.6e-06,1.13,8402.6
SD_D1_Z0_1_base,236,EM,-42607.341,0.2744564,6.4e-06,1.35,8404.0
SD_D1_Z0_1_base,237,EM,-42607.078,0.2634977,6.2e-06,1.23,8405.2
SD_D1_Z0_1_base,238,EM,-42606.827,0.2505532,5.9e-06,1.32,8406.5
SD_D1_Z0_1_base,239,EM,-42606.591,0.2360668,5.5e-06,1.16,8407.7
SD_D1_Z0_1_base,240,EM,-42606.371,0.2205206,5.2e-06,1.24,8408.9
SD_D1_Z0_1_base,241,EM,-42606.166,0.2043889,4.8e-06,1.6,8410.5
SD_D1_Z0_1_base,242,EM,-42605.978,0.1881031,4.4e-06,9.32,8419.9
SD_D1_Z0_1_base,243,EM,-42605.806,0.1720169,4e-06,4.88,8424.7
SD_D1_Z0_1_base,244,EM,-42605.65,0.1564117,3.7e-06,1.98,8426.7
SD_D1_Z0_1_base,245,EM,-42605.508,0.1414922,3.3e-06,2.07,8428.8
SD_D1_Z0_1_base,246,EM,-42605.381,0.1273826,3e-06,1.95,8430.7
SD_D1_Z0_1_base,247,EM,-42605.267,0.1141494,2.7e-06,10.7,8441.4
SD_D1_Z0_1_base,248,EM,-42605.165,0.1018242,2.4e-06,4.54,8446.0
SD_D1_Z0_1_base,249,EM,-42605.075,0.090393,2.1e-06,1.47,8447.4
SD_D1_Z0_1_base,250,EM,-42604.995,0.0798248,1.9e-06,1.44,8448.9
SD_D1_Z0_1_base,251,EM,-42604.925,0.0700757,1.6e-06,1.31,8450.2
SD_D1_Z0_1_base,252,EM,-42604.864,0.0610904,1.4e-06,1.17,8451.4
SD_D1_Z0_1_base,253,EM,-42604.811,0.0528228,1.2e-06,71.61,8523.0
SD_D1_Z0_1_base,254,EM,-42604.766,0.0451974,1.1e-06,1.41,8524.4
SD_D1_Z0_1_base,255,EM,-42604.727,0.0381768,9e-07,4.67,8529.0
SD_D1_Z0_1_base,256,EM,-42604.696,0.0317041,7e-07,2.84,8531.9
SD_D1_Z0_1_base,257,EM,-42604.67,0.0257397,6e-07,4.62,8536.5
SD_D1_Z0_1_base,258,EM,-42604.65,0.0202234,5e-07,2.67,8539.2
SD_D1_Z0_1_base,259,EM,-42604.635,0.0151394,4e-07,1.63,8540.8
SD_D1_Z0_1_base,260,EM,-42604.624,0.0104415,2e-07,4.79,8545.6
SD_D1_Z0_1_base,261,EM,-42604.618,0.0060935,1e-07,3.02,8548.6
SD_D1_Z0_1_base,262,EM,-42604.616,0.0020752,0.0,1.29,8549.9
SD_D1_Z0_1_base,263,EM,-42604.618,-0.001637,0.0,1.03,8550.9
SD_D1_Z0_1_base,264,EM,-42604.623,-0.0050742,-1e-07,1.0,8551.9
SD_D1_Z0_1_base,265,EM,-42604.631,-0.0082551,-2e-07,1.09,8553.0
SD_D1_Z0_1_base,266,EM,-42604.642,-0.0111958,-3e-07,1.03,8554.0
SD_D1_Z0_1_base,267,EM,-42604.656,-0.0139187,-3e-07,1.03,8555.1
SD_D1_Z0_1_base,268,EM,-42604.673,-0.0164349,-4e-07,1.07,8556.1
SD_D1_Z0_1_base,269,EM,-42604.691,-0.0187647,-4e-07,1.01,8557.1
SD_D1_Z0_1_base,270,EM,-42604.712,-0.0209125,-5e-07,0.94,8558.1
SD_D1_Z0_1_base,271,EM,-42604.735,-0.0229013,-5e-07,0.87,8559.0
SD_D1_Z0_1_base,272,EM,-42604.76,-0.0247369,-6e-07,1.29,8560.2
SD_D1_Z0_1_base,273,EM,-42604.786,-0.0264273,-6e-07,5.04,8565.3
SD_D1_Z0_1_base,274,EM,-42604.814,-0.0279957,-7e-07,2.88,8568.2
SD_D1_Z0_1_base,275,EM,-42604.844,-0.0294306,-7e-07,1.88,8570.0
SD_D1_Z0_1_base,276,EM,-42604.874,-0.0307615,-7e-07,1.35,8571.4
SD_D1_Z0_1_base,277,EM,-42604.906,-0.0319823,-8e-07,1.78,8573.2
SD_D1_Z0_1_base,278,EM,-42604.94,-0.0331051,-8e-07,5.8,8579.0
SD_D1_Z0_1_base,279,EM,-42604.974,-0.0341398,-8e-07,3.44,8582.4
SD_D1_Z0_1_base,280,EM,-42605.009,-0.0350878,-8e-07,2.17,8584.6
SD_D1_Z0_1_base,281,EM,-42605.045,-0.0359605,-8e-07,14.78,8599.4
SD_D1_Z0_1_base,282,EM,-42605.082,-0.0367622,-9e-07,5.93,8605.3
SD_D1_Z0_1_base,283,EM,-42605.119,-0.0374941,-9e-07,6.64,8611.9
SD_D1_Z0_1_base,284,EM,-42605.157,-0.0381698,-9e-07,4.13,8616.1
SD_D1_Z0_1_base,285,EM,-42605.196,-0.0387893,-9e-07,1.77,8617.8
SD_D1_Z0_1_base,286,EM,-42605.235,-0.0393485,-9e-07,2.05,8619.9
SD_D1_Z0_1_base,287,EM,-42605.275,-0.0398693,-9e-07,6.71,8626.6
SD_D1_Z0_1_base,288,EM,-42605.316,-0.0403416,-9e-07,4.07,8630.7
SD_D1_Z0_1_base,289,EM,-42605.356,-0.0407777,-1e-06,7.37,8638.0
SD_D1_Z0_1_base,290,EM,-42605.397,-0.0411745,-1e-06,4.82,8642.9
SD_D1_Z0_1_base,291,EM,-42605.439,-0.041538,-1e-06,8.83,8651.7
SD_D1_Z0_1_base,292,EM,-42605.481,-0.041869,-1e-06,4.25,8655.9
SD_D1_Z0_1_base,293,EM,-42605.523,-0.0421778,-1e-06,8.2,8664.1
SD_D1_Z0_1_base,294,EM,-42605.566,-0.0424647,-1e-06,12.04,8676.2
SD_D1_Z0_1_base,295,EM,-42605.608,-0.0427012,-1e-06,6.22,8682.4
SD_D1_Z0_1_base,296,EM,-42605.651,-0.0429385,-1e-06,1.71,8684.1
SD_D1_Z0_1_base,297,EM,-42605.694,-0.043151,-1e-06,1.84,8685.9
SD_D1_Z0_1_base,298,EM,-42605.738,-0.0433396,-1e-06,5.8,8691.7
SD_D1_Z0_1_base,299,EM,-42605.781,-0.0435093,-1e-06,4.84,8696.6
SD_D1_Z0_1_base,300,EM,-42605.825,-0.0436675,-1e-06,5.46,8702.0
SD_D1_Z0_1_base,301,EM,-42605.869,-0.0438022,-1e-06,4.1,8706.2
SD_D1_Z0_1_base,302,EM,-42605.913,-0.0439223,-1e-06,5.91,8712.1
SD_D1_Z0_1_base,303,EM,-42605.957,-0.044022,-1e-06,5.26,8717.3
SD_D1_Z0_1_base,304,EM,-42606.001,-0.0441096,-1e-06,5.42,8722.7
SD_D1_Z0_1_base,305,EM,-42606.045,-0.044178,-1e-06,3.24,8726.0
SD_D1_Z0_1_base,306,EM,-42606.089,-0.0442369,-1e-06,119.66,8845.6
SD_D1_Z0_1_base,307,EM,-42606.133,-0.0442639,-1e-06,3.48,8849.1
SD_D1_Z0_1_base,308,EM,-42606.178,-0.0442978,-1e-06,3.18,8852.3
SD_D1_Z0_1_base,309,EM,-42606.222,-0.0442976,-1e-06,3.09,8855.4
SD_D1_Z0_1_base,310,EM,-42606.266,-0.0442756,-1e-06,2.81,8858.2
SD_D1_Z0_1_base,311,EM,-42606.311,-0.0442491,-1e-06,4.18,8862.4
SD_D1_Z0_1_base,312,EM,-42606.355,-0.0441986,-1e-06,9.59,8872.0
SD_D1_Z0_1_base,313,EM,-42606.399,-0.0441318,-1e-06,9.02,8881.0
SD_D1_Z0_1_base,314,EM,-42606.443,-0.0440382,-1e-06,10.17,8891.2
SD_D1_Z0_1_base,315,EM,-42606.487,-0.0439284,-1e-06,8.96,8900.1
SD_D1_Z0_1_base,316,EM,-42606.531,-0.0438022,-1e-06,2.34,8902.5
SD_D1_Z0_1_base,317,EM,-42606.574,-0.0436473,-1e-06,1.96,8904.4
SD_D1_Z0_1_base,318,EM,-42606.618,-0.0434736,-1e-06,2.63,8907.1
SD_D1_Z0_1_base,319,EM,-42606.661,-0.0432864,-1e-06,11.13,8918.2
SD_D1_Z0_1_base,320,EM,-42606.704,-0.0430657,-1e-06,10.96,8929.2
SD_D1_Z0_1_base,321,EM,-42606.747,-0.0428319,-1e-06,8.89,8938.1
SD_D1_Z0_1_base,322,EM,-42606.789,-0.0425781,-1e-06,7.73,8945.8
SD_D1_Z0_1_base,323,QN,-42606.513,0.2762486,6.5e-06,47.09,8992.9
SD_D1_Z0_1_base,324,EM,-42606.539,-0.0257761,-6e-07,7.63,9000.5
SD_D1_Z0_1_base,325,EM,-42606.589,-0.0501692,-1.2e-06,7.84,9008.3
SD_D1_Z0_1_base,326,EM,-42606.643,-0.0537691,-1.3e-06,5.45,9013.8
SD_D1_Z0_1_base,327,EM,-42606.698,-0.0547506,-1.3e-06,5.45,9019.2
SD_D1_Z0_1_base,328,EM,-42606.753,-0.0551734,-1.3e-06,3.38,9022.6
SD_D1_Z0_1_base,329,EM,-42606.808,-0.0554058,-1.3e-06,6.23,9028.8
SD_D1_Z0_1_base,330,EM,-42606.864,-0.0555031,-1.3e-06,6.05,9034.9
SD_D1_Z0_1_base,331,EM,-42606.919,-0.0554495,-1.3e-06,6.91,9041.8
SD_D1_Z0_1_base,332,EM,-42606.975,-0.0552823,-1.3e-06,6.5,9048.3
SD_D1_Z0_1_base,333,EM,-42607.03,-0.0549954,-1.3e-06,6.83,9055.1
SD_D1_Z0_1_base,334,EM,-42607.084,-0.0546197,-1.3e-06,7.19,9062.3
SD_D1_Z0_1_base,335,EM,-42607.138,-0.0541548,-1.3e-06,8.54,9070.9
SD_D1_Z0_1_base,336,EM,-42607.192,-0.0536359,-1.3e-06,7.37,9078.2
SD_D1_Z0_1_base,337,EM,-42607.245,-0.053067,-1.2e-06,7.04,9085.3
SD_D1_Z0_1_base,338,EM,-42607.297,-0.0524512,-1.2e-06,7.78,9093.1
SD_D1_Z0_1_base,339,EM,-42607.349,-0.0518151,-1.2e-06,8.85,9101.9
SD_D1_Z0_1_base,340,EM,-42607.4,-0.0511496,-1.2e-06,6.87,9108.8
SD_D1_Z0_1_base,341,EM,-42607.451,-0.050472,-1.2e-06,5.33,9114.1
SD_D1_Z0_1_base,342,EM,-42607.501,-0.0497856,-1.2e-06,7.37,9121.5
SD_D1_Z0_1_base,343,EM,-42607.55,-0.049092,-1.2e-06,9.71,9131.2
SD_D1_Z0_1_base,344,EM,-42607.598,-0.0484036,-1.1e-06,3.48,9134.7
SD_D1_Z0_1_base,345,EM,-42607.646,-0.0477166,-1.1e-06,6.01,9140.7
SD_D1_Z0_1_base,346,EM,-42607.693,-0.0470382,-1.1e-06,6.02,9146.7
SD_D1_Z0_1_base,347,EM,-42607.739,-0.0463631,-1.1e-06,6.13,9152.8
SD_D1_Z0_1_base,348,EM,-42607.785,-0.0457066,-1.1e-06,6.22,9159.1
SD_D1_Z0_1_base,349,EM,-42607.83,-0.0450627,-1.1e-06,5.42,9164.5
SD_D1_Z0_1_base,350,EM,-42607.874,-0.0444328,-1e-06,5.19,9169.7
SD_D1_Z0_1_base,351,EM,-42607.918,-0.0438249,-1e-06,5.16,9174.8
SD_D1_Z0_1_base,352,EM,-42607.962,-0.0432354,-1e-06,5.17,9180.0
SD_D1_Z0_1_base,353,EM,-42608.004,-0.0426681,-1e-06,5.82,9185.8
SD_D1_Z0_1_base,354,EM,-42608.046,-0.0421244,-1e-06,7.16,9193.0
SD_D1_Z0_1_base,355,EM,-42608.088,-0.041607,-1e-06,5.63,9198.6
SD_D1_Z0_1_base,356,EM,-42608.129,-0.041108,-1e-06,6.96,9205.6
SD_D1_Z0_1_base,357,EM,-42608.17,-0.0406434,-1e-06,7.6,9213.2
SD_D1_Z0_1_base,358,EM,-42608.21,-0.0402059,-9e-07,9.81,9223.0
SD_D1_Z0_1_base,359,EM,-42608.25,-0.0397969,-9e-07,111.3,9334.3
SD_D1_Z0_1_base,360,EM,-42608.289,-0.0394103,-9e-07,10.58,9344.9
SD_D1_Z0_1_base,361,EM,-42608.328,-0.03905,-9e-07,7.84,9352.7
SD_D1_Z0_1_base,362,EM,-42608.367,-0.0387345,-9e-07,7.58,9360.3
SD_D1_Z0_1_base,363,EM,-42608.405,-0.0384413,-9e-07,6.0,9366.3
SD_D1_Z0_1_base,364,EM,-42608.443,-0.0381608,-9e-07,6.09,9372.4
SD_D1_Z0_1_base,365,EM,-42608.481,-0.0379267,-9e-07,5.58,9378.0
SD_D1_Z0_1_base,366,EM,-42608.519,-0.0377233,-9e-07,6.49,9384.5
SD_D1_Z0_1_base,367,EM,-42608.557,-0.0375355,-9e-07,5.68,9390.1
SD_D1_Z0_1_base,368,EM,-42608.594,-0.0373838,-9e-07,5.98,9396.1
SD_D1_Z0_1_base,369,EM,-42608.631,-0.0372594,-9e-07,6.59,9402.7
SD_D1_Z0_1_base,370,EM,-42608.668,-0.0371638,-9e-07,7.31,9410.0
SD_D1_Z0_1_base,371,EM,-42608.706,-0.0370879,-9e-07,8.52,9418.5
SD_D1_Z0_1_base,372,EM,-42608.743,-0.0370373,-9e-07,9.79,9428.3
SD_D1_Z0_1_base,373,EM,-42608.78,-0.0370101,-9e-07,12.77,9441.1
SD_D1_Z0_1_base,374,EM,-42608.817,-0.0370043,-9e-07,10.82,9451.9
SD_D1_Z0_1_base,375,EM,-42608.854,-0.037021,-9e-07,12.03,9463.9
SD_D1_Z0_1_base,376,EM,-42608.891,-0.0370535,-9e-07,10.54,9474.5
SD_D1_Z0_1_base,377,EM,-42608.928,-0.0371087,-9e-07,8.59,9483.1
SD_D1_Z0_1_base,378,EM,-42608.965,-0.0371763,-9e-07,11.45,9494.5
SD_D1_Z0_1_base,379,EM,-42609.002,-0.0372726,-9e-07,8.7,9503.2
SD_D1_Z0_1_base,380,EM,-42609.04,-0.0373608,-9e-07,8.0,9511.2
SD_D1_Z0_1_base,381,EM,-42609.077,-0.0374587,-9e-07,11.51,9522.7
SD_D1_Z0_1_base,382,EM,-42609.115,-0.0375844,-9e-07,9.95,9532.7
SD_D1_Z0_1_base,383,EM,-42609.152,-0.0377137,-9e-07,10.13,9542.8
SD_D1_Z0_1_base,384,EM,-42609.19,-0.0378461,-9e-07,10.83,9553.6
SD_D1_Z0_1_base,385,EM,-42609.228,-0.0379893,-9e-07,9.87,9563.5
SD_D1_Z0_1_base,386,EM,-42609.266,-0.0381241,-9e-07,15.36,9578.8
SD_D1_Z0_1_base,387,EM,-42609.305,-0.0382724,-9e-07,11.59,9590.4
SD_D1_Z0_1_base,388,EM,-42609.343,-0.0384218,-9e-07,15.97,9606.4
SD_D1_Z0_1_base,389,EM,-42609.382,-0.0385657,-9e-07,15.27,9621.7
SD_D1_Z0_1_base,390,EM,-42609.42,-0.0387115,-9e-07,16.48,9638.2
SD_D1_Z0_1_base,391,EM,-42609.459,-0.0388496,-9e-07,15.4,9653.5
SD_D1_Z0_1_base,392,EM,-42609.498,-0.0389861,-9e-07,15.27,9668.8
SD_D1_Z0_1_base,393,EM,-42609.537,-0.0391158,-9e-07,13.81,9682.6
SD_D1_Z0_1_base,394,EM,-42609.576,-0.0392397,-9e-07,12.49,9695.1
SD_D1_Z0_1_base,395,EM,-42609.616,-0.0393533,-9e-07,12.27,9707.4
SD_D1_Z0_1_base,396,EM,-42609.655,-0.0394608,-9e-07,12.54,9719.9
SD_D1_Z0_1_base,397,EM,-42609.695,-0.0395583,-9e-07,10.47,9730.4
SD_D1_Z0_1_base,398,EM,-42609.735,-0.0396454,-9e-07,11.55,9742.0
SD_D1_Z0_1_base,399,EM,-42609.774,-0.0397208,-9e-07,9.93,9751.9
SD_D1_Z0_1_base,400,EM,-42609.814,-0.0397881,-9e-07,11.46,9763.3
SD_D1_Z0_1_base,401,EM,-42609.854,-0.0398442,-9e-07,12.42,9775.8
SD_D1_Z0_1_base,402,EM,-42609.894,-0.0398854,-9e-07,15.24,9791.0
SD_D1_Z0_1_base,403,EM,-42609.934,-0.039912,-9e-07,13.64,9804.6
SD_D1_Z0_1_base,404,EM,-42609.974,-0.0399299,-9e-07,12.77,9817.4
SD_D1_Z0_1_base,405,EM,-42610.014,-0.0399317,-9e-07,15.34,9832.8
SD_D1_Z0_1_base,406,EM,-42610.053,-0.0399223,-9e-07,532.51,10365.3
SD_D1_Z0_1_base,407,EM,-42610.093,-0.0399008,-9e-07,9.3,10374.6
SD_D1_Z0_1_base,408,EM,-42610.133,-0.0398695,-9e-07,8.31,10382.9
SD_D1_Z0_1_base,409,EM,-42610.173,-0.0398159,-9e-07,9.24,10392.1
SD_D1_Z0_1_base,410,EM,-42610.213,-0.0397492,-9e-07,70.37,10462.5
SD_D1_Z0_1_base,411,EM,-42610.252,-0.0396711,-9e-07,15.01,10477.5
SD_D1_Z0_1_base,412,EM,-42610.292,-0.0395934,-9e-07,13.93,10491.4
SD_D1_Z0_1_base,413,EM,-42610.332,-0.0394833,-9e-07,14.28,10505.7
SD_D1_Z0_1_base,414,EM,-42610.371,-0.0393774,-9e-07,15.3,10521.0
SD_D1_Z0_1_base,415,EM,-42610.41,-0.039253,-9e-07,13.34,10534.3
SD_D1_Z0_1_base,416,EM,-42610.449,-0.0391105,-9e-07,16.51,10550.8
SD_D1_Z0_1_base,417,EM,-42610.488,-0.0389638,-9e-07,16.17,10567.0
SD_D1_Z0_1_base,418,EM,-42610.527,-0.0388067,-9e-07,18.19,10585.2
SD_D1_Z0_1_base,419,EM,-42610.566,-0.0386332,-9e-07,13.25,10598.5
SD_D1_Z0_1_base,420,EM,-42610.604,-0.0384613,-9e-07,17.68,10616.1
SD_D1_Z0_1_base,421,EM,-42610.642,-0.0382691,-9e-07,19.63,10635.8
SD_D1_Z0_1_base,422,EM,-42610.68,-0.0380696,-9e-07,20.23,10656.0
SD_D1_Z0_1_base,423,EM,-42610.718,-0.0378619,-9e-07,22.23,10678.2
SD_D1_Z0_1_base,424,EM,-42610.756,-0.037648,-9e-07,28.64,10706.9
SD_D1_Z0_1_base,425,EM,-42610.793,-0.037426,-9e-07,28.45,10735.3
SD_D1_Z0_1_base,426,EM,-42610.831,-0.0371933,-9e-07,22.4,10757.7
SD_D1_Z0_1_base,427,EM,-42610.868,-0.0369544,-9e-07,27.9,10785.6
SD_D1_Z0_1_base,428,EM,-42610.904,-0.0367062,-9e-07,25.89,10811.5
SD_D1_Z0_1_base,429,EM,-42610.941,-0.036459,-9e-07,31.54,10843.1
SD_D1_Z0_1_base,430,EM,-42610.977,-0.0362108,-8e-07,34.29,10877.3
SD_D1_Z0_1_base,431,EM,-42611.013,-0.035946,-8e-07,35.68,10913.0
SD_D1_Z0_1_base,432,EM,-42611.049,-0.0356796,-8e-07,43.19,10956.2
SD_D1_Z0_1_base,433,EM,-42611.084,-0.0353985,-8e-07,32.53,10988.7
SD_D1_Z0_1_base,434,EM,-42611.119,-0.0351377,-8e-07,46.12,11034.9
SD_D1_Z0_1_base,435,EM,-42611.154,-0.0348499,-8e-07,43.71,11078.6
SD_D1_Z0_1_base,436,EM,-42611.189,-0.0345722,-8e-07,51.56,11130.1
SD_D1_Z0_1_base,437,EM,-42611.223,-0.0342876,-8e-07,56.15,11186.3
SD_D1_Z0_1_base,438,EM,-42611.257,-0.0339974,-8e-07,34.08,11220.3
SD_D1_Z0_1_base,439,EM,-42611.291,-0.0337098,-8e-07,39.53,11259.9
SD_D1_Z0_1_base,440,EM,-42611.324,-0.0334197,-8e-07,60.93,11320.8
SD_D1_Z0_1_base,441,EM,-42611.357,-0.0331307,-8e-07,64.38,11385.2
SD_D1_Z0_1_base,442,EM,-42611.39,-0.032831,-8e-07,57.15,11442.3
SD_D1_Z0_1_base,443,EM,-42611.422,-0.0325363,-8e-07,57.67,11500.0
SD_D1_Z0_1_base,444,EM,-42611.455,-0.0322375,-8e-07,74.01,11574.0
SD_D1_Z0_1_base,445,EM,-42611.487,-0.0319346,-7e-07,70.28,11644.3
SD_D1_Z0_1_base,446,EM,-42611.518,-0.0316402,-7e-07,47.23,11691.5
SD_D1_Z0_1_base,447,EM,-42611.55,-0.0313543,-7e-07,85.33,11776.9
SD_D1_Z0_1_base,448,EM,-42611.581,-0.0310372,-7e-07,54.8,11831.6
SD_D1_Z0_1_base,449,EM,-42611.611,-0.0307364,-7e-07,89.19,11920.8
SD_D1_Z0_1_base,450,EM,-42611.642,-0.0304302,-7e-07,108.01,12028.8
SD_D1_Z0_1_base,451,EM,-42611.672,-0.0301375,-7e-07,90.23,12119.1
SD_D1_Z0_1_base,452,EM,-42611.702,-0.0298452,-7e-07,100.46,12219.5
SD_D1_Z0_1_base,453,EM,-42611.731,-0.0295234,-7e-07,138.6,12358.1
SD_D1_Z0_1_base,454,EM,-42611.761,-0.0292179,-7e-07,130.0,12488.1
SD_D1_Z0_1_base,455,EM,-42611.789,-0.0289277,-7e-07,137.58,12625.7
SD_D1_Z0_1_base,456,EM,-42611.818,-0.0286394,-7e-07,305.37,12931.1
SD_D1_Z0_1_base,457,EM,-42611.846,-0.0283444,-7e-07,23.6,12954.7
SD_D1_Z0_1_base,458,EM,-42611.874,-0.0280532,-7e-07,99.31,13054.0
SD_D1_Z0_1_base,459,EM,-42611.902,-0.0277482,-7e-07,169.24,13223.2
SD_D1_Z0_1_base,460,EM,-42611.93,-0.0274326,-6e-07,153.41,13376.6
SD_D1_Z0_1_base,461,EM,-42611.957,-0.0271592,-6e-07,166.58,13543.2
SD_D1_Z0_1_base,462,EM,-42611.984,-0.0268586,-6e-07,156.68,13699.9
SD_D1_Z0_1_base,463,EM,-42612.01,-0.0265395,-6e-07,64.96,13764.8
SD_D1_Z0_1_base,464,EM,-42612.037,-0.0263087,-6e-07,19.39,13784.2
SD_D1_Z0_1_base,465,EM,-42612.062,-0.0259681,-6e-07,113.52,13897.8
SD_D1_Z0_1_base,466,EM,-42612.088,-0.0256403,-6e-07,104.11,14001.9
SD_D1_Z0_1_base,467,EM,-42612.113,-0.0253377,-6e-07,125.76,14127.6
SD_D1_Z0_1_base,468,EM,-42612.138,-0.025017,-6e-07,107.19,14234.8
SD_D1_Z0_1_base,469,EM,-42612.163,-0.0247253,-6e-07,90.95,14325.8
SD_D1_Z0_1_base,470,EM,-42612.188,-0.0244144,-6e-07,122.17,14447.9
SD_D1_Z0_1_base,471,EM,-42612.212,-0.0241397,-6e-07,111.82,14559.8
SD_D1_Z0_1_base,472,EM,-42612.236,-0.0238219,-6e-07,122.86,14682.6
SD_D1_Z0_1_base,473,EM,-42612.259,-0.023547,-6e-07,73.11,14755.7
SD_D1_Z0_1_base,474,EM,-42612.282,-0.0232571,-5e-07,117.99,14873.7
SD_D1_Z0_1_base,475,EM,-42612.305,-0.0229552,-5e-07,122.38,14996.1
SD_D1_Z0_1_base,476,QN,-42612.215,0.0905871,2.1e-06,36.4,15032.5
SD_D1_Z0_1_base,477,EM,-42612.556,-0.3408145,-8e-06,107.82,15140.3
SD_D1_Z0_1_base,478,EM,-42612.772,-0.2159915,-5.1e-06,129.13,15269.4
SD_D1_Z0_1_base,479,EM,-42612.927,-0.155127,-3.6e-06,102.05,15371.5
SD_D1_Z0_1_base,480,EM,-42613.055,-0.1287902,-3e-06,94.63,15466.1
SD_D1_Z0_1_base,481,EM,-42613.172,-0.1166263,-2.7e-06,133.73,15599.9
SD_D1_Z0_1_base,482,EM,-42613.282,-0.110136,-2.6e-06,116.91,15716.8
SD_D1_Z0_1_base,483,EM,-42613.388,-0.1056651,-2.5e-06,102.11,15818.9
SD_D1_Z0_1_base,484,EM,-42613.49,-0.1018214,-2.4e-06,114.53,15933.4
SD_D1_Z0_1_base,485,EM,-42613.588,-0.0979398,-2.3e-06,121.49,16054.9
SD_D1_Z0_1_base,486,EM,-42613.682,-0.0941374,-2.2e-06,112.68,16167.6
SD_D1_Z0_1_base,487,EM,-42613.772,-0.0902694,-2.1e-06,109.7,16277.3
SD_D1_Z0_1_base,488,EM,-42613.858,-0.0863797,-2e-06,114.17,16391.5
SD_D1_Z0_1_base,489,EM,-42613.941,-0.082297,-1.9e-06,117.59,16509.1
SD_D1_Z0_1_base,490,EM,-42614.019,-0.0782958,-1.8e-06,106.65,16615.7
SD_D1_Z0_1_base,491,EM,-42614.093,-0.0743812,-1.7e-06,103.56,16719.3
SD_D1_Z0_1_base,492,EM,-42614.164,-0.0704558,-1.7e-06,118.79,16838.0
SD_D1_Z0_1_base,493,EM,-42614.23,-0.0665311,-1.6e-06,117.32,16955.4
SD_D1_Z0_1_base,494,EM,-42614.293,-0.0626865,-1.5e-06,120.71,17076.1
SD_D1_Z0_1_base,495,EM,-42614.352,-0.0589474,-1.4e-06,131.92,17208.0
SD_D1_Z0_1_base,496,EM,-42614.407,-0.0552258,-1.3e-06,117.39,17325.4
SD_D1_Z0_1_base,497,EM,-42614.459,-0.0517154,-1.2e-06,119.52,17444.9
SD_D1_Z0_1_base,498,EM,-42614.507,-0.048192,-1.1e-06,124.58,17569.5
SD_D1_Z0_1_base,499,EM,-42614.552,-0.0448031,-1.1e-06,113.61,17683.1
SD_D1_Z0_1_base,500,EM,-42614.593,-0.0414588,-1e-06,116.4,17799.5
SD_D1_Z0_1_base,501,EM,-42614.632,-0.0382788,-9e-07,116.45,17915.9
SD_D1_Z0_1_base,502,EM,-42614.667,-0.0351381,-8e-07,112.06,18028.0
SD_D1_Z0_1_base,503,EM,-42614.699,-0.0321007,-8e-07,113.83,18141.8
SD_D1_Z0_1_base,504,EM,-42614.728,-0.0292044,-7e-07,112.54,18254.4
SD_D1_Z0_1_base,505,EM,-42614.755,-0.0263524,-6e-07,99.7,18354.1
SD_D1_Z0_1_base,506,EM,-42614.778,-0.0236664,-6e-07,107.28,18461.3
SD_D1_Z0_1_base,507,EM,-42614.799,-0.0210306,-5e-07,112.12,18573.5
SD_D1_Z0_1_base,508,EM,-42614.818,-0.0183524,-4e-07,129.48,18702.9
SD_D1_Z0_1_base,509,EM,-42614.834,-0.0159827,-4e-07,149.74,18852.7
SD_D1_Z0_1_base,510,EM,-42614.847,-0.0136381,-3e-07,138.43,18991.1
SD_D1_Z0_1_base,511,EM,-42614.859,-0.0113477,-3e-07,109.82,19100.9
SD_D1_Z0_1_base,512,EM,-42614.868,-0.0091441,-2e-07,107.48,19208.4
SD_D1_Z0_1_base,513,EM,-42614.875,-0.0070553,-2e-07,123.88,19332.3
SD_D1_Z0_1_base,514,EM,-42614.88,-0.0050168,-1e-07,185.5,19517.8
SD_D1_Z0_1_base,515,EM,-42614.883,-0.0030465,-1e-07,112.89,19630.7
SD_D1_Z0_1_base,516,EM,-42614.884,-0.0011829,0.0,112.35,19743.0
SD_D1_Z0_1_base,517,EM,-42614.883,0.0005845,0.0,127.83,19870.9
SD_D1_Z0_1_base,518,EM,-42614.881,0.0022692,1e-07,125.02,19995.9
SD_D1_Z0_1_base,519,EM,-42614.877,0.0038727,1e-07,111.23,20107.1
SD_D1_Z0_1_base,520,EM,-42614.872,0.0054519,1e-07,114.37,20221.5
SD_D1_Z0_1_base,521,EM,-42614.865,0.0069356,2e-07,103.34,20324.8
SD_D1_Z0_1_base,522,EM,-42618.084,-3.2186796,-7.55e-05,1.2,20326.0
SEXGAP_D1_Z0_1_base,1,EM,-32970.083,0.0,0.0,0.43,0.4
SEXGAP_D1_Z0_1_base,2,EM,-30324.199,2645.8832369,0.080251,24.44,24.9
SEXGAP_D1_Z0_1_base,3,EM,-30240.645,83.5541238,0.0027554,7.09,32.0
SEXGAP_D1_Z0_1_base,4,EM,-30202.302,38.3435495,0.0012679,1.35,33.3
SEXGAP_D1_Z0_1_base,5,EM,-30179.535,22.7671387,0.0007538,1.14,34.4
SEXGAP_D1_Z0_1_base,6,EM,-30164.644,14.8907837,0.0004934,1.14,35.6
SEXGAP_D1_Z0_1_base,7,EM,-30154.191,10.4532314,0.0003465,1.25,36.8
SEXGAP_D1_Z0_1_base,8,EM,-30146.35,7.8401717,0.00026,0.88,37.7
SEXGAP_D1_Z0_1_base,9,EM,-30140.111,6.2393949,0.000207,0.95,38.7
SEXGAP_D1_Z0_1_base,10,EM,-30134.906,5.2055335,0.0001727,1.12,39.8
SEXGAP_D1_Z0_1_base,11,EM,-30130.412,4.4935212,0.0001491,0.69,40.5
SEXGAP_D1_Z0_1_base,12,EM,-30126.442,3.969867,0.0001318,0.67,41.1
SEXGAP_D1_Z0_1_base,13,EM,-30122.88,3.561841,0.0001182,1.08,42.2
SEXGAP_D1_Z0_1_base,14,EM,-30119.652,3.2286723,0.0001072,0.94,43.2
SEXGAP_D1_Z0_1_base,15,EM,-30116.705,2.946716,9.78e-05,1.07,44.2
SEXGAP_D1_Z0_1_base,16,EM,-30114.003,2.7016166,8.97e-05,0.92,45.2
SEXGAP_D1_Z0_1_base,17,EM,-30111.519,2.4843652,8.25e-05,0.87,46.0
SEXGAP_D1_Z0_1_base,18,EM,-30109.23,2.2890917,7.6e-05,0.66,46.7
SEXGAP_D1_Z0_1_base,19,EM,-30107.118,2.1119678,7.01e-05,0.64,47.3
SEXGAP_D1_Z0_1_base,20,EM,-30105.168,1.9503534,6.48e-05,0.65,48.0
SEXGAP_D1_Z0_1_base,21,EM,-30103.365,1.8024026,5.99e-05,0.82,48.8
SEXGAP_D1_Z0_1_base,22,EM,-30101.698,1.6667219,5.54e-05,0.61,49.4
SEXGAP_D1_Z0_1_base,23,EM,-30100.156,1.5421969,5.12e-05,0.62,50.0
SEXGAP_D1_Z0_1_base,24,EM,-30098.728,1.4278691,4.74e-05,0.66,50.7
SEXGAP_D1_Z0_1_base,25,EM,-30097.405,1.3229173,4.4e-05,0.76,51.4
SEXGAP_D1_Z0_1_base,26,EM,-30096.179,1.2265597,4.08e-05,0.89,52.3
SEXGAP_D1_Z0_1_base,27,EM,-30095.041,1.1380954,3.78e-05,0.61,53.0
SEXGAP_D1_Z0_1_base,28,EM,-30093.984,1.0568627,3.51e-05,0.73,53.7
SEXGAP_D1_Z0_1_base,29,EM,-30093.002,0.9822481,3.26e-05,0.8,54.5
SEXGAP_D1_Z0_1_base,30,EM,-30092.088,0.9136858,3.04e-05,0.71,55.2
SEXGAP_D1_Z0_1_base,31,EM,-30091.237,0.8506385,2.83e-05,0.69,55.9
SEXGAP_D1_Z0_1_base,32,EM,-30090.445,0.7926386,2.63e-05,0.68,56.6
SEXGAP_D1_Z0_1_base,33,EM,-30089.705,0.7392321,2.46e-05,0.68,57.2
SEXGAP_D1_Z0_1_base,34,EM,-30089.015,0.6900226,2.29e-05,0.89,58.1
SEXGAP_D1_Z0_1_base,35,EM,-30088.371,0.6446407,2.14e-05,0.82,59.0
SEXGAP_D1_Z0_1_base,36,EM,-30087.768,0.6027487,2e-05,105.34,164.3
SEXGAP_D1_Z0_1_base,37,EM,-30087.204,0.5640453,1.87e-05,0.84,165.1
SEXGAP_D1_Z0_1_base,38,EM,-30086.676,0.5282526,1.76e-05,0.81,165.9
SEXGAP_D1_Z0_1_base,39,EM,-30086.181,0.4951232,1.65e-05,0.75,166.7
SEXGAP_D1_Z0_1_base,40,EM,-30085.716,0.4644263,1.54e-05,0.73,167.4
SEXGAP_D1_Z0_1_base,41,EM,-30085.28,0.4359583,1.45e-05,0.62,168.0
SEXGAP_D1_Z0_1_base,42,EM,-30084.871,0.4095328,1.36e-05,0.71,168.8
SEXGAP_D1_Z0_1_base,43,EM,-30084.486,0.3849775,1.28e-05,0.66,169.4
SEXGAP_D1_Z0_1_base,44,EM,-30084.124,0.3621444,1.2e-05,0.73,170.1
SEXGAP_D1_Z0_1_base,45,EM,-30083.783,0.3408889,1.13e-05,0.65,170.8
SEXGAP_D1_Z0_1_base,46,EM,-30083.462,0.3210838,1.07e-05,0.64,171.4
SEXGAP_D1_Z0_1_base,47,EM,-30083.159,0.302615,1.01e-05,0.71,172.2
SEXGAP_D1_Z0_1_base,48,EM,-30082.874,0.2853795,9.5e-06,0.59,172.7
SEXGAP_D1_Z0_1_base,49,EM,-30082.604,0.2692777,9e-06,0.59,173.3
SEXGAP_D1_Z0_1_base,50,EM,-30082.35,0.2542246,8.5e-06,0.65,174.0
SEXGAP_D1_Z0_1_base,51,EM,-30082.11,0.24014,8e-06,0.91,174.9
SEXGAP_D1_Z0_1_base,52,EM,-30081.883,0.2269511,7.5e-06,0.89,175.8
SEXGAP_D1_Z0_1_base,53,EM,-30081.668,0.2145908,7.1e-06,0.7,176.5
SEXGAP_D1_Z0_1_base,54,EM,-30081.465,0.2029987,6.7e-06,0.6,177.1
SEXGAP_D1_Z0_1_base,55,EM,-30081.273,0.1921191,6.4e-06,0.68,177.8
SEXGAP_D1_Z0_1_base,56,EM,-30081.091,0.181901,6e-06,0.63,178.4
SEXGAP_D1_Z0_1_base,57,EM,-30080.919,0.1722974,5.7e-06,0.71,179.1
SEXGAP_D1_Z0_1_base,58,EM,-30080.756,0.1632653,5.4e-06,0.64,179.8
SEXGAP_D1_Z0_1_base,59,EM,-30080.601,0.1547649,5.1e-06,0.63,180.4
SEXGAP_D1_Z0_1_base,60,EM,-30080.454,0.1467601,4.9e-06,0.73,181.1
SEXGAP_D1_Z0_1_base,61,QN,-30078.981,1.473143,4.9e-05,2.41,183.5
SEXGAP_D1_Z0_1_base,62,EM,-30078.486,0.4951435,1.65e-05,0.87,184.4
SEXGAP_D1_Z0_1_base,63,EM,-30078.366,0.1203853,4e-06,0.69,185.1
SEXGAP_D1_Z0_1_base,64,EM,-30078.272,0.0934492,3.1e-06,0.62,185.7
SEXGAP_D1_Z0_1_base,65,EM,-30078.196,0.076099,2.5e-06,0.68,186.4
SEXGAP_D1_Z0_1_base,66,EM,-30078.133,0.0635654,2.1e-06,0.77,187.2
SEXGAP_D1_Z0_1_base,67,EM,-30078.079,0.0540366,1.8e-06,0.79,188.0
SEXGAP_D1_Z0_1_base,68,EM,-30078.032,0.0465664,1.5e-06,0.68,188.6
SEXGAP_D1_Z0_1_base,69,EM,-30077.991,0.0405965,1.3e-06,0.69,189.3
SEXGAP_D1_Z0_1_base,70,EM,-30077.956,0.0357643,1.2e-06,0.62,189.9
SEXGAP_D1_Z0_1_base,71,EM,-30077.924,0.0318136,1.1e-06,0.66,190.6
SEXGAP_D1_Z0_1_base,72,EM,-30077.895,0.0285584,9e-07,0.68,191.3
SEXGAP_D1_Z0_1_base,73,EM,-30077.869,0.025855,9e-07,1.26,192.5
SEXGAP_D1_Z0_1_base,74,EM,-30077.846,0.0235948,8e-07,4.16,196.7
SEXGAP_D1_Z0_1_base,75,QN,-30076.986,0.859682,2.86e-05,4.16,200.9
SEXGAP_D1_Z0_1_base,76,EM,-30076.078,0.907751,3.02e-05,3.53,204.4
SEXGAP_D1_Z0_1_base,77,EM,-30075.97,0.1081124,3.6e-06,1.26,205.7
SEXGAP_D1_Z0_1_base,78,EM,-30075.915,0.0548112,1.8e-06,0.87,206.5
SEXGAP_D1_Z0_1_base,79,EM,-30075.877,0.0379375,1.3e-06,0.72,207.2
SEXGAP_D1_Z0_1_base,80,EM,-30075.846,0.0311723,1e-06,0.71,208.0
SEXGAP_D1_Z0_1_base,81,EM,-30075.819,0.0275786,9e-07,0.73,208.7
SEXGAP_D1_Z0_1_base,82,EM,-30075.794,0.0251714,8e-07,0.77,209.5
SEXGAP_D1_Z0_1_base,83,EM,-30075.77,0.0233177,8e-07,0.69,210.1
SEXGAP_D1_Z0_1_base,84,EM,-30075.748,0.0217801,7e-07,0.61,210.8
SEXGAP_D1_Z0_1_base,85,EM,-30075.728,0.0204517,7e-07,0.68,211.4
SEXGAP_D1_Z0_1_base,86,EM,-30075.709,0.0192783,6e-07,0.79,212.2
SEXGAP_D1_Z0_1_base,87,EM,-30075.691,0.0182273,6e-07,0.7,212.9
SEXGAP_D1_Z0_1_base,88,EM,-30075.673,0.0172776,6e-07,0.61,213.5
SEXGAP_D1_Z0_1_base,89,QN,-30074.584,1.0893665,3.62e-05,5.54,219.1
SEXGAP_D1_Z0_1_base,90,EM,-30074.127,0.4569847,1.52e-05,90.53,309.6
SEXGAP_D1_Z0_1_base,91,EM,-30074.088,0.0387522,1.3e-06,0.82,310.4
SEXGAP_D1_Z0_1_base,92,EM,-30074.058,0.0300542,1e-06,1.04,311.5
SEXGAP_D1_Z0_1_base,93,EM,-30074.028,0.0296421,1e-06,5.81,317.3
SEXGAP_D1_Z0_1_base,94,EM,-30073.997,0.0314838,1e-06,2.53,319.8
SEXGAP_D1_Z0_1_base,95,EM,-30073.962,0.0348742,1.2e-06,1.14,320.9
SEXGAP_D1_Z0_1_base,96,EM,-30073.922,0.0397972,1.3e-06,0.7,321.6
SEXGAP_D1_Z0_1_base,97,EM,-30073.876,0.0465339,1.5e-06,0.73,322.4
SEXGAP_D1_Z0_1_base,98,EM,-30073.82,0.055637,1.9e-06,1.22,323.6
SEXGAP_D1_Z0_1_base,99,EM,-30073.752,0.0680269,2.3e-06,4.64,328.2
SEXGAP_D1_Z0_1_base,100,EM,-30073.667,0.0851999,2.8e-06,1.15,329.4
SEXGAP_D1_Z0_1_base,101,EM,-30073.557,0.1096348,3.6e-06,0.79,330.2
SEXGAP_D1_Z0_1_base,102,EM,-30073.412,0.1456195,4.8e-06,1.82,332.0
SEXGAP_D1_Z0_1_base,103,QN,-29635.212,438.2000749,0.014571,24.2,356.2
SEXGAP_D1_Z0_1_base,104,EM,-29374.15,261.0618402,0.0088092,9.63,365.8
SEXGAP_D1_Z0_1_base,105,EM,-29410.212,-36.0623082,-0.0012277,15.43,381.2
SEXGAP_D1_Z0_1_base,106,EM,-30073.462,-663.2499251,-0.0225517,1.01,382.3
SEXGAP_D1_Z0_1_base,107,EM,-30064.359,9.1028462,0.0003027,5.68,387.9
SEXGAP_D1_Z0_1_base,108,EM,-30045.418,18.9410186,0.00063,1.7,389.6
SEXGAP_D1_Z0_1_base,109,EM,-29953.507,91.9108901,0.0030591,2.91,392.6
SEXGAP_D1_Z0_1_base,110,EM,-29371.589,581.9185089,0.0194274,9.22,401.8
SEXGAP_D1_Z0_1_base,111,EM,-29293.492,78.0963378,0.0026589,13.12,414.9
SEXGAP_D1_Z0_1_base,112,EM,-29325.503,-32.0111256,-0.0010928,0.61,415.5
SEXGAP_D1_Z0_1_base,113,EM,-30073.201,-747.6979366,-0.0254965,1.06,416.6
SEXGAP_D1_Z0_1_base,114,EM,-30064.869,8.3323205,0.0002771,6.6,423.2
SEXGAP_D1_Z0_1_base,115,EM,-30047.537,17.3316096,0.0005765,3.7,426.9
SEXGAP_D1_Z0_1_base,116,EM,-29964.545,82.99208,0.002762,10.68,437.5
SEXGAP_D1_Z0_1_base,117,EM,-29518.113,446.4321268,0.0148987,13.88,451.4
SEXGAP_D1_Z0_1_base,118,EM,-29261.857,256.2560728,0.0086813,10.15,461.6
SEXGAP_D1_Z0_1_base,119,EM,-29291.557,-29.7002975,-0.001015,1.07,462.6
SEXGAP_D1_Z0_1_base,120,EM,-30069.904,-778.3465715,-0.0265724,1.54,464.2
SEXGAP_D1_Z0_1_base,121,EM,-30063.586,6.3177718,0.0002101,6.93,471.1
SEXGAP_D1_Z0_1_base,122,QN,-29658.367,405.2190912,0.0134787,11.19,482.3
SEXGAP_D1_Z0_1_base,123,EM,-29321.431,336.9360127,0.0113606,30.1,512.4
SEXGAP_D1_Z0_1_base,124,EM,-29396.245,-74.8141441,-0.0025515,0.69,513.1
SEXGAP_D1_Z0_1_base,125,EM,-30085.019,-688.7737998,-0.0234307,1.06,514.1
SEXGAP_D1_Z0_1_base,126,EM,-30068.883,16.1357469,0.0005363,7.26,521.4
SEXGAP_D1_Z0_1_base,127,EM,-30060.205,8.6781125,0.0002886,6.0,527.4
SEXGAP_D1_Z0_1_base,128,EM,-30029.161,31.0447022,0.0010328,5.77,533.2
SEXGAP_D1_Z0_1_base,129,EM,-29865.084,164.0770648,0.0054639,3.6,536.8
SEXGAP_D1_Z0_1_base,130,EM,-29243.886,621.1978836,0.0208001,20.98,557.8
SEXGAP_D1_Z0_1_base,131,EM,-29304.48,-60.5947123,-0.002072,0.71,558.5
SEXGAP_D1_Z0_1_base,132,EM,-30073.597,-769.1161703,-0.0262457,1.04,559.5
SEXGAP_D1_Z0_1_base,133,EM,-30094.18,-20.5834617,-0.0006844,7.12,566.6
SEXGAP_D1_Z0_1_base,134,EM,-30087.145,7.0354565,0.0002338,2.49,569.1
SEXGAP_D1_Z0_1_base,135,EM,-30086.161,0.9838579,3.27e-05,1.25,570.4
SEXGAP_D1_Z0_1_base,136,EM,-30085.864,0.2971429,9.9e-06,0.84,571.2
SEXGAP_D1_Z0_1_base,137,EM,-30085.737,0.1264997,4.2e-06,1.01,572.2
SEXGAP_D1_Z0_1_base,138,EM,-30085.683,0.0539139,1.8e-06,1.31,573.5
SEXGAP_D1_Z0_1_base,139,EM,-30085.674,0.0093126,3e-07,6.46,580.0
SEXGAP_D1_Z0_1_base,140,EM,-30085.696,-0.0220322,-7e-07,6.05,586.1
SEXGAP_D1_Z0_1_base,141,EM,-30085.741,-0.0449408,-1.5e-06,2.5,588.5
SEXGAP_D1_Z0_1_base,142,EM,-30085.803,-0.0620526,-2.1e-06,4.93,593.5
SEXGAP_D1_Z0_1_base,143,EM,-30085.878,-0.0751194,-2.5e-06,1.91,595.4
SEXGAP_D1_Z0_1_base,144,EM,-30085.963,-0.0854118,-2.8e-06,1.24,596.6
SEXGAP_D1_Z0_1_base,145,QN,-30080.254,5.709765,0.0001898,72.58,669.2
SEXGAP_D1_Z0_1_base,146,EM,-30078.411,1.8421541,6.12e-05,7.22,676.4
SEXGAP_D1_Z0_1_base,147,EM,-30078.217,0.1940825,6.5e-06,1.52,677.9
SEXGAP_D1_Z0_1_base,148,EM,-30078.153,0.0641067,2.1e-06,1.11,679.1
SEXGAP_D1_Z0_1_base,149,EM,-30078.112,0.0409428,1.4e-06,1.06,680.1
SEXGAP_D1_Z0_1_base,150,EM,-30078.079,0.0327995,1.1e-06,1.02,681.1
SEXGAP_D1_Z0_1_base,151,EM,-30078.051,0.0281768,9e-07,0.96,682.1
SEXGAP_D1_Z0_1_base,152,EM,-30078.026,0.0249307,8e-07,0.78,682.9
SEXGAP_D1_Z0_1_base,153,EM,-30078.004,0.0224366,7e-07,0.79,683.7
SEXGAP_D1_Z0_1_base,154,EM,-30077.984,0.0204257,7e-07,0.79,684.5
SEXGAP_D1_Z0_1_base,155,EM,-30077.965,0.0187496,6e-07,0.74,685.2
SEXGAP_D1_Z0_1_base,156,EM,-30077.947,0.0173199,6e-07,1.27,686.5
SEXGAP_D1_Z0_1_base,157,EM,-30077.931,0.0160748,5e-07,0.75,687.2
SEXGAP_D1_Z0_1_base,158,EM,-30077.916,0.0149787,5e-07,0.71,687.9
SEXGAP_D1_Z0_1_base,159,EM,-30077.902,0.013998,5e-07,0.73,688.7
SEXGAP_D1_Z0_1_base,160,EM,-30077.889,0.0131126,4e-07,0.77,689.4
SEXGAP_D1_Z0_1_base,161,EM,-30077.877,0.0123073,4e-07,1.19,690.6
SEXGAP_D1_Z0_1_base,162,EM,-30077.865,0.0115652,4e-07,4.32,694.9
SEXGAP_D1_Z0_1_base,163,EM,-30077.855,0.0108839,4e-07,1.89,696.8
SEXGAP_D1_Z0_1_base,164,EM,-30077.844,0.0102448,3e-07,0.86,697.7
SEXGAP_D1_Z0_1_base,165,EM,-30077.835,0.0096578,3e-07,71.8,769.5
SEXGAP_D1_Z0_1_base,166,EM,-30077.826,0.0090987,3e-07,1.01,770.5
SEXGAP_D1_Z0_1_base,167,EM,-30077.817,0.0085772,3e-07,0.71,771.2
SEXGAP_D1_Z0_1_base,168,EM,-30077.809,0.0080821,3e-07,0.79,772.0
SEXGAP_D1_Z0_1_base,169,EM,-30077.801,0.0076142,3e-07,0.63,772.6
SEXGAP_D1_Z0_1_base,170,EM,-30077.794,0.0071698,2e-07,0.79,773.4
SEXGAP_D1_Z0_1_base,171,EM,-30077.787,0.0067446,2e-07,0.71,774.1
SEXGAP_D1_Z0_1_base,172,EM,-30077.781,0.0063423,2e-07,0.61,774.7
SEXGAP_D1_Z0_1_base,173,EM,-30077.775,0.0059542,2e-07,0.84,775.6
SEXGAP_D1_Z0_1_base,174,EM,-30077.769,0.0055835,2e-07,0.81,776.4
SEXGAP_D1_Z0_1_base,175,EM,-30077.764,0.005228,2e-07,0.58,777.0
SEXGAP_D1_Z0_1_base,176,EM,-30077.759,0.0048871,2e-07,0.71,777.7
SEXGAP_D1_Z0_1_base,177,EM,-30077.755,0.0045599,2e-07,0.58,778.2
SEXGAP_D1_Z0_1_base,178,EM,-30077.751,0.004244,1e-07,0.68,778.9
SEXGAP_D1_Z0_1_base,179,EM,-30077.747,0.0039396,1e-07,0.97,779.9
SEXGAP_D1_Z0_1_base,180,EM,-30077.743,0.0036462,1e-07,3.73,783.6
SEXGAP_D1_Z0_1_base,181,EM,-30077.74,0.0033628,1e-07,1.2,784.8
SEXGAP_D1_Z0_1_base,182,EM,-30077.736,0.003092,1e-07,0.86,785.7
SEXGAP_D1_Z0_1_base,183,EM,-30077.734,0.002829,1e-07,0.72,786.4
SEXGAP_D1_Z0_1_base,184,EM,-30077.731,0.0025749,1e-07,0.69,787.1
SEXGAP_D1_Z0_1_base,185,EM,-30077.729,0.002327,1e-07,0.9,788.0
SEXGAP_D1_Z0_1_base,186,EM,-30077.727,0.0020913,1e-07,0.8,788.8
SEXGAP_D1_Z0_1_base,187,EM,-30077.725,0.001861,1e-07,0.58,789.4
SEXGAP_D1_Z0_1_base,188,EM,-30077.723,0.0016403,1e-07,0.64,790.0
SEXGAP_D1_Z0_1_base,189,EM,-30077.722,0.0014262,0.0,0.77,790.8
SEXGAP_D1_Z0_1_base,190,EM,-30077.721,0.00122,0.0,0.96,791.7
SEXGAP_D1_Z0_1_base,191,EM,-30077.72,0.0010206,0.0,0.73,792.5
SEXGAP_D1_Z0_1_base,192,EM,-30077.719,0.0008275,0.0,0.62,793.1
SEXGAP_D1_Z0_1_base,193,EM,-30077.718,0.0006413,0.0,1.23,794.3
SEXGAP_D1_Z0_1_base,194,EM,-30077.718,0.0004628,0.0,1.01,795.3
SEXGAP_D1_Z0_1_base,195,EM,-30077.717,0.0002897,0.0,0.77,796.1
SEXGAP_D1_Z0_1_base,196,EM,-30077.717,0.0001232,0.0,0.74,796.8
SEXGAP_D1_Z0_1_base,197,EM,-30077.717,-3.78e-05,0.0,0.82,797.7
SEXGAP_D1_Z0_1_base,198,EM,-30077.717,-0.0001923,0.0,0.68,798.3
SEXGAP_D1_Z0_1_base,199,EM,-30077.718,-0.0003413,0.0,0.99,799.3
SEXGAP_D1_Z0_1_base,200,EM,-30077.718,-0.0004838,0.0,3.89,803.2
SEXGAP_D1_Z0_1_base,201,EM,-30077.719,-0.0006227,0.0,1.24,804.5
SEXGAP_D1_Z0_1_base,202,EM,-30077.72,-0.0007543,0.0,0.93,805.4
SEXGAP_D1_Z0_1_base,203,EM,-30077.72,-0.0008807,0.0,0.74,806.1
SEXGAP_D1_Z0_1_base,204,EM,-30077.721,-0.0010034,0.0,0.88,807.0
SEXGAP_D1_Z0_1_base,205,EM,-30077.723,-0.0011206,0.0,0.77,807.8
SEXGAP_D1_Z0_1_base,206,EM,-30077.724,-0.0012326,0.0,0.66,808.4
SEXGAP_D1_Z0_1_base,207,EM,-30077.725,-0.0013398,0.0,0.69,809.1
SEXGAP_D1_Z0_1_base,208,EM,-30077.727,-0.001442,0.0,0.67,809.8
SEXGAP_D1_Z0_1_base,209,EM,-30077.728,-0.0015415,-1e-07,0.74,810.5
SEXGAP_D1_Z0_1_base,210,EM,-30077.73,-0.0016343,-1e-07,0.77,811.3
SEXGAP_D1_Z0_1_base,211,EM,-30077.732,-0.0017237,-1e-07,0.85,812.1
SEXGAP_D1_Z0_1_base,212,EM,-30077.733,-0.0018075,-1e-07,0.8,812.9
SEXGAP_D1_Z0_1_base,213,EM,-30077.735,-0.0018905,-1e-07,0.73,813.7
SEXGAP_D1_Z0_1_base,214,EM,-30077.737,-0.0019675,-1e-07,0.74,814.4
SEXGAP_D1_Z0_1_base,215,EM,-30077.739,-0.0020404,-1e-07,1.28,815.7
SEXGAP_D1_Z0_1_base,216,EM,-30077.741,-0.0021093,-1e-07,76.64,892.3
SEXGAP_D1_Z0_1_base,217,EM,-30077.744,-0.0021766,-1e-07,1.04,893.4
SEXGAP_D1_Z0_1_base,218,EM,-30077.746,-0.0022396,-1e-07,0.79,894.2
SEXGAP_D1_Z0_1_base,219,EM,-30077.748,-0.0022978,-1e-07,1.01,895.2
SEXGAP_D1_Z0_1_base,220,EM,-30077.75,-0.0023525,-1e-07,1.0,896.2
SEXGAP_D1_Z0_1_base,221,EM,-30077.753,-0.002408,-1e-07,0.76,896.9
SEXGAP_D1_Z0_1_base,222,EM,-30077.755,-0.0024549,-1e-07,0.96,897.9
SEXGAP_D1_Z0_1_base,223,EM,-30077.758,-0.0025023,-1e-07,3.28,901.2
SEXGAP_D1_Z0_1_repair_start,1,EM,-32998.273,0.0,0.0,0.48,0.5
SEXGAP_D1_Z0_1_repair_start,2,EM,-30318.832,2679.4417548,0.0811995,25.2,25.7
SEXGAP_D1_Z0_1_repair_start,3,EM,-30236.884,81.947056,0.0027028,7.8,33.5
SEXGAP_D1_Z0_1_repair_start,4,EM,-30199.565,37.3196703,0.0012342,1.15,34.6
SEXGAP_D1_Z0_1_repair_start,5,EM,-30177.427,22.1382122,0.0007331,1.05,35.7
SEXGAP_D1_Z0_1_repair_start,6,EM,-30162.96,14.466529,0.0004794,1.11,36.8
SEXGAP_D1_Z0_1_repair_start,7,EM,-30152.806,10.1540274,0.0003366,0.87,37.7
SEXGAP_D1_Z0_1_repair_start,8,EM,-30145.182,7.6236771,0.0002528,1.39,39.1
SEXGAP_D1_Z0_1_repair_start,9,EM,-30139.103,6.0792667,0.0002017,0.86,39.9
SEXGAP_D1_Z0_1_repair_start,10,EM,-30134.019,5.0841782,0.0001687,0.95,40.9
SEXGAP_D1_Z0_1_repair_start,11,EM,-30129.62,4.3990209,0.000146,0.78,41.7
SEXGAP_D1_Z0_1_repair_start,12,EM,-30125.726,3.8941778,0.0001292,0.84,42.5
SEXGAP_D1_Z0_1_repair_start,13,EM,-30122.226,3.4993782,0.0001162,0.73,43.2
SEXGAP_D1_Z0_1_repair_start,14,EM,-30119.051,3.1756247,0.0001054,0.68,43.9
SEXGAP_D1_Z0_1_repair_start,15,EM,-30116.15,2.9004628,9.63e-05,0.62,44.5
SEXGAP_D1_Z0_1_repair_start,16,EM,-30113.49,2.6603549,8.83e-05,0.68,45.2
SEXGAP_D1_Z0_1_repair_start,17,EM,-30111.043,2.4468924,8.13e-05,0.71,45.9
SEXGAP_D1_Z0_1_repair_start,18,EM,-30108.788,2.2546347,7.49e-05,0.82,46.7
SEXGAP_D1_Z0_1_repair_start,19,EM,-30106.708,2.0800179,6.91e-05,0.68,47.4
SEXGAP_D1_Z0_1_repair_start,20,EM,-30104.788,1.9206124,6.38e-05,0.7,48.1
SEXGAP_D1_Z0_1_repair_start,21,EM,-30103.013,1.77464,5.89e-05,0.71,48.8
SEXGAP_D1_Z0_1_repair_start,22,EM,-30101.372,1.6408124,5.45e-05,0.64,49.5
SEXGAP_D1_Z0_1_repair_start,23,EM,-30099.854,1.5180298,5.04e-05,0.84,50.3
SEXGAP_D1_Z0_1_repair_start,24,EM,-30098.449,1.405375,4.67e-05,0.79,51.1
SEXGAP_D1_Z0_1_repair_start,25,EM,-30097.147,1.3019992,4.33e-05,1.26,52.4
SEXGAP_D1_Z0_1_repair_start,26,EM,-30095.94,1.2071334,4.01e-05,1.17,53.5
SEXGAP_D1_Z0_1_repair_start,27,EM,-30094.82,1.1200811,3.72e-05,0.86,54.4
SEXGAP_D1_Z0_1_repair_start,28,EM,-30093.779,1.0401771,3.46e-05,1.14,55.5
SEXGAP_D1_Z0_1_repair_start,29,EM,-30092.813,0.9667995,3.21e-05,1.04,56.6
SEXGAP_D1_Z0_1_repair_start,30,EM,-30091.913,0.8993906,2.99e-05,1.09,57.7
SEXGAP_D1_Z0_1_repair_start,31,EM,-30091.076,0.8374207,2.78e-05,1.03,58.7
SEXGAP_D1_Z0_1_repair_start,32,EM,-30090.295,0.780415,2.59e-05,0.67,59.3
SEXGAP_D1_Z0_1_repair_start,33,EM,-30089.568,0.7279335,2.42e-05,0.68,60.0
SEXGAP_D1_Z0_1_repair_start,34,EM,-30088.888,0.6795769,2.26e-05,0.77,60.8
SEXGAP_D1_Z0_1_repair_start,35,EM,-30088.253,0.6349831,2.11e-05,0.91,61.7
SEXGAP_D1_Z0_1_repair_start,36,EM,-30087.659,0.5938208,1.97e-05,111.45,173.2
SEXGAP_D1_Z0_1_repair_start,37,EM,-30087.103,0.5557832,1.85e-05,0.64,173.8
SEXGAP_D1_Z0_1_repair_start,38,EM,-30086.583,0.5206097,1.73e-05,0.64,174.4
SEXGAP_D1_Z0_1_repair_start,39,EM,-30086.095,0.4880473,1.62e-05,0.64,175.1
SEXGAP_D1_Z0_1_repair_start,40,EM,-30085.637,0.4578767,1.52e-05,0.71,175.8
SEXGAP_D1_Z0_1_repair_start,41,EM,-30085.207,0.4298941,1.43e-05,0.72,176.5
SEXGAP_D1_Z0_1_repair_start,42,EM,-30084.803,0.4039131,1.34e-05,0.79,177.3
SEXGAP_D1_Z0_1_repair_start,43,EM,-30084.423,0.3797738,1.26e-05,0.77,178.1
SEXGAP_D1_Z0_1_repair_start,44,EM,-30084.066,0.3573198,1.19e-05,0.65,178.7
SEXGAP_D1_Z0_1_repair_start,45,EM,-30083.73,0.3364141,1.12e-05,0.73,179.5
SEXGAP_D1_Z0_1_repair_start,46,EM,-30083.413,0.3169343,1.05e-05,0.69,180.1
SEXGAP_D1_Z0_1_repair_start,47,EM,-30083.114,0.2987643,9.9e-06,0.68,180.8
SEXGAP_D1_Z0_1_repair_start,48,EM,-30082.832,0.2818074,9.4e-06,0.7,181.5
SEXGAP_D1_Z0_1_repair_start,49,EM,-30082.566,0.2659623,8.8e-06,0.86,182.4
SEXGAP_D1_Z0_1_repair_start,50,EM,-30082.315,0.2511468,8.3e-06,0.66,183.0
SEXGAP_D1_Z0_1_repair_start,51,EM,-30082.078,0.2372828,7.9e-06,0.7,183.7
SEXGAP_D1_Z0_1_repair_start,52,EM,-30081.853,0.224298,7.5e-06,0.6,184.3
SEXGAP_D1_Z0_1_repair_start,53,EM,-30081.641,0.2121274,7.1e-06,0.72,185.1
SEXGAP_D1_Z0_1_repair_start,54,EM,-30081.44,0.2007114,6.7e-06,0.74,185.8
SEXGAP_D1_Z0_1_repair_start,55,EM,-30081.25,0.1899952,6.3e-06,0.68,186.5
SEXGAP_D1_Z0_1_repair_start,56,EM,-30081.071,0.1799288,6e-06,0.66,187.1
SEXGAP_D1_Z0_1_repair_start,57,EM,-30080.9,0.1704661,5.7e-06,0.62,187.8
SEXGAP_D1_Z0_1_repair_start,58,EM,-30080.739,0.1615647,5.4e-06,0.72,188.5
SEXGAP_D1_Z0_1_repair_start,59,EM,-30080.585,0.1531864,5.1e-06,0.86,189.3
SEXGAP_D1_Z0_1_repair_start,60,EM,-30080.44,0.145295,4.8e-06,0.93,190.3
SEXGAP_D1_Z0_1_repair_start,61,QN,-30078.973,1.4671291,4.88e-05,2.98,193.3
SEXGAP_D1_Z0_1_repair_start,62,EM,-30078.478,0.4945047,1.64e-05,1.09,194.3
SEXGAP_D1_Z0_1_repair_start,63,EM,-30078.359,0.1198307,4e-06,0.75,195.1
SEXGAP_D1_Z0_1_repair_start,64,EM,-30078.265,0.0931109,3.1e-06,0.78,195.9
SEXGAP_D1_Z0_1_repair_start,65,EM,-30078.19,0.0758765,2.5e-06,0.66,196.5
SEXGAP_D1_Z0_1_repair_start,66,EM,-30078.126,0.0634099,2.1e-06,0.69,197.2
SEXGAP_D1_Z0_1_repair_start,67,EM,-30078.072,0.0539215,1.8e-06,0.65,197.9
SEXGAP_D1_Z0_1_repair_start,68,EM,-30078.026,0.046477,1.5e-06,0.62,198.5
SEXGAP_D1_Z0_1_repair_start,69,EM,-30077.985,0.0405241,1.3e-06,0.66,199.2
SEXGAP_D1_Z0_1_repair_start,70,EM,-30077.95,0.0357027,1.2e-06,0.69,199.8
SEXGAP_D1_Z0_1_repair_start,71,EM,-30077.918,0.0317598,1.1e-06,0.6,200.4
SEXGAP_D1_Z0_1_repair_start,72,EM,-30077.889,0.0285097,9e-07,0.66,201.1
SEXGAP_D1_Z0_1_repair_start,73,EM,-30077.863,0.0258106,9e-07,0.65,201.8
SEXGAP_D1_Z0_1_repair_start,74,EM,-30077.84,0.0235531,8e-07,0.58,202.3
SEXGAP_D1_Z0_1_repair_start,75,QN,-30076.963,0.8768329,2.92e-05,3.56,205.9
SEXGAP_D1_Z0_1_repair_start,76,EM,-30076.01,0.9535404,3.17e-05,0.94,206.8
SEXGAP_D1_Z0_1_repair_start,77,EM,-30075.897,0.112484,3.7e-06,0.75,207.6
SEXGAP_D1_Z0_1_repair_start,78,EM,-30075.841,0.0557648,1.9e-06,0.68,208.3
SEXGAP_D1_Z0_1_repair_start,79,EM,-30075.803,0.038292,1.3e-06,0.7,209.0
SEXGAP_D1_Z0_1_repair_start,80,EM,-30075.772,0.0314329,1e-06,0.62,209.6
SEXGAP_D1_Z0_1_repair_start,81,EM,-30075.744,0.0278281,9e-07,0.62,210.2
SEXGAP_D1_Z0_1_repair_start,82,EM,-30075.718,0.0254216,8e-07,0.66,210.9
SEXGAP_D1_Z0_1_repair_start,83,EM,-30075.695,0.0235685,8e-07,0.6,211.5
SEXGAP_D1_Z0_1_repair_start,84,EM,-30075.673,0.0220297,7e-07,0.66,212.1
SEXGAP_D1_Z0_1_repair_start,85,EM,-30075.652,0.0206983,7e-07,0.68,212.8
SEXGAP_D1_Z0_1_repair_start,86,EM,-30075.633,0.0195196,6e-07,0.66,213.4
SEXGAP_D1_Z0_1_repair_start,87,EM,-30075.614,0.0184609,6e-07,0.96,214.4
SEXGAP_D1_Z0_1_repair_start,88,EM,-30075.597,0.0175039,6e-07,2.97,217.4
SEXGAP_D1_Z0_1_repair_start,89,QN,-30071.789,3.8072902,0.0001266,9.57,227.0
SEXGAP_D1_Z0_1_repair_start,90,EM,-30069.342,2.4471787,8.14e-05,4.67,231.6
SEXGAP_D1_Z0_1_repair_start,91,EM,-30064.453,4.8892771,0.0001626,96.22,327.9
SEXGAP_D1_Z0_1_repair_start,92,EM,-30048.032,16.4207198,0.0005462,1.81,329.7
SEXGAP_D1_Z0_1_repair_start,93,EM,-29967.037,80.994976,0.0026955,2.31,332.0
SEXGAP_D1_Z0_1_repair_start,94,EM,-29535.452,431.5847586,0.014402,10.01,342.0
SEXGAP_D1_Z0_1_repair_start,95,EM,-29266.766,268.6865043,0.0090971,11.45,353.4
SEXGAP_D1_Z0_1_repair_start,96,EM,-29399.35,-132.5836657,-0.0045302,23.05,376.5
SEXGAP_D1_Z0_1_repair_start,97,EM,-30078.214,-678.8645737,-0.0230911,0.94,377.4
SEXGAP_D1_Z0_1_repair_start,98,EM,-30067.546,10.6684932,0.0003547,7.47,384.9
SEXGAP_D1_Z0_1_repair_start,99,EM,-30056.731,10.8150531,0.0003597,6.49,391.4
SEXGAP_D1_Z0_1_repair_start,100,EM,-30012.834,43.896614,0.0014605,6.58,398.0
SEXGAP_D1_Z0_1_repair_start,101,EM,-29779.891,232.9426772,0.0077614,8.46,406.4
SEXGAP_D1_Z0_1_repair_start,102,EM,-29266.957,512.9347208,0.0172242,14.02,420.5
SEXGAP_D1_Z0_1_repair_start,103,EM,-29280.865,-13.908883,-0.0004752,23.76,444.2
SEXGAP_D1_Z0_1_repair_start,105,EM,-30227.124,245.8675155,0.0080684,1.25,489.7
SEXGAP_D1_Z0_1_repair_start,106,EM,-30106.079,121.0446279,0.0040045,7.48,497.2
SEXGAP_D1_Z0_1_repair_start,107,EM,-30075.933,30.1465713,0.0010013,3.38,500.6
SEXGAP_D1_Z0_1_repair_start,108,EM,-30064.822,11.1110257,0.0003694,7.38,508.0
SEXGAP_D1_Z0_1_repair_start,109,EM,-30034.936,29.8853501,0.000994,7.48,515.5
SEXGAP_D1_Z0_1_repair_start,110,EM,-29884.307,150.6292941,0.0050151,8.5,524.0
SEXGAP_D1_Z0_1_repair_start,111,EM,-29306.573,577.7341545,0.0193324,14.44,538.4
SEXGAP_D1_Z0_1_repair_start,112,EM,-29317.142,-10.5692385,-0.0003606,0.63,539.0
SEXGAP_D1_Z0_1_repair_start,113,EM,-30068.792,-751.649595,-0.0256386,0.94,540.0
SEXGAP_D1_Z0_1_repair_start,114,EM,-30066.035,2.756241,9.17e-05,7.41,547.4
SEXGAP_D1_Z0_1_repair_start,115,EM,-30049.096,16.9392505,0.0005634,6.79,554.2
SEXGAP_D1_Z0_1_repair_start,116,EM,-29966.782,82.3143555,0.0027393,7.43,561.6
SEXGAP_D1_Z0_1_repair_start,117,EM,-29514.141,452.6410737,0.0151048,8.04,569.6
SEXGAP_D1_Z0_1_repair_start,118,EM,-29242.705,271.4358135,0.0091968,27.52,597.1
SEXGAP_D1_Z0_1_repair_start,119,EM,-29293.593,-50.8879844,-0.0017402,0.69,597.8
SEXGAP_D1_Z0_1_repair_start,120,EM,-30062.588,-768.9949528,-0.0262513,1.34,599.2
SEXGAP_D1_Z0_1_repair_start,121,EM,-30059.706,2.8816298,9.59e-05,7.18,606.4
SEXGAP_D1_Z0_1_repair_start,122,EM,-30021.566,38.1398697,0.0012688,7.16,613.5
SEXGAP_D1_Z0_1_repair_start,123,EM,-29820.084,201.4819928,0.0067112,4.02,617.5
SEXGAP_D1_Z0_1_repair_start,124,EM,-29191.419,628.6656337,0.021082,36.93,654.5
SEXGAP_D1_Z0_1_repair_start,125,EM,-29260.992,-69.5731125,-0.0023833,0.78,655.2
SEXGAP_D1_Z0_1_repair_start,126,EM,-30059.859,-798.8673859,-0.0273014,1.08,656.3
SEXGAP_D1_Z0_1_repair_start,127,EM,-30057.665,2.1945376,7.3e-05,6.91,663.2
SEXGAP_D1_Z0_1_repair_start,128,EM,-30011.129,46.5356427,0.0015482,4.41,667.7
SEXGAP_D1_Z0_1_repair_start,129,EM,-29764.343,246.7861455,0.0082232,8.64,676.3
SEXGAP_D1_Z0_1_repair_start,130,EM,-29187.914,576.4288858,0.0193664,31.95,708.2
SEXGAP_D1_Z0_1_repair_start,131,EM,-29415.009,-227.0953184,-0.0077805,0.65,708.9
SEXGAP_D1_Z0_1_repair_start,132,EM,-30064.544,-649.5345936,-0.0220817,1.14,710.0
SEXGAP_D1_Z0_1_repair_start,133,EM,-30057.676,6.8677701,0.0002284,5.38,715.4
SEXGAP_D1_Z0_1_repair_start,134,EM,-30008.773,48.9027745,0.001627,3.65,719.1
SEXGAP_D1_Z0_1_repair_start,135,EM,-29752.057,256.716401,0.0085547,7.97,727.0
SEXGAP_D1_Z0_1_repair_start,136,EM,-29190.763,561.2937528,0.0188657,52.62,779.6
SEXGAP_D1_Z0_1_repair_start,137,EM,-29441.792,-251.0284405,-0.0085996,0.63,780.3
SEXGAP_D1_Z0_1_repair_start,138,EM,-30064.157,-622.3654996,-0.0211388,0.96,781.2
SEXGAP_D1_Z0_1_repair_start,139,EM,-30095.596,-31.4389259,-0.0010457,7.34,788.6
SEXGAP_D1_Z0_1_repair_start,140,EM,-30089.928,5.6684694,0.0001883,3.89,792.5
SEXGAP_D1_Z0_1_repair_start,141,EM,-30088.699,1.2284808,4.08e-05,5.67,798.1
SEXGAP_D1_Z0_1_repair_start,142,EM,-30088.222,0.4768116,1.58e-05,4.8,802.9
SEXGAP_D1_Z0_1_repair_start,143,EM,-30087.986,0.2362002,7.9e-06,2.71,805.7
SEXGAP_D1_Z0_1_repair_start,144,EM,-30087.865,0.1212125,4e-06,1.45,807.1
SEXGAP_D1_Z0_1_repair_start,145,EM,-30087.813,0.0518445,1.7e-06,6.55,813.7
SEXGAP_D1_Z0_1_repair_start,146,EM,-30087.806,0.0066215,2e-07,2.8,816.5
SEXGAP_D1_Z0_1_repair_start,147,EM,-30087.83,-0.0233146,-8e-07,1.0,817.5
SEXGAP_D1_Z0_1_repair_start,148,EM,-30087.873,-0.0431145,-1.4e-06,0.84,818.3
SEXGAP_D1_Z0_1_repair_start,149,EM,-30087.929,-0.0563245,-1.9e-06,1.02,819.3
SEXGAP_D1_Z0_1_repair_start,150,EM,-30087.995,-0.0653398,-2.2e-06,1.92,821.2
SEXGAP_D1_Z0_1_repair_start,151,EM,-30088.066,-0.0716657,-2.4e-06,6.23,827.5
SEXGAP_D1_Z0_1_repair_start,152,EM,-30088.143,-0.0763753,-2.5e-06,6.38,833.9
SEXGAP_D1_Z0_1_repair_start,153,EM,-30088.223,-0.0800129,-2.7e-06,3.36,837.2
SEXGAP_D1_Z0_1_repair_start,154,EM,-30088.306,-0.0829628,-2.8e-06,5.69,842.9
SEXGAP_D1_Z0_1_repair_start,155,EM,-30088.391,-0.0854845,-2.8e-06,6.23,849.1
SEXGAP_D1_Z0_1_repair_start,156,EM,-30088.479,-0.0876893,-2.9e-06,6.53,855.7
SEXGAP_D1_Z0_1_repair_start,157,EM,-30088.568,-0.0897701,-3e-06,3.15,858.8
SEXGAP_D1_Z0_1_repair_start,158,EM,-30088.66,-0.0914838,-3e-06,3.14,861.9
SEXGAP_D1_Z0_1_repair_start,159,EM,-30088.753,-0.0931829,-3.1e-06,3.8,865.7
SEXGAP_D1_Z0_1_repair_start,160,EM,-30088.848,-0.0944841,-3.1e-06,1.29,867.0
SEXGAP_D1_Z0_1_repair_start,161,EM,-30088.944,-0.0961695,-3.2e-06,4.43,871.5
SEXGAP_D1_Z0_1_repair_start,162,EM,-30089.041,-0.0974526,-3.2e-06,6.31,877.8
SEXGAP_D1_Z0_1_repair_start,163,EM,-30089.14,-0.098703,-3.3e-06,5.89,883.6
SEXGAP_D1_Z0_1_repair_start,164,EM,-30089.24,-0.0998877,-3.3e-06,5.59,889.2
SEXGAP_D1_Z0_1_repair_start,165,EM,-30089.341,-0.1009747,-3.4e-06,5.71,894.9
SEXGAP_D1_Z0_1_repair_start,166,EM,-30089.443,-0.1019999,-3.4e-06,53.64,948.6
SEXGAP_D1_Z0_1_repair_start,167,EM,-30089.546,-0.1029684,-3.4e-06,5.46,954.0
SEXGAP_D1_Z0_1_repair_start,168,EM,-30089.65,-0.1038596,-3.5e-06,4.94,959.0
SEXGAP_D1_Z0_1_repair_start,169,EM,-30089.754,-0.1047025,-3.5e-06,2.98,962.0
SEXGAP_D1_Z0_1_repair_start,170,EM,-30089.86,-0.1054823,-3.5e-06,1.38,963.3
SEXGAP_D1_Z0_1_repair_start,171,EM,-30089.966,-0.1062048,-3.5e-06,5.79,969.1
SEXGAP_D1_Z0_1_repair_start,172,EM,-30090.073,-0.1068748,-3.6e-06,3.53,972.7
SEXGAP_D1_Z0_1_repair_start,173,EM,-30090.18,-0.1074814,-3.6e-06,5.85,978.5
SEXGAP_D1_Z0_1_repair_start,174,EM,-30090.288,-0.1080433,-3.6e-06,6.59,985.1
SEXGAP_D1_Z0_1_repair_start,175,EM,-30090.397,-0.1085543,-3.6e-06,7.45,992.6
SEXGAP_D1_Z0_1_repair_start,176,EM,-30090.506,-0.1090104,-3.6e-06,6.34,998.9
SEXGAP_D1_Z0_1_repair_start,177,EM,-30090.615,-0.1094228,-3.6e-06,7.01,1005.9
SEXGAP_D1_Z0_1_repair_start,178,EM,-30090.725,-0.1097861,-3.6e-06,5.38,1011.3
SEXGAP_D1_Z0_1_repair_start,179,EM,-30090.835,-0.1101063,-3.7e-06,2.81,1014.1
SEXGAP_D1_Z0_1_repair_start,180,EM,-30090.946,-0.1103822,-3.7e-06,1.07,1015.2
SEXGAP_D1_Z0_1_repair_start,181,EM,-30091.056,-0.110614,-3.7e-06,1.07,1016.2
SEXGAP_D1_Z0_1_repair_start,182,EM,-30091.167,-0.1108068,-3.7e-06,0.98,1017.2
SEXGAP_D1_Z0_1_repair_start,183,EM,-30091.278,-0.1109645,-3.7e-06,0.85,1018.1
SEXGAP_D1_Z0_1_repair_start,184,EM,-30091.389,-0.1110868,-3.7e-06,1.11,1019.2
SEXGAP_D1_Z0_1_repair_start,185,EM,-30091.5,-0.1111564,-3.7e-06,5.5,1024.7
SEXGAP_D1_Z0_1_repair_start,186,EM,-30091.612,-0.1112167,-3.7e-06,6.25,1030.9
SEXGAP_D1_Z0_1_repair_start,187,EM,-30091.723,-0.1112278,-3.7e-06,5.86,1036.8
SEXGAP_D1_Z0_1_repair_start,188,EM,-30091.834,-0.1112125,-3.7e-06,6.28,1043.1
SEXGAP_D1_Z0_1_repair_start,189,EM,-30091.945,-0.1111775,-3.7e-06,6.22,1049.3
SEXGAP_D1_Z0_1_repair_start,190,EM,-30092.056,-0.1111121,-3.7e-06,6.81,1056.1
SEXGAP_D1_Z0_1_repair_start,191,EM,-30092.167,-0.110918,-3.7e-06,4.36,1060.5
SEXGAP_D1_Z0_1_repair_start,192,EM,-30092.278,-0.1108933,-3.7e-06,4.41,1064.9
SEXGAP_D1_Z0_1_repair_start,193,EM,-30092.389,-0.110778,-3.7e-06,3.05,1067.9
SEXGAP_D1_Z0_1_repair_start,194,EM,-30092.499,-0.1106284,-3.7e-06,6.2,1074.1
SEXGAP_D1_Z0_1_repair_start,195,EM,-30092.61,-0.11042,-3.7e-06,2.86,1077.0
SEXGAP_D1_Z0_1_repair_start,196,EM,-30092.72,-0.110213,-3.7e-06,1.18,1078.2
SEXGAP_D1_Z0_1_repair_start,197,EM,-30092.83,-0.1099918,-3.7e-06,1.73,1079.9
SEXGAP_D1_Z0_1_repair_start,198,EM,-30092.94,-0.1097458,-3.6e-06,5.88,1085.8
SEXGAP_D1_Z0_1_repair_start,199,EM,-30093.049,-0.1094844,-3.6e-06,5.92,1091.7
SEXGAP_D1_Z0_1_repair_start,200,EM,-30093.159,-0.1092178,-3.6e-06,5.5,1097.2
SEXGAP_D1_Z0_1_repair_start,201,EM,-30093.267,-0.1089241,-3.6e-06,2.75,1099.9
SEXGAP_D1_Z0_1_repair_start,202,EM,-30093.376,-0.1086232,-3.6e-06,1.57,1101.5
SEXGAP_D1_Z0_1_repair_start,203,EM,-30093.484,-0.1082948,-3.6e-06,5.12,1106.6
SEXGAP_D1_Z0_1_repair_start,204,EM,-30093.592,-0.1079878,-3.6e-06,5.16,1111.8
SEXGAP_D1_Z0_1_repair_start,205,EM,-30093.7,-0.107643,-3.6e-06,5.41,1117.2
SEXGAP_D1_Z0_1_repair_start,206,EM,-30093.807,-0.1073012,-3.6e-06,6.64,1123.8
SEXGAP_D1_Z0_1_repair_start,207,EM,-30093.914,-0.1069196,-3.6e-06,5.66,1129.5
SEXGAP_D1_Z0_1_repair_start,208,EM,-30094.021,-0.1065436,-3.5e-06,5.44,1134.9
SEXGAP_D1_Z0_1_repair_start,209,EM,-30094.127,-0.1061519,-3.5e-06,3.35,1138.3
SEXGAP_D1_Z0_1_repair_start,210,EM,-30094.233,-0.1057497,-3.5e-06,5.34,1143.6
SEXGAP_D1_Z0_1_repair_start,211,EM,-30094.338,-0.1053594,-3.5e-06,3.05,1146.7
SEXGAP_D1_Z0_1_repair_start,212,EM,-30094.443,-0.1049398,-3.5e-06,1.09,1147.8
SEXGAP_D1_Z0_1_repair_start,213,EM,-30094.548,-0.1045174,-3.5e-06,0.98,1148.8
SEXGAP_D1_Z0_1_repair_start,214,EM,-30094.652,-0.1040808,-3.5e-06,0.89,1149.6
SEXGAP_D1_Z0_1_repair_start,215,EM,-30094.755,-0.1036371,-3.4e-06,1.96,1151.6
SEXGAP_D1_Z0_1_repair_start,216,EM,-30094.858,-0.1031894,-3.4e-06,5.69,1157.3
SEXGAP_D1_Z0_1_repair_start,217,EM,-30094.961,-0.1027288,-3.4e-06,51.04,1208.3
SEXGAP_D1_Z0_1_repair_start,218,EM,-30095.063,-0.1022144,-3.4e-06,5.87,1214.2
SEXGAP_D1_Z0_1_repair_start,219,EM,-30095.165,-0.1018293,-3.4e-06,5.83,1220.0
SEXGAP_D1_Z0_1_repair_start,220,EM,-30095.266,-0.1012436,-3.4e-06,5.0,1225.0
SEXGAP_D1_Z0_1_repair_start,221,EM,-30095.367,-0.100882,-3.4e-06,6.16,1231.2
SEXGAP_D1_Z0_1_repair_start,222,EM,-30095.468,-0.1003498,-3.3e-06,5.79,1237.0
SEXGAP_D1_Z0_1_repair_start,223,EM,-30095.568,-0.099844,-3.3e-06,6.75,1243.7
SEXGAP_D1_Z0_1_repair_start,224,EM,-30095.667,-0.0993389,-3.3e-06,3.91,1247.6
SEXGAP_D1_Z0_1_repair_start,225,EM,-30095.766,-0.0988308,-3.3e-06,5.92,1253.6
SEXGAP_D1_Z0_1_repair_start,226,EM,-30095.864,-0.0982138,-3.3e-06,5.0,1258.6
SEXGAP_D1_Z0_1_repair_start,227,EM,-30095.962,-0.0978306,-3.3e-06,5.7,1264.3
SEXGAP_D1_Z0_1_repair_start,228,EM,-30096.059,-0.0973037,-3.2e-06,6.04,1270.3
SEXGAP_D1_Z0_1_repair_start,229,EM,-30096.156,-0.0967572,-3.2e-06,7.24,1277.5
SEXGAP_D1_Z0_1_repair_start,230,EM,-30096.252,-0.0962206,-3.2e-06,5.11,1282.6
SEXGAP_D1_Z0_1_repair_start,231,EM,-30096.348,-0.0956751,-3.2e-06,3.25,1285.9
SEXGAP_D1_Z0_1_repair_start,232,EM,-30096.443,-0.0951429,-3.2e-06,5.16,1291.1
SEXGAP_D1_Z0_1_repair_start,233,EM,-30096.537,-0.0946001,-3.1e-06,4.69,1295.7
SEXGAP_D1_Z0_1_repair_start,234,EM,-30096.631,-0.0940455,-3.1e-06,3.14,1298.9
SEXGAP_D1_Z0_1_repair_start,235,EM,-30096.725,-0.0935112,-3.1e-06,5.91,1304.8
SEXGAP_D1_Z0_1_repair_start,236,EM,-30096.818,-0.0929113,-3.1e-06,5.05,1309.8
SEXGAP_D1_Z0_1_repair_start,237,EM,-30096.91,-0.0924244,-3.1e-06,4.84,1314.7
SEXGAP_D1_Z0_1_repair_start,238,EM,-30097.002,-0.0918546,-3.1e-06,3.14,1317.8
SEXGAP_D1_Z0_1_repair_start,239,EM,-30097.093,-0.0912955,-3e-06,0.97,1318.8
SEXGAP_D1_Z0_1_repair_start,240,EM,-30097.184,-0.0907383,-3e-06,1.19,1320.0
SEXGAP_D1_Z0_1_repair_start,241,EM,-30097.274,-0.0901867,-3e-06,4.42,1324.4
SEXGAP_D1_Z0_1_repair_start,242,EM,-30097.364,-0.0896216,-3e-06,2.95,1327.3
SEXGAP_D1_Z0_1_repair_start,243,EM,-30097.453,-0.0890647,-3e-06,1.41,1328.8
SEXGAP_D1_Z0_1_repair_start,244,EM,-30097.542,-0.0885033,-2.9e-06,1.14,1329.9
SEXGAP_D1_Z0_1_repair_start,245,EM,-30097.63,-0.0879447,-2.9e-06,2.05,1331.9
SEXGAP_D1_Z0_1_repair_start,246,EM,-30097.717,-0.0873888,-2.9e-06,4.79,1336.7
SEXGAP_D1_Z0_1_repair_start,247,EM,-30097.804,-0.0868241,-2.9e-06,1.77,1338.5
SEXGAP_D1_Z0_1_repair_start,248,EM,-30097.89,-0.0862619,-2.9e-06,5.09,1343.6
SEXGAP_D1_Z0_1_repair_start,249,EM,-30097.976,-0.0856807,-2.8e-06,3.29,1346.9
SEXGAP_D1_Z0_1_repair_start,250,EM,-30098.061,-0.0851445,-2.8e-06,5.05,1351.9
SEXGAP_D1_Z0_1_repair_start,251,EM,-30098.145,-0.0845587,-2.8e-06,5.05,1357.0
SEXGAP_D1_Z0_1_repair_start,252,EM,-30098.229,-0.0839885,-2.8e-06,2.87,1359.9
SEXGAP_D1_Z0_1_repair_start,253,EM,-30098.313,-0.0834129,-2.8e-06,5.64,1365.5
SEXGAP_D1_Z0_1_repair_start,254,EM,-30098.396,-0.0828317,-2.8e-06,3.55,1369.1
SEXGAP_D1_Z0_1_repair_start,255,EM,-30098.478,-0.0822571,-2.7e-06,4.74,1373.8
SEXGAP_D1_Z0_1_repair_start,256,EM,-30098.56,-0.0816571,-2.7e-06,3.07,1376.9
SEXGAP_D1_Z0_1_repair_start,257,EM,-30098.641,-0.0810873,-2.7e-06,5.04,1381.9
SEXGAP_D1_Z0_1_repair_start,258,EM,-30098.721,-0.0804846,-2.7e-06,2.58,1384.5
SEXGAP_D1_Z0_1_repair_start,259,EM,-30098.801,-0.0798914,-2.7e-06,1.57,1386.1
SEXGAP_D1_Z0_1_repair_start,260,EM,-30098.88,-0.0792561,-2.6e-06,5.33,1391.4
SEXGAP_D1_Z0_1_repair_start,261,EM,-30098.959,-0.0786481,-2.6e-06,5.46,1396.8
SEXGAP_D1_Z0_1_repair_start,262,EM,-30099.037,-0.078012,-2.6e-06,5.39,1402.2
SEXGAP_D1_Z0_1_repair_start,263,EM,-30099.114,-0.0773642,-2.6e-06,5.21,1407.5
SEXGAP_D1_Z0_1_repair_start,264,EM,-30099.191,-0.0767003,-2.5e-06,4.82,1412.3
SEXGAP_D1_Z0_1_repair_start,265,EM,-30099.267,-0.0760531,-2.5e-06,5.45,1417.7
SEXGAP_D1_Z0_1_repair_start,266,EM,-30099.342,-0.0753711,-2.5e-06,5.85,1423.6
SEXGAP_D1_Z0_1_repair_start,267,EM,-30099.417,-0.0746705,-2.5e-06,4.62,1428.2
SEXGAP_D1_Z0_1_repair_start,268,EM,-30099.491,-0.0739527,-2.5e-06,47.9,1476.1
SEXGAP_D1_Z0_1_repair_start,269,EM,-30099.564,-0.0732128,-2.4e-06,1.52,1477.6
SEXGAP_D1_Z0_1_repair_start,270,EM,-30099.637,-0.0724563,-2.4e-06,5.85,1483.5
SEXGAP_D1_Z0_1_repair_start,271,EM,-30099.708,-0.0716856,-2.4e-06,4.78,1488.2
SEXGAP_D1_Z0_1_repair_start,272,EM,-30099.779,-0.0708923,-2.4e-06,5.42,1493.7
SEXGAP_D1_Z0_1_repair_start,273,EM,-30099.849,-0.0700694,-2.3e-06,3.21,1496.9
SEXGAP_D1_Z0_1_repair_start,274,EM,-30099.919,-0.0692099,-2.3e-06,4.85,1501.7
SEXGAP_D1_Z0_1_repair_start,275,EM,-30099.987,-0.0683386,-2.3e-06,4.86,1506.6
SEXGAP_D1_Z0_1_repair_start,276,EM,-30100.054,-0.0674301,-2.2e-06,4.82,1511.4
SEXGAP_D1_Z0_1_repair_start,277,EM,-30100.121,-0.0664868,-2.2e-06,3.26,1514.6
SEXGAP_D1_Z0_1_repair_start,278,QN,-30100.121,0.0,0.0,7.11,1521.8
SEXGAP_D1_Z0_1_repair_start,279,EM,-30100.186,-0.0655134,-2.2e-06,4.87,1526.6
SEXGAP_D1_Z0_1_repair_start,280,EM,-30100.251,-0.0644917,-2.1e-06,4.44,1531.1
SEXGAP_D1_Z0_1_repair_start,281,EM,-30100.314,-0.0634305,-2.1e-06,3.14,1534.2
SEXGAP_D1_Z0_1_repair_start,282,EM,-30100.377,-0.0623124,-2.1e-06,5.27,1539.5
SEXGAP_D1_Z0_1_repair_start,283,EM,-30100.438,-0.0611419,-2e-06,3.66,1543.1
SEXGAP_D1_Z0_1_repair_start,284,EM,-30100.498,-0.0598946,-2e-06,1.08,1544.2
SEXGAP_D1_Z0_1_repair_start,285,EM,-30100.556,-0.0585645,-1.9e-06,1.21,1545.4
SEXGAP_D1_Z0_1_repair_start,286,EM,-30100.613,-0.057132,-1.9e-06,4.98,1550.4
SEXGAP_D1_Z0_1_repair_start,287,EM,-30100.669,-0.0555747,-1.8e-06,3.58,1554.0
SEXGAP_D1_Z0_1_repair_start,288,EM,-30100.723,-0.0538642,-1.8e-06,6.06,1560.1
SEXGAP_D1_Z0_1_repair_start,289,EM,-30100.775,-0.0519436,-1.7e-06,5.63,1565.7
SEXGAP_D1_Z0_1_repair_start,290,EM,-30100.824,-0.04977,-1.7e-06,7.36,1573.0
SEXGAP_D1_Z0_1_repair_start,291,EM,-30100.872,-0.047288,-1.6e-06,5.6,1578.6
SEXGAP_D1_Z0_1_repair_start,292,EM,-30100.916,-0.0443953,-1.5e-06,6.66,1585.3
SEXGAP_D1_Z0_1_repair_start,293,EM,-30100.957,-0.0410019,-1.4e-06,3.65,1588.9
SEXGAP_D1_Z0_1_repair_start,294,EM,-30100.994,-0.036991,-1.2e-06,4.6,1593.6
SEXGAP_D1_Z0_1_repair_start,295,EM,-30101.026,-0.0322067,-1.1e-06,2.88,1596.4
SEXGAP_D1_Z0_1_repair_start,296,EM,-30101.053,-0.0265097,-9e-07,1.51,1597.9
SEXGAP_D1_Z0_1_repair_start,297,EM,-30101.073,-0.0197888,-7e-07,1.08,1599.0
SEXGAP_D1_Z0_1_repair_start,298,EM,-30101.085,-0.0119869,-4e-07,2.69,1601.7
SEXGAP_D1_Z0_1_repair_start,299,EM,-30101.088,-0.003174,-1e-07,12.58,1614.3
SEXGAP_D1_Z0_1_repair_start,300,EM,-30101.081,0.006398,2e-07,5.59,1619.9
SEXGAP_D1_Z0_1_repair_start,301,EM,-30101.065,0.0163321,5e-07,5.63,1625.5
SEXGAP_D1_Z0_1_repair_start,302,EM,-30101.039,0.0261241,9e-07,5.78,1631.3
SEXGAP_D1_Z0_1_repair_start,303,EM,-30101.004,0.0354081,1.2e-06,5.99,1637.3
SEXGAP_D1_Z0_1_repair_start,304,EM,-30100.959,0.0440736,1.5e-06,3.37,1640.6
SEXGAP_D1_Z0_1_repair_start,305,EM,-30100.907,0.0524033,1.7e-06,5.06,1645.7
SEXGAP_D1_Z0_1_repair_start,306,EM,-30100.846,0.0608663,2e-06,2.88,1648.6
SEXGAP_D1_Z0_1_repair_start,307,EM,-30100.776,0.0700338,2.3e-06,1.44,1650.0
SEXGAP_D1_Z0_1_repair_start,308,EM,-30100.696,0.0803678,2.7e-06,8.44,1658.5
SEXGAP_D1_Z0_1_repair_start,309,EM,-30100.604,0.0921467,3.1e-06,8.09,1666.6
SEXGAP_D1_Z0_1_repair_start,310,EM,-30100.498,0.1055661,3.5e-06,3.95,1670.5
SEXGAP_D1_Z0_1_repair_start,311,EM,-30100.377,0.1207467,4e-06,8.2,1678.7
SEXGAP_D1_Z0_1_repair_start,312,EM,-30100.24,0.1377754,4.6e-06,7.73,1686.4
SEXGAP_D1_Z0_1_repair_start,313,EM,-30100.083,0.1568231,5.2e-06,7.62,1694.1
SEXGAP_D1_Z0_1_repair_start,314,EM,-30099.905,0.1781243,5.9e-06,6.96,1701.0
SEXGAP_D1_Z0_1_repair_start,315,EM,-30099.703,0.2020829,6.7e-06,6.95,1708.0
SEXGAP_D1_Z0_1_repair_start,316,EM,-30099.474,0.2288964,7.6e-06,7.34,1715.3
SEXGAP_D1_Z0_1_repair_start,317,EM,-30099.215,0.2584852,8.6e-06,8.62,1723.9
SEXGAP_D1_Z0_1_repair_start,318,EM,-30098.925,0.2901052,9.6e-06,8.63,1732.6
SEXGAP_D1_Z0_1_repair_start,319,EM,-30098.603,0.3217481,1.07e-05,6.18,1738.7
SEXGAP_D1_Z0_1_repair_start,320,EM,-30098.253,0.3502355,1.16e-05,7.49,1746.2
SEXGAP_D1_Z0_1_repair_start,321,EM,-30097.881,0.3716717,1.23e-05,7.61,1753.8
SEXGAP_D1_Z0_1_repair_start,322,EM,-30097.499,0.3828233,1.27e-05,52.9,1806.7
SEXGAP_D1_Z0_1_repair_start,323,EM,-30097.117,0.3820239,1.27e-05,10.83,1817.6
SEXGAP_D1_Z0_1_repair_start,324,EM,-30096.747,0.3692026,1.23e-05,7.25,1824.8
SEXGAP_D1_Z0_1_repair_start,325,EM,-30096.402,0.3451165,1.15e-05,6.68,1831.5
SEXGAP_D1_Z0_1_repair_start,326,EM,-30096.091,0.3108583,1.03e-05,5.93,1837.4
SEXGAP_D1_Z0_1_repair_start,327,EM,-30095.823,0.2681514,8.9e-06,6.41,1843.8
SEXGAP_D1_Z0_1_repair_start,328,EM,-30095.603,0.2198172,7.3e-06,5.71,1849.5
SEXGAP_D1_Z0_1_repair_start,329,EM,-30095.434,0.1696546,5.6e-06,5.45,1855.0
SEXGAP_D1_Z0_1_repair_start,330,EM,-30095.312,0.1216909,4e-06,6.07,1861.0
SEXGAP_D1_Z0_1_repair_start,331,EM,-30095.232,0.0799033,2.7e-06,4.43,1865.5
SEXGAP_D1_Z0_1_repair_start,332,EM,-30095.184,0.0485817,1.6e-06,4.23,1869.7
SEXGAP_D1_Z0_1_repair_start,333,EM,-30095.15,0.033762,1.1e-06,5.14,1874.8
SEXGAP_D1_Z0_1_repair_start,334,EM,-30095.105,0.0443839,1.5e-06,5.22,1880.1
SEXGAP_D1_Z0_1_repair_start,335,EM,-30095.018,0.0875956,2.9e-06,3.86,1883.9
SEXGAP_D1_Z0_1_repair_start,336,EM,-30094.871,0.1470572,4.9e-06,4.62,1888.5
SEXGAP_D1_Z0_1_repair_start,337,EM,-30094.701,0.1698596,5.6e-06,3.73,1892.3
SEXGAP_D1_Z0_1_repair_start,338,EM,-30094.575,0.1260355,4.2e-06,3.8,1896.1
SEXGAP_D1_Z0_1_repair_start,339,EM,-30094.526,0.0492709,1.6e-06,3.72,1899.8
SEXGAP_D1_Z0_1_repair_start,340,EM,-30094.55,-0.0240796,-8e-07,5.18,1905.0
SEXGAP_D1_Z0_1_repair_start,341,EM,-30094.634,-0.0842988,-2.8e-06,4.96,1909.9
SEXGAP_D1_Z0_1_repair_start,342,EM,-30094.767,-0.1327336,-4.4e-06,4.72,1914.7
SEXGAP_D1_Z0_1_repair_start,343,EM,-30094.938,-0.1713958,-5.7e-06,4.8,1919.4
SEXGAP_D1_Z0_1_repair_start,344,EM,-30095.14,-0.201896,-6.7e-06,5.15,1924.6
SEXGAP_D1_Z0_1_repair_start,345,EM,-30095.365,-0.225476,-7.5e-06,5.11,1929.7
SEXGAP_D1_Z0_1_repair_start,346,EM,-30095.609,-0.243212,-8.1e-06,6.48,1936.2
SEXGAP_D1_Z0_1_repair_start,347,EM,-30095.865,-0.2558504,-8.5e-06,5.63,1941.8
SEXGAP_D1_Z0_1_repair_start,348,EM,-30096.129,-0.2641138,-8.8e-06,5.53,1947.4
SEXGAP_D1_Z0_1_repair_start,349,EM,-30096.397,-0.2686966,-8.9e-06,6.1,1953.5
SEXGAP_D1_Z0_1_repair_start,350,EM,-30096.668,-0.2704271,-9e-06,5.87,1959.3
SEXGAP_D1_Z0_1_repair_start,351,EM,-30096.938,-0.2701733,-9e-06,7.18,1966.5
SEXGAP_D1_Z0_1_repair_start,352,EM,-30097.207,-0.2688274,-8.9e-06,6.74,1973.2
SEXGAP_D1_Z0_1_repair_start,353,EM,-30097.474,-0.2672239,-8.9e-06,6.69,1979.9
SEXGAP_D1_Z0_1_repair_start,354,EM,-30097.74,-0.265978,-8.8e-06,6.84,1986.8
SEXGAP_D1_Z0_1_repair_start,355,EM,-30098.005,-0.2653725,-8.8e-06,7.35,1994.1
SEXGAP_D1_Z0_1_repair_start,356,EM,-30098.271,-0.2654859,-8.8e-06,7.03,2001.2
SEXGAP_D1_Z0_1_repair_start,357,EM,-30098.537,-0.2662888,-8.8e-06,6.04,2007.2
SEXGAP_D1_Z0_1_repair_start,358,EM,-30098.805,-0.2678799,-8.9e-06,5.55,2012.7
SEXGAP_D1_Z0_1_repair_start,359,EM,-30099.076,-0.2709398,-9e-06,5.36,2018.1
SEXGAP_D1_Z0_1_repair_start,360,EM,-30099.353,-0.2769981,-9.2e-06,2.88,2021.0
SEXGAP_D1_Z0_1_repair_start,361,EM,-30099.642,-0.2891541,-9.6e-06,5.82,2026.8
SEXGAP_D1_Z0_1_repair_start,362,EM,-30099.954,-0.3121662,-1.04e-05,4.98,2031.8
SEXGAP_D1_Z0_1_repair_start,363,EM,-30100.304,-0.3499278,-1.16e-05,5.03,2036.8
SEXGAP_D1_Z0_1_repair_start,364,EM,-30100.706,-0.4018291,-1.33e-05,2.36,2039.2
SEXGAP_D1_Z0_1_repair_start,365,EM,-30101.168,-0.4620303,-1.53e-05,4.88,2044.0
SEXGAP_D1_Z0_1_repair_start,366,EM,-30101.691,-0.5228956,-1.74e-05,4.91,2049.0
SEXGAP_D1_Z0_1_repair_start,367,EM,-30102.269,-0.5778379,-1.92e-05,5.07,2054.0
SEXGAP_D1_Z0_1_repair_start,368,EM,-30102.892,-0.6229454,-2.07e-05,4.95,2059.0
SEXGAP_D1_Z0_1_repair_start,369,EM,-30103.55,-0.658095,-2.19e-05,4.59,2063.6
SEXGAP_D1_Z0_1_repair_start,370,EM,-30104.234,-0.684312,-2.27e-05,3.94,2067.5
SEXGAP_D1_Z0_1_repair_start,371,EM,-30104.933,-0.699244,-2.32e-05,3.96,2071.5
SEXGAP_D1_Z0_1_repair_start,372,EM,-30105.63,-0.6966269,-2.31e-05,4.54,2076.0
SEXGAP_D1_Z0_1_repair_start,373,EM,-30106.3,-0.6702058,-2.23e-05,4.75,2080.8
SEXGAP_D1_Z0_1_repair_start,374,EM,-30106.921,-0.6212825,-2.06e-05,5.44,2086.2
SEXGAP_D1_Z0_1_repair_start,375,EM,-30107.498,-0.576868,-1.92e-05,36.64,2122.8
SEXGAP_D1_Z0_1_repair_start,376,EM,-30108.065,-0.5666839,-1.88e-05,5.8,2128.6
SEXGAP_D1_Z0_1_repair_start,377,EM,-30108.639,-0.5735151,-1.9e-05,6.18,2134.8
SEXGAP_D1_Z0_1_repair_start,378,EM,-30109.212,-0.5731899,-1.9e-05,5.21,2140.0
SEXGAP_D1_Z0_1_repair_start,379,EM,-30109.772,-0.5605035,-1.86e-05,7.45,2147.5
SEXGAP_D1_Z0_1_repair_start,380,EM,-30110.302,-0.5298731,-1.76e-05,7.57,2155.0
SEXGAP_D1_Z0_1_repair_start,381,EM,-30110.756,-0.4542166,-1.51e-05,6.86,2161.9
SEXGAP_D1_Z0_1_repair_start,382,EM,-30111.011,-0.2551659,-8.5e-06,6.38,2168.3
SEXGAP_D1_Z0_1_repair_start,383,EM,-30110.894,0.1176784,3.9e-06,4.83,2173.1
SEXGAP_D1_Z0_1_repair_start,384,EM,-30110.534,0.3596056,1.19e-05,4.62,2177.7
SEXGAP_D1_Z0_1_repair_start,385,EM,-30110.237,0.2976801,9.9e-06,5.11,2182.9
SEXGAP_D1_Z0_1_repair_start,386,EM,-30110.096,0.1404002,4.7e-06,5.55,2188.4
SEXGAP_D1_Z0_1_repair_start,387,EM,-30110.09,0.0056553,2e-07,3.89,2192.3
SEXGAP_D1_Z0_1_repair_start,388,EM,-30110.171,-0.0808895,-2.7e-06,3.73,2196.0
SEXGAP_D1_Z0_1_repair_start,389,EM,-30110.304,-0.1328381,-4.4e-06,3.63,2199.6
SEXGAP_D1_Z0_1_repair_start,390,EM,-30110.466,-0.1615946,-5.4e-06,5.8,2205.4
SEXGAP_D1_Z0_1_repair_start,391,EM,-30110.636,-0.17052,-5.7e-06,3.88,2209.3
SEXGAP_D1_Z0_1_repair_start,392,EM,-30110.794,-0.1577744,-5.2e-06,3.82,2213.1
SEXGAP_D1_Z0_1_repair_start,393,EM,-30110.912,-0.1176726,-3.9e-06,3.58,2216.7
SEXGAP_D1_Z0_1_repair_start,394,EM,-30110.953,-0.0413973,-1.4e-06,3.69,2220.4
SEXGAP_D1_Z0_1_repair_start,395,EM,-30110.876,0.0773925,2.6e-06,3.45,2223.9
SEXGAP_D1_Z0_1_repair_start,396,EM,-30110.651,0.2244019,7.5e-06,3.52,2227.4
SEXGAP_D1_Z0_1_repair_start,397,EM,-30110.305,0.3459251,1.15e-05,3.61,2231.0
SEXGAP_D1_Z0_1_repair_start,398,EM,-30109.923,0.382634,1.27e-05,3.67,2234.7
SEXGAP_D1_Z0_1_repair_start,399,EM,-30109.582,0.3404012,1.13e-05,3.6,2238.3
SEXGAP_D1_Z0_1_repair_start,400,EM,-30109.319,0.2630605,8.7e-06,3.68,2241.9
SEXGAP_D1_Z0_1_repair_start,401,EM,-30109.188,0.1316278,4.4e-06,3.93,2245.9
SEXGAP_D1_Z0_1_repair_start,402,EM,-30109.217,-0.0295259,-1e-06,3.46,2249.3
SEXGAP_D1_Z0_1_repair_start,403,EM,-30109.358,-0.1408122,-4.7e-06,4.5,2253.8
SEXGAP_D1_Z0_1_repair_start,404,EM,-30109.554,-0.1955703,-6.5e-06,3.39,2257.2
SEXGAP_D1_Z0_1_repair_start,405,EM,-30109.764,-0.2103882,-7e-06,4.9,2262.1
SEXGAP_D1_Z0_1_repair_start,406,EM,-30109.973,-0.2093117,-7e-06,4.28,2266.4
SEXGAP_D1_Z0_1_repair_start,407,EM,-30110.198,-0.2248111,-7.5e-06,3.53,2269.9
SEXGAP_D1_Z0_1_repair_start,408,EM,-30110.474,-0.2763054,-9.2e-06,3.88,2273.8
SEXGAP_D1_Z0_1_repair_start,409,EM,-30110.823,-0.3482876,-1.16e-05,4.12,2277.9
SEXGAP_D1_Z0_1_repair_start,410,EM,-30111.235,-0.412009,-1.37e-05,3.89,2281.8
SEXGAP_D1_Z0_1_repair_start,411,EM,-30111.691,-0.4558486,-1.51e-05,3.98,2285.8
SEXGAP_D1_Z0_1_repair_start,412,EM,-30112.175,-0.4840466,-1.61e-05,4.36,2290.2
SEXGAP_D1_Z0_1_repair_start,413,EM,-30112.678,-0.5035825,-1.67e-05,4.65,2294.8
SEXGAP_D1_Z0_1_repair_start,414,EM,-30113.197,-0.5192187,-1.72e-05,5.66,2300.5
SEXGAP_D1_Z0_1_repair_start,415,EM,-30113.731,-0.5332763,-1.77e-05,5.9,2306.4
SEXGAP_D1_Z0_1_repair_start,416,EM,-30114.278,-0.5468931,-1.82e-05,6.57,2312.9
SEXGAP_D1_Z0_1_repair_start,417,EM,-30114.838,-0.5603,-1.86e-05,6.99,2319.9
SEXGAP_D1_Z0_1_repair_start,418,EM,-30115.411,-0.57344,-1.9e-05,6.66,2326.6
SEXGAP_D1_Z0_1_repair_start,419,EM,-30115.997,-0.5859582,-1.95e-05,5.3,2331.9
SEXGAP_D1_Z0_1_repair_start,420,EM,-30116.595,-0.597358,-1.98e-05,5.24,2337.1
SEXGAP_D1_Z0_1_repair_start,421,EM,-30117.202,-0.6073246,-2.02e-05,5.53,2342.7
SEXGAP_D1_Z0_1_repair_start,422,EM,-30117.817,-0.6154801,-2.04e-05,5.04,2347.7
SEXGAP_D1_Z0_1_repair_start,423,EM,-30118.439,-0.6213666,-2.06e-05,5.39,2353.1
SEXGAP_D1_Z0_1_repair_start,424,EM,-30119.064,-0.6247205,-2.07e-05,5.15,2358.2
SEXGAP_D1_Z0_1_repair_start,425,EM,-30119.689,-0.6249778,-2.08e-05,4.49,2362.7
SEXGAP_D1_Z0_1_repair_start,426,EM,-30120.31,-0.621647,-2.06e-05,4.42,2367.1
SEXGAP_D1_Z0_1_repair_start,427,EM,-30120.924,-0.613811,-2.04e-05,4.38,2371.5
SEXGAP_D1_Z0_1_repair_start,428,EM,-30121.524,-0.5995878,-1.99e-05,4.89,2376.4
SEXGAP_D1_Z0_1_repair_start,429,EM,-30122.099,-0.5749338,-1.91e-05,4.26,2380.7
SEXGAP_D1_Z0_1_repair_start,430,EM,-30122.629,-0.5307521,-1.76e-05,5.32,2386.0
SEXGAP_D1_Z0_1_repair_start,431,EM,-30123.077,-0.447912,-1.49e-05,3.91,2389.9
SEXGAP_D1_Z0_1_repair_start,432,EM,-30123.384,-0.3069207,-1.02e-05,4.73,2394.6
SEXGAP_D1_Z0_1_repair_start,433,EM,-30123.554,-0.1701319,-5.6e-06,30.73,2425.4
SEXGAP_D1_Z0_1_repair_start,434,EM,-30123.731,-0.1763579,-5.9e-06,3.2,2428.6
SEXGAP_D1_Z0_1_repair_start,435,EM,-30123.975,-0.2445026,-8.1e-06,3.38,2431.9
SEXGAP_D1_Z0_1_repair_start,436,EM,-30124.247,-0.2721391,-9e-06,4.86,2436.8
SEXGAP_D1_Z0_1_repair_start,437,EM,-30124.528,-0.280646,-9.3e-06,4.4,2441.2
SEXGAP_D1_Z0_1_repair_start,438,EM,-30124.82,-0.2926135,-9.7e-06,3.83,2445.0
SEXGAP_D1_Z0_1_repair_start,439,EM,-30125.133,-0.3127605,-1.04e-05,3.53,2448.6
SEXGAP_D1_Z0_1_repair_start,440,EM,-30125.471,-0.3381868,-1.12e-05,3.35,2451.9
SEXGAP_D1_Z0_1_repair_start,441,EM,-30125.836,-0.3649406,-1.21e-05,3.71,2455.6
SEXGAP_D1_Z0_1_repair_start,442,EM,-30126.225,-0.3888023,-1.29e-05,3.64,2459.3
SEXGAP_D1_Z0_1_repair_start,443,EM,-30126.632,-0.4066182,-1.35e-05,3.87,2463.1
SEXGAP_D1_Z0_1_repair_start,444,EM,-30127.048,-0.4159387,-1.38e-05,5.28,2468.4
SEXGAP_D1_Z0_1_repair_start,445,EM,-30127.464,-0.4161697,-1.38e-05,5.62,2474.0
SEXGAP_D1_Z0_1_repair_start,446,EM,-30127.873,-0.4087681,-1.36e-05,5.48,2479.5
SEXGAP_D1_Z0_1_repair_start,447,EM,-30128.268,-0.3958143,-1.31e-05,4.1,2483.6
SEXGAP_D1_Z0_1_repair_start,448,EM,-30128.647,-0.3788817,-1.26e-05,4.05,2487.7
SEXGAP_D1_Z0_1_repair_start,449,EM,-30129.008,-0.3604116,-1.2e-05,4.6,2492.3
SEXGAP_D1_Z0_1_repair_start,450,EM,-30129.353,-0.3447829,-1.14e-05,4.91,2497.2
SEXGAP_D1_Z0_1_repair_start,451,EM,-30129.688,-0.3353589,-1.11e-05,4.65,2501.8
SEXGAP_D1_Z0_1_repair_start,452,EM,-30130.016,-0.328229,-1.09e-05,6.19,2508.0
SEXGAP_D1_Z0_1_repair_start,453,EM,-30130.329,-0.313181,-1.04e-05,5.37,2513.4
SEXGAP_D1_Z0_1_repair_start,454,EM,-30130.606,-0.2768973,-9.2e-06,5.62,2519.0
SEXGAP_D1_Z0_1_repair_start,455,QN,-30091.743,38.8633694,0.0012898,40.07,2559.1
SEXGAP_D1_Z0_1_repair_start,456,EM,-30086.757,4.9856895,0.0001657,3.76,2562.8
SEXGAP_D1_Z0_1_repair_start,457,EM,-30086.013,0.7442253,2.47e-05,1.3,2564.1
SEXGAP_D1_Z0_1_repair_start,458,EM,-30085.387,0.6258654,2.08e-05,0.83,2565.0
SEXGAP_D1_Z0_1_repair_start,459,EM,-30084.823,0.5640461,1.87e-05,0.66,2565.6
SEXGAP_D1_Z0_1_repair_start,460,EM,-30084.307,0.5160022,1.72e-05,0.52,2566.1
SEXGAP_D1_Z0_1_repair_start,461,EM,-30083.831,0.4762158,1.58e-05,0.46,2566.6
SEXGAP_D1_Z0_1_repair_start,462,EM,-30083.389,0.4421082,1.47e-05,0.46,2567.1
SEXGAP_D1_Z0_1_repair_start,463,EM,-30082.977,0.412111,1.37e-05,0.43,2567.5
SEXGAP_D1_Z0_1_repair_start,464,EM,-30082.591,0.3852134,1.28e-05,0.49,2568.0
SEXGAP_D1_Z0_1_repair_start,465,EM,-30082.231,0.3607484,1.2e-05,0.45,2568.4
SEXGAP_D1_Z0_1_repair_start,466,EM,-30081.892,0.3382677,1.12e-05,0.48,2568.9
SEXGAP_D1_Z0_1_repair_start,467,EM,-30081.575,0.317464,1.06e-05,0.43,2569.4
SEXGAP_D1_Z0_1_repair_start,468,EM,-30081.277,0.2981181,9.9e-06,0.48,2569.8
SEXGAP_D1_Z0_1_repair_start,469,EM,-30080.997,0.2800721,9.3e-06,0.44,2570.3
SEXGAP_D1_Z0_1_repair_start,470,EM,-30080.734,0.2632019,8.7e-06,0.42,2570.7
SEXGAP_D1_Z0_1_repair_start,471,EM,-30080.486,0.2474113,8.2e-06,0.45,2571.1
SEXGAP_D1_Z0_1_repair_start,472,EM,-30080.253,0.2326201,7.7e-06,0.46,2571.6
SEXGAP_D1_Z0_1_repair_start,473,EM,-30080.035,0.2187594,7.3e-06,0.45,2572.1
SEXGAP_D1_Z0_1_repair_start,474,EM,-30079.829,0.2057704,6.8e-06,0.45,2572.5
SEXGAP_D1_Z0_1_repair_start,475,EM,-30079.635,0.1935961,6.4e-06,0.51,2573.0
SEXGAP_D1_Z0_1_repair_start,476,EM,-30079.453,0.1821875,6.1e-06,0.49,2573.5
SEXGAP_D1_Z0_1_repair_start,477,EM,-30079.282,0.1714982,5.7e-06,0.41,2573.9
SEXGAP_D1_Z0_1_repair_start,478,EM,-30079.12,0.1614843,5.4e-06,0.39,2574.3
SEXGAP_D1_Z0_1_repair_start,479,EM,-30078.968,0.1521058,5.1e-06,0.46,2574.8
SEXGAP_D1_Z0_1_repair_start,480,EM,-30078.825,0.1433237,4.8e-06,0.44,2575.2
SEXGAP_D1_Z0_1_repair_start,481,EM,-30078.69,0.1351024,4.5e-06,0.41,2575.6
SEXGAP_D1_Z0_1_repair_start,482,EM,-30078.562,0.127407,4.2e-06,0.44,2576.1
SEXGAP_D1_Z0_1_repair_start,483,EM,-30078.442,0.1202059,4e-06,0.4,2576.5
SEXGAP_D1_Z0_1_repair_start,484,EM,-30078.329,0.1134681,3.8e-06,0.46,2576.9
SEXGAP_D1_Z0_1_repair_start,485,EM,-30078.221,0.1071651,3.6e-06,0.39,2577.3
SEXGAP_D1_Z0_1_repair_start,486,EM,-30078.12,0.1012697,3.4e-06,0.44,2577.8
SEXGAP_D1_Z0_1_repair_start,487,EM,-30078.024,0.0957563,3.2e-06,52.86,2630.6
SEXGAP_D1_Z0_1_repair_start,488,EM,-30077.934,0.0906006,3e-06,0.4,2631.0
SEXGAP_D1_Z0_1_repair_start,489,EM,-30077.848,0.0857802,2.9e-06,0.36,2631.4
SEXGAP_D1_Z0_1_repair_start,490,EM,-30077.767,0.0812735,2.7e-06,0.38,2631.8
SEXGAP_D1_Z0_1_repair_start,491,EM,-30077.69,0.0770603,2.6e-06,0.36,2632.1
SEXGAP_D1_Z0_1_repair_start,492,EM,-30077.617,0.0731222,2.4e-06,0.38,2632.5
SEXGAP_D1_Z0_1_repair_start,493,EM,-30077.547,0.0694409,2.3e-06,0.48,2633.0
SEXGAP_D1_Z0_1_repair_start,494,EM,-30077.481,0.0660001,2.2e-06,0.4,2633.4
SEXGAP_D1_Z0_1_repair_start,495,EM,-30077.418,0.062784,2.1e-06,0.39,2633.8
SEXGAP_D1_Z0_1_repair_start,496,EM,-30077.359,0.0597779,2e-06,0.39,2634.2
SEXGAP_D1_Z0_1_repair_start,497,EM,-30077.302,0.0569684,1.9e-06,0.38,2634.5
SEXGAP_D1_Z0_1_repair_start,498,EM,-30077.247,0.0543424,1.8e-06,0.43,2635.0
SEXGAP_D1_Z0_1_repair_start,499,EM,-30077.195,0.0518878,1.7e-06,0.42,2635.4
SEXGAP_D1_Z0_1_repair_start,500,EM,-30077.146,0.0495935,1.6e-06,0.5,2635.9
SEXGAP_D1_Z0_1_repair_start,501,EM,-30077.098,0.0474487,1.6e-06,0.41,2636.3
SEXGAP_D1_Z0_1_repair_start,502,EM,-30077.053,0.0454438,1.5e-06,0.41,2636.7
SEXGAP_D1_Z0_1_repair_start,503,EM,-30077.009,0.0435695,1.4e-06,0.4,2637.1
SEXGAP_D1_Z0_1_repair_start,504,EM,-30076.967,0.0418172,1.4e-06,0.4,2637.5
SEXGAP_D1_Z0_1_repair_start,505,EM,-30076.927,0.0401787,1.3e-06,0.42,2637.9
SEXGAP_D1_Z0_1_repair_start,506,EM,-30076.889,0.0386466,1.3e-06,0.37,2638.3
SEXGAP_D1_Z0_1_repair_start,507,EM,-30076.851,0.0372137,1.2e-06,0.41,2638.7
SEXGAP_D1_Z0_1_repair_start,508,EM,-30076.816,0.0358736,1.2e-06,0.45,2639.2
SEXGAP_D1_Z0_1_repair_start,509,EM,-30076.781,0.0346201,1.2e-06,0.43,2639.6
SEXGAP_D1_Z0_1_repair_start,510,EM,-30076.747,0.0334476,1.1e-06,0.45,2640.0
SEXGAP_D1_Z0_1_repair_start,511,EM,-30076.715,0.0323506,1.1e-06,0.42,2640.5
SEXGAP_D1_Z0_1_repair_start,512,EM,-30076.684,0.0313242,1e-06,0.46,2640.9
SEXGAP_D1_Z0_1_repair_start,513,EM,-30076.653,0.0303636,1e-06,0.41,2641.3
SEXGAP_D1_Z0_1_repair_start,514,EM,-30076.624,0.0294647,1e-06,0.43,2641.8
SEXGAP_D1_Z0_1_repair_start,515,EM,-30076.595,0.0286233,1e-06,0.45,2642.2
SEXGAP_D1_Z0_1_repair_start,516,EM,-30076.568,0.0278357,9e-07,0.39,2642.6
SEXGAP_D1_Z0_1_repair_start,517,EM,-30076.54,0.0270983,9e-07,0.4,2643.0
SEXGAP_D1_Z0_1_repair_start,518,EM,-30076.514,0.026408,9e-07,0.38,2643.4
SEXGAP_D1_Z0_1_repair_start,519,EM,-30076.488,0.0257616,9e-07,0.43,2643.8
SEXGAP_D1_Z0_1_repair_start,520,EM,-30076.463,0.0251562,8e-07,0.4,2644.2
SEXGAP_D1_Z0_1_repair_start,521,EM,-30076.439,0.0245894,8e-07,0.39,2644.6
SEXGAP_D1_Z0_1_repair_start,522,EM,-30076.414,0.0240586,8e-07,0.47,2645.1
SEXGAP_D1_Z0_1_repair_start,523,EM,-30076.391,0.0235614,8e-07,0.4,2645.5
SEXGAP_D1_Z0_1_repair_start,524,EM,-30076.368,0.0230959,8e-07,0.43,2645.9
SEXGAP_D1_Z0_1_repair_start,525,EM,-30076.345,0.02266,8e-07,0.41,2646.3
SEXGAP_D1_Z0_1_repair_start,526,EM,-30076.323,0.0222519,7e-07,0.41,2646.7
SEXGAP_D1_Z0_1_repair_start,527,EM,-30076.301,0.0218698,7e-07,0.41,2647.1
SEXGAP_D1_Z0_1_repair_start,528,EM,-30076.279,0.0215122,7e-07,0.4,2647.5
SEXGAP_D1_Z0_1_repair_start,529,EM,-30076.258,0.0211778,7e-07,0.43,2647.9
SEXGAP_D1_Z0_1_repair_start,530,EM,-30076.237,0.0208649,7e-07,0.43,2648.4
SEXGAP_D1_Z0_1_repair_start,531,EM,-30076.217,0.0205725,7e-07,0.46,2648.8
SEXGAP_D1_Z0_1_repair_start,532,EM,-30076.197,0.0202994,7e-07,0.44,2649.3
SEXGAP_D1_Z0_1_repair_start,533,EM,-30076.177,0.0200445,7e-07,0.41,2649.7
SEXGAP_D1_Z0_1_repair_start,534,EM,-30076.157,0.0198068,7e-07,0.43,2650.1
SEXGAP_D1_Z0_1_repair_start,535,EM,-30076.137,0.0195854,7e-07,0.41,2650.5
SEXGAP_D1_Z0_1_repair_start,536,EM,-30076.118,0.0193795,6e-07,0.46,2651.0
SEXGAP_D1_Z0_1_repair_start,537,EM,-30076.099,0.0191884,6e-07,0.51,2651.5
SEXGAP_D1_Z0_1_repair_start,538,EM,-30076.08,0.0190113,6e-07,68.33,2719.8
SEXGAP_D1_Z0_1_repair_start,539,EM,-30076.061,0.0188477,6e-07,0.52,2720.3
SEXGAP_D1_Z0_1_repair_start,540,EM,-30076.042,0.0186969,6e-07,0.51,2720.9
SEXGAP_D1_Z0_1_repair_start,541,EM,-30076.023,0.0185587,6e-07,0.49,2721.3
SEXGAP_D1_Z0_1_repair_start,542,EM,-30076.005,0.0184323,6e-07,0.43,2721.8
SEXGAP_D1_Z0_1_repair_start,543,EM,-30075.987,0.0183175,6e-07,0.47,2722.2
SEXGAP_D1_Z0_1_repair_start,544,EM,-30075.968,0.018214,6e-07,0.45,2722.7
SEXGAP_D1_Z0_1_repair_start,545,EM,-30075.95,0.0181214,6e-07,0.5,2723.2
SEXGAP_D1_Z0_1_repair_start,546,EM,-30075.932,0.0180396,6e-07,0.46,2723.7
SEXGAP_D1_Z0_1_repair_start,547,EM,-30075.914,0.0179684,6e-07,0.48,2724.1
SEXGAP_D1_Z0_1_repair_start,548,EM,-30075.896,0.0179075,6e-07,0.45,2724.6
SEXGAP_D1_Z0_1_repair_start,549,EM,-30075.879,0.017857,6e-07,0.5,2725.1
SEXGAP_D1_Z0_1_repair_start,550,EM,-30075.861,0.017817,6e-07,0.59,2725.7
SEXGAP_D1_Z0_1_repair_start,551,EM,-30075.843,0.0177872,6e-07,0.45,2726.1
SEXGAP_D1_Z0_1_repair_start,552,EM,-30075.825,0.0177678,6e-07,0.45,2726.6
SEXGAP_D1_Z0_1_repair_start,553,EM,-30075.807,0.017759,6e-07,0.44,2727.0
SEXGAP_D1_Z0_1_repair_start,554,EM,-30075.79,0.0177609,6e-07,0.43,2727.4
SEXGAP_D1_Z0_1_repair_start,555,EM,-30075.772,0.0177737,6e-07,0.39,2727.8
SEXGAP_D1_Z0_1_repair_start,556,EM,-30075.754,0.0177976,6e-07,0.47,2728.3
SEXGAP_D1_Z0_1_repair_start,557,EM,-30075.736,0.0178331,6e-07,0.43,2728.7
SEXGAP_D1_Z0_1_repair_start,558,EM,-30075.718,0.0178804,6e-07,0.48,2729.2
SEXGAP_D1_Z0_1_repair_start,559,EM,-30075.7,0.0179401,6e-07,0.43,2729.6
SEXGAP_D1_Z0_1_repair_start,560,EM,-30075.682,0.0180125,6e-07,0.43,2730.1
SEXGAP_D1_Z0_1_repair_start,561,EM,-30075.664,0.0180985,6e-07,0.45,2730.5
SEXGAP_D1_Z0_1_repair_start,562,EM,-30075.646,0.0181984,6e-07,0.41,2730.9
SEXGAP_D1_Z0_1_repair_start,563,EM,-30075.628,0.0183131,6e-07,0.45,2731.4
SEXGAP_D1_Z0_1_repair_start,564,EM,-30075.609,0.0184434,6e-07,0.43,2731.8
SEXGAP_D1_Z0_1_repair_start,565,EM,-30075.591,0.0185899,6e-07,0.44,2732.3
SEXGAP_D1_Z0_1_repair_start,566,EM,-30075.572,0.018754,6e-07,0.39,2732.6
SEXGAP_D1_Z0_1_repair_start,567,EM,-30075.553,0.0189365,6e-07,0.41,2733.0
SEXGAP_D1_Z0_1_repair_start,568,EM,-30075.534,0.0191388,6e-07,0.43,2733.5
SEXGAP_D1_Z0_1_repair_start,569,EM,-30075.515,0.019362,6e-07,0.41,2733.9
SEXGAP_D1_Z0_1_repair_start,570,EM,-30075.495,0.0196075,7e-07,0.45,2734.3
SEXGAP_D1_Z0_1_repair_start,571,EM,-30075.475,0.0198771,7e-07,0.42,2734.8
SEXGAP_D1_Z0_1_repair_start,572,EM,-30075.455,0.0201724,7e-07,0.44,2735.2
SEXGAP_D1_Z0_1_repair_start,573,EM,-30075.434,0.0204952,7e-07,0.43,2735.6
SEXGAP_D1_Z0_1_repair_start,574,EM,-30075.414,0.0208478,7e-07,0.4,2736.0
SEXGAP_D1_Z0_1_repair_start,575,EM,-30075.392,0.0212325,7e-07,0.44,2736.5
SEXGAP_D1_Z0_1_repair_start,576,EM,-30075.371,0.0216514,7e-07,0.46,2736.9
SEXGAP_D1_Z0_1_repair_start,577,EM,-30075.349,0.0221078,7e-07,0.44,2737.4
SEXGAP_D1_Z0_1_repair_start,578,EM,-30075.326,0.0226044,8e-07,0.44,2737.8
SEXGAP_D1_Z0_1_repair_start,579,EM,-30075.303,0.0231447,8e-07,0.43,2738.2
SEXGAP_D1_Z0_1_repair_start,580,EM,-30075.279,0.0237324,8e-07,0.46,2738.7
SEXGAP_D1_Z0_1_repair_start,581,EM,-30075.255,0.0243715,8e-07,0.47,2739.2
SEXGAP_D1_Z0_1_repair_start,582,EM,-30075.23,0.0250667,8e-07,0.42,2739.6
SEXGAP_D1_Z0_1_repair_start,583,EM,-30075.204,0.0258229,9e-07,0.38,2740.0
SEXGAP_D1_Z0_1_repair_start,584,EM,-30075.177,0.0266456,9e-07,0.42,2740.4
SEXGAP_D1_Z0_1_repair_start,585,EM,-30075.15,0.0275409,9e-07,0.48,2740.9
SEXGAP_D1_Z0_1_repair_start,586,EM,-30075.121,0.0285158,9e-07,0.44,2741.3
SEXGAP_D1_Z0_1_repair_start,587,EM,-30075.092,0.0295776,1e-06,0.39,2741.7
SEXGAP_D1_Z0_1_repair_start,588,EM,-30075.061,0.0307352,1e-06,0.45,2742.2
SEXGAP_D1_Z0_1_repair_start,589,EM,-30075.029,0.0319975,1.1e-06,51.52,2793.7
SEXGAP_D1_Z0_1_repair_start,590,EM,-30074.996,0.0333826,1.1e-06,2.26,2795.9
SEXGAP_D1_Z0_1_repair_start,591,EM,-30074.961,0.0348805,1.2e-06,0.9,2796.8
SEXGAP_D1_Z0_1_repair_start,592,EM,-30074.924,0.0365258,1.2e-06,0.49,2797.3
SEXGAP_D1_Z0_1_repair_start,593,EM,-30074.886,0.0383265,1.3e-06,0.57,2797.9
SEXGAP_D1_Z0_1_repair_start,594,EM,-30074.845,0.0402977,1.3e-06,0.45,2798.4
SEXGAP_D1_Z0_1_repair_start,595,EM,-30074.803,0.0424606,1.4e-06,0.52,2798.9
SEXGAP_D1_Z0_1_repair_start,596,EM,-30074.758,0.0448343,1.5e-06,0.45,2799.3
SEXGAP_D1_Z0_1_repair_start,597,EM,-30074.711,0.0474405,1.6e-06,0.36,2799.7
SEXGAP_D1_Z0_1_repair_start,598,EM,-30074.66,0.0503106,1.7e-06,0.52,2800.2
SEXGAP_D1_Z0_1_repair_start,599,EM,-30074.607,0.0534706,1.8e-06,0.47,2800.7
SEXGAP_D1_Z0_1_repair_start,600,EM,-30074.55,0.0569578,1.9e-06,0.51,2801.2
SEXGAP_D1_Z0_1_repair_start,601,EM,-30074.489,0.060811,2e-06,0.64,2801.8
SEXGAP_D1_Z0_1_repair_start,602,EM,-30074.424,0.0650714,2.2e-06,0.5,2802.3
SEXGAP_D1_Z0_1_repair_start,603,EM,-30074.354,0.0697901,2.3e-06,0.45,2802.8
SEXGAP_D1_Z0_1_repair_start,604,EM,-30074.279,0.075024,2.5e-06,0.58,2803.4
SEXGAP_D1_Z0_1_repair_start,605,EM,-30074.198,0.0808393,2.7e-06,0.86,2804.2
SEXGAP_D1_Z0_1_repair_start,606,EM,-30074.111,0.0873081,2.9e-06,0.61,2804.8
SEXGAP_D1_Z0_1_repair_start,607,EM,-30074.017,0.0945152,3.1e-06,0.61,2805.4
SEXGAP_D1_Z0_1_repair_start,608,EM,-30073.914,0.1025556,3.4e-06,0.52,2806.0
SEXGAP_D1_Z0_1_repair_start,609,QN,-30067.725,6.189389,0.0002058,21.21,2827.2
SEXGAP_D1_Z0_1_repair_start,610,EM,-30051.396,16.3288275,0.0005431,9.38,2836.6
SEXGAP_D1_Z0_1_repair_start,611,EM,-30046.471,4.9249797,0.0001639,45.02,2881.6
SEXGAP_D1_Z0_1_repair_start,612,EM,-30042.95,3.5208669,0.0001172,65.27,2946.8
SEXGAP_D1_Z0_1_repair_start,613,EM,-30040.16,2.7897278,9.29e-05,67.94,3014.8
SEXGAP_D1_Z0_1_repair_start,614,EM,-30037.896,2.2646876,7.54e-05,82.14,3096.9
SEXGAP_D1_Z0_1_repair_start,615,EM,-30036.033,1.86283,6.2e-05,62.2,3159.1
SEXGAP_D1_Z0_1_repair_start,616,EM,-30034.472,1.5607439,5.2e-05,77.39,3236.5
SEXGAP_D1_Z0_1_repair_start,617,EM,-30033.148,1.3241273,4.41e-05,67.8,3304.3
SEXGAP_D1_Z0_1_repair_start,618,EM,-30032.014,1.1340912,3.78e-05,65.95,3370.3
SEXGAP_D1_Z0_1_repair_start,619,EM,-30031.042,0.9717145,3.24e-05,71.02,3441.3
SEXGAP_D1_Z0_1_repair_start,620,EM,-30030.186,0.8557499,2.85e-05,60.95,3502.2
SEXGAP_D1_Z0_1_repair_start,621,EM,-30029.438,0.7480879,2.49e-05,68.49,3570.7
SEXGAP_D1_Z0_1_repair_start,622,EM,-30028.783,0.6551392,2.18e-05,59.73,3630.5
SEXGAP_D1_Z0_1_repair_start,623,QN,-30028.783,0.0,0.0,1.05,3631.5
SEXGAP_D1_Z0_1_repair_start,624,EM,-30028.196,0.5868381,1.95e-05,77.55,3709.1
SEXGAP_D1_Z0_1_repair_start,625,EM,-30027.676,0.5206648,1.73e-05,71.78,3780.8
SEXGAP_D1_Z0_1_repair_start,626,EM,-30027.214,0.4619584,1.54e-05,61.31,3842.1
SEXGAP_D1_Z0_1_repair_start,627,EM,-30026.801,0.4122254,1.37e-05,75.25,3917.4
SEXGAP_D1_Z0_1_repair_start,628,EM,-30026.432,0.3697332,1.23e-05,60.6,3978.0
SEXGAP_D1_Z0_1_repair_start,629,EM,-30026.099,0.3327749,1.11e-05,70.84,4048.8
SEXGAP_D1_Z0_1_repair_start,630,EM,-30025.798,0.3010971,1e-05,68.48,4117.3
SEXGAP_D1_Z0_1_repair_start,631,EM,-30025.525,0.2724006,9.1e-06,62.5,4179.8
SEXGAP_D1_Z0_1_repair_start,632,EM,-30025.28,0.2457916,8.2e-06,77.37,4257.2
SEXGAP_D1_Z0_1_repair_start,633,EM,-30025.058,0.2211987,7.4e-06,63.13,4320.3
SEXGAP_D1_Z0_1_repair_start,634,EM,-30024.858,0.2001785,6.7e-06,71.71,4392.0
SEXGAP_D1_Z0_1_repair_start,635,EM,-30024.678,0.1802934,6e-06,65.07,4457.1
SEXGAP_D1_Z0_1_repair_start,636,EM,-30024.516,0.1622227,5.4e-06,73.2,4530.3
SEXGAP_D1_Z0_1_repair_start,637,EM,-30024.37,0.1456496,4.9e-06,67.6,4597.9
SEXGAP_D1_Z0_1_repair_start,638,EM,-30024.24,0.1299601,4.3e-06,62.11,4660.0
SEXGAP_D1_Z0_1_repair_start,639,EM,-30024.124,0.1159348,3.9e-06,75.13,4735.1
SEXGAP_D1_Z0_1_repair_start,640,EM,-30024.022,0.1019726,3.4e-06,62.75,4797.9
SEXGAP_D1_Z0_1_repair_start,641,EM,-30023.933,0.089553,3e-06,72.16,4870.0
SEXGAP_D1_Z0_1_repair_start,642,EM,-30023.854,0.078233,2.6e-06,93.93,4964.0
SEXGAP_D1_Z0_1_repair_start,643,EM,-30023.786,0.0680232,2.3e-06,72.81,5036.8
SEXGAP_D1_Z0_1_repair_start,644,EM,-30023.728,0.0586372,2e-06,63.72,5100.5
SEXGAP_D1_Z0_1_repair_start,645,EM,-30023.678,0.0498111,1.7e-06,73.12,5173.6
SEXGAP_D1_Z0_1_repair_start,646,EM,-30023.636,0.0417846,1.4e-06,61.73,5235.3
SEXGAP_D1_Z0_1_repair_start,647,EM,-30023.601,0.0350099,1.2e-06,82.84,5318.2
SEXGAP_D1_Z0_1_repair_start,648,EM,-30023.572,0.0291648,1e-06,79.61,5397.8
SEXGAP_D1_Z0_1_repair_start,649,EM,-30023.548,0.0235217,8e-07,63.41,5461.2
SEXGAP_D1_Z0_1_repair_start,650,EM,-30023.528,0.0201632,7e-07,85.65,5546.8
SEXGAP_D1_Z0_1_repair_start,651,EM,-30023.512,0.0163325,5e-07,66.02,5612.9
SEXGAP_D1_Z0_1_repair_start,652,EM,-30023.497,0.0147976,5e-07,69.78,5682.6
SEXGAP_D1_Z0_1_repair_start,653,EM,-30023.484,0.0133619,4e-07,72.88,5755.5
SEXGAP_D1_Z0_1_repair_start,654,EM,-30023.469,0.0143669,5e-07,59.75,5815.3
SEXGAP_D1_Z0_1_repair_start,655,EM,-30023.457,0.0125596,4e-07,83.04,5898.3
SEXGAP_D1_Z0_1_repair_start,656,EM,-30023.437,0.0202773,7e-07,64.7,5963.0
SEXGAP_D1_Z0_1_repair_start,657,EM,-30023.42,0.0171053,6e-07,63.92,6026.9
SEXGAP_D1_Z0_1_repair_start,658,EM,-30023.399,0.0205975,7e-07,72.49,6099.4
SEXGAP_D1_Z0_1_repair_start,659,EM,-30023.375,0.0235411,8e-07,64.58,6164.0
SEXGAP_D1_Z0_1_repair_start,660,EM,-30023.342,0.0329356,1.1e-06,72.42,6236.4
SEXGAP_D1_Z0_1_repair_start,661,EM,-30023.308,0.0339775,1.1e-06,64.52,6300.9
SEXGAP_D1_Z0_1_repair_start,662,EM,-30023.278,0.0300894,1e-06,67.62,6368.6
SEXGAP_D1_Z0_1_repair_start,663,EM,-30023.24,0.0380909,1.3e-06,64.58,6433.2
SEXGAP_D1_Z0_1_repair_start,664,EM,-30023.196,0.0445685,1.5e-06,63.0,6496.2
SEXGAP_D1_Z0_1_repair_start,665,EM,-30023.156,0.0399587,1.3e-06,74.89,6571.1
SEXGAP_D1_Z0_1_repair_start,666,EM,-30023.107,0.0490814,1.6e-06,60.04,6631.1
SEXGAP_D1_Z0_1_repair_start,667,EM,-30023.058,0.0483114,1.6e-06,65.43,6696.5
SEXGAP_D1_Z0_1_repair_start,668,EM,-30023.007,0.0513608,1.7e-06,66.66,6763.2
SEXGAP_D1_Z0_1_repair_start,669,EM,-30022.961,0.0463515,1.5e-06,70.98,6834.2
SEXGAP_D1_Z0_1_repair_start,670,EM,-30022.907,0.0534534,1.8e-06,70.13,6904.3
SEXGAP_D1_Z0_1_repair_start,671,EM,-30022.854,0.0530846,1.8e-06,62.18,6966.5
SEXGAP_D1_Z0_1_repair_start,672,EM,-30022.804,0.0498877,1.7e-06,75.69,7042.2
SEXGAP_D1_Z0_1_repair_start,673,EM,-30022.75,0.053749,1.8e-06,63.25,7105.4
SEXGAP_D1_Z0_1_repair_start,674,EM,-30022.692,0.058682,2e-06,72.94,7178.3
SEXGAP_D1_Z0_1_repair_start,675,EM,-30022.636,0.0554826,1.8e-06,64.43,7242.8
SEXGAP_D1_Z0_1_repair_start,676,EM,-30022.583,0.0530106,1.8e-06,67.59,7310.4
SEXGAP_D1_Z0_1_repair_start,677,EM,-30022.527,0.0563019,1.9e-06,71.01,7381.4
SEXGAP_D1_Z0_1_repair_start,678,EM,-30022.469,0.0581115,1.9e-06,60.86,7442.2
SEXGAP_D1_Z0_1_repair_start,679,EM,-30022.413,0.0562533,1.9e-06,64.98,7507.2
SEXGAP_D1_Z0_1_repair_start,680,EM,-30022.355,0.0576497,1.9e-06,68.09,7575.3
SEXGAP_D1_Z0_1_repair_start,681,EM,-30022.3,0.0553199,1.8e-06,62.95,7638.3
SEXGAP_D1_Z0_1_repair_start,682,EM,-30022.243,0.0570501,1.9e-06,66.03,7704.3
SEXGAP_D1_Z0_1_repair_start,683,EM,-30022.187,0.0560116,1.9e-06,60.7,7765.0
SEXGAP_D1_Z0_1_repair_start,684,EM,-30022.128,0.0589812,2e-06,71.74,7836.7
SEXGAP_D1_Z0_1_repair_start,685,EM,-30022.071,0.0569359,1.9e-06,63.16,7899.9
SEXGAP_D1_Z0_1_repair_start,686,EM,-30022.013,0.0579782,1.9e-06,59.5,7959.4
SEXGAP_D1_Z0_1_repair_start,687,EM,-30021.951,0.0616069,2.1e-06,71.16,8030.5
SEXGAP_D1_Z0_1_repair_start,688,EM,-30021.89,0.0606179,2e-06,60.51,8091.1
SEXGAP_D1_Z0_1_repair_start,689,EM,-30021.826,0.0648739,2.2e-06,64.01,8155.1
SEXGAP_D1_Z0_1_repair_start,690,EM,-30021.764,0.061315,2e-06,65.11,8220.2
SEXGAP_D1_Z0_1_repair_start,691,EM,-30021.696,0.067908,2.3e-06,60.95,8281.1
SEXGAP_D1_Z0_1_repair_start,692,EM,-30021.634,0.0625384,2.1e-06,25.13,8306.3
SEXGAP_D1_Z0_1_repair_start,694,EM,-30111.252,5952.0978085,0.1650456,56.3,8400.4
SEXGAP_D1_Z0_1_repair_start,695,EM,-30105.389,5.8625323,0.0001947,62.12,8462.5
SEXGAP_D1_Z0_1_repair_start,696,EM,-30101.337,4.0525639,0.0001346,61.59,8524.1
SEXGAP_D1_Z0_1_repair_start,697,EM,-30097.822,3.5148597,0.0001168,64.48,8588.6
SEXGAP_D1_Z0_1_repair_start,698,EM,-30094.656,3.1661081,0.0001052,61.34,8649.9
SEXGAP_D1_Z0_1_repair_start,699,EM,-30091.762,2.8935423,9.61e-05,61.7,8711.6
SEXGAP_D1_Z0_1_repair_start,700,EM,-30089.052,2.710524,9.01e-05,62.13,8773.7
SEXGAP_D1_Z0_1_repair_start,701,EM,-30086.49,2.5620569,8.51e-05,59.17,8832.9
SEXGAP_D1_Z0_1_repair_start,702,EM,-30084.033,2.4564953,8.16e-05,67.12,8900.0
SEXGAP_D1_Z0_1_repair_start,703,EM,-30081.652,2.381406,7.92e-05,61.26,8961.3
SEXGAP_D1_Z0_1_repair_start,704,EM,-30079.318,2.3341593,7.76e-05,64.94,9026.2
SEXGAP_D1_Z0_1_repair_start,705,EM,-30076.97,2.3476283,7.8e-05,62.04,9088.3
SEXGAP_D1_Z0_1_repair_start,706,EM,-30074.561,2.4087612,8.01e-05,61.42,9149.7
SEXGAP_D1_Z0_1_repair_start,707,EM,-30072.04,2.5207638,8.38e-05,87.75,9237.4
SEXGAP_D1_Z0_1_repair_start,708,EM,-30069.36,2.6806676,8.91e-05,65.96,9303.4
SEXGAP_D1_Z0_1_repair_start,709,EM,-30066.494,2.8653898,9.53e-05,72.23,9375.6
SEXGAP_D1_Z0_1_repair_start,710,EM,-30063.451,3.0434812,0.0001012,45.08,9420.7
OLDEST_D1_Z0_1_base,1,EM,-45438.827,0.0,0.0,0.66,0.7
OLDEST_D1_Z0_1_base,2,EM,-42068.383,3370.4441195,0.0741754,25.42,26.1
OLDEST_D1_Z0_1_base,3,EM,-41960.84,107.5434896,0.0025564,13.9,40.0
OLDEST_D1_Z0_1_base,4,EM,-41911.969,48.870357,0.0011647,1.19,41.2
OLDEST_D1_Z0_1_base,5,EM,-41884.184,27.7858005,0.000663,0.94,42.1
OLDEST_D1_Z0_1_base,6,EM,-41866.935,17.2483429,0.0004118,1.0,43.1
OLDEST_D1_Z0_1_base,7,EM,-41855.329,11.6060009,0.0002772,0.96,44.1
OLDEST_D1_Z0_1_base,8,EM,-41846.839,8.4900031,0.0002028,0.96,45.0
OLDEST_D1_Z0_1_base,9,EM,-41840.146,6.6934809,0.00016,0.88,45.9
OLDEST_D1_Z0_1_base,10,EM,-41834.563,5.5832309,0.0001334,0.83,46.7
OLDEST_D1_Z0_1_base,11,EM,-41829.73,4.8329127,0.0001155,0.84,47.6
OLDEST_D1_Z0_1_base,12,EM,-41825.452,4.2774045,0.0001023,0.91,48.5
OLDEST_D1_Z0_1_base,13,EM,-41821.619,3.8335724,9.17e-05,0.89,49.4
OLDEST_D1_Z0_1_base,14,EM,-41818.159,3.4591839,8.27e-05,0.86,50.2
OLDEST_D1_Z0_1_base,15,EM,-41815.027,3.1322632,7.49e-05,0.81,51.0
OLDEST_D1_Z0_1_base,16,EM,-41812.186,2.841028,6.79e-05,0.86,51.9
OLDEST_D1_Z0_1_base,17,EM,-41809.607,2.5788741,6.17e-05,0.96,52.9
OLDEST_D1_Z0_1_base,18,EM,-41807.266,2.3418058,5.6e-05,1.01,53.9
OLDEST_D1_Z0_1_base,19,EM,-41805.138,2.1270702,5.09e-05,0.95,54.8
OLDEST_D1_Z0_1_base,20,EM,-41803.206,1.9326303,4.62e-05,0.96,55.8
OLDEST_D1_Z0_1_base,21,EM,-41801.449,1.756721,4.2e-05,0.92,56.7
OLDEST_D1_Z0_1_base,22,EM,-41799.851,1.5977434,3.82e-05,0.8,57.5
OLDEST_D1_Z0_1_base,23,EM,-41798.397,1.4542119,3.48e-05,0.69,58.2
OLDEST_D1_Z0_1_base,24,EM,-41797.072,1.3247127,3.17e-05,0.74,58.9
OLDEST_D1_Z0_1_base,25,EM,-41795.864,1.2079364,2.89e-05,0.64,59.6
OLDEST_D1_Z0_1_base,26,EM,-41794.762,1.1026522,2.64e-05,0.61,60.2
OLDEST_D1_Z0_1_base,27,EM,-41793.754,1.0077429,2.41e-05,0.69,60.9
OLDEST_D1_Z0_1_base,28,EM,-41792.832,0.9221517,2.21e-05,0.64,61.5
OLDEST_D1_Z0_1_base,29,EM,-41791.987,0.8449457,2.02e-05,0.69,62.2
OLDEST_D1_Z0_1_base,30,EM,-41791.212,0.7752726,1.86e-05,0.68,62.9
OLDEST_D1_Z0_1_base,31,EM,-41790.499,0.7123637,1.7e-05,0.6,63.5
OLDEST_D1_Z0_1_base,32,EM,-41789.844,0.655522,1.57e-05,0.63,64.1
OLDEST_D1_Z0_1_base,33,EM,-41789.24,0.6041372,1.45e-05,0.73,64.9
OLDEST_D1_Z0_1_base,34,EM,-41788.682,0.5576493,1.33e-05,0.77,65.6
OLDEST_D1_Z0_1_base,35,EM,-41788.166,0.5155621,1.23e-05,0.68,66.3
OLDEST_D1_Z0_1_base,36,EM,-41787.689,0.4774319,1.14e-05,126.96,193.3
OLDEST_D1_Z0_1_base,37,EM,-41787.246,0.4428652,1.06e-05,0.7,194.0
OLDEST_D1_Z0_1_base,38,EM,-41786.835,0.411501,9.8e-06,0.64,194.6
OLDEST_D1_Z0_1_base,39,EM,-41786.452,0.3830256,9.2e-06,0.77,195.4
OLDEST_D1_Z0_1_base,40,EM,-41786.095,0.3571554,8.5e-06,0.75,196.1
OLDEST_D1_Z0_1_base,41,EM,-41785.761,0.333634,8e-06,0.7,196.8
OLDEST_D1_Z0_1_base,42,EM,-41785.449,0.3122305,7.5e-06,0.62,197.4
OLDEST_D1_Z0_1_base,43,EM,-41785.156,0.2927514,7e-06,0.62,198.1
OLDEST_D1_Z0_1_base,44,EM,-41784.881,0.2750035,6.6e-06,0.72,198.8
OLDEST_D1_Z0_1_base,45,EM,-41784.622,0.2588198,6.2e-06,0.7,199.5
OLDEST_D1_Z0_1_base,46,EM,-41784.378,0.2440579,5.8e-06,0.66,200.1
OLDEST_D1_Z0_1_base,47,EM,-41784.147,0.2305855,5.5e-06,0.64,200.8
OLDEST_D1_Z0_1_base,48,EM,-41783.929,0.2182761,5.2e-06,0.62,201.4
OLDEST_D1_Z0_1_base,49,EM,-41783.722,0.2070216,5e-06,0.64,202.0
OLDEST_D1_Z0_1_base,50,EM,-41783.525,0.196726,4.7e-06,0.79,202.8
OLDEST_D1_Z0_1_base,51,EM,-41783.338,0.1873,4.5e-06,0.7,203.5
OLDEST_D1_Z0_1_base,52,EM,-41783.159,0.17866,4.3e-06,0.62,204.1
OLDEST_D1_Z0_1_base,53,EM,-41782.989,0.1707394,4.1e-06,0.6,204.7
OLDEST_D1_Z0_1_base,54,EM,-41782.825,0.1634681,3.9e-06,0.75,205.5
OLDEST_D1_Z0_1_base,55,EM,-41782.668,0.1567905,3.8e-06,0.69,206.2
OLDEST_D1_Z0_1_base,56,EM,-41782.518,0.1506452,3.6e-06,0.7,206.9
OLDEST_D1_Z0_1_base,57,EM,-41782.373,0.1449882,3.5e-06,0.62,207.5
OLDEST_D1_Z0_1_base,58,EM,-41782.233,0.1397721,3.3e-06,0.68,208.2
OLDEST_D1_Z0_1_base,59,EM,-41782.098,0.1349605,3.2e-06,0.73,208.9
OLDEST_D1_Z0_1_base,60,EM,-41781.968,0.1305111,3.1e-06,0.66,209.6
OLDEST_D1_Z0_1_base,61,QN,-41778.019,3.9486791,9.45e-05,2.71,212.3
OLDEST_D1_Z0_1_base,62,EM,-41776.841,1.1778044,2.82e-05,0.85,213.1
OLDEST_D1_Z0_1_base,63,EM,-41776.505,0.3364743,8.1e-06,0.79,213.9
OLDEST_D1_Z0_1_base,64,EM,-41776.275,0.2294726,5.5e-06,0.7,214.6
OLDEST_D1_Z0_1_base,65,EM,-41776.106,0.1689635,4e-06,0.77,215.4
OLDEST_D1_Z0_1_base,66,EM,-41775.975,0.1308368,3.1e-06,0.71,216.1
OLDEST_D1_Z0_1_base,67,EM,-41775.87,0.1049395,2.5e-06,0.64,216.7
OLDEST_D1_Z0_1_base,68,EM,-41775.784,0.0864072,2.1e-06,0.66,217.4
OLDEST_D1_Z0_1_base,69,EM,-41775.711,0.0726625,1.7e-06,0.68,218.1
OLDEST_D1_Z0_1_base,70,EM,-41775.649,0.0622063,1.5e-06,0.68,218.8
OLDEST_D1_Z0_1_base,71,EM,-41775.595,0.0540958,1.3e-06,0.68,219.4
OLDEST_D1_Z0_1_base,72,EM,-41775.547,0.0477025,1.1e-06,0.64,220.1
OLDEST_D1_Z0_1_base,73,EM,-41775.505,0.0425907,1e-06,0.64,220.7
OLDEST_D1_Z0_1_base,74,EM,-41775.466,0.0384501,9e-07,0.64,221.4
OLDEST_D1_Z0_1_base,75,EM,-41775.431,0.0350546,8e-07,0.66,222.0
OLDEST_D1_Z0_1_base,76,EM,-41775.399,0.0322382,8e-07,0.6,222.6
OLDEST_D1_Z0_1_base,77,QN,-41774.405,0.9940558,2.38e-05,5.52,228.1
OLDEST_D1_Z0_1_base,78,EM,-41774.167,0.2383704,5.7e-06,0.9,229.0
OLDEST_D1_Z0_1_base,79,EM,-41774.093,0.0734225,1.8e-06,0.8,229.9
OLDEST_D1_Z0_1_base,80,EM,-41774.048,0.045388,1.1e-06,0.75,230.6
OLDEST_D1_Z0_1_base,81,EM,-41774.016,0.0314599,8e-07,0.71,231.3
OLDEST_D1_Z0_1_base,82,EM,-41773.993,0.0234394,6e-07,0.71,232.0
OLDEST_D1_Z0_1_base,83,EM,-41773.974,0.0183911,4e-07,0.67,232.7
OLDEST_D1_Z0_1_base,84,EM,-41773.959,0.0150204,4e-07,0.74,233.4
OLDEST_D1_Z0_1_base,85,EM,-41773.947,0.01267,3e-07,0.66,234.1
OLDEST_D1_Z0_1_base,86,EM,-41773.936,0.0109704,3e-07,0.63,234.7
OLDEST_D1_Z0_1_base,87,EM,-41773.926,0.0097005,2e-07,0.63,235.4
OLDEST_D1_Z0_1_base,88,EM,-41773.917,0.008722,2e-07,0.64,236.0
OLDEST_D1_Z0_1_base,89,EM,-41773.909,0.007946,2e-07,0.78,236.8
OLDEST_D1_Z0_1_base,90,EM,-41773.902,0.0073142,2e-07,0.62,237.4
OLDEST_D1_Z0_1_base,91,FS,-41773.859,0.0434151,1e-06,125.96,363.4
OLDEST_D1_Z0_1_base,92,EM,-41773.751,0.1081553,2.6e-06,127.18,490.5
OLDEST_D1_Z0_1_base,93,EM,-41773.736,0.0148251,4e-07,0.84,491.4
OLDEST_D1_Z0_1_base,94,EM,-41773.728,0.0077408,2e-07,1.33,492.7
OLDEST_D1_Z0_1_base,95,EM,-41773.723,0.0052845,1e-07,4.45,497.2
OLDEST_D1_Z0_1_base,96,EM,-41773.719,0.0041692,1e-07,1.59,498.7
OLDEST_D1_Z0_1_base,97,EM,-41773.715,0.0035443,1e-07,0.91,499.7
OLDEST_D1_Z0_1_base,98,EM,-41773.712,0.0031433,1e-07,1.14,500.8
OLDEST_D1_Z0_1_base,99,QN,-41773.61,0.1022561,2.4e-06,7.65,508.4
OLDEST_D1_Z0_1_base,100,EM,-41773.587,0.0225807,5e-07,1.71,510.2
OLDEST_D1_Z0_1_base,101,EM,-41773.584,0.0032189,1e-07,0.87,511.0
OLDEST_D1_Z0_1_base,102,EM,-41773.581,0.0024202,1e-07,0.97,512.0
OLDEST_D1_Z0_1_base,103,EM,-41773.579,0.0019939,0.0,0.76,512.7
OLDEST_D1_Z0_1_base,104,EM,-41773.578,0.0017312,0.0,0.57,513.3
OLDEST_D1_Z0_1_base,105,EM,-41773.576,0.0015597,0.0,0.66,514.0
OLDEST_D1_Z0_1_base,106,EM,-41773.575,0.0014429,0.0,0.6,514.6
OLDEST_D1_Z0_1_base,107,EM,-41773.573,0.00136,0.0,0.62,515.2
OLDEST_D1_Z0_1_base,108,EM,-41773.572,0.0012989,0.0,0.6,515.8
OLDEST_D1_Z0_1_base,109,EM,-41773.571,0.0012525,0.0,0.58,516.4
OLDEST_D1_Z0_1_base,110,EM,-41773.57,0.0012161,0.0,0.6,517.0
OLDEST_D1_Z0_1_base,111,EM,-41773.568,0.0011871,0.0,0.62,517.6
OLDEST_D1_Z0_1_base,112,EM,-41773.567,0.0011635,0.0,0.64,518.2
OLDEST_D1_Z0_1_base,113,QN,-41773.4,0.1673285,4e-06,10.33,528.6
OLDEST_D1_Z0_1_base,114,EM,-41773.041,0.3587669,8.6e-06,1.04,529.6
OLDEST_D1_Z0_1_base,115,EM,-41772.948,0.0934124,2.2e-06,0.96,530.6
OLDEST_D1_Z0_1_base,116,EM,-41772.871,0.0767621,1.8e-06,0.76,531.3
OLDEST_D1_Z0_1_base,117,EM,-41772.803,0.0679271,1.6e-06,0.66,532.0
OLDEST_D1_Z0_1_base,118,EM,-41772.74,0.0631001,1.5e-06,0.69,532.7
OLDEST_D1_Z0_1_base,119,EM,-41772.679,0.0608217,1.5e-06,0.62,533.3
OLDEST_D1_Z0_1_base,120,EM,-41772.619,0.0602432,1.4e-06,0.68,534.0
OLDEST_D1_Z0_1_base,121,EM,-41772.558,0.060841,1.5e-06,0.73,534.7
OLDEST_D1_Z0_1_base,122,EM,-41772.496,0.0622863,1.5e-06,0.68,535.4
OLDEST_D1_Z0_1_base,123,EM,-41772.431,0.0643702,1.5e-06,0.62,536.0
OLDEST_D1_Z0_1_base,124,EM,-41772.364,0.0669594,1.6e-06,0.68,536.7
OLDEST_D1_Z0_1_base,125,QN,-41762.577,9.787628,0.0002343,8.43,545.1
OLDEST_D1_Z0_1_base,126,EM,-41755.63,6.9471058,0.0001663,1.36,546.5
OLDEST_D1_Z0_1_base,127,EM,-41754.133,1.4968099,3.58e-05,1.38,547.9
OLDEST_D1_Z0_1_base,128,EM,-41753.078,1.0545935,2.53e-05,7.86,555.7
OLDEST_D1_Z0_1_base,129,EM,-41752.195,0.8834548,2.12e-05,3.31,559.0
OLDEST_D1_Z0_1_base,130,EM,-41751.427,0.7680618,1.84e-05,1.2,560.2
OLDEST_D1_Z0_1_base,131,EM,-41750.743,0.6833324,1.64e-05,1.07,561.3
OLDEST_D1_Z0_1_base,132,EM,-41750.126,0.6173162,1.48e-05,0.86,562.2
OLDEST_D1_Z0_1_base,133,EM,-41749.559,0.5672186,1.36e-05,0.8,563.0
OLDEST_D1_Z0_1_base,134,EM,-41749.032,0.5273235,1.26e-05,0.75,563.7
OLDEST_D1_Z0_1_base,135,EM,-41748.535,0.4960276,1.19e-05,0.78,564.5
OLDEST_D1_Z0_1_base,136,EM,-41748.061,0.4741851,1.14e-05,0.73,565.2
OLDEST_D1_Z0_1_base,137,EM,-41747.605,0.4563753,1.09e-05,0.96,566.2
OLDEST_D1_Z0_1_base,138,EM,-41747.179,0.426137,1.02e-05,0.8,567.0
OLDEST_D1_Z0_1_base,139,QN,-41735.441,11.7373162,0.0002812,13.9,580.9
OLDEST_D1_Z0_1_base,140,EM,-41732.186,3.2554302,7.8e-05,1.44,582.3
OLDEST_D1_Z0_1_base,141,EM,-41732.173,0.0127546,3e-07,1.13,583.5
OLDEST_D1_Z0_1_base,142,EM,-41731.524,0.6495269,1.56e-05,1.03,584.5
OLDEST_D1_Z0_1_base,143,EM,-41731.583,-0.0592139,-1.4e-06,0.91,585.4
OLDEST_D1_Z0_1_base,144,EM,-41731.184,0.399399,9.6e-06,1.09,586.5
OLDEST_D1_Z0_1_base,145,EM,-41730.919,0.2640997,6.3e-06,0.85,587.4
OLDEST_D1_Z0_1_base,146,EM,-41730.643,0.2764499,6.6e-06,0.94,588.3
OLDEST_D1_Z0_1_base,147,EM,-41731.272,-0.6289151,-1.51e-05,1.04,589.3
OLDEST_D1_Z0_1_base,148,EM,-41730.731,0.5410627,1.3e-05,1.06,590.4
OLDEST_D1_Z0_1_base,149,EM,-41730.357,0.373935,9e-06,0.8,591.2
OLDEST_D1_Z0_1_base,150,EM,-41730.466,-0.1088277,-2.6e-06,0.76,592.0
OLDEST_D1_Z0_1_base,151,EM,-41729.857,0.6091809,1.46e-05,0.8,592.8
OLDEST_D1_Z0_1_base,152,EM,-41730.912,-1.0552794,-2.53e-05,0.77,593.5
OLDEST_D1_Z0_1_base,153,EM,-41729.694,1.2178647,2.92e-05,0.81,594.4
OLDEST_D1_Z0_1_base,154,EM,-41730.502,-0.8083573,-1.94e-05,0.8,595.2
OLDEST_D1_Z0_1_base,155,EM,-41729.731,0.7714056,1.85e-05,1.39,596.6
OLDEST_D1_Z0_1_base,156,EM,-41730.422,-0.6907863,-1.66e-05,7.76,604.3
OLDEST_D1_Z0_1_base,157,EM,-41729.072,1.3493043,3.23e-05,1.93,606.2
OLDEST_D1_Z0_1_base,158,EM,-41729.753,-0.6807932,-1.63e-05,1.58,607.8
OLDEST_D1_Z0_1_base,159,EM,-41729.113,0.6398884,1.53e-05,1.45,609.3
OLDEST_D1_Z0_1_base,160,EM,-41729.224,-0.1108293,-2.7e-06,1.54,610.8
OLDEST_D1_Z0_1_base,161,EM,-41729.041,0.182833,4.4e-06,1.72,612.5
OLDEST_D1_Z0_1_base,162,EM,-41729.176,-0.1344728,-3.2e-06,1.38,613.9
OLDEST_D1_Z0_1_base,163,EM,-41729.122,0.0538299,1.3e-06,1.23,615.1
OLDEST_D1_Z0_1_base,164,EM,-41729.519,-0.3970912,-9.5e-06,1.28,616.4
OLDEST_D1_Z0_1_base,165,EM,-41728.409,1.1105629,2.66e-05,1.06,617.5
OLDEST_D1_Z0_1_base,166,EM,-41728.991,-0.5823291,-1.4e-05,1.18,618.7
OLDEST_D1_Z0_1_base,167,EM,-41735.101,-6.1100882,-0.0001464,1.38,620.0
OLDEST_D1_Z0_1_base,168,EM,-41733.908,1.1932686,2.86e-05,1.3,621.3
OLDEST_D1_Z0_1_base,169,EM,-41733.248,0.6592708,1.58e-05,1.05,622.4
OLDEST_D1_Z0_1_base,170,EM,-41732.769,0.4792854,1.15e-05,1.0,623.4
OLDEST_D1_Z0_1_base,171,EM,-41732.384,0.3852547,9.2e-06,0.93,624.3
OLDEST_D1_Z0_1_base,172,EM,-41732.057,0.3266663,7.8e-06,68.14,692.5
OLDEST_D1_Z0_1_base,173,EM,-41731.771,0.2864782,6.9e-06,0.7,693.2
OLDEST_D1_Z0_1_base,174,EM,-41731.513,0.2573563,6.2e-06,0.69,693.8
OLDEST_D1_Z0_1_base,175,EM,-41731.278,0.2355294,5.6e-06,0.7,694.5
OLDEST_D1_Z0_1_base,176,EM,-41731.059,0.2187618,5.2e-06,0.65,695.2
OLDEST_D1_Z0_1_base,177,EM,-41730.853,0.205606,4.9e-06,0.62,695.8
OLDEST_D1_Z0_1_base,178,QN,-41730.644,0.2091825,5e-06,72.84,768.7
OLDEST_D1_Z0_1_base,179,EM,-41730.294,0.3499919,8.4e-06,1.69,770.3
OLDEST_D1_Z0_1_base,180,EM,-41730.08,0.2143997,5.1e-06,1.14,771.5
OLDEST_D1_Z0_1_base,181,EM,-41729.893,0.1872132,4.5e-06,0.94,772.4
OLDEST_D1_Z0_1_base,182,EM,-41729.719,0.17352,4.2e-06,1.05,773.5
OLDEST_D1_Z0_1_base,183,EM,-41729.555,0.1642766,3.9e-06,1.05,774.5
OLDEST_D1_Z0_1_base,184,EM,-41729.398,0.1569326,3.8e-06,1.12,775.7
OLDEST_D1_Z0_1_base,185,EM,-41729.247,0.1504796,3.6e-06,1.03,776.7
OLDEST_D1_Z0_1_base,186,EM,-41729.103,0.1444642,3.5e-06,0.96,777.6
OLDEST_D1_Z0_1_base,187,EM,-41728.964,0.1386869,3.3e-06,0.89,778.5
OLDEST_D1_Z0_1_base,188,EM,-41728.831,0.1330491,3.2e-06,1.06,779.6
OLDEST_D1_Z0_1_base,189,EM,-41728.704,0.1275292,3.1e-06,1.01,780.6
OLDEST_D1_Z0_1_base,190,EM,-41728.582,0.1221185,2.9e-06,0.95,781.6
OLDEST_D1_Z0_1_base,191,EM,-41728.465,0.1168443,2.8e-06,1.8,783.4
OLDEST_D1_Z0_1_base,192,EM,-41728.353,0.1117262,2.7e-06,1.47,784.8
OLDEST_D1_Z0_1_base,193,EM,-41728.246,0.1067916,2.6e-06,1.04,785.9
OLDEST_D1_Z0_1_base,194,EM,-41728.144,0.1020598,2.4e-06,1.11,787.0
OLDEST_D1_Z0_1_base,195,EM,-41728.047,0.0975526,2.3e-06,0.99,788.0
OLDEST_D1_Z0_1_base,196,EM,-41727.953,0.0932814,2.2e-06,0.98,789.0
OLDEST_D1_Z0_1_base,197,EM,-41727.864,0.0892528,2.1e-06,1.15,790.1
OLDEST_D1_Z0_1_base,198,EM,-41727.779,0.0854766,2e-06,0.88,791.0
OLDEST_D1_Z0_1_base,199,EM,-41727.697,0.0819494,2e-06,0.95,791.9
OLDEST_D1_Z0_1_base,200,EM,-41727.618,0.0786696,1.9e-06,0.85,792.8
OLDEST_D1_Z0_1_base,201,EM,-41727.542,0.0756351,1.8e-06,0.87,793.7
OLDEST_D1_Z0_1_base,202,EM,-41727.47,0.0728406,1.7e-06,0.9,794.6
OLDEST_D1_Z0_1_base,203,EM,-41727.399,0.070281,1.7e-06,0.93,795.5
OLDEST_D1_Z0_1_base,204,EM,-41727.331,0.0679514,1.6e-06,1.21,796.7
OLDEST_D1_Z0_1_base,205,EM,-41727.265,0.0658462,1.6e-06,1.04,797.7
OLDEST_D1_Z0_1_base,206,EM,-41727.201,0.0639642,1.5e-06,1.8,799.5
OLDEST_D1_Z0_1_base,207,EM,-41727.139,0.0623029,1.5e-06,1.09,800.6
OLDEST_D1_Z0_1_base,208,EM,-41727.078,0.0608664,1.5e-06,1.42,802.0
OLDEST_D1_Z0_1_base,209,EM,-41727.019,0.0596585,1.4e-06,0.84,802.9
OLDEST_D1_Z0_1_base,210,EM,-41726.96,0.0586939,1.4e-06,0.96,803.9
OLDEST_D1_Z0_1_base,211,EM,-41726.902,0.0579902,1.4e-06,1.59,805.4
OLDEST_D1_Z0_1_base,212,EM,-41726.844,0.0575763,1.4e-06,9.43,814.9
OLDEST_D1_Z0_1_base,213,EM,-41726.787,0.0575048,1.4e-06,1.95,816.8
OLDEST_D1_Z0_1_base,214,EM,-41726.729,0.0578393,1.4e-06,0.87,817.7
OLDEST_D1_Z0_1_base,215,EM,-41726.67,0.0586749,1.4e-06,1.3,819.0
OLDEST_D1_Z0_1_base,216,EM,-41726.61,0.0601517,1.4e-06,1.23,820.2
OLDEST_D1_Z0_1_base,217,EM,-41726.548,0.0624837,1.5e-06,1.33,821.6
OLDEST_D1_Z0_1_base,218,EM,-41726.482,0.0659433,1.6e-06,0.86,822.4
OLDEST_D1_Z0_1_base,219,EM,-41726.411,0.0709169,1.7e-06,1.15,823.6
OLDEST_D1_Z0_1_base,220,EM,-41726.333,0.0778315,1.9e-06,1.03,824.6
OLDEST_D1_Z0_1_base,221,EM,-41726.246,0.0870773,2.1e-06,1.19,825.8
OLDEST_D1_Z0_1_base,222,EM,-41726.147,0.0985931,2.4e-06,1.03,826.8
OLDEST_D1_Z0_1_base,223,EM,-41726.036,0.1113063,2.7e-06,59.42,886.2
OLDEST_D1_Z0_1_base,224,EM,-41725.913,0.1226464,2.9e-06,0.86,887.1
OLDEST_D1_Z0_1_base,225,EM,-41725.784,0.1290849,3.1e-06,0.71,887.8
OLDEST_D1_Z0_1_base,226,EM,-41725.656,0.1281954,3.1e-06,0.66,888.5
OLDEST_D1_Z0_1_base,227,EM,-41725.536,0.1205027,2.9e-06,0.7,889.2
OLDEST_D1_Z0_1_base,228,EM,-41725.427,0.1088889,2.6e-06,0.81,890.0
OLDEST_D1_Z0_1_base,229,EM,-41725.33,0.0964769,2.3e-06,0.78,890.8
OLDEST_D1_Z0_1_base,230,EM,-41725.245,0.0851991,2e-06,0.69,891.4
OLDEST_D1_Z0_1_base,231,EM,-41725.169,0.0757891,1.8e-06,0.61,892.1
OLDEST_D1_Z0_1_base,232,EM,-41725.101,0.0682553,1.6e-06,0.68,892.7
OLDEST_D1_Z0_1_base,233,EM,-41725.039,0.0623169,1.5e-06,0.68,893.4
OLDEST_D1_Z0_1_base,234,EM,-41724.981,0.0576321,1.4e-06,0.61,894.0
OLDEST_D1_Z0_1_base,235,EM,-41724.927,0.0538994,1.3e-06,0.61,894.6
OLDEST_D1_Z0_1_base,236,EM,-41724.876,0.0508716,1.2e-06,0.51,895.1
OLDEST_D1_Z0_1_base,237,EM,-41724.828,0.0483683,1.2e-06,0.56,895.7
OLDEST_D1_Z0_1_base,238,EM,-41724.782,0.0462528,1.1e-06,0.64,896.3
OLDEST_D1_Z0_1_base,239,EM,-41724.737,0.0444272,1.1e-06,0.57,896.9
OLDEST_D1_Z0_1_base,240,EM,-41724.694,0.0428194,1e-06,0.54,897.5
OLDEST_D1_Z0_1_base,241,EM,-41724.653,0.0413823,1e-06,0.56,898.0
OLDEST_D1_Z0_1_base,242,EM,-41724.613,0.0400736,1e-06,0.66,898.7
OLDEST_D1_Z0_1_base,243,EM,-41724.574,0.038868,9e-07,0.61,899.3
OLDEST_D1_Z0_1_base,244,EM,-41724.536,0.0377445,9e-07,0.59,899.9
OLDEST_D1_Z0_1_base,245,EM,-41724.5,0.0366875,9e-07,0.59,900.5
OLDEST_D1_Z0_1_base,246,EM,-41724.464,0.0356851,9e-07,0.55,901.0
OLDEST_D1_Z0_1_base,247,EM,-41724.429,0.0347281,8e-07,0.61,901.6
OLDEST_D1_Z0_1_base,248,EM,-41724.395,0.0338092,8e-07,0.61,902.2
OLDEST_D1_Z0_1_base,249,EM,-41724.363,0.0329229,8e-07,0.6,902.8
OLDEST_D1_Z0_1_base,250,EM,-41724.33,0.0320645,8e-07,0.65,903.5
OLDEST_D1_Z0_1_base,251,EM,-41724.299,0.0312307,7e-07,0.59,904.1
OLDEST_D1_Z0_1_base,252,EM,-41724.269,0.0304185,7e-07,0.61,904.7
OLDEST_D1_Z0_1_base,253,EM,-41724.239,0.0296259,7e-07,0.66,905.4
OLDEST_D1_Z0_1_base,254,EM,-41724.21,0.0288512,7e-07,0.66,906.0
OLDEST_D1_Z0_1_base,255,EM,-41724.182,0.0280928,7e-07,0.66,906.7
OLDEST_D1_Z0_1_base,256,EM,-41724.155,0.0273507,7e-07,0.58,907.2
OLDEST_D1_Z0_1_base,257,EM,-41724.128,0.0266237,6e-07,0.61,907.9
OLDEST_D1_Z0_1_base,258,EM,-41724.102,0.0259107,6e-07,1.13,909.0
OLDEST_D1_Z0_1_base,259,EM,-41724.077,0.0252013,6e-07,4.21,913.2
OLDEST_D1_Z0_1_base,260,EM,-41724.053,0.0245231,6e-07,1.55,914.8
OLDEST_D1_Z0_1_base,261,EM,-41724.029,0.0238631,6e-07,0.73,915.5
OLDEST_D1_Z0_1_base,262,EM,-41724.006,0.0232107,6e-07,0.87,916.3
OLDEST_D1_Z0_1_base,263,EM,-41723.983,0.0225737,5e-07,1.0,917.4
OLDEST_D1_Z0_1_base,264,EM,-41723.961,0.0219571,5e-07,0.75,918.1
OLDEST_D1_Z0_1_base,265,EM,-41723.94,0.0213551,5e-07,0.78,918.9
OLDEST_D1_Z0_1_base,266,EM,-41723.919,0.020764,5e-07,0.85,919.7
OLDEST_D1_Z0_1_base,267,EM,-41723.899,0.0202015,5e-07,1.09,920.8
OLDEST_D1_Z0_1_base,268,EM,-41723.879,0.0196538,5e-07,1.0,921.8
OLDEST_D1_Z0_1_base,269,EM,-41723.86,0.0191202,5e-07,1.0,922.8
OLDEST_D1_Z0_1_base,270,EM,-41723.841,0.0186063,4e-07,0.82,923.7
OLDEST_D1_Z0_1_base,271,EM,-41723.823,0.0181148,4e-07,0.79,924.4
OLDEST_D1_Z0_1_base,272,EM,-41723.806,0.0176466,4e-07,0.83,925.3
OLDEST_D1_Z0_1_base,273,EM,-41723.788,0.0171883,4e-07,0.79,926.1
OLDEST_D1_Z0_1_base,274,EM,-41723.772,0.0167566,4e-07,74.77,1000.8
OLDEST_D1_Z0_1_base,275,EM,-41723.755,0.0163518,4e-07,0.78,1001.6
OLDEST_D1_Z0_1_base,276,EM,-41723.739,0.0159618,4e-07,0.81,1002.4
OLDEST_D1_Z0_1_base,277,EM,-41723.724,0.0155895,4e-07,0.77,1003.2
OLDEST_D1_Z0_1_base,278,EM,-41723.708,0.0152378,4e-07,0.81,1004.0
OLDEST_D1_Z0_1_base,279,EM,-41723.694,0.0149064,4e-07,0.87,1004.9
OLDEST_D1_Z0_1_base,280,EM,-41723.679,0.0145954,3e-07,1.34,1006.2
OLDEST_D1_Z0_1_base,281,EM,-41723.665,0.0142955,3e-07,2.02,1008.2
OLDEST_D1_Z0_1_base,282,EM,-41723.651,0.0140256,3e-07,1.55,1009.8
OLDEST_D1_Z0_1_base,283,EM,-41723.637,0.0137615,3e-07,1.06,1010.8
OLDEST_D1_Z0_1_base,284,EM,-41723.623,0.0135122,3e-07,1.01,1011.9
OLDEST_D1_Z0_1_base,285,EM,-41723.61,0.013271,3e-07,0.82,1012.7
OLDEST_D1_Z0_1_base,286,EM,-41723.597,0.0130492,3e-07,0.82,1013.5
OLDEST_D1_Z0_1_base,287,EM,-41723.584,0.0128372,3e-07,0.81,1014.3
OLDEST_D1_Z0_1_base,288,EM,-41723.572,0.0126335,3e-07,0.71,1015.0
OLDEST_D1_Z0_1_base,289,EM,-41723.559,0.0124371,3e-07,0.73,1015.8
OLDEST_D1_Z0_1_base,290,EM,-41723.547,0.0122464,3e-07,0.68,1016.4
OLDEST_D1_Z0_1_base,291,EM,-41723.535,0.0120598,3e-07,0.69,1017.1
OLDEST_D1_Z0_1_base,292,EM,-41723.523,0.0118758,3e-07,0.68,1017.8
OLDEST_D1_Z0_1_base,293,EM,-41723.511,0.0116932,3e-07,0.68,1018.5
OLDEST_D1_Z0_1_base,294,EM,-41723.5,0.0115101,3e-07,0.65,1019.1
OLDEST_D1_Z0_1_base,295,EM,-41723.488,0.0113261,3e-07,0.6,1019.7
OLDEST_D1_Z0_1_base,296,EM,-41723.477,0.0111407,3e-07,0.61,1020.3
OLDEST_D1_Z0_1_base,297,EM,-41723.466,0.0109526,3e-07,1.25,1021.6
OLDEST_D1_Z0_1_base,298,EM,-41723.456,0.0107494,3e-07,6.06,1027.6
OLDEST_D1_Z0_1_base,299,EM,-41723.445,0.010557,3e-07,1.47,1029.1
OLDEST_D1_Z0_1_base,300,EM,-41723.435,0.0103732,2e-07,0.89,1030.0
OLDEST_D1_Z0_1_base,301,EM,-41723.425,0.0101717,2e-07,0.82,1030.8
OLDEST_D1_Z0_1_base,302,EM,-41723.415,0.0099691,2e-07,1.0,1031.8
OLDEST_D1_Z0_1_base,303,EM,-41723.405,0.0097695,2e-07,0.92,1032.8
OLDEST_D1_Z0_1_base,304,EM,-41723.395,0.0095561,2e-07,0.77,1033.5
OLDEST_D1_Z0_1_base,305,EM,-41723.386,0.0093536,2e-07,0.73,1034.3
OLDEST_D1_Z0_1_base,306,EM,-41723.377,0.0091441,2e-07,0.69,1034.9
OLDEST_D1_Z0_1_base,307,EM,-41723.368,0.0089416,2e-07,0.66,1035.6
OLDEST_D1_Z0_1_base,308,EM,-41723.359,0.0087263,2e-07,0.79,1036.4
OLDEST_D1_Z0_1_base,309,EM,-41723.351,0.0085305,2e-07,1.41,1037.8
OLDEST_D1_Z0_1_base,310,EM,-41723.342,0.0083183,2e-07,4.43,1042.2
OLDEST_D1_Z0_1_base,311,EM,-41723.334,0.0081269,2e-07,1.12,1043.4
OLDEST_D1_Z0_1_base,312,EM,-41723.326,0.0079384,2e-07,1.0,1044.4
OLDEST_D1_Z0_1_base,313,EM,-41723.318,0.0077477,2e-07,1.12,1045.5
OLDEST_D1_Z0_1_base,314,EM,-41723.311,0.0075547,2e-07,1.06,1046.5
OLDEST_D1_Z0_1_base,315,EM,-41723.303,0.0073758,2e-07,0.97,1047.5
OLDEST_D1_Z0_1_base,316,EM,-41723.296,0.0072022,2e-07,1.02,1048.5
OLDEST_D1_Z0_1_base,317,EM,-41723.289,0.0070214,2e-07,0.96,1049.5
OLDEST_D1_Z0_1_base,318,EM,-41723.282,0.0068503,2e-07,0.93,1050.4
OLDEST_D1_Z0_1_base,319,EM,-41723.276,0.0066866,2e-07,0.55,1051.0
OLDEST_D1_Z0_1_base,320,EM,-41723.269,0.0065287,2e-07,0.68,1051.7
OLDEST_D1_Z0_1_base,321,EM,-41723.263,0.0063741,2e-07,0.8,1052.5
OLDEST_D1_Z0_1_base,322,EM,-41723.257,0.0062175,1e-07,1.04,1053.5
OLDEST_D1_Z0_1_base,323,EM,-41723.251,0.0060667,1e-07,0.77,1054.3
OLDEST_D1_Z0_1_base,324,EM,-41723.245,0.0059215,1e-07,0.7,1055.0
OLDEST_D1_Z0_1_base,325,EM,-41723.239,0.0057814,1e-07,65.86,1120.8
OLDEST_D1_Z0_1_base,326,EM,-41723.233,0.0056393,1e-07,0.87,1121.7
OLDEST_D1_Z0_1_base,327,EM,-41723.228,0.0055042,1e-07,0.91,1122.6
OLDEST_D1_Z0_1_base,328,EM,-41723.222,0.0053707,1e-07,0.92,1123.5
OLDEST_D1_Z0_1_base,329,EM,-41723.217,0.0052407,1e-07,0.91,1124.4
OLDEST_D1_Z0_1_base,330,EM,-41723.212,0.0051119,1e-07,126.89,1251.3
OLDEST_D1_Z0_1_base,331,EM,-41723.207,0.0049863,1e-07,0.68,1252.0
OLDEST_D1_Z0_1_base,332,EM,-41723.202,0.004863,1e-07,0.71,1252.7
OLDEST_D1_Z0_1_base,333,EM,-41723.197,0.0047418,1e-07,0.75,1253.5
OLDEST_D1_Z0_1_base,334,EM,-41723.193,0.0046227,1e-07,0.71,1254.2
OLDEST_D1_Z0_1_base,335,EM,-41723.188,0.0045055,1e-07,0.68,1254.9
OLDEST_D1_Z0_1_base,336,EM,-41723.184,0.0043899,1e-07,0.7,1255.6
OLDEST_D1_Z0_1_base,337,EM,-41723.18,0.0042759,1e-07,0.65,1256.2
OLDEST_D1_Z0_1_base,338,EM,-41723.175,0.0041639,1e-07,0.69,1256.9
OLDEST_D1_Z0_1_base,339,EM,-41723.171,0.0040532,1e-07,0.73,1257.6
OLDEST_D1_Z0_1_base,340,EM,-41723.167,0.0039441,1e-07,0.66,1258.3
OLDEST_D1_Z0_1_base,341,EM,-41723.164,0.003836,1e-07,0.74,1259.0
OLDEST_D1_Z0_1_base,342,EM,-41723.16,0.0037292,1e-07,0.72,1259.7
OLDEST_D1_Z0_1_base,343,EM,-41723.156,0.0036237,1e-07,0.68,1260.4
OLDEST_D1_Z0_1_base,344,EM,-41723.153,0.0035197,1e-07,0.73,1261.1
OLDEST_D1_Z0_1_base,345,EM,-41723.149,0.0034169,1e-07,0.83,1262.0
OLDEST_D1_Z0_1_base,346,EM,-41723.146,0.0033148,1e-07,0.7,1262.7
OLDEST_D1_Z0_1_base,347,EM,-41723.143,0.0032136,1e-07,0.71,1263.4
OLDEST_D1_Z0_1_base,348,EM,-41723.14,0.0031139,1e-07,0.64,1264.0
OLDEST_D1_Z0_1_base,349,EM,-41723.137,0.0030153,1e-07,0.74,1264.8
OLDEST_D1_Z0_1_base,350,EM,-41723.134,0.0029176,1e-07,0.82,1265.6
OLDEST_D1_Z0_1_base,351,EM,-41723.131,0.0028206,1e-07,0.79,1266.4
OLDEST_D1_Z0_1_base,352,EM,-41723.128,0.0027246,1e-07,0.78,1267.2
OLDEST_D1_Z0_1_base,353,EM,-41723.126,0.0026298,1e-07,0.83,1268.0
OLDEST_D1_Z0_1_base,354,EM,-41723.123,0.0025359,1e-07,0.71,1268.7
OLDEST_D1_Z0_1_base,355,EM,-41723.121,0.0024431,1e-07,0.77,1269.5
OLDEST_D1_Z0_1_base,356,EM,-41723.118,0.0023509,1e-07,0.86,1270.3
OLDEST_D1_Z0_1_base,357,EM,-41723.116,0.0022597,1e-07,0.79,1271.1
OLDEST_D1_Z0_1_base,358,EM,-41723.114,0.0021696,1e-07,0.86,1272.0
OLDEST_D1_Z0_1_base,359,EM,-41723.112,0.0020805,0.0,0.8,1272.8
OLDEST_D1_Z0_1_base,360,EM,-41723.11,0.0019921,0.0,0.78,1273.6
OLDEST_D1_Z0_1_base,361,EM,-41723.108,0.0019043,0.0,0.84,1274.4
OLDEST_D1_Z0_1_base,362,EM,-41723.106,0.0018182,0.0,0.8,1275.2
OLDEST_D1_Z0_1_base,363,EM,-41723.104,0.0017325,0.0,0.77,1276.0
OLDEST_D1_Z0_1_base,364,EM,-41723.103,0.0016479,0.0,0.8,1276.8
OLDEST_D1_Z0_1_base,365,EM,-41723.101,0.001564,0.0,0.84,1277.6
OLDEST_D1_Z0_1_base,366,EM,-41723.1,0.0014813,0.0,0.8,1278.4
OLDEST_D1_Z0_1_base,367,EM,-41723.098,0.0013993,0.0,0.89,1279.3
OLDEST_D1_Z0_1_base,368,EM,-41723.097,0.0013181,0.0,1.13,1280.4
OLDEST_D1_Z0_1_base,369,EM,-41723.096,0.001238,0.0,1.38,1281.8
OLDEST_D1_Z0_1_base,370,EM,-41723.094,0.0011587,0.0,0.97,1282.8
OLDEST_D1_Z0_1_base,371,EM,-41723.093,0.0010805,0.0,0.85,1283.6
OLDEST_D1_Z0_1_base,372,EM,-41723.092,0.0010032,0.0,0.79,1284.4
OLDEST_D1_Z0_1_base,373,EM,-41723.091,0.0009265,0.0,0.88,1285.3
OLDEST_D1_Z0_1_base,374,EM,-41723.091,0.0008509,0.0,0.99,1286.3
OLDEST_D1_Z0_1_base,375,EM,-41723.09,0.0007763,0.0,1.27,1287.6
OLDEST_D1_Z0_1_base,376,EM,-41723.089,0.0007026,0.0,74.31,1361.9
OLDEST_D1_Z0_1_base,377,EM,-41723.088,0.0006294,0.0,0.6,1362.5
OLDEST_D1_Z0_1_base,378,EM,-41723.088,0.0005574,0.0,0.62,1363.1
OLDEST_D1_Z0_1_base,379,EM,-41723.087,0.0004865,0.0,0.67,1363.8
OLDEST_D1_Z0_1_base,380,EM,-41723.087,0.0004164,0.0,0.63,1364.4
OLDEST_D1_Z0_1_base,381,EM,-41723.087,0.0003469,0.0,0.66,1365.1
OLDEST_D1_Z0_1_base,382,EM,-41723.086,0.0002783,0.0,0.67,1365.7
OLDEST_D1_Z0_1_base,383,EM,-41723.086,0.0002107,0.0,0.64,1366.4
OLDEST_D1_Z0_1_base,384,EM,-41723.086,0.0001437,0.0,0.68,1367.0
OLDEST_D1_Z0_1_base,385,EM,-41723.086,7.79e-05,0.0,0.64,1367.7
OLDEST_D1_Z0_1_base,386,EM,-41723.086,1.31e-05,0.0,0.61,1368.3
OLDEST_D1_Z0_1_base,387,EM,-41723.086,-5.1e-05,0.0,0.63,1368.9
OLDEST_D1_Z0_1_base,388,EM,-41723.086,-0.0001143,0.0,0.72,1369.6
OLDEST_D1_Z0_1_base,389,EM,-41723.086,-0.0001772,0.0,0.77,1370.4
OLDEST_D1_Z0_1_base,390,EM,-41723.087,-0.0002388,0.0,0.76,1371.2
OLDEST_D1_Z0_1_base,391,EM,-41723.087,-0.0002995,0.0,0.71,1371.9
OLDEST_D1_Z0_1_base,392,EM,-41723.087,-0.0003594,0.0,0.69,1372.6
OLDEST_D1_Z0_1_base,393,EM,-41723.088,-0.0004184,0.0,0.66,1373.2
OLDEST_D1_Z0_1_base,394,EM,-41723.088,-0.0004769,0.0,0.64,1373.9
OLDEST_D1_Z0_1_base,395,EM,-41723.089,-0.0005347,0.0,0.55,1374.4
OLDEST_D1_Z0_1_base,396,EM,-41723.089,-0.0005919,0.0,0.63,1375.0
OLDEST_D1_Z0_1_base,397,EM,-41723.09,-0.0006477,0.0,0.64,1375.7
OLDEST_D1_Z0_1_base,398,EM,-41723.091,-0.0007029,0.0,0.58,1376.3
OLDEST_D1_Z0_1_base,399,EM,-41723.091,-0.0007575,0.0,0.62,1376.9
OLDEST_D1_Z0_1_base,400,EM,-41723.092,-0.0008111,0.0,0.62,1377.5
OLDEST_D1_Z0_1_base,401,EM,-41723.093,-0.0008639,0.0,0.62,1378.1
OLDEST_D1_Z0_1_base,402,EM,-41723.094,-0.0009163,0.0,0.64,1378.8
OLDEST_D1_Z0_1_base,403,EM,-41723.095,-0.0009679,0.0,0.67,1379.4
OLDEST_D1_Z0_1_base,404,EM,-41723.096,-0.0010186,0.0,0.68,1380.1
OLDEST_D1_Z0_1_base,405,EM,-41723.097,-0.0010685,0.0,0.6,1380.7
OLDEST_D1_Z0_1_base,406,EM,-41723.098,-0.0011181,0.0,0.59,1381.3
OLDEST_D1_Z0_1_base,407,EM,-41723.099,-0.0011666,0.0,0.65,1382.0
OLDEST_D1_Z0_1_base,408,EM,-41723.1,-0.0012148,0.0,0.59,1382.6
OLDEST_D1_Z0_1_base,409,EM,-41723.102,-0.0012625,0.0,0.64,1383.2
OLDEST_D1_Z0_1_base,410,EM,-41723.103,-0.0013084,0.0,0.62,1383.8
OLDEST_D1_Z0_1_base,411,EM,-41723.104,-0.0013539,0.0,0.57,1384.4
OLDEST_D1_Z0_1_base,412,EM,-41723.106,-0.0013995,0.0,0.65,1385.0
OLDEST_D1_Z0_1_base,413,EM,-41723.107,-0.0014443,0.0,0.61,1385.6
OLDEST_D1_Z0_1_base,414,EM,-41723.109,-0.0014881,0.0,0.6,1386.2
OLDEST_D1_Z0_1_base,415,EM,-41723.11,-0.0015315,0.0,0.57,1386.8
OLDEST_D1_Z0_1_base,416,EM,-41723.112,-0.0015741,0.0,0.61,1387.4
OLDEST_D1_Z0_1_base,417,EM,-41723.113,-0.0016162,0.0,0.69,1388.1
OLDEST_D1_Z0_1_base,418,EM,-41723.115,-0.0016577,0.0,1.04,1389.1
OLDEST_D1_Z0_1_base,419,EM,-41723.117,-0.0017012,0.0,3.91,1393.1
OLDEST_D1_Z0_1_base,420,EM,-41723.119,-0.0017395,0.0,1.17,1394.2
OLDEST_D1_Z0_1_base,421,EM,-41723.12,-0.0017759,0.0,0.71,1394.9
OLDEST_D1_Z0_1_base,422,EM,-41723.122,-0.0018213,0.0,1.0,1395.9
OLDEST_D1_Z0_1_base,423,EM,-41723.124,-0.0018549,0.0,0.66,1396.6
OLDEST_D1_Z0_1_base,424,EM,-41723.126,-0.0018907,0.0,0.79,1397.4
OLDEST_D1_Z0_1_base,425,EM,-41723.128,-0.00193,0.0,0.75,1398.1
OLDEST_D1_Z0_1_base,426,EM,-41723.13,-0.0019689,0.0,0.93,1399.1
OLDEST_D1_Z0_1_base,427,EM,-41723.132,-0.0020131,0.0,65.7,1464.8
OLDEST_D1_Z0_1_base,428,EM,-41723.134,-0.0020403,0.0,1.23,1466.0
OLDEST_D1_Z0_1_base,429,EM,-41723.136,-0.0020731,0.0,1.06,1467.1
OLDEST_D1_Z0_1_base,430,EM,-41723.138,-0.0021062,-1e-07,1.41,1468.5
OLDEST_D1_Z0_1_base,431,EM,-41723.14,-0.0021448,-1e-07,0.95,1469.4
OLDEST_D1_Z0_1_base,432,EM,-41723.142,-0.0021749,-1e-07,1.25,1470.7
OLDEST_D1_Z0_1_base,433,EM,-41723.145,-0.0022087,-1e-07,1.0,1471.7
OLDEST_D1_Z0_1_base,434,EM,-41723.147,-0.0022432,-1e-07,0.98,1472.6
OLDEST_D1_Z0_1_base,435,EM,-41723.149,-0.0022716,-1e-07,1.14,1473.8
OLDEST_D1_Z0_1_base,436,EM,-41723.151,-0.0023087,-1e-07,0.92,1474.7
OLDEST_D1_Z0_1_base,437,EM,-41723.154,-0.0023385,-1e-07,0.99,1475.7
OLDEST_D1_Z0_1_base,438,EM,-41723.156,-0.0023699,-1e-07,0.99,1476.7
OLDEST_D1_Z0_1_base,439,EM,-41723.158,-0.002398,-1e-07,1.37,1478.1
OLDEST_D1_Z0_1_base,440,EM,-41723.161,-0.0024273,-1e-07,1.07,1479.1
OLDEST_D1_Z0_1_base,441,EM,-41723.163,-0.0024585,-1e-07,1.11,1480.2
OLDEST_D1_Z0_1_base,442,EM,-41723.166,-0.0024882,-1e-07,0.91,1481.1
OLDEST_D1_Z0_1_base,443,EM,-41723.168,-0.0025217,-1e-07,0.89,1482.0
OLDEST_D1_Z0_1_base,444,EM,-41723.171,-0.0025429,-1e-07,1.03,1483.1
OLDEST_D1_Z0_1_base,445,EM,-41723.173,-0.0025693,-1e-07,1.08,1484.1
OLDEST_D1_Z0_1_base,446,EM,-41723.176,-0.0025981,-1e-07,1.04,1485.2
OLDEST_D1_Z0_1_base,447,EM,-41723.179,-0.0026234,-1e-07,0.94,1486.1
OLDEST_D1_Z0_1_base,448,EM,-41723.181,-0.0026487,-1e-07,0.86,1487.0
OLDEST_D1_Z0_1_base,449,EM,-41723.184,-0.0026774,-1e-07,0.86,1487.8
OLDEST_D1_Z0_1_base,450,EM,-41723.187,-0.0027025,-1e-07,1.01,1488.9
OLDEST_D1_Z0_1_base,451,EM,-41723.189,-0.0027274,-1e-07,1.05,1489.9
OLDEST_D1_Z0_1_base,452,EM,-41723.192,-0.0027521,-1e-07,1.26,1491.2
OLDEST_D1_Z0_1_base,453,EM,-41723.195,-0.002776,-1e-07,1.23,1492.4
OLDEST_D1_Z0_1_base,454,EM,-41723.198,-0.0027999,-1e-07,0.82,1493.2
OLDEST_D1_Z0_1_base,455,EM,-41723.201,-0.0028233,-1e-07,0.89,1494.1
OLDEST_D1_Z0_1_base,456,EM,-41723.203,-0.0028463,-1e-07,0.84,1494.9
OLDEST_D1_Z0_1_base,457,EM,-41723.206,-0.002869,-1e-07,0.85,1495.8
OLDEST_D1_Z0_1_base,458,EM,-41723.209,-0.0028912,-1e-07,0.82,1496.6
OLDEST_D1_Z0_1_base,459,EM,-41723.212,-0.0029131,-1e-07,0.81,1497.4
OLDEST_D1_Z0_1_base,460,EM,-41723.215,-0.0029347,-1e-07,0.92,1498.3
OLDEST_D1_Z0_1_base,461,EM,-41723.218,-0.0029558,-1e-07,0.86,1499.2
OLDEST_D1_Z0_1_base,462,EM,-41723.221,-0.0029765,-1e-07,0.89,1500.1
OLDEST_D1_Z0_1_base,463,EM,-41723.224,-0.0029969,-1e-07,1.12,1501.2
OLDEST_D1_Z0_1_base,464,EM,-41723.227,-0.0030169,-1e-07,0.82,1502.0
OLDEST_D1_Z0_1_base,465,EM,-41723.23,-0.0030366,-1e-07,0.82,1502.9
OLDEST_D1_Z0_1_base,466,EM,-41723.233,-0.003056,-1e-07,0.86,1503.7
OLDEST_D1_Z0_1_base,467,EM,-41723.236,-0.0030749,-1e-07,0.85,1504.6
OLDEST_D1_Z0_1_base,468,EM,-41723.239,-0.0030935,-1e-07,0.85,1505.4
OLDEST_D1_Z0_1_base,469,EM,-41723.242,-0.0031117,-1e-07,0.8,1506.2
OLDEST_D1_Z0_1_base,470,EM,-41723.245,-0.0031296,-1e-07,0.74,1507.0
OLDEST_D1_Z0_1_base,471,EM,-41723.249,-0.0031472,-1e-07,0.75,1507.7
OLDEST_D1_Z0_1_base,472,EM,-41723.252,-0.0031644,-1e-07,0.8,1508.5
OLDEST_D1_Z0_1_base,473,EM,-41723.255,-0.0031813,-1e-07,0.8,1509.3
OLDEST_D1_Z0_1_base,474,EM,-41723.258,-0.0031977,-1e-07,0.74,1510.0
OLDEST_D1_Z0_1_base,475,EM,-41723.261,-0.0032139,-1e-07,1.03,1511.1
OLDEST_D1_Z0_1_base,476,EM,-41723.265,-0.0032297,-1e-07,0.74,1511.8
OLDEST_D1_Z0_1_base,477,EM,-41723.268,-0.0032451,-1e-07,0.79,1512.6
OLDEST_D1_Z0_1_base,478,EM,-41723.271,-0.0032604,-1e-07,58.41,1571.0
OLDEST_D1_Z0_1_base,479,EM,-41723.274,-0.0032752,-1e-07,0.59,1571.6
OLDEST_D1_Z0_1_base,480,EM,-41723.278,-0.0032897,-1e-07,0.64,1572.2
OLDEST_D1_Z0_1_base,481,EM,-41723.281,-0.0033038,-1e-07,134.04,1706.3
OLDEST_D1_Z0_1_base,482,EM,-41723.284,-0.0033176,-1e-07,0.69,1707.0
OLDEST_D1_Z0_1_base,483,EM,-41723.288,-0.0033311,-1e-07,0.68,1707.6
OLDEST_D1_Z0_1_base,484,EM,-41723.291,-0.0033443,-1e-07,0.86,1708.5
OLDEST_D1_Z0_1_base,485,EM,-41723.294,-0.0033571,-1e-07,0.7,1709.2
OLDEST_D1_Z0_1_base,486,EM,-41723.298,-0.0033695,-1e-07,0.67,1709.9
OLDEST_D1_Z0_1_base,487,EM,-41723.301,-0.0033818,-1e-07,0.81,1710.7
OLDEST_D1_Z0_1_base,488,EM,-41723.304,-0.0033936,-1e-07,0.87,1711.5
OLDEST_D1_Z0_1_base,489,EM,-41723.308,-0.003405,-1e-07,0.82,1712.4
OLDEST_D1_Z0_1_base,490,EM,-41723.311,-0.0034162,-1e-07,0.91,1713.3
OLDEST_D1_Z0_1_base,491,EM,-41723.315,-0.0034271,-1e-07,0.75,1714.0
OLDEST_D1_Z0_1_base,492,EM,-41723.318,-0.0034376,-1e-07,1.38,1715.4
OLDEST_D1_Z0_1_base,493,EM,-41723.322,-0.0034453,-1e-07,6.06,1721.5
OLDEST_D1_Z0_1_base,494,EM,-41723.325,-0.0034591,-1e-07,1.27,1722.7
OLDEST_D1_Z0_1_base,495,EM,-41723.329,-0.0034638,-1e-07,0.79,1723.5
OLDEST_D1_Z0_1_base,496,EM,-41723.332,-0.0034757,-1e-07,1.04,1724.6
OLDEST_D1_Z0_1_base,497,EM,-41723.336,-0.0034877,-1e-07,1.16,1725.7
OLDEST_D1_Z0_1_base,498,EM,-41723.339,-0.0034923,-1e-07,0.87,1726.6
OLDEST_D1_Z0_1_base,499,EM,-41723.343,-0.0035012,-1e-07,0.78,1727.4
OLDEST_D1_Z0_1_base,500,EM,-41723.346,-0.0035095,-1e-07,0.98,1728.3
OLDEST_D1_Z0_1_base,501,EM,-41723.35,-0.0035164,-1e-07,0.83,1729.2
OLDEST_D1_Z0_1_base,502,EM,-41723.353,-0.0035273,-1e-07,0.95,1730.1
OLDEST_D1_Z0_1_base,503,EM,-41723.357,-0.0035391,-1e-07,0.84,1731.0
OLDEST_D1_Z0_1_base,504,EM,-41723.36,-0.0035359,-1e-07,0.89,1731.9
OLDEST_D1_Z0_1_base,505,EM,-41723.364,-0.00355,-1e-07,0.73,1732.6
OLDEST_D1_Z0_1_base,506,EM,-41723.367,-0.0035509,-1e-07,0.83,1733.4
OLDEST_D1_Z0_1_base,507,EM,-41723.371,-0.0035564,-1e-07,0.71,1734.1
OLDEST_D1_Z0_1_base,508,EM,-41723.374,-0.0035635,-1e-07,0.72,1734.8
OLDEST_D1_Z0_1_base,509,EM,-41723.378,-0.0035644,-1e-07,0.87,1735.7
OLDEST_D1_Z0_1_base,510,EM,-41723.381,-0.0035684,-1e-07,1.14,1736.9
OLDEST_D1_Z0_1_base,511,EM,-41723.385,-0.0035755,-1e-07,7.46,1744.3
OLDEST_D1_Z0_1_base,512,EM,-41723.389,-0.0035823,-1e-07,1.41,1745.7
OLDEST_D1_Z0_1_base,513,EM,-41723.392,-0.0035828,-1e-07,0.66,1746.4
OLDEST_D1_Z0_1_base,514,EM,-41723.396,-0.0035832,-1e-07,0.76,1747.1
OLDEST_D1_Z0_1_base,515,EM,-41723.399,-0.0035947,-1e-07,0.96,1748.1
OLDEST_D1_Z0_1_base,516,EM,-41723.403,-0.0035956,-1e-07,0.71,1748.8
OLDEST_D1_Z0_1_base,517,EM,-41723.407,-0.0035987,-1e-07,0.84,1749.6
OLDEST_D1_Z0_1_base,518,EM,-41723.41,-0.0035944,-1e-07,0.66,1750.3
OLDEST_D1_Z0_1_base,519,EM,-41723.414,-0.0036025,-1e-07,0.68,1751.0
OLDEST_D1_Z0_1_base,520,EM,-41723.417,-0.0036019,-1e-07,0.66,1751.6
OLDEST_D1_Z0_1_base,521,EM,-41723.421,-0.0036077,-1e-07,0.66,1752.3
OLDEST_D1_Z0_1_base,522,EM,-41723.425,-0.0036037,-1e-07,0.81,1753.1
OLDEST_D1_Z0_1_base,523,EM,-41723.428,-0.0036052,-1e-07,0.75,1753.9
OLDEST_D1_Z0_1_base,524,EM,-41723.432,-0.0036057,-1e-07,0.7,1754.6
OLDEST_D1_Z0_1_base,525,EM,-41723.435,-0.0036041,-1e-07,0.82,1755.4
OLDEST_D1_Z0_1_base,526,EM,-41723.439,-0.0036087,-1e-07,0.78,1756.2
OLDEST_D1_Z0_1_base,527,EM,-41723.443,-0.0036057,-1e-07,0.92,1757.1
OLDEST_D1_Z0_1_base,528,EM,-41723.446,-0.0036055,-1e-07,0.64,1757.7
OLDEST_D1_Z0_1_base,529,EM,-41723.45,-0.0036035,-1e-07,68.55,1826.3
OLDEST_D1_Z0_1_base,530,EM,-41723.453,-0.0036026,-1e-07,1.06,1827.3
OLDEST_D1_Z0_1_base,531,EM,-41723.457,-0.0035995,-1e-07,0.94,1828.3
OLDEST_D1_Z0_1_base,532,EM,-41723.461,-0.0035998,-1e-07,1.64,1829.9
OLDEST_D1_Z0_1_base,533,EM,-41723.464,-0.0035972,-1e-07,1.16,1831.1
OLDEST_D1_Z0_1_base,534,EM,-41723.468,-0.0035937,-1e-07,0.96,1832.1
OLDEST_D1_Z0_1_base,535,EM,-41723.471,-0.0035949,-1e-07,1.04,1833.1
OLDEST_D1_Z0_1_base,536,EM,-41723.475,-0.0035874,-1e-07,1.02,1834.1
OLDEST_D1_Z0_1_base,537,EM,-41723.479,-0.003587,-1e-07,0.89,1835.0
OLDEST_D1_Z0_1_base,538,EM,-41723.482,-0.0035823,-1e-07,0.93,1835.9
OLDEST_D1_Z0_1_base,539,EM,-41723.486,-0.0035786,-1e-07,0.89,1836.8
OLDEST_D1_Z0_1_base,540,EM,-41723.489,-0.0035737,-1e-07,0.88,1837.7
OLDEST_D1_Z0_1_base,541,EM,-41723.493,-0.0035696,-1e-07,0.85,1838.6
OLDEST_D1_Z0_1_base,542,EM,-41723.496,-0.0035645,-1e-07,1.04,1839.6
OLDEST_D1_Z0_1_base,543,EM,-41723.5,-0.0035599,-1e-07,1.62,1841.2
OLDEST_D1_Z0_1_base,544,EM,-41723.504,-0.0035561,-1e-07,5.98,1847.2
OLDEST_D1_Z0_1_base,545,EM,-41723.507,-0.0035552,-1e-07,1.7,1848.9
OLDEST_D1_Z0_1_base,546,EM,-41723.511,-0.0035402,-1e-07,1.15,1850.0
OLDEST_D1_Z0_1_base,547,EM,-41723.514,-0.00353,-1e-07,1.6,1851.6
OLDEST_D1_Z0_1_base,548,EM,-41723.518,-0.0035329,-1e-07,1.22,1852.9
OLDEST_D1_Z0_1_base,549,EM,-41723.521,-0.0035254,-1e-07,1.06,1853.9
OLDEST_D1_Z0_1_base,550,EM,-41723.525,-0.0035168,-1e-07,1.06,1855.0
OLDEST_D1_Z0_1_base,551,EM,-41723.528,-0.0035127,-1e-07,1.05,1856.0
OLDEST_D1_Z0_1_base,552,EM,-41723.532,-0.0035041,-1e-07,0.86,1856.9
OLDEST_D1_Z0_1_base,553,EM,-41723.535,-0.0034982,-1e-07,1.12,1858.0
OLDEST_D1_Z0_1_base,554,EM,-41723.539,-0.0034884,-1e-07,0.73,1858.7
OLDEST_D1_Z0_1_base,555,EM,-41723.542,-0.0034781,-1e-07,0.87,1859.6
OLDEST_D1_Z0_1_base,556,EM,-41723.546,-0.0034722,-1e-07,1.17,1860.8
OLDEST_D1_Z0_1_base,557,EM,-41723.549,-0.0034611,-1e-07,0.93,1861.7
OLDEST_D1_Z0_1_base,558,EM,-41723.553,-0.0034539,-1e-07,0.86,1862.6
OLDEST_D1_Z0_1_base,559,EM,-41723.556,-0.0034433,-1e-07,0.77,1863.3
OLDEST_D1_Z0_1_base,560,EM,-41723.56,-0.0034332,-1e-07,1.31,1864.6
OLDEST_D1_Z0_1_base,561,EM,-41723.563,-0.0034266,-1e-07,6.77,1871.4
OLDEST_D1_Z0_1_base,562,EM,-41723.566,-0.0034183,-1e-07,1.3,1872.7
OLDEST_D1_Z0_1_base,563,EM,-41723.57,-0.0034061,-1e-07,0.89,1873.6
OLDEST_D1_Z0_1_base,564,EM,-41723.573,-0.0033954,-1e-07,0.9,1874.5
OLDEST_D1_Z0_1_base,565,EM,-41723.577,-0.0033855,-1e-07,1.01,1875.5
OLDEST_D1_Z0_1_base,566,EM,-41723.58,-0.0033729,-1e-07,0.89,1876.4
OLDEST_D1_Z0_1_base,567,EM,-41723.583,-0.0033653,-1e-07,1.11,1877.5
OLDEST_D1_Z0_1_base,568,EM,-41723.587,-0.0033556,-1e-07,0.82,1878.3
OLDEST_D1_Z0_1_base,569,EM,-41723.59,-0.0033419,-1e-07,0.71,1879.0
OLDEST_D1_Z0_1_base,570,EM,-41723.593,-0.0033303,-1e-07,0.87,1879.9
OLDEST_D1_Z0_1_base,571,EM,-41723.597,-0.003318,-1e-07,0.94,1880.8
OLDEST_D1_Z0_1_base,572,EM,-41723.6,-0.0033058,-1e-07,0.86,1881.7
OLDEST_D1_Z0_1_base,573,EM,-41723.603,-0.0032954,-1e-07,0.91,1882.6
OLDEST_D1_Z0_1_base,574,EM,-41723.607,-0.0032815,-1e-07,0.7,1883.3
OLDEST_D1_Z0_1_base,575,EM,-41723.61,-0.0032686,-1e-07,0.71,1884.0
OLDEST_D1_Z0_1_base,576,EM,-41723.613,-0.0032615,-1e-07,0.95,1885.0
OLDEST_D1_Z0_1_base,577,EM,-41723.616,-0.0032426,-1e-07,0.79,1885.8
OLDEST_D1_Z0_1_base,578,EM,-41723.62,-0.0032312,-1e-07,0.7,1886.5
OLDEST_D1_Z0_1_base,579,EM,-41723.623,-0.0032182,-1e-07,0.71,1887.2
OLDEST_D1_Z0_1_base,580,EM,-41723.626,-0.0032069,-1e-07,56.4,1943.6
OLDEST_D1_Z0_1_base,581,EM,-41723.629,-0.0031912,-1e-07,0.84,1944.4
OLDEST_D1_Z0_1_base,582,EM,-41723.632,-0.0031776,-1e-07,1.2,1945.6
OLDEST_D1_Z0_1_base,583,EM,-41723.636,-0.0031631,-1e-07,7.83,1953.4
OLDEST_D1_Z0_1_base,584,EM,-41723.639,-0.0031493,-1e-07,1.72,1955.2
OLDEST_D1_Z0_1_base,585,EM,-41723.642,-0.0031357,-1e-07,0.79,1955.9
OLDEST_D1_Z0_1_base,586,EM,-41723.645,-0.0031221,-1e-07,0.8,1956.8
OLDEST_D1_Z0_1_base,587,EM,-41723.648,-0.0031011,-1e-07,0.77,1957.5
OLDEST_D1_Z0_1_base,588,EM,-41723.651,-0.0030926,-1e-07,0.98,1958.5
OLDEST_D1_Z0_1_base,589,EM,-41723.654,-0.0030808,-1e-07,0.89,1959.4
OLDEST_D1_Z0_1_base,590,EM,-41723.657,-0.0030623,-1e-07,0.75,1960.1
OLDEST_D1_Z0_1_base,591,EM,-41723.66,-0.0030336,-1e-07,0.79,1960.9
OLDEST_D1_Z0_1_base,592,EM,-41723.663,-0.0030263,-1e-07,0.95,1961.9
OLDEST_D1_Z0_1_base,593,EM,-41723.666,-0.0030221,-1e-07,1.64,1963.5
OLDEST_D1_Z0_1_base,594,EM,-41723.669,-0.0030022,-1e-07,0.89,1964.4
OLDEST_D1_Z0_1_base,595,EM,-41723.672,-0.0029851,-1e-07,1.01,1965.4
OLDEST_D1_Z0_1_base,596,EM,-41723.675,-0.0029693,-1e-07,0.91,1966.3
OLDEST_D1_Z0_1_base,597,EM,-41723.678,-0.0029537,-1e-07,0.86,1967.2
OLDEST_D1_Z0_1_base,598,EM,-41723.681,-0.0029351,-1e-07,0.89,1968.1
OLDEST_D1_Z0_1_base,599,EM,-41723.684,-0.0029204,-1e-07,0.91,1969.0
OLDEST_D1_Z0_1_base,600,EM,-41723.687,-0.0029013,-1e-07,0.85,1969.9
OLDEST_D1_Z0_1_base,601,EM,-41723.69,-0.0029007,-1e-07,1.08,1970.9
OLDEST_D1_Z0_1_base,602,EM,-41723.693,-0.0028665,-1e-07,1.34,1972.3
OLDEST_D1_Z0_1_base,603,EM,-41723.696,-0.0028499,-1e-07,1.12,1973.4
OLDEST_D1_Z0_1_base,604,EM,-41723.698,-0.0028351,-1e-07,1.07,1974.5
OLDEST_D1_Z0_1_base,605,EM,-41723.701,-0.0028189,-1e-07,1.13,1975.6
OLDEST_D1_Z0_1_base,606,EM,-41723.704,-0.0027981,-1e-07,0.94,1976.5
OLDEST_D1_Z0_1_base,607,EM,-41723.707,-0.0027827,-1e-07,0.89,1977.4
OLDEST_D1_Z0_1_base,608,EM,-41723.71,-0.002764,-1e-07,0.83,1978.3
OLDEST_D1_Z0_1_base,609,EM,-41723.712,-0.0027455,-1e-07,0.86,1979.1
OLDEST_D1_Z0_1_base,610,EM,-41723.715,-0.0027286,-1e-07,1.0,1980.1
OLDEST_D1_Z0_1_base,611,EM,-41723.718,-0.0027111,-1e-07,0.88,1981.0
OLDEST_D1_Z0_1_base,612,EM,-41723.72,-0.0026937,-1e-07,1.25,1982.2
OLDEST_D1_Z0_1_base,613,EM,-41723.723,-0.002674,-1e-07,1.08,1983.3
OLDEST_D1_Z0_1_base,614,EM,-41723.726,-0.0026559,-1e-07,1.12,1984.4
OLDEST_D1_Z0_1_base,615,EM,-41723.728,-0.0026375,-1e-07,0.88,1985.3
OLDEST_D1_Z0_1_base,616,EM,-41723.731,-0.0026188,-1e-07,1.62,1986.9
OLDEST_D1_Z0_1_base,617,EM,-41723.734,-0.0025969,-1e-07,10.0,1996.9
OLDEST_D1_Z0_1_base,618,EM,-41723.736,-0.0025814,-1e-07,2.23,1999.2
OLDEST_D1_Z0_1_base,619,EM,-41723.739,-0.0025629,-1e-07,0.97,2000.1
OLDEST_D1_Z0_1_base,620,EM,-41723.741,-0.0025439,-1e-07,1.09,2001.2
OLDEST_D1_Z0_1_base,621,EM,-41723.744,-0.002528,-1e-07,1.36,2002.6
OLDEST_D1_Z0_1_base,622,EM,-41723.746,-0.0025058,-1e-07,1.18,2003.8
OLDEST_D1_Z0_1_base,623,EM,-41723.749,-0.0024861,-1e-07,0.95,2004.7
OLDEST_D1_Z0_1_base,624,EM,-41723.751,-0.0024638,-1e-07,1.04,2005.7
OLDEST_D1_Z0_1_base,625,EM,-41723.754,-0.0024469,-1e-07,1.03,2006.8
OLDEST_D1_Z0_1_base,626,EM,-41723.756,-0.0024273,-1e-07,1.05,2007.8
OLDEST_D1_Z0_1_base,627,EM,-41723.759,-0.0024086,-1e-07,1.3,2009.1
OLDEST_D1_Z0_1_base,628,EM,-41723.761,-0.002386,-1e-07,1.55,2010.7
OLDEST_D1_Z0_1_base,629,EM,-41723.763,-0.0023681,-1e-07,1.01,2011.7
OLDEST_D1_Z0_1_base,630,EM,-41723.766,-0.0023464,-1e-07,0.99,2012.7
OLDEST_D1_Z0_1_base,631,EM,-41723.768,-0.0023264,-1e-07,62.45,2075.1
OLDEST_D1_Z0_1_base,632,EM,-41723.77,-0.0023077,-1e-07,118.74,2193.9
OLDEST_D1_Z0_1_base,633,EM,-41723.773,-0.0022841,-1e-07,1.1,2195.0
OLDEST_D1_Z0_1_base,634,EM,-41723.775,-0.002263,-1e-07,0.96,2195.9
OLDEST_D1_Z0_1_base,635,EM,-41723.777,-0.0022434,-1e-07,0.95,2196.9
OLDEST_D1_Z0_1_base,636,EM,-41723.779,-0.0022227,-1e-07,1.87,2198.7
OLDEST_D1_Z0_1_base,637,EM,-41723.782,-0.0022032,-1e-07,8.87,2207.6
OLDEST_D1_Z0_1_base,638,EM,-41723.784,-0.0021821,-1e-07,2.21,2209.8
OLDEST_D1_Z0_1_base,639,EM,-41723.786,-0.0021593,-1e-07,1.24,2211.1
OLDEST_D1_Z0_1_base,640,EM,-41723.788,-0.0021429,-1e-07,1.17,2212.2
OLDEST_D1_Z0_1_base,641,EM,-41723.79,-0.0021172,-1e-07,1.13,2213.4
OLDEST_D1_Z0_1_base,642,EM,-41723.792,-0.0020977,-1e-07,1.88,2215.2
OLDEST_D1_Z0_1_base,643,EM,-41723.794,-0.0020753,0.0,8.23,2223.5
OLDEST_D1_Z0_1_base,644,EM,-41723.796,-0.0020554,0.0,1.68,2225.1
OLDEST_D1_Z0_1_base,645,EM,-41723.798,-0.0020325,0.0,0.81,2226.0
OLDEST_D1_Z0_1_base,646,EM,-41723.8,-0.0020121,0.0,0.89,2226.9
OLDEST_D1_Z0_1_base,647,EM,-41723.802,-0.0019909,0.0,0.84,2227.7
OLDEST_D1_Z0_1_base,648,EM,-41723.804,-0.0019681,0.0,0.75,2228.4
OLDEST_D1_Z0_1_base,649,EM,-41723.806,-0.0019452,0.0,0.86,2229.3
OLDEST_D1_Z0_1_base,650,EM,-41723.808,-0.0019167,0.0,0.83,2230.1
OLDEST_D1_Z0_1_base,651,EM,-41723.81,-0.0019009,0.0,0.88,2231.0
OLDEST_D1_Z0_1_base,652,EM,-41723.812,-0.0018832,0.0,0.77,2231.8
OLDEST_D1_Z0_1_base,653,EM,-41723.814,-0.0018597,0.0,0.91,2232.7
OLDEST_D1_Z0_1_base,654,EM,-41723.816,-0.0018335,0.0,0.86,2233.6
OLDEST_D1_Z0_1_base,655,EM,-41723.818,-0.0018104,0.0,0.84,2234.4
OLDEST_D1_Z0_1_base,656,EM,-41723.819,-0.0017858,0.0,0.76,2235.1
OLDEST_D1_Z0_1_base,657,EM,-41723.821,-0.0017633,0.0,0.78,2235.9
OLDEST_D1_Z0_1_base,658,EM,-41723.823,-0.0017414,0.0,0.9,2236.8
OLDEST_D1_Z0_1_base,659,EM,-41723.825,-0.0017179,0.0,0.94,2237.8
OLDEST_D1_Z0_1_base,660,EM,-41723.826,-0.0016949,0.0,0.76,2238.5
OLDEST_D1_Z0_1_base,661,EM,-41723.828,-0.0016687,0.0,0.72,2239.2
OLDEST_D1_Z0_1_base,662,EM,-41723.83,-0.0016459,0.0,0.68,2239.9
OLDEST_D1_Z0_1_base,663,EM,-41723.831,-0.0016221,0.0,0.95,2240.9
OLDEST_D1_Z0_1_base,664,EM,-41723.833,-0.0015992,0.0,0.85,2241.7
OLDEST_D1_Z0_1_base,665,EM,-41723.834,-0.001574,0.0,0.8,2242.5
OLDEST_D1_Z0_1_base,666,EM,-41723.836,-0.0015474,0.0,0.71,2243.2
OLDEST_D1_Z0_1_base,667,EM,-41723.837,-0.0015256,0.0,0.68,2243.9
OLDEST_D1_Z0_1_base,668,EM,-41723.839,-0.0015015,0.0,1.02,2244.9
OLDEST_D1_Z0_1_base,669,EM,-41723.84,-0.0014754,0.0,0.81,2245.7
OLDEST_D1_Z0_1_base,670,EM,-41723.842,-0.001451,0.0,0.68,2246.4
OLDEST_D1_Z0_1_base,671,EM,-41723.843,-0.0014269,0.0,0.66,2247.1
OLDEST_D1_Z0_1_base,672,EM,-41723.845,-0.0014025,0.0,0.7,2247.8
OLDEST_D1_Z0_1_base,673,EM,-41723.846,-0.0013766,0.0,1.25,2249.1
OLDEST_D1_Z0_1_base,674,EM,-41723.847,-0.0013487,0.0,6.86,2255.9
OLDEST_D1_Z0_1_base,675,EM,-41723.849,-0.0013238,0.0,1.5,2257.4
OLDEST_D1_Z0_1_base,676,EM,-41723.85,-0.0012949,0.0,0.7,2258.1
OLDEST_D1_Z0_1_base,677,EM,-41723.851,-0.0012748,0.0,0.89,2259.0
OLDEST_D1_Z0_1_base,678,EM,-41723.853,-0.001246,0.0,1.3,2260.3
OLDEST_D1_Z0_1_base,679,EM,-41723.854,-0.0012164,0.0,6.86,2267.2
OLDEST_D1_Z0_1_base,680,EM,-41723.855,-0.0011906,0.0,1.54,2268.7
OLDEST_D1_Z0_1_base,681,EM,-41723.856,-0.0011657,0.0,0.89,2269.6
OLDEST_D1_Z0_1_base,682,EM,-41723.857,-0.0011437,0.0,68.36,2338.0
OLDEST_D1_Z0_1_base,683,EM,-41723.858,-0.0011112,0.0,1.05,2339.0
OLDEST_D1_Z0_1_base,684,EM,-41723.859,-0.0010845,0.0,1.39,2340.4
OLDEST_D1_Z0_1_base,685,EM,-41723.861,-0.001053,0.0,1.51,2341.9
OLDEST_D1_Z0_1_base,686,EM,-41723.862,-0.0010278,0.0,0.96,2342.9
OLDEST_D1_Z0_1_base,687,EM,-41723.863,-0.0009979,0.0,1.53,2344.4
OLDEST_D1_Z0_1_base,688,EM,-41723.864,-0.000971,0.0,2.11,2346.5
OLDEST_D1_Z0_1_base,689,EM,-41723.864,-0.0009376,0.0,8.84,2355.3
OLDEST_D1_Z0_1_base,690,EM,-41723.865,-0.0009063,0.0,1.84,2357.2
OLDEST_D1_Z0_1_base,691,EM,-41723.866,-0.0008783,0.0,0.84,2358.0
OLDEST_D1_Z0_1_base,692,EM,-41723.867,-0.0008507,0.0,0.92,2359.0
OLDEST_D1_Z0_1_base,693,EM,-41723.868,-0.0008241,0.0,1.41,2360.4
OLDEST_D1_Z0_1_base,694,EM,-41723.869,-0.0007912,0.0,1.05,2361.4
OLDEST_D1_Z0_1_base,695,EM,-41723.869,-0.000756,0.0,1.04,2362.5
OLDEST_D1_Z0_1_base,696,EM,-41723.87,-0.0007298,0.0,1.09,2363.6
OLDEST_D1_Z0_1_base,697,EM,-41723.871,-0.0006947,0.0,0.96,2364.5
OLDEST_D1_Z0_1_base,698,EM,-41723.872,-0.0006623,0.0,0.81,2365.3
OLDEST_D1_Z0_1_base,699,EM,-41723.872,-0.0006293,0.0,0.77,2366.1
OLDEST_D1_Z0_1_base,700,EM,-41723.873,-0.0005858,0.0,0.96,2367.0
OLDEST_D1_Z0_1_base,701,EM,-41723.873,-0.0005656,0.0,1.02,2368.1
OLDEST_D1_Z0_1_base,702,EM,-41723.874,-0.0005303,0.0,0.84,2368.9
OLDEST_D1_Z0_1_base,703,EM,-41723.874,-0.0004964,0.0,2.04,2371.0
OLDEST_D1_Z0_1_base,704,EM,-41723.875,-0.0004746,0.0,7.24,2378.2
OLDEST_D1_Z0_1_base,705,EM,-41723.875,-0.0004238,0.0,2.01,2380.2
OLDEST_D1_Z0_1_base,706,EM,-41723.876,-0.0003832,0.0,0.84,2381.0
OLDEST_D1_Z0_1_base,707,EM,-41723.876,-0.0003492,0.0,1.07,2382.1
OLDEST_D1_Z0_1_base,708,EM,-41723.876,-0.0003144,0.0,0.76,2382.9
OLDEST_D1_Z0_1_base,709,EM,-41723.877,-0.0002765,0.0,1.07,2383.9
OLDEST_D1_Z0_1_base,710,EM,-41723.877,-0.0002409,0.0,0.86,2384.8
OLDEST_D1_Z0_1_base,711,EM,-41723.877,-0.0002011,0.0,0.73,2385.5
OLDEST_D1_Z0_1_base,712,EM,-41723.877,-0.0001607,0.0,0.76,2386.3
OLDEST_D1_Z0_1_base,713,EM,-41723.877,-0.0001182,0.0,0.7,2387.0
OLDEST_D1_Z0_1_base,714,EM,-41723.877,-7.78e-05,0.0,0.79,2387.8
OLDEST_D1_Z0_1_base,715,EM,-41723.877,-3.68e-05,0.0,0.78,2388.6
OLDEST_D1_Z0_1_base,716,EM,-41723.877,6.7e-06,0.0,0.77,2389.3
OLDEST_D1_Z0_1_base,717,EM,-41723.877,4.99e-05,0.0,0.73,2390.1
OLDEST_D1_Z0_1_base,718,EM,-41723.877,9.39e-05,0.0,0.89,2391.0
OLDEST_D1_Z0_1_base,719,EM,-41723.877,0.0001386,0.0,0.79,2391.7
OLDEST_D1_Z0_1_base,720,EM,-41723.877,0.0001845,0.0,0.86,2392.6
OLDEST_D1_Z0_1_base,721,EM,-41723.877,0.0002334,0.0,0.9,2393.5
OLDEST_D1_Z0_1_base,722,EM,-41723.876,0.0002835,0.0,0.66,2394.2
OLDEST_D1_Z0_1_base,723,EM,-41723.876,0.0003271,0.0,0.77,2394.9
OLDEST_D1_Z0_1_base,724,EM,-41723.876,0.0003784,0.0,0.89,2395.8
OLDEST_D1_Z0_1_base,725,EM,-41723.875,0.000435,0.0,0.87,2396.7
OLDEST_D1_Z0_1_base,726,EM,-41723.875,0.0004862,0.0,0.75,2397.4
OLDEST_D1_Z0_1_base,727,EM,-41723.874,0.0005399,0.0,0.73,2398.2
OLDEST_D1_Z0_1_base,728,EM,-41723.874,0.0005924,0.0,0.77,2398.9
OLDEST_D1_Z0_1_base,729,EM,-41723.873,0.0006489,0.0,0.66,2399.6
OLDEST_D1_Z0_1_base,730,EM,-41723.872,0.0007087,0.0,0.81,2400.4
OLDEST_D1_Z0_1_base,731,EM,-41723.872,0.0007673,0.0,0.66,2401.1
OLDEST_D1_Z0_1_base,732,EM,-41723.871,0.0008277,0.0,0.65,2401.7
OLDEST_D1_Z0_1_base,733,EM,-41723.87,0.0008901,0.0,60.69,2462.4
OLDEST_D1_Z0_1_base,734,EM,-41723.869,0.000954,0.0,0.81,2463.2
OLDEST_D1_Z0_1_base,735,EM,-41723.868,0.0010189,0.0,0.93,2464.1
OLDEST_D1_Z0_1_base,736,EM,-41723.867,0.0010858,0.0,0.8,2464.9
OLDEST_D1_Z0_1_base,737,EM,-41723.866,0.0011545,0.0,0.8,2465.7
OLDEST_D1_Z0_1_base,738,EM,-41723.864,0.0012252,0.0,0.79,2466.5
OLDEST_D1_Z0_1_base,739,EM,-41723.863,0.0012977,0.0,0.76,2467.3
OLDEST_D1_Z0_1_base,740,EM,-41723.862,0.0013722,0.0,0.79,2468.1
OLDEST_D1_Z0_1_base,741,EM,-41723.86,0.0014488,0.0,0.8,2468.9
OLDEST_D1_Z0_1_base,742,EM,-41723.859,0.0015274,0.0,0.78,2469.6
OLDEST_D1_Z0_1_base,743,EM,-41723.857,0.0016082,0.0,0.77,2470.4
OLDEST_D1_Z0_1_base,744,EM,-41723.855,0.0016913,0.0,0.79,2471.2
OLDEST_D1_Z0_1_base,745,EM,-41723.854,0.0017766,0.0,0.92,2472.1
OLDEST_D1_Z0_1_base,746,EM,-41723.852,0.0018644,0.0,0.84,2473.0
OLDEST_D1_Z0_1_base,747,EM,-41723.85,0.0019546,0.0,0.88,2473.8
OLDEST_D1_Z0_1_base,748,EM,-41723.848,0.0020474,0.0,0.76,2474.6
OLDEST_D1_Z0_1_base,749,EM,-41723.846,0.0021427,1e-07,0.92,2475.5
OLDEST_D1_Z0_1_base,750,EM,-41723.843,0.0022408,1e-07,0.79,2476.3
OLDEST_D1_Z0_1_base,751,EM,-41723.841,0.0023418,1e-07,1.5,2477.8
OLDEST_D1_Z0_1_base,752,EM,-41723.839,0.0024349,1e-07,10.01,2487.8
OLDEST_D1_Z0_1_base,753,EM,-41723.836,0.0025655,1e-07,6.66,2494.5
OLDEST_D1_Z0_1_base,754,EM,-41723.833,0.0026632,1e-07,9.47,2503.9
OLDEST_D1_Z0_1_base,755,EM,-41723.831,0.0027699,1e-07,2.04,2506.0
OLDEST_D1_Z0_1_base,756,EM,-41723.828,0.0028889,1e-07,1.29,2507.3
OLDEST_D1_Z0_1_base,757,EM,-41723.825,0.003002,1e-07,0.91,2508.2
OLDEST_D1_Z0_1_base,758,EM,-41723.822,0.0031311,1e-07,1.02,2509.2
OLDEST_D1_Z0_1_base,759,EM,-41723.818,0.0032548,1e-07,1.24,2510.4
OLDEST_D1_Z0_1_base,760,EM,-41723.815,0.0033943,1e-07,1.13,2511.6
OLDEST_D1_Z0_1_base,761,EM,-41723.811,0.0035138,1e-07,0.93,2512.5
OLDEST_D1_Z0_1_base,762,EM,-41723.808,0.0036437,1e-07,1.07,2513.6
OLDEST_D1_Z0_1_base,763,EM,-41723.804,0.0037903,1e-07,0.91,2514.5
OLDEST_D1_Z0_1_base,764,EM,-41723.8,0.003929,1e-07,0.99,2515.5
OLDEST_D1_Z0_1_base,765,EM,-41723.796,0.0040753,1e-07,0.96,2516.4
OLDEST_D1_Z0_1_base,766,EM,-41723.792,0.0042236,1e-07,1.02,2517.5
OLDEST_D1_Z0_1_base,767,EM,-41723.787,0.0043752,1e-07,0.88,2518.3
OLDEST_D1_Z0_1_base,768,EM,-41723.783,0.00453,1e-07,0.74,2519.1
OLDEST_D1_Z0_1_base,769,EM,-41723.778,0.0046828,1e-07,0.82,2519.9
OLDEST_D1_Z0_1_base,770,EM,-41723.773,0.0048485,1e-07,0.77,2520.7
OLDEST_D1_Z0_1_base,771,EM,-41723.768,0.0050095,1e-07,0.75,2521.4
OLDEST_D1_Z0_1_base,772,EM,-41723.763,0.0051804,1e-07,0.83,2522.2
OLDEST_D1_Z0_1_base,773,EM,-41723.758,0.0053501,1e-07,1.71,2524.0
OLDEST_D1_Z0_1_base,774,EM,-41723.752,0.0055129,1e-07,7.03,2531.0
OLDEST_D1_Z0_1_base,775,EM,-41723.747,0.005697,1e-07,1.91,2532.9
OLDEST_D1_Z0_1_base,776,EM,-41723.741,0.0058769,1e-07,0.9,2533.8
OLDEST_D1_Z0_1_base,777,EM,-41723.735,0.0060552,1e-07,0.66,2534.5
OLDEST_D1_Z0_1_base,778,EM,-41723.728,0.0062328,1e-07,0.79,2535.2
OLDEST_D1_Z0_1_base,779,EM,-41723.722,0.006422,2e-07,1.1,2536.4
OLDEST_D1_Z0_1_base,780,EM,-41723.715,0.006606,2e-07,0.72,2537.1
OLDEST_D1_Z0_1_base,781,EM,-41723.709,0.0067913,2e-07,1.7,2538.8
OLDEST_D1_Z0_1_base,782,EM,-41723.702,0.0069813,2e-07,6.6,2545.4
OLDEST_D1_Z0_1_base,783,EM,-41723.694,0.0071705,2e-07,107.95,2653.3
OLDEST_D1_Z0_1_base,784,EM,-41723.687,0.0073611,2e-07,68.7,2722.0
OLDEST_D1_Z0_1_base,785,EM,-41723.68,0.0075529,2e-07,0.74,2722.8
OLDEST_D1_Z0_1_base,786,EM,-41723.672,0.0077348,2e-07,0.84,2723.6
OLDEST_D1_Z0_1_base,787,EM,-41723.664,0.0079271,2e-07,1.13,2724.7
OLDEST_D1_Z0_1_base,788,EM,-41723.656,0.008117,2e-07,0.63,2725.4
OLDEST_D1_Z0_1_base,789,EM,-41723.647,0.0083039,2e-07,0.64,2726.0
OLDEST_D1_Z0_1_base,790,EM,-41723.639,0.0084898,2e-07,0.72,2726.7
OLDEST_D1_Z0_1_base,791,EM,-41723.63,0.0086767,2e-07,0.66,2727.4
OLDEST_D1_Z0_1_base,792,EM,-41723.621,0.0088574,2e-07,0.68,2728.1
OLDEST_D1_Z0_1_base,793,EM,-41723.612,0.0090382,2e-07,1.02,2729.1
OLDEST_D1_Z0_1_base,794,EM,-41723.603,0.0092139,2e-07,6.18,2735.3
OLDEST_D1_Z0_1_base,795,EM,-41723.594,0.0093844,2e-07,3.05,2738.3
OLDEST_D1_Z0_1_base,796,EM,-41723.584,0.0095592,2e-07,0.89,2739.2
OLDEST_D1_Z0_1_base,797,EM,-41723.575,0.009718,2e-07,0.81,2740.0
OLDEST_D1_Z0_1_base,798,EM,-41723.565,0.0098957,2e-07,0.77,2740.8
OLDEST_D1_Z0_1_base,799,EM,-41723.555,0.0100501,2e-07,0.66,2741.4
OLDEST_D1_Z0_1_base,800,EM,-41723.544,0.0102043,2e-07,0.92,2742.4
OLDEST_D1_Z0_1_base,801,EM,-41723.534,0.0103488,2e-07,0.81,2743.2
OLDEST_D1_Z0_1_base,802,EM,-41723.524,0.0104929,3e-07,0.71,2743.9
OLDEST_D1_Z0_1_base,803,EM,-41723.513,0.0106271,3e-07,0.72,2744.6
OLDEST_D1_Z0_1_base,804,EM,-41723.502,0.0107566,3e-07,0.64,2745.3
OLDEST_D1_Z0_1_base,805,EM,-41723.491,0.0108818,3e-07,0.77,2746.0
OLDEST_D1_Z0_1_base,806,EM,-41723.48,0.0109987,3e-07,0.69,2746.7
OLDEST_D1_Z0_1_base,807,EM,-41723.469,0.0111087,3e-07,0.59,2747.3
OLDEST_D1_Z0_1_base,808,EM,-41723.458,0.0112138,3e-07,0.95,2748.2
OLDEST_D1_Z0_1_base,809,EM,-41723.447,0.011311,3e-07,0.7,2748.9
OLDEST_D1_Z0_1_base,810,EM,-41723.435,0.0113997,3e-07,1.12,2750.1
OLDEST_D1_Z0_1_base,811,EM,-41723.424,0.0114835,3e-07,6.32,2756.4
OLDEST_D1_Z0_1_base,812,EM,-41723.412,0.0115593,3e-07,1.37,2757.8
OLDEST_D1_Z0_1_base,813,EM,-41723.401,0.011623,3e-07,0.77,2758.5
OLDEST_D1_Z0_1_base,814,EM,-41723.389,0.0116846,3e-07,1.2,2759.7
OLDEST_D1_Z0_1_base,815,EM,-41723.377,0.0117359,3e-07,0.84,2760.6
OLDEST_D1_Z0_1_base,816,EM,-41723.365,0.0117819,3e-07,0.66,2761.2
OLDEST_D1_Z0_1_base,817,EM,-41723.354,0.0118165,3e-07,0.67,2761.9
OLDEST_D1_Z0_1_base,818,EM,-41723.342,0.0118428,3e-07,0.89,2762.8
OLDEST_D1_Z0_1_base,819,EM,-41723.33,0.0118654,3e-07,0.91,2763.7
OLDEST_D1_Z0_1_base,820,EM,-41723.318,0.0118776,3e-07,0.71,2764.4
OLDEST_D1_Z0_1_base,821,EM,-41723.306,0.011886,3e-07,0.68,2765.1
OLDEST_D1_Z0_1_base,822,EM,-41723.294,0.0118797,3e-07,0.66,2765.8
OLDEST_D1_Z0_1_base,823,EM,-41723.282,0.0118736,3e-07,0.75,2766.5
OLDEST_D1_Z0_1_base,824,EM,-41723.27,0.0118523,3e-07,0.85,2767.3
OLDEST_D1_Z0_1_base,825,EM,-41723.259,0.0118262,3e-07,0.64,2768.0
OLDEST_D1_Z0_1_base,826,EM,-41723.247,0.011797,3e-07,0.7,2768.7
OLDEST_D1_Z0_1_base,827,EM,-41723.235,0.0117637,3e-07,0.66,2769.3
OLDEST_D1_Z0_1_base,828,EM,-41723.223,0.0117178,3e-07,0.71,2770.1
OLDEST_D1_Z0_1_base,829,EM,-41723.212,0.011663,3e-07,0.9,2771.0
OLDEST_D1_Z0_1_base,830,EM,-41723.2,0.0116035,3e-07,0.66,2771.6
OLDEST_D1_Z0_1_base,831,EM,-41723.189,0.011542,3e-07,0.87,2772.5
OLDEST_D1_Z0_1_base,832,EM,-41723.177,0.0114746,3e-07,0.83,2773.3
OLDEST_D1_Z0_1_base,833,EM,-41723.166,0.0113929,3e-07,0.68,2774.0
OLDEST_D1_Z0_1_base,834,EM,-41723.154,0.0113131,3e-07,0.82,2774.8
OLDEST_D1_Z0_1_base,835,EM,-41723.143,0.0112255,3e-07,74.62,2849.4
OLDEST_D1_Z0_1_base,836,EM,-41723.132,0.0111328,3e-07,1.18,2850.6
OLDEST_D1_Z0_1_base,837,EM,-41723.121,0.0110352,3e-07,1.0,2851.6
OLDEST_D1_Z0_1_base,838,EM,-41723.11,0.0109325,3e-07,0.88,2852.5
OLDEST_D1_Z0_1_base,839,EM,-41723.099,0.0108251,3e-07,1.33,2853.8
OLDEST_D1_Z0_1_base,840,EM,-41723.089,0.0107115,3e-07,6.77,2860.6
OLDEST_D1_Z0_1_base,841,EM,-41723.078,0.0106011,3e-07,1.36,2861.9
OLDEST_D1_Z0_1_base,842,EM,-41723.067,0.0104729,3e-07,0.98,2862.9
OLDEST_D1_Z0_1_base,843,EM,-41723.057,0.0103581,2e-07,1.58,2864.5
OLDEST_D1_Z0_1_base,844,EM,-41723.047,0.0102243,2e-07,6.56,2871.1
OLDEST_D1_Z0_1_base,845,EM,-41723.037,0.0100981,2e-07,1.47,2872.5
OLDEST_D1_Z0_1_base,846,EM,-41723.027,0.0099581,2e-07,1.15,2873.7
OLDEST_D1_Z0_1_base,847,EM,-41723.017,0.0098193,2e-07,1.13,2874.8
OLDEST_D1_Z0_1_base,848,EM,-41723.007,0.0096813,2e-07,0.79,2875.6
OLDEST_D1_Z0_1_base,849,EM,-41722.998,0.0095322,2e-07,0.82,2876.4
OLDEST_D1_Z0_1_base,850,EM,-41722.988,0.00939,2e-07,1.8,2878.2
OLDEST_D1_Z0_1_base,851,EM,-41722.979,0.0092399,2e-07,6.33,2884.6
OLDEST_D1_Z0_1_base,852,EM,-41722.97,0.0090928,2e-07,1.28,2885.8
OLDEST_D1_Z0_1_base,853,EM,-41722.961,0.0089384,2e-07,0.8,2886.6
OLDEST_D1_Z0_1_base,854,EM,-41722.952,0.0087823,2e-07,1.11,2887.8
OLDEST_D1_Z0_1_base,855,EM,-41722.944,0.0086324,2e-07,0.72,2888.5
OLDEST_D1_Z0_1_base,856,EM,-41722.935,0.0084729,2e-07,0.71,2889.2
OLDEST_D1_Z0_1_base,857,EM,-41722.927,0.0082998,2e-07,0.91,2890.1
OLDEST_D1_Z0_1_base,858,EM,-41722.919,0.0081514,2e-07,0.82,2890.9
OLDEST_D1_Z0_1_base,859,EM,-41722.911,0.0079893,2e-07,0.74,2891.7
OLDEST_D1_Z0_1_base,860,EM,-41722.903,0.0078271,2e-07,0.64,2892.3
OLDEST_D1_Z0_1_base,861,EM,-41722.895,0.0076651,2e-07,1.16,2893.5
OLDEST_D1_Z0_1_base,862,EM,-41722.888,0.0074999,2e-07,5.92,2899.4
OLDEST_D1_Z0_1_base,863,EM,-41722.88,0.0073376,2e-07,1.23,2900.6
OLDEST_D1_Z0_1_base,864,EM,-41722.873,0.0071691,2e-07,0.69,2901.3
OLDEST_D1_Z0_1_base,865,EM,-41722.866,0.0070062,2e-07,0.78,2902.1
OLDEST_D1_Z0_1_base,866,EM,-41722.859,0.0068371,2e-07,0.87,2902.9
OLDEST_D1_Z0_1_base,867,EM,-41722.853,0.0066721,2e-07,1.12,2904.1
OLDEST_D1_Z0_1_base,868,EM,-41722.846,0.0065068,2e-07,1.0,2905.1
OLDEST_D1_Z0_1_base,869,EM,-41722.84,0.0063411,2e-07,0.64,2905.7
OLDEST_D1_Z0_1_base,870,EM,-41722.834,0.0061782,1e-07,0.65,2906.4
OLDEST_D1_Z0_1_base,871,EM,-41722.828,0.0060151,1e-07,0.7,2907.1
OLDEST_D1_Z0_1_base,872,EM,-41722.822,0.0058454,1e-07,0.83,2907.9
OLDEST_D1_Z0_1_base,873,EM,-41722.816,0.0056842,1e-07,0.94,2908.8
OLDEST_D1_Z0_1_base,874,EM,-41722.811,0.0055213,1e-07,0.64,2909.5
OLDEST_D1_Z0_1_base,875,EM,-41722.805,0.0053584,1e-07,1.6,2911.1
OLDEST_D1_Z0_1_base,876,EM,-41722.8,0.0051971,1e-07,8.27,2919.3
OLDEST_D1_Z0_1_base,877,EM,-41722.795,0.0050459,1e-07,1.32,2920.7
OLDEST_D1_Z0_1_base,878,EM,-41722.79,0.0048761,1e-07,1.13,2921.8
OLDEST_D1_Z0_1_base,879,EM,-41722.786,0.0047176,1e-07,0.73,2922.5
OLDEST_D1_Z0_1_base,880,EM,-41722.781,0.0045617,1e-07,0.95,2923.5
OLDEST_D1_Z0_1_base,881,EM,-41722.777,0.0044035,1e-07,0.77,2924.2
OLDEST_D1_Z0_1_base,882,EM,-41722.772,0.0042499,1e-07,0.74,2925.0
OLDEST_D1_Z0_1_base,883,EM,-41722.768,0.0040938,1e-07,1.09,2926.1
OLDEST_D1_Z0_1_base,884,EM,-41722.764,0.0039369,1e-07,0.76,2926.8
OLDEST_D1_Z0_1_base,885,EM,-41722.76,0.0037963,1e-07,0.83,2927.6
OLDEST_D1_Z0_1_base,886,EM,-41722.757,0.0036435,1e-07,72.99,3000.6
OLDEST_D1_Z0_1_base,887,EM,-41722.753,0.0034938,1e-07,0.95,3001.6
OLDEST_D1_Z0_1_base,888,EM,-41722.75,0.0033464,1e-07,0.86,3002.4
OLDEST_D1_Z0_1_base,889,EM,-41722.747,0.0032017,1e-07,0.98,3003.4
OLDEST_D1_Z0_1_base,890,EM,-41722.744,0.0030583,1e-07,1.28,3004.7
OLDEST_D1_Z0_1_base,891,EM,-41722.741,0.002915,1e-07,1.11,3005.8
OLDEST_D1_Z0_1_base,892,EM,-41722.738,0.0027759,1e-07,0.96,3006.8
OLDEST_D1_Z0_1_base,893,EM,-41722.735,0.0026366,1e-07,0.96,3007.7
OLDEST_D1_Z0_1_base,894,EM,-41722.733,0.0025,1e-07,0.87,3008.6
OLDEST_D1_Z0_1_base,895,EM,-41722.731,0.0023645,1e-07,0.85,3009.4
OLDEST_D1_Z0_1_base,896,EM,-41722.728,0.0022322,1e-07,0.89,3010.3
OLDEST_D1_Z0_1_base,897,EM,-41722.726,0.002102,1e-07,0.88,3011.2
OLDEST_D1_Z0_1_base,898,EM,-41722.724,0.0019695,0.0,0.83,3012.0
OLDEST_D1_Z0_1_base,899,EM,-41722.722,0.0018417,0.0,0.82,3012.9
OLDEST_D1_Z0_1_base,900,EM,-41722.721,0.0017155,0.0,0.77,3013.6
OLDEST_D1_Z0_1_base,901,EM,-41722.719,0.0015911,0.0,0.77,3014.4
OLDEST_D1_Z0_1_base,902,EM,-41722.718,0.0014686,0.0,0.79,3015.2
OLDEST_D1_Z0_1_base,903,EM,-41722.716,0.0013478,0.0,0.8,3016.0
OLDEST_D1_Z0_1_base,904,EM,-41722.715,0.0012288,0.0,0.96,3016.9
OLDEST_D1_Z0_1_base,905,EM,-41722.714,0.0011117,0.0,0.74,3017.7
OLDEST_D1_Z0_1_base,906,EM,-41722.713,0.0009965,0.0,0.71,3018.4
OLDEST_D1_Z0_1_base,907,EM,-41722.712,0.000883,0.0,0.8,3019.2
OLDEST_D1_Z0_1_base,908,EM,-41722.711,0.0007714,0.0,1.05,3020.2
OLDEST_D1_Z0_1_base,909,EM,-41722.711,0.0006617,0.0,0.79,3021.0
OLDEST_D1_Z0_1_base,910,EM,-41722.71,0.0005537,0.0,0.86,3021.9
OLDEST_D1_Z0_1_base,911,EM,-41722.71,0.0004475,0.0,0.93,3022.8
OLDEST_D1_Z0_1_base,912,EM,-41722.709,0.0003429,0.0,0.82,3023.7
OLDEST_D1_Z0_1_base,913,EM,-41722.709,0.0002404,0.0,0.78,3024.4
OLDEST_D1_Z0_1_base,914,EM,-41722.709,0.0001399,0.0,1.08,3025.5
OLDEST_D1_Z0_1_base,915,EM,-41722.709,4.08e-05,0.0,0.74,3026.2
OLDEST_D1_Z0_1_base,916,EM,-41722.709,-5.65e-05,0.0,0.76,3027.0
OLDEST_D1_Z0_1_base,917,EM,-41722.709,-0.000152,0.0,0.82,3027.8
OLDEST_D1_Z0_1_base,918,EM,-41722.709,-0.0002459,0.0,0.94,3028.8
OLDEST_D1_Z0_1_base,919,EM,-41722.71,-0.0003381,0.0,0.71,3029.5
OLDEST_D1_Z0_1_base,920,EM,-41722.71,-0.0004286,0.0,0.77,3030.2
OLDEST_D1_Z0_1_base,921,EM,-41722.711,-0.0005174,0.0,0.98,3031.2
OLDEST_D1_Z0_1_base,922,EM,-41722.711,-0.0006046,0.0,0.81,3032.0
OLDEST_D1_Z0_1_base,923,EM,-41722.712,-0.0006902,0.0,0.71,3032.8
OLDEST_D1_Z0_1_base,924,EM,-41722.713,-0.0007742,0.0,0.76,3033.5
OLDEST_D1_Z0_1_base,925,EM,-41722.714,-0.0008567,0.0,1.34,3034.9
OLDEST_D1_Z0_1_base,926,EM,-41722.714,-0.0009348,0.0,7.29,3042.1
OLDEST_D1_Z0_1_base,927,EM,-41722.715,-0.0010177,0.0,1.88,3044.0
OLDEST_D1_Z0_1_base,928,EM,-41722.717,-0.001091,0.0,1.04,3045.1
OLDEST_D1_Z0_1_base,929,EM,-41722.718,-0.0011767,0.0,0.88,3045.9
OLDEST_D1_Z0_1_base,930,EM,-41722.719,-0.0012478,0.0,1.23,3047.2
OLDEST_D1_Z0_1_base,931,EM,-41722.72,-0.0013173,0.0,0.79,3048.0
OLDEST_D1_Z0_1_base,932,EM,-41722.722,-0.0013918,0.0,0.86,3048.8
OLDEST_D1_Z0_1_base,933,EM,-41722.723,-0.001462,0.0,1.11,3049.9
OLDEST_D1_Z0_1_base,934,EM,-41722.725,-0.0015333,0.0,100.53,3150.4
OLDEST_D1_Z0_1_base,935,EM,-41722.726,-0.0016003,0.0,1.86,3152.3
OLDEST_D1_Z0_1_base,936,EM,-41722.728,-0.0016651,0.0,1.04,3153.3
OLDEST_D1_Z0_1_base,937,EM,-41722.73,-0.001733,0.0,67.38,3220.7
OLDEST_D1_Z0_1_base,938,EM,-41722.731,-0.0017948,0.0,0.68,3221.4
OLDEST_D1_Z0_1_base,939,EM,-41722.733,-0.0018595,0.0,0.71,3222.1
OLDEST_D1_Z0_1_base,940,EM,-41722.735,-0.0019233,0.0,0.8,3222.9
OLDEST_D1_Z0_1_base,941,EM,-41722.737,-0.0019836,0.0,1.5,3224.4
OLDEST_D1_Z0_1_base,942,EM,-41722.739,-0.0020431,0.0,8.59,3233.0
OLDEST_D1_Z0_1_base,943,EM,-41722.741,-0.0020983,-1e-07,1.77,3234.8
OLDEST_D1_Z0_1_base,944,EM,-41722.744,-0.0021574,-1e-07,0.75,3235.5
OLDEST_D1_Z0_1_base,945,EM,-41722.746,-0.0022191,-1e-07,0.76,3236.3
OLDEST_D1_Z0_1_base,946,EM,-41722.748,-0.0022715,-1e-07,0.92,3237.2
OLDEST_D1_Z0_1_base,947,EM,-41722.75,-0.0023243,-1e-07,0.62,3237.8
OLDEST_D1_Z0_1_base,948,EM,-41722.753,-0.0023816,-1e-07,0.78,3238.6
OLDEST_D1_Z0_1_base,949,EM,-41722.755,-0.0024297,-1e-07,0.82,3239.4
OLDEST_D1_Z0_1_base,950,EM,-41722.758,-0.0024903,-1e-07,1.18,3240.6
OLDEST_D1_Z0_1_base,951,EM,-41722.76,-0.0025378,-1e-07,0.69,3241.3
OLDEST_D1_Z0_1_base,952,EM,-41722.763,-0.0025857,-1e-07,0.72,3242.0
OLDEST_D1_Z0_1_base,953,EM,-41722.765,-0.0026377,-1e-07,1.31,3243.3
OLDEST_D1_Z0_1_base,954,EM,-41722.768,-0.0026863,-1e-07,6.53,3249.8
OLDEST_D1_Z0_1_base,955,EM,-41722.771,-0.0027306,-1e-07,1.27,3251.1
OLDEST_D1_Z0_1_base,956,EM,-41722.774,-0.0027793,-1e-07,1.26,3252.4
OLDEST_D1_Z0_1_base,957,EM,-41722.776,-0.0028292,-1e-07,6.42,3258.8
OLDEST_D1_Z0_1_base,958,EM,-41722.779,-0.0028725,-1e-07,1.3,3260.1
OLDEST_D1_Z0_1_base,959,EM,-41722.782,-0.0029234,-1e-07,1.21,3261.3
OLDEST_D1_Z0_1_base,960,EM,-41722.785,-0.0029644,-1e-07,1.35,3262.7
OLDEST_D1_Z0_1_base,961,EM,-41722.788,-0.0030108,-1e-07,1.48,3264.1
OLDEST_D1_Z0_1_base,962,EM,-41722.791,-0.0030542,-1e-07,7.85,3272.0
OLDEST_D1_Z0_1_base,963,EM,-41722.794,-0.0030912,-1e-07,2.07,3274.1
OLDEST_D1_Z0_1_base,964,EM,-41722.797,-0.0031384,-1e-07,1.35,3275.4
OLDEST_D1_Z0_1_base,965,EM,-41722.801,-0.0031828,-1e-07,0.98,3276.4
OLDEST_D1_Z0_1_base,966,EM,-41722.804,-0.0032272,-1e-07,1.2,3277.6
OLDEST_D1_Z0_1_base,967,EM,-41722.807,-0.0032684,-1e-07,0.88,3278.5
OLDEST_D1_Z0_1_base,968,EM,-41722.81,-0.0033119,-1e-07,1.89,3280.4
OLDEST_D1_Z0_1_base,969,EM,-41722.814,-0.0033513,-1e-07,8.7,3289.1
OLDEST_D1_Z0_1_base,970,EM,-41722.817,-0.0033944,-1e-07,4.98,3294.0
OLDEST_D1_Z0_1_base,971,EM,-41722.821,-0.0034349,-1e-07,1.4,3295.4
OLDEST_D1_Z0_1_base,972,EM,-41722.824,-0.0034794,-1e-07,1.3,3296.8
OLDEST_D1_Z0_1_base,973,EM,-41722.828,-0.0035175,-1e-07,1.64,3298.4
OLDEST_D1_Z0_1_base,974,EM,-41722.831,-0.003562,-1e-07,1.28,3299.7
OLDEST_D1_Z0_1_base,975,EM,-41722.835,-0.0036027,-1e-07,1.12,3300.8
OLDEST_D1_Z0_1_base,976,EM,-41722.838,-0.0036399,-1e-07,1.43,3302.2
OLDEST_D1_Z0_1_base,977,EM,-41722.842,-0.0036898,-1e-07,1.8,3304.0
OLDEST_D1_Z0_1_base,978,EM,-41722.846,-0.0037267,-1e-07,9.62,3313.6
OLDEST_D1_Z0_1_base,979,EM,-41722.85,-0.0037605,-1e-07,4.43,3318.1
OLDEST_D1_Z0_1_base,980,EM,-41722.853,-0.0038116,-1e-07,1.95,3320.0
OLDEST_D1_Z0_1_base,981,EM,-41722.857,-0.0038577,-1e-07,9.62,3329.6
OLDEST_D1_Z0_1_base,982,EM,-41722.861,-0.0038972,-1e-07,4.94,3334.6
OLDEST_D1_Z0_1_base,983,EM,-41722.865,-0.0039459,-1e-07,1.23,3335.8
OLDEST_D1_Z0_1_base,984,EM,-41722.869,-0.0039848,-1e-07,1.17,3337.0
OLDEST_D1_Z0_1_base,985,EM,-41722.873,-0.0040308,-1e-07,1.12,3338.1
OLDEST_D1_Z0_1_base,986,EM,-41722.877,-0.0040877,-1e-07,1.14,3339.2
OLDEST_D1_Z0_1_base,987,EM,-41722.881,-0.0041231,-1e-07,1.39,3340.6
OLDEST_D1_Z0_1_base,988,EM,-41722.886,-0.004172,-1e-07,63.84,3404.5
OLDEST_D1_Z0_1_base,989,EM,-41722.89,-0.0042254,-1e-07,0.89,3405.4
OLDEST_D1_Z0_1_base,990,EM,-41722.894,-0.0042668,-1e-07,0.81,3406.2
OLDEST_D1_Z0_1_base,991,EM,-41722.898,-0.0043243,-1e-07,0.69,3406.8
OLDEST_D1_Z0_1_base,992,EM,-41722.903,-0.0043779,-1e-07,0.66,3407.5
OLDEST_D1_Z0_1_base,993,EM,-41722.907,-0.0044395,-1e-07,1.25,3408.8
OLDEST_D1_Z0_1_base,994,EM,-41722.912,-0.004486,-1e-07,7.34,3416.1
OLDEST_D1_Z0_1_base,995,EM,-41722.916,-0.0045335,-1e-07,3.45,3419.5
OLDEST_D1_Z0_1_base,996,EM,-41722.921,-0.0046037,-1e-07,0.9,3420.4
OLDEST_D1_Z0_1_base,997,EM,-41722.925,-0.0046716,-1e-07,1.04,3421.5
OLDEST_D1_Z0_1_base,998,EM,-41722.93,-0.0047237,-1e-07,1.05,3422.5
OLDEST_D1_Z0_1_base,999,EM,-41722.935,-0.0047961,-1e-07,0.91,3423.4
OLDEST_D1_Z0_1_base,1000,EM,-41722.94,-0.0048636,-1e-07,1.07,3424.5
OLDEST_D1_Z0_1_base,1001,EM,-41722.945,-0.0049352,-1e-07,0.89,3425.4
OLDEST_D1_Z0_1_base,1002,EM,-41722.95,-0.0050107,-1e-07,1.37,3426.8
OLDEST_D1_Z0_1_base,1003,EM,-41722.955,-0.0050888,-1e-07,0.83,3427.6
OLDEST_D1_Z0_1_base,1004,EM,-41722.96,-0.0051705,-1e-07,1.28,3428.9
OLDEST_D1_Z0_1_base,1005,EM,-41722.965,-0.0052555,-1e-07,0.79,3429.7
OLDEST_D1_Z0_1_base,1006,EM,-41722.971,-0.0053435,-1e-07,0.9,3430.6
OLDEST_D1_Z0_1_base,1007,EM,-41722.976,-0.0054391,-1e-07,1.16,3431.7
OLDEST_D1_Z0_1_base,1008,EM,-41722.982,-0.0055369,-1e-07,0.81,3432.5
OLDEST_D1_Z0_1_base,1009,EM,-41722.987,-0.0056413,-1e-07,1.22,3433.8
OLDEST_D1_Z0_1_base,1010,EM,-41722.993,-0.0057487,-1e-07,1.44,3435.2
OLDEST_D1_Z0_1_base,1011,EM,-41722.999,-0.0058647,-1e-07,9.06,3444.2
OLDEST_D1_Z0_1_base,1012,EM,-41723.005,-0.0059741,-1e-07,4.38,3448.6
OLDEST_D1_Z0_1_base,1013,EM,-41723.011,-0.0061024,-1e-07,1.78,3450.4
OLDEST_D1_Z0_1_base,1014,EM,-41723.017,-0.0062319,-1e-07,1.62,3452.0
OLDEST_D1_Z0_1_base,1015,EM,-41723.024,-0.006361,-2e-07,1.39,3453.4
OLDEST_D1_Z0_1_base,1016,EM,-41723.03,-0.0064911,-2e-07,1.64,3455.1
OLDEST_D1_Z0_1_base,1017,EM,-41723.037,-0.006627,-2e-07,8.97,3464.0
OLDEST_D1_Z0_1_base,1018,EM,-41723.043,-0.0067492,-2e-07,1.86,3465.9
OLDEST_D1_Z0_1_base,1019,EM,-41723.05,-0.0068625,-2e-07,1.63,3467.5
OLDEST_D1_Z0_1_base,1020,EM,-41723.057,-0.0069466,-2e-07,1.31,3468.8
OLDEST_D1_Z0_1_base,1021,EM,-41723.064,-0.0070056,-2e-07,1.3,3470.1
OLDEST_D1_Z0_1_base,1022,EM,-41723.071,-0.0069976,-2e-07,1.62,3471.7
OLDEST_D1_Z0_1_base,1023,EM,-41723.078,-0.0068995,-2e-07,1.82,3473.6
OLDEST_D1_Z0_1_base,1024,EM,-41723.085,-0.0066476,-2e-07,1.21,3474.8
OLDEST_D1_Z0_1_base,1025,EM,-41723.091,-0.0061656,-1e-07,1.36,3476.1
OLDEST_D1_Z0_1_base,1026,EM,-41723.096,-0.0053448,-1e-07,1.27,3477.4
OLDEST_D1_Z0_1_base,1027,EM,-41723.1,-0.003988,-1e-07,2.06,3479.5
OLDEST_D1_Z0_1_base,1028,EM,-41723.102,-0.00186,0.0,11.19,3490.7
OLDEST_D1_Z0_1_base,1029,EM,-41723.101,0.0014411,0.0,2.2,3492.9
OLDEST_D1_Z0_1_base,1030,EM,-41723.094,0.0063015,2e-07,1.84,3494.7
OLDEST_D1_Z0_1_base,1031,EM,-41723.081,0.013159,3e-07,1.82,3496.5
OLDEST_D1_Z0_1_base,1032,EM,-41723.059,0.0221378,5e-07,2.54,3499.1
OLDEST_D1_Z0_1_base,1033,EM,-41723.027,0.0325755,8e-07,9.77,3508.8
OLDEST_D1_Z0_1_base,1034,EM,-41722.984,0.0426442,1e-06,2.12,3510.9
OLDEST_D1_Z0_1_base,1035,EM,-41722.934,0.0496145,1.2e-06,2.01,3512.9
OLDEST_D1_Z0_1_base,1036,EM,-41722.883,0.0511755,1.2e-06,2.11,3515.1
OLDEST_D1_Z0_1_base,1037,EM,-41722.836,0.0470896,1.1e-06,8.43,3523.5
OLDEST_D1_Z0_1_base,1038,EM,-41722.797,0.0391222,9e-07,1.64,3525.1
OLDEST_D1_Z0_1_base,1039,EM,-41722.767,0.0297116,7e-07,0.97,3526.1
OLDEST_D1_Z0_1_base,1040,EM,-41722.746,0.0207395,5e-07,1.41,3527.5
OLDEST_D1_Z0_1_base,1041,EM,-41722.733,0.0131411,3e-07,90.56,3618.1
OLDEST_D1_Z0_1_base,1042,EM,-41722.726,0.0072202,2e-07,3.35,3621.4
OLDEST_D1_Z0_1_base,1043,EM,-41722.723,0.0028697,1e-07,2.8,3624.2
OLDEST_D1_Z0_1_base,1044,EM,-41722.723,-0.0001354,0.0,2.25,3626.5
OLDEST_D1_Z0_1_base,1045,EM,-41722.725,-0.0020531,0.0,1.61,3628.1
OLDEST_D1_Z0_1_base,1046,EM,-41722.729,-0.0031162,-1e-07,1.57,3629.7
OLDEST_D1_Z0_1_base,1047,EM,-41722.732,-0.0035289,-1e-07,1.32,3631.0
OLDEST_D1_Z0_1_base,1048,EM,-41722.735,-0.0034426,-1e-07,1.28,3632.3
OLDEST_D1_Z0_1_base,1049,EM,-41722.738,-0.0029746,-1e-07,1.57,3633.8
OLDEST_D1_Z0_1_base,1050,EM,-41722.741,-0.0022221,-1e-07,1.37,3635.2
OLDEST_D1_Z0_1_base,1051,EM,-41722.742,-0.0012491,0.0,1.7,3636.9
OLDEST_D1_Z0_1_base,1052,EM,-41722.742,-0.0001026,0.0,1.67,3638.6
OLDEST_D1_Z0_1_base,1053,EM,-41722.741,0.0011829,0.0,1.73,3640.3
OLDEST_D1_Z0_1_base,1054,EM,-41722.738,0.0025851,1e-07,1.24,3641.5
OLDEST_D1_Z0_1_base,1055,EM,-41722.734,0.0040893,1e-07,1.47,3643.0
OLDEST_D1_Z0_1_base,1056,EM,-41722.728,0.0056876,1e-07,1.1,3644.1
OLDEST_D1_Z0_1_base,1057,EM,-41722.721,0.0073769,2e-07,1.42,3645.5
OLDEST_D1_Z0_1_base,1058,EM,-41722.712,0.0091572,2e-07,2.39,3647.9
OLDEST_D1_Z0_1_base,1059,EM,-41722.701,0.0110303,3e-07,11.31,3659.2
OLDEST_D1_Z0_1_base,1060,EM,-41722.688,0.01301,3e-07,2.59,3661.8
OLDEST_D1_Z0_1_base,1061,EM,-41722.673,0.0150889,4e-07,1.77,3663.6
OLDEST_D1_Z0_1_base,1062,EM,-41722.656,0.0172891,4e-07,1.89,3665.5
OLDEST_D1_Z0_1_base,1063,EM,-41722.636,0.0196195,5e-07,1.28,3666.8
OLDEST_D1_Z0_1_base,1064,EM,-41722.614,0.0220914,5e-07,1.7,3668.5
OLDEST_D1_Z0_1_base,1065,EM,-41722.589,0.0247328,6e-07,1.51,3670.0
OLDEST_D1_Z0_1_base,1066,EM,-41722.562,0.0275548,7e-07,1.48,3671.5
OLDEST_D1_Z0_1_base,1067,EM,-41722.531,0.0305773,7e-07,1.39,3672.8
OLDEST_D1_Z0_1_base,1068,EM,-41722.497,0.0338516,8e-07,2.42,3675.3
OLDEST_D1_Z0_1_base,1069,EM,-41722.46,0.0373914,9e-07,1.15,3676.4
OLDEST_D1_Z0_1_base,1070,EM,-41722.418,0.0412529,1e-06,1.15,3677.6
OLDEST_D1_Z0_1_base,1071,EM,-41722.373,0.0454887,1.1e-06,0.97,3678.5
OLDEST_D1_Z0_1_base,1072,EM,-41722.323,0.0501732,1.2e-06,2.19,3680.7
OLDEST_D1_Z0_1_base,1073,EM,-41722.267,0.0553881,1.3e-06,9.89,3690.6
OLDEST_D1_Z0_1_base,1074,EM,-41722.206,0.0612574,1.5e-06,1.76,3692.4
OLDEST_D1_Z0_1_base,1075,EM,-41722.138,0.067916,1.6e-06,1.11,3693.5
OLDEST_D1_Z0_1_base,1076,EM,-41722.063,0.0755352,1.8e-06,1.23,3694.7
OLDEST_D1_Z0_1_base,1077,EM,-41721.978,0.0843163,2e-06,1.2,3695.9
OLDEST_D1_Z0_1_base,1078,EM,-41721.884,0.0945024,2.3e-06,1.14,3697.1
OLDEST_D1_Z0_1_base,1079,EM,-41721.778,0.1062905,2.5e-06,0.9,3698.0
OLDEST_D1_Z0_1_base,1080,EM,-41721.658,0.119787,2.9e-06,1.04,3699.0
OLDEST_D1_Z0_1_base,1081,EM,-41721.523,0.134822,3.2e-06,1.49,3700.5
OLDEST_D1_Z0_1_base,1082,EM,-41721.372,0.1507809,3.6e-06,7.19,3707.7
OLDEST_D1_Z0_1_base,1083,EM,-41721.206,0.1664133,4e-06,1.41,3709.1
OLDEST_D1_Z0_1_base,1084,EM,-41721.026,0.179975,4.3e-06,1.27,3710.4
OLDEST_D1_Z0_1_base,1085,EM,-41720.836,0.1897875,4.5e-06,0.85,3711.2
OLDEST_D1_Z0_1_base,1086,EM,-41720.641,0.1950229,4.7e-06,1.1,3712.3
OLDEST_D1_Z0_1_base,1087,EM,-41720.445,0.1960371,4.7e-06,1.04,3713.4
OLDEST_D1_Z0_1_base,1088,EM,-41720.251,0.1940781,4.7e-06,1.07,3714.4
OLDEST_D1_Z0_1_base,1089,EM,-41720.06,0.1905146,4.6e-06,1.12,3715.5
OLDEST_D1_Z0_1_base,1090,EM,-41719.874,0.1864446,4.5e-06,0.96,3716.5
OLDEST_D1_Z0_1_base,1091,EM,-41719.691,0.1824784,4.4e-06,0.95,3717.5
OLDEST_D1_Z0_1_base,1092,EM,-41719.513,0.1788949,4.3e-06,1.67,3719.1
OLDEST_D1_Z0_1_base,1093,EM,-41719.337,0.1757522,4.2e-06,6.35,3725.5
OLDEST_D1_Z0_1_base,1094,EM,-41719.164,0.1730368,4.1e-06,1.66,3727.1
OLDEST_D1_Z0_1_base,1095,EM,-41718.993,0.1706565,4.1e-06,69.56,3796.7
OLDEST_D1_Z0_1_base,1096,EM,-41718.825,0.168531,4e-06,1.03,3797.7
OLDEST_D1_Z0_1_base,1097,QN,-41708.547,10.2773743,0.0002463,88.53,3886.3
OLDEST_D1_Z0_1_base,1098,EM,-41703.024,5.5234097,0.0001324,4.8,3891.1
OLDEST_D1_Z0_1_base,1099,EM,-41701.835,1.1890989,2.85e-05,1.8,3892.9
OLDEST_D1_Z0_1_base,1100,EM,-41701.177,0.6577152,1.58e-05,7.17,3900.0
OLDEST_D1_Z0_1_base,1101,EM,-41700.715,0.461895,1.11e-05,1.57,3901.6
OLDEST_D1_Z0_1_base,1102,EM,-41700.357,0.3585605,8.6e-06,1.07,3902.7
OLDEST_D1_Z0_1_base,1103,EM,-41700.062,0.2947617,7.1e-06,1.15,3903.8
OLDEST_D1_Z0_1_base,1104,EM,-41699.808,0.2533185,6.1e-06,0.92,3904.8
OLDEST_D1_Z0_1_base,1105,EM,-41699.581,0.2273067,5.5e-06,0.83,3905.6
OLDEST_D1_Z0_1_base,1106,EM,-41699.366,0.2153491,5.2e-06,0.77,3906.4
OLDEST_D1_Z0_1_base,1107,EM,-41699.147,0.2188642,5.2e-06,0.8,3907.1
OLDEST_D1_Z0_1_base,1108,EM,-41698.91,0.2367627,5.7e-06,0.87,3908.0
OLDEST_D1_Z0_1_base,1109,EM,-41698.649,0.2615695,6.3e-06,0.78,3908.8
OLDEST_D1_Z0_1_base,1110,EM,-41698.366,0.2824564,6.8e-06,0.72,3909.5
OLDEST_D1_Z0_1_base,1111,EM,-41698.075,0.291639,7e-06,0.78,3910.3
OLDEST_D1_Z0_1_base,1112,EM,-41697.788,0.286722,6.9e-06,0.82,3911.1
OLDEST_D1_Z0_1_base,1113,QN,-41694.792,2.9956691,7.18e-05,145.58,4056.7
OLDEST_D1_Z0_1_base,1114,EM,-41694.039,0.7528239,1.81e-05,1.35,4058.0
OLDEST_D1_Z0_1_base,1115,EM,-41693.878,0.1609157,3.9e-06,1.05,4059.1
OLDEST_D1_Z0_1_base,1116,EM,-41693.766,0.1119732,2.7e-06,0.97,4060.1
OLDEST_D1_Z0_1_base,1117,EM,-41693.68,0.0867429,2.1e-06,1.34,4061.4
OLDEST_D1_Z0_1_base,1118,EM,-41693.611,0.0686074,1.6e-06,7.47,4068.9
OLDEST_D1_Z0_1_base,1119,EM,-41693.556,0.0546751,1.3e-06,1.54,4070.4
OLDEST_D1_Z0_1_base,1120,EM,-41693.513,0.0437983,1.1e-06,0.97,4071.4
OLDEST_D1_Z0_1_base,1121,EM,-41693.477,0.035197,8e-07,1.4,4072.8
OLDEST_D1_Z0_1_base,1122,EM,-41693.449,0.0282998,7e-07,1.66,4074.4
OLDEST_D1_Z0_1_base,1123,EM,-41693.426,0.022696,5e-07,9.94,4084.4
OLDEST_D1_Z0_1_base,1124,EM,-41693.408,0.0180563,4e-07,1.45,4085.8
OLDEST_D1_Z0_1_base,1125,EM,-41693.394,0.0141486,3e-07,1.15,4087.0
OLDEST_D1_Z0_1_base,1126,EM,-41693.383,0.0108094,3e-07,0.83,4087.8
OLDEST_D1_Z0_1_base,1127,EM,-41693.375,0.0079066,2e-07,0.99,4088.8
OLDEST_D1_Z0_1_base,1128,EM,-41693.37,0.0053566,1e-07,1.38,4090.2
OLDEST_D1_Z0_1_base,1129,EM,-41693.367,0.0030839,1e-07,6.83,4097.0
OLDEST_D1_Z0_1_base,1130,EM,-41693.366,0.0010426,0.0,1.8,4098.8
OLDEST_D1_Z0_1_base,1131,EM,-41693.367,-0.0008071,0.0,10.07,4108.9
OLDEST_D1_Z0_1_base,1132,EM,-41693.369,-0.0024921,-1e-07,1.95,4110.8
OLDEST_D1_Z0_1_base,1133,EM,-41693.373,-0.0040339,-1e-07,10.22,4121.0
OLDEST_D1_Z0_1_base,1134,EM,-41693.379,-0.0054662,-1e-07,2.09,4123.1
OLDEST_D1_Z0_1_base,1135,EM,-41693.386,-0.0067758,-2e-07,11.75,4134.9
OLDEST_D1_Z0_1_base,1136,EM,-41693.394,-0.0080005,-2e-07,2.2,4137.1
OLDEST_D1_Z0_1_base,1137,EM,-41693.403,-0.00914,-2e-07,1.57,4138.6
OLDEST_D1_Z0_1_base,1138,EM,-41693.413,-0.0102005,-2e-07,1.33,4140.0
OLDEST_D1_Z0_1_base,1139,EM,-41693.424,-0.011197,-3e-07,1.39,4141.4
OLDEST_D1_Z0_1_base,1140,EM,-41693.436,-0.01213,-3e-07,1.07,4142.4
OLDEST_D1_Z0_1_base,1141,EM,-41693.449,-0.0130077,-3e-07,1.31,4143.8
OLDEST_D1_Z0_1_base,1142,EM,-41693.463,-0.0138331,-3e-07,1.5,4145.3
OLDEST_D1_Z0_1_base,1143,EM,-41693.478,-0.0146134,-4e-07,1.63,4146.9
OLDEST_D1_Z0_1_base,1144,EM,-41693.493,-0.0153492,-4e-07,1.96,4148.8
OLDEST_D1_Z0_1_base,1145,EM,-41693.509,-0.0160482,-4e-07,15.33,4164.2
OLDEST_D1_Z0_1_base,1146,EM,-41693.526,-0.0167161,-4e-07,2.67,4166.8
OLDEST_D1_Z0_1_base,1147,EM,-41693.543,-0.0173299,-4e-07,1.52,4168.4
OLDEST_D1_Z0_1_base,1148,EM,-41693.561,-0.017941,-4e-07,2.29,4170.6
OLDEST_D1_Z0_1_base,1149,EM,-41693.58,-0.0185117,-4e-07,1.72,4172.4
OLDEST_D1_Z0_1_base,1150,EM,-41693.599,-0.0190571,-5e-07,1.48,4173.8
OLDEST_D1_Z0_1_base,1151,EM,-41693.618,-0.0195785,-5e-07,83.86,4257.7
OLDEST_D1_Z0_1_base,1152,EM,-41693.638,-0.0200786,-5e-07,10.19,4267.9
OLDEST_D1_Z0_1_base,1153,EM,-41693.659,-0.0205592,-5e-07,1.73,4269.6
OLDEST_D1_Z0_1_base,1154,EM,-41693.68,-0.0210197,-5e-07,1.63,4271.3
OLDEST_D1_Z0_1_base,1155,EM,-41693.701,-0.0214646,-5e-07,1.66,4272.9
OLDEST_D1_Z0_1_base,1156,EM,-41693.723,-0.0218894,-5e-07,10.91,4283.8
OLDEST_D1_Z0_1_base,1157,EM,-41693.746,-0.0223028,-5e-07,1.79,4285.6
OLDEST_D1_Z0_1_base,1158,EM,-41693.768,-0.0227033,-5e-07,1.44,4287.1
OLDEST_D1_Z0_1_base,1159,EM,-41693.791,-0.0230876,-6e-07,1.69,4288.7
OLDEST_D1_Z0_1_base,1160,EM,-41693.815,-0.023463,-6e-07,12.13,4300.9
OLDEST_D1_Z0_1_base,1161,EM,-41693.839,-0.0238234,-6e-07,1.68,4302.6
OLDEST_D1_Z0_1_base,1162,EM,-41693.863,-0.0241726,-6e-07,2.09,4304.7
OLDEST_D1_Z0_1_base,1163,EM,-41693.887,-0.0245124,-6e-07,1.24,4305.9
OLDEST_D1_Z0_1_base,1164,EM,-41693.912,-0.0248471,-6e-07,1.18,4307.1
OLDEST_D1_Z0_1_base,1165,EM,-41693.937,-0.0251764,-6e-07,1.0,4308.1
OLDEST_D1_Z0_1_base,1166,EM,-41693.963,-0.025479,-6e-07,1.59,4309.7
OLDEST_D1_Z0_1_base,1167,EM,-41693.989,-0.0257916,-6e-07,14.43,4324.1
OLDEST_D1_Z0_1_base,1168,EM,-41694.015,-0.0260877,-6e-07,2.24,4326.3
OLDEST_D1_Z0_1_base,1169,EM,-41694.041,-0.0263816,-6e-07,2.17,4328.5
OLDEST_D1_Z0_1_base,1170,EM,-41694.068,-0.0266632,-6e-07,2.34,4330.8
OLDEST_D1_Z0_1_base,1171,EM,-41694.095,-0.0269424,-6e-07,16.88,4347.7
OLDEST_D1_Z0_1_base,1172,EM,-41694.122,-0.0272133,-7e-07,2.77,4350.5
OLDEST_D1_Z0_1_base,1173,EM,-41694.149,-0.0274794,-7e-07,2.28,4352.8
OLDEST_D1_Z0_1_base,1174,EM,-41694.177,-0.0277418,-7e-07,2.14,4354.9
OLDEST_D1_Z0_1_base,1175,EM,-41694.205,-0.0279916,-7e-07,14.33,4369.2
OLDEST_D1_Z0_1_base,1176,EM,-41694.233,-0.0282439,-7e-07,2.02,4371.3
OLDEST_D1_Z0_1_base,1177,EM,-41694.262,-0.0284833,-7e-07,2.25,4373.5
OLDEST_D1_Z0_1_base,1178,EM,-41694.291,-0.0287358,-7e-07,1.97,4375.5
OLDEST_D1_Z0_1_base,1179,EM,-41694.319,-0.0289497,-7e-07,1.95,4377.4
OLDEST_D1_Z0_1_base,1180,EM,-41694.349,-0.0291861,-7e-07,11.89,4389.3
OLDEST_D1_Z0_1_base,1181,EM,-41694.378,-0.0294086,-7e-07,1.62,4390.9
OLDEST_D1_Z0_1_base,1182,EM,-41694.408,-0.0296269,-7e-07,1.27,4392.2
OLDEST_D1_Z0_1_base,1183,EM,-41694.438,-0.0298441,-7e-07,2.0,4394.2
OLDEST_D1_Z0_1_base,1184,EM,-41694.468,-0.0300575,-7e-07,11.36,4405.6
OLDEST_D1_Z0_1_base,1185,EM,-41694.498,-0.0302647,-7e-07,1.61,4407.2
OLDEST_D1_Z0_1_base,1186,EM,-41694.528,-0.0304675,-7e-07,1.67,4408.8
OLDEST_D1_Z0_1_base,1187,EM,-41694.559,-0.0306686,-7e-07,10.23,4419.1
OLDEST_D1_Z0_1_base,1188,EM,-41694.59,-0.0308618,-7e-07,9.64,4428.7
OLDEST_D1_Z0_1_base,1189,EM,-41694.621,-0.0310577,-7e-07,1.62,4430.3
OLDEST_D1_Z0_1_base,1190,EM,-41694.652,-0.0312487,-7e-07,1.2,4431.5
OLDEST_D1_Z0_1_base,1191,EM,-41694.684,-0.0314291,-8e-07,1.02,4432.5
OLDEST_D1_Z0_1_base,1192,EM,-41694.715,-0.0316147,-8e-07,1.68,4434.2
OLDEST_D1_Z0_1_base,1193,EM,-41694.747,-0.0317935,-8e-07,10.55,4444.8
OLDEST_D1_Z0_1_base,1194,EM,-41694.779,-0.0319691,-8e-07,2.46,4447.2
OLDEST_D1_Z0_1_base,1195,EM,-41694.811,-0.0321428,-8e-07,11.98,4459.2
OLDEST_D1_Z0_1_base,1196,EM,-41694.843,-0.0323126,-8e-07,13.36,4472.6
OLDEST_D1_Z0_1_base,1197,EM,-41694.876,-0.0324782,-8e-07,2.52,4475.1
OLDEST_D1_Z0_1_base,1198,EM,-41694.909,-0.0326423,-8e-07,2.02,4477.1
OLDEST_D1_Z0_1_base,1199,EM,-41694.941,-0.0328045,-8e-07,2.53,4479.6
OLDEST_D1_Z0_1_base,1200,EM,-41694.974,-0.0329656,-8e-07,16.5,4496.1
OLDEST_D1_Z0_1_base,1201,EM,-41695.007,-0.0331145,-8e-07,2.55,4498.7
OLDEST_D1_Z0_1_base,1202,EM,-41695.041,-0.0332782,-8e-07,83.58,4582.3
OLDEST_D1_Z0_1_base,1203,EM,-41695.074,-0.0334221,-8e-07,10.4,4592.7
OLDEST_D1_Z0_1_base,1204,EM,-41695.108,-0.0335728,-8e-07,1.39,4594.1
OLDEST_D1_Z0_1_base,1205,EM,-41695.141,-0.0337124,-8e-07,1.09,4595.1
OLDEST_D1_Z0_1_base,1206,EM,-41695.175,-0.0338643,-8e-07,1.15,4596.3
OLDEST_D1_Z0_1_base,1207,EM,-41695.209,-0.0340054,-8e-07,1.12,4597.4
OLDEST_D1_Z0_1_base,1208,EM,-41695.243,-0.0341405,-8e-07,1.06,4598.5
OLDEST_D1_Z0_1_base,1209,EM,-41695.278,-0.0342778,-8e-07,1.45,4599.9
OLDEST_D1_Z0_1_base,1210,EM,-41695.312,-0.0344125,-8e-07,10.28,4610.2
OLDEST_D1_Z0_1_base,1211,EM,-41695.347,-0.0345476,-8e-07,1.56,4611.8
OLDEST_D1_Z0_1_base,1212,EM,-41695.381,-0.0346778,-8e-07,1.29,4613.1
OLDEST_D1_Z0_1_base,1213,EM,-41695.416,-0.0347953,-8e-07,1.22,4614.3
OLDEST_D1_Z0_1_base,1214,EM,-41695.451,-0.034936,-8e-07,2.11,4616.4
OLDEST_D1_Z0_1_base,1215,EM,-41695.486,-0.0350568,-8e-07,1.05,4617.4
OLDEST_D1_Z0_1_base,1216,EM,-41695.521,-0.0351796,-8e-07,0.92,4618.4
OLDEST_D1_Z0_1_base,1217,EM,-41695.557,-0.0353012,-8e-07,1.3,4619.7
OLDEST_D1_Z0_1_base,1218,EM,-41695.592,-0.0354208,-8e-07,1.1,4620.8
OLDEST_D1_Z0_1_base,1219,EM,-41695.628,-0.0355385,-9e-07,1.82,4622.6
OLDEST_D1_Z0_1_base,1220,EM,-41695.663,-0.0356537,-9e-07,12.45,4635.0
OLDEST_D1_Z0_1_base,1221,EM,-41695.699,-0.0357693,-9e-07,2.75,4637.8
OLDEST_D1_Z0_1_base,1222,EM,-41695.735,-0.035884,-9e-07,15.27,4653.1
OLDEST_D1_Z0_1_base,1223,EM,-41695.771,-0.0359969,-9e-07,2.78,4655.8
OLDEST_D1_Z0_1_base,1224,EM,-41695.807,-0.036102,-9e-07,2.23,4658.1
OLDEST_D1_Z0_1_base,1225,EM,-41695.843,-0.0362132,-9e-07,2.31,4660.4
OLDEST_D1_Z0_1_base,1226,EM,-41695.88,-0.0363167,-9e-07,15.56,4675.9
OLDEST_D1_Z0_1_base,1227,EM,-41695.916,-0.0364282,-9e-07,2.57,4678.5
OLDEST_D1_Z0_1_base,1228,EM,-41695.952,-0.0365211,-9e-07,1.59,4680.1
OLDEST_D1_Z0_1_base,1229,EM,-41695.989,-0.0366312,-9e-07,1.93,4682.0
OLDEST_D1_Z0_1_base,1230,EM,-41696.026,-0.0367301,-9e-07,2.63,4684.7
OLDEST_D1_Z0_1_base,1231,EM,-41696.063,-0.0368354,-9e-07,2.19,4686.8
OLDEST_D1_Z0_1_base,1232,EM,-41696.1,-0.0369336,-9e-07,1.5,4688.3
OLDEST_D1_Z0_1_base,1233,EM,-41696.137,-0.0370318,-9e-07,1.3,4689.6
OLDEST_D1_Z0_1_base,1234,EM,-41696.174,-0.0371279,-9e-07,1.95,4691.6
OLDEST_D1_Z0_1_base,1235,EM,-41696.211,-0.0372237,-9e-07,1.09,4692.7
OLDEST_D1_Z0_1_base,1236,EM,-41696.248,-0.0373203,-9e-07,1.19,4693.9
OLDEST_D1_Z0_1_base,1237,EM,-41696.286,-0.0374107,-9e-07,1.21,4695.1
OLDEST_D1_Z0_1_base,1238,EM,-41696.323,-0.037503,-9e-07,1.83,4696.9
OLDEST_D1_Z0_1_base,1239,EM,-41696.361,-0.0375954,-9e-07,2.32,4699.2
OLDEST_D1_Z0_1_base,1240,EM,-41696.399,-0.0376885,-9e-07,14.38,4713.6
OLDEST_D1_Z0_1_base,1241,EM,-41696.436,-0.0377776,-9e-07,3.64,4717.2
OLDEST_D1_Z0_1_base,1242,EM,-41696.474,-0.0378637,-9e-07,11.17,4728.4
OLDEST_D1_Z0_1_base,1243,EM,-41696.512,-0.0379512,-9e-07,1.67,4730.1
OLDEST_D1_Z0_1_base,1244,EM,-41696.55,-0.0380387,-9e-07,1.24,4731.3
OLDEST_D1_Z0_1_base,1245,EM,-41696.588,-0.0381193,-9e-07,0.96,4732.3
OLDEST_D1_Z0_1_base,1246,EM,-41696.626,-0.0382111,-9e-07,1.37,4733.6
OLDEST_D1_Z0_1_base,1247,EM,-41696.665,-0.0382917,-9e-07,1.57,4735.2
OLDEST_D1_Z0_1_base,1248,EM,-41696.703,-0.038374,-9e-07,1.74,4737.0
OLDEST_D1_Z0_1_base,1249,EM,-41696.742,-0.0384561,-9e-07,10.44,4747.4
OLDEST_D1_Z0_1_base,1250,EM,-41696.78,-0.0385394,-9e-07,1.61,4749.0
OLDEST_D1_Z0_1_base,1251,EM,-41696.819,-0.0386174,-9e-07,1.21,4750.2
OLDEST_D1_Z0_1_base,1252,EM,-41696.857,-0.0387033,-9e-07,1.11,4751.3
OLDEST_D1_Z0_1_base,1253,EM,-41696.896,-0.0387808,-9e-07,78.71,4830.0
OLDEST_D1_Z0_1_base,1254,EM,-41696.935,-0.0388599,-9e-07,16.18,4846.2
OLDEST_D1_Z0_1_base,1255,EM,-41696.974,-0.0389319,-9e-07,2.7,4848.9
OLDEST_D1_Z0_1_base,1256,EM,-41697.013,-0.0390134,-9e-07,1.57,4850.5
OLDEST_D1_Z0_1_base,1257,EM,-41697.052,-0.0390903,-9e-07,1.81,4852.3
OLDEST_D1_Z0_1_base,1258,EM,-41697.091,-0.0391663,-9e-07,1.25,4853.6
OLDEST_D1_Z0_1_base,1259,EM,-41697.131,-0.039244,-9e-07,1.8,4855.4
OLDEST_D1_Z0_1_base,1260,EM,-41697.17,-0.0393159,-9e-07,1.52,4856.9
OLDEST_D1_Z0_1_base,1261,EM,-41697.209,-0.0393914,-9e-07,1.77,4858.7
OLDEST_D1_Z0_1_base,1262,EM,-41697.249,-0.0394646,-9e-07,1.27,4859.9
OLDEST_D1_Z0_1_base,1263,EM,-41697.288,-0.039539,-9e-07,1.43,4861.4
OLDEST_D1_Z0_1_base,1264,EM,-41697.328,-0.0396114,-9e-07,1.51,4862.9
OLDEST_D1_Z0_1_base,1265,EM,-41697.368,-0.0396845,-1e-06,1.86,4864.7
OLDEST_D1_Z0_1_base,1266,EM,-41697.407,-0.0397607,-1e-06,14.91,4879.6
OLDEST_D1_Z0_1_base,1267,EM,-41697.447,-0.0398235,-1e-06,12.91,4892.5
OLDEST_D1_Z0_1_base,1268,EM,-41697.487,-0.0398968,-1e-06,2.46,4895.0
OLDEST_D1_Z0_1_base,1269,EM,-41697.527,-0.0400142,-1e-06,10.57,4905.6
OLDEST_D1_Z0_1_base,1270,EM,-41697.567,-0.0400252,-1e-06,9.92,4915.5
OLDEST_D1_Z0_1_base,1271,EM,-41697.607,-0.0400921,-1e-06,2.01,4917.5
OLDEST_D1_Z0_1_base,1272,EM,-41697.647,-0.0401712,-1e-06,1.21,4918.7
OLDEST_D1_Z0_1_base,1273,EM,-41697.688,-0.0402385,-1e-06,1.27,4920.0
OLDEST_D1_Z0_1_base,1274,EM,-41697.728,-0.040307,-1e-06,0.79,4920.8
OLDEST_D1_Z0_1_base,1275,EM,-41697.768,-0.0403766,-1e-06,1.43,4922.2
OLDEST_D1_Z0_1_base,1276,EM,-41697.809,-0.0404439,-1e-06,0.93,4923.1
OLDEST_D1_Z0_1_base,1277,EM,-41697.849,-0.0405119,-1e-06,1.47,4924.6
OLDEST_D1_Z0_1_base,1278,EM,-41697.89,-0.040585,-1e-06,326.38,5251.0
OLDEST_D1_Z0_1_base,1279,EM,-41697.93,-0.0406475,-1e-06,10.87,5261.8
OLDEST_D1_Z0_1_base,1280,EM,-41697.971,-0.0407091,-1e-06,2.23,5264.1
OLDEST_D1_Z0_1_base,1281,EM,-41698.012,-0.0407803,-1e-06,1.4,5265.5
OLDEST_D1_Z0_1_base,1282,EM,-41698.053,-0.040843,-1e-06,1.66,5267.1
OLDEST_D1_Z0_1_base,1283,EM,-41698.094,-0.0409106,-1e-06,15.28,5282.4
OLDEST_D1_Z0_1_base,1284,EM,-41698.135,-0.0409767,-1e-06,8.07,5290.5
OLDEST_D1_Z0_1_base,1285,EM,-41698.176,-0.0410714,-1e-06,15.09,5305.6
OLDEST_D1_Z0_1_base,1286,EM,-41698.217,-0.0411198,-1e-06,17.18,5322.7
OLDEST_D1_Z0_1_base,1287,EM,-41698.258,-0.0411565,-1e-06,3.36,5326.1
OLDEST_D1_Z0_1_base,1288,EM,-41698.299,-0.0412274,-1e-06,2.3,5328.4
OLDEST_D1_Z0_1_base,1289,EM,-41698.341,-0.0412856,-1e-06,1.98,5330.4
OLDEST_D1_Z0_1_base,1290,EM,-41698.382,-0.0413522,-1e-06,2.8,5333.2
OLDEST_D1_Z0_1_base,1291,EM,-41698.423,-0.0414236,-1e-06,13.17,5346.4
OLDEST_D1_Z0_1_base,1292,EM,-41698.465,-0.0414734,-1e-06,2.89,5349.2
OLDEST_D1_Z0_1_base,1293,EM,-41698.506,-0.0415704,-1e-06,10.42,5359.7
OLDEST_D1_Z0_1_base,1294,EM,-41698.548,-0.0416052,-1e-06,3.84,5363.5
OLDEST_D1_Z0_1_base,1295,EM,-41698.59,-0.0416635,-1e-06,1.3,5364.8
OLDEST_D1_Z0_1_base,1296,EM,-41698.631,-0.041727,-1e-06,1.67,5366.5
OLDEST_D1_Z0_1_base,1297,EM,-41698.673,-0.0417892,-1e-06,1.11,5367.6
OLDEST_D1_Z0_1_base,1298,EM,-41698.715,-0.0418521,-1e-06,1.69,5369.3
OLDEST_D1_Z0_1_base,1299,EM,-41698.757,-0.0419142,-1e-06,0.91,5370.2
OLDEST_D1_Z0_1_base,1300,EM,-41698.799,-0.0419745,-1e-06,0.81,5371.0
OLDEST_D1_Z0_1_base,1301,EM,-41698.841,-0.0420386,-1e-06,0.93,5371.9
OLDEST_D1_Z0_1_base,1302,EM,-41698.883,-0.0420991,-1e-06,0.97,5372.9
OLDEST_D1_Z0_1_base,1303,EM,-41698.925,-0.0421609,-1e-06,0.89,5373.8
OLDEST_D1_Z0_1_base,1304,EM,-41698.967,-0.0422228,-1e-06,63.79,5437.6
OLDEST_D1_Z0_1_base,1305,EM,-41699.01,-0.0422838,-1e-06,0.88,5438.5
OLDEST_D1_Z0_1_base,1306,EM,-41699.052,-0.0423429,-1e-06,1.07,5439.5
OLDEST_D1_Z0_1_base,1307,EM,-41699.094,-0.0424037,-1e-06,1.03,5440.6
OLDEST_D1_Z0_1_base,1308,EM,-41699.137,-0.0424649,-1e-06,0.91,5441.5
OLDEST_D1_Z0_1_base,1309,EM,-41699.179,-0.0425253,-1e-06,0.89,5442.4
OLDEST_D1_Z0_1_base,1310,EM,-41699.222,-0.0425858,-1e-06,1.07,5443.4
OLDEST_D1_Z0_1_base,1311,EM,-41699.265,-0.0426458,-1e-06,0.82,5444.2
OLDEST_D1_Z0_1_base,1312,EM,-41699.307,-0.042706,-1e-06,0.84,5445.1
OLDEST_D1_Z0_1_base,1313,EM,-41699.35,-0.042766,-1e-06,0.8,5445.9
OLDEST_D1_Z0_1_base,1314,EM,-41699.393,-0.0428258,-1e-06,0.82,5446.7
OLDEST_D1_Z0_1_base,1315,EM,-41699.436,-0.0428855,-1e-06,0.77,5447.5
OLDEST_D1_Z0_1_base,1316,EM,-41699.479,-0.042945,-1e-06,0.78,5448.2
OLDEST_D1_Z0_1_base,1317,EM,-41699.522,-0.0430044,-1e-06,0.92,5449.2
OLDEST_D1_Z0_1_base,1318,EM,-41699.565,-0.0430671,-1e-06,1.39,5450.6
OLDEST_D1_Z0_1_base,1319,EM,-41699.608,-0.0431417,-1e-06,12.97,5463.5
OLDEST_D1_Z0_1_base,1320,EM,-41699.651,-0.043176,-1e-06,7.11,5470.6
OLDEST_D1_Z0_1_base,1321,EM,-41699.694,-0.0432402,-1e-06,6.98,5477.6
OLDEST_D1_Z0_1_base,1322,EM,-41699.738,-0.0433095,-1e-06,16.24,5493.8
OLDEST_D1_Z0_1_base,1323,EM,-41699.781,-0.0433544,-1e-06,14.1,5507.9
OLDEST_D1_Z0_1_base,1324,EM,-41699.824,-0.0434156,-1e-06,5.78,5513.7
OLDEST_D1_Z0_1_base,1325,EM,-41699.868,-0.0434843,-1e-06,15.22,5528.9
OLDEST_D1_Z0_1_base,1326,EM,-41699.911,-0.0435274,-1e-06,5.87,5534.8
OLDEST_D1_Z0_1_base,1327,EM,-41699.955,-0.0435909,-1e-06,12.04,5546.9
OLDEST_D1_Z0_1_base,1328,EM,-41699.999,-0.0436463,-1e-06,4.78,5551.6
OLDEST_D1_Z0_1_base,1329,EM,-41700.042,-0.0437011,-1e-06,1.43,5553.1
OLDEST_D1_Z0_1_base,1330,EM,-41700.086,-0.0437605,-1e-06,1.04,5554.1
OLDEST_D1_Z0_1_base,1331,EM,-41700.13,-0.0438158,-1.1e-06,1.2,5555.3
OLDEST_D1_Z0_1_base,1332,EM,-41700.174,-0.0438761,-1.1e-06,1.37,5556.7
OLDEST_D1_Z0_1_base,1333,EM,-41700.218,-0.0439449,-1.1e-06,10.1,5566.8
OLDEST_D1_Z0_1_base,1334,EM,-41700.262,-0.0439891,-1.1e-06,3.58,5570.4
OLDEST_D1_Z0_1_base,1335,EM,-41700.306,-0.0440365,-1.1e-06,0.89,5571.2
OLDEST_D1_Z0_1_base,1336,EM,-41700.35,-0.0441037,-1.1e-06,1.09,5572.3
OLDEST_D1_Z0_1_base,1337,EM,-41700.394,-0.0441621,-1.1e-06,1.29,5573.6
OLDEST_D1_Z0_1_base,1338,EM,-41700.438,-0.0442117,-1.1e-06,1.56,5575.2
OLDEST_D1_Z0_1_base,1339,EM,-41700.483,-0.0442758,-1.1e-06,10.14,5585.3
OLDEST_D1_Z0_1_base,1340,EM,-41700.527,-0.0443296,-1.1e-06,8.9,5594.2
OLDEST_D1_Z0_1_base,1341,EM,-41700.571,-0.044373,-1.1e-06,3.68,5597.9
OLDEST_D1_Z0_1_base,1342,EM,-41700.616,-0.0444276,-1.1e-06,1.51,5599.4
OLDEST_D1_Z0_1_base,1343,EM,-41700.66,-0.0444846,-1.1e-06,1.51,5600.9
OLDEST_D1_Z0_1_base,1344,EM,-41700.705,-0.04454,-1.1e-06,10.31,5611.2
OLDEST_D1_Z0_1_base,1345,EM,-41700.749,-0.044591,-1.1e-06,9.3,5620.5
OLDEST_D1_Z0_1_base,1346,EM,-41700.794,-0.0446437,-1.1e-06,4.07,5624.6
OLDEST_D1_Z0_1_base,1347,EM,-41700.839,-0.0446897,-1.1e-06,1.23,5625.8
OLDEST_D1_Z0_1_base,1348,EM,-41700.883,-0.0447316,-1.1e-06,1.08,5626.9
OLDEST_D1_Z0_1_base,1349,EM,-41700.928,-0.0447979,-1.1e-06,1.49,5628.4
OLDEST_D1_Z0_1_base,1350,EM,-41700.973,-0.0448433,-1.1e-06,1.11,5629.5
OLDEST_D1_Z0_1_base,1351,EM,-41701.018,-0.0448949,-1.1e-06,1.66,5631.2
OLDEST_D1_Z0_1_base,1352,EM,-41701.063,-0.0449471,-1.1e-06,11.48,5642.7
OLDEST_D1_Z0_1_base,1353,EM,-41701.108,-0.0449904,-1.1e-06,4.67,5647.3
OLDEST_D1_Z0_1_base,1354,EM,-41701.153,-0.0450343,-1.1e-06,1.47,5648.8
OLDEST_D1_Z0_1_base,1355,EM,-41701.198,-0.0450843,-1.1e-06,92.41,5741.2
OLDEST_D1_Z0_1_base,1356,EM,-41701.243,-0.0451251,-1.1e-06,0.87,5742.1
OLDEST_D1_Z0_1_base,1357,EM,-41701.288,-0.0451708,-1.1e-06,1.27,5743.3
OLDEST_D1_Z0_1_base,1358,EM,-41701.334,-0.045218,-1.1e-06,0.9,5744.2
OLDEST_D1_Z0_1_base,1359,EM,-41701.379,-0.0452555,-1.1e-06,0.94,5745.2
OLDEST_D1_Z0_1_base,1360,EM,-41701.424,-0.0452977,-1.1e-06,1.0,5746.2
OLDEST_D1_Z0_1_base,1361,EM,-41701.469,-0.0453364,-1.1e-06,0.8,5747.0
OLDEST_D1_Z0_1_base,1362,EM,-41701.515,-0.0453793,-1.1e-06,0.87,5747.9
OLDEST_D1_Z0_1_base,1363,EM,-41701.56,-0.0454189,-1.1e-06,1.3,5749.2
OLDEST_D1_Z0_1_base,1364,EM,-41701.606,-0.0454502,-1.1e-06,9.46,5758.6
OLDEST_D1_Z0_1_base,1365,EM,-41701.651,-0.045482,-1.1e-06,3.43,5762.0
OLDEST_D1_Z0_1_base,1366,EM,-41701.697,-0.045522,-1.1e-06,1.15,5763.2
OLDEST_D1_Z0_1_base,1367,EM,-41701.742,-0.0455545,-1.1e-06,1.2,5764.4
OLDEST_D1_Z0_1_base,1368,EM,-41701.788,-0.0455844,-1.1e-06,0.93,5765.3
OLDEST_D1_Z0_1_base,1369,EM,-41701.833,-0.0456184,-1.1e-06,0.84,5766.2
OLDEST_D1_Z0_1_base,1370,EM,-41701.879,-0.0456361,-1.1e-06,0.94,5767.1
OLDEST_D1_Z0_1_base,1371,EM,-41701.925,-0.0456629,-1.1e-06,1.81,5768.9
OLDEST_D1_Z0_1_base,1372,EM,-41701.97,-0.0456826,-1.1e-06,9.45,5778.4
OLDEST_D1_Z0_1_base,1373,EM,-41702.016,-0.0457032,-1.1e-06,10.18,5788.5
OLDEST_D1_Z0_1_base,1374,EM,-41702.062,-0.0457265,-1.1e-06,8.96,5797.5
OLDEST_D1_Z0_1_base,1375,EM,-41702.108,-0.0457408,-1.1e-06,3.82,5801.3
OLDEST_D1_Z0_1_base,1376,EM,-41702.153,-0.0457702,-1.1e-06,1.08,5802.4
OLDEST_D1_Z0_1_base,1377,EM,-41702.199,-0.0457677,-1.1e-06,1.23,5803.6
OLDEST_D1_Z0_1_base,1378,EM,-41702.245,-0.0457827,-1.1e-06,0.93,5804.6
OLDEST_D1_Z0_1_base,1379,EM,-41702.291,-0.0457958,-1.1e-06,1.17,5805.7
OLDEST_D1_Z0_1_base,1380,EM,-41702.336,-0.0457893,-1.1e-06,1.19,5806.9
OLDEST_D1_Z0_1_base,1381,EM,-41702.382,-0.0457959,-1.1e-06,1.42,5808.3
OLDEST_D1_Z0_1_base,1382,EM,-41702.428,-0.0457959,-1.1e-06,10.59,5818.9
OLDEST_D1_Z0_1_base,1383,EM,-41702.474,-0.045789,-1.1e-06,4.48,5823.4
OLDEST_D1_Z0_1_base,1384,EM,-41702.52,-0.0457861,-1.1e-06,1.14,5824.6
OLDEST_D1_Z0_1_base,1385,EM,-41702.565,-0.0457758,-1.1e-06,2.13,5826.7
OLDEST_D1_Z0_1_base,1386,EM,-41702.611,-0.0457518,-1.1e-06,9.82,5836.5
OLDEST_D1_Z0_1_base,1387,EM,-41702.657,-0.045746,-1.1e-06,5.99,5842.5
OLDEST_D1_Z0_1_base,1388,EM,-41702.703,-0.0457265,-1.1e-06,1.8,5844.3
OLDEST_D1_Z0_1_base,1389,EM,-41702.748,-0.0457025,-1.1e-06,2.46,5846.8
OLDEST_D1_Z0_1_base,1390,EM,-41702.794,-0.0456753,-1.1e-06,2.29,5849.1
OLDEST_D1_Z0_1_base,1391,EM,-41702.84,-0.0456384,-1.1e-06,1.38,5850.4
OLDEST_D1_Z0_1_base,1392,EM,-41702.885,-0.0456055,-1.1e-06,2.12,5852.6
OLDEST_D1_Z0_1_base,1393,EM,-41702.931,-0.0455435,-1.1e-06,10.87,5863.4
OLDEST_D1_Z0_1_base,1394,EM,-41702.976,-0.0455272,-1.1e-06,6.05,5869.5
OLDEST_D1_Z0_1_base,1395,EM,-41703.022,-0.045468,-1.1e-06,1.77,5871.2
OLDEST_D1_Z0_1_base,1396,EM,-41703.067,-0.0454173,-1.1e-06,2.02,5873.3
OLDEST_D1_Z0_1_base,1397,EM,-41703.113,-0.0453533,-1.1e-06,13.64,5886.9
OLDEST_D1_Z0_1_base,1398,EM,-41703.158,-0.0452929,-1.1e-06,5.09,5892.0
OLDEST_D1_Z0_1_base,1399,EM,-41703.203,-0.0452271,-1.1e-06,2.51,5894.5
OLDEST_D1_Z0_1_base,1400,EM,-41703.248,-0.0451488,-1.1e-06,13.94,5908.4
OLDEST_D1_Z0_1_base,1401,EM,-41703.293,-0.0450585,-1.1e-06,9.36,5917.8
OLDEST_D1_Z0_1_base,1402,EM,-41703.338,-0.0450173,-1.1e-06,3.92,5921.7
OLDEST_D1_Z0_1_base,1403,EM,-41703.383,-0.0448833,-1.1e-06,1.74,5923.5
OLDEST_D1_Z0_1_base,1404,EM,-41703.428,-0.0447972,-1.1e-06,9.87,5933.3
OLDEST_D1_Z0_1_base,1405,EM,-41703.473,-0.0447057,-1.1e-06,3.7,5937.0
OLDEST_D1_Z0_1_base,1406,EM,-41703.517,-0.044586,-1.1e-06,66.91,6003.9
OLDEST_D1_Z0_1_base,1407,EM,-41703.562,-0.0444564,-1.1e-06,8.89,6012.8
OLDEST_D1_Z0_1_base,1408,EM,-41703.606,-0.0443484,-1.1e-06,5.24,6018.1
OLDEST_D1_Z0_1_base,1409,EM,-41703.65,-0.0442289,-1.1e-06,1.93,6020.0
OLDEST_D1_Z0_1_base,1410,EM,-41703.694,-0.0440931,-1.1e-06,1.65,6021.6
OLDEST_D1_Z0_1_base,1411,EM,-41703.738,-0.0439466,-1.1e-06,1.96,6023.6
OLDEST_D1_Z0_1_base,1412,EM,-41703.782,-0.0438018,-1.1e-06,1.49,6025.1
OLDEST_D1_Z0_1_base,1413,EM,-41703.826,-0.043643,-1e-06,2.32,6027.4
OLDEST_D1_Z0_1_base,1414,EM,-41703.869,-0.0434789,-1e-06,1.92,6029.3
OLDEST_D1_Z0_1_base,1415,EM,-41703.913,-0.043307,-1e-06,2.56,6031.9
OLDEST_D1_Z0_1_base,1416,EM,-41703.956,-0.0431162,-1e-06,11.48,6043.4
OLDEST_D1_Z0_1_base,1417,EM,-41703.999,-0.0429458,-1e-06,5.7,6049.1
OLDEST_D1_Z0_1_base,1418,EM,-41704.041,-0.04274,-1e-06,2.38,6051.4
OLDEST_D1_Z0_1_base,1419,EM,-41704.084,-0.0425462,-1e-06,11.57,6063.0
OLDEST_D1_Z0_1_base,1420,EM,-41704.126,-0.0423362,-1e-06,12.48,6075.5
OLDEST_D1_Z0_1_base,1421,EM,-41704.168,-0.0421125,-1e-06,5.66,6081.2
OLDEST_D1_Z0_1_base,1422,EM,-41704.21,-0.0418772,-1e-06,1.25,6082.4
OLDEST_D1_Z0_1_base,1423,EM,-41704.252,-0.0416481,-1e-06,2.47,6084.9
OLDEST_D1_Z0_1_base,1424,EM,-41704.293,-0.041401,-1e-06,13.53,6098.4
OLDEST_D1_Z0_1_base,1425,EM,-41704.334,-0.0411363,-1e-06,4.65,6103.1
OLDEST_D1_Z0_1_base,1426,EM,-41704.375,-0.0408755,-1e-06,1.18,6104.2
OLDEST_D1_Z0_1_base,1427,EM,-41704.416,-0.0406118,-1e-06,1.22,6105.5
OLDEST_D1_Z0_1_base,1428,EM,-41704.456,-0.0403304,-1e-06,1.41,6106.9
OLDEST_D1_Z0_1_base,1429,EM,-41704.496,-0.0400345,-1e-06,319.98,6426.8
OLDEST_D1_Z0_1_base,1430,EM,-41704.536,-0.0397253,-1e-06,2.03,6428.9
OLDEST_D1_Z0_1_base,1431,EM,-41704.575,-0.0394175,-9e-07,1.4,6430.3
OLDEST_D1_Z0_1_base,1432,EM,-41704.615,-0.039109,-9e-07,1.12,6431.4
OLDEST_D1_Z0_1_base,1433,EM,-41704.653,-0.0387699,-9e-07,1.16,6432.6
OLDEST_D1_Z0_1_base,1434,EM,-41704.692,-0.0384447,-9e-07,1.44,6434.0
OLDEST_D1_Z0_1_base,1435,EM,-41704.73,-0.0380946,-9e-07,1.06,6435.1
OLDEST_D1_Z0_1_base,1436,EM,-41704.768,-0.0377363,-9e-07,1.05,6436.1
OLDEST_D1_Z0_1_base,1437,EM,-41704.805,-0.0373652,-9e-07,1.35,6437.5
OLDEST_D1_Z0_1_base,1438,EM,-41704.842,-0.0369924,-9e-07,1.22,6438.7
OLDEST_D1_Z0_1_base,1439,EM,-41704.879,-0.0366068,-9e-07,1.61,6440.3
OLDEST_D1_Z0_1_base,1440,EM,-41704.915,-0.0362121,-9e-07,8.88,6449.2
OLDEST_D1_Z0_1_base,1441,EM,-41704.951,-0.0358037,-9e-07,7.1,6456.3
OLDEST_D1_Z0_1_base,1442,EM,-41704.986,-0.0353902,-8e-07,1.88,6458.2
OLDEST_D1_Z0_1_base,1443,EM,-41705.021,-0.0349707,-8e-07,0.95,6459.1
OLDEST_D1_Z0_1_base,1444,EM,-41705.055,-0.0345362,-8e-07,1.48,6460.6
OLDEST_D1_Z0_1_base,1445,EM,-41705.09,-0.034098,-8e-07,6.77,6467.4
OLDEST_D1_Z0_1_base,1446,EM,-41705.123,-0.0336375,-8e-07,1.53,6468.9
OLDEST_D1_Z0_1_base,1447,EM,-41705.156,-0.0331787,-8e-07,0.85,6469.7
OLDEST_D1_Z0_1_base,1448,EM,-41705.189,-0.0327219,-8e-07,1.4,6471.1
OLDEST_D1_Z0_1_base,1449,EM,-41705.221,-0.0322426,-8e-07,6.5,6477.6
OLDEST_D1_Z0_1_base,1450,EM,-41705.253,-0.031754,-8e-07,1.68,6479.3
OLDEST_D1_Z0_1_base,1451,EM,-41705.284,-0.0312567,-7e-07,0.88,6480.2
OLDEST_D1_Z0_1_base,1452,EM,-41705.315,-0.0307627,-7e-07,0.79,6481.0
OLDEST_D1_Z0_1_base,1453,EM,-41705.345,-0.0302432,-7e-07,1.02,6482.0
OLDEST_D1_Z0_1_base,1454,EM,-41705.375,-0.0297223,-7e-07,1.41,6483.4
OLDEST_D1_Z0_1_base,1455,EM,-41705.404,-0.0291953,-7e-07,6.39,6489.8
OLDEST_D1_Z0_1_base,1456,EM,-41705.433,-0.0286629,-7e-07,1.63,6491.4
OLDEST_D1_Z0_1_base,1457,EM,-41705.461,-0.0281193,-7e-07,78.0,6569.4
OLDEST_D1_Z0_1_base,1458,EM,-41705.489,-0.027583,-7e-07,1.8,6571.2
OLDEST_D1_Z0_1_base,1459,EM,-41705.516,-0.0270141,-6e-07,1.14,6572.4
OLDEST_D1_Z0_1_base,1460,EM,-41705.542,-0.0264547,-6e-07,1.98,6574.4
OLDEST_D1_Z0_1_base,1461,EM,-41705.568,-0.0258862,-6e-07,10.48,6584.8
OLDEST_D1_Z0_1_base,1462,EM,-41705.593,-0.0253106,-6e-07,2.57,6587.4
OLDEST_D1_Z0_1_base,1463,EM,-41705.618,-0.0247331,-6e-07,1.55,6589.0
OLDEST_D1_Z0_1_base,1464,EM,-41705.642,-0.0241482,-6e-07,1.29,6590.3
OLDEST_D1_Z0_1_base,1465,EM,-41705.666,-0.0235537,-6e-07,1.17,6591.4
OLDEST_D1_Z0_1_base,1466,EM,-41705.689,-0.0229811,-6e-07,1.64,6593.1
OLDEST_D1_Z0_1_base,1467,EM,-41705.711,-0.0223339,-5e-07,1.29,6594.4
OLDEST_D1_Z0_1_base,1468,EM,-41705.733,-0.0217548,-5e-07,1.27,6595.6
OLDEST_D1_Z0_1_base,1469,EM,-41705.754,-0.0211449,-5e-07,1.41,6597.0
OLDEST_D1_Z0_1_base,1470,EM,-41705.775,-0.0205366,-5e-07,1.64,6598.7
OLDEST_D1_Z0_1_base,1471,EM,-41705.794,-0.0199192,-5e-07,1.48,6600.1
OLDEST_D1_Z0_1_base,1472,EM,-41705.814,-0.0192943,-5e-07,1.31,6601.5
OLDEST_D1_Z0_1_base,1473,EM,-41705.832,-0.0186799,-4e-07,2.18,6603.6
OLDEST_D1_Z0_1_base,1474,EM,-41705.85,-0.018054,-4e-07,8.41,6612.1
OLDEST_D1_Z0_1_base,1475,EM,-41705.868,-0.0174234,-4e-07,2.03,6614.1
OLDEST_D1_Z0_1_base,1476,EM,-41705.885,-0.0168003,-4e-07,1.44,6615.5
OLDEST_D1_Z0_1_base,1477,EM,-41705.901,-0.0161768,-4e-07,1.45,6617.0
OLDEST_D1_Z0_1_base,1478,EM,-41705.916,-0.0155384,-4e-07,1.92,6618.9
OLDEST_D1_Z0_1_base,1479,EM,-41705.931,-0.0149152,-4e-07,7.4,6626.3
OLDEST_D1_Z0_1_base,1480,EM,-41705.946,-0.0142771,-3e-07,1.99,6628.3
OLDEST_D1_Z0_1_base,1481,EM,-41705.959,-0.0136305,-3e-07,1.47,6629.8
OLDEST_D1_Z0_1_base,1482,EM,-41705.972,-0.0130226,-3e-07,1.17,6630.9
OLDEST_D1_Z0_1_base,1483,EM,-41705.985,-0.0124029,-3e-07,1.12,6632.1
OLDEST_D1_Z0_1_base,1484,EM,-41705.996,-0.0117658,-3e-07,0.97,6633.0
OLDEST_D1_Z0_1_base,1485,EM,-41706.008,-0.0111512,-3e-07,0.98,6634.0
OLDEST_D1_Z0_1_base,1486,EM,-41706.018,-0.0105091,-3e-07,1.12,6635.1
OLDEST_D1_Z0_1_base,1487,EM,-41706.028,-0.0098907,-2e-07,1.93,6637.1
OLDEST_D1_Z0_1_base,1488,EM,-41706.037,-0.0092713,-2e-07,7.51,6644.6
OLDEST_D1_Z0_1_base,1489,EM,-41706.046,-0.0086575,-2e-07,6.55,6651.1
OLDEST_D1_Z0_1_base,1490,EM,-41706.054,-0.0080424,-2e-07,1.68,6652.8
OLDEST_D1_Z0_1_base,1491,EM,-41706.061,-0.0074445,-2e-07,0.93,6653.7
OLDEST_D1_Z0_1_base,1492,EM,-41706.068,-0.0068144,-2e-07,0.87,6654.6
OLDEST_D1_Z0_1_base,1493,EM,-41706.074,-0.0062266,-1e-07,1.1,6655.7
OLDEST_D1_Z0_1_base,1494,EM,-41706.08,-0.0056313,-1e-07,0.69,6656.4
OLDEST_D1_Z0_1_base,1495,EM,-41706.085,-0.0050346,-1e-07,1.69,6658.1
OLDEST_D1_Z0_1_base,1496,EM,-41706.09,-0.0044544,-1e-07,6.44,6664.5
OLDEST_D1_Z0_1_base,1497,EM,-41706.093,-0.0038673,-1e-07,1.61,6666.1
OLDEST_D1_Z0_1_base,1498,EM,-41706.097,-0.0033322,-1e-07,0.96,6667.1
OLDEST_D1_Z0_1_base,1499,EM,-41706.099,-0.0027021,-1e-07,1.34,6668.4
OLDEST_D1_Z0_1_base,1500,EM,-41706.102,-0.0021529,-1e-07,1.13,6669.6
OLDEST_D1_Z0_1_base,1501,EM,-41706.103,-0.0015989,0.0,0.79,6670.4
OLDEST_D1_Z0_1_base,1502,EM,-41706.104,-0.0010573,0.0,0.79,6671.1
OLDEST_D1_Z0_1_base,1503,EM,-41706.105,-0.0005182,0.0,0.81,6672.0
OLDEST_D1_Z0_1_base,1504,EM,-41706.105,2e-05,0.0,1.29,6673.2
OLDEST_D1_Z0_1_base,1505,EM,-41706.104,0.0005499,0.0,7.0,6680.2
OLDEST_D1_Z0_1_base,1506,EM,-41706.103,0.0010689,0.0,1.68,6681.9
OLDEST_D1_Z0_1_base,1507,EM,-41706.102,0.0015721,0.0,1.21,6683.1
OLDEST_D1_Z0_1_base,1508,EM,-41706.099,0.0020788,0.0,0.75,6683.9
OLDEST_D1_Z0_1_base,1509,EM,-41706.097,0.0025722,1e-07,88.0,6771.9
OLDEST_D1_Z0_1_base,1510,EM,-41706.094,0.0030747,1e-07,1.12,6773.0
OLDEST_D1_Z0_1_base,1511,EM,-41706.09,0.0035422,1e-07,0.79,6773.8
OLDEST_D1_Z0_1_base,1512,EM,-41706.086,0.0040067,1e-07,0.84,6774.6
OLDEST_D1_Z0_1_base,1513,EM,-41706.082,0.0044696,1e-07,0.99,6775.6
OLDEST_D1_Z0_1_base,1514,EM,-41706.077,0.0049168,1e-07,1.35,6777.0
OLDEST_D1_Z0_1_base,1515,EM,-41706.072,0.005358,1e-07,0.96,6777.9
OLDEST_D1_Z0_1_base,1516,EM,-41706.066,0.0057865,1e-07,0.93,6778.9
OLDEST_D1_Z0_1_base,1517,EM,-41706.06,0.0062088,1e-07,0.79,6779.6
OLDEST_D1_Z0_1_base,1518,EM,-41706.053,0.0066229,2e-07,0.86,6780.5
OLDEST_D1_Z0_1_base,1519,EM,-41706.046,0.0070205,2e-07,0.96,6781.5
OLDEST_D1_Z0_1_base,1520,EM,-41706.038,0.0074107,2e-07,0.79,6782.3
OLDEST_D1_Z0_1_base,1521,EM,-41706.031,0.0077949,2e-07,0.73,6783.0
OLDEST_D1_Z0_1_base,1522,EM,-41706.023,0.0081646,2e-07,0.91,6783.9
OLDEST_D1_Z0_1_base,1523,EM,-41706.014,0.0085258,2e-07,0.87,6784.8
OLDEST_D1_Z0_1_base,1524,EM,-41706.005,0.0088758,2e-07,0.72,6785.5
OLDEST_D1_Z0_1_base,1525,EM,-41705.996,0.009216,2e-07,0.68,6786.2
OLDEST_D1_Z0_1_base,1526,EM,-41705.986,0.0095457,2e-07,0.85,6787.0
OLDEST_D1_Z0_1_base,1527,EM,-41705.977,0.0098651,2e-07,0.71,6787.7
OLDEST_D1_Z0_1_base,1528,EM,-41705.966,0.0101741,2e-07,0.8,6788.5
OLDEST_D1_Z0_1_base,1529,EM,-41705.956,0.0104723,3e-07,0.68,6789.2
OLDEST_D1_Z0_1_base,1530,EM,-41705.945,0.0107601,3e-07,0.73,6789.9
OLDEST_D1_Z0_1_base,1531,EM,-41705.934,0.0110374,3e-07,0.64,6790.6
OLDEST_D1_Z0_1_base,1532,EM,-41705.923,0.0113053,3e-07,0.61,6791.2
OLDEST_D1_Z0_1_base,1533,EM,-41705.911,0.0115612,3e-07,0.62,6791.8
OLDEST_D1_Z0_1_base,1534,EM,-41705.899,0.0118079,3e-07,1.32,6793.1
OLDEST_D1_Z0_1_base,1535,EM,-41705.887,0.0120443,3e-07,6.93,6800.1
OLDEST_D1_Z0_1_base,1536,EM,-41705.875,0.0122376,3e-07,1.86,6801.9
OLDEST_D1_Z0_1_base,1537,EM,-41705.863,0.0124682,3e-07,0.89,6802.8
OLDEST_D1_Z0_1_base,1538,EM,-41705.85,0.0127171,3e-07,1.16,6804.0
OLDEST_D1_Z0_1_base,1539,EM,-41705.837,0.0129014,3e-07,1.04,6805.0
OLDEST_D1_Z0_1_base,1540,EM,-41705.824,0.0130714,3e-07,0.96,6806.0
OLDEST_D1_Z0_1_base,1541,EM,-41705.811,0.0132683,3e-07,0.86,6806.8
OLDEST_D1_Z0_1_base,1542,EM,-41705.797,0.0134089,3e-07,0.82,6807.7
OLDEST_D1_Z0_1_base,1543,EM,-41705.784,0.0135642,3e-07,1.08,6808.7
OLDEST_D1_Z0_1_base,1544,EM,-41705.77,0.0137151,3e-07,0.92,6809.7
OLDEST_D1_Z0_1_base,1545,EM,-41705.756,0.0138553,3e-07,0.85,6810.5
OLDEST_D1_Z0_1_base,1546,EM,-41705.742,0.0139805,3e-07,0.95,6811.5
OLDEST_D1_Z0_1_base,1547,EM,-41705.728,0.0141002,3e-07,0.8,6812.3
OLDEST_D1_Z0_1_base,1548,EM,-41705.714,0.014208,3e-07,0.86,6813.1
OLDEST_D1_Z0_1_base,1549,EM,-41705.7,0.0143081,3e-07,0.73,6813.9
OLDEST_D1_Z0_1_base,1550,EM,-41705.685,0.0143992,3e-07,1.32,6815.2
OLDEST_D1_Z0_1_base,1551,EM,-41705.671,0.0144846,3e-07,6.73,6821.9
OLDEST_D1_Z0_1_base,1552,EM,-41705.656,0.0145541,3e-07,1.64,6823.5
OLDEST_D1_Z0_1_base,1553,EM,-41705.641,0.0146049,4e-07,1.0,6824.5
OLDEST_D1_Z0_1_base,1554,EM,-41705.627,0.0146914,4e-07,1.21,6825.8
OLDEST_D1_Z0_1_base,1555,EM,-41705.612,0.0147436,4e-07,1.27,6827.0
OLDEST_D1_Z0_1_base,1556,EM,-41705.597,0.0147685,4e-07,0.95,6828.0
OLDEST_D1_Z0_1_base,1557,EM,-41705.582,0.0148067,4e-07,0.9,6828.9
OLDEST_D1_Z0_1_base,1558,EM,-41705.568,0.0148329,4e-07,0.83,6829.7
OLDEST_D1_Z0_1_base,1559,EM,-41705.553,0.0148523,4e-07,1.11,6830.8
OLDEST_D1_Z0_1_base,1560,EM,-41705.538,0.0148627,4e-07,83.74,6914.6
OLDEST_D1_Z0_1_base,1561,EM,-41705.523,0.0148709,4e-07,1.1,6915.7
OLDEST_D1_Z0_1_base,1562,EM,-41705.508,0.0148677,4e-07,1.25,6916.9
OLDEST_D1_Z0_1_base,1563,EM,-41705.493,0.0148461,4e-07,1.24,6918.1
OLDEST_D1_Z0_1_base,1564,EM,-41705.479,0.0148457,4e-07,6.96,6925.1
OLDEST_D1_Z0_1_base,1565,EM,-41705.464,0.0148303,4e-07,7.46,6932.6
OLDEST_D1_Z0_1_base,1566,EM,-41705.449,0.014798,4e-07,6.5,6939.1
OLDEST_D1_Z0_1_base,1567,EM,-41705.434,0.0147704,4e-07,1.41,6940.5
OLDEST_D1_Z0_1_base,1568,EM,-41705.419,0.0147262,4e-07,0.98,6941.5
OLDEST_D1_Z0_1_base,1569,EM,-41705.405,0.0146772,4e-07,1.05,6942.5
OLDEST_D1_Z0_1_base,1570,EM,-41705.39,0.0146359,4e-07,1.08,6943.6
OLDEST_D1_Z0_1_base,1571,EM,-41705.375,0.0145758,3e-07,0.98,6944.6
OLDEST_D1_Z0_1_base,1572,EM,-41705.361,0.0145173,3e-07,0.9,6945.5
OLDEST_D1_Z0_1_base,1573,EM,-41705.347,0.0144579,3e-07,0.73,6946.2
OLDEST_D1_Z0_1_base,1574,EM,-41705.332,0.0143871,3e-07,0.72,6946.9
OLDEST_D1_Z0_1_base,1575,EM,-41705.318,0.0143097,3e-07,1.07,6948.0
OLDEST_D1_Z0_1_base,1576,EM,-41705.304,0.0142383,3e-07,0.73,6948.7
OLDEST_D1_Z0_1_base,1577,EM,-41705.289,0.0141511,3e-07,0.87,6949.6
OLDEST_D1_Z0_1_base,1578,EM,-41705.275,0.0140741,3e-07,0.83,6950.4
OLDEST_D1_Z0_1_base,1579,EM,-41705.261,0.013987,3e-07,0.82,6951.3
OLDEST_D1_Z0_1_base,1580,EM,-41705.247,0.0138923,3e-07,1.4,6952.7
OLDEST_D1_Z0_1_base,1581,EM,-41705.234,0.0137973,3e-07,7.23,6959.9
OLDEST_D1_Z0_1_base,1582,EM,-41705.22,0.0137105,3e-07,1.89,6961.8
OLDEST_D1_Z0_1_base,1583,EM,-41705.206,0.0135967,3e-07,1.65,6963.4
OLDEST_D1_Z0_1_base,1584,QN,-41705.046,0.1602379,3.8e-06,321.71,7285.1
OLDEST_D1_Z0_1_base,1585,EM,-41705.016,0.0305385,7e-07,6010.07,13295.2
OLDEST_D1_Z0_1_base,1586,EM,-41705.02,-0.0048142,-1e-07,2.27,13297.5
OLDEST_D1_Z0_1_base,1587,EM,-41705.031,-0.0109688,-3e-07,1.91,13299.4
OLDEST_D1_Z0_1_base,1588,EM,-41705.042,-0.0105879,-3e-07,1.67,13301.0
OLDEST_D1_Z0_1_base,1589,EM,-41705.05,-0.0085357,-2e-07,2.0,13303.1
OLDEST_D1_Z0_1_base,1590,EM,-41705.057,-0.0063362,-2e-07,7.16,13310.2
OLDEST_D1_Z0_1_base,1591,EM,-41705.061,-0.0043484,-1e-07,4.03,13314.2
OLDEST_D1_Z0_1_base,1592,EM,-41705.064,-0.0026211,-1e-07,1.61,13315.8
OLDEST_D1_Z0_1_base,1593,EM,-41705.065,-0.0011285,0.0,5.9,13321.8
OLDEST_D1_Z0_1_base,1594,EM,-41705.065,0.0001494,0.0,1.45,13323.2
OLDEST_D1_Z0_1_base,1595,EM,-41705.064,0.0012828,0.0,0.8,13324.0
OLDEST_D1_Z0_1_base,1596,EM,-41705.061,0.0022401,1e-07,0.81,13324.8
OLDEST_D1_Z0_1_base,1597,EM,-41705.058,0.0031298,1e-07,0.67,13325.5
OLDEST_D1_Z0_1_base,1598,EM,-41705.054,0.0039005,1e-07,0.83,13326.3
OLDEST_D1_Z0_1_base,1599,EM,-41705.05,0.0045781,1e-07,1.06,13327.4
OLDEST_D1_Z0_1_base,1600,EM,-41705.044,0.0051859,1e-07,0.73,13328.1
OLDEST_D1_Z0_1_base,1601,EM,-41705.039,0.0057239,1e-07,0.7,13328.8
OLDEST_D1_Z0_1_base,1602,EM,-41705.033,0.0062104,1e-07,0.62,13329.4
OLDEST_D1_Z0_1_base,1603,EM,-41705.026,0.0066344,2e-07,0.73,13330.1
OLDEST_D1_Z0_1_base,1604,EM,-41705.019,0.0070298,2e-07,0.68,13330.8
OLDEST_D1_Z0_1_base,1605,EM,-41705.012,0.0073614,2e-07,0.78,13331.6
OLDEST_D1_Z0_1_base,1606,EM,-41705.004,0.0076717,2e-07,1.07,13332.7
OLDEST_D1_Z0_1_base,1607,EM,-41704.996,0.0079505,2e-07,0.67,13333.3
OLDEST_D1_Z0_1_base,1608,EM,-41704.988,0.0081911,2e-07,0.8,13334.1
OLDEST_D1_Z0_1_base,1609,EM,-41704.979,0.0084085,2e-07,1.32,13335.5
OLDEST_D1_Z0_1_base,1610,EM,-41704.971,0.0086,2e-07,1.14,13336.6
OLDEST_D1_Z0_1_base,1611,EM,-41704.962,0.0087714,2e-07,0.63,13337.2
OLDEST_D1_Z0_1_base,1612,EM,-41704.953,0.0089203,2e-07,0.73,13338.0
OLDEST_D1_Z0_1_base,1613,EM,-41704.944,0.0090496,2e-07,0.69,13338.6
OLDEST_D1_Z0_1_base,1614,EM,-41704.935,0.0091654,2e-07,0.6,13339.2
OLDEST_D1_Z0_1_base,1615,EM,-41704.926,0.0092621,2e-07,62.2,13401.4
OLDEST_D1_Z0_1_base,1616,EM,-41704.916,0.0093452,2e-07,0.54,13402.0
OLDEST_D1_Z0_1_base,1617,EM,-41704.907,0.0094152,2e-07,0.59,13402.6
OLDEST_D1_Z0_1_base,1618,EM,-41704.897,0.0094728,2e-07,0.56,13403.1
OLDEST_D1_Z0_1_base,1619,EM,-41704.888,0.0095194,2e-07,0.6,13403.7
OLDEST_D1_Z0_1_base,1620,EM,-41704.878,0.0095556,2e-07,0.54,13404.3
OLDEST_D1_Z0_1_base,1621,EM,-41704.869,0.0095827,2e-07,0.54,13404.8
OLDEST_D1_Z0_1_base,1622,EM,-41704.859,0.0096,2e-07,0.57,13405.4
OLDEST_D1_Z0_1_base,1623,EM,-41704.849,0.00961,2e-07,0.58,13406.0
OLDEST_D1_Z0_1_base,1624,EM,-41704.84,0.0096132,2e-07,0.55,13406.5
OLDEST_D1_Z0_1_base,1625,EM,-41704.83,0.0096077,2e-07,0.56,13407.1
OLDEST_D1_Z0_1_base,1626,EM,-41704.821,0.0095976,2e-07,0.55,13407.6
OLDEST_D1_Z0_1_base,1627,EM,-41704.811,0.0095816,2e-07,0.53,13408.2
OLDEST_D1_Z0_1_base,1628,EM,-41704.801,0.00956,2e-07,0.56,13408.7
OLDEST_D1_Z0_1_base,1629,EM,-41704.792,0.0095347,2e-07,0.57,13409.3
OLDEST_D1_Z0_1_base,1630,EM,-41704.782,0.0095044,2e-07,0.57,13409.9
OLDEST_D1_Z0_1_base,1631,EM,-41704.773,0.0094704,2e-07,0.57,13410.4
OLDEST_D1_Z0_1_base,1632,EM,-41704.764,0.0094335,2e-07,0.59,13411.0
OLDEST_D1_Z0_1_base,1633,EM,-41704.754,0.0093934,2e-07,0.65,13411.7
OLDEST_D1_Z0_1_base,1634,EM,-41704.745,0.0093506,2e-07,0.54,13412.2
OLDEST_D1_Z0_1_base,1635,EM,-41704.735,0.0093058,2e-07,0.93,13413.1
OLDEST_D1_Z0_1_base,1636,EM,-41704.726,0.00926,2e-07,0.55,13413.7
OLDEST_D1_Z0_1_base,1637,EM,-41704.717,0.0092094,2e-07,0.6,13414.3
OLDEST_D1_Z0_1_base,1638,EM,-41704.708,0.0091601,2e-07,0.66,13414.9
OLDEST_D1_Z0_1_base,1639,EM,-41704.699,0.0091098,2e-07,0.59,13415.5
OLDEST_D1_Z0_1_base,1640,EM,-41704.69,0.0090579,2e-07,0.56,13416.1
OLDEST_D1_Z0_1_base,1641,EM,-41704.681,0.0090049,2e-07,0.57,13416.7
OLDEST_D1_Z0_1_base,1642,EM,-41704.672,0.0089527,2e-07,0.54,13417.2
OLDEST_D1_Z0_1_base,1643,EM,-41704.663,0.0088991,2e-07,1.02,13418.2
OLDEST_D1_Z0_1_base,1644,EM,-41704.654,0.0088486,2e-07,6.61,13424.8
OLDEST_D1_Z0_1_base,1645,EM,-41704.645,0.0087937,2e-07,1.47,13426.3
OLDEST_D1_Z0_1_base,1646,EM,-41704.636,0.0087295,2e-07,0.68,13427.0
OLDEST_D1_Z0_1_base,1647,EM,-41704.628,0.0086988,2e-07,0.74,13427.7
OLDEST_D1_Z0_1_base,1648,EM,-41704.619,0.00865,2e-07,0.98,13428.7
OLDEST_D1_Z0_1_base,1649,EM,-41704.61,0.0085897,2e-07,1.18,13429.9
OLDEST_D1_Z0_1_base,1650,EM,-41704.602,0.0085403,2e-07,1.39,13431.3
OLDEST_D1_Z0_1_base,1651,EM,-41704.593,0.0084877,2e-07,6.7,13438.0
OLDEST_D1_Z0_1_base,1652,EM,-41704.585,0.0084462,2e-07,7.62,13445.6
OLDEST_D1_Z0_1_base,1653,EM,-41704.577,0.0083992,2e-07,4.11,13449.7
OLDEST_D1_Z0_1_base,1654,EM,-41704.568,0.0083371,2e-07,1.4,13451.1
OLDEST_D1_Z0_1_base,1655,EM,-41704.56,0.0083257,2e-07,5.96,13457.1
OLDEST_D1_Z0_1_base,1656,EM,-41704.552,0.0082726,2e-07,1.61,13458.7
OLDEST_D1_Z0_1_base,1657,EM,-41704.543,0.0082193,2e-07,0.79,13459.5
OLDEST_D1_Z0_1_base,1658,EM,-41704.535,0.0081951,2e-07,0.76,13460.2
OLDEST_D1_Z0_1_base,1659,EM,-41704.527,0.0081431,2e-07,0.74,13461.0
OLDEST_D1_Z0_1_base,1660,EM,-41704.519,0.0081116,2e-07,1.01,13462.0
OLDEST_D1_Z0_1_base,1661,EM,-41704.511,0.0080829,2e-07,0.85,13462.8
OLDEST_D1_Z0_1_base,1662,EM,-41704.503,0.0080506,2e-07,0.86,13463.7
OLDEST_D1_Z0_1_base,1663,EM,-41704.495,0.0080068,2e-07,0.66,13464.4
OLDEST_D1_Z0_1_base,1664,EM,-41704.487,0.0079795,2e-07,0.84,13465.2
OLDEST_D1_Z0_1_base,1665,EM,-41704.479,0.0079496,2e-07,0.81,13466.0
OLDEST_D1_Z0_1_base,1666,EM,-41704.471,0.0079237,2e-07,57.21,13523.2
OLDEST_D1_Z0_1_base,1667,EM,-41704.463,0.0078968,2e-07,1.01,13524.2
OLDEST_D1_Z0_1_base,1668,EM,-41704.455,0.0078727,2e-07,6.12,13530.3
OLDEST_D1_Z0_1_base,1669,EM,-41704.447,0.0078523,2e-07,3.02,13533.4
OLDEST_D1_Z0_1_base,1670,EM,-41704.44,0.007817,2e-07,0.7,13534.1
OLDEST_D1_Z0_1_base,1671,EM,-41704.432,0.0078084,2e-07,1.41,13535.5
OLDEST_D1_Z0_1_base,1672,EM,-41704.424,0.0077923,2e-07,5.73,13541.2
OLDEST_D1_Z0_1_base,1673,EM,-41704.416,0.0077723,2e-07,1.74,13542.9
OLDEST_D1_Z0_1_base,1674,EM,-41704.408,0.0077466,2e-07,1.33,13544.3
OLDEST_D1_Z0_1_base,1675,EM,-41704.401,0.0077276,2e-07,5.51,13549.8
OLDEST_D1_Z0_1_base,1676,EM,-41704.393,0.0077199,2e-07,1.36,13551.1
OLDEST_D1_Z0_1_base,1677,EM,-41704.385,0.0076986,2e-07,0.72,13551.9
OLDEST_D1_Z0_1_base,1678,EM,-41704.378,0.0076956,2e-07,0.89,13552.8
OLDEST_D1_Z0_1_base,1679,EM,-41704.37,0.0076833,2e-07,0.86,13553.6
OLDEST_D1_Z0_1_base,1680,EM,-41704.362,0.0076615,2e-07,0.98,13554.6
OLDEST_D1_Z0_1_base,1681,EM,-41704.355,0.0076466,2e-07,0.81,13555.4
OLDEST_D1_Z0_1_base,1682,EM,-41704.347,0.0076452,2e-07,0.88,13556.3
OLDEST_D1_Z0_1_base,1683,EM,-41704.339,0.0076385,2e-07,0.8,13557.1
OLDEST_D1_Z0_1_base,1684,EM,-41704.332,0.0076297,2e-07,0.65,13557.7
OLDEST_D1_Z0_1_base,1685,EM,-41704.324,0.0076219,2e-07,0.67,13558.4
OLDEST_D1_Z0_1_base,1686,EM,-41704.316,0.0076156,2e-07,0.75,13559.2
OLDEST_D1_Z0_1_base,1687,EM,-41704.309,0.0076055,2e-07,0.62,13559.8
OLDEST_D1_Z0_1_base,1688,EM,-41704.301,0.0076037,2e-07,0.66,13560.4
OLDEST_D1_Z0_1_base,1689,EM,-41704.294,0.0075972,2e-07,0.74,13561.2
OLDEST_D1_Z0_1_base,1690,EM,-41704.286,0.0075935,2e-07,0.6,13561.8
OLDEST_D1_Z0_1_base,1691,EM,-41704.278,0.0075869,2e-07,0.6,13562.4
OLDEST_D1_Z0_1_base,1692,EM,-41704.271,0.0075838,2e-07,0.72,13563.1
OLDEST_D1_Z0_1_base,1693,EM,-41704.263,0.0075786,2e-07,1.06,13564.2
OLDEST_D1_Z0_1_base,1694,EM,-41704.256,0.007578,2e-07,5.73,13569.9
OLDEST_D1_Z0_1_base,1695,EM,-41704.248,0.0075723,2e-07,1.5,13571.4
OLDEST_D1_Z0_1_base,1696,EM,-41704.241,0.0075622,2e-07,1.2,13572.6
OLDEST_D1_Z0_1_base,1697,EM,-41704.233,0.0075703,2e-07,5.85,13578.4
OLDEST_D1_Z0_1_base,1698,EM,-41704.225,0.0075616,2e-07,1.39,13579.8
OLDEST_D1_Z0_1_base,1699,EM,-41704.218,0.0075539,2e-07,0.64,13580.5
OLDEST_D1_Z0_1_base,1700,EM,-41704.21,0.0075581,2e-07,0.79,13581.3
OLDEST_D1_Z0_1_base,1701,EM,-41704.203,0.0075577,2e-07,0.76,13582.0
OLDEST_D1_Z0_1_base,1702,EM,-41704.195,0.0075496,2e-07,1.0,13583.0
OLDEST_D1_Z0_1_base,1703,EM,-41704.188,0.007545,2e-07,0.67,13583.7
OLDEST_D1_Z0_1_base,1704,EM,-41704.18,0.0075507,2e-07,0.78,13584.5
OLDEST_D1_Z0_1_base,1705,EM,-41704.173,0.0075346,2e-07,0.7,13585.2
OLDEST_D1_Z0_1_base,1706,EM,-41704.165,0.0075323,2e-07,1.16,13586.3
OLDEST_D1_Z0_1_base,1707,EM,-41704.158,0.0075401,2e-07,0.68,13587.0
OLDEST_D1_Z0_1_base,1708,EM,-41704.15,0.0075203,2e-07,1.32,13588.3
OLDEST_D1_Z0_1_base,1709,EM,-41704.143,0.0075161,2e-07,5.66,13594.0
OLDEST_D1_Z0_1_base,1710,EM,-41704.135,0.0075305,2e-07,1.25,13595.2
OLDEST_D1_Z0_1_base,1711,EM,-41704.127,0.0075051,2e-07,1.34,13596.6
OLDEST_D1_Z0_1_base,1712,EM,-41704.12,0.0074977,2e-07,6.14,13602.7
OLDEST_D1_Z0_1_base,1713,EM,-41704.113,0.0074958,2e-07,1.57,13604.3
OLDEST_D1_Z0_1_base,1714,EM,-41704.105,0.0074882,2e-07,0.87,13605.1
OLDEST_D1_Z0_1_base,1715,EM,-41704.098,0.0074895,2e-07,0.91,13606.1
OLDEST_D1_Z0_1_base,1716,EM,-41704.09,0.0074938,2e-07,0.57,13606.6
OLDEST_D1_Z0_1_base,1717,EM,-41704.083,0.0074599,2e-07,56.97,13663.6
OLDEST_D1_Z0_1_base,1718,EM,-41704.075,0.0074575,2e-07,1.52,13665.1
OLDEST_D1_Z0_1_base,1719,EM,-41704.068,0.0074556,2e-07,6.12,13671.2
OLDEST_D1_Z0_1_base,1720,EM,-41704.06,0.0074494,2e-07,6.12,13677.4
OLDEST_D1_Z0_1_base,1721,EM,-41704.053,0.007437,2e-07,1.46,13678.8
OLDEST_D1_Z0_1_base,1722,EM,-41704.045,0.0074292,2e-07,0.72,13679.5
OLDEST_D1_Z0_1_base,1723,EM,-41704.038,0.0074185,2e-07,0.89,13680.4
OLDEST_D1_Z0_1_base,1724,EM,-41704.031,0.00741,2e-07,0.96,13681.4
OLDEST_D1_Z0_1_base,1725,EM,-41704.023,0.0074035,2e-07,0.77,13682.2
OLDEST_D1_Z0_1_base,1726,EM,-41704.016,0.0073905,2e-07,0.8,13683.0
OLDEST_D1_Z0_1_base,1727,EM,-41704.008,0.0073791,2e-07,0.68,13683.6
OLDEST_D1_Z0_1_base,1728,EM,-41704.001,0.0073643,2e-07,0.83,13684.5
OLDEST_D1_Z0_1_base,1729,EM,-41703.994,0.0073544,2e-07,1.13,13685.6
OLDEST_D1_Z0_1_base,1730,EM,-41703.986,0.0073418,2e-07,6.07,13691.7
OLDEST_D1_Z0_1_base,1731,EM,-41703.979,0.0073264,2e-07,1.52,13693.2
OLDEST_D1_Z0_1_base,1732,EM,-41703.972,0.0073179,2e-07,0.89,13694.1
OLDEST_D1_Z0_1_base,1733,EM,-41703.964,0.0073037,2e-07,0.86,13694.9
OLDEST_D1_Z0_1_base,1734,EM,-41703.957,0.0072809,2e-07,0.61,13695.5
OLDEST_D1_Z0_1_base,1735,EM,-41703.95,0.0072658,2e-07,1.03,13696.6
OLDEST_D1_Z0_1_base,1736,EM,-41703.943,0.0072504,2e-07,0.61,13697.2
OLDEST_D1_Z0_1_base,1737,EM,-41703.935,0.0072388,2e-07,0.84,13698.0
OLDEST_D1_Z0_1_base,1738,EM,-41703.928,0.007224,2e-07,1.6,13699.6
OLDEST_D1_Z0_1_base,1739,EM,-41703.921,0.0072079,2e-07,5.55,13705.2
OLDEST_D1_Z0_1_base,1740,EM,-41703.914,0.0071957,2e-07,1.51,13706.7
OLDEST_D1_Z0_1_base,1741,EM,-41703.907,0.007163,2e-07,1.02,13707.7
OLDEST_D1_Z0_1_base,1742,QN,-41703.136,0.7705243,1.85e-05,273.02,13980.7
OLDEST_D1_Z0_1_base,1743,EM,-41703.114,0.0223963,5e-07,2.16,13982.9
OLDEST_D1_Z0_1_base,1744,EM,-41703.132,-0.0179301,-4e-07,1.25,13984.1
OLDEST_D1_Z0_1_base,1745,EM,-41703.157,-0.0250174,-6e-07,1.25,13985.4
OLDEST_D1_Z0_1_base,1746,EM,-41703.184,-0.0270172,-6e-07,1.47,13986.8
OLDEST_D1_Z0_1_base,1747,EM,-41703.211,-0.0274679,-7e-07,7.51,13994.4
OLDEST_D1_Z0_1_base,1748,EM,-41703.238,-0.0273359,-7e-07,1.98,13996.3
OLDEST_D1_Z0_1_base,1749,EM,-41703.265,-0.0269053,-6e-07,1.2,13997.5
OLDEST_D1_Z0_1_base,1750,EM,-41703.292,-0.0262754,-6e-07,1.0,13998.5
OLDEST_D1_Z0_1_base,1751,EM,-41703.317,-0.0254727,-6e-07,0.91,13999.4
OLDEST_D1_Z0_1_base,1752,EM,-41703.342,-0.0245529,-6e-07,0.89,14000.3
OLDEST_D1_Z0_1_base,1753,EM,-41703.365,-0.0235261,-6e-07,0.96,14001.3
OLDEST_D1_Z0_1_base,1754,EM,-41703.387,-0.0224018,-5e-07,1.13,14002.4
OLDEST_D1_Z0_1_base,1755,QN,-41703.341,0.0465129,1.1e-06,269.86,14272.3
OLDEST_D1_Z0_1_base,1756,EM,-41703.352,-0.0108011,-3e-07,0.89,14273.2
OLDEST_D1_Z0_1_base,1757,EM,-41703.378,-0.0261955,-6e-07,1.19,14274.4
OLDEST_D1_Z0_1_base,1758,EM,-41703.406,-0.0280466,-7e-07,5.92,14280.3
OLDEST_D1_Z0_1_base,1759,EM,-41703.433,-0.0266357,-6e-07,1.31,14281.6
OLDEST_D1_Z0_1_base,1760,EM,-41703.457,-0.0244716,-6e-07,2.35,14284.0
OLDEST_D1_Z0_1_base,1761,EM,-41703.479,-0.0222178,-5e-07,1.45,14285.4
OLDEST_D1_Z0_1_base,1762,EM,-41703.499,-0.0200945,-5e-07,1.29,14286.7
OLDEST_D1_Z0_1_base,1763,EM,-41703.518,-0.0181159,-4e-07,0.82,14287.5
OLDEST_D1_Z0_1_base,1764,EM,-41703.534,-0.0162736,-4e-07,1.1,14288.6
OLDEST_D1_Z0_1_base,1765,EM,-41703.548,-0.01455,-3e-07,0.78,14289.4
OLDEST_D1_Z0_1_base,1766,EM,-41703.561,-0.0129329,-3e-07,1.21,14290.6
OLDEST_D1_Z0_1_base,1767,EM,-41703.573,-0.0114168,-3e-07,7.03,14297.6
OLDEST_D1_Z0_1_base,1768,EM,-41703.583,-0.0099824,-2e-07,1.66,14299.3
OLDEST_D1_Z0_1_base,1769,EM,-41703.591,-0.0086698,-2e-07,1.53,14300.8
OLDEST_D1_Z0_1_base,1770,EM,-41703.599,-0.0074189,-2e-07,7.29,14308.1
OLDEST_D1_Z0_1_base,1771,EM,-41703.605,-0.006246,-1e-07,7.15,14315.3
OLDEST_D1_Z0_1_base,1772,EM,-41703.61,-0.0051506,-1e-07,79.95,14395.2
OLDEST_D1_Z0_1_base,1773,EM,-41703.614,-0.0041387,-1e-07,0.84,14396.0
OLDEST_D1_Z0_1_base,1774,EM,-41703.618,-0.003183,-1e-07,0.92,14397.0
OLDEST_D1_Z0_1_base,1775,EM,-41703.62,-0.0022825,-1e-07,1.0,14398.0
OLDEST_D1_Z0_1_base,1776,EM,-41703.621,-0.0014835,0.0,1.51,14399.5
OLDEST_D1_Z0_1_base,1777,EM,-41703.622,-0.0007109,0.0,6.82,14406.3
OLDEST_D1_Z0_1_base,1778,EM,-41703.622,-6.3e-06,0.0,1.68,14408.0
OLDEST_D1_Z0_1_base,1779,EM,-41703.621,0.000639,0.0,1.05,14409.0
OLDEST_D1_Z0_1_base,1780,EM,-41703.62,0.0012439,0.0,0.95,14410.0
OLDEST_D1_Z0_1_base,1781,EM,-41703.618,0.0017884,0.0,1.42,14411.4
OLDEST_D1_Z0_1_base,1782,EM,-41703.616,0.0023019,1e-07,7.05,14418.4
OLDEST_D1_Z0_1_base,1783,EM,-41703.613,0.002769,1e-07,6.66,14425.1
OLDEST_D1_Z0_1_base,1784,EM,-41703.61,0.0031928,1e-07,6.31,14431.4
OLDEST_D1_Z0_1_base,1785,EM,-41703.606,0.0035818,1e-07,5.88,14437.3
OLDEST_D1_Z0_1_base,1786,EM,-41703.603,0.0039423,1e-07,1.31,14438.6
OLDEST_D1_Z0_1_base,1787,EM,-41703.598,0.0042519,1e-07,1.51,14440.1
OLDEST_D1_Z0_1_base,1788,EM,-41703.594,0.004542,1e-07,7.21,14447.3
OLDEST_D1_Z0_1_base,1789,EM,-41703.589,0.0048059,1e-07,6.58,14453.9
OLDEST_D1_Z0_1_base,1790,EM,-41703.584,0.0050448,1e-07,5.92,14459.8
OLDEST_D1_Z0_1_base,1791,EM,-41703.579,0.0052543,1e-07,1.51,14461.3
OLDEST_D1_Z0_1_base,1792,EM,-41703.573,0.0054399,1e-07,0.71,14462.0
OLDEST_D1_Z0_1_base,1793,EM,-41703.568,0.0056044,1e-07,0.85,14462.9
OLDEST_D1_Z0_1_base,1794,EM,-41703.562,0.0057541,1e-07,1.03,14463.9
OLDEST_D1_Z0_1_base,1795,EM,-41703.556,0.0058847,1e-07,0.75,14464.7
OLDEST_D1_Z0_1_base,1796,EM,-41703.55,0.0059556,1e-07,0.74,14465.4
OLDEST_D1_Z0_1_base,1797,EM,-41703.544,0.006118,1e-07,0.7,14466.1
OLDEST_D1_Z0_1_base,1798,EM,-41703.538,0.0061684,1e-07,1.37,14467.5
OLDEST_D1_Z0_1_base,1799,EM,-41703.531,0.006242,1e-07,6.43,14473.9
OLDEST_D1_Z0_1_base,1800,EM,-41703.525,0.0062937,2e-07,1.77,14475.7
OLDEST_D1_Z0_1_base,1801,EM,-41703.519,0.0063305,2e-07,0.88,14476.5
OLDEST_D1_Z0_1_base,1802,EM,-41703.512,0.0063674,2e-07,1.11,14477.6
OLDEST_D1_Z0_1_base,1803,EM,-41703.506,0.0063955,2e-07,1.52,14479.2
OLDEST_D1_Z0_1_base,1804,EM,-41703.5,0.0064067,2e-07,6.67,14485.8
OLDEST_D1_Z0_1_base,1805,EM,-41703.493,0.0064178,2e-07,2.3,14488.1
OLDEST_D1_Z0_1_base,1806,EM,-41703.487,0.0064235,2e-07,7.87,14496.0
OLDEST_D1_Z0_1_base,1807,EM,-41703.48,0.0064155,2e-07,1.7,14497.7
OLDEST_D1_Z0_1_base,1808,EM,-41703.474,0.0064095,2e-07,1.16,14498.8
OLDEST_D1_Z0_1_base,1809,EM,-41703.468,0.0063763,2e-07,1.14,14500.0
OLDEST_D1_Z0_1_base,1810,EM,-41703.461,0.0063639,2e-07,0.96,14501.0
OLDEST_D1_Z0_1_base,1811,EM,-41703.455,0.0063502,2e-07,1.63,14502.6
OLDEST_D1_Z0_1_base,1812,EM,-41703.449,0.0063173,2e-07,9.52,14512.1
OLDEST_D1_Z0_1_base,1813,EM,-41703.442,0.0062861,2e-07,9.33,14521.4
OLDEST_D1_Z0_1_base,1814,EM,-41703.436,0.0062575,2e-07,2.57,14524.0
OLDEST_D1_Z0_1_base,1815,EM,-41703.43,0.0062127,1e-07,8.93,14532.9
OLDEST_D1_Z0_1_base,1816,EM,-41703.424,0.00618,1e-07,2.56,14535.5
OLDEST_D1_Z0_1_base,1817,EM,-41703.418,0.0061371,1e-07,1.1,14536.6
OLDEST_D1_Z0_1_base,1818,EM,-41703.411,0.0060924,1e-07,1.49,14538.1
OLDEST_D1_Z0_1_base,1819,EM,-41703.405,0.0060542,1e-07,2.7,14540.8
OLDEST_D1_Z0_1_base,1820,EM,-41703.399,0.0060077,1e-07,9.44,14550.2
OLDEST_D1_Z0_1_base,1821,EM,-41703.393,0.0059697,1e-07,4.39,14554.6
OLDEST_D1_Z0_1_base,1822,EM,-41703.387,0.0059181,1e-07,1.89,14556.5
OLDEST_D1_Z0_1_base,1823,EM,-41703.382,0.0058756,1e-07,8.03,14564.5
OLDEST_D1_Z0_1_base,1824,EM,-41703.376,0.0058336,1e-07,63.75,14628.3
OLDEST_D1_Z0_1_base,1825,EM,-41703.37,0.0057797,1e-07,1.01,14629.3
OLDEST_D1_Z0_1_base,1826,EM,-41703.364,0.0057366,1e-07,1.23,14630.5
OLDEST_D1_Z0_1_base,1827,EM,-41703.359,0.0056889,1e-07,0.81,14631.3
OLDEST_D1_Z0_1_base,1828,EM,-41703.353,0.0056447,1e-07,0.65,14632.0
OLDEST_D1_Z0_1_base,1829,EM,-41703.347,0.005599,1e-07,0.66,14632.6
OLDEST_D1_Z0_1_base,1830,EM,-41703.342,0.0055493,1e-07,0.75,14633.4
OLDEST_D1_Z0_1_base,1831,EM,-41703.336,0.0055031,1e-07,0.73,14634.1
OLDEST_D1_Z0_1_base,1832,EM,-41703.331,0.0054633,1e-07,0.78,14634.9
OLDEST_D1_Z0_1_base,1833,EM,-41703.325,0.0054157,1e-07,0.69,14635.6
OLDEST_D1_Z0_1_base,1834,EM,-41703.32,0.0053717,1e-07,0.89,14636.5
OLDEST_D1_Z0_1_base,1835,EM,-41703.315,0.0053287,1e-07,1.37,14637.8
OLDEST_D1_Z0_1_base,1836,EM,-41703.309,0.0052876,1e-07,6.88,14644.7
OLDEST_D1_Z0_1_base,1837,EM,-41703.304,0.0052385,1e-07,3.5,14648.2
OLDEST_D1_Z0_1_base,1838,EM,-41703.299,0.0052097,1e-07,0.79,14649.0
OLDEST_D1_Z0_1_base,1839,EM,-41703.294,0.0051569,1e-07,0.87,14649.9
OLDEST_D1_Z0_1_base,1840,EM,-41703.289,0.0051277,1e-07,0.71,14650.6
OLDEST_D1_Z0_1_base,1841,EM,-41703.284,0.005072,1e-07,0.91,14651.5
OLDEST_D1_Z0_1_base,1842,EM,-41703.279,0.0050432,1e-07,1.24,14652.8
OLDEST_D1_Z0_1_base,1843,EM,-41703.274,0.0049947,1e-07,7.62,14660.4
OLDEST_D1_Z0_1_base,1844,EM,-41703.269,0.0049584,1e-07,3.93,14664.3
OLDEST_D1_Z0_1_base,1845,EM,-41703.264,0.0049269,1e-07,1.02,14665.3
OLDEST_D1_Z0_1_base,1846,EM,-41703.259,0.0049014,1e-07,1.53,14666.9
OLDEST_D1_Z0_1_base,1847,EM,-41703.254,0.0048425,1e-07,8.05,14674.9
OLDEST_D1_Z0_1_base,1848,EM,-41703.249,0.004817,1e-07,4.17,14679.1
OLDEST_D1_Z0_1_base,1849,EM,-41703.244,0.0047902,1e-07,0.98,14680.1
OLDEST_D1_Z0_1_base,1850,EM,-41703.24,0.004751,1e-07,0.86,14680.9
OLDEST_D1_Z0_1_base,1851,EM,-41703.235,0.0046997,1e-07,1.24,14682.2
OLDEST_D1_Z0_1_base,1852,EM,-41703.23,0.0046913,1e-07,1.18,14683.3
OLDEST_D1_Z0_1_base,1853,EM,-41703.226,0.0046501,1e-07,1.9,14685.2
OLDEST_D1_Z0_1_base,1854,EM,-41703.221,0.0046187,1e-07,1.74,14687.0
OLDEST_D1_Z0_1_base,1855,EM,-41703.216,0.0045802,1e-07,10.1,14697.1
OLDEST_D1_Z0_1_base,1856,EM,-41703.212,0.0045567,1e-07,4.63,14701.7
OLDEST_D1_Z0_1_base,1857,EM,-41703.207,0.0045285,1e-07,1.58,14703.3
OLDEST_D1_Z0_1_base,1858,EM,-41703.203,0.0044878,1e-07,1.26,14704.6
OLDEST_D1_Z0_1_base,1859,EM,-41703.198,0.0044628,1e-07,1.65,14706.2
OLDEST_D1_Z0_1_base,1860,EM,-41703.194,0.0044267,1e-07,9.8,14716.0
OLDEST_D1_Z0_1_base,1861,EM,-41703.189,0.0044164,1e-07,2.07,14718.1
OLDEST_D1_Z0_1_base,1862,EM,-41703.185,0.0043711,1e-07,1.21,14719.3
OLDEST_D1_Z0_1_base,1863,EM,-41703.181,0.0043482,1e-07,1.55,14720.8
OLDEST_D1_Z0_1_base,1864,EM,-41703.176,0.0043119,1e-07,9.56,14730.4
OLDEST_D1_Z0_1_base,1865,EM,-41703.172,0.0042868,1e-07,3.12,14733.5
OLDEST_D1_Z0_1_base,1866,EM,-41703.168,0.0042656,1e-07,8.61,14742.1
OLDEST_D1_Z0_1_base,1867,EM,-41703.164,0.0042401,1e-07,8.91,14751.1
OLDEST_D1_Z0_1_base,1868,EM,-41703.159,0.0042074,1e-07,1.9,14753.0
OLDEST_D1_Z0_1_base,1869,EM,-41703.155,0.0041839,1e-07,0.94,14753.9
OLDEST_D1_Z0_1_base,1870,EM,-41703.151,0.0041568,1e-07,1.0,14754.9
OLDEST_D1_Z0_1_base,1871,EM,-41703.147,0.0041192,1e-07,0.99,14755.9
OLDEST_D1_Z0_1_base,1872,EM,-41703.143,0.0041078,1e-07,0.95,14756.8
OLDEST_D1_Z0_1_base,1873,EM,-41703.139,0.0040825,1e-07,0.75,14757.6
OLDEST_D1_Z0_1_base,1874,EM,-41703.135,0.0040524,1e-07,0.9,14758.5
OLDEST_D1_Z0_1_base,1875,EM,-41703.131,0.0040309,1e-07,61.34,14819.8
OLDEST_D1_Z0_1_base,1876,EM,-41703.127,0.0040063,1e-07,0.84,14820.7
OLDEST_D1_Z0_1_base,1877,EM,-41703.123,0.0039776,1e-07,0.91,14821.6
OLDEST_D1_Z0_1_base,1878,EM,-41703.119,0.0039533,1e-07,1.27,14822.9
OLDEST_D1_Z0_1_base,1879,EM,-41703.115,0.00393,1e-07,6.72,14829.6
OLDEST_D1_Z0_1_base,1880,EM,-41703.111,0.0039044,1e-07,7.32,14836.9
OLDEST_D1_Z0_1_base,1881,EM,-41703.107,0.0038801,1e-07,7.34,14844.2
OLDEST_D1_Z0_1_base,1882,EM,-41703.103,0.0038543,1e-07,7.22,14851.5
OLDEST_D1_Z0_1_base,1883,EM,-41703.099,0.0038363,1e-07,2.46,14853.9
OLDEST_D1_Z0_1_base,1884,EM,-41703.096,0.0038079,1e-07,8.21,14862.1
OLDEST_D1_Z0_1_base,1885,EM,-41703.092,0.0037844,1e-07,10.14,14872.3
OLDEST_D1_Z0_1_base,1886,EM,-41703.088,0.0037603,1e-07,10.02,14882.3
OLDEST_D1_Z0_1_base,1887,EM,-41703.084,0.0037411,1e-07,4.61,14886.9
OLDEST_D1_Z0_1_base,1888,EM,-41703.081,0.0037176,1e-07,1.13,14888.0
OLDEST_D1_Z0_1_base,1889,EM,-41703.077,0.0036884,1e-07,1.14,14889.2
OLDEST_D1_Z0_1_base,1890,EM,-41703.073,0.0036797,1e-07,1.1,14890.3
OLDEST_D1_Z0_1_base,1891,EM,-41703.07,0.0036377,1e-07,1.27,14891.5
OLDEST_D1_Z0_1_base,1892,EM,-41703.066,0.0036173,1e-07,1.03,14892.6
OLDEST_D1_Z0_1_base,1893,EM,-41703.062,0.0035985,1e-07,1.52,14894.1
OLDEST_D1_Z0_1_base,1894,EM,-41703.059,0.0035741,1e-07,1.55,14895.6
OLDEST_D1_Z0_1_base,1895,EM,-41703.055,0.0035523,1e-07,0.98,14896.6
OLDEST_D1_Z0_1_base,1896,EM,-41703.052,0.0035294,1e-07,1.03,14897.6
OLDEST_D1_Z0_1_base,1897,EM,-41703.048,0.0035104,1e-07,1.61,14899.3
OLDEST_D1_Z0_1_base,1898,EM,-41703.045,0.0034844,1e-07,9.2,14908.5
OLDEST_D1_Z0_1_base,1899,EM,-41703.041,0.0034614,1e-07,8.38,14916.8
OLDEST_D1_Z0_1_base,1900,EM,-41703.038,0.0034428,1e-07,1.59,14918.4
OLDEST_D1_Z0_1_base,1901,EM,-41703.034,0.0034001,1e-07,1.15,14919.6
OLDEST_D1_Z0_1_base,1902,EM,-41703.031,0.0034067,1e-07,1.52,14921.1
OLDEST_D1_Z0_1_base,1903,EM,-41703.028,0.0033763,1e-07,7.98,14929.1
OLDEST_D1_Z0_1_base,1904,EM,-41703.024,0.003354,1e-07,1.83,14930.9
OLDEST_D1_Z0_1_base,1905,EM,-41703.021,0.0033307,1e-07,1.14,14932.1
OLDEST_D1_Z0_1_base,1906,EM,-41703.018,0.003316,1e-07,1.35,14933.4
OLDEST_D1_Z0_1_base,1907,EM,-41703.014,0.0032828,1e-07,6.93,14940.3
OLDEST_D1_Z0_1_base,1908,EM,-41703.011,0.003262,1e-07,1.4,14941.7
OLDEST_D1_Z0_1_base,1909,EM,-41703.008,0.0032215,1e-07,0.99,14942.7
OLDEST_D1_Z0_1_base,1910,EM,-41703.005,0.0032365,1e-07,1.28,14944.0
OLDEST_D1_Z0_1_base,1911,EM,-41703.001,0.0031994,1e-07,6.8,14950.8
OLDEST_D1_Z0_1_base,1912,QN,-41702.736,0.2649934,6.4e-06,285.12,15235.9
OLDEST_D1_Z0_1_base,1913,EM,-41702.704,0.0327259,8e-07,9.13,15245.1
OLDEST_D1_Z0_1_base,1914,EM,-41702.724,-0.0199749,-5e-07,2.03,15247.1
OLDEST_D1_Z0_1_base,1915,EM,-41702.752,-0.0286906,-7e-07,1.45,15248.5
OLDEST_D1_Z0_1_base,1916,EM,-41702.781,-0.0288295,-7e-07,1.04,15249.6
OLDEST_D1_Z0_1_base,1917,EM,-41702.808,-0.0265812,-6e-07,1.26,15250.8
OLDEST_D1_Z0_1_base,1918,EM,-41702.832,-0.023763,-6e-07,1.05,15251.9
OLDEST_D1_Z0_1_base,1919,EM,-41702.852,-0.0209558,-5e-07,0.96,15252.8
OLDEST_D1_Z0_1_base,1920,EM,-41702.871,-0.0183405,-4e-07,1.29,15254.1
OLDEST_D1_Z0_1_base,1921,EM,-41702.887,-0.015978,-4e-07,0.98,15255.1
OLDEST_D1_Z0_1_base,1922,EM,-41702.901,-0.0138703,-3e-07,1.3,15256.4
OLDEST_D1_Z0_1_base,1923,EM,-41702.913,-0.01199,-3e-07,1.76,15258.2
OLDEST_D1_Z0_1_base,1924,EM,-41702.923,-0.0103275,-2e-07,7.96,15266.1
OLDEST_D1_Z0_1_base,1925,EM,-41702.932,-0.0088455,-2e-07,1.93,15268.1
OLDEST_D1_Z0_1_base,1926,EM,-41702.939,-0.0075504,-2e-07,1.2,15269.3
OLDEST_D1_Z0_1_base,1927,EM,-41702.946,-0.0063491,-2e-07,1.19,15270.5
OLDEST_D1_Z0_1_base,1928,EM,-41702.951,-0.0053429,-1e-07,62.55,15333.0
OLDEST_D1_Z0_1_base,1929,EM,-41702.955,-0.004404,-1e-07,0.97,15334.0
OLDEST_D1_Z0_1_base,1930,EM,-41702.959,-0.0035862,-1e-07,1.35,15335.3
OLDEST_D1_Z0_1_base,1931,EM,-41702.962,-0.0028561,-1e-07,6.61,15342.0
OLDEST_D1_Z0_1_base,1932,EM,-41702.964,-0.0022044,-1e-07,2.23,15344.2
OLDEST_D1_Z0_1_base,1933,EM,-41702.966,-0.0016219,0.0,7.47,15351.7
OLDEST_D1_Z0_1_base,1934,EM,-41702.967,-0.0011007,0.0,1.66,15353.3
OLDEST_D1_Z0_1_base,1935,EM,-41702.967,-0.0006342,0.0,1.16,15354.5
OLDEST_D1_Z0_1_base,1936,EM,-41702.968,-0.0002095,0.0,1.24,15355.7
OLDEST_D1_Z0_1_base,1937,EM,-41702.968,0.0001593,0.0,1.04,15356.8
OLDEST_D1_Z0_1_base,1938,EM,-41702.967,0.0005007,0.0,1.27,15358.0
OLDEST_D1_Z0_1_base,1939,EM,-41702.966,0.000806,0.0,1.38,15359.4
OLDEST_D1_Z0_1_base,1940,EM,-41702.965,0.0010739,0.0,10.43,15369.8
OLDEST_D1_Z0_1_base,1941,EM,-41702.964,0.0013219,0.0,1.97,15371.8
OLDEST_D1_Z0_1_base,1942,EM,-41702.962,0.0015451,0.0,1.25,15373.1
OLDEST_D1_Z0_1_base,1943,EM,-41702.961,0.0017476,0.0,0.98,15374.1
OLDEST_D1_Z0_1_base,1944,EM,-41702.959,0.0019217,0.0,1.48,15375.5
OLDEST_D1_Z0_1_base,1945,EM,-41702.957,0.0020842,0.0,1.55,15377.1
OLDEST_D1_Z0_1_base,1946,EM,-41702.954,0.0022288,1e-07,2.17,15379.3
OLDEST_D1_Z0_1_base,1947,EM,-41702.952,0.0023604,1e-07,11.23,15390.5
OLDEST_D1_Z0_1_base,1948,EM,-41702.949,0.0024672,1e-07,9.52,15400.0
OLDEST_D1_Z0_1_base,1949,EM,-41702.947,0.0025741,1e-07,10.45,15410.5
OLDEST_D1_Z0_1_base,1950,EM,-41702.944,0.0026704,1e-07,8.56,15419.0
OLDEST_D1_Z0_1_base,1951,EM,-41702.941,0.0027502,1e-07,1.7,15420.7
OLDEST_D1_Z0_1_base,1952,EM,-41702.939,0.0028132,1e-07,1.16,15421.9
OLDEST_D1_Z0_1_base,1953,EM,-41702.936,0.0028903,1e-07,2.18,15424.1
OLDEST_D1_Z0_1_base,1954,EM,-41702.933,0.0029364,1e-07,9.39,15433.4
OLDEST_D1_Z0_1_base,1955,EM,-41702.93,0.0029892,1e-07,1.84,15435.3
OLDEST_D1_Z0_1_base,1956,EM,-41702.927,0.0030289,1e-07,1.27,15436.6
OLDEST_D1_Z0_1_base,1957,EM,-41702.924,0.0030607,1e-07,1.2,15437.8
OLDEST_D1_Z0_1_base,1958,EM,-41702.921,0.0030867,1e-07,1.52,15439.3
OLDEST_D1_Z0_1_base,1959,EM,-41702.918,0.0031095,1e-07,8.05,15447.3
OLDEST_D1_Z0_1_base,1960,EM,-41702.914,0.0031294,1e-07,2.32,15449.6
OLDEST_D1_Z0_1_base,1961,EM,-41702.911,0.003138,1e-07,8.12,15457.8
OLDEST_D1_Z0_1_base,1962,EM,-41702.908,0.0031531,1e-07,1.41,15459.2
OLDEST_D1_Z0_1_base,1963,EM,-41702.905,0.0031545,1e-07,1.09,15460.3
OLDEST_D1_Z0_1_base,1964,EM,-41702.902,0.0031628,1e-07,0.74,15461.0
OLDEST_D1_Z0_1_base,1965,EM,-41702.899,0.0031512,1e-07,0.88,15461.9
OLDEST_D1_Z0_1_base,1966,EM,-41702.896,0.0031458,1e-07,0.8,15462.7
OLDEST_D1_Z0_1_base,1967,EM,-41702.892,0.0031459,1e-07,0.99,15463.7
OLDEST_D1_Z0_1_base,1968,EM,-41702.889,0.0031432,1e-07,0.82,15464.5
OLDEST_D1_Z0_1_base,1969,EM,-41702.886,0.003127,1e-07,0.99,15465.5
OLDEST_D1_Z0_1_base,1970,EM,-41702.883,0.0031165,1e-07,1.8,15467.3
OLDEST_D1_Z0_1_base,1971,EM,-41702.88,0.0030959,1e-07,7.46,15474.8
OLDEST_D1_Z0_1_base,1972,EM,-41702.877,0.0030823,1e-07,6.99,15481.8
OLDEST_D1_Z0_1_base,1973,EM,-41702.874,0.0030631,1e-07,6.47,15488.2
OLDEST_D1_Z0_1_base,1974,EM,-41702.871,0.0030476,1e-07,1.25,15489.5
OLDEST_D1_Z0_1_base,1975,EM,-41702.868,0.0030161,1e-07,1.4,15490.9
OLDEST_D1_Z0_1_base,1976,EM,-41702.865,0.0030034,1e-07,7.66,15498.5
OLDEST_D1_Z0_1_base,1977,EM,-41702.862,0.0029774,1e-07,7.93,15506.5
OLDEST_D1_Z0_1_base,1978,EM,-41702.859,0.0029568,1e-07,1.98,15508.5
OLDEST_D1_Z0_1_base,1979,EM,-41702.856,0.0029253,1e-07,85.98,15594.4
OLDEST_D1_Z0_1_base,1980,EM,-41702.853,0.0029054,1e-07,1.77,15596.2
OLDEST_D1_Z0_1_base,1981,EM,-41702.85,0.0028783,1e-07,0.95,15597.2
OLDEST_D1_Z0_1_base,1982,EM,-41702.847,0.0028583,1e-07,1.61,15598.8
OLDEST_D1_Z0_1_base,1983,EM,-41702.844,0.0028193,1e-07,8.2,15607.0
OLDEST_D1_Z0_1_base,1984,EM,-41702.842,0.0028008,1e-07,8.78,15615.8
OLDEST_D1_Z0_1_base,1985,EM,-41702.839,0.0027728,1e-07,8.13,15623.9
OLDEST_D1_Z0_1_base,1986,EM,-41702.836,0.0027486,1e-07,4.23,15628.1
OLDEST_D1_Z0_1_base,1987,EM,-41702.833,0.0027243,1e-07,7.25,15635.4
OLDEST_D1_Z0_1_base,1988,EM,-41702.831,0.0026976,1e-07,7.16,15642.5
OLDEST_D1_Z0_1_base,1989,EM,-41702.828,0.0026661,1e-07,6.91,15649.4
OLDEST_D1_Z0_1_base,1990,EM,-41702.825,0.0026375,1e-07,1.36,15650.8
OLDEST_D1_Z0_1_base,1991,EM,-41702.823,0.0025967,1e-07,1.0,15651.8
OLDEST_D1_Z0_1_base,1992,EM,-41702.82,0.0025805,1e-07,0.95,15652.7
OLDEST_D1_Z0_1_base,1993,EM,-41702.818,0.0025547,1e-07,1.11,15653.8
OLDEST_D1_Z0_1_base,1994,EM,-41702.815,0.0025301,1e-07,0.89,15654.7
OLDEST_D1_Z0_1_base,1995,EM,-41702.813,0.0025019,1e-07,0.67,15655.4
OLDEST_D1_Z0_1_base,1996,EM,-41702.81,0.0024849,1e-07,1.18,15656.6
OLDEST_D1_Z0_1_base,1997,EM,-41702.808,0.0024506,1e-07,6.86,15663.4
OLDEST_D1_Z0_1_base,1998,EM,-41702.805,0.0024302,1e-07,1.48,15664.9
OLDEST_D1_Z0_1_base,1999,EM,-41702.803,0.0024024,1e-07,1.3,15666.2
OLDEST_D1_Z0_1_base,2000,EM,-41702.8,0.0023745,1e-07,1.18,15667.4
OLDEST_D1_Z0_1_base,2001,EM,-41702.798,0.0023597,1e-07,0.88,15668.3
OLDEST_D1_Z0_1_base,2002,EM,-41702.796,0.0023239,1e-07,0.89,15669.2
OLDEST_D1_Z0_1_base,2003,EM,-41702.793,0.0022903,1e-07,0.73,15669.9
OLDEST_D1_Z0_1_base,2004,EM,-41702.791,0.0022971,1e-07,1.73,15671.6
OLDEST_D1_Z0_1_base,2005,EM,-41702.789,0.0022662,1e-07,8.52,15680.2
OLDEST_D1_Z0_1_base,2006,EM,-41702.787,0.0022416,1e-07,4.26,15684.4
OLDEST_D1_Z0_1_base,2007,EM,-41702.784,0.0022266,1e-07,1.59,15686.0
OLDEST_D1_Z0_1_base,2008,EM,-41702.782,0.0021955,1e-07,8.39,15694.4
OLDEST_D1_Z0_1_base,2009,EM,-41702.78,0.0021676,1e-07,1.78,15696.2
OLDEST_D1_Z0_1_base,2010,EM,-41702.778,0.0021375,1e-07,1.38,15697.6
OLDEST_D1_Z0_1_base,2011,EM,-41702.776,0.0021199,1e-07,1.82,15699.4
OLDEST_D1_Z0_1_base,2012,EM,-41702.774,0.002127,1e-07,9.79,15709.2
OLDEST_D1_Z0_1_base,2013,EM,-41702.772,0.0020931,1e-07,9.3,15718.5
OLDEST_D1_Z0_1_base,2014,EM,-41702.769,0.0020721,0.0,8.27,15726.8
OLDEST_D1_Z0_1_base,2015,EM,-41702.767,0.0020523,0.0,1.8,15728.6
OLDEST_D1_Z0_1_base,2016,EM,-41702.765,0.0020404,0.0,1.61,15730.2
OLDEST_D1_Z0_1_base,2017,EM,-41702.763,0.002009,0.0,4789.53,20519.7
OLDEST_D1_Z0_1_base,2018,EM,-41702.761,0.0019968,0.0,11.37,20531.1
OLDEST_D1_Z0_1_base,2019,EM,-41702.759,0.0019805,0.0,7.17,20538.2
OLDEST_D1_Z0_1_base,2020,EM,-41702.757,0.0019585,0.0,1.54,20539.8
OLDEST_D1_Z0_1_base,2021,EM,-41702.755,0.0019472,0.0,1.27,20541.0
OLDEST_D1_Z0_1_base,2022,EM,-41702.754,0.0019181,0.0,7.8,20548.9
OLDEST_D1_Z0_1_base,2023,EM,-41702.752,0.0019062,0.0,6.61,20555.5
OLDEST_D1_Z0_1_base,2024,EM,-41702.75,0.001891,0.0,1.28,20556.7
OLDEST_D1_Z0_1_base,2025,EM,-41702.748,0.0018414,0.0,0.88,20557.6
OLDEST_D1_Z0_1_base,2026,EM,-41702.746,0.0018255,0.0,0.69,20558.3
OLDEST_D1_Z0_1_base,2027,EM,-41702.744,0.0018615,0.0,1.51,20559.8
OLDEST_D1_Z0_1_base,2028,EM,-41702.742,0.001839,0.0,7.86,20567.7
OLDEST_D1_Z0_1_base,2029,EM,-41702.741,0.0018043,0.0,8.16,20575.8
OLDEST_D1_Z0_1_base,2030,EM,-41702.739,0.0017869,0.0,70.18,20646.0
OLDEST_D1_Z0_1_base,2031,EM,-41702.737,0.0018231,0.0,1.3,20647.3
OLDEST_D1_Z0_1_base,2032,EM,-41702.735,0.0017836,0.0,0.98,20648.3
OLDEST_D1_Z0_1_base,2033,EM,-41702.733,0.0017831,0.0,1.31,20649.6
OLDEST_D1_Z0_1_base,2034,EM,-41702.732,0.0017379,0.0,1.31,20650.9
OLDEST_D1_Z0_1_base,2035,EM,-41702.73,0.0017144,0.0,1.05,20651.9
OLDEST_D1_Z0_1_base,2036,EM,-41702.728,0.0016939,0.0,0.55,20652.5
OLDEST_D1_Z0_1_base,2037,EM,-41702.727,0.0016741,0.0,0.85,20653.4
OLDEST_D1_Z0_1_base,2038,EM,-41702.725,0.0016567,0.0,0.73,20654.1
OLDEST_D1_Z0_1_base,2039,EM,-41702.723,0.0016416,0.0,1.05,20655.1
OLDEST_D1_Z0_1_base,2040,EM,-41702.722,0.0016235,0.0,6.7,20661.8
OLDEST_D1_Z0_1_base,2041,EM,-41702.72,0.0016098,0.0,1.16,20663.0
OLDEST_D1_Z0_1_base,2042,EM,-41702.718,0.0015986,0.0,1.08,20664.1
OLDEST_D1_Z0_1_base,2043,EM,-41702.717,0.00158,0.0,6.0,20670.1
OLDEST_D1_Z0_1_base,2044,EM,-41702.715,0.0015668,0.0,1.23,20671.3
OLDEST_D1_Z0_1_base,2045,EM,-41702.714,0.0015492,0.0,1.32,20672.6
OLDEST_D1_Z0_1_base,2046,EM,-41702.712,0.0015342,0.0,6.7,20679.3
OLDEST_D1_Z0_1_base,2047,EM,-41702.711,0.0015249,0.0,6.3,20685.6
OLDEST_D1_Z0_1_base,2048,EM,-41702.709,0.0015147,0.0,1.41,20687.0
OLDEST_D1_Z0_1_base,2049,EM,-41702.708,0.0015014,0.0,0.9,20687.9
OLDEST_D1_Z0_1_base,2050,EM,-41702.706,0.0014908,0.0,0.74,20688.7
OLDEST_D1_Z0_1_base,2051,EM,-41702.705,0.0014694,0.0,0.84,20689.5
OLDEST_D1_Z0_1_base,2052,EM,-41702.703,0.0014684,0.0,0.79,20690.3
OLDEST_D1_Z0_1_base,2053,EM,-41702.702,0.0014485,0.0,1.41,20691.7
OLDEST_D1_Z0_1_base,2054,EM,-41702.7,0.0014373,0.0,5.84,20697.6
OLDEST_D1_Z0_1_base,2055,EM,-41702.699,0.0014252,0.0,1.78,20699.3
OLDEST_D1_Z0_1_base,2056,EM,-41702.698,0.0014144,0.0,6.12,20705.5
OLDEST_D1_Z0_1_base,2057,EM,-41702.696,0.0014025,0.0,6.41,20711.9
OLDEST_D1_Z0_1_base,2058,EM,-41702.695,0.0013896,0.0,2.1,20714.0
OLDEST_D1_Z0_1_base,2059,EM,-41702.693,0.0013769,0.0,15.16,20729.1
OLDEST_D1_Z0_1_base,2060,EM,-41702.692,0.0013643,0.0,6.32,20735.4
OLDEST_D1_Z0_1_base,2061,EM,-41702.691,0.0013574,0.0,14.66,20750.1
OLDEST_D1_Z0_1_base,2062,EM,-41702.689,0.0013453,0.0,3.85,20754.0
OLDEST_D1_Z0_1_base,2063,EM,-41702.688,0.0013371,0.0,1.48,20755.4
OLDEST_D1_Z0_1_base,2064,EM,-41702.687,0.001312,0.0,1.91,20757.3
OLDEST_D1_Z0_1_base,2065,EM,-41702.685,0.0013116,0.0,1.72,20759.1
OLDEST_D1_Z0_1_base,2066,EM,-41702.684,0.0012965,0.0,3.05,20762.1
OLDEST_D1_Z0_1_base,2067,EM,-41702.683,0.0012864,0.0,18.49,20780.6
OLDEST_D1_Z0_1_base,2068,EM,-41702.681,0.0012731,0.0,16.02,20796.6
OLDEST_D1_Z0_1_base,2069,EM,-41702.68,0.0012637,0.0,12.02,20808.7
OLDEST_D1_Z0_1_base,2070,QN,-41702.529,0.1511026,3.6e-06,483.41,21292.1
OLDEST_D1_Z0_1_base,2071,EM,-41702.501,0.0277236,7e-07,14.91,21307.0
OLDEST_D1_Z0_1_base,2072,EM,-41702.508,-0.0070168,-2e-07,3.34,21310.3
OLDEST_D1_Z0_1_base,2073,EM,-41702.52,-0.0117783,-3e-07,9.68,21320.0
OLDEST_D1_Z0_1_base,2074,EM,-41702.533,-0.0126238,-3e-07,2.76,21322.8
OLDEST_D1_Z0_1_base,2075,EM,-41702.545,-0.0120864,-3e-07,1.62,21324.4
OLDEST_D1_Z0_1_base,2076,EM,-41702.556,-0.0110497,-3e-07,1.99,21326.4
OLDEST_D1_Z0_1_base,2077,EM,-41702.566,-0.0098698,-2e-07,8.93,21335.3
OLDEST_D1_Z0_1_base,2078,EM,-41702.575,-0.0087012,-2e-07,2.34,21337.6
OLDEST_D1_Z0_1_base,2079,EM,-41702.582,-0.0076271,-2e-07,2.41,21340.1
OLDEST_D1_Z0_1_base,2080,EM,-41702.589,-0.0066517,-2e-07,10.1,21350.2
OLDEST_D1_Z0_1_base,2081,EM,-41702.595,-0.0057919,-1e-07,2.16,21352.3
OLDEST_D1_Z0_1_base,2082,EM,-41702.6,-0.0050273,-1e-07,1.54,21353.9
OLDEST_D1_Z0_1_base,2083,EM,-41702.604,-0.0043781,-1e-07,109.2,21463.1
OLDEST_D1_Z0_1_base,2084,EM,-41702.608,-0.0038014,-1e-07,2.25,21465.3
OLDEST_D1_Z0_1_base,2085,EM,-41702.611,-0.0032981,-1e-07,16.52,21481.8
OLDEST_D1_Z0_1_base,2086,EM,-41702.614,-0.0028655,-1e-07,3.61,21485.4
OLDEST_D1_Z0_1_base,2087,EM,-41702.616,-0.0024886,-1e-07,4.02,21489.4
OLDEST_D1_Z0_1_repair_em,1,EM,-45438.827,0.0,0.0,0.91,0.9
OLDEST_D1_Z0_1_repair_em,2,EM,-42068.383,3370.4441195,0.0741754,38.33,39.2
OLDEST_D1_Z0_1_repair_em,3,EM,-41960.84,107.5434896,0.0025564,25.98,65.2
OLDEST_D1_Z0_1_repair_em,4,EM,-41911.969,48.870357,0.0011647,2.27,67.5
OLDEST_D1_Z0_1_repair_em,5,EM,-41884.184,27.7858005,0.000663,2.08,69.6
OLDEST_D1_Z0_1_repair_em,6,EM,-41866.935,17.2483429,0.0004118,1.78,71.3
OLDEST_D1_Z0_1_repair_em,7,EM,-41855.329,11.6060009,0.0002772,1.86,73.2
OLDEST_D1_Z0_1_repair_em,8,EM,-41846.839,8.4900031,0.0002028,1.84,75.0
OLDEST_D1_Z0_1_repair_em,9,EM,-41840.146,6.6934809,0.00016,1.88,76.9
OLDEST_D1_Z0_1_repair_em,10,EM,-41834.563,5.5832309,0.0001334,1.57,78.5
OLDEST_D1_Z0_1_repair_em,11,EM,-41829.73,4.8329127,0.0001155,1.68,80.2
OLDEST_D1_Z0_1_repair_em,12,EM,-41825.452,4.2774045,0.0001023,2.16,82.3
OLDEST_D1_Z0_1_repair_em,13,EM,-41821.619,3.8335724,9.17e-05,1.82,84.1
OLDEST_D1_Z0_1_repair_em,14,EM,-41818.159,3.4591839,8.27e-05,1.59,85.7
OLDEST_D1_Z0_1_repair_em,15,EM,-41815.027,3.1322632,7.49e-05,1.8,87.5
OLDEST_D1_Z0_1_repair_em,16,EM,-41812.186,2.841028,6.79e-05,1.59,89.1
OLDEST_D1_Z0_1_repair_em,17,EM,-41809.607,2.5788741,6.17e-05,1.43,90.5
OLDEST_D1_Z0_1_repair_em,18,EM,-41807.266,2.3418058,5.6e-05,1.52,92.1
OLDEST_D1_Z0_1_repair_em,19,EM,-41805.138,2.1270702,5.09e-05,1.26,93.3
OLDEST_D1_Z0_1_repair_em,20,EM,-41803.206,1.9326303,4.62e-05,1.38,94.7
OLDEST_D1_Z0_1_repair_em,21,EM,-41801.449,1.756721,4.2e-05,1.28,96.0
OLDEST_D1_Z0_1_repair_em,22,EM,-41799.851,1.5977434,3.82e-05,1.34,97.3
OLDEST_D1_Z0_1_repair_em,23,EM,-41798.397,1.4542119,3.48e-05,1.21,98.5
OLDEST_D1_Z0_1_repair_em,24,EM,-41797.072,1.3247127,3.17e-05,1.3,99.8
OLDEST_D1_Z0_1_repair_em,25,EM,-41795.864,1.2079364,2.89e-05,1.22,101.0
OLDEST_D1_Z0_1_repair_em,26,EM,-41794.762,1.1026522,2.64e-05,1.24,102.3
OLDEST_D1_Z0_1_repair_em,27,EM,-41793.754,1.0077429,2.41e-05,1.25,103.5
OLDEST_D1_Z0_1_repair_em,28,EM,-41792.832,0.9221517,2.21e-05,1.3,104.8
OLDEST_D1_Z0_1_repair_em,29,EM,-41791.987,0.8449457,2.02e-05,1.25,106.1
OLDEST_D1_Z0_1_repair_em,30,EM,-41791.212,0.7752726,1.86e-05,1.46,107.6
OLDEST_D1_Z0_1_repair_em,31,EM,-41790.499,0.7123637,1.7e-05,1.23,108.8
OLDEST_D1_Z0_1_repair_em,32,EM,-41789.844,0.655522,1.57e-05,1.27,110.1
OLDEST_D1_Z0_1_repair_em,33,EM,-41789.24,0.6041372,1.45e-05,1.24,111.3
OLDEST_D1_Z0_1_repair_em,34,EM,-41788.682,0.5576493,1.33e-05,1.27,112.6
OLDEST_D1_Z0_1_repair_em,35,EM,-41788.166,0.5155621,1.23e-05,1.23,113.8
OLDEST_D1_Z0_1_repair_em,36,EM,-41787.689,0.4774319,1.14e-05,1.16,115.0
OLDEST_D1_Z0_1_repair_em,37,EM,-41787.246,0.4428652,1.06e-05,1.24,116.2
OLDEST_D1_Z0_1_repair_em,38,EM,-41786.835,0.411501,9.8e-06,1.29,117.5
OLDEST_D1_Z0_1_repair_em,39,EM,-41786.452,0.3830256,9.2e-06,1.32,118.8
OLDEST_D1_Z0_1_repair_em,40,EM,-41786.095,0.3571554,8.5e-06,1.18,120.0
OLDEST_D1_Z0_1_repair_em,41,EM,-41785.761,0.333634,8e-06,1.14,121.1
OLDEST_D1_Z0_1_repair_em,42,EM,-41785.449,0.3122305,7.5e-06,1.23,122.4
OLDEST_D1_Z0_1_repair_em,43,EM,-41785.156,0.2927514,7e-06,1.16,123.5
OLDEST_D1_Z0_1_repair_em,44,EM,-41784.881,0.2750035,6.6e-06,1.19,124.7
OLDEST_D1_Z0_1_repair_em,45,EM,-41784.622,0.2588198,6.2e-06,1.28,126.0
OLDEST_D1_Z0_1_repair_em,46,EM,-41784.378,0.2440579,5.8e-06,1.15,127.1
OLDEST_D1_Z0_1_repair_em,47,EM,-41784.147,0.2305855,5.5e-06,1.27,128.4
OLDEST_D1_Z0_1_repair_em,48,EM,-41783.929,0.2182761,5.2e-06,1.4,129.8
OLDEST_D1_Z0_1_repair_em,49,EM,-41783.722,0.2070216,5e-06,1.23,131.0
OLDEST_D1_Z0_1_repair_em,50,EM,-41783.525,0.196726,4.7e-06,1.29,132.3
OLDEST_D1_Z0_1_repair_em,51,EM,-41783.338,0.1873,4.5e-06,1.21,133.5
OLDEST_D1_Z0_1_repair_em,52,EM,-41783.159,0.17866,4.3e-06,1.19,134.7
OLDEST_D1_Z0_1_repair_em,53,EM,-41782.989,0.1707394,4.1e-06,1.3,136.0
OLDEST_D1_Z0_1_repair_em,54,EM,-41782.825,0.1634681,3.9e-06,1.23,137.2
OLDEST_D1_Z0_1_repair_em,55,EM,-41782.668,0.1567905,3.8e-06,1.35,138.6
OLDEST_D1_Z0_1_repair_em,56,EM,-41782.518,0.1506452,3.6e-06,1.31,139.9
OLDEST_D1_Z0_1_repair_em,57,EM,-41782.373,0.1449882,3.5e-06,1.17,141.1
OLDEST_D1_Z0_1_repair_em,58,EM,-41782.233,0.1397721,3.3e-06,1.28,142.4
OLDEST_D1_Z0_1_repair_em,59,EM,-41782.098,0.1349605,3.2e-06,1.13,143.5
OLDEST_D1_Z0_1_repair_em,60,EM,-41781.968,0.1305111,3.1e-06,1.26,144.8
OLDEST_D1_Z0_1_repair_em,61,EM,-41781.841,0.1263922,3e-06,1.2,146.0
OLDEST_D1_Z0_1_repair_em,62,EM,-41781.719,0.1225733,2.9e-06,1.42,147.4
OLDEST_D1_Z0_1_repair_em,63,EM,-41781.6,0.1190263,2.8e-06,1.41,148.8
OLDEST_D1_Z0_1_repair_em,64,EM,-41781.484,0.1157246,2.8e-06,1.34,150.1
OLDEST_D1_Z0_1_repair_em,65,EM,-41781.371,0.112646,2.7e-06,1.36,151.5
OLDEST_D1_Z0_1_repair_em,66,EM,-41781.261,0.1097726,2.6e-06,1.44,152.9
OLDEST_D1_Z0_1_repair_em,67,EM,-41781.154,0.1070821,2.6e-06,1.64,154.6
OLDEST_D1_Z0_1_repair_em,68,EM,-41781.05,0.104558,2.5e-06,1.6,156.2
OLDEST_D1_Z0_1_repair_em,69,EM,-41780.948,0.1021831,2.4e-06,1.29,157.5
OLDEST_D1_Z0_1_repair_em,70,EM,-41780.848,0.0999434,2.4e-06,1.2,158.6
OLDEST_D1_Z0_1_repair_em,71,EM,-41780.75,0.0978271,2.3e-06,1.27,159.9
OLDEST_D1_Z0_1_repair_em,72,EM,-41780.654,0.0958204,2.3e-06,1.29,161.2
OLDEST_D1_Z0_1_repair_em,73,EM,-41780.56,0.0939142,2.2e-06,1.3,162.5
OLDEST_D1_Z0_1_repair_em,74,EM,-41780.468,0.0920987,2.2e-06,1.16,163.7
OLDEST_D1_Z0_1_repair_em,75,EM,-41780.378,0.0903652,2.2e-06,1.27,164.9
OLDEST_D1_Z0_1_repair_em,76,EM,-41780.289,0.0887036,2.1e-06,1.25,166.2
OLDEST_D1_Z0_1_repair_em,77,EM,-41780.202,0.0871111,2.1e-06,1.26,167.4
OLDEST_D1_Z0_1_repair_em,78,EM,-41780.116,0.0855777,2e-06,1.34,168.8
OLDEST_D1_Z0_1_repair_em,79,EM,-41780.032,0.0840986,2e-06,1.38,170.2
OLDEST_D1_Z0_1_repair_em,80,EM,-41779.949,0.0826685,2e-06,1.32,171.5
OLDEST_D1_Z0_1_repair_em,81,EM,-41779.868,0.0812834,1.9e-06,1.3,172.8
OLDEST_D1_Z0_1_repair_em,82,EM,-41779.788,0.0799361,1.9e-06,1.22,174.0
OLDEST_D1_Z0_1_repair_em,83,EM,-41779.71,0.0786302,1.9e-06,1.21,175.2
OLDEST_D1_Z0_1_repair_em,84,EM,-41779.632,0.0773556,1.9e-06,1.34,176.6
OLDEST_D1_Z0_1_repair_em,85,EM,-41779.556,0.0761118,1.8e-06,1.38,177.9
OLDEST_D1_Z0_1_repair_em,86,EM,-41779.481,0.0748958,1.8e-06,1.3,179.2
OLDEST_D1_Z0_1_repair_em,87,EM,-41779.408,0.0737007,1.8e-06,1.13,180.4
OLDEST_D1_Z0_1_repair_em,88,EM,-41779.335,0.0725408,1.7e-06,1.31,181.7
OLDEST_D1_Z0_1_repair_em,89,EM,-41779.264,0.0713972,1.7e-06,1.46,183.1
OLDEST_D1_Z0_1_repair_em,90,EM,-41779.193,0.0702769,1.7e-06,1.55,184.7
OLDEST_D1_Z0_1_repair_em,91,EM,-41779.124,0.0691745,1.7e-06,1.66,186.3
OLDEST_D1_Z0_1_repair_em,92,EM,-41779.056,0.0680908,1.6e-06,1.84,188.2
OLDEST_D1_Z0_1_repair_em,93,EM,-41778.989,0.0670233,1.6e-06,1.94,190.1
OLDEST_D1_Z0_1_repair_em,94,EM,-41778.923,0.0659752,1.6e-06,1.83,192.0
OLDEST_D1_Z0_1_repair_em,95,EM,-41778.858,0.0649422,1.6e-06,1.62,193.6
OLDEST_D1_Z0_1_repair_em,96,EM,-41778.794,0.063924,1.5e-06,1.48,195.0
OLDEST_D1_Z0_1_repair_em,97,EM,-41778.731,0.0629219,1.5e-06,1.63,196.7
OLDEST_D1_Z0_1_repair_em,98,EM,-41778.669,0.0619347,1.5e-06,1.59,198.3
OLDEST_D1_Z0_1_repair_em,99,EM,-41778.608,0.0609617,1.5e-06,1.77,200.0
OLDEST_D1_Z0_1_repair_em,100,EM,-41778.548,0.0600021,1.4e-06,3.2,203.2
OLDEST_D1_Z0_1_repair_em,101,EM,-41778.489,0.0590585,1.4e-06,7.1,210.3
OLDEST_D1_Z0_1_repair_em,102,EM,-41778.431,0.0581271,1.4e-06,2.33,212.7
OLDEST_D1_Z0_1_repair_em,103,EM,-41778.374,0.0572054,1.4e-06,1.08,213.7
OLDEST_D1_Z0_1_repair_em,104,EM,-41778.318,0.0563062,1.3e-06,1.41,215.1
OLDEST_D1_Z0_1_repair_em,105,EM,-41778.262,0.0554152,1.3e-06,1.35,216.5
OLDEST_D1_Z0_1_repair_em,106,EM,-41778.208,0.054537,1.3e-06,1.38,217.9
OLDEST_D1_Z0_1_repair_em,107,EM,-41778.154,0.0536745,1.3e-06,1.36,219.2
OLDEST_D1_Z0_1_repair_em,108,EM,-41778.101,0.0528228,1.3e-06,1.8,221.0
OLDEST_D1_Z0_1_repair_em,109,EM,-41778.049,0.0519842,1.2e-06,1.8,222.8
OLDEST_D1_Z0_1_repair_em,110,EM,-41777.998,0.0511609,1.2e-06,1.55,224.4
OLDEST_D1_Z0_1_repair_em,111,EM,-41777.948,0.0503521,1.2e-06,1.93,226.3
OLDEST_D1_Z0_1_repair_em,112,EM,-41777.898,0.0495536,1.2e-06,1.6,227.9
OLDEST_D1_Z0_1_repair_em,113,EM,-41777.849,0.0487677,1.2e-06,1.09,229.0
OLDEST_D1_Z0_1_repair_em,114,EM,-41777.801,0.0479964,1.1e-06,1.54,230.6
OLDEST_D1_Z0_1_repair_em,115,EM,-41777.754,0.0472377,1.1e-06,1.38,231.9
OLDEST_D1_Z0_1_repair_em,116,EM,-41777.708,0.0464911,1.1e-06,1.27,233.2
OLDEST_D1_Z0_1_repair_em,117,EM,-41777.662,0.0457575,1.1e-06,1.21,234.4
OLDEST_D1_Z0_1_repair_em,118,EM,-41777.617,0.0450363,1.1e-06,1.5,235.9
OLDEST_D1_Z0_1_repair_em,119,EM,-41777.573,0.0443275,1.1e-06,1.4,237.3
OLDEST_D1_Z0_1_repair_em,120,EM,-41777.529,0.0436319,1e-06,1.59,238.9
OLDEST_D1_Z0_1_repair_em,121,EM,-41777.486,0.0429481,1e-06,1.26,240.2
OLDEST_D1_Z0_1_repair_em,122,EM,-41777.444,0.0422766,1e-06,1.27,241.4
OLDEST_D1_Z0_1_repair_em,123,EM,-41777.402,0.0416165,1e-06,1.29,242.7
OLDEST_D1_Z0_1_repair_em,124,EM,-41777.361,0.0409696,1e-06,1.16,243.9
OLDEST_D1_Z0_1_repair_em,125,EM,-41777.321,0.0403335,1e-06,1.18,245.1
OLDEST_D1_Z0_1_repair_em,126,EM,-41777.281,0.0397086,1e-06,1.28,246.3
OLDEST_D1_Z0_1_repair_em,127,EM,-41777.242,0.0390959,9e-07,1.12,247.5
OLDEST_D1_Z0_1_repair_em,128,EM,-41777.204,0.0384942,9e-07,1.27,248.7
OLDEST_D1_Z0_1_repair_em,129,EM,-41777.166,0.0379041,9e-07,1.21,249.9
OLDEST_D1_Z0_1_repair_em,130,EM,-41777.128,0.0373245,9e-07,1.05,251.0
OLDEST_D1_Z0_1_repair_em,131,EM,-41777.092,0.0367544,9e-07,1.19,252.2
OLDEST_D1_Z0_1_repair_em,132,EM,-41777.055,0.0361968,9e-07,1.16,253.3
OLDEST_D1_Z0_1_repair_em,133,EM,-41777.02,0.0356489,9e-07,1.24,254.6
OLDEST_D1_Z0_1_repair_em,134,EM,-41776.985,0.035114,8e-07,1.34,255.9
OLDEST_D1_Z0_1_repair_em,135,EM,-41776.95,0.0345859,8e-07,1.11,257.0
OLDEST_D1_Z0_1_repair_em,136,EM,-41776.916,0.0340687,8e-07,1.27,258.3
OLDEST_D1_Z0_1_repair_em,137,EM,-41776.882,0.0335628,8e-07,1.04,259.3
OLDEST_D1_Z0_1_repair_em,138,EM,-41776.849,0.0330631,8e-07,1.08,260.4
OLDEST_D1_Z0_1_repair_em,139,EM,-41776.817,0.0325748,8e-07,1.12,261.5
OLDEST_D1_Z0_1_repair_em,140,EM,-41776.785,0.0320954,8e-07,1.15,262.7
OLDEST_D1_Z0_1_repair_em,141,EM,-41776.753,0.0316249,8e-07,1.04,263.7
OLDEST_D1_Z0_1_repair_em,142,EM,-41776.722,0.0311642,7e-07,1.21,264.9
OLDEST_D1_Z0_1_repair_em,143,EM,-41776.691,0.0307116,7e-07,1.07,266.0
OLDEST_D1_Z0_1_repair_em,144,EM,-41776.661,0.0302676,7e-07,1.25,267.2
OLDEST_D1_Z0_1_repair_em,145,EM,-41776.631,0.029832,7e-07,1.02,268.3
OLDEST_D1_Z0_1_repair_em,146,EM,-41776.602,0.0294045,7e-07,0.99,269.3
OLDEST_D1_Z0_1_repair_em,147,EM,-41776.573,0.028985,7e-07,1.09,270.3
OLDEST_D1_Z0_1_repair_em,148,EM,-41776.544,0.0285738,7e-07,0.95,271.3
OLDEST_D1_Z0_1_repair_em,149,EM,-41776.516,0.0281708,7e-07,0.97,272.3
OLDEST_D1_Z0_1_repair_em,150,EM,-41776.488,0.0277732,7e-07,1.08,273.3
OLDEST_D1_Z0_1_repair_em,151,EM,-41776.461,0.0273835,7e-07,1.04,274.4
OLDEST_D1_Z0_1_repair_em,152,EM,-41776.434,0.0270025,6e-07,0.98,275.4
OLDEST_D1_Z0_1_repair_em,153,EM,-41776.407,0.0266283,6e-07,1.05,276.4
OLDEST_D1_Z0_1_repair_em,154,EM,-41776.381,0.0262612,6e-07,0.98,277.4
OLDEST_D1_Z0_1_repair_em,155,EM,-41776.355,0.0259,6e-07,1.01,278.4
OLDEST_D1_Z0_1_repair_em,156,EM,-41776.329,0.0255454,6e-07,1.02,279.4
OLDEST_D1_Z0_1_repair_em,157,EM,-41776.304,0.0251975,6e-07,0.92,280.3
OLDEST_D1_Z0_1_repair_em,158,EM,-41776.279,0.0248562,6e-07,0.99,281.3
OLDEST_D1_Z0_1_repair_em,159,EM,-41776.255,0.0245215,6e-07,1.07,282.4
OLDEST_D1_Z0_1_repair_em,160,EM,-41776.231,0.0241928,6e-07,0.92,283.3
OLDEST_D1_Z0_1_repair_em,161,EM,-41776.207,0.0238694,6e-07,0.96,284.3
OLDEST_D1_Z0_1_repair_em,162,EM,-41776.183,0.0235514,6e-07,1.06,285.3
OLDEST_D1_Z0_1_repair_em,163,EM,-41776.16,0.0232411,6e-07,0.95,286.3
OLDEST_D1_Z0_1_repair_em,164,EM,-41776.137,0.0229347,5e-07,0.98,287.3
OLDEST_D1_Z0_1_repair_em,165,EM,-41776.114,0.0226345,5e-07,0.99,288.3
OLDEST_D1_Z0_1_repair_em,166,EM,-41776.092,0.0223396,5e-07,1.04,289.3
OLDEST_D1_Z0_1_repair_em,167,EM,-41776.07,0.02205,5e-07,1.07,290.4
OLDEST_D1_Z0_1_repair_em,168,EM,-41776.048,0.0217652,5e-07,1.09,291.5
OLDEST_D1_Z0_1_repair_em,169,EM,-41776.027,0.0214856,5e-07,1.05,292.5
OLDEST_D1_Z0_1_repair_em,170,EM,-41776.006,0.0212108,5e-07,1.02,293.6
OLDEST_D1_Z0_1_repair_em,171,EM,-41775.985,0.020941,5e-07,1.12,294.7
OLDEST_D1_Z0_1_repair_em,172,EM,-41775.964,0.0206757,5e-07,1.01,295.7
OLDEST_D1_Z0_1_repair_em,173,EM,-41775.944,0.0204152,5e-07,1.02,296.7
OLDEST_D1_Z0_1_repair_em,174,EM,-41775.923,0.0201591,5e-07,1.22,297.9
OLDEST_D1_Z0_1_repair_em,175,EM,-41775.903,0.0199073,5e-07,1.08,299.0
OLDEST_D1_Z0_1_repair_em,176,EM,-41775.884,0.0196599,5e-07,1.02,300.0
OLDEST_D1_Z0_1_repair_em,177,EM,-41775.864,0.019417,5e-07,1.04,301.1
OLDEST_D1_Z0_1_repair_em,178,EM,-41775.845,0.0191779,5e-07,1.09,302.1
OLDEST_D1_Z0_1_repair_em,179,EM,-41775.826,0.0189429,5e-07,1.05,303.2
OLDEST_D1_Z0_1_repair_em,180,EM,-41775.808,0.018712,4e-07,1.1,304.3
OLDEST_D1_Z0_1_repair_em,181,EM,-41775.789,0.018485,4e-07,1.14,305.4
OLDEST_D1_Z0_1_repair_em,182,EM,-41775.771,0.0182619,4e-07,1.03,306.5
OLDEST_D1_Z0_1_repair_em,183,EM,-41775.753,0.0180421,4e-07,1.24,307.7
OLDEST_D1_Z0_1_repair_em,184,EM,-41775.735,0.0178251,4e-07,1.1,308.8
OLDEST_D1_Z0_1_repair_em,185,EM,-41775.717,0.0176136,4e-07,1.33,310.1
OLDEST_D1_Z0_1_repair_em,186,EM,-41775.7,0.0174055,4e-07,1.12,311.3
OLDEST_D1_Z0_1_repair_em,187,EM,-41775.683,0.0171997,4e-07,1.22,312.5
OLDEST_D1_Z0_1_repair_em,188,EM,-41775.666,0.0169979,4e-07,1.21,313.7
OLDEST_D1_Z0_1_repair_em,189,EM,-41775.649,0.0167987,4e-07,1.1,314.8
OLDEST_D1_Z0_1_repair_em,190,EM,-41775.632,0.0166039,4e-07,1.1,315.9
OLDEST_D1_Z0_1_repair_em,191,EM,-41775.616,0.0164112,4e-07,1.14,317.0
OLDEST_D1_Z0_1_repair_em,192,EM,-41775.6,0.0162213,4e-07,1.13,318.2
OLDEST_D1_Z0_1_repair_em,193,EM,-41775.584,0.0160364,4e-07,1.12,319.3
OLDEST_D1_Z0_1_repair_em,194,EM,-41775.568,0.0158531,4e-07,1.09,320.4
OLDEST_D1_Z0_1_repair_em,195,EM,-41775.552,0.0156726,4e-07,1.09,321.5
OLDEST_D1_Z0_1_repair_em,196,EM,-41775.537,0.0154958,4e-07,1.21,322.7
OLDEST_D1_Z0_1_repair_em,197,EM,-41775.521,0.0153212,4e-07,1.17,323.9
OLDEST_D1_Z0_1_repair_em,198,EM,-41775.506,0.0151492,4e-07,1.07,324.9
OLDEST_D1_Z0_1_repair_em,199,EM,-41775.491,0.0149798,4e-07,1.27,326.2
OLDEST_D1_Z0_1_repair_em,200,EM,-41775.476,0.0148135,4e-07,1.74,327.9
OLDEST_D1_Z0_1_repair_em,201,EM,-41775.462,0.0146495,4e-07,1.24,329.2
OLDEST_D1_Z0_1_repair_em,202,EM,-41775.447,0.0144883,3e-07,1.19,330.4
OLDEST_D1_Z0_1_repair_em,203,EM,-41775.433,0.0143295,3e-07,1.19,331.6
OLDEST_D1_Z0_1_repair_em,204,EM,-41775.419,0.014173,3e-07,1.16,332.7
OLDEST_D1_Z0_1_repair_em,205,EM,-41775.405,0.0140193,3e-07,1.18,333.9
OLDEST_D1_Z0_1_repair_em,206,EM,-41775.391,0.0138676,3e-07,1.38,335.3
OLDEST_D1_Z0_1_repair_em,207,EM,-41775.377,0.0137184,3e-07,1.3,336.6
OLDEST_D1_Z0_1_repair_em,208,EM,-41775.364,0.0135714,3e-07,1.3,337.9
OLDEST_D1_Z0_1_repair_em,209,EM,-41775.35,0.0134263,3e-07,1.23,339.1
OLDEST_D1_Z0_1_repair_em,210,EM,-41775.337,0.0132838,3e-07,1.19,340.3
OLDEST_D1_Z0_1_repair_em,211,EM,-41775.324,0.0131432,3e-07,1.38,341.7
OLDEST_D1_Z0_1_repair_em,212,EM,-41775.311,0.0130047,3e-07,1.27,342.9
OLDEST_D1_Z0_1_repair_em,213,EM,-41775.298,0.0128684,3e-07,1.27,344.2
OLDEST_D1_Z0_1_repair_em,214,EM,-41775.285,0.012733,3e-07,1.2,345.4
OLDEST_D1_Z0_1_repair_em,215,EM,-41775.272,0.0126016,3e-07,1.27,346.7
OLDEST_D1_Z0_1_repair_em,216,EM,-41775.26,0.0124712,3e-07,1.66,348.3
OLDEST_D1_Z0_1_repair_em,217,EM,-41775.248,0.0123416,3e-07,1.53,349.9
OLDEST_D1_Z0_1_repair_em,218,EM,-41775.235,0.0122165,3e-07,1.27,351.1
OLDEST_D1_Z0_1_repair_em,219,EM,-41775.223,0.0120916,3e-07,1.15,352.3
OLDEST_D1_Z0_1_repair_em,220,EM,-41775.211,0.0119689,3e-07,1.48,353.8
OLDEST_D1_Z0_1_repair_em,221,EM,-41775.2,0.0118475,3e-07,1.38,355.2
OLDEST_D1_Z0_1_repair_em,222,EM,-41775.188,0.0117283,3e-07,1.34,356.5
OLDEST_D1_Z0_1_repair_em,223,EM,-41775.176,0.0116105,3e-07,1.6,358.1
OLDEST_D1_Z0_1_repair_em,224,EM,-41775.165,0.0114946,3e-07,1.47,359.6
OLDEST_D1_Z0_1_repair_em,225,EM,-41775.153,0.0113803,3e-07,1.17,360.7
OLDEST_D1_Z0_1_repair_em,226,EM,-41775.142,0.0112675,3e-07,1.28,362.0
OLDEST_D1_Z0_1_repair_em,227,EM,-41775.131,0.0111565,3e-07,1.23,363.2
OLDEST_D1_Z0_1_repair_em,228,EM,-41775.12,0.0110469,3e-07,1.26,364.5
OLDEST_D1_Z0_1_repair_em,229,EM,-41775.109,0.0109387,3e-07,1.27,365.8
OLDEST_D1_Z0_1_repair_em,230,EM,-41775.098,0.0108313,3e-07,1.09,366.9
OLDEST_D1_Z0_1_repair_em,231,EM,-41775.087,0.0107274,3e-07,1.31,368.2
OLDEST_D1_Z0_1_repair_em,232,EM,-41775.077,0.0106237,3e-07,1.66,369.8
OLDEST_D1_Z0_1_repair_em,233,EM,-41775.066,0.0105218,3e-07,1.48,371.3
OLDEST_D1_Z0_1_repair_em,234,EM,-41775.056,0.0104209,2e-07,1.22,372.5
OLDEST_D1_Z0_1_repair_em,235,EM,-41775.045,0.0103219,2e-07,1.22,373.8
OLDEST_D1_Z0_1_repair_em,236,EM,-41775.035,0.0102242,2e-07,1.23,375.0
OLDEST_D1_Z0_1_repair_em,237,EM,-41775.025,0.0101273,2e-07,1.2,376.2
OLDEST_D1_Z0_1_repair_em,238,EM,-41775.015,0.0100319,2e-07,1.36,377.5
OLDEST_D1_Z0_1_repair_em,239,EM,-41775.005,0.0099381,2e-07,1.43,379.0
OLDEST_D1_Z0_1_repair_em,240,EM,-41774.995,0.0098455,2e-07,1.2,380.2
OLDEST_D1_Z0_1_repair_em,241,EM,-41774.986,0.0097541,2e-07,1.16,381.3
OLDEST_D1_Z0_1_repair_em,242,EM,-41774.976,0.0096638,2e-07,1.3,382.6
OLDEST_D1_Z0_1_repair_em,243,EM,-41774.966,0.0095749,2e-07,1.3,383.9
OLDEST_D1_Z0_1_repair_em,244,EM,-41774.957,0.0094873,2e-07,1.3,385.2
OLDEST_D1_Z0_1_repair_em,245,EM,-41774.947,0.0094006,2e-07,1.78,387.0
OLDEST_D1_Z0_1_repair_em,246,EM,-41774.938,0.009315,2e-07,1.71,388.7
OLDEST_D1_Z0_1_repair_em,247,EM,-41774.929,0.0092305,2e-07,1.86,390.6
OLDEST_D1_Z0_1_repair_em,248,EM,-41774.92,0.0091475,2e-07,1.86,392.4
OLDEST_D1_Z0_1_repair_em,249,EM,-41774.911,0.0090649,2e-07,1.65,394.1
OLDEST_D1_Z0_1_repair_em,250,EM,-41774.902,0.0089847,2e-07,1.58,395.7
OLDEST_D1_Z0_1_repair_em,251,EM,-41774.893,0.0089047,2e-07,1.81,397.5
OLDEST_D1_Z0_1_repair_em,252,EM,-41774.884,0.008826,2e-07,1.8,399.3
OLDEST_D1_Z0_1_repair_em,253,EM,-41774.875,0.0087481,2e-07,1.76,401.0
OLDEST_D1_Z0_1_repair_em,254,EM,-41774.867,0.0086714,2e-07,1.87,402.9
OLDEST_D1_Z0_1_repair_em,255,EM,-41774.858,0.0085956,2e-07,1.76,404.6
OLDEST_D1_Z0_1_repair_em,256,EM,-41774.849,0.0085209,2e-07,1.83,406.5
OLDEST_D1_Z0_1_repair_em,257,EM,-41774.841,0.008447,2e-07,1.74,408.2
OLDEST_D1_Z0_1_repair_em,258,EM,-41774.833,0.0083741,2e-07,1.84,410.1
OLDEST_D1_Z0_1_repair_em,259,EM,-41774.824,0.0083023,2e-07,1.52,411.6
OLDEST_D1_Z0_1_repair_em,260,EM,-41774.816,0.0082313,2e-07,1.17,412.7
OLDEST_D1_Z0_1_repair_em,261,EM,-41774.808,0.0081612,2e-07,1.12,413.9
OLDEST_D1_Z0_1_repair_em,262,EM,-41774.8,0.008092,2e-07,1.27,415.1
OLDEST_D1_Z0_1_repair_em,263,EM,-41774.792,0.0080235,2e-07,1.27,416.4
OLDEST_D1_Z0_1_repair_em,264,EM,-41774.784,0.0079563,2e-07,1.41,417.8
OLDEST_D1_Z0_1_repair_em,265,EM,-41774.776,0.0078897,2e-07,1.27,419.1
OLDEST_D1_Z0_1_repair_em,266,EM,-41774.768,0.0078241,2e-07,1.17,420.2
OLDEST_D1_Z0_1_repair_em,267,EM,-41774.76,0.0077594,2e-07,1.12,421.4
OLDEST_D1_Z0_1_repair_em,268,EM,-41774.753,0.0076952,2e-07,1.13,422.5
OLDEST_D1_Z0_1_repair_em,269,EM,-41774.745,0.0076314,2e-07,1.19,423.7
OLDEST_D1_Z0_1_repair_em,270,EM,-41774.737,0.0075694,2e-07,1.16,424.9
OLDEST_D1_Z0_1_repair_em,271,EM,-41774.73,0.007508,2e-07,1.16,426.0
OLDEST_D1_Z0_1_repair_em,272,EM,-41774.723,0.0074471,2e-07,1.3,427.3
OLDEST_D1_Z0_1_repair_em,273,EM,-41774.715,0.0073871,2e-07,1.17,428.5
OLDEST_D1_Z0_1_repair_em,274,EM,-41774.708,0.0073279,2e-07,1.24,429.7
OLDEST_D1_Z0_1_repair_em,275,EM,-41774.701,0.0072693,2e-07,1.2,430.9
OLDEST_D1_Z0_1_repair_em,276,EM,-41774.693,0.0072114,2e-07,1.09,432.0
OLDEST_D1_Z0_1_repair_em,277,EM,-41774.686,0.0071544,2e-07,1.09,433.1
OLDEST_D1_Z0_1_repair_em,278,EM,-41774.679,0.0070975,2e-07,1.05,434.2
OLDEST_D1_Z0_1_repair_em,279,EM,-41774.672,0.0070425,2e-07,1.09,435.3
OLDEST_D1_Z0_1_repair_em,280,EM,-41774.665,0.0069875,2e-07,1.15,436.4
OLDEST_D1_Z0_1_repair_em,281,EM,-41774.658,0.0069332,2e-07,1.13,437.5
OLDEST_D1_Z0_1_repair_em,282,EM,-41774.651,0.0068797,2e-07,1.08,438.6
OLDEST_D1_Z0_1_repair_em,283,EM,-41774.644,0.0068267,2e-07,1.16,439.8
OLDEST_D1_Z0_1_repair_em,284,EM,-41774.638,0.0067745,2e-07,1.06,440.8
OLDEST_D1_Z0_1_repair_em,285,EM,-41774.631,0.0067228,2e-07,1.09,441.9
OLDEST_D1_Z0_1_repair_em,286,EM,-41774.624,0.0066719,2e-07,1.11,443.0
OLDEST_D1_Z0_1_repair_em,287,EM,-41774.618,0.0066217,2e-07,1.02,444.1
OLDEST_D1_Z0_1_repair_em,288,EM,-41774.611,0.006572,2e-07,1.04,445.1
OLDEST_D1_Z0_1_repair_em,289,EM,-41774.605,0.0065226,2e-07,1.09,446.2
OLDEST_D1_Z0_1_repair_em,290,EM,-41774.598,0.0064746,2e-07,1.16,447.4
OLDEST_D1_Z0_1_repair_em,291,EM,-41774.592,0.0064267,2e-07,1.21,448.6
OLDEST_D1_Z0_1_repair_em,292,EM,-41774.585,0.0063793,2e-07,1.15,449.7
OLDEST_D1_Z0_1_repair_em,293,EM,-41774.579,0.0063329,2e-07,1.2,450.9
OLDEST_D1_Z0_1_repair_em,294,EM,-41774.573,0.0062868,2e-07,1.11,452.0
OLDEST_D1_Z0_1_repair_em,295,EM,-41774.566,0.0062415,1e-07,1.05,453.1
OLDEST_D1_Z0_1_repair_em,296,EM,-41774.56,0.0061964,1e-07,1.02,454.1
OLDEST_D1_Z0_1_repair_em,297,EM,-41774.554,0.0061523,1e-07,1.07,455.2
OLDEST_D1_Z0_1_repair_em,298,EM,-41774.548,0.0061085,1e-07,1.02,456.2
OLDEST_D1_Z0_1_repair_em,299,EM,-41774.542,0.0060651,1e-07,0.98,457.2
OLDEST_D1_Z0_1_repair_em,300,EM,-41774.536,0.0060228,1e-07,1.03,458.2
OLDEST_D1_Z0_1_repair_em,301,EM,-41774.53,0.0059805,1e-07,1.02,459.2
OLDEST_D1_Z0_1_repair_em,302,EM,-41774.524,0.0059391,1e-07,1.12,460.3
OLDEST_D1_Z0_1_repair_em,303,EM,-41774.518,0.0058981,1e-07,1.13,461.5
OLDEST_D1_Z0_1_repair_em,304,EM,-41774.512,0.0058575,1e-07,0.99,462.5
OLDEST_D1_Z0_1_repair_em,305,EM,-41774.506,0.0058177,1e-07,1.03,463.5
OLDEST_D1_Z0_1_repair_em,306,EM,-41774.501,0.0057781,1e-07,1.1,464.6
OLDEST_D1_Z0_1_repair_em,307,EM,-41774.495,0.0057393,1e-07,0.95,465.5
OLDEST_D1_Z0_1_repair_em,308,EM,-41774.489,0.0057008,1e-07,1.03,466.6
OLDEST_D1_Z0_1_repair_em,309,EM,-41774.483,0.005663,1e-07,1.1,467.7
OLDEST_D1_Z0_1_repair_em,310,EM,-41774.478,0.0056255,1e-07,1.01,468.7
OLDEST_D1_Z0_1_repair_em,311,EM,-41774.472,0.0055886,1e-07,1.02,469.7
OLDEST_D1_Z0_1_repair_em,312,EM,-41774.467,0.0055522,1e-07,1.1,470.8
OLDEST_D1_Z0_1_repair_em,313,EM,-41774.461,0.0055163,1e-07,0.98,471.8
OLDEST_D1_Z0_1_repair_em,314,EM,-41774.456,0.0054808,1e-07,1.05,472.8
OLDEST_D1_Z0_1_repair_em,315,EM,-41774.45,0.0054458,1e-07,1.09,473.9
OLDEST_D1_Z0_1_repair_em,316,EM,-41774.445,0.0054113,1e-07,1.06,475.0
OLDEST_D1_Z0_1_repair_em,317,EM,-41774.439,0.0053773,1e-07,1.15,476.1
OLDEST_D1_Z0_1_repair_em,318,EM,-41774.434,0.0053437,1e-07,1.2,477.3
OLDEST_D1_Z0_1_repair_em,319,EM,-41774.429,0.0053106,1e-07,1.17,478.5
OLDEST_D1_Z0_1_repair_em,320,EM,-41774.424,0.005278,1e-07,1.17,479.7
OLDEST_D1_Z0_1_repair_em,321,EM,-41774.418,0.0052458,1e-07,1.12,480.8
OLDEST_D1_Z0_1_repair_em,322,EM,-41774.413,0.0052141,1e-07,1.2,482.0
OLDEST_D1_Z0_1_repair_em,323,EM,-41774.408,0.0051828,1e-07,1.26,483.2
OLDEST_D1_Z0_1_repair_em,324,EM,-41774.403,0.005152,1e-07,1.15,484.4
OLDEST_D1_Z0_1_repair_em,325,EM,-41774.398,0.0051217,1e-07,0.95,485.4
OLDEST_D1_Z0_1_repair_em,326,EM,-41774.393,0.0050917,1e-07,1.09,486.4
OLDEST_D1_Z0_1_repair_em,327,EM,-41774.387,0.0050623,1e-07,1.14,487.6
OLDEST_D1_Z0_1_repair_em,328,EM,-41774.382,0.0050333,1e-07,1.18,488.8
OLDEST_D1_Z0_1_repair_em,329,EM,-41774.377,0.0050047,1e-07,1.29,490.0
OLDEST_D1_Z0_1_repair_em,330,EM,-41774.372,0.0049766,1e-07,1.16,491.2
OLDEST_D1_Z0_1_repair_em,331,EM,-41774.367,0.0049488,1e-07,1.15,492.4
OLDEST_D1_Z0_1_repair_em,332,EM,-41774.363,0.0049216,1e-07,1.12,493.5
OLDEST_D1_Z0_1_repair_em,333,EM,-41774.358,0.0048947,1e-07,1.13,494.6
OLDEST_D1_Z0_1_repair_em,334,EM,-41774.353,0.0048684,1e-07,1.15,495.8
OLDEST_D1_Z0_1_repair_em,335,EM,-41774.348,0.0048424,1e-07,1.05,496.8
OLDEST_D1_Z0_1_repair_em,336,EM,-41774.343,0.0048169,1e-07,1.21,498.0
OLDEST_D1_Z0_1_repair_em,337,EM,-41774.338,0.0047919,1e-07,1.19,499.2
OLDEST_D1_Z0_1_repair_em,338,EM,-41774.334,0.0047672,1e-07,1.13,500.3
OLDEST_D1_Z0_1_repair_em,339,EM,-41774.329,0.004743,1e-07,1.16,501.5
OLDEST_D1_Z0_1_repair_em,340,EM,-41774.324,0.0047193,1e-07,1.28,502.8
OLDEST_D1_Z0_1_repair_em,341,EM,-41774.319,0.0046959,1e-07,1.25,504.0
OLDEST_D1_Z0_1_repair_em,342,EM,-41774.315,0.004673,1e-07,1.34,505.4
OLDEST_D1_Z0_1_repair_em,343,EM,-41774.31,0.0046506,1e-07,1.27,506.6
OLDEST_D1_Z0_1_repair_em,344,EM,-41774.305,0.0046286,1e-07,1.38,508.0
OLDEST_D1_Z0_1_repair_em,345,EM,-41774.301,0.004607,1e-07,1.3,509.3
OLDEST_D1_Z0_1_repair_em,346,EM,-41774.296,0.0045859,1e-07,1.26,510.6
OLDEST_D1_Z0_1_repair_em,347,EM,-41774.292,0.0045652,1e-07,1.23,511.8
OLDEST_D1_Z0_1_repair_em,348,EM,-41774.287,0.0045454,1e-07,1.26,513.1
OLDEST_D1_Z0_1_repair_em,349,EM,-41774.283,0.0045251,1e-07,1.42,514.5
OLDEST_D1_Z0_1_repair_em,350,EM,-41774.278,0.0045058,1e-07,1.34,515.8
OLDEST_D1_Z0_1_repair_em,351,EM,-41774.274,0.0044869,1e-07,1.25,517.1
OLDEST_D1_Z0_1_repair_em,352,EM,-41774.269,0.0044685,1e-07,1.22,518.3
OLDEST_D1_Z0_1_repair_em,353,EM,-41774.265,0.0044505,1e-07,1.3,519.6
OLDEST_D1_Z0_1_repair_em,354,EM,-41774.26,0.004433,1e-07,1.35,521.0
OLDEST_D1_Z0_1_repair_em,355,EM,-41774.256,0.004416,1e-07,1.24,522.2
OLDEST_D1_Z0_1_repair_em,356,EM,-41774.251,0.0043994,1e-07,1.34,523.5
OLDEST_D1_Z0_1_repair_em,357,EM,-41774.247,0.0043833,1e-07,1.24,524.8
OLDEST_D1_Z0_1_repair_em,358,EM,-41774.243,0.0043677,1e-07,1.33,526.1
OLDEST_D1_Z0_1_repair_em,359,EM,-41774.238,0.004353,1e-07,1.2,527.3
OLDEST_D1_Z0_1_repair_em,360,EM,-41774.234,0.0043379,1e-07,1.28,528.6
OLDEST_D1_Z0_1_repair_em,361,EM,-41774.23,0.0043238,1e-07,1.34,529.9
OLDEST_D1_Z0_1_repair_em,362,EM,-41774.225,0.0043103,1e-07,1.12,531.1
OLDEST_D1_Z0_1_repair_em,363,EM,-41774.221,0.0042977,1e-07,1.27,532.3
OLDEST_D1_Z0_1_repair_em,364,EM,-41774.217,0.0042845,1e-07,1.26,533.6
OLDEST_D1_Z0_1_repair_em,365,EM,-41774.213,0.0042724,1e-07,1.31,534.9
OLDEST_D1_Z0_1_repair_em,366,EM,-41774.208,0.0042609,1e-07,1.37,536.3
OLDEST_D1_Z0_1_repair_em,367,EM,-41774.204,0.0042503,1e-07,1.38,537.6
OLDEST_D1_Z0_1_repair_em,368,EM,-41774.2,0.0042398,1e-07,1.53,539.2
OLDEST_D1_Z0_1_repair_em,369,EM,-41774.196,0.0042296,1e-07,1.41,540.6
OLDEST_D1_Z0_1_repair_em,370,EM,-41774.191,0.0042208,1e-07,1.24,541.8
OLDEST_D1_Z0_1_repair_em,371,EM,-41774.187,0.0042116,1e-07,1.23,543.1
OLDEST_D1_Z0_1_repair_em,372,EM,-41774.183,0.0042039,1e-07,1.24,544.3
OLDEST_D1_Z0_1_repair_em,373,EM,-41774.179,0.004196,1e-07,1.23,545.5
OLDEST_D1_Z0_1_repair_em,374,EM,-41774.175,0.0041895,1e-07,1.2,546.7
OLDEST_D1_Z0_1_repair_em,375,EM,-41774.17,0.0041833,1e-07,1.28,548.0
OLDEST_D1_Z0_1_repair_em,376,EM,-41774.166,0.0041775,1e-07,1.21,549.2
OLDEST_D1_Z0_1_repair_em,377,EM,-41774.162,0.0041724,1e-07,1.45,550.7
OLDEST_D1_Z0_1_repair_em,378,EM,-41774.158,0.0041684,1e-07,1.2,551.9
OLDEST_D1_Z0_1_repair_em,379,EM,-41774.154,0.0041646,1e-07,1.22,553.1
OLDEST_D1_Z0_1_repair_em,380,EM,-41774.15,0.004162,1e-07,1.27,554.4
OLDEST_D1_Z0_1_repair_em,381,EM,-41774.145,0.0041597,1e-07,1.2,555.6
OLDEST_D1_Z0_1_repair_em,382,EM,-41774.141,0.0041586,1e-07,1.2,556.8
OLDEST_D1_Z0_1_repair_em,383,EM,-41774.137,0.0041577,1e-07,1.14,557.9
OLDEST_D1_Z0_1_repair_em,384,EM,-41774.133,0.0041583,1e-07,1.11,559.0
OLDEST_D1_Z0_1_repair_em,385,EM,-41774.129,0.004159,1e-07,1.23,560.2
OLDEST_D1_Z0_1_repair_em,386,EM,-41774.125,0.0041612,1e-07,1.15,561.4
OLDEST_D1_Z0_1_repair_em,387,EM,-41774.12,0.0041636,1e-07,1.23,562.6
OLDEST_D1_Z0_1_repair_em,388,EM,-41774.116,0.0041677,1e-07,1.16,563.8
OLDEST_D1_Z0_1_repair_em,389,EM,-41774.112,0.0041722,1e-07,1.11,564.9
OLDEST_D1_Z0_1_repair_em,390,EM,-41774.108,0.0041776,1e-07,1.17,566.1
OLDEST_D1_Z0_1_repair_em,391,EM,-41774.104,0.0041842,1e-07,1.16,567.2
OLDEST_D1_Z0_1_repair_em,392,EM,-41774.1,0.0041916,1e-07,1.34,568.6
OLDEST_D1_Z0_1_repair_em,393,EM,-41774.095,0.0042001,1e-07,1.15,569.7
OLDEST_D1_Z0_1_repair_em,394,EM,-41774.091,0.0042098,1e-07,0.96,570.7
OLDEST_D1_Z0_1_repair_em,395,EM,-41774.087,0.0042205,1e-07,1.2,571.9
OLDEST_D1_Z0_1_repair_em,396,EM,-41774.083,0.0042327,1e-07,1.05,572.9
OLDEST_D1_Z0_1_repair_em,397,EM,-41774.078,0.0042457,1e-07,1.09,574.0
OLDEST_D1_Z0_1_repair_em,398,EM,-41774.074,0.0042603,1e-07,1.09,575.1
OLDEST_D1_Z0_1_repair_em,399,EM,-41774.07,0.0042759,1e-07,1.08,576.2
OLDEST_D1_Z0_1_repair_em,400,EM,-41774.066,0.0042932,1e-07,0.96,577.1
OLDEST_D1_Z0_1_repair_em,401,EM,-41774.061,0.0043116,1e-07,1.11,578.2
OLDEST_D1_Z0_1_repair_em,402,EM,-41774.057,0.0043316,1e-07,1.01,579.3
OLDEST_D1_Z0_1_repair_em,403,EM,-41774.053,0.0043531,1e-07,1.09,580.3
OLDEST_D1_Z0_1_repair_em,404,EM,-41774.048,0.0043762,1e-07,1.16,581.5
OLDEST_D1_Z0_1_repair_em,405,EM,-41774.044,0.004401,1e-07,1.09,582.6
OLDEST_D1_Z0_1_repair_em,406,EM,-41774.039,0.0044277,1e-07,1.94,584.5
OLDEST_D1_Z0_1_repair_em,407,EM,-41774.035,0.0044552,1e-07,5.49,590.0
OLDEST_D1_Z0_1_repair_em,408,EM,-41774.03,0.0044867,1e-07,2.12,592.1
OLDEST_D1_Z0_1_repair_em,409,EM,-41774.026,0.0045176,1e-07,0.96,593.1
OLDEST_D1_Z0_1_repair_em,410,EM,-41774.021,0.0045529,1e-07,1.5,594.6
OLDEST_D1_Z0_1_repair_em,411,EM,-41774.017,0.0045893,1e-07,1.27,595.9
OLDEST_D1_Z0_1_repair_em,412,EM,-41774.012,0.0046271,1e-07,1.42,597.3
OLDEST_D1_Z0_1_repair_em,413,EM,-41774.007,0.0046687,1e-07,1.24,598.5
OLDEST_D1_Z0_1_repair_em,414,EM,-41774.003,0.0047119,1e-07,1.17,599.7
OLDEST_D1_Z0_1_repair_em,415,EM,-41773.998,0.0047577,1e-07,1.05,600.8
OLDEST_D1_Z0_1_repair_em,416,EM,-41773.993,0.0048066,1e-07,1.03,601.8
OLDEST_D1_Z0_1_repair_em,417,EM,-41773.988,0.004858,1e-07,1.09,602.9
OLDEST_D1_Z0_1_repair_em,418,EM,-41773.983,0.0049127,1e-07,1.11,604.0
OLDEST_D1_Z0_1_repair_em,419,EM,-41773.978,0.0049699,1e-07,1.04,605.0
OLDEST_D1_Z0_1_repair_em,420,EM,-41773.973,0.0050314,1e-07,1.27,606.3
OLDEST_D1_Z0_1_repair_em,421,EM,-41773.968,0.0050959,1e-07,1.04,607.4
OLDEST_D1_Z0_1_repair_em,422,EM,-41773.963,0.0051653,1e-07,1.32,608.7
OLDEST_D1_Z0_1_repair_em,423,EM,-41773.958,0.0052364,1e-07,1.34,610.0
OLDEST_D1_Z0_1_repair_em,424,EM,-41773.953,0.0053119,1e-07,1.13,611.1
OLDEST_D1_Z0_1_repair_em,425,EM,-41773.947,0.0053926,1e-07,1.23,612.4
OLDEST_D1_Z0_1_repair_em,426,EM,-41773.942,0.0054769,1e-07,1.0,613.4
OLDEST_D1_Z0_1_repair_em,427,EM,-41773.936,0.0055668,1e-07,1.01,614.4
OLDEST_D1_Z0_1_repair_em,428,EM,-41773.931,0.0056613,1e-07,1.05,615.4
OLDEST_D1_Z0_1_repair_em,429,EM,-41773.925,0.0057608,1e-07,1.01,616.5
OLDEST_D1_Z0_1_repair_em,430,EM,-41773.919,0.0058665,1e-07,0.98,617.4
OLDEST_D1_Z0_1_repair_em,431,EM,-41773.913,0.0059778,1e-07,1.12,618.6
OLDEST_D1_Z0_1_repair_em,432,EM,-41773.907,0.0060956,1e-07,1.01,619.6
OLDEST_D1_Z0_1_repair_em,433,EM,-41773.901,0.0062195,1e-07,1.09,620.7
OLDEST_D1_Z0_1_repair_em,434,EM,-41773.894,0.0063508,2e-07,1.1,621.8
OLDEST_D1_Z0_1_repair_em,435,EM,-41773.888,0.0064893,2e-07,1.08,622.8
OLDEST_D1_Z0_1_repair_em,436,EM,-41773.881,0.0066358,2e-07,1.11,624.0
OLDEST_D1_Z0_1_repair_em,437,EM,-41773.874,0.0067908,2e-07,0.98,624.9
OLDEST_D1_Z0_1_repair_em,438,EM,-41773.867,0.0069544,2e-07,1.42,626.4
OLDEST_D1_Z0_1_repair_em,439,EM,-41773.86,0.0071272,2e-07,1.1,627.5
OLDEST_D1_Z0_1_repair_em,440,EM,-41773.853,0.0073105,2e-07,1.32,628.8
OLDEST_D1_Z0_1_repair_em,441,EM,-41773.845,0.0075038,2e-07,1.05,629.8
OLDEST_D1_Z0_1_repair_em,442,EM,-41773.838,0.0077092,2e-07,1.23,631.1
OLDEST_D1_Z0_1_repair_em,443,EM,-41773.83,0.0079262,2e-07,1.06,632.1
OLDEST_D1_Z0_1_repair_em,444,EM,-41773.822,0.0081558,2e-07,1.04,633.2
OLDEST_D1_Z0_1_repair_em,445,EM,-41773.813,0.0083994,2e-07,1.12,634.3
OLDEST_D1_Z0_1_repair_em,446,EM,-41773.805,0.008657,2e-07,1.0,635.3
OLDEST_D1_Z0_1_repair_em,447,EM,-41773.796,0.0089304,2e-07,1.24,636.5
OLDEST_D1_Z0_1_repair_em,448,EM,-41773.786,0.0092199,2e-07,1.03,637.5
OLDEST_D1_Z0_1_repair_em,449,EM,-41773.777,0.0095273,2e-07,1.12,638.7
OLDEST_D1_Z0_1_repair_em,450,EM,-41773.767,0.0098531,2e-07,1.12,639.8
OLDEST_D1_Z0_1_repair_em,451,EM,-41773.757,0.0101993,2e-07,1.19,641.0
OLDEST_D1_Z0_1_repair_em,452,EM,-41773.746,0.010567,3e-07,1.17,642.2
OLDEST_D1_Z0_1_repair_em,453,EM,-41773.735,0.0109571,3e-07,1.13,643.3
OLDEST_D1_Z0_1_repair_em,454,EM,-41773.724,0.0113711,3e-07,1.26,644.5
OLDEST_D1_Z0_1_repair_em,455,EM,-41773.712,0.0118128,3e-07,1.41,646.0
OLDEST_D1_Z0_1_repair_em,456,EM,-41773.7,0.0122812,3e-07,1.04,647.0
OLDEST_D1_Z0_1_repair_em,457,EM,-41773.687,0.01278,3e-07,1.16,648.2
OLDEST_D1_Z0_1_repair_em,458,EM,-41773.674,0.0133104,3e-07,1.18,649.3
OLDEST_D1_Z0_1_repair_em,459,EM,-41773.66,0.0138749,3e-07,1.12,650.5
OLDEST_D1_Z0_1_repair_em,460,EM,-41773.645,0.0144763,3e-07,1.17,651.6
OLDEST_D1_Z0_1_repair_em,461,EM,-41773.63,0.0151167,4e-07,1.23,652.9
OLDEST_D1_Z0_1_repair_em,462,EM,-41773.615,0.0157989,4e-07,1.12,654.0
OLDEST_D1_Z0_1_repair_em,463,EM,-41773.598,0.0165265,4e-07,1.25,655.2
OLDEST_D1_Z0_1_repair_em,464,EM,-41773.581,0.0173018,4e-07,1.23,656.5
OLDEST_D1_Z0_1_repair_em,465,EM,-41773.563,0.0181286,4e-07,1.23,657.7
OLDEST_D1_Z0_1_repair_em,466,EM,-41773.544,0.0190111,5e-07,1.49,659.2
OLDEST_D1_Z0_1_repair_em,467,EM,-41773.524,0.0199525,5e-07,1.35,660.5
OLDEST_D1_Z0_1_repair_em,468,EM,-41773.503,0.0209569,5e-07,1.23,661.8
OLDEST_D1_Z0_1_repair_em,469,EM,-41773.481,0.0220295,5e-07,1.18,662.9
OLDEST_D1_Z0_1_repair_em,470,EM,-41773.457,0.0231744,6e-07,1.41,664.4
OLDEST_D1_Z0_1_repair_em,471,EM,-41773.433,0.0243967,6e-07,1.39,665.7
OLDEST_D1_Z0_1_repair_em,472,EM,-41773.407,0.025702,6e-07,1.27,667.0
OLDEST_D1_Z0_1_repair_em,473,EM,-41773.38,0.0270957,6e-07,1.16,668.2
OLDEST_D1_Z0_1_repair_em,474,EM,-41773.352,0.0285841,7e-07,1.22,669.4
OLDEST_D1_Z0_1_repair_em,475,EM,-41773.321,0.0301739,7e-07,1.7,671.1
OLDEST_D1_Z0_1_repair_em,476,EM,-41773.29,0.0318709,8e-07,1.34,672.4
OLDEST_D1_Z0_1_repair_em,477,EM,-41773.256,0.0336827,8e-07,1.24,673.7
OLDEST_D1_Z0_1_repair_em,478,EM,-41773.22,0.0356167,9e-07,1.22,674.9
OLDEST_D1_Z0_1_repair_em,479,EM,-41773.183,0.0376799,9e-07,1.15,676.0
OLDEST_D1_Z0_1_repair_em,480,EM,-41773.143,0.0398811,1e-06,1.2,677.2
OLDEST_D1_Z0_1_repair_em,481,EM,-41773.101,0.0422284,1e-06,1.28,678.5
OLDEST_D1_Z0_1_repair_em,482,EM,-41773.056,0.0447295,1.1e-06,1.46,680.0
OLDEST_D1_Z0_1_repair_em,483,EM,-41773.008,0.0473942,1.1e-06,1.39,681.4
OLDEST_D1_Z0_1_repair_em,484,EM,-41772.958,0.0502306,1.2e-06,1.29,682.7
OLDEST_D1_Z0_1_repair_em,485,EM,-41772.905,0.053248,1.3e-06,1.25,683.9
OLDEST_D1_Z0_1_repair_em,486,EM,-41772.848,0.0564554,1.4e-06,1.23,685.1
OLDEST_D1_Z0_1_repair_em,487,EM,-41772.789,0.0598606,1.4e-06,1.25,686.4
OLDEST_D1_Z0_1_repair_em,488,EM,-41772.725,0.0634755,1.5e-06,1.37,687.8
OLDEST_D1_Z0_1_repair_em,489,EM,-41772.658,0.0673058,1.6e-06,1.52,689.3
OLDEST_D1_Z0_1_repair_em,490,EM,-41772.586,0.07136,1.7e-06,1.18,690.5
OLDEST_D1_Z0_1_repair_em,491,EM,-41772.511,0.0756487,1.8e-06,1.2,691.7
OLDEST_D1_Z0_1_repair_em,492,EM,-41772.431,0.0801759,1.9e-06,1.2,692.9
OLDEST_D1_Z0_1_repair_em,493,EM,-41772.346,0.0849512,2e-06,1.16,694.0
OLDEST_D1_Z0_1_repair_em,494,EM,-41772.256,0.0899771,2.2e-06,1.18,695.2
OLDEST_D1_Z0_1_repair_em,495,EM,-41772.16,0.095264,2.3e-06,1.29,696.5
OLDEST_D1_Z0_1_repair_em,496,EM,-41772.06,0.1008112,2.4e-06,1.28,697.8
OLDEST_D1_Z0_1_repair_em,497,EM,-41771.953,0.1066235,2.6e-06,1.28,699.0
OLDEST_D1_Z0_1_repair_em,498,EM,-41771.84,0.1127017,2.7e-06,1.26,700.3
OLDEST_D1_Z0_1_repair_em,499,EM,-41771.721,0.1190468,2.8e-06,1.21,701.5
OLDEST_D1_Z0_1_repair_em,500,EM,-41771.596,0.1256574,3e-06,1.27,702.8
OLDEST_D1_Z0_1_repair_em,501,EM,-41771.463,0.1325308,3.2e-06,1.48,704.3
OLDEST_D1_Z0_1_repair_em,502,EM,-41771.323,0.1396626,3.3e-06,1.54,705.8
OLDEST_D1_Z0_1_repair_em,503,EM,-41771.176,0.1470468,3.5e-06,1.51,707.3
OLDEST_D1_Z0_1_repair_em,504,EM,-41771.022,0.1546761,3.7e-06,1.7,709.0
OLDEST_D1_Z0_1_repair_em,505,EM,-41770.859,0.1625415,3.9e-06,2.21,711.2
OLDEST_D1_Z0_1_repair_em,506,EM,-41770.689,0.1706302,4.1e-06,1.96,713.2
OLDEST_D1_Z0_1_repair_em,507,EM,-41770.51,0.1789323,4.3e-06,1.78,715.0
OLDEST_D1_Z0_1_repair_em,508,EM,-41770.322,0.187433,4.5e-06,1.7,716.7
OLDEST_D1_Z0_1_repair_em,509,EM,-41770.126,0.1961166,4.7e-06,1.84,718.5
OLDEST_D1_Z0_1_repair_em,510,EM,-41769.921,0.204965,4.9e-06,1.77,720.3
OLDEST_D1_Z0_1_repair_em,511,EM,-41769.707,0.2139629,5.1e-06,1.77,722.0
OLDEST_D1_Z0_1_repair_em,512,EM,-41769.484,0.2230865,5.3e-06,1.7,723.7
OLDEST_D1_Z0_1_repair_em,513,EM,-41769.252,0.2323199,5.6e-06,1.56,725.3
OLDEST_D1_Z0_1_repair_em,514,EM,-41769.01,0.2416403,5.8e-06,1.35,726.7
OLDEST_D1_Z0_1_repair_em,515,EM,-41768.759,0.2510244,6e-06,1.39,728.0
OLDEST_D1_Z0_1_repair_em,516,EM,-41768.499,0.2604453,6.2e-06,1.62,729.7
OLDEST_D1_Z0_1_repair_em,517,EM,-41768.229,0.2698881,6.5e-06,1.86,731.5
OLDEST_D1_Z0_1_repair_em,518,EM,-41767.949,0.2793183,6.7e-06,1.96,733.5
OLDEST_D1_Z0_1_repair_em,519,EM,-41767.661,0.2887157,6.9e-06,1.84,735.3
OLDEST_D1_Z0_1_repair_em,520,EM,-41767.363,0.2980531,7.1e-06,1.52,736.9
OLDEST_D1_Z0_1_repair_em,521,EM,-41767.055,0.307305,7.4e-06,1.47,738.3
OLDEST_D1_Z0_1_repair_em,522,EM,-41766.739,0.3164447,7.6e-06,1.46,739.8
OLDEST_D1_Z0_1_repair_em,523,EM,-41766.413,0.3254469,7.8e-06,1.66,741.4
OLDEST_D1_Z0_1_repair_em,524,EM,-41766.079,0.3342849,8e-06,1.59,743.0
OLDEST_D1_Z0_1_repair_em,525,EM,-41765.736,0.3429332,8.2e-06,1.89,744.9
OLDEST_D1_Z0_1_repair_em,526,EM,-41765.385,0.3513596,8.4e-06,1.7,746.6
OLDEST_D1_Z0_1_repair_em,527,EM,-41765.025,0.3595553,8.6e-06,1.83,748.4
OLDEST_D1_Z0_1_repair_em,528,EM,-41764.658,0.3674792,8.8e-06,1.75,750.2
OLDEST_D1_Z0_1_repair_em,529,EM,-41764.283,0.3751132,9e-06,1.88,752.1
OLDEST_D1_Z0_1_repair_em,530,EM,-41763.9,0.3824306,9.2e-06,1.62,753.7
OLDEST_D1_Z0_1_repair_em,531,EM,-41763.511,0.389413,9.3e-06,1.45,755.1
OLDEST_D1_Z0_1_repair_em,532,EM,-41763.115,0.3960357,9.5e-06,1.3,756.4
OLDEST_D1_Z0_1_repair_em,533,EM,-41762.713,0.4022827,9.6e-06,1.28,757.7
OLDEST_D1_Z0_1_repair_em,534,EM,-41762.304,0.408139,9.8e-06,1.19,758.9
OLDEST_D1_Z0_1_repair_em,535,EM,-41761.891,0.4135871,9.9e-06,1.34,760.2
OLDEST_D1_Z0_1_repair_em,536,EM,-41761.472,0.4185981,1e-05,1.45,761.7
OLDEST_D1_Z0_1_repair_em,537,EM,-41761.049,0.4231169,1.01e-05,1.52,763.2
OLDEST_D1_Z0_1_repair_em,538,EM,-41760.622,0.4270609,1.02e-05,1.34,764.6
OLDEST_D1_Z0_1_repair_em,539,EM,-41760.192,0.4303697,1.03e-05,1.35,765.9
OLDEST_D1_Z0_1_repair_em,540,EM,-41759.759,0.4329844,1.04e-05,1.16,767.1
OLDEST_D1_Z0_1_repair_em,541,EM,-41759.324,0.4348788,1.04e-05,1.27,768.3
OLDEST_D1_Z0_1_repair_em,542,EM,-41758.888,0.4359598,1.04e-05,1.33,769.7
OLDEST_D1_Z0_1_repair_em,543,EM,-41758.452,0.4361414,1.04e-05,1.31,771.0
OLDEST_D1_Z0_1_repair_em,544,EM,-41758.016,0.435567,1.04e-05,1.2,772.2
OLDEST_D1_Z0_1_repair_em,545,EM,-41757.582,0.4342524,1.04e-05,1.25,773.4
OLDEST_D1_Z0_1_repair_em,546,EM,-41757.151,0.4312853,1.03e-05,1.14,774.6
OLDEST_D1_Z0_1_repair_em,547,EM,-41756.724,0.4264565,1.02e-05,1.2,775.8
OLDEST_D1_Z0_1_repair_em,548,EM,-41756.302,0.422154,1.01e-05,1.27,777.0
OLDEST_D1_Z0_1_repair_em,549,EM,-41755.883,0.4186874,1e-05,1.3,778.3
OLDEST_D1_Z0_1_repair_em,550,EM,-41755.468,0.4151132,9.9e-06,1.27,779.6
OLDEST_D1_Z0_1_repair_em,551,EM,-41755.056,0.4120384,9.9e-06,1.17,780.8
OLDEST_D1_Z0_1_repair_em,552,EM,-41754.647,0.4087054,9.8e-06,1.16,781.9
OLDEST_D1_Z0_1_repair_em,553,EM,-41754.243,0.4046533,9.7e-06,1.14,783.1
OLDEST_D1_Z0_1_repair_em,554,EM,-41753.838,0.4050639,9.7e-06,1.26,784.3
OLDEST_D1_Z0_1_repair_em,555,EM,-41753.423,0.4143269,9.9e-06,1.26,785.6
OLDEST_D1_Z0_1_repair_em,556,EM,-41752.989,0.4347101,1.04e-05,1.1,786.7
OLDEST_D1_Z0_1_repair_em,557,EM,-41752.547,0.4417926,1.06e-05,1.22,787.9
OLDEST_D1_Z0_1_repair_em,558,EM,-41752.143,0.4042085,9.7e-06,1.17,789.1
OLDEST_D1_Z0_1_repair_em,559,EM,-41751.765,0.377486,9e-06,1.35,790.4
OLDEST_D1_Z0_1_repair_em,560,EM,-41751.392,0.3727023,8.9e-06,1.13,791.6
OLDEST_D1_Z0_1_repair_em,561,EM,-41751.031,0.3612091,8.7e-06,1.15,792.7
OLDEST_D1_Z0_1_repair_em,562,EM,-41750.673,0.3581947,8.6e-06,1.25,794.0
OLDEST_D1_Z0_1_repair_em,563,EM,-41750.317,0.3559312,8.5e-06,1.27,795.2
OLDEST_D1_Z0_1_repair_em,564,EM,-41749.968,0.3488359,8.4e-06,1.1,796.3
OLDEST_D1_Z0_1_repair_em,565,EM,-41749.604,0.3643374,8.7e-06,1.23,797.6
OLDEST_D1_Z0_1_repair_em,566,EM,-41749.241,0.363024,8.7e-06,1.14,798.7
OLDEST_D1_Z0_1_repair_em,567,EM,-41748.88,0.3607976,8.6e-06,1.17,799.9
OLDEST_D1_Z0_1_repair_em,568,EM,-41748.587,0.2928065,7e-06,1.12,801.0
OLDEST_D1_Z0_1_repair_em,569,EM,-41748.205,0.3825939,9.2e-06,1.11,802.1
OLDEST_D1_Z0_1_repair_em,570,EM,-41747.94,0.2648037,6.3e-06,1.09,803.2
OLDEST_D1_Z0_1_repair_em,571,EM,-41747.586,0.3535106,8.5e-06,1.12,804.3
OLDEST_D1_Z0_1_repair_em,572,EM,-41747.311,0.2749403,6.6e-06,1.12,805.4
OLDEST_D1_Z0_1_repair_em,573,EM,-41746.952,0.3593056,8.6e-06,1.18,806.6
OLDEST_D1_Z0_1_repair_em,574,EM,-41746.683,0.269656,6.5e-06,1.2,807.8
OLDEST_D1_Z0_1_repair_em,575,EM,-41746.381,0.3017,7.2e-06,1.31,809.1
OLDEST_D1_Z0_1_repair_em,576,EM,-41746.131,0.2502298,6e-06,1.18,810.3
OLDEST_D1_Z0_1_repair_em,577,EM,-41745.821,0.3096766,7.4e-06,1.1,811.4
OLDEST_D1_Z0_1_repair_em,578,EM,-41745.58,0.2407896,5.8e-06,1.2,812.6
OLDEST_D1_Z0_1_repair_em,579,EM,-41745.31,0.2703252,6.5e-06,1.13,813.7
OLDEST_D1_Z0_1_repair_em,580,EM,-41745.091,0.2187002,5.2e-06,1.15,814.9
OLDEST_D1_Z0_1_repair_em,581,EM,-41744.821,0.2704407,6.5e-06,1.19,816.1
OLDEST_D1_Z0_1_repair_em,582,EM,-41744.593,0.2278859,5.5e-06,1.16,817.2
OLDEST_D1_Z0_1_repair_em,583,EM,-41744.338,0.2548234,6.1e-06,1.13,818.4
OLDEST_D1_Z0_1_repair_em,584,EM,-41744.106,0.2324365,5.6e-06,1.12,819.5
OLDEST_D1_Z0_1_repair_em,585,EM,-41743.827,0.2780356,6.7e-06,1.15,820.6
OLDEST_D1_Z0_1_repair_em,586,EM,-41743.619,0.2085873,5e-06,1.19,821.8
OLDEST_D1_Z0_1_repair_em,587,EM,-41743.692,-0.0734461,-1.8e-06,1.2,823.0
OLDEST_D1_Z0_1_repair_em,588,EM,-41743.423,0.2695026,6.5e-06,1.23,824.2
OLDEST_D1_Z0_1_repair_em,589,EM,-41742.738,0.6845773,1.64e-05,1.2,825.4
OLDEST_D1_Z0_1_repair_em,590,EM,-41742.447,0.2910703,7e-06,1.18,826.6
OLDEST_D1_Z0_1_repair_em,591,EM,-41742.22,0.2272771,5.4e-06,1.2,827.8
OLDEST_D1_Z0_1_repair_em,592,EM,-41742.078,0.1414791,3.4e-06,1.16,829.0
OLDEST_D1_Z0_1_repair_em,593,EM,-41741.632,0.4459673,1.07e-05,1.18,830.2
OLDEST_D1_Z0_1_repair_em,594,EM,-41741.635,-0.0022519,-1e-07,1.16,831.3
OLDEST_D1_Z0_1_repair_em,595,EM,-41741.115,0.5195526,1.24e-05,1.2,832.5
OLDEST_D1_Z0_1_repair_em,596,EM,-41741.105,0.0105735,3e-07,1.18,833.7
OLDEST_D1_Z0_1_repair_em,597,EM,-41740.715,0.3893342,9.3e-06,1.26,835.0
OLDEST_D1_Z0_1_repair_em,598,EM,-41740.725,-0.0099874,-2e-07,1.15,836.1
OLDEST_D1_Z0_1_repair_em,599,EM,-41740.309,0.4160595,1e-05,1.41,837.5
OLDEST_D1_Z0_1_repair_em,600,EM,-41740.326,-0.0171303,-4e-07,1.36,838.9
OLDEST_D1_Z0_1_repair_em,601,EM,-41739.909,0.4177586,1e-05,1.3,840.2
OLDEST_D1_Z0_1_repair_em,602,EM,-41740.015,-0.1067496,-2.6e-06,1.24,841.4
OLDEST_D1_Z0_1_repair_em,603,EM,-41739.538,0.4770968,1.14e-05,2.2,843.6
OLDEST_D1_Z0_1_repair_em,604,EM,-41739.601,-0.0629194,-1.5e-06,1.3,844.9
OLDEST_D1_Z0_1_repair_em,605,EM,-41739.172,0.428967,1.03e-05,1.41,846.3
OLDEST_D1_Z0_1_repair_em,606,EM,-41739.344,-0.1717686,-4.1e-06,1.26,847.6
OLDEST_D1_Z0_1_repair_em,607,EM,-41738.853,0.4907863,1.18e-05,1.52,849.1
OLDEST_D1_Z0_1_repair_em,608,EM,-41738.875,-0.0221466,-5e-07,1.62,850.7
OLDEST_D1_Z0_1_repair_em,609,EM,-41738.491,0.3839507,9.2e-06,1.55,852.3
OLDEST_D1_Z0_1_repair_em,610,EM,-41738.755,-0.2632271,-6.3e-06,1.31,853.6
OLDEST_D1_Z0_1_repair_em,611,EM,-41738.092,0.6630382,1.59e-05,1.31,854.9
OLDEST_D1_Z0_1_repair_em,612,EM,-41738.381,-0.2895354,-6.9e-06,1.3,856.2
OLDEST_D1_Z0_1_repair_em,613,EM,-41737.78,0.6014348,1.44e-05,1.34,857.5
OLDEST_D1_Z0_1_repair_em,614,EM,-41738.081,-0.3017834,-7.2e-06,1.29,858.8
OLDEST_D1_Z0_1_repair_em,615,EM,-41737.476,0.6054875,1.45e-05,1.48,860.3
OLDEST_D1_Z0_1_repair_em,616,EM,-41737.777,-0.3009803,-7.2e-06,1.34,861.6
OLDEST_D1_Z0_1_repair_em,617,EM,-41737.186,0.5906942,1.42e-05,1.42,863.1
OLDEST_D1_Z0_1_repair_em,618,EM,-41737.493,-0.3064748,-7.3e-06,2.41,865.5
OLDEST_D1_Z0_1_repair_em,619,EM,-41736.947,0.5460018,1.31e-05,8.4,873.9
OLDEST_D1_Z0_1_repair_em,620,EM,-41737.179,-0.2324099,-5.6e-06,2.68,876.5
OLDEST_D1_Z0_1_repair_em,621,EM,-41736.661,0.5183158,1.24e-05,2.27,878.8
OLDEST_D1_Z0_1_repair_em,622,EM,-41736.944,-0.2830007,-6.8e-06,1.66,880.5
OLDEST_D1_Z0_1_repair_em,623,EM,-41736.412,0.5320093,1.27e-05,1.57,882.0
OLDEST_D1_Z0_1_repair_em,624,EM,-41736.66,-0.248464,-6e-06,1.46,883.5
OLDEST_D1_Z0_1_repair_em,625,EM,-41742.217,-5.5566833,-0.0001331,1.6,885.1
OLDEST_D1_Z0_1_repair_em,626,EM,-41741.368,0.8487775,2.03e-05,2.04,887.1
OLDEST_D1_Z0_1_repair_em,627,EM,-41740.823,0.5454653,1.31e-05,1.38,888.5
OLDEST_D1_Z0_1_repair_em,628,EM,-41740.382,0.4410786,1.06e-05,1.89,890.4
OLDEST_D1_Z0_1_repair_em,629,EM,-41739.998,0.3837428,9.2e-06,1.55,892.0
OLDEST_D1_Z0_1_repair_em,630,EM,-41739.651,0.3470024,8.3e-06,1.62,893.6
OLDEST_D1_Z0_1_repair_em,631,EM,-41739.329,0.3213657,7.7e-06,1.3,894.9
OLDEST_D1_Z0_1_repair_em,632,EM,-41739.027,0.3023859,7.2e-06,1.4,896.3
OLDEST_D1_Z0_1_repair_em,633,EM,-41738.74,0.2875959,6.9e-06,1.48,897.8
OLDEST_D1_Z0_1_repair_em,634,EM,-41738.464,0.2755043,6.6e-06,1.35,899.1
OLDEST_D1_Z0_1_repair_em,635,EM,-41738.199,0.2651794,6.4e-06,1.34,900.5
OLDEST_D1_Z0_1_repair_em,636,EM,-41737.943,0.2559824,6.1e-06,1.19,901.6
OLDEST_D1_Z0_1_repair_em,637,EM,-41737.695,0.2475172,5.9e-06,1.31,903.0
OLDEST_D1_Z0_1_repair_em,638,EM,-41737.456,0.2395124,5.7e-06,1.26,904.2
OLDEST_D1_Z0_1_repair_em,639,EM,-41737.224,0.2318141,5.6e-06,1.23,905.4
OLDEST_D1_Z0_1_repair_em,640,EM,-41737.0,0.2243145,5.4e-06,1.35,906.8
OLDEST_D1_Z0_1_repair_em,641,EM,-41736.783,0.2169848,5.2e-06,1.24,908.0
OLDEST_D1_Z0_1_repair_em,642,EM,-41736.573,0.2098089,5e-06,1.23,909.3
OLDEST_D1_Z0_1_repair_em,643,EM,-41736.37,0.2027995,4.9e-06,1.29,910.6
OLDEST_D1_Z0_1_repair_em,644,EM,-41736.174,0.1959793,4.7e-06,1.17,911.7
OLDEST_D1_Z0_1_repair_em,645,EM,-41735.985,0.1893833,4.5e-06,1.06,912.8
OLDEST_D1_Z0_1_repair_em,646,EM,-41735.802,0.1830502,4.4e-06,1.19,914.0
OLDEST_D1_Z0_1_repair_em,647,EM,-41735.625,0.1770082,4.2e-06,1.12,915.1
OLDEST_D1_Z0_1_repair_em,648,EM,-41735.453,0.1712857,4.1e-06,1.08,916.2
OLDEST_D1_Z0_1_repair_em,649,EM,-41735.287,0.1659,4e-06,1.08,917.3
OLDEST_D1_Z0_1_repair_em,650,EM,-41735.127,0.1608641,3.9e-06,1.1,918.4
OLDEST_D1_Z0_1_repair_em,651,EM,-41734.97,0.1561798,3.7e-06,1.12,919.5
OLDEST_D1_Z0_1_repair_em,652,EM,-41734.819,0.1518467,3.6e-06,1.05,920.5
OLDEST_D1_Z0_1_repair_em,653,EM,-41734.671,0.1478532,3.5e-06,1.16,921.7
OLDEST_D1_Z0_1_repair_em,654,EM,-41734.527,0.1441872,3.5e-06,1.08,922.8
OLDEST_D1_Z0_1_repair_em,655,EM,-41734.386,0.1408278,3.4e-06,1.15,923.9
OLDEST_D1_Z0_1_repair_em,656,EM,-41734.248,0.1377562,3.3e-06,1.02,924.9
OLDEST_D1_Z0_1_repair_em,657,EM,-41734.113,0.1349474,3.2e-06,1.09,926.0
OLDEST_D1_Z0_1_repair_em,658,EM,-41733.981,0.1323719,3.2e-06,1.12,927.1
OLDEST_D1_Z0_1_repair_em,659,EM,-41733.851,0.1300105,3.1e-06,1.09,928.2
OLDEST_D1_Z0_1_repair_em,660,EM,-41733.723,0.1278318,3.1e-06,1.1,929.3
OLDEST_D1_Z0_1_repair_em,661,EM,-41733.597,0.1258103,3e-06,1.08,930.4
OLDEST_D1_Z0_1_repair_em,662,EM,-41733.473,0.1239213,3e-06,0.98,931.4
OLDEST_D1_Z0_1_repair_em,663,EM,-41733.351,0.1221377,2.9e-06,1.07,932.5
OLDEST_D1_Z0_1_repair_em,664,EM,-41733.231,0.1204373,2.9e-06,1.0,933.5
OLDEST_D1_Z0_1_repair_em,665,EM,-41733.112,0.118798,2.8e-06,1.12,934.6
OLDEST_D1_Z0_1_repair_em,666,EM,-41732.995,0.1171996,2.8e-06,0.98,935.6
OLDEST_D1_Z0_1_repair_em,667,EM,-41732.879,0.1156251,2.8e-06,1.05,936.6
OLDEST_D1_Z0_1_repair_em,668,EM,-41732.765,0.1140585,2.7e-06,1.01,937.6
OLDEST_D1_Z0_1_repair_em,669,EM,-41732.652,0.1124897,2.7e-06,1.14,938.8
OLDEST_D1_Z0_1_repair_em,670,EM,-41732.541,0.1109064,2.7e-06,0.96,939.7
OLDEST_D1_Z0_1_repair_em,671,EM,-41732.432,0.1093048,2.6e-06,1.0,940.7
OLDEST_D1_Z0_1_repair_em,672,EM,-41732.324,0.1076826,2.6e-06,1.06,941.8
OLDEST_D1_Z0_1_repair_em,673,EM,-41732.218,0.1060381,2.5e-06,1.04,942.8
OLDEST_D1_Z0_1_repair_em,674,EM,-41732.114,0.1043767,2.5e-06,0.94,943.8
OLDEST_D1_Z0_1_repair_em,675,EM,-41732.011,0.1027035,2.5e-06,1.06,944.8
OLDEST_D1_Z0_1_repair_em,676,EM,-41731.91,0.1010242,2.4e-06,1.12,946.0
OLDEST_D1_Z0_1_repair_em,677,EM,-41731.811,0.0993521,2.4e-06,1.05,947.0
OLDEST_D1_Z0_1_repair_em,678,EM,-41731.713,0.097698,2.3e-06,1.01,948.0
OLDEST_D1_Z0_1_repair_em,679,EM,-41731.617,0.0960743,2.3e-06,1.03,949.0
OLDEST_D1_Z0_1_repair_em,680,EM,-41731.523,0.0944957,2.3e-06,1.05,950.1
OLDEST_D1_Z0_1_repair_em,681,EM,-41731.43,0.0929774,2.2e-06,1.09,951.2
OLDEST_D1_Z0_1_repair_em,682,EM,-41731.338,0.0915322,2.2e-06,1.02,952.2
OLDEST_D1_Z0_1_repair_em,683,EM,-41731.248,0.090179,2.2e-06,1.01,953.2
OLDEST_D1_Z0_1_repair_em,684,EM,-41731.159,0.0889331,2.1e-06,1.09,954.3
OLDEST_D1_Z0_1_repair_em,685,EM,-41731.071,0.0878125,2.1e-06,1.02,955.3
OLDEST_D1_Z0_1_repair_em,686,EM,-41730.984,0.0868386,2.1e-06,1.05,956.4
OLDEST_D1_Z0_1_repair_em,687,EM,-41730.898,0.0860323,2.1e-06,1.17,957.5
OLDEST_D1_Z0_1_repair_em,688,EM,-41730.813,0.0854205,2e-06,1.04,958.6
OLDEST_D1_Z0_1_repair_em,689,EM,-41730.728,0.0850373,2e-06,1.09,959.7
OLDEST_D1_Z0_1_repair_em,690,EM,-41730.643,0.0849227,2e-06,1.44,961.1
OLDEST_D1_Z0_1_repair_em,691,EM,-41730.558,0.0851309,2e-06,1.05,962.2
OLDEST_D1_Z0_1_repair_em,692,EM,-41730.472,0.085733,2.1e-06,1.1,963.3
OLDEST_D1_Z0_1_repair_em,693,EM,-41730.385,0.0868263,2.1e-06,1.13,964.4
OLDEST_D1_Z0_1_repair_em,694,EM,-41730.297,0.0885416,2.1e-06,1.05,965.4
OLDEST_D1_Z0_1_repair_em,695,EM,-41730.206,0.0910556,2.2e-06,1.11,966.6
OLDEST_D1_Z0_1_repair_em,696,EM,-41730.111,0.094605,2.3e-06,1.03,967.6
OLDEST_D1_Z0_1_repair_em,697,EM,-41730.012,0.0994853,2.4e-06,1.11,968.7
OLDEST_D1_Z0_1_repair_em,698,EM,-41729.906,0.1060311,2.5e-06,1.25,969.9
OLDEST_D1_Z0_1_repair_em,699,EM,-41729.791,0.1145156,2.7e-06,1.26,971.2
OLDEST_D1_Z0_1_repair_em,700,EM,-41729.666,0.1249278,3e-06,1.12,972.3
OLDEST_D1_Z0_1_repair_em,701,EM,-41729.53,0.1365714,3.3e-06,1.15,973.5
OLDEST_D1_Z0_1_repair_em,702,EM,-41729.382,0.1476676,3.5e-06,1.06,974.5
OLDEST_D1_Z0_1_repair_em,703,EM,-41729.226,0.1554676,3.7e-06,1.14,975.7
OLDEST_D1_Z0_1_repair_em,704,EM,-41729.069,0.1573947,3.8e-06,1.12,976.8
OLDEST_D1_Z0_1_repair_em,705,EM,-41728.916,0.1526825,3.7e-06,1.09,977.9
OLDEST_D1_Z0_1_repair_em,706,EM,-41728.773,0.1428944,3.4e-06,1.09,979.0
OLDEST_D1_Z0_1_repair_em,707,EM,-41728.643,0.1307528,3.1e-06,1.11,980.1
OLDEST_D1_Z0_1_repair_em,708,EM,-41728.524,0.1186148,2.8e-06,1.09,981.2
OLDEST_D1_Z0_1_repair_em,709,EM,-41728.416,0.1077993,2.6e-06,1.14,982.3
OLDEST_D1_Z0_1_repair_em,710,EM,-41728.318,0.0987313,2.4e-06,1.11,983.4
OLDEST_D1_Z0_1_repair_em,711,EM,-41728.226,0.0913371,2.2e-06,1.19,984.6
OLDEST_D1_Z0_1_repair_em,712,EM,-41728.141,0.0853448,2e-06,1.11,985.7
OLDEST_D1_Z0_1_repair_em,713,EM,-41728.06,0.0804525,1.9e-06,1.13,986.8
OLDEST_D1_Z0_1_repair_em,714,EM,-41727.984,0.0763981,1.8e-06,1.44,988.3
OLDEST_D1_Z0_1_repair_em,715,EM,-41727.911,0.0729735,1.7e-06,1.31,989.6
OLDEST_D1_Z0_1_repair_em,716,EM,-41727.841,0.0700224,1.7e-06,1.16,990.8
OLDEST_D1_Z0_1_repair_em,717,EM,-41727.774,0.0674342,1.6e-06,1.16,991.9
OLDEST_D1_Z0_1_repair_em,718,EM,-41727.708,0.0651251,1.6e-06,1.06,993.0
OLDEST_D1_Z0_1_repair_em,719,EM,-41727.645,0.0630385,1.5e-06,1.24,994.2
OLDEST_D1_Z0_1_repair_em,720,EM,-41727.584,0.0611306,1.5e-06,1.08,995.3
OLDEST_D1_Z0_1_repair_em,721,EM,-41727.525,0.0593727,1.4e-06,1.16,996.4
OLDEST_D1_Z0_1_repair_em,722,EM,-41727.467,0.0577396,1.4e-06,1.21,997.7
OLDEST_D1_Z0_1_repair_em,723,EM,-41727.411,0.0562146,1.3e-06,1.19,998.8
OLDEST_D1_Z0_1_repair_em,724,EM,-41727.356,0.0547836,1.3e-06,1.19,1000.0
OLDEST_D1_Z0_1_repair_em,725,EM,-41727.303,0.0534376,1.3e-06,1.33,1001.4
OLDEST_D1_Z0_1_repair_em,726,EM,-41727.251,0.0521667,1.3e-06,1.63,1003.0
OLDEST_D1_Z0_1_repair_em,727,EM,-41727.2,0.0509629,1.2e-06,1.17,1004.2
OLDEST_D1_Z0_1_repair_em,728,EM,-41727.15,0.0498216,1.2e-06,1.22,1005.4
OLDEST_D1_Z0_1_repair_em,729,EM,-41727.101,0.0487361,1.2e-06,1.19,1006.6
OLDEST_D1_Z0_1_repair_em,730,EM,-41727.053,0.0477035,1.1e-06,1.16,1007.7
OLDEST_D1_Z0_1_repair_em,731,EM,-41727.007,0.0467192,1.1e-06,1.24,1009.0
OLDEST_D1_Z0_1_repair_em,732,EM,-41726.961,0.0457773,1.1e-06,1.39,1010.4
OLDEST_D1_Z0_1_repair_em,733,EM,-41726.916,0.0448775,1.1e-06,1.26,1011.6
OLDEST_D1_Z0_1_repair_em,734,EM,-41726.872,0.0440154,1.1e-06,1.27,1012.9
OLDEST_D1_Z0_1_repair_em,735,EM,-41726.829,0.0431889,1e-06,1.28,1014.2
OLDEST_D1_Z0_1_repair_em,736,EM,-41726.786,0.0423954,1e-06,1.34,1015.5
OLDEST_D1_Z0_1_repair_em,737,EM,-41726.745,0.0416331,1e-06,1.31,1016.8
OLDEST_D1_Z0_1_repair_em,738,EM,-41726.704,0.0408995,1e-06,1.94,1018.8
OLDEST_D1_Z0_1_repair_em,739,EM,-41726.664,0.0401925,1e-06,1.64,1020.4
OLDEST_D1_Z0_1_repair_em,740,EM,-41726.624,0.039512,9e-07,1.53,1021.9
OLDEST_D1_Z0_1_repair_em,741,EM,-41726.585,0.0388556,9e-07,1.38,1023.3
OLDEST_D1_Z0_1_repair_em,742,EM,-41726.547,0.0382217,9e-07,2.86,1026.2
OLDEST_D1_Z0_1_repair_em,743,EM,-41726.509,0.0376096,9e-07,3.06,1029.2
OLDEST_D1_Z0_1_repair_em,744,EM,-41726.472,0.0370174,9e-07,3.12,1032.4
OLDEST_D1_Z0_1_repair_em,745,EM,-41726.436,0.0364447,9e-07,2.3,1034.6
OLDEST_D1_Z0_1_repair_em,746,EM,-41726.4,0.0358898,9e-07,1.48,1036.1
OLDEST_D1_Z0_1_repair_em,747,EM,-41726.365,0.0353518,8e-07,2.05,1038.2
OLDEST_D1_Z0_1_repair_em,748,EM,-41726.33,0.0348406,8e-07,7.54,1045.7
OLDEST_D1_Z0_1_repair_em,749,EM,-41726.296,0.034321,8e-07,2.14,1047.9
OLDEST_D1_Z0_1_repair_em,750,EM,-41726.262,0.0338246,8e-07,2.12,1050.0
OLDEST_D1_Z0_1_repair_em,751,EM,-41726.228,0.033378,8e-07,1.55,1051.5
OLDEST_D1_Z0_1_repair_em,752,EM,-41726.196,0.0328798,8e-07,1.86,1053.4
OLDEST_D1_Z0_1_repair_em,753,EM,-41726.163,0.0324221,8e-07,1.44,1054.8
OLDEST_D1_Z0_1_repair_em,754,EM,-41726.131,0.0319793,8e-07,1.9,1056.7
OLDEST_D1_Z0_1_repair_em,755,EM,-41726.1,0.0315419,8e-07,1.93,1058.7
OLDEST_D1_Z0_1_repair_em,756,EM,-41726.068,0.0311088,7e-07,1.41,1060.1
OLDEST_D1_Z0_1_repair_em,757,EM,-41726.038,0.0306825,7e-07,1.52,1061.6
OLDEST_D1_Z0_1_repair_em,758,EM,-41726.008,0.030261,7e-07,1.48,1063.1
OLDEST_D1_Z0_1_repair_em,759,EM,-41725.978,0.0298391,7e-07,1.43,1064.5
OLDEST_D1_Z0_1_repair_em,760,EM,-41725.948,0.0294224,7e-07,1.46,1066.0
OLDEST_D1_Z0_1_repair_em,761,EM,-41725.919,0.0290062,7e-07,1.56,1067.5
OLDEST_D1_Z0_1_repair_em,762,EM,-41725.891,0.0285894,7e-07,1.95,1069.5
OLDEST_D1_Z0_1_repair_em,763,EM,-41725.863,0.0281655,7e-07,1.88,1071.4
OLDEST_D1_Z0_1_repair_em,764,EM,-41725.835,0.027752,7e-07,1.8,1073.2
OLDEST_D1_Z0_1_repair_em,765,EM,-41725.807,0.0273279,7e-07,1.84,1075.0
OLDEST_D1_Z0_1_repair_em,766,EM,-41725.781,0.0269019,6e-07,1.67,1076.7
OLDEST_D1_Z0_1_repair_em,767,EM,-41725.754,0.0264726,6e-07,1.77,1078.4
OLDEST_D1_Z0_1_repair_em,768,EM,-41725.728,0.0260401,6e-07,1.7,1080.1
OLDEST_D1_Z0_1_repair_em,769,EM,-41725.702,0.0256042,6e-07,1.74,1081.9
OLDEST_D1_Z0_1_repair_em,770,EM,-41725.677,0.0251652,6e-07,1.58,1083.5
OLDEST_D1_Z0_1_repair_em,771,EM,-41725.653,0.0247239,6e-07,1.71,1085.2
OLDEST_D1_Z0_1_repair_em,772,EM,-41725.628,0.0242805,6e-07,1.69,1086.9
OLDEST_D1_Z0_1_repair_em,773,EM,-41725.604,0.0238359,6e-07,1.34,1088.2
OLDEST_D1_Z0_1_repair_em,774,EM,-41725.581,0.0233901,6e-07,1.15,1089.3
OLDEST_D1_Z0_1_repair_em,775,EM,-41725.558,0.0229448,5e-07,1.45,1090.8
OLDEST_D1_Z0_1_repair_em,776,EM,-41725.536,0.0225002,5e-07,1.61,1092.4
OLDEST_D1_Z0_1_repair_em,777,EM,-41725.514,0.0220572,5e-07,2.46,1094.9
OLDEST_D1_Z0_1_repair_em,778,EM,-41725.492,0.0216167,5e-07,2.0,1096.9
OLDEST_D1_Z0_1_repair_em,779,EM,-41725.471,0.0211793,5e-07,3.27,1100.1
OLDEST_D1_Z0_1_repair_em,780,EM,-41725.45,0.0207111,5e-07,8.58,1108.7
OLDEST_D1_Z0_1_repair_em,781,EM,-41725.43,0.0203346,5e-07,1.93,1110.6
OLDEST_D1_Z0_1_repair_em,782,EM,-41725.41,0.0198952,5e-07,1.33,1112.0
OLDEST_D1_Z0_1_repair_em,783,EM,-41725.39,0.0194772,5e-07,1.74,1113.7
OLDEST_D1_Z0_1_repair_em,784,EM,-41725.371,0.0190618,5e-07,1.38,1115.1
OLDEST_D1_Z0_1_repair_em,785,EM,-41725.353,0.0186488,4e-07,1.35,1116.4
OLDEST_D1_Z0_1_repair_em,786,EM,-41725.334,0.0182543,4e-07,1.63,1118.1
OLDEST_D1_Z0_1_repair_em,787,EM,-41725.316,0.0178588,4e-07,1.53,1119.6
OLDEST_D1_Z0_1_repair_em,788,EM,-41725.299,0.0174803,4e-07,5.02,1124.6
OLDEST_D1_Z0_1_repair_em,789,EM,-41725.282,0.0170927,4e-07,2.16,1126.8
OLDEST_D1_Z0_1_repair_em,790,EM,-41725.265,0.0167232,4e-07,1.6,1128.4
OLDEST_D1_Z0_1_repair_em,791,EM,-41725.249,0.0163588,4e-07,1.33,1129.7
OLDEST_D1_Z0_1_repair_em,792,EM,-41725.233,0.0160038,4e-07,1.32,1131.0
OLDEST_D1_Z0_1_repair_em,793,EM,-41725.217,0.0156519,4e-07,1.31,1132.3
OLDEST_D1_Z0_1_repair_em,794,EM,-41725.202,0.0153073,4e-07,1.22,1133.6
OLDEST_D1_Z0_1_repair_em,795,EM,-41725.187,0.0149732,4e-07,1.29,1134.9
OLDEST_D1_Z0_1_repair_em,796,EM,-41725.172,0.0146426,4e-07,1.13,1136.0
OLDEST_D1_Z0_1_repair_em,797,EM,-41725.158,0.0143216,3e-07,1.1,1137.1
OLDEST_D1_Z0_1_repair_em,798,EM,-41725.144,0.0140073,3e-07,1.07,1138.2
OLDEST_D1_Z0_1_repair_em,799,EM,-41725.13,0.0136998,3e-07,1.11,1139.3
OLDEST_D1_Z0_1_repair_em,800,EM,-41725.117,0.013399,3e-07,1.1,1140.4
OLDEST_D1_Z0_1_repair_em,801,EM,-41725.104,0.0131048,3e-07,1.0,1141.4
OLDEST_D1_Z0_1_repair_em,802,EM,-41725.091,0.0128171,3e-07,0.94,1142.3
OLDEST_D1_Z0_1_repair_em,803,EM,-41725.078,0.0125356,3e-07,1.05,1143.4
OLDEST_D1_Z0_1_repair_em,804,EM,-41725.066,0.0122603,3e-07,0.97,1144.3
OLDEST_D1_Z0_1_repair_em,805,EM,-41725.054,0.0119912,3e-07,1.07,1145.4
OLDEST_D1_Z0_1_repair_em,806,EM,-41725.042,0.0117279,3e-07,1.06,1146.5
OLDEST_D1_Z0_1_repair_em,807,EM,-41725.031,0.0114704,3e-07,1.01,1147.5
OLDEST_D1_Z0_1_repair_em,808,EM,-41725.02,0.0112187,3e-07,1.07,1148.5
OLDEST_D1_Z0_1_repair_em,809,EM,-41725.009,0.0109724,3e-07,1.08,1149.6
OLDEST_D1_Z0_1_repair_em,810,EM,-41724.998,0.0107316,3e-07,1.16,1150.8
OLDEST_D1_Z0_1_repair_em,811,EM,-41724.987,0.010496,3e-07,1.07,1151.8
OLDEST_D1_Z0_1_repair_em,812,EM,-41724.977,0.0102655,2e-07,1.02,1152.9
OLDEST_D1_Z0_1_repair_em,813,EM,-41724.967,0.0100402,2e-07,1.05,1153.9
OLDEST_D1_Z0_1_repair_em,814,EM,-41724.957,0.0098198,2e-07,1.2,1155.1
OLDEST_D1_Z0_1_repair_em,815,EM,-41724.948,0.0096043,2e-07,1.08,1156.2
OLDEST_D1_Z0_1_repair_em,816,EM,-41724.938,0.0093936,2e-07,1.06,1157.2
OLDEST_D1_Z0_1_repair_em,817,EM,-41724.929,0.0091872,2e-07,1.07,1158.3
OLDEST_D1_Z0_1_repair_em,818,EM,-41724.92,0.0089856,2e-07,1.03,1159.3
OLDEST_D1_Z0_1_repair_em,819,EM,-41724.911,0.0087882,2e-07,0.96,1160.3
OLDEST_D1_Z0_1_repair_em,820,EM,-41724.903,0.0085952,2e-07,1.18,1161.5
OLDEST_D1_Z0_1_repair_em,821,EM,-41724.894,0.0084066,2e-07,1.06,1162.5
OLDEST_D1_Z0_1_repair_em,822,EM,-41724.886,0.0082216,2e-07,1.02,1163.6
OLDEST_D1_Z0_1_repair_em,823,EM,-41724.878,0.0080409,2e-07,1.09,1164.6
OLDEST_D1_Z0_1_repair_em,824,EM,-41724.87,0.0078642,2e-07,1.02,1165.7
OLDEST_D1_Z0_1_repair_em,825,EM,-41724.863,0.0076913,2e-07,0.98,1166.6
OLDEST_D1_Z0_1_repair_em,826,EM,-41724.855,0.007522,2e-07,1.15,1167.8
OLDEST_D1_Z0_1_repair_em,827,EM,-41724.848,0.0073564,2e-07,1.07,1168.9
OLDEST_D1_Z0_1_repair_em,828,EM,-41724.841,0.0071941,2e-07,1.04,1169.9
OLDEST_D1_Z0_1_repair_em,829,EM,-41724.833,0.0070355,2e-07,1.05,1171.0
OLDEST_D1_Z0_1_repair_em,830,EM,-41724.827,0.0068803,2e-07,1.01,1172.0
OLDEST_D1_Z0_1_repair_em,831,EM,-41724.82,0.0067282,2e-07,1.03,1173.0
OLDEST_D1_Z0_1_repair_em,832,EM,-41724.813,0.0065802,2e-07,1.09,1174.1
OLDEST_D1_Z0_1_repair_em,833,EM,-41724.807,0.0064343,2e-07,1.32,1175.4
OLDEST_D1_Z0_1_repair_em,834,EM,-41724.801,0.006292,2e-07,1.09,1176.5
OLDEST_D1_Z0_1_repair_em,835,EM,-41724.794,0.0061526,1e-07,1.12,1177.6
OLDEST_D1_Z0_1_repair_em,836,EM,-41724.788,0.0060163,1e-07,1.02,1178.6
OLDEST_D1_Z0_1_repair_em,837,EM,-41724.783,0.0058827,1e-07,1.06,1179.7
OLDEST_D1_Z0_1_repair_em,838,EM,-41724.777,0.0057519,1e-07,1.0,1180.7
OLDEST_D1_Z0_1_repair_em,839,EM,-41724.771,0.0056239,1e-07,1.08,1181.8
OLDEST_D1_Z0_1_repair_em,840,EM,-41724.766,0.0054987,1e-07,1.1,1182.9
OLDEST_D1_Z0_1_repair_em,841,EM,-41724.76,0.0053759,1e-07,1.02,1183.9
OLDEST_D1_Z0_1_repair_em,842,EM,-41724.755,0.0052557,1e-07,1.02,1184.9
OLDEST_D1_Z0_1_repair_em,843,EM,-41724.75,0.0051381,1e-07,1.11,1186.0
OLDEST_D1_Z0_1_repair_em,844,EM,-41724.745,0.005023,1e-07,1.05,1187.1
OLDEST_D1_Z0_1_repair_em,845,EM,-41724.74,0.0049099,1e-07,1.07,1188.1
OLDEST_D1_Z0_1_repair_em,846,EM,-41724.735,0.0047993,1e-07,1.11,1189.2
OLDEST_D1_Z0_1_repair_em,847,EM,-41724.73,0.0046908,1e-07,1.16,1190.4
OLDEST_D1_Z0_1_repair_em,848,EM,-41724.726,0.0045848,1e-07,1.18,1191.6
OLDEST_D1_Z0_1_repair_em,849,EM,-41724.721,0.0044807,1e-07,1.17,1192.8
OLDEST_D1_Z0_1_repair_em,850,EM,-41724.717,0.0043786,1e-07,1.16,1193.9
OLDEST_D1_Z0_1_repair_em,851,EM,-41724.713,0.0042784,1e-07,1.26,1195.2
OLDEST_D1_Z0_1_repair_em,852,EM,-41724.709,0.0041809,1e-07,1.08,1196.3
OLDEST_D1_Z0_1_repair_em,853,EM,-41724.704,0.004085,1e-07,1.26,1197.5
OLDEST_D1_Z0_1_repair_em,854,EM,-41724.7,0.0039907,1e-07,1.31,1198.8
OLDEST_D1_Z0_1_repair_em,855,EM,-41724.697,0.0038984,1e-07,1.3,1200.1
OLDEST_D1_Z0_1_repair_em,856,EM,-41724.693,0.0038079,1e-07,1.19,1201.3
OLDEST_D1_Z0_1_repair_em,857,EM,-41724.689,0.003719,1e-07,1.25,1202.6
OLDEST_D1_Z0_1_repair_em,858,EM,-41724.685,0.0036319,1e-07,1.1,1203.7
OLDEST_D1_Z0_1_repair_em,859,EM,-41724.682,0.0035465,1e-07,1.2,1204.9
OLDEST_D1_Z0_1_repair_em,860,EM,-41724.678,0.0034627,1e-07,1.16,1206.0
OLDEST_D1_Z0_1_repair_em,861,EM,-41724.675,0.0033805,1e-07,1.19,1207.2
OLDEST_D1_Z0_1_repair_em,862,EM,-41724.672,0.0032996,1e-07,1.23,1208.5
OLDEST_D1_Z0_1_repair_em,863,EM,-41724.668,0.0032204,1e-07,2.24,1210.7
OLDEST_D1_Z0_1_repair_em,864,EM,-41724.665,0.0031434,1e-07,11.84,1222.5
OLDEST_D1_Z0_1_repair_em,865,EM,-41724.662,0.0030656,1e-07,3.54,1226.1
OLDEST_D1_Z0_1_repair_em,866,EM,-41724.659,0.0029823,1e-07,1.7,1227.8
OLDEST_D1_Z0_1_repair_em,867,EM,-41724.656,0.0029119,1e-07,1.79,1229.6
OLDEST_D1_Z0_1_repair_em,868,EM,-41724.654,0.0028426,1e-07,1.38,1230.9
OLDEST_D1_Z0_1_repair_em,869,EM,-41724.651,0.0027769,1e-07,1.95,1232.9
OLDEST_D1_Z0_1_repair_em,870,EM,-41724.648,0.0027015,1e-07,1.36,1234.3
OLDEST_D1_Z0_1_repair_em,871,EM,-41724.645,0.0026363,1e-07,1.35,1235.6
OLDEST_D1_Z0_1_repair_em,872,EM,-41724.643,0.0025699,1e-07,1.5,1237.1
OLDEST_D1_Z0_1_repair_em,873,EM,-41724.64,0.0025027,1e-07,1.73,1238.8
OLDEST_D1_Z0_1_repair_em,874,EM,-41724.638,0.0024382,1e-07,1.46,1240.3
OLDEST_D1_Z0_1_repair_em,875,EM,-41724.636,0.0023718,1e-07,1.23,1241.5
OLDEST_D1_Z0_1_repair_em,876,EM,-41724.633,0.002309,1e-07,1.61,1243.1
OLDEST_D1_Z0_1_repair_em,877,EM,-41724.631,0.0022469,1e-07,1.27,1244.4
OLDEST_D1_Z0_1_repair_em,878,EM,-41724.629,0.0021846,1e-07,1.37,1245.8
OLDEST_D1_Z0_1_repair_em,879,EM,-41724.627,0.0021271,1e-07,1.44,1247.2
OLDEST_D1_Z0_1_repair_em,880,EM,-41724.625,0.002064,0.0,1.4,1248.6
OLDEST_D1_Z0_1_repair_em,881,EM,-41724.623,0.0020088,0.0,1.77,1250.4
OLDEST_D1_Z0_1_repair_em,882,EM,-41724.621,0.0019573,0.0,1.34,1251.7
OLDEST_D1_Z0_1_repair_em,883,EM,-41724.619,0.0018889,0.0,1.6,1253.3
OLDEST_D1_Z0_1_repair_em,884,EM,-41724.617,0.0018358,0.0,1.36,1254.7
OLDEST_D1_Z0_1_repair_em,885,EM,-41724.615,0.0017809,0.0,1.16,1255.9
OLDEST_D1_Z0_1_repair_em,886,EM,-41724.613,0.0017289,0.0,1.16,1257.0
OLDEST_D1_Z0_1_repair_em,887,EM,-41724.612,0.0016733,0.0,1.45,1258.5
OLDEST_D1_Z0_1_repair_em,888,EM,-41724.61,0.0016246,0.0,1.09,1259.6
OLDEST_D1_Z0_1_repair_em,889,EM,-41724.609,0.0015631,0.0,1.0,1260.6
OLDEST_D1_Z0_1_repair_em,890,EM,-41724.607,0.0015189,0.0,1.32,1261.9
OLDEST_D1_Z0_1_repair_em,891,EM,-41724.606,0.0014665,0.0,2.86,1264.7
OLDEST_D1_Z0_1_repair_em,892,EM,-41724.604,0.0014145,0.0,10.77,1275.5
OLDEST_D1_Z0_1_repair_em,893,EM,-41724.603,0.0013716,0.0,2.48,1278.0
OLDEST_D1_Z0_1_repair_em,894,EM,-41724.601,0.0013227,0.0,1.29,1279.3
OLDEST_D1_Z0_1_repair_em,895,EM,-41724.6,0.0012642,0.0,1.63,1280.9
OLDEST_D1_Z0_1_repair_em,896,EM,-41724.599,0.0012181,0.0,1.29,1282.2
OLDEST_D1_Z0_1_repair_em,897,EM,-41724.598,0.0011763,0.0,1.35,1283.5
OLDEST_D1_Z0_1_repair_em,898,EM,-41724.597,0.0011344,0.0,1.43,1285.0
OLDEST_D1_Z0_1_repair_em,899,EM,-41724.596,0.0010932,0.0,1.3,1286.3
OLDEST_D1_Z0_1_repair_em,900,EM,-41724.595,0.0010386,0.0,1.83,1288.1
OLDEST_D1_Z0_1_repair_em,901,EM,-41724.594,0.0009951,0.0,1.86,1290.0
OLDEST_D1_Z0_1_repair_em,902,EM,-41724.593,0.000948,0.0,1.37,1291.3
OLDEST_D1_Z0_1_repair_em,903,EM,-41724.592,0.0009024,0.0,1.3,1292.6
OLDEST_D1_Z0_1_repair_em,904,EM,-41724.591,0.0008649,0.0,1.37,1294.0
OLDEST_D1_Z0_1_repair_em,905,EM,-41724.59,0.000825,0.0,1.29,1295.3
OLDEST_D1_Z0_1_repair_em,906,EM,-41724.589,0.0007776,0.0,1.54,1296.8
OLDEST_D1_Z0_1_repair_em,907,EM,-41724.588,0.0007349,0.0,1.18,1298.0
OLDEST_D1_Z0_1_repair_em,908,EM,-41724.588,0.0006974,0.0,1.3,1299.3
OLDEST_D1_Z0_1_repair_em,909,EM,-41724.587,0.0006548,0.0,1.3,1300.6
OLDEST_D1_Z0_1_repair_em,910,EM,-41724.587,0.0006119,0.0,1.52,1302.1
OLDEST_D1_Z0_1_repair_em,911,EM,-41724.586,0.0005751,0.0,1.23,1303.4
OLDEST_D1_Z0_1_repair_em,912,EM,-41724.585,0.0005341,0.0,1.17,1304.5
OLDEST_D1_Z0_1_repair_em,913,EM,-41724.585,0.0004892,0.0,1.84,1306.4
OLDEST_D1_Z0_1_repair_em,914,EM,-41724.584,0.0004523,0.0,1.2,1307.6
OLDEST_D1_Z0_1_repair_em,915,EM,-41724.584,0.0004138,0.0,1.38,1309.0
OLDEST_D1_Z0_1_repair_em,916,EM,-41724.584,0.0003727,0.0,1.4,1310.4
OLDEST_D1_Z0_1_repair_em,917,EM,-41724.583,0.0003379,0.0,1.44,1311.8
OLDEST_D1_Z0_1_repair_em,918,EM,-41724.583,0.0003018,0.0,1.34,1313.1
OLDEST_D1_Z0_1_repair_em,919,EM,-41724.583,0.0002591,0.0,1.25,1314.4
OLDEST_D1_Z0_1_repair_em,920,EM,-41724.583,0.0002252,0.0,1.49,1315.9
OLDEST_D1_Z0_1_repair_em,921,EM,-41724.582,0.0001881,0.0,1.32,1317.2
OLDEST_D1_Z0_1_repair_em,922,EM,-41724.582,0.0001514,0.0,1.52,1318.7
OLDEST_D1_Z0_1_repair_em,923,EM,-41724.582,0.0001152,0.0,1.37,1320.1
OLDEST_D1_Z0_1_repair_em,924,EM,-41724.582,7.91e-05,0.0,1.52,1321.6
OLDEST_D1_Z0_1_repair_em,925,EM,-41724.582,4.33e-05,0.0,1.2,1322.8
OLDEST_D1_Z0_1_repair_em,926,EM,-41724.582,7.6e-06,0.0,1.27,1324.1
OLDEST_D1_Z0_1_repair_em,927,EM,-41724.582,-2.75e-05,0.0,1.38,1325.5
OLDEST_D1_Z0_1_repair_em,928,EM,-41724.582,-6.25e-05,0.0,1.28,1326.7
OLDEST_D1_Z0_1_repair_em,929,EM,-41724.582,-9.72e-05,0.0,1.32,1328.1
OLDEST_D1_Z0_1_repair_em,930,EM,-41724.582,-0.0001317,0.0,1.19,1329.2
OLDEST_D1_Z0_1_repair_em,931,EM,-41724.582,-0.000166,0.0,1.2,1330.5
OLDEST_D1_Z0_1_repair_em,932,EM,-41724.583,-0.0002,0.0,1.56,1332.0
OLDEST_D1_Z0_1_repair_em,933,EM,-41724.583,-0.0002338,0.0,1.31,1333.3
OLDEST_D1_Z0_1_repair_em,934,EM,-41724.583,-0.0002673,0.0,1.13,1334.5
OLDEST_D1_Z0_1_repair_em,935,EM,-41724.583,-0.0003007,0.0,1.29,1335.8
OLDEST_D1_Z0_1_repair_em,936,EM,-41724.584,-0.0003338,0.0,1.29,1337.0
OLDEST_D1_Z0_1_repair_em,937,EM,-41724.584,-0.0003668,0.0,1.33,1338.4
OLDEST_D1_Z0_1_repair_em,938,EM,-41724.585,-0.0003994,0.0,1.38,1339.7
OLDEST_D1_Z0_1_repair_em,939,EM,-41724.585,-0.000432,0.0,1.25,1341.0
OLDEST_D1_Z0_1_repair_em,940,EM,-41724.585,-0.0004643,0.0,1.3,1342.3
OLDEST_D1_Z0_1_repair_em,941,EM,-41724.586,-0.0004962,0.0,1.2,1343.5
OLDEST_D1_Z0_1_repair_em,942,EM,-41724.586,-0.0005286,0.0,1.18,1344.7
OLDEST_D1_Z0_1_repair_em,943,EM,-41724.587,-0.0005601,0.0,1.3,1346.0
OLDEST_D1_Z0_1_repair_em,944,EM,-41724.588,-0.0005918,0.0,1.23,1347.2
OLDEST_D1_Z0_1_repair_em,945,EM,-41724.588,-0.0006231,0.0,1.3,1348.5
OLDEST_D1_Z0_1_repair_em,946,EM,-41724.589,-0.0006542,0.0,1.56,1350.1
OLDEST_D1_Z0_1_repair_em,947,EM,-41724.59,-0.0006853,0.0,1.21,1351.3
OLDEST_D1_Z0_1_repair_em,948,EM,-41724.59,-0.0007159,0.0,1.16,1352.4
OLDEST_D1_Z0_1_repair_em,949,EM,-41724.591,-0.0007467,0.0,1.15,1353.6
OLDEST_D1_Z0_1_repair_em,950,EM,-41724.592,-0.0007771,0.0,1.25,1354.8
OLDEST_D1_Z0_1_repair_em,951,EM,-41724.593,-0.0008075,0.0,1.14,1356.0
OLDEST_D1_Z0_1_repair_em,952,EM,-41724.593,-0.0008376,0.0,1.12,1357.1
OLDEST_D1_Z0_1_repair_em,953,EM,-41724.594,-0.0008675,0.0,1.13,1358.2
OLDEST_D1_Z0_1_repair_em,954,EM,-41724.595,-0.0008973,0.0,1.12,1359.3
OLDEST_D1_Z0_1_repair_em,955,EM,-41724.596,-0.0009269,0.0,1.16,1360.5
OLDEST_D1_Z0_1_repair_em,956,EM,-41724.597,-0.0009563,0.0,1.25,1361.8
OLDEST_D1_Z0_1_repair_em,957,EM,-41724.598,-0.0009857,0.0,1.21,1363.0
OLDEST_D1_Z0_1_repair_em,958,EM,-41724.599,-0.0010149,0.0,1.09,1364.1
OLDEST_D1_Z0_1_repair_em,959,EM,-41724.6,-0.0010439,0.0,1.13,1365.2
OLDEST_D1_Z0_1_repair_em,960,EM,-41724.601,-0.0010727,0.0,1.01,1366.2
OLDEST_D1_Z0_1_repair_em,961,EM,-41724.602,-0.0011013,0.0,1.16,1367.4
OLDEST_D1_Z0_1_repair_em,962,EM,-41724.603,-0.0011298,0.0,1.13,1368.5
OLDEST_D1_Z0_1_repair_em,963,EM,-41724.605,-0.0011581,0.0,1.14,1369.6
OLDEST_D1_Z0_1_repair_em,964,EM,-41724.606,-0.0011864,0.0,1.19,1370.8
OLDEST_D1_Z0_1_repair_em,965,EM,-41724.607,-0.0012144,0.0,1.05,1371.9
OLDEST_D1_Z0_1_repair_em,966,EM,-41724.608,-0.0012423,0.0,1.04,1372.9
OLDEST_D1_Z0_1_repair_em,967,EM,-41724.61,-0.0012701,0.0,1.16,1374.1
OLDEST_D1_Z0_1_repair_em,968,EM,-41724.611,-0.0012977,0.0,1.16,1375.2
OLDEST_D1_Z0_1_repair_em,969,EM,-41724.612,-0.0013252,0.0,1.3,1376.5
OLDEST_D1_Z0_1_repair_em,970,EM,-41724.614,-0.0013526,0.0,1.2,1377.7
OLDEST_D1_Z0_1_repair_em,971,EM,-41724.615,-0.0013796,0.0,1.1,1378.8
OLDEST_D1_Z0_1_repair_em,972,EM,-41724.616,-0.0014067,0.0,1.15,1380.0
OLDEST_D1_Z0_1_repair_em,973,EM,-41724.618,-0.0014334,0.0,1.04,1381.0
OLDEST_D1_Z0_1_repair_em,974,EM,-41724.619,-0.0014602,0.0,1.07,1382.1
OLDEST_D1_Z0_1_repair_em,975,EM,-41724.621,-0.0014867,0.0,1.2,1383.3
OLDEST_D1_Z0_1_repair_em,976,EM,-41724.622,-0.0015132,0.0,1.15,1384.4
OLDEST_D1_Z0_1_repair_em,977,EM,-41724.624,-0.0015395,0.0,1.26,1385.7
OLDEST_D1_Z0_1_repair_em,978,EM,-41724.625,-0.0015655,0.0,1.02,1386.7
OLDEST_D1_Z0_1_repair_em,979,EM,-41724.627,-0.0015915,0.0,1.05,1387.8
OLDEST_D1_Z0_1_repair_em,980,EM,-41724.629,-0.0016172,0.0,1.05,1388.8
OLDEST_D1_Z0_1_repair_em,981,EM,-41724.63,-0.0016433,0.0,1.87,1390.7
OLDEST_D1_Z0_1_repair_em,982,EM,-41724.632,-0.0016689,0.0,9.46,1400.1
OLDEST_D1_Z0_1_repair_em,983,EM,-41724.634,-0.0017016,0.0,2.53,1402.7
OLDEST_D1_Z0_1_repair_em,984,EM,-41724.635,-0.0017146,0.0,1.62,1404.3
OLDEST_D1_Z0_1_repair_em,985,EM,-41724.637,-0.0017439,0.0,1.23,1405.5
OLDEST_D1_Z0_1_repair_em,986,EM,-41724.639,-0.0017863,0.0,1.23,1406.7
OLDEST_D1_Z0_1_repair_em,987,EM,-41724.641,-0.0018005,0.0,1.41,1408.2
OLDEST_D1_Z0_1_repair_em,988,EM,-41724.642,-0.0018115,0.0,1.99,1410.1
OLDEST_D1_Z0_1_repair_em,989,EM,-41724.644,-0.0018404,0.0,1.23,1411.4
OLDEST_D1_Z0_1_repair_em,990,EM,-41724.646,-0.0018655,0.0,1.34,1412.7
OLDEST_D1_Z0_1_repair_em,991,EM,-41724.648,-0.0018881,0.0,1.52,1414.2
OLDEST_D1_Z0_1_repair_em,992,EM,-41724.65,-0.0019118,0.0,1.35,1415.6
OLDEST_D1_Z0_1_repair_em,993,EM,-41724.652,-0.0019325,0.0,1.29,1416.9
OLDEST_D1_Z0_1_repair_em,994,EM,-41724.654,-0.001963,0.0,1.41,1418.3
OLDEST_D1_Z0_1_repair_em,995,EM,-41724.656,-0.001987,0.0,1.19,1419.5
OLDEST_D1_Z0_1_repair_em,996,EM,-41724.658,-0.0020079,0.0,1.19,1420.7
OLDEST_D1_Z0_1_repair_em,997,EM,-41724.66,-0.0020282,0.0,1.09,1421.8
OLDEST_D1_Z0_1_repair_em,998,EM,-41724.662,-0.0020593,0.0,1.42,1423.2
OLDEST_D1_Z0_1_repair_em,999,EM,-41724.664,-0.0020814,0.0,1.06,1424.2
OLDEST_D1_Z0_1_repair_em,1000,EM,-41724.666,-0.002103,-1e-07,1.41,1425.7
OLDEST_D1_Z0_1_repair_em,1001,EM,-41724.668,-0.0021249,-1e-07,1.16,1426.8
OLDEST_D1_Z0_1_repair_em,1002,EM,-41724.67,-0.0021488,-1e-07,1.3,1428.1
OLDEST_D1_Z0_1_repair_em,1003,EM,-41724.673,-0.002171,-1e-07,1.44,1429.6
OLDEST_D1_Z0_1_repair_em,1004,EM,-41724.675,-0.0021922,-1e-07,1.24,1430.8
OLDEST_D1_Z0_1_repair_em,1005,EM,-41724.677,-0.0022141,-1e-07,1.2,1432.0
OLDEST_D1_Z0_1_repair_em,1006,EM,-41724.679,-0.0022377,-1e-07,1.19,1433.2
OLDEST_D1_Z0_1_repair_em,1007,EM,-41724.681,-0.0022601,-1e-07,1.3,1434.5
OLDEST_D1_Z0_1_repair_em,1008,EM,-41724.684,-0.0022803,-1e-07,1.22,1435.7
OLDEST_D1_Z0_1_repair_em,1009,EM,-41724.686,-0.0023034,-1e-07,1.21,1436.9
OLDEST_D1_Z0_1_repair_em,1010,EM,-41724.688,-0.0023208,-1e-07,1.34,1438.3
OLDEST_D1_Z0_1_repair_em,1011,EM,-41724.691,-0.0023426,-1e-07,1.33,1439.6
OLDEST_D1_Z0_1_repair_em,1012,EM,-41724.693,-0.0023623,-1e-07,1.35,1440.9
OLDEST_D1_Z0_1_repair_em,1013,EM,-41724.695,-0.0023863,-1e-07,1.3,1442.2
OLDEST_D1_Z0_1_repair_em,1014,EM,-41724.698,-0.0024061,-1e-07,1.31,1443.6
OLDEST_D1_Z0_1_repair_em,1015,EM,-41724.7,-0.0024273,-1e-07,2.43,1446.0
OLDEST_D1_Z0_1_repair_em,1016,EM,-41724.703,-0.0024511,-1e-07,11.91,1457.9
OLDEST_D1_Z0_1_repair_em,1017,EM,-41724.705,-0.0024696,-1e-07,3.09,1461.0
OLDEST_D1_Z0_1_repair_em,1018,EM,-41724.708,-0.0024908,-1e-07,1.98,1463.0
OLDEST_D1_Z0_1_repair_em,1019,EM,-41724.71,-0.0025097,-1e-07,1.66,1464.6
OLDEST_D1_Z0_1_repair_em,1020,EM,-41724.713,-0.0025301,-1e-07,1.63,1466.2
OLDEST_D1_Z0_1_repair_em,1021,EM,-41724.715,-0.0025424,-1e-07,1.59,1467.8
OLDEST_D1_Z0_1_repair_em,1022,EM,-41724.718,-0.0025649,-1e-07,1.81,1469.7
OLDEST_D1_Z0_1_repair_em,1023,EM,-41724.72,-0.0025853,-1e-07,1.48,1471.1
OLDEST_D1_Z0_1_repair_em,1024,EM,-41724.723,-0.0026018,-1e-07,1.56,1472.7
OLDEST_D1_Z0_1_repair_em,1025,EM,-41724.726,-0.0026214,-1e-07,1.34,1474.0
OLDEST_D1_Z0_1_repair_em,1026,EM,-41724.728,-0.0026402,-1e-07,1.73,1475.8
OLDEST_D1_Z0_1_repair_em,1027,EM,-41724.731,-0.0026607,-1e-07,2.31,1478.1
OLDEST_D1_Z0_1_repair_em,1028,EM,-41724.734,-0.002682,-1e-07,11.34,1489.4
OLDEST_D1_Z0_1_repair_em,1029,EM,-41724.736,-0.0027002,-1e-07,2.95,1492.4
OLDEST_D1_Z0_1_repair_em,1030,EM,-41724.739,-0.0027148,-1e-07,1.42,1493.8
OLDEST_D1_Z0_1_repair_em,1031,EM,-41724.742,-0.0027315,-1e-07,1.9,1495.7
OLDEST_D1_Z0_1_repair_em,1032,EM,-41724.744,-0.0027519,-1e-07,1.57,1497.2
OLDEST_D1_Z0_1_repair_em,1033,EM,-41724.747,-0.0027642,-1e-07,1.55,1498.8
OLDEST_D1_Z0_1_repair_em,1034,EM,-41724.75,-0.0027872,-1e-07,1.98,1500.8
OLDEST_D1_Z0_1_repair_em,1035,EM,-41724.753,-0.0027966,-1e-07,1.75,1502.5
OLDEST_D1_Z0_1_repair_em,1036,EM,-41724.756,-0.0028258,-1e-07,1.41,1503.9
OLDEST_D1_Z0_1_repair_em,1037,EM,-41724.759,-0.002841,-1e-07,1.56,1505.5
OLDEST_D1_Z0_1_repair_em,1038,EM,-41724.761,-0.0028572,-1e-07,1.41,1506.9
OLDEST_D1_Z0_1_repair_em,1039,EM,-41724.764,-0.0028746,-1e-07,1.26,1508.2
OLDEST_D1_Z0_1_repair_em,1040,EM,-41724.767,-0.0028865,-1e-07,1.44,1509.6
OLDEST_D1_Z0_1_repair_em,1041,EM,-41724.77,-0.0029043,-1e-07,1.39,1511.0
OLDEST_D1_Z0_1_repair_em,1042,EM,-41724.773,-0.0029211,-1e-07,1.48,1512.5
OLDEST_D1_Z0_1_repair_em,1043,EM,-41724.776,-0.0029372,-1e-07,1.29,1513.8
OLDEST_D1_Z0_1_repair_em,1044,EM,-41724.779,-0.0029515,-1e-07,1.3,1515.1
OLDEST_D1_Z0_1_repair_em,1045,EM,-41724.782,-0.0029671,-1e-07,1.16,1516.2
OLDEST_D1_Z0_1_repair_em,1046,EM,-41724.785,-0.0029886,-1e-07,1.46,1517.7
OLDEST_D1_Z0_1_repair_em,1047,EM,-41724.788,-0.0030038,-1e-07,1.84,1519.5
OLDEST_D1_Z0_1_repair_em,1048,EM,-41724.791,-0.0030174,-1e-07,9.5,1529.0
OLDEST_D1_Z0_1_repair_em,1049,EM,-41724.794,-0.003034,-1e-07,1.98,1531.0
OLDEST_D1_Z0_1_repair_em,1050,EM,-41724.797,-0.0030448,-1e-07,1.3,1532.3
OLDEST_D1_Z0_1_repair_em,1051,EM,-41724.8,-0.0030609,-1e-07,1.38,1533.7
OLDEST_D1_Z0_1_repair_em,1052,EM,-41724.803,-0.0030807,-1e-07,1.55,1535.2
OLDEST_D1_Z0_1_repair_em,1053,EM,-41724.806,-0.0030926,-1e-07,1.46,1536.7
OLDEST_D1_Z0_1_repair_em,1054,EM,-41724.809,-0.0031031,-1e-07,1.2,1537.9
OLDEST_D1_Z0_1_repair_em,1055,EM,-41724.812,-0.0031187,-1e-07,1.09,1539.0
OLDEST_D1_Z0_1_repair_em,1056,EM,-41724.815,-0.0031338,-1e-07,1.16,1540.2
OLDEST_D1_Z0_1_repair_em,1057,EM,-41724.819,-0.003144,-1e-07,1.12,1541.3
OLDEST_D1_Z0_1_repair_em,1058,EM,-41724.822,-0.0031627,-1e-07,1.66,1542.9
OLDEST_D1_Z0_1_repair_em,1059,EM,-41724.825,-0.0031767,-1e-07,1.3,1544.2
OLDEST_D1_Z0_1_repair_em,1060,EM,-41724.828,-0.0031878,-1e-07,1.41,1545.7
OLDEST_D1_Z0_1_repair_em,1061,EM,-41724.831,-0.0032006,-1e-07,1.12,1546.8
OLDEST_D1_Z0_1_repair_em,1062,EM,-41724.835,-0.003215,-1e-07,0.95,1547.7
OLDEST_D1_Z0_1_repair_em,1063,EM,-41724.838,-0.0032288,-1e-07,1.16,1548.9
OLDEST_D1_Z0_1_repair_em,1064,EM,-41724.841,-0.0032424,-1e-07,1.12,1550.0
OLDEST_D1_Z0_1_repair_em,1065,EM,-41724.844,-0.003255,-1e-07,1.32,1551.3
OLDEST_D1_Z0_1_repair_em,1066,EM,-41724.848,-0.0032672,-1e-07,1.14,1552.5
OLDEST_D1_Z0_1_repair_em,1067,EM,-41724.851,-0.0032806,-1e-07,1.14,1553.6
OLDEST_D1_Z0_1_repair_em,1068,EM,-41724.854,-0.0032916,-1e-07,1.05,1554.7
OLDEST_D1_Z0_1_repair_em,1069,EM,-41724.857,-0.0033046,-1e-07,1.11,1555.8
OLDEST_D1_Z0_1_repair_em,1070,EM,-41724.861,-0.0033161,-1e-07,1.09,1556.9
OLDEST_D1_Z0_1_repair_em,1071,EM,-41724.864,-0.0033298,-1e-07,1.3,1558.2
OLDEST_D1_Z0_1_repair_em,1072,EM,-41724.867,-0.0033412,-1e-07,1.23,1559.4
OLDEST_D1_Z0_1_repair_em,1073,EM,-41724.871,-0.0033521,-1e-07,1.35,1560.7
OLDEST_D1_Z0_1_repair_em,1074,EM,-41724.874,-0.0033636,-1e-07,1.11,1561.9
OLDEST_D1_Z0_1_repair_em,1075,EM,-41724.878,-0.0033744,-1e-07,1.18,1563.0
OLDEST_D1_Z0_1_repair_em,1076,EM,-41724.881,-0.003386,-1e-07,1.13,1564.2
OLDEST_D1_Z0_1_repair_em,1077,EM,-41724.884,-0.0033976,-1e-07,1.11,1565.3
OLDEST_D1_Z0_1_repair_em,1078,EM,-41724.888,-0.0034086,-1e-07,1.12,1566.4
OLDEST_D1_Z0_1_repair_em,1079,EM,-41724.891,-0.0034195,-1e-07,1.2,1567.6
OLDEST_D1_Z0_1_repair_em,1080,EM,-41724.895,-0.0034303,-1e-07,1.05,1568.6
OLDEST_D1_Z0_1_repair_em,1081,EM,-41724.898,-0.0034409,-1e-07,1.0,1569.6
OLDEST_D1_Z0_1_repair_em,1082,EM,-41724.901,-0.0034514,-1e-07,1.06,1570.7
OLDEST_D1_Z0_1_repair_em,1083,EM,-41724.905,-0.0034618,-1e-07,1.19,1571.9
OLDEST_D1_Z0_1_repair_em,1084,EM,-41724.908,-0.003472,-1e-07,1.48,1573.4
OLDEST_D1_Z0_1_repair_em,1085,EM,-41724.912,-0.0034821,-1e-07,1.05,1574.4
OLDEST_D1_Z0_1_repair_em,1086,EM,-41724.915,-0.0034921,-1e-07,1.2,1575.6
OLDEST_D1_Z0_1_repair_em,1087,EM,-41724.919,-0.0035019,-1e-07,1.2,1576.8
OLDEST_D1_Z0_1_repair_em,1088,EM,-41724.922,-0.0035117,-1e-07,1.16,1578.0
OLDEST_D1_Z0_1_repair_em,1089,EM,-41724.926,-0.0035212,-1e-07,1.2,1579.2
OLDEST_D1_Z0_1_repair_em,1090,EM,-41724.929,-0.0035307,-1e-07,1.13,1580.3
OLDEST_D1_Z0_1_repair_em,1091,EM,-41724.933,-0.00354,-1e-07,1.14,1581.5
OLDEST_D1_Z0_1_repair_em,1092,EM,-41724.937,-0.0035492,-1e-07,1.19,1582.7
OLDEST_D1_Z0_1_repair_em,1093,EM,-41724.94,-0.0035582,-1e-07,1.12,1583.8
OLDEST_D1_Z0_1_repair_em,1094,EM,-41724.944,-0.0035673,-1e-07,1.38,1585.1
OLDEST_D1_Z0_1_repair_em,1095,EM,-41724.947,-0.0035761,-1e-07,1.27,1586.4
OLDEST_D1_Z0_1_repair_em,1096,EM,-41724.951,-0.0035848,-1e-07,1.7,1588.1
OLDEST_D1_Z0_1_repair_em,1097,EM,-41724.954,-0.0035933,-1e-07,1.35,1589.5
OLDEST_D1_Z0_1_repair_em,1098,EM,-41724.958,-0.0036018,-1e-07,1.2,1590.7
OLDEST_D1_Z0_1_repair_em,1099,EM,-41724.962,-0.0036102,-1e-07,1.29,1592.0
OLDEST_D1_Z0_1_repair_em,1100,EM,-41724.965,-0.0036181,-1e-07,2.16,1594.1
OLDEST_D1_Z0_1_repair_em,1101,EM,-41724.969,-0.0036245,-1e-07,7.76,1601.9
OLDEST_D1_Z0_1_repair_em,1102,EM,-41724.972,-0.0036339,-1e-07,2.25,1604.1
OLDEST_D1_Z0_1_repair_em,1103,EM,-41724.976,-0.0036447,-1e-07,1.85,1606.0
OLDEST_D1_Z0_1_repair_em,1104,EM,-41724.98,-0.0036515,-1e-07,1.65,1607.6
OLDEST_D1_Z0_1_repair_em,1105,EM,-41724.983,-0.0036574,-1e-07,1.54,1609.2
OLDEST_D1_Z0_1_repair_em,1106,EM,-41724.987,-0.0036645,-1e-07,1.51,1610.7
OLDEST_D1_Z0_1_repair_em,1107,EM,-41724.991,-0.0036687,-1e-07,1.61,1612.3
OLDEST_D1_Z0_1_repair_em,1108,EM,-41724.994,-0.0036821,-1e-07,1.94,1614.2
OLDEST_D1_Z0_1_repair_em,1109,EM,-41724.998,-0.0036877,-1e-07,1.48,1615.7
OLDEST_D1_Z0_1_repair_em,1110,EM,-41725.002,-0.0036942,-1e-07,1.99,1617.7
OLDEST_D1_Z0_1_repair_em,1111,EM,-41725.006,-0.0037013,-1e-07,1.85,1619.6
OLDEST_D1_Z0_1_repair_em,1112,EM,-41725.009,-0.0037076,-1e-07,2.42,1622.0
OLDEST_D1_Z0_1_repair_em,1113,EM,-41725.013,-0.0037225,-1e-07,12.65,1634.6
OLDEST_D1_Z0_1_repair_em,1114,EM,-41725.017,-0.0037153,-1e-07,3.32,1637.9
OLDEST_D1_Z0_1_repair_em,1115,EM,-41725.02,-0.0037305,-1e-07,1.77,1639.7
OLDEST_D1_Z0_1_repair_em,1116,EM,-41725.024,-0.0037338,-1e-07,2.45,1642.2
OLDEST_D1_Z0_1_repair_em,1117,EM,-41725.028,-0.0037513,-1e-07,12.09,1654.2
OLDEST_D1_Z0_1_repair_em,1118,EM,-41725.032,-0.0037435,-1e-07,2.98,1657.2
OLDEST_D1_Z0_1_repair_em,1119,EM,-41725.035,-0.0037489,-1e-07,1.38,1658.6
OLDEST_D1_Z0_1_repair_em,1120,EM,-41725.039,-0.0037559,-1e-07,1.66,1660.3
OLDEST_D1_Z0_1_repair_em,1121,EM,-41725.043,-0.0037706,-1e-07,1.88,1662.1
OLDEST_D1_Z0_1_repair_em,1122,EM,-41725.047,-0.0037718,-1e-07,1.3,1663.4
OLDEST_D1_Z0_1_repair_em,1123,EM,-41725.05,-0.0037753,-1e-07,1.91,1665.4
OLDEST_D1_Z0_1_repair_em,1124,EM,-41725.054,-0.0037834,-1e-07,1.19,1666.5
OLDEST_D1_Z0_1_repair_em,1125,EM,-41725.058,-0.0037858,-1e-07,1.34,1667.9
OLDEST_D1_Z0_1_repair_em,1126,EM,-41725.062,-0.0037893,-1e-07,1.37,1669.2
OLDEST_D1_Z0_1_repair_em,1127,EM,-41725.066,-0.0037981,-1e-07,1.7,1670.9
OLDEST_D1_Z0_1_repair_em,1128,EM,-41725.069,-0.0038037,-1e-07,1.18,1672.1
OLDEST_D1_Z0_1_repair_em,1129,EM,-41725.073,-0.0038084,-1e-07,1.46,1673.6
OLDEST_D1_Z0_1_repair_em,1130,EM,-41725.077,-0.0038138,-1e-07,1.87,1675.5
OLDEST_D1_Z0_1_repair_em,1131,EM,-41725.081,-0.0038202,-1e-07,1.41,1676.9
OLDEST_D1_Z0_1_repair_em,1132,EM,-41725.085,-0.0038236,-1e-07,1.27,1678.1
OLDEST_D1_Z0_1_repair_em,1133,EM,-41725.089,-0.0038228,-1e-07,1.98,1680.1
OLDEST_D1_Z0_1_repair_em,1134,EM,-41725.092,-0.003831,-1e-07,7.0,1687.1
OLDEST_D1_Z0_1_repair_em,1135,EM,-41725.096,-0.0038354,-1e-07,2.03,1689.1
OLDEST_D1_Z0_1_repair_em,1136,EM,-41725.1,-0.003842,-1e-07,1.78,1690.9
OLDEST_D1_Z0_1_repair_em,1137,EM,-41725.104,-0.0038432,-1e-07,4.41,1695.3
OLDEST_D1_Z0_1_repair_em,1138,EM,-41725.108,-0.0038484,-1e-07,4.26,1699.6
OLDEST_D1_Z0_1_repair_em,1139,EM,-41725.112,-0.0038517,-1e-07,2.21,1701.8
OLDEST_D1_Z0_1_repair_em,1140,EM,-41725.115,-0.0038538,-1e-07,1.74,1703.5
OLDEST_D1_Z0_1_repair_em,1141,EM,-41725.119,-0.0038574,-1e-07,1.3,1704.8
OLDEST_D1_Z0_1_repair_em,1142,EM,-41725.123,-0.0038624,-1e-07,1.9,1706.7
OLDEST_D1_Z0_1_repair_em,1143,EM,-41725.127,-0.0038681,-1e-07,5.01,1711.8
OLDEST_D1_Z0_1_repair_em,1144,EM,-41725.131,-0.0038803,-1e-07,14.73,1726.5
OLDEST_D1_Z0_1_repair_em,1145,EM,-41725.135,-0.0038734,-1e-07,4.28,1730.8
OLDEST_D1_Z0_1_repair_em,1146,EM,-41725.139,-0.0038756,-1e-07,2.79,1733.5
OLDEST_D1_Z0_1_repair_em,1147,EM,-41725.143,-0.0038788,-1e-07,2.9,1736.4
OLDEST_D1_Z0_1_repair_em,1148,EM,-41725.146,-0.0038828,-1e-07,1.93,1738.4
OLDEST_D1_Z0_1_repair_em,1149,EM,-41725.15,-0.0038874,-1e-07,1.98,1740.4
OLDEST_D1_Z0_1_repair_em,1150,EM,-41725.154,-0.0038888,-1e-07,2.06,1742.4
OLDEST_D1_Z0_1_repair_em,1151,EM,-41725.158,-0.0038904,-1e-07,2.29,1744.7
OLDEST_D1_Z0_1_repair_em,1152,EM,-41725.162,-0.0038951,-1e-07,2.5,1747.2
OLDEST_D1_Z0_1_repair_em,1153,EM,-41725.166,-0.003897,-1e-07,1.88,1749.1
OLDEST_D1_Z0_1_repair_em,1154,EM,-41725.17,-0.0039028,-1e-07,3.25,1752.3
OLDEST_D1_Z0_1_repair_em,1155,EM,-41725.174,-0.0038998,-1e-07,3.77,1756.1
OLDEST_D1_Z0_1_repair_em,1156,EM,-41725.178,-0.0039038,-1e-07,2.64,1758.8
OLDEST_D1_Z0_1_repair_em,1157,EM,-41725.181,-0.0039077,-1e-07,2.06,1760.8
OLDEST_D1_Z0_1_repair_em,1158,EM,-41725.185,-0.0039094,-1e-07,2.03,1762.8
OLDEST_D1_Z0_1_repair_em,1159,EM,-41725.189,-0.0039114,-1e-07,1.84,1764.7
OLDEST_D1_Z0_1_repair_em,1160,EM,-41725.193,-0.0039122,-1e-07,1.92,1766.6
OLDEST_D1_Z0_1_repair_em,1161,EM,-41725.197,-0.0039165,-1e-07,2.16,1768.8
OLDEST_D1_Z0_1_repair_em,1162,EM,-41725.201,-0.0039165,-1e-07,4.43,1773.2
OLDEST_D1_Z0_1_repair_em,1163,EM,-41725.205,-0.0039276,-1e-07,17.8,1791.0
OLDEST_D1_Z0_1_repair_em,1164,EM,-41725.209,-0.0039156,-1e-07,5.64,1796.6
OLDEST_D1_Z0_1_repair_em,1165,EM,-41725.213,-0.0039147,-1e-07,2.79,1799.4
OLDEST_D1_Z0_1_repair_em,1166,EM,-41725.217,-0.0039264,-1e-07,5.33,1804.8
OLDEST_D1_Z0_1_repair_em,1167,EM,-41725.221,-0.0039229,-1e-07,4.27,1809.0
OLDEST_D1_Z0_1_repair_em,1168,EM,-41725.225,-0.0039259,-1e-07,5.09,1814.1
OLDEST_D1_Z0_1_repair_em,1169,EM,-41725.228,-0.0039338,-1e-07,21.23,1835.4
OLDEST_D1_Z0_1_repair_em,1170,EM,-41725.232,-0.0039232,-1e-07,8.92,1844.3
OLDEST_D1_Z0_1_repair_em,1171,EM,-41725.236,-0.0039247,-1e-07,3.31,1847.6
OLDEST_D1_Z0_1_repair_em,1172,EM,-41725.24,-0.0039267,-1e-07,5.67,1853.3
OLDEST_D1_Z0_1_repair_em,1173,EM,-41725.244,-0.0039276,-1e-07,2.34,1855.6
OLDEST_D1_Z0_1_repair_em,1174,EM,-41725.248,-0.0039298,-1e-07,3.34,1858.9
OLDEST_D1_Z0_1_repair_em,1175,EM,-41725.252,-0.003929,-1e-07,3.43,1862.4
OLDEST_D1_Z0_1_repair_em,1176,EM,-41725.256,-0.0039318,-1e-07,2.64,1865.0
OLDEST_D1_Z0_1_repair_em,1177,EM,-41725.26,-0.0039346,-1e-07,2.41,1867.4
OLDEST_D1_Z0_1_repair_em,1178,EM,-41725.264,-0.0039307,-1e-07,2.44,1869.9
OLDEST_D1_Z0_1_repair_em,1179,EM,-41725.268,-0.0039299,-1e-07,4.8,1874.7
OLDEST_D1_Z0_1_repair_em,1180,EM,-41725.272,-0.0039309,-1e-07,5.14,1879.8
OLDEST_D1_Z0_1_repair_em,1181,EM,-41725.276,-0.0039313,-1e-07,4.1,1883.9
OLDEST_D1_Z0_1_repair_em,1182,EM,-41725.28,-0.0039294,-1e-07,3.21,1887.1
OLDEST_D1_Z0_1_repair_em,1183,EM,-41725.284,-0.0039269,-1e-07,5.03,1892.1
OLDEST_D1_Z0_1_repair_em,1184,EM,-41725.287,-0.0039329,-1e-07,18.07,1910.2
OLDEST_D1_Z0_1_repair_em,1185,EM,-41725.291,-0.0039283,-1e-07,3.39,1913.6
OLDEST_D1_Z0_1_repair_em,1186,EM,-41725.295,-0.0039302,-1e-07,1.75,1915.4
OLDEST_D1_Z0_1_repair_em,1187,EM,-41725.299,-0.0039277,-1e-07,2.0,1917.4
OLDEST_D1_Z0_1_repair_em,1188,EM,-41725.303,-0.003927,-1e-07,2.5,1919.9
OLDEST_D1_Z0_1_repair_em,1189,EM,-41725.307,-0.0039261,-1e-07,3.77,1923.6
OLDEST_D1_Z0_1_repair_em,1190,EM,-41725.311,-0.0039243,-1e-07,3.45,1927.1
OLDEST_D1_Z0_1_repair_em,1191,EM,-41725.315,-0.0039225,-1e-07,2.85,1929.9
OLDEST_D1_Z0_1_repair_em,1192,EM,-41725.319,-0.0039192,-1e-07,2.39,1932.3
OLDEST_D1_Z0_1_repair_em,1193,EM,-41725.323,-0.0039178,-1e-07,2.56,1934.9
OLDEST_D1_Z0_1_repair_em,1194,EM,-41725.327,-0.0039197,-1e-07,2.62,1937.5
OLDEST_D1_Z0_1_repair_em,1195,EM,-41725.331,-0.0039188,-1e-07,2.28,1939.8
OLDEST_D1_Z0_1_repair_em,1196,EM,-41725.335,-0.003914,-1e-07,2.55,1942.3
OLDEST_D1_Z0_1_repair_em,1197,EM,-41725.338,-0.0039103,-1e-07,2.56,1944.9
OLDEST_D1_Z0_1_repair_em,1198,EM,-41725.342,-0.0039098,-1e-07,2.38,1947.3
OLDEST_D1_Z0_1_repair_em,1199,EM,-41725.346,-0.003908,-1e-07,3.6,1950.9
OLDEST_D1_Z0_1_repair_em,1200,EM,-41725.35,-0.003906,-1e-07,2.02,1952.9
OLDEST_D1_Z0_1_repair_em,1201,EM,-41725.354,-0.0039032,-1e-07,2.21,1955.1
OLDEST_D1_Z0_1_repair_em,1202,EM,-41725.358,-0.0039026,-1e-07,2.14,1957.2
OLDEST_D1_Z0_1_repair_em,1203,EM,-41725.362,-0.003899,-1e-07,2.16,1959.4
OLDEST_D1_Z0_1_repair_em,1204,EM,-41725.366,-0.0038962,-1e-07,2.38,1961.8
OLDEST_D1_Z0_1_repair_em,1205,EM,-41725.37,-0.0038933,-1e-07,2.56,1964.3
OLDEST_D1_Z0_1_repair_em,1206,EM,-41725.374,-0.0038905,-1e-07,2.44,1966.8
OLDEST_D1_Z0_1_repair_em,1207,EM,-41725.377,-0.0038868,-1e-07,2.46,1969.2
OLDEST_D1_Z0_1_repair_em,1208,EM,-41725.381,-0.0038844,-1e-07,2.27,1971.5
OLDEST_D1_Z0_1_repair_em,1209,EM,-41725.385,-0.0038803,-1e-07,1.7,1973.2
OLDEST_D1_Z0_1_repair_em,1210,EM,-41725.389,-0.0038781,-1e-07,1.25,1974.5
OLDEST_D1_Z0_1_repair_em,1211,EM,-41725.393,-0.0038741,-1e-07,1.43,1975.9
OLDEST_D1_Z0_1_repair_em,1212,EM,-41725.397,-0.0038705,-1e-07,1.38,1977.3
OLDEST_D1_Z0_1_repair_em,1213,EM,-41725.401,-0.0038667,-1e-07,1.67,1978.9
OLDEST_D1_Z0_1_repair_em,1214,EM,-41725.405,-0.0038628,-1e-07,1.8,1980.7
OLDEST_D1_Z0_1_repair_em,1215,EM,-41725.408,-0.0038587,-1e-07,1.82,1982.6
OLDEST_D1_Z0_1_repair_em,1216,EM,-41725.412,-0.0038546,-1e-07,1.81,1984.4
OLDEST_D1_Z0_1_repair_em,1217,EM,-41725.416,-0.0038503,-1e-07,1.91,1986.3
OLDEST_D1_Z0_1_repair_em,1218,EM,-41725.42,-0.003846,-1e-07,1.3,1987.6
OLDEST_D1_Z0_1_repair_em,1219,EM,-41725.424,-0.0038411,-1e-07,1.22,1988.8
OLDEST_D1_Z0_1_repair_em,1220,EM,-41725.428,-0.0038366,-1e-07,1.59,1990.4
OLDEST_D1_Z0_1_repair_em,1221,EM,-41725.431,-0.0038318,-1e-07,1.49,1991.9
OLDEST_D1_Z0_1_repair_em,1222,EM,-41725.435,-0.0038269,-1e-07,1.57,1993.5
OLDEST_D1_Z0_1_repair_em,1223,EM,-41725.439,-0.0038218,-1e-07,1.59,1995.0
OLDEST_D1_Z0_1_repair_em,1224,EM,-41725.443,-0.0038166,-1e-07,1.37,1996.4
OLDEST_D1_Z0_1_repair_em,1225,EM,-41725.447,-0.0038113,-1e-07,1.3,1997.7
OLDEST_D1_Z0_1_repair_em,1226,EM,-41725.451,-0.0038057,-1e-07,1.47,1999.2
OLDEST_D1_Z0_1_repair_em,1227,EM,-41725.454,-0.0038001,-1e-07,1.7,2000.9
OLDEST_D1_Z0_1_repair_em,1228,EM,-41725.458,-0.0037943,-1e-07,1.7,2002.6
OLDEST_D1_Z0_1_repair_em,1229,EM,-41725.462,-0.0037884,-1e-07,1.3,2003.9
OLDEST_D1_Z0_1_repair_em,1230,EM,-41725.466,-0.0037823,-1e-07,1.28,2005.2
OLDEST_D1_Z0_1_repair_em,1231,EM,-41725.469,-0.0037761,-1e-07,1.25,2006.4
OLDEST_D1_Z0_1_repair_em,1232,EM,-41725.473,-0.0037698,-1e-07,1.3,2007.7
OLDEST_D1_Z0_1_repair_em,1233,EM,-41725.477,-0.0037633,-1e-07,1.3,2009.0
OLDEST_D1_Z0_1_repair_em,1234,EM,-41725.481,-0.0037566,-1e-07,1.43,2010.5
OLDEST_D1_Z0_1_repair_em,1235,EM,-41725.485,-0.0037498,-1e-07,1.47,2011.9
OLDEST_D1_Z0_1_repair_em,1236,EM,-41725.488,-0.0037428,-1e-07,1.32,2013.2
OLDEST_D1_Z0_1_repair_em,1237,EM,-41725.492,-0.0037358,-1e-07,1.31,2014.6
OLDEST_D1_Z0_1_repair_em,1238,EM,-41725.496,-0.0037285,-1e-07,1.34,2015.9
OLDEST_D1_Z0_1_repair_em,1239,EM,-41725.499,-0.003721,-1e-07,1.26,2017.1
OLDEST_D1_Z0_1_repair_em,1240,EM,-41725.503,-0.0037134,-1e-07,1.32,2018.5
OLDEST_D1_Z0_1_repair_em,1241,EM,-41725.507,-0.0037056,-1e-07,1.29,2019.8
OLDEST_D1_Z0_1_repair_em,1242,EM,-41725.511,-0.0036979,-1e-07,1.32,2021.1
OLDEST_D1_Z0_1_repair_em,1243,EM,-41725.514,-0.0036896,-1e-07,1.3,2022.4
OLDEST_D1_Z0_1_repair_em,1244,EM,-41725.518,-0.0036814,-1e-07,1.45,2023.8
OLDEST_D1_Z0_1_repair_em,1245,EM,-41725.522,-0.003673,-1e-07,1.53,2025.4
OLDEST_D1_Z0_1_repair_em,1246,EM,-41725.525,-0.0036644,-1e-07,1.37,2026.7
OLDEST_D1_Z0_1_repair_em,1247,EM,-41725.529,-0.0036556,-1e-07,1.37,2028.1
OLDEST_D1_Z0_1_repair_em,1248,EM,-41725.533,-0.0036467,-1e-07,1.32,2029.4
OLDEST_D1_Z0_1_repair_em,1249,EM,-41725.536,-0.0036375,-1e-07,1.69,2031.1
OLDEST_D1_Z0_1_repair_em,1250,EM,-41725.54,-0.0036283,-1e-07,1.39,2032.5
OLDEST_D1_Z0_1_repair_em,1251,EM,-41725.543,-0.0036188,-1e-07,1.61,2034.1
OLDEST_D1_Z0_1_repair_em,1252,EM,-41725.547,-0.0036091,-1e-07,1.38,2035.5
OLDEST_D1_Z0_1_repair_em,1253,EM,-41725.551,-0.0035993,-1e-07,1.37,2036.9
OLDEST_D1_Z0_1_repair_em,1254,EM,-41725.554,-0.0035893,-1e-07,1.34,2038.2
OLDEST_D1_Z0_1_repair_em,1255,EM,-41725.558,-0.003579,-1e-07,1.57,2039.8
OLDEST_D1_Z0_1_repair_em,1256,EM,-41725.561,-0.0035686,-1e-07,2.36,2042.1
OLDEST_D1_Z0_1_repair_em,1257,EM,-41725.565,-0.0035577,-1e-07,1.91,2044.0
OLDEST_D1_Z0_1_repair_em,1258,EM,-41725.569,-0.0035473,-1e-07,1.72,2045.8
OLDEST_D1_Z0_1_repair_em,1259,EM,-41725.572,-0.0035363,-1e-07,1.49,2047.2
OLDEST_D1_Z0_1_repair_em,1260,EM,-41725.576,-0.0035251,-1e-07,1.65,2048.9
OLDEST_D1_Z0_1_repair_em,1261,EM,-41725.579,-0.0035136,-1e-07,1.7,2050.6
OLDEST_D1_Z0_1_repair_em,1262,EM,-41725.583,-0.0035019,-1e-07,1.54,2052.1
OLDEST_D1_Z0_1_repair_em,1263,EM,-41725.586,-0.0034902,-1e-07,1.93,2054.1
OLDEST_D1_Z0_1_repair_em,1264,EM,-41725.59,-0.0034781,-1e-07,1.8,2055.9
OLDEST_D1_Z0_1_repair_em,1265,EM,-41725.593,-0.0034658,-1e-07,1.88,2057.8
OLDEST_D1_Z0_1_repair_em,1266,EM,-41725.596,-0.0034534,-1e-07,2.48,2060.2
OLDEST_D1_Z0_1_repair_em,1267,EM,-41725.6,-0.0034414,-1e-07,3.08,2063.3
OLDEST_D1_Z0_1_repair_em,1268,EM,-41725.603,-0.0034413,-1e-07,14.87,2078.2
OLDEST_D1_Z0_1_repair_em,1269,EM,-41725.607,-0.0034098,-1e-07,3.73,2081.9
OLDEST_D1_Z0_1_repair_em,1270,EM,-41725.61,-0.0034006,-1e-07,1.92,2083.8
OLDEST_D1_Z0_1_repair_em,1271,EM,-41725.614,-0.0033843,-1e-07,2.0,2085.8
OLDEST_D1_Z0_1_repair_em,1272,EM,-41725.617,-0.0033745,-1e-07,1.97,2087.8
OLDEST_D1_Z0_1_repair_em,1273,EM,-41725.62,-0.0033585,-1e-07,1.59,2089.4
OLDEST_D1_Z0_1_repair_em,1274,EM,-41725.624,-0.0033484,-1e-07,1.85,2091.2
OLDEST_D1_Z0_1_repair_em,1275,EM,-41725.627,-0.0033326,-1e-07,1.41,2092.7
OLDEST_D1_Z0_1_repair_em,1276,EM,-41725.63,-0.003316,-1e-07,1.42,2094.1
OLDEST_D1_Z0_1_repair_em,1277,EM,-41725.634,-0.0033011,-1e-07,1.37,2095.4
OLDEST_D1_Z0_1_repair_em,1278,EM,-41725.637,-0.0032799,-1e-07,1.71,2097.2
OLDEST_D1_Z0_1_repair_em,1279,EM,-41725.64,-0.0032696,-1e-07,1.41,2098.6
OLDEST_D1_Z0_1_repair_em,1280,EM,-41725.643,-0.0032564,-1e-07,1.91,2100.5
OLDEST_D1_Z0_1_repair_em,1281,EM,-41725.647,-0.0032364,-1e-07,2.23,2102.7
OLDEST_D1_Z0_1_repair_em,1282,EM,-41725.65,-0.0032224,-1e-07,2.46,2105.2
OLDEST_D1_Z0_1_repair_em,1283,EM,-41725.653,-0.003205,-1e-07,4.95,2110.1
OLDEST_D1_Z0_1_repair_em,1284,EM,-41725.656,-0.0031852,-1e-07,13.24,2123.4
OLDEST_D1_Z0_1_repair_em,1285,EM,-41725.659,-0.0031678,-1e-07,2.95,2126.3
OLDEST_D1_Z0_1_repair_em,1286,EM,-41725.663,-0.0031572,-1e-07,2.62,2128.9
OLDEST_D1_Z0_1_repair_em,1287,EM,-41725.666,-0.0031338,-1e-07,1.7,2130.6
OLDEST_D1_Z0_1_repair_em,1288,EM,-41725.669,-0.003118,-1e-07,1.71,2132.3
OLDEST_D1_Z0_1_repair_em,1289,EM,-41725.672,-0.0031005,-1e-07,1.7,2134.0
OLDEST_D1_Z0_1_repair_em,1290,EM,-41725.675,-0.0030832,-1e-07,1.32,2135.4
OLDEST_D1_Z0_1_repair_em,1291,EM,-41725.678,-0.0030622,-1e-07,1.38,2136.7
OLDEST_D1_Z0_1_repair_em,1292,EM,-41725.681,-0.0030393,-1e-07,1.87,2138.6
OLDEST_D1_Z0_1_repair_em,1293,EM,-41725.684,-0.0030221,-1e-07,1.43,2140.0
OLDEST_D1_Z0_1_repair_em,1294,EM,-41725.687,-0.003003,-1e-07,1.27,2141.3
OLDEST_D1_Z0_1_repair_em,1295,EM,-41725.69,-0.0029858,-1e-07,2.44,2143.7
OLDEST_D1_Z0_1_repair_em,1296,EM,-41725.693,-0.002963,-1e-07,12.77,2156.5
OLDEST_D1_Z0_1_repair_em,1297,EM,-41725.696,-0.0029405,-1e-07,14.16,2170.7
OLDEST_D1_Z0_1_repair_em,1298,EM,-41725.699,-0.0029201,-1e-07,2.88,2173.5
OLDEST_D1_Z0_1_repair_em,1299,EM,-41725.702,-0.0028956,-1e-07,1.57,2175.1
OLDEST_D1_Z0_1_repair_em,1300,EM,-41725.705,-0.0028775,-1e-07,1.85,2177.0
OLDEST_D1_Z0_1_repair_em,1301,EM,-41725.708,-0.0028635,-1e-07,1.32,2178.3
OLDEST_D1_Z0_1_repair_em,1302,EM,-41725.71,-0.0028289,-1e-07,1.46,2179.7
OLDEST_D1_Z0_1_repair_em,1303,EM,-41725.713,-0.0028095,-1e-07,1.36,2181.1
OLDEST_D1_Z0_1_repair_em,1304,EM,-41725.716,-0.0027864,-1e-07,1.61,2182.7
OLDEST_D1_Z0_1_repair_em,1305,EM,-41725.719,-0.0027624,-1e-07,1.4,2184.1
OLDEST_D1_Z0_1_repair_em,1306,EM,-41725.721,-0.0027397,-1e-07,1.43,2185.5
OLDEST_D1_Z0_1_repair_em,1307,EM,-41725.724,-0.0027117,-1e-07,1.28,2186.8
OLDEST_D1_Z0_1_repair_em,1308,EM,-41725.727,-0.0026908,-1e-07,1.62,2188.4
OLDEST_D1_Z0_1_repair_em,1309,EM,-41725.73,-0.0026666,-1e-07,1.26,2189.7
OLDEST_D1_Z0_1_repair_em,1310,EM,-41725.732,-0.0026369,-1e-07,1.85,2191.5
OLDEST_D1_Z0_1_repair_em,1311,EM,-41725.735,-0.0026136,-1e-07,2.16,2193.7
OLDEST_D1_Z0_1_repair_em,1312,EM,-41725.737,-0.00259,-1e-07,1.76,2195.5
OLDEST_D1_Z0_1_repair_em,1313,EM,-41725.74,-0.0025618,-1e-07,1.26,2196.7
OLDEST_D1_Z0_1_repair_em,1314,EM,-41725.743,-0.0025334,-1e-07,1.48,2198.2
OLDEST_D1_Z0_1_repair_em,1315,EM,-41725.745,-0.0025093,-1e-07,1.52,2199.7
OLDEST_D1_Z0_1_repair_em,1316,EM,-41725.747,-0.0024799,-1e-07,1.52,2201.2
OLDEST_D1_Z0_1_repair_em,1317,EM,-41725.75,-0.0024531,-1e-07,2.41,2203.6
OLDEST_D1_Z0_1_repair_em,1318,EM,-41725.752,-0.0024234,-1e-07,12.98,2216.6
OLDEST_D1_Z0_1_repair_em,1319,EM,-41725.755,-0.0023889,-1e-07,6.81,2223.4
OLDEST_D1_Z0_1_repair_em,1320,EM,-41725.757,-0.0023638,-1e-07,1.66,2225.1
OLDEST_D1_Z0_1_repair_em,1321,EM,-41725.759,-0.0023305,-1e-07,1.84,2226.9
OLDEST_D1_Z0_1_repair_em,1322,EM,-41725.762,-0.0023069,-1e-07,1.83,2228.8
OLDEST_D1_Z0_1_repair_em,1323,EM,-41725.764,-0.0022767,-1e-07,1.36,2230.1
OLDEST_D1_Z0_1_repair_em,1324,EM,-41725.766,-0.0022425,-1e-07,1.62,2231.8
OLDEST_D1_Z0_1_repair_em,1325,EM,-41725.768,-0.002211,-1e-07,1.59,2233.3
OLDEST_D1_Z0_1_repair_em,1326,EM,-41725.771,-0.0021765,-1e-07,2.0,2235.3
OLDEST_D1_Z0_1_repair_em,1327,EM,-41725.773,-0.0021524,-1e-07,1.71,2237.0
OLDEST_D1_Z0_1_repair_em,1328,EM,-41725.775,-0.0021161,-1e-07,1.41,2238.5
OLDEST_D1_Z0_1_repair_em,1329,EM,-41725.777,-0.0020818,0.0,1.42,2239.9
OLDEST_D1_Z0_1_repair_em,1330,EM,-41725.779,-0.0020471,0.0,1.38,2241.3
OLDEST_D1_Z0_1_repair_em,1331,EM,-41725.781,-0.0020109,0.0,1.55,2242.8
OLDEST_D1_Z0_1_repair_em,1332,EM,-41725.783,-0.0019808,0.0,1.46,2244.3
OLDEST_D1_Z0_1_repair_em,1333,EM,-41725.785,-0.0019442,0.0,1.37,2245.6
OLDEST_D1_Z0_1_repair_em,1334,EM,-41725.787,-0.0019071,0.0,1.88,2247.5
OLDEST_D1_Z0_1_repair_em,1335,EM,-41725.789,-0.0018713,0.0,1.36,2248.9
OLDEST_D1_Z0_1_repair_em,1336,EM,-41725.791,-0.0018385,0.0,1.75,2250.6
OLDEST_D1_Z0_1_repair_em,1337,EM,-41725.792,-0.0018025,0.0,1.37,2252.0
OLDEST_D1_Z0_1_repair_em,1338,EM,-41725.794,-0.0017628,0.0,1.39,2253.4
OLDEST_D1_Z0_1_repair_em,1339,EM,-41725.796,-0.0017262,0.0,1.22,2254.6
OLDEST_D1_Z0_1_repair_em,1340,EM,-41725.798,-0.0016871,0.0,1.36,2256.0
OLDEST_D1_Z0_1_repair_em,1341,EM,-41725.799,-0.001652,0.0,1.14,2257.1
OLDEST_D1_Z0_1_repair_em,1342,EM,-41725.801,-0.0016103,0.0,1.51,2258.6
OLDEST_D1_Z0_1_repair_em,1343,EM,-41725.802,-0.0015715,0.0,1.34,2260.0
OLDEST_D1_Z0_1_repair_em,1344,EM,-41725.804,-0.0015301,0.0,1.46,2261.4
OLDEST_D1_Z0_1_repair_em,1345,EM,-41725.805,-0.0014936,0.0,1.26,2262.7
OLDEST_D1_Z0_1_repair_em,1346,EM,-41725.807,-0.0014491,0.0,1.36,2264.0
OLDEST_D1_Z0_1_repair_em,1347,EM,-41725.808,-0.0014072,0.0,1.23,2265.3
OLDEST_D1_Z0_1_repair_em,1348,EM,-41725.81,-0.0013657,0.0,1.19,2266.4
OLDEST_D1_Z0_1_repair_em,1349,EM,-41725.811,-0.0013236,0.0,1.19,2267.6
OLDEST_D1_Z0_1_repair_em,1350,EM,-41725.812,-0.0012809,0.0,1.27,2268.9
OLDEST_D1_Z0_1_repair_em,1351,EM,-41725.814,-0.0012378,0.0,1.38,2270.3
OLDEST_D1_Z0_1_repair_em,1352,EM,-41725.815,-0.0011943,0.0,1.69,2272.0
OLDEST_D1_Z0_1_repair_em,1353,EM,-41725.816,-0.0011501,0.0,1.28,2273.2
OLDEST_D1_Z0_1_repair_em,1354,EM,-41725.817,-0.0011056,0.0,1.34,2274.6
OLDEST_D1_Z0_1_repair_em,1355,EM,-41725.818,-0.0010606,0.0,1.1,2275.7
OLDEST_D1_Z0_1_repair_em,1356,EM,-41725.819,-0.0010149,0.0,1.2,2276.9
OLDEST_D1_Z0_1_repair_em,1357,EM,-41725.82,-0.0009689,0.0,1.09,2278.0
OLDEST_D1_Z0_1_repair_em,1358,EM,-41725.821,-0.0009223,0.0,1.07,2279.1
OLDEST_D1_Z0_1_repair_em,1359,EM,-41725.822,-0.0008752,0.0,1.1,2280.2
OLDEST_D1_Z0_1_repair_em,1360,EM,-41725.823,-0.0008278,0.0,1.29,2281.5
OLDEST_D1_Z0_1_repair_em,1361,EM,-41725.823,-0.0007797,0.0,1.14,2282.6
OLDEST_D1_Z0_1_repair_em,1362,EM,-41725.824,-0.0007311,0.0,1.2,2283.8
OLDEST_D1_Z0_1_repair_em,1363,EM,-41725.825,-0.0006821,0.0,1.12,2284.9
OLDEST_D1_Z0_1_repair_em,1364,EM,-41725.825,-0.0006323,0.0,1.09,2286.0
OLDEST_D1_Z0_1_repair_em,1365,EM,-41725.826,-0.0005824,0.0,1.09,2287.1
OLDEST_D1_Z0_1_repair_em,1366,EM,-41725.827,-0.0005319,0.0,1.81,2288.9
OLDEST_D1_Z0_1_repair_em,1367,EM,-41725.827,-0.0004825,0.0,10.91,2299.8
OLDEST_D1_Z0_1_repair_em,1368,EM,-41725.827,-0.0004289,0.0,2.62,2302.4
OLDEST_D1_Z0_1_repair_em,1369,EM,-41725.828,-0.0003776,0.0,1.27,2303.7
OLDEST_D1_Z0_1_repair_em,1370,EM,-41725.828,-0.0003218,0.0,1.34,2305.1
OLDEST_D1_Z0_1_repair_em,1371,EM,-41725.828,-0.000268,0.0,1.34,2306.4
OLDEST_D1_Z0_1_repair_em,1372,EM,-41725.829,-0.0002163,0.0,1.35,2307.8
OLDEST_D1_Z0_1_repair_em,1373,EM,-41725.829,-0.0001652,0.0,1.31,2309.1
OLDEST_D1_Z0_1_repair_em,1374,EM,-41725.829,-0.0001073,0.0,1.34,2310.4
OLDEST_D1_Z0_1_repair_em,1375,EM,-41725.829,-4.55e-05,0.0,1.51,2311.9
OLDEST_D1_Z0_1_repair_em,1376,EM,-41725.829,8.6e-06,0.0,1.18,2313.1
OLDEST_D1_Z0_1_repair_em,1377,EM,-41725.829,6.26e-05,0.0,1.59,2314.7
OLDEST_D1_Z0_1_repair_em,1378,EM,-41725.829,0.0001127,0.0,1.71,2316.4
OLDEST_D1_Z0_1_repair_em,1379,EM,-41725.829,0.0001764,0.0,1.22,2317.6
OLDEST_D1_Z0_1_repair_em,1380,EM,-41725.828,0.000231,0.0,1.07,2318.7
OLDEST_D1_Z0_1_repair_em,1381,EM,-41725.828,0.0002925,0.0,1.55,2320.2
OLDEST_D1_Z0_1_repair_em,1382,EM,-41725.828,0.0003507,0.0,2.1,2322.3
OLDEST_D1_Z0_1_repair_em,1383,EM,-41725.827,0.0004131,0.0,11.33,2333.7
OLDEST_D1_Z0_1_repair_em,1384,EM,-41725.827,0.0004687,0.0,2.72,2336.4
OLDEST_D1_Z0_1_repair_em,1385,EM,-41725.826,0.0005335,0.0,1.52,2337.9
OLDEST_D1_Z0_1_repair_em,1386,EM,-41725.826,0.0005954,0.0,1.34,2339.2
OLDEST_D1_Z0_1_repair_em,1387,EM,-41725.825,0.0006619,0.0,1.78,2341.0
OLDEST_D1_Z0_1_repair_em,1388,EM,-41725.824,0.0007202,0.0,2.02,2343.0
OLDEST_D1_Z0_1_repair_em,1389,EM,-41725.824,0.0007836,0.0,1.45,2344.5
OLDEST_D1_Z0_1_repair_em,1390,EM,-41725.823,0.0008572,0.0,1.53,2346.0
OLDEST_D1_Z0_1_repair_em,1391,EM,-41725.822,0.0009171,0.0,1.95,2348.0
OLDEST_D1_Z0_1_repair_em,1392,EM,-41725.821,0.0009776,0.0,1.55,2349.5
OLDEST_D1_Z0_1_repair_em,1393,EM,-41725.82,0.0010489,0.0,1.4,2350.9
OLDEST_D1_Z0_1_repair_em,1394,EM,-41725.819,0.0011184,0.0,1.62,2352.5
OLDEST_D1_Z0_1_repair_em,1395,EM,-41725.817,0.0011872,0.0,1.55,2354.1
OLDEST_D1_Z0_1_repair_em,1396,EM,-41725.816,0.0012551,0.0,1.69,2355.8
OLDEST_D1_Z0_1_repair_em,1397,EM,-41725.815,0.0013259,0.0,1.34,2357.1
OLDEST_D1_Z0_1_repair_em,1398,EM,-41725.813,0.0013931,0.0,1.85,2359.0
OLDEST_D1_Z0_1_repair_em,1399,EM,-41725.812,0.0014679,0.0,1.29,2360.2
OLDEST_D1_Z0_1_repair_em,1400,EM,-41725.81,0.0015388,0.0,1.73,2362.0
OLDEST_D1_Z0_1_repair_em,1401,EM,-41725.809,0.0016123,0.0,2.92,2364.9
OLDEST_D1_Z0_1_repair_em,1402,EM,-41725.807,0.0016825,0.0,12.04,2376.9
OLDEST_D1_Z0_1_repair_em,1403,EM,-41725.805,0.001758,0.0,2.69,2379.6
OLDEST_D1_Z0_1_repair_em,1404,EM,-41725.804,0.0018368,0.0,1.36,2381.0
OLDEST_D1_Z0_1_repair_em,1405,EM,-41725.802,0.001909,0.0,1.24,2382.2
OLDEST_D1_Z0_1_repair_em,1406,EM,-41725.8,0.0019842,0.0,1.32,2383.5
OLDEST_D1_Z0_1_repair_em,1407,EM,-41725.798,0.0020667,0.0,1.12,2384.7
OLDEST_D1_Z0_1_repair_em,1408,EM,-41725.795,0.0021391,1e-07,1.59,2386.3
OLDEST_D1_Z0_1_repair_em,1409,EM,-41725.793,0.0022193,1e-07,1.23,2387.5
OLDEST_D1_Z0_1_repair_em,1410,EM,-41725.791,0.0023021,1e-07,1.44,2388.9
OLDEST_D1_Z0_1_repair_em,1411,EM,-41725.789,0.0023861,1e-07,1.56,2390.5
OLDEST_D1_Z0_1_repair_em,1412,EM,-41725.786,0.0024637,1e-07,1.77,2392.3
OLDEST_D1_Z0_1_repair_em,1413,EM,-41725.784,0.0025466,1e-07,1.48,2393.7
OLDEST_D1_Z0_1_repair_em,1414,EM,-41725.781,0.0026285,1e-07,1.41,2395.2
OLDEST_D1_Z0_1_repair_em,1415,EM,-41725.778,0.0027135,1e-07,1.7,2396.9
OLDEST_D1_Z0_1_repair_em,1416,EM,-41725.775,0.0027988,1e-07,1.38,2398.2
OLDEST_D1_Z0_1_repair_em,1417,EM,-41725.773,0.0028853,1e-07,1.59,2399.8
OLDEST_D1_Z0_1_repair_em,1418,EM,-41725.77,0.0029719,1e-07,1.31,2401.1
OLDEST_D1_Z0_1_repair_em,1419,EM,-41725.767,0.003056,1e-07,1.44,2402.6
OLDEST_D1_Z0_1_repair_em,1420,EM,-41725.763,0.0031462,1e-07,1.27,2403.9
OLDEST_D1_Z0_1_repair_em,1421,EM,-41725.76,0.0032339,1e-07,1.52,2405.4
OLDEST_D1_Z0_1_repair_em,1422,EM,-41725.757,0.0033205,1e-07,1.51,2406.9
OLDEST_D1_Z0_1_repair_em,1423,EM,-41725.753,0.0034164,1e-07,2.38,2409.3
OLDEST_D1_Z0_1_repair_em,1424,EM,-41725.75,0.0035052,1e-07,12.01,2421.3
OLDEST_D1_Z0_1_repair_em,1425,EM,-41725.746,0.003596,1e-07,2.66,2423.9
OLDEST_D1_Z0_1_repair_em,1426,EM,-41725.743,0.0036881,1e-07,2.38,2426.3
OLDEST_D1_Z0_1_repair_em,1427,EM,-41725.739,0.0037837,1e-07,13.12,2439.4
OLDEST_D1_Z0_1_repair_em,1428,EM,-41725.735,0.003874,1e-07,3.6,2443.0
OLDEST_D1_Z0_1_repair_em,1429,EM,-41725.731,0.0039708,1e-07,2.33,2445.4
OLDEST_D1_Z0_1_repair_em,1430,EM,-41725.727,0.0040578,1e-07,2.48,2447.8
OLDEST_D1_Z0_1_repair_em,1431,EM,-41725.723,0.0041675,1e-07,2.57,2450.4
OLDEST_D1_Z0_1_repair_em,1432,EM,-41725.719,0.0042566,1e-07,1.56,2452.0
OLDEST_D1_Z0_1_repair_em,1433,EM,-41725.714,0.0043556,1e-07,1.3,2453.3
OLDEST_D1_Z0_1_repair_em,1434,EM,-41725.71,0.0044543,1e-07,1.38,2454.7
OLDEST_D1_Z0_1_repair_em,1435,EM,-41725.705,0.0045531,1e-07,1.54,2456.2
OLDEST_D1_Z0_1_repair_em,1436,EM,-41725.701,0.0046441,1e-07,1.38,2457.6
OLDEST_D1_Z0_1_repair_em,1437,EM,-41725.696,0.0047454,1e-07,1.38,2459.0
OLDEST_D1_Z0_1_repair_em,1438,EM,-41725.691,0.0048465,1e-07,1.88,2460.8
OLDEST_D1_Z0_1_repair_em,1439,EM,-41725.686,0.004942,1e-07,1.46,2462.3
OLDEST_D1_Z0_1_repair_em,1440,EM,-41725.681,0.0050424,1e-07,2.29,2464.6
OLDEST_D1_Z0_1_repair_em,1441,EM,-41725.676,0.0051493,1e-07,12.44,2477.0
OLDEST_D1_Z0_1_repair_em,1442,EM,-41725.671,0.0052405,1e-07,3.05,2480.1
OLDEST_D1_Z0_1_repair_em,1443,EM,-41725.665,0.0053403,1e-07,2.62,2482.7
OLDEST_D1_Z0_1_repair_em,1444,EM,-41725.66,0.0054419,1e-07,10.68,2493.4
OLDEST_D1_Z0_1_repair_em,1445,EM,-41725.654,0.0055424,1e-07,2.34,2495.7
OLDEST_D1_Z0_1_repair_em,1446,EM,-41725.649,0.0056381,1e-07,1.82,2497.5
OLDEST_D1_Z0_1_repair_em,1447,EM,-41725.643,0.0057366,1e-07,1.24,2498.8
OLDEST_D1_Z0_1_repair_em,1448,EM,-41725.637,0.0058386,1e-07,2.11,2500.9
OLDEST_D1_Z0_1_repair_em,1449,EM,-41725.631,0.0059348,1e-07,10.82,2511.7
OLDEST_D1_Z0_1_repair_em,1450,EM,-41725.625,0.0060303,1e-07,2.56,2514.3
OLDEST_D1_Z0_1_repair_em,1451,EM,-41725.619,0.0061264,1e-07,1.62,2515.9
OLDEST_D1_Z0_1_repair_em,1452,EM,-41725.613,0.0062287,1e-07,1.28,2517.2
OLDEST_D1_Z0_1_repair_em,1453,EM,-41725.606,0.0063153,2e-07,1.43,2518.6
OLDEST_D1_Z0_1_repair_em,1454,EM,-41725.6,0.0064149,2e-07,1.39,2520.0
OLDEST_D1_Z0_1_repair_em,1455,EM,-41725.593,0.006508,2e-07,1.52,2521.5
OLDEST_D1_Z0_1_repair_em,1456,EM,-41725.587,0.0065987,2e-07,1.52,2523.0
OLDEST_D1_Z0_1_repair_em,1457,EM,-41725.58,0.0066884,2e-07,1.38,2524.4
OLDEST_D1_Z0_1_repair_em,1458,EM,-41725.573,0.0067797,2e-07,1.3,2525.7
OLDEST_D1_Z0_1_repair_em,1459,EM,-41725.567,0.0068662,2e-07,1.24,2527.0
OLDEST_D1_Z0_1_repair_em,1460,EM,-41725.56,0.0069537,2e-07,1.28,2528.3
OLDEST_D1_Z0_1_repair_em,1461,EM,-41725.553,0.007037,2e-07,1.59,2529.9
OLDEST_D1_Z0_1_repair_em,1462,EM,-41725.545,0.0071247,2e-07,1.45,2531.3
OLDEST_D1_Z0_1_repair_em,1463,EM,-41725.538,0.0072036,2e-07,1.27,2532.6
OLDEST_D1_Z0_1_repair_em,1464,EM,-41725.531,0.0072818,2e-07,1.45,2534.0
OLDEST_D1_Z0_1_repair_em,1465,EM,-41725.524,0.0073599,2e-07,1.7,2535.7
OLDEST_D1_Z0_1_repair_em,1466,EM,-41725.516,0.0074347,2e-07,1.38,2537.1
OLDEST_D1_Z0_1_repair_em,1467,EM,-41725.509,0.0075061,2e-07,1.23,2538.3
OLDEST_D1_Z0_1_repair_em,1468,EM,-41725.501,0.0075751,2e-07,1.2,2539.5
OLDEST_D1_Z0_1_repair_em,1469,EM,-41725.493,0.0076431,2e-07,1.3,2540.8
OLDEST_D1_Z0_1_repair_em,1470,EM,-41725.486,0.0077108,2e-07,1.06,2541.9
OLDEST_D1_Z0_1_repair_em,1471,EM,-41725.478,0.0077695,2e-07,1.22,2543.1
OLDEST_D1_Z0_1_repair_em,1472,EM,-41725.47,0.0078299,2e-07,1.31,2544.4
OLDEST_D1_Z0_1_repair_em,1473,EM,-41725.462,0.0078864,2e-07,1.1,2545.5
OLDEST_D1_Z0_1_repair_em,1474,EM,-41725.454,0.00794,2e-07,1.35,2546.9
OLDEST_D1_Z0_1_repair_em,1475,EM,-41725.446,0.0079886,2e-07,1.18,2548.1
OLDEST_D1_Z0_1_repair_em,1476,EM,-41725.438,0.008036,2e-07,1.22,2549.3
OLDEST_D1_Z0_1_repair_em,1477,EM,-41725.43,0.0080792,2e-07,1.61,2550.9
OLDEST_D1_Z0_1_repair_em,1478,EM,-41725.422,0.0081192,2e-07,1.77,2552.7
OLDEST_D1_Z0_1_repair_em,1479,EM,-41725.414,0.0081555,2e-07,1.25,2553.9
OLDEST_D1_Z0_1_repair_em,1480,EM,-41725.406,0.0081884,2e-07,1.27,2555.2
OLDEST_D1_Z0_1_repair_em,1481,EM,-41725.397,0.0082177,2e-07,1.14,2556.3
OLDEST_D1_Z0_1_repair_em,1482,EM,-41725.389,0.0082434,2e-07,1.09,2557.4
OLDEST_D1_Z0_1_repair_em,1483,EM,-41725.381,0.0082652,2e-07,1.17,2558.6
OLDEST_D1_Z0_1_repair_em,1484,EM,-41725.373,0.0082832,2e-07,1.27,2559.8
OLDEST_D1_Z0_1_repair_em,1485,EM,-41725.364,0.0082973,2e-07,1.91,2561.7
OLDEST_D1_Z0_1_repair_em,1486,EM,-41725.356,0.0083032,2e-07,10.03,2571.8
OLDEST_D1_Z0_1_repair_em,1487,EM,-41725.348,0.0083168,2e-07,2.25,2574.0
OLDEST_D1_Z0_1_repair_em,1488,EM,-41725.339,0.0083191,2e-07,1.45,2575.5
OLDEST_D1_Z0_1_repair_em,1489,EM,-41725.331,0.0083175,2e-07,2.55,2578.0
OLDEST_D1_Z0_1_repair_em,1490,EM,-41725.323,0.0083058,2e-07,10.63,2588.7
OLDEST_D1_Z0_1_repair_em,1491,EM,-41725.315,0.0083039,2e-07,2.24,2590.9
OLDEST_D1_Z0_1_repair_em,1492,EM,-41725.306,0.0082904,2e-07,2.41,2593.3
OLDEST_D1_Z0_1_repair_em,1493,EM,-41725.298,0.0082699,2e-07,3.5,2596.8
OLDEST_D1_Z0_1_repair_em,1494,EM,-41725.29,0.0082432,2e-07,13.69,2610.5
OLDEST_D1_Z0_1_repair_em,1495,EM,-41725.281,0.0082209,2e-07,2.78,2613.3
OLDEST_D1_Z0_1_repair_em,1496,EM,-41725.273,0.0081898,2e-07,1.77,2615.0
OLDEST_D1_Z0_1_repair_em,1497,EM,-41725.265,0.0081591,2e-07,2.53,2617.6
OLDEST_D1_Z0_1_repair_em,1498,EM,-41725.257,0.0081207,2e-07,1.52,2619.1
OLDEST_D1_Z0_1_repair_em,1499,EM,-41725.249,0.0080774,2e-07,1.4,2620.5
OLDEST_D1_Z0_1_repair_em,1500,EM,-41725.241,0.0080342,2e-07,1.56,2622.1
OLDEST_D1_Z0_1_repair_em,1501,EM,-41725.233,0.0079846,2e-07,1.43,2623.5
OLDEST_D1_Z0_1_repair_em,1502,EM,-41725.225,0.0079297,2e-07,1.39,2624.9
OLDEST_D1_Z0_1_repair_em,1503,EM,-41725.217,0.007878,2e-07,1.28,2626.2
OLDEST_D1_Z0_1_repair_em,1504,EM,-41725.209,0.0078246,2e-07,1.94,2628.1
OLDEST_D1_Z0_1_repair_em,1505,EM,-41725.202,0.0077571,2e-07,1.65,2629.7
OLDEST_D1_Z0_1_repair_em,1506,EM,-41725.194,0.0076911,2e-07,1.74,2631.5
OLDEST_D1_Z0_1_repair_em,1507,EM,-41725.186,0.0076175,2e-07,1.78,2633.3
OLDEST_D1_Z0_1_repair_em,1508,EM,-41725.179,0.0075453,2e-07,1.73,2635.0
OLDEST_D1_Z0_1_repair_em,1509,EM,-41725.171,0.0074719,2e-07,1.87,2636.9
OLDEST_D1_Z0_1_repair_em,1510,EM,-41725.164,0.0073916,2e-07,1.95,2638.8
OLDEST_D1_Z0_1_repair_em,1511,EM,-41725.157,0.0073084,2e-07,1.76,2640.6
OLDEST_D1_Z0_1_repair_em,1512,EM,-41725.149,0.0072202,2e-07,2.12,2642.7
OLDEST_D1_Z0_1_repair_em,1513,EM,-41725.142,0.0071321,2e-07,1.6,2644.3
OLDEST_D1_Z0_1_repair_em,1514,EM,-41725.135,0.007043,2e-07,1.34,2645.6
OLDEST_D1_Z0_1_repair_em,1515,EM,-41725.128,0.0069445,2e-07,4.12,2649.8
OLDEST_D1_Z0_1_repair_em,1516,EM,-41725.121,0.0068464,2e-07,2.44,2652.2
OLDEST_D1_Z0_1_repair_em,1517,EM,-41725.115,0.0067494,2e-07,2.5,2654.7
OLDEST_D1_Z0_1_repair_em,1518,EM,-41725.108,0.0066469,2e-07,3.12,2657.8
OLDEST_D1_Z0_1_repair_em,1519,EM,-41725.101,0.0065396,2e-07,2.31,2660.1
OLDEST_D1_Z0_1_repair_em,1520,EM,-41725.095,0.0064355,2e-07,1.95,2662.1
OLDEST_D1_Z0_1_repair_em,1521,EM,-41725.089,0.0063273,2e-07,1.89,2664.0
OLDEST_D1_Z0_1_repair_em,1522,EM,-41725.082,0.0062155,1e-07,2.01,2666.0
OLDEST_D1_Z0_1_repair_em,1523,EM,-41725.076,0.0061004,1e-07,1.66,2667.6
OLDEST_D1_Z0_1_repair_em,1524,EM,-41725.07,0.0059875,1e-07,1.77,2669.4
OLDEST_D1_Z0_1_repair_em,1525,EM,-41725.064,0.0058689,1e-07,1.67,2671.1
OLDEST_D1_Z0_1_repair_em,1526,EM,-41725.059,0.0057495,1e-07,1.65,2672.7
OLDEST_D1_Z0_1_repair_em,1527,EM,-41725.053,0.0056285,1e-07,1.57,2674.3
OLDEST_D1_Z0_1_repair_em,1528,EM,-41725.048,0.0055058,1e-07,1.27,2675.6
OLDEST_D1_Z0_1_repair_em,1529,EM,-41725.042,0.0053814,1e-07,1.53,2677.1
OLDEST_D1_Z0_1_repair_em,1530,EM,-41725.037,0.0052558,1e-07,1.08,2678.2
OLDEST_D1_Z0_1_repair_em,1531,EM,-41725.032,0.0051279,1e-07,2.19,2680.4
OLDEST_D1_Z0_1_repair_em,1532,EM,-41725.027,0.0049976,1e-07,12.8,2693.2
OLDEST_D1_Z0_1_repair_em,1533,EM,-41725.022,0.0048716,1e-07,2.82,2696.0
OLDEST_D1_Z0_1_repair_em,1534,EM,-41725.017,0.0047385,1e-07,1.67,2697.7
OLDEST_D1_Z0_1_repair_em,1535,EM,-41725.013,0.0046035,1e-07,1.5,2699.2
OLDEST_D1_Z0_1_repair_em,1536,EM,-41725.008,0.0044736,1e-07,2.1,2701.3
OLDEST_D1_Z0_1_repair_em,1537,EM,-41725.004,0.0043484,1e-07,1.84,2703.1
OLDEST_D1_Z0_1_repair_em,1538,EM,-41725.0,0.004212,1e-07,1.32,2704.4
OLDEST_D1_Z0_1_repair_em,1539,EM,-41724.995,0.0040814,1e-07,1.9,2706.3
OLDEST_D1_Z0_1_repair_em,1540,EM,-41724.992,0.0039481,1e-07,1.72,2708.0
OLDEST_D1_Z0_1_repair_em,1541,EM,-41724.988,0.0038238,1e-07,1.88,2709.9
OLDEST_D1_Z0_1_repair_em,1542,EM,-41724.984,0.003703,1e-07,1.59,2711.5
OLDEST_D1_Z0_1_repair_em,1543,EM,-41724.98,0.003587,1e-07,1.22,2712.7
OLDEST_D1_Z0_1_repair_em,1544,EM,-41724.977,0.0034781,1e-07,1.35,2714.1
OLDEST_D1_Z0_1_repair_em,1545,EM,-41724.974,0.0033837,1e-07,3.21,2717.3
OLDEST_D1_Z0_1_repair_em,1546,EM,-41724.97,0.0033128,1e-07,11.7,2729.0
OLDEST_D1_Z0_1_repair_em,1547,EM,-41724.967,0.0032588,1e-07,3.55,2732.5
OLDEST_D1_Z0_1_repair_em,1548,EM,-41724.964,0.0032542,1e-07,2.09,2734.6
OLDEST_D1_Z0_1_repair_em,1549,EM,-41724.96,0.0032986,1e-07,1.95,2736.6
OLDEST_D1_Z0_1_repair_em,1550,EM,-41724.957,0.0034312,1e-07,1.61,2738.2
OLDEST_D1_Z0_1_repair_em,1551,EM,-41724.953,0.0036761,1e-07,1.51,2739.7
OLDEST_D1_Z0_1_repair_em,1552,EM,-41724.949,0.0040927,1e-07,1.69,2741.4
OLDEST_D1_Z0_1_repair_em,1553,EM,-41724.944,0.0047665,1e-07,1.81,2743.2
OLDEST_D1_Z0_1_repair_em,1554,EM,-41724.939,0.0058175,1e-07,1.84,2745.0
OLDEST_D1_Z0_1_repair_em,1555,EM,-41724.931,0.0074551,2e-07,2.0,2747.0
OLDEST_D1_Z0_1_repair_em,1556,EM,-41724.921,0.009981,2e-07,1.52,2748.6
OLDEST_D1_Z0_1_repair_em,1557,EM,-41724.907,0.0138628,3e-07,1.97,2750.5
OLDEST_D1_Z0_1_repair_em,1558,EM,-41724.888,0.0198113,5e-07,1.81,2752.3
OLDEST_D1_Z0_1_repair_em,1559,EM,-41724.859,0.0288042,7e-07,2.41,2754.8
OLDEST_D1_Z0_1_repair_em,1560,EM,-41724.817,0.0419946,1e-06,12.2,2766.9
OLDEST_D1_Z0_1_repair_em,1561,EM,-41724.757,0.0601877,1.4e-06,2.76,2769.7
OLDEST_D1_Z0_1_repair_em,1562,EM,-41724.674,0.0826008,2e-06,2.07,2771.8
OLDEST_D1_Z0_1_repair_em,1563,EM,-41724.569,0.105211,2.5e-06,1.78,2773.6
OLDEST_D1_Z0_1_repair_em,1564,EM,-41724.448,0.1212137,2.9e-06,1.95,2775.5
OLDEST_D1_Z0_1_repair_em,1565,EM,-41724.322,0.12507,3e-06,1.38,2776.9
OLDEST_D1_Z0_1_repair_em,1566,EM,-41724.205,0.1169922,2.8e-06,1.7,2778.6
OLDEST_D1_Z0_1_repair_em,1567,EM,-41724.104,0.1019033,2.4e-06,1.38,2780.0
OLDEST_D1_Z0_1_repair_em,1568,EM,-41724.019,0.0850429,2e-06,1.37,2781.3
OLDEST_D1_Z0_1_repair_em,1569,EM,-41723.949,0.0695543,1.7e-06,1.33,2782.6
OLDEST_D1_Z0_1_repair_em,1570,EM,-41723.892,0.0566293,1.4e-06,1.3,2783.9
OLDEST_D1_Z0_1_repair_em,1571,EM,-41723.846,0.0463775,1.1e-06,2.41,2786.4
OLDEST_D1_Z0_1_repair_em,1572,EM,-41723.807,0.0384736,9e-07,11.67,2798.0
OLDEST_D1_Z0_1_repair_em,1573,EM,-41723.775,0.0324613,8e-07,2.62,2800.6
OLDEST_D1_Z0_1_repair_em,1574,EM,-41723.747,0.0279393,7e-07,2.0,2802.6
OLDEST_D1_Z0_1_repair_em,1575,EM,-41723.723,0.0245234,6e-07,1.91,2804.6
OLDEST_D1_Z0_1_repair_em,1576,EM,-41723.701,0.021957,5e-07,1.68,2806.2
OLDEST_D1_Z0_1_repair_em,1577,EM,-41723.681,0.0200189,5e-07,1.34,2807.6
OLDEST_D1_Z0_1_repair_em,1578,EM,-41723.662,0.0185505,4e-07,1.48,2809.1
OLDEST_D1_Z0_1_repair_em,1579,EM,-41723.645,0.0174399,4e-07,1.83,2810.9
OLDEST_D1_Z0_1_repair_em,1580,EM,-41723.628,0.0166053,4e-07,1.44,2812.3
OLDEST_D1_Z0_1_repair_em,1581,EM,-41723.612,0.0159827,4e-07,1.8,2814.1
OLDEST_D1_Z0_1_repair_em,1582,EM,-41723.596,0.0155317,4e-07,1.77,2815.9
OLDEST_D1_Z0_1_repair_em,1583,EM,-41723.581,0.015218,4e-07,2.07,2818.0
OLDEST_D1_Z0_1_repair_em,1584,EM,-41723.566,0.0150218,4e-07,2.63,2820.6
OLDEST_D1_Z0_1_repair_em,1585,EM,-41723.551,0.0149273,4e-07,2.16,2822.8
OLDEST_D1_Z0_1_repair_em,1586,EM,-41723.536,0.0149197,4e-07,2.15,2824.9
OLDEST_D1_Z0_1_repair_em,1587,EM,-41723.521,0.0149919,4e-07,1.98,2826.9
OLDEST_D1_Z0_1_repair_em,1588,EM,-41723.506,0.0151355,4e-07,1.91,2828.8
OLDEST_D1_Z0_1_repair_em,1589,EM,-41723.491,0.0153451,4e-07,1.86,2830.6
OLDEST_D1_Z0_1_repair_em,1590,EM,-41723.475,0.0156163,4e-07,1.85,2832.5
OLDEST_D1_Z0_1_repair_em,1591,EM,-41723.459,0.015945,4e-07,1.73,2834.2
OLDEST_D1_Z0_1_repair_em,1592,EM,-41723.443,0.0163299,4e-07,2.37,2836.6
OLDEST_D1_Z0_1_repair_em,1593,EM,-41723.426,0.0167667,4e-07,2.02,2838.6
OLDEST_D1_Z0_1_repair_em,1594,EM,-41723.409,0.0172544,4e-07,1.63,2840.2
OLDEST_D1_Z0_1_repair_em,1595,EM,-41723.391,0.0177915,4e-07,1.82,2842.1
OLDEST_D1_Z0_1_repair_em,1596,EM,-41723.373,0.0183764,4e-07,1.27,2843.3
OLDEST_D1_Z0_1_repair_em,1597,EM,-41723.354,0.0190078,5e-07,1.45,2844.8
OLDEST_D1_Z0_1_repair_em,1598,EM,-41723.334,0.0196856,5e-07,1.23,2846.0
OLDEST_D1_Z0_1_repair_em,1599,EM,-41723.314,0.0204092,5e-07,1.23,2847.2
OLDEST_D1_Z0_1_repair_em,1600,EM,-41723.293,0.0211782,5e-07,1.22,2848.5
OLDEST_D1_Z0_1_repair_em,1601,EM,-41723.271,0.0219925,5e-07,1.77,2850.2
OLDEST_D1_Z0_1_repair_em,1602,EM,-41723.248,0.0228524,5e-07,1.59,2851.8
OLDEST_D1_Z0_1_repair_em,1603,EM,-41723.224,0.0237583,6e-07,1.38,2853.2
OLDEST_D1_Z0_1_repair_em,1604,EM,-41723.199,0.0247106,6e-07,1.19,2854.4
OLDEST_D1_Z0_1_repair_em,1605,EM,-41723.174,0.0257102,6e-07,1.19,2855.6
OLDEST_D1_Z0_1_repair_em,1606,EM,-41723.147,0.0267574,6e-07,1.21,2856.8
OLDEST_D1_Z0_1_repair_em,1607,EM,-41723.119,0.0278535,7e-07,1.19,2858.0
OLDEST_D1_Z0_1_repair_em,1608,EM,-41723.09,0.0289999,7e-07,1.21,2859.2
OLDEST_D1_Z0_1_repair_em,1609,EM,-41723.06,0.0301969,7e-07,1.34,2860.5
OLDEST_D1_Z0_1_repair_em,1610,EM,-41723.028,0.0314464,8e-07,1.42,2861.9
OLDEST_D1_Z0_1_repair_em,1611,EM,-41722.996,0.0327497,8e-07,1.52,2863.5
OLDEST_D1_Z0_1_repair_em,1612,EM,-41722.961,0.0341075,8e-07,1.3,2864.8
OLDEST_D1_Z0_1_repair_em,1613,EM,-41722.926,0.0355216,9e-07,1.36,2866.1
OLDEST_D1_Z0_1_repair_em,1614,EM,-41722.889,0.0369934,9e-07,2.02,2868.1
OLDEST_D1_Z0_1_repair_em,1615,EM,-41722.85,0.0385243,9e-07,11.58,2879.7
OLDEST_D1_Z0_1_repair_em,1616,EM,-41722.81,0.0401161,1e-06,4.22,2883.9
OLDEST_D1_Z0_1_repair_em,1617,EM,-41722.768,0.0417716,1e-06,1.92,2885.9
OLDEST_D1_Z0_1_repair_em,1618,EM,-41722.725,0.0434849,1e-06,1.85,2887.7
OLDEST_D1_Z0_1_repair_em,1619,EM,-41722.68,0.0452691,1.1e-06,1.48,2889.2
OLDEST_D1_Z0_1_repair_em,1620,EM,-41722.633,0.0471115,1.1e-06,1.24,2890.4
OLDEST_D1_Z0_1_repair_em,1621,EM,-41722.584,0.0490229,1.2e-06,1.89,2892.3
OLDEST_D1_Z0_1_repair_em,1622,EM,-41722.533,0.051007,1.2e-06,1.54,2893.9
OLDEST_D1_Z0_1_repair_em,1623,EM,-41722.48,0.0530528,1.3e-06,1.27,2895.1
OLDEST_D1_Z0_1_repair_em,1624,EM,-41722.424,0.0551715,1.3e-06,1.61,2896.7
OLDEST_D1_Z0_1_repair_em,1625,EM,-41722.367,0.0573678,1.4e-06,1.19,2897.9
OLDEST_D1_Z0_1_repair_em,1626,EM,-41722.307,0.0596258,1.4e-06,1.35,2899.3
OLDEST_D1_Z0_1_repair_em,1627,EM,-41722.245,0.0619596,1.5e-06,1.22,2900.5
OLDEST_D1_Z0_1_repair_em,1628,EM,-41722.181,0.0643712,1.5e-06,1.47,2902.0
OLDEST_D1_Z0_1_repair_em,1629,EM,-41722.114,0.0668672,1.6e-06,1.65,2903.6
OLDEST_D1_Z0_1_repair_em,1630,EM,-41722.045,0.0694352,1.7e-06,1.28,2904.9
OLDEST_D1_Z0_1_repair_em,1631,EM,-41721.973,0.0720981,1.7e-06,1.22,2906.1
OLDEST_D1_Z0_1_repair_em,1632,EM,-41721.898,0.0748407,1.8e-06,1.35,2907.5
OLDEST_D1_Z0_1_repair_em,1633,EM,-41721.82,0.077692,1.9e-06,1.42,2908.9
OLDEST_D1_Z0_1_repair_em,1634,EM,-41721.739,0.0806558,1.9e-06,1.38,2910.2
OLDEST_D1_Z0_1_repair_em,1635,EM,-41721.656,0.0837406,2e-06,1.69,2911.9
OLDEST_D1_Z0_1_repair_em,1636,EM,-41721.569,0.0869721,2.1e-06,1.51,2913.4
OLDEST_D1_Z0_1_repair_em,1637,EM,-41721.478,0.0903695,2.2e-06,1.25,2914.7
OLDEST_D1_Z0_1_repair_em,1638,EM,-41721.384,0.0939621,2.3e-06,1.99,2916.7
OLDEST_D1_Z0_1_repair_em,1639,EM,-41721.287,0.0977787,2.3e-06,10.49,2927.2
OLDEST_D1_Z0_1_repair_em,1640,EM,-41721.185,0.1018604,2.4e-06,2.84,2930.0
OLDEST_D1_Z0_1_repair_em,1641,EM,-41721.079,0.1062428,2.5e-06,1.93,2932.0
OLDEST_D1_Z0_1_repair_em,1642,EM,-41720.968,0.1109684,2.7e-06,1.52,2933.5
OLDEST_D1_Z0_1_repair_em,1643,EM,-41720.852,0.1160525,2.8e-06,1.83,2935.3
OLDEST_D1_Z0_1_repair_em,1644,EM,-41720.73,0.1215189,2.9e-06,1.57,2936.9
OLDEST_D1_Z0_1_repair_em,1645,EM,-41720.603,0.127301,3.1e-06,1.65,2938.5
OLDEST_D1_Z0_1_repair_em,1646,EM,-41720.469,0.1332935,3.2e-06,1.39,2939.9
OLDEST_D1_Z0_1_repair_em,1647,EM,-41720.33,0.1393026,3.3e-06,1.36,2941.3
OLDEST_D1_Z0_1_repair_em,1648,EM,-41720.185,0.145009,3.5e-06,1.46,2942.7
OLDEST_D1_Z0_1_repair_em,1649,EM,-41720.035,0.1500382,3.6e-06,1.26,2944.0
OLDEST_D1_Z0_1_repair_em,1650,EM,-41719.881,0.153985,3.7e-06,1.41,2945.4
OLDEST_D1_Z0_1_repair_em,1651,EM,-41719.725,0.1565448,3.8e-06,2.23,2947.6
OLDEST_D1_Z0_1_repair_em,1652,EM,-41719.567,0.1575495,3.8e-06,10.4,2958.0
OLDEST_D1_Z0_1_repair_em,1653,EM,-41719.41,0.1570834,3.8e-06,2.71,2960.7
OLDEST_D1_Z0_1_repair_em,1654,EM,-41719.254,0.1554048,3.7e-06,1.6,2962.3
OLDEST_D1_Z0_1_repair_em,1655,EM,-41719.102,0.1528454,3.7e-06,1.42,2963.8
OLDEST_D1_Z0_1_repair_em,1656,EM,-41718.952,0.1497704,3.6e-06,1.56,2965.3
OLDEST_D1_Z0_1_repair_em,1657,EM,-41718.805,0.1464564,3.5e-06,1.52,2966.8
OLDEST_D1_Z0_1_repair_em,1658,EM,-41718.662,0.1431355,3.4e-06,1.69,2968.5
OLDEST_D1_Z0_1_repair_em,1659,EM,-41718.522,0.1399295,3.4e-06,1.57,2970.1
OLDEST_D1_Z0_1_repair_em,1660,EM,-41718.385,0.1369114,3.3e-06,1.27,2971.4
OLDEST_D1_Z0_1_repair_em,1661,EM,-41718.251,0.1341058,3.2e-06,1.24,2972.6
OLDEST_D1_Z0_1_repair_em,1662,EM,-41718.12,0.1315155,3.2e-06,1.27,2973.9
OLDEST_D1_Z0_1_repair_em,1663,EM,-41717.991,0.1291173,3.1e-06,1.19,2975.1
OLDEST_D1_Z0_1_repair_em,1664,EM,-41717.864,0.1268905,3e-06,1.16,2976.2
OLDEST_D1_Z0_1_repair_em,1665,EM,-41717.739,0.1248132,3e-06,1.2,2977.4
OLDEST_D1_Z0_1_repair_em,1666,EM,-41717.616,0.1228502,2.9e-06,1.18,2978.6
OLDEST_D1_Z0_1_repair_em,1667,EM,-41717.495,0.1209803,2.9e-06,1.23,2979.8
OLDEST_D1_Z0_1_repair_em,1668,EM,-41717.376,0.119195,2.9e-06,1.87,2981.7
OLDEST_D1_Z0_1_repair_em,1669,EM,-41717.259,0.1174487,2.8e-06,9.9,2991.6
OLDEST_D1_Z0_1_repair_em,1670,EM,-41717.143,0.1157424,2.8e-06,2.52,2994.1
OLDEST_D1_Z0_1_repair_em,1671,EM,-41717.029,0.1140724,2.7e-06,1.76,2995.9
OLDEST_D1_Z0_1_repair_em,1672,EM,-41716.916,0.1124209,2.7e-06,1.2,2997.1
OLDEST_D1_Z0_1_repair_em,1673,EM,-41716.805,0.1107869,2.7e-06,1.41,2998.5
OLDEST_D1_Z0_1_repair_em,1674,EM,-41716.696,0.109185,2.6e-06,2.88,3001.4
OLDEST_D1_Z0_1_repair_em,1675,EM,-41716.589,0.1075965,2.6e-06,10.97,3012.3
OLDEST_D1_Z0_1_repair_em,1676,EM,-41716.483,0.1060376,2.5e-06,2.87,3015.2
OLDEST_D1_Z0_1_repair_em,1677,EM,-41716.378,0.1045329,2.5e-06,2.12,3017.3
OLDEST_D1_Z0_1_repair_em,1678,EM,-41716.275,0.1030431,2.5e-06,1.4,3018.7
OLDEST_D1_Z0_1_repair_em,1679,EM,-41716.173,0.1016198,2.4e-06,1.65,3020.4
OLDEST_D1_Z0_1_repair_em,1680,EM,-41716.073,0.1002468,2.4e-06,1.56,3021.9
OLDEST_D1_Z0_1_repair_em,1681,EM,-41715.974,0.0989325,2.4e-06,1.8,3023.7
OLDEST_D1_Z0_1_repair_em,1682,EM,-41715.877,0.097682,2.3e-06,1.77,3025.5
OLDEST_D1_Z0_1_repair_em,1683,EM,-41715.78,0.0964978,2.3e-06,1.65,3027.2
OLDEST_D1_Z0_1_repair_em,1684,EM,-41715.685,0.0953877,2.3e-06,1.29,3028.4
OLDEST_D1_Z0_1_repair_em,1685,EM,-41715.59,0.0943471,2.3e-06,1.32,3029.8
OLDEST_D1_Z0_1_repair_em,1686,EM,-41715.497,0.0933954,2.2e-06,3.1,3032.9
OLDEST_D1_Z0_1_repair_em,1687,EM,-41715.404,0.0925038,2.2e-06,16.29,3049.2
OLDEST_D1_Z0_1_repair_em,1688,EM,-41715.313,0.0917044,2.2e-06,4.59,3053.8
OLDEST_D1_Z0_1_repair_em,1689,EM,-41715.222,0.0909832,2.2e-06,2.98,3056.7
OLDEST_D1_Z0_1_repair_em,1690,EM,-41715.131,0.0903428,2.2e-06,2.52,3059.2
OLDEST_D1_Z0_1_repair_em,1691,EM,-41715.042,0.0897916,2.2e-06,2.95,3062.2
OLDEST_D1_Z0_1_repair_em,1692,EM,-41714.952,0.0893259,2.1e-06,2.33,3064.5
OLDEST_D1_Z0_1_repair_em,1693,EM,-41714.863,0.0889531,2.1e-06,1.6,3066.1
OLDEST_D1_Z0_1_repair_em,1694,EM,-41714.775,0.0886709,2.1e-06,5.41,3071.5
OLDEST_D1_Z0_1_repair_em,1695,EM,-41714.686,0.088484,2.1e-06,17.03,3088.6
OLDEST_D1_Z0_1_repair_em,1696,EM,-41714.598,0.0883946,2.1e-06,5.02,3093.6
OLDEST_D1_Z0_1_repair_em,1697,EM,-41714.509,0.0884065,2.1e-06,3.13,3096.7
OLDEST_D1_Z0_1_repair_em,1698,EM,-41714.421,0.0885265,2.1e-06,3.75,3100.5
OLDEST_D1_Z0_1_repair_em,1699,EM,-41714.332,0.0887431,2.1e-06,3.5,3104.0
OLDEST_D1_Z0_1_repair_em,1700,EM,-41714.243,0.0890688,2.1e-06,2.43,3106.4
OLDEST_D1_Z0_1_repair_em,1701,EM,-41714.154,0.0894975,2.1e-06,1.94,3108.3
OLDEST_D1_Z0_1_repair_em,1702,EM,-41714.064,0.0900306,2.2e-06,5.0,3113.3
OLDEST_D1_Z0_1_repair_em,1703,EM,-41713.973,0.0906641,2.2e-06,22.08,3135.4
OLDEST_D1_Z0_1_repair_em,1704,EM,-41713.882,0.0913882,2.2e-06,8.76,3144.2
OLDEST_D1_Z0_1_repair_em,1705,EM,-41713.789,0.0922116,2.2e-06,4.05,3148.2
OLDEST_D1_Z0_1_repair_em,1706,EM,-41713.696,0.0931043,2.2e-06,4.99,3153.2
OLDEST_D1_Z0_1_repair_em,1707,EM,-41713.602,0.0940598,2.3e-06,3.23,3156.4
OLDEST_D1_Z0_1_repair_em,1708,EM,-41713.507,0.0950774,2.3e-06,3.02,3159.5
OLDEST_D1_Z0_1_repair_em,1709,EM,-41713.411,0.0961229,2.3e-06,3.85,3163.3
OLDEST_D1_Z0_1_repair_em,1710,EM,-41713.314,0.0971903,2.3e-06,2.51,3165.8
OLDEST_D1_Z0_1_repair_em,1711,EM,-41713.215,0.0982556,2.4e-06,3.02,3168.8
OLDEST_D1_Z0_1_repair_em,1712,EM,-41713.116,0.099292,2.4e-06,3.42,3172.3
OLDEST_D1_Z0_1_repair_em,1713,EM,-41713.016,0.1002987,2.4e-06,3.05,3175.3
OLDEST_D1_Z0_1_repair_em,1714,EM,-41712.915,0.1012477,2.4e-06,2.46,3177.8
OLDEST_D1_Z0_1_repair_em,1715,EM,-41712.813,0.1021209,2.4e-06,2.4,3180.2
OLDEST_D1_Z0_1_repair_em,1716,EM,-41712.71,0.1029136,2.5e-06,2.24,3182.4
OLDEST_D1_Z0_1_repair_em,1717,EM,-41712.606,0.10361,2.5e-06,2.39,3184.8
OLDEST_D1_Z0_1_repair_em,1718,EM,-41712.502,0.1042162,2.5e-06,2.57,3187.4
OLDEST_D1_Z0_1_repair_em,1719,EM,-41712.397,0.1047221,2.5e-06,2.09,3189.5
OLDEST_D1_Z0_1_repair_em,1720,EM,-41712.292,0.1051361,2.5e-06,4.11,3193.6
OLDEST_D1_Z0_1_repair_em,1721,EM,-41712.186,0.1054652,2.5e-06,1.84,3195.4
OLDEST_D1_Z0_1_repair_em,1722,EM,-41712.081,0.1057215,2.5e-06,3.22,3198.6
OLDEST_D1_Z0_1_repair_em,1723,EM,-41711.975,0.1059151,2.5e-06,17.34,3216.0
OLDEST_D1_Z0_1_repair_em,1724,EM,-41711.869,0.1060653,2.5e-06,5.36,3221.3
OLDEST_D1_Z0_1_repair_em,1725,EM,-41711.763,0.1061842,2.5e-06,2.38,3223.7
OLDEST_D1_Z0_1_repair_em,1726,EM,-41711.656,0.1062839,2.5e-06,3.05,3226.8
OLDEST_D1_Z0_1_repair_em,1727,EM,-41711.55,0.1063788,2.6e-06,2.17,3228.9
OLDEST_D1_Z0_1_repair_em,1728,EM,-41711.443,0.1064796,2.6e-06,2.83,3231.8
OLDEST_D1_Z0_1_repair_em,1729,EM,-41711.337,0.1065907,2.6e-06,6.14,3237.9
OLDEST_D1_Z0_1_repair_em,1730,EM,-41711.23,0.1067173,2.6e-06,3.57,3241.5
OLDEST_D1_Z0_1_repair_em,1731,EM,-41711.123,0.1068568,2.6e-06,2.27,3243.7
OLDEST_D1_Z0_1_repair_em,1732,EM,-41711.016,0.1070038,2.6e-06,3.53,3247.3
OLDEST_D1_Z0_1_repair_em,1733,EM,-41710.909,0.1071512,2.6e-06,18.23,3265.5
OLDEST_D1_Z0_1_repair_em,1734,EM,-41710.802,0.1072879,2.6e-06,6.59,3272.1
OLDEST_D1_Z0_1_repair_em,1735,EM,-41710.694,0.1074074,2.6e-06,3.05,3275.1
OLDEST_D1_Z0_1_repair_em,1736,EM,-41710.587,0.1074885,2.6e-06,2.13,3277.3
OLDEST_D1_Z0_1_repair_em,1737,EM,-41710.479,0.1075353,2.6e-06,2.91,3280.2
OLDEST_D1_Z0_1_repair_em,1738,EM,-41710.372,0.1075315,2.6e-06,2.89,3283.1
OLDEST_D1_Z0_1_repair_em,1739,EM,-41710.264,0.1074815,2.6e-06,3.71,3286.8
OLDEST_D1_Z0_1_repair_em,1740,EM,-41710.157,0.1073864,2.6e-06,3.07,3289.9
OLDEST_D1_Z0_1_repair_em,1741,EM,-41710.05,0.1072511,2.6e-06,2.92,3292.8
OLDEST_D1_Z0_1_repair_em,1742,EM,-41709.943,0.1070897,2.6e-06,2.41,3295.2
OLDEST_D1_Z0_1_repair_em,1743,EM,-41709.836,0.1069092,2.6e-06,2.23,3297.4
OLDEST_D1_Z0_1_repair_em,1744,EM,-41709.729,0.1067344,2.6e-06,2.51,3299.9
OLDEST_D1_Z0_1_repair_em,1745,EM,-41709.622,0.1065804,2.6e-06,2.12,3302.0
OLDEST_D1_Z0_1_repair_em,1746,EM,-41709.516,0.1064641,2.6e-06,2.27,3304.3
OLDEST_D1_Z0_1_repair_em,1747,EM,-41709.41,0.1064041,2.6e-06,1.81,3306.1
OLDEST_D1_Z0_1_repair_em,1748,EM,-41709.303,0.1064207,2.6e-06,1.96,3308.1
OLDEST_D1_Z0_1_repair_em,1749,EM,-41709.197,0.1065291,2.6e-06,1.91,3310.0
OLDEST_D1_Z0_1_repair_em,1750,EM,-41709.09,0.1067458,2.6e-06,1.83,3311.8
OLDEST_D1_Z0_1_repair_em,1751,EM,-41708.983,0.1070837,2.6e-06,1.79,3313.6
OLDEST_D1_Z0_1_repair_em,1752,EM,-41708.875,0.1075612,2.6e-06,1.84,3315.5
OLDEST_D1_Z0_1_repair_em,1753,EM,-41708.767,0.1081798,2.6e-06,2.1,3317.6
OLDEST_D1_Z0_1_repair_em,1754,EM,-41708.658,0.1089476,2.6e-06,2.82,3320.4
OLDEST_D1_Z0_1_repair_em,1755,EM,-41708.548,0.1098669,2.6e-06,13.62,3334.0
OLDEST_D1_Z0_1_repair_em,1756,EM,-41708.437,0.1109369,2.7e-06,3.6,3337.6
OLDEST_D1_Z0_1_repair_em,1757,EM,-41708.325,0.112142,2.7e-06,1.55,3339.1
OLDEST_D1_Z0_1_repair_em,1758,EM,-41708.212,0.1134711,2.7e-06,2.35,3341.5
OLDEST_D1_Z0_1_repair_em,1759,EM,-41708.097,0.1148946,2.8e-06,1.7,3343.2
OLDEST_D1_Z0_1_repair_em,1760,EM,-41707.98,0.1163771,2.8e-06,1.91,3345.1
OLDEST_D1_Z0_1_repair_em,1761,EM,-41707.863,0.1178802,2.8e-06,1.72,3346.8
OLDEST_D1_Z0_1_repair_em,1762,EM,-41707.743,0.1193405,2.9e-06,1.3,3348.1
OLDEST_D1_Z0_1_repair_em,1763,EM,-41707.622,0.120697,2.9e-06,1.72,3349.8
OLDEST_D1_Z0_1_repair_em,1764,EM,-41707.501,0.1218678,2.9e-06,2.52,3352.4
OLDEST_D1_Z0_1_repair_em,1765,EM,-41707.378,0.1227697,2.9e-06,1.57,3353.9
OLDEST_D1_Z0_1_repair_em,1766,EM,-41707.255,0.1233089,3e-06,1.63,3355.6
OLDEST_D1_Z0_1_repair_em,1767,EM,-41707.131,0.1234003,3e-06,1.94,3357.5
OLDEST_D1_Z0_1_repair_em,1768,EM,-41707.008,0.122966,2.9e-06,2.05,3359.5
OLDEST_D1_Z0_1_repair_em,1769,EM,-41706.886,0.1219682,2.9e-06,1.93,3361.5
OLDEST_D1_Z0_1_repair_em,1770,EM,-41706.766,0.1203977,2.9e-06,1.84,3363.3
OLDEST_D1_Z0_1_repair_em,1771,EM,-41706.648,0.1182957,2.8e-06,1.83,3365.1
OLDEST_D1_Z0_1_repair_em,1772,EM,-41706.532,0.1157511,2.8e-06,1.39,3366.5
OLDEST_D1_Z0_1_repair_em,1773,EM,-41706.419,0.1129085,2.7e-06,1.16,3367.7
OLDEST_D1_Z0_1_repair_em,1774,EM,-41706.309,0.1099499,2.6e-06,2.08,3369.8
OLDEST_D1_Z0_1_repair_em,1775,EM,-41706.202,0.1071121,2.6e-06,14.05,3383.8
OLDEST_D1_Z0_1_repair_em,1776,EM,-41706.097,0.1046712,2.5e-06,13.55,3397.4
OLDEST_D1_Z0_1_repair_em,1777,EM,-41705.994,0.1029603,2.5e-06,3.91,3401.3
OLDEST_D1_Z0_1_repair_em,1778,EM,-41705.892,0.1023619,2.5e-06,1.73,3403.0
OLDEST_D1_Z0_1_repair_em,1779,EM,-41705.788,0.1033162,2.5e-06,2.21,3405.2
OLDEST_D1_Z0_1_repair_em,1780,EM,-41705.682,0.1063198,2.5e-06,1.01,3406.2
OLDEST_D1_Z0_1_repair_em,1781,EM,-41705.57,0.1118778,2.7e-06,3.04,3409.3
OLDEST_D1_Z0_1_repair_em,1782,EM,-41705.45,0.1204193,2.9e-06,2.2,3411.5
OLDEST_D1_Z0_1_repair_em,1783,EM,-41705.318,0.1320981,3.2e-06,2.54,3414.0
OLDEST_D1_Z0_1_repair_em,1784,EM,-41705.171,0.1464593,3.5e-06,1.89,3415.9
OLDEST_D1_Z0_1_repair_em,1785,EM,-41705.009,0.1620677,3.9e-06,2.87,3418.8
OLDEST_D1_Z0_1_repair_em,1786,EM,-41704.833,0.1764509,4.2e-06,14.22,3433.0
OLDEST_D1_Z0_1_repair_em,1787,EM,-41704.646,0.1867537,4.5e-06,4.39,3437.4
OLDEST_D1_Z0_1_repair_em,1788,EM,-41704.455,0.1910225,4.6e-06,16.98,3454.4
OLDEST_D1_Z0_1_repair_em,1789,EM,-41704.266,0.1890998,4.5e-06,16.4,3470.8
OLDEST_D1_Z0_1_repair_em,1790,EM,-41704.083,0.1825441,4.4e-06,4.13,3474.9
OLDEST_D1_Z0_1_repair_em,1791,EM,-41703.91,0.1736155,4.2e-06,2.77,3477.7
OLDEST_D1_Z0_1_repair_em,1792,EM,-41703.745,0.1643627,3.9e-06,3.52,3481.2
OLDEST_D1_Z0_1_repair_em,1793,EM,-41703.589,0.1561696,3.7e-06,16.65,3497.9
OLDEST_D1_Z0_1_repair_em,1794,EM,-41703.439,0.1497382,3.6e-06,4.23,3502.1
OLDEST_D1_Z0_1_repair_em,1795,EM,-41703.294,0.1452563,3.5e-06,3.05,3505.1
OLDEST_D1_Z0_1_repair_em,1796,EM,-41703.152,0.1425734,3.4e-06,3.95,3509.1
OLDEST_D1_Z0_1_repair_em,1797,EM,-41703.01,0.1413695,3.4e-06,2.17,3511.2
OLDEST_D1_Z0_1_repair_em,1798,EM,-41702.869,0.141258,3.4e-06,2.42,3513.7
OLDEST_D1_Z0_1_repair_em,1799,EM,-41702.727,0.141855,3.4e-06,2.6,3516.3
OLDEST_D1_Z0_1_repair_em,1800,EM,-41702.584,0.1428204,3.4e-06,3.51,3519.8
OLDEST_D1_Z0_1_repair_em,1801,EM,-41702.44,0.143866,3.4e-06,2.33,3522.1
OLDEST_D1_Z0_1_repair_em,1802,EM,-41702.296,0.1447546,3.5e-06,2.34,3524.5
OLDEST_D1_Z0_1_repair_em,1803,EM,-41702.15,0.1453184,3.5e-06,2.18,3526.6
OLDEST_D1_Z0_1_repair_em,1804,EM,-41702.005,0.1454423,3.5e-06,1.74,3528.4
OLDEST_D1_Z0_1_repair_em,1805,EM,-41701.86,0.1450725,3.5e-06,1.77,3530.1
OLDEST_D1_Z0_1_repair_em,1806,EM,-41701.716,0.1442001,3.5e-06,1.34,3531.5
OLDEST_D1_Z0_1_repair_em,1807,EM,-41701.573,0.1428585,3.4e-06,1.52,3533.0
OLDEST_D1_Z0_1_repair_em,1808,EM,-41701.432,0.1411104,3.4e-06,1.46,3534.5
OLDEST_D1_Z0_1_repair_em,1809,EM,-41701.293,0.1390281,3.3e-06,1.79,3536.2
OLDEST_D1_Z0_1_repair_em,1810,EM,-41701.156,0.1366907,3.3e-06,2.02,3538.3
OLDEST_D1_Z0_1_repair_em,1811,EM,-41701.022,0.1341691,3.2e-06,3.16,3541.4
OLDEST_D1_Z0_1_repair_em,1812,EM,-41700.89,0.1315252,3.2e-06,14.97,3556.4
OLDEST_D1_Z0_1_repair_em,1813,EM,-41700.761,0.1288129,3.1e-06,6.83,3563.2
OLDEST_D1_Z0_1_repair_em,1814,EM,-41700.635,0.1260701,3e-06,18.03,3581.3
OLDEST_D1_Z0_1_repair_em,1815,EM,-41700.512,0.1233193,3e-06,5.13,3586.4
OLDEST_D1_Z0_1_repair_em,1816,EM,-41700.392,0.1205894,2.9e-06,3.71,3590.1
OLDEST_D1_Z0_1_repair_em,1817,EM,-41700.274,0.1178888,2.8e-06,3.48,3593.6
OLDEST_D1_Z0_1_repair_em,1818,EM,-41700.158,0.1152217,2.8e-06,2.57,3596.2
OLDEST_D1_Z0_1_repair_em,1819,EM,-41700.046,0.1125906,2.7e-06,2.68,3598.8
OLDEST_D1_Z0_1_repair_em,1820,EM,-41699.936,0.1099947,2.6e-06,2.56,3601.4
OLDEST_D1_Z0_1_repair_em,1821,EM,-41699.828,0.1074341,2.6e-06,2.41,3603.8
OLDEST_D1_Z0_1_repair_em,1822,EM,-41699.723,0.1049056,2.5e-06,2.19,3606.0
OLDEST_D1_Z0_1_repair_em,1823,EM,-41699.621,0.102398,2.5e-06,2.31,3608.3
OLDEST_D1_Z0_1_repair_em,1824,EM,-41699.521,0.0999139,2.4e-06,2.12,3610.4
OLDEST_D1_Z0_1_repair_em,1825,EM,-41699.424,0.0974448,2.3e-06,3.73,3614.2
OLDEST_D1_Z0_1_repair_em,1826,EM,-41699.329,0.0949851,2.3e-06,18.12,3632.3
OLDEST_D1_Z0_1_repair_em,1827,EM,-41699.236,0.0925322,2.2e-06,3.81,3636.1
OLDEST_D1_Z0_1_repair_em,1828,EM,-41699.146,0.0900807,2.2e-06,2.85,3638.9
OLDEST_D1_Z0_1_repair_em,1829,EM,-41699.059,0.0876221,2.1e-06,1.95,3640.9
OLDEST_D1_Z0_1_repair_em,1830,EM,-41698.973,0.0851678,2e-06,1.84,3642.7
OLDEST_D1_Z0_1_repair_em,1831,EM,-41698.891,0.0826994,2e-06,2.83,3645.6
OLDEST_D1_Z0_1_repair_em,1832,EM,-41698.81,0.0802187,1.9e-06,1.97,3647.5
OLDEST_D1_Z0_1_repair_em,1833,EM,-41698.733,0.0777282,1.9e-06,2.2,3649.7
OLDEST_D1_Z0_1_repair_em,1834,EM,-41698.657,0.0752202,1.8e-06,3.27,3653.0
OLDEST_D1_Z0_1_repair_em,1835,EM,-41698.585,0.0727016,1.7e-06,38.48,3691.5
OLDEST_D1_Z0_1_repair_em,1836,EM,-41698.515,0.0701704,1.7e-06,4.62,3696.1
OLDEST_D1_Z0_1_repair_em,1837,EM,-41698.447,0.067624,1.6e-06,3.28,3699.4
OLDEST_D1_Z0_1_repair_em,1838,EM,-41698.382,0.0650573,1.6e-06,2.79,3702.2
OLDEST_D1_Z0_1_repair_em,1839,EM,-41698.319,0.0624952,1.5e-06,2.97,3705.1
OLDEST_D1_Z0_1_repair_em,1840,EM,-41698.26,0.0599175,1.4e-06,1.78,3706.9
OLDEST_D1_Z0_1_repair_em,1841,EM,-41698.202,0.0573366,1.4e-06,2.85,3709.8
OLDEST_D1_Z0_1_repair_em,1842,EM,-41698.147,0.0547549,1.3e-06,3.34,3713.1
OLDEST_D1_Z0_1_repair_em,1843,EM,-41698.095,0.0521748,1.3e-06,17.78,3730.9
OLDEST_D1_Z0_1_repair_em,1844,EM,-41698.046,0.0496117,1.2e-06,4.9,3735.8
OLDEST_D1_Z0_1_repair_em,1845,EM,-41697.999,0.0470503,1.1e-06,3.13,3738.9
OLDEST_D1_Z0_1_repair_em,1846,EM,-41697.954,0.0445161,1.1e-06,2.91,3741.8
OLDEST_D1_Z0_1_repair_em,1847,EM,-41697.912,0.0419988,1e-06,3.09,3744.9
OLDEST_D1_Z0_1_repair_em,1848,EM,-41697.873,0.0395178,9e-07,2.37,3747.3
OLDEST_D1_Z0_1_repair_em,1849,EM,-41697.835,0.037073,9e-07,5.29,3752.6
OLDEST_D1_Z0_1_repair_em,1850,EM,-41697.801,0.0346666,8e-07,2.78,3755.3
OLDEST_D1_Z0_1_repair_em,1851,EM,-41697.768,0.0323149,8e-07,2.77,3758.1
OLDEST_D1_Z0_1_repair_em,1852,EM,-41697.738,0.0300162,7e-07,2.7,3760.8
OLDEST_D1_Z0_1_repair_em,1853,EM,-41697.711,0.0277792,7e-07,3.06,3763.9
OLDEST_D1_Z0_1_repair_em,1854,EM,-41697.685,0.0256082,6e-07,2.76,3766.6
OLDEST_D1_Z0_1_repair_em,1855,EM,-41697.662,0.0235127,6e-07,2.59,3769.2
OLDEST_D1_Z0_1_repair_em,1856,EM,-41697.64,0.0214931,5e-07,2.34,3771.6
OLDEST_D1_Z0_1_repair_em,1857,EM,-41697.621,0.0195566,5e-07,4.38,3775.9
OLDEST_D1_Z0_1_repair_em,1858,EM,-41697.603,0.0177052,4e-07,23.26,3799.2
OLDEST_D1_Z0_1_repair_em,1859,EM,-41697.587,0.0159484,4e-07,17.51,3816.7
OLDEST_D1_Z0_1_repair_em,1860,EM,-41697.573,0.0142809,3e-07,3.5,3820.2
OLDEST_D1_Z0_1_repair_em,1861,EM,-41697.56,0.0127122,3e-07,2.76,3823.0
OLDEST_D1_Z0_1_repair_em,1862,EM,-41697.549,0.011229,3e-07,2.58,3825.5
OLDEST_D1_Z0_1_repair_em,1863,EM,-41697.539,0.0098521,2e-07,2.02,3827.6
OLDEST_D1_Z0_1_repair_em,1864,EM,-41697.53,0.0085756,2e-07,2.37,3829.9
OLDEST_D1_Z0_1_repair_em,1865,EM,-41697.523,0.0073867,2e-07,1.89,3831.8
OLDEST_D1_Z0_1_repair_em,1866,EM,-41697.517,0.0062876,2e-07,1.63,3833.4
OLDEST_D1_Z0_1_repair_em,1867,EM,-41697.511,0.0052933,1e-07,1.84,3835.3
OLDEST_D1_Z0_1_repair_em,1868,EM,-41697.507,0.0043851,1e-07,1.97,3837.3
OLDEST_D1_Z0_1_repair_em,1869,EM,-41697.503,0.0035466,1e-07,2.08,3839.3
OLDEST_D1_Z0_1_repair_em,1870,EM,-41697.501,0.0028068,1e-07,1.26,3840.6
OLDEST_D1_Z0_1_repair_em,1871,EM,-41697.498,0.0021384,1e-07,1.64,3842.2
OLDEST_D1_Z0_1_repair_em,1872,EM,-41697.497,0.0015407,0.0,1.46,3843.7
OLDEST_D1_Z0_1_repair_em,1873,EM,-41697.496,0.0010097,0.0,1.83,3845.5
OLDEST_D1_Z0_1_repair_em,1874,EM,-41697.495,0.0005412,0.0,1.63,3847.2
OLDEST_D1_Z0_1_repair_em,1875,EM,-41697.495,0.0001284,0.0,1.38,3848.5
OLDEST_D1_Z0_1_repair_em,1876,EM,-41697.495,-0.000234,0.0,2.53,3851.1
OLDEST_D1_Z0_1_repair_em,1877,EM,-41697.496,-0.0005483,0.0,25.48,3876.5
OLDEST_D1_Z0_1_repair_em,1878,EM,-41697.497,-0.0008214,0.0,4.19,3880.7
OLDEST_D1_Z0_1_repair_em,1879,EM,-41697.498,-0.001062,0.0,2.4,3883.1
OLDEST_D1_Z0_1_repair_em,1880,EM,-41697.499,-0.001269,0.0,1.34,3884.5
OLDEST_D1_Z0_1_repair_em,1881,EM,-41697.501,-0.0014639,0.0,2.04,3886.5
OLDEST_D1_Z0_1_repair_em,1882,EM,-41697.502,-0.0016124,0.0,3.09,3889.6
OLDEST_D1_Z0_1_repair_em,1883,EM,-41697.504,-0.001748,0.0,2.73,3892.3
OLDEST_D1_Z0_1_repair_em,1884,EM,-41697.506,-0.001886,0.0,3.92,3896.3
OLDEST_D1_Z0_1_repair_em,1885,EM,-41697.508,-0.0019993,0.0,20.28,3916.5
OLDEST_D1_Z0_1_repair_em,1886,EM,-41697.51,-0.0021072,-1e-07,4.38,3920.9
OLDEST_D1_Z0_1_repair_em,1887,EM,-41697.512,-0.0022147,-1e-07,1.38,3922.3
OLDEST_D1_Z0_1_repair_em,1888,EM,-41697.514,-0.0023077,-1e-07,1.78,3924.1
OLDEST_D1_Z0_1_repair_em,1889,EM,-41697.517,-0.0024118,-1e-07,1.84,3925.9
OLDEST_D1_Z0_1_repair_em,1890,EM,-41697.519,-0.0025068,-1e-07,2.54,3928.5
OLDEST_D1_Z0_1_repair_em,1891,EM,-41697.522,-0.0026087,-1e-07,1.91,3930.4
OLDEST_D1_Z0_1_repair_em,1892,EM,-41697.525,-0.0027095,-1e-07,1.66,3932.0
OLDEST_D1_Z0_1_repair_em,1893,EM,-41697.527,-0.0028296,-1e-07,2.19,3934.2
OLDEST_D1_Z0_1_repair_em,1894,EM,-41697.53,-0.0029332,-1e-07,2.14,3936.4
OLDEST_D1_Z0_1_repair_em,1895,EM,-41697.533,-0.0030583,-1e-07,1.6,3938.0
OLDEST_D1_Z0_1_repair_em,1896,EM,-41697.537,-0.0031868,-1e-07,1.44,3939.4
OLDEST_D1_Z0_1_repair_em,1897,EM,-41697.54,-0.0033214,-1e-07,1.66,3941.1
OLDEST_D1_Z0_1_repair_em,1898,EM,-41697.543,-0.0034639,-1e-07,1.55,3942.6
OLDEST_D1_Z0_1_repair_em,1899,EM,-41697.547,-0.0036142,-1e-07,2.35,3945.0
OLDEST_D1_Z0_1_repair_em,1900,EM,-41697.551,-0.003772,-1e-07,15.74,3960.7
OLDEST_D1_Z0_1_repair_em,1901,EM,-41697.555,-0.0039348,-1e-07,3.45,3964.1
OLDEST_D1_Z0_1_repair_em,1902,EM,-41697.559,-0.0041084,-1e-07,2.3,3966.5
OLDEST_D1_Z0_1_repair_em,1903,EM,-41697.563,-0.0042958,-1e-07,2.23,3968.7
OLDEST_D1_Z0_1_repair_em,1904,EM,-41697.568,-0.0044772,-1e-07,1.89,3970.6
OLDEST_D1_Z0_1_repair_em,1905,EM,-41697.572,-0.0046708,-1e-07,1.55,3972.1
OLDEST_D1_Z0_1_repair_em,1906,EM,-41697.577,-0.0048678,-1e-07,1.8,3973.9
OLDEST_D1_Z0_1_repair_em,1907,EM,-41697.582,-0.0050855,-1e-07,1.95,3975.9
OLDEST_D1_Z0_1_repair_em,1908,EM,-41697.588,-0.0052951,-1e-07,2.08,3978.0
OLDEST_D1_Z0_1_repair_em,1909,EM,-41697.593,-0.0055126,-1e-07,1.92,3979.9
OLDEST_D1_Z0_1_repair_em,1910,EM,-41697.599,-0.0057408,-1e-07,2.13,3982.0
OLDEST_D1_Z0_1_repair_em,1911,EM,-41697.605,-0.0059675,-1e-07,18.62,4000.6
OLDEST_D1_Z0_1_repair_em,1912,EM,-41697.611,-0.0062022,-1e-07,3.02,4003.6
OLDEST_D1_Z0_1_repair_em,1913,EM,-41697.617,-0.0064386,-2e-07,2.14,4005.8
OLDEST_D1_Z0_1_repair_em,1914,EM,-41697.624,-0.0066846,-2e-07,1.2,4007.0
OLDEST_D1_Z0_1_repair_em,1915,EM,-41697.631,-0.0069319,-2e-07,2.12,4009.1
OLDEST_D1_Z0_1_repair_em,1916,EM,-41697.638,-0.007183,-2e-07,1.94,4011.0
OLDEST_D1_Z0_1_repair_em,1917,EM,-41697.646,-0.0074355,-2e-07,1.38,4012.4
OLDEST_D1_Z0_1_repair_em,1918,EM,-41697.653,-0.007698,-2e-07,1.52,4013.9
OLDEST_D1_Z0_1_repair_em,1919,EM,-41697.661,-0.0079476,-2e-07,1.8,4015.7
OLDEST_D1_Z0_1_repair_em,1920,EM,-41697.67,-0.0082094,-2e-07,1.34,4017.1
OLDEST_D1_Z0_1_repair_em,1921,EM,-41697.678,-0.0084741,-2e-07,1.61,4018.7
OLDEST_D1_Z0_1_repair_em,1922,EM,-41697.687,-0.0087333,-2e-07,1.84,4020.5
OLDEST_D1_Z0_1_repair_em,1923,EM,-41697.696,-0.0090079,-2e-07,1.64,4022.2
OLDEST_D1_Z0_1_repair_em,1924,EM,-41697.705,-0.0092623,-2e-07,1.61,4023.8
OLDEST_D1_Z0_1_repair_em,1925,EM,-41697.715,-0.0095305,-2e-07,2.8,4026.6
OLDEST_D1_Z0_1_repair_em,1926,EM,-41697.724,-0.0097976,-2e-07,11.87,4038.5
OLDEST_D1_Z0_1_repair_em,1927,EM,-41697.734,-0.0100716,-2e-07,3.7,4042.2
OLDEST_D1_Z0_1_repair_em,1928,EM,-41697.745,-0.0103357,-2e-07,13.25,4055.4
OLDEST_D1_Z0_1_repair_em,1929,EM,-41697.755,-0.0106047,-3e-07,3.72,4059.1
OLDEST_D1_Z0_1_repair_em,1930,EM,-41697.766,-0.0108757,-3e-07,1.96,4061.1
OLDEST_D1_Z0_1_repair_em,1931,EM,-41697.777,-0.0111437,-3e-07,1.82,4062.9
OLDEST_D1_Z0_1_repair_em,1932,EM,-41697.789,-0.0114125,-3e-07,2.18,4065.1
OLDEST_D1_Z0_1_repair_em,1933,EM,-41697.8,-0.0116761,-3e-07,1.56,4066.6
OLDEST_D1_Z0_1_repair_em,1934,EM,-41697.812,-0.0119482,-3e-07,1.3,4068.0
OLDEST_D1_Z0_1_repair_em,1935,EM,-41697.825,-0.0122118,-3e-07,1.39,4069.3
OLDEST_D1_Z0_1_repair_em,1936,EM,-41697.837,-0.0124765,-3e-07,2.1,4071.4
OLDEST_D1_Z0_1_repair_em,1937,EM,-41697.85,-0.0127414,-3e-07,1.3,4072.7
OLDEST_D1_Z0_1_repair_em,1938,EM,-41697.863,-0.0130059,-3e-07,2.22,4075.0
OLDEST_D1_Z0_1_repair_em,1939,EM,-41697.876,-0.0132685,-3e-07,12.28,4087.2
OLDEST_D1_Z0_1_repair_em,1940,EM,-41697.89,-0.013529,-3e-07,2.97,4090.2
OLDEST_D1_Z0_1_repair_em,1941,EM,-41697.903,-0.0137844,-3e-07,3.61,4093.8
OLDEST_D1_Z0_1_repair_em,1942,EM,-41697.917,-0.0140448,-3e-07,2.72,4096.5
OLDEST_D1_Z0_1_repair_em,1943,EM,-41697.932,-0.0143116,-3e-07,2.44,4099.0
OLDEST_D1_Z0_1_repair_em,1944,EM,-41697.946,-0.0145621,-3e-07,3.0,4102.0
OLDEST_D1_Z0_1_repair_em,1945,EM,-41697.961,-0.0148218,-4e-07,2.23,4104.2
OLDEST_D1_Z0_1_repair_em,1946,EM,-41697.976,-0.0150749,-4e-07,2.41,4106.6
OLDEST_D1_Z0_1_repair_em,1947,EM,-41697.992,-0.0153303,-4e-07,1.87,4108.5
OLDEST_D1_Z0_1_repair_em,1948,EM,-41698.007,-0.0155788,-4e-07,1.6,4110.1
OLDEST_D1_Z0_1_repair_em,1949,EM,-41698.023,-0.0158303,-4e-07,2.08,4112.2
OLDEST_D1_Z0_1_repair_em,1950,EM,-41698.039,-0.0160797,-4e-07,1.97,4114.1
OLDEST_D1_Z0_1_repair_em,1951,EM,-41698.055,-0.0163272,-4e-07,2.12,4116.2
OLDEST_D1_Z0_1_repair_em,1952,EM,-41698.072,-0.0165749,-4e-07,1.45,4117.7
OLDEST_D1_Z0_1_repair_em,1953,EM,-41698.089,-0.0168205,-4e-07,1.73,4119.4
OLDEST_D1_Z0_1_repair_em,1954,EM,-41698.106,-0.0170646,-4e-07,1.38,4120.8
OLDEST_D1_Z0_1_repair_em,1955,EM,-41698.123,-0.0173082,-4e-07,2.22,4123.0
OLDEST_D1_Z0_1_repair_em,1956,EM,-41698.141,-0.0175495,-4e-07,1.53,4124.6
OLDEST_D1_Z0_1_repair_em,1957,EM,-41698.158,-0.0177899,-4e-07,1.8,4126.4
OLDEST_D1_Z0_1_repair_em,1958,EM,-41698.177,-0.0180291,-4e-07,1.71,4128.1
OLDEST_D1_Z0_1_repair_em,1959,EM,-41698.195,-0.0182673,-4e-07,1.45,4129.5
OLDEST_D1_Z0_1_repair_em,1960,EM,-41698.213,-0.0185036,-4e-07,1.58,4131.1
OLDEST_D1_Z0_1_repair_em,1961,EM,-41698.232,-0.0187393,-4e-07,0.97,4132.1
OLDEST_D1_Z0_1_repair_em,1962,EM,-41698.251,-0.0189734,-5e-07,1.03,4133.1
OLDEST_D1_Z0_1_repair_em,1963,EM,-41698.27,-0.0192063,-5e-07,1.28,4134.4
OLDEST_D1_Z0_1_repair_em,1964,EM,-41698.29,-0.0194378,-5e-07,1.57,4135.9
OLDEST_D1_Z0_1_repair_em,1965,EM,-41698.309,-0.0196683,-5e-07,1.09,4137.0
OLDEST_D1_Z0_1_repair_em,1966,EM,-41698.329,-0.0198975,-5e-07,1.09,4138.1
OLDEST_D1_Z0_1_repair_em,1967,EM,-41698.349,-0.0201254,-5e-07,1.71,4139.8
OLDEST_D1_Z0_1_repair_em,1968,EM,-41698.37,-0.0203522,-5e-07,1.58,4141.4
OLDEST_D1_Z0_1_repair_em,1969,EM,-41698.39,-0.0205776,-5e-07,2.02,4143.4
OLDEST_D1_Z0_1_repair_em,1970,EM,-41698.411,-0.0208019,-5e-07,1.69,4145.1
OLDEST_D1_Z0_1_repair_em,1971,EM,-41698.432,-0.0210251,-5e-07,1.43,4146.5
OLDEST_D1_Z0_1_repair_em,1972,EM,-41698.453,-0.021247,-5e-07,1.51,4148.0
OLDEST_D1_Z0_1_repair_em,1973,EM,-41698.475,-0.0214678,-5e-07,2.52,4150.6
OLDEST_D1_Z0_1_repair_em,1974,EM,-41698.497,-0.0216977,-5e-07,20.24,4170.8
OLDEST_D1_Z0_1_repair_em,1975,EM,-41698.518,-0.0219007,-5e-07,4.25,4175.1
OLDEST_D1_Z0_1_repair_em,1976,EM,-41698.541,-0.022123,-5e-07,2.62,4177.7
OLDEST_D1_Z0_1_repair_em,1977,EM,-41698.563,-0.02234,-5e-07,2.56,4180.2
OLDEST_D1_Z0_1_repair_em,1978,EM,-41698.585,-0.0225455,-5e-07,1.21,4181.4
OLDEST_D1_Z0_1_repair_em,1979,EM,-41698.608,-0.0227669,-5e-07,1.39,4182.8
OLDEST_D1_Z0_1_repair_em,1980,EM,-41698.631,-0.0229773,-6e-07,1.68,4184.5
OLDEST_D1_Z0_1_repair_em,1981,EM,-41698.654,-0.0231864,-6e-07,1.77,4186.3
OLDEST_D1_Z0_1_repair_em,1982,EM,-41698.678,-0.0233986,-6e-07,1.55,4187.8
OLDEST_D1_Z0_1_repair_em,1983,EM,-41698.701,-0.0236046,-6e-07,1.25,4189.1
OLDEST_D1_Z0_1_repair_em,1984,EM,-41698.725,-0.0238158,-6e-07,1.55,4190.6
OLDEST_D1_Z0_1_repair_em,1985,EM,-41698.749,-0.0240199,-6e-07,1.83,4192.5
OLDEST_D1_Z0_1_repair_em,1986,EM,-41698.773,-0.0242239,-6e-07,1.52,4194.0
OLDEST_D1_Z0_1_repair_em,1987,EM,-41698.798,-0.0244276,-6e-07,1.68,4195.7
OLDEST_D1_Z0_1_repair_em,1988,EM,-41698.822,-0.0246295,-6e-07,1.41,4197.1
OLDEST_D1_Z0_1_repair_em,1989,EM,-41698.847,-0.0248252,-6e-07,1.36,4198.4
OLDEST_D1_Z0_1_repair_em,1990,EM,-41698.872,-0.0250308,-6e-07,1.46,4199.9
OLDEST_D1_Z0_1_repair_em,1991,EM,-41698.898,-0.0252307,-6e-07,1.6,4201.5
OLDEST_D1_Z0_1_repair_em,1992,EM,-41698.923,-0.0254254,-6e-07,1.73,4203.2
OLDEST_D1_Z0_1_repair_em,1993,EM,-41698.949,-0.0256212,-6e-07,1.6,4204.8
OLDEST_D1_Z0_1_repair_em,1994,EM,-41698.974,-0.0258148,-6e-07,2.09,4206.9
OLDEST_D1_Z0_1_repair_em,1995,EM,-41699.0,-0.0260081,-6e-07,1.41,4208.3
OLDEST_D1_Z0_1_repair_em,1996,EM,-41699.027,-0.0261999,-6e-07,1.14,4209.5
OLDEST_D1_Z0_1_repair_em,1997,EM,-41699.053,-0.0263899,-6e-07,1.12,4210.6
OLDEST_D1_Z0_1_repair_em,1998,EM,-41699.08,-0.0265787,-6e-07,1.35,4212.0
OLDEST_D1_Z0_1_repair_em,1999,EM,-41699.106,-0.026767,-6e-07,1.97,4213.9
OLDEST_D1_Z0_1_repair_em,2000,EM,-41699.133,-0.0269529,-6e-07,1.65,4215.6
OLDEST_D1_Z0_1_repair_em,2001,EM,-41699.16,-0.0271377,-7e-07,1.26,4216.8
OLDEST_D1_Z0_1_repair_em,2002,EM,-41699.188,-0.0273212,-7e-07,1.2,4218.0
OLDEST_D1_Z0_1_repair_em,2003,EM,-41699.215,-0.0275031,-7e-07,1.41,4219.4
OLDEST_D1_Z0_1_repair_em,2004,EM,-41699.243,-0.0276845,-7e-07,1.78,4221.2
OLDEST_D1_Z0_1_repair_em,2005,EM,-41699.271,-0.0278637,-7e-07,1.52,4222.7
OLDEST_D1_Z0_1_repair_em,2006,EM,-41699.299,-0.0280414,-7e-07,2.16,4224.9
OLDEST_D1_Z0_1_repair_em,2007,EM,-41699.327,-0.0282232,-7e-07,17.31,4242.2
OLDEST_D1_Z0_1_repair_em,2008,EM,-41699.355,-0.028392,-7e-07,2.6,4244.8
OLDEST_D1_Z0_1_repair_em,2009,EM,-41699.384,-0.0285661,-7e-07,3.16,4248.0
OLDEST_D1_Z0_1_repair_em,2010,EM,-41699.413,-0.0287407,-7e-07,21.35,4269.3
OLDEST_D1_Z0_1_repair_em,2011,EM,-41699.442,-0.0289098,-7e-07,2.95,4272.3
OLDEST_D1_Z0_1_repair_em,2012,EM,-41699.471,-0.0290783,-7e-07,1.62,4273.9
OLDEST_D1_Z0_1_repair_em,2013,EM,-41699.5,-0.0292526,-7e-07,2.11,4276.0
OLDEST_D1_Z0_1_repair_em,2014,EM,-41699.529,-0.0294117,-7e-07,1.45,4277.5
OLDEST_D1_Z0_1_repair_em,2015,EM,-41699.559,-0.0295787,-7e-07,2.16,4279.6
OLDEST_D1_Z0_1_repair_em,2016,EM,-41699.589,-0.0297441,-7e-07,2.84,4282.5
OLDEST_D1_Z0_1_repair_em,2017,EM,-41699.619,-0.0299072,-7e-07,1.45,4283.9
OLDEST_D1_Z0_1_repair_em,2018,EM,-41699.649,-0.0300631,-7e-07,1.77,4285.7
OLDEST_D1_Z0_1_repair_em,2019,EM,-41699.679,-0.030223,-7e-07,1.28,4287.0
OLDEST_D1_Z0_1_repair_em,2020,EM,-41699.709,-0.0303894,-7e-07,1.46,4288.4
OLDEST_D1_Z0_1_repair_em,2021,EM,-41699.74,-0.0305305,-7e-07,2.59,4291.0
OLDEST_D1_Z0_1_repair_em,2022,EM,-41699.771,-0.0306956,-7e-07,2.44,4293.5
OLDEST_D1_Z0_1_repair_em,2023,EM,-41699.801,-0.0308465,-7e-07,23.62,4317.1
OLDEST_D1_Z0_1_repair_em,2024,EM,-41699.832,-0.0309978,-7e-07,20.48,4337.6
OLDEST_D1_Z0_1_repair_em,2025,EM,-41699.864,-0.0311395,-7e-07,3.38,4341.0
OLDEST_D1_Z0_1_repair_em,2026,EM,-41699.895,-0.0313007,-8e-07,2.46,4343.4
OLDEST_D1_Z0_1_repair_em,2027,EM,-41699.926,-0.0314504,-8e-07,1.91,4345.3
OLDEST_D1_Z0_1_repair_em,2028,EM,-41699.958,-0.0315859,-8e-07,2.07,4347.4
OLDEST_D1_Z0_1_repair_em,2029,EM,-41699.99,-0.0317313,-8e-07,2.01,4349.4
OLDEST_D1_Z0_1_repair_em,2030,EM,-41700.022,-0.0318749,-8e-07,2.68,4352.1
OLDEST_D1_Z0_1_repair_em,2031,EM,-41700.054,-0.0320181,-8e-07,2.15,4354.2
OLDEST_D1_Z0_1_repair_em,2032,EM,-41700.086,-0.0321563,-8e-07,2.06,4356.3
OLDEST_D1_Z0_1_repair_em,2033,EM,-41700.118,-0.0322914,-8e-07,2.28,4358.6
OLDEST_D1_Z0_1_repair_em,2034,EM,-41700.15,-0.0324302,-8e-07,1.59,4360.2
OLDEST_D1_Z0_1_repair_em,2035,EM,-41700.183,-0.0325629,-8e-07,1.8,4362.0
OLDEST_D1_Z0_1_repair_em,2036,EM,-41700.216,-0.0326975,-8e-07,1.42,4363.4
OLDEST_D1_Z0_1_repair_em,2037,EM,-41700.248,-0.0328288,-8e-07,1.81,4365.2
OLDEST_D1_Z0_1_repair_em,2038,EM,-41700.281,-0.0329581,-8e-07,2.23,4367.4
OLDEST_D1_Z0_1_repair_em,2039,EM,-41700.315,-0.0330855,-8e-07,1.27,4368.7
OLDEST_D1_Z0_1_repair_em,2040,EM,-41700.348,-0.0332136,-8e-07,3.02,4371.7
OLDEST_D1_Z0_1_repair_em,2041,EM,-41700.381,-0.0333387,-8e-07,17.71,4389.4
OLDEST_D1_Z0_1_repair_em,2042,EM,-41700.415,-0.033463,-8e-07,3.59,4393.0
OLDEST_D1_Z0_1_repair_em,2043,EM,-41700.448,-0.0335826,-8e-07,1.23,4394.2
OLDEST_D1_Z0_1_repair_em,2044,EM,-41700.482,-0.0337056,-8e-07,2.27,4396.5
OLDEST_D1_Z0_1_repair_em,2045,EM,-41700.516,-0.0338225,-8e-07,1.68,4398.2
OLDEST_D1_Z0_1_repair_em,2046,EM,-41700.55,-0.0339406,-8e-07,2.93,4401.1
OLDEST_D1_Z0_1_repair_em,2047,EM,-41700.584,-0.0340578,-8e-07,2.45,4403.6
OLDEST_D1_Z0_1_repair_em,2048,EM,-41700.618,-0.0341679,-8e-07,2.21,4405.8
OLDEST_D1_Z0_1_repair_em,2049,EM,-41700.652,-0.0342866,-8e-07,1.48,4407.3
OLDEST_D1_Z0_1_repair_em,2050,EM,-41700.687,-0.0343924,-8e-07,1.86,4409.1
OLDEST_D1_Z0_1_repair_em,2051,EM,-41700.721,-0.0345031,-8e-07,1.25,4410.4
OLDEST_D1_Z0_1_repair_em,2052,EM,-41700.756,-0.0346084,-8e-07,1.76,4412.1
OLDEST_D1_Z0_1_repair_em,2053,EM,-41700.79,-0.0347168,-8e-07,1.8,4413.9
OLDEST_D1_Z0_1_repair_em,2054,EM,-41700.825,-0.0348183,-8e-07,1.56,4415.5
OLDEST_D1_Z0_1_repair_em,2055,EM,-41700.86,-0.0349231,-8e-07,1.88,4417.4
OLDEST_D1_Z0_1_repair_em,2056,EM,-41700.895,-0.0350255,-8e-07,1.68,4419.1
OLDEST_D1_Z0_1_repair_em,2057,EM,-41700.93,-0.0351214,-8e-07,1.05,4420.1
OLDEST_D1_Z0_1_repair_em,2058,EM,-41700.965,-0.0352196,-8e-07,1.41,4421.5
OLDEST_D1_Z0_1_repair_em,2059,EM,-41701.001,-0.0353159,-8e-07,1.55,4423.1
OLDEST_D1_Z0_1_repair_em,2060,EM,-41701.036,-0.0354105,-8e-07,1.77,4424.9
OLDEST_D1_Z0_1_repair_em,2061,EM,-41701.072,-0.0355033,-9e-07,1.51,4426.4
OLDEST_D1_Z0_1_repair_em,2062,EM,-41701.107,-0.0355943,-9e-07,1.45,4427.8
OLDEST_D1_Z0_1_repair_em,2063,EM,-41701.143,-0.0356837,-9e-07,1.09,4428.9
OLDEST_D1_Z0_1_repair_em,2064,EM,-41701.179,-0.0357709,-9e-07,1.99,4430.9
OLDEST_D1_Z0_1_repair_em,2065,EM,-41701.215,-0.0358553,-9e-07,19.56,4450.5
OLDEST_D1_Z0_1_repair_em,2066,EM,-41701.251,-0.0359441,-9e-07,3.12,4453.6
OLDEST_D1_Z0_1_repair_em,2067,EM,-41701.287,-0.0360269,-9e-07,2.49,4456.1
OLDEST_D1_Z0_1_repair_em,2068,EM,-41701.323,-0.0361015,-9e-07,1.61,4457.7
OLDEST_D1_Z0_1_repair_em,2069,EM,-41701.359,-0.0361827,-9e-07,1.55,4459.2
OLDEST_D1_Z0_1_repair_em,2070,EM,-41701.395,-0.0362622,-9e-07,3.25,4462.5
OLDEST_D1_Z0_1_repair_em,2071,EM,-41701.431,-0.0363385,-9e-07,15.95,4478.4
OLDEST_D1_Z0_1_repair_em,2072,EM,-41701.468,-0.0364104,-9e-07,2.97,4481.4
OLDEST_D1_Z0_1_repair_em,2073,EM,-41701.504,-0.0364882,-9e-07,1.3,4482.7
OLDEST_D1_Z0_1_repair_em,2074,EM,-41701.541,-0.0365626,-9e-07,1.88,4484.6
OLDEST_D1_Z0_1_repair_em,2075,EM,-41701.578,-0.0366283,-9e-07,1.06,4485.6
OLDEST_D1_Z0_1_repair_em,2076,EM,-41701.614,-0.0366937,-9e-07,1.84,4487.5
OLDEST_D1_Z0_1_repair_em,2077,EM,-41701.651,-0.0367583,-9e-07,2.07,4489.5
OLDEST_D1_Z0_1_repair_em,2078,EM,-41701.688,-0.0368236,-9e-07,1.88,4491.4
OLDEST_D1_Z0_1_repair_em,2079,EM,-41701.725,-0.0368839,-9e-07,1.77,4493.2
OLDEST_D1_Z0_1_repair_em,2080,EM,-41701.762,-0.0369499,-9e-07,1.4,4494.6
OLDEST_D1_Z0_1_repair_em,2081,EM,-41701.799,-0.0370094,-9e-07,2.01,4496.6
OLDEST_D1_Z0_1_repair_em,2082,EM,-41701.836,-0.0370642,-9e-07,1.77,4498.4
OLDEST_D1_Z0_1_repair_em,2083,EM,-41701.873,-0.037122,-9e-07,1.61,4500.0
OLDEST_D1_Z0_1_repair_em,2084,EM,-41701.91,-0.0371745,-9e-07,4.35,4504.3
OLDEST_D1_Z0_1_repair_em,2085,EM,-41701.947,-0.0372262,-9e-07,20.95,4525.3
OLDEST_D1_Z0_1_repair_em,2086,EM,-41701.984,-0.0372753,-9e-07,3.04,4528.3
OLDEST_D1_Z0_1_repair_em,2087,EM,-41702.022,-0.0373329,-9e-07,1.85,4530.2
OLDEST_D1_Z0_1_repair_em,2088,EM,-41702.059,-0.0373786,-9e-07,1.71,4531.9
OLDEST_D1_Z0_1_repair_em,2089,EM,-41702.097,-0.0374204,-9e-07,1.49,4533.4
OLDEST_D1_Z0_1_repair_em,2090,EM,-41702.134,-0.0374648,-9e-07,1.96,4535.3
OLDEST_D1_Z0_1_repair_em,2091,EM,-41702.172,-0.0375097,-9e-07,2.17,4537.5
OLDEST_D1_Z0_1_repair_em,2092,EM,-41702.209,-0.0375486,-9e-07,2.35,4539.9
OLDEST_D1_Z0_1_repair_em,2093,EM,-41702.247,-0.037589,-9e-07,1.15,4541.0
OLDEST_D1_Z0_1_repair_em,2094,EM,-41702.284,-0.0376248,-9e-07,1.42,4542.4
OLDEST_D1_Z0_1_repair_em,2095,EM,-41702.322,-0.0376651,-9e-07,1.23,4543.7
OLDEST_D1_Z0_1_repair_em,2096,EM,-41702.36,-0.0376957,-9e-07,1.95,4545.6
OLDEST_D1_Z0_1_repair_em,2097,EM,-41702.397,-0.0377303,-9e-07,2.3,4547.9
OLDEST_D1_Z0_1_repair_em,2098,EM,-41702.435,-0.0377614,-9e-07,16.79,4564.7
OLDEST_D1_Z0_1_repair_em,2099,EM,-41702.473,-0.0377913,-9e-07,3.25,4568.0
OLDEST_D1_Z0_1_repair_em,2100,EM,-41702.511,-0.0378151,-9e-07,1.3,4569.3
OLDEST_D1_Z0_1_repair_em,2101,EM,-41702.549,-0.0378455,-9e-07,2.66,4571.9
OLDEST_D1_Z0_1_repair_em,2102,EM,-41702.587,-0.0378708,-9e-07,19.09,4591.0
OLDEST_D1_Z0_1_repair_em,2103,EM,-41702.624,-0.0378905,-9e-07,17.29,4608.3
OLDEST_D1_Z0_1_repair_em,2104,EM,-41702.662,-0.0379158,-9e-07,3.62,4611.9
OLDEST_D1_Z0_1_repair_em,2105,EM,-41702.7,-0.0379317,-9e-07,16.77,4628.7
OLDEST_D1_Z0_1_repair_em,2106,EM,-41702.738,-0.0379455,-9e-07,3.02,4631.7
OLDEST_D1_Z0_1_repair_em,2107,EM,-41702.776,-0.0379701,-9e-07,2.62,4634.3
OLDEST_D1_Z0_1_repair_em,2108,EM,-41702.814,-0.0379957,-9e-07,15.98,4650.3
OLDEST_D1_Z0_1_repair_em,2109,EM,-41702.852,-0.0379929,-9e-07,6.32,4656.6
OLDEST_D1_Z0_1_repair_em,2110,EM,-41702.89,-0.038007,-9e-07,3.1,4659.7
OLDEST_D1_Z0_1_repair_em,2111,EM,-41702.928,-0.0380153,-9e-07,1.77,4661.5
OLDEST_D1_Z0_1_repair_em,2112,EM,-41702.966,-0.0380257,-9e-07,1.88,4663.4
OLDEST_D1_Z0_1_repair_em,2113,EM,-41703.004,-0.0380304,-9e-07,1.57,4664.9
OLDEST_D1_Z0_1_repair_em,2114,EM,-41703.042,-0.0380379,-9e-07,1.05,4666.0
OLDEST_D1_Z0_1_repair_em,2115,EM,-41703.08,-0.0380401,-9e-07,1.3,4667.3
OLDEST_D1_Z0_1_repair_em,2116,EM,-41703.118,-0.0380411,-9e-07,1.44,4668.7
OLDEST_D1_Z0_1_repair_em,2117,EM,-41703.156,-0.0380471,-9e-07,1.45,4670.2
OLDEST_D1_Z0_1_repair_em,2118,EM,-41703.194,-0.038042,-9e-07,1.84,4672.0
OLDEST_D1_Z0_1_repair_em,2119,EM,-41703.233,-0.0380402,-9e-07,1.93,4673.9
OLDEST_D1_Z0_1_repair_em,2120,EM,-41703.271,-0.0380361,-9e-07,1.55,4675.5
OLDEST_D1_Z0_1_repair_em,2121,EM,-41703.309,-0.038031,-9e-07,1.23,4676.7
OLDEST_D1_Z0_1_repair_em,2122,EM,-41703.347,-0.0380205,-9e-07,2.51,4679.2
OLDEST_D1_Z0_1_repair_em,2123,EM,-41703.385,-0.0380258,-9e-07,16.8,4696.0
OLDEST_D1_Z0_1_repair_em,2124,EM,-41703.423,-0.0380061,-9e-07,6.88,4702.9
OLDEST_D1_Z0_1_repair_em,2125,EM,-41703.461,-0.0379948,-9e-07,1.59,4704.5
OLDEST_D1_Z0_1_repair_em,2126,EM,-41703.499,-0.03798,-9e-07,1.6,4706.1
OLDEST_D1_Z0_1_repair_em,2127,EM,-41703.537,-0.0379595,-9e-07,1.45,4707.6
OLDEST_D1_Z0_1_repair_em,2128,EM,-41703.575,-0.0379439,-9e-07,1.1,4708.7
OLDEST_D1_Z0_1_repair_em,2129,EM,-41703.612,-0.0379272,-9e-07,1.65,4710.3
OLDEST_D1_Z0_1_repair_em,2130,EM,-41703.65,-0.0379123,-9e-07,2.41,4712.7
OLDEST_D1_Z0_1_repair_em,2131,EM,-41703.688,-0.0378866,-9e-07,2.11,4714.8
OLDEST_D1_Z0_1_repair_em,2132,EM,-41703.726,-0.0378792,-9e-07,17.59,4732.4
OLDEST_D1_Z0_1_repair_em,2133,EM,-41703.764,-0.037844,-9e-07,17.23,4749.6
OLDEST_D1_Z0_1_repair_em,2134,EM,-41703.802,-0.0378187,-9e-07,6.79,4756.4
OLDEST_D1_Z0_1_repair_em,2135,EM,-41703.84,-0.0377888,-9e-07,1.98,4758.4
OLDEST_D1_Z0_1_repair_em,2136,EM,-41703.877,-0.0377602,-9e-07,1.86,4760.3
OLDEST_D1_Z0_1_repair_em,2137,EM,-41703.915,-0.037734,-9e-07,1.96,4762.2
OLDEST_D1_Z0_1_repair_em,2138,EM,-41703.953,-0.0377001,-9e-07,1.43,4763.7
OLDEST_D1_Z0_1_repair_em,2139,EM,-41703.99,-0.0376681,-9e-07,2.03,4765.7
OLDEST_D1_Z0_1_repair_em,2140,EM,-41704.028,-0.0376317,-9e-07,2.41,4768.1
OLDEST_D1_Z0_1_repair_em,2141,EM,-41704.066,-0.0376079,-9e-07,16.38,4784.5
OLDEST_D1_Z0_1_repair_em,2142,EM,-41704.103,-0.0375572,-9e-07,7.12,4791.6
OLDEST_D1_Z0_1_repair_em,2143,EM,-41704.141,-0.0375134,-9e-07,1.55,4793.2
OLDEST_D1_Z0_1_repair_em,2144,EM,-41704.178,-0.0374805,-9e-07,3.45,4796.6
OLDEST_D1_Z0_1_repair_em,2145,EM,-41704.216,-0.0374407,-9e-07,16.54,4813.2
OLDEST_D1_Z0_1_repair_em,2146,EM,-41704.253,-0.0373951,-9e-07,3.25,4816.4
OLDEST_D1_Z0_1_repair_em,2147,EM,-41704.29,-0.0373509,-9e-07,1.52,4817.9
OLDEST_D1_Z0_1_repair_em,2148,EM,-41704.328,-0.0373063,-9e-07,1.08,4819.0
OLDEST_D1_Z0_1_repair_em,2149,EM,-41704.365,-0.0372579,-9e-07,2.8,4821.8
OLDEST_D1_Z0_1_repair_em,2150,EM,-41704.402,-0.0372144,-9e-07,18.56,4840.4
OLDEST_D1_Z0_1_repair_em,2151,EM,-41704.439,-0.037161,-9e-07,6.3,4846.7
OLDEST_D1_Z0_1_repair_em,2152,EM,-41704.476,-0.0371094,-9e-07,1.93,4848.6
OLDEST_D1_Z0_1_repair_em,2153,EM,-41704.514,-0.0370639,-9e-07,1.14,4849.8
OLDEST_D1_Z0_1_repair_em,2154,EM,-41704.551,-0.0369994,-9e-07,1.75,4851.5
OLDEST_D1_Z0_1_repair_em,2155,EM,-41704.587,-0.0369462,-9e-07,2.05,4853.5
OLDEST_D1_Z0_1_repair_em,2156,EM,-41704.624,-0.036886,-9e-07,1.37,4854.9
OLDEST_D1_Z0_1_repair_em,2157,EM,-41704.661,-0.0368318,-9e-07,1.49,4856.4
OLDEST_D1_Z0_1_repair_em,2158,EM,-41704.698,-0.0367718,-9e-07,1.78,4858.2
OLDEST_D1_Z0_1_repair_em,2159,EM,-41704.735,-0.0367093,-9e-07,1.91,4860.1
OLDEST_D1_Z0_1_repair_em,2160,EM,-41704.771,-0.036644,-9e-07,1.99,4862.1
OLDEST_D1_Z0_1_repair_em,2161,EM,-41704.808,-0.036584,-9e-07,2.27,4864.4
OLDEST_D1_Z0_1_repair_em,2162,EM,-41704.844,-0.0365173,-9e-07,2.82,4867.2
OLDEST_D1_Z0_1_repair_em,2163,EM,-41704.881,-0.0364508,-9e-07,2.3,4869.5
OLDEST_D1_Z0_1_repair_em,2164,EM,-41704.917,-0.0363823,-9e-07,2.05,4871.5
OLDEST_D1_Z0_1_repair_em,2165,EM,-41704.954,-0.036313,-9e-07,1.95,4873.5
OLDEST_D1_Z0_1_repair_em,2166,EM,-41704.99,-0.0362403,-9e-07,1.7,4875.2
OLDEST_D1_Z0_1_repair_em,2167,EM,-41705.026,-0.0361699,-9e-07,1.63,4876.8
OLDEST_D1_Z0_1_repair_em,2168,EM,-41705.062,-0.0360956,-9e-07,1.12,4877.9
OLDEST_D1_Z0_1_repair_em,2169,EM,-41705.098,-0.0360199,-9e-07,1.7,4879.6
OLDEST_D1_Z0_1_repair_em,2170,EM,-41705.134,-0.0359429,-9e-07,1.8,4881.4
OLDEST_D1_Z0_1_repair_em,2171,EM,-41705.17,-0.0358649,-9e-07,1.93,4883.4
OLDEST_D1_Z0_1_repair_em,2172,EM,-41705.206,-0.0357855,-9e-07,1.23,4884.6
OLDEST_D1_Z0_1_repair_em,2173,EM,-41705.241,-0.0357044,-9e-07,1.93,4886.5
OLDEST_D1_Z0_1_repair_em,2174,EM,-41705.277,-0.0356221,-9e-07,2.98,4889.5
OLDEST_D1_Z0_1_repair_em,2175,EM,-41705.313,-0.0355364,-9e-07,18.83,4908.3
OLDEST_D1_Z0_1_repair_em,2176,EM,-41705.348,-0.0354578,-9e-07,7.09,4915.4
OLDEST_D1_Z0_1_repair_em,2177,EM,-41705.383,-0.0353461,-8e-07,1.83,4917.3
OLDEST_D1_Z0_1_repair_em,2178,EM,-41705.419,-0.0352872,-8e-07,2.59,4919.9
OLDEST_D1_Z0_1_repair_em,2179,EM,-41705.454,-0.0351889,-8e-07,1.41,4921.3
OLDEST_D1_Z0_1_repair_em,2180,EM,-41705.489,-0.0351009,-8e-07,1.77,4923.0
OLDEST_D1_Z0_1_repair_em,2181,EM,-41705.524,-0.0350036,-8e-07,1.67,4924.7
OLDEST_D1_Z0_1_repair_em,2182,EM,-41705.559,-0.0349177,-8e-07,2.45,4927.1
OLDEST_D1_Z0_1_repair_em,2183,EM,-41705.594,-0.0348189,-8e-07,2.16,4929.3
OLDEST_D1_Z0_1_repair_em,2184,EM,-41705.628,-0.0347216,-8e-07,2.84,4932.2
OLDEST_D1_Z0_1_repair_em,2185,EM,-41705.663,-0.0346261,-8e-07,3.72,4935.9
OLDEST_D1_Z0_1_repair_em,2186,EM,-41705.698,-0.034527,-8e-07,4.06,4939.9
OLDEST_D1_Z0_1_repair_em,2187,EM,-41705.732,-0.0344237,-8e-07,18.93,4958.9
OLDEST_D1_Z0_1_repair_em,2188,EM,-41705.766,-0.0343288,-8e-07,2.22,4961.1
OLDEST_D1_Z0_1_repair_em,2189,EM,-41705.801,-0.0342194,-8e-07,2.41,4963.5
OLDEST_D1_Z0_1_repair_em,2190,EM,-41705.835,-0.0341321,-8e-07,12.23,4975.7
OLDEST_D1_Z0_1_repair_em,2191,EM,-41705.869,-0.0339942,-8e-07,2.31,4978.0
OLDEST_D1_Z0_1_repair_em,2192,EM,-41705.903,-0.0339039,-8e-07,1.18,4979.2
OLDEST_D1_Z0_1_repair_em,2193,EM,-41705.936,-0.0337913,-8e-07,0.87,4980.1
OLDEST_D1_Z0_1_repair_em,2194,EM,-41705.97,-0.0336634,-8e-07,1.3,4981.4
OLDEST_D1_Z0_1_repair_em,2195,EM,-41706.004,-0.0335726,-8e-07,1.43,4982.8
OLDEST_D1_Z0_1_repair_em,2196,EM,-41706.037,-0.0334512,-8e-07,1.16,4984.0
OLDEST_D1_Z0_1_repair_em,2197,EM,-41706.07,-0.0333335,-8e-07,1.06,4985.0
OLDEST_D1_Z0_1_repair_em,2198,EM,-41706.104,-0.033221,-8e-07,0.93,4986.0
OLDEST_D1_Z0_1_repair_em,2199,EM,-41706.137,-0.0331013,-8e-07,1.86,4987.8
OLDEST_D1_Z0_1_repair_em,2200,EM,-41706.17,-0.0329767,-8e-07,1.09,4988.9
OLDEST_D1_Z0_1_repair_em,2201,EM,-41706.203,-0.0328576,-8e-07,0.98,4989.9
OLDEST_D1_Z0_1_repair_em,2202,EM,-41706.235,-0.0327374,-8e-07,0.93,4990.8
OLDEST_D1_Z0_1_repair_em,2203,EM,-41706.268,-0.032611,-8e-07,0.94,4991.8
OLDEST_D1_Z0_1_repair_em,2204,EM,-41706.3,-0.0324858,-8e-07,0.91,4992.7
OLDEST_D1_Z0_1_repair_em,2205,EM,-41706.333,-0.0323592,-8e-07,0.92,4993.6
OLDEST_D1_Z0_1_repair_em,2206,EM,-41706.365,-0.0322243,-8e-07,0.93,4994.5
OLDEST_D1_Z0_1_repair_em,2207,EM,-41706.397,-0.0320957,-8e-07,1.01,4995.5
OLDEST_D1_Z0_1_repair_em,2208,EM,-41706.429,-0.0319632,-8e-07,0.88,4996.4
OLDEST_D1_Z0_1_repair_em,2209,EM,-41706.461,-0.0318276,-8e-07,0.96,4997.4
OLDEST_D1_Z0_1_repair_em,2210,EM,-41706.492,-0.0316925,-8e-07,1.01,4998.4
OLDEST_D1_Z0_1_repair_em,2211,EM,-41706.524,-0.0315536,-8e-07,1.78,5000.2
OLDEST_D1_Z0_1_repair_em,2212,EM,-41706.555,-0.0314039,-8e-07,10.06,5010.2
OLDEST_D1_Z0_1_repair_em,2213,EM,-41706.587,-0.0312855,-8e-07,4.8,5015.0
OLDEST_D1_Z0_1_repair_em,2214,EM,-41706.618,-0.0311238,-7e-07,1.99,5017.0
OLDEST_D1_Z0_1_repair_em,2215,EM,-41706.649,-0.0309855,-7e-07,10.71,5027.7
OLDEST_D1_Z0_1_repair_em,2216,EM,-41706.68,-0.0308359,-7e-07,2.23,5029.9
OLDEST_D1_Z0_1_repair_em,2217,EM,-41706.71,-0.0306862,-7e-07,1.25,5031.2
OLDEST_D1_Z0_1_repair_em,2218,EM,-41706.741,-0.0305445,-7e-07,2.09,5033.3
OLDEST_D1_Z0_1_repair_em,2219,EM,-41706.771,-0.0303838,-7e-07,1.41,5034.7
OLDEST_D1_Z0_1_repair_em,2220,EM,-41706.802,-0.0302464,-7e-07,1.33,5036.0
OLDEST_D1_Z0_1_repair_em,2221,EM,-41706.832,-0.0300784,-7e-07,1.22,5037.2
OLDEST_D1_Z0_1_repair_em,2222,EM,-41706.862,-0.0299177,-7e-07,1.66,5038.9
OLDEST_D1_Z0_1_repair_em,2223,EM,-41706.891,-0.0297586,-7e-07,1.53,5040.4
OLDEST_D1_Z0_1_repair_em,2224,EM,-41706.921,-0.0296016,-7e-07,2.07,5042.5
OLDEST_D1_Z0_1_repair_em,2225,EM,-41706.95,-0.029416,-7e-07,1.76,5044.3
OLDEST_D1_Z0_1_repair_em,2226,EM,-41706.98,-0.0292785,-7e-07,2.23,5046.5
OLDEST_D1_Z0_1_repair_em,2227,EM,-41707.009,-0.0291046,-7e-07,1.9,5048.4
OLDEST_D1_Z0_1_repair_em,2228,EM,-41707.038,-0.028934,-7e-07,1.68,5050.1
OLDEST_D1_Z0_1_repair_em,2229,EM,-41707.066,-0.0287627,-7e-07,2.21,5052.3
OLDEST_D1_Z0_1_repair_em,2230,EM,-41707.095,-0.0285883,-7e-07,11.99,5064.3
OLDEST_D1_Z0_1_repair_em,2231,EM,-41707.123,-0.0284113,-7e-07,2.91,5067.2
OLDEST_D1_Z0_1_repair_em,2232,EM,-41707.152,-0.0282362,-7e-07,1.88,5069.1
OLDEST_D1_Z0_1_repair_em,2233,EM,-41707.18,-0.0280483,-7e-07,1.91,5071.0
OLDEST_D1_Z0_1_repair_em,2234,EM,-41707.208,-0.0278723,-7e-07,2.0,5073.0
OLDEST_D1_Z0_1_repair_em,2235,EM,-41707.235,-0.0276887,-7e-07,2.23,5075.2
OLDEST_D1_Z0_1_repair_em,2236,EM,-41707.263,-0.0275048,-7e-07,1.3,5076.5
OLDEST_D1_Z0_1_repair_em,2237,EM,-41707.29,-0.0273127,-7e-07,2.37,5078.9
OLDEST_D1_Z0_1_repair_em,2238,EM,-41707.317,-0.0271238,-7e-07,1.09,5080.0
OLDEST_D1_Z0_1_repair_em,2239,EM,-41707.344,-0.0269237,-6e-07,1.65,5081.6
OLDEST_D1_Z0_1_repair_em,2240,EM,-41707.371,-0.0267323,-6e-07,2.38,5084.0
OLDEST_D1_Z0_1_repair_em,2241,EM,-41707.397,-0.0265328,-6e-07,12.05,5096.0
OLDEST_D1_Z0_1_repair_em,2242,EM,-41707.424,-0.0263276,-6e-07,2.21,5098.2
OLDEST_D1_Z0_1_repair_em,2243,EM,-41707.45,-0.0261499,-6e-07,1.34,5099.6
OLDEST_D1_Z0_1_repair_em,2244,EM,-41707.476,-0.0259178,-6e-07,1.93,5101.5
OLDEST_D1_Z0_1_repair_em,2245,EM,-41707.501,-0.0257166,-6e-07,1.73,5103.2
OLDEST_D1_Z0_1_repair_em,2246,EM,-41707.527,-0.0255074,-6e-07,2.44,5105.7
OLDEST_D1_Z0_1_repair_em,2247,EM,-41707.552,-0.0252905,-6e-07,18.59,5124.3
OLDEST_D1_Z0_1_repair_em,2248,EM,-41707.577,-0.0250735,-6e-07,3.2,5127.5
OLDEST_D1_Z0_1_repair_em,2249,EM,-41707.602,-0.024855,-6e-07,2.3,5129.8
OLDEST_D1_Z0_1_repair_em,2250,EM,-41707.627,-0.0246362,-6e-07,3.58,5133.4
OLDEST_D1_Z0_1_repair_em,2251,EM,-41707.651,-0.0244191,-6e-07,13.66,5147.0
OLDEST_D1_Z0_1_repair_em,2252,EM,-41707.675,-0.0241856,-6e-07,3.66,5150.7
OLDEST_D1_Z0_1_repair_em,2253,EM,-41707.699,-0.0239698,-6e-07,1.84,5152.5
OLDEST_D1_Z0_1_repair_em,2254,EM,-41707.723,-0.0237256,-6e-07,3.02,5155.5
OLDEST_D1_Z0_1_repair_em,2255,EM,-41707.747,-0.0234956,-6e-07,2.02,5157.6
OLDEST_D1_Z0_1_repair_em,2256,EM,-41707.77,-0.0232571,-6e-07,1.31,5158.9
OLDEST_D1_Z0_1_repair_em,2257,EM,-41707.793,-0.0230192,-6e-07,1.61,5160.5
OLDEST_D1_Z0_1_repair_em,2258,EM,-41707.816,-0.022773,-5e-07,1.64,5162.1
OLDEST_D1_Z0_1_repair_em,2259,EM,-41707.838,-0.02253,-5e-07,1.75,5163.9
OLDEST_D1_Z0_1_repair_em,2260,EM,-41707.861,-0.0222799,-5e-07,1.47,5165.3
OLDEST_D1_Z0_1_repair_em,2261,EM,-41707.883,-0.0220279,-5e-07,1.3,5166.6
OLDEST_D1_Z0_1_repair_em,2262,EM,-41707.904,-0.0217734,-5e-07,1.85,5168.5
OLDEST_D1_Z0_1_repair_em,2263,EM,-41707.926,-0.0215153,-5e-07,2.07,5170.6
OLDEST_D1_Z0_1_repair_em,2264,EM,-41707.947,-0.0212569,-5e-07,1.92,5172.5
OLDEST_D1_Z0_1_repair_em,2265,EM,-41707.968,-0.0209926,-5e-07,1.44,5173.9
OLDEST_D1_Z0_1_repair_em,2266,EM,-41707.989,-0.0207258,-5e-07,1.69,5175.6
OLDEST_D1_Z0_1_repair_em,2267,EM,-41708.009,-0.0204545,-5e-07,1.72,5177.3
OLDEST_D1_Z0_1_repair_em,2268,EM,-41708.029,-0.0201843,-5e-07,1.46,5178.8
OLDEST_D1_Z0_1_repair_em,2269,EM,-41708.049,-0.0199076,-5e-07,1.34,5180.1
OLDEST_D1_Z0_1_repair_em,2270,EM,-41708.069,-0.019628,-5e-07,1.28,5181.4
OLDEST_D1_Z0_1_repair_em,2271,EM,-41708.088,-0.0193459,-5e-07,1.64,5183.1
OLDEST_D1_Z0_1_repair_em,2272,EM,-41708.107,-0.0190608,-5e-07,1.12,5184.2
OLDEST_D1_Z0_1_repair_em,2273,EM,-41708.126,-0.0187722,-5e-07,0.92,5185.1
OLDEST_D1_Z0_1_repair_em,2274,EM,-41708.145,-0.0184795,-4e-07,0.95,5186.0
OLDEST_D1_Z0_1_repair_em,2275,EM,-41708.163,-0.0181854,-4e-07,2.01,5188.1
OLDEST_D1_Z0_1_repair_em,2276,EM,-41708.181,-0.017885,-4e-07,11.34,5199.4
OLDEST_D1_Z0_1_repair_em,2277,EM,-41708.198,-0.0175847,-4e-07,2.62,5202.0
OLDEST_D1_Z0_1_repair_em,2278,EM,-41708.216,-0.0172783,-4e-07,2.61,5204.6
OLDEST_D1_Z0_1_repair_em,2279,EM,-41708.233,-0.0169702,-4e-07,2.84,5207.5
OLDEST_D1_Z0_1_repair_em,2280,EM,-41708.249,-0.0166663,-4e-07,13.2,5220.7
OLDEST_D1_Z0_1_repair_em,2281,EM,-41708.266,-0.0163462,-4e-07,3.13,5223.8
OLDEST_D1_Z0_1_repair_em,2282,EM,-41708.282,-0.0160273,-4e-07,1.98,5225.8
OLDEST_D1_Z0_1_repair_em,2283,EM,-41708.297,-0.0157116,-4e-07,3.34,5229.1
OLDEST_D1_Z0_1_repair_em,2284,EM,-41708.313,-0.0153841,-4e-07,2.66,5231.8
OLDEST_D1_Z0_1_repair_em,2285,EM,-41708.328,-0.0150566,-4e-07,2.45,5234.2
OLDEST_D1_Z0_1_repair_em,2286,EM,-41708.342,-0.0147256,-4e-07,1.97,5236.2
OLDEST_D1_Z0_1_repair_em,2287,EM,-41708.357,-0.0143925,-3e-07,2.96,5239.1
OLDEST_D1_Z0_1_repair_em,2288,EM,-41708.371,-0.0140576,-3e-07,1.7,5240.8
OLDEST_D1_Z0_1_repair_em,2289,EM,-41708.385,-0.0137158,-3e-07,1.67,5242.5
OLDEST_D1_Z0_1_repair_em,2290,EM,-41708.398,-0.0133727,-3e-07,2.01,5244.5
OLDEST_D1_Z0_1_repair_em,2291,EM,-41708.411,-0.0130249,-3e-07,1.82,5246.3
OLDEST_D1_Z0_1_repair_em,2292,EM,-41708.424,-0.0126783,-3e-07,1.23,5247.6
OLDEST_D1_Z0_1_repair_em,2293,EM,-41708.436,-0.0123231,-3e-07,1.6,5249.2
OLDEST_D1_Z0_1_repair_em,2294,EM,-41708.448,-0.0119652,-3e-07,1.55,5250.7
OLDEST_D1_Z0_1_repair_em,2295,EM,-41708.46,-0.0116084,-3e-07,2.11,5252.8
OLDEST_D1_Z0_1_repair_em,2296,EM,-41708.471,-0.0112475,-3e-07,1.34,5254.2
OLDEST_D1_Z0_1_repair_em,2297,EM,-41708.482,-0.0108822,-3e-07,1.74,5255.9
OLDEST_D1_Z0_1_repair_em,2298,EM,-41708.492,-0.0105144,-3e-07,1.03,5256.9
OLDEST_D1_Z0_1_repair_em,2299,EM,-41708.502,-0.0101456,-2e-07,2.85,5259.8
OLDEST_D1_Z0_1_repair_em,2300,EM,-41708.512,-0.0097726,-2e-07,1.75,5261.5
OLDEST_D1_Z0_1_repair_em,2301,EM,-41708.522,-0.0093964,-2e-07,1.07,5262.6
OLDEST_D1_Z0_1_repair_em,2302,EM,-41708.531,-0.0090193,-2e-07,1.57,5264.2
OLDEST_D1_Z0_1_repair_em,2303,EM,-41708.539,-0.0086383,-2e-07,1.48,5265.7
OLDEST_D1_Z0_1_repair_em,2304,EM,-41708.547,-0.0082554,-2e-07,2.07,5267.7
OLDEST_D1_Z0_1_repair_em,2305,EM,-41708.555,-0.0078698,-2e-07,1.98,5269.7
OLDEST_D1_Z0_1_repair_em,2306,EM,-41708.563,-0.0074821,-2e-07,1.47,5271.2
OLDEST_D1_Z0_1_repair_em,2307,EM,-41708.57,-0.007092,-2e-07,1.27,5272.5
OLDEST_D1_Z0_1_repair_em,2308,EM,-41708.577,-0.0067002,-2e-07,1.59,5274.1
OLDEST_D1_Z0_1_repair_em,2309,EM,-41708.583,-0.0063042,-2e-07,1.43,5275.5
OLDEST_D1_Z0_1_repair_em,2310,EM,-41708.589,-0.0059097,-1e-07,1.21,5276.7
OLDEST_D1_Z0_1_repair_em,2311,EM,-41708.594,-0.0055121,-1e-07,1.59,5278.3
OLDEST_D1_Z0_1_repair_em,2312,EM,-41708.599,-0.0051106,-1e-07,2.09,5280.4
OLDEST_D1_Z0_1_repair_em,2313,EM,-41708.604,-0.0047136,-1e-07,13.21,5293.6
OLDEST_D1_Z0_1_repair_em,2314,EM,-41708.608,-0.0043061,-1e-07,3.47,5297.1
OLDEST_D1_Z0_1_repair_em,2315,EM,-41708.612,-0.0039012,-1e-07,2.14,5299.2
OLDEST_D1_Z0_1_repair_em,2316,EM,-41708.616,-0.0034631,-1e-07,1.52,5300.7
OLDEST_D1_Z0_1_repair_em,2317,EM,-41708.619,-0.0031203,-1e-07,3.75,5304.5
OLDEST_D1_Z0_1_repair_em,2318,EM,-41708.622,-0.0026845,-1e-07,12.8,5317.3
OLDEST_D1_Z0_1_repair_em,2319,EM,-41708.624,-0.0022765,-1e-07,2.73,5320.0
OLDEST_D1_Z0_1_repair_em,2320,EM,-41708.626,-0.0018526,0.0,1.19,5321.2
OLDEST_D1_Z0_1_repair_em,2321,EM,-41708.627,-0.0014548,0.0,1.65,5322.8
OLDEST_D1_Z0_1_repair_em,2322,EM,-41708.628,-0.0010548,0.0,1.48,5324.3
OLDEST_D1_Z0_1_repair_em,2323,EM,-41708.629,-0.000631,0.0,2.48,5326.8
OLDEST_D1_Z0_1_repair_em,2324,EM,-41708.629,-0.0002148,0.0,10.48,5337.3
OLDEST_D1_Z0_1_repair_em,2325,EM,-41708.629,0.0001872,0.0,2.66,5339.9
OLDEST_D1_Z0_1_repair_em,2326,EM,-41708.628,0.0006138,0.0,1.88,5341.8
OLDEST_D1_Z0_1_repair_em,2327,EM,-41708.627,0.0010143,0.0,1.53,5343.4
OLDEST_D1_Z0_1_repair_em,2328,EM,-41708.626,0.0014326,0.0,1.44,5344.8
OLDEST_D1_Z0_1_repair_em,2329,EM,-41708.624,0.0018389,0.0,1.54,5346.3
OLDEST_D1_Z0_1_repair_em,2330,EM,-41708.622,0.0022527,1e-07,1.03,5347.4
OLDEST_D1_Z0_1_repair_em,2331,EM,-41708.619,0.0026604,1e-07,1.1,5348.5
OLDEST_D1_Z0_1_repair_em,2332,EM,-41708.616,0.0030776,1e-07,1.58,5350.0
OLDEST_D1_Z0_1_repair_em,2333,EM,-41708.613,0.0034771,1e-07,1.92,5352.0
OLDEST_D1_Z0_1_repair_em,2334,EM,-41708.609,0.0038834,1e-07,1.53,5353.5
OLDEST_D1_Z0_1_repair_em,2335,EM,-41708.604,0.0042891,1e-07,1.48,5355.0
OLDEST_D1_Z0_1_repair_em,2336,EM,-41708.6,0.0047037,1e-07,1.05,5356.0
OLDEST_D1_Z0_1_repair_em,2337,EM,-41708.595,0.0050944,1e-07,1.12,5357.2
OLDEST_D1_Z0_1_repair_em,2338,EM,-41708.589,0.0055006,1e-07,1.48,5358.6
OLDEST_D1_Z0_1_repair_em,2339,EM,-41708.583,0.0058976,1e-07,1.17,5359.8
OLDEST_D1_Z0_1_repair_em,2340,EM,-41708.577,0.0062966,2e-07,1.04,5360.9
OLDEST_D1_Z0_1_repair_em,2341,EM,-41708.57,0.006684,2e-07,1.27,5362.1
OLDEST_D1_Z0_1_repair_em,2342,EM,-41708.563,0.0070829,2e-07,2.29,5364.4
OLDEST_D1_Z0_1_repair_em,2343,EM,-41708.556,0.0074694,2e-07,10.98,5375.4
OLDEST_D1_Z0_1_repair_em,2344,EM,-41708.548,0.0078677,2e-07,2.91,5378.3
OLDEST_D1_Z0_1_repair_em,2345,EM,-41708.54,0.0082279,2e-07,2.29,5380.6
OLDEST_D1_Z0_1_repair_em,2346,EM,-41708.531,0.0086154,2e-07,1.27,5381.9
OLDEST_D1_Z0_1_repair_em,2347,EM,-41708.522,0.0090021,2e-07,1.79,5383.6
OLDEST_D1_Z0_1_repair_em,2348,EM,-41708.513,0.0093583,2e-07,1.02,5384.7
OLDEST_D1_Z0_1_repair_em,2349,EM,-41708.503,0.0097492,2e-07,2.07,5386.7
OLDEST_D1_Z0_1_repair_em,2350,EM,-41708.493,0.0101057,2e-07,2.37,5389.1
OLDEST_D1_Z0_1_repair_em,2351,EM,-41708.482,0.010471,3e-07,2.31,5391.4
OLDEST_D1_Z0_1_repair_em,2352,EM,-41708.471,0.0108292,3e-07,1.8,5393.2
OLDEST_D1_Z0_1_repair_em,2353,EM,-41708.46,0.011184,3e-07,2.09,5395.3
OLDEST_D1_Z0_1_repair_em,2354,EM,-41708.449,0.0115338,3e-07,1.1,5396.4
OLDEST_D1_Z0_1_repair_em,2355,EM,-41708.437,0.0118817,3e-07,1.62,5398.0
OLDEST_D1_Z0_1_repair_em,2356,EM,-41708.425,0.0122232,3e-07,1.3,5399.3
OLDEST_D1_Z0_1_repair_em,2357,EM,-41708.412,0.0125598,3e-07,1.92,5401.2
OLDEST_D1_Z0_1_repair_em,2358,EM,-41708.399,0.0128919,3e-07,3.31,5404.6
OLDEST_D1_Z0_1_repair_em,2359,EM,-41708.386,0.0132191,3e-07,1.94,5406.5
OLDEST_D1_Z0_1_repair_em,2360,EM,-41708.372,0.0135412,3e-07,2.2,5408.7
OLDEST_D1_Z0_1_repair_em,2361,EM,-41708.359,0.0138582,3e-07,1.84,5410.5
OLDEST_D1_Z0_1_repair_em,2362,EM,-41708.344,0.0141686,3e-07,2.37,5412.9
OLDEST_D1_Z0_1_repair_em,2363,EM,-41708.33,0.0144781,3e-07,1.35,5414.3
OLDEST_D1_Z0_1_repair_em,2364,EM,-41708.315,0.014778,4e-07,1.62,5415.9
OLDEST_D1_Z0_1_repair_em,2365,EM,-41708.3,0.0150737,4e-07,1.51,5417.4
OLDEST_D1_Z0_1_repair_em,2366,EM,-41708.285,0.0153634,4e-07,1.4,5418.8
OLDEST_D1_Z0_1_repair_em,2367,EM,-41708.269,0.0156474,4e-07,1.27,5420.0
OLDEST_D1_Z0_1_repair_em,2368,EM,-41708.253,0.0159255,4e-07,1.71,5421.8
OLDEST_D1_Z0_1_repair_em,2369,EM,-41708.237,0.0161976,4e-07,2.8,5424.6
OLDEST_D1_Z0_1_repair_em,2370,EM,-41708.22,0.0164636,4e-07,1.42,5426.0
OLDEST_D1_Z0_1_repair_em,2371,EM,-41708.204,0.0167235,4e-07,1.68,5427.7
OLDEST_D1_Z0_1_repair_em,2372,EM,-41708.187,0.0169783,4e-07,2.81,5430.5
OLDEST_D1_Z0_1_repair_em,2373,EM,-41708.17,0.0172289,4e-07,11.91,5442.4
OLDEST_D1_Z0_1_repair_em,2374,EM,-41708.152,0.0174627,4e-07,3.17,5445.6
OLDEST_D1_Z0_1_repair_em,2375,EM,-41708.134,0.0177008,4e-07,1.7,5447.3
OLDEST_D1_Z0_1_repair_em,2376,EM,-41708.116,0.0179281,4e-07,2.66,5449.9
OLDEST_D1_Z0_1_repair_em,2377,EM,-41708.098,0.0181539,4e-07,10.76,5460.7
OLDEST_D1_Z0_1_repair_em,2378,EM,-41708.08,0.0183596,4e-07,3.05,5463.7
OLDEST_D1_Z0_1_repair_em,2379,EM,-41708.061,0.0185759,4e-07,1.7,5465.4
OLDEST_D1_Z0_1_repair_em,2380,EM,-41708.043,0.0187685,4e-07,0.98,5466.4
OLDEST_D1_Z0_1_repair_em,2381,EM,-41708.024,0.0189847,5e-07,1.78,5468.2
OLDEST_D1_Z0_1_repair_em,2382,EM,-41708.004,0.0191582,5e-07,1.97,5470.2
OLDEST_D1_Z0_1_repair_em,2383,EM,-41707.985,0.0193377,5e-07,1.98,5472.1
OLDEST_D1_Z0_1_repair_em,2384,EM,-41707.966,0.0195203,5e-07,1.53,5473.7
OLDEST_D1_Z0_1_repair_em,2385,EM,-41707.946,0.0196783,5e-07,1.91,5475.6
OLDEST_D1_Z0_1_repair_em,2386,EM,-41707.926,0.0198528,5e-07,3.92,5479.5
OLDEST_D1_Z0_1_repair_em,2387,EM,-41707.906,0.0199925,5e-07,4.79,5484.3
OLDEST_D1_Z0_1_repair_em,2388,EM,-41707.886,0.0201445,5e-07,15.22,5499.5
OLDEST_D1_Z0_1_repair_em,2389,EM,-41707.866,0.0202939,5e-07,3.23,5502.7
OLDEST_D1_Z0_1_repair_em,2390,EM,-41707.845,0.0204472,5e-07,1.52,5504.3
OLDEST_D1_Z0_1_repair_em,2391,EM,-41707.825,0.0205248,5e-07,1.55,5505.8
OLDEST_D1_Z0_1_repair_em,2392,EM,-41707.804,0.0206623,5e-07,1.88,5507.7
OLDEST_D1_Z0_1_repair_em,2393,EM,-41707.783,0.0207796,5e-07,1.41,5509.1
OLDEST_D1_Z0_1_repair_em,2394,EM,-41707.762,0.0208845,5e-07,1.21,5510.3
OLDEST_D1_Z0_1_repair_em,2395,EM,-41707.741,0.020992,5e-07,1.51,5511.8
OLDEST_D1_Z0_1_repair_em,2396,EM,-41707.72,0.0210815,5e-07,1.35,5513.2
OLDEST_D1_Z0_1_repair_em,2397,EM,-41707.699,0.0211691,5e-07,1.85,5515.0
OLDEST_D1_Z0_1_repair_em,2398,EM,-41707.678,0.0212473,5e-07,1.32,5516.4
OLDEST_D1_Z0_1_repair_em,2399,EM,-41707.657,0.0213101,5e-07,1.08,5517.4
OLDEST_D1_Z0_1_repair_em,2400,EM,-41707.635,0.0213974,5e-07,1.27,5518.7
OLDEST_D1_Z0_1_repair_em,2401,EM,-41707.614,0.0214557,5e-07,1.24,5519.9
OLDEST_D1_Z0_1_repair_em,2402,EM,-41707.592,0.0215057,5e-07,1.14,5521.1
OLDEST_D1_Z0_1_repair_em,2403,EM,-41707.571,0.0215535,5e-07,1.41,5522.5
OLDEST_D1_Z0_1_repair_em,2404,EM,-41707.549,0.0215996,5e-07,1.81,5524.3
OLDEST_D1_Z0_1_repair_em,2405,EM,-41707.527,0.0216291,5e-07,10.84,5535.1
OLDEST_D1_Z0_1_repair_em,2406,EM,-41707.506,0.0216597,5e-07,8.94,5544.1
OLDEST_D1_Z0_1_repair_em,2407,EM,-41707.484,0.0216847,5e-07,2.44,5546.5
OLDEST_D1_Z0_1_repair_em,2408,EM,-41707.462,0.0216974,5e-07,1.52,5548.0
OLDEST_D1_Z0_1_repair_em,2409,EM,-41707.441,0.0217232,5e-07,1.37,5549.4
OLDEST_D1_Z0_1_repair_em,2410,EM,-41707.419,0.0217024,5e-07,1.24,5550.6
OLDEST_D1_Z0_1_repair_em,2411,EM,-41707.397,0.0217225,5e-07,0.93,5551.6
OLDEST_D1_Z0_1_repair_em,2412,EM,-41707.375,0.0217036,5e-07,0.98,5552.6
OLDEST_D1_Z0_1_repair_em,2413,EM,-41707.354,0.0216991,5e-07,1.16,5553.7
OLDEST_D1_Z0_1_repair_em,2414,EM,-41707.332,0.0216827,5e-07,1.22,5554.9
OLDEST_D1_Z0_1_repair_em,2415,EM,-41707.31,0.0216647,5e-07,0.96,5555.9
OLDEST_D1_Z0_1_repair_em,2416,EM,-41707.289,0.0216252,5e-07,1.09,5557.0
OLDEST_D1_Z0_1_repair_em,2417,EM,-41707.267,0.0216061,5e-07,1.03,5558.0
OLDEST_D1_Z0_1_repair_em,2418,EM,-41707.246,0.0215589,5e-07,0.98,5559.0
OLDEST_D1_Z0_1_repair_em,2419,EM,-41707.224,0.0215248,5e-07,1.1,5560.1
OLDEST_D1_Z0_1_repair_em,2420,EM,-41707.203,0.0214765,5e-07,1.5,5561.6
OLDEST_D1_Z0_1_repair_em,2421,EM,-41707.181,0.0214217,5e-07,1.23,5562.8
OLDEST_D1_Z0_1_repair_em,2422,EM,-41707.16,0.0213691,5e-07,1.16,5564.0
OLDEST_D1_Z0_1_repair_em,2423,EM,-41707.139,0.0213034,5e-07,1.59,5565.6
OLDEST_D1_Z0_1_repair_em,2424,EM,-41707.117,0.0212424,5e-07,10.37,5576.0
OLDEST_D1_Z0_1_repair_em,2425,EM,-41707.096,0.0211709,5e-07,2.29,5578.2
OLDEST_D1_Z0_1_repair_em,2426,EM,-41707.075,0.0210828,5e-07,1.04,5579.3
OLDEST_D1_Z0_1_repair_em,2427,EM,-41707.054,0.0210329,5e-07,1.77,5581.1
OLDEST_D1_Z0_1_repair_em,2428,EM,-41707.033,0.0209387,5e-07,1.21,5582.3
OLDEST_D1_Z0_1_repair_em,2429,EM,-41707.012,0.0208569,5e-07,1.36,5583.6
OLDEST_D1_Z0_1_repair_em,2430,EM,-41706.991,0.0207638,5e-07,1.19,5584.8
OLDEST_D1_Z0_1_repair_em,2431,EM,-41706.971,0.0206646,5e-07,2.05,5586.9
OLDEST_D1_Z0_1_repair_em,2432,EM,-41706.95,0.0205834,5e-07,2.53,5589.4
OLDEST_D1_Z0_1_repair_em,2433,EM,-41706.93,0.0204872,5e-07,10.78,5600.2
OLDEST_D1_Z0_1_repair_em,2434,EM,-41706.909,0.0203804,5e-07,2.95,5603.1
OLDEST_D1_Z0_1_repair_em,2435,EM,-41706.889,0.0202751,5e-07,2.15,5605.3
OLDEST_D1_Z0_1_repair_em,2436,EM,-41706.869,0.0201574,5e-07,1.13,5606.4
OLDEST_D1_Z0_1_repair_em,2437,EM,-41706.849,0.0200599,5e-07,2.16,5608.6
OLDEST_D1_Z0_1_repair_em,2438,EM,-41706.829,0.0199904,5e-07,1.49,5610.1
OLDEST_D1_Z0_1_repair_em,2439,EM,-41706.809,0.0197931,5e-07,1.31,5611.4
OLDEST_D1_Z0_1_repair_em,2440,EM,-41706.789,0.0197034,5e-07,1.2,5612.6
OLDEST_D1_Z0_1_repair_em,2441,EM,-41706.77,0.019601,5e-07,1.46,5614.0
OLDEST_D1_Z0_1_repair_em,2442,EM,-41706.75,0.019473,5e-07,1.52,5615.6
OLDEST_D1_Z0_1_repair_em,2443,EM,-41706.731,0.0193512,5e-07,1.22,5616.8
OLDEST_D1_Z0_1_repair_em,2444,EM,-41706.712,0.0192143,5e-07,1.5,5618.3
OLDEST_D1_Z0_1_repair_em,2445,EM,-41706.693,0.0191184,5e-07,1.16,5619.5
OLDEST_D1_Z0_1_repair_em,2446,EM,-41706.674,0.0189755,5e-07,1.59,5621.0
OLDEST_D1_Z0_1_repair_em,2447,EM,-41706.655,0.0188434,5e-07,1.0,5622.0
OLDEST_D1_Z0_1_repair_em,2448,EM,-41706.636,0.0187181,4e-07,1.43,5623.5
OLDEST_D1_Z0_1_repair_em,2449,EM,-41706.617,0.0185802,4e-07,1.53,5625.0
OLDEST_D1_Z0_1_repair_em,2450,EM,-41706.599,0.0184505,4e-07,1.56,5626.6
OLDEST_D1_Z0_1_repair_em,2451,EM,-41706.581,0.0183165,4e-07,1.2,5627.8
OLDEST_D1_Z0_1_repair_em,2452,EM,-41706.563,0.018183,4e-07,1.42,5629.2
OLDEST_D1_Z0_1_repair_em,2453,EM,-41706.544,0.0180491,4e-07,0.98,5630.2
OLDEST_D1_Z0_1_repair_em,2454,EM,-41706.527,0.0179137,4e-07,1.17,5631.3
OLDEST_D1_Z0_1_repair_em,2455,EM,-41706.509,0.0177779,4e-07,0.95,5632.3
OLDEST_D1_Z0_1_repair_em,2456,EM,-41706.491,0.0176416,4e-07,1.16,5633.4
OLDEST_D1_Z0_1_repair_em,2457,EM,-41706.474,0.0175083,4e-07,1.54,5635.0
OLDEST_D1_Z0_1_repair_em,2458,EM,-41706.456,0.0173728,4e-07,1.05,5636.0
OLDEST_D1_Z0_1_repair_em,2459,EM,-41706.439,0.0172373,4e-07,0.92,5637.0
OLDEST_D1_Z0_1_repair_em,2460,EM,-41706.422,0.0171027,4e-07,1.0,5638.0
OLDEST_D1_Z0_1_repair_em,2461,EM,-41706.405,0.0169682,4e-07,1.32,5639.3
OLDEST_D1_Z0_1_repair_em,2462,EM,-41706.388,0.0168342,4e-07,0.99,5640.3
OLDEST_D1_Z0_1_repair_em,2463,EM,-41706.371,0.0167009,4e-07,1.38,5641.6
OLDEST_D1_Z0_1_repair_em,2464,EM,-41706.355,0.0165681,4e-07,1.2,5642.8
OLDEST_D1_Z0_1_repair_em,2465,EM,-41706.338,0.0164361,4e-07,1.17,5644.0
OLDEST_D1_Z0_1_repair_em,2466,EM,-41706.322,0.0163054,4e-07,1.67,5645.7
OLDEST_D1_Z0_1_repair_em,2467,EM,-41706.306,0.016175,4e-07,11.38,5657.1
OLDEST_D1_Z0_1_repair_em,2468,EM,-41706.29,0.0160467,4e-07,2.22,5659.3
OLDEST_D1_Z0_1_repair_em,2469,EM,-41706.274,0.0159156,4e-07,1.39,5660.7
OLDEST_D1_Z0_1_repair_em,2470,EM,-41706.258,0.0157892,4e-07,1.84,5662.5
OLDEST_D1_Z0_1_repair_em,2471,EM,-41706.243,0.0156606,4e-07,1.46,5664.0
OLDEST_D1_Z0_1_repair_em,2472,EM,-41706.227,0.0155452,4e-07,1.11,5665.1
OLDEST_D1_Z0_1_repair_em,2473,EM,-41706.212,0.0154209,4e-07,1.36,5666.4
OLDEST_D1_Z0_1_repair_em,2474,EM,-41706.196,0.0152892,4e-07,1.29,5667.7
OLDEST_D1_Z0_1_repair_em,2475,EM,-41706.181,0.015189,4e-07,1.08,5668.8
OLDEST_D1_Z0_1_repair_em,2476,EM,-41706.166,0.0150707,4e-07,1.18,5670.0
OLDEST_D1_Z0_1_repair_em,2477,EM,-41706.151,0.0149486,4e-07,1.27,5671.3
OLDEST_D1_Z0_1_repair_em,2478,EM,-41706.136,0.01483,4e-07,1.12,5672.4
OLDEST_D1_Z0_1_repair_em,2479,EM,-41706.122,0.0147227,4e-07,0.95,5673.3
OLDEST_D1_Z0_1_repair_em,2480,EM,-41706.107,0.0146006,4e-07,0.91,5674.2
OLDEST_D1_Z0_1_repair_em,2481,EM,-41706.092,0.0145128,3e-07,1.2,5675.4
OLDEST_D1_Z0_1_repair_em,2482,EM,-41706.078,0.0144008,3e-07,0.89,5676.3
OLDEST_D1_Z0_1_repair_em,2483,EM,-41706.064,0.0142952,3e-07,1.05,5677.4
OLDEST_D1_Z0_1_repair_em,2484,EM,-41706.05,0.0141938,3e-07,0.93,5678.3
OLDEST_D1_Z0_1_repair_em,2485,EM,-41706.035,0.014096,3e-07,1.07,5679.4
OLDEST_D1_Z0_1_repair_em,2486,EM,-41706.021,0.0139988,3e-07,1.8,5681.2
OLDEST_D1_Z0_1_repair_em,2487,EM,-41706.008,0.0138988,3e-07,8.44,5689.6
OLDEST_D1_Z0_1_repair_em,2488,EM,-41705.994,0.0138133,3e-07,2.88,5692.5
OLDEST_D1_Z0_1_repair_em,2489,EM,-41705.98,0.0137177,3e-07,9.5,5702.0
OLDEST_D1_Z0_1_repair_em,2490,EM,-41705.966,0.0136348,3e-07,2.02,5704.0
OLDEST_D1_Z0_1_repair_em,2491,EM,-41705.953,0.0135523,3e-07,1.26,5705.3
OLDEST_D1_Z0_1_repair_em,2492,EM,-41705.939,0.0134587,3e-07,1.62,5706.9
OLDEST_D1_Z0_1_repair_em,2493,EM,-41705.926,0.0133655,3e-07,2.53,5709.4
OLDEST_D1_Z0_1_repair_em,2494,EM,-41705.913,0.0133029,3e-07,8.95,5718.4
OLDEST_D1_Z0_1_repair_em,2495,EM,-41705.899,0.0132336,3e-07,2.12,5720.5
OLDEST_D1_Z0_1_repair_em,2496,EM,-41705.886,0.0131512,3e-07,1.91,5722.4
OLDEST_D1_Z0_1_repair_em,2497,EM,-41705.873,0.0130797,3e-07,9.72,5732.1
OLDEST_D1_Z0_1_repair_em,2498,EM,-41705.86,0.0130172,3e-07,2.91,5735.0
OLDEST_D1_Z0_1_repair_em,2499,EM,-41705.847,0.0129488,3e-07,1.54,5736.6
OLDEST_D1_Z0_1_repair_em,2500,EM,-41705.834,0.0128764,3e-07,1.93,5738.5
OLDEST_D1_Z0_1_repair_em,2501,EM,-41705.822,0.0128125,3e-07,1.59,5740.1
OLDEST_D1_Z0_1_repair_em,2502,EM,-41705.809,0.0127743,3e-07,2.28,5742.4
OLDEST_D1_Z0_1_repair_em,2503,EM,-41705.796,0.0127017,3e-07,1.17,5743.5
OLDEST_D1_Z0_1_repair_em,2504,EM,-41705.783,0.0126457,3e-07,2.2,5745.7
OLDEST_D1_Z0_1_repair_em,2505,EM,-41705.771,0.0125933,3e-07,1.62,5747.4
OLDEST_D1_Z0_1_repair_em,2506,EM,-41705.758,0.0125479,3e-07,2.17,5749.5
OLDEST_D1_Z0_1_repair_em,2507,EM,-41705.746,0.0125029,3e-07,11.02,5760.6
OLDEST_D1_Z0_1_repair_em,2508,EM,-41705.733,0.0124569,3e-07,2.7,5763.2
OLDEST_D1_Z0_1_repair_em,2509,EM,-41705.721,0.0123895,3e-07,1.05,5764.3
OLDEST_D1_Z0_1_repair_em,2510,EM,-41705.709,0.0123686,3e-07,2.02,5766.3
OLDEST_D1_Z0_1_repair_em,2511,EM,-41705.696,0.0123419,3e-07,1.41,5767.7
OLDEST_D1_Z0_1_repair_em,2512,EM,-41705.684,0.0122792,3e-07,1.74,5769.5
OLDEST_D1_Z0_1_repair_em,2513,EM,-41705.672,0.0122482,3e-07,2.21,5771.7
OLDEST_D1_Z0_1_repair_em,2514,EM,-41705.659,0.0122057,3e-07,1.55,5773.2
OLDEST_D1_Z0_1_repair_em,2515,EM,-41705.647,0.0121877,3e-07,1.39,5774.6
OLDEST_D1_Z0_1_repair_em,2516,EM,-41705.635,0.012145,3e-07,1.55,5776.2
OLDEST_D1_Z0_1_repair_em,2517,EM,-41705.623,0.0121223,3e-07,1.72,5777.9
OLDEST_D1_Z0_1_repair_em,2518,EM,-41705.611,0.0120934,3e-07,1.83,5779.7
OLDEST_D1_Z0_1_repair_em,2519,EM,-41705.599,0.0120697,3e-07,1.4,5781.1
OLDEST_D1_Z0_1_repair_em,2520,EM,-41705.587,0.0120383,3e-07,1.88,5783.0
OLDEST_D1_Z0_1_repair_em,2521,EM,-41705.575,0.0120188,3e-07,1.59,5784.6
OLDEST_D1_Z0_1_repair_em,2522,EM,-41705.563,0.0119971,3e-07,2.3,5786.9
OLDEST_D1_Z0_1_repair_em,2523,EM,-41705.551,0.0119765,3e-07,1.46,5788.4
OLDEST_D1_Z0_1_repair_em,2524,EM,-41705.539,0.0119564,3e-07,1.28,5789.6
OLDEST_D1_Z0_1_repair_em,2525,EM,-41705.527,0.0119372,3e-07,1.23,5790.9
OLDEST_D1_Z0_1_repair_em,2526,EM,-41705.515,0.011922,3e-07,1.01,5791.9
OLDEST_D1_Z0_1_repair_em,2527,EM,-41705.503,0.0119054,3e-07,1.56,5793.4
OLDEST_D1_Z0_1_repair_em,2528,EM,-41705.491,0.0118916,3e-07,0.98,5794.4
OLDEST_D1_Z0_1_repair_em,2529,EM,-41705.479,0.0118771,3e-07,1.02,5795.4
OLDEST_D1_Z0_1_repair_em,2530,EM,-41705.467,0.0118641,3e-07,1.27,5796.7
OLDEST_D1_Z0_1_repair_em,2531,EM,-41705.456,0.0118522,3e-07,0.84,5797.5
OLDEST_D1_Z0_1_repair_em,2532,EM,-41705.444,0.0118416,3e-07,1.87,5799.4
OLDEST_D1_Z0_1_repair_em,2533,EM,-41705.432,0.0118297,3e-07,1.59,5801.0
OLDEST_D1_Z0_1_repair_em,2534,EM,-41705.42,0.0118207,3e-07,1.07,5802.1
OLDEST_D1_Z0_1_repair_em,2535,EM,-41705.408,0.0118117,3e-07,1.15,5803.2
OLDEST_D1_Z0_1_repair_em,2536,EM,-41705.397,0.0118032,3e-07,1.0,5804.2
OLDEST_D1_Z0_1_repair_em,2537,EM,-41705.385,0.0117952,3e-07,0.96,5805.2
OLDEST_D1_Z0_1_repair_em,2538,EM,-41705.373,0.0117876,3e-07,1.48,5806.7
OLDEST_D1_Z0_1_repair_em,2539,EM,-41705.361,0.0117805,3e-07,0.93,5807.6
OLDEST_D1_Z0_1_repair_em,2540,EM,-41705.349,0.0117742,3e-07,1.31,5808.9
OLDEST_D1_Z0_1_repair_em,2541,EM,-41705.338,0.0117665,3e-07,0.95,5809.8
OLDEST_D1_Z0_1_repair_em,2542,EM,-41705.326,0.011761,3e-07,1.51,5811.4
OLDEST_D1_Z0_1_repair_em,2543,EM,-41705.314,0.0117551,3e-07,0.95,5812.3
OLDEST_D1_Z0_1_repair_em,2544,EM,-41705.302,0.0117495,3e-07,1.36,5813.7
OLDEST_D1_Z0_1_repair_em,2545,EM,-41705.291,0.0117439,3e-07,1.05,5814.7
OLDEST_D1_Z0_1_repair_em,2546,EM,-41705.279,0.0117384,3e-07,1.28,5816.0
OLDEST_D1_Z0_1_repair_em,2547,EM,-41705.267,0.0117329,3e-07,1.05,5817.0
OLDEST_D1_Z0_1_repair_em,2548,EM,-41705.255,0.0117275,3e-07,1.1,5818.1
OLDEST_D1_Z0_1_repair_em,2549,EM,-41705.244,0.0117219,3e-07,1.53,5819.7
OLDEST_D1_Z0_1_repair_em,2550,EM,-41705.232,0.011716,3e-07,1.23,5820.9
OLDEST_D1_Z0_1_repair_em,2551,EM,-41705.22,0.0117111,3e-07,0.9,5821.8
OLDEST_D1_Z0_1_repair_em,2552,EM,-41705.209,0.0117053,3e-07,1.15,5823.0
OLDEST_D1_Z0_1_repair_em,2553,EM,-41705.197,0.0116984,3e-07,1.27,5824.2
OLDEST_D1_Z0_1_repair_em,2554,EM,-41705.185,0.0116924,3e-07,1.07,5825.3
OLDEST_D1_Z0_1_repair_em,2555,EM,-41705.173,0.0116858,3e-07,1.32,5826.6
OLDEST_D1_Z0_1_repair_em,2556,EM,-41705.162,0.011679,3e-07,1.2,5827.8
OLDEST_D1_Z0_1_repair_em,2557,EM,-41705.15,0.0116721,3e-07,0.94,5828.8
OLDEST_D1_Z0_1_repair_em,2558,EM,-41705.138,0.0116647,3e-07,1.27,5830.0
OLDEST_D1_Z0_1_repair_em,2559,EM,-41705.127,0.011657,3e-07,1.12,5831.1
OLDEST_D1_Z0_1_repair_em,2560,EM,-41705.115,0.0116487,3e-07,0.95,5832.1
OLDEST_D1_Z0_1_repair_em,2561,EM,-41705.104,0.0116401,3e-07,1.32,5833.4
OLDEST_D1_Z0_1_repair_em,2562,EM,-41705.092,0.0116312,3e-07,0.83,5834.2
OLDEST_D1_Z0_1_repair_em,2563,EM,-41705.08,0.0116215,3e-07,0.95,5835.2
OLDEST_D1_Z0_1_repair_em,2564,EM,-41705.069,0.0116119,3e-07,0.84,5836.0
OLDEST_D1_Z0_1_repair_em,2565,EM,-41705.057,0.0116016,3e-07,1.02,5837.0
OLDEST_D1_Z0_1_repair_em,2566,EM,-41705.045,0.0115905,3e-07,0.95,5838.0
OLDEST_D1_Z0_1_repair_em,2567,EM,-41705.034,0.0115791,3e-07,0.93,5838.9
OLDEST_D1_Z0_1_repair_em,2568,EM,-41705.022,0.0115671,3e-07,1.29,5840.2
OLDEST_D1_Z0_1_repair_em,2569,EM,-41705.011,0.0115538,3e-07,1.62,5841.8
OLDEST_D1_Z0_1_repair_em,2570,EM,-41704.999,0.0115401,3e-07,9.18,5851.0
OLDEST_D1_Z0_1_repair_em,2571,EM,-41704.988,0.0115294,3e-07,2.23,5853.2
OLDEST_D1_Z0_1_repair_em,2572,EM,-41704.976,0.0115145,3e-07,1.3,5854.5
OLDEST_D1_Z0_1_repair_em,2573,EM,-41704.965,0.0115042,3e-07,1.48,5856.0
OLDEST_D1_Z0_1_repair_em,2574,EM,-41704.953,0.0114727,3e-07,1.11,5857.1
OLDEST_D1_Z0_1_repair_em,2575,EM,-41704.942,0.0114788,3e-07,1.16,5858.3
OLDEST_D1_Z0_1_repair_em,2576,EM,-41704.93,0.0114488,3e-07,1.39,5859.7
OLDEST_D1_Z0_1_repair_em,2577,EM,-41704.919,0.0114286,3e-07,1.41,5861.1
OLDEST_D1_Z0_1_repair_em,2578,EM,-41704.907,0.0114012,3e-07,1.14,5862.2
OLDEST_D1_Z0_1_repair_em,2579,EM,-41704.896,0.0114073,3e-07,1.77,5864.0
OLDEST_D1_Z0_1_repair_em,2580,EM,-41704.885,0.0113811,3e-07,9.65,5873.6
OLDEST_D1_Z0_1_repair_em,2581,EM,-41704.873,0.0113687,3e-07,4.55,5878.2
OLDEST_D1_Z0_1_repair_em,2582,EM,-41704.862,0.0113398,3e-07,1.18,5879.4
OLDEST_D1_Z0_1_repair_em,2583,EM,-41704.851,0.0113331,3e-07,1.26,5880.6
OLDEST_D1_Z0_1_repair_em,2584,EM,-41704.839,0.0112862,3e-07,1.47,5882.1
OLDEST_D1_Z0_1_repair_em,2585,EM,-41704.828,0.011277,3e-07,1.54,5883.6
OLDEST_D1_Z0_1_repair_em,2586,EM,-41704.817,0.0112606,3e-07,1.61,5885.3
OLDEST_D1_Z0_1_repair_em,2587,EM,-41704.806,0.0112316,3e-07,9.25,5894.5
OLDEST_D1_Z0_1_repair_em,2588,EM,-41704.794,0.0111944,3e-07,4.81,5899.3
OLDEST_D1_Z0_1_repair_em,2589,EM,-41704.783,0.0111821,3e-07,0.99,5900.3
OLDEST_D1_Z0_1_repair_em,2590,EM,-41704.772,0.0111559,3e-07,1.76,5902.1
OLDEST_D1_Z0_1_repair_em,2591,EM,-41704.761,0.0111306,3e-07,1.17,5903.2
OLDEST_D1_Z0_1_repair_em,2592,EM,-41704.75,0.0111028,3e-07,1.29,5904.5
OLDEST_D1_Z0_1_repair_em,2593,EM,-41704.739,0.0110789,3e-07,1.53,5906.1
OLDEST_D1_Z0_1_repair_em,2594,EM,-41704.728,0.0110599,3e-07,1.2,5907.3
OLDEST_D1_Z0_1_repair_em,2595,EM,-41704.717,0.0110228,3e-07,1.13,5908.4
OLDEST_D1_Z0_1_repair_em,2596,EM,-41704.706,0.0109968,3e-07,1.61,5910.0
OLDEST_D1_Z0_1_repair_em,2597,EM,-41704.695,0.0109671,3e-07,1.66,5911.7
OLDEST_D1_Z0_1_repair_em,2598,EM,-41704.684,0.0109405,3e-07,0.93,5912.6
OLDEST_D1_Z0_1_repair_em,2599,EM,-41704.673,0.0109075,3e-07,1.12,5913.7
OLDEST_D1_Z0_1_repair_em,2600,EM,-41704.662,0.0108749,3e-07,2.34,5916.0
OLDEST_D1_Z0_1_repair_em,2601,EM,-41704.651,0.0108418,3e-07,12.1,5928.1
OLDEST_D1_Z0_1_repair_em,2602,EM,-41704.64,0.0108133,3e-07,6.48,5934.6
OLDEST_D1_Z0_1_repair_em,2603,EM,-41704.63,0.010786,3e-07,1.92,5936.6
OLDEST_D1_Z0_1_repair_em,2604,EM,-41704.619,0.0107595,3e-07,2.21,5938.8
OLDEST_D1_Z0_1_repair_em,2605,EM,-41704.608,0.0107126,3e-07,1.78,5940.5
OLDEST_D1_Z0_1_repair_em,2606,EM,-41704.597,0.0106925,3e-07,1.28,5941.8
OLDEST_D1_Z0_1_repair_em,2607,EM,-41704.587,0.0106419,3e-07,1.77,5943.6
OLDEST_D1_Z0_1_repair_em,2608,EM,-41704.576,0.0106198,3e-07,1.04,5944.6
OLDEST_D1_Z0_1_repair_em,2609,EM,-41704.565,0.0105835,3e-07,1.33,5946.0
OLDEST_D1_Z0_1_repair_em,2610,EM,-41704.555,0.0105466,3e-07,1.1,5947.1
OLDEST_D1_Z0_1_repair_em,2611,EM,-41704.544,0.0105114,3e-07,2.16,5949.2
OLDEST_D1_Z0_1_repair_em,2612,EM,-41704.534,0.0104677,3e-07,12.12,5961.4
OLDEST_D1_Z0_1_repair_em,2613,EM,-41704.524,0.0104347,3e-07,6.72,5968.1
OLDEST_D1_Z0_1_repair_em,2614,EM,-41704.513,0.0103987,2e-07,2.08,5970.1
OLDEST_D1_Z0_1_repair_em,2615,EM,-41704.503,0.0103641,2e-07,1.98,5972.1
OLDEST_D1_Z0_1_repair_em,2616,EM,-41704.492,0.0103334,2e-07,1.54,5973.7
OLDEST_D1_Z0_1_repair_em,2617,EM,-41704.482,0.0102909,2e-07,1.49,5975.2
OLDEST_D1_Z0_1_repair_em,2618,EM,-41704.472,0.0102432,2e-07,1.95,5977.1
OLDEST_D1_Z0_1_repair_em,2619,EM,-41704.462,0.0102193,2e-07,1.14,5978.2
OLDEST_D1_Z0_1_repair_em,2620,EM,-41704.452,0.0101751,2e-07,1.02,5979.3
OLDEST_D1_Z0_1_repair_em,2621,EM,-41704.441,0.0101365,2e-07,1.36,5980.6
OLDEST_D1_Z0_1_repair_em,2622,EM,-41704.431,0.0100957,2e-07,1.81,5982.4
OLDEST_D1_Z0_1_repair_em,2623,EM,-41704.421,0.0100537,2e-07,2.16,5984.6
OLDEST_D1_Z0_1_repair_em,2624,EM,-41704.411,0.0100161,2e-07,10.81,5995.4
OLDEST_D1_Z0_1_repair_em,2625,EM,-41704.401,0.0099877,2e-07,2.87,5998.3
OLDEST_D1_Z0_1_repair_em,2626,EM,-41704.391,0.0099271,2e-07,1.25,5999.5
OLDEST_D1_Z0_1_repair_em,2627,EM,-41704.381,0.0098897,2e-07,1.5,6001.0
OLDEST_D1_Z0_1_repair_em,2628,EM,-41704.372,0.0098524,2e-07,1.53,6002.6
OLDEST_D1_Z0_1_repair_em,2629,EM,-41704.362,0.0098262,2e-07,1.57,6004.1
OLDEST_D1_Z0_1_repair_em,2630,EM,-41704.352,0.009765,2e-07,0.91,6005.1
OLDEST_D1_Z0_1_repair_em,2631,EM,-41704.342,0.0097366,2e-07,1.17,6006.2
OLDEST_D1_Z0_1_repair_em,2632,EM,-41704.333,0.0096819,2e-07,1.45,6007.7
OLDEST_D1_Z0_1_repair_em,2633,EM,-41704.323,0.0096452,2e-07,2.82,6010.5
OLDEST_D1_Z0_1_repair_em,2634,EM,-41704.313,0.0096003,2e-07,1963.76,7974.2
OLDEST_D1_Z0_1_repair_em,2635,EM,-41704.304,0.0095652,2e-07,2.34,7976.6
OLDEST_D1_Z0_1_repair_em,2636,EM,-41704.294,0.0095263,2e-07,0.95,7977.5
OLDEST_D1_Z0_1_repair_em,2637,EM,-41704.285,0.0094795,2e-07,1.42,7979.0
OLDEST_D1_Z0_1_repair_em,2638,EM,-41704.275,0.0094318,2e-07,1.41,7980.4
OLDEST_D1_Z0_1_repair_em,2639,EM,-41704.266,0.0093883,2e-07,0.91,7981.3
OLDEST_D1_Z0_1_repair_em,2640,EM,-41704.257,0.0093545,2e-07,0.95,7982.2
OLDEST_D1_Z0_1_repair_em,2641,EM,-41704.247,0.0092999,2e-07,1.23,7983.5
OLDEST_D1_Z0_1_repair_em,2642,EM,-41704.238,0.0092616,2e-07,6.02,7989.5
OLDEST_D1_Z0_1_repair_em,2643,EM,-41704.229,0.0092235,2e-07,1.51,7991.0
OLDEST_D1_Z0_1_repair_em,2644,EM,-41704.22,0.0091738,2e-07,1.05,7992.0
OLDEST_D1_Z0_1_repair_em,2645,EM,-41704.21,0.0091304,2e-07,6.76,7998.8
OLDEST_D1_Z0_1_repair_em,2646,EM,-41704.201,0.0090886,2e-07,5.61,8004.4
OLDEST_D1_Z0_1_repair_em,2647,EM,-41704.192,0.0090448,2e-07,1.3,8005.7
OLDEST_D1_Z0_1_repair_em,2648,EM,-41704.183,0.0089971,2e-07,0.61,8006.3
OLDEST_D1_Z0_1_repair_em,2649,EM,-41704.174,0.0089629,2e-07,1.34,8007.7
OLDEST_D1_Z0_1_repair_em,2650,EM,-41704.165,0.0089112,2e-07,7.16,8014.8
OLDEST_D1_Z0_1_repair_em,2651,EM,-41704.157,0.0088682,2e-07,6.73,8021.5
OLDEST_D1_Z0_1_repair_em,2652,EM,-41704.148,0.0088345,2e-07,1.58,8023.1
OLDEST_D1_Z0_1_repair_em,2653,EM,-41704.139,0.0087741,2e-07,0.98,8024.1
OLDEST_D1_Z0_1_repair_em,2654,EM,-41704.13,0.0087442,2e-07,0.77,8024.9
OLDEST_D1_Z0_1_repair_em,2655,EM,-41704.122,0.0086846,2e-07,1.6,8026.5
OLDEST_D1_Z0_1_repair_em,2656,EM,-41704.113,0.0086428,2e-07,0.98,8027.5
OLDEST_D1_Z0_1_repair_em,2657,EM,-41704.104,0.0086085,2e-07,1.13,8028.6
OLDEST_D1_Z0_1_repair_em,2658,EM,-41704.096,0.0085624,2e-07,1.25,8029.8
OLDEST_D1_Z0_1_repair_em,2659,EM,-41704.087,0.0085178,2e-07,0.81,8030.6
OLDEST_D1_Z0_1_repair_em,2660,EM,-41704.079,0.0084752,2e-07,0.9,8031.5
OLDEST_D1_Z0_1_repair_em,2661,EM,-41704.07,0.0084313,2e-07,1.11,8032.7
OLDEST_D1_Z0_1_repair_em,2662,EM,-41704.062,0.0083872,2e-07,0.84,8033.5
OLDEST_D1_Z0_1_repair_em,2663,EM,-41704.054,0.0083427,2e-07,0.75,8034.2
OLDEST_D1_Z0_1_repair_em,2664,EM,-41704.045,0.0083001,2e-07,1.18,8035.4
OLDEST_D1_Z0_1_repair_em,2665,EM,-41704.037,0.0082559,2e-07,11.26,8046.7
OLDEST_D1_Z0_1_repair_em,2666,EM,-41704.029,0.0082126,2e-07,4.95,8051.6
OLDEST_D1_Z0_1_repair_em,2667,EM,-41704.021,0.0081658,2e-07,0.93,8052.6
OLDEST_D1_Z0_1_repair_em,2668,EM,-41704.012,0.0081557,2e-07,0.96,8053.5
OLDEST_D1_Z0_1_repair_em,2669,EM,-41704.004,0.0080753,2e-07,1.27,8054.8
OLDEST_D1_Z0_1_repair_em,2670,EM,-41703.996,0.008027,2e-07,1.15,8055.9
OLDEST_D1_Z0_1_repair_em,2671,EM,-41703.988,0.007983,2e-07,1.61,8057.5
OLDEST_D1_Z0_1_repair_em,2672,EM,-41703.98,0.0079534,2e-07,1.26,8058.8
OLDEST_D1_Z0_1_repair_em,2673,EM,-41703.973,0.0079019,2e-07,1.13,8059.9
OLDEST_D1_Z0_1_repair_em,2674,EM,-41703.965,0.0078656,2e-07,1.69,8061.6
OLDEST_D1_Z0_1_repair_em,2675,EM,-41703.957,0.0078117,2e-07,8.56,8070.2
OLDEST_D1_Z0_1_repair_em,2676,EM,-41703.949,0.0077881,2e-07,3.8,8074.0
OLDEST_D1_Z0_1_repair_em,2677,EM,-41703.941,0.0077344,2e-07,1.39,8075.4
OLDEST_D1_Z0_1_repair_em,2678,EM,-41703.934,0.0076908,2e-07,7.32,8082.7
OLDEST_D1_Z0_1_repair_em,2679,EM,-41703.926,0.0076466,2e-07,3.45,8086.1
OLDEST_D1_Z0_1_repair_em,2680,EM,-41703.918,0.0076089,2e-07,1.21,8087.4
OLDEST_D1_Z0_1_repair_em,2681,EM,-41703.911,0.0075777,2e-07,0.88,8088.2
OLDEST_D1_Z0_1_repair_em,2682,EM,-41703.903,0.0075215,2e-07,1.2,8089.4
OLDEST_D1_Z0_1_repair_em,2683,EM,-41703.896,0.0074806,2e-07,0.86,8090.3
OLDEST_D1_Z0_1_repair_em,2684,EM,-41703.888,0.0074406,2e-07,0.95,8091.2
OLDEST_D1_Z0_1_repair_em,2685,EM,-41703.881,0.0073984,2e-07,0.96,8092.2
OLDEST_D1_Z0_1_repair_em,2686,EM,-41703.874,0.0073514,2e-07,0.97,8093.2
OLDEST_D1_Z0_1_repair_em,2687,EM,-41703.866,0.007317,2e-07,0.95,8094.1
OLDEST_D1_Z0_1_repair_em,2688,EM,-41703.859,0.0072779,2e-07,1.31,8095.4
OLDEST_D1_Z0_1_repair_em,2689,EM,-41703.852,0.0072337,2e-07,7.18,8102.6
OLDEST_D1_Z0_1_repair_em,2690,EM,-41703.845,0.0071854,2e-07,3.85,8106.5
OLDEST_D1_Z0_1_repair_em,2691,EM,-41703.837,0.0071503,2e-07,0.77,8107.2
OLDEST_D1_Z0_1_repair_em,2692,EM,-41703.83,0.0071186,2e-07,0.91,8108.1
OLDEST_D1_Z0_1_repair_em,2693,EM,-41703.823,0.0070649,2e-07,1.05,8109.2
OLDEST_D1_Z0_1_repair_em,2694,EM,-41703.816,0.0070281,2e-07,0.84,8110.0
OLDEST_D1_Z0_1_repair_em,2695,EM,-41703.809,0.0069833,2e-07,0.64,8110.7
OLDEST_D1_Z0_1_repair_em,2696,EM,-41703.802,0.0069534,2e-07,1.76,8112.4
OLDEST_D1_Z0_1_repair_em,2697,EM,-41703.795,0.0069123,2e-07,6.63,8119.1
OLDEST_D1_Z0_1_repair_em,2698,EM,-41703.789,0.0068448,2e-07,1.32,8120.4
OLDEST_D1_Z0_1_repair_em,2699,EM,-41703.782,0.0068424,2e-07,1.12,8121.5
OLDEST_D1_Z0_1_repair_em,2700,EM,-41703.775,0.0068042,2e-07,0.85,8122.4
OLDEST_D1_Z0_1_repair_em,2701,EM,-41703.768,0.0067518,2e-07,1.4,8123.8
OLDEST_D1_Z0_1_repair_em,2702,EM,-41703.761,0.0067151,2e-07,6.92,8130.7
OLDEST_D1_Z0_1_repair_em,2703,EM,-41703.755,0.0066674,2e-07,4.48,8135.2
OLDEST_D1_Z0_1_repair_em,2704,EM,-41703.748,0.006642,2e-07,2.29,8137.4
OLDEST_D1_Z0_1_repair_em,2705,EM,-41703.742,0.006599,2e-07,6.78,8144.2
OLDEST_D1_Z0_1_repair_em,2706,EM,-41703.735,0.0065588,2e-07,4.13,8148.4
OLDEST_D1_Z0_1_repair_em,2707,EM,-41703.728,0.0065237,2e-07,1.23,8149.6
OLDEST_D1_Z0_1_repair_em,2708,EM,-41703.722,0.0064831,2e-07,1.25,8150.8
OLDEST_D1_Z0_1_repair_em,2709,EM,-41703.716,0.0064468,2e-07,0.78,8151.6
OLDEST_D1_Z0_1_repair_em,2710,EM,-41703.709,0.0063933,2e-07,1.17,8152.8
OLDEST_D1_Z0_1_repair_em,2711,EM,-41703.703,0.0063782,2e-07,0.91,8153.7
OLDEST_D1_Z0_1_repair_em,2712,EM,-41703.696,0.0063278,2e-07,0.74,8154.5
OLDEST_D1_Z0_1_repair_em,2713,EM,-41703.69,0.0062991,2e-07,0.88,8155.3
OLDEST_D1_Z0_1_repair_em,2714,EM,-41703.684,0.0062535,1e-07,1.27,8156.6
OLDEST_D1_Z0_1_repair_em,2715,EM,-41703.678,0.0062207,1e-07,6.87,8163.5
OLDEST_D1_Z0_1_repair_em,2716,EM,-41703.671,0.0061856,1e-07,4.28,8167.8
OLDEST_D1_Z0_1_repair_em,2717,EM,-41703.665,0.0061348,1e-07,0.76,8168.5
OLDEST_D1_Z0_1_repair_em,2718,EM,-41703.659,0.0061248,1e-07,0.94,8169.5
OLDEST_D1_Z0_1_repair_em,2719,EM,-41703.653,0.0060719,1e-07,1.01,8170.5
OLDEST_D1_Z0_1_repair_em,2720,EM,-41703.647,0.0060388,1e-07,1.02,8171.5
OLDEST_D1_Z0_1_repair_em,2721,EM,-41703.641,0.0060036,1e-07,0.85,8172.3
OLDEST_D1_Z0_1_repair_em,2722,EM,-41703.635,0.0059653,1e-07,0.84,8173.2
OLDEST_D1_Z0_1_repair_em,2723,EM,-41703.629,0.0059475,1e-07,1.34,8174.5
OLDEST_D1_Z0_1_repair_em,2724,EM,-41703.623,0.0058929,1e-07,6.73,8181.2
OLDEST_D1_Z0_1_repair_em,2725,EM,-41703.617,0.0058784,1e-07,1.35,8182.6
OLDEST_D1_Z0_1_repair_em,2726,EM,-41703.612,0.0058022,1e-07,1.01,8183.6
OLDEST_D1_Z0_1_repair_em,2727,EM,-41703.606,0.005799,1e-07,1.02,8184.6
OLDEST_D1_Z0_1_repair_em,2728,EM,-41703.6,0.0057653,1e-07,1.42,8186.0
OLDEST_D1_Z0_1_repair_em,2729,EM,-41703.594,0.0057292,1e-07,1.0,8187.0
OLDEST_D1_Z0_1_repair_em,2730,EM,-41703.589,0.0056699,1e-07,0.73,8187.8
OLDEST_D1_Z0_1_repair_em,2731,EM,-41703.583,0.0056766,1e-07,1.16,8188.9
OLDEST_D1_Z0_1_repair_em,2732,EM,-41703.577,0.0056363,1e-07,1.0,8189.9
OLDEST_D1_Z0_1_repair_em,2733,EM,-41703.572,0.0055971,1e-07,0.88,8190.8
OLDEST_D1_Z0_1_repair_em,2734,EM,-41703.566,0.0055651,1e-07,0.69,8191.5
OLDEST_D1_Z0_1_repair_em,2735,EM,-41703.561,0.0055309,1e-07,0.66,8192.1
OLDEST_D1_Z0_1_repair_em,2736,EM,-41703.555,0.0054983,1e-07,0.84,8193.0
OLDEST_D1_Z0_1_repair_em,2737,EM,-41703.55,0.0054697,1e-07,0.62,8193.6
OLDEST_D1_Z0_1_repair_em,2738,EM,-41703.544,0.0054336,1e-07,1.29,8194.9
OLDEST_D1_Z0_1_repair_em,2739,EM,-41703.539,0.0054015,1e-07,7.01,8201.9
OLDEST_D1_Z0_1_repair_em,2740,EM,-41703.533,0.0053696,1e-07,6.81,8208.7
OLDEST_D1_Z0_1_repair_em,2741,EM,-41703.528,0.0053399,1e-07,2.2,8210.9
OLDEST_D1_Z0_1_repair_em,2742,EM,-41703.523,0.0053084,1e-07,1.1,8212.0
OLDEST_D1_Z0_1_repair_em,2743,EM,-41703.518,0.005273,1e-07,1.38,8213.4
OLDEST_D1_Z0_1_repair_em,2744,EM,-41703.512,0.0052452,1e-07,1.02,8214.4
OLDEST_D1_Z0_1_repair_em,2745,EM,-41703.507,0.0052175,1e-07,0.84,8215.3
OLDEST_D1_Z0_1_repair_em,2746,EM,-41703.502,0.0051822,1e-07,0.7,8216.0
OLDEST_D1_Z0_1_repair_em,2747,EM,-41703.497,0.0051564,1e-07,0.73,8216.7
OLDEST_D1_Z0_1_repair_em,2748,EM,-41703.492,0.0051199,1e-07,1.46,8218.2
OLDEST_D1_Z0_1_repair_em,2749,EM,-41703.487,0.00508,1e-07,1.35,8219.5
OLDEST_D1_Z0_1_repair_em,2750,EM,-41703.481,0.005066,1e-07,1.2,8220.7
OLDEST_D1_Z0_1_repair_em,2751,EM,-41703.476,0.0050359,1e-07,0.74,8221.4
OLDEST_D1_Z0_1_repair_em,2752,EM,-41703.471,0.0050031,1e-07,1.36,8222.8
OLDEST_D1_Z0_1_repair_em,2753,EM,-41703.466,0.0049736,1e-07,9.84,8232.6
OLDEST_D1_Z0_1_repair_em,2754,EM,-41703.462,0.0049449,1e-07,2.16,8234.8
OLDEST_D1_Z0_1_repair_em,2755,EM,-41703.457,0.0049196,1e-07,1.63,8236.4
OLDEST_D1_Z0_1_repair_em,2756,EM,-41703.452,0.0048913,1e-07,8.02,8244.5
OLDEST_D1_Z0_1_repair_em,2757,EM,-41703.447,0.0048574,1e-07,1.62,8246.1
OLDEST_D1_Z0_1_repair_em,2758,EM,-41703.442,0.0048174,1e-07,1.03,8247.1
OLDEST_D1_Z0_1_repair_em,2759,EM,-41703.437,0.0048068,1e-07,0.99,8248.1
OLDEST_D1_Z0_1_repair_em,2760,EM,-41703.432,0.004772,1e-07,1.22,8249.3
OLDEST_D1_Z0_1_repair_em,2761,EM,-41703.428,0.004747,1e-07,1.2,8250.5
OLDEST_D1_Z0_1_repair_em,2762,EM,-41703.423,0.0047207,1e-07,1.06,8251.6
OLDEST_D1_Z0_1_repair_em,2763,EM,-41703.418,0.0046943,1e-07,1.11,8252.7
OLDEST_D1_Z0_1_repair_em,2764,EM,-41703.414,0.0046637,1e-07,9.05,8261.7
OLDEST_D1_Z0_1_repair_em,2765,EM,-41703.409,0.0046329,1e-07,9.39,8271.1
OLDEST_D1_Z0_1_repair_em,2766,EM,-41703.404,0.0046131,1e-07,2.23,8273.4
OLDEST_D1_Z0_1_repair_em,2767,EM,-41703.4,0.0045791,1e-07,1.48,8274.8
OLDEST_D1_Z0_1_repair_em,2768,EM,-41703.395,0.0045348,1e-07,1.38,8276.2
OLDEST_D1_Z0_1_repair_em,2769,EM,-41703.391,0.004535,1e-07,1.92,8278.1
OLDEST_D1_Z0_1_repair_em,2770,EM,-41703.386,0.0045095,1e-07,1.78,8279.9
OLDEST_D1_Z0_1_repair_em,2771,EM,-41703.382,0.0044717,1e-07,1.33,8281.2
OLDEST_D1_Z0_1_repair_em,2772,EM,-41703.377,0.0044572,1e-07,1.7,8282.9
OLDEST_D1_Z0_1_repair_em,2773,EM,-41703.373,0.0044228,1e-07,1.51,8284.5
OLDEST_D1_Z0_1_repair_em,2774,EM,-41703.368,0.0044022,1e-07,1.48,8285.9
OLDEST_D1_Z0_1_repair_em,2775,EM,-41703.364,0.0043773,1e-07,1.08,8287.0
OLDEST_D1_Z0_1_repair_em,2776,EM,-41703.36,0.0043466,1e-07,1.93,8288.9
OLDEST_D1_Z0_1_repair_em,2777,EM,-41703.355,0.0043249,1e-07,10.09,8299.0
OLDEST_D1_Z0_1_repair_em,2778,EM,-41703.351,0.0042957,1e-07,11.48,8310.5
OLDEST_D1_Z0_1_repair_em,2779,EM,-41703.347,0.004272,1e-07,5.09,8315.6
OLDEST_D1_Z0_1_repair_em,2780,EM,-41703.343,0.004256,1e-07,3.3,8318.9
OLDEST_D1_Z0_1_repair_em,2781,EM,-41703.338,0.0042176,1e-07,2.8,8321.7
OLDEST_D1_Z0_1_repair_em,2782,EM,-41703.334,0.0041907,1e-07,2.88,8324.6
OLDEST_D1_Z0_1_repair_em,2783,EM,-41703.33,0.0041779,1e-07,4.09,8328.7
OLDEST_D1_Z0_1_repair_em,2784,EM,-41703.326,0.004152,1e-07,12.66,8341.3
OLDEST_D1_Z0_1_repair_em,2785,EM,-41703.322,0.0041251,1e-07,2.77,8344.1
OLDEST_D1_Z0_1_repair_em,2786,EM,-41703.318,0.0041054,1e-07,2.93,8347.0
OLDEST_D1_Z0_1_repair_em,2787,EM,-41703.314,0.0040786,1e-07,11.37,8358.4
OLDEST_D1_Z0_1_repair_em,2788,EM,-41703.31,0.0040587,1e-07,10.86,8369.2
OLDEST_D1_Z0_1_repair_em,2789,EM,-41703.305,0.0040337,1e-07,9.49,8378.7
OLDEST_D1_Z0_1_repair_em,2790,EM,-41703.301,0.0040062,1e-07,2.9,8381.6
OLDEST_D1_Z0_1_repair_em,2791,EM,-41703.297,0.0039901,1e-07,1.17,8382.8
OLDEST_D1_Z0_1_repair_em,2792,EM,-41703.294,0.0039651,1e-07,1.6,8384.4
OLDEST_D1_Z0_1_repair_em,2793,EM,-41703.29,0.0039419,1e-07,1.11,8385.5
OLDEST_D1_Z0_1_repair_em,2794,EM,-41703.286,0.0039013,1e-07,0.97,8386.5
OLDEST_D1_Z0_1_repair_em,2795,EM,-41703.282,0.0039033,1e-07,1.54,8388.0
OLDEST_D1_Z0_1_repair_em,2796,EM,-41703.278,0.0038783,1e-07,1.57,8389.6
OLDEST_D1_Z0_1_repair_em,2797,EM,-41703.274,0.0038547,1e-07,1.86,8391.5
OLDEST_D1_Z0_1_repair_em,2798,EM,-41703.27,0.0038344,1e-07,8.95,8400.4
OLDEST_D1_Z0_1_repair_em,2799,EM,-41703.266,0.0038074,1e-07,9.14,8409.6
OLDEST_D1_Z0_1_repair_em,2800,EM,-41703.263,0.0037864,1e-07,3.41,8413.0
OLDEST_D1_Z0_1_repair_em,2801,EM,-41703.259,0.0037662,1e-07,9.55,8422.5
OLDEST_D1_Z0_1_repair_em,2802,EM,-41703.255,0.0037425,1e-07,2.32,8424.8
OLDEST_D1_Z0_1_repair_em,2803,EM,-41703.251,0.0037235,1e-07,1.23,8426.1
OLDEST_D1_Z0_1_repair_em,2804,EM,-41703.248,0.0036934,1e-07,1.34,8427.4
OLDEST_D1_Z0_1_repair_em,2805,EM,-41703.244,0.0036879,1e-07,2.54,8429.9
OLDEST_D1_Z0_1_repair_em,2806,EM,-41703.24,0.0036638,1e-07,10.54,8440.5
OLDEST_D1_Z0_1_repair_em,2807,EM,-41703.237,0.003647,1e-07,2.32,8442.8
OLDEST_D1_Z0_1_repair_em,2808,EM,-41703.233,0.0036057,1e-07,2.4,8445.2
OLDEST_D1_Z0_1_repair_em,2809,EM,-41703.229,0.0036025,1e-07,12.71,8457.9
OLDEST_D1_Z0_1_repair_em,2810,EM,-41703.226,0.0035814,1e-07,3.93,8461.8
OLDEST_D1_Z0_1_repair_em,2811,EM,-41703.222,0.0035591,1e-07,15.78,8477.6
OLDEST_D1_Z0_1_repair_em,2812,EM,-41703.219,0.0035353,1e-07,4.51,8482.1
OLDEST_D1_Z0_1_repair_em,2813,EM,-41703.215,0.0035105,1e-07,3.43,8485.6
OLDEST_D1_Z0_1_repair_em,2814,EM,-41703.212,0.0035165,1e-07,14.98,8500.5
OLDEST_D1_Z0_1_repair_em,2815,EM,-41703.208,0.0034805,1e-07,14.48,8515.0
OLDEST_D1_Z0_1_repair_em,2816,EM,-41703.205,0.0034592,1e-07,3.2,8518.2
OLDEST_D1_Z0_1_repair_em,2817,EM,-41703.201,0.0034425,1e-07,2.04,8520.2
OLDEST_D1_Z0_1_repair_em,2818,EM,-41703.198,0.0034294,1e-07,1.91,8522.2
OLDEST_D1_Z0_1_repair_em,2819,EM,-41703.195,0.0034035,1e-07,1.59,8523.7
OLDEST_D1_Z0_1_repair_em,2820,EM,-41703.191,0.0033846,1e-07,1.92,8525.7
OLDEST_D1_Z0_1_repair_em,2821,EM,-41703.188,0.0033656,1e-07,1.35,8527.0
OLDEST_D1_Z0_1_repair_em,2822,EM,-41703.184,0.0033206,1e-07,1.76,8528.8
OLDEST_D1_Z0_1_repair_em,2823,EM,-41703.181,0.0033427,1e-07,1.56,8530.3
OLDEST_D1_Z0_1_repair_em,2824,EM,-41703.178,0.0033116,1e-07,1.41,8531.7
OLDEST_D1_Z0_1_repair_em,2825,EM,-41703.175,0.0032938,1e-07,2.27,8534.0
OLDEST_D1_Z0_1_repair_em,2826,EM,-41703.171,0.0032715,1e-07,11.32,8545.3
OLDEST_D1_Z0_1_repair_em,2827,EM,-41703.168,0.0032574,1e-07,3.04,8548.4
OLDEST_D1_Z0_1_repair_em,2828,EM,-41703.165,0.0032397,1e-07,1.55,8549.9
OLDEST_D1_Z0_1_repair_em,2829,EM,-41703.162,0.0032122,1e-07,1.41,8551.3
OLDEST_D1_Z0_1_repair_em,2830,EM,-41703.158,0.0032007,1e-07,1.95,8553.3
OLDEST_D1_Z0_1_repair_em,2831,EM,-41703.155,0.0031864,1e-07,2.28,8555.6
OLDEST_D1_Z0_1_repair_em,2832,EM,-41703.152,0.0031674,1e-07,9.27,8564.8
OLDEST_D1_Z0_1_repair_em,2833,EM,-41703.149,0.003146,1e-07,2.23,8567.1
OLDEST_D1_Z0_1_repair_em,2834,EM,-41703.146,0.0031354,1e-07,2.13,8569.2
OLDEST_D1_Z0_1_repair_em,2835,EM,-41703.143,0.0031114,1e-07,9.07,8578.3
OLDEST_D1_Z0_1_repair_em,2836,EM,-41703.14,0.003099,1e-07,2.08,8580.4
OLDEST_D1_Z0_1_repair_em,2837,EM,-41703.136,0.0030769,1e-07,2.18,8582.5
OLDEST_D1_Z0_1_repair_em,2838,EM,-41703.133,0.0030657,1e-07,11.14,8593.7
OLDEST_D1_Z0_1_repair_em,2839,EM,-41703.13,0.0030496,1e-07,9.26,8602.9
OLDEST_D1_Z0_1_repair_em,2840,EM,-41703.127,0.0030313,1e-07,2.34,8605.3
OLDEST_D1_Z0_1_repair_em,2841,EM,-41703.124,0.003013,1e-07,1.41,8606.7
OLDEST_D1_Z0_1_repair_em,2842,EM,-41703.121,0.0030023,1e-07,1.51,8608.2
OLDEST_D1_Z0_1_repair_em,2843,EM,-41703.118,0.002978,1e-07,2.15,8610.3
OLDEST_D1_Z0_1_repair_em,2844,EM,-41703.115,0.0029689,1e-07,10.41,8620.8
OLDEST_D1_Z0_1_repair_em,2845,EM,-41703.112,0.0029464,1e-07,2.06,8622.8
OLDEST_D1_Z0_1_repair_em,2846,EM,-41703.109,0.0029315,1e-07,1.47,8624.3
OLDEST_D1_Z0_1_repair_em,2847,EM,-41703.107,0.0029205,1e-07,1.64,8625.9
OLDEST_D1_Z0_1_repair_em,2848,EM,-41703.104,0.0028984,1e-07,1.66,8627.6
OLDEST_D1_Z0_1_repair_em,2849,EM,-41703.101,0.0028939,1e-07,2.98,8630.6
OLDEST_D1_Z0_1_repair_em,2850,EM,-41703.098,0.0028729,1e-07,11.46,8642.0
OLDEST_D1_Z0_1_repair_em,2851,EM,-41703.095,0.0028562,1e-07,2.1,8644.1
OLDEST_D1_Z0_1_repair_em,2852,EM,-41703.092,0.0028339,1e-07,1.21,8645.3
OLDEST_D1_Z0_1_repair_em,2853,EM,-41703.089,0.0028227,1e-07,2.09,8647.4
OLDEST_D1_Z0_1_repair_em,2854,EM,-41703.087,0.0028085,1e-07,1.98,8649.4
OLDEST_D1_Z0_1_repair_em,2855,EM,-41703.084,0.0027704,1e-07,1.12,8650.5
OLDEST_D1_Z0_1_repair_em,2856,EM,-41703.081,0.0028053,1e-07,1.94,8652.5
OLDEST_D1_Z0_1_repair_em,2857,EM,-41703.078,0.0027737,1e-07,1.89,8654.4
OLDEST_D1_Z0_1_repair_em,2858,EM,-41703.075,0.0027536,1e-07,0.97,8655.3
OLDEST_D1_Z0_1_repair_em,2859,EM,-41703.073,0.0027397,1e-07,0.98,8656.3
OLDEST_D1_Z0_1_repair_em,2860,EM,-41703.07,0.0027243,1e-07,0.87,8657.2
OLDEST_D1_Z0_1_repair_em,2861,EM,-41703.067,0.0027118,1e-07,1.34,8658.5
OLDEST_D1_Z0_1_repair_em,2862,EM,-41703.065,0.0026918,1e-07,1.73,8660.3
OLDEST_D1_Z0_1_repair_em,2863,EM,-41703.062,0.0026801,1e-07,2.27,8662.5
OLDEST_D1_Z0_1_repair_em,2864,EM,-41703.059,0.0026687,1e-07,17.19,8679.7
OLDEST_D1_Z0_1_repair_em,2865,EM,-41703.057,0.0026411,1e-07,3.55,8683.3
OLDEST_D1_Z0_1_repair_em,2866,EM,-41703.054,0.0026469,1e-07,2.48,8685.7
OLDEST_D1_Z0_1_repair_em,2867,EM,-41703.051,0.0026111,1e-07,1.78,8687.5
OLDEST_D1_Z0_1_repair_em,2868,EM,-41703.049,0.0026278,1e-07,1.49,8689.0
OLDEST_D1_Z0_1_repair_em,2869,EM,-41703.046,0.0025893,1e-07,2.02,8691.0
OLDEST_D1_Z0_1_repair_em,2870,EM,-41703.044,0.0025849,1e-07,2.83,8693.9
OLDEST_D1_Z0_1_repair_em,2871,EM,-41703.041,0.0025681,1e-07,1.76,8695.6
OLDEST_D1_Z0_1_repair_em,2872,EM,-41703.038,0.0025595,1e-07,1.48,8697.1
OLDEST_D1_Z0_1_repair_em,2873,EM,-41703.036,0.0025403,1e-07,3.41,8700.5
OLDEST_D1_Z0_1_repair_em,2874,EM,-41703.033,0.0025274,1e-07,12.62,8713.1
OLDEST_D1_Z0_1_repair_em,2875,EM,-41703.031,0.0025171,1e-07,2.42,8715.6
OLDEST_D1_Z0_1_repair_em,2876,EM,-41703.028,0.0025005,1e-07,1.86,8717.4
OLDEST_D1_Z0_1_repair_em,2877,EM,-41703.026,0.0024891,1e-07,2.16,8719.6
OLDEST_D1_Z0_1_repair_em,2878,EM,-41703.023,0.0025004,1e-07,3.18,8722.8
OLDEST_D1_Z0_1_repair_em,2879,EM,-41703.021,0.0024497,1e-07,13.66,8736.4
OLDEST_D1_Z0_1_repair_em,2880,EM,-41703.018,0.0024468,1e-07,3.25,8739.7
OLDEST_D1_Z0_1_repair_em,2881,EM,-41703.016,0.0024382,1e-07,12.97,8752.6
OLDEST_D1_Z0_1_repair_em,2882,EM,-41703.014,0.0024238,1e-07,13.72,8766.4
OLDEST_D1_Z0_1_repair_em,2883,EM,-41703.011,0.0024072,1e-07,12.13,8778.5
OLDEST_D1_Z0_1_repair_em,2884,EM,-41703.009,0.0024012,1e-07,2.71,8781.2
OLDEST_D1_Z0_1_repair_em,2885,EM,-41703.006,0.0023828,1e-07,2.28,8783.5
OLDEST_D1_Z0_1_repair_em,2886,EM,-41703.004,0.0023752,1e-07,1.59,8785.1
OLDEST_D1_Z0_1_repair_em,2887,EM,-41703.002,0.0023634,1e-07,1.91,8787.0
OLDEST_D1_Z0_1_repair_em,2888,EM,-41702.999,0.0023509,1e-07,1.76,8788.7
OLDEST_D1_Z0_1_repair_em,2889,EM,-41702.997,0.0023367,1e-07,1.96,8790.7
OLDEST_D1_Z0_1_repair_em,2890,EM,-41702.995,0.0023311,1e-07,1.3,8792.0
OLDEST_D1_Z0_1_repair_em,2891,EM,-41702.992,0.0023144,1e-07,1.73,8793.7
OLDEST_D1_Z0_1_repair_em,2892,EM,-41702.99,0.0023053,1e-07,1.03,8794.8
OLDEST_D1_Z0_1_repair_em,2893,EM,-41702.988,0.0022929,1e-07,1.66,8796.4
OLDEST_D1_Z0_1_repair_em,2894,EM,-41702.985,0.002284,1e-07,1.3,8797.7
OLDEST_D1_Z0_1_repair_em,2895,EM,-41702.983,0.0022646,1e-07,0.95,8798.7
OLDEST_D1_Z0_1_repair_em,2896,EM,-41702.981,0.0022607,1e-07,1.06,8799.7
OLDEST_D1_Z0_1_repair_em,2897,EM,-41702.979,0.0022443,1e-07,1.3,8801.0
OLDEST_D1_Z0_1_repair_em,2898,EM,-41702.976,0.0022282,1e-07,1.41,8802.4
OLDEST_D1_Z0_1_repair_em,2899,EM,-41702.974,0.0022128,1e-07,1.23,8803.7
OLDEST_D1_Z0_1_repair_em,2900,EM,-41702.972,0.0022177,1e-07,1.65,8805.3
OLDEST_D1_Z0_1_repair_em,2901,EM,-41702.97,0.0021998,1e-07,1.2,8806.5
OLDEST_D1_Z0_1_repair_em,2902,EM,-41702.968,0.0022007,1e-07,0.95,8807.5
OLDEST_D1_Z0_1_repair_em,2903,EM,-41702.965,0.0021677,1e-07,1.27,8808.7
OLDEST_D1_Z0_1_repair_em,2904,EM,-41702.963,0.0021665,1e-07,1.73,8810.5
OLDEST_D1_Z0_1_repair_em,2905,EM,-41702.961,0.0021559,1e-07,1.12,8811.6
OLDEST_D1_Z0_1_repair_em,2906,EM,-41702.959,0.0021447,1e-07,2.11,8813.7
OLDEST_D1_Z0_1_repair_em,2907,EM,-41702.957,0.002134,1e-07,1.55,8815.2
OLDEST_D1_Z0_1_repair_em,2908,EM,-41702.955,0.0021251,1e-07,1.51,8816.7
OLDEST_D1_Z0_1_repair_em,2909,EM,-41702.953,0.0021111,1e-07,2.23,8819.0
OLDEST_D1_Z0_1_repair_em,2910,EM,-41702.95,0.0021033,1e-07,11.48,8830.5
OLDEST_D1_Z0_1_repair_em,2911,EM,-41702.948,0.002092,1e-07,2.98,8833.4
OLDEST_D1_Z0_1_repair_em,2912,EM,-41702.946,0.0020784,0.0,1.61,8835.0
OLDEST_D1_Z0_1_repair_em,2913,EM,-41702.944,0.002064,0.0,1.5,8836.5
OLDEST_D1_Z0_1_repair_em,2914,EM,-41702.942,0.0020614,0.0,2.49,8839.0
OLDEST_D1_Z0_1_repair_em,2915,EM,-41702.94,0.0020535,0.0,2.41,8841.4
OLDEST_D1_Z0_1_repair_em,2916,EM,-41702.938,0.0020369,0.0,15.17,8856.6
OLDEST_D1_Z0_1_repair_em,2917,EM,-41702.936,0.0020268,0.0,3.7,8860.3
OLDEST_D1_Z0_1_repair_em,2918,EM,-41702.934,0.0020107,0.0,2.07,8862.4
OLDEST_D1_Z0_1_repair_em,2919,EM,-41702.932,0.0020106,0.0,2.3,8864.7
OLDEST_D1_Z0_1_repair_em,2920,EM,-41702.93,0.0019828,0.0,2.02,8866.7
OLDEST_D1_Z0_1_repair_em,2921,EM,-41702.928,0.0019974,0.0,1.35,8868.1
OLDEST_D1_Z0_1_repair_em,2922,EM,-41702.926,0.0019756,0.0,1.2,8869.2
OLDEST_D1_Z0_1_repair_em,2923,EM,-41702.924,0.0019798,0.0,1.19,8870.4
OLDEST_D1_Z0_1_repair_em,2924,EM,-41702.922,0.0019574,0.0,1.24,8871.7
OLDEST_D1_Z0_1_repair_em,2925,EM,-41702.92,0.0019454,0.0,1.85,8873.5
OLDEST_D1_Z0_1_repair_em,2926,EM,-41702.918,0.0019435,0.0,9.29,8882.8
OLDEST_D1_Z0_1_repair_em,2927,EM,-41702.916,0.0019267,0.0,2.48,8885.3
OLDEST_D1_Z0_1_repair_em,2928,EM,-41702.914,0.0019191,0.0,1.4,8886.7
OLDEST_D1_Z0_1_repair_em,2929,EM,-41702.912,0.0019105,0.0,1.51,8888.2
OLDEST_D1_Z0_1_repair_em,2930,EM,-41702.911,0.0019025,0.0,8.2,8896.4
OLDEST_D1_Z0_1_repair_em,2931,EM,-41702.909,0.001891,0.0,2.2,8898.6
OLDEST_D1_Z0_1_repair_em,2932,EM,-41702.907,0.0018807,0.0,1.08,8899.7
OLDEST_D1_Z0_1_repair_em,2933,EM,-41702.905,0.0018826,0.0,1.77,8901.4
OLDEST_D1_Z0_1_repair_em,2934,EM,-41702.903,0.0018581,0.0,7.81,8909.2
OLDEST_D1_Z0_1_repair_em,2935,EM,-41702.901,0.0018518,0.0,7.8,8917.1
OLDEST_D1_Z0_1_repair_em,2936,EM,-41702.899,0.0018448,0.0,1.67,8918.7
OLDEST_D1_Z0_1_repair_em,2937,EM,-41702.898,0.0018347,0.0,1.06,8919.8
OLDEST_D1_Z0_1_repair_em,2938,EM,-41702.896,0.0018221,0.0,0.83,8920.6
OLDEST_D1_Z0_1_repair_em,2939,EM,-41702.894,0.0018239,0.0,1.12,8921.7
OLDEST_D1_Z0_1_repair_em,2940,EM,-41702.892,0.0018101,0.0,0.98,8922.7
OLDEST_D1_Z0_1_repair_em,2941,EM,-41702.89,0.0018002,0.0,1.03,8923.8
OLDEST_D1_Z0_1_repair_em,2942,EM,-41702.888,0.0018017,0.0,0.8,8924.5
OLDEST_D1_Z0_1_repair_em,2943,EM,-41702.887,0.001782,0.0,1.1,8925.6
OLDEST_D1_Z0_1_repair_em,2944,EM,-41702.885,0.0017676,0.0,0.77,8926.4
OLDEST_D1_Z0_1_repair_em,2945,EM,-41702.883,0.0017661,0.0,2.15,8928.6
OLDEST_D1_Z0_1_repair_em,2946,EM,-41702.881,0.0017552,0.0,9.59,8938.2
OLDEST_D1_Z0_1_repair_em,2947,EM,-41702.88,0.0017479,0.0,9.95,8948.1
OLDEST_D1_Z0_1_repair_em,2948,EM,-41702.878,0.0017389,0.0,1.98,8950.1
OLDEST_D1_Z0_1_repair_em,2949,EM,-41702.876,0.001729,0.0,1.42,8951.5
OLDEST_D1_Z0_1_repair_em,2950,EM,-41702.874,0.0017198,0.0,2.23,8953.7
OLDEST_D1_Z0_1_repair_em,2951,EM,-41702.873,0.0017132,0.0,9.99,8963.7
OLDEST_D1_Z0_1_repair_em,2952,EM,-41702.871,0.0017056,0.0,2.64,8966.4
OLDEST_D1_Z0_1_repair_em,2953,EM,-41702.869,0.0016988,0.0,2.27,8968.6
OLDEST_D1_Z0_1_repair_em,2954,EM,-41702.868,0.0016816,0.0,1.3,8969.9
OLDEST_D1_Z0_1_repair_em,2955,EM,-41702.866,0.0016844,0.0,2.23,8972.2
OLDEST_D1_Z0_1_repair_em,2956,EM,-41702.864,0.0016734,0.0,11.1,8983.3
OLDEST_D1_Z0_1_repair_em,2957,EM,-41702.863,0.0016578,0.0,2.42,8985.7
OLDEST_D1_Z0_1_repair_em,2958,EM,-41702.861,0.001663,0.0,2.27,8988.0
OLDEST_D1_Z0_1_repair_em,2959,EM,-41702.859,0.0016488,0.0,1.68,8989.6
OLDEST_D1_Z0_1_repair_em,2960,EM,-41702.858,0.00164,0.0,1.3,8990.9
OLDEST_D1_Z0_1_repair_em,2961,EM,-41702.856,0.0016293,0.0,1.83,8992.8
OLDEST_D1_Z0_1_repair_em,2962,EM,-41702.854,0.0016252,0.0,1.85,8994.6
OLDEST_D1_Z0_1_repair_em,2963,EM,-41702.853,0.00162,0.0,1.76,8996.4
OLDEST_D1_Z0_1_repair_em,2964,EM,-41702.851,0.0016096,0.0,1.22,8997.6
OLDEST_D1_Z0_1_repair_em,2965,EM,-41702.85,0.0016015,0.0,2.02,8999.6
OLDEST_D1_Z0_1_repair_em,2966,EM,-41702.848,0.0015893,0.0,12.12,9011.7
OLDEST_D1_Z0_1_repair_em,2967,EM,-41702.846,0.0015853,0.0,2.57,9014.3
OLDEST_D1_Z0_1_repair_em,2968,EM,-41702.845,0.0015653,0.0,1.62,9015.9
OLDEST_D1_Z0_1_repair_em,2969,EM,-41702.843,0.0015744,0.0,1.95,9017.9
OLDEST_D1_Z0_1_repair_em,2970,EM,-41702.842,0.0015479,0.0,1.32,9019.2
OLDEST_D1_Z0_1_repair_em,2971,EM,-41702.84,0.0015891,0.0,1.9,9021.1
OLDEST_D1_Z0_1_repair_em,2972,EM,-41702.839,0.001531,0.0,1.73,9022.8
OLDEST_D1_Z0_1_repair_em,2973,EM,-41702.837,0.0015324,0.0,2.58,9025.4
OLDEST_D1_Z0_1_repair_em,2974,EM,-41702.836,0.0015306,0.0,12.86,9038.3
OLDEST_D1_Z0_1_repair_em,2975,EM,-41702.834,0.0015245,0.0,10.73,9049.0
OLDEST_D1_Z0_1_repair_em,2976,EM,-41702.833,0.001509,0.0,2.37,9051.4
OLDEST_D1_Z0_1_repair_em,2977,EM,-41702.831,0.0015119,0.0,1.77,9053.1
OLDEST_D1_Z0_1_repair_em,2978,EM,-41702.83,0.0015042,0.0,1.27,9054.4
OLDEST_D1_Z0_1_repair_em,2979,EM,-41702.828,0.0015007,0.0,2.64,9057.0
OLDEST_D1_Z0_1_repair_em,2980,EM,-41702.827,0.0014838,0.0,10.7,9067.7
OLDEST_D1_Z0_1_repair_em,2981,EM,-41702.825,0.0014832,0.0,5.77,9073.5
OLDEST_D1_Z0_1_repair_em,2982,EM,-41702.824,0.0014713,0.0,1.41,9074.9
OLDEST_D1_Z0_1_repair_em,2983,EM,-41702.822,0.0014591,0.0,1.4,9076.3
OLDEST_D1_Z0_1_repair_em,2984,EM,-41702.821,0.0014591,0.0,1.03,9077.4
OLDEST_D1_Z0_1_repair_em,2985,EM,-41702.819,0.0014485,0.0,0.98,9078.3
OLDEST_D1_Z0_1_repair_em,2986,EM,-41702.818,0.0014449,0.0,0.97,9079.3
OLDEST_D1_Z0_1_repair_em,2987,EM,-41702.816,0.0014507,0.0,1.25,9080.5
OLDEST_D1_Z0_1_repair_em,2988,EM,-41702.815,0.0014232,0.0,1.37,9081.9
OLDEST_D1_Z0_1_repair_em,2989,EM,-41702.813,0.0014197,0.0,1.9,9083.8
OLDEST_D1_Z0_1_repair_em,2990,EM,-41702.812,0.0014151,0.0,1.34,9085.2
OLDEST_D1_Z0_1_repair_em,2991,EM,-41702.811,0.001408,0.0,1.38,9086.5
OLDEST_D1_Z0_1_repair_em,2992,EM,-41702.809,0.0014012,0.0,1.3,9087.8
OLDEST_D1_Z0_1_repair_em,2993,EM,-41702.808,0.0013925,0.0,1.03,9088.9
OLDEST_D1_Z0_1_repair_em,2994,EM,-41702.806,0.0013892,0.0,0.94,9089.8
OLDEST_D1_Z0_1_repair_em,2995,EM,-41702.805,0.0013811,0.0,1.2,9091.0
OLDEST_D1_Z0_1_repair_em,2996,EM,-41702.804,0.0013725,0.0,0.92,9091.9
OLDEST_D1_Z0_1_repair_em,2997,EM,-41702.802,0.0013704,0.0,0.79,9092.7
OLDEST_D1_Z0_1_repair_em,2998,EM,-41702.801,0.0013617,0.0,0.9,9093.6
OLDEST_D1_Z0_1_repair_em,2999,EM,-41702.8,0.0013538,0.0,0.99,9094.6
OLDEST_D1_Z0_1_repair_em,3000,EM,-41702.798,0.0013496,0.0,1.07,9095.7
OLDEST_D1_Z0_1_repair_em,3001,EM,-41702.797,0.0013457,0.0,0.86,9096.5
OLDEST_D1_Z0_1_repair_em,3002,EM,-41702.796,0.0013348,0.0,0.86,9097.4
OLDEST_D1_Z0_1_repair_em,3003,EM,-41702.794,0.0013281,0.0,0.91,9098.3
OLDEST_D1_Z0_1_repair_em,3004,EM,-41702.793,0.001321,0.0,0.87,9099.2
OLDEST_D1_Z0_1_repair_em,3005,EM,-41702.792,0.0013167,0.0,0.9,9100.1
OLDEST_D1_Z0_1_repair_em,3006,EM,-41702.79,0.0013121,0.0,1.59,9101.7
OLDEST_D1_Z0_1_repair_em,3007,EM,-41702.789,0.0013035,0.0,8.64,9110.3
OLDEST_D1_Z0_1_repair_em,3008,EM,-41702.788,0.0012953,0.0,2.08,9112.4
OLDEST_D1_Z0_1_repair_em,3009,EM,-41702.786,0.0012861,0.0,1.48,9113.9
OLDEST_D1_Z0_1_repair_em,3010,EM,-41702.785,0.0012745,0.0,1.57,9115.4
OLDEST_D1_Z0_1_repair_em,3011,EM,-41702.784,0.0012845,0.0,1.9,9117.3
OLDEST_D1_Z0_1_repair_em,3012,EM,-41702.783,0.0012673,0.0,2.5,9119.8
OLDEST_D1_Z0_1_repair_em,3013,EM,-41702.781,0.0012681,0.0,3.76,9123.6
OLDEST_D1_Z0_1_repair_em,3014,EM,-41702.78,0.0012661,0.0,13.86,9137.5
OLDEST_D1_Z0_1_repair_em,3015,EM,-41702.779,0.0012505,0.0,2.9,9140.4
OLDEST_D1_Z0_1_repair_em,3016,EM,-41702.778,0.0012468,0.0,2.74,9143.1
OLDEST_D1_Z0_1_repair_em,3017,EM,-41702.776,0.0012401,0.0,1.83,9144.9
OLDEST_D1_Z0_1_repair_em,3018,EM,-41702.775,0.0012426,0.0,1.88,9146.8
OLDEST_D1_Z0_1_repair_em,3019,EM,-41702.774,0.0012292,0.0,12.18,9159.0
OLDEST_D1_Z0_1_repair_em,3020,EM,-41702.773,0.0012225,0.0,2.49,9161.5
OLDEST_D1_Z0_1_repair_em,3021,EM,-41702.771,0.001217,0.0,2.92,9164.4
OLDEST_D1_Z0_1_repair_em,3022,EM,-41702.77,0.0012105,0.0,14.26,9178.7
OLDEST_D1_Z0_1_repair_em,3023,EM,-41702.769,0.0012078,0.0,3.08,9181.7
OLDEST_D1_Z0_1_repair_em,3024,EM,-41702.768,0.0012006,0.0,2.88,9184.6
OLDEST_D1_Z0_1_repair_em,3025,EM,-41702.767,0.001196,0.0,11.89,9196.5
OLDEST_D1_Z0_1_repair_em,3026,EM,-41702.765,0.0011867,0.0,2.86,9199.4
OLDEST_D1_Z0_1_repair_em,3027,EM,-41702.764,0.001187,0.0,2.95,9202.3
OLDEST_D1_Z0_1_repair_em,3028,EM,-41702.763,0.0011803,0.0,11.27,9213.6
OLDEST_D1_Z0_1_repair_em,3029,EM,-41702.762,0.0011757,0.0,1.91,9215.5
OLDEST_D1_Z0_1_repair_em,3030,EM,-41702.761,0.0011688,0.0,3.25,9218.8
OLDEST_D1_Z0_1_repair_em,3031,EM,-41702.76,0.001161,0.0,13.64,9232.4
OLDEST_D1_Z0_1_repair_em,3032,EM,-41702.758,0.0011557,0.0,13.75,9246.1
OLDEST_D1_Z0_1_repair_em,3033,EM,-41702.757,0.0011501,0.0,3.27,9249.4
OLDEST_D1_Z0_1_repair_em,3034,EM,-41702.756,0.0011425,0.0,1.64,9251.1
OLDEST_D1_Z0_1_repair_em,3035,EM,-41702.755,0.0011385,0.0,1.94,9253.0
OLDEST_D1_Z0_1_repair_em,3036,EM,-41702.754,0.0011329,0.0,2.08,9255.1
OLDEST_D1_Z0_1_repair_em,3037,EM,-41702.753,0.0011283,0.0,1.16,9256.2
OLDEST_D1_Z0_1_repair_em,3038,EM,-41702.752,0.0011156,0.0,1.45,9257.7
OLDEST_D1_Z0_1_repair_em,3039,EM,-41702.75,0.001117,0.0,1.64,9259.3
OLDEST_D1_Z0_1_repair_em,3040,EM,-41702.749,0.001115,0.0,1.84,9261.2
OLDEST_D1_Z0_1_repair_em,3041,EM,-41702.748,0.0011047,0.0,2.24,9263.4
OLDEST_D1_Z0_1_repair_em,3042,EM,-41702.747,0.0010979,0.0,11.33,9274.7
OLDEST_D1_Z0_1_repair_em,3043,EM,-41702.746,0.0010935,0.0,10.36,9285.1
OLDEST_D1_Z0_1_repair_em,3044,EM,-41702.745,0.0010885,0.0,9.03,9294.1
OLDEST_D1_Z0_1_repair_em,3045,EM,-41702.744,0.0010799,0.0,3.02,9297.1
OLDEST_D1_Z0_1_repair_em,3046,EM,-41702.743,0.0010741,0.0,2.13,9299.3
OLDEST_D1_Z0_1_repair_em,3047,EM,-41702.742,0.0010708,0.0,2.3,9301.6
OLDEST_D1_Z0_1_repair_em,3048,EM,-41702.741,0.0010685,0.0,2.41,9304.0
OLDEST_D1_Z0_1_repair_em,3049,EM,-41702.74,0.0010717,0.0,2.06,9306.0
OLDEST_D1_Z0_1_repair_em,3050,EM,-41702.739,0.0010575,0.0,9.7,9315.7
OLDEST_D1_Z0_1_repair_em,3051,EM,-41702.738,0.0010522,0.0,3.57,9319.3
OLDEST_D1_Z0_1_repair_em,3052,EM,-41702.736,0.0010409,0.0,1.88,9321.2
OLDEST_D1_Z0_1_repair_em,3053,EM,-41702.735,0.00104,0.0,1.52,9322.7
OLDEST_D1_Z0_1_repair_em,3054,EM,-41702.734,0.0010532,0.0,1.66,9324.4
OLDEST_D1_Z0_1_repair_em,3055,EM,-41702.733,0.0010092,0.0,1.53,9325.9
OLDEST_D1_Z0_1_repair_em,3056,EM,-41702.732,0.0010239,0.0,0.95,9326.9
OLDEST_D1_Z0_1_repair_em,3057,EM,-41702.731,0.0010227,0.0,1.48,9328.3
OLDEST_D1_Z0_1_repair_em,3058,EM,-41702.73,0.0010171,0.0,1.04,9329.4
OLDEST_D1_Z0_1_repair_em,3059,EM,-41702.729,0.0010126,0.0,1.57,9330.9
OLDEST_D1_Z0_1_repair_em,3060,EM,-41702.728,0.0010061,0.0,1.78,9332.7
OLDEST_D1_Z0_1_repair_em,3061,EM,-41702.727,0.0010014,0.0,1.3,9334.0
OLDEST_D1_Z0_1_repair_em,3062,EM,-41702.726,0.000995,0.0,0.96,9335.0
OLDEST_D1_Z0_1_repair_em,3063,EM,-41702.725,0.0009883,0.0,2.2,9337.2
OLDEST_D1_Z0_1_repair_em,3064,EM,-41702.724,0.0009874,0.0,10.02,9347.2
OLDEST_D1_Z0_1_repair_em,3065,EM,-41702.723,0.0009809,0.0,3.05,9350.3
OLDEST_D1_Z0_1_repair_em,3066,EM,-41702.722,0.0009787,0.0,13.73,9364.0
OLDEST_D1_Z0_1_repair_em,3067,EM,-41702.721,0.0009761,0.0,12.43,9376.4
OLDEST_D1_Z0_1_repair_em,3068,EM,-41702.72,0.0009738,0.0,10.75,9387.2
OLDEST_D1_Z0_1_repair_em,3069,EM,-41702.719,0.0009625,0.0,10.3,9397.5
OLDEST_D1_Z0_1_repair_em,3070,EM,-41702.718,0.000957,0.0,8.93,9406.4
OLDEST_D1_Z0_1_repair_em,3071,EM,-41702.718,0.0009474,0.0,1.92,9408.3
OLDEST_D1_Z0_1_repair_em,3072,EM,-41702.717,0.0009512,0.0,2.01,9410.3
OLDEST_D1_Z0_1_repair_em,3073,EM,-41702.716,0.0009445,0.0,3.01,9413.3
OLDEST_D1_Z0_1_repair_em,3074,EM,-41702.715,0.0009413,0.0,9.82,9423.2
OLDEST_D1_Z0_1_repair_em,3075,EM,-41702.714,0.0009314,0.0,2.6,9425.8
OLDEST_D1_Z0_1_repair_em,3076,EM,-41702.713,0.0009258,0.0,1.56,9427.3
OLDEST_D1_Z0_1_repair_em,3077,EM,-41702.712,0.0009205,0.0,1.93,9429.3
OLDEST_D1_Z0_1_repair_em,3078,EM,-41702.711,0.0009236,0.0,10.62,9439.9
OLDEST_D1_Z0_1_repair_em,3079,EM,-41702.71,0.0009154,0.0,10.69,9450.6
OLDEST_D1_Z0_1_repair_em,3080,EM,-41702.709,0.0009053,0.0,12.12,9462.7
OLDEST_D1_Z0_1_repair_em,3081,EM,-41702.708,0.0009079,0.0,6.48,9469.2
OLDEST_D1_Z0_1_repair_em,3082,EM,-41702.707,0.0008963,0.0,3.49,9472.7
OLDEST_D1_Z0_1_repair_em,3083,EM,-41702.706,0.0008962,0.0,13.36,9486.0
OLDEST_D1_Z0_1_repair_em,3084,EM,-41702.706,0.0008929,0.0,9.23,9495.3
OLDEST_D1_Z0_1_repair_em,3085,EM,-41702.705,0.0008854,0.0,2.45,9497.7
OLDEST_D1_Z0_1_repair_em,3086,EM,-41702.704,0.0008822,0.0,9.79,9507.5
OLDEST_D1_Z0_1_repair_em,3087,EM,-41702.703,0.0008788,0.0,11.35,9518.9
OLDEST_D1_Z0_1_repair_em,3088,EM,-41702.702,0.0008742,0.0,11.82,9530.7
OLDEST_D1_Z0_1_repair_em,3089,EM,-41702.701,0.0008672,0.0,14.23,9544.9
OLDEST_D1_Z0_1_repair_em,3090,EM,-41702.7,0.0008632,0.0,4.28,9549.2
OLDEST_D1_Z0_1_repair_em,3091,EM,-41702.699,0.0008619,0.0,9.63,9558.8
OLDEST_D1_Z0_1_repair_em,3092,EM,-41702.699,0.0008561,0.0,2.64,9561.5
OLDEST_D1_Z0_1_repair_em,3093,EM,-41702.698,0.0008501,0.0,2.84,9564.3
OLDEST_D1_Z0_1_repair_em,3094,EM,-41702.697,0.0008495,0.0,9.92,9574.2
OLDEST_D1_Z0_1_repair_em,3095,EM,-41702.696,0.000842,0.0,10.2,9584.4
OLDEST_D1_Z0_1_repair_em,3096,EM,-41702.695,0.0008364,0.0,2.7,9587.1
OLDEST_D1_Z0_1_repair_em,3097,EM,-41702.694,0.0008348,0.0,9.92,9597.0
OLDEST_D1_Z0_1_repair_em,3098,EM,-41702.694,0.0008304,0.0,2.3,9599.3
OLDEST_D1_Z0_1_repair_em,3099,EM,-41702.693,0.0008274,0.0,1.62,9601.0
OLDEST_D1_Z0_1_repair_em,3100,EM,-41702.692,0.0008234,0.0,1.34,9602.3
OLDEST_D1_Z0_1_repair_em,3101,EM,-41702.691,0.000819,0.0,1.45,9603.7
OLDEST_D1_Z0_1_repair_em,3102,EM,-41702.69,0.0008144,0.0,0.83,9604.6
OLDEST_D1_Z0_1_repair_em,3103,EM,-41702.689,0.0008138,0.0,0.92,9605.5
OLDEST_D1_Z0_1_repair_em,3104,EM,-41702.689,0.000817,0.0,0.9,9606.4
OLDEST_D1_Z0_1_repair_em,3105,EM,-41702.688,0.0007997,0.0,1.58,9608.0
OLDEST_D1_Z0_1_repair_em,3106,EM,-41702.687,0.0007943,0.0,9.48,9617.4
OLDEST_D1_Z0_1_repair_em,3107,EM,-41702.686,0.0007948,0.0,2.69,9620.1
OLDEST_D1_Z0_1_repair_em,3108,EM,-41702.685,0.0007893,0.0,9.84,9630.0
OLDEST_D1_Z0_1_repair_em,3109,EM,-41702.685,0.0007847,0.0,1.77,9631.7
OLDEST_D1_Z0_1_repair_em,3110,EM,-41702.684,0.000781,0.0,1.7,9633.4
OLDEST_D1_Z0_1_repair_em,3111,EM,-41702.683,0.0007776,0.0,2.04,9635.5
OLDEST_D1_Z0_1_repair_em,3112,EM,-41702.682,0.0007734,0.0,9.33,9644.8
OLDEST_D1_Z0_1_repair_em,3113,EM,-41702.682,0.0007695,0.0,1.93,9646.7
OLDEST_D1_Z0_1_repair_em,3114,EM,-41702.681,0.0007659,0.0,1.53,9648.3
OLDEST_D1_Z0_1_repair_em,3115,EM,-41702.68,0.0007642,0.0,1.93,9650.2
OLDEST_D1_Z0_1_repair_em,3116,EM,-41702.679,0.0007562,0.0,10.75,9660.9
OLDEST_D1_Z0_1_repair_em,3117,EM,-41702.679,0.0007545,0.0,3.4,9664.3
OLDEST_D1_Z0_1_repair_em,3118,EM,-41702.678,0.0007492,0.0,9.42,9673.8
OLDEST_D1_Z0_1_repair_em,3119,EM,-41702.677,0.0007486,0.0,1.98,9675.7
OLDEST_D1_Z0_1_repair_em,3120,EM,-41702.676,0.0007424,0.0,2.24,9678.0
OLDEST_D1_Z0_1_repair_em,3121,EM,-41702.676,0.0007382,0.0,2.3,9680.3
OLDEST_D1_Z0_1_repair_em,3122,EM,-41702.675,0.0007522,0.0,2.27,9682.6
OLDEST_D1_Z0_1_repair_em,3123,EM,-41702.674,0.0007228,0.0,1.31,9683.9
OLDEST_D1_Z0_1_repair_em,3124,EM,-41702.673,0.0007183,0.0,1.96,9685.8
OLDEST_D1_Z0_1_repair_em,3125,EM,-41702.673,0.0007256,0.0,11.28,9697.1
OLDEST_D1_Z0_1_repair_em,3126,EM,-41702.672,0.0007273,0.0,9.77,9706.9
OLDEST_D1_Z0_1_repair_em,3127,EM,-41702.671,0.0007227,0.0,2.02,9708.9
OLDEST_D1_Z0_1_repair_em,3128,EM,-41702.67,0.0007135,0.0,3.31,9712.2
OLDEST_D1_Z0_1_repair_em,3129,EM,-41702.67,0.0007066,0.0,13.01,9725.2
OLDEST_D1_Z0_1_repair_em,3130,EM,-41702.669,0.0007065,0.0,372.15,10097.4
OLDEST_D1_Z0_1_repair_em,3131,EM,-41702.668,0.0006999,0.0,7.67,10105.0
OLDEST_D1_Z0_1_repair_em,3132,EM,-41702.668,0.0006986,0.0,1.14,10106.2
OLDEST_D1_Z0_1_repair_em,3133,EM,-41702.667,0.0006932,0.0,1.27,10107.5
OLDEST_D1_Z0_1_repair_em,3134,EM,-41702.666,0.0006904,0.0,5.45,10112.9
OLDEST_D1_Z0_1_repair_em,3135,EM,-41702.666,0.0006848,0.0,4.69,10117.6
OLDEST_D1_Z0_1_repair_em,3136,EM,-41702.665,0.0006825,0.0,1.2,10118.8
OLDEST_D1_Z0_1_repair_em,3137,EM,-41702.664,0.0006782,0.0,0.97,10119.8
OLDEST_D1_Z0_1_repair_em,3138,EM,-41702.664,0.000675,0.0,5.83,10125.6
OLDEST_D1_Z0_1_repair_em,3139,EM,-41702.663,0.0006702,0.0,5.7,10131.3
OLDEST_D1_Z0_1_repair_em,3140,EM,-41702.662,0.0006673,0.0,5.28,10136.6
OLDEST_D1_Z0_1_repair_em,3141,EM,-41702.662,0.000664,0.0,1.48,10138.1
OLDEST_D1_Z0_1_repair_em,3142,EM,-41702.661,0.0006605,0.0,1.16,10139.2
OLDEST_D1_Z0_1_repair_em,3143,EM,-41702.66,0.000659,0.0,1.86,10141.1
OLDEST_D1_Z0_1_repair_em,3144,EM,-41702.66,0.0006538,0.0,8.62,10149.7
OLDEST_D1_Z0_1_repair_em,3145,EM,-41702.659,0.000652,0.0,1.72,10151.4
OLDEST_D1_Z0_1_repair_em,3146,EM,-41702.658,0.0006429,0.0,1.41,10152.8
OLDEST_D1_Z0_1_repair_em,3147,EM,-41702.658,0.0006433,0.0,7.05,10159.9
OLDEST_D1_Z0_1_repair_em,3148,EM,-41702.657,0.0006384,0.0,1.73,10161.6
OLDEST_D1_Z0_1_repair_em,3149,EM,-41702.656,0.000637,0.0,0.89,10162.5
OLDEST_D1_Z0_1_repair_em,3150,EM,-41702.656,0.0006322,0.0,1.08,10163.6
OLDEST_D1_Z0_1_repair_em,3151,EM,-41702.655,0.0006295,0.0,0.7,10164.3
OLDEST_D1_Z0_1_repair_em,3152,EM,-41702.655,0.0006213,0.0,0.88,10165.1
OLDEST_D1_Z0_1_repair_em,3153,EM,-41702.654,0.0006393,0.0,0.88,10166.0
OLDEST_D1_Z0_1_repair_em,3154,EM,-41702.653,0.0006147,0.0,1.43,10167.5
OLDEST_D1_Z0_1_repair_em,3155,EM,-41702.653,0.0006139,0.0,6.57,10174.0
OLDEST_D1_Z0_1_repair_em,3156,EM,-41702.652,0.0006122,0.0,8.09,10182.1
OLDEST_D1_Z0_1_repair_em,3157,EM,-41702.651,0.0006101,0.0,1.67,10183.8
OLDEST_D1_Z0_1_repair_em,3158,EM,-41702.651,0.0006043,0.0,1.36,10185.1
OLDEST_D1_Z0_1_repair_em,3159,EM,-41702.65,0.0006041,0.0,1.01,10186.2
OLDEST_D1_Z0_1_repair_em,3160,EM,-41702.65,0.0006037,0.0,1.43,10187.6
OLDEST_D1_Z0_1_repair_em,3161,EM,-41702.649,0.0005963,0.0,7.97,10195.6
OLDEST_D1_Z0_1_repair_em,3162,EM,-41702.648,0.000593,0.0,6.77,10202.3
OLDEST_D1_Z0_1_repair_em,3163,EM,-41702.648,0.0005879,0.0,1.59,10203.9
OLDEST_D1_Z0_1_repair_em,3164,EM,-41702.647,0.0005904,0.0,1.15,10205.1
OLDEST_D1_Z0_1_repair_em,3165,EM,-41702.647,0.0005786,0.0,0.8,10205.9
OLDEST_D1_Z0_1_repair_em,3166,EM,-41702.646,0.0005799,0.0,1.42,10207.3
OLDEST_D1_Z0_1_repair_em,3167,EM,-41702.646,0.0005754,0.0,1.38,10208.7
OLDEST_D1_Z0_1_repair_em,3168,EM,-41702.645,0.0005731,0.0,0.64,10209.3
OLDEST_D1_Z0_1_repair_em,3169,EM,-41702.644,0.0005653,0.0,0.62,10209.9
OLDEST_D1_Z0_1_repair_em,3170,EM,-41702.644,0.0005619,0.0,0.82,10210.8
OLDEST_D1_Z0_1_repair_em,3171,EM,-41702.643,0.0005786,0.0,0.8,10211.6
OLDEST_D1_Z0_1_repair_em,3172,EM,-41702.643,0.0005704,0.0,1.33,10212.9
OLDEST_D1_Z0_1_repair_em,3173,EM,-41702.642,0.0005592,0.0,6.38,10219.3
OLDEST_D1_Z0_1_repair_em,3174,EM,-41702.642,0.0005606,0.0,6.77,10226.0
OLDEST_D1_Z0_1_repair_em,3175,EM,-41702.641,0.0005583,0.0,3.5,10229.5
OLDEST_D1_Z0_1_repair_em,3176,EM,-41702.64,0.0005573,0.0,0.73,10230.3
OLDEST_D1_Z0_1_repair_em,3177,EM,-41702.64,0.0005478,0.0,0.71,10231.0
OLDEST_D1_Z0_1_repair_em,3178,EM,-41702.639,0.0005305,0.0,0.82,10231.8
OLDEST_D1_Z0_1_repair_em,3179,EM,-41702.639,0.0005373,0.0,1.05,10232.9
OLDEST_D1_Z0_1_repair_em,3180,EM,-41702.638,0.0005415,0.0,0.84,10233.7
OLDEST_D1_Z0_1_repair_em,3181,EM,-41702.638,0.0005343,0.0,0.68,10234.4
OLDEST_D1_Z0_1_repair_em,3182,EM,-41702.637,0.0005274,0.0,1.3,10235.7
OLDEST_D1_Z0_1_repair_em,3183,EM,-41702.637,0.0005256,0.0,7.16,10242.8
OLDEST_D1_Z0_1_repair_em,3184,EM,-41702.636,0.0005239,0.0,5.09,10247.9
OLDEST_D1_Z0_1_repair_em,3185,EM,-41702.636,0.0005242,0.0,1.08,10249.0
OLDEST_D1_Z0_1_repair_em,3186,EM,-41702.635,0.0005167,0.0,0.93,10249.9
OLDEST_D1_Z0_1_repair_em,3187,EM,-41702.635,0.0005143,0.0,1.77,10251.7
OLDEST_D1_Z0_1_repair_em,3188,EM,-41702.634,0.0005167,0.0,1.34,10253.0
OLDEST_D1_Z0_1_repair_em,3189,EM,-41702.634,0.0005122,0.0,0.79,10253.8
OLDEST_D1_Z0_1_repair_em,3190,EM,-41702.633,0.0005092,0.0,1.02,10254.9
OLDEST_D1_Z0_1_repair_em,3191,EM,-41702.633,0.0004924,0.0,0.84,10255.7
OLDEST_D1_Z0_1_repair_em,3192,EM,-41702.632,0.0004981,0.0,0.95,10256.6
OLDEST_D1_Z0_1_repair_em,3193,EM,-41702.632,0.0004949,0.0,1.46,10258.1
OLDEST_D1_Z0_1_repair_em,3194,EM,-41702.631,0.0004915,0.0,6.41,10264.5
OLDEST_D1_Z0_1_repair_em,3195,EM,-41702.631,0.0004888,0.0,6.16,10270.7
OLDEST_D1_Z0_1_repair_em,3196,EM,-41702.63,0.0004858,0.0,1.27,10271.9
OLDEST_D1_Z0_1_repair_em,3197,EM,-41702.63,0.0004826,0.0,0.85,10272.8
OLDEST_D1_Z0_1_repair_em,3198,EM,-41702.629,0.0004808,0.0,0.83,10273.6
OLDEST_D1_Z0_1_repair_em,3199,EM,-41702.629,0.0004734,0.0,0.84,10274.5
OLDEST_D1_Z0_1_repair_em,3200,EM,-41702.628,0.0004858,0.0,1.11,10275.6
OLDEST_D1_Z0_1_repair_em,3201,EM,-41702.628,0.000465,0.0,0.9,10276.5
OLDEST_D1_Z0_1_repair_em,3202,EM,-41702.627,0.0004823,0.0,0.84,10277.3
OLDEST_D1_Z0_1_repair_em,3203,EM,-41702.627,0.0004375,0.0,1.09,10278.4
OLDEST_D1_Z0_1_repair_em,3204,EM,-41702.626,0.0004799,0.0,6.81,10285.2
OLDEST_D1_Z0_1_repair_em,3205,EM,-41702.626,0.0004686,0.0,6.87,10292.1
OLDEST_D1_Z0_1_repair_em,3206,EM,-41702.625,0.0004639,0.0,4.62,10296.7
OLDEST_D1_Z0_1_repair_em,3207,EM,-41702.625,0.0004608,0.0,6.41,10303.1
OLDEST_D1_Z0_1_repair_em,3208,EM,-41702.624,0.0004574,0.0,3.5,10306.6
OLDEST_D1_Z0_1_repair_em,3209,EM,-41702.624,0.000454,0.0,0.68,10307.3
OLDEST_D1_Z0_1_repair_em,3210,EM,-41702.624,0.0004507,0.0,0.7,10308.0
OLDEST_D1_Z0_1_repair_em,3211,EM,-41702.623,0.0004486,0.0,1.02,10309.0
OLDEST_D1_Z0_1_repair_em,3212,EM,-41702.623,0.0004442,0.0,0.96,10310.0
OLDEST_D1_Z0_1_repair_em,3213,EM,-41702.622,0.0004449,0.0,1.69,10311.6
OLDEST_D1_Z0_1_repair_em,3214,EM,-41702.622,0.0004392,0.0,6.5,10318.1
OLDEST_D1_Z0_1_repair_em,3215,EM,-41702.621,0.0004364,0.0,3.73,10321.9
OLDEST_D1_Z0_1_repair_em,3216,EM,-41702.621,0.0004335,0.0,1.52,10323.4
OLDEST_D1_Z0_1_repair_em,3217,EM,-41702.62,0.000439,0.0,7.27,10330.7
OLDEST_D1_Z0_1_repair_em,3218,EM,-41702.62,0.0004273,0.0,7.7,10338.4
OLDEST_D1_Z0_1_repair_em,3219,EM,-41702.62,0.0004285,0.0,8.11,10346.5
OLDEST_D1_Z0_1_repair_em,3220,EM,-41702.619,0.000433,0.0,9.19,10355.7
OLDEST_D1_Z0_1_repair_em,3221,EM,-41702.619,0.0004339,0.0,8.77,10364.4
OLDEST_D1_Z0_1_repair_em,3222,EM,-41702.618,0.0004243,0.0,5.52,10369.9
OLDEST_D1_Z0_1_repair_em,3223,EM,-41702.618,0.0004189,0.0,1.3,10371.2
OLDEST_D1_Z0_1_repair_em,3224,EM,-41702.618,0.0003939,0.0,1.72,10373.0
OLDEST_D1_Z0_1_repair_em,3225,EM,-41702.617,0.0004155,0.0,1.35,10374.3
OLDEST_D1_Z0_1_repair_em,3226,EM,-41702.617,0.0004084,0.0,1.37,10375.7
OLDEST_D1_Z0_1_repair_em,3227,EM,-41702.616,0.0004038,0.0,1.15,10376.8
OLDEST_D1_Z0_1_repair_em,3228,EM,-41702.616,0.0004036,0.0,1.04,10377.9
OLDEST_D1_Z0_1_repair_em,3229,EM,-41702.615,0.0003982,0.0,2.96,10380.8
OLDEST_D1_Z0_1_repair_em,3230,EM,-41702.615,0.0003905,0.0,11.88,10392.7
OLDEST_D1_Z0_1_repair_em,3231,EM,-41702.615,0.0003898,0.0,10.59,10403.3
OLDEST_D1_Z0_1_repair_em,3232,EM,-41702.614,0.0003883,0.0,9.78,10413.1
OLDEST_D1_Z0_1_repair_em,3233,EM,-41702.614,0.000381,0.0,5.44,10418.5
OLDEST_D1_Z0_1_repair_em,3234,EM,-41702.614,0.000383,0.0,1.82,10420.3
OLDEST_D1_Z0_1_repair_em,3235,EM,-41702.613,0.0003835,0.0,8.99,10429.3
OLDEST_D1_Z0_1_repair_em,3236,EM,-41702.613,0.0003793,0.0,7.43,10436.7
OLDEST_D1_Z0_1_repair_em,3237,EM,-41702.612,0.0003796,0.0,1.57,10438.3
OLDEST_D1_Z0_1_repair_em,3238,EM,-41702.612,0.0003787,0.0,1.42,10439.7
OLDEST_D1_Z0_1_repair_em,3239,EM,-41702.612,0.0003791,0.0,7.26,10447.0
OLDEST_D1_Z0_1_repair_em,3240,EM,-41702.611,0.0003735,0.0,7.73,10454.7
OLDEST_D1_Z0_1_repair_em,3241,EM,-41702.611,0.000371,0.0,7.72,10462.4
OLDEST_D1_Z0_1_repair_em,3242,EM,-41702.611,0.0003683,0.0,6.46,10468.9
OLDEST_D1_Z0_1_repair_em,3243,EM,-41702.61,0.0003637,0.0,1.2,10470.1
OLDEST_D1_Z0_1_repair_em,3244,EM,-41702.61,0.0003613,0.0,0.77,10470.9
OLDEST_D1_Z0_1_repair_em,3245,EM,-41702.609,0.0003625,0.0,1.51,10472.4
OLDEST_D1_Z0_1_repair_em,3246,EM,-41702.609,0.0003581,0.0,7.34,10479.7
OLDEST_D1_Z0_1_repair_em,3247,EM,-41702.609,0.0003551,0.0,7.08,10486.8
OLDEST_D1_Z0_1_repair_em,3248,EM,-41702.608,0.0003557,0.0,6.85,10493.6
OLDEST_D1_Z0_1_repair_em,3249,EM,-41702.608,0.0003535,0.0,7.24,10500.9
OLDEST_D1_Z0_1_repair_em,3250,EM,-41702.608,0.0003508,0.0,7.78,10508.7
OLDEST_D1_Z0_1_repair_em,3251,EM,-41702.607,0.0003468,0.0,8.7,10517.4
OLDEST_D1_Z0_1_repair_em,3252,EM,-41702.607,0.000347,0.0,5.3,10522.7
OLDEST_D1_Z0_1_repair_em,3253,EM,-41702.607,0.0003414,0.0,1.26,10523.9
OLDEST_D1_Z0_1_repair_em,3254,EM,-41702.606,0.0003439,0.0,0.91,10524.8
OLDEST_D1_Z0_1_repair_em,3255,EM,-41702.606,0.00034,0.0,1.23,10526.1
OLDEST_D1_Z0_1_repair_em,3256,EM,-41702.606,0.0003172,0.0,0.96,10527.0
OLDEST_D1_Z0_1_repair_em,3257,EM,-41702.605,0.0003484,0.0,1.72,10528.7
OLDEST_D1_Z0_1_repair_em,3258,EM,-41702.605,0.0003344,0.0,10.92,10539.7
OLDEST_D1_Z0_1_repair_em,3259,EM,-41702.605,0.0003314,0.0,2.36,10542.0
OLDEST_D1_Z0_1_repair_em,3260,EM,-41702.604,0.0003311,0.0,1.52,10543.5
OLDEST_D1_Z0_1_repair_em,3261,EM,-41702.604,0.000327,0.0,1.41,10545.0
OLDEST_D1_Z0_1_repair_em,3262,EM,-41702.604,0.0003273,0.0,1.19,10546.1
OLDEST_D1_Z0_1_repair_em,3263,EM,-41702.603,0.0003156,0.0,1.79,10547.9
OLDEST_D1_Z0_1_repair_em,3264,EM,-41702.603,0.0003214,0.0,1.94,10549.9
OLDEST_D1_Z0_1_repair_em,3265,EM,-41702.603,0.0003422,0.0,1.05,10550.9
OLDEST_D1_Z0_1_repair_em,3266,EM,-41702.602,0.0003054,0.0,2.46,10553.4
OLDEST_D1_Z0_1_repair_em,3267,EM,-41702.602,0.0003095,0.0,12.26,10565.6
OLDEST_D1_Z0_1_repair_em,3268,EM,-41702.602,0.0003116,0.0,10.6,10576.2
OLDEST_D1_Z0_1_repair_em,3269,EM,-41702.601,0.0003117,0.0,10.55,10586.8
OLDEST_D1_Z0_1_repair_em,3270,EM,-41702.601,0.0003087,0.0,10.02,10596.8
OLDEST_D1_Z0_1_repair_em,3271,EM,-41702.601,0.0003044,0.0,10.01,10606.8
OLDEST_D1_Z0_1_repair_em,3272,EM,-41702.601,0.0003043,0.0,7.88,10614.7
OLDEST_D1_Z0_1_repair_em,3273,EM,-41702.6,0.0003023,0.0,10.79,10625.5
OLDEST_D1_Z0_1_repair_em,3274,EM,-41702.6,0.0002981,0.0,8.22,10633.7
OLDEST_D1_Z0_1_repair_em,3275,EM,-41702.6,0.0002976,0.0,1.41,10635.1
OLDEST_D1_Z0_1_repair_em,3276,EM,-41702.599,0.0002918,0.0,2.03,10637.1
OLDEST_D1_Z0_1_repair_em,3277,EM,-41702.599,0.0002934,0.0,8.27,10645.4
OLDEST_D1_Z0_1_repair_em,3278,EM,-41702.599,0.0002896,0.0,7.25,10652.7
OLDEST_D1_Z0_1_repair_em,3279,EM,-41702.598,0.0002901,0.0,1.56,10654.2
OLDEST_D1_Z0_1_repair_em,3280,EM,-41702.598,0.0002822,0.0,1.31,10655.5
OLDEST_D1_Z0_1_repair_em,3281,EM,-41702.598,0.000286,0.0,1.87,10657.4
OLDEST_D1_Z0_1_repair_em,3282,EM,-41702.598,0.00028,0.0,2.45,10659.9
OLDEST_D1_Z0_1_repair_em,3283,EM,-41702.597,0.0002812,0.0,8.23,10668.1
OLDEST_D1_Z0_1_repair_em,3284,EM,-41702.597,0.0002837,0.0,9.53,10677.6
OLDEST_D1_Z0_1_repair_em,3285,EM,-41702.597,0.0002775,0.0,12.7,10690.3
OLDEST_D1_Z0_1_repair_em,3286,EM,-41702.596,0.0002761,0.0,2.59,10692.9
OLDEST_D1_Z0_1_repair_em,3287,EM,-41702.596,0.000271,0.0,2.13,10695.0
OLDEST_D1_Z0_1_repair_em,3288,EM,-41702.596,0.0002709,0.0,1.14,10696.2
OLDEST_D1_Z0_1_repair_em,3289,EM,-41702.596,0.0002718,0.0,1.34,10697.5
OLDEST_D1_Z0_1_repair_em,3290,EM,-41702.595,0.0002698,0.0,1.28,10698.8
OLDEST_D1_Z0_1_repair_em,3291,EM,-41702.595,0.0002641,0.0,3.59,10702.4
OLDEST_D1_Z0_1_repair_em,3292,EM,-41702.595,0.0002609,0.0,10.52,10712.9
OLDEST_D1_Z0_1_repair_em,3293,EM,-41702.595,0.000261,0.0,3.27,10716.2
OLDEST_D1_Z0_1_repair_em,3294,EM,-41702.594,0.0002584,0.0,10.33,10726.5
OLDEST_D1_Z0_1_repair_em,3295,EM,-41702.594,0.0002668,0.0,10.48,10737.0
OLDEST_D1_Z0_1_repair_em,3296,EM,-41702.594,0.0002605,0.0,8.74,10745.7
OLDEST_D1_Z0_1_repair_em,3297,EM,-41702.594,0.0002547,0.0,8.11,10753.8
OLDEST_D1_Z0_1_repair_em,3298,EM,-41702.593,0.000246,0.0,8.69,10762.5
OLDEST_D1_Z0_1_repair_em,3299,EM,-41702.593,0.0002486,0.0,6.59,10769.1
OLDEST_D1_Z0_1_repair_em,3300,EM,-41702.593,0.0002469,0.0,1.52,10770.6
OLDEST_D1_Z0_1_repair_em,3301,EM,-41702.593,0.0002411,0.0,1.38,10772.0
OLDEST_D1_Z0_1_repair_em,3302,EM,-41702.592,0.0002397,0.0,0.81,10772.8
OLDEST_D1_Z0_1_repair_em,3303,EM,-41702.592,0.0002405,0.0,0.85,10773.6
OLDEST_D1_Z0_1_repair_em,3304,EM,-41702.592,0.0002438,0.0,0.85,10774.5
OLDEST_D1_Z0_1_repair_em,3305,EM,-41702.592,0.0002325,0.0,1.11,10775.6
OLDEST_D1_Z0_1_repair_em,3306,EM,-41702.591,0.0002358,0.0,1.27,10776.9
OLDEST_D1_Z0_1_repair_em,3307,EM,-41702.591,0.0002318,0.0,1.35,10778.2
OLDEST_D1_Z0_1_repair_em,3308,EM,-41702.591,0.0002374,0.0,1.03,10779.3
OLDEST_D1_Z0_1_repair_em,3309,EM,-41702.591,0.0002265,0.0,0.92,10780.2
OLDEST_D1_Z0_1_repair_em,3310,EM,-41702.59,0.0002198,0.0,1.11,10781.3
OLDEST_D1_Z0_1_repair_em,3311,EM,-41702.59,0.0002262,0.0,7.41,10788.7
OLDEST_D1_Z0_1_repair_em,3312,EM,-41702.59,0.0002293,0.0,7.36,10796.1
OLDEST_D1_Z0_1_repair_em,3313,EM,-41702.59,0.0002238,0.0,1.44,10797.5
OLDEST_D1_Z0_1_repair_em,3314,EM,-41702.59,0.000217,0.0,1.66,10799.2
OLDEST_D1_Z0_1_repair_em,3315,EM,-41702.589,0.0002108,0.0,0.99,10800.1
OLDEST_D1_Z0_1_repair_em,3316,EM,-41702.589,0.0002241,0.0,1.84,10802.0
OLDEST_D1_Z0_1_repair_em,3317,EM,-41702.589,0.0002194,0.0,7.55,10809.5
OLDEST_D1_Z0_1_repair_em,3318,EM,-41702.589,0.000213,0.0,1.53,10811.1
OLDEST_D1_Z0_1_repair_em,3319,EM,-41702.589,0.0002106,0.0,1.88,10812.9
OLDEST_D1_Z0_1_repair_em,3320,EM,-41702.588,0.0002108,0.0,8.92,10821.9
OLDEST_D1_Z0_1_repair_em,3321,EM,-41702.588,0.0002101,0.0,8.7,10830.6
OLDEST_D1_Z0_1_repair_em,3322,EM,-41702.588,0.0002084,0.0,3.21,10833.8
OLDEST_D1_Z0_1_repair_em,3323,EM,-41702.588,0.0002039,0.0,10.34,10844.1
OLDEST_D1_Z0_1_repair_em,3324,EM,-41702.587,0.0002055,0.0,2.16,10846.3
OLDEST_D1_Z0_1_repair_em,3325,EM,-41702.587,0.0002009,0.0,1.4,10847.7
OLDEST_D1_Z0_1_repair_em,3326,EM,-41702.587,0.0002032,0.0,1.59,10849.3
OLDEST_D1_Z0_1_repair_em,3327,EM,-41702.587,0.0002003,0.0,1.04,10850.3
OLDEST_D1_Z0_1_repair_em,3328,EM,-41702.587,0.000195,0.0,2.2,10852.5
OLDEST_D1_Z0_1_repair_em,3329,EM,-41702.586,0.000198,0.0,2.48,10855.0
OLDEST_D1_Z0_1_repair_em,3330,EM,-41702.586,0.0001849,0.0,10.12,10865.1
OLDEST_D1_Z0_1_repair_em,3331,EM,-41702.586,0.0001934,0.0,3.72,10868.8
OLDEST_D1_Z0_1_repair_em,3332,EM,-41702.586,0.0001933,0.0,10.37,10879.2
OLDEST_D1_Z0_1_repair_em,3333,EM,-41702.586,0.0001883,0.0,10.22,10889.4
OLDEST_D1_Z0_1_repair_em,3334,EM,-41702.586,0.000188,0.0,10.07,10899.5
OLDEST_D1_Z0_1_repair_em,3335,EM,-41702.585,0.0001858,0.0,8.89,10908.4
OLDEST_D1_Z0_1_repair_em,3336,EM,-41702.585,0.0001857,0.0,1.64,10910.0
OLDEST_D1_Z0_1_repair_em,3337,EM,-41702.585,0.0001817,0.0,1.8,10911.8
OLDEST_D1_Z0_1_repair_em,3338,EM,-41702.585,0.0001829,0.0,8.54,10920.3
OLDEST_D1_Z0_1_repair_em,3339,EM,-41702.585,0.0001802,0.0,7.72,10928.1
OLDEST_D1_Z0_1_repair_em,3340,EM,-41702.584,0.0001794,0.0,1.59,10929.6
OLDEST_D1_Z0_1_repair_em,3341,EM,-41702.584,0.000177,0.0,1.03,10930.7
OLDEST_D1_Z0_1_repair_em,3342,EM,-41702.584,0.000174,0.0,1.44,10932.1
OLDEST_D1_Z0_1_repair_em,3343,EM,-41702.584,0.0001695,0.0,6.52,10938.6
OLDEST_D1_Z0_1_repair_em,3344,EM,-41702.584,0.0001715,0.0,1.31,10940.0
OLDEST_D1_Z0_1_repair_em,3345,EM,-41702.584,0.000173,0.0,1.55,10941.5
OLDEST_D1_Z0_1_repair_em,3346,EM,-41702.583,0.000169,0.0,6.32,10947.8
OLDEST_D1_Z0_1_repair_em,3347,EM,-41702.583,0.0001687,0.0,1.23,10949.1
OLDEST_D1_Z0_1_repair_em,3348,EM,-41702.583,0.000166,0.0,1.38,10950.4
OLDEST_D1_Z0_1_repair_em,3349,EM,-41702.583,0.0001719,0.0,0.76,10951.2
OLDEST_D1_Z0_1_repair_em,3350,EM,-41702.583,0.0001603,0.0,0.84,10952.0
OLDEST_D1_Z0_1_repair_em,3351,EM,-41702.583,0.0001477,0.0,1.17,10953.2
OLDEST_D1_Z0_1_repair_em,3352,EM,-41702.582,0.0001633,0.0,0.84,10954.0
OLDEST_D1_Z0_1_repair_em,3353,EM,-41702.582,0.0001538,0.0,0.81,10954.9
OLDEST_D1_Z0_1_repair_em,3354,EM,-41702.582,0.0001537,0.0,0.7,10955.6
OLDEST_D1_Z0_1_repair_em,3355,EM,-41702.582,0.000169,0.0,0.81,10956.4
OLDEST_D1_Z0_1_repair_em,3356,EM,-41702.582,0.0001521,0.0,1.26,10957.6
OLDEST_D1_Z0_1_repair_em,3357,EM,-41702.582,0.000154,0.0,7.6,10965.2
OLDEST_D1_Z0_1_repair_em,3358,EM,-41702.581,0.0001515,0.0,7.59,10972.8
OLDEST_D1_Z0_1_repair_em,3359,EM,-41702.581,0.0001472,0.0,6.89,10979.7
OLDEST_D1_Z0_1_repair_em,3360,EM,-41702.581,0.0001483,0.0,2.11,10981.8
OLDEST_D1_Z0_1_repair_em,3361,EM,-41702.581,0.0001473,0.0,0.99,10982.8
OLDEST_D1_Z0_1_repair_em,3362,EM,-41702.581,0.0001433,0.0,1.78,10984.6
OLDEST_D1_Z0_1_repair_em,3363,EM,-41702.581,0.0001446,0.0,8.82,10993.4
OLDEST_D1_Z0_1_repair_em,3364,EM,-41702.581,0.0001379,0.0,8.04,11001.4
OLDEST_D1_Z0_1_repair_em,3365,EM,-41702.58,0.0001388,0.0,2.32,11003.8
OLDEST_D1_Z0_1_repair_em,3366,EM,-41702.58,0.000142,0.0,1.31,11005.1
OLDEST_D1_Z0_1_repair_em,3367,EM,-41702.58,0.0001362,0.0,1.05,11006.1
OLDEST_D1_Z0_1_repair_em,3368,EM,-41702.58,0.0001334,0.0,2.01,11008.1
OLDEST_D1_Z0_1_repair_em,3369,EM,-41702.58,0.0001269,0.0,1.12,11009.3
OLDEST_D1_Z0_1_repair_em,3370,EM,-41702.58,0.0001355,0.0,1.09,11010.3
OLDEST_D1_Z0_1_repair_em,3371,EM,-41702.58,0.0001297,0.0,1.81,11012.2
OLDEST_D1_Z0_1_repair_em,3372,EM,-41702.58,0.0001305,0.0,0.96,11013.1
OLDEST_D1_Z0_1_repair_em,3373,EM,-41702.579,0.0001244,0.0,2.48,11015.6
OLDEST_D1_Z0_1_repair_em,3374,EM,-41702.579,0.0001307,0.0,13.11,11028.7
OLDEST_D1_Z0_1_repair_em,3375,EM,-41702.579,0.0001242,0.0,9.67,11038.4
OLDEST_D1_Z0_1_repair_em,3376,EM,-41702.579,0.0001261,0.0,10.85,11049.2
OLDEST_D1_Z0_1_repair_em,3377,EM,-41702.579,0.0001245,0.0,9.18,11058.4
OLDEST_D1_Z0_1_repair_em,3378,EM,-41702.579,0.0001207,0.0,1.91,11060.3
OLDEST_D1_Z0_1_repair_em,3379,EM,-41702.579,0.0001173,0.0,1.41,11061.7
OLDEST_D1_Z0_1_repair_em,3380,EM,-41702.579,0.0001174,0.0,2.68,11064.4
OLDEST_D1_Z0_1_repair_em,3381,EM,-41702.578,0.0001186,0.0,2.03,11066.4
OLDEST_D1_Z0_1_repair_em,3382,EM,-41702.578,0.0001096,0.0,1.06,11067.5
OLDEST_D1_Z0_1_repair_em,3383,EM,-41702.578,0.0001207,0.0,2.93,11070.4
OLDEST_D1_Z0_1_repair_em,3384,EM,-41702.578,0.0001132,0.0,10.09,11080.5
OLDEST_D1_Z0_1_repair_em,3385,EM,-41702.578,0.0001107,0.0,9.09,11089.6
OLDEST_D1_Z0_1_repair_em,3386,EM,-41702.578,0.0001095,0.0,9.14,11098.8
OLDEST_D1_Z0_1_repair_em,3387,EM,-41702.578,0.0001074,0.0,9.01,11107.8
OLDEST_D1_Z0_1_repair_em,3388,EM,-41702.578,0.0001065,0.0,7.26,11115.0
OLDEST_D1_Z0_1_repair_em,3389,EM,-41702.578,0.0001049,0.0,2.17,11117.2
OLDEST_D1_Z0_1_repair_em,3390,EM,-41702.577,0.0001044,0.0,8.91,11126.1
OLDEST_D1_Z0_1_repair_em,3391,EM,-41702.577,0.0001004,0.0,6.78,11132.9
OLDEST_D1_Z0_1_repair_em,3392,EM,-41702.577,0.0001049,0.0,7.33,11140.2
OLDEST_D1_Z0_1_repair_em,3393,EM,-41702.577,0.0001008,0.0,6.49,11146.7
OLDEST_D1_Z0_1_repair_em,3394,EM,-41702.577,0.0001009,0.0,1.48,11148.2
OLDEST_D1_Z0_1_repair_em,3395,EM,-41702.577,9.87e-05,0.0,1.51,11149.7
OLDEST_D1_Z0_1_repair_em,3396,EM,-41702.577,9.88e-05,0.0,6.74,11156.4
OLDEST_D1_Z0_1_repair_em,3397,EM,-41702.577,9.48e-05,0.0,1.43,11157.9
OLDEST_D1_Z0_1_repair_em,3398,EM,-41702.577,9.68e-05,0.0,1.06,11158.9
OLDEST_D1_Z0_1_repair_em,3399,EM,-41702.577,9.36e-05,0.0,1.11,11160.0
OLDEST_D1_Z0_1_repair_em,3400,EM,-41702.576,9.23e-05,0.0,1.99,11162.0
OLDEST_D1_Z0_1_repair_em,3401,EM,-41702.576,8.82e-05,0.0,8.33,11170.4
OLDEST_D1_Z0_1_repair_em,3402,EM,-41702.576,8.84e-05,0.0,1.76,11172.1
OLDEST_D1_Z0_1_repair_em,3403,EM,-41702.576,8.8e-05,0.0,1.63,11173.7
OLDEST_D1_Z0_1_repair_em,3404,EM,-41702.576,8.88e-05,0.0,1.06,11174.8
OLDEST_D1_Z0_1_repair_em,3405,EM,-41702.576,8.54e-05,0.0,1.14,11175.9
OLDEST_D1_Z0_1_repair_em,3406,EM,-41702.576,8.73e-05,0.0,1.13,11177.1
OLDEST_D1_Z0_1_repair_em,3407,EM,-41702.576,8.48e-05,0.0,1.59,11178.7
OLDEST_D1_Z0_1_repair_em,3408,EM,-41702.576,7.86e-05,0.0,11.03,11189.7
OLDEST_D1_Z0_1_repair_em,3409,EM,-41702.576,7.9e-05,0.0,10.98,11200.7
OLDEST_D1_Z0_1_repair_em,3410,EM,-41702.576,7.75e-05,0.0,3.68,11204.4
OLDEST_D1_Z0_1_repair_em,3411,EM,-41702.576,7.78e-05,0.0,9.83,11214.2
OLDEST_D1_Z0_1_repair_em,3412,EM,-41702.575,7.85e-05,0.0,2.62,11216.8
OLDEST_D1_Z0_1_repair_em,3413,EM,-41702.575,7.84e-05,0.0,10.2,11227.0
OLDEST_D1_Z0_1_repair_em,3414,EM,-41702.575,7.66e-05,0.0,8.98,11236.0
OLDEST_D1_Z0_1_repair_em,3415,EM,-41702.575,7.46e-05,0.0,2.35,11238.3
OLDEST_D1_Z0_1_repair_em,3416,EM,-41702.575,7.26e-05,0.0,9.04,11247.4
OLDEST_D1_Z0_1_repair_em,3417,EM,-41702.575,7.11e-05,0.0,7.8,11255.2
OLDEST_D1_Z0_1_repair_em,3418,EM,-41702.575,6.97e-05,0.0,2.43,11257.6
OLDEST_D1_Z0_1_repair_em,3419,EM,-41702.575,6.9e-05,0.0,7.86,11265.5
OLDEST_D1_Z0_1_repair_em,3420,EM,-41702.575,6.89e-05,0.0,1.58,11267.0
OLDEST_D1_Z0_1_repair_em,3421,EM,-41702.575,6.53e-05,0.0,1.19,11268.2
OLDEST_D1_Z0_1_repair_em,3422,EM,-41702.575,7.02e-05,0.0,1.2,11269.4
OLDEST_D1_Z0_1_repair_em,3423,EM,-41702.575,6.29e-05,0.0,1.81,11271.2
OLDEST_D1_Z0_1_repair_em,3424,EM,-41702.575,6.29e-05,0.0,8.23,11279.5
OLDEST_D1_Z0_1_repair_em,3425,EM,-41702.575,6.07e-05,0.0,7.78,11287.3
OLDEST_D1_Z0_1_repair_em,3426,EM,-41702.575,6.15e-05,0.0,1.8,11289.1
OLDEST_D1_Z0_1_repair_em,3427,EM,-41702.574,6.01e-05,0.0,2.0,11291.1
OLDEST_D1_Z0_1_repair_em,3428,EM,-41702.574,6.03e-05,0.0,7.8,11298.9
OLDEST_D1_Z0_1_repair_em,3429,EM,-41702.574,5.73e-05,0.0,8.72,11307.6
OLDEST_D1_Z0_1_repair_em,3430,EM,-41702.574,5.53e-05,0.0,8.69,11316.3
OLDEST_D1_Z0_1_repair_em,3431,EM,-41702.574,5.38e-05,0.0,9.51,11325.8
OLDEST_D1_Z0_1_repair_em,3432,EM,-41702.574,5.4e-05,0.0,9.54,11335.3
OLDEST_D1_Z0_1_repair_em,3433,EM,-41702.574,5.2e-05,0.0,8.51,11343.8
OLDEST_D1_Z0_1_repair_em,3434,EM,-41702.574,5.1e-05,0.0,2.11,11345.9
OLDEST_D1_Z0_1_repair_em,3435,EM,-41702.574,4.97e-05,0.0,1.35,11347.3
OLDEST_D1_Z0_1_repair_em,3436,EM,-41702.574,4.52e-05,0.0,1.26,11348.5
OLDEST_D1_Z0_1_repair_em,3437,EM,-41702.574,4.82e-05,0.0,3.11,11351.7
OLDEST_D1_Z0_1_repair_em,3438,EM,-41702.574,4.91e-05,0.0,9.91,11361.6
OLDEST_D1_Z0_1_repair_em,3439,EM,-41702.574,4.64e-05,0.0,9.92,11371.5
OLDEST_D1_Z0_1_repair_em,3440,EM,-41702.574,4.43e-05,0.0,2.45,11373.9
OLDEST_D1_Z0_1_repair_em,3441,EM,-41702.574,4.4e-05,0.0,1.77,11375.7
OLDEST_D1_Z0_1_repair_em,3442,EM,-41702.574,4.4e-05,0.0,1.38,11377.1
OLDEST_D1_Z0_1_repair_em,3443,EM,-41702.574,4.03e-05,0.0,2.92,11380.0
OLDEST_D1_Z0_1_repair_em,3444,EM,-41702.574,4.12e-05,0.0,9.52,11389.5
OLDEST_D1_Z0_1_repair_em,3445,EM,-41702.574,2.46e-05,0.0,8.74,11398.3
OLDEST_D1_Z0_1_repair_em,3446,EM,-41702.574,7.91e-05,0.0,8.29,11406.5
OLDEST_D1_Z0_1_repair_em,3447,EM,-41702.573,4.89e-05,0.0,8.23,11414.8
OLDEST_D1_Z0_1_repair_em,3448,EM,-41702.573,3.81e-05,0.0,2.2,11417.0
OLDEST_D1_Z0_1_repair_em,3449,EM,-41702.573,3.5e-05,0.0,12.06,11429.0
OLDEST_D1_Z0_1_repair_em,3450,EM,-41702.573,3.32e-05,0.0,12.28,11441.3
OLDEST_D1_Z0_1_repair_em,3451,EM,-41702.573,3.08e-05,0.0,8.82,11450.1
OLDEST_D1_Z0_1_repair_em,3452,EM,-41702.573,3.03e-05,0.0,2.62,11452.8
OLDEST_D1_Z0_1_repair_em,3453,EM,-41702.573,2.82e-05,0.0,11.45,11464.2
OLDEST_D1_Z0_1_repair_em,3454,EM,-41702.573,2.88e-05,0.0,10.34,11474.5
OLDEST_D1_Z0_1_repair_em,3455,EM,-41702.573,2.44e-05,0.0,2.11,11476.7
OLDEST_D1_Z0_1_repair_em,3456,EM,-41702.573,2.49e-05,0.0,1.31,11478.0
OLDEST_D1_Z0_1_repair_em,3457,EM,-41702.573,2.84e-05,0.0,2.18,11480.1
OLDEST_D1_Z0_1_repair_em,3458,EM,-41702.573,2.46e-05,0.0,10.67,11490.8
OLDEST_D1_Z0_1_repair_em,3459,EM,-41702.573,2.19e-05,0.0,9.55,11500.4
OLDEST_D1_Z0_1_repair_em,3460,EM,-41702.573,2.32e-05,0.0,8.73,11509.1
OLDEST_D1_Z0_1_repair_em,3461,EM,-41702.573,2.09e-05,0.0,9.75,11518.9
OLDEST_D1_Z0_1_repair_em,3462,EM,-41702.573,1.99e-05,0.0,7.8,11526.6
OLDEST_D1_Z0_1_repair_em,3463,EM,-41702.573,1.76e-05,0.0,1.62,11528.3
OLDEST_D1_Z0_1_repair_em,3464,EM,-41702.573,1.54e-05,0.0,1.16,11529.4
OLDEST_D1_Z0_1_repair_em,3465,EM,-41702.573,2.25e-05,0.0,2.14,11531.6
OLDEST_D1_Z0_1_repair_em,3466,EM,-41702.573,2.06e-05,0.0,1.11,11532.7
OLDEST_D1_Z0_1_repair_em,3467,EM,-41702.573,2.18e-05,0.0,1.59,11534.3
OLDEST_D1_Z0_1_repair_em,3468,EM,-41702.573,1.17e-05,0.0,8.01,11542.3
OLDEST_D1_Z0_1_repair_em,3469,EM,-41702.573,1.25e-05,0.0,1.99,11544.3
OLDEST_D1_Z0_1_repair_em,3470,EM,-41702.573,1.31e-05,0.0,1.17,11545.4
OLDEST_D1_Z0_1_repair_em,3471,EM,-41702.573,1.09e-05,0.0,0.88,11546.3
OLDEST_D1_Z0_1_repair_em,3472,EM,-41702.573,9.9e-06,0.0,1.73,11548.1
OLDEST_D1_Z0_1_repair_em,3473,EM,-41702.573,1.24e-05,0.0,7.92,11556.0
OLDEST_D1_Z0_1_repair_em,3474,EM,-41702.573,9.8e-06,0.0,8.03,11564.0
OLDEST_D1_Z0_1_repair_em,3475,EM,-41702.573,8.3e-06,0.0,7.84,11571.8
OLDEST_D1_Z0_1_repair_em,3476,EM,-41702.573,-6.5e-06,0.0,8.02,11579.9
OLDEST_D1_Z0_1_repair_em,3477,EM,-41702.573,4.58e-05,0.0,10.67,11590.5
OLDEST_D1_Z0_1_repair_em,3478,EM,-41702.573,1.74e-05,0.0,3.59,11594.1
OLDEST_D1_Z0_1_repair_em,3479,EM,-41702.573,1.42e-05,0.0,3.21,11597.3
OLDEST_D1_Z0_1_repair_em,3480,EM,-41702.573,8e-07,0.0,14.78,11612.1
OLDEST_D1_Z0_1_repair_em,3481,EM,-41702.573,-1.5e-06,0.0,2.48,11614.6
OLDEST_D1_Z0_1_repair_em,3482,EM,-41702.573,3.5e-06,0.0,1.84,11616.4
OLDEST_D1_Z0_1_repair_em,3483,EM,-41702.573,-4.4e-06,0.0,15.45,11631.9
OLDEST_D1_Z0_1_repair_em,3484,EM,-41702.573,-2.9e-06,0.0,10.91,11642.8
OLDEST_D1_Z0_1_repair_em,3485,EM,-41702.573,-2.8e-06,0.0,3.25,11646.0
OLDEST_D1_Z0_1_repair_em,3486,EM,-41702.573,-2.8e-06,0.0,15.66,11661.7
OLDEST_D1_Z0_1_repair_em,3487,EM,-41702.573,-4.4e-06,0.0,11.44,11673.1
OLDEST_D1_Z0_1_repair_em,3488,EM,-41702.573,-5.9e-06,0.0,1.76,11674.9
OLDEST_D1_Z0_1_repair_em,3489,EM,-41702.573,-3.7e-06,0.0,2.13,11677.0
OLDEST_D1_Z0_1_repair_em,3490,EM,-41702.573,-5.7e-06,0.0,11.48,11688.5
OLDEST_D1_Z0_1_repair_em,3491,EM,-41702.573,-8.2e-06,0.0,10.12,11698.6
OLDEST_D1_Z0_1_repair_em,3492,EM,-41702.573,-7.2e-06,0.0,8.48,11707.1
OLDEST_D1_Z0_1_repair_em,3493,EM,-41702.573,-8.7e-06,0.0,2.94,11710.1
OLDEST_D1_Z0_1_repair_em,3494,EM,-41702.573,-8.2e-06,0.0,8.69,11718.7
OLDEST_D1_Z0_1_repair_em,3495,EM,-41702.573,-9.8e-06,0.0,7.39,11726.1
OLDEST_D1_Z0_1_repair_em,3496,EM,-41702.573,-1e-05,0.0,6.55,11732.7
OLDEST_D1_Z0_1_repair_em,3497,EM,-41702.573,-1.06e-05,0.0,1.38,11734.1
OLDEST_D1_Z0_1_repair_em,3498,EM,-41702.573,-1.17e-05,0.0,1.5,11735.6
OLDEST_D1_Z0_1_repair_em,3499,EM,-41702.573,-1.19e-05,0.0,1.33,11736.9
OLDEST_D1_Z0_1_repair_em,3500,EM,-41702.573,-1.2e-05,0.0,1.6,11738.5
OLDEST_D1_Z0_1_repair_em,3501,EM,-41702.573,-1.25e-05,0.0,7.11,11745.6
OLDEST_D1_Z0_1_repair_em,3502,EM,-41702.573,-1.45e-05,0.0,6.77,11752.4
OLDEST_D1_Z0_1_repair_em,3503,EM,-41702.573,-1.59e-05,0.0,1.81,11754.2
OLDEST_D1_Z0_1_repair_em,3504,EM,-41702.573,-1.47e-05,0.0,0.82,11755.0
OLDEST_D1_Z0_1_repair_em,3505,EM,-41702.573,-1.83e-05,0.0,1.04,11756.0
OLDEST_D1_Z0_1_repair_em,3506,EM,-41702.573,-1.86e-05,0.0,0.8,11756.8
OLDEST_D1_Z0_1_repair_em,3507,EM,-41702.573,-2.75e-05,0.0,0.82,11757.7
OLDEST_D1_Z0_1_repair_em,3508,EM,-41702.573,-1.24e-05,0.0,1.26,11758.9
OLDEST_D1_Z0_1_repair_em,3509,EM,-41702.573,-2.11e-05,0.0,1.73,11760.6
OLDEST_D1_Z0_1_repair_em,3510,EM,-41702.573,-1.69e-05,0.0,7.51,11768.2
OLDEST_D1_Z0_1_repair_em,3511,EM,-41702.573,-1.97e-05,0.0,1.7,11769.9
OLDEST_D1_Z0_1_repair_em,3512,EM,-41702.573,-2.11e-05,0.0,1.37,11771.2
OLDEST_D1_Z0_1_repair_em,3513,EM,-41702.573,-2.18e-05,0.0,1.7,11772.9
OLDEST_D1_Z0_1_repair_em,3514,EM,-41702.573,-2.28e-05,0.0,7.48,11780.4
OLDEST_D1_Z0_1_repair_em,3515,EM,-41702.573,-2.43e-05,0.0,2.15,11782.6
OLDEST_D1_Z0_1_repair_em,3516,EM,-41702.573,-2.74e-05,0.0,2.38,11784.9
OLDEST_D1_Z0_1_repair_em,3517,EM,-41702.573,-2.4e-05,0.0,8.62,11793.5
OLDEST_D1_Z0_1_repair_em,3518,EM,-41702.573,-2.76e-05,0.0,1.85,11795.4
OLDEST_D1_Z0_1_repair_em,3519,EM,-41702.573,-2.49e-05,0.0,1.25,11796.6
OLDEST_D1_Z0_1_repair_em,3520,EM,-41702.573,-2.92e-05,0.0,1.8,11798.5
OLDEST_D1_Z0_1_repair_em,3521,EM,-41702.573,-3.04e-05,0.0,2.95,11801.4
OLDEST_D1_Z0_1_repair_em,3522,EM,-41702.573,-2.85e-05,0.0,9.17,11810.6
OLDEST_D1_Z0_1_repair_em,3523,EM,-41702.573,-3.19e-05,0.0,2.48,11813.1
OLDEST_D1_Z0_1_repair_em,3524,EM,-41702.573,-3.31e-05,0.0,2.51,11815.6
OLDEST_D1_Z0_1_repair_em,3525,EM,-41702.573,-3.04e-05,0.0,10.86,11826.4
OLDEST_D1_Z0_1_repair_em,3526,EM,-41702.574,-3.29e-05,0.0,2.45,11828.9
OLDEST_D1_Z0_1_repair_em,3527,EM,-41702.574,-3.4e-05,0.0,2.66,11831.5
OLDEST_D1_Z0_1_repair_em,3528,EM,-41702.574,-3.44e-05,0.0,9.79,11841.3
OLDEST_D1_Z0_1_repair_em,3529,EM,-41702.574,-3.63e-05,0.0,10.2,11851.5
OLDEST_D1_Z0_1_repair_em,3530,EM,-41702.574,-3.48e-05,0.0,1.95,11853.5
OLDEST_D1_Z0_1_repair_em,3531,EM,-41702.574,-3.66e-05,0.0,2.04,11855.5
OLDEST_D1_Z0_1_repair_em,3532,EM,-41702.574,-3.77e-05,0.0,11.33,11866.8
OLDEST_D1_Z0_1_repair_em,3533,EM,-41702.574,-3.84e-05,0.0,8.11,11874.9
OLDEST_D1_Z0_1_repair_em,3534,EM,-41702.574,-4.02e-05,0.0,1.67,11876.6
OLDEST_D1_Z0_1_repair_em,3535,EM,-41702.574,-4.24e-05,0.0,1.48,11878.1
OLDEST_D1_Z0_1_repair_em,3536,EM,-41702.574,-3.52e-05,0.0,1.4,11879.5
OLDEST_D1_Z0_1_repair_em,3537,EM,-41702.574,-4.16e-05,0.0,0.88,11880.4
OLDEST_D1_Z0_1_repair_em,3538,EM,-41702.574,-4.47e-05,0.0,1.03,11881.4
OLDEST_D1_Z0_1_repair_em,3539,EM,-41702.574,-4.52e-05,0.0,2.51,11883.9
OLDEST_D1_Z0_1_repair_em,3540,EM,-41702.574,-4.08e-05,0.0,8.34,11892.2
OLDEST_D1_Z0_1_repair_em,3541,EM,-41702.574,-4.06e-05,0.0,8.77,11901.0
OLDEST_D1_Z0_1_repair_em,3542,EM,-41702.574,-4.32e-05,0.0,9.62,11910.6
OLDEST_D1_Z0_1_repair_em,3543,EM,-41702.574,-4.63e-05,0.0,10.23,11920.9
OLDEST_D1_Z0_1_repair_em,3544,EM,-41702.574,-4.53e-05,0.0,2.67,11923.5
OLDEST_D1_Z0_1_repair_em,3545,EM,-41702.574,-5.99e-05,0.0,9.84,11933.4
OLDEST_D1_Z0_1_repair_em,3546,EM,-41702.574,-1.05e-05,0.0,10.08,11943.4
OLDEST_D1_Z0_1_repair_em,3547,EM,-41702.574,-3.53e-05,0.0,11.34,11954.8
OLDEST_D1_Z0_1_repair_em,3548,EM,-41702.574,-4.59e-05,0.0,11.07,11965.9
OLDEST_D1_Z0_1_repair_em,3549,EM,-41702.574,-4.92e-05,0.0,9.51,11975.4
OLDEST_D1_Z0_1_repair_em,3550,EM,-41702.574,-5.36e-05,0.0,1.73,11977.1
OLDEST_D1_Z0_1_repair_em,3551,EM,-41702.575,-4.81e-05,0.0,1.87,11979.0
OLDEST_D1_Z0_1_repair_em,3552,EM,-41702.575,-5.39e-05,0.0,9.48,11988.4
OLDEST_D1_Z0_1_repair_em,3553,EM,-41702.575,-5.78e-05,0.0,8.01,11996.5
OLDEST_D1_Z0_1_repair_em,3554,EM,-41702.575,-5.51e-05,0.0,1.7,11998.1
OLDEST_D1_Z0_1_repair_em,3555,EM,-41702.575,-5.71e-05,0.0,1.96,12000.1
OLDEST_D1_Z0_1_repair_em,3556,EM,-41702.575,-5.22e-05,0.0,8.34,12008.4
OLDEST_D1_Z0_1_repair_em,3557,EM,-41702.575,-5.76e-05,0.0,10.8,12019.2
OLDEST_D1_Z0_1_repair_em,3558,EM,-41702.575,-5.58e-05,0.0,9.67,12028.9
OLDEST_D1_Z0_1_repair_em,3559,EM,-41702.575,-5.86e-05,0.0,2.13,12031.1
OLDEST_D1_Z0_1_repair_em,3560,EM,-41702.575,-5.93e-05,0.0,1.12,12032.2
OLDEST_D1_Z0_1_repair_em,3561,EM,-41702.575,-6.16e-05,0.0,1.77,12033.9
OLDEST_D1_Z0_1_repair_em,3562,EM,-41702.575,-5.89e-05,0.0,10.46,12044.4
OLDEST_D1_Z0_1_repair_em,3563,EM,-41702.575,-5.01e-05,0.0,10.09,12054.5
OLDEST_D1_Z0_1_repair_em,3564,EM,-41702.575,-5.72e-05,0.0,2.99,12057.5
OLDEST_D1_Z0_1_repair_em,3565,EM,-41702.575,-5.82e-05,0.0,10.32,12067.8
OLDEST_D1_Z0_1_repair_em,3566,EM,-41702.575,-6.22e-05,0.0,2.28,12070.1
OLDEST_D1_Z0_1_repair_em,3567,EM,-41702.575,-6.49e-05,0.0,1.45,12071.5
OLDEST_D1_Z0_1_repair_em,3568,EM,-41702.576,-5.93e-05,0.0,1.12,12072.7
OLDEST_D1_Z0_1_repair_em,3569,EM,-41702.576,-6.27e-05,0.0,0.98,12073.6
OLDEST_D1_Z0_1_repair_em,3570,EM,-41702.576,-6.09e-05,0.0,1.03,12074.7
OLDEST_D1_Z0_1_repair_em,3571,EM,-41702.576,-6.8e-05,0.0,1.62,12076.3
OLDEST_D1_Z0_1_repair_em,3572,EM,-41702.576,-6.16e-05,0.0,1.16,12077.5
OLDEST_D1_Z0_1_repair_em,3573,EM,-41702.576,-6.12e-05,0.0,0.86,12078.3
OLDEST_D1_Z0_1_repair_em,3574,EM,-41702.576,-6.46e-05,0.0,1.04,12079.4
OLDEST_D1_Z0_1_repair_em,3575,EM,-41702.576,-7.56e-05,0.0,1.94,12081.3
OLDEST_D1_Z0_1_repair_em,3576,EM,-41702.576,-7.34e-05,0.0,9.84,12091.1
OLDEST_D1_Z0_1_repair_em,3577,EM,-41702.576,-7.09e-05,0.0,13.36,12104.5
OLDEST_D1_Z0_1_repair_em,3578,EM,-41702.576,-7.1e-05,0.0,13.61,12118.1
OLDEST_D1_Z0_1_repair_em,3579,EM,-41702.576,-7.06e-05,0.0,15.14,12133.2
OLDEST_D1_Z0_1_repair_em,3580,EM,-41702.576,-7.11e-05,0.0,10.66,12143.9
OLDEST_D1_Z0_1_repair_em,3581,EM,-41702.576,-7.11e-05,0.0,11.7,12155.6
OLDEST_D1_Z0_1_repair_em,3582,EM,-41702.576,-7.19e-05,0.0,8.56,12164.2
OLDEST_D1_Z0_1_repair_em,3583,EM,-41702.577,-7.15e-05,0.0,1.66,12165.8
OLDEST_D1_Z0_1_repair_em,3584,EM,-41702.577,-7.25e-05,0.0,1.81,12167.6
OLDEST_D1_Z0_1_repair_em,3585,EM,-41702.577,-6.9e-05,0.0,8.01,12175.6
OLDEST_D1_Z0_1_repair_em,3586,EM,-41702.577,-7.21e-05,0.0,7.54,12183.2
OLDEST_D1_Z0_1_repair_em,3587,EM,-41702.577,-7.3e-05,0.0,7.64,12190.8
OLDEST_D1_Z0_1_repair_em,3588,EM,-41702.577,-7.46e-05,0.0,6.99,12197.8
OLDEST_D1_Z0_1_repair_em,3589,EM,-41702.577,-7.41e-05,0.0,6.69,12204.5
OLDEST_D1_Z0_1_repair_em,3590,EM,-41702.577,-7.41e-05,0.0,1.4,12205.9
OLDEST_D1_Z0_1_repair_em,3591,EM,-41702.577,-7.59e-05,0.0,1.34,12207.2
OLDEST_D1_Z0_1_repair_em,3592,EM,-41702.577,-7.5e-05,0.0,0.81,12208.0
OLDEST_D1_Z0_1_repair_em,3593,EM,-41702.577,-7.5e-05,0.0,1.59,12209.6
OLDEST_D1_Z0_1_repair_em,3594,EM,-41702.577,-7.82e-05,0.0,7.2,12216.8
OLDEST_D1_Z0_1_repair_em,3595,EM,-41702.577,-7.8e-05,0.0,8.06,12224.9
OLDEST_D1_Z0_1_repair_em,3596,EM,-41702.578,-7.76e-05,0.0,7.75,12232.6
OLDEST_D1_Z0_1_repair_em,3597,EM,-41702.578,-9.05e-05,0.0,8.52,12241.2
OLDEST_D1_Z0_1_repair_em,3598,EM,-41702.578,-4.46e-05,0.0,12.07,12253.2
OLDEST_D1_Z0_1_repair_em,3599,EM,-41702.578,-7.18e-05,0.0,11.75,12265.0
OLDEST_D1_Z0_1_repair_em,3600,EM,-41702.578,-7.76e-05,0.0,11.67,12276.7
OLDEST_D1_Z0_1_repair_em,3601,EM,-41702.578,-8.17e-05,0.0,2.95,12279.6
OLDEST_D1_Z0_1_repair_em,3602,EM,-41702.578,-8.24e-05,0.0,2.13,12281.8
OLDEST_D1_Z0_1_repair_em,3603,EM,-41702.578,-8.24e-05,0.0,1.34,12283.1
OLDEST_D1_Z0_1_repair_em,3604,EM,-41702.578,-8.78e-05,0.0,2.06,12285.1
OLDEST_D1_Z0_1_repair_em,3605,EM,-41702.578,-7.21e-05,0.0,1.05,12286.2
OLDEST_D1_Z0_1_repair_em,3606,EM,-41702.578,-9.78e-05,0.0,1.36,12287.6
OLDEST_D1_Z0_1_repair_em,3607,EM,-41702.578,-8.57e-05,0.0,1.23,12288.8
OLDEST_D1_Z0_1_repair_em,3608,EM,-41702.578,-8.34e-05,0.0,1.74,12290.5
OLDEST_D1_Z0_1_repair_em,3609,EM,-41702.579,-8.72e-05,0.0,1.77,12292.3
OLDEST_D1_Z0_1_repair_em,3610,EM,-41702.579,-8.85e-05,0.0,1.91,12294.2
OLDEST_D1_Z0_1_repair_em,3611,EM,-41702.579,-8.66e-05,0.0,1.27,12295.5
OLDEST_D1_Z0_1_repair_em,3612,EM,-41702.579,-8.89e-05,0.0,1.34,12296.8
OLDEST_D1_Z0_1_repair_em,3613,EM,-41702.579,-8.91e-05,0.0,2.49,12299.3
OLDEST_D1_Z0_1_repair_em,3614,EM,-41702.579,-8.92e-05,0.0,0.91,12300.2
OLDEST_D1_Z0_1_repair_em,3615,EM,-41702.579,-8.57e-05,0.0,0.98,12301.2
OLDEST_D1_Z0_1_repair_em,3616,EM,-41702.579,-8.79e-05,0.0,0.96,12302.2
OLDEST_D1_Z0_1_repair_em,3617,EM,-41702.579,-9.22e-05,0.0,1.36,12303.5
OLDEST_D1_Z0_1_repair_em,3618,EM,-41702.579,-9.23e-05,0.0,0.91,12304.4
OLDEST_D1_Z0_1_repair_em,3619,EM,-41702.579,-9.17e-05,0.0,1.75,12306.2
OLDEST_D1_Z0_1_repair_em,3620,EM,-41702.58,-9.05e-05,0.0,1.52,12307.7
OLDEST_D1_Z0_1_repair_em,3621,EM,-41702.58,-9.04e-05,0.0,1.64,12309.4
OLDEST_D1_Z0_1_repair_em,3622,EM,-41702.58,-9.32e-05,0.0,1.16,12310.5
OLDEST_D1_Z0_1_repair_em,3623,EM,-41702.58,-9.22e-05,0.0,1.87,12312.4
OLDEST_D1_Z0_1_repair_em,3624,EM,-41702.58,-9.35e-05,0.0,1.07,12313.5
OLDEST_D1_Z0_1_repair_em,3625,EM,-41702.58,-9.41e-05,0.0,1.07,12314.5
OLDEST_D1_Z0_1_repair_em,3626,EM,-41702.58,-9.24e-05,0.0,0.77,12315.3
OLDEST_D1_Z0_1_repair_em,3627,EM,-41702.58,-9.56e-05,0.0,1.23,12316.5
OLDEST_D1_Z0_1_repair_em,3628,EM,-41702.58,-9.24e-05,0.0,0.8,12317.3
OLDEST_D1_Z0_1_repair_em,3629,EM,-41702.58,-9.65e-05,0.0,1.12,12318.5
OLDEST_D1_Z0_1_repair_em,3630,EM,-41702.58,-9.6e-05,0.0,1.27,12319.7
OLDEST_D1_Z0_1_repair_em,3631,EM,-41702.581,-9.65e-05,0.0,1.14,12320.9
OLDEST_D1_Z0_1_repair_em,3632,EM,-41702.581,-9.66e-05,0.0,1.2,12322.1
OLDEST_D1_Z0_1_repair_em,3633,EM,-41702.581,-9.71e-05,0.0,1.02,12323.1
OLDEST_D1_Z0_1_repair_em,3634,EM,-41702.581,-9.75e-05,0.0,1.0,12324.1
OLDEST_D1_Z0_1_repair_em,3635,EM,-41702.581,-9.79e-05,0.0,1.53,12325.6
OLDEST_D1_Z0_1_repair_em,3636,EM,-41702.581,-9.85e-05,0.0,1.79,12327.4
OLDEST_D1_Z0_1_repair_em,3637,EM,-41702.581,-9.81e-05,0.0,10.2,12337.6
OLDEST_D1_Z0_1_repair_em,3638,EM,-41702.581,-0.0001013,0.0,8.54,12346.1
OLDEST_D1_Z0_1_repair_em,3639,EM,-41702.581,-9.98e-05,0.0,1.6,12347.7
OLDEST_D1_Z0_1_repair_em,3640,EM,-41702.581,-9.96e-05,0.0,1.32,12349.1
OLDEST_D1_Z0_1_repair_em,3641,EM,-41702.582,-0.0001012,0.0,1.42,12350.5
OLDEST_D1_Z0_1_repair_em,3642,EM,-41702.582,-0.0001012,0.0,8.59,12359.1
OLDEST_D1_Z0_1_repair_em,3643,EM,-41702.582,-0.0001025,0.0,8.59,12367.7
OLDEST_D1_Z0_1_repair_em,3644,EM,-41702.582,-0.0001011,0.0,8.14,12375.8
OLDEST_D1_Z0_1_repair_em,3645,EM,-41702.582,-0.0001027,0.0,2.22,12378.0
OLDEST_D1_Z0_1_repair_em,3646,EM,-41702.582,-0.0001029,0.0,7.6,12385.6
OLDEST_D1_Z0_1_repair_em,3647,EM,-41702.582,-0.0001029,0.0,1.6,12387.2
OLDEST_D1_Z0_1_repair_em,3648,EM,-41702.582,-9.85e-05,0.0,1.16,12388.4
OLDEST_D1_Z0_1_repair_em,3649,EM,-41702.582,-9.75e-05,0.0,1.84,12390.2
OLDEST_D1_Z0_1_repair_em,3650,EM,-41702.582,-0.0001109,0.0,8.27,12398.5
OLDEST_D1_Z0_1_repair_em,3651,EM,-41702.583,-0.0001061,0.0,9.11,12407.6
OLDEST_D1_Z0_1_repair_em,3652,EM,-41702.583,-0.0001086,0.0,7.35,12414.9
OLDEST_D1_Z0_1_repair_em,3653,EM,-41702.583,-0.000104,0.0,2.19,12417.1
OLDEST_D1_Z0_1_repair_em,3654,EM,-41702.583,-0.0001041,0.0,8.78,12425.9
OLDEST_D1_Z0_1_repair_em,3655,EM,-41702.583,-0.0001045,0.0,10.75,12436.7
OLDEST_D1_Z0_1_repair_em,3656,EM,-41702.583,-0.0001018,0.0,10.55,12447.2
OLDEST_D1_Z0_1_repair_em,3657,EM,-41702.583,-0.0001164,0.0,9.63,12456.8
OLDEST_D1_Z0_1_repair_em,3658,EM,-41702.583,-7.79e-05,0.0,10.38,12467.2
OLDEST_D1_Z0_1_repair_em,3659,EM,-41702.583,-0.0001003,0.0,9.48,12476.7
OLDEST_D1_Z0_1_repair_em,3660,EM,-41702.584,-0.0001153,0.0,8.97,12485.7
OLDEST_D1_Z0_1_repair_em,3661,EM,-41702.584,-8.29e-05,0.0,9.73,12495.4
OLDEST_D1_Z0_1_repair_em,3662,EM,-41702.584,-0.0001079,0.0,9.17,12504.6
OLDEST_D1_Z0_1_repair_em,3663,EM,-41702.584,-8.7e-05,0.0,9.05,12513.6
OLDEST_D1_Z0_1_repair_em,3664,EM,-41702.584,-0.0001058,0.0,8.3,12521.9
OLDEST_D1_Z0_1_repair_em,3665,EM,-41702.584,-0.0001109,0.0,8.42,12530.4
OLDEST_D1_Z0_1_repair_em,3666,EM,-41702.584,-0.0001176,0.0,7.39,12537.7
OLDEST_D1_Z0_1_repair_em,3667,EM,-41702.584,-0.000112,0.0,2.16,12539.9
OLDEST_D1_Z0_1_repair_em,3668,EM,-41702.584,-0.0001152,0.0,7.19,12547.1
OLDEST_D1_Z0_1_repair_em,3669,EM,-41702.584,-0.0001261,0.0,7.66,12554.8
OLDEST_D1_Z0_1_repair_em,3670,EM,-41702.585,-9.4e-05,0.0,7.6,12562.4
OLDEST_D1_Z0_1_repair_em,3671,EM,-41702.585,-0.0001113,0.0,7.8,12570.2
OLDEST_D1_Z0_1_repair_em,3672,EM,-41702.585,-0.0001177,0.0,1.6,12571.8
OLDEST_D1_Z0_1_repair_em,3673,EM,-41702.585,-0.0001195,0.0,1.88,12573.6
OLDEST_D1_Z0_1_repair_em,3674,EM,-41702.585,-0.0001181,0.0,9.06,12582.7
OLDEST_D1_Z0_1_repair_em,3675,EM,-41702.585,-0.0001212,0.0,9.43,12592.1
OLDEST_D1_Z0_1_repair_em,3676,EM,-41702.585,-0.000119,0.0,1.71,12593.8
OLDEST_D1_Z0_1_repair_em,3677,EM,-41702.585,-0.0001227,0.0,1.05,12594.9
OLDEST_D1_Z0_1_repair_em,3678,EM,-41702.586,-0.0001219,0.0,2.22,12597.1
OLDEST_D1_Z0_1_repair_em,3679,EM,-41702.586,-0.0001161,0.0,8.95,12606.0
OLDEST_D1_Z0_1_repair_em,3680,EM,-41702.586,-0.0001185,0.0,2.86,12608.9
OLDEST_D1_Z0_1_repair_em,3681,EM,-41702.586,-0.0001178,0.0,10.6,12619.5
OLDEST_D1_Z0_1_repair_em,3682,EM,-41702.586,-0.0001201,0.0,10.01,12629.5
OLDEST_D1_Z0_1_repair_em,3683,EM,-41702.586,-0.0001189,0.0,10.16,12639.7
OLDEST_D1_Z0_1_repair_em,3684,EM,-41702.586,-0.0001209,0.0,2.86,12642.5
OLDEST_D1_Z0_1_repair_em,3685,EM,-41702.586,-0.0001197,0.0,9.38,12651.9
OLDEST_D1_Z0_1_repair_em,3686,EM,-41702.586,-0.000122,0.0,8.01,12659.9
OLDEST_D1_Z0_1_repair_em,3687,EM,-41702.587,-0.0001198,0.0,7.88,12667.8
OLDEST_D1_Z0_1_repair_em,3688,EM,-41702.587,-0.0001202,0.0,1.97,12669.8
OLDEST_D1_Z0_1_repair_em,3689,EM,-41702.587,-0.0001195,0.0,1.24,12671.0
OLDEST_D1_Z0_1_repair_em,3690,EM,-41702.587,-0.0001141,0.0,1.48,12672.5
OLDEST_D1_Z0_1_repair_em,3691,EM,-41702.587,-0.0001232,0.0,7.34,12679.8
OLDEST_D1_Z0_1_repair_em,3692,EM,-41702.587,-0.0001227,0.0,7.09,12686.9
OLDEST_D1_Z0_1_repair_em,3693,EM,-41702.587,-0.0001225,0.0,1.95,12688.9
OLDEST_D1_Z0_1_repair_em,3694,EM,-41702.587,-0.0001224,0.0,1.58,12690.4
OLDEST_D1_Z0_1_repair_em,3695,EM,-41702.588,-0.0001202,0.0,7.9,12698.3
OLDEST_D1_Z0_1_repair_em,3696,EM,-41702.588,-0.0001227,0.0,9.49,12707.8
OLDEST_D1_Z0_1_repair_em,3697,EM,-41702.588,-0.0001238,0.0,1.72,12709.6
OLDEST_D1_Z0_1_repair_em,3698,EM,-41702.588,-0.0001239,0.0,1.46,12711.0
OLDEST_D1_Z0_1_repair_em,3699,EM,-41702.588,-0.000124,0.0,1.22,12712.2
OLDEST_D1_Z0_1_repair_em,3700,EM,-41702.588,-0.0001345,0.0,0.94,12713.2
OLDEST_D1_Z0_1_repair_em,3701,EM,-41702.588,-0.0001219,0.0,1.23,12714.4
OLDEST_D1_Z0_1_repair_em,3702,EM,-41702.588,-0.0001179,0.0,0.89,12715.3
OLDEST_D1_Z0_1_repair_em,3703,EM,-41702.589,-0.0001178,0.0,0.88,12716.2
OLDEST_D1_Z0_1_repair_em,3704,EM,-41702.589,-0.0001284,0.0,1.75,12717.9
OLDEST_D1_Z0_1_repair_em,3705,EM,-41702.589,-0.0001255,0.0,1.66,12719.6
OLDEST_D1_Z0_1_repair_em,3706,EM,-41702.589,-0.0001292,0.0,9.6,12729.2
OLDEST_D1_Z0_1_repair_em,3707,EM,-41702.589,-0.0001229,0.0,11.66,12740.8
OLDEST_D1_Z0_1_repair_em,3708,EM,-41702.589,-0.0001318,0.0,10.33,12751.2
OLDEST_D1_Z0_1_repair_em,3709,EM,-41702.589,-0.0001192,0.0,8.69,12759.9
OLDEST_D1_Z0_1_repair_em,3710,EM,-41702.589,-0.0001231,0.0,2.16,12762.0
OLDEST_D1_Z0_1_repair_em,3711,EM,-41702.59,-0.0001292,0.0,1.52,12763.5
OLDEST_D1_Z0_1_repair_em,3712,EM,-41702.59,-0.0001262,0.0,0.94,12764.5
OLDEST_D1_Z0_1_repair_em,3713,EM,-41702.59,-0.0001263,0.0,0.91,12765.4
OLDEST_D1_Z0_1_repair_em,3714,EM,-41702.59,-0.0001249,0.0,1.12,12766.5
OLDEST_D1_Z0_1_repair_em,3715,EM,-41702.59,-0.0001361,0.0,1.69,12768.2
OLDEST_D1_Z0_1_repair_em,3716,EM,-41702.59,-0.000124,0.0,8.14,12776.3
OLDEST_D1_Z0_1_repair_em,3717,EM,-41702.59,-0.0001249,0.0,7.39,12783.7
OLDEST_D1_Z0_1_repair_em,3718,EM,-41702.59,-0.0001269,0.0,1.34,12785.0
OLDEST_D1_Z0_1_repair_em,3719,EM,-41702.591,-0.0001287,0.0,1.37,12786.4
OLDEST_D1_Z0_1_repair_em,3720,EM,-41702.591,-0.0001366,0.0,1.15,12787.6
OLDEST_D1_Z0_1_repair_em,3721,EM,-41702.591,-0.0001245,0.0,1.12,12788.7
OLDEST_D1_Z0_1_repair_em,3722,EM,-41702.591,-0.0001327,0.0,0.89,12789.6
OLDEST_D1_Z0_1_repair_em,3723,EM,-41702.591,-0.000126,0.0,1.57,12791.1
OLDEST_D1_Z0_1_repair_em,3724,EM,-41702.591,-0.0001327,0.0,1.16,12792.3
OLDEST_D1_Z0_1_repair_em,3725,EM,-41702.591,-0.000131,0.0,1.41,12793.7
OLDEST_D1_Z0_1_repair_em,3726,EM,-41702.591,-0.0001374,0.0,0.91,12794.6
OLDEST_D1_Z0_1_repair_em,3727,EM,-41702.592,-0.0001304,0.0,0.84,12795.5
OLDEST_D1_Z0_1_repair_em,3728,EM,-41702.592,-0.000131,0.0,1.58,12797.0
OLDEST_D1_Z0_1_repair_em,3729,EM,-41702.592,-0.0001334,0.0,6.05,12803.1
OLDEST_D1_Z0_1_repair_em,3730,EM,-41702.592,-0.0001295,0.0,1.51,12804.6
OLDEST_D1_Z0_1_repair_em,3731,EM,-41702.592,-0.0001313,0.0,1.73,12806.3
OLDEST_D1_Z0_1_repair_em,3732,EM,-41702.592,-0.0001336,0.0,1.16,12807.5
OLDEST_D1_Z0_1_repair_em,3733,EM,-41702.592,-0.0001301,0.0,6.8,12814.3
OLDEST_D1_Z0_1_repair_em,3734,EM,-41702.593,-0.0001343,0.0,6.9,12821.2
OLDEST_D1_Z0_1_repair_em,3735,EM,-41702.593,-0.0001342,0.0,1.34,12822.5
OLDEST_D1_Z0_1_repair_em,3736,EM,-41702.593,-0.0001337,0.0,1.24,12823.8
OLDEST_D1_Z0_1_repair_em,3737,EM,-41702.593,-0.0001272,0.0,0.85,12824.6
OLDEST_D1_Z0_1_repair_em,3738,EM,-41702.593,-0.0001433,0.0,0.88,12825.5
OLDEST_D1_Z0_1_repair_em,3739,EM,-41702.593,-0.0001355,0.0,0.86,12826.4
OLDEST_D1_Z0_1_repair_em,3740,EM,-41702.593,-0.0001363,0.0,1.8,12828.2
OLDEST_D1_Z0_1_repair_em,3741,EM,-41702.593,-0.0001362,0.0,7.66,12835.8
OLDEST_D1_Z0_1_repair_em,3742,EM,-41702.594,-0.0001362,0.0,7.83,12843.7
OLDEST_D1_Z0_1_repair_em,3743,EM,-41702.594,-0.0001365,0.0,9.15,12852.8
OLDEST_D1_Z0_1_repair_em,3744,EM,-41702.594,-0.0001379,0.0,12.89,12865.7
OLDEST_D1_Z0_1_repair_em,3745,EM,-41702.594,-0.0001288,0.0,15.99,12881.7
OLDEST_D1_Z0_1_repair_em,3746,EM,-41702.594,-0.0001302,0.0,3.02,12884.7
OLDEST_D1_Z0_1_repair_em,3747,EM,-41702.594,-0.0001361,0.0,1.91,12886.6
OLDEST_D1_Z0_1_repair_em,3748,EM,-41702.594,-0.0001373,0.0,2.58,12889.2
OLDEST_D1_Z0_1_repair_em,3749,EM,-41702.595,-0.0001396,0.0,13.65,12902.8
OLDEST_D1_Z0_1_repair_em,3750,EM,-41702.595,-0.0001332,0.0,12.73,12915.6
OLDEST_D1_Z0_1_repair_em,3751,EM,-41702.595,-0.0001344,0.0,13.68,12929.3
OLDEST_D1_Z0_1_repair_em,3752,EM,-41702.595,-0.0001364,0.0,11.95,12941.2
OLDEST_D1_Z0_1_repair_em,3753,EM,-41702.595,-0.0001389,0.0,4.09,12945.3
OLDEST_D1_Z0_1_repair_em,3754,EM,-41702.595,-0.0001435,0.0,12.26,12957.5
OLDEST_D1_Z0_1_repair_em,3755,EM,-41702.595,-0.0001341,0.0,12.03,12969.6
OLDEST_D1_Z0_1_repair_em,3756,EM,-41702.596,-0.0001368,0.0,3.9,12973.5
OLDEST_D1_Z0_1_repair_em,3757,EM,-41702.596,-0.0001392,0.0,11.86,12985.3
OLDEST_D1_Z0_1_repair_em,3758,EM,-41702.596,-0.00014,0.0,11.79,12997.1
OLDEST_D1_Z0_1_repair_em,3759,EM,-41702.596,-0.0001372,0.0,9.74,13006.9
OLDEST_D1_Z0_1_repair_em,3760,EM,-41702.596,-0.0001396,0.0,7.63,13014.5
OLDEST_D1_Z0_1_repair_em,3761,EM,-41702.596,-0.0001383,0.0,1.48,13016.0
OLDEST_D1_Z0_1_repair_em,3762,EM,-41702.596,-0.0001376,0.0,1.48,13017.5
OLDEST_D1_Z0_1_repair_em,3763,EM,-41702.597,-0.0001416,0.0,7.77,13025.2
OLDEST_D1_Z0_1_repair_em,3764,EM,-41702.597,-0.0001433,0.0,7.85,13033.1
OLDEST_D1_Z0_1_repair_em,3765,EM,-41702.597,-0.0001454,0.0,6.82,13039.9
OLDEST_D1_Z0_1_repair_em,3766,EM,-41702.597,-0.000143,0.0,1.54,13041.4
OLDEST_D1_Z0_1_repair_em,3767,EM,-41702.597,-0.000144,0.0,0.95,13042.4
OLDEST_D1_Z0_1_repair_em,3768,EM,-41702.597,-0.000142,0.0,1.05,13043.5
OLDEST_D1_Z0_1_repair_em,3769,EM,-41702.597,-0.0001393,0.0,1.53,13045.0
OLDEST_D1_Z0_1_repair_em,3770,EM,-41702.598,-0.0001469,0.0,7.77,13052.8
OLDEST_D1_Z0_1_repair_em,3771,EM,-41702.598,-0.0001426,0.0,1.81,13054.6
OLDEST_D1_Z0_1_repair_em,3772,EM,-41702.598,-0.0001435,0.0,1.12,13055.7
OLDEST_D1_Z0_1_repair_em,3773,EM,-41702.598,-0.0001432,0.0,0.91,13056.6
OLDEST_D1_Z0_1_repair_em,3774,EM,-41702.598,-0.0001445,0.0,0.98,13057.6
OLDEST_D1_Z0_1_repair_em,3775,EM,-41702.598,-0.0001481,0.0,1.66,13059.2
OLDEST_D1_Z0_1_repair_em,3776,EM,-41702.598,-0.0001457,0.0,10.77,13070.0
OLDEST_D1_Z0_1_repair_em,3777,EM,-41702.599,-0.0001477,0.0,9.72,13079.7
OLDEST_D1_Z0_1_repair_em,3778,EM,-41702.599,-0.0001433,0.0,2.73,13082.5
OLDEST_D1_Z0_1_repair_em,3779,EM,-41702.599,-0.0001453,0.0,2.27,13084.7
OLDEST_D1_Z0_1_repair_em,3780,EM,-41702.599,-0.0001467,0.0,2.61,13087.4
OLDEST_D1_Z0_1_repair_em,3781,EM,-41702.599,-0.000139,0.0,0.95,13088.3
OLDEST_D1_Z0_1_repair_em,3782,EM,-41702.599,-0.0001437,0.0,1.27,13089.6
OLDEST_D1_Z0_1_repair_em,3783,EM,-41702.599,-0.0001446,0.0,3.44,13093.0
OLDEST_D1_Z0_1_repair_em,3784,EM,-41702.6,-0.0001457,0.0,11.28,13104.3
OLDEST_D1_Z0_1_repair_em,3785,EM,-41702.6,-0.0001471,0.0,2.73,13107.0
OLDEST_D1_Z0_1_repair_em,3786,EM,-41702.6,-0.0001476,0.0,2.52,13109.5
OLDEST_D1_Z0_1_repair_em,3787,EM,-41702.6,-0.0001447,0.0,12.13,13121.7
OLDEST_D1_Z0_1_repair_em,3788,EM,-41702.6,-0.0001467,0.0,3.48,13125.1
OLDEST_D1_Z0_1_repair_em,3789,EM,-41702.6,-0.0001473,0.0,12.55,13137.7
OLDEST_D1_Z0_1_repair_em,3790,EM,-41702.6,-0.0001461,0.0,9.37,13147.1
OLDEST_D1_Z0_1_repair_em,3791,EM,-41702.601,-0.0001478,0.0,2.13,13149.2
OLDEST_D1_Z0_1_repair_em,3792,EM,-41702.601,-0.0001486,0.0,2.58,13151.8
OLDEST_D1_Z0_1_repair_em,3793,EM,-41702.601,-0.0001463,0.0,10.77,13162.5
OLDEST_D1_Z0_1_repair_em,3794,EM,-41702.601,-0.0001464,0.0,1.96,13164.5
OLDEST_D1_Z0_1_repair_em,3795,EM,-41702.601,-0.0001464,0.0,1.48,13166.0
OLDEST_D1_Z0_1_repair_em,3796,EM,-41702.601,-0.0001473,0.0,9.96,13175.9
OLDEST_D1_Z0_1_repair_em,3797,EM,-41702.601,-0.0001493,0.0,7.55,13183.5
OLDEST_D1_Z0_1_repair_em,3798,EM,-41702.602,-0.0001474,0.0,1.43,13184.9
OLDEST_D1_Z0_1_repair_em,3799,EM,-41702.602,-0.0001482,0.0,2.16,13187.1
OLDEST_D1_Z0_1_repair_em,3800,EM,-41702.602,-0.0001477,0.0,9.0,13196.1
OLDEST_D1_Z0_1_repair_em,3801,EM,-41702.602,-0.0001399,0.0,7.66,13203.7
OLDEST_D1_Z0_1_repair_em,3802,EM,-41702.602,-0.0001454,0.0,2.54,13206.3
OLDEST_D1_Z0_1_repair_em,3803,EM,-41702.602,-0.0001487,0.0,8.38,13214.7
OLDEST_D1_Z0_1_repair_em,3804,EM,-41702.602,-0.0001522,0.0,7.36,13222.0
OLDEST_D1_Z0_1_repair_em,3805,EM,-41702.603,-0.0001484,0.0,2.88,13224.9
OLDEST_D1_Z0_1_repair_em,3806,EM,-41702.603,-0.0001506,0.0,9.69,13234.6
OLDEST_D1_Z0_1_repair_em,3807,EM,-41702.603,-0.0001536,0.0,9.65,13244.2
OLDEST_D1_Z0_1_repair_em,3808,EM,-41702.603,-0.0001503,0.0,11.53,13255.8
OLDEST_D1_Z0_1_repair_em,3809,EM,-41702.603,-0.0001511,0.0,12.21,13268.0
OLDEST_D1_Z0_1_repair_em,3810,EM,-41702.603,-0.0001554,0.0,11.63,13279.6
OLDEST_D1_Z0_1_repair_em,3811,EM,-41702.604,-0.0001319,0.0,10.66,13290.3
OLDEST_D1_Z0_1_repair_em,3812,EM,-41702.604,-0.0001478,0.0,2.45,13292.7
OLDEST_D1_Z0_1_repair_em,3813,EM,-41702.604,-0.000149,0.0,1.9,13294.6
OLDEST_D1_Z0_1_repair_em,3814,EM,-41702.604,-0.000151,0.0,10.8,13305.4
OLDEST_D1_Z0_1_repair_em,3815,EM,-41702.604,-0.0001569,0.0,9.32,13314.7
OLDEST_D1_Z0_1_repair_em,3816,EM,-41702.604,-0.0001322,0.0,8.86,13323.6
OLDEST_D1_Z0_1_repair_em,3817,EM,-41702.604,-0.0001501,0.0,8.69,13332.3
OLDEST_D1_Z0_1_repair_em,3818,EM,-41702.605,-0.000156,0.0,6.92,13339.2
OLDEST_D1_Z0_1_repair_em,3819,EM,-41702.605,-0.0001525,0.0,1.62,13340.8
OLDEST_D1_Z0_1_repair_em,3820,EM,-41702.605,-0.0001533,0.0,1.59,13342.4
OLDEST_D1_Z0_1_repair_em,3821,EM,-41702.605,-0.000155,0.0,6.87,13349.3
OLDEST_D1_Z0_1_repair_em,3822,EM,-41702.605,-0.0001526,0.0,1.66,13350.9
OLDEST_D1_Z0_1_repair_em,3823,EM,-41702.605,-0.0001524,0.0,1.07,13352.0
OLDEST_D1_Z0_1_repair_em,3824,EM,-41702.605,-0.0001559,0.0,0.88,13352.9
OLDEST_D1_Z0_1_repair_em,3825,EM,-41702.606,-0.0001519,0.0,1.38,13354.2
OLDEST_D1_Z0_1_repair_em,3826,EM,-41702.606,-0.0001579,0.0,0.9,13355.1
OLDEST_D1_Z0_1_repair_em,3827,EM,-41702.606,-0.0001576,0.0,0.88,13356.0
OLDEST_D1_Z0_1_repair_em,3828,EM,-41702.606,-0.0001625,0.0,1.23,13357.3
OLDEST_D1_Z0_1_repair_em,3829,EM,-41702.606,-0.0001463,0.0,1.41,13358.7
OLDEST_D1_Z0_1_repair_em,3830,EM,-41702.606,-0.000156,0.0,8.41,13367.1
OLDEST_D1_Z0_1_repair_em,3831,EM,-41702.607,-0.000156,0.0,10.49,13377.6
OLDEST_D1_Z0_1_repair_em,3832,EM,-41702.607,-0.0001574,0.0,6.07,13383.7
OLDEST_D1_Z0_1_repair_em,3833,EM,-41702.607,-0.0001564,0.0,10.84,13394.5
OLDEST_D1_Z0_1_repair_em,3834,EM,-41702.607,-0.0001557,0.0,2.14,13396.6
OLDEST_D1_Z0_1_repair_em,3835,EM,-41702.607,-0.000157,0.0,2.48,13399.1
OLDEST_D1_Z0_1_repair_em,3836,EM,-41702.607,-0.0001537,0.0,13.36,13412.5
OLDEST_D1_Z0_1_repair_em,3837,EM,-41702.608,-0.0001547,0.0,11.94,13424.4
OLDEST_D1_Z0_1_repair_em,3838,EM,-41702.608,-0.0001623,0.0,13.77,13438.2
OLDEST_D1_Z0_1_repair_em,3839,EM,-41702.608,-0.0001343,0.0,9.73,13447.9
OLDEST_D1_Z0_1_repair_em,3840,EM,-41702.608,-0.0001483,0.0,2.01,13449.9
OLDEST_D1_Z0_1_repair_em,3841,EM,-41702.608,-0.0001546,0.0,1.34,13451.3
OLDEST_D1_Z0_1_repair_em,3842,EM,-41702.608,-0.0001574,0.0,3.16,13454.4
OLDEST_D1_Z0_1_repair_em,3843,EM,-41702.608,-0.0001556,0.0,9.53,13463.9
OLDEST_D1_Z0_1_repair_em,3844,EM,-41702.609,-0.0001558,0.0,8.68,13472.6
OLDEST_D1_Z0_1_repair_em,3845,EM,-41702.609,-0.0001579,0.0,1.68,13474.3
OLDEST_D1_Z0_1_repair_em,3846,EM,-41702.609,-0.0001574,0.0,1.58,13475.9
OLDEST_D1_Z0_1_repair_em,3847,EM,-41702.609,-0.0001562,0.0,7.98,13483.9
OLDEST_D1_Z0_1_repair_em,3848,EM,-41702.609,-0.0001576,0.0,1.62,13485.5
OLDEST_D1_Z0_1_repair_em,3849,EM,-41702.609,-0.0001595,0.0,1.35,13486.8
OLDEST_D1_Z0_1_repair_em,3850,EM,-41702.61,-0.0001561,0.0,8.6,13495.4
OLDEST_D1_Z0_1_repair_em,3851,EM,-41702.61,-0.0001592,0.0,2.26,13497.7
OLDEST_D1_Z0_1_repair_em,3852,EM,-41702.61,-0.0001577,0.0,7.98,13505.7
OLDEST_D1_Z0_1_repair_em,3853,EM,-41702.61,-0.0001615,0.0,7.42,13513.1
OLDEST_D1_Z0_1_repair_em,3854,EM,-41702.61,-0.0001591,0.0,2.84,13515.9
OLDEST_D1_Z0_1_repair_em,3855,EM,-41702.61,-0.0001578,0.0,8.29,13524.2
OLDEST_D1_Z0_1_repair_em,3856,EM,-41702.61,-0.0001634,0.0,8.53,13532.8
OLDEST_D1_Z0_1_repair_em,3857,EM,-41702.611,-0.0001383,0.0,9.92,13542.7
OLDEST_D1_Z0_1_repair_em,3858,EM,-41702.611,-0.0001507,0.0,12.16,13554.8
OLDEST_D1_Z0_1_repair_em,3859,EM,-41702.611,-0.0001584,0.0,10.53,13565.4
OLDEST_D1_Z0_1_repair_em,3860,EM,-41702.611,-0.0001573,0.0,3.6,13569.0
OLDEST_D1_Z0_1_repair_em,3861,EM,-41702.611,-0.0001584,0.0,13.41,13582.4
OLDEST_D1_Z0_1_repair_em,3862,EM,-41702.611,-0.000161,0.0,11.24,13593.6
OLDEST_D1_Z0_1_repair_em,3863,EM,-41702.612,-0.0001578,0.0,2.51,13596.1
OLDEST_D1_Z0_1_repair_em,3864,EM,-41702.612,-0.0001578,0.0,2.3,13598.4
OLDEST_D1_Z0_1_repair_em,3865,EM,-41702.612,-0.0001609,0.0,10.83,13609.3
OLDEST_D1_Z0_1_repair_em,3866,EM,-41702.612,-0.0001603,0.0,9.45,13618.7
OLDEST_D1_Z0_1_repair_em,3867,EM,-41702.612,-0.0001588,0.0,7.81,13626.5
OLDEST_D1_Z0_1_repair_em,3868,EM,-41702.612,-0.000158,0.0,8.73,13635.3
OLDEST_D1_Z0_1_repair_em,3869,EM,-41702.613,-0.000159,0.0,8.22,13643.5
OLDEST_D1_Z0_1_repair_em,3870,EM,-41702.613,-0.0001604,0.0,2.35,13645.8
OLDEST_D1_Z0_1_repair_em,3871,EM,-41702.613,-0.0001639,0.0,9.15,13655.0
OLDEST_D1_Z0_1_repair_em,3872,EM,-41702.613,-0.0001638,0.0,9.11,13664.1
OLDEST_D1_Z0_1_repair_em,3873,EM,-41702.613,-0.0001417,0.0,9.32,13673.4
OLDEST_D1_Z0_1_repair_em,3874,EM,-41702.613,-0.0001572,0.0,1.57,13675.0
OLDEST_D1_Z0_1_repair_em,3875,EM,-41702.613,-0.0001585,0.0,0.97,13675.9
OLDEST_D1_Z0_1_repair_em,3876,EM,-41702.614,-0.0001649,0.0,2.46,13678.4
OLDEST_D1_Z0_1_repair_em,3877,EM,-41702.614,-0.0001578,0.0,10.88,13689.3
OLDEST_D1_Z0_1_repair_em,3878,EM,-41702.614,-0.0001623,0.0,12.15,13701.4
OLDEST_D1_Z0_1_repair_em,3879,EM,-41702.614,-0.0001593,0.0,12.91,13714.3
OLDEST_D1_Z0_1_repair_em,3880,EM,-41702.614,-0.0001602,0.0,12.42,13726.8
OLDEST_D1_Z0_1_repair_em,3881,EM,-41702.614,-0.0001616,0.0,2.08,13728.8
OLDEST_D1_Z0_1_repair_em,3882,EM,-41702.615,-0.0001617,0.0,3.79,13732.6
OLDEST_D1_Z0_1_repair_em,3883,EM,-41702.615,-0.0001626,0.0,11.58,13744.2
OLDEST_D1_Z0_1_repair_em,3884,EM,-41702.615,-0.0001641,0.0,10.07,13754.3
OLDEST_D1_Z0_1_repair_em,3885,EM,-41702.615,-0.0001619,0.0,1.84,13756.1
OLDEST_D1_Z0_1_repair_em,3886,EM,-41702.615,-0.0001627,0.0,1.53,13757.6
OLDEST_D1_Z0_1_repair_em,3887,EM,-41702.615,-0.0001641,0.0,2.3,13760.0
OLDEST_D1_Z0_1_repair_em,3888,EM,-41702.616,-0.0001626,0.0,9.62,13769.6
OLDEST_D1_Z0_1_repair_em,3889,EM,-41702.616,-0.0001605,0.0,8.82,13778.4
OLDEST_D1_Z0_1_repair_em,3890,EM,-41702.616,-0.0001621,0.0,7.6,13786.0
OLDEST_D1_Z0_1_repair_em,3891,EM,-41702.616,-0.0001612,0.0,1.71,13787.7
OLDEST_D1_Z0_1_repair_em,3892,EM,-41702.616,-0.0001602,0.0,1.52,13789.2
OLDEST_D1_Z0_1_repair_em,3893,EM,-41702.616,-0.0001605,0.0,0.9,13790.1
OLDEST_D1_Z0_1_repair_em,3894,EM,-41702.617,-0.0001633,0.0,1.19,13791.3
OLDEST_D1_Z0_1_repair_em,3895,EM,-41702.617,-0.0001603,0.0,0.9,13792.2
OLDEST_D1_Z0_1_repair_em,3896,EM,-41702.617,-0.0001624,0.0,0.84,13793.1
OLDEST_D1_Z0_1_repair_em,3897,EM,-41702.617,-0.0001601,0.0,0.86,13793.9
OLDEST_D1_Z0_1_repair_em,3898,EM,-41702.617,-0.000161,0.0,1.27,13795.2
OLDEST_D1_Z0_1_repair_em,3899,EM,-41702.617,-0.0001613,0.0,6.69,13801.9
OLDEST_D1_Z0_1_repair_em,3900,EM,-41702.618,-0.0001617,0.0,1.67,13803.5
OLDEST_D1_Z0_1_repair_em,3901,EM,-41702.618,-0.0001629,0.0,1.35,13804.9
OLDEST_D1_Z0_1_repair_em,3902,EM,-41702.618,-0.0001595,0.0,7.39,13812.3
OLDEST_D1_Z0_1_repair_em,3903,EM,-41702.618,-0.0001611,0.0,8.16,13820.4
OLDEST_D1_Z0_1_repair_em,3904,EM,-41702.618,-0.0001638,0.0,8.04,13828.5
OLDEST_D1_Z0_1_repair_em,3905,EM,-41702.618,-0.0001643,0.0,8.92,13837.4
OLDEST_D1_Z0_1_repair_em,3906,EM,-41702.618,-0.0001606,0.0,10.77,13848.2
OLDEST_D1_Z0_1_repair_em,3907,EM,-41702.619,-0.0001406,0.0,12.54,13860.7
OLDEST_D1_Z0_1_repair_em,3908,EM,-41702.619,-0.0001574,0.0,14.24,13874.9
OLDEST_D1_Z0_1_repair_em,3909,EM,-41702.619,-0.0001622,0.0,13.58,13888.5
SONGAP_D1_Z0_1_base,1,EM,-41187.923,0.0,0.0,0.59,0.6
SONGAP_D1_Z0_1_base,2,EM,-37992.512,3195.4105653,0.0775813,38.71,39.3
SONGAP_D1_Z0_1_base,3,EM,-37891.757,100.7556139,0.002652,18.29,57.6
SONGAP_D1_Z0_1_base,4,EM,-37845.413,46.3434921,0.001223,1.55,59.1
SONGAP_D1_Z0_1_base,5,EM,-37818.453,26.9606359,0.0007124,1.49,60.6
SONGAP_D1_Z0_1_base,6,EM,-37801.156,17.2966766,0.0004574,1.39,62.0
SONGAP_D1_Z0_1_base,7,EM,-37789.077,12.0794328,0.0003196,1.17,63.2
SONGAP_D1_Z0_1_base,8,EM,-37779.941,9.1356062,0.0002418,0.98,64.2
SONGAP_D1_Z0_1_base,9,EM,-37772.564,7.3773655,0.0001953,0.98,65.1
SONGAP_D1_Z0_1_base,10,EM,-37766.323,6.2408387,0.0001652,1.03,66.2
SONGAP_D1_Z0_1_base,11,EM,-37760.885,5.4372566,0.000144,0.82,67.0
SONGAP_D1_Z0_1_base,12,EM,-37756.065,4.8204295,0.0001277,0.89,67.9
SONGAP_D1_Z0_1_base,13,EM,-37751.749,4.3163345,0.0001143,0.73,68.6
SONGAP_D1_Z0_1_base,14,EM,-37747.862,3.8865313,0.0001029,0.91,69.5
SONGAP_D1_Z0_1_base,15,EM,-37744.352,3.510377,9.3e-05,0.84,70.4
SONGAP_D1_Z0_1_base,16,EM,-37741.176,3.1761699,8.41e-05,1.0,71.4
SONGAP_D1_Z0_1_base,17,EM,-37738.299,2.8768714,7.62e-05,0.87,72.2
SONGAP_D1_Z0_1_base,18,EM,-37735.691,2.6077808,6.91e-05,0.81,73.1
SONGAP_D1_Z0_1_base,19,EM,-37733.325,2.365512,6.27e-05,0.8,73.9
SONGAP_D1_Z0_1_base,20,EM,-37731.178,2.1473366,5.69e-05,0.71,74.6
SONGAP_D1_Z0_1_base,21,EM,-37729.227,1.9508901,5.17e-05,0.77,75.3
SONGAP_D1_Z0_1_base,22,EM,-37727.453,1.7740363,4.7e-05,0.76,76.1
SONGAP_D1_Z0_1_base,23,EM,-37725.838,1.6148567,4.28e-05,0.61,76.7
SONGAP_D1_Z0_1_base,24,EM,-37724.367,1.4715437,3.9e-05,0.88,77.6
SONGAP_D1_Z0_1_base,25,EM,-37723.024,1.342494,3.56e-05,0.85,78.4
SONGAP_D1_Z0_1_base,26,EM,-37721.798,1.2262155,3.25e-05,0.77,79.2
SONGAP_D1_Z0_1_base,27,EM,-37720.677,1.1213729,2.97e-05,0.75,80.0
SONGAP_D1_Z0_1_base,28,EM,-37719.65,1.0267627,2.72e-05,0.65,80.6
SONGAP_D1_Z0_1_base,29,EM,-37718.709,0.9412949,2.5e-05,0.78,81.4
SONGAP_D1_Z0_1_base,30,EM,-37717.845,0.8640139,2.29e-05,0.69,82.1
SONGAP_D1_Z0_1_base,31,EM,-37717.051,0.7940594,2.11e-05,0.66,82.7
SONGAP_D1_Z0_1_base,32,EM,-37716.32,0.7306613,1.94e-05,0.79,83.5
SONGAP_D1_Z0_1_base,33,EM,-37715.647,0.6731424,1.78e-05,0.74,84.3
SONGAP_D1_Z0_1_base,34,EM,-37715.026,0.6209001,1.65e-05,0.8,85.1
SONGAP_D1_Z0_1_base,35,EM,-37714.453,0.5733919,1.52e-05,0.7,85.8
SONGAP_D1_Z0_1_base,36,EM,-37713.922,0.5301381,1.41e-05,125.25,211.0
SONGAP_D1_Z0_1_base,37,EM,-37713.432,0.4907201,1.3e-05,0.65,211.7
SONGAP_D1_Z0_1_base,38,EM,-37712.977,0.454753,1.21e-05,0.72,212.4
SONGAP_D1_Z0_1_base,39,EM,-37712.555,0.4219018,1.12e-05,0.63,213.0
SONGAP_D1_Z0_1_base,40,EM,-37712.163,0.3918638,1.04e-05,0.64,213.7
SONGAP_D1_Z0_1_base,41,EM,-37711.799,0.3643718,9.7e-06,0.67,214.3
SONGAP_D1_Z0_1_base,42,EM,-37711.46,0.3391804,9e-06,0.59,214.9
SONGAP_D1_Z0_1_base,43,EM,-37711.144,0.3160796,8.4e-06,0.63,215.6
SONGAP_D1_Z0_1_base,44,EM,-37710.849,0.2948732,7.8e-06,0.68,216.2
SONGAP_D1_Z0_1_base,45,EM,-37710.573,0.2753902,7.3e-06,0.71,217.0
SONGAP_D1_Z0_1_base,46,EM,-37710.316,0.257473,6.8e-06,0.9,217.9
SONGAP_D1_Z0_1_base,47,EM,-37710.075,0.240986,6.4e-06,0.68,218.5
SONGAP_D1_Z0_1_base,48,EM,-37709.849,0.225796,6e-06,1.29,219.8
SONGAP_D1_Z0_1_base,49,EM,-37709.637,0.2117949,5.6e-06,4.7,224.5
SONGAP_D1_Z0_1_base,50,EM,-37709.438,0.1988776,5.3e-06,1.19,225.7
SONGAP_D1_Z0_1_base,51,EM,-37709.251,0.1869557,5e-06,0.95,226.7
SONGAP_D1_Z0_1_base,52,EM,-37709.075,0.1759435,4.7e-06,0.69,227.4
SONGAP_D1_Z0_1_base,53,EM,-37708.91,0.1657574,4.4e-06,0.92,228.3
SONGAP_D1_Z0_1_base,54,EM,-37708.753,0.1563348,4.1e-06,1.11,229.4
SONGAP_D1_Z0_1_base,55,EM,-37708.606,0.1476177,3.9e-06,1.2,230.6
SONGAP_D1_Z0_1_base,56,EM,-37708.466,0.1395475,3.7e-06,0.73,231.3
SONGAP_D1_Z0_1_base,57,EM,-37708.334,0.1320635,3.5e-06,0.83,232.1
SONGAP_D1_Z0_1_base,58,EM,-37708.209,0.1251286,3.3e-06,1.0,233.1
SONGAP_D1_Z0_1_base,59,EM,-37708.09,0.1186969,3.1e-06,0.75,233.9
SONGAP_D1_Z0_1_base,60,QN,-37705.302,2.788343,7.39e-05,2.97,236.9
SONGAP_D1_Z0_1_base,61,EM,-37704.421,0.8809987,2.34e-05,1.8,238.7
SONGAP_D1_Z0_1_base,62,EM,-37704.231,0.1903439,5e-06,1.01,239.7
SONGAP_D1_Z0_1_base,63,EM,-37704.081,0.1498708,4e-06,0.88,240.5
SONGAP_D1_Z0_1_base,64,EM,-37703.956,0.1247758,3.3e-06,0.88,241.4
SONGAP_D1_Z0_1_base,65,EM,-37703.849,0.1070849,2.8e-06,0.87,242.3
SONGAP_D1_Z0_1_base,66,EM,-37703.755,0.0936681,2.5e-06,0.77,243.1
SONGAP_D1_Z0_1_base,67,EM,-37703.672,0.0830355,2.2e-06,0.83,243.9
SONGAP_D1_Z0_1_base,68,EM,-37703.598,0.0743834,2e-06,0.92,244.8
SONGAP_D1_Z0_1_base,69,EM,-37703.531,0.0672256,1.8e-06,0.8,245.6
SONGAP_D1_Z0_1_base,70,EM,-37703.469,0.0612367,1.6e-06,0.82,246.4
SONGAP_D1_Z0_1_base,71,EM,-37703.413,0.0561789,1.5e-06,0.81,247.2
SONGAP_D1_Z0_1_base,72,EM,-37703.361,0.0518789,1.4e-06,0.93,248.2
SONGAP_D1_Z0_1_base,73,EM,-37703.313,0.0481949,1.3e-06,0.84,249.0
SONGAP_D1_Z0_1_base,74,QN,-37702.085,1.2282555,3.26e-05,7.46,256.5
SONGAP_D1_Z0_1_base,75,EM,-37701.698,0.3864801,1.03e-05,1.52,258.0
SONGAP_D1_Z0_1_base,76,EM,-37701.593,0.1057001,2.8e-06,1.24,259.2
SONGAP_D1_Z0_1_base,77,EM,-37701.526,0.0668791,1.8e-06,1.06,260.3
SONGAP_D1_Z0_1_base,78,EM,-37701.476,0.0496825,1.3e-06,1.32,261.6
SONGAP_D1_Z0_1_base,79,EM,-37701.436,0.0403586,1.1e-06,1.05,262.7
SONGAP_D1_Z0_1_base,80,EM,-37701.401,0.0344867,9e-07,0.79,263.5
SONGAP_D1_Z0_1_base,81,EM,-37701.371,0.0304009,8e-07,0.93,264.4
SONGAP_D1_Z0_1_base,82,EM,-37701.343,0.0273614,7e-07,0.94,265.3
SONGAP_D1_Z0_1_base,83,EM,-37701.318,0.0249881,7e-07,0.75,266.1
SONGAP_D1_Z0_1_base,84,EM,-37701.295,0.0230671,6e-07,0.91,267.0
SONGAP_D1_Z0_1_base,85,EM,-37701.274,0.0214661,6e-07,1.24,268.2
SONGAP_D1_Z0_1_base,86,EM,-37701.254,0.0201023,5e-07,0.95,269.2
SONGAP_D1_Z0_1_base,87,EM,-37701.235,0.0189181,5e-07,0.96,270.1
SONGAP_D1_Z0_1_base,88,EM,-37701.217,0.017877,5e-07,0.77,270.9
SONGAP_D1_Z0_1_base,89,QN,-37701.077,0.1402513,3.7e-06,10.11,281.0
SONGAP_D1_Z0_1_base,90,EM,-37701.005,0.0717084,1.9e-06,1.7,282.7
SONGAP_D1_Z0_1_base,91,EM,-37700.98,0.0250021,7e-07,125.0,407.7
SONGAP_D1_Z0_1_base,92,EM,-37700.961,0.0192828,5e-07,0.81,408.5
SONGAP_D1_Z0_1_base,93,EM,-37700.944,0.0163464,4e-07,1.38,409.9
SONGAP_D1_Z0_1_base,94,EM,-37700.93,0.0145463,4e-07,0.95,410.9
SONGAP_D1_Z0_1_base,95,EM,-37700.917,0.0133257,4e-07,0.78,411.6
SONGAP_D1_Z0_1_base,96,EM,-37700.904,0.0124402,3e-07,0.9,412.5
SONGAP_D1_Z0_1_base,97,EM,-37700.892,0.011764,3e-07,1.27,413.8
SONGAP_D1_Z0_1_base,98,EM,-37700.881,0.0112244,3e-07,0.98,414.8
SONGAP_D1_Z0_1_base,99,EM,-37700.87,0.0107791,3e-07,0.8,415.6
SONGAP_D1_Z0_1_base,100,EM,-37700.86,0.0104001,3e-07,0.8,416.4
SONGAP_D1_Z0_1_base,101,EM,-37700.85,0.0100701,3e-07,0.87,417.3
SONGAP_D1_Z0_1_base,102,EM,-37700.84,0.0097769,3e-07,0.85,418.1
SONGAP_D1_Z0_1_base,103,EM,-37700.831,0.0095128,3e-07,1.07,419.2
SONGAP_D1_Z0_1_base,104,EM,-37700.821,0.0092717,2e-07,1.27,420.4
SONGAP_D1_Z0_1_base,105,EM,-37700.812,0.0090494,2e-07,0.89,421.3
SONGAP_D1_Z0_1_base,106,EM,-37700.803,0.0088446,2e-07,0.98,422.3
SONGAP_D1_Z0_1_base,107,EM,-37700.795,0.008653,2e-07,0.77,423.1
SONGAP_D1_Z0_1_base,108,EM,-37700.786,0.0084737,2e-07,1.05,424.1
SONGAP_D1_Z0_1_base,109,EM,-37700.778,0.0083049,2e-07,0.77,424.9
SONGAP_D1_Z0_1_base,110,EM,-37700.77,0.0081466,2e-07,0.91,425.8
SONGAP_D1_Z0_1_base,111,EM,-37700.762,0.0079966,2e-07,1.25,427.1
SONGAP_D1_Z0_1_base,112,EM,-37700.754,0.0078547,2e-07,0.8,427.9
SONGAP_D1_Z0_1_base,113,EM,-37700.746,0.0077201,2e-07,1.02,428.9
SONGAP_D1_Z0_1_base,114,EM,-37700.739,0.0075923,2e-07,0.91,429.8
SONGAP_D1_Z0_1_base,115,EM,-37700.731,0.0074707,2e-07,1.02,430.8
SONGAP_D1_Z0_1_base,116,EM,-37700.724,0.0073551,2e-07,1.26,432.1
SONGAP_D1_Z0_1_base,117,EM,-37700.717,0.007245,2e-07,1.48,433.5
SONGAP_D1_Z0_1_base,118,EM,-37700.709,0.0071397,2e-07,1.12,434.7
SONGAP_D1_Z0_1_base,119,EM,-37700.702,0.0070395,2e-07,0.75,435.4
SONGAP_D1_Z0_1_base,120,EM,-37700.696,0.0069435,2e-07,0.9,436.3
SONGAP_D1_Z0_1_base,121,EM,-37700.689,0.0068514,2e-07,0.84,437.1
SONGAP_D1_Z0_1_base,122,EM,-37700.682,0.0067642,2e-07,0.79,437.9
SONGAP_D1_Z0_1_base,123,EM,-37700.675,0.0066805,2e-07,0.86,438.8
SONGAP_D1_Z0_1_base,124,EM,-37700.669,0.0066003,2e-07,760.49,1199.3
SONGAP_D1_Z0_1_base,125,EM,-37700.662,0.0065237,2e-07,1.1,1200.4
SONGAP_D1_Z0_1_base,126,EM,-37700.656,0.0064502,2e-07,1.02,1201.4
SONGAP_D1_Z0_1_base,127,EM,-37700.649,0.00638,2e-07,0.88,1202.3
SONGAP_D1_Z0_1_base,128,EM,-37700.643,0.0063128,2e-07,1.38,1203.7
SONGAP_D1_Z0_1_base,129,EM,-37700.637,0.0062482,2e-07,0.95,1204.6
SONGAP_D1_Z0_1_base,130,EM,-37700.631,0.0061868,2e-07,0.74,1205.4
SONGAP_D1_Z0_1_base,131,EM,-37700.624,0.006128,2e-07,0.85,1206.2
SONGAP_D1_Z0_1_base,132,EM,-37700.618,0.0060718,2e-07,0.76,1207.0
SONGAP_D1_Z0_1_base,133,EM,-37700.612,0.0060179,2e-07,0.62,1207.6
SONGAP_D1_Z0_1_base,134,EM,-37700.606,0.0059669,2e-07,0.66,1208.2
SONGAP_D1_Z0_1_base,135,EM,-37700.6,0.0059179,2e-07,0.89,1209.1
SONGAP_D1_Z0_1_base,136,EM,-37700.595,0.0058713,2e-07,0.76,1209.9
SONGAP_D1_Z0_1_base,137,EM,-37700.589,0.0058269,2e-07,0.73,1210.6
SONGAP_D1_Z0_1_base,138,EM,-37700.583,0.0057847,2e-07,0.62,1211.2
SONGAP_D1_Z0_1_base,139,EM,-37700.577,0.0057446,2e-07,0.61,1211.9
SONGAP_D1_Z0_1_base,140,EM,-37700.571,0.0057067,2e-07,0.71,1212.6
SONGAP_D1_Z0_1_base,141,EM,-37700.566,0.0056707,2e-07,0.6,1213.2
SONGAP_D1_Z0_1_base,142,EM,-37700.56,0.0056365,1e-07,0.49,1213.7
SONGAP_D1_Z0_1_base,143,EM,-37700.555,0.0056047,1e-07,88.33,1302.0
SONGAP_D1_Z0_1_base,144,EM,-37700.549,0.0055749,1e-07,0.53,1302.5
SONGAP_D1_Z0_1_base,145,EM,-37700.543,0.0055467,1e-07,0.58,1303.1
SONGAP_D1_Z0_1_base,146,EM,-37700.538,0.0055205,1e-07,0.74,1303.8
SONGAP_D1_Z0_1_base,147,EM,-37700.532,0.0054961,1e-07,0.98,1304.8
SONGAP_D1_Z0_1_base,148,QN,-37700.295,0.2374911,6.3e-06,7.92,1312.7
SONGAP_D1_Z0_1_base,149,EM,-37700.199,0.0955816,2.5e-06,0.95,1313.7
SONGAP_D1_Z0_1_base,150,EM,-37700.182,0.0174126,5e-07,0.8,1314.5
SONGAP_D1_Z0_1_base,151,EM,-37700.167,0.0145654,4e-07,0.9,1315.4
SONGAP_D1_Z0_1_base,152,EM,-37700.154,0.0129499,3e-07,1.46,1316.9
SONGAP_D1_Z0_1_base,153,EM,-37700.143,0.0118848,3e-07,6.26,1323.1
SONGAP_D1_Z0_1_base,154,EM,-37700.131,0.0111934,3e-07,1.28,1324.4
SONGAP_D1_Z0_1_base,155,EM,-37700.121,0.010745,3e-07,1.05,1325.4
SONGAP_D1_Z0_1_base,156,EM,-37700.11,0.01047,3e-07,1.22,1326.7
SONGAP_D1_Z0_1_base,157,EM,-37700.1,0.010316,3e-07,0.9,1327.6
SONGAP_D1_Z0_1_base,158,EM,-37700.09,0.0102501,3e-07,1.07,1328.6
SONGAP_D1_Z0_1_base,159,EM,-37700.079,0.0102497,3e-07,1.93,1330.6
SONGAP_D1_Z0_1_base,160,EM,-37700.069,0.0102971,3e-07,4.15,1334.7
SONGAP_D1_Z0_1_base,161,QN,-37699.552,0.5165822,1.37e-05,8.2,1342.9
SONGAP_D1_Z0_1_base,162,EM,-37698.908,0.6443052,1.71e-05,3.73,1346.6
SONGAP_D1_Z0_1_base,163,EM,-37698.698,0.2097924,5.6e-06,1.15,1347.8
SONGAP_D1_Z0_1_base,164,EM,-37698.523,0.1756912,4.7e-06,1.0,1348.8
SONGAP_D1_Z0_1_base,165,EM,-37698.365,0.1572505,4.2e-06,0.68,1349.5
SONGAP_D1_Z0_1_base,166,EM,-37698.219,0.1459759,3.9e-06,0.75,1350.2
SONGAP_D1_Z0_1_base,167,EM,-37698.08,0.1396264,3.7e-06,0.72,1350.9
SONGAP_D1_Z0_1_base,168,EM,-37697.943,0.1369165,3.6e-06,0.84,1351.8
SONGAP_D1_Z0_1_base,169,EM,-37697.806,0.1369501,3.6e-06,0.73,1352.5
SONGAP_D1_Z0_1_base,170,EM,-37697.667,0.1390901,3.7e-06,0.69,1353.2
SONGAP_D1_Z0_1_base,171,EM,-37697.524,0.1428757,3.8e-06,0.71,1353.9
SONGAP_D1_Z0_1_base,172,EM,-37697.376,0.1479798,3.9e-06,0.62,1354.5
SONGAP_D1_Z0_1_base,173,QN,-37684.891,12.4850735,0.0003312,20.1,1374.6
SONGAP_D1_Z0_1_base,174,EM,-37677.067,7.8235906,0.0002076,8.66,1383.3
SONGAP_D1_Z0_1_base,175,EM,-37675.656,1.4111267,3.75e-05,4.36,1387.7
SONGAP_D1_Z0_1_base,176,EM,-37674.096,1.5597978,4.14e-05,2.09,1389.8
SONGAP_D1_Z0_1_base,177,EM,-37673.245,0.851632,2.26e-05,6.25,1396.0
SONGAP_D1_Z0_1_base,178,EM,-37671.43,1.8142686,4.82e-05,3.2,1399.2
SONGAP_D1_Z0_1_base,179,EM,-37669.965,1.4650919,3.89e-05,1.59,1400.8
SONGAP_D1_Z0_1_base,180,EM,-37670.711,-0.7455075,-1.98e-05,1.37,1402.2
SONGAP_D1_Z0_1_base,181,EM,-37670.035,0.6757163,1.79e-05,1.08,1403.2
SONGAP_D1_Z0_1_base,182,EM,-37668.475,1.5604914,4.14e-05,0.96,1404.2
SONGAP_D1_Z0_1_base,183,EM,-37667.884,0.5903187,1.57e-05,0.98,1405.2
SONGAP_D1_Z0_1_base,184,EM,-37666.783,1.101163,2.92e-05,1.4,1406.6
SONGAP_D1_Z0_1_base,185,EM,-37666.852,-0.0692607,-1.8e-06,5.81,1412.4
SONGAP_D1_Z0_1_base,186,EM,-37666.041,0.8110968,2.15e-05,3.54,1415.9
SONGAP_D1_Z0_1_base,187,EM,-37665.754,0.2870445,7.6e-06,8.85,1424.8
SONGAP_D1_Z0_1_base,188,EM,-37665.346,0.4083076,1.08e-05,8.23,1433.0
SONGAP_D1_Z0_1_base,189,EM,-37664.718,0.6277933,1.67e-05,3.32,1436.3
SONGAP_D1_Z0_1_base,190,EM,-37663.565,1.1527324,3.06e-05,3.33,1439.6
SONGAP_D1_Z0_1_base,191,EM,-37663.856,-0.2904244,-7.7e-06,1.9,1441.5
SONGAP_D1_Z0_1_base,192,EM,-37663.479,0.3774073,1e-05,1.53,1443.1
SONGAP_D1_Z0_1_base,193,EM,-37664.531,-1.0521843,-2.79e-05,1.61,1444.7
SONGAP_D1_Z0_1_base,194,EM,-37665.346,-0.8150527,-2.16e-05,7.27,1452.0
SONGAP_D1_Z0_1_base,195,EM,-37664.363,0.9826649,2.61e-05,4.91,1456.9
SONGAP_D1_Z0_1_base,196,EM,-37662.796,1.5670224,4.16e-05,10.17,1467.0
SONGAP_D1_Z0_1_base,197,EM,-37662.428,0.3675688,9.8e-06,5.09,1472.1
SONGAP_D1_Z0_1_base,198,EM,-37666.838,-4.4097603,-0.0001171,93.07,1565.2
SONGAP_D1_Z0_1_base,199,EM,-37666.08,0.7582206,2.01e-05,7.19,1572.4
SONGAP_D1_Z0_1_base,200,EM,-37666.493,-0.4129033,-1.1e-05,4.25,1576.6
SONGAP_D1_Z0_1_base,201,EM,-37668.918,-2.4250995,-6.44e-05,1.68,1578.3
SONGAP_D1_Z0_1_base,202,EM,-37669.959,-1.0406403,-2.76e-05,1.65,1580.0
SONGAP_D1_Z0_1_base,203,EM,-37671.591,-1.6322366,-4.33e-05,3.1,1583.1
SONGAP_D1_Z0_1_base,204,EM,-37674.494,-2.9035463,-7.71e-05,11.23,1594.3
SONGAP_D1_Z0_1_base,205,EM,-37760.1,-85.6059274,-0.0022723,6.08,1600.4
SONGAP_D1_Z0_1_base,206,EM,-37730.35,29.750416,0.0007879,15.02,1615.4
SONGAP_D1_Z0_1_base,207,EM,-37718.578,11.7724588,0.000312,10.16,1625.5
SONGAP_D1_Z0_1_base,208,EM,-37711.502,7.0751252,0.0001876,4.1,1629.6
SONGAP_D1_Z0_1_base,209,EM,-37706.559,4.9429201,0.0001311,3.12,1632.8
SONGAP_D1_Z0_1_base,210,EM,-37702.989,3.5707647,9.47e-05,7.64,1640.4
SONGAP_D1_Z0_1_base,211,EM,-37700.367,2.6217912,6.95e-05,5.06,1645.5
SONGAP_D1_Z0_1_base,212,EM,-37698.38,1.9869433,5.27e-05,2.23,1647.7
SONGAP_D1_Z0_1_base,213,EM,-37696.817,1.56289,4.15e-05,1.61,1649.3
SONGAP_D1_Z0_1_base,214,EM,-37695.557,1.2598513,3.34e-05,1.52,1650.8
SONGAP_D1_Z0_1_base,215,EM,-37694.532,1.0249943,2.72e-05,76.1,1726.9
SONGAP_D1_Z0_1_base,216,EM,-37693.694,0.8380943,2.22e-05,1.16,1728.1
SONGAP_D1_Z0_1_base,217,EM,-37693.0,0.6937227,1.84e-05,1.81,1729.9
SONGAP_D1_Z0_1_base,218,EM,-37692.412,0.5883624,1.56e-05,7.05,1736.9
SONGAP_D1_Z0_1_base,219,EM,-37691.896,0.5162721,1.37e-05,1.77,1738.7
SONGAP_D1_Z0_1_base,220,EM,-37691.425,0.4706162,1.25e-05,1.38,1740.1
SONGAP_D1_Z0_1_base,221,EM,-37690.981,0.4445902,1.18e-05,1.27,1741.4
SONGAP_D1_Z0_1_base,222,EM,-37690.548,0.4324888,1.15e-05,0.98,1742.3
SONGAP_D1_Z0_1_base,223,EM,-37690.118,0.4301803,1.14e-05,0.92,1743.3
SONGAP_D1_Z0_1_base,224,EM,-37689.683,0.4348156,1.15e-05,1.01,1744.3
SONGAP_D1_Z0_1_base,225,EM,-37689.238,0.4447425,1.18e-05,0.93,1745.2
SONGAP_D1_Z0_1_base,226,EM,-37688.779,0.4594152,1.22e-05,0.98,1746.2
SONGAP_D1_Z0_1_base,227,EM,-37688.3,0.4794162,1.27e-05,1.2,1747.4
SONGAP_D1_Z0_1_base,228,EM,-37687.793,0.5068094,1.34e-05,1.57,1748.9
SONGAP_D1_Z0_1_base,229,EM,-37687.246,0.5463075,1.45e-05,1.52,1750.5
SONGAP_D1_Z0_1_base,230,EM,-37686.639,0.6076021,1.61e-05,1.99,1752.5
SONGAP_D1_Z0_1_base,231,EM,-37685.928,0.710624,1.89e-05,9.88,1762.3
SONGAP_D1_Z0_1_base,232,EM,-37685.038,0.8903039,2.36e-05,1.71,1764.1
SONGAP_D1_Z0_1_base,233,EM,-37683.872,1.1655235,3.09e-05,1.29,1765.3
SONGAP_D1_Z0_1_base,234,EM,-37682.454,1.4185507,3.76e-05,1.32,1766.7
SONGAP_D1_Z0_1_base,235,EM,-37680.993,1.4608831,3.88e-05,1.3,1768.0
SONGAP_D1_Z0_1_base,236,EM,-37679.639,1.3540568,3.59e-05,1.04,1769.0
SONGAP_D1_Z0_1_base,237,EM,-37678.415,1.2234495,3.25e-05,1.01,1770.0
SONGAP_D1_Z0_1_base,238,EM,-37677.311,1.1043077,2.93e-05,1.04,1771.0
SONGAP_D1_Z0_1_base,239,EM,-37676.309,1.0024316,2.66e-05,1.02,1772.1
SONGAP_D1_Z0_1_base,240,EM,-37675.391,0.9180025,2.44e-05,1.27,1773.3
SONGAP_D1_Z0_1_base,241,EM,-37674.542,0.8488399,2.25e-05,1.02,1774.4
SONGAP_D1_Z0_1_base,242,EM,-37673.75,0.7919507,2.1e-05,1.06,1775.4
SONGAP_D1_Z0_1_base,243,EM,-37673.005,0.744433,1.98e-05,1.04,1776.5
SONGAP_D1_Z0_1_base,244,EM,-37672.302,0.7039027,1.87e-05,0.87,1777.3
SONGAP_D1_Z0_1_base,245,EM,-37671.633,0.6685624,1.77e-05,1.64,1779.0
SONGAP_D1_Z0_1_base,246,EM,-37670.996,0.6371016,1.69e-05,12.23,1791.2
SONGAP_D1_Z0_1_base,247,EM,-37670.387,0.6086149,1.62e-05,3.22,1794.4
SONGAP_D1_Z0_1_base,248,EM,-37669.805,0.5825007,1.55e-05,1.36,1795.8
SONGAP_D1_Z0_1_base,249,EM,-37669.246,0.5582871,1.48e-05,1.44,1797.2
SONGAP_D1_Z0_1_base,250,EM,-37668.711,0.5357923,1.42e-05,1.52,1798.7
SONGAP_D1_Z0_1_base,251,EM,-37668.196,0.5146902,1.37e-05,1.55,1800.3
SONGAP_D1_Z0_1_base,252,EM,-37667.701,0.4948673,1.31e-05,1.38,1801.7
SONGAP_D1_Z0_1_base,253,EM,-37667.225,0.4762323,1.26e-05,1.19,1802.9
SONGAP_D1_Z0_1_base,254,EM,-37666.766,0.4586879,1.22e-05,3.42,1806.3
SONGAP_D1_Z0_1_base,255,EM,-37666.324,0.4421339,1.17e-05,12.74,1819.0
SONGAP_D1_Z0_1_base,256,EM,-37665.898,0.4265246,1.13e-05,878.74,2697.8
SONGAP_D1_Z0_1_base,257,EM,-37665.486,0.4117869,1.09e-05,2.98,2700.7
SONGAP_D1_Z0_1_base,258,EM,-37665.088,0.397847,1.06e-05,10.16,2710.9
SONGAP_D1_Z0_1_base,259,EM,-37664.703,0.3847087,1.02e-05,2.2,2713.1
SONGAP_D1_Z0_1_base,260,EM,-37664.331,0.3722569,9.9e-06,0.66,2713.8
SONGAP_D1_Z0_1_base,261,EM,-37663.97,0.3604825,9.6e-06,0.7,2714.5
SONGAP_D1_Z0_1_base,262,EM,-37663.621,0.3493286,9.3e-06,0.75,2715.2
SONGAP_D1_Z0_1_base,263,EM,-37663.282,0.338758,9e-06,0.63,2715.8
SONGAP_D1_Z0_1_base,264,EM,-37662.954,0.3287315,8.7e-06,0.55,2716.4
SONGAP_D1_Z0_1_base,265,EM,-37662.634,0.3192023,8.5e-06,0.65,2717.0
SONGAP_D1_Z0_1_base,266,EM,-37662.324,0.3101529,8.2e-06,47.31,2764.4
SONGAP_D1_Z0_1_base,267,EM,-37662.023,0.3015701,8e-06,0.92,2765.3
SONGAP_D1_Z0_1_base,268,EM,-37661.729,0.2933976,7.8e-06,0.71,2766.0
SONGAP_D1_Z0_1_base,269,EM,-37661.444,0.2856271,7.6e-06,0.68,2766.7
SONGAP_D1_Z0_1_base,270,EM,-37661.165,0.2782321,7.4e-06,0.85,2767.5
SONGAP_D1_Z0_1_base,271,EM,-37660.894,0.2711918,7.2e-06,0.66,2768.2
SONGAP_D1_Z0_1_base,272,EM,-37660.63,0.264485,7e-06,0.61,2768.8
SONGAP_D1_Z0_1_base,273,EM,-37660.372,0.258104,6.9e-06,0.73,2769.5
SONGAP_D1_Z0_1_base,274,EM,-37660.12,0.2520294,6.7e-06,0.58,2770.1
SONGAP_D1_Z0_1_base,275,EM,-37659.873,0.2462438,6.5e-06,0.62,2770.7
SONGAP_D1_Z0_1_base,276,EM,-37659.633,0.2407377,6.4e-06,0.7,2771.4
SONGAP_D1_Z0_1_base,277,EM,-37659.397,0.2354953,6.3e-06,0.66,2772.1
SONGAP_D1_Z0_1_base,278,EM,-37659.167,0.2305137,6.1e-06,1.32,2773.4
SONGAP_D1_Z0_1_base,279,EM,-37658.941,0.225756,6e-06,6.8,2780.2
SONGAP_D1_Z0_1_base,280,EM,-37658.72,0.2212763,5.9e-06,1.61,2781.8
SONGAP_D1_Z0_1_base,281,EM,-37658.503,0.2169952,5.8e-06,0.77,2782.6
SONGAP_D1_Z0_1_base,282,EM,-37658.29,0.2129596,5.7e-06,0.64,2783.2
SONGAP_D1_Z0_1_base,283,EM,-37658.081,0.2090656,5.6e-06,1.04,2784.3
SONGAP_D1_Z0_1_base,284,EM,-37657.875,0.2054152,5.5e-06,0.59,2784.9
SONGAP_D1_Z0_1_base,285,EM,-37657.673,0.2019615,5.4e-06,1.02,2785.9
SONGAP_D1_Z0_1_base,286,EM,-37657.475,0.1986926,5.3e-06,0.84,2786.7
SONGAP_D1_Z0_1_base,287,EM,-37657.279,0.1955965,5.2e-06,0.62,2787.3
SONGAP_D1_Z0_1_base,288,EM,-37657.086,0.1926559,5.1e-06,0.68,2788.0
SONGAP_D1_Z0_1_base,289,EM,-37656.896,0.1898876,5e-06,0.59,2788.6
SONGAP_D1_Z0_1_base,290,EM,-37656.709,0.1872664,5e-06,0.8,2789.4
SONGAP_D1_Z0_1_base,291,EM,-37656.524,0.1847868,4.9e-06,0.7,2790.1
SONGAP_D1_Z0_1_base,292,EM,-37656.342,0.1824543,4.8e-06,0.55,2790.6
SONGAP_D1_Z0_1_base,293,EM,-37656.162,0.1802357,4.8e-06,0.73,2791.4
SONGAP_D1_Z0_1_base,294,EM,-37655.984,0.1781444,4.7e-06,0.56,2791.9
SONGAP_D1_Z0_1_base,295,EM,-37655.807,0.1761654,4.7e-06,1.02,2793.0
SONGAP_D1_Z0_1_base,296,EM,-37655.633,0.1742554,4.6e-06,5.48,2798.4
SONGAP_D1_Z0_1_base,297,EM,-37655.461,0.1725316,4.6e-06,1.32,2799.8
SONGAP_D1_Z0_1_base,298,EM,-37655.29,0.1708493,4.5e-06,0.95,2800.7
SONGAP_D1_Z0_1_base,299,EM,-37655.12,0.1692522,4.5e-06,1.09,2801.8
SONGAP_D1_Z0_1_base,300,EM,-37654.953,0.1677339,4.5e-06,0.75,2802.6
SONGAP_D1_Z0_1_base,301,EM,-37654.786,0.1662803,4.4e-06,0.77,2803.3
SONGAP_D1_Z0_1_base,302,EM,-37654.622,0.1649013,4.4e-06,0.67,2804.0
SONGAP_D1_Z0_1_base,303,EM,-37654.458,0.163577,4.3e-06,0.59,2804.6
SONGAP_D1_Z0_1_base,304,EM,-37654.296,0.16231,4.3e-06,1.32,2805.9
SONGAP_D1_Z0_1_base,305,EM,-37654.135,0.1610863,4.3e-06,5.8,2811.7
SONGAP_D1_Z0_1_base,306,EM,-37653.975,0.1599103,4.2e-06,1.33,2813.0
SONGAP_D1_Z0_1_base,307,EM,-37653.816,0.1587718,4.2e-06,1.05,2814.1
SONGAP_D1_Z0_1_base,308,EM,-37653.658,0.1576695,4.2e-06,0.98,2815.1
SONGAP_D1_Z0_1_base,309,EM,-37653.502,0.1565884,4.2e-06,0.6,2815.7
SONGAP_D1_Z0_1_base,310,EM,-37653.346,0.1555352,4.1e-06,0.9,2816.6
SONGAP_D1_Z0_1_base,311,EM,-37653.192,0.1544926,4.1e-06,0.65,2817.2
SONGAP_D1_Z0_1_base,312,EM,-37653.038,0.1534741,4.1e-06,0.6,2817.8
SONGAP_D1_Z0_1_base,313,EM,-37652.886,0.1524616,4e-06,0.83,2818.6
SONGAP_D1_Z0_1_base,314,EM,-37652.734,0.1514643,4e-06,1.23,2819.9
SONGAP_D1_Z0_1_base,315,EM,-37652.584,0.150462,4e-06,0.67,2820.5
SONGAP_D1_Z0_1_base,316,EM,-37652.434,0.1494731,4e-06,0.8,2821.3
SONGAP_D1_Z0_1_base,317,EM,-37652.286,0.1484631,3.9e-06,49.73,2871.1
SONGAP_D1_Z0_1_base,318,EM,-37652.138,0.1474572,3.9e-06,0.72,2871.8
SONGAP_D1_Z0_1_base,319,EM,-37651.992,0.1464491,3.9e-06,0.73,2872.5
SONGAP_D1_Z0_1_base,320,EM,-37651.846,0.14542,3.9e-06,0.62,2873.1
SONGAP_D1_Z0_1_base,321,EM,-37651.702,0.1443777,3.8e-06,1.03,2874.2
SONGAP_D1_Z0_1_base,322,EM,-37651.559,0.1432797,3.8e-06,6.3,2880.5
SONGAP_D1_Z0_1_base,323,EM,-37651.417,0.1422534,3.8e-06,1.62,2882.1
SONGAP_D1_Z0_1_base,324,EM,-37651.275,0.1411756,3.7e-06,0.77,2882.9
SONGAP_D1_Z0_1_base,325,EM,-37651.135,0.1400332,3.7e-06,0.84,2883.7
SONGAP_D1_Z0_1_base,326,EM,-37650.996,0.1388899,3.7e-06,0.89,2884.6
SONGAP_D1_Z0_1_base,327,EM,-37650.859,0.1377204,3.7e-06,0.67,2885.3
SONGAP_D1_Z0_1_base,328,EM,-37650.722,0.1365347,3.6e-06,0.89,2886.1
SONGAP_D1_Z0_1_base,329,EM,-37650.587,0.1353201,3.6e-06,0.77,2886.9
SONGAP_D1_Z0_1_base,330,EM,-37650.453,0.1340693,3.6e-06,0.98,2887.9
SONGAP_D1_Z0_1_base,331,EM,-37650.32,0.1328,3.5e-06,1.09,2889.0
SONGAP_D1_Z0_1_base,332,EM,-37650.189,0.1314798,3.5e-06,5.97,2895.0
SONGAP_D1_Z0_1_base,333,EM,-37650.058,0.1301941,3.5e-06,1.6,2896.6
SONGAP_D1_Z0_1_base,334,EM,-37649.929,0.1288598,3.4e-06,0.7,2897.3
SONGAP_D1_Z0_1_base,335,EM,-37649.802,0.127503,3.4e-06,0.86,2898.1
SONGAP_D1_Z0_1_base,336,EM,-37649.676,0.1261287,3.4e-06,0.87,2899.0
SONGAP_D1_Z0_1_base,337,EM,-37649.551,0.1247516,3.3e-06,1.07,2900.1
SONGAP_D1_Z0_1_base,338,EM,-37649.428,0.123354,3.3e-06,0.98,2901.0
SONGAP_D1_Z0_1_base,339,EM,-37649.306,0.1219542,3.2e-06,1.14,2902.2
SONGAP_D1_Z0_1_base,340,EM,-37649.185,0.1205556,3.2e-06,0.64,2902.8
SONGAP_D1_Z0_1_base,341,EM,-37649.066,0.1191601,3.2e-06,0.68,2903.5
SONGAP_D1_Z0_1_base,342,EM,-37648.948,0.1177704,3.1e-06,0.62,2904.1
SONGAP_D1_Z0_1_base,343,EM,-37648.832,0.1163613,3.1e-06,0.62,2904.8
SONGAP_D1_Z0_1_base,344,EM,-37648.717,0.1149892,3.1e-06,0.6,2905.4
SONGAP_D1_Z0_1_base,345,EM,-37648.603,0.1136249,3e-06,0.76,2906.1
SONGAP_D1_Z0_1_base,346,EM,-37648.491,0.1122745,3e-06,0.7,2906.8
SONGAP_D1_Z0_1_base,347,EM,-37648.38,0.1109355,2.9e-06,0.8,2907.6
SONGAP_D1_Z0_1_base,348,EM,-37648.27,0.1096327,2.9e-06,0.68,2908.3
SONGAP_D1_Z0_1_base,349,EM,-37648.162,0.1083414,2.9e-06,0.58,2908.9
SONGAP_D1_Z0_1_base,350,EM,-37648.055,0.1070747,2.8e-06,0.65,2909.5
SONGAP_D1_Z0_1_base,351,EM,-37647.949,0.1058339,2.8e-06,1.03,2910.5
SONGAP_D1_Z0_1_base,352,EM,-37647.845,0.1046188,2.8e-06,0.7,2911.2
SONGAP_D1_Z0_1_base,353,EM,-37647.741,0.1034305,2.7e-06,0.69,2911.9
SONGAP_D1_Z0_1_base,354,EM,-37647.639,0.102269,2.7e-06,0.52,2912.5
SONGAP_D1_Z0_1_base,355,EM,-37647.538,0.1011355,2.7e-06,0.6,2913.1
SONGAP_D1_Z0_1_base,356,EM,-37647.438,0.1000294,2.7e-06,0.63,2913.7
SONGAP_D1_Z0_1_base,357,EM,-37647.339,0.0989503,2.6e-06,0.59,2914.3
SONGAP_D1_Z0_1_base,358,EM,-37647.241,0.0978981,2.6e-06,0.6,2914.9
SONGAP_D1_Z0_1_base,359,EM,-37647.144,0.0968723,2.6e-06,0.56,2915.5
SONGAP_D1_Z0_1_base,360,EM,-37647.048,0.0958731,2.5e-06,0.47,2915.9
SONGAP_D1_Z0_1_base,361,QN,-37645.436,1.6119234,4.28e-05,60.58,2976.5
SONGAP_D1_Z0_1_base,362,EM,-37645.065,0.3708398,9.9e-06,0.76,2977.3
SONGAP_D1_Z0_1_base,363,EM,-37644.862,0.2035406,5.4e-06,0.59,2977.8
SONGAP_D1_Z0_1_base,364,EM,-37644.703,0.1588132,4.2e-06,0.91,2978.8
SONGAP_D1_Z0_1_base,365,EM,-37644.569,0.1340232,3.6e-06,0.84,2979.6
SONGAP_D1_Z0_1_base,366,EM,-37644.452,0.1171823,3.1e-06,0.75,2980.3
SONGAP_D1_Z0_1_base,367,EM,-37644.347,0.1046533,2.8e-06,0.62,2981.0
SONGAP_D1_Z0_1_base,368,EM,-37644.252,0.0949268,2.5e-06,0.55,2981.5
SONGAP_D1_Z0_1_base,369,EM,-37644.165,0.0872111,2.3e-06,52.09,3033.6
SONGAP_D1_Z0_1_base,370,EM,-37644.084,0.081013,2.2e-06,0.64,3034.2
SONGAP_D1_Z0_1_base,371,EM,-37644.008,0.0759947,2e-06,0.59,3034.8
SONGAP_D1_Z0_1_base,372,EM,-37643.936,0.0719092,1.9e-06,0.54,3035.4
SONGAP_D1_Z0_1_base,373,EM,-37643.868,0.0685667,1.8e-06,0.5,3035.9
SONGAP_D1_Z0_1_base,374,EM,-37643.802,0.0658223,1.7e-06,0.64,3036.5
SONGAP_D1_Z0_1_base,375,EM,-37643.738,0.0635607,1.7e-06,0.54,3037.0
SONGAP_D1_Z0_1_base,376,EM,-37643.676,0.0616892,1.6e-06,0.51,3037.6
SONGAP_D1_Z0_1_base,377,EM,-37643.616,0.0601348,1.6e-06,0.65,3038.2
SONGAP_D1_Z0_1_base,378,EM,-37643.558,0.0588354,1.6e-06,0.64,3038.8
SONGAP_D1_Z0_1_base,379,EM,-37643.5,0.0577436,1.5e-06,0.79,3039.6
SONGAP_D1_Z0_1_base,380,EM,-37643.443,0.0568152,1.5e-06,0.66,3040.3
SONGAP_D1_Z0_1_base,381,EM,-37643.387,0.0560206,1.5e-06,0.57,3040.9
SONGAP_D1_Z0_1_base,382,EM,-37643.332,0.0553311,1.5e-06,0.6,3041.5
SONGAP_D1_Z0_1_base,383,EM,-37643.277,0.0547234,1.5e-06,0.65,3042.1
SONGAP_D1_Z0_1_base,384,EM,-37643.223,0.0541777,1.4e-06,0.59,3042.7
SONGAP_D1_Z0_1_base,385,EM,-37643.169,0.0536818,1.4e-06,1.1,3043.8
SONGAP_D1_Z0_1_base,386,EM,-37643.116,0.0532202,1.4e-06,6.77,3050.6
SONGAP_D1_Z0_1_base,387,EM,-37643.063,0.052789,1.4e-06,1.71,3052.3
SONGAP_D1_Z0_1_base,388,EM,-37643.011,0.0523554,1.4e-06,1.0,3053.3
SONGAP_D1_Z0_1_base,389,EM,-37642.959,0.0519472,1.4e-06,0.66,3053.9
SONGAP_D1_Z0_1_base,390,EM,-37642.907,0.0515388,1.4e-06,1.32,3055.3
SONGAP_D1_Z0_1_base,391,EM,-37642.856,0.0511401,1.4e-06,7.57,3062.8
SONGAP_D1_Z0_1_base,392,EM,-37642.805,0.0507168,1.3e-06,3.59,3066.4
SONGAP_D1_Z0_1_base,393,EM,-37642.755,0.0502985,1.3e-06,1.13,3067.6
SONGAP_D1_Z0_1_base,394,EM,-37642.705,0.0498566,1.3e-06,1.03,3068.6
SONGAP_D1_Z0_1_base,395,EM,-37642.656,0.04942,1.3e-06,1.37,3070.0
SONGAP_D1_Z0_1_base,396,EM,-37642.607,0.048959,1.3e-06,0.95,3070.9
SONGAP_D1_Z0_1_base,397,EM,-37642.558,0.04849,1.3e-06,0.79,3071.7
SONGAP_D1_Z0_1_base,398,EM,-37642.51,0.0480147,1.3e-06,1.02,3072.7
SONGAP_D1_Z0_1_base,399,EM,-37642.463,0.0475127,1.3e-06,0.93,3073.6
SONGAP_D1_Z0_1_base,400,EM,-37642.416,0.047007,1.2e-06,1.04,3074.7
SONGAP_D1_Z0_1_base,401,EM,-37642.369,0.0464833,1.2e-06,0.87,3075.5
SONGAP_D1_Z0_1_base,402,EM,-37642.323,0.0459566,1.2e-06,1.28,3076.8
SONGAP_D1_Z0_1_base,403,EM,-37642.278,0.0454099,1.2e-06,7.95,3084.8
SONGAP_D1_Z0_1_base,404,EM,-37642.233,0.0448541,1.2e-06,1.91,3086.7
SONGAP_D1_Z0_1_base,405,EM,-37642.189,0.0442858,1.2e-06,1.41,3088.1
SONGAP_D1_Z0_1_base,406,EM,-37642.145,0.0437182,1.2e-06,1.14,3089.2
SONGAP_D1_Z0_1_base,407,EM,-37642.102,0.0431248,1.1e-06,1.11,3090.4
SONGAP_D1_Z0_1_base,408,EM,-37642.059,0.0425372,1.1e-06,1.23,3091.6
SONGAP_D1_Z0_1_base,409,EM,-37642.017,0.0419435,1.1e-06,0.91,3092.5
SONGAP_D1_Z0_1_base,410,EM,-37641.976,0.0413413,1.1e-06,1.3,3093.8
SONGAP_D1_Z0_1_base,411,EM,-37641.935,0.0407381,1.1e-06,1.02,3094.8
SONGAP_D1_Z0_1_base,412,EM,-37641.895,0.040132,1.1e-06,0.84,3095.7
SONGAP_D1_Z0_1_base,413,EM,-37641.856,0.03952,1e-06,0.95,3096.6
SONGAP_D1_Z0_1_base,414,EM,-37641.817,0.0389091,1e-06,1.48,3098.1
SONGAP_D1_Z0_1_base,415,EM,-37641.779,0.0382995,1e-06,12.81,3110.9
SONGAP_D1_Z0_1_base,416,EM,-37641.741,0.0376886,1e-06,9.79,3120.7
SONGAP_D1_Z0_1_base,417,EM,-37641.704,0.0370845,1e-06,3.39,3124.1
SONGAP_D1_Z0_1_base,418,EM,-37641.667,0.0364599,1e-06,1.09,3125.2
SONGAP_D1_Z0_1_base,419,EM,-37641.631,0.0358615,1e-06,1.2,3126.4
SONGAP_D1_Z0_1_base,420,EM,-37641.596,0.0352848,9e-07,59.3,3185.7
SONGAP_D1_Z0_1_base,421,EM,-37641.561,0.0346816,9e-07,5.68,3191.3
SONGAP_D1_Z0_1_base,422,EM,-37641.527,0.0341031,9e-07,2.92,3194.3
SONGAP_D1_Z0_1_base,423,EM,-37641.494,0.033506,9e-07,0.82,3195.1
SONGAP_D1_Z0_1_base,424,EM,-37641.461,0.0329442,9e-07,0.76,3195.8
SONGAP_D1_Z0_1_base,425,EM,-37641.429,0.0323725,9e-07,0.76,3196.6
SONGAP_D1_Z0_1_base,426,EM,-37641.397,0.0318171,8e-07,0.6,3197.2
SONGAP_D1_Z0_1_base,427,EM,-37641.365,0.031256,8e-07,0.95,3198.1
SONGAP_D1_Z0_1_base,428,EM,-37641.335,0.0307145,8e-07,1.13,3199.3
SONGAP_D1_Z0_1_base,429,EM,-37641.305,0.030178,8e-07,0.91,3200.2
SONGAP_D1_Z0_1_base,430,EM,-37641.275,0.0296557,8e-07,0.97,3201.2
SONGAP_D1_Z0_1_base,431,EM,-37641.246,0.0291389,8e-07,0.56,3201.7
SONGAP_D1_Z0_1_base,432,EM,-37641.217,0.0286355,8e-07,0.65,3202.4
SONGAP_D1_Z0_1_base,433,EM,-37641.189,0.0281391,7e-07,0.98,3203.4
SONGAP_D1_Z0_1_base,434,EM,-37641.161,0.027654,7e-07,0.8,3204.2
SONGAP_D1_Z0_1_base,435,EM,-37641.134,0.0271811,7e-07,1.12,3205.3
SONGAP_D1_Z0_1_base,436,EM,-37641.107,0.0267171,7e-07,0.84,3206.1
SONGAP_D1_Z0_1_base,437,EM,-37641.081,0.0262652,7e-07,0.81,3206.9
SONGAP_D1_Z0_1_base,438,EM,-37641.055,0.0258232,7e-07,0.6,3207.5
SONGAP_D1_Z0_1_base,439,EM,-37641.03,0.0253931,7e-07,0.62,3208.2
SONGAP_D1_Z0_1_base,440,EM,-37641.005,0.0249735,7e-07,0.67,3208.8
SONGAP_D1_Z0_1_base,441,EM,-37640.98,0.0245655,7e-07,0.62,3209.5
SONGAP_D1_Z0_1_base,442,EM,-37640.956,0.0241672,6e-07,0.58,3210.0
SONGAP_D1_Z0_1_base,443,EM,-37640.932,0.0237838,6e-07,0.59,3210.6
SONGAP_D1_Z0_1_base,444,EM,-37640.909,0.0234092,6e-07,0.66,3211.3
SONGAP_D1_Z0_1_base,445,EM,-37640.886,0.0230459,6e-07,0.8,3212.1
SONGAP_D1_Z0_1_base,446,EM,-37640.863,0.0226939,6e-07,0.7,3212.8
SONGAP_D1_Z0_1_base,447,EM,-37640.841,0.0223532,6e-07,0.53,3213.3
SONGAP_D1_Z0_1_base,448,EM,-37640.819,0.0220227,6e-07,0.59,3213.9
SONGAP_D1_Z0_1_base,449,EM,-37640.797,0.0217052,6e-07,0.76,3214.7
SONGAP_D1_Z0_1_base,450,EM,-37640.776,0.0213975,6e-07,0.49,3215.1
SONGAP_D1_Z0_1_base,451,EM,-37640.755,0.0211009,6e-07,0.66,3215.8
SONGAP_D1_Z0_1_base,452,EM,-37640.734,0.0208154,6e-07,0.57,3216.4
SONGAP_D1_Z0_1_base,453,EM,-37640.713,0.0205399,5e-07,1.0,3217.4
SONGAP_D1_Z0_1_base,454,EM,-37640.693,0.0202742,5e-07,6.18,3223.6
SONGAP_D1_Z0_1_base,455,EM,-37640.673,0.0200293,5e-07,1.46,3225.0
SONGAP_D1_Z0_1_base,456,EM,-37640.653,0.0197758,5e-07,0.91,3225.9
SONGAP_D1_Z0_1_base,457,EM,-37640.634,0.0195489,5e-07,0.77,3226.7
SONGAP_D1_Z0_1_base,458,EM,-37640.614,0.0193248,5e-07,1.0,3227.7
SONGAP_D1_Z0_1_base,459,EM,-37640.595,0.0191077,5e-07,0.72,3228.4
SONGAP_D1_Z0_1_base,460,EM,-37640.576,0.0189032,5e-07,0.87,3229.3
SONGAP_D1_Z0_1_base,461,EM,-37640.558,0.0187125,5e-07,1.05,3230.3
SONGAP_D1_Z0_1_base,462,EM,-37640.539,0.0185279,5e-07,1.5,3231.8
SONGAP_D1_Z0_1_base,463,EM,-37640.521,0.018354,5e-07,7.38,3239.2
SONGAP_D1_Z0_1_base,464,EM,-37640.503,0.0182147,5e-07,3.71,3242.9
SONGAP_D1_Z0_1_base,465,EM,-37640.485,0.0180147,5e-07,1.16,3244.1
SONGAP_D1_Z0_1_base,466,EM,-37640.467,0.0178749,5e-07,1.9,3246.0
SONGAP_D1_Z0_1_base,467,EM,-37640.449,0.0177406,5e-07,8.19,3254.2
SONGAP_D1_Z0_1_base,468,EM,-37640.431,0.01765,5e-07,3.98,3258.1
SONGAP_D1_Z0_1_base,469,EM,-37640.414,0.0174706,5e-07,1.27,3259.4
SONGAP_D1_Z0_1_base,470,EM,-37640.396,0.0173791,5e-07,1.62,3261.0
SONGAP_D1_Z0_1_base,471,EM,-37640.379,0.0172773,5e-07,78.68,3339.7
SONGAP_D1_Z0_1_base,472,EM,-37640.362,0.0171779,5e-07,1.77,3341.5
SONGAP_D1_Z0_1_base,473,EM,-37640.345,0.0170904,5e-07,9.37,3350.9
SONGAP_D1_Z0_1_base,474,EM,-37640.328,0.0170115,5e-07,3.62,3354.5
SONGAP_D1_Z0_1_base,475,EM,-37640.311,0.0169302,4e-07,1.29,3355.8
SONGAP_D1_Z0_1_base,476,EM,-37640.294,0.0168682,4e-07,0.66,3356.4
SONGAP_D1_Z0_1_base,477,EM,-37640.277,0.0168058,4e-07,0.73,3357.2
SONGAP_D1_Z0_1_base,478,EM,-37640.261,0.0167558,4e-07,0.81,3358.0
SONGAP_D1_Z0_1_base,479,EM,-37640.244,0.016709,4e-07,0.92,3358.9
SONGAP_D1_Z0_1_base,480,EM,-37640.227,0.016658,4e-07,0.89,3359.8
SONGAP_D1_Z0_1_base,481,EM,-37640.211,0.0166217,4e-07,0.92,3360.7
SONGAP_D1_Z0_1_base,482,EM,-37640.194,0.0165909,4e-07,1.05,3361.8
SONGAP_D1_Z0_1_base,483,EM,-37640.177,0.0165661,4e-07,6.82,3368.6
SONGAP_D1_Z0_1_base,484,EM,-37640.161,0.0165442,4e-07,3.11,3371.7
SONGAP_D1_Z0_1_base,485,EM,-37640.144,0.0165302,4e-07,0.86,3372.6
SONGAP_D1_Z0_1_base,486,EM,-37640.128,0.0165151,4e-07,1.02,3373.6
SONGAP_D1_Z0_1_base,487,EM,-37640.111,0.0165075,4e-07,0.88,3374.5
SONGAP_D1_Z0_1_base,488,EM,-37640.095,0.0165046,4e-07,0.87,3375.3
SONGAP_D1_Z0_1_base,489,EM,-37640.078,0.0165022,4e-07,0.65,3376.0
SONGAP_D1_Z0_1_base,490,EM,-37640.062,0.01651,4e-07,0.74,3376.7
SONGAP_D1_Z0_1_base,491,EM,-37640.045,0.0165138,4e-07,0.91,3377.6
SONGAP_D1_Z0_1_base,492,EM,-37640.029,0.0165187,4e-07,1.16,3378.8
SONGAP_D1_Z0_1_base,493,EM,-37640.012,0.0165276,4e-07,6.96,3385.8
SONGAP_D1_Z0_1_base,494,EM,-37639.996,0.0165552,4e-07,1.26,3387.0
SONGAP_D1_Z0_1_base,495,EM,-37639.979,0.0165505,4e-07,0.93,3387.9
SONGAP_D1_Z0_1_base,496,EM,-37639.963,0.01657,4e-07,0.76,3388.7
SONGAP_D1_Z0_1_base,497,EM,-37639.946,0.0165807,4e-07,0.63,3389.3
SONGAP_D1_Z0_1_base,498,EM,-37639.929,0.0166121,4e-07,0.91,3390.2
SONGAP_D1_Z0_1_base,499,EM,-37639.913,0.016621,4e-07,1.18,3391.4
SONGAP_D1_Z0_1_base,500,EM,-37639.896,0.0166384,4e-07,1.45,3392.9
SONGAP_D1_Z0_1_base,501,EM,-37639.879,0.0166465,4e-07,10.27,3403.1
SONGAP_D1_Z0_1_base,502,EM,-37639.863,0.0166691,4e-07,9.99,3413.1
SONGAP_D1_Z0_1_base,503,EM,-37639.846,0.0166801,4e-07,7.89,3421.0
SONGAP_D1_Z0_1_base,504,EM,-37639.829,0.0166911,4e-07,4.18,3425.2
SONGAP_D1_Z0_1_base,505,EM,-37639.813,0.0167086,4e-07,1.12,3426.3
SONGAP_D1_Z0_1_base,506,EM,-37639.796,0.0167123,4e-07,1.48,3427.8
SONGAP_D1_Z0_1_base,507,EM,-37639.779,0.0167104,4e-07,1.05,3428.8
SONGAP_D1_Z0_1_base,508,EM,-37639.763,0.0167145,4e-07,0.87,3429.7
SONGAP_D1_Z0_1_base,509,EM,-37639.746,0.0167139,4e-07,1.16,3430.9
SONGAP_D1_Z0_1_base,510,EM,-37639.729,0.0167089,4e-07,1.21,3432.1
SONGAP_D1_Z0_1_base,511,EM,-37639.712,0.0166969,4e-07,1.32,3433.4
SONGAP_D1_Z0_1_base,512,EM,-37639.696,0.0166777,4e-07,1.12,3434.5
SONGAP_D1_Z0_1_base,513,EM,-37639.679,0.0166552,4e-07,1.0,3435.5
SONGAP_D1_Z0_1_base,514,EM,-37639.663,0.0166301,4e-07,1.01,3436.5
SONGAP_D1_Z0_1_base,515,QN,-37639.379,0.2836797,7.5e-06,124.48,3561.0
SONGAP_D1_Z0_1_base,516,EM,-37639.3,0.0790908,2.1e-06,1.13,3562.1
SONGAP_D1_Z0_1_base,517,EM,-37639.282,0.0179293,5e-07,1.18,3563.3
SONGAP_D1_Z0_1_base,518,EM,-37639.281,0.0008627,0.0,1.38,3564.7
SONGAP_D1_Z0_1_base,519,EM,-37639.286,-0.0048413,-1e-07,1.02,3565.7
SONGAP_D1_Z0_1_base,520,EM,-37639.292,-0.0063442,-2e-07,0.91,3566.6
SONGAP_D1_Z0_1_base,521,EM,-37639.298,-0.0062241,-2e-07,1.4,3568.0
SONGAP_D1_Z0_1_base,522,EM,-37639.304,-0.0054663,-1e-07,11.05,3579.1
SONGAP_D1_Z0_1_base,523,EM,-37639.308,-0.0044465,-1e-07,4.36,3583.4
SONGAP_D1_Z0_1_base,524,EM,-37639.312,-0.0033539,-1e-07,1.84,3585.3
SONGAP_D1_Z0_1_base,525,EM,-37639.314,-0.0022419,-1e-07,73.78,3659.1
SONGAP_D1_Z0_1_base,526,EM,-37639.315,-0.0011693,0.0,9.5,3668.6
SONGAP_D1_Z0_1_base,527,EM,-37639.315,-0.000137,0.0,3.02,3671.6
SONGAP_D1_Z0_1_base,528,EM,-37639.314,0.0008297,0.0,0.98,3672.6
SONGAP_D1_Z0_1_base,529,EM,-37639.313,0.0017177,0.0,0.99,3673.6
SONGAP_D1_Z0_1_base,530,EM,-37639.31,0.0025465,1e-07,1.5,3675.1
SONGAP_D1_Z0_1_base,531,EM,-37639.307,0.0032952,1e-07,9.45,3684.5
SONGAP_D1_Z0_1_base,532,EM,-37639.303,0.0039459,1e-07,3.3,3687.8
SONGAP_D1_Z0_1_base,533,EM,-37639.298,0.0045686,1e-07,1.61,3689.4
SONGAP_D1_Z0_1_base,534,EM,-37639.293,0.0050876,1e-07,9.01,3698.4
SONGAP_D1_Z0_1_base,535,EM,-37639.288,0.0055325,1e-07,3.53,3702.0
SONGAP_D1_Z0_1_base,536,EM,-37639.282,0.005896,2e-07,1.13,3703.1
SONGAP_D1_Z0_1_base,537,EM,-37639.276,0.0061919,2e-07,1.38,3704.5
SONGAP_D1_Z0_1_base,538,EM,-37639.269,0.0064216,2e-07,0.77,3705.2
SONGAP_D1_Z0_1_base,539,EM,-37639.263,0.0065835,2e-07,1.24,3706.5
SONGAP_D1_Z0_1_base,540,EM,-37639.256,0.0066807,2e-07,0.97,3707.4
SONGAP_D1_Z0_1_base,541,EM,-37639.249,0.0067171,2e-07,1.3,3708.7
SONGAP_D1_Z0_1_base,542,EM,-37639.242,0.0066909,2e-07,10.85,3719.6
SONGAP_D1_Z0_1_base,543,EM,-37639.236,0.006624,2e-07,4.8,3724.4
SONGAP_D1_Z0_1_base,544,EM,-37639.229,0.0064986,2e-07,1.91,3726.3
SONGAP_D1_Z0_1_base,545,EM,-37639.223,0.0063259,2e-07,9.58,3735.9
SONGAP_D1_Z0_1_base,546,EM,-37639.217,0.0061144,2e-07,2.17,3738.1
SONGAP_D1_Z0_1_base,547,EM,-37639.211,0.0058683,2e-07,1.66,3739.7
SONGAP_D1_Z0_1_base,548,EM,-37639.205,0.005589,1e-07,1.38,3741.1
SONGAP_D1_Z0_1_base,549,EM,-37639.2,0.0052906,1e-07,3.25,3744.3
SONGAP_D1_Z0_1_base,550,EM,-37639.195,0.0049501,1e-07,12.95,3757.3
SONGAP_D1_Z0_1_base,551,EM,-37639.191,0.0046116,1e-07,11.88,3769.2
SONGAP_D1_Z0_1_base,552,EM,-37639.186,0.0042377,1e-07,5.53,3774.7
SONGAP_D1_Z0_1_base,553,EM,-37639.182,0.0038645,1e-07,1.96,3776.7
SONGAP_D1_Z0_1_base,554,EM,-37639.179,0.0034752,1e-07,1.2,3777.9
SONGAP_D1_Z0_1_base,555,EM,-37639.176,0.0030903,1e-07,1.0,3778.9
SONGAP_D1_Z0_1_base,556,EM,-37639.173,0.0026796,1e-07,1.12,3780.0
SONGAP_D1_Z0_1_base,557,EM,-37639.171,0.0022848,1e-07,1.09,3781.1
SONGAP_D1_Z0_1_base,558,EM,-37639.169,0.0018878,1e-07,1.42,3782.5
SONGAP_D1_Z0_1_base,559,EM,-37639.168,0.0014979,0.0,11.66,3794.1
SONGAP_D1_Z0_1_base,560,EM,-37639.166,0.0011032,0.0,4.23,3798.4
SONGAP_D1_Z0_1_base,561,EM,-37639.166,0.0007176,0.0,1.93,3800.3
SONGAP_D1_Z0_1_base,562,EM,-37639.165,0.0003463,0.0,9.68,3810.0
SONGAP_D1_Z0_1_base,563,EM,-37639.165,-2.2e-05,0.0,4.13,3814.1
SONGAP_D1_Z0_1_base,564,EM,-37639.166,-0.0003878,0.0,8.89,3823.0
SONGAP_D1_Z0_1_base,565,EM,-37639.167,-0.0007322,0.0,3.95,3827.0
SONGAP_D1_Z0_1_base,566,EM,-37639.168,-0.0010709,0.0,0.96,3827.9
SONGAP_D1_Z0_1_base,567,EM,-37639.169,-0.0014001,0.0,0.88,3828.8
SONGAP_D1_Z0_1_base,568,EM,-37639.171,-0.0017093,0.0,0.81,3829.6
SONGAP_D1_Z0_1_base,569,EM,-37639.173,-0.002,-1e-07,1.08,3830.7
SONGAP_D1_Z0_1_base,570,EM,-37639.175,-0.0022847,-1e-07,1.13,3831.8
SONGAP_D1_Z0_1_base,571,EM,-37639.178,-0.0025564,-1e-07,1.74,3833.6
SONGAP_D1_Z0_1_base,572,EM,-37639.18,-0.0028018,-1e-07,0.83,3834.4
SONGAP_D1_Z0_1_base,573,EM,-37639.183,-0.003034,-1e-07,0.74,3835.1
SONGAP_D1_Z0_1_base,574,EM,-37639.187,-0.0032474,-1e-07,0.68,3835.8
SONGAP_D1_Z0_1_base,575,EM,-37639.19,-0.00344,-1e-07,0.72,3836.5
SONGAP_D1_Z0_1_base,576,EM,-37639.194,-0.0036146,-1e-07,0.72,3837.2
SONGAP_D1_Z0_1_base,577,EM,-37639.197,-0.0037675,-1e-07,67.9,3905.1
SONGAP_D1_Z0_1_base,578,EM,-37639.201,-0.003902,-1e-07,0.87,3906.0
SONGAP_D1_Z0_1_base,579,EM,-37639.205,-0.0040086,-1e-07,1.77,3907.8
SONGAP_D1_Z0_1_base,580,EM,-37639.209,-0.0040967,-1e-07,1.12,3908.9
SONGAP_D1_Z0_1_base,581,EM,-37639.214,-0.0041614,-1e-07,1.83,3910.7
SONGAP_D1_Z0_1_base,582,EM,-37639.218,-0.0042033,-1e-07,13.93,3924.7
SONGAP_D1_Z0_1_base,583,EM,-37639.222,-0.0042226,-1e-07,5.15,3929.8
SONGAP_D1_Z0_1_base,584,EM,-37639.226,-0.0042308,-1e-07,1.3,3931.1
SONGAP_D1_Z0_1_base,585,EM,-37639.23,-0.0041863,-1e-07,1.01,3932.1
SONGAP_D1_Z0_1_base,586,EM,-37639.235,-0.0041378,-1e-07,1.18,3933.3
SONGAP_D1_Z0_1_base,587,EM,-37639.239,-0.0040535,-1e-07,1.33,3934.6
SONGAP_D1_Z0_1_base,588,EM,-37639.243,-0.0039733,-1e-07,1.72,3936.4
SONGAP_D1_Z0_1_base,589,EM,-37639.246,-0.0038527,-1e-07,0.94,3937.3
SONGAP_D1_Z0_1_base,590,EM,-37639.25,-0.0037105,-1e-07,0.9,3938.2
SONGAP_D1_Z0_1_base,591,EM,-37639.254,-0.003551,-1e-07,1.65,3939.8
SONGAP_D1_Z0_1_base,592,EM,-37639.257,-0.0033645,-1e-07,12.45,3952.3
SONGAP_D1_Z0_1_base,593,EM,-37639.26,-0.0031687,-1e-07,4.39,3956.7
SONGAP_D1_Z0_1_base,594,EM,-37639.263,-0.0029403,-1e-07,0.94,3957.6
SONGAP_D1_Z0_1_base,595,EM,-37639.266,-0.0027066,-1e-07,2.2,3959.8
SONGAP_D1_Z0_1_base,596,EM,-37639.268,-0.0024524,-1e-07,10.41,3970.2
SONGAP_D1_Z0_1_base,597,EM,-37639.271,-0.002175,-1e-07,4.3,3974.5
SONGAP_D1_Z0_1_base,598,EM,-37639.272,-0.0018899,-1e-07,9.88,3984.4
SONGAP_D1_Z0_1_base,599,EM,-37639.274,-0.0015841,0.0,2.99,3987.4
SONGAP_D1_Z0_1_base,600,EM,-37639.275,-0.0012596,0.0,0.95,3988.3
SONGAP_D1_Z0_1_base,601,EM,-37639.276,-0.0009287,0.0,0.77,3989.1
SONGAP_D1_Z0_1_base,602,EM,-37639.277,-0.0005885,0.0,1.02,3990.1
SONGAP_D1_Z0_1_base,603,EM,-37639.277,-0.0002465,0.0,0.95,3991.1
SONGAP_D1_Z0_1_base,604,EM,-37639.277,0.0001169,0.0,0.93,3992.0
SONGAP_D1_Z0_1_base,605,EM,-37639.276,0.000482,0.0,0.83,3992.8
SONGAP_D1_Z0_1_base,606,EM,-37639.276,0.0008583,0.0,0.67,3993.5
SONGAP_D1_Z0_1_base,607,EM,-37639.274,0.0012363,0.0,0.76,3994.3
SONGAP_D1_Z0_1_base,608,EM,-37639.273,0.0016311,0.0,0.67,3994.9
SONGAP_D1_Z0_1_base,609,EM,-37639.271,0.0020184,1e-07,0.97,3995.9
SONGAP_D1_Z0_1_base,610,EM,-37639.268,0.0024122,1e-07,0.65,3996.5
SONGAP_D1_Z0_1_base,611,EM,-37639.265,0.0028094,1e-07,1.11,3997.7
SONGAP_D1_Z0_1_base,612,EM,-37639.262,0.0032036,1e-07,8.61,4006.3
SONGAP_D1_Z0_1_base,613,EM,-37639.259,0.0036029,1e-07,2.12,4008.4
SONGAP_D1_Z0_1_base,614,EM,-37639.255,0.0039991,1e-07,0.9,4009.3
SONGAP_D1_Z0_1_base,615,EM,-37639.25,0.004403,1e-07,1.41,4010.7
SONGAP_D1_Z0_1_base,616,EM,-37639.245,0.0047954,1e-07,1.13,4011.8
SONGAP_D1_Z0_1_base,617,EM,-37639.24,0.005187,1e-07,0.98,4012.8
SONGAP_D1_Z0_1_base,618,EM,-37639.235,0.0055753,1e-07,1.41,4014.2
SONGAP_D1_Z0_1_base,619,EM,-37639.229,0.0059573,2e-07,0.76,4015.0
SONGAP_D1_Z0_1_base,620,EM,-37639.222,0.0063429,2e-07,1.41,4016.4
SONGAP_D1_Z0_1_base,621,EM,-37639.216,0.0067104,2e-07,10.6,4027.0
SONGAP_D1_Z0_1_base,622,EM,-37639.209,0.0070848,2e-07,4.24,4031.2
SONGAP_D1_Z0_1_base,623,EM,-37639.201,0.0074488,2e-07,1.1,4032.3
SONGAP_D1_Z0_1_base,624,EM,-37639.193,0.0077959,2e-07,1.86,4034.2
SONGAP_D1_Z0_1_base,625,EM,-37639.185,0.0081523,2e-07,1.34,4035.5
SONGAP_D1_Z0_1_base,626,EM,-37639.177,0.0084883,2e-07,1.23,4036.8
SONGAP_D1_Z0_1_base,627,EM,-37639.168,0.0088324,2e-07,1.38,4038.1
SONGAP_D1_Z0_1_base,628,EM,-37639.159,0.0091558,2e-07,76.7,4114.8
SONGAP_D1_Z0_1_base,629,EM,-37639.149,0.0094782,3e-07,0.8,4115.6
SONGAP_D1_Z0_1_base,630,EM,-37639.14,0.0097843,3e-07,1.52,4117.2
SONGAP_D1_Z0_1_base,631,EM,-37639.129,0.0100838,3e-07,9.98,4127.1
SONGAP_D1_Z0_1_base,632,EM,-37639.119,0.0103819,3e-07,1.58,4128.7
SONGAP_D1_Z0_1_base,633,EM,-37639.108,0.0106637,3e-07,1.28,4130.0
SONGAP_D1_Z0_1_base,634,EM,-37639.097,0.0109341,3e-07,1.32,4131.3
SONGAP_D1_Z0_1_base,635,EM,-37639.086,0.0112271,3e-07,1.23,4132.5
SONGAP_D1_Z0_1_base,636,EM,-37639.075,0.0114756,3e-07,1.12,4133.7
SONGAP_D1_Z0_1_base,637,EM,-37639.063,0.0117257,3e-07,1.02,4134.7
SONGAP_D1_Z0_1_base,638,EM,-37639.051,0.0119663,3e-07,0.9,4135.6
SONGAP_D1_Z0_1_base,639,EM,-37639.039,0.0122043,3e-07,1.3,4136.9
SONGAP_D1_Z0_1_base,640,EM,-37639.026,0.012421,3e-07,9.85,4146.7
SONGAP_D1_Z0_1_base,641,EM,-37639.014,0.0126374,3e-07,3.39,4150.1
SONGAP_D1_Z0_1_base,642,EM,-37639.001,0.0128502,3e-07,1.16,4151.3
SONGAP_D1_Z0_1_base,643,EM,-37638.988,0.0130475,3e-07,1.17,4152.4
SONGAP_D1_Z0_1_base,644,EM,-37638.975,0.013243,4e-07,0.95,4153.4
SONGAP_D1_Z0_1_base,645,EM,-37638.961,0.0134242,4e-07,1.45,4154.8
SONGAP_D1_Z0_1_base,646,EM,-37638.948,0.0136004,4e-07,1.84,4156.7
SONGAP_D1_Z0_1_base,647,EM,-37638.934,0.0137655,4e-07,10.3,4167.0
SONGAP_D1_Z0_1_base,648,EM,-37638.92,0.0139282,4e-07,2.38,4169.4
SONGAP_D1_Z0_1_base,649,EM,-37638.906,0.0140831,4e-07,1.25,4170.6
SONGAP_D1_Z0_1_base,650,EM,-37638.892,0.0142283,4e-07,1.96,4172.6
SONGAP_D1_Z0_1_base,651,EM,-37638.877,0.0143584,4e-07,10.55,4183.1
SONGAP_D1_Z0_1_base,652,EM,-37638.863,0.0145001,4e-07,13.05,4196.2
SONGAP_D1_Z0_1_base,653,EM,-37638.848,0.0146332,4e-07,5.61,4201.8
SONGAP_D1_Z0_1_base,654,EM,-37638.833,0.0147394,4e-07,15.83,4217.6
SONGAP_D1_Z0_1_base,655,EM,-37638.819,0.0148527,4e-07,12.55,4230.2
SONGAP_D1_Z0_1_base,656,EM,-37638.804,0.0149677,4e-07,4.98,4235.1
SONGAP_D1_Z0_1_base,657,EM,-37638.788,0.0150709,4e-07,1.27,4236.4
SONGAP_D1_Z0_1_base,658,EM,-37638.773,0.0151679,4e-07,1.08,4237.5
SONGAP_D1_Z0_1_base,659,EM,-37638.758,0.0152543,4e-07,1.38,4238.9
SONGAP_D1_Z0_1_base,660,EM,-37638.743,0.0153483,4e-07,2.29,4241.2
SONGAP_D1_Z0_1_base,661,EM,-37638.727,0.0154202,4e-07,12.73,4253.9
SONGAP_D1_Z0_1_base,662,EM,-37638.712,0.0155013,4e-07,2.13,4256.0
SONGAP_D1_Z0_1_base,663,EM,-37638.696,0.0155609,4e-07,1.17,4257.2
SONGAP_D1_Z0_1_base,664,EM,-37638.681,0.0156336,4e-07,1.59,4258.8
SONGAP_D1_Z0_1_base,665,EM,-37638.665,0.0156979,4e-07,10.73,4269.5
SONGAP_D1_Z0_1_base,666,EM,-37638.649,0.0157556,4e-07,4.54,4274.0
SONGAP_D1_Z0_1_base,667,EM,-37638.633,0.0158025,4e-07,10.04,4284.1
SONGAP_D1_Z0_1_base,668,EM,-37638.617,0.0158653,4e-07,3.13,4287.2
SONGAP_D1_Z0_1_base,669,EM,-37638.602,0.0159098,4e-07,1.12,4288.3
SONGAP_D1_Z0_1_base,670,EM,-37638.586,0.0159581,4e-07,1.98,4290.3
SONGAP_D1_Z0_1_base,671,EM,-37638.57,0.015989,4e-07,9.05,4299.4
SONGAP_D1_Z0_1_base,672,EM,-37638.554,0.016039,4e-07,9.48,4308.8
SONGAP_D1_Z0_1_base,673,EM,-37638.538,0.0160666,4e-07,2.43,4311.3
SONGAP_D1_Z0_1_base,674,EM,-37638.521,0.0161001,4e-07,11.26,4322.5
SONGAP_D1_Z0_1_base,675,EM,-37638.505,0.0161303,4e-07,10.42,4332.9
SONGAP_D1_Z0_1_base,676,EM,-37638.489,0.0161635,4e-07,2.09,4335.0
SONGAP_D1_Z0_1_base,677,EM,-37638.473,0.0161709,4e-07,1.03,4336.1
SONGAP_D1_Z0_1_base,678,QN,-37637.921,0.5518021,1.47e-05,162.15,4498.2
SONGAP_D1_Z0_1_base,679,EM,-37637.956,-0.0353339,-9e-07,78.72,4576.9
SONGAP_D1_Z0_1_base,680,EM,-37638.005,-0.0489538,-1.3e-06,13.32,4590.2
SONGAP_D1_Z0_1_base,681,EM,-37638.05,-0.0448799,-1.2e-06,4.73,4595.0
SONGAP_D1_Z0_1_base,682,EM,-37638.09,-0.0391852,-1e-06,1.46,4596.4
SONGAP_D1_Z0_1_base,683,EM,-37638.123,-0.0334198,-9e-07,2.06,4598.5
SONGAP_D1_Z0_1_base,684,EM,-37638.151,-0.0280004,-7e-07,11.57,4610.1
SONGAP_D1_Z0_1_base,685,EM,-37638.174,-0.0230212,-6e-07,2.29,4612.4
SONGAP_D1_Z0_1_base,686,EM,-37638.192,-0.018477,-5e-07,1.59,4613.9
SONGAP_D1_Z0_1_base,687,EM,-37638.207,-0.0143392,-4e-07,1.3,4615.2
SONGAP_D1_Z0_1_base,688,EM,-37638.217,-0.0105493,-3e-07,1.8,4617.1
SONGAP_D1_Z0_1_base,689,EM,-37638.224,-0.0070723,-2e-07,10.87,4627.9
SONGAP_D1_Z0_1_base,690,EM,-37638.228,-0.003885,-1e-07,2.01,4629.9
SONGAP_D1_Z0_1_base,691,EM,-37638.229,-0.000907,0.0,1.34,4631.3
SONGAP_D1_Z0_1_base,692,EM,-37638.227,0.0018209,0.0,10.45,4641.7
SONGAP_D1_Z0_1_base,693,EM,-37638.223,0.0043574,1e-07,12.28,4654.0
SONGAP_D1_Z0_1_base,694,EM,-37638.216,0.0067195,2e-07,11.15,4665.1
SONGAP_D1_Z0_1_base,695,EM,-37638.207,0.00892,2e-07,4.87,4670.0
SONGAP_D1_Z0_1_base,696,EM,-37638.196,0.0109589,3e-07,12.51,4682.5
SONGAP_D1_Z0_1_base,697,EM,-37638.184,0.0128543,3e-07,5.2,4687.7
SONGAP_D1_Z0_1_base,698,EM,-37638.169,0.014609,4e-07,2.28,4690.0
SONGAP_D1_Z0_1_base,699,EM,-37638.153,0.0162347,4e-07,13.54,4703.5
SONGAP_D1_Z0_1_base,700,EM,-37638.135,0.0177297,5e-07,15.11,4718.6
SONGAP_D1_Z0_1_base,701,EM,-37638.116,0.0191044,5e-07,10.91,4729.6
SONGAP_D1_Z0_1_base,702,EM,-37638.096,0.0203659,5e-07,11.11,4740.7
SONGAP_D1_Z0_1_base,703,EM,-37638.074,0.0215088,6e-07,3.44,4744.1
SONGAP_D1_Z0_1_base,704,EM,-37638.051,0.022562,6e-07,2.3,4746.4
SONGAP_D1_Z0_1_base,705,EM,-37638.028,0.0234748,6e-07,10.02,4756.4
SONGAP_D1_Z0_1_base,706,EM,-37638.004,0.024315,6e-07,3.84,4760.3
SONGAP_D1_Z0_1_base,707,EM,-37637.979,0.0250594,7e-07,1.51,4761.8
SONGAP_D1_Z0_1_base,708,EM,-37637.953,0.0257078,7e-07,1.24,4763.0
SONGAP_D1_Z0_1_base,709,EM,-37637.927,0.0262784,7e-07,1.66,4764.7
SONGAP_D1_Z0_1_base,710,EM,-37637.9,0.0267631,7e-07,10.98,4775.6
SONGAP_D1_Z0_1_base,711,EM,-37637.873,0.0271717,7e-07,4.12,4779.8
SONGAP_D1_Z0_1_base,712,EM,-37637.845,0.0275207,7e-07,10.72,4790.5
SONGAP_D1_Z0_1_base,713,EM,-37637.817,0.0277945,7e-07,1.93,4792.4
SONGAP_D1_Z0_1_base,714,EM,-37637.789,0.0280039,7e-07,2.26,4794.7
SONGAP_D1_Z0_1_base,715,EM,-37637.761,0.0281611,7e-07,12.55,4807.2
SONGAP_D1_Z0_1_base,716,EM,-37637.733,0.0282589,8e-07,6.93,4814.2
SONGAP_D1_Z0_1_base,717,EM,-37637.705,0.0283151,8e-07,14.1,4828.3
SONGAP_D1_Z0_1_base,718,EM,-37637.676,0.0283171,8e-07,3.13,4831.4
SONGAP_D1_Z0_1_base,719,EM,-37637.648,0.0282833,8e-07,2.05,4833.5
SONGAP_D1_Z0_1_base,720,EM,-37637.62,0.0282014,7e-07,3.27,4836.7
SONGAP_D1_Z0_1_base,721,EM,-37637.592,0.0280946,7e-07,14.29,4851.0
SONGAP_D1_Z0_1_base,722,EM,-37637.564,0.0279501,7e-07,14.56,4865.6
SONGAP_D1_Z0_1_base,723,EM,-37637.536,0.0277777,7e-07,2.08,4867.7
SONGAP_D1_Z0_1_base,724,EM,-37637.508,0.0275771,7e-07,1.69,4869.3
SONGAP_D1_Z0_1_base,725,EM,-37637.481,0.0273515,7e-07,1.22,4870.6
SONGAP_D1_Z0_1_base,726,EM,-37637.454,0.0271109,7e-07,2.09,4872.6
SONGAP_D1_Z0_1_base,727,EM,-37637.427,0.0268488,7e-07,11.82,4884.5
SONGAP_D1_Z0_1_base,728,EM,-37637.401,0.0265752,7e-07,2.85,4887.3
SONGAP_D1_Z0_1_base,729,EM,-37637.374,0.0262751,7e-07,9.55,4896.9
SONGAP_D1_Z0_1_base,730,EM,-37637.348,0.0259699,7e-07,1.8,4898.7
SONGAP_D1_Z0_1_base,731,EM,-37637.323,0.0256519,7e-07,1.06,4899.7
SONGAP_D1_Z0_1_base,732,EM,-37637.297,0.0253348,7e-07,59.66,4959.4
SONGAP_D1_Z0_1_base,733,EM,-37637.272,0.0250051,7e-07,15.88,4975.3
SONGAP_D1_Z0_1_base,734,EM,-37637.248,0.0246652,7e-07,3.23,4978.5
SONGAP_D1_Z0_1_base,735,EM,-37637.223,0.0243224,6e-07,2.71,4981.2
SONGAP_D1_Z0_1_base,736,EM,-37637.199,0.0239819,6e-07,16.73,4997.9
SONGAP_D1_Z0_1_base,737,EM,-37637.176,0.0236364,6e-07,16.87,5014.8
SONGAP_D1_Z0_1_base,738,EM,-37637.152,0.0232926,6e-07,3.03,5017.8
SONGAP_D1_Z0_1_base,739,EM,-37637.129,0.0229313,6e-07,13.5,5031.3
SONGAP_D1_Z0_1_base,740,EM,-37637.107,0.0225998,6e-07,12.86,5044.2
SONGAP_D1_Z0_1_base,741,EM,-37637.085,0.0222505,6e-07,3.26,5047.5
SONGAP_D1_Z0_1_base,742,EM,-37637.063,0.0219147,6e-07,14.37,5061.8
SONGAP_D1_Z0_1_base,743,EM,-37637.041,0.0215748,6e-07,3.57,5065.4
SONGAP_D1_Z0_1_base,744,EM,-37637.02,0.0212402,6e-07,1.98,5067.4
SONGAP_D1_Z0_1_base,745,EM,-37636.999,0.0209143,6e-07,13.76,5081.1
SONGAP_D1_Z0_1_base,746,EM,-37636.978,0.0205887,5e-07,2.18,5083.3
SONGAP_D1_Z0_1_base,747,EM,-37636.958,0.0202694,5e-07,2.28,5085.6
SONGAP_D1_Z0_1_base,748,EM,-37636.938,0.0199497,5e-07,12.88,5098.5
SONGAP_D1_Z0_1_base,749,EM,-37636.919,0.0196456,5e-07,1.84,5100.3
SONGAP_D1_Z0_1_base,750,EM,-37636.899,0.019331,5e-07,1.61,5101.9
SONGAP_D1_Z0_1_base,751,EM,-37636.88,0.0190541,5e-07,0.88,5102.8
SONGAP_D1_Z0_1_base,752,EM,-37636.861,0.0187531,5e-07,1.78,5104.6
SONGAP_D1_Z0_1_base,753,EM,-37636.843,0.0184728,5e-07,11.08,5115.6
SONGAP_D1_Z0_1_base,754,EM,-37636.825,0.0181963,5e-07,10.96,5126.6
SONGAP_D1_Z0_1_base,755,EM,-37636.807,0.0179181,5e-07,10.57,5137.2
SONGAP_D1_Z0_1_base,756,EM,-37636.789,0.0176658,5e-07,11.18,5148.4
SONGAP_D1_Z0_1_base,757,EM,-37636.772,0.0174106,5e-07,11.31,5159.7
SONGAP_D1_Z0_1_base,758,EM,-37636.755,0.0171614,5e-07,2.61,5162.3
SONGAP_D1_Z0_1_base,759,EM,-37636.738,0.0169192,4e-07,13.82,5176.1
SONGAP_D1_Z0_1_base,760,EM,-37636.721,0.0166886,4e-07,14.89,5191.0
SONGAP_D1_Z0_1_base,761,EM,-37636.704,0.016457,4e-07,13.1,5204.1
SONGAP_D1_Z0_1_base,762,EM,-37636.688,0.0162387,4e-07,2.94,5207.0
SONGAP_D1_Z0_1_base,763,EM,-37636.672,0.0160229,4e-07,14.09,5221.1
SONGAP_D1_Z0_1_base,764,EM,-37636.656,0.0158173,4e-07,4.52,5225.6
SONGAP_D1_Z0_1_base,765,EM,-37636.641,0.0156141,4e-07,15.23,5240.9
SONGAP_D1_Z0_1_base,766,EM,-37636.625,0.015418,4e-07,3.2,5244.1
SONGAP_D1_Z0_1_base,767,EM,-37636.61,0.0152315,4e-07,13.43,5257.5
SONGAP_D1_Z0_1_base,768,EM,-37636.595,0.0150453,4e-07,16.21,5273.7
SONGAP_D1_Z0_1_base,769,EM,-37636.58,0.0148722,4e-07,12.16,5285.9
SONGAP_D1_Z0_1_base,770,EM,-37636.566,0.0147052,4e-07,14.29,5300.1
SONGAP_D1_Z0_1_base,771,EM,-37636.551,0.0145358,4e-07,1.71,5301.9
SONGAP_D1_Z0_1_base,772,EM,-37636.537,0.0143814,4e-07,1.81,5303.7
SONGAP_D1_Z0_1_base,773,EM,-37636.522,0.0142206,4e-07,12.82,5316.5
SONGAP_D1_Z0_1_base,774,EM,-37636.508,0.0140818,4e-07,10.26,5326.8
SONGAP_D1_Z0_1_base,775,EM,-37636.494,0.0139317,4e-07,4.89,5331.6
SONGAP_D1_Z0_1_base,776,EM,-37636.481,0.013794,4e-07,12.62,5344.3
SONGAP_D1_Z0_1_base,777,EM,-37636.467,0.0136598,4e-07,3.23,5347.5
SONGAP_D1_Z0_1_base,778,EM,-37636.453,0.0135292,4e-07,14.06,5361.6
SONGAP_D1_Z0_1_base,779,EM,-37636.44,0.0133885,4e-07,15.38,5376.9
SONGAP_D1_Z0_1_base,780,EM,-37636.427,0.0132849,4e-07,11.7,5388.6
SONGAP_D1_Z0_1_base,781,EM,-37636.414,0.0131573,3e-07,2.8,5391.4
SONGAP_D1_Z0_1_base,782,EM,-37636.401,0.0130407,3e-07,2.62,5394.1
SONGAP_D1_Z0_1_base,783,EM,-37636.388,0.0129371,3e-07,71.1,5465.2
SONGAP_D1_Z0_1_base,784,EM,-37636.375,0.0128177,3e-07,9.94,5475.1
SONGAP_D1_Z0_1_base,785,EM,-37636.362,0.0127109,3e-07,1.74,5476.8
SONGAP_D1_Z0_1_base,786,EM,-37636.349,0.0126099,3e-07,1.68,5478.5
SONGAP_D1_Z0_1_base,787,EM,-37636.337,0.0125219,3e-07,9.53,5488.0
SONGAP_D1_Z0_1_base,788,EM,-37636.324,0.0124189,3e-07,10.36,5498.4
SONGAP_D1_Z0_1_base,789,EM,-37636.312,0.0123212,3e-07,1.91,5500.3
SONGAP_D1_Z0_1_base,790,EM,-37636.3,0.012224,3e-07,2.13,5502.4
SONGAP_D1_Z0_1_base,791,EM,-37636.288,0.0121381,3e-07,1.86,5504.3
SONGAP_D1_Z0_1_base,792,EM,-37636.276,0.0120488,3e-07,14.7,5519.0
SONGAP_D1_Z0_1_base,793,EM,-37636.264,0.0119655,3e-07,10.97,5530.0
SONGAP_D1_Z0_1_base,794,EM,-37636.252,0.0118765,3e-07,9.71,5539.7
SONGAP_D1_Z0_1_base,795,EM,-37636.24,0.0117906,3e-07,4.6,5544.3
SONGAP_D1_Z0_1_base,796,EM,-37636.228,0.0117086,3e-07,10.95,5555.2
SONGAP_D1_Z0_1_base,797,EM,-37636.217,0.011623,3e-07,9.53,5564.8
SONGAP_D1_Z0_1_base,798,EM,-37636.205,0.0115439,3e-07,10.33,5575.1
SONGAP_D1_Z0_1_base,799,EM,-37636.194,0.0114608,3e-07,2.76,5577.9
SONGAP_D1_Z0_1_base,800,EM,-37636.182,0.0113836,3e-07,9.58,5587.4
SONGAP_D1_Z0_1_base,801,EM,-37636.171,0.0113009,3e-07,4.05,5591.5
SONGAP_D1_Z0_1_base,802,EM,-37636.16,0.0112242,3e-07,9.59,5601.1
SONGAP_D1_Z0_1_base,803,EM,-37636.149,0.0111444,3e-07,2.73,5603.8
SONGAP_D1_Z0_1_base,804,EM,-37636.138,0.0110692,3e-07,2.66,5606.5
SONGAP_D1_Z0_1_base,805,EM,-37636.127,0.0109835,3e-07,12.89,5619.4
SONGAP_D1_Z0_1_base,806,EM,-37636.116,0.0109118,3e-07,11.76,5631.1
SONGAP_D1_Z0_1_base,807,EM,-37636.105,0.0108283,3e-07,2.16,5633.3
SONGAP_D1_Z0_1_base,808,EM,-37636.094,0.0107488,3e-07,1.41,5634.7
SONGAP_D1_Z0_1_base,809,EM,-37636.084,0.0106699,3e-07,1.12,5635.8
SONGAP_D1_Z0_1_base,810,EM,-37636.073,0.0105904,3e-07,1.59,5637.4
SONGAP_D1_Z0_1_base,811,EM,-37636.062,0.0105106,3e-07,10.91,5648.3
SONGAP_D1_Z0_1_base,812,EM,-37636.052,0.0104138,3e-07,9.95,5658.3
SONGAP_D1_Z0_1_base,813,EM,-37636.042,0.0103564,3e-07,9.69,5668.0
SONGAP_D1_Z0_1_base,814,EM,-37636.031,0.0102654,3e-07,2.01,5670.0
SONGAP_D1_Z0_1_base,815,EM,-37636.021,0.0101782,3e-07,0.93,5670.9
SONGAP_D1_Z0_1_base,816,EM,-37636.011,0.0100906,3e-07,2.07,5673.0
SONGAP_D1_Z0_1_base,817,EM,-37636.001,0.0100067,3e-07,11.88,5684.8
SONGAP_D1_Z0_1_base,818,EM,-37635.991,0.0099119,3e-07,9.17,5694.0
SONGAP_D1_Z0_1_base,819,EM,-37635.981,0.009826,3e-07,10.63,5704.6
SONGAP_D1_Z0_1_base,820,EM,-37635.972,0.0097352,3e-07,11.34,5716.0
SONGAP_D1_Z0_1_base,821,EM,-37635.962,0.0096467,3e-07,2.57,5718.6
SONGAP_D1_Z0_1_base,822,EM,-37635.952,0.0095482,3e-07,11.05,5729.6
SONGAP_D1_Z0_1_base,823,EM,-37635.943,0.0094562,3e-07,3.66,5733.3
SONGAP_D1_Z0_1_base,824,EM,-37635.934,0.0093599,2e-07,12.54,5745.8
SONGAP_D1_Z0_1_base,825,EM,-37635.924,0.0092644,2e-07,1.99,5747.8
SONGAP_D1_Z0_1_base,826,EM,-37635.915,0.0091607,2e-07,2.13,5749.9
SONGAP_D1_Z0_1_base,827,EM,-37635.906,0.0090627,2e-07,2.92,5752.8
SONGAP_D1_Z0_1_base,828,EM,-37635.897,0.0089587,2e-07,14.63,5767.5
SONGAP_D1_Z0_1_base,829,EM,-37635.888,0.0088525,2e-07,3.38,5770.8
SONGAP_D1_Z0_1_base,830,EM,-37635.88,0.0087443,2e-07,9.86,5780.7
SONGAP_D1_Z0_1_base,831,EM,-37635.871,0.0086356,2e-07,12.93,5793.6
SONGAP_D1_Z0_1_base,832,EM,-37635.862,0.0085222,2e-07,2.96,5796.6
SONGAP_D1_Z0_1_base,833,EM,-37635.854,0.0084108,2e-07,8.48,5805.1
SONGAP_D1_Z0_1_base,834,EM,-37635.846,0.0082958,2e-07,72.44,5877.5
SONGAP_D1_Z0_1_base,835,QN,-37635.034,0.8112437,2.16e-05,260.44,6138.0
SONGAP_D1_Z0_1_base,836,EM,-37635.127,-0.092243,-2.5e-06,4.54,6142.5
SONGAP_D1_Z0_1_base,837,EM,-37635.223,-0.0963063,-2.6e-06,12.88,6155.4
SONGAP_D1_Z0_1_base,838,EM,-37635.316,-0.0928132,-2.5e-06,15.06,6170.4
SONGAP_D1_Z0_1_base,839,EM,-37635.402,-0.0862792,-2.3e-06,17.77,6188.2
SONGAP_D1_Z0_1_base,840,EM,-37635.481,-0.0785314,-2.1e-06,15.9,6204.1
SONGAP_D1_Z0_1_base,841,EM,-37635.551,-0.0708196,-1.9e-06,2.27,6206.4
SONGAP_D1_Z0_1_base,842,EM,-37635.615,-0.0636943,-1.7e-06,2.13,6208.5
SONGAP_D1_Z0_1_base,843,EM,-37635.672,-0.0572605,-1.5e-06,12.01,6220.5
SONGAP_D1_Z0_1_base,844,EM,-37635.724,-0.0514997,-1.4e-06,2.67,6223.2
SONGAP_D1_Z0_1_base,845,EM,-37635.77,-0.0463164,-1.2e-06,7.74,6230.9
SONGAP_D1_Z0_1_base,846,EM,-37635.812,-0.041614,-1.1e-06,1.89,6232.8
SONGAP_D1_Z0_1_base,847,QN,-37635.753,0.0587179,1.6e-06,249.78,6482.6
SONGAP_D1_Z0_1_base,848,EM,-37635.799,-0.0455503,-1.2e-06,2.1,6484.7
SONGAP_D1_Z0_1_base,849,EM,-37635.833,-0.0347566,-9e-07,11.52,6496.2
SONGAP_D1_Z0_1_base,850,EM,-37635.863,-0.0293575,-8e-07,10.89,6507.1
SONGAP_D1_Z0_1_base,851,EM,-37635.888,-0.0255604,-7e-07,383.47,6890.6
SONGAP_D1_Z0_1_base,852,EM,-37635.911,-0.0224877,-6e-07,5.65,6896.2
SONGAP_D1_Z0_1_base,853,EM,-37635.931,-0.0198234,-5e-07,3.09,6899.3
SONGAP_D1_Z0_1_base,854,EM,-37635.948,-0.0174321,-5e-07,17.2,6916.5
SONGAP_D1_Z0_1_base,855,EM,-37635.963,-0.0152197,-4e-07,2.38,6918.9
SONGAP_D1_Z0_1_base,856,EM,-37635.976,-0.0131319,-3e-07,1.86,6920.7
SONGAP_D1_Z0_1_base,857,EM,-37635.988,-0.0111749,-3e-07,1.99,6922.7
SONGAP_D1_Z0_1_base,858,EM,-37635.997,-0.0093336,-2e-07,25.55,6948.3
SONGAP_D1_Z0_1_base,859,EM,-37636.005,-0.0075908,-2e-07,3.69,6952.0
SONGAP_D1_Z0_1_base,860,EM,-37636.011,-0.0059557,-2e-07,5.1,6957.1
SONGAP_D1_Z0_1_base,861,EM,-37636.015,-0.0044136,-1e-07,40.96,6998.0
SONGAP_D1_Z0_1_base,862,EM,-37636.018,-0.0029788,-1e-07,161.0,7159.0
SONGAP_D1_Z0_1_base,863,EM,-37636.02,-0.0016496,0.0,74.62,7233.6
SONGAP_D1_Z0_1_base,864,EM,-37636.02,-0.0004139,0.0,51.12,7284.8
SONGAP_D1_Z0_1_base,865,EM,-37636.019,0.0007187,0.0,9.04,7293.8
SONGAP_D1_Z0_1_base,866,EM,-37636.017,0.0017498,0.0,6.3,7300.1
SONGAP_D1_Z0_1_base,867,EM,-37636.015,0.0026844,1e-07,6.15,7306.2
SONGAP_D1_Z0_1_base,868,EM,-37636.011,0.0035208,1e-07,48.09,7354.3
SONGAP_D1_Z0_1_base,869,EM,-37636.007,0.0042658,1e-07,7.97,7362.3
SONGAP_D1_Z0_1_base,870,EM,-37636.002,0.0049132,1e-07,20.91,7383.2
SONGAP_D1_Z0_1_base,871,EM,-37635.997,0.0054747,1e-07,28.29,7411.5
SONGAP_D1_Z0_1_base,872,EM,-37635.991,0.00595,2e-07,30.29,7441.8
SONGAP_D1_Z0_1_base,873,EM,-37635.984,0.0063384,2e-07,5.04,7446.8
SONGAP_D1_Z0_1_base,874,EM,-37635.978,0.0066552,2e-07,4.7,7451.5
SONGAP_D1_Z0_1_base,875,EM,-37635.971,0.0068892,2e-07,28.64,7480.2
SONGAP_D1_Z0_1_base,876,EM,-37635.964,0.0070455,2e-07,6.43,7486.6
SONGAP_D1_Z0_1_base,877,EM,-37635.957,0.0071372,2e-07,24.56,7511.2
SONGAP_D1_Z0_1_base,878,EM,-37635.949,0.0071583,2e-07,4.62,7515.8
SONGAP_D1_Z0_1_base,879,EM,-37635.942,0.0071159,2e-07,4.15,7519.9
SONGAP_D1_Z0_1_base,880,EM,-37635.935,0.0070173,2e-07,24.67,7544.6
SONGAP_D1_Z0_1_base,881,EM,-37635.928,0.006858,2e-07,4.75,7549.3
SONGAP_D1_Z0_1_base,882,EM,-37635.922,0.006644,2e-07,2.95,7552.3
SONGAP_D1_Z0_1_base,883,EM,-37635.915,0.0063911,2e-07,4.14,7556.4
SONGAP_D1_Z0_1_base,884,EM,-37635.909,0.006062,2e-07,28.66,7585.1
SONGAP_D1_Z0_1_base,885,EM,-37635.904,0.0057156,2e-07,20.26,7605.4
SONGAP_D1_Z0_1_base,886,EM,-37635.898,0.0053201,1e-07,20.03,7625.4
SONGAP_D1_Z0_1_base,887,EM,-37635.893,0.0048729,1e-07,5.16,7630.5
SONGAP_D1_Z0_1_base,888,EM,-37635.889,0.0044195,1e-07,23.83,7654.4
SONGAP_D1_Z0_1_base,889,EM,-37635.885,0.0039094,1e-07,150.73,7805.1
SONGAP_D1_Z0_1_base,890,EM,-37635.882,0.0033788,1e-07,25.17,7830.3
SONGAP_D1_Z0_1_base,891,EM,-37635.879,0.0028165,1e-07,25.18,7855.5
SONGAP_D1_Z0_1_base,892,EM,-37635.877,0.0022284,1e-07,31.16,7886.6
SONGAP_D1_Z0_1_base,893,EM,-37635.875,0.0016193,0.0,4.38,7891.0
SONGAP_D1_Z0_1_base,894,EM,-37635.874,0.0009894,0.0,4.3,7895.3
SONGAP_D1_Z0_1_base,895,EM,-37635.874,0.0003475,0.0,26.38,7921.7
SONGAP_D1_Z0_1_base,896,EM,-37635.874,-0.0003273,0.0,4.51,7926.2
SONGAP_D1_Z0_1_base,897,EM,-37635.875,-0.0009837,0.0,4.42,7930.6
SONGAP_D1_Z0_1_base,898,EM,-37635.877,-0.0016845,0.0,5.01,7935.6
SONGAP_D1_Z0_1_base,899,EM,-37635.879,-0.0023846,-1e-07,25.45,7961.1
SONGAP_D1_Z0_1_base,900,EM,-37635.882,-0.003098,-1e-07,5.72,7966.8
SONGAP_D1_Z0_1_base,901,EM,-37635.886,-0.0038061,-1e-07,25.46,7992.2
SONGAP_D1_Z0_1_base,902,EM,-37635.891,-0.0045289,-1e-07,5.7,7998.0
SONGAP_D1_Z0_1_base,903,EM,-37635.896,-0.0052546,-1e-07,28.14,8026.1
SONGAP_D1_Z0_1_base,904,EM,-37635.902,-0.0059854,-2e-07,6.99,8033.1
SONGAP_D1_Z0_1_base,905,EM,-37635.909,-0.0067138,-2e-07,1866.65,9899.7
SONGAP_D1_Z0_1_base,906,EM,-37635.916,-0.0074441,-2e-07,16.68,9916.4
SONGAP_D1_Z0_1_base,907,EM,-37635.924,-0.0081762,-2e-07,3.05,9919.5
SONGAP_D1_Z0_1_base,908,EM,-37635.933,-0.0089156,-2e-07,13.65,9933.1
SONGAP_D1_Z0_1_base,909,EM,-37635.943,-0.0096271,-3e-07,17.37,9950.5
SONGAP_D1_Z0_1_base,910,EM,-37635.953,-0.0103522,-3e-07,13.01,9963.5
SONGAP_D1_Z0_1_base,911,EM,-37635.964,-0.0110771,-3e-07,2.11,9965.6
SONGAP_D1_Z0_1_base,912,EM,-37635.976,-0.0117913,-3e-07,2.17,9967.8
SONGAP_D1_Z0_1_base,913,EM,-37635.988,-0.0125024,-3e-07,2.63,9970.4
SONGAP_D1_Z0_1_base,914,EM,-37636.002,-0.0132084,-4e-07,13.63,9984.0
SONGAP_D1_Z0_1_base,915,EM,-37636.016,-0.0139111,-4e-07,15.35,9999.4
SONGAP_D1_Z0_1_base,916,EM,-37636.03,-0.0146032,-4e-07,14.35,10013.7
SONGAP_D1_Z0_1_base,917,EM,-37636.045,-0.0152916,-4e-07,12.45,10026.2
SONGAP_D1_Z0_1_base,918,EM,-37636.061,-0.0159737,-4e-07,3.22,10029.4
SONGAP_D1_Z0_1_base,919,EM,-37636.078,-0.0166492,-4e-07,11.18,10040.6
SONGAP_D1_Z0_1_base,920,EM,-37636.095,-0.0173188,-5e-07,10.5,10051.1
SONGAP_D1_Z0_1_base,921,EM,-37636.113,-0.0179727,-5e-07,13.06,10064.1
SONGAP_D1_Z0_1_base,922,EM,-37636.132,-0.0186283,-5e-07,2.32,10066.5
SONGAP_D1_Z0_1_base,923,EM,-37636.151,-0.019272,-5e-07,2.33,10068.8
SONGAP_D1_Z0_1_base,924,EM,-37636.171,-0.0199134,-5e-07,12.45,10081.2
SONGAP_D1_Z0_1_base,925,EM,-37636.192,-0.0205371,-5e-07,3.04,10084.3
SONGAP_D1_Z0_1_base,926,EM,-37636.213,-0.0211675,-6e-07,12.77,10097.0
SONGAP_D1_Z0_1_base,927,EM,-37636.235,-0.0217851,-6e-07,3.05,10100.1
SONGAP_D1_Z0_1_base,928,EM,-37636.257,-0.0223928,-6e-07,13.85,10113.9
SONGAP_D1_Z0_1_base,929,EM,-37636.28,-0.0229888,-6e-07,14.93,10128.9
SONGAP_D1_Z0_1_base,930,EM,-37636.304,-0.0235945,-6e-07,15.01,10143.9
SONGAP_D1_Z0_1_base,931,EM,-37636.328,-0.0241825,-6e-07,14.66,10158.5
SONGAP_D1_Z0_1_base,932,EM,-37636.353,-0.024766,-7e-07,14.81,10173.3
SONGAP_D1_Z0_1_base,933,EM,-37636.378,-0.0253394,-7e-07,14.41,10187.8
SONGAP_D1_Z0_1_base,934,EM,-37636.404,-0.0259108,-7e-07,3.54,10191.3
SONGAP_D1_Z0_1_base,935,EM,-37636.43,-0.0264754,-7e-07,16.43,10207.7
SONGAP_D1_Z0_1_base,936,EM,-37636.457,-0.0270363,-7e-07,17.68,10225.4
SONGAP_D1_Z0_1_base,937,EM,-37636.485,-0.0275857,-7e-07,21.67,10247.1
SONGAP_D1_Z0_1_base,938,EM,-37636.513,-0.028134,-7e-07,18.31,10265.4
SONGAP_D1_Z0_1_base,939,EM,-37636.542,-0.0286788,-8e-07,4.4,10269.8
SONGAP_D1_Z0_1_base,940,EM,-37636.571,-0.0292167,-8e-07,88.98,10358.8
SONGAP_D1_Z0_1_base,941,EM,-37636.601,-0.0297509,-8e-07,4.16,10362.9
SONGAP_D1_Z0_1_base,942,EM,-37636.631,-0.0302762,-8e-07,17.74,10380.7
SONGAP_D1_Z0_1_base,943,EM,-37636.662,-0.0308008,-8e-07,4.03,10384.7
SONGAP_D1_Z0_1_base,944,EM,-37636.693,-0.0313227,-8e-07,3.99,10388.7
SONGAP_D1_Z0_1_base,945,EM,-37636.725,-0.0318373,-8e-07,18.22,10406.9
SONGAP_D1_Z0_1_base,946,EM,-37636.757,-0.0323501,-9e-07,3.61,10410.5
SONGAP_D1_Z0_1_base,947,EM,-37636.79,-0.0328626,-9e-07,3.27,10413.8
SONGAP_D1_Z0_1_base,948,EM,-37636.824,-0.0333633,-9e-07,19.19,10433.0
SONGAP_D1_Z0_1_base,949,EM,-37636.857,-0.0338673,-9e-07,18.38,10451.4
SONGAP_D1_Z0_1_base,950,EM,-37636.892,-0.034367,-9e-07,15.31,10466.7
SONGAP_D1_Z0_1_base,951,EM,-37636.927,-0.0348567,-9e-07,4.03,10470.7
SONGAP_D1_Z0_1_base,952,EM,-37636.962,-0.0353573,-9e-07,15.7,10486.4
SONGAP_D1_Z0_1_base,953,EM,-37636.998,-0.0358471,-1e-06,3.98,10490.4
SONGAP_D1_Z0_1_base,954,EM,-37637.034,-0.0363325,-1e-06,20.39,10510.8
SONGAP_D1_Z0_1_base,955,EM,-37637.071,-0.0368177,-1e-06,18.71,10529.5
SONGAP_D1_Z0_1_base,956,EM,-37637.108,-0.0373021,-1e-06,4.3,10533.8
SONGAP_D1_Z0_1_base,957,EM,-37637.146,-0.037781,-1e-06,16.83,10550.6
SONGAP_D1_Z0_1_base,958,EM,-37637.184,-0.0382554,-1e-06,3.9,10554.5
SONGAP_D1_Z0_1_base,959,EM,-37637.223,-0.0387355,-1e-06,17.87,10572.4
SONGAP_D1_Z0_1_base,960,EM,-37637.262,-0.0392092,-1e-06,4.76,10577.1
SONGAP_D1_Z0_1_base,961,EM,-37637.302,-0.0396727,-1.1e-06,23.45,10600.6
SONGAP_D1_Z0_1_base,962,EM,-37637.342,-0.0401447,-1.1e-06,20.92,10621.5
SONGAP_D1_Z0_1_base,963,EM,-37637.383,-0.0406082,-1.1e-06,4.25,10625.8
SONGAP_D1_Z0_1_base,964,EM,-37637.424,-0.0410708,-1.1e-06,2.86,10628.6
SONGAP_D1_Z0_1_base,965,EM,-37637.465,-0.0415336,-1.1e-06,20.75,10649.4
SONGAP_D1_Z0_1_base,966,EM,-37637.507,-0.0419968,-1.1e-06,18.0,10667.4
SONGAP_D1_Z0_1_base,967,EM,-37637.55,-0.0424422,-1.1e-06,16.12,10683.5
SONGAP_D1_Z0_1_base,968,EM,-37637.593,-0.0428939,-1.1e-06,3.55,10687.0
SONGAP_D1_Z0_1_base,969,EM,-37637.636,-0.0433414,-1.2e-06,3.32,10690.4
SONGAP_D1_Z0_1_base,970,EM,-37637.68,-0.0437857,-1.2e-06,17.32,10707.7
SONGAP_D1_Z0_1_base,971,EM,-37637.724,-0.0442272,-1.2e-06,15.56,10723.2
SONGAP_D1_Z0_1_base,972,EM,-37637.769,-0.0446662,-1.2e-06,3.14,10726.4
SONGAP_D1_Z0_1_base,973,EM,-37637.814,-0.0450959,-1.2e-06,3.78,10730.2
SONGAP_D1_Z0_1_base,974,EM,-37637.859,-0.0455265,-1.2e-06,22.68,10752.8
SONGAP_D1_Z0_1_base,975,EM,-37637.905,-0.0459489,-1.2e-06,23.16,10776.0
SONGAP_D1_Z0_1_base,976,EM,-37637.952,-0.0463704,-1.2e-06,23.52,10799.5
SONGAP_D1_Z0_1_base,977,EM,-37637.998,-0.0467839,-1.2e-06,20.13,10819.7
SONGAP_D1_Z0_1_base,978,EM,-37638.046,-0.0471941,-1.3e-06,4.36,10824.0
SONGAP_D1_Z0_1_base,979,EM,-37638.093,-0.0475954,-1.3e-06,18.08,10842.1
SONGAP_D1_Z0_1_base,980,EM,-37638.141,-0.0479982,-1.3e-06,3.44,10845.5
SONGAP_D1_Z0_1_base,981,EM,-37638.19,-0.0483798,-1.3e-06,2.65,10848.2
SONGAP_D1_Z0_1_base,982,EM,-37638.238,-0.0487668,-1.3e-06,2.95,10851.1
SONGAP_D1_Z0_1_base,983,EM,-37638.287,-0.0491398,-1.3e-06,17.63,10868.8
SONGAP_D1_Z0_1_base,984,EM,-37638.337,-0.0495037,-1.3e-06,18.31,10887.1
SONGAP_D1_Z0_1_base,985,EM,-37638.387,-0.0498573,-1.3e-06,16.17,10903.2
SONGAP_D1_Z0_1_base,986,EM,-37638.437,-0.0502189,-1.3e-06,15.08,10918.3
SONGAP_D1_Z0_1_base,987,EM,-37638.488,-0.0505527,-1.3e-06,17.32,10935.6
SONGAP_D1_Z0_1_base,988,EM,-37638.538,-0.0508835,-1.4e-06,17.75,10953.4
SONGAP_D1_Z0_1_base,989,EM,-37638.59,-0.0512011,-1.4e-06,4.68,10958.1
SONGAP_D1_Z0_1_base,990,EM,-37638.641,-0.0515127,-1.4e-06,21.29,10979.4
SONGAP_D1_Z0_1_base,991,EM,-37638.693,-0.0518069,-1.4e-06,109.75,11089.1
SONGAP_D1_Z0_1_base,992,EM,-37638.745,-0.0520969,-1.4e-06,15.98,11105.1
SONGAP_D1_Z0_1_base,993,EM,-37638.797,-0.0523605,-1.4e-06,16.65,11121.7
SONGAP_D1_Z0_1_base,994,EM,-37638.85,-0.0526108,-1.4e-06,16.77,11138.5
SONGAP_D1_Z0_1_base,995,EM,-37638.903,-0.0528689,-1.4e-06,18.09,11156.6
SONGAP_D1_Z0_1_base,996,EM,-37638.956,-0.0530814,-1.4e-06,20.34,11176.9
SONGAP_D1_Z0_1_base,997,EM,-37639.009,-0.0532973,-1.4e-06,17.5,11194.4
SONGAP_D1_Z0_1_base,998,EM,-37639.063,-0.0534918,-1.4e-06,16.29,11210.7
SONGAP_D1_Z0_1_base,999,EM,-37639.116,-0.0536635,-1.4e-06,22.68,11233.4
SONGAP_D1_Z0_1_base,1000,EM,-37639.17,-0.053825,-1.4e-06,4.08,11237.5
SONGAP_D1_Z0_1_base,1001,EM,-37639.224,-0.0539661,-1.4e-06,22.17,11259.7
SONGAP_D1_Z0_1_base,1002,EM,-37639.278,-0.054088,-1.4e-06,20.38,11280.0
SONGAP_D1_Z0_1_base,1003,EM,-37639.332,-0.0541827,-1.4e-06,18.88,11298.9
SONGAP_D1_Z0_1_base,1004,EM,-37639.387,-0.0542628,-1.4e-06,17.87,11316.8
SONGAP_D1_Z0_1_base,1005,EM,-37639.441,-0.0543227,-1.4e-06,18.08,11334.9
SONGAP_D1_Z0_1_base,1006,EM,-37639.495,-0.0543577,-1.4e-06,18.04,11352.9
SONGAP_D1_Z0_1_base,1007,EM,-37639.55,-0.0543651,-1.4e-06,22.57,11375.5
SONGAP_D1_Z0_1_base,1008,EM,-37639.604,-0.0543545,-1.4e-06,23.25,11398.7
SONGAP_D1_Z0_1_base,1009,QN,-37639.585,0.0196106,5e-07,61.06,11459.8
SONGAP_D1_Z0_1_base,1010,EM,-37639.617,-0.0323503,-9e-07,19.68,11479.5
SONGAP_D1_Z0_1_base,1011,EM,-37639.681,-0.0636749,-1.7e-06,21.88,11501.3
SONGAP_D1_Z0_1_base,1012,EM,-37639.752,-0.0718489,-1.9e-06,21.26,11522.6
SONGAP_D1_Z0_1_base,1013,EM,-37639.827,-0.0743477,-2e-06,25.51,11548.1
SONGAP_D1_Z0_1_base,1014,EM,-37639.902,-0.0748618,-2e-06,24.92,11573.0
SONGAP_D1_Z0_1_base,1015,EM,-37639.976,-0.0745793,-2e-06,18.5,11591.5
SONGAP_D1_Z0_1_base,1016,EM,-37640.05,-0.0739318,-2e-06,20.14,11611.6
SONGAP_D1_Z0_1_base,1017,EM,-37640.123,-0.0730734,-1.9e-06,17.52,11629.2
SONGAP_D1_Z0_1_base,1018,EM,-37640.195,-0.0720651,-1.9e-06,17.39,11646.6
SONGAP_D1_Z0_1_base,1019,EM,-37640.266,-0.0709453,-1.9e-06,19.62,11666.2
SONGAP_D1_Z0_1_base,1020,EM,-37640.336,-0.069736,-1.9e-06,18.98,11685.2
SONGAP_D1_Z0_1_base,1021,EM,-37640.404,-0.0684495,-1.8e-06,20.28,11705.4
SONGAP_D1_Z0_1_base,1022,EM,-37640.472,-0.0670979,-1.8e-06,6.96,11712.4
SONGAP_D1_Z0_1_base,1023,EM,-37640.537,-0.0656838,-1.7e-06,3.32,11715.7
SONGAP_D1_Z0_1_base,1024,EM,-37640.601,-0.0642292,-1.7e-06,16.98,11732.7
SONGAP_D1_Z0_1_repair_start,1,EM,-41226.399,0.0,0.0,0.72,0.7
SONGAP_D1_Z0_1_repair_start,2,EM,-37988.805,3237.5939848,0.0785321,51.41,52.1
SONGAP_D1_Z0_1_repair_start,3,EM,-37888.216,100.5893738,0.0026479,29.51,81.6
SONGAP_D1_Z0_1_repair_start,4,EM,-37842.36,45.8558115,0.0012103,2.81,84.4
SONGAP_D1_Z0_1_repair_start,5,EM,-37815.862,26.4979244,0.0007002,2.48,86.9
SONGAP_D1_Z0_1_repair_start,6,EM,-37798.963,16.8986194,0.0004469,2.09,89.0
SONGAP_D1_Z0_1_repair_start,7,EM,-37787.199,11.7639333,0.0003112,2.04,91.1
SONGAP_D1_Z0_1_repair_start,8,EM,-37778.306,8.8933895,0.0002354,1.58,92.6
SONGAP_D1_Z0_1_repair_start,9,EM,-37771.116,7.1899608,0.0001903,2.04,94.7
SONGAP_D1_Z0_1_repair_start,10,EM,-37765.025,6.091249,0.0001613,1.19,95.9
SONGAP_D1_Z0_1_repair_start,11,EM,-37759.712,5.3130922,0.0001407,1.62,97.5
SONGAP_D1_Z0_1_repair_start,12,EM,-37754.998,4.7136377,0.0001248,1.23,98.7
SONGAP_D1_Z0_1_repair_start,13,EM,-37750.776,4.2218604,0.0001118,1.94,100.7
SONGAP_D1_Z0_1_repair_start,14,EM,-37746.975,3.8013511,0.0001007,1.52,102.2
SONGAP_D1_Z0_1_repair_start,15,EM,-37743.542,3.4327489,9.09e-05,1.56,103.7
SONGAP_D1_Z0_1_repair_start,16,EM,-37740.437,3.1050494,8.23e-05,1.47,105.2
SONGAP_D1_Z0_1_repair_start,17,EM,-37737.625,2.8116363,7.45e-05,1.41,106.6
SONGAP_D1_Z0_1_repair_start,18,EM,-37735.077,2.5480357,6.75e-05,2.12,108.8
SONGAP_D1_Z0_1_repair_start,19,EM,-37732.766,2.3109168,6.12e-05,1.8,110.5
SONGAP_D1_Z0_1_repair_start,20,EM,-37730.669,2.0975829,5.56e-05,1.57,112.1
SONGAP_D1_Z0_1_repair_start,21,EM,-37728.763,1.9056263,5.05e-05,1.31,113.4
SONGAP_D1_Z0_1_repair_start,22,EM,-37727.03,1.7329493,4.59e-05,1.41,114.8
SONGAP_D1_Z0_1_repair_start,23,EM,-37725.453,1.5776188,4.18e-05,1.14,116.0
SONGAP_D1_Z0_1_repair_start,24,EM,-37724.015,1.4378351,3.81e-05,1.0,117.0
SONGAP_D1_Z0_1_repair_start,25,EM,-37722.703,1.3119953,3.48e-05,1.35,118.3
SONGAP_D1_Z0_1_repair_start,26,EM,-37721.504,1.1986266,3.18e-05,0.97,119.3
SONGAP_D1_Z0_1_repair_start,27,EM,-37720.408,1.0964179,2.91e-05,1.31,120.6
SONGAP_D1_Z0_1_repair_start,28,EM,-37719.404,1.00418,2.66e-05,1.01,121.6
SONGAP_D1_Z0_1_repair_start,29,EM,-37718.483,0.9208572,2.44e-05,1.78,123.4
SONGAP_D1_Z0_1_repair_start,30,EM,-37717.637,0.8455073,2.24e-05,1.7,125.1
SONGAP_D1_Z0_1_repair_start,31,EM,-37716.86,0.777284,2.06e-05,1.32,126.4
SONGAP_D1_Z0_1_repair_start,32,EM,-37716.144,0.7154502,1.9e-05,1.15,127.6
SONGAP_D1_Z0_1_repair_start,33,EM,-37715.485,0.6593351,1.75e-05,1.48,129.0
SONGAP_D1_Z0_1_repair_start,34,EM,-37714.877,0.6083558,1.61e-05,1.14,130.2
SONGAP_D1_Z0_1_repair_start,35,EM,-37714.315,0.5619867,1.49e-05,1.5,131.7
SONGAP_D1_Z0_1_repair_start,36,EM,-37713.795,0.5197557,1.38e-05,182.38,314.1
SONGAP_D1_Z0_1_repair_start,37,EM,-37713.314,0.4812661,1.28e-05,1.42,315.5
SONGAP_D1_Z0_1_repair_start,38,EM,-37712.868,0.4461374,1.18e-05,1.11,316.6
SONGAP_D1_Z0_1_repair_start,39,EM,-37712.454,0.4140377,1.1e-05,0.97,317.6
SONGAP_D1_Z0_1_repair_start,40,EM,-37712.069,0.3846806,1.02e-05,1.15,318.7
SONGAP_D1_Z0_1_repair_start,41,EM,-37711.711,0.3578029,9.5e-06,1.52,320.2
SONGAP_D1_Z0_1_repair_start,42,EM,-37711.378,0.3331735,8.8e-06,0.97,321.2
SONGAP_D1_Z0_1_repair_start,43,EM,-37711.067,0.3105786,8.2e-06,1.38,322.6
SONGAP_D1_Z0_1_repair_start,44,EM,-37710.778,0.2898326,7.7e-06,0.92,323.5
SONGAP_D1_Z0_1_repair_start,45,EM,-37710.507,0.270767,7.2e-06,1.13,324.6
SONGAP_D1_Z0_1_repair_start,46,EM,-37710.254,0.2532301,6.7e-06,1.14,325.8
SONGAP_D1_Z0_1_repair_start,47,EM,-37710.016,0.2370869,6.3e-06,1.66,327.4
SONGAP_D1_Z0_1_repair_start,48,EM,-37709.794,0.2222129,5.9e-06,1.66,329.1
SONGAP_D1_Z0_1_repair_start,49,EM,-37709.586,0.2084995,5.5e-06,1.56,330.6
SONGAP_D1_Z0_1_repair_start,50,EM,-37709.39,0.1958459,5.2e-06,0.99,331.6
SONGAP_D1_Z0_1_repair_start,51,EM,-37709.206,0.1841615,4.9e-06,1.01,332.6
SONGAP_D1_Z0_1_repair_start,52,EM,-37709.032,0.1733655,4.6e-06,1.45,334.1
SONGAP_D1_Z0_1_repair_start,53,EM,-37708.869,0.1633826,4.3e-06,1.12,335.2
SONGAP_D1_Z0_1_repair_start,54,EM,-37708.715,0.1541473,4.1e-06,1.26,336.5
SONGAP_D1_Z0_1_repair_start,55,EM,-37708.569,0.1455967,3.9e-06,0.89,337.4
SONGAP_D1_Z0_1_repair_start,56,EM,-37708.432,0.1376777,3.7e-06,1.36,338.7
SONGAP_D1_Z0_1_repair_start,57,EM,-37708.301,0.1303383,3.5e-06,0.89,339.6
SONGAP_D1_Z0_1_repair_start,58,EM,-37708.178,0.1235323,3.3e-06,1.53,341.1
SONGAP_D1_Z0_1_repair_start,59,EM,-37708.06,0.1172186,3.1e-06,1.25,342.4
SONGAP_D1_Z0_1_repair_start,60,QN,-37705.268,2.7928537,7.41e-05,4.94,347.3
SONGAP_D1_Z0_1_repair_start,61,EM,-37704.389,0.879107,2.33e-05,1.97,349.3
SONGAP_D1_Z0_1_repair_start,62,EM,-37704.198,0.1900944,5e-06,1.03,350.3
SONGAP_D1_Z0_1_repair_start,63,EM,-37704.049,0.1495417,4e-06,1.15,351.5
SONGAP_D1_Z0_1_repair_start,64,EM,-37703.924,0.124435,3.3e-06,0.98,352.5
SONGAP_D1_Z0_1_repair_start,65,EM,-37703.818,0.1067593,2.8e-06,1.42,353.9
SONGAP_D1_Z0_1_repair_start,66,EM,-37703.724,0.093367,2.5e-06,1.16,355.0
SONGAP_D1_Z0_1_repair_start,67,EM,-37703.642,0.0827574,2.2e-06,1.08,356.1
SONGAP_D1_Z0_1_repair_start,68,EM,-37703.567,0.0741272,2e-06,1.2,357.3
SONGAP_D1_Z0_1_repair_start,69,EM,-37703.5,0.066987,1.8e-06,0.85,358.2
SONGAP_D1_Z0_1_repair_start,70,EM,-37703.439,0.0610109,1.6e-06,1.16,359.3
SONGAP_D1_Z0_1_repair_start,71,EM,-37703.383,0.0559645,1.5e-06,1.08,360.4
SONGAP_D1_Z0_1_repair_start,72,EM,-37703.332,0.0516708,1.4e-06,1.43,361.8
SONGAP_D1_Z0_1_repair_start,73,EM,-37703.284,0.0479912,1.3e-06,0.92,362.8
SONGAP_D1_Z0_1_repair_start,74,QN,-37702.069,1.2145013,3.22e-05,9.27,372.0
SONGAP_D1_Z0_1_repair_start,75,EM,-37701.689,0.3806404,1.01e-05,1.81,373.8
SONGAP_D1_Z0_1_repair_start,76,EM,-37701.584,0.1045625,2.8e-06,1.58,375.4
SONGAP_D1_Z0_1_repair_start,77,EM,-37701.518,0.0661578,1.8e-06,1.81,377.2
SONGAP_D1_Z0_1_repair_start,78,EM,-37701.469,0.0491638,1.3e-06,2.31,379.6
SONGAP_D1_Z0_1_repair_start,79,EM,-37701.429,0.0399534,1.1e-06,2.98,382.5
SONGAP_D1_Z0_1_repair_start,80,EM,-37701.395,0.0341598,9e-07,8.18,390.7
SONGAP_D1_Z0_1_repair_start,81,EM,-37701.365,0.0301128,8e-07,2.69,393.4
SONGAP_D1_Z0_1_repair_start,82,EM,-37701.337,0.0271105,7e-07,2.31,395.7
SONGAP_D1_Z0_1_repair_start,83,EM,-37701.313,0.0247667,7e-07,1.72,397.4
SONGAP_D1_Z0_1_repair_start,84,EM,-37701.29,0.0228693,6e-07,1.76,399.2
SONGAP_D1_Z0_1_repair_start,85,EM,-37701.269,0.0212878,6e-07,1.11,400.3
SONGAP_D1_Z0_1_repair_start,86,EM,-37701.249,0.0199412,5e-07,1.52,401.8
SONGAP_D1_Z0_1_repair_start,87,EM,-37701.23,0.0187727,5e-07,1.63,403.5
SONGAP_D1_Z0_1_repair_start,88,EM,-37701.212,0.0177436,5e-07,1.51,405.0
SONGAP_D1_Z0_1_repair_start,89,QN,-37701.073,0.1390476,3.7e-06,10.06,415.0
SONGAP_D1_Z0_1_repair_start,90,EM,-37701.002,0.0711243,1.9e-06,2.51,417.5
SONGAP_D1_Z0_1_repair_start,91,EM,-37700.977,0.024872,7e-07,195.38,612.9
SONGAP_D1_Z0_1_repair_start,92,EM,-37700.958,0.0191811,5e-07,3.25,616.2
SONGAP_D1_Z0_1_repair_start,93,EM,-37700.942,0.0162618,4e-07,8.09,624.2
SONGAP_D1_Z0_1_repair_start,94,EM,-37700.927,0.0144709,4e-07,1.92,626.2
SONGAP_D1_Z0_1_repair_start,95,EM,-37700.914,0.0132587,4e-07,1.42,627.6
SONGAP_D1_Z0_1_repair_start,96,EM,-37700.901,0.012379,3e-07,1.82,629.4
SONGAP_D1_Z0_1_repair_start,97,EM,-37700.89,0.0117077,3e-07,1.77,631.2
SONGAP_D1_Z0_1_repair_start,98,EM,-37700.879,0.0111727,3e-07,0.88,632.1
SONGAP_D1_Z0_1_repair_start,99,EM,-37700.868,0.0107312,3e-07,1.36,633.4
SONGAP_D1_Z0_1_repair_start,100,EM,-37700.858,0.0103554,3e-07,0.96,634.4
SONGAP_D1_Z0_1_repair_start,101,EM,-37700.847,0.0100281,3e-07,1.76,636.1
SONGAP_D1_Z0_1_repair_start,102,EM,-37700.838,0.0097375,3e-07,1.85,638.0
SONGAP_D1_Z0_1_repair_start,103,EM,-37700.828,0.0094754,3e-07,1.8,639.8
SONGAP_D1_Z0_1_repair_start,104,EM,-37700.819,0.0092365,2e-07,1.79,641.6
SONGAP_D1_Z0_1_repair_start,105,EM,-37700.81,0.0090169,2e-07,1.46,643.0
SONGAP_D1_Z0_1_repair_start,106,EM,-37700.801,0.0088132,2e-07,1.79,644.8
SONGAP_D1_Z0_1_repair_start,107,EM,-37700.793,0.0086239,2e-07,1.21,646.0
SONGAP_D1_Z0_1_repair_start,108,EM,-37700.784,0.0084453,2e-07,1.64,647.7
SONGAP_D1_Z0_1_repair_start,109,EM,-37700.776,0.0082784,2e-07,1.34,649.0
SONGAP_D1_Z0_1_repair_start,110,EM,-37700.768,0.0081207,2e-07,1.58,650.6
SONGAP_D1_Z0_1_repair_start,111,EM,-37700.76,0.0079721,2e-07,1.09,651.7
SONGAP_D1_Z0_1_repair_start,112,EM,-37700.752,0.0078311,2e-07,1.22,652.9
SONGAP_D1_Z0_1_repair_start,113,EM,-37700.744,0.0076971,2e-07,1.09,654.0
SONGAP_D1_Z0_1_repair_start,114,EM,-37700.737,0.0075709,2e-07,1.31,655.3
SONGAP_D1_Z0_1_repair_start,115,EM,-37700.729,0.0074501,2e-07,1.08,656.4
SONGAP_D1_Z0_1_repair_start,116,EM,-37700.722,0.0073354,2e-07,1.37,657.7
SONGAP_D1_Z0_1_repair_start,117,EM,-37700.715,0.0072259,2e-07,1.28,659.0
SONGAP_D1_Z0_1_repair_start,118,EM,-37700.708,0.0071212,2e-07,1.37,660.4
SONGAP_D1_Z0_1_repair_start,119,EM,-37700.701,0.0070214,2e-07,0.91,661.3
SONGAP_D1_Z0_1_repair_start,120,EM,-37700.694,0.0069267,2e-07,1.19,662.5
SONGAP_D1_Z0_1_repair_start,121,EM,-37700.687,0.0068355,2e-07,1.44,663.9
SONGAP_D1_Z0_1_repair_start,122,EM,-37700.68,0.0067486,2e-07,1.33,665.3
SONGAP_D1_Z0_1_repair_start,123,EM,-37700.673,0.0066664,2e-07,1.8,667.1
SONGAP_D1_Z0_1_repair_start,124,EM,-37700.667,0.006586,2e-07,0.95,668.0
SONGAP_D1_Z0_1_repair_start,125,EM,-37700.66,0.0065098,2e-07,0.95,669.0
SONGAP_D1_Z0_1_repair_start,126,EM,-37700.654,0.0064369,2e-07,1.38,670.3
SONGAP_D1_Z0_1_repair_start,127,EM,-37700.647,0.0063675,2e-07,1.3,671.6
SONGAP_D1_Z0_1_repair_start,128,EM,-37700.641,0.0063006,2e-07,1.16,672.8
SONGAP_D1_Z0_1_repair_start,129,EM,-37700.635,0.0062364,2e-07,1.41,674.2
SONGAP_D1_Z0_1_repair_start,130,EM,-37700.629,0.0061754,2e-07,1.1,675.3
SONGAP_D1_Z0_1_repair_start,131,EM,-37700.623,0.0061174,2e-07,1.57,676.9
SONGAP_D1_Z0_1_repair_start,132,EM,-37700.617,0.0060615,2e-07,1.07,678.0
SONGAP_D1_Z0_1_repair_start,133,EM,-37700.611,0.006008,2e-07,1.11,679.1
SONGAP_D1_Z0_1_repair_start,134,EM,-37700.605,0.0059573,2e-07,1.03,680.1
SONGAP_D1_Z0_1_repair_start,135,EM,-37700.599,0.0059088,2e-07,0.94,681.0
SONGAP_D1_Z0_1_repair_start,136,EM,-37700.593,0.0058626,2e-07,1.21,682.2
SONGAP_D1_Z0_1_repair_start,137,EM,-37700.587,0.0058187,2e-07,0.88,683.1
SONGAP_D1_Z0_1_repair_start,138,EM,-37700.581,0.0057768,2e-07,1.27,684.4
SONGAP_D1_Z0_1_repair_start,139,EM,-37700.575,0.0057372,2e-07,0.87,685.3
SONGAP_D1_Z0_1_repair_start,140,EM,-37700.57,0.0056997,2e-07,0.89,686.2
SONGAP_D1_Z0_1_repair_start,141,EM,-37700.564,0.005664,2e-07,1.0,687.2
SONGAP_D1_Z0_1_repair_start,142,EM,-37700.558,0.0056306,1e-07,0.82,688.0
SONGAP_D1_Z0_1_repair_start,143,EM,-37700.553,0.0055988,1e-07,190.11,878.1
SONGAP_D1_Z0_1_repair_start,144,EM,-37700.547,0.0055693,1e-07,0.95,879.0
SONGAP_D1_Z0_1_repair_start,145,EM,-37700.542,0.0055414,1e-07,0.93,880.0
SONGAP_D1_Z0_1_repair_start,146,EM,-37700.536,0.0055156,1e-07,0.82,880.8
SONGAP_D1_Z0_1_repair_start,147,EM,-37700.531,0.0054917,1e-07,0.82,881.6
SONGAP_D1_Z0_1_repair_start,148,QN,-37700.294,0.2370492,6.3e-06,13.11,894.7
SONGAP_D1_Z0_1_repair_start,149,EM,-37700.198,0.095864,2.5e-06,1.13,895.9
SONGAP_D1_Z0_1_repair_start,150,EM,-37700.18,0.017475,5e-07,0.98,896.8
SONGAP_D1_Z0_1_repair_start,151,EM,-37700.166,0.0146157,4e-07,1.15,898.0
SONGAP_D1_Z0_1_repair_start,152,EM,-37700.153,0.0129935,3e-07,1.21,899.2
SONGAP_D1_Z0_1_repair_start,153,EM,-37700.141,0.0119292,3e-07,0.94,900.1
SONGAP_D1_Z0_1_repair_start,154,EM,-37700.13,0.0112304,3e-07,1.03,901.2
SONGAP_D1_Z0_1_repair_start,155,EM,-37700.119,0.0107812,3e-07,0.94,902.1
SONGAP_D1_Z0_1_repair_start,156,EM,-37700.108,0.0105045,3e-07,1.01,903.1
SONGAP_D1_Z0_1_repair_start,157,EM,-37700.098,0.0103509,3e-07,1.12,904.2
SONGAP_D1_Z0_1_repair_start,158,EM,-37700.088,0.0102858,3e-07,1.95,906.2
SONGAP_D1_Z0_1_repair_start,159,EM,-37700.077,0.0102858,3e-07,1.28,907.5
SONGAP_D1_Z0_1_repair_start,160,EM,-37700.067,0.0103356,3e-07,0.94,908.4
SONGAP_D1_Z0_1_repair_start,161,QN,-37699.545,0.521821,1.38e-05,16.05,924.5
SONGAP_D1_Z0_1_repair_start,162,EM,-37698.897,0.6479801,1.72e-05,3.84,928.3
SONGAP_D1_Z0_1_repair_start,163,EM,-37698.687,0.2104944,5.6e-06,18.48,946.8
SONGAP_D1_Z0_1_repair_start,164,EM,-37698.51,0.1763593,4.7e-06,3.51,950.3
SONGAP_D1_Z0_1_repair_start,165,EM,-37698.352,0.1579292,4.2e-06,2.49,952.8
SONGAP_D1_Z0_1_repair_start,166,EM,-37698.206,0.1466611,3.9e-06,1.71,954.5
SONGAP_D1_Z0_1_repair_start,167,EM,-37698.065,0.1403201,3.7e-06,1.66,956.1
SONGAP_D1_Z0_1_repair_start,168,EM,-37697.928,0.1376207,3.7e-06,1.13,957.3
SONGAP_D1_Z0_1_repair_start,169,EM,-37697.79,0.1376686,3.7e-06,1.41,958.7
SONGAP_D1_Z0_1_repair_start,170,EM,-37697.65,0.1398243,3.7e-06,1.43,960.1
SONGAP_D1_Z0_1_repair_start,171,EM,-37697.507,0.1436282,3.8e-06,1.62,961.7
SONGAP_D1_Z0_1_repair_start,172,EM,-37697.358,0.1487523,3.9e-06,0.93,962.6
SONGAP_D1_Z0_1_repair_start,173,QN,-37682.706,14.6520122,0.0003887,32.99,995.6
SONGAP_D1_Z0_1_repair_start,174,EM,-37676.249,6.4572276,0.0001714,10.43,1006.1
SONGAP_D1_Z0_1_repair_start,175,EM,-37673.97,2.2785332,6.05e-05,5.44,1011.5
SONGAP_D1_Z0_1_repair_start,176,EM,-37672.509,1.4615978,3.88e-05,2.91,1014.4
SONGAP_D1_Z0_1_repair_start,177,EM,-37671.783,0.725916,1.93e-05,9.44,1023.9
SONGAP_D1_Z0_1_repair_start,178,EM,-37670.757,1.0253555,2.72e-05,7.7,1031.6
SONGAP_D1_Z0_1_repair_start,179,EM,-37670.359,0.3986154,1.06e-05,3.43,1035.0
SONGAP_D1_Z0_1_repair_start,180,EM,-37668.831,1.5275227,4.05e-05,3.35,1038.3
SONGAP_D1_Z0_1_repair_start,181,EM,-37668.61,0.2212904,5.9e-06,2.19,1040.5
SONGAP_D1_Z0_1_repair_start,182,EM,-37667.839,0.7714161,2.05e-05,3.7,1044.2
SONGAP_D1_Z0_1_repair_start,183,EM,-37667.113,0.7258525,1.93e-05,18.82,1063.0
SONGAP_D1_Z0_1_repair_start,184,EM,-37666.93,0.1823722,4.8e-06,6.06,1069.1
SONGAP_D1_Z0_1_repair_start,185,EM,-37665.783,1.1476824,3.05e-05,2.87,1072.0
SONGAP_D1_Z0_1_repair_start,186,EM,-37666.151,-0.3679618,-9.8e-06,2.99,1075.0
SONGAP_D1_Z0_1_repair_start,187,EM,-37665.149,1.0012508,2.66e-05,17.91,1092.9
SONGAP_D1_Z0_1_repair_start,188,EM,-37664.2,0.9497522,2.52e-05,7.18,1100.1
SONGAP_D1_Z0_1_repair_start,189,EM,-37664.349,-0.1492657,-4e-06,3.7,1103.8
SONGAP_D1_Z0_1_repair_start,190,EM,-37663.306,1.0423577,2.77e-05,3.64,1107.4
SONGAP_D1_Z0_1_repair_start,191,EM,-37663.378,-0.0716965,-1.9e-06,20.09,1127.5
SONGAP_D1_Z0_1_repair_start,192,EM,-37662.855,0.5227244,1.39e-05,7.77,1135.2
SONGAP_D1_Z0_1_repair_start,193,EM,-37662.03,0.8255758,2.19e-05,2.85,1138.1
SONGAP_D1_Z0_1_repair_start,194,EM,-37661.787,0.2424028,6.4e-06,2.75,1140.8
SONGAP_D1_Z0_1_repair_start,195,EM,-37660.732,1.0555265,2.8e-05,2.23,1143.1
SONGAP_D1_Z0_1_repair_start,196,EM,-37660.396,0.3359942,8.9e-06,2.37,1145.4
SONGAP_D1_Z0_1_repair_start,197,EM,-37659.729,0.6666459,1.77e-05,2.51,1148.0
SONGAP_D1_Z0_1_repair_start,198,EM,-37659.405,0.324125,8.6e-06,2.16,1150.1
SONGAP_D1_Z0_1_repair_start,199,EM,-37660.685,-1.2800716,-3.4e-05,152.41,1302.5
SONGAP_D1_Z0_1_repair_start,200,EM,-37659.889,0.7959853,2.11e-05,3.61,1306.1
SONGAP_D1_Z0_1_repair_start,201,EM,-37659.795,0.0944807,2.5e-06,15.82,1322.0
SONGAP_D1_Z0_1_repair_start,202,EM,-37659.521,0.2740895,7.3e-06,14.69,1336.6
SONGAP_D1_Z0_1_repair_start,203,EM,-37658.249,1.2716793,3.38e-05,7.36,1344.0
SONGAP_D1_Z0_1_repair_start,204,EM,-37657.903,0.345764,9.2e-06,4.01,1348.0
SONGAP_D1_Z0_1_repair_start,205,EM,-37656.791,1.1122066,2.95e-05,3.77,1351.8
SONGAP_D1_Z0_1_repair_start,206,EM,-37656.008,0.782643,2.08e-05,3.26,1355.1
SONGAP_D1_Z0_1_repair_start,207,EM,-37656.459,-0.4503299,-1.2e-05,2.89,1357.9
SONGAP_D1_Z0_1_repair_start,208,EM,-37654.077,2.381585,6.32e-05,3.24,1361.2
SONGAP_D1_Z0_1_repair_start,209,EM,-37653.524,0.5535569,1.47e-05,2.84,1364.0
SONGAP_D1_Z0_1_repair_start,210,EM,-37652.447,1.0761207,2.86e-05,4.81,1368.8
SONGAP_D1_Z0_1_repair_start,211,EM,-37655.545,-3.0973953,-8.23e-05,23.27,1392.1
SONGAP_D1_Z0_1_repair_start,212,EM,-37653.449,2.0960943,5.57e-05,27.05,1419.2
SONGAP_D1_Z0_1_repair_start,213,EM,-37657.528,-4.0790689,-0.0001083,25.53,1444.7
SONGAP_D1_Z0_1_repair_start,214,EM,-37658.954,-1.4265845,-3.79e-05,31.11,1475.8
SONGAP_D1_Z0_1_repair_start,215,EM,-37667.86,-8.9052579,-0.0002365,18.79,1494.6
SONGAP_D1_Z0_1_repair_start,216,EM,-37674.723,-6.8632384,-0.0001822,26.08,1520.7
SONGAP_D1_Z0_1_repair_start,217,EM,-37683.565,-8.8416818,-0.0002347,25.63,1546.3
SONGAP_D1_Z0_1_repair_start,218,EM,-37688.26,-4.6956734,-0.0001246,14.35,1560.7
SONGAP_D1_Z0_1_repair_start,219,EM,-37692.895,-4.634255,-0.000123,25.38,1586.0
SONGAP_D1_Z0_1_repair_start,220,EM,-37777.664,-84.7696845,-0.002249,20.38,1606.4
SONGAP_D1_Z0_1_repair_start,221,EM,-37742.318,35.3465983,0.0009356,28.31,1634.7
SONGAP_D1_Z0_1_repair_start,222,EM,-37725.945,16.3729048,0.0004338,16.42,1651.1
SONGAP_D1_Z0_1_repair_start,223,EM,-37717.685,8.2596556,0.0002189,18.5,1669.6
SONGAP_D1_Z0_1_repair_start,224,EM,-37712.548,5.136841,0.0001362,14.57,1684.2
SONGAP_D1_Z0_1_repair_start,225,EM,-37708.93,3.6177451,9.59e-05,115.09,1799.3
SONGAP_D1_Z0_1_repair_start,226,EM,-37706.22,2.7101119,7.19e-05,3.16,1802.5
SONGAP_D1_Z0_1_repair_start,227,EM,-37704.136,2.0839953,5.53e-05,2.4,1804.9
SONGAP_D1_Z0_1_repair_start,228,EM,-37702.508,1.6283255,4.32e-05,1.94,1806.8
SONGAP_D1_Z0_1_repair_start,229,EM,-37701.219,1.2893097,3.42e-05,2.74,1809.5
SONGAP_D1_Z0_1_repair_start,230,EM,-37700.187,1.0313568,2.74e-05,19.24,1828.8
SONGAP_D1_Z0_1_repair_start,231,EM,-37699.352,0.8357897,2.22e-05,8.22,1837.0
SONGAP_D1_Z0_1_repair_start,232,EM,-37698.658,0.6937408,1.84e-05,2.37,1839.4
SONGAP_D1_Z0_1_repair_start,233,EM,-37698.06,0.5982064,1.59e-05,2.38,1841.8
SONGAP_D1_Z0_1_repair_start,234,EM,-37697.519,0.5407608,1.43e-05,1.65,1843.4
SONGAP_D1_Z0_1_repair_start,235,EM,-37697.006,0.5124307,1.36e-05,1.76,1845.2
SONGAP_D1_Z0_1_repair_start,236,EM,-37696.501,0.5052665,1.34e-05,1.71,1846.9
SONGAP_D1_Z0_1_repair_start,237,EM,-37695.988,0.5131437,1.36e-05,2.06,1848.9
SONGAP_D1_Z0_1_repair_start,238,EM,-37695.456,0.5318349,1.41e-05,1.87,1850.8
SONGAP_D1_Z0_1_repair_start,239,EM,-37694.897,0.5588366,1.48e-05,3.58,1854.4
SONGAP_D1_Z0_1_repair_start,240,EM,-37694.304,0.5931214,1.57e-05,12.95,1867.3
SONGAP_D1_Z0_1_repair_start,241,EM,-37693.669,0.6353407,1.69e-05,4.0,1871.3
SONGAP_D1_Z0_1_repair_start,242,EM,-37692.98,0.6884559,1.83e-05,1.75,1873.1
SONGAP_D1_Z0_1_repair_start,243,EM,-37692.221,0.759503,2.01e-05,1.74,1874.8
SONGAP_D1_Z0_1_repair_start,244,EM,-37691.358,0.8628548,2.29e-05,2.4,1877.2
SONGAP_D1_Z0_1_repair_start,245,EM,-37690.337,1.021328,2.71e-05,1.83,1879.1
SONGAP_D1_Z0_1_repair_start,246,EM,-37689.093,1.2433479,3.3e-05,1.59,1880.6
SONGAP_D1_Z0_1_repair_start,247,EM,-37687.643,1.4503393,3.85e-05,2.0,1882.6
SONGAP_D1_Z0_1_repair_start,248,EM,-37686.132,1.5107779,4.01e-05,1.77,1884.4
SONGAP_D1_Z0_1_repair_start,249,EM,-37684.684,1.4480978,3.84e-05,1.68,1886.1
SONGAP_D1_Z0_1_repair_start,250,EM,-37683.327,1.3575752,3.6e-05,1.68,1887.8
SONGAP_D1_Z0_1_repair_start,251,EM,-37682.055,1.2720777,3.38e-05,2.02,1889.8
SONGAP_D1_Z0_1_repair_start,252,EM,-37680.859,1.1950526,3.17e-05,3.72,1893.5
SONGAP_D1_Z0_1_repair_start,253,EM,-37679.733,1.1261638,2.99e-05,13.34,1906.9
SONGAP_D1_Z0_1_repair_start,254,EM,-37678.669,1.0645425,2.83e-05,7.39,1914.2
SONGAP_D1_Z0_1_repair_start,255,EM,-37677.66,1.0090453,2.68e-05,3.31,1917.6
SONGAP_D1_Z0_1_repair_start,256,EM,-37676.701,0.9585099,2.54e-05,2.4,1920.0
SONGAP_D1_Z0_1_repair_start,257,EM,-37675.789,0.9120298,2.42e-05,2.47,1922.4
SONGAP_D1_Z0_1_repair_start,258,EM,-37674.92,0.8688838,2.31e-05,1.52,1923.9
SONGAP_D1_Z0_1_repair_start,259,EM,-37674.092,0.828628,2.2e-05,1.89,1925.8
SONGAP_D1_Z0_1_repair_start,260,EM,-37673.301,0.7908827,2.1e-05,1.77,1927.6
SONGAP_D1_Z0_1_repair_start,261,EM,-37672.545,0.7553914,2.01e-05,2.31,1929.9
SONGAP_D1_Z0_1_repair_start,262,EM,-37671.823,0.7219673,1.92e-05,1.86,1931.8
SONGAP_D1_Z0_1_repair_start,263,EM,-37671.133,0.6904595,1.83e-05,1.89,1933.7
SONGAP_D1_Z0_1_repair_start,264,EM,-37670.472,0.6607329,1.75e-05,1.43,1935.1
SONGAP_D1_Z0_1_repair_start,265,EM,-37669.84,0.6326785,1.68e-05,1.97,1937.1
SONGAP_D1_Z0_1_repair_start,266,EM,-37669.233,0.6061939,1.61e-05,1.9,1939.0
SONGAP_D1_Z0_1_repair_start,267,EM,-37668.652,0.5811878,1.54e-05,1.5,1940.5
SONGAP_D1_Z0_1_repair_start,268,EM,-37668.095,0.5575776,1.48e-05,1.56,1942.0
SONGAP_D1_Z0_1_repair_start,269,EM,-37667.559,0.5352816,1.42e-05,1.81,1943.8
SONGAP_D1_Z0_1_repair_start,270,EM,-37667.045,0.5142177,1.37e-05,1.84,1945.7
SONGAP_D1_Z0_1_repair_start,271,EM,-37666.551,0.4943161,1.31e-05,2.29,1947.9
SONGAP_D1_Z0_1_repair_start,272,EM,-37666.075,0.4755146,1.26e-05,14.07,1962.0
SONGAP_D1_Z0_1_repair_start,273,EM,-37665.618,0.4577181,1.22e-05,3.53,1965.6
SONGAP_D1_Z0_1_repair_start,274,EM,-37665.177,0.4409341,1.17e-05,2.11,1967.7
SONGAP_D1_Z0_1_repair_start,275,EM,-37664.752,0.4250007,1.13e-05,2.31,1970.0
SONGAP_D1_Z0_1_repair_start,276,EM,-37664.342,0.4099477,1.09e-05,106.09,2076.1
SONGAP_D1_Z0_1_repair_start,277,EM,-37663.946,0.3957035,1.05e-05,1.32,2077.4
SONGAP_D1_Z0_1_repair_start,278,EM,-37663.564,0.3821987,1.01e-05,1.57,2079.0
SONGAP_D1_Z0_1_repair_start,279,EM,-37663.194,0.3694146,9.8e-06,1.84,2080.8
SONGAP_D1_Z0_1_repair_start,280,EM,-37662.837,0.3573044,9.5e-06,1.77,2082.6
SONGAP_D1_Z0_1_repair_start,281,EM,-37662.491,0.3458278,9.2e-06,1.0,2083.6
SONGAP_D1_Z0_1_repair_start,282,EM,-37662.156,0.3349529,8.9e-06,1.29,2084.9
SONGAP_D1_Z0_1_repair_start,283,EM,-37661.832,0.3246295,8.6e-06,0.97,2085.8
SONGAP_D1_Z0_1_repair_start,284,EM,-37661.517,0.3148493,8.4e-06,1.12,2086.9
SONGAP_D1_Z0_1_repair_start,285,EM,-37661.211,0.3055917,8.1e-06,2.0,2088.9
SONGAP_D1_Z0_1_repair_start,286,EM,-37660.914,0.2967979,7.9e-06,2.09,2091.0
SONGAP_D1_Z0_1_repair_start,287,EM,-37660.626,0.2884705,7.7e-06,1.2,2092.2
SONGAP_D1_Z0_1_repair_start,288,EM,-37660.345,0.2805762,7.5e-06,1.5,2093.7
SONGAP_D1_Z0_1_repair_start,289,EM,-37660.072,0.2730981,7.3e-06,1.38,2095.1
SONGAP_D1_Z0_1_repair_start,290,EM,-37659.806,0.2660128,7.1e-06,1.57,2096.7
SONGAP_D1_Z0_1_repair_start,291,EM,-37659.547,0.2593016,6.9e-06,1.03,2097.7
SONGAP_D1_Z0_1_repair_start,292,EM,-37659.294,0.2529459,6.7e-06,1.21,2098.9
SONGAP_D1_Z0_1_repair_start,293,EM,-37659.047,0.24693,6.6e-06,0.81,2099.7
SONGAP_D1_Z0_1_repair_start,294,EM,-37658.806,0.241236,6.4e-06,1.26,2101.0
SONGAP_D1_Z0_1_repair_start,295,EM,-37658.57,0.235848,6.3e-06,1.21,2102.2
SONGAP_D1_Z0_1_repair_start,296,EM,-37658.339,0.2307499,6.1e-06,1.26,2103.5
SONGAP_D1_Z0_1_repair_start,297,EM,-37658.113,0.2259275,6e-06,0.99,2104.5
SONGAP_D1_Z0_1_repair_start,298,EM,-37657.892,0.2213662,5.9e-06,0.88,2105.3
SONGAP_D1_Z0_1_repair_start,299,EM,-37657.675,0.2170517,5.8e-06,1.25,2106.6
SONGAP_D1_Z0_1_repair_start,300,EM,-37657.462,0.2129706,5.7e-06,0.99,2107.6
SONGAP_D1_Z0_1_repair_start,301,EM,-37657.253,0.2091092,5.6e-06,1.49,2109.1
SONGAP_D1_Z0_1_repair_start,302,EM,-37657.047,0.2054556,5.5e-06,1.12,2110.2
SONGAP_D1_Z0_1_repair_start,303,EM,-37656.845,0.2019968,5.4e-06,1.13,2111.3
SONGAP_D1_Z0_1_repair_start,304,EM,-37656.647,0.1987211,5.3e-06,1.66,2113.0
SONGAP_D1_Z0_1_repair_start,305,EM,-37656.451,0.1955956,5.2e-06,10.51,2123.5
SONGAP_D1_Z0_1_repair_start,306,EM,-37656.258,0.1926675,5.1e-06,2.99,2126.5
SONGAP_D1_Z0_1_repair_start,307,EM,-37656.068,0.1898863,5e-06,1.62,2128.1
SONGAP_D1_Z0_1_repair_start,308,EM,-37655.881,0.1872373,5e-06,2.27,2130.4
SONGAP_D1_Z0_1_repair_start,309,EM,-37655.697,0.1846967,4.9e-06,2.11,2132.5
SONGAP_D1_Z0_1_repair_start,310,EM,-37655.514,0.182305,4.8e-06,3.36,2135.8
SONGAP_D1_Z0_1_repair_start,311,EM,-37655.334,0.1800048,4.8e-06,12.97,2148.8
SONGAP_D1_Z0_1_repair_start,312,EM,-37655.156,0.1778064,4.7e-06,2.6,2151.4
SONGAP_D1_Z0_1_repair_start,313,EM,-37654.981,0.1757337,4.7e-06,1.78,2153.2
SONGAP_D1_Z0_1_repair_start,314,EM,-37654.807,0.1737191,4.6e-06,2.03,2155.2
SONGAP_D1_Z0_1_repair_start,315,EM,-37654.635,0.1718013,4.6e-06,1.92,2157.1
SONGAP_D1_Z0_1_repair_start,316,EM,-37654.465,0.1699285,4.5e-06,1.18,2158.3
SONGAP_D1_Z0_1_repair_start,317,EM,-37654.297,0.1681484,4.5e-06,2.45,2160.8
SONGAP_D1_Z0_1_repair_start,318,EM,-37654.131,0.1664236,4.4e-06,2.12,2162.9
SONGAP_D1_Z0_1_repair_start,319,EM,-37653.966,0.1647572,4.4e-06,1.35,2164.2
SONGAP_D1_Z0_1_repair_start,320,EM,-37653.803,0.1631282,4.3e-06,1.7,2165.9
SONGAP_D1_Z0_1_repair_start,321,EM,-37653.641,0.1615478,4.3e-06,1.5,2167.4
SONGAP_D1_Z0_1_repair_start,322,EM,-37653.481,0.1600163,4.2e-06,1.8,2169.2
SONGAP_D1_Z0_1_repair_start,323,EM,-37653.323,0.1585134,4.2e-06,1.27,2170.5
SONGAP_D1_Z0_1_repair_start,324,EM,-37653.166,0.1570444,4.2e-06,1.1,2171.6
SONGAP_D1_Z0_1_repair_start,325,EM,-37653.01,0.155602,4.1e-06,1.6,2173.2
SONGAP_D1_Z0_1_repair_start,326,EM,-37652.856,0.1541804,4.1e-06,1.54,2174.7
SONGAP_D1_Z0_1_repair_start,327,EM,-37652.703,0.1527812,4.1e-06,111.69,2286.4
SONGAP_D1_Z0_1_repair_start,328,EM,-37652.552,0.1513989,4e-06,1.12,2287.5
SONGAP_D1_Z0_1_repair_start,329,EM,-37652.402,0.1500297,4e-06,1.73,2289.3
SONGAP_D1_Z0_1_repair_start,330,EM,-37652.253,0.1486715,3.9e-06,2.07,2291.3
SONGAP_D1_Z0_1_repair_start,331,EM,-37652.106,0.1473223,3.9e-06,1.29,2292.6
SONGAP_D1_Z0_1_repair_start,332,EM,-37651.96,0.1459784,3.9e-06,0.98,2293.6
SONGAP_D1_Z0_1_repair_start,333,EM,-37651.815,0.1446393,3.8e-06,2.28,2295.9
SONGAP_D1_Z0_1_repair_start,334,EM,-37651.672,0.1432914,3.8e-06,13.12,2309.0
SONGAP_D1_Z0_1_repair_start,335,EM,-37651.53,0.1419639,3.8e-06,3.65,2312.7
SONGAP_D1_Z0_1_repair_start,336,EM,-37651.389,0.140612,3.7e-06,1.58,2314.2
SONGAP_D1_Z0_1_repair_start,337,EM,-37651.25,0.1392945,3.7e-06,2.08,2316.3
SONGAP_D1_Z0_1_repair_start,338,EM,-37651.112,0.1379413,3.7e-06,1.97,2318.3
SONGAP_D1_Z0_1_repair_start,339,EM,-37650.975,0.1365787,3.6e-06,2.5,2320.8
SONGAP_D1_Z0_1_repair_start,340,EM,-37650.84,0.1352193,3.6e-06,2.19,2323.0
SONGAP_D1_Z0_1_repair_start,341,EM,-37650.706,0.1338617,3.6e-06,1.62,2324.6
SONGAP_D1_Z0_1_repair_start,342,EM,-37650.574,0.1324913,3.5e-06,1.21,2325.8
SONGAP_D1_Z0_1_repair_start,343,EM,-37650.443,0.1311171,3.5e-06,2.45,2328.3
SONGAP_D1_Z0_1_repair_start,344,EM,-37650.313,0.1297372,3.4e-06,1.79,2330.1
SONGAP_D1_Z0_1_repair_start,345,EM,-37650.185,0.1283593,3.4e-06,1.6,2331.7
SONGAP_D1_Z0_1_repair_start,346,EM,-37650.058,0.1269684,3.4e-06,2.58,2334.2
SONGAP_D1_Z0_1_repair_start,347,EM,-37649.932,0.1255863,3.3e-06,12.72,2347.0
SONGAP_D1_Z0_1_repair_start,348,EM,-37649.808,0.1242035,3.3e-06,2.67,2349.6
SONGAP_D1_Z0_1_repair_start,349,EM,-37649.685,0.122826,3.3e-06,1.68,2351.3
SONGAP_D1_Z0_1_repair_start,350,EM,-37649.564,0.1214446,3.2e-06,1.57,2352.9
SONGAP_D1_Z0_1_repair_start,351,EM,-37649.444,0.1200712,3.2e-06,2.04,2354.9
SONGAP_D1_Z0_1_repair_start,352,EM,-37649.325,0.1187023,3.2e-06,1.77,2356.7
SONGAP_D1_Z0_1_repair_start,353,EM,-37649.207,0.117347,3.1e-06,2.09,2358.8
SONGAP_D1_Z0_1_repair_start,354,EM,-37649.091,0.116004,3.1e-06,2.01,2360.8
SONGAP_D1_Z0_1_repair_start,355,EM,-37648.977,0.1146896,3e-06,1.52,2362.3
SONGAP_D1_Z0_1_repair_start,356,EM,-37648.863,0.1133623,3e-06,2.04,2364.3
SONGAP_D1_Z0_1_repair_start,357,EM,-37648.751,0.112061,3e-06,1.72,2366.1
SONGAP_D1_Z0_1_repair_start,358,EM,-37648.641,0.1107875,2.9e-06,1.75,2367.8
SONGAP_D1_Z0_1_repair_start,359,EM,-37648.531,0.1095241,2.9e-06,1.71,2369.5
SONGAP_D1_Z0_1_repair_start,360,EM,-37648.423,0.1082844,2.9e-06,2.3,2371.8
SONGAP_D1_Z0_1_repair_start,361,EM,-37648.316,0.1070676,2.8e-06,2.01,2373.8
SONGAP_D1_Z0_1_repair_start,362,EM,-37648.21,0.1058814,2.8e-06,1.68,2375.5
SONGAP_D1_Z0_1_repair_start,363,EM,-37648.105,0.1047076,2.8e-06,1.42,2376.9
SONGAP_D1_Z0_1_repair_start,364,EM,-37648.002,0.1035623,2.8e-06,1.8,2378.7
SONGAP_D1_Z0_1_repair_start,365,EM,-37647.899,0.1024377,2.7e-06,1.82,2380.6
SONGAP_D1_Z0_1_repair_start,366,EM,-37647.798,0.1013405,2.7e-06,1.36,2381.9
SONGAP_D1_Z0_1_repair_start,367,EM,-37647.697,0.1002663,2.7e-06,0.88,2382.8
SONGAP_D1_Z0_1_repair_start,368,EM,-37647.598,0.0992208,2.6e-06,1.41,2384.2
SONGAP_D1_Z0_1_repair_start,369,EM,-37647.5,0.0981934,2.6e-06,1.32,2385.5
SONGAP_D1_Z0_1_repair_start,370,EM,-37647.403,0.0971916,2.6e-06,1.88,2387.4
SONGAP_D1_Z0_1_repair_start,371,EM,-37647.307,0.0962122,2.6e-06,1.44,2388.8
SONGAP_D1_Z0_1_repair_start,372,EM,-37647.211,0.095255,2.5e-06,1.46,2390.3
SONGAP_D1_Z0_1_repair_start,373,EM,-37647.117,0.0943201,2.5e-06,1.31,2391.6
SONGAP_D1_Z0_1_repair_start,374,QN,-37645.551,1.5665594,4.16e-05,150.09,2541.7
SONGAP_D1_Z0_1_repair_start,375,EM,-37645.291,0.2599646,6.9e-06,1.69,2543.4
SONGAP_D1_Z0_1_repair_start,376,EM,-37645.138,0.1523013,4e-06,1.66,2545.0
SONGAP_D1_Z0_1_repair_start,377,EM,-37645.014,0.1245125,3.3e-06,1.4,2546.5
SONGAP_D1_Z0_1_repair_start,378,EM,-37644.905,0.1084977,2.9e-06,1.5,2547.9
SONGAP_D1_Z0_1_repair_start,379,EM,-37644.808,0.0971618,2.6e-06,117.97,2665.9
SONGAP_D1_Z0_1_repair_start,380,EM,-37644.72,0.0884979,2.4e-06,1.0,2666.9
SONGAP_D1_Z0_1_repair_start,381,EM,-37644.638,0.0816696,2.2e-06,1.96,2668.9
SONGAP_D1_Z0_1_repair_start,382,EM,-37644.562,0.0762189,2e-06,2.46,2671.3
SONGAP_D1_Z0_1_repair_start,383,EM,-37644.49,0.071843,1.9e-06,2.06,2673.4
SONGAP_D1_Z0_1_repair_start,384,EM,-37644.422,0.0683244,1.8e-06,1.42,2674.8
SONGAP_D1_Z0_1_repair_start,385,EM,-37644.356,0.0654932,1.7e-06,1.38,2676.2
SONGAP_D1_Z0_1_repair_start,386,EM,-37644.293,0.0632161,1.7e-06,1.46,2677.7
SONGAP_D1_Z0_1_repair_start,387,EM,-37644.231,0.0613867,1.6e-06,1.83,2679.5
SONGAP_D1_Z0_1_repair_start,388,EM,-37644.172,0.0599176,1.6e-06,1.79,2681.3
SONGAP_D1_Z0_1_repair_start,389,EM,-37644.113,0.0587387,1.6e-06,1.36,2682.6
SONGAP_D1_Z0_1_repair_start,390,EM,-37644.055,0.0577917,1.5e-06,1.29,2683.9
SONGAP_D1_Z0_1_repair_start,391,EM,-37643.998,0.0570292,1.5e-06,0.9,2684.8
SONGAP_D1_Z0_1_repair_start,392,EM,-37643.942,0.0564115,1.5e-06,1.72,2686.5
SONGAP_D1_Z0_1_repair_start,393,EM,-37643.886,0.0559064,1.5e-06,1.72,2688.3
SONGAP_D1_Z0_1_repair_start,394,EM,-37643.83,0.0554991,1.5e-06,11.58,2699.8
SONGAP_D1_Z0_1_repair_start,395,EM,-37643.775,0.0551372,1.5e-06,2.41,2702.2
SONGAP_D1_Z0_1_repair_start,396,EM,-37643.72,0.054828,1.5e-06,1.42,2703.7
SONGAP_D1_Z0_1_repair_start,397,EM,-37643.666,0.0545646,1.4e-06,1.67,2705.3
SONGAP_D1_Z0_1_repair_start,398,EM,-37643.611,0.0543173,1.4e-06,2.05,2707.4
SONGAP_D1_Z0_1_repair_start,399,EM,-37643.557,0.0540817,1.4e-06,1.93,2709.3
SONGAP_D1_Z0_1_repair_start,400,EM,-37643.503,0.0538456,1.4e-06,1.18,2710.5
SONGAP_D1_Z0_1_repair_start,401,EM,-37643.45,0.0536154,1.4e-06,1.58,2712.1
SONGAP_D1_Z0_1_repair_start,402,EM,-37643.396,0.0533612,1.4e-06,1.13,2713.2
SONGAP_D1_Z0_1_repair_start,403,EM,-37643.343,0.0531143,1.4e-06,1.49,2714.7
SONGAP_D1_Z0_1_repair_start,404,EM,-37643.29,0.0528454,1.4e-06,1.3,2716.0
SONGAP_D1_Z0_1_repair_start,405,EM,-37643.238,0.0525627,1.4e-06,1.48,2717.5
SONGAP_D1_Z0_1_repair_start,406,EM,-37643.186,0.0522623,1.4e-06,1.61,2719.1
SONGAP_D1_Z0_1_repair_start,407,EM,-37643.134,0.051935,1.4e-06,11.45,2730.5
SONGAP_D1_Z0_1_repair_start,408,EM,-37643.082,0.0516014,1.4e-06,5.9,2736.4
SONGAP_D1_Z0_1_repair_start,409,EM,-37643.031,0.0512474,1.4e-06,1.05,2737.5
SONGAP_D1_Z0_1_repair_start,410,EM,-37642.98,0.0508719,1.4e-06,1.58,2739.1
SONGAP_D1_Z0_1_repair_start,411,EM,-37642.929,0.0504725,1.3e-06,1.05,2740.1
SONGAP_D1_Z0_1_repair_start,412,EM,-37642.879,0.0500599,1.3e-06,1.95,2742.1
SONGAP_D1_Z0_1_repair_start,413,EM,-37642.83,0.0496185,1.3e-06,1.74,2743.8
SONGAP_D1_Z0_1_repair_start,414,EM,-37642.781,0.0491746,1.3e-06,1.41,2745.2
SONGAP_D1_Z0_1_repair_start,415,EM,-37642.732,0.0487065,1.3e-06,1.07,2746.3
SONGAP_D1_Z0_1_repair_start,416,EM,-37642.684,0.0482256,1.3e-06,1.11,2747.4
SONGAP_D1_Z0_1_repair_start,417,EM,-37642.636,0.0477313,1.3e-06,1.49,2748.9
SONGAP_D1_Z0_1_repair_start,418,EM,-37642.589,0.0472211,1.3e-06,0.89,2749.8
SONGAP_D1_Z0_1_repair_start,419,EM,-37642.542,0.0466988,1.2e-06,2.09,2751.9
SONGAP_D1_Z0_1_repair_start,420,EM,-37642.496,0.0461699,1.2e-06,11.14,2763.0
SONGAP_D1_Z0_1_repair_start,421,EM,-37642.45,0.045627,1.2e-06,3.13,2766.1
SONGAP_D1_Z0_1_repair_start,422,EM,-37642.405,0.0450741,1.2e-06,2.04,2768.2
SONGAP_D1_Z0_1_repair_start,423,EM,-37642.361,0.0445213,1.2e-06,2.1,2770.3
SONGAP_D1_Z0_1_repair_start,424,EM,-37642.317,0.0439595,1.2e-06,1.3,2771.6
SONGAP_D1_Z0_1_repair_start,425,EM,-37642.273,0.0433813,1.2e-06,1.53,2773.1
SONGAP_D1_Z0_1_repair_start,426,EM,-37642.231,0.0428062,1.1e-06,1.66,2774.8
SONGAP_D1_Z0_1_repair_start,427,EM,-37642.188,0.0422339,1.1e-06,1.81,2776.6
SONGAP_D1_Z0_1_repair_start,428,EM,-37642.147,0.0416525,1.1e-06,1.71,2778.3
SONGAP_D1_Z0_1_repair_start,429,EM,-37642.106,0.0410736,1.1e-06,1.49,2779.8
SONGAP_D1_Z0_1_repair_start,430,EM,-37642.065,0.0404885,1.1e-06,98.91,2878.7
SONGAP_D1_Z0_1_repair_start,431,EM,-37642.025,0.0399101,1.1e-06,9.3,2888.0
SONGAP_D1_Z0_1_repair_start,432,EM,-37641.986,0.0393296,1e-06,4.17,2892.2
SONGAP_D1_Z0_1_repair_start,433,EM,-37641.947,0.0387448,1e-06,1.08,2893.2
SONGAP_D1_Z0_1_repair_start,434,EM,-37641.909,0.0381713,1e-06,1.24,2894.5
SONGAP_D1_Z0_1_repair_start,435,EM,-37641.871,0.0375972,1e-06,1.26,2895.7
SONGAP_D1_Z0_1_repair_start,436,EM,-37641.834,0.0370275,1e-06,1.63,2897.4
SONGAP_D1_Z0_1_repair_start,437,EM,-37641.798,0.0364617,1e-06,9.16,2906.5
SONGAP_D1_Z0_1_repair_start,438,EM,-37641.762,0.0359023,1e-06,2.87,2909.4
SONGAP_D1_Z0_1_repair_start,439,EM,-37641.727,0.0353466,9e-07,2.96,2912.4
SONGAP_D1_Z0_1_repair_start,440,EM,-37641.692,0.0347973,9e-07,11.59,2924.0
SONGAP_D1_Z0_1_repair_start,441,EM,-37641.658,0.0342648,9e-07,2.91,2926.9
SONGAP_D1_Z0_1_repair_start,442,EM,-37641.624,0.0337141,9e-07,1.72,2928.6
SONGAP_D1_Z0_1_repair_start,443,EM,-37641.591,0.0331898,9e-07,1.52,2930.1
SONGAP_D1_Z0_1_repair_start,444,EM,-37641.558,0.0326696,9e-07,2.59,2932.7
SONGAP_D1_Z0_1_repair_start,445,EM,-37641.526,0.0321552,9e-07,13.77,2946.5
SONGAP_D1_Z0_1_repair_start,446,EM,-37641.494,0.0316564,8e-07,2.97,2949.4
SONGAP_D1_Z0_1_repair_start,447,EM,-37641.463,0.0311478,8e-07,2.36,2951.8
SONGAP_D1_Z0_1_repair_start,448,EM,-37641.432,0.0306545,8e-07,2.18,2954.0
SONGAP_D1_Z0_1_repair_start,449,EM,-37641.402,0.0301847,8e-07,14.16,2968.1
SONGAP_D1_Z0_1_repair_start,450,EM,-37641.372,0.0297228,8e-07,6.97,2975.1
SONGAP_D1_Z0_1_repair_start,451,EM,-37641.343,0.0292505,8e-07,1.71,2976.8
SONGAP_D1_Z0_1_repair_start,452,EM,-37641.314,0.0287984,8e-07,2.06,2978.9
SONGAP_D1_Z0_1_repair_start,453,EM,-37641.286,0.0283536,8e-07,1.46,2980.3
SONGAP_D1_Z0_1_repair_start,454,EM,-37641.258,0.0279228,7e-07,2.38,2982.7
SONGAP_D1_Z0_1_repair_start,455,EM,-37641.231,0.0275041,7e-07,1.2,2983.9
SONGAP_D1_Z0_1_repair_start,456,EM,-37641.204,0.0270812,7e-07,1.27,2985.2
SONGAP_D1_Z0_1_repair_start,457,EM,-37641.177,0.026676,7e-07,1.03,2986.2
SONGAP_D1_Z0_1_repair_start,458,EM,-37641.151,0.0262983,7e-07,1.38,2987.6
SONGAP_D1_Z0_1_repair_start,459,EM,-37641.125,0.0258804,7e-07,1.32,2988.9
SONGAP_D1_Z0_1_repair_start,460,EM,-37641.099,0.0255166,7e-07,1.29,2990.2
SONGAP_D1_Z0_1_repair_start,461,EM,-37641.074,0.0251471,7e-07,1.39,2991.6
SONGAP_D1_Z0_1_repair_start,462,EM,-37641.049,0.0247941,7e-07,1.16,2992.8
SONGAP_D1_Z0_1_repair_start,463,EM,-37641.025,0.0244401,6e-07,0.9,2993.7
SONGAP_D1_Z0_1_repair_start,464,EM,-37641.001,0.024107,6e-07,1.56,2995.2
SONGAP_D1_Z0_1_repair_start,465,EM,-37640.977,0.0237712,6e-07,0.72,2995.9
SONGAP_D1_Z0_1_repair_start,466,EM,-37640.953,0.0234589,6e-07,1.01,2996.9
SONGAP_D1_Z0_1_repair_start,467,EM,-37640.93,0.0231471,6e-07,1.64,2998.6
SONGAP_D1_Z0_1_repair_start,468,EM,-37640.907,0.0228422,6e-07,9.8,3008.4
SONGAP_D1_Z0_1_repair_start,469,EM,-37640.885,0.0225382,6e-07,2.17,3010.5
SONGAP_D1_Z0_1_repair_start,470,EM,-37640.863,0.0222783,6e-07,1.65,3012.2
SONGAP_D1_Z0_1_repair_start,471,EM,-37640.841,0.0219984,6e-07,1.44,3013.6
SONGAP_D1_Z0_1_repair_start,472,EM,-37640.819,0.021737,6e-07,1.98,3015.6
SONGAP_D1_Z0_1_repair_start,473,EM,-37640.797,0.0214742,6e-07,9.92,3025.5
SONGAP_D1_Z0_1_repair_start,474,EM,-37640.776,0.0212308,6e-07,10.52,3036.1
SONGAP_D1_Z0_1_repair_start,475,EM,-37640.755,0.0209958,6e-07,2.21,3038.3
SONGAP_D1_Z0_1_repair_start,476,EM,-37640.734,0.0207559,6e-07,1.3,3039.6
SONGAP_D1_Z0_1_repair_start,477,EM,-37640.714,0.0205366,5e-07,1.56,3041.2
SONGAP_D1_Z0_1_repair_start,478,EM,-37640.694,0.0203238,5e-07,1.21,3042.4
SONGAP_D1_Z0_1_repair_start,479,EM,-37640.673,0.0201348,5e-07,1.75,3044.1
SONGAP_D1_Z0_1_repair_start,480,EM,-37640.653,0.0199283,5e-07,1.06,3045.2
SONGAP_D1_Z0_1_repair_start,481,EM,-37640.634,0.0197315,5e-07,114.58,3159.8
SONGAP_D1_Z0_1_repair_start,482,EM,-37640.614,0.0195599,5e-07,2.55,3162.3
SONGAP_D1_Z0_1_repair_start,483,EM,-37640.595,0.0193926,5e-07,13.71,3176.0
SONGAP_D1_Z0_1_repair_start,484,EM,-37640.576,0.0192128,5e-07,8.63,3184.6
SONGAP_D1_Z0_1_repair_start,485,EM,-37640.557,0.0190784,5e-07,12.77,3197.4
SONGAP_D1_Z0_1_repair_start,486,EM,-37640.538,0.0189366,5e-07,5.58,3203.0
SONGAP_D1_Z0_1_repair_start,487,EM,-37640.519,0.0187867,5e-07,2.75,3205.7
SONGAP_D1_Z0_1_repair_start,488,EM,-37640.5,0.0186518,5e-07,14.79,3220.5
SONGAP_D1_Z0_1_repair_start,489,EM,-37640.482,0.0185274,5e-07,9.66,3230.2
SONGAP_D1_Z0_1_repair_start,490,EM,-37640.463,0.0184191,5e-07,5.15,3235.3
SONGAP_D1_Z0_1_repair_start,491,EM,-37640.445,0.018288,5e-07,9.61,3244.9
SONGAP_D1_Z0_1_repair_start,492,EM,-37640.427,0.0181828,5e-07,4.18,3249.1
SONGAP_D1_Z0_1_repair_start,493,EM,-37640.409,0.0180927,5e-07,0.87,3250.0
SONGAP_D1_Z0_1_repair_start,494,EM,-37640.391,0.0179995,5e-07,0.99,3251.0
SONGAP_D1_Z0_1_repair_start,495,EM,-37640.373,0.0179126,5e-07,1.17,3252.1
SONGAP_D1_Z0_1_repair_start,496,EM,-37640.355,0.01783,5e-07,1.17,3253.3
SONGAP_D1_Z0_1_repair_start,497,EM,-37640.337,0.0177547,5e-07,1.07,3254.4
SONGAP_D1_Z0_1_repair_start,498,EM,-37640.319,0.0176805,5e-07,1.03,3255.4
SONGAP_D1_Z0_1_repair_start,499,EM,-37640.302,0.017623,5e-07,0.93,3256.3
SONGAP_D1_Z0_1_repair_start,500,EM,-37640.284,0.0175619,5e-07,1.26,3257.6
SONGAP_D1_Z0_1_repair_start,501,EM,-37640.267,0.0175061,5e-07,1.21,3258.8
SONGAP_D1_Z0_1_repair_start,502,EM,-37640.249,0.0174565,5e-07,2.28,3261.1
SONGAP_D1_Z0_1_repair_start,503,EM,-37640.232,0.0174114,5e-07,11.59,3272.7
SONGAP_D1_Z0_1_repair_start,504,EM,-37640.215,0.0173737,5e-07,6.84,3279.5
SONGAP_D1_Z0_1_repair_start,505,EM,-37640.197,0.0173307,5e-07,10.8,3290.3
SONGAP_D1_Z0_1_repair_start,506,EM,-37640.18,0.0172918,5e-07,2.11,3292.4
SONGAP_D1_Z0_1_repair_start,507,EM,-37640.163,0.0172692,5e-07,1.41,3293.8
SONGAP_D1_Z0_1_repair_start,508,EM,-37640.145,0.0172406,5e-07,1.56,3295.4
SONGAP_D1_Z0_1_repair_start,509,EM,-37640.128,0.0172144,5e-07,1.37,3296.8
SONGAP_D1_Z0_1_repair_start,510,EM,-37640.111,0.0171851,5e-07,1.12,3297.9
SONGAP_D1_Z0_1_repair_start,511,EM,-37640.094,0.0171775,5e-07,1.06,3298.9
SONGAP_D1_Z0_1_repair_start,512,EM,-37640.077,0.0171477,5e-07,1.62,3300.6
SONGAP_D1_Z0_1_repair_start,513,EM,-37640.06,0.0171462,5e-07,2.73,3303.3
SONGAP_D1_Z0_1_repair_start,514,EM,-37640.042,0.0171255,5e-07,12.05,3315.3
SONGAP_D1_Z0_1_repair_start,515,EM,-37640.025,0.0171126,5e-07,10.41,3325.7
SONGAP_D1_Z0_1_repair_start,516,EM,-37640.008,0.0170986,5e-07,10.95,3336.7
SONGAP_D1_Z0_1_repair_start,517,EM,-37639.991,0.0170866,5e-07,1.32,3338.0
SONGAP_D1_Z0_1_repair_start,518,EM,-37639.974,0.0170639,5e-07,1.75,3339.8
SONGAP_D1_Z0_1_repair_start,519,EM,-37639.957,0.0170741,5e-07,2.1,3341.9
SONGAP_D1_Z0_1_repair_start,520,EM,-37639.94,0.0170459,5e-07,1.45,3343.3
SONGAP_D1_Z0_1_repair_start,521,EM,-37639.923,0.0170377,5e-07,1.85,3345.2
SONGAP_D1_Z0_1_repair_start,522,EM,-37639.906,0.0170212,5e-07,1.57,3346.7
SONGAP_D1_Z0_1_repair_start,523,EM,-37639.889,0.0170047,5e-07,2.34,3349.1
SONGAP_D1_Z0_1_repair_start,524,EM,-37639.872,0.0169839,5e-07,1.29,3350.4
SONGAP_D1_Z0_1_repair_start,525,EM,-37639.855,0.0169627,5e-07,1.21,3351.6
SONGAP_D1_Z0_1_repair_start,526,EM,-37639.838,0.0169403,5e-07,2.07,3353.7
SONGAP_D1_Z0_1_repair_start,527,QN,-37638.682,1.155574,3.07e-05,163.42,3517.1
SONGAP_D1_Z0_1_repair_start,528,EM,-37638.327,0.3558769,9.5e-06,2.62,3519.7
SONGAP_D1_Z0_1_repair_start,529,EM,-37638.245,0.0813409,2.2e-06,9.63,3529.3
SONGAP_D1_Z0_1_repair_start,530,EM,-37638.226,0.0188724,5e-07,2.6,3531.9
SONGAP_D1_Z0_1_repair_start,531,EM,-37638.234,-0.0073859,-2e-07,2.34,3534.3
SONGAP_D1_Z0_1_repair_start,532,EM,-37638.253,-0.0197793,-5e-07,13.9,3548.2
SONGAP_D1_Z0_1_repair_start,533,EM,-37638.28,-0.0261085,-7e-07,6.05,3554.2
SONGAP_D1_Z0_1_repair_start,534,EM,-37638.309,-0.0294083,-8e-07,1.63,3555.9
SONGAP_D1_Z0_1_repair_start,535,EM,-37638.34,-0.0310483,-8e-07,2.8,3558.7
SONGAP_D1_Z0_1_repair_start,536,EM,-37638.372,-0.031706,-8e-07,87.5,3646.2
SONGAP_D1_Z0_1_repair_start,537,EM,-37638.403,-0.0316735,-8e-07,1.28,3647.4
SONGAP_D1_Z0_1_repair_start,538,EM,-37638.435,-0.0312006,-8e-07,1.9,3649.3
SONGAP_D1_Z0_1_repair_start,539,EM,-37638.465,-0.0304197,-8e-07,13.31,3662.6
SONGAP_D1_Z0_1_repair_start,540,EM,-37638.494,-0.0294341,-8e-07,5.84,3668.5
SONGAP_D1_Z0_1_repair_start,541,EM,-37638.523,-0.0283277,-8e-07,1.61,3670.1
SONGAP_D1_Z0_1_repair_start,542,QN,-37638.168,0.3551642,9.4e-06,802.59,4472.7
SONGAP_D1_Z0_1_repair_start,543,EM,-37637.909,0.2587655,6.9e-06,3.98,4476.7
SONGAP_D1_Z0_1_repair_start,544,EM,-37637.84,0.0688856,1.8e-06,0.97,4477.6
SONGAP_D1_Z0_1_repair_start,545,EM,-37637.822,0.0176072,5e-07,1.9,4479.5
SONGAP_D1_Z0_1_repair_start,546,EM,-37637.826,-0.0037915,-1e-07,8.46,4488.0
SONGAP_D1_Z0_1_repair_start,547,EM,-37637.84,-0.0138746,-4e-07,7.64,4495.6
SONGAP_D1_Z0_1_repair_start,548,EM,-37637.859,-0.0192702,-5e-07,7.7,4503.3
SONGAP_D1_Z0_1_repair_start,549,EM,-37637.882,-0.0224734,-6e-07,7.03,4510.4
SONGAP_D1_Z0_1_repair_start,550,EM,-37637.906,-0.0245311,-7e-07,2.02,4512.4
SONGAP_D1_Z0_1_repair_start,551,EM,-37637.932,-0.0258431,-7e-07,1.62,4514.0
SONGAP_D1_Z0_1_repair_start,552,EM,-37637.959,-0.0266395,-7e-07,1.92,4515.9
SONGAP_D1_Z0_1_repair_start,553,EM,-37637.986,-0.0270807,-7e-07,9.13,4525.0
SONGAP_D1_Z0_1_repair_start,554,EM,-37638.013,-0.0271824,-7e-07,2.37,4527.4
SONGAP_D1_Z0_1_repair_start,555,EM,-37638.04,-0.0270634,-7e-07,7.77,4535.2
SONGAP_D1_Z0_1_repair_start,556,EM,-37638.067,-0.0267187,-7e-07,1.58,4536.8
SONGAP_D1_Z0_1_repair_start,557,EM,-37638.093,-0.0262026,-7e-07,1.96,4538.7
SONGAP_D1_Z0_1_repair_start,558,EM,-37638.119,-0.0255586,-7e-07,7.35,4546.1
SONGAP_D1_Z0_1_repair_start,559,EM,-37638.143,-0.0247917,-7e-07,9.51,4555.6
SONGAP_D1_Z0_1_repair_start,560,EM,-37638.167,-0.0239486,-6e-07,3.39,4559.0
SONGAP_D1_Z0_1_repair_start,561,EM,-37638.19,-0.0230113,-6e-07,1.18,4560.2
SONGAP_D1_Z0_1_repair_start,562,EM,-37638.212,-0.0220308,-6e-07,0.86,4561.0
SONGAP_D1_Z0_1_repair_start,563,EM,-37638.233,-0.0210114,-6e-07,1.07,4562.1
SONGAP_D1_Z0_1_repair_start,564,EM,-37638.253,-0.0199377,-5e-07,1.0,4563.1
SONGAP_D1_Z0_1_repair_start,565,EM,-37638.272,-0.0188604,-5e-07,0.72,4563.8
SONGAP_D1_Z0_1_repair_start,566,EM,-37638.29,-0.0177542,-5e-07,1.09,4564.9
SONGAP_D1_Z0_1_repair_start,567,EM,-37638.307,-0.01668,-4e-07,0.79,4565.7
SONGAP_D1_Z0_1_repair_start,568,EM,-37638.322,-0.0155744,-4e-07,1.4,4567.1
SONGAP_D1_Z0_1_repair_start,569,EM,-37638.337,-0.0144749,-4e-07,10.44,4577.5
SONGAP_D1_Z0_1_repair_start,570,EM,-37638.35,-0.0134127,-4e-07,9.27,4586.8
SONGAP_D1_Z0_1_repair_start,571,EM,-37638.362,-0.0123443,-3e-07,10.85,4597.7
SONGAP_D1_Z0_1_repair_start,572,EM,-37638.374,-0.0112869,-3e-07,4.17,4601.8
SONGAP_D1_Z0_1_repair_start,573,EM,-37638.384,-0.0102606,-3e-07,1.77,4603.6
SONGAP_D1_Z0_1_repair_start,574,EM,-37638.393,-0.0092443,-2e-07,10.18,4613.8
SONGAP_D1_Z0_1_repair_start,575,EM,-37638.401,-0.0082648,-2e-07,4.03,4617.8
SONGAP_D1_Z0_1_repair_start,576,EM,-37638.409,-0.0072998,-2e-07,1.56,4619.4
SONGAP_D1_Z0_1_repair_start,577,EM,-37638.415,-0.0063565,-2e-07,2.41,4621.8
SONGAP_D1_Z0_1_repair_start,578,EM,-37638.421,-0.005447,-1e-07,14.24,4636.0
SONGAP_D1_Z0_1_repair_start,579,EM,-37638.425,-0.0045472,-1e-07,16.45,4652.5
SONGAP_D1_Z0_1_repair_start,580,EM,-37638.429,-0.00369,-1e-07,16.55,4669.0
SONGAP_D1_Z0_1_repair_start,581,EM,-37638.432,-0.0028497,-1e-07,3.95,4673.0
SONGAP_D1_Z0_1_repair_start,582,EM,-37638.434,-0.0020374,-1e-07,14.23,4687.2
SONGAP_D1_Z0_1_repair_start,583,EM,-37638.435,-0.0012469,0.0,4.05,4691.3
SONGAP_D1_Z0_1_repair_start,584,EM,-37638.435,-0.0004902,0.0,13.31,4704.6
SONGAP_D1_Z0_1_repair_start,585,EM,-37638.435,0.0002373,0.0,12.44,4717.0
SONGAP_D1_Z0_1_repair_start,586,EM,-37638.434,0.0009509,0.0,4.68,4721.7
SONGAP_D1_Z0_1_repair_start,587,EM,-37638.433,0.0016386,0.0,1.29,4723.0
SONGAP_D1_Z0_1_repair_start,588,EM,-37638.43,0.0022849,1e-07,2.03,4725.0
SONGAP_D1_Z0_1_repair_start,589,EM,-37638.427,0.0029206,1e-07,9.85,4734.9
SONGAP_D1_Z0_1_repair_start,590,EM,-37638.424,0.0035237,1e-07,10.24,4745.1
SONGAP_D1_Z0_1_repair_start,591,EM,-37638.42,0.0041066,1e-07,11.49,4756.6
SONGAP_D1_Z0_1_repair_start,592,EM,-37638.415,0.0046661,1e-07,105.56,4862.1
SONGAP_D1_Z0_1_repair_start,593,EM,-37638.41,0.0052081,1e-07,5.35,4867.5
SONGAP_D1_Z0_1_repair_start,594,EM,-37638.404,0.0057188,2e-07,2.23,4869.7
SONGAP_D1_Z0_1_repair_start,595,EM,-37638.398,0.006199,2e-07,12.04,4881.8
SONGAP_D1_Z0_1_repair_start,596,EM,-37638.391,0.0066694,2e-07,2.31,4884.1
SONGAP_D1_Z0_1_repair_start,597,EM,-37638.384,0.007113,2e-07,1.56,4885.6
SONGAP_D1_Z0_1_repair_start,598,EM,-37638.377,0.0075444,2e-07,1.77,4887.4
SONGAP_D1_Z0_1_repair_start,599,EM,-37638.369,0.0079448,2e-07,12.35,4899.8
SONGAP_D1_Z0_1_repair_start,600,EM,-37638.36,0.008331,2e-07,15.16,4914.9
SONGAP_D1_Z0_1_repair_start,601,EM,-37638.352,0.008692,2e-07,31.33,4946.2
SONGAP_D1_Z0_1_repair_start,602,EM,-37638.343,0.0090482,2e-07,13.5,4959.7
SONGAP_D1_Z0_1_repair_start,603,EM,-37638.333,0.0093818,2e-07,2.29,4962.0
SONGAP_D1_Z0_1_repair_start,604,EM,-37638.324,0.0096898,3e-07,2.09,4964.1
SONGAP_D1_Z0_1_repair_start,605,EM,-37638.314,0.009986,3e-07,3.14,4967.3
SONGAP_D1_Z0_1_repair_start,606,EM,-37638.303,0.0102679,3e-07,19.21,4986.5
SONGAP_D1_Z0_1_repair_start,607,EM,-37638.293,0.0105324,3e-07,19.14,5005.6
SONGAP_D1_Z0_1_repair_start,608,EM,-37638.282,0.0107827,3e-07,6.61,5012.2
SONGAP_D1_Z0_1_repair_start,609,EM,-37638.271,0.0110298,3e-07,2.27,5014.5
SONGAP_D1_Z0_1_repair_start,610,EM,-37638.26,0.0112484,3e-07,2.56,5017.0
SONGAP_D1_Z0_1_repair_start,611,EM,-37638.248,0.0114577,3e-07,1.88,5018.9
SONGAP_D1_Z0_1_repair_start,612,EM,-37638.237,0.0116595,3e-07,15.67,5034.6
SONGAP_D1_Z0_1_repair_start,613,EM,-37638.225,0.0118485,3e-07,7.02,5041.6
SONGAP_D1_Z0_1_repair_start,614,EM,-37638.213,0.0119994,3e-07,18.96,5060.6
SONGAP_D1_Z0_1_repair_start,615,EM,-37638.201,0.0121707,3e-07,23.0,5083.6
SONGAP_D1_Z0_1_repair_start,616,EM,-37638.188,0.0123532,3e-07,25.26,5108.9
SONGAP_D1_Z0_1_repair_start,617,EM,-37638.176,0.0124977,3e-07,3.83,5112.7
SONGAP_D1_Z0_1_repair_start,618,EM,-37638.163,0.0126345,3e-07,2.3,5115.0
SONGAP_D1_Z0_1_repair_start,619,EM,-37638.15,0.012758,3e-07,4.74,5119.7
SONGAP_D1_Z0_1_repair_start,620,EM,-37638.137,0.0128719,3e-07,21.95,5141.7
SONGAP_D1_Z0_1_repair_start,621,EM,-37638.124,0.0129842,3e-07,7.11,5148.8
SONGAP_D1_Z0_1_repair_start,622,EM,-37638.111,0.013082,3e-07,1.6,5150.4
SONGAP_D1_Z0_1_repair_start,623,EM,-37638.098,0.0131922,4e-07,2.29,5152.7
SONGAP_D1_Z0_1_repair_start,624,EM,-37638.085,0.0132749,4e-07,17.13,5169.8
SONGAP_D1_Z0_1_repair_start,625,EM,-37638.072,0.0133606,4e-07,3.45,5173.3
SONGAP_D1_Z0_1_repair_start,626,EM,-37638.058,0.0134191,4e-07,1.62,5174.9
SONGAP_D1_Z0_1_repair_start,627,EM,-37638.045,0.0135,4e-07,1.56,5176.4
SONGAP_D1_Z0_1_repair_start,628,EM,-37638.031,0.0135733,4e-07,3.12,5179.6
SONGAP_D1_Z0_1_repair_start,629,EM,-37638.017,0.0136242,4e-07,17.35,5196.9
SONGAP_D1_Z0_1_repair_start,630,EM,-37638.004,0.0136907,4e-07,9.71,5206.6
SONGAP_D1_Z0_1_repair_start,631,EM,-37637.99,0.013739,4e-07,16.87,5223.5
SONGAP_D1_Z0_1_repair_start,632,EM,-37637.976,0.0137794,4e-07,2.82,5226.3
SONGAP_D1_Z0_1_repair_start,633,EM,-37637.962,0.013834,4e-07,3.84,5230.2
SONGAP_D1_Z0_1_repair_start,634,EM,-37637.949,0.013879,4e-07,18.36,5248.5
SONGAP_D1_Z0_1_repair_start,635,EM,-37637.935,0.0139014,4e-07,3.06,5251.6
SONGAP_D1_Z0_1_repair_start,636,EM,-37637.921,0.0139309,4e-07,1.82,5253.4
SONGAP_D1_Z0_1_repair_start,637,EM,-37637.907,0.0139883,4e-07,1.15,5254.6
SONGAP_D1_Z0_1_repair_start,638,EM,-37637.893,0.0140044,4e-07,3.07,5257.6
SONGAP_D1_Z0_1_repair_start,639,EM,-37637.879,0.0140316,4e-07,17.6,5275.2
SONGAP_D1_Z0_1_repair_start,640,EM,-37637.865,0.0140454,4e-07,17.11,5292.3
SONGAP_D1_Z0_1_repair_start,641,EM,-37637.851,0.0140688,4e-07,5.85,5298.2
SONGAP_D1_Z0_1_repair_start,642,EM,-37637.836,0.0140968,4e-07,2.81,5301.0
SONGAP_D1_Z0_1_repair_start,643,EM,-37637.822,0.0141067,4e-07,110.78,5411.8
SONGAP_D1_Z0_1_repair_start,644,EM,-37637.808,0.0141233,4e-07,7.48,5419.3
SONGAP_D1_Z0_1_repair_start,645,EM,-37637.794,0.0141349,4e-07,1.84,5421.1
SONGAP_D1_Z0_1_repair_start,646,EM,-37637.78,0.0141432,4e-07,1.85,5423.0
SONGAP_D1_Z0_1_repair_start,647,EM,-37637.766,0.0141603,4e-07,1.44,5424.4
SONGAP_D1_Z0_1_repair_start,648,EM,-37637.752,0.0141641,4e-07,1.58,5426.0
SONGAP_D1_Z0_1_repair_start,649,EM,-37637.737,0.0141732,4e-07,1.79,5427.8
SONGAP_D1_Z0_1_repair_start,650,EM,-37637.723,0.0141785,4e-07,1.61,5429.4
SONGAP_D1_Z0_1_repair_start,651,EM,-37637.709,0.0141824,4e-07,2.2,5431.6
SONGAP_D1_Z0_1_repair_start,652,EM,-37637.695,0.0141908,4e-07,18.22,5449.8
SONGAP_D1_Z0_1_repair_start,653,EM,-37637.681,0.0141937,4e-07,2.62,5452.4
SONGAP_D1_Z0_1_repair_start,654,EM,-37637.667,0.0141872,4e-07,2.69,5455.1
SONGAP_D1_Z0_1_repair_start,655,EM,-37637.652,0.0141908,4e-07,18.07,5473.2
SONGAP_D1_Z0_1_repair_start,656,EM,-37637.638,0.0142082,4e-07,16.96,5490.1
SONGAP_D1_Z0_1_repair_start,657,EM,-37637.624,0.0141977,4e-07,3.12,5493.2
SONGAP_D1_Z0_1_repair_start,658,EM,-37637.61,0.0142035,4e-07,2.33,5495.6
SONGAP_D1_Z0_1_repair_start,659,EM,-37637.596,0.0142016,4e-07,17.49,5513.1
SONGAP_D1_Z0_1_repair_start,660,EM,-37637.581,0.0142065,4e-07,16.58,5529.7
SONGAP_D1_Z0_1_repair_start,661,EM,-37637.567,0.014195,4e-07,16.31,5546.0
SONGAP_D1_Z0_1_repair_start,662,EM,-37637.553,0.0141928,4e-07,3.65,5549.6
SONGAP_D1_Z0_1_repair_start,663,EM,-37637.539,0.0141999,4e-07,2.4,5552.0
SONGAP_D1_Z0_1_repair_start,664,EM,-37637.525,0.0141879,4e-07,2.73,5554.7
SONGAP_D1_Z0_1_repair_start,665,EM,-37637.51,0.0141944,4e-07,577.42,6132.2
SONGAP_D1_Z0_1_repair_start,666,EM,-37637.496,0.014188,4e-07,3.53,6135.7
SONGAP_D1_Z0_1_repair_start,667,EM,-37637.482,0.0141873,4e-07,10.92,6146.6
SONGAP_D1_Z0_1_repair_start,668,EM,-37637.468,0.0141817,4e-07,7.3,6153.9
SONGAP_D1_Z0_1_repair_start,669,EM,-37637.454,0.0141796,4e-07,7.26,6161.2
SONGAP_D1_Z0_1_repair_start,670,EM,-37637.439,0.0141732,4e-07,7.25,6168.4
SONGAP_D1_Z0_1_repair_start,671,EM,-37637.425,0.0141652,4e-07,1.83,6170.3
SONGAP_D1_Z0_1_repair_start,672,EM,-37637.411,0.0141724,4e-07,1.73,6172.0
SONGAP_D1_Z0_1_repair_start,673,EM,-37637.397,0.0141638,4e-07,8.72,6180.7
SONGAP_D1_Z0_1_repair_start,674,EM,-37637.383,0.0141592,4e-07,10.39,6191.1
SONGAP_D1_Z0_1_repair_start,675,EM,-37637.369,0.0141561,4e-07,1.96,6193.1
SONGAP_D1_Z0_1_repair_start,676,EM,-37637.354,0.0141466,4e-07,2.02,6195.1
SONGAP_D1_Z0_1_repair_start,677,EM,-37637.34,0.0141368,4e-07,12.1,6207.2
SONGAP_D1_Z0_1_repair_start,678,EM,-37637.326,0.0141422,4e-07,11.71,6218.9
SONGAP_D1_Z0_1_repair_start,679,EM,-37637.312,0.0141354,4e-07,9.51,6228.4
SONGAP_D1_Z0_1_repair_start,680,EM,-37637.298,0.0141297,4e-07,2.52,6230.9
SONGAP_D1_Z0_1_repair_start,681,EM,-37637.284,0.0141233,4e-07,9.36,6240.3
SONGAP_D1_Z0_1_repair_start,682,EM,-37637.27,0.0141153,4e-07,9.3,6249.6
SONGAP_D1_Z0_1_repair_start,683,EM,-37637.256,0.0141123,4e-07,2.27,6251.8
SONGAP_D1_Z0_1_repair_start,684,EM,-37637.241,0.0141034,4e-07,10.58,6262.4
SONGAP_D1_Z0_1_repair_start,685,EM,-37637.227,0.0140967,4e-07,9.7,6272.1
SONGAP_D1_Z0_1_repair_start,686,EM,-37637.213,0.0140835,4e-07,1.75,6273.9
SONGAP_D1_Z0_1_repair_start,687,EM,-37637.199,0.01408,4e-07,1.73,6275.6
SONGAP_D1_Z0_1_repair_start,688,EM,-37637.185,0.0140759,4e-07,9.86,6285.5
SONGAP_D1_Z0_1_repair_start,689,EM,-37637.171,0.0140659,4e-07,10.05,6295.5
SONGAP_D1_Z0_1_repair_start,690,EM,-37637.157,0.0140569,4e-07,10.63,6306.2
SONGAP_D1_Z0_1_repair_start,691,EM,-37637.143,0.0140513,4e-07,1.53,6307.7
SONGAP_D1_Z0_1_repair_start,692,EM,-37637.129,0.0140375,4e-07,1.24,6308.9
SONGAP_D1_Z0_1_repair_start,693,EM,-37637.115,0.0140388,4e-07,1.79,6310.7
SONGAP_D1_Z0_1_repair_start,694,EM,-37637.101,0.0140202,4e-07,91.08,6401.8
SONGAP_D1_Z0_1_repair_start,695,EM,-37637.087,0.014004,4e-07,3.54,6405.3
SONGAP_D1_Z0_1_repair_start,696,EM,-37637.073,0.013999,4e-07,2.39,6407.7
SONGAP_D1_Z0_1_repair_start,697,EM,-37637.059,0.0139871,4e-07,1.93,6409.7
SONGAP_D1_Z0_1_repair_start,698,EM,-37637.045,0.0139783,4e-07,1.93,6411.6
SONGAP_D1_Z0_1_repair_start,699,EM,-37637.031,0.0139644,4e-07,2.1,6413.7
SONGAP_D1_Z0_1_repair_start,700,EM,-37637.017,0.0139518,4e-07,1.04,6414.7
SONGAP_D1_Z0_1_repair_start,701,EM,-37637.003,0.0139385,4e-07,1.77,6416.5
SONGAP_D1_Z0_1_repair_start,702,EM,-37636.989,0.0139242,4e-07,177.64,6594.1
SONGAP_D1_Z0_1_repair_start,703,EM,-37636.975,0.0139102,4e-07,17.52,6611.7
SONGAP_D1_Z0_1_repair_start,704,EM,-37636.961,0.0138954,4e-07,3.84,6615.5
SONGAP_D1_Z0_1_repair_start,705,EM,-37636.947,0.0138809,4e-07,17.16,6632.7
SONGAP_D1_Z0_1_repair_start,706,EM,-37636.934,0.0138644,4e-07,18.47,6651.1
SONGAP_D1_Z0_1_repair_start,707,EM,-37636.92,0.013848,4e-07,4.26,6655.4
SONGAP_D1_Z0_1_repair_start,708,EM,-37636.906,0.0138326,4e-07,16.05,6671.4
SONGAP_D1_Z0_1_repair_start,709,EM,-37636.892,0.0138023,4e-07,17.75,6689.2
SONGAP_D1_Z0_1_repair_start,710,EM,-37636.878,0.0137921,4e-07,17.88,6707.1
SONGAP_D1_Z0_1_repair_start,711,EM,-37636.865,0.0137753,4e-07,19.0,6726.1
SONGAP_D1_Z0_1_repair_start,712,EM,-37636.851,0.0137518,4e-07,2.84,6728.9
SONGAP_D1_Z0_1_repair_start,713,EM,-37636.837,0.0137359,4e-07,2.64,6731.6
SONGAP_D1_Z0_1_repair_start,714,EM,-37636.823,0.0137104,4e-07,20.52,6752.1
SONGAP_D1_Z0_1_repair_start,715,EM,-37636.81,0.0136895,4e-07,3.99,6756.1
SONGAP_D1_Z0_1_repair_start,716,EM,-37636.796,0.0136688,4e-07,1.98,6758.0
SONGAP_D1_Z0_1_repair_start,717,EM,-37636.782,0.0136387,4e-07,2.82,6760.9
SONGAP_D1_Z0_1_repair_start,718,EM,-37636.769,0.0136134,4e-07,17.13,6778.0
SONGAP_D1_Z0_1_repair_start,719,EM,-37636.755,0.0135913,4e-07,6.15,6784.1
SONGAP_D1_Z0_1_repair_start,720,EM,-37636.742,0.0135609,4e-07,17.29,6801.4
SONGAP_D1_Z0_1_repair_start,721,EM,-37636.728,0.0135343,4e-07,19.04,6820.5
SONGAP_D1_Z0_1_repair_start,722,EM,-37636.715,0.013514,4e-07,2.51,6823.0
SONGAP_D1_Z0_1_repair_start,723,EM,-37636.701,0.0134709,4e-07,2.42,6825.4
SONGAP_D1_Z0_1_repair_start,724,EM,-37636.688,0.0134509,4e-07,7.2,6832.6
SONGAP_D1_Z0_1_repair_start,725,EM,-37636.674,0.0134126,4e-07,5.54,6838.1
