 0.95765927E-02    0.37578536E-02    0.16277628E-01    0.44741535E-02    0.34567080E-02
 0.16997139E-01    0.13818820E-02   -0.46487925E-02   -0.33380350E-03    0.44872900E-02
-0.75769021E-03    0.76258376E-03   -0.83025138E-04   -0.43938730E-03    0.61200323E-03
 0.53593413E-04   -0.10398127E-02   -0.12868605E-03    0.41064745E-03   -0.58673087E-04
 0.53906038E-03    0.10144827E-02    0.11929490E-02   -0.37559419E-02    0.27378884E-03
 0.50524544E-04    0.40622973E-04    0.26887287E-02    0.16695514E-02    0.17293211E-02
 0.14201938E-02   -0.11867214E-03    0.27511466E-04    0.13414558E-04    0.30028194E-03
 0.13874577E-02   -0.15065427E-03    0.55938275E-03    0.27088815E-03   -0.50545858E-03
 0.84776042E-04   -0.68305261E-04   -0.13948380E-03    0.34849309E-05    0.64826468E-03
-0.24964943E-04   -0.77863106E-04   -0.34889700E-04    0.92015389E-04    0.26154088E-04
 0.14059802E-04    0.40481837E-04    0.63016103E-05    0.12040532E-04    0.61389871E-03
 0.53421407E-04   -0.20282746E-03   -0.44158501E-04    0.13133328E-03   -0.13447586E-04
 0.67314366E-04    0.52840926E-04    0.42272037E-04   -0.54007575E-04    0.10776665E-03
 0.78479025E-03    0.13242101E-03    0.22601830E-03   -0.47268949E-04    0.29792679E-04
 0.10534498E-04    0.62588727E-04    0.24701050E-03    0.11735122E-03   -0.16080677E-04
 0.27917822E-04    0.65636357E-04    0.14676339E-02    0.14496365E-03    0.41195093E-03
 0.24059755E-03   -0.96887870E-04    0.30810458E-04    0.88780829E-04    0.87632901E-04
 0.18085506E-03   -0.22887191E-04    0.69643675E-04    0.19409692E-03    0.31436675E-03
 0.27447039E-02    0.37537221E-03   -0.21764470E-02    0.13161187E-02    0.90619765E-03
-0.27293433E-03    0.11356582E-03   -0.44232109E-03   -0.78638533E-04   -0.43599006E-04
 0.17008848E-04    0.54562546E-04   -0.10546292E-03   -0.25440083E-03    0.13134700E-01
-0.21189222E-02    0.18724424E-02   -0.41363946E-02   -0.10967131E-02    0.27109606E-03
-0.21058750E-03    0.96981110E-03   -0.41834269E-03    0.24652718E-05   -0.52051460E-04
-0.58713898E-05   -0.49928649E-04    0.87319922E-04   -0.10762826E-01    0.20065366E-01
 0.23674716E-03    0.24876251E-03    0.41954129E-03   -0.42491191E-03    0.10661061E-03
-0.57995899E-04   -0.13616232E-03   -0.31591985E-04    0.30290677E-03    0.62068794E-04
 0.61288079E-05    0.74120862E-04   -0.56296505E-04    0.34993821E-02   -0.45983429E-02
 0.10527968E-01    0.16569872E-02   -0.49428868E-02   -0.49027451E-02    0.53150376E-02
-0.66950408E-03    0.47096525E-03    0.25297501E-02    0.17766199E-03   -0.21552124E-02
 0.10445867E-03    0.62391895E-03    0.19856286E-03    0.28587794E-03   -0.70476015E-02
 0.12526358E-01   -0.17322582E-01    0.62679563E-01    0.97072515E-04    0.14084289E-03
 0.37891155E-03    0.48014896E-04   -0.59943893E-05   -0.12628089E-05   -0.76825523E-04
 0.37429286E-04   -0.92195574E-05    0.95408327E-05    0.30391155E-04    0.23920158E-04
 0.27391928E-04   -0.10315123E-03    0.11084412E-03   -0.77196179E-04    0.23548418E-03
 0.95803199E-03    0.35705000E-03    0.15021498E-02   -0.80168703E-03   -0.53835232E-03
 0.49338496E-04   -0.41821626E-04    0.38986186E-03    0.97601447E-04    0.42244278E-04
-0.27826594E-04   -0.41802059E-04    0.57339281E-04    0.22437617E-04   -0.85601180E-03
 0.94135172E-03   -0.13481808E-03    0.31718612E-03   -0.22444036E-03    0.22995973E-02
-0.67031009E-03    0.89928530E-04    0.90157803E-05   -0.44980371E-03    0.19220849E-04
 0.39823888E-04   -0.10787888E-03   -0.28794338E-04   -0.26833396E-04   -0.20277502E-04
-0.60501542E-05    0.11289461E-04    0.47646316E-04   -0.20154603E-02    0.18303904E-02
-0.63871188E-03    0.10695675E-02    0.15670680E-03   -0.14182258E-03    0.21717872E-02
-0.10644380E-02   -0.14535028E-02   -0.46172470E-03    0.29301854E-03   -0.62612222E-05
 0.74267930E-04   -0.14064470E-03   -0.22677698E-03   -0.32977678E-05    0.28829172E-04
 0.48070570E-04    0.81919031E-05    0.37174674E-04   -0.50213296E-03    0.48987886E-03
-0.76256880E-04    0.21516025E-03   -0.40939195E-04   -0.15904094E-03    0.20759980E-03
 0.20170513E-02    0.43177442E-03    0.20242320E-04   -0.75625876E-03   -0.55953533E-04
-0.15964693E-03   -0.13597258E-04    0.30587927E-03   -0.54853626E-05   -0.42915252E-04
-0.99852655E-05   -0.33170384E-04    0.67676949E-04   -0.34586973E-04   -0.22323978E-03
 0.34274692E-03    0.27861900E-04    0.48613052E-03   -0.17628756E-03    0.10637293E-03
 0.88408252E-04    0.89531160E-03    0.27248278E-02   -0.11542200E-03    0.18523971E-03
-0.37999246E-03   -0.66539091E-04    0.24424570E-04   -0.13810467E-04    0.82975059E-04
-0.38478961E-04    0.28478747E-05    0.45438667E-05   -0.14743530E-04    0.98940557E-05
 0.17282029E-04   -0.13135410E-02    0.11480125E-02   -0.39175552E-03    0.75593556E-03
-0.54005782E-05    0.10189621E-03    0.54443235E-04   -0.73251015E-04   -0.57666318E-04
 0.47966206E-03    0.27501211E-04   -0.23220808E-04    0.16858919E-05    0.18678925E-04
-0.71748583E-05    0.34955379E-05    0.17248418E-05    0.95032529E-05   -0.18127777E-05
-0.21955562E-06    0.23193918E-06    0.44526448E-05   -0.22210194E-05    0.81828360E-04
-0.84733688E-04    0.26126059E-04   -0.34646258E-04    0.67495620E-05   -0.12383519E-04
 0.23486399E-05    0.19957832E-05   -0.35364450E-05   -0.70590421E-04    0.27518234E-04
-0.24173598E-03    0.83093665E-03   -0.69407435E-04   -0.55118932E-03    0.10942309E-03
-0.96308135E-04    0.20148354E-04    0.31188008E-04    0.33662169E-04   -0.10366435E-04
-0.74204928E-04   -0.29154427E-04   -0.72072408E-04   -0.16234564E-02    0.14259202E-02
-0.45424132E-03    0.70592262E-03    0.74241376E-04    0.85605126E-04    0.38989498E-03
-0.11450590E-03   -0.70167559E-04    0.25177132E-03    0.43071955E-05    0.30010234E-02
 0.16300813E-03   -0.18606058E-02   -0.12036744E-04    0.77690877E-03   -0.16314568E-03
 0.11907089E-03   -0.14507316E-03   -0.66918380E-04   -0.10663193E-03    0.20116797E-04
-0.38831576E-04   -0.26498721E-04   -0.69825640E-04   -0.11396822E-02    0.61526601E-03
-0.42560022E-03    0.14540572E-02    0.28563821E-04   -0.11680863E-03   -0.16341355E-03
 0.34962542E-03   -0.19052666E-05    0.17403761E-03    0.85334681E-05    0.51954530E-03
 0.47400588E-02    0.17049602E-02    0.54545600E-02   -0.95705473E-04   -0.14238490E-02
 0.23970212E-03   -0.14569157E-03    0.88516796E-03    0.55027195E-03    0.92098988E-04
 0.17173035E-04   -0.76754739E-05    0.10645968E-03    0.15090021E-03   -0.12644678E-02
 0.19864018E-02    0.32536229E-03   -0.84839543E-03    0.32894819E-03    0.85029209E-03
 0.27179575E-03   -0.57450879E-03   -0.69142428E-03    0.98361990E-04    0.81376183E-05
 0.60474327E-03   -0.16151978E-03    0.29797568E-01    0.35949666E-03    0.50735244E-04
 0.10741884E-02    0.26758012E-03   -0.25414963E-04    0.47923839E-04   -0.21002857E-03
 0.92853852E-04   -0.36805937E-05   -0.33581141E-05   -0.70141520E-05   -0.14575328E-04
 0.46168648E-04    0.32407664E-04    0.80876752E-04   -0.52374162E-04    0.10376520E-03
-0.11784837E-03    0.13178968E-03   -0.22954873E-03    0.13241676E-03    0.19810084E-03
-0.13027774E-03   -0.48847862E-04   -0.35360716E-03    0.15624057E-03    0.23076900E-03
 0.34813529E-02    0.60602299E-04    0.42034121E-03    0.24226038E-03   -0.19598701E-03
 0.35503621E-04   -0.33828177E-04    0.14942521E-04    0.20396005E-04    0.22391423E-04
-0.76721095E-05    0.23650657E-05   -0.31179197E-05    0.29395877E-04   -0.62376821E-03
 0.51600081E-03   -0.14236937E-03    0.25141233E-03   -0.27433503E-07    0.25397355E-04
 0.10501283E-03   -0.48937197E-04   -0.64572279E-04    0.12702824E-04   -0.64945888E-05
 0.54093175E-04   -0.17692762E-04    0.28306810E-03   -0.25442996E-04    0.29441978E-03
-0.20240132E-03    0.11108276E-03   -0.27966522E-03   -0.12315936E-03    0.49127613E-04
-0.12025841E-04    0.28878282E-04   -0.30322400E-04    0.10477057E-04   -0.10054015E-06
-0.54099966E-05    0.20791526E-04    0.30511561E-04   -0.50288488E-03    0.28496793E-03
 0.19718276E-04   -0.24580893E-03   -0.18812003E-03   -0.10807610E-03   -0.98915622E-04
 0.28611039E-04    0.66233831E-04    0.39044886E-04   -0.21194553E-05   -0.59291476E-04
-0.12531033E-03   -0.23123054E-03   -0.11277869E-03   -0.57600847E-04    0.44797944E-03
-0.16551252E-04    0.11719696E-02   -0.71964900E-03   -0.36413513E-03    0.10036688E-03
-0.43381580E-04    0.23776877E-03    0.10103335E-03    0.98160716E-04   -0.73556054E-05
 0.26394191E-05    0.19675853E-04   -0.51419449E-04   -0.85927564E-03    0.63519758E-03
-0.82625973E-04   -0.22931233E-03   -0.12567172E-03    0.19133342E-03   -0.82095115E-04
-0.27126489E-03   -0.43297435E-03    0.89154197E-04   -0.21730970E-04   -0.17272345E-03
 0.11589761E-03    0.36276730E-03    0.17403467E-04   -0.15183905E-04    0.13516503E-03
 0.20167115E-02    0.15030779E-03   -0.68381116E-04   -0.39692805E-03    0.10563955E-03
 0.11531603E-04    0.72855470E-05    0.11073801E-03    0.34601916E-04   -0.15688801E-04
 0.11083000E-04    0.56478912E-04    0.38613527E-04   -0.39922214E-05   -0.13633479E-02
 0.10870647E-02   -0.36533163E-03    0.78599220E-03    0.12086017E-03    0.54188875E-04
 0.93651298E-04    0.70947945E-04    0.76074772E-04    0.22308506E-04   -0.40094284E-05
-0.90042481E-05    0.49271987E-04    0.41519916E-03    0.17441698E-04    0.32418469E-04
 0.19345898E-05   -0.25790628E-04    0.21099886E-02   -0.29846408E-03   -0.98321047E-04
-0.78581145E-03   -0.28204014E-03    0.28331510E-04   -0.18401582E-05    0.13330210E-03
-0.79908310E-04    0.16570180E-04   -0.40768651E-04   -0.13751855E-04   -0.23628359E-04
-0.19695959E-04   -0.12327691E-02    0.98540767E-03   -0.31700139E-03    0.33506388E-03
-0.69260124E-04   -0.22036928E-04    0.17316872E-03    0.47288200E-04    0.16843139E-03
 0.16739387E-04   -0.78664547E-05    0.14313143E-03   -0.76013943E-04    0.12474689E-03
-0.58150999E-04    0.15519315E-04   -0.89056540E-05   -0.69709368E-04    0.11893824E-02
 0.19469728E-02    0.40358208E-03   -0.91985082E-03    0.11672125E-03    0.54682021E-03
-0.11474493E-03    0.29698541E-04   -0.60327172E-04    0.19967448E-04   -0.65240448E-04
 0.25489349E-05    0.93003744E-05   -0.78806722E-04   -0.89277213E-05   -0.21699144E-02
 0.20404951E-02   -0.87122755E-03    0.24249551E-02   -0.19113980E-03   -0.48930891E-04
 0.21784815E-04   -0.13057737E-05   -0.74305473E-04    0.92435555E-04   -0.10978827E-04
-0.10309872E-03    0.84377683E-04   -0.43830159E-03    0.63067826E-03   -0.74986413E-04
-0.26550297E-04    0.30250931E-03   -0.80780676E-04   -0.14879002E-03    0.26579645E-02
 0.69531476E-05    0.11637082E-02    0.47861259E-03   -0.50012439E-03    0.53612741E-04
-0.86628355E-04   -0.28038009E-04    0.59036584E-04    0.15620905E-04   -0.42273451E-04
-0.63760899E-04    0.59208845E-05    0.12979731E-04   -0.90268502E-03    0.79811812E-03
-0.19910867E-03    0.72853613E-04    0.89031622E-04   -0.32667764E-04    0.12355189E-03
-0.13824714E-03    0.17274627E-03   -0.40005606E-05   -0.52410638E-05    0.14310039E-03
 0.57583868E-04    0.74844140E-03    0.35802157E-04    0.51477414E-04    0.69947341E-04
 0.13968459E-03    0.11387694E-03    0.13305913E-03   -0.60578376E-04    0.20717509E-02
-0.37152109E-03   -0.25001570E-03    0.53965952E-03    0.52216527E-04    0.16308644E-04
-0.40424353E-04   -0.29286111E-03   -0.11658645E-03    0.38705637E-04    0.92365630E-05
-0.46911855E-04   -0.25203979E-05   -0.99880559E-04   -0.43398353E-03    0.23261474E-03
-0.90643429E-04    0.14971245E-04    0.24532096E-04   -0.10929331E-03    0.47628656E-04
-0.14783341E-05   -0.14684316E-03   -0.34219456E-04   -0.15112694E-04   -0.33593586E-04
 0.11585215E-03    0.96421775E-04    0.84253923E-04    0.13462904E-04    0.69196998E-04
 0.18828913E-04    0.43563560E-04    0.85507853E-04   -0.31779655E-04    0.64569883E-03
 0.20262823E-02    0.16848246E-03   -0.99011513E-04    0.32471412E-04    0.20179158E-03
-0.37900577E-04    0.18078885E-04    0.79207494E-05   -0.21215325E-04    0.21440207E-05
 0.21335643E-04    0.35018211E-05    0.11139171E-03    0.16081185E-04   -0.44227766E-03
 0.47997214E-04   -0.18590250E-05    0.61879824E-04   -0.20480073E-04    0.19468923E-03
-0.44382304E-03    0.14339469E-03   -0.75042414E-04    0.11988617E-03    0.54720247E-05
-0.37682672E-04    0.13220718E-03   -0.23627265E-03   -0.77368818E-04   -0.87530565E-04
 0.38129292E-04   -0.64451336E-04    0.26988173E-04   -0.11409401E-03    0.10043485E-04
-0.49811184E-03    0.14607677E-03    0.35827947E-02    0.27044064E-03    0.13187540E-02
-0.25182138E-03   -0.41308160E-03    0.86832718E-04   -0.70928390E-04    0.20452105E-03
 0.13394186E-03    0.72788725E-04   -0.30490352E-04   -0.49245651E-04    0.45085386E-04
 0.14581271E-03   -0.74655444E-03    0.60077388E-03   -0.23086252E-03    0.20427400E-03
 0.23056236E-04    0.17766732E-03   -0.61525545E-04   -0.18655102E-04   -0.26676973E-04
 0.56973285E-04   -0.32226113E-06   -0.19631540E-04   -0.26077162E-03   -0.10196892E-03
-0.85335253E-04    0.52315003E-05    0.58830077E-04   -0.14341397E-03   -0.17109221E-04
 0.27242433E-04    0.98958275E-04   -0.62518436E-04   -0.77114316E-04    0.58386914E-03
 0.19408253E-02   -0.69480041E-03   -0.11510032E-02    0.87721774E-03    0.60508937E-04
 0.64941276E-04    0.50597431E-04   -0.45687197E-03   -0.92669233E-04   -0.57655501E-04
-0.27097260E-05    0.11367306E-04   -0.20492608E-04    0.90157984E-04   -0.25028381E-02
 0.16542967E-02   -0.62291713E-03    0.12700740E-02   -0.18155303E-03    0.12585694E-03
 0.88325787E-03    0.13598783E-03   -0.28853019E-03   -0.22017456E-04   -0.75554592E-05
 0.17594200E-03    0.13853227E-03   -0.86480824E-03    0.11219036E-03    0.24147242E-04
 0.49558169E-03   -0.38861796E-03   -0.12171273E-03   -0.52100631E-04    0.14506770E-03
-0.94417472E-04    0.97661377E-05   -0.22840513E-04   -0.50148328E-04    0.32284552E-02
-0.11436581E-03   -0.13441455E-03    0.85723673E-04    0.20080935E-04    0.14500487E-04
 0.45239090E-05   -0.32878644E-04   -0.47641259E-05    0.14759293E-05   -0.16521106E-04
-0.25579799E-05   -0.24393767E-04    0.87544460E-05   -0.87647363E-04    0.94292977E-05
 0.10482118E-04   -0.65084378E-05    0.28532483E-04   -0.20016708E-05    0.30627799E-04
 0.40194293E-04   -0.43899872E-04    0.37769248E-05   -0.60130532E-05   -0.28999691E-04
 0.52281104E-04   -0.19926234E-03   -0.13789759E-03    0.17059066E-05    0.11343316E-04
-0.39213316E-05   -0.83419506E-04    0.17366751E-04    0.12157328E-04    0.16646055E-04
 0.46841448E-04   -0.14652916E-04   -0.76105327E-04    0.50800675E-04    0.31592973E-03
-0.82875661E-05    0.15136802E-03   -0.20101816E-04   -0.40680555E-04    0.10338275E-04
-0.11799908E-04    0.15127900E-04    0.54476153E-05    0.89883655E-06    0.39036961E-05
-0.27847090E-05    0.42747130E-06    0.36123788E-05   -0.33842659E-04    0.38935139E-04
-0.88039399E-05   -0.23751204E-04    0.15125781E-04    0.17473985E-04   -0.96230536E-05
-0.54602294E-05    0.69992792E-06    0.40252682E-06    0.88595219E-06    0.61739622E-05
-0.23997413E-04    0.31975295E-04    0.62948913E-05    0.40535245E-05   -0.19100944E-04
-0.62092265E-04    0.10197933E-04    0.54982190E-05   -0.41315347E-04   -0.35473529E-06
-0.10542036E-04   -0.15479579E-04    0.86517133E-05   -0.46194404E-05   -0.84598748E-06
 0.23802719E-04   -0.39320914E-03   -0.52515573E-03   -0.75642463E-03    0.89399788E-04
 0.51382611E-05    0.43034793E-04    0.12674761E-03   -0.15173841E-03    0.11220981E-04
 0.65350536E-05   -0.23504769E-04   -0.14333519E-04    0.52206375E-04    0.18029423E-03
-0.56428794E-04    0.62907570E-04    0.46609730E-04   -0.88074115E-03    0.22246659E-03
-0.17340050E-03    0.63011453E-04    0.14302295E-03   -0.44782681E-05   -0.59739363E-05
-0.49175137E-04   -0.97744265E-04   -0.38162795E-03    0.95738069E-04   -0.24254593E-06
 0.16241916E-03    0.98267886E-04   -0.67726866E-04    0.89285812E-04    0.15877201E-03
-0.14035647E-03   -0.15390433E-04    0.10159690E-03   -0.17852820E-04    0.16162412E-03
-0.40726548E-04   -0.15604809E-04    0.16861333E-02   -0.35967826E-03   -0.23356877E-02
 0.16127442E-02    0.78803791E-03   -0.76305561E-04    0.11125299E-03   -0.68222859E-03
-0.42941363E-04   -0.70201717E-04    0.17324537E-04    0.73284754E-04   -0.25710397E-04
 0.74174077E-05    0.11572121E-02   -0.18950253E-02    0.15444509E-03   -0.29408393E-03
 0.24951563E-03   -0.20787159E-02    0.11798015E-03    0.16803790E-03   -0.15422937E-03
-0.14095881E-03    0.13681273E-04   -0.18738055E-03    0.35034828E-03   -0.12148904E-02
-0.12170798E-03   -0.41731127E-04    0.37660817E-04   -0.30268828E-03   -0.10741296E-03
-0.75872238E-04    0.62969490E-04    0.43563671E-05    0.15489289E-03   -0.14626885E-03
-0.31768947E-03    0.15286300E-05    0.25830166E-04   -0.26668397E-04   -0.42219404E-03
 0.36191429E-02    0.10474566E-02   -0.57143539E-03   -0.17612385E-03    0.77715655E-03
-0.14148660E-03    0.33706669E-04    0.18607977E-03    0.59212476E-04   -0.25056499E-04
 0.23645904E-04    0.64612015E-04    0.36170752E-04    0.11063095E-03    0.18574441E-02
-0.30117466E-02    0.83382414E-03   -0.14853279E-02   -0.19492670E-03    0.14759510E-03
-0.20296221E-02   -0.87292779E-04   -0.21723502E-04   -0.42717028E-04   -0.17441658E-05
-0.52855395E-03    0.31995647E-03   -0.60535298E-03    0.21801964E-03   -0.12094359E-03
 0.76498298E-04    0.12953806E-03   -0.67488666E-04   -0.15523668E-03    0.47480481E-04
-0.27303038E-03    0.35970960E-05    0.55109220E-03    0.14038191E-03   -0.91630912E-03
-0.42602233E-04    0.26383674E-05    0.31664751E-03   -0.14823722E-03    0.35258994E-02
 0.95549344E-03    0.13710006E-02    0.26097946E-03   -0.27850033E-03   -0.45687946E-04
-0.47981086E-04    0.17151739E-03    0.27069056E-03   -0.90279366E-05   -0.33507221E-04
-0.63475045E-04    0.61402730E-04   -0.59790459E-04    0.37602040E-03   -0.83169334E-03
 0.12403143E-03   -0.39916415E-03    0.19902618E-04    0.13028243E-03   -0.94275112E-04
-0.17312032E-02   -0.71138799E-03    0.79181276E-04   -0.23146620E-05    0.10979437E-03
-0.24616868E-03    0.57990767E-03   -0.15675661E-03    0.49514756E-04   -0.46136398E-04
 0.24749945E-03   -0.74851921E-04   -0.42786478E-04   -0.72686456E-04    0.27544173E-04
-0.18671163E-04   -0.10900772E-03    0.59204069E-04   -0.13344297E-03   -0.45955993E-04
 0.78215599E-05   -0.94118283E-04   -0.16969695E-03    0.65437768E-04    0.29857324E-02
-0.79156510E-03   -0.13691475E-03    0.16622947E-02    0.74839939E-04    0.19247784E-03
 0.26973212E-04   -0.58385406E-03   -0.68562638E-05    0.76410409E-04    0.65436999E-04
 0.11862636E-04   -0.23481649E-04    0.48613285E-04    0.39303413E-03   -0.10093026E-02
 0.34074187E-04   -0.10940919E-02    0.19218479E-03   -0.18202722E-03   -0.31182128E-04
-0.68558280E-03   -0.23691206E-02    0.54005031E-04   -0.56313704E-05    0.36892700E-04
 0.10305236E-04    0.32407399E-03   -0.87410384E-04    0.98401478E-04   -0.14374740E-03
 0.23701066E-03   -0.12116356E-03   -0.23099974E-03    0.36012470E-06   -0.25005594E-03
 0.12359100E-03    0.35862753E-04   -0.43854991E-04    0.24617134E-03    0.53409216E-04
 0.80866628E-05   -0.27260742E-03    0.33775016E-03    0.76658491E-05    0.12354091E-02
 0.43030971E-02    0.40290890E-03   -0.23685513E-03    0.90119733E-03    0.13976034E-03
-0.23799456E-04    0.48207506E-04   -0.17931723E-03    0.13502343E-03   -0.64367688E-05
 0.53513436E-06    0.12007798E-04    0.11642358E-04   -0.42386237E-05    0.11338874E-02
-0.21986353E-02    0.53902171E-03   -0.13659021E-02    0.14771761E-04   -0.13487591E-03
-0.48293080E-04    0.52711073E-04    0.61224042E-04   -0.43475711E-03    0.62421703E-04
-0.24562466E-03   -0.14032794E-03   -0.19636471E-03    0.14464826E-03   -0.17794807E-04
-0.26544525E-04   -0.80080749E-04   -0.93410507E-05   -0.20665212E-04   -0.57643174E-04
 0.26046082E-04    0.41282099E-04   -0.84454314E-04   -0.84491399E-04    0.10357855E-03
 0.18098380E-04   -0.45490656E-05   -0.22550171E-04    0.25246042E-03    0.59890701E-04
-0.13394177E-03   -0.29930456E-04    0.85279606E-03   -0.34174098E-04    0.64874072E-04
-0.26300469E-05   -0.28260246E-04    0.82951937E-05   -0.60253685E-05    0.32261608E-05
-0.81071511E-05    0.26758167E-05   -0.24641829E-06    0.25920044E-06   -0.33420028E-05
 0.18213596E-04   -0.90723204E-04    0.15730795E-03   -0.46836246E-04    0.86499795E-04
-0.50214237E-05    0.17726179E-04   -0.18184026E-05   -0.35970159E-05   -0.52072451E-05
 0.62548173E-04   -0.23690811E-04    0.89123556E-05    0.28505326E-05   -0.58990076E-05
 0.40549562E-04    0.11118131E-04    0.20677177E-05    0.12565345E-04    0.84292817E-06
 0.13076362E-04    0.63311609E-05    0.75894452E-06    0.89871320E-05    0.90595055E-05
 0.75190679E-05    0.45577616E-05    0.38431395E-06    0.28106635E-06    0.72029649E-05
-0.30293220E-04    0.17968388E-04   -0.36691686E-06   -0.11780469E-04   -0.12304138E-03
 0.46840474E-04    0.34815515E-04   -0.18824529E-02   -0.43701627E-03    0.72326250E-03
-0.15457548E-03    0.12938082E-03   -0.44588416E-04   -0.20794163E-03    0.22446439E-04
 0.59255572E-04    0.40529253E-04    0.14678719E-04   -0.11464339E-03    0.14502836E-02
-0.26933197E-02    0.74133092E-03   -0.19322784E-02   -0.36057904E-04   -0.18912239E-03
-0.49250271E-03    0.18955406E-03    0.38904788E-04   -0.23475592E-03    0.66452645E-05
-0.27267692E-02   -0.26308014E-03   -0.78107273E-03    0.19065838E-03   -0.55384275E-04
 0.91112942E-04    0.15028685E-03    0.66267247E-04   -0.98348452E-04    0.10826452E-03
-0.30294521E-03    0.10784503E-03    0.17225985E-03   -0.20068286E-04   -0.14583768E-03
 0.54456550E-04   -0.15941534E-04    0.28464098E-04    0.44216674E-03    0.74891332E-03
-0.13771419E-03   -0.64792670E-04    0.47497156E-03   -0.29602754E-04    0.47556763E-02
-0.54123549E-04    0.29528337E-02   -0.20887162E-03   -0.10602014E-02    0.20405907E-03
-0.17117219E-03    0.32783666E-03    0.19436653E-04    0.17810374E-03   -0.21643431E-04
-0.64545093E-05    0.12598396E-03   -0.34895997E-05    0.49579705E-03   -0.11919238E-02
 0.41776366E-03   -0.19585486E-02   -0.10188296E-03    0.32282536E-03    0.23508683E-03
-0.32728831E-03    0.27414149E-04   -0.12884905E-03    0.29619372E-05   -0.32651156E-03
-0.40150364E-02    0.59638123E-03   -0.22373685E-03    0.69922954E-04    0.10536549E-03
-0.47197815E-04   -0.11591028E-04    0.14480740E-03   -0.15914207E-03    0.11851991E-03
-0.12895777E-03   -0.52836113E-04    0.33142607E-03   -0.19220785E-03    0.44802310E-05
 0.36524380E-04    0.10302668E-03   -0.68608551E-03   -0.46650970E-03    0.47103281E-03
 0.14618419E-03    0.19815940E-03   -0.50458868E-05    0.55789015E-03    0.74639445E-02
-0.36211112E-02   -0.97289353E-02    0.93831527E-03    0.23394374E-02   -0.13308459E-03
 0.48228009E-03   -0.18832893E-02   -0.10656826E-02   -0.24967616E-03    0.76470463E-04
 0.17772641E-03   -0.27058183E-03   -0.39172829E-03    0.32948193E-02   -0.29968905E-02
-0.33553768E-03    0.13925124E-02   -0.33061856E-03   -0.13884775E-02   -0.72416274E-03
 0.94918626E-03    0.13238623E-03   -0.23835482E-03   -0.49032890E-04   -0.77489922E-03
 0.56072604E-03   -0.24901502E-01   -0.95106747E-03   -0.42945209E-03    0.25919416E-03
-0.68666210E-03   -0.49616560E-03   -0.25291650E-03    0.30600570E-03   -0.13592156E-02
 0.10065028E-03    0.37393214E-03   -0.11700602E-03    0.11317013E-02    0.30362219E-03
-0.61109363E-04    0.96242158E-03    0.23846577E-02    0.12186611E-02   -0.10468131E-02
-0.72468933E-03    0.39100316E-03    0.14955298E-04    0.12059227E-02   -0.10712473E-02
 0.99050049E-01   -0.10302272E-02   -0.59547623E-04   -0.22599776E-02   -0.40079371E-03
-0.99302118E-04   -0.58439885E-04    0.55508421E-03   -0.20498898E-03   -0.28823305E-04
-0.43851825E-04    0.13251527E-04    0.22213229E-05   -0.21714269E-03    0.36719267E-03
 0.86015688E-04   -0.40432117E-03    0.47525776E-03    0.11708426E-03   -0.14114333E-03
 0.18545934E-03   -0.90610377E-04   -0.53173629E-04    0.12738025E-03    0.36287217E-04
 0.18720400E-03   -0.26281593E-03   -0.65363477E-03   -0.30374405E-02    0.11018436E-05
 0.10066415E-03    0.19375818E-04   -0.51069622E-04    0.27023071E-04   -0.73775778E-03
-0.33527792E-04   -0.51887214E-04   -0.21121397E-04    0.49562394E-04   -0.33380739E-03
 0.16148171E-03   -0.63129760E-05   -0.20383395E-03    0.26366410E-03   -0.31020083E-03
 0.36038782E-03    0.21582036E-03   -0.35234177E-03   -0.56612943E-04   -0.27403696E-03
 0.26777505E-03    0.18282072E-02    0.66826282E-02   -0.21626394E-03   -0.84779651E-03
-0.56980680E-03    0.32737701E-03   -0.49180287E-04    0.46280347E-04   -0.29415122E-04
-0.95285805E-04   -0.27481716E-04    0.64227340E-05   -0.10961610E-04   -0.29256023E-05
-0.40081926E-04    0.56543316E-03   -0.93238485E-03    0.23850029E-03   -0.34349857E-03
-0.13566418E-04   -0.43271895E-04   -0.10631319E-03    0.10911650E-03    0.10933983E-03
-0.19109923E-04    0.90900937E-05   -0.46144982E-04    0.98110401E-04   -0.49648404E-03
 0.13685446E-04   -0.27103917E-03    0.43803442E-04   -0.10412911E-04   -0.48261319E-05
-0.49211917E-05    0.85021048E-04   -0.80668679E-04    0.17583006E-04    0.11622270E-03
-0.22054067E-04   -0.27797338E-04    0.50239114E-05   -0.62065276E-05    0.27764577E-04
 0.71858580E-04    0.18560612E-03   -0.85362239E-04   -0.12019278E-03    0.18057954E-04
-0.17708030E-04    0.91012512E-04   -0.10711014E-03    0.63671247E-03   -0.34736984E-04
 0.51501220E-03    0.51396694E-03    0.44294817E-04    0.64634897E-03    0.11797328E-03
-0.48851012E-04    0.16681157E-04   -0.58827643E-04    0.11612847E-03   -0.12642682E-04
-0.22186291E-05   -0.75018986E-05   -0.16095600E-04   -0.33977409E-04    0.20655186E-03
-0.56459044E-03    0.39680888E-04   -0.26667410E-04    0.15969719E-03    0.81970723E-04
 0.92213399E-04   -0.78045949E-04   -0.12679287E-03   -0.21626210E-04    0.23645401E-05
 0.10053149E-03    0.83781365E-04    0.31932572E-03    0.11727336E-03    0.52420045E-04
-0.32538573E-03   -0.13287404E-03    0.10187516E-04    0.18237122E-04    0.43447308E-04
-0.19307907E-04   -0.69476909E-04   -0.52151655E-04   -0.24967848E-04   -0.26979103E-03
-0.10910986E-05    0.18691067E-04   -0.27913891E-03   -0.10599551E-03   -0.14482212E-03
 0.10895602E-03    0.21472224E-03    0.45924581E-04   -0.46935954E-06   -0.15060632E-03
-0.22546676E-04   -0.74378985E-03   -0.32468725E-03   -0.86869939E-04    0.54552970E-03
 0.22970046E-03   -0.14556236E-02    0.13302499E-02    0.46266306E-03   -0.50642431E-04
 0.62931969E-04   -0.39310811E-03   -0.58620138E-04   -0.78291621E-04   -0.13954228E-04
-0.13579028E-04   -0.71986848E-05   -0.35908975E-04    0.58638039E-03   -0.13580002E-02
 0.67935370E-04    0.18363614E-03    0.12780861E-03   -0.26573351E-03    0.15715787E-03
 0.24653624E-03    0.25730927E-03   -0.70621428E-04    0.11743298E-04    0.17037236E-03
-0.10146468E-03   -0.48392367E-03   -0.11215392E-04    0.27118193E-05   -0.12871026E-03
-0.17826324E-02    0.49382358E-04    0.85653703E-04   -0.18091629E-03   -0.41216890E-04
 0.56395874E-04    0.44347135E-04    0.98483793E-04    0.53912547E-03    0.12978988E-04
 0.47583748E-04   -0.20541202E-03    0.38458388E-03   -0.26049755E-03   -0.37755085E-03
-0.24244720E-03    0.15400044E-03   -0.16253285E-04   -0.17080932E-03    0.25366747E-03
 0.75973312E-03   -0.13913488E-03   -0.48197031E-05    0.28152099E-03    0.30712439E-02
-0.55193399E-03   -0.13472930E-03    0.83425249E-03   -0.10544014E-03    0.28565739E-04
 0.34839001E-05   -0.25382886E-03   -0.13078355E-03   -0.24864074E-04    0.53944753E-05
-0.27803122E-04   -0.11019178E-04    0.38867730E-04    0.11173849E-02   -0.18832255E-02
 0.39419134E-03   -0.10161283E-02   -0.65657055E-04   -0.12289159E-03   -0.42645503E-04
-0.17772275E-04   -0.14413353E-03   -0.25094870E-04    0.37365315E-05    0.18762467E-04
-0.77147058E-04   -0.44923706E-03   -0.20911392E-04   -0.35819429E-05    0.17688748E-04
-0.16869017E-04   -0.18389433E-02   -0.10125837E-02    0.18560260E-04   -0.16482593E-03
 0.16389594E-04   -0.48149440E-05    0.23852047E-04    0.20056994E-03    0.88945318E-04
-0.32195574E-05    0.11918143E-03    0.31569061E-03    0.24369780E-05    0.93803181E-04
 0.16281738E-03    0.27181520E-04   -0.12867908E-04   -0.32337057E-04    0.48211699E-05
 0.70885810E-03    0.45058012E-04   -0.50438753E-04    0.13682369E-04   -0.31485058E-04
 0.35230187E-02    0.10567545E-02    0.10354208E-02    0.18160426E-02    0.14433053E-03
-0.56055189E-04   -0.73482412E-04   -0.30602696E-03    0.20501332E-03    0.81946975E-05
 0.37921737E-04   -0.21379219E-04   -0.48198418E-04   -0.14933492E-04    0.85994278E-03
-0.16733983E-02    0.27812705E-03   -0.85097775E-03    0.89480284E-04   -0.14766535E-04
-0.18547820E-03   -0.15213251E-03   -0.23028004E-03   -0.16098158E-04    0.12128019E-04
-0.10006030E-03    0.19750904E-04    0.12406789E-03    0.56618338E-04    0.12462330E-04
 0.36472985E-04    0.12277669E-03   -0.10262603E-02   -0.17316650E-02    0.11938846E-03
-0.49149052E-04    0.22316280E-04    0.16608539E-03    0.90249626E-04    0.66820788E-04
-0.39622478E-04    0.20289529E-05   -0.20053249E-03    0.16874019E-04    0.13433300E-03
 0.11234436E-03    0.17454288E-03    0.22425067E-04   -0.14451527E-04    0.55749186E-04
 0.16882532E-04   -0.32583967E-03   -0.91231543E-04   -0.11174866E-03    0.30308407E-04
-0.93523136E-04    0.18726755E-02    0.32357949E-02   -0.11068816E-02    0.14450984E-02
-0.37004323E-03   -0.10790104E-02    0.22869693E-03   -0.11450964E-03   -0.71354969E-04
-0.11364850E-03    0.10135135E-03   -0.28960161E-04   -0.37340480E-04    0.86883724E-04
-0.43181569E-04    0.19971748E-02   -0.38180078E-02    0.10072925E-02   -0.40727654E-02
 0.15240116E-03    0.59724829E-04    0.58522521E-04   -0.48377309E-04   -0.87318672E-05
-0.57236890E-04    0.67000226E-05    0.11381146E-03   -0.19934283E-03    0.33030166E-03
-0.69669882E-03    0.78037284E-04    0.54602541E-04   -0.15158413E-03    0.26104496E-04
 0.15277142E-03   -0.25858130E-02    0.12389013E-03   -0.76132793E-05   -0.13526231E-03
-0.10212838E-03   -0.14950093E-03   -0.65728907E-05    0.46549588E-04   -0.33643325E-03
-0.14737875E-03   -0.12216932E-03    0.67143439E-04    0.17403447E-03    0.84921256E-04
-0.15861568E-04   -0.11078141E-03    0.20231282E-03   -0.56758256E-03    0.14004013E-02
-0.10328361E-03   -0.63625571E-04    0.40455952E-03    0.71991745E-05   -0.21978797E-03
 0.48628121E-02    0.87656407E-03   -0.94168388E-03   -0.13529529E-03    0.52364327E-03
-0.13179790E-03    0.78663219E-04   -0.11015465E-04    0.12765823E-03   -0.40108120E-05
 0.38751914E-04    0.43803201E-04    0.12630456E-05    0.21686282E-04    0.80896954E-03
-0.13896412E-02    0.35777867E-03   -0.42227125E-03   -0.93933312E-04    0.66351655E-04
-0.26744789E-03   -0.52094797E-04   -0.24668989E-03    0.17423713E-04    0.24286988E-06
-0.24552084E-03    0.42449829E-04   -0.72626000E-03   -0.64998549E-05   -0.53185215E-04
-0.44017719E-04   -0.35033546E-04   -0.11758079E-03   -0.13102654E-03    0.12619916E-03
-0.19016532E-02   -0.57060122E-03    0.47636626E-03    0.78199883E-04    0.58511329E-04
-0.11628896E-04    0.12010445E-05    0.14871486E-03   -0.15900750E-04    0.36145607E-03
 0.48461232E-04    0.36568447E-03    0.16351315E-04   -0.22879276E-06    0.57154936E-03
-0.17286664E-03    0.13841833E-02   -0.65982819E-04    0.81771529E-04    0.94598315E-04
 0.71627932E-04    0.12269777E-03    0.21459679E-03   -0.27814122E-03    0.33934039E-02
 0.86784353E-03    0.98976361E-03   -0.12251476E-02   -0.23665425E-03   -0.62898645E-04
-0.66622151E-04    0.56572701E-03    0.11189997E-03    0.36659549E-04    0.25534470E-05
-0.26307079E-04   -0.12256310E-03   -0.96897941E-04    0.10212402E-03   -0.20663860E-03
 0.26601851E-03   -0.57921823E-03   -0.46857530E-04    0.22899534E-03    0.26904316E-04
-0.10716063E-03    0.98742805E-04    0.48575862E-04    0.12602869E-04    0.89954682E-04
-0.20436978E-03    0.29239455E-03   -0.11639634E-03    0.20015616E-04   -0.63740157E-04
 0.10426295E-03    0.47981655E-04    0.58816301E-04   -0.31188518E-04   -0.55812855E-03
-0.17577148E-02   -0.14094577E-03    0.16130732E-03   -0.11091788E-03   -0.64933652E-04
 0.16644814E-04   -0.43485961E-04   -0.47741344E-03   -0.42713550E-04    0.33660324E-04
-0.31643131E-03   -0.51225045E-04   -0.21403030E-04   -0.27616634E-04    0.26941763E-03
-0.64417151E-03    0.12295733E-03   -0.75806461E-04    0.13256520E-03   -0.11999813E-03
-0.19631387E-03   -0.11513619E-04    0.76197370E-04    0.10320484E-02    0.35826585E-02
 0.61469182E-03    0.11545836E-02    0.76809556E-03   -0.37479296E-03   -0.31636108E-05
 0.74675612E-05    0.82005414E-04    0.21777957E-03    0.14823258E-04    0.45858890E-05
 0.53280235E-05   -0.26515989E-04    0.98146432E-04    0.87485310E-04   -0.25018096E-03
-0.65478880E-04   -0.13364317E-03    0.92346322E-04   -0.52202989E-04    0.49852988E-03
-0.24135832E-03    0.78338082E-04   -0.95478600E-04    0.98127289E-05    0.18410971E-03
-0.13720739E-03    0.64229926E-03    0.21635435E-04    0.12600957E-03   -0.81490807E-04
 0.65569579E-04   -0.26811111E-04    0.12185543E-03   -0.12825276E-03    0.51694539E-03
-0.18234927E-03   -0.29853697E-02   -0.46908464E-03    0.13440534E-04   -0.20470041E-04
 0.18210646E-04   -0.28788130E-03    0.74193726E-04   -0.73594068E-03    0.29015319E-03
-0.12990229E-03    0.14503571E-03   -0.36693106E-05   -0.52910626E-03    0.13081549E-03
-0.10670180E-02   -0.12859185E-03   -0.21009174E-03    0.14498136E-03   -0.11743214E-03
-0.11081322E-03   -0.26650774E-03    0.24678377E-03   -0.84559256E-03    0.22720410E-03
 0.52213720E-02   -0.64483394E-04   -0.15971682E-02    0.10295019E-02    0.52340929E-03
-0.10678335E-03    0.88128349E-04   -0.38274145E-03   -0.60881759E-04   -0.85114745E-04
 0.26521107E-04    0.34471679E-04   -0.72618860E-04   -0.12838238E-03    0.66479781E-03
-0.12943566E-02    0.29915182E-03   -0.84938789E-03    0.39104145E-05   -0.27278624E-03
 0.14490082E-03    0.67993852E-04   -0.46556967E-04   -0.83401781E-04    0.31465591E-05
 0.64770519E-04    0.31055040E-03   -0.67399006E-05    0.13935782E-03    0.22874008E-05
-0.43818554E-04    0.67299739E-04    0.28226568E-04   -0.15232095E-04   -0.80190860E-04
 0.26498544E-04    0.10149193E-03   -0.57500485E-03   -0.17518193E-02    0.24410448E-03
 0.94415462E-04   -0.21080815E-04    0.14753430E-04    0.46462823E-03   -0.25311557E-03
-0.13711557E-04    0.37135566E-05    0.21338853E-03   -0.19583593E-04    0.77378604E-04
-0.41292440E-03   -0.35766114E-04   -0.30525309E-03    0.37020318E-04    0.61408387E-04
-0.15262073E-03    0.18009252E-04   -0.39593427E-04    0.17110273E-03   -0.10607491E-03
-0.39192610E-03    0.92446300E-03    0.32402742E-02    0.33681106E-03    0.80612418E-03
-0.21264308E-02   -0.10630756E-03   -0.22073265E-04   -0.60506079E-04    0.63687351E-03
-0.29234301E-04    0.17643021E-04   -0.66012679E-06   -0.22983383E-04    0.40474004E-04
-0.98526083E-04    0.16744659E-02   -0.28941059E-02    0.89849999E-03   -0.24386603E-02
 0.95700136E-04   -0.31529868E-04   -0.88469255E-03   -0.62756683E-04    0.22609627E-03
 0.10981989E-03    0.48616944E-05   -0.18220861E-03   -0.20793664E-04    0.69451203E-03
-0.28422348E-03   -0.67748669E-04   -0.27312673E-03    0.51120596E-03    0.12011093E-03
 0.13425541E-03   -0.14601052E-03    0.53229255E-04   -0.46533329E-04    0.10008412E-03
 0.17217896E-03   -0.26927513E-02   -0.16006389E-04    0.57667609E-06   -0.23734542E-03
 0.19683517E-03    0.15004925E-02    0.13958191E-03   -0.31888674E-03   -0.21732962E-03
-0.31640748E-05    0.33224551E-03    0.27955665E-03   -0.13834400E-02    0.54943583E-03
 0.13095972E-03    0.41037590E-03   -0.80729370E-03   -0.22210368E-03   -0.19646386E-03
 0.19935114E-03   -0.16060496E-03    0.85387058E-04   -0.56357571E-04   -0.39961071E-03
 0.46226872E-02    0.69710279E-03    0.79953493E-03    0.10740439E-03   -0.92465298E-04
-0.41418201E-04   -0.32793355E-04    0.83884479E-04    0.14228929E-03    0.22930388E-06
 0.19256195E-04   -0.46458973E-05    0.40943905E-04    0.24339025E-04   -0.64335295E-04
-0.97863919E-04    0.71495435E-04   -0.13509055E-03   -0.35776173E-04    0.67772333E-04
-0.53876847E-04   -0.14403352E-03    0.53428879E-04    0.13636374E-04    0.28437425E-05
 0.61692235E-04   -0.38805974E-04    0.43122656E-03    0.20174848E-03    0.17146640E-04
-0.18046412E-05    0.41121407E-04    0.10290727E-03   -0.30083625E-04   -0.16524006E-04
 0.32678336E-04   -0.85290113E-04   -0.14939480E-04    0.13562781E-03   -0.69505428E-04
-0.29494853E-03    0.57297710E-05    0.62679469E-04   -0.13407894E-03    0.85557983E-04
 0.15064198E-03   -0.10300207E-03   -0.94301255E-05   -0.53453472E-05   -0.11248354E-03
 0.23991986E-04   -0.90059333E-03   -0.42909695E-03   -0.26769444E-04    0.29308297E-04
-0.62091326E-04   -0.25975420E-03    0.13986277E-03    0.50430384E-04    0.10164637E-03
 0.19411995E-03   -0.55860664E-04   -0.17926406E-03    0.45737076E-04    0.74496520E-03
-0.42976187E-04   -0.33971669E-03    0.17866317E-04    0.96368933E-04   -0.18318294E-04
 0.25508853E-04   -0.31759714E-04   -0.26967095E-04   -0.82745245E-05    0.22931743E-06
 0.76707374E-05   -0.59098160E-05   -0.20039721E-05    0.62159860E-04   -0.63982010E-04
 0.10671032E-05    0.75167818E-04   -0.15734008E-04   -0.41226201E-04    0.86328383E-05
 0.25651068E-04    0.52236053E-05   -0.52565914E-05    0.81277950E-07   -0.16809215E-04
 0.48323015E-04   -0.93651357E-04   -0.66706420E-05   -0.76659620E-05    0.16470513E-04
 0.39232908E-04   -0.44920205E-05    0.40236263E-06    0.48922566E-04   -0.11531656E-04
 0.13620072E-04    0.10875536E-04   -0.32699946E-04    0.14228181E-04    0.35200936E-05
-0.23755943E-04    0.28246016E-04    0.66491586E-04   -0.86574611E-05   -0.21845623E-04
-0.71430304E-05    0.97258718E-05   -0.11673527E-05    0.42245887E-04   -0.85782172E-04
 0.14814423E-03    0.14631801E-04    0.11710060E-04   -0.34323272E-04   -0.76751122E-04
 0.13225686E-04   -0.13280092E-04   -0.88900518E-04   -0.12186195E-04   -0.38385971E-04
-0.32316723E-04    0.44161708E-04    0.86944249E-06   -0.18011831E-04    0.41701359E-04
-0.12455302E-02    0.70639130E-02   -0.40451287E-03   -0.51278470E-02    0.62844332E-03
-0.59759915E-03    0.16508679E-03    0.30750477E-03    0.10044530E-02   -0.60255299E-04
-0.17949970E-03    0.10170778E-03    0.52305408E-03   -0.12671000E-02    0.18365762E-02
 0.99928334E-03   -0.83509169E-02   -0.94905873E-04    0.92614265E-03    0.20299401E-03
-0.24733331E-03    0.28166236E-03    0.13156086E-03   -0.23242260E-04    0.38650842E-03
-0.10356746E-02    0.20110055E-02    0.64442577E-04    0.17812261E-03    0.18179337E-03
 0.63576688E-03   -0.11901151E-03    0.72484561E-04   -0.54671042E-03    0.50393330E-03
-0.68865326E-04   -0.18147088E-03    0.76332624E-03   -0.46484029E-03   -0.50639900E-04
 0.57205013E-04   -0.92377283E-04   -0.14125045E-02   -0.51541994E-03    0.24669489E-03
-0.19899123E-03   -0.29447604E-03    0.45911042E-04   -0.58134884E-03    0.13926755E-02
-0.38203913E-02    0.29375845E-03   -0.33195230E-03   -0.22666793E-03   -0.83300942E-03
-0.79702318E-04    0.83379448E-04    0.11858348E-02   -0.41703824E-03    0.35667177E-03
 0.20532611E-03   -0.10417281E-02    0.42329278E-03    0.25547713E-03   -0.14817912E-03
 0.10901921E-01   -0.10776398E-03    0.10606751E-02    0.13620744E-03   -0.70600032E-03
 0.60167039E-04   -0.93824342E-04   -0.39048050E-04    0.90299681E-04    0.11122866E-03
-0.43272765E-04   -0.29535869E-04    0.39478246E-04    0.99659589E-04   -0.22780136E-03
 0.29205305E-03   -0.61847206E-04   -0.70294756E-03    0.28963784E-03    0.69991533E-04
 0.97473946E-04   -0.41921473E-04    0.25541569E-04    0.81504879E-05    0.24845185E-05
 0.67632563E-04   -0.17176578E-03    0.30994703E-03    0.57393499E-05    0.79736230E-05
-0.15537986E-04    0.12086975E-04   -0.99092433E-05    0.18710734E-04   -0.15419308E-03
 0.13046364E-03   -0.21619571E-05    0.17533982E-04    0.16943646E-03   -0.63562559E-04
-0.12108931E-05    0.16476101E-04   -0.39441737E-03   -0.12916897E-03   -0.14916096E-03
 0.22155450E-04    0.21677552E-04   -0.36348776E-04    0.23196843E-05   -0.11538002E-03
 0.11865963E-03   -0.69510676E-03    0.33375941E-04   -0.43340086E-04    0.43865682E-04
-0.25580157E-04   -0.48627943E-05    0.57144922E-04    0.29487797E-03   -0.99933257E-04
 0.43046043E-04    0.13138776E-04   -0.19289961E-03    0.43376754E-04    0.41086709E-05
-0.33047225E-04    0.14934106E-02    0.11231756E-02    0.24914955E-03    0.25007988E-04
-0.47315966E-03    0.29037003E-03   -0.24811854E-04    0.14995848E-04    0.22340530E-03
-0.52407295E-05   -0.87974039E-04   -0.81589349E-05   -0.86429305E-05    0.15714096E-04
 0.28759871E-06   -0.16634038E-03    0.19039784E-03   -0.56614122E-03    0.13698690E-02
-0.69288323E-04    0.56891975E-03   -0.53087982E-04   -0.39040718E-04    0.17131511E-04
 0.42498824E-04   -0.37093723E-05   -0.42126322E-04    0.59782920E-04    0.10716329E-03
-0.11485469E-04   -0.59136172E-05   -0.23780732E-04    0.22721206E-04   -0.31514543E-04
-0.70440599E-04    0.10686135E-04   -0.66454333E-04   -0.66665041E-04    0.50267696E-04
 0.13130240E-04    0.42210619E-04   -0.11442607E-04    0.44659681E-05    0.13438074E-03
-0.70711733E-03    0.12505718E-03    0.50797373E-04   -0.66653820E-04   -0.48054172E-04
 0.11203293E-04   -0.26166104E-04   -0.25772943E-04   -0.10327373E-03   -0.23971754E-04
 0.11894022E-04   -0.33652539E-05   -0.11110333E-04   -0.11578383E-04    0.36852076E-04
-0.49858276E-04    0.96836579E-04    0.92093759E-04    0.15958738E-04   -0.43090330E-04
-0.62271966E-04    0.33147035E-04   -0.98250633E-05   -0.57129919E-03   -0.19915429E-03
 0.15646700E-02   -0.42900213E-03   -0.69638454E-04   -0.21967499E-03   -0.25871140E-03
 0.16988523E-04   -0.63482949E-06   -0.42122211E-05    0.14410841E-07   -0.39596346E-04
 0.22996411E-04    0.24443241E-05    0.27406895E-05   -0.41294060E-04   -0.72312929E-03
 0.10238282E-02   -0.14939456E-02    0.25227325E-02    0.88081547E-04    0.72367544E-06
 0.73992967E-03   -0.30440240E-05   -0.28406386E-04    0.15576228E-04    0.39081504E-05
 0.18580286E-03   -0.76999507E-04   -0.13542909E-03   -0.93342596E-04    0.37613892E-04
-0.21522681E-04   -0.10789072E-03    0.69614199E-04    0.65457497E-04   -0.14089532E-04
 0.64770750E-04    0.24283166E-05   -0.16849770E-03    0.26119401E-04    0.39452891E-03
 0.15652793E-04   -0.12772083E-06   -0.80136245E-04    0.27956288E-04   -0.97132610E-03
 0.12534564E-04   -0.30489527E-04   -0.38221817E-04    0.33485070E-05   -0.26465478E-03
 0.11971677E-03   -0.20595927E-04    0.12720695E-03   -0.51445262E-04    0.26035450E-04
 0.14753333E-03   -0.11336218E-03   -0.99252525E-04   -0.73921165E-05   -0.18095947E-03
-0.10449246E-04    0.22042047E-03    0.42025416E-04   -0.50892635E-03   -0.40587088E-04
 0.37247652E-05    0.14491243E-03    0.93342719E-04    0.19936116E-04    0.16515839E-02
-0.49991168E-03   -0.31103702E-03   -0.21350036E-03   -0.36246551E-04    0.16857840E-04
 0.32707802E-04   -0.18608980E-04   -0.74745462E-04   -0.26429441E-05    0.15675054E-04
 0.69605778E-05   -0.41146394E-04    0.50490547E-04   -0.81533629E-04    0.21685881E-03
-0.19167543E-03    0.15024426E-03    0.13637749E-04   -0.54952094E-05   -0.58247568E-05
 0.66296302E-03    0.30504233E-03   -0.13350141E-04   -0.10458731E-04   -0.13573480E-03
 0.70605354E-04   -0.28195392E-03    0.12676741E-03   -0.26552078E-04    0.36554445E-04
-0.93185946E-04    0.45934146E-04    0.57819581E-04   -0.57577877E-04    0.60626619E-04
 0.50270505E-04    0.87645904E-04   -0.90833721E-05    0.25445169E-04    0.35760283E-04
-0.49787387E-05    0.12108092E-04    0.63071606E-05   -0.62609328E-05   -0.75954517E-03
-0.33423537E-03    0.24823857E-04    0.77857797E-05    0.92161680E-04   -0.37642475E-04
 0.26058012E-03   -0.83646413E-05    0.13185440E-04   -0.48291613E-04    0.85976437E-04
-0.56762831E-04   -0.11607043E-03    0.51759170E-04   -0.13850289E-03   -0.78063364E-04
-0.90514755E-04   -0.44626577E-05    0.35045378E-04   -0.65563641E-04    0.10243753E-04
 0.25471590E-03   -0.43757617E-05   -0.37381920E-04    0.97127884E-04    0.16031701E-02
 0.15860588E-03    0.67603789E-03   -0.32557365E-03   -0.42691605E-03    0.11692023E-04
-0.34834673E-04    0.16680975E-03    0.74771490E-04    0.83023859E-04   -0.77610356E-05
-0.19220444E-04    0.56151254E-04    0.36979956E-04   -0.12727682E-03    0.17408022E-03
-0.19162076E-04   -0.13379189E-03   -0.41279483E-04    0.14843160E-03   -0.27729600E-04
 0.26504873E-03    0.83405012E-03   -0.30260130E-04   -0.25472755E-05    0.43609474E-05
-0.65357347E-04   -0.22058382E-03    0.11675915E-03   -0.12439521E-04    0.52552805E-04
-0.73074666E-04    0.43271207E-04    0.11055446E-03   -0.11369246E-03    0.25449845E-03
-0.41476340E-04   -0.78547117E-05    0.11334071E-03   -0.16137962E-03   -0.10402278E-04
-0.84167857E-06    0.41453166E-04   -0.22699135E-03   -0.38854897E-04   -0.31181489E-03
-0.10458835E-02    0.31314141E-04    0.60134825E-05   -0.62307757E-04    0.17961356E-03
-0.79250580E-04   -0.12385954E-03    0.11120154E-04   -0.59426516E-04    0.68540133E-04
-0.37136007E-04   -0.87385267E-04    0.11290980E-03   -0.24517090E-03    0.97191453E-04
 0.10002061E-03   -0.21427938E-03    0.17682827E-03    0.40243024E-04   -0.72755038E-05
 0.94546543E-03    0.66972784E-04    0.62215050E-04    0.59474395E-04    0.76550251E-03
 0.22681823E-02   -0.71967942E-04    0.40990675E-04   -0.10230386E-03    0.70295120E-05
-0.37370052E-05   -0.10393340E-04    0.24545534E-04   -0.34139212E-04   -0.54103097E-05
-0.21119347E-05   -0.29073535E-04   -0.65275002E-05    0.38447595E-04   -0.40092508E-03
 0.55402779E-03   -0.10501210E-02    0.16578422E-02    0.76381130E-05    0.38031770E-04
 0.12722729E-04   -0.17747939E-04   -0.49267132E-04    0.14823541E-03   -0.21687322E-04
 0.68313993E-04    0.96001746E-04   -0.19165071E-04   -0.37440788E-04    0.93023430E-05
 0.40625141E-05    0.22440738E-04    0.69487915E-05   -0.14072214E-04    0.23190706E-04
-0.28643905E-04   -0.33494100E-04    0.29404851E-04    0.23561822E-04    0.17847803E-04
-0.43401867E-05    0.72814780E-06   -0.33293222E-05   -0.51002395E-04   -0.21314306E-04
 0.46418956E-04    0.57696851E-04   -0.20163880E-03    0.28879555E-04   -0.12756833E-03
-0.86071406E-04   -0.26643259E-04    0.84424907E-04   -0.85498743E-05   -0.14318770E-04
-0.49769601E-04    0.15964412E-04    0.10632206E-04   -0.39503606E-04    0.95729048E-05
-0.71296902E-05   -0.20701483E-04   -0.59472526E-04    0.46192862E-05   -0.95955320E-05
 0.22281009E-06   -0.27633973E-04   -0.77113562E-05    0.86420759E-04    0.57396707E-04
-0.11449181E-03   -0.12260362E-03    0.40562654E-03    0.31586127E-05   -0.28964415E-04
-0.29918378E-04    0.75716013E-05   -0.56830205E-05    0.52212354E-05    0.29592529E-05
 0.18205135E-05   -0.10568960E-05    0.21899238E-05    0.85152507E-05    0.27797030E-05
-0.29027725E-05    0.22846771E-04   -0.41222882E-04    0.53449163E-04   -0.60093410E-04
 0.23478014E-05   -0.39673422E-05    0.49322251E-05   -0.84548458E-05    0.51101136E-06
-0.21082434E-04    0.84132477E-05   -0.34496879E-05   -0.28094635E-05   -0.11239328E-04
-0.27938295E-04   -0.30214361E-05   -0.89876666E-06   -0.45301622E-05   -0.12858291E-05
 0.19604785E-05    0.11347057E-05    0.10349783E-05   -0.89331558E-06    0.29194980E-05
 0.61990104E-05   -0.82751222E-05    0.63254774E-06    0.31803365E-06   -0.34831435E-05
 0.10072309E-04    0.15317634E-05    0.66965433E-05   -0.10999605E-06    0.27815797E-04
-0.99388890E-05    0.18931049E-04   -0.33283797E-05    0.19486097E-04    0.25547720E-04
 0.38772871E-05    0.18253324E-05    0.45105502E-05   -0.25848236E-05   -0.22897528E-05
 0.36702419E-05    0.30308758E-05    0.32998463E-05   -0.56889059E-05    0.10848034E-05
 0.76203544E-05    0.22355183E-05   -0.54165641E-06   -0.22712610E-05    0.13008910E-04
-0.68691381E-05    0.10169292E-04   -0.76587695E-05   -0.82178740E-05   -0.59669167E-04
 0.24927286E-04   -0.42199212E-03    0.22444592E-02   -0.50160240E-04   -0.16732116E-02
 0.17519121E-03   -0.18123412E-03   -0.39168829E-04    0.11682212E-03    0.31664678E-03
-0.19355528E-05   -0.52167489E-04   -0.11345173E-03    0.49819286E-04   -0.82871276E-03
 0.12550140E-02   -0.10754128E-02   -0.37999026E-03   -0.11122477E-04    0.22287873E-03
 0.24642869E-03   -0.22205531E-03    0.36108336E-04    0.10212978E-03   -0.93256180E-05
 0.10092769E-02   -0.12264428E-03    0.65029565E-03   -0.99903602E-04    0.66596153E-04
 0.85019282E-05    0.15013105E-03   -0.86766876E-04    0.10505308E-03   -0.62446481E-04
 0.27241819E-03    0.56347482E-04   -0.95940995E-04    0.27110787E-03   -0.12159552E-03
-0.34347388E-04    0.11940422E-04   -0.99402659E-05   -0.41599216E-03   -0.42790010E-03
 0.14520489E-03   -0.55308984E-04   -0.20467221E-03    0.30255059E-04   -0.12600903E-02
 0.20587145E-03   -0.10858263E-02    0.30527230E-03   -0.13371300E-03   -0.20445305E-04
-0.16633036E-03   -0.58103287E-05    0.15383003E-04    0.22499802E-03   -0.29861296E-03
 0.11324134E-03    0.20315913E-03   -0.37308506E-03    0.13465362E-04    0.68685548E-04
-0.44088230E-04    0.30569390E-02    0.48640140E-03   -0.11867120E-03    0.18939018E-03
 0.73391074E-04    0.25714260E-03    0.18780347E-03   -0.51315993E-05    0.29731233E-02
 0.29573477E-03   -0.15158746E-02    0.39034273E-04    0.89467064E-03   -0.17442726E-03
 0.14804218E-03   -0.22581540E-04   -0.62179164E-05   -0.16636363E-03    0.13065712E-04
 0.35209352E-04   -0.40708905E-04   -0.17109028E-04   -0.10769812E-03   -0.46467074E-04
-0.12953334E-02    0.27774488E-02   -0.14292215E-05   -0.12417671E-03   -0.10712766E-03
 0.14677905E-03    0.94298031E-05    0.70583709E-04   -0.10457705E-05    0.10247540E-03
 0.16623487E-02   -0.38409379E-03    0.10024160E-03   -0.77312813E-04   -0.88379130E-04
-0.23042228E-04   -0.11825967E-03   -0.72304623E-04    0.15652168E-03   -0.89776754E-04
 0.77052575E-04   -0.18683629E-04   -0.19503742E-03    0.15258112E-03   -0.25913023E-04
-0.20326475E-04   -0.54616737E-04    0.22807840E-03    0.23537762E-03   -0.91520567E-04
 0.56791210E-04   -0.46516922E-04   -0.87183621E-05   -0.78484216E-04   -0.18374490E-02
 0.72284088E-03   -0.78693926E-04    0.12175652E-03    0.95150277E-04    0.19374518E-04
 0.81598706E-04   -0.10250737E-04   -0.15519920E-03    0.11850528E-03   -0.13368634E-03
 0.62222074E-05    0.22650656E-03   -0.99851264E-04    0.25348690E-05    0.39784429E-04
-0.17532712E-02   -0.26764804E-03    0.15864734E-03   -0.14994907E-03   -0.40152305E-04
-0.20040024E-03    0.18696844E-03    0.50543143E-05    0.62671377E-04    0.43238244E-02
 0.52248928E-03    0.28133472E-02    0.11388502E-04   -0.94119003E-03    0.16462364E-03
-0.11465343E-03    0.42777757E-03    0.17361208E-03    0.21765928E-04   -0.17882860E-04
-0.50763933E-04    0.10108075E-03    0.21319505E-03   -0.41683041E-04    0.72509872E-04
 0.94126163E-03   -0.26602519E-02    0.35646454E-04    0.36351883E-03   -0.48826714E-04
-0.27465647E-03   -0.37481603E-03   -0.14219781E-04   -0.12569406E-04    0.18553838E-03
-0.29163179E-03    0.20572365E-01   -0.72861604E-04    0.95163551E-04   -0.29780367E-04
 0.22910464E-03    0.15859297E-03    0.11695758E-03   -0.24093196E-03    0.11027389E-03
-0.38452558E-04   -0.14530638E-03    0.28930480E-04   -0.29611390E-03   -0.37722863E-04
 0.17384658E-04   -0.11261512E-03   -0.48511622E-03   -0.84475625E-04    0.26305796E-03
 0.47153897E-03   -0.61673681E-04    0.38002440E-04   -0.15088448E-03    0.50034443E-03
-0.10258042E-01    0.31972846E-03   -0.22107301E-03    0.87220667E-05   -0.28751653E-03
 0.13950614E-04    0.17433800E-03    0.34337043E-03   -0.88580270E-04    0.92633484E-04
 0.23386193E-03   -0.46352069E-04    0.27248192E-03    0.17889197E-03   -0.41228202E-04
 0.15751569E-02    0.25381440E-03    0.18947321E-03   -0.95704348E-04   -0.83645730E-04
-0.86813170E-03   -0.16177716E-03   -0.56012567E-06    0.61659611E-03   -0.14421369E-03
 0.42016064E-01    0.21812235E-03    0.63069240E-03    0.69742032E-03   -0.23526059E-03
 0.77815454E-04   -0.55995035E-04   -0.16332268E-03    0.56505976E-04    0.64587667E-04
-0.13619716E-04   -0.64018953E-04    0.85269906E-05    0.67586072E-04    0.15130965E-04
-0.33051352E-03    0.29816586E-03   -0.13170152E-02   -0.23376215E-04    0.99702993E-04
-0.92542832E-04    0.10306788E-03    0.12561823E-03   -0.58243428E-04   -0.23729924E-04
-0.11218194E-03   -0.39517424E-04    0.15306772E-03    0.98268941E-03    0.26520008E-04
-0.22227512E-04    0.77722183E-04   -0.53512264E-05   -0.33437697E-04    0.11466551E-03
 0.83358318E-04    0.71150971E-04   -0.60425448E-04   -0.66900194E-04   -0.21525278E-04
-0.83546757E-04    0.62737517E-05   -0.21395441E-04   -0.14183522E-03    0.83830781E-04
-0.68945213E-04   -0.96749299E-04    0.98071661E-04    0.24548889E-04    0.14985604E-03
 0.85620472E-04   -0.43549630E-03   -0.13580768E-02   -0.23503866E-05    0.43196411E-04
-0.34098422E-05   -0.25649660E-05    0.68641368E-04   -0.11170338E-03   -0.54501231E-04
-0.40747754E-04    0.75247024E-04    0.12554809E-03    0.90121737E-06    0.17935536E-03
-0.15243439E-04    0.65415714E-03   -0.28764291E-04    0.55825290E-04   -0.20851711E-03
 0.16918843E-03    0.28999579E-03   -0.13946267E-03   -0.50373253E-04   -0.49707860E-05
-0.75797569E-04    0.11379850E-03    0.32651276E-02    0.39352689E-04    0.54516387E-04
 0.11633731E-03   -0.16876478E-04    0.10180855E-04    0.13412327E-04    0.26353881E-04
 0.39653754E-04   -0.83817651E-05   -0.39274541E-05    0.33179665E-04    0.82847950E-05
 0.41245270E-04   -0.14747023E-03    0.21885451E-03   -0.56448734E-03    0.99266445E-03
-0.12125820E-04   -0.45138432E-05    0.29829462E-04   -0.31088796E-04   -0.30837354E-04
 0.87888686E-05   -0.35586286E-05    0.14815889E-04   -0.39466244E-04    0.10615197E-03
 0.11438388E-04    0.86376010E-04   -0.22558967E-04   -0.23039503E-04   -0.79574619E-05
 0.10403396E-04    0.60109181E-06    0.53124942E-05    0.39187509E-05   -0.62084072E-04
-0.18799730E-04    0.10283328E-04   -0.15307446E-05   -0.92227741E-06    0.11955430E-04
 0.62809015E-05   -0.40467900E-04    0.72780641E-05    0.27074545E-04   -0.91525022E-05
 0.61053904E-05   -0.40886785E-04    0.34118316E-04   -0.36158632E-04    0.22971985E-04
-0.12703728E-03    0.24821238E-04    0.21952363E-04    0.57727929E-05    0.66061637E-05
 0.12562936E-04    0.35597523E-05   -0.84752998E-05    0.69160625E-04    0.37893697E-04
-0.44727584E-04   -0.12017815E-04    0.69514959E-06   -0.49739500E-04   -0.14835038E-04
-0.17525267E-04    0.16455271E-04   -0.70235973E-05   -0.18381712E-04    0.53727586E-05
-0.37898381E-05   -0.18746872E-04    0.14021181E-04    0.97824023E-04   -0.23774435E-04
 0.27316877E-03   -0.68540376E-04   -0.21819457E-03   -0.46576220E-04    0.17206025E-03
-0.31786688E-05    0.20578627E-04   -0.63277657E-05   -0.12739723E-04   -0.35849152E-04
-0.76604163E-05   -0.21524142E-05   -0.44521223E-05   -0.36036047E-04    0.46507794E-04
 0.41992666E-04   -0.24493018E-03    0.56045257E-03   -0.47354957E-04   -0.47223243E-04
-0.27562601E-04    0.36829800E-04    0.17423132E-04    0.24728339E-05   -0.13927133E-05
-0.47475746E-04   -0.20159605E-04   -0.15935292E-03   -0.18490151E-04   -0.23879167E-04
 0.74463560E-04    0.92731842E-05   -0.93601809E-06   -0.30107959E-04    0.14410238E-06
-0.30355772E-04   -0.32685332E-05    0.48099579E-05   -0.26541955E-04    0.86512340E-04
-0.10102911E-05   -0.73464999E-05    0.62349921E-04    0.60071818E-04    0.37114621E-04
-0.38479230E-04   -0.24242962E-04   -0.76264677E-05   -0.28910463E-06    0.49883616E-04
 0.16943067E-04    0.19841458E-03    0.68392299E-04    0.26939969E-04   -0.10362598E-03
-0.35441590E-04    0.78201455E-05    0.14837015E-04   -0.15324989E-04   -0.18420585E-05
-0.37458340E-04   -0.49265407E-04    0.33100652E-04   -0.96877186E-04   -0.11940351E-04
 0.13856929E-04   -0.35870469E-03   -0.16287725E-03   -0.57687397E-04   -0.56939513E-04
 0.38500759E-04    0.10318889E-04    0.19862244E-04   -0.31718433E-05   -0.16102402E-03
 0.23340518E-04   -0.23531908E-03   -0.87618897E-04   -0.37441682E-04    0.24209143E-03
-0.33551563E-04    0.24266797E-03   -0.33506256E-03   -0.48856722E-04   -0.97641126E-05
-0.14760173E-04    0.54860790E-04    0.20931355E-04    0.10364764E-04   -0.26559243E-04
-0.30813870E-04   -0.30403206E-04   -0.11775435E-03   -0.13660613E-03    0.16681603E-03
-0.55243935E-03    0.45184846E-03   -0.66302134E-04    0.53613988E-04   -0.12117594E-03
-0.11133420E-03   -0.13133390E-03    0.25603312E-04   -0.36579495E-05   -0.16676607E-04
 0.71564852E-04    0.17449100E-03    0.28455766E-04   -0.19464837E-04    0.37046974E-04
 0.61717726E-03    0.40663895E-04   -0.32279617E-04    0.15032279E-03   -0.13479111E-04
-0.26540553E-04    0.19473171E-04   -0.61241210E-04   -0.19031011E-03   -0.34172611E-04
-0.22513206E-04    0.72280387E-04   -0.46690844E-04    0.15662319E-03    0.11743275E-03
 0.12993875E-03   -0.61726645E-04    0.46748935E-05    0.46212971E-04   -0.98817239E-04
-0.15884904E-03    0.82374813E-04    0.19369485E-04   -0.62526184E-04   -0.75073349E-03
-0.59468305E-04    0.78342505E-04   -0.10271271E-03    0.56155011E-04    0.92985048E-04
-0.18833548E-04    0.79432721E-04    0.24916237E-03    0.49905240E-04    0.22166874E-04
 0.14204585E-03   -0.68691646E-04   -0.24319346E-04   -0.10934447E-03   -0.23803875E-03
-0.28915491E-03    0.39486929E-04   -0.11450816E-04    0.10566785E-03    0.20354308E-03
-0.69011095E-04   -0.13928195E-04   -0.16810809E-05    0.81319194E-04    0.14773012E-02
 0.85229400E-05    0.27054275E-03   -0.22618576E-03   -0.18365857E-03    0.29693625E-05
 0.97545392E-05    0.34596479E-04    0.76822696E-04    0.74555073E-04   -0.18215009E-04
 0.41132903E-04    0.11761981E-05    0.76744579E-04   -0.43288880E-03    0.47770494E-03
-0.10869767E-02    0.12890670E-02    0.98392668E-05    0.22880076E-04    0.64529446E-04
 0.52462993E-04    0.83363177E-04    0.23836714E-04   -0.22935501E-05   -0.99659154E-05
-0.16718679E-03    0.27147990E-03    0.42094459E-04   -0.10515830E-04   -0.29658186E-05
 0.60876315E-04    0.57330707E-03    0.37014317E-03    0.76530149E-05    0.12000818E-03
 0.10399314E-04   -0.23645259E-04    0.28860686E-04   -0.17849795E-03   -0.25223392E-04
 0.36517558E-05   -0.12815668E-04   -0.90007277E-04   -0.93901200E-04   -0.42682592E-04
-0.21417801E-04   -0.50010992E-05   -0.18669297E-05   -0.29073879E-04    0.13349087E-03
-0.12691838E-03    0.32910092E-04   -0.19297706E-04    0.11349515E-04   -0.60669552E-04
-0.71175300E-03   -0.41215492E-03    0.89819616E-04   -0.11037726E-03   -0.56547593E-05
 0.34707862E-04   -0.89259582E-04    0.14638667E-03    0.90119092E-04   -0.49435312E-05
 0.48682899E-03    0.10173763E-03   -0.63936871E-04    0.10213068E-03   -0.26750211E-04
-0.16556529E-04    0.56276659E-04   -0.11389421E-04    0.26896223E-03    0.69406064E-05
 0.18877562E-03    0.17235313E-05    0.13666168E-04   -0.88381830E-05    0.60794615E-04
 0.19316075E-02    0.11289216E-03   -0.11419755E-02   -0.17819758E-03    0.69108685E-03
-0.11465421E-03    0.10934995E-03    0.30068954E-05   -0.42847563E-04   -0.14105888E-03
 0.21657270E-04    0.31933323E-04   -0.56781341E-04   -0.11825810E-03   -0.13874767E-03
 0.60405796E-05   -0.94525927E-03    0.23509583E-02    0.16773185E-04   -0.21862030E-03
 0.44214382E-04    0.10103064E-03    0.86674551E-04   -0.34025978E-04    0.77130117E-05
 0.33983583E-04    0.76221171E-04   -0.21522151E-03   -0.18892739E-04   -0.38244882E-04
-0.45344063E-04   -0.13590551E-03    0.36531195E-03    0.62252642E-03    0.87920671E-04
 0.59157459E-06   -0.26148372E-04   -0.35537387E-04   -0.10391480E-03    0.18777116E-05
 0.53826921E-05   -0.96648113E-05    0.21910135E-04    0.26619091E-03   -0.12130239E-05
-0.91652825E-04   -0.76887584E-04    0.56439519E-04   -0.99406020E-05    0.10563345E-03
-0.16401780E-03    0.60235583E-03    0.24377884E-04    0.57290692E-04    0.54351708E-04
 0.21821448E-03   -0.40632135E-03   -0.75637027E-03   -0.86409472E-04    0.10503820E-04
 0.24244152E-04    0.58379895E-04    0.13310663E-03   -0.15821244E-04   -0.25240118E-04
 0.26537881E-04   -0.17305097E-02   -0.23906594E-03   -0.61682989E-04   -0.94280553E-05
-0.10585557E-03   -0.15820377E-03    0.99338134E-05   -0.28638500E-05   -0.31775764E-03
 0.32546976E-03   -0.22308848E-04   -0.13957063E-03   -0.13189336E-04    0.25356283E-04
-0.48046262E-05    0.81025676E-03    0.16888013E-02    0.28935097E-03   -0.11734243E-02
 0.11090823E-03    0.84322865E-03   -0.10428228E-03    0.81132153E-04   -0.59891295E-04
-0.93129795E-04   -0.17243399E-03    0.33093136E-04    0.19609474E-04   -0.66415030E-04
-0.37798450E-04   -0.64191521E-03    0.68140813E-03   -0.24643224E-02    0.49465308E-02
-0.74829931E-04   -0.14022309E-03   -0.30268987E-04    0.43811585E-05   -0.10383339E-03
 0.48709097E-05    0.29539676E-05    0.31748422E-04    0.21463699E-03   -0.38464959E-03
 0.15979054E-03   -0.28666962E-04   -0.45165125E-04    0.61333679E-04    0.62476430E-04
-0.12028467E-04    0.97059874E-03   -0.94659551E-04    0.62443877E-04    0.41558362E-04
-0.36665270E-04    0.43258895E-04    0.72360314E-05   -0.23411980E-04    0.13459215E-03
 0.22694450E-03    0.31576482E-04   -0.48729990E-04    0.50229746E-04    0.37480550E-05
-0.24337021E-05   -0.78241313E-05   -0.17434480E-03    0.66214977E-03   -0.26566948E-03
 0.72938407E-04    0.46847694E-04    0.41443770E-05    0.32233176E-04    0.53685830E-04
-0.12676970E-02    0.69388913E-04   -0.11323437E-03   -0.37047137E-04    0.21330821E-04
-0.85063609E-04   -0.51046122E-04    0.41159570E-04   -0.16050771E-02   -0.46209475E-03
 0.39308316E-04   -0.82128693E-05   -0.12385683E-03   -0.15307234E-03    0.92982093E-04
-0.10103898E-04   -0.23482873E-03    0.31149259E-03   -0.45903747E-03    0.32533599E-03
 0.30572314E-04    0.40037736E-04    0.30639121E-03    0.22814486E-04    0.29796388E-03
 0.26282735E-02    0.19747929E-03   -0.12251432E-02    0.31641505E-03    0.98440268E-03
-0.11317246E-03    0.10497493E-03   -0.11340612E-03   -0.41217766E-04   -0.17507638E-03
-0.84607504E-04    0.37300115E-04   -0.27082827E-04   -0.14559753E-03    0.45109371E-04
-0.78439008E-04   -0.45076801E-03    0.22451910E-02    0.53195343E-04   -0.25638535E-03
 0.11568662E-04    0.11906513E-03    0.15249724E-03   -0.65635242E-04    0.73523168E-05
 0.48837706E-04    0.20229007E-03   -0.46099842E-03    0.32221638E-04   -0.28132367E-04
-0.49381961E-04   -0.14739218E-03    0.11266533E-03    0.84174501E-04    0.90873128E-04
 0.57611032E-03    0.21913153E-03   -0.14111301E-03   -0.17963673E-03    0.42158470E-04
 0.11351480E-04   -0.10363173E-04   -0.25428508E-04    0.39334820E-03   -0.33266955E-04
-0.15618214E-03   -0.16415497E-03    0.10018189E-03   -0.10201583E-04   -0.57613334E-04
-0.24242476E-03    0.65076534E-03   -0.12790129E-03    0.52495607E-04    0.61029241E-04
 0.25633239E-03   -0.86265253E-04   -0.81999131E-04   -0.24104977E-03   -0.76349208E-03
-0.29940651E-03    0.15409991E-03    0.20600994E-03   -0.13563389E-03   -0.33906481E-04
 0.29722951E-04   -0.23386716E-02   -0.22668967E-03    0.55719927E-04   -0.60076238E-04
-0.45144650E-04    0.79138640E-04   -0.11316085E-03    0.11034520E-04   -0.58621274E-03
 0.45065551E-03   -0.44678944E-03   -0.91884661E-04    0.23421894E-04    0.10044592E-03
 0.29496851E-04   -0.45697584E-05    0.42883350E-03    0.35072858E-03    0.21837577E-02
-0.28640484E-03    0.19631478E-03    0.30517536E-03   -0.16886035E-03    0.31289916E-04
-0.56351229E-04   -0.21612611E-03   -0.40096579E-04    0.39820100E-04   -0.37393969E-04
-0.56406094E-04   -0.64054897E-04   -0.17122475E-03   -0.94413538E-04    0.28306536E-03
-0.26522658E-03   -0.11792810E-03   -0.20251190E-04   -0.50530980E-04    0.37619952E-04
 0.21693168E-04   -0.55229527E-04   -0.38763200E-04   -0.29060665E-05    0.64193164E-04
 0.15332204E-04   -0.10606669E-03    0.95096329E-04    0.10725721E-04    0.60584639E-05
 0.15041736E-04    0.40023349E-04   -0.45781831E-05    0.37555607E-04    0.18197755E-03
 0.63711057E-03    0.29560429E-04    0.39789276E-04    0.90014284E-06   -0.40644519E-05
-0.46160137E-05    0.10922600E-04    0.44549454E-04   -0.24493907E-04   -0.29453269E-04
 0.78325570E-04   -0.40451124E-05    0.11280403E-05   -0.82352926E-05   -0.38607265E-04
-0.15972362E-04   -0.12060626E-04   -0.24001226E-04   -0.22091639E-04    0.58948132E-05
-0.55712002E-04    0.45133080E-04   -0.31387456E-04   -0.22008128E-03   -0.70465645E-03
-0.58295010E-04    0.30220110E-04   -0.54463856E-04    0.31253388E-04    0.30129799E-05
 0.28231047E-03    0.32611197E-04   -0.10727990E-03    0.44420759E-04   -0.79263260E-04
-0.19635387E-03   -0.39161353E-04   -0.22697912E-05    0.21339243E-03    0.68550113E-04
 0.61666709E-04    0.10139580E-03    0.36216655E-05    0.13222204E-04    0.39933129E-04
-0.21444610E-04   -0.58051839E-05    0.58606208E-04    0.41342955E-03    0.19923362E-02
 0.51243350E-03   -0.18550655E-02    0.55439562E-04    0.15356499E-02   -0.18487554E-03
 0.15126224E-03   -0.21384152E-04   -0.80764631E-04   -0.28932686E-03    0.16548619E-04
 0.25038556E-04   -0.44049469E-04   -0.14748171E-03    0.28595355E-03   -0.53545581E-03
-0.83448829E-03    0.29990601E-02    0.17713937E-04   -0.20051076E-03   -0.22277948E-03
 0.12478467E-03   -0.99500570E-04    0.99103776E-05    0.58328233E-05   -0.12221952E-03
 0.25029666E-03   -0.66814488E-03   -0.46433032E-04   -0.11624896E-03   -0.41589737E-04
-0.13756586E-03    0.61627873E-04   -0.65179404E-04    0.20083902E-03   -0.29253700E-03
 0.54810990E-04    0.12133764E-02    0.82646915E-05    0.22005368E-04   -0.11401158E-04
-0.18280672E-04    0.67238173E-04    0.33494494E-03    0.40982201E-03   -0.88675924E-04
 0.11908448E-03    0.49431645E-04   -0.12987124E-04    0.21718279E-03   -0.33259062E-03
 0.10297054E-02   -0.68231333E-04    0.15625727E-03    0.31620029E-04    0.17754302E-03
 0.20768769E-04    0.73037465E-04   -0.35698152E-03    0.26622003E-03   -0.16005319E-03
-0.11647020E-02    0.15616714E-04   -0.22476064E-04    0.36717892E-05    0.42506956E-04
-0.29476113E-02   -0.38118559E-03    0.20828994E-03   -0.19201165E-03   -0.60163033E-04
-0.35422558E-03    0.11125816E-03   -0.23844115E-05   -0.78337497E-03    0.42680776E-03
-0.52996825E-03   -0.25596610E-03   -0.23161937E-04    0.11399834E-03   -0.40418233E-04
-0.23445907E-04    0.40437104E-03    0.49040025E-03    0.36677923E-03    0.13447522E-04
 0.37437566E-02    0.50930244E-03   -0.38754501E-03   -0.10015439E-03    0.68309453E-03
-0.86781292E-04    0.65353765E-04    0.16724667E-03    0.68514398E-04   -0.13059048E-03
-0.16292542E-04    0.23249892E-04   -0.14140002E-05   -0.63735481E-04   -0.17780160E-03
 0.12201329E-03   -0.72353008E-03    0.20657844E-02    0.50814084E-04   -0.47754299E-04
-0.42797012E-04   -0.17519653E-05   -0.23563284E-07    0.19402868E-04    0.66088804E-05
-0.22292767E-04    0.51899632E-04   -0.23857539E-03   -0.13447911E-03   -0.34148069E-04
-0.15948664E-04   -0.13188876E-03    0.29607755E-04    0.33302374E-04    0.12950961E-03
-0.75176792E-04    0.26050949E-04    0.22940981E-03    0.50564468E-03   -0.22257245E-05
-0.54526052E-04    0.45183881E-06   -0.42561164E-04    0.45946817E-04    0.15360784E-03
 0.23835215E-05   -0.51002389E-04   -0.97716039E-05   -0.73102290E-05   -0.41746956E-05
-0.53188239E-04    0.25010925E-03    0.15256754E-03    0.51574950E-04    0.36181588E-04
 0.18033460E-03   -0.68000035E-04   -0.48014661E-04   -0.27583133E-03    0.10679336E-03
 0.58483972E-04   -0.23401434E-03   -0.58851724E-03    0.85475145E-04    0.22193750E-04
 0.10893144E-05   -0.13276512E-02   -0.87661624E-04    0.88146650E-04   -0.13274268E-04
 0.56100631E-04   -0.15427692E-03    0.45816032E-04    0.43532817E-05   -0.27011229E-03
 0.21990615E-03   -0.64705719E-03   -0.30631241E-03    0.20634593E-04    0.52290418E-04
-0.29939009E-03   -0.17598725E-04    0.23592968E-03    0.20679754E-03    0.23350925E-03
-0.59630672E-04    0.80785634E-03    0.19032647E-02   -0.57119192E-03    0.26201341E-03
 0.42817004E-03   -0.49108846E-03    0.83058690E-04   -0.64464118E-04   -0.17156490E-03
 0.15890229E-04    0.38607310E-04    0.55053052E-05   -0.18372427E-04   -0.32850313E-04
-0.13923005E-04   -0.63799952E-03    0.10548513E-02   -0.17797911E-02    0.18846731E-02
-0.17422245E-04    0.79188728E-04    0.40321783E-03    0.21233320E-04   -0.11527641E-03
 0.23658395E-04   -0.13113632E-04    0.34589849E-04    0.32964885E-04   -0.13204379E-03
 0.57789728E-04    0.28416445E-04    0.78827056E-04   -0.11897152E-03   -0.14769970E-03
-0.11649573E-03   -0.67728706E-04   -0.17463806E-04    0.14251914E-05   -0.15544804E-03
 0.70548181E-06    0.89527116E-03    0.27320686E-04    0.88361732E-05   -0.28343560E-04
-0.93863611E-04   -0.59325698E-03   -0.32482518E-05    0.15979280E-03   -0.21021292E-04
 0.87328899E-05   -0.13158841E-03   -0.72096469E-05    0.12825290E-03    0.12833810E-03
-0.61815598E-04   -0.11879601E-03    0.16503055E-03    0.12725355E-03    0.66721762E-04
 0.11226575E-03   -0.11282068E-03   -0.11756643E-03    0.84881749E-04    0.47706586E-04
-0.11261875E-02   -0.52047596E-04   -0.12018516E-04    0.94203376E-03   -0.33154680E-04
 0.21191861E-03    0.77337707E-03    0.19065665E-03   -0.35350680E-05    0.71512726E-04
-0.24659621E-04    0.17837153E-03   -0.17905152E-03   -0.24124496E-03    0.17193008E-03
-0.16899869E-04    0.25696254E-03   -0.20858645E-03   -0.87952010E-04   -0.27943303E-03
-0.18252264E-03   -0.35035930E-03   -0.66199016E-04   -0.27711360E-03   -0.78368322E-04
 0.23847890E-02   -0.65634843E-04   -0.26569877E-03    0.49672962E-04    0.15954826E-03
 0.34763986E-05    0.11606269E-04   -0.21514597E-05   -0.37651248E-04   -0.28763388E-04
 0.74921270E-05    0.20896977E-04   -0.78818576E-05   -0.12540605E-04    0.50714698E-04
 0.58828638E-04   -0.79209021E-04    0.39922715E-03    0.15616273E-04   -0.41970850E-04
-0.25021651E-05    0.63188239E-04   -0.43601185E-05   -0.69808531E-05   -0.18896662E-06
-0.22426418E-04   -0.87580604E-05   -0.15694361E-03   -0.48748581E-04   -0.99706922E-05
-0.29558996E-05   -0.49247240E-04   -0.22991506E-04   -0.12882060E-04    0.20490985E-04
-0.18994263E-04    0.53689509E-05   -0.99848443E-05   -0.75251203E-04    0.42966333E-04
 0.66054518E-04   -0.58024649E-06   -0.23575196E-04    0.65161912E-04   -0.11843615E-04
-0.82002655E-04   -0.15725571E-04   -0.12458323E-04    0.46147139E-05   -0.15791875E-04
-0.99967905E-05    0.28772302E-03    0.11174847E-03    0.92620956E-06    0.32943407E-05
 0.54312410E-04    0.84896462E-04    0.21315135E-04   -0.65510343E-04   -0.17972376E-04
-0.95609026E-05    0.43053422E-04    0.48167970E-04   -0.52340043E-04   -0.21768410E-03
 0.65620140E-05   -0.37186395E-03   -0.15981183E-06    0.33962090E-04    0.96810111E-05
 0.60370863E-04   -0.29336806E-04    0.15364162E-05   -0.79993456E-05   -0.11343654E-03
 0.81091096E-04   -0.18407116E-03   -0.14727141E-03   -0.16256752E-06    0.22245100E-04
-0.35475355E-04   -0.15114727E-03    0.49460939E-04    0.53101009E-04    0.11400507E-03
-0.30319279E-04    0.23078271E-04    0.11326785E-05    0.16611518E-04    0.50264952E-03
 0.63278545E-05    0.74865824E-04    0.47240840E-05   -0.23559521E-04    0.15298505E-05
-0.44351439E-05    0.54495979E-05    0.37437565E-05   -0.74867328E-06    0.54019475E-05
 0.67714161E-06    0.64775047E-05    0.88104471E-05   -0.12598753E-04    0.94037202E-05
-0.14128123E-04   -0.47998394E-05    0.57324040E-05    0.81984354E-05   -0.66182332E-06
-0.73698182E-05   -0.49143700E-05    0.52472836E-06    0.36221504E-06   -0.41954749E-05
-0.14343170E-04    0.15306521E-04    0.57147222E-05    0.11824965E-05   -0.67765004E-05
-0.19634928E-04   -0.26764126E-05   -0.42391176E-05   -0.17625052E-04    0.32952268E-05
-0.54516576E-05   -0.26382815E-05    0.79662300E-05    0.33248309E-06    0.33422472E-07
 0.95285344E-05   -0.84139473E-05   -0.14974500E-04    0.15975183E-05    0.79430013E-05
 0.54707449E-05    0.42734523E-06   -0.62119262E-06   -0.33042675E-05    0.19837165E-04
-0.25412632E-04   -0.66230857E-05   -0.28715532E-05    0.79762943E-05    0.21173994E-04
 0.50780143E-05    0.87960415E-05    0.24737514E-04    0.98758251E-06    0.78008977E-05
 0.85408615E-05   -0.12905358E-04   -0.43448299E-05    0.47909210E-05   -0.10948962E-04
 0.42784907E-04    0.19035955E-04   -0.15641642E-05   -0.38288764E-05    0.29390446E-05
 0.76399244E-05   -0.69417724E-06    0.17707886E-05    0.11235060E-04   -0.18576927E-04
 0.11961316E-04    0.46651458E-05   -0.20578059E-05   -0.15916813E-04   -0.58718819E-04
-0.13678593E-05   -0.46862964E-05   -0.32243008E-04   -0.23288464E-04   -0.14861432E-04
-0.10476660E-04    0.43947957E-05    0.17127521E-04   -0.21929675E-05    0.16334032E-04
 0.21888886E-02   -0.13244217E-01    0.68088635E-03    0.91919998E-02   -0.13837385E-02
 0.96075299E-03   -0.83758535E-03   -0.96954110E-03   -0.12584452E-02    0.61169262E-04
 0.16690931E-04   -0.49293679E-03   -0.19633517E-02    0.24404034E-02   -0.32508482E-02
-0.14842026E-02    0.12727436E-01    0.18845615E-03   -0.16029113E-02   -0.44821887E-03
 0.46760694E-03   -0.23676035E-03   -0.26262361E-03    0.47555746E-04   -0.55602681E-03
 0.18985627E-02   -0.40624982E-02    0.14858971E-03   -0.32833251E-03   -0.37932932E-03
-0.12967361E-02    0.37441250E-03   -0.12970091E-03    0.99617057E-03   -0.10198854E-02
 0.20119743E-03    0.26018530E-03   -0.13308245E-02    0.72586181E-03    0.82999673E-04
-0.10603549E-03    0.24825129E-03    0.24306210E-02    0.95075440E-03   -0.65182693E-03
 0.65422269E-04    0.55434878E-03   -0.10315410E-03    0.11580582E-02   -0.25953877E-02
 0.71522997E-02   -0.53158799E-03    0.62047621E-03    0.45096782E-03    0.17399004E-02
 0.11031964E-03    0.10569242E-04   -0.23165190E-02    0.92589968E-03   -0.40343041E-03
-0.49604811E-03    0.19071908E-02   -0.92453204E-03   -0.43724831E-03    0.27168451E-03
-0.17778978E-01   -0.24966805E-02    0.98077865E-03   -0.34709095E-03   -0.47332112E-03
-0.14537618E-02    0.13754357E-05    0.20439421E-05   -0.48992882E-02    0.28722947E-02
-0.27877089E-02   -0.10132918E-02   -0.35689178E-04    0.59695099E-03   -0.13086169E-03
-0.79831890E-03    0.28478533E-02    0.27035956E-02    0.38460227E-02   -0.27361406E-03
 0.48183022E-02    0.21211565E-02   -0.14267921E-02    0.59238583E-03   -0.65076125E-04
 0.37171561E-01   -0.14447246E-01    0.21234612E-01    0.50123339E-02   -0.23126470E-01
 0.28589490E-02   -0.24381327E-02   -0.74151389E-02   -0.17222386E-02    0.61529067E-02
-0.55689610E-03   -0.13521107E-02   -0.74131533E-03    0.16487694E-02   -0.51959468E-02
 0.76099125E-02    0.40390091E-02   -0.58036646E-01   -0.31497161E-03    0.23513673E-02
 0.12309893E-02   -0.15738992E-03   -0.11224925E-02    0.67989164E-03   -0.15596723E-03
 0.14308457E-02   -0.31323367E-02    0.58218406E-02   -0.30015369E-03    0.57109475E-03
 0.92733935E-03    0.24036574E-02   -0.44133242E-03    0.94400544E-03   -0.18847303E-02
 0.18830504E-02    0.11251645E-02   -0.13218511E-05    0.24315175E-02   -0.11615526E-03
-0.18292426E-04    0.17431385E-03   -0.15921225E-03   -0.39529457E-02   -0.29193038E-02
-0.45051793E-03    0.13298353E-02   -0.13319241E-02    0.16750083E-03   -0.11217333E-02
 0.39687181E-02   -0.98940001E-02    0.63441561E-03   -0.12199576E-02   -0.10803213E-02
-0.24806414E-02    0.62472744E-03    0.14799236E-03    0.49293296E-02   -0.24746406E-02
-0.74514861E-04   -0.16172925E-03   -0.23336564E-02    0.29976837E-03   -0.31255084E-03
-0.44024797E-03    0.36627878E-01    0.49629337E-02   -0.25584021E-02    0.28253139E-03
 0.78676648E-03    0.21737986E-02    0.65181315E-04   -0.12173359E-03    0.11241160E-01
-0.61311731E-02    0.46542024E-02    0.30217205E-02   -0.23511574E-03   -0.12764405E-02
 0.19367756E-03    0.14222705E-02   -0.52463577E-02   -0.51082472E-02   -0.78552250E-02
 0.23883033E-02   -0.99397421E-02   -0.47840880E-02    0.35606650E-02   -0.10549361E-02
 0.15468025E-03   -0.58178899E-01    0.23836220E+00   -0.16062220E-02    0.10480930E-03
 0.26748084E-02   -0.16047494E-02    0.27824674E-04   -0.23418399E-03   -0.19543038E-02
-0.52219370E-03    0.16384332E-02   -0.10946849E-04   -0.78030058E-03   -0.79326246E-03
-0.17776753E-02    0.26186707E-03   -0.28748083E-03    0.47602066E-03   -0.10329566E-01
 0.27237040E-04   -0.31339523E-03    0.84673498E-04    0.33316294E-04   -0.58572986E-03
-0.20083039E-04   -0.97510638E-05    0.10906589E-03   -0.76336315E-04   -0.18313600E-03
 0.11080030E-04    0.11811332E-04    0.60905952E-05    0.19809169E-03   -0.21539344E-04
 0.16065149E-03   -0.13000455E-03    0.46025200E-04    0.20988566E-03   -0.85316862E-04
-0.31010439E-04    0.13816201E-03    0.99585320E-04   -0.65488953E-05    0.89787604E-04
 0.34194514E-03   -0.31806821E-03   -0.13218400E-03    0.82217944E-03   -0.32138657E-05
-0.17322745E-04    0.38809720E-03    0.10123402E-03   -0.11279273E-03    0.10244333E-03
-0.75530065E-04   -0.39611299E-05   -0.16403688E-04   -0.10353274E-04    0.78243639E-04
 0.28312758E-03   -0.27517904E-04    0.66907616E-04   -0.65494115E-04    0.34880020E-03
-0.29634249E-03   -0.21269173E-03    0.14698678E-04    0.70762462E-03   -0.31792277E-05
-0.20093559E-03   -0.15897932E-03   -0.19317274E-03   -0.25050476E-03    0.12023464E-04
-0.18389576E-04    0.34556493E-03   -0.39477602E-03   -0.17046403E-04    0.62993542E-04
-0.87341335E-04    0.33468505E-04    0.56583042E-04    0.33080071E-04   -0.41704069E-04
-0.24563696E-03   -0.79014550E-04    0.32950341E-03   -0.18250459E-03   -0.29521217E-03
 0.15401962E-03   -0.18242534E-04    0.90626617E-05    0.38915914E-02    0.26251406E-01
 0.19076259E-01   -0.10007460E-03   -0.30300171E-02   -0.33346354E-03    0.17386778E-02
-0.18915811E-03    0.19011905E-03   -0.13179760E-03   -0.43752308E-03    0.14524328E-04
 0.71365880E-04   -0.10064015E-03   -0.27493900E-03   -0.55659176E-03    0.79800749E-03
-0.78875595E-03    0.19726649E-03    0.18566775E-03   -0.71072628E-03   -0.22008401E-03
-0.23322955E-03    0.19981632E-03    0.19149874E-04   -0.63926914E-04    0.47938552E-05
-0.14057493E-03    0.35440587E-03   -0.95384667E-03    0.56400813E-04   -0.31474773E-04
 0.17194790E-04   -0.15550502E-03   -0.82075293E-06    0.29806941E-04    0.25990195E-03
-0.34494955E-03    0.44082178E-04   -0.95813810E-04   -0.43294084E-03    0.24452826E-03
-0.12844646E-04   -0.37685826E-04    0.13234827E-02    0.27501585E-03    0.37739597E-03
-0.21207296E-03   -0.10771863E-03    0.11786427E-03   -0.22750294E-04    0.37323629E-03
-0.38832558E-03    0.21261341E-02   -0.22193798E-03    0.14509790E-03   -0.16930680E-03
 0.15410218E-03    0.65671422E-04   -0.18067508E-03   -0.71331745E-03    0.31107278E-03
-0.68618176E-04   -0.15844391E-03    0.57757885E-03   -0.43891889E-03   -0.82590042E-05
 0.94162750E-04   -0.34566408E-02   -0.19563769E-02    0.43249843E-03   -0.24301499E-03
-0.16424749E-04   -0.21895797E-03   -0.23003848E-04   -0.14972267E-04   -0.11179890E-02
 0.45060155E-03   -0.55006179E-03   -0.19283925E-04    0.13377518E-04    0.31102020E-03
 0.56131146E-04   -0.26267519E-03    0.51917809E-03    0.83957806E-03    0.56839456E-03
-0.21504091E-04    0.94569614E-03    0.18850875E-03    0.47453453E-04   -0.48958994E-05
-0.31256006E-04    0.79928850E-02   -0.98365201E-02    0.35819212E-02    0.64662988E-02
-0.83218219E-03   -0.22122495E-03    0.19346232E-02   -0.10223635E-02    0.12534771E-03
-0.90521003E-04   -0.10070909E-02   -0.17403439E-04    0.40772314E-03   -0.20725215E-04
-0.10454694E-03   -0.12555658E-03   -0.76327326E-04    0.67633938E-03   -0.95326326E-03
 0.81506693E-03   -0.53938158E-02    0.20476684E-03   -0.15090223E-02    0.18616808E-03
 0.33808046E-04   -0.25873648E-03   -0.12424653E-03    0.13622479E-04    0.71982982E-05
-0.38189095E-04   -0.39973169E-03   -0.78039881E-04    0.23908976E-04    0.35928300E-04
-0.29517209E-04   -0.43881315E-04    0.85948454E-04   -0.46133061E-04    0.16078866E-03
 0.15084929E-03   -0.12579761E-03   -0.10612737E-03   -0.12754496E-03    0.16713593E-04
-0.17660846E-04   -0.44862967E-03    0.24599952E-02   -0.36570904E-03   -0.68394856E-04
 0.41333404E-03    0.12458627E-03   -0.22342620E-04    0.27094725E-03   -0.71172742E-04
 0.68258630E-03    0.17615999E-03   -0.72911181E-04   -0.13996821E-04    0.67675567E-04
 0.11563112E-03   -0.29001755E-04    0.23768187E-03   -0.26117537E-03   -0.29698169E-03
 0.18025335E-04    0.19094009E-03    0.32022301E-03   -0.80656998E-04    0.34591188E-04
 0.14865643E-02    0.36781127E-03   -0.24742511E-02    0.36475589E-04    0.10592037E-03
-0.15073958E-03   -0.13810403E-03    0.10151481E-04    0.39277042E-03   -0.35317238E-03
-0.36078261E-03   -0.42218808E-04    0.54264635E-04    0.85365487E-04    0.43786869E-04
 0.11707505E-03    0.12564362E-04   -0.11798426E-03   -0.73712430E-04    0.29617552E-03
-0.54963798E-03   -0.25312092E-03   -0.19906318E-03   -0.36705142E-04   -0.34444662E-05
-0.27124814E-02    0.11368557E-01    0.24017463E-02   -0.99675133E-03    0.77190003E-02
 0.13961480E-02   -0.89009879E-03    0.76789572E-03    0.13493422E-02   -0.20737266E-03
 0.96638105E-04   -0.23023477E-05    0.12539402E-04    0.90401832E-04    0.58790459E-04
-0.12407738E-03   -0.54410488E-04   -0.40097385E-03    0.18118212E-02   -0.29045020E-02
 0.24370515E-02   -0.68368252E-02   -0.15482899E-03   -0.99184568E-04   -0.17473064E-02
-0.52054998E-04   -0.18750684E-03   -0.17451375E-04   -0.58292261E-05   -0.49913160E-03
 0.44890169E-03   -0.33613346E-03    0.14899503E-03   -0.12586422E-03    0.22388428E-04
 0.84177189E-04   -0.69596742E-04   -0.13120201E-03    0.13535298E-03   -0.30720142E-03
 0.36386937E-04    0.44114337E-03   -0.63262699E-04   -0.78922701E-03   -0.23372933E-04
-0.73315950E-05    0.25812309E-03    0.89995741E-04    0.29138057E-02   -0.26223602E-04
 0.25241887E-03    0.10335377E-03    0.14754053E-05    0.82057988E-03   -0.68735342E-03
 0.11373116E-02   -0.30956006E-03    0.15796213E-03   -0.77268788E-04   -0.13892420E-03
 0.54166578E-04    0.18220950E-03   -0.15781959E-03    0.53770180E-03    0.41971430E-04
-0.69782932E-03   -0.48902800E-05    0.11352852E-02    0.52330979E-04    0.62464925E-05
-0.17332298E-02   -0.44446411E-03    0.12760635E-03   -0.26974369E-02   -0.22309410E-03
-0.26902933E-03   -0.10893403E-03   -0.11969993E-04   -0.77847752E-03    0.59967163E-03
 0.29213403E-05    0.27251239E-03   -0.53097438E-04    0.13300722E-03    0.28892119E-03
-0.26254245E-03    0.23564321E-03    0.19055213E-03    0.26793740E-03   -0.78629547E-04
 0.76062096E-03    0.25707208E-03   -0.14201704E-02    0.18318501E-04    0.11221430E-05
 0.41658905E-02   -0.59205608E-02    0.23800543E-02    0.19302834E-02   -0.50682752E-03
 0.84845332E-02    0.27802904E-02   -0.16166763E-02   -0.14447912E-03    0.26581673E-02
-0.38792099E-03    0.21321430E-03    0.86306568E-03    0.37495797E-03   -0.59340179E-03
 0.19721914E-04    0.71705964E-04    0.17136737E-03   -0.53920739E-03    0.72749107E-03
-0.14683259E-02   -0.24173107E-03    0.52196265E-02    0.32119836E-04   -0.27044559E-03
-0.22266523E-03   -0.15327172E-02   -0.56304386E-03    0.18082916E-04    0.29173331E-04
 0.13909604E-03    0.28743710E-03   -0.39487713E-04   -0.16879341E-03   -0.66922809E-05
-0.16478579E-03   -0.41810127E-05   -0.77989062E-04   -0.22412393E-03    0.34136388E-03
-0.28571279E-03   -0.23283699E-03   -0.23411445E-03   -0.31413767E-03   -0.11345980E-03
-0.58217651E-04   -0.15813054E-04   -0.55215423E-04    0.41712885E-03    0.38091727E-03
 0.23662762E-02    0.84102154E-03    0.40576565E-04   -0.37914609E-04   -0.92283951E-04
-0.31321727E-03    0.41064711E-03    0.54360621E-04    0.75990890E-04    0.26196260E-03
-0.10057510E-04    0.21767420E-03    0.30436404E-03   -0.65005896E-03    0.46671201E-03
 0.13131260E-03    0.29410104E-03    0.35584664E-03   -0.32292394E-04    0.19684393E-03
 0.30258153E-04   -0.45931044E-02   -0.56968426E-03    0.40756073E-03   -0.19187998E-03
-0.25470648E-02   -0.14287222E-02    0.17712436E-03    0.28975242E-04   -0.13591674E-02
 0.88195089E-03   -0.21224579E-03   -0.48621592E-03    0.26895628E-05    0.72307189E-04
 0.42492714E-03   -0.17846151E-03    0.74434254E-03    0.83616817E-03    0.89107781E-03
-0.17353078E-03    0.11636121E-02    0.48641839E-03   -0.69347263E-03   -0.18338218E-04
-0.15316381E-04    0.82022663E-02   -0.28518530E-01   -0.13536959E-02    0.14924094E-02
-0.15129070E-02    0.16077536E-02    0.10649920E-01   -0.27956942E-03   -0.77185005E-03
 0.76287523E-03    0.83554298E-03    0.12277455E-03    0.51733245E-04   -0.15972349E-03
-0.50257774E-04   -0.40061736E-03    0.79150458E-04    0.15392003E-03    0.38750778E-04
 0.30062597E-03    0.27083695E-03   -0.65795396E-03    0.12729124E-03    0.68345616E-03
 0.98269556E-04   -0.24228371E-03   -0.16103750E-03   -0.63170605E-03   -0.20117910E-02
 0.95966586E-04   -0.49908302E-05    0.29782967E-04    0.24642650E-03    0.44039571E-03
-0.47107736E-04    0.55427895E-04   -0.10513833E-03    0.25013563E-03   -0.20442103E-03
-0.34229175E-03    0.26409774E-03   -0.51089167E-03    0.79090514E-04    0.43414560E-04
-0.15054653E-03    0.19703907E-03    0.36901455E-04    0.56798304E-05   -0.22407079E-03
 0.33946214E-03    0.23969324E-03    0.96306319E-03    0.32001675E-02   -0.59298594E-04
-0.65152037E-05   -0.53517654E-04   -0.18086152E-03   -0.22714176E-03    0.83963588E-04
-0.59837486E-04    0.16794159E-03   -0.23098281E-03    0.18788519E-03    0.28965693E-03
-0.18760417E-03    0.54975962E-03   -0.37893037E-03   -0.24278617E-03    0.18474781E-03
-0.14989256E-03   -0.10071545E-03   -0.50284532E-05   -0.10192195E-02    0.67955396E-05
-0.89259825E-04   -0.92037600E-04   -0.11124752E-02   -0.35229905E-02    0.20481040E-03
 0.62255843E-05   -0.27554750E-03    0.45938828E-03    0.15443272E-02   -0.24993806E-03
 0.17599279E-04   -0.63632768E-04    0.55728828E-03   -0.13430567E-03    0.67989621E-04
 0.20296222E-03   -0.31348787E-03    0.36544023E-03    0.34077627E-03    0.15248160E-03
 0.38936396E-05    0.25052712E-04   -0.79909551E-05    0.74185167E-03   -0.51822627E-02
-0.33922543E-02   -0.73431973E-03   -0.57672174E-04    0.17167524E-03    0.34527615E-02
 0.10519265E-01   -0.57192839E-04    0.50998074E-03    0.91510977E-03   -0.65191859E-03
 0.65710375E-04   -0.20875257E-04   -0.37224250E-03    0.64657942E-04    0.20911987E-03
-0.98353535E-05    0.54882228E-04   -0.35328127E-04    0.11264402E-04    0.73971166E-03
-0.14653889E-02    0.17842090E-02   -0.67019653E-02   -0.65247271E-05   -0.67944115E-04
 0.62589485E-04    0.87396174E-04    0.80646428E-04   -0.34671951E-03    0.42404929E-04
-0.17273263E-03   -0.28781909E-03    0.17903685E-03    0.17063269E-03    0.19452444E-06
 0.17753376E-04   -0.23449603E-04    0.35996534E-04    0.89564826E-04   -0.11622095E-03
 0.18354195E-03    0.70599045E-04   -0.99932441E-04   -0.58470877E-04    0.65653733E-04
 0.14592749E-04    0.40899412E-05   -0.39226114E-04    0.84526307E-04   -0.71686660E-04
-0.16206823E-03   -0.43334930E-04    0.59440785E-03   -0.76486183E-04    0.40009921E-03
 0.34454091E-03   -0.17072294E-03   -0.30728941E-03   -0.13355522E-04    0.44224405E-05
 0.57048761E-04   -0.65056085E-04   -0.53013172E-04    0.23074603E-03   -0.15074453E-03
 0.96207663E-06    0.11108620E-03    0.17308815E-03   -0.92935506E-04    0.63134094E-05
-0.81651459E-05    0.96924933E-03    0.10337307E-03   -0.23976686E-03   -0.10394921E-03
 0.20452482E-03    0.26642865E-03   -0.63944969E-03    0.89838886E-04   -0.26355831E-04
-0.37265427E-03    0.36136166E-03    0.32900740E-03   -0.14983515E-04   -0.59960153E-04
-0.90728499E-04   -0.28405252E-05   -0.11184973E-03   -0.27983366E-03   -0.46747296E-05
 0.12859097E-03   -0.38602236E-03   -0.21659150E-03   -0.31613634E-05   -0.37284772E-04
 0.38951512E-05   -0.15932850E-02    0.65657789E-02    0.83493629E-03   -0.18535914E-03
 0.72461508E-03    0.98573104E-04   -0.13218304E-02   -0.70162918E-03    0.22127443E-02
 0.23299995E-04    0.75359903E-04    0.45093688E-05    0.83920351E-05    0.10013800E-04
-0.12111322E-04    0.30668103E-04    0.45449148E-05   -0.16007448E-04   -0.40422113E-05
-0.10532991E-04   -0.44628436E-05    0.19931759E-04   -0.65848491E-04    0.10688843E-03
-0.10269485E-03    0.36313197E-03   -0.44756957E-05    0.21698495E-04   -0.16504472E-04
 0.51325991E-05   -0.41674163E-05    0.46534874E-04   -0.18104786E-04    0.14690529E-04
 0.63922717E-05   -0.24447730E-05    0.35234167E-04    0.90010614E-05    0.21241400E-05
 0.16328052E-04    0.35510866E-05    0.26100481E-05    0.36975319E-05   -0.93394205E-05
-0.74117250E-06    0.28614439E-05    0.40999056E-05    0.11790208E-04    0.42973202E-06
-0.69161308E-06    0.67488187E-05   -0.31428834E-04    0.21657144E-04   -0.12270290E-04
-0.13571981E-04   -0.79294177E-04    0.29817675E-04   -0.40843728E-04   -0.60857611E-05
 0.11568350E-04   -0.36877194E-04   -0.14746072E-04   -0.44023293E-06   -0.14208892E-04
-0.75685093E-05   -0.18031893E-05   -0.16529762E-04    0.59300869E-05   -0.16889728E-05
 0.82038879E-05   -0.21368932E-04   -0.37196892E-05   -0.64408899E-05    0.60242284E-06
-0.51816270E-05   -0.18098871E-04    0.25400222E-04   -0.11640581E-04    0.15768171E-04
 0.66442151E-05    0.93668405E-04   -0.37573533E-04    0.13713717E-04   -0.22449180E-04
 0.91663370E-05    0.75210979E-04    0.97549787E-05    0.36374455E-05    0.25833235E-04
 0.20385862E-04    0.13033206E-04    0.16823816E-04   -0.19215766E-04   -0.87251866E-05
 0.92969870E-08   -0.22366039E-05    0.25352198E-04    0.93856776E-05   -0.32242397E-05
-0.20407696E-04   -0.11001616E-03   -0.14062620E-03   -0.49497994E-05   -0.62224043E-04
 0.21306917E-04   -0.34685843E-04    0.75581048E-05   -0.28169968E-03    0.10983906E-03
 0.13941047E-02   -0.65462454E-02   -0.71908639E-03    0.47898701E-02   -0.58283818E-03
 0.53878943E-03    0.47752803E-03   -0.33043320E-03   -0.85183141E-03    0.10817643E-03
 0.12611729E-03    0.20738069E-03   -0.36952872E-03    0.21025466E-02   -0.35037204E-02
 0.16039384E-02    0.19344618E-02    0.27569986E-04   -0.65170014E-03   -0.64758576E-03
 0.53728599E-03    0.11049549E-03   -0.31664624E-03    0.36251152E-04   -0.24376421E-02
 0.45471752E-03   -0.19822145E-02    0.34483252E-03   -0.16511810E-03   -0.36622478E-04
-0.44496948E-03    0.22011433E-03   -0.26250680E-03    0.32005839E-03   -0.75798640E-03
-0.10348087E-03    0.33562359E-03   -0.68139785E-03    0.27505835E-03    0.45918802E-04
-0.36929891E-04    0.15990584E-03    0.12168710E-02    0.11842543E-02   -0.40884629E-03
-0.10815203E-03    0.64968673E-03   -0.71931554E-04    0.39555524E-02   -0.52316651E-03
 0.31628662E-02   -0.74951122E-03    0.36282185E-03   -0.12624257E-04    0.46523030E-03
-0.62176785E-04   -0.10888366E-03   -0.90545112E-03    0.92102805E-03   -0.19951210E-03
-0.79822775E-03    0.95855597E-03   -0.14049885E-03   -0.13433808E-03    0.14095389E-03
-0.75510465E-02   -0.11889361E-02    0.35487955E-03   -0.39151018E-03   -0.12580304E-03
-0.53728071E-03   -0.33244686E-03    0.24337043E-04   -0.55526229E-02    0.43806881E-03
-0.13046138E-02   -0.15317199E-03   -0.18250039E-04    0.38180497E-03   -0.10730975E-03
-0.54609494E-03    0.91276011E-03    0.73132064E-03    0.13319417E-02   -0.50779609E-03
 0.20910443E-02    0.73368516E-03   -0.46006711E-03    0.16680484E-03   -0.34929156E-04
 0.13919339E-01   -0.33625976E-01   -0.15900502E-02    0.31753749E-02   -0.12478604E-02
 0.22419719E-02    0.40493589E-02    0.48065622E-03    0.12183653E-03   -0.31602082E-04
 0.15736791E-01   -0.59419551E-03    0.37305200E-02   -0.35596898E-03   -0.15242605E-02
 0.52949364E-03   -0.26637036E-03    0.32625627E-03    0.15389526E-03    0.17489778E-03
-0.76326063E-04   -0.53646467E-04    0.27817471E-03    0.19653031E-03    0.13429698E-03
-0.19347687E-03    0.14932451E-02   -0.38602959E-02   -0.17953411E-04    0.29886400E-03
 0.36137775E-03   -0.25569221E-03    0.14549393E-03   -0.14442576E-03    0.27769036E-05
-0.20520240E-03   -0.41807945E-02    0.88233688E-03   -0.13633889E-03    0.12260772E-03
 0.13241843E-03   -0.10282291E-03    0.24246371E-03    0.37478699E-03   -0.33927784E-03
 0.22960191E-03   -0.23262978E-03   -0.98753406E-04    0.45692990E-03   -0.29834260E-03
 0.35531386E-04    0.58082873E-04    0.41233035E-05   -0.59720368E-03   -0.73479459E-03
 0.30048240E-03   -0.18426607E-05    0.15649912E-03    0.92233765E-05    0.23964513E-03
 0.66123419E-02   -0.16208079E-02    0.17975977E-03   -0.22551735E-03   -0.13176343E-03
 0.17795166E-03   -0.26996068E-03   -0.30358661E-03    0.42975781E-03   -0.33735873E-03
 0.35331221E-03    0.29439522E-03   -0.63119647E-03    0.32088537E-03    0.58659971E-04
-0.10428672E-03    0.29049343E-02    0.45672081E-03   -0.27961854E-03    0.39925275E-03
 0.19621088E-03    0.47248335E-03   -0.21012358E-03   -0.23347993E-04    0.95098240E-05
-0.61949210E-02    0.48408414E-03    0.18005970E-03    0.12605178E-04    0.12520382E-05
-0.47008444E-03    0.25210947E-03   -0.34630196E-03   -0.48098097E-03   -0.72625349E-03
-0.15768363E-03   -0.56484117E-03   -0.19792367E-03    0.21031624E-03   -0.10195822E-03
 0.29378328E-04   -0.63708158E-02    0.81783962E-02   -0.15306317E-02   -0.14736187E-02
 0.61297218E-03   -0.20178288E-02   -0.15988796E-02   -0.50403494E-03    0.51385527E-03
 0.10968463E-03   -0.22081546E-03    0.16999896E-01   -0.44644441E-02   -0.62937786E-02
 0.11635721E-02   -0.29327516E-03    0.15556177E-03    0.12492645E-03   -0.26235117E-02
-0.11120144E-02    0.44398421E-03   -0.66331333E-04    0.21360908E-03   -0.91212433E-03
-0.32637134E-03    0.93953743E-03   -0.16738581E-03   -0.13307514E-02   -0.15885878E-03
-0.16435912E-03   -0.82205129E-03    0.34364409E-04    0.83972590E-03    0.32386114E-03
 0.90411835E-05   -0.25873054E-04   -0.40796077E-03    0.40378073E-03   -0.40299441E-01
-0.20613462E-03   -0.25230542E-03    0.22672909E-03   -0.34206503E-03   -0.47718872E-03
-0.41084497E-03    0.35125942E-03   -0.59554323E-03    0.15637267E-03    0.24805598E-03
-0.62614740E-04    0.96712802E-03    0.14143973E-03   -0.39832336E-04    0.53781367E-03
 0.12794279E-02    0.10984723E-03   -0.97449238E-03   -0.71796721E-03    0.54631959E-04
-0.26817659E-04    0.55279263E-03   -0.96808584E-03    0.76830909E-01    0.48000683E-03
 0.38761138E-03   -0.48406325E-03    0.42994531E-03    0.37779191E-03   -0.14141199E-03
-0.10491249E-03    0.31975916E-03   -0.48633431E-03   -0.76813335E-03    0.32316419E-04
-0.11018303E-02   -0.70080274E-03    0.84191856E-04    0.39246795E-03   -0.72137430E-04
-0.61154004E-03    0.12458771E-03    0.43994143E-03    0.14916465E-02    0.24983568E-03
-0.13562051E-04    0.22485536E-03   -0.10291834E-03   -0.64229731E-01    0.65902242E-04
-0.11538486E-03    0.30827064E-03    0.13492294E-04   -0.43549316E-04   -0.47137663E-03
 0.51382428E-03   -0.67741551E-04    0.13995816E-03   -0.56136729E-05    0.52102880E-03
 0.89057754E-03    0.19433796E-03   -0.84049178E-05   -0.56283458E-03    0.15964261E-01
 0.10080916E-02    0.21547199E-03    0.26435162E-02   -0.38704514E-03   -0.29887807E-02
-0.34250235E-02    0.33386893E-05    0.79553422E-05   -0.10158097E-02    0.69110413E-04
 0.16395247E+00   -0.13949634E-02   -0.12824430E-02   -0.22817992E-02    0.39574252E-04
-0.14853391E-03    0.48990395E-04    0.25869205E-03   -0.34231905E-03    0.42885936E-04
-0.13385721E-04   -0.41263385E-04   -0.21970838E-03   -0.64510760E-03   -0.43174194E-04
 0.66218550E-03   -0.73594210E-03    0.20563208E-02    0.73497634E-04   -0.33668226E-03
 0.14906646E-03   -0.10536182E-03   -0.70164890E-04    0.19520425E-03    0.28704864E-04
 0.33406595E-03    0.62315789E-04   -0.97614323E-03   -0.26252107E-02   -0.59996048E-04
 0.15298916E-03   -0.78695465E-04   -0.36370672E-04    0.14439026E-03   -0.48090291E-03
-0.24963128E-03   -0.89072815E-05    0.17019014E-03    0.78781893E-04   -0.70747323E-04
 0.18082829E-03    0.37365619E-05   -0.54296831E-04    0.40402771E-03   -0.25583479E-03
 0.17720374E-03    0.12689165E-03   -0.34835065E-03   -0.39696029E-04   -0.45906459E-03
-0.23884016E-04    0.19080164E-02    0.51181571E-02    0.12939987E-04   -0.30180231E-03
-0.70745907E-04    0.17979521E-03   -0.10404006E-03    0.82150361E-03    0.23062124E-03
-0.13600079E-04   -0.37411203E-03   -0.26564917E-03    0.17830899E-03   -0.51185284E-03
 0.24453455E-04   -0.76759115E-03    0.10621274E-03   -0.84016334E-04    0.40149382E-03
-0.73501043E-04   -0.28889430E-03    0.22733068E-03    0.80741642E-04    0.12026831E-03
 0.60818439E-04   -0.39741267E-03   -0.53087016E-02   -0.14411584E-04    0.17680123E-03
 0.55383364E-04   -0.49610974E-04    0.22122410E-03   -0.59446194E-03    0.10609698E-03
-0.58457379E-04    0.30059464E-03    0.51913163E-03   -0.93987931E-04    0.22591940E-03
-0.28437659E-05    0.20443377E-02   -0.92402017E-03    0.20914794E-02   -0.18789759E-04
 0.35131363E-03   -0.68466340E-03    0.57382721E-03    0.14411062E-03   -0.10169423E-02
-0.16857570E-03   -0.59885940E-03   -0.38399159E-03    0.50616773E-03    0.18947048E-01
-0.18485495E-03   -0.64958795E-03   -0.49832294E-03    0.24812693E-03   -0.56694304E-04
 0.19465731E-04   -0.24558808E-04   -0.11936694E-03    0.15269843E-04   -0.18397206E-04
-0.70369526E-04    0.71890533E-05   -0.13285283E-03    0.46409936E-03   -0.65385556E-03
 0.92684349E-03   -0.25477466E-02    0.21070972E-04   -0.30506005E-04   -0.10607856E-03
 0.96925774E-04    0.68141290E-04   -0.19053114E-04    0.97811641E-05   -0.25242213E-04
 0.97772203E-04   -0.46448669E-03   -0.31071682E-04   -0.24005288E-03    0.48504410E-04
 0.20219190E-04    0.15062900E-04   -0.19661545E-04    0.27072822E-04   -0.47221805E-04
 0.33786894E-04    0.15139109E-03    0.10947467E-04   -0.19297944E-04    0.82679011E-05
-0.84698387E-07    0.88562206E-05    0.31244702E-04    0.12323378E-03   -0.60124794E-04
-0.78105470E-04    0.30095830E-04   -0.20191047E-04    0.12287398E-03   -0.11956154E-03
 0.41527344E-03   -0.11303512E-04    0.41610274E-03   -0.76646554E-04   -0.58331930E-04
-0.82205246E-04   -0.99522843E-04   -0.79504302E-04    0.13170434E-04   -0.71902187E-04
-0.18291499E-03   -0.18227956E-04    0.10895354E-03   -0.89148703E-05    0.53128882E-05
-0.40845220E-03   -0.32046843E-04    0.64724801E-04   -0.73639045E-04   -0.26055225E-04
-0.31696102E-04   -0.35703262E-05    0.55483623E-05   -0.12736984E-03    0.65560683E-04
-0.25934612E-03   -0.26626613E-04   -0.42893439E-03    0.70857913E-04    0.12736028E-04
-0.41212935E-04    0.50320579E-04   -0.14882728E-04    0.50506700E-04   -0.13402630E-04
 0.18588131E-03    0.49973866E-04   -0.32443468E-04    0.34099461E-05    0.13232236E-05
 0.97048181E-03   -0.11552185E-02    0.71097718E-03    0.25347732E-03   -0.10521907E-03
 0.39990531E-03    0.23527451E-03   -0.14831987E-03   -0.86484207E-05   -0.30933492E-04
 0.36252376E-03   -0.20836091E-03    0.29731577E-03    0.11385400E-03    0.13064489E-02
 0.23682321E-04    0.11006257E-02    0.63244653E-03   -0.86712126E-03    0.62188858E-04
-0.89795910E-04   -0.20890266E-03    0.90620017E-04    0.23080722E-03   -0.20512345E-04
-0.53575352E-04   -0.83080133E-05    0.40660170E-04   -0.23575604E-03   -0.65762820E-04
 0.43598518E-03   -0.29937621E-02    0.10824481E-03    0.12943840E-03    0.97854877E-04
-0.10768799E-03   -0.11312826E-03    0.14428174E-04   -0.19557970E-05    0.15782643E-03
-0.84968334E-04    0.61021761E-03    0.85475959E-04    0.81314428E-04   -0.16525725E-03
 0.29258414E-04    0.25345270E-04    0.12687620E-03   -0.48519600E-04    0.11213542E-03
-0.14444682E-04   -0.17934702E-04    0.10991451E-03   -0.22426462E-03    0.83541587E-05
 0.21493826E-04   -0.23660013E-03   -0.21459478E-03   -0.21806256E-03    0.15382225E-03
 0.19901920E-03   -0.14256864E-04    0.70718255E-05   -0.22543759E-03    0.12550163E-03
-0.10341981E-02   -0.25530169E-03   -0.13459216E-03    0.36909872E-03    0.63310389E-04
-0.82377466E-05   -0.17869181E-04    0.13282489E-03   -0.33354209E-04    0.13366828E-03
 0.17680329E-03   -0.10656126E-03    0.37562084E-03    0.25045353E-04   -0.48190765E-04
 0.14164353E-02    0.39639623E-03   -0.14689646E-05    0.75354304E-04   -0.80638353E-04
 0.78410949E-05   -0.27746698E-04    0.20308924E-05    0.55518175E-03   -0.14241419E-03
 0.57790775E-03    0.22916052E-03    0.45549722E-04   -0.39843822E-03   -0.80219876E-04
 0.73258366E-04   -0.13892841E-03   -0.17814601E-03   -0.30010821E-03    0.40891103E-04
-0.43690185E-03   -0.19949021E-03   -0.33347230E-03   -0.45276361E-04    0.25933111E-04
-0.23459869E-02    0.79168628E-02    0.10012063E-02   -0.98256463E-03    0.14700631E-03
-0.40950173E-03   -0.60985835E-03    0.10604900E-04    0.31600772E-03   -0.17299225E-04
-0.16446048E-02    0.50510250E-04   -0.98299491E-03   -0.56227643E-03   -0.19827086E-03
 0.13716909E-02   -0.10428924E-03   -0.54572978E-04    0.96367515E-03   -0.31471250E-03
 0.11398198E-03    0.27504013E-04   -0.22007879E-03   -0.40650420E-04   -0.50178119E-04
 0.10436981E-04    0.12065652E-04    0.87777527E-04    0.41146225E-03    0.18458326E-03
-0.27611519E-03    0.56049125E-03   -0.18357625E-02    0.14901515E-03   -0.30715200E-04
 0.21681270E-03    0.27186541E-03    0.39981205E-03   -0.67378482E-04    0.11925576E-04
 0.10383390E-03   -0.41134296E-03   -0.23597298E-03   -0.72619070E-05    0.48035961E-04
-0.63588957E-04   -0.15588635E-02    0.56385359E-05    0.11410229E-03   -0.35471625E-03
 0.17941164E-03    0.10707456E-03    0.28198783E-04    0.25949404E-03    0.41585346E-03
 0.15326950E-04    0.65471335E-04   -0.20941943E-03    0.41194119E-04   -0.34106471E-03
-0.33517766E-03   -0.35848710E-03    0.93797621E-04   -0.69517226E-05   -0.22084220E-03
 0.55215755E-03    0.15455063E-03   -0.20465935E-03   -0.82132135E-04    0.15703411E-03
 0.23000168E-02    0.10673416E-04   -0.26810300E-03    0.42442034E-03   -0.28404138E-03
-0.19911771E-03   -0.77436376E-05   -0.30004600E-03   -0.65544058E-03   -0.48026537E-04
-0.79929615E-04    0.63215559E-03    0.24466957E-03   -0.22786686E-04    0.31251851E-03
 0.46200883E-03    0.63568621E-03   -0.81259699E-04    0.23930664E-04    0.16939749E-03
-0.60068581E-03    0.18035040E-03    0.12962592E-03    0.39317465E-05   -0.14151970E-03
-0.23988584E-02    0.49563991E-04    0.65008797E-05   -0.60408891E-03   -0.12167741E-03
 0.97082881E-05   -0.13742787E-03    0.44976628E-03    0.55277261E-03    0.38720822E-04
 0.92178618E-04   -0.13568880E-02    0.33507697E-02   -0.13681109E-02   -0.81466940E-03
-0.50723187E-04   -0.88276239E-03   -0.16501971E-02   -0.13993710E-02    0.36305751E-03
-0.72635153E-04   -0.67376773E-03    0.18749861E-02   -0.37944609E-03   -0.41288079E-03
-0.99564862E-04    0.36842426E-03    0.74167772E-02    0.83430333E-03   -0.16961499E-02
-0.84756883E-03    0.18720400E-02   -0.15861840E-03    0.16837723E-03    0.89284469E-03
-0.52427849E-05   -0.10999117E-02    0.16942915E-04    0.20983407E-03    0.41134673E-03
 0.69322030E-03    0.76168008E-03   -0.10586013E-02    0.10905111E-02    0.34152611E-02
-0.80849755E-04   -0.72764910E-04   -0.50508459E-04   -0.67406056E-04    0.78490626E-04
 0.13359090E-04    0.13894468E-04   -0.51018739E-04    0.49889111E-03   -0.88772837E-03
-0.16324223E-03   -0.34169715E-04    0.21488560E-04   -0.24256143E-03   -0.15319784E-02
-0.10975366E-02    0.23908379E-03   -0.38225695E-03   -0.12323071E-03   -0.47747478E-04
-0.17870263E-03    0.50355921E-03   -0.24538158E-05   -0.14369807E-04    0.69906026E-04
 0.26779094E-03    0.21177194E-03    0.30175843E-03   -0.28733215E-03   -0.20945097E-04
-0.50124323E-05   -0.16239496E-03   -0.58529362E-03    0.13352622E-02    0.10822543E-03
 0.94606553E-04   -0.66480226E-05    0.15267752E-03    0.25171244E-02    0.14375359E-02
-0.59932653E-03    0.29546752E-03   -0.16026920E-03    0.68259215E-04    0.65665801E-04
-0.43448557E-03   -0.90569256E-04    0.28713942E-04   -0.23172605E-02   -0.36451676E-03
 0.27958621E-03   -0.30732843E-04    0.70227282E-04   -0.96349432E-04   -0.40179067E-04
 0.33978445E-04   -0.95988674E-03    0.59708220E-03   -0.38174947E-03   -0.23245605E-03
 0.20610991E-04    0.48916266E-04   -0.63917952E-04   -0.30644645E-02   -0.11919206E-02
 0.46262139E-03    0.25026587E-03   -0.20836857E-03    0.45614102E-03    0.24774784E-03
 0.62956138E-04    0.25122618E-03   -0.14175435E-04    0.20726585E-02   -0.22731735E-01
-0.98712322E-02   -0.47230399E-03   -0.16803639E-02   -0.38817992E-03    0.20465670E-02
 0.21534530E-02   -0.74912581E-03    0.13031763E-04    0.27642035E-02   -0.80583398E-03
-0.45392954E-03   -0.43231633E-03   -0.16418021E-03   -0.90192888E-03    0.24263860E-03
 0.14607393E-01   -0.91837039E-03    0.40437662E-02    0.17342431E-02   -0.28749999E-02
 0.32145553E-03   -0.42483287E-03   -0.80857108E-03    0.65586867E-04    0.79356937E-03
-0.40469471E-04   -0.31241583E-03   -0.48552791E-04    0.27582870E-03   -0.14393359E-03
 0.26311785E-03    0.16859061E-02   -0.97797637E-02   -0.33519725E-04    0.41085930E-03
 0.62600904E-04   -0.27346907E-03   -0.45160068E-03    0.14447153E-03   -0.18625399E-04
 0.36616979E-06   -0.15884332E-03    0.72947960E-03   -0.51724059E-04    0.98962177E-04
 0.21951318E-03    0.55151253E-03   -0.10569856E-02   -0.15301759E-02   -0.16415893E-03
 0.11298146E-03    0.11539691E-03   -0.67693660E-05    0.39786368E-03    0.17779305E-03
-0.26917740E-04    0.27380943E-04   -0.98458289E-04   -0.60755490E-03   -0.31030498E-03
 0.30042583E-03    0.50182989E-03   -0.23502895E-03    0.21348879E-04   -0.29185797E-03
 0.32159575E-03   -0.18093975E-02    0.11375059E-03   -0.25804010E-03   -0.20319710E-03
-0.71571616E-03    0.14796472E-02    0.25514484E-02    0.30199189E-03   -0.11055032E-03
-0.79023185E-04   -0.24990728E-04   -0.38860306E-03   -0.23071329E-03    0.10498649E-03
-0.82195079E-04    0.52347119E-02    0.70222325E-03   -0.99712034E-04    0.47511888E-04
 0.98903337E-04    0.24100889E-03    0.28320483E-04    0.19980308E-05    0.12946584E-02
-0.86830846E-03    0.27285471E-03    0.38576706E-03   -0.35005420E-04   -0.10321965E-03
 0.15781990E-03   -0.12702860E-02   -0.31045550E-02   -0.74933072E-03   -0.12573462E-02
 0.19289444E-03   -0.13880677E-02   -0.80656466E-03    0.77036285E-03   -0.15937219E-03
 0.14815891E-04   -0.87772737E-02    0.26069530E-01    0.37310048E-02   -0.12750563E-02
 0.73652913E-03   -0.43108795E-03   -0.28734208E-02   -0.58348688E-03    0.57935116E-03
-0.60777049E-04   -0.40678575E-02    0.34225578E-03    0.24492233E-02   -0.93560375E-04
-0.87466186E-04    0.79457213E-03   -0.39458157E-03    0.15141699E-02    0.10443955E-01
-0.78063509E-03    0.17562505E-02    0.16688364E-04   -0.11618444E-02    0.22764641E-03
-0.85122431E-04    0.25935231E-04    0.82795555E-04    0.48605443E-03   -0.66295147E-05
-0.11246950E-03    0.11960064E-03   -0.33337486E-03    0.18027553E-02   -0.27409342E-02
 0.39168206E-02   -0.12888754E-01    0.99646232E-04    0.90925342E-04    0.12346404E-03
 0.58971556E-04    0.11325413E-03   -0.51353444E-04   -0.50036898E-06   -0.38644948E-04
-0.37272189E-03    0.41693244E-03   -0.52765130E-03    0.37822511E-04    0.68960959E-04
-0.14808472E-03    0.88570614E-05    0.17001586E-03   -0.23114930E-02    0.61408318E-04
-0.14799908E-03   -0.30539439E-04   -0.83037746E-04   -0.85516573E-04   -0.57312954E-05
 0.46389550E-04   -0.25687688E-03   -0.17471715E-03   -0.57853114E-04    0.99599141E-04
 0.11449335E-03    0.47240715E-04   -0.53297686E-05    0.14057067E-04    0.32739529E-03
-0.82089607E-03    0.10501650E-02   -0.12223403E-03   -0.87687489E-04    0.13113392E-03
-0.19791197E-03   -0.34248597E-03    0.36797951E-02   -0.64025002E-04    0.36960590E-03
 0.13405396E-03    0.29368693E-03    0.22583300E-03    0.66684799E-04   -0.70840351E-04
 0.15700203E-02    0.53750318E-03   -0.28430624E-04   -0.18344744E-04    0.22208068E-03
 0.97531649E-04   -0.14938862E-03    0.14597352E-04    0.19763128E-04   -0.32383417E-03
 0.71625450E-03   -0.64390379E-03   -0.82282780E-04    0.11811604E-04   -0.47809581E-03
 0.15461795E-03   -0.20494813E-03   -0.41732918E-02   -0.35891168E-03   -0.17714280E-03
-0.47431385E-03   -0.28597606E-03    0.26064079E-03   -0.76908620E-04    0.46578522E-04
-0.28848089E-02    0.58439696E-02    0.38237381E-02   -0.66081653E-03    0.43295698E-03
 0.40360846E-03   -0.96277361E-03   -0.11951215E-02    0.61730443E-03   -0.62814355E-04
-0.54807672E-03    0.28514108E-03   -0.20985819E-02    0.25672607E-02    0.24203935E-03
 0.21078151E-03    0.11343535E-02   -0.27192142E-02    0.96186921E-03    0.12630946E-01
-0.15929079E-02    0.49973251E-02    0.40948051E-03   -0.44373896E-02    0.56258115E-03
-0.49232786E-03   -0.62351789E-03    0.16106620E-05    0.10397321E-02    0.12804347E-03
-0.15660388E-03   -0.43554703E-04    0.68424623E-03   -0.55248396E-03    0.67291061E-03
 0.14561629E-02   -0.11976379E-01   -0.17302845E-03    0.71787346E-03    0.42689617E-04
-0.24666018E-03   -0.53777050E-03    0.23303871E-03   -0.33393207E-04   -0.18870988E-04
-0.72441692E-03    0.13463822E-02   -0.14598558E-03    0.11326056E-03    0.20097280E-03
 0.68462553E-03   -0.32513343E-03   -0.11685779E-03   -0.44189578E-03   -0.11989770E-02
-0.37723371E-03    0.42743546E-03    0.60665341E-03   -0.11844425E-03   -0.49988686E-04
 0.42476389E-04    0.35760019E-04   -0.11880051E-02   -0.20805654E-03    0.24982677E-03
 0.67060227E-03   -0.36791954E-03    0.48895996E-04    0.12716102E-03    0.86323486E-03
-0.19811028E-02    0.31180484E-03   -0.26305699E-03   -0.21771587E-03   -0.88303943E-03
 0.17670782E-03    0.23770680E-03    0.10596831E-02    0.20603509E-02    0.81307237E-03
-0.51239291E-03   -0.65599804E-03    0.27183530E-03    0.12144231E-03   -0.11473251E-03
 0.82281567E-02    0.93184172E-03   -0.31742867E-03   -0.22498139E-04    0.74867447E-04
 0.60440535E-04    0.17061914E-03   -0.32869768E-04    0.21261174E-02   -0.14991513E-02
 0.13199614E-02    0.60148351E-03   -0.63412278E-04   -0.29595068E-03    0.38841509E-04
 0.11529587E-03   -0.14037719E-02   -0.12415145E-02   -0.43526559E-02   -0.34188644E-03
-0.18157288E-02   -0.98203625E-03    0.96126010E-03   -0.30976489E-03    0.56348054E-04
-0.14799225E-01    0.41741035E-01    0.29288943E-02   -0.22985695E-02    0.12494320E-02
-0.93158294E-03   -0.50563726E-02    0.28532824E-03    0.80228118E-03    0.16209376E-04
-0.62554760E-02    0.24342924E-02    0.26736111E-02   -0.59152055E-03   -0.19493793E-03
 0.15173935E-02    0.51407340E-03   -0.28926926E-02    0.56829859E-02    0.14932004E-02
 0.15628811E-01    0.69014239E-03    0.60992785E-03   -0.13541416E-02    0.13034575E-03
-0.17846244E-04   -0.71123635E-05    0.66299483E-03    0.12374924E-03   -0.10907330E-03
 0.47038831E-04    0.14340490E-03    0.14041498E-03    0.63407679E-03    0.85812207E-04
-0.37120001E-03    0.44785659E-03   -0.78623954E-07    0.29597970E-04    0.17239346E-03
 0.30099627E-04   -0.12047854E-03    0.13259200E-03    0.59071983E-04    0.12273923E-04
-0.89721189E-04   -0.23291208E-03    0.40215696E-03   -0.95711604E-04    0.32207808E-04
-0.52569604E-04    0.64169998E-04   -0.94178117E-05    0.21967094E-04   -0.11793288E-03
-0.42458744E-03   -0.15911463E-02   -0.94071064E-04    0.17802986E-03   -0.15465921E-03
-0.38683080E-04    0.15691769E-04   -0.45648626E-04   -0.32512126E-03    0.30808794E-05
 0.95406612E-04   -0.31899181E-03   -0.24933950E-04   -0.38038729E-05   -0.45196556E-04
 0.31841071E-03   -0.38541952E-03   -0.62907524E-04   -0.68565784E-04    0.10032164E-03
-0.13878591E-03   -0.42944165E-04   -0.12674715E-03    0.28866687E-03    0.70920676E-03
 0.26344076E-02    0.13119995E-03   -0.40855440E-03    0.22655840E-03    0.13423011E-03
-0.33586525E-04    0.93239370E-04    0.42055241E-04    0.20146542E-03   -0.50641200E-04
 0.84835207E-04    0.47262891E-03    0.55299049E-04    0.54607633E-06   -0.25633941E-03
-0.20665343E-03    0.10906774E-03   -0.84981822E-04   -0.35987764E-06   -0.49138213E-04
 0.15560614E-04    0.81917685E-04    0.25068958E-04   -0.21890873E-03   -0.74415349E-03
-0.30833992E-02   -0.15874310E-03    0.85306957E-04    0.17397904E-04    0.27618077E-05
 0.30599161E-04   -0.10965968E-02   -0.38198611E-02   -0.21783033E-02   -0.45052913E-03
-0.62781755E-03   -0.10900668E-03    0.20450237E-03   -0.80783114E-03   -0.30252572E-03
 0.19069650E-05    0.55987205E-03    0.71982428E-03    0.29560656E-03   -0.23574535E-03
-0.12861380E-03    0.11997468E-03   -0.47345446E-04    0.75496085E-03   -0.63464564E-03
 0.41380160E-03    0.17704421E-02    0.94403073E-02   -0.16467747E-02    0.64330917E-02
 0.95637312E-03   -0.52177366E-02    0.69089533E-03   -0.47399298E-03   -0.49190091E-03
 0.30040236E-03    0.10525917E-02   -0.17019567E-03   -0.20974200E-03    0.34213022E-03
 0.63270948E-03   -0.10449600E-02    0.14187161E-02    0.14385417E-02   -0.11056471E-01
-0.43224459E-04    0.61197390E-03    0.66997018E-03   -0.39851796E-03   -0.27168342E-05
 0.20284187E-04   -0.21210793E-04    0.48438300E-03   -0.96174373E-03    0.23150818E-02
 0.64274297E-04    0.29918107E-03    0.14120902E-03    0.59209204E-03   -0.27296591E-03
 0.18070001E-03   -0.51057494E-03    0.92028635E-03   -0.93521732E-04   -0.28179759E-02
 0.14798045E-03   -0.80182150E-04    0.17277283E-04    0.48052412E-04   -0.32320008E-03
-0.10332401E-02   -0.13299539E-02    0.36172884E-03   -0.81457182E-04   -0.14732652E-03
 0.36893643E-04   -0.82294626E-03    0.14054936E-02   -0.36330327E-02    0.51131409E-04
-0.46497188E-03   -0.65095902E-04   -0.69794618E-03    0.79255219E-04   -0.84413769E-04
 0.12773021E-02   -0.10455309E-02    0.30287639E-03    0.40173843E-02   -0.12843288E-04
 0.19566566E-03   -0.47017870E-05   -0.15209213E-03    0.85434820E-02    0.11765371E-02
-0.60166067E-03    0.39103988E-03    0.55142634E-04    0.67211275E-03   -0.10915656E-03
-0.14836123E-04    0.25740237E-02   -0.11341318E-02    0.15669033E-02    0.65753951E-03
 0.95820870E-04   -0.38488998E-03    0.82252100E-04    0.22748343E-03   -0.12213653E-02
-0.13115174E-02   -0.13405004E-02    0.20951620E-03   -0.66405872E-02   -0.18137592E-02
 0.75711447E-03   -0.11300621E-03    0.40796999E-04   -0.16015234E-01    0.39675631E-01
 0.17096617E-02   -0.31937929E-02    0.25039458E-02   -0.25409632E-02   -0.47170551E-02
-0.76080116E-03    0.12347348E-02    0.19559804E-04   -0.78624179E-02    0.25274112E-02
 0.70041669E-03   -0.84561001E-03   -0.59135709E-03    0.17133730E-02    0.41174978E-03
-0.25304357E-02    0.50528667E-02    0.15596593E-02    0.64914541E-02    0.10362146E-03
 0.20538857E-01   -0.16521470E-02    0.13518187E-02    0.11588142E-02   -0.23228423E-02
 0.24154130E-03   -0.16843996E-03   -0.87590621E-03   -0.11103964E-03    0.49089304E-03
 0.51841159E-05   -0.10358993E-03    0.11472006E-03    0.30898608E-03    0.19113806E-03
-0.43722482E-03    0.13999317E-02   -0.78083813E-02   -0.12688627E-03    0.11593916E-04
 0.22340251E-03   -0.81456813E-05   -0.11846203E-03   -0.56365108E-04   -0.12419000E-04
 0.12972936E-03   -0.12243294E-03    0.70868710E-03    0.10886649E-03    0.11444444E-03
 0.89894558E-04    0.45068720E-03   -0.13497795E-03    0.44952394E-04   -0.35000556E-03
 0.26105492E-03    0.19482900E-03   -0.55837679E-03   -0.11786522E-02    0.15318543E-03
 0.14334458E-03   -0.78512389E-05    0.92427923E-04   -0.70090016E-04   -0.54376899E-03
 0.23475312E-04    0.19196165E-03    0.45688084E-04    0.11261594E-04    0.34258707E-04
 0.15025159E-03   -0.11845381E-02   -0.17967133E-03   -0.14038581E-03   -0.13601731E-03
-0.55931182E-03    0.14961660E-03    0.63512731E-04    0.92047287E-03   -0.37584723E-03
-0.43600616E-03    0.74590040E-03    0.20385675E-02   -0.29814519E-03   -0.12385457E-03
-0.16558375E-05    0.37982464E-02    0.30122048E-03   -0.30431863E-03    0.86610013E-04
-0.27114765E-04    0.22129835E-03   -0.91426036E-04   -0.14314063E-04    0.90650961E-03
-0.51011769E-03    0.12797218E-02    0.63490463E-03    0.14604576E-05   -0.14412576E-03
 0.57015847E-03    0.32695729E-04   -0.72173483E-03   -0.58077616E-03   -0.76363081E-03
 0.20524985E-03   -0.18027719E-02   -0.31363646E-02    0.43039263E-03   -0.51527575E-04
-0.83639560E-05   -0.69724728E-02    0.20182265E-01    0.14705664E-02   -0.75541958E-03
 0.12208357E-02   -0.10207041E-02   -0.22919120E-02   -0.35866085E-03    0.84560232E-03
-0.66397862E-05   -0.26231500E-02    0.30362912E-03   -0.13932981E-02   -0.11267528E-02
-0.21972877E-03    0.72646595E-03   -0.11146397E-02   -0.13278112E-02    0.28729590E-02
 0.13003869E-02    0.37398312E-02   -0.58971938E-03    0.61404852E-02    0.96384835E-02
 0.27763405E-02   -0.31930565E-02   -0.21240306E-02    0.39300539E-02   -0.54645034E-03
 0.44203801E-03    0.14385624E-02    0.21681522E-03   -0.90353463E-03    0.11807563E-03
 0.11924311E-03    0.17909036E-03   -0.55145194E-03    0.20742763E-02   -0.37626131E-02
 0.20416998E-02    0.12924987E-02    0.15184997E-03   -0.53322149E-03   -0.98706751E-03
-0.77907889E-04    0.30838889E-03   -0.50887270E-04    0.45780003E-04   -0.18165454E-03
 0.43454522E-03   -0.45397347E-03   -0.16300797E-03   -0.12921093E-03   -0.32941563E-03
-0.26953609E-04    0.43565014E-03    0.24646468E-03    0.28478546E-03   -0.32000331E-03
-0.20593243E-03    0.30987251E-03   -0.26430777E-03   -0.23022614E-02   -0.10985517E-04
-0.34520822E-04   -0.14636723E-03    0.82678806E-03    0.17516991E-02    0.12624957E-03
-0.35000956E-03    0.13729398E-03   -0.38644730E-04    0.32110826E-03   -0.41262694E-03
 0.73228547E-03   -0.44572277E-04    0.28311684E-03    0.55292067E-03   -0.21614138E-03
-0.42843322E-03   -0.29199262E-03   -0.69583922E-03    0.57360391E-03    0.26544044E-03
-0.16309948E-03    0.11372515E-03    0.35591693E-02    0.98327968E-04    0.68494745E-04
-0.62101138E-02   -0.54211272E-03   -0.13247164E-04   -0.13338201E-02   -0.39083608E-03
-0.32993853E-03   -0.11744805E-03    0.45831585E-04   -0.16518049E-02    0.11070629E-02
-0.13280043E-03   -0.56191727E-03    0.39657178E-04   -0.21676089E-03    0.53041570E-03
-0.61588864E-04    0.11829090E-02    0.10034196E-02    0.15599603E-02   -0.19885215E-03
 0.17395640E-02    0.86462753E-03   -0.41973186E-02    0.18682029E-03   -0.43347816E-04
 0.10532284E-01   -0.37160177E-01   -0.37040932E-02    0.83519356E-03   -0.40890068E-03
 0.44957741E-02    0.55231093E-02    0.12137992E-02   -0.96476775E-03   -0.36639361E-04
 0.50831326E-02   -0.14480668E-02   -0.45921428E-02    0.57363075E-03    0.19695346E-03
 0.14722356E-03   -0.20810494E-02    0.26358902E-02   -0.51436635E-02   -0.15437394E-02
-0.74187489E-02    0.58579670E-03   -0.63719858E-02   -0.36777305E-02    0.16736757E-01
-0.61901212E-04    0.22210740E-02   -0.38278294E-04   -0.14681175E-02    0.13385069E-03
-0.15000393E-03   -0.69479352E-04    0.10626918E-03    0.19234671E-03   -0.23636909E-04
-0.52856319E-04    0.14585285E-03    0.37013011E-03   -0.47631523E-03    0.28546078E-03
 0.34133506E-03   -0.27593376E-02   -0.72284941E-04    0.25246710E-03    0.53452149E-04
-0.17469608E-03    0.77539327E-04    0.67933403E-04   -0.53826779E-05    0.95048474E-04
-0.17013290E-03    0.88204891E-03    0.91559028E-04    0.60532732E-04    0.65566199E-04
 0.16872538E-03    0.55863512E-06    0.24562768E-04   -0.16791657E-03    0.13378789E-03
-0.29205391E-04    0.58193236E-04    0.36584184E-03   -0.66385868E-04   -0.25717029E-03
 0.14758677E-04    0.54601442E-04   -0.43840795E-03   -0.11158975E-03    0.19759548E-03
-0.11277076E-03   -0.58802652E-04   -0.71112350E-06   -0.10299114E-03    0.27695912E-03
-0.16355262E-02   -0.33889697E-03   -0.89260970E-04   -0.42475141E-04   -0.18274418E-03
-0.14423001E-03    0.74055385E-04    0.40318505E-03   -0.20335586E-04    0.19326090E-03
-0.60917684E-04   -0.33420024E-03    0.10251722E-03    0.71510217E-03   -0.49441704E-04
 0.27573244E-02    0.28045352E-03   -0.14156652E-03    0.20707773E-04   -0.58900012E-04
 0.20772489E-03   -0.18125031E-05    0.38253285E-05    0.74857621E-03   -0.40339937E-03
 0.59011848E-03    0.41945982E-03   -0.16111946E-04   -0.10190592E-03    0.52496381E-04
 0.27911453E-03   -0.39956359E-03   -0.38918722E-03   -0.63689759E-03    0.14268118E-03
-0.57104538E-03   -0.23782753E-03    0.24454912E-03   -0.84901871E-03    0.13070607E-04
-0.51864408E-02    0.12081583E-01   -0.92347488E-03   -0.94569430E-03    0.37945210E-03
-0.71502567E-03   -0.13255749E-02   -0.47815368E-05    0.32934499E-03   -0.94240499E-05
-0.20571500E-02    0.83196698E-03   -0.31331535E-04   -0.13654579E-02   -0.16781023E-03
 0.39524170E-03    0.24175706E-03   -0.58682844E-03    0.15099216E-02    0.58466724E-04
 0.26410382E-02    0.18762820E-03    0.21540467E-02    0.10321675E-02   -0.21952182E-02
 0.32884337E-02    0.69192959E-04   -0.47448681E-03   -0.15083525E-04    0.25640068E-03
-0.35509431E-04    0.38947299E-04    0.61143268E-05   -0.16391425E-04   -0.32913903E-04
-0.30342429E-05    0.13386124E-05   -0.25692988E-04   -0.66548102E-04    0.86519636E-04
-0.11504587E-03    0.36694460E-06    0.34728473E-03   -0.11824555E-04   -0.64564235E-04
-0.22806059E-05    0.25920622E-04    0.12046385E-04   -0.73433940E-05    0.59193363E-06
-0.66939350E-05    0.80256266E-04   -0.12472164E-03    0.49890452E-06   -0.10076083E-04
 0.74468920E-05    0.28047331E-04    0.20606344E-05   -0.29170942E-05    0.61979948E-04
-0.31467911E-04    0.17849642E-05   -0.37590889E-05   -0.62389028E-04    0.17092862E-04
 0.23858560E-05   -0.23852778E-04    0.29007131E-04    0.98340079E-04    0.12187271E-04
-0.26762537E-04   -0.17331866E-04    0.16488409E-04   -0.12614287E-05    0.50298893E-04
-0.10704158E-03    0.20407340E-03    0.79170998E-05    0.18876532E-04   -0.16319465E-04
-0.33736775E-04   -0.23956108E-05   -0.13643337E-04   -0.10630343E-03    0.21095970E-04
-0.27643949E-04   -0.40816298E-04    0.74448442E-04   -0.12525310E-04   -0.13706543E-04
 0.35230734E-04   -0.43183596E-03   -0.83976780E-04    0.11173277E-04    0.27915652E-05
-0.35251492E-05   -0.35161657E-04   -0.17372271E-05   -0.18726121E-05   -0.13524621E-03
 0.88176501E-04   -0.85128469E-04   -0.37677601E-04    0.36517782E-05    0.37053316E-04
 0.84762674E-04   -0.22256814E-04    0.55760385E-04    0.10106965E-03    0.11403121E-03
 0.68650422E-05    0.11887173E-03    0.28380181E-04   -0.49927132E-04    0.13368132E-04
-0.25374555E-04    0.78130715E-03   -0.21131292E-02    0.15718138E-04    0.24496227E-03
-0.35656546E-04    0.74223172E-04    0.27416697E-03    0.56381666E-04   -0.47658486E-04
 0.36067843E-05    0.40268387E-03   -0.20358650E-03   -0.17055739E-04    0.71246859E-04
 0.10509306E-04   -0.13890808E-03   -0.34204720E-03    0.12192657E-03   -0.22799393E-03
-0.12868541E-03   -0.45890301E-03   -0.65910006E-04   -0.44442333E-03   -0.11344869E-03
 0.37882827E-03   -0.14620174E-03    0.97940548E-04   -0.10793258E-02    0.48327688E-02
 0.23164685E-03   -0.36540101E-02    0.48031937E-03   -0.42096145E-03   -0.14184670E-03
 0.18524737E-03    0.51694209E-03   -0.42492947E-04   -0.13477797E-03   -0.24201443E-04
 0.16496483E-03   -0.10819297E-02    0.12191571E-02    0.46142728E-03   -0.51582494E-02
-0.36385063E-04    0.57777616E-03    0.18727169E-03   -0.25846490E-03   -0.81986706E-04
 0.12079781E-03   -0.26648025E-04    0.28888034E-03   -0.67974448E-03    0.15452411E-02
-0.98982005E-04    0.13905468E-03    0.15275442E-03    0.50752253E-03   -0.10038263E-03
 0.96780920E-04   -0.37668000E-03    0.48748498E-03    0.41008091E-04   -0.10043836E-03
 0.46152132E-03   -0.12670269E-03   -0.28199922E-04    0.39449834E-04   -0.11268281E-03
-0.85154649E-03   -0.49897801E-03    0.21434180E-03    0.22817258E-04   -0.20309353E-03
 0.35635843E-04   -0.46080429E-03    0.91000586E-03   -0.26104089E-02    0.16317696E-03
-0.24790376E-03   -0.13484848E-03   -0.59382719E-03    0.88701110E-04    0.94729273E-04
 0.82227424E-03   -0.44516183E-03    0.15667308E-03    0.27402589E-03   -0.56373489E-03
 0.22028095E-03    0.11219549E-03   -0.96197123E-04    0.51838988E-02    0.70272873E-03
-0.26895038E-03    0.12218891E-03    0.82383708E-04    0.44718499E-03    0.61440693E-05
-0.91131005E-05    0.15498359E-02   -0.88202968E-03    0.90862275E-03    0.35835468E-03
-0.19582713E-04   -0.16278042E-03    0.66346684E-04    0.19976461E-03   -0.81298094E-03
-0.77072801E-03   -0.10563025E-02    0.17636903E-03   -0.14968233E-02   -0.64692428E-03
 0.43775449E-03   -0.15886313E-03    0.24524958E-04   -0.94754999E-02    0.22242611E-01
 0.13712089E-02   -0.17727828E-02    0.94433523E-03   -0.10622095E-02   -0.26710419E-02
-0.70057598E-03    0.57254323E-03    0.15618399E-05   -0.44611349E-02    0.15543440E-02
 0.10079318E-03   -0.29513368E-03   -0.17190306E-03    0.82988652E-03    0.22850126E-03
-0.17580915E-02    0.30845286E-02    0.99125369E-03    0.45404856E-02   -0.11160522E-03
 0.50974846E-02    0.22294450E-02   -0.37314883E-02    0.14572211E-02   -0.25737830E-03
 0.37290441E-02    0.16634840E-02   -0.53300832E-02   -0.37631307E-03    0.41447470E-02
-0.59817069E-03    0.46751814E-03    0.39384557E-03   -0.14222961E-03   -0.60574276E-03
 0.68281458E-04    0.16947375E-03    0.48223726E-04   -0.13214262E-03    0.10950134E-02
-0.15381847E-02   -0.45629352E-03    0.62913805E-02    0.14431725E-04   -0.62237105E-03
-0.26069816E-03    0.24102453E-03    0.75458950E-04   -0.13189893E-03    0.27613306E-04
-0.34333934E-03    0.72144147E-03   -0.16928442E-02    0.60711846E-04   -0.13665142E-03
-0.15615966E-03   -0.53197164E-03    0.14263949E-03   -0.78963019E-04    0.41182505E-03
-0.49429524E-03   -0.54854577E-04    0.96989840E-04   -0.49386132E-03    0.17064403E-03
 0.16746405E-04   -0.44302119E-04    0.13826444E-03    0.95270088E-03    0.59207397E-03
-0.17426746E-03   -0.65800146E-04    0.26000808E-03   -0.40883375E-04    0.53229074E-03
-0.97331782E-03    0.28457439E-02   -0.17192877E-03    0.27358530E-03    0.17039911E-03
 0.65457297E-03   -0.11813245E-03   -0.81913297E-04   -0.10008518E-02    0.52817709E-03
-0.11417655E-03   -0.24239548E-03    0.59415573E-03   -0.22276521E-03   -0.94374771E-04
 0.10921816E-03   -0.58490265E-02   -0.80370800E-03    0.31464870E-03   -0.12916631E-03
-0.99428049E-04   -0.44293752E-03   -0.19545780E-04    0.13424634E-04   -0.17719705E-02
 0.98655780E-03   -0.10491192E-02   -0.37473328E-03    0.27622805E-04    0.17718152E-03
-0.82648950E-04   -0.24193455E-03    0.88544273E-03    0.86006062E-03    0.12006561E-02
-0.25153634E-03    0.16289703E-02    0.73727802E-03   -0.54005275E-03    0.18352602E-03
-0.28547514E-04    0.10531772E-01   -0.27661604E-01   -0.19533380E-02    0.20107829E-02
-0.11652001E-02    0.11922934E-02    0.32805343E-02    0.72884601E-03   -0.68487039E-03
-0.94598454E-06    0.51891659E-02   -0.17028036E-02   -0.48090070E-03    0.19901674E-03
 0.18714642E-03   -0.97831531E-03   -0.29513386E-03    0.23181138E-02   -0.35735033E-02
-0.11197106E-02   -0.53948611E-02    0.25578728E-03   -0.58414455E-02   -0.26585811E-02
 0.45457393E-02   -0.17087525E-02    0.30561439E-03   -0.40925539E-02    0.48381962E-02
-0.37836746E-02    0.34157686E-02   -0.16559892E-03   -0.42027291E-02    0.58221598E-03
-0.43809764E-03   -0.12043051E-02   -0.44656302E-03    0.66616821E-03   -0.68471431E-04
-0.18528921E-03   -0.10563429E-03    0.61645064E-04   -0.10886077E-02    0.18315063E-02
 0.37867122E-03   -0.71530847E-02   -0.11603557E-04    0.46117882E-03    0.36940171E-03
 0.81282616E-04   -0.11577965E-03    0.16208139E-03   -0.31236129E-04    0.34033964E-03
-0.52776142E-03    0.98785876E-03   -0.88214911E-04    0.89339348E-04    0.18488909E-03
 0.43495094E-03   -0.17100172E-03    0.13327299E-03   -0.41006106E-03    0.41463501E-03
 0.17469533E-03   -0.75452730E-04    0.32434117E-03    0.32279841E-04    0.50491220E-05
 0.34639947E-04   -0.60815780E-04   -0.73564794E-03   -0.68141568E-03   -0.86002904E-04
 0.18158437E-03   -0.34032378E-03    0.43952544E-04   -0.38348569E-03    0.61742345E-03
-0.15558563E-02    0.31554158E-03   -0.18248838E-03   -0.27535442E-03   -0.56513159E-03
 0.28567487E-03   -0.12977854E-03    0.10687316E-02   -0.66300534E-03   -0.18140335E-03
 0.61230728E-06   -0.44874672E-03    0.92626732E-04   -0.10431686E-03   -0.77979730E-04
 0.57068367E-02    0.77042940E-03   -0.37176643E-03    0.17857967E-03    0.21386891E-03
 0.37452862E-03    0.43653882E-04   -0.14392606E-04    0.17525008E-02   -0.94424114E-03
 0.66598093E-03    0.33878454E-03   -0.59598295E-04   -0.15992912E-03    0.64351229E-04
 0.24477097E-03   -0.82714404E-03   -0.79702041E-03   -0.11614898E-02    0.32821518E-03
-0.16029093E-02   -0.86592838E-03    0.64137751E-03   -0.14478356E-03    0.22875927E-04
-0.97641759E-02    0.33420228E-01    0.28805225E-02   -0.17863148E-02    0.14757153E-02
-0.13793193E-02   -0.41842172E-02   -0.75299627E-03    0.76869862E-03   -0.15334152E-04
-0.52846379E-02    0.13131680E-02    0.24303006E-02    0.16591827E-03   -0.12304784E-03
 0.10179314E-02    0.40904451E-03   -0.27774358E-02    0.38313172E-02    0.94074191E-03
 0.58230941E-02   -0.50528321E-03    0.59987923E-02    0.31816463E-02   -0.54375139E-02
 0.17046319E-02   -0.31343976E-03    0.40156545E-02   -0.50318336E-02    0.63461803E-02
 0.46777690E-03   -0.15807232E-02    0.65666842E-04    0.12677693E-02   -0.18811338E-03
 0.14444876E-03    0.94475297E-04    0.10341339E-05   -0.30857130E-03    0.38558802E-04
 0.55173933E-04    0.97336231E-05   -0.83002442E-04    0.37253529E-03   -0.47394098E-03
-0.24876590E-03    0.26157127E-02    0.29165918E-04   -0.21505202E-03   -0.45925193E-04
 0.47392516E-04   -0.12872935E-04   -0.40352265E-04    0.74641067E-05   -0.10647956E-03
 0.21555323E-03   -0.47874724E-03    0.19521704E-04   -0.38339669E-04   -0.50727410E-04
-0.15254605E-03    0.82555066E-05   -0.44170132E-04    0.11079861E-03   -0.96115381E-04
-0.14333848E-04   -0.14195654E-04   -0.19309916E-03    0.50999769E-04    0.19989791E-04
-0.14712465E-04    0.73756130E-05    0.34302041E-03    0.13322358E-03   -0.16953997E-04
 0.25562987E-04    0.76871059E-04   -0.10096764E-04    0.12527467E-03   -0.31215477E-03
 0.80668500E-03   -0.35334512E-04    0.64931722E-04    0.53160557E-04    0.16410233E-03
 0.31843602E-04    0.17956567E-05   -0.26718864E-03    0.11001208E-03   -0.10626158E-03
-0.38008254E-04    0.21235411E-03   -0.75498197E-04   -0.35293406E-04    0.34585698E-04
-0.23677974E-02   -0.32635387E-03    0.13075562E-03   -0.17886763E-04   -0.51751337E-04
-0.19994050E-03    0.65688683E-05    0.48413499E-05   -0.71046245E-03    0.36968768E-03
-0.35312209E-03   -0.19006285E-03    0.12598863E-04    0.88653597E-04   -0.16367594E-04
-0.93329000E-04    0.34880889E-03    0.32582568E-03    0.51494385E-03   -0.10546797E-03
 0.64090873E-03    0.26151193E-03   -0.19686680E-03    0.76997342E-04   -0.11461987E-04
 0.36474268E-02   -0.11562158E-01   -0.46753710E-03    0.75567015E-03   -0.42207575E-03
 0.41305753E-03    0.14099230E-02    0.22007680E-03   -0.31631982E-03   -0.44664130E-05
 0.19102301E-02   -0.58171782E-03   -0.51530758E-03    0.20413159E-03    0.96931450E-04
-0.39933093E-03   -0.23499564E-03    0.75994731E-03   -0.12852504E-02   -0.20336793E-03
-0.21634007E-02    0.93827388E-04   -0.21649905E-02   -0.95897489E-03    0.18027816E-02
-0.74619683E-03    0.12516870E-03   -0.12550583E-02    0.15053987E-02   -0.16340455E-02
 0.75491311E-03    0.13924232E-03    0.23986211E-03   -0.24863072E-03   -0.14975014E-04
 0.20729185E-04    0.38473736E-05    0.18148817E-03    0.69871847E-04   -0.18244921E-03
-0.37593215E-04    0.39623697E-04    0.95147625E-04    0.22557560E-03   -0.10284376E-03
 0.10882556E-03   -0.34155953E-04    0.96965914E-03   -0.60973763E-05    0.72873567E-04
 0.10007597E-04   -0.12870939E-04    0.79704437E-04    0.35479635E-05   -0.49807818E-07
 0.65632453E-05   -0.23868246E-04    0.91933442E-04   -0.17183947E-04    0.53736777E-05
 0.91816146E-05    0.13411375E-04   -0.69497872E-07   -0.14414790E-04   -0.12468586E-04
 0.33942638E-04   -0.56909975E-05    0.12959893E-04    0.35910128E-04   -0.75485934E-05
-0.11931275E-04    0.28942227E-05   -0.17854416E-04   -0.81514717E-04   -0.21037642E-05
 0.16156364E-04   -0.12257786E-03   -0.42085254E-05    0.35012948E-05   -0.66022728E-04
 0.13360008E-04   -0.11903016E-03   -0.49963227E-05   -0.10630400E-04   -0.22525668E-05
-0.19340124E-04    0.15111523E-04    0.87137652E-05    0.55921080E-05   -0.24078447E-04
-0.12873863E-04    0.69000930E-05   -0.79743803E-04    0.34252577E-04    0.29099147E-04
-0.70513360E-05    0.29825905E-03    0.47514258E-04   -0.10678160E-05    0.15613397E-04
 0.24572780E-04    0.40854694E-04    0.77853183E-05    0.12927640E-05    0.71356241E-04
 0.23345375E-04    0.62391231E-04    0.27471171E-04    0.83289203E-05   -0.20078786E-04
-0.62825098E-05    0.17367326E-04   -0.40969256E-04   -0.12329291E-04   -0.56866519E-04
 0.16700610E-04   -0.58816964E-04    0.23809415E-05    0.75867810E-05   -0.16670363E-04
-0.12247347E-05   -0.10577304E-02   -0.15342928E-02   -0.23229967E-02   -0.55188582E-03
-0.22950397E-03   -0.39543431E-03   -0.38243589E-04    0.39033461E-03   -0.64675613E-04
 0.20124118E-04   -0.96149382E-04    0.23002538E-03   -0.13755907E-03   -0.29235162E-03
-0.10675366E-03   -0.52880269E-04    0.19972508E-03    0.11472347E-02   -0.26388695E-03
-0.47324345E-03   -0.70130513E-04    0.20793521E-03    0.10956527E-03   -0.34315671E-04
 0.14990024E-03    0.23788634E-03   -0.18912570E-04    0.36050796E-04    0.12413883E-05
-0.91469028E-04   -0.29486336E-04    0.40036168E-03
