Mplus VERSION 9
MUTHEN & MUTHEN
10/09/2026   9:39 PM

INPUT INSTRUCTIONS

  TITLE:
  Round2E CFPS_SD_E0_10_base
  DATA:
  FILE = "data.dat";
  VARIABLE:
  NAMES = fid x1 x2 x3 x4 x5 y1 y2 y3 y4 y5 z1 z2 z3 z4 z5 z0 gedu gurb ginc c1 c2 c3 c4
    c5 c6 c7 c8 c9 c10 c11 c12 c13 c14 c15 c16 c17 c18 c19 c20 c21 c22 c23 c24;
   MISSING=.;
   CLUSTER=fid; USEVARIABLES=x1-x5 y1-y5 z0 c1-c24;
  ANALYSIS:
  TYPE=COMPLEX; ESTIMATOR=MLR; PROCESSORS=1; COVERAGE=.005; ITERATIONS=2000;
  MODEL:
  ix sx | x1@0 x2*0.4 x3*0.6 x4*0.8 x5@1 ;
  iy sy | y1@0 y2@0.4 y3@0.6 y4@0.8 y5@1 ;
  iy ON ix (bii);
  sy ON ix (bis);
  sy ON sx (bss);
  sy ON iy (bsyiy);
  ix WITH sx;
  ix sx iy sy ON c1-c24;
  sx WITH iy;
  x1 WITH y1;
  x2 WITH y2;
  x3 WITH y3;
  x4 WITH y4;
  x5 WITH y5;
  ix sx ON z0;
  iy ON z0 (gi0);
  sy ON z0 (gs0);
  x1 y1 ON z0;
  sx BY x2*0.76969457;
  sx BY x3*0.66753447;
  sx BY x4*1.1239048;
  [ix*-0.14548425];
  [sx*0.20270954];
  [iy*0.24005607];
  [sy*-0.1277395];
  x1*0.67806655;
  x2*0.65763146;
  x3*0.54787886;
  x4*0.52745748;
  x5*0.49812421;
  y1*0.54991239;
  y2*0.63583827;
  y3*0.57518953;
  y4*0.58306181;
  y5*0.61072361;
  ix*0.19245982;
  sx*0.10563424;
  iy*0.206021;
  sy*0.033931792;
  iy ON ix*-0.35889384;
  sy ON ix*0.12461628;
  sy ON sx*-0.31924537;
  sy ON iy*0.41808423;
  ix WITH sx*0.0062444187;
  ix ON c1*-0.1414514;
  sx ON c1*0.02572743;
  iy ON c1*-0.22014141;
  sy ON c1*0.039094217;
  ix ON c2*0.08262118;
  sx ON c2*-0.014677535;
  iy ON c2*-0.063494802;
  sy ON c2*0.0092275348;
  ix ON c3*-0.032209575;
  sx ON c3*0.040131368;
  iy ON c3*-0.16735172;
  sy ON c3*0.092198268;
  ix ON c4*-0.042951953;
  sx ON c4*0.12169072;
  iy ON c4*-0.063224703;
  sy ON c4*0.19435757;
  ix ON c5*-0.06075513;
  sx ON c5*-0.021205934;
  iy ON c5*0.23799816;
  sy ON c5*-0.19519788;
  ix ON c6*0.012370764;
  sx ON c6*-0.029730394;
  iy ON c6*-0.0027631533;
  sy ON c6*0.045562502;
  ix ON c7*-0.00082103314;
  sx ON c7*3.3426768e-05;
  iy ON c7*0.0076865144;
  sy ON c7*-0.015870901;
  ix ON c8*-0.25704378;
  sx ON c8*0.064345755;
  iy ON c8*-0.046302039;
  sy ON c8*0.052541889;
  ix ON c9*0.080517255;
  sx ON c9*0.021205707;
  iy ON c9*0.10174943;
  sy ON c9*-0.15516484;
  ix ON c10*-0.091106892;
  sx ON c10*-0.11227764;
  iy ON c10*0.020549482;
  sy ON c10*0.19271883;
  ix ON c11*-0.054821327;
  sx ON c11*-0.0091990521;
  iy ON c11*-0.12492973;
  sy ON c11*0.26171172;
  ix ON c12*0.018690968;
  sx ON c12*0.0081951646;
  iy ON c12*-0.050690733;
  sy ON c12*0.04007652;
  ix ON c13*0.040491384;
  sx ON c13*-0.019189857;
  iy ON c13*-0.013232592;
  sy ON c13*0.03523377;
  ix ON c14*0.01821721;
  sx ON c14*-0.034691572;
  iy ON c14*0.092073627;
  sy ON c14*-0.18091036;
  ix ON c15*-0.011090619;
  sx ON c15*0.017896298;
  iy ON c15*0.48278379;
  sy ON c15*-0.44317508;
  ix ON c16*0.17739253;
  sx ON c16*-0.064017102;
  iy ON c16*-0.093851663;
  sy ON c16*0.0031027817;
  ix ON c17*0.073295891;
  sx ON c17*0.067114994;
  iy ON c17*-0.21219301;
  sy ON c17*0.26784936;
  ix ON c18*0.20842277;
  sx ON c18*-0.10024502;
  iy ON c18*0.035711393;
  sy ON c18*0.033272061;
  ix ON c19*0.053493023;
  sx ON c19*-0.055148464;
  iy ON c19*0.065278724;
  sy ON c19*0.067093141;
  ix ON c20*0.24439934;
  sx ON c20*-0.084102347;
  iy ON c20*0.094227679;
  sy ON c20*-0.13710847;
  ix ON c21*0.15779215;
  sx ON c21*-0.056508143;
  iy ON c21*0.035399299;
  sy ON c21*0.0099369623;
  ix ON c22*-0.09703093;
  sx ON c22*0.12411925;
  iy ON c22*-0.025172858;
  sy ON c22*0.1653205;
  ix ON c23*0.026262335;
  sx ON c23*-0.065094866;
  iy ON c23*0.12798797;
  sy ON c23*-0.13627817;
  ix ON c24*-0.0024416093;
  sx ON c24*0.007693111;
  iy ON c24*-0.011856764;
  sy ON c24*0.0085515026;
  iy WITH sx*-0.021857768;
  x1 WITH y1*-0.017311016;
  x2 WITH y2*-0.068092704;
  x3 WITH y3*-0.049084421;
  x4 WITH y4*-0.048931129;
  x5 WITH y5*-0.028671192;
  ix ON z0*-0.10884806;
  sx ON z0*-0.0072882525;
  iy ON z0*-0.0062099234;
  sy ON z0*0.033456299;
  x1 ON z0*-0.13338441;
  y1 ON z0*0.062464621;
  OUTPUT:
  TECH1 TECH3 TECH4 SAMPSTAT RESIDUAL CINTERVAL SVALUES;
  SAVEDATA:
  TECH3=tech3.dat; RESULTS=estimates.dat;



INPUT READING TERMINATED NORMALLY




Round2E CFPS_SD_E0_10_base

SUMMARY OF ANALYSIS

Number of groups                                                 1
Number of observations                                        3274

Number of dependent variables                                   10
Number of independent variables                                 25
Number of continuous latent variables                            4

Observed dependent variables

  Continuous
   X1          X2          X3          X4          X5          Y1
   Y2          Y3          Y4          Y5

Observed independent variables
   Z0          C1          C2          C3          C4          C5
   C6          C7          C8          C9          C10         C11
   C12         C13         C14         C15         C16         C17
   C18         C19         C20         C21         C22         C23
   C24

Continuous latent variables
   SX          IX          IY          SY

Variables with special functions

  Cluster variable      FID

Estimator                                                      MLR
Information matrix                                        OBSERVED
Maximum number of iterations                                  2000
Convergence criterion                                    0.500D-04
Maximum number of steepest descent iterations                   20
Maximum number of iterations for H1                           2000
Convergence criterion for H1                             0.100D-03

Input data file(s)
  data.dat

Input data format  FREE


SUMMARY OF DATA

     Number of missing data patterns            68
     Number of clusters                       2410



COVARIANCE COVERAGE OF DATA

Minimum covariance coverage value   0.005


     PROPORTION OF DATA PRESENT


           Covariance Coverage
              X1            X2            X3            X4            X5
              ________      ________      ________      ________      ________
 X1             1.000
 X2             0.917         0.917
 X3             0.687         0.616         0.687
 X4             0.335         0.310         0.292         0.335
 X5             0.273         0.252         0.239         0.178         0.273
 Y1             1.000         0.917         0.687         0.335         0.273
 Y2             0.918         0.915         0.615         0.311         0.252
 Y3             0.726         0.653         0.677         0.303         0.249
 Y4             0.365         0.337         0.309         0.324         0.195
 Y5             0.272         0.252         0.234         0.175         0.262
 Z0             1.000         0.917         0.687         0.335         0.273
 C1             1.000         0.917         0.687         0.335         0.273
 C2             1.000         0.917         0.687         0.335         0.273
 C3             1.000         0.917         0.687         0.335         0.273
 C4             1.000         0.917         0.687         0.335         0.273
 C5             1.000         0.917         0.687         0.335         0.273
 C6             1.000         0.917         0.687         0.335         0.273
 C7             1.000         0.917         0.687         0.335         0.273
 C8             1.000         0.917         0.687         0.335         0.273
 C9             1.000         0.917         0.687         0.335         0.273
 C10            1.000         0.917         0.687         0.335         0.273
 C11            1.000         0.917         0.687         0.335         0.273
 C12            1.000         0.917         0.687         0.335         0.273
 C13            1.000         0.917         0.687         0.335         0.273
 C14            1.000         0.917         0.687         0.335         0.273
 C15            1.000         0.917         0.687         0.335         0.273
 C16            1.000         0.917         0.687         0.335         0.273
 C17            1.000         0.917         0.687         0.335         0.273
 C18            1.000         0.917         0.687         0.335         0.273
 C19            1.000         0.917         0.687         0.335         0.273
 C20            1.000         0.917         0.687         0.335         0.273
 C21            1.000         0.917         0.687         0.335         0.273
 C22            1.000         0.917         0.687         0.335         0.273
 C23            1.000         0.917         0.687         0.335         0.273
 C24            1.000         0.917         0.687         0.335         0.273


           Covariance Coverage
              Y1            Y2            Y3            Y4            Y5
              ________      ________      ________      ________      ________
 Y1             1.000
 Y2             0.918         0.918
 Y3             0.726         0.653         0.726
 Y4             0.365         0.338         0.330         0.365
 Y5             0.272         0.252         0.248         0.196         0.272
 Z0             1.000         0.918         0.726         0.365         0.272
 C1             1.000         0.918         0.726         0.365         0.272
 C2             1.000         0.918         0.726         0.365         0.272
 C3             1.000         0.918         0.726         0.365         0.272
 C4             1.000         0.918         0.726         0.365         0.272
 C5             1.000         0.918         0.726         0.365         0.272
 C6             1.000         0.918         0.726         0.365         0.272
 C7             1.000         0.918         0.726         0.365         0.272
 C8             1.000         0.918         0.726         0.365         0.272
 C9             1.000         0.918         0.726         0.365         0.272
 C10            1.000         0.918         0.726         0.365         0.272
 C11            1.000         0.918         0.726         0.365         0.272
 C12            1.000         0.918         0.726         0.365         0.272
 C13            1.000         0.918         0.726         0.365         0.272
 C14            1.000         0.918         0.726         0.365         0.272
 C15            1.000         0.918         0.726         0.365         0.272
 C16            1.000         0.918         0.726         0.365         0.272
 C17            1.000         0.918         0.726         0.365         0.272
 C18            1.000         0.918         0.726         0.365         0.272
 C19            1.000         0.918         0.726         0.365         0.272
 C20            1.000         0.918         0.726         0.365         0.272
 C21            1.000         0.918         0.726         0.365         0.272
 C22            1.000         0.918         0.726         0.365         0.272
 C23            1.000         0.918         0.726         0.365         0.272
 C24            1.000         0.918         0.726         0.365         0.272


           Covariance Coverage
              Z0            C1            C2            C3            C4
              ________      ________      ________      ________      ________
 Z0             1.000
 C1             1.000         1.000
 C2             1.000         1.000         1.000
 C3             1.000         1.000         1.000         1.000
 C4             1.000         1.000         1.000         1.000         1.000
 C5             1.000         1.000         1.000         1.000         1.000
 C6             1.000         1.000         1.000         1.000         1.000
 C7             1.000         1.000         1.000         1.000         1.000
 C8             1.000         1.000         1.000         1.000         1.000
 C9             1.000         1.000         1.000         1.000         1.000
 C10            1.000         1.000         1.000         1.000         1.000
 C11            1.000         1.000         1.000         1.000         1.000
 C12            1.000         1.000         1.000         1.000         1.000
 C13            1.000         1.000         1.000         1.000         1.000
 C14            1.000         1.000         1.000         1.000         1.000
 C15            1.000         1.000         1.000         1.000         1.000
 C16            1.000         1.000         1.000         1.000         1.000
 C17            1.000         1.000         1.000         1.000         1.000
 C18            1.000         1.000         1.000         1.000         1.000
 C19            1.000         1.000         1.000         1.000         1.000
 C20            1.000         1.000         1.000         1.000         1.000
 C21            1.000         1.000         1.000         1.000         1.000
 C22            1.000         1.000         1.000         1.000         1.000
 C23            1.000         1.000         1.000         1.000         1.000
 C24            1.000         1.000         1.000         1.000         1.000


           Covariance Coverage
              C5            C6            C7            C8            C9
              ________      ________      ________      ________      ________
 C5             1.000
 C6             1.000         1.000
 C7             1.000         1.000         1.000
 C8             1.000         1.000         1.000         1.000
 C9             1.000         1.000         1.000         1.000         1.000
 C10            1.000         1.000         1.000         1.000         1.000
 C11            1.000         1.000         1.000         1.000         1.000
 C12            1.000         1.000         1.000         1.000         1.000
 C13            1.000         1.000         1.000         1.000         1.000
 C14            1.000         1.000         1.000         1.000         1.000
 C15            1.000         1.000         1.000         1.000         1.000
 C16            1.000         1.000         1.000         1.000         1.000
 C17            1.000         1.000         1.000         1.000         1.000
 C18            1.000         1.000         1.000         1.000         1.000
 C19            1.000         1.000         1.000         1.000         1.000
 C20            1.000         1.000         1.000         1.000         1.000
 C21            1.000         1.000         1.000         1.000         1.000
 C22            1.000         1.000         1.000         1.000         1.000
 C23            1.000         1.000         1.000         1.000         1.000
 C24            1.000         1.000         1.000         1.000         1.000


           Covariance Coverage
              C10           C11           C12           C13           C14
              ________      ________      ________      ________      ________
 C10            1.000
 C11            1.000         1.000
 C12            1.000         1.000         1.000
 C13            1.000         1.000         1.000         1.000
 C14            1.000         1.000         1.000         1.000         1.000
 C15            1.000         1.000         1.000         1.000         1.000
 C16            1.000         1.000         1.000         1.000         1.000
 C17            1.000         1.000         1.000         1.000         1.000
 C18            1.000         1.000         1.000         1.000         1.000
 C19            1.000         1.000         1.000         1.000         1.000
 C20            1.000         1.000         1.000         1.000         1.000
 C21            1.000         1.000         1.000         1.000         1.000
 C22            1.000         1.000         1.000         1.000         1.000
 C23            1.000         1.000         1.000         1.000         1.000
 C24            1.000         1.000         1.000         1.000         1.000


           Covariance Coverage
              C15           C16           C17           C18           C19
              ________      ________      ________      ________      ________
 C15            1.000
 C16            1.000         1.000
 C17            1.000         1.000         1.000
 C18            1.000         1.000         1.000         1.000
 C19            1.000         1.000         1.000         1.000         1.000
 C20            1.000         1.000         1.000         1.000         1.000
 C21            1.000         1.000         1.000         1.000         1.000
 C22            1.000         1.000         1.000         1.000         1.000
 C23            1.000         1.000         1.000         1.000         1.000
 C24            1.000         1.000         1.000         1.000         1.000


           Covariance Coverage
              C20           C21           C22           C23           C24
              ________      ________      ________      ________      ________
 C20            1.000
 C21            1.000         1.000
 C22            1.000         1.000         1.000
 C23            1.000         1.000         1.000         1.000
 C24            1.000         1.000         1.000         1.000         1.000


SAMPLE STATISTICS


     ESTIMATED SAMPLE STATISTICS


           Means
              X1            X2            X3            X4            X5
              ________      ________      ________      ________      ________
                0.000         0.203         0.166         0.248         0.242


           Means
              Y1            Y2            Y3            Y4            Y5
              ________      ________      ________      ________      ________
                0.000         0.027         0.105         0.034         0.175


           Means
              Z0            C1            C2            C3            C4
              ________      ________      ________      ________      ________
                0.000         0.496         0.195         0.435         0.308


           Means
              C5            C6            C7            C8            C9
              ________      ________      ________      ________      ________
                0.243         3.159         7.142         0.202         0.079


           Means
              C10           C11           C12           C13           C14
              ________      ________      ________      ________      ________
                0.004         0.108         2.210         0.687         0.539


           Means
              C15           C16           C17           C18           C19
              ________      ________      ________      ________      ________
                0.318         0.434         0.829         0.233         0.186


           Means
              C20           C21           C22           C23           C24
              ________      ________      ________      ________      ________
                0.109         0.212         0.684         0.291         3.715


           Covariances
              X1            X2            X3            X4            X5
              ________      ________      ________      ________      ________
 X1             1.000
 X2             0.296         0.970
 X3             0.248         0.259         0.817
 X4             0.276         0.367         0.352         0.971
 X5             0.293         0.312         0.292         0.445         0.870
 Y1            -0.164        -0.164        -0.126        -0.163        -0.168
 Y2            -0.127        -0.226        -0.135        -0.187        -0.180
 Y3            -0.158        -0.160        -0.195        -0.185        -0.194
 Y4            -0.160        -0.140        -0.158        -0.244        -0.240
 Y5            -0.104        -0.183        -0.121        -0.211        -0.227
 Z0            -0.261        -0.134        -0.136        -0.150        -0.132
 C1            -0.020        -0.017        -0.019        -0.012        -0.008
 C2             0.033         0.023         0.007         0.037         0.019
 C3             0.031         0.029         0.008         0.024         0.013
 C4            -0.006         0.030         0.020         0.015        -0.003
 C5            -0.019        -0.042        -0.027        -0.010        -0.024
 C6            -0.004        -0.029        -0.018        -0.038        -0.068
 C7            -0.090        -0.183        -0.088        -0.232        -0.195
 C8            -0.039        -0.029        -0.042        -0.029        -0.022
 C9             0.016         0.012         0.022         0.015         0.012
 C10            0.000        -0.002        -0.002         0.001         0.001
 C11           -0.006        -0.010        -0.009        -0.040         0.004
 C12            0.047         0.061         0.021         0.043         0.072
 C13            0.114         0.084         0.019         0.095         0.044
 C14           -0.006        -0.005        -0.030         0.004        -0.013
 C15           -0.039        -0.034        -0.024        -0.025        -0.027
 C16            0.052         0.042         0.037         0.041         0.025
 C17            0.013         0.017         0.027         0.033         0.023
 C18            0.047         0.036         0.029         0.020         0.033
 C19           -0.022        -0.014        -0.013        -0.025        -0.015
 C20            0.032         0.023         0.024         0.016         0.021
 C21            0.018         0.007        -0.002         0.009         0.009
 C22           -0.045        -0.022        -0.006        -0.033        -0.013
 C23            0.005        -0.031        -0.018        -0.110        -0.034
 C24            0.201         0.258        -0.075         0.312         0.194


           Covariances
              Y1            Y2            Y3            Y4            Y5
              ________      ________      ________      ________      ________
 Y1             1.000
 Y2             0.453         1.154
 Y3             0.492         0.617         1.168
 Y4             0.442         0.467         0.506         1.084
 Y5             0.415         0.548         0.558         0.549         1.187
 Z0             0.158         0.107         0.109         0.106         0.129
 C1            -0.082        -0.087        -0.089        -0.073        -0.073
 C2            -0.061        -0.063        -0.063        -0.057        -0.053
 C3            -0.077        -0.078        -0.083        -0.077        -0.059
 C4            -0.030        -0.007        -0.016         0.016        -0.002
 C5             0.075         0.064         0.060         0.032         0.041
 C6             0.093         0.124         0.096         0.165         0.131
 C7             0.535         0.467         0.447         0.624         0.374
 C8             0.005         0.007         0.016        -0.004        -0.002
 C9            -0.007        -0.011        -0.015        -0.008        -0.018
 C10            0.002         0.002         0.000         0.005         0.002
 C11           -0.001         0.010         0.008         0.001         0.011
 C12           -0.150        -0.114        -0.156        -0.085        -0.079
 C13           -0.252        -0.228        -0.229        -0.222        -0.202
 C14            0.050         0.016         0.027         0.002         0.034
 C15            0.164         0.140         0.139         0.104         0.104
 C16           -0.129        -0.121        -0.119        -0.077        -0.106
 C17           -0.055        -0.049        -0.048        -0.027        -0.033
 C18           -0.015         0.002        -0.008        -0.003        -0.004
 C19            0.034         0.032         0.029         0.040         0.051
 C20           -0.007        -0.010        -0.015        -0.004        -0.014
 C21            0.022         0.022         0.015        -0.003         0.044
 C22            0.071         0.075         0.077         0.073         0.061
 C23            0.201         0.141         0.189         0.112         0.106
 C24           -0.442        -0.514        -0.361        -0.562        -0.393


           Covariances
              Z0            C1            C2            C3            C4
              ________      ________      ________      ________      ________
 Z0             1.000
 C1            -0.010         0.250
 C2            -0.019         0.035         0.157
 C3            -0.035        -0.009         0.041         0.246
 C4            -0.001         0.000         0.003        -0.015         0.213
 C5             0.027         0.005        -0.018        -0.025        -0.075
 C6             0.093        -0.038        -0.060        -0.108         0.073
 C7             0.345        -0.144        -0.206        -0.466         0.201
 C8            -0.011        -0.002        -0.003        -0.002        -0.013
 C9            -0.015         0.002         0.006         0.016        -0.009
 C10            0.000        -0.001        -0.001        -0.001        -0.001
 C11            0.013         0.001        -0.002         0.012        -0.002
 C12           -0.055         0.040         0.024         0.003        -0.006
 C13           -0.077         0.126         0.192         0.231        -0.026
 C14            0.027        -0.003        -0.010        -0.022         0.003
 C15            0.041        -0.030        -0.022        -0.022         0.000
 C16           -0.019         0.030         0.018         0.003         0.002
 C17           -0.032         0.036         0.011         0.000         0.001
 C18           -0.042        -0.010        -0.007        -0.005         0.011
 C19            0.057         0.001        -0.004        -0.021         0.001
 C20           -0.025        -0.002        -0.001         0.016        -0.003
 C21            0.021        -0.014        -0.007        -0.004        -0.011
 C22            0.032        -0.008        -0.063        -0.113         0.004
 C23            0.031        -0.050        -0.021        -0.008        -0.016
 C24           -0.106         0.073         0.248         0.369        -0.061


           Covariances
              C5            C6            C7            C8            C9
              ________      ________      ________      ________      ________
 C5             0.184
 C6             0.031         1.375
 C7             0.194         3.684        22.449
 C8             0.004        -0.138        -0.326         0.161
 C9            -0.003        -0.038        -0.126        -0.016         0.073
 C10            0.002         0.002         0.011        -0.001         0.000
 C11           -0.008         0.083         0.338         0.000        -0.003
 C12            0.009        -0.009         0.013         0.010        -0.001
 C13           -0.075        -0.279        -1.035         0.021         0.042
 C14            0.037         0.012         0.183         0.008        -0.014
 C15            0.011         0.018         0.117         0.001        -0.004
 C16           -0.008         0.000        -0.001        -0.008         0.003
 C17           -0.004        -0.060        -0.183        -0.001         0.004
 C18           -0.012         0.016        -0.013         0.000        -0.001
 C19            0.013         0.052         0.219        -0.006        -0.005
 C20           -0.001        -0.035        -0.121         0.004         0.004
 C21            0.015         0.013         0.074        -0.004         0.000
 C22            0.029         0.085         0.366        -0.005        -0.012
 C23            0.019         0.082         0.491         0.003        -0.003
 C24           -0.035        -0.632        -2.092         0.058         0.041


           Covariances
              C10           C11           C12           C13           C14
              ________      ________      ________      ________      ________
 C10            0.004
 C11            0.000         0.096
 C12           -0.001         0.003         1.054
 C13            0.000         0.039         0.236         1.541
 C14            0.002        -0.003         0.003        -0.083         0.248
 C15            0.000         0.002        -0.050        -0.080         0.003
 C16            0.000        -0.001         0.053         0.044         0.002
 C17            0.000        -0.024         0.016         0.029        -0.028
 C18            0.000        -0.004         0.000        -0.050        -0.006
 C19            0.000        -0.002        -0.013        -0.058         0.018
 C20            0.000        -0.001         0.010         0.014         0.001
 C21            0.001         0.008        -0.003        -0.016         0.039
 C22            0.001        -0.017        -0.049        -0.356         0.036
 C23            0.001         0.050        -0.040        -0.055         0.021
 C24            0.004        -0.010         0.586         1.733         0.691


           Covariances
              C15           C16           C17           C18           C19
              ________      ________      ________      ________      ________
 C15            0.217
 C16           -0.138         0.246
 C17           -0.008         0.008         0.142
 C18           -0.002        -0.003        -0.001         0.179
 C19            0.007        -0.006        -0.006        -0.043         0.151
 C20           -0.002         0.003         0.003         0.027        -0.013
 C21            0.004        -0.004        -0.019        -0.007         0.013
 C22            0.023        -0.004        -0.002         0.018         0.022
 C23            0.089        -0.065        -0.032        -0.003         0.008
 C24           -0.133         0.050         0.082         0.002        -0.026


           Covariances
              C20           C21           C22           C23           C24
              ________      ________      ________      ________      ________
 C20            0.097
 C21           -0.023         0.167
 C22           -0.007         0.006         0.216
 C23            0.016         0.034         0.004         0.925
 C24            0.063         0.045        -0.427        -0.077        17.918


           Correlations
              X1            X2            X3            X4            X5
              ________      ________      ________      ________      ________
 X1             1.000
 X2             0.300         1.000
 X3             0.275         0.291         1.000
 X4             0.280         0.378         0.395         1.000
 X5             0.314         0.340         0.346         0.484         1.000
 Y1            -0.164        -0.166        -0.140        -0.166        -0.180
 Y2            -0.118        -0.214        -0.139        -0.177        -0.179
 Y3            -0.146        -0.150        -0.199        -0.174        -0.193
 Y4            -0.153        -0.137        -0.167        -0.238        -0.247
 Y5            -0.096        -0.170        -0.123        -0.196        -0.224
 Z0            -0.261        -0.136        -0.150        -0.152        -0.141
 C1            -0.040        -0.035        -0.042        -0.024        -0.017
 C2             0.083         0.059         0.019         0.096         0.052
 C3             0.062         0.060         0.018         0.049         0.029
 C4            -0.013         0.066         0.048         0.032        -0.007
 C5            -0.044        -0.100        -0.071        -0.025        -0.060
 C6            -0.003        -0.025        -0.017        -0.033        -0.062
 C7            -0.019        -0.039        -0.021        -0.050        -0.044
 C8            -0.098        -0.073        -0.115        -0.074        -0.059
 C9             0.059         0.046         0.089         0.057         0.049
 C10            0.002        -0.023        -0.041         0.015         0.020
 C11           -0.018        -0.031        -0.032        -0.131         0.015
 C12            0.046         0.060         0.023         0.043         0.076
 C13            0.092         0.069         0.017         0.078         0.038
 C14           -0.012        -0.010        -0.067         0.008        -0.029
 C15           -0.084        -0.075        -0.056        -0.055        -0.062
 C16            0.104         0.087         0.082         0.084         0.054
 C17            0.036         0.045         0.080         0.090         0.065
 C18            0.111         0.087         0.076         0.048         0.085
 C19           -0.056        -0.037        -0.037        -0.064        -0.042
 C20            0.103         0.076         0.087         0.053         0.071
 C21            0.043         0.017        -0.006         0.022         0.024
 C22           -0.097        -0.047        -0.015        -0.071        -0.030
 C23            0.005        -0.032        -0.021        -0.116        -0.038
 C24            0.047         0.062        -0.020         0.075         0.049


           Correlations
              Y1            Y2            Y3            Y4            Y5
              ________      ________      ________      ________      ________
 Y1             1.000
 Y2             0.422         1.000
 Y3             0.456         0.532         1.000
 Y4             0.425         0.418         0.450         1.000
 Y5             0.381         0.469         0.474         0.484         1.000
 Z0             0.158         0.099         0.101         0.102         0.118
 C1            -0.163        -0.162        -0.164        -0.141        -0.134
 C2            -0.155        -0.149        -0.147        -0.138        -0.122
 C3            -0.156        -0.147        -0.155        -0.149        -0.109
 C4            -0.065        -0.015        -0.032         0.033        -0.005
 C5             0.175         0.140         0.130         0.071         0.087
 C6             0.079         0.098         0.076         0.135         0.103
 C7             0.113         0.092         0.087         0.127         0.072
 C8             0.013         0.016         0.036        -0.009        -0.005
 C9            -0.026        -0.037        -0.051        -0.029        -0.060
 C10            0.025         0.024         0.004         0.079         0.027
 C11           -0.004         0.031         0.025         0.004         0.031
 C12           -0.146        -0.103        -0.141        -0.079        -0.071
 C13           -0.203        -0.171        -0.171        -0.172        -0.150
 C14            0.100         0.031         0.050         0.004         0.062
 C15            0.352         0.281         0.276         0.214         0.205
 C16           -0.261        -0.228        -0.222        -0.149        -0.196
 C17           -0.146        -0.122        -0.117        -0.068        -0.080
 C18           -0.035         0.004        -0.017        -0.007        -0.010
 C19            0.088         0.076         0.069         0.098         0.121
 C20           -0.021        -0.030        -0.045        -0.013        -0.041
 C21            0.054         0.050         0.034        -0.007         0.098
 C22            0.152         0.151         0.153         0.152         0.121
 C23            0.209         0.137         0.182         0.112         0.101
 C24           -0.104        -0.113        -0.079        -0.128        -0.085


           Correlations
              Z0            C1            C2            C3            C4
              ________      ________      ________      ________      ________
 Z0             1.000
 C1            -0.019         1.000
 C2            -0.048         0.176         1.000
 C3            -0.070        -0.036         0.210         1.000
 C4            -0.003         0.002         0.018        -0.064         1.000
 C5             0.063         0.024        -0.105        -0.116        -0.378
 C6             0.079        -0.064        -0.130        -0.186         0.135
 C7             0.073        -0.061        -0.110        -0.198         0.092
 C8            -0.027        -0.010        -0.018        -0.012        -0.070
 C9            -0.054         0.014         0.060         0.120        -0.069
 C10            0.007        -0.018        -0.032        -0.020        -0.034
 C11            0.042         0.005        -0.017         0.075        -0.016
 C12           -0.053         0.078         0.060         0.006        -0.013
 C13           -0.062         0.204         0.390         0.375        -0.045
 C14            0.054        -0.013        -0.052        -0.087         0.014
 C15            0.089        -0.130        -0.120        -0.095        -0.001
 C16           -0.039         0.120         0.092         0.014         0.010
 C17           -0.084         0.189         0.071        -0.001         0.003
 C18           -0.099        -0.045        -0.042        -0.025         0.055
 C19            0.147         0.005        -0.024        -0.109         0.006
 C20           -0.081        -0.014        -0.012         0.102        -0.023
 C21            0.050        -0.068        -0.040        -0.021        -0.056
 C22            0.068        -0.032        -0.342        -0.488         0.017
 C23            0.032        -0.104        -0.055        -0.017        -0.036
 C24           -0.025         0.035         0.148         0.176        -0.031


           Correlations
              C5            C6            C7            C8            C9
              ________      ________      ________      ________      ________
 C5             1.000
 C6             0.061         1.000
 C7             0.096         0.663         1.000
 C8             0.023        -0.293        -0.171         1.000
 C9            -0.026        -0.120        -0.098        -0.148         1.000
 C10            0.072         0.027         0.036        -0.021        -0.019
 C11           -0.063         0.228         0.231        -0.003        -0.036
 C12            0.020        -0.008         0.003         0.025        -0.005
 C13           -0.140        -0.192        -0.176         0.042         0.124
 C14            0.175         0.020         0.078         0.038        -0.104
 C15            0.057         0.033         0.053         0.005        -0.031
 C16           -0.036        -0.001         0.000        -0.043         0.026
 C17           -0.023        -0.135        -0.103        -0.004         0.035
 C18           -0.066         0.032        -0.007         0.002        -0.012
 C19            0.079         0.113         0.119        -0.041        -0.050
 C20           -0.010        -0.096        -0.082         0.034         0.046
 C21            0.087         0.026         0.038        -0.022        -0.003
 C22            0.146         0.155         0.166        -0.025        -0.092
 C23            0.046         0.073         0.108         0.007        -0.010
 C24           -0.019        -0.127        -0.104         0.034         0.036


           Correlations
              C10           C11           C12           C13           C14
              ________      ________      ________      ________      ________
 C10            1.000
 C11            0.007         1.000
 C12           -0.009         0.010         1.000
 C13           -0.003         0.101         0.185         1.000
 C14            0.051        -0.019         0.006        -0.133         1.000
 C15            0.006         0.017        -0.105        -0.138         0.015
 C16           -0.001        -0.007         0.104         0.071         0.007
 C17            0.005        -0.203         0.041         0.063        -0.151
 C18           -0.014        -0.028        -0.001        -0.095        -0.031
 C19           -0.007        -0.016        -0.033        -0.120         0.094
 C20           -0.008        -0.008         0.030         0.035         0.005
 C21            0.046         0.066        -0.008        -0.031         0.191
 C22            0.034        -0.116        -0.102        -0.616         0.155
 C23            0.019         0.169        -0.040        -0.046         0.045
 C24            0.015        -0.007         0.135         0.330         0.327


           Correlations
              C15           C16           C17           C18           C19
              ________      ________      ________      ________      ________
 C15            1.000
 C16           -0.598         1.000
 C17           -0.045         0.043         1.000
 C18           -0.009        -0.016        -0.004         1.000
 C19            0.036        -0.030        -0.041        -0.264         1.000
 C20           -0.012         0.022         0.024         0.206        -0.109
 C21            0.020        -0.022        -0.126        -0.040         0.085
 C22            0.105        -0.019        -0.009         0.092         0.121
 C23            0.199        -0.137        -0.088        -0.006         0.021
 C24           -0.068         0.024         0.051         0.001        -0.016


           Correlations
              C20           C21           C22           C23           C24
              ________      ________      ________      ________      ________
 C20            1.000
 C21           -0.181         1.000
 C22           -0.051         0.032         1.000
 C23            0.053         0.086         0.008         1.000
 C24            0.048         0.026        -0.217        -0.019         1.000


     MAXIMUM LOG-LIKELIHOOD VALUE FOR THE UNRESTRICTED (H1) MODEL IS -90153.046


UNIVARIATE SAMPLE STATISTICS


     UNIVARIATE HIGHER-ORDER MOMENT DESCRIPTIVE STATISTICS

         Variable/         Mean/     Skewness/   Minimum/ % with                Percentiles
        Sample Size      Variance    Kurtosis    Maximum  Min/Max      20%/60%    40%/80%    Median

     X1                    0.000      -0.569      -4.383    0.46%      -0.859     -0.154     -0.154
            3274.000       1.000       0.684       1.256   26.79%      -0.154      1.256
     X2                    0.206      -0.630      -4.383    0.07%      -0.154     -0.154     -0.154
            3003.000       0.974      -0.076       1.256   36.10%       0.551      1.256
     X3                    0.190      -0.562      -2.973    0.58%      -0.154     -0.154     -0.154
            2248.000       0.816      -0.020       1.256   28.74%       0.551      1.256
     X4                    0.329      -0.829      -3.678    0.09%      -0.154     -0.154      0.551
            1097.000       0.951      -0.020       1.256   40.02%       1.021      1.256
     X5                    0.311      -0.863      -3.678    0.11%      -0.154     -0.154      0.551
             895.000       0.886       0.332       1.256   35.53%       0.786      1.256
     Y1                    0.000       0.890      -1.309    9.13%      -0.839     -0.370     -0.135
            3274.000       1.000       0.608       4.326    0.06%       0.100      0.804
     Y2                    0.018       0.922      -1.309   10.75%      -0.839     -0.370     -0.135
            3005.000       1.155       0.477       3.856    0.13%       0.100      0.804
     Y3                    0.047       0.953      -1.309    9.30%      -0.839     -0.370     -0.135
            2377.000       1.144       0.604       4.326    0.17%       0.100      0.804
     Y4                   -0.057       0.924      -1.309   12.31%      -1.074     -0.605     -0.135
            1194.000       1.068       0.559       4.091    0.08%       0.100      0.804
     Y5                    0.045       0.892      -1.309   11.25%      -0.839     -0.370     -0.135
             889.000       1.171       0.435       4.091    0.11%       0.100      0.804
     Z0                    0.000       2.931      -0.476   75.63%      -0.476     -0.476     -0.476
            3274.000       1.000      12.409       8.761    0.06%      -0.476      0.736
     C1                    0.496       0.016       0.000   50.40%       0.000      0.000      0.000
            3274.000       0.250      -2.000       1.000   49.60%       1.000      1.000
     C2                    0.195       1.536       0.000   80.45%       0.000      0.000      0.000
            3274.000       0.157       0.359       1.000   19.55%       0.000      0.000
     C3                    0.435       0.261       0.000   56.48%       0.000      0.000      0.000
            3274.000       0.246      -1.932       1.000   43.52%       1.000      1.000
     C4                    0.308       0.831       0.000   69.18%       0.000      0.000      0.000
            3274.000       0.213      -1.310       1.000   30.82%       0.000      1.000
     C5                    0.243       1.201       0.000   75.75%       0.000      0.000      0.000
            3274.000       0.184      -0.556       1.000   24.25%       0.000      1.000
     C6                    3.159       1.014       2.000   35.89%       2.000      3.000      3.000
            3274.000       1.375       0.837       9.000    0.06%       3.000      4.000
     C7                    7.142       1.325       0.000    1.59%       3.000      5.000      6.000
            3274.000      22.449       3.623      46.000    0.03%       7.000     11.000
     C8                    0.202       1.485       0.000   79.81%       0.000      0.000      0.000
            3274.000       0.161       0.206       1.000   20.19%       0.000      1.000
     C9                    0.079       3.111       0.000   92.06%       0.000      0.000      0.000
            3274.000       0.073       7.679       1.000    7.94%       0.000      0.000
     C10                   0.004      15.194       0.000   99.57%       0.000      0.000      0.000
            3274.000       0.004     228.861       1.000    0.43%       0.000      0.000
     C11                   0.108       2.534       0.000   89.25%       0.000      0.000      0.000
            3274.000       0.096       4.422       1.000   10.75%       0.000      0.000
     C12                   2.210       0.442       1.000   31.25%       1.000      2.000      2.000
            3274.000       1.054      -0.390       5.000    2.50%       3.000      3.000
     C13                   0.687       2.923       0.000   64.78%       0.000      0.000      0.000
            3274.000       1.541      19.975      18.864    0.03%       0.000      1.680
     C14                   0.539      -0.156       0.000   46.12%       0.000      0.000      1.000
            3274.000       0.248      -1.976       1.000   53.88%       1.000      1.000
     C15                   0.318       0.782       0.000   68.20%       0.000      0.000      0.000
            3274.000       0.217      -1.389       1.000   31.80%       0.000      1.000
     C16                   0.434       0.267       0.000   56.63%       0.000      0.000      0.000
            3274.000       0.246      -1.928       1.000   43.37%       1.000      1.000
     C17                   0.829      -1.744       0.000   17.14%       1.000      1.000      1.000
            3274.000       0.142       1.043       1.000   82.86%       1.000      1.000
     C18                   0.233       1.263       0.000   76.70%       0.000      0.000      0.000
            3274.000       0.179      -0.405       1.000   23.30%       0.000      1.000
     C19                   0.186       1.614       0.000   81.40%       0.000      0.000      0.000
            3274.000       0.151       0.605       1.000   18.60%       0.000      0.000
     C20                   0.109       2.509       0.000   89.10%       0.000      0.000      0.000
            3274.000       0.097       4.293       1.000   10.90%       0.000      0.000
     C21                   0.212       1.412       0.000   78.83%       0.000      0.000      0.000
            3274.000       0.167      -0.007       1.000   21.17%       0.000      1.000
     C22                   0.684      -0.791       0.000   31.61%       0.000      1.000      1.000
            3274.000       0.216      -1.374       1.000   68.39%       1.000      1.000
     C23                   0.291       4.402       0.000   86.65%       0.000      0.000      0.000
            3274.000       0.925      21.458       7.000    0.40%       0.000      0.000
     C24                   3.715       3.534       0.001    0.06%       0.535      1.860      2.539
            3274.000      17.918      24.714      59.912    0.03%       3.600      5.931


     VIF (VARIANCE INFLATION FACTOR) FOR EXPLORING MULTICOLLINEARITY OF INDEPENDENT VARIABLES

     Variable        VIF       Variable        VIF       Variable        VIF

     Z0             1.054      C1             1.155      C2             1.251
     C3             1.412      C4             1.241      C5             1.299
     C6             2.038      C7             1.873      C8             1.160
     C9             1.084      C10            1.013      C11            1.202
     C12            1.068      C13            2.053      C14            1.372
     C15            1.642      C16            1.585      C17            1.144
     C18            1.165      C19            1.148      C20            1.119
     C21            1.112      C22            1.939      C23            1.099
     C24            1.385


THE MODEL ESTIMATION TERMINATED NORMALLY



MODEL FIT INFORMATION

Number of Free Parameters                      134

Loglikelihood

          H0 Value                      -27653.558
          H0 Scaling Correction Factor      1.1885
            for MLR
          H1 Value                      -27518.642
          H1 Scaling Correction Factor      1.1151
            for MLR

Information Criteria

          Akaike (AIC)                   55575.116
          Bayesian (BIC)                 56391.681
          Sample-Size Adjusted BIC       55965.903
            (n* = (n + 2) / 24)

Chi-Square Test of Model Fit

          Value                            254.382*
          Degrees of Freedom                   181
          P-Value                           0.0003
          Scaling Correction Factor         1.0607
            for MLR

*   The chi-square value for MLM, MLMV, MLR, ULSMV, WLSM and WLSMV cannot be used
    for chi-square difference testing in the regular way.  MLM, MLR and WLSM
    chi-square difference testing is described on the Mplus website.  MLMV, WLSMV,
    and ULSMV difference testing is done using the DIFFTEST option.

RMSEA (Root Mean Square Error Of Approximation)

          Estimate                           0.011
          90 Percent C.I.                    0.008  0.014
          Probability RMSEA <= .05           1.000

CFI/TLI

          CFI                                0.984
          TLI                                0.975

Chi-Square Test of Model Fit for the Baseline Model

          Value                           5026.430
          Degrees of Freedom                   295
          P-Value                           0.0000

SRMR (Standardized Root Mean Square Residual)

          Value                              0.022



MODEL RESULTS

                                                    Two-Tailed
                    Estimate       S.E.  Est./S.E.    P-Value

 IX       |
    X1                 1.000      0.000    999.000    999.000
    X2                 1.000      0.000    999.000    999.000
    X3                 1.000      0.000    999.000    999.000
    X4                 1.000      0.000    999.000    999.000
    X5                 1.000      0.000    999.000    999.000

 SX       |
    X1                 0.000      0.000    999.000    999.000
    X2                 0.769      0.103      7.493      0.000
    X3                 0.665      0.120      5.557      0.000
    X4                 1.115      0.141      7.894      0.000
    X5                 1.000      0.000    999.000    999.000

 IY       |
    Y1                 1.000      0.000    999.000    999.000
    Y2                 1.000      0.000    999.000    999.000
    Y3                 1.000      0.000    999.000    999.000
    Y4                 1.000      0.000    999.000    999.000
    Y5                 1.000      0.000    999.000    999.000

 SY       |
    Y1                 0.000      0.000    999.000    999.000
    Y2                 0.400      0.000    999.000    999.000
    Y3                 0.600      0.000    999.000    999.000
    Y4                 0.800      0.000    999.000    999.000
    Y5                 1.000      0.000    999.000    999.000

 IY       ON
    IX                -0.362      0.171     -2.114      0.035

 SY       ON
    IX                 0.134      0.369      0.363      0.717
    SX                -0.335      0.672     -0.499      0.618
    IY                 0.428      0.308      1.388      0.165

 IY       ON
    C1                -0.220      0.038     -5.801      0.000
    C2                -0.062      0.040     -1.555      0.120
    C3                -0.175      0.040     -4.389      0.000
    C4                -0.062      0.039     -1.577      0.115
    C5                 0.242      0.047      5.151      0.000
    C6                -0.003      0.020     -0.127      0.899
    C7                 0.008      0.005      1.682      0.093
    C8                -0.045      0.064     -0.707      0.480
    C9                 0.100      0.065      1.533      0.125
    C10                0.015      0.199      0.078      0.938
    C11               -0.127      0.056     -2.268      0.023
    C12               -0.077      0.016     -4.676      0.000
    C13               -0.007      0.016     -0.452      0.651
    C14                0.092      0.037      2.453      0.014
    C15                0.480      0.043     11.143      0.000
    C16               -0.091      0.047     -1.930      0.054
    C17               -0.209      0.050     -4.191      0.000
    C18                0.038      0.052      0.740      0.459
    C19                0.064      0.044      1.469      0.142
    C20                0.094      0.067      1.401      0.161
    C21                0.034      0.048      0.700      0.484
    C22               -0.026      0.050     -0.521      0.603
    C23                0.129      0.022      5.761      0.000
    C24               -0.012      0.004     -2.998      0.003
    Z0                -0.007      0.047     -0.149      0.882

 SY       ON
    C1                 0.043      0.116      0.369      0.712
    C2                 0.010      0.083      0.123      0.902
    C3                 0.098      0.106      0.918      0.358
    C4                 0.196      0.124      1.580      0.114
    C5                -0.205      0.110     -1.858      0.063
    C6                 0.047      0.048      0.994      0.320
    C7                -0.017      0.010     -1.771      0.077
    C8                 0.054      0.156      0.348      0.728
    C9                -0.154      0.118     -1.300      0.194
    C10                0.204      0.336      0.606      0.545
    C11                0.267      0.131      2.037      0.042
    C12                0.073      0.044      1.682      0.093
    C13                0.024      0.040      0.614      0.539
    C14               -0.187      0.087     -2.140      0.032
    C15               -0.444      0.165     -2.693      0.007
    C16               -0.001      0.121     -0.010      0.992
    C17                0.266      0.118      2.253      0.024
    C18                0.027      0.153      0.173      0.862
    C19                0.066      0.105      0.631      0.528
    C20               -0.141      0.174     -0.812      0.417
    C21                0.010      0.119      0.084      0.933
    C22                0.166      0.147      1.125      0.261
    C23               -0.138      0.079     -1.753      0.080
    C24                0.010      0.010      1.045      0.296
    Z0                 0.034      0.092      0.373      0.710

 IX       ON
    C1                -0.141      0.030     -4.645      0.000
    C2                 0.085      0.046      1.842      0.065
    C3                -0.034      0.045     -0.751      0.453
    C4                -0.043      0.043     -0.997      0.319
    C5                -0.061      0.050     -1.214      0.225
    C6                 0.013      0.021      0.615      0.539
    C7                -0.001      0.005     -0.179      0.858
    C8                -0.257      0.053     -4.872      0.000
    C9                 0.079      0.066      1.196      0.232
    C10               -0.092      0.186     -0.492      0.623
    C11               -0.054      0.055     -0.974      0.330
    C12                0.011      0.017      0.658      0.511
    C13                0.041      0.021      2.004      0.045
    C14                0.016      0.043      0.376      0.707
    C15               -0.010      0.044     -0.226      0.821
    C16                0.179      0.043      4.154      0.000
    C17                0.073      0.050      1.437      0.151
    C18                0.208      0.044      4.704      0.000
    C19                0.053      0.044      1.208      0.227
    C20                0.246      0.058      4.216      0.000
    C21                0.159      0.042      3.755      0.000
    C22               -0.096      0.055     -1.752      0.080
    C23                0.025      0.017      1.446      0.148
    C24               -0.002      0.005     -0.357      0.721
    Z0                -0.109      0.075     -1.461      0.144

 SX       ON
    C1                 0.025      0.041      0.602      0.547
    C2                -0.014      0.060     -0.242      0.808
    C3                 0.040      0.060      0.674      0.500
    C4                 0.122      0.055      2.231      0.026
    C5                -0.021      0.067     -0.314      0.753
    C6                -0.031      0.029     -1.062      0.288
    C7                 0.000      0.007     -0.036      0.971
    C8                 0.062      0.069      0.904      0.366
    C9                 0.023      0.086      0.263      0.792
    C10               -0.113      0.323     -0.350      0.726
    C11               -0.010      0.082     -0.118      0.906
    C12                0.022      0.024      0.936      0.349
    C13               -0.021      0.024     -0.886      0.376
    C14               -0.030      0.055     -0.548      0.584
    C15                0.015      0.060      0.255      0.798
    C16               -0.066      0.058     -1.153      0.249
    C17                0.067      0.071      0.946      0.344
    C18               -0.101      0.059     -1.710      0.087
    C19               -0.054      0.061     -0.888      0.375
    C20               -0.085      0.072     -1.180      0.238
    C21               -0.058      0.057     -1.027      0.305
    C22                0.122      0.069      1.778      0.075
    C23               -0.059      0.028     -2.140      0.032
    C24                0.006      0.006      1.011      0.312
    Z0                -0.007      0.095     -0.076      0.940

 X1       ON
    Z0                -0.133      0.076     -1.755      0.079

 Y1       ON
    Z0                 0.062      0.045      1.367      0.171

 IX       WITH
    SX                 0.008      0.086      0.093      0.926

 SX       WITH
    IY                -0.021      0.041     -0.508      0.611

 X1       WITH
    Y1                -0.017      0.026     -0.644      0.520

 X2       WITH
    Y2                -0.068      0.017     -4.087      0.000

 X3       WITH
    Y3                -0.049      0.018     -2.800      0.005

 X4       WITH
    Y4                -0.049      0.030     -1.667      0.096

 X5       WITH
    Y5                -0.028      0.028     -1.010      0.313

 Intercepts
    X1                 0.000      0.000    999.000    999.000
    X2                 0.000      0.000    999.000    999.000
    X3                 0.000      0.000    999.000    999.000
    X4                 0.000      0.000    999.000    999.000
    X5                 0.000      0.000    999.000    999.000
    Y1                 0.000      0.000    999.000    999.000
    Y2                 0.000      0.000    999.000    999.000
    Y3                 0.000      0.000    999.000    999.000
    Y4                 0.000      0.000    999.000    999.000
    Y5                 0.000      0.000    999.000    999.000
    SX                 0.184      0.143      1.288      0.198
    IX                -0.132      0.110     -1.204      0.229
    IY                 0.288      0.101      2.858      0.004
    SY                -0.185      0.260     -0.709      0.478

 Residual Variances
    X1                 0.680      0.078      8.694      0.000
    X2                 0.657      0.026     24.958      0.000
    X3                 0.548      0.024     22.797      0.000
    X4                 0.529      0.059      8.992      0.000
    X5                 0.498      0.038     13.020      0.000
    Y1                 0.548      0.034     16.146      0.000
    Y2                 0.637      0.025     25.489      0.000
    Y3                 0.575      0.028     20.401      0.000
    Y4                 0.583      0.039     14.947      0.000
    Y5                 0.610      0.057     10.619      0.000
    SX                 0.104      0.106      0.984      0.325
    IX                 0.191      0.072      2.670      0.008
    IY                 0.203      0.034      5.920      0.000
    SY                 0.033      0.133      0.247      0.805


QUALITY OF NUMERICAL RESULTS

     Condition Number for the Information Matrix              0.159E-05
       (ratio of smallest to largest eigenvalue)


CONFIDENCE INTERVALS OF MODEL RESULTS

                  Lower .5%  Lower 2.5%    Lower 5%    Estimate    Upper 5%  Upper 2.5%   Upper .5%

 IX       |
    X1               1.000       1.000       1.000       1.000       1.000       1.000       1.000
    X2               1.000       1.000       1.000       1.000       1.000       1.000       1.000
    X3               1.000       1.000       1.000       1.000       1.000       1.000       1.000
    X4               1.000       1.000       1.000       1.000       1.000       1.000       1.000
    X5               1.000       1.000       1.000       1.000       1.000       1.000       1.000

 SX       |
    X1               0.000       0.000       0.000       0.000       0.000       0.000       0.000
    X2               0.505       0.568       0.600       0.769       0.938       0.970       1.033
    X3               0.357       0.430       0.468       0.665       0.861       0.899       0.973
    X4               0.751       0.838       0.883       1.115       1.348       1.392       1.479
    X5               1.000       1.000       1.000       1.000       1.000       1.000       1.000

 IY       |
    Y1               1.000       1.000       1.000       1.000       1.000       1.000       1.000
    Y2               1.000       1.000       1.000       1.000       1.000       1.000       1.000
    Y3               1.000       1.000       1.000       1.000       1.000       1.000       1.000
    Y4               1.000       1.000       1.000       1.000       1.000       1.000       1.000
    Y5               1.000       1.000       1.000       1.000       1.000       1.000       1.000

 SY       |
    Y1               0.000       0.000       0.000       0.000       0.000       0.000       0.000
    Y2               0.400       0.400       0.400       0.400       0.400       0.400       0.400
    Y3               0.600       0.600       0.600       0.600       0.600       0.600       0.600
    Y4               0.800       0.800       0.800       0.800       0.800       0.800       0.800
    Y5               1.000       1.000       1.000       1.000       1.000       1.000       1.000

 IY       ON
    IX              -0.802      -0.697      -0.643      -0.362      -0.080      -0.026       0.079

 SY       ON
    IX              -0.817      -0.589      -0.473       0.134       0.741       0.857       1.084
    SX              -2.065      -1.652      -1.440      -0.335       0.770       0.981       1.395
    IY              -0.366      -0.176      -0.079       0.428       0.936       1.033       1.223

 IY       ON
    C1              -0.317      -0.294      -0.282      -0.220      -0.157      -0.145      -0.122
    C2              -0.166      -0.141      -0.128      -0.062       0.004       0.016       0.041
    C3              -0.277      -0.253      -0.240      -0.175      -0.109      -0.097      -0.072
    C4              -0.164      -0.139      -0.127      -0.062       0.003       0.015       0.039
    C5               0.121       0.150       0.165       0.242       0.319       0.334       0.363
    C6              -0.053      -0.041      -0.035      -0.003       0.030       0.036       0.048
    C7              -0.004      -0.001       0.000       0.008       0.016       0.018       0.021
    C8              -0.209      -0.169      -0.149      -0.045       0.060       0.080       0.119
    C9              -0.068      -0.028      -0.007       0.100       0.207       0.228       0.268
    C10             -0.496      -0.374      -0.311       0.015       0.342       0.405       0.527
    C11             -0.272      -0.237      -0.220      -0.127      -0.035      -0.017       0.017
    C12             -0.119      -0.109      -0.104      -0.077      -0.050      -0.045      -0.034
    C13             -0.049      -0.039      -0.034      -0.007       0.019       0.024       0.034
    C14             -0.005       0.018       0.030       0.092       0.153       0.165       0.188
    C15              0.369       0.395       0.409       0.480       0.551       0.564       0.591
    C16             -0.213      -0.184      -0.169      -0.091      -0.013       0.001       0.031
    C17             -0.338      -0.307      -0.292      -0.209      -0.127      -0.111      -0.081
    C18             -0.095      -0.063      -0.047       0.038       0.124       0.140       0.172
    C19             -0.049      -0.022      -0.008       0.064       0.137       0.150       0.177
    C20             -0.079      -0.038      -0.016       0.094       0.205       0.226       0.268
    C21             -0.090      -0.061      -0.045       0.034       0.113       0.128       0.157
    C22             -0.154      -0.124      -0.108      -0.026       0.056       0.072       0.102
    C23              0.071       0.085       0.092       0.129       0.166       0.173       0.187
    C24             -0.022      -0.020      -0.018      -0.012      -0.005      -0.004      -0.002
    Z0              -0.128      -0.099      -0.084      -0.007       0.070       0.085       0.114

 SY       ON
    C1              -0.256      -0.185      -0.148       0.043       0.234       0.271       0.342
    C2              -0.203      -0.152      -0.126       0.010       0.146       0.172       0.223
    C3              -0.176      -0.111      -0.077       0.098       0.273       0.306       0.371
    C4              -0.123      -0.047      -0.008       0.196       0.399       0.438       0.514
    C5              -0.490      -0.422      -0.387      -0.205      -0.024       0.011       0.079
    C6              -0.075      -0.046      -0.031       0.047       0.126       0.141       0.170
    C7              -0.043      -0.037      -0.034      -0.017      -0.001       0.002       0.008
    C8              -0.348      -0.251      -0.202       0.054       0.311       0.360       0.456
    C9              -0.458      -0.385      -0.348      -0.154       0.041       0.078       0.151
    C10             -0.662      -0.455      -0.349       0.204       0.757       0.863       1.070
    C11             -0.071       0.010       0.051       0.267       0.482       0.523       0.604
    C12             -0.039      -0.012       0.002       0.073       0.145       0.159       0.186
    C13             -0.078      -0.053      -0.041       0.024       0.090       0.102       0.127
    C14             -0.413      -0.359      -0.331      -0.187      -0.043      -0.016       0.038
    C15             -0.869      -0.767      -0.715      -0.444      -0.173      -0.121      -0.019
    C16             -0.313      -0.238      -0.200      -0.001       0.198       0.236       0.310
    C17             -0.038       0.035       0.072       0.266       0.460       0.498       0.570
    C18             -0.368      -0.274      -0.225       0.027       0.278       0.327       0.421
    C19             -0.204      -0.139      -0.106       0.066       0.238       0.271       0.336
    C20             -0.589      -0.482      -0.427      -0.141       0.145       0.200       0.307
    C21             -0.296      -0.223      -0.185       0.010       0.205       0.243       0.316
    C22             -0.214      -0.123      -0.077       0.166       0.408       0.454       0.545
    C23             -0.341      -0.292      -0.267      -0.138      -0.008       0.016       0.065
    C24             -0.015      -0.009      -0.006       0.010       0.027       0.030       0.036
    Z0              -0.203      -0.146      -0.117       0.034       0.186       0.215       0.272

 IX       ON
    C1              -0.220      -0.201      -0.191      -0.141      -0.091      -0.082      -0.063
    C2              -0.034      -0.005       0.009       0.085       0.160       0.175       0.203
    C3              -0.151      -0.123      -0.109      -0.034       0.041       0.055       0.083
    C4              -0.154      -0.128      -0.114      -0.043       0.028       0.042       0.068
    C5              -0.190      -0.159      -0.143      -0.061       0.022       0.037       0.068
    C6              -0.040      -0.028      -0.021       0.013       0.046       0.053       0.065
    C7              -0.013      -0.010      -0.009      -0.001       0.007       0.009       0.011
    C8              -0.392      -0.360      -0.343      -0.257      -0.170      -0.153      -0.121
    C9              -0.092      -0.051      -0.030       0.079       0.189       0.210       0.251
    C10             -0.572      -0.457      -0.398      -0.092       0.215       0.274       0.388
    C11             -0.196      -0.162      -0.145      -0.054       0.037       0.055       0.089
    C12             -0.032      -0.022      -0.017       0.011       0.039       0.044       0.054
    C13             -0.012       0.001       0.007       0.041       0.075       0.081       0.094
    C14             -0.094      -0.068      -0.055       0.016       0.087       0.100       0.127
    C15             -0.124      -0.097      -0.083      -0.010       0.063       0.077       0.104
    C16              0.068       0.094       0.108       0.179       0.250       0.263       0.290
    C17             -0.058      -0.026      -0.011       0.073       0.156       0.172       0.203
    C18              0.094       0.121       0.135       0.208       0.281       0.294       0.322
    C19             -0.060      -0.033      -0.019       0.053       0.125       0.138       0.165
    C20              0.096       0.132       0.150       0.246       0.342       0.361       0.397
    C21              0.050       0.076       0.090       0.159       0.229       0.243       0.269
    C22             -0.237      -0.203      -0.186      -0.096      -0.006       0.011       0.045
    C23             -0.019      -0.009      -0.003       0.025       0.053       0.058       0.068
    C24             -0.014      -0.011      -0.009      -0.002       0.006       0.007       0.010
    Z0              -0.301      -0.255      -0.231      -0.109       0.014       0.037       0.083

 SX       ON
    C1              -0.082      -0.056      -0.043       0.025       0.093       0.106       0.131
    C2              -0.168      -0.132      -0.113      -0.014       0.084       0.103       0.139
    C3              -0.113      -0.077      -0.058       0.040       0.138       0.157       0.194
    C4              -0.019       0.015       0.032       0.122       0.212       0.229       0.262
    C5              -0.193      -0.152      -0.131      -0.021       0.089       0.110       0.151
    C6              -0.105      -0.087      -0.078      -0.031       0.017       0.026       0.044
    C7              -0.017      -0.013      -0.011       0.000       0.011       0.013       0.017
    C8              -0.115      -0.073      -0.051       0.062       0.176       0.197       0.240
    C9              -0.199      -0.146      -0.119       0.023       0.164       0.191       0.244
    C10             -0.946      -0.747      -0.645      -0.113       0.419       0.521       0.720
    C11             -0.220      -0.169      -0.144      -0.010       0.124       0.150       0.200
    C12             -0.039      -0.024      -0.017       0.022       0.061       0.068       0.083
    C13             -0.082      -0.067      -0.060      -0.021       0.018       0.025       0.040
    C14             -0.173      -0.139      -0.122      -0.030       0.061       0.078       0.112
    C15             -0.140      -0.103      -0.084       0.015       0.115       0.134       0.171
    C16             -0.215      -0.180      -0.161      -0.066       0.028       0.047       0.082
    C17             -0.116      -0.072      -0.050       0.067       0.184       0.207       0.250
    C18             -0.252      -0.216      -0.197      -0.101      -0.004       0.015       0.051
    C19             -0.211      -0.173      -0.154      -0.054       0.046       0.065       0.103
    C20             -0.271      -0.227      -0.204      -0.085       0.034       0.056       0.101
    C21             -0.205      -0.170      -0.152      -0.058       0.035       0.053       0.088
    C22             -0.055      -0.013       0.009       0.122       0.235       0.257       0.299
    C23             -0.130      -0.113      -0.105      -0.059      -0.014      -0.005       0.012
    C24             -0.010      -0.006      -0.004       0.006       0.017       0.018       0.022
    Z0              -0.252      -0.194      -0.164      -0.007       0.149       0.179       0.238

 X1       ON
    Z0              -0.329      -0.283      -0.259      -0.133      -0.008       0.016       0.062

 Y1       ON
    Z0              -0.055      -0.027      -0.013       0.062       0.137       0.151       0.179

 IX       WITH
    SX              -0.214      -0.161      -0.134       0.008       0.150       0.177       0.230

 SX       WITH
    IY              -0.126      -0.101      -0.088      -0.021       0.047       0.059       0.085

 X1       WITH
    Y1              -0.085      -0.069      -0.061      -0.017       0.027       0.035       0.051

 X2       WITH
    Y2              -0.111      -0.100      -0.095      -0.068      -0.041      -0.035      -0.025

 X3       WITH
    Y3              -0.094      -0.083      -0.078      -0.049      -0.020      -0.015      -0.004

 X4       WITH
    Y4              -0.126      -0.108      -0.098      -0.049      -0.001       0.009       0.027

 X5       WITH
    Y5              -0.101      -0.084      -0.075      -0.028       0.018       0.027       0.044

 Intercepts
    X1               0.000       0.000       0.000       0.000       0.000       0.000       0.000
    X2               0.000       0.000       0.000       0.000       0.000       0.000       0.000
    X3               0.000       0.000       0.000       0.000       0.000       0.000       0.000
    X4               0.000       0.000       0.000       0.000       0.000       0.000       0.000
    X5               0.000       0.000       0.000       0.000       0.000       0.000       0.000
    Y1               0.000       0.000       0.000       0.000       0.000       0.000       0.000
    Y2               0.000       0.000       0.000       0.000       0.000       0.000       0.000
    Y3               0.000       0.000       0.000       0.000       0.000       0.000       0.000
    Y4               0.000       0.000       0.000       0.000       0.000       0.000       0.000
    Y5               0.000       0.000       0.000       0.000       0.000       0.000       0.000
    SX              -0.184      -0.096      -0.051       0.184       0.420       0.465       0.553
    IX              -0.415      -0.347      -0.312      -0.132       0.048       0.083       0.150
    IY               0.028       0.090       0.122       0.288       0.454       0.486       0.548
    SY              -0.855      -0.695      -0.613      -0.185       0.243       0.325       0.486

 Residual Variances
    X1               0.478       0.526       0.551       0.680       0.808       0.833       0.881
    X2               0.589       0.606       0.614       0.657       0.701       0.709       0.725
    X3               0.486       0.501       0.508       0.548       0.587       0.595       0.610
    X4               0.378       0.414       0.433       0.529       0.626       0.645       0.681
    X5               0.399       0.423       0.435       0.498       0.561       0.573       0.596
    Y1               0.461       0.482       0.493       0.548       0.604       0.615       0.636
    Y2               0.572       0.588       0.596       0.637       0.678       0.686       0.701
    Y3               0.502       0.520       0.529       0.575       0.621       0.630       0.648
    Y4               0.483       0.507       0.519       0.583       0.648       0.660       0.684
    Y5               0.462       0.497       0.515       0.610       0.704       0.722       0.757
    SX              -0.168      -0.103      -0.070       0.104       0.278       0.312       0.377
    IX               0.007       0.051       0.073       0.191       0.309       0.331       0.376
    IY               0.115       0.136       0.147       0.203       0.259       0.270       0.291
    SY              -0.310      -0.228      -0.186       0.033       0.252       0.293       0.375


MODEL COMMAND WITH FINAL ESTIMATES USED AS STARTING VALUES

     ix sx | x1@0 x2*0.4 x3*0.6 x4*0.8 x5@1;
     iy sy | y1@0 y2@0.4 y3@0.6 y4@0.8 y5@1;

     sx BY x2*0.76907;
     sx BY x3*0.66472;
     sx BY x4*1.11515;

     iy ON c1*-0.21950;
     iy ON c2*-0.06240;
     iy ON c3*-0.17464;
     iy ON c4*-0.06215;
     iy ON c5*0.24179;
     iy ON c6*-0.00250;
     iy ON c7*0.00822;
     iy ON c8*-0.04492;
     iy ON c9*0.10006;
     iy ON c10*0.01550;
     iy ON c11*-0.12736;
     iy ON c12*-0.07666;
     iy ON c13*-0.00731;
     iy ON c14*0.09159;
     iy ON c15*0.47983;
     iy ON c16*-0.09127;
     iy ON c17*-0.20939;
     iy ON c18*0.03847;
     iy ON c19*0.06441;
     iy ON c20*0.09433;
     iy ON c21*0.03365;
     iy ON c22*-0.02594;
     iy ON c23*0.12915;
     iy ON c24*-0.01182;
     iy ON z0*-0.00698;
     sy ON c1*0.04294;
     sy ON c2*0.01021;
     sy ON c3*0.09765;
     sy ON c4*0.19559;
     sy ON c5*-0.20523;
     sy ON c6*0.04735;
     sy ON c7*-0.01749;
     sy ON c8*0.05427;
     sy ON c9*-0.15367;
     sy ON c10*0.20364;
     sy ON c11*0.26672;
     sy ON c12*0.07328;
     sy ON c13*0.02436;
     sy ON c14*-0.18726;
     sy ON c15*-0.44402;
     sy ON c16*-0.00115;
     sy ON c17*0.26615;
     sy ON c18*0.02655;
     sy ON c19*0.06603;
     sy ON c20*-0.14129;
     sy ON c21*0.01002;
     sy ON c22*0.16560;
     sy ON c23*-0.13791;
     sy ON c24*0.01030;
     sy ON z0*0.03433;
     ix ON c1*-0.14124;
     ix ON c2*0.08470;
     ix ON c3*-0.03411;
     ix ON c4*-0.04301;
     ix ON c5*-0.06090;
     ix ON c6*0.01262;
     ix ON c7*-0.00086;
     ix ON c8*-0.25657;
     ix ON c9*0.07944;
     ix ON c10*-0.09172;
     ix ON c11*-0.05391;
     ix ON c12*0.01106;
     ix ON c13*0.04112;
     ix ON c14*0.01615;
     ix ON c15*-0.01004;
     ix ON c16*0.17889;
     ix ON c17*0.07255;
     ix ON c18*0.20786;
     ix ON c19*0.05281;
     ix ON c20*0.24613;
     ix ON c21*0.15938;
     ix ON c22*-0.09596;
     ix ON c23*0.02460;
     ix ON c24*-0.00166;
     ix ON z0*-0.10890;
     sx ON c1*0.02489;
     sx ON c2*-0.01449;
     sx ON c3*0.04016;
     sx ON c4*0.12178;
     sx ON c5*-0.02099;
     sx ON c6*-0.03061;
     sx ON c7*-0.00024;
     sx ON c8*0.06228;
     sx ON c9*0.02263;
     sx ON c10*-0.11316;
     sx ON c11*-0.00966;
     sx ON c12*0.02212;
     sx ON c13*-0.02089;
     sx ON c14*-0.03040;
     sx ON c15*0.01542;
     sx ON c16*-0.06650;
     sx ON c17*0.06722;
     sx ON c18*-0.10052;
     sx ON c19*-0.05402;
     sx ON c20*-0.08521;
     sx ON c21*-0.05840;
     sx ON c22*0.12220;
     sx ON c23*-0.05910;
     sx ON c24*0.00628;
     sx ON z0*-0.00722;
     iy ON ix*-0.36165;
     sy ON ix*0.13390;
     sy ON sx*-0.33509;
     sy ON iy*0.42818;
     x1 ON z0*-0.13347;
     y1 ON z0*0.06203;

     x1 WITH y1*-0.01705;
     x2 WITH y2*-0.06784;
     x3 WITH y3*-0.04909;
     x4 WITH y4*-0.04944;
     x5 WITH y5*-0.02846;
     ix WITH sx*0.00801;
     sx WITH iy*-0.02079;

     [ x1@0 ];
     [ x2@0 ];
     [ x3@0 ];
     [ x4@0 ];
     [ x5@0 ];
     [ y1@0 ];
     [ y2@0 ];
     [ y3@0 ];
     [ y4@0 ];
     [ y5@0 ];
     [ sx*0.18423 ];
     [ ix*-0.13205 ];
     [ iy*0.28805 ];
     [ sy*-0.18460 ];

     x1*0.67956;
     x2*0.65721;
     x3*0.54782;
     x4*0.52945;
     x5*0.49769;
     y1*0.54838;
     y2*0.63678;
     y3*0.57499;
     y4*0.58341;
     y5*0.60957;
     sx*0.10414;
     ix*0.19115;
     iy*0.20295;
     sy*0.03287;



RESIDUAL OUTPUT


     ESTIMATED MODEL AND RESIDUALS (OBSERVED - ESTIMATED)


           Model Estimated Means
              X1            X2            X3            X4            X5
              ________      ________      ________      ________      ________
                0.004         0.190         0.165         0.274         0.246


           Model Estimated Means
              Y1            Y2            Y3            Y4            Y5
              ________      ________      ________      ________      ________
               -0.006         0.048         0.075         0.101         0.128


           Model Estimated Means
              Z0            C1            C2            C3            C4
              ________      ________      ________      ________      ________
                0.000         0.496         0.195         0.435         0.308


           Model Estimated Means
              C5            C6            C7            C8            C9
              ________      ________      ________      ________      ________
                0.243         3.159         7.142         0.202         0.079


           Model Estimated Means
              C10           C11           C12           C13           C14
              ________      ________      ________      ________      ________
                0.004         0.108         2.210         0.687         0.539


           Model Estimated Means
              C15           C16           C17           C18           C19
              ________      ________      ________      ________      ________
                0.318         0.434         0.829         0.233         0.186


           Model Estimated Means
              C20           C21           C22           C23           C24
              ________      ________      ________      ________      ________
                0.109         0.212         0.684         0.291         3.715


           Residuals for Means
              X1            X2            X3            X4            X5
              ________      ________      ________      ________      ________
               -0.004         0.012         0.001        -0.026        -0.004


           Residuals for Means
              Y1            Y2            Y3            Y4            Y5
              ________      ________      ________      ________      ________
                0.006        -0.021         0.030        -0.068         0.047


           Residuals for Means
              Z0            C1            C2            C3            C4
              ________      ________      ________      ________      ________
                0.000         0.000         0.000         0.000         0.000


           Residuals for Means
              C5            C6            C7            C8            C9
              ________      ________      ________      ________      ________
                0.000         0.000         0.000         0.000         0.000


           Residuals for Means
              C10           C11           C12           C13           C14
              ________      ________      ________      ________      ________
                0.000         0.000         0.000         0.000         0.000


           Residuals for Means
              C15           C16           C17           C18           C19
              ________      ________      ________      ________      ________
                0.000         0.000         0.000         0.000         0.000


           Residuals for Means
              C20           C21           C22           C23           C24
              ________      ________      ________      ________      ________
                0.000         0.000         0.000         0.000         0.000


           Standardized Residuals (z-scores) for Means
              X1            X2            X3            X4            X5
              ________      ________      ________      ________      ________
              999.000       999.000       999.000        -1.851        -0.177


           Standardized Residuals (z-scores) for Means
              Y1            Y2            Y3            Y4            Y5
              ________      ________      ________      ________      ________
                1.161        -1.519         2.018        -2.671         1.380


           Standardized Residuals (z-scores) for Means
              Z0            C1            C2            C3            C4
              ________      ________      ________      ________      ________
                0.000         0.000         0.000         0.000         0.000


           Standardized Residuals (z-scores) for Means
              C5            C6            C7            C8            C9
              ________      ________      ________      ________      ________
                0.000         0.000         0.000         0.000         0.000


           Standardized Residuals (z-scores) for Means
              C10           C11           C12           C13           C14
              ________      ________      ________      ________      ________
                0.000         0.000         0.000         0.000         0.000


           Standardized Residuals (z-scores) for Means
              C15           C16           C17           C18           C19
              ________      ________      ________      ________      ________
                0.000         0.000         0.000         0.000         0.000


           Standardized Residuals (z-scores) for Means
              C20           C21           C22           C23           C24
              ________      ________      ________      ________      ________
                0.000         0.000         0.000         0.000         0.000


           Normalized Residuals for Means
              X1            X2            X3            X4            X5
              ________      ________      ________      ________      ________
               -0.189         0.624         0.032        -0.801        -0.121


           Normalized Residuals for Means
              Y1            Y2            Y3            Y4            Y5
              ________      ________      ________      ________      ________
                0.324        -0.993         1.316        -2.069         1.115


           Normalized Residuals for Means
              Z0            C1            C2            C3            C4
              ________      ________      ________      ________      ________
                0.000         0.000         0.000         0.000         0.000


           Normalized Residuals for Means
              C5            C6            C7            C8            C9
              ________      ________      ________      ________      ________
                0.000         0.000         0.000         0.000         0.000


           Normalized Residuals for Means
              C10           C11           C12           C13           C14
              ________      ________      ________      ________      ________
                0.000         0.000         0.000         0.000         0.000


           Normalized Residuals for Means
              C15           C16           C17           C18           C19
              ________      ________      ________      ________      ________
                0.000         0.000         0.000         0.000         0.000


           Normalized Residuals for Means
              C20           C21           C22           C23           C24
              ________      ________      ________      ________      ________
                0.000         0.000         0.000         0.000         0.000


           Model Estimated Covariances
              X1            X2            X3            X4            X5
              ________      ________      ________      ________      ________
 X1             0.990
 X2             0.270         0.975
 X3             0.271         0.309         0.849
 X4             0.268         0.347         0.334         0.921
 X5             0.268         0.338         0.326         0.377         0.862
 Y1            -0.162        -0.151        -0.147        -0.164        -0.159
 Y2            -0.131        -0.223        -0.150        -0.172        -0.167
 Y3            -0.132        -0.161        -0.204        -0.181        -0.174
 Y4            -0.133        -0.167        -0.160        -0.239        -0.182
 Y5            -0.134        -0.173        -0.166        -0.198        -0.219
 Z0            -0.261        -0.136        -0.135        -0.140        -0.139
 C1            -0.021        -0.015        -0.016        -0.012        -0.013
 C2             0.028         0.022         0.022         0.020         0.021
 C3             0.028         0.021         0.021         0.020         0.020
 C4            -0.001         0.017         0.015         0.026         0.023
 C5            -0.023        -0.028        -0.027        -0.032        -0.031
 C6            -0.003        -0.029        -0.024        -0.046        -0.040
 C7            -0.087        -0.151        -0.136        -0.200        -0.184
 C8            -0.041        -0.033        -0.034        -0.029        -0.030
 C9             0.017         0.015         0.015         0.016         0.016
 C10            0.000        -0.001        -0.001        -0.001        -0.001
 C11           -0.005        -0.011        -0.010        -0.015        -0.014
 C12            0.043         0.048         0.046         0.054         0.052
 C13            0.101         0.068         0.071         0.058         0.062
 C14           -0.011        -0.011        -0.010        -0.013        -0.012
 C15           -0.039        -0.029        -0.029        -0.026        -0.027
 C16            0.051         0.039         0.040         0.034         0.036
 C17            0.014         0.022         0.021         0.028         0.026
 C18            0.047         0.032         0.033         0.028         0.029
 C19           -0.020        -0.016        -0.016        -0.018        -0.017
 C20            0.033         0.023         0.023         0.020         0.021
 C21            0.015         0.007         0.008         0.002         0.004
 C22           -0.040        -0.021        -0.023        -0.014        -0.016
 C23            0.009        -0.035        -0.028        -0.056        -0.049
 C24            0.147         0.168         0.163         0.183         0.178


           Model Estimated Covariances
              Y1            Y2            Y3            Y4            Y5
              ________      ________      ________      ________      ________
 Y1             1.016
 Y2             0.470         1.133
 Y3             0.476         0.513         1.110
 Y4             0.482         0.529         0.557         1.168
 Y5             0.488         0.546         0.579         0.612         1.254
 Z0             0.158         0.105         0.110         0.115         0.120
 C1            -0.085        -0.083        -0.082        -0.082        -0.081
 C2            -0.063        -0.061        -0.060        -0.059        -0.059
 C3            -0.080        -0.077        -0.077        -0.076        -0.076
 C4            -0.028        -0.014        -0.006         0.001         0.008
 C5             0.077         0.061         0.055         0.048         0.041
 C6             0.096         0.110         0.119         0.129         0.138
 C7             0.530         0.483         0.471         0.458         0.446
 C8             0.007         0.007         0.006         0.006         0.005
 C9            -0.008        -0.010        -0.012        -0.014        -0.016
 C10            0.001         0.002         0.002         0.002         0.002
 C11            0.000         0.005         0.008         0.011         0.014
 C12           -0.150        -0.129        -0.120        -0.111        -0.102
 C13           -0.251        -0.232        -0.225        -0.218        -0.210
 C14            0.045         0.029         0.022         0.014         0.007
 C15            0.165         0.140         0.129         0.118         0.107
 C16           -0.132        -0.118        -0.111        -0.105        -0.098
 C17           -0.057        -0.047        -0.043        -0.039        -0.035
 C18           -0.012        -0.006        -0.004        -0.002         0.000
 C19            0.032         0.033         0.035         0.038         0.040
 C20           -0.007        -0.010        -0.012        -0.014        -0.016
 C21            0.021         0.019         0.019         0.019         0.019
 C22            0.073         0.072         0.073         0.074         0.074
 C23            0.197         0.164         0.148         0.132         0.117
 C24           -0.452        -0.446        -0.447        -0.447        -0.447


           Model Estimated Covariances
              Z0            C1            C2            C3            C4
              ________      ________      ________      ________      ________
 Z0             1.000
 C1            -0.010         0.250
 C2            -0.019         0.035         0.157
 C3            -0.035        -0.009         0.041         0.246
 C4            -0.001         0.000         0.003        -0.015         0.213
 C5             0.027         0.005        -0.018        -0.025        -0.075
 C6             0.093        -0.038        -0.060        -0.108         0.073
 C7             0.345        -0.144        -0.206        -0.466         0.201
 C8            -0.011        -0.002        -0.003        -0.002        -0.013
 C9            -0.015         0.002         0.006         0.016        -0.009
 C10            0.000        -0.001        -0.001        -0.001        -0.001
 C11            0.013         0.001        -0.002         0.012        -0.002
 C12           -0.055         0.040         0.024         0.003        -0.006
 C13           -0.077         0.126         0.192         0.231        -0.026
 C14            0.027        -0.003        -0.010        -0.022         0.003
 C15            0.041        -0.030        -0.022        -0.022         0.000
 C16           -0.019         0.030         0.018         0.003         0.002
 C17           -0.032         0.036         0.011         0.000         0.001
 C18           -0.042        -0.010        -0.007        -0.005         0.011
 C19            0.057         0.001        -0.004        -0.021         0.001
 C20           -0.025        -0.002        -0.001         0.016        -0.003
 C21            0.021        -0.014        -0.007        -0.004        -0.011
 C22            0.032        -0.008        -0.063        -0.113         0.004
 C23            0.031        -0.050        -0.021        -0.008        -0.016
 C24           -0.106         0.073         0.248         0.369        -0.061


           Model Estimated Covariances
              C5            C6            C7            C8            C9
              ________      ________      ________      ________      ________
 C5             0.184
 C6             0.031         1.375
 C7             0.194         3.684        22.449
 C8             0.004        -0.138        -0.326         0.161
 C9            -0.003        -0.038        -0.126        -0.016         0.073
 C10            0.002         0.002         0.011        -0.001         0.000
 C11           -0.008         0.083         0.338         0.000        -0.003
 C12            0.009        -0.009         0.013         0.010        -0.001
 C13           -0.075        -0.279        -1.035         0.021         0.042
 C14            0.037         0.012         0.183         0.008        -0.014
 C15            0.011         0.018         0.117         0.001        -0.004
 C16           -0.008         0.000        -0.001        -0.008         0.003
 C17           -0.004        -0.060        -0.183        -0.001         0.004
 C18           -0.012         0.016        -0.013         0.000        -0.001
 C19            0.013         0.052         0.219        -0.006        -0.005
 C20           -0.001        -0.035        -0.121         0.004         0.004
 C21            0.015         0.013         0.074        -0.004         0.000
 C22            0.029         0.085         0.366        -0.005        -0.012
 C23            0.019         0.082         0.491         0.003        -0.003
 C24           -0.035        -0.632        -2.092         0.058         0.041


           Model Estimated Covariances
              C10           C11           C12           C13           C14
              ________      ________      ________      ________      ________
 C10            0.004
 C11            0.000         0.096
 C12           -0.001         0.003         1.054
 C13            0.000         0.039         0.236         1.541
 C14            0.002        -0.003         0.003        -0.083         0.248
 C15            0.000         0.002        -0.050        -0.080         0.003
 C16            0.000        -0.001         0.053         0.044         0.002
 C17            0.000        -0.024         0.016         0.029        -0.028
 C18            0.000        -0.004         0.000        -0.050        -0.006
 C19            0.000        -0.002        -0.013        -0.058         0.018
 C20            0.000        -0.001         0.010         0.014         0.001
 C21            0.001         0.008        -0.003        -0.016         0.039
 C22            0.001        -0.017        -0.049        -0.356         0.036
 C23            0.001         0.050        -0.040        -0.055         0.021
 C24            0.004        -0.010         0.586         1.733         0.691


           Model Estimated Covariances
              C15           C16           C17           C18           C19
              ________      ________      ________      ________      ________
 C15            0.217
 C16           -0.138         0.246
 C17           -0.008         0.008         0.142
 C18           -0.002        -0.003        -0.001         0.179
 C19            0.007        -0.006        -0.006        -0.043         0.151
 C20           -0.002         0.003         0.003         0.027        -0.013
 C21            0.004        -0.004        -0.019        -0.007         0.013
 C22            0.023        -0.004        -0.002         0.018         0.022
 C23            0.089        -0.065        -0.032        -0.003         0.008
 C24           -0.133         0.050         0.082         0.002        -0.026


           Model Estimated Covariances
              C20           C21           C22           C23           C24
              ________      ________      ________      ________      ________
 C20            0.097
 C21           -0.023         0.167
 C22           -0.007         0.006         0.216
 C23            0.016         0.034         0.004         0.925
 C24            0.063         0.045        -0.427        -0.077        17.918


           Model Estimated Correlations
              X1            X2            X3            X4            X5
              ________      ________      ________      ________      ________
 X1             1.000
 X2             0.275         1.000
 X3             0.295         0.339         1.000
 X4             0.280         0.367         0.378         1.000
 X5             0.291         0.368         0.381         0.423         1.000
 Y1            -0.161        -0.152        -0.159        -0.169        -0.170
 Y2            -0.123        -0.212        -0.153        -0.169        -0.169
 Y3            -0.126        -0.155        -0.210        -0.179        -0.178
 Y4            -0.123        -0.157        -0.161        -0.231        -0.182
 Y5            -0.120        -0.157        -0.161        -0.185        -0.210
 Z0            -0.263        -0.138        -0.147        -0.146        -0.149
 C1            -0.043        -0.031        -0.036        -0.025        -0.029
 C2             0.070         0.056         0.061         0.053         0.056
 C3             0.057         0.043         0.047         0.042         0.044
 C4            -0.003         0.038         0.035         0.059         0.054
 C5            -0.054        -0.067        -0.068        -0.078        -0.078
 C6            -0.003        -0.025        -0.022        -0.041        -0.037
 C7            -0.018        -0.032        -0.031        -0.044        -0.042
 C8            -0.102        -0.083        -0.092        -0.074        -0.081
 C9             0.064         0.058         0.062         0.060         0.062
 C10           -0.006        -0.015        -0.014        -0.019        -0.018
 C11           -0.016        -0.037        -0.036        -0.050        -0.048
 C12            0.042         0.047         0.049         0.054         0.054
 C13            0.082         0.056         0.062         0.049         0.054
 C14           -0.022        -0.022        -0.023        -0.026        -0.026
 C15           -0.084        -0.062        -0.068        -0.059        -0.063
 C16            0.103         0.079         0.087         0.072         0.077
 C17            0.037         0.060         0.059         0.077         0.074
 C18            0.113         0.077         0.086         0.068         0.074
 C19           -0.053        -0.042        -0.044        -0.047        -0.048
 C20            0.105         0.073         0.082         0.065         0.071
 C21            0.036         0.017         0.022         0.005         0.010
 C22           -0.086        -0.045        -0.053        -0.032        -0.038
 C23            0.009        -0.036        -0.032        -0.061        -0.055
 C24            0.035         0.040         0.042         0.045         0.045


           Model Estimated Correlations
              Y1            Y2            Y3            Y4            Y5
              ________      ________      ________      ________      ________
 Y1             1.000
 Y2             0.438         1.000
 Y3             0.448         0.457         1.000
 Y4             0.442         0.460         0.489         1.000
 Y5             0.432         0.458         0.491         0.506         1.000
 Z0             0.156         0.099         0.104         0.106         0.107
 C1            -0.168        -0.156        -0.156        -0.151        -0.145
 C2            -0.159        -0.144        -0.144        -0.139        -0.132
 C3            -0.160        -0.146        -0.147        -0.143        -0.137
 C4            -0.061        -0.028        -0.013         0.002         0.016
 C5             0.178         0.135         0.121         0.103         0.085
 C6             0.082         0.088         0.097         0.102         0.105
 C7             0.111         0.096         0.094         0.089         0.084
 C8             0.017         0.016         0.015         0.013         0.011
 C9            -0.028        -0.036        -0.043        -0.048        -0.053
 C10            0.022         0.024         0.026         0.027         0.028
 C11            0.002         0.016         0.025         0.033         0.040
 C12           -0.145        -0.118        -0.111        -0.100        -0.089
 C13           -0.201        -0.176        -0.172        -0.162        -0.151
 C14            0.089         0.054         0.041         0.027         0.013
 C15            0.352         0.283         0.264         0.235         0.206
 C16           -0.264        -0.223        -0.213        -0.196        -0.177
 C17           -0.149        -0.117        -0.108        -0.095        -0.083
 C18           -0.029        -0.013        -0.009        -0.004         0.000
 C19            0.083         0.080         0.086         0.089         0.091
 C20           -0.023        -0.029        -0.036        -0.041        -0.045
 C21            0.051         0.045         0.045         0.043         0.041
 C22            0.157         0.146         0.149         0.146         0.142
 C23            0.204         0.160         0.146         0.127         0.108
 C24           -0.106        -0.099        -0.100        -0.098        -0.094


           Model Estimated Correlations
              Z0            C1            C2            C3            C4
              ________      ________      ________      ________      ________
 Z0             1.000
 C1            -0.019         1.000
 C2            -0.048         0.176         1.000
 C3            -0.070        -0.036         0.210         1.000
 C4            -0.003         0.002         0.018        -0.064         1.000
 C5             0.063         0.024        -0.105        -0.116        -0.378
 C6             0.079        -0.064        -0.130        -0.186         0.135
 C7             0.073        -0.061        -0.110        -0.198         0.092
 C8            -0.027        -0.010        -0.018        -0.012        -0.070
 C9            -0.054         0.014         0.060         0.120        -0.069
 C10            0.007        -0.018        -0.032        -0.020        -0.034
 C11            0.042         0.005        -0.017         0.075        -0.016
 C12           -0.053         0.078         0.060         0.006        -0.013
 C13           -0.062         0.204         0.390         0.375        -0.045
 C14            0.054        -0.013        -0.052        -0.087         0.014
 C15            0.089        -0.130        -0.120        -0.095        -0.001
 C16           -0.039         0.120         0.092         0.014         0.010
 C17           -0.084         0.189         0.071        -0.001         0.003
 C18           -0.099        -0.045        -0.042        -0.025         0.055
 C19            0.147         0.005        -0.024        -0.109         0.006
 C20           -0.081        -0.014        -0.012         0.102        -0.023
 C21            0.050        -0.068        -0.040        -0.021        -0.056
 C22            0.068        -0.032        -0.342        -0.488         0.017
 C23            0.032        -0.104        -0.055        -0.017        -0.036
 C24           -0.025         0.035         0.148         0.176        -0.031


           Model Estimated Correlations
              C5            C6            C7            C8            C9
              ________      ________      ________      ________      ________
 C5             1.000
 C6             0.061         1.000
 C7             0.096         0.663         1.000
 C8             0.023        -0.293        -0.171         1.000
 C9            -0.026        -0.120        -0.098        -0.148         1.000
 C10            0.072         0.027         0.036        -0.021        -0.019
 C11           -0.063         0.228         0.231        -0.003        -0.036
 C12            0.020        -0.008         0.003         0.025        -0.005
 C13           -0.140        -0.192        -0.176         0.042         0.124
 C14            0.175         0.020         0.078         0.038        -0.104
 C15            0.057         0.033         0.053         0.005        -0.031
 C16           -0.036        -0.001         0.000        -0.043         0.026
 C17           -0.023        -0.135        -0.103        -0.004         0.035
 C18           -0.066         0.032        -0.007         0.002        -0.012
 C19            0.079         0.113         0.119        -0.041        -0.050
 C20           -0.010        -0.096        -0.082         0.034         0.046
 C21            0.087         0.026         0.038        -0.022        -0.003
 C22            0.146         0.155         0.166        -0.025        -0.092
 C23            0.046         0.073         0.108         0.007        -0.010
 C24           -0.019        -0.127        -0.104         0.034         0.036


           Model Estimated Correlations
              C10           C11           C12           C13           C14
              ________      ________      ________      ________      ________
 C10            1.000
 C11            0.007         1.000
 C12           -0.009         0.010         1.000
 C13           -0.003         0.101         0.185         1.000
 C14            0.051        -0.019         0.006        -0.133         1.000
 C15            0.006         0.017        -0.105        -0.138         0.015
 C16           -0.001        -0.007         0.104         0.071         0.007
 C17            0.005        -0.203         0.041         0.063        -0.151
 C18           -0.014        -0.028        -0.001        -0.095        -0.031
 C19           -0.007        -0.016        -0.033        -0.120         0.094
 C20           -0.008        -0.008         0.030         0.035         0.005
 C21            0.046         0.066        -0.008        -0.031         0.191
 C22            0.034        -0.116        -0.102        -0.616         0.155
 C23            0.019         0.169        -0.040        -0.046         0.045
 C24            0.015        -0.007         0.135         0.330         0.327


           Model Estimated Correlations
              C15           C16           C17           C18           C19
              ________      ________      ________      ________      ________
 C15            1.000
 C16           -0.598         1.000
 C17           -0.045         0.043         1.000
 C18           -0.009        -0.016        -0.004         1.000
 C19            0.036        -0.030        -0.041        -0.264         1.000
 C20           -0.012         0.022         0.024         0.206        -0.109
 C21            0.020        -0.022        -0.126        -0.040         0.085
 C22            0.105        -0.019        -0.009         0.092         0.121
 C23            0.199        -0.137        -0.088        -0.006         0.021
 C24           -0.068         0.024         0.051         0.001        -0.016


           Model Estimated Correlations
              C20           C21           C22           C23           C24
              ________      ________      ________      ________      ________
 C20            1.000
 C21           -0.181         1.000
 C22           -0.051         0.032         1.000
 C23            0.053         0.086         0.008         1.000
 C24            0.048         0.026        -0.217        -0.019         1.000


           Model Estimated Partial Correlations
              X1            X2            X3            X4            X5
              ________      ________      ________      ________      ________
 X1             1.000
 X2             0.100         1.000
 X3             0.118         0.143         1.000
 X4             0.095         0.173         0.179         1.000
 X5             0.105         0.171         0.179         0.233         1.000
 Y1            -0.055        -0.005        -0.009        -0.002        -0.010
 Y2            -0.004        -0.112         0.005         0.006         0.000
 Y3             0.001         0.004        -0.098        -0.001        -0.007
 Y4             0.004         0.007         0.007        -0.109        -0.005
 Y5             0.008         0.000         0.001        -0.012        -0.081
 Z0            -0.197        -0.027        -0.031        -0.025        -0.027
 C1            -0.049        -0.035        -0.041        -0.031        -0.033
 C2             0.019         0.007         0.010         0.003         0.006
 C3            -0.020        -0.009        -0.011        -0.002        -0.003
 C4            -0.036         0.008         0.004         0.035         0.028
 C5            -0.004        -0.002        -0.004        -0.006        -0.007
 C6             0.017        -0.002         0.002        -0.011        -0.008
 C7             0.001         0.000        -0.001        -0.003        -0.003
 C8            -0.068        -0.032        -0.041        -0.017        -0.024
 C9             0.012         0.012         0.012         0.012         0.012
 C10            0.000        -0.004        -0.003        -0.006        -0.005
 C11           -0.011        -0.009        -0.008        -0.006        -0.006
 C12           -0.008         0.003         0.003         0.014         0.013
 C13            0.029         0.008         0.013         0.000         0.004
 C14            0.013         0.001         0.001        -0.009        -0.007
 C15            0.007         0.018         0.014         0.017         0.014
 C16            0.051         0.014         0.022        -0.001         0.006
 C17           -0.001         0.011         0.012         0.023         0.022
 C18            0.067         0.022         0.032         0.004         0.012
 C19            0.021         0.006         0.010        -0.001         0.002
 C20            0.056         0.023         0.030         0.007         0.014
 C21            0.048         0.019         0.026         0.008         0.013
 C22           -0.039         0.001        -0.004         0.024         0.017
 C23            0.045         0.004         0.008        -0.024        -0.018
 C24           -0.016         0.000        -0.002         0.011         0.008


           Model Estimated Partial Correlations
              Y1            Y2            Y3            Y4            Y5
              ________      ________      ________      ________      ________
 Y1             1.000
 Y2             0.125         1.000
 Y3             0.139         0.156         1.000
 Y4             0.145         0.168         0.198         1.000
 Y5             0.148         0.177         0.212         0.234         1.000
 Z0             0.059        -0.010        -0.005         0.001         0.008
 C1            -0.041        -0.040        -0.042        -0.041        -0.039
 C2            -0.015        -0.011        -0.010        -0.009        -0.008
 C3            -0.044        -0.029        -0.025        -0.018        -0.011
 C4            -0.037        -0.006         0.007         0.024         0.037
 C5             0.074         0.039         0.026         0.010        -0.007
 C6            -0.025        -0.004         0.007         0.017         0.028
 C7             0.040         0.012         0.000        -0.014        -0.027
 C8            -0.001        -0.002        -0.002         0.001         0.001
 C9             0.028         0.011         0.003        -0.005        -0.014
 C10           -0.006         0.000         0.003         0.007         0.010
 C11           -0.049        -0.015         0.000         0.017         0.033
 C12           -0.063        -0.031        -0.019        -0.004         0.009
 C13           -0.020        -0.006         0.001         0.007         0.014
 C14            0.050         0.016         0.000        -0.017        -0.033
 C15            0.146         0.074         0.045         0.012        -0.023
 C16           -0.028        -0.020        -0.018        -0.018        -0.014
 C17           -0.073        -0.031        -0.014         0.006         0.025
 C18           -0.015         0.000         0.008         0.013         0.020
 C19           -0.007         0.008         0.016         0.023         0.031
 C20            0.018         0.007         0.002        -0.005        -0.010
 C21           -0.008         0.001         0.006         0.009         0.013
 C22           -0.018         0.001         0.009         0.021         0.028
 C23            0.095         0.045         0.026         0.001        -0.020
 C24           -0.030        -0.016        -0.011        -0.004         0.001


           Model Estimated Partial Correlations
              Z0            C1            C2            C3            C4
              ________      ________      ________      ________      ________
 Z0             1.000
 C1            -0.015         1.000
 C2            -0.001         0.108         1.000
 C3            -0.019        -0.103         0.030         1.000
 C4             0.005         0.030         0.019        -0.053         1.000
 C5             0.017         0.076        -0.027        -0.027        -0.396
 C6             0.018        -0.012        -0.044        -0.048         0.091
 C7            -0.001        -0.032         0.015        -0.062         0.035
 C8            -0.049        -0.042        -0.035        -0.063        -0.027
 C9            -0.026        -0.003        -0.003         0.047        -0.052
 C10           -0.005        -0.022        -0.020        -0.002        -0.012
 C11            0.020         0.064        -0.050         0.057        -0.068
 C12           -0.026         0.014        -0.024        -0.074         0.001
 C13            0.019         0.194         0.189         0.076        -0.037
 C14            0.011         0.046         0.019        -0.009         0.089
 C15            0.049        -0.020        -0.009        -0.032         0.013
 C16            0.044         0.031         0.032        -0.036        -0.001
 C17           -0.037         0.161         0.010        -0.021         0.005
 C18           -0.030        -0.003         0.014        -0.001         0.026
 C19            0.100         0.030         0.042        -0.021         0.006
 C20           -0.017        -0.002        -0.046         0.073        -0.014
 C21            0.031        -0.041        -0.025         0.008        -0.039
 C22            0.009         0.093        -0.135        -0.308        -0.032
 C23           -0.005        -0.045         0.002         0.002        -0.017
 C24            0.004        -0.060         0.007         0.046        -0.031


           Model Estimated Partial Correlations
              C5            C6            C7            C8            C9
              ________      ________      ________      ________      ________
 C5             1.000
 C6             0.045         1.000
 C7             0.055         0.586         1.000
 C8             0.018        -0.260         0.011         1.000
 C9            -0.004        -0.095         0.001        -0.178         1.000
 C10            0.049         0.003         0.015        -0.025        -0.018
 C11           -0.093         0.122         0.129         0.058        -0.018
 C12            0.055         0.015         0.024         0.024        -0.020
 C13           -0.051        -0.043        -0.001         0.036         0.056
 C14            0.142        -0.048         0.061         0.027        -0.083
 C15           -0.008        -0.026         0.016        -0.026        -0.009
 C16           -0.004        -0.007         0.026        -0.031         0.008
 C17            0.017        -0.071         0.028        -0.015        -0.006
 C18           -0.045         0.058        -0.016         0.021        -0.019
 C19            0.014         0.042         0.036        -0.010        -0.020
 C20            0.021        -0.050        -0.016         0.017         0.028
 C21            0.038        -0.023        -0.008        -0.021         0.019
 C22            0.012        -0.009         0.033        -0.008         0.016
 C23            0.000        -0.007         0.047         0.011         0.006
 C24           -0.027        -0.016        -0.029        -0.007         0.022


           Model Estimated Partial Correlations
              C10           C11           C12           C13           C14
              ________      ________      ________      ________      ________
 C10            1.000
 C11            0.003         1.000
 C12           -0.013        -0.006         1.000
 C13            0.038         0.068         0.121         1.000
 C14            0.031        -0.024        -0.007        -0.136         1.000
 C15           -0.004         0.015        -0.008        -0.016        -0.006
 C16            0.004         0.012         0.042         0.000         0.025
 C17            0.023        -0.173         0.004        -0.016        -0.157
 C18           -0.013        -0.026         0.004        -0.077        -0.047
 C19           -0.025        -0.040        -0.008        -0.062         0.027
 C20            0.003         0.017         0.023        -0.001         0.050
 C21            0.033         0.051         0.005         0.019         0.168
 C22            0.029        -0.063        -0.017        -0.432         0.089
 C23            0.008         0.141        -0.003        -0.009         0.013
 C24            0.005        -0.009         0.074         0.258         0.411


           Model Estimated Partial Correlations
              C15           C16           C17           C18           C19
              ________      ________      ________      ________      ________
 C15            1.000
 C16           -0.546         1.000
 C17            0.026         0.003         1.000
 C18           -0.030        -0.046        -0.027         1.000
 C19           -0.022        -0.028        -0.016        -0.262         1.000
 C20            0.009         0.025         0.003         0.184        -0.019
 C21           -0.014        -0.012        -0.070         0.018         0.051
 C22            0.033         0.048         0.025         0.078         0.046
 C23            0.099        -0.012        -0.004        -0.011         0.000
 C24           -0.010        -0.027         0.089         0.056         0.032


           Model Estimated Partial Correlations
              C20           C21           C22           C23           C24
              ________      ________      ________      ________      ________
 C20            1.000
 C21           -0.193         1.000
 C22           -0.015        -0.001         1.000
 C23            0.072         0.067        -0.020         1.000
 C24            0.005        -0.030        -0.034         0.003         1.000


           Residuals for Covariances
              X1            X2            X3            X4            X5
              ________      ________      ________      ________      ________
 X1             0.010
 X2             0.026        -0.005
 X3            -0.022        -0.050        -0.032
 X4             0.008         0.019         0.018         0.050
 X5             0.025        -0.025        -0.034         0.068         0.009
 Y1            -0.002        -0.013         0.021         0.000        -0.009
 Y2             0.004        -0.003         0.015        -0.015        -0.013
 Y3            -0.026         0.001         0.010        -0.004        -0.020
 Y4            -0.027         0.027         0.003        -0.005        -0.057
 Y5             0.030        -0.009         0.045        -0.012        -0.009
 Z0             0.000         0.002        -0.001        -0.010         0.007
 C1             0.001        -0.002        -0.003         0.000         0.005
 C2             0.005         0.001        -0.016         0.017        -0.002
 C3             0.002         0.008        -0.013         0.004        -0.007
 C4            -0.005         0.013         0.005        -0.011        -0.026
 C5             0.004        -0.014         0.000         0.022         0.007
 C6             0.000         0.000         0.006         0.008        -0.028
 C7            -0.003        -0.033         0.048        -0.032        -0.012
 C8             0.001         0.004        -0.007        -0.001         0.008
 C9            -0.001        -0.003         0.006         0.000        -0.003
 C10            0.001        -0.001        -0.002         0.002         0.002
 C11           -0.001         0.002         0.001        -0.025         0.018
 C12            0.004         0.013        -0.025        -0.010         0.021
 C13            0.013         0.015        -0.053         0.037        -0.017
 C14            0.005         0.006        -0.020         0.016        -0.001
 C15            0.000        -0.006         0.006         0.001         0.000
 C16            0.001         0.004        -0.003         0.007        -0.011
 C17           -0.001        -0.006         0.007         0.006        -0.003
 C18            0.000         0.004        -0.004        -0.008         0.004
 C19           -0.001         0.002         0.003        -0.007         0.002
 C20            0.000         0.001         0.001        -0.003         0.000
 C21            0.003         0.000        -0.011         0.007         0.005
 C22           -0.006        -0.001         0.016        -0.018         0.003
 C23           -0.004         0.004         0.010        -0.054         0.015
 C24            0.054         0.090        -0.238         0.128         0.016


           Residuals for Covariances
              Y1            Y2            Y3            Y4            Y5
              ________      ________      ________      ________      ________
 Y1            -0.016
 Y2            -0.016         0.020
 Y3             0.017         0.105         0.058
 Y4            -0.040        -0.062        -0.051        -0.084
 Y5            -0.073         0.002        -0.021        -0.062        -0.067
 Z0             0.000         0.001        -0.001        -0.009         0.009
 C1             0.003        -0.004        -0.007         0.008         0.008
 C2             0.002        -0.003        -0.003         0.002         0.006
 C3             0.003        -0.001        -0.006        -0.001         0.017
 C4            -0.002         0.006        -0.009         0.015        -0.011
 C5            -0.002         0.003         0.006        -0.016         0.000
 C6            -0.003         0.014        -0.023         0.036        -0.007
 C7             0.006        -0.016        -0.023         0.166        -0.072
 C8            -0.002         0.000         0.009        -0.009        -0.007
 C9             0.001         0.000        -0.003         0.006        -0.002
 C10            0.000         0.000        -0.001         0.003         0.000
 C11           -0.002         0.005         0.000        -0.010        -0.004
 C12            0.000         0.015        -0.036         0.026         0.023
 C13           -0.001         0.004        -0.004        -0.005         0.008
 C14            0.005        -0.012         0.006        -0.012         0.027
 C15           -0.001         0.000         0.010        -0.014        -0.003
 C16            0.002        -0.004        -0.008         0.028        -0.008
 C17            0.002        -0.003        -0.005         0.012         0.002
 C18           -0.003         0.008        -0.004        -0.001        -0.005
 C19            0.002        -0.001        -0.006         0.002         0.012
 C20            0.001         0.000        -0.003         0.009         0.002
 C21            0.001         0.003        -0.004        -0.022         0.025
 C22           -0.003         0.003         0.004         0.000        -0.013
 C23            0.003        -0.023         0.040        -0.020        -0.010
 C24            0.010        -0.068         0.086        -0.115         0.054


           Residuals for Covariances
              Z0            C1            C2            C3            C4
              ________      ________      ________      ________      ________
 Z0             0.000
 C1             0.000         0.000
 C2             0.000         0.000         0.000
 C3             0.000         0.000         0.000         0.000
 C4             0.000         0.000         0.000         0.000         0.000
 C5             0.000         0.000         0.000         0.000         0.000
 C6             0.000         0.000         0.000         0.000         0.000
 C7             0.000         0.000         0.000         0.000         0.000
 C8             0.000         0.000         0.000         0.000         0.000
 C9             0.000         0.000         0.000         0.000         0.000
 C10            0.000         0.000         0.000         0.000         0.000
 C11            0.000         0.000         0.000         0.000         0.000
 C12            0.000         0.000         0.000         0.000         0.000
 C13            0.000         0.000         0.000         0.000         0.000
 C14            0.000         0.000         0.000         0.000         0.000
 C15            0.000         0.000         0.000         0.000         0.000
 C16            0.000         0.000         0.000         0.000         0.000
 C17            0.000         0.000         0.000         0.000         0.000
 C18            0.000         0.000         0.000         0.000         0.000
 C19            0.000         0.000         0.000         0.000         0.000
 C20            0.000         0.000         0.000         0.000         0.000
 C21            0.000         0.000         0.000         0.000         0.000
 C22            0.000         0.000         0.000         0.000         0.000
 C23            0.000         0.000         0.000         0.000         0.000
 C24            0.000         0.000         0.000         0.000         0.000


           Residuals for Covariances
              C5            C6            C7            C8            C9
              ________      ________      ________      ________      ________
 C5             0.000
 C6             0.000         0.000
 C7             0.000         0.000         0.000
 C8             0.000         0.000         0.000         0.000
 C9             0.000         0.000         0.000         0.000         0.000
 C10            0.000         0.000         0.000         0.000         0.000
 C11            0.000         0.000         0.000         0.000         0.000
 C12            0.000         0.000         0.000         0.000         0.000
 C13            0.000         0.000         0.000         0.000         0.000
 C14            0.000         0.000         0.000         0.000         0.000
 C15            0.000         0.000         0.000         0.000         0.000
 C16            0.000         0.000         0.000         0.000         0.000
 C17            0.000         0.000         0.000         0.000         0.000
 C18            0.000         0.000         0.000         0.000         0.000
 C19            0.000         0.000         0.000         0.000         0.000
 C20            0.000         0.000         0.000         0.000         0.000
 C21            0.000         0.000         0.000         0.000         0.000
 C22            0.000         0.000         0.000         0.000         0.000
 C23            0.000         0.000         0.000         0.000         0.000
 C24            0.000         0.000         0.000         0.000         0.000


           Residuals for Covariances
              C10           C11           C12           C13           C14
              ________      ________      ________      ________      ________
 C10            0.000
 C11            0.000         0.000
 C12            0.000         0.000         0.000
 C13            0.000         0.000         0.000         0.000
 C14            0.000         0.000         0.000         0.000         0.000
 C15            0.000         0.000         0.000         0.000         0.000
 C16            0.000         0.000         0.000         0.000         0.000
 C17            0.000         0.000         0.000         0.000         0.000
 C18            0.000         0.000         0.000         0.000         0.000
 C19            0.000         0.000         0.000         0.000         0.000
 C20            0.000         0.000         0.000         0.000         0.000
 C21            0.000         0.000         0.000         0.000         0.000
 C22            0.000         0.000         0.000         0.000         0.000
 C23            0.000         0.000         0.000         0.000         0.000
 C24            0.000         0.000         0.000         0.000         0.000


           Residuals for Covariances
              C15           C16           C17           C18           C19
              ________      ________      ________      ________      ________
 C15            0.000
 C16            0.000         0.000
 C17            0.000         0.000         0.000
 C18            0.000         0.000         0.000         0.000
 C19            0.000         0.000         0.000         0.000         0.000
 C20            0.000         0.000         0.000         0.000         0.000
 C21            0.000         0.000         0.000         0.000         0.000
 C22            0.000         0.000         0.000         0.000         0.000
 C23            0.000         0.000         0.000         0.000         0.000
 C24            0.000         0.000         0.000         0.000         0.000


           Residuals for Covariances
              C20           C21           C22           C23           C24
              ________      ________      ________      ________      ________
 C20            0.000
 C21            0.000         0.000
 C22            0.000         0.000         0.000
 C23            0.000         0.000         0.000         0.000
 C24            0.000         0.000         0.000         0.000         0.000


           Residuals for Correlations
              X1            X2            X3            X4            X5
              ________      ________      ________      ________      ________
 X1             0.000
 X2             0.026         0.000
 X3            -0.021        -0.048         0.000
 X4             0.000         0.011         0.018         0.000
 X5             0.024        -0.029        -0.034         0.061         0.000
 Y1            -0.002        -0.014         0.019         0.003        -0.010
 Y2             0.006        -0.002         0.013        -0.008        -0.011
 Y3            -0.021         0.005         0.011         0.005        -0.014
 Y4            -0.030         0.020        -0.006        -0.007        -0.065
 Y5             0.024        -0.013         0.038        -0.012        -0.013
 Z0             0.001         0.002        -0.004        -0.007         0.008
 C1             0.003        -0.004        -0.006         0.001         0.011
 C2             0.013         0.004        -0.042         0.043        -0.005
 C3             0.005         0.017        -0.028         0.007        -0.015
 C4            -0.010         0.028         0.013        -0.026        -0.061
 C5             0.009        -0.034        -0.002         0.054         0.017
 C6             0.000         0.000         0.005         0.008        -0.025
 C7            -0.001        -0.007         0.011        -0.006        -0.002
 C8             0.004         0.010        -0.022         0.001         0.021
 C9            -0.005        -0.012         0.027        -0.003        -0.013
 C10            0.008        -0.009        -0.027         0.034         0.039
 C11           -0.002         0.006         0.004        -0.081         0.063
 C12            0.004         0.013        -0.026        -0.012         0.021
 C13            0.010         0.013        -0.046         0.029        -0.015
 C14            0.010         0.012        -0.044         0.034        -0.003
 C15            0.000        -0.013         0.012         0.004         0.000
 C16            0.001         0.008        -0.005         0.012        -0.023
 C17           -0.002        -0.015         0.021         0.013        -0.009
 C18           -0.002         0.011        -0.009        -0.020         0.010
 C19           -0.003         0.005         0.007        -0.017         0.006
 C20           -0.002         0.003         0.005        -0.012         0.000
 C21            0.007         0.000        -0.028         0.016         0.014
 C22           -0.011        -0.002         0.038        -0.039         0.008
 C23           -0.004         0.004         0.011        -0.056         0.017
 C24            0.012         0.022        -0.061         0.030         0.004


           Residuals for Correlations
              Y1            Y2            Y3            Y4            Y5
              ________      ________      ________      ________      ________
 Y1             0.000
 Y2            -0.016         0.000
 Y3             0.008         0.075         0.000
 Y4            -0.018        -0.042        -0.039         0.000
 Y5            -0.051         0.010        -0.017        -0.021         0.000
 Z0             0.001         0.001        -0.003        -0.004         0.012
 C1             0.005        -0.006        -0.008         0.010         0.010
 C2             0.004        -0.005        -0.003         0.000         0.010
 C3             0.004        -0.001        -0.008        -0.006         0.028
 C4            -0.004         0.013        -0.019         0.031        -0.021
 C5            -0.003         0.005         0.009        -0.032         0.003
 C6            -0.002         0.010        -0.021         0.034        -0.003
 C7             0.002        -0.004        -0.007         0.037        -0.012
 C8            -0.005         0.000         0.021        -0.022        -0.016
 C9             0.002        -0.001        -0.008         0.019        -0.008
 C10            0.003         0.000        -0.022         0.051        -0.001
 C11           -0.006         0.014         0.000        -0.029        -0.009
 C12           -0.001         0.015        -0.030         0.021         0.018
 C13           -0.002         0.005         0.001        -0.010         0.002
 C14            0.011        -0.024         0.009        -0.023         0.049
 C15            0.000        -0.002         0.013        -0.021        -0.001
 C16            0.002        -0.005        -0.009         0.047        -0.019
 C17            0.003        -0.005        -0.009         0.027         0.003
 C18           -0.006         0.017        -0.008        -0.003        -0.010
 C19            0.006        -0.004        -0.018         0.008         0.030
 C20            0.002         0.000        -0.009         0.028         0.004
 C21            0.003         0.006        -0.010        -0.050         0.057
 C22           -0.005         0.004         0.004         0.005        -0.022
 C23            0.005        -0.024         0.035        -0.015        -0.007
 C24            0.002        -0.014         0.021        -0.030         0.009


           Residuals for Correlations
              Z0            C1            C2            C3            C4
              ________      ________      ________      ________      ________
 Z0             0.000
 C1             0.000         0.000
 C2             0.000         0.000         0.000
 C3             0.000         0.000         0.000         0.000
 C4             0.000         0.000         0.000         0.000         0.000
 C5             0.000         0.000         0.000         0.000         0.000
 C6             0.000         0.000         0.000         0.000         0.000
 C7             0.000         0.000         0.000         0.000         0.000
 C8             0.000         0.000         0.000         0.000         0.000
 C9             0.000         0.000         0.000         0.000         0.000
 C10            0.000         0.000         0.000         0.000         0.000
 C11            0.000         0.000         0.000         0.000         0.000
 C12            0.000         0.000         0.000         0.000         0.000
 C13            0.000         0.000         0.000         0.000         0.000
 C14            0.000         0.000         0.000         0.000         0.000
 C15            0.000         0.000         0.000         0.000         0.000
 C16            0.000         0.000         0.000         0.000         0.000
 C17            0.000         0.000         0.000         0.000         0.000
 C18            0.000         0.000         0.000         0.000         0.000
 C19            0.000         0.000         0.000         0.000         0.000
 C20            0.000         0.000         0.000         0.000         0.000
 C21            0.000         0.000         0.000         0.000         0.000
 C22            0.000         0.000         0.000         0.000         0.000
 C23            0.000         0.000         0.000         0.000         0.000
 C24            0.000         0.000         0.000         0.000         0.000


           Residuals for Correlations
              C5            C6            C7            C8            C9
              ________      ________      ________      ________      ________
 C5             0.000
 C6             0.000         0.000
 C7             0.000         0.000         0.000
 C8             0.000         0.000         0.000         0.000
 C9             0.000         0.000         0.000         0.000         0.000
 C10            0.000         0.000         0.000         0.000         0.000
 C11            0.000         0.000         0.000         0.000         0.000
 C12            0.000         0.000         0.000         0.000         0.000
 C13            0.000         0.000         0.000         0.000         0.000
 C14            0.000         0.000         0.000         0.000         0.000
 C15            0.000         0.000         0.000         0.000         0.000
 C16            0.000         0.000         0.000         0.000         0.000
 C17            0.000         0.000         0.000         0.000         0.000
 C18            0.000         0.000         0.000         0.000         0.000
 C19            0.000         0.000         0.000         0.000         0.000
 C20            0.000         0.000         0.000         0.000         0.000
 C21            0.000         0.000         0.000         0.000         0.000
 C22            0.000         0.000         0.000         0.000         0.000
 C23            0.000         0.000         0.000         0.000         0.000
 C24            0.000         0.000         0.000         0.000         0.000


           Residuals for Correlations
              C10           C11           C12           C13           C14
              ________      ________      ________      ________      ________
 C10            0.000
 C11            0.000         0.000
 C12            0.000         0.000         0.000
 C13            0.000         0.000         0.000         0.000
 C14            0.000         0.000         0.000         0.000         0.000
 C15            0.000         0.000         0.000         0.000         0.000
 C16            0.000         0.000         0.000         0.000         0.000
 C17            0.000         0.000         0.000         0.000         0.000
 C18            0.000         0.000         0.000         0.000         0.000
 C19            0.000         0.000         0.000         0.000         0.000
 C20            0.000         0.000         0.000         0.000         0.000
 C21            0.000         0.000         0.000         0.000         0.000
 C22            0.000         0.000         0.000         0.000         0.000
 C23            0.000         0.000         0.000         0.000         0.000
 C24            0.000         0.000         0.000         0.000         0.000


           Residuals for Correlations
              C15           C16           C17           C18           C19
              ________      ________      ________      ________      ________
 C15            0.000
 C16            0.000         0.000
 C17            0.000         0.000         0.000
 C18            0.000         0.000         0.000         0.000
 C19            0.000         0.000         0.000         0.000         0.000
 C20            0.000         0.000         0.000         0.000         0.000
 C21            0.000         0.000         0.000         0.000         0.000
 C22            0.000         0.000         0.000         0.000         0.000
 C23            0.000         0.000         0.000         0.000         0.000
 C24            0.000         0.000         0.000         0.000         0.000


           Residuals for Correlations
              C20           C21           C22           C23           C24
              ________      ________      ________      ________      ________
 C20            0.000
 C21            0.000         0.000
 C22            0.000         0.000         0.000
 C23            0.000         0.000         0.000         0.000
 C24            0.000         0.000         0.000         0.000         0.000


           Residuals for Partial Correlations
              X1            X2            X3            X4            X5
              ________      ________      ________      ________      ________
 X1             0.000
 X2             0.048         0.000
 X3            -0.020        -0.047         0.000
 X4            -0.048         0.018         0.043         0.000
 X5             0.037        -0.050        -0.055         0.092         0.000
 Y1             0.006        -0.021         0.010         0.005        -0.001
 Y2             0.021         0.001         0.001        -0.012         0.002
 Y3            -0.031         0.026        -0.008         0.027        -0.003
 Y4            -0.041         0.048        -0.037         0.023        -0.065
 Y5             0.046        -0.043         0.043        -0.013         0.003
 Z0             0.000         0.011        -0.018        -0.010         0.023
 C1             0.001        -0.004        -0.007        -0.006         0.018
 C2             0.011        -0.008        -0.039         0.041        -0.004
 C3            -0.001         0.028        -0.011        -0.001        -0.022
 C4            -0.003         0.034         0.025        -0.007        -0.062
 C5             0.008        -0.034        -0.005         0.052        -0.021
 C6             0.008         0.003        -0.024         0.066        -0.054
 C7             0.003        -0.014         0.010        -0.005         0.012
 C8             0.006         0.007        -0.029         0.016         0.002
 C9            -0.003        -0.012         0.036        -0.004        -0.014
 C10            0.006        -0.023        -0.045         0.037         0.044
 C11           -0.014         0.012         0.026        -0.132         0.110
 C12           -0.005         0.021        -0.019        -0.034         0.040
 C13            0.005         0.015        -0.012         0.024        -0.042
 C14            0.007         0.005        -0.038         0.044        -0.020
 C15            0.008        -0.015        -0.003         0.036        -0.025
 C16            0.008        -0.003         0.006         0.038        -0.049
 C17           -0.003        -0.016         0.024         0.002        -0.004
 C18           -0.004         0.016        -0.013        -0.029         0.027
 C19           -0.009         0.016         0.006        -0.037         0.028
 C20           -0.002         0.001         0.011        -0.004         0.000
 C21            0.000         0.003        -0.033         0.019         0.004
 C22           -0.008         0.028         0.022        -0.055         0.007
 C23           -0.003         0.011         0.029        -0.068         0.029
 C24            0.006         0.014        -0.037         0.006         0.005


           Residuals for Partial Correlations
              Y1            Y2            Y3            Y4            Y5
              ________      ________      ________      ________      ________
 Y1             0.000
 Y2            -0.016         0.000
 Y3             0.011         0.124         0.000
 Y4             0.033        -0.066        -0.051         0.000
 Y5            -0.070         0.015        -0.016         0.024         0.000
 Z0             0.003         0.005        -0.013        -0.018         0.029
 C1             0.004        -0.010        -0.005        -0.007         0.020
 C2             0.003        -0.002        -0.006         0.002         0.006
 C3             0.002         0.004        -0.023        -0.008         0.028
 C4            -0.007         0.036        -0.017         0.018        -0.041
 C5            -0.006         0.023         0.007        -0.026        -0.011
 C6            -0.005         0.016        -0.030         0.020         0.004
 C7             0.001        -0.023         0.009         0.037        -0.019
 C8            -0.005         0.007         0.015        -0.004        -0.018
 C9            -0.002         0.001        -0.013         0.035        -0.019
 C10           -0.002         0.002        -0.044         0.081        -0.012
 C11            0.001         0.031         0.009        -0.044        -0.005
 C12           -0.002         0.027        -0.054         0.021         0.024
 C13           -0.008         0.019         0.007        -0.006        -0.023
 C14            0.012        -0.038        -0.014        -0.018         0.070
 C15            0.001        -0.009        -0.006         0.022        -0.005
 C16           -0.004        -0.008         0.005         0.057        -0.050
 C17            0.002        -0.007        -0.013         0.019         0.008
 C18           -0.002         0.024        -0.016        -0.005        -0.001
 C19            0.006         0.000        -0.035         0.009         0.031
 C20           -0.002        -0.001        -0.028         0.035         0.009
 C21            0.008         0.010        -0.032        -0.055         0.074
 C22           -0.007         0.021         0.013        -0.007        -0.030
 C23            0.006        -0.046         0.054        -0.009        -0.011
 C24            0.000        -0.008         0.041        -0.028        -0.018


           Residuals for Partial Correlations
              Z0            C1            C2            C3            C4
              ________      ________      ________      ________      ________
 Z0             0.000
 C1            -0.001         0.000
 C2             0.002         0.000         0.000
 C3            -0.002         0.000         0.000         0.000
 C4             0.000        -0.001         0.001        -0.001         0.000
 C5             0.004         0.000        -0.002         0.001         0.001
 C6             0.001         0.001        -0.002        -0.002        -0.004
 C7             0.001         0.001         0.001         0.002        -0.001
 C8             0.002         0.000        -0.001         0.000        -0.001
 C9             0.001         0.001         0.001         0.001        -0.002
 C10            0.002         0.003        -0.002         0.001        -0.001
 C11           -0.003        -0.005         0.005         0.000         0.007
 C12           -0.003         0.000         0.000        -0.001         0.001
 C13            0.001        -0.001        -0.001        -0.001        -0.002
 C14           -0.002         0.001        -0.002        -0.002        -0.001
 C15            0.002         0.002        -0.002         0.001        -0.001
 C16            0.003         0.002        -0.001         0.002        -0.004
 C17           -0.001         0.000         0.000         0.001         0.001
 C18           -0.001        -0.001         0.001        -0.001         0.001
 C19           -0.004        -0.001         0.001        -0.002         0.001
 C20           -0.001         0.001         0.001         0.000        -0.002
 C21           -0.003        -0.001        -0.002        -0.003         0.003
 C22           -0.001        -0.002         0.002         0.000         0.001
 C23           -0.001        -0.001         0.004         0.002         0.002
 C24            0.001        -0.001        -0.002         0.000         0.003


           Residuals for Partial Correlations
              C5            C6            C7            C8            C9
              ________      ________      ________      ________      ________
 C5             0.000
 C6            -0.002         0.000
 C7             0.000        -0.002         0.000
 C8            -0.001         0.001         0.000         0.000
 C9             0.000         0.000        -0.002         0.001         0.000
 C10            0.001        -0.003        -0.002         0.000        -0.001
 C11            0.008         0.010        -0.003         0.002         0.001
 C12            0.003         0.000         0.001         0.001         0.001
 C13           -0.002        -0.002         0.000        -0.002         0.000
 C14           -0.002        -0.004         0.003        -0.001         0.003
 C15           -0.002        -0.003        -0.001        -0.001        -0.001
 C16           -0.002        -0.003        -0.002        -0.001        -0.003
 C17            0.000        -0.001         0.000         0.002        -0.001
 C18            0.002         0.002         0.000         0.000         0.001
 C19            0.005         0.000         0.000         0.002         0.000
 C20            0.001        -0.001         0.000         0.001        -0.001
 C21           -0.001        -0.002         0.004         0.000         0.003
 C22            0.002         0.003        -0.001         0.000        -0.001
 C23            0.004         0.007        -0.003         0.000         0.000
 C24           -0.001         0.002         0.000        -0.002         0.002


           Residuals for Partial Correlations
              C10           C11           C12           C13           C14
              ________      ________      ________      ________      ________
 C10            0.000
 C11            0.004         0.000
 C12           -0.005        -0.006         0.000
 C13            0.001         0.005         0.002         0.000
 C14            0.000         0.005         0.001        -0.001         0.000
 C15           -0.003         0.007         0.002        -0.001         0.000
 C16           -0.002         0.008         0.003        -0.002         0.002
 C17           -0.003         0.004        -0.001         0.002         0.000
 C18           -0.001        -0.005        -0.003         0.002         0.001
 C19           -0.002        -0.005        -0.005         0.003        -0.001
 C20           -0.003        -0.001        -0.002         0.001         0.002
 C21            0.000        -0.001        -0.003         0.001        -0.007
 C22            0.001        -0.004        -0.001         0.002         0.002
 C23            0.006        -0.013         0.003         0.001         0.004
 C24            0.001         0.001         0.002        -0.002        -0.004


           Residuals for Partial Correlations
              C15           C16           C17           C18           C19
              ________      ________      ________      ________      ________
 C15            0.000
 C16           -0.001         0.000
 C17           -0.001         0.000         0.000
 C18            0.002         0.003         0.000         0.000
 C19            0.002         0.003        -0.002        -0.001         0.000
 C20            0.000        -0.001        -0.002        -0.001        -0.002
 C21            0.002         0.006        -0.001        -0.001        -0.003
 C22            0.002         0.000         0.002        -0.001        -0.001
 C23            0.002         0.001         0.002        -0.001        -0.001
 C24            0.000         0.001         0.002         0.000         0.003


           Residuals for Partial Correlations
              C20           C21           C22           C23           C24
              ________      ________      ________      ________      ________
 C20            0.000
 C21            0.002         0.000
 C22           -0.001         0.003         0.000
 C23            0.001         0.005        -0.004         0.000
 C24            0.002         0.000         0.001        -0.001         0.000


           Standardized Residuals (z-scores) for Covariances
              X1            X2            X3            X4            X5
              ________      ________      ________      ________      ________
 X1             2.001
 X2             1.981        -0.424
 X3            -3.011        -3.185        -9.802
 X4           999.000         0.990         0.755         1.943
 X5             1.095        -1.055        -1.319         4.124         0.393
 Y1            -1.280        -0.947         1.488         0.004        -0.320
 Y2             0.345        -0.332         0.783        -0.491        -0.411
 Y3            -1.863         0.064         0.885        -0.150        -0.675
 Y4            -1.300         0.986         0.124        -0.276        -1.728
 Y5             1.131        -0.295         1.684        -0.384        -0.567
 Z0             0.000         0.113        -0.098        -0.687         0.273
 C1           999.000        -0.372        -0.448         0.042         0.447
 C2           999.000         0.300        -3.094         2.612        -0.226
 C3             1.098         1.279        -1.772         0.368        -0.594
 C4           -22.536         2.320         0.795        -1.040        -2.520
 C5             3.345        -2.542        -0.050         2.222         0.593
 C6            -0.064        -0.021         0.325         0.266        -0.715
 C7            -0.127        -0.556         0.627        -0.259        -0.086
 C8             0.568         0.733        -1.176        -0.065         0.783
 C9            -0.811        -0.878         1.782        -0.066        -0.465
 C10          999.000        -0.980        -1.835       999.000         8.047
 C11           -0.444         0.566         0.251        -2.103         1.250
 C12          999.000         1.021        -1.597        -0.395         0.834
 C13          999.000         1.342        -4.024         2.145        -0.716
 C14          999.000         0.886        -2.645         1.460        -0.119
 C15           -0.173        -1.050         0.897         0.101         0.005
 C16            0.295         0.606        -0.495         0.663        -0.907
 C17          999.000        -1.293         1.148         0.624        -0.265
 C18           -0.192         0.827        -0.764        -0.829         0.447
 C19           -1.102         0.380         0.465        -0.837         0.187
 C20           -0.315         0.207         0.249        -0.561        -0.003
 C21          999.000        -0.014        -1.818         0.702         0.530
 C22          999.000        -0.116         2.521        -2.048         0.292
 C23          999.000         0.323         0.714        -1.269         0.320
 C24          999.000         2.010        -4.074         1.159         0.185


           Standardized Residuals (z-scores) for Covariances
              Y1            Y2            Y3            Y4            Y5
              ________      ________      ________      ________      ________
 Y1            -4.048
 Y2            -2.240         1.351
 Y3             0.969         4.810         2.633
 Y4            -1.766        -2.044        -1.933        -4.691
 Y5            -2.898         0.061        -0.607        -2.599        -3.551
 Z0             0.000       999.000        -0.049        -0.291         0.371
 C1             1.547        -0.672        -1.024         0.929         0.677
 C2             1.583        -0.554        -0.685         0.360         0.756
 C3             0.971        -0.209        -0.934        -0.049         1.483
 C4            -0.767         0.998        -1.444         1.464        -1.036
 C5            -0.935         0.463         0.825        -1.725         0.007
 C6            -0.574         0.857        -1.376         1.152        -0.176
 C7           999.000        -0.242        -0.317         1.277        -0.526
 C8            -1.008         0.028         1.495        -1.073        -0.898
 C9             0.242        -0.094        -0.694         1.354        -0.378
 C10            0.824         0.042        -2.552         2.139       999.000
 C11           -1.040         1.190         0.025        -0.810        -0.182
 C12            0.033         1.133        -2.323         1.141         0.784
 C13          999.000         0.346        -0.331        -0.232         0.310
 C14            1.804        -1.798         0.771        -1.176         2.290
 C15           -0.517         0.007         1.404        -1.367        -0.265
 C16            1.035        -0.555        -1.148         2.802        -0.640
 C17            0.761        -0.518        -0.766         1.309         0.181
 C18           -1.378         1.273        -0.656        -0.133        -0.504
 C19            1.385        -0.280        -1.135         0.224         1.014
 C20            0.303        -0.057        -0.814         1.362         0.260
 C21            0.773         0.522        -0.731        -2.491         2.026
 C22           -0.967         0.474         0.603        -0.014        -1.075
 C23            0.541        -2.655         1.892        -0.835        -0.262
 C24          999.000        -1.411         2.274        -1.587         2.310


           Standardized Residuals (z-scores) for Covariances
              Z0            C1            C2            C3            C4
              ________      ________      ________      ________      ________
 Z0             0.000
 C1             0.000         0.000
 C2             0.000         0.000         0.000
 C3             0.000         0.000         0.000         0.000
 C4             0.000         0.000         0.000         0.000         0.000
 C5             0.000         0.000         0.000         0.000         0.000
 C6             0.000         0.000         0.000         0.000         0.000
 C7             0.000         0.000         0.000         0.000         0.000
 C8             0.000         0.000         0.000         0.000         0.000
 C9             0.000         0.000         0.000         0.000         0.000
 C10            0.000         0.000         0.000         0.000         0.000
 C11            0.000         0.000         0.000         0.000         0.000
 C12            0.000         0.000         0.000         0.000         0.000
 C13            0.000         0.000         0.000         0.000         0.000
 C14            0.000         0.000         0.000         0.000         0.000
 C15            0.000         0.000         0.000         0.000         0.000
 C16            0.000         0.000         0.000         0.000         0.000
 C17            0.000         0.000         0.000         0.000         0.000
 C18            0.000         0.000         0.000         0.000         0.000
 C19            0.000         0.000         0.000         0.000         0.000
 C20            0.000         0.000         0.000         0.000         0.000
 C21            0.000         0.000         0.000         0.000         0.000
 C22            0.000         0.000         0.000         0.000         0.000
 C23            0.000         0.000         0.000         0.000         0.000
 C24            0.000         0.000         0.000         0.000         0.000


           Standardized Residuals (z-scores) for Covariances
              C5            C6            C7            C8            C9
              ________      ________      ________      ________      ________
 C5             0.000
 C6             0.000         0.000
 C7             0.000         0.000         0.000
 C8             0.000         0.000         0.000         0.000
 C9             0.000         0.000         0.000         0.000         0.000
 C10            0.000         0.000         0.000         0.000         0.000
 C11            0.000         0.000         0.000         0.000         0.000
 C12            0.000         0.000         0.000         0.000         0.000
 C13            0.000         0.000         0.000         0.000         0.000
 C14            0.000         0.000         0.000         0.000         0.000
 C15            0.000         0.000         0.000         0.000         0.000
 C16            0.000         0.000         0.000         0.000         0.000
 C17            0.000         0.000         0.000         0.000         0.000
 C18            0.000         0.000         0.000         0.000         0.000
 C19            0.000         0.000         0.000         0.000         0.000
 C20            0.000         0.000         0.000         0.000         0.000
 C21            0.000         0.000         0.000         0.000         0.000
 C22            0.000         0.000         0.000         0.000         0.000
 C23            0.000         0.000         0.000         0.000         0.000
 C24            0.000         0.000         0.000         0.000         0.000


           Standardized Residuals (z-scores) for Covariances
              C10           C11           C12           C13           C14
              ________      ________      ________      ________      ________
 C10            0.000
 C11            0.000         0.000
 C12            0.000         0.000         0.000
 C13            0.000         0.000         0.000         0.000
 C14            0.000         0.000         0.000         0.000         0.000
 C15            0.000         0.000         0.000         0.000         0.000
 C16            0.000         0.000         0.000         0.000         0.000
 C17            0.000         0.000         0.000         0.000         0.000
 C18            0.000         0.000         0.000         0.000         0.000
 C19            0.000         0.000         0.000         0.000         0.000
 C20            0.000         0.000         0.000         0.000         0.000
 C21            0.000         0.000         0.000         0.000         0.000
 C22            0.000         0.000         0.000         0.000         0.000
 C23            0.000         0.000         0.000         0.000         0.000
 C24            0.000         0.000         0.000         0.000         0.000


           Standardized Residuals (z-scores) for Covariances
              C15           C16           C17           C18           C19
              ________      ________      ________      ________      ________
 C15            0.000
 C16            0.000         0.000
 C17            0.000         0.000         0.000
 C18            0.000         0.000         0.000         0.000
 C19            0.000         0.000         0.000         0.000         0.000
 C20            0.000         0.000         0.000         0.000         0.000
 C21            0.000         0.000         0.000         0.000         0.000
 C22            0.000         0.000         0.000         0.000         0.000
 C23            0.000         0.000         0.000         0.000         0.000
 C24            0.000         0.000         0.000         0.000         0.000


           Standardized Residuals (z-scores) for Covariances
              C20           C21           C22           C23           C24
              ________      ________      ________      ________      ________
 C20            0.000
 C21            0.000         0.000
 C22            0.000         0.000         0.000
 C23            0.000         0.000         0.000         0.000
 C24            0.000         0.000         0.000         0.000         0.000


           Normalized Residuals for Covariances
              X1            X2            X3            X4            X5
              ________      ________      ________      ________      ________
 X1             0.303
 X2             1.170        -0.171
 X3            -0.987        -2.168        -1.244
 X4             0.253         0.574         0.552         1.072
 X5             0.744        -0.751        -1.057         1.673         0.200
 Y1            -0.091        -0.613         1.001         0.003        -0.264
 Y2             0.186        -0.142         0.623        -0.418        -0.364
 Y3            -1.157         0.050         0.400        -0.123        -0.575
 Y4            -0.904         0.835         0.102        -0.129        -1.464
 Y5             0.774        -0.248         1.353        -0.290        -0.235
 Z0             0.000         0.078        -0.036        -0.244         0.174
 C1             0.194        -0.247        -0.323         0.032         0.382
 C2             0.737         0.199        -2.179         1.790        -0.171
 C3             0.247         0.844        -1.278         0.273        -0.470
 C4            -0.523         1.451         0.558        -0.800        -2.019
 C5             0.453        -1.585        -0.036         1.648         0.482
 C6            -0.022        -0.013         0.238         0.211        -0.624
 C7            -0.038        -0.346         0.466        -0.204        -0.072
 C8             0.159         0.472        -0.856        -0.046         0.624
 C9            -0.230        -0.586         1.176        -0.039        -0.380
 C10            0.674        -0.474        -1.235         1.998         1.804
 C11           -0.119         0.316         0.186        -1.837         1.161
 C12            0.233         0.657        -1.199        -0.314         0.675
 C13            0.591         0.711        -2.341         1.277        -0.535
 C14            0.482         0.586        -1.919         1.085        -0.094
 C15           -0.037        -0.698         0.648         0.077         0.004
 C16            0.082         0.407        -0.350         0.495        -0.743
 C17           -0.073        -0.803         0.836         0.474        -0.226
 C18           -0.052         0.554        -0.533        -0.624         0.359
 C19           -0.214         0.253         0.353        -0.615         0.156
 C20           -0.083         0.141         0.164        -0.400        -0.003
 C21            0.432        -0.009        -1.318         0.545         0.439
 C22           -0.605        -0.078         1.739        -1.445         0.232
 C23           -0.253         0.197         0.482        -1.117         0.294
 C24            0.675         1.191        -2.926         0.922         0.139


           Normalized Residuals for Covariances
              Y1            Y2            Y3            Y4            Y5
              ________      ________      ________      ________      ________
 Y1            -0.546
 Y2            -0.746         0.615
 Y3             0.646         3.499         1.487
 Y4            -1.245        -1.620        -1.345        -1.644
 Y5            -1.889         0.049        -0.445        -1.378        -1.070
 Z0             0.000         0.070        -0.032        -0.218         0.198
 C1             0.385        -0.449        -0.681         0.675         0.507
 C2             0.337        -0.350        -0.404         0.243         0.522
 C3             0.279        -0.139        -0.599        -0.036         1.055
 C4            -0.201         0.659        -0.929         1.089        -0.709
 C5            -0.230         0.310         0.565        -1.266         0.005
 C6            -0.152         0.567        -0.861         0.902        -0.140
 C7             0.066        -0.155        -0.204         1.005        -0.393
 C8            -0.246         0.019         1.021        -0.798        -0.595
 C9             0.108        -0.058        -0.446         0.879        -0.240
 C10            0.189         0.031        -1.503         1.896        -0.162
 C11           -0.305         0.733         0.016        -0.698        -0.166
 C12            0.009         0.739        -1.546         0.854         0.604
 C13           -0.032         0.198        -0.171        -0.157         0.224
 C14            0.523        -1.186         0.497        -0.859         1.609
 C15           -0.153         0.005         0.924        -1.018        -0.198
 C16            0.266        -0.380        -0.756         2.071        -0.471
 C17            0.224        -0.330        -0.533         0.995         0.144
 C18           -0.338         0.864        -0.425        -0.101        -0.344
 C19            0.271        -0.170        -0.742         0.168         0.777
 C20            0.100        -0.035        -0.509         1.040         0.182
 C21            0.130         0.324        -0.461        -1.847         1.598
 C22           -0.326         0.302         0.375        -0.010        -0.804
 C23            0.131        -1.007         1.315        -0.582        -0.212
 C24            0.136        -0.802         1.019        -1.028         0.533


           Normalized Residuals for Covariances
              Z0            C1            C2            C3            C4
              ________      ________      ________      ________      ________
 Z0             0.000
 C1             0.000         0.000
 C2             0.000         0.000         0.000
 C3             0.000         0.000         0.000         0.000
 C4             0.000         0.000         0.000         0.000         0.000
 C5             0.000         0.000         0.000         0.000         0.000
 C6             0.000         0.000         0.000         0.000         0.000
 C7             0.000         0.000         0.000         0.000         0.000
 C8             0.000         0.000         0.000         0.000         0.000
 C9             0.000         0.000         0.000         0.000         0.000
 C10            0.000         0.000         0.000         0.000         0.000
 C11            0.000         0.000         0.000         0.000         0.000
 C12            0.000         0.000         0.000         0.000         0.000
 C13            0.000         0.000         0.000         0.000         0.000
 C14            0.000         0.000         0.000         0.000         0.000
 C15            0.000         0.000         0.000         0.000         0.000
 C16            0.000         0.000         0.000         0.000         0.000
 C17            0.000         0.000         0.000         0.000         0.000
 C18            0.000         0.000         0.000         0.000         0.000
 C19            0.000         0.000         0.000         0.000         0.000
 C20            0.000         0.000         0.000         0.000         0.000
 C21            0.000         0.000         0.000         0.000         0.000
 C22            0.000         0.000         0.000         0.000         0.000
 C23            0.000         0.000         0.000         0.000         0.000
 C24            0.000         0.000         0.000         0.000         0.000


           Normalized Residuals for Covariances
              C5            C6            C7            C8            C9
              ________      ________      ________      ________      ________
 C5             0.000
 C6             0.000         0.000
 C7             0.000         0.000         0.000
 C8             0.000         0.000         0.000         0.000
 C9             0.000         0.000         0.000         0.000         0.000
 C10            0.000         0.000         0.000         0.000         0.000
 C11            0.000         0.000         0.000         0.000         0.000
 C12            0.000         0.000         0.000         0.000         0.000
 C13            0.000         0.000         0.000         0.000         0.000
 C14            0.000         0.000         0.000         0.000         0.000
 C15            0.000         0.000         0.000         0.000         0.000
 C16            0.000         0.000         0.000         0.000         0.000
 C17            0.000         0.000         0.000         0.000         0.000
 C18            0.000         0.000         0.000         0.000         0.000
 C19            0.000         0.000         0.000         0.000         0.000
 C20            0.000         0.000         0.000         0.000         0.000
 C21            0.000         0.000         0.000         0.000         0.000
 C22            0.000         0.000         0.000         0.000         0.000
 C23            0.000         0.000         0.000         0.000         0.000
 C24            0.000         0.000         0.000         0.000         0.000


           Normalized Residuals for Covariances
              C10           C11           C12           C13           C14
              ________      ________      ________      ________      ________
 C10            0.000
 C11            0.000         0.000
 C12            0.000         0.000         0.000
 C13            0.000         0.000         0.000         0.000
 C14            0.000         0.000         0.000         0.000         0.000
 C15            0.000         0.000         0.000         0.000         0.000
 C16            0.000         0.000         0.000         0.000         0.000
 C17            0.000         0.000         0.000         0.000         0.000
 C18            0.000         0.000         0.000         0.000         0.000
 C19            0.000         0.000         0.000         0.000         0.000
 C20            0.000         0.000         0.000         0.000         0.000
 C21            0.000         0.000         0.000         0.000         0.000
 C22            0.000         0.000         0.000         0.000         0.000
 C23            0.000         0.000         0.000         0.000         0.000
 C24            0.000         0.000         0.000         0.000         0.000


           Normalized Residuals for Covariances
              C15           C16           C17           C18           C19
              ________      ________      ________      ________      ________
 C15            0.000
 C16            0.000         0.000
 C17            0.000         0.000         0.000
 C18            0.000         0.000         0.000         0.000
 C19            0.000         0.000         0.000         0.000         0.000
 C20            0.000         0.000         0.000         0.000         0.000
 C21            0.000         0.000         0.000         0.000         0.000
 C22            0.000         0.000         0.000         0.000         0.000
 C23            0.000         0.000         0.000         0.000         0.000
 C24            0.000         0.000         0.000         0.000         0.000


           Normalized Residuals for Covariances
              C20           C21           C22           C23           C24
              ________      ________      ________      ________      ________
 C20            0.000
 C21            0.000         0.000
 C22            0.000         0.000         0.000
 C23            0.000         0.000         0.000         0.000
 C24            0.000         0.000         0.000         0.000         0.000


TECHNICAL 1 OUTPUT


     PARAMETER SPECIFICATION


           NU
              X1            X2            X3            X4            X5
              ________      ________      ________      ________      ________
                  0             0             0             0             0


           NU
              Y1            Y2            Y3            Y4            Y5
              ________      ________      ________      ________      ________
                  0             0             0             0             0


           NU
              Z0            C1            C2            C3            C4
              ________      ________      ________      ________      ________
                  0             0             0             0             0


           NU
              C5            C6            C7            C8            C9
              ________      ________      ________      ________      ________
                  0             0             0             0             0


           NU
              C10           C11           C12           C13           C14
              ________      ________      ________      ________      ________
                  0             0             0             0             0


           NU
              C15           C16           C17           C18           C19
              ________      ________      ________      ________      ________
                  0             0             0             0             0


           NU
              C20           C21           C22           C23           C24
              ________      ________      ________      ________      ________
                  0             0             0             0             0


           LAMBDA
              SX            IX            IY            SY            X1
              ________      ________      ________      ________      ________
 X1                 0             0             0             0             0
 X2                 1             0             0             0             0
 X3                 2             0             0             0             0
 X4                 3             0             0             0             0
 X5                 0             0             0             0             0
 Y1                 0             0             0             0             0
 Y2                 0             0             0             0             0
 Y3                 0             0             0             0             0
 Y4                 0             0             0             0             0
 Y5                 0             0             0             0             0
 Z0                 0             0             0             0             0
 C1                 0             0             0             0             0
 C2                 0             0             0             0             0
 C3                 0             0             0             0             0
 C4                 0             0             0             0             0
 C5                 0             0             0             0             0
 C6                 0             0             0             0             0
 C7                 0             0             0             0             0
 C8                 0             0             0             0             0
 C9                 0             0             0             0             0
 C10                0             0             0             0             0
 C11                0             0             0             0             0
 C12                0             0             0             0             0
 C13                0             0             0             0             0
 C14                0             0             0             0             0
 C15                0             0             0             0             0
 C16                0             0             0             0             0
 C17                0             0             0             0             0
 C18                0             0             0             0             0
 C19                0             0             0             0             0
 C20                0             0             0             0             0
 C21                0             0             0             0             0
 C22                0             0             0             0             0
 C23                0             0             0             0             0
 C24                0             0             0             0             0


           LAMBDA
              Y1            Z0            C1            C2            C3
              ________      ________      ________      ________      ________
 X1                 0             0             0             0             0
 X2                 0             0             0             0             0
 X3                 0             0             0             0             0
 X4                 0             0             0             0             0
 X5                 0             0             0             0             0
 Y1                 0             0             0             0             0
 Y2                 0             0             0             0             0
 Y3                 0             0             0             0             0
 Y4                 0             0             0             0             0
 Y5                 0             0             0             0             0
 Z0                 0             0             0             0             0
 C1                 0             0             0             0             0
 C2                 0             0             0             0             0
 C3                 0             0             0             0             0
 C4                 0             0             0             0             0
 C5                 0             0             0             0             0
 C6                 0             0             0             0             0
 C7                 0             0             0             0             0
 C8                 0             0             0             0             0
 C9                 0             0             0             0             0
 C10                0             0             0             0             0
 C11                0             0             0             0             0
 C12                0             0             0             0             0
 C13                0             0             0             0             0
 C14                0             0             0             0             0
 C15                0             0             0             0             0
 C16                0             0             0             0             0
 C17                0             0             0             0             0
 C18                0             0             0             0             0
 C19                0             0             0             0             0
 C20                0             0             0             0             0
 C21                0             0             0             0             0
 C22                0             0             0             0             0
 C23                0             0             0             0             0
 C24                0             0             0             0             0


           LAMBDA
              C4            C5            C6            C7            C8
              ________      ________      ________      ________      ________
 X1                 0             0             0             0             0
 X2                 0             0             0             0             0
 X3                 0             0             0             0             0
 X4                 0             0             0             0             0
 X5                 0             0             0             0             0
 Y1                 0             0             0             0             0
 Y2                 0             0             0             0             0
 Y3                 0             0             0             0             0
 Y4                 0             0             0             0             0
 Y5                 0             0             0             0             0
 Z0                 0             0             0             0             0
 C1                 0             0             0             0             0
 C2                 0             0             0             0             0
 C3                 0             0             0             0             0
 C4                 0             0             0             0             0
 C5                 0             0             0             0             0
 C6                 0             0             0             0             0
 C7                 0             0             0             0             0
 C8                 0             0             0             0             0
 C9                 0             0             0             0             0
 C10                0             0             0             0             0
 C11                0             0             0             0             0
 C12                0             0             0             0             0
 C13                0             0             0             0             0
 C14                0             0             0             0             0
 C15                0             0             0             0             0
 C16                0             0             0             0             0
 C17                0             0             0             0             0
 C18                0             0             0             0             0
 C19                0             0             0             0             0
 C20                0             0             0             0             0
 C21                0             0             0             0             0
 C22                0             0             0             0             0
 C23                0             0             0             0             0
 C24                0             0             0             0             0


           LAMBDA
              C9            C10           C11           C12           C13
              ________      ________      ________      ________      ________
 X1                 0             0             0             0             0
 X2                 0             0             0             0             0
 X3                 0             0             0             0             0
 X4                 0             0             0             0             0
 X5                 0             0             0             0             0
 Y1                 0             0             0             0             0
 Y2                 0             0             0             0             0
 Y3                 0             0             0             0             0
 Y4                 0             0             0             0             0
 Y5                 0             0             0             0             0
 Z0                 0             0             0             0             0
 C1                 0             0             0             0             0
 C2                 0             0             0             0             0
 C3                 0             0             0             0             0
 C4                 0             0             0             0             0
 C5                 0             0             0             0             0
 C6                 0             0             0             0             0
 C7                 0             0             0             0             0
 C8                 0             0             0             0             0
 C9                 0             0             0             0             0
 C10                0             0             0             0             0
 C11                0             0             0             0             0
 C12                0             0             0             0             0
 C13                0             0             0             0             0
 C14                0             0             0             0             0
 C15                0             0             0             0             0
 C16                0             0             0             0             0
 C17                0             0             0             0             0
 C18                0             0             0             0             0
 C19                0             0             0             0             0
 C20                0             0             0             0             0
 C21                0             0             0             0             0
 C22                0             0             0             0             0
 C23                0             0             0             0             0
 C24                0             0             0             0             0


           LAMBDA
              C14           C15           C16           C17           C18
              ________      ________      ________      ________      ________
 X1                 0             0             0             0             0
 X2                 0             0             0             0             0
 X3                 0             0             0             0             0
 X4                 0             0             0             0             0
 X5                 0             0             0             0             0
 Y1                 0             0             0             0             0
 Y2                 0             0             0             0             0
 Y3                 0             0             0             0             0
 Y4                 0             0             0             0             0
 Y5                 0             0             0             0             0
 Z0                 0             0             0             0             0
 C1                 0             0             0             0             0
 C2                 0             0             0             0             0
 C3                 0             0             0             0             0
 C4                 0             0             0             0             0
 C5                 0             0             0             0             0
 C6                 0             0             0             0             0
 C7                 0             0             0             0             0
 C8                 0             0             0             0             0
 C9                 0             0             0             0             0
 C10                0             0             0             0             0
 C11                0             0             0             0             0
 C12                0             0             0             0             0
 C13                0             0             0             0             0
 C14                0             0             0             0             0
 C15                0             0             0             0             0
 C16                0             0             0             0             0
 C17                0             0             0             0             0
 C18                0             0             0             0             0
 C19                0             0             0             0             0
 C20                0             0             0             0             0
 C21                0             0             0             0             0
 C22                0             0             0             0             0
 C23                0             0             0             0             0
 C24                0             0             0             0             0


           LAMBDA
              C19           C20           C21           C22           C23
              ________      ________      ________      ________      ________
 X1                 0             0             0             0             0
 X2                 0             0             0             0             0
 X3                 0             0             0             0             0
 X4                 0             0             0             0             0
 X5                 0             0             0             0             0
 Y1                 0             0             0             0             0
 Y2                 0             0             0             0             0
 Y3                 0             0             0             0             0
 Y4                 0             0             0             0             0
 Y5                 0             0             0             0             0
 Z0                 0             0             0             0             0
 C1                 0             0             0             0             0
 C2                 0             0             0             0             0
 C3                 0             0             0             0             0
 C4                 0             0             0             0             0
 C5                 0             0             0             0             0
 C6                 0             0             0             0             0
 C7                 0             0             0             0             0
 C8                 0             0             0             0             0
 C9                 0             0             0             0             0
 C10                0             0             0             0             0
 C11                0             0             0             0             0
 C12                0             0             0             0             0
 C13                0             0             0             0             0
 C14                0             0             0             0             0
 C15                0             0             0             0             0
 C16                0             0             0             0             0
 C17                0             0             0             0             0
 C18                0             0             0             0             0
 C19                0             0             0             0             0
 C20                0             0             0             0             0
 C21                0             0             0             0             0
 C22                0             0             0             0             0
 C23                0             0             0             0             0
 C24                0             0             0             0             0


           LAMBDA
              C24
              ________
 X1                 0
 X2                 0
 X3                 0
 X4                 0
 X5                 0
 Y1                 0
 Y2                 0
 Y3                 0
 Y4                 0
 Y5                 0
 Z0                 0
 C1                 0
 C2                 0
 C3                 0
 C4                 0
 C5                 0
 C6                 0
 C7                 0
 C8                 0
 C9                 0
 C10                0
 C11                0
 C12                0
 C13                0
 C14                0
 C15                0
 C16                0
 C17                0
 C18                0
 C19                0
 C20                0
 C21                0
 C22                0
 C23                0
 C24                0


           THETA
              X1            X2            X3            X4            X5
              ________      ________      ________      ________      ________
 X1                 0
 X2                 0             4
 X3                 0             0             5
 X4                 0             0             0             6
 X5                 0             0             0             0             7
 Y1                 0             0             0             0             0
 Y2                 0             8             0             0             0
 Y3                 0             0            10             0             0
 Y4                 0             0             0            12             0
 Y5                 0             0             0             0            14
 Z0                 0             0             0             0             0
 C1                 0             0             0             0             0
 C2                 0             0             0             0             0
 C3                 0             0             0             0             0
 C4                 0             0             0             0             0
 C5                 0             0             0             0             0
 C6                 0             0             0             0             0
 C7                 0             0             0             0             0
 C8                 0             0             0             0             0
 C9                 0             0             0             0             0
 C10                0             0             0             0             0
 C11                0             0             0             0             0
 C12                0             0             0             0             0
 C13                0             0             0             0             0
 C14                0             0             0             0             0
 C15                0             0             0             0             0
 C16                0             0             0             0             0
 C17                0             0             0             0             0
 C18                0             0             0             0             0
 C19                0             0             0             0             0
 C20                0             0             0             0             0
 C21                0             0             0             0             0
 C22                0             0             0             0             0
 C23                0             0             0             0             0
 C24                0             0             0             0             0


           THETA
              Y1            Y2            Y3            Y4            Y5
              ________      ________      ________      ________      ________
 Y1                 0
 Y2                 0             9
 Y3                 0             0            11
 Y4                 0             0             0            13
 Y5                 0             0             0             0            15
 Z0                 0             0             0             0             0
 C1                 0             0             0             0             0
 C2                 0             0             0             0             0
 C3                 0             0             0             0             0
 C4                 0             0             0             0             0
 C5                 0             0             0             0             0
 C6                 0             0             0             0             0
 C7                 0             0             0             0             0
 C8                 0             0             0             0             0
 C9                 0             0             0             0             0
 C10                0             0             0             0             0
 C11                0             0             0             0             0
 C12                0             0             0             0             0
 C13                0             0             0             0             0
 C14                0             0             0             0             0
 C15                0             0             0             0             0
 C16                0             0             0             0             0
 C17                0             0             0             0             0
 C18                0             0             0             0             0
 C19                0             0             0             0             0
 C20                0             0             0             0             0
 C21                0             0             0             0             0
 C22                0             0             0             0             0
 C23                0             0             0             0             0
 C24                0             0             0             0             0


           THETA
              Z0            C1            C2            C3            C4
              ________      ________      ________      ________      ________
 Z0                 0
 C1                 0             0
 C2                 0             0             0
 C3                 0             0             0             0
 C4                 0             0             0             0             0
 C5                 0             0             0             0             0
 C6                 0             0             0             0             0
 C7                 0             0             0             0             0
 C8                 0             0             0             0             0
 C9                 0             0             0             0             0
 C10                0             0             0             0             0
 C11                0             0             0             0             0
 C12                0             0             0             0             0
 C13                0             0             0             0             0
 C14                0             0             0             0             0
 C15                0             0             0             0             0
 C16                0             0             0             0             0
 C17                0             0             0             0             0
 C18                0             0             0             0             0
 C19                0             0             0             0             0
 C20                0             0             0             0             0
 C21                0             0             0             0             0
 C22                0             0             0             0             0
 C23                0             0             0             0             0
 C24                0             0             0             0             0


           THETA
              C5            C6            C7            C8            C9
              ________      ________      ________      ________      ________
 C5                 0
 C6                 0             0
 C7                 0             0             0
 C8                 0             0             0             0
 C9                 0             0             0             0             0
 C10                0             0             0             0             0
 C11                0             0             0             0             0
 C12                0             0             0             0             0
 C13                0             0             0             0             0
 C14                0             0             0             0             0
 C15                0             0             0             0             0
 C16                0             0             0             0             0
 C17                0             0             0             0             0
 C18                0             0             0             0             0
 C19                0             0             0             0             0
 C20                0             0             0             0             0
 C21                0             0             0             0             0
 C22                0             0             0             0             0
 C23                0             0             0             0             0
 C24                0             0             0             0             0


           THETA
              C10           C11           C12           C13           C14
              ________      ________      ________      ________      ________
 C10                0
 C11                0             0
 C12                0             0             0
 C13                0             0             0             0
 C14                0             0             0             0             0
 C15                0             0             0             0             0
 C16                0             0             0             0             0
 C17                0             0             0             0             0
 C18                0             0             0             0             0
 C19                0             0             0             0             0
 C20                0             0             0             0             0
 C21                0             0             0             0             0
 C22                0             0             0             0             0
 C23                0             0             0             0             0
 C24                0             0             0             0             0


           THETA
              C15           C16           C17           C18           C19
              ________      ________      ________      ________      ________
 C15                0
 C16                0             0
 C17                0             0             0
 C18                0             0             0             0
 C19                0             0             0             0             0
 C20                0             0             0             0             0
 C21                0             0             0             0             0
 C22                0             0             0             0             0
 C23                0             0             0             0             0
 C24                0             0             0             0             0


           THETA
              C20           C21           C22           C23           C24
              ________      ________      ________      ________      ________
 C20                0
 C21                0             0
 C22                0             0             0
 C23                0             0             0             0
 C24                0             0             0             0             0


           ALPHA
              SX            IX            IY            SY            X1
              ________      ________      ________      ________      ________
                 16            17            18            19             0


           ALPHA
              Y1            Z0            C1            C2            C3
              ________      ________      ________      ________      ________
                  0             0             0             0             0


           ALPHA
              C4            C5            C6            C7            C8
              ________      ________      ________      ________      ________
                  0             0             0             0             0


           ALPHA
              C9            C10           C11           C12           C13
              ________      ________      ________      ________      ________
                  0             0             0             0             0


           ALPHA
              C14           C15           C16           C17           C18
              ________      ________      ________      ________      ________
                  0             0             0             0             0


           ALPHA
              C19           C20           C21           C22           C23
              ________      ________      ________      ________      ________
                  0             0             0             0             0


           ALPHA
              C24
              ________
                  0


           BETA
              SX            IX            IY            SY            X1
              ________      ________      ________      ________      ________
 SX                 0             0             0             0             0
 IX                 0             0             0             0             0
 IY                 0            70             0             0             0
 SY                96            97            98             0             0
 X1                 0             0             0             0             0
 Y1                 0             0             0             0             0
 Z0                 0             0             0             0             0
 C1                 0             0             0             0             0
 C2                 0             0             0             0             0
 C3                 0             0             0             0             0
 C4                 0             0             0             0             0
 C5                 0             0             0             0             0
 C6                 0             0             0             0             0
 C7                 0             0             0             0             0
 C8                 0             0             0             0             0
 C9                 0             0             0             0             0
 C10                0             0             0             0             0
 C11                0             0             0             0             0
 C12                0             0             0             0             0
 C13                0             0             0             0             0
 C14                0             0             0             0             0
 C15                0             0             0             0             0
 C16                0             0             0             0             0
 C17                0             0             0             0             0
 C18                0             0             0             0             0
 C19                0             0             0             0             0
 C20                0             0             0             0             0
 C21                0             0             0             0             0
 C22                0             0             0             0             0
 C23                0             0             0             0             0
 C24                0             0             0             0             0


           BETA
              Y1            Z0            C1            C2            C3
              ________      ________      ________      ________      ________
 SX                 0            20            21            22            23
 IX                 0            45            46            47            48
 IY                 0            71            72            73            74
 SY                 0            99           100           101           102
 X1                 0           124             0             0             0
 Y1                 0           125             0             0             0
 Z0                 0             0             0             0             0
 C1                 0             0             0             0             0
 C2                 0             0             0             0             0
 C3                 0             0             0             0             0
 C4                 0             0             0             0             0
 C5                 0             0             0             0             0
 C6                 0             0             0             0             0
 C7                 0             0             0             0             0
 C8                 0             0             0             0             0
 C9                 0             0             0             0             0
 C10                0             0             0             0             0
 C11                0             0             0             0             0
 C12                0             0             0             0             0
 C13                0             0             0             0             0
 C14                0             0             0             0             0
 C15                0             0             0             0             0
 C16                0             0             0             0             0
 C17                0             0             0             0             0
 C18                0             0             0             0             0
 C19                0             0             0             0             0
 C20                0             0             0             0             0
 C21                0             0             0             0             0
 C22                0             0             0             0             0
 C23                0             0             0             0             0
 C24                0             0             0             0             0


           BETA
              C4            C5            C6            C7            C8
              ________      ________      ________      ________      ________
 SX                24            25            26            27            28
 IX                49            50            51            52            53
 IY                75            76            77            78            79
 SY               103           104           105           106           107
 X1                 0             0             0             0             0
 Y1                 0             0             0             0             0
 Z0                 0             0             0             0             0
 C1                 0             0             0             0             0
 C2                 0             0             0             0             0
 C3                 0             0             0             0             0
 C4                 0             0             0             0             0
 C5                 0             0             0             0             0
 C6                 0             0             0             0             0
 C7                 0             0             0             0             0
 C8                 0             0             0             0             0
 C9                 0             0             0             0             0
 C10                0             0             0             0             0
 C11                0             0             0             0             0
 C12                0             0             0             0             0
 C13                0             0             0             0             0
 C14                0             0             0             0             0
 C15                0             0             0             0             0
 C16                0             0             0             0             0
 C17                0             0             0             0             0
 C18                0             0             0             0             0
 C19                0             0             0             0             0
 C20                0             0             0             0             0
 C21                0             0             0             0             0
 C22                0             0             0             0             0
 C23                0             0             0             0             0
 C24                0             0             0             0             0


           BETA
              C9            C10           C11           C12           C13
              ________      ________      ________      ________      ________
 SX                29            30            31            32            33
 IX                54            55            56            57            58
 IY                80            81            82            83            84
 SY               108           109           110           111           112
 X1                 0             0             0             0             0
 Y1                 0             0             0             0             0
 Z0                 0             0             0             0             0
 C1                 0             0             0             0             0
 C2                 0             0             0             0             0
 C3                 0             0             0             0             0
 C4                 0             0             0             0             0
 C5                 0             0             0             0             0
 C6                 0             0             0             0             0
 C7                 0             0             0             0             0
 C8                 0             0             0             0             0
 C9                 0             0             0             0             0
 C10                0             0             0             0             0
 C11                0             0             0             0             0
 C12                0             0             0             0             0
 C13                0             0             0             0             0
 C14                0             0             0             0             0
 C15                0             0             0             0             0
 C16                0             0             0             0             0
 C17                0             0             0             0             0
 C18                0             0             0             0             0
 C19                0             0             0             0             0
 C20                0             0             0             0             0
 C21                0             0             0             0             0
 C22                0             0             0             0             0
 C23                0             0             0             0             0
 C24                0             0             0             0             0


           BETA
              C14           C15           C16           C17           C18
              ________      ________      ________      ________      ________
 SX                34            35            36            37            38
 IX                59            60            61            62            63
 IY                85            86            87            88            89
 SY               113           114           115           116           117
 X1                 0             0             0             0             0
 Y1                 0             0             0             0             0
 Z0                 0             0             0             0             0
 C1                 0             0             0             0             0
 C2                 0             0             0             0             0
 C3                 0             0             0             0             0
 C4                 0             0             0             0             0
 C5                 0             0             0             0             0
 C6                 0             0             0             0             0
 C7                 0             0             0             0             0
 C8                 0             0             0             0             0
 C9                 0             0             0             0             0
 C10                0             0             0             0             0
 C11                0             0             0             0             0
 C12                0             0             0             0             0
 C13                0             0             0             0             0
 C14                0             0             0             0             0
 C15                0             0             0             0             0
 C16                0             0             0             0             0
 C17                0             0             0             0             0
 C18                0             0             0             0             0
 C19                0             0             0             0             0
 C20                0             0             0             0             0
 C21                0             0             0             0             0
 C22                0             0             0             0             0
 C23                0             0             0             0             0
 C24                0             0             0             0             0


           BETA
              C19           C20           C21           C22           C23
              ________      ________      ________      ________      ________
 SX                39            40            41            42            43
 IX                64            65            66            67            68
 IY                90            91            92            93            94
 SY               118           119           120           121           122
 X1                 0             0             0             0             0
 Y1                 0             0             0             0             0
 Z0                 0             0             0             0             0
 C1                 0             0             0             0             0
 C2                 0             0             0             0             0
 C3                 0             0             0             0             0
 C4                 0             0             0             0             0
 C5                 0             0             0             0             0
 C6                 0             0             0             0             0
 C7                 0             0             0             0             0
 C8                 0             0             0             0             0
 C9                 0             0             0             0             0
 C10                0             0             0             0             0
 C11                0             0             0             0             0
 C12                0             0             0             0             0
 C13                0             0             0             0             0
 C14                0             0             0             0             0
 C15                0             0             0             0             0
 C16                0             0             0             0             0
 C17                0             0             0             0             0
 C18                0             0             0             0             0
 C19                0             0             0             0             0
 C20                0             0             0             0             0
 C21                0             0             0             0             0
 C22                0             0             0             0             0
 C23                0             0             0             0             0
 C24                0             0             0             0             0


           BETA
              C24
              ________
 SX                44
 IX                69
 IY                95
 SY               123
 X1                 0
 Y1                 0
 Z0                 0
 C1                 0
 C2                 0
 C3                 0
 C4                 0
 C5                 0
 C6                 0
 C7                 0
 C8                 0
 C9                 0
 C10                0
 C11                0
 C12                0
 C13                0
 C14                0
 C15                0
 C16                0
 C17                0
 C18                0
 C19                0
 C20                0
 C21                0
 C22                0
 C23                0
 C24                0


           PSI
              SX            IX            IY            SY            X1
              ________      ________      ________      ________      ________
 SX               126
 IX               127           128
 IY               129             0           130
 SY                 0             0             0           131
 X1                 0             0             0             0           132
 Y1                 0             0             0             0           133
 Z0                 0             0             0             0             0
 C1                 0             0             0             0             0
 C2                 0             0             0             0             0
 C3                 0             0             0             0             0
 C4                 0             0             0             0             0
 C5                 0             0             0             0             0
 C6                 0             0             0             0             0
 C7                 0             0             0             0             0
 C8                 0             0             0             0             0
 C9                 0             0             0             0             0
 C10                0             0             0             0             0
 C11                0             0             0             0             0
 C12                0             0             0             0             0
 C13                0             0             0             0             0
 C14                0             0             0             0             0
 C15                0             0             0             0             0
 C16                0             0             0             0             0
 C17                0             0             0             0             0
 C18                0             0             0             0             0
 C19                0             0             0             0             0
 C20                0             0             0             0             0
 C21                0             0             0             0             0
 C22                0             0             0             0             0
 C23                0             0             0             0             0
 C24                0             0             0             0             0


           PSI
              Y1            Z0            C1            C2            C3
              ________      ________      ________      ________      ________
 Y1               134
 Z0                 0             0
 C1                 0             0             0
 C2                 0             0             0             0
 C3                 0             0             0             0             0
 C4                 0             0             0             0             0
 C5                 0             0             0             0             0
 C6                 0             0             0             0             0
 C7                 0             0             0             0             0
 C8                 0             0             0             0             0
 C9                 0             0             0             0             0
 C10                0             0             0             0             0
 C11                0             0             0             0             0
 C12                0             0             0             0             0
 C13                0             0             0             0             0
 C14                0             0             0             0             0
 C15                0             0             0             0             0
 C16                0             0             0             0             0
 C17                0             0             0             0             0
 C18                0             0             0             0             0
 C19                0             0             0             0             0
 C20                0             0             0             0             0
 C21                0             0             0             0             0
 C22                0             0             0             0             0
 C23                0             0             0             0             0
 C24                0             0             0             0             0


           PSI
              C4            C5            C6            C7            C8
              ________      ________      ________      ________      ________
 C4                 0
 C5                 0             0
 C6                 0             0             0
 C7                 0             0             0             0
 C8                 0             0             0             0             0
 C9                 0             0             0             0             0
 C10                0             0             0             0             0
 C11                0             0             0             0             0
 C12                0             0             0             0             0
 C13                0             0             0             0             0
 C14                0             0             0             0             0
 C15                0             0             0             0             0
 C16                0             0             0             0             0
 C17                0             0             0             0             0
 C18                0             0             0             0             0
 C19                0             0             0             0             0
 C20                0             0             0             0             0
 C21                0             0             0             0             0
 C22                0             0             0             0             0
 C23                0             0             0             0             0
 C24                0             0             0             0             0


           PSI
              C9            C10           C11           C12           C13
              ________      ________      ________      ________      ________
 C9                 0
 C10                0             0
 C11                0             0             0
 C12                0             0             0             0
 C13                0             0             0             0             0
 C14                0             0             0             0             0
 C15                0             0             0             0             0
 C16                0             0             0             0             0
 C17                0             0             0             0             0
 C18                0             0             0             0             0
 C19                0             0             0             0             0
 C20                0             0             0             0             0
 C21                0             0             0             0             0
 C22                0             0             0             0             0
 C23                0             0             0             0             0
 C24                0             0             0             0             0


           PSI
              C14           C15           C16           C17           C18
              ________      ________      ________      ________      ________
 C14                0
 C15                0             0
 C16                0             0             0
 C17                0             0             0             0
 C18                0             0             0             0             0
 C19                0             0             0             0             0
 C20                0             0             0             0             0
 C21                0             0             0             0             0
 C22                0             0             0             0             0
 C23                0             0             0             0             0
 C24                0             0             0             0             0


           PSI
              C19           C20           C21           C22           C23
              ________      ________      ________      ________      ________
 C19                0
 C20                0             0
 C21                0             0             0
 C22                0             0             0             0
 C23                0             0             0             0             0
 C24                0             0             0             0             0


           PSI
              C24
              ________
 C24                0


     STARTING VALUES


           NU
              X1            X2            X3            X4            X5
              ________      ________      ________      ________      ________
                0.000         0.000         0.000         0.000         0.000


           NU
              Y1            Y2            Y3            Y4            Y5
              ________      ________      ________      ________      ________
                0.000         0.000         0.000         0.000         0.000


           NU
              Z0            C1            C2            C3            C4
              ________      ________      ________      ________      ________
                0.000         0.000         0.000         0.000         0.000


           NU
              C5            C6            C7            C8            C9
              ________      ________      ________      ________      ________
                0.000         0.000         0.000         0.000         0.000


           NU
              C10           C11           C12           C13           C14
              ________      ________      ________      ________      ________
                0.000         0.000         0.000         0.000         0.000


           NU
              C15           C16           C17           C18           C19
              ________      ________      ________      ________      ________
                0.000         0.000         0.000         0.000         0.000


           NU
              C20           C21           C22           C23           C24
              ________      ________      ________      ________      ________
                0.000         0.000         0.000         0.000         0.000


           LAMBDA
              SX            IX            IY            SY            X1
              ________      ________      ________      ________      ________
 X1             0.000         0.000         0.000         0.000         1.000
 X2             0.770         1.000         0.000         0.000         0.000
 X3             0.668         1.000         0.000         0.000         0.000
 X4             1.124         1.000         0.000         0.000         0.000
 X5             1.000         1.000         0.000         0.000         0.000
 Y1             0.000         0.000         0.000         0.000         0.000
 Y2             0.000         0.000         1.000         0.400         0.000
 Y3             0.000         0.000         1.000         0.600         0.000
 Y4             0.000         0.000         1.000         0.800         0.000
 Y5             0.000         0.000         1.000         1.000         0.000
 Z0             0.000         0.000         0.000         0.000         0.000
 C1             0.000         0.000         0.000         0.000         0.000
 C2             0.000         0.000         0.000         0.000         0.000
 C3             0.000         0.000         0.000         0.000         0.000
 C4             0.000         0.000         0.000         0.000         0.000
 C5             0.000         0.000         0.000         0.000         0.000
 C6             0.000         0.000         0.000         0.000         0.000
 C7             0.000         0.000         0.000         0.000         0.000
 C8             0.000         0.000         0.000         0.000         0.000
 C9             0.000         0.000         0.000         0.000         0.000
 C10            0.000         0.000         0.000         0.000         0.000
 C11            0.000         0.000         0.000         0.000         0.000
 C12            0.000         0.000         0.000         0.000         0.000
 C13            0.000         0.000         0.000         0.000         0.000
 C14            0.000         0.000         0.000         0.000         0.000
 C15            0.000         0.000         0.000         0.000         0.000
 C16            0.000         0.000         0.000         0.000         0.000
 C17            0.000         0.000         0.000         0.000         0.000
 C18            0.000         0.000         0.000         0.000         0.000
 C19            0.000         0.000         0.000         0.000         0.000
 C20            0.000         0.000         0.000         0.000         0.000
 C21            0.000         0.000         0.000         0.000         0.000
 C22            0.000         0.000         0.000         0.000         0.000
 C23            0.000         0.000         0.000         0.000         0.000
 C24            0.000         0.000         0.000         0.000         0.000


           LAMBDA
              Y1            Z0            C1            C2            C3
              ________      ________      ________      ________      ________
 X1             0.000         0.000         0.000         0.000         0.000
 X2             0.000         0.000         0.000         0.000         0.000
 X3             0.000         0.000         0.000         0.000         0.000
 X4             0.000         0.000         0.000         0.000         0.000
 X5             0.000         0.000         0.000         0.000         0.000
 Y1             1.000         0.000         0.000         0.000         0.000
 Y2             0.000         0.000         0.000         0.000         0.000
 Y3             0.000         0.000         0.000         0.000         0.000
 Y4             0.000         0.000         0.000         0.000         0.000
 Y5             0.000         0.000         0.000         0.000         0.000
 Z0             0.000         1.000         0.000         0.000         0.000
 C1             0.000         0.000         1.000         0.000         0.000
 C2             0.000         0.000         0.000         1.000         0.000
 C3             0.000         0.000         0.000         0.000         1.000
 C4             0.000         0.000         0.000         0.000         0.000
 C5             0.000         0.000         0.000         0.000         0.000
 C6             0.000         0.000         0.000         0.000         0.000
 C7             0.000         0.000         0.000         0.000         0.000
 C8             0.000         0.000         0.000         0.000         0.000
 C9             0.000         0.000         0.000         0.000         0.000
 C10            0.000         0.000         0.000         0.000         0.000
 C11            0.000         0.000         0.000         0.000         0.000
 C12            0.000         0.000         0.000         0.000         0.000
 C13            0.000         0.000         0.000         0.000         0.000
 C14            0.000         0.000         0.000         0.000         0.000
 C15            0.000         0.000         0.000         0.000         0.000
 C16            0.000         0.000         0.000         0.000         0.000
 C17            0.000         0.000         0.000         0.000         0.000
 C18            0.000         0.000         0.000         0.000         0.000
 C19            0.000         0.000         0.000         0.000         0.000
 C20            0.000         0.000         0.000         0.000         0.000
 C21            0.000         0.000         0.000         0.000         0.000
 C22            0.000         0.000         0.000         0.000         0.000
 C23            0.000         0.000         0.000         0.000         0.000
 C24            0.000         0.000         0.000         0.000         0.000


           LAMBDA
              C4            C5            C6            C7            C8
              ________      ________      ________      ________      ________
 X1             0.000         0.000         0.000         0.000         0.000
 X2             0.000         0.000         0.000         0.000         0.000
 X3             0.000         0.000         0.000         0.000         0.000
 X4             0.000         0.000         0.000         0.000         0.000
 X5             0.000         0.000         0.000         0.000         0.000
 Y1             0.000         0.000         0.000         0.000         0.000
 Y2             0.000         0.000         0.000         0.000         0.000
 Y3             0.000         0.000         0.000         0.000         0.000
 Y4             0.000         0.000         0.000         0.000         0.000
 Y5             0.000         0.000         0.000         0.000         0.000
 Z0             0.000         0.000         0.000         0.000         0.000
 C1             0.000         0.000         0.000         0.000         0.000
 C2             0.000         0.000         0.000         0.000         0.000
 C3             0.000         0.000         0.000         0.000         0.000
 C4             1.000         0.000         0.000         0.000         0.000
 C5             0.000         1.000         0.000         0.000         0.000
 C6             0.000         0.000         1.000         0.000         0.000
 C7             0.000         0.000         0.000         1.000         0.000
 C8             0.000         0.000         0.000         0.000         1.000
 C9             0.000         0.000         0.000         0.000         0.000
 C10            0.000         0.000         0.000         0.000         0.000
 C11            0.000         0.000         0.000         0.000         0.000
 C12            0.000         0.000         0.000         0.000         0.000
 C13            0.000         0.000         0.000         0.000         0.000
 C14            0.000         0.000         0.000         0.000         0.000
 C15            0.000         0.000         0.000         0.000         0.000
 C16            0.000         0.000         0.000         0.000         0.000
 C17            0.000         0.000         0.000         0.000         0.000
 C18            0.000         0.000         0.000         0.000         0.000
 C19            0.000         0.000         0.000         0.000         0.000
 C20            0.000         0.000         0.000         0.000         0.000
 C21            0.000         0.000         0.000         0.000         0.000
 C22            0.000         0.000         0.000         0.000         0.000
 C23            0.000         0.000         0.000         0.000         0.000
 C24            0.000         0.000         0.000         0.000         0.000


           LAMBDA
              C9            C10           C11           C12           C13
              ________      ________      ________      ________      ________
 X1             0.000         0.000         0.000         0.000         0.000
 X2             0.000         0.000         0.000         0.000         0.000
 X3             0.000         0.000         0.000         0.000         0.000
 X4             0.000         0.000         0.000         0.000         0.000
 X5             0.000         0.000         0.000         0.000         0.000
 Y1             0.000         0.000         0.000         0.000         0.000
 Y2             0.000         0.000         0.000         0.000         0.000
 Y3             0.000         0.000         0.000         0.000         0.000
 Y4             0.000         0.000         0.000         0.000         0.000
 Y5             0.000         0.000         0.000         0.000         0.000
 Z0             0.000         0.000         0.000         0.000         0.000
 C1             0.000         0.000         0.000         0.000         0.000
 C2             0.000         0.000         0.000         0.000         0.000
 C3             0.000         0.000         0.000         0.000         0.000
 C4             0.000         0.000         0.000         0.000         0.000
 C5             0.000         0.000         0.000         0.000         0.000
 C6             0.000         0.000         0.000         0.000         0.000
 C7             0.000         0.000         0.000         0.000         0.000
 C8             0.000         0.000         0.000         0.000         0.000
 C9             1.000         0.000         0.000         0.000         0.000
 C10            0.000         1.000         0.000         0.000         0.000
 C11            0.000         0.000         1.000         0.000         0.000
 C12            0.000         0.000         0.000         1.000         0.000
 C13            0.000         0.000         0.000         0.000         1.000
 C14            0.000         0.000         0.000         0.000         0.000
 C15            0.000         0.000         0.000         0.000         0.000
 C16            0.000         0.000         0.000         0.000         0.000
 C17            0.000         0.000         0.000         0.000         0.000
 C18            0.000         0.000         0.000         0.000         0.000
 C19            0.000         0.000         0.000         0.000         0.000
 C20            0.000         0.000         0.000         0.000         0.000
 C21            0.000         0.000         0.000         0.000         0.000
 C22            0.000         0.000         0.000         0.000         0.000
 C23            0.000         0.000         0.000         0.000         0.000
 C24            0.000         0.000         0.000         0.000         0.000


           LAMBDA
              C14           C15           C16           C17           C18
              ________      ________      ________      ________      ________
 X1             0.000         0.000         0.000         0.000         0.000
 X2             0.000         0.000         0.000         0.000         0.000
 X3             0.000         0.000         0.000         0.000         0.000
 X4             0.000         0.000         0.000         0.000         0.000
 X5             0.000         0.000         0.000         0.000         0.000
 Y1             0.000         0.000         0.000         0.000         0.000
 Y2             0.000         0.000         0.000         0.000         0.000
 Y3             0.000         0.000         0.000         0.000         0.000
 Y4             0.000         0.000         0.000         0.000         0.000
 Y5             0.000         0.000         0.000         0.000         0.000
 Z0             0.000         0.000         0.000         0.000         0.000
 C1             0.000         0.000         0.000         0.000         0.000
 C2             0.000         0.000         0.000         0.000         0.000
 C3             0.000         0.000         0.000         0.000         0.000
 C4             0.000         0.000         0.000         0.000         0.000
 C5             0.000         0.000         0.000         0.000         0.000
 C6             0.000         0.000         0.000         0.000         0.000
 C7             0.000         0.000         0.000         0.000         0.000
 C8             0.000         0.000         0.000         0.000         0.000
 C9             0.000         0.000         0.000         0.000         0.000
 C10            0.000         0.000         0.000         0.000         0.000
 C11            0.000         0.000         0.000         0.000         0.000
 C12            0.000         0.000         0.000         0.000         0.000
 C13            0.000         0.000         0.000         0.000         0.000
 C14            1.000         0.000         0.000         0.000         0.000
 C15            0.000         1.000         0.000         0.000         0.000
 C16            0.000         0.000         1.000         0.000         0.000
 C17            0.000         0.000         0.000         1.000         0.000
 C18            0.000         0.000         0.000         0.000         1.000
 C19            0.000         0.000         0.000         0.000         0.000
 C20            0.000         0.000         0.000         0.000         0.000
 C21            0.000         0.000         0.000         0.000         0.000
 C22            0.000         0.000         0.000         0.000         0.000
 C23            0.000         0.000         0.000         0.000         0.000
 C24            0.000         0.000         0.000         0.000         0.000


           LAMBDA
              C19           C20           C21           C22           C23
              ________      ________      ________      ________      ________
 X1             0.000         0.000         0.000         0.000         0.000
 X2             0.000         0.000         0.000         0.000         0.000
 X3             0.000         0.000         0.000         0.000         0.000
 X4             0.000         0.000         0.000         0.000         0.000
 X5             0.000         0.000         0.000         0.000         0.000
 Y1             0.000         0.000         0.000         0.000         0.000
 Y2             0.000         0.000         0.000         0.000         0.000
 Y3             0.000         0.000         0.000         0.000         0.000
 Y4             0.000         0.000         0.000         0.000         0.000
 Y5             0.000         0.000         0.000         0.000         0.000
 Z0             0.000         0.000         0.000         0.000         0.000
 C1             0.000         0.000         0.000         0.000         0.000
 C2             0.000         0.000         0.000         0.000         0.000
 C3             0.000         0.000         0.000         0.000         0.000
 C4             0.000         0.000         0.000         0.000         0.000
 C5             0.000         0.000         0.000         0.000         0.000
 C6             0.000         0.000         0.000         0.000         0.000
 C7             0.000         0.000         0.000         0.000         0.000
 C8             0.000         0.000         0.000         0.000         0.000
 C9             0.000         0.000         0.000         0.000         0.000
 C10            0.000         0.000         0.000         0.000         0.000
 C11            0.000         0.000         0.000         0.000         0.000
 C12            0.000         0.000         0.000         0.000         0.000
 C13            0.000         0.000         0.000         0.000         0.000
 C14            0.000         0.000         0.000         0.000         0.000
 C15            0.000         0.000         0.000         0.000         0.000
 C16            0.000         0.000         0.000         0.000         0.000
 C17            0.000         0.000         0.000         0.000         0.000
 C18            0.000         0.000         0.000         0.000         0.000
 C19            1.000         0.000         0.000         0.000         0.000
 C20            0.000         1.000         0.000         0.000         0.000
 C21            0.000         0.000         1.000         0.000         0.000
 C22            0.000         0.000         0.000         1.000         0.000
 C23            0.000         0.000         0.000         0.000         1.000
 C24            0.000         0.000         0.000         0.000         0.000


           LAMBDA
              C24
              ________
 X1             0.000
 X2             0.000
 X3             0.000
 X4             0.000
 X5             0.000
 Y1             0.000
 Y2             0.000
 Y3             0.000
 Y4             0.000
 Y5             0.000
 Z0             0.000
 C1             0.000
 C2             0.000
 C3             0.000
 C4             0.000
 C5             0.000
 C6             0.000
 C7             0.000
 C8             0.000
 C9             0.000
 C10            0.000
 C11            0.000
 C12            0.000
 C13            0.000
 C14            0.000
 C15            0.000
 C16            0.000
 C17            0.000
 C18            0.000
 C19            0.000
 C20            0.000
 C21            0.000
 C22            0.000
 C23            0.000
 C24            1.000


           THETA
              X1            X2            X3            X4            X5
              ________      ________      ________      ________      ________
 X1             0.000
 X2             0.000         0.658
 X3             0.000         0.000         0.548
 X4             0.000         0.000         0.000         0.527
 X5             0.000         0.000         0.000         0.000         0.498
 Y1             0.000         0.000         0.000         0.000         0.000
 Y2             0.000        -0.068         0.000         0.000         0.000
 Y3             0.000         0.000        -0.049         0.000         0.000
 Y4             0.000         0.000         0.000        -0.049         0.000
 Y5             0.000         0.000         0.000         0.000        -0.029
 Z0             0.000         0.000         0.000         0.000         0.000
 C1             0.000         0.000         0.000         0.000         0.000
 C2             0.000         0.000         0.000         0.000         0.000
 C3             0.000         0.000         0.000         0.000         0.000
 C4             0.000         0.000         0.000         0.000         0.000
 C5             0.000         0.000         0.000         0.000         0.000
 C6             0.000         0.000         0.000         0.000         0.000
 C7             0.000         0.000         0.000         0.000         0.000
 C8             0.000         0.000         0.000         0.000         0.000
 C9             0.000         0.000         0.000         0.000         0.000
 C10            0.000         0.000         0.000         0.000         0.000
 C11            0.000         0.000         0.000         0.000         0.000
 C12            0.000         0.000         0.000         0.000         0.000
 C13            0.000         0.000         0.000         0.000         0.000
 C14            0.000         0.000         0.000         0.000         0.000
 C15            0.000         0.000         0.000         0.000         0.000
 C16            0.000         0.000         0.000         0.000         0.000
 C17            0.000         0.000         0.000         0.000         0.000
 C18            0.000         0.000         0.000         0.000         0.000
 C19            0.000         0.000         0.000         0.000         0.000
 C20            0.000         0.000         0.000         0.000         0.000
 C21            0.000         0.000         0.000         0.000         0.000
 C22            0.000         0.000         0.000         0.000         0.000
 C23            0.000         0.000         0.000         0.000         0.000
 C24            0.000         0.000         0.000         0.000         0.000


           THETA
              Y1            Y2            Y3            Y4            Y5
              ________      ________      ________      ________      ________
 Y1             0.000
 Y2             0.000         0.636
 Y3             0.000         0.000         0.575
 Y4             0.000         0.000         0.000         0.583
 Y5             0.000         0.000         0.000         0.000         0.611
 Z0             0.000         0.000         0.000         0.000         0.000
 C1             0.000         0.000         0.000         0.000         0.000
 C2             0.000         0.000         0.000         0.000         0.000
 C3             0.000         0.000         0.000         0.000         0.000
 C4             0.000         0.000         0.000         0.000         0.000
 C5             0.000         0.000         0.000         0.000         0.000
 C6             0.000         0.000         0.000         0.000         0.000
 C7             0.000         0.000         0.000         0.000         0.000
 C8             0.000         0.000         0.000         0.000         0.000
 C9             0.000         0.000         0.000         0.000         0.000
 C10            0.000         0.000         0.000         0.000         0.000
 C11            0.000         0.000         0.000         0.000         0.000
 C12            0.000         0.000         0.000         0.000         0.000
 C13            0.000         0.000         0.000         0.000         0.000
 C14            0.000         0.000         0.000         0.000         0.000
 C15            0.000         0.000         0.000         0.000         0.000
 C16            0.000         0.000         0.000         0.000         0.000
 C17            0.000         0.000         0.000         0.000         0.000
 C18            0.000         0.000         0.000         0.000         0.000
 C19            0.000         0.000         0.000         0.000         0.000
 C20            0.000         0.000         0.000         0.000         0.000
 C21            0.000         0.000         0.000         0.000         0.000
 C22            0.000         0.000         0.000         0.000         0.000
 C23            0.000         0.000         0.000         0.000         0.000
 C24            0.000         0.000         0.000         0.000         0.000


           THETA
              Z0            C1            C2            C3            C4
              ________      ________      ________      ________      ________
 Z0             0.000
 C1             0.000         0.000
 C2             0.000         0.000         0.000
 C3             0.000         0.000         0.000         0.000
 C4             0.000         0.000         0.000         0.000         0.000
 C5             0.000         0.000         0.000         0.000         0.000
 C6             0.000         0.000         0.000         0.000         0.000
 C7             0.000         0.000         0.000         0.000         0.000
 C8             0.000         0.000         0.000         0.000         0.000
 C9             0.000         0.000         0.000         0.000         0.000
 C10            0.000         0.000         0.000         0.000         0.000
 C11            0.000         0.000         0.000         0.000         0.000
 C12            0.000         0.000         0.000         0.000         0.000
 C13            0.000         0.000         0.000         0.000         0.000
 C14            0.000         0.000         0.000         0.000         0.000
 C15            0.000         0.000         0.000         0.000         0.000
 C16            0.000         0.000         0.000         0.000         0.000
 C17            0.000         0.000         0.000         0.000         0.000
 C18            0.000         0.000         0.000         0.000         0.000
 C19            0.000         0.000         0.000         0.000         0.000
 C20            0.000         0.000         0.000         0.000         0.000
 C21            0.000         0.000         0.000         0.000         0.000
 C22            0.000         0.000         0.000         0.000         0.000
 C23            0.000         0.000         0.000         0.000         0.000
 C24            0.000         0.000         0.000         0.000         0.000


           THETA
              C5            C6            C7            C8            C9
              ________      ________      ________      ________      ________
 C5             0.000
 C6             0.000         0.000
 C7             0.000         0.000         0.000
 C8             0.000         0.000         0.000         0.000
 C9             0.000         0.000         0.000         0.000         0.000
 C10            0.000         0.000         0.000         0.000         0.000
 C11            0.000         0.000         0.000         0.000         0.000
 C12            0.000         0.000         0.000         0.000         0.000
 C13            0.000         0.000         0.000         0.000         0.000
 C14            0.000         0.000         0.000         0.000         0.000
 C15            0.000         0.000         0.000         0.000         0.000
 C16            0.000         0.000         0.000         0.000         0.000
 C17            0.000         0.000         0.000         0.000         0.000
 C18            0.000         0.000         0.000         0.000         0.000
 C19            0.000         0.000         0.000         0.000         0.000
 C20            0.000         0.000         0.000         0.000         0.000
 C21            0.000         0.000         0.000         0.000         0.000
 C22            0.000         0.000         0.000         0.000         0.000
 C23            0.000         0.000         0.000         0.000         0.000
 C24            0.000         0.000         0.000         0.000         0.000


           THETA
              C10           C11           C12           C13           C14
              ________      ________      ________      ________      ________
 C10            0.000
 C11            0.000         0.000
 C12            0.000         0.000         0.000
 C13            0.000         0.000         0.000         0.000
 C14            0.000         0.000         0.000         0.000         0.000
 C15            0.000         0.000         0.000         0.000         0.000
 C16            0.000         0.000         0.000         0.000         0.000
 C17            0.000         0.000         0.000         0.000         0.000
 C18            0.000         0.000         0.000         0.000         0.000
 C19            0.000         0.000         0.000         0.000         0.000
 C20            0.000         0.000         0.000         0.000         0.000
 C21            0.000         0.000         0.000         0.000         0.000
 C22            0.000         0.000         0.000         0.000         0.000
 C23            0.000         0.000         0.000         0.000         0.000
 C24            0.000         0.000         0.000         0.000         0.000


           THETA
              C15           C16           C17           C18           C19
              ________      ________      ________      ________      ________
 C15            0.000
 C16            0.000         0.000
 C17            0.000         0.000         0.000
 C18            0.000         0.000         0.000         0.000
 C19            0.000         0.000         0.000         0.000         0.000
 C20            0.000         0.000         0.000         0.000         0.000
 C21            0.000         0.000         0.000         0.000         0.000
 C22            0.000         0.000         0.000         0.000         0.000
 C23            0.000         0.000         0.000         0.000         0.000
 C24            0.000         0.000         0.000         0.000         0.000


           THETA
              C20           C21           C22           C23           C24
              ________      ________      ________      ________      ________
 C20            0.000
 C21            0.000         0.000
 C22            0.000         0.000         0.000
 C23            0.000         0.000         0.000         0.000
 C24            0.000         0.000         0.000         0.000         0.000


           ALPHA
              SX            IX            IY            SY            X1
              ________      ________      ________      ________      ________
                0.203        -0.145         0.240        -0.128         0.000


           ALPHA
              Y1            Z0            C1            C2            C3
              ________      ________      ________      ________      ________
                0.000         0.000         0.496         0.195         0.435


           ALPHA
              C4            C5            C6            C7            C8
              ________      ________      ________      ________      ________
                0.308         0.243         3.159         7.142         0.202


           ALPHA
              C9            C10           C11           C12           C13
              ________      ________      ________      ________      ________
                0.079         0.004         0.108         2.210         0.687


           ALPHA
              C14           C15           C16           C17           C18
              ________      ________      ________      ________      ________
                0.539         0.318         0.434         0.829         0.233


           ALPHA
              C19           C20           C21           C22           C23
              ________      ________      ________      ________      ________
                0.186         0.109         0.212         0.684         0.291


           ALPHA
              C24
              ________
                3.715


           BETA
              SX            IX            IY            SY            X1
              ________      ________      ________      ________      ________
 SX             0.000         0.000         0.000         0.000         0.000
 IX             0.000         0.000         0.000         0.000         0.000
 IY             0.000        -0.359         0.000         0.000         0.000
 SY            -0.319         0.125         0.418         0.000         0.000
 X1             0.000         1.000         0.000         0.000         0.000
 Y1             0.000         0.000         1.000         0.000         0.000
 Z0             0.000         0.000         0.000         0.000         0.000
 C1             0.000         0.000         0.000         0.000         0.000
 C2             0.000         0.000         0.000         0.000         0.000
 C3             0.000         0.000         0.000         0.000         0.000
 C4             0.000         0.000         0.000         0.000         0.000
 C5             0.000         0.000         0.000         0.000         0.000
 C6             0.000         0.000         0.000         0.000         0.000
 C7             0.000         0.000         0.000         0.000         0.000
 C8             0.000         0.000         0.000         0.000         0.000
 C9             0.000         0.000         0.000         0.000         0.000
 C10            0.000         0.000         0.000         0.000         0.000
 C11            0.000         0.000         0.000         0.000         0.000
 C12            0.000         0.000         0.000         0.000         0.000
 C13            0.000         0.000         0.000         0.000         0.000
 C14            0.000         0.000         0.000         0.000         0.000
 C15            0.000         0.000         0.000         0.000         0.000
 C16            0.000         0.000         0.000         0.000         0.000
 C17            0.000         0.000         0.000         0.000         0.000
 C18            0.000         0.000         0.000         0.000         0.000
 C19            0.000         0.000         0.000         0.000         0.000
 C20            0.000         0.000         0.000         0.000         0.000
 C21            0.000         0.000         0.000         0.000         0.000
 C22            0.000         0.000         0.000         0.000         0.000
 C23            0.000         0.000         0.000         0.000         0.000
 C24            0.000         0.000         0.000         0.000         0.000


           BETA
              Y1            Z0            C1            C2            C3
              ________      ________      ________      ________      ________
 SX             0.000        -0.007         0.026        -0.015         0.040
 IX             0.000        -0.109        -0.141         0.083        -0.032
 IY             0.000        -0.006        -0.220        -0.063        -0.167
 SY             0.000         0.033         0.039         0.009         0.092
 X1             0.000        -0.133         0.000         0.000         0.000
 Y1             0.000         0.062         0.000         0.000         0.000
 Z0             0.000         0.000         0.000         0.000         0.000
 C1             0.000         0.000         0.000         0.000         0.000
 C2             0.000         0.000         0.000         0.000         0.000
 C3             0.000         0.000         0.000         0.000         0.000
 C4             0.000         0.000         0.000         0.000         0.000
 C5             0.000         0.000         0.000         0.000         0.000
 C6             0.000         0.000         0.000         0.000         0.000
 C7             0.000         0.000         0.000         0.000         0.000
 C8             0.000         0.000         0.000         0.000         0.000
 C9             0.000         0.000         0.000         0.000         0.000
 C10            0.000         0.000         0.000         0.000         0.000
 C11            0.000         0.000         0.000         0.000         0.000
 C12            0.000         0.000         0.000         0.000         0.000
 C13            0.000         0.000         0.000         0.000         0.000
 C14            0.000         0.000         0.000         0.000         0.000
 C15            0.000         0.000         0.000         0.000         0.000
 C16            0.000         0.000         0.000         0.000         0.000
 C17            0.000         0.000         0.000         0.000         0.000
 C18            0.000         0.000         0.000         0.000         0.000
 C19            0.000         0.000         0.000         0.000         0.000
 C20            0.000         0.000         0.000         0.000         0.000
 C21            0.000         0.000         0.000         0.000         0.000
 C22            0.000         0.000         0.000         0.000         0.000
 C23            0.000         0.000         0.000         0.000         0.000
 C24            0.000         0.000         0.000         0.000         0.000


           BETA
              C4            C5            C6            C7            C8
              ________      ________      ________      ________      ________
 SX             0.122        -0.021        -0.030         0.000         0.064
 IX            -0.043        -0.061         0.012        -0.001        -0.257
 IY            -0.063         0.238        -0.003         0.008        -0.046
 SY             0.194        -0.195         0.046        -0.016         0.053
 X1             0.000         0.000         0.000         0.000         0.000
 Y1             0.000         0.000         0.000         0.000         0.000
 Z0             0.000         0.000         0.000         0.000         0.000
 C1             0.000         0.000         0.000         0.000         0.000
 C2             0.000         0.000         0.000         0.000         0.000
 C3             0.000         0.000         0.000         0.000         0.000
 C4             0.000         0.000         0.000         0.000         0.000
 C5             0.000         0.000         0.000         0.000         0.000
 C6             0.000         0.000         0.000         0.000         0.000
 C7             0.000         0.000         0.000         0.000         0.000
 C8             0.000         0.000         0.000         0.000         0.000
 C9             0.000         0.000         0.000         0.000         0.000
 C10            0.000         0.000         0.000         0.000         0.000
 C11            0.000         0.000         0.000         0.000         0.000
 C12            0.000         0.000         0.000         0.000         0.000
 C13            0.000         0.000         0.000         0.000         0.000
 C14            0.000         0.000         0.000         0.000         0.000
 C15            0.000         0.000         0.000         0.000         0.000
 C16            0.000         0.000         0.000         0.000         0.000
 C17            0.000         0.000         0.000         0.000         0.000
 C18            0.000         0.000         0.000         0.000         0.000
 C19            0.000         0.000         0.000         0.000         0.000
 C20            0.000         0.000         0.000         0.000         0.000
 C21            0.000         0.000         0.000         0.000         0.000
 C22            0.000         0.000         0.000         0.000         0.000
 C23            0.000         0.000         0.000         0.000         0.000
 C24            0.000         0.000         0.000         0.000         0.000


           BETA
              C9            C10           C11           C12           C13
              ________      ________      ________      ________      ________
 SX             0.021        -0.112        -0.009         0.008        -0.019
 IX             0.081        -0.091        -0.055         0.019         0.040
 IY             0.102         0.021        -0.125        -0.051        -0.013
 SY            -0.155         0.193         0.262         0.040         0.035
 X1             0.000         0.000         0.000         0.000         0.000
 Y1             0.000         0.000         0.000         0.000         0.000
 Z0             0.000         0.000         0.000         0.000         0.000
 C1             0.000         0.000         0.000         0.000         0.000
 C2             0.000         0.000         0.000         0.000         0.000
 C3             0.000         0.000         0.000         0.000         0.000
 C4             0.000         0.000         0.000         0.000         0.000
 C5             0.000         0.000         0.000         0.000         0.000
 C6             0.000         0.000         0.000         0.000         0.000
 C7             0.000         0.000         0.000         0.000         0.000
 C8             0.000         0.000         0.000         0.000         0.000
 C9             0.000         0.000         0.000         0.000         0.000
 C10            0.000         0.000         0.000         0.000         0.000
 C11            0.000         0.000         0.000         0.000         0.000
 C12            0.000         0.000         0.000         0.000         0.000
 C13            0.000         0.000         0.000         0.000         0.000
 C14            0.000         0.000         0.000         0.000         0.000
 C15            0.000         0.000         0.000         0.000         0.000
 C16            0.000         0.000         0.000         0.000         0.000
 C17            0.000         0.000         0.000         0.000         0.000
 C18            0.000         0.000         0.000         0.000         0.000
 C19            0.000         0.000         0.000         0.000         0.000
 C20            0.000         0.000         0.000         0.000         0.000
 C21            0.000         0.000         0.000         0.000         0.000
 C22            0.000         0.000         0.000         0.000         0.000
 C23            0.000         0.000         0.000         0.000         0.000
 C24            0.000         0.000         0.000         0.000         0.000


           BETA
              C14           C15           C16           C17           C18
              ________      ________      ________      ________      ________
 SX            -0.035         0.018        -0.064         0.067        -0.100
 IX             0.018        -0.011         0.177         0.073         0.208
 IY             0.092         0.483        -0.094        -0.212         0.036
 SY            -0.181        -0.443         0.003         0.268         0.033
 X1             0.000         0.000         0.000         0.000         0.000
 Y1             0.000         0.000         0.000         0.000         0.000
 Z0             0.000         0.000         0.000         0.000         0.000
 C1             0.000         0.000         0.000         0.000         0.000
 C2             0.000         0.000         0.000         0.000         0.000
 C3             0.000         0.000         0.000         0.000         0.000
 C4             0.000         0.000         0.000         0.000         0.000
 C5             0.000         0.000         0.000         0.000         0.000
 C6             0.000         0.000         0.000         0.000         0.000
 C7             0.000         0.000         0.000         0.000         0.000
 C8             0.000         0.000         0.000         0.000         0.000
 C9             0.000         0.000         0.000         0.000         0.000
 C10            0.000         0.000         0.000         0.000         0.000
 C11            0.000         0.000         0.000         0.000         0.000
 C12            0.000         0.000         0.000         0.000         0.000
 C13            0.000         0.000         0.000         0.000         0.000
 C14            0.000         0.000         0.000         0.000         0.000
 C15            0.000         0.000         0.000         0.000         0.000
 C16            0.000         0.000         0.000         0.000         0.000
 C17            0.000         0.000         0.000         0.000         0.000
 C18            0.000         0.000         0.000         0.000         0.000
 C19            0.000         0.000         0.000         0.000         0.000
 C20            0.000         0.000         0.000         0.000         0.000
 C21            0.000         0.000         0.000         0.000         0.000
 C22            0.000         0.000         0.000         0.000         0.000
 C23            0.000         0.000         0.000         0.000         0.000
 C24            0.000         0.000         0.000         0.000         0.000


           BETA
              C19           C20           C21           C22           C23
              ________      ________      ________      ________      ________
 SX            -0.055        -0.084        -0.057         0.124        -0.065
 IX             0.053         0.244         0.158        -0.097         0.026
 IY             0.065         0.094         0.035        -0.025         0.128
 SY             0.067        -0.137         0.010         0.165        -0.136
 X1             0.000         0.000         0.000         0.000         0.000
 Y1             0.000         0.000         0.000         0.000         0.000
 Z0             0.000         0.000         0.000         0.000         0.000
 C1             0.000         0.000         0.000         0.000         0.000
 C2             0.000         0.000         0.000         0.000         0.000
 C3             0.000         0.000         0.000         0.000         0.000
 C4             0.000         0.000         0.000         0.000         0.000
 C5             0.000         0.000         0.000         0.000         0.000
 C6             0.000         0.000         0.000         0.000         0.000
 C7             0.000         0.000         0.000         0.000         0.000
 C8             0.000         0.000         0.000         0.000         0.000
 C9             0.000         0.000         0.000         0.000         0.000
 C10            0.000         0.000         0.000         0.000         0.000
 C11            0.000         0.000         0.000         0.000         0.000
 C12            0.000         0.000         0.000         0.000         0.000
 C13            0.000         0.000         0.000         0.000         0.000
 C14            0.000         0.000         0.000         0.000         0.000
 C15            0.000         0.000         0.000         0.000         0.000
 C16            0.000         0.000         0.000         0.000         0.000
 C17            0.000         0.000         0.000         0.000         0.000
 C18            0.000         0.000         0.000         0.000         0.000
 C19            0.000         0.000         0.000         0.000         0.000
 C20            0.000         0.000         0.000         0.000         0.000
 C21            0.000         0.000         0.000         0.000         0.000
 C22            0.000         0.000         0.000         0.000         0.000
 C23            0.000         0.000         0.000         0.000         0.000
 C24            0.000         0.000         0.000         0.000         0.000


           BETA
              C24
              ________
 SX             0.008
 IX            -0.002
 IY            -0.012
 SY             0.009
 X1             0.000
 Y1             0.000
 Z0             0.000
 C1             0.000
 C2             0.000
 C3             0.000
 C4             0.000
 C5             0.000
 C6             0.000
 C7             0.000
 C8             0.000
 C9             0.000
 C10            0.000
 C11            0.000
 C12            0.000
 C13            0.000
 C14            0.000
 C15            0.000
 C16            0.000
 C17            0.000
 C18            0.000
 C19            0.000
 C20            0.000
 C21            0.000
 C22            0.000
 C23            0.000
 C24            0.000


           PSI
              SX            IX            IY            SY            X1
              ________      ________      ________      ________      ________
 SX             0.106
 IX             0.006         0.192
 IY            -0.022         0.000         0.206
 SY             0.000         0.000         0.000         0.034
 X1             0.000         0.000         0.000         0.000         0.678
 Y1             0.000         0.000         0.000         0.000        -0.017
 Z0             0.000         0.000         0.000         0.000         0.000
 C1             0.000         0.000         0.000         0.000         0.000
 C2             0.000         0.000         0.000         0.000         0.000
 C3             0.000         0.000         0.000         0.000         0.000
 C4             0.000         0.000         0.000         0.000         0.000
 C5             0.000         0.000         0.000         0.000         0.000
 C6             0.000         0.000         0.000         0.000         0.000
 C7             0.000         0.000         0.000         0.000         0.000
 C8             0.000         0.000         0.000         0.000         0.000
 C9             0.000         0.000         0.000         0.000         0.000
 C10            0.000         0.000         0.000         0.000         0.000
 C11            0.000         0.000         0.000         0.000         0.000
 C12            0.000         0.000         0.000         0.000         0.000
 C13            0.000         0.000         0.000         0.000         0.000
 C14            0.000         0.000         0.000         0.000         0.000
 C15            0.000         0.000         0.000         0.000         0.000
 C16            0.000         0.000         0.000         0.000         0.000
 C17            0.000         0.000         0.000         0.000         0.000
 C18            0.000         0.000         0.000         0.000         0.000
 C19            0.000         0.000         0.000         0.000         0.000
 C20            0.000         0.000         0.000         0.000         0.000
 C21            0.000         0.000         0.000         0.000         0.000
 C22            0.000         0.000         0.000         0.000         0.000
 C23            0.000         0.000         0.000         0.000         0.000
 C24            0.000         0.000         0.000         0.000         0.000


           PSI
              Y1            Z0            C1            C2            C3
              ________      ________      ________      ________      ________
 Y1             0.550
 Z0             0.000         1.000
 C1             0.000        -0.010         0.250
 C2             0.000        -0.019         0.035         0.157
 C3             0.000        -0.035        -0.009         0.041         0.246
 C4             0.000        -0.001         0.000         0.003        -0.015
 C5             0.000         0.027         0.005        -0.018        -0.025
 C6             0.000         0.093        -0.038        -0.060        -0.108
 C7             0.000         0.345        -0.144        -0.206        -0.466
 C8             0.000        -0.011        -0.002        -0.003        -0.002
 C9             0.000        -0.015         0.002         0.006         0.016
 C10            0.000         0.000        -0.001        -0.001        -0.001
 C11            0.000         0.013         0.001        -0.002         0.012
 C12            0.000        -0.055         0.040         0.024         0.003
 C13            0.000        -0.077         0.126         0.192         0.231
 C14            0.000         0.027        -0.003        -0.010        -0.022
 C15            0.000         0.041        -0.030        -0.022        -0.022
 C16            0.000        -0.019         0.030         0.018         0.003
 C17            0.000        -0.032         0.036         0.011         0.000
 C18            0.000        -0.042        -0.010        -0.007        -0.005
 C19            0.000         0.057         0.001        -0.004        -0.021
 C20            0.000        -0.025        -0.002        -0.001         0.016
 C21            0.000         0.021        -0.014        -0.007        -0.004
 C22            0.000         0.032        -0.008        -0.063        -0.113
 C23            0.000         0.031        -0.050        -0.021        -0.008
 C24            0.000        -0.106         0.073         0.248         0.369


           PSI
              C4            C5            C6            C7            C8
              ________      ________      ________      ________      ________
 C4             0.213
 C5            -0.075         0.184
 C6             0.073         0.031         1.375
 C7             0.201         0.194         3.684        22.449
 C8            -0.013         0.004        -0.138        -0.326         0.161
 C9            -0.009        -0.003        -0.038        -0.126        -0.016
 C10           -0.001         0.002         0.002         0.011        -0.001
 C11           -0.002        -0.008         0.083         0.338         0.000
 C12           -0.006         0.009        -0.009         0.013         0.010
 C13           -0.026        -0.075        -0.279        -1.035         0.021
 C14            0.003         0.037         0.012         0.183         0.008
 C15            0.000         0.011         0.018         0.117         0.001
 C16            0.002        -0.008         0.000        -0.001        -0.008
 C17            0.001        -0.004        -0.060        -0.183        -0.001
 C18            0.011        -0.012         0.016        -0.013         0.000
 C19            0.001         0.013         0.052         0.219        -0.006
 C20           -0.003        -0.001        -0.035        -0.121         0.004
 C21           -0.011         0.015         0.013         0.074        -0.004
 C22            0.004         0.029         0.085         0.366        -0.005
 C23           -0.016         0.019         0.082         0.491         0.003
 C24           -0.061        -0.035        -0.632        -2.092         0.058


           PSI
              C9            C10           C11           C12           C13
              ________      ________      ________      ________      ________
 C9             0.073
 C10            0.000         0.004
 C11           -0.003         0.000         0.096
 C12           -0.001        -0.001         0.003         1.054
 C13            0.042         0.000         0.039         0.236         1.541
 C14           -0.014         0.002        -0.003         0.003        -0.083
 C15           -0.004         0.000         0.002        -0.050        -0.080
 C16            0.003         0.000        -0.001         0.053         0.044
 C17            0.004         0.000        -0.024         0.016         0.029
 C18           -0.001         0.000        -0.004         0.000        -0.050
 C19           -0.005         0.000        -0.002        -0.013        -0.058
 C20            0.004         0.000        -0.001         0.010         0.014
 C21            0.000         0.001         0.008        -0.003        -0.016
 C22           -0.012         0.001        -0.017        -0.049        -0.356
 C23           -0.003         0.001         0.050        -0.040        -0.055
 C24            0.041         0.004        -0.010         0.586         1.733


           PSI
              C14           C15           C16           C17           C18
              ________      ________      ________      ________      ________
 C14            0.248
 C15            0.003         0.217
 C16            0.002        -0.138         0.246
 C17           -0.028        -0.008         0.008         0.142
 C18           -0.006        -0.002        -0.003        -0.001         0.179
 C19            0.018         0.007        -0.006        -0.006        -0.043
 C20            0.001        -0.002         0.003         0.003         0.027
 C21            0.039         0.004        -0.004        -0.019        -0.007
 C22            0.036         0.023        -0.004        -0.002         0.018
 C23            0.021         0.089        -0.065        -0.032        -0.003
 C24            0.691        -0.133         0.050         0.082         0.002


           PSI
              C19           C20           C21           C22           C23
              ________      ________      ________      ________      ________
 C19            0.151
 C20           -0.013         0.097
 C21            0.013        -0.023         0.167
 C22            0.022        -0.007         0.006         0.216
 C23            0.008         0.016         0.034         0.004         0.925
 C24           -0.026         0.063         0.045        -0.427        -0.077


           PSI
              C24
              ________
 C24           17.918


TECHNICAL 3 OUTPUT


           ESTIMATED COVARIANCE MATRIX FOR PARAMETER ESTIMATES
                  1             2             3             4             5
              ________      ________      ________      ________      ________
      1     0.105333D-01
      2     0.221374D-02  0.143067D-01
      3     0.282328D-02  0.561709D-02  0.199543D-01
      4    -0.116540D-02  0.814241D-03  0.305960D-03  0.693399D-03
      5     0.174846D-03 -0.115940D-02 -0.251302D-03 -0.891622D-04  0.577456D-03
      6     0.168048D-02 -0.101351D-03 -0.549028D-02 -0.172702D-03  0.932132D-04
      7     0.192714D-02  0.152449D-02  0.140931D-02 -0.383003D-04  0.244074D-04
      8     0.302936D-03 -0.148558D-03 -0.107827D-03 -0.123890D-03  0.334645D-04
      9    -0.307938D-05 -0.248858D-04 -0.176416D-04  0.348072D-04  0.125371D-04
     10    -0.550383D-04  0.215303D-03  0.500134D-04  0.373458D-04 -0.913611D-04
     11     0.528955D-04 -0.183380D-04  0.109507D-04 -0.770112D-05  0.630786D-04
     12    -0.473584D-03 -0.108343D-03  0.812665D-03  0.462756D-04 -0.112953D-04
     13     0.211772D-03  0.222172D-03  0.413744D-04 -0.210508D-05  0.818853D-04
     14    -0.612514D-03 -0.799988D-04 -0.384390D-03  0.921549D-04 -0.545208D-04
     15     0.193343D-03  0.707419D-04 -0.245895D-03 -0.959930D-05  0.131545D-03
     16    -0.291814D-02  0.190338D-02 -0.394409D-02  0.348839D-03 -0.281173D-03
     17     0.107774D-02 -0.199311D-02  0.107470D-02 -0.275721D-03  0.139605D-03
     18     0.123186D-03  0.409896D-03  0.957051D-03  0.156008D-03 -0.828998D-04
     19     0.151582D-02 -0.426325D-02 -0.515866D-02 -0.748034D-03  0.574528D-03
     20    -0.498818D-03 -0.119010D-02 -0.142896D-02  0.295194D-04 -0.200100D-03
     21    -0.451140D-03 -0.382834D-03 -0.727954D-03  0.190967D-04  0.384188D-04
     22    -0.242566D-03 -0.192949D-02  0.148084D-02 -0.557064D-04  0.139634D-03
     23     0.131788D-02 -0.465012D-03 -0.387356D-03 -0.196323D-03  0.574531D-04
     24     0.100775D-02  0.121412D-02  0.395892D-03 -0.728190D-04 -0.416002D-04
     25    -0.109947D-02  0.277947D-03  0.233512D-02  0.275741D-03  0.196588D-04
     26     0.481743D-03 -0.252414D-03  0.929710D-03 -0.334344D-04  0.578596D-04
     27    -0.537478D-04  0.781004D-04  0.245405D-04  0.130366D-04 -0.805314D-05
     28     0.259669D-03 -0.160062D-02 -0.814202D-03 -0.177003D-03  0.128371D-03
     29    -0.478531D-03  0.266800D-02  0.617921D-04  0.259041D-03 -0.216582D-03
     30    -0.319054D-02 -0.895260D-02  0.634059D-03 -0.637491D-04  0.612708D-03
     31    -0.940495D-03 -0.377556D-03 -0.246904D-02 -0.152105D-03 -0.392707D-04
     32     0.765442D-04 -0.856136D-03 -0.825352D-03 -0.867107D-04  0.593553D-04
     33     0.508462D-03  0.394666D-05  0.588257D-03 -0.498272D-04  0.204486D-04
     34     0.971111D-04 -0.125909D-02  0.134451D-02 -0.163415D-04  0.716827D-04
     35    -0.627783D-03  0.175682D-04  0.143572D-02  0.793856D-04  0.132435D-04
     36     0.979037D-03  0.993651D-03  0.218196D-02 -0.473107D-04 -0.724812D-04
     37    -0.164920D-02  0.143558D-02 -0.214783D-03  0.316413D-03 -0.174458D-03
     38     0.104892D-02 -0.117345D-02 -0.653299D-03 -0.192087D-03  0.111579D-03
     39     0.127468D-02  0.357194D-03 -0.123282D-02 -0.163870D-03 -0.515661D-04
     40     0.518076D-03  0.809446D-03  0.608491D-03 -0.169189D-04  0.917545D-05
     41     0.100204D-03 -0.165793D-02  0.725452D-03 -0.123540D-03  0.117425D-03
     42     0.696976D-03  0.563629D-03 -0.237852D-02 -0.813639D-04 -0.518386D-04
     43     0.651206D-03  0.734594D-03  0.179321D-03 -0.505533D-04 -0.364460D-04
     44     0.942067D-05 -0.283074D-03 -0.567810D-04 -0.214507D-04  0.277286D-04
     45     0.406166D-03  0.115868D-02  0.114902D-02 -0.234747D-04  0.130931D-03
     46     0.157864D-03  0.126438D-03  0.371783D-03 -0.102174D-04  0.654732D-05
     47     0.204619D-03  0.117391D-02 -0.680799D-03  0.331583D-04 -0.530639D-04
     48    -0.813161D-03  0.269602D-04 -0.600053D-06  0.477554D-04  0.215928D-04
     49    -0.106367D-02 -0.114203D-02 -0.521406D-03  0.328545D-04  0.673496D-04
     50     0.546792D-03 -0.159463D-04 -0.102122D-02 -0.150922D-03 -0.269031D-04
     51    -0.174793D-03  0.227738D-03 -0.366557D-03  0.307298D-04 -0.193893D-04
     52     0.419719D-04 -0.332274D-04 -0.842874D-05 -0.101359D-04  0.439434D-05
     53    -0.427872D-03  0.475556D-03  0.650249D-04  0.110437D-03 -0.724391D-04
     54     0.349554D-03 -0.173059D-02 -0.383433D-03 -0.204661D-03  0.143189D-03
     55     0.125719D-02  0.486499D-02  0.347834D-03  0.233560D-03 -0.199774D-03
     56     0.337298D-03  0.259991D-03  0.115873D-02  0.278603D-04  0.250072D-04
     57    -0.157686D-03  0.366828D-03  0.331756D-03  0.518615D-04 -0.391907D-04
     58    -0.216051D-03  0.109866D-03 -0.225131D-03  0.435491D-04 -0.149164D-04
     59     0.260918D-04  0.931506D-03 -0.740619D-03  0.631066D-04 -0.404303D-04
     60     0.282302D-03 -0.777497D-04 -0.603735D-03 -0.288424D-04  0.158434D-04
     61    -0.283142D-03 -0.210532D-03 -0.901025D-03  0.864668D-05  0.138109D-04
     62     0.618197D-03 -0.957120D-03 -0.293050D-04 -0.151424D-03  0.700028D-04
     63    -0.215671D-03  0.111892D-02  0.726264D-03  0.800268D-04 -0.105763D-03
     64    -0.423981D-03 -0.163936D-04  0.597974D-03  0.358057D-04 -0.272270D-04
     65     0.181829D-03 -0.112856D-04  0.489426D-04 -0.482103D-04  0.149324D-04
     66     0.155632D-03  0.127704D-02  0.757791D-07  0.862603D-04 -0.801052D-04
     67    -0.880071D-03 -0.915086D-03  0.967525D-03  0.859231D-04  0.400907D-04
     68    -0.958337D-04 -0.126768D-03  0.682938D-04  0.815521D-05  0.684740D-05
     69    -0.275391D-04  0.135618D-03  0.329690D-04  0.133050D-04 -0.135204D-04
     70    -0.374849D-02  0.716511D-02  0.409809D-02  0.110396D-02 -0.850354D-03
     71    -0.412022D-03  0.133307D-02  0.901651D-03  0.215317D-03 -0.246440D-03
     72    -0.445177D-03  0.107316D-02  0.786370D-03  0.126559D-03 -0.128588D-03
     73     0.394966D-03 -0.117280D-03 -0.709266D-03 -0.677086D-04  0.335038D-04
     74    -0.464399D-03  0.150283D-04  0.393926D-04  0.467267D-04 -0.170338D-04
     75    -0.534304D-03 -0.633755D-04 -0.299476D-07  0.527711D-04  0.183594D-04
     76     0.654408D-04  0.591715D-03  0.702593D-04  0.239968D-04 -0.268897D-04
     77    -0.501815D-04 -0.136390D-04 -0.162320D-03 -0.117221D-04 -0.767259D-05
     78     0.120093D-04 -0.217850D-04 -0.169131D-04 -0.605870D-05  0.664864D-05
     79    -0.109991D-02  0.204095D-02  0.109425D-02  0.294744D-03 -0.251020D-03
     80     0.526569D-03 -0.120645D-02 -0.553534D-03 -0.197984D-03  0.147811D-03
     81     0.222565D-04  0.249724D-02  0.656329D-03  0.219591D-03 -0.165779D-03
     82     0.344371D-04  0.573616D-03  0.908579D-03  0.972076D-04 -0.590752D-04
     83    -0.765114D-04  0.743145D-04  0.216930D-04  0.200991D-04  0.887504D-05
     84     0.355027D-04 -0.241964D-03 -0.194677D-03 -0.222978D-04  0.317544D-04
     85     0.276737D-04 -0.530563D-04 -0.389503D-03 -0.404498D-04 -0.104674D-06
     86     0.514639D-04  0.704579D-04 -0.173884D-03 -0.223743D-04  0.378777D-04
     87     0.620355D-03 -0.125172D-02 -0.961689D-03 -0.210141D-03  0.157144D-03
     88     0.458572D-03 -0.899826D-03 -0.361406D-03 -0.118130D-03  0.724268D-04
     89     0.586934D-03 -0.106990D-02 -0.582007D-03 -0.172724D-03  0.122687D-03
     90    -0.874435D-04 -0.272583D-03 -0.382378D-04 -0.331495D-04 -0.503644D-05
     91     0.107513D-02 -0.161192D-02 -0.995309D-03 -0.275374D-03  0.188832D-03
     92     0.862966D-03 -0.641698D-03 -0.807719D-03 -0.181869D-03  0.109358D-03
     93    -0.793935D-03  0.368724D-03  0.832803D-03  0.137835D-03 -0.816109D-04
     94     0.361750D-04 -0.263060D-03 -0.804358D-04 -0.121377D-04  0.207148D-04
     95     0.315715D-05  0.635803D-04  0.349049D-04  0.161732D-05 -0.398535D-05
     96    -0.100319D-01  0.177092D-01  0.168741D-01  0.292354D-02 -0.227943D-02
     97     0.363525D-02 -0.108485D-01 -0.869210D-02 -0.162502D-02  0.105177D-02
     98    -0.209621D-02 -0.609581D-03 -0.241989D-02 -0.211827D-04 -0.346151D-03
     99     0.562526D-03 -0.185237D-02 -0.139171D-02 -0.338182D-03  0.452160D-03
    100     0.488911D-04 -0.239007D-02 -0.248422D-02 -0.221065D-03  0.153329D-03
    101    -0.531324D-03  0.241602D-03  0.138643D-02  0.130312D-03 -0.119281D-03
    102     0.885573D-03 -0.952555D-03 -0.104391D-02 -0.229443D-03  0.886323D-04
    103     0.181796D-02 -0.201412D-02 -0.234740D-02 -0.407704D-03  0.213349D-03
    104     0.147814D-03 -0.896621D-04  0.937365D-03  0.100401D-03  0.136065D-04
    105    -0.149013D-03  0.638253D-03  0.106354D-02  0.998812D-04 -0.480989D-04
    106     0.978376D-05  0.493661D-04  0.957005D-05  0.902200D-05 -0.131451D-04
    107     0.174231D-02 -0.458357D-02 -0.349482D-02 -0.593775D-03  0.537960D-03
    108    -0.735702D-03  0.163661D-02  0.784893D-03  0.419076D-03 -0.132514D-03
    109    -0.165671D-02 -0.254827D-02  0.104553D-02  0.132340D-03  0.269160D-04
    110    -0.945868D-03 -0.862688D-03 -0.192513D-02 -0.747603D-04  0.351238D-04
    111     0.165955D-03 -0.690098D-03 -0.765425D-03 -0.109909D-03  0.167099D-04
    112    -0.151538D-03  0.890290D-03  0.843125D-03  0.884604D-04 -0.946502D-04
    113    -0.118252D-04  0.853041D-03  0.143751D-02  0.173387D-03  0.999300D-05
    114     0.839538D-03 -0.354611D-03  0.120500D-02 -0.152127D-04  0.101902D-03
    115    -0.154362D-02  0.320382D-02  0.279335D-02  0.435504D-03 -0.440101D-03
    116    -0.502000D-03  0.963096D-04 -0.105545D-02  0.331653D-04  0.335531D-04
    117    -0.124082D-02  0.347663D-02  0.311445D-02  0.508581D-03 -0.399591D-03
    118    -0.114979D-03  0.173871D-02  0.114864D-02  0.216465D-03 -0.125877D-03
    119    -0.153537D-02  0.426769D-02  0.385673D-02  0.657370D-03 -0.404612D-03
    120    -0.165733D-02  0.184685D-02  0.275456D-02  0.375692D-03 -0.235311D-03
    121     0.212066D-02 -0.284805D-02 -0.342267D-02 -0.552712D-03  0.429093D-03
    122    -0.134898D-03  0.165930D-02  0.150207D-02  0.165610D-03 -0.123682D-03
    123     0.261310D-04 -0.243773D-03 -0.190248D-03 -0.215311D-04  0.182323D-04
    124    -0.310112D-03 -0.104233D-02 -0.121592D-02  0.117984D-04 -0.142765D-03
    125     0.152860D-03 -0.883479D-04 -0.222471D-04 -0.695424D-04  0.163825D-03
    126    -0.605046D-02  0.469995D-02  0.505135D-02  0.105413D-02 -0.624265D-03
    127     0.361132D-02 -0.568689D-02 -0.465858D-02 -0.929243D-03  0.612448D-03
    128    -0.282703D-02  0.472643D-02  0.352846D-02  0.727564D-03 -0.527393D-03
    129     0.109513D-02 -0.145595D-02 -0.963224D-03 -0.289487D-03  0.190328D-03
    130     0.230257D-04  0.448350D-03  0.440702D-03  0.703173D-04 -0.110281D-04
    131     0.632444D-03  0.520098D-03  0.186598D-02  0.387232D-04  0.547919D-04
    132     0.322128D-02 -0.454377D-02 -0.372769D-02 -0.718540D-03  0.510758D-03
    133    -0.359273D-03  0.278202D-03  0.397232D-03  0.470058D-04 -0.222413D-04
    134    -0.153225D-03  0.814107D-04 -0.211909D-03  0.438650D-04 -0.470309D-04


           ESTIMATED COVARIANCE MATRIX FOR PARAMETER ESTIMATES
                  6             7             8             9            10
              ________      ________      ________      ________      ________
      6     0.346656D-02
      7     0.337656D-03  0.146120D-02
      8     0.741094D-04  0.509732D-04  0.275586D-03
      9     0.246171D-04  0.124299D-05 -0.682694D-04  0.624140D-03
     10    -0.341704D-04 -0.296171D-04 -0.189577D-04 -0.131058D-05  0.307479D-03
     11     0.254009D-04  0.426673D-04  0.184585D-04  0.106008D-03 -0.806381D-04
     12    -0.739598D-03 -0.126011D-03 -0.209268D-04  0.137096D-04  0.280696D-04
     13     0.272525D-03  0.132425D-03 -0.184904D-04  0.193036D-04 -0.575456D-04
     14    -0.375998D-04 -0.224819D-03 -0.330692D-04  0.180677D-04  0.660423D-04
     15     0.204957D-03  0.149392D-03  0.112774D-05  0.289532D-04 -0.605453D-04
     16     0.808233D-03 -0.565879D-03 -0.485402D-04 -0.714762D-04  0.144032D-04
     17    -0.262405D-03  0.380004D-04  0.977566D-04  0.474218D-05 -0.390934D-04
     18    -0.363678D-03 -0.266144D-04 -0.466998D-04  0.640345D-04  0.108008D-03
     19     0.228383D-02  0.276618D-03  0.195834D-03  0.166661D-03 -0.589973D-03
     20     0.178732D-03 -0.235055D-03 -0.772335D-04 -0.145694D-03  0.216889D-03
     21     0.117157D-03 -0.164727D-03  0.190721D-04  0.100208D-04 -0.210346D-04
     22    -0.612760D-03 -0.636723D-05 -0.231944D-04  0.143771D-04 -0.240092D-04
     23     0.324003D-03  0.113265D-03  0.603711D-04  0.283280D-04 -0.472860D-04
     24     0.156636D-03  0.280550D-03  0.175603D-04 -0.246659D-04 -0.120743D-04
     25    -0.912503D-03 -0.424949D-04 -0.537727D-04  0.708582D-04  0.194638D-05
     26    -0.188674D-03  0.157284D-03  0.903172D-05  0.488020D-06  0.115097D-05
     27    -0.916171D-05 -0.104528D-04 -0.100400D-05 -0.572301D-06 -0.266617D-05
     28     0.129571D-03 -0.182022D-03  0.993671D-04  0.595765D-04 -0.353602D-05
     29     0.127690D-03 -0.618667D-04 -0.200355D-04 -0.189485D-04  0.960038D-04
     30    -0.160800D-02 -0.103271D-02 -0.136799D-04  0.631435D-04 -0.645656D-04
     31     0.676640D-03 -0.230505D-03  0.238179D-04 -0.515667D-04  0.342498D-05
     32     0.131849D-03 -0.650124D-04  0.826142D-05  0.101157D-04  0.289436D-05
     33    -0.508824D-04  0.122451D-03  0.218645D-05 -0.198664D-05 -0.449209D-05
     34    -0.439610D-03 -0.555314D-04 -0.176550D-04 -0.238769D-04  0.176356D-04
     35    -0.464026D-03 -0.130984D-03 -0.299207D-05  0.134133D-04 -0.920022D-04
     36    -0.455497D-03  0.224011D-03  0.100423D-04  0.394517D-04 -0.448901D-04
     37    -0.230625D-03 -0.212538D-03 -0.933074D-04 -0.293947D-04  0.797681D-04
     38     0.152207D-03  0.131750D-03  0.718067D-04  0.417097D-04  0.737490D-05
     39     0.661169D-03  0.166882D-03  0.541303D-04  0.533584D-05  0.199106D-04
     40     0.676140D-04  0.198285D-03 -0.153478D-04  0.499571D-05  0.725217D-05
     41    -0.299215D-03 -0.452808D-04 -0.127623D-04  0.251799D-04  0.126805D-04
     42     0.844765D-03  0.748989D-05  0.175256D-04  0.140745D-04 -0.187668D-05
     43     0.487302D-04  0.156198D-03  0.338471D-05  0.224337D-04  0.841458D-05
     44     0.569178D-05 -0.186530D-04  0.612770D-05 -0.893048D-06 -0.689239D-05
     45    -0.142371D-03  0.200488D-03  0.691847D-04  0.105912D-03 -0.143581D-03
     46    -0.692924D-04  0.505123D-04 -0.460145D-05  0.768382D-06  0.148972D-04
     47     0.309612D-03  0.577425D-04  0.285074D-04 -0.217463D-04  0.154351D-05
     48    -0.154825D-03 -0.588832D-04 -0.397206D-04 -0.235252D-04  0.484020D-07
     49    -0.133225D-03 -0.236781D-03 -0.206398D-04  0.232090D-04 -0.246867D-05
     50     0.433474D-03 -0.439158D-05  0.334994D-04 -0.119806D-04  0.242205D-04
     51     0.760705D-04 -0.441613D-04 -0.120322D-04  0.551101D-05  0.268804D-05
     52     0.792500D-05  0.105502D-04  0.703866D-06 -0.342763D-06  0.934720D-06
     53    -0.203323D-04  0.344389D-05 -0.812206D-04 -0.312317D-05  0.196296D-04
     54     0.422632D-04 -0.321291D-04  0.497304D-05  0.160724D-04 -0.469729D-04
     55     0.575853D-03  0.516013D-03 -0.125905D-04  0.208429D-04  0.685223D-04
     56    -0.257887D-03  0.103724D-03  0.160320D-04  0.303618D-05 -0.266811D-04
     57    -0.726427D-04 -0.909284D-05 -0.488612D-05 -0.670218D-05  0.120438D-04
     58     0.749281D-05 -0.387842D-04 -0.904971D-05  0.156562D-05  0.144905D-05
     59     0.271382D-03  0.919813D-04 -0.113930D-04  0.807776D-05 -0.359886D-05
     60     0.216648D-03  0.484873D-04 -0.111366D-04  0.478089D-05  0.281516D-04
     61     0.199409D-03 -0.957423D-04 -0.329578D-04 -0.321639D-04  0.169376D-04
     62     0.494265D-04  0.537602D-04  0.467196D-04  0.567847D-05 -0.228302D-04
     63    -0.162804D-03  0.382031D-04 -0.593928D-04 -0.392974D-04  0.255246D-04
     64    -0.275784D-03 -0.891146D-04 -0.593992D-04  0.949240D-05  0.457999D-05
     65     0.108533D-04 -0.100724D-04  0.191699D-04  0.186318D-04 -0.605223D-05
     66     0.127917D-03  0.134178D-03 -0.156381D-04 -0.248301D-04  0.512580D-05
     67    -0.538110D-03 -0.134289D-03 -0.125096D-04 -0.969109D-05 -0.300275D-04
     68    -0.298843D-04 -0.106685D-04  0.429029D-05 -0.164725D-04 -0.279395D-06
     69    -0.666626D-05  0.158806D-05 -0.202152D-05  0.382903D-05  0.437849D-05
     70    -0.196880D-02 -0.639805D-04 -0.126652D-03 -0.930259D-04  0.365633D-03
     71    -0.523755D-03 -0.114533D-03 -0.203916D-04 -0.559956D-04  0.130905D-03
     72    -0.338290D-03  0.459448D-04 -0.760007D-05 -0.494317D-04  0.648234D-04
     73     0.333442D-03  0.105092D-04  0.135666D-04 -0.624900D-05 -0.597179D-04
     74    -0.103200D-03 -0.151830D-04 -0.200584D-04  0.204123D-04  0.175214D-04
     75    -0.926766D-04 -0.804178D-04 -0.542389D-05  0.117711D-04  0.575086D-05
     76     0.209614D-04  0.658234D-04  0.954418D-05 -0.515353D-05  0.912362D-05
     77     0.525814D-04 -0.337585D-04  0.337982D-05 -0.177044D-05  0.921544D-05
     78     0.107657D-05  0.309284D-05  0.324440D-06  0.216194D-05 -0.416432D-05
     79    -0.584933D-03  0.161594D-04 -0.505303D-04 -0.127618D-04  0.944984D-04
     80     0.253648D-03  0.579336D-04  0.171539D-04  0.403944D-05 -0.100641D-03
     81     0.783404D-04  0.101264D-03 -0.346528D-04 -0.261339D-04  0.417924D-04
     82    -0.290644D-03  0.265023D-04 -0.383807D-04 -0.992750D-05  0.156428D-04
     83     0.207047D-04  0.159184D-04 -0.201372D-05 -0.321471D-05 -0.201560D-04
     84     0.715997D-04  0.218819D-05  0.115623D-04 -0.700807D-05 -0.118826D-04
     85     0.985361D-04  0.203005D-04  0.148970D-04 -0.259212D-04  0.312938D-05
     86     0.369334D-04  0.736806D-04  0.277351D-04 -0.152382D-04 -0.140610D-04
     87     0.401988D-03  0.350073D-04  0.203930D-04  0.322856D-04 -0.590641D-04
     88     0.150430D-03 -0.509152D-04  0.144286D-04  0.312611D-04 -0.199534D-04
     89     0.290922D-03  0.292420D-04  0.168429D-04 -0.785812D-04 -0.747533D-04
     90    -0.451043D-04 -0.238646D-04 -0.320256D-04 -0.296082D-04 -0.551176D-05
     91     0.480753D-03  0.186246D-04  0.493540D-04  0.180037D-04 -0.111697D-03
     92     0.490909D-03  0.116936D-03  0.198157D-04 -0.773416D-05 -0.775743D-04
     93    -0.366763D-03 -0.251118D-04  0.205906D-05 -0.251130D-05  0.218041D-04
     94     0.637976D-04 -0.241559D-04  0.745006D-05  0.761985D-05 -0.228350D-04
     95    -0.632034D-05  0.237637D-05 -0.101235D-05  0.506970D-05 -0.168253D-05
     96    -0.866458D-02 -0.848796D-03 -0.276068D-03 -0.676667D-03  0.121759D-02
     97     0.316675D-02 -0.369651D-03 -0.522495D-04  0.498603D-04 -0.637297D-03
     98    -0.228832D-03 -0.794181D-03 -0.305734D-03 -0.263150D-03  0.226928D-03
     99     0.945194D-03  0.272507D-03  0.248916D-04  0.108786D-03 -0.292864D-03
    100     0.680757D-03 -0.379634D-03 -0.436258D-04  0.231063D-04 -0.101544D-03
    101    -0.712089D-03 -0.284689D-04 -0.217133D-04 -0.490990D-04  0.134209D-03
    102     0.505833D-03 -0.545297D-04  0.913494D-05  0.237555D-04 -0.567223D-04
    103     0.117469D-02  0.145374D-03 -0.284866D-04  0.421929D-04 -0.148682D-03
    104    -0.188075D-03  0.517999D-04  0.458828D-04  0.108290D-03 -0.602073D-04
    105    -0.405720D-03  0.301753D-04 -0.109279D-04 -0.157469D-04  0.497467D-04
    106     0.198295D-04  0.736890D-05  0.178422D-05 -0.227277D-05  0.782675D-05
    107     0.159202D-02 -0.125100D-03  0.639417D-04  0.104140D-03 -0.238696D-03
    108    -0.286996D-03  0.274650D-04  0.730771D-05 -0.184940D-04  0.116601D-03
    109    -0.134674D-02 -0.452763D-03  0.550050D-04 -0.102610D-03  0.191766D-03
    110     0.271035D-03 -0.232790D-03 -0.210853D-04 -0.316709D-04 -0.647799D-04
    111     0.208028D-03 -0.716738D-04 -0.211454D-04 -0.124747D-04  0.426704D-04
    112    -0.306997D-03  0.398297D-04 -0.214952D-04 -0.259759D-04  0.551227D-04
    113    -0.321562D-03  0.489681D-04  0.119693D-04  0.346950D-04  0.151752D-04
    114     0.326317D-04  0.144440D-03  0.492025D-04  0.124642D-03 -0.535086D-04
    115    -0.130211D-02 -0.130562D-03 -0.842529D-04 -0.107505D-03  0.246353D-03
    116     0.327209D-03 -0.461576D-04 -0.355182D-04 -0.309415D-04 -0.353086D-04
    117    -0.123719D-02 -0.435822D-04  0.242267D-05  0.112041D-03  0.243680D-03
    118    -0.404002D-03  0.737293D-04  0.767997D-04  0.144041D-04 -0.137680D-04
    119    -0.148237D-02  0.166788D-03 -0.311287D-04 -0.162303D-03  0.293319D-03
    120    -0.140271D-02 -0.144238D-03 -0.346598D-04 -0.186771D-04  0.259909D-03
    121     0.159025D-02  0.169920D-03 -0.613866D-05  0.144608D-03 -0.213098D-03
    122    -0.518701D-03  0.113166D-03  0.249716D-04 -0.107568D-04  0.851538D-04
    123     0.494191D-04 -0.159409D-04  0.340596D-06 -0.663501D-05 -0.164767D-05
    124     0.167049D-03 -0.178217D-03 -0.573485D-04 -0.114891D-03  0.148634D-03
    125     0.217937D-03  0.156876D-03  0.115399D-04  0.788984D-04 -0.135845D-03
    126    -0.349693D-02 -0.738014D-03 -0.242351D-03  0.304997D-05  0.202824D-03
    127     0.233319D-02  0.102140D-03  0.195055D-03  0.167723D-05 -0.194611D-03
    128    -0.172920D-02 -0.653503D-04 -0.160260D-03  0.114380D-04  0.153138D-03
    129     0.579537D-03  0.954151D-04  0.195956D-04  0.409185D-04 -0.102516D-03
    130    -0.841623D-04  0.779011D-04  0.162607D-04 -0.233012D-04  0.622438D-05
    131    -0.325729D-03  0.253284D-03  0.113456D-03  0.119736D-03 -0.823384D-04
    132     0.188487D-02  0.141783D-03  0.185694D-03  0.351080D-04 -0.153607D-03
    133    -0.236006D-03 -0.304046D-04 -0.273210D-04  0.302058D-04 -0.267707D-04
    134     0.376919D-04 -0.345295D-04 -0.147890D-04 -0.987665D-05  0.299829D-04


           ESTIMATED COVARIANCE MATRIX FOR PARAMETER ESTIMATES
                 11            12            13            14            15
              ________      ________      ________      ________      ________
     11     0.794346D-03
     12     0.102160D-04  0.879909D-03
     13     0.541230D-04 -0.225721D-03  0.152357D-02
     14    -0.548536D-04  0.106559D-03 -0.969497D-04  0.794338D-03
     15     0.154600D-03 -0.156949D-03  0.453049D-03 -0.141235D-03  0.329541D-02
     16     0.302583D-04 -0.141387D-03 -0.137441D-03  0.236129D-03  0.614301D-04
     17     0.341524D-04  0.688360D-04 -0.649866D-04 -0.126128D-03 -0.208319D-03
     18     0.366903D-04  0.495572D-04  0.654774D-04 -0.122022D-03 -0.175848D-03
     19     0.449877D-03  0.221888D-03 -0.121536D-05  0.660197D-03 -0.814923D-03
     20    -0.290367D-03  0.321659D-03 -0.611893D-03  0.592096D-03 -0.110102D-02
     21    -0.265212D-04 -0.305424D-04 -0.142609D-04  0.260783D-04  0.462945D-04
     22     0.608880D-04  0.762756D-04  0.193994D-04 -0.390511D-04  0.785642D-04
     23     0.545788D-04 -0.366762D-04  0.458637D-04 -0.118903D-03  0.158008D-03
     24    -0.550488D-04 -0.544887D-04  0.654571D-04 -0.573261D-04 -0.852230D-04
     25     0.264941D-04  0.139652D-03 -0.125086D-06  0.451106D-05  0.263728D-04
     26     0.223050D-05  0.233258D-04  0.210355D-04 -0.375215D-04  0.376467D-05
     27     0.205274D-05 -0.149204D-05 -0.327023D-05 -0.450738D-05  0.149387D-04
     28     0.273053D-04  0.456880D-04  0.144465D-05  0.131126D-03 -0.960695D-04
     29     0.108311D-04 -0.191754D-04  0.977953D-04  0.100497D-03 -0.123530D-03
     30     0.771929D-04  0.155993D-03 -0.158688D-03  0.111310D-03 -0.153764D-03
     31     0.241663D-04 -0.137063D-03 -0.998215D-05  0.967002D-04 -0.227282D-03
     32    -0.215840D-04  0.997264D-05  0.206782D-04  0.135978D-04  0.184769D-05
     33    -0.692662D-05 -0.197727D-05 -0.132076D-04 -0.255722D-04 -0.360666D-04
     34    -0.310654D-04  0.473048D-04  0.110037D-05 -0.753569D-04 -0.379193D-04
     35    -0.673725D-05  0.799469D-04  0.114949D-04 -0.100718D-04  0.399314D-04
     36    -0.979263D-05  0.582600D-04 -0.401901D-04 -0.183825D-05 -0.460370D-04
     37    -0.339778D-04  0.578734D-04  0.463196D-04  0.915890D-04 -0.142764D-03
     38     0.314870D-04 -0.465989D-05 -0.156496D-05 -0.906305D-04 -0.820918D-05
     39    -0.325813D-04 -0.114356D-03 -0.123753D-03 -0.774279D-04 -0.340743D-04
     40     0.538345D-05 -0.135643D-03 -0.102505D-04 -0.731712D-04  0.728039D-04
     41     0.229849D-04  0.843592D-04 -0.649722D-04 -0.349306D-04 -0.777702D-04
     42    -0.146632D-04 -0.985144D-04  0.159327D-04  0.475390D-04 -0.666792D-04
     43     0.752668D-06 -0.185616D-04  0.480640D-04 -0.340345D-04  0.208427D-04
     44     0.398336D-05  0.339388D-05 -0.681718D-05  0.123061D-05  0.115094D-05
     45     0.223016D-03 -0.232858D-03  0.452973D-03 -0.423382D-03  0.824988D-03
     46     0.326965D-04  0.230311D-04  0.152807D-04 -0.189636D-04  0.332059D-04
     47    -0.351012D-04 -0.357584D-04  0.313617D-04  0.199870D-04 -0.174490D-04
     48    -0.534914D-05  0.274406D-04 -0.253149D-07  0.550466D-04  0.154465D-04
     49     0.317271D-04  0.673289D-04 -0.226237D-04  0.669547D-04  0.327898D-04
     50    -0.486182D-04 -0.659202D-04  0.363899D-04  0.581365D-04 -0.703821D-04
     51    -0.734192D-05 -0.126590D-04  0.237680D-05  0.459248D-05  0.341709D-05
     52    -0.183142D-05 -0.277282D-05  0.370013D-05  0.209952D-05 -0.264002D-05
     53    -0.561915D-04  0.670769D-05  0.239518D-05 -0.383310D-04  0.605057D-05
     54    -0.513499D-04 -0.149986D-05  0.103563D-05 -0.143133D-04  0.264472D-04
     55     0.792534D-04 -0.567352D-04  0.726234D-04 -0.409959D-04  0.337596D-04
     56    -0.156624D-04  0.488030D-04 -0.702738D-05 -0.316016D-04  0.460342D-04
     57     0.245829D-05  0.429808D-05 -0.139749D-04  0.475878D-05  0.987445D-05
     58    -0.491527D-06  0.125292D-05  0.172309D-04  0.157826D-04  0.179363D-04
     59     0.272408D-04 -0.486364D-04  0.388047D-04  0.456875D-04 -0.131468D-04
     60     0.421197D-04 -0.415842D-04  0.352132D-04 -0.111904D-04  0.458530D-05
     61    -0.555664D-06 -0.364070D-04 -0.453625D-05  0.176826D-04  0.271497D-04
     62     0.479390D-05 -0.395770D-04 -0.465864D-04 -0.469457D-04  0.718573D-04
     63    -0.562326D-04  0.709654D-05 -0.936980D-05  0.396424D-04 -0.714659D-05
     64    -0.169738D-04  0.749661D-04  0.523118D-04  0.340768D-04 -0.491506D-05
     65     0.469364D-05  0.227431D-04  0.921850D-04  0.123236D-07 -0.480209D-05
     66    -0.395981D-04 -0.467803D-04  0.546797D-04 -0.322184D-05  0.123297D-03
     67     0.311898D-05  0.104776D-03 -0.989737D-05  0.579726D-04  0.665239D-04
     68     0.177694D-05  0.868413D-05 -0.326274D-04  0.845810D-05  0.645820D-05
     69    -0.337284D-05 -0.106204D-05 -0.109028D-05 -0.536794D-06 -0.120293D-06
     70     0.172417D-03 -0.141011D-03 -0.773835D-04 -0.355943D-03 -0.306029D-03
     71    -0.558965D-04  0.160550D-03 -0.255867D-03  0.940668D-04 -0.206147D-03
     72     0.187816D-04  0.139751D-04  0.238282D-04 -0.101420D-03 -0.108589D-05
     73    -0.300989D-04 -0.221904D-05  0.942480D-05 -0.200338D-04  0.416555D-04
     74     0.109301D-04 -0.128151D-04 -0.560756D-05 -0.304090D-04 -0.815474D-04
     75     0.115437D-04 -0.537260D-04 -0.370487D-04  0.117845D-05  0.758006D-05
     76     0.853125D-05 -0.641768D-04  0.465335D-04 -0.939098D-04 -0.205637D-04
     77    -0.314958D-04 -0.198441D-04  0.161455D-05  0.288004D-04  0.540565D-04
     78     0.909941D-05  0.544936D-05  0.283564D-05 -0.740424D-05 -0.621581D-06
     79     0.478827D-04 -0.276092D-05 -0.146249D-03 -0.884316D-04 -0.112886D-03
     80     0.188364D-06  0.121772D-04 -0.103836D-04  0.942271D-04  0.120033D-03
     81     0.187962D-04 -0.310550D-04  0.719560D-04 -0.438214D-04  0.629655D-04
     82    -0.441870D-04  0.190917D-04 -0.386561D-05 -0.369008D-04  0.146167D-04
     83     0.304615D-04 -0.757056D-05 -0.128633D-04  0.203569D-04  0.339661D-04
     84    -0.160747D-04  0.295423D-05  0.433541D-05  0.413811D-04 -0.206948D-05
     85    -0.224074D-04  0.424965D-04 -0.301596D-04  0.772788D-04 -0.849400D-04
     86     0.583474D-04 -0.126156D-04  0.137363D-04 -0.205218D-04  0.709932D-04
     87    -0.235941D-04  0.502654D-04 -0.194352D-04  0.711264D-04  0.335878D-04
     88    -0.230811D-04  0.485888D-05 -0.584734D-04  0.617509D-04  0.294616D-04
     89    -0.427642D-04  0.400064D-04  0.107137D-04  0.104235D-03  0.468358D-04
     90    -0.478003D-04  0.549068D-04 -0.360454D-04  0.115513D-03 -0.110648D-03
     91    -0.721763D-04  0.104686D-03 -0.174730D-04  0.637844D-04  0.860470D-04
     92    -0.227221D-04  0.201228D-05  0.244914D-04  0.524682D-04  0.583869D-04
     93     0.118989D-04 -0.379786D-04 -0.423042D-04 -0.165278D-04 -0.107693D-03
     94     0.131439D-04 -0.234616D-04  0.291171D-05  0.126899D-05  0.520037D-05
     95     0.173474D-05 -0.378172D-05  0.697083D-05 -0.816972D-05  0.547709D-05
     96     0.496779D-03 -0.213041D-02 -0.614103D-03 -0.358113D-02  0.127341D-03
     97    -0.908986D-03  0.767340D-03  0.518698D-03  0.153597D-02  0.217568D-02
     98    -0.147202D-02  0.288508D-03  0.439824D-03  0.112401D-02  0.476358D-02
     99     0.139889D-03 -0.347763D-03  0.693356D-03 -0.275726D-03  0.638019D-03
    100    -0.385642D-03  0.146621D-03  0.489231D-04  0.624859D-03  0.110478D-02
    101    -0.964841D-04 -0.737141D-04 -0.414666D-04 -0.332686D-05  0.228947D-03
    102    -0.359242D-03  0.202134D-03  0.155081D-03  0.377264D-03  0.822898D-03
    103    -0.190384D-03  0.483965D-03  0.185177D-03  0.552282D-03  0.138615D-03
    104     0.300386D-03 -0.362597D-04 -0.228574D-03 -0.124954D-03 -0.122358D-02
    105     0.106854D-03 -0.233399D-04 -0.507794D-04 -0.154207D-03 -0.448092D-04
    106    -0.649451D-05 -0.173250D-04 -0.126321D-04  0.652561D-05 -0.399586D-04
    107    -0.219234D-03  0.263454D-03  0.371033D-03  0.542551D-03  0.408880D-03
    108     0.664629D-04  0.600752D-06  0.345440D-04 -0.139807D-03 -0.723890D-03
    109     0.223005D-03 -0.730964D-04 -0.743889D-03 -0.282532D-03 -0.103684D-03
    110    -0.147634D-03  0.137816D-03 -0.529391D-04  0.128246D-03  0.340919D-03
    111    -0.163067D-03  0.811022D-04  0.106300D-03  0.984500D-04  0.335514D-03
    112     0.164598D-04 -0.836397D-04 -0.107969D-04 -0.179069D-03 -0.156626D-04
    113     0.126695D-03 -0.136994D-03 -0.359905D-04 -0.429281D-03 -0.295566D-03
    114     0.453074D-03 -0.812607D-04 -0.213298D-03 -0.384753D-03 -0.233230D-02
    115    -0.140722D-03 -0.329166D-03 -0.118161D-04 -0.358513D-03  0.460518D-03
    116    -0.252980D-03  0.201848D-03  0.313805D-03  0.352399D-03  0.933617D-03
    117     0.237170D-03 -0.411352D-03 -0.150878D-03 -0.756447D-03 -0.160790D-03
    118     0.238297D-03 -0.232468D-03  0.405366D-05 -0.567038D-03  0.118397D-03
    119     0.228759D-03 -0.480095D-03  0.125960D-03 -0.615558D-03 -0.766000D-03
    120     0.987655D-04 -0.198384D-03  0.123355D-04 -0.313236D-03 -0.249774D-03
    121    -0.184869D-03  0.422323D-03  0.172820D-03  0.535673D-03 -0.522807D-04
    122     0.158956D-03 -0.164474D-03 -0.380823D-04 -0.390718D-03 -0.583577D-03
    123    -0.266681D-04  0.218187D-04 -0.106880D-04  0.570674D-04  0.327534D-04
    124    -0.226966D-03  0.235543D-03 -0.489899D-03  0.434619D-03 -0.837508D-03
    125     0.126061D-03 -0.220881D-03  0.353622D-03 -0.228267D-03  0.374145D-03
    126    -0.347850D-04  0.574012D-03 -0.171743D-03  0.316826D-03 -0.365245D-03
    127     0.265287D-04 -0.351852D-03  0.974986D-04 -0.214932D-03  0.251284D-03
    128    -0.169585D-04  0.268333D-03 -0.940142D-04  0.171000D-03 -0.197509D-03
    129    -0.423668D-04  0.262130D-04  0.410652D-04  0.103841D-03  0.959637D-04
    130     0.119228D-03 -0.413623D-04 -0.172150D-04 -0.123784D-03 -0.358855D-03
    131     0.384948D-03 -0.206838D-03 -0.503436D-03 -0.614393D-03 -0.303975D-02
    132     0.722734D-05 -0.291768D-03  0.639712D-04 -0.177629D-03  0.221767D-03
    133    -0.451230D-04  0.132040D-03 -0.315523D-05  0.129866D-03 -0.291290D-04
    134    -0.875785D-04 -0.599251D-05  0.912545D-04  0.607423D-04  0.538912D-03


           ESTIMATED COVARIANCE MATRIX FOR PARAMETER ESTIMATES
                 16            17            18            19            20
              ________      ________      ________      ________      ________
     16     0.204666D-01
     17    -0.103826D-01  0.120319D-01
     18    -0.379275D-02  0.259089D-02  0.101606D-01
     19     0.420090D-02 -0.211466D-02 -0.162049D-01  0.677002D-01
     20     0.420011D-03  0.651874D-04  0.478389D-04 -0.235010D-02  0.906812D-02
     21     0.107136D-04  0.136338D-03  0.268742D-04  0.823430D-04 -0.188726D-03
     22    -0.189074D-02  0.107357D-02  0.134274D-03  0.489384D-04 -0.148594D-03
     23    -0.308701D-02  0.185535D-02  0.582181D-03  0.176578D-04 -0.109833D-03
     24    -0.970854D-03  0.452082D-03  0.873236D-04  0.152926D-03 -0.485903D-03
     25    -0.101028D-02  0.342390D-03  0.862672D-04 -0.745205D-03 -0.676274D-03
     26    -0.216584D-02  0.102278D-02  0.464707D-03 -0.656877D-03 -0.924663D-04
     27     0.142991D-03 -0.717924D-04 -0.340351D-04  0.370189D-04  0.172028D-05
     28    -0.267674D-02  0.131559D-02  0.621436D-03 -0.968764D-03  0.487170D-03
     29    -0.100270D-02  0.328767D-03  0.368874D-03 -0.113610D-02  0.577446D-05
     30    -0.266466D-02  0.272534D-02 -0.548065D-03  0.236234D-02 -0.682342D-03
     31     0.129184D-03  0.328112D-03 -0.485528D-03  0.747113D-03  0.689661D-04
     32    -0.984996D-03  0.547721D-03  0.107439D-03  0.270725D-03  0.106384D-03
     33    -0.642536D-03  0.242672D-03  0.786009D-04 -0.454580D-04 -0.121787D-05
     34    -0.147683D-02  0.571302D-03  0.129502D-03  0.125960D-03  0.147356D-03
     35    -0.203107D-02  0.109407D-02  0.369398D-03  0.122586D-03 -0.357302D-03
     36    -0.185437D-02  0.950024D-03  0.255848D-03 -0.112747D-03 -0.120780D-04
     37    -0.344914D-02  0.171309D-02  0.815644D-03 -0.201757D-02  0.294712D-03
     38    -0.156883D-02  0.952732D-03  0.339973D-03 -0.826486D-04  0.899128D-04
     39    -0.589891D-03  0.255802D-03  0.208793D-03 -0.384163D-03  0.254916D-05
     40    -0.305236D-03  0.124371D-03 -0.206907D-04 -0.244155D-03  0.101221D-03
     41    -0.141334D-02  0.725291D-03  0.317535D-03 -0.634699D-03  0.215313D-03
     42    -0.303654D-02  0.167860D-02  0.722333D-03 -0.785789D-03  0.168338D-03
     43    -0.138297D-03 -0.404375D-04  0.765776D-04 -0.859612D-04 -0.214758D-03
     44    -0.484538D-04  0.549066D-04 -0.844413D-06  0.693591D-04  0.400723D-06
     45    -0.136462D-03 -0.127335D-03 -0.132470D-03  0.163727D-02 -0.687335D-02
     46     0.844535D-04 -0.916059D-04 -0.115796D-04  0.592777D-04 -0.280583D-05
     47     0.889182D-03 -0.719378D-03 -0.989346D-04  0.947784D-04 -0.223481D-04
     48     0.183183D-02 -0.201112D-02 -0.455678D-03  0.126728D-03  0.572539D-04
     49     0.604560D-03 -0.542512D-03 -0.317551D-04 -0.841984D-04  0.140631D-03
     50     0.373476D-03 -0.216766D-03  0.261356D-04  0.325413D-03  0.124439D-03
     51     0.104264D-02 -0.115575D-02 -0.292478D-03  0.376830D-03 -0.179960D-04
     52    -0.684100D-04  0.659450D-04  0.136104D-04 -0.221813D-04  0.370991D-05
     53     0.130091D-02 -0.140428D-02 -0.355212D-03  0.354449D-03 -0.638338D-04
     54     0.436174D-03 -0.918389D-03 -0.407904D-03  0.102818D-02  0.380299D-04
     55     0.165246D-02 -0.955915D-03  0.534678D-03 -0.187365D-02 -0.146608D-04
     56     0.418319D-04 -0.306236D-04  0.383873D-04 -0.172662D-03  0.905027D-05
     57     0.523277D-03 -0.588803D-03 -0.450171D-04 -0.181854D-03 -0.568916D-04
     58     0.299304D-03 -0.448737D-03  0.209441D-05 -0.165431D-03  0.636648D-05
     59     0.618662D-03 -0.766678D-03 -0.890924D-04 -0.103814D-03 -0.247943D-04
     60     0.107430D-02 -0.122229D-02 -0.291901D-03  0.185918D-03  0.814689D-04
     61     0.103797D-02 -0.115881D-02 -0.257603D-03 -0.789361D-04  0.345467D-04
     62     0.175666D-02 -0.194069D-02 -0.666023D-03  0.114708D-02 -0.294028D-04
     63     0.890512D-03 -0.919546D-03 -0.176544D-03 -0.155219D-03 -0.107349D-03
     64     0.317295D-03 -0.427199D-03 -0.813699D-04  0.703832D-04  0.106656D-03
     65     0.470231D-04 -0.362963D-03 -0.297115D-04  0.534059D-04 -0.104301D-03
     66     0.605870D-03 -0.720773D-03 -0.221375D-03  0.156586D-03 -0.120103D-03
     67     0.165748D-02 -0.229383D-02 -0.492797D-03  0.547991D-03  0.466737D-04
     68     0.331294D-04 -0.782055D-04  0.122289D-04  0.116673D-04  0.338110D-04
     69     0.366600D-04 -0.302376D-04 -0.881984D-05 -0.382993D-04 -0.994696D-05
     70     0.275260D-02 -0.190037D-02  0.298455D-02 -0.202630D-01 -0.640508D-04
     71     0.374876D-03 -0.338862D-03  0.492133D-03 -0.362349D-02  0.134373D-03
     72     0.398116D-03 -0.305457D-03  0.230098D-03 -0.239807D-02 -0.746557D-04
     73     0.622934D-04 -0.617981D-04 -0.687283D-03  0.211766D-02 -0.194868D-03
     74     0.878754D-03 -0.599450D-03 -0.128728D-02  0.147934D-02 -0.116868D-03
     75     0.251496D-03 -0.947181D-04 -0.115198D-03 -0.349468D-03 -0.175956D-03
     76     0.164470D-03 -0.993442D-04  0.575513D-04 -0.752529D-03 -0.273348D-03
     77     0.450986D-03 -0.275668D-03 -0.101568D-02  0.158263D-02  0.483170D-04
     78    -0.378677D-04  0.116291D-04  0.457952D-04 -0.389277D-04 -0.419543D-04
     79     0.139708D-02 -0.885340D-03 -0.498640D-03 -0.380507D-02  0.597636D-03
     80    -0.103003D-03 -0.496781D-04 -0.146567D-02  0.354414D-02  0.163460D-03
     81     0.794247D-04  0.165764D-04  0.116571D-02 -0.396167D-02 -0.134972D-03
     82    -0.298596D-03  0.285700D-04  0.398517D-03 -0.170120D-02 -0.636408D-04
     83     0.214478D-03 -0.121315D-03 -0.530177D-03  0.824269D-03 -0.184425D-04
     84     0.116915D-04  0.693502D-04 -0.331179D-03  0.106594D-02  0.134903D-04
     85     0.110807D-03 -0.434358D-04 -0.600274D-03  0.864559D-03  0.267874D-03
     86     0.365859D-03 -0.305867D-03 -0.105045D-02  0.134840D-02 -0.187259D-03
     87    -0.227692D-03  0.507872D-04 -0.125241D-02  0.444582D-02  0.188522D-03
     88     0.459198D-03 -0.425015D-03 -0.237088D-02  0.482522D-02  0.197632D-03
     89    -0.164733D-03  0.110507D-03 -0.768404D-03  0.416048D-02  0.169622D-03
     90     0.184118D-03 -0.201616D-04 -0.403980D-03  0.959270D-03  0.424400D-03
     91    -0.679128D-03  0.391191D-03 -0.128855D-02  0.555481D-02 -0.632118D-04
     92    -0.876239D-04 -0.163837D-04 -0.102861D-02  0.375925D-02  0.482237D-05
     93     0.104531D-02 -0.601917D-03 -0.148364D-02  0.317197D-03 -0.499582D-04
     94     0.385053D-04  0.695182D-04 -0.145623D-03  0.738385D-03  0.400924D-05
     95     0.759602D-05 -0.137675D-04 -0.112710D-04 -0.300658D-04 -0.220682D-04
     96     0.714691D-02 -0.507564D-02  0.110877D-01 -0.101258D+00  0.361828D-02
     97    -0.365080D-02  0.266969D-02 -0.589539D-02  0.362002D-01  0.230048D-02
     98     0.466975D-04 -0.180379D-03 -0.115920D-02 -0.187817D-01  0.561830D-02
     99    -0.632120D-03  0.496183D-03 -0.757190D-03  0.701330D-02 -0.192604D-02
    100    -0.706740D-03  0.642295D-03 -0.898200D-03  0.290457D-02  0.125099D-02
    101    -0.208152D-03  0.179242D-03  0.976345D-03 -0.780135D-02  0.790254D-03
    102    -0.155631D-02  0.935363D-03  0.120454D-02 -0.379621D-02  0.115062D-02
    103    -0.112037D-02  0.573473D-03 -0.137624D-02  0.113462D-01  0.460590D-03
    104    -0.231523D-03  0.112724D-03  0.496074D-03  0.332931D-02 -0.497003D-03
    105    -0.474415D-03  0.154969D-03  0.177534D-02 -0.772790D-02  0.574007D-04
    106     0.501174D-04 -0.208444D-04 -0.559812D-04  0.323127D-03  0.326644D-04
    107    -0.252150D-02  0.153487D-02 -0.285551D-03  0.128241D-01 -0.118109D-02
    108     0.134100D-03  0.689101D-04  0.165551D-02 -0.236431D-02 -0.108348D-02
    109     0.770090D-03 -0.354875D-03 -0.908218D-03 -0.169811D-02  0.416266D-03
    110     0.706909D-03 -0.321235D-03 -0.857893D-03  0.116861D-02  0.831882D-03
    111    -0.441711D-03  0.313851D-03  0.512854D-03 -0.138585D-02  0.411952D-03
    112     0.159614D-03 -0.308753D-03  0.714069D-03 -0.493996D-02  0.964864D-04
    113     0.277661D-03 -0.101848D-03  0.100742D-02 -0.329172D-02 -0.102926D-02
    114    -0.183361D-03  0.252604D-03  0.162695D-02  0.697006D-02 -0.227502D-02
    115     0.111003D-02 -0.682379D-03  0.251095D-02 -0.180372D-01  0.156191D-03
    116    -0.112408D-02  0.857476D-03  0.261779D-02 -0.957627D-02  0.313892D-03
    117     0.832970D-03 -0.605346D-03  0.265921D-02 -0.191241D-01 -0.280179D-03
    118     0.787623D-04 -0.260189D-03  0.129127D-02 -0.640292D-02 -0.137517D-02
    119     0.132242D-02 -0.925317D-03  0.304051D-02 -0.184707D-01 -0.203911D-03
    120     0.201966D-03 -0.180968D-03  0.239159D-02 -0.136729D-01  0.100312D-03
    121    -0.250863D-02  0.133981D-02  0.349265D-03  0.103286D-01 -0.872328D-04
    122     0.240645D-03 -0.364573D-03  0.107238D-02 -0.515957D-02 -0.501430D-03
    123    -0.696868D-04  0.420060D-04 -0.583782D-04  0.410740D-03  0.957949D-04
    124     0.213086D-03 -0.316375D-04  0.887289D-04 -0.184740D-02  0.696820D-02
    125    -0.157185D-03  0.350547D-04 -0.689318D-04  0.185516D-02 -0.224386D-02
    126     0.196678D-02 -0.136618D-02  0.102784D-02 -0.751895D-02 -0.306513D-03
    127    -0.153815D-02  0.122484D-02 -0.965339D-03  0.656374D-02  0.389812D-03
    128     0.125116D-02 -0.115027D-02  0.827467D-03 -0.535149D-02 -0.328860D-03
    129    -0.638798D-03  0.459418D-03 -0.697033D-03  0.524180D-02 -0.171197D-03
    130     0.160482D-03 -0.114551D-03  0.261200D-03  0.554830D-03 -0.478557D-03
    131    -0.381675D-04  0.809259D-04  0.885305D-03  0.390991D-02 -0.175707D-02
    132    -0.113248D-02  0.949093D-03 -0.834922D-03  0.542841D-02  0.389915D-03
    133    -0.133734D-03  0.587210D-04 -0.183594D-03  0.196773D-02 -0.144041D-03
    134    -0.137092D-04 -0.179905D-04  0.150990D-03 -0.295766D-02  0.469007D-03


           ESTIMATED COVARIANCE MATRIX FOR PARAMETER ESTIMATES
                 21            22            23            24            25
              ________      ________      ________      ________      ________
     21     0.171012D-02
     22    -0.439416D-03  0.357244D-02
     23     0.307085D-03 -0.164339D-03  0.354832D-02
     24    -0.970426D-04 -0.129515D-03  0.872346D-04  0.298040D-02
     25    -0.236751D-03  0.338074D-03 -0.209548D-04  0.124855D-02  0.445819D-02
     26    -0.342780D-04  0.246320D-03  0.501547D-04 -0.124514D-03 -0.105774D-04
     27     0.973442D-05 -0.273322D-04  0.175524D-04 -0.128873D-05 -0.961098D-05
     28    -0.234147D-04  0.335354D-03  0.733600D-03 -0.118428D-03 -0.989602D-04
     29     0.130848D-03 -0.628578D-03 -0.477213D-03  0.402184D-03  0.176331D-03
     30     0.957202D-03  0.237816D-02  0.106823D-02 -0.103267D-02 -0.818679D-03
     31    -0.192395D-03  0.312746D-03 -0.273229D-03  0.336580D-03  0.195719D-03
     32     0.868386D-05  0.588042D-04  0.225798D-03 -0.484815D-04 -0.174521D-03
     33    -0.284323D-03 -0.100462D-03 -0.152708D-03  0.113062D-03  0.197318D-03
     34    -0.210100D-03  0.373430D-03 -0.303838D-03 -0.389727D-03 -0.226600D-03
     35     0.122243D-03  0.378845D-03  0.144639D-05  0.119797D-03  0.292363D-03
     36    -0.199087D-03  0.738042D-04  0.152080D-03  0.130581D-03  0.252331D-03
     37    -0.305199D-03 -0.176879D-03 -0.199402D-03  0.650596D-06  0.207356D-03
     38     0.136434D-03  0.136056D-04  0.399379D-03  0.882420D-05  0.246272D-03
     39    -0.802105D-04 -0.361964D-03  0.402028D-04  0.298103D-04 -0.374025D-03
     40    -0.296686D-03  0.131555D-03 -0.760570D-03  0.280072D-03 -0.156650D-03
     41     0.142783D-04  0.430348D-03 -0.219748D-03  0.219517D-04 -0.545355D-04
     42    -0.252724D-03  0.216086D-03  0.155243D-02  0.175062D-03 -0.413626D-03
     43     0.696001D-04 -0.116530D-03  0.942455D-04  0.156270D-03 -0.710531D-04
     44     0.255858D-04  0.434335D-04 -0.218100D-05 -0.113109D-04 -0.152559D-04
     45     0.128098D-03  0.978756D-04  0.344254D-04  0.352102D-03  0.490634D-03
     46    -0.861866D-03  0.240415D-03 -0.189923D-03  0.264793D-04  0.150374D-03
     47     0.227083D-03 -0.195126D-02  0.151175D-03  0.841159D-04 -0.170303D-03
     48    -0.164350D-03  0.116428D-03 -0.197344D-02 -0.101914D-03 -0.128595D-04
     49     0.720590D-04  0.112000D-03 -0.111706D-03 -0.165511D-02 -0.659504D-03
     50     0.115679D-03 -0.183039D-03 -0.570708D-05 -0.680404D-03 -0.231443D-02
     51     0.625610D-05 -0.131101D-03 -0.334835D-04  0.742701D-04  0.440585D-04
     52    -0.891265D-05  0.102252D-04 -0.244841D-05 -0.118858D-05 -0.424434D-05
     53     0.125823D-05 -0.849216D-04 -0.500158D-03  0.949308D-04  0.335971D-04
     54    -0.108681D-03  0.293739D-03  0.310287D-03 -0.197219D-03 -0.275185D-04
     55    -0.308662D-03 -0.116334D-02 -0.439841D-03  0.597076D-03  0.451150D-03
     56     0.706543D-04 -0.151194D-03  0.205988D-03 -0.128571D-03 -0.759417D-04
     57     0.724959D-05 -0.290838D-04 -0.144678D-03  0.222259D-04  0.117791D-03
     58     0.160272D-03  0.406280D-04  0.747293D-04 -0.524096D-04 -0.124526D-03
     59     0.994488D-04 -0.279709D-03  0.150227D-03  0.250393D-03  0.210414D-03
     60    -0.848810D-04 -0.141907D-03 -0.690803D-04 -0.797761D-04 -0.199049D-03
     61     0.805004D-04 -0.838091D-04 -0.165530D-03 -0.690630D-04 -0.281119D-03
     62     0.132312D-03  0.905318D-04  0.801677D-04 -0.472325D-04  0.418695D-05
     63    -0.119293D-03  0.184684D-05 -0.287376D-03  0.394502D-04 -0.164902D-03
     64     0.370992D-05  0.985017D-04  0.933081D-05  0.123211D-04  0.142892D-03
     65     0.106562D-03 -0.173729D-03  0.555718D-03 -0.105324D-03  0.450278D-04
     66    -0.212302D-04 -0.275088D-03  0.115607D-03  0.498319D-04  0.144676D-04
     67     0.162108D-03 -0.381641D-05 -0.939128D-03 -0.166340D-03  0.287811D-03
     68    -0.321089D-04  0.240405D-04 -0.323598D-04 -0.460241D-04  0.331339D-04
     69    -0.126130D-04 -0.149436D-04 -0.217430D-05  0.145583D-05  0.116253D-04
     70    -0.980052D-04 -0.102415D-02 -0.131730D-02 -0.651393D-04  0.255196D-03
     71    -0.162309D-04 -0.243533D-03 -0.216905D-03 -0.473176D-04 -0.173576D-04
     72    -0.342341D-03 -0.818185D-04 -0.247707D-03 -0.245301D-04  0.723382D-04
     73     0.127840D-03 -0.591382D-03  0.179123D-03  0.615432D-04 -0.798277D-04
     74    -0.664354D-04  0.328004D-04 -0.858124D-03  0.572339D-05 -0.922562D-05
     75     0.955941D-05  0.308462D-05 -0.432665D-04 -0.646285D-03 -0.263689D-03
     76     0.212847D-04 -0.148265D-03 -0.775803D-04 -0.284469D-03 -0.868202D-03
     77     0.930808D-06 -0.421728D-04 -0.398731D-05  0.482142D-04  0.416007D-04
     78    -0.260165D-05  0.104929D-04  0.213368D-05  0.672416D-05  0.218053D-05
     79    -0.682211D-05 -0.299697D-03 -0.585519D-03  0.330548D-04  0.248116D-04
     80    -0.506977D-04  0.115874D-03  0.254606D-03 -0.222095D-04 -0.388264D-05
     81    -0.194305D-04 -0.371475D-03 -0.113888D-03  0.215743D-03  0.528666D-03
     82    -0.258394D-04 -0.903278D-04  0.130890D-04 -0.708633D-04 -0.490727D-04
     83     0.110536D-04 -0.101740D-05 -0.318713D-04 -0.109203D-04  0.200494D-04
     84     0.571426D-04  0.398979D-04  0.626167D-04 -0.265253D-04 -0.308545D-04
     85     0.687156D-04 -0.974140D-05  0.155639D-03  0.101475D-03  0.101829D-03
     86    -0.545953D-05 -0.421227D-04 -0.702954D-04 -0.408279D-04 -0.156457D-04
     87     0.132985D-04  0.193558D-03  0.170134D-03 -0.357964D-04 -0.150172D-03
     88     0.106817D-03  0.139665D-03  0.781967D-04 -0.674473D-05 -0.273816D-04
     89    -0.142695D-04  0.258896D-03  0.117770D-03 -0.905584D-04 -0.226674D-03
     90     0.204675D-04  0.695602D-04  0.390707D-04 -0.255712D-04  0.525654D-04
     91     0.664290D-04  0.207121D-03  0.556390D-03 -0.138659D-04 -0.139650D-04
     92    -0.378606D-04  0.261275D-04  0.288886D-03  0.394141D-04 -0.131157D-03
     93    -0.216245D-04 -0.661790D-04 -0.595343D-03 -0.307473D-04  0.206130D-03
     94    -0.241383D-04  0.558870D-04  0.123042D-04 -0.723961D-04 -0.395444D-04
     95    -0.654397D-05 -0.101663D-04  0.317773D-06  0.832299D-05  0.933421D-05
     96    -0.347468D-04 -0.209571D-02 -0.414912D-02 -0.786784D-03  0.146491D-02
     97     0.143617D-03  0.107033D-02  0.217197D-02 -0.208978D-03 -0.630276D-03
     98     0.133497D-04 -0.108267D-03  0.189633D-03 -0.556824D-03  0.427451D-03
     99     0.497683D-04  0.434816D-03  0.381903D-03  0.170740D-03  0.652890D-04
    100     0.584332D-03  0.106598D-03  0.512797D-03 -0.179851D-03 -0.152542D-03
    101    -0.277359D-03  0.102247D-02 -0.310149D-03 -0.568689D-04  0.237148D-03
    102     0.969111D-04  0.137315D-04  0.159792D-02 -0.107490D-03  0.121785D-03
    103    -0.481664D-04  0.204721D-03  0.582910D-03  0.108976D-02  0.232240D-03
    104    -0.709175D-04  0.137326D-03  0.108465D-03  0.571926D-03  0.143446D-02
    105    -0.277423D-04  0.311958D-04 -0.170705D-03 -0.124186D-03 -0.730158D-05
    106     0.352267D-05 -0.223138D-04  0.807741D-05 -0.869333D-05 -0.647838D-05
    107     0.120645D-03  0.583508D-03  0.123557D-02 -0.134752D-03 -0.198976D-03
    108    -0.185108D-05 -0.441053D-04 -0.537831D-03  0.549248D-04  0.852311D-05
    109     0.702931D-04  0.410788D-03 -0.346891D-03 -0.550595D-03 -0.583419D-03
    110    -0.412914D-05  0.125042D-03 -0.427560D-04 -0.989897D-05 -0.120184D-04
    111    -0.258845D-05  0.882106D-05  0.159928D-03 -0.212122D-04 -0.566604D-04
    112    -0.116249D-03 -0.745085D-04 -0.227182D-03  0.804652D-04  0.123496D-03
    113    -0.107198D-03 -0.464081D-04 -0.315060D-03 -0.142409D-03 -0.206355D-03
    114     0.390606D-04  0.159928D-03 -0.112515D-03  0.456610D-03 -0.110894D-03
    115     0.116610D-04 -0.321617D-03 -0.634930D-03  0.776326D-04  0.536436D-03
    116    -0.100411D-03 -0.549960D-04  0.198431D-03 -0.546080D-04  0.968642D-05
    117     0.111175D-04 -0.532992D-03 -0.566122D-03  0.963970D-04  0.569572D-03
    118    -0.413736D-04 -0.175107D-03 -0.319716D-03  0.760336D-04  0.183696D-05
    119    -0.174891D-03 -0.429130D-03 -0.134932D-02  0.132501D-03  0.153293D-03
    120     0.990400D-04 -0.172855D-04 -0.716129D-03 -0.336330D-04  0.333952D-03
    121    -0.998658D-04  0.425119D-03  0.130164D-02  0.149694D-03 -0.259610D-03
    122     0.507859D-04 -0.184909D-03 -0.312686D-03  0.149216D-03  0.262585D-04
    123     0.105673D-04  0.364985D-04  0.231772D-04 -0.207508D-04 -0.209178D-04
    124    -0.138179D-03 -0.151813D-03 -0.184564D-05 -0.371645D-03 -0.466301D-03
    125     0.219049D-04  0.194696D-03  0.641897D-04  0.166551D-03  0.196158D-03
    126     0.281740D-04 -0.510734D-03 -0.997951D-03 -0.146852D-03  0.116617D-02
    127     0.496338D-04  0.667583D-03  0.803904D-03 -0.928975D-04 -0.897566D-03
    128    -0.242618D-04 -0.569422D-03 -0.681656D-03  0.973652D-04  0.696351D-03
    129     0.238353D-05  0.233578D-03  0.318312D-03  0.564763D-04 -0.847804D-04
    130    -0.109093D-04 -0.520950D-04 -0.102944D-03  0.362573D-04 -0.714382D-04
    131     0.601023D-04  0.843866D-04 -0.208949D-03  0.234887D-03  0.427723D-04
    132     0.582582D-05  0.484386D-03  0.995623D-03 -0.172106D-03 -0.598744D-03
    133     0.396247D-04 -0.236676D-04  0.839127D-04  0.351198D-04  0.206157D-03
    134    -0.484187D-05 -0.236524D-04  0.486392D-05 -0.691632D-04  0.788028D-05


           ESTIMATED COVARIANCE MATRIX FOR PARAMETER ESTIMATES
                 26            27            28            29            30
              ________      ________      ________      ________      ________
     26     0.830376D-03
     27    -0.113096D-03  0.432847D-04
     28     0.450449D-03 -0.306061D-04  0.474154D-02
     29     0.145709D-03  0.424380D-05  0.595913D-03  0.740184D-02
     30     0.429367D-03 -0.588529D-06  0.927648D-03 -0.109298D-02  0.104586D+00
     31    -0.379348D-03 -0.507613D-04 -0.252668D-03  0.200787D-03  0.168483D-02
     32     0.256468D-06 -0.173669D-04  0.124487D-03 -0.115219D-03  0.570549D-03
     33     0.590495D-04 -0.220465D-05 -0.125342D-03 -0.414056D-04 -0.778837D-03
     34     0.186418D-03 -0.175268D-04 -0.179347D-03  0.303074D-03  0.766154D-03
     35     0.414115D-04 -0.998151D-05 -0.830012D-04 -0.149267D-04  0.729197D-03
     36     0.403564D-04 -0.127114D-04  0.458284D-04 -0.114598D-04 -0.169654D-03
     37     0.349886D-04 -0.792740D-05 -0.953282D-04  0.285934D-03 -0.732103D-03
     38     0.472489D-05 -0.107568D-05  0.688817D-03 -0.222015D-03  0.131564D-02
     39    -0.810410D-05 -0.277987D-04  0.134465D-03  0.886360D-04 -0.359394D-03
     40     0.142460D-03 -0.407832D-05 -0.524910D-03  0.906314D-04 -0.890276D-03
     41     0.244550D-03 -0.286025D-04  0.793243D-04 -0.421127D-03  0.473626D-04
     42    -0.216597D-03 -0.511146D-05  0.377896D-03  0.222790D-03 -0.150511D-02
     43    -0.306841D-05 -0.596789D-05 -0.925793D-04  0.837156D-05 -0.794631D-03
     44     0.782347D-05 -0.930321D-06  0.241998D-04 -0.797309D-04  0.107822D-03
     45     0.289479D-04  0.722925D-07 -0.385631D-03  0.326727D-04  0.278183D-03
     46     0.240562D-04 -0.615730D-05 -0.525633D-05 -0.111085D-03 -0.315310D-03
     47    -0.120941D-03  0.134782D-04 -0.943201D-04  0.257388D-03 -0.131962D-02
     48    -0.431623D-04 -0.302376D-05 -0.475760D-03  0.223570D-03 -0.551088D-03
     49     0.405933D-04 -0.206700D-05  0.165202D-03 -0.241930D-03  0.892298D-03
     50     0.404342D-04 -0.237479D-05  0.256065D-04  0.404935D-04  0.158783D-03
     51    -0.384619D-03  0.493799D-04 -0.207250D-03 -0.824858D-04 -0.254861D-03
     52     0.497490D-04 -0.190387D-04  0.623462D-05 -0.384229D-05 -0.367242D-04
     53    -0.211158D-03  0.632830D-05 -0.260877D-02 -0.337392D-03 -0.479181D-03
     54    -0.102428D-03 -0.498709D-05 -0.244530D-03 -0.373152D-02  0.604110D-03
     55    -0.189061D-03  0.289315D-05 -0.633612D-03  0.586868D-03 -0.281059D-01
     56     0.162924D-03  0.315520D-04  0.164454D-03 -0.176127D-03 -0.811063D-03
     57    -0.788502D-05  0.102664D-04 -0.584292D-04  0.833701D-04 -0.335206D-03
     58    -0.326933D-04  0.335534D-05  0.735399D-04  0.118941D-03  0.299912D-03
     59    -0.943992D-04  0.116393D-04  0.163466D-03 -0.721183D-04 -0.628142D-03
     60    -0.108901D-05 -0.505864D-06  0.756915D-04  0.208798D-04 -0.500912D-03
     61    -0.267452D-04  0.125719D-04 -0.838218D-04  0.145747D-03 -0.307760D-03
     62    -0.259277D-04 -0.626437D-06  0.111858D-03 -0.205271D-03  0.415797D-03
     63     0.284136D-04 -0.325062D-06 -0.354537D-03  0.139555D-03 -0.113734D-02
     64     0.371651D-04  0.101286D-04 -0.126451D-04 -0.294306D-04  0.606096D-05
     65    -0.770562D-04  0.900168D-05  0.188231D-03 -0.596621D-04  0.274433D-03
     66    -0.963760D-04  0.154991D-04 -0.217052D-04  0.332779D-03 -0.177431D-03
     67     0.984188D-04  0.601984D-05 -0.164569D-03 -0.133397D-03  0.115211D-02
     68     0.136497D-04  0.104668D-05  0.388019D-04  0.443776D-05  0.252869D-03
     69    -0.387550D-05  0.219164D-06 -0.632572D-05  0.313486D-04 -0.445977D-04
     70    -0.211567D-03  0.720659D-04 -0.829769D-03  0.137210D-02 -0.342559D-02
     71     0.782124D-05 -0.488688D-05  0.225013D-04  0.332395D-03 -0.535821D-03
     72    -0.220080D-04  0.667739D-05 -0.150332D-03  0.124235D-03 -0.592802D-03
     73    -0.480541D-04  0.764880D-05  0.198079D-04 -0.516875D-04 -0.213349D-04
     74    -0.292283D-04  0.468965D-05 -0.237885D-03  0.103717D-03  0.546739D-04
     75     0.250032D-04  0.991014D-05  0.410025D-04  0.231820D-04  0.227722D-03
     76     0.365050D-04  0.871246D-05 -0.960573D-04  0.159706D-03  0.843629D-04
     77    -0.170045D-03  0.228716D-04 -0.101875D-03 -0.731896D-04  0.332867D-04
     78     0.225519D-04 -0.810425D-05  0.152813D-04 -0.628856D-05  0.185172D-04
     79    -0.157097D-03  0.326230D-04 -0.112420D-02  0.221232D-03 -0.883137D-03
     80    -0.465304D-04 -0.118045D-04 -0.457412D-04 -0.157664D-02  0.546594D-03
     81    -0.247199D-05  0.369065D-04 -0.136082D-03  0.454865D-03 -0.132331D-01
     82     0.105658D-03  0.223182D-04  0.111057D-03  0.850989D-04 -0.352510D-03
     83    -0.846492D-05  0.580197D-05 -0.390937D-04  0.365191D-04 -0.611286D-04
     84    -0.121125D-04 -0.174357D-05  0.515687D-04  0.132505D-04  0.183666D-03
     85    -0.556409D-04  0.298553D-05  0.620948D-04 -0.129219D-03 -0.109260D-03
     86     0.663593D-05 -0.303896D-05 -0.391208D-04  0.976623D-04  0.146977D-04
     87     0.465016D-04 -0.163185D-04  0.161729D-03 -0.177816D-03  0.524644D-03
     88    -0.165943D-05 -0.560670D-05  0.104950D-04 -0.131152D-03  0.440266D-03
     89     0.732904D-04 -0.144723D-04  0.145742D-04 -0.196892D-03  0.502959D-03
     90    -0.436495D-05 -0.301320D-05  0.658610D-05 -0.977294D-04  0.152260D-03
     91     0.269643D-04 -0.187542D-04  0.286477D-03 -0.265392D-03  0.796053D-03
     92    -0.220451D-04 -0.110910D-04  0.500888D-04 -0.954027D-04  0.251303D-03
     93    -0.233028D-04  0.107685D-04 -0.163406D-03  0.145410D-04  0.148196D-03
     94    -0.147722D-04  0.444965D-05 -0.176300D-04 -0.119012D-04  0.310186D-03
     95     0.123984D-05 -0.596204D-06 -0.432991D-05  0.156218D-04 -0.106339D-04
     96    -0.360698D-03  0.192261D-03 -0.184156D-02  0.311266D-02 -0.908471D-02
     97     0.199857D-03 -0.145281D-03  0.143688D-02 -0.193495D-02  0.537200D-02
     98    -0.411293D-04 -0.901063D-04  0.112520D-02 -0.698739D-05 -0.327143D-03
     99    -0.639995D-05  0.100521D-04 -0.171802D-03 -0.559863D-03  0.916033D-03
    100     0.437192D-04 -0.441691D-04  0.540751D-03 -0.305464D-03  0.132564D-02
    101     0.774963D-04 -0.169457D-04  0.116683D-03  0.106175D-03 -0.142599D-03
    102     0.271093D-04 -0.234918D-04  0.682585D-03 -0.487667D-03  0.595572D-03
    103    -0.345687D-04 -0.496250D-04  0.179608D-03 -0.447560D-03  0.665468D-03
    104    -0.667168D-04  0.193492D-04 -0.175323D-03 -0.141435D-03 -0.366063D-03
    105     0.261338D-03 -0.220186D-04  0.165770D-03  0.243217D-03 -0.422015D-03
    106    -0.279943D-04  0.107666D-04 -0.314241D-04  0.432450D-05  0.347653D-05
    107     0.291924D-03 -0.649334D-04  0.195283D-02 -0.529692D-03  0.209157D-02
    108     0.102824D-03  0.179189D-04 -0.304870D-05  0.330461D-02 -0.613803D-03
    109    -0.445636D-04 -0.291140D-04 -0.561825D-04 -0.533678D-03  0.438254D-01
    110    -0.247831D-03 -0.189122D-04 -0.253801D-03 -0.819082D-04  0.888284D-03
    111     0.161829D-04 -0.235691D-04  0.204630D-03 -0.141792D-03  0.358962D-03
    112     0.776777D-05  0.824544D-05 -0.170450D-03  0.833304D-04 -0.640546D-03
    113     0.661661D-04  0.754308D-05 -0.277494D-03  0.471965D-03 -0.982361D-04
    114    -0.734465D-04  0.386059D-04 -0.505116D-03 -0.356914D-03  0.653606D-03
    115    -0.137066D-03  0.288301D-04 -0.325842D-03  0.184793D-03 -0.137282D-02
    116    -0.306550D-05 -0.177603D-04  0.281191D-03  0.386058D-04  0.285650D-04
    117    -0.154293D-03  0.504276D-04 -0.187635D-03  0.494661D-03 -0.157585D-02
    118    -0.847613D-05  0.261902D-04 -0.201635D-03  0.389780D-03 -0.751581D-03
    119     0.120797D-05  0.464634D-04 -0.746080D-03  0.970931D-03 -0.231535D-02
    120     0.582570D-04  0.267232D-04 -0.990749D-04  0.264098D-03 -0.101859D-02
    121     0.848894D-04 -0.435374D-04  0.319046D-03 -0.341175D-03  0.977088D-03
    122     0.187492D-04  0.111033D-04 -0.171964D-03  0.209221D-03 -0.119780D-02
    123     0.190138D-05 -0.130304D-05  0.434293D-04 -0.496705D-04  0.773394D-04
    124    -0.269825D-04 -0.635925D-05  0.397487D-03 -0.118039D-03 -0.359295D-03
    125    -0.180827D-05  0.108770D-04 -0.148742D-03 -0.169242D-03  0.159937D-03
    126    -0.308363D-03  0.736766D-04 -0.579296D-03  0.985864D-03 -0.123470D-02
    127     0.217405D-03 -0.610214D-04  0.612767D-03 -0.114653D-02  0.224659D-02
    128    -0.175747D-03  0.495244D-04 -0.478176D-03  0.970477D-03 -0.190939D-02
    129     0.542933D-04 -0.176460D-04  0.181030D-03 -0.301479D-03  0.635496D-03
    130    -0.186391D-05  0.127152D-04 -0.157768D-03  0.452024D-04 -0.158236D-03
    131     0.241265D-04  0.338683D-04 -0.416456D-03  0.138445D-03 -0.182966D-03
    132     0.122483D-03 -0.488414D-04  0.773598D-03 -0.118102D-02  0.168149D-02
    133    -0.245039D-04  0.371186D-05  0.352717D-04  0.130904D-03  0.192168D-04
    134     0.787776D-05 -0.546224D-05  0.858757D-04  0.720562D-04 -0.981652D-04


           ESTIMATED COVARIANCE MATRIX FOR PARAMETER ESTIMATES
                 31            32            33            34            35
              ________      ________      ________      ________      ________
     31     0.664976D-02
     32    -0.169119D-05  0.558735D-03
     33    -0.330539D-03 -0.841757D-04  0.556561D-03
     34    -0.155511D-03  0.555322D-05  0.287667D-03  0.307679D-02
     35    -0.771157D-04 -0.841423D-04  0.392357D-04  0.261700D-04  0.364862D-02
     36    -0.153869D-03 -0.121474D-03  0.538391D-04 -0.662134D-04  0.198905D-02
     37     0.145008D-02 -0.170031D-03 -0.937624D-04  0.395566D-03 -0.459441D-04
     38    -0.253572D-04  0.170488D-03  0.725721D-04  0.405305D-04  0.901857D-04
     39     0.606093D-04  0.726328D-05  0.157199D-03 -0.564737D-04 -0.197315D-03
     40    -0.112794D-03 -0.162168D-03  0.128761D-03 -0.960399D-04 -0.114036D-03
     41    -0.267319D-03  0.570988D-04  0.650202D-04 -0.160298D-03  0.907712D-06
     42     0.497470D-03  0.162231D-03  0.457102D-03 -0.810327D-03 -0.238611D-03
     43    -0.456206D-03 -0.216825D-04  0.296563D-04 -0.640730D-04 -0.238070D-03
     44     0.201695D-04  0.782057D-05 -0.313067D-04 -0.853925D-04  0.745798D-05
     45    -0.153877D-04 -0.840287D-04 -0.741634D-05 -0.122286D-03  0.203481D-03
     46     0.954318D-04 -0.114523D-04  0.157518D-03  0.113913D-03 -0.602218D-04
     47    -0.162543D-03 -0.348676D-04  0.740212D-04 -0.250555D-03 -0.160103D-03
     48     0.187238D-03 -0.113551D-03  0.871563D-04  0.163058D-03 -0.572875D-04
     49    -0.501642D-04  0.684467D-04 -0.818912D-04  0.246945D-03 -0.374407D-04
     50    -0.452243D-04  0.112361D-03 -0.116395D-03  0.221519D-03 -0.215969D-03
     51     0.145632D-03 -0.787495D-05 -0.315712D-04 -0.851139D-04 -0.174777D-04
     52     0.270456D-04  0.867544D-05  0.421500D-05  0.111458D-04  0.145852D-05
     53     0.173311D-03 -0.488824D-04  0.791432D-04  0.182016D-03  0.431193D-04
     54    -0.182036D-03  0.124602D-03  0.955883D-04 -0.115648D-03 -0.614495D-04
     55    -0.565052D-03 -0.460249D-03  0.330721D-03 -0.482885D-03 -0.405217D-03
     56    -0.280414D-02 -0.958999D-05  0.125604D-03 -0.953307D-07  0.424512D-04
     57    -0.136745D-04 -0.274494D-03  0.445601D-04  0.992131D-06  0.880805D-05
     58     0.991624D-04  0.403525D-04 -0.316814D-03 -0.117337D-03  0.152930D-04
     59     0.356386D-04 -0.994389D-05 -0.123268D-03 -0.169406D-02 -0.396515D-04
     60    -0.599014D-05  0.102907D-04  0.496975D-05  0.261002D-04 -0.180613D-02
     61     0.502159D-04  0.172791D-05  0.802320D-05  0.100058D-03 -0.104247D-02
     62    -0.727577D-03  0.118160D-03  0.655235D-04 -0.149763D-03  0.507872D-04
     63    -0.325119D-04 -0.118320D-03 -0.122466D-04 -0.143906D-04 -0.138960D-03
     64    -0.480296D-04 -0.156966D-04 -0.705774D-04  0.225578D-04  0.239968D-04
     65    -0.268822D-04  0.922984D-04 -0.362461D-04  0.412289D-04 -0.333103D-06
     66     0.139447D-04 -0.353202D-04 -0.237996D-04  0.994848D-04  0.528708D-04
     67    -0.291941D-03 -0.477281D-04 -0.277218D-03  0.547689D-03  0.198166D-03
     68     0.171633D-03 -0.266807D-05 -0.186860D-05  0.517403D-05  0.783358D-04
     69    -0.104455D-04 -0.507953D-05  0.149279D-04  0.472272D-04 -0.248026D-06
     70    -0.304821D-05 -0.784904D-03 -0.118862D-03 -0.198277D-03  0.519112D-06
     71    -0.306421D-04 -0.157607D-03  0.844203D-05  0.549016D-04 -0.829723D-06
     72    -0.989320D-05 -0.107930D-03  0.495488D-04  0.590437D-04  0.739743D-05
     73     0.429569D-05  0.583093D-04 -0.257695D-04 -0.454545D-04 -0.241099D-04
     74     0.744795D-04 -0.547812D-04  0.220677D-04  0.147213D-03 -0.100103D-03
     75    -0.137536D-04 -0.334597D-04 -0.427956D-04  0.919813D-04 -0.457045D-04
     76    -0.170049D-03 -0.147766D-04 -0.348574D-04  0.110341D-03 -0.271658D-04
     77     0.885559D-04  0.701338D-05 -0.163687D-04 -0.532093D-04  0.120927D-04
     78     0.208666D-04  0.435617D-05  0.167560D-05  0.532837D-05 -0.235632D-05
     79     0.208213D-03 -0.237486D-03 -0.233752D-05  0.102103D-05 -0.759642D-05
     80    -0.116389D-04  0.143056D-03  0.762742D-04 -0.568450D-04  0.778941D-04
     81     0.138860D-03 -0.271210D-03  0.104153D-04 -0.262513D-03  0.283084D-04
     82    -0.114437D-02 -0.434255D-04  0.459342D-04  0.375307D-04  0.181694D-04
     83     0.230735D-04 -0.111917D-03  0.122148D-04 -0.553597D-05  0.126735D-04
     84     0.717817D-04  0.443828D-04 -0.914560D-04 -0.475876D-04  0.183648D-05
     85     0.812332D-04  0.192827D-04 -0.493359D-04 -0.621374D-03 -0.737986D-04
     86     0.349268D-04 -0.107719D-05  0.168705D-04 -0.378658D-04 -0.618766D-03
     87     0.849568D-04  0.145623D-03  0.378299D-04  0.109951D-03 -0.384354D-03
     88    -0.180523D-03  0.110193D-03  0.361104D-04 -0.390217D-04  0.346936D-04
     89    -0.661835D-04  0.100962D-03  0.385822D-04  0.107624D-03 -0.947614D-04
     90     0.218620D-04  0.154319D-04 -0.115198D-04 -0.687317D-05 -0.907244D-04
     91     0.221611D-04  0.230115D-03  0.114171D-05  0.553298D-05  0.129367D-05
     92     0.182554D-03  0.143576D-03  0.174995D-04  0.895687D-04 -0.840152D-04
     93     0.141300D-03 -0.882868D-04 -0.109062D-03  0.188780D-03  0.113948D-03
     94     0.106581D-03  0.102443D-04 -0.647587D-06  0.339060D-04  0.747169D-04
     95    -0.625955D-05 -0.265971D-05  0.679064D-05  0.203121D-04  0.480895D-05
     96    -0.405001D-03 -0.258464D-02  0.502786D-04  0.649897D-03 -0.520620D-03
     97     0.160212D-05  0.149397D-02  0.591667D-05 -0.847199D-04  0.226525D-03
     98     0.157941D-03  0.423770D-03 -0.179857D-03 -0.654150D-03 -0.457049D-03
     99     0.285744D-04  0.247729D-03 -0.185402D-04 -0.138406D-03  0.123601D-03
    100    -0.445487D-04  0.370124D-03 -0.173503D-03 -0.200055D-03 -0.150081D-04
    101     0.260152D-04 -0.137182D-03  0.907603D-04  0.535079D-04 -0.919388D-04
    102    -0.786594D-04  0.263218D-03 -0.103548D-03 -0.268993D-03  0.714382D-05
    103     0.630389D-04  0.389291D-03  0.537897D-04 -0.326193D-03  0.271944D-03
    104     0.472856D-04 -0.141203D-03  0.915872D-04 -0.836521D-04  0.240056D-03
    105    -0.209356D-03 -0.100605D-03  0.234224D-04  0.954881D-04 -0.106841D-03
    106    -0.712336D-05 -0.124021D-04  0.283231D-06 -0.745481D-05 -0.133253D-05
    107    -0.408889D-03  0.609398D-03 -0.110557D-03 -0.109263D-03  0.907254D-04
    108    -0.175311D-04 -0.219794D-03 -0.792588D-04  0.289910D-03 -0.221797D-03
    109    -0.218845D-03  0.943097D-04 -0.782440D-04  0.482358D-03 -0.590310D-04
    110     0.226511D-02  0.112361D-03 -0.196500D-03 -0.170196D-03  0.108423D-03
    111     0.135010D-04  0.296905D-03 -0.483089D-04 -0.881012D-04 -0.904759D-04
    112    -0.157390D-03 -0.154102D-03  0.182302D-03  0.561886D-04 -0.497576D-04
    113    -0.192265D-03 -0.164744D-03  0.812050D-04  0.112070D-02  0.334460D-04
    114     0.876134D-04 -0.155349D-03  0.154474D-04  0.308949D-03  0.132183D-02
    115    -0.122912D-04 -0.396518D-03 -0.109274D-03 -0.297960D-03  0.578735D-03
    116     0.452615D-03  0.894870D-04 -0.112323D-03 -0.177609D-03 -0.246273D-03
    117     0.118930D-03 -0.471645D-03 -0.290755D-04 -0.150814D-03 -0.379496D-04
    118    -0.223854D-03 -0.255307D-03  0.689049D-04  0.408151D-04  0.916051D-04
    119    -0.147394D-03 -0.647884D-03  0.113558D-03  0.151871D-03 -0.622695D-05
    120    -0.140802D-03 -0.383139D-03 -0.387598D-04 -0.736063D-04  0.477060D-04
    121    -0.123493D-03  0.441182D-03  0.205614D-03 -0.432514D-03 -0.166361D-03
    122    -0.247238D-03 -0.229763D-03  0.447904D-04  0.151590D-03 -0.434429D-04
    123     0.131228D-04  0.254724D-04 -0.135225D-04 -0.398860D-04 -0.439090D-05
    124     0.436097D-04  0.907383D-04  0.219095D-04  0.123877D-03 -0.206963D-03
    125    -0.223716D-04  0.152614D-04 -0.927356D-05 -0.114899D-03  0.116127D-03
    126    -0.130799D-03 -0.503137D-03 -0.268661D-03 -0.270235D-03  0.680573D-03
    127     0.216285D-03  0.492009D-03  0.163037D-03  0.376125D-03 -0.435504D-03
    128    -0.125742D-03 -0.404554D-03 -0.131404D-03 -0.337929D-03  0.344871D-03
    129     0.304652D-04  0.165158D-03  0.253337D-04 -0.264960D-05  0.747568D-06
    130    -0.291883D-04 -0.866329D-04  0.190272D-04  0.608694D-04  0.463543D-04
    131     0.137096D-04 -0.248526D-03  0.963783D-04  0.301639D-03  0.101556D-03
    132    -0.103103D-03  0.500636D-03  0.129235D-03  0.227210D-03 -0.373582D-03
    133    -0.419595D-04  0.247276D-04 -0.433819D-04 -0.703963D-04  0.102550D-03
    134    -0.188106D-04  0.244080D-04 -0.910675D-05 -0.750878D-04 -0.727853D-04


           ESTIMATED COVARIANCE MATRIX FOR PARAMETER ESTIMATES
                 36            37            38            39            40
              ________      ________      ________      ________      ________
     36     0.332722D-02
     37    -0.265617D-03  0.505123D-02
     38     0.207787D-03 -0.324506D-03  0.345497D-02
     39     0.155117D-04 -0.704504D-04  0.108635D-02  0.370203D-02
     40    -0.291365D-03  0.234578D-03 -0.858216D-03  0.207385D-03  0.521477D-02
     41    -0.354466D-04  0.887970D-04 -0.475664D-04 -0.288546D-03  0.921634D-03
     42    -0.197598D-03  0.109607D-03 -0.689208D-04  0.111196D-03 -0.395106D-04
     43     0.136143D-03  0.334933D-04  0.928884D-04  0.188196D-03 -0.760826D-04
     44    -0.180601D-04 -0.886185D-04 -0.356612D-05 -0.190005D-04 -0.243273D-04
     45     0.151184D-04 -0.118585D-03 -0.626325D-04 -0.600513D-04 -0.763942D-04
     46     0.879730D-04  0.119839D-03 -0.948148D-04 -0.103295D-04  0.116072D-03
     47    -0.477778D-04  0.775580D-04  0.322101D-04  0.145587D-03 -0.945255D-04
     48    -0.220576D-03  0.105845D-03 -0.277034D-03  0.107877D-04  0.501953D-03
     49    -0.161156D-03  0.147999D-04 -0.310229D-04 -0.807837D-04 -0.212093D-03
     50    -0.268194D-03  0.148885D-04 -0.194110D-03  0.142230D-03  0.925016D-04
     51    -0.209892D-04 -0.214814D-04  0.134373D-04  0.405454D-04 -0.943111D-04
     52     0.110819D-04 -0.382828D-06  0.812632D-06  0.117908D-04  0.111913D-04
     53    -0.104429D-03  0.106683D-03 -0.317180D-03 -0.396740D-04  0.167969D-03
     54     0.286927D-04 -0.245089D-03  0.960039D-04 -0.525175D-04 -0.129503D-03
     55    -0.572665D-05  0.341145D-03 -0.624934D-03  0.169438D-03  0.508688D-03
     56     0.982570D-04 -0.690199D-03 -0.237477D-04 -0.838880D-04  0.116872D-04
     57     0.369406D-06  0.113866D-03 -0.996244D-04 -0.238735D-04  0.963483D-04
     58     0.246540D-04  0.786172D-04 -0.310095D-04 -0.767537D-04 -0.701846D-04
     59     0.127313D-03 -0.135443D-03 -0.509901D-05  0.605744D-04  0.492551D-04
     60    -0.104030D-02  0.454451D-04 -0.108775D-03  0.526350D-04 -0.142274D-04
     61    -0.172497D-02  0.165647D-03 -0.134234D-03  0.278123D-04  0.124989D-03
     62     0.137153D-03 -0.256464D-02  0.150098D-03  0.142548D-04 -0.123571D-03
     63    -0.615649D-04  0.140709D-03 -0.186489D-02 -0.557696D-03  0.473683D-03
     64     0.218106D-04  0.505007D-05 -0.554451D-03 -0.174586D-02 -0.163480D-03
     65     0.172633D-03 -0.143022D-03  0.457473D-03 -0.125781D-03 -0.289960D-02
     66     0.877913D-04 -0.529248D-04  0.326062D-04  0.738478D-04 -0.450829D-03
     67     0.572035D-04 -0.685401D-04 -0.235613D-05 -0.110891D-03  0.335715D-04
     68    -0.311716D-04 -0.161576D-04 -0.127971D-04 -0.561394D-04 -0.192179D-04
     69     0.523830D-05  0.447515D-04 -0.624162D-05  0.741556D-05  0.132346D-04
     70    -0.109224D-03  0.162692D-02 -0.869448D-03 -0.847350D-03  0.271025D-03
     71     0.980894D-04  0.276463D-03 -0.101628D-03  0.138427D-03  0.155602D-04
     72     0.198933D-04  0.335832D-03 -0.161001D-03 -0.121993D-03  0.190201D-04
     73     0.312873D-04 -0.839410D-04  0.116632D-03  0.136950D-03  0.376843D-05
     74    -0.822764D-04  0.305667D-04 -0.181743D-03 -0.704299D-04  0.205763D-03
     75    -0.110965D-03  0.100652D-03 -0.156349D-03 -0.125615D-03 -0.603432D-04
     76    -0.835629D-04  0.834473D-04 -0.242847D-03  0.867849D-05  0.942904D-04
     77     0.900222D-05 -0.356760D-04  0.169638D-04 -0.116092D-04 -0.185573D-04
     78    -0.291761D-05 -0.226408D-06  0.269031D-05  0.341519D-05 -0.557684D-05
     79    -0.483295D-04  0.351821D-03 -0.377566D-03 -0.236727D-03  0.226315D-03
     80     0.562367D-05 -0.167491D-03  0.146432D-03  0.297557D-04  0.306107D-04
     81     0.669420D-04  0.302263D-03 -0.125925D-03 -0.910854D-04  0.211450D-03
     82     0.668127D-04 -0.668253D-04 -0.836844D-04 -0.852931D-04  0.788260D-04
     83    -0.388277D-05  0.433229D-04 -0.386896D-04 -0.118761D-04  0.408764D-04
     84     0.208396D-04 -0.281506D-04  0.253467D-04  0.715847D-05 -0.492844D-04
     85     0.648677D-04 -0.936253D-04  0.829445D-04  0.687951D-04 -0.216990D-04
     86    -0.373355D-03  0.605172D-04 -0.958312D-04 -0.584349D-04  0.262160D-04
     87    -0.619721D-03 -0.173966D-03  0.119235D-03  0.223192D-03  0.311442D-04
     88     0.783538D-04 -0.109519D-02  0.948116D-04  0.317767D-04 -0.262538D-04
     89    -0.231001D-04 -0.288600D-03 -0.569574D-03 -0.133827D-04  0.893362D-04
     90     0.316479D-04 -0.995762D-04 -0.130073D-03 -0.560810D-03 -0.618190D-04
     91     0.112271D-03 -0.419523D-03  0.314137D-03  0.161605D-03 -0.972274D-03
     92    -0.418057D-04 -0.334124D-03  0.168486D-03  0.219390D-03 -0.217564D-03
     93     0.420301D-04  0.186568D-03 -0.163882D-03 -0.228216D-03  0.105303D-03
     94     0.319594D-04 -0.755439D-04 -0.243520D-05  0.210858D-04  0.453840D-04
     95     0.790734D-05  0.184885D-04 -0.153687D-05  0.291613D-05  0.606004D-05
     96    -0.451779D-03  0.388045D-02 -0.222180D-02 -0.223128D-02  0.104849D-02
     97     0.412472D-03 -0.218883D-02  0.132263D-02  0.180351D-02 -0.644792D-03
     98     0.118942D-03  0.312266D-03  0.125574D-03  0.132165D-02 -0.270360D-03
     99    -0.197555D-03 -0.528553D-03  0.139635D-03 -0.329898D-03 -0.386187D-04
    100    -0.138875D-05 -0.496403D-03  0.322097D-03  0.531821D-03 -0.132717D-03
    101    -0.401938D-04  0.210980D-03 -0.209420D-03 -0.121452D-03  0.149875D-04
    102     0.146779D-03 -0.140955D-03  0.457701D-03  0.464979D-03 -0.500156D-03
    103     0.324404D-03 -0.569345D-03  0.448681D-03  0.529026D-03 -0.148679D-04
    104     0.239414D-03 -0.135616D-03  0.324051D-03 -0.443928D-03 -0.103976D-03
    105    -0.734651D-04  0.170449D-03 -0.167914D-03 -0.487464D-04  0.934556D-04
    106     0.165080D-05 -0.143801D-05  0.225949D-05 -0.260817D-05  0.947842D-05
    107     0.298105D-04 -0.830973D-03  0.753260D-03  0.515253D-03 -0.692736D-03
    108    -0.336861D-03  0.231300D-03 -0.285521D-03 -0.922483D-04  0.212105D-03
    109     0.651195D-04  0.253900D-04 -0.178760D-04 -0.140517D-03 -0.184616D-03
    110    -0.432048D-04  0.320827D-03  0.280187D-03  0.792854D-04 -0.316874D-03
    111    -0.195269D-04 -0.127194D-03  0.115672D-03  0.124711D-03 -0.107002D-03
    112    -0.615892D-04  0.116560D-03 -0.937693D-04 -0.243886D-04  0.146530D-03
    113    -0.262837D-03  0.196669D-03 -0.368635D-03 -0.308625D-03  0.109403D-03
    114     0.690813D-03 -0.392250D-03  0.981783D-04 -0.563933D-03  0.212544D-03
    115     0.108473D-02  0.348637D-03 -0.299440D-03 -0.397363D-03  0.171817D-03
    116    -0.260045D-03  0.145336D-02  0.106574D-03  0.519743D-03 -0.116494D-03
    117    -0.349337D-04  0.809338D-03  0.683062D-03 -0.256189D-03  0.590208D-05
    118    -0.109663D-03  0.482215D-03  0.792121D-04  0.872355D-03  0.126216D-03
    119    -0.122243D-03  0.868037D-03 -0.679386D-03 -0.554985D-03  0.190478D-02
    120     0.199413D-04  0.818824D-03 -0.380521D-03 -0.683867D-03  0.436303D-03
    121    -0.846596D-04 -0.619988D-03  0.644510D-03  0.666749D-03 -0.333704D-03
    122    -0.357074D-04  0.305688D-03 -0.830928D-04 -0.206775D-03  0.508470D-04
    123    -0.288886D-06 -0.420616D-04  0.246774D-04  0.244946D-04 -0.317103D-04
    124     0.933738D-05  0.593098D-04  0.366933D-04  0.190017D-03  0.405323D-04
    125    -0.645923D-04 -0.154935D-03 -0.134919D-05 -0.225992D-03 -0.240293D-04
    126     0.616119D-04  0.158741D-02 -0.923033D-03 -0.108016D-02 -0.517011D-04
    127    -0.211033D-03 -0.134401D-02  0.729800D-03  0.662668D-03 -0.134849D-03
    128     0.169026D-03  0.107430D-02 -0.601094D-03 -0.481218D-03  0.146110D-03
    129     0.587942D-04 -0.362820D-03  0.201454D-03  0.180890D-03 -0.611834D-04
    130    -0.923178D-05  0.448469D-04 -0.743529D-04 -0.173928D-03  0.398057D-04
    131    -0.770431D-04 -0.191581D-04 -0.289772D-05 -0.456903D-03  0.175147D-03
    132     0.715365D-04 -0.139192D-02  0.700399D-03  0.489862D-03 -0.261484D-03
    133     0.719568D-04  0.913952D-04  0.125081D-04 -0.114378D-04 -0.777572D-04
    134    -0.161102D-04  0.497631D-04  0.595464D-05  0.101797D-03  0.122182D-04


           ESTIMATED COVARIANCE MATRIX FOR PARAMETER ESTIMATES
                 41            42            43            44            45
              ________      ________      ________      ________      ________
     41     0.323494D-02
     42    -0.341264D-03  0.472571D-02
     43    -0.175044D-03  0.552373D-04  0.762987D-03
     44     0.472325D-04  0.921909D-05 -0.165020D-04  0.386189D-04
     45    -0.196816D-03 -0.129211D-03  0.162274D-03 -0.683185D-05  0.555264D-02
     46    -0.107746D-05  0.928494D-04 -0.339647D-04 -0.131067D-04  0.107623D-05
     47    -0.245458D-03 -0.229897D-04  0.567598D-04 -0.241482D-04  0.190415D-04
     48     0.117812D-03 -0.886574D-03 -0.510435D-04  0.358545D-05 -0.883479D-05
     49     0.428069D-04 -0.106164D-03 -0.136210D-03  0.129065D-04 -0.113022D-03
     50    -0.342113D-04  0.263721D-03  0.448266D-04  0.482122D-05 -0.657719D-04
     51    -0.114738D-03  0.102745D-03  0.137309D-04 -0.521046D-05  0.382972D-04
     52     0.143270D-04  0.632006D-05  0.246930D-05 -0.316032D-07 -0.659203D-05
     53     0.557070D-04 -0.193071D-03  0.465424D-04 -0.204008D-05  0.454512D-04
     54     0.311009D-03  0.369402D-04 -0.304555D-04  0.411331D-04 -0.293145D-04
     55    -0.869764D-04  0.693529D-03  0.349824D-03 -0.653168D-04  0.133289D-03
     56     0.113487D-03 -0.236966D-03  0.222578D-03 -0.985371D-05 -0.169174D-04
     57    -0.101169D-04 -0.825449D-04  0.713117D-05 -0.448336D-05  0.536902D-04
     58    -0.409898D-04 -0.286502D-03 -0.370264D-05  0.127312D-04 -0.948125D-05
     59     0.557779D-04  0.527678D-03  0.320330D-04  0.414986D-04  0.345277D-04
     60     0.459989D-04  0.108365D-03  0.902253D-04 -0.295991D-05 -0.984152D-04
     61    -0.316084D-05  0.120120D-03 -0.323881D-04  0.572740D-05 -0.473383D-04
     62    -0.257511D-04 -0.826653D-04 -0.147113D-04  0.466117D-04  0.374128D-04
     63    -0.911947D-05 -0.385903D-05  0.315860D-04 -0.146627D-04  0.109592D-03
     64     0.425602D-04 -0.625604D-04 -0.742659D-04  0.632067D-05 -0.127792D-03
     65    -0.538379D-03  0.119996D-03 -0.160971D-04  0.679790D-05  0.902410D-04
     66    -0.165479D-02  0.124825D-03  0.128962D-03 -0.329254D-04  0.872721D-04
     67     0.203232D-03 -0.264725D-02 -0.655669D-04  0.401460D-05 -0.875966D-04
     68     0.773747D-04 -0.147313D-04 -0.285388D-03  0.494093D-05 -0.156399D-04
     69    -0.236037D-04 -0.725609D-05  0.649702D-05 -0.210485D-04  0.927594D-05
     70    -0.101178D-02 -0.374185D-03  0.162825D-03 -0.154112D-03  0.312055D-03
     71    -0.151747D-03 -0.105810D-03  0.735217D-06 -0.330606D-04  0.590342D-04
     72    -0.184911D-03 -0.670736D-04 -0.765401D-05 -0.322709D-04  0.928734D-04
     73    -0.215681D-04 -0.748180D-05  0.380882D-04 -0.195426D-05  0.145073D-03
     74     0.305611D-04 -0.468455D-03 -0.390842D-04  0.643469D-06  0.924610D-04
     75    -0.212345D-04 -0.476609D-05 -0.584285D-04  0.647237D-05  0.153124D-03
     76    -0.186765D-03  0.110494D-03  0.281038D-04 -0.372619D-05  0.185323D-03
     77    -0.628552D-04  0.227952D-05 -0.107802D-04  0.132958D-05 -0.232371D-04
     78     0.473514D-05  0.645682D-05  0.368771D-05 -0.564517D-06  0.322759D-04
     79    -0.372587D-03 -0.194137D-03  0.221854D-04 -0.436307D-04 -0.349819D-03
     80     0.160236D-03 -0.140091D-06  0.188299D-04  0.314210D-04 -0.154166D-03
     81    -0.700642D-04  0.157457D-03  0.188149D-03 -0.240184D-04  0.217301D-03
     82     0.121264D-03 -0.201070D-04  0.158086D-03 -0.128123D-04  0.407692D-04
     83     0.144231D-04 -0.182712D-04 -0.165251D-04  0.540380D-06  0.779880D-05
     84     0.310947D-04 -0.727014D-04 -0.963897D-05  0.124398D-04 -0.717596D-05
     85     0.100285D-03  0.213711D-03  0.394655D-04  0.242089D-04 -0.205836D-03
     86    -0.496594D-04  0.990906D-04  0.797234D-04 -0.173993D-05  0.199314D-03
     87     0.137403D-03  0.108598D-03 -0.874661D-05  0.283178D-04 -0.170454D-03
     88     0.531853D-05  0.235479D-04 -0.365350D-04  0.297783D-04 -0.187183D-03
     89     0.149127D-03  0.280492D-04 -0.124097D-04  0.252718D-04 -0.181319D-03
     90     0.745837D-04 -0.231009D-04  0.185479D-04  0.113604D-04 -0.316118D-03
     91     0.188720D-04  0.188968D-03  0.388783D-04  0.374433D-04  0.605750D-05
     92    -0.460797D-03  0.192157D-03  0.220624D-04  0.702951D-05 -0.159486D-05
     93     0.189777D-04 -0.107510D-02 -0.653176D-04 -0.169873D-04  0.116409D-03
     94     0.413397D-04 -0.361229D-04 -0.212183D-03  0.740510D-05 -0.194100D-04
     95    -0.110943D-04 -0.884251D-05  0.505555D-05 -0.910305D-05  0.183783D-04
     96    -0.161223D-02 -0.180183D-02 -0.161480D-03 -0.393034D-03 -0.217255D-02
     97     0.134251D-02  0.572460D-03 -0.329708D-03  0.211096D-03 -0.194530D-02
     98     0.178005D-03  0.111449D-03 -0.378528D-03 -0.802284D-05 -0.387389D-02
     99     0.198817D-03  0.201868D-03  0.243177D-04  0.503551D-04  0.111606D-02
    100     0.420005D-03 -0.369221D-04 -0.470494D-04  0.634381D-04 -0.927746D-03
    101     0.526934D-04  0.174329D-03 -0.485260D-04  0.982654D-05 -0.525685D-03
    102     0.742565D-04  0.660171D-03 -0.150113D-04  0.115141D-04 -0.842532D-03
    103     0.277402D-03  0.259089D-03  0.996708D-04  0.354015D-04 -0.383512D-03
    104     0.139143D-03 -0.266919D-04  0.883365D-05 -0.779496D-05  0.327481D-03
    105     0.109362D-03 -0.695805D-04  0.167873D-04 -0.128175D-04 -0.281789D-04
    106    -0.198628D-04 -0.317757D-05 -0.615377D-05  0.114788D-05 -0.303322D-04
    107     0.754909D-03  0.250038D-03 -0.102238D-04  0.103947D-03  0.732098D-03
    108    -0.294149D-03  0.701218D-04  0.384940D-04 -0.439580D-04  0.814923D-03
    109     0.104581D-03 -0.674205D-03 -0.327446D-03  0.182594D-05 -0.290042D-03
    110    -0.174104D-03  0.284720D-04 -0.337121D-03  0.680016D-05 -0.585153D-03
    111     0.423369D-04  0.837592D-04 -0.761753D-05  0.775659D-05 -0.284001D-03
    112    -0.952125D-04  0.130732D-03  0.112526D-04 -0.291712D-04 -0.522132D-04
    113    -0.212322D-03 -0.412003D-03  0.127801D-04 -0.503919D-04  0.789524D-03
    114     0.121240D-04 -0.465683D-03  0.932204D-04  0.164101D-04  0.149034D-02
    115    -0.274497D-03 -0.475488D-03  0.166862D-04 -0.692494D-04 -0.240105D-04
    116     0.284239D-03  0.217983D-03 -0.136293D-04 -0.113163D-04 -0.180014D-03
    117    -0.276595D-03 -0.164904D-03  0.649033D-04 -0.692625D-04  0.331567D-03
    118    -0.352894D-03 -0.104405D-04  0.100008D-03 -0.435252D-04  0.102871D-02
    119    -0.130824D-03 -0.377224D-03 -0.446315D-05 -0.994363D-04  0.226030D-03
    120     0.726234D-03 -0.458380D-03 -0.482074D-04 -0.192754D-04 -0.777933D-04
    121     0.165075D-03  0.200395D-02  0.806978D-04  0.652814D-04 -0.108641D-03
    122    -0.172367D-03 -0.118898D-03  0.448901D-03 -0.352462D-04  0.368144D-03
    123     0.392988D-04  0.165616D-04 -0.103021D-04  0.155660D-04 -0.756315D-04
    124     0.128275D-03  0.201788D-03 -0.141477D-03  0.380569D-05 -0.555933D-02
    125    -0.234580D-04  0.546819D-04  0.687437D-04  0.113914D-04  0.159936D-02
    126    -0.560315D-03 -0.664999D-03 -0.126910D-03 -0.113622D-03  0.352761D-03
    127     0.655633D-03  0.408880D-03 -0.547516D-04  0.119874D-03 -0.444357D-03
    128    -0.579547D-03 -0.291477D-03  0.538903D-04 -0.968781D-04  0.370951D-03
    129     0.183711D-03  0.121091D-03 -0.415311D-06  0.341275D-04  0.871804D-04
    130    -0.736166D-04 -0.319071D-04  0.401972D-04 -0.795271D-05  0.334038D-03
    131    -0.335434D-04 -0.148196D-03  0.128584D-03 -0.122281D-07  0.119159D-02
    132     0.516439D-03  0.437177D-03 -0.198183D-04  0.942581D-04 -0.411135D-03
    133    -0.628830D-04 -0.256023D-04  0.199862D-05 -0.701409D-05  0.106842D-03
    134    -0.366829D-04  0.285976D-04 -0.322121D-04 -0.201276D-05 -0.300183D-03


           ESTIMATED COVARIANCE MATRIX FOR PARAMETER ESTIMATES
                 46            47            48            49            50
              ________      ________      ________      ________      ________
     46     0.924499D-03
     47    -0.206743D-03  0.211384D-02
     48     0.151761D-03 -0.117957D-03  0.206490D-02
     49    -0.448589D-04 -0.106975D-03  0.199259D-03  0.186018D-02
     50    -0.139356D-03  0.111806D-03  0.548864D-04  0.816142D-03  0.251488D-02
     51    -0.151498D-04  0.905108D-04  0.527261D-04 -0.662484D-04 -0.529376D-04
     52     0.853541D-05 -0.933541D-05  0.275346D-05 -0.272157D-06 -0.388128D-05
     53     0.492187D-04  0.148583D-04  0.403516D-03 -0.717389D-04 -0.289760D-04
     54     0.334720D-04 -0.711031D-04 -0.106222D-03  0.302115D-03 -0.391728D-05
     55     0.269645D-03  0.767364D-03  0.114678D-03 -0.540175D-03 -0.664989D-03
     56    -0.849158D-04  0.153694D-03 -0.236756D-03  0.795538D-04  0.121391D-03
     57     0.195921D-06  0.140824D-04  0.118249D-03 -0.245138D-04 -0.768954D-04
     58    -0.182611D-03 -0.122714D-03 -0.907967D-04  0.408904D-04  0.785929D-04
     59    -0.119994D-03  0.179577D-03 -0.721046D-04 -0.243916D-03 -0.366971D-03
     60     0.137147D-03  0.542529D-04  0.102213D-03  0.613713D-04  0.145157D-03
     61    -0.522002D-04 -0.300892D-04  0.200282D-03  0.685246D-04  0.235672D-03
     62    -0.170468D-03 -0.558381D-04  0.152466D-05 -0.253718D-04 -0.124925D-03
     63     0.802628D-04 -0.323252D-04  0.132113D-03 -0.122809D-03  0.144351D-03
     64     0.123867D-04 -0.569113D-04  0.279792D-04 -0.300976D-04 -0.144327D-03
     65    -0.386885D-04  0.213098D-03 -0.454497D-03  0.122427D-03 -0.606716D-04
     66     0.267141D-04  0.140075D-03 -0.430092D-04 -0.759360D-05 -0.268518D-04
     67    -0.176714D-03  0.871184D-04  0.889862D-03  0.174750D-03 -0.251508D-03
     68     0.190257D-04 -0.569043D-05  0.279448D-04  0.438294D-04 -0.314934D-04
     69     0.125976D-04  0.644576D-05 -0.674753D-05 -0.300311D-05 -0.137906D-05
     70     0.166655D-05  0.816105D-03  0.574930D-03 -0.165531D-04  0.132862D-03
     71     0.485696D-04  0.153461D-03  0.429497D-04 -0.336459D-05 -0.620670D-04
     72     0.243228D-03  0.575545D-04  0.137202D-03 -0.348988D-05  0.156127D-04
     73    -0.724268D-04  0.421711D-03 -0.745764D-04 -0.483616D-04  0.145842D-04
     74     0.672350D-04  0.637269D-05  0.601467D-03 -0.882917D-05 -0.424232D-04
     75     0.146868D-04  0.374480D-05  0.145508D-05  0.523988D-03  0.229517D-03
     76    -0.859778D-05  0.100648D-03 -0.139305D-04  0.213644D-03  0.664059D-03
     77     0.273229D-05  0.267429D-04  0.599226D-06 -0.188196D-04 -0.352692D-04
     78     0.160869D-05 -0.262433D-05  0.447451D-05 -0.855506D-05 -0.256287D-05
     79     0.108489D-04  0.186468D-03  0.307311D-03 -0.120051D-03  0.334377D-04
     80    -0.224654D-04 -0.657510D-04 -0.110712D-03  0.794463D-04  0.254037D-04
     81    -0.428062D-04  0.304632D-03 -0.896110D-04 -0.234829D-03 -0.336874D-03
     82    -0.709120D-05  0.606392D-04 -0.345261D-04  0.987225D-04  0.112801D-03
     83    -0.173003D-04 -0.485871D-05  0.250696D-04 -0.140125D-04 -0.259515D-04
     84    -0.439674D-04 -0.349061D-04 -0.327004D-04  0.292776D-04  0.158372D-04
     85    -0.603985D-04  0.251226D-04 -0.100918D-03 -0.900965D-04 -0.104467D-03
     86     0.678108D-05  0.551169D-05  0.629238D-04  0.437589D-04  0.782319D-04
     87     0.118735D-04 -0.179450D-03 -0.368177D-04  0.595804D-04  0.100861D-03
     88    -0.599121D-04 -0.853240D-04 -0.569990D-04 -0.284864D-04 -0.580962D-04
     89     0.228949D-04 -0.193282D-03 -0.627863D-04  0.768916D-04  0.160460D-03
     90    -0.121304D-04 -0.726069D-04  0.316048D-04  0.528316D-04 -0.285273D-04
     91    -0.106544D-04 -0.160168D-03 -0.280593D-03  0.587714D-04 -0.444029D-04
     92     0.334787D-04 -0.517448D-04 -0.103410D-03 -0.231969D-04  0.340915D-04
     93    -0.226023D-04  0.721821D-04  0.372798D-03  0.382859D-04 -0.140183D-03
     94     0.159865D-04 -0.427121D-04 -0.196180D-04  0.534986D-04  0.876150D-05
     95     0.383960D-05  0.551108D-05 -0.511392D-06 -0.881349D-05 -0.762283D-05
     96     0.511179D-04  0.154002D-02  0.169014D-02 -0.316820D-03 -0.105762D-02
     97    -0.363013D-04 -0.821743D-03 -0.877850D-03  0.304279D-03  0.872366D-04
     98    -0.567371D-04  0.665216D-04  0.907726D-04  0.434892D-03 -0.393226D-03
     99    -0.949264D-04 -0.183769D-03 -0.737927D-04  0.167236D-04  0.175206D-03
    100    -0.368325D-03 -0.830317D-04 -0.228927D-03  0.208585D-03  0.157195D-04
    101     0.134732D-03 -0.601391D-03  0.152923D-03  0.202129D-04 -0.161660D-03
    102    -0.823724D-04 -0.700561D-04 -0.843691D-03  0.775861D-04 -0.887898D-04
    103    -0.296939D-04 -0.176611D-03 -0.242195D-03 -0.650489D-03 -0.182193D-03
    104    -0.164769D-04 -0.143691D-03 -0.122796D-03 -0.413132D-03 -0.946344D-03
    105    -0.115695D-05 -0.313518D-04  0.112087D-03  0.585751D-04  0.463776D-04
    106    -0.154895D-05  0.161666D-04 -0.136959D-04  0.451787D-05 -0.186870D-05
    107    -0.333913D-04 -0.324939D-03 -0.577762D-03  0.313880D-03  0.947041D-04
    108     0.523181D-04 -0.716377D-05  0.242427D-03 -0.526368D-04  0.150346D-03
    109     0.782589D-04 -0.315247D-03  0.334321D-03  0.430208D-03  0.356387D-03
    110     0.136949D-04 -0.148148D-03  0.541986D-04 -0.107407D-04 -0.506961D-04
    111     0.238668D-04 -0.143650D-04 -0.983884D-04  0.646492D-04  0.357891D-04
    112     0.566133D-04  0.370232D-04  0.867828D-04 -0.705357D-04 -0.626870D-04
    113     0.120274D-03  0.335861D-04  0.126723D-03  0.910411D-04  0.266612D-03
    114    -0.303129D-04 -0.107430D-03 -0.315735D-04 -0.241620D-03 -0.583849D-05
    115    -0.436753D-04  0.259494D-03  0.255302D-03 -0.128134D-03 -0.398281D-03
    116     0.363799D-05  0.331361D-04  0.602649D-04  0.215509D-03  0.125536D-03
    117    -0.351495D-04  0.342321D-03  0.221682D-03 -0.184492D-03 -0.411282D-03
    118     0.457777D-04  0.101567D-03  0.106521D-03 -0.201044D-03 -0.612154D-04
    119     0.377768D-04  0.276955D-03  0.571207D-03 -0.267919D-03 -0.105615D-03
    120    -0.721333D-04 -0.110670D-04  0.254815D-03 -0.486797D-04 -0.181280D-03
    121     0.764100D-04 -0.384584D-03 -0.631500D-03 -0.500784D-04  0.215012D-03
    122    -0.261541D-04  0.116638D-03  0.113312D-03 -0.155491D-03 -0.983170D-06
    123    -0.719550D-05 -0.255760D-04 -0.521979D-05  0.224572D-04  0.115354D-04
    124    -0.562661D-05  0.610622D-05  0.174527D-04  0.131916D-03  0.446827D-04
    125    -0.393407D-04 -0.583065D-04  0.157649D-05 -0.467097D-04  0.265730D-04
    126    -0.285457D-04  0.383696D-03  0.497549D-03  0.208948D-03 -0.475790D-03
    127     0.247257D-04 -0.475939D-03 -0.354212D-03  0.694946D-04  0.357288D-03
    128    -0.504258D-04  0.411431D-03  0.281729D-03 -0.717802D-04 -0.294322D-03
    129     0.584825D-06 -0.172848D-03 -0.136566D-03 -0.160488D-04  0.700863D-05
    130     0.282957D-05  0.506396D-04  0.316277D-04 -0.427557D-04  0.573418D-04
    131     0.239327D-04 -0.886717D-04  0.407391D-05 -0.203512D-03  0.220265D-04
    132     0.508374D-04 -0.367298D-03 -0.554326D-03  0.114397D-03  0.165502D-03
    133    -0.331119D-04 -0.930346D-05 -0.515991D-04  0.111590D-04 -0.996584D-04
    134     0.276249D-05  0.292787D-04 -0.744762D-05  0.479208D-04 -0.133204D-04


           ESTIMATED COVARIANCE MATRIX FOR PARAMETER ESTIMATES
                 51            52            53            54            55
              ________      ________      ________      ________      ________
     51     0.421176D-03
     52    -0.586911D-04  0.230208D-04
     53     0.214922D-03  0.526637D-05  0.277347D-02
     54     0.137397D-03  0.111307D-04  0.482018D-03  0.441268D-02
     55     0.956455D-04 -0.373933D-06  0.459167D-03 -0.201124D-03  0.347271D-01
     56    -0.139636D-03 -0.362142D-04 -0.281610D-03  0.118611D-03  0.268253D-03
     57     0.262389D-05 -0.523457D-05  0.533662D-04 -0.430178D-04  0.228801D-03
     58     0.440604D-04 -0.449865D-05 -0.642035D-04 -0.140380D-03 -0.210401D-03
     59     0.884551D-04 -0.191870D-04 -0.205090D-03  0.126560D-03  0.352153D-03
     60     0.107495D-04 -0.316825D-05 -0.144472D-04  0.306190D-05  0.386404D-03
     61     0.177499D-04 -0.748571D-05  0.110595D-03 -0.971468D-04  0.164258D-03
     62     0.580616D-04 -0.246328D-05 -0.113849D-03  0.137377D-03 -0.363562D-03
     63     0.427214D-05 -0.574397D-05  0.171808D-03 -0.195003D-04  0.586166D-03
     64    -0.373863D-04 -0.111254D-04  0.169830D-05  0.100743D-04  0.663128D-04
     65     0.110130D-03  0.371253D-05 -0.458945D-04  0.122785D-03 -0.174858D-03
     66     0.690426D-04 -0.684884D-05 -0.355984D-04 -0.271426D-03 -0.372314D-04
     67    -0.162947D-04 -0.112964D-04  0.169058D-03  0.946437D-04 -0.810643D-03
     68     0.281663D-06 -0.507704D-05 -0.308194D-04  0.423588D-04 -0.167312D-03
     69     0.461146D-06  0.876817D-06  0.193534D-05 -0.207918D-04  0.178146D-04
     70     0.401253D-04 -0.198050D-04  0.377722D-03 -0.126155D-02  0.246459D-02
     71    -0.524408D-05  0.502753D-06  0.709536D-05 -0.218654D-03  0.370546D-03
     72    -0.525240D-05  0.187517D-05  0.617392D-04 -0.205668D-03  0.330594D-03
     73     0.419384D-04 -0.160915D-05 -0.548915D-04  0.899739D-04 -0.559311D-05
     74     0.472964D-05  0.358824D-05  0.156316D-03 -0.702483D-04 -0.155307D-03
     75    -0.162102D-04 -0.101882D-04 -0.952549D-04  0.130938D-04 -0.220765D-03
     76    -0.292192D-04 -0.478834D-05  0.244675D-04 -0.689742D-04 -0.258361D-03
     77     0.107047D-03 -0.138823D-04  0.428566D-04  0.863787D-04 -0.833348D-04
     78    -0.135634D-04  0.593683D-05  0.153155D-05 -0.143512D-05 -0.295990D-05
     79     0.526722D-04 -0.325000D-05  0.787407D-03 -0.207037D-03  0.667123D-03
     80     0.621109D-04 -0.249949D-06  0.840104D-04  0.137358D-02 -0.363171D-03
     81    -0.798893D-04 -0.579014D-05  0.161287D-03 -0.306345D-03  0.215557D-01
     82    -0.668596D-04 -0.191573D-04 -0.865025D-04 -0.568064D-04  0.167078D-03
     83     0.631053D-05 -0.368386D-05  0.130155D-04 -0.347545D-04  0.118302D-03
     84     0.505504D-05 -0.907396D-06 -0.372037D-04 -0.234690D-05 -0.184072D-03
     85     0.148799D-04 -0.927132D-06 -0.352952D-04  0.899974D-04  0.123823D-03
     86     0.131353D-04 -0.117287D-05 -0.169233D-04 -0.146956D-03  0.221911D-03
     87    -0.170145D-04  0.736507D-05  0.129104D-04  0.127824D-03 -0.283850D-03
     88     0.531632D-05  0.495782D-05  0.309309D-04  0.202737D-03 -0.283783D-03
     89    -0.370558D-04  0.599215D-05  0.461961D-04  0.213422D-03 -0.533689D-03
     90    -0.321408D-04  0.225084D-06  0.323029D-04  0.847476D-04 -0.252439D-03
     91     0.258368D-04  0.465999D-05 -0.121022D-03  0.247703D-03 -0.714748D-03
     92     0.345837D-04  0.480044D-05 -0.297703D-04  0.131614D-03 -0.344103D-03
     93     0.197040D-04 -0.113477D-04  0.408827D-04  0.193077D-05 -0.534353D-04
     94    -0.620626D-05 -0.928779D-07 -0.157238D-04 -0.271800D-05 -0.216173D-03
     95     0.110074D-05  0.203388D-06 -0.194694D-05 -0.112876D-04  0.101285D-04
     96    -0.166510D-05 -0.813400D-04  0.573632D-03 -0.333342D-02  0.744221D-02
     97     0.244842D-04  0.361005D-04 -0.461859D-03  0.205556D-02 -0.459441D-02
     98    -0.636379D-05  0.286490D-04 -0.814760D-04  0.464342D-03 -0.853855D-03
     99     0.246820D-04 -0.309854D-05 -0.183770D-05  0.326828D-03 -0.597566D-03
    100    -0.598520D-05  0.105939D-04 -0.988602D-04  0.492209D-03 -0.907834D-03
    101    -0.104521D-03  0.171956D-04  0.465344D-04 -0.117600D-03  0.830328D-04
    102     0.376656D-04  0.727599D-06 -0.277534D-03  0.447126D-03 -0.335486D-03
    103     0.764128D-04  0.236345D-04  0.108401D-03  0.506434D-03 -0.560167D-03
    104     0.845920D-04 -0.128726D-04 -0.669202D-05  0.912229D-04  0.719486D-03
    105    -0.159501D-03  0.136331D-04 -0.767759D-04 -0.253496D-03  0.417267D-03
    106     0.163144D-04 -0.713209D-05  0.711687D-05 -0.147613D-05 -0.250623D-06
    107    -0.850699D-04  0.189642D-04 -0.102250D-02  0.605523D-03 -0.172549D-02
    108    -0.104318D-03  0.987189D-07 -0.820063D-04 -0.225336D-02  0.482253D-03
    109     0.894573D-04 -0.604102D-05 -0.789167D-04  0.192618D-03 -0.319645D-01
    110     0.176121D-03  0.119554D-04  0.221493D-03  0.213150D-03 -0.732213D-03
    111    -0.376268D-05  0.102713D-04 -0.404388D-04  0.157738D-03 -0.499008D-03
    112    -0.432218D-05 -0.872766D-06  0.744163D-04 -0.124284D-03  0.557513D-03
    113    -0.523723D-04  0.371849D-05  0.662186D-04 -0.460059D-03  0.109543D-03
    114     0.477031D-04 -0.802654D-05  0.960999D-04  0.193692D-03 -0.164450D-03
    115     0.638463D-04 -0.123330D-04 -0.103152D-04 -0.174302D-03  0.772164D-03
    116    -0.141722D-04  0.250162D-05 -0.956324D-04 -0.215418D-04 -0.298606D-03
    117     0.605338D-04 -0.158217D-04 -0.943163D-04 -0.625695D-03  0.160981D-02
    118     0.281666D-04 -0.514571D-05  0.327250D-05 -0.398211D-03  0.916741D-03
    119    -0.797068D-04 -0.113733D-04  0.288622D-03 -0.855190D-03  0.213283D-02
    120    -0.100944D-03 -0.533112D-05  0.559124D-04 -0.372753D-03  0.102502D-02
    121     0.666206D-05  0.306456D-04 -0.517270D-05  0.451613D-03 -0.966730D-03
    122     0.125672D-04 -0.613586D-05  0.212321D-04 -0.242172D-03  0.973680D-03
    123     0.341974D-06  0.343470D-06  0.563617D-05  0.547479D-04 -0.775337D-04
    124    -0.169280D-04  0.680166D-05 -0.471628D-04  0.122767D-03 -0.166048D-04
    125     0.226441D-04 -0.282126D-05  0.184447D-04  0.651409D-04 -0.192856D-04
    126     0.177900D-03 -0.475367D-04  0.273218D-03 -0.875500D-03  0.107684D-02
    127    -0.144369D-03  0.390851D-04 -0.219810D-03  0.921617D-03 -0.156287D-02
    128     0.139875D-03 -0.375408D-04  0.169338D-03 -0.794400D-03  0.131443D-02
    129    -0.162033D-04  0.788074D-05 -0.712634D-04  0.270860D-03 -0.534910D-03
    130    -0.170109D-05 -0.424938D-05  0.267006D-04 -0.102633D-03  0.230863D-03
    131    -0.109039D-04 -0.111936D-04  0.451062D-04 -0.318124D-03  0.454042D-03
    132    -0.817498D-04  0.318866D-04 -0.440633D-03  0.948481D-03 -0.122259D-02
    133     0.334961D-04 -0.602424D-05 -0.247390D-04 -0.678488D-04 -0.100985D-03
    134    -0.953792D-05  0.315086D-05  0.812675D-05 -0.416448D-05 -0.182837D-04


           ESTIMATED COVARIANCE MATRIX FOR PARAMETER ESTIMATES
                 56            57            58            59            60
              ________      ________      ________      ________      ________
     56     0.306098D-02
     57    -0.112115D-04  0.282552D-03
     58    -0.105778D-03 -0.497119D-04  0.420778D-03
     59     0.129746D-04 -0.469534D-05  0.116544D-03  0.184531D-02
     60     0.266752D-04  0.245642D-04 -0.115314D-04 -0.167121D-04  0.196934D-02
     61    -0.425046D-04  0.171772D-04 -0.189630D-04 -0.113411D-03  0.114612D-02
     62     0.581940D-03 -0.886940D-04 -0.430779D-04  0.263366D-03 -0.105606D-03
     63     0.318373D-04  0.594884D-04  0.662196D-04  0.103973D-03  0.103738D-03
     64     0.984429D-04  0.264995D-04  0.681928D-04  0.250893D-04  0.466709D-04
     65    -0.431421D-04 -0.696808D-04  0.182490D-04 -0.626011D-04  0.118945D-04
     66    -0.644611D-04  0.197746D-04  0.512996D-04 -0.134178D-03 -0.392711D-04
     67     0.133116D-03  0.425677D-04  0.451037D-03 -0.401474D-03 -0.155339D-03
     68    -0.146268D-03  0.551174D-05  0.104771D-04 -0.125047D-05 -0.718222D-04
     69     0.902098D-05  0.236698D-05 -0.165241D-04 -0.577887D-04  0.720941D-05
     70     0.309600D-03  0.497158D-03  0.965302D-04  0.154181D-03 -0.105699D-03
     71     0.866979D-05  0.999154D-04  0.136426D-05 -0.110379D-04 -0.988872D-05
     72     0.361360D-04  0.563656D-04 -0.145142D-04 -0.423008D-04 -0.629734D-05
     73    -0.433976D-04 -0.449182D-04 -0.202450D-05  0.471319D-04 -0.133891D-04
     74    -0.380262D-04  0.444493D-04 -0.147944D-04 -0.942442D-04  0.663730D-04
     75     0.118132D-03  0.360530D-05  0.364581D-04 -0.923242D-04  0.316320D-04
     76     0.156007D-03 -0.107368D-06  0.312873D-04 -0.933103D-04  0.503744D-04
     77    -0.463421D-04 -0.259058D-05  0.287507D-05  0.169374D-04  0.653358D-05
     78    -0.229459D-04 -0.285502D-05 -0.255994D-06 -0.251016D-05 -0.136536D-05
     79    -0.120502D-04  0.136681D-03 -0.234795D-05  0.973650D-05 -0.751762D-04
     80     0.582467D-04 -0.856645D-04 -0.683915D-04  0.304265D-04 -0.124360D-03
     81     0.155425D-03  0.121198D-03 -0.424814D-04  0.199048D-03  0.158032D-03
     82     0.734428D-03  0.496933D-04 -0.239690D-04  0.370387D-04 -0.170407D-04
     83     0.211384D-04  0.668491D-04 -0.113321D-04 -0.123201D-05 -0.170668D-04
     84    -0.266061D-04 -0.306897D-04  0.550598D-04  0.167872D-04 -0.165677D-05
     85     0.226334D-04 -0.165799D-04  0.246728D-04  0.471632D-03  0.425354D-04
     86     0.113964D-04 -0.225056D-04 -0.950690D-05  0.382510D-04  0.452842D-03
     87    -0.885342D-04 -0.949319D-04 -0.325598D-04 -0.608234D-04  0.299391D-03
     88     0.100900D-03 -0.515093D-04 -0.382325D-04  0.703972D-04  0.518846D-04
     89    -0.195708D-04 -0.709480D-04 -0.310974D-04 -0.356190D-04  0.110353D-03
     90     0.586741D-04 -0.477754D-05 -0.110438D-04  0.909382D-05  0.541644D-04
     91    -0.114686D-03 -0.172593D-03 -0.155387D-04 -0.691076D-07  0.502972D-04
     92    -0.153459D-03 -0.882477D-04 -0.581514D-05 -0.674229D-04  0.156114D-04
     93     0.357495D-04  0.544212D-04  0.601818D-04 -0.138834D-03 -0.118340D-03
     94    -0.448203D-04 -0.183306D-04  0.491371D-07 -0.304002D-04 -0.124158D-04
     95     0.334671D-05  0.678623D-06 -0.514411D-05 -0.161134D-04 -0.192531D-05
     96     0.545492D-03  0.162604D-02  0.145905D-03  0.719513D-04  0.108567D-03
     97    -0.366571D-03 -0.915752D-03 -0.546568D-04  0.235038D-04  0.157196D-03
     98    -0.123402D-03 -0.224926D-03  0.617132D-04  0.755544D-03 -0.413327D-04
     99     0.117093D-04 -0.159605D-03  0.131481D-04  0.323816D-04  0.382373D-04
    100    -0.785338D-04 -0.182255D-03  0.234190D-04  0.140914D-03 -0.301129D-04
    101     0.424397D-05  0.889373D-04 -0.433532D-04 -0.214290D-04  0.174682D-04
    102    -0.449317D-04 -0.193612D-03  0.337955D-04  0.189829D-03 -0.750270D-04
    103    -0.207833D-03 -0.219582D-03 -0.429948D-04  0.224761D-03 -0.101389D-03
    104    -0.237814D-04  0.878625D-04 -0.303964D-04  0.802502D-04 -0.196245D-03
    105     0.153672D-03  0.646836D-04  0.710522D-05 -0.533876D-04  0.476236D-04
    106     0.152944D-04  0.577725D-05  0.136558D-08  0.592590D-05  0.719652D-05
    107     0.527859D-04 -0.345103D-03  0.339744D-04 -0.164908D-04  0.116658D-03
    108     0.284807D-04  0.109554D-03  0.488204D-04 -0.262152D-03  0.276473D-03
    109     0.872029D-04 -0.266676D-04  0.101005D-03 -0.310373D-03 -0.239350D-03
    110    -0.119205D-02 -0.115446D-03  0.116435D-03  0.485465D-04 -0.195899D-04
    111    -0.775493D-04 -0.166546D-03  0.241758D-04  0.489009D-04  0.200546D-04
    112     0.682954D-04  0.952375D-04 -0.537781D-04  0.738272D-05  0.386162D-04
    113     0.309914D-04  0.908800D-04 -0.285101D-04 -0.829382D-03  0.981646D-05
    114    -0.690194D-04  0.101749D-03  0.351951D-04 -0.361012D-03 -0.765755D-03
    115     0.850837D-04  0.225169D-03  0.120266D-03  0.256917D-03 -0.541681D-03
    116    -0.228271D-03 -0.917473D-04  0.597349D-04  0.697814D-04 -0.451293D-06
    117     0.440089D-04  0.291026D-03  0.484308D-04  0.119640D-03 -0.166515D-03
    118     0.397068D-04  0.143132D-03 -0.143038D-04 -0.496788D-05 -0.729575D-04
    119     0.264507D-03  0.437258D-03  0.120669D-06 -0.534879D-04 -0.136299D-03
    120     0.122997D-03  0.263415D-03  0.255977D-04  0.119671D-03 -0.564798D-04
    121    -0.163276D-03 -0.270073D-03 -0.833216D-04  0.166375D-03  0.269539D-03
    122     0.954541D-04  0.151689D-03  0.407227D-05 -0.869047D-04 -0.137753D-04
    123    -0.387852D-05 -0.134720D-04  0.807428D-05  0.384665D-04 -0.657433D-06
    124     0.206056D-04 -0.545216D-04 -0.119319D-05 -0.264867D-04  0.676368D-04
    125     0.195922D-04 -0.193222D-04  0.136098D-04  0.454198D-04 -0.856518D-05
    126     0.104255D-03  0.288227D-03  0.197212D-03  0.189451D-03 -0.350028D-03
    127    -0.123570D-03 -0.268270D-03 -0.153098D-03 -0.278432D-03  0.272187D-03
    128     0.700652D-04  0.235345D-03  0.140528D-03  0.277944D-03 -0.213481D-03
    129    -0.453314D-04 -0.114009D-03 -0.251258D-04 -0.169006D-04  0.177859D-04
    130     0.128387D-04  0.494586D-04  0.124887D-07 -0.475562D-04  0.177684D-05
    131     0.535763D-04  0.137570D-03 -0.372941D-04 -0.298514D-03  0.433319D-04
    132     0.127975D-03 -0.301780D-03 -0.129090D-03 -0.148731D-03  0.212083D-03
    133    -0.676623D-05 -0.250790D-04  0.357460D-04  0.413756D-04 -0.430400D-04
    134    -0.112252D-04  0.250037D-06 -0.479454D-05  0.946320D-04 -0.647636D-05


           ESTIMATED COVARIANCE MATRIX FOR PARAMETER ESTIMATES
                 61            62            63            64            65
              ________      ________      ________      ________      ________
     61     0.185476D-02
     62    -0.153421D-03  0.254974D-02
     63     0.128563D-03 -0.567653D-04  0.195300D-02
     64     0.706575D-04 -0.378607D-04  0.600429D-03  0.190986D-02
     65    -0.121439D-03  0.280289D-04 -0.445710D-03  0.139096D-03  0.340838D-02
     66     0.315863D-05  0.731914D-04 -0.425075D-04 -0.420943D-04  0.533248D-03
     67    -0.738673D-04  0.103321D-03 -0.574229D-04  0.379016D-05 -0.913787D-04
     68     0.161360D-04  0.231073D-04  0.121298D-04  0.414583D-04 -0.491583D-05
     69     0.280956D-05 -0.365928D-04  0.310756D-05 -0.628670D-05 -0.129253D-04
     70     0.204913D-03 -0.644492D-03  0.844297D-03  0.287556D-03 -0.140391D-03
     71     0.336362D-04 -0.995422D-04  0.147634D-03  0.325464D-04  0.478188D-04
     72     0.470707D-04 -0.150871D-03  0.173720D-03  0.524784D-04  0.252940D-04
     73    -0.545984D-04  0.259896D-04 -0.795436D-04 -0.547078D-04  0.390575D-04
     74     0.591019D-04 -0.269046D-04  0.761713D-04  0.310150D-04 -0.143690D-03
     75     0.667285D-04 -0.725052D-04  0.923889D-04  0.842293D-04  0.743740D-04
     76     0.103747D-03 -0.829180D-04  0.239186D-03  0.180355D-04  0.131520D-05
     77    -0.128941D-04  0.179710D-04 -0.319481D-04 -0.279988D-04  0.237787D-04
     78     0.240303D-05  0.425770D-05  0.270888D-05  0.320094D-06  0.289134D-05
     79     0.129649D-03 -0.966206D-04  0.342933D-03  0.143722D-03 -0.921622D-04
     80    -0.755177D-04  0.159988D-03 -0.100894D-03  0.355304D-04 -0.497412D-04
     81     0.189613D-03 -0.124204D-03  0.104348D-03 -0.439757D-04 -0.144487D-03
     82    -0.400708D-04  0.712272D-04  0.813918D-04  0.886958D-04 -0.578269D-04
     83     0.170015D-04 -0.105163D-04  0.242663D-04  0.157760D-04 -0.464723D-04
     84    -0.349963D-04 -0.132040D-05 -0.499446D-04 -0.248319D-04  0.208167D-05
     85    -0.397228D-04  0.114626D-03 -0.352307D-04 -0.214860D-04  0.217961D-04
     86     0.301481D-03  0.200237D-04  0.109813D-03  0.200095D-04 -0.581939D-05
     87     0.462284D-03  0.977121D-04 -0.758550D-04 -0.107831D-03 -0.153053D-04
     88    -0.299306D-04  0.765070D-03 -0.109566D-03  0.181989D-04  0.358820D-04
     89     0.432320D-04  0.876398D-04  0.388528D-03  0.113755D-03 -0.924231D-04
     90    -0.353951D-04  0.617706D-04  0.859205D-04  0.438493D-03  0.320890D-04
     91    -0.718974D-04  0.207324D-03 -0.292755D-03 -0.357762D-04  0.957448D-03
     92     0.113355D-04  0.128486D-03 -0.119353D-03 -0.317921D-04  0.181579D-03
     93    -0.867407D-04 -0.972266D-04  0.327609D-04  0.104912D-04 -0.145920D-03
     94    -0.154455D-04  0.190752D-04 -0.318577D-04 -0.212632D-05 -0.109429D-04
     95    -0.294045D-05 -0.120789D-04  0.444759D-05 -0.266413D-05 -0.315686D-07
     96     0.125471D-02 -0.123478D-02  0.220391D-02  0.844004D-03  0.154570D-03
     97    -0.572415D-03  0.832833D-03 -0.136888D-02 -0.511555D-03  0.700419D-04
     98    -0.294510D-04  0.130839D-03 -0.160464D-03 -0.204986D-03 -0.115925D-03
     99    -0.648345D-04  0.134782D-03 -0.232414D-03 -0.592560D-04 -0.845133D-04
    100    -0.121610D-03  0.187184D-03 -0.362715D-03 -0.127697D-03 -0.146629D-03
    101     0.866203D-04 -0.235580D-05  0.129709D-03  0.178634D-04 -0.579049D-04
    102    -0.127603D-03  0.149519D-03 -0.299694D-03 -0.832409D-04  0.195933D-03
    103    -0.275328D-03  0.299975D-03 -0.384778D-03 -0.291446D-03 -0.197222D-03
    104    -0.232131D-03  0.127814D-03 -0.294689D-03  0.318497D-05  0.179607D-04
    105     0.105632D-03 -0.746560D-04  0.187839D-03  0.488668D-04 -0.597744D-04
    106     0.426040D-06 -0.625003D-05 -0.798585D-05 -0.441509D-05  0.122306D-05
    107    -0.316881D-03  0.220586D-03 -0.742584D-03 -0.257679D-03  0.219035D-03
    108     0.322072D-03 -0.244656D-03  0.159754D-03 -0.784201D-04 -0.543237D-04
    109    -0.399548D-03  0.206281D-03 -0.809190D-04  0.889280D-05  0.139975D-03
    110     0.110377D-03 -0.139091D-03 -0.221729D-03 -0.485874D-04  0.144452D-03
    111    -0.666468D-04  0.411601D-04 -0.111614D-03 -0.343364D-04  0.784661D-04
    112     0.133338D-03 -0.301647D-04  0.142895D-03  0.357590D-04  0.119728D-04
    113     0.140516D-03 -0.228179D-03  0.258451D-03  0.127493D-03  0.658928D-05
    114    -0.547198D-03  0.150787D-04 -0.151354D-03  0.593202D-04 -0.514737D-04
    115    -0.617752D-03 -0.104227D-03  0.224839D-03  0.205301D-03 -0.677173D-04
    116     0.750814D-04 -0.978603D-03 -0.989937D-04 -0.137456D-03  0.260491D-04
    117     0.414655D-04 -0.289089D-03 -0.323155D-03 -0.520308D-04  0.237955D-03
    118     0.128902D-03 -0.171521D-03  0.359310D-04 -0.554168D-03 -0.337125D-04
    119     0.209226D-03 -0.292226D-03  0.701500D-03  0.107970D-03 -0.136185D-02
    120     0.133604D-03 -0.258020D-03  0.320409D-03  0.247261D-03 -0.240026D-03
    121     0.850633D-04  0.245838D-03 -0.428263D-03 -0.157210D-03  0.223145D-03
    122     0.796795D-04 -0.140622D-03  0.172079D-03  0.583240D-04  0.812181D-04
    123    -0.676422D-05  0.283308D-04 -0.270017D-04 -0.940754D-05 -0.138029D-04
    124     0.182044D-04  0.381937D-04 -0.724413D-04  0.248967D-04 -0.426849D-04
    125    -0.209644D-04  0.288799D-04 -0.188309D-04 -0.226897D-04 -0.273293D-04
    126     0.593418D-05 -0.684408D-03  0.601884D-03  0.321476D-03 -0.301782D-04
    127     0.443799D-04  0.594388D-03 -0.603717D-03 -0.188113D-03  0.420906D-04
    128    -0.156085D-04 -0.481403D-03  0.544875D-03  0.148803D-03 -0.628314D-04
    129    -0.608832D-04  0.132880D-03 -0.157768D-03 -0.644647D-04 -0.175376D-04
    130     0.160976D-04 -0.449905D-04  0.775360D-04  0.551324D-04  0.195344D-04
    131     0.689091D-04 -0.138326D-03  0.842326D-04  0.119843D-04  0.278064D-04
    132    -0.179790D-03  0.724555D-03 -0.571088D-03 -0.107477D-03  0.165334D-03
    133    -0.488060D-04 -0.806763D-04 -0.272018D-04 -0.721068D-05  0.171321D-04
    134     0.204706D-05 -0.495016D-05 -0.111373D-04  0.445206D-07 -0.105581D-04


           ESTIMATED COVARIANCE MATRIX FOR PARAMETER ESTIMATES
                 66            67            68            69            70
              ________      ________      ________      ________      ________
     66     0.180149D-02
     67    -0.441102D-04  0.299951D-02
     68    -0.714003D-04  0.435158D-04  0.289338D-03
     69     0.960010D-05  0.687945D-06 -0.312095D-05  0.215064D-04
     70     0.740668D-03 -0.985785D-04 -0.525891D-04  0.666322D-04  0.292640D-01
     71     0.148994D-03  0.597613D-05 -0.304596D-05  0.139460D-04  0.384187D-02
     72     0.163718D-03 -0.143496D-04 -0.457360D-06  0.149976D-04  0.402402D-02
     73     0.702567D-05  0.162041D-04 -0.156246D-04 -0.777732D-06 -0.200880D-02
     74     0.409139D-04  0.337646D-03  0.722917D-05  0.609522D-06  0.108179D-02
     75     0.756154D-05  0.360550D-04  0.334957D-04 -0.530122D-05  0.115010D-02
     76     0.102754D-03 -0.135736D-03 -0.231038D-05 -0.313261D-05  0.196782D-02
     77     0.284395D-04  0.190692D-04 -0.574649D-05  0.962600D-06 -0.343745D-03
     78     0.323556D-05 -0.734482D-05  0.405242D-06  0.104633D-06 -0.927781D-05
     79     0.262954D-03 -0.175888D-04 -0.228889D-04  0.160495D-04  0.772440D-02
     80    -0.136089D-03  0.918565D-04 -0.277137D-04 -0.163845D-04 -0.335282D-02
     81     0.825871D-04 -0.219567D-03 -0.787132D-04  0.106266D-04  0.382680D-02
     82    -0.554574D-04 -0.148867D-04 -0.731357D-04  0.520653D-05  0.153972D-02
     83    -0.557786D-05  0.445969D-05 -0.356529D-06 -0.110416D-05  0.241905D-04
     84    -0.274186D-04  0.686110D-04 -0.252848D-06 -0.583161D-05 -0.112861D-02
     85    -0.828719D-04 -0.153264D-03 -0.283815D-04 -0.197669D-04 -0.520623D-03
     86    -0.105024D-04 -0.129345D-03 -0.180290D-04  0.275493D-05  0.261808D-03
     87    -0.112819D-03 -0.453920D-04  0.558803D-05 -0.107869D-04 -0.512673D-02
     88    -0.356967D-04 -0.225766D-04  0.581385D-05 -0.160013D-04 -0.248474D-02
     89    -0.129933D-03 -0.236381D-04  0.940533D-05 -0.938863D-05 -0.566999D-02
     90    -0.186828D-04 -0.116449D-04  0.864415D-06 -0.654946D-05 -0.115877D-02
     91     0.183365D-05 -0.848641D-04 -0.126994D-04 -0.165150D-04 -0.710762D-02
     92     0.348120D-03 -0.393602D-04 -0.464545D-04 -0.257324D-05 -0.436266D-02
     93     0.190846D-04  0.779178D-03  0.284083D-04  0.127319D-04  0.298043D-02
     94    -0.681733D-04  0.330207D-04  0.596544D-04 -0.133801D-05 -0.894378D-03
     95     0.724594D-05  0.346685D-05 -0.156406D-06  0.769163D-05  0.702871D-04
     96     0.186923D-02 -0.485969D-04 -0.635633D-04  0.189373D-03  0.980016D-01
     97    -0.103780D-02  0.166871D-03  0.775000D-04 -0.888715D-04 -0.557907D-01
     98     0.336145D-04 -0.865035D-04  0.928027D-04  0.143620D-04 -0.108880D-01
     99    -0.224531D-03 -0.392378D-04 -0.893445D-05 -0.203197D-04 -0.645792D-02
    100    -0.330025D-03  0.870378D-04 -0.166954D-05 -0.213153D-04 -0.119778D-01
    101    -0.389575D-04 -0.145154D-03  0.149104D-04 -0.205313D-05  0.452829D-02
    102    -0.132388D-03 -0.389013D-03  0.132434D-05 -0.696475D-05 -0.810557D-02
    103    -0.285624D-03 -0.909785D-04 -0.282382D-04 -0.170847D-04 -0.144977D-01
    104    -0.109470D-03  0.107668D-03 -0.103356D-04  0.356220D-05  0.149212D-02
    105    -0.390590D-04  0.210290D-04  0.573735D-05  0.667682D-05  0.364658D-02
    106     0.623509D-05  0.104814D-04  0.367317D-06 -0.544864D-06  0.101544D-03
    107    -0.547640D-03  0.153785D-03  0.214389D-05 -0.302964D-04 -0.206983D-01
    108     0.175535D-03 -0.126928D-03  0.329008D-04  0.302517D-04  0.466412D-02
    109    -0.701231D-04  0.468994D-03  0.830792D-04 -0.458613D-05  0.409394D-02
    110     0.594309D-04  0.138270D-04  0.118298D-03  0.120305D-04 -0.315366D-02
    111    -0.379411D-04 -0.163621D-04  0.554054D-05 -0.934283D-07 -0.322252D-02
    112     0.952261D-04 -0.105468D-03  0.648309D-05  0.127521D-04  0.407986D-02
    113     0.220238D-03  0.173349D-03  0.655209D-05  0.436179D-04  0.509226D-02
    114    -0.917714D-04  0.491230D-03 -0.401856D-04 -0.164160D-04  0.307869D-02
    115     0.311334D-03  0.195315D-03 -0.141513D-04  0.275603D-04  0.143902D-01
    116    -0.878513D-04 -0.407150D-05 -0.183575D-05  0.135246D-04 -0.408425D-02
    117     0.318597D-03 -0.437620D-04 -0.451430D-04  0.311525D-04  0.202367D-01
    118     0.273129D-03 -0.613063D-04 -0.143151D-04  0.169172D-04  0.821339D-02
    119     0.170241D-03  0.897242D-04  0.255725D-04  0.279849D-04  0.218804D-01
    120    -0.375962D-03  0.107977D-03  0.895620D-04  0.435421D-05  0.138321D-01
    121    -0.254277D-03 -0.113680D-02 -0.607477D-05 -0.390457D-04 -0.174841D-01
    122     0.246983D-03  0.309357D-05 -0.150315D-03  0.111714D-04  0.874333D-02
    123    -0.348585D-04  0.285967D-05  0.165547D-05 -0.122821D-04 -0.837064D-03
    124    -0.531715D-04  0.308573D-04  0.128847D-04 -0.850706D-05 -0.143985D-03
    125    -0.271695D-04 -0.336559D-04 -0.838050D-05 -0.186949D-05 -0.515253D-03
    126     0.406971D-03  0.483634D-03  0.157519D-04  0.614330D-04  0.104879D-01
    127    -0.525653D-03 -0.214204D-03  0.110855D-04 -0.601598D-04 -0.938278D-02
    128     0.443234D-03  0.182240D-03 -0.163684D-04  0.475616D-04  0.789490D-02
    129    -0.155016D-03 -0.358190D-04  0.142669D-04 -0.173340D-04 -0.648161D-02
    130     0.445125D-04  0.169884D-04 -0.139748D-04  0.209108D-05  0.272588D-02
    131     0.656566D-05  0.406778D-04 -0.194459D-04  0.166235D-05  0.661117D-02
    132    -0.387305D-03 -0.290756D-03  0.199565D-05 -0.481387D-04 -0.805753D-02
    133     0.476032D-04  0.574382D-04  0.401977D-06  0.492130D-05 -0.239918D-02
    134     0.166771D-04 -0.659054D-04  0.771819D-05 -0.729130D-06  0.229277D-03


           ESTIMATED COVARIANCE MATRIX FOR PARAMETER ESTIMATES
                 71            72            73            74            75
              ________      ________      ________      ________      ________
     71     0.220326D-02
     72     0.524768D-03  0.143160D-02
     73    -0.254100D-03 -0.391431D-03  0.161025D-02
     74     0.100133D-03  0.209770D-03 -0.468229D-04  0.158345D-02
     75     0.128137D-03  0.117167D-03 -0.103966D-03  0.142759D-03  0.155336D-02
     76     0.201416D-03  0.217609D-03 -0.420260D-04  0.130082D-03  0.778271D-03
     77    -0.797283D-04 -0.518281D-04  0.106412D-03  0.397551D-04 -0.125839D-03
     78    -0.533438D-06  0.118656D-04 -0.587146D-05  0.913510D-05 -0.712520D-05
     79     0.106477D-02  0.112665D-02 -0.477365D-03  0.400311D-03  0.317209D-03
     80    -0.372656D-03 -0.481478D-03  0.293282D-03 -0.221365D-03 -0.149141D-03
     81     0.383166D-03  0.564936D-03 -0.125196D-04  0.493805D-04  0.722109D-04
     82     0.239512D-03  0.946207D-04 -0.249587D-04 -0.140130D-03  0.205867D-03
     83     0.518999D-05 -0.742466D-05 -0.269838D-04  0.231414D-04  0.156664D-04
     84    -0.157252D-03 -0.261932D-03  0.233847D-05 -0.958183D-04 -0.181001D-05
     85    -0.755448D-04 -0.153153D-03  0.182500D-04 -0.109814D-03 -0.241319D-03
     86    -0.767818D-04  0.728185D-04 -0.454984D-04  0.895650D-04 -0.340743D-04
     87    -0.655319D-03 -0.706792D-03  0.215488D-03 -0.191868D-03 -0.276920D-03
     88    -0.191091D-03 -0.568432D-03  0.122110D-03 -0.779825D-04 -0.178329D-03
     89    -0.689540D-03 -0.691795D-03  0.319315D-03 -0.248530D-03 -0.225219D-03
     90    -0.118802D-03 -0.174142D-03  0.730328D-05 -0.889400D-05 -0.140692D-03
     91    -0.854584D-03 -0.951677D-03  0.527471D-03 -0.396097D-03 -0.277484D-03
     92    -0.567880D-03 -0.515628D-03  0.305862D-03 -0.163343D-03 -0.853936D-04
     93     0.370895D-03  0.246399D-03  0.611090D-04  0.804911D-03  0.282803D-03
     94    -0.119135D-03 -0.777328D-04  0.772189D-04 -0.164104D-04  0.283180D-04
     95     0.122202D-05  0.216656D-04 -0.539128D-05 -0.338095D-05  0.410202D-05
     96     0.143426D-01  0.134099D-01 -0.706774D-02  0.353669D-02  0.363707D-02
     97    -0.686300D-02 -0.767985D-02  0.403861D-02 -0.228753D-02 -0.230659D-02
     98    -0.148614D-03 -0.148418D-02  0.654142D-03 -0.944825D-03 -0.887436D-03
     99    -0.408394D-02 -0.864308D-03  0.494655D-03 -0.152866D-03 -0.163171D-03
    100    -0.127646D-02 -0.290593D-02  0.103731D-02 -0.678914D-03 -0.462228D-03
    101     0.758982D-03  0.755147D-03 -0.231051D-02  0.139175D-03  0.216996D-03
    102    -0.696056D-03 -0.126099D-02  0.559546D-03 -0.254383D-02 -0.547421D-03
    103    -0.186012D-02 -0.191630D-02  0.110987D-02 -0.714246D-03 -0.261111D-02
    104     0.967708D-04  0.295602D-03 -0.186693D-03  0.747548D-04 -0.800957D-03
    105     0.585822D-03  0.470441D-03 -0.410244D-03  0.374556D-04  0.307937D-03
    106     0.760763D-05 -0.298492D-05  0.121320D-04 -0.364567D-05  0.192934D-04
    107    -0.291437D-02 -0.297401D-02  0.140808D-02 -0.932458D-03 -0.812334D-03
    108     0.404464D-03  0.709714D-03 -0.475791D-03  0.485756D-03  0.394482D-03
    109     0.970094D-03  0.509669D-03 -0.687822D-03  0.241228D-03  0.386861D-03
    110    -0.319953D-03 -0.208388D-03  0.126504D-03  0.176715D-03 -0.214198D-03
    111    -0.338235D-03 -0.412139D-03  0.280621D-03 -0.219491D-03 -0.224887D-03
    112     0.562997D-03  0.725470D-03 -0.198920D-03  0.204899D-03  0.693270D-04
    113     0.603046D-03  0.800984D-03 -0.316383D-03  0.446493D-03  0.598645D-03
    114    -0.642915D-04  0.312075D-03 -0.106023D-03  0.333758D-03  0.386046D-03
    115     0.203624D-02  0.195016D-02 -0.857140D-03  0.535123D-03  0.573407D-03
    116    -0.582475D-03 -0.284471D-03  0.337416D-03 -0.269813D-03 -0.294867D-04
    117     0.261081D-02  0.260277D-02 -0.127961D-02  0.729710D-03  0.742352D-03
    118     0.886844D-03  0.116433D-02 -0.477037D-03  0.285047D-03  0.448775D-03
    119     0.273587D-02  0.300791D-02 -0.164314D-02  0.103276D-02  0.783472D-03
    120     0.182000D-02  0.170980D-02 -0.100243D-02  0.550811D-03  0.410141D-03
    121    -0.246039D-02 -0.208349D-02  0.835265D-03 -0.164082D-02 -0.924066D-03
    122     0.112224D-02  0.111265D-02 -0.615209D-03  0.373899D-03  0.279332D-03
    123    -0.928727D-04 -0.130685D-03  0.522102D-04 -0.280904D-04 -0.331653D-04
    124     0.497338D-04 -0.569640D-04 -0.159050D-03 -0.107174D-03 -0.160927D-03
    125    -0.152966D-02 -0.462327D-04  0.690279D-04  0.520843D-04  0.511024D-04
    126     0.154821D-02  0.142851D-02 -0.757323D-03  0.430499D-03  0.504233D-03
    127    -0.142078D-02 -0.129549D-02  0.626680D-03 -0.340235D-03 -0.364306D-03
    128     0.119567D-02  0.108101D-02 -0.519901D-03  0.297594D-03  0.307268D-03
    129    -0.943977D-03 -0.893124D-03  0.451263D-03 -0.241458D-03 -0.263921D-03
    130     0.247064D-03  0.371265D-03 -0.179750D-03  0.142602D-03  0.143435D-03
    131     0.507790D-03  0.856006D-03 -0.418280D-03  0.441467D-03  0.388364D-03
    132    -0.118998D-02 -0.111113D-02  0.554706D-03 -0.436602D-03 -0.285707D-03
    133    -0.311977D-03 -0.333470D-03  0.181432D-03 -0.120253D-03 -0.889023D-04
    134     0.164522D-03  0.152721D-04 -0.471306D-04 -0.592723D-04 -0.382376D-04


           ESTIMATED COVARIANCE MATRIX FOR PARAMETER ESTIMATES
                 76            77            78            79            80
              ________      ________      ________      ________      ________
     76     0.220297D-02
     77    -0.137589D-03  0.389914D-03
     78    -0.696482D-05 -0.567464D-04  0.238652D-04
     79     0.509391D-03  0.937401D-04 -0.570818D-05  0.403728D-02
     80    -0.292596D-03  0.206263D-03  0.670172D-05 -0.347979D-03  0.426263D-02
     81    -0.693109D-03 -0.196717D-03  0.289953D-06  0.116504D-02 -0.312925D-03
     82     0.314614D-03 -0.149298D-03 -0.462411D-04  0.227861D-03 -0.154786D-03
     83     0.669518D-06 -0.174405D-05 -0.211050D-05  0.785431D-05  0.247288D-04
     84    -0.376988D-04  0.331779D-04 -0.354184D-05 -0.359732D-03  0.944116D-04
     85    -0.309790D-03  0.422089D-04 -0.120781D-04 -0.684043D-04  0.267184D-03
     86    -0.304585D-04  0.517665D-04 -0.941730D-05  0.201606D-03  0.550788D-04
     87    -0.364209D-03  0.644327D-04 -0.621875D-06 -0.119491D-02  0.640964D-03
     88    -0.180859D-03  0.108981D-03 -0.919888D-05 -0.455223D-03  0.349905D-03
     89    -0.138620D-03 -0.473822D-04  0.116483D-04 -0.144619D-02  0.726338D-03
     90    -0.280392D-03 -0.163630D-04 -0.201636D-05 -0.182236D-03  0.237923D-03
     91    -0.573009D-03  0.184270D-03 -0.238384D-05 -0.181099D-02  0.786593D-03
     92    -0.331475D-03  0.920379D-04  0.478213D-05 -0.105503D-02  0.514654D-03
     93     0.135151D-03  0.373070D-04 -0.243781D-04  0.681547D-03 -0.372778D-03
     94    -0.589858D-04  0.131367D-04 -0.874485D-05 -0.249728D-03  0.131386D-03
     95     0.907121D-05 -0.853598D-06  0.182119D-05  0.198203D-04 -0.198150D-04
     96     0.623004D-02 -0.122644D-02 -0.110660D-03  0.263658D-01 -0.114718D-01
     97    -0.379903D-02  0.694572D-03  0.262500D-04 -0.143288D-01  0.661617D-02
     98    -0.138224D-02  0.269340D-03  0.298288D-05 -0.202408D-02  0.152703D-02
     99    -0.242156D-03  0.115097D-03  0.939246D-05 -0.193725D-02  0.621013D-03
    100    -0.854494D-03  0.150127D-03 -0.765827D-05 -0.313007D-02  0.141997D-02
    101     0.946670D-04 -0.162944D-03  0.736730D-05  0.119037D-02 -0.595270D-03
    102    -0.750990D-03  0.258219D-04 -0.627517D-05 -0.214570D-02  0.125309D-02
    103    -0.194259D-02  0.356007D-03  0.262667D-04 -0.382948D-02  0.189713D-02
    104    -0.271417D-02  0.126867D-03 -0.179904D-05  0.247509D-03 -0.980459D-05
    105     0.413738D-03 -0.584766D-03  0.757122D-04  0.712490D-03 -0.586804D-03
    106     0.136140D-04  0.772350D-04 -0.327729D-04  0.283379D-04 -0.384966D-04
    107    -0.131445D-02 -0.158953D-04  0.203612D-04 -0.827835D-02  0.169427D-02
    108     0.566802D-03 -0.223619D-03 -0.244630D-04  0.414915D-03 -0.545659D-02
    109     0.167067D-02  0.185598D-03 -0.192948D-04  0.115879D-02 -0.599744D-03
    110    -0.405319D-03  0.228889D-03  0.695471D-04 -0.503276D-03  0.362320D-03
    111    -0.279328D-03  0.603730D-04  0.303494D-05 -0.817239D-03  0.346244D-03
    112     0.193220D-03 -0.732977D-04  0.228651D-05  0.120921D-02 -0.402009D-03
    113     0.876007D-03 -0.128962D-03  0.211450D-04  0.122128D-02 -0.104529D-02
    114     0.435858D-03 -0.133779D-03  0.167279D-04  0.202596D-03 -0.449237D-03
    115     0.821474D-03 -0.141048D-03 -0.349685D-06  0.366186D-02 -0.166172D-02
    116    -0.393525D-03 -0.377245D-04  0.188565D-04 -0.129528D-02  0.502506D-03
    117     0.969051D-03 -0.101984D-03 -0.317858D-04  0.513046D-02 -0.254034D-02
    118     0.963495D-03 -0.561387D-04 -0.843345D-05  0.187190D-02 -0.114264D-02
    119     0.149298D-02 -0.383806D-03 -0.122534D-04  0.569942D-02 -0.235962D-02
    120     0.914363D-03 -0.234558D-03 -0.179288D-04  0.348405D-02 -0.155784D-02
    121    -0.114980D-02  0.105385D-03  0.417459D-04 -0.438133D-02  0.212919D-02
    122     0.627812D-03 -0.127340D-03  0.128370D-05  0.218060D-02 -0.105643D-02
    123    -0.671154D-04  0.993663D-05 -0.192265D-05 -0.222456D-03  0.114219D-03
    124    -0.217319D-03  0.231946D-04 -0.303903D-04  0.400130D-03  0.164077D-03
    125     0.581084D-04  0.293362D-04  0.636881D-05 -0.341613D-03 -0.102880D-05
    126     0.536109D-03 -0.619861D-04 -0.159691D-04  0.282610D-02 -0.138478D-02
    127    -0.528540D-03  0.743506D-04  0.113813D-04 -0.252053D-02  0.124061D-02
    128     0.472601D-03 -0.702187D-04 -0.615785D-05  0.212709D-02 -0.103995D-02
    129    -0.438750D-03  0.798387D-04  0.589752D-05 -0.174305D-02  0.737169D-03
    130     0.227252D-03 -0.357550D-04 -0.191931D-05  0.655660D-03 -0.284928D-03
    131     0.686154D-03 -0.152713D-03 -0.506337D-05  0.136593D-02 -0.998186D-03
    132    -0.488828D-03  0.783065D-04  0.668140D-05 -0.228146D-02  0.107829D-02
    133    -0.185063D-03  0.351092D-04 -0.477369D-06 -0.646180D-03  0.211457D-03
    134    -0.551203D-05  0.571817D-05  0.225876D-05  0.165160D-03  0.319898D-04


           ESTIMATED COVARIANCE MATRIX FOR PARAMETER ESTIMATES
                 81            82            83            84            85
              ________      ________      ________      ________      ________
     81     0.394066D-01
     82     0.206972D-03  0.315285D-02
     83     0.899285D-04 -0.265558D-04  0.268769D-03
     84    -0.310053D-03 -0.117874D-03 -0.319744D-04  0.261718D-03
     85    -0.165170D-03 -0.443592D-04  0.752580D-05  0.100894D-03  0.139389D-02
     86     0.133087D-03 -0.897295D-05  0.742995D-05 -0.270958D-05  0.410454D-04
     87    -0.472784D-03 -0.302434D-03 -0.344271D-04  0.166329D-03  0.110006D-03
     88    -0.533677D-03  0.255708D-03 -0.490654D-05  0.820561D-04  0.336114D-03
     89    -0.828682D-03 -0.264809D-03  0.146118D-04  0.243494D-03  0.171139D-03
     90    -0.122529D-03  0.146869D-04  0.572029D-05  0.741344D-04  0.726275D-04
     91    -0.101546D-02 -0.454721D-03 -0.314157D-04  0.285570D-03  0.121102D-03
     92    -0.102619D-02 -0.435389D-03  0.220211D-04  0.175986D-03 -0.192417D-03
     93     0.424709D-04  0.274386D-03 -0.656384D-05  0.159847D-03 -0.246038D-03
     94    -0.234171D-03 -0.165182D-03  0.465052D-05  0.464073D-04 -0.113411D-04
     95     0.812437D-05  0.493244D-05 -0.411449D-05 -0.160135D-04 -0.574717D-04
     96     0.126926D-01  0.612457D-02  0.684126D-04 -0.404246D-02 -0.260103D-02
     97    -0.748374D-02 -0.302802D-02 -0.678774D-04  0.221867D-02  0.138872D-02
     98    -0.188509D-02 -0.671601D-03  0.195906D-04  0.483196D-03  0.590726D-03
     99    -0.616111D-03 -0.387647D-03 -0.158053D-05  0.243673D-03  0.931746D-04
    100    -0.164666D-02 -0.478149D-03  0.210383D-04  0.640699D-03  0.392927D-03
    101     0.129045D-03  0.129090D-03  0.742088D-04 -0.513615D-04 -0.378810D-04
    102    -0.933281D-03 -0.154984D-03 -0.436998D-04  0.397702D-03  0.460961D-03
    103    -0.166890D-02 -0.976930D-03 -0.750401D-04  0.527293D-03  0.782812D-03
    104     0.174743D-02 -0.384112D-04 -0.307915D-04 -0.138493D-03  0.365100D-03
    105     0.707568D-03  0.411408D-03  0.940581D-05 -0.168917D-03 -0.155467D-03
    106     0.112828D-04  0.695327D-04  0.265028D-05 -0.239669D-06  0.190788D-04
    107    -0.284986D-02 -0.912308D-03 -0.543517D-04  0.947630D-03  0.430991D-03
    108     0.542875D-03  0.263004D-03 -0.313110D-04 -0.110811D-03 -0.538355D-03
    109    -0.558021D-01  0.331136D-03 -0.568952D-04  0.100932D-03 -0.479767D-04
    110    -0.773839D-03 -0.469939D-02  0.607126D-05  0.229343D-03  0.107724D-03
    111    -0.569177D-03 -0.186582D-03 -0.391424D-03  0.173560D-03  0.965095D-04
    112     0.865781D-03  0.330318D-03  0.370258D-04 -0.460227D-03 -0.159434D-03
    113     0.899774D-03  0.334788D-03 -0.187923D-04 -0.296556D-03 -0.213659D-02
    114     0.539672D-03  0.136915D-03 -0.233575D-04 -0.145630D-03 -0.223104D-03
    115     0.136520D-02  0.827553D-03  0.300658D-04 -0.516945D-03 -0.246870D-03
    116    -0.247719D-03 -0.872158D-03 -0.266424D-04  0.220557D-03 -0.224629D-03
    117     0.277757D-02  0.122845D-02 -0.354938D-04 -0.833576D-03 -0.574159D-03
    118     0.118329D-02  0.428199D-03 -0.205484D-04 -0.371723D-03 -0.265978D-03
    119     0.312492D-02  0.131501D-02  0.898026D-04 -0.956522D-03 -0.535969D-03
    120     0.253792D-02  0.106922D-02 -0.239545D-04 -0.568376D-03  0.139168D-03
    121    -0.170607D-02 -0.112802D-02  0.434100D-05  0.330624D-03  0.888442D-03
    122     0.131527D-02  0.673046D-03 -0.211615D-04 -0.361989D-03 -0.241678D-03
    123    -0.124392D-03 -0.538784D-04  0.587643D-05  0.514079D-04  0.995593D-04
    124    -0.104656D-03 -0.490592D-04 -0.631168D-05 -0.277565D-05  0.219972D-03
    125     0.177599D-03 -0.100001D-03 -0.847569D-06  0.160442D-04 -0.750171D-04
    126     0.123550D-02  0.646622D-03  0.336750D-04 -0.359229D-03 -0.267808D-03
    127    -0.139685D-02 -0.584946D-03 -0.431483D-04  0.328624D-03  0.221028D-03
    128     0.114764D-02  0.499021D-03  0.383037D-04 -0.277977D-03 -0.182846D-03
    129    -0.832082D-03 -0.391152D-03 -0.505498D-05  0.261222D-03  0.147906D-03
    130     0.407730D-03  0.174649D-03  0.544326D-05 -0.118985D-03 -0.957252D-04
    131     0.106317D-02  0.386000D-03 -0.471127D-04 -0.269245D-03 -0.316525D-03
    132    -0.119349D-02 -0.411615D-03 -0.724691D-04  0.295524D-03  0.205349D-03
    133    -0.304929D-03 -0.115042D-03  0.718218D-05  0.103566D-03  0.474476D-04
    134    -0.132256D-03 -0.103408D-04  0.212998D-05 -0.638818D-05  0.315863D-04


           ESTIMATED COVARIANCE MATRIX FOR PARAMETER ESTIMATES
                 86            87            88            89            90
              ________      ________      ________      ________      ________
     86     0.185419D-02
     87     0.803711D-03  0.223592D-02
     88     0.463771D-04  0.477905D-03  0.249562D-02
     89     0.245451D-04  0.103508D-02  0.487768D-03  0.269879D-02
     90    -0.489378D-04  0.238225D-03  0.176069D-03  0.681232D-03  0.192172D-02
     91     0.365369D-04  0.119183D-02  0.665410D-03  0.113473D-02  0.368323D-03
     92     0.772841D-05  0.792923D-03  0.363838D-03  0.795890D-03  0.145101D-03
     93    -0.872010D-04 -0.648874D-03 -0.295955D-03 -0.735092D-03 -0.215894D-03
     94    -0.138271D-03  0.143028D-03  0.766348D-04  0.208136D-03  0.118322D-04
     95     0.942000D-06 -0.715839D-05 -0.285594D-04 -0.301878D-04 -0.188936D-04
     96     0.601021D-03 -0.169593D-01 -0.773793D-02 -0.193258D-01 -0.364667D-02
     97    -0.638869D-03  0.979242D-02  0.443695D-02  0.112169D-01  0.252019D-02
     98    -0.295208D-03  0.202445D-02  0.392914D-03  0.269842D-02  0.107300D-02
     99     0.135108D-03  0.103766D-02  0.250049D-03  0.115085D-02  0.847391D-04
    100    -0.270062D-03  0.207940D-02  0.116367D-02  0.231754D-02  0.651787D-03
    101     0.857177D-04 -0.587887D-03 -0.284883D-03 -0.652116D-03 -0.359824D-05
    102    -0.251940D-03  0.145134D-02  0.557880D-03  0.165022D-02  0.397731D-03
    103    -0.931943D-04  0.263631D-02  0.132326D-02  0.285936D-02  0.717598D-03
    104    -0.502109D-04 -0.312526D-03  0.589390D-05 -0.792875D-03  0.168814D-03
    105    -0.143532D-04 -0.612138D-03 -0.406253D-03 -0.542247D-03 -0.799306D-04
    106     0.206033D-04 -0.601326D-05  0.845753D-05 -0.419351D-04 -0.156605D-04
    107    -0.404487D-03  0.335866D-02  0.133240D-02  0.390355D-02  0.625821D-03
    108     0.161557D-03 -0.757196D-03 -0.423107D-03 -0.109724D-02 -0.414191D-03
    109    -0.127377D-04 -0.112537D-02  0.176395D-03 -0.768591D-03 -0.224759D-03
    110    -0.911876D-04  0.613667D-03 -0.363871D-03  0.680911D-03  0.141668D-03
    111    -0.560207D-04  0.576582D-03  0.190144D-03  0.628189D-03  0.146233D-03
    112     0.366447D-04 -0.647821D-03 -0.308884D-03 -0.806436D-03 -0.181242D-03
    113     0.109099D-03 -0.839640D-03 -0.806763D-03 -0.109106D-02 -0.313058D-03
    114    -0.250187D-02 -0.188792D-02  0.539318D-04 -0.100152D-02 -0.350554D-03
    115    -0.117241D-02 -0.442445D-02 -0.121196D-02 -0.288121D-02 -0.548718D-03
    116     0.354361D-04  0.731837D-03 -0.312387D-02  0.881635D-03  0.120771D-03
    117     0.150557D-04 -0.364331D-02 -0.165215D-02 -0.617796D-02 -0.143701D-02
    118     0.181385D-03 -0.141323D-02 -0.789978D-03 -0.228849D-02 -0.300525D-02
    119     0.823492D-04 -0.378292D-02 -0.180594D-02 -0.398605D-02 -0.101238D-02
    120     0.363384D-05 -0.254967D-02 -0.105653D-02 -0.268956D-02 -0.558843D-03
    121    -0.151078D-04  0.327699D-02  0.151858D-02  0.371445D-02  0.875742D-03
    122     0.223390D-03 -0.151788D-02 -0.644519D-03 -0.183563D-02 -0.391121D-03
    123    -0.191411D-04  0.132495D-03  0.908538D-04  0.196129D-03  0.634606D-04
    124    -0.179832D-03  0.152838D-03  0.201662D-03  0.158895D-03  0.313120D-03
    125     0.104283D-03  0.991724D-05 -0.967085D-04  0.243222D-04 -0.177632D-03
    126     0.534171D-04 -0.183150D-02 -0.104312D-02 -0.192860D-02 -0.332216D-03
    127    -0.549192D-04  0.164620D-02  0.975372D-03  0.173327D-02  0.344171D-03
    128     0.448073D-04 -0.139438D-02 -0.824361D-03 -0.145100D-02 -0.309901D-03
    129    -0.398429D-04  0.111999D-02  0.522743D-03  0.126093D-02  0.248966D-03
    130     0.421997D-04 -0.471571D-03 -0.158028D-03 -0.567949D-03 -0.127213D-03
    131     0.138303D-03 -0.120964D-02 -0.374257D-03 -0.152923D-02 -0.536483D-03
    132    -0.223040D-04  0.134713D-02  0.921201D-03  0.143584D-02  0.339782D-03
    133    -0.321829D-04  0.412849D-03  0.115747D-03  0.474678D-03  0.934601D-04
    134     0.150691D-04 -0.200741D-04 -0.649992D-04  0.528991D-04  0.285228D-04


           ESTIMATED COVARIANCE MATRIX FOR PARAMETER ESTIMATES
                 91            92            93            94            95
              ________      ________      ________      ________      ________
     91     0.453047D-02
     92     0.147952D-02  0.231151D-02
     93    -0.743247D-03 -0.403568D-03  0.248248D-02
     94     0.145621D-03  0.955700D-04 -0.419565D-04  0.502484D-03
     95    -0.152762D-04 -0.124456D-05  0.219291D-04 -0.468859D-05  0.155305D-04
     96    -0.237921D-01 -0.143732D-01  0.101587D-01 -0.280167D-02  0.291100D-03
     97     0.137259D-01  0.832697D-02 -0.584274D-02  0.162710D-02 -0.124078D-03
     98     0.313720D-02  0.173828D-02 -0.155843D-02  0.208885D-03 -0.915220D-05
     99     0.143025D-02  0.931845D-03 -0.674564D-03  0.209426D-03  0.571402D-05
    100     0.301296D-02  0.163492D-02 -0.987468D-03  0.233025D-03 -0.406194D-04
    101    -0.117453D-02 -0.644192D-03  0.750834D-04 -0.141108D-03  0.821306D-05
    102     0.221877D-02  0.125583D-02 -0.189507D-02  0.189992D-03 -0.117216D-04
    103     0.349957D-02  0.202769D-02 -0.177516D-02  0.292418D-03 -0.390686D-04
    104    -0.427756D-03 -0.234830D-03  0.274181D-03 -0.163267D-04 -0.488209D-05
    105    -0.997341D-03 -0.597270D-03  0.275283D-03 -0.107939D-03  0.909056D-05
    106    -0.266875D-04 -0.198531D-04  0.382336D-04  0.588756D-05 -0.282893D-05
    107     0.501174D-02  0.291309D-02 -0.189270D-02  0.554723D-03 -0.593966D-04
    108    -0.999901D-03 -0.640032D-03  0.532437D-03 -0.154618D-03  0.207765D-04
    109    -0.910105D-03  0.102350D-03  0.103189D-02 -0.731927D-06  0.129542D-04
    110     0.920447D-03  0.834090D-03 -0.460934D-03  0.223241D-03 -0.241343D-05
    111     0.852535D-03  0.449024D-03 -0.364577D-03  0.655891D-04 -0.693020D-06
    112    -0.102781D-02 -0.618010D-03  0.931034D-05 -0.121652D-03  0.266322D-04
    113    -0.123722D-02 -0.299151D-03  0.925320D-03 -0.917957D-04  0.883585D-04
    114    -0.113465D-02 -0.634634D-03  0.767608D-03  0.105335D-03 -0.107943D-04
    115    -0.347029D-02 -0.222428D-02  0.170996D-02 -0.431507D-03  0.248231D-04
    116     0.102721D-02  0.626725D-03 -0.402729D-03  0.826970D-04  0.159502D-04
    117    -0.461504D-02 -0.296409D-02  0.235919D-02 -0.626894D-03  0.781672D-04
    118    -0.213794D-02 -0.118428D-02  0.976018D-03 -0.227530D-03  0.497403D-04
    119    -0.908261D-02 -0.388521D-02  0.227766D-02 -0.502833D-03  0.594855D-04
    120    -0.400296D-02 -0.432879D-02  0.146697D-02 -0.350228D-03  0.171302D-04
    121     0.427480D-02  0.258568D-02 -0.482304D-02  0.517118D-03 -0.674148D-04
    122    -0.204250D-02 -0.124511D-02  0.982232D-03 -0.901855D-03  0.251058D-04
    123     0.209723D-03  0.108613D-03 -0.105893D-03  0.247111D-04 -0.210493D-04
    124    -0.237460D-04 -0.892875D-05 -0.120934D-03  0.519887D-06 -0.178213D-04
    125     0.108293D-03  0.693189D-04 -0.605203D-04  0.228323D-04  0.106819D-04
    126    -0.259045D-02 -0.177538D-02  0.122163D-02 -0.280857D-03  0.351356D-04
    127     0.229739D-02  0.146389D-02 -0.994615D-03  0.281727D-03 -0.354437D-04
    128    -0.198052D-02 -0.122098D-02  0.813222D-03 -0.233869D-03  0.277042D-04
    129     0.157962D-02  0.952905D-03 -0.665702D-03  0.189730D-03 -0.185146D-04
    130    -0.684687D-03 -0.387251D-03  0.304043D-03 -0.768928D-04  0.349877D-05
    131    -0.181589D-02 -0.108920D-02  0.885285D-03 -0.147213D-03  0.167659D-04
    132     0.208014D-02  0.129716D-02 -0.881976D-03  0.234018D-03 -0.279681D-04
    133     0.587922D-03  0.348773D-03 -0.259003D-03  0.725539D-04 -0.453895D-05
    134    -0.368504D-04 -0.181816D-04 -0.608251D-04 -0.124830D-04 -0.344593D-05


           ESTIMATED COVARIANCE MATRIX FOR PARAMETER ESTIMATES
                 96            97            98            99           100
              ________      ________      ________      ________      ________
     96     0.451196D+00
     97    -0.211322D+00  0.136176D+00
     98    -0.220309D-01  0.568484D-01  0.951204D-01
     99    -0.274673D-01  0.128682D-01 -0.839308D-04  0.849525D-02
    100    -0.435150D-01  0.338190D-01  0.247488D-01  0.231578D-02  0.135122D-01
    101     0.213031D-01 -0.849581D-02  0.444502D-02 -0.166911D-02 -0.143287D-02
    102    -0.301230D-01  0.237341D-01  0.191791D-01  0.126731D-02  0.785350D-02
    103    -0.641633D-01  0.342586D-01  0.105333D-01  0.345155D-02  0.791168D-02
    104     0.320801D-02 -0.107406D-01 -0.205008D-01 -0.274034D-03 -0.523990D-02
    105     0.168487D-01 -0.804254D-02 -0.841722D-03 -0.111348D-02 -0.157477D-02
    106     0.362376D-03 -0.490807D-03 -0.766077D-03 -0.241825D-04 -0.186089D-03
    107    -0.843009D-01  0.458555D-01  0.980020D-02  0.566692D-02  0.104633D-01
    108     0.151755D-01 -0.143012D-01 -0.125202D-01 -0.686567D-03 -0.453936D-02
    109     0.224820D-01 -0.975490D-02 -0.102965D-02 -0.203783D-02 -0.192859D-02
    110    -0.112617D-01  0.113881D-01  0.124523D-01  0.568042D-03  0.326657D-02
    111    -0.121846D-01  0.927517D-02  0.740150D-02  0.613584D-03  0.277643D-02
    112     0.181196D-01 -0.879430D-02 -0.763260D-03 -0.106214D-02 -0.222704D-02
    113     0.204460D-01 -0.145077D-01 -0.112709D-01 -0.933345D-03 -0.456829D-02
    114     0.114231D-02 -0.213036D-01 -0.430796D-01  0.266783D-03 -0.988586D-02
    115     0.613581D-01 -0.282749D-01  0.315971D-02 -0.374417D-02 -0.474555D-02
    116    -0.170963D-01  0.154458D-01  0.200567D-01  0.117343D-02  0.533046D-02
    117     0.864457D-01 -0.466913D-01 -0.114641D-01 -0.488017D-02 -0.100939D-01
    118     0.338665D-01 -0.212985D-01 -0.104338D-01 -0.157987D-02 -0.554803D-02
    119     0.896822D-01 -0.519752D-01 -0.181119D-01 -0.515423D-02 -0.124352D-01
    120     0.567433D-01 -0.315695D-01 -0.838165D-02 -0.352247D-02 -0.673600D-02
    121    -0.764711D-01  0.386635D-01  0.660176D-02  0.463438D-02  0.739752D-02
    122     0.355510D-01 -0.230606D-01 -0.136484D-01 -0.212426D-02 -0.612227D-02
    123    -0.351579D-02  0.218650D-02  0.129198D-02  0.157440D-03  0.651189D-03
    124     0.304660D-02  0.179797D-02  0.429666D-02 -0.137181D-02  0.938084D-03
    125    -0.428182D-02 -0.416933D-04 -0.263676D-02  0.340236D-02 -0.416152D-03
    126     0.340229D-01 -0.162820D-01 -0.258912D-03 -0.237272D-02 -0.306985D-02
    127    -0.286967D-01  0.148967D-01  0.706500D-03  0.217857D-02  0.290915D-02
    128     0.234089D-01 -0.125781D-01 -0.662475D-03 -0.183002D-02 -0.241788D-02
    129    -0.249646D-01  0.125703D-01  0.224939D-02  0.165390D-02  0.272146D-02
    130     0.830308D-02 -0.852441D-02 -0.951325D-02 -0.380268D-03 -0.301206D-02
    131     0.230382D-01 -0.285085D-01 -0.375388D-01 -0.107988D-02 -0.107772D-01
    132    -0.241998D-01  0.127782D-01  0.700266D-03  0.178825D-02  0.250201D-02
    133    -0.107411D-01  0.604543D-02  0.171767D-02  0.661658D-03  0.139909D-02
    134     0.259621D-02  0.252315D-02  0.814004D-02 -0.329947D-03  0.171729D-02


           ESTIMATED COVARIANCE MATRIX FOR PARAMETER ESTIMATES
                101           102           103           104           105
              ________      ________      ________      ________      ________
    101     0.683958D-02
    102    -0.705602D-03  0.113024D-01
    103    -0.285725D-02  0.625438D-02  0.153197D-01
    104    -0.916749D-03 -0.359851D-02  0.553004D-03  0.121967D-01
    105     0.109492D-02 -0.909853D-03 -0.285984D-02 -0.355025D-03  0.226723D-02
    106    -0.565913D-04 -0.135585D-03 -0.132863D-03  0.156670D-03 -0.216691D-03
    107    -0.373342D-02  0.726697D-02  0.125692D-01 -0.185237D-02 -0.240411D-02
    108     0.530373D-03 -0.410539D-02 -0.361286D-02  0.206920D-02  0.715296D-03
    109     0.235073D-02 -0.146921D-02 -0.364136D-02 -0.293104D-02  0.377153D-03
    110     0.269856D-03  0.207811D-02  0.273544D-02 -0.222443D-02 -0.117151D-02
    111    -0.298759D-03  0.231677D-02  0.242023D-02 -0.150727D-02 -0.484562D-03
    112     0.623180D-03 -0.137854D-02 -0.235786D-02  0.244150D-03  0.754474D-03
    113     0.187002D-03 -0.356545D-02 -0.457090D-02  0.951602D-03  0.945493D-03
    114    -0.255955D-02 -0.778626D-02 -0.358479D-02  0.956537D-02  0.416892D-04
    115     0.286878D-02 -0.300734D-02 -0.840542D-02 -0.923736D-03  0.222435D-02
    116     0.256276D-03  0.469093D-02  0.329655D-02 -0.458871D-02 -0.265048D-03
    117     0.323211D-02 -0.694997D-02 -0.129826D-01  0.272257D-02  0.299031D-02
    118     0.105484D-02 -0.383219D-02 -0.568645D-02  0.114375D-02  0.108541D-02
    119     0.429775D-02 -0.914339D-02 -0.137863D-01  0.356006D-02  0.347524D-02
    120     0.254551D-02 -0.513122D-02 -0.833504D-02  0.148037D-02  0.228949D-02
    121    -0.226500D-02  0.830613D-02  0.121382D-01 -0.562235D-03 -0.276348D-02
    122     0.100913D-02 -0.464564D-02 -0.577205D-02  0.278765D-02  0.132903D-02
    123    -0.823289D-04  0.425138D-03  0.599140D-03 -0.214271D-03 -0.122624D-03
    124     0.609170D-03  0.882065D-03  0.333171D-03 -0.315867D-03  0.557771D-04
    125    -0.439372D-03 -0.533899D-03  0.134268D-03  0.302231D-03 -0.208569D-03
    126     0.153902D-02 -0.237460D-02 -0.479114D-02  0.145089D-03  0.119043D-02
    127    -0.130130D-02  0.203586D-02  0.395971D-02 -0.181736D-03 -0.105250D-02
    128     0.109209D-02 -0.173626D-02 -0.327888D-02  0.104285D-03  0.877172D-03
    129    -0.109119D-02  0.189222D-02  0.362953D-02 -0.332877D-03 -0.927589D-03
    130    -0.136272D-03 -0.229816D-02 -0.190887D-02  0.200148D-02  0.302195D-03
    131    -0.114618D-02 -0.837572D-02 -0.586915D-02  0.810085D-02  0.869475D-03
    132    -0.112991D-02  0.197982D-02  0.334340D-02  0.103502D-04 -0.927732D-03
    133    -0.515665D-03  0.981995D-03  0.164543D-02 -0.202269D-03 -0.403635D-03
    134     0.675872D-03  0.139310D-02  0.282857D-03 -0.189337D-02  0.116283D-03


           ESTIMATED COVARIANCE MATRIX FOR PARAMETER ESTIMATES
                106           107           108           109           110
              ________      ________      ________      ________      ________
    106     0.975564D-04
    107    -0.114092D-03  0.243310D-01
    108     0.202511D-03 -0.213353D-02  0.139811D-01
    109     0.484631D-04 -0.401742D-02  0.129057D-02  0.113024D+00
    110    -0.234533D-03  0.214332D-02 -0.181557D-02 -0.677930D-03  0.171469D-01
    111    -0.687103D-04  0.276952D-02 -0.118720D-02 -0.406906D-03  0.114874D-02
    112    -0.169248D-05 -0.376296D-02  0.373654D-03 -0.181948D-03 -0.760201D-03
    113     0.204518D-04 -0.444538D-02  0.313331D-02  0.569862D-04 -0.180160D-02
    114     0.299642D-03 -0.245756D-02  0.469864D-02  0.225062D-03 -0.517392D-02
    115    -0.423098D-04 -0.113618D-01  0.925915D-03  0.426320D-02 -0.783921D-03
    116    -0.194582D-03  0.456873D-02 -0.278980D-02 -0.253817D-02  0.452452D-02
    117     0.136421D-03 -0.167460D-01  0.432481D-02  0.464484D-02 -0.339489D-02
    118     0.796357D-04 -0.666779D-02  0.255154D-02  0.248093D-02 -0.190086D-02
    119     0.185589D-03 -0.186376D-01  0.484273D-02  0.367083D-02 -0.406449D-02
    120     0.929167D-04 -0.110089D-01  0.229724D-02  0.164440D-03 -0.284188D-02
    121    -0.128928D-03  0.142514D-01 -0.310949D-02 -0.536693D-02  0.260504D-02
    122     0.106344D-03 -0.735338D-02  0.270376D-02  0.146101D-02 -0.310480D-02
    123    -0.748195D-05  0.747684D-03 -0.296419D-03 -0.127225D-03  0.243908D-03
    124     0.263537D-04 -0.895839D-03 -0.892745D-03  0.232541D-03  0.616482D-03
    125     0.535355D-05  0.847235D-03  0.353958D-03 -0.756939D-03 -0.168937D-03
    126     0.508591D-05 -0.663183D-02  0.147939D-02  0.169727D-02 -0.310602D-03
    127    -0.108565D-04  0.590611D-02 -0.141297D-02 -0.805463D-03  0.467689D-03
    128     0.590119D-05 -0.495189D-02  0.116579D-02  0.635807D-03 -0.452600D-03
    129    -0.293192D-04  0.491556D-02 -0.993715D-03 -0.125066D-02  0.746982D-03
    130     0.815905D-04 -0.217978D-02  0.137051D-02  0.363796D-03 -0.137107D-02
    131     0.312562D-03 -0.633414D-02  0.533043D-02  0.460613D-03 -0.513286D-02
    132    -0.222961D-05  0.524044D-02 -0.115077D-02 -0.665058D-03  0.339485D-03
    133    -0.156856D-04  0.224925D-02 -0.394858D-03 -0.614737D-03  0.438476D-03
    134    -0.714625D-04 -0.118989D-03 -0.928990D-03  0.358918D-03  0.965812D-03


           ESTIMATED COVARIANCE MATRIX FOR PARAMETER ESTIMATES
                111           112           113           114           115
              ________      ________      ________      ________      ________
    111     0.189857D-02
    112    -0.580088D-03  0.157512D-02
    113    -0.118353D-02  0.974498D-03  0.765466D-02
    114    -0.301005D-02 -0.368656D-04  0.449806D-02  0.271902D-01
    115    -0.122845D-02  0.242364D-02  0.173993D-02  0.895810D-03  0.146382D-01
    116     0.190785D-02 -0.669228D-03 -0.162252D-02 -0.930564D-02 -0.858848D-03
    117    -0.270653D-02  0.355667D-02  0.479043D-02  0.388449D-02  0.121714D-01
    118    -0.150449D-02  0.153859D-02  0.243914D-02  0.371446D-02  0.402240D-02
    119    -0.353925D-02  0.383478D-02  0.524742D-02  0.670628D-02  0.119466D-01
    120    -0.193753D-02  0.236485D-02  0.192074D-02  0.298588D-02  0.814935D-02
    121     0.223090D-02 -0.194058D-02 -0.487792D-02 -0.194461D-02 -0.111464D-01
    122    -0.178609D-02  0.139515D-02  0.277969D-02  0.521839D-02  0.426644D-02
    123     0.150753D-03 -0.185804D-03 -0.524342D-03 -0.486572D-03 -0.374911D-03
    124     0.291073D-03  0.977226D-04 -0.844515D-03 -0.171692D-02  0.143338D-03
    125    -0.116836D-03 -0.127969D-03  0.270188D-03  0.112789D-02 -0.472570D-03
    126    -0.925445D-03  0.130091D-02  0.134138D-02 -0.377903D-03  0.510312D-02
    127     0.832877D-03 -0.116302D-02 -0.120875D-02  0.166465D-03 -0.442587D-02
    128    -0.687690D-03  0.968567D-03  0.993546D-03 -0.464158D-04  0.370623D-02
    129     0.764599D-03 -0.997998D-03 -0.125357D-02 -0.571083D-03 -0.341304D-02
    130    -0.900983D-03  0.331067D-03  0.136856D-02  0.420822D-02  0.548132D-03
    131    -0.320339D-02  0.916718D-03  0.498942D-02  0.167862D-01  0.789139D-03
    132     0.761666D-03 -0.100806D-02 -0.107222D-02  0.320643D-04 -0.367924D-02
    133     0.357351D-03 -0.440435D-03 -0.621006D-03 -0.532745D-03 -0.141950D-02
    134     0.534808D-03  0.115666D-03 -0.798107D-03 -0.383364D-02  0.952228D-03


           ESTIMATED COVARIANCE MATRIX FOR PARAMETER ESTIMATES
                116           117           118           119           120
              ________      ________      ________      ________      ________
    116     0.139550D-01
    117    -0.432715D-02  0.234364D-01
    118    -0.250752D-02  0.905020D-02  0.109554D-01
    119    -0.556765D-02  0.174455D-01  0.835964D-02  0.302520D-01
    120    -0.269343D-02  0.115144D-01  0.479317D-02  0.143303D-01  0.140777D-01
    121     0.273225D-02 -0.158726D-01 -0.621768D-02 -0.156861D-01 -0.101585D-01
    122    -0.371249D-02  0.786484D-02  0.385383D-02  0.853446D-02  0.516993D-02
    123     0.291813D-03 -0.804073D-03 -0.422923D-03 -0.859040D-03 -0.452174D-03
    124     0.163292D-03 -0.223243D-03 -0.101811D-02 -0.129900D-03  0.126872D-03
    125    -0.642048D-04 -0.292283D-03  0.457818D-03 -0.273475D-03 -0.270494D-03
    126    -0.650564D-03  0.604476D-02  0.226145D-02  0.683421D-02  0.482795D-02
    127     0.478506D-03 -0.534675D-02 -0.207027D-02 -0.614493D-02 -0.403730D-02
    128    -0.388124D-03  0.444332D-02  0.173747D-02  0.519733D-02  0.334502D-02
    129     0.110296D-02 -0.482848D-02 -0.191692D-02 -0.517959D-02 -0.326299D-02
    130    -0.219896D-02  0.226778D-02  0.143781D-02  0.298861D-02  0.158314D-02
    131    -0.819395D-02  0.710815D-02  0.497997D-02  0.995196D-02  0.506869D-02
    132     0.319911D-03 -0.444816D-02 -0.177982D-02 -0.538923D-02 -0.350528D-02
    133     0.706725D-03 -0.224383D-02 -0.955149D-03 -0.237881D-02 -0.145485D-02
    134     0.167906D-02 -0.128616D-03 -0.469554D-03 -0.532000D-03 -0.106657D-03


           ESTIMATED COVARIANCE MATRIX FOR PARAMETER ESTIMATES
                121           122           123           124           125
              ________      ________      ________      ________      ________
    121     0.216751D-01
    122    -0.666578D-02  0.619073D-02
    123     0.678646D-03 -0.414272D-03  0.971800D-04
    124     0.121875D-04 -0.337989D-03  0.746709D-04  0.578575D-02
    125     0.545481D-03 -0.807945D-05 -0.222802D-04 -0.172222D-02  0.205746D-02
    126    -0.602602D-02  0.232878D-02 -0.257118D-03 -0.379714D-03 -0.261618D-03
    127     0.507574D-02 -0.214775D-02  0.237562D-03  0.443345D-03  0.216010D-03
    128    -0.421120D-02  0.177991D-02 -0.195703D-03 -0.360726D-03 -0.177036D-03
    129     0.430433D-02 -0.209858D-02  0.208978D-03 -0.130756D-03  0.252853D-03
    130    -0.172099D-02  0.182435D-02 -0.171472D-03 -0.362801D-03  0.196501D-03
    131    -0.499960D-02  0.640834D-02 -0.620278D-03 -0.131718D-02  0.750847D-03
    132     0.438433D-02 -0.182592D-02  0.197457D-03  0.464941D-03  0.148554D-03
    133     0.192090D-02 -0.103802D-02  0.939866D-04 -0.134933D-03  0.808879D-04
    134    -0.188986D-03 -0.844463D-03  0.871055D-04  0.344749D-03 -0.263462D-03


           ESTIMATED COVARIANCE MATRIX FOR PARAMETER ESTIMATES
                126           127           128           129           130
              ________      ________      ________      ________      ________
    126     0.112009D-01
    127    -0.866412D-02  0.741302D-02
    128     0.685987D-02 -0.602768D-02  0.512607D-02
    129    -0.266391D-02  0.223203D-02 -0.181934D-02  0.167323D-02
    130     0.583707D-03 -0.557725D-03  0.472031D-03 -0.625787D-03  0.117525D-02
    131     0.111399D-02 -0.110688D-02  0.937146D-03 -0.149473D-02  0.366939D-02
    132    -0.718953D-02  0.619427D-02 -0.516688D-02  0.187239D-02 -0.490419D-03
    133     0.486414D-03 -0.350232D-03  0.268891D-03  0.554138D-03 -0.325507D-03
    134     0.495963D-04 -0.399483D-04  0.513207D-04 -0.794660D-04 -0.742238D-03


           ESTIMATED COVARIANCE MATRIX FOR PARAMETER ESTIMATES
                131           132           133           134
              ________      ________      ________      ________
    131     0.176766D-01
    132    -0.962151D-03  0.611038D-02
    133    -0.920833D-03 -0.249129D-03  0.701011D-03
    134    -0.321129D-02 -0.352653D-04 -0.410284D-04  0.115349D-02


           ESTIMATED CORRELATION MATRIX FOR PARAMETER ESTIMATES
                  1             2             3             4             5
              ________      ________      ________      ________      ________
      1         1.000
      2         0.180         1.000
      3         0.195         0.332         1.000
      4        -0.431         0.259         0.082         1.000
      5         0.071        -0.403        -0.074        -0.141         1.000
      6         0.278        -0.014        -0.660        -0.111         0.066
      7         0.491         0.333         0.261        -0.038         0.027
      8         0.178        -0.075        -0.046        -0.283         0.084
      9        -0.001        -0.008        -0.005         0.053         0.021
     10        -0.031         0.103         0.020         0.081        -0.217
     11         0.018        -0.005         0.003        -0.010         0.093
     12        -0.156        -0.031         0.194         0.059        -0.016
     13         0.053         0.048         0.008        -0.002         0.087
     14        -0.212        -0.024        -0.097         0.124        -0.081
     15         0.033         0.010        -0.030        -0.006         0.095
     16        -0.199         0.111        -0.195         0.093        -0.082
     17         0.096        -0.152         0.069        -0.095         0.053
     18         0.012         0.034         0.067         0.059        -0.034
     19         0.057        -0.137        -0.140        -0.109         0.092
     20        -0.051        -0.104        -0.106         0.012        -0.087
     21        -0.106        -0.077        -0.125         0.018         0.039
     22        -0.040        -0.270         0.175        -0.035         0.097
     23         0.216        -0.065        -0.046        -0.125         0.040
     24         0.180         0.186         0.051        -0.051        -0.032
     25        -0.160         0.035         0.248         0.157         0.012
     26         0.163        -0.073         0.228        -0.044         0.084
     27        -0.080         0.099         0.026         0.075        -0.051
     28         0.037        -0.194        -0.084        -0.098         0.078
     29        -0.054         0.259         0.005         0.114        -0.105
     30        -0.096        -0.231         0.014        -0.007         0.079
     31        -0.112        -0.039        -0.214        -0.071        -0.020
     32         0.032        -0.303        -0.247        -0.139         0.104
     33         0.210         0.001         0.177        -0.080         0.036
     34         0.017        -0.190         0.172        -0.011         0.054
     35        -0.101         0.002         0.168         0.050         0.009
     36         0.165         0.144         0.268        -0.031        -0.052
     37        -0.226         0.169        -0.021         0.169        -0.102
     38         0.174        -0.167        -0.079        -0.124         0.079
     39         0.204         0.049        -0.143        -0.102        -0.035
     40         0.070         0.094         0.060        -0.009         0.005
     41         0.017        -0.244         0.090        -0.082         0.086
     42         0.099         0.069        -0.245        -0.045        -0.031
     43         0.230         0.222         0.046        -0.070        -0.055
     44         0.015        -0.381        -0.065        -0.131         0.186
     45         0.053         0.130         0.109        -0.012         0.073
     46         0.051         0.035         0.087        -0.013         0.009
     47         0.043         0.213        -0.105         0.027        -0.048
     48        -0.174         0.005         0.000         0.040         0.020
     49        -0.240        -0.221        -0.086         0.029         0.065
     50         0.106        -0.003        -0.144        -0.114        -0.022
     51        -0.083         0.093        -0.126         0.057        -0.039
     52         0.085        -0.058        -0.012        -0.080         0.038
     53        -0.079         0.075         0.009         0.080        -0.057
     54         0.051        -0.218        -0.041        -0.117         0.090
     55         0.066         0.218         0.013         0.048        -0.045
     56         0.059         0.039         0.148         0.019         0.019
     57        -0.091         0.182         0.140         0.117        -0.097
     58        -0.103         0.045        -0.078         0.081        -0.030
     59         0.006         0.181        -0.122         0.056        -0.039
     60         0.062        -0.015        -0.096        -0.025         0.015
     61        -0.064        -0.041        -0.148         0.008         0.013
     62         0.119        -0.158        -0.004        -0.114         0.058
     63        -0.048         0.212         0.116         0.069        -0.100
     64        -0.095        -0.003         0.097         0.031        -0.026
     65         0.030        -0.002         0.006        -0.031         0.011
     66         0.036         0.252         0.000         0.077        -0.079
     67        -0.157        -0.140         0.125         0.060         0.030
     68        -0.055        -0.062         0.028         0.018         0.017
     69        -0.058         0.244         0.050         0.109        -0.121
     70        -0.214         0.350         0.170         0.245        -0.207
     71        -0.086         0.237         0.136         0.174        -0.218
     72        -0.115         0.237         0.147         0.127        -0.141
     73         0.096        -0.024        -0.125        -0.064         0.035
     74        -0.114         0.003         0.007         0.045        -0.018
     75        -0.132        -0.013         0.000         0.051         0.019
     76         0.014         0.105         0.011         0.019        -0.024
     77        -0.025        -0.006        -0.058        -0.023        -0.016
     78         0.024        -0.037        -0.025        -0.047         0.057
     79        -0.169         0.269         0.122         0.176        -0.164
     80         0.079        -0.154        -0.060        -0.115         0.094
     81         0.001         0.105         0.023         0.042        -0.035
     82         0.006         0.085         0.115         0.066        -0.044
     83        -0.045         0.038         0.009         0.047         0.023
     84         0.021        -0.125        -0.085        -0.052         0.082
     85         0.007        -0.012        -0.074        -0.041         0.000
     86         0.012         0.014        -0.029        -0.020         0.037
     87         0.128        -0.221        -0.144        -0.169         0.138
     88         0.089        -0.151        -0.051        -0.090         0.060
     89         0.110        -0.172        -0.079        -0.126         0.098
     90        -0.019        -0.052        -0.006        -0.029        -0.005
     91         0.156        -0.200        -0.105        -0.155         0.117
     92         0.175        -0.112        -0.119        -0.144         0.095
     93        -0.155         0.062         0.118         0.105        -0.068
     94         0.016        -0.098        -0.025        -0.021         0.038
     95         0.008         0.135         0.063         0.016        -0.042
     96        -0.146         0.220         0.178         0.165        -0.141
     97         0.096        -0.246        -0.167        -0.167         0.119
     98        -0.066        -0.017        -0.056        -0.003        -0.047
     99         0.059        -0.168        -0.107        -0.139         0.204
    100         0.004        -0.172        -0.151        -0.072         0.055
    101        -0.063         0.024         0.119         0.060        -0.060
    102         0.081        -0.075        -0.070        -0.082         0.035
    103         0.143        -0.136        -0.134        -0.125         0.072
    104         0.013        -0.007         0.060         0.035         0.005
    105        -0.030         0.112         0.158         0.080        -0.042
    106         0.010         0.042         0.007         0.035        -0.055
    107         0.109        -0.246        -0.159        -0.145         0.144
    108        -0.061         0.116         0.047         0.135        -0.047
    109        -0.048        -0.063         0.022         0.015         0.003
    110        -0.070        -0.055        -0.104        -0.022         0.011
    111         0.037        -0.132        -0.124        -0.096         0.016
    112        -0.037         0.188         0.150         0.085        -0.099
    113        -0.001         0.082         0.116         0.075         0.005
    114         0.050        -0.018         0.052        -0.004         0.026
    115        -0.124         0.221         0.163         0.137        -0.151
    116        -0.041         0.007        -0.063         0.011         0.012
    117        -0.079         0.190         0.144         0.126        -0.109
    118        -0.011         0.139         0.078         0.079        -0.050
    119        -0.086         0.205         0.157         0.144        -0.097
    120        -0.136         0.130         0.164         0.120        -0.083
    121         0.140        -0.162        -0.165        -0.143         0.121
    122        -0.017         0.176         0.135         0.080        -0.065
    123         0.026        -0.207        -0.137        -0.083         0.077
    124        -0.040        -0.115        -0.113         0.006        -0.078
    125         0.033        -0.016        -0.003        -0.058         0.150
    126        -0.557         0.371         0.338         0.378        -0.245
    127         0.409        -0.552        -0.383        -0.410         0.296
    128        -0.385         0.552         0.349         0.386        -0.307
    129         0.261        -0.298        -0.167        -0.269         0.194
    130         0.007         0.109         0.091         0.078        -0.013
    131         0.046         0.033         0.099         0.011         0.017
    132         0.402        -0.486        -0.338        -0.349         0.272
    133        -0.132         0.088         0.106         0.067        -0.035
    134        -0.044         0.020        -0.044         0.049        -0.058


           ESTIMATED CORRELATION MATRIX FOR PARAMETER ESTIMATES
                  6             7             8             9            10
              ________      ________      ________      ________      ________
      6         1.000
      7         0.150         1.000
      8         0.076         0.080         1.000
      9         0.017         0.001        -0.165         1.000
     10        -0.033        -0.044        -0.065        -0.003         1.000
     11         0.015         0.040         0.039         0.151        -0.163
     12        -0.423        -0.111        -0.042         0.018         0.054
     13         0.119         0.089        -0.029         0.020        -0.084
     14        -0.023        -0.209        -0.071         0.026         0.134
     15         0.061         0.068         0.001         0.020        -0.060
     16         0.096        -0.103        -0.020        -0.020         0.006
     17        -0.041         0.009         0.054         0.002        -0.020
     18        -0.061        -0.007        -0.028         0.025         0.061
     19         0.149         0.028         0.045         0.026        -0.129
     20         0.032        -0.065        -0.049        -0.061         0.130
     21         0.048        -0.104         0.028         0.010        -0.029
     22        -0.174        -0.003        -0.023         0.010        -0.023
     23         0.092         0.050         0.061         0.019        -0.045
     24         0.049         0.134         0.019        -0.018        -0.013
     25        -0.232        -0.017        -0.049         0.042         0.002
     26        -0.111         0.143         0.019         0.001         0.002
     27        -0.024        -0.042        -0.009        -0.003        -0.023
     28         0.032        -0.069         0.087         0.035        -0.003
     29         0.025        -0.019        -0.014        -0.009         0.064
     30        -0.084        -0.084        -0.003         0.008        -0.011
     31         0.141        -0.074         0.018        -0.025         0.002
     32         0.095        -0.072         0.021         0.017         0.007
     33        -0.037         0.136         0.006        -0.003        -0.011
     34        -0.135        -0.026        -0.019        -0.017         0.018
     35        -0.130        -0.057        -0.003         0.009        -0.087
     36        -0.134         0.102         0.010         0.027        -0.044
     37        -0.055        -0.078        -0.079        -0.017         0.064
     38         0.044         0.059         0.074         0.028         0.007
     39         0.185         0.072         0.054         0.004         0.019
     40         0.016         0.072        -0.013         0.003         0.006
     41        -0.089        -0.021        -0.014         0.018         0.013
     42         0.209         0.003         0.015         0.008        -0.002
     43         0.030         0.148         0.007         0.033         0.017
     44         0.016        -0.079         0.059        -0.006        -0.063
     45        -0.032         0.070         0.056         0.057        -0.110
     46        -0.039         0.043        -0.009         0.001         0.028
     47         0.114         0.033         0.037        -0.019         0.002
     48        -0.058        -0.034        -0.053        -0.021         0.000
     49        -0.052        -0.144        -0.029         0.022        -0.003
     50         0.147        -0.002         0.040        -0.010         0.028
     51         0.063        -0.056        -0.035         0.011         0.007
     52         0.028         0.058         0.009        -0.003         0.011
     53        -0.007         0.002        -0.093        -0.002         0.021
     54         0.011        -0.013         0.005         0.010        -0.040
     55         0.052         0.072        -0.004         0.004         0.021
     56        -0.079         0.049         0.017         0.002        -0.028
     57        -0.073        -0.014        -0.018        -0.016         0.041
     58         0.006        -0.049        -0.027         0.003         0.004
     59         0.107         0.056        -0.016         0.008        -0.005
     60         0.083         0.029        -0.015         0.004         0.036
     61         0.079        -0.058        -0.046        -0.030         0.022
     62         0.017         0.028         0.056         0.005        -0.026
     63        -0.063         0.023        -0.081        -0.036         0.033
     64        -0.107        -0.053        -0.082         0.009         0.006
     65         0.003        -0.005         0.020         0.013        -0.006
     66         0.051         0.083        -0.022        -0.023         0.007
     67        -0.167        -0.064        -0.014        -0.007        -0.031
     68        -0.030        -0.016         0.015        -0.039        -0.001
     69        -0.024         0.009        -0.026         0.033         0.054
     70        -0.195        -0.010        -0.045        -0.022         0.122
     71        -0.190        -0.064        -0.026        -0.048         0.159
     72        -0.152         0.032        -0.012        -0.052         0.098
     73         0.141         0.007         0.020        -0.006        -0.085
     74        -0.044        -0.010        -0.030         0.021         0.025
     75        -0.040        -0.053        -0.008         0.012         0.008
     76         0.008         0.037         0.012        -0.004         0.011
     77         0.045        -0.045         0.010        -0.004         0.027
     78         0.004         0.017         0.004         0.018        -0.049
     79        -0.156         0.007        -0.048        -0.008         0.085
     80         0.066         0.023         0.016         0.002        -0.088
     81         0.007         0.013        -0.011        -0.005         0.012
     82        -0.088         0.012        -0.041        -0.007         0.016
     83         0.021         0.025        -0.007        -0.008        -0.070
     84         0.075         0.004         0.043        -0.017        -0.042
     85         0.045         0.014         0.024        -0.028         0.005
     86         0.015         0.045         0.039        -0.014        -0.019
     87         0.144         0.019         0.026         0.027        -0.071
     88         0.051        -0.027         0.017         0.025        -0.023
     89         0.095         0.015         0.020        -0.061        -0.082
     90        -0.017        -0.014        -0.044        -0.027        -0.007
     91         0.121         0.007         0.044         0.011        -0.095
     92         0.173         0.064         0.025        -0.006        -0.092
     93        -0.125        -0.013         0.002        -0.002         0.025
     94         0.048        -0.028         0.020         0.014        -0.058
     95        -0.027         0.016        -0.015         0.051        -0.024
     96        -0.219        -0.033        -0.025        -0.040         0.103
     97         0.146        -0.026        -0.009         0.005        -0.098
     98        -0.013        -0.067        -0.060        -0.034         0.042
     99         0.174         0.077         0.016         0.047        -0.181
    100         0.099        -0.085        -0.023         0.008        -0.050
    101        -0.146        -0.009        -0.016        -0.024         0.093
    102         0.081        -0.013         0.005         0.009        -0.030
    103         0.161         0.031        -0.014         0.014        -0.069
    104        -0.029         0.012         0.025         0.039        -0.031
    105        -0.145         0.017        -0.014        -0.013         0.060
    106         0.034         0.020         0.011        -0.009         0.045
    107         0.173        -0.021         0.025         0.027        -0.087
    108        -0.041         0.006         0.004        -0.006         0.056
    109        -0.068        -0.035         0.010        -0.012         0.033
    110         0.035        -0.047        -0.010        -0.010        -0.028
    111         0.081        -0.043        -0.029        -0.011         0.056
    112        -0.131         0.026        -0.033        -0.026         0.079
    113        -0.062         0.015         0.008         0.016         0.010
    114         0.003         0.023         0.018         0.030        -0.019
    115        -0.183        -0.028        -0.042        -0.036         0.116
    116         0.047        -0.010        -0.018        -0.010        -0.017
    117        -0.137        -0.007         0.001         0.029         0.091
    118        -0.066         0.018         0.044         0.006        -0.008
    119        -0.145         0.025        -0.011        -0.037         0.096
    120        -0.201        -0.032        -0.018        -0.006         0.125
    121         0.183         0.030        -0.003         0.039        -0.083
    122        -0.112         0.038         0.019        -0.005         0.062
    123         0.085        -0.042         0.002        -0.027        -0.010
    124         0.037        -0.061        -0.045        -0.060         0.111
    125         0.082         0.090         0.015         0.070        -0.171
    126        -0.561        -0.182        -0.138         0.001         0.109
    127         0.460         0.031         0.136         0.001        -0.129
    128        -0.410        -0.024        -0.135         0.006         0.122
    129         0.241         0.061         0.029         0.040        -0.143
    130        -0.042         0.059         0.029        -0.027         0.010
    131        -0.042         0.050         0.051         0.036        -0.035
    132         0.410         0.047         0.143         0.018        -0.112
    133        -0.151        -0.030        -0.062         0.046        -0.058
    134         0.019        -0.027        -0.026        -0.012         0.050


           ESTIMATED CORRELATION MATRIX FOR PARAMETER ESTIMATES
                 11            12            13            14            15
              ________      ________      ________      ________      ________
     11         1.000
     12         0.012         1.000
     13         0.049        -0.195         1.000
     14        -0.069         0.127        -0.088         1.000
     15         0.096        -0.092         0.202        -0.087         1.000
     16         0.008        -0.033        -0.025         0.059         0.007
     17         0.011         0.021        -0.015        -0.041        -0.033
     18         0.013         0.017         0.017        -0.043        -0.030
     19         0.061         0.029         0.000         0.090        -0.055
     20        -0.108         0.114        -0.165         0.221        -0.201
     21        -0.023        -0.025        -0.009         0.022         0.020
     22         0.036         0.043         0.008        -0.023         0.023
     23         0.033        -0.021         0.020        -0.071         0.046
     24        -0.036        -0.034         0.031        -0.037        -0.027
     25         0.014         0.071         0.000         0.002         0.007
     26         0.003         0.027         0.019        -0.046         0.002
     27         0.011        -0.008        -0.013        -0.024         0.040
     28         0.014         0.022         0.001         0.068        -0.024
     29         0.004        -0.008         0.029         0.041        -0.025
     30         0.008         0.016        -0.013         0.012        -0.008
     31         0.011        -0.057        -0.003         0.042        -0.049
     32        -0.032         0.014         0.022         0.020         0.001
     33        -0.010        -0.003        -0.014        -0.038        -0.027
     34        -0.020         0.029         0.001        -0.048        -0.012
     35        -0.004         0.045         0.005        -0.006         0.012
     36        -0.006         0.034        -0.018        -0.001        -0.014
     37        -0.017         0.027         0.017         0.046        -0.035
     38         0.019        -0.003        -0.001        -0.055        -0.002
     39        -0.019        -0.063        -0.052        -0.045        -0.010
     40         0.003        -0.063        -0.004        -0.036         0.018
     41         0.014         0.050        -0.029        -0.022        -0.024
     42        -0.008        -0.048         0.006         0.025        -0.017
     43         0.001        -0.023         0.045        -0.044         0.013
     44         0.023         0.018        -0.028         0.007         0.003
     45         0.106        -0.105         0.156        -0.202         0.193
     46         0.038         0.026         0.013        -0.022         0.019
     47        -0.027        -0.026         0.017         0.015        -0.007
     48        -0.004         0.020         0.000         0.043         0.006
     49         0.026         0.053        -0.013         0.055         0.013
     50        -0.034        -0.044         0.019         0.041        -0.024
     51        -0.013        -0.021         0.003         0.008         0.003
     52        -0.014        -0.019         0.020         0.016        -0.010
     53        -0.038         0.004         0.001        -0.026         0.002
     54        -0.027        -0.001         0.000        -0.008         0.007
     55         0.015        -0.010         0.010        -0.008         0.003
     56        -0.010         0.030        -0.003        -0.020         0.014
     57         0.005         0.009        -0.021         0.010         0.010
     58        -0.001         0.002         0.022         0.027         0.015
     59         0.022        -0.038         0.023         0.038        -0.005
     60         0.034        -0.032         0.020        -0.009         0.002
     61         0.000        -0.028        -0.003         0.015         0.011
     62         0.003        -0.026        -0.024        -0.033         0.025
     63        -0.045         0.005        -0.005         0.032        -0.003
     64        -0.014         0.058         0.031         0.028        -0.002
     65         0.003         0.013         0.040         0.000        -0.001
     66        -0.033        -0.037         0.033        -0.003         0.051
     67         0.002         0.064        -0.005         0.038         0.021
     68         0.004         0.017        -0.049         0.018         0.007
     69        -0.026        -0.008        -0.006        -0.004         0.000
     70         0.036        -0.028        -0.012        -0.074        -0.031
     71        -0.042         0.115        -0.140         0.071        -0.077
     72         0.018         0.012         0.016        -0.095         0.000
     73        -0.027        -0.002         0.006        -0.018         0.018
     74         0.010        -0.011        -0.004        -0.027        -0.036
     75         0.010        -0.046        -0.024         0.001         0.003
     76         0.006        -0.046         0.025        -0.071        -0.008
     77        -0.057        -0.034         0.002         0.052         0.048
     78         0.066         0.038         0.015        -0.054        -0.002
     79         0.027        -0.001        -0.059        -0.049        -0.031
     80         0.000         0.006        -0.004         0.051         0.032
     81         0.003        -0.005         0.009        -0.008         0.006
     82        -0.028         0.011        -0.002        -0.023         0.005
     83         0.066        -0.016        -0.020         0.044         0.036
     84        -0.035         0.006         0.007         0.091        -0.002
     85        -0.021         0.038        -0.021         0.073        -0.040
     86         0.048        -0.010         0.008        -0.017         0.029
     87        -0.018         0.036        -0.011         0.053         0.012
     88        -0.016         0.003        -0.030         0.044         0.010
     89        -0.029         0.026         0.005         0.071         0.016
     90        -0.039         0.042        -0.021         0.093        -0.044
     91        -0.038         0.052        -0.007         0.034         0.022
     92        -0.017         0.001         0.013         0.039         0.021
     93         0.008        -0.026        -0.022        -0.012        -0.038
     94         0.021        -0.035         0.003         0.002         0.004
     95         0.016        -0.032         0.045        -0.074         0.024
     96         0.026        -0.107        -0.023        -0.189         0.003
     97        -0.087         0.070         0.036         0.148         0.103
     98        -0.169         0.032         0.037         0.129         0.269
     99         0.054        -0.127         0.193        -0.106         0.121
    100        -0.118         0.043         0.011         0.191         0.166
    101        -0.041        -0.030        -0.013        -0.001         0.048
    102        -0.120         0.064         0.037         0.126         0.135
    103        -0.055         0.132         0.038         0.158         0.020
    104         0.097        -0.011        -0.053        -0.040        -0.193
    105         0.080        -0.017        -0.027        -0.115        -0.016
    106        -0.023        -0.059        -0.033         0.023        -0.070
    107        -0.050         0.057         0.061         0.123         0.046
    108         0.020         0.000         0.007        -0.042        -0.107
    109         0.024        -0.007        -0.057        -0.030        -0.005
    110        -0.040         0.035        -0.010         0.035         0.045
    111        -0.133         0.063         0.063         0.080         0.134
    112         0.015        -0.071        -0.007        -0.160        -0.007
    113         0.051        -0.053        -0.011        -0.174        -0.059
    114         0.097        -0.017        -0.033        -0.083        -0.246
    115        -0.041        -0.092        -0.003        -0.105         0.066
    116        -0.076         0.058         0.068         0.106         0.138
    117         0.055        -0.091        -0.025        -0.175        -0.018
    118         0.081        -0.075         0.001        -0.192         0.020
    119         0.047        -0.093         0.019        -0.126        -0.077
    120         0.030        -0.056         0.003        -0.094        -0.037
    121        -0.045         0.097         0.030         0.129        -0.006
    122         0.072        -0.070        -0.012        -0.176        -0.129
    123        -0.096         0.075        -0.028         0.205         0.058
    124        -0.106         0.104        -0.165         0.203        -0.192
    125         0.099        -0.164         0.200        -0.179         0.144
    126        -0.012         0.183        -0.042         0.106        -0.060
    127         0.011        -0.138         0.029        -0.089         0.051
    128        -0.008         0.126        -0.034         0.085        -0.048
    129        -0.037         0.022         0.026         0.090         0.041
    130         0.123        -0.041        -0.013        -0.128        -0.182
    131         0.103        -0.052        -0.097        -0.164        -0.398
    132         0.003        -0.126         0.021        -0.081         0.049
    133        -0.060         0.168        -0.003         0.174        -0.019
    134        -0.091        -0.006         0.069         0.063         0.276


           ESTIMATED CORRELATION MATRIX FOR PARAMETER ESTIMATES
                 16            17            18            19            20
              ________      ________      ________      ________      ________
     16         1.000
     17        -0.662         1.000
     18        -0.263         0.234         1.000
     19         0.113        -0.074        -0.618         1.000
     20         0.031         0.006         0.005        -0.095         1.000
     21         0.002         0.030         0.006         0.008        -0.048
     22        -0.221         0.164         0.022         0.003        -0.026
     23        -0.362         0.284         0.097         0.001        -0.019
     24        -0.124         0.075         0.016         0.011        -0.093
     25        -0.106         0.047         0.013        -0.043        -0.106
     26        -0.525         0.324         0.160        -0.088        -0.034
     27         0.152        -0.099        -0.051         0.022         0.003
     28        -0.272         0.174         0.090        -0.054         0.074
     29        -0.081         0.035         0.043        -0.051         0.001
     30        -0.058         0.077        -0.017         0.028        -0.022
     31         0.011         0.037        -0.059         0.035         0.009
     32        -0.291         0.211         0.045         0.044         0.047
     33        -0.190         0.094         0.033        -0.007        -0.001
     34        -0.186         0.094         0.023         0.009         0.028
     35        -0.235         0.165         0.061         0.008        -0.062
     36        -0.225         0.150         0.044        -0.008        -0.002
     37        -0.339         0.220         0.114        -0.109         0.044
     38        -0.187         0.148         0.057        -0.005         0.016
     39        -0.068         0.038         0.034        -0.024         0.000
     40        -0.030         0.016        -0.003        -0.013         0.015
     41        -0.174         0.116         0.055        -0.043         0.040
     42        -0.309         0.223         0.104        -0.044         0.026
     43        -0.035        -0.013         0.028        -0.012        -0.082
     44        -0.055         0.081        -0.001         0.043         0.001
     45        -0.013        -0.016        -0.018         0.084        -0.969
     46         0.019        -0.027        -0.004         0.007        -0.001
     47         0.135        -0.143        -0.021         0.008        -0.005
     48         0.282        -0.403        -0.099         0.011         0.013
     49         0.098        -0.115        -0.007        -0.008         0.034
     50         0.052        -0.039         0.005         0.025         0.026
     51         0.355        -0.513        -0.141         0.071        -0.009
     52        -0.100         0.125         0.028        -0.018         0.008
     53         0.173        -0.243        -0.067         0.026        -0.013
     54         0.046        -0.126        -0.061         0.059         0.006
     55         0.062        -0.047         0.028        -0.039        -0.001
     56         0.005        -0.005         0.007        -0.012         0.002
     57         0.218        -0.319        -0.027        -0.042        -0.036
     58         0.102        -0.199         0.001        -0.031         0.003
     59         0.101        -0.163        -0.021        -0.009        -0.006
     60         0.169        -0.251        -0.065         0.016         0.019
     61         0.168        -0.245        -0.059        -0.007         0.008
     62         0.243        -0.350        -0.131         0.087        -0.006
     63         0.141        -0.190        -0.040        -0.013        -0.026
     64         0.051        -0.089        -0.018         0.006         0.026
     65         0.006        -0.057        -0.005         0.004        -0.019
     66         0.100        -0.155        -0.052         0.014        -0.030
     67         0.212        -0.382        -0.089         0.038         0.009
     68         0.014        -0.042         0.007         0.003         0.021
     69         0.055        -0.059        -0.019        -0.032        -0.023
     70         0.112        -0.101         0.173        -0.455        -0.004
     71         0.056        -0.066         0.104        -0.297         0.030
     72         0.074        -0.074         0.060        -0.244        -0.021
     73         0.011        -0.014        -0.170         0.203        -0.051
     74         0.154        -0.137        -0.321         0.143        -0.031
     75         0.045        -0.022        -0.029        -0.034        -0.047
     76         0.024        -0.019         0.012        -0.062        -0.061
     77         0.160        -0.127        -0.510         0.308         0.026
     78        -0.054         0.022         0.093        -0.031        -0.090
     79         0.154        -0.127        -0.078        -0.230         0.099
     80        -0.011        -0.007        -0.223         0.209         0.026
     81         0.003         0.001         0.058        -0.077        -0.007
     82        -0.037         0.005         0.070        -0.116        -0.012
     83         0.091        -0.067        -0.321         0.193        -0.012
     84         0.005         0.039        -0.203         0.253         0.009
     85         0.021        -0.011        -0.160         0.089         0.075
     86         0.059        -0.065        -0.242         0.120        -0.046
     87        -0.034         0.010        -0.263         0.361         0.042
     88         0.064        -0.078        -0.471         0.371         0.042
     89        -0.022         0.019        -0.147         0.308         0.034
     90         0.029        -0.004        -0.091         0.084         0.102
     91        -0.071         0.053        -0.190         0.317        -0.010
     92        -0.013        -0.003        -0.212         0.301         0.001
     93         0.147        -0.110        -0.295         0.024        -0.011
     94         0.012         0.028        -0.064         0.127         0.002
     95         0.013        -0.032        -0.028        -0.029        -0.059
     96         0.074        -0.069         0.164        -0.579         0.057
     97        -0.069         0.066        -0.158         0.377         0.065
     98         0.001        -0.005        -0.037        -0.234         0.191
     99        -0.048         0.049        -0.081         0.292        -0.219
    100        -0.042         0.050        -0.077         0.096         0.113
    101        -0.018         0.020         0.117        -0.363         0.100
    102        -0.102         0.080         0.112        -0.137         0.114
    103        -0.063         0.042        -0.110         0.352         0.039
    104        -0.015         0.009         0.045         0.116        -0.047
    105        -0.070         0.030         0.370        -0.624         0.013
    106         0.035        -0.019        -0.056         0.126         0.035
    107        -0.113         0.090        -0.018         0.316        -0.080
    108         0.008         0.005         0.139        -0.077        -0.096
    109         0.016        -0.010        -0.027        -0.019         0.013
    110         0.038        -0.022        -0.065         0.034         0.067
    111        -0.071         0.066         0.117        -0.122         0.099
    112         0.028        -0.071         0.178        -0.478         0.026
    113         0.022        -0.011         0.114        -0.145        -0.124
    114        -0.008         0.014         0.098         0.162        -0.145
    115         0.064        -0.051         0.206        -0.573         0.014
    116        -0.067         0.066         0.220        -0.312         0.028
    117         0.038        -0.036         0.172        -0.480        -0.019
    118         0.005        -0.023         0.122        -0.235        -0.138
    119         0.053        -0.049         0.173        -0.408        -0.012
    120         0.012        -0.014         0.200        -0.443         0.009
    121        -0.119         0.083         0.024         0.270        -0.006
    122         0.021        -0.042         0.135        -0.252        -0.067
    123        -0.049         0.039        -0.059         0.160         0.102
    124         0.020        -0.004         0.012        -0.093         0.962
    125        -0.024         0.007        -0.015         0.157        -0.519
    126         0.130        -0.118         0.096        -0.273        -0.030
    127        -0.125         0.130        -0.111         0.293         0.048
    128         0.122        -0.146         0.115        -0.287        -0.048
    129        -0.109         0.102        -0.169         0.493        -0.044
    130         0.033        -0.030         0.076         0.062        -0.147
    131        -0.002         0.006         0.066         0.113        -0.139
    132        -0.101         0.111        -0.106         0.267         0.052
    133        -0.035         0.020        -0.069         0.286        -0.057
    134        -0.003        -0.005         0.044        -0.335         0.145


           ESTIMATED CORRELATION MATRIX FOR PARAMETER ESTIMATES
                 21            22            23            24            25
              ________      ________      ________      ________      ________
     21         1.000
     22        -0.178         1.000
     23         0.125        -0.046         1.000
     24        -0.043        -0.040         0.027         1.000
     25        -0.086         0.085        -0.005         0.343         1.000
     26        -0.029         0.143         0.029        -0.079        -0.005
     27         0.036        -0.070         0.045        -0.004        -0.022
     28        -0.008         0.081         0.179        -0.032        -0.022
     29         0.037        -0.122        -0.093         0.086         0.031
     30         0.072         0.123         0.055        -0.058        -0.038
     31        -0.057         0.064        -0.056         0.076         0.036
     32         0.009         0.042         0.160        -0.038        -0.111
     33        -0.291        -0.071        -0.109         0.088         0.125
     34        -0.092         0.113        -0.092        -0.129        -0.061
     35         0.049         0.105         0.000         0.036         0.072
     36        -0.083         0.021         0.044         0.041         0.066
     37        -0.104        -0.042        -0.047         0.000         0.044
     38         0.056         0.004         0.114         0.003         0.063
     39        -0.032        -0.100         0.011         0.009        -0.092
     40        -0.099         0.030        -0.177         0.071        -0.032
     41         0.006         0.127        -0.065         0.007        -0.014
     42        -0.089         0.053         0.379         0.047        -0.090
     43         0.061        -0.071         0.057         0.104        -0.039
     44         0.100         0.117        -0.006        -0.033        -0.037
     45         0.042         0.022         0.008         0.087         0.099
     46        -0.685         0.132        -0.105         0.016         0.074
     47         0.119        -0.710         0.055         0.034        -0.055
     48        -0.087         0.043        -0.729        -0.041        -0.004
     49         0.040         0.043        -0.043        -0.703        -0.229
     50         0.056        -0.061        -0.002        -0.249        -0.691
     51         0.007        -0.107        -0.027         0.066         0.032
     52        -0.045         0.036        -0.009        -0.005        -0.013
     53         0.001        -0.027        -0.159         0.033         0.010
     54        -0.040         0.074         0.078        -0.054        -0.006
     55        -0.040        -0.104        -0.040         0.059         0.036
     56         0.031        -0.046         0.063        -0.043        -0.021
     57         0.010        -0.029        -0.144         0.024         0.105
     58         0.189         0.033         0.061        -0.047        -0.091
     59         0.056        -0.109         0.059         0.107         0.073
     60        -0.046        -0.054        -0.026        -0.033        -0.067
     61         0.045        -0.033        -0.065        -0.029        -0.098
     62         0.063         0.030         0.027        -0.017         0.001
     63        -0.065         0.001        -0.109         0.016        -0.056
     64         0.002         0.038         0.004         0.005         0.049
     65         0.044        -0.050         0.160        -0.033         0.012
     66        -0.012        -0.108         0.046         0.022         0.005
     67         0.072        -0.001        -0.288        -0.056         0.079
     68        -0.046         0.024        -0.032        -0.050         0.029
     69        -0.066        -0.054        -0.008         0.006         0.038
     70        -0.014        -0.100        -0.129        -0.007         0.022
     71        -0.008        -0.087        -0.078        -0.018        -0.006
     72        -0.219        -0.036        -0.110        -0.012         0.029
     73         0.077        -0.247         0.075         0.028        -0.030
     74        -0.040         0.014        -0.362         0.003        -0.003
     75         0.006         0.001        -0.018        -0.300        -0.100
     76         0.011        -0.053        -0.028        -0.111        -0.277
     77         0.001        -0.036        -0.003         0.045         0.032
     78        -0.013         0.036         0.007         0.025         0.007
     79        -0.003        -0.079        -0.155         0.010         0.006
     80        -0.019         0.030         0.065        -0.006        -0.001
     81        -0.002        -0.031        -0.010         0.020         0.040
     82        -0.011        -0.027         0.004        -0.023        -0.013
     83         0.016        -0.001        -0.033        -0.012         0.018
     84         0.085         0.041         0.065        -0.030        -0.029
     85         0.045        -0.004         0.070         0.050         0.041
     86        -0.003        -0.016        -0.027        -0.017        -0.005
     87         0.007         0.068         0.060        -0.014        -0.048
     88         0.052         0.047         0.026        -0.002        -0.008
     89        -0.007         0.083         0.038        -0.032        -0.065
     90         0.011         0.027         0.015        -0.011         0.018
     91         0.024         0.051         0.139        -0.004        -0.003
     92        -0.019         0.009         0.101         0.015        -0.041
     93        -0.010        -0.022        -0.201        -0.011         0.062
     94        -0.026         0.042         0.009        -0.059        -0.026
     95        -0.040        -0.043         0.001         0.039         0.035
     96        -0.001        -0.052        -0.104        -0.021         0.033
     97         0.009         0.049         0.099        -0.010        -0.026
     98         0.001        -0.006         0.010        -0.033         0.021
     99         0.013         0.079         0.070         0.034         0.011
    100         0.122         0.015         0.074        -0.028        -0.020
    101        -0.081         0.207        -0.063        -0.013         0.043
    102         0.022         0.002         0.252        -0.019         0.017
    103        -0.009         0.028         0.079         0.161         0.028
    104        -0.016         0.021         0.016         0.095         0.195
    105        -0.014         0.011        -0.060        -0.048        -0.002
    106         0.009        -0.038         0.014        -0.016        -0.010
    107         0.019         0.063         0.133        -0.016        -0.019
    108         0.000        -0.006        -0.076         0.009         0.001
    109         0.005         0.020        -0.017        -0.030        -0.026
    110        -0.001         0.016        -0.005        -0.001        -0.001
    111        -0.001         0.003         0.062        -0.009        -0.019
    112        -0.071        -0.031        -0.096         0.037         0.047
    113        -0.030        -0.009        -0.060        -0.030        -0.035
    114         0.006         0.016        -0.011         0.051        -0.010
    115         0.002        -0.044        -0.088         0.012         0.066
    116        -0.021        -0.008         0.028        -0.008         0.001
    117         0.002        -0.058        -0.062         0.012         0.056
    118        -0.010        -0.028        -0.051         0.013         0.000
    119        -0.024        -0.041        -0.130         0.014         0.013
    120         0.020        -0.002        -0.101        -0.005         0.042
    121        -0.016         0.048         0.148         0.019        -0.026
    122         0.016        -0.039        -0.067         0.035         0.005
    123         0.026         0.062         0.039        -0.039        -0.032
    124        -0.044        -0.033         0.000        -0.089        -0.092
    125         0.012         0.072         0.024         0.067         0.065
    126         0.006        -0.081        -0.158        -0.025         0.165
    127         0.014         0.130         0.157        -0.020        -0.156
    128        -0.008        -0.133        -0.160         0.025         0.146
    129         0.001         0.096         0.131         0.025        -0.031
    130        -0.008        -0.025        -0.050         0.019        -0.031
    131         0.011         0.011        -0.026         0.032         0.005
    132         0.002         0.104         0.214        -0.040        -0.115
    133         0.036        -0.015         0.053         0.024         0.117
    134        -0.003        -0.012         0.002        -0.037         0.003


           ESTIMATED CORRELATION MATRIX FOR PARAMETER ESTIMATES
                 26            27            28            29            30
              ________      ________      ________      ________      ________
     26         1.000
     27        -0.597         1.000
     28         0.227        -0.068         1.000
     29         0.059         0.007         0.101         1.000
     30         0.046         0.000         0.042        -0.039         1.000
     31        -0.161        -0.095        -0.045         0.029         0.064
     32         0.000        -0.112         0.076        -0.057         0.075
     33         0.087        -0.014        -0.077        -0.020        -0.102
     34         0.117        -0.048        -0.047         0.064         0.043
     35         0.024        -0.025        -0.020        -0.003         0.037
     36         0.024        -0.033         0.012        -0.002        -0.009
     37         0.017        -0.017        -0.019         0.047        -0.032
     38         0.003        -0.003         0.170        -0.044         0.069
     39        -0.005        -0.069         0.032         0.017        -0.018
     40         0.068        -0.009        -0.106         0.015        -0.038
     41         0.149        -0.076         0.020        -0.086         0.003
     42        -0.109        -0.011         0.080         0.038        -0.068
     43        -0.004        -0.033        -0.049         0.004        -0.089
     44         0.044        -0.023         0.057        -0.149         0.054
     45         0.013         0.000        -0.075         0.005         0.012
     46         0.027        -0.031        -0.003        -0.042        -0.032
     47        -0.091         0.045        -0.030         0.065        -0.089
     48        -0.033        -0.010        -0.152         0.057        -0.038
     49         0.033        -0.007         0.056        -0.065         0.064
     50         0.028        -0.007         0.007         0.009         0.010
     51        -0.650         0.366        -0.147        -0.047        -0.038
     52         0.360        -0.603         0.019        -0.009        -0.024
     53        -0.139         0.018        -0.719        -0.074        -0.028
     54        -0.054        -0.011        -0.053        -0.653         0.028
     55        -0.035         0.002        -0.049         0.037        -0.466
     56         0.102         0.087         0.043        -0.037        -0.045
     57        -0.016         0.093        -0.050         0.058        -0.062
     58        -0.055         0.025         0.052         0.067         0.045
     59        -0.076         0.041         0.055        -0.020        -0.045
     60        -0.001        -0.002         0.025         0.005        -0.035
     61        -0.022         0.044        -0.028         0.039        -0.022
     62        -0.018        -0.002         0.032        -0.047         0.025
     63         0.022        -0.001        -0.117         0.037        -0.080
     64         0.030         0.035        -0.004        -0.008         0.000
     65        -0.046         0.023         0.047        -0.012         0.015
     66        -0.079         0.056        -0.007         0.091        -0.013
     67         0.062         0.017        -0.044        -0.028         0.065
     68         0.028         0.009         0.033         0.003         0.046
     69        -0.029         0.007        -0.020         0.079        -0.030
     70        -0.043         0.064        -0.070         0.093        -0.062
     71         0.006        -0.016         0.007         0.082        -0.035
     72        -0.020         0.027        -0.058         0.038        -0.048
     73        -0.042         0.029         0.007        -0.015        -0.002
     74        -0.025         0.018        -0.087         0.030         0.004
     75         0.022         0.038         0.015         0.007         0.018
     76         0.027         0.028        -0.030         0.040         0.006
     77        -0.299         0.176        -0.075        -0.043         0.005
     78         0.160        -0.252         0.045        -0.015         0.012
     79        -0.086         0.078        -0.257         0.040        -0.043
     80        -0.025        -0.027        -0.010        -0.281         0.026
     81         0.000         0.028        -0.010         0.027        -0.206
     82         0.065         0.060         0.029         0.018        -0.019
     83        -0.018         0.054        -0.035         0.026        -0.012
     84        -0.026        -0.016         0.046         0.010         0.035
     85        -0.052         0.012         0.024        -0.040        -0.009
     86         0.005        -0.011        -0.013         0.026         0.001
     87         0.034        -0.052         0.050        -0.044         0.034
     88        -0.001        -0.017         0.003        -0.031         0.027
     89         0.049        -0.042         0.004        -0.044         0.030
     90        -0.003        -0.010         0.002        -0.026         0.011
     91         0.014        -0.042         0.062        -0.046         0.037
     92        -0.016        -0.035         0.015        -0.023         0.016
     93        -0.016         0.033        -0.048         0.003         0.009
     94        -0.023         0.030        -0.011        -0.006         0.043
     95         0.011        -0.023        -0.016         0.046        -0.008
     96        -0.019         0.044        -0.040         0.054        -0.042
     97         0.019        -0.060         0.057        -0.061         0.045
     98        -0.005        -0.044         0.053         0.000        -0.003
     99        -0.002         0.017        -0.027        -0.071         0.031
    100         0.013        -0.058         0.068        -0.031         0.035
    101         0.033        -0.031         0.020         0.015        -0.005
    102         0.009        -0.034         0.093        -0.053         0.017
    103        -0.010        -0.061         0.021        -0.042         0.017
    104        -0.021         0.027        -0.023        -0.015        -0.010
    105         0.190        -0.070         0.051         0.059        -0.027
    106        -0.098         0.166        -0.046         0.005         0.001
    107         0.065        -0.063         0.182        -0.039         0.041
    108         0.030         0.023         0.000         0.325        -0.016
    109        -0.005        -0.013        -0.002        -0.018         0.403
    110        -0.066        -0.022        -0.028        -0.007         0.021
    111         0.013        -0.082         0.068        -0.038         0.025
    112         0.007         0.032        -0.062         0.024        -0.050
    113         0.026         0.013        -0.046         0.063        -0.003
    114        -0.015         0.036        -0.044        -0.025         0.012
    115        -0.039         0.036        -0.039         0.018        -0.035
    116        -0.001        -0.023         0.035         0.004         0.001
    117        -0.035         0.050        -0.018         0.038        -0.032
    118        -0.003         0.038        -0.028         0.043        -0.022
    119         0.000         0.041        -0.062         0.065        -0.041
    120         0.017         0.034        -0.012         0.026        -0.027
    121         0.020        -0.045         0.031        -0.027         0.021
    122         0.008         0.021        -0.032         0.031        -0.047
    123         0.007        -0.020         0.064        -0.059         0.024
    124        -0.012        -0.013         0.076        -0.018        -0.015
    125        -0.001         0.036        -0.048        -0.043         0.011
    126        -0.101         0.106        -0.079         0.108        -0.036
    127         0.088        -0.108         0.103        -0.155         0.081
    128        -0.085         0.105        -0.097         0.158        -0.082
    129         0.046        -0.066         0.064        -0.086         0.048
    130        -0.002         0.056        -0.067         0.015        -0.014
    131         0.006         0.039        -0.045         0.012        -0.004
    132         0.054        -0.095         0.144        -0.176         0.067
    133        -0.032         0.021         0.019         0.057         0.002
    134         0.008        -0.024         0.037         0.025        -0.009


           ESTIMATED CORRELATION MATRIX FOR PARAMETER ESTIMATES
                 31            32            33            34            35
              ________      ________      ________      ________      ________
     31         1.000
     32        -0.001         1.000
     33        -0.172        -0.151         1.000
     34        -0.034         0.004         0.220         1.000
     35        -0.016        -0.059         0.028         0.008         1.000
     36        -0.033        -0.089         0.040        -0.021         0.571
     37         0.250        -0.101        -0.056         0.100        -0.011
     38        -0.005         0.123         0.052         0.012         0.025
     39         0.012         0.005         0.110        -0.017        -0.054
     40        -0.019        -0.095         0.076        -0.024        -0.026
     41        -0.058         0.042         0.048        -0.051         0.000
     42         0.089         0.100         0.282        -0.213        -0.057
     43        -0.203        -0.033         0.046        -0.042        -0.143
     44         0.040         0.053        -0.214        -0.248         0.020
     45        -0.003        -0.048        -0.004        -0.030         0.045
     46         0.038        -0.016         0.220         0.068        -0.033
     47        -0.043        -0.032         0.068        -0.098        -0.058
     48         0.051        -0.106         0.081         0.065        -0.021
     49        -0.014         0.067        -0.080         0.103        -0.014
     50        -0.011         0.095        -0.098         0.080        -0.071
     51         0.087        -0.016        -0.065        -0.075        -0.014
     52         0.069         0.076         0.037         0.042         0.005
     53         0.040        -0.039         0.064         0.062         0.014
     54        -0.034         0.079         0.061        -0.031        -0.015
     55        -0.037        -0.104         0.075        -0.047        -0.036
     56        -0.622        -0.007         0.096         0.000         0.013
     57        -0.010        -0.691         0.112         0.001         0.009
     58         0.059         0.083        -0.655        -0.103         0.012
     59         0.010        -0.010        -0.122        -0.711        -0.015
     60        -0.002         0.010         0.005         0.011        -0.674
     61         0.014         0.002         0.008         0.042        -0.401
     62        -0.177         0.099         0.055        -0.053         0.017
     63        -0.009        -0.113        -0.012        -0.006        -0.052
     64        -0.013        -0.015        -0.068         0.009         0.009
     65        -0.006         0.067        -0.026         0.013         0.000
     66         0.004        -0.035        -0.024         0.042         0.021
     67        -0.065        -0.037        -0.215         0.180         0.060
     68         0.124        -0.007        -0.005         0.005         0.076
     69        -0.028        -0.046         0.136         0.184        -0.001
     70         0.000        -0.194        -0.029        -0.021         0.000
     71        -0.008        -0.142         0.008         0.021         0.000
     72        -0.003        -0.121         0.056         0.028         0.003
     73         0.001         0.061        -0.027        -0.020        -0.010
     74         0.023        -0.058         0.024         0.067        -0.042
     75        -0.004        -0.036        -0.046         0.042        -0.019
     76        -0.044        -0.013        -0.031         0.042        -0.010
     77         0.055         0.015        -0.035        -0.049         0.010
     78         0.052         0.038         0.015         0.020        -0.008
     79         0.040        -0.158        -0.002         0.000        -0.002
     80        -0.002         0.093         0.050        -0.016         0.020
     81         0.009        -0.058         0.002        -0.024         0.002
     82        -0.250        -0.033         0.035         0.012         0.005
     83         0.017        -0.289         0.032        -0.006         0.013
     84         0.054         0.116        -0.240        -0.053         0.002
     85         0.027         0.022        -0.056        -0.300        -0.033
     86         0.010        -0.001         0.017        -0.016        -0.238
     87         0.022         0.130         0.034         0.042        -0.135
     88        -0.044         0.093         0.031        -0.014         0.011
     89        -0.016         0.082         0.031         0.037        -0.030
     90         0.006         0.015        -0.011        -0.003        -0.034
     91         0.004         0.145         0.001         0.001         0.000
     92         0.047         0.126         0.015         0.034        -0.029
     93         0.035        -0.075        -0.093         0.068         0.038
     94         0.058         0.019        -0.001         0.027         0.055
     95        -0.019        -0.029         0.073         0.093         0.020
     96        -0.007        -0.163         0.003         0.017        -0.013
     97         0.000         0.171         0.001        -0.004         0.010
     98         0.006         0.058        -0.025        -0.038        -0.025
     99         0.004         0.114        -0.009        -0.027         0.022
    100        -0.005         0.135        -0.063        -0.031        -0.002
    101         0.004        -0.070         0.047         0.012        -0.018
    102        -0.009         0.105        -0.041        -0.046         0.001
    103         0.006         0.133         0.018        -0.048         0.036
    104         0.005        -0.054         0.035        -0.014         0.036
    105        -0.054        -0.089         0.021         0.036        -0.037
    106        -0.009        -0.053         0.001        -0.014        -0.002
    107        -0.032         0.165        -0.030        -0.013         0.010
    108        -0.002        -0.079        -0.028         0.044        -0.031
    109        -0.008         0.012        -0.010         0.026        -0.003
    110         0.212         0.036        -0.064        -0.023         0.014
    111         0.004         0.288        -0.047        -0.036        -0.034
    112        -0.049        -0.164         0.195         0.026        -0.021
    113        -0.027        -0.080         0.039         0.231         0.006
    114         0.007        -0.040         0.004         0.034         0.133
    115        -0.001        -0.139        -0.038        -0.044         0.079
    116         0.047         0.032        -0.040        -0.027        -0.035
    117         0.010        -0.130        -0.008        -0.018        -0.004
    118        -0.026        -0.103         0.028         0.007         0.014
    119        -0.010        -0.158         0.028         0.016        -0.001
    120        -0.015        -0.137        -0.014        -0.011         0.007
    121        -0.010         0.127         0.059        -0.053        -0.019
    122        -0.039        -0.124         0.024         0.035        -0.009
    123         0.016         0.109        -0.058        -0.073        -0.007
    124         0.007         0.050         0.012         0.029        -0.045
    125        -0.006         0.014        -0.009        -0.046         0.042
    126        -0.015        -0.201        -0.108        -0.046         0.106
    127         0.031         0.242         0.080         0.079        -0.084
    128        -0.022        -0.239        -0.078        -0.085         0.080
    129         0.009         0.171         0.026        -0.001         0.000
    130        -0.010        -0.107         0.024         0.032         0.022
    131         0.001        -0.079         0.031         0.041         0.013
    132        -0.016         0.271         0.070         0.052        -0.079
    133        -0.019         0.040        -0.069        -0.048         0.064
    134        -0.007         0.030        -0.011        -0.040        -0.035


           ESTIMATED CORRELATION MATRIX FOR PARAMETER ESTIMATES
                 36            37            38            39            40
              ________      ________      ________      ________      ________
     36         1.000
     37        -0.065         1.000
     38         0.061        -0.078         1.000
     39         0.004        -0.016         0.304         1.000
     40        -0.070         0.046        -0.202         0.047         1.000
     41        -0.011         0.022        -0.014        -0.083         0.224
     42        -0.050         0.022        -0.017         0.027        -0.008
     43         0.085         0.017         0.057         0.112        -0.038
     44        -0.050        -0.201        -0.010        -0.050        -0.054
     45         0.004        -0.022        -0.014        -0.013        -0.014
     46         0.050         0.055        -0.053        -0.006         0.053
     47        -0.018         0.024         0.012         0.052        -0.028
     48        -0.084         0.033        -0.104         0.004         0.153
     49        -0.065         0.005        -0.012        -0.031        -0.068
     50        -0.093         0.004        -0.066         0.047         0.026
     51        -0.018        -0.015         0.011         0.032        -0.064
     52         0.040        -0.001         0.003         0.040         0.032
     53        -0.034         0.029        -0.102        -0.012         0.044
     54         0.007        -0.052         0.025        -0.013        -0.027
     55        -0.001         0.026        -0.057         0.015         0.038
     56         0.031        -0.176        -0.007        -0.025         0.003
     57         0.000         0.095        -0.101        -0.023         0.079
     58         0.021         0.054        -0.026        -0.061        -0.047
     59         0.051        -0.044        -0.002         0.023         0.016
     60        -0.406         0.014        -0.042         0.019        -0.004
     61        -0.694         0.054        -0.053         0.011         0.040
     62         0.047        -0.715         0.051         0.005        -0.034
     63        -0.024         0.045        -0.718        -0.207         0.148
     64         0.009         0.002        -0.216        -0.657        -0.052
     65         0.051        -0.034         0.133        -0.035        -0.688
     66         0.036        -0.018         0.013         0.029        -0.147
     67         0.018        -0.018        -0.001        -0.033         0.008
     68        -0.032        -0.013        -0.013        -0.054        -0.016
     69         0.020         0.136        -0.023         0.026         0.040
     70        -0.011         0.134        -0.086        -0.081         0.022
     71         0.036         0.083        -0.037         0.048         0.005
     72         0.009         0.125        -0.072        -0.053         0.007
     73         0.014        -0.029         0.049         0.056         0.001
     74        -0.036         0.011        -0.078        -0.029         0.072
     75        -0.049         0.036        -0.067        -0.052        -0.021
     76        -0.031         0.025        -0.088         0.003         0.028
     77         0.008        -0.025         0.015        -0.010        -0.013
     78        -0.010        -0.001         0.009         0.011        -0.016
     79        -0.013         0.078        -0.101        -0.061         0.049
     80         0.001        -0.036         0.038         0.007         0.006
     81         0.006         0.021        -0.011        -0.008         0.015
     82         0.021        -0.017        -0.025        -0.025         0.019
     83        -0.004         0.037        -0.040        -0.012         0.035
     84         0.022        -0.024         0.027         0.007        -0.042
     85         0.030        -0.035         0.038         0.030        -0.008
     86        -0.150         0.020        -0.038        -0.022         0.008
     87        -0.227        -0.052         0.043         0.078         0.009
     88         0.027        -0.308         0.032         0.010        -0.007
     89        -0.008        -0.078        -0.187        -0.004         0.024
     90         0.013        -0.032        -0.050        -0.210        -0.020
     91         0.029        -0.088         0.079         0.039        -0.200
     92        -0.015        -0.098         0.060         0.075        -0.063
     93         0.015         0.053        -0.056        -0.075         0.029
     94         0.025        -0.047        -0.002         0.015         0.028
     95         0.035         0.066        -0.007         0.012         0.021
     96        -0.012         0.081        -0.056        -0.055         0.022
     97         0.019        -0.083         0.061         0.080        -0.024
     98         0.007         0.014         0.007         0.070        -0.012
     99        -0.037        -0.081         0.026        -0.059        -0.006
    100         0.000        -0.060         0.047         0.075        -0.016
    101        -0.008         0.036        -0.043        -0.024         0.003
    102         0.024        -0.019         0.073         0.072        -0.065
    103         0.045        -0.065         0.062         0.070        -0.002
    104         0.038        -0.017         0.050        -0.066        -0.013
    105        -0.027         0.050        -0.060        -0.017         0.027
    106         0.003        -0.002         0.004        -0.004         0.013
    107         0.003        -0.075         0.082         0.054        -0.061
    108        -0.049         0.028        -0.041        -0.013         0.025
    109         0.003         0.001        -0.001        -0.007        -0.008
    110        -0.006         0.034         0.036         0.010        -0.034
    111        -0.008        -0.041         0.045         0.047        -0.034
    112        -0.027         0.041        -0.040        -0.010         0.051
    113        -0.052         0.032        -0.072        -0.058         0.017
    114         0.073        -0.033         0.010        -0.056         0.018
    115         0.155         0.041        -0.042        -0.054         0.020
    116        -0.038         0.173         0.015         0.072        -0.014
    117        -0.004         0.074         0.076        -0.028         0.001
    118        -0.018         0.065         0.013         0.137         0.017
    119        -0.012         0.070        -0.066        -0.052         0.152
    120         0.003         0.097        -0.055        -0.095         0.051
    121        -0.010        -0.059         0.074         0.074        -0.031
    122        -0.008         0.055        -0.018        -0.043         0.009
    123        -0.001        -0.060         0.043         0.041        -0.045
    124         0.002         0.011         0.008         0.041         0.007
    125        -0.025        -0.048        -0.001        -0.082        -0.007
    126         0.010         0.211        -0.148        -0.168        -0.007
    127        -0.042        -0.220         0.144         0.126        -0.022
    128         0.041         0.211        -0.143        -0.110         0.028
    129         0.025        -0.125         0.084         0.073        -0.021
    130        -0.005         0.018        -0.037        -0.083         0.016
    131        -0.010        -0.002         0.000        -0.056         0.018
    132         0.016        -0.251         0.152         0.103        -0.046
    133         0.047         0.049         0.008        -0.007        -0.041
    134        -0.008         0.021         0.003         0.049         0.005


           ESTIMATED CORRELATION MATRIX FOR PARAMETER ESTIMATES
                 41            42            43            44            45
              ________      ________      ________      ________      ________
     41         1.000
     42        -0.087         1.000
     43        -0.111         0.029         1.000
     44         0.134         0.022        -0.096         1.000
     45        -0.046        -0.025         0.079        -0.015         1.000
     46        -0.001         0.044        -0.040        -0.069         0.000
     47        -0.094        -0.007         0.045        -0.085         0.006
     48         0.046        -0.284        -0.041         0.013        -0.003
     49         0.017        -0.036        -0.114         0.048        -0.035
     50        -0.012         0.076         0.032         0.015        -0.018
     51        -0.098         0.073         0.024        -0.041         0.025
     52         0.053         0.019         0.019        -0.001        -0.018
     53         0.019        -0.053         0.032        -0.006         0.012
     54         0.082         0.008        -0.017         0.100        -0.006
     55        -0.008         0.054         0.068        -0.056         0.010
     56         0.036        -0.062         0.146        -0.029        -0.004
     57        -0.011        -0.071         0.015        -0.043         0.043
     58        -0.035        -0.203        -0.007         0.100        -0.006
     59         0.023         0.179         0.027         0.155         0.011
     60         0.018         0.036         0.074        -0.011        -0.030
     61        -0.001         0.041        -0.027         0.021        -0.015
     62        -0.009        -0.024        -0.011         0.149         0.010
     63        -0.004        -0.001         0.026        -0.053         0.033
     64         0.017        -0.021        -0.062         0.023        -0.039
     65        -0.162         0.030        -0.010         0.019         0.021
     66        -0.685         0.043         0.110        -0.125         0.028
     67         0.065        -0.703        -0.043         0.012        -0.021
     68         0.080        -0.013        -0.607         0.047        -0.012
     69        -0.089        -0.023         0.051        -0.730         0.027
     70        -0.104        -0.032         0.034        -0.145         0.024
     71        -0.057        -0.033         0.001        -0.113         0.017
     72        -0.086        -0.026        -0.007        -0.137         0.033
     73        -0.009        -0.003         0.034        -0.008         0.049
     74         0.014        -0.171        -0.036         0.003         0.031
     75        -0.009        -0.002        -0.054         0.026         0.052
     76        -0.070         0.034         0.022        -0.013         0.053
     77        -0.056         0.002        -0.020         0.011        -0.016
     78         0.017         0.019         0.027        -0.019         0.089
     79        -0.103        -0.044         0.013        -0.110        -0.074
     80         0.043         0.000         0.010         0.077        -0.032
     81        -0.006         0.012         0.034        -0.019         0.015
     82         0.038        -0.005         0.102        -0.037         0.010
     83         0.015        -0.016        -0.036         0.005         0.006
     84         0.034        -0.065        -0.022         0.124        -0.006
     85         0.047         0.083         0.038         0.104        -0.074
     86        -0.020         0.033         0.067        -0.007         0.062
     87         0.051         0.033        -0.007         0.096        -0.048
     88         0.002         0.007        -0.026         0.096        -0.050
     89         0.050         0.008        -0.009         0.078        -0.047
     90         0.030        -0.008         0.015         0.042        -0.097
     91         0.005         0.041         0.021         0.090         0.001
     92        -0.169         0.058         0.017         0.024         0.000
     93         0.007        -0.314        -0.047        -0.055         0.031
     94         0.032        -0.023        -0.343         0.053        -0.012
     95        -0.049        -0.033         0.046        -0.372         0.063
     96        -0.042        -0.039        -0.009        -0.094        -0.043
     97         0.064         0.023        -0.032         0.092        -0.071
     98         0.010         0.005        -0.044        -0.004        -0.169
     99         0.038         0.032         0.010         0.088         0.162
    100         0.064        -0.005        -0.015         0.088        -0.107
    101         0.011         0.031        -0.021         0.019        -0.085
    102         0.012         0.090        -0.005         0.017        -0.106
    103         0.039         0.030         0.029         0.046        -0.042
    104         0.022        -0.004         0.003        -0.011         0.040
    105         0.040        -0.021         0.013        -0.043        -0.008
    106        -0.035        -0.005        -0.023         0.019        -0.041
    107         0.085         0.023        -0.002         0.107         0.063
    108        -0.044         0.009         0.012        -0.060         0.092
    109         0.005        -0.029        -0.035         0.001        -0.012
    110        -0.023         0.003        -0.093         0.008        -0.060
    111         0.017         0.028        -0.006         0.029        -0.087
    112        -0.042         0.048         0.010        -0.118        -0.018
    113        -0.043        -0.069         0.005        -0.093         0.121
    114         0.001        -0.041         0.020         0.016         0.121
    115        -0.040        -0.057         0.005        -0.092        -0.003
    116         0.042         0.027        -0.004        -0.015        -0.020
    117        -0.032        -0.016         0.015        -0.073         0.029
    118        -0.059        -0.001         0.035        -0.067         0.132
    119        -0.013        -0.032        -0.001        -0.092         0.017
    120         0.108        -0.056        -0.015        -0.026        -0.009
    121         0.020         0.198         0.020         0.071        -0.010
    122        -0.039        -0.022         0.207        -0.072         0.063
    123         0.070         0.024        -0.038         0.254        -0.103
    124         0.030         0.039        -0.067         0.008        -0.981
    125        -0.009         0.018         0.055         0.040         0.473
    126        -0.093        -0.091        -0.043        -0.173         0.045
    127         0.134         0.069        -0.023         0.224        -0.069
    128        -0.142        -0.059         0.027        -0.218         0.070
    129         0.079         0.043         0.000         0.134         0.029
    130        -0.038        -0.014         0.042        -0.037         0.131
    131        -0.004        -0.016         0.035         0.000         0.120
    132         0.116         0.081        -0.009         0.194        -0.071
    133        -0.042        -0.014         0.003        -0.043         0.054
    134        -0.019         0.012        -0.034        -0.010        -0.119


           ESTIMATED CORRELATION MATRIX FOR PARAMETER ESTIMATES
                 46            47            48            49            50
              ________      ________      ________      ________      ________
     46         1.000
     47        -0.148         1.000
     48         0.110        -0.056         1.000
     49        -0.034        -0.054         0.102         1.000
     50        -0.091         0.048         0.024         0.377         1.000
     51        -0.024         0.096         0.057        -0.075        -0.051
     52         0.059        -0.042         0.013        -0.001        -0.016
     53         0.031         0.006         0.169        -0.032        -0.011
     54         0.017        -0.023        -0.035         0.105        -0.001
     55         0.048         0.090         0.014        -0.067        -0.071
     56        -0.050         0.060        -0.094         0.033         0.044
     57         0.000         0.018         0.155        -0.034        -0.091
     58        -0.293        -0.130        -0.097         0.046         0.076
     59        -0.092         0.091        -0.037        -0.132        -0.170
     60         0.102         0.027         0.051         0.032         0.065
     61        -0.040        -0.015         0.102         0.037         0.109
     62        -0.111        -0.024         0.001        -0.012        -0.049
     63         0.060        -0.016         0.066        -0.064         0.065
     64         0.009        -0.028         0.014        -0.016        -0.066
     65        -0.022         0.079        -0.171         0.049        -0.021
     66         0.021         0.072        -0.022        -0.004        -0.013
     67        -0.106         0.035         0.358         0.074        -0.092
     68         0.037        -0.007         0.036         0.060        -0.037
     69         0.089         0.030        -0.032        -0.015        -0.006
     70         0.000         0.104         0.074        -0.002         0.015
     71         0.034         0.071         0.020        -0.002        -0.026
     72         0.211         0.033         0.080        -0.002         0.008
     73        -0.059         0.229        -0.041        -0.028         0.007
     74         0.056         0.003         0.333        -0.005        -0.021
     75         0.012         0.002         0.001         0.308         0.116
     76        -0.006         0.047        -0.007         0.106         0.282
     77         0.005         0.029         0.001        -0.022        -0.036
     78         0.011        -0.012         0.020        -0.041        -0.010
     79         0.006         0.064         0.106        -0.044         0.010
     80        -0.011        -0.022        -0.037         0.028         0.008
     81        -0.007         0.033        -0.010        -0.027        -0.034
     82        -0.004         0.023        -0.014         0.041         0.040
     83        -0.035        -0.006         0.034        -0.020        -0.032
     84        -0.089        -0.047        -0.044         0.042         0.020
     85        -0.053         0.015        -0.059        -0.056        -0.056
     86         0.005         0.003         0.032         0.024         0.036
     87         0.008        -0.083        -0.017         0.029         0.043
     88        -0.039        -0.037        -0.025        -0.013        -0.023
     89         0.014        -0.081        -0.027         0.034         0.062
     90        -0.009        -0.036         0.016         0.028        -0.013
     91        -0.005        -0.052        -0.092         0.020        -0.013
     92         0.023        -0.023        -0.047        -0.011         0.014
     93        -0.015         0.032         0.165         0.018        -0.056
     94         0.023        -0.041        -0.019         0.055         0.008
     95         0.032         0.030        -0.003        -0.052        -0.039
     96         0.003         0.050         0.055        -0.011        -0.031
     97        -0.003        -0.048        -0.052         0.019         0.005
     98        -0.006         0.005         0.006         0.033        -0.025
     99        -0.034        -0.043        -0.018         0.004         0.038
    100        -0.104        -0.016        -0.043         0.042         0.003
    101         0.054        -0.158         0.041         0.006        -0.039
    102        -0.025        -0.014        -0.175         0.017        -0.017
    103        -0.008        -0.031        -0.043        -0.122        -0.029
    104        -0.005        -0.028        -0.024        -0.087        -0.171
    105        -0.001        -0.014         0.052         0.029         0.019
    106        -0.005         0.036        -0.031         0.011        -0.004
    107        -0.007        -0.045        -0.082         0.047         0.012
    108         0.015        -0.001         0.045        -0.010         0.025
    109         0.008        -0.020         0.022         0.030         0.021
    110         0.003        -0.025         0.009        -0.002        -0.008
    111         0.018        -0.007        -0.050         0.034         0.016
    112         0.047         0.020         0.048        -0.041        -0.031
    113         0.045         0.008         0.032         0.024         0.061
    114        -0.006        -0.014        -0.004        -0.034        -0.001
    115        -0.012         0.047         0.046        -0.025        -0.066
    116         0.001         0.006         0.011         0.042         0.021
    117        -0.008         0.049         0.032        -0.028        -0.054
    118         0.014         0.021         0.022        -0.045        -0.012
    119         0.007         0.035         0.072        -0.036        -0.012
    120        -0.020        -0.002         0.047        -0.010        -0.030
    121         0.017        -0.057        -0.094        -0.008         0.029
    122        -0.011         0.032         0.032        -0.046         0.000
    123        -0.024        -0.056        -0.012         0.053         0.023
    124        -0.002         0.002         0.005         0.040         0.012
    125        -0.029        -0.028         0.001        -0.024         0.012
    126        -0.009         0.079         0.103         0.046        -0.090
    127         0.009        -0.120        -0.091         0.019         0.083
    128        -0.023         0.125         0.087        -0.023        -0.082
    129         0.000        -0.092        -0.073        -0.009         0.003
    130         0.003         0.032         0.020        -0.029         0.033
    131         0.006        -0.015         0.001        -0.035         0.003
    132         0.021        -0.102        -0.156         0.034         0.042
    133        -0.041        -0.008        -0.043         0.010        -0.075
    134         0.003         0.019        -0.005         0.033        -0.008


           ESTIMATED CORRELATION MATRIX FOR PARAMETER ESTIMATES
                 51            52            53            54            55
              ________      ________      ________      ________      ________
     51         1.000
     52        -0.596         1.000
     53         0.199         0.021         1.000
     54         0.101         0.035         0.138         1.000
     55         0.025         0.000         0.047        -0.016         1.000
     56        -0.123        -0.136        -0.097         0.032         0.026
     57         0.008        -0.065         0.060        -0.039         0.073
     58         0.105        -0.046        -0.059        -0.103        -0.055
     59         0.100        -0.093        -0.091         0.044         0.044
     60         0.012        -0.015        -0.006         0.001         0.047
     61         0.020        -0.036         0.049        -0.034         0.020
     62         0.056        -0.010        -0.043         0.041        -0.039
     63         0.005        -0.027         0.074        -0.007         0.071
     64        -0.042        -0.053         0.001         0.003         0.008
     65         0.092         0.013        -0.015         0.032        -0.016
     66         0.079        -0.034        -0.016        -0.096        -0.005
     67        -0.014        -0.043         0.059         0.026        -0.079
     68         0.001        -0.062        -0.034         0.037        -0.053
     69         0.005         0.039         0.008        -0.067         0.021
     70         0.011        -0.024         0.042        -0.111         0.077
     71        -0.005         0.002         0.003        -0.070         0.042
     72        -0.007         0.010         0.031        -0.082         0.047
     73         0.051        -0.008        -0.026         0.034        -0.001
     74         0.006         0.019         0.075        -0.027        -0.021
     75        -0.020        -0.054        -0.046         0.005        -0.030
     76        -0.030        -0.021         0.010        -0.022        -0.030
     77         0.264        -0.147         0.041         0.066        -0.023
     78        -0.135         0.253         0.006        -0.004        -0.003
     79         0.040        -0.011         0.235        -0.049         0.056
     80         0.046        -0.001         0.024         0.317        -0.030
     81        -0.020        -0.006         0.015        -0.023         0.583
     82        -0.058        -0.071        -0.029        -0.015         0.016
     83         0.019        -0.047         0.015        -0.032         0.039
     84         0.015        -0.012        -0.044        -0.002        -0.061
     85         0.019        -0.005        -0.018         0.036         0.018
     86         0.015        -0.006        -0.007        -0.051         0.028
     87        -0.018         0.032         0.005         0.041        -0.032
     88         0.005         0.021         0.012         0.061        -0.030
     89        -0.035         0.024         0.017         0.062        -0.055
     90        -0.036         0.001         0.014         0.029        -0.031
     91         0.019         0.014        -0.034         0.055        -0.057
     92         0.035         0.021        -0.012         0.041        -0.038
     93         0.019        -0.047         0.016         0.001        -0.006
     94        -0.013        -0.001        -0.013        -0.002        -0.052
     95         0.014         0.011        -0.009        -0.043         0.014
     96         0.000        -0.025         0.016        -0.075         0.059
     97         0.003         0.020        -0.024         0.084        -0.067
     98        -0.001         0.019        -0.005         0.023        -0.015
     99         0.013        -0.007         0.000         0.053        -0.035
    100        -0.003         0.019        -0.016         0.064        -0.042
    101        -0.062         0.043         0.011        -0.021         0.005
    102         0.017         0.001        -0.050         0.063        -0.017
    103         0.030         0.040         0.017         0.062        -0.024
    104         0.037        -0.024        -0.001         0.012         0.035
    105        -0.163         0.060        -0.031        -0.080         0.047
    106         0.080        -0.150         0.014        -0.002         0.000
    107        -0.027         0.025        -0.124         0.058        -0.059
    108        -0.043         0.000        -0.013        -0.287         0.022
    109         0.013        -0.004        -0.004         0.009        -0.510
    110         0.066         0.019         0.032         0.025        -0.030
    111        -0.004         0.049        -0.018         0.054        -0.061
    112        -0.005        -0.005         0.036        -0.047         0.075
    113        -0.029         0.009         0.014        -0.079         0.007
    114         0.014        -0.010         0.011         0.018        -0.005
    115         0.026        -0.021        -0.002        -0.022         0.034
    116        -0.006         0.004        -0.015        -0.003        -0.014
    117         0.019        -0.022        -0.012        -0.062         0.056
    118         0.013        -0.010         0.001        -0.057         0.047
    119        -0.022        -0.014         0.032        -0.074         0.066
    120        -0.041        -0.009         0.009        -0.047         0.046
    121         0.002         0.043        -0.001         0.046        -0.035
    122         0.008        -0.016         0.005        -0.046         0.066
    123         0.002         0.007         0.011         0.084        -0.042
    124        -0.011         0.019        -0.012         0.024        -0.001
    125         0.024        -0.013         0.008         0.022        -0.002
    126         0.082        -0.094         0.049        -0.125         0.055
    127        -0.082         0.095        -0.048         0.161        -0.097
    128         0.095        -0.109         0.045        -0.167         0.099
    129        -0.019         0.040        -0.033         0.100        -0.070
    130        -0.002        -0.026         0.015        -0.045         0.036
    131        -0.004        -0.018         0.006        -0.036         0.018
    132        -0.051         0.085        -0.107         0.183        -0.084
    133         0.062        -0.047        -0.018        -0.039        -0.020
    134        -0.014         0.019         0.005        -0.002        -0.003


           ESTIMATED CORRELATION MATRIX FOR PARAMETER ESTIMATES
                 56            57            58            59            60
              ________      ________      ________      ________      ________
     56         1.000
     57        -0.012         1.000
     58        -0.093        -0.144         1.000
     59         0.005        -0.007         0.132         1.000
     60         0.011         0.033        -0.013        -0.009         1.000
     61        -0.018         0.024        -0.021        -0.061         0.600
     62         0.208        -0.104        -0.042         0.121        -0.047
     63         0.013         0.080         0.073         0.055         0.053
     64         0.041         0.036         0.076         0.013         0.024
     65        -0.013        -0.071         0.015        -0.025         0.005
     66        -0.027         0.028         0.059        -0.074        -0.021
     67         0.044         0.046         0.401        -0.171        -0.064
     68        -0.155         0.019         0.030        -0.002        -0.095
     69         0.035         0.030        -0.174        -0.290         0.035
     70         0.033         0.173         0.028         0.021        -0.014
     71         0.003         0.127         0.001        -0.005        -0.005
     72         0.017         0.089        -0.019        -0.026        -0.004
     73        -0.020        -0.067        -0.002         0.027        -0.008
     74        -0.017         0.066        -0.018        -0.055         0.038
     75         0.054         0.005         0.045        -0.055         0.018
     76         0.060         0.000         0.032        -0.046         0.024
     77        -0.042        -0.008         0.007         0.020         0.007
     78        -0.085        -0.035        -0.003        -0.012        -0.006
     79        -0.003         0.128        -0.002         0.004        -0.027
     80         0.016        -0.078        -0.051         0.011        -0.043
     81         0.014         0.036        -0.010         0.023         0.018
     82         0.236         0.053        -0.021         0.015        -0.007
     83         0.023         0.243        -0.034        -0.002        -0.023
     84        -0.030        -0.113         0.166         0.024        -0.002
     85         0.011        -0.026         0.032         0.294         0.026
     86         0.005        -0.031        -0.011         0.021         0.237
     87        -0.034        -0.119        -0.034        -0.030         0.143
     88         0.037        -0.061        -0.037         0.033         0.023
     89        -0.007        -0.081        -0.029        -0.016         0.048
     90         0.024        -0.006        -0.012         0.005         0.028
     91        -0.031        -0.153        -0.011         0.000         0.017
     92        -0.058        -0.109        -0.006        -0.033         0.007
     93         0.013         0.065         0.059        -0.065        -0.054
     94        -0.036        -0.049         0.000        -0.032        -0.012
     95         0.015         0.010        -0.064        -0.095        -0.011
     96         0.015         0.144         0.011         0.002         0.004
     97        -0.018        -0.148        -0.007         0.001         0.010
     98        -0.007        -0.043         0.010         0.057        -0.003
     99         0.002        -0.103         0.007         0.008         0.009
    100        -0.012        -0.093         0.010         0.028        -0.006
    101         0.001         0.064        -0.026        -0.006         0.005
    102        -0.008        -0.108         0.015         0.042        -0.016
    103        -0.030        -0.106        -0.017         0.042        -0.018
    104        -0.004         0.047        -0.013         0.017        -0.040
    105         0.058         0.081         0.007        -0.026         0.023
    106         0.028         0.035         0.000         0.014         0.016
    107         0.006        -0.132         0.011        -0.002         0.017
    108         0.004         0.055         0.020        -0.052         0.053
    109         0.005        -0.005         0.015        -0.021        -0.016
    110        -0.165        -0.052         0.043         0.009        -0.003
    111        -0.032        -0.227         0.027         0.026         0.010
    112         0.031         0.143        -0.066         0.004         0.022
    113         0.006         0.062        -0.016        -0.221         0.003
    114        -0.008         0.037         0.010        -0.051        -0.105
    115         0.013         0.111         0.048         0.049        -0.101
    116        -0.035        -0.046         0.025         0.014         0.000
    117         0.005         0.113         0.015         0.018        -0.025
    118         0.007         0.081        -0.007        -0.001        -0.016
    119         0.027         0.150         0.000        -0.007        -0.018
    120         0.019         0.132         0.011         0.023        -0.011
    121        -0.020        -0.109        -0.028         0.026         0.041
    122         0.022         0.115         0.003        -0.026        -0.004
    123        -0.007        -0.081         0.040         0.091        -0.002
    124         0.005        -0.043        -0.001        -0.008         0.020
    125         0.008        -0.025         0.015         0.023        -0.004
    126         0.018         0.162         0.091         0.042        -0.075
    127        -0.026        -0.185        -0.087        -0.075         0.071
    128         0.018         0.196         0.096         0.090        -0.067
    129        -0.020        -0.166        -0.030        -0.010         0.010
    130         0.007         0.086         0.000        -0.032         0.001
    131         0.007         0.062        -0.014        -0.052         0.007
    132         0.030        -0.230        -0.081        -0.044         0.061
    133        -0.005        -0.056         0.066         0.036        -0.037
    134        -0.006         0.000        -0.007         0.065        -0.004


           ESTIMATED CORRELATION MATRIX FOR PARAMETER ESTIMATES
                 61            62            63            64            65
              ________      ________      ________      ________      ________
     61         1.000
     62        -0.071         1.000
     63         0.068        -0.025         1.000
     64         0.038        -0.017         0.311         1.000
     65        -0.048         0.010        -0.173         0.055         1.000
     66         0.002         0.034        -0.023        -0.023         0.215
     67        -0.031         0.037        -0.024         0.002        -0.029
     68         0.022         0.027         0.016         0.056        -0.005
     69         0.014        -0.156         0.015        -0.031        -0.048
     70         0.028        -0.075         0.112         0.038        -0.014
     71         0.017        -0.042         0.071         0.016         0.017
     72         0.029        -0.079         0.104         0.032         0.011
     73        -0.032         0.013        -0.045        -0.031         0.017
     74         0.034        -0.013         0.043         0.018        -0.062
     75         0.039        -0.036         0.053         0.049         0.032
     76         0.051        -0.035         0.115         0.009         0.000
     77        -0.015         0.018        -0.037        -0.032         0.021
     78         0.011         0.017         0.013         0.001         0.010
     79         0.047        -0.030         0.122         0.052        -0.025
     80        -0.027         0.049        -0.035         0.012        -0.013
     81         0.022        -0.012         0.012        -0.005        -0.012
     82        -0.017         0.025         0.033         0.036        -0.018
     83         0.024        -0.013         0.033         0.022        -0.049
     84        -0.050        -0.002        -0.070        -0.035         0.002
     85        -0.025         0.061        -0.021        -0.013         0.010
     86         0.163         0.009         0.058         0.011        -0.002
     87         0.227         0.041        -0.036        -0.052        -0.006
     88        -0.014         0.303        -0.050         0.008         0.012
     89         0.019         0.033         0.169         0.050        -0.030
     90        -0.019         0.028         0.044         0.229         0.013
     91        -0.025         0.061        -0.098        -0.012         0.244
     92         0.005         0.053        -0.056        -0.015         0.065
     93        -0.040        -0.039         0.015         0.005        -0.050
     94        -0.016         0.017        -0.032        -0.002        -0.008
     95        -0.017        -0.061         0.026        -0.015         0.000
     96         0.043        -0.036         0.074         0.029         0.004
     97        -0.036         0.045        -0.084        -0.032         0.003
     98        -0.002         0.008        -0.012        -0.015        -0.006
     99        -0.016         0.029        -0.057        -0.015        -0.016
    100        -0.024         0.032        -0.071        -0.025        -0.022
    101         0.024        -0.001         0.035         0.005        -0.012
    102        -0.028         0.028        -0.064        -0.018         0.032
    103        -0.052         0.048        -0.070        -0.054        -0.027
    104        -0.049         0.023        -0.060         0.001         0.003
    105         0.052        -0.031         0.089         0.023        -0.022
    106         0.001        -0.013        -0.018        -0.010         0.002
    107        -0.047         0.028        -0.108        -0.038         0.024
    108         0.063        -0.041         0.031        -0.015        -0.008
    109        -0.028         0.012        -0.005         0.001         0.007
    110         0.020        -0.021        -0.038        -0.008         0.019
    111        -0.036         0.019        -0.058        -0.018         0.031
    112         0.078        -0.015         0.081         0.021         0.005
    113         0.037        -0.052         0.067         0.033         0.001
    114        -0.077         0.002        -0.021         0.008        -0.005
    115        -0.119        -0.017         0.042         0.039        -0.010
    116         0.015        -0.164        -0.019        -0.027         0.004
    117         0.006        -0.037        -0.048        -0.008         0.027
    118         0.029        -0.032         0.008        -0.121        -0.006
    119         0.028        -0.033         0.091         0.014        -0.134
    120         0.026        -0.043         0.061         0.048        -0.035
    121         0.013         0.033        -0.066        -0.024         0.026
    122         0.024        -0.035         0.049         0.017         0.018
    123        -0.016         0.057        -0.062        -0.022        -0.024
    124         0.006         0.010        -0.022         0.007        -0.010
    125        -0.011         0.013        -0.009        -0.011        -0.010
    126         0.001        -0.128         0.129         0.070        -0.005
    127         0.012         0.137        -0.159        -0.050         0.008
    128        -0.005        -0.133         0.172         0.048        -0.015
    129        -0.035         0.064        -0.087        -0.036        -0.007
    130         0.011        -0.026         0.051         0.037         0.010
    131         0.012        -0.021         0.014         0.002         0.004
    132        -0.053         0.184        -0.165        -0.031         0.036
    133        -0.043        -0.060        -0.023        -0.006         0.011
    134         0.001        -0.003        -0.007         0.000        -0.005


           ESTIMATED CORRELATION MATRIX FOR PARAMETER ESTIMATES
                 66            67            68            69            70
              ________      ________      ________      ________      ________
     66         1.000
     67        -0.019         1.000
     68        -0.099         0.047         1.000
     69         0.049         0.003        -0.040         1.000
     70         0.102        -0.011        -0.018         0.084         1.000
     71         0.075         0.002        -0.004         0.064         0.478
     72         0.102        -0.007        -0.001         0.085         0.622
     73         0.004         0.007        -0.023        -0.004        -0.293
     74         0.024         0.155         0.011         0.003         0.159
     75         0.005         0.017         0.050        -0.029         0.171
     76         0.052        -0.053        -0.003        -0.014         0.245
     77         0.034         0.018        -0.017         0.011        -0.102
     78         0.016        -0.027         0.005         0.005        -0.011
     79         0.098        -0.005        -0.021         0.054         0.711
     80        -0.049         0.026        -0.025        -0.054        -0.300
     81         0.010        -0.020        -0.023         0.012         0.113
     82        -0.023        -0.005        -0.077         0.020         0.160
     83        -0.008         0.005        -0.001        -0.015         0.009
     84        -0.040         0.077        -0.001        -0.078        -0.408
     85        -0.052        -0.075        -0.045        -0.114        -0.082
     86        -0.006        -0.055        -0.025         0.014         0.036
     87        -0.056        -0.018         0.007        -0.049        -0.634
     88        -0.017        -0.008         0.007        -0.069        -0.291
     89        -0.059        -0.008         0.011        -0.039        -0.638
     90        -0.010        -0.005         0.001        -0.032        -0.155
     91         0.001        -0.023        -0.011        -0.053        -0.617
     92         0.171        -0.015        -0.057        -0.012        -0.530
     93         0.009         0.286         0.034         0.055         0.350
     94        -0.072         0.027         0.156        -0.013        -0.233
     95         0.043         0.016        -0.002         0.421         0.104
     96         0.066        -0.001        -0.006         0.061         0.853
     97        -0.066         0.008         0.012        -0.052        -0.884
     98         0.003        -0.005         0.018         0.010        -0.206
     99        -0.057        -0.008        -0.006        -0.048        -0.410
    100        -0.067         0.014        -0.001        -0.040        -0.602
    101        -0.011        -0.032         0.011        -0.005         0.320
    102        -0.029        -0.067         0.001        -0.014        -0.446
    103        -0.054        -0.013        -0.013        -0.030        -0.685
    104        -0.023         0.018        -0.006         0.007         0.079
    105        -0.019         0.008         0.007         0.030         0.448
    106         0.015         0.019         0.002        -0.012         0.060
    107        -0.083         0.018         0.001        -0.042        -0.776
    108         0.035        -0.020         0.016         0.055         0.231
    109        -0.005         0.025         0.015        -0.003         0.071
    110         0.011         0.002         0.053         0.020        -0.141
    111        -0.021        -0.007         0.007         0.000        -0.432
    112         0.057        -0.049         0.010         0.069         0.601
    113         0.059         0.036         0.004         0.108         0.340
    114        -0.013         0.054        -0.014        -0.021         0.109
    115         0.061         0.029        -0.007         0.049         0.695
    116        -0.018        -0.001        -0.001         0.025        -0.202
    117         0.049        -0.005        -0.017         0.044         0.773
    118         0.061        -0.011        -0.008         0.035         0.459
    119         0.023         0.009         0.009         0.035         0.735
    120        -0.075         0.017         0.044         0.008         0.681
    121        -0.041        -0.141        -0.002        -0.057        -0.694
    122         0.074         0.001        -0.112         0.031         0.650
    123        -0.083         0.005         0.010        -0.269        -0.496
    124        -0.016         0.007         0.010        -0.024        -0.011
    125        -0.014        -0.014        -0.011        -0.009        -0.066
    126         0.091         0.083         0.009         0.125         0.579
    127        -0.144        -0.045         0.008        -0.151        -0.637
    128         0.146         0.046        -0.013         0.143         0.645
    129        -0.089        -0.016         0.021        -0.091        -0.926
    130         0.031         0.009        -0.024         0.013         0.465
    131         0.001         0.006        -0.009         0.003         0.291
    132        -0.117        -0.068         0.002        -0.133        -0.603
    133         0.042         0.040         0.001         0.040        -0.530
    134         0.012        -0.035         0.013        -0.005         0.039


           ESTIMATED CORRELATION MATRIX FOR PARAMETER ESTIMATES
                 71            72            73            74            75
              ________      ________      ________      ________      ________
     71         1.000
     72         0.295         1.000
     73        -0.135        -0.258         1.000
     74         0.054         0.139        -0.029         1.000
     75         0.069         0.079        -0.066         0.091         1.000
     76         0.091         0.123        -0.022         0.070         0.421
     77        -0.086        -0.069         0.134         0.051        -0.162
     78        -0.002         0.064        -0.030         0.047        -0.037
     79         0.357         0.469        -0.187         0.158         0.127
     80        -0.122        -0.195         0.112        -0.085        -0.058
     81         0.041         0.075        -0.002         0.006         0.009
     82         0.091         0.045        -0.011        -0.063         0.093
     83         0.007        -0.012        -0.041         0.035         0.024
     84        -0.207        -0.428         0.004        -0.149        -0.003
     85        -0.043        -0.108         0.012        -0.074        -0.164
     86        -0.038         0.045        -0.026         0.052        -0.020
     87        -0.295        -0.395         0.114        -0.102        -0.149
     88        -0.081        -0.301         0.061        -0.039        -0.091
     89        -0.283        -0.352         0.153        -0.120        -0.110
     90        -0.058        -0.105         0.004        -0.005        -0.081
     91        -0.270        -0.374         0.195        -0.148        -0.105
     92        -0.252        -0.283         0.159        -0.085        -0.045
     93         0.159         0.131         0.031         0.406         0.144
     94        -0.113        -0.092         0.086        -0.018         0.032
     95         0.007         0.145        -0.034        -0.022         0.026
     96         0.455         0.528        -0.262         0.132         0.137
     97        -0.396        -0.550         0.273        -0.156        -0.159
     98        -0.010        -0.127         0.053        -0.077        -0.073
     99        -0.944        -0.248         0.134        -0.042        -0.045
    100        -0.234        -0.661         0.222        -0.147        -0.101
    101         0.196         0.241        -0.696         0.042         0.067
    102        -0.139        -0.313         0.131        -0.601        -0.131
    103        -0.320        -0.409         0.223        -0.145        -0.535
    104         0.019         0.071        -0.042         0.017        -0.184
    105         0.262         0.261        -0.215         0.020         0.164
    106         0.016        -0.008         0.031        -0.009         0.050
    107        -0.398        -0.504         0.225        -0.150        -0.132
    108         0.073         0.159        -0.100         0.103         0.085
    109         0.061         0.040        -0.051         0.018         0.029
    110        -0.052        -0.042         0.024         0.034        -0.042
    111        -0.165        -0.250         0.160        -0.127        -0.131
    112         0.302         0.483        -0.125         0.130         0.044
    113         0.147         0.242        -0.090         0.128         0.174
    114        -0.008         0.050        -0.016         0.051         0.059
    115         0.359         0.426        -0.177         0.111         0.120
    116        -0.105        -0.064         0.071        -0.057        -0.006
    117         0.363         0.449        -0.208         0.120         0.123
    118         0.181         0.294        -0.114         0.068         0.109
    119         0.335         0.457        -0.235         0.149         0.114
    120         0.327         0.381        -0.211         0.117         0.088
    121        -0.356        -0.374         0.141        -0.280        -0.159
    122         0.304         0.374        -0.195         0.119         0.090
    123        -0.201        -0.350         0.132        -0.072        -0.085
    124         0.014        -0.020        -0.052        -0.035        -0.054
    125        -0.718        -0.027         0.038         0.029         0.029
    126         0.312         0.357        -0.178         0.102         0.121
    127        -0.352        -0.398         0.181        -0.099        -0.107
    128         0.356         0.399        -0.181         0.104         0.109
    129        -0.492        -0.577         0.275        -0.148        -0.164
    130         0.154         0.286        -0.131         0.105         0.106
    131         0.081         0.170        -0.078         0.083         0.074
    132        -0.324        -0.376         0.177        -0.140        -0.093
    133        -0.251        -0.333         0.171        -0.114        -0.085
    134         0.103         0.012        -0.035        -0.044        -0.029


           ESTIMATED CORRELATION MATRIX FOR PARAMETER ESTIMATES
                 76            77            78            79            80
              ________      ________      ________      ________      ________
     76         1.000
     77        -0.148         1.000
     78        -0.030        -0.588         1.000
     79         0.171         0.075        -0.018         1.000
     80        -0.095         0.160         0.021        -0.084         1.000
     81        -0.074        -0.050         0.000         0.092        -0.024
     82         0.119        -0.135        -0.169         0.064        -0.042
     83         0.001        -0.005        -0.026         0.008         0.023
     84        -0.050         0.104        -0.045        -0.350         0.089
     85        -0.177         0.057        -0.066        -0.029         0.110
     86        -0.015         0.061        -0.045         0.074         0.020
     87        -0.164         0.069        -0.003        -0.398         0.208
     88        -0.077         0.110        -0.038        -0.143         0.107
     89        -0.057        -0.046         0.046        -0.438         0.214
     90        -0.136        -0.019        -0.009        -0.065         0.083
     91        -0.181         0.139        -0.007        -0.423         0.179
     92        -0.147         0.097         0.020        -0.345         0.164
     93         0.058         0.038        -0.100         0.215        -0.115
     94        -0.056         0.030        -0.080        -0.175         0.090
     95         0.049        -0.011         0.095         0.079        -0.077
     96         0.198        -0.092        -0.034         0.618        -0.262
     97        -0.219         0.095         0.015        -0.611         0.275
     98        -0.095         0.044         0.002        -0.103         0.076
     99        -0.056         0.063         0.021        -0.331         0.103
    100        -0.157         0.065        -0.013        -0.424         0.187
    101         0.024        -0.100         0.018         0.227        -0.110
    102        -0.151         0.012        -0.012        -0.318         0.181
    103        -0.334         0.146         0.043        -0.487         0.235
    104        -0.524         0.058        -0.003         0.035        -0.001
    105         0.185        -0.622         0.325         0.235        -0.189
    106         0.029         0.396        -0.679         0.045        -0.060
    107        -0.180        -0.005         0.027        -0.835         0.166
    108         0.102        -0.096        -0.042         0.055        -0.707
    109         0.106         0.028        -0.012         0.054        -0.027
    110        -0.066         0.089         0.109        -0.060         0.042
    111        -0.137         0.070         0.014        -0.295         0.122
    112         0.104        -0.094         0.012         0.480        -0.155
    113         0.213        -0.075         0.049         0.220        -0.183
    114         0.056        -0.041         0.021         0.019        -0.042
    115         0.145        -0.059        -0.001         0.476        -0.210
    116        -0.071        -0.016         0.033        -0.173         0.065
    117         0.135        -0.034        -0.043         0.527        -0.254
    118         0.196        -0.027        -0.016         0.281        -0.167
    119         0.183        -0.112        -0.014         0.516        -0.208
    120         0.164        -0.100        -0.031         0.462        -0.201
    121        -0.166         0.036         0.058        -0.468         0.222
    122         0.170        -0.082         0.003         0.436        -0.206
    123        -0.145         0.051        -0.040        -0.355         0.177
    124        -0.061         0.015        -0.082         0.083         0.033
    125         0.027         0.033         0.029        -0.119         0.000
    126         0.108        -0.030        -0.031         0.420        -0.200
    127        -0.131         0.044         0.027        -0.461         0.221
    128         0.141        -0.050        -0.018         0.468        -0.222
    129        -0.229         0.099         0.030        -0.671         0.276
    130         0.141        -0.053        -0.011         0.301        -0.127
    131         0.110        -0.058        -0.008         0.162        -0.115
    132        -0.133         0.051         0.017        -0.459         0.211
    133        -0.149         0.067        -0.004        -0.384         0.122
    134        -0.003         0.009         0.014         0.077         0.014


           ESTIMATED CORRELATION MATRIX FOR PARAMETER ESTIMATES
                 81            82            83            84            85
              ________      ________      ________      ________      ________
     81         1.000
     82         0.019         1.000
     83         0.028        -0.029         1.000
     84        -0.097        -0.130        -0.121         1.000
     85        -0.022        -0.021         0.012         0.167         1.000
     86         0.016        -0.004         0.011        -0.004         0.026
     87        -0.050        -0.114        -0.044         0.217         0.062
     88        -0.054         0.091        -0.006         0.102         0.180
     89        -0.080        -0.091         0.017         0.290         0.088
     90        -0.014         0.006         0.008         0.105         0.044
     91        -0.076        -0.120        -0.028         0.262         0.048
     92        -0.108        -0.161         0.028         0.226        -0.107
     93         0.004         0.098        -0.008         0.198        -0.132
     94        -0.053        -0.131         0.013         0.128        -0.014
     95         0.010         0.022        -0.064        -0.251        -0.391
     96         0.095         0.162         0.006        -0.372        -0.104
     97        -0.102        -0.146        -0.011         0.372         0.101
     98        -0.031        -0.039         0.004         0.097         0.051
     99        -0.034        -0.075        -0.001         0.163         0.027
    100        -0.071        -0.073         0.011         0.341         0.091
    101         0.008         0.028         0.055        -0.038        -0.012
    102        -0.044        -0.026        -0.025         0.231         0.116
    103        -0.068        -0.141        -0.037         0.263         0.169
    104         0.080        -0.006        -0.017        -0.078         0.089
    105         0.075         0.154         0.012        -0.219        -0.087
    106         0.006         0.125         0.016        -0.001         0.052
    107        -0.092        -0.104        -0.021         0.376         0.074
    108         0.023         0.040        -0.016        -0.058        -0.122
    109        -0.836         0.018        -0.010         0.019        -0.004
    110        -0.030        -0.639         0.003         0.108         0.022
    111        -0.066        -0.076        -0.548         0.246         0.059
    112         0.110         0.148         0.057        -0.717        -0.108
    113         0.052         0.068        -0.013        -0.210        -0.654
    114         0.016         0.015        -0.009        -0.055        -0.036
    115         0.057         0.122         0.015        -0.264        -0.055
    116        -0.011        -0.131        -0.014         0.115        -0.051
    117         0.091         0.143        -0.014        -0.337        -0.100
    118         0.057         0.073        -0.012        -0.220        -0.068
    119         0.091         0.135         0.031        -0.340        -0.083
    120         0.108         0.160        -0.012        -0.296         0.031
    121        -0.058        -0.136         0.002         0.139         0.162
    122         0.084         0.152        -0.016        -0.284        -0.082
    123        -0.064        -0.097         0.036         0.322         0.271
    124        -0.007        -0.011        -0.005        -0.002         0.077
    125         0.020        -0.039        -0.001         0.022        -0.044
    126         0.059         0.109         0.019        -0.210        -0.068
    127        -0.082        -0.121        -0.031         0.236         0.069
    128         0.081         0.124         0.033        -0.240        -0.068
    129        -0.102        -0.170        -0.008         0.395         0.097
    130         0.060         0.091         0.010        -0.215        -0.075
    131         0.040         0.052        -0.022        -0.125        -0.064
    132        -0.077        -0.094        -0.057         0.234         0.070
    133        -0.058        -0.077         0.017         0.242         0.048
    134        -0.020        -0.005         0.004        -0.012         0.025


           ESTIMATED CORRELATION MATRIX FOR PARAMETER ESTIMATES
                 86            87            88            89            90
              ________      ________      ________      ________      ________
     86         1.000
     87         0.395         1.000
     88         0.022         0.202         1.000
     89         0.011         0.421         0.188         1.000
     90        -0.026         0.115         0.080         0.299         1.000
     91         0.013         0.374         0.198         0.325         0.125
     92         0.004         0.349         0.151         0.319         0.069
     93        -0.041        -0.275        -0.119        -0.284        -0.099
     94        -0.143         0.135         0.068         0.179         0.012
     95         0.006        -0.038        -0.145        -0.147        -0.109
     96         0.021        -0.534        -0.231        -0.554        -0.124
     97        -0.040         0.561         0.241         0.585         0.156
     98        -0.022         0.139         0.026         0.168         0.079
     99         0.034         0.238         0.054         0.240         0.021
    100        -0.054         0.378         0.200         0.384         0.128
    101         0.024        -0.150        -0.069        -0.152        -0.001
    102        -0.055         0.289         0.105         0.299         0.085
    103        -0.017         0.450         0.214         0.445         0.132
    104        -0.011        -0.060         0.001        -0.138         0.035
    105        -0.007        -0.272        -0.171        -0.219        -0.038
    106         0.048        -0.013         0.017        -0.082        -0.036
    107        -0.060         0.455         0.171         0.482         0.092
    108         0.032        -0.135        -0.072        -0.179        -0.080
    109        -0.001        -0.071         0.011        -0.044        -0.015
    110        -0.016         0.099        -0.056         0.100         0.025
    111        -0.030         0.280         0.087         0.278         0.077
    112         0.021        -0.345        -0.156        -0.391        -0.104
    113         0.029        -0.203        -0.185        -0.240        -0.082
    114        -0.352        -0.242         0.007        -0.117        -0.048
    115        -0.225        -0.773        -0.201        -0.458        -0.103
    116         0.007         0.131        -0.529         0.144         0.023
    117         0.002        -0.503        -0.216        -0.777        -0.214
    118         0.040        -0.286        -0.151        -0.421        -0.655
    119         0.011        -0.460        -0.208        -0.441        -0.133
    120         0.001        -0.454        -0.178        -0.436        -0.107
    121        -0.002         0.471         0.206         0.486         0.136
    122         0.066        -0.408        -0.164        -0.449        -0.113
    123        -0.045         0.284         0.184         0.383         0.147
    124        -0.055         0.042         0.053         0.040         0.094
    125         0.053         0.005        -0.043         0.010        -0.089
    126         0.012        -0.366        -0.197        -0.351        -0.072
    127        -0.015         0.404         0.227         0.388         0.091
    128         0.015        -0.412        -0.230        -0.390        -0.099
    129        -0.023         0.579         0.256         0.593         0.139
    130         0.029        -0.291        -0.092        -0.319        -0.085
    131         0.024        -0.192        -0.056        -0.221        -0.092
    132        -0.007         0.364         0.236         0.354         0.099
    133        -0.028         0.330         0.088         0.345         0.081
    134         0.010        -0.012        -0.038         0.030         0.019


           ESTIMATED CORRELATION MATRIX FOR PARAMETER ESTIMATES
                 91            92            93            94            95
              ________      ________      ________      ________      ________
     91         1.000
     92         0.457         1.000
     93        -0.222        -0.168         1.000
     94         0.097         0.089        -0.038         1.000
     95        -0.058        -0.007         0.112        -0.053         1.000
     96        -0.526        -0.445         0.304        -0.186         0.110
     97         0.553         0.469        -0.318         0.197        -0.085
     98         0.151         0.117        -0.101         0.030        -0.008
     99         0.231         0.210        -0.147         0.101         0.016
    100         0.385         0.293        -0.170         0.089        -0.089
    101        -0.211        -0.162         0.018        -0.076         0.025
    102         0.310         0.246        -0.358         0.080        -0.028
    103         0.420         0.341        -0.288         0.105        -0.080
    104        -0.058        -0.044         0.050        -0.007        -0.011
    105        -0.311        -0.261         0.116        -0.101         0.048
    106        -0.040        -0.042         0.078         0.027        -0.073
    107         0.477         0.388        -0.244         0.159        -0.097
    108        -0.126        -0.113         0.090        -0.058         0.045
    109        -0.040         0.006         0.062         0.000         0.010
    110         0.104         0.132        -0.071         0.076        -0.005
    111         0.291         0.214        -0.168         0.067        -0.004
    112        -0.385        -0.324         0.005        -0.137         0.170
    113        -0.210        -0.071         0.212        -0.047         0.256
    114        -0.102        -0.080         0.093         0.028        -0.017
    115        -0.426        -0.382         0.284        -0.159         0.052
    116         0.129         0.110        -0.068         0.031         0.034
    117        -0.448        -0.403         0.309        -0.183         0.130
    118        -0.303        -0.235         0.187        -0.097         0.121
    119        -0.776        -0.465         0.263        -0.129         0.087
    120        -0.501        -0.759         0.248        -0.132         0.037
    121         0.431         0.365        -0.658         0.157        -0.116
    122        -0.386        -0.329         0.251        -0.511         0.081
    123         0.316         0.229        -0.216         0.112        -0.542
    124        -0.005        -0.002        -0.032         0.000        -0.059
    125         0.035         0.032        -0.027         0.022         0.060
    126        -0.364        -0.349         0.232        -0.118         0.084
    127         0.396         0.354        -0.232         0.146        -0.104
    128        -0.411        -0.355         0.228        -0.146         0.098
    129         0.574         0.485        -0.327         0.207        -0.115
    130        -0.297        -0.235         0.178        -0.100         0.026
    131        -0.203        -0.170         0.134        -0.049         0.032
    132         0.395         0.345        -0.226         0.134        -0.091
    133         0.330         0.274        -0.196         0.122        -0.044
    134        -0.016        -0.011        -0.036        -0.016        -0.026


           ESTIMATED CORRELATION MATRIX FOR PARAMETER ESTIMATES
                 96            97            98            99           100
              ________      ________      ________      ________      ________
     96         1.000
     97        -0.853         1.000
     98        -0.106         0.499         1.000
     99        -0.444         0.378        -0.003         1.000
    100        -0.557         0.788         0.690         0.216         1.000
    101         0.383        -0.278         0.174        -0.219        -0.149
    102        -0.422         0.605         0.585         0.129         0.635
    103        -0.772         0.750         0.276         0.303         0.550
    104         0.043        -0.264        -0.602        -0.027        -0.408
    105         0.527        -0.458        -0.057        -0.254        -0.285
    106         0.055        -0.135        -0.251        -0.027        -0.162
    107        -0.805         0.797         0.204         0.394         0.577
    108         0.191        -0.328        -0.343        -0.063        -0.330
    109         0.100        -0.079        -0.010        -0.066        -0.049
    110        -0.128         0.236         0.308         0.047         0.215
    111        -0.416         0.577         0.551         0.153         0.548
    112         0.680        -0.600        -0.062        -0.290        -0.483
    113         0.348        -0.449        -0.418        -0.116        -0.449
    114         0.010        -0.350        -0.847         0.018        -0.516
    115         0.755        -0.633         0.085        -0.336        -0.337
    116        -0.215         0.354         0.550         0.108         0.388
    117         0.841        -0.826        -0.243        -0.346        -0.567
    118         0.482        -0.551        -0.323        -0.164        -0.456
    119         0.768        -0.810        -0.338        -0.322        -0.615
    120         0.712        -0.721        -0.229        -0.322        -0.488
    121        -0.773         0.712         0.145         0.342         0.432
    122         0.673        -0.794        -0.562        -0.293        -0.669
    123        -0.531         0.601         0.425         0.173         0.568
    124         0.060         0.064         0.183        -0.196         0.106
    125        -0.141        -0.002        -0.188         0.814        -0.079
    126         0.479        -0.417        -0.008        -0.243        -0.250
    127        -0.496         0.469         0.027         0.275         0.291
    128         0.487        -0.476        -0.030        -0.277        -0.291
    129        -0.909         0.833         0.178         0.439         0.572
    130         0.361        -0.674        -0.900        -0.120        -0.756
    131         0.258        -0.581        -0.915        -0.088        -0.697
    132        -0.461         0.443         0.029         0.248         0.275
    133        -0.604         0.619         0.210         0.271         0.455
    134         0.114         0.201         0.777        -0.105         0.435


           ESTIMATED CORRELATION MATRIX FOR PARAMETER ESTIMATES
                101           102           103           104           105
              ________      ________      ________      ________      ________
    101         1.000
    102        -0.080         1.000
    103        -0.279         0.475         1.000
    104        -0.100        -0.306         0.040         1.000
    105         0.278        -0.180        -0.485        -0.068         1.000
    106        -0.069        -0.129        -0.109         0.144        -0.461
    107        -0.289         0.438         0.651        -0.108        -0.324
    108         0.054        -0.327        -0.247         0.158         0.127
    109         0.085        -0.041        -0.088        -0.079         0.024
    110         0.025         0.149         0.169        -0.154        -0.188
    111        -0.083         0.500         0.449        -0.313        -0.234
    112         0.190        -0.327        -0.480         0.056         0.399
    113         0.026        -0.383        -0.422         0.098         0.227
    114        -0.188        -0.444        -0.176         0.525         0.005
    115         0.287        -0.234        -0.561        -0.069         0.386
    116         0.026         0.374         0.225        -0.352        -0.047
    117         0.255        -0.427        -0.685         0.161         0.410
    118         0.122        -0.344        -0.439         0.099         0.218
    119         0.299        -0.494        -0.640         0.185         0.420
    120         0.259        -0.407        -0.568         0.113         0.405
    121        -0.186         0.531         0.666        -0.035        -0.394
    122         0.155        -0.555        -0.593         0.321         0.355
    123        -0.101         0.406         0.491        -0.197        -0.261
    124         0.097         0.109         0.035        -0.038         0.015
    125        -0.117        -0.111         0.024         0.060        -0.097
    126         0.176        -0.211        -0.366         0.012         0.236
    127        -0.183         0.222         0.372        -0.019        -0.257
    128         0.184        -0.228        -0.370         0.013         0.257
    129        -0.323         0.435         0.717        -0.074        -0.476
    130        -0.048        -0.631        -0.450         0.529         0.185
    131        -0.104        -0.593        -0.357         0.552         0.137
    132        -0.175         0.238         0.346         0.001        -0.249
    133        -0.235         0.349         0.502        -0.069        -0.320
    134         0.241         0.386         0.067        -0.505         0.072


           ESTIMATED CORRELATION MATRIX FOR PARAMETER ESTIMATES
                106           107           108           109           110
              ________      ________      ________      ________      ________
    106         1.000
    107        -0.074         1.000
    108         0.173        -0.116         1.000
    109         0.015        -0.077         0.032         1.000
    110        -0.181         0.105        -0.117        -0.015         1.000
    111        -0.160         0.407        -0.230        -0.028         0.201
    112        -0.004        -0.608         0.080        -0.014        -0.146
    113         0.024        -0.326         0.303         0.002        -0.157
    114         0.184        -0.096         0.241         0.004        -0.240
    115        -0.035        -0.602         0.065         0.105        -0.049
    116        -0.167         0.248        -0.200        -0.064         0.292
    117         0.090        -0.701         0.239         0.090        -0.169
    118         0.077        -0.408         0.206         0.071        -0.139
    119         0.108        -0.687         0.235         0.063        -0.178
    120         0.079        -0.595         0.164         0.004        -0.183
    121        -0.089         0.621        -0.179        -0.108         0.135
    122         0.137        -0.599         0.291         0.055        -0.301
    123        -0.077         0.486        -0.254        -0.038         0.189
    124         0.035        -0.076        -0.099         0.009         0.062
    125         0.012         0.120         0.066        -0.050        -0.028
    126         0.005        -0.402         0.118         0.048        -0.022
    127        -0.013         0.440        -0.139        -0.028         0.041
    128         0.008        -0.443         0.138         0.026        -0.048
    129        -0.073         0.770        -0.205        -0.091         0.139
    130         0.241        -0.408         0.338         0.032        -0.305
    131         0.238        -0.305         0.339         0.010        -0.295
    132        -0.003         0.430        -0.125        -0.025         0.033
    133        -0.060         0.545        -0.126        -0.069         0.126
    134        -0.213        -0.022        -0.231         0.031         0.217


           ESTIMATED CORRELATION MATRIX FOR PARAMETER ESTIMATES
                111           112           113           114           115
              ________      ________      ________      ________      ________
    111         1.000
    112        -0.335         1.000
    113        -0.310         0.281         1.000
    114        -0.419        -0.006         0.312         1.000
    115        -0.233         0.505         0.164         0.045         1.000
    116         0.371        -0.143        -0.157        -0.478        -0.060
    117        -0.406         0.585         0.358         0.154         0.657
    118        -0.330         0.370         0.266         0.215         0.318
    119        -0.467         0.556         0.345         0.234         0.568
    120        -0.375         0.502         0.185         0.153         0.568
    121         0.348        -0.332        -0.379        -0.080        -0.626
    122        -0.521         0.447         0.404         0.402         0.448
    123         0.351        -0.475        -0.608        -0.299        -0.314
    124         0.088         0.032        -0.127        -0.137         0.016
    125        -0.059        -0.071         0.068         0.151        -0.086
    126        -0.201         0.310         0.145        -0.022         0.399
    127         0.222        -0.340        -0.160         0.012        -0.425
    128        -0.220         0.341         0.159        -0.004         0.428
    129         0.429        -0.615        -0.350        -0.085        -0.690
    130        -0.603         0.243         0.456         0.744         0.132
    131        -0.553         0.174         0.429         0.766         0.049
    132         0.224        -0.325        -0.157         0.002        -0.389
    133         0.310        -0.419        -0.268        -0.122        -0.443
    134         0.361         0.086        -0.269        -0.685         0.232


           ESTIMATED CORRELATION MATRIX FOR PARAMETER ESTIMATES
                116           117           118           119           120
              ________      ________      ________      ________      ________
    116         1.000
    117        -0.239         1.000
    118        -0.203         0.565         1.000
    119        -0.271         0.655         0.459         1.000
    120        -0.192         0.634         0.386         0.694         1.000
    121         0.157        -0.704        -0.403        -0.613        -0.582
    122        -0.399         0.653         0.468         0.624         0.554
    123         0.251        -0.533        -0.410        -0.501        -0.387
    124         0.018        -0.019        -0.128        -0.010         0.014
    125        -0.012        -0.042         0.096        -0.035        -0.050
    126        -0.052         0.373         0.204         0.371         0.384
    127         0.047        -0.406        -0.230        -0.410        -0.395
    128        -0.046         0.405         0.232         0.417         0.394
    129         0.228        -0.771        -0.448        -0.728        -0.672
    130        -0.543         0.432         0.401         0.501         0.389
    131        -0.522         0.349         0.358         0.430         0.321
    132         0.035        -0.372        -0.218        -0.396        -0.378
    133         0.226        -0.554        -0.345        -0.517        -0.463
    134         0.418        -0.025        -0.132        -0.090        -0.026


           ESTIMATED CORRELATION MATRIX FOR PARAMETER ESTIMATES
                121           122           123           124           125
              ________      ________      ________      ________      ________
    121         1.000
    122        -0.575         1.000
    123         0.468        -0.534         1.000
    124         0.001        -0.056         0.100         1.000
    125         0.082        -0.002        -0.050        -0.499         1.000
    126        -0.387         0.280        -0.246        -0.047        -0.054
    127         0.400        -0.317         0.280         0.068         0.055
    128        -0.400         0.316        -0.277        -0.066        -0.055
    129         0.715        -0.652         0.518        -0.042         0.136
    130        -0.341         0.676        -0.507        -0.139         0.126
    131        -0.255         0.613        -0.473        -0.130         0.125
    132         0.381        -0.297         0.256         0.078         0.042
    133         0.493        -0.498         0.360        -0.067         0.067
    134        -0.038        -0.316         0.260         0.133        -0.171


           ESTIMATED CORRELATION MATRIX FOR PARAMETER ESTIMATES
                126           127           128           129           130
              ________      ________      ________      ________      ________
    126         1.000
    127        -0.951         1.000
    128         0.905        -0.978         1.000
    129        -0.615         0.634        -0.621         1.000
    130         0.161        -0.189         0.192        -0.446         1.000
    131         0.079        -0.097         0.098        -0.275         0.805
    132        -0.869         0.920        -0.923         0.586        -0.183
    133         0.174        -0.154         0.142         0.512        -0.359
    134         0.014        -0.014         0.021        -0.057        -0.637


           ESTIMATED CORRELATION MATRIX FOR PARAMETER ESTIMATES
                131           132           133           134
              ________      ________      ________      ________
    131         1.000
    132        -0.093         1.000
    133        -0.262        -0.120         1.000
    134        -0.711        -0.013        -0.046         1.000


TECHNICAL 4 OUTPUT


     ESTIMATES DERIVED FROM THE MODEL


           ESTIMATED MEANS FOR THE LATENT VARIABLES
              SX            IX            IY            SY            X1
              ________      ________      ________      ________      ________
                0.243         0.004        -0.006         0.134         0.004


           ESTIMATED MEANS FOR THE LATENT VARIABLES
              Y1            Z0            C1            C2            C3
              ________      ________      ________      ________      ________
               -0.006         0.000         0.496         0.195         0.435


           ESTIMATED MEANS FOR THE LATENT VARIABLES
              C4            C5            C6            C7            C8
              ________      ________      ________      ________      ________
                0.308         0.243         3.159         7.142         0.202


           ESTIMATED MEANS FOR THE LATENT VARIABLES
              C9            C10           C11           C12           C13
              ________      ________      ________      ________      ________
                0.079         0.004         0.108         2.210         0.687


           ESTIMATED MEANS FOR THE LATENT VARIABLES
              C14           C15           C16           C17           C18
              ________      ________      ________      ________      ________
                0.539         0.318         0.434         0.829         0.233


           ESTIMATED MEANS FOR THE LATENT VARIABLES
              C19           C20           C21           C22           C23
              ________      ________      ________      ________      ________
                0.186         0.109         0.212         0.684         0.291


           ESTIMATED MEANS FOR THE LATENT VARIABLES
              C24
              ________
                3.715


           S.E. FOR ESTIMATED MEANS FOR THE LATENT VARIABLES
              SX            IX            IY            SY            X1
              ________      ________      ________      ________      ________
                0.028         0.020         0.018         0.028         0.021


           S.E. FOR ESTIMATED MEANS FOR THE LATENT VARIABLES
              Y1            Z0            C1            C2            C3
              ________      ________      ________      ________      ________
                0.018         0.019         0.006         0.007         0.011


           S.E. FOR ESTIMATED MEANS FOR THE LATENT VARIABLES
              C4            C5            C6            C7            C8
              ________      ________      ________      ________      ________
                0.010         0.009         0.025         0.101         0.009


           S.E. FOR ESTIMATED MEANS FOR THE LATENT VARIABLES
              C9            C10           C11           C12           C13
              ________      ________      ________      ________      ________
                0.006         0.001         0.006         0.019         0.024


           S.E. FOR ESTIMATED MEANS FOR THE LATENT VARIABLES
              C14           C15           C16           C17           C18
              ________      ________      ________      ________      ________
                0.011         0.008         0.009         0.007         0.008


           S.E. FOR ESTIMATED MEANS FOR THE LATENT VARIABLES
              C19           C20           C21           C22           C23
              ________      ________      ________      ________      ________
                0.007         0.006         0.008         0.010         0.017


           S.E. FOR ESTIMATED MEANS FOR THE LATENT VARIABLES
              C24
              ________
                0.091


           EST./S.E. FOR ESTIMATED MEANS FOR THE LATENT VARIABLES
              SX            IX            IY            SY            X1
              ________      ________      ________      ________      ________
                8.554         0.189        -0.341         4.794         0.184


           EST./S.E. FOR ESTIMATED MEANS FOR THE LATENT VARIABLES
              Y1            Z0            C1            C2            C3
              ________      ________      ________      ________      ________
               -0.337         0.000        81.445        26.231        40.461


           EST./S.E. FOR ESTIMATED MEANS FOR THE LATENT VARIABLES
              C4            C5            C6            C7            C8
              ________      ________      ________      ________      ________
               30.756        26.583       127.417        70.788        23.336


           EST./S.E. FOR ESTIMATED MEANS FOR THE LATENT VARIABLES
              C9            C10           C11           C12           C13
              ________      ________      ________      ________      ________
               13.344         3.752        18.253       116.168        28.250


           EST./S.E. FOR ESTIMATED MEANS FOR THE LATENT VARIABLES
              C14           C15           C16           C17           C18
              ________      ________      ________      ________      ________
               49.847        37.945        47.065       119.446        27.798


           EST./S.E. FOR ESTIMATED MEANS FOR THE LATENT VARIABLES
              C19           C20           C21           C22           C23
              ________      ________      ________      ________      ________
               24.807        17.614        27.139        70.111        17.118


           EST./S.E. FOR ESTIMATED MEANS FOR THE LATENT VARIABLES
              C24
              ________
               40.656


           TWO-TAILED P-VALUE FOR ESTIMATED MEANS FOR THE LATENT VARIABLES
              SX            IX            IY            SY            X1
              ________      ________      ________      ________      ________
                0.000         0.850         0.733         0.000         0.854


           TWO-TAILED P-VALUE FOR ESTIMATED MEANS FOR THE LATENT VARIABLES
              Y1            Z0            C1            C2            C3
              ________      ________      ________      ________      ________
                0.736         1.000         0.000         0.000         0.000


           TWO-TAILED P-VALUE FOR ESTIMATED MEANS FOR THE LATENT VARIABLES
              C4            C5            C6            C7            C8
              ________      ________      ________      ________      ________
                0.000         0.000         0.000         0.000         0.000


           TWO-TAILED P-VALUE FOR ESTIMATED MEANS FOR THE LATENT VARIABLES
              C9            C10           C11           C12           C13
              ________      ________      ________      ________      ________
                0.000         0.000         0.000         0.000         0.000


           TWO-TAILED P-VALUE FOR ESTIMATED MEANS FOR THE LATENT VARIABLES
              C14           C15           C16           C17           C18
              ________      ________      ________      ________      ________
                0.000         0.000         0.000         0.000         0.000


           TWO-TAILED P-VALUE FOR ESTIMATED MEANS FOR THE LATENT VARIABLES
              C19           C20           C21           C22           C23
              ________      ________      ________      ________      ________
                0.000         0.000         0.000         0.000         0.000


           TWO-TAILED P-VALUE FOR ESTIMATED MEANS FOR THE LATENT VARIABLES
              C24
              ________
                0.000


           ESTIMATED COVARIANCE MATRIX FOR THE LATENT VARIABLES
              SX            IX            IY            SY            X1
              ________      ________      ________      ________      ________
 SX             0.123
 IX            -0.009         0.258
 IY            -0.035        -0.116         0.452
 SY            -0.037        -0.002         0.029         0.136
 X1            -0.007         0.276        -0.128        -0.005         0.990
 Y1            -0.036        -0.124         0.458         0.030        -0.162
 Z0            -0.011        -0.128         0.096         0.024        -0.261
 C1             0.009        -0.023        -0.084         0.003        -0.021
 C2            -0.004         0.025        -0.062         0.004         0.028
 C3            -0.003         0.024        -0.078         0.002         0.028
 C4             0.025        -0.002        -0.028         0.036        -0.001
 C5            -0.012        -0.019         0.075        -0.035        -0.023
 C6            -0.049         0.009         0.091         0.048        -0.003
 C7            -0.143        -0.041         0.508        -0.063        -0.087
 C8             0.012        -0.042         0.008        -0.003        -0.041
 C9             0.000         0.015        -0.007        -0.009         0.017
 C10           -0.001         0.000         0.001         0.001         0.000
 C11           -0.010        -0.003         0.000         0.014        -0.005
 C12            0.016         0.035        -0.147         0.044         0.043
 C13           -0.029         0.091        -0.247         0.036         0.101
 C14           -0.005        -0.007         0.043        -0.036        -0.011
 C15            0.006        -0.033         0.162        -0.055        -0.039
 C16           -0.013         0.048        -0.130         0.032         0.051
 C17            0.016         0.010        -0.055         0.020         0.014
 C18           -0.013         0.042        -0.010         0.010         0.047
 C19           -0.004        -0.013         0.029         0.011        -0.020
 C20           -0.009         0.029        -0.006        -0.010         0.033
 C21           -0.014         0.017         0.020        -0.001         0.015
 C22            0.019        -0.036         0.071         0.003        -0.040
 C23           -0.062         0.013         0.195        -0.079         0.009
 C24            0.045         0.133        -0.445        -0.002         0.147


           ESTIMATED COVARIANCE MATRIX FOR THE LATENT VARIABLES
              Y1            Z0            C1            C2            C3
              ________      ________      ________      ________      ________
 Y1             1.016
 Z0             0.158         1.000
 C1            -0.085        -0.010         0.250
 C2            -0.063        -0.019         0.035         0.157
 C3            -0.080        -0.035        -0.009         0.041         0.246
 C4            -0.028        -0.001         0.000         0.003        -0.015
 C5             0.077         0.027         0.005        -0.018        -0.025
 C6             0.096         0.093        -0.038        -0.060        -0.108
 C7             0.530         0.345        -0.144        -0.206        -0.466
 C8             0.007        -0.011        -0.002        -0.003        -0.002
 C9            -0.008        -0.015         0.002         0.006         0.016
 C10            0.001         0.000        -0.001        -0.001        -0.001
 C11            0.000         0.013         0.001        -0.002         0.012
 C12           -0.150        -0.055         0.040         0.024         0.003
 C13           -0.251        -0.077         0.126         0.192         0.231
 C14            0.045         0.027        -0.003        -0.010        -0.022
 C15            0.165         0.041        -0.030        -0.022        -0.022
 C16           -0.132        -0.019         0.030         0.018         0.003
 C17           -0.057        -0.032         0.036         0.011         0.000
 C18           -0.012        -0.042        -0.010        -0.007        -0.005
 C19            0.032         0.057         0.001        -0.004        -0.021
 C20           -0.007        -0.025        -0.002        -0.001         0.016
 C21            0.021         0.021        -0.014        -0.007        -0.004
 C22            0.073         0.032        -0.008        -0.063        -0.113
 C23            0.197         0.031        -0.050        -0.021        -0.008
 C24           -0.452        -0.106         0.073         0.248         0.369


           ESTIMATED COVARIANCE MATRIX FOR THE LATENT VARIABLES
              C4            C5            C6            C7            C8
              ________      ________      ________      ________      ________
 C4             0.213
 C5            -0.075         0.184
 C6             0.073         0.031         1.375
 C7             0.201         0.194         3.684        22.449
 C8            -0.013         0.004        -0.138        -0.326         0.161
 C9            -0.009        -0.003        -0.038        -0.126        -0.016
 C10           -0.001         0.002         0.002         0.011        -0.001
 C11           -0.002        -0.008         0.083         0.338         0.000
 C12           -0.006         0.009        -0.009         0.013         0.010
 C13           -0.026        -0.075        -0.279        -1.035         0.021
 C14            0.003         0.037         0.012         0.183         0.008
 C15            0.000         0.011         0.018         0.117         0.001
 C16            0.002        -0.008         0.000        -0.001        -0.008
 C17            0.001        -0.004        -0.060        -0.183        -0.001
 C18            0.011        -0.012         0.016        -0.013         0.000
 C19            0.001         0.013         0.052         0.219        -0.006
 C20           -0.003        -0.001        -0.035        -0.121         0.004
 C21           -0.011         0.015         0.013         0.074        -0.004
 C22            0.004         0.029         0.085         0.366        -0.005
 C23           -0.016         0.019         0.082         0.491         0.003
 C24           -0.061        -0.035        -0.632        -2.092         0.058


           ESTIMATED COVARIANCE MATRIX FOR THE LATENT VARIABLES
              C9            C10           C11           C12           C13
              ________      ________      ________      ________      ________
 C9             0.073
 C10            0.000         0.004
 C11           -0.003         0.000         0.096
 C12           -0.001        -0.001         0.003         1.054
 C13            0.042         0.000         0.039         0.236         1.541
 C14           -0.014         0.002        -0.003         0.003        -0.083
 C15           -0.004         0.000         0.002        -0.050        -0.080
 C16            0.003         0.000        -0.001         0.053         0.044
 C17            0.004         0.000        -0.024         0.016         0.029
 C18           -0.001         0.000        -0.004         0.000        -0.050
 C19           -0.005         0.000        -0.002        -0.013        -0.058
 C20            0.004         0.000        -0.001         0.010         0.014
 C21            0.000         0.001         0.008        -0.003        -0.016
 C22           -0.012         0.001        -0.017        -0.049        -0.356
 C23           -0.003         0.001         0.050        -0.040        -0.055
 C24            0.041         0.004        -0.010         0.586         1.733


           ESTIMATED COVARIANCE MATRIX FOR THE LATENT VARIABLES
              C14           C15           C16           C17           C18
              ________      ________      ________      ________      ________
 C14            0.248
 C15            0.003         0.217
 C16            0.002        -0.138         0.246
 C17           -0.028        -0.008         0.008         0.142
 C18           -0.006        -0.002        -0.003        -0.001         0.179
 C19            0.018         0.007        -0.006        -0.006        -0.043
 C20            0.001        -0.002         0.003         0.003         0.027
 C21            0.039         0.004        -0.004        -0.019        -0.007
 C22            0.036         0.023        -0.004        -0.002         0.018
 C23            0.021         0.089        -0.065        -0.032        -0.003
 C24            0.691        -0.133         0.050         0.082         0.002


           ESTIMATED COVARIANCE MATRIX FOR THE LATENT VARIABLES
              C19           C20           C21           C22           C23
              ________      ________      ________      ________      ________
 C19            0.151
 C20           -0.013         0.097
 C21            0.013        -0.023         0.167
 C22            0.022        -0.007         0.006         0.216
 C23            0.008         0.016         0.034         0.004         0.925
 C24           -0.026         0.063         0.045        -0.427        -0.077


           ESTIMATED COVARIANCE MATRIX FOR THE LATENT VARIABLES
              C24
              ________
 C24           17.918


           S.E. FOR ESTIMATED COVARIANCE MATRIX FOR THE LATENT VARIABLES
              SX            IX            IY            SY            X1
              ________      ________      ________      ________      ________
 SX             0.107
 IX             0.088         0.075
 IY             0.034         0.029         0.034
 SY             0.051         0.042         0.050         0.086
 X1             0.090         0.075         0.030         0.046         0.032
 Y1             0.035         0.030         0.034         0.050         0.020
 Z0             0.095         0.075         0.050         0.082         0.025
 C1             0.010         0.007         0.008         0.012         0.007
 C2             0.009         0.007         0.006         0.009         0.007
 C3             0.013         0.010         0.009         0.014         0.010
 C4             0.011         0.009         0.008         0.012         0.009
 C5             0.011         0.009         0.008         0.012         0.009
 C6             0.029         0.022         0.021         0.033         0.021
 C7             0.115         0.085         0.089         0.135         0.085
 C8             0.011         0.008         0.008         0.011         0.009
 C9             0.006         0.005         0.005         0.006         0.005
 C10            0.001         0.001         0.001         0.001         0.001
 C11            0.007         0.005         0.006         0.010         0.005
 C12            0.025         0.018         0.019         0.029         0.019
 C13            0.030         0.026         0.022         0.029         0.026
 C14            0.013         0.010         0.009         0.013         0.010
 C15            0.011         0.008         0.008         0.013         0.008
 C16            0.011         0.009         0.008         0.012         0.009
 C17            0.010         0.007         0.007         0.011         0.007
 C18            0.010         0.008         0.008         0.011         0.008
 C19            0.010         0.008         0.008         0.012         0.007
 C20            0.007         0.006         0.006         0.008         0.006
 C21            0.010         0.007         0.007         0.011         0.007
 C22            0.012         0.009         0.008         0.012         0.009
 C23            0.024         0.016         0.025         0.033         0.016
 C24            0.113         0.085         0.074         0.100         0.086


           S.E. FOR ESTIMATED COVARIANCE MATRIX FOR THE LATENT VARIABLES
              Y1            Z0            C1            C2            C3
              ________      ________      ________      ________      ________
 Y1             0.029
 Z0             0.022         0.074
 C1             0.008         0.008         0.000
 C2             0.006         0.006         0.003         0.005
 C3             0.009         0.009         0.003         0.004         0.001
 C4             0.008         0.008         0.003         0.003         0.005
 C5             0.008         0.009         0.003         0.003         0.004
 C6             0.021         0.022         0.008         0.008         0.012
 C7             0.089         0.099         0.030         0.036         0.049
 C8             0.008         0.008         0.002         0.003         0.004
 C9             0.005         0.004         0.002         0.002         0.003
 C10            0.001         0.001         0.001         0.000         0.001
 C11            0.006         0.006         0.002         0.002         0.003
 C12            0.019         0.018         0.008         0.007         0.009
 C13            0.022         0.020         0.009         0.013         0.012
 C14            0.009         0.010         0.003         0.004         0.005
 C15            0.008         0.009         0.004         0.003         0.004
 C16            0.008         0.009         0.004         0.004         0.005
 C17            0.007         0.007         0.003         0.002         0.003
 C18            0.007         0.006         0.003         0.003         0.004
 C19            0.007         0.009         0.003         0.003         0.004
 C20            0.006         0.004         0.002         0.002         0.003
 C21            0.007         0.007         0.003         0.003         0.004
 C22            0.008         0.008         0.003         0.004         0.004
 C23            0.025         0.019         0.008         0.006         0.009
 C24            0.074         0.070         0.026         0.038         0.046


           S.E. FOR ESTIMATED COVARIANCE MATRIX FOR THE LATENT VARIABLES
              C4            C5            C6            C7            C8
              ________      ________      ________      ________      ________
 C4             0.004
 C5             0.003         0.005
 C6             0.012         0.011         0.046
 C7             0.046         0.044         0.139         1.123
 C8             0.004         0.004         0.009         0.040         0.005
 C9             0.002         0.002         0.006         0.026         0.001
 C10            0.000         0.001         0.002         0.008         0.000
 C11            0.003         0.002         0.009         0.036         0.002
 C12            0.009         0.008         0.023         0.092         0.008
 C13            0.010         0.009         0.024         0.096         0.011
 C14            0.005         0.004         0.012         0.050         0.004
 C15            0.004         0.004         0.010         0.041         0.003
 C16            0.004         0.004         0.011         0.043         0.004
 C17            0.003         0.003         0.009         0.035         0.003
 C18            0.004         0.003         0.010         0.038         0.003
 C19            0.003         0.003         0.009         0.039         0.003
 C20            0.003         0.003         0.007         0.025         0.003
 C21            0.003         0.004         0.009         0.039         0.003
 C22            0.005         0.004         0.011         0.044         0.004
 C23            0.008         0.008         0.020         0.096         0.007
 C24            0.040         0.039         0.096         0.358         0.036


           S.E. FOR ESTIMATED COVARIANCE MATRIX FOR THE LATENT VARIABLES
              C9            C10           C11           C12           C13
              ________      ________      ________      ________      ________
 C9             0.005
 C10            0.000         0.001
 C11            0.001         0.000         0.005
 C12            0.005         0.001         0.006         0.024
 C13            0.009         0.002         0.010         0.023         0.132
 C14            0.003         0.001         0.003         0.009         0.012
 C15            0.002         0.001         0.003         0.008         0.009
 C16            0.003         0.001         0.003         0.009         0.011
 C17            0.002         0.000         0.003         0.007         0.009
 C18            0.002         0.000         0.002         0.008         0.009
 C19            0.002         0.000         0.002         0.007         0.007
 C20            0.002         0.000         0.002         0.006         0.007
 C21            0.002         0.001         0.003         0.008         0.010
 C22            0.003         0.000         0.003         0.009         0.013
 C23            0.004         0.001         0.009         0.019         0.019
 C24            0.026         0.006         0.024         0.077         0.176


           S.E. FOR ESTIMATED COVARIANCE MATRIX FOR THE LATENT VARIABLES
              C14           C15           C16           C17           C18
              ________      ________      ________      ________      ________
 C14            0.001
 C15            0.004         0.003
 C16            0.005         0.003         0.001
 C17            0.003         0.003         0.003         0.005
 C18            0.004         0.003         0.004         0.003         0.004
 C19            0.004         0.003         0.003         0.003         0.002
 C20            0.003         0.003         0.003         0.002         0.003
 C21            0.004         0.003         0.004         0.003         0.003
 C22            0.005         0.004         0.004         0.003         0.004
 C23            0.008         0.010         0.008         0.008         0.007
 C24            0.041         0.033         0.038         0.026         0.042


           S.E. FOR ESTIMATED COVARIANCE MATRIX FOR THE LATENT VARIABLES
              C19           C20           C21           C22           C23
              ________      ________      ________      ________      ________
 C19            0.005
 C20            0.002         0.005
 C21            0.003         0.001         0.004
 C22            0.003         0.003         0.004         0.004
 C23            0.007         0.007         0.008         0.008         0.079
 C24            0.033         0.036         0.033         0.042         0.064


           S.E. FOR ESTIMATED COVARIANCE MATRIX FOR THE LATENT VARIABLES
              C24
              ________
 C24            1.898


           EST./S.E. FOR ESTIMATED COVARIANCE MATRIX FOR THE LATENT VARIABLES
              SX            IX            IY            SY            X1
              ________      ________      ________      ________      ________
 SX             1.148
 IX            -0.098         3.461
 IY            -1.031        -3.930        13.421
 SY            -0.720        -0.053         0.573         1.567
 X1            -0.080         3.683        -4.254        -0.117        31.179
 Y1            -1.011        -4.158        13.540         0.604        -8.146
 Z0            -0.112        -1.707         1.918         0.292       -10.636
 C1             0.971        -3.168       -11.145         0.266        -2.913
 C2            -0.466         3.465        -9.750         0.401         3.803
 C3            -0.268         2.400        -8.772         0.116         2.897
 C4             2.267        -0.189        -3.496         2.972        -0.164
 C5            -1.043        -2.246         9.255        -2.915        -2.670
 C6            -1.698         0.415         4.384         1.441        -0.159
 C7            -1.242        -0.475         5.728        -0.464        -1.013
 C8             1.146        -5.016         1.030        -0.240        -4.746
 C9             0.038         3.049        -1.387        -1.461         3.457
 C10           -0.542        -0.424         1.451         0.601        -0.484
 C11           -1.489        -0.650        -0.056         1.473        -0.982
 C12            0.657         1.917        -7.796         1.525         2.288
 C13           -0.947         3.532       -11.299         1.270         3.939
 C14           -0.362        -0.713         4.791        -2.690        -1.066
 C15            0.583        -4.023        19.680        -4.244        -4.823
 C16           -1.124         5.576       -16.467         2.593         5.766
 C17            1.639         1.322        -7.569         1.770         1.945
 C18           -1.214         5.173        -1.292         0.888         6.142
 C19           -0.439        -1.697         3.802         0.903        -3.065
 C20           -1.248         4.923        -1.018        -1.264         5.624
 C21           -1.435         2.358         2.651        -0.084         1.982
 C22            1.594        -3.824         8.853         0.218        -4.299
 C23           -2.549         0.823         7.939        -2.421         0.552
 C24            0.398         1.571        -6.017        -0.018         1.707


           EST./S.E. FOR ESTIMATED COVARIANCE MATRIX FOR THE LATENT VARIABLES
              Y1            Z0            C1            C2            C3
              ________      ________      ________      ________      ________
 Y1            35.021
 Z0             7.025        13.449
 C1           -11.160        -1.235      5169.019
 C2            -9.965        -3.049        11.268        34.650
 C3            -9.142        -3.763        -2.956        10.954       176.446
 C4            -3.478        -0.164         0.166         0.967        -2.989
 C5             9.454         3.072         1.923        -6.265        -5.525
 C6             4.649         4.295        -4.951        -7.449        -9.004
 C7             5.935         3.475        -4.810        -5.760        -9.571
 C8             0.928        -1.278        -0.851        -0.931        -0.548
 C9            -1.574        -3.876         1.190         2.835         5.230
 C10            1.460         0.547        -1.044        -3.732        -1.179
 C11            0.087         2.290         0.301        -0.973         3.868
 C12           -7.983        -3.111         4.800         3.443         0.340
 C13          -11.607        -3.941        14.099        14.839        19.109
 C14            4.994         2.813        -1.121        -2.765        -4.028
 C15           19.962         4.666        -7.797        -7.346        -5.376
 C16          -16.405        -2.078         7.480         5.185         0.732
 C17           -7.845        -4.361        11.544         4.431        -0.073
 C18           -1.672        -6.539        -3.081        -2.357        -1.256
 C19            4.607         6.288         0.296        -1.354        -5.856
 C20           -1.314        -6.207        -0.943        -0.659         4.968
 C21            2.819         2.776        -4.319        -2.324        -1.078
 C22            9.197         3.821        -2.459       -15.974       -25.103
 C23            7.950         1.611        -6.093        -3.266        -0.977
 C24           -6.097        -1.516         2.785         6.563         8.000


           EST./S.E. FOR ESTIMATED COVARIANCE MATRIX FOR THE LATENT VARIABLES
              C4            C5            C6            C7            C8
              ________      ________      ________      ________      ________
 C4            55.463
 C5           -25.270        39.102
 C6             6.334         2.904        30.106
 C7             4.330         4.427        26.542        19.993
 C8            -3.422         1.054       -16.162        -8.242        31.237
 C9            -3.450        -1.314        -5.895        -4.750       -12.425
 C10           -2.537         2.719         1.322         1.354        -1.693
 C11           -0.844        -3.722         9.358         9.322        -0.136
 C12           -0.701         1.038        -0.397         0.144         1.327
 C13           -2.569        -8.599       -11.526       -10.748         1.907
 C14            0.632         8.438         0.959         3.683         1.762
 C15           -0.065         3.088         1.883         2.874         0.258
 C16            0.525        -1.985        -0.044        -0.026        -2.316
 C17            0.180        -1.207        -6.597        -5.213        -0.190
 C18            2.671        -3.526         1.602        -0.352         0.086
 C19            0.291         3.826         5.507         5.541        -2.236
 C20           -1.219        -0.540        -5.287        -4.774         1.610
 C21           -3.034         4.299         1.354         1.925        -1.191
 C22            0.811         7.649         7.838         8.397        -1.158
 C23           -2.116         2.395         4.100         5.133         0.394
 C24           -1.516        -0.893        -6.598        -5.845         1.596


           EST./S.E. FOR ESTIMATED COVARIANCE MATRIX FOR THE LATENT VARIABLES
              C9            C10           C11           C12           C13
              ________      ________      ________      ________      ________
 C9            14.604
 C10           -3.633         3.768
 C11           -2.326         0.378        20.753
 C12           -0.286        -0.467         0.520        44.345
 C13            4.638        -0.113         4.058        10.169        11.654
 C14           -4.641         3.135        -0.996         0.303        -6.705
 C15           -1.714         0.306         0.941        -5.909        -8.449
 C16            1.356        -0.039        -0.411         5.821         3.942
 C17            2.055         0.304        -8.434         2.203         3.405
 C18           -0.619        -0.936        -1.628        -0.034        -5.285
 C19           -2.971        -0.458        -0.935        -1.877        -8.212
 C20            1.834        -0.541        -0.431         1.598         1.862
 C21           -0.149         1.878         3.290        -0.454        -1.649
 C22           -3.904         2.583        -5.557        -5.735       -27.443
 C23           -0.602         0.828         5.753        -2.090        -2.937
 C24            1.606         0.688        -0.398         7.620         9.846


           EST./S.E. FOR ESTIMATED COVARIANCE MATRIX FOR THE LATENT VARIABLES
              C14           C15           C16           C17           C18
              ________      ________      ________      ________      ________
 C14          296.332
 C15            0.812        71.083
 C16            0.394       -45.638       201.054
 C17           -8.417        -2.464         2.451        31.138
 C18           -1.534        -0.492        -0.899        -0.239        39.932
 C19            4.975         2.007        -1.707        -2.176       -21.076
 C20            0.262        -0.652         1.218         1.395         8.214
 C21           10.509         1.133        -1.242        -6.191        -2.215
 C22            7.387         5.965        -1.012        -0.514         4.977
 C23            2.556         9.344        -8.533        -4.246        -0.373
 C24           16.710        -4.068         1.299         3.091         0.043


           EST./S.E. FOR ESTIMATED COVARIANCE MATRIX FOR THE LATENT VARIABLES
              C19           C20           C21           C22           C23
              ________      ________      ________      ________      ________
 C19           32.154
 C20           -7.722        20.070
 C21            4.269       -15.958        37.101
 C22            6.992        -2.492         1.739        60.270
 C23            1.114         2.353         4.236         0.434        11.683
 C24           -0.787         1.769         1.364       -10.122        -1.192


           EST./S.E. FOR ESTIMATED COVARIANCE MATRIX FOR THE LATENT VARIABLES
              C24
              ________
 C24            9.439


           TWO-TAILED P-VALUE FOR ESTIMATED COVARIANCE MATRIX FOR THE LATENT VARIABLES
              SX            IX            IY            SY            X1
              ________      ________      ________      ________      ________
 SX             0.251
 IX             0.922         0.001
 IY             0.303         0.000         0.000
 SY             0.472         0.958         0.567         0.117
 X1             0.936         0.000         0.000         0.907         0.000
 Y1             0.312         0.000         0.000         0.546         0.000
 Z0             0.911         0.088         0.055         0.770         0.000
 C1             0.331         0.002         0.000         0.791         0.004
 C2             0.641         0.001         0.000         0.688         0.000
 C3             0.789         0.016         0.000         0.908         0.004
 C4             0.023         0.850         0.000         0.003         0.870
 C5             0.297         0.025         0.000         0.004         0.008
 C6             0.090         0.678         0.000         0.149         0.873
 C7             0.214         0.635         0.000         0.643         0.311
 C8             0.252         0.000         0.303         0.810         0.000
 C9             0.969         0.002         0.165         0.144         0.001
 C10            0.588         0.671         0.147         0.548         0.629
 C11            0.137         0.516         0.955         0.141         0.326
 C12            0.511         0.055         0.000         0.127         0.022
 C13            0.344         0.000         0.000         0.204         0.000
 C14            0.717         0.476         0.000         0.007         0.286
 C15            0.560         0.000         0.000         0.000         0.000
 C16            0.261         0.000         0.000         0.010         0.000
 C17            0.101         0.186         0.000         0.077         0.052
 C18            0.225         0.000         0.196         0.374         0.000
 C19            0.661         0.090         0.000         0.367         0.002
 C20            0.212         0.000         0.309         0.206         0.000
 C21            0.151         0.018         0.008         0.933         0.047
 C22            0.111         0.000         0.000         0.828         0.000
 C23            0.011         0.411         0.000         0.015         0.581
 C24            0.690         0.116         0.000         0.985         0.088


           TWO-TAILED P-VALUE FOR ESTIMATED COVARIANCE MATRIX FOR THE LATENT VARIABLES
              Y1            Z0            C1            C2            C3
              ________      ________      ________      ________      ________
 Y1             0.000
 Z0             0.000         0.000
 C1             0.000         0.217         0.000
 C2             0.000         0.002         0.000         0.000
 C3             0.000         0.000         0.003         0.000         0.000
 C4             0.001         0.870         0.868         0.333         0.003
 C5             0.000         0.002         0.054         0.000         0.000
 C6             0.000         0.000         0.000         0.000         0.000
 C7             0.000         0.001         0.000         0.000         0.000
 C8             0.354         0.201         0.395         0.352         0.584
 C9             0.116         0.000         0.234         0.005         0.000
 C10            0.144         0.585         0.297         0.000         0.238
 C11            0.931         0.022         0.764         0.331         0.000
 C12            0.000         0.002         0.000         0.001         0.734
 C13            0.000         0.000         0.000         0.000         0.000
 C14            0.000         0.005         0.262         0.006         0.000
 C15            0.000         0.000         0.000         0.000         0.000
 C16            0.000         0.038         0.000         0.000         0.464
 C17            0.000         0.000         0.000         0.000         0.942
 C18            0.094         0.000         0.002         0.018         0.209
 C19            0.000         0.000         0.767         0.176         0.000
 C20            0.189         0.000         0.346         0.510         0.000
 C21            0.005         0.006         0.000         0.020         0.281
 C22            0.000         0.000         0.014         0.000         0.000
 C23            0.000         0.107         0.000         0.001         0.329
 C24            0.000         0.130         0.005         0.000         0.000


           TWO-TAILED P-VALUE FOR ESTIMATED COVARIANCE MATRIX FOR THE LATENT VARIABLES
              C4            C5            C6            C7            C8
              ________      ________      ________      ________      ________
 C4             0.000
 C5             0.000         0.000
 C6             0.000         0.004         0.000
 C7             0.000         0.000         0.000         0.000
 C8             0.001         0.292         0.000         0.000         0.000
 C9             0.001         0.189         0.000         0.000         0.000
 C10            0.011         0.007         0.186         0.176         0.090
 C11            0.398         0.000         0.000         0.000         0.891
 C12            0.483         0.299         0.691         0.886         0.184
 C13            0.010         0.000         0.000         0.000         0.057
 C14            0.527         0.000         0.337         0.000         0.078
 C15            0.949         0.002         0.060         0.004         0.797
 C16            0.600         0.047         0.965         0.979         0.021
 C17            0.857         0.227         0.000         0.000         0.849
 C18            0.008         0.000         0.109         0.725         0.932
 C19            0.771         0.000         0.000         0.000         0.025
 C20            0.223         0.589         0.000         0.000         0.107
 C21            0.002         0.000         0.176         0.054         0.234
 C22            0.417         0.000         0.000         0.000         0.247
 C23            0.034         0.017         0.000         0.000         0.694
 C24            0.130         0.372         0.000         0.000         0.110


           TWO-TAILED P-VALUE FOR ESTIMATED COVARIANCE MATRIX FOR THE LATENT VARIABLES
              C9            C10           C11           C12           C13
              ________      ________      ________      ________      ________
 C9             0.000
 C10            0.000         0.000
 C11            0.020         0.706         0.000
 C12            0.775         0.641         0.603         0.000
 C13            0.000         0.910         0.000         0.000         0.000
 C14            0.000         0.002         0.319         0.762         0.000
 C15            0.086         0.760         0.347         0.000         0.000
 C16            0.175         0.969         0.681         0.000         0.000
 C17            0.040         0.761         0.000         0.028         0.001
 C18            0.536         0.349         0.103         0.973         0.000
 C19            0.003         0.647         0.350         0.060         0.000
 C20            0.067         0.588         0.666         0.110         0.063
 C21            0.882         0.060         0.001         0.650         0.099
 C22            0.000         0.010         0.000         0.000         0.000
 C23            0.547         0.408         0.000         0.037         0.003
 C24            0.108         0.492         0.691         0.000         0.000


           TWO-TAILED P-VALUE FOR ESTIMATED COVARIANCE MATRIX FOR THE LATENT VARIABLES
              C14           C15           C16           C17           C18
              ________      ________      ________      ________      ________
 C14            0.000
 C15            0.417         0.000
 C16            0.693         0.000         0.000
 C17            0.000         0.014         0.014         0.000
 C18            0.125         0.623         0.369         0.811         0.000
 C19            0.000         0.045         0.088         0.030         0.000
 C20            0.793         0.515         0.223         0.163         0.000
 C21            0.000         0.257         0.214         0.000         0.027
 C22            0.000         0.000         0.311         0.607         0.000
 C23            0.011         0.000         0.000         0.000         0.709
 C24            0.000         0.000         0.194         0.002         0.965


           TWO-TAILED P-VALUE FOR ESTIMATED COVARIANCE MATRIX FOR THE LATENT VARIABLES
              C19           C20           C21           C22           C23
              ________      ________      ________      ________      ________
 C19            0.000
 C20            0.000         0.000
 C21            0.000         0.000         0.000
 C22            0.000         0.013         0.082         0.000
 C23            0.265         0.019         0.000         0.664         0.000
 C24            0.431         0.077         0.173         0.000         0.233


           TWO-TAILED P-VALUE FOR ESTIMATED COVARIANCE MATRIX FOR THE LATENT VARIABLES
              C24
              ________
 C24            0.000


           ESTIMATED CORRELATION MATRIX FOR THE LATENT VARIABLES
              SX            IX            IY            SY            X1
              ________      ________      ________      ________      ________
 SX             1.000
 IX            -0.048         1.000
 IY            -0.149        -0.339         1.000
 SY            -0.287        -0.012         0.116         1.000
 X1            -0.021         0.545        -0.192        -0.015         1.000
 Y1            -0.102        -0.241         0.676         0.082        -0.161
 Z0            -0.030        -0.252         0.142         0.065        -0.263
 C1             0.053        -0.089        -0.250         0.017        -0.043
 C2            -0.031         0.125        -0.234         0.024         0.070
 C3            -0.020         0.094        -0.233         0.009         0.057
 C4             0.153        -0.007        -0.091         0.213        -0.003
 C5            -0.078        -0.088         0.262        -0.220        -0.054
 C6            -0.120         0.015         0.115         0.111        -0.003
 C7            -0.086        -0.017         0.160        -0.036        -0.018
 C8             0.087        -0.207         0.029        -0.018        -0.102
 C9             0.003         0.111        -0.037        -0.092         0.064
 C10           -0.033        -0.011         0.033         0.026        -0.006
 C11           -0.097        -0.021        -0.002         0.126        -0.016
 C12            0.046         0.068        -0.213         0.118         0.042
 C13           -0.066         0.144        -0.296         0.079         0.082
 C14           -0.027        -0.028         0.129        -0.196        -0.022
 C15            0.039        -0.141         0.519        -0.322        -0.084
 C16           -0.073         0.192        -0.392         0.177         0.103
 C17            0.123         0.051        -0.216         0.142         0.037
 C18           -0.086         0.195        -0.034         0.063         0.113
 C19           -0.033        -0.065         0.110         0.076        -0.053
 C20           -0.079         0.184        -0.027        -0.088         0.105
 C21           -0.096         0.084         0.072        -0.006         0.036
 C22            0.118        -0.150         0.229         0.015        -0.086
 C23           -0.184         0.027         0.302        -0.223         0.009
 C24            0.030         0.062        -0.157        -0.001         0.035


           ESTIMATED CORRELATION MATRIX FOR THE LATENT VARIABLES
              Y1            Z0            C1            C2            C3
              ________      ________      ________      ________      ________
 Y1             1.000
 Z0             0.156         1.000
 C1            -0.168        -0.019         1.000
 C2            -0.159        -0.048         0.176         1.000
 C3            -0.160        -0.070        -0.036         0.210         1.000
 C4            -0.061        -0.003         0.002         0.018        -0.064
 C5             0.178         0.063         0.024        -0.105        -0.116
 C6             0.082         0.079        -0.064        -0.130        -0.186
 C7             0.111         0.073        -0.061        -0.110        -0.198
 C8             0.017        -0.027        -0.010        -0.018        -0.012
 C9            -0.028        -0.054         0.014         0.060         0.120
 C10            0.022         0.007        -0.018        -0.032        -0.020
 C11            0.002         0.042         0.005        -0.017         0.075
 C12           -0.145        -0.053         0.078         0.060         0.006
 C13           -0.201        -0.062         0.204         0.390         0.375
 C14            0.089         0.054        -0.013        -0.052        -0.087
 C15            0.352         0.089        -0.130        -0.120        -0.095
 C16           -0.264        -0.039         0.120         0.092         0.014
 C17           -0.149        -0.084         0.189         0.071        -0.001
 C18           -0.029        -0.099        -0.045        -0.042        -0.025
 C19            0.083         0.147         0.005        -0.024        -0.109
 C20           -0.023        -0.081        -0.014        -0.012         0.102
 C21            0.051         0.050        -0.068        -0.040        -0.021
 C22            0.157         0.068        -0.032        -0.342        -0.488
 C23            0.204         0.032        -0.104        -0.055        -0.017
 C24           -0.106        -0.025         0.035         0.148         0.176


           ESTIMATED CORRELATION MATRIX FOR THE LATENT VARIABLES
              C4            C5            C6            C7            C8
              ________      ________      ________      ________      ________
 C4             1.000
 C5            -0.378         1.000
 C6             0.135         0.061         1.000
 C7             0.092         0.096         0.663         1.000
 C8            -0.070         0.023        -0.293        -0.171         1.000
 C9            -0.069        -0.026        -0.120        -0.098        -0.148
 C10           -0.034         0.072         0.027         0.036        -0.021
 C11           -0.016        -0.063         0.228         0.231        -0.003
 C12           -0.013         0.020        -0.008         0.003         0.025
 C13           -0.045        -0.140        -0.192        -0.176         0.042
 C14            0.014         0.175         0.020         0.078         0.038
 C15           -0.001         0.057         0.033         0.053         0.005
 C16            0.010        -0.036        -0.001         0.000        -0.043
 C17            0.003        -0.023        -0.135        -0.103        -0.004
 C18            0.055        -0.066         0.032        -0.007         0.002
 C19            0.006         0.079         0.113         0.119        -0.041
 C20           -0.023        -0.010        -0.096        -0.082         0.034
 C21           -0.056         0.087         0.026         0.038        -0.022
 C22            0.017         0.146         0.155         0.166        -0.025
 C23           -0.036         0.046         0.073         0.108         0.007
 C24           -0.031        -0.019        -0.127        -0.104         0.034


           ESTIMATED CORRELATION MATRIX FOR THE LATENT VARIABLES
              C9            C10           C11           C12           C13
              ________      ________      ________      ________      ________
 C9             1.000
 C10           -0.019         1.000
 C11           -0.036         0.007         1.000
 C12           -0.005        -0.009         0.010         1.000
 C13            0.124        -0.003         0.101         0.185         1.000
 C14           -0.104         0.051        -0.019         0.006        -0.133
 C15           -0.031         0.006         0.017        -0.105        -0.138
 C16            0.026        -0.001        -0.007         0.104         0.071
 C17            0.035         0.005        -0.203         0.041         0.063
 C18           -0.012        -0.014        -0.028        -0.001        -0.095
 C19           -0.050        -0.007        -0.016        -0.033        -0.120
 C20            0.046        -0.008        -0.008         0.030         0.035
 C21           -0.003         0.046         0.066        -0.008        -0.031
 C22           -0.092         0.034        -0.116        -0.102        -0.616
 C23           -0.010         0.019         0.169        -0.040        -0.046
 C24            0.036         0.015        -0.007         0.135         0.330


           ESTIMATED CORRELATION MATRIX FOR THE LATENT VARIABLES
              C14           C15           C16           C17           C18
              ________      ________      ________      ________      ________
 C14            1.000
 C15            0.015         1.000
 C16            0.007        -0.598         1.000
 C17           -0.151        -0.045         0.043         1.000
 C18           -0.031        -0.009        -0.016        -0.004         1.000
 C19            0.094         0.036        -0.030        -0.041        -0.264
 C20            0.005        -0.012         0.022         0.024         0.206
 C21            0.191         0.020        -0.022        -0.126        -0.040
 C22            0.155         0.105        -0.019        -0.009         0.092
 C23            0.045         0.199        -0.137        -0.088        -0.006
 C24            0.327        -0.068         0.024         0.051         0.001


           ESTIMATED CORRELATION MATRIX FOR THE LATENT VARIABLES
              C19           C20           C21           C22           C23
              ________      ________      ________      ________      ________
 C19            1.000
 C20           -0.109         1.000
 C21            0.085        -0.181         1.000
 C22            0.121        -0.051         0.032         1.000
 C23            0.021         0.053         0.086         0.008         1.000
 C24           -0.016         0.048         0.026        -0.217        -0.019


           ESTIMATED CORRELATION MATRIX FOR THE LATENT VARIABLES
              C24
              ________
 C24            1.000


           S.E. FOR ESTIMATED CORRELATION MATRIX FOR THE LATENT VARIABLES
              SX            IX            IY            SY            X1
              ________      ________      ________      ________      ________
 SX             0.000
 IX             0.466         0.000
 IY             0.172         0.084         0.000
 SY             0.390         0.226         0.238         0.000
 X1             0.249         0.069         0.044         0.126         0.000
 Y1             0.118         0.058         0.022         0.157         0.019
 Z0             0.271         0.144         0.073         0.220         0.018
 C1             0.058         0.031         0.023         0.064         0.015
 C2             0.066         0.036         0.023         0.062         0.018
 C3             0.072         0.039         0.027         0.074         0.020
 C4             0.098         0.037         0.026         0.096         0.019
 C5             0.087         0.039         0.028         0.099         0.020
 C6             0.086         0.036         0.026         0.083         0.018
 C7             0.081         0.035         0.028         0.078         0.018
 C8             0.087         0.051         0.028         0.074         0.021
 C9             0.066         0.041         0.027         0.068         0.018
 C10            0.062         0.025         0.021         0.044         0.013
 C11            0.073         0.033         0.027         0.092         0.017
 C12            0.076         0.034         0.027         0.084         0.018
 C13            0.069         0.039         0.023         0.068         0.020
 C14            0.075         0.041         0.027         0.097         0.020
 C15            0.065         0.036         0.026         0.118         0.017
 C16            0.070         0.041         0.024         0.082         0.018
 C17            0.080         0.040         0.028         0.092         0.019
 C18            0.076         0.041         0.027         0.075         0.018
 C19            0.074         0.038         0.029         0.084         0.017
 C20            0.071         0.043         0.027         0.074         0.018
 C21            0.073         0.036         0.027         0.072         0.018
 C22            0.084         0.041         0.026         0.071         0.020
 C23            0.104         0.033         0.032         0.108         0.017
 C24            0.081         0.038         0.023         0.064         0.020


           S.E. FOR ESTIMATED CORRELATION MATRIX FOR THE LATENT VARIABLES
              Y1            Z0            C1            C2            C3
              ________      ________      ________      ________      ________
 Y1             0.000
 Z0             0.020         0.000
 C1             0.015         0.016         0.000
 C2             0.015         0.015         0.015         0.000
 C3             0.017         0.018         0.012         0.018         0.000
 C4             0.017         0.018         0.012         0.019         0.021
 C5             0.018         0.021         0.013         0.016         0.021
 C6             0.017         0.019         0.013         0.017         0.020
 C7             0.018         0.021         0.012         0.019         0.021
 C8             0.019         0.021         0.012         0.019         0.022
 C9             0.018         0.013         0.011         0.021         0.022
 C10            0.014         0.012         0.017         0.004         0.016
 C11            0.018         0.019         0.016         0.017         0.019
 C12            0.018         0.017         0.016         0.017         0.018
 C13            0.015         0.015         0.017         0.024         0.017
 C14            0.018         0.019         0.012         0.019         0.022
 C15            0.016         0.019         0.017         0.016         0.018
 C16            0.015         0.019         0.016         0.018         0.019
 C17            0.018         0.020         0.015         0.016         0.018
 C18            0.017         0.014         0.015         0.018         0.020
 C19            0.018         0.021         0.015         0.018         0.018
 C20            0.018         0.012         0.015         0.018         0.020
 C21            0.018         0.018         0.016         0.017         0.019
 C22            0.017         0.017         0.013         0.019         0.018
 C23            0.021         0.020         0.017         0.017         0.018
 C24            0.015         0.017         0.012         0.020         0.021


           S.E. FOR ESTIMATED CORRELATION MATRIX FOR THE LATENT VARIABLES
              C4            C5            C6            C7            C8
              ________      ________      ________      ________      ________
 C4             0.000
 C5             0.010         0.000
 C6             0.021         0.021         0.000
 C7             0.021         0.022         0.017         0.000
 C8             0.020         0.021         0.015         0.021         0.000
 C9             0.020         0.020         0.019         0.020         0.007
 C10            0.011         0.021         0.019         0.025         0.012
 C11            0.019         0.017         0.022         0.023         0.019
 C12            0.019         0.019         0.019         0.019         0.019
 C13            0.017         0.015         0.017         0.016         0.022
 C14            0.022         0.020         0.021         0.021         0.022
 C15            0.018         0.019         0.018         0.018         0.018
 C16            0.019         0.018         0.019         0.018         0.018
 C17            0.018         0.019         0.020         0.020         0.018
 C18            0.020         0.019         0.020         0.019         0.020
 C19            0.019         0.021         0.020         0.021         0.018
 C20            0.019         0.019         0.018         0.017         0.021
 C21            0.018         0.020         0.019         0.020         0.019
 C22            0.021         0.019         0.019         0.020         0.021
 C23            0.017         0.019         0.017         0.020         0.019
 C24            0.020         0.021         0.019         0.017         0.022


           S.E. FOR ESTIMATED CORRELATION MATRIX FOR THE LATENT VARIABLES
              C9            C10           C11           C12           C13
              ________      ________      ________      ________      ________
 C9             0.000
 C10            0.003         0.000
 C11            0.015         0.020         0.000
 C12            0.017         0.019         0.019         0.000
 C13            0.026         0.024         0.024         0.016         0.000
 C14            0.022         0.011         0.019         0.018         0.018
 C15            0.018         0.018         0.018         0.018         0.015
 C16            0.019         0.017         0.018         0.018         0.017
 C17            0.016         0.016         0.023         0.018         0.019
 C18            0.020         0.015         0.017         0.018         0.019
 C19            0.017         0.016         0.018         0.018         0.014
 C20            0.025         0.014         0.017         0.019         0.019
 C21            0.019         0.022         0.020         0.018         0.019
 C22            0.023         0.011         0.020         0.018         0.019
 C23            0.017         0.023         0.026         0.019         0.016
 C24            0.022         0.022         0.018         0.016         0.024


           S.E. FOR ESTIMATED CORRELATION MATRIX FOR THE LATENT VARIABLES
              C14           C15           C16           C17           C18
              ________      ________      ________      ________      ________
 C14            0.000
 C15            0.018         0.000
 C16            0.019         0.010         0.000
 C17            0.017         0.018         0.018         0.000
 C18            0.020         0.018         0.018         0.018         0.000
 C19            0.019         0.018         0.018         0.019         0.008
 C20            0.020         0.018         0.018         0.017         0.023
 C21            0.018         0.018         0.018         0.020         0.018
 C22            0.021         0.017         0.018         0.018         0.018
 C23            0.017         0.018         0.014         0.020         0.017
 C24            0.018         0.016         0.018         0.016         0.024


           S.E. FOR ESTIMATED CORRELATION MATRIX FOR THE LATENT VARIABLES
              C19           C20           C21           C22           C23
              ________      ________      ________      ________      ________
 C19            0.000
 C20            0.013         0.000
 C21            0.020         0.007         0.000
 C22            0.017         0.020         0.019         0.000
 C23            0.019         0.022         0.020         0.018         0.000
 C24            0.020         0.026         0.019         0.021         0.016


           S.E. FOR ESTIMATED CORRELATION MATRIX FOR THE LATENT VARIABLES
              C24
              ________
 C24            0.000


           EST./S.E. FOR ESTIMATED CORRELATION MATRIX FOR THE LATENT VARIABLES
              SX            IX            IY            SY            X1
              ________      ________      ________      ________      ________
 SX           999.000
 IX            -0.104       999.000
 IY            -0.871        -4.018       999.000
 SY            -0.736        -0.052         0.488       999.000
 X1            -0.083         7.874        -4.317        -0.118       999.000
 Y1            -0.862        -4.185        30.352         0.520        -8.284
 Z0            -0.112        -1.746         1.936         0.296       -14.740
 C1             0.904        -2.877       -10.986         0.265        -2.913
 C2            -0.472         3.474        -9.957         0.394         3.839
 C3            -0.273         2.429        -8.702         0.115         2.881
 C4             1.563        -0.188        -3.494         2.230        -0.164
 C5            -0.894        -2.233         9.432        -2.216        -2.684
 C6            -1.402         0.413         4.390         1.331        -0.159
 C7            -1.071        -0.478         5.784        -0.459        -1.011
 C8             1.003        -4.052         1.030        -0.238        -4.886
 C9             0.039         2.745        -1.392        -1.358         3.553
 C10           -0.535        -0.423         1.538         0.593        -0.487
 C11           -1.326        -0.645        -0.056         1.365        -0.982
 C12            0.598         1.994        -7.856         1.409         2.284
 C13           -0.960         3.664       -12.591         1.174         4.092
 C14           -0.366        -0.701         4.769        -2.011        -1.065
 C15            0.589        -3.870        20.087        -2.723        -4.808
 C16           -1.049         4.673       -16.096         2.149         5.721
 C17            1.532         1.281        -7.699         1.547         1.952
 C18           -1.124         4.742        -1.295         0.847         6.229
 C19           -0.441        -1.694         3.824         0.900        -3.066
 C20           -1.112         4.291        -1.020        -1.180         5.853
 C21           -1.309         2.342         2.664        -0.084         1.990
 C22            1.402        -3.666         8.887         0.219        -4.323
 C23           -1.772         0.815         9.476        -2.063         0.553
 C24            0.377         1.642        -6.872        -0.018         1.717


           EST./S.E. FOR ESTIMATED CORRELATION MATRIX FOR THE LATENT VARIABLES
              Y1            Z0            C1            C2            C3
              ________      ________      ________      ________      ________
 Y1           999.000
 Z0             7.672       999.000
 C1           -11.441        -1.233       999.000
 C2           -10.533        -3.110        11.631       999.000
 C3            -9.311        -3.871        -2.956        11.535       999.000
 C4            -3.497        -0.164         0.166         0.967        -2.991
 C5             9.834         3.092         1.924        -6.393        -5.549
 C6             4.687         4.070        -4.997        -7.693        -9.137
 C7             6.051         3.388        -4.878        -5.705        -9.271
 C8             0.928        -1.263        -0.851        -0.931        -0.548
 C9            -1.582        -4.126         1.192         2.895         5.551
 C10            1.550         0.550        -1.075        -7.401        -1.225
 C11            0.087         2.282         0.301        -0.974         3.920
 C12           -8.134        -3.157         4.790         3.446         0.340
 C13          -13.612        -4.070        12.076        16.283        22.388
 C14            5.000         2.831        -1.121        -2.774        -4.032
 C15           22.658         4.634        -7.831        -7.520        -5.389
 C16          -17.308        -2.054         7.483         5.218         0.732
 C17           -8.163        -4.279        12.210         4.507        -0.073
 C18           -1.673        -7.186        -3.086        -2.364        -1.255
 C19            4.651         6.868         0.296        -1.356        -5.937
 C20           -1.318        -6.931        -0.944        -0.659         5.122
 C21            2.832         2.776        -4.338        -2.331        -1.078
 C22            9.411         3.909        -2.460       -18.055       -27.222
 C23            9.503         1.613        -6.181        -3.245        -0.971
 C24           -7.021        -1.516         2.889         7.352         8.467


           EST./S.E. FOR ESTIMATED CORRELATION MATRIX FOR THE LATENT VARIABLES
              C4            C5            C6            C7            C8
              ________      ________      ________      ________      ________
 C4           999.000
 C5           -36.849       999.000
 C6             6.370         2.909       999.000
 C7             4.314         4.421        38.170       999.000
 C8            -3.443         1.054       -19.509        -8.213       999.000
 C9            -3.527        -1.322        -6.293        -5.001       -22.110
 C10           -3.127         3.483         1.389         1.430        -1.840
 C11           -0.845        -3.794        10.592        10.219        -0.137
 C12           -0.701         1.040        -0.397         0.144         1.329
 C13           -2.639        -9.202       -11.564       -11.082         1.928
 C14            0.632         8.547         0.959         3.717         1.761
 C15           -0.065         3.096         1.880         2.883         0.258
 C16            0.525        -1.987        -0.044        -0.026        -2.320
 C17            0.180        -1.205        -6.829        -5.199        -0.190
 C18            2.678        -3.548         1.606        -0.353         0.086
 C19            0.291         3.858         5.643         5.688        -2.246
 C20           -1.221        -0.540        -5.460        -4.956         1.616
 C21           -3.048         4.327         1.354         1.942        -1.193
 C22            0.811         7.792         7.981         8.377        -1.159
 C23           -2.126         2.414         4.173         5.349         0.394
 C24           -1.526        -0.893        -6.771        -5.978         1.577


           EST./S.E. FOR ESTIMATED CORRELATION MATRIX FOR THE LATENT VARIABLES
              C9            C10           C11           C12           C13
              ________      ________      ________      ________      ________
 C9           999.000
 C10           -7.194       999.000
 C11           -2.368         0.379       999.000
 C12           -0.286        -0.470         0.521       999.000
 C13            4.822        -0.113         4.261        11.613       999.000
 C14           -4.852         4.518        -0.998         0.303        -7.284
 C15           -1.722         0.306         0.942        -5.937        -8.922
 C16            1.360        -0.039        -0.411         5.857         4.080
 C17            2.099         0.305        -8.996         2.204         3.255
 C18           -0.619        -0.959        -1.634        -0.034        -4.960
 C19           -3.037        -0.461        -0.937        -1.881        -8.854
 C20            1.857        -0.545        -0.432         1.603         1.852
 C21           -0.149         2.084         3.319        -0.454        -1.618
 C22           -4.035         3.211        -5.731        -5.733       -31.654
 C23           -0.602         0.843         6.402        -2.092        -2.963
 C24            1.613         0.696        -0.399         8.610        13.821


           EST./S.E. FOR ESTIMATED CORRELATION MATRIX FOR THE LATENT VARIABLES
              C14           C15           C16           C17           C18
              ________      ________      ________      ________      ________
 C14          999.000
 C15            0.812       999.000
 C16            0.394       -58.300       999.000
 C17           -8.677        -2.469         2.458       999.000
 C18           -1.536        -0.492        -0.899        -0.239       999.000
 C19            5.013         2.010        -1.709        -2.177       -33.413
 C20            0.262        -0.652         1.219         1.404         8.987
 C21           10.833         1.133        -1.243        -6.300        -2.223
 C22            7.453         5.998        -1.012        -0.514         5.012
 C23            2.583        11.045        -9.661        -4.308        -0.373
 C24           18.300        -4.196         1.301         3.230         0.043


           EST./S.E. FOR ESTIMATED CORRELATION MATRIX FOR THE LATENT VARIABLES
              C19           C20           C21           C22           C23
              ________      ________      ________      ________      ________
 C19          999.000
 C20           -8.437       999.000
 C21            4.309       -27.435       999.000
 C22            7.183        -2.512         1.742       999.000
 C23            1.115         2.394         4.328         0.433       999.000
 C24           -0.785         1.817         1.360       -10.555        -1.201


           EST./S.E. FOR ESTIMATED CORRELATION MATRIX FOR THE LATENT VARIABLES
              C24
              ________
 C24          999.000


           TWO-TAILED P-VALUE FOR ESTIMATED CORRELATION MATRIX FOR THE LATENT VARIABLES
              SX            IX            IY            SY            X1
              ________      ________      ________      ________      ________
 SX             0.000
 IX             0.917         0.000
 IY             0.384         0.000         0.000
 SY             0.462         0.958         0.625         0.000
 X1             0.934         0.000         0.000         0.906         0.000
 Y1             0.389         0.000         0.000         0.603         0.000
 Z0             0.911         0.081         0.053         0.767         0.000
 C1             0.366         0.004         0.000         0.791         0.004
 C2             0.637         0.001         0.000         0.694         0.000
 C3             0.785         0.015         0.000         0.908         0.004
 C4             0.118         0.850         0.000         0.026         0.870
 C5             0.371         0.026         0.000         0.027         0.007
 C6             0.161         0.679         0.000         0.183         0.873
 C7             0.284         0.633         0.000         0.646         0.312
 C8             0.316         0.000         0.303         0.812         0.000
 C9             0.969         0.006         0.164         0.174         0.000
 C10            0.593         0.672         0.124         0.553         0.626
 C11            0.185         0.519         0.955         0.172         0.326
 C12            0.550         0.046         0.000         0.159         0.022
 C13            0.337         0.000         0.000         0.240         0.000
 C14            0.714         0.483         0.000         0.044         0.287
 C15            0.556         0.000         0.000         0.006         0.000
 C16            0.294         0.000         0.000         0.032         0.000
 C17            0.125         0.200         0.000         0.122         0.051
 C18            0.261         0.000         0.195         0.397         0.000
 C19            0.659         0.090         0.000         0.368         0.002
 C20            0.266         0.000         0.308         0.238         0.000
 C21            0.191         0.019         0.008         0.933         0.047
 C22            0.161         0.000         0.000         0.827         0.000
 C23            0.076         0.415         0.000         0.039         0.580
 C24            0.706         0.101         0.000         0.985         0.086


           TWO-TAILED P-VALUE FOR ESTIMATED CORRELATION MATRIX FOR THE LATENT VARIABLES
              Y1            Z0            C1            C2            C3
              ________      ________      ________      ________      ________
 Y1             0.000
 Z0             0.000         0.000
 C1             0.000         0.218         0.000
 C2             0.000         0.002         0.000         0.000
 C3             0.000         0.000         0.003         0.000         0.000
 C4             0.000         0.870         0.868         0.334         0.003
 C5             0.000         0.002         0.054         0.000         0.000
 C6             0.000         0.000         0.000         0.000         0.000
 C7             0.000         0.001         0.000         0.000         0.000
 C8             0.353         0.206         0.395         0.352         0.584
 C9             0.114         0.000         0.233         0.004         0.000
 C10            0.121         0.582         0.282         0.000         0.221
 C11            0.931         0.023         0.764         0.330         0.000
 C12            0.000         0.002         0.000         0.001         0.734
 C13            0.000         0.000         0.000         0.000         0.000
 C14            0.000         0.005         0.262         0.006         0.000
 C15            0.000         0.000         0.000         0.000         0.000
 C16            0.000         0.040         0.000         0.000         0.464
 C17            0.000         0.000         0.000         0.000         0.942
 C18            0.094         0.000         0.002         0.018         0.209
 C19            0.000         0.000         0.767         0.175         0.000
 C20            0.188         0.000         0.345         0.510         0.000
 C21            0.005         0.005         0.000         0.020         0.281
 C22            0.000         0.000         0.014         0.000         0.000
 C23            0.000         0.107         0.000         0.001         0.331
 C24            0.000         0.130         0.004         0.000         0.000


           TWO-TAILED P-VALUE FOR ESTIMATED CORRELATION MATRIX FOR THE LATENT VARIABLES
              C4            C5            C6            C7            C8
              ________      ________      ________      ________      ________
 C4             0.000
 C5             0.000         0.000
 C6             0.000         0.004         0.000
 C7             0.000         0.000         0.000         0.000
 C8             0.001         0.292         0.000         0.000         0.000
 C9             0.000         0.186         0.000         0.000         0.000
 C10            0.002         0.000         0.165         0.153         0.066
 C11            0.398         0.000         0.000         0.000         0.891
 C12            0.484         0.298         0.691         0.885         0.184
 C13            0.008         0.000         0.000         0.000         0.054
 C14            0.527         0.000         0.337         0.000         0.078
 C15            0.949         0.002         0.060         0.004         0.797
 C16            0.600         0.047         0.965         0.979         0.020
 C17            0.857         0.228         0.000         0.000         0.850
 C18            0.007         0.000         0.108         0.724         0.932
 C19            0.771         0.000         0.000         0.000         0.025
 C20            0.222         0.589         0.000         0.000         0.106
 C21            0.002         0.000         0.176         0.052         0.233
 C22            0.417         0.000         0.000         0.000         0.246
 C23            0.034         0.016         0.000         0.000         0.693
 C24            0.127         0.372         0.000         0.000         0.115


           TWO-TAILED P-VALUE FOR ESTIMATED CORRELATION MATRIX FOR THE LATENT VARIABLES
              C9            C10           C11           C12           C13
              ________      ________      ________      ________      ________
 C9             0.000
 C10            0.000         0.000
 C11            0.018         0.705         0.000
 C12            0.775         0.639         0.603         0.000
 C13            0.000         0.910         0.000         0.000         0.000
 C14            0.000         0.000         0.318         0.762         0.000
 C15            0.085         0.759         0.346         0.000         0.000
 C16            0.174         0.969         0.681         0.000         0.000
 C17            0.036         0.760         0.000         0.028         0.001
 C18            0.536         0.338         0.102         0.973         0.000
 C19            0.002         0.645         0.349         0.060         0.000
 C20            0.063         0.585         0.666         0.109         0.064
 C21            0.882         0.037         0.001         0.650         0.106
 C22            0.000         0.001         0.000         0.000         0.000
 C23            0.547         0.399         0.000         0.036         0.003
 C24            0.107         0.486         0.690         0.000         0.000


           TWO-TAILED P-VALUE FOR ESTIMATED CORRELATION MATRIX FOR THE LATENT VARIABLES
              C14           C15           C16           C17           C18
              ________      ________      ________      ________      ________
 C14            0.000
 C15            0.417         0.000
 C16            0.693         0.000         0.000
 C17            0.000         0.014         0.014         0.000
 C18            0.124         0.623         0.369         0.811         0.000
 C19            0.000         0.044         0.087         0.030         0.000
 C20            0.793         0.515         0.223         0.160         0.000
 C21            0.000         0.257         0.214         0.000         0.026
 C22            0.000         0.000         0.311         0.607         0.000
 C23            0.010         0.000         0.000         0.000         0.709
 C24            0.000         0.000         0.193         0.001         0.965


           TWO-TAILED P-VALUE FOR ESTIMATED CORRELATION MATRIX FOR THE LATENT VARIABLES
              C19           C20           C21           C22           C23
              ________      ________      ________      ________      ________
 C19            0.000
 C20            0.000         0.000
 C21            0.000         0.000         0.000
 C22            0.000         0.012         0.082         0.000
 C23            0.265         0.017         0.000         0.665         0.000
 C24            0.432         0.069         0.174         0.000         0.230


           TWO-TAILED P-VALUE FOR ESTIMATED CORRELATION MATRIX FOR THE LATENT VARIABLES
              C24
              ________
 C24            0.000


           ESTIMATED PARTIAL CORRELATION MATRIX FOR THE LATENT VARIABLES
              SX            IX            IY            SY            X1
              ________      ________      ________      ________      ________
 SX             1.000
 IX             0.138         1.000
 IY             0.262        -0.360         1.000
 SY            -0.508         0.263         0.670         1.000
 X1             0.000         0.432         0.011         0.000         1.000
 Y1             0.000         0.012         0.383         0.000        -0.028
 Z0             0.080        -0.173        -0.154         0.174        -0.147
 C1             0.064        -0.207        -0.207         0.106         0.000
 C2            -0.013         0.037        -0.047         0.020         0.000
 C3             0.136        -0.127        -0.240         0.216         0.000
 C4             0.323        -0.151        -0.290         0.403         0.000
 C5            -0.190         0.115         0.373        -0.385         0.000
 C6             0.038        -0.037        -0.150         0.209         0.000
 C7            -0.155         0.095         0.250        -0.316         0.000
 C8             0.121        -0.211        -0.088         0.108         0.000
 C9            -0.089         0.110         0.181        -0.214         0.000
 C10            0.018        -0.029        -0.049         0.073         0.000
 C11            0.180        -0.148        -0.304         0.383         0.000
 C12            0.221        -0.122        -0.340         0.368         0.000
 C13            0.004         0.032        -0.091         0.115         0.000
 C14           -0.226         0.140         0.316        -0.401         0.000
 C15           -0.278         0.242         0.607        -0.638         0.000
 C16           -0.088         0.107        -0.057        -0.002         0.000
 C17            0.266        -0.119        -0.390         0.454         0.000
 C18           -0.080         0.143        -0.028         0.056         0.000
 C19            0.018         0.016        -0.060         0.131         0.000
 C20           -0.177         0.204         0.178        -0.220         0.000
 C21           -0.053         0.116        -0.003         0.021         0.000
 C22            0.252        -0.138        -0.194         0.289         0.000
 C23           -0.375         0.240         0.494        -0.556         0.000
 C24            0.150        -0.090        -0.186         0.199         0.000


           ESTIMATED PARTIAL CORRELATION MATRIX FOR THE LATENT VARIABLES
              Y1            Z0            C1            C2            C3
              ________      ________      ________      ________      ________
 Y1             1.000
 Z0             0.073         1.000
 C1             0.000        -0.053         1.000
 C2             0.000        -0.002         0.105         1.000
 C3             0.000        -0.066        -0.143         0.024         1.000
 C4             0.000        -0.074        -0.039         0.012        -0.148
 C5             0.000         0.088         0.130        -0.011         0.076
 C6             0.000        -0.015        -0.034        -0.052        -0.090
 C7             0.000         0.056         0.016         0.023         0.019
 C8             0.000        -0.083        -0.078        -0.027        -0.096
 C9             0.000         0.018         0.033         0.002         0.099
 C10            0.000        -0.018        -0.031        -0.022        -0.018
 C11            0.000        -0.054         0.000        -0.056        -0.043
 C12            0.000        -0.094        -0.048        -0.033        -0.162
 C13            0.000         0.005         0.181         0.178         0.051
 C14            0.000         0.085         0.102         0.027         0.090
 C15            0.000         0.158         0.090         0.015         0.142
 C16            0.000         0.052         0.041         0.021        -0.031
 C17            0.000        -0.116         0.070        -0.004        -0.132
 C18            0.000        -0.022         0.014         0.002        -0.001
 C19            0.000         0.081         0.023         0.035        -0.043
 C20            0.000         0.037         0.048        -0.046         0.130
 C21            0.000         0.039        -0.025        -0.032         0.012
 C22            0.000        -0.051         0.036        -0.128        -0.356
 C23            0.000         0.109         0.064         0.013         0.149
 C24            0.000        -0.037        -0.095         0.004        -0.011


           ESTIMATED PARTIAL CORRELATION MATRIX FOR THE LATENT VARIABLES
              C4            C5            C6            C7            C8
              ________      ________      ________      ________      ________
 C4             1.000
 C5            -0.166         1.000
 C6             0.009         0.124         1.000
 C7             0.157        -0.082         0.607         1.000
 C8            -0.090         0.058        -0.259         0.045         1.000
 C9             0.042        -0.093        -0.046        -0.069        -0.141
 C10           -0.037         0.073        -0.013         0.036        -0.031
 C11           -0.212         0.079         0.031         0.235         0.007
 C12           -0.158         0.206        -0.062         0.144        -0.026
 C13           -0.068         0.002        -0.072         0.036         0.038
 C14            0.241        -0.046         0.037        -0.076         0.075
 C15            0.272        -0.284         0.120        -0.203         0.055
 C16            0.015         0.007        -0.020         0.029        -0.003
 C17           -0.186         0.206        -0.155         0.172        -0.066
 C18            0.028        -0.017         0.031         0.001         0.051
 C19           -0.034         0.060         0.011         0.072        -0.010
 C20            0.096        -0.071        -0.011        -0.086         0.070
 C21           -0.025         0.042        -0.034        -0.002         0.003
 C22           -0.161         0.122        -0.057         0.120        -0.062
 C23            0.235        -0.236         0.103        -0.148         0.094
 C24           -0.119         0.062        -0.053         0.040        -0.040


           ESTIMATED PARTIAL CORRELATION MATRIX FOR THE LATENT VARIABLES
              C9            C10           C11           C12           C13
              ________      ________      ________      ________      ________
 C9             1.000
 C10           -0.001         1.000
 C11            0.069        -0.024         1.000
 C12            0.067        -0.038        -0.154         1.000
 C13            0.078         0.029         0.019         0.068         1.000
 C14           -0.163         0.056         0.136         0.151        -0.080
 C15           -0.155         0.044         0.270         0.256         0.067
 C16            0.009         0.002         0.008         0.036        -0.016
 C17            0.096        -0.012        -0.321        -0.179        -0.067
 C18           -0.010        -0.018        -0.039        -0.009        -0.098
 C19            0.005        -0.033        -0.081        -0.049        -0.080
 C20           -0.026         0.018         0.104         0.111         0.011
 C21            0.019         0.030         0.043         0.003         0.005
 C22            0.078         0.009        -0.165        -0.128        -0.426
 C23           -0.123         0.045         0.329         0.227         0.048
 C24            0.067        -0.009        -0.089        -0.018         0.230


           ESTIMATED PARTIAL CORRELATION MATRIX FOR THE LATENT VARIABLES
              C14           C15           C16           C17           C18
              ________      ________      ________      ________      ________
 C14            1.000
 C15           -0.275         1.000
 C16            0.022        -0.380         1.000
 C17            0.062         0.331        -0.003         1.000
 C18           -0.029         0.013        -0.076        -0.043         1.000
 C19            0.069         0.062        -0.038        -0.067        -0.274
 C20           -0.051        -0.143         0.003         0.109         0.154
 C21            0.154         0.001        -0.033        -0.067        -0.010
 C22            0.197         0.207         0.063        -0.114         0.084
 C23           -0.229        -0.330        -0.019         0.271        -0.005
 C24            0.454         0.134        -0.021        -0.023         0.055


           ESTIMATED PARTIAL CORRELATION MATRIX FOR THE LATENT VARIABLES
              C19           C20           C21           C22           C23
              ________      ________      ________      ________      ________
 C19            1.000
 C20           -0.003         1.000
 C21            0.039        -0.202         1.000
 C22            0.018         0.069         0.012         1.000
 C23            0.058        -0.092         0.046         0.164         1.000
 C24            0.011         0.060        -0.025        -0.099         0.132


           ESTIMATED PARTIAL CORRELATION MATRIX FOR THE LATENT VARIABLES
              C24
              ________
 C24            1.000


RESULTS SAVING INFORMATION

  Order of data

    Parameter estimates
     (saved in order shown in Technical 1 output)
    Standard errors
     (saved in order shown in Technical 1 output)
    Number of Free Parameters
    H0 Loglikelihood
    H0 Scaling Correction Factor for MLR
    H1 Loglikelihood
    H1 Scaling Correction Factor for MLR
    Akaike (AIC)
    Bayesian (BIC)
    Sample-Size Adjusted BIC
    Chi-square : Value
    Chi-square : Degrees of Freedom
    Chi-square : P-Value
    Chi-square : Scaling Correction Factor for MLR/MLM/WLSM
    CFI
    TLI
    RMSEA : Estimate
    RMSEA : Low CI
    RMSEA : High CI
    RMSEA : Probability
    SRMR
    Condition Number

  Save file
    estimates.dat

  Save file format           Free


SAVEDATA INFORMATION


  Estimated Covariance Matrix for the Parameter Estimates

  Save file
    tech3.dat
  Save format      Free

     Beginning Time:  21:39:25
        Ending Time:  21:39:48
       Elapsed Time:  00:00:23



MUTHEN & MUTHEN
3463 Stoner Ave.
Los Angeles, CA  90066

Tel: (310) 391-9971
Fax: (310) 391-8971
Web: www.StatModel.com
Support: Support@StatModel.com

Copyright (c) 1998-2025 Muthen & Muthen
