"","V1","V2","V3","V4","V5","V6","V7","V8","V9","V10","V11","V12","V13","V14","V15","V16","V17","V18","V19","V20","V21","V22","V23","V24","V25","V26","V27","V28","V29","V30","V31","V32","V33","V34","V35","V36","V37","V38","V39","V40","V41","V42","V43","V44","V45","V46","V47","V48","V49","V50","V51","V52","V53","V54","V55","V56","V57","V58","V59","V60","V61","V62","V63","V64","V65","V66","V67","V68","V69","V70","V71","V72","V73","V74","V75","V76","V77","V78","V79","V80","V81","V82","V83","V84","V85","V86","V87","V88","V89","V90","V91","V92","V93","V94","V95","V96","V97","V98","V99","V100","V101","V102","V103","V104","V105","V106","V107","V108","V109","V110","V111","V112","V113","V114","V115","V116","V117","V118","V119","V120","V121","V122","V123","V124","V125","V126","V127","V128","V129","V130","V131","V132","V133","V134","V135","V136","V137","V138","V139","V140","V141","V142","V143","V144","V145","V146","V147","V148","V149","V150","V151","V152","V153","V154","V155","V156","V157","V158","V159","V160","V161","V162","V163","V164","V165","V166","V167","V168","V169","V170","V171","V172","V173","V174","V175","V176","V177","V178","V179","V180","V181","V182","V183","V184","V185","V186","V187","V188","V189","V190","V191","V192","V193","V194","V195","V196","V197","V198","V199","V200","V201","V202","V203","V204"
"1",0.013214626,0.00068043496,0.00047952051,0.0047425058,-0.0014306605,0.00030346503,0.0024520661,0.0023553439,-0.00047369151,-0.00022516408,0.0004100378,1.7264939e-05,-6.0236103e-05,0.00011464816,-0.00061570109,0.00029726432,-0.00089801991,0.0006071523,-0.0032867143,0.00044387819,0.00060156728,0.00022801751,-0.00015445489,-0.00061638492,0.00011750947,-4.2584723e-05,-6.7473356e-05,-0.0011444284,0.00034564699,-0.00050742486,-0.00051427531,0.0004346611,0.003304623,0.0012568263,-0.0037624013,-0.00016466856,0.0014913003,0.00020642599,-0.00011500425,9.3814215e-05,0.00017343962,-0.00095641325,-0.0012313756,0.0009071485,-9.340756e-05,3.6031662e-05,-0.00047415387,0.00068523326,0.00012559301,0.00022935701,-0.00032142396,-0.00021201219,-0.00025734515,0.00025519361,-0.00023879502,0.0011285051,-0.00058905716,-0.00081982635,8.8452498e-05,-2.9419332e-05,-0.00098740923,-0.00010590729,-4.7564336e-05,-0.00039176711,-2.5031146e-05,0.0016084409,0.0013868725,-0.0017784939,0.0003320742,-2.2969641e-05,0.0003025608,-0.00076689126,0.00081885232,-0.0013935883,0.0005505631,0.00051607997,0.00044701155,-0.00087350978,0.00087990444,-0.0024924646,0.0019700611,0.0015660456,0.0010266168,0.00044682829,0.00072269424,0.00073988671,2.6540065e-05,-0.0046557763,0.0014241911,-0.00048781337,0.00053401304,-0.00038033327,-0.00059664809,0.00015924657,-6.581102e-05,2.6333585e-05,-0.0014540401,0.00086975976,-0.00074581237,-0.00011343768,-0.0001116566,8.9331334e-05,-0.00020432394,-7.6082684e-05,0.00068939839,0.00093712121,0.00087288987,-0.00069391177,0.0015526892,0.00090385178,-0.0009286535,-2.0364641e-05,1.2241806e-05,0.00057505915,-0.0068316338,-0.00299631,-0.00014107497,0.0024537592,-0.00059802062,-0.00042406847,0.00020681044,0.001260085,6.0058433e-05,0.00014206025,-3.9587511e-05,0.0007202552,-0.00080179912,-0.00045432694,-0.0012799534,2.7025997e-05,-1.5790693e-05,0.00061842879,0.0014008187,-0.00069865939,-0.0013174995,-0.00056216345,0.00081367657,-0.0011448908,-0.0013191923,0.0014033955,0.00043429794,-1.3786723e-05,-0.00010482924,0.00011940064,-6.0582992e-05,-0.00033010569,-0.00041898578,-7.7403738e-05,2.0715333e-08,0.00037815316,-1.1591161e-05,0.00066171028,1.2553484e-05,3.8075848e-05,-5.8223913e-05,0.00027925156,3.4322691e-05,6.8022108e-05,0.00013011949,-3.1258923e-05,0.00032171311,-0.00011388423,0.00037166763,-0.00016284903,-0.00018730947,-8.7186037e-06,-1.9948824e-06,-0.000540711,-0.00055933315,0.00032458914,0.00024017339,0.00012347659,-5.0738105e-05,0.00013533034,-0.00058737905,-0.0016051147,7.8835105e-05,-4.9414916e-05,3.4614043e-05,-0.00010503199,-0.00042166249,0.00032091734,0.00026236955,0.00015805796,0.00062112127,0.00040943976,1.5388869e-05,-0.00018908893,0.00039607602,5.3665761e-06,-0.0043094069,0.0057339552,-0.0089173697,0.0017210015,-3.9534681e-05,0.0010457183,0.0031167955,-0.0042297886,0.00032570094,-0.0054754618,0.0073491002,-0.0014952146,0.00090574929,-0.00083330695
"2",0.00068043496,0.014806088,0.0063482879,-0.0052907553,0.00097697019,-0.0010914241,-0.00052900407,0.001143981,0.00015201273,0.00018093537,-0.00021567573,-0.00011304913,0.00022329658,-0.00014230067,-4.8760735e-05,9.5361327e-05,0.00015370805,-0.00038434477,0.0021927416,-0.00049092474,3.9153137e-05,-0.00028556518,0.00030066415,0.00033156329,-1.7726409e-05,0.00027239882,-0.001603499,0.00034621143,-0.00012189138,-0.00024318118,0.00085276024,-0.0004467185,0.0025073739,-0.0014571022,0.00055438528,0.00065914487,-0.0059251957,0.00024633234,-0.0005005939,0.00011953772,0.0014433106,8.3170752e-05,-0.0012723239,-0.00036816373,5.7814438e-05,-1.7244693e-05,0.00081998667,-0.0020251826,0.0064368936,0.00037026771,0.00033495236,0.0001219857,0.00093040181,-8.3837587e-05,-0.00015602599,-0.0014123958,0.0013937967,5.0483912e-05,7.2673285e-05,0.0015028038,-0.00071564973,-9.8467022e-05,0.00016574828,-0.0003374255,-0.0024355844,-0.00063204061,0.0014129327,0.00074056448,-5.5464915e-05,8.2733225e-05,-0.0018956902,0.0032592663,-0.01015608,-0.00066515716,-0.00076381447,2.0556367e-05,-0.0011764035,-0.00019863606,0.00090470349,0.0027959862,-0.0016021161,0.00032202797,0.0010046364,-0.0018289781,0.00013670005,0.00063193505,-0.0003604025,0.0078621533,0.0010168204,0.0011436019,-0.00023126301,0.00010203076,-0.00023848582,0.00058290028,-2.0755059e-06,-4.1212009e-05,0.0023554492,-0.0016119613,0.0017822303,0.00079466342,1.0972356e-05,-0.00023766961,0.00011546976,0.00035759879,-0.001287013,-0.0013469737,-0.0013470036,0.00028293706,-0.0021924731,-0.00065355344,0.00072393945,-0.00024470745,6.3989912e-05,-0.0081174504,0.019811626,0.00016908183,-0.0015291071,-0.00085803025,-0.0017482195,0.00038700773,-0.0008027259,-0.0018832524,-7.925999e-05,0.00045556619,0.00013655892,-0.0039975173,0.0020130714,0.0028677807,-0.00099003658,-0.00025589237,0.00082214766,0.00033883607,-0.0016977979,0.0025258316,0.0011021343,0.0038226548,-9.5538397e-05,0.0052702021,0.0019298407,-0.0034378439,0.001439785,-0.0002402119,-9.2049801e-05,1.905165e-05,0.0001829526,0.00036396968,0.00051479707,-3.3483482e-05,3.6890641e-05,-0.00053574652,7.5915738e-07,-0.00052884388,0.00010032154,7.1711141e-05,3.5812936e-05,-0.00037005178,-0.00019242664,-0.00033154717,-0.00030781959,-0.00017995598,-0.00090153196,4.8553708e-05,-0.0004187821,7.9314151e-05,8.1264923e-05,2.6957491e-06,0.00048473184,0.00031725936,-0.00020996676,-6.3577164e-05,-0.00014643969,0.00013657282,-1.136736e-05,0.00026248786,0.00032493293,0.0011593519,-0.00073136543,3.0096861e-05,-3.9447146e-05,-0.00018030063,0.00027837646,-3.2348107e-05,-0.0002950085,0.00049073208,9.8467749e-05,-0.00014727377,0.0003581358,-0.0002333276,-4.3210555e-05,5.6947305e-05,0.0053529724,-0.0067094582,0.006277114,-0.0019753788,0.00054285062,0.0003425744,-0.0019874627,0.0032627323,-0.00071232148,0.0033329499,-0.0043487451,0.00049166975,-0.00068633379,0.0015278987
"3",0.00047952051,0.0063482879,0.023512745,-0.0051079266,0.00056118185,-0.00036075469,-0.0064835266,0.00072583011,0.00045688573,-0.00010357258,-0.00023578404,-9.5185114e-05,0.0001627314,-0.0001725923,0.0010329144,-0.00021594499,7.7955459e-05,-0.00091732665,0.0029751918,-0.00055029715,-0.00030555679,-0.00044229522,0.00032302502,0.00016158362,-0.00049379545,0.00024359653,-0.00019810063,0.00051250135,0.00054177362,-0.003858084,0.0012288814,-0.00028128386,0.0023868334,0.0014616361,-0.0052352328,0.0015344648,-0.0063772096,3.5076489e-05,-0.00028667632,0.00036224411,-0.00081724651,0.00022308955,-0.0005968336,-0.0016442298,-0.00051940195,-4.6665475e-06,0.00021555925,-0.00050323028,0.00037958806,0.0017292936,0.00041899742,-0.00031306222,-0.00069131062,-0.00085190561,-0.0010522723,-0.00023365835,0.00086497648,0.0011886899,-0.00010410672,-0.00014467114,0.0013434541,0.00010389964,2.5949296e-05,-0.00067238912,0.0016890341,-0.00079226162,0.00049673907,0.003352759,0.001159885,2.9502727e-05,-0.00078324604,0.00035378816,0.0020103259,-0.0034869082,-0.00092195324,0.00077582522,0.0014284169,0.0016543198,0.0023538702,0.00079143601,-0.00076740457,-0.0024123979,0.0011729018,0.0012981395,-0.0031911101,2.756451e-05,-6.9596321e-05,0.0051322956,-0.00049847861,0.00083452612,-0.00088685472,-4.1726e-05,-0.00014334438,-0.00018758307,-0.00013870006,-4.432326e-05,0.001486235,-0.00086767486,4.5391878e-05,0.0012751864,-2.7462586e-06,-0.0002617649,-0.00023688649,-0.00014141027,-0.0011348484,-0.00070689028,-0.00096201183,0.00070045429,-0.0015837867,-0.0010317595,0.0011272128,-6.8465551e-05,1.1371195e-05,-0.0046772684,0.016946534,-0.00061493772,-0.00017171866,-0.0011557484,-0.0013601509,0.0012782097,-0.00037635426,-0.0016536525,0.0011314437,0.00074787421,8.8629278e-05,-0.0026879981,0.00093994444,0.005530162,-0.0017684828,-0.0003541444,0.00075014512,0.0005960387,-0.00016052607,0.001909194,-2.8709419e-05,0.0030175133,-0.0010339864,0.0040636257,0.002725391,-0.003379193,0.0010073841,-0.00013637322,-1.6218942e-05,-6.9493267e-05,0.00020973096,7.1903584e-05,0.00035873062,3.7777588e-05,8.1225397e-06,-0.00050126571,-0.00012806794,-0.00024087276,0.00021811973,1.5480293e-05,1.4828552e-05,-0.00032693057,-0.00022151499,-0.00017445321,-5.1805029e-05,-0.00016504813,-0.0004886441,-6.1877375e-05,-0.00048807639,0.0002666574,0.00013567816,2.0667014e-05,9.9916247e-05,-0.00014330112,-0.00044614808,0.0010620884,0.00012414727,6.1594997e-05,-4.0130233e-06,0.00025957751,0.0010773928,-0.00061078889,-0.0014122075,0.00010171619,-2.3118847e-05,-0.00015187065,0.0001852947,-9.3141243e-05,-0.00055226032,0.00073698539,0.00027747134,-0.00027757573,0.00041164477,-0.00021930559,0.00013516955,1.2448984e-05,0.0048379555,-0.0066555983,0.0082287697,-0.0016816061,0.00043291396,0.0012375751,-0.0028257027,0.0042699748,-0.00034468442,0.0043363419,-0.0053454159,0.00069484037,-0.0012943959,0.00372486
"4",0.0047425058,-0.0052907553,-0.0051079266,0.0073782241,-0.00088037707,0.00056178074,0.0023216842,0.00052223025,-0.00028155792,-0.00011924495,0.00026930819,0.00010003472,-0.00019014345,0.00012367553,-0.00041584627,0.00020927417,-0.00046722519,0.00074789865,-0.0023334926,0.00044035432,0.00015737368,0.00020583233,-0.00025923515,-0.00015907415,0.00019113299,-3.0459869e-05,4.2280293e-05,-0.00060230344,0.00011197547,0.00041695848,-0.00053170702,0.00048004767,0.00018071033,0.00074474182,-0.00075220298,-0.00097595296,0.0063532749,-0.00013010399,0.00058053381,4.863443e-05,-0.00050002654,-0.00062073969,0.00011541401,0.00043691374,3.1681005e-05,2.7228693e-05,-0.00061327209,0.0011312158,-0.0020829691,1.0777808e-05,-0.0003450333,-0.00012132521,-0.00024078662,0.00020883274,-0.00020249419,0.0011071145,-0.00084105962,-0.00031326716,0.00013289189,-0.00053744413,-0.00045020619,-2.2374365e-05,-6.2679186e-05,2.3843343e-05,0.00078211002,0.001185309,-0.00010667735,-0.0010041306,-4.3222805e-05,-4.1381726e-05,0.00084189049,-0.0014780653,0.003314465,-9.0190103e-05,0.00063485288,9.1080896e-05,0.00029124043,-0.00037137563,7.7054515e-05,-0.002255292,0.0011843592,0.00062549994,-0.000218399,0.0006309393,0.0006551871,6.7688217e-05,0.00012850927,-0.0087735814,-0.00079348546,-0.0011963866,0.0007415251,-0.00051650079,-0.00018078989,-0.00047746541,4.9098861e-05,2.6950321e-05,-0.0025688961,0.0014719568,-0.00039232072,-0.00064190065,-4.2985877e-05,0.00030234051,-1.4751128e-05,-0.00033288538,0.0013923971,0.0013851102,0.001797324,-0.00032544274,0.0027103287,0.0013517039,-0.0012484005,0.00020420575,-2.0380537e-05,0.0086769932,-0.023241502,-0.00049751409,0.0012000972,0.0012037837,0.0015627521,-0.0011549683,0.0015234395,0.0027348192,-1.0948833e-06,-0.00055604038,-0.00010199237,0.0041829731,-0.0015001101,-0.0056104111,0.00049955107,0.00032190586,-0.00087567233,-0.00029657783,0.0015804761,-0.0026878867,-0.0010097884,-0.004381149,0.00046204837,-0.0059271792,-0.0032379092,0.004498755,-0.0013623552,0.00017037048,-7.1833857e-05,6.8283142e-05,-0.0001037851,-0.00027238188,-0.00047801158,-4.165407e-05,-1.2252929e-05,0.00056004536,5.0106049e-05,0.00039381494,-0.00010871287,-5.8198133e-06,-1.4346858e-05,0.00040043556,0.00012522443,0.0002832998,0.00023595139,9.5158215e-05,0.00059146823,-0.00011781195,0.00032237024,-0.00010514893,-9.7911558e-05,-1.8936477e-05,1.2178257e-05,-0.00031223587,-0.00026651099,-6.1236614e-05,0.00013773135,7.8543296e-05,-1.8133714e-05,0.00013051191,-0.00061953045,0.00019759468,0.00053642366,-0.00010795392,-3.1919264e-05,5.0819161e-06,-0.00040910976,-8.6859358e-06,0.00012454985,-0.00025352979,0.00027014272,0.00031071855,-0.00029108111,-0.00028304701,8.3522867e-05,-1.890353e-05,-0.0063597051,0.0079259359,-0.0096026599,0.0024299314,-0.00054691862,-0.00055443321,0.0021397192,-0.0031968222,0.00059142152,-0.0036398446,0.0047991517,-0.00078715316,0.00071374572,-0.00089900417
"5",-0.0014306605,0.00097697019,0.00056118185,-0.00088037707,0.00071929009,-9.2426094e-05,-0.00024835585,-9.8775809e-05,4.7565261e-05,6.5173601e-05,-0.00013370654,2.9451085e-05,3.8012402e-05,-2.1082653e-05,5.8743165e-05,-1.9953695e-05,0.00013652237,-8.1264181e-05,0.00052355703,-7.9159083e-05,-2.4468022e-05,-7.2968426e-05,2.6630706e-05,0.00039875978,-1.7757831e-05,4.0920027e-05,-3.2836872e-06,0.00022556062,-4.0145515e-05,0.00018305896,9.0285328e-05,-7.7536989e-05,-2.4974058e-05,-0.00031627201,0.0003373761,0.00019888782,-0.00084755443,0.0002396623,-0.00050796458,-2.6327257e-06,4.8860067e-05,5.9574173e-05,2.9468707e-05,-0.00024036673,1.6092855e-05,-9.2579986e-06,0.00014241371,-0.000241029,0.00047467128,1.281226e-05,7.0390292e-05,5.0172567e-05,0.0001054705,-1.0885386e-06,1.8306878e-05,-0.0002314962,0.00014368363,9.6911626e-05,-3.134169e-05,0.00013186538,0.00013049932,1.5292756e-05,1.5640848e-05,1.6258181e-05,-0.00010708476,-0.00023108856,-8.7336149e-05,0.00037660392,-4.366836e-06,9.1506707e-06,-0.00018518711,0.00030655274,-0.00070026658,-0.0001293906,-0.00012370107,-4.742916e-05,-4.1745726e-05,6.4526503e-05,-4.2600082e-05,0.00048963339,-0.00029996927,-0.00020078808,-6.3553771e-05,-0.00017628933,-0.00011474146,-6.0677455e-05,-2.7483323e-05,0.0011567309,-1.2462096e-05,0.00012261675,-8.3350996e-05,4.2236579e-05,4.09597e-05,8.4798499e-06,-8.5043574e-06,-9.425037e-06,0.00032399311,-0.00026905515,0.00018491587,0.00015141481,1.7877567e-05,-2.3934725e-05,-5.7631192e-06,1.9593584e-05,-0.0002050276,-0.00020130002,-0.00021255085,8.4090202e-05,-0.00035363928,-0.0001712997,0.00017904846,-7.2648395e-06,8.7154363e-07,-0.00084960318,0.0024645169,0.00018176124,-0.00019701345,-0.00038106663,-4.1787919e-05,0.00011668753,-0.00011705894,-0.00028735052,8.3439427e-05,3.4732636e-05,2.5042557e-05,-0.00033070685,0.0004641323,0.00045422171,-9.8582797e-05,-6.0059288e-05,6.1351046e-05,5.8263812e-05,-0.00020947272,0.00024664828,0.00023066852,0.00041691352,-5.5944109e-05,0.0006468692,0.00030465326,-0.00046603009,7.6380476e-05,-1.4790916e-05,-1.4930988e-05,-3.5312379e-05,6.4038039e-05,0.00010838487,0.00022406586,-5.0581484e-06,-1.2287324e-06,-0.00016358347,-9.1125186e-05,-0.00012177826,0.00017790498,3.2008067e-06,-2.8710116e-05,-0.00016544485,-8.6648594e-05,-0.00010234518,-2.9660594e-05,-2.0330898e-05,-0.00016712665,-6.4709393e-06,-0.0001040717,-6.26562e-05,-1.5739272e-05,3.7558403e-06,0.00010172063,0.0001528533,7.3312985e-06,-6.70491e-05,-0.00017650437,1.5886737e-05,1.2978795e-05,0.0001517913,0.00023251648,0.00035375951,-0.00050130845,-1.0874864e-05,2.2112555e-05,7.8785353e-05,0.00023725857,0.00010561658,-6.4044289e-05,7.2056267e-05,-4.0504505e-05,8.107425e-05,0.0001204761,0.0001591706,2.5413267e-05,7.7573864e-06,0.00090077082,-0.0011781609,0.0013901443,-0.0003695252,7.5108677e-05,-4.6192412e-05,-0.00051190372,0.0006986249,-3.0081003e-05,0.00091946012,-0.0011140563,0.00020008698,-0.00036717824,0.00047149627
"6",0.00030346503,-0.0010914241,-0.00036075469,0.00056178074,-9.2426094e-05,0.0005690683,0.00015089987,7.0062602e-05,-3.3828777e-05,-3.9450037e-05,4.0186136e-05,1.3187206e-05,-8.9647508e-05,7.36775e-05,-1.2261434e-05,7.9756101e-05,-7.2608402e-05,0.00018405734,-0.00022729125,0.00010103003,-2.2778335e-05,2.3703688e-05,-3.2332404e-05,-2.7606131e-05,-1.0690134e-05,-0.00011573605,0.00079417751,-0.00013525325,5.0985397e-05,-0.0001008784,-0.00015328799,0.0001566555,-0.00014177704,0.00010232802,-0.00016683803,-5.3002082e-05,0.00037863023,4.1100984e-05,5.1816455e-05,3.609478e-06,-3.8543603e-05,3.4169034e-05,6.8516055e-05,1.1694744e-05,-5.2801468e-06,2.7450273e-06,-0.00010055863,0.00014963284,-0.0002797203,3.2581725e-05,-4.2904401e-05,-1.2479453e-05,-3.9323813e-05,4.745887e-06,-7.6200743e-06,8.2339148e-05,-0.00012749381,-7.0715619e-05,1.5654812e-05,-8.8281628e-05,3.4082104e-05,5.1732277e-06,-1.4580915e-05,3.2710172e-05,0.00014396906,5.2448066e-05,-3.9324317e-05,-1.841324e-05,3.7642945e-05,-6.9562351e-06,0.00012092628,-0.00022764753,0.00077362911,-3.390873e-05,5.9133427e-05,1.456199e-05,5.2812239e-05,2.4798583e-05,-6.2822484e-05,-0.00026289768,0.00015234109,-4.3295406e-05,1.9795805e-05,0.00012190875,-1.9371577e-05,-2.8518201e-05,3.2229356e-05,-0.00080931118,-0.00033364404,-0.00013846366,4.7675767e-05,-4.2532047e-05,3.5705803e-05,-3.2797848e-05,-1.6150689e-06,5.411414e-06,-0.00023266825,0.00017948837,2.2755229e-05,-8.4510607e-05,1.1907825e-05,2.6950322e-05,-1.075752e-05,-8.8759827e-06,0.00014272227,0.00010050944,0.00013374249,-5.3258397e-05,0.00022244986,0.00010537295,-0.00013126369,1.9088003e-05,-5.4722377e-06,0.0006301572,-0.001521596,-0.00024220832,0.00067821977,0.00020049111,0.00011426098,-0.00010133615,9.688081e-05,9.8472013e-05,1.006185e-05,-1.160716e-05,-1.7102992e-05,0.00033025705,-0.00018017487,-0.00038812975,7.4635797e-05,-2.2659372e-05,-5.5480778e-05,5.3689357e-05,0.00015006201,-0.00026518922,-5.3876252e-05,-0.00030442978,2.2922477e-05,-0.0003777276,-0.00017776305,0.00039800713,-7.1832768e-05,1.7727167e-05,-3.1797766e-05,-8.1326413e-06,-7.7108202e-05,-5.564085e-05,-9.8978155e-05,6.3204268e-06,-1.3106608e-05,9.3618487e-05,-1.0957413e-05,0.00011767253,-2.6878545e-06,-1.0450293e-05,-5.0683373e-06,7.3108927e-05,2.6790671e-05,9.1714552e-05,7.2287214e-05,-3.2073936e-06,0.0001810541,-3.1170518e-05,4.8261002e-05,-1.5650628e-05,1.0196641e-05,-2.1224908e-06,-2.0229807e-05,-0.00013051125,-4.9601568e-05,6.7522906e-05,0.00012287932,3.0633732e-05,-1.2381832e-05,-7.7417953e-05,-5.9991752e-05,-0.00044836061,7.5647493e-05,-2.5023826e-05,6.3740546e-07,-3.3605246e-06,-4.103201e-05,-7.0288091e-06,8.0498358e-05,-8.3757303e-05,0.00014239403,9.4722487e-05,0.0001249845,-4.7281381e-05,-2.183277e-05,-7.7696373e-06,-0.00056539712,0.00068951018,-0.00075860596,0.00019538086,-1.9689682e-05,7.2181991e-06,0.0001671629,-0.00035015904,0.00026088452,-0.00038729945,0.00054063446,-8.5938678e-05,2.0764359e-05,9.0827849e-05
"7",0.0024520661,-0.00052900407,-0.0064835266,0.0023216842,-0.00024835585,0.00015089987,0.0036070678,0.00054245466,-0.0002744392,8.603701e-06,0.00011620686,4.4294004e-05,-6.4133729e-05,8.2993612e-05,-0.00078119487,0.00032645032,-0.00018963045,0.00042670653,-0.0013241166,0.00023939617,0.00023057452,0.00019844336,-0.00015103313,6.9085963e-06,0.00014421848,-6.196653e-05,-0.00017869398,0.00041647929,-0.00043734895,0.0024934788,-0.00032634822,0.00020630438,0.00059900855,-0.00029762266,0.00090881186,-0.00048214409,0.0019814054,1.2073441e-05,0.00022931837,-7.5882334e-05,0.00035509099,-0.00021121337,-9.7470442e-05,0.00063069805,0.00011825588,6.2874842e-06,-6.1254349e-05,0.00012573084,0.00045772274,-0.00039111819,-0.00011864408,3.461774e-05,0.00017052481,0.00025176517,0.00021560958,0.00014660497,-0.00024457088,-0.00050632943,5.7986235e-05,0.00013581735,-0.00060559865,-4.4476786e-05,-4.7076491e-06,0.00013375559,-0.00066083353,0.00044224557,0.00017848421,-0.0012222373,-0.00026267104,-4.2821856e-06,7.5280598e-05,1.9648586e-06,-0.0012299486,0.00082739464,0.00023203587,-0.00010022298,-0.00034234768,-0.00054269131,-0.00048732978,-0.00051445281,0.00031945849,0.0010027187,-2.3763512e-05,-0.00041449934,0.00097670437,0.00011440119,5.7962388e-06,-0.0021166848,0.00014252985,-0.00034134887,0.00039227996,-8.0451232e-05,-5.8858666e-05,9.8577778e-05,4.267287e-05,7.9895746e-06,-0.00066096955,0.00036496767,0.00025593385,-0.00039039774,2.9474733e-05,8.3561218e-05,7.3344139e-06,-2.3228529e-05,0.00041119406,0.00028619648,0.00039697362,-0.00033589536,0.00066503174,0.00051594019,-0.00044013623,4.9986091e-05,6.0787778e-07,0.00097919862,-0.0061124517,-0.00070852886,0.00044972044,0.00063695112,0.00021533301,-0.00056652611,0.00019594469,0.00064404398,-0.00021509777,-0.00020857563,-5.122118e-06,0.00092299535,-0.00033447393,-0.0023685068,0.00020646819,2.7096997e-05,-0.00018924415,6.4945187e-05,0.00046731619,-0.00066324153,-0.00011814672,-0.00078976485,0.00043343129,-0.0011907804,-0.0011010942,0.0011802589,-0.00020357675,2.1498541e-05,-4.1717842e-05,1.1454256e-05,-8.5577869e-05,-0.00010804987,-0.00017729625,-2.7013271e-05,-1.2234102e-06,0.00021362323,-8.7681454e-06,4.2680347e-05,-0.00010011467,1.4282336e-05,-2.6714e-06,0.00015687927,4.2870061e-05,8.755321e-05,2.8191832e-05,3.4542966e-05,0.00026903848,-1.0829702e-06,0.00018285909,-7.1343556e-05,-5.7616646e-05,-8.3953728e-06,8.5591415e-05,-4.9901662e-05,7.137883e-05,-0.00034106958,4.1909836e-05,-8.2520069e-05,9.9113029e-06,3.718345e-05,-0.00037639201,0.00039650571,0.00059630328,-8.673513e-05,-1.1110548e-05,5.0314018e-05,3.9709951e-05,0.00013192344,0.00023824621,-0.00036607244,9.6737293e-05,0.00033626551,-0.00015927832,-1.5085758e-05,-0.00018281095,-3.7466412e-06,-0.0021498641,0.0029952428,-0.004507065,0.00078290128,-8.2089565e-05,-8.1485954e-05,0.0012344645,-0.0018093514,0.00020026388,-0.0020258286,0.0024657125,-0.0004095617,0.00068383345,-0.0016806348
"8",0.0023553439,0.001143981,0.00072583011,0.00052223025,-9.8775809e-05,7.0062602e-05,0.00054245466,0.0015352207,-9.7091798e-05,-2.7455017e-05,7.4326444e-05,3.5209901e-06,-3.2623384e-05,5.2230398e-05,-0.00016621748,0.00014356481,-0.00027533458,0.00023759842,-0.00044110828,0.00014244777,-2.1402594e-05,4.3016215e-05,-2.295692e-05,0.00015279414,5.9848904e-05,-5.6233009e-05,-0.00017304646,-0.00032090776,0.00010362476,0.00021822175,-0.00041853035,0.000268887,0.0023738238,0.00010881838,-0.00079344796,-1.1964275e-05,-4.1286691e-05,0.00022878162,-0.00012065906,3.1680873e-05,7.5960148e-05,-9.9513235e-05,-0.00027268621,7.3216475e-05,-4.9359987e-05,1.2603871e-05,1.1906708e-06,3.4164927e-05,0.00039731487,9.4471908e-05,-4.6578067e-05,-3.9016549e-05,6.3919856e-05,6.5325945e-05,-7.2295996e-05,0.00013024737,-2.9580126e-05,-0.00018557919,-1.9272336e-05,0.00010352606,-0.00014541719,-6.3771396e-06,-6.6730707e-07,-0.00014221754,-7.2693813e-06,0.00018031042,0.00037006533,-0.00017613796,0.00015190194,-7.2400564e-06,-0.00017614151,-0.00011442524,-0.00039523688,-0.00032505185,3.3614225e-05,0.00013013386,-1.4450216e-05,-0.00025143105,0.00017189361,-0.00028438514,0.00029435832,0.00023945604,0.00030231211,1.0167333e-05,4.2421705e-06,0.00016382422,-1.8955561e-05,-0.00035195352,-0.00014194445,-6.6691893e-06,4.8449361e-05,-3.8836174e-05,-9.5258683e-05,5.6782866e-05,-3.1786725e-05,3.9187206e-06,-6.5050638e-05,0.00011375702,6.6552119e-05,-1.4956886e-05,1.1534652e-05,9.7956971e-06,2.1124108e-07,5.047748e-05,7.6279949e-05,-6.6254945e-07,7.5148433e-05,-7.7178581e-05,0.00011773997,0.00017052358,-8.9290072e-05,-2.1597164e-05,1.2783484e-06,-0.00049516554,6.9546074e-06,-0.00076003127,0.0006720326,0.0002225767,-0.00034122414,-1.7301038e-05,-5.81558e-05,2.9429182e-05,5.3254671e-05,5.2098812e-05,5.882623e-06,-0.0001882949,1.2784819e-05,-0.0002183943,-0.00018614354,-7.3727949e-05,6.8321824e-05,0.00010547588,0.00016925215,-1.3212953e-05,-5.5949461e-05,0.00011639204,0.00013401326,0.00024531495,-0.0001156391,0.00010757455,0.00016446362,-1.6859665e-05,-7.5685765e-05,-1.2183552e-05,-1.9609437e-05,-6.8409818e-05,-0.00010512711,-2.8191614e-05,4.391474e-06,6.6751837e-05,-0.000101504,0.00010713315,-1.8158315e-05,1.065677e-05,-6.8186339e-06,2.7249743e-07,-0.00010353067,-5.342665e-05,1.5850843e-07,-3.8523423e-05,2.7734833e-05,7.5100562e-06,6.0521635e-05,-2.8761386e-05,-6.2222344e-05,-3.06216e-06,0.00012522597,-0.00011865086,-6.1291607e-05,9.3321333e-05,1.8321942e-05,4.1539143e-05,-2.6585889e-05,9.3465108e-06,0.00038928841,-0.00015158112,0.00011861762,-4.3001039e-05,2.505725e-06,1.1234199e-05,0.00014223219,0.00040379234,1.7857973e-05,4.6035167e-05,0.00024233942,-4.0260711e-05,-3.930842e-06,-7.9215551e-05,0.000103205,-4.4438367e-06,-0.00043071889,0.00060105656,-0.001387439,0.00018335665,6.6208988e-05,0.00022743678,0.00038728346,-0.00049549201,0.00018793362,-0.00066666196,0.00083560249,-0.0001198272,2.1549975e-05,0.00041114526
"9",-0.00047369151,0.00015201273,0.00045688573,-0.00028155792,4.7565261e-05,-3.3828777e-05,-0.0002744392,-9.7091798e-05,0.00075454406,-3.3832391e-06,-3.093838e-05,2.3943518e-05,-1.4632609e-05,-6.5110083e-05,0.0001576426,-5.2637321e-05,0.00020473914,-9.3110549e-05,0.00014720643,-4.3754182e-05,-8.4614898e-05,-1.5572537e-05,4.2939964e-06,4.0157136e-06,4.1252485e-05,-1.2343446e-05,8.2812574e-05,8.0825605e-05,-8.980523e-06,8.1484877e-05,-5.4419339e-05,-5.3302812e-05,-0.00035545478,0.00011103375,-0.00019703545,-0.00012080405,0.0028973663,-6.6081643e-05,-0.00010088131,-2.1094131e-05,-1.1472545e-05,-6.2253879e-05,2.8514061e-05,-0.00013928247,1.1817199e-05,-2.4860078e-06,-4.7278421e-05,-7.6455769e-05,-0.00012498683,-6.59068e-06,-1.8624959e-05,2.5152501e-05,2.1537141e-05,-4.8069373e-05,-5.1499861e-05,-8.1537065e-05,-1.5133227e-05,5.104384e-06,4.8646539e-05,5.7080946e-05,6.7629014e-05,3.9283393e-06,3.4786084e-06,3.7096309e-05,-3.891554e-05,0.00011277937,3.6021573e-06,0.00023753888,-1.6961771e-06,-1.5614323e-06,8.3854985e-05,0.00013935398,3.5384269e-06,-2.8971734e-05,1.6020098e-05,-3.1992818e-05,-4.9608959e-05,0.00010508294,7.3348496e-05,0.00013202971,-2.2473992e-05,-1.24129e-06,-0.00012199579,-5.928079e-05,-1.816252e-05,-1.927357e-05,-5.2527911e-06,-0.0023130475,-0.00041121619,-0.00032439634,0.00019791732,-0.00016015905,-7.566343e-05,-0.00022636218,1.3889647e-05,2.3758734e-06,-0.00056442289,0.00028784944,-8.0121934e-06,-0.00014122839,2.0666181e-05,8.3856461e-05,2.7871005e-05,-0.00014539289,0.00040409994,0.00018452218,0.00053798812,1.4292538e-05,0.00067452591,0.00032766202,-0.00032977831,6.4918241e-05,-4.6900282e-06,0.005883864,-0.012757599,0.0020311896,-0.00017632116,0.00011921781,0.001328167,-0.00055219114,0.0011072583,0.0018352733,-0.00027498393,-0.00029382424,-7.0066955e-05,0.0020909651,-0.00080544053,-0.0036560238,0.00077464892,0.00027926822,-0.00049078867,-0.00053348347,-6.2824252e-05,-0.0014209694,0.00012983616,-0.0029082425,-0.00028171931,-0.0032994655,-0.0016612846,0.0024717819,-0.0011258461,0.00011788195,8.9500953e-06,-1.9332683e-05,3.6914985e-05,-9.0450453e-06,3.2928168e-05,2.5831627e-05,-1.2982477e-06,-2.0898547e-05,3.893049e-05,-4.9678483e-05,-4.178665e-05,-8.8820449e-07,2.2108609e-06,-8.4818682e-06,-2.631674e-05,-8.3293078e-06,-1.8634474e-05,1.8051181e-05,-4.3155206e-05,3.3809627e-05,1.8140407e-06,1.2000257e-05,8.6011616e-06,-1.4802575e-06,-0.00010511921,8.4314567e-05,8.4889535e-06,3.5357912e-05,-9.7135032e-05,1.9050959e-05,-6.3253007e-06,-6.8088654e-05,-0.00011588549,0.00024426232,-0.0001396327,5.226891e-05,-2.9676834e-06,-1.3585693e-05,-3.6102278e-05,-8.681279e-05,4.3328291e-05,1.3993957e-05,4.2944978e-05,-3.2151092e-05,8.3507151e-06,4.8065859e-05,1.8290782e-06,-5.9274412e-06,0.00031357256,-0.00042561163,0.00062112626,0.00056305484,-0.00039840855,-0.0010667283,-0.00014109387,0.00021507334,4.8063219e-05,0.00021722186,-0.00021545425,-9.0253198e-06,-0.00022997743,0.00035342003
"10",-0.00022516408,0.00018093537,-0.00010357258,-0.00011924495,6.5173601e-05,-3.9450037e-05,8.603701e-06,-2.7455017e-05,-3.3832391e-06,0.0011569591,-1.2265839e-05,-6.5091674e-06,1.8069367e-05,-8.8190087e-05,-1.9458917e-05,0.00013205604,3.2742301e-05,0.00058868536,0.0001082638,-4.2771976e-05,3.9445213e-05,-3.5836069e-05,2.2445667e-05,-3.8204921e-05,-8.7533965e-06,6.6809989e-06,2.142553e-06,0.00015404592,5.0869993e-05,0.00024521411,-8.0031278e-05,7.1183029e-05,0.00086621374,-4.9280356e-05,7.0374654e-06,0.00017177621,-0.0029733341,0.00021247632,-0.00050419579,5.3180567e-06,2.1772242e-05,-1.6913735e-05,4.9943753e-05,-1.8254631e-05,-8.497409e-06,3.9110011e-06,3.7288022e-05,-1.2485025e-06,1.4378803e-05,7.7019561e-07,1.1057467e-06,-7.669804e-07,0.00010937987,6.94569e-06,9.0515117e-06,-1.7806268e-05,-3.2247139e-06,4.7250928e-05,-1.5391491e-05,3.2990611e-05,-7.5358873e-05,5.5650681e-06,1.7201962e-07,-9.5095716e-06,-1.8883618e-05,7.1826033e-07,-6.1493369e-05,6.5083639e-05,9.4490395e-06,-5.6029542e-06,5.4723501e-05,6.1937944e-05,-0.00020923762,-4.0205006e-05,1.5949163e-05,-1.0716047e-05,-8.2121529e-05,-5.0742607e-05,-2.0753102e-05,6.1569045e-05,-1.1603251e-05,8.7447849e-05,-1.6434929e-05,-6.0567794e-05,2.2797114e-05,-2.1222539e-05,-4.6502449e-06,0.00021755146,0.00015659226,3.5422605e-05,-5.4550728e-05,-5.2816593e-05,-3.2799452e-05,1.1813304e-06,5.8589645e-06,3.4790198e-06,0.00014201701,3.2700126e-05,-9.8183895e-05,-1.2730978e-05,-1.8951259e-05,-1.8347311e-06,8.6746128e-06,5.7121522e-05,-1.9196105e-06,-8.0131321e-05,6.1861071e-05,7.5581135e-06,-3.9499493e-05,-7.2580039e-06,-6.7929722e-05,-1.2556466e-05,-1.0914251e-06,0.0028764166,0.0020920544,0.0083318012,-0.00022729185,-0.00025906945,0.0017602915,0.00070522326,0.0014680821,0.00031922881,-0.0019502269,-2.2033944e-05,-5.0038371e-05,6.6420306e-06,-0.0009176965,-0.00066874817,0.0010687029,0.00071359918,6.3004912e-05,-0.00084122493,-0.0040158764,0.00086973211,0.0017314262,-0.0001751483,-0.00044920742,-0.00051013856,-0.00018084957,-6.3227589e-05,-0.0009683888,8.4996116e-05,-1.2704215e-05,-1.4471266e-05,4.3898393e-05,4.854726e-05,0.00010714386,-3.7295175e-05,1.3168588e-05,-0.00022525275,-6.2987509e-05,-7.020495e-06,1.1165804e-05,-3.2150787e-05,9.2757385e-06,-8.3611576e-05,5.1658063e-05,-3.5767618e-05,-5.7977034e-05,1.7934398e-05,-0.00023250392,1.3369157e-05,-8.5608636e-05,-4.4291432e-05,1.6410989e-06,4.7512756e-06,8.7767501e-05,1.4416951e-05,9.0221197e-06,-3.3570476e-05,-4.1263481e-05,7.7913453e-05,-1.1449057e-05,0.00030663063,0.00014793295,4.0938297e-05,-0.00017758922,5.9990161e-05,-4.8193134e-05,1.9717184e-05,-1.9835313e-05,-6.3985581e-05,1.2464813e-05,-6.1808482e-05,0.00019197485,0.00010842407,0.00019196452,0.00011928626,-1.4799371e-05,2.5046292e-06,0.00012084261,-0.00014853775,0.00017193932,-5.5211906e-05,-0.00074272106,-0.0033635638,-3.7845974e-05,0.00014848501,-0.00010256459,8.9661344e-05,-0.00012162274,7.3605569e-05,-0.00016522338,0.00046280579
"11",0.0004100378,-0.00021567573,-0.00023578404,0.00026930819,-0.00013370654,4.0186136e-05,0.00011620686,7.4326444e-05,-3.093838e-05,-1.2265839e-05,0.00028937637,-6.9545223e-05,-2.3100922e-05,2.1880118e-05,-2.7354905e-05,-1.2646674e-05,-4.7044856e-05,2.3609717e-05,-0.00014116345,2.3975765e-05,-1.3628841e-05,-1.0005044e-05,4.2329396e-07,-0.00017210216,2.8844981e-05,-2.5067859e-05,5.5770289e-05,-8.1277829e-05,5.3175234e-05,7.2622071e-05,-4.7615426e-05,4.479118e-05,-0.00012448528,0.00011634149,-5.6841564e-05,-6.354651e-05,0.00016091733,-7.3018751e-05,0.00014843799,-1.2479641e-05,3.0140028e-05,-4.326244e-05,-1.9385987e-05,6.5266827e-05,-7.283347e-06,6.4042847e-07,-9.460905e-05,1.1263978e-05,-0.00010314511,2.2327335e-05,-1.6331311e-05,-9.5073702e-06,-2.3271529e-05,-1.5473653e-05,-3.6012986e-05,7.5308343e-05,-8.865754e-05,-8.2581541e-05,1.1456728e-05,-3.0023085e-05,-2.8959864e-05,5.6868859e-06,-2.524765e-06,2.4011663e-05,-9.137594e-06,7.5252305e-05,2.4211097e-05,-9.847923e-05,3.6051501e-07,-4.9755169e-07,0.00011228147,-3.8424917e-05,0.00018671734,1.4515123e-05,2.6548845e-05,2.3763068e-07,-8.9980987e-06,-1.5243015e-06,7.9006442e-06,-0.0001519132,0.00011223582,7.3919531e-05,1.272352e-06,1.176824e-06,4.1015292e-05,4.3014918e-06,7.2895323e-06,-0.00021005989,-5.6616573e-05,-2.4147245e-05,2.2643379e-05,-2.9766376e-05,-3.3519558e-06,6.3285497e-06,7.0659674e-06,6.9963979e-07,-7.8198001e-05,4.1693576e-05,-4.8796434e-05,-5.8155971e-05,1.0307475e-06,1.4067424e-05,7.6858169e-06,1.7507931e-05,2.9512044e-05,4.0745105e-05,2.8933154e-05,-5.7994272e-05,8.5828719e-05,3.5552162e-05,-2.2316059e-05,1.2289209e-05,-1.3123811e-06,-9.4011431e-05,-0.00015414666,-0.00026469163,0.00018117052,1.482932e-05,-2.9984626e-05,-2.6574456e-05,2.9198281e-05,-4.5941315e-05,5.4951839e-05,-1.1237746e-05,8.6648702e-07,4.8663797e-05,-1.0393323e-05,3.0536353e-05,9.760552e-06,-3.099616e-05,-1.5317355e-05,2.2082764e-05,3.343253e-05,-5.5765362e-05,-3.3287347e-05,3.42268e-05,0.00011515205,-3.1409024e-05,-3.7294721e-05,-7.2897386e-06,2.3598369e-05,9.6599319e-07,-4.1775344e-06,1.4309568e-05,-3.0806434e-05,-3.9906676e-05,-7.9696137e-05,1.6181589e-06,1.7924391e-07,3.6515354e-05,-4.0142317e-06,4.4197292e-05,-2.1839754e-05,-5.8185335e-06,8.4415506e-06,5.2641863e-05,2.7103317e-05,5.1173139e-05,3.0839232e-05,1.6327613e-05,6.3894193e-05,-1.2058396e-05,3.4896644e-05,1.5206626e-05,1.0218165e-05,-1.1409755e-06,2.9949568e-05,-0.00013803962,3.4429834e-05,4.5280148e-05,7.1691196e-05,-2.5746989e-05,2.015417e-06,-1.5145705e-05,0.0001581372,-0.00017231112,0.00010474,9.3672692e-06,-1.6829401e-05,-4.3098235e-05,-2.4143042e-05,-1.9720606e-05,-4.3693752e-05,5.4810276e-06,-1.5189307e-05,-3.2633015e-05,-4.8087829e-05,-4.5451399e-05,4.5833179e-05,-3.5408436e-06,-0.00024588369,0.0003107713,-0.00039718203,4.8598192e-05,7.6796548e-06,9.7307479e-05,0.00013359047,-0.00018831303,8.3650918e-06,-0.0002523982,0.00029680106,-2.8022592e-05,9.5305753e-05,-5.6805331e-05
"12",1.7264939e-05,-0.00011304913,-9.5185114e-05,0.00010003472,2.9451085e-05,1.3187206e-05,4.4294004e-05,3.5209901e-06,2.3943518e-05,-6.5091674e-06,-6.9545223e-05,0.00065508323,-1.1376816e-06,0.00011318243,1.5233748e-05,1.7288015e-05,1.996594e-05,2.8358516e-05,-6.5537303e-05,1.4064802e-05,2.6471108e-05,2.451943e-05,-5.4339465e-05,0.00019576106,3.0489751e-06,1.0686941e-05,-1.4753588e-05,-1.9547259e-05,-2.7234674e-06,2.6782747e-05,-2.8356977e-06,-7.5138941e-05,4.048775e-05,2.7414797e-05,-9.3866282e-05,6.8798139e-05,0.00022513295,-1.1744559e-05,8.4984889e-05,1.1637418e-05,-4.0836077e-05,-3.4155471e-05,3.0110619e-05,-8.6845492e-06,3.3467961e-06,1.0526726e-06,-1.369542e-05,2.6637231e-05,1.4176469e-05,-2.7679601e-05,-1.4292624e-05,5.4492959e-07,-1.4193353e-05,1.7061056e-05,-3.5969493e-05,1.3330527e-05,-5.2618338e-05,1.2017566e-05,2.3457247e-05,-2.7137332e-05,-1.3169724e-05,-1.7892993e-05,4.5816516e-06,2.9536329e-06,2.8280285e-05,3.8425499e-05,-3.0725494e-05,6.8911209e-05,7.9487801e-06,-3.580211e-06,8.0187528e-05,-3.1012458e-05,-7.4530653e-07,-3.2571984e-05,1.7185579e-05,-1.9030458e-06,-8.1488016e-06,1.7827256e-06,3.7122004e-05,-3.6566074e-05,5.8612764e-05,6.4439083e-06,-2.4968035e-06,2.6136548e-05,2.1042091e-05,2.2379555e-05,2.1455221e-07,-0.00013488062,4.5244285e-06,-6.0516507e-05,6.6734606e-07,2.2318182e-05,1.539855e-05,3.3276001e-06,-2.2347992e-06,1.4796454e-06,-2.7943063e-05,1.2553806e-05,-4.3074984e-05,-1.5765712e-05,-4.5497766e-06,-3.771876e-06,-2.7411185e-05,-1.8838949e-05,3.7867612e-05,3.2237253e-05,-6.9914761e-05,-4.5921343e-05,4.1417607e-05,-8.601024e-06,5.8403855e-06,4.2063556e-06,5.4440399e-06,5.12887e-05,-0.00080396689,-0.00025306613,5.1987505e-05,0.0001310144,4.3881313e-05,-5.5418984e-05,3.1595968e-05,5.4821467e-05,7.1849204e-05,1.3369765e-06,-7.3291086e-06,9.9244245e-05,-3.9957829e-05,-0.00011686951,-5.3039052e-05,-2.7803646e-05,-3.3711684e-05,3.3906154e-05,0.00015680649,-0.00010042115,-5.0307094e-05,6.9604467e-05,4.0596558e-05,-0.00024062008,-4.3789081e-05,0.00016064236,-2.3161708e-06,-5.0412799e-06,-2.2231882e-05,2.9957005e-05,8.5281973e-06,-7.3357866e-06,-4.5329122e-06,-6.6347168e-06,2.155399e-06,1.6194072e-05,-1.788706e-05,2.1697501e-05,1.1630608e-05,2.717723e-06,-8.03442e-06,2.7685647e-05,1.5468272e-05,7.3647752e-06,1.8688532e-05,-1.5386303e-05,3.021287e-05,1.2203239e-05,1.4571504e-05,-7.0879711e-06,-2.9237537e-05,-2.2032572e-08,8.5326527e-06,6.3991879e-05,-6.5329026e-05,-5.5100064e-05,-7.5606729e-05,1.4594188e-05,-1.3615873e-05,2.6156915e-05,-2.9689772e-05,9.8336509e-05,5.1293825e-05,-2.2601119e-05,1.2885998e-07,-5.5113241e-05,-8.0140144e-05,3.6025664e-05,3.6555017e-05,-5.1421238e-05,3.7703095e-05,6.0323626e-05,6.6705029e-05,5.8162863e-05,-1.4516202e-05,1.0561631e-06,-4.527089e-05,7.5490016e-05,-7.9104076e-05,5.6743906e-05,-3.2403956e-05,0.00011780761,5.5852262e-05,-0.00010041055,4.492842e-05,-7.8404457e-05,7.6261782e-05,-4.2263783e-05,3.5352497e-05,-1.1296151e-05
"13",-6.0236103e-05,0.00022329658,0.0001627314,-0.00019014345,3.8012402e-05,-8.9647508e-05,-6.4133729e-05,-3.2623384e-05,-1.4632609e-05,1.8069367e-05,-2.3100922e-05,-1.1376816e-06,0.00031578234,-8.8607982e-05,3.230835e-05,-4.9314517e-05,7.4304993e-05,-9.5541045e-05,8.8273166e-05,-6.4966048e-05,5.1431015e-05,-1.4450604e-05,2.4405714e-05,-2.9975938e-05,-0.0001233317,6.2223305e-05,-0.00010286983,7.4415207e-05,2.6294412e-05,3.055954e-05,0.00011154702,-9.8576286e-05,-3.9771877e-05,-2.4412396e-05,-2.5383215e-05,7.2961801e-05,-0.00045656392,-9.3306405e-06,-5.0348149e-05,1.2935077e-05,-8.5219727e-06,-1.5129827e-05,-1.3569148e-05,8.815086e-06,-2.829456e-06,1.0701586e-06,4.5091659e-05,-4.3824862e-05,7.7908997e-05,-1.8469298e-05,1.7866676e-05,-8.8012016e-07,-4.8292335e-07,3.100039e-05,2.4433324e-05,-1.9656784e-05,3.5160712e-05,3.0065262e-05,-1.2308412e-05,9.8121623e-06,-3.4915403e-05,1.8699789e-06,3.4412248e-06,-1.9504593e-05,-1.1854851e-05,-4.4552477e-05,-6.0772863e-06,2.6605708e-05,1.2887435e-05,-2.9918405e-06,-7.5170109e-06,9.2974724e-05,-1.4402005e-05,-1.2152761e-05,-6.8342918e-06,4.0315226e-06,3.6826265e-05,-8.1107029e-05,-4.2026582e-05,8.3549106e-05,1.9593757e-06,1.6896695e-05,1.6815608e-06,1.5520326e-05,-1.6947417e-05,9.6957716e-06,-9.4409843e-06,0.00037567456,0.00024925476,7.7005717e-05,-7.5569582e-05,3.888959e-05,-4.2234054e-06,1.3012056e-05,7.1157625e-06,-3.4727972e-06,9.4051733e-05,-0.00011598223,-9.2227486e-05,3.2631125e-05,-1.9669018e-05,-9.9211829e-06,7.1785661e-06,1.3074411e-05,-5.8251392e-05,-2.7433929e-05,-8.5763113e-05,1.0498825e-05,-0.00013285672,-8.3973628e-05,5.2471716e-05,-2.8575767e-05,-2.8911398e-08,-0.00051421104,0.00084805997,0.00013505357,-0.00055179338,-0.00010817236,-0.00010684153,0.00013456354,-8.805733e-05,-9.0154093e-05,-5.1299857e-05,2.6275848e-05,1.1274026e-05,-0.00015304154,0.00015246669,0.00051782202,-0.00010687562,5.2680748e-05,3.890449e-05,-3.7573839e-06,-7.736248e-05,0.00017464264,1.3350186e-05,0.00022602554,-8.2757132e-05,0.00031623027,0.00025981752,-0.00021991649,7.9243355e-05,-4.2856865e-06,6.778434e-06,2.8222382e-05,3.246891e-05,4.4791677e-05,5.6115805e-05,-4.3789948e-06,4.6271678e-06,-9.8228517e-05,9.2265384e-06,2.2322646e-05,1.0303727e-05,6.0837694e-06,-1.8023013e-06,-3.3125511e-05,-5.9123996e-06,-4.1369737e-05,-3.99563e-05,2.1124728e-06,-0.00016200649,-1.0511117e-05,-1.4861691e-05,2.5467303e-05,-1.1700006e-05,4.5815017e-06,3.8348974e-05,8.838645e-06,-2.7120717e-05,2.5500243e-06,1.465013e-05,-5.321849e-05,8.7405628e-06,9.805531e-05,5.0790889e-05,-0.00016758076,1.6435807e-05,2.5228267e-05,-1.2309212e-05,4.7692671e-05,1.2500409e-05,-3.6245232e-05,2.3160179e-05,7.3215674e-05,0.00014231829,-2.5823212e-05,5.9850651e-05,-2.9043351e-05,1.0996885e-05,2.3569479e-06,0.00018521915,-0.00025178839,0.00027275301,-9.902506e-05,1.2432942e-05,-3.2065753e-05,-5.2241829e-05,0.00013841998,-0.00019136883,0.00016176266,-0.00018390567,2.5242476e-05,2.8259326e-05,5.9518052e-06
"14",0.00011464816,-0.00014230067,-0.0001725923,0.00012367553,-2.1082653e-05,7.36775e-05,8.2993612e-05,5.2230398e-05,-6.5110083e-05,-8.8190087e-05,2.1880118e-05,0.00011318243,-8.8607982e-05,0.0008344356,-2.4925555e-06,4.4668397e-05,-7.3814362e-05,0.00020409228,-0.00011289526,6.1238682e-05,6.2200244e-06,-1.2116667e-05,-2.4649503e-05,4.1794589e-05,6.9568333e-05,-0.00015146986,0.00021549989,-0.00010171295,1.9230703e-05,-0.0001047476,-7.3850372e-05,5.4102853e-05,-0.00010945472,4.3190155e-05,3.6040393e-05,2.9919627e-05,0.00038437167,-0.00015128475,0.0004661883,3.7795232e-05,-2.902134e-05,1.5448582e-07,4.7380081e-05,-2.5045914e-05,-1.050217e-05,7.4132624e-07,-7.2830398e-05,-3.8648304e-05,1.1664094e-05,-3.1325661e-05,-7.9120936e-06,-2.6663173e-06,9.9563225e-06,5.8263276e-05,-1.5529676e-05,1.811812e-05,-7.4840621e-05,-6.4191257e-05,3.5395092e-06,-5.2691403e-05,5.2599567e-06,-1.1259286e-06,-2.9804996e-06,-3.5095499e-05,6.0734908e-05,6.1519142e-05,-6.4032003e-05,-5.0275927e-06,5.80798e-06,-1.302935e-06,3.3743376e-05,-1.0385094e-05,0.00026319054,4.989744e-05,-1.085487e-05,-1.1163517e-05,-3.910346e-05,-3.0049091e-05,-1.2010848e-05,-4.8628338e-05,5.241545e-05,-1.3254321e-05,1.2481548e-05,3.4455635e-05,-9.0152367e-07,-2.546278e-06,9.0588246e-06,6.1069755e-05,-0.00011677442,-4.6842492e-06,-1.9931786e-05,-3.5279007e-06,1.6013979e-05,4.0151388e-06,-2.4625676e-05,8.3869759e-06,1.3414005e-05,1.853555e-05,2.154511e-05,-6.4046111e-05,2.8217884e-05,-1.1517373e-05,-2.6643079e-05,6.0164738e-05,-7.9531444e-07,-7.9497554e-06,-2.146802e-05,-5.6690461e-05,-4.4471823e-05,-9.3850807e-06,-8.2261917e-06,1.907784e-05,5.9020242e-07,-0.00083285248,0.00076630837,-0.0014483989,0.00059245587,0.0003536799,-0.00032634273,-0.00010059604,-0.00035480691,-0.00022205989,0.00028884821,0.00012565702,-6.740261e-06,-0.00024761703,4.5557652e-05,0.00071637309,-0.00018427435,-0.00017304888,2.5060434e-05,0.0001440909,0.00041713003,-0.00014092321,-0.00026481314,0.00026382067,0.00016239867,0.00021654596,6.6435024e-05,-0.00023711238,0.00017721599,-2.58095e-05,-3.345609e-05,-3.2555078e-05,-3.2342197e-05,8.6976834e-06,-5.9875163e-05,2.8739276e-05,-7.0813551e-06,0.00013158684,1.2757892e-06,0.00012207237,-1.0007657e-05,-1.1455565e-05,2.4016494e-05,6.508734e-05,3.9043439e-06,6.7465449e-05,0.00012049754,4.3257529e-07,0.00017723048,-8.9209843e-06,2.441358e-05,-1.6408575e-05,2.236033e-06,-7.5809496e-06,2.7687594e-05,7.3021857e-05,-1.0362942e-05,-0.00018190821,-7.9961942e-05,2.8771548e-07,-1.1636137e-05,-0.00012830495,-0.00011941741,-0.00028374842,0.00018277827,-8.9973389e-05,-1.6463745e-05,3.6945938e-06,1.3300784e-05,1.0109626e-05,-3.9640765e-05,-4.045822e-05,2.8223741e-05,6.3089846e-05,-4.1808616e-05,-4.6840587e-06,-1.2872005e-05,-8.1287606e-06,-0.00012756582,0.0001755838,-0.00021072599,-2.390718e-05,0.00011758654,0.00037329735,7.0156291e-05,-0.00017737624,0.00024334216,-0.00020068086,0.00024552148,-7.4338895e-05,-5.6550861e-05,4.1067149e-05
"15",-0.00061570109,-4.8760735e-05,0.0010329144,-0.00041584627,5.8743165e-05,-1.2261434e-05,-0.00078119487,-0.00016621748,0.0001576426,-1.9458917e-05,-2.7354905e-05,1.5233748e-05,3.230835e-05,-2.4925555e-06,0.00090325694,-0.00021264839,0.00012989909,-0.00019712209,0.00025097468,-0.00011576937,-2.2557257e-06,-3.5940884e-05,3.2735486e-05,3.1986615e-05,-1.1333339e-05,3.7390945e-06,0.0002033097,-0.000320816,0.000204465,-0.00077506055,2.1068501e-05,-0.00018298198,-0.00025989269,8.558235e-05,-0.00017635298,3.392949e-05,0.0008539783,-7.3538508e-05,-0.00020861951,1.9521244e-05,-5.9597766e-05,1.4942875e-05,5.3521579e-05,-0.00012975669,-2.4121865e-05,-3.2860398e-06,3.0629109e-05,-2.1509919e-05,-4.8359017e-05,9.7468082e-05,1.3832268e-05,-3.251306e-06,-2.5314474e-05,-6.1192537e-05,-2.3879696e-05,-3.2394699e-05,2.7179151e-05,0.00012708491,1.9249557e-05,-4.4073637e-05,0.00012009515,7.9163588e-06,-1.8268058e-06,-2.3460601e-05,0.00011770915,-4.0145127e-05,-6.5228003e-05,0.00021549207,3.8109812e-05,-5.5507858e-07,6.6954215e-05,1.1373408e-05,9.1674925e-05,-0.00018632487,-1.4839922e-05,2.377031e-06,4.3165382e-05,0.00014686283,6.7333271e-05,6.895363e-05,-5.6484914e-05,-0.00018564636,-0.00014123551,0.0001040681,-0.00012295229,-3.7275438e-05,5.6275056e-06,-1.828696e-06,0.00024821993,4.522007e-05,-2.8562773e-05,1.481752e-05,-5.5125242e-05,-4.9594718e-05,-2.613936e-05,6.3073911e-06,1.9966004e-05,-3.196873e-06,-0.00010683613,5.9260056e-05,-1.2658613e-05,1.4241374e-06,4.7650655e-05,1.1130194e-05,3.2252004e-05,-7.0402942e-06,1.1725699e-05,6.7281387e-05,5.7613467e-05,-3.6757541e-05,4.9973551e-06,-3.3148207e-05,-2.2005412e-06,0.00058268807,-0.0032656377,-4.9920858e-05,-0.00097349028,0.00011585555,3.4765517e-06,-0.00010999183,9.2449201e-05,0.00061531092,-4.219291e-05,1.0682256e-05,-3.4979854e-05,0.00028523661,-5.2812397e-06,-0.00033824903,8.3932207e-05,4.4903773e-05,-0.00012472806,-0.0001063783,0.00011481006,-0.00043422029,2.8802426e-05,-0.00061713515,-9.4039456e-05,-0.00067374957,-0.00023525761,0.000520426,-0.00013433095,2.0626804e-05,3.0747692e-05,5.4942271e-05,6.4111821e-05,3.1979612e-05,7.5022161e-05,-2.3552359e-06,1.0082844e-05,-0.00012414824,-1.7281675e-05,-2.0383987e-05,-2.9930407e-06,6.6519654e-06,5.0462258e-06,-4.5980323e-05,-5.3481349e-06,-4.635099e-05,-4.5780219e-05,-2.1255185e-06,-0.00014938899,1.7227135e-05,-0.00010323662,1.9154278e-05,9.171483e-06,5.9800929e-06,-9.356595e-06,-4.2845703e-08,2.6066895e-05,0.0002618963,8.7775489e-05,8.6734795e-05,-1.3469662e-05,-3.9972498e-05,0.00014040626,8.4308463e-05,-0.00036619526,6.4740886e-05,-8.3656453e-06,-7.1600405e-05,-0.0001021415,-0.00020367062,-9.3012111e-05,9.1784431e-05,-0.00017319667,2.005122e-05,0.00011345042,9.9632205e-06,9.0554689e-05,-1.163039e-06,0.00038551235,-0.00052599087,0.00081995195,6.7893427e-07,-2.3368784e-05,-4.9489666e-05,-0.0001910149,0.00033331117,-0.00023732919,0.00038851585,-0.00035185499,-1.3236591e-05,-0.00010038856,0.00028939641
"16",0.00029726432,9.5361327e-05,-0.00021594499,0.00020927417,-1.9953695e-05,7.9756101e-05,0.00032645032,0.00014356481,-5.2637321e-05,0.00013205604,-1.2646674e-05,1.7288015e-05,-4.9314517e-05,4.4668397e-05,-0.00021264839,0.0015373886,-0.00011029005,0.00049338405,-0.00013000787,0.00010551393,-7.9335855e-05,-4.6743141e-06,-8.5596478e-05,2.7412364e-05,3.2779153e-05,-1.0523463e-05,-0.00013174299,8.0634965e-05,5.5207407e-05,0.00033441976,-0.00012056646,0.00024737223,0.00023102247,-6.9455655e-05,-0.00012255188,0.00012824833,-0.00059738643,0.00016952566,-0.00015126787,2.4787696e-05,5.3421924e-05,3.4931608e-06,5.7189752e-06,9.3206051e-05,8.4315402e-06,5.5813934e-06,-3.0689956e-05,9.9683048e-06,4.23025e-05,-2.9127828e-05,-1.8797754e-05,1.4877385e-05,1.8056109e-05,4.2697271e-05,-2.8216106e-05,-5.933247e-05,-1.9729536e-05,-1.080827e-05,0.00011096237,4.0608168e-05,-3.047615e-05,-2.6758708e-05,-1.6060016e-07,-1.769632e-05,-1.202012e-05,5.6815503e-05,5.9482831e-05,-7.4614582e-05,1.8710594e-05,-5.5450964e-06,4.3424712e-05,9.6347627e-05,-0.0001680262,3.7817534e-06,1.8968878e-05,-1.0808609e-05,6.0316443e-06,-4.2029204e-05,-3.9833149e-05,6.8618928e-05,4.7752621e-05,-6.7212185e-05,-1.7942791e-05,-6.3045174e-05,4.0745086e-05,5.0092843e-05,-5.6069572e-06,-0.00013744942,-0.00041822386,-1.8496098e-05,3.3602764e-05,-4.3969534e-05,-4.8323856e-05,1.2805508e-05,9.8729599e-07,1.418635e-06,-0.00016238486,3.9513222e-06,0.00023455622,-1.6658464e-05,7.2415005e-06,-2.5947317e-06,-2.2967876e-05,-3.3605148e-05,-1.1020669e-05,-5.7019213e-05,1.6689553e-05,-2.9836012e-05,1.8221749e-05,4.3224734e-05,-9.5996883e-05,5.3434432e-06,3.9922762e-06,0.00044195242,0.0006492057,0.00091562643,0.00081577155,-0.00018119347,0.00018046013,7.6540158e-06,0.00027926228,7.3209215e-05,-0.0002618643,-4.8539711e-05,-3.7792564e-06,0.00026894634,-4.4694318e-05,-0.0010149225,3.5015003e-05,9.670539e-05,4.8006428e-05,-5.7545349e-05,-0.00033588304,0.00016762844,0.00037548339,3.7136903e-05,6.7426158e-05,0.00027772649,0.00011312662,0.00012040549,-3.7645302e-05,-9.5046341e-06,-5.9992332e-05,-4.0755675e-05,-9.8788772e-05,-9.7898795e-05,-1.5978022e-05,-5.181251e-06,-7.0962809e-06,0.00015087899,3.8158841e-05,-1.9776036e-05,1.9185552e-05,-5.2781187e-05,1.7217195e-05,8.9375295e-05,-7.8971228e-05,8.2449185e-05,8.3191203e-05,3.1066131e-05,0.00014058743,-1.7935917e-05,6.2792376e-05,-5.3780744e-05,-2.9905315e-05,-8.1553363e-06,9.7221576e-05,-8.2675822e-05,5.341258e-06,-9.0291841e-05,-0.00025082368,-3.0006727e-05,7.8378992e-06,7.9030127e-05,-3.4590045e-05,8.7852281e-05,-6.9157879e-05,6.7324112e-05,-1.2682804e-05,1.1569189e-05,0.00029488006,0.00014137172,-6.3613464e-05,-0.00015174667,0.00016378834,-4.4980152e-05,-5.109901e-05,7.1602799e-05,4.8275127e-05,-3.5630515e-06,-0.00021595757,0.00027661606,-0.0003923649,2.7071966e-05,-4.1771262e-05,-0.00069330429,7.8893421e-05,-0.00021852191,0.00043922121,-0.00024347906,0.0003014887,5.2093407e-05,-0.00015519575,0.00039864041
"17",-0.00089801991,0.00015370805,7.7955459e-05,-0.00046722519,0.00013652237,-7.2608402e-05,-0.00018963045,-0.00027533458,0.00020473914,3.2742301e-05,-4.7044856e-05,1.996594e-05,7.4304993e-05,-7.3814362e-05,0.00012989909,-0.00011029005,0.00085211649,-0.00025794891,0.00042151504,-0.00021659195,1.9659923e-05,-5.9499854e-05,6.5593761e-05,0.00012967649,-3.3876338e-05,4.2431417e-05,0.00022215664,0.00021084671,-9.1291371e-05,0.00022468574,0.00030146701,-0.0004357706,-0.00072430352,-0.00010203331,0.00025568675,-0.00018221075,0.0018311865,-0.00018189194,0.00017343948,-1.5629238e-05,8.8379801e-06,6.2136826e-05,6.6743289e-05,-3.606717e-05,-5.3493306e-06,1.6124862e-06,4.7331579e-06,-6.2861427e-05,5.3765469e-05,-2.1261474e-05,1.3384638e-05,1.7077028e-05,5.2655143e-05,-3.6024749e-05,1.6387245e-05,-8.4307317e-05,8.7883493e-05,0.00011054707,-5.266369e-06,3.3704179e-05,7.7817661e-05,1.1198691e-05,1.431076e-06,2.4652386e-05,-4.6815981e-05,-0.00014707809,-7.025624e-05,0.0001680162,-2.2139786e-05,-6.2413157e-06,9.3430099e-05,0.00014558694,-6.2588176e-05,0.0001243139,-2.91609e-05,-2.183561e-05,-8.6818761e-05,7.1584013e-05,2.6101704e-05,0.00013963262,-0.00018738409,-0.00011692319,-0.00011080852,-6.2119557e-05,2.6681217e-05,-3.8162127e-05,-2.814928e-06,-0.00018552328,0.00032295299,-5.9580356e-05,-4.6480936e-05,3.6164e-06,1.2358145e-06,-6.5320012e-05,2.4481782e-05,-6.1968935e-06,-3.9185853e-05,8.432208e-05,-0.0001422085,-1.2897768e-05,2.166671e-05,4.0239959e-05,7.9318222e-05,-7.269965e-06,4.8232112e-05,5.5832779e-05,9.8879542e-05,0.00011987237,1.8241532e-05,1.7374367e-05,4.1596814e-05,-1.0811597e-05,-5.7214774e-06,0.0014376194,-0.0057369346,0.00065273236,-0.0014204783,0.00023338225,0.00043928422,-4.3966291e-05,0.00024070091,0.00080828611,-0.00013390295,-0.00014058771,-1.6471619e-05,0.00056920585,-0.0002063071,-0.00096179108,0.0001067769,4.0714775e-05,-0.00027036659,-0.00037997859,-1.2726621e-05,-0.00053417375,1.7850053e-05,-0.0012185364,-0.00037137547,-0.0010765368,-0.00048435582,0.00073951702,-0.0003875583,6.3368361e-05,1.1417735e-05,4.5730544e-06,9.3353013e-05,6.8671362e-05,0.00014589689,1.9531828e-05,5.9845342e-06,-0.00018181787,7.4095242e-06,-1.1257958e-05,1.1797267e-06,1.8907592e-05,-4.5574353e-06,-6.7309149e-05,6.0566224e-06,-6.4775387e-05,-6.5466956e-05,4.2303449e-05,-0.00022678232,6.1657185e-05,-7.8231354e-05,3.4688364e-05,1.7907612e-05,1.2144689e-05,0.00010483618,0.00012513033,-4.5460927e-05,0.00010337651,0.00011470297,-7.602807e-05,2.0887665e-05,-3.7432374e-05,-3.0373828e-05,-0.00018260278,-2.7472862e-05,1.108714e-05,-1.5993523e-05,-0.00012930079,4.4607065e-05,-0.00010310092,-6.1591848e-05,-8.8173075e-05,-0.0002136184,3.370971e-05,3.5094436e-05,3.337302e-06,-2.6260975e-05,6.2153949e-06,0.00044227109,-0.00059686499,0.00078842938,8.4938161e-05,-0.00010815875,-0.00039829747,-0.00031163066,0.00053133023,-0.00030838438,0.0006042513,-0.00076437986,3.8969995e-05,-0.00011862127,-0.00017905668
"18",0.0006071523,-0.00038434477,-0.00091732665,0.00074789865,-8.1264181e-05,0.00018405734,0.00042670653,0.00023759842,-9.3110549e-05,0.00058868536,2.3609717e-05,2.8358516e-05,-9.5541045e-05,0.00020409228,-0.00019712209,0.00049338405,-0.00025794891,0.0035457416,-0.00052696339,0.00033795981,-0.00011503434,3.9121305e-05,-0.00015830448,0.00010672272,0.00010178941,-0.00014997015,-5.0833274e-05,-0.00030688676,0.00032454475,0.0001836012,-0.00043338752,0.00044162675,-7.0685317e-05,-0.0002070259,7.6353817e-05,1.3351778e-05,-0.001994476,0.00022290668,-0.00058406609,4.6303905e-05,-1.5150484e-05,5.0919741e-05,7.7680903e-05,7.3047284e-05,1.9676276e-05,2.339293e-06,-0.00011794949,9.6957198e-05,-0.00013324934,3.9652609e-05,-2.6773764e-05,1.7451467e-05,-6.2536245e-05,2.7590775e-05,-2.2799478e-05,9.8868979e-05,-6.7822549e-05,-0.000160622,1.3803851e-05,8.4838106e-05,4.6272106e-05,4.2321843e-06,-7.9615977e-07,8.442045e-06,0.00010488253,0.0001949123,-0.00010241909,-0.000150772,-1.1904678e-05,1.0852935e-05,-1.8055238e-05,-0.00021761198,0.00016973163,-0.00025179873,4.8517098e-05,-3.6582552e-05,-2.3689555e-05,-3.9401406e-05,-6.4699247e-05,-0.00019416074,0.0001042792,4.8848458e-05,9.4162947e-05,-7.3211648e-05,-2.5149815e-05,2.1948528e-05,9.2176752e-06,-0.00088560036,-0.00098759357,-0.00014064271,0.00012389588,-0.00021089695,1.9093238e-05,-7.2564818e-05,6.6867466e-05,-3.4568164e-06,-0.00028023891,0.00021316096,0.00040557858,-3.4764236e-05,1.6598633e-05,8.0664993e-06,-8.5575148e-05,-3.8517033e-06,0.0001201281,6.6601026e-05,0.00016747823,-0.00018012535,0.00027889464,0.00016088529,-0.00028990085,3.1747e-05,1.3947433e-06,0.0028572514,0.0015255127,0.0056984647,0.0027174234,-0.00015036277,0.0015224889,0.00021017165,0.0012226364,-6.5565731e-05,-0.0013238762,-0.0001291908,-1.5619003e-05,0.0004773846,-0.00088106671,-0.0014254253,0.00050317242,0.00050116583,2.0779842e-05,-0.00039752371,-0.0026355261,0.00065615715,0.0010843506,-5.8564657e-06,0.00023921643,-0.00078928553,-0.00027669693,0.00011842876,-0.00071346813,4.2859752e-05,-0.00010480656,-0.00016746931,-0.00012610204,-0.00013029586,-0.00026024177,-1.3022399e-05,-1.1252928e-05,0.000330656,2.1509981e-06,4.9745288e-05,5.9862391e-05,-6.6377598e-05,3.9486848e-05,0.0001948075,-2.1436664e-05,0.00016523214,0.00021296686,5.283468e-05,0.00049681882,-7.5966129e-05,1.0752143e-05,-0.00015303494,-2.6464268e-05,-2.2969474e-05,7.5684664e-05,-0.00017259035,-0.00012074523,-0.00018176791,2.3424985e-08,6.532561e-05,-2.0338796e-05,0.00033629414,0.00011330661,0.00030467142,-0.00052284594,9.5035354e-05,-6.3199811e-05,0.00022195051,9.2270247e-05,0.00016675682,2.2545715e-05,-9.9676451e-05,0.00018363346,0.00024686676,0.00021171345,0.00021659609,5.7590842e-05,-8.2551329e-06,-0.00068849326,0.00092527257,-0.0011854107,0.00020739521,-0.0004240666,-0.0036128809,0.00037572795,-0.00080526603,0.0010106148,-0.00086071466,0.0012187554,-3.6096894e-05,-0.00038768497,0.0014265437
"19",-0.0032867143,0.0021927416,0.0029751918,-0.0023334926,0.00052355703,-0.00022729125,-0.0013241166,-0.00044110828,0.00014720643,0.0001082638,-0.00014116345,-6.5537303e-05,8.8273166e-05,-0.00011289526,0.00025097468,-0.00013000787,0.00042151504,-0.00052696339,0.0028743873,-0.00055667322,-6.9036469e-05,-0.0003322536,0.00021564039,0.00038885997,-0.00022591973,0.00014988879,0.00013523156,0.00092016965,-0.00025105415,0.00055142583,0.00058953044,-0.00038474839,-0.00069684579,-0.00037466461,0.00057035892,0.00037389991,-0.0013326155,-0.00038955659,0.00063976899,1.2308532e-05,0.00010996546,0.00023463312,6.7498413e-05,-0.00053129339,-3.1533781e-05,-1.3828309e-05,0.00030287457,-0.00039887289,0.00076144965,0.00022947552,0.00012757059,4.4378205e-05,0.0002203871,-0.00012786062,-3.6562908e-05,-0.0003359515,0.00036414957,0.00040706864,-6.5686025e-07,0.00020933284,0.00027552332,4.8432347e-06,2.5588739e-05,4.7510101e-07,-0.00024380815,-0.00046653514,-0.000170136,0.00089468716,9.9241902e-06,2.3607126e-05,-0.00041020657,0.00038427285,-0.0012403329,-2.1127255e-05,-0.00029906129,-5.6112391e-05,-0.00018447775,0.00020159765,8.1872809e-05,0.00098455695,-0.00073935871,-0.00050468954,-4.2972952e-06,-0.0001744401,-0.00044176402,-9.5612303e-05,-4.9374432e-05,0.002445746,-0.00060541356,0.00030244402,-0.00022208757,2.5342782e-05,1.0148182e-05,-2.6969802e-05,2.4549009e-05,-2.8485597e-05,0.00089950598,-0.00035232979,0.00058084369,0.00020337537,1.095509e-05,-8.9467606e-05,0.00011767758,5.9443934e-05,-0.00038896532,-0.00040653945,-0.00045289629,0.00041224897,-0.00074417185,-0.0003299442,0.0003277374,-1.8230349e-05,-7.0132829e-06,-0.0006266741,0.0041739418,0.00090382329,-0.0012731705,-0.0013557821,-0.00012331401,0.00017839598,4.0666636e-05,-0.00026344452,7.6538216e-05,3.0382311e-05,4.7492605e-05,-0.00079973591,0.00026011109,0.00081810228,0.0001613263,3.5920259e-05,9.4526398e-05,-0.0003174526,-0.00059985968,0.00030867049,0.00028760923,0.00047871725,-0.00050488866,0.00083299859,0.00061504408,-0.0007392311,6.5878595e-06,-8.5985116e-06,5.2518448e-05,0.00017624049,2.597477e-05,0.00028071911,0.0003823681,8.1298599e-05,1.3302527e-05,-0.00026665769,3.536811e-05,-0.00039250195,-5.2660679e-05,3.2122474e-05,5.4168303e-05,-0.00032734789,-8.3161298e-05,-0.00022100176,-0.00012538519,-6.7583493e-05,-0.00073741844,5.3213526e-05,-0.00045141256,0.00016622046,0.00019626584,1.6519571e-05,0.00010321569,-0.00012318598,0.00015217279,0.00017307134,0.00013629341,-9.7364649e-05,2.8837453e-05,-0.00035916099,0.00043382848,0.00047676773,9.6572757e-06,-4.2468709e-05,7.7983023e-06,-5.1416395e-05,0.00032965096,-8.0983487e-05,-0.00040405182,9.6376938e-05,-0.00013011092,-0.00035469547,0.00035290896,-0.00025593344,-0.00022449981,1.6047382e-05,0.0022476769,-0.0030008763,0.0039182054,-0.00089329319,0.0001094889,-0.00018180265,-0.0024418542,0.0033750556,-0.00049645831,0.0043344585,-0.0053381744,0.00094067235,-0.00092557251,0.002023192
"20",0.00044387819,-0.00049092474,-0.00055029715,0.00044035432,-7.9159083e-05,0.00010103003,0.00023939617,0.00014244777,-4.3754182e-05,-4.2771976e-05,2.3975765e-05,1.4064802e-05,-6.4966048e-05,6.1238682e-05,-0.00011576937,0.00010551393,-0.00021659195,0.00033795981,-0.00055667322,0.0009996411,0.00018517978,7.7101315e-05,-0.00015261611,0.00015705496,8.9315594e-05,-0.00013129126,-0.00019005651,-0.00024173587,0.00021292282,0.00031956841,-0.00046711922,0.00056694223,0.00071022245,9.0797168e-05,-0.00013168956,0.00042767145,-0.0012784108,0.00027747553,-0.00031918258,-1.4543538e-05,1.8077641e-05,-1.2675426e-05,-7.3291651e-06,0.00014496299,-2.6933132e-06,5.4428422e-06,-4.1810571e-05,0.00016824409,-0.00020049603,-6.799222e-05,-2.1603929e-05,-1.1001332e-06,-5.6276457e-05,4.1862527e-05,9.1005434e-06,-3.3986252e-06,-4.2210426e-05,-0.00012083187,-2.554354e-06,-7.2466657e-05,-2.5206331e-05,-8.5843935e-06,-5.5577978e-06,-8.1900026e-06,5.5593594e-05,9.2293733e-05,8.9488705e-05,-0.00010961452,2.7475484e-05,-6.4223862e-06,-4.9128804e-05,-0.00017727328,0.00019731882,-1.754863e-06,5.0338551e-05,1.0842828e-05,1.2137097e-05,-5.4331474e-05,-0.000127276,-0.0001298572,0.00012386814,5.1821845e-05,-5.7904116e-06,-2.8117454e-05,4.9336243e-05,3.2551009e-05,1.1376695e-05,-0.00095553212,-0.0026198772,-0.00024696485,0.00017574063,-0.0003021065,7.5891134e-05,-3.5486213e-05,6.6395121e-06,-1.4201542e-06,-0.0003325751,8.3885488e-05,0.00091544647,-5.6510117e-05,4.2296385e-05,-2.6761271e-05,-3.7540903e-05,-0.00011040847,0.00010011679,-8.3790708e-05,8.1823094e-05,-9.7719776e-05,0.00027015312,0.00020699988,-0.00037657478,7.7118098e-05,-8.2308779e-06,0.0012225433,0.00069471154,0.00017834436,0.0049967111,-0.0023798742,0.00051333005,-0.00032902261,0.00065209415,-0.00040036661,3.8851742e-05,-0.00015270851,2.4282418e-05,0.00085495464,-0.00013177302,-0.0031022979,0.00043788388,-0.00013166361,0.00012862078,6.8200338e-05,9.7101304e-05,-8.7784082e-05,0.00062987357,0.00025717512,0.00063018099,-4.5453039e-05,-4.5634615e-05,0.00076072209,-0.00030837633,1.1788489e-05,-6.2830173e-05,-0.00011332624,-0.00014340716,-0.0001575617,-0.00019368623,-5.1290778e-05,-8.4704577e-06,0.00036790253,-0.00010093086,4.3904106e-05,9.3766856e-06,-1.9911184e-05,-1.6343155e-06,8.4378325e-05,-3.352681e-05,0.00014552499,0.00012844583,8.9472386e-07,0.00026333719,1.1593095e-06,0.00018918523,2.5700405e-05,-5.7058997e-05,-1.51365e-05,0.0001547699,-0.00011360136,6.6255239e-05,-7.2476041e-05,-0.00020507188,3.3893867e-05,-3.370963e-05,-2.5830686e-05,0.0002309692,-0.00023858506,-4.0873881e-05,-2.4482424e-05,3.4417642e-06,0.00015142525,7.5206314e-05,0.00017707916,0.00017173852,-9.8554977e-05,0.00035539015,-9.3116759e-05,-5.5264887e-06,0.00023426157,0.00010734439,-3.9011731e-06,-0.0004360995,0.00060073488,-0.00070716089,9.6248443e-05,1.3347039e-05,-0.00030769351,0.00032003093,-0.00069780223,0.00049891222,-0.00081071474,0.00091137443,0.00059043052,0.00047394041,-0.00066521326
"21",0.00060156728,3.9153137e-05,-0.00030555679,0.00015737368,-2.4468022e-05,-2.2778335e-05,0.00023057452,-2.1402594e-05,-8.4614898e-05,3.9445213e-05,-1.3628841e-05,2.6471108e-05,5.1431015e-05,6.2200244e-06,-2.2557257e-06,-7.9335855e-05,1.9659923e-05,-0.00011503434,-6.9036469e-05,0.00018517978,0.0067432957,0.00031243745,-0.00016718026,-0.00076707355,-6.0487543e-05,2.9035259e-05,0.00017607565,-2.0201668e-05,-0.00028659127,0.00025000484,-0.00027451458,0.00023635714,0.003123229,-0.0011630127,0.00054920197,7.1939909e-05,-0.0004374133,0.00081223464,-6.2670241e-05,9.5156519e-06,0.00022473653,4.9882121e-05,-2.9558061e-05,-0.00018340876,0.00015720706,-1.6019066e-05,0.00017483475,0.00012822327,0.00046687922,-6.3779957e-05,7.0220692e-05,8.9805603e-05,6.7028343e-05,4.915643e-05,1.9925281e-06,5.4544635e-05,0.00011346574,-0.00012254923,0.00018273169,4.7701611e-05,0.00021666902,5.0196511e-05,-3.0016014e-06,-0.00010925667,-0.00010894836,-1.879004e-05,-3.0457867e-05,-4.4551704e-05,-0.00027443233,6.1159083e-05,-0.00013752872,7.2360028e-05,-3.3722627e-05,8.1222697e-05,-6.0943997e-05,5.3594857e-05,6.8261088e-05,-2.8225259e-05,0.00028268944,-6.6653629e-05,-4.4766965e-05,0.00019796423,-4.0301882e-05,7.1677606e-05,7.8400416e-05,-5.4934616e-05,8.7450894e-06,-0.00019609869,0.00059287029,6.6076624e-05,-2.1759822e-05,-3.0914933e-05,-8.4892803e-05,0.00012775839,6.8485282e-05,-1.3027305e-05,3.0029632e-05,-2.6342783e-05,0.00020494637,9.0586199e-05,-3.8882095e-05,-3.1798459e-05,-5.0115227e-05,5.1012481e-05,-5.5142712e-05,0.00011996752,9.8252565e-05,-0.00012650777,3.4807262e-05,-2.0482895e-05,-0.00023007694,-1.2078752e-05,-6.1085876e-06,0.00025112683,0.00075759678,-0.00059980217,0.00069465987,-0.0012812606,-0.00017371397,-8.1978386e-05,0.00011445959,-5.9564798e-05,6.8923045e-05,-0.00013274978,4.1136175e-05,0.00015696949,2.246256e-05,-0.00071654697,6.3703858e-05,-1.2891664e-05,5.7020909e-05,5.8290888e-05,2.9514271e-05,-8.0773247e-05,-1.393034e-05,9.5570269e-05,0.00031129906,0.00029463766,0.00022556323,0.00033929501,-0.00010110355,2.2299287e-06,0.00033639516,6.3423388e-05,-0.00025380307,0.0001348796,-0.00032625309,0.00015532161,-6.1694522e-05,2.6841315e-05,-0.00031605972,0.000603447,0.000478698,2.0147763e-05,-0.00020872214,-0.00026481643,0.00040218135,-0.00034677226,-3.8377326e-05,-0.00016921453,-0.00034523357,-7.8817061e-05,-0.00019333608,-0.00058878325,0.00012568371,-1.4821903e-05,-0.00018665956,0.00019294836,7.7860576e-05,-0.00028368454,0.00017893873,-0.00030616751,7.496706e-05,-0.00037214663,-9.5916819e-05,-0.0010065606,-0.0014573641,-0.00021229585,0.00026756419,6.6482675e-05,-0.00020038158,0.000465682,-0.00036996781,-5.2857124e-05,0.00021460938,0.00015203823,0.0001441743,0.0011915154,-0.00021322114,6.7184718e-05,2.3439278e-05,0.00017924997,-0.00026558934,1.9009563e-05,4.5904754e-05,0.00021851775,0.00010768102,-0.00060799419,-0.0025373336,-0.00034647869,0.00093654204,-4.258722e-05,0.0046679903,-0.0083118258
"22",0.00022801751,-0.00028556518,-0.00044229522,0.00020583233,-7.2968426e-05,2.3703688e-05,0.00019844336,4.3016215e-05,-1.5572537e-05,-3.5836069e-05,-1.0005044e-05,2.451943e-05,-1.4450604e-05,-1.2116667e-05,-3.5940884e-05,-4.6743141e-06,-5.9499854e-05,3.9121305e-05,-0.0003322536,7.7101315e-05,0.00031243745,0.00074357636,-0.00015662395,-0.00050154042,-4.665929e-05,-2.2068596e-05,-0.00015894659,1.0569942e-05,3.391629e-05,0.0001297111,5.1179747e-05,0.00013554432,0.00030174861,-4.2267352e-05,-8.6317321e-06,-3.4881184e-05,0.00031943942,2.8297484e-05,-0.00026295167,-3.6236412e-05,-8.5685694e-06,-3.6526992e-05,3.8981665e-05,8.9901487e-05,7.1627365e-06,2.6230882e-07,-2.2989726e-05,8.1711985e-05,-8.4384293e-05,-4.9822213e-05,-2.2437403e-06,1.7478043e-05,-2.2565989e-05,1.5532985e-05,2.733685e-05,7.6993442e-07,-3.8676707e-05,-0.00010327999,2.7760809e-05,-1.0972986e-05,3.9084502e-05,1.0572145e-06,-1.4145853e-06,2.9961018e-05,6.8724319e-05,5.270278e-05,2.4441108e-06,-8.6426087e-05,-7.9765099e-06,-5.3236844e-06,8.4010903e-05,1.8323915e-05,0.00027597864,8.8570613e-05,1.318657e-05,-1.0411543e-05,-9.6294042e-06,-4.1842974e-06,1.6402559e-05,-6.9089399e-05,6.6138976e-05,9.0499676e-05,-6.2164779e-05,-4.1788203e-05,4.3784163e-05,2.3166581e-05,6.5190681e-06,-0.00012520278,0.0001306871,-3.6305239e-05,-7.5831176e-05,-6.626734e-06,7.3213341e-06,5.423211e-05,2.1683804e-06,1.6586225e-06,-6.4751587e-05,-1.0435581e-05,-9.0640143e-05,-1.7134735e-05,4.9550701e-06,1.533743e-05,-2.2817806e-05,9.2112134e-06,4.0952486e-05,4.1092572e-05,-1.4742435e-05,-7.091944e-05,0.00010711751,2.6117875e-05,-4.2940907e-05,-2.6973114e-05,4.9140997e-06,-0.00034685459,-4.770103e-05,-0.00059457314,-3.9552236e-06,-0.00017639572,-9.5751855e-05,0.00011623178,-0.00013402825,-7.6707772e-05,6.1964634e-05,-2.7987386e-05,4.4397424e-06,8.2022581e-05,0.00019887382,0.00011132613,2.165107e-05,-9.7552329e-05,-2.8809643e-05,5.036029e-05,0.00029060085,-5.0208034e-05,-8.7908097e-05,0.00013689032,0.00020904254,1.7802193e-05,6.1002592e-05,-1.8049688e-05,0.00010174439,-1.3441129e-05,2.0573236e-05,-0.00010686341,9.0718787e-06,1.029997e-05,-0.00012234586,2.2873571e-05,-4.654301e-06,1.3713761e-05,-3.3543035e-05,0.00018845798,-1.4364641e-05,1.9697583e-06,-3.8900451e-05,8.8959349e-05,-1.0952532e-05,-0.00012246524,6.4961767e-05,3.239264e-05,9.4268015e-05,1.9021763e-05,4.7818508e-05,-0.00013598126,-5.6392886e-05,-1.2711166e-05,-0.00019135854,0.00017780445,5.1688196e-05,-9.144893e-05,-0.00015098658,2.0438018e-05,4.8975957e-06,7.3734588e-05,-0.00013563975,2.9396796e-06,-0.00013625517,4.1692625e-05,6.3052688e-05,4.7811983e-05,-1.5396159e-05,-4.1959502e-06,1.6551483e-05,-0.00012549059,-1.962931e-05,-1.1658097e-05,-0.00016373045,0.00024175673,-0.00010759084,7.4960648e-06,-0.00017359096,0.00025420434,-0.00032901589,6.0945578e-05,5.0021185e-05,0.00022994163,0.00032571359,-0.00050330001,-4.8231194e-05,-0.00045974773,0.00044971201,-6.9424477e-05,0.00036013739,-0.00031728135
"23",-0.00015445489,0.00030066415,0.00032302502,-0.00025923515,2.6630706e-05,-3.2332404e-05,-0.00015103313,-2.295692e-05,4.2939964e-06,2.2445667e-05,4.2329396e-07,-5.4339465e-05,2.4405714e-05,-2.4649503e-05,3.2735486e-05,-8.5596478e-05,6.5593761e-05,-0.00015830448,0.00021564039,-0.00015261611,-0.00016718026,-0.00015662395,0.00047506296,-0.00054170571,-1.271984e-06,-2.6080351e-05,0.00022059833,0.00010731699,-8.0098026e-05,5.6507877e-05,3.5664045e-05,-7.7679311e-05,-7.3812869e-05,8.9499511e-05,5.7226902e-05,-5.9324119e-05,-0.00015293932,-3.4852379e-05,0.00015597703,2.1147397e-05,1.6740406e-05,-4.0356715e-05,-1.7515132e-05,-1.9538721e-05,-2.0946408e-05,3.7546625e-06,1.7242173e-05,-0.00010129657,8.639863e-05,8.937264e-05,-3.419719e-06,-1.4816932e-05,-1.4593928e-05,1.5709217e-05,1.0292157e-05,4.4250209e-06,1.8862072e-05,2.6161577e-05,-1.526892e-05,2.2446066e-05,-5.7845034e-05,1.8064558e-05,4.3588493e-06,-2.9262005e-05,-4.6082043e-05,5.4524364e-07,-1.9852126e-05,7.8032259e-05,2.8354113e-06,-2.6247866e-06,-2.464231e-05,0.00013365601,-0.00022473242,-8.5768256e-05,-2.4290067e-05,8.4234319e-06,1.5609622e-05,-4.4005529e-05,8.004486e-06,6.1473139e-05,-2.1099115e-05,2.1218009e-06,2.3585291e-05,-1.070533e-05,1.494495e-05,7.8313577e-06,-1.2596864e-05,0.00032434277,0.00036777555,7.2147173e-05,-4.479991e-05,2.8346131e-05,-2.2282598e-05,1.9976404e-05,-5.6228365e-06,-1.9028822e-06,0.00010622781,-6.2326983e-05,-0.00011606971,4.8975773e-05,2.0086288e-06,-2.2689166e-06,9.9952847e-06,1.8207168e-05,-2.4103098e-05,-5.1268057e-07,-7.4573172e-05,5.0499755e-05,-0.0001121027,-4.9227137e-05,0.00010318417,-1.9842304e-06,4.2342007e-06,-0.00019529957,0.00066482969,0.00016765879,-0.00085353789,0.00034264891,-6.8591056e-05,0.0001022567,-7.2176108e-05,4.225086e-05,-4.2782334e-06,0.00010064542,-8.7372514e-06,-0.0001849139,6.7671209e-05,0.00071628015,-0.00022598491,3.082461e-05,2.685673e-06,-4.8980151e-05,-0.00017559475,3.1521169e-05,-0.00015191629,7.6610853e-05,-0.00015496412,0.00018423761,4.1177254e-05,-0.00024885679,4.4200682e-05,-4.047294e-06,2.8455408e-05,0.00012447072,4.2465977e-05,4.9575638e-05,8.2342263e-05,-1.2330499e-05,3.9336976e-06,-0.00014741854,4.6836993e-05,-0.00010383873,-2.7919037e-06,1.8550998e-05,3.6942326e-06,-4.3312307e-05,2.1515898e-05,-2.1930513e-05,-0.0001087525,-5.5520825e-05,-0.00019968077,-3.855515e-05,-7.6348054e-05,9.9835628e-05,3.3735501e-05,1.0410645e-05,3.3108285e-05,-9.7325212e-05,-0.00011653328,4.4894929e-05,0.0001423276,3.0363736e-05,-1.0030154e-06,-0.00019579334,5.9541885e-05,2.0125836e-05,-4.2278247e-05,-3.5615424e-05,-5.3043566e-05,-8.4842262e-06,-2.9081741e-05,-5.0140309e-05,4.9500235e-05,7.125602e-05,-3.2627102e-05,8.1609913e-06,6.3765232e-05,-0.00026420051,3.7596968e-05,-2.2133146e-06,0.00020842125,-0.00032674153,0.00037294145,-8.40653e-05,-5.4515236e-06,1.3283347e-05,-0.00016605656,0.00035392799,-0.00024675935,0.00029331041,-0.00031859105,-7.2870218e-05,-0.00021952321,-0.00039029338
"24",-0.00061638492,0.00033156329,0.00016158362,-0.00015907415,0.00039875978,-2.7606131e-05,6.9085963e-06,0.00015279414,4.0157136e-06,-3.8204921e-05,-0.00017210216,0.00019576106,-2.9975938e-05,4.1794589e-05,3.1986615e-05,2.7412364e-05,0.00012967649,0.00010672272,0.00038885997,0.00015705496,-0.00076707355,-0.00050154042,-0.00054170571,0.0072506107,7.1478667e-05,0.00027893359,3.481797e-05,-1.2232035e-05,-4.9643399e-05,-0.001418603,0.00039017228,-0.00043629204,0.00030401891,-0.00041337449,0.00016194775,1.4408465e-05,0.00050186783,-0.00013929198,-0.00046852491,-5.9740107e-05,-1.8266135e-05,0.00012080495,-1.0091807e-05,-0.0003260715,4.7033264e-05,-3.6712036e-06,4.5216833e-05,3.4359444e-05,0.00045750504,3.2185624e-05,3.9502501e-05,2.8503658e-08,0.00022005759,-7.4517254e-05,-6.7950722e-05,-6.3570069e-05,0.00017219216,0.00017657075,9.9627313e-05,0.00012033735,3.6744978e-05,-0.00011454799,-6.5146707e-06,8.6643438e-05,-3.4662042e-05,-0.00012127346,0.00011466229,-7.2527047e-05,6.4875155e-05,-8.8369346e-06,-0.00012256018,-0.00010068225,-0.00013405043,1.1556175e-05,-3.4647349e-05,3.5527722e-05,-0.00017690636,9.7808438e-05,-6.629917e-05,1.8411647e-06,-0.00014373799,-0.00016927285,-0.00012667295,-0.00015852955,-0.00012044182,-9.2361876e-07,-3.4907346e-06,0.00021820048,-0.00093627087,-0.00017296321,3.6824806e-05,1.9352348e-05,-4.5624384e-05,-0.00010063102,4.0490994e-05,-1.5197155e-05,-4.728045e-05,-1.9835443e-05,0.00050925194,4.132841e-06,0.0001075295,1.1813863e-05,0.00016951354,6.1115808e-05,-8.2015017e-05,-0.000216106,4.2212795e-05,0.0001242266,-0.00028386543,-7.9314419e-05,5.4995119e-05,-4.3049951e-05,-2.425846e-05,-0.00091906451,-7.8359394e-05,-0.00084019346,0.0013768563,-0.00035613265,0.00014608149,-4.9458895e-05,-0.00027814866,-6.7939085e-05,0.00035139519,-0.0001210674,3.1521894e-05,-5.3004052e-05,-7.056884e-05,-0.00088074988,-0.00010892652,-0.00020970998,-5.6182191e-05,-5.361748e-05,0.0002996515,0.00010513103,0.00017334863,0.00012028732,-6.4369626e-05,0.00056929681,0.00014539549,-0.00022397743,5.5019906e-05,1.633291e-05,-0.00012954526,-0.00012189243,5.3237878e-05,7.1084276e-05,0.00049981922,-6.5855464e-06,1.1097068e-06,0.00026543523,-1.8128575e-05,-0.00025311608,0.00010136054,5.7614088e-05,4.2888486e-05,-0.0003056097,-0.00019603588,-2.4644167e-05,0.00016989835,-9.7705088e-05,-2.8396925e-05,0.00013867058,0.00016987045,0.00015264962,2.6323079e-05,4.8060639e-06,-5.3013497e-05,0.00068760049,5.7938264e-05,7.0765138e-05,-0.00099279272,0.00014867345,-2.3653516e-05,0.00014945139,-0.00082080342,0.000951763,0.00058304708,7.0798368e-05,4.8899495e-05,0.00032040461,-0.00029520594,-0.00044993096,0.00040333524,-0.00027253637,-0.00013094021,0.00068701372,0.00043762681,-6.3684016e-05,-0.00018977669,-1.8132713e-05,0.00031149254,-0.00013383238,0.00016613322,-5.2379616e-05,0.00012757193,0.0002788466,-0.0005438354,0.00031289566,0.0012300831,0.00077582688,-0.00074409625,-4.5568738e-06,-0.00094523372,0.0040665581
"25",0.00011750947,-1.7726409e-05,-0.00049379545,0.00019113299,-1.7757831e-05,-1.0690134e-05,0.00014421848,5.9848904e-05,4.1252485e-05,-8.7533965e-06,2.8844981e-05,3.0489751e-06,-0.0001233317,6.9568333e-05,-1.1333339e-05,3.2779153e-05,-3.3876338e-05,0.00010178941,-0.00022591973,8.9315594e-05,-6.0487543e-05,-4.665929e-05,-1.271984e-06,7.1478667e-05,0.0012792392,-0.00020444432,3.6635238e-05,-0.00010347579,-1.9796253e-05,0.00013931023,-0.00027683575,8.0317753e-05,0.00036847156,-1.0103612e-05,-8.6215193e-05,-0.00013322038,0.00061258828,-8.5983348e-05,-0.00012948556,9.8234769e-06,1.0969533e-05,-7.0308983e-06,2.61599e-05,7.0813552e-05,1.7635677e-05,-4.7349167e-06,-0.00010464618,-3.3718997e-05,-2.0706579e-05,-2.3893961e-05,-1.6595434e-05,1.343903e-05,-1.774583e-05,5.921136e-05,3.0458853e-05,-2.9729747e-05,-1.8910172e-05,-2.4358269e-05,3.3068775e-05,5.5184667e-05,5.251033e-06,-2.1237273e-05,1.4953849e-06,-6.7845796e-06,-5.2245615e-05,-1.4905507e-05,3.736825e-05,-2.9702499e-05,3.1955054e-05,-7.9786933e-06,0.00014138821,1.4124247e-05,-0.00032394178,1.0789122e-05,1.6515366e-05,-2.1384098e-05,-2.7093668e-06,-7.6653546e-05,-8.4280626e-05,4.7615621e-05,7.1117745e-05,8.8028082e-05,-8.2283151e-06,4.5329754e-05,3.3370059e-05,3.7361306e-05,-8.1489376e-09,-0.00047717518,-0.00019887745,-6.4732217e-05,3.9496704e-05,-1.9052545e-05,-3.1796407e-06,3.3763568e-06,-4.2410226e-05,1.171067e-05,-0.00011822221,4.1649601e-05,5.4941888e-05,-4.6823475e-05,4.5377798e-05,4.6543961e-06,-6.3760111e-06,2.0091973e-05,0.00012726176,4.1604208e-05,0.00010120419,-5.4941756e-05,0.00011624668,0.00013809248,-7.094506e-05,-1.9943505e-05,8.8623586e-06,0.00053398345,-0.0012652672,-0.00014401728,0.00066475688,0.00044205769,0.00011699026,-0.0001013568,-6.7686873e-06,0.00010648151,-9.8350021e-05,7.6171155e-05,-3.4331733e-05,0.00019116237,-1.1096085e-05,-0.00033232965,4.0402365e-05,-8.0834906e-05,-2.5650597e-05,7.6986032e-05,4.9892124e-05,-0.00027252991,-7.9466226e-05,-0.00033103912,0.00024255384,-0.00030890857,-0.00036233029,0.00023103036,2.4217717e-05,-8.6163634e-06,-4.589311e-05,3.1655467e-05,3.7314571e-05,-5.6174798e-05,-0.0001318045,4.8443065e-06,7.2781762e-06,8.3838478e-05,1.8879743e-05,7.3845166e-05,3.3833991e-05,1.0639874e-05,3.7800525e-06,-6.6687206e-05,1.1695188e-05,3.2180841e-05,-3.538656e-05,1.8761714e-05,-2.320516e-05,6.0060346e-05,6.2967294e-05,3.1280567e-05,-5.0020666e-05,-3.3252711e-06,0.00029644895,-0.00019687962,8.3598352e-05,5.0325322e-05,-6.2271051e-05,0.00019727504,-1.7201259e-05,-4.2476315e-05,0.00019114262,0.0011826789,-0.00027101654,-9.665672e-05,-9.1797276e-06,-0.00027307313,0.00015380174,0.00030652365,-0.00039010235,-0.00022324488,-0.00050036631,7.2884402e-05,-0.00038701601,-0.00010876362,0.0001784283,1.2761671e-05,-0.00018618581,0.00022729663,-0.00029287269,0.00010134301,-1.9011454e-05,-1.1969593e-05,0.00024099985,-0.00024834611,7.6615426e-05,-0.00041663868,0.000485199,-0.00011005218,-4.5674599e-05,-0.00017868946
"26",-4.2584723e-05,0.00027239882,0.00024359653,-3.0459869e-05,4.0920027e-05,-0.00011573605,-6.196653e-05,-5.6233009e-05,-1.2343446e-05,6.6809989e-06,-2.5067859e-05,1.0686941e-05,6.2223305e-05,-0.00015146986,3.7390945e-06,-1.0523463e-05,4.2431417e-05,-0.00014997015,0.00014988879,-0.00013129126,2.9035259e-05,-2.2068596e-05,-2.6080351e-05,0.00027893359,-0.00020444432,0.00083749157,-0.001086408,8.2415721e-05,5.4515798e-05,-0.00036957576,0.00018695478,-3.7960354e-06,0.00030197632,-5.6760353e-05,1.1404992e-05,0.00018601075,-0.0004443843,-4.1750778e-06,-0.00063561771,-9.6723546e-06,3.4061397e-06,-9.6592055e-06,-8.9890846e-06,-2.7920225e-05,-4.3755703e-05,8.3464369e-06,2.2588292e-05,-1.7311925e-05,6.3937435e-05,2.6489393e-05,3.9385866e-05,-4.5083581e-06,7.0976117e-05,1.4791773e-06,5.4763031e-06,1.644769e-05,3.251693e-05,4.3034066e-05,-2.3194913e-05,2.1262042e-05,-1.0796856e-05,-2.7623644e-05,2.3327747e-06,6.281769e-05,-5.4835509e-05,-1.8585919e-05,-2.3655392e-06,1.826214e-05,4.8882605e-06,1.8786576e-06,6.0764438e-05,3.7532095e-05,-0.00014463036,-2.9887912e-05,-2.5300377e-05,-8.2871917e-06,-5.9099865e-05,2.7907475e-05,3.5163625e-05,6.9253194e-06,-3.1015045e-05,-6.9917175e-06,-3.0917539e-05,-1.2027309e-05,-1.8883462e-05,3.0175787e-06,7.415334e-08,0.00022765703,0.00042648337,2.5861563e-05,-3.6590178e-05,2.8116108e-05,-2.0256826e-05,-2.0932914e-05,1.8275179e-05,-1.1259361e-05,2.0950508e-05,-3.2673671e-05,-9.2810689e-05,5.561149e-05,-6.2162756e-05,2.5724248e-05,3.3898722e-05,-3.283964e-05,-5.5274008e-05,-1.7367715e-05,-5.7873522e-05,0.00011776475,-3.0656695e-05,-5.4867021e-05,1.7916002e-05,-3.1367571e-06,-6.8841132e-06,-0.00039510414,0.00040234785,2.18961e-05,-0.0011699601,-0.00042539282,-7.5792233e-06,9.3163214e-05,-3.0959028e-05,-1.7058463e-05,0.00011929013,-5.2332419e-05,2.9480568e-05,4.2319851e-05,4.4032058e-05,6.3233148e-05,-9.8238452e-06,9.3181382e-05,-7.2813769e-05,-0.00010012182,5.4254492e-05,0.00011040689,4.9786597e-05,0.00017354559,-0.0002268764,0.00020862158,0.00025026253,-0.00011183147,-2.2295477e-05,1.5318515e-05,2.2683908e-06,4.7245106e-05,1.6667557e-05,4.9966252e-06,8.983906e-05,-8.7601765e-06,7.2938717e-06,3.134805e-05,5.9179504e-05,-7.8604038e-05,2.9498348e-06,2.0177251e-06,-5.0676813e-06,-8.3861946e-06,-1.5546599e-05,-4.729974e-05,6.005912e-06,-6.1655816e-06,-5.3924973e-05,-8.4095261e-06,-0.0001138996,-1.421516e-05,3.6793046e-05,1.3807712e-06,-3.0534714e-05,-1.533673e-05,1.579267e-05,5.4671598e-05,4.5513976e-05,-4.868667e-05,4.8078558e-05,0.00033944429,0.00011620865,0.00056311855,-0.00023692064,0.00023975366,-0.00010153411,2.594788e-05,-0.00020118358,-0.0001774191,-4.6990107e-05,0.00019347078,-8.3298247e-05,0.00010512959,0.00011376534,-0.00013917372,-0.00013984573,1.7779334e-05,6.7158112e-05,-8.7816652e-05,9.6044164e-05,-2.1022272e-05,-5.5880717e-06,0.00014023516,-0.00013194485,0.00018218245,-0.00012788931,0.00030035202,-0.00031071558,-3.8741769e-05,-3.0627419e-05,0.00068816487
"27",-6.7473356e-05,-0.001603499,-0.00019810063,4.2280293e-05,-3.2836872e-06,0.00079417751,-0.00017869398,-0.00017304646,8.2812574e-05,2.142553e-06,5.5770289e-05,-1.4753588e-05,-0.00010286983,0.00021549989,0.0002033097,-0.00013174299,0.00022215664,-5.0833274e-05,0.00013523156,-0.00019005651,0.00017607565,-0.00015894659,0.00022059833,3.481797e-05,3.6635238e-05,-0.001086408,0.011731314,6.6239577e-05,-0.00038279961,0.0010409037,-0.00026279417,-0.0002222717,-0.0022231332,-0.00023351323,0.00026198482,-0.00035480751,0.0019058803,1.4116729e-05,0.0014149877,2.4660702e-05,3.5709013e-06,2.3620425e-05,9.3917626e-05,-1.6817079e-05,5.8615625e-05,3.2515246e-06,-0.00016230406,0.00013410786,-0.00027868292,0.00016509795,-4.9566523e-05,-2.7619855e-06,-0.00016361382,8.9280198e-05,6.8448404e-05,6.9177771e-05,-0.00017378463,-0.0001736065,0.00012307725,-0.00010533787,0.00019777024,-6.8664071e-05,-2.279711e-05,8.190683e-05,6.2014869e-05,-9.9805978e-05,-2.0674592e-05,-0.00021649752,3.7317973e-05,-1.3202941e-05,0.00023278754,-0.00011363713,0.0014268042,-0.00020893854,3.0235091e-05,4.3069695e-05,-1.8500076e-05,0.00012887404,2.3617717e-05,-0.00054088018,0.00018347308,-7.9298132e-05,0.00015053041,0.00011174927,-9.3367009e-05,-3.6497559e-05,1.8475383e-05,-0.00052498019,0.00066921127,-8.979105e-05,2.1276342e-05,-4.4807419e-06,-6.4741608e-05,0.00017669656,-5.104204e-05,2.9716519e-05,0.00012676862,0.00016793223,-0.00038934225,2.003018e-05,7.8314102e-05,-2.3214516e-05,-3.4760939e-05,0.00012176937,0.000223903,0.00011607348,0.00023284397,-0.0002975829,3.0380247e-06,-2.1387858e-05,-4.9914586e-05,-3.0476262e-05,2.2814849e-06,0.0011413331,-0.0027632106,-0.00013371567,-0.0013519608,0.002540623,-7.6201169e-05,-9.2402303e-05,-0.00014547321,0.00051316786,-0.00059429931,0.00025465154,-9.2500068e-05,-0.00014722525,-0.00020291621,0.0017223751,-0.00035964226,-3.1521124e-05,-3.1448255e-05,0.00019947682,-0.00041401639,-0.00074968927,-0.00071236541,-0.00092121351,2.0471494e-05,-0.00073051347,-0.0007328962,0.00014364899,2.9566101e-05,-1.1273002e-05,6.7023711e-05,1.8160736e-05,-7.5738636e-06,0.00044996589,0.00049847777,5.8271942e-05,-1.6710549e-05,-0.00044010931,-1.0649139e-06,-0.00016264944,5.7890775e-05,-8.6604401e-06,3.6104106e-06,-0.00024699312,0.00021368117,-1.1369675e-05,-0.00017752229,-0.00012330661,-0.00037232065,9.234101e-06,3.0439322e-05,-7.7470578e-06,0.00011562345,1.3752199e-05,-0.00022440661,-0.00046096746,-0.00053919879,0.00053073904,0.0011840486,0.00019645867,-9.4949241e-05,-0.00043211506,-0.0006272676,-0.0033670277,-0.00082108508,-0.00039822289,1.8442826e-05,-0.00057153423,-0.00080344994,-0.0008668009,0.00027576539,-0.00054768899,0.00032754848,0.00099027906,0.0012863403,0.00040790897,2.9571414e-05,8.8080775e-06,-0.00010167227,0.000213939,1.8707273e-05,0.00012083308,-3.2855914e-05,-1.1312882e-05,-7.8968237e-05,9.6512563e-05,-0.0001467965,-0.00052970721,0.00068765938,-0.00068118842,0.00013726873,-0.0021046258
"28",-0.0011444284,0.00034621143,0.00051250135,-0.00060230344,0.00022556062,-0.00013525325,0.00041647929,-0.00032090776,8.0825605e-05,0.00015404592,-8.1277829e-05,-1.9547259e-05,7.4415207e-05,-0.00010171295,-0.000320816,8.0634965e-05,0.00021084671,-0.00030688676,0.00092016965,-0.00024173587,-2.0201668e-05,1.0569942e-05,0.00010731699,-1.2232035e-05,-0.00010347579,8.2415721e-05,6.6239577e-05,0.0034292233,-0.00082303668,0.0042968502,0.00045052508,5.853275e-06,0.0012017129,5.1343457e-05,0.00022185412,0.00010560286,-4.5349222e-05,2.3085388e-05,-3.3375257e-05,-1.8322071e-05,2.1318855e-05,-8.4712174e-05,9.3685354e-05,2.1252245e-05,1.2249611e-05,-2.1514743e-06,1.9716779e-05,-0.00014598492,7.4172106e-05,3.7598951e-05,3.3632394e-05,7.999e-06,-6.1083303e-05,-3.2868757e-05,-6.1702637e-06,-0.00013199547,6.7403615e-05,8.6733727e-05,3.7784725e-05,7.4201184e-05,-2.6925818e-05,1.2296311e-05,-2.0958679e-07,8.6952013e-05,-0.00013719251,8.1403599e-05,-0.0001933646,0.00010360867,-6.5857793e-05,-4.4523638e-07,4.0341667e-05,0.00021125859,-0.00013340897,0.00025956989,-0.00014849281,-1.4299492e-05,0.00014578061,0.00019460182,-2.1672003e-05,0.000387342,-0.00038997435,-3.7747907e-06,-8.5212143e-05,-8.1202822e-05,2.245023e-05,-0.00015788028,-2.9063033e-06,0.00031871369,-0.00024563152,-4.7200556e-05,-2.8374134e-05,1.1214584e-05,3.7304964e-05,-2.7073933e-05,-3.4343818e-06,-1.0746384e-05,0.00014921483,-9.3789471e-05,0.00011863657,-5.7458491e-06,2.535133e-05,-8.286146e-06,4.9245167e-05,-6.1851376e-05,-5.8074701e-05,-2.2132566e-05,-1.7902056e-05,0.00017630775,-0.00013839631,-6.8356745e-05,7.0306287e-05,7.1780926e-05,-1.2499439e-05,0.00081049843,-0.0012200976,0.0011492726,-0.00068544403,-0.00088600003,0.0004785574,4.5392892e-05,0.0002424313,0.00018673864,-0.00022049168,-2.3426697e-05,9.1121253e-06,0.00019520305,-1.5579099e-05,-0.00046790666,0.00028701203,5.7234737e-05,-6.561908e-05,-0.00032132368,-0.00039887358,-0.00014176458,0.00022367061,-0.00027768786,-0.00026638105,-0.00043122858,-0.00011380213,0.00016294044,-0.00027807242,4.2062295e-05,4.9432721e-05,2.1635761e-05,8.7634166e-06,0.00015029332,0.000153888,-1.2151532e-05,1.8027221e-05,-0.00030006251,-1.9091776e-05,-0.00012053015,-0.00017419849,1.0274612e-05,3.6381838e-05,-0.00018774795,-7.259546e-05,-7.1434771e-05,-0.00020835,0.00010700887,-0.00023359423,5.188817e-05,-2.0409429e-05,8.0907225e-05,5.3663117e-05,1.490336e-05,-4.1048482e-05,0.00016559138,0.00011187946,-0.00026299726,0.00020980779,-6.4156823e-05,3.3158172e-05,1.7519551e-05,-0.00025463138,-0.00016997247,0.00079931982,-9.238638e-06,-8.102381e-05,9.2058517e-05,0.00056228424,-0.00016002164,7.8431327e-05,-0.00044402409,-0.00030004928,0.00012217047,-4.329731e-05,-0.00027344802,-0.00045989437,1.6246133e-06,0.00053641199,-0.00070568692,0.0009217333,-0.0001125786,-7.6922569e-05,-0.00047445638,-0.0007495513,0.0011399373,-0.00039301492,0.0015555897,-0.0024919021,0.00038686534,-4.7854009e-05,-0.00065002281
"29",0.00034564699,-0.00012189138,0.00054177362,0.00011197547,-4.0145515e-05,5.0985397e-05,-0.00043734895,0.00010362476,-8.980523e-06,5.0869993e-05,5.3175234e-05,-2.7234674e-06,2.6294412e-05,1.9230703e-05,0.000204465,5.5207407e-05,-9.1291371e-05,0.00032454475,-0.00025105415,0.00021292282,-0.00028659127,3.391629e-05,-8.0098026e-05,-4.9643399e-05,-1.9796253e-05,5.4515798e-05,-0.00038279961,-0.00082303668,0.0017045619,-0.0011763664,-0.00033050375,0.00039003515,-0.00021057567,1.8426698e-05,-0.00030898111,5.8913668e-05,-0.00065178863,-6.2568138e-05,-0.00038938883,1.3726826e-05,2.0809617e-05,-1.8796161e-05,1.2735907e-05,2.0298118e-06,-1.9179589e-05,1.1619562e-06,-2.6998101e-07,0.00022283449,-3.3916333e-05,7.3026147e-05,-1.4179043e-05,1.3856404e-06,1.4064715e-05,4.7298071e-05,4.4842132e-05,-4.5509986e-05,-4.2284936e-05,4.4104322e-05,-1.8817983e-05,-9.9636512e-05,3.9560667e-05,-2.3010037e-05,2.1141127e-06,-4.5613212e-05,1.3610193e-05,1.2724336e-05,0.00010252916,4.9806081e-05,6.0313841e-05,-2.5755884e-07,-1.2704909e-05,-0.00028865581,0.00030638663,-0.00043881033,0.0001193065,-3.5249633e-06,3.4576557e-07,-0.00012651492,-0.00016233517,-6.2836139e-05,0.00015065697,-0.00015868867,9.1894645e-05,0.00014444004,-0.00011770635,6.8193413e-05,2.3774958e-06,-0.00015625583,-0.00075676978,-3.1878877e-05,3.9698817e-05,1.8376525e-05,3.6418213e-06,-6.5449536e-05,2.0242698e-05,-7.3314563e-06,-9.1923064e-05,8.5270968e-05,0.00039928105,8.807251e-05,-1.0962422e-05,-8.0531295e-06,-3.0250412e-05,5.6289464e-05,4.1550783e-05,-5.7386235e-05,-6.7478994e-05,9.9158378e-07,7.1730247e-05,6.3120707e-05,-6.6717123e-06,-2.2333018e-05,1.3242588e-06,0.0001053088,0.0012064584,0.00040117427,0.0013652799,-0.001289747,0.00028747935,-0.00017536426,5.8170835e-06,-0.00025525717,2.3276788e-05,-0.00013124943,3.7239001e-05,0.00017540969,-5.744201e-05,-0.0010834517,0.00013833864,-1.6138476e-05,0.00010220643,0.00011725282,-0.00019375276,0.00014867277,0.00032868754,0.00050541796,0.00024505011,0.00018505169,0.00011255217,-9.4141732e-05,-3.122296e-05,-3.2874787e-06,-7.2982285e-05,1.4335896e-05,-7.1133268e-05,-7.9970104e-05,-0.00010418286,4.2646255e-05,-8.7434063e-06,0.00023059636,-4.9081321e-05,0.00013705872,2.8136481e-05,-1.58535e-05,1.7794165e-05,2.2562503e-06,-3.8745743e-05,0.00010632137,4.0981991e-05,3.5542737e-05,0.00024083437,5.9680115e-06,0.00010091256,-1.9934063e-05,-4.0561998e-05,-8.0850007e-06,0.00019102527,-0.00039051161,-4.842922e-05,0.00041315942,4.8154886e-05,-7.3193837e-05,2.9088885e-05,0.00033385788,0.00090131268,1.8735898e-05,-0.0008893935,0.00021147916,-7.3642753e-05,0.0001110887,-0.00021021205,-0.00034185795,-0.00024266524,0.00016208481,-4.9179103e-05,-4.6804249e-05,0.00010889694,8.904239e-05,0.00025078282,8.0201228e-06,-3.8915734e-05,7.3841575e-05,-2.7769757e-05,-2.1292278e-05,1.3983968e-05,-0.00029137388,0.00018715052,-0.00036642352,0.00056733201,-0.0003774156,0.00064555953,0.00015026667,-0.00068127838,0.0033574702
"30",-0.00050742486,-0.00024318118,-0.003858084,0.00041695848,0.00018305896,-0.0001008784,0.0024934788,0.00021822175,8.1484877e-05,0.00024521411,7.2622071e-05,2.6782747e-05,3.055954e-05,-0.0001047476,-0.00077506055,0.00033441976,0.00022468574,0.0001836012,0.00055142583,0.00031956841,0.00025000484,0.0001297111,5.6507877e-05,-0.001418603,0.00013931023,-0.00036957576,0.0010409037,0.0042968502,-0.0011763664,0.033426853,-0.0012066747,0.00096969104,0.00026228758,-0.00059459861,0.00089844216,-9.0898334e-05,0.001077014,0.00060144654,-0.0010178533,-0.00010524664,0.00026434772,7.181135e-05,0.00039919446,0.00046038483,0.00013104628,3.65772e-06,0.00046761885,0.00020180856,0.0004258533,-0.00024733346,7.2181134e-05,-2.2847981e-05,-0.00017450939,0.0002211537,0.00012822801,-0.00021927606,-0.00020560148,-0.00032104137,4.347244e-05,2.5925174e-05,-0.0002634348,7.1873731e-05,-1.039447e-05,-0.00012030952,-7.2168073e-05,2.5708832e-05,-0.00015338645,-0.00018185956,-0.00023124689,5.7852245e-06,-0.00044778424,-0.00072620512,-0.0010216604,0.00071585093,-0.00011157374,-6.0148283e-05,0.00031512195,0.00016370899,-0.00050900059,0.00021337337,-0.00031048085,0.0005635366,0.00031770309,-0.00020051507,0.0004074126,-0.00030117838,7.2440709e-06,-0.0011887322,-0.0027316771,-0.00046018332,0.00024554996,-7.3815983e-05,0.00010119411,-0.00019239727,9.3365776e-05,-3.7954414e-05,-0.0003236751,0.00036505643,0.00094095812,-8.4926166e-05,7.293039e-05,1.4443505e-05,0.00023039999,5.8619938e-05,0.00026179947,0.00020514217,-4.0304665e-05,4.1243439e-05,9.3290259e-05,-9.4748955e-05,-0.00014478049,0.00027258523,-3.9129007e-05,0.0047173326,-0.0083554295,0.0016914281,0.0030792515,-0.0023874815,0.0012477197,-0.00059665583,0.00097151877,0.0015192291,0.00021762699,-0.00043208533,3.7266202e-05,0.0024657286,-0.0005798218,-0.0053486763,0.0012420826,8.9754344e-06,-9.4797447e-05,-0.00087673297,-0.00049061361,-0.0011996151,0.00037867029,-0.001684925,-0.00019409118,-0.0019212344,-0.0002023044,0.0023067499,-0.0011635666,0.00013708184,0.00024763645,0.00010605456,-0.00040211614,-0.00016209464,-0.00029528531,-3.5427864e-05,1.5956194e-05,0.00024412812,-0.00016941485,0.00020827606,-0.00025295909,6.0545026e-06,-7.5800159e-05,-2.2041868e-05,-0.00019337992,5.5670615e-05,-0.00025619832,0.00025229487,0.00064870374,1.8596644e-05,-0.0002354854,-0.00051759955,6.3032567e-05,1.2171796e-05,0.00058533494,-0.0011279419,0.00053165008,0.00059429799,0.0013674219,-8.1524003e-05,3.926925e-05,-0.00012157275,0.0020801711,-0.0014858907,-0.00038072813,-8.6563964e-05,0.00012103736,-0.0011342246,0.00052155801,-0.00018122803,0.00027400672,-0.0012196921,-0.0028169234,-0.00027318864,0.0011902904,0.0017613002,-0.00021616542,-5.7511403e-05,-0.00027419096,0.00036838173,-0.00043680694,0.0001584929,-0.00012209474,-0.0012366557,-0.00047093767,0.00041891732,0.00012682021,0.0011071094,-0.0017477115,0.0016856489,-0.00010342998,-0.0028431094
"31",-0.00051427531,0.00085276024,0.0012288814,-0.00053170702,9.0285328e-05,-0.00015328799,-0.00032634822,-0.00041853035,-5.4419339e-05,-8.0031278e-05,-4.7615426e-05,-2.8356977e-06,0.00011154702,-7.3850372e-05,2.1068501e-05,-0.00012056646,0.00030146701,-0.00043338752,0.00058953044,-0.00046711922,-0.00027451458,5.1179747e-05,3.5664045e-05,0.00039017228,-0.00027683575,0.00018695478,-0.00026279417,0.00045052508,-0.00033050375,-0.0012066747,0.004064969,-0.0013385758,-0.0064684223,0.0002853767,-0.00018295662,8.596541e-05,-4.1043079e-05,-0.00047334069,0.00019779944,3.8052496e-05,2.439177e-06,-4.0875799e-05,5.4987153e-06,-0.00012849266,-5.2824415e-05,-4.4544554e-06,1.0453397e-05,-0.00019061887,0.00022382954,9.8032072e-05,1.1537732e-05,1.0201261e-05,1.5757994e-05,-0.00011152172,-2.7479212e-05,-9.4195317e-05,1.8364726e-05,0.0001357776,-3.6981511e-05,-6.5293556e-05,3.9781235e-05,3.4950243e-07,1.2597482e-05,-4.1652394e-05,-6.3548016e-05,-2.9594261e-05,-1.1617996e-05,0.00025710753,6.1605368e-05,-1.0816371e-06,-5.8385401e-05,0.00029993793,9.6929635e-05,4.4822349e-05,-7.067765e-05,-2.7714989e-05,-7.3731475e-05,0.00014674339,0.00017829751,0.00021904325,-7.9365528e-05,-8.4215501e-05,7.8210784e-05,8.1545928e-05,-0.00022360548,-4.2989576e-05,-2.6885075e-05,0.00091471658,0.00099409566,6.6442379e-05,-0.00014082544,7.6704914e-05,-5.3091305e-05,-9.1415283e-06,-3.3242025e-05,3.1308258e-06,0.00013453186,-0.0001979712,-0.00037420886,5.2133519e-05,2.3871915e-05,3.36878e-05,4.4004068e-05,-0.00010910316,-0.00018741161,-4.4627029e-05,-0.00020814934,0.00015525606,-0.00037354861,-0.00028796438,0.00021062247,-1.4931301e-05,3.798012e-06,-0.0017608424,0.0017612165,-0.00076467808,-0.0019765692,0.0014884293,-0.00025379561,0.00035053873,-0.0004438577,-8.3816136e-05,0.00015642862,0.00020930753,-7.0309938e-06,-0.00052572715,0.00048003927,0.0025214316,-0.00054786764,-8.0812636e-05,-9.2459404e-05,-0.00017097249,0.00040947295,0.00035314329,-0.00050579322,0.00046833917,-0.00042923281,0.00078909386,0.00043548174,-0.00081967613,0.00038147704,-2.4793788e-05,-4.4543731e-05,2.5238381e-05,3.09166e-05,7.3711321e-05,0.00031132009,-3.4672649e-05,6.9213637e-06,7.4790868e-05,5.6734872e-05,-9.6002374e-05,6.5039818e-05,6.0314407e-05,6.2878515e-05,7.6885218e-05,-6.281489e-05,6.2370133e-06,0.00010148591,3.8963326e-05,-0.00010131817,-7.218521e-05,-8.7990531e-06,0.00021572915,7.4550037e-05,1.0982111e-06,-0.00012390462,0.00055998358,0.00057955745,-5.0394056e-05,-0.0011293072,0.00036629342,1.4877423e-05,-0.00099711145,-0.00022258831,0.00053809392,-0.00023911212,-0.00012175296,-0.00019618381,0.00015719092,-0.00051315061,-0.00041046186,-0.00039446348,-2.4795172e-05,-0.00011090037,0.00062110287,-0.00012357261,-0.00079991352,-0.00017272964,1.4717977e-06,0.00049988192,-0.00068189569,0.00088634498,-0.00020180347,8.1447663e-05,0.00064570724,-0.00050344557,0.0008272173,-0.00031416258,0.0012831808,-0.0017492781,-0.00031128948,-7.0377741e-05,0.0011560564
"32",0.0004346611,-0.0004467185,-0.00028128386,0.00048004767,-7.7536989e-05,0.0001566555,0.00020630438,0.000268887,-5.3302812e-05,7.1183029e-05,4.479118e-05,-7.5138941e-05,-9.8576286e-05,5.4102853e-05,-0.00018298198,0.00024737223,-0.0004357706,0.00044162675,-0.00038474839,0.00056694223,0.00023635714,0.00013554432,-7.7679311e-05,-0.00043629204,8.0317753e-05,-3.7960354e-06,-0.0002222717,5.853275e-06,0.00039003515,0.00096969104,-0.0013385758,0.0026231184,0.0019234135,0.0001452266,-0.00021563488,0.00016199118,-0.0013205417,0.00035869953,-0.00029770408,5.4154533e-05,3.3645809e-05,-8.0568423e-06,4.1404117e-05,0.000143683,-3.4300028e-05,9.2821673e-06,-7.406541e-05,5.9629147e-05,-0.00016565197,-1.4797983e-07,3.7289158e-06,-3.6590615e-05,-6.9104712e-05,5.0937899e-05,-4.3729157e-05,3.0118674e-05,-4.804423e-05,-5.3674535e-05,1.3929734e-05,-5.9013883e-05,-0.00011836572,-1.7569017e-05,-3.945031e-06,-1.3221395e-05,3.7211243e-05,9.2694161e-05,-7.8834048e-07,-9.7763086e-05,3.994006e-05,6.705724e-07,3.3906813e-05,-0.00010228962,0.00059068807,-0.00014900803,1.2796744e-05,4.1971793e-05,-7.6539938e-06,-2.6774586e-05,-4.8782994e-05,-0.00016356657,7.9135405e-05,-0.00015499295,2.4273888e-05,3.0609086e-05,0.00011645273,2.7714997e-05,1.7565855e-05,-0.00098011443,-0.0018763489,-0.00017496609,0.00014267958,-0.00019156865,9.727405e-05,-0.00013587191,4.3275423e-05,-6.3460781e-06,-0.00029296797,8.6747059e-05,0.00089279801,-0.00012880803,4.3140621e-05,-2.1902329e-05,-0.00010974411,-7.1249046e-05,0.00013639356,-1.2611336e-05,8.2532502e-05,7.3186566e-05,0.00031211912,0.00030104206,-0.00032006235,7.7868877e-05,-3.6463922e-07,0.0017185847,0.0010831598,0.00080287592,0.0032609533,-0.0031189528,0.00057030846,-0.00038625104,0.00057812197,-0.00048917304,0.00010823552,-0.00022954163,4.6993379e-05,0.00097828983,-0.00031085985,-0.0028882532,0.00080206482,-6.1017527e-05,0.00014576089,0.0001403905,-0.00011764931,-0.00010951922,0.00062640818,0.00024379444,0.0004309369,-1.8930945e-05,-0.0001348656,0.00062532449,-0.00044130089,4.7528991e-06,-6.8655399e-05,-1.3729846e-05,-0.00015809732,-0.00013106438,-0.0003125786,-3.4049844e-05,-1.7019444e-05,0.00016965304,-8.5913527e-05,0.00014659808,4.6621635e-05,-2.6285005e-05,-4.0413118e-06,8.3405607e-05,4.58204e-05,0.00014330392,0.00011245303,3.3992581e-05,0.00037476895,-4.0374387e-05,6.4297741e-05,-5.8932058e-05,-2.0822525e-05,-1.8665541e-05,0.00041495676,-0.00062077083,-0.00022761206,-1.3372582e-05,0.00066828255,-2.9125844e-05,6.7731232e-06,0.00044370938,0.00012180196,-6.3085133e-05,-0.00053421568,3.9724385e-05,-8.7290696e-05,-9.7891187e-05,0.00029430397,0.00020572781,3.459399e-05,-0.00015647052,-0.00032460183,-0.00045243045,-0.00023340971,0.00019846798,0.00013929594,2.8745837e-05,-0.0005012987,0.00062275663,-0.0007205788,0.00010202476,-1.9281817e-05,-0.00062062274,0.00022044773,-0.00055442219,0.00037957323,-0.00084151714,0.00083670067,0.00063430039,0.00046236314,-0.0013293671
"33",0.003304623,0.0025073739,0.0023868334,0.00018071033,-2.4974058e-05,-0.00014177704,0.00059900855,0.0023738238,-0.00035545478,0.00086621374,-0.00012448528,4.048775e-05,-3.9771877e-05,-0.00010945472,-0.00025989269,0.00023102247,-0.00072430352,-7.0685317e-05,-0.00069684579,0.00071022245,0.003123229,0.00030174861,-7.3812869e-05,0.00030401891,0.00036847156,0.00030197632,-0.0022231332,0.0012017129,-0.00021057567,0.00026228758,-0.0064684223,0.0019234135,0.080426519,-0.0026677346,-0.00055413235,-0.0013423434,-0.0026649775,0.00064296129,0.0060457916,1.6449688e-06,-9.3617683e-06,-0.00012430531,0.00011156432,0.00052378424,0.00027042173,9.4748713e-06,0.0011002099,0.00081607183,0.00074238951,-0.00011253894,4.5241316e-05,3.1617907e-05,0.00070761784,0.00045891261,0.00022952482,-9.1731387e-05,0.00070063289,8.1105062e-06,0.00048664523,0.00072591924,1.6588854e-05,-4.183913e-05,-2.9185459e-05,-0.00030735373,0.00062748035,7.7591619e-05,0.00015037474,-0.00081133885,0.00017587178,-1.1498778e-05,-0.0010772337,0.00025780858,-0.00031082409,0.00074996072,-4.3291611e-05,-4.5679036e-05,-0.00026154517,-0.0005766568,0.00031520294,-0.00018864736,1.7020432e-05,0.00029861124,0.00081783328,-0.00025918304,-0.00032727546,8.3772509e-05,2.6950369e-05,0.0023346384,0.0001491476,0.00052705254,-0.0005055747,-0.0004066158,0.00016172294,0.00072909958,6.8444671e-05,-6.1394547e-05,0.0017937653,6.9623732e-05,-0.00013973124,-5.2938323e-05,-1.1834921e-05,-4.9061751e-05,0.00043141822,0.0009133083,-8.1496027e-06,-3.4724735e-05,0.00012369359,0.00012195341,7.1354786e-05,0.00066195072,0.00072737836,9.2864045e-05,-1.8440033e-05,-0.0037699882,0.010276974,0.0011791633,0.00014834213,-0.0078854153,-0.00096861266,0.00073874195,0.0013311767,-0.0017724406,-0.00073384699,-0.00025054912,0.00022856201,-0.0023734389,-0.00068406366,-0.0015609487,0.00039768089,-4.1294048e-05,0.00060402202,-0.00065093466,-0.0020464195,0.0005863731,0.0012299497,0.0016741272,0.00027137816,0.0015585486,0.0002785339,-0.0014159763,-0.00013518146,-4.9270607e-05,0.00051651252,-0.00031472502,-0.00022932613,-0.00014386753,-0.0010955162,2.3823144e-05,-5.4373129e-05,-0.0009060953,0.00010150968,0.00029575163,-0.00062758111,-0.0001614959,-9.4734378e-05,-0.00013217108,0.00063510467,0.00045643403,-0.0005135481,-0.00019901179,-0.00045625929,9.7899638e-06,-0.00093833666,0.00093548656,0.00013771817,5.8389085e-05,-0.00079513931,0.0012695605,-0.00098887601,-0.00094554033,0.0020298083,-0.0010936578,2.1410749e-05,0.0010756381,-0.0027973916,0.00090008775,0.0059828381,0.00034569619,-0.0004525744,-0.0016453654,-0.00015597675,-0.0010158843,0.0013195642,0.00026196241,0.00039573237,-0.0014511963,0.0028302359,-0.0044545519,-0.0013752525,2.9421978e-05,0.00023275682,0.00043311326,-0.0015439345,-0.00032406296,6.6560621e-05,-0.0003473737,0.00046445434,-0.00017841417,-0.002185028,-0.00056175961,-0.0011886999,0.0012192064,0.005096991,-0.015232504
"34",0.0012568263,-0.0014571022,0.0014616361,0.00074474182,-0.00031627201,0.00010232802,-0.00029762266,0.00010881838,0.00011103375,-4.9280356e-05,0.00011634149,2.7414797e-05,-2.4412396e-05,4.3190155e-05,8.558235e-05,-6.9455655e-05,-0.00010203331,-0.0002070259,-0.00037466461,9.0797168e-05,-0.0011630127,-4.2267352e-05,8.9499511e-05,-0.00041337449,-1.0103612e-05,-5.6760353e-05,-0.00023351323,5.1343457e-05,1.8426698e-05,-0.00059459861,0.0002853767,0.0001452266,-0.0026677346,0.013834252,-0.011777951,0.002928528,-0.0015308677,-0.0012602532,-0.00099793642,-0.00011967677,-0.00080046954,-0.0021097985,-0.00061688198,-0.00021006876,-0.0013905077,8.7088511e-05,-0.0017333434,-0.0012027949,-0.0010402203,2.6437757e-05,-0.00070041408,-0.0005209828,-0.00092354785,-0.0014860129,-0.0013312461,-0.0022318532,-0.00097564567,-0.0004266551,-0.00044894027,-0.00073324916,-0.0026217894,-9.060114e-05,-2.9786937e-05,0.00017805717,0.0011225619,0.0020240119,0.00050950108,0.00040379042,0.0012197201,-9.4202036e-05,0.0015522236,0.00058371347,0.0037441597,0.00034803057,0.0006158505,0.00024211104,0.0006631345,0.0012974554,0.0010885239,0.0020081571,0.0010365268,0.00014762994,0.0001884155,0.00071815622,0.0018102287,-2.4770292e-05,5.4347767e-05,-0.0014135283,-0.00056732433,-0.00027098772,-5.316716e-05,-0.0006773215,-7.1511722e-05,-0.00015054395,-0.00036218608,2.5658515e-05,-0.00077583597,-9.4435953e-05,0.00043414643,-8.5137779e-05,-0.00011926287,6.4667739e-05,-0.00010648642,-0.00040496011,-6.0575245e-05,-0.00047915238,5.5492175e-05,-1.9816359e-05,0.00037430232,-6.8048718e-05,-0.00059364108,6.6940917e-05,-1.2262381e-05,0.0013477784,-0.0045909868,-0.00015427891,0.00023110155,0.00055480051,0.00037884263,0.0001332549,0.00082233081,0.00044193976,9.6161605e-05,0.00031055467,-6.4473081e-05,0.00090082851,3.4093911e-05,-0.0014000983,-4.8763053e-05,0.00020186589,-0.00030305137,4.8082344e-05,0.00038550538,-0.00045311074,0.00055862146,-0.0005748756,-4.9175753e-05,-0.00097260886,-0.00016982781,0.0010663672,-0.00027288041,2.9851393e-05,-0.00010138193,0.00017243423,-1.0714835e-05,-2.7860454e-05,-0.00016065833,-1.6303842e-05,2.9672309e-05,0.00019199362,-8.9123202e-05,0.00043717836,-0.00062097376,1.9452604e-05,0.00017200405,0.00024031695,0.00010618142,0.00016387252,0.00015665472,5.5143214e-05,0.00036513274,9.1171862e-05,0.00045314693,0.00056093186,-1.0186173e-05,6.9602752e-06,-0.00019052963,-0.00045118344,0.00047980782,0.00039101541,3.9447146e-05,0.00046458275,-0.0001214453,-0.00011351263,0.00046033785,-0.0013791518,0.00090124337,6.0615389e-05,-4.5665456e-05,-3.8253051e-06,-0.00043591202,-0.00021358536,0.00052222267,0.00024038463,-0.00011385946,1.8470329e-05,-0.00062802015,-5.7929796e-05,0.00011422017,-2.0017164e-05,-0.00088888812,0.00092173919,-0.0011351995,0.00043150048,-0.00013755127,0.0001371604,0.00046798151,-0.00033934865,0.00042361007,-0.00053711095,0.00051816108,-8.7147123e-05,-0.00077769235,0.00075411006
"35",-0.0037624013,0.00055438528,-0.0052352328,-0.00075220298,0.0003373761,-0.00016683803,0.00090881186,-0.00079344796,-0.00019703545,7.0374654e-06,-5.6841564e-05,-9.3866282e-05,-2.5383215e-05,3.6040393e-05,-0.00017635298,-0.00012255188,0.00025568675,7.6353817e-05,0.00057035892,-0.00013168956,0.00054920197,-8.6317321e-06,5.7226902e-05,0.00016194775,-8.6215193e-05,1.1404992e-05,0.00026198482,0.00022185412,-0.00030898111,0.00089844216,-0.00018295662,-0.00021563488,-0.00055413235,-0.011777951,0.022924335,-0.0044593865,0.0039103505,-0.0015001436,0.0033299518,0.00013555145,0.00088313374,0.0020450778,0.00077887582,0.00042387295,0.0012458562,-9.0815051e-05,0.0015464652,0.00072821268,0.0019929805,2.190528e-05,0.00060115021,0.00030847146,0.00071951632,0.0012958766,0.0011535542,0.0020853549,0.00090481268,0.00023874924,8.0336719e-05,0.00057657606,0.0018591417,-4.502639e-06,3.5270147e-05,-3.4475812e-05,-0.0019123613,-0.0034202075,-0.0012119844,-0.0011862465,-0.0024708666,0.00016591054,-0.002889217,-0.0014681866,-0.0046758718,0.00037361127,-0.0010668617,-0.0007070571,-0.0016757678,-0.0022817824,-0.0021444525,-0.0040493758,-0.0018390564,-0.00027813591,-0.00057878044,-0.0015413476,-0.0031154491,-0.00015483597,-3.5022323e-05,0.00208448,0.00031890269,0.00033946175,6.0597046e-05,0.00099517311,0.00023435669,0.00016511626,0.00057354415,-4.9642047e-05,0.0012658239,5.8867309e-06,-0.00027812808,-0.00027668874,0.00023430817,4.3793973e-05,0.00024047212,0.00051783127,-4.9698928e-05,0.00057556901,-0.0001004055,0.0002255768,-0.00067233824,8.8378436e-07,0.0010834505,5.5294922e-05,2.3405932e-06,-0.0019428303,0.0052900612,5.8417301e-05,5.9222158e-07,-0.00066093875,-0.00036800626,-0.00015980103,-0.0013123764,-0.00076424026,-7.9894511e-05,-0.00068939036,8.6596711e-05,-0.0016007166,0.00014069057,0.0019616403,0.00059313417,-0.00030685841,5.5348865e-05,1.8691989e-05,-0.00037362572,0.00070618401,-0.00067499594,0.00064588065,-0.0002191991,0.001208918,0.00010581447,-0.0021148553,-1.5967039e-05,-3.4900422e-05,0.00017791171,4.0598861e-05,0.00023181601,0.00019673881,4.2237074e-05,0.0003213913,-5.164417e-05,0.00024125456,0.0003436395,-0.0007399521,-0.00012661114,0.00014246044,3.2591168e-06,-5.1516658e-05,0.00026024793,5.6649891e-05,-2.2201467e-05,9.7543985e-05,-7.7286248e-05,-2.9579056e-05,-0.00035719409,0.00018519511,0.00029186557,-1.3104157e-05,-0.00027071128,0.00029417679,0.00011214967,-0.00081256328,3.3230918e-05,-0.00069468538,0.00010285544,-0.00062574092,-0.0007363834,0.0022588744,0.0011762837,-0.00028777751,-0.00011752501,8.3943287e-05,-0.00040150477,-0.00020472549,4.3464836e-07,-0.00035570877,-3.3728908e-05,0.00037432265,0.00065330262,-0.00044424656,-0.00052918034,6.2232095e-06,0.00081265434,-0.0010903435,0.0016867109,-0.00056626903,0.00015636657,-9.7506454e-05,-0.00038928906,0.0004213205,-0.00023437206,0.00072135188,-0.0013592526,0.00030475135,0.0003523591,-0.00176847
"36",-0.00016466856,0.00065914487,0.0015344648,-0.00097595296,0.00019888782,-5.3002082e-05,-0.00048214409,-1.1964275e-05,-0.00012080405,0.00017177621,-6.354651e-05,6.8798139e-05,7.2961801e-05,2.9919627e-05,3.392949e-05,0.00012824833,-0.00018221075,1.3351778e-05,0.00037389991,0.00042767145,7.1939909e-05,-3.4881184e-05,-5.9324119e-05,1.4408465e-05,-0.00013322038,0.00018601075,-0.00035480751,0.00010560286,5.8913668e-05,-9.0898334e-05,8.596541e-05,0.00016199118,-0.0013423434,0.002928528,-0.0044593865,0.010929679,-0.018203802,0.0017052025,-0.0024587619,-4.3272044e-05,-6.4522983e-05,-0.00042846368,-3.3068822e-05,-4.1595401e-05,-0.00039457802,2.8666424e-05,-0.00033309556,-0.00043162276,0.00070733527,-6.1707212e-05,-7.3493264e-05,2.1872558e-05,-0.00011439644,-0.00033480944,-0.00027409869,-0.00083263799,-0.00013216806,4.111297e-05,-8.604611e-06,-0.00024244265,-0.00038556677,2.5593782e-05,-4.0548674e-06,3.7596988e-05,0.00013110414,0.00057264932,7.3275994e-05,0.00028006397,0.00062634974,-5.1490007e-05,0.0005263384,0.00042262977,-0.00074135248,-0.00044097921,0.00014976132,8.0074596e-05,0.00017843821,0.00042799792,0.00021122269,0.001153035,0.00029686299,-3.5813628e-05,-1.1861571e-05,0.00030896008,0.0005794062,5.5604856e-05,-1.2474801e-05,0.0019415697,-0.001902305,-6.5039094e-06,-0.00059943114,-0.0015730251,-0.00010498546,-5.5540532e-05,-0.0010367633,3.9449217e-05,-0.0008912114,-0.0015977182,0.0021257529,0.00038964515,-0.00052603635,-0.00032043265,-0.00064059298,-0.001126322,-0.0011512091,-0.0026321036,-0.0007724325,-0.00016158506,-0.0011268431,-0.00080646092,-0.0017940448,-3.5897097e-05,-2.0996108e-05,-0.0025903312,0.010346651,-0.0001583265,0.0034327889,-0.0023188414,1.1055957e-05,0.00069329377,0.0021083948,-0.0012214534,0.00055600638,0.0015282628,-2.4207976e-08,0.0012292904,0.0018747578,-0.0022418594,-0.00040256512,0.00065625214,0.00072529238,0.00083500978,0.0011018585,0.002022143,0.0037789616,0.0026707408,0.00069148432,0.0029679377,0.0021092887,0.0013085987,0.00045352184,-2.7592511e-05,-0.00010197721,-0.00012546534,-0.00029598189,-7.8295742e-05,-5.9229617e-05,-0.00021623027,1.2200493e-05,-0.00034337288,-0.00037814537,0.00035055292,0.00028296294,-6.8223502e-05,-5.0982326e-05,-0.0001194628,-0.0003553417,-0.00014299848,2.4378212e-05,-0.00012857797,3.4598354e-06,-5.0267724e-05,9.6103776e-05,-0.00032297249,-5.7764132e-05,-5.0504085e-06,0.00024229684,-9.104734e-05,0.00050614397,0.00024786482,-4.4896423e-05,0.00013367579,1.8514752e-05,0.00076137179,0.00096764416,-0.0010401828,-0.0010672055,0.00017823452,4.5695823e-05,-1.778436e-07,0.00052582562,0.00027970583,-0.00014500168,0.00013035883,0.000270987,-7.4673754e-05,0.0001332159,0.00063461541,0.00018083179,2.7195938e-05,0.00098709244,-0.001159486,0.0013327907,-0.0006912791,0.00023574156,0.00025588398,-0.00055348401,0.00052500398,5.5127867e-05,0.00071551123,-0.00077812885,0.00075335309,0.00021713247,0.0003201802
"37",0.0014913003,-0.0059251957,-0.0063772096,0.0063532749,-0.00084755443,0.00037863023,0.0019814054,-4.1286691e-05,0.0028973663,-0.0029733341,0.00016091733,0.00022513295,-0.00045656392,0.00038437167,0.0008539783,-0.00059738643,0.0018311865,-0.001994476,-0.0013326155,-0.0012784108,-0.0004374133,0.00031943942,-0.00015293932,0.00050186783,0.00061258828,-0.0004443843,0.0019058803,-4.5349222e-05,-0.00065178863,0.001077014,-4.1043079e-05,-0.0013205417,-0.0026649775,-0.0015308677,0.0039103505,-0.018203802,0.085151732,-0.0050528194,0.0068339286,9.1672742e-05,-0.00023025562,-0.00017686915,-1.3668197e-05,0.00013497441,0.00045515945,-3.3375487e-05,-4.5040877e-05,0.00096722492,-0.0029739352,4.612082e-05,-0.00021933862,-0.00021664311,-0.00022832934,-0.00014960349,-0.00035102073,0.00156311,-0.00047445271,-0.00025217949,0.00014563417,6.2523345e-05,0.00040867948,-4.0817044e-05,-6.2478204e-05,0.00025017857,0.00032091092,0.0005603435,1.0262438e-05,-0.00097899689,-0.00082743953,3.3842528e-05,-6.9799797e-05,-0.0011125852,0.0042012383,0.00078684065,0.00027766047,-0.00012918991,0.00024351317,0.00054018208,0.00045203034,-0.0026102358,0.00015066851,0.00026465091,-0.00052506895,-0.00047521562,-0.00031003269,-0.00015252184,0.00013599504,-0.022783232,0.001446625,-0.0027069506,0.0024056168,0.0016420624,-0.0004339315,-0.0012231632,0.0015801638,-1.1620215e-05,-0.0037532459,0.0050340257,-0.0045850425,-0.0021800079,0.00093820662,0.0012333107,0.001022384,0.00057946181,0.0050380483,0.0063573489,0.0057256514,7.3277328e-05,0.0072651124,0.0037896966,0.00010284371,0.0005058911,-3.0814824e-05,0.033986079,-0.1349206,-0.019551841,-0.010510109,0.0084890584,0.0016723128,-0.0083451266,-0.0043741807,0.015357356,0.0030027718,-0.0066846796,-0.00030501753,0.011166678,-0.0063627973,-0.017880863,0.0020035333,-0.002495073,-0.0061618178,-0.0031615131,0.012660934,-0.019201363,-0.016056756,-0.028152944,-0.0013085378,-0.029389686,-0.016580007,0.015074006,-0.0051018879,0.0006828231,0.00041425491,0.00056007586,0.00078522996,-0.00016678831,-0.00025010068,0.00055604186,-3.5282403e-05,0.0012964207,0.00098891096,-0.00091115629,-0.00081870447,0.00021795055,9.5351721e-06,0.00089686696,0.00036019098,0.00067216858,0.00035551432,0.00029564759,0.00057454585,0.00025747123,1.7256388e-05,0.0007933094,8.3299417e-05,1.5190968e-06,-0.001458778,0.0007889023,-0.0013961257,7.5453389e-05,0.00032893653,-0.00042757953,9.4490093e-06,-0.0024210315,-0.0031137481,0.0036716671,0.0027310672,-0.00023487648,-3.3504566e-05,-0.00048937586,-0.0012277895,-0.0011783824,0.000133527,-0.00025555174,-0.0018678079,2.5293555e-05,-0.00029938459,-0.0022340381,-0.00036093478,-7.0969185e-05,-0.006173474,0.00769929,-0.0089322035,0.0068054259,-0.00033376409,0.0043259091,0.0014819163,-0.0018295553,0.000142016,-0.0020807251,0.002695666,-0.0025823111,-0.0003560591,-0.0011723054
"38",0.00020642599,0.00024633234,3.5076489e-05,-0.00013010399,0.0002396623,4.1100984e-05,1.2073441e-05,0.00022878162,-6.6081643e-05,0.00021247632,-7.3018751e-05,-1.1744559e-05,-9.3306405e-06,-0.00015128475,-7.3538508e-05,0.00016952566,-0.00018189194,0.00022290668,-0.00038955659,0.00027747553,0.00081223464,2.8297484e-05,-3.4852379e-05,-0.00013929198,-8.5983348e-05,-4.1750778e-06,1.4116729e-05,2.3085388e-05,-6.2568138e-05,0.00060144654,-0.00047334069,0.00035869953,0.00064296129,-0.0012602532,-0.0015001436,0.0017052025,-0.0050528194,0.012001364,-0.015216964,1.9793388e-07,0.00010443287,-5.6161488e-05,4.0666399e-05,-6.7481264e-05,-3.8724826e-05,3.7604955e-05,0.00014936315,-3.9090523e-05,0.00021952627,-0.00049376551,5.8638291e-05,0.00014632883,0.00022173638,9.722575e-05,0.00013647869,7.2312574e-05,5.6692491e-05,0.00022191161,9.1756571e-05,0.00037057702,0.00049198638,1.067185e-05,7.8021839e-06,-0.00011676387,0.00025229565,0.00016573108,7.7770852e-05,-2.9605496e-05,0.0003736255,-6.9248689e-05,0.00026418515,0.0002738467,-0.00043347708,-4.6700893e-05,0.00015394697,1.7627684e-05,-3.0348987e-05,8.1980178e-05,-3.0369259e-05,0.00010791145,0.00019730553,-6.5296355e-05,2.0191984e-05,-3.4110763e-05,0.0002528062,7.3788291e-05,-1.1276267e-05,-0.00035050295,-0.00016044252,-8.0769819e-05,-0.00013539274,-0.00018907731,-7.9178567e-05,-3.5238688e-05,-0.00022434272,1.8242493e-05,-0.00053653064,-0.00036343751,0.00022902032,0.00013859369,-4.6879167e-05,-6.8944173e-05,-8.6028219e-05,-0.00032197953,-0.00014486102,1.3368952e-05,-0.00011707256,-8.097892e-05,1.3992466e-05,-1.8470558e-05,-0.00046848124,2.7198226e-05,-1.1538842e-08,0.00089048564,0.003281707,0.002183463,0.00027566427,-0.0003505324,0.00058484963,0.00055949725,0.00056782418,-0.00012404127,-0.00022357793,0.00046775779,-2.9503942e-05,0.00059377557,0.00025818766,-0.00056206776,-0.00025127171,0.0002292354,0.00022209165,-4.5655664e-05,-0.0005726575,0.0008461249,0.00081477419,0.0005374019,0.0001462519,0.00028677569,0.00014761185,0.00046939365,-7.3385989e-05,8.1690126e-06,-4.3685893e-05,-0.00078462268,-0.001364878,-0.00026034524,0.0002715041,-0.0012811012,7.8430467e-05,-0.0015858531,-0.001453346,0.00028502089,0.0011860463,-0.00072421369,-0.00046292074,-0.00062025848,-0.0011423504,-0.0010400621,-0.0020869246,-0.00038210227,-0.00013822603,-0.00040849362,-0.00018256315,-0.0024005385,-0.00038435338,-2.5978291e-05,0.00038277504,0.0012675184,0.0011899049,0.00041847445,-0.00065034394,0.0015874523,-9.8207832e-05,0.0021333819,0.0022020904,-0.00079608422,-0.0024046233,0.00082527116,0.00064995135,0.0006773563,0.0023227745,0.0017870549,0.0023981927,0.00028630752,3.7459339e-05,0.00030509581,-2.126362e-05,0.0032836063,0.00053817593,3.5712032e-05,0.00027111389,-4.8598069e-05,-0.00014134268,-4.6721651e-05,-0.00014722135,-0.00082096923,-0.00018765457,-0.00027183011,0.00033146269,0.00012269017,0.00070852054,6.8395984e-05,4.9433501e-05,-0.00042830152
"39",-0.00011500425,-0.0005005939,-0.00028667632,0.00058053381,-0.00050796458,5.1816455e-05,0.00022931837,-0.00012065906,-0.00010088131,-0.00050419579,0.00014843799,8.4984889e-05,-5.0348149e-05,0.0004661883,-0.00020861951,-0.00015126787,0.00017343948,-0.00058406609,0.00063976899,-0.00031918258,-6.2670241e-05,-0.00026295167,0.00015597703,-0.00046852491,-0.00012948556,-0.00063561771,0.0014149877,-3.3375257e-05,-0.00038938883,-0.0010178533,0.00019779944,-0.00029770408,0.0060457916,-0.00099793642,0.0033299518,-0.0024587619,0.0068339286,-0.015216964,0.054417984,-0.00029332363,-0.00030097097,0.00062313502,0.00022155216,-3.4089264e-06,0.00044220277,-0.00010448759,-0.0002306484,0.00040599714,-0.00049294314,0.0004340855,3.8620377e-05,4.5548212e-05,-0.00013107091,-0.00023842817,-0.0002412201,0.00054257308,8.471955e-05,-0.00023996225,8.2141464e-05,-0.00055562594,7.8914156e-05,0.00016269958,-1.777605e-05,0.00030423804,-5.6792778e-05,-1.6220862e-05,-0.00049074494,-0.00010054642,-0.00066930948,0.00010377708,-0.00044293058,-0.00053150842,0.00074582685,0.00057480396,-0.00026733101,-0.00021792127,0.00019685579,-0.00043222563,-0.00013869087,-0.00027827592,-0.00020744419,0.00018179851,0.00017818146,0.00029176587,-0.0007657846,-8.7228763e-05,8.6583073e-06,0.00027942472,-0.00037716717,-9.4319973e-05,8.2608142e-05,0.00025356127,0.00024322349,0.00015999456,0.00019215055,2.0999772e-05,0.00086598584,0.00076685748,-0.00025511677,-0.00062845167,0.00021077314,9.061345e-05,-4.7591523e-05,0.00027632314,7.1883818e-05,-6.0027332e-05,0.000130366,0.00011184875,-1.6654013e-05,0.00035220303,0.0005483572,-2.134532e-05,1.6967556e-05,-0.0022439848,-0.0038524625,-0.0058624085,0.0017127058,0.0015695617,-0.0010979426,-0.00034871417,-0.0010928638,-8.2494616e-05,0.00052409544,-0.00037841764,2.1770539e-06,-0.0011583486,-2.1324861e-05,0.0022357512,0.00058416929,-0.00069820329,-0.00039806838,0.00091050183,0.0023381901,-0.001127606,-0.0015352407,-0.00034546435,-0.00020089638,-9.4255127e-05,-0.00063194599,-0.00093613258,0.00058228421,-4.8139215e-05,0.00049753283,0.0011349428,0.0011405243,0.00036462017,-0.00064322179,0.00153247,-0.00010486003,0.0020616355,0.0021895194,-0.00082772928,-0.001647186,0.00093719233,0.00058295432,0.0008291389,0.0022215097,0.0017262668,0.0024459506,0.00046156359,9.3908317e-05,0.00034897742,0.00036603614,0.0032996457,0.00016062925,2.3667028e-05,-6.0557755e-05,-0.0020474306,-0.0057253774,-0.0021008793,0.0026024029,-0.0050893337,0.00021548741,-0.0076857862,-0.0078590571,0.0036195547,0.0048529276,-0.0035812087,-0.0020931422,-0.0039130502,-0.0054013186,-0.0037961342,-0.0095100719,-0.0024780187,-0.00092440984,-0.001051394,-0.001970165,-0.011389468,-0.00032544832,-0.0001292201,-0.00049013675,0.00045196658,-0.00075509496,0.00016648209,0.00048819655,0.0018574254,0.0001573856,0.00044846392,-0.0010217904,-0.0022808634,-0.00066659478,-7.2433381e-05,0.0022365592,-0.0071363338
"40",9.3814215e-05,0.00011953772,0.00036224411,4.863443e-05,-2.6327257e-06,3.609478e-06,-7.5882334e-05,3.1680873e-05,-2.1094131e-05,5.3180567e-06,-1.2479641e-05,1.1637418e-05,1.2935077e-05,3.7795232e-05,1.9521244e-05,2.4787696e-05,-1.5629238e-05,4.6303905e-05,1.2308532e-05,-1.4543538e-05,9.5156519e-06,-3.6236412e-05,2.1147397e-05,-5.9740107e-05,9.8234769e-06,-9.6723546e-06,2.4660702e-05,-1.8322071e-05,1.3726826e-05,-0.00010524664,3.8052496e-05,5.4154533e-05,1.6449688e-06,-0.00011967677,0.00013555145,-4.3272044e-05,9.1672742e-05,1.9793388e-07,-0.00029332363,0.00098917185,-0.00022814906,0.00016258794,-3.8796598e-05,-0.0001879456,-1.1019629e-05,7.6077521e-06,6.6610273e-05,2.7590781e-05,0.00040374004,-0.00013330738,7.2427541e-06,-0.00019727663,-0.00012605926,0.00013007957,-5.8558434e-05,-0.00018934315,8.5116167e-05,4.0911599e-05,-2.6888446e-05,1.5914503e-05,-0.00019005186,2.8779194e-05,1.5039777e-05,-0.00093722208,0.00026295188,-0.00021414391,2.0937261e-05,0.0002067614,1.6439646e-05,-3.4561898e-06,-2.2557394e-05,-0.00010772103,-0.00036991519,0.00011113422,-1.4287303e-05,0.00016889677,0.00012656493,-8.4830687e-05,7.6464335e-05,0.00014984477,-9.1129802e-05,-6.2906787e-05,0.00010649872,6.6116865e-06,9.2278917e-05,-3.7407587e-05,-1.5999795e-05,-3.8830079e-05,-4.9499933e-05,0.00024896685,-6.339592e-05,8.2597859e-05,2.2232588e-05,-2.6135497e-05,7.1753961e-06,2.2687966e-06,-5.1177838e-06,-1.9777394e-05,5.9987248e-05,-1.3128366e-05,-1.7144531e-05,-4.5259542e-05,-6.4274145e-05,4.1064002e-07,7.7450287e-06,-6.7227091e-05,2.1448168e-05,-1.9418978e-05,-4.5886358e-06,4.4267722e-05,-8.0561167e-06,9.9063121e-06,5.4308624e-06,4.8352316e-05,-0.00010270783,-3.9878851e-05,0.00013705447,0.00012463688,-0.00030292827,9.2533878e-05,-8.5523161e-05,-1.2815379e-05,-2.7605332e-06,-5.1714647e-06,-2.2199637e-06,-1.6849764e-05,6.2438935e-05,-2.5573603e-05,-5.7211388e-05,3.8364089e-05,4.8917703e-05,0.00011395074,-1.31666e-05,-4.335302e-05,8.9279481e-06,-5.7780949e-05,4.2415992e-05,-1.1185697e-05,-0.00012479835,6.9827932e-05,-1.8383488e-05,-8.6552927e-06,-5.0874675e-05,1.7059824e-05,-1.6816915e-05,-1.5993275e-05,-2.2673551e-05,-2.2448979e-06,-3.1918923e-06,-1.0832942e-06,-8.1259398e-06,-1.3635763e-05,9.9349443e-05,1.4341161e-05,1.2745275e-05,5.6792022e-05,-1.6784774e-05,3.3207736e-05,-2.4039367e-05,2.0806229e-05,5.7966106e-05,-1.2786859e-05,7.2198705e-06,2.1044051e-05,-1.1500906e-05,-6.1206009e-06,-1.9655587e-05,-7.4544913e-05,1.8054875e-05,-4.5927096e-05,-4.4034135e-05,1.4806542e-05,1.6550499e-06,-0.00015570028,1.0855872e-05,-0.00027036731,8.6588404e-05,-6.3383192e-05,0.00010404921,-5.2839255e-06,-5.1471962e-06,5.824325e-05,0.00026529604,-2.3100749e-05,-7.8547898e-05,-8.55842e-05,-7.0081463e-05,0.00020053327,8.1120086e-05,8.3021627e-06,-3.5067785e-05,6.5628536e-06,6.4400887e-06,1.3444707e-05,-2.7249269e-06,1.3054779e-05,6.1713029e-06,-4.0432953e-06,6.7856159e-05,1.705806e-05,-2.1678412e-05,-1.5310026e-05,-0.00012541055,-1.6674195e-05
"41",0.00017343962,0.0014433106,-0.00081724651,-0.00050002654,4.8860067e-05,-3.8543603e-05,0.00035509099,7.5960148e-05,-1.1472545e-05,2.1772242e-05,3.0140028e-05,-4.0836077e-05,-8.5219727e-06,-2.902134e-05,-5.9597766e-05,5.3421924e-05,8.8379801e-06,-1.5150484e-05,0.00010996546,1.8077641e-05,0.00022473653,-8.5685694e-06,1.6740406e-05,-1.8266135e-05,1.0969533e-05,3.4061397e-06,3.5709013e-06,2.1318855e-05,2.0809617e-05,0.00026434772,2.439177e-06,3.3645809e-05,-9.3617683e-06,-0.00080046954,0.00088313374,-6.4522983e-05,-0.00023025562,0.00010443287,-0.00030097097,-0.00022814906,0.002364925,-0.00013414027,-0.00014683035,0.00011761037,8.9966646e-05,-1.1201255e-05,8.8708028e-05,-0.00017639003,0.00110531,0.00011637282,2.4195416e-05,-0.00010245424,0.00020935522,7.4997428e-05,-1.5837561e-05,-0.00012517911,-1.7160364e-05,-0.00011226964,0.00023032454,0.00021237083,0.00012623626,1.3518362e-06,1.2552802e-05,0.00024942563,-0.0022400456,0.00015888239,0.00014160311,-0.00017396431,-0.00013195942,1.8595123e-05,-0.00020335165,0.00041912677,-0.0017411282,-0.0001497211,-2.6450986e-05,6.2750132e-05,-0.00029809709,-0.00017613445,-6.1708496e-05,0.00020434451,4.8624215e-06,0.00023249073,-8.9222695e-05,-0.00034970509,-3.2406553e-05,5.5166048e-05,-3.508378e-05,0.00087128276,3.8424648e-05,6.3595945e-05,0.00045549534,1.442907e-05,-8.3682236e-06,0.0001281655,3.2925036e-05,-4.4464455e-06,0.00020357466,-0.00013424301,0.00028660938,6.7705589e-05,-4.0195872e-06,-3.7442985e-05,4.3331958e-05,2.7273421e-05,-0.00020459416,-0.00015534907,-0.00024081047,-5.5845383e-05,-0.00020324535,-5.5383752e-05,7.1121218e-05,-2.881413e-05,6.4492774e-06,-0.00068561087,0.00186636,-3.5618322e-05,0.00022793434,-0.00026281631,-8.773341e-05,-0.00056276492,-8.8392538e-05,-0.00024369891,-0.0001309815,-5.0130742e-05,2.6613694e-05,-0.00026608083,7.8782478e-05,-4.2267298e-05,-0.00015096683,-1.0082246e-05,6.0291339e-05,4.5727521e-05,-0.0001176729,0.00026315342,0.00018005404,0.00043609648,7.5343366e-05,0.0004566173,5.43108e-05,-0.0003453945,9.1708281e-05,-3.163806e-05,1.2163495e-05,-1.864106e-06,-2.4385204e-05,-1.4345022e-06,3.3502379e-05,1.1103255e-05,-1.0396087e-05,2.936349e-05,-9.594511e-05,-3.0816182e-05,0.00013798608,2.2857215e-05,-2.8637652e-05,-2.1732729e-05,-2.5999417e-06,-1.684093e-06,6.1081787e-06,-9.3139064e-05,-0.00012445057,-2.5353884e-05,-0.00010029194,-4.4911387e-05,2.8009205e-05,5.7842023e-06,-2.6377132e-05,-0.00023734498,-1.6496796e-05,4.0054218e-05,-2.8870495e-05,-3.6333549e-05,2.7557044e-05,7.0806224e-05,0.00014045873,-0.000254075,-0.00029076118,-5.5718031e-06,0.00016928583,3.2537841e-05,-8.471453e-05,-0.00010120877,-0.00010127951,0.00016371668,0.00022512287,0.0001836516,0.00028258351,0.00012535899,-2.2654427e-05,-4.8728496e-06,0.00052257062,-0.00060361057,0.00049861963,-0.00021624142,7.9834179e-05,-5.4803611e-05,-0.00016794214,0.00020996441,-0.00030620813,0.00025965427,-0.00026392237,1.646759e-05,0.00039403719,-0.00047609092
"42",-0.00095641325,8.3170752e-05,0.00022308955,-0.00062073969,5.9574173e-05,3.4169034e-05,-0.00021121337,-9.9513235e-05,-6.2253879e-05,-1.6913735e-05,-4.326244e-05,-3.4155471e-05,-1.5129827e-05,1.5448582e-07,1.4942875e-05,3.4931608e-06,6.2136826e-05,5.0919741e-05,0.00023463312,-1.2675426e-05,4.9882121e-05,-3.6526992e-05,-4.0356715e-05,0.00012080495,-7.0308983e-06,-9.6592055e-06,2.3620425e-05,-8.4712174e-05,-1.8796161e-05,7.181135e-05,-4.0875799e-05,-8.0568423e-06,-0.00012430531,-0.0021097985,0.0020450778,-0.00042846368,-0.00017686915,-5.6161488e-05,0.00062313502,0.00016258794,-0.00013414027,0.0022624053,0.00025005732,8.2568533e-05,2.2216824e-05,6.888879e-06,0.00041590577,-0.00016130064,0.00014831056,-0.00023575117,0.00015373127,-0.00011320092,-0.00011615565,7.4013581e-05,0.00017806128,-1.9023627e-05,0.0001524432,6.7763985e-05,-0.00044224459,-6.3999744e-05,0.00095227217,3.6483561e-05,-7.2970272e-06,-0.00018269399,0.00013183602,-0.0021930102,-0.00015069775,2.3462504e-06,-1.4769724e-05,-5.425389e-06,-0.00053015884,0.00025158633,-0.00093037811,0.00019000279,-0.00017802392,0.00010752505,0.00020379863,-1.9165607e-05,-0.00020347602,0.00012861397,-0.00034935955,-1.7275115e-05,0.00049624746,0.0001379776,-0.00099770979,-7.2317153e-05,5.0818462e-06,0.00064692486,-0.00018785535,0.00014383199,-8.4032289e-05,0.00062936721,5.7988804e-06,-1.0198112e-05,5.1495139e-06,3.6016044e-06,0.00033182441,-0.00015197625,-0.00014714309,-2.896694e-05,2.6927199e-05,-4.2715498e-05,-0.00011532565,7.0770459e-05,-5.1489534e-05,-0.00011231038,-0.0001074049,5.6983712e-05,-0.0003307425,-0.00011377832,0.00040455975,-1.0300024e-05,-1.5175981e-06,-0.00067905083,0.0020629439,5.3953909e-05,0.00040550767,-0.0003366575,-0.00016150939,0.00014194138,-0.00075444531,-0.00028713222,-8.8634301e-05,7.4352906e-05,1.2549462e-08,-0.0004610563,0.0002852142,0.00070205448,1.3731639e-05,-8.8799192e-05,8.9675842e-05,0.00011630864,-6.7280521e-05,0.00023266852,0.00021435154,0.00033458777,1.9443167e-05,0.00068875072,0.00029970971,-0.0006642715,0.0001063628,-6.1597617e-06,2.193547e-05,-5.7732577e-05,-7.8036734e-05,-5.4806974e-05,-6.536884e-05,5.0813965e-05,-8.3617491e-06,-3.3682528e-05,5.3157072e-05,-0.00026064827,3.0977479e-05,-2.4794965e-05,1.6949091e-05,1.1995626e-05,-5.3876772e-06,7.6915137e-05,3.534009e-05,3.0994961e-06,2.2260202e-05,2.6620931e-05,-4.5305786e-05,1.0617696e-05,2.9467418e-05,-5.7019284e-07,2.8355654e-05,5.6574119e-05,3.8106112e-05,8.7451105e-05,0.00012751363,-0.00014783483,1.581336e-05,5.8166275e-05,4.1274029e-05,0.00066581551,7.1452898e-05,-5.0212972e-05,1.5237151e-06,-4.5177531e-05,-3.2418209e-05,-0.00014894662,-0.00013745369,-4.0924955e-05,-6.7067627e-05,-0.00017573918,-2.6854556e-05,7.5115078e-05,-2.4951886e-05,3.9774195e-06,0.00032998057,-0.00044917956,0.00064953629,-0.00019463954,5.9923048e-05,-1.2808968e-05,-0.000229704,0.00027330802,1.1261147e-05,0.00030572354,-0.000414165,0.00014255392,6.7457981e-05,0.00013972038
"43",-0.0012313756,-0.0012723239,-0.0005968336,0.00011541401,2.9468707e-05,6.8516055e-05,-9.7470442e-05,-0.00027268621,2.8514061e-05,4.9943753e-05,-1.9385987e-05,3.0110619e-05,-1.3569148e-05,4.7380081e-05,5.3521579e-05,5.7189752e-06,6.6743289e-05,7.7680903e-05,6.7498413e-05,-7.3291651e-06,-2.9558061e-05,3.8981665e-05,-1.7515132e-05,-1.0091807e-05,2.61599e-05,-8.9890846e-06,9.3917626e-05,9.3685354e-05,1.2735907e-05,0.00039919446,5.4987153e-06,4.1404117e-05,0.00011156432,-0.00061688198,0.00077887582,-3.3068822e-05,-1.3668197e-05,4.0666399e-05,0.00022155216,-3.8796598e-05,-0.00014683035,0.00025005732,0.0020870925,0.00094255177,-7.2929386e-05,-1.9897715e-06,-0.00012315563,0.00033088601,-0.0007575953,0.00010447875,-2.0865246e-05,2.8043954e-05,-0.00025744875,9.0700796e-05,7.5048848e-05,-3.3938462e-05,-0.00011347484,9.2949982e-06,0.00014277172,-2.30086e-05,0.00014928616,3.4303282e-05,-1.648506e-06,6.4474468e-05,0.00016008007,-0.00014449765,-0.0018759672,-0.00075464241,5.0095751e-05,-4.2847394e-06,0.00020806056,-0.00030945158,0.00087894913,-1.6091637e-06,5.7432936e-05,-8.4688603e-05,0.00023292845,-2.8904998e-05,-0.00018894636,-3.5800777e-05,-9.1700696e-05,-0.00010670398,-0.00028547408,4.3820382e-05,-4.8850827e-05,-0.00014286794,2.0450169e-05,-9.3060389e-05,-0.00017365892,-1.8643545e-05,-4.5679779e-05,-2.4901144e-05,0.00058045707,0.00022967302,-1.8185064e-05,-9.3225326e-06,-0.00016664433,0.00010297715,-0.00022331971,0.0001306279,-5.664862e-06,2.658493e-05,-8.6661637e-05,3.8175028e-05,6.6952533e-05,-3.3347841e-05,8.154521e-05,3.4506056e-05,7.6905614e-05,-1.9490496e-05,1.9716572e-05,5.7228e-05,-8.852561e-06,0.00043050569,-0.00084588383,0.00044379471,0.00016686349,-0.00023853731,0.00025505279,-2.5415409e-05,0.00013841278,-0.000587128,-0.00040719255,4.0948233e-05,4.7351697e-06,0.00046679621,-9.2565368e-05,-5.5998934e-05,-2.0473554e-05,5.1515547e-05,-7.8994428e-05,7.8315672e-05,-0.00020134002,-0.00016986379,0.00026383521,-0.00026802132,-8.3659324e-05,-0.00036781036,-7.1909706e-05,5.7301031e-05,-0.00020868943,2.4225306e-05,-8.4222971e-06,-6.7383794e-05,-7.9424889e-05,-0.00012617392,-6.0920694e-05,1.9800438e-06,2.0920011e-06,2.7620286e-05,6.6421301e-05,-0.00011449681,1.0001848e-05,-1.9343019e-05,1.3480033e-05,2.4241256e-05,8.0619452e-06,3.4227435e-05,1.5348059e-05,7.1883653e-05,3.3101237e-05,4.1150407e-05,4.7967156e-05,-2.794665e-06,-1.3631203e-05,-5.0470887e-06,-5.567513e-05,0.00013434112,0.0001287079,-2.9568024e-05,-2.8696197e-05,-4.130381e-05,-2.3464286e-06,-1.1015996e-05,9.9652738e-07,0.00048912878,0.00024793199,5.4263231e-06,-6.7943111e-05,9.6381024e-05,3.9923002e-05,-7.1855273e-05,7.2512931e-06,-0.00013659795,4.7617146e-05,4.5778087e-05,-3.4797234e-05,-6.5799998e-05,-0.000100588,-8.6083345e-06,-7.4760543e-05,6.4075811e-05,0.00025648588,-9.2164419e-06,-4.2125473e-05,-0.0002541957,-4.4818226e-05,-1.1019059e-05,0.00023372428,0.00014278112,-0.00019982571,0.00010605805,-0.00017997068,8.7415282e-05
"44",0.0009071485,-0.00036816373,-0.0016442298,0.00043691374,-0.00024036673,1.1694744e-05,0.00063069805,7.3216475e-05,-0.00013928247,-1.8254631e-05,6.5266827e-05,-8.6845492e-06,8.815086e-06,-2.5045914e-05,-0.00012975669,9.3206051e-05,-3.606717e-05,7.3047284e-05,-0.00053129339,0.00014496299,-0.00018340876,8.9901487e-05,-1.9538721e-05,-0.0003260715,7.0813552e-05,-2.7920225e-05,-1.6817079e-05,2.1252245e-05,2.0298118e-06,0.00046038483,-0.00012849266,0.000143683,0.00052378424,-0.00021006876,0.00042387295,-4.1595401e-05,0.00013497441,-6.7481264e-05,-3.4089264e-06,-0.0001879456,0.00011761037,8.2568533e-05,0.00094255177,0.002980708,-5.0909554e-05,-4.8730969e-06,-9.5260245e-05,9.4435564e-05,-0.0010991021,0.00013554279,-0.00010693446,6.2236403e-05,-0.00049458102,0.00014409044,0.00024294934,-3.6920405e-05,0.00011351497,-0.00024499336,-7.7865247e-05,-4.1458547e-05,-0.00032089232,-4.5548908e-05,9.537033e-07,0.00016099676,-0.000167412,2.3119293e-05,-0.00076081766,-0.0027539182,4.9545366e-05,-7.9059451e-06,5.2522869e-05,-7.5202363e-05,0.00044649531,3.9326126e-05,0.00018394532,-0.00013860392,0.00030410373,-0.0002612464,-0.00035094463,-0.00016167309,-0.00014837951,0.00025353823,8.4938775e-05,-6.2383524e-05,0.00032311914,6.5819886e-05,8.6388027e-06,1.0261525e-05,-7.9129275e-05,-1.7090098e-05,3.9876754e-05,-3.522631e-05,0.00026760481,0.0007230697,-5.0297832e-05,2.7776854e-06,-6.9522227e-05,6.3455218e-05,-0.00049992731,7.2141952e-05,-8.3457602e-06,2.2242008e-05,-0.00011671349,9.4072946e-05,0.00013540113,-5.1284262e-05,0.00018043103,-9.4156921e-05,-6.1185474e-06,6.1579448e-05,-0.00014811691,2.2147545e-06,-5.8734808e-06,-0.00054767244,-0.00021199302,-0.00051709969,0.00038605645,1.7327643e-05,-5.6803235e-05,-0.00014106884,-0.00018470016,-0.00036324267,-0.00090939517,0.000102158,-8.0302599e-06,6.1861829e-05,0.00010571104,0.00057850139,-3.053607e-05,-3.3114478e-05,-1.3812768e-05,0.00031835259,1.6011667e-05,-0.00023787028,0.00016043379,-0.0001979324,0.00013760897,9.280467e-05,-6.1999953e-05,4.7220735e-05,0.0001111591,1.8850095e-06,-0.00010118477,1.293853e-05,-8.9901813e-05,-7.7121501e-05,-0.00016467045,-5.7186765e-05,2.4407113e-05,4.3724491e-05,9.0700797e-05,-0.00018020785,-0.00018738021,-5.8753353e-05,7.3934178e-05,7.5015933e-05,0.00012723594,0.00014535395,2.9516887e-05,6.6965699e-05,0.00015271576,6.5401843e-05,0.00016225485,0.00010411017,-5.048248e-05,5.3733824e-07,7.7966471e-05,-0.00013714794,9.1927384e-05,-6.778995e-05,-4.3969815e-05,7.1477686e-05,-4.0437298e-05,0.00010371311,-0.00017839911,0.00044638209,0.00047923701,0.00014605215,-0.0001633336,-2.9039112e-05,-0.00025796527,-0.00014205409,0.00022170488,-0.00016028816,-6.3738032e-05,-0.00010068069,-0.00018756132,-0.00015841263,7.0862986e-05,-1.5180543e-05,-0.00058035565,0.00072436993,-0.00096060714,8.7343063e-05,6.4939479e-05,6.4555025e-05,0.00050959863,-0.00068745533,0.00020275718,-0.00084737812,0.00092625155,-1.5490984e-05,0.0001407461,-0.0009426468
"45",-9.340756e-05,5.7814438e-05,-0.00051940195,3.1681005e-05,1.6092855e-05,-5.2801468e-06,0.00011825588,-4.9359987e-05,1.1817199e-05,-8.497409e-06,-7.283347e-06,3.3467961e-06,-2.829456e-06,-1.050217e-05,-2.4121865e-05,8.4315402e-06,-5.3493306e-06,1.9676276e-05,-3.1533781e-05,-2.6933132e-06,0.00015720706,7.1627365e-06,-2.0946408e-05,4.7033264e-05,1.7635677e-05,-4.3755703e-05,5.8615625e-05,1.2249611e-05,-1.9179589e-05,0.00013104628,-5.2824415e-05,-3.4300028e-05,0.00027042173,-0.0013905077,0.0012458562,-0.00039457802,0.00045515945,-3.8724826e-05,0.00044220277,-1.1019629e-05,8.9966646e-05,2.2216824e-05,-7.2929386e-05,-5.0909554e-05,0.00055028194,-8.4055476e-05,0.000256131,0.00019869181,0.0001149307,-0.00011769538,5.1942281e-06,4.5549107e-05,0.00011125587,3.7028989e-05,8.3817557e-06,9.5205334e-05,-2.3386942e-05,-7.2960098e-05,0.00011231119,4.2487981e-05,-2.722105e-05,1.4687407e-06,-7.3527593e-07,-4.4388605e-06,-0.00013381646,-5.895616e-06,8.025166e-05,4.4565796e-05,-0.00050568689,7.3470478e-05,-0.00024552912,-0.0001553147,-0.00025609522,0.00014018527,1.7723833e-07,-3.1045197e-05,-9.1161322e-05,-4.7083324e-05,-2.5888496e-05,-6.7337497e-05,3.7970795e-05,8.8859252e-05,-0.0001086371,-8.4723463e-05,0.00013777805,1.6099592e-05,-3.2834803e-06,-3.5432236e-05,6.6058311e-05,-1.5658112e-05,4.7216614e-05,9.0967459e-06,-1.9781484e-05,-4.4275816e-05,0.00014321156,-2.0449431e-05,4.2697364e-05,9.478749e-05,-4.3698716e-05,-7.4236246e-05,1.1789784e-05,9.9820939e-06,2.7132335e-05,3.1233601e-05,-3.5949426e-06,2.2336696e-05,-2.7698932e-05,-6.1146129e-05,4.9114954e-05,3.8195974e-05,1.4010261e-05,-3.1037272e-06,1.0054619e-06,8.3361043e-05,-0.0001001222,5.9114979e-06,-1.1551779e-06,5.1644261e-05,1.1219473e-05,-9.593234e-05,3.9501297e-05,9.3208709e-05,9.9538741e-05,-0.0001769191,1.7725667e-05,-6.4675834e-05,-0.000142704,1.8809925e-05,0.00017890134,-1.05766e-05,-9.9411124e-06,-7.1945638e-05,4.8575976e-05,5.9389411e-05,-3.4640233e-05,4.9676746e-05,4.5747034e-05,-0.00012085896,-0.00010873041,2.4075699e-05,3.6811204e-06,3.1607782e-06,3.9991701e-05,-2.4178141e-06,5.343294e-05,-1.2782135e-06,-5.7554527e-05,6.0570301e-06,-5.6658287e-06,2.0433067e-06,2.9950401e-05,5.7279088e-05,3.0349742e-05,1.3997211e-05,-4.3205833e-06,-1.1263241e-05,4.1279011e-05,6.7298813e-06,-2.0022671e-05,4.5684098e-05,2.0987335e-05,-2.029418e-05,-6.9574729e-05,1.8329141e-06,6.6891416e-06,-9.4446456e-07,-4.8487365e-05,1.9769613e-05,-0.00014186295,-4.9234746e-05,8.2083904e-05,-3.94605e-05,4.3408144e-06,4.3659278e-06,-0.00017806698,-0.00012292537,8.6615206e-05,-3.6804608e-05,-1.331197e-05,1.7597692e-06,-6.1568135e-05,1.5475639e-05,-4.9064235e-05,-0.00011689562,-5.2775823e-05,-2.2100905e-05,0.00010890999,-0.00013099887,-3.1556878e-05,1.4948577e-06,3.1043468e-05,-1.9277596e-05,3.8795666e-05,5.4301135e-06,-6.8964649e-06,-1.653201e-05,5.1448735e-05,-7.7241564e-05,-3.5209075e-05,-0.00010123147,0.00010962098,-2.9934391e-05,0.000101434,-9.6060432e-05
"46",3.6031662e-05,-1.7244693e-05,-4.6665475e-06,2.7228693e-05,-9.2579986e-06,2.7450273e-06,6.2874842e-06,1.2603871e-05,-2.4860078e-06,3.9110011e-06,6.4042847e-07,1.0526726e-06,1.0701586e-06,7.4132624e-07,-3.2860398e-06,5.5813934e-06,1.6124862e-06,2.339293e-06,-1.3828309e-05,5.4428422e-06,-1.6019066e-05,2.6230882e-07,3.7546625e-06,-3.6712036e-06,-4.7349167e-06,8.3464369e-06,3.2515246e-06,-2.1514743e-06,1.1619562e-06,3.65772e-06,-4.4544554e-06,9.2821673e-06,9.4748713e-06,8.7088511e-05,-9.0815051e-05,2.8666424e-05,-3.3375487e-05,3.7604955e-05,-0.00010448759,7.6077521e-06,-1.1201255e-05,6.888879e-06,-1.9897715e-06,-4.8730969e-06,-8.4055476e-05,3.096735e-05,-1.5129707e-06,9.3488731e-06,-3.7289667e-06,-5.5576524e-05,-5.9742407e-06,-1.9407016e-06,-2.3142511e-05,-4.0548947e-06,-2.0069531e-06,-6.8264772e-06,-3.4502179e-06,-1.0390196e-05,9.9411777e-06,2.1221119e-06,-1.045876e-05,-5.577472e-06,1.0099376e-06,-4.7031608e-06,1.1290117e-05,-3.9593797e-06,1.6527e-06,-9.2420892e-06,7.3721007e-05,-2.6385586e-05,1.4091801e-05,3.6187623e-06,-6.7974772e-05,3.6812524e-05,8.5770908e-06,2.3357763e-06,1.1265907e-05,1.843198e-06,8.5656233e-06,2.0972216e-06,-7.1957352e-07,1.0466978e-05,9.0067994e-06,1.7488204e-06,5.2998714e-06,3.2634349e-06,-2.6659488e-08,-3.1437144e-05,-6.3582829e-06,3.1783887e-06,-1.6741707e-06,3.9437149e-06,-1.0911303e-05,-1.1823276e-06,-2.1278714e-05,8.0606651e-06,-1.0367088e-05,-1.8421691e-07,-2.4927609e-05,-1.7892553e-05,-4.0151099e-06,-1.8755096e-06,-5.2545531e-06,-6.088879e-06,7.7773045e-06,3.1383206e-06,1.0182127e-05,-1.8540559e-06,7.5720578e-06,7.4271623e-06,-1.5547371e-05,-2.3926244e-07,3.27863e-07,2.8954461e-05,-0.00010002712,1.5125523e-05,-1.1830735e-06,2.9439144e-06,4.7359352e-06,1.5070526e-05,-1.8001265e-06,2.3761904e-05,-1.6055405e-05,1.6590429e-05,-7.4402026e-06,2.3508315e-05,2.4485337e-06,4.2031355e-06,-4.7883224e-06,1.0928788e-05,1.5376223e-06,1.3070609e-05,4.7256266e-07,-1.0232083e-05,2.8448372e-06,-2.0543756e-05,8.5752627e-06,-1.3321503e-05,-9.8306563e-06,3.7993801e-05,-5.3068252e-06,-2.2577238e-07,-7.9674895e-06,-6.3010128e-06,-1.0503892e-05,4.5894162e-06,2.6053056e-05,-5.9830488e-06,1.1186804e-06,-4.2393851e-06,-2.2603671e-06,-2.6812281e-05,1.8601941e-06,-5.9094936e-06,-4.4600554e-07,-3.9920391e-06,-1.5993482e-05,-3.988985e-06,4.0933818e-06,-8.6367523e-06,-5.2784815e-06,5.4751437e-06,2.21936e-05,-4.9368371e-06,-3.466275e-06,9.1029553e-08,2.8224833e-06,8.1312651e-06,1.2710768e-05,-7.8604087e-06,-3.78132e-05,3.8365825e-06,2.6362744e-07,-3.813488e-06,8.9766834e-06,3.9366631e-05,-1.7233939e-05,1.3098297e-05,5.1355327e-06,1.4963897e-05,2.5276496e-05,1.1412605e-05,2.2371562e-05,1.449676e-05,2.0900079e-05,6.0412823e-06,-2.7607755e-05,2.6281027e-05,7.0902844e-06,-3.9363984e-07,-3.383445e-05,3.8000411e-05,-4.6883089e-05,1.0984167e-05,-3.740006e-06,-9.6251197e-06,3.5344907e-06,-1.2128964e-05,1.9164459e-05,-2.6317783e-06,1.0911905e-05,-3.5854438e-07,-1.324796e-05,3.4431822e-06
"47",-0.00047415387,0.00081998667,0.00021555925,-0.00061327209,0.00014241371,-0.00010055863,-6.1254349e-05,1.1906708e-06,-4.7278421e-05,3.7288022e-05,-9.460905e-05,-1.369542e-05,4.5091659e-05,-7.2830398e-05,3.0629109e-05,-3.0689956e-05,4.7331579e-06,-0.00011794949,0.00030287457,-4.1810571e-05,0.00017483475,-2.2989726e-05,1.7242173e-05,4.5216833e-05,-0.00010464618,2.2588292e-05,-0.00016230406,1.9716779e-05,-2.6998101e-07,0.00046761885,1.0453397e-05,-7.406541e-05,0.0011002099,-0.0017333434,0.0015464652,-0.00033309556,-4.5040877e-05,0.00014936315,-0.0002306484,6.6610273e-05,8.8708028e-05,0.00041590577,-0.00012315563,-9.5260245e-05,0.000256131,-1.5129707e-06,0.0030189973,0.00052091313,0.0006296604,-0.00034045352,0.00011226216,-5.8132215e-05,-0.00014820037,1.9495555e-05,0.00016211114,-0.00015829454,0.00018539795,4.4776951e-06,-4.5221671e-05,-2.5955468e-05,0.00019723344,-2.6711367e-05,2.3593639e-06,-2.4942836e-05,-0.00020509507,-0.00058390524,0.00011884685,8.7040995e-05,-0.00025541118,1.8218121e-05,-0.0028105883,-0.00031771382,-0.00089436059,0.00015800752,-0.00010285157,9.7957471e-05,0.00015549738,-8.1525878e-06,-0.00014485381,0.00021800074,-0.00033944204,3.60666e-05,0.00019553623,7.5179975e-05,-0.00023485802,4.4069695e-05,-1.218946e-05,0.00063582661,8.258369e-05,0.0001110488,-7.3302591e-05,0.00017826088,-0.00012034673,-3.4078496e-06,5.2312157e-05,-3.0749684e-06,0.00093046189,5.1643666e-05,9.5528017e-05,-6.7290366e-05,1.6414167e-05,-5.9646576e-05,-4.9870282e-06,-1.7821105e-05,-3.763071e-05,-7.7745065e-07,-1.7609592e-05,5.9641141e-05,-0.00022091512,-6.6540301e-05,6.3384586e-05,-1.2913278e-05,-3.3317417e-06,-0.00042765572,0.0011184886,-5.657626e-06,-0.00029040985,-0.00039102624,-0.00011917518,6.4913801e-05,-0.00025393127,0.00011904362,0.00011012201,-7.7077162e-05,1.7227357e-05,-0.0010015605,-5.4268115e-05,6.5664742e-05,0.00024745386,-2.1990761e-05,0.0001182942,-3.9963641e-06,3.2005781e-05,7.6320335e-06,-3.4439673e-05,5.4332155e-05,-5.500375e-05,0.00046555307,0.00018269476,-2.6657855e-05,2.1816848e-05,3.0189319e-06,3.5076972e-05,1.8365127e-05,-3.5391999e-06,3.5652016e-05,-7.8138939e-07,9.764837e-07,-3.6933804e-06,-0.00014160406,1.3310262e-06,-2.1615918e-05,0.00011893782,9.946977e-06,-5.4334308e-05,1.043564e-05,-2.2564469e-05,-1.9507466e-05,-2.3781527e-06,-6.0051587e-05,-0.00027007537,-3.3251153e-05,-0.00014661842,-4.8180936e-05,-7.4938242e-06,6.8618737e-06,-0.00022769818,0.0001646441,2.9835575e-05,2.4324629e-05,0.00013136039,8.8255007e-07,1.1275565e-06,-0.00023499385,-0.00017555591,-0.00034416928,-7.5390159e-06,1.5204839e-05,0.00015394154,6.8510409e-06,-1.8293925e-05,-0.00011468939,4.8953218e-05,4.3784891e-05,-0.0001278727,6.6244142e-05,0.00034573309,0.00014371647,-1.5801716e-05,-4.4357738e-06,0.00034936276,-0.00045065584,0.00050786716,-0.00017121863,4.8595613e-05,4.9658423e-05,-0.00032120047,0.00048222765,-0.00031179679,0.00063121578,-0.00067706966,0.00013007784,0.00021152588,-0.00034859233
"48",0.00068523326,-0.0020251826,-0.00050323028,0.0011312158,-0.000241029,0.00014963284,0.00012573084,3.4164927e-05,-7.6455769e-05,-1.2485025e-06,1.1263978e-05,2.6637231e-05,-4.3824862e-05,-3.8648304e-05,-2.1509919e-05,9.9683048e-06,-6.2861427e-05,9.6957198e-05,-0.00039887289,0.00016824409,0.00012822327,8.1711985e-05,-0.00010129657,3.4359444e-05,-3.3718997e-05,-1.7311925e-05,0.00013410786,-0.00014598492,0.00022283449,0.00020180856,-0.00019061887,5.9629147e-05,0.00081607183,-0.0012027949,0.00072821268,-0.00043162276,0.00096722492,-3.9090523e-05,0.00040599714,2.7590781e-05,-0.00017639003,-0.00016130064,0.00033088601,9.4435564e-05,0.00019869181,9.3488731e-06,0.00052091313,0.0050041434,-0.00049345335,0.0001532049,-4.8576919e-05,-0.00012356377,0.00013682613,7.1386181e-05,-3.6212485e-05,0.0002014934,-3.4747208e-05,5.2960278e-05,6.7114058e-05,-0.00035450954,0.00010528226,4.7884361e-05,-2.9340256e-05,-0.00011489682,0.00046543454,0.00036389275,-0.00024195814,-0.00016227709,-0.0001695031,1.1919682e-06,-0.00024243883,-0.0044498087,0.0010172232,-0.00029310718,0.00013505135,8.6360349e-05,-0.00012917948,-0.00012057644,-2.2700089e-05,-0.00045618952,0.0002110025,-9.833112e-05,-4.2812004e-05,0.00043725564,4.1993036e-05,-1.4020168e-05,5.6630397e-05,-0.00146601,-0.00027584878,-0.0002436777,0.00010821379,-0.00010459009,4.9492388e-05,-6.5432975e-05,9.9333463e-05,3.1889331e-07,-0.0002525436,0.0015548734,-0.00021620427,-7.6601793e-05,-3.5570362e-05,-9.834996e-06,6.2018814e-05,-0.00021040584,0.00014758739,0.00028374496,0.00026261152,-2.5545584e-05,0.00035509663,0.00011357783,-6.0915763e-05,-6.2839072e-06,-1.3508936e-05,0.0017298855,-0.0031919806,0.00051303957,0.00041001473,-0.00031977383,0.00048871882,-0.00014151683,0.00048506019,0.00040794925,3.3214249e-05,-0.00024781737,-1.1016533e-05,0.0005648789,-0.0023164871,-0.00091312965,0.00033307688,0.0001102121,-7.9917441e-05,-0.00036595929,0.00032680681,-1.2215809e-05,-0.00015220417,-0.00058663841,-4.6560076e-05,-0.00091527486,-0.00023795545,0.00056487739,-0.00021865207,5.8339305e-05,-3.9801644e-05,-6.5093085e-05,2.8243184e-05,1.6767203e-05,2.9801372e-05,2.271675e-05,-5.1798032e-06,6.6950397e-05,3.7042166e-05,4.0494921e-05,-4.2081892e-05,-8.0284232e-06,-3.5915063e-05,-3.8390479e-05,1.1191029e-05,-5.4179636e-07,8.3302916e-05,7.0815149e-05,3.0246947e-05,7.2983556e-05,3.3439358e-05,-3.14621e-05,-2.8955793e-05,5.8323833e-06,-6.5682913e-05,-6.2647737e-05,3.4465408e-05,4.2878554e-05,-7.975663e-05,-0.00017543763,9.614906e-06,-0.00022100442,0.00032437375,-0.00052660291,0.00017078976,-2.4982106e-05,0.00022426059,0.00018294293,-2.7345155e-05,0.00011928629,-0.00011054391,-0.00036056827,-0.00014147224,-6.8508871e-05,0.00018601386,0.00029244146,1.6787964e-05,-2.6710593e-05,-0.0010080527,0.001216131,-0.001245931,0.00035952588,-0.00012910811,-0.00036684615,0.00032371879,-0.0005777852,0.00021098724,-0.0005480048,0.00067117331,-2.4796977e-05,2.8365749e-05,0.00018550528
"49",0.00012559301,0.0064368936,0.00037958806,-0.0020829691,0.00047467128,-0.0002797203,0.00045772274,0.00039731487,-0.00012498683,1.4378803e-05,-0.00010314511,1.4176469e-05,7.7908997e-05,1.1664094e-05,-4.8359017e-05,4.23025e-05,5.3765469e-05,-0.00013324934,0.00076144965,-0.00020049603,0.00046687922,-8.4384293e-05,8.639863e-05,0.00045750504,-2.0706579e-05,6.3937435e-05,-0.00027868292,7.4172106e-05,-3.3916333e-05,0.0004258533,0.00022382954,-0.00016565197,0.00074238951,-0.0010402203,0.0019929805,0.00070733527,-0.0029739352,0.00021952627,-0.00049294314,0.00040374004,0.00110531,0.00014831056,-0.0007575953,-0.0010991021,0.0001149307,-3.7289667e-06,0.0006296604,-0.00049345335,0.0410046,0.00016767514,0.000280217,-0.00024245692,0.00058248803,0.0004349083,0.00012229939,-0.00082329802,0.0010953658,0.00022414186,-0.00016517262,0.00035996249,-0.00099559511,-0.00022021004,3.1889205e-05,-0.00031500107,-0.0016692867,-0.00070183426,0.00081550041,0.00075314192,-0.00019477953,-5.7849955e-06,-0.00088295678,0.0011237535,-0.032473062,-0.00073477713,-0.00057616431,0.00025548254,-0.00072631648,-0.00059358415,2.2534806e-05,0.0012509403,-0.0013816879,0.00010307025,0.00063792839,-0.00047159265,0.00075264764,0.00037052838,-0.00011679589,0.0035104797,0.00070347694,0.00050402552,-7.2605268e-05,-0.00014836393,-0.00032921418,-0.00032908627,-3.667252e-05,-2.7696278e-05,0.00097978095,-0.00067180998,0.031295628,0.00020114817,8.9820938e-05,-0.00018295289,0.00024479216,0.0003716106,-0.00046725801,-0.0005778777,-0.00070495084,-1.8688429e-06,-0.0011500311,-0.0004075442,0.00010082767,-0.00024464975,1.4391978e-05,-0.0046554177,0.010359775,-0.00064355473,-0.00085047354,-0.00023898977,-0.00097945471,0.00026912557,-0.00038459759,-0.00067209525,0.00091101302,0.0003291835,6.2530591e-05,-0.0019065892,0.0009522897,-0.034016068,-0.00086269295,-0.00038558129,0.00053383821,-0.00015851323,-0.00086752676,0.00098663034,0.00022455883,0.0021697092,0.00026602656,0.0031573966,0.0013171844,-0.0016358278,0.001077517,-0.00010335948,6.3842242e-05,-4.0349125e-05,8.2671647e-07,2.5624322e-05,-0.00016308516,3.5641925e-05,3.9048183e-06,-0.00035325817,-5.2119781e-05,0.0079040683,-0.00024809566,9.7717164e-05,-5.1206331e-05,-4.149461e-05,-1.1533514e-05,-0.00012904823,-0.00024456836,-0.00014452906,-0.00045973237,7.8685266e-05,-0.00032168836,-8.8812965e-05,1.0397566e-05,4.1755695e-06,-0.00010450745,0.00027215246,9.7910068e-06,0.00018546505,0.00051340812,-6.1278452e-06,-6.342207e-06,0.00010741867,-3.9291013e-05,-8.8097811e-06,0.00041509522,-0.00014565723,0.00028130447,-0.00018227713,-4.0903108e-05,-3.3739407e-05,0.0001489724,0.00018134918,7.2485692e-05,-2.0360758e-05,0.00052764688,0.00038849566,-4.7615412e-05,1.9163268e-05,0.0021807892,-0.0026895866,0.0024288794,-0.00089262105,0.00031153737,0.00049322408,-0.00066400903,0.0010629533,-0.00028537733,0.0012215035,-0.0015072347,9.0321569e-05,-0.0001661342,0.0005409639
"50",0.00022935701,0.00037026771,0.0017292936,1.0777808e-05,1.281226e-05,3.2581725e-05,-0.00039111819,9.4471908e-05,-6.59068e-06,7.7019561e-07,2.2327335e-05,-2.7679601e-05,-1.8469298e-05,-3.1325661e-05,9.7468082e-05,-2.9127828e-05,-2.1261474e-05,3.9652609e-05,0.00022947552,-6.799222e-05,-6.3779957e-05,-4.9822213e-05,8.937264e-05,3.2185624e-05,-2.3893961e-05,2.6489393e-05,0.00016509795,3.7598951e-05,7.3026147e-05,-0.00024733346,9.8032072e-05,-1.4797983e-07,-0.00011253894,2.6437757e-05,2.190528e-05,-6.1707212e-05,4.612082e-05,-0.00049376551,0.0004340855,-0.00013330738,0.00011637282,-0.00023575117,0.00010447875,0.00013554279,-0.00011769538,-5.5576524e-05,-0.00034045352,0.0001532049,0.00016767514,0.0038115552,-1.1555285e-05,-0.00012651828,1.1954589e-05,-4.7435693e-05,-9.665428e-05,0.00066726073,6.4868727e-05,0.00011272475,-0.00012018405,-0.0001064657,0.00013381641,-0.00015181283,1.0747255e-05,9.0535652e-05,-0.00011462064,0.00018588711,-0.00013440025,4.7997129e-05,0.00015309806,4.6788716e-05,0.00014825079,-0.00023582535,-0.0010660926,-0.0034253257,-2.3313064e-05,0.00014675982,3.123812e-06,7.6343729e-05,0.00012855175,-0.000706986,-2.9662843e-05,-0.00018069056,8.842204e-05,0.00020603481,-0.00036236774,0.00023264256,-1.2503723e-05,0.00042328057,-0.00015373539,5.4233796e-05,-5.4784714e-05,-7.3625149e-05,0.00016004965,0.00012294517,-3.7721015e-05,-2.5400149e-05,2.1686663e-05,1.9296929e-05,-0.00017059627,0.00081606665,2.7760099e-05,-2.5962488e-05,1.6287908e-05,5.7663906e-05,-5.5798522e-05,9.4806482e-05,-6.7489258e-05,0.00013366575,-0.00013976363,-0.00017147408,9.8827013e-05,-6.0794266e-05,5.4544254e-06,-0.00011901553,0.00052733593,0.00010308148,0.00018252649,-0.00010849051,-4.8535707e-05,1.2523173e-05,2.4644208e-07,-0.00023495016,-1.4694163e-05,0.00013447105,7.9800197e-06,7.7617649e-05,4.8828703e-05,0.00053979479,-0.0009258199,-6.9674758e-05,3.4532032e-05,4.1478009e-05,-0.00023027228,-3.3840491e-05,-0.00021839415,2.1427655e-05,-0.00010997976,0.0002270874,8.0552201e-05,-0.00018620299,2.0278846e-05,-2.3046137e-07,2.9702266e-06,0.00012170443,5.9732351e-05,5.1042365e-05,-6.7818208e-05,4.463868e-05,-2.4494059e-06,9.9368388e-05,-7.5914215e-05,-0.00019175322,-9.2450453e-05,3.155887e-05,7.7127901e-05,-0.00010524904,0.00015007369,7.3862348e-05,-1.4760905e-05,-1.8373021e-05,-2.982187e-05,2.9584205e-05,2.0777154e-05,0.00020669051,7.9608444e-05,7.1762793e-06,0.00022307934,-0.00028150752,-3.8069402e-05,0.00025290157,0.00016085715,4.35044e-05,-4.579338e-06,9.2673996e-05,0.00029089872,0.00067448833,-0.00073441809,1.151348e-06,-0.00012820459,0.00011240429,-0.00020202392,-0.00032401176,-0.00027080293,6.9405865e-05,-4.9386043e-06,-3.7793145e-05,7.7416319e-05,-0.00029777747,-5.7082199e-05,-1.5037234e-05,0.00014768277,-0.00028042726,0.00033468188,-9.6020946e-05,1.8092108e-06,-6.4979273e-05,-0.00018226504,0.00030619991,-0.00015461709,0.00023239089,-0.00028909963,3.6442257e-05,0.0001026089,0.00042650361
"51",-0.00032142396,0.00033495236,0.00041899742,-0.0003450333,7.0390292e-05,-4.2904401e-05,-0.00011864408,-4.6578067e-05,-1.8624959e-05,1.1057467e-06,-1.6331311e-05,-1.4292624e-05,1.7866676e-05,-7.9120936e-06,1.3832268e-05,-1.8797754e-05,1.3384638e-05,-2.6773764e-05,0.00012757059,-2.1603929e-05,7.0220692e-05,-2.2437403e-06,-3.419719e-06,3.9502501e-05,-1.6595434e-05,3.9385866e-05,-4.9566523e-05,3.3632394e-05,-1.4179043e-05,7.2181134e-05,1.1537732e-05,3.7289158e-06,4.5241316e-05,-0.00070041408,0.00060115021,-7.3493264e-05,-0.00021933862,5.8638291e-05,3.8620377e-05,7.2427541e-06,2.4195416e-05,0.00015373127,-2.0865246e-05,-0.00010693446,5.1942281e-06,-5.9742407e-06,0.00011226216,-4.8576919e-05,0.000280217,-1.1555285e-05,0.00032820457,-6.4285433e-05,-8.5928443e-06,2.950219e-05,2.2339951e-05,-0.00011880538,8.2906548e-05,5.1804195e-05,-8.7414434e-05,8.6442354e-06,7.8841417e-05,3.6391904e-06,2.0133943e-06,1.0101764e-05,-2.4779237e-05,-0.0001901048,2.2331586e-05,0.00016974152,-5.0962393e-06,1.0388554e-05,-9.612966e-05,8.1392488e-05,-0.00046976049,-1.0927986e-05,-0.00031706551,5.868291e-05,1.9953502e-06,1.7736883e-05,-8.5137868e-06,0.0001726523,-0.00013070619,-4.6087222e-05,0.00010280245,9.677802e-06,-0.00012559023,2.3565708e-06,-5.4076447e-06,0.00043157105,2.4424024e-05,4.1048534e-05,-3.95422e-05,5.1517009e-05,-9.7827996e-07,3.5074832e-06,1.0056272e-05,-4.7120149e-06,0.00013627193,-9.725145e-05,6.7940146e-05,6.492189e-05,7.2106414e-05,-3.2595015e-05,-7.2369662e-06,-1.0967865e-05,-8.188209e-05,-7.1192164e-05,-6.3286517e-05,2.8170753e-05,-0.00018568102,-8.6586707e-05,6.2193437e-05,-1.7677391e-05,-3.7770608e-07,-0.00058980317,0.0014371763,-0.00020522534,-5.5479332e-05,-0.00014590221,-9.9289506e-05,6.1081367e-05,-0.00015420621,-0.00017068147,8.1277083e-05,1.6043944e-05,1.5009112e-05,-0.00021938607,0.00013963307,0.00032659254,-0.00013743941,-0.00014005651,8.1481705e-05,4.8508201e-05,3.4553962e-05,0.00015164538,2.4044742e-06,0.00026298121,2.855321e-05,0.0004454765,0.00026812904,-0.00024587309,0.00011996086,-9.1265886e-06,2.3888291e-05,1.6835379e-06,-2.9139545e-05,-4.6023204e-06,-2.1578604e-05,4.4999086e-06,-1.5811134e-06,-1.396109e-05,-5.2215241e-06,-2.3683246e-05,4.5958463e-05,-1.3169496e-05,-9.2985981e-06,1.3426955e-08,1.5678545e-05,-5.2891036e-06,3.6047063e-05,-1.9676561e-05,-5.2639259e-05,2.5547912e-06,-5.4616918e-05,-4.793294e-05,7.7738268e-06,-8.3682659e-07,-3.6750453e-05,2.2077603e-05,-1.9901561e-05,6.7839163e-06,0.00010245041,-3.7184834e-05,1.0331516e-05,-1.0005879e-05,-6.8022693e-06,1.9488394e-05,-5.3625222e-05,1.1384663e-05,4.5918262e-05,-6.4079793e-05,4.5755722e-06,-2.1188917e-06,-0.00010200501,-3.3124828e-06,-3.520232e-06,-1.1416184e-05,7.8137688e-05,0.00012317763,-2.6337505e-05,4.6039845e-06,0.00025544927,-0.00030777777,0.00038043554,-0.00012710279,5.2395197e-05,0.00012588888,-0.00011799547,0.00016649655,-4.4313812e-05,0.00015993809,-0.000238932,5.2306003e-05,4.3864757e-05,-0.00015844893
"52",-0.00021201219,0.0001219857,-0.00031306222,-0.00012132521,5.0172567e-05,-1.2479453e-05,3.461774e-05,-3.9016549e-05,2.5152501e-05,-7.669804e-07,-9.5073702e-06,5.4492959e-07,-8.8012016e-07,-2.6663173e-06,-3.251306e-06,1.4877385e-05,1.7077028e-05,1.7451467e-05,4.4378205e-05,-1.1001332e-06,8.9805603e-05,1.7478043e-05,-1.4816932e-05,2.8503658e-08,1.343903e-05,-4.5083581e-06,-2.7619855e-06,7.999e-06,1.3856404e-06,-2.2847981e-05,1.0201261e-05,-3.6590615e-05,3.1617907e-05,-0.0005209828,0.00030847146,2.1872558e-05,-0.00021664311,0.00014632883,4.5548212e-05,-0.00019727663,-0.00010245424,-0.00011320092,2.8043954e-05,6.2236403e-05,4.5549107e-05,-1.9407016e-06,-5.8132215e-05,-0.00012356377,-0.00024245692,-0.00012651828,-6.4285433e-05,0.00046236368,0.00014658919,8.7637459e-06,-8.1825794e-06,-4.5342506e-05,7.8720089e-05,6.4808474e-05,3.988857e-05,6.8710592e-05,0.00050368817,1.3412033e-05,-1.7564663e-05,0.00017086307,1.9371835e-05,9.4712631e-05,-4.7907606e-05,-0.0001465617,-3.1349532e-05,9.3866564e-07,8.5821455e-05,0.00011354051,0.0001800303,0.00013589081,5.1658631e-05,-0.0003444912,-0.00014606589,5.8562985e-06,3.3055026e-05,8.7100408e-05,-5.1243495e-05,-5.4254668e-05,-9.2244126e-05,-5.9252272e-05,-0.00027906612,-3.2855166e-06,1.4406498e-05,0.00011701418,4.6216078e-05,-1.1480338e-05,-1.300927e-05,-1.5561093e-05,3.2351701e-05,4.3540679e-05,2.5769272e-06,-1.2340414e-06,-8.9572586e-06,-8.2092871e-05,-3.4670215e-05,-1.9777721e-05,-1.7713547e-05,6.3325022e-05,3.3752614e-05,-1.9231133e-06,-3.2858472e-05,-4.7903774e-05,-3.2574349e-05,-9.1596531e-07,-2.9030711e-05,-1.573297e-06,6.2509249e-05,4.2546109e-07,-6.1844372e-06,-1.3026079e-05,0.00019491468,5.5770094e-05,2.5573443e-06,-2.8635667e-05,1.2323479e-05,-2.6491473e-05,2.9098494e-05,-4.5689947e-05,-3.3352687e-05,2.4788926e-06,4.4746482e-06,6.9692646e-05,5.9226346e-05,-3.4453504e-05,0.00011470141,2.6654915e-05,-4.2578408e-05,-3.6008648e-05,2.9997544e-05,0.00010938713,6.6375909e-05,4.8290674e-05,-3.1055441e-05,1.8218456e-05,8.5047955e-06,-6.2625002e-05,5.5713772e-06,7.970026e-06,2.4132831e-05,-3.2726049e-05,1.4986981e-05,2.1676877e-05,6.8719177e-05,-1.8295186e-07,-7.260754e-07,-5.4932174e-05,-1.5585483e-05,-5.1860092e-05,7.5462983e-05,-2.8016177e-06,-2.2446774e-05,-5.0657199e-05,-2.0367938e-05,-5.6216219e-05,-1.7197578e-05,-1.0228376e-05,-6.9569577e-06,-2.8690646e-06,-9.4688947e-06,-0.00010402498,-4.4311137e-06,2.6525307e-06,6.1605111e-05,0.00015495041,1.8703502e-05,-8.2767213e-05,-0.00014716064,-1.8484063e-05,5.6921271e-06,0.00011625645,0.0001652311,0.00043332859,-0.0001520907,3.219303e-05,-0.00019089441,7.2944588e-05,9.677086e-05,7.4993406e-05,-1.9601819e-05,-5.0231708e-05,-4.623011e-06,3.3400799e-05,-3.719141e-05,-0.0001536291,-1.4438845e-05,6.821389e-07,0.00015421256,-0.00015942754,0.00019413615,-3.7269308e-05,7.0443919e-06,-3.5035998e-05,-6.2953819e-05,4.1927598e-05,-5.1156192e-05,0.00010878829,-9.0885788e-05,1.5611408e-05,4.2240749e-05,5.6860868e-05
"53",-0.00025734515,0.00093040181,-0.00069131062,-0.00024078662,0.0001054705,-3.9323813e-05,0.00017052481,6.3919856e-05,2.1537141e-05,0.00010937987,-2.3271529e-05,-1.4193353e-05,-4.8292335e-07,9.9563225e-06,-2.5314474e-05,1.8056109e-05,5.2655143e-05,-6.2536245e-05,0.0002203871,-5.6276457e-05,6.7028343e-05,-2.2565989e-05,-1.4593928e-05,0.00022005759,-1.774583e-05,7.0976117e-05,-0.00016361382,-6.1083303e-05,1.4064715e-05,-0.00017450939,1.5757994e-05,-6.9104712e-05,0.00070761784,-0.00092354785,0.00071951632,-0.00011439644,-0.00022832934,0.00022173638,-0.00013107091,-0.00012605926,0.00020935522,-0.00011615565,-0.00025744875,-0.00049458102,0.00011125587,-2.3142511e-05,-0.00014820037,0.00013682613,0.00058248803,1.1954589e-05,-8.5928443e-06,0.00014658919,0.0020824809,-2.1435144e-05,-8.3488374e-05,0.00028606398,0.00015597916,3.7519161e-05,-6.7431574e-05,-0.00014988718,-0.00038754111,6.4826805e-06,-6.5110116e-05,0.00011269575,-0.00032531039,0.00017466621,0.00024695239,0.00032148401,-0.00010133938,1.3132637e-05,0.00014060816,-7.0736762e-05,-0.00091618244,4.6451601e-05,-1.2599124e-05,-0.00015480067,-0.0018851803,-3.3672555e-05,0.00010750132,-0.00010062287,-7.5205967e-05,7.7518711e-05,4.1625121e-05,5.365987e-05,0.00052904939,1.5279813e-05,4.4254487e-05,0.00034175297,8.8374901e-05,-2.6324331e-05,4.0520343e-05,-0.00010729744,-8.8941581e-05,-8.1151308e-05,2.736853e-05,-6.9835745e-06,8.6090019e-05,4.3225294e-06,0.00023732144,4.3796487e-05,-4.3952109e-06,1.7242421e-05,0.00051023541,6.6094166e-05,-7.6597127e-05,6.5179581e-05,-7.0031007e-05,1.9547842e-05,-6.285735e-05,-7.3626781e-05,-0.00010769498,-3.7735957e-05,-1.7533447e-05,-4.2700797e-06,0.00064419033,0.00084257469,-0.00023375586,-0.00026241987,0.00013787688,2.3817836e-05,0.00020399517,0.00015228975,4.1438457e-05,-7.7270488e-05,1.8742121e-05,-8.1747289e-05,-0.00023647743,-0.00038730574,0.00014425152,5.5728143e-05,1.6803272e-05,-0.00080718784,-0.00047292003,0.00025208446,7.8505295e-05,0.00020099907,-2.4692753e-05,8.3949086e-05,0.00016842079,6.2928579e-05,-8.2013641e-05,3.794713e-05,2.9830038e-05,-1.0024457e-05,3.4119718e-05,4.8733311e-05,8.2858055e-05,-1.9094949e-05,-1.1379682e-06,-3.5136086e-06,-7.408964e-05,-6.7591074e-06,-7.6940576e-05,2.7257369e-05,-4.1418021e-05,-0.00014253115,-3.7104692e-05,-7.6261995e-05,-8.1419021e-05,-5.950207e-05,-6.6148441e-05,-3.9415591e-05,-5.6472487e-05,-3.8981447e-05,-6.8941029e-06,8.1565106e-06,5.4194958e-05,7.5448892e-05,-2.0286481e-05,3.1446365e-05,-5.7265021e-05,8.8121129e-06,1.6406671e-05,8.8115402e-06,0.00014202151,0.00028999247,0.00010212478,-5.3160026e-05,8.433408e-05,-1.3260868e-05,0.00025339551,9.9155804e-05,-9.5018087e-05,5.3946475e-05,2.5380005e-05,9.8001772e-05,5.2653539e-05,-4.8657695e-05,-1.33317e-05,2.4402925e-06,0.00037243414,-0.0004009553,0.00035791217,-8.1642979e-05,-3.6502326e-05,-0.0003264965,-0.00022657329,0.00030431297,-0.00017655599,0.00033469024,-0.00042488244,3.213569e-05,0.00010937685,0.00021226523
"54",0.00025519361,-8.3837587e-05,-0.00085190561,0.00020883274,-1.0885386e-06,4.745887e-06,0.00025176517,6.5325945e-05,-4.8069373e-05,6.94569e-06,-1.5473653e-05,1.7061056e-05,3.100039e-05,5.8263276e-05,-6.1192537e-05,4.2697271e-05,-3.6024749e-05,2.7590775e-05,-0.00012786062,4.1862527e-05,4.915643e-05,1.5532985e-05,1.5709217e-05,-7.4517254e-05,5.921136e-05,1.4791773e-06,8.9280198e-05,-3.2868757e-05,4.7298071e-05,0.0002211537,-0.00011152172,5.0937899e-05,0.00045891261,-0.0014860129,0.0012958766,-0.00033480944,-0.00014960349,9.722575e-05,-0.00023842817,0.00013007957,7.4997428e-05,7.4013581e-05,9.0700796e-05,0.00014409044,3.7028989e-05,-4.0548947e-06,1.9495555e-05,7.1386181e-05,0.0004349083,-4.7435693e-05,2.950219e-05,8.7637459e-06,-2.1435144e-05,0.0022440347,0.0012766566,-7.8338368e-05,9.4680479e-05,2.3492e-06,3.5560949e-05,-4.5060768e-06,-0.00016885023,-9.0358011e-05,1.0692207e-05,-9.0722158e-05,-0.00015624467,-5.5753498e-05,-9.9332449e-05,-0.000237909,-3.2470514e-05,-7.5602403e-07,3.7758981e-05,-3.9681579e-05,-0.00062724429,4.4315383e-05,1.6154575e-05,-1.3605756e-06,2.7856941e-05,-0.0020419447,-0.0011545739,1.3381334e-05,-0.00010382336,0.0001263677,-3.1072678e-05,-6.1005577e-06,0.00018643682,0.00012126747,-4.9413508e-06,-4.5014096e-05,0.00022110662,5.0019576e-06,-3.0268578e-05,8.0010636e-05,4.1120763e-05,8.0798494e-05,1.2318712e-05,-8.0380075e-07,-6.9694385e-05,-0.00012039541,9.4764942e-05,-1.0095873e-05,-2.7487299e-05,8.7743221e-07,4.4691867e-05,0.0005022204,0.00031165148,7.6752954e-05,0.00010040253,2.662206e-05,5.3818171e-05,2.019942e-05,-0.00014555344,-3.5578358e-05,-1.0674129e-06,-5.5681719e-05,0.00094595968,0.00011566765,-2.4438306e-06,0.00012202101,-3.005474e-05,8.0491492e-05,-8.5823924e-05,-0.0002359283,-0.00026980832,7.4573706e-05,3.9387614e-06,-1.6082764e-05,0.00028338279,0.00014773368,4.2622073e-06,4.5746537e-05,7.3500877e-05,1.05591e-06,-0.00076973468,-0.00037034807,-1.1171895e-05,-1.1749786e-05,-3.0464113e-05,3.9525112e-07,-2.1278823e-05,0.00019490743,2.0830298e-05,-5.1997507e-06,1.8536732e-05,1.0410389e-05,-4.4511379e-05,1.5727519e-05,0.00012805398,3.4008529e-05,-1.3886686e-05,-8.3246215e-06,3.0644506e-05,-1.663714e-07,0.00022634056,2.0359215e-05,-2.6581269e-05,-8.2651974e-06,-0.00010164788,-8.7649857e-05,3.7232585e-05,6.2706114e-05,-8.5978734e-05,-6.9824058e-05,-0.00010432048,-0.00012580996,2.2449013e-05,-6.4570196e-06,-3.6889707e-05,-6.7561709e-05,7.3123006e-05,-0.00014854106,-0.00027287232,-9.0064454e-05,2.764987e-05,-0.00018932278,-0.0001266249,4.1359495e-05,-0.00028721676,-2.7245722e-05,8.3340648e-05,0.00014452017,-1.3440269e-05,8.6663606e-05,9.6005128e-05,-6.3979195e-05,8.9265916e-05,3.6860777e-05,0.00010887261,0.00032177697,5.0881567e-05,4.2709398e-06,-0.00020944963,0.00029705692,-0.00039033953,1.1872356e-05,-2.7423009e-06,-2.9904185e-05,0.00011781928,-0.00019375143,-5.9690902e-05,-0.00017183581,0.00028376552,-8.5323818e-05,-2.3620826e-05,-0.00024880813
"55",-0.00023879502,-0.00015602599,-0.0010522723,-0.00020249419,1.8306878e-05,-7.6200743e-06,0.00021560958,-7.2295996e-05,-5.1499861e-05,9.0515117e-06,-3.6012986e-05,-3.5969493e-05,2.4433324e-05,-1.5529676e-05,-2.3879696e-05,-2.8216106e-05,1.6387245e-05,-2.2799478e-05,-3.6562908e-05,9.1005434e-06,1.9925281e-06,2.733685e-05,1.0292157e-05,-6.7950722e-05,3.0458853e-05,5.4763031e-06,6.8448404e-05,-6.1702637e-06,4.4842132e-05,0.00012822801,-2.7479212e-05,-4.3729157e-05,0.00022952482,-0.0013312461,0.0011535542,-0.00027409869,-0.00035102073,0.00013647869,-0.0002412201,-5.8558434e-05,-1.5837561e-05,0.00017806128,7.5048848e-05,0.00024294934,8.3817557e-06,-2.0069531e-06,0.00016211114,-3.6212485e-05,0.00012229939,-9.665428e-05,2.2339951e-05,-8.1825794e-06,-8.3488374e-05,0.0012766566,0.0020336484,-0.00015561192,0.00013266301,5.7534003e-05,-0.00011068142,2.7953968e-05,-8.470546e-05,1.3784564e-05,5.0627673e-06,6.9075166e-05,-0.00010782033,-0.00015807808,-8.052368e-05,-0.00034615403,-1.839829e-05,7.1337843e-06,-0.000124011,0.000110028,-0.0003795996,9.5632669e-05,-6.6677977e-06,1.5502304e-05,9.1861881e-05,-0.0011400564,-0.0018778901,0.0001632044,-0.00013246758,0.00010810022,0.00011451327,-3.8812209e-05,0.00019195306,-2.4927709e-05,2.8258496e-06,0.00021064692,0.00019766793,4.6587945e-05,-7.4177868e-05,6.8521707e-05,5.7668594e-05,0.00013722202,-2.1585841e-05,3.6104069e-06,0.00012401681,-7.6240376e-05,0.00010731765,-1.4114934e-05,8.6329106e-06,-3.4036463e-05,-2.3620685e-05,0.00034611568,0.00051452587,-1.2581543e-05,6.207664e-05,-1.0805466e-05,-8.3378304e-05,1.7629998e-05,-0.00010258863,-3.0387874e-05,-3.3353903e-06,-0.00051948955,0.0015720514,1.3680763e-05,-0.00022860862,-7.7373708e-05,-8.8322117e-05,0.00013777697,-0.00012671673,-0.00029068756,-0.000252758,0.00012200887,4.2032931e-06,-0.00031011207,0.00037083464,8.1860544e-05,6.3909944e-05,-3.0044602e-05,0.0001500777,7.7920566e-05,-0.00061336012,-0.00060278249,8.62492e-05,8.5966228e-05,2.0009305e-05,0.00031730165,0.00016695976,7.3342187e-05,0.00011085,-9.1067334e-06,-8.754545e-06,8.3305407e-06,5.3976039e-05,2.5705633e-05,0.00013197598,4.7297383e-06,-4.6972558e-06,-2.32112e-05,-2.4741157e-05,-2.7137468e-06,0.00010365456,-8.1828906e-06,-3.3220433e-05,-2.8118569e-05,-7.2250428e-05,-0.00010336447,2.4506673e-05,-1.371008e-05,-0.00011546476,-7.4820798e-06,-7.5744323e-05,-3.6855509e-05,-1.3340099e-05,-1.2530863e-06,0.0001226393,-3.186499e-05,-0.00010881424,-0.00012480245,-0.00019824164,1.2145768e-05,1.8376951e-05,-0.00011392844,0.00012752394,0.00017028814,-0.00048849055,3.5973755e-05,3.1364127e-05,9.9080802e-05,2.7340691e-05,1.2525953e-06,-0.00011843699,8.0682627e-05,1.8771214e-05,-3.4589091e-05,0.00013659553,3.9016838e-05,4.9466982e-05,-4.6214897e-06,5.6815584e-06,4.4701406e-05,-2.8870585e-05,-6.45728e-05,2.0413165e-05,6.2665329e-05,9.2161769e-06,-2.655339e-05,-0.00019576734,6.5369908e-05,-8.071032e-06,-8.4711242e-06,0.00014835171,-4.631377e-05
"56",0.0011285051,-0.0014123958,-0.00023365835,0.0011071145,-0.0002314962,8.2339148e-05,0.00014660497,0.00013024737,-8.1537065e-05,-1.7806268e-05,7.5308343e-05,1.3330527e-05,-1.9656784e-05,1.811812e-05,-3.2394699e-05,-5.933247e-05,-8.4307317e-05,9.8868979e-05,-0.0003359515,-3.3986252e-06,5.4544635e-05,7.6993442e-07,4.4250209e-06,-6.3570069e-05,-2.9729747e-05,1.644769e-05,6.9177771e-05,-0.00013199547,-4.5509986e-05,-0.00021927606,-9.4195317e-05,3.0118674e-05,-9.1731387e-05,-0.0022318532,0.0020853549,-0.00083263799,0.00156311,7.2312574e-05,0.00054257308,-0.00018934315,-0.00012517911,-1.9023627e-05,-3.3938462e-05,-3.6920405e-05,9.5205334e-05,-6.8264772e-06,-0.00015829454,0.0002014934,-0.00082329802,0.00066726073,-0.00011880538,-4.5342506e-05,0.00028606398,-7.8338368e-05,-0.00015561192,0.003012892,-0.00015941125,-9.6210585e-05,-2.1040524e-05,2.1128308e-05,7.3611949e-05,4.0516705e-06,-4.7770766e-05,0.00014690895,0.00019848458,0.00013283731,-5.0970963e-05,-0.00013944079,-6.0640567e-05,2.4170241e-06,0.0001843697,-0.00032759556,0.0010520611,-0.00083522421,0.00016980833,7.134104e-05,-0.00016023341,9.2073162e-06,0.00014595969,-0.003163302,0.00031947636,6.0374863e-05,-7.2130818e-05,4.4783611e-05,-6.9925477e-05,-1.1893249e-06,6.3688172e-05,-0.0011183089,0.00017464034,-0.00019489425,5.1675148e-05,-3.2549315e-05,-8.4715099e-05,-0.00010845076,1.5684615e-05,4.7806298e-06,-0.00021769543,0.00026824086,-0.00030520867,7.5597514e-05,-1.0338372e-05,1.3875981e-05,0.0001100057,-2.6191288e-06,0.00018817832,0.00097044051,0.00019829714,-1.5137738e-05,0.00037826523,0.00019360476,-0.0001584962,2.3768632e-05,-1.3769398e-05,0.00092805521,-0.0023746101,3.578177e-05,-0.00015510528,0.00037082381,0.00016565309,-4.797943e-06,0.00016812769,0.00046436379,0.00014500742,-7.3946206e-05,-1.4278213e-05,0.00027151121,-0.00036252362,-1.9939939e-05,-0.00026386777,3.503078e-05,-7.29606e-05,-0.00021473537,0.00014910153,-0.00020117922,-0.0011073203,-0.00048198339,-5.7583206e-05,-0.00061154407,-0.00040283028,0.00041601169,-0.00016402803,3.5783945e-05,-1.8750478e-05,3.8249729e-05,4.7686446e-05,-4.9959778e-05,-6.0347193e-05,-6.5923231e-06,-8.6354488e-08,8.3703097e-05,4.2911134e-05,3.3128743e-05,-4.6060749e-05,4.4470735e-05,-1.6644829e-05,-3.2850705e-05,7.6727403e-05,3.3714955e-05,-0.0001721157,-2.8768436e-05,7.8567024e-06,-3.9094584e-05,6.0891939e-06,1.1139765e-05,-4.9455227e-06,1.7392154e-06,0.00018608837,-0.00014670045,-0.00013345411,5.9304966e-05,0.00017855785,-7.7501236e-05,1.8729716e-05,6.5937204e-05,-0.00018071559,0.00017111804,-0.00012946368,-9.2699735e-05,-3.0160261e-05,-3.5585892e-05,-5.6159217e-06,-5.7710592e-06,-0.00010829087,0.00012352519,0.00016411928,-2.2411603e-06,-5.3195206e-05,-0.00028027958,6.2830031e-06,-3.2863885e-06,-0.00088648254,0.0010932708,-0.001309734,0.00031645607,-9.1485061e-05,-9.0671153e-05,0.00030362715,-0.0004597639,-0.00010607483,-0.00061133622,0.00081534905,-0.00016819643,0.00028749221,-0.00022479499
"57",-0.00058905716,0.0013937967,0.00086497648,-0.00084105962,0.00014368363,-0.00012749381,-0.00024457088,-2.9580126e-05,-1.5133227e-05,-3.2247139e-06,-8.865754e-05,-5.2618338e-05,3.5160712e-05,-7.4840621e-05,2.7179151e-05,-1.9729536e-05,8.7883493e-05,-6.7822549e-05,0.00036414957,-4.2210426e-05,0.00011346574,-3.8676707e-05,1.8862072e-05,0.00017219216,-1.8910172e-05,3.251693e-05,-0.00017378463,6.7403615e-05,-4.2284936e-05,-0.00020560148,1.8364726e-05,-4.804423e-05,0.00070063289,-0.00097564567,0.00090481268,-0.00013216806,-0.00047445271,5.6692491e-05,8.471955e-05,8.5116167e-05,-1.7160364e-05,0.0001524432,-0.00011347484,0.00011351497,-2.3386942e-05,-3.4502179e-06,0.00018539795,-3.4747208e-05,0.0010953658,6.4868727e-05,8.2906548e-05,7.8720089e-05,0.00015597916,9.4680479e-05,0.00013266301,-0.00015941125,0.0022192547,0.00071687524,-0.0005121022,-1.4155045e-05,-4.4615562e-05,2.3857531e-05,7.1393731e-06,-0.00012674868,-4.742314e-05,-0.00035359765,1.6781769e-05,-0.00012360519,4.8893114e-05,8.395596e-07,-0.00038200523,0.00024489861,-0.0019537984,-3.6555878e-05,-0.00013733988,-2.4149582e-05,-5.0159373e-05,-0.00013871121,-5.2418595e-05,0.00034443691,-0.0021664326,-0.00068340998,0.0005218012,-4.9430649e-05,-2.3167655e-05,1.7203378e-05,-2.469124e-05,0.0010378176,2.2942655e-05,0.00019040887,-0.00011223622,8.2235806e-05,8.1722219e-05,0.0002522542,-3.1421583e-05,-9.2592775e-07,0.00040675748,-0.00018675633,0.00010600242,0.00011482689,2.687623e-05,-5.2391334e-05,-7.8835703e-06,0.00015736544,-8.4028769e-05,-0.00019627702,0.00037222753,0.00019485226,-0.00042813653,-0.00015607321,6.5467932e-05,-2.8396358e-05,4.503935e-06,-0.0010046097,0.0024881907,-0.00010583548,-4.7014328e-05,-0.00033812575,-0.00027732717,0.00011613356,-0.00025062885,-0.00037110943,-0.0002796826,0.00015962605,7.6238302e-06,-0.00058916592,0.00024194101,0.00048492842,-0.00024394208,-7.6036451e-05,0.00014289947,0.00018592174,-0.00030796613,0.00011902543,9.3889667e-05,-0.00022568058,-0.00018093188,0.00085865627,0.0003731937,-0.00044916781,0.00013598729,-2.9867763e-05,-1.2101682e-05,-3.8793448e-05,6.148238e-06,9.4834983e-05,0.00010543227,4.9788916e-05,-7.1663267e-06,-9.676095e-05,4.0657653e-05,-0.00026105145,1.1459345e-05,-1.2962973e-05,-1.2449915e-05,-7.2191735e-05,3.3431189e-05,-3.2647497e-05,-4.764275e-05,-8.9629303e-05,-0.00010174882,5.3529425e-05,-8.7524921e-05,-2.0745545e-05,9.6113688e-06,4.4872544e-06,7.8609317e-05,8.6755762e-05,-2.6814789e-05,-7.2926592e-05,-8.8331036e-05,-9.7752193e-05,1.8807317e-05,0.0001105298,-0.00019016506,0.0006034916,-5.979064e-05,7.8389509e-06,-2.8768248e-05,3.8976405e-05,-2.8683491e-05,-7.1696644e-06,7.5069299e-05,9.1536971e-05,-5.3403841e-05,-5.3691439e-05,8.1190371e-05,-4.0076815e-05,1.1766153e-05,-8.4736182e-07,0.00079414008,-0.000931028,0.0010348971,-0.00025896731,0.00010177454,4.9115805e-05,-0.00034190856,0.00045239956,9.5823227e-06,0.00058763756,-0.00068898925,9.3718694e-05,-0.00013544217,0.0003445865
"58",-0.00081982635,5.0483912e-05,0.0011886899,-0.00031326716,9.6911626e-05,-7.0715619e-05,-0.00050632943,-0.00018557919,5.104384e-06,4.7250928e-05,-8.2581541e-05,1.2017566e-05,3.0065262e-05,-6.4191257e-05,0.00012708491,-1.080827e-05,0.00011054707,-0.000160622,0.00040706864,-0.00012083187,-0.00012254923,-0.00010327999,2.6161577e-05,0.00017657075,-2.4358269e-05,4.3034066e-05,-0.0001736065,8.6733727e-05,4.4104322e-05,-0.00032104137,0.0001357776,-5.3674535e-05,8.1105062e-06,-0.0004266551,0.00023874924,4.111297e-05,-0.00025217949,0.00022191161,-0.00023996225,4.0911599e-05,-0.00011226964,6.7763985e-05,9.2949982e-06,-0.00024499336,-7.2960098e-05,-1.0390196e-05,4.4776951e-06,5.2960278e-05,0.00022414186,0.00011272475,5.1804195e-05,6.4808474e-05,3.7519161e-05,2.3492e-06,5.7534003e-05,-9.6210585e-05,0.00071687524,0.0021694117,0.00013934264,-9.0926862e-05,4.1320879e-05,5.2221407e-05,-5.7520844e-06,-2.3049401e-05,0.00017248255,-4.9339396e-05,-3.769034e-05,0.00029783724,8.562916e-05,5.2591289e-06,7.5583256e-05,-6.4135223e-05,-4.3342504e-05,-7.6285159e-05,-4.7437916e-05,-5.7880281e-05,6.2463446e-05,0.00010251254,6.8911157e-05,0.00010415565,-0.00068206196,-0.0019831172,-0.00019673839,0.0001348952,-0.00012163473,-0.00010661197,2.7019424e-06,0.00046212255,6.8319548e-05,7.4965809e-05,-0.0001145382,1.8829565e-05,6.0076343e-05,-1.3593939e-05,-5.1905826e-05,-2.55788e-07,0.00020125292,-1.9574817e-05,7.3699445e-06,0.0001307857,-1.3346263e-06,-2.583877e-05,-2.5278209e-05,3.8458494e-05,-0.00010864264,-1.5534673e-05,8.3011046e-05,0.00057418756,-0.00010952894,-7.4295513e-05,7.4406652e-05,-1.5295579e-05,-2.7634301e-06,-0.00015385912,0.0010016598,0.00022310432,-0.00047170934,-0.00025369645,-6.3666688e-06,0.00010658786,9.0985739e-06,-0.00019346496,-5.9035048e-06,6.1588137e-05,-1.8897868e-07,-0.00022015975,-8.1306328e-05,0.00031597449,-2.9058703e-05,4.5895028e-05,2.6603946e-05,5.0550813e-05,-0.00017501729,0.00013057685,-4.5266664e-05,-5.5204224e-05,-0.00073159618,0.00015161207,0.00029170822,-0.00023415311,1.1672984e-05,-7.5895693e-06,6.2133614e-05,-4.5267948e-05,5.9298733e-05,-2.9344744e-06,8.5846488e-05,1.1123918e-05,-3.8499078e-06,-0.00026080042,-8.2440429e-05,-0.00022615981,2.0942757e-05,-1.8036195e-05,-2.8291465e-07,-9.608766e-06,-6.3027264e-05,-8.1632485e-05,-7.0265739e-05,-5.01096e-05,-0.00016083326,-2.7087144e-05,-0.00016870383,-5.7328638e-06,7.7401208e-06,3.7758191e-06,-2.962725e-05,0.00024585582,-6.9713261e-05,0.0002122773,-5.4433548e-05,-1.1287992e-05,2.4270165e-05,-3.2312877e-05,6.421732e-06,0.00059944642,-4.9318471e-05,-1.1904984e-05,1.2866453e-05,-5.1172468e-05,7.5625707e-05,3.1597135e-05,3.8326898e-05,6.300035e-06,-0.00028383739,8.3254975e-05,3.1362541e-05,-1.1844413e-05,2.4042888e-05,-2.2084622e-06,0.00039392116,-0.00051125303,0.00076668052,-0.00015307237,2.8888912e-05,-9.2992082e-05,-0.00036945306,0.00054111744,-0.00016767882,0.0006673714,-0.00073525827,9.3695268e-05,-0.00014590609,0.00041652235
"59",8.8452498e-05,7.2673285e-05,-0.00010410672,0.00013289189,-3.134169e-05,1.5654812e-05,5.7986235e-05,-1.9272336e-05,4.8646539e-05,-1.5391491e-05,1.1456728e-05,2.3457247e-05,-1.2308412e-05,3.5395092e-06,1.9249557e-05,0.00011096237,-5.266369e-06,1.3803851e-05,-6.5686025e-07,-2.554354e-06,0.00018273169,2.7760809e-05,-1.526892e-05,9.9627313e-05,3.3068775e-05,-2.3194913e-05,0.00012307725,3.7784725e-05,-1.8817983e-05,4.347244e-05,-3.6981511e-05,1.3929734e-05,0.00048664523,-0.00044894027,8.0336719e-05,-8.604611e-06,0.00014563417,9.1756571e-05,8.2141464e-05,-2.6888446e-05,0.00023032454,-0.00044224459,0.00014277172,-7.7865247e-05,0.00011231119,9.9411777e-06,-4.5221671e-05,6.7114058e-05,-0.00016517262,-0.00012018405,-8.7414434e-05,3.988857e-05,-6.7431574e-05,3.5560949e-05,-0.00011068142,-2.1040524e-05,-0.0005121022,0.00013934264,0.0036068003,0.00061740984,-4.2642913e-05,-9.7054526e-06,-1.0810343e-05,0.00010792527,-0.00020298317,0.00056973391,-0.00010124217,3.9884714e-05,-9.1002865e-05,7.4498882e-06,0.00018935974,4.6305994e-05,0.00028018138,8.6373413e-06,0.0001135996,-5.8390787e-05,3.4082257e-05,-9.0969494e-06,0.00016872234,-8.7894726e-05,0.00048587058,-0.0001295545,-0.0030873844,-0.00063527427,0.00013673483,-1.9930784e-05,4.632197e-06,-0.00023868411,-9.1435459e-06,3.9265338e-06,6.2741978e-05,-0.00013254468,8.2490131e-05,5.7292918e-06,1.8955887e-05,3.0884974e-06,-0.00013232953,-6.1920405e-05,-0.00012142988,-6.2468192e-05,-4.363075e-05,2.7463041e-06,1.796626e-05,-2.2040012e-05,-1.0829225e-05,3.9556994e-05,-8.5741547e-05,2.0528343e-05,0.0010435639,0.00021953769,-0.000168544,-7.6656925e-06,-7.8681281e-07,0.00029596452,-0.00034871573,-0.00013478424,-3.9211835e-06,-1.570266e-05,-0.00011174638,-8.5614892e-05,0.00017081322,-0.0001555032,-9.6444303e-06,-6.489315e-05,9.4906697e-07,0.00033065656,-2.6375692e-05,-6.4473783e-05,0.0001675959,6.6901482e-05,2.5055273e-06,6.6766719e-06,-1.0602769e-05,-0.00014933913,4.1777442e-05,0.00013431918,7.0995542e-09,-0.0013994083,-0.00030889766,0.00034790957,4.7538658e-05,-1.0009963e-05,-2.6251104e-06,-1.2461906e-05,2.4117297e-05,7.7531447e-05,6.6209991e-05,-2.2386831e-05,3.0205769e-06,-1.6874248e-05,0.00010302912,6.7190084e-05,4.5828603e-05,3.9312205e-06,-1.1776866e-05,-5.3701923e-05,-9.3985647e-05,8.7756476e-06,-3.271219e-05,3.1610658e-05,-2.9559532e-05,-4.5297886e-05,3.4511592e-05,-3.031635e-05,1.7909091e-05,-8.7188915e-07,-3.2926047e-05,7.6127298e-05,-0.00015161677,3.9152026e-06,-0.00012976751,-1.9869811e-05,5.0229544e-06,7.9142387e-05,-0.00010349536,-0.00018035988,-0.00011811627,5.9911748e-06,3.9293551e-05,0.00012080019,8.9346281e-05,-5.792861e-05,-4.1667583e-05,-1.5166915e-05,0.00010106797,0.00014473914,-2.9144407e-05,-9.3952235e-06,-5.1440708e-05,-1.1510129e-05,-2.1112346e-05,1.0197083e-05,1.0125267e-05,1.7135241e-06,1.5514828e-05,2.7670963e-05,7.141671e-07,-4.4696523e-05,8.3866678e-05,-6.16718e-05,0.00011260494,-3.5778211e-05,-3.2352094e-05,-4.0186765e-05
"60",-2.9419332e-05,0.0015028038,-0.00014467114,-0.00053744413,0.00013186538,-8.8281628e-05,0.00013581735,0.00010352606,5.7080946e-05,3.2990611e-05,-3.0023085e-05,-2.7137332e-05,9.8121623e-06,-5.2691403e-05,-4.4073637e-05,4.0608168e-05,3.3704179e-05,8.4838106e-05,0.00020933284,-7.2466657e-05,4.7701611e-05,-1.0972986e-05,2.2446066e-05,0.00012033735,5.5184667e-05,2.1262042e-05,-0.00010533787,7.4201184e-05,-9.9636512e-05,2.5925174e-05,-6.5293556e-05,-5.9013883e-05,0.00072591924,-0.00073324916,0.00057657606,-0.00024244265,6.2523345e-05,0.00037057702,-0.00055562594,1.5914503e-05,0.00021237083,-6.3999744e-05,-2.30086e-05,-4.1458547e-05,4.2487981e-05,2.1221119e-06,-2.5955468e-05,-0.00035450954,0.00035996249,-0.0001064657,8.6442354e-06,6.8710592e-05,-0.00014988718,-4.5060768e-06,2.7953968e-05,2.1128308e-05,-1.4155045e-05,-9.0926862e-05,0.00061740984,0.0020848554,-3.997862e-05,-6.9621824e-05,1.349396e-05,-3.7223549e-06,-0.00041306893,0.00013631012,7.8375243e-05,-3.6154435e-06,-8.2138731e-05,9.9329453e-06,-3.1826792e-05,0.0004729879,-0.00059165192,6.2351681e-05,-1.6951366e-05,-3.7370269e-05,8.9724799e-05,-4.7234145e-06,7.7380927e-05,6.3145914e-05,-2.0389202e-05,0.00017305713,-0.00051463076,-0.0019693515,0.00015764755,0.00012918865,-4.1456096e-05,0.00085386978,0.00028424702,0.00019184196,-1.38558e-05,6.8889896e-05,-1.4232869e-05,0.00012160498,1.9619903e-05,3.7760048e-06,0.00028805376,-0.00022824907,4.9717859e-05,-4.2331282e-05,-1.1268759e-05,-2.0278812e-05,-4.3046257e-05,4.9462707e-05,-0.00011906468,-6.0707597e-05,-0.00017150638,2.7341175e-05,-5.8864331e-05,0.00040095679,6.5863753e-05,-7.0106086e-05,6.8357732e-06,-0.00078153372,0.0019269994,0.00011716969,-0.00050630456,-7.4429911e-05,-0.00032538659,1.4799345e-05,-0.00016423522,-0.00024222469,-0.0001282542,-4.672412e-05,1.1429722e-05,-0.0004578602,0.0003073643,0.00042019832,9.2513971e-06,1.5469981e-05,7.1481366e-05,0.0001297153,-0.0002717125,0.00025867986,6.4348914e-06,0.0003274317,0.00011070902,0.00027048343,-0.00034606755,-0.00032723649,0.00024575786,-3.5637708e-05,-2.9601384e-06,-5.7799141e-05,1.9469002e-06,8.2229916e-05,9.3731173e-05,-3.4926423e-05,1.1860379e-05,-0.00014355049,-7.0534241e-06,1.9710989e-05,7.1162554e-05,-1.98283e-05,-1.808013e-05,-6.8648975e-05,-0.00015348808,-0.00013937701,-8.7683921e-05,-3.1790917e-05,-0.00015938159,8.893511e-06,-0.00011473275,-8.4137105e-05,1.3755793e-05,-2.4060273e-06,-7.1741492e-06,0.00024354113,-6.4081221e-05,-7.5110696e-05,-9.8211946e-05,6.1242208e-05,-8.50557e-06,0.00030510094,0.00016031619,7.2499205e-05,-1.0738753e-05,7.0372131e-05,-1.2876496e-05,4.8475168e-06,0.00027420484,0.00016996754,-1.3851181e-05,1.2581153e-05,-7.1183151e-05,-2.2941748e-05,3.2449993e-05,5.9495598e-05,-4.7556206e-05,1.4847168e-05,0.00057946243,-0.00069079502,0.00060358376,-0.00020738854,5.0537454e-05,2.4803174e-06,-0.000188269,0.00028879877,-2.43944e-05,0.00038924876,-0.00044201473,7.5661874e-05,-0.00016620024,0.00027561859
"61",-0.00098740923,-0.00071564973,0.0013434541,-0.00045020619,0.00013049932,3.4082104e-05,-0.00060559865,-0.00014541719,6.7629014e-05,-7.5358873e-05,-2.8959864e-05,-1.3169724e-05,-3.4915403e-05,5.2599567e-06,0.00012009515,-3.047615e-05,7.7817661e-05,4.6272106e-05,0.00027552332,-2.5206331e-05,0.00021666902,3.9084502e-05,-5.7845034e-05,3.6744978e-05,5.251033e-06,-1.0796856e-05,0.00019777024,-2.6925818e-05,3.9560667e-05,-0.0002634348,3.9781235e-05,-0.00011836572,1.6588854e-05,-0.0026217894,0.0018591417,-0.00038556677,0.00040867948,0.00049198638,7.8914156e-05,-0.00019005186,0.00012623626,0.00095227217,0.00014928616,-0.00032089232,-2.722105e-05,-1.045876e-05,0.00019723344,0.00010528226,-0.00099559511,0.00013381641,7.8841417e-05,0.00050368817,-0.00038754111,-0.00016885023,-8.470546e-05,7.3611949e-05,-4.4615562e-05,4.1320879e-05,-4.2642913e-05,-3.997862e-05,0.0033301612,5.0867487e-05,-9.0391848e-07,0.00015868435,5.1182972e-06,-0.0010568586,-0.00016757815,0.00033789532,0.0001278875,3.1997331e-06,-0.00017909693,-0.00015308123,0.0010947125,-0.00035401215,-0.0001137373,-0.00027498596,0.00055189426,0.00027600231,0.00012489392,-5.5683162e-05,-1.8817314e-05,-0.00016968175,3.7305937e-05,0.00025199869,-0.0028904347,-6.5997074e-05,7.1493739e-06,2.9188832e-05,-0.00013419256,1.2543596e-05,-1.2934026e-05,0.00034763987,3.8658311e-05,-0.0001216234,1.4833921e-05,-8.5277107e-06,4.2741123e-06,8.0030234e-05,-0.00023007657,1.6521878e-05,-1.8151611e-06,5.3614736e-05,-0.00016102884,-0.0001907484,-9.2920128e-05,-5.4360205e-05,-7.2495385e-05,2.7104753e-05,-0.00012277599,-6.7491125e-05,0.00079658309,3.8543058e-05,1.1136286e-06,0.0004287339,-0.00021365291,-0.00013081445,0.00021868763,-0.0002554711,8.880264e-05,-0.00012712546,-0.0003570825,-8.6456699e-05,0.00011689112,9.2173777e-06,1.3978163e-05,0.00027998224,-0.00014122023,0.00012349859,8.1370986e-05,-3.6726341e-05,-8.4622928e-05,0.00015165843,0.00063512094,0.00017432184,1.7125596e-05,-9.4363336e-05,-9.4035671e-05,2.7625091e-05,9.5683759e-05,-0.00092256335,-1.6972047e-05,8.2383246e-06,4.9881426e-05,-0.0001115459,-1.5725562e-05,1.5769401e-05,0.00010410758,1.9098594e-05,-8.5693254e-06,-4.8689474e-05,-1.8048824e-05,-9.9496076e-05,0.00024429956,-3.0469536e-05,-0.00010698234,-5.1453013e-05,-9.7689363e-05,-5.8720988e-05,2.6576314e-05,-3.4065133e-05,-6.3897485e-05,-3.8479596e-05,-0.00010424405,-0.00035219322,2.3444923e-07,3.4579879e-06,0.00011066534,0.00017163263,0.00011424646,-6.7674868e-05,-7.8601841e-05,-0.00015019837,3.6846937e-05,0.0001192817,0.00027827948,0.00057699632,-0.00061602036,6.3419048e-05,-0.00011871849,-6.2890053e-05,0.00026038024,9.1878755e-05,-0.00031729216,-9.8118395e-06,3.8717302e-05,8.6891125e-05,0.00012275228,9.0345348e-05,-3.7817381e-05,2.2831235e-06,0.00037319698,-0.00043586805,0.00075324226,-0.00011090169,4.1781207e-05,4.2841846e-05,-0.00036264498,0.00036841794,-0.00019169602,0.00047679832,-0.0005408491,0.0001424534,0.0002093751,-0.00010926324
"62",-0.00010590729,-9.8467022e-05,0.00010389964,-2.2374365e-05,1.5292756e-05,5.1732277e-06,-4.4476786e-05,-6.3771396e-06,3.9283393e-06,5.5650681e-06,5.6868859e-06,-1.7892993e-05,1.8699789e-06,-1.1259286e-06,7.9163588e-06,-2.6758708e-05,1.1198691e-05,4.2321843e-06,4.8432347e-06,-8.5843935e-06,5.0196511e-05,1.0572145e-06,1.8064558e-05,-0.00011454799,-2.1237273e-05,-2.7623644e-05,-6.8664071e-05,1.2296311e-05,-2.3010037e-05,7.1873731e-05,3.4950243e-07,-1.7569017e-05,-4.183913e-05,-9.060114e-05,-4.502639e-06,2.5593782e-05,-4.0817044e-05,1.067185e-05,0.00016269958,2.8779194e-05,1.3518362e-06,3.6483561e-05,3.4303282e-05,-4.5548908e-05,1.4687407e-06,-5.577472e-06,-2.6711367e-05,4.7884361e-05,-0.00022021004,-0.00015181283,3.6391904e-06,1.3412033e-05,6.4826805e-06,-9.0358011e-05,1.3784564e-05,4.0516705e-06,2.3857531e-05,5.2221407e-05,-9.7054526e-06,-6.9621824e-05,5.0867487e-05,0.00032894957,-1.1928725e-06,-4.431719e-05,1.7118523e-05,-5.3676034e-05,-4.3799964e-05,5.6472523e-05,2.5983589e-05,-7.0436342e-07,4.8489406e-05,1.6731823e-05,0.00028771245,0.000193024,5.7690997e-06,4.8282959e-07,9.9304611e-06,0.00010425431,-3.0606022e-05,-4.7788331e-07,-1.0171695e-05,-7.6345102e-05,-2.5493364e-05,9.1934387e-05,-1.6497545e-05,-0.00032581149,2.3718376e-06,1.7169238e-05,8.0594378e-07,3.0357958e-06,-1.8640675e-05,1.1600094e-05,2.7062294e-05,-1.062742e-05,-2.513365e-06,1.8969346e-07,-3.014177e-06,-2.5786384e-05,-4.9331528e-05,-8.1886402e-05,-6.1910339e-06,-7.2341415e-07,-2.6570477e-05,-2.8352024e-05,-1.1989882e-05,4.0017037e-06,-6.5553439e-06,-1.018227e-05,-3.3020294e-05,-5.6089441e-05,3.6961624e-05,6.6330048e-05,-2.0996122e-07,2.4034383e-05,6.8408615e-05,9.5879705e-05,7.0222321e-05,3.5987616e-05,5.4842311e-06,1.3460795e-05,-8.714847e-08,-3.9897903e-05,2.2507121e-05,2.1804134e-06,2.0250257e-06,-2.7707362e-05,2.9034005e-05,1.2690667e-05,7.8291925e-05,1.2138832e-05,1.2113591e-05,7.1041345e-06,-4.574835e-05,1.4440417e-05,-9.167983e-06,-1.7466947e-05,-8.7706046e-06,4.5586264e-05,0.00010612851,-2.5693272e-05,-0.00010617389,-2.883206e-07,-2.4293203e-06,2.7943311e-05,1.50639e-05,-2.4979517e-05,-3.061121e-05,7.7173236e-06,-2.3475585e-06,-1.7166097e-05,5.8575766e-06,3.3796883e-05,6.2079618e-05,-4.4278818e-06,-1.1173856e-05,-2.8550893e-06,2.7607713e-05,-5.0037664e-06,1.7083845e-05,1.1425468e-05,-7.0911502e-07,1.5057168e-05,-4.2708402e-06,-2.1440365e-05,-2.1107968e-05,1.1573716e-06,5.806191e-05,2.6417838e-06,2.7769635e-06,-7.4729346e-05,5.5539941e-05,-4.4430499e-05,6.1245022e-06,-3.4115452e-05,-5.7530339e-05,-0.00010716858,-7.7200801e-05,-2.9270835e-05,-1.167457e-05,2.5524699e-05,4.213647e-05,5.6040172e-05,-3.6364766e-05,1.1462057e-05,7.206785e-05,-6.3366496e-05,-5.1904136e-05,-5.4586557e-05,6.6440769e-05,3.6178543e-06,1.4026194e-05,-3.3551659e-05,6.1795812e-05,3.4095552e-06,-1.4158154e-05,-8.768785e-06,-3.0091329e-05,1.4066405e-05,-5.5773477e-05,1.6421011e-05,-1.2443026e-05,9.1411225e-07,5.1376394e-05,-0.0001873849
"63",-4.7564336e-05,0.00016574828,2.5949296e-05,-6.2679186e-05,1.5640848e-05,-1.4580915e-05,-4.7076491e-06,-6.6730707e-07,3.4786084e-06,1.7201962e-07,-2.524765e-06,4.5816516e-06,3.4412248e-06,-2.9804996e-06,-1.8268058e-06,-1.6060016e-07,1.431076e-06,-7.9615977e-07,2.5588739e-05,-5.5577978e-06,-3.0016014e-06,-1.4145853e-06,4.3588493e-06,-6.5146707e-06,1.4953849e-06,2.3327747e-06,-2.279711e-05,-2.0958679e-07,2.1141127e-06,-1.039447e-05,1.2597482e-05,-3.945031e-06,-2.9185459e-05,-2.9786937e-05,3.5270147e-05,-4.0548674e-06,-6.2478204e-05,7.8021839e-06,-1.777605e-05,1.5039777e-05,1.2552802e-05,-7.2970272e-06,-1.648506e-06,9.537033e-07,-7.3527593e-07,1.0099376e-06,2.3593639e-06,-2.9340256e-05,3.1889205e-05,1.0747255e-05,2.0133943e-06,-1.7564663e-05,-6.5110116e-05,1.0692207e-05,5.0627673e-06,-4.7770766e-05,7.1393731e-06,-5.7520844e-06,-1.0810343e-05,1.349396e-05,-9.0391848e-07,-1.1928725e-06,2.416882e-05,-1.6166051e-05,-2.474508e-05,-3.0419137e-06,4.4035378e-06,1.3645688e-05,-3.2076063e-06,4.0015775e-07,-1.2094272e-05,4.4364412e-05,-8.1654425e-05,-1.0100967e-05,-6.6955509e-06,1.7140278e-05,5.1045507e-05,-3.6120224e-06,3.7087658e-06,6.6113128e-05,-1.4998109e-05,5.7468473e-06,1.4133745e-05,-2.9580024e-05,-5.8214807e-06,5.0404707e-06,-2.4568232e-05,8.3491481e-05,6.3890749e-06,1.807942e-05,-1.5498621e-06,1.1054865e-06,-5.1646426e-06,-1.7540676e-07,1.0273912e-06,-1.0352959e-08,1.9848476e-05,-2.4345838e-05,9.7607167e-06,9.8464639e-06,-2.3117954e-06,-6.8071416e-06,-1.9502057e-05,6.0853206e-06,-1.2621623e-05,-2.4195383e-05,-1.4010549e-05,-1.1536566e-06,-2.5754381e-05,-5.0110013e-06,1.4961628e-05,-1.0680513e-06,8.515846e-06,-6.8710562e-05,0.00021885005,1.4817854e-05,-1.23487e-05,-1.5355192e-05,-1.9284436e-05,-4.5699825e-06,-5.9423148e-06,-2.116938e-05,1.5596906e-06,6.1336191e-06,1.3234197e-07,-2.5380144e-05,3.9438394e-05,3.482717e-05,1.1647503e-05,6.2289174e-06,1.1280524e-05,4.0367543e-05,-2.7529787e-05,2.1493554e-05,2.5301315e-05,3.4214278e-05,6.5032661e-07,4.3345509e-05,7.6395742e-06,-4.3519881e-05,7.61962e-06,-1.2570675e-05,-6.773241e-06,5.2556223e-06,2.6910241e-07,-1.138591e-06,7.4637209e-06,-4.6678059e-07,1.5445e-07,6.7008735e-07,6.5980598e-06,-8.7669685e-07,1.1733813e-05,-8.1446908e-07,3.2235115e-06,5.1076675e-06,-6.2277176e-06,-4.9280935e-06,-1.1690392e-07,3.1477767e-06,-4.1172573e-06,-1.4232145e-06,-1.041148e-05,4.3574611e-06,2.7219514e-06,-2.5928436e-06,1.1509342e-05,6.1265287e-07,5.2324746e-06,-7.6412367e-06,-1.2498248e-05,2.2592341e-06,1.6736686e-07,-3.3661094e-06,-1.6737543e-05,-1.1790711e-05,-3.3592102e-05,2.2802847e-06,-7.9545983e-07,-2.1659911e-06,1.2451833e-08,-6.9552141e-06,-2.7265995e-06,8.510167e-07,-5.7489667e-06,-7.7558819e-06,2.0396354e-05,3.682002e-06,-1.6764776e-06,1.8041363e-06,6.1178185e-05,-7.8575981e-05,8.6292151e-05,-2.5697343e-05,4.9468342e-06,-1.3047814e-06,-2.4435726e-05,3.5496586e-05,5.2251151e-07,4.2997363e-05,-5.1506111e-05,7.9061808e-06,-1.215656e-05,1.1966157e-05
"64",-0.00039176711,-0.0003374255,-0.00067238912,2.3843343e-05,1.6258181e-05,3.2710172e-05,0.00013375559,-0.00014221754,3.7096309e-05,-9.5095716e-06,2.4011663e-05,2.9536329e-06,-1.9504593e-05,-3.5095499e-05,-2.3460601e-05,-1.769632e-05,2.4652386e-05,8.442045e-06,4.7510101e-07,-8.1900026e-06,-0.00010925667,2.9961018e-05,-2.9262005e-05,8.6643438e-05,-6.7845796e-06,6.281769e-05,8.190683e-05,8.6952013e-05,-4.5613212e-05,-0.00012030952,-4.1652394e-05,-1.3221395e-05,-0.00030735373,0.00017805717,-3.4475812e-05,3.7596988e-05,0.00025017857,-0.00011676387,0.00030423804,-0.00093722208,0.00024942563,-0.00018269399,6.4474468e-05,0.00016099676,-4.4388605e-06,-4.7031608e-06,-2.4942836e-05,-0.00011489682,-0.00031500107,9.0535652e-05,1.0101764e-05,0.00017086307,0.00011269575,-9.0722158e-05,6.9075166e-05,0.00014690895,-0.00012674868,-2.3049401e-05,0.00010792527,-3.7223549e-06,0.00015868435,-4.431719e-05,-1.6166051e-05,0.0018598409,-0.00048207544,0.00035880937,-0.00010442653,-0.00029100132,-2.9232963e-05,6.9409456e-06,-6.0997843e-06,0.00015260847,0.00065327346,-0.00018279805,-7.9008026e-06,-0.00030166503,-0.0002376459,0.00016717683,-0.000170692,-0.0003305671,0.00012926078,-4.7826255e-05,-0.00031048838,-7.128609e-06,-0.00023509603,7.7628274e-05,2.929595e-05,-9.5817395e-05,5.844991e-05,-0.00036611269,0.0001261156,-8.20871e-05,-2.0353166e-06,3.6970708e-05,-1.8017766e-06,-4.4889058e-06,-1.8393331e-06,-3.8598661e-05,-2.5567396e-05,-2.623764e-05,1.9166451e-05,6.1528913e-05,8.2703316e-05,-1.5249623e-05,2.4157495e-05,0.0001276695,9.5699657e-07,2.9757106e-05,8.1194088e-05,-4.5362639e-05,-3.9789676e-05,-2.2219302e-05,-8.9164275e-06,0.00010311495,-0.00031053634,-3.5329305e-05,-0.00026512907,7.5421625e-05,0.0004771825,-0.00024486489,8.4362648e-05,6.0682898e-06,-8.0228879e-05,-9.5006276e-06,4.1745788e-07,0.00011045171,-4.997332e-05,-1.9628645e-05,1.8263777e-05,-3.0189181e-05,-0.00012243651,-0.00012471991,7.3535068e-05,-2.8276692e-05,-0.00015697729,-5.8781489e-05,-5.8121736e-05,-0.00023967342,9.7253546e-05,-5.5393259e-05,4.2996351e-05,1.5741418e-05,-4.9357104e-07,2.0734669e-05,1.7025175e-05,-1.0199065e-06,-2.849747e-05,9.143682e-06,-2.5047649e-07,5.4993031e-05,4.9835589e-05,5.0617367e-05,-5.453162e-05,-1.4564051e-06,8.7723332e-06,-2.1194684e-05,2.4939932e-05,3.2052391e-07,4.356544e-05,-1.084246e-05,-2.3154514e-05,-2.3419567e-05,1.8233712e-05,5.5346741e-05,3.1263858e-05,4.3946981e-06,-4.7446539e-05,-6.3950684e-05,-5.1964266e-05,-3.2849734e-05,0.0001962885,-9.0740299e-06,-2.0568479e-07,1.0154827e-05,-0.00023483514,-0.00010452974,-0.00011693336,5.0705117e-05,-5.0676079e-05,7.58691e-06,1.0945367e-05,-0.00019059025,-5.6521144e-05,0.00010453376,6.301604e-05,6.5684079e-05,2.3444672e-05,-0.00023265623,-9.9598954e-05,-1.0231797e-05,-5.4113276e-05,8.5822274e-05,-4.0017037e-05,8.7126627e-06,-1.1922571e-05,9.0120818e-05,-4.2542937e-05,1.7320641e-05,3.4585773e-05,2.3238751e-05,-9.3127745e-05,-5.4011199e-05,-5.7522043e-05,-9.8228611e-05
"65",-2.5031146e-05,-0.0024355844,0.0016890341,0.00078211002,-0.00010708476,0.00014396906,-0.00066083353,-7.2693813e-06,-3.891554e-05,-1.8883618e-05,-9.137594e-06,2.8280285e-05,-1.1854851e-05,6.0734908e-05,0.00011770915,-1.202012e-05,-4.6815981e-05,0.00010488253,-0.00024380815,5.5593594e-05,-0.00010894836,6.8724319e-05,-4.6082043e-05,-3.4662042e-05,-5.2245615e-05,-5.4835509e-05,6.2014869e-05,-0.00013719251,1.3610193e-05,-7.2168073e-05,-6.3548016e-05,3.7211243e-05,0.00062748035,0.0011225619,-0.0019123613,0.00013110414,0.00032091092,0.00025229565,-5.6792778e-05,0.00026295188,-0.0022400456,0.00013183602,0.00016008007,-0.000167412,-0.00013381646,1.1290117e-05,-0.00020509507,0.00046543454,-0.0016692867,-0.00011462064,-2.4779237e-05,1.9371835e-05,-0.00032531039,-0.00015624467,-0.00010782033,0.00019848458,-4.742314e-05,0.00017248255,-0.00020298317,-0.00041306893,5.1182972e-06,1.7118523e-05,-2.474508e-05,-0.00048207544,0.0040659328,-0.00017172229,-0.00017390478,0.00031979471,0.00026260339,-3.1769659e-05,0.00050944496,-0.00091027582,0.0030121552,0.00023330805,4.7391044e-05,-9.3235036e-05,0.00043591194,0.00044552629,0.00010559783,-0.00044603363,0.00012879958,-0.00049979838,0.00015590132,0.00063473345,0.00019552393,-0.00012019527,6.6596575e-05,-0.0013001541,-0.00020000436,-0.00012707931,-0.00063395666,2.9696688e-06,8.2452723e-06,-0.00020469374,-4.3299063e-05,1.0729967e-05,-0.00039010356,0.00022644799,-0.00021743643,-0.00010139573,3.3764667e-07,4.2582492e-05,-2.9323277e-05,-0.00010261849,0.00024127245,0.00025414793,0.00034430163,4.8553209e-05,0.00031429196,3.7882686e-05,-0.00011083707,5.0369522e-05,-1.364797e-05,0.0010212224,-0.0024923451,2.6535822e-05,9.3727261e-05,0.00021938339,0.00016200594,0.00089947059,6.7200205e-05,0.00028106141,0.00013999778,3.8412454e-05,-3.09526e-05,0.00058195789,-0.00015409151,-0.00028354138,0.00010648591,-4.373111e-06,-6.7132962e-05,-5.9020734e-05,0.00024180231,-0.00029569886,-0.00024338829,-0.00066090167,-9.5731345e-05,-0.00066040638,-7.0342072e-05,0.00047391307,-0.00017732215,4.5365443e-05,-2.8471592e-07,-0.0001446956,-9.3254922e-06,-2.4939701e-05,-9.6952293e-06,-4.1778891e-05,4.8064615e-06,-0.00010877212,-2.9531413e-05,-0.00013356745,-3.4880516e-05,-3.553548e-05,-1.4741207e-05,4.4366302e-05,-1.3162285e-05,-1.4273952e-05,6.4972332e-05,0.00012920699,0.00023375335,-3.5460544e-05,0.00012300383,-0.00016455538,-3.9823467e-05,-7.5902278e-06,-5.7697411e-05,4.8449116e-05,-8.0438392e-05,-1.7874616e-05,-0.00031938609,5.0698093e-05,-1.9566525e-05,0.00012605849,0.00023059433,0.00082054577,0.00021767928,-2.0134346e-05,6.3951884e-05,-0.00011144833,7.2296739e-05,0.00027963003,-6.121387e-05,-0.00014180744,3.0605954e-05,-0.00016884601,-0.00022988648,0.00023520563,5.1074048e-05,5.221648e-06,-0.00082369149,0.00099307845,-0.00084959953,0.00032021819,-9.3809639e-05,3.2317376e-05,0.00024070309,-0.00039986053,0.00038916316,-0.00039448996,0.00056819524,-2.2786827e-05,-0.0003565115,-6.2788897e-06
"66",0.0016084409,-0.00063204061,-0.00079226162,0.001185309,-0.00023108856,5.2448066e-05,0.00044224557,0.00018031042,0.00011277937,7.1826033e-07,7.5252305e-05,3.8425499e-05,-4.4552477e-05,6.1519142e-05,-4.0145127e-05,5.6815503e-05,-0.00014707809,0.0001949123,-0.00046653514,9.2293733e-05,-1.879004e-05,5.270278e-05,5.4524364e-07,-0.00012127346,-1.4905507e-05,-1.8585919e-05,-9.9805978e-05,8.1403599e-05,1.2724336e-05,2.5708832e-05,-2.9594261e-05,9.2694161e-05,7.7591619e-05,0.0020240119,-0.0034202075,0.00057264932,0.0005603435,0.00016573108,-1.6220862e-05,-0.00021414391,0.00015888239,-0.0021930102,-0.00014449765,2.3119293e-05,-5.895616e-06,-3.9593797e-06,-0.00058390524,0.00036389275,-0.00070183426,0.00018588711,-0.0001901048,9.4712631e-05,0.00017466621,-5.5753498e-05,-0.00015807808,0.00013283731,-0.00035359765,-4.9339396e-05,0.00056973391,0.00013631012,-0.0010568586,-5.3676034e-05,-3.0419137e-06,0.00035880937,-0.00017172229,0.0039419891,0.00013988743,-0.0001025216,1.4345096e-05,2.049805e-05,0.00084845408,-0.00051707003,0.0018294522,-0.00030305397,0.00029495705,-0.000179813,-0.00034914878,-2.9561104e-05,0.00014320396,-0.00027577447,0.00055960722,8.8213018e-05,-0.0007748985,-0.00024982052,0.0017662279,0.00013266951,-4.2945231e-07,-0.001524885,-6.7204734e-06,-0.00028090063,0.00021750182,-0.00093407052,-2.9946494e-05,-9.2262233e-05,-1.0646938e-05,4.2464239e-06,-0.00065584641,0.00035778401,5.6640652e-05,-2.3327913e-05,-2.4606203e-05,7.3267117e-05,0.00015851181,-0.0001218369,0.00019479938,0.00017966385,0.00019969582,-5.1169644e-05,0.00070570445,0.00032509594,-0.00069926991,2.7269353e-06,4.8271584e-07,0.0018092525,-0.0048047766,0.00015302231,-7.4942388e-05,0.00033524496,0.00041160997,-0.00033556614,0.0014550784,0.00060934494,9.5892519e-05,-0.00012216591,-1.3410161e-05,0.0010845567,-0.0006767119,-0.0015499586,6.2252793e-05,0.00010839095,-0.00023693347,-0.00025727227,9.7296469e-05,-0.00058353081,-8.1326156e-05,-0.00075340847,-9.878493e-06,-0.0016569891,-0.00078568961,0.0014096529,-0.00030556931,2.828473e-05,2.7418523e-05,1.9285103e-05,-8.9139678e-05,-9.7427741e-05,-0.00016703582,-7.5248055e-05,7.7918532e-06,0.00020669693,-3.1276281e-05,0.00031417482,-0.00012404103,-2.9229344e-05,2.9803322e-05,8.0603052e-05,0.00012231197,0.00012209045,1.5466428e-05,-5.2846936e-06,0.00012909157,-0.00011134234,4.8720889e-05,9.3662881e-06,2.9032284e-06,-1.9604343e-06,-0.00010668016,-1.9182731e-05,-0.00037177727,7.7469462e-05,0.00010191506,0.00019624509,-4.7503977e-05,-0.00031232617,-0.00014689617,-0.00086042302,0.00023863899,3.1421874e-05,-5.8034223e-05,3.3511045e-05,-1.6075559e-05,6.4649346e-05,9.2792655e-05,-1.6191717e-05,-0.00014243371,0.00015651921,0.00021751965,-0.00048497634,-7.9441102e-05,-1.2027215e-05,-0.0008494403,0.0010715332,-0.0013650782,0.00043891148,-0.00013882767,-0.00021420817,0.00040661308,-0.00059217727,6.2332761e-05,-0.00067615884,0.0010091777,-0.00022920879,0.00015308366,-0.00067185376
"67",0.0013868725,0.0014129327,0.00049673907,-0.00010667735,-8.7336149e-05,-3.9324317e-05,0.00017848421,0.00037006533,3.6021573e-06,-6.1493369e-05,2.4211097e-05,-3.0725494e-05,-6.0772863e-06,-6.4032003e-05,-6.5228003e-05,5.9482831e-05,-7.025624e-05,-0.00010241909,-0.000170136,8.9488705e-05,-3.0457867e-05,2.4441108e-06,-1.9852126e-05,0.00011466229,3.736825e-05,-2.3655392e-06,-2.0674592e-05,-0.0001933646,0.00010252916,-0.00015338645,-1.1617996e-05,-7.8834048e-07,0.00015037474,0.00050950108,-0.0012119844,7.3275994e-05,1.0262438e-05,7.7770852e-05,-0.00049074494,2.0937261e-05,0.00014160311,-0.00015069775,-0.0018759672,-0.00076081766,8.025166e-05,1.6527e-06,0.00011884685,-0.00024195814,0.00081550041,-0.00013440025,2.2331586e-05,-4.7907606e-05,0.00024695239,-9.9332449e-05,-8.052368e-05,-5.0970963e-05,1.6781769e-05,-3.769034e-05,-0.00010124217,7.8375243e-05,-0.00016757815,-4.3799964e-05,4.4035378e-06,-0.00010442653,-0.00017390478,0.00013988743,0.0033296135,0.0013502239,-0.0001438231,1.5383474e-06,-0.00014211722,0.00051225204,-0.00098593535,0.00023841357,-3.5357455e-05,0.00013001591,-0.00039400733,0.00011139787,0.00017899205,4.3835769e-05,7.9477682e-05,4.1965075e-05,0.00036118598,-8.9084448e-07,0.00016687294,0.0001694682,-2.0281415e-05,-8.0944598e-05,-0.00014850887,-4.5565199e-05,8.2095108e-05,-5.2630689e-06,-0.00073208587,-0.00032470201,5.5994126e-05,6.407582e-06,4.6234581e-05,-4.0705432e-05,0.00030261728,-9.5073649e-05,6.8611626e-06,-2.9881858e-05,0.00010629369,-4.1974013e-05,-3.0272102e-05,5.7879505e-06,-9.0351578e-05,-1.5519196e-05,2.7743019e-06,6.0329672e-05,-6.3861602e-05,-7.0771262e-05,7.2176352e-06,-0.00034726543,0.00010545799,-0.00046501959,0.0004034622,0.00015929667,-0.00017318881,-2.2863767e-05,-0.00010881432,0.00093175744,0.00055581486,-9.9086698e-05,-8.8175077e-06,-0.00029512737,4.3640979e-05,-0.00040358557,1.8432317e-05,-6.9834348e-05,0.00012204946,-0.00010802089,0.00040312851,0.00017215516,-0.00013233337,0.00024344848,2.8178771e-05,0.00021604212,-8.2171122e-06,9.627356e-05,0.00020181351,-2.0975329e-05,-2.0264723e-05,5.5341615e-05,-5.8539729e-05,-2.9064954e-05,-7.4213382e-05,-1.8334853e-05,-5.0827969e-06,9.4880876e-05,-2.3071634e-05,0.00022894085,-2.9861041e-05,2.4851428e-05,-2.6476225e-05,1.1381026e-06,4.8851429e-05,6.6840317e-05,6.4173113e-05,-6.1289306e-05,6.4152483e-05,-2.2943325e-05,-2.274446e-05,-4.6408062e-05,-1.0997457e-06,-1.7121618e-06,9.111094e-05,-9.305299e-05,5.1223957e-05,3.3315191e-05,-2.1854776e-06,5.1288967e-05,9.903955e-06,-3.1850585e-05,9.9784485e-05,-0.00069194776,-0.00027641584,2.1631507e-05,0.00013302523,-5.6437428e-05,-0.0001390861,-8.5917012e-05,-6.3964265e-05,7.3723615e-05,-7.8014833e-05,-9.3637167e-05,4.7119368e-05,0.00031188162,9.0690044e-05,4.6223713e-06,3.4604612e-05,5.1021655e-06,-0.00033852965,5.1873654e-05,3.0227677e-05,0.00023875907,9.4951575e-05,-0.0001316355,-5.199387e-05,-0.00029469355,0.00033329112,-8.2772869e-05,0.00018233697,8.1503428e-05
"68",-0.0017784939,0.00074056448,0.003352759,-0.0010041306,0.00037660392,-1.841324e-05,-0.0012222373,-0.00017613796,0.00023753888,6.5083639e-05,-9.847923e-05,6.8911209e-05,2.6605708e-05,-5.0275927e-06,0.00021549207,-7.4614582e-05,0.0001680162,-0.000150772,0.00089468716,-0.00010961452,-4.4551704e-05,-8.6426087e-05,7.8032259e-05,-7.2527047e-05,-2.9702499e-05,1.826214e-05,-0.00021649752,0.00010360867,4.9806081e-05,-0.00018185956,0.00025710753,-9.7763086e-05,-0.00081133885,0.00040379042,-0.0011862465,0.00028006397,-0.00097899689,-2.9605496e-05,-0.00010054642,0.0002067614,-0.00017396431,2.3462504e-06,-0.00075464241,-0.0027539182,4.4565796e-05,-9.2420892e-06,8.7040995e-05,-0.00016227709,0.00075314192,4.7997129e-05,0.00016974152,-0.0001465617,0.00032148401,-0.000237909,-0.00034615403,-0.00013944079,-0.00012360519,0.00029783724,3.9884714e-05,-3.6154435e-06,0.00033789532,5.6472523e-05,1.3645688e-05,-0.00029100132,0.00031979471,-0.0001025216,0.0013502239,0.005152326,-1.3255245e-06,-9.7053801e-06,-0.00012316571,0.00040955016,-0.00085269842,6.0246245e-05,-0.00027610693,0.00025515115,-0.00030587227,0.00036443245,0.00039170555,0.0005638187,0.00017163243,-0.00064154203,-0.00015855952,-1.4028545e-05,-0.00049242798,-0.00011489353,-2.6131431e-05,0.00048238172,-0.00072114181,7.1919963e-05,-0.00011057231,-9.273793e-05,-0.00030527692,-0.0010277717,7.2769532e-05,-8.1784519e-06,0.00018159623,-0.0001005511,0.00079110403,9.0348115e-06,9.9732901e-06,-5.2597076e-05,0.00015467648,-3.2723667e-05,-0.00019303636,-0.00011181448,-0.00030369025,0.00022600548,-0.00010802361,-0.00016219997,0.00019501692,-2.2893123e-05,4.4890147e-06,0.00055204683,0.0011388686,0.0012007373,0.0006275835,-0.00068634233,0.00020702556,0.00021247891,0.00048648253,0.00038036531,0.0013522186,-0.00012851991,1.2972324e-05,-4.5313246e-05,2.7323518e-05,-0.0010227025,0.00021502204,4.1414128e-05,8.9793606e-05,-0.00039868917,-0.00044370684,0.0003425811,0.00018120378,0.00040210669,-0.00033684546,-2.317714e-05,0.0002631244,4.3650254e-06,-0.00020218059,-1.494317e-06,-4.4089508e-05,6.4958408e-05,-9.0534858e-05,-1.1092014e-05,-0.00026341329,4.1335921e-05,-1.8399331e-05,3.2869607e-05,-0.00013500731,0.0004976708,1.8643806e-05,6.2200406e-05,-2.2071717e-05,-1.7785655e-05,-1.7333517e-05,5.8826387e-05,1.9462291e-05,-3.4057499e-05,-0.00013679741,-3.7682758e-05,-0.00017060959,4.6948833e-05,5.7108588e-06,2.9586018e-07,0.00036006761,-0.00021031389,0.0001739367,7.4829626e-05,0.00027550903,-3.7018281e-05,3.6377713e-05,-0.00015848899,0.00052268121,-0.0011955964,-0.00017769046,-0.00018369306,0.00012613249,-7.0314469e-05,0.00030177021,0.00010994663,-0.00017304003,-2.8200686e-05,0.00010725036,-0.00034104363,0.00011205379,0.00011083637,3.4163128e-05,1.992848e-05,0.0010874052,-0.0014750353,0.0019838851,-0.00028130989,-0.00010622327,-0.00026982285,-0.00082498941,0.0012067641,-7.40751e-05,0.0012537143,-0.0017794837,0.00033611354,-0.00015349618,0.0002773766
"69",0.0003320742,-5.5464915e-05,0.001159885,-4.3222805e-05,-4.366836e-06,3.7642945e-05,-0.00026267104,0.00015190194,-1.6961771e-06,9.4490395e-06,3.6051501e-07,7.9487801e-06,1.2887435e-05,5.80798e-06,3.8109812e-05,1.8710594e-05,-2.2139786e-05,-1.1904678e-05,9.9241902e-06,2.7475484e-05,-0.00027443233,-7.9765099e-06,2.8354113e-06,6.4875155e-05,3.1955054e-05,4.8882605e-06,3.7317973e-05,-6.5857793e-05,6.0313841e-05,-0.00023124689,6.1605368e-05,3.994006e-05,0.00017587178,0.0012197201,-0.0024708666,0.00062634974,-0.00082743953,0.0003736255,-0.00066930948,1.6439646e-05,-0.00013195942,-1.4769724e-05,5.0095751e-05,4.9545366e-05,-0.00050568689,7.3721007e-05,-0.00025541118,-0.0001695031,-0.00019477953,0.00015309806,-5.0962393e-06,-3.1349532e-05,-0.00010133938,-3.2470514e-05,-1.839829e-05,-6.0640567e-05,4.8893114e-05,8.562916e-05,-9.1002865e-05,-8.2138731e-05,0.0001278875,2.5983589e-05,-3.2076063e-06,-2.9232963e-05,0.00026260339,1.4345096e-05,-0.0001438231,-1.3255245e-06,0.0009914403,-0.00014339643,0.00051758198,0.0002418465,0.00041588249,-0.00037432159,-8.9396512e-07,6.0105033e-05,0.00021321128,7.5596075e-05,4.6650285e-05,0.00012402101,-2.1566063e-06,-0.00012825694,0.00018511977,0.00026440838,-0.0002952692,-1.9803317e-05,2.620496e-06,-9.5535637e-05,-0.000198765,-1.6634856e-05,-4.7770177e-05,-4.6867347e-05,3.9294096e-05,4.7747818e-05,-0.00021200713,2.9784959e-05,-0.00014008942,-9.1922724e-05,6.8316792e-05,0.00011419859,-1.6356794e-05,-1.9318402e-05,-7.4271596e-05,-2.5671108e-05,1.8450612e-05,-4.0307581e-05,4.7452329e-05,2.5131467e-05,4.1166327e-07,-3.8535302e-05,-1.5511596e-05,-1.782248e-05,1.1108339e-06,6.5502487e-05,1.4028063e-05,-2.707461e-05,0.0001781119,2.3279552e-06,5.3259222e-05,5.4249145e-05,2.8117464e-05,-8.7286418e-05,-8.7007544e-05,0.00028692601,-3.1366075e-05,0.00022168418,0.00015825004,-0.00011601138,-0.00022929529,1.7507749e-05,2.3698858e-05,9.9961411e-05,-5.5534787e-05,-9.1231147e-05,2.575914e-05,-8.543818e-05,-5.3271656e-06,6.0183159e-05,7.5052523e-05,3.3159493e-05,5.4461916e-05,-1.999504e-06,-0.00010606556,2.2945693e-06,-8.8783233e-05,-2.4958703e-05,4.9279346e-05,-8.9256971e-05,2.0609618e-05,-7.0943709e-05,-7.5415745e-05,-6.6861453e-05,4.7409157e-05,-3.8414163e-05,2.195285e-06,-1.918948e-05,-9.5126557e-05,-4.163358e-06,-6.4423679e-06,-4.7779751e-05,-3.190968e-05,5.7038083e-05,0.0001369735,-6.5124822e-06,-7.0143545e-05,3.3242484e-06,0.00017826352,-7.751873e-05,0.0001933256,0.0001007325,-5.221301e-05,0.00014608254,-3.1311506e-05,1.4057752e-05,0.00024089948,0.00015337873,-0.00024178306,5.2741496e-05,2.0027259e-06,-2.6486248e-05,0.00012137576,-1.4501889e-05,1.4384978e-05,5.4548241e-05,0.0001680728,1.3060342e-06,-0.00025108673,0.000104279,0.00014029318,-2.3015652e-06,-3.4928758e-05,4.2671695e-05,-8.7738533e-05,1.0299686e-05,4.5018188e-06,2.3691381e-05,-6.3290412e-05,0.0001007042,3.0700744e-05,8.1965797e-05,-6.3523333e-05,2.3795438e-05,-6.6119273e-05,0.00040118894
"70",-2.2969641e-05,8.2733225e-05,2.9502727e-05,-4.1381726e-05,9.1506707e-06,-6.9562351e-06,-4.2821856e-06,-7.2400564e-06,-1.5614323e-06,-5.6029542e-06,-4.9755169e-07,-3.580211e-06,-2.9918405e-06,-1.302935e-06,-5.5507858e-07,-5.5450964e-06,-6.2413157e-06,1.0852935e-05,2.3607126e-05,-6.4223862e-06,6.1159083e-05,-5.3236844e-06,-2.6247866e-06,-8.8369346e-06,-7.9786933e-06,1.8786576e-06,-1.3202941e-05,-4.4523638e-07,-2.5755884e-07,5.7852245e-06,-1.0816371e-06,6.705724e-07,-1.1498778e-05,-9.4202036e-05,0.00016591054,-5.1490007e-05,3.3842528e-05,-6.9248689e-05,0.00010377708,-3.4561898e-06,1.8595123e-05,-5.425389e-06,-4.2847394e-06,-7.9059451e-06,7.3470478e-05,-2.6385586e-05,1.8218121e-05,1.1919682e-06,-5.7849955e-06,4.6788716e-05,1.0388554e-05,9.3866564e-07,1.3132637e-05,-7.5602403e-07,7.1337843e-06,2.4170241e-06,8.395596e-07,5.2591289e-06,7.4498882e-06,9.9329453e-06,3.1997331e-06,-7.0436342e-07,4.0015775e-07,6.9409456e-06,-3.1769659e-05,2.049805e-05,1.5383474e-06,-9.7053801e-06,-0.00014339643,5.347732e-05,-4.4894651e-05,-5.7531058e-06,6.1589396e-05,-7.5094958e-05,-2.0634202e-05,1.3363955e-06,-2.0782032e-05,-1.5739459e-05,-9.6691872e-06,-9.0480764e-06,-1.8891341e-06,-1.6953279e-05,5.3352227e-07,-2.8121783e-05,-4.4244508e-07,-3.8157415e-06,-6.7474532e-07,8.2676782e-05,2.8198033e-05,6.5683211e-06,5.5119237e-06,5.4620557e-06,7.0118872e-06,6.9992695e-06,3.0909886e-05,-1.0674995e-05,4.0240625e-05,-1.0666138e-05,3.2135023e-05,2.447838e-05,5.6324166e-06,-7.971973e-07,7.6255519e-06,5.2850525e-06,-1.3356303e-05,-3.3320203e-06,-1.6109923e-05,1.3084542e-06,-2.3789053e-05,-1.1089324e-05,1.4784626e-05,4.8287467e-06,-6.7689902e-07,-0.0001169428,0.00022649509,-7.2581604e-05,-8.3043549e-06,-1.4709301e-05,-3.945708e-05,-1.0781513e-05,-1.8670123e-05,-4.6293033e-05,2.3483304e-05,-2.7235213e-05,1.1636719e-05,-6.5395561e-05,1.2994276e-05,1.4994986e-05,-4.9769835e-06,-1.9583239e-05,6.8469899e-06,-5.4971941e-06,1.8489583e-05,1.9735121e-05,-1.3189786e-05,5.2134639e-05,1.4098665e-06,5.6176513e-05,3.4997671e-05,-4.5990735e-05,6.314245e-06,-9.3603742e-07,2.3779274e-05,3.8583313e-07,1.440254e-05,-6.0997088e-06,-2.4896725e-05,2.0570731e-05,-5.6350637e-06,1.8662091e-05,6.5581961e-06,2.5579203e-05,2.716224e-06,9.9683213e-06,-3.5729111e-06,1.0832179e-05,2.3053186e-05,8.823199e-06,4.7692787e-06,5.3478212e-06,7.4280492e-06,-1.8646824e-05,-4.4866155e-05,-3.7918557e-06,1.5017062e-05,-8.54975e-07,-2.5380207e-05,1.0087482e-05,-4.9077781e-05,1.6785134e-05,3.9882479e-05,-2.8640899e-05,6.5310109e-06,1.5004317e-05,9.6573287e-07,-6.1807962e-05,-1.9073022e-06,-1.5081716e-05,-3.3069635e-08,-1.5641221e-06,-2.1794834e-05,-1.6907257e-06,-8.8028476e-06,4.2782869e-06,-4.2836684e-05,-1.4786528e-06,9.1812415e-05,-4.4679757e-06,-2.6678023e-05,6.3685323e-07,4.7011943e-05,-5.7508743e-05,6.4512954e-05,-2.0611155e-05,1.3243047e-05,2.8051869e-05,-1.2635482e-05,1.5730713e-05,-1.071053e-05,1.4232026e-05,-1.8374394e-05,-1.6375337e-06,1.5815658e-05,-1.1321079e-05
"71",0.0003025608,-0.0018956902,-0.00078324604,0.00084189049,-0.00018518711,0.00012092628,7.5280598e-05,-0.00017614151,8.3854985e-05,5.4723501e-05,0.00011228147,8.0187528e-05,-7.5170109e-06,3.3743376e-05,6.6954215e-05,4.3424712e-05,9.3430099e-05,-1.8055238e-05,-0.00041020657,-4.9128804e-05,-0.00013752872,8.4010903e-05,-2.464231e-05,-0.00012256018,0.00014138821,6.0764438e-05,0.00023278754,4.0341667e-05,-1.2704909e-05,-0.00044778424,-5.8385401e-05,3.3906813e-05,-0.0010772337,0.0015522236,-0.002889217,0.0005263384,-6.9799797e-05,0.00026418515,-0.00044293058,-2.2557394e-05,-0.00020335165,-0.00053015884,0.00020806056,5.2522869e-05,-0.00024552912,1.4091801e-05,-0.0028105883,-0.00024243883,-0.00088295678,0.00014825079,-9.612966e-05,8.5821455e-05,0.00014060816,3.7758981e-05,-0.000124011,0.0001843697,-0.00038200523,7.5583256e-05,0.00018935974,-3.1826792e-05,-0.00017909693,4.8489406e-05,-1.2094272e-05,-6.0997843e-06,0.00050944496,0.00084845408,-0.00014211722,-0.00012316571,0.00051758198,-4.4894651e-05,0.0051476833,0.00056009352,0.0013260541,-0.00024154929,0.00013112999,-0.00014530619,-0.00015024338,2.1115708e-05,9.4169593e-05,-0.00026987576,0.00074552473,1.7974352e-05,-0.00061660642,7.3595726e-05,0.00042383859,-9.5394237e-05,3.3342744e-05,-0.00091178949,0.00053083427,-0.00013614358,-2.48944e-06,-0.00020981296,5.408323e-05,-3.399445e-05,-0.00012584318,2.3760504e-05,-0.0012699002,-1.0823707e-05,-0.00018891074,0.00012072465,-4.3388169e-05,7.208478e-05,2.8296965e-05,-4.0467672e-05,0.0001812078,7.8697663e-05,6.463334e-05,-3.5209395e-05,0.00036508262,3.8195595e-05,-0.00013927324,-3.858886e-05,6.2099536e-07,0.00084243361,-0.0026807773,0.00078772518,-0.0010831604,0.00073720119,0.00033505098,0.00017222272,0.00045885604,0.00021391329,-0.00034192872,0.00020831977,-5.6969213e-05,0.0017147469,3.8158283e-06,-0.00010482479,-0.00041857047,0.00017189803,-0.00022099475,-0.00014439985,-0.0003192915,-0.00029752701,-1.9310361e-05,-0.00038980244,-8.2097705e-05,-0.00092079202,-0.00020019257,0.00024992909,-5.856034e-05,3.5884017e-05,-7.1417197e-05,-0.00010448962,0.00010341537,4.1955515e-05,0.00011942264,-6.7564988e-05,1.9783148e-05,-0.00037783493,-0.00012196388,-8.4804943e-05,8.1924802e-05,-1.2891703e-05,1.0824527e-05,-0.00012505141,-2.7818002e-05,-9.0960234e-05,-6.2196977e-05,0.00010882697,-6.2265071e-05,9.9394103e-05,0.00019732913,-7.9789732e-05,-0.00014011117,7.9368559e-06,0.0002890422,3.3379454e-05,-0.00021888998,-5.8927201e-05,-0.00021289582,1.488221e-05,6.8170554e-06,0.00027595353,0.00035090574,0.0007451499,-0.000245175,-6.0875064e-06,-2.422392e-05,0.00015138185,0.00019389753,0.00011301338,-7.1345459e-06,-0.00033262654,0.00015384161,1.0848899e-05,-0.00058538645,0.00033030928,0.00012248064,8.0218561e-06,-0.00055666121,0.0007169802,-0.00068590915,0.00028273063,-0.00016930758,-0.00026725446,0.00049923229,-0.00063104818,-7.0720964e-05,-0.00075928247,0.00088298141,-0.00030104529,1.6476155e-05,0.00038597336
"72",-0.00076689126,0.0032592663,0.00035378816,-0.0014780653,0.00030655274,-0.00022764753,1.9648586e-06,-0.00011442524,0.00013935398,6.1937944e-05,-3.8424917e-05,-3.1012458e-05,9.2974724e-05,-1.0385094e-05,1.1373408e-05,9.6347627e-05,0.00014558694,-0.00021761198,0.00038427285,-0.00017727328,7.2360028e-05,1.8323915e-05,0.00013365601,-0.00010068225,1.4124247e-05,3.7532095e-05,-0.00011363713,0.00021125859,-0.00028865581,-0.00072620512,0.00029993793,-0.00010228962,0.00025780858,0.00058371347,-0.0014681866,0.00042262977,-0.0011125852,0.0002738467,-0.00053150842,-0.00010772103,0.00041912677,0.00025158633,-0.00030945158,-7.5202363e-05,-0.0001553147,3.6187623e-06,-0.00031771382,-0.0044498087,0.0011237535,-0.00023582535,8.1392488e-05,0.00011354051,-7.0736762e-05,-3.9681579e-05,0.000110028,-0.00032759556,0.00024489861,-6.4135223e-05,4.6305994e-05,0.0004729879,-0.00015308123,1.6731823e-05,4.4364412e-05,0.00015260847,-0.00091027582,-0.00051707003,0.00051225204,0.00040955016,0.0002418465,-5.7531058e-06,0.00056009352,0.0086112557,-0.0019157018,0.00038007838,-0.00013516891,-2.6574426e-05,0.00032358417,4.7582441e-05,8.4812519e-05,0.00060680653,-0.00042273109,0.0001391379,-4.0574524e-05,-0.00063173907,0.00021964849,-1.0073252e-05,-0.00010527937,0.0017463957,0.00051855557,0.00019670138,-7.623226e-05,0.0001656381,-3.1603919e-05,0.00017089709,-9.6453709e-05,-5.511806e-06,0.00031022907,-0.0018411993,0.00040886126,0.00010760143,2.8853751e-05,1.5545718e-05,-0.00011960268,0.00017846764,-0.0002326053,-0.00024956341,-0.00025503153,1.210082e-05,-0.00039711785,-9.842818e-05,0.00011210725,-1.6617999e-05,2.1500544e-05,-0.001892169,0.0034726102,-0.00026473336,-0.00077474556,0.00034706772,-0.00042261077,0.00016793173,-0.00062574509,-0.00042055781,-3.7168357e-05,0.00026628653,1.2199129e-05,-0.00059568469,0.0032677832,0.00061525939,-0.00021662092,-0.00010374066,4.4228518e-05,0.00042145296,-0.00046369045,7.3468038e-05,0.00011320963,0.00054239039,8.094015e-05,0.0011861356,0.00019505372,-0.0005639603,0.00026480822,-6.2265233e-05,2.6306278e-05,-1.3532704e-05,-8.8005358e-06,2.7417834e-05,-2.8796726e-05,-5.8074576e-05,1.0727968e-05,-0.00022316643,0.0001340675,-0.00017533287,0.00014081454,4.2267641e-06,1.9723642e-05,-1.6074807e-05,3.3697328e-05,2.1825502e-05,-0.00010536839,-0.00012592989,-0.00026962647,-3.6986551e-05,-1.4991012e-06,-1.1673808e-05,-2.7201279e-06,-2.9998099e-06,-3.4776331e-05,0.00044982686,-0.00012840423,9.4316278e-05,0.00035679955,0.00021912051,1.4650418e-06,0.00046188712,-0.0012830605,0.00085421805,-0.0004846532,2.3383354e-05,-0.00027971855,-0.00021001523,-0.00027298347,-0.00039503926,-6.3231594e-05,0.00035202976,0.00030013606,0.00046164053,-0.00026350747,-0.00018945186,1.3234482e-05,3.6779596e-05,0.0012854062,-0.0015704124,0.0014676568,-0.00042747675,0.0001000389,0.00030416852,-0.00036975145,0.00063955283,-0.00031910485,0.000435742,-0.00043773932,-0.00011795075,0.0002388036,-0.00070017611
"73",0.00081885232,-0.01015608,0.0020103259,0.003314465,-0.00070026658,0.00077362911,-0.0012299486,-0.00039523688,3.5384269e-06,-0.00020923762,0.00018671734,-7.4530653e-07,-1.4402005e-05,0.00026319054,9.1674925e-05,-0.0001680262,-6.2588176e-05,0.00016973163,-0.0012403329,0.00019731882,-3.3722627e-05,0.00027597864,-0.00022473242,-0.00013405043,-0.00032394178,-0.00014463036,0.0014268042,-0.00013340897,0.00030638663,-0.0010216604,9.6929635e-05,0.00059068807,-0.00031082409,0.0037441597,-0.0046758718,-0.00074135248,0.0042012383,-0.00043347708,0.00074582685,-0.00036991519,-0.0017411282,-0.00093037811,0.00087894913,0.00044649531,-0.00025609522,-6.7974772e-05,-0.00089436059,0.0010172232,-0.032473062,-0.0010660926,-0.00046976049,0.0001800303,-0.00091618244,-0.00062724429,-0.0003795996,0.0010520611,-0.0019537984,-4.3342504e-05,0.00028018138,-0.00059165192,0.0010947125,0.00028771245,-8.1654425e-05,0.00065327346,0.0030121552,0.0018294522,-0.00098593535,-0.00085269842,0.00041588249,6.1589396e-05,0.0013260541,-0.0019157018,0.11941526,0.0020973859,0.00078317199,-0.00032269267,0.0011004525,0.0010358652,0.00026889195,-0.0022637498,0.0030293751,-0.00012155167,-0.00088865621,0.00075096735,-0.0014311372,-0.00065874898,0.00017964155,-0.0055205254,-0.00093473673,-0.00087114971,0.00023906158,-0.00012734307,0.00012523572,-0.00014245462,5.0372532e-05,2.5705278e-05,-0.0014244717,0.0011085297,-0.015493272,-0.00032056301,-9.1303515e-06,6.4785585e-05,-0.00017408941,-0.00019281089,0.00083068709,0.0011027188,0.00083495805,-0.00024438457,0.0015970367,0.00046238414,-0.00028543846,0.00025587118,-2.7798538e-05,0.0059674518,-0.014758453,-0.00099809233,0.0013089401,0.00036128336,0.0013902622,-0.00072045271,0.00091638282,0.0014052288,-1.1411734e-05,-0.00048601635,-3.4475284e-05,0.0024480932,-0.001422736,0.044933891,0.00056239985,0.00011897131,-0.00044553141,0.0001153119,0.0018282033,-0.0017490752,-0.0010281905,-0.002427293,0.00016469745,-0.0039626482,-0.0014920063,0.0023198447,-0.0011647242,0.00012986738,0.00028201383,-0.00042064662,7.3147723e-05,-0.00016172211,-0.0001120735,6.7664592e-05,-1.7481244e-05,3.0092215e-06,-0.00018653469,0.02407153,-0.001272382,1.469436e-05,0.00039379384,0.00017711421,-6.1129939e-05,-0.00039956943,6.9434581e-05,0.0003126239,0.0009122015,-0.00018237772,0.00045310798,2.9633108e-05,0.00013103842,-2.1535551e-05,-0.00087789894,0.00050516425,-0.00021410965,2.972127e-05,-0.0005278265,-0.00016676882,1.129517e-05,0.00078580259,0.00051563562,-0.067317663,0.002444405,-2.9277124e-05,-0.0010984573,0.0002627646,0.00024938252,0.0010596566,0.00048545462,-0.00041630792,-8.3608274e-05,0.00050104445,-0.00037536355,-0.00021074486,-0.00033048763,1.2844661e-07,-0.0035238907,0.0044170868,-0.0042041444,0.0013431031,-0.00026490112,-0.00011499874,0.00098517041,-0.0018500515,0.00081523716,-0.0019058062,0.0026834218,-0.00032287241,9.9677243e-05,0.0003517514
"74",-0.0013935883,-0.00066515716,-0.0034869082,-9.0190103e-05,-0.0001293906,-3.390873e-05,0.00082739464,-0.00032505185,-2.8971734e-05,-4.0205006e-05,1.4515123e-05,-3.2571984e-05,-1.2152761e-05,4.989744e-05,-0.00018632487,3.7817534e-06,0.0001243139,-0.00025179873,-2.1127255e-05,-1.754863e-06,8.1222697e-05,8.8570613e-05,-8.5768256e-05,1.1556175e-05,1.0789122e-05,-2.9887912e-05,-0.00020893854,0.00025956989,-0.00043881033,0.00071585093,4.4822349e-05,-0.00014900803,0.00074996072,0.00034803057,0.00037361127,-0.00044097921,0.00078684065,-4.6700893e-05,0.00057480396,0.00011113422,-0.0001497211,0.00019000279,-1.6091637e-06,3.9326126e-05,0.00014018527,3.6812524e-05,0.00015800752,-0.00029310718,-0.00073477713,-0.0034253257,-1.0927986e-05,0.00013589081,4.6451601e-05,4.4315383e-05,9.5632669e-05,-0.00083522421,-3.6555878e-05,-7.6285159e-05,8.6373413e-06,6.2351681e-05,-0.00035401215,0.000193024,-1.0100967e-05,-0.00018279805,0.00023330805,-0.00030305397,0.00023841357,6.0246245e-05,-0.00037432159,-7.5094958e-05,-0.00024154929,0.00038007838,0.0020973859,0.0079443558,3.1616998e-06,-0.00042158611,-0.00017365966,-0.00010709474,-0.00023458733,0.0015610571,-0.00012580375,0.00017030829,-0.00030932643,-0.00041742508,0.00066030866,-0.00054225398,2.2268811e-05,-2.7981227e-06,5.9090596e-05,-2.1258033e-05,1.1972417e-07,0.00013201059,1.0130782e-05,-0.00012776544,8.6710379e-05,2.3787463e-05,0.0002274252,3.7768949e-06,0.000756761,-0.0013173783,8.799729e-06,8.3214988e-05,0.00011236512,5.7400947e-05,6.2017403e-05,-0.00022405316,-5.4695907e-05,-3.9689321e-05,7.3556081e-06,0.00018354188,0.0001320505,0.00012426433,-9.5316518e-06,-0.00041495361,-0.00099864233,-0.00019390624,-0.00028609507,-0.00017443246,-0.00011662007,-8.979153e-06,-0.00016602418,4.8267702e-05,6.6401992e-05,-0.00020618846,3.3383216e-06,-0.00040870655,-1.6967681e-05,-0.0013824501,0.0018946414,1.3840088e-05,-0.00014067843,-0.00025908715,0.00022525107,4.3191171e-05,0.00051596152,0.00011040048,-4.1010249e-05,-0.00011028818,-6.1741161e-05,-0.00014185785,-0.00023090344,1.4888987e-05,8.1983305e-05,-8.7029848e-06,-0.00011833423,-1.9718218e-06,-9.9431636e-05,1.6164532e-05,1.0322017e-05,8.3720574e-05,0.00022893936,0.00033314799,-0.00055164271,-1.2009769e-05,1.7363904e-06,0.00018989192,7.091781e-05,-3.652978e-05,-0.00014975811,3.7453027e-05,0.00010028139,5.452656e-05,-9.377318e-05,-5.3366546e-05,3.6305026e-05,-8.1383233e-06,-0.00031141624,0.00028123265,0.0002883234,-0.00054721591,7.075395e-05,-0.00013478557,-8.2496297e-06,-0.00036884107,-0.00070018282,-0.00055387117,0.0021429032,-0.00011108292,0.00020335797,-0.00040286619,4.5075995e-05,0.00034007126,0.00042829814,-0.00020640009,-9.2979897e-05,-0.00028656742,-0.00027399293,0.00012421621,-0.00021518739,1.5029966e-05,-0.00014751077,0.00025997452,-0.00015726068,6.2393205e-05,-1.7024671e-05,0.00021418456,5.244599e-05,-4.6291417e-05,-5.6698618e-05,6.8818401e-05,-0.00053359473,0.00022974063,0.0003957072,-0.0028549832
"75",0.0005505631,-0.00076381447,-0.00092195324,0.00063485288,-0.00012370107,5.9133427e-05,0.00023203587,3.3614225e-05,1.6020098e-05,1.5949163e-05,2.6548845e-05,1.7185579e-05,-6.8342918e-06,-1.085487e-05,-1.4839922e-05,1.8968878e-05,-2.91609e-05,4.8517098e-05,-0.00029906129,5.0338551e-05,-6.0943997e-05,1.318657e-05,-2.4290067e-05,-3.4647349e-05,1.6515366e-05,-2.5300377e-05,3.0235091e-05,-0.00014849281,0.0001193065,-0.00011157374,-7.067765e-05,1.2796744e-05,-4.3291611e-05,0.0006158505,-0.0010668617,0.00014976132,0.00027766047,0.00015394697,-0.00026733101,-1.4287303e-05,-2.6450986e-05,-0.00017802392,5.7432936e-05,0.00018394532,1.7723833e-07,8.5770908e-06,-0.00010285157,0.00013505135,-0.00057616431,-2.3313064e-05,-0.00031706551,5.1658631e-05,-1.2599124e-05,1.6154575e-05,-6.6677977e-06,0.00016980833,-0.00013733988,-4.7437916e-05,0.0001135996,-1.6951366e-05,-0.0001137373,5.7690997e-06,-6.6955509e-06,-7.9008026e-06,4.7391044e-05,0.00029495705,-3.5357455e-05,-0.00027610693,-8.9396512e-07,-2.0634202e-05,0.00013112999,-0.00013516891,0.00078317199,3.1616998e-06,0.00062361914,-9.3988366e-05,1.0740745e-05,-9.8370354e-05,-9.8780369e-05,-0.00034497372,0.00023405421,8.0356067e-05,-0.00016127163,5.3155595e-05,0.00023764174,-8.7869077e-06,1.1207517e-05,-0.0007988923,-2.4612234e-05,-0.00010339667,7.0536062e-05,-7.1367295e-05,-1.2475625e-05,-5.5875256e-06,-8.3723828e-06,5.9476734e-06,-0.00026272662,0.00016480498,-0.00022395043,-6.7558412e-05,-0.00011257995,4.1933564e-05,-1.4850846e-05,-1.9507682e-05,0.00013662639,0.00013795448,0.00012901905,-4.7709267e-05,0.00029009393,0.0001548446,-0.00012637893,1.2133792e-05,-5.1057617e-07,0.0010159881,-0.0022265965,0.00039428755,5.9678694e-05,0.00011929607,0.0002517271,-0.00011892994,0.00021310493,0.00026099422,-0.00016489505,-4.1686276e-05,-1.8894095e-05,0.00044030636,-0.00026738211,-0.00051827996,0.00012800492,0.00022303365,-0.00011465226,-4.3873434e-05,-5.5924853e-05,-0.00023300003,-6.9742447e-07,-0.00043727094,-4.795446e-05,-0.00064859174,-0.00038904282,0.00041769331,-0.00017204824,1.5930245e-05,-2.135569e-05,-2.0250906e-06,-3.5506852e-05,-9.3333452e-06,-1.4902773e-05,-2.5874755e-05,2.8201907e-06,1.0798641e-05,3.1718607e-06,7.6984145e-05,6.8569823e-06,-2.8877697e-05,7.5046689e-06,9.3286063e-06,-2.7812109e-06,8.3846873e-06,-2.2563754e-05,2.9961353e-05,3.6354263e-05,-6.5096692e-06,0.00010535909,-1.9175476e-05,-5.1752695e-05,-6.7432806e-07,2.8427178e-05,-6.8085223e-05,-1.3403744e-05,3.6718583e-05,-9.5336829e-05,4.6084761e-05,-9.0942192e-06,8.4775955e-05,-1.3496257e-05,-0.00020219598,-0.00011427252,4.0792548e-05,-2.6322346e-05,4.3625029e-05,-4.3609021e-06,1.1158385e-05,8.3898488e-05,2.7319882e-05,3.2029908e-06,1.5586183e-05,-9.5269139e-05,-4.3428074e-05,0.00012018927,-3.6634124e-06,-0.00049874847,0.00064788947,-0.00079141162,0.00021304882,-9.3497756e-05,-0.00022859163,0.00027203948,-0.00039655694,8.4314624e-05,-0.00043215584,0.0006924717,-9.1570762e-05,-5.3371809e-05,0.00030749831
"76",0.00051607997,2.0556367e-05,0.00077582522,9.1080896e-05,-4.742916e-05,1.456199e-05,-0.00010022298,0.00013013386,-3.1992818e-05,-1.0716047e-05,2.3763068e-07,-1.9030458e-06,4.0315226e-06,-1.1163517e-05,2.377031e-06,-1.0808609e-05,-2.183561e-05,-3.6582552e-05,-5.6112391e-05,1.0842828e-05,5.3594857e-05,-1.0411543e-05,8.4234319e-06,3.5527722e-05,-2.1384098e-05,-8.2871917e-06,4.3069695e-05,-1.4299492e-05,-3.5249633e-06,-6.0148283e-05,-2.7714989e-05,4.1971793e-05,-4.5679036e-05,0.00024211104,-0.0007070571,8.0074596e-05,-0.00012918991,1.7627684e-05,-0.00021792127,0.00016889677,6.2750132e-05,0.00010752505,-8.4688603e-05,-0.00013860392,-3.1045197e-05,2.3357763e-06,9.7957471e-05,8.6360349e-05,0.00025548254,0.00014675982,5.868291e-05,-0.0003444912,-0.00015480067,-1.3605756e-06,1.5502304e-05,7.134104e-05,-2.4149582e-05,-5.7880281e-05,-5.8390787e-05,-3.7370269e-05,-0.00027498596,4.8282959e-07,1.7140278e-05,-0.00030166503,-9.3235036e-05,-0.000179813,0.00013001591,0.00025515115,6.0105033e-05,1.3363955e-06,-0.00014530619,-2.6574426e-05,-0.00032269267,-0.00042158611,-9.3988366e-05,0.00060956031,0.00034104097,3.4211483e-05,4.2340763e-05,-8.1560538e-05,0.00010699945,0.00011257197,0.0001695336,0.00010089162,0.0004274186,3.0423597e-05,-3.5138348e-05,-0.00011630793,-1.9314288e-05,5.0106492e-05,-2.5581452e-05,2.5076522e-05,-4.4598734e-05,-4.6661405e-05,-1.7162532e-05,2.5027658e-06,1.0558671e-06,8.1159539e-05,-0.00014522146,5.7647211e-05,1.4649142e-05,-0.00010425142,-6.7649022e-05,1.0286555e-05,3.4392917e-05,4.584061e-05,3.2463532e-05,-1.8814615e-05,6.2392988e-06,5.119302e-06,-0.00010854482,-3.9467293e-06,8.8330255e-06,-2.7606778e-05,0.00022938782,-0.0001419213,4.8254201e-05,-2.9393294e-05,-0.00015055003,0.00011628651,-9.7722186e-05,4.1882402e-05,8.9987741e-05,2.9923265e-05,-1.7982648e-06,-0.0001271591,-8.4858778e-05,0.00035765137,-0.00019015804,-4.2979106e-05,0.00017829064,8.4556418e-05,-4.838222e-06,-8.2601234e-05,-0.00010463982,1.7332942e-05,7.3218768e-05,0.00014645294,1.350175e-05,0.00016685122,5.290678e-05,-1.3988049e-05,-1.7197069e-05,7.8803635e-06,2.2714036e-05,-3.575983e-05,-1.3456345e-05,-7.2340073e-06,-1.9850596e-06,1.1524675e-05,-1.2062759e-05,0.00026086392,4.6050924e-05,1.1981841e-05,-1.6795694e-05,4.2147611e-05,-3.35223e-05,1.0134199e-06,3.611051e-05,-3.6033709e-05,-3.2556023e-05,1.1046932e-05,-3.7642721e-05,1.1146033e-05,-6.6709923e-06,-2.7672756e-06,1.6906883e-05,3.8459555e-05,-3.573241e-05,0.00015627368,9.0813148e-05,1.9526963e-05,2.0927077e-06,1.3371694e-05,-0.00020846953,-0.0010282128,-4.7062337e-06,-2.1444479e-05,0.00010574718,-6.5406599e-05,1.5873498e-05,3.3708584e-05,-4.3774069e-05,4.2663807e-05,3.965966e-05,-2.7909855e-05,5.5857214e-06,0.0001371385,2.1707337e-05,4.8032959e-06,-0.00011148566,0.00013316457,-0.00022786313,3.0146237e-05,1.3947736e-05,8.4413656e-05,4.7003813e-05,-4.4138937e-05,-7.3848894e-05,-9.0909688e-05,0.00010872783,2.2052632e-06,0.00011194361,-0.00018511094
"77",0.00044701155,-0.0011764035,0.0014284169,0.00029124043,-4.1745726e-05,5.2812239e-05,-0.00034234768,-1.4450216e-05,-4.9608959e-05,-8.2121529e-05,-8.9980987e-06,-8.1488016e-06,3.6826265e-05,-3.910346e-05,4.3165382e-05,6.0316443e-06,-8.6818761e-05,-2.3689555e-05,-0.00018447775,1.2137097e-05,6.8261088e-05,-9.6294042e-06,1.5609622e-05,-0.00017690636,-2.7093668e-06,-5.9099865e-05,-1.8500076e-05,0.00014578061,3.4576557e-07,0.00031512195,-7.3731475e-05,-7.6539938e-06,-0.00026154517,0.0006631345,-0.0016757678,0.00017843821,0.00024351317,-3.0348987e-05,0.00019685579,0.00012656493,-0.00029809709,0.00020379863,0.00023292845,0.00030410373,-9.1161322e-05,1.1265907e-05,0.00015549738,-0.00012917948,-0.00072631648,3.123812e-06,1.9953502e-06,-0.00014606589,-0.0018851803,2.7856941e-05,9.1861881e-05,-0.00016023341,-5.0159373e-05,6.2463446e-05,3.4082257e-05,8.9724799e-05,0.00055189426,9.9304611e-06,5.1045507e-05,-0.0002376459,0.00043591194,-0.00034914878,-0.00039400733,-0.00030587227,0.00021321128,-2.0782032e-05,-0.00015024338,0.00032358417,0.0011004525,-0.00017365966,1.0740745e-05,0.00034104097,0.0034097676,1.3512488e-05,-7.9913696e-05,0.00041029771,0.00013081645,-0.00011386187,-9.900644e-05,-0.0001217166,-0.00089092118,-4.9931837e-05,-9.2852421e-05,-0.00031757478,0.00013960225,6.3762665e-05,-3.9744755e-05,0.00018354704,8.8335119e-05,0.00011523055,-7.122905e-05,9.7440381e-06,-4.7209072e-05,-5.9281234e-05,-0.00037145185,5.7784904e-05,-2.4722573e-05,-5.2841791e-05,-0.00069807052,-6.0497215e-05,0.00012343088,-2.8503999e-05,0.00013491435,-2.225914e-05,5.1710549e-05,8.0985575e-05,0.00020309455,2.8887624e-05,2.5129499e-05,-0.00011510917,-1.4466392e-05,-0.00070936791,-0.00024417415,0.00011406891,-0.00021379251,1.2559824e-05,-0.00030589584,-0.00021570947,-7.138491e-05,0.00011418652,-1.8454745e-05,-2.9114665e-05,0.0002994029,0.00074012098,-0.00031409599,-4.0009807e-05,4.1045171e-05,0.0010228222,0.00036047014,-0.00032491502,-0.00020154988,-0.00021670273,5.4103505e-05,9.2674229e-05,-6.9891197e-05,-0.0003543727,0.00017291623,-3.7518391e-05,-2.7820533e-05,1.1725729e-05,2.9282985e-05,-4.222283e-05,3.5698059e-06,-4.2986085e-06,8.1958953e-06,-0.00014715806,3.4505969e-05,0.0001380257,0.00018193244,-2.0398673e-05,3.3483023e-05,-7.336453e-06,4.5119092e-05,1.3131886e-05,-4.1780598e-06,4.0752487e-05,-4.6523622e-05,7.1994042e-05,8.0629769e-06,2.1722778e-05,-8.1418562e-05,-4.8056881e-06,3.4456116e-05,-0.00013571194,5.1976103e-06,4.6224906e-05,-2.2859241e-05,-5.2927576e-05,7.3400553e-07,0.00017407968,-0.00011730536,-0.00052256808,-0.00038365596,2.3456455e-05,-7.7841318e-05,-3.1534589e-05,-0.00027401718,-1.1122453e-05,-0.0001352654,2.6992536e-05,3.4535806e-05,-0.00018267127,-0.00020285779,7.0750487e-05,0.00015635741,2.0097369e-05,-0.0004013792,0.00046037628,-0.00043242313,6.934394e-05,4.4086164e-05,0.00034022618,0.00021456782,-0.00021772755,2.3082299e-05,-0.00029421741,0.00047751461,-2.2397959e-05,-0.00012994848,7.6170789e-05
"78",-0.00087350978,-0.00019863606,0.0016543198,-0.00037137563,6.4526503e-05,2.4798583e-05,-0.00054269131,-0.00025143105,0.00010508294,-5.0742607e-05,-1.5243015e-06,1.7827256e-06,-8.1107029e-05,-3.0049091e-05,0.00014686283,-4.2029204e-05,7.1584013e-05,-3.9401406e-05,0.00020159765,-5.4331474e-05,-2.8225259e-05,-4.1842974e-06,-4.4005529e-05,9.7808438e-05,-7.6653546e-05,2.7907475e-05,0.00012887404,0.00019460182,-0.00012651492,0.00016370899,0.00014674339,-2.6774586e-05,-0.0005766568,0.0012974554,-0.0022817824,0.00042799792,0.00054018208,8.1980178e-05,-0.00043222563,-8.4830687e-05,-0.00017613445,-1.9165607e-05,-2.8904998e-05,-0.0002612464,-4.7083324e-05,1.843198e-06,-8.1525878e-06,-0.00012057644,-0.00059358415,7.6343729e-05,1.7736883e-05,5.8562985e-06,-3.3672555e-05,-0.0020419447,-0.0011400564,9.2073162e-06,-0.00013871121,0.00010251254,-9.0969494e-06,-4.7234145e-06,0.00027600231,0.00010425431,-3.6120224e-06,0.00016717683,0.00044552629,-2.9561104e-05,0.00011139787,0.00036443245,7.5596075e-05,-1.5739459e-05,2.1115708e-05,4.7582441e-05,0.0010358652,-0.00010709474,-9.8370354e-05,3.4211483e-05,1.3512488e-05,0.0040339639,0.0021602673,3.2788598e-05,6.6194957e-05,-0.00038445506,-0.0001506494,9.3001574e-05,-0.00032307669,-0.00031227232,1.9146383e-05,-0.00013051256,-0.00022014293,-2.6332718e-05,-1.4236679e-05,-0.00012232677,-5.2142674e-05,-6.8526734e-05,1.8363538e-06,-1.9871682e-06,-3.1263326e-05,8.0500874e-05,9.1051561e-05,4.4516089e-05,3.0521942e-05,3.2651635e-06,-7.1640512e-05,-0.00070253682,-0.00038861478,1.3291473e-05,-7.4146598e-05,-2.6424125e-05,3.0796291e-05,-8.4575576e-05,0.00014012604,8.923511e-05,2.1039454e-06,0.00076534399,-0.0018975215,-0.00031623793,-1.168544e-05,-1.2351485e-05,0.00010064864,-0.0001482593,0.00010646726,0.0005054208,0.00023462627,-0.00012117899,-5.7625815e-06,0.00025988506,-0.00031713096,-0.00059149956,5.8470981e-05,-8.7407807e-05,-0.00010431773,-1.2436707e-06,0.001234646,0.00031169771,-0.00024938027,-0.00035296395,-1.6487169e-05,-0.00036930827,-8.6946369e-05,3.4491772e-05,-0.0001401361,9.9435051e-06,7.4222952e-06,-4.6841443e-05,0.00015873224,5.6443011e-05,7.6434704e-05,-3.9906041e-05,1.4230219e-05,-3.5993571e-05,2.3801392e-05,-0.00019236392,-4.7002365e-05,-1.2940101e-05,-8.7745067e-06,-1.1806672e-06,-0.00018297411,-7.1349162e-05,-8.5647193e-05,-8.3214248e-05,7.449255e-05,3.7955783e-05,3.1865405e-05,5.684748e-05,5.0712049e-05,4.8395006e-06,-3.1167443e-05,0.00014574074,-0.00014047995,3.800138e-05,9.6077459e-05,0.0001017685,-1.5482403e-05,0.00025587625,-7.9737719e-06,0.0003071192,-0.00012048354,8.4219898e-05,3.7012794e-05,-0.00011875518,0.00019402295,-8.5052411e-05,-4.5539389e-05,5.277861e-05,-9.2470701e-05,5.9760726e-05,-9.1284182e-05,0.0001372223,-0.00014632279,5.3692996e-06,0.00035141201,-0.00047014891,0.000796477,-1.2713651e-06,1.7017879e-05,4.6862178e-05,-0.00025044508,0.00030257796,6.5863616e-05,0.00043886685,-0.00060838043,3.9622154e-05,-0.0001900647,0.00045089642
"79",0.00087990444,0.00090470349,0.0023538702,7.7054515e-05,-4.2600082e-05,-6.2822484e-05,-0.00048732978,0.00017189361,7.3348496e-05,-2.0753102e-05,7.9006442e-06,3.7122004e-05,-4.2026582e-05,-1.2010848e-05,6.7333271e-05,-3.9833149e-05,2.6101704e-05,-6.4699247e-05,8.1872809e-05,-0.000127276,0.00028268944,1.6402559e-05,8.004486e-06,-6.629917e-05,-8.4280626e-05,3.5163625e-05,2.3617717e-05,-2.1672003e-05,-0.00016233517,-0.00050900059,0.00017829751,-4.8782994e-05,0.00031520294,0.0010885239,-0.0021444525,0.00021122269,0.00045203034,-3.0369259e-05,-0.00013869087,7.6464335e-05,-6.1708496e-05,-0.00020347602,-0.00018894636,-0.00035094463,-2.5888496e-05,8.5656233e-06,-0.00014485381,-2.2700089e-05,2.2534806e-05,0.00012855175,-8.5137868e-06,3.3055026e-05,0.00010750132,-0.0011545739,-0.0018778901,0.00014595969,-5.2418595e-05,6.8911157e-05,0.00016872234,7.7380927e-05,0.00012489392,-3.0606022e-05,3.7087658e-06,-0.000170692,0.00010559783,0.00014320396,0.00017899205,0.00039170555,4.6650285e-05,-9.6691872e-06,9.4169593e-05,8.4812519e-05,0.00026889195,-0.00023458733,-9.8780369e-05,4.2340763e-05,-7.9913696e-05,0.0021602673,0.0035871413,-0.00022182467,0.00020930026,-0.0001296827,-0.00025585767,2.2222833e-05,-0.00032058109,0.00011906686,-1.274572e-05,-2.084662e-05,0.0004488968,7.5391314e-05,1.8015338e-05,-3.4543063e-05,-0.000129183,-9.1674872e-05,5.0098874e-06,-2.6511577e-07,-2.0664737e-05,-7.0735178e-06,-0.00016423196,7.3535062e-05,-7.4224806e-06,2.6479704e-05,5.120402e-05,-0.00040547901,-0.00070144765,9.2352201e-05,-3.8426011e-05,1.4836827e-05,8.8090389e-05,-8.2534104e-05,0.00011674047,2.7294405e-05,1.0464152e-05,0.00027495718,-0.0010880524,-0.00012179621,-0.00080927373,0.00047864745,-0.00016303982,-3.5016696e-05,-2.1290893e-06,0.00042770007,0.0002362697,-6.9760414e-05,-7.6720058e-06,-6.4822952e-05,-0.00033436806,0.00044879764,-0.0001178617,4.7084412e-07,-0.00010008998,-0.00022111483,0.00074487202,0.00093018821,-0.0003827306,-0.0001508351,-0.00013861655,-0.00019281472,-2.1257607e-06,-0.00014065172,-3.0488747e-05,-3.5800011e-06,7.5429666e-05,-5.6846948e-05,0.00011797113,7.2074794e-05,0.00013274008,2.2887333e-05,3.3140993e-06,-8.2972138e-05,8.1391589e-05,-0.00027995436,-5.3589703e-05,5.7488787e-06,-4.7359165e-06,-2.3027418e-05,-6.9220264e-05,-0.00013310428,-7.7154668e-05,-8.4156933e-05,-1.8391859e-05,-7.8743253e-06,-7.1951908e-05,-1.5439143e-05,7.350796e-05,4.3160235e-06,-0.00035755672,0.00018440721,2.8229454e-05,-5.3573167e-05,9.5203282e-05,-4.2041126e-05,9.1435038e-07,4.96998e-05,-0.00027550106,0.00028235385,0.000265736,1.5315959e-05,7.7384575e-05,-3.812525e-05,-4.7585497e-05,4.6088368e-06,0.00019160752,5.2913894e-05,-4.982143e-05,0.00021584757,-2.7990688e-06,0.0002471557,-0.00016308453,1.1903828e-05,0.00017886457,-0.00024156437,0.00014416466,6.6427806e-05,-4.0614153e-06,3.0910795e-05,-4.1440847e-05,7.6563373e-05,4.4746605e-05,8.1757106e-06,-4.8026124e-05,-0.00014564453,-0.00013232558,-1.0477407e-06
"80",-0.0024924646,0.0027959862,0.00079143601,-0.002255292,0.00048963339,-0.00026289768,-0.00051445281,-0.00028438514,0.00013202971,6.1569045e-05,-0.0001519132,-3.6566074e-05,8.3549106e-05,-4.8628338e-05,6.895363e-05,6.8618928e-05,0.00013963262,-0.00019416074,0.00098455695,-0.0001298572,-6.6653629e-05,-6.9089399e-05,6.1473139e-05,1.8411647e-06,4.7615621e-05,6.9253194e-06,-0.00054088018,0.000387342,-6.2836139e-05,0.00021337337,0.00021904325,-0.00016356657,-0.00018864736,0.0020081571,-0.0040493758,0.001153035,-0.0026102358,0.00010791145,-0.00027827592,0.00014984477,0.00020434451,0.00012861397,-3.5800777e-05,-0.00016167309,-6.7337497e-05,2.0972216e-06,0.00021800074,-0.00045618952,0.0012509403,-0.000706986,0.0001726523,8.7100408e-05,-0.00010062287,1.3381334e-05,0.0001632044,-0.003163302,0.00034443691,0.00010415565,-8.7894726e-05,6.3145914e-05,-5.5683162e-05,-4.7788331e-07,6.6113128e-05,-0.0003305671,-0.00044603363,-0.00027577447,4.3835769e-05,0.0005638187,0.00012402101,-9.0480764e-06,-0.00026987576,0.00060680653,-0.0022637498,0.0015610571,-0.00034497372,-8.1560538e-05,0.00041029771,3.2788598e-05,-0.00022182467,0.0061551369,-0.00068511731,-0.00013240494,0.00017545399,-9.0603277e-05,4.4699629e-05,3.7434722e-05,-0.00013169967,0.0025174664,-0.00025940934,0.00043515761,-0.00013617002,3.3413797e-05,0.00011422959,0.00012762847,-4.7198167e-05,-3.0174908e-06,0.00060201989,-0.00041556212,0.00068403378,-8.580444e-06,2.3606647e-05,-5.7651846e-05,-6.3231276e-05,0.00012322922,-0.00031593617,-0.0014630257,-0.00050027949,5.3420983e-05,-0.00075485947,-0.00041760802,0.00030442538,-6.9217042e-05,2.4263809e-05,-0.0019496812,0.004952048,0.00039489257,0.00015059954,-0.00084018066,-0.00042610938,0.00017553766,-8.9105419e-05,-0.00073033062,-0.00014446487,0.00013856684,2.0815087e-05,-0.00079930608,0.00047965109,0.00019258492,0.0004110067,-4.682633e-05,0.0001470084,5.8101314e-05,-0.0006395342,0.00032057263,0.0016975677,0.0010192953,0.00021887077,0.0013318293,0.00094627305,-0.0007736601,0.00028078695,-5.2144652e-05,3.5811846e-05,-1.9757181e-05,1.2656224e-05,0.0001776377,0.00017546719,-4.4508977e-05,2.0776763e-05,-0.0002648684,-6.0429987e-05,-1.8163485e-05,-4.6797696e-05,-2.249574e-05,4.0502341e-05,-0.00010439012,-0.00016856384,-0.00012922177,-0.00013704025,5.5315067e-05,-0.00015359079,0.00011498303,-9.1173797e-05,8.3975472e-05,-3.0631568e-05,5.9376976e-06,2.8795754e-05,0.00013058709,0.00011839038,-0.00014301621,-8.9635198e-05,8.6066767e-05,-9.2987708e-06,4.43844e-05,0.00012306676,3.0681255e-05,0.00014209299,4.8988041e-05,-1.7997457e-05,-0.00014399849,0.00018785481,8.0767044e-05,5.0157781e-05,-0.00016887994,-0.0003196147,-0.00044322902,-0.00017460137,1.9745599e-05,4.5978771e-05,1.7328343e-05,0.0019191515,-0.0024558854,0.0029216423,-0.00070087146,0.00013696904,-9.6093697e-05,-0.00087190042,0.0013913632,-0.00018915314,0.0015731971,-0.0022233742,0.00044174229,-0.00024116102,-2.4505598e-05
"81",0.0019700611,-0.0016021161,-0.00076740457,0.0011843592,-0.00029996927,0.00015234109,0.00031945849,0.00029435832,-2.2473992e-05,-1.1603251e-05,0.00011223582,5.8612764e-05,1.9593757e-06,5.241545e-05,-5.6484914e-05,4.7752621e-05,-0.00018738409,0.0001042792,-0.00073935871,0.00012386814,-4.4766965e-05,6.6138976e-05,-2.1099115e-05,-0.00014373799,7.1117745e-05,-3.1015045e-05,0.00018347308,-0.00038997435,0.00015065697,-0.00031048085,-7.9365528e-05,7.9135405e-05,1.7020432e-05,0.0010365268,-0.0018390564,0.00029686299,0.00015066851,0.00019730553,-0.00020744419,-9.1129802e-05,4.8624215e-06,-0.00034935955,-9.1700696e-05,-0.00014837951,3.7970795e-05,-7.1957352e-07,-0.00033944204,0.0002110025,-0.0013816879,-2.9662843e-05,-0.00013070619,-5.1243495e-05,-7.5205967e-05,-0.00010382336,-0.00013246758,0.00031947636,-0.0021664326,-0.00068206196,0.00048587058,-2.0389202e-05,-1.8817314e-05,-1.0171695e-05,-1.4998109e-05,0.00012926078,0.00012879958,0.00055960722,7.9477682e-05,0.00017163243,-2.1566063e-06,-1.8891341e-06,0.00074552473,-0.00042273109,0.0030293751,-0.00012580375,0.00023405421,0.00010699945,0.00013081645,6.6194957e-05,0.00020930026,-0.00068511731,0.003987702,0.001274597,-0.00082424189,8.9143576e-05,-5.7216848e-05,0.0001163513,8.6152948e-06,-0.0012647919,0.0001520473,-0.00019789746,0.00015874303,-0.00019722494,-0.00017595693,-0.00023839353,8.1339058e-06,9.593322e-06,-0.00053333413,0.00028365765,-0.00029294179,-0.00011245375,-3.7114096e-05,2.9339751e-05,3.344826e-05,-0.00016048748,0.00014676033,0.00024116592,-0.00055001079,-0.00027854659,0.00050390127,0.0002026988,-0.00024566,-1.4045777e-05,-2.2131886e-07,0.0007998786,-0.0021052261,-0.00010271396,2.0538505e-05,0.0005512222,0.0001837701,-0.00020305141,0.00036788765,0.00039937295,0.00029925383,-9.5843916e-05,-2.047251e-05,0.00056650967,-0.00036301028,-0.0002183147,0.00021775933,5.3543856e-05,-6.5757989e-05,-0.00024325467,0.00031045991,-0.00013936936,-0.00016999894,0.00063019198,0.00030759128,-0.00074286571,-0.00037013999,0.0006579723,4.1958957e-05,1.9665685e-05,-5.4269433e-05,0.00010817704,-2.8096036e-05,-0.00010908178,-0.00011793909,-7.1587609e-05,9.2358381e-06,0.00010097632,-0.00011418014,0.00039869675,4.4668917e-05,2.1792508e-05,-3.6854311e-05,5.5022395e-05,-4.2389861e-05,-6.7246136e-05,6.663789e-05,-1.1282292e-05,-2.750703e-05,3.4029961e-05,0.00013435482,-3.8155991e-05,-0.00013187007,2.4926657e-06,5.1899687e-05,-0.00020894569,-2.8576249e-05,9.6403843e-05,-7.4673627e-05,8.7676567e-05,-1.6087618e-05,-0.00023343256,0.0002193739,-0.0010023757,-0.00022569213,-6.5238737e-06,3.3776847e-05,2.0856429e-05,-2.3197829e-05,0.00010892238,-9.2495213e-05,-0.00014461952,0.00025411002,5.5527066e-05,-0.00018473767,9.8055545e-05,0.00015710201,-2.0230604e-07,-0.001045506,0.0013286771,-0.0017425683,0.00036993093,-9.3031285e-05,0.00010289011,0.00065993915,-0.00091117166,-1.0437668e-05,-0.0011525703,0.0015220709,-0.00024894303,0.00026815101,4.0233913e-05
"82",0.0015660456,0.00032202797,-0.0024123979,0.00062549994,-0.00020078808,-4.3295406e-05,0.0010027187,0.00023945604,-1.24129e-06,8.7447849e-05,7.3919531e-05,6.4439083e-06,1.6896695e-05,-1.3254321e-05,-0.00018564636,-6.7212185e-05,-0.00011692319,4.8848458e-05,-0.00050468954,5.1821845e-05,0.00019796423,9.0499676e-05,2.1218009e-06,-0.00016927285,8.8028082e-05,-6.9917175e-06,-7.9298132e-05,-3.7747907e-06,-0.00015868867,0.0005635366,-8.4215501e-05,-0.00015499295,0.00029861124,0.00014762994,-0.00027813591,-3.5813628e-05,0.00026465091,-6.5296355e-05,0.00018179851,-6.2906787e-05,0.00023249073,-1.7275115e-05,-0.00010670398,0.00025353823,8.8859252e-05,1.0466978e-05,3.60666e-05,-9.833112e-05,0.00010307025,-0.00018069056,-4.6087222e-05,-5.4254668e-05,7.7518711e-05,0.0001263677,0.00010810022,6.0374863e-05,-0.00068340998,-0.0019831172,-0.0001295545,0.00017305713,-0.00016968175,-7.6345102e-05,5.7468473e-06,-4.7826255e-05,-0.00049979838,8.8213018e-05,4.1965075e-05,-0.00064154203,-0.00012825694,-1.6953279e-05,1.7974352e-05,0.0001391379,-0.00012155167,0.00017030829,8.0356067e-05,0.00011257197,-0.00011386187,-0.00038445506,-0.0001296827,-0.00013240494,0.001274597,0.0041204213,0.00023176217,-0.00045492417,0.00022171322,0.00022807914,-2.207054e-05,-0.00086730571,0.00056716819,-8.8362871e-05,0.0001810122,7.5503459e-06,-0.00010369643,8.1651946e-05,1.6663485e-06,7.8932751e-06,-0.00021955528,9.2268351e-05,-0.00031709683,-0.00015215417,-2.7217893e-07,1.8573076e-05,6.5076321e-05,-3.8455339e-05,0.00022888602,7.8098393e-05,1.8537005e-05,-0.00076711461,0.00020768223,0.0002449742,-0.00022954242,1.4646319e-05,6.4361487e-06,0.0011620793,-0.0025810583,0.0010586721,-0.00076544935,0.00049162511,0.00031011102,-0.00012753848,0.00025625139,0.00045330194,-0.00058183111,-1.9943921e-05,-1.999722e-05,0.00028831765,-0.0001055189,-0.00038498625,0.00011013088,6.2197648e-05,-3.9431153e-05,-0.00020642085,-0.00042270052,-0.0002903718,0.00036483927,-0.00035782783,0.001058836,-0.00063601109,-0.00075002366,0.00064813201,-0.00015117685,1.8328624e-05,-4.1015193e-05,0.000123484,1.9007803e-05,7.2356666e-05,6.0196458e-05,1.8897771e-05,3.0567738e-06,-2.5339155e-05,-8.4109084e-05,0.00014744227,3.4043587e-05,-1.5746224e-05,-2.6001588e-05,-4.5403824e-05,3.9779247e-05,-8.1105075e-05,4.222394e-05,-3.2436777e-05,-0.0004696666,4.3883927e-05,0.00010471975,-5.5013509e-05,-1.0357882e-05,9.9522633e-06,8.899668e-05,-1.1504176e-05,-2.6867092e-05,-0.00028490098,-6.0802846e-05,4.2633456e-05,-3.1882754e-05,-3.9184098e-05,0.00010360316,-0.00044525053,2.1458287e-05,1.7048241e-05,9.0081415e-06,5.1133903e-05,2.6916873e-05,1.8933008e-05,-0.00020531693,-4.4382594e-05,0.00049050229,0.00014902581,-7.040517e-05,9.6089572e-05,-4.8948295e-05,-6.6771577e-06,-0.00067190738,0.00094581625,-0.0015378205,0.00029949977,-0.00018003431,-0.00037486928,0.00052431323,-0.00065888492,-0.00034505928,-0.00073360985,0.00097437792,-0.00018154425,0.00034386535,-0.00027444436
"83",0.0010266168,0.0010046364,0.0011729018,-0.000218399,-6.3553771e-05,1.9795805e-05,-2.3763512e-05,0.00030231211,-0.00012199579,-1.6434929e-05,1.272352e-06,-2.4968035e-06,1.6815608e-06,1.2481548e-05,-0.00014123551,-1.7942791e-05,-0.00011080852,9.4162947e-05,-4.2972952e-06,-5.7904116e-06,-4.0301882e-05,-6.2164779e-05,2.3585291e-05,-0.00012667295,-8.2283151e-06,-3.0917539e-05,0.00015053041,-8.5212143e-05,9.1894645e-05,0.00031770309,7.8210784e-05,2.4273888e-05,0.00081783328,0.0001884155,-0.00057878044,-1.1861571e-05,-0.00052506895,2.0191984e-05,0.00017818146,0.00010649872,-8.9222695e-05,0.00049624746,-0.00028547408,8.4938775e-05,-0.0001086371,9.0067994e-06,0.00019553623,-4.2812004e-05,0.00063792839,8.842204e-05,0.00010280245,-9.2244126e-05,4.1625121e-05,-3.1072678e-05,0.00011451327,-7.2130818e-05,0.0005218012,-0.00019673839,-0.0030873844,-0.00051463076,3.7305937e-05,-2.5493364e-05,1.4133745e-05,-0.00031048838,0.00015590132,-0.0007748985,0.00036118598,-0.00015855952,0.00018511977,5.3352227e-07,-0.00061660642,-4.0574524e-05,-0.00088865621,-0.00030932643,-0.00016127163,0.0001695336,-9.900644e-05,-0.0001506494,-0.00025585767,0.00017545399,-0.00082424189,0.00023176217,0.0057070423,0.0010582353,-0.0001351478,-3.6347276e-05,-2.6263752e-05,0.00038593731,0.00017269294,6.1263222e-05,-2.1401491e-05,0.00021209918,-9.6128744e-05,0.00010646633,-1.8493333e-05,-5.4326224e-06,0.00027202762,5.876518e-05,0.00011975905,0.00010775321,2.9308272e-05,-5.340968e-05,-3.0974943e-05,5.1117183e-05,1.6674301e-05,-2.8509791e-05,7.1409159e-05,-7.6100116e-05,-0.0011025219,-0.00026006169,0.00012928134,3.9656759e-05,7.2440131e-06,-0.0010235124,0.0021079497,-0.0005645937,-5.0523946e-05,0.00013183513,-0.00027385032,3.9977612e-05,-0.00057230445,-0.00012389472,-2.9202e-05,0.00011095293,1.6373889e-05,-0.00086441727,0.00024769471,0.00062412791,-0.00046888446,-9.0187917e-05,0.0001855417,0.00018568031,0.00025231128,0.00030669974,-0.00014517309,0.00026647544,5.0784914e-05,0.002035715,0.00055204741,-0.00057665377,0.00016678122,-4.708992e-05,-1.2343568e-06,1.4469092e-05,-0.00010915331,-7.6132639e-05,-5.8853033e-05,3.9270216e-05,-1.4714301e-05,9.0796396e-05,-8.1516582e-05,-2.7729894e-05,6.4641294e-05,-1.4161729e-05,8.4016968e-06,8.7588059e-05,6.3312561e-05,2.8840791e-05,7.7665711e-05,3.3126007e-05,9.3568257e-05,-0.00027024953,-8.6066862e-05,-6.5872168e-05,2.7290252e-05,-1.0529607e-05,2.1462993e-05,-9.1533619e-05,0.00012563446,3.302928e-05,-0.00016426416,3.3823959e-05,4.1211562e-06,-3.0272111e-05,0.0004924512,0.00035820956,-0.00036660948,3.0624548e-08,-4.9977502e-05,-0.00014831051,-2.3256972e-05,0.00013017075,-0.00034567798,2.5896704e-05,-0.00011567084,-0.00012770303,0.00018702383,-8.9874577e-05,6.3877757e-05,8.7502283e-06,0.00011132597,-8.1788497e-05,-0.00018283151,-7.3887563e-05,8.3971088e-05,0.0003070081,-4.1789224e-05,8.2235363e-05,-1.9187733e-05,6.9228831e-05,-2.1017444e-05,1.2486001e-06,1.246409e-05,0.00030967659
"84",0.00044682829,-0.0018289781,0.0012981395,0.0006309393,-0.00017628933,0.00012190875,-0.00041449934,1.0167333e-05,-5.928079e-05,-6.0567794e-05,1.176824e-06,2.6136548e-05,1.5520326e-05,3.4455635e-05,0.0001040681,-6.3045174e-05,-6.2119557e-05,-7.3211648e-05,-0.0001744401,-2.8117454e-05,7.1677606e-05,-4.1788203e-05,-1.070533e-05,-0.00015852955,4.5329754e-05,-1.2027309e-05,0.00011174927,-8.1202822e-05,0.00014444004,-0.00020051507,8.1545928e-05,3.0609086e-05,-0.00025918304,0.00071815622,-0.0015413476,0.00030896008,-0.00047521562,-3.4110763e-05,0.00029176587,6.6116865e-06,-0.00034970509,0.0001379776,4.3820382e-05,-6.2383524e-05,-8.4723463e-05,1.7488204e-06,7.5179975e-05,0.00043725564,-0.00047159265,0.00020603481,9.677802e-06,-5.9252272e-05,5.365987e-05,-6.1005577e-06,-3.8812209e-05,4.4783611e-05,-4.9430649e-05,0.0001348952,-0.00063527427,-0.0019693515,0.00025199869,9.1934387e-05,-2.9580024e-05,-7.128609e-06,0.00063473345,-0.00024982052,-8.9084448e-07,-1.4028545e-05,0.00026440838,-2.8121783e-05,7.3595726e-05,-0.00063173907,0.00075096735,-0.00041742508,5.3155595e-05,0.00010089162,-0.0001217166,9.3001574e-05,2.2222833e-05,-9.0603277e-05,8.9143576e-05,-0.00045492417,0.0010582353,0.0037640784,-0.00045035211,-0.00016457537,5.4960589e-05,-0.001050623,2.1117881e-05,-0.00017946305,-3.6769669e-05,3.0238949e-05,-1.5679815e-05,-0.00021254186,-7.1556356e-05,8.1706472e-06,-0.00037708125,0.00025737579,-0.00025105462,0.00012379624,2.8649188e-05,1.9951716e-05,5.334074e-05,-0.00011789058,0.00011455666,7.1796646e-05,0.00017153824,2.4150384e-05,6.9172763e-05,-0.00055468971,9.7124815e-06,2.3581636e-05,-9.4358328e-06,0.00099824677,-0.0015550548,6.372115e-05,7.3644566e-06,0.00033413653,0.00034023328,4.707208e-05,4.8605725e-05,0.00025522783,0.00018106837,0.00015009689,-3.0090898e-05,0.000585158,-0.00042391598,0.00029630433,-0.00020247612,-2.9521578e-05,-5.9428796e-05,-9.5560849e-05,0.00018349846,-0.00016206641,0.00011247705,-0.00024866475,-0.00023524436,-0.00024591219,0.00061806361,0.00015551235,-9.1517896e-05,3.3578703e-05,2.0917013e-05,8.3795981e-05,-5.5715231e-05,-0.00012527726,-0.00013192398,1.2430158e-05,-1.1632901e-05,6.6596514e-05,9.5675188e-06,0.00025563932,-2.9502386e-05,4.4941619e-05,-2.9330213e-05,1.5727406e-05,0.00011431625,5.6276129e-05,4.5877207e-05,-1.526411e-05,3.7712866e-05,-8.739944e-06,4.4110458e-05,-2.2038822e-05,-6.7712702e-05,5.940908e-06,-2.35821e-05,-0.00024067704,0.0002482006,0.00017399005,7.2704237e-05,-6.1049852e-06,2.3033588e-05,-0.00032461097,-0.00022185888,-0.00022868302,-0.00051610405,-0.00010030671,-1.5655113e-05,-8.3020828e-05,-0.00031643988,-0.00017998995,-0.00017997675,1.4957383e-06,0.00017518065,0.00013432385,-0.00041226665,0.00010461853,0.00021298546,-1.379584e-05,-0.00066299454,0.00075703888,-0.00069244741,0.00023416578,-8.2741196e-05,2.2836001e-05,0.00016778541,-0.00025034263,-0.00017039698,-0.00030056784,0.00055312933,-0.00017886664,0.00023470966,2.7171709e-05
"85",0.00072269424,0.00013670005,-0.0031911101,0.0006551871,-0.00011474146,-1.9371577e-05,0.00097670437,4.2421705e-06,-1.816252e-05,2.2797114e-05,4.1015292e-05,2.1042091e-05,-1.6947417e-05,-9.0152367e-07,-0.00012295229,4.0745086e-05,2.6681217e-05,-2.5149815e-05,-0.00044176402,4.9336243e-05,7.8400416e-05,4.3784163e-05,1.494495e-05,-0.00012044182,3.3370059e-05,-1.8883462e-05,-9.3367009e-05,2.245023e-05,-0.00011770635,0.0004074126,-0.00022360548,0.00011645273,-0.00032727546,0.0018102287,-0.0031154491,0.0005794062,-0.00031003269,0.0002528062,-0.0007657846,9.2278917e-05,-3.2406553e-05,-0.00099770979,-4.8850827e-05,0.00032311914,0.00013777805,5.2998714e-06,-0.00023485802,4.1993036e-05,0.00075264764,-0.00036236774,-0.00012559023,-0.00027906612,0.00052904939,0.00018643682,0.00019195306,-6.9925477e-05,-2.3167655e-05,-0.00012163473,0.00013673483,0.00015764755,-0.0028904347,-1.6497545e-05,-5.8214807e-06,-0.00023509603,0.00019552393,0.0017662279,0.00016687294,-0.00049242798,-0.0002952692,-4.4244508e-07,0.00042383859,0.00021964849,-0.0014311372,0.00066030866,0.00023764174,0.0004274186,-0.00089092118,-0.00032307669,-0.00032058109,4.4699629e-05,-5.7216848e-05,0.00022171322,-0.0001351478,-0.00045035211,0.0051594674,4.5378678e-05,1.4603367e-05,-0.00059417235,0.00033033628,-8.9638796e-05,1.1018341e-05,-0.0004675723,8.5629001e-06,0.00012369736,9.415622e-06,9.3858954e-06,-0.00026641383,5.6081345e-05,0.00014814363,-7.234016e-05,-9.0436834e-06,-5.5032327e-05,0.00022303524,0.0001467611,0.00016142362,9.093141e-05,9.828048e-05,-0.0001150946,0.00028350317,0.00023947538,-0.0011395533,-4.3975461e-05,-6.5816107e-06,0.00017157688,-0.0021986336,-9.6927831e-05,-0.0004101382,0.00042686258,-0.00013258443,0.00017732065,0.00050125075,0.00027459212,-4.6848553e-05,-3.8334261e-05,-1.2164846e-05,0.00017236978,5.4992971e-05,-0.00076407868,-0.00010962658,6.3258586e-05,9.4161179e-05,-0.00031127569,-0.00037242282,-0.00043923598,4.9548208e-05,-0.00020295071,0.00020033475,-0.0005159424,-0.00051492149,0.0017944662,-7.7600647e-05,1.0579351e-05,2.6609431e-05,-9.8395791e-05,-1.2870889e-06,-4.3670809e-05,-9.6751493e-06,-4.1820348e-05,-2.2224383e-06,-3.0319599e-05,-4.0687745e-05,0.00018597731,-2.9539114e-05,-1.8343776e-05,9.2599228e-06,5.3975791e-05,1.4309593e-05,-2.2019099e-06,5.1220578e-05,1.7825937e-05,9.1878903e-05,-3.6288147e-05,3.2029951e-05,-0.00013637905,-1.1698991e-05,-6.970564e-06,-0.00012770881,0.00020798785,-0.00042229029,0.00015028485,-5.0175125e-05,0.0001540306,-1.1709492e-06,0.00031526746,-0.00023720983,-0.0005294875,0.00016900048,3.6805376e-05,0.00012296602,9.2948766e-05,0.00021830994,0.00018277277,2.9271958e-05,6.7238754e-05,-0.00013191721,-0.00019805556,1.9070845e-05,-6.4316943e-05,-4.1930613e-05,1.0048888e-06,-0.00051663166,0.00071535615,-0.0010514202,0.00024999167,-5.3018468e-05,-7.1175821e-05,0.00045456503,-0.00065327247,0.00015617161,-0.00067046099,0.00099765641,-0.0002429418,-7.3885288e-05,-0.00041107351
"86",0.00073988671,0.00063193505,2.756451e-05,6.7688217e-05,-6.0677455e-05,-2.8518201e-05,0.00011440119,0.00016382422,-1.927357e-05,-2.1222539e-05,4.3014918e-06,2.2379555e-05,9.6957716e-06,-2.546278e-06,-3.7275438e-05,5.0092843e-05,-3.8162127e-05,2.1948528e-05,-9.5612303e-05,3.2551009e-05,-5.4934616e-05,2.3166581e-05,7.8313577e-06,-9.2361876e-07,3.7361306e-05,3.0175787e-06,-3.6497559e-05,-0.00015788028,6.8193413e-05,-0.00030117838,-4.2989576e-05,2.7714997e-05,8.3772509e-05,-2.4770292e-05,-0.00015483597,5.5604856e-05,-0.00015252184,7.3788291e-05,-8.7228763e-05,-3.7407587e-05,5.5166048e-05,-7.2317153e-05,-0.00014286794,6.5819886e-05,1.6099592e-05,3.2634349e-06,4.4069695e-05,-1.4020168e-05,0.00037052838,0.00023264256,2.3565708e-06,-3.2855166e-06,1.5279813e-05,0.00012126747,-2.4927709e-05,-1.1893249e-06,1.7203378e-05,-0.00010661197,-1.9930784e-05,0.00012918865,-6.5997074e-05,-0.00032581149,5.0404707e-06,7.7628274e-05,-0.00012019527,0.00013266951,0.0001694682,-0.00011489353,-1.9803317e-05,-3.8157415e-06,-9.5394237e-05,-1.0073252e-05,-0.00065874898,-0.00054225398,-8.7869077e-06,3.0423597e-05,-4.9931837e-05,-0.00031227232,0.00011906686,3.7434722e-05,0.0001163513,0.00022807914,-3.6347276e-05,-0.00016457537,4.5378678e-05,0.00084111981,-1.6823111e-05,6.2456582e-05,-2.7391529e-05,-2.4803269e-05,5.4853839e-05,-4.6050779e-05,-6.1365934e-05,2.6848581e-05,-1.0796678e-05,3.1185579e-06,5.1308124e-06,1.5063924e-05,9.1421548e-05,0.00016678749,-5.1163542e-06,-1.1289752e-05,3.7929775e-05,7.8358723e-05,6.7636798e-06,-1.9044455e-05,-4.5788171e-07,3.8300712e-05,6.2653289e-05,3.1039195e-05,-8.0136048e-05,-0.00023457337,4.2434822e-06,-0.00025141132,0.00015318054,-0.00027427034,0.00010122657,0.00010901206,-1.7972193e-05,-3.8724946e-05,-1.1091273e-05,7.2244731e-05,-3.3047219e-05,3.4543117e-05,-7.7474689e-06,-3.0064197e-05,4.2065268e-05,6.7885267e-05,-0.00032013706,-1.8769917e-05,2.1827312e-05,2.1052241e-05,4.5919125e-05,2.4197483e-05,-2.3151298e-05,9.1940093e-05,3.2264023e-05,1.7241678e-05,-4.0224674e-05,4.4718693e-05,0.00043879339,-8.3576547e-06,-2.3329662e-05,-2.6786884e-05,8.427574e-06,9.7976e-06,4.2955652e-05,-1.8072742e-05,3.5623638e-06,-2.5310792e-05,-1.731417e-05,-6.216726e-06,3.0935717e-05,2.1483025e-06,1.0422342e-05,-4.3488465e-05,-4.1095821e-05,-1.4789212e-05,-1.4134503e-05,-3.6073459e-05,4.4065841e-06,5.7726341e-06,4.9061648e-05,1.2483928e-05,-5.0186099e-06,1.6699817e-06,6.560002e-06,-2.5957995e-05,-9.2525111e-05,8.7822634e-05,-8.7242855e-05,4.0749894e-05,-6.3683242e-06,-3.3363784e-05,6.259804e-05,2.8057967e-05,-0.00015633995,3.9214761e-05,-3.1591517e-06,1.5657878e-05,-1.8672152e-05,-5.2377936e-05,2.2444291e-06,-2.4324661e-05,-7.2989485e-05,8.1494603e-05,-1.0662497e-05,-1.7736224e-05,-6.1671102e-05,-3.3491891e-08,-4.9894154e-05,8.2022861e-05,-0.00029157831,1.0290213e-05,3.1674631e-05,8.8808373e-05,9.9016457e-05,-0.00011918582,5.939689e-05,-0.00020216259,0.00031649461,-6.718853e-05,-7.8261553e-05,0.00041460964
"87",2.6540065e-05,-0.0003604025,-6.9596321e-05,0.00012850927,-2.7483323e-05,3.2229356e-05,5.7962388e-06,-1.8955561e-05,-5.2527911e-06,-4.6502449e-06,7.2895323e-06,2.1455221e-07,-9.4409843e-06,9.0588246e-06,5.6275056e-06,-5.6069572e-06,-2.814928e-06,9.2176752e-06,-4.9374432e-05,1.1376695e-05,8.7450894e-06,6.5190681e-06,-1.2596864e-05,-3.4907346e-06,-8.1489376e-09,7.415334e-08,1.8475383e-05,-2.9063033e-06,2.3774958e-06,7.2440709e-06,-2.6885075e-05,1.7565855e-05,2.6950369e-05,5.4347767e-05,-3.5022323e-05,-1.2474801e-05,0.00013599504,-1.1276267e-05,8.6583073e-06,-1.5999795e-05,-3.508378e-05,5.0818462e-06,2.0450169e-05,8.6388027e-06,-3.2834803e-06,-2.6659488e-08,-1.218946e-05,5.6630397e-05,-0.00011679589,-1.2503723e-05,-5.4076447e-06,1.4406498e-05,4.4254487e-05,-4.9413508e-06,2.8258496e-06,6.3688172e-05,-2.469124e-05,2.7019424e-06,4.632197e-06,-4.1456096e-05,7.1493739e-06,2.3718376e-06,-2.4568232e-05,2.929595e-05,6.6596575e-05,-4.2945231e-07,-2.0281415e-05,-2.6131431e-05,2.620496e-06,-6.7474532e-07,3.3342744e-05,-0.00010527937,0.00017964155,2.2268811e-05,1.1207517e-05,-3.5138348e-05,-9.2852421e-05,1.9146383e-05,-1.274572e-05,-0.00013169967,8.6152948e-06,-2.207054e-05,-2.6263752e-05,5.4960589e-05,1.4603367e-05,-1.6823111e-05,4.5145691e-05,-0.00019369914,-1.8974651e-05,-3.7205188e-05,-1.7724504e-07,-6.7973072e-07,8.4675661e-06,-6.7300874e-06,1.5476859e-06,-2.7452485e-07,-5.4246447e-05,4.9019212e-05,-2.4655286e-05,-2.2564057e-05,3.3467043e-06,1.4665035e-05,2.49127e-05,-8.9688103e-06,3.3427949e-05,4.7628372e-05,3.7410271e-05,-6.0913053e-07,5.5227213e-05,1.0091785e-05,-2.592655e-05,8.3318293e-06,-1.0906796e-05,0.00017855943,-0.00047713118,-3.0243018e-05,3.2348154e-05,2.0581499e-05,5.6417713e-05,6.5760961e-06,9.0892447e-06,4.0949117e-05,-4.5591622e-06,-1.1606854e-05,-6.7088462e-07,9.94794e-05,-6.1409268e-05,-9.5874497e-05,1.5552846e-05,-6.0230174e-06,-2.8909387e-05,-3.8992766e-05,5.1226811e-05,-6.6417008e-05,-3.8393001e-05,-8.6103932e-05,-8.0144161e-06,-0.00013544148,-2.5554805e-05,8.2436921e-05,-3.5325437e-05,1.5535685e-05,6.9390507e-06,-4.8086626e-06,-4.9537054e-06,-8.20462e-06,-1.2077082e-05,3.3798394e-06,-1.6694769e-06,2.037282e-05,-5.1975911e-06,-1.0220486e-05,-1.2589268e-05,-2.0917143e-06,-5.7387623e-06,1.3226892e-06,7.1223584e-06,1.3026536e-05,1.1328409e-05,3.7659074e-06,3.3107328e-05,-1.0891664e-05,1.5118313e-05,-1.2451776e-05,4.8487714e-06,2.5535603e-06,-1.9280838e-05,-7.7260851e-06,-9.2418732e-06,6.3115757e-06,1.6734759e-05,-4.2110865e-06,2.8543118e-07,3.5726331e-06,2.7769543e-05,5.0497489e-05,3.8628913e-05,1.1555941e-06,8.3012217e-06,2.6331541e-05,1.0487958e-05,7.7763969e-06,1.1815531e-05,-1.1994727e-07,-9.6432524e-06,3.5043518e-06,-1.2024304e-05,6.7512887e-06,-1.0270703e-05,-8.0801548e-06,-0.00012924747,0.00016593063,-0.00016364065,5.0594515e-05,-1.1280897e-05,6.6209393e-06,4.1182945e-05,-7.6413255e-05,3.0053771e-05,-7.0042429e-05,9.0682288e-05,-1.1023115e-05,6.1410562e-06,-9.0859514e-06
"88",-0.0046557763,0.0078621533,0.0051322956,-0.0087735814,0.0011567309,-0.00080931118,-0.0021166848,-0.00035195352,-0.0023130475,0.00021755146,-0.00021005989,-0.00013488062,0.00037567456,6.1069755e-05,-1.828696e-06,-0.00013744942,-0.00018552328,-0.00088560036,0.002445746,-0.00095553212,-0.00019609869,-0.00012520278,0.00032434277,0.00021820048,-0.00047717518,0.00022765703,-0.00052498019,0.00031871369,-0.00015625583,-0.0011887322,0.00091471658,-0.00098011443,0.0023346384,-0.0014135283,0.00208448,0.0019415697,-0.022783232,-0.00035050295,0.00027942472,-3.8830079e-05,0.00087128276,0.00064692486,-9.3060389e-05,1.0261525e-05,-3.5432236e-05,-3.1437144e-05,0.00063582661,-0.00146601,0.0035104797,0.00042328057,0.00043157105,0.00011701418,0.00034175297,-4.5014096e-05,0.00021064692,-0.0011183089,0.0010378176,0.00046212255,-0.00023868411,0.00085386978,2.9188832e-05,1.7169238e-05,8.3491481e-05,-9.5817395e-05,-0.0013001541,-0.001524885,-8.0944598e-05,0.00048238172,-9.5535637e-05,8.2676782e-05,-0.00091178949,0.0017463957,-0.0055205254,-2.7981227e-06,-0.0007988923,-0.00011630793,-0.00031757478,-0.00013051256,-2.084662e-05,0.0025174664,-0.0012647919,-0.00086730571,0.00038593731,-0.001050623,-0.00059417235,6.2456582e-05,-0.00019369914,0.027521824,0.0064609883,0.0039316002,-0.002325987,0.0016213066,0.00073071503,0.0020216566,-0.00020301524,-3.3853201e-05,0.0071762362,-0.0040990548,-0.00082837019,0.0019281416,-0.00011628026,-0.00087809136,1.2100992e-05,0.0014047999,-0.0046510838,-0.0031979363,-0.0060093903,0.00041228804,-0.0079782723,-0.0040594604,0.0039928687,-0.00078965857,6.3684111e-05,-0.044234735,0.095541962,-0.0087610039,-0.0056418663,9.9926258e-05,-0.009342319,0.0047189141,-0.0076968399,-0.012667382,0.0013805971,0.0024175845,0.00043110086,-0.017110344,0.0067166416,0.028865274,-0.0049092471,-0.0017378194,0.0036003627,0.0028999659,-0.0023221086,0.011662844,0.00076132929,0.021061508,0.00021160401,0.024884018,0.012958165,-0.019249365,0.0077372511,-0.00082819397,0.00014402159,-2.4421404e-05,5.5579783e-05,0.00053869094,0.00054435731,7.7969638e-05,3.1975088e-05,-0.00084894943,1.5552717e-05,-0.00026127201,-2.6845637e-06,3.5261419e-05,9.3004161e-05,-0.00062319705,0.00029427998,-0.00042949218,-0.00033472963,-0.00015328508,-0.00095607503,0.00015277944,-0.00043429508,0.00015782949,0.00017382759,3.6061218e-05,0.00026605325,-5.0312905e-05,0.00038126163,-9.9249132e-05,0.00040573561,-0.00037628849,6.2737966e-05,0.00012538331,0.001007952,-0.0013734161,0.00031495523,2.084012e-05,-4.469675e-05,6.6400716e-05,6.4561103e-05,0.0002753591,-0.00021844314,0.00027782897,-0.00032493936,-0.00050026031,0.00043908535,0.00021733304,-0.00025123858,5.7012939e-05,0.008505014,-0.010497136,0.012160018,-0.0066497543,0.0027787043,0.0059036781,-0.0019131746,0.0032949374,-0.00097568431,0.0036124121,-0.0052924698,0.00041030182,-0.00074037135,0.0009521327
"89",0.0014241911,0.0010168204,-0.00049847861,-0.00079348546,-1.2462096e-05,-0.00033364404,0.00014252985,-0.00014194445,-0.00041121619,0.00015659226,-5.6616573e-05,4.5244285e-06,0.00024925476,-0.00011677442,0.00024821993,-0.00041822386,0.00032295299,-0.00098759357,-0.00060541356,-0.0026198772,0.00059287029,0.0001306871,0.00036777555,-0.00093627087,-0.00019887745,0.00042648337,0.00066921127,-0.00024563152,-0.00075676978,-0.0027316771,0.00099409566,-0.0018763489,0.0001491476,-0.00056732433,0.00031890269,-0.001902305,0.001446625,-0.00016044252,-0.00037716717,-4.9499933e-05,3.8424648e-05,-0.00018785535,-0.00017365892,-7.9129275e-05,6.6058311e-05,-6.3582829e-06,8.258369e-05,-0.00027584878,0.00070347694,-0.00015373539,2.4424024e-05,4.6216078e-05,8.8374901e-05,0.00022110662,0.00019766793,0.00017464034,2.2942655e-05,6.8319548e-05,-9.1435459e-06,0.00028424702,-0.00013419256,8.0594378e-07,6.3890749e-06,5.844991e-05,-0.00020000436,-6.7204734e-06,-0.00014850887,-0.00072114181,-0.000198765,2.8198033e-05,0.00053083427,0.00051855557,-0.00093473673,5.9090596e-05,-2.4612234e-05,-1.9314288e-05,0.00013960225,-0.00022014293,0.0004488968,-0.00025940934,0.0001520473,0.00056716819,0.00017269294,2.1117881e-05,0.00033033628,-2.7391529e-05,-1.8974651e-05,0.0064609883,0.013782504,0.0015125688,-0.000986736,0.0015427923,-0.00024864083,0.00052450417,-0.00016389695,4.5621978e-05,0.0018608398,-0.00066938645,-0.0049320315,0.00048579153,-0.00016042942,2.3899558e-05,9.2879374e-05,0.00055985117,-0.00088022858,0.0002485584,-0.00095534866,-0.00019762527,-0.001772692,-0.0013418413,0.0019293737,-0.00044048698,5.8377875e-05,-0.012246489,0.012999378,-0.0017387745,-0.020826015,0.010291812,-0.0035334857,0.0023140252,-0.0038306109,-0.00068626026,-0.00022490636,0.0011694776,-9.8873271e-05,-0.0061050023,0.0012749385,0.016924231,-0.0028736419,0.00013292853,0.00016471149,0.00035300186,-0.00090634333,0.0025761109,-0.0022611347,0.0027269438,-0.0017167519,0.0041277503,0.0021810834,-0.0061174919,0.0025522763,-0.00019953825,0.00042233924,5.394118e-05,0.00053831884,0.00055112199,0.00094927873,0.00016146327,2.744819e-05,-0.0014839125,0.00023807377,-0.00011006921,0.00013044738,2.1355424e-05,-0.00011260652,-0.00020888436,0.00045725866,-0.00084552611,-0.00037493851,-0.00010300501,-0.0014622561,-9.8172876e-05,-0.00067606268,-0.00066206131,0.00016082063,2.8278094e-05,-0.00080137812,0.00066736865,-0.00022833675,-0.00037788135,-8.5424496e-05,-0.00012677594,8.6155252e-05,0.00028471654,-0.00093583804,0.00057878104,-0.00030336825,0.00017418354,3.5180491e-05,-0.00025446045,-0.00083577619,0.00012403079,-0.00016047374,0.00048287701,-0.00021911074,0.00081231929,1.5211782e-05,0.00024822476,-0.00035546328,4.9346321e-05,0.00086552383,-0.00093791543,0.00060807766,-0.00071082936,0.00021392594,0.0019872626,0.0012485719,-0.00070048275,-0.0017069046,-0.0011893296,0.0019646364,-0.003438434,-0.0011434456,0.00029603808
"90",-0.00048781337,0.0011436019,0.00083452612,-0.0011963866,0.00012261675,-0.00013846366,-0.00034134887,-6.6691893e-06,-0.00032439634,3.5422605e-05,-2.4147245e-05,-6.0516507e-05,7.7005717e-05,-4.6842492e-06,4.522007e-05,-1.8496098e-05,-5.9580356e-05,-0.00014064271,0.00030244402,-0.00024696485,6.6076624e-05,-3.6305239e-05,7.2147173e-05,-0.00017296321,-6.4732217e-05,2.5861563e-05,-8.979105e-05,-4.7200556e-05,-3.1878877e-05,-0.00046018332,6.6442379e-05,-0.00017496609,0.00052705254,-0.00027098772,0.00033946175,-6.5039094e-06,-0.0027069506,-8.0769819e-05,-9.4319973e-05,0.00024896685,6.3595945e-05,0.00014383199,-1.8643545e-05,-1.7090098e-05,-1.5658112e-05,3.1783887e-06,0.0001110488,-0.0002436777,0.00050402552,5.4233796e-05,4.1048534e-05,-1.1480338e-05,-2.6324331e-05,5.0019576e-06,4.6587945e-05,-0.00019489425,0.00019040887,7.4965809e-05,3.9265338e-06,0.00019184196,1.2543596e-05,3.0357958e-06,1.807942e-05,-0.00036611269,-0.00012707931,-0.00028090063,-4.5565199e-05,7.1919963e-05,-1.6634856e-05,6.5683211e-06,-0.00013614358,0.00019670138,-0.00087114971,-2.1258033e-05,-0.00010339667,5.0106492e-05,6.3762665e-05,-2.6332718e-05,7.5391314e-05,0.00043515761,-0.00019789746,-8.8362871e-05,6.1263222e-05,-0.00017946305,-8.9638796e-05,-2.4803269e-05,-3.7205188e-05,0.0039316002,0.0015125688,0.0015077752,-0.00047754715,0.00035803525,3.936103e-05,0.00020842696,-4.1020997e-05,1.3162088e-05,0.0011035889,-0.00059618953,-0.00031972775,0.0001478946,-4.0888751e-05,-0.00022303159,-7.5927994e-05,0.00024698209,-0.00066238443,-0.00065105562,-0.00074399962,4.1519582e-05,-0.0011093759,-0.00050568603,0.000452522,-7.4636617e-05,2.2574752e-05,-0.0063516714,0.013303497,-0.0010354953,-0.0017554732,0.00039610605,-0.002688454,0.00088424212,-0.0013127234,-0.0016190416,0.00027170884,0.00034341262,3.2924196e-05,-0.0026670413,0.0010036583,0.0045618972,-0.00052692064,-0.00016093973,0.00065444106,0.00047366603,-0.00054406081,0.0016649555,0.00036456945,0.0027396416,-3.2021182e-05,0.0034998376,0.0016227395,-0.0025073578,0.0010274134,-0.00013242164,9.2132167e-05,4.8052355e-05,5.2031243e-05,0.00010036599,0.00010429632,1.9282696e-05,5.6986085e-06,-0.00017102109,1.9990048e-05,-0.00019127238,3.3687509e-05,6.19463e-06,1.8863568e-05,-8.2076818e-05,2.7244857e-05,-0.00015142143,-9.1359959e-05,-5.9845909e-05,-0.00020759546,-3.520156e-05,-0.00013959851,2.796778e-05,7.2944732e-05,8.8800815e-06,-2.6499856e-05,-5.750155e-06,0.00011069109,-2.684767e-05,4.6825948e-05,-5.994416e-05,8.9919767e-06,0.00010520898,0.00017007627,0.00020169298,-7.2304551e-05,1.2329942e-05,-1.8311244e-05,5.8105153e-05,2.0035879e-05,0.00011637016,-2.4399858e-05,0.00019358834,4.1778426e-05,-0.00012247231,6.6835843e-05,6.481383e-05,-4.3736788e-05,7.9058808e-06,0.0011449235,-0.0014214437,0.0016174941,-0.00091625137,0.00035714865,0.00075617435,-0.00019802586,0.00042583037,-0.00031240775,0.00041492541,-0.00062108195,-8.7799049e-05,-4.2698757e-05,-4.7465518e-05
"91",0.00053401304,-0.00023126301,-0.00088685472,0.0007415251,-8.3350996e-05,4.7675767e-05,0.00039227996,4.8449361e-05,0.00019791732,-5.4550728e-05,2.2643379e-05,6.6734606e-07,-7.5569582e-05,-1.9931786e-05,-2.8562773e-05,3.3602764e-05,-4.6480936e-05,0.00012389588,-0.00022208757,0.00017574063,-2.1759822e-05,-7.5831176e-05,-4.479991e-05,3.6824806e-05,3.9496704e-05,-3.6590178e-05,2.1276342e-05,-2.8374134e-05,3.9698817e-05,0.00024554996,-0.00014082544,0.00014267958,-0.0005055747,-5.316716e-05,6.0597046e-05,-0.00059943114,0.0024056168,-0.00013539274,8.2608142e-05,-6.339592e-05,0.00045549534,-8.4032289e-05,-4.5679779e-05,3.9876754e-05,4.7216614e-05,-1.6741707e-06,-7.3302591e-05,0.00010821379,-7.2605268e-05,-5.4784714e-05,-3.95422e-05,-1.300927e-05,4.0520343e-05,-3.0268578e-05,-7.4177868e-05,5.1675148e-05,-0.00011223622,-0.0001145382,6.2741978e-05,-1.38558e-05,-1.2934026e-05,-1.8640675e-05,-1.5498621e-06,0.0001261156,-0.00063395666,0.00021750182,8.2095108e-05,-0.00011057231,-4.7770177e-05,5.5119237e-06,-2.48944e-06,-7.623226e-05,0.00023906158,1.1972417e-07,7.0536062e-05,-2.5581452e-05,-3.9744755e-05,-1.4236679e-05,1.8015338e-05,-0.00013617002,0.00015874303,0.0001810122,-2.1401491e-05,-3.6769669e-05,1.1018341e-05,5.4853839e-05,-1.7724504e-07,-0.002325987,-0.000986736,-0.00047754715,0.0017233649,-0.00014354616,-7.6502606e-05,-6.8498033e-05,0.00010454418,-4.1519385e-06,-0.00055778293,0.00042028487,0.00053819348,-0.00011928117,-6.1605011e-06,-8.7098771e-06,-1.5089516e-05,-0.00015205252,0.00024977201,0.00017966851,0.00042453042,-0.00010389715,0.0007063369,0.00035677803,-0.00010478768,9.6492823e-05,-6.1903613e-06,0.003894984,-0.0078761555,0.00063654337,0.0012661573,-0.000386826,0.0010367325,-0.0025015383,0.00071206673,0.0010745198,-0.00018579287,-0.0003811231,-1.329348e-05,0.0014538696,-0.00076389989,-0.0033314758,0.00042402626,0.00017223313,-0.00018429367,-0.0001894212,0.00032343453,-0.00081003285,8.2277662e-05,-0.0015595706,0.0001772056,-0.0021519981,-0.0010763184,0.0012928566,-0.00068345259,6.4174239e-05,-7.7700559e-06,1.8463638e-05,-3.7921781e-05,-6.7044599e-05,-0.00016144136,1.8195341e-06,-4.0865478e-06,0.00025412301,-1.0904825e-05,0.00023980224,-7.3172828e-05,2.7921749e-05,1.7946954e-05,3.338622e-05,-1.572454e-05,0.00012860494,4.1863342e-05,8.8085578e-07,0.00015600822,3.8939766e-05,7.8466068e-05,2.6962052e-05,-9.8568323e-06,-5.2326022e-06,-9.7237069e-06,2.6641805e-06,-4.2939292e-05,6.5145475e-05,9.039066e-05,2.2354929e-05,-1.1311811e-05,-6.2594089e-05,-3.8502126e-05,-0.00032603849,-4.3020132e-05,-1.3382229e-05,-3.0647109e-05,1.42805e-05,1.605592e-05,-0.00017370475,-3.0233358e-06,4.6664871e-05,0.00015445666,-4.8571091e-05,-4.7804731e-05,-2.3660677e-05,7.401034e-05,-4.4068031e-06,-0.00070479381,0.00088009959,-0.0010861689,0.00054524798,-0.00021063471,-0.00048351229,0.00015103587,-0.00026379056,0.00010537409,-0.0003573916,0.00049512404,5.192198e-05,0.00018020021,-0.00010746568
"92",-0.00038033327,0.00010203076,-4.1726e-05,-0.00051650079,4.2236579e-05,-4.2532047e-05,-8.0451232e-05,-3.8836174e-05,-0.00016015905,-5.2816593e-05,-2.9766376e-05,2.2318182e-05,3.888959e-05,-3.5279007e-06,1.481752e-05,-4.3969534e-05,3.6164e-06,-0.00021089695,2.5342782e-05,-0.0003021065,-3.0914933e-05,-6.626734e-06,2.8346131e-05,1.9352348e-05,-1.9052545e-05,2.8116108e-05,-4.4807419e-06,1.1214584e-05,1.8376525e-05,-7.3815983e-05,7.6704914e-05,-0.00019156865,-0.0004066158,-0.0006773215,0.00099517311,-0.0015730251,0.0016420624,-0.00018907731,0.00025356127,8.2597859e-05,1.442907e-05,0.00062936721,-2.4901144e-05,-3.522631e-05,9.0967459e-06,3.9437149e-06,0.00017826088,-0.00010459009,-0.00014836393,-7.3625149e-05,5.1517009e-05,-1.5561093e-05,-0.00010729744,8.0010636e-05,6.8521707e-05,-3.2549315e-05,8.2235806e-05,1.8829565e-05,-0.00013254468,6.8889896e-05,0.00034763987,1.1600094e-05,1.1054865e-06,-8.20871e-05,2.9696688e-06,-0.00093407052,-5.2630689e-06,-9.273793e-05,-4.6867347e-05,5.4620557e-06,-0.00020981296,0.0001656381,-0.00012734307,0.00013201059,-7.1367295e-05,2.5076522e-05,0.00018354704,-0.00012232677,-3.4543063e-05,3.3413797e-05,-0.00019722494,7.5503459e-06,0.00021209918,3.0238949e-05,-0.0004675723,-4.6050779e-05,-6.7973072e-07,0.0016213066,0.0015427923,0.00035803525,-0.00014354616,0.0018328639,0.00010049114,0.00020257856,2.9198504e-05,1.2280299e-05,0.00056647213,-0.00030860146,-0.00095177713,-8.6089208e-05,-4.6416107e-06,-8.3124302e-05,-8.3363448e-05,0.00018552597,-0.00026277288,-8.5014407e-05,-0.00034227196,3.5929773e-05,-0.00059394955,-0.00028564671,0.0010875778,-4.6403638e-05,1.2090176e-06,-0.0030538366,0.0046325465,-0.0011056111,-0.0021407473,0.0010597869,-0.00092283608,0.00035130695,-0.0030355336,-0.00071099272,2.7798822e-05,0.00010959852,-1.0217203e-06,-0.0013917393,0.00070001177,0.0033572904,-0.00020906455,-0.00015941691,0.00020333852,0.00040004466,8.9122514e-05,0.00069360142,-0.00030306222,0.0010148342,-0.00017862186,0.0015198874,0.0007330161,-0.0023769809,0.0006077522,-4.5856773e-05,3.806849e-05,-4.3791093e-06,9.5869332e-05,7.4007113e-05,0.00018794317,4.3937448e-05,-8.027804e-07,-5.1972973e-05,9.6253347e-05,-0.00027971479,0.00014722502,-1.2543353e-05,-6.4226511e-06,-2.7670832e-05,8.4159536e-05,-1.8708267e-05,2.9367933e-05,2.3896366e-06,-0.00016850031,-7.5541073e-05,-0.00010684762,-5.1890565e-05,-7.1231135e-06,-1.8588396e-06,-3.9779054e-05,7.8485164e-05,-7.9823129e-05,5.2221797e-05,-0.00014433959,-9.0233904e-05,2.5011062e-05,-9.2438709e-05,-0.00012460202,0.00054670382,-0.00031436565,-3.3579601e-06,3.5082881e-05,-5.9947095e-05,-6.6214049e-05,-7.401427e-05,-0.00010728168,4.9082269e-05,8.5425353e-06,6.7459539e-05,-5.7423698e-06,6.4216594e-05,3.4735038e-05,1.3129101e-05,0.00038583629,-0.00044888337,0.00052740879,-0.00031005158,0.00016528955,0.00064482781,2.4459849e-05,4.7348258e-05,-8.0119498e-05,3.9715492e-05,-3.1454547e-05,-0.00032910365,-0.00023895774,0.00056137385
"93",-0.00059664809,-0.00023848582,-0.00014334438,-0.00018078989,4.09597e-05,3.5705803e-05,-5.8858666e-05,-9.5258683e-05,-7.566343e-05,-3.2799452e-05,-3.3519558e-06,1.539855e-05,-4.2234054e-06,1.6013979e-05,-5.5125242e-05,-4.8323856e-05,1.2358145e-06,1.9093238e-05,1.0148182e-05,7.5891134e-05,-8.4892803e-05,7.3213341e-06,-2.2282598e-05,-4.5624384e-05,-3.1796407e-06,-2.0256826e-05,-6.4741608e-05,3.7304964e-05,3.6418213e-06,0.00010119411,-5.3091305e-05,9.727405e-05,0.00016172294,-7.1511722e-05,0.00023435669,-0.00010498546,-0.0004339315,-7.9178567e-05,0.00024322349,2.2232588e-05,-8.3682236e-06,5.7988804e-06,0.00058045707,0.00026760481,-1.9781484e-05,-1.0911303e-05,-0.00012034673,4.9492388e-05,-0.00032921418,0.00016004965,-9.7827996e-07,3.2351701e-05,-8.8941581e-05,4.1120763e-05,5.7668594e-05,-8.4715099e-05,8.1722219e-05,6.0076343e-05,8.2490131e-05,-1.4232869e-05,3.8658311e-05,2.7062294e-05,-5.1646426e-06,-2.0353166e-06,8.2452723e-06,-2.9946494e-05,-0.00073208587,-0.00030527692,3.9294096e-05,7.0118872e-06,5.408323e-05,-3.1603919e-05,0.00012523572,1.0130782e-05,-1.2475625e-05,-4.4598734e-05,8.8335119e-05,-5.2142674e-05,-0.000129183,0.00011422959,-0.00017595693,-0.00010369643,-9.6128744e-05,-1.5679815e-05,8.5629001e-06,-6.1365934e-05,8.4675661e-06,0.00073071503,-0.00024864083,3.936103e-05,-7.6502606e-05,0.00010049114,0.0015909333,0.00077412386,-0.00012101141,-8.4400098e-06,0.00020643781,-0.00011612318,-0.00013770176,0.00020446435,1.9892887e-06,1.783688e-05,-0.00022837546,-8.0908982e-06,-0.00019343995,-0.0002054908,-0.00016833569,-6.9571637e-05,-0.00021872678,-1.1956804e-05,0.00027054178,5.5442606e-05,2.4432461e-06,-0.001275192,0.0028399168,-0.00063845958,0.00060689408,-0.00037664297,-0.00016569026,0.00014564833,-0.00035036054,-0.0025525009,-0.00084250472,0.00023311247,2.9718529e-05,-0.0004058118,0.0003686982,0.00099364074,-0.00016975438,-0.00016111326,2.6427328e-05,0.00049380297,0.00018440991,0.00034845012,0.00023749154,0.00059528876,0.00018256152,0.00067225556,0.00027190589,-0.00075860438,0.00012041551,-2.3504914e-05,-4.2710029e-06,-2.741589e-05,-1.5060033e-05,3.8270366e-05,2.3394881e-05,-1.4089746e-05,-2.4375637e-06,6.3755576e-05,5.7804656e-05,-0.00018738235,4.9177432e-05,-6.6867792e-06,1.1389463e-05,-1.9791821e-05,5.5970887e-05,6.056318e-05,5.29111e-05,6.0438208e-05,6.0383418e-05,1.9873491e-06,3.9647377e-06,3.0241367e-05,9.1596812e-06,-3.2413597e-06,6.0176217e-05,5.355613e-05,0.00013054861,-5.4565655e-05,-7.0409807e-05,-4.1804194e-05,-7.6995964e-06,3.4707933e-05,-3.837225e-05,0.00064118551,8.5357393e-05,-3.7601451e-05,-6.4735736e-05,7.7551391e-05,6.5574765e-05,0.0001619355,-6.6129521e-05,-6.6335675e-05,0.00015910741,-7.0779873e-05,3.1526742e-05,-5.4677357e-05,-3.7337689e-05,-1.2846815e-06,0.00020522566,-0.00025641236,0.00041750458,-0.00021813073,0.00011707298,0.00026276125,-4.1713872e-05,1.0231033e-05,0.00014486686,6.9056761e-05,-0.00015056328,0.00013985593,-9.7823446e-05,1.970939e-05
"94",0.00015924657,0.00058290028,-0.00018758307,-0.00047746541,8.4798499e-06,-3.2797848e-05,9.8577778e-05,5.6782866e-05,-0.00022636218,1.1813304e-06,6.3285497e-06,3.3276001e-06,1.3012056e-05,4.0151388e-06,-4.9594718e-05,1.2805508e-05,-6.5320012e-05,-7.2564818e-05,-2.6969802e-05,-3.5486213e-05,0.00012775839,5.423211e-05,1.9976404e-05,-0.00010063102,3.3763568e-06,-2.0932914e-05,0.00017669656,-2.7073933e-05,-6.5449536e-05,-0.00019239727,-9.1415283e-06,-0.00013587191,0.00072909958,-0.00015054395,0.00016511626,-5.5540532e-05,-0.0012231632,-3.5238688e-05,0.00015999456,-2.6135497e-05,0.0001281655,-1.0198112e-05,0.00022967302,0.0007230697,-4.4275816e-05,-1.1823276e-06,-3.4078496e-06,-6.5432975e-05,-0.00032908627,0.00012294517,3.5074832e-06,4.3540679e-05,-8.1151308e-05,8.0798494e-05,0.00013722202,-0.00010845076,0.0002522542,-1.3593939e-05,5.7292918e-06,0.00012160498,-0.0001216234,-1.062742e-05,-1.7540676e-07,3.6970708e-05,-0.00020469374,-9.2262233e-05,-0.00032470201,-0.0010277717,4.7747818e-05,6.9992695e-06,-3.399445e-05,0.00017089709,-0.00014245462,-0.00012776544,-5.5875256e-06,-4.6661405e-05,0.00011523055,-6.8526734e-05,-9.1674872e-05,0.00012762847,-0.00023839353,8.1651946e-05,0.00010646633,-0.00021254186,0.00012369736,2.6848581e-05,-6.7300874e-06,0.0020216566,0.00052450417,0.00020842696,-6.8498033e-05,0.00020257856,0.00077412386,0.0023360752,-0.00013420111,-1.0099403e-05,0.00052874618,-0.00031791472,-0.0013257503,0.00033940194,-6.8702721e-06,-2.2095373e-05,-0.00027375366,4.9513724e-05,-0.00034479997,-0.00023293013,-0.00018781574,-0.00017519048,-0.00068822124,-0.00032873612,0.00024989988,-4.2855158e-05,9.5225809e-06,-0.0035122904,0.0075083978,-0.0013001531,-0.00010217031,0.00013303447,-0.00071329536,0.0001667462,-0.00081675806,-0.0020287041,-0.0028463818,0.00039070187,4.0701597e-05,-0.0013189737,0.00067760492,0.0043605742,-0.00058770518,-0.00023397675,0.0002120294,0.00077131188,4.8741655e-05,0.0007852096,-0.00011544032,0.0012809677,0.00038194896,0.0019930281,0.0010300995,-0.0015151166,0.00067579436,-7.574798e-05,1.0154433e-05,-8.4212361e-05,8.6623778e-05,7.635397e-05,0.00015051507,-4.2076345e-06,2.1123801e-06,-0.00011532281,4.9591129e-05,-0.00038695107,0.00015066721,2.3032393e-05,-6.7697681e-06,-9.0961911e-06,-7.7425119e-05,-6.1187932e-05,1.9928722e-05,-3.2366022e-05,6.750174e-05,-4.2890537e-05,-1.3155359e-05,-5.1566272e-05,-1.6421943e-05,-3.3731865e-06,3.3510828e-05,0.00015814147,-0.0001373368,-0.00011738865,-0.00022857076,3.7965186e-05,-8.1789195e-06,0.00024117539,3.0011624e-05,0.00065510302,-0.00047952944,-0.00015238023,6.2573945e-05,5.9963125e-05,0.00017263593,0.00018137799,-0.00010480688,7.0799546e-05,-0.0001414279,-6.3117412e-05,0.00013426597,8.665487e-05,4.899045e-05,-6.2856124e-06,0.00048890195,-0.00051910821,0.00049745235,-0.00048959672,0.00025365482,0.00070615774,-1.2870873e-05,-4.1767922e-05,-1.8817554e-06,7.6469655e-05,-1.1457868e-05,-5.7095392e-05,-3.3613811e-05,-0.0001586378
"95",-6.581102e-05,-2.0755059e-06,-0.00013870006,4.9098861e-05,-8.5043574e-06,-1.6150689e-06,4.267287e-05,-3.1786725e-05,1.3889647e-05,5.8589645e-06,7.0659674e-06,-2.2347992e-06,7.1157625e-06,-2.4625676e-05,-2.613936e-05,9.8729599e-07,2.4481782e-05,6.6867466e-05,2.4549009e-05,6.6395121e-06,6.8485282e-05,2.1683804e-06,-5.6228365e-06,4.0490994e-05,-4.2410226e-05,1.8275179e-05,-5.104204e-05,-3.4343818e-06,2.0242698e-05,9.3365776e-05,-3.3242025e-05,4.3275423e-05,6.8444671e-05,-0.00036218608,0.00057354415,-0.0010367633,0.0015801638,-0.00022434272,0.00019215055,7.1753961e-06,3.2925036e-05,5.1495139e-06,-1.8185064e-05,-5.0297832e-05,0.00014321156,-2.1278714e-05,5.2312157e-05,9.9333463e-05,-3.667252e-05,-3.7721015e-05,1.0056272e-05,2.5769272e-06,2.736853e-05,1.2318712e-05,-2.1585841e-05,1.5684615e-05,-3.1421583e-05,-5.1905826e-05,1.8955887e-05,1.9619903e-05,1.4833921e-05,-2.513365e-06,1.0273912e-06,-1.8017766e-06,-4.3299063e-05,-1.0646938e-05,5.5994126e-05,7.2769532e-05,-0.00021200713,3.0909886e-05,-0.00012584318,-9.6453709e-05,5.0372532e-05,8.6710379e-05,-8.3723828e-06,-1.7162532e-05,-7.122905e-05,1.8363538e-06,5.0098874e-06,-4.7198167e-05,8.1339058e-06,1.6663485e-06,-1.8493333e-05,-7.1556356e-05,9.415622e-06,-1.0796678e-05,1.5476859e-06,-0.00020301524,-0.00016389695,-4.1020997e-05,0.00010454418,2.9198504e-05,-0.00012101141,-0.00013420111,0.0004317046,-6.5522176e-05,0.00013696705,0.0001947107,-8.2826165e-05,-0.00013199715,-1.5137792e-06,2.2541123e-05,4.0728892e-05,6.3809563e-05,3.7682273e-05,9.713322e-05,-8.4814858e-05,-5.6826641e-05,0.00016218408,8.5168195e-05,4.2333408e-05,6.6627978e-06,-1.0671595e-06,0.00038687344,-0.00077660327,0.00015868582,0.00022712658,-0.00015024358,8.2541971e-05,-0.0001659429,2.3118911e-06,0.00027795146,0.00016350753,-0.00062834017,8.8025687e-05,-0.00011759706,-0.00021678777,-0.00016428925,0.00024997118,3.0662296e-05,-4.8410705e-05,-9.6053615e-05,-6.6499228e-05,-6.4810803e-05,-8.3608431e-05,1.502161e-05,0.00010632489,-0.00031004855,-0.00017620341,5.6074727e-05,-9.4522359e-05,7.7185903e-06,2.4863555e-05,4.780345e-06,2.4594994e-05,-2.7903561e-05,-3.4895509e-05,2.9368483e-05,-7.6882734e-06,0.00010445378,3.7068478e-05,-6.3453545e-05,2.2095743e-05,2.0464755e-05,-2.2845862e-06,3.8365569e-05,9.341704e-06,2.6785135e-05,3.7639763e-05,1.6962224e-05,3.1663628e-05,4.7523383e-06,-3.3181984e-05,3.6564582e-05,1.5128611e-05,-3.5323923e-07,-6.0240193e-05,-1.6439653e-05,-6.4474289e-05,-1.712509e-05,7.9985616e-05,-2.9448567e-05,4.6565731e-06,-3.8163158e-05,-7.1873909e-05,-6.5760768e-06,7.0192458e-05,-2.7575373e-06,4.2187142e-06,-4.2670101e-06,2.5998876e-05,3.0122772e-06,-1.0952404e-05,-1.6865865e-05,-4.3707965e-05,-5.8580472e-05,0.0001016754,-3.2597392e-05,-6.0949254e-05,3.3609543e-06,-3.9168929e-05,3.4748006e-05,-1.5815187e-05,4.5534377e-05,-1.3974124e-05,-0.00012043767,-8.8231135e-06,-1.3684754e-05,4.6971442e-05,-3.0193008e-06,-2.4967843e-05,3.734853e-05,-9.1613292e-07,-7.3554842e-05
"96",2.6333585e-05,-4.1212009e-05,-4.432326e-05,2.6950321e-05,-9.425037e-06,5.411414e-06,7.9895746e-06,3.9187206e-06,2.3758734e-06,3.4790198e-06,6.9963979e-07,1.4796454e-06,-3.4727972e-06,8.3869759e-06,6.3073911e-06,1.418635e-06,-6.1968935e-06,-3.4568164e-06,-2.8485597e-05,-1.4201542e-06,-1.3027305e-05,1.6586225e-06,-1.9028822e-06,-1.5197155e-05,1.171067e-05,-1.1259361e-05,2.9716519e-05,-1.0746384e-05,-7.3314563e-06,-3.7954414e-05,3.1308258e-06,-6.3460781e-06,-6.1394547e-05,2.5658515e-05,-4.9642047e-05,3.9449217e-05,-1.1620215e-05,1.8242493e-05,2.0999772e-05,2.2687966e-06,-4.4464455e-06,3.6016044e-06,-9.3225326e-06,2.7776854e-06,-2.0449431e-05,8.0606651e-06,-3.0749684e-06,3.1889331e-07,-2.7696278e-05,-2.5400149e-05,-4.7120149e-06,-1.2340414e-06,-6.9835745e-06,-8.0380075e-07,3.6104069e-06,4.7806298e-06,-9.2592775e-07,-2.55788e-07,3.0884974e-06,3.7760048e-06,-8.5277107e-06,1.8969346e-07,-1.0352959e-08,-4.4889058e-06,1.0729967e-05,4.2464239e-06,6.407582e-06,-8.1784519e-06,2.9784959e-05,-1.0674995e-05,2.3760504e-05,-5.511806e-06,2.5705278e-05,2.3787463e-05,5.9476734e-06,2.5027658e-06,9.7440381e-06,-1.9871682e-06,-2.6511577e-07,-3.0174908e-06,9.593322e-06,7.8932751e-06,-5.4326224e-06,8.1706472e-06,9.3858954e-06,3.1185579e-06,-2.7452485e-07,-3.3853201e-05,4.5621978e-05,1.3162088e-05,-4.1519385e-06,1.2280299e-05,-8.4400098e-06,-1.0099403e-05,-6.5522176e-05,2.6480015e-05,-1.1511111e-05,1.2174525e-05,-4.2442672e-05,-5.4711539e-05,-2.8056512e-06,-1.7142762e-06,-1.2058982e-05,-1.3133539e-05,6.0569016e-06,-4.7819089e-07,2.2752494e-05,-2.0737803e-06,5.1611543e-06,4.4932199e-06,-2.8058302e-05,-7.7668767e-06,2.0504458e-06,3.9396012e-05,-0.00019921191,3.1120414e-05,-6.1595816e-05,6.6773257e-05,-6.7642807e-06,9.2694469e-06,-5.0675521e-06,3.9468289e-05,-1.0892806e-05,8.9099317e-05,-3.7273051e-05,1.4493671e-05,-3.6443719e-05,2.6421078e-05,6.4157272e-05,9.5568541e-06,-2.018786e-06,1.8907532e-05,9.4067485e-06,-6.2154622e-06,8.441786e-06,-6.1067724e-05,-1.2958305e-05,-3.9188158e-05,-2.9201663e-05,5.0388293e-05,7.8708484e-07,-1.7609131e-06,-5.0465547e-06,4.4394451e-06,-3.3104081e-06,5.2208917e-08,3.8198758e-06,-5.9791721e-06,3.1514606e-06,-3.807577e-06,-2.2382953e-06,1.2324158e-05,-1.4886814e-05,-6.6426929e-06,2.1924486e-06,-2.8964891e-06,2.8007703e-06,1.1524192e-06,-2.439578e-06,-1.2001569e-06,-7.2476034e-06,1.7537052e-06,1.5503115e-05,-3.2441469e-06,-5.4833717e-06,1.7677463e-09,8.5235629e-08,-5.7856959e-06,1.6611851e-05,-1.4311491e-05,-2.3771193e-05,4.0359677e-06,-3.2325986e-06,-2.075899e-05,-1.1965102e-05,-2.0856382e-05,3.7148479e-05,-2.0832808e-06,-1.4026538e-06,7.8019146e-06,-1.4659229e-05,3.2904199e-06,3.1320513e-06,-3.8523209e-06,4.2874111e-05,-4.6947806e-07,-4.8023814e-05,1.1402852e-06,1.1781496e-05,-1.4832648e-06,-2.7599844e-05,3.8148435e-05,-4.7783744e-05,1.6763907e-05,-8.6316317e-06,-1.1177928e-05,2.3978593e-05,-2.5865622e-05,-4.3916731e-06,-4.1585414e-05,5.0074384e-05,-2.0425473e-05,1.0149749e-05,-1.962425e-05
"97",-0.0014540401,0.0023554492,0.001486235,-0.0025688961,0.00032399311,-0.00023266825,-0.00066096955,-6.5050638e-05,-0.00056442289,0.00014201701,-7.8198001e-05,-2.7943063e-05,9.4051733e-05,1.3414005e-05,1.9966004e-05,-0.00016238486,-3.9185853e-05,-0.00028023891,0.00089950598,-0.0003325751,3.0029632e-05,-6.4751587e-05,0.00010622781,-4.728045e-05,-0.00011822221,2.0950508e-05,0.00012676862,0.00014921483,-9.1923064e-05,-0.0003236751,0.00013453186,-0.00029296797,0.0017937653,-0.00077583597,0.0012658239,-0.0008912114,-0.0037532459,-0.00053653064,0.00086598584,-5.1177838e-06,0.00020357466,0.00033182441,-0.00016664433,-6.9522227e-05,4.2697364e-05,-1.0367088e-05,0.00093046189,-0.0002525436,0.00097978095,2.1686663e-05,0.00013627193,-8.9572586e-06,8.6090019e-05,-6.9694385e-05,0.00012401681,-0.00021769543,0.00040675748,0.00020125292,-0.00013232953,0.00028805376,4.2741123e-06,-3.014177e-06,1.9848476e-05,-1.8393331e-06,-0.00039010356,-0.00065584641,4.6234581e-05,0.00018159623,-0.00014008942,4.0240625e-05,-0.0012699002,0.00031022907,-0.0014244717,0.0002274252,-0.00026272662,1.0558671e-06,-4.7209072e-05,-3.1263326e-05,-2.0664737e-05,0.00060201989,-0.00053333413,-0.00021955528,0.00027202762,-0.00037708125,-0.00026641383,5.1308124e-06,-5.4246447e-05,0.0071762362,0.0018608398,0.0011035889,-0.00055778293,0.00056647213,0.00020643781,0.00052874618,0.00013696705,-1.1511111e-05,0.0039318424,-0.00051358199,-0.00023895674,0.00031539075,-2.5628121e-05,-0.00028726653,7.3357186e-05,0.00053800587,-0.001038014,-0.00063152336,-0.0014886602,0.00022670047,-0.0020373815,-0.00096160076,0.00096742886,-0.00022299931,1.7918426e-05,-0.010955856,0.024064684,-0.0016468123,-0.0021299863,-3.4178214e-05,-0.0024590654,0.0011797626,-0.0020529823,-0.0031472177,0.00022137338,0.00032782793,0.00010954018,-0.0072385588,0.00090169063,0.0077569009,-0.00094838234,-0.00040352644,0.001015151,0.00060601177,-0.0011359176,0.0027364137,-5.8672597e-05,0.0050364472,-0.00022270172,0.0062316833,0.0031083342,-0.004656687,0.0018203786,-0.00021420599,0.00013808156,0.00010011534,0.00013889878,0.00018931053,9.9884428e-05,9.8980295e-05,9.9742649e-06,-0.00028816634,6.8372802e-05,-3.5644288e-05,-0.00016865426,4.5684399e-05,3.7326301e-05,-0.00019640215,4.5133239e-05,-0.0002062986,-0.00017062423,-7.5618174e-05,-0.00040535213,7.005182e-05,-0.00022134625,0.00015879214,0.000129523,1.1774333e-05,-9.8856287e-05,5.8302194e-06,-2.2616622e-05,2.1687485e-05,0.00037156841,-0.00012817182,-4.0451067e-06,2.0318878e-05,8.1565146e-05,-0.00043364154,0.00042174681,-8.3170013e-05,-5.3186843e-05,-4.893412e-05,2.5484741e-05,-2.1017742e-05,-4.5953149e-06,4.5315499e-05,-0.00026044792,-0.00023797638,0.00032792634,-0.00011812277,-0.00022243577,1.703784e-05,0.0023728574,-0.0029463285,0.0034252763,-0.0017435061,0.00066430274,0.001242338,-0.00067387495,0.0012076612,-0.00049277622,0.0013093198,-0.0019237806,0.00014862478,-0.00019197947,0.00010057465
"98",0.00086975976,-0.0016119613,-0.00086767486,0.0014719568,-0.00026905515,0.00017948837,0.00036496767,0.00011375702,0.00028784944,3.2700126e-05,4.1693576e-05,1.2553806e-05,-0.00011598223,1.853555e-05,-3.196873e-06,3.9513222e-06,8.432208e-05,0.00021316096,-0.00035232979,8.3885488e-05,-2.6342783e-05,-1.0435581e-05,-6.2326983e-05,-1.9835443e-05,4.1649601e-05,-3.2673671e-05,0.00016793223,-9.3789471e-05,8.5270968e-05,0.00036505643,-0.0001979712,8.6747059e-05,6.9623732e-05,-9.4435953e-05,5.8867309e-06,-0.0015977182,0.0050340257,-0.00036343751,0.00076685748,-1.9777394e-05,-0.00013424301,-0.00015197625,0.00010297715,6.3455218e-05,9.478749e-05,-1.8421691e-07,5.1643666e-05,0.0015548734,-0.00067180998,1.9296929e-05,-9.725145e-05,-8.2092871e-05,4.3225294e-06,-0.00012039541,-7.6240376e-05,0.00026824086,-0.00018675633,-1.9574817e-05,-6.1920405e-05,-0.00022824907,8.0030234e-05,-2.5786384e-05,-2.4345838e-05,-3.8598661e-05,0.00022644799,0.00035778401,-4.0705432e-05,-0.0001005511,-9.1922724e-05,-1.0666138e-05,-1.0823707e-05,-0.0018411993,0.0011085297,3.7768949e-06,0.00016480498,8.1159539e-05,-5.9281234e-05,8.0500874e-05,-7.0735178e-06,-0.00041556212,0.00028365765,9.2268351e-05,5.876518e-05,0.00025737579,5.6081345e-05,1.5063924e-05,4.9019212e-05,-0.0040990548,-0.00066938645,-0.00059618953,0.00042028487,-0.00030860146,-0.00011612318,-0.00031791472,0.0001947107,1.2174525e-05,-0.00051358199,0.0045877481,9.0982748e-05,-0.00023945148,6.7203172e-05,9.1762211e-05,0.00021595864,-0.00010295183,0.00076844506,0.00057917319,0.00099011249,4.1128737e-05,0.0011311167,0.00062230816,-0.00057739664,0.00013218934,-2.2144501e-05,0.0066780908,-0.014817403,0.0015576447,0.00025507285,0.00016298952,0.0013993533,-0.00079255235,0.0014197483,0.0021637233,-0.00011688034,-0.00052173679,-0.00010028286,0.001768906,-0.0061470009,-0.0042490531,0.00076217073,0.00021092157,-0.00047892101,-0.00092557688,0.00025075791,-0.0017437821,-0.00015537177,-0.0034477747,-0.00026118101,-0.003561896,-0.0019257901,0.002945909,-0.0011834667,0.00014276252,4.7855823e-05,4.1967064e-06,8.2224401e-05,-6.2141603e-06,-3.5059156e-05,3.8848829e-05,-7.8105784e-06,0.00015881165,2.2352804e-05,0.00010872871,-0.00011657919,2.8866382e-05,-1.4533221e-05,0.00010272212,-2.7062974e-05,1.3846988e-05,4.0732477e-05,5.1097988e-05,0.00017452624,4.5104389e-05,3.3632262e-05,4.8480117e-05,-1.4200445e-05,-2.6808191e-06,-4.6867915e-05,1.1021804e-05,-0.0001201243,-8.379461e-05,3.9720985e-06,-5.1354026e-05,-7.3366175e-06,-0.00022453907,-0.00026000871,-8.0466673e-05,0.00031217492,-6.1246682e-05,3.2705126e-05,-0.00016387232,-7.1593463e-05,9.4089604e-05,3.3944269e-06,-0.00021336411,-0.0002148353,9.76805e-05,-7.3462241e-05,-0.00010189266,-1.0440491e-05,-1.0259811e-05,-0.0014220552,0.0017510272,-0.0020309319,0.0010102501,-0.00039310508,-0.0011084312,0.00034083575,-0.00050292106,0.0001736173,-0.0005862103,0.00071774767,-5.6999139e-05,-2.4130038e-05,6.9641288e-05
"99",-0.00074581237,0.0017822303,4.5391878e-05,-0.00039232072,0.00018491587,2.2755229e-05,0.00025593385,6.6552119e-05,-8.0121934e-06,-9.8183895e-05,-4.8796434e-05,-4.3074984e-05,-9.2227486e-05,2.154511e-05,-0.00010683613,0.00023455622,-0.0001422085,0.00040557858,0.00058084369,0.00091544647,0.00020494637,-9.0640143e-05,-0.00011606971,0.00050925194,5.4941888e-05,-9.2810689e-05,-0.00038934225,0.00011863657,0.00039928105,0.00094095812,-0.00037420886,0.00089279801,-0.00013973124,0.00043414643,-0.00027812808,0.0021257529,-0.0045850425,0.00022902032,-0.00025511677,5.9987248e-05,0.00028660938,-0.00014714309,-0.00022331971,-0.00049992731,-4.3698716e-05,-2.4927609e-05,9.5528017e-05,-0.00021620427,0.031295628,-0.00017059627,6.7940146e-05,-3.4670215e-05,0.00023732144,9.4764942e-05,0.00010731765,-0.00030520867,0.00010600242,7.3699445e-06,-0.00012142988,4.9717859e-05,-0.00023007657,-4.9331528e-05,9.7607167e-06,-2.5567396e-05,-0.00021743643,5.6640652e-05,0.00030261728,0.00079110403,6.8316792e-05,3.2135023e-05,-0.00018891074,0.00040886126,-0.015493272,0.000756761,-0.00022395043,-0.00014522146,-0.00037145185,9.1051561e-05,-0.00016423196,0.00068403378,-0.00029294179,-0.00031709683,0.00011975905,-0.00025105462,0.00014814363,9.1421548e-05,-2.4655286e-05,-0.00082837019,-0.0049320315,-0.00031972775,0.00053819348,-0.00095177713,-0.00013770176,-0.0013257503,-8.2826165e-05,-4.2442672e-05,-0.00023895674,9.0982748e-05,0.070755212,-0.00042373264,0.0001503454,-0.00025410983,-5.4524094e-05,-0.00014188497,0.00032011675,-0.00053707625,1.0428251e-05,0.00022288797,3.2584868e-05,0.00026131937,-0.0010488781,1.5914067e-05,-2.5207185e-05,0.0023704611,0.00097628868,0.00052042726,0.0077251461,-0.0042371848,0.00092170329,-0.0011131376,0.0018760801,0.00013415484,0.0021783899,-0.00014257495,0.00010898467,0.001576688,-0.00016867656,-0.10301106,0.0010425753,-0.00023743478,0.00058581366,2.7480524e-05,0.00019239865,-0.00081688079,0.0014198486,0.00027108204,0.00064986519,0.00025024606,0.00022484,0.0021494259,-0.00043215377,3.0966962e-05,3.0670917e-05,0.0001929928,-0.00028625854,-0.00044819654,-0.0011445634,-2.4152642e-05,1.7471502e-05,0.00028319972,-5.6128556e-05,0.014409496,-0.0013399021,0.00016486062,-9.9556897e-05,-9.1705195e-05,7.8119086e-05,0.00024290827,-0.00022983075,4.0493049e-05,0.00044747482,-3.0629956e-06,-0.00022380147,5.4413496e-05,-2.1915115e-05,4.7402695e-06,0.00015700377,-0.00061444459,0.00043493941,0.00086528169,0.001430706,-0.00011750773,-7.8907551e-05,0.00014084752,0.00019755053,0.0084427603,0.0023041013,-0.0002323799,0.00030615433,0.00020043093,-0.00013542074,-6.4772704e-05,0.0005853184,-0.00028192938,0.00017556612,-0.00030416514,0.00074851651,0.00043156591,7.4556615e-05,-2.319565e-05,0.00028812522,-0.00047211357,0.00044324427,-0.0001331322,6.7946562e-05,-0.00049543007,-0.00076765522,0.00059349216,0.0004060024,0.0008693463,-0.0011463958,0.0013760186,0.00067168247,-0.00056067532
"100",-0.00011343768,0.00079466342,0.0012751864,-0.00064190065,0.00015141481,-8.4510607e-05,-0.00039039774,-1.4956886e-05,-0.00014122839,-1.2730978e-05,-5.8155971e-05,-1.5765712e-05,3.2631125e-05,-6.4046111e-05,5.9260056e-05,-1.6658464e-05,-1.2897768e-05,-3.4764236e-05,0.00020337537,-5.6510117e-05,9.0586199e-05,-1.7134735e-05,4.8975773e-05,4.132841e-06,-4.6823475e-05,5.561149e-05,2.003018e-05,-5.7458491e-06,8.807251e-05,-8.4926166e-05,5.2133519e-05,-0.00012880803,-5.2938323e-05,-8.5137779e-05,-0.00027668874,0.00038964515,-0.0021800079,0.00013859369,-0.00062845167,-1.3128366e-05,6.7705589e-05,-2.896694e-05,0.0001306279,7.2141952e-05,-7.4236246e-05,-1.7892553e-05,-6.7290366e-05,-7.6601793e-05,0.00020114817,0.00081606665,6.492189e-05,-1.9777721e-05,4.3796487e-05,-1.0095873e-05,-1.4114934e-05,7.5597514e-05,0.00011482689,0.0001307857,-6.2468192e-05,-4.2331282e-05,1.6521878e-05,-8.1886402e-05,9.8464639e-06,-2.623764e-05,-0.00010139573,-2.3327913e-05,-9.5073649e-05,9.0348115e-06,0.00011419859,2.447838e-05,0.00012072465,0.00010760143,-0.00032056301,-0.0013173783,-6.7558412e-05,5.7647211e-05,5.7784904e-05,4.4516089e-05,7.3535062e-05,-8.580444e-06,-0.00011245375,-0.00015215417,0.00010775321,0.00012379624,-7.234016e-05,0.00016678749,-2.2564057e-05,0.0019281416,0.00048579153,0.0001478946,-0.00011928117,-8.6089208e-05,0.00020446435,0.00033940194,-0.00013199715,-5.4711539e-05,0.00031539075,-0.00023945148,-0.00042373264,0.0034513906,-3.6583308e-05,-0.00012048785,-5.3258268e-05,5.4156358e-06,-0.00037783065,0.0002261663,-0.00040615842,0.00011664278,-0.00064823497,-0.00050531346,0.00039928396,-0.00019606012,7.1996128e-06,-0.0029464505,0.0075814187,-0.00059844835,-0.00033368348,0.0001226652,-0.00043314245,0.00026986378,-0.00026731835,-0.0010644902,-2.9649778e-05,0.00037374755,9.620048e-05,-0.001002199,0.00045945697,0.0027992483,-0.0051083639,-0.0001274159,0.00035343156,0.00031856412,-0.00012530983,0.00087625491,-0.00073694605,0.0015856565,-0.00012095349,0.0018451209,0.0011858263,-0.0014960059,0.00073598327,-6.2684403e-05,-1.7817464e-05,-6.0126137e-05,0.0001418519,0.00010814709,0.00018107466,2.6461869e-05,-9.5833833e-06,-0.00019844477,-0.00010724177,-0.00013816107,0.00048109419,8.2495414e-06,-4.6456926e-05,-0.000125681,-1.8060796e-06,-9.7764441e-05,-7.1156762e-06,-4.7460458e-05,-0.00012335343,4.0130987e-05,-7.3428574e-05,-7.2729268e-05,-6.9821927e-05,2.1588546e-06,0.00013830958,-5.3678445e-05,-0.00022626586,0.00018225297,-0.00020768542,1.1338214e-05,3.1933273e-05,0.0002548236,0.00038173636,-2.8143831e-05,-0.0014435631,6.3633676e-05,5.2192246e-05,0.00011931943,-4.159662e-05,-3.5482858e-05,-0.00012243643,3.9319184e-05,-4.9095594e-05,1.476006e-05,0.00014044132,0.00019372085,3.6952326e-05,5.2469031e-06,0.00073208254,-0.00088384239,0.0010244814,-0.00053214205,0.00022363069,0.00035270524,-0.0001812269,0.00030834552,-0.00013964646,0.00032785291,-0.00026249659,-5.7649025e-05,-8.6085426e-05,0.000772061
"101",-0.0001116566,1.0972356e-05,-2.7462586e-06,-4.2985877e-05,1.7877567e-05,1.1907825e-05,2.9474733e-05,1.1534652e-05,2.0666181e-05,-1.8951259e-05,1.0307475e-06,-4.5497766e-06,-1.9669018e-05,2.8217884e-05,-1.2658613e-05,7.2415005e-06,2.166671e-05,1.6598633e-05,1.095509e-05,4.2296385e-05,-3.8882095e-05,4.9550701e-06,2.0086288e-06,0.0001075295,4.5377798e-05,-6.2162756e-05,7.8314102e-05,2.535133e-05,-1.0962422e-05,7.293039e-05,2.3871915e-05,4.3140621e-05,-1.1834921e-05,-0.00011926287,0.00023430817,-0.00052603635,0.00093820662,-4.6879167e-05,0.00021077314,-1.7144531e-05,-4.0195872e-06,2.6927199e-05,-5.664862e-06,-8.3457602e-06,1.1789784e-05,-4.0151099e-06,1.6414167e-05,-3.5570362e-05,8.9820938e-05,2.7760099e-05,7.2106414e-05,-1.7713547e-05,-4.3952109e-06,-2.7487299e-05,8.6329106e-06,-1.0338372e-05,2.687623e-05,-1.3346263e-06,-4.363075e-05,-1.1268759e-05,-1.8151611e-06,-6.1910339e-06,-2.3117954e-06,1.9166451e-05,3.3764667e-07,-2.4606203e-05,6.8611626e-06,9.9732901e-06,-1.6356794e-05,5.6324166e-06,-4.3388169e-05,2.8853751e-05,-9.1303515e-06,8.799729e-06,-0.00011257995,1.4649142e-05,-2.4722573e-05,3.0521942e-05,-7.4224806e-06,2.3606647e-05,-3.7114096e-05,-2.7217893e-07,2.9308272e-05,2.8649188e-05,-9.0436834e-06,-5.1163542e-06,3.3467043e-06,-0.00011628026,-0.00016042942,-4.0888751e-05,-6.1605011e-06,-4.6416107e-06,1.9892887e-06,-6.8702721e-06,-1.5137792e-06,-2.8056512e-06,-2.5628121e-05,6.7203172e-05,0.0001503454,-3.6583308e-05,0.00028379127,-3.4699956e-05,2.2625218e-05,4.9722951e-06,-3.1394646e-06,-1.7639453e-05,5.3415396e-05,1.4921287e-05,-1.0394086e-05,2.6910827e-05,-3.3932652e-05,3.6142395e-06,-4.4955428e-06,0.00012831364,-0.00033558659,-0.00012176923,0.00024309993,-1.3759321e-05,6.619935e-05,2.7939768e-05,-2.3023524e-05,-3.0494176e-05,7.3645702e-07,1.6723025e-06,5.1960367e-06,4.3505831e-05,-8.3338754e-05,-0.00019166086,-9.5659251e-06,-0.00042405758,2.9520493e-05,-3.7348983e-05,5.7258051e-05,-5.459498e-05,-8.0099035e-06,-0.00013333561,-2.9829751e-05,1.4455935e-05,-5.5234317e-05,8.0858092e-05,-1.6094454e-05,7.6088626e-06,-4.4457994e-06,-2.011209e-06,-8.8937343e-06,-1.9178738e-05,3.4079862e-06,8.5913655e-06,-4.0913556e-06,6.2312743e-05,2.4065525e-05,3.8865509e-05,-3.1851922e-05,1.3885319e-05,-7.5006158e-06,-4.0696676e-06,4.1024012e-05,3.4992645e-05,-2.2295891e-05,-1.5660055e-05,3.0559188e-05,1.4059329e-05,1.9224711e-05,2.4643127e-05,6.0121683e-08,-1.6257298e-07,-2.8199501e-07,3.9156828e-05,-6.7967546e-05,-1.0747012e-05,-0.00010136366,2.7299934e-05,-8.2131475e-06,-9.7217164e-05,-5.6875325e-05,4.8036113e-05,0.00011819241,-5.4694954e-05,5.0465215e-06,3.1725458e-05,-2.6433802e-05,-3.5397366e-06,7.3154951e-05,-2.327588e-05,-3.2120742e-05,3.855444e-05,-7.9911122e-05,-0.00011469379,-1.6995383e-05,-6.6094413e-06,9.2947305e-07,-3.6247751e-06,-1.1399146e-06,1.4495994e-05,1.016782e-05,5.4495736e-06,-1.8398762e-05,1.3257122e-05,4.977239e-05,3.5576694e-05,-5.3227169e-05,2.5439041e-05,-8.1493287e-06,-1.030736e-05
"102",8.9331334e-05,-0.00023766961,-0.0002617649,0.00030234051,-2.3934725e-05,2.6950322e-05,8.3561218e-05,9.7956971e-06,8.3856461e-05,-1.8347311e-06,1.4067424e-05,-3.771876e-06,-9.9211829e-06,-1.1517373e-05,1.4241374e-06,-2.5947317e-06,4.0239959e-05,8.0664993e-06,-8.9467606e-05,-2.6761271e-05,-3.1798459e-05,1.533743e-05,-2.2689166e-06,1.1813863e-05,4.6543961e-06,2.5724248e-05,-2.3214516e-05,-8.286146e-06,-8.0531295e-06,1.4443505e-05,3.36878e-05,-2.1902329e-05,-4.9061751e-05,6.4667739e-05,4.3793973e-05,-0.00032043265,0.0012333107,-6.8944173e-05,9.061345e-05,-4.5259542e-05,-3.7442985e-05,-4.2715498e-05,2.658493e-05,2.2242008e-05,9.9820939e-06,-1.8755096e-06,-5.9646576e-05,-9.834996e-06,-0.00018295289,-2.5962488e-05,-3.2595015e-05,6.3325022e-05,1.7242421e-05,8.7743221e-07,-3.4036463e-05,1.3875981e-05,-5.2391334e-05,-2.583877e-05,2.7463041e-06,-2.0278812e-05,5.3614736e-05,-7.2341415e-07,-6.8071416e-06,6.1528913e-05,4.2582492e-05,7.3267117e-05,-2.9881858e-05,-5.2597076e-05,-1.9318402e-05,-7.971973e-07,7.208478e-05,1.5545718e-05,6.4785585e-05,8.3214988e-05,4.1933564e-05,-0.00010425142,-5.2841791e-05,3.2651635e-06,2.6479704e-05,-5.7651846e-05,2.9339751e-05,1.8573076e-05,-5.340968e-05,1.9951716e-05,-5.5032327e-05,-1.1289752e-05,1.4665035e-05,-0.00087809136,2.3899558e-05,-0.00022303159,-8.7098771e-06,-8.3124302e-05,1.783688e-05,-2.2095373e-05,2.2541123e-05,-1.7142762e-06,-0.00028726653,9.1762211e-05,-0.00025410983,-0.00012048785,-3.4699956e-05,0.00025660192,8.3290448e-05,-3.0472311e-05,0.00012402912,0.00010811369,0.0002238014,4.1095719e-06,0.00027610039,0.00014196819,0.00017288363,3.118712e-05,-1.5141798e-05,0.0014141932,-0.0036133748,0.00031676576,-0.00025845456,0.00024416332,0.00043782824,-5.577933e-06,0.00028357777,0.000419412,-0.00014310945,-9.1409415e-05,-1.556509e-05,0.00064782374,-0.00014054044,-0.00046810049,0.00023056411,0.00011787824,-0.00044560669,-0.00019429894,5.0217909e-05,-0.00035127208,-3.7720937e-05,-0.00078884712,-7.5520178e-05,-0.00097733057,-0.00049154541,0.00023656108,-0.00026020519,4.5688331e-05,-1.2475307e-06,1.2968046e-05,1.0678311e-05,-6.8597346e-06,-1.002349e-05,-9.0972753e-07,1.3755226e-06,2.0504286e-05,1.8516102e-05,-0.00014836943,-5.3458563e-05,-6.1586429e-07,8.3866371e-06,2.8817229e-05,2.2375549e-05,1.6219857e-05,1.0183222e-06,3.087049e-05,2.8536433e-05,1.4933044e-05,1.2623414e-05,1.0858185e-05,-6.6850266e-06,-1.8236883e-06,-1.6438758e-05,-2.7808082e-05,-1.4748207e-05,-5.2186292e-05,6.2630814e-05,-7.9353016e-06,1.3037052e-06,-5.8346583e-05,-4.6458663e-05,0.00048380475,0.00010834136,-1.6670304e-06,-3.2132399e-05,-1.7410276e-05,-5.4541247e-05,4.6543577e-06,3.5259617e-06,-1.910207e-05,-2.9064042e-05,5.2828099e-05,-3.3281952e-05,-1.9281931e-05,-1.7207177e-05,2.0833548e-06,-0.00027840932,0.00034116013,-0.00039864416,0.00024209656,-0.0001103793,-0.00017855432,9.7015527e-05,-0.00012522516,3.9320776e-05,-0.00013439938,0.0001810981,-8.4492472e-05,-5.606764e-05,3.3991759e-05
"103",-0.00020432394,0.00011546976,-0.00023688649,-1.4751128e-05,-5.7631192e-06,-1.075752e-05,7.3344139e-06,2.1124108e-07,2.7871005e-05,8.6746128e-06,7.6858169e-06,-2.7411185e-05,7.1785661e-06,-2.6643079e-05,4.7650655e-05,-2.2967876e-05,7.9318222e-05,-8.5575148e-05,0.00011767758,-3.7540903e-05,-5.0115227e-05,-2.2817806e-05,9.9952847e-06,0.00016951354,-6.3760111e-06,3.3898722e-05,-3.4760939e-05,4.9245167e-05,-3.0250412e-05,0.00023039999,4.4004068e-05,-0.00010974411,0.00043141822,-0.00010648642,0.00024047212,-0.00064059298,0.001022384,-8.6028219e-05,-4.7591523e-05,-6.4274145e-05,4.3331958e-05,-0.00011532565,-8.6661637e-05,-0.00011671349,2.7132335e-05,-5.2545531e-06,-4.9870282e-06,6.2018814e-05,0.00024479216,1.6287908e-05,-7.2369662e-06,3.3752614e-05,0.00051023541,4.4691867e-05,-2.3620685e-05,0.0001100057,-7.8835703e-06,-2.5278209e-05,1.796626e-05,-4.3046257e-05,-0.00016102884,-2.6570477e-05,-1.9502057e-05,8.2703316e-05,-2.9323277e-05,0.00015851181,0.00010629369,0.00015467648,-7.4271596e-05,7.6255519e-06,2.8296965e-05,-0.00011960268,-0.00017408941,0.00011236512,-1.4850846e-05,-6.7649022e-05,-0.00069807052,-7.1640512e-05,5.120402e-05,-6.3231276e-05,3.344826e-05,6.5076321e-05,-3.0974943e-05,5.334074e-05,0.00022303524,3.7929775e-05,2.49127e-05,1.2100992e-05,9.2879374e-05,-7.5927994e-05,-1.5089516e-05,-8.3363448e-05,-0.00022837546,-0.00027375366,4.0728892e-05,-1.2058982e-05,7.3357186e-05,0.00021595864,-5.4524094e-05,-5.3258268e-05,2.2625218e-05,8.3290448e-05,0.0014445094,6.5808296e-05,2.0812879e-05,0.00031792583,7.9752512e-05,6.0022723e-05,-1.242817e-05,-0.00027632549,-0.00019447592,-4.1072829e-05,-5.9693612e-05,0.00030603219,-0.0015638736,0.00014056171,-0.00041221409,0.0001366155,9.4671761e-05,2.0877103e-05,0.0002378785,0.00060416649,0.00041522632,-9.2200055e-05,1.3792476e-05,5.4267394e-05,-0.00048276522,-0.0003137959,0.00012331335,1.5860505e-06,-0.000115343,-0.0021315399,-7.0573224e-06,-4.5344947e-05,-0.00047739756,-0.00035808203,-7.178828e-05,-0.00025846945,0.00036369093,0.00065935952,-8.7152767e-05,9.1184123e-05,1.1768818e-05,-4.2423953e-05,1.0394394e-05,-5.310517e-06,2.3116458e-05,2.8074887e-05,-1.9064493e-06,-1.6629037e-05,2.8510922e-05,-3.6599732e-05,-8.9470749e-05,-8.2290924e-06,1.5933828e-05,1.8750823e-05,3.0155875e-05,-3.7057108e-05,3.5399781e-05,-3.2132139e-05,-8.2627445e-06,-7.8887975e-05,-7.7044023e-05,1.6874415e-05,6.3188517e-05,-5.5309223e-07,2.132883e-05,4.0030874e-05,-6.4126854e-05,6.3606257e-05,6.579786e-05,1.1439043e-05,8.112823e-06,-6.1603148e-05,-0.00014360106,-7.5711382e-06,0.00017373518,4.4772672e-05,-4.5385896e-06,-6.1171825e-05,-3.0127439e-05,-0.00010037166,-1.9795284e-05,8.1237866e-05,-0.00020621722,0.00015226127,0.00021583732,-0.00012752044,-8.6201181e-05,2.3600112e-06,2.4224128e-05,-3.5797736e-05,4.6743506e-05,3.8933033e-05,-2.8952584e-05,-0.00011505132,-0.00010449425,0.00017021762,-1.7109448e-05,0.00020560723,-0.00027486573,-1.0343279e-05,-3.4946925e-05,4.3216074e-05
"104",-7.6082684e-05,0.00035759879,-0.00014141027,-0.00033288538,1.9593584e-05,-8.8759827e-06,-2.3228529e-05,5.047748e-05,-0.00014539289,5.7121522e-05,1.7507931e-05,-1.8838949e-05,1.3074411e-05,6.0164738e-05,1.1130194e-05,-3.3605148e-05,-7.269965e-06,-3.8517033e-06,5.9443934e-05,-0.00011040847,5.1012481e-05,9.2112134e-06,1.8207168e-05,6.1115808e-05,2.0091973e-05,-3.283964e-05,0.00012176937,-6.1851376e-05,5.6289464e-05,5.8619938e-05,-0.00010910316,-7.1249046e-05,0.0009133083,-0.00040496011,0.00051783127,-0.001126322,0.00057946181,-0.00032197953,0.00027632314,4.1064002e-07,2.7273421e-05,7.0770459e-05,3.8175028e-05,9.4072946e-05,3.1233601e-05,-6.088879e-06,-1.7821105e-05,-0.00021040584,0.0003716106,5.7663906e-05,-1.0967865e-05,-1.9231133e-06,6.6094166e-05,0.0005022204,0.00034611568,-2.6191288e-06,0.00015736544,3.8458494e-05,-2.2040012e-05,4.9462707e-05,-0.0001907484,-2.8352024e-05,6.0853206e-06,-1.5249623e-05,-0.00010261849,-0.0001218369,-4.1974013e-05,-3.2723667e-05,-2.5671108e-05,5.2850525e-06,-4.0467672e-05,0.00017846764,-0.00019281089,5.7400947e-05,-1.9507682e-05,1.0286555e-05,-6.0497215e-05,-0.00070253682,-0.00040547901,0.00012322922,-0.00016048748,-3.8455339e-05,5.1117183e-05,-0.00011789058,0.0001467611,7.8358723e-05,-8.9688103e-06,0.0014047999,0.00055985117,0.00024698209,-0.00015205252,0.00018552597,-8.0908982e-06,4.9513724e-05,6.3809563e-05,-1.3133539e-05,0.00053800587,-0.00010295183,-0.00014188497,5.4156358e-06,4.9722951e-06,-3.0472311e-05,6.5808296e-05,0.0019945935,0.0006344847,-3.7576502e-05,-0.00022695491,-2.6942132e-05,-0.00029718158,-0.00014772071,0.00010183342,-0.0001798164,1.5679931e-07,-0.002421622,0.0046859642,-0.00041547904,-0.00068867688,0.00014100885,-0.00061885717,0.00034020025,-0.00059890117,-0.00059699299,-5.0008261e-05,8.4850892e-05,3.3073209e-05,-0.0012046085,0.00041799914,0.0019220333,-0.00013751803,-0.00011350184,0.00016735827,0.00018085981,-0.0028980086,-0.0007134154,6.7443205e-05,0.00088212763,5.1808905e-05,0.001130471,0.00050251682,-0.00091599067,0.00056106657,-4.8248584e-05,-2.9520952e-05,3.2013193e-05,8.0370323e-05,7.7500019e-05,-9.1378372e-05,6.3668653e-06,5.4564684e-06,-0.00010666896,-3.7828828e-05,0.00018755067,-1.3120146e-05,4.1026351e-05,4.6093992e-05,-1.1252874e-05,0.00015118937,2.3698173e-05,-4.9450379e-05,2.037351e-05,4.2303443e-05,1.1759262e-05,-4.5027867e-05,9.1445675e-05,1.754923e-05,3.7053048e-06,4.8754975e-05,-2.9263417e-05,-2.8532677e-05,4.3365561e-05,0.00028769159,5.071001e-05,-8.9888699e-06,0.00013786498,3.3118267e-05,-0.00043732472,0.00018378167,-1.5259053e-05,-6.6655426e-05,-5.8765828e-05,-9.131231e-05,-0.00016141197,2.0578417e-05,-3.5134768e-05,-0.00034236438,-3.7458977e-05,-3.2119268e-05,-0.00010733757,-2.223935e-05,-1.0698352e-05,0.00034221208,-0.00043112808,0.00047983633,-0.00030951136,0.0001288085,0.00031885108,3.5221833e-05,2.2747296e-05,-8.8319481e-05,-2.5230138e-05,-5.7343929e-05,-3.3984313e-06,1.2802576e-05,7.4952661e-05
"105",0.00068939839,-0.001287013,-0.0011348484,0.0013923971,-0.0002050276,0.00014272227,0.00041119406,7.6279949e-05,0.00040409994,-1.9196105e-06,2.9512044e-05,3.7867612e-05,-5.8251392e-05,-7.9531444e-07,3.2252004e-05,-1.1020669e-05,4.8232112e-05,0.0001201281,-0.00038896532,0.00010011679,-5.5142712e-05,4.0952486e-05,-2.4103098e-05,-8.2015017e-05,0.00012726176,-5.5274008e-05,0.000223903,-5.8074701e-05,4.1550783e-05,0.00026179947,-0.00018741161,0.00013639356,-8.1496027e-06,-6.0575245e-05,-4.9698928e-05,-0.0011512091,0.0050380483,-0.00014486102,7.1883818e-05,7.7450287e-06,-0.00020459416,-5.1489534e-05,6.6952533e-05,0.00013540113,-3.5949426e-06,7.7773045e-06,-3.763071e-05,0.00014758739,-0.00046725801,-5.5798522e-05,-8.188209e-05,-3.2858472e-05,-7.6597127e-05,0.00031165148,0.00051452587,0.00018817832,-8.4028769e-05,-0.00010864264,-1.0829225e-05,-0.00011906468,-9.2920128e-05,-1.1989882e-05,-1.2621623e-05,2.4157495e-05,0.00024127245,0.00019479938,-3.0272102e-05,-0.00019303636,1.8450612e-05,-1.3356303e-05,0.0001812078,-0.0002326053,0.00083068709,6.2017403e-05,0.00013662639,3.4392917e-05,0.00012343088,-0.00038861478,-0.00070144765,-0.00031593617,0.00014676033,0.00022888602,1.6674301e-05,0.00011455666,0.00016142362,6.7636798e-06,3.3427949e-05,-0.0046510838,-0.00088022858,-0.00066238443,0.00024977201,-0.00026277288,-0.00019343995,-0.00034479997,3.7682273e-05,6.0569016e-06,-0.001038014,0.00076844506,0.00032011675,-0.00037783065,-3.1394646e-06,0.00012402912,2.0812879e-05,0.0006344847,0.0021623576,0.00059637,0.0010660177,-3.5948545e-05,0.0012934309,0.00072155546,-0.00078709376,0.00011645393,-7.6810569e-06,0.0075434138,-0.016519794,0.0016181176,0.00049650353,7.1796738e-05,0.0015742909,-0.00058781374,0.0013304773,0.0023110598,-0.00033290276,-0.00037683599,-7.2648313e-05,0.0026333753,-0.0010879616,-0.0052124483,0.00095388388,0.00031524602,-0.00057739277,-0.00045292503,-0.0010168992,-0.0039946505,-0.00010006453,-0.0037799928,-4.5316931e-05,-0.0042437061,-0.0023902471,0.003495515,-0.0013052827,0.00013041911,-9.4053833e-05,5.9233826e-05,4.4702155e-05,-3.939658e-05,-0.00011432713,2.397444e-07,2.6906362e-07,5.82847e-05,-5.6875283e-05,0.00022120742,-4.3032218e-05,1.5224801e-05,2.6803622e-05,6.5368491e-05,2.0434595e-05,0.00012437929,-3.0703348e-05,1.7485403e-05,0.00014978992,-2.3650483e-05,7.417481e-05,0.00010270631,-2.5679221e-05,-7.1855643e-06,0.00010227975,-0.00012459725,-7.1972393e-05,0.00012536869,0.00011256104,9.9740345e-05,-1.6100717e-05,-0.00010323546,-4.5005757e-05,-0.00012863632,-2.3422548e-05,1.6506174e-05,-2.9030649e-05,-8.0818732e-05,-0.00021718601,-0.00032602102,4.2487603e-05,-6.2950534e-05,-0.00020833312,4.1199246e-05,-8.5984175e-05,-0.00012453735,7.2429802e-05,-5.6010159e-06,-0.0014340493,0.001745758,-0.0020141714,0.0011287961,-0.00047599215,-0.0010694551,0.00033271706,-0.00049009861,2.5005464e-05,-0.00058992964,0.00080352169,-0.00010188517,0.00018223173,-8.7640792e-05
"106",0.00093712121,-0.0013469737,-0.00070689028,0.0013851102,-0.00020130002,0.00010050944,0.00028619648,-6.6254945e-07,0.00018452218,-8.0131321e-05,4.0745105e-05,3.2237253e-05,-2.7433929e-05,-7.9497554e-06,-7.0402942e-06,-5.7019213e-05,5.5832779e-05,6.6601026e-05,-0.00040653945,-8.3790708e-05,0.00011996752,4.1092572e-05,-5.1268057e-07,-0.000216106,4.1604208e-05,-1.7367715e-05,0.00011607348,-2.2132566e-05,-5.7386235e-05,0.00020514217,-4.4627029e-05,-1.2611336e-05,-3.4724735e-05,-0.00047915238,0.00057556901,-0.0026321036,0.0063573489,1.3368952e-05,-6.0027332e-05,-6.7227091e-05,-0.00015534907,-0.00011231038,-3.3347841e-05,-5.1284262e-05,2.2336696e-05,3.1383206e-06,-7.7745065e-07,0.00028374496,-0.0005778777,9.4806482e-05,-7.1192164e-05,-4.7903774e-05,6.5179581e-05,7.6752954e-05,-1.2581543e-05,0.00097044051,-0.00019627702,-1.5534673e-05,3.9556994e-05,-6.0707597e-05,-5.4360205e-05,4.0017037e-06,-2.4195383e-05,0.0001276695,0.00025414793,0.00017966385,5.7879505e-06,-0.00011181448,-4.0307581e-05,-3.3320203e-06,7.8697663e-05,-0.00024956341,0.0011027188,-0.00022405316,0.00013795448,4.584061e-05,-2.8503999e-05,1.3291473e-05,9.2352201e-05,-0.0014630257,0.00024116592,7.8098393e-05,-2.8509791e-05,7.1796646e-05,9.093141e-05,-1.9044455e-05,4.7628372e-05,-0.0031979363,0.0002485584,-0.00065105562,0.00017966851,-8.5014407e-05,-0.0002054908,-0.00023293013,9.713322e-05,-4.7819089e-07,-0.00063152336,0.00057917319,-0.00053707625,0.0002261663,-1.7639453e-05,0.00010811369,0.00031792583,-3.7576502e-05,0.00059637,0.0028715756,0.00073834563,1.0264219e-05,0.00098891773,0.00043539664,-0.00043834982,4.9738986e-05,-2.737826e-05,0.0045287542,-0.011202136,0.00036011236,-0.00085978186,0.00091238041,0.00113259,-0.00034716295,0.00057621705,0.0017210847,-9.912293e-05,-0.00033231534,-4.5366163e-05,0.0013783825,-0.00079680519,-0.0017098801,-0.00041326766,0.00019257391,-0.0004323433,-0.00077224442,0.00054807527,-0.0013214514,-0.0039166829,-0.0024986036,-0.00026248867,-0.0028916278,-0.0014312281,0.0021028821,-0.00068629005,0.00011254129,-1.3770095e-05,3.8952011e-06,9.3410781e-05,4.5064694e-06,1.8351824e-05,3.6139951e-05,-5.2667013e-06,-2.774629e-05,2.0184086e-05,0.00010105052,2.7566481e-05,-3.2453695e-05,-3.0258378e-05,0.00010443659,-3.5104005e-05,-8.6047261e-05,7.6152709e-05,7.2628829e-05,2.4527378e-05,-8.4197345e-05,-1.7758294e-05,-0.0001046736,-4.0791886e-05,-4.0905706e-06,-5.2819706e-05,5.9072968e-06,-0.00015060994,-4.5137911e-05,-9.326673e-05,-1.3117645e-06,1.3362964e-06,-9.0612292e-07,-0.00021719678,7.6052672e-05,-5.3241832e-05,7.915229e-05,-4.8391484e-06,-3.8118676e-05,-3.8294594e-05,5.4324011e-06,-4.9674316e-05,-3.2342612e-05,1.5027073e-05,0.00023325764,7.6909751e-05,-5.9492745e-06,4.6719091e-05,-7.6568489e-06,-0.0012641629,0.0015613131,-0.0017852024,0.00083038107,-0.00027652672,-0.00039136181,0.00039644585,-0.00057029942,1.2578672e-05,-0.00060057703,0.00092975672,-0.00033965956,1.5814994e-05,-0.00016981651
"107",0.00087288987,-0.0013470036,-0.00096201183,0.001797324,-0.00021255085,0.00013374249,0.00039697362,7.5148433e-05,0.00053798812,6.1861071e-05,2.8933154e-05,-6.9914761e-05,-8.5763113e-05,-2.146802e-05,1.1725699e-05,1.6689553e-05,9.8879542e-05,0.00016747823,-0.00045289629,8.1823094e-05,9.8252565e-05,-1.4742435e-05,-7.4573172e-05,4.2212795e-05,0.00010120419,-5.7873522e-05,0.00023284397,-1.7902056e-05,-6.7478994e-05,-4.0304665e-05,-0.00020814934,8.2532502e-05,0.00012369359,5.5492175e-05,-0.0001004055,-0.0007724325,0.0057256514,-0.00011707256,0.000130366,2.1448168e-05,-0.00024081047,-0.0001074049,8.154521e-05,0.00018043103,-2.7698932e-05,1.0182127e-05,-1.7609592e-05,0.00026261152,-0.00070495084,-6.7489258e-05,-6.3286517e-05,-3.2574349e-05,-7.0031007e-05,0.00010040253,6.207664e-05,0.00019829714,0.00037222753,8.3011046e-05,-8.5741547e-05,-0.00017150638,-7.2495385e-05,-6.5553439e-06,-1.4010549e-05,9.5699657e-07,0.00034430163,0.00019969582,-9.0351578e-05,-0.00030369025,4.7452329e-05,-1.6109923e-05,6.463334e-05,-0.00025503153,0.00083495805,-5.4695907e-05,0.00012901905,3.2463532e-05,0.00013491435,-7.4146598e-05,-3.8426011e-05,-0.00050027949,-0.00055001079,1.8537005e-05,7.1409159e-05,0.00017153824,9.828048e-05,-4.5788171e-07,3.7410271e-05,-0.0060093903,-0.00095534866,-0.00074399962,0.00042453042,-0.00034227196,-0.00016833569,-0.00018781574,-8.4814858e-05,2.2752494e-05,-0.0014886602,0.00099011249,1.0428251e-05,-0.00040615842,5.3415396e-05,0.0002238014,7.9752512e-05,-0.00022695491,0.0010660177,0.00073834563,0.0030046301,0.00039385899,0.0015025564,0.00082347744,-0.00099603277,0.00019995032,-2.7254682e-05,0.010070241,-0.022049435,0.0025610426,0.00039257771,0.00055267612,0.0019931169,-0.00076899992,0.0016892754,0.0029427944,-0.00087367866,-0.00031830399,-0.00013366098,0.0035367477,-0.0017288736,-0.0061584692,0.001047778,0.0004089721,-0.00084874979,-0.00076571474,9.0878142e-05,-0.0026852953,-0.0002081874,-0.0071534404,-0.00086919659,-0.0053460386,-0.0029178433,0.0045233548,-0.0018345891,0.00021406663,-1.2212713e-05,8.2451666e-06,4.7927037e-05,-4.015967e-05,-7.3532302e-05,8.1788537e-06,-6.5258974e-06,7.9972484e-05,2.9841644e-05,-7.2962967e-05,-3.9941141e-05,-1.9258962e-05,3.7407531e-06,0.00012090768,-3.7220652e-05,5.9848794e-05,9.9114226e-05,1.6276035e-05,0.00015602693,-2.1353346e-05,3.8190206e-05,2.7389755e-05,-5.9833635e-06,-2.9093225e-06,-5.462579e-05,8.9061618e-05,-0.00015691363,-0.00010279625,-8.5152131e-05,7.878201e-05,-1.3641836e-05,-3.5135045e-05,-0.00039689469,0.00039065792,-4.9230576e-05,-1.3691757e-06,1.3118349e-05,4.6809954e-05,-7.9183759e-05,-0.00016097937,4.5787962e-05,2.489673e-05,3.2329135e-05,0.00032318111,-7.991137e-06,-0.00011471069,3.3631449e-05,-2.8436329e-05,-0.0017898496,0.002220245,-0.0025828947,0.0014938847,-0.00067527927,-0.0015406929,0.00037428711,-0.00060569132,8.9245223e-05,-0.00070246212,0.0010400378,-0.00026514781,0.00016504789,-0.00024596956
"108",-0.00069391177,0.00028293706,0.00070045429,-0.00032544274,8.4090202e-05,-5.3258397e-05,-0.00033589536,-7.7178581e-05,1.4292538e-05,7.5581135e-06,-5.7994272e-05,-4.5921343e-05,1.0498825e-05,-5.6690461e-05,6.7281387e-05,-2.9836012e-05,0.00011987237,-0.00018012535,0.00041224897,-9.7719776e-05,-0.00012650777,-7.091944e-05,5.0499755e-05,0.0001242266,-5.4941756e-05,0.00011776475,-0.0002975829,0.00017630775,9.9158378e-07,4.1243439e-05,0.00015525606,7.3186566e-05,0.00012195341,-1.9816359e-05,0.0002255768,-0.00016158506,7.3277328e-05,-8.097892e-05,0.00011184875,-1.9418978e-05,-5.5845383e-05,5.6983712e-05,3.4506056e-05,-9.4156921e-05,-6.1146129e-05,-1.8540559e-06,5.9641141e-05,-2.5545584e-05,-1.8688429e-06,0.00013366575,2.8170753e-05,-9.1596531e-07,1.9547842e-05,2.662206e-05,-1.0805466e-05,-1.5137738e-05,0.00019485226,0.00057418756,2.0528343e-05,2.7341175e-05,2.7104753e-05,-1.018227e-05,-1.1536566e-06,2.9757106e-05,4.8553209e-05,-5.1169644e-05,-1.5519196e-05,0.00022600548,2.5131467e-05,1.3084542e-06,-3.5209395e-05,1.210082e-05,-0.00024438457,-3.9689321e-05,-4.7709267e-05,-1.8814615e-05,-2.225914e-05,-2.6424125e-05,1.4836827e-05,5.3420983e-05,-0.00027854659,-0.00076711461,-7.6100116e-05,2.4150384e-05,-0.0001150946,3.8300712e-05,-6.0913053e-07,0.00041228804,-0.00019762527,4.1519582e-05,-0.00010389715,3.5929773e-05,-6.9571637e-05,-0.00017519048,-5.6826641e-05,-2.0737803e-06,0.00022670047,4.1128737e-05,0.00022288797,0.00011664278,1.4921287e-05,4.1095719e-06,6.0022723e-05,-2.6942132e-05,-3.5948545e-05,1.0264219e-05,0.00039385899,0.0019649284,-4.0802587e-05,-9.7592958e-05,-7.316638e-05,-2.7183049e-05,-1.7151675e-05,-0.00011746848,0.00068649852,0.0001664349,-0.00024463849,-0.00024542754,8.9556204e-06,0.00016845771,-5.0428334e-05,2.3019361e-05,0.00028814209,0.00010639017,-5.0869423e-06,-0.00026895843,-0.00012519977,-0.00015434659,-8.9794792e-05,-1.3102194e-05,1.3511772e-07,-6.8324465e-05,-8.462895e-05,-7.4012278e-07,-6.0915432e-05,-0.00056142225,-0.0027573697,8.6807428e-05,0.00016057556,6.2696583e-05,2.9223479e-05,1.8636866e-05,1.9594735e-05,8.8144708e-06,-1.4458502e-05,2.2945267e-05,0.0001044529,-1.8998617e-05,1.2885181e-06,-0.00014902754,-6.9549682e-06,-0.00018537952,-5.0860657e-05,1.5752565e-05,3.3338626e-05,-3.1256144e-05,4.9827129e-05,4.8261081e-05,-4.7900791e-05,4.9308329e-05,3.5574669e-05,-2.0114073e-05,-0.00014677269,0.00010262303,2.2079801e-05,8.2852687e-06,4.0495052e-05,9.4875971e-05,5.0051329e-05,0.00014719982,-4.9954067e-05,8.1544898e-06,2.4270658e-05,-0.00018184852,-8.2628868e-05,0.0001930111,2.1396156e-05,-2.5208414e-05,-1.4497481e-05,-4.0030286e-05,-0.00013761459,-0.00027892127,9.8318792e-05,-6.7265913e-05,-0.0003902292,6.7710778e-05,9.1610379e-05,-0.00015667482,-3.336376e-05,-5.3309245e-06,0.00032777725,-0.00046771432,0.00065931587,-0.00014166204,5.5434041e-05,-6.3294536e-05,-0.00037428361,0.0005653948,-0.00027696271,0.00065943056,-0.00087918792,0.00010985205,4.2522121e-05,0.00013490448
"109",0.0015526892,-0.0021924731,-0.0015837867,0.0027103287,-0.00035363928,0.00022244986,0.00066503174,0.00011773997,0.00067452591,-3.9499493e-05,8.5828719e-05,4.1417607e-05,-0.00013285672,-4.4471823e-05,5.7613467e-05,1.8221749e-05,1.8241532e-05,0.00027889464,-0.00074417185,0.00027015312,3.4807262e-05,0.00010711751,-0.0001121027,-0.00028386543,0.00011624668,-3.0656695e-05,3.0380247e-06,-0.00013839631,7.1730247e-05,9.3290259e-05,-0.00037354861,0.00031211912,7.1354786e-05,0.00037430232,-0.00067233824,-0.0011268431,0.0072651124,1.3992466e-05,-1.6654013e-05,-4.5886358e-06,-0.00020324535,-0.0003307425,7.6905614e-05,-6.1185474e-06,4.9114954e-05,7.5720578e-06,-0.00022091512,0.00035509663,-0.0011500311,-0.00013976363,-0.00018568102,-2.9030711e-05,-6.285735e-05,5.3818171e-05,-8.3378304e-05,0.00037826523,-0.00042813653,-0.00010952894,0.0010435639,-5.8864331e-05,-0.00012277599,-3.3020294e-05,-2.5754381e-05,8.1194088e-05,0.00031429196,0.00070570445,2.7743019e-06,-0.00010802361,4.1166327e-07,-2.3789053e-05,0.00036508262,-0.00039711785,0.0015970367,7.3556081e-06,0.00029009393,6.2392988e-06,5.1710549e-05,3.0796291e-05,8.8090389e-05,-0.00075485947,0.00050390127,0.00020768223,-0.0011025219,6.9172763e-05,0.00028350317,6.2653289e-05,5.5227213e-05,-0.0079782723,-0.001772692,-0.0011093759,0.0007063369,-0.00059394955,-0.00021872678,-0.00068822124,0.00016218408,5.1611543e-06,-0.0020373815,0.0011311167,3.2584868e-05,-0.00064823497,-1.0394086e-05,0.00027610039,-1.242817e-05,-0.00029718158,0.0012934309,0.00098891773,0.0015025564,-4.0802587e-05,0.0052144814,0.0016146723,-0.0011637735,0.00016236784,-1.4881354e-05,0.012925042,-0.027719652,0.0030673228,0.0013940564,-0.00012654517,0.0027856139,-0.0014337062,0.0024652759,0.0036547872,-0.00047696615,-0.00082837203,-0.00012607988,0.0049716118,-0.0017874278,-0.0081671746,0.0015826543,0.00060825302,-0.0010939821,-0.00082582848,0.00023021732,-0.0033502385,-0.00014194232,-0.0057756997,-0.00016915767,-0.011148613,-0.0044144877,0.0055722147,-0.0021651768,0.00024317442,-4.8981799e-05,8.0325911e-05,-4.5549667e-05,-0.00014234889,-0.00022334218,-1.4007467e-05,-8.0708606e-06,0.00025395948,8.0983174e-05,6.9447714e-05,-1.9379865e-05,5.9453596e-06,-1.6716228e-05,8.2653467e-05,-9.8520901e-05,0.00012195754,-9.4930604e-06,6.7134493e-05,0.00026583559,5.3681037e-05,0.00015822048,7.4918633e-05,-6.7723399e-05,-2.8440464e-06,-0.00018369207,-5.4881207e-05,-0.00011208796,8.2415955e-05,-2.5312239e-05,5.1599888e-05,-2.2961358e-05,2.591113e-05,-0.00026514321,0.00029268298,5.2778639e-05,2.4413366e-05,3.127117e-05,0.00023593508,-9.7992367e-06,-0.00010652634,0.00029770437,9.8820051e-05,0.00017668829,-4.0567788e-07,-0.00015577928,-0.00021212438,5.0810069e-05,-4.3442905e-05,-0.0025837562,0.0031219749,-0.0036457376,0.0019537349,-0.00083507351,-0.0019335156,0.0006210651,-0.00099725465,0.00026182792,-0.0011514836,0.0016585318,-8.2086205e-05,0.00024283068,-0.00048060094
"110",0.00090385178,-0.00065355344,-0.0010317595,0.0013517039,-0.0001712997,0.00010537295,0.00051594019,0.00017052358,0.00032766202,-7.2580039e-06,3.5552162e-05,-8.601024e-06,-8.3973628e-05,-9.3850807e-06,-3.6757541e-05,4.3224734e-05,1.7374367e-05,0.00016088529,-0.0003299442,0.00020699988,-2.0482895e-05,2.6117875e-05,-4.9227137e-05,-7.9314419e-05,0.00013809248,-5.4867021e-05,-2.1387858e-05,-6.8356745e-05,6.3120707e-05,-9.4748955e-05,-0.00028796438,0.00030104206,0.00066195072,-6.8048718e-05,8.8378436e-07,-0.00080646092,0.0037896966,-1.8470558e-05,0.00035220303,4.4267722e-05,-5.5383752e-05,-0.00011377832,-1.9490496e-05,6.1579448e-05,3.8195974e-05,7.4271623e-06,-6.6540301e-05,0.00011357783,-0.0004075442,-0.00017147408,-8.6586707e-05,-1.573297e-06,-7.3626781e-05,2.019942e-05,1.7629998e-05,0.00019360476,-0.00015607321,-7.4295513e-05,0.00021953769,0.00040095679,-6.7491125e-05,-5.6089441e-05,-5.0110013e-06,-4.5362639e-05,3.7882686e-05,0.00032509594,6.0329672e-05,-0.00016219997,-3.8535302e-05,-1.1089324e-05,3.8195595e-05,-9.842818e-05,0.00046238414,0.00018354188,0.0001548446,5.119302e-06,8.0985575e-05,-8.4575576e-05,-8.2534104e-05,-0.00041760802,0.0002026988,0.0002449742,-0.00026006169,-0.00055468971,0.00023947538,3.1039195e-05,1.0091785e-05,-0.0040594604,-0.0013418413,-0.00050568603,0.00035677803,-0.00028564671,-1.1956804e-05,-0.00032873612,8.5168195e-05,4.4932199e-06,-0.00096160076,0.00062230816,0.00026131937,-0.00050531346,2.6910827e-05,0.00014196819,-0.00027632549,-0.00014772071,0.00072155546,0.00043539664,0.00082347744,-9.7592958e-05,0.0016146723,0.0023475599,-0.00057853749,8.7102688e-05,-9.6592549e-07,0.0065599879,-0.013249256,0.0014862967,0.001329879,-0.00046718776,0.0012527124,-0.0006590144,0.0012552107,0.0016321561,-0.00019773917,-0.00045202487,-5.3129232e-05,0.0023958311,-0.00094077972,-0.0041586636,0.0011204488,0.00024625009,-0.00052635656,5.5079338e-05,6.3761476e-05,-0.0017927931,2.8073936e-05,-0.0029167527,9.5313514e-05,-0.0041940919,-0.0042233416,0.0027882874,-0.0011099289,0.00010284789,-7.6620594e-06,-5.404891e-06,-1.7495012e-05,-8.4672891e-05,-9.105143e-05,-3.1775536e-05,9.9067795e-07,0.00015160898,7.6272559e-06,-1.2111623e-05,-8.9468998e-05,1.5477647e-05,-8.313107e-06,7.1386755e-05,-7.0933303e-05,7.4772037e-05,-7.4078524e-06,6.8356831e-05,0.00010913424,3.6983258e-05,3.3407348e-05,4.4871938e-05,-5.0445372e-05,-2.7773727e-06,-5.8015194e-05,-2.4608534e-05,-0.00012104839,2.8536805e-05,-1.7942278e-06,8.6016796e-05,-2.5628093e-05,2.7865138e-06,-0.00020067207,0.00057681004,0.00013318636,-9.9647946e-05,-1.0991191e-05,9.4286551e-05,-2.2891281e-05,1.1924724e-05,0.00013004522,-0.00014474133,3.0518419e-05,-3.1267114e-05,-3.4524936e-05,-0.00028712235,8.0070892e-05,-1.447867e-05,-0.0012714597,0.0015687355,-0.0019607487,0.00093741937,-0.0003875347,-0.00099154167,0.00029767407,-0.00044599881,5.9052634e-05,-0.00048459943,0.00067688069,9.5128168e-05,0.00017528816,-0.00035045848
"111",-0.0009286535,0.00072393945,0.0011272128,-0.0012484005,0.00017904846,-0.00013126369,-0.00044013623,-8.9290072e-05,-0.00032977831,-6.7929722e-05,-2.2316059e-05,5.8403855e-06,5.2471716e-05,-8.2261917e-06,4.9973551e-06,-9.5996883e-05,4.1596814e-05,-0.00028990085,0.0003277374,-0.00037657478,-0.00023007694,-4.2940907e-05,0.00010318417,5.4995119e-05,-7.094506e-05,1.7916002e-05,-4.9914586e-05,7.0306287e-05,-6.6717123e-06,-0.00014478049,0.00021062247,-0.00032006235,0.00072737836,-0.00059364108,0.0010834505,-0.0017940448,0.00010284371,-0.00046848124,0.0005483572,-8.0561167e-06,7.1121218e-05,0.00040455975,1.9716572e-05,-0.00014811691,1.4010261e-05,-1.5547371e-05,6.3384586e-05,-6.0915763e-05,0.00010082767,9.8827013e-05,6.2193437e-05,6.2509249e-05,-0.00010769498,-0.00014555344,-0.00010258863,-0.0001584962,6.5467932e-05,7.4406652e-05,-0.000168544,6.5863753e-05,0.00079658309,3.6961624e-05,1.4961628e-05,-3.9789676e-05,-0.00011083707,-0.00069926991,-6.3861602e-05,0.00019501692,-1.5511596e-05,1.4784626e-05,-0.00013927324,0.00011210725,-0.00028543846,0.0001320505,-0.00012637893,-0.00010854482,0.00020309455,0.00014012604,0.00011674047,0.00030442538,-0.00024566,-0.00022954242,0.00012928134,9.7124815e-06,-0.0011395533,-8.0136048e-05,-2.592655e-05,0.0039928687,0.0019293737,0.000452522,-0.00010478768,0.0010875778,0.00027054178,0.00024989988,4.2333408e-05,-2.8058302e-05,0.00096742886,-0.00057739664,-0.0010488781,0.00039928396,-3.3932652e-05,0.00017288363,-0.00019447592,0.00010183342,-0.00078709376,-0.00043834982,-0.00099603277,-7.316638e-05,-0.0011637735,-0.00057853749,0.0029426823,-8.0695889e-05,2.7278794e-05,-0.0066958958,0.012696023,-0.0018876846,-0.0025786787,0.00094389841,-0.0012478493,0.00035322366,-0.002469993,-0.001921224,0.00029445864,0.00028169946,7.5599156e-05,-0.002430429,0.00099664906,0.0060106486,-0.00096233881,-0.0002740117,2.686707e-05,0.00082099918,0.00019289352,0.0018404396,-0.00010878442,0.003091551,1.8252161e-05,0.0033933264,0.0018041301,-0.0060768014,0.0012714437,-0.00013996079,5.1609659e-05,1.0710084e-05,5.1198626e-05,0.00013173324,0.0001279114,5.8023778e-05,4.9851802e-06,-9.6798436e-05,0.00011396857,-0.00015117176,-0.00012806458,1.9116206e-05,3.149902e-05,-9.1502399e-05,0.00012625574,2.3909698e-05,-0.00010472646,3.0464598e-05,-0.00021333093,0.00013814661,-5.3486637e-05,0.00011375441,4.312404e-05,1.028421e-05,1.407099e-05,4.6371248e-05,-2.8192004e-05,-4.5780122e-05,0.00019327265,-0.00014518326,1.9423721e-05,-0.00020020855,1.1616877e-05,0.00023006319,0.0003595648,-3.0136815e-05,-1.0032339e-05,-0.00012051424,-7.5159301e-05,-5.4657071e-05,-5.3929762e-06,4.9787173e-05,-0.00017936863,-4.9944274e-05,-7.6659915e-05,-4.3355001e-05,-6.3814297e-05,9.9905261e-06,0.0011628587,-0.0014824205,0.0018042895,-0.00090284621,0.0004024246,0.0011976481,-0.00017809052,0.00048603436,-0.0001915623,0.00050045647,-0.00076582164,-0.00022126789,-0.00037680423,0.00037592496
"112",-2.0364641e-05,-0.00024470745,-6.8465551e-05,0.00020420575,-7.2648395e-06,1.9088003e-05,4.9986091e-05,-2.1597164e-05,6.4918241e-05,-1.2556466e-05,1.2289209e-05,4.2063556e-06,-2.8575767e-05,1.907784e-05,-3.3148207e-05,5.3434432e-06,-1.0811597e-05,3.1747e-05,-1.8230349e-05,7.7118098e-05,-1.2078752e-05,-2.6973114e-05,-1.9842304e-06,-4.3049951e-05,-1.9943505e-05,-3.1367571e-06,-3.0476262e-05,7.1780926e-05,-2.2333018e-05,0.00027258523,-1.4931301e-05,7.7868877e-05,9.2864045e-05,6.6940917e-05,5.5294922e-05,-3.5897097e-05,0.0005058911,2.7198226e-05,-2.134532e-05,9.9063121e-06,-2.881413e-05,-1.0300024e-05,5.7228e-05,2.2147545e-06,-3.1037272e-06,-2.3926244e-07,-1.2913278e-05,-6.2839072e-06,-0.00024464975,-6.0794266e-05,-1.7677391e-05,4.2546109e-07,-3.7735957e-05,-3.5578358e-05,-3.0387874e-05,2.3768632e-05,-2.8396358e-05,-1.5295579e-05,-7.6656925e-06,-7.0106086e-05,3.8543058e-05,6.6330048e-05,-1.0680513e-06,-2.2219302e-05,5.0369522e-05,2.7269353e-06,-7.0771262e-05,-2.2893123e-05,-1.782248e-05,4.8287467e-06,-3.858886e-05,-1.6617999e-05,0.00025587118,0.00012426433,1.2133792e-05,-3.9467293e-06,2.8887624e-05,8.923511e-05,2.7294405e-05,-6.9217042e-05,-1.4045777e-05,1.4646319e-05,3.9656759e-05,2.3581636e-05,-4.3975461e-05,-0.00023457337,8.3318293e-06,-0.00078965857,-0.00044048698,-7.4636617e-05,9.6492823e-05,-4.6403638e-05,5.5442606e-05,-4.2855158e-05,6.6627978e-06,-7.7668767e-06,-0.00022299931,0.00013218934,1.5914067e-05,-0.00019606012,3.6142395e-06,3.118712e-05,-4.1072829e-05,-0.0001798164,0.00011645393,4.9738986e-05,0.00019995032,-2.7183049e-05,0.00016236784,8.7102688e-05,-8.0695889e-05,0.00052673089,-4.1916326e-06,0.0012764898,-0.0023603206,0.00016318697,0.00057378682,-0.00034034161,0.00017615853,-0.00017391366,0.0002335688,0.00016286318,-1.436689e-06,-8.2722296e-05,2.6010114e-06,0.00048240445,-0.00019276859,-0.00089908115,0.00033108559,3.2225636e-05,-8.8256938e-05,-1.8425766e-05,0.00026690472,-0.00032716677,5.7555805e-05,-0.0005638606,6.6336397e-05,-0.00050496702,-0.00027417171,0.0005721802,-0.00096093418,2.3298247e-05,2.1908939e-05,3.4688266e-05,-5.1727341e-05,-2.4982472e-05,-6.2260238e-05,3.4404664e-06,-7.230951e-06,8.681897e-05,-9.0996002e-06,-4.3843797e-05,-7.1144076e-05,-3.8585181e-06,-3.3351189e-06,5.0872438e-05,9.633032e-06,4.9731786e-05,-1.7259745e-05,1.7265068e-05,5.8101368e-05,-2.3146775e-05,-1.1357507e-05,2.5004227e-05,5.3640682e-05,-4.4064465e-06,9.0459586e-07,2.3798857e-05,8.7421574e-05,-7.5454799e-05,8.6285143e-05,-2.2764509e-05,-6.1734704e-07,-4.0594408e-05,2.2377211e-05,0.00012977758,7.0661433e-05,4.769687e-06,-3.3510606e-05,2.5364423e-05,8.580823e-06,-1.0016422e-05,9.3450172e-05,6.4162595e-05,7.224481e-05,-1.4953103e-06,0.00010376572,-6.9255569e-05,-2.7305181e-05,-2.0997792e-06,-0.00019419276,0.00024571615,-0.00023611195,0.00016163599,-6.6488652e-05,-0.00014342212,-1.1053455e-05,-4.8603235e-05,0.00011660609,-6.2281035e-06,-3.0764873e-05,0.00011421656,-9.9741744e-06,-0.00019942209
"113",1.2241806e-05,6.3989912e-05,1.1371195e-05,-2.0380537e-05,8.7154363e-07,-5.4722377e-06,6.0787778e-07,1.2783484e-06,-4.6900282e-06,-1.0914251e-06,-1.3123811e-06,5.4440399e-06,-2.8911398e-08,5.9020242e-07,-2.2005412e-06,3.9922762e-06,-5.7214774e-06,1.3947433e-06,-7.0132829e-06,-8.2308779e-06,-6.1085876e-06,4.9140997e-06,4.2342007e-06,-2.425846e-05,8.8623586e-06,-6.8841132e-06,2.2814849e-06,-1.2499439e-05,1.3242588e-06,-3.9129007e-05,3.798012e-06,-3.6463922e-07,-1.8440033e-05,-1.2262381e-05,2.3405932e-06,-2.0996108e-05,-3.0814824e-05,-1.1538842e-08,1.6967556e-05,5.4308624e-06,6.4492774e-06,-1.5175981e-06,-8.852561e-06,-5.8734808e-06,1.0054619e-06,3.27863e-07,-3.3317417e-06,-1.3508936e-05,1.4391978e-05,5.4544254e-06,-3.7770608e-07,-6.1844372e-06,-1.7533447e-05,-1.0674129e-06,-3.3353903e-06,-1.3769398e-05,4.503935e-06,-2.7634301e-06,-7.8681281e-07,6.8357732e-06,1.1136286e-06,-2.0996122e-07,8.515846e-06,-8.9164275e-06,-1.364797e-05,4.8271584e-07,7.2176352e-06,4.4890147e-06,1.1108339e-06,-6.7689902e-07,6.2099536e-07,2.1500544e-05,-2.7798538e-05,-9.5316518e-06,-5.1057617e-07,8.8330255e-06,2.5129499e-05,2.1039454e-06,1.0464152e-05,2.4263809e-05,-2.2131886e-07,6.4361487e-06,7.2440131e-06,-9.4358328e-06,-6.5816107e-06,4.2434822e-06,-1.0906796e-05,6.3684111e-05,5.8377875e-05,2.2574752e-05,-6.1903613e-06,1.2090176e-06,2.4432461e-06,9.5225809e-06,-1.0671595e-06,2.0504458e-06,1.7918426e-05,-2.2144501e-05,-2.5207185e-05,7.1996128e-06,-4.4955428e-06,-1.5141798e-05,-5.9693612e-05,1.5679931e-07,-7.6810569e-06,-2.737826e-05,-2.7254682e-05,-1.7151675e-05,-1.4881354e-05,-9.6592549e-07,2.7278794e-05,-4.1916326e-06,1.6278144e-05,-8.4538027e-05,0.00026275248,2.5875285e-05,-6.1186245e-05,3.4054209e-05,-2.9506823e-05,1.4265622e-05,-8.497484e-06,-2.7972333e-05,-1.2646553e-05,7.8527824e-06,-2.9916835e-06,-5.5611396e-05,2.3113666e-05,0.00012522228,-5.7188095e-06,8.7151024e-06,2.3043791e-05,8.4773075e-05,-3.4594988e-05,2.1086117e-05,2.7259324e-05,6.9457719e-05,1.9702737e-05,5.7103284e-05,7.540297e-06,-7.5304073e-05,2.1634386e-05,-2.149623e-05,6.1660854e-07,1.3058458e-06,-2.982267e-06,1.9013485e-07,1.0880819e-06,8.4504345e-07,1.1615054e-07,-7.4015439e-06,1.3669517e-06,6.5434932e-06,-1.649324e-06,-3.0806284e-07,-1.9662217e-06,-3.2226917e-06,2.6667608e-06,-3.6958566e-06,-4.4812774e-06,2.2443998e-06,-2.7140421e-06,6.1494585e-06,1.8053454e-06,-5.0766447e-07,-2.2516294e-06,1.6427306e-06,3.3456505e-07,5.8966096e-06,7.6340282e-06,-3.800092e-06,-1.512174e-05,4.8687466e-06,-1.5689086e-06,5.9140394e-06,-5.0945751e-06,2.2173477e-06,-3.4362433e-06,-5.6684004e-06,3.8578863e-06,2.3215479e-06,-1.9777792e-05,9.9561958e-08,-3.7262785e-06,-1.204091e-05,4.9656576e-06,-1.1726657e-05,-1.2874641e-05,5.8840965e-06,3.5910173e-06,-2.8129756e-06,2.0193655e-05,-2.6947021e-05,2.3882542e-05,-1.551058e-05,-2.5974103e-07,3.9875552e-06,9.5309652e-06,-5.0696396e-06,-2.9928821e-06,-1.4562321e-05,2.1034731e-05,-1.5202217e-05,-6.9402322e-06,-3.1055318e-06
"114",0.00057505915,-0.0081174504,-0.0046772684,0.0086769932,-0.00084960318,0.0006301572,0.00097919862,-0.00049516554,0.005883864,0.0028764166,-9.4011431e-05,5.12887e-05,-0.00051421104,-0.00083285248,0.00058268807,0.00044195242,0.0014376194,0.0028572514,-0.0006266741,0.0012225433,0.00025112683,-0.00034685459,-0.00019529957,-0.00091906451,0.00053398345,-0.00039510414,0.0011413331,0.00081049843,0.0001053088,0.0047173326,-0.0017608424,0.0017185847,-0.0037699882,0.0013477784,-0.0019428303,-0.0025903312,0.033986079,0.00089048564,-0.0022439848,4.8352316e-05,-0.00068561087,-0.00067905083,0.00043050569,-0.00054767244,8.3361043e-05,2.8954461e-05,-0.00042765572,0.0017298855,-0.0046554177,-0.00011901553,-0.00058980317,-1.3026079e-05,-4.2700797e-06,-5.5681719e-05,-0.00051948955,0.00092805521,-0.0010046097,-0.00015385912,0.00029596452,-0.00078153372,0.0004287339,2.4034383e-05,-6.8710562e-05,0.00010311495,0.0010212224,0.0018092525,-0.00034726543,0.00055204683,6.5502487e-05,-0.0001169428,0.00084243361,-0.001892169,0.0059674518,-0.00041495361,0.0010159881,-2.7606778e-05,-0.00011510917,0.00076534399,0.00027495718,-0.0019496812,0.0007998786,0.0011620793,-0.0010235124,0.00099824677,0.00017157688,-0.00025141132,0.00017855943,-0.044234735,-0.012246489,-0.0063516714,0.003894984,-0.0030538366,-0.001275192,-0.0035122904,0.00038687344,3.9396012e-05,-0.010955856,0.0066780908,0.0023704611,-0.0029464505,0.00012831364,0.0014141932,0.00030603219,-0.002421622,0.0075434138,0.0045287542,0.010070241,-0.00011746848,0.012925042,0.0065599879,-0.0066958958,0.0012764898,-8.4538027e-05,0.10429902,-0.18130496,0.055009309,0.010352188,-0.0039339124,0.02694694,-0.0074099068,0.022205812,0.027176407,-0.010783902,-0.005295402,-0.00099975138,0.034471397,-0.017531427,-0.063387446,0.015118714,0.0064891861,-0.006973977,-0.0098147839,-0.012408611,-0.019650972,0.0059243564,-0.043844383,-0.0038322313,-0.052634021,-0.026424079,0.038316051,-0.020091656,0.0019853672,-0.00014053919,3.4032106e-05,0.00025445951,-0.00053298551,-5.8042739e-05,-1.5576237e-05,-3.9784776e-05,0.0002746779,-0.00036706314,-0.00047594443,-1.5005868e-05,-0.00021852348,-5.3127492e-05,0.00040620134,-0.00018174352,0.00044115601,0.00030238833,0.0002699078,0.0001942115,-0.00022355174,-0.00014328553,-0.00025197163,-7.2083025e-05,-3.5356444e-05,5.5263301e-08,-0.00033082947,-0.00027047656,0.00035239769,-0.0007839929,0.00054286244,-4.1980431e-05,-0.00010751305,-0.0010796732,0.0035561596,-0.0016998747,0.00044023504,-3.654277e-05,-0.00063685189,-0.00033849069,-0.0009320055,0.00033283701,-0.00097744627,0.0007831561,0.0006594245,0.00013206925,0.00071421576,0.00049873867,-7.8492365e-05,-0.008533663,0.010047367,-0.010613871,0.010347425,-0.0081934144,-0.027139233,0.00013460946,-0.000883228,0.00039221135,-0.0010884289,0.0023783358,0.00096264421,-3.3643287e-05,0.00043580349
"115",-0.0068316338,0.019811626,0.016946534,-0.023241502,0.0024645169,-0.001521596,-0.0061124517,6.9546074e-06,-0.012757599,0.0020920544,-0.00015414666,-0.00080396689,0.00084805997,0.00076630837,-0.0032656377,0.0006492057,-0.0057369346,0.0015255127,0.0041739418,0.00069471154,0.00075759678,-4.770103e-05,0.00066482969,-7.8359394e-05,-0.0012652672,0.00040234785,-0.0027632106,-0.0012200976,0.0012064584,-0.0083554295,0.0017612165,0.0010831598,0.010276974,-0.0045909868,0.0052900612,0.010346651,-0.1349206,0.003281707,-0.0038524625,-0.00010270783,0.00186636,0.0020629439,-0.00084588383,-0.00021199302,-0.0001001222,-0.00010002712,0.0011184886,-0.0031919806,0.010359775,0.00052733593,0.0014371763,0.00019491468,0.00064419033,0.00094595968,0.0015720514,-0.0023746101,0.0024881907,0.0010016598,-0.00034871573,0.0019269994,-0.00021365291,6.8408615e-05,0.00021885005,-0.00031053634,-0.0024923451,-0.0048047766,0.00010545799,0.0011388686,1.4028063e-05,0.00022649509,-0.0026807773,0.0034726102,-0.014758453,-0.00099864233,-0.0022265965,0.00022938782,-1.4466392e-05,-0.0018975215,-0.0010880524,0.004952048,-0.0021052261,-0.0025810583,0.0021079497,-0.0015550548,-0.0021986336,0.00015318054,-0.00047713118,0.095541962,0.012999378,0.013303497,-0.0078761555,0.0046325465,0.0028399168,0.0075083978,-0.00077660327,-0.00019921191,0.024064684,-0.014817403,0.00097628868,0.0075814187,-0.00033558659,-0.0036133748,-0.0015638736,0.0046859642,-0.016519794,-0.011202136,-0.022049435,0.00068649852,-0.027719652,-0.013249256,0.012696023,-0.0023603206,0.00026275248,-0.18130496,0.50280342,-0.022267876,0.0087795105,-0.010257439,-0.035556724,0.022166299,-0.029844393,-0.066979036,0.004023268,0.011838711,0.0023409182,-0.072433041,0.027753846,0.12883583,-0.019882805,-0.0072471505,0.019049424,0.015083484,-0.020793672,0.056098034,0.0061153263,0.10517441,0.0045393003,0.11746673,0.059632906,-0.090701606,0.034704335,-0.0040312198,2.3617175e-05,-0.00070174152,-0.0011676559,0.0012391193,0.0013071625,-0.00030187378,2.1869615e-05,-0.0021983986,-0.0012553151,0.00018698738,0.0012008522,-7.2460328e-05,0.00022877478,-0.0021758662,0.00043682837,-0.0013890389,3.7024407e-06,-0.0008631174,-0.00089898408,-0.00041966285,-0.00074291775,-0.00013410888,0.00040188362,4.1937964e-05,0.0017726562,-0.00094851218,0.0018449655,-0.00069500199,-0.00068181939,-8.3681659e-05,-1.0167026e-05,0.0031952865,0.0068050539,-0.0075873621,-0.001476696,-0.0007201162,-0.00018122915,0.0022575408,0.0016741117,0.0028711187,-0.0011740581,0.0018377145,0.0013472629,-0.00067114494,0.0015438999,0.0017156553,-0.00040361448,0.00015546867,0.022140428,-0.027659477,0.032812547,-0.02677416,0.01034681,0.022765608,-0.0038003443,0.005467706,-0.0016081243,0.0064949546,-0.0096405844,0.0034814448,0.00099744345,0.0019487772
"116",-0.00299631,0.00016908183,-0.00061493772,-0.00049751409,0.00018176124,-0.00024220832,-0.00070852886,-0.00076003127,0.0020311896,0.0083318012,-0.00026469163,-0.00025306613,0.00013505357,-0.0014483989,-4.9920858e-05,0.00091562643,0.00065273236,0.0056984647,0.00090382329,0.00017834436,-0.00059980217,-0.00059457314,0.00016765879,-0.00084019346,-0.00014401728,2.18961e-05,-0.00013371567,0.0011492726,0.00040117427,0.0016914281,-0.00076467808,0.00080287592,0.0011791633,-0.00015427891,5.8417301e-05,-0.0001583265,-0.019551841,0.002183463,-0.0058624085,-3.9878851e-05,-3.5618322e-05,5.3953909e-05,0.00044379471,-0.00051709969,5.9114979e-06,1.5125523e-05,-5.657626e-06,0.00051303957,-0.00064355473,0.00010308148,-0.00020522534,5.5770094e-05,0.00084257469,0.00011566765,1.3680763e-05,3.578177e-05,-0.00010583548,0.00022310432,-0.00013478424,0.00011716969,-0.00013081445,9.5879705e-05,1.4817854e-05,-3.5329305e-05,2.6535822e-05,0.00015302231,-0.00046501959,0.0012007373,-2.707461e-05,-7.2581604e-05,0.00078772518,-0.00026473336,-0.00099809233,-0.00019390624,0.00039428755,-0.0001419213,-0.00070936791,-0.00031623793,-0.00012179621,0.00039489257,-0.00010271396,0.0010586721,-0.0005645937,6.372115e-05,-9.6927831e-05,-0.00027427034,-3.0243018e-05,-0.0087610039,-0.0017387745,-0.0010354953,0.00063654337,-0.0011056111,-0.00063845958,-0.0013001531,0.00015868582,3.1120414e-05,-0.0016468123,0.0015576447,0.00052042726,-0.00059844835,-0.00012176923,0.00031676576,0.00014056171,-0.00041547904,0.0016181176,0.00036011236,0.0025610426,0.0001664349,0.0030673228,0.0014862967,-0.0018876846,0.00016318697,2.5875285e-05,0.055009309,-0.022267876,0.098555888,0.0010219322,-0.0036591699,0.024257488,0.0048110197,0.020238258,0.0096964121,-0.021602894,-0.0016205489,-0.00070319286,0.0091373348,-0.013321671,-0.023626751,0.014366942,0.0087640845,-0.00089470525,-0.010857716,-0.04350337,0.0043816976,0.018565285,-0.011660949,-0.0061901449,-0.018808586,-0.0083861798,0.0082592135,-0.014670414,0.0012528306,-0.0001063797,-1.2201773e-05,0.00021792174,0.00031518593,0.0013726458,-0.00017126208,7.8835415e-05,-0.0018949393,-0.00067038266,-0.00096942929,-0.00014605774,-0.00042311469,9.555518e-05,-0.00094880497,0.00068054746,-0.00032073767,-0.00033981851,0.00022392723,-0.0020592958,-0.00011837704,-0.00056984219,-0.00060338781,-7.1013188e-05,3.9133327e-05,0.00062625948,-0.00050743505,0.00082030113,-0.00021700763,-0.00162401,0.00041508631,-6.5447151e-05,0.0018673624,0.0012016228,0.0033479424,-0.001517026,0.0010980819,-0.0004576384,0.00064321081,-0.0011529601,-0.00046837092,0.00025412596,-0.00074273925,0.002862267,0.0010541842,0.0008157158,0.0019013552,0.00021081649,2.3949948e-06,0.00033571307,-0.00081963309,0.0016112432,0.0020616255,-0.0097048686,-0.039552432,-0.0004315493,0.0015311545,-0.00092010558,0.00058844542,-0.00067573298,0.00097554893,-0.0018005251,0.0054155581
"117",-0.00014107497,-0.0015291071,-0.00017171866,0.0012000972,-0.00019701345,0.00067821977,0.00044972044,0.0006720326,-0.00017632116,-0.00022729185,0.00018117052,5.1987505e-05,-0.00055179338,0.00059245587,-0.00097349028,0.00081577155,-0.0014204783,0.0027174234,-0.0012731705,0.0049967111,0.00069465987,-3.9552236e-06,-0.00085353789,0.0013768563,0.00066475688,-0.0011699601,-0.0013519608,-0.00068544403,0.0013652799,0.0030792515,-0.0019765692,0.0032609533,0.00014834213,0.00023110155,5.9222158e-07,0.0034327889,-0.010510109,0.00027566427,0.0017127058,0.00013705447,0.00022793434,0.00040550767,0.00016686349,0.00038605645,-1.1551779e-06,-1.1830735e-06,-0.00029040985,0.00041001473,-0.00085047354,0.00018252649,-5.5479332e-05,2.5573443e-06,-0.00023375586,-2.4438306e-06,-0.00022860862,-0.00015510528,-4.7014328e-05,-0.00047170934,-3.9211835e-06,-0.00050630456,0.00021868763,7.0222321e-05,-1.23487e-05,-0.00026512907,9.3727261e-05,-7.4942388e-05,0.0004034622,0.0006275835,0.0001781119,-8.3043549e-06,-0.0010831604,-0.00077474556,0.0013089401,-0.00028609507,5.9678694e-05,4.8254201e-05,-0.00024417415,-1.168544e-05,-0.00080927373,0.00015059954,2.0538505e-05,-0.00076544935,-5.0523946e-05,7.3644566e-06,-0.0004101382,0.00010122657,3.2348154e-05,-0.0056418663,-0.020826015,-0.0017554732,0.0012661573,-0.0021407473,0.00060689408,-0.00010217031,0.00022712658,-6.1595816e-05,-0.0021299863,0.00025507285,0.0077251461,-0.00033368348,0.00024309993,-0.00025845456,-0.00041221409,-0.00068867688,0.00049650353,-0.00085978186,0.00039257771,-0.00024463849,0.0013940564,0.001329879,-0.0025786787,0.00057378682,-6.1186245e-05,0.010352188,0.0087795105,0.0010219322,0.042000273,-0.013645279,0.0041046927,-0.0027485383,0.0047133106,-0.0032373306,0.00026507907,-0.0012166457,0.00029705251,0.0059461333,-0.00053185223,-0.020958631,0.0032347402,-0.00072662468,0.00084115629,0.00088942812,0.00085560836,-0.00055406178,0.0037116328,0.0018796933,0.0032018322,-0.00029135126,-0.00061628425,0.0048127873,-0.0021085937,7.9567257e-05,-0.00064928094,-0.00046118176,-0.0009118417,-0.0011847217,-0.0019302343,-9.4648773e-05,-0.00012581015,0.003009771,-0.00049203895,0.0006924649,0.00023333382,-1.094967e-06,7.1048621e-05,0.00060811062,-0.00068304899,0.0017647174,0.00096554041,-2.6925793e-05,0.0033503912,-3.4888835e-05,0.0013377282,0.00079494799,-0.00025111403,-0.0001005797,0.0016319249,-0.0011414325,-0.0003324126,-6.0467088e-05,-0.00013389002,-1.8063226e-05,-0.00010203336,-0.00038238683,0.0012016051,-0.002409566,-0.0010508814,-0.00055012251,-1.395698e-05,0.00024747287,0.001164935,-6.7641007e-06,0.00029757988,-0.00089153255,0.00087719529,-0.00096986192,-2.9514346e-05,2.6530577e-05,0.00088597741,-6.308767e-05,-0.0013117663,0.0016228553,-0.0013636262,1.2125185e-05,0.00030623273,-0.0024894009,-0.00030700121,-0.0018679561,0.0033794566,-0.0022305075,0.0019452994,0.0039080282,0.0036040436,-0.003705909
"118",0.0024537592,-0.00085803025,-0.0011557484,0.0012037837,-0.00038106663,0.00020049111,0.00063695112,0.0002225767,0.00011921781,-0.00025906945,1.482932e-05,0.0001310144,-0.00010817236,0.0003536799,0.00011585555,-0.00018119347,0.00023338225,-0.00015036277,-0.0013557821,-0.0023798742,-0.0012812606,-0.00017639572,0.00034264891,-0.00035613265,0.00044205769,-0.00042539282,0.002540623,-0.00088600003,-0.001289747,-0.0023874815,0.0014884293,-0.0031189528,-0.0078854153,0.00055480051,-0.00066093875,-0.0023188414,0.0084890584,-0.0003505324,0.0015695617,0.00012463688,-0.00026281631,-0.0003366575,-0.00023853731,1.7327643e-05,5.1644261e-05,2.9439144e-06,-0.00039102624,-0.00031977383,-0.00023898977,-0.00010849051,-0.00014590221,-2.8635667e-05,-0.00026241987,0.00012202101,-7.7373708e-05,0.00037082381,-0.00033812575,-0.00025369645,-1.570266e-05,-7.4429911e-05,-0.0002554711,3.5987616e-05,-1.5355192e-05,7.5421625e-05,0.00021938339,0.00033524496,0.00015929667,-0.00068634233,2.3279552e-06,-1.4709301e-05,0.00073720119,0.00034706772,0.00036128336,-0.00017443246,0.00011929607,-2.9393294e-05,0.00011406891,-1.2351485e-05,0.00047864745,-0.00084018066,0.0005512222,0.00049162511,0.00013183513,0.00033413653,0.00042686258,0.00010901206,2.0581499e-05,9.9926258e-05,0.010291812,0.00039610605,-0.000386826,0.0010597869,-0.00037664297,0.00013303447,-0.00015024358,6.6773257e-05,-3.4178214e-05,0.00016298952,-0.0042371848,0.0001226652,-1.3759321e-05,0.00024416332,0.0001366155,0.00014100885,7.1796738e-05,0.00091238041,0.00055267612,-0.00024542754,-0.00012654517,-0.00046718776,0.00094389841,-0.00034034161,3.4054209e-05,-0.0039339124,-0.010257439,-0.0036591699,-0.013645279,0.020758943,-0.0022032988,0.0014485788,-0.0029892393,0.0022773696,-0.00031628505,0.0012278185,-0.00031958029,-0.0035228174,0.0005050918,0.014257749,-0.0037910708,0.0002383781,-0.00075679778,0.00025580969,0.0014565619,8.6797338e-05,-0.0043229404,-0.0025688091,-0.0026348223,-0.0021732163,-0.0017771128,-0.0019170392,0.0019008859,-3.6468323e-05,0.00015740577,0.00010476461,0.00031163422,0.00031461858,0.00068032742,0.00012748008,1.1548047e-05,-0.0002972899,0.00040291813,-0.00010194512,8.6261606e-05,-4.4061133e-05,-5.9965003e-06,8.3748288e-05,0.00013746326,-0.00041517179,-0.00021297209,-7.2744949e-05,-0.00013083757,-9.4222217e-07,0.00014959436,-0.00055763685,5.4274477e-05,2.3642285e-07,-0.00034175108,0.00017187858,-0.0010768524,-0.00058011911,5.9342871e-06,0.00013934966,-2.0690402e-05,-0.0012180508,-0.0020447694,-0.00041819207,-0.0011667713,-0.00016725441,0.00020691383,-0.00059623022,-0.0012151677,-0.00030145974,0.00052691185,-0.00011988286,-0.00049596753,0.0010855314,-0.00056414088,9.4773571e-05,0.00035804842,-3.1016817e-05,-0.0012459789,0.0015907508,-0.0021928306,0.00087703715,-9.3983886e-05,0.0017859858,0.0016837535,-0.0018618184,0.0010313299,-0.0035366153,0.0047292476,-0.0054709278,-0.0034325285,0.0034367825
"119",-0.00059802062,-0.0017482195,-0.0013601509,0.0015627521,-4.1787919e-05,0.00011426098,0.00021533301,-0.00034122414,0.001328167,0.0017602915,-2.9984626e-05,4.3881313e-05,-0.00010684153,-0.00032634273,3.4765517e-06,0.00018046013,0.00043928422,0.0015224889,-0.00012331401,0.00051333005,-0.00017371397,-9.5751855e-05,-6.8591056e-05,0.00014608149,0.00011699026,-7.5792233e-06,-7.6201169e-05,0.0004785574,0.00028747935,0.0012477197,-0.00025379561,0.00057030846,-0.00096861266,0.00037884263,-0.00036800626,1.1055957e-05,0.0016723128,0.00058484963,-0.0010979426,-0.00030292827,-8.773341e-05,-0.00016150939,0.00025505279,-5.6803235e-05,1.1219473e-05,4.7359352e-06,-0.00011917518,0.00048871882,-0.00097945471,-4.8535707e-05,-9.9289506e-05,1.2323479e-05,0.00013787688,-3.005474e-05,-8.8322117e-05,0.00016565309,-0.00027732717,-6.3666688e-06,-0.00011174638,-0.00032538659,8.880264e-05,5.4842311e-06,-1.9284436e-05,0.0004771825,0.00016200594,0.00041160997,-0.00017318881,0.00020702556,5.3259222e-05,-3.945708e-05,0.00033505098,-0.00042261077,0.0013902622,-0.00011662007,0.0002517271,-0.00015055003,-0.00021379251,0.00010064864,-0.00016303982,-0.00042610938,0.0001837701,0.00031011102,-0.00027385032,0.00034023328,-0.00013258443,-1.7972193e-05,5.6417713e-05,-0.009342319,-0.0035334857,-0.002688454,0.0010367325,-0.00092283608,-0.00016569026,-0.00071329536,8.2541971e-05,-6.7642807e-06,-0.0024590654,0.0013993533,0.00092170329,-0.00043314245,6.619935e-05,0.00043782824,9.4671761e-05,-0.00061885717,0.0015742909,0.00113259,0.0019931169,8.9556204e-06,0.0027856139,0.0012527124,-0.0012478493,0.00017615853,-2.9506823e-05,0.02694694,-0.035556724,0.024257488,0.0041046927,-0.0022032988,0.01223501,-0.0012717523,0.0077266859,0.0059596965,-0.0053318309,-0.0011881334,-0.00024171054,0.0082250109,-0.00513298,-0.015891313,0.0043444685,0.0022789752,-0.0017864036,-0.0034177241,-0.0080371918,-0.0028218139,0.0032842267,-0.0090189143,-0.0013773872,-0.01211352,-0.0055018019,0.0074371249,-0.005619544,0.00058749505,-0.00029517611,-4.054502e-05,-2.6422877e-05,-0.00010261611,5.2890449e-05,-5.4606921e-05,-1.4645137e-07,-6.0877884e-05,-0.00020310598,0.00017320316,-7.1526011e-05,-9.665503e-05,-1.525572e-05,-3.4152455e-05,9.6260096e-05,0.00021824791,8.8689428e-05,0.00017624828,-3.8729852e-05,4.0079229e-05,0.00011722095,-0.00011058278,-0.0001473339,-7.5771858e-06,0.00049217487,-0.00030837444,7.5148853e-05,4.7482985e-05,-0.00041796081,0.00017541216,-1.5324104e-05,0.00018179491,0.00010587091,0.00036058552,-0.00034055851,0.00018702868,-3.3647807e-05,-6.1016079e-05,-0.00026533411,-0.00035929783,-1.1282841e-05,-0.00048040043,0.00051227312,0.00035596984,-6.675554e-05,0.0002856461,0.00017765424,-1.8869912e-05,-0.0015171122,0.0017904579,-0.0017541627,0.0021728123,-0.0028615831,-0.010635209,1.0496729e-05,-0.00013115295,0.00026955495,-0.00022908916,0.00046346239,0.00049770142,-0.00023465685,0.0014965717
"120",-0.00042406847,0.00038700773,0.0012782097,-0.0011549683,0.00011668753,-0.00010133615,-0.00056652611,-1.7301038e-05,-0.00055219114,0.00070522326,-2.6574456e-05,-5.5418984e-05,0.00013456354,-0.00010059604,-0.00010999183,7.6540158e-06,-4.3966291e-05,0.00021017165,0.00017839598,-0.00032902261,-8.1978386e-05,0.00011623178,0.0001022567,-4.9458895e-05,-0.0001013568,9.3163214e-05,-9.2402303e-05,4.5392892e-05,-0.00017536426,-0.00059665583,0.00035053873,-0.00038625104,0.00073874195,0.0001332549,-0.00015980103,0.00069329377,-0.0083451266,0.00055949725,-0.00034871417,9.2533878e-05,-0.00056276492,0.00014194138,-2.5415409e-05,-0.00014106884,-9.593234e-05,1.5070526e-05,6.4913801e-05,-0.00014151683,0.00026912557,1.2523173e-05,6.1081367e-05,-2.6491473e-05,2.3817836e-05,8.0491492e-05,0.00013777697,-4.797943e-06,0.00011613356,0.00010658786,-8.5614892e-05,1.4799345e-05,-0.00012712546,1.3460795e-05,-4.5699825e-06,-0.00024486489,0.00089947059,-0.00033556614,-2.2863767e-05,0.00021247891,5.4249145e-05,-1.0781513e-05,0.00017222272,0.00016793173,-0.00072045271,-8.979153e-06,-0.00011892994,0.00011628651,1.2559824e-05,-0.0001482593,-3.5016696e-05,0.00017553766,-0.00020305141,-0.00012753848,3.9977612e-05,4.707208e-05,0.00017732065,-3.8724946e-05,6.5760961e-06,0.0047189141,0.0023140252,0.00088424212,-0.0025015383,0.00035130695,0.00014564833,0.0001667462,-0.0001659429,9.2694469e-06,0.0011797626,-0.00079255235,-0.0011131376,0.00026986378,2.7939768e-05,-5.577933e-06,2.0877103e-05,0.00034020025,-0.00058781374,-0.00034716295,-0.00076899992,0.00016845771,-0.0014337062,-0.0006590144,0.00035322366,-0.00017391366,1.4265622e-05,-0.0074099068,0.022166299,0.0048110197,-0.0027485383,0.0014485788,-0.0012717523,0.0072900323,-0.00098310383,-0.0026237612,-0.0010943927,0.00092691663,1.0040014e-05,-0.003608043,0.0011943551,0.008605992,-0.00058171019,0.00014314212,0.0005213679,-0.00014830377,-0.0038546244,0.0026537175,0.00092904843,0.003746612,-0.00060496218,0.0054140629,0.0024202973,-0.0032114308,0.0010261592,-0.00011500767,6.5947521e-05,-0.00014358127,0.00012593694,0.00012130189,0.00036446916,-6.7806748e-05,1.8716912e-05,-0.00057660818,-2.7992574e-05,-0.0004224038,8.3505079e-05,-7.0006692e-05,-7.7415367e-06,-0.00016915655,8.3048562e-05,-0.00024412318,-0.00017887667,4.8328062e-05,-0.00042094897,-0.00012057433,-0.00010910485,-9.3082301e-05,-1.1563859e-05,1.2910722e-05,-5.6702732e-05,0.00023117602,-0.00012075046,-6.5622549e-05,-0.00024129518,7.7855609e-05,-8.6308739e-06,0.00032778671,0.00019300575,0.00067038899,-0.00018564405,-1.1302297e-05,9.9956449e-06,0.0001160671,-0.00012322777,0.00026908627,2.0383057e-05,-0.00020871095,0.00010937141,0.00037628073,0.00012431972,9.2924998e-05,-0.0001170367,4.5471809e-06,0.0010967256,-0.0013670761,0.0016017409,-0.001112663,-0.00012487118,-0.0012301518,-7.5397008e-06,0.00022449494,-0.00023952083,0.00018932201,-0.00034123524,-0.0002757892,-0.00047777815,0.00045075885
"121",0.00020681044,-0.0008027259,-0.00037635426,0.0015234395,-0.00011705894,9.688081e-05,0.00019594469,-5.81558e-05,0.0011072583,0.0014680821,2.9198281e-05,3.1595968e-05,-8.805733e-05,-0.00035480691,9.2449201e-05,0.00027926228,0.00024070091,0.0012226364,4.0666636e-05,0.00065209415,0.00011445959,-0.00013402825,-7.2176108e-05,-0.00027814866,-6.7686873e-06,-3.0959028e-05,-0.00014547321,0.0002424313,5.8170835e-06,0.00097151877,-0.0004438577,0.00057812197,0.0013311767,0.00082233081,-0.0013123764,0.0021083948,-0.0043741807,0.00056782418,-0.0010928638,-8.5523161e-05,-8.8392538e-05,-0.00075444531,0.00013841278,-0.00018470016,3.9501297e-05,-1.8001265e-06,-0.00025393127,0.00048506019,-0.00038459759,2.4644208e-07,-0.00015420621,2.9098494e-05,0.00020399517,-8.5823924e-05,-0.00012671673,0.00016812769,-0.00025062885,9.0985739e-06,0.00017081322,-0.00016423522,-0.0003570825,-8.714847e-08,-5.9423148e-06,8.4362648e-05,6.7200205e-05,0.0014550784,-0.00010881432,0.00048648253,2.8117464e-05,-1.8670123e-05,0.00045885604,-0.00062574509,0.00091638282,-0.00016602418,0.00021310493,-9.7722186e-05,-0.00030589584,0.00010646726,-2.1290893e-06,-8.9105419e-05,0.00036788765,0.00025625139,-0.00057230445,4.8605725e-05,0.00050125075,-1.1091273e-05,9.0892447e-06,-0.0076968399,-0.0038306109,-0.0013127234,0.00071206673,-0.0030355336,-0.00035036054,-0.00081675806,2.3118911e-06,-5.0675521e-06,-0.0020529823,0.0014197483,0.0018760801,-0.00026731835,-2.3023524e-05,0.00028357777,0.0002378785,-0.00059890117,0.0013304773,0.00057621705,0.0016892754,-5.0428334e-05,0.0024652759,0.0012552107,-0.002469993,0.0002335688,-8.497484e-06,0.022205812,-0.029844393,0.020238258,0.0047133106,-0.0029892393,0.0077266859,-0.00098310383,0.012339279,0.0055847835,-0.0037919006,-0.00089994394,-0.0001934751,0.007004808,-0.005001646,-0.015701648,0.0036191495,0.0021724921,-0.0012392061,-0.0030214598,-0.0066660554,-0.0023378322,0.0037607577,-0.0073675971,-0.00077025792,-0.010324418,-0.0050109536,0.0099638855,-0.0050801278,0.00043886304,-0.00013560664,7.5704852e-05,-0.00016279994,-0.00011270801,-0.00012688737,-0.0001014416,1.3777535e-05,-0.00012768522,-0.00016077718,0.0002742514,-0.00023188346,2.3418654e-05,-1.4320087e-05,-4.6502834e-05,-3.4822274e-08,4.6408243e-05,-0.0001771251,8.0916959e-05,-0.00010938364,0.00013619471,7.0101064e-05,2.2489232e-05,-5.4300773e-05,7.0106431e-06,0.00032693633,-0.00047522947,0.00051238901,-9.6514071e-06,-9.238183e-05,0.00020801251,-5.876692e-05,0.00022797037,0.00015735095,0.00027465783,1.5575999e-05,8.313545e-05,-6.9628784e-05,5.1969563e-06,-3.0953611e-05,2.7075712e-05,0.00026652265,-0.0003991603,0.00054368831,-0.00010909198,0.00013589009,0.00027521953,9.8828551e-05,-3.5809126e-05,-0.0013334958,0.0015214825,-0.0016883014,0.0017932899,-0.002386022,-0.0090719802,-7.7996322e-05,5.1987002e-05,2.07017e-05,-7.1650552e-05,8.6161888e-05,0.00082809159,0.00028299704,-0.00068549921
"122",0.001260085,-0.0018832524,-0.0016536525,0.0027348192,-0.00028735052,9.8472013e-05,0.00064404398,2.9429182e-05,0.0018352733,0.00031922881,-4.5941315e-05,5.4821467e-05,-9.0154093e-05,-0.00022205989,0.00061531092,7.3209215e-05,0.00080828611,-6.5565731e-05,-0.00026344452,-0.00040036661,-5.9564798e-05,-7.6707772e-05,4.225086e-05,-6.7939085e-05,0.00010648151,-1.7058463e-05,0.00051316786,0.00018673864,-0.00025525717,0.0015192291,-8.3816136e-05,-0.00048917304,-0.0017724406,0.00044193976,-0.00076424026,-0.0012214534,0.015357356,-0.00012404127,-8.2494616e-05,-1.2815379e-05,-0.00024369891,-0.00028713222,-0.000587128,-0.00036324267,9.3208709e-05,2.3761904e-05,0.00011904362,0.00040794925,-0.00067209525,-0.00023495016,-0.00017068147,-4.5689947e-05,0.00015228975,-0.0002359283,-0.00029068756,0.00046436379,-0.00037110943,-0.00019346496,-0.0001555032,-0.00024222469,-8.6456699e-05,-3.9897903e-05,-2.116938e-05,6.0682898e-06,0.00028106141,0.00060934494,0.00093175744,0.00038036531,-8.7286418e-05,-4.6293033e-05,0.00021391329,-0.00042055781,0.0014052288,4.8267702e-05,0.00026099422,4.1882402e-05,-0.00021570947,0.0005054208,0.00042770007,-0.00073033062,0.00039937295,0.00045330194,-0.00012389472,0.00025522783,0.00027459212,7.2244731e-05,4.0949117e-05,-0.012667382,-0.00068626026,-0.0016190416,0.0010745198,-0.00071099272,-0.0025525009,-0.0020287041,0.00027795146,3.9468289e-05,-0.0031472177,0.0021637233,0.00013415484,-0.0010644902,-3.0494176e-05,0.000419412,0.00060416649,-0.00059699299,0.0023110598,0.0017210847,0.0029427944,2.3019361e-05,0.0036547872,0.0016321561,-0.001921224,0.00016286318,-2.7972333e-05,0.027176407,-0.066979036,0.0096964121,-0.0032373306,0.0022773696,0.0059596965,-0.0026237612,0.0055847835,0.015259322,0.00056322303,-0.002052976,-0.00038841098,0.0097823815,-0.0049783035,-0.01834952,0.0034845401,0.0017318711,-0.0023407086,-0.0035868925,-0.00044378115,-0.0070292854,-0.00034528905,-0.014551122,-0.0012833753,-0.016462251,-0.0081163517,0.013140036,-0.0051543834,0.00061339661,5.1229643e-05,0.00014641935,0.00022787079,-0.00029192375,-6.7937744e-05,5.2695743e-05,1.651496e-05,-4.3732737e-05,5.7396292e-05,0.0001640168,-0.00011460235,2.7107352e-06,-6.0990204e-05,0.00018335581,-0.00016190113,-5.5384253e-05,-9.6053722e-05,-1.1574823e-05,-0.0002197175,6.2716416e-05,-0.00012394357,-0.00014984293,-6.740553e-05,1.0186311e-05,-0.00045337039,4.234918e-05,-0.00029723371,0.00044314049,0.00028249672,0.00011373242,3.4100993e-06,-0.00048519906,-0.00092216741,0.00053205521,-0.00040652161,0.00018916595,0.00014817514,-0.00040766004,-0.00031288816,-0.00073839762,5.0073253e-05,-7.7826118e-05,-0.00033140881,0.00044934473,-8.6227799e-05,5.6454658e-05,6.5997495e-05,-2.9471903e-05,-0.0026680873,0.0032419363,-0.0039719895,0.003595054,-0.0020322216,-0.0053421433,0.00035562214,-0.00034527658,-0.00022405509,-0.0005549119,0.00109356,-0.00070187243,-0.00029916384,1.6892283e-05
"123",6.0058433e-05,-7.925999e-05,0.0011314437,-1.0948833e-06,8.3439427e-05,1.006185e-05,-0.00021509777,5.3254671e-05,-0.00027498393,-0.0019502269,5.4951839e-05,7.1849204e-05,-5.1299857e-05,0.00028884821,-4.219291e-05,-0.0002618643,-0.00013390295,-0.0013238762,7.6538216e-05,3.8851742e-05,6.8923045e-05,6.1964634e-05,-4.2782334e-06,0.00035139519,-9.8350021e-05,0.00011929013,-0.00059429931,-0.00022049168,2.3276788e-05,0.00021762699,0.00015642862,0.00010823552,-0.00073384699,9.6161605e-05,-7.9894511e-05,0.00055600638,0.0030027718,-0.00022357793,0.00052409544,-2.7605332e-06,-0.0001309815,-8.8634301e-05,-0.00040719255,-0.00090939517,9.9538741e-05,-1.6055405e-05,0.00011012201,3.3214249e-05,0.00091101302,-1.4694163e-05,8.1277083e-05,-3.3352687e-05,4.1438457e-05,-0.00026980832,-0.000252758,0.00014500742,-0.0002796826,-5.9035048e-06,-9.6444303e-06,-0.0001282542,0.00011689112,2.2507121e-05,1.5596906e-06,-8.0228879e-05,0.00013999778,9.5892519e-05,0.00055581486,0.0013522186,-8.7007544e-05,2.3483304e-05,-0.00034192872,-3.7168357e-05,-1.1411734e-05,6.6401992e-05,-0.00016489505,8.9987741e-05,-7.138491e-05,0.00023462627,0.0002362697,-0.00014446487,0.00029925383,-0.00058183111,-2.9202e-05,0.00018106837,-4.6848553e-05,-3.3047219e-05,-4.5591622e-06,0.0013805971,-0.00022490636,0.00027170884,-0.00018579287,2.7798822e-05,-0.00084250472,-0.0028463818,0.00016350753,-1.0892806e-05,0.00022137338,-0.00011688034,0.0021783899,-2.9649778e-05,7.3645702e-07,-0.00014310945,0.00041522632,-5.0008261e-05,-0.00033290276,-9.912293e-05,-0.00087367866,0.00028814209,-0.00047696615,-0.00019773917,0.00029445864,-1.436689e-06,-1.2646553e-05,-0.010783902,0.004023268,-0.021602894,0.00026507907,-0.00031628505,-0.0053318309,-0.0010943927,-0.0037919006,0.00056322303,0.012801144,-0.00025415558,0.00015261548,-0.0015769946,0.002450333,-0.00094042541,-0.0024731322,-0.0018642413,0.00033732925,0.00098805292,0.0099304838,-0.0010524964,-0.004083685,0.0030348483,0.00074689771,0.0039267639,0.0015990485,-0.00086298667,0.0029688841,-0.00021034793,5.3424387e-05,0.00012900875,-0.00017668369,-0.00021439555,-0.00066797355,6.3578948e-05,-2.4575749e-05,0.00055428623,2.9396832e-05,0.0010230937,-7.1519999e-05,4.7645569e-05,-3.5115579e-05,0.00015768049,-2.0466994e-05,6.2998034e-05,-1.1232333e-05,-0.0001193578,0.00026774143,6.721193e-05,-6.9688947e-06,0.00020664418,5.4163205e-05,6.5883716e-06,-0.00032436868,-0.00014168419,2.4129213e-05,0.00041414643,0.0009916174,-0.00016074631,4.3786117e-05,-0.00057577528,-8.2486473e-05,-0.002521437,0.00047575375,2.3333001e-06,9.573866e-05,-0.0002035988,3.124446e-05,-0.00012272301,0.0001318559,0.00024612147,-0.00035871523,-9.6394401e-05,-0.00012406142,-0.00042531656,-0.00016617999,9.7308101e-06,8.4690008e-05,-0.00017044339,0.00019402203,-0.00040599949,0.0021117122,0.0086087968,-0.00016314681,4.9186803e-05,4.081824e-05,0.00031646296,-0.0004192381,8.8487179e-05,0.00066103009,-0.0010611424
"124",0.00014206025,0.00045556619,0.00074787421,-0.00055604038,3.4732636e-05,-1.160716e-05,-0.00020857563,5.2098812e-05,-0.00029382424,-2.2033944e-05,-1.1237746e-05,1.3369765e-06,2.6275848e-05,0.00012565702,1.0682256e-05,-4.8539711e-05,-0.00014058771,-0.0001291908,3.0382311e-05,-0.00015270851,-0.00013274978,-2.7987386e-05,0.00010064542,-0.0001210674,7.6171155e-05,-5.2332419e-05,0.00025465154,-2.3426697e-05,-0.00013124943,-0.00043208533,0.00020930753,-0.00022954163,-0.00025054912,0.00031055467,-0.00068939036,0.0015282628,-0.0066846796,0.00046775779,-0.00037841764,-5.1714647e-06,-5.0130742e-05,7.4352906e-05,4.0948233e-05,0.000102158,-0.0001769191,1.6590429e-05,-7.7077162e-05,-0.00024781737,0.0003291835,0.00013447105,1.6043944e-05,2.4788926e-06,-7.7270488e-05,7.4573706e-05,0.00012200887,-7.3946206e-05,0.00015962605,6.1588137e-05,-6.489315e-05,-4.672412e-05,9.2173777e-06,2.1804134e-06,6.1336191e-06,-9.5006276e-06,3.8412454e-05,-0.00012216591,-9.9086698e-05,-0.00012851991,0.00028692601,-2.7235213e-05,0.00020831977,0.00026628653,-0.00048601635,-0.00020618846,-4.1686276e-05,2.9923265e-05,0.00011418652,-0.00012117899,-6.9760414e-05,0.00013856684,-9.5843916e-05,-1.9943921e-05,0.00011095293,0.00015009689,-3.8334261e-05,3.4543117e-05,-1.1606854e-05,0.0024175845,0.0011694776,0.00034341262,-0.0003811231,0.00010959852,0.00023311247,0.00039070187,-0.00062834017,8.9099317e-05,0.00032782793,-0.00052173679,-0.00014257495,0.00037374755,1.6723025e-06,-9.1409415e-05,-9.2200055e-05,8.4850892e-05,-0.00037683599,-0.00033231534,-0.00031830399,0.00010639017,-0.00082837203,-0.00045202487,0.00028169946,-8.2722296e-05,7.8527824e-06,-0.005295402,0.011838711,-0.0016205489,-0.0012166457,0.0012278185,-0.0011881334,0.00092691663,-0.00089994394,-0.002052976,-0.00025415558,0.0021732203,-0.00021367067,-0.0013216009,0.0009622926,0.0043074252,-0.0016408793,-0.00025294828,0.00049847298,0.0006991377,-7.5415743e-05,0.0012161513,5.206539e-05,0.0021847152,-0.00030596958,0.0029857351,0.0016010603,-0.0023447245,0.0011174796,-0.00011017242,-3.2822671e-05,-5.3416134e-05,-6.7278173e-05,9.7580573e-05,0.00013436929,-6.8715668e-05,1.4409375e-05,-0.00025060576,-3.317516e-05,0.00015740534,9.4108933e-06,-1.6472228e-05,1.0884956e-05,-0.00010585275,3.5665856e-06,-0.00010763065,-9.1257978e-05,-3.7236002e-05,-0.00010754743,7.1771916e-06,6.7065717e-05,-0.00010573435,-1.0242896e-05,-1.5834199e-06,0.00012976588,0.00010120454,0.0001112508,-4.2518778e-07,-9.7079525e-05,0.00010721577,-1.0844644e-05,4.2016595e-05,0.00015407271,-0.00043669858,-0.00014757954,-8.1957883e-05,1.149258e-05,3.2329501e-05,-5.5660569e-05,-1.3216285e-05,2.3100487e-05,3.2800228e-05,0.00016391022,0.00011419567,-0.00021307037,0.00010949641,8.930065e-05,-4.8074323e-08,0.00050754879,-0.00061006623,0.00065245694,-0.00062053644,0.0003125272,0.0010740522,5.3042423e-06,7.5493658e-05,-4.4859853e-05,1.751381e-05,3.1227176e-05,-0.00029461224,-0.00023542984,0.00033060147
"125",-3.9587511e-05,0.00013655892,8.8629278e-05,-0.00010199237,2.5042557e-05,-1.7102992e-05,-5.122118e-06,5.882623e-06,-7.0066955e-05,-5.0038371e-05,8.6648702e-07,-7.3291086e-06,1.1274026e-05,-6.740261e-06,-3.4979854e-05,-3.7792564e-06,-1.6471619e-05,-1.5619003e-05,4.7492605e-05,2.4282418e-05,4.1136175e-05,4.4397424e-06,-8.7372514e-06,3.1521894e-05,-3.4331733e-05,2.9480568e-05,-9.2500068e-05,9.1121253e-06,3.7239001e-05,3.7266202e-05,-7.0309938e-06,4.6993379e-05,0.00022856201,-6.4473081e-05,8.6596711e-05,-2.4207976e-08,-0.00030501753,-2.9503942e-05,2.1770539e-06,-2.2199637e-06,2.6613694e-05,1.2549462e-08,4.7351697e-06,-8.0302599e-06,1.7725667e-05,-7.4402026e-06,1.7227357e-05,-1.1016533e-05,6.2530591e-05,7.9800197e-06,1.5009112e-05,4.4746482e-06,1.8742121e-05,3.9387614e-06,4.2032931e-06,-1.4278213e-05,7.6238302e-06,-1.8897868e-07,9.4906697e-07,1.1429722e-05,1.3978163e-05,2.0250257e-06,1.3234197e-07,4.1745788e-07,-3.09526e-05,-1.3410161e-05,-8.8175077e-06,1.2972324e-05,-3.1366075e-05,1.1636719e-05,-5.6969213e-05,1.2199129e-05,-3.4475284e-05,3.3383216e-06,-1.8894095e-05,-1.7982648e-06,-1.8454745e-05,-5.7625815e-06,-7.6720058e-06,2.0815087e-05,-2.047251e-05,-1.999722e-05,1.6373889e-05,-3.0090898e-05,-1.2164846e-05,-7.7474689e-06,-6.7088462e-07,0.00043110086,-9.8873271e-05,3.2924196e-05,-1.329348e-05,-1.0217203e-06,2.9718529e-05,4.0701597e-05,8.8025687e-05,-3.7273051e-05,0.00010954018,-0.00010028286,0.00010898467,9.620048e-05,5.1960367e-06,-1.556509e-05,1.3792476e-05,3.3073209e-05,-7.2648313e-05,-4.5366163e-05,-0.00013366098,-5.0869423e-06,-0.00012607988,-5.3129232e-05,7.5599156e-05,2.6010114e-06,-2.9916835e-06,-0.00099975138,0.0023409182,-0.00070319286,0.00029705251,-0.00031958029,-0.00024171054,1.0040014e-05,-0.0001934751,-0.00038841098,0.00015261548,-0.00021367067,0.00011623253,-0.00029726323,0.00030742657,0.00033068456,-0.00022141122,-0.00010363983,8.0003764e-05,5.1324132e-05,0.00016451996,0.0001751609,-7.2574748e-05,0.00056219073,8.2927348e-05,0.00064596883,0.00031425349,-0.00043572106,0.00018630681,-1.789692e-05,1.8836972e-06,-1.0930943e-05,4.3569216e-06,4.1779949e-06,-1.8381749e-05,8.9113594e-06,-5.0415054e-06,1.7592406e-05,-1.3128213e-05,-1.3155246e-05,3.4095139e-05,1.0897824e-05,-6.0662193e-06,4.4289857e-06,-6.0080701e-06,6.8623275e-06,1.4939785e-05,-8.4704283e-06,3.6592215e-05,-8.921737e-06,-3.0010752e-05,9.1625816e-06,1.0608796e-05,3.77802e-07,1.6672665e-05,-1.0328102e-05,-3.8576987e-05,1.6476784e-05,5.2025918e-05,-1.4041789e-05,5.4604931e-06,5.6975263e-05,6.056338e-05,-3.6679048e-05,-3.4740799e-05,4.0456666e-06,3.6600163e-06,-7.6854402e-06,4.0405002e-05,4.3394377e-06,-2.9595009e-05,2.6468008e-05,-0.00010991813,-1.3727128e-05,8.7069845e-05,-2.4578621e-05,-2.0007717e-05,2.2864595e-06,0.00010442467,-0.00013045438,0.00014881071,-0.00013750341,0.00011390787,0.00031960282,-5.7133565e-05,5.1420982e-05,-8.5831272e-06,0.00010722587,-0.00013642544,8.4175856e-05,6.0385636e-05,-6.8829522e-05
"126",0.0007202552,-0.0039975173,-0.0026879981,0.0041829731,-0.00033070685,0.00033025705,0.00092299535,-0.0001882949,0.0020909651,6.6420306e-06,4.8663797e-05,9.9244245e-05,-0.00015304154,-0.00024761703,0.00028523661,0.00026894634,0.00056920585,0.0004773846,-0.00079973591,0.00085495464,0.00015696949,8.2022581e-05,-0.0001849139,-5.3004052e-05,0.00019116237,4.2319851e-05,-0.00014722525,0.00019520305,0.00017540969,0.0024657286,-0.00052572715,0.00097828983,-0.0023734389,0.00090082851,-0.0016007166,0.0012292904,0.011166678,0.00059377557,-0.0011583486,-1.6849764e-05,-0.00026608083,-0.0004610563,0.00046679621,6.1861829e-05,-6.4675834e-05,2.3508315e-05,-0.0010015605,0.0005648789,-0.0019065892,7.7617649e-05,-0.00021938607,6.9692646e-05,-8.1747289e-05,-1.6082764e-05,-0.00031011207,0.00027151121,-0.00058916592,-0.00022015975,0.00033065656,-0.0004578602,0.00027998224,-2.7707362e-05,-2.5380144e-05,0.00011045171,0.00058195789,0.0010845567,-0.00029512737,-4.5313246e-05,0.00022168418,-6.5395561e-05,0.0017147469,-0.00059568469,0.0024480932,-0.00040870655,0.00044030636,-0.0001271591,-2.9114665e-05,0.00025988506,-6.4822952e-05,-0.00079930608,0.00056650967,0.00028831765,-0.00086441727,0.000585158,0.00017236978,-3.0064197e-05,9.94794e-05,-0.017110344,-0.0061050023,-0.0026670413,0.0014538696,-0.0013917393,-0.0004058118,-0.0013189737,-0.00011759706,1.4493671e-05,-0.0072385588,0.001768906,0.001576688,-0.001002199,4.3505831e-05,0.00064782374,5.4267394e-05,-0.0012046085,0.0026333753,0.0013783825,0.0035367477,-0.00026895843,0.0049716118,0.0023958311,-0.002430429,0.00048240445,-5.5611396e-05,0.034471397,-0.072433041,0.0091373348,0.0059461333,-0.0035228174,0.0082250109,-0.003608043,0.007004808,0.0097823815,-0.0015769946,-0.0013216009,-0.00029726323,0.020697692,-0.0034518468,-0.02578607,0.0040925218,0.001434454,-0.0029902717,-0.0026901917,0.0011873567,-0.0082667904,0.00134727,-0.015638088,7.6603678e-05,-0.019052132,-0.0090101964,0.014522433,-0.0063218272,0.00069699985,-0.00025608097,-0.00018997765,-0.00014607827,-0.00038455668,-0.00030084211,-0.00013592989,-2.2706976e-05,0.000350004,-0.00020819737,-4.0799419e-05,0.00013703991,-6.2827234e-05,-2.0646269e-06,0.00035933948,-2.706633e-05,0.00053897409,0.00030068811,0.00021266458,0.00066748634,-3.3659681e-05,0.00030238847,-0.00011359764,-0.00016781119,-1.9446681e-05,0.00027948287,-6.0152747e-05,-5.0200473e-05,8.3419375e-05,-0.00029222486,0.00015093074,3.7439087e-05,0.00032973409,-4.1308141e-05,0.0011595706,-0.00056193574,0.00024385726,-2.6118302e-05,-0.00019412586,4.1411695e-05,-0.0003016145,-9.0160536e-05,-0.00041686181,0.00014914336,0.00013828196,-0.00056308607,0.00011847643,0.00030405396,-3.758268e-05,-0.0038356185,0.0046726395,-0.0052126912,0.0041331752,-0.002063113,-0.0058469722,0.0004060374,-0.0011545583,0.00063069874,-0.00098897103,0.0016309419,0.00075648308,0.00069790207,-0.001132461
"127",-0.00080179912,0.0020130714,0.00093994444,-0.0015001101,0.0004641323,-0.00018017487,-0.00033447393,1.2784819e-05,-0.00080544053,-0.0009176965,-1.0393323e-05,-3.9957829e-05,0.00015246669,4.5557652e-05,-5.2812397e-06,-4.4694318e-05,-0.0002063071,-0.00088106671,0.00026011109,-0.00013177302,2.246256e-05,0.00019887382,6.7671209e-05,-7.056884e-05,-1.1096085e-05,4.4032058e-05,-0.00020291621,-1.5579099e-05,-5.744201e-05,-0.0005798218,0.00048003927,-0.00031085985,-0.00068406366,3.4093911e-05,0.00014069057,0.0018747578,-0.0063627973,0.00025818766,-2.1324861e-05,6.2438935e-05,7.8782478e-05,0.0002852142,-9.2565368e-05,0.00010571104,-0.000142704,2.4485337e-06,-5.4268115e-05,-0.0023164871,0.0009522897,4.8828703e-05,0.00013963307,5.9226346e-05,-0.00023647743,0.00028338279,0.00037083464,-0.00036252362,0.00024194101,-8.1306328e-05,-2.6375692e-05,0.0003073643,-0.00014122023,2.9034005e-05,3.9438394e-05,-4.997332e-05,-0.00015409151,-0.0006767119,4.3640979e-05,2.7323518e-05,0.00015825004,1.2994276e-05,3.8158283e-06,0.0032677832,-0.001422736,-1.6967681e-05,-0.00026738211,-8.4858778e-05,0.0002994029,-0.00031713096,-0.00033436806,0.00047965109,-0.00036301028,-0.0001055189,0.00024769471,-0.00042391598,5.4992971e-05,4.2065268e-05,-6.1409268e-05,0.0067166416,0.0012749385,0.0010036583,-0.00076389989,0.00070001177,0.0003686982,0.00067760492,-0.00021678777,-3.6443719e-05,0.00090169063,-0.0061470009,-0.00016867656,0.00045945697,-8.3338754e-05,-0.00014054044,-0.00048276522,0.00041799914,-0.0010879616,-0.00079680519,-0.0017288736,-0.00012519977,-0.0017874278,-0.00094077972,0.00099664906,-0.00019276859,2.3113666e-05,-0.017531427,0.027753846,-0.013321671,-0.00053185223,0.0005050918,-0.00513298,0.0011943551,-0.005001646,-0.0049783035,0.002450333,0.0009622926,0.00030742657,-0.0034518468,0.015586372,0.010450881,-0.0028880515,-0.0012691505,0.00080558713,0.0032397845,0.0035065346,0.0019106132,-0.0018790767,0.0072771399,0.0010908841,0.0082678237,0.0036908443,-0.0058571325,0.0036053605,-0.00039351534,-0.00011210693,6.3195067e-06,-5.0657904e-05,-5.3864682e-07,-0.00011055696,-4.2928613e-05,-3.6051195e-06,-7.4505856e-05,-0.00038895364,-6.938938e-05,0.00027247597,2.1887845e-05,2.9409571e-06,3.2553148e-06,4.113663e-05,6.738577e-07,5.418505e-05,-7.2332295e-05,7.5632384e-05,-6.4174856e-05,6.0643783e-05,-5.8122926e-05,1.3501637e-05,-7.7877517e-06,0.00013536331,0.0001462341,-7.2266003e-05,-0.00011095296,0.00011394837,8.9799821e-05,1.4394943e-05,0.00027583253,0.0015945567,-5.8444173e-05,-0.00049377986,-0.00013369152,-1.611038e-05,0.00020493619,-0.00015735604,-0.00021052303,-0.00027692229,0.00033931713,-0.00015491307,-9.9290976e-05,-0.00017664574,3.5878138e-05,-1.0238259e-05,1.4840843e-05,0.0015462127,-0.0018768285,0.0020377717,-0.0016533467,0.0016700339,0.006113727,-0.00029947966,0.00033789165,4.2637304e-05,0.00045059132,-0.00068668566,-0.00013353772,8.3473645e-05,-7.5732678e-05
"128",-0.00045432694,0.0028677807,0.005530162,-0.0056104111,0.00045422171,-0.00038812975,-0.0023685068,-0.0002183943,-0.0036560238,-0.00066874817,3.0536353e-05,-0.00011686951,0.00051782202,0.00071637309,-0.00033824903,-0.0010149225,-0.00096179108,-0.0014254253,0.00081810228,-0.0031022979,-0.00071654697,0.00011132613,0.00071628015,-0.00088074988,-0.00033232965,6.3233148e-05,0.0017223751,-0.00046790666,-0.0010834517,-0.0053486763,0.0025214316,-0.0028882532,-0.0015609487,-0.0014000983,0.0019616403,-0.0022418594,-0.017880863,-0.00056206776,0.0022357512,-2.5573603e-05,-4.2267298e-05,0.00070205448,-5.5998934e-05,0.00057850139,1.8809925e-05,4.2031355e-06,6.5664742e-05,-0.00091312965,-0.034016068,0.00053979479,0.00032659254,-3.4453504e-05,-0.00038730574,0.00014773368,8.1860544e-05,-1.9939939e-05,0.00048492842,0.00031597449,-6.4473783e-05,0.00042019832,0.00012349859,1.2690667e-05,3.482717e-05,-1.9628645e-05,-0.00028354138,-0.0015499586,-0.00040358557,-0.0010227025,-0.00011601138,1.4994986e-05,-0.00010482479,0.00061525939,0.044933891,-0.0013824501,-0.00051827996,0.00035765137,0.00074012098,-0.00059149956,0.00044879764,0.00019258492,-0.0002183147,-0.00038498625,0.00062412791,0.00029630433,-0.00076407868,6.7885267e-05,-9.5874497e-05,0.028865274,0.016924231,0.0045618972,-0.0033314758,0.0033572904,0.00099364074,0.0043605742,-0.00016428925,2.6421078e-05,0.0077569009,-0.0042490531,-0.10301106,0.0027992483,-0.00019166086,-0.00046810049,-0.0003137959,0.0019220333,-0.0052124483,-0.0017098801,-0.0061584692,-0.00015434659,-0.0081671746,-0.0041586636,0.0060106486,-0.00089908115,0.00012522228,-0.063387446,0.12883583,-0.023626751,-0.020958631,0.014257749,-0.015891313,0.008605992,-0.015701648,-0.01834952,-0.00094042541,0.0043074252,0.00033068456,-0.02578607,0.010450881,0.23302867,-0.012025168,-0.0029260119,0.0031724977,0.0051346269,0.00075186948,0.015655028,-0.0065875398,0.028290766,0.00073522836,0.032376715,0.01446371,-0.030803518,0.012969258,-0.001343015,0.00057956797,-0.00041064527,0.00053101761,0.0012810384,0.0021642866,0.00018614327,5.20528e-06,-0.0017437802,-1.4495907e-05,-0.015948921,0.00065943872,-7.2281777e-05,0.00035213156,-0.00059702387,0.00014458456,-0.0015116971,-0.00035543825,-0.00015864049,-0.0011021721,3.7951248e-05,-0.0001612017,-0.00028850169,0.00042163162,3.040867e-05,-0.00086817613,0.0012191161,-0.00087438641,-0.0013546555,-0.0017860891,-0.00013364268,9.9301703e-05,0.00027488961,0.00085890174,-0.0046622945,-0.0010415761,-0.00040167219,-0.00073225527,0.00034067923,0.00021986771,0.0015737859,-0.00037253495,0.00079721262,-0.00081561618,0.00031047977,-0.0008138528,-0.00059196488,-0.00058502281,4.3083785e-05,0.0053983816,-0.0066631153,0.0079674206,-0.0070429286,0.0040856572,0.013160726,-3.2054061e-05,0.0011616736,-0.00088021987,0.00087506555,-0.001338574,-0.0035188959,-0.0029561292,0.0035628738
"129",-0.0012799534,-0.00099003658,-0.0017684828,0.00049955107,-9.8582797e-05,7.4635797e-05,0.00020646819,-0.00018614354,0.00077464892,0.0010687029,9.760552e-06,-5.3039052e-05,-0.00010687562,-0.00018427435,8.3932207e-05,3.5015003e-05,0.0001067769,0.00050317242,0.0001613263,0.00043788388,6.3703858e-05,2.165107e-05,-0.00022598491,-0.00010892652,4.0402365e-05,-9.8238452e-06,-0.00035964226,0.00028701203,0.00013833864,0.0012420826,-0.00054786764,0.00080206482,0.00039768089,-4.8763053e-05,0.00059313417,-0.00040256512,0.0020035333,-0.00025127171,0.00058416929,-5.7211388e-05,-0.00015096683,1.3731639e-05,-2.0473554e-05,-3.053607e-05,0.00017890134,-4.7883224e-06,0.00024745386,0.00033307688,-0.00086269295,-0.0009258199,-0.00013743941,0.00011470141,0.00014425152,4.2622073e-06,6.3909944e-05,-0.00026386777,-0.00024394208,-2.9058703e-05,0.0001675959,9.2513971e-06,8.1370986e-05,7.8291925e-05,1.1647503e-05,1.8263777e-05,0.00010648591,6.2252793e-05,1.8432317e-05,0.00021502204,-0.00022929529,-4.9769835e-06,-0.00041857047,-0.00021662092,0.00056239985,0.0018946414,0.00012800492,-0.00019015804,-0.00031409599,5.8470981e-05,-0.0001178617,0.0004110067,0.00021775933,0.00011013088,-0.00046888446,-0.00020247612,-0.00010962658,-0.00032013706,1.5552846e-05,-0.0049092471,-0.0028736419,-0.00052692064,0.00042402626,-0.00020906455,-0.00016975438,-0.00058770518,0.00024997118,6.4157272e-05,-0.00094838234,0.00076217073,0.0010425753,-0.0051083639,-9.5659251e-06,0.00023056411,0.00012331335,-0.00013751803,0.00095388388,-0.00041326766,0.001047778,-8.9794792e-05,0.0015826543,0.0011204488,-0.00096233881,0.00033108559,-5.7188095e-06,0.015118714,-0.019882805,0.014366942,0.0032347402,-0.0037910708,0.0043444685,-0.00058171019,0.0036191495,0.0034845401,-0.0024731322,-0.0016408793,-0.00022141122,0.0040925218,-0.0028880515,-0.012025168,0.018554638,0.0013939218,-0.00095526928,-0.0021322787,-0.0051752773,-0.0016694815,0.0050870842,-0.0051933313,-0.00018919266,-0.0064832989,-0.0035634706,0.0050110942,-0.0042338045,0.00031679479,-7.2471263e-06,7.2306838e-05,-0.00022493036,-4.5458983e-05,-0.00017728632,-5.3539968e-05,3.7797909e-05,0.00016967357,0.00011327615,-4.8038409e-05,-0.0010072411,-0.00012351942,0.0001366502,6.8963459e-05,2.956268e-05,0.00033753611,0.00018349332,5.5026292e-05,-0.00014096383,-0.00014207982,-0.00011546986,0.00022802215,8.9326843e-05,-2.2697253e-06,0.00015409958,-0.00049464619,0.00050001455,-0.00044838046,-0.00032846115,8.0485553e-05,-5.8420044e-05,-3.142968e-05,-0.00024006597,0.00059084529,0.0015443546,9.5013462e-05,-0.00018475012,-9.4490755e-06,-0.00021005732,-0.00051193635,-0.00017598473,-0.00017840592,0.00050291099,-1.0864962e-05,0.00016664306,-5.0049072e-05,6.4084295e-05,-9.2175951e-06,-0.00059945399,0.00056120092,-0.00039010782,0.0011622806,-0.0016809288,-0.0061786794,-0.0001495153,0.00018868632,-4.9891833e-05,0.00028012408,-0.00055576827,0.001124822,0.00049136744,-0.00097975606
"130",2.7025997e-05,-0.00025589237,-0.0003541444,0.00032190586,-6.0059288e-05,-2.2659372e-05,2.7096997e-05,-7.3727949e-05,0.00027926822,0.00071359918,-3.099616e-05,-2.7803646e-05,5.2680748e-05,-0.00017304888,4.4903773e-05,9.670539e-05,4.0714775e-05,0.00050116583,3.5920259e-05,-0.00013166361,-1.2891664e-05,-9.7552329e-05,3.082461e-05,-0.00020970998,-8.0834906e-05,9.3181382e-05,-3.1521124e-05,5.7234737e-05,-1.6138476e-05,8.9754344e-06,-8.0812636e-05,-6.1017527e-05,-4.1294048e-05,0.00020186589,-0.00030685841,0.00065625214,-0.002495073,0.0002292354,-0.00069820329,3.8364089e-05,-1.0082246e-05,-8.8799192e-05,5.1515547e-05,-3.3114478e-05,-1.05766e-05,1.0928788e-05,-2.1990761e-05,0.0001102121,-0.00038558129,-6.9674758e-05,-0.00014005651,2.6654915e-05,5.5728143e-05,4.5746537e-05,-3.0044602e-05,3.503078e-05,-7.6036451e-05,4.5895028e-05,6.6901482e-05,1.5469981e-05,-3.6726341e-05,1.2138832e-05,6.2289174e-06,-3.0189181e-05,-4.373111e-06,0.00010839095,-6.9834348e-05,4.1414128e-05,1.7507749e-05,-1.9583239e-05,0.00017189803,-0.00010374066,0.00011897131,1.3840088e-05,0.00022303365,-4.2979106e-05,-4.0009807e-05,-8.7407807e-05,4.7084412e-07,-4.682633e-05,5.3543856e-05,6.2197648e-05,-9.0187917e-05,-2.9521578e-05,6.3258586e-05,-1.8769917e-05,-6.0230174e-06,-0.0017378194,0.00013292853,-0.00016093973,0.00017223313,-0.00015941691,-0.00016111326,-0.00023397675,3.0662296e-05,9.5568541e-06,-0.00040352644,0.00021092157,-0.00023743478,-0.0001274159,-0.00042405758,0.00011787824,1.5860505e-06,-0.00011350184,0.00031524602,0.00019257391,0.0004089721,-1.3102194e-05,0.00060825302,0.00024625009,-0.0002740117,3.2225636e-05,8.7151024e-06,0.0064891861,-0.0072471505,0.0087640845,-0.00072662468,0.0002383781,0.0022789752,0.00014314212,0.0021724921,0.0017318711,-0.0018642413,-0.00025294828,-0.00010363983,0.001434454,-0.0012691505,-0.0029260119,0.0013939218,0.0019740083,-0.00038937821,-0.00093970376,-0.0034214401,-0.00017113587,0.0014021314,-0.0019188919,-0.00058951741,-0.0029756284,-0.0013797571,0.0015399924,-0.0016070339,0.00011928628,-2.3212689e-07,1.2308793e-05,0.00010985666,8.0213115e-05,0.00012249547,-2.2086286e-05,1.3914422e-05,-0.00023780206,-4.8057602e-05,-0.00015593141,-3.237131e-05,-8.241244e-05,2.6465756e-05,-5.597607e-05,-1.5632953e-05,-7.9954328e-05,-4.5790944e-05,4.2282046e-05,-0.00018605589,-5.1347279e-05,-4.8731897e-05,-5.9810504e-05,4.6131995e-06,4.8243379e-06,-2.3171859e-05,-0.00012979796,4.2769864e-05,-5.9461087e-05,3.0755314e-06,-1.3679695e-05,6.9843487e-06,0.00024345852,-3.9681314e-05,0.00031551639,-0.0002618871,0.00023840555,-2.7511033e-05,-6.1020054e-05,-9.9263663e-05,-7.8735978e-05,6.2698886e-06,-3.9420271e-05,0.00023693096,7.0967744e-05,0.00011420348,0.0002800773,3.9914743e-05,-3.2553063e-07,-0.00026867498,0.00030868233,-0.00032910644,0.00049174088,-0.00096818625,-0.0035965228,2.9135546e-05,5.8008489e-05,-0.00011655532,-9.6002093e-05,0.00014789308,-7.3136564e-05,-0.00023297085,0.00041853702
"131",-1.5790693e-05,0.00082214766,0.00075014512,-0.00087567233,6.1351046e-05,-5.5480778e-05,-0.00018924415,6.8321824e-05,-0.00049078867,6.3004912e-05,-1.5317355e-05,-3.3711684e-05,3.890449e-05,2.5060434e-05,-0.00012472806,4.8006428e-05,-0.00027036659,2.0779842e-05,9.4526398e-05,0.00012862078,5.7020909e-05,-2.8809643e-05,2.685673e-06,-5.6182191e-05,-2.5650597e-05,-7.2813769e-05,-3.1448255e-05,-6.561908e-05,0.00010220643,-9.4797447e-05,-9.2459404e-05,0.00014576089,0.00060402202,-0.00030305137,5.5348865e-05,0.00072529238,-0.0061618178,0.00022209165,-0.00039806838,4.8917703e-05,6.0291339e-05,8.9675842e-05,-7.8994428e-05,-1.3812768e-05,-9.9411124e-06,1.5376223e-06,0.0001182942,-7.9917441e-05,0.00053383821,3.4532032e-05,8.1481705e-05,-4.2578408e-05,1.6803272e-05,7.3500877e-05,0.0001500777,-7.29606e-05,0.00014289947,2.6603946e-05,2.5055273e-06,7.1481366e-05,-8.4622928e-05,1.2113591e-05,1.1280524e-05,-0.00012243651,-6.7132962e-05,-0.00023693347,0.00012204946,8.9793606e-05,2.3698858e-05,6.8469899e-06,-0.00022099475,4.4228518e-05,-0.00044553141,-0.00014067843,-0.00011465226,0.00017829064,4.1045171e-05,-0.00010431773,-0.00010008998,0.0001470084,-6.5757989e-05,-3.9431153e-05,0.0001855417,-5.9428796e-05,9.4161179e-05,2.1827312e-05,-2.8909387e-05,0.0036003627,0.00016471149,0.00065444106,-0.00018429367,0.00020333852,2.6427328e-05,0.0002120294,-4.8410705e-05,-2.018786e-06,0.001015151,-0.00047892101,0.00058581366,0.00035343156,2.9520493e-05,-0.00044560669,-0.000115343,0.00016735827,-0.00057739277,-0.0004323433,-0.00084874979,1.3511772e-07,-0.0010939821,-0.00052635656,2.686707e-05,-8.8256938e-05,2.3043791e-05,-0.006973977,0.019049424,-0.00089470525,0.00084115629,-0.00075679778,-0.0017864036,0.0005213679,-0.0012392061,-0.0023407086,0.00033732925,0.00049847298,8.0003764e-05,-0.0029902717,0.00080558713,0.0031724977,-0.00095526928,-0.00038937821,0.0015861401,0.00073996502,-0.000719794,0.0020532233,0.00030273723,0.0040847684,0.0004041665,0.0046848256,0.0023573219,-0.0021837972,0.0012661527,-0.00019431502,1.6844164e-06,-2.8574213e-05,-8.0370908e-05,4.7772801e-06,1.8631595e-05,-3.6867975e-06,-5.7670939e-06,-2.6009979e-05,-5.6412523e-05,0.00035688176,0.00010828719,2.0776023e-06,8.3144898e-06,-7.4799427e-05,-4.4017674e-05,-7.4979455e-05,5.9821683e-06,-7.3046509e-05,-4.1979968e-05,-3.3435689e-05,-1.8168043e-05,-2.2358371e-05,4.988212e-07,-6.9878574e-09,7.2329404e-05,4.5863766e-05,0.00011952173,9.4342767e-05,-8.7471355e-05,1.9810305e-06,-2.7591407e-06,0.00014445708,0.00021345445,-0.0012540827,-9.9502105e-05,-1.1346659e-05,3.4239804e-05,6.3756395e-05,0.00015336658,0.00010842267,8.4830231e-06,8.6793342e-05,0.00014871403,-6.3267407e-05,9.0926657e-05,0.00014310077,3.5157856e-05,5.7723103e-06,0.00082656016,-0.0010034479,0.0011375959,-0.0010022553,0.00041247363,0.00089948933,-0.00011217064,0.00014612678,-3.2148985e-05,0.00014415411,-0.00022247269,0.00024187183,0.00012329345,-0.00012656514
"132",0.00061842879,0.00033883607,0.0005960387,-0.00029657783,5.8263812e-05,5.3689357e-05,6.4945187e-05,0.00010547588,-0.00053348347,-0.00084122493,2.2082764e-05,3.3906154e-05,-3.7573839e-06,0.0001440909,-0.0001063783,-5.7545349e-05,-0.00037997859,-0.00039752371,-0.0003174526,6.8200338e-05,5.8290888e-05,5.036029e-05,-4.8980151e-05,-5.361748e-05,7.6986032e-05,-0.00010012182,0.00019947682,-0.00032132368,0.00011725282,-0.00087673297,-0.00017097249,0.0001403905,-0.00065093466,4.8082344e-05,1.8691989e-05,0.00083500978,-0.0031615131,-4.5655664e-05,0.00091050183,0.00011395074,4.5727521e-05,0.00011630864,7.8315672e-05,0.00031835259,-7.1945638e-05,1.3070609e-05,-3.9963641e-06,-0.00036595929,-0.00015851323,4.1478009e-05,4.8508201e-05,-3.6008648e-05,-0.00080718784,1.05591e-06,7.7920566e-05,-0.00021473537,0.00018592174,5.0550813e-05,6.6766719e-06,0.0001297153,0.00015165843,7.1041345e-06,4.0367543e-05,-0.00012471991,-5.9020734e-05,-0.00025727227,-0.00010802089,-0.00039868917,9.9961411e-05,-5.4971941e-06,-0.00014439985,0.00042145296,0.0001153119,-0.00025908715,-4.3873434e-05,8.4556418e-05,0.0010228222,-1.2436707e-06,-0.00022111483,5.8101314e-05,-0.00024325467,-0.00020642085,0.00018568031,-9.5560849e-05,-0.00031127569,2.1052241e-05,-3.8992766e-05,0.0028999659,0.00035300186,0.00047366603,-0.0001894212,0.00040004466,0.00049380297,0.00077131188,-9.6053615e-05,1.8907532e-05,0.00060601177,-0.00092557688,2.7480524e-05,0.00031856412,-3.7348983e-05,-0.00019429894,-0.0021315399,0.00018085981,-0.00045292503,-0.00077224442,-0.00076571474,-6.8324465e-05,-0.00082582848,5.5079338e-05,0.00082099918,-1.8425766e-05,8.4773075e-05,-0.0098147839,0.015083484,-0.010857716,0.00088942812,0.00025580969,-0.0034177241,-0.00014830377,-0.0030214598,-0.0035868925,0.00098805292,0.0006991377,5.1324132e-05,-0.0026901917,0.0032397845,0.0051346269,-0.0021322787,-0.00093970376,0.00073996502,0.0074121993,0.0038087455,0.0005400668,-0.00046120423,0.0039586994,0.00070284439,0.0044399252,0.00094698842,-0.0042109585,0.0022788279,-0.00048666217,-5.9104073e-05,2.3989015e-05,-4.7930956e-05,-2.0409812e-05,-0.00015513203,-3.039007e-05,-4.3140054e-06,0.0001919141,5.8273239e-05,0.00012117807,0.00013813419,5.5551691e-05,-9.7555875e-06,-7.9165032e-05,-3.2000529e-05,8.2598025e-05,9.4185359e-06,-2.0898556e-05,0.00026894518,8.7249507e-05,0.00028550955,7.8770667e-05,-5.9070625e-05,-1.4323535e-05,7.6469074e-05,2.9573512e-05,-8.6475893e-05,-0.00015928333,3.2794779e-05,-4.1951684e-05,-1.6643702e-05,-0.00014088862,9.746466e-05,-0.000274163,-0.00018781634,-0.0002462557,4.8037427e-06,0.00029342613,2.4475872e-05,0.00036215582,-6.4279284e-05,-5.7303112e-05,-9.5724055e-05,-0.00032578061,-0.00059640095,-5.0732168e-05,0.00016546933,4.0126682e-07,0.00026887554,-0.00029127977,0.0002329597,-0.00081967429,0.0012562639,0.0046879152,0.0002783278,-0.00049535271,0.0002458648,-0.00068836216,0.00075380845,-0.00011729132,8.5158257e-05,-0.00069204528
"133",0.0014008187,-0.0016977979,-0.00016052607,0.0015804761,-0.00020947272,0.00015006201,0.00046731619,0.00016925215,-6.2824252e-05,-0.0040158764,3.343253e-05,0.00015680649,-7.736248e-05,0.00041713003,0.00011481006,-0.00033588304,-1.2726621e-05,-0.0026355261,-0.00059985968,9.7101304e-05,2.9514271e-05,0.00029060085,-0.00017559475,0.0002996515,4.9892124e-05,5.4254492e-05,-0.00041401639,-0.00039887358,-0.00019375276,-0.00049061361,0.00040947295,-0.00011764931,-0.0020464195,0.00038550538,-0.00037362572,0.0011018585,0.012660934,-0.0005726575,0.0023381901,-1.31666e-05,-0.0001176729,-6.7280521e-05,-0.00020134002,1.6011667e-05,4.8575976e-05,4.7256266e-07,3.2005781e-05,0.00032680681,-0.00086752676,-0.00023027228,3.4553962e-05,2.9997544e-05,-0.00047292003,-0.00076973468,-0.00061336012,0.00014910153,-0.00030796613,-0.00017501729,-1.0602769e-05,-0.0002717125,0.00063512094,-4.574835e-05,-2.7529787e-05,7.3535068e-05,0.00024180231,9.7296469e-05,0.00040312851,-0.00044370684,-5.5534787e-05,1.8489583e-05,-0.0003192915,-0.00046369045,0.0018282033,0.00022525107,-5.5924853e-05,-4.838222e-06,0.00036047014,0.001234646,0.00074487202,-0.0006395342,0.00031045991,-0.00042270052,0.00025231128,0.00018349846,-0.00037242282,4.5919125e-05,5.1226811e-05,-0.0023221086,-0.00090634333,-0.00054406081,0.00032343453,8.9122514e-05,0.00018440991,4.8741655e-05,-6.6499228e-05,9.4067485e-06,-0.0011359176,0.00025075791,0.00019239865,-0.00012530983,5.7258051e-05,5.0217909e-05,-7.0573224e-06,-0.0028980086,-0.0010168992,0.00054807527,9.0878142e-05,-8.462895e-05,0.00023021732,6.3761476e-05,0.00019289352,0.00026690472,-3.4594988e-05,-0.012408611,-0.020793672,-0.04350337,0.00085560836,0.0014565619,-0.0080371918,-0.0038546244,-0.0066660554,-0.00044378115,0.0099304838,-7.5415743e-05,0.00016451996,0.0011873567,0.0035065346,0.00075186948,-0.0051752773,-0.0034214401,-0.000719794,0.0038087455,0.029071432,-0.0018450851,-0.0091311393,-0.00077451001,0.0024320182,0.0014047175,0.00043907459,0.0017964495,0.004013872,-0.00028843041,6.9471674e-05,-5.7954238e-05,-0.00019094523,-0.00038813805,-0.00055059518,9.0658876e-05,-4.6990155e-05,0.001241169,0.000499525,0.00021007364,1.8934602e-05,0.000141029,-0.00012662083,0.00060239369,-0.00074717842,0.00014936781,0.00028757375,-9.6164953e-05,0.00093456542,5.8067544e-05,0.00029460461,9.4319464e-05,-4.7216743e-06,-3.9716645e-05,-0.00032021775,0.00022535999,-0.0002966759,8.4220463e-05,0.00029554487,-0.00028949069,5.0463117e-05,-0.0012126489,-0.0011514647,-0.00044731502,0.00049664156,-0.00048847134,0.0003218694,-0.00045623535,0.00099785907,0.00051960177,-0.0001667134,0.00031545419,-0.00088019937,-0.00055362737,-0.00044991928,-0.0007233805,-2.1200283e-05,3.0350894e-05,-0.0014661466,0.0020727743,-0.0026077964,0.00069293957,0.0038183384,0.016543803,0.00023053935,-0.00090488177,0.00070448704,-0.00037116475,0.00059343788,-0.00045314671,0.00072393665,-0.0024764048
"134",-0.00069865939,0.0025258316,0.001909194,-0.0026878867,0.00024664828,-0.00026518922,-0.00066324153,-1.3212953e-05,-0.0014209694,0.00086973211,-5.5765362e-05,-0.00010042115,0.00017464264,-0.00014092321,-0.00043422029,0.00016762844,-0.00053417375,0.00065615715,0.00030867049,-8.7784082e-05,-8.0773247e-05,-5.0208034e-05,3.1521169e-05,0.00010513103,-0.00027252991,0.00011040689,-0.00074968927,-0.00014176458,0.00014867277,-0.0011996151,0.00035314329,-0.00010951922,0.0005863731,-0.00045311074,0.00070618401,0.002022143,-0.019201363,0.0008461249,-0.001127606,-4.335302e-05,0.00026315342,0.00023266852,-0.00016986379,-0.00023787028,5.9389411e-05,-1.0232083e-05,7.6320335e-06,-1.2215809e-05,0.00098663034,-3.3840491e-05,0.00015164538,0.00010938713,0.00025208446,-0.00037034807,-0.00060278249,-0.00020117922,0.00011902543,0.00013057685,-0.00014933913,0.00025867986,0.00017432184,1.4440417e-05,2.1493554e-05,-2.8276692e-05,-0.00029569886,-0.00058353081,0.00017215516,0.0003425811,-9.1231147e-05,1.9735121e-05,-0.00029752701,7.3468038e-05,-0.0017490752,4.3191171e-05,-0.00023300003,-8.2601234e-05,-0.00032491502,0.00031169771,0.00093018821,0.00032057263,-0.00013936936,-0.0002903718,0.00030669974,-0.00016206641,-0.00043923598,2.4197483e-05,-6.6417008e-05,0.011662844,0.0025761109,0.0016649555,-0.00081003285,0.00069360142,0.00034845012,0.0007852096,-6.4810803e-05,-6.2154622e-06,0.0027364137,-0.0017437821,-0.00081688079,0.00087625491,-5.459498e-05,-0.00035127208,-4.5344947e-05,-0.0007134154,-0.0039946505,-0.0013214514,-0.0026852953,-7.4012278e-07,-0.0033502385,-0.0017927931,0.0018404396,-0.00032716677,2.1086117e-05,-0.019650972,0.056098034,0.0043816976,-0.00055406178,8.6797338e-05,-0.0028218139,0.0026537175,-0.0023378322,-0.0070292854,-0.0010524964,0.0012161513,0.0001751609,-0.0082667904,0.0019106132,0.015655028,-0.0016694815,-0.00017113587,0.0020532233,0.0005400668,-0.0018450851,0.012884655,0.00185604,0.012133182,-0.00025983875,0.012785984,0.0070011478,-0.011028125,0.0032804175,-0.00034542719,6.7534839e-05,-0.00016912579,-0.00018099474,0.00010054956,0.0002752683,-5.0265031e-05,1.1901518e-05,-0.00028465584,-1.8509367e-05,-0.00039712582,0.00020780686,-6.8869044e-05,-4.05864e-05,-0.00023488888,4.5187322e-06,-0.00039117438,6.6642205e-05,-5.9465205e-05,-0.0003704079,-2.1679229e-06,-8.8161598e-05,-0.00039527133,-2.0522987e-05,5.4401927e-06,5.7154088e-05,5.2197616e-05,0.00038271264,-0.00045567254,-0.00045651031,-0.00015799415,1.8585369e-05,0.0005900925,0.00051256517,0.00045331674,-0.00034115957,1.5079036e-05,-2.240978e-05,0.00044380183,0.0004158008,0.00097959097,-3.8041863e-05,0.00021823349,0.00089069388,-3.552532e-05,5.1987611e-05,0.00058823013,-2.6948632e-05,2.8903032e-05,0.0026931558,-0.0032396972,0.0037305645,-0.0029368218,0.00048749616,-3.0585864e-05,-0.00019497442,0.00042067779,0.00015640449,0.00036547553,-0.0006391012,3.5907271e-05,-0.00057533357,0.001335341
"135",-0.0013174995,0.0011021343,-2.8709419e-05,-0.0010097884,0.00023066852,-5.3876252e-05,-0.00011814672,-5.5949461e-05,0.00012983616,0.0017314262,-3.3287347e-05,-5.0307094e-05,1.3350186e-05,-0.00026481314,2.8802426e-05,0.00037548339,1.7850053e-05,0.0010843506,0.00028760923,0.00062987357,-1.393034e-05,-8.7908097e-05,-0.00015191629,0.00017334863,-7.9466226e-05,4.9786597e-05,-0.00071236541,0.00022367061,0.00032868754,0.00037867029,-0.00050579322,0.00062640818,0.0012299497,0.00055862146,-0.00067499594,0.0037789616,-0.016056756,0.00081477419,-0.0015352407,8.9279481e-06,0.00018005404,0.00021435154,0.00026383521,0.00016043379,-3.4640233e-05,2.8448372e-06,-3.4439673e-05,-0.00015220417,0.00022455883,-0.00021839415,2.4044742e-06,6.6375909e-05,7.8505295e-05,-1.1171895e-05,8.62492e-05,-0.0011073203,9.3889667e-05,-4.5266664e-05,4.1777442e-05,6.4348914e-06,1.7125596e-05,-9.167983e-06,2.5301315e-05,-0.00015697729,-0.00024338829,-8.1326156e-05,-0.00013233337,0.00018120378,2.575914e-05,-1.3189786e-05,-1.9310361e-05,0.00011320963,-0.0010281905,0.00051596152,-6.9742447e-07,-0.00010463982,-0.00020154988,-0.00024938027,-0.0003827306,0.0016975677,-0.00016999894,0.00036483927,-0.00014517309,0.00011247705,4.9548208e-05,-2.3151298e-05,-3.8393001e-05,0.00076132929,-0.0022611347,0.00036456945,8.2277662e-05,-0.00030306222,0.00023749154,-0.00011544032,-8.3608431e-05,8.441786e-06,-5.8672597e-05,-0.00015537177,0.0014198486,-0.00073694605,-8.0099035e-06,-3.7720937e-05,-0.00047739756,6.7443205e-05,-0.00010006453,-0.0039166829,-0.0002081874,-6.0915432e-05,-0.00014194232,2.8073936e-05,-0.00010878442,5.7555805e-05,2.7259324e-05,0.0059243564,0.0061153263,0.018565285,0.0037116328,-0.0043229404,0.0032842267,0.00092904843,0.0037607577,-0.00034528905,-0.004083685,5.206539e-05,-7.2574748e-05,0.00134727,-0.0018790767,-0.0065875398,0.0050870842,0.0014021314,0.00030273723,-0.00046120423,-0.0091311393,0.00185604,0.014115076,0.00050677719,-0.00024196887,-0.00056577481,0.00024471577,-0.00031869305,-0.0025021341,0.00011718404,-0.00010061134,-0.00011868363,-0.00028289709,-2.0260263e-05,-3.2952184e-05,-0.00011711052,1.9728407e-05,-9.6544172e-05,-0.00010590609,-0.00022429022,1.4542777e-05,-5.9531531e-05,6.2706675e-05,-0.00023137733,0.00019624253,0.00024762855,-0.00030714801,1.2712247e-05,-0.00032416095,8.5518092e-05,2.9473701e-05,-5.378743e-06,-1.5237479e-07,5.7388178e-07,0.00028787603,-8.4772839e-05,0.00055272943,-0.00020898395,-0.00013920761,6.7678119e-05,-2.9319412e-05,0.00040309315,0.00041467495,0.000670595,-0.00013822131,0.00017259012,-0.00012058541,0.00023577749,-7.5661395e-05,-4.0363748e-05,0.00038297347,-0.0001915156,0.00078055886,-0.00032004289,-5.9661412e-05,0.00051789357,-3.4277844e-05,2.0839974e-05,0.00089754423,-0.0011556865,0.0012995907,-0.00026481403,-0.001623242,-0.0071776276,-0.00027462024,0.00053995227,-0.00015205495,0.00044042478,-0.00078554683,0.0011765636,0.00028082284,0.00048379579
"136",-0.00056216345,0.0038226548,0.0030175133,-0.004381149,0.00041691352,-0.00030442978,-0.00078976485,0.00011639204,-0.0029082425,-0.0001751483,3.42268e-05,6.9604467e-05,0.00022602554,0.00026382067,-0.00061713515,3.7136903e-05,-0.0012185364,-5.8564657e-06,0.00047871725,0.00025717512,9.5570269e-05,0.00013689032,7.6610853e-05,0.00012028732,-0.00033103912,0.00017354559,-0.00092121351,-0.00027768786,0.00050541796,-0.001684925,0.00046833917,0.00024379444,0.0016741272,-0.0005748756,0.00064588065,0.0026707408,-0.028152944,0.0005374019,-0.00034546435,-5.7780949e-05,0.00043609648,0.00033458777,-0.00026802132,-0.0001979324,4.9676746e-05,-2.0543756e-05,5.4332155e-05,-0.00058663841,0.0021697092,2.1427655e-05,0.00026298121,4.8290674e-05,0.00020099907,-1.1749786e-05,8.5966228e-05,-0.00048198339,-0.00022568058,-5.5204224e-05,0.00013431918,0.0003274317,-9.4363336e-05,-1.7466947e-05,3.4214278e-05,-5.8781489e-05,-0.00066090167,-0.00075340847,0.00024344848,0.00040210669,-8.543818e-05,5.2134639e-05,-0.00038980244,0.00054239039,-0.002427293,0.00011040048,-0.00043727094,1.7332942e-05,-0.00021670273,-0.00035296395,-0.0001508351,0.0010192953,0.00063019198,-0.00035782783,0.00026647544,-0.00024866475,-0.00020295071,9.1940093e-05,-8.6103932e-05,0.021061508,0.0027269438,0.0027396416,-0.0015595706,0.0010148342,0.00059528876,0.0012809677,1.502161e-05,-6.1067724e-05,0.0050364472,-0.0034477747,0.00027108204,0.0015856565,-0.00013333561,-0.00078884712,-0.00035808203,0.00088212763,-0.0037799928,-0.0024986036,-0.0071534404,-0.00056142225,-0.0057756997,-0.0029167527,0.003091551,-0.0005638606,6.9457719e-05,-0.043844383,0.10517441,-0.011660949,0.0018796933,-0.0025688091,-0.0090189143,0.003746612,-0.0073675971,-0.014551122,0.0030348483,0.0021847152,0.00056219073,-0.015638088,0.0072771399,0.028290766,-0.0051933313,-0.0019188919,0.0040847684,0.0039586994,-0.00077451001,0.012133182,0.00050677719,0.029140285,0.0033720326,0.024793405,0.013075216,-0.020274583,0.0082599383,-0.00095335548,2.0326006e-05,-4.7498719e-05,-0.00025945259,8.5257724e-05,-9.3826845e-06,-6.5090126e-05,2.5356414e-06,-0.00011081218,-0.00016315103,0.00043041512,0.0001663909,2.5491272e-05,-4.9967403e-06,-0.00039366381,8.1366898e-05,-0.0001372694,-4.4873204e-05,-0.0002696391,-7.8357266e-05,-3.8087298e-05,6.8474706e-05,1.8314948e-05,2.2824271e-05,1.1111707e-05,0.00029784033,-0.00026379089,0.00023959162,1.8290802e-05,0.00012397612,-0.00016858578,1.6443354e-05,0.00051176679,0.0015095404,-0.0021451175,1.056123e-05,-9.5477758e-05,-3.009491e-05,0.00041828972,0.0004254417,0.00059024948,-0.00028536021,0.00047221021,0.00024010606,-0.0004944446,-2.0913161e-05,0.00016332961,-3.7093686e-05,4.8754766e-05,0.0043256175,-0.0052701718,0.0059725085,-0.0055663404,0.002803871,0.0073941215,-0.0004158972,0.00061380066,-0.00014087976,0.00074152644,-0.0013687823,0.00076443532,0.00040930072,1.4819405e-05
"137",0.00081367657,-9.5538397e-05,-0.0010339864,0.00046204837,-5.5944109e-05,2.2922477e-05,0.00043343129,0.00013401326,-0.00028171931,-0.00044920742,0.00011515205,4.0596558e-05,-8.2757132e-05,0.00016239867,-9.4039456e-05,6.7426158e-05,-0.00037137547,0.00023921643,-0.00050488866,0.00063018099,0.00031129906,0.00020904254,-0.00015496412,-6.4369626e-05,0.00024255384,-0.0002268764,2.0471494e-05,-0.00026638105,0.00024505011,-0.00019409118,-0.00042923281,0.0004309369,0.00027137816,-4.9175753e-05,-0.0002191991,0.00069148432,-0.0013085378,0.0001462519,-0.00020089638,4.2415992e-05,7.5343366e-05,1.9443167e-05,-8.3659324e-05,0.00013760897,4.5747034e-05,8.5752627e-06,-5.500375e-05,-4.6560076e-05,0.00026602656,-0.00010997976,2.855321e-05,-3.1055441e-05,-2.4692753e-05,-3.0464113e-05,2.0009305e-05,-5.7583206e-05,-0.00018093188,-0.00073159618,7.0995542e-09,0.00011070902,-9.4035671e-05,-8.7706046e-06,6.5032661e-07,-5.8121736e-05,-9.5731345e-05,-9.878493e-06,2.8178771e-05,-0.00033684546,-5.3271656e-06,1.4098665e-06,-8.2097705e-05,8.094015e-05,0.00016469745,-4.1010249e-05,-4.795446e-05,7.3218768e-05,5.4103505e-05,-1.6487169e-05,-0.00013861655,0.00021887077,0.00030759128,0.001058836,5.0784914e-05,-0.00023524436,0.00020033475,3.2264023e-05,-8.0144161e-06,0.00021160401,-0.0017167519,-3.2021182e-05,0.0001772056,-0.00017862186,0.00018256152,0.00038194896,0.00010632489,-1.2958305e-05,-0.00022270172,-0.00026118101,0.00064986519,-0.00012095349,-2.9829751e-05,-7.5520178e-05,-7.178828e-05,5.1808905e-05,-4.5316931e-05,-0.00026248867,-0.00086919659,-0.0027573697,-0.00016915767,9.5313514e-05,1.8252161e-05,6.6336397e-05,1.9702737e-05,-0.0038322313,0.0045393003,-0.0061901449,0.0032018322,-0.0026348223,-0.0013773872,-0.00060496218,-0.00077025792,-0.0012833753,0.00074689771,-0.00030596958,8.2927348e-05,7.6603678e-05,0.0010908841,0.00073522836,-0.00018919266,-0.00058951741,0.0004041665,0.00070284439,0.0024320182,-0.00025983875,-0.00024196887,0.0033720326,0.0086148882,0.0020208527,0.00071716024,-0.00052913269,0.00082126413,-0.00013706496,-1.2469659e-05,-2.1691882e-06,-0.00012689175,-0.00012517766,-0.00045086419,7.8937458e-06,-8.1230337e-06,0.00051071316,2.9182857e-05,0.00037270769,1.989497e-06,1.3134232e-05,-5.5339767e-05,0.0001445532,-0.00022593911,1.4143256e-05,5.9768568e-05,-7.9452441e-05,-0.00018082438,2.0351172e-05,0.00030551774,-4.4849938e-05,-4.6041586e-05,-1.3282875e-05,-0.0001076784,-0.00011205784,5.6850783e-05,-0.00014150676,0.00014929583,6.0646912e-05,-5.7078172e-05,0.00017284288,8.2879776e-05,0.00011486464,0.00020713054,-1.2650188e-05,3.8151955e-05,9.0779998e-06,0.00062177537,0.00057519025,-0.0001347309,0.00014783319,0.0010412998,-0.00033399956,-0.00043384703,9.9768714e-05,6.2019905e-05,1.7641425e-05,-0.0004052142,0.00063202359,-0.00089248048,-0.00011751867,0.00063449695,0.0022706312,0.00036667183,-0.00071863649,0.0005966153,-0.00069766196,0.0007762007,0.00069884117,0.00042820173,-0.0010053156
"138",-0.0011448908,0.0052702021,0.0040636257,-0.0059271792,0.0006468692,-0.0003777276,-0.0011907804,0.00024531495,-0.0032994655,-0.00051013856,-3.1409024e-05,-0.00024062008,0.00031623027,0.00021654596,-0.00067374957,0.00027772649,-0.0010765368,-0.00078928553,0.00083299859,-4.5453039e-05,0.00029463766,1.7802193e-05,0.00018423761,0.00056929681,-0.00030890857,0.00020862158,-0.00073051347,-0.00043122858,0.00018505169,-0.0019212344,0.00078909386,-1.8930945e-05,0.0015585486,-0.00097260886,0.001208918,0.0029679377,-0.029389686,0.00028677569,-9.4255127e-05,-1.1185697e-05,0.0004566173,0.00068875072,-0.00036781036,9.280467e-05,-0.00012085896,-1.3321503e-05,0.00046555307,-0.00091527486,0.0031573966,0.0002270874,0.0004454765,1.8218456e-05,8.3949086e-05,3.9525112e-07,0.00031730165,-0.00061154407,0.00085865627,0.00015161207,-0.0013994083,0.00027048343,2.7625091e-05,4.5586264e-05,4.3345509e-05,-0.00023967342,-0.00066040638,-0.0016569891,0.00021604212,-2.317714e-05,6.0183159e-05,5.6176513e-05,-0.00092079202,0.0011861356,-0.0039626482,-0.00011028818,-0.00064859174,0.00014645294,9.2674229e-05,-0.00036930827,-0.00019281472,0.0013318293,-0.00074286571,-0.00063601109,0.002035715,-0.00024591219,-0.0005159424,1.7241678e-05,-0.00013544148,0.024884018,0.0041277503,0.0034998376,-0.0021519981,0.0015198874,0.00067225556,0.0019930281,-0.00031004855,-3.9188158e-05,0.0062316833,-0.003561896,0.00025024606,0.0018451209,1.4455935e-05,-0.00097733057,-0.00025846945,0.001130471,-0.0042437061,-0.0028916278,-0.0053460386,8.6807428e-05,-0.011148613,-0.0041940919,0.0033933264,-0.00050496702,5.7103284e-05,-0.052634021,0.11746673,-0.018808586,-0.00029135126,-0.0021732163,-0.01211352,0.0054140629,-0.010324418,-0.016462251,0.0039267639,0.0029857351,0.00064596883,-0.019052132,0.0082678237,0.032376715,-0.0064832989,-0.0029756284,0.0046848256,0.0044399252,0.0014047175,0.012785984,-0.00056577481,0.024793405,0.0020208527,0.040485065,0.017190414,-0.022069369,0.0096431462,-0.001079789,0.00011999055,-0.0002531022,-0.00014818989,0.00028586316,0.00022892762,-2.2945424e-05,5.4259923e-06,-0.00031045103,-0.00026021689,0.00029685926,0.00012229814,1.3932833e-05,2.0776801e-05,-0.00027659023,0.00010345304,-0.00029646324,6.2127061e-05,-0.00016006651,-0.00013459789,-0.00028898438,-0.00018075026,-6.4956976e-05,0.00011832067,1.1691898e-05,0.00039512337,0.00032574825,0.0002426605,-6.9094388e-05,0.00015899566,-0.00011032282,3.9524401e-05,0.00049893877,0.0014095386,-0.0022215699,0.00021867083,-0.00020721596,-3.9760046e-05,6.1474037e-05,0.00022563882,0.00048366587,-0.00073287652,0.00014246508,-0.00028840558,0.00064758299,0.00035114247,0.00018681846,-0.00020886348,9.2716214e-05,0.005688582,-0.0068288629,0.0076535984,-0.0065108242,0.0037238121,0.010848576,-0.00073507886,0.0011508478,-0.00052035702,0.0014778058,-0.0023150768,0.00058562486,0.00057291313,-0.00021158256
"139",-0.0013191923,0.0019298407,0.002725391,-0.0032379092,0.00030465326,-0.00017776305,-0.0011010942,-0.0001156391,-0.0016612846,-0.00018084957,-3.7294721e-05,-4.3789081e-05,0.00025981752,6.6435024e-05,-0.00023525761,0.00011312662,-0.00048435582,-0.00027669693,0.00061504408,-4.5634615e-05,0.00022556323,6.1002592e-05,4.1177254e-05,0.00014539549,-0.00036233029,0.00025026253,-0.0007328962,-0.00011380213,0.00011255217,-0.0002023044,0.00043548174,-0.0001348656,0.0002785339,-0.00016982781,0.00010581447,0.0021092887,-0.016580007,0.00014761185,-0.00063194599,-0.00012479835,5.43108e-05,0.00029970971,-7.1909706e-05,-6.1999953e-05,-0.00010873041,-9.8306563e-06,0.00018269476,-0.00023795545,0.0013171844,8.0552201e-05,0.00026812904,8.5047955e-06,0.00016842079,-2.1278823e-05,0.00016695976,-0.00040283028,0.0003731937,0.00029170822,-0.00030889766,-0.00034606755,9.5683759e-05,0.00010612851,7.6395742e-06,9.7253546e-05,-7.0342072e-05,-0.00078568961,-8.2171122e-06,0.0002631244,7.5052523e-05,3.4997671e-05,-0.00020019257,0.00019505372,-0.0014920063,-6.1741161e-05,-0.00038904282,1.350175e-05,-6.9891197e-05,-8.6946369e-05,-2.1257607e-06,0.00094627305,-0.00037013999,-0.00075002366,0.00055204741,0.00061806361,-0.00051492149,-4.0224674e-05,-2.5554805e-05,0.012958165,0.0021810834,0.0016227395,-0.0010763184,0.0007330161,0.00027190589,0.0010300995,-0.00017620341,-2.9201663e-05,0.0031083342,-0.0019257901,0.00022484,0.0011858263,-5.5234317e-05,-0.00049154541,0.00036369093,0.00050251682,-0.0023902471,-0.0014312281,-0.0029178433,0.00016057556,-0.0044144877,-0.0042233416,0.0018041301,-0.00027417171,7.540297e-06,-0.026424079,0.059632906,-0.0083861798,-0.00061628425,-0.0017771128,-0.0055018019,0.0024202973,-0.0050109536,-0.0081163517,0.0015990485,0.0016010603,0.00031425349,-0.0090101964,0.0036908443,0.01446371,-0.0035634706,-0.0013797571,0.0023573219,0.00094698842,0.00043907459,0.0070011478,0.00024471577,0.013075216,0.00071716024,0.017190414,0.01434668,-0.011415532,0.0048688503,-0.00048157311,3.4138607e-05,-1.3242286e-05,-0.0001078597,8.992103e-05,-1.9893511e-05,3.2229428e-05,-6.4867103e-06,-0.00019116607,-0.00012647075,0.00037699903,4.7085581e-05,2.4551453e-05,5.3483123e-06,-0.00012926356,2.2861621e-05,-0.00017584686,2.6823741e-05,-0.00013195923,-0.00010492828,-0.00015539401,-0.00019318747,2.1850812e-05,0.00011052836,1.0043644e-05,0.00011164884,5.5410919e-05,0.00044530293,0.00012335491,0.00025496164,-0.0001832981,5.2610205e-05,0.00034008647,0.00081335629,-0.002139418,0.00023020002,4.760431e-05,8.8835109e-06,-0.00013732496,0.00031183974,0.00015850135,-0.00036551311,0.00035785099,-0.00014726308,9.6188722e-05,0.00037053157,0.00043396575,-0.00022641717,1.9400467e-05,0.0030803032,-0.0037609339,0.0045637395,-0.0033704403,0.0017920113,0.0049876913,-0.00061856402,0.0008416461,-0.00031235859,0.0011521182,-0.0016018075,0.00057645326,0.00035663519,-0.00010358512
"140",0.0014033955,-0.0034378439,-0.003379193,0.004498755,-0.00046603009,0.00039800713,0.0011802589,0.00010757455,0.0024717819,-6.3227589e-05,-7.2897386e-06,0.00016064236,-0.00021991649,-0.00023711238,0.000520426,0.00012040549,0.00073951702,0.00011842876,-0.0007392311,0.00076072209,0.00033929501,-1.8049688e-05,-0.00024885679,-0.00022397743,0.00023103036,-0.00011183147,0.00014364899,0.00016294044,-9.4141732e-05,0.0023067499,-0.00081967613,0.00062532449,-0.0014159763,0.0010663672,-0.0021148553,0.0013085987,0.015074006,0.00046939365,-0.00093613258,6.9827932e-05,-0.0003453945,-0.0006642715,5.7301031e-05,4.7220735e-05,2.4075699e-05,3.7993801e-05,-2.6657855e-05,0.00056487739,-0.0016358278,-0.00018620299,-0.00024587309,-6.2625002e-05,6.2928579e-05,0.00019490743,7.3342187e-05,0.00041601169,-0.00044916781,-0.00023415311,0.00034790957,-0.00032723649,-0.00092256335,-2.5693272e-05,-4.3519881e-05,-5.5393259e-05,0.00047391307,0.0014096529,9.627356e-05,4.3650254e-06,3.3159493e-05,-4.5990735e-05,0.00024992909,-0.0005639603,0.0023198447,-0.00014185785,0.00041769331,0.00016685122,-0.0003543727,3.4491772e-05,-0.00014065172,-0.0007736601,0.0006579723,0.00064813201,-0.00057665377,0.00015551235,0.0017944662,4.4718693e-05,8.2436921e-05,-0.019249365,-0.0061174919,-0.0025073578,0.0012928566,-0.0023769809,-0.00075860438,-0.0015151166,5.6074727e-05,5.0388293e-05,-0.004656687,0.002945909,0.0021494259,-0.0014960059,8.0858092e-05,0.00023656108,0.00065935952,-0.00091599067,0.003495515,0.0021028821,0.0045233548,6.2696583e-05,0.0055722147,0.0027882874,-0.0060768014,0.0005721802,-7.5304073e-05,0.038316051,-0.090701606,0.0082592135,0.0048127873,-0.0019170392,0.0074371249,-0.0032114308,0.0099638855,0.013140036,-0.00086298667,-0.0023447245,-0.00043572106,0.014522433,-0.0058571325,-0.030803518,0.0050110942,0.0015399924,-0.0021837972,-0.0042109585,0.0017964495,-0.011028125,-0.00031869305,-0.020274583,-0.00052913269,-0.022069369,-0.011415532,0.026651166,-0.0076019151,0.00083999739,-8.7185755e-05,0.00013373053,5.0334465e-05,-0.00047669099,-0.00043521646,-3.8779127e-05,-2.5662284e-05,0.00046275627,-9.3688412e-05,0.0002329282,6.7446306e-05,9.20934e-06,-8.3494786e-05,0.0004512937,-0.00032958065,4.7172525e-05,0.00010145871,0.00011566151,0.00039319507,-9.777956e-05,0.00014053916,-0.00015757432,-0.00012751723,-2.1650555e-05,-8.9260458e-05,-0.00019655506,4.1303176e-05,0.00030442462,-0.00019125026,0.00021342861,-2.7226324e-05,-7.5920883e-05,-0.00067069458,0.00076691023,-0.00048961478,0.00012208694,8.5721198e-05,-0.00030748201,0.00013237375,-6.8572274e-05,0.00032296011,-0.00047042582,0.00021697067,-4.857511e-05,0.00012197269,0.00029807464,0.00014144104,-3.2296572e-05,-0.0042490611,0.0052550644,-0.0061754623,0.004931486,-0.0022469706,-0.0060657994,0.00040734824,-0.0010311297,0.00057690679,-0.0010098734,0.0016195639,0.00047591046,0.00049688416,-0.0010300533
"141",0.00043429794,0.001439785,0.0010073841,-0.0013623552,7.6380476e-05,-7.1832768e-05,-0.00020357675,0.00016446362,-0.0011258461,-0.0009683888,2.3598369e-05,-2.3161708e-06,7.9243355e-05,0.00017721599,-0.00013433095,-3.7645302e-05,-0.0003875583,-0.00071346813,6.5878595e-06,-0.00030837633,-0.00010110355,0.00010174439,4.4200682e-05,5.5019906e-05,2.4217717e-05,-2.2295477e-05,2.9566101e-05,-0.00027807242,-3.122296e-05,-0.0011635666,0.00038147704,-0.00044130089,-0.00013518146,-0.00027288041,-1.5967039e-05,0.00045352184,-0.0051018879,-7.3385989e-05,0.00058228421,-1.8383488e-05,9.1708281e-05,0.0001063628,-0.00020868943,0.0001111591,3.6811204e-06,-5.3068252e-06,2.1816848e-05,-0.00021865207,0.001077517,2.0278846e-05,0.00011996086,5.5713772e-06,-8.2013641e-05,2.0830298e-05,0.00011085,-0.00016402803,0.00013598729,1.1672984e-05,4.7538658e-05,0.00024575786,-1.6972047e-05,-0.00010617389,7.61962e-06,4.2996351e-05,-0.00017732215,-0.00030556931,0.00020181351,-0.00020218059,5.4461916e-05,6.314245e-06,-5.856034e-05,0.00026480822,-0.0011647242,-0.00023090344,-0.00017204824,5.290678e-05,0.00017291623,-0.0001401361,-3.0488747e-05,0.00028078695,4.1958957e-05,-0.00015117685,0.00016678122,-9.1517896e-05,-7.7600647e-05,0.00043879339,-3.5325437e-05,0.0077372511,0.0025522763,0.0010274134,-0.00068345259,0.0006077522,0.00012041551,0.00067579436,-9.4522359e-05,7.8708484e-07,0.0018203786,-0.0011834667,-0.00043215377,0.00073598327,-1.6094454e-05,-0.00026020519,-8.7152767e-05,0.00056106657,-0.0013052827,-0.00068629005,-0.0018345891,2.9223479e-05,-0.0021651768,-0.0011099289,0.0012714437,-0.00096093418,2.1634386e-05,-0.020091656,0.034704335,-0.014670414,-0.0021085937,0.0019008859,-0.005619544,0.0010261592,-0.0050801278,-0.0051543834,0.0029688841,0.0011174796,0.00018630681,-0.0063218272,0.0036053605,0.012969258,-0.0042338045,-0.0016070339,0.0012661527,0.0022788279,0.004013872,0.0032804175,-0.0025021341,0.0082599383,0.00082126413,0.0096431462,0.0048688503,-0.0076019151,0.0065062982,-0.00042920118,-7.1701055e-05,-8.0972966e-05,-1.9101438e-05,6.3479976e-05,1.0119864e-05,-1.4334257e-05,1.0372435e-05,-4.2838661e-05,9.2488288e-05,0.00027877721,0.00020044621,5.7710711e-05,-1.4222801e-05,-5.292909e-05,-6.5303496e-05,-0.00015957687,5.9174534e-05,-6.5726675e-05,7.7042967e-05,8.1193302e-05,0.00011602581,-4.2349793e-05,-0.00020508883,6.329247e-06,2.6716901e-05,-4.4943462e-06,-7.4145951e-05,-8.6837761e-06,3.0715643e-05,-3.8699592e-05,7.4584596e-06,-0.00011026247,0.00012016528,-0.0010799459,0.00016602113,-0.00016813452,7.1493706e-05,1.892845e-05,0.00031066471,0.00035960687,-0.00027795876,0.00013496904,-0.0003616314,-7.9758372e-05,-0.00029682603,-0.0001701151,2.2071354e-05,7.6320793e-06,0.0013104921,-0.001561087,0.0015940633,-0.001942028,0.0019463215,0.0068552932,4.7980724e-05,3.3928784e-06,-2.8374468e-05,8.0455977e-05,-5.2185035e-05,-0.0004581393,-5.3095749e-05,0.0001169215
"142",-1.3786723e-05,-0.0002402119,-0.00013637322,0.00017037048,-1.4790916e-05,1.7727167e-05,2.1498541e-05,-1.6859665e-05,0.00011788195,8.4996116e-05,9.6599319e-07,-5.0412799e-06,-4.2856865e-06,-2.58095e-05,2.0626804e-05,-9.5046341e-06,6.3368361e-05,4.2859752e-05,-8.5985116e-06,1.1788489e-05,2.2299287e-06,-1.3441129e-05,-4.047294e-06,1.633291e-05,-8.6163634e-06,1.5318515e-05,-1.1273002e-05,4.2062295e-05,-3.2874787e-06,0.00013708184,-2.4793788e-05,4.7528991e-06,-4.9270607e-05,2.9851393e-05,-3.4900422e-05,-2.7592511e-05,0.0006828231,8.1690126e-06,-4.8139215e-05,-8.6552927e-06,-3.163806e-05,-6.1597617e-06,2.4225306e-05,1.8850095e-06,3.1607782e-06,-2.2577238e-07,3.0189319e-06,5.8339305e-05,-0.00010335948,-2.3046137e-07,-9.1265886e-06,7.970026e-06,3.794713e-05,-5.1997507e-06,-9.1067334e-06,3.5783945e-05,-2.9867763e-05,-7.5895693e-06,-1.0009963e-05,-3.5637708e-05,8.2383246e-06,-2.883206e-07,-1.2570675e-05,1.5741418e-05,4.5365443e-05,2.828473e-05,-2.0975329e-05,-1.494317e-06,-1.999504e-06,-9.3603742e-07,3.5884017e-05,-6.2265233e-05,0.00012986738,1.4888987e-05,1.5930245e-05,-1.3988049e-05,-3.7518391e-05,9.9435051e-06,-3.5800011e-06,-5.2144652e-05,1.9665685e-05,1.8328624e-05,-4.708992e-05,3.3578703e-05,1.0579351e-05,-8.3576547e-06,1.5535685e-05,-0.00082819397,-0.00019953825,-0.00013242164,6.4174239e-05,-4.5856773e-05,-2.3504914e-05,-7.574798e-05,7.7185903e-06,-1.7609131e-06,-0.00021420599,0.00014276252,3.0966962e-05,-6.2684403e-05,7.6088626e-06,4.5688331e-05,9.1184123e-05,-4.8248584e-05,0.00013041911,0.00011254129,0.00021406663,1.8636866e-05,0.00024317442,0.00010284789,-0.00013996079,2.3298247e-05,-2.149623e-05,0.0019853672,-0.0040312198,0.0012528306,7.9567257e-05,-3.6468323e-05,0.00058749505,-0.00011500767,0.00043886304,0.00061339661,-0.00021034793,-0.00011017242,-1.789692e-05,0.00069699985,-0.00039351534,-0.001343015,0.00031679479,0.00011928628,-0.00019431502,-0.00048666217,-0.00028843041,-0.00034542719,0.00011718404,-0.00095335548,-0.00013706496,-0.001079789,-0.00048157311,0.00083999739,-0.00042920118,0.00010175748,-3.1683404e-06,3.734753e-06,1.3049353e-05,-4.2558728e-06,1.0717036e-05,-4.2966278e-06,8.4122469e-07,8.2351544e-06,-1.0030272e-05,-2.2203075e-05,-3.7099753e-06,-3.4096231e-06,1.6087857e-07,1.410477e-06,-4.9057521e-06,9.2439399e-06,-1.2168281e-06,1.4481368e-05,-7.1597152e-06,-1.9301065e-06,-4.1868546e-06,-6.2314274e-06,2.3147541e-08,8.1079953e-07,-8.8101277e-06,-1.368008e-05,-2.2765893e-05,-3.4555074e-06,3.6370258e-06,-1.8895906e-06,1.6305462e-06,-1.5817416e-05,-2.0089939e-05,8.2847157e-05,-5.2707521e-06,2.0986253e-05,-8.7757017e-06,-7.8041913e-06,1.7947245e-05,-2.3070205e-05,2.0647105e-05,-1.341067e-05,1.8800213e-05,3.0153976e-05,2.82198e-07,2.6333604e-06,-6.8362344e-06,2.1913671e-06,-0.00016771773,0.00020486534,-0.00021779129,0.00022503216,-0.00018209608,-0.00062072643,4.2919049e-06,-1.2694412e-05,3.721329e-06,-1.1876141e-05,2.465168e-05,9.6667795e-06,-1.1057234e-05,4.8898457e-05
"143",-0.00010482924,-9.2049801e-05,-1.6218942e-05,-7.1833857e-05,-1.4930988e-05,-3.1797766e-05,-4.1717842e-05,-7.5685765e-05,8.9500953e-06,-1.2704215e-05,-4.1775344e-06,-2.2231882e-05,6.778434e-06,-3.345609e-05,3.0747692e-05,-5.9992332e-05,1.1417735e-05,-0.00010480656,5.2518448e-05,-6.2830173e-05,0.00033639516,2.0573236e-05,2.8455408e-05,-0.00012954526,-4.589311e-05,2.2683908e-06,6.7023711e-05,4.9432721e-05,-7.2982285e-05,0.00024763645,-4.4543731e-05,-6.8655399e-05,0.00051651252,-0.00010138193,0.00017791171,-0.00010197721,0.00041425491,-4.3685893e-05,0.00049753283,-5.0874675e-05,1.2163495e-05,2.193547e-05,-8.4222971e-06,-0.00010118477,3.9991701e-05,-7.9674895e-06,3.5076972e-05,-3.9801644e-05,6.3842242e-05,2.9702266e-06,2.3888291e-05,2.4132831e-05,2.9830038e-05,1.8536732e-05,-8.754545e-06,-1.8750478e-05,-1.2101682e-05,6.2133614e-05,-2.6251104e-06,-2.9601384e-06,4.9881426e-05,-2.4293203e-06,-6.773241e-06,-4.9357104e-07,-2.8471592e-07,2.7418523e-05,-2.0264723e-05,-4.4089508e-05,-0.00010606556,2.3779274e-05,-7.1417197e-05,2.6306278e-05,0.00028201383,8.1983305e-05,-2.135569e-05,-1.7197069e-05,-2.7820533e-05,7.4222952e-06,7.5429666e-05,3.5811846e-05,-5.4269433e-05,-4.1015193e-05,-1.2343568e-06,2.0917013e-05,2.6609431e-05,-2.3329662e-05,6.9390507e-06,0.00014402159,0.00042233924,9.2132167e-05,-7.7700559e-06,3.806849e-05,-4.2710029e-06,1.0154433e-05,2.4863555e-05,-5.0465547e-06,0.00013808156,4.7855823e-05,3.0670917e-05,-1.7817464e-05,-4.4457994e-06,-1.2475307e-06,1.1768818e-05,-2.9520952e-05,-9.4053833e-05,-1.3770095e-05,-1.2212713e-05,1.9594735e-05,-4.8981799e-05,-7.6620594e-06,5.1609659e-05,2.1908939e-05,6.1660854e-07,-0.00014053919,2.3617175e-05,-0.0001063797,-0.00064928094,0.00015740577,-0.00029517611,6.5947521e-05,-0.00013560664,5.1229643e-05,5.3424387e-05,-3.2822671e-05,1.8836972e-06,-0.00025608097,-0.00011210693,0.00057956797,-7.2471263e-06,-2.3212689e-07,1.6844164e-06,-5.9104073e-05,6.9471674e-05,6.7534839e-05,-0.00010061134,2.0326006e-05,-1.2469659e-05,0.00011999055,3.4138607e-05,-8.7185755e-05,-7.1701055e-05,-3.1683404e-06,0.0012066107,-0.00026212495,4.420879e-05,-1.9989823e-05,-0.00011986002,2.6738967e-05,-2.5384901e-06,-0.00019125086,9.7179221e-05,0.00033562684,-0.0003574649,1.9719733e-05,-0.00014659661,-4.1382001e-05,7.7887106e-05,-0.00021504668,-0.00032063392,2.5503647e-05,-3.2824938e-05,-3.9475703e-05,-0.00019243878,-0.00027477796,0.00016250712,1.8842106e-05,-0.0017049738,0.00057977396,-0.00023943301,-1.1085504e-05,0.00031935572,-8.0351377e-05,7.5270354e-06,0.00016302485,-0.00017622983,-0.00043418256,0.000627264,-4.2108896e-05,0.00018258937,3.2126209e-05,-0.00023244009,7.719975e-05,0.00044585028,-0.00011866288,-0.00018550972,0.00014302567,0.00034636821,0.00028003826,-0.00020952316,-2.9682959e-05,9.5676024e-05,-0.00011976366,0.00019217724,-3.7722328e-05,9.0642648e-06,8.5475266e-05,5.3154698e-05,-1.536231e-05,-0.00043039159,-4.1515679e-05,-1.6611184e-05,-2.67391e-05,0.00045776732,-0.0010054185
"144",0.00011940064,1.905165e-05,-6.9493267e-05,6.8283142e-05,-3.5312379e-05,-8.1326413e-06,1.1454256e-05,-1.2183552e-05,-1.9332683e-05,-1.4471266e-05,1.4309568e-05,2.9957005e-05,2.8222382e-05,-3.2555078e-05,5.4942271e-05,-4.0755675e-05,4.5730544e-06,-0.00016746931,0.00017624049,-0.00011332624,6.3423388e-05,-0.00010686341,0.00012447072,-0.00012189243,3.1655467e-05,4.7245106e-05,1.8160736e-05,2.1635761e-05,1.4335896e-05,0.00010605456,2.5238381e-05,-1.3729846e-05,-0.00031472502,0.00017243423,4.0598861e-05,-0.00012546534,0.00056007586,-0.00078462268,0.0011349428,1.7059824e-05,-1.864106e-06,-5.7732577e-05,-6.7383794e-05,1.293853e-05,-2.4178141e-06,-6.3010128e-06,1.8365127e-05,-6.5093085e-05,-4.0349125e-05,0.00012170443,1.6835379e-06,-3.2726049e-05,-1.0024457e-05,1.0410389e-05,8.3305407e-06,3.8249729e-05,-3.8793448e-05,-4.5267948e-05,-1.2461906e-05,-5.7799141e-05,-0.0001115459,2.7943311e-05,5.2556223e-06,2.0734669e-05,-0.0001446956,1.9285103e-05,5.5341615e-05,6.4958408e-05,2.2945693e-06,3.8583313e-07,-0.00010448962,-1.3532704e-05,-0.00042064662,-8.7029848e-06,-2.0250906e-06,7.8803635e-06,1.1725729e-05,-4.6841443e-05,-5.6846948e-05,-1.9757181e-05,0.00010817704,0.000123484,1.4469092e-05,8.3795981e-05,-9.8395791e-05,-2.6786884e-05,-4.8086626e-06,-2.4421404e-05,5.394118e-05,4.8052355e-05,1.8463638e-05,-4.3791093e-06,-2.741589e-05,-8.4212361e-05,4.780345e-06,4.4394451e-06,0.00010011534,4.1967064e-06,0.0001929928,-6.0126137e-05,-2.011209e-06,1.2968046e-05,-4.2423953e-05,3.2013193e-05,5.9233826e-05,3.8952011e-06,8.2451666e-06,8.8144708e-06,8.0325911e-05,-5.404891e-06,1.0710084e-05,3.4688266e-05,1.3058458e-06,3.4032106e-05,-0.00070174152,-1.2201773e-05,-0.00046118176,0.00010476461,-4.054502e-05,-0.00014358127,7.5704852e-05,0.00014641935,0.00012900875,-5.3416134e-05,-1.0930943e-05,-0.00018997765,6.3195067e-06,-0.00041064527,7.2306838e-05,1.2308793e-05,-2.8574213e-05,2.3989015e-05,-5.7954238e-05,-0.00016912579,-0.00011868363,-4.7498719e-05,-2.1691882e-06,-0.0002531022,-1.3242286e-05,0.00013373053,-8.0972966e-05,3.734753e-06,-0.00026212495,0.0019744696,-7.6701075e-05,-0.00015952123,-0.00012502452,6.8724991e-05,-8.2700223e-06,0.00040680247,-9.6354047e-05,-5.416069e-05,0.00014590542,5.3664997e-05,-2.6581526e-05,4.1423916e-05,0.00021440038,9.5764618e-05,-0.00018841959,-0.0002559681,-0.00063929746,1.4722016e-05,-7.6587823e-05,0.00072311744,2.1818505e-05,6.9696272e-09,0.000548471,-0.0023836707,0.0004051696,0.00027084486,0.00030749551,-8.4187596e-05,1.3098015e-05,-0.00077683323,-7.5721121e-05,0.00056689424,-0.00064752703,-0.00010623401,-2.3992356e-05,-0.00014014314,-0.00032974365,-0.00026340037,-5.7675235e-05,0.00028730312,0.00058058975,3.4778736e-05,-1.2389714e-05,-0.00074834723,2.3512421e-05,7.9824944e-06,-0.00013503243,0.00014349763,-0.00020067463,2.0385607e-05,-2.0929646e-05,7.2044156e-05,-0.00018327517,0.00035130099,-0.00057615655,0.00029968334,-0.0004747319,-2.254064e-05,0.00039288205,-0.00039987919
"145",-6.0582992e-05,0.0001829526,0.00020973096,-0.0001037851,6.4038039e-05,-7.7108202e-05,-8.5577869e-05,-1.9609437e-05,3.6914985e-05,4.3898393e-05,-3.0806434e-05,8.5281973e-06,3.246891e-05,-3.2342197e-05,6.4111821e-05,-9.8788772e-05,9.3353013e-05,-0.00012610204,2.597477e-05,-0.00014340716,-0.00025380307,9.0718787e-06,4.2465977e-05,5.3237878e-05,3.7314571e-05,1.6667557e-05,-7.5738636e-06,8.7634166e-06,-7.1133268e-05,-0.00040211614,3.09166e-05,-0.00015809732,-0.00022932613,-1.0714835e-05,0.00023181601,-0.00029598189,0.00078522996,-0.001364878,0.0011405243,-1.6816915e-05,-2.4385204e-05,-7.8036734e-05,-7.9424889e-05,-8.9901813e-05,5.343294e-05,-1.0503892e-05,-3.5391999e-06,2.8243184e-05,8.2671647e-07,5.9732351e-05,-2.9139545e-05,1.4986981e-05,3.4119718e-05,-4.4511379e-05,5.3976039e-05,4.7686446e-05,6.148238e-06,5.9298733e-05,2.4117297e-05,1.9469002e-06,-1.5725562e-05,1.50639e-05,2.6910241e-07,1.7025175e-05,-9.3254922e-06,-8.9139678e-05,-5.8539729e-05,-9.0534858e-05,-8.8783233e-05,1.440254e-05,0.00010341537,-8.8005358e-06,7.3147723e-05,-0.00011833423,-3.5506852e-05,2.2714036e-05,2.9282985e-05,0.00015873224,0.00011797113,1.2656224e-05,-2.8096036e-05,1.9007803e-05,-0.00010915331,-5.5715231e-05,-1.2870889e-06,8.427574e-06,-4.9537054e-06,5.5579783e-05,0.00053831884,5.2031243e-05,-3.7921781e-05,9.5869332e-05,-1.5060033e-05,8.6623778e-05,2.4594994e-05,-3.3104081e-06,0.00013889878,8.2224401e-05,-0.00028625854,0.0001418519,-8.8937343e-06,1.0678311e-05,1.0394394e-05,8.0370323e-05,4.4702155e-05,9.3410781e-05,4.7927037e-05,-1.4458502e-05,-4.5549667e-05,-1.7495012e-05,5.1198626e-05,-5.1727341e-05,-2.982267e-06,0.00025445951,-0.0011676559,0.00021792174,-0.0009118417,0.00031163422,-2.6422877e-05,0.00012593694,-0.00016279994,0.00022787079,-0.00017668369,-6.7278173e-05,4.3569216e-06,-0.00014607827,-5.0657904e-05,0.00053101761,-0.00022493036,0.00010985666,-8.0370908e-05,-4.7930956e-05,-0.00019094523,-0.00018099474,-0.00028289709,-0.00025945259,-0.00012689175,-0.00014818989,-0.0001078597,5.0334465e-05,-1.9101438e-05,1.3049353e-05,4.420879e-05,-7.6701075e-05,0.0017393011,0.00033024036,0.00051452816,8.4654588e-05,1.0876085e-05,-0.00036514034,-4.3191105e-05,-0.00016419753,-2.2470025e-05,9.1418311e-05,-6.2324225e-05,-0.00010729012,-9.6107457e-05,-0.00027057251,-0.00027194545,2.4943081e-05,-9.3853338e-05,-0.00013350749,-0.00017022009,0.00058508651,2.0017327e-05,-5.722099e-06,-0.00017516128,0.00033660116,-0.0019100635,-0.00041411657,-0.00058522706,-9.9456534e-05,4.2324102e-06,0.00031363439,-4.5231852e-05,0.00022285019,-2.4652698e-05,2.3277848e-06,7.2748286e-05,0.00019971263,1.964486e-05,0.0001836424,0.00028165197,1.7241558e-06,-2.780555e-05,0.00033952004,0.00021388344,-0.0005418421,-5.5985976e-05,1.9138401e-05,0.00011368018,-0.00017595712,0.00018587634,2.2201382e-05,-3.1673692e-05,-7.6041941e-05,8.1254697e-05,-5.6153693e-07,-0.00021297232,-4.6555964e-06,4.7795628e-05,-0.00011766834,-0.00034633375,0.00067932312
"146",-0.00033010569,0.00036396968,7.1903584e-05,-0.00027238188,0.00010838487,-5.564085e-05,-0.00010804987,-6.8409818e-05,-9.0450453e-06,4.854726e-05,-3.9906676e-05,-7.3357866e-06,4.4791677e-05,8.6976834e-06,3.1979612e-05,-9.7898795e-05,6.8671362e-05,-0.00013029586,0.00028071911,-0.0001575617,0.0001348796,1.029997e-05,4.9575638e-05,7.1084276e-05,-5.6174798e-05,4.9966252e-06,0.00044996589,0.00015029332,-7.9970104e-05,-0.00016209464,7.3711321e-05,-0.00013106438,-0.00014386753,-2.7860454e-05,0.00019673881,-7.8295742e-05,-0.00016678831,-0.00026034524,0.00036462017,-1.5993275e-05,-1.4345022e-06,-5.4806974e-05,-0.00012617392,-7.7121501e-05,-1.2782135e-06,4.5894162e-06,3.5652016e-05,1.6767203e-05,2.5624322e-05,5.1042365e-05,-4.6023204e-06,2.1676877e-05,4.8733311e-05,1.5727519e-05,2.5705633e-05,-4.9959778e-05,9.4834983e-05,-2.9344744e-06,7.7531447e-05,8.2229916e-05,1.5769401e-05,-2.4979517e-05,-1.138591e-06,-1.0199065e-06,-2.4939701e-05,-9.7427741e-05,-2.9064954e-05,-1.1092014e-05,-2.4958703e-05,-6.0997088e-06,4.1955515e-05,2.7417834e-05,-0.00016172211,-1.9718218e-06,-9.3333452e-06,-3.575983e-05,-4.222283e-05,5.6443011e-05,7.2074794e-05,0.0001776377,-0.00010908178,7.2356666e-05,-7.6132639e-05,-0.00012527726,-4.3670809e-05,9.7976e-06,-8.20462e-06,0.00053869094,0.00055112199,0.00010036599,-6.7044599e-05,7.4007113e-05,3.8270366e-05,7.635397e-05,-2.7903561e-05,5.2208917e-08,0.00018931053,-6.2141603e-06,-0.00044819654,0.00010814709,-1.9178738e-05,-6.8597346e-06,-5.310517e-06,7.7500019e-05,-3.939658e-05,4.5064694e-06,-4.015967e-05,2.2945267e-05,-0.00014234889,-8.4672891e-05,0.00013173324,-2.4982472e-05,1.9013485e-07,-0.00053298551,0.0012391193,0.00031518593,-0.0011847217,0.00031461858,-0.00010261611,0.00012130189,-0.00011270801,-0.00029192375,-0.00021439555,9.7580573e-05,4.1779949e-06,-0.00038455668,-5.3864682e-07,0.0012810384,-4.5458983e-05,8.0213115e-05,4.7772801e-06,-2.0409812e-05,-0.00038813805,0.00010054956,-2.0260263e-05,8.5257724e-05,-0.00012517766,0.00028586316,8.992103e-05,-0.00047669099,6.3479976e-05,-4.2558728e-06,-1.9989823e-05,-0.00015952123,0.00033024036,0.0016287845,0.0009512695,-6.1708046e-05,2.3229097e-05,-0.0003672313,0.00014846924,-5.4094913e-05,-0.00013220521,1.1353648e-05,2.0455478e-06,-0.00040785047,-0.00014971444,-0.00035568082,-0.0002559426,5.4474494e-05,-0.00029604986,0.00012246755,0.00022911146,-6.4238063e-05,3.2325493e-05,1.5400061e-05,-1.0119035e-05,0.00025582549,-0.00041179881,-0.0017660569,-0.0010089487,9.4713268e-05,-1.4127166e-05,0.00011291787,-0.00027007988,-0.00027047013,-4.5637523e-05,5.3236113e-06,7.2657829e-05,0.0001377411,7.7321977e-05,0.00021823997,9.2695381e-05,-0.00022057092,7.2281684e-05,-0.0001313051,-0.00035293717,0.00024508541,1.9920599e-05,2.3663587e-05,0.00029557138,-0.00039127439,0.00044750217,-0.00014232119,-1.2903106e-05,-5.1719184e-05,-3.8174312e-05,0.00021218417,-8.6737104e-05,0.00022528253,-0.00031943946,-7.36979e-05,-0.00049553384,0.00067792686
"147",-0.00041898578,0.00051479707,0.00035873062,-0.00047801158,0.00022406586,-9.8978155e-05,-0.00017729625,-0.00010512711,3.2928168e-05,0.00010714386,-7.9696137e-05,-4.5329122e-06,5.6115805e-05,-5.9875163e-05,7.5022161e-05,-1.5978022e-05,0.00014589689,-0.00026024177,0.0003823681,-0.00019368623,-0.00032625309,-0.00012234586,8.2342263e-05,0.00049981922,-0.0001318045,8.983906e-05,0.00049847777,0.000153888,-0.00010418286,-0.00029528531,0.00031132009,-0.0003125786,-0.0010955162,-0.00016065833,4.2237074e-05,-5.9229617e-05,-0.00025010068,0.0002715041,-0.00064322179,-2.2673551e-05,3.3502379e-05,-6.536884e-05,-6.0920694e-05,-0.00016467045,-5.7554527e-05,2.6053056e-05,-7.8138939e-07,2.9801372e-05,-0.00016308516,-6.7818208e-05,-2.1578604e-05,6.8719177e-05,8.2858055e-05,0.00012805398,0.00013197598,-6.0347193e-05,0.00010543227,8.5846488e-05,6.6209991e-05,9.3731173e-05,0.00010410758,-3.061121e-05,7.4637209e-06,-2.849747e-05,-9.6952293e-06,-0.00016703582,-7.4213382e-05,-0.00026341329,4.9279346e-05,-2.4896725e-05,0.00011942264,-2.8796726e-05,-0.0001120735,-9.9431636e-05,-1.4902773e-05,-1.3456345e-05,3.5698059e-06,7.6434704e-05,0.00013274008,0.00017546719,-0.00011793909,6.0196458e-05,-5.8853033e-05,-0.00013192398,-9.6751493e-06,4.2955652e-05,-1.2077082e-05,0.00054435731,0.00094927873,0.00010429632,-0.00016144136,0.00018794317,2.3394881e-05,0.00015051507,-3.4895509e-05,3.8198758e-06,9.9884428e-05,-3.5059156e-05,-0.0011445634,0.00018107466,3.4079862e-06,-1.002349e-05,2.3116458e-05,-9.1378372e-05,-0.00011432713,1.8351824e-05,-7.3532302e-05,0.0001044529,-0.00022334218,-9.105143e-05,0.0001279114,-6.2260238e-05,1.0880819e-06,-5.8042739e-05,0.0013071625,0.0013726458,-0.0019302343,0.00068032742,5.2890449e-05,0.00036446916,-0.00012688737,-6.7937744e-05,-0.00066797355,0.00013436929,-1.8381749e-05,-0.00030084211,-0.00011055696,0.0021642866,-0.00017728632,0.00012249547,1.8631595e-05,-0.00015513203,-0.00055059518,0.0002752683,-3.2952184e-05,-9.3826845e-06,-0.00045086419,0.00022892762,-1.9893511e-05,-0.00043521646,1.0119864e-05,1.0717036e-05,-0.00011986002,-0.00012502452,0.00051452816,0.0009512695,0.0028438557,-0.00012522434,2.7326626e-05,-0.00062779682,-4.831337e-06,-0.0012348719,0.000477265,-8.0530489e-05,-6.3227049e-05,-0.00067685755,-0.00032251059,-0.00030204612,-0.00014594295,6.0740082e-05,-0.00028420915,1.4550938e-05,1.2219346e-05,-0.00023516624,4.0288105e-05,1.1319016e-05,9.7302066e-05,0.00026624305,-0.00055395232,-0.00098099694,-0.0035283405,0.00022842153,-4.052051e-07,0.0004229712,0.00018035702,0.0013688215,-0.0015884299,0.00014586565,0.00012112996,0.0005406445,0.00023108666,6.0162472e-06,-0.00013879016,-0.00016684802,-0.00022294825,0.0003948789,-1.7335489e-05,0.00049724145,2.0522562e-05,3.0191665e-05,0.00049421824,-0.00057521824,0.00069473017,-0.00018185539,-8.7867944e-05,-0.00044188329,-0.00035513133,0.00050346877,-2.3108298e-05,0.00082017552,-0.0006999893,-0.00014938895,-0.0010122089,0.0020202421
"148",-7.7403738e-05,-3.3483482e-05,3.7777588e-05,-4.165407e-05,-5.0581484e-06,6.3204268e-06,-2.7013271e-05,-2.8191614e-05,2.5831627e-05,-3.7295175e-05,1.6181589e-06,-6.6347168e-06,-4.3789948e-06,2.8739276e-05,-2.3552359e-06,-5.181251e-06,1.9531828e-05,-1.3022399e-05,8.1298599e-05,-5.1290778e-05,0.00015532161,2.2873571e-05,-1.2330499e-05,-6.5855464e-06,4.8443065e-06,-8.7601765e-06,5.8271942e-05,-1.2151532e-05,4.2646255e-05,-3.5427864e-05,-3.4672649e-05,-3.4049844e-05,2.3823144e-05,-1.6303842e-05,0.0003213913,-0.00021623027,0.00055604186,-0.0012811012,0.00153247,-2.2448979e-06,1.1103255e-05,5.0813965e-05,1.9800438e-06,-5.7186765e-05,6.0570301e-06,-5.9830488e-06,9.764837e-07,2.271675e-05,3.5641925e-05,4.463868e-05,4.4999086e-06,-1.8295186e-07,-1.9094949e-05,3.4008529e-05,4.7297383e-06,-6.5923231e-06,4.9788916e-05,1.1123918e-05,-2.2386831e-05,-3.4926423e-05,1.9098594e-05,7.7173236e-06,-4.6678059e-07,9.143682e-06,-4.1778891e-05,-7.5248055e-05,-1.8334853e-05,4.1335921e-05,-8.9256971e-05,2.0570731e-05,-6.7564988e-05,-5.8074576e-05,6.7664592e-05,1.6164532e-05,-2.5874755e-05,-7.2340073e-06,-4.2986085e-06,-3.9906041e-05,2.2887333e-05,-4.4508977e-05,-7.1587609e-05,1.8897771e-05,3.9270216e-05,1.2430158e-05,-4.1820348e-05,-1.8072742e-05,3.3798394e-06,7.7969638e-05,0.00016146327,1.9282696e-05,1.8195341e-06,4.3937448e-05,-1.4089746e-05,-4.2076345e-06,2.9368483e-05,-5.9791721e-06,9.8980295e-05,3.8848829e-05,-2.4152642e-05,2.6461869e-05,8.5913655e-06,-9.0972753e-07,2.8074887e-05,6.3668653e-06,2.397444e-07,3.6139951e-05,8.1788537e-06,-1.8998617e-05,-1.4007467e-05,-3.1775536e-05,5.8023778e-05,3.4404664e-06,8.4504345e-07,-1.5576237e-05,-0.00030187378,-0.00017126208,-9.4648773e-05,0.00012748008,-5.4606921e-05,-6.7806748e-05,-0.0001014416,5.2695743e-05,6.3578948e-05,-6.8715668e-05,8.9113594e-06,-0.00013592989,-4.2928613e-05,0.00018614327,-5.3539968e-05,-2.2086286e-05,-3.6867975e-06,-3.039007e-05,9.0658876e-05,-5.0265031e-05,-0.00011711052,-6.5090126e-05,7.8937458e-06,-2.2945424e-05,3.2229428e-05,-3.8779127e-05,-1.4334257e-05,-4.2966278e-06,2.6738967e-05,6.8724991e-05,8.4654588e-05,-6.1708046e-05,-0.00012522434,0.00042190225,-6.5131731e-05,0.00021285238,0.00011167021,5.8883528e-05,-0.00021474119,4.1355287e-05,3.5493217e-06,3.9003657e-05,0.00011827717,1.7106749e-05,0.0002093534,-4.2169117e-05,-7.6498294e-05,2.3325488e-05,-8.733854e-05,3.3779986e-05,7.6804086e-05,8.1241737e-07,-0.00010072078,-7.820036e-05,-0.00011126147,7.3095506e-05,0.0001963885,-0.00054750878,8.4221545e-05,-0.00020105344,-0.00014788463,3.160164e-05,0.00030866389,-2.8424837e-05,2.3837264e-05,-2.6445245e-05,-0.00019393436,-5.0128932e-05,-0.00021520333,7.6656509e-05,8.365526e-05,-6.5986287e-05,0.00016140244,1.5010267e-05,-0.0001062348,-5.04397e-06,3.9021619e-05,-5.9281673e-05,0.0001144711,-1.5793903e-05,1.7762346e-05,3.2732519e-05,-2.4016475e-05,2.8326616e-05,9.889603e-06,6.1958504e-05,-7.3936265e-05,-4.8476338e-05,-7.8514181e-05,0.00031156429
"149",2.0715333e-08,3.6890641e-05,8.1225397e-06,-1.2252929e-05,-1.2287324e-06,-1.3106608e-05,-1.2234102e-06,4.391474e-06,-1.2982477e-06,1.3168588e-05,1.7924391e-07,2.155399e-06,4.6271678e-06,-7.0813551e-06,1.0082844e-05,-7.0962809e-06,5.9845342e-06,-1.1252928e-05,1.3302527e-05,-8.4704577e-06,-6.1694522e-05,-4.654301e-06,3.9336976e-06,1.1097068e-06,7.2781762e-06,7.2938717e-06,-1.6710549e-05,1.8027221e-05,-8.7434063e-06,1.5956194e-05,6.9213637e-06,-1.7019444e-05,-5.4373129e-05,2.9672309e-05,-5.164417e-05,1.2200493e-05,-3.5282403e-05,7.8430467e-05,-0.00010486003,-3.1918923e-06,-1.0396087e-05,-8.3617491e-06,2.0920011e-06,2.4407113e-05,-5.6658287e-06,1.1186804e-06,-3.6933804e-06,-5.1798032e-06,3.9048183e-06,-2.4494059e-06,-1.5811134e-06,-7.260754e-07,-1.1379682e-06,-1.3886686e-05,-4.6972558e-06,-8.6354488e-08,-7.1663267e-06,-3.8499078e-06,3.0205769e-06,1.1860379e-05,-8.5693254e-06,-2.3475585e-06,1.5445e-07,-2.5047649e-07,4.8064615e-06,7.7918532e-06,-5.0827969e-06,-1.8399331e-05,2.0609618e-05,-5.6350637e-06,1.9783148e-05,1.0727968e-05,-1.7481244e-05,1.0322017e-05,2.8201907e-06,-1.9850596e-06,8.1958953e-06,1.4230219e-05,3.3140993e-06,2.0776763e-05,9.2358381e-06,3.0567738e-06,-1.4714301e-05,-1.1632901e-05,-2.2224383e-06,3.5623638e-06,-1.6694769e-06,3.1975088e-05,2.744819e-05,5.6986085e-06,-4.0865478e-06,-8.027804e-07,-2.4375637e-06,2.1123801e-06,-7.6882734e-06,3.1514606e-06,9.9742649e-06,-7.8105784e-06,1.7471502e-05,-9.5833833e-06,-4.0913556e-06,1.3755226e-06,-1.9064493e-06,5.4564684e-06,2.6906362e-07,-5.2667013e-06,-6.5258974e-06,1.2885181e-06,-8.0708606e-06,9.9067795e-07,4.9851802e-06,-7.230951e-06,1.1615054e-07,-3.9784776e-05,2.1869615e-05,7.8835415e-05,-0.00012581015,1.1548047e-05,-1.4645137e-07,1.8716912e-05,1.3777535e-05,1.651496e-05,-2.4575749e-05,1.4409375e-05,-5.0415054e-06,-2.2706976e-05,-3.6051195e-06,5.20528e-06,3.7797909e-05,1.3914422e-05,-5.7670939e-06,-4.3140054e-06,-4.6990155e-05,1.1901518e-05,1.9728407e-05,2.5356414e-06,-8.1230337e-06,5.4259923e-06,-6.4867103e-06,-2.5662284e-05,1.0372435e-05,8.4122469e-07,-2.5384901e-06,-8.2700223e-06,1.0876085e-05,2.3229097e-05,2.7326626e-05,-6.5131731e-05,2.7095211e-05,-1.8298552e-05,1.6744851e-05,-3.3193908e-05,-4.7689452e-05,-5.8181744e-06,9.0731311e-06,-3.450228e-05,-3.9818825e-05,-3.4345669e-05,-4.8216717e-05,9.5834389e-06,-3.3680943e-05,2.5158827e-05,2.9064177e-05,-5.8191236e-06,-1.5190322e-05,1.3865236e-06,1.1297618e-05,1.5116784e-05,8.9175071e-06,-8.5075243e-06,1.4393794e-07,8.372999e-05,-3.4197514e-05,-1.051296e-05,-2.631733e-05,0.00010654329,0.00010139931,1.3437214e-05,-1.8779853e-05,1.7484762e-05,3.7593002e-05,3.2778261e-05,4.4528313e-05,-2.8217558e-05,6.3681974e-06,-1.1203687e-05,-7.0825553e-05,6.4623318e-06,1.7918317e-05,1.1511259e-06,9.4816102e-06,-1.6656652e-05,5.673889e-06,-7.8276245e-07,-7.746558e-06,-1.4799708e-05,5.7279403e-06,2.379202e-05,-1.0016421e-05,7.4402422e-06,-2.33865e-05,9.5401746e-06,-5.5284715e-05,5.1938476e-05
"150",0.00037815316,-0.00053574652,-0.00050126571,0.00056004536,-0.00016358347,9.3618487e-05,0.00021362323,6.6751837e-05,-2.0898547e-05,-0.00022525275,3.6515354e-05,1.6194072e-05,-9.8228517e-05,0.00013158684,-0.00012414824,0.00015087899,-0.00018181787,0.000330656,-0.00026665769,0.00036790253,2.6841315e-05,1.3713761e-05,-0.00014741854,0.00026543523,8.3838478e-05,3.134805e-05,-0.00044010931,-0.00030006251,0.00023059636,0.00024412812,7.4790868e-05,0.00016965304,-0.0009060953,0.00019199362,0.00024125456,-0.00034337288,0.0012964207,-0.0015858531,0.0020616355,-1.0832942e-06,2.936349e-05,-3.3682528e-05,2.7620286e-05,4.3724491e-05,2.0433067e-06,-4.2393851e-06,-0.00014160406,6.6950397e-05,-0.00035325817,9.9368388e-05,-1.396109e-05,-5.4932174e-05,-3.5136086e-06,-8.3246215e-06,-2.32112e-05,8.3703097e-05,-9.676095e-05,-0.00026080042,-1.6874248e-05,-0.00014355049,-4.8689474e-05,-1.7166097e-05,6.7008735e-07,5.4993031e-05,-0.00010877212,0.00020669693,9.4880876e-05,3.2869607e-05,-7.0943709e-05,1.8662091e-05,-0.00037783493,-0.00022316643,3.0092215e-06,8.3720574e-05,1.0798641e-05,1.1524675e-05,-0.00014715806,-3.5993571e-05,-8.2972138e-05,-0.0002648684,0.00010097632,-2.5339155e-05,9.0796396e-05,6.6596514e-05,-3.0319599e-05,-2.5310792e-05,2.037282e-05,-0.00084894943,-0.0014839125,-0.00017102109,0.00025412301,-5.1972973e-05,6.3755576e-05,-0.00011532281,0.00010445378,-3.807577e-06,-0.00028816634,0.00015881165,0.00028319972,-0.00019844477,6.2312743e-05,2.0504286e-05,-1.6629037e-05,-0.00010666896,5.82847e-05,-2.774629e-05,7.9972484e-05,-0.00014902754,0.00025395948,0.00015160898,-9.6798436e-05,8.681897e-05,-7.4015439e-06,0.0002746779,-0.0021983986,-0.0018949393,0.003009771,-0.0002972899,-6.0877884e-05,-0.00057660818,-0.00012768522,-4.3732737e-05,0.00055428623,-0.00025060576,1.7592406e-05,0.000350004,-7.4505856e-05,-0.0017437802,0.00016967357,-0.00023780206,-2.6009979e-05,0.0001919141,0.001241169,-0.00028465584,-9.6544172e-05,-0.00011081218,0.00051071316,-0.00031045103,-0.00019116607,0.00046275627,-4.2838661e-05,8.2351544e-06,-0.00019125086,0.00040680247,-0.00036514034,-0.0003672313,-0.00062779682,0.00021285238,-1.8298552e-05,0.0028603052,0.00073445206,0.00014524846,-0.0005562015,5.7282215e-05,2.7205341e-06,0.00045548238,0.00015047571,0.00057957847,0.00019763081,-0.00011415092,0.00057555684,-8.1876336e-05,0.0001758569,0.00026050757,4.9218291e-05,-4.019549e-05,0.00015523657,-0.0007472068,0.00031319489,7.6280702e-05,0.00042349964,-0.00022273476,-4.1874153e-06,-0.0026989596,-0.00085475673,0.00016538525,0.00095374455,-6.5707189e-05,-2.49996e-05,-0.0001517825,-0.00042245127,-0.00054750921,-1.8444039e-06,0.00034693363,0.00033504656,-6.4913395e-05,-0.00012024901,-0.00059596956,-0.00015021025,1.085509e-05,-0.00059143576,0.00078262241,-0.00084199833,0.00020618591,0.00013883001,0.00053038609,6.0024664e-05,-0.00042118116,0.00082246003,-0.00038556583,0.00041262545,7.6219317e-05,-1.5608465e-06,0.0002456611
"151",-1.1591161e-05,7.5915738e-07,-0.00012806794,5.0106049e-05,-9.1125186e-05,-1.0957413e-05,-8.7681454e-06,-0.000101504,3.893049e-05,-6.2987509e-05,-4.0142317e-06,-1.788706e-05,9.2265384e-06,1.2757892e-06,-1.7281675e-05,3.8158841e-05,7.4095242e-06,2.1509981e-06,3.536811e-05,-0.00010093086,-0.00031605972,-3.3543035e-05,4.6836993e-05,-1.8128575e-05,1.8879743e-05,5.9179504e-05,-1.0649139e-06,-1.9091776e-05,-4.9081321e-05,-0.00016941485,5.6734872e-05,-8.5913527e-05,0.00010150968,-8.9123202e-05,0.0003436395,-0.00037814537,0.00098891096,-0.001453346,0.0021895194,-8.1259398e-06,-9.594511e-05,5.3157072e-05,6.6421301e-05,9.0700797e-05,2.9950401e-05,-2.2603671e-06,1.3310262e-06,3.7042166e-05,-5.2119781e-05,-7.5914215e-05,-5.2215241e-06,-1.5585483e-05,-7.408964e-05,3.0644506e-05,-2.4741157e-05,4.2911134e-05,4.0657653e-05,-8.2440429e-05,0.00010302912,-7.0534241e-06,-1.8048824e-05,5.8575766e-06,6.5980598e-06,4.9835589e-05,-2.9531413e-05,-3.1276281e-05,-2.3071634e-05,-0.00013500731,-7.5415745e-05,6.5581961e-06,-0.00012196388,0.0001340675,-0.00018653469,0.00022893936,3.1718607e-06,-1.2062759e-05,3.4505969e-05,2.3801392e-05,8.1391589e-05,-6.0429987e-05,-0.00011418014,-8.4109084e-05,-8.1516582e-05,9.5675188e-06,-4.0687745e-05,-1.731417e-05,-5.1975911e-06,1.5552717e-05,0.00023807377,1.9990048e-05,-1.0904825e-05,9.6253347e-05,5.7804656e-05,4.9591129e-05,3.7068478e-05,-2.2382953e-06,6.8372802e-05,2.2352804e-05,-5.6128556e-05,-0.00010724177,2.4065525e-05,1.8516102e-05,2.8510922e-05,-3.7828828e-05,-5.6875283e-05,2.0184086e-05,2.9841644e-05,-6.9549682e-06,8.0983174e-05,7.6272559e-06,0.00011396857,-9.0996002e-06,1.3669517e-06,-0.00036706314,-0.0012553151,-0.00067038266,-0.00049203895,0.00040291813,-0.00020310598,-2.7992574e-05,-0.00016077718,5.7396292e-05,2.9396832e-05,-3.317516e-05,-1.3128213e-05,-0.00020819737,-0.00038895364,-1.4495907e-05,0.00011327615,-4.8057602e-05,-5.6412523e-05,5.8273239e-05,0.000499525,-1.8509367e-05,-0.00010590609,-0.00016315103,2.9182857e-05,-0.00026021689,-0.00012647075,-9.3688412e-05,9.2488288e-05,-1.0030272e-05,9.7179221e-05,-9.6354047e-05,-4.3191105e-05,0.00014846924,-4.831337e-06,0.00011167021,1.6744851e-05,0.00073445206,0.002342862,0.00019609058,-0.00032212524,0.00010187335,-2.5443211e-05,0.00035244484,-9.9088748e-05,9.5907372e-06,0.00012107999,0.00012720008,9.4771175e-05,2.396654e-05,0.00017790385,-9.1285656e-06,7.0263987e-06,-2.7966301e-05,-0.00016808514,-4.3544646e-05,-4.4640583e-05,-0.00028162217,0.00015168552,-0.00015385656,-2.5112766e-05,-0.00081225562,-0.0030028417,0.00010511994,0.00062019565,-8.839233e-05,-6.2182632e-05,-0.00031789405,-0.00023220139,-9.0470154e-05,2.4672733e-06,-0.00010904017,0.00016343219,-7.2449015e-05,-0.00015001683,-0.00050482536,3.9225334e-06,2.6194582e-05,-9.7368518e-05,6.587828e-05,-3.2334093e-05,7.0147042e-05,3.0179356e-05,0.00026538728,0.00014743977,-2.9705506e-05,0.00028291892,-0.00014089853,8.5347274e-05,-0.00011518221,-0.00042803461,0.00043185873
"152",0.00066171028,-0.00052884388,-0.00024087276,0.00039381494,-0.00012177826,0.00011767253,4.2680347e-05,0.00010713315,-4.9678483e-05,-7.020495e-06,4.4197292e-05,2.1697501e-05,2.2322646e-05,0.00012207237,-2.0383987e-05,-1.9776036e-05,-1.1257958e-05,4.9745288e-05,-0.00039250195,4.3904106e-05,0.000603447,0.00018845798,-0.00010383873,-0.00025311608,7.3845166e-05,-7.8604038e-05,-0.00016264944,-0.00012053015,0.00013705872,0.00020827606,-9.6002374e-05,0.00014659808,0.00029575163,0.00043717836,-0.0007399521,0.00035055292,-0.00091115629,0.00028502089,-0.00082772928,-1.3635763e-05,-3.0816182e-05,-0.00026064827,-0.00011449681,-0.00018020785,5.7279088e-05,-2.6812281e-05,-2.1615918e-05,4.0494921e-05,0.0079040683,-0.00019175322,-2.3683246e-05,-5.1860092e-05,-6.7591074e-06,-1.663714e-07,-2.7137468e-06,3.3128743e-05,-0.00026105145,-0.00022615981,6.7190084e-05,1.9710989e-05,-9.9496076e-05,3.3796883e-05,-8.7669685e-07,5.0617367e-05,-0.00013356745,0.00031417482,0.00022894085,0.0004976708,-6.6861453e-05,2.5579203e-05,-8.4804943e-05,-0.00017533287,0.02407153,0.00033314799,7.6984145e-05,0.00026086392,0.0001380257,-0.00019236392,-0.00027995436,-1.8163485e-05,0.00039869675,0.00014744227,-2.7729894e-05,0.00025563932,0.00018597731,-6.216726e-06,-1.0220486e-05,-0.00026127201,-0.00011006921,-0.00019127238,0.00023980224,-0.00027971479,-0.00018738235,-0.00038695107,-6.3453545e-05,1.2324158e-05,-3.5644288e-05,0.00010872871,0.014409496,-0.00013816107,3.8865509e-05,-0.00014836943,-3.6599732e-05,0.00018755067,0.00022120742,0.00010105052,-7.2962967e-05,-0.00018537952,6.9447714e-05,-1.2111623e-05,-0.00015117176,-4.3843797e-05,6.5434932e-06,-0.00047594443,0.00018698738,-0.00096942929,0.0006924649,-0.00010194512,0.00017320316,-0.0004224038,0.0002742514,0.0001640168,0.0010230937,0.00015740534,-1.3155246e-05,-4.0799419e-05,-6.938938e-05,-0.015948921,-4.8038409e-05,-0.00015593141,0.00035688176,0.00012117807,0.00021007364,-0.00039712582,-0.00022429022,0.00043041512,0.00037270769,0.00029685926,0.00037699903,0.0002329282,0.00027877721,-2.2203075e-05,0.00033562684,-5.416069e-05,-0.00016419753,-5.4094913e-05,-0.0012348719,5.8883528e-05,-3.3193908e-05,0.00014524846,0.00019609058,0.032926473,-0.0010782648,0.00017579348,-3.0730173e-05,2.6570362e-05,-0.00011149541,-0.00015352938,-0.00036574776,0.00027494784,0.00046547585,7.6319944e-05,-1.4241723e-05,-0.00041909174,-4.3878084e-06,-2.8203573e-05,-0.00067306784,0.00025538535,-4.7716094e-05,-0.00011150438,0.0016369749,-6.8387246e-05,6.223711e-05,0.00048673029,-0.00010501031,-0.073881287,0.002225798,-0.00019732119,-3.0025577e-05,2.9785155e-05,0.00041151224,0.00043257596,0.00062254342,-0.00026141219,-0.00040593545,-0.00015497419,0.00023459138,0.0004600186,-0.00015889579,3.2934108e-05,-0.00037844459,0.00048115763,-0.00062365399,8.1455532e-05,6.226505e-05,0.0003324178,0.00059575755,-0.00066441464,-4.585979e-05,-0.00091683934,0.0010117491,-5.7271347e-05,0.00051376788,-0.0012054839
"153",1.2553484e-05,0.00010032154,0.00021811973,-0.00010871287,0.00017790498,-2.6878545e-06,-0.00010011467,-1.8158315e-05,-4.178665e-05,1.1165804e-05,-2.1839754e-05,1.1630608e-05,1.0303727e-05,-1.0007657e-05,-2.9930407e-06,1.9185552e-05,1.1797267e-06,5.9862391e-05,-5.2660679e-05,9.3766856e-06,0.000478698,-1.4364641e-05,-2.7919037e-06,0.00010136054,3.3833991e-05,2.9498348e-06,5.7890775e-05,-0.00017419849,2.8136481e-05,-0.00025295909,6.5039818e-05,4.6621635e-05,-0.00062758111,-0.00062097376,-0.00012661114,0.00028296294,-0.00081870447,0.0011860463,-0.001647186,9.9349443e-05,0.00013798608,3.0977479e-05,1.0001848e-05,-0.00018738021,3.0349742e-05,1.8601941e-06,0.00011893782,-4.2081892e-05,-0.00024809566,-9.2450453e-05,4.5958463e-05,7.5462983e-05,-7.6940576e-05,0.00022634056,0.00010365456,-4.6060749e-05,1.1459345e-05,2.0942757e-05,4.5828603e-05,7.1162554e-05,0.00024429956,6.2079618e-05,1.1733813e-05,-5.453162e-05,-3.4880516e-05,-0.00012404103,-2.9861041e-05,1.8643806e-05,4.7409157e-05,2.716224e-06,8.1924802e-05,0.00014081454,-0.001272382,-0.00055164271,6.8569823e-06,4.6050924e-05,0.00018193244,-4.7002365e-05,-5.3589703e-05,-4.6797696e-05,4.4668917e-05,3.4043587e-05,6.4641294e-05,-2.9502386e-05,-2.9539114e-05,3.0935717e-05,-1.2589268e-05,-2.6845637e-06,0.00013044738,3.3687509e-05,-7.3172828e-05,0.00014722502,4.9177432e-05,0.00015066721,2.2095743e-05,-1.4886814e-05,-0.00016865426,-0.00011657919,-0.0013399021,0.00048109419,-3.1851922e-05,-5.3458563e-05,-8.9470749e-05,-1.3120146e-05,-4.3032218e-05,2.7566481e-05,-3.9941141e-05,-5.0860657e-05,-1.9379865e-05,-8.9468998e-05,-0.00012806458,-7.1144076e-05,-1.649324e-06,-1.5005868e-05,0.0012008522,-0.00014605774,0.00023333382,8.6261606e-05,-7.1526011e-05,8.3505079e-05,-0.00023188346,-0.00011460235,-7.1519999e-05,9.4108933e-06,3.4095139e-05,0.00013703991,0.00027247597,0.00065943872,-0.0010072411,-3.237131e-05,0.00010828719,0.00013813419,1.8934602e-05,0.00020780686,1.4542777e-05,0.0001663909,1.989497e-06,0.00012229814,4.7085581e-05,6.7446306e-05,0.00020044621,-3.7099753e-06,-0.0003574649,0.00014590542,-2.2470025e-05,-0.00013220521,0.000477265,-0.00021474119,-4.7689452e-05,-0.0005562015,-0.00032212524,-0.0010782648,0.0044363694,-0.00010095063,-0.00010810808,-5.4481705e-05,-0.00022628278,-0.00010130459,0.00069662399,1.1400912e-05,-0.00030276004,-0.00013869612,-0.00017237209,-0.00027482969,-0.00025008325,-9.0769271e-06,0.00043155098,-0.00048477849,4.5953985e-05,1.097769e-05,-0.0012774005,0.00027267074,9.0740128e-05,0.0006827736,0.00053595382,0.00082951227,-0.0076730688,6.3338798e-05,0.00016901897,0.00014759765,0.00043804511,0.00028302462,-0.0011146139,0.000331682,0.00058806916,0.00021651501,0.00035651988,0.00035687634,0.00053499248,4.0859686e-05,0.00017578046,-0.00014278584,0.00016004347,-6.6389712e-05,5.0280913e-05,5.3743253e-05,-0.00023320083,7.2457995e-05,-0.00032312354,0.00036820406,0.00010720237,-0.00011992545,0.00040696788,-0.0001660556
"154",3.8075848e-05,7.1711141e-05,1.5480293e-05,-5.8198133e-06,3.2008067e-06,-1.0450293e-05,1.4282336e-05,1.065677e-05,-8.8820449e-07,-3.2150787e-05,-5.8185335e-06,2.717723e-06,6.0837694e-06,-1.1455565e-05,6.6519654e-06,-5.2781187e-05,1.8907592e-05,-6.6377598e-05,3.2122474e-05,-1.9911184e-05,2.0147763e-05,1.9697583e-06,1.8550998e-05,5.7614088e-05,1.0639874e-05,2.0177251e-06,-8.6604401e-06,1.0274612e-05,-1.58535e-05,6.0545026e-06,6.0314407e-05,-2.6285005e-05,-0.0001614959,1.9452604e-05,0.00014246044,-6.8223502e-05,0.00021795055,-0.00072421369,0.00093719233,1.4341161e-05,2.2857215e-05,-2.4794965e-05,-1.9343019e-05,-5.8753353e-05,1.3997211e-05,-5.9094936e-06,9.946977e-06,-8.0284232e-06,9.7717164e-05,3.155887e-05,-1.3169496e-05,-2.8016177e-06,2.7257369e-05,2.0359215e-05,-8.1828906e-06,4.4470735e-05,-1.2962973e-05,-1.8036195e-05,3.9312205e-06,-1.98283e-05,-3.0469536e-05,-4.4278818e-06,-8.1446908e-07,-1.4564051e-06,-3.553548e-05,-2.9229344e-05,2.4851428e-05,6.2200406e-05,-3.8414163e-05,9.9683213e-06,-1.2891703e-05,4.2267641e-06,1.469436e-05,-1.2009769e-05,-2.8877697e-05,1.1981841e-05,-2.0398673e-05,-1.2940101e-05,5.7488787e-06,-2.249574e-05,2.1792508e-05,-1.5746224e-05,-1.4161729e-05,4.4941619e-05,-1.8343776e-05,2.1483025e-06,-2.0917143e-06,3.5261419e-05,2.1355424e-05,6.19463e-06,2.7921749e-05,-1.2543353e-05,-6.6867792e-06,2.3032393e-05,2.0464755e-05,-6.6426929e-06,4.5684399e-05,2.8866382e-05,0.00016486062,8.2495414e-06,1.3885319e-05,-6.1586429e-07,-8.2290924e-06,4.1026351e-05,1.5224801e-05,-3.2453695e-05,-1.9258962e-05,1.5752565e-05,5.9453596e-06,1.5477647e-05,1.9116206e-05,-3.8585181e-06,-3.0806284e-07,-0.00021852348,-7.2460328e-05,-0.00042311469,-1.094967e-06,-4.4061133e-05,-9.665503e-05,-7.0006692e-05,2.3418654e-05,2.7107352e-06,4.7645569e-05,-1.6472228e-05,1.0897824e-05,-6.2827234e-05,2.1887845e-05,-7.2281777e-05,-0.00012351942,-8.241244e-05,2.0776023e-06,5.5551691e-05,0.000141029,-6.8869044e-05,-5.9531531e-05,2.5491272e-05,1.3134232e-05,1.3932833e-05,2.4551453e-05,9.20934e-06,5.7710711e-05,-3.4096231e-06,1.9719733e-05,5.3664997e-05,9.1418311e-05,1.1353648e-05,-8.0530489e-05,4.1355287e-05,-5.8181744e-06,5.7282215e-05,0.00010187335,0.00017579348,-0.00010095063,0.0003341582,-7.4945944e-05,8.3029516e-06,-5.0882879e-05,-5.5329958e-05,-0.00016581367,-2.6039993e-05,7.3150084e-05,4.8195885e-05,-6.7166324e-07,5.6092572e-05,-1.6014e-05,-1.0316477e-06,-4.5200452e-05,-0.00014996278,3.6598437e-05,-1.5453725e-05,0.0001378825,-6.5795786e-05,1.6425069e-05,-0.00016220038,-0.00012862742,-0.00015885284,9.6850291e-05,-0.00043909975,7.9186235e-05,-1.5704318e-05,1.6486702e-05,3.492805e-05,0.00023181152,4.5019499e-05,-7.8998139e-05,-6.0160201e-06,4.029128e-05,-8.6621247e-05,2.862428e-06,8.5757132e-07,1.0724021e-05,-2.2347528e-05,3.9994074e-06,-7.0383533e-06,3.7574947e-05,0.00021057456,7.6194104e-06,2.8386289e-05,-0.00012122491,1.0014769e-05,-7.9317586e-05,1.1848753e-05,0.00013756468,-0.00034170559
"155",-5.8223913e-05,3.5812936e-05,1.4828552e-05,-1.4346858e-05,-2.8710116e-05,-5.0683373e-06,-2.6714e-06,-6.8186339e-06,2.2108609e-06,9.2757385e-06,8.4415506e-06,-8.03442e-06,-1.8023013e-06,2.4016494e-05,5.0462258e-06,1.7217195e-05,-4.5574353e-06,3.9486848e-05,5.4168303e-05,-1.6343155e-06,-0.00020872214,-3.8900451e-05,3.6942326e-06,4.2888486e-05,3.7800525e-06,-5.0676813e-06,3.6104106e-06,3.6381838e-05,1.7794165e-05,-7.5800159e-05,6.2878515e-05,-4.0413118e-06,-9.4734378e-05,0.00017200405,3.2591168e-06,-5.0982326e-05,9.5351721e-06,-0.00046292074,0.00058295432,1.2745275e-05,-2.8637652e-05,1.6949091e-05,1.3480033e-05,7.3934178e-05,-4.3205833e-06,-4.4600554e-07,-5.4334308e-05,-3.5915063e-05,-5.1206331e-05,7.7127901e-05,-9.2985981e-06,-2.2446774e-05,-4.1418021e-05,-2.6581269e-05,-3.3220433e-05,-1.6644829e-05,-1.2449915e-05,-2.8291465e-07,-1.1776866e-05,-1.808013e-05,-0.00010698234,-1.1173856e-05,3.2235115e-06,8.7723332e-06,-1.4741207e-05,2.9803322e-05,-2.6476225e-05,-2.2071717e-05,2.195285e-06,-3.5729111e-06,1.0824527e-05,1.9723642e-05,0.00039379384,1.7363904e-06,7.5046689e-06,-1.6795694e-05,3.3483023e-05,-8.7745067e-06,-4.7359165e-06,4.0502341e-05,-3.6854311e-05,-2.6001588e-05,8.4016968e-06,-2.9330213e-05,9.2599228e-06,1.0422342e-05,-5.7387623e-06,9.3004161e-05,-0.00011260652,1.8863568e-05,1.7946954e-05,-6.4226511e-06,1.1389463e-05,-6.7697681e-06,-2.2845862e-06,2.1924486e-06,3.7326301e-05,-1.4533221e-05,-9.9556897e-05,-4.6456926e-05,-7.5006158e-06,8.3866371e-06,1.5933828e-05,4.6093992e-05,2.6803622e-05,-3.0258378e-05,3.7407531e-06,3.3338626e-05,-1.6716228e-05,-8.313107e-06,3.149902e-05,-3.3351189e-06,-1.9662217e-06,-5.3127492e-05,0.00022877478,9.555518e-05,7.1048621e-05,-5.9965003e-06,-1.525572e-05,-7.7415367e-06,-1.4320087e-05,-6.0990204e-05,-3.5115579e-05,1.0884956e-05,-6.0662193e-06,-2.0646269e-06,2.9409571e-06,0.00035213156,0.0001366502,2.6465756e-05,8.3144898e-06,-9.7555875e-06,-0.00012662083,-4.05864e-05,6.2706675e-05,-4.9967403e-06,-5.5339767e-05,2.0776801e-05,5.3483123e-06,-8.3494786e-05,-1.4222801e-05,1.6087857e-07,-0.00014659661,-2.6581526e-05,-6.2324225e-05,2.0455478e-06,-6.3227049e-05,3.5493217e-06,9.0731311e-06,2.7205341e-06,-2.5443211e-05,-3.0730173e-05,-0.00010810808,-7.4945944e-05,0.0003409587,4.9094623e-05,0.0001167013,9.2231757e-05,2.6690953e-05,9.4883333e-05,8.841071e-05,1.4356305e-05,7.3963693e-05,0.00045667206,3.3306262e-05,-1.692186e-05,0.00020113034,-2.4487889e-05,7.0681537e-05,5.6637296e-05,9.1143431e-05,3.073473e-05,-1.989605e-05,1.8662781e-05,-3.5185325e-05,-0.00012443458,0.00023608743,9.3194349e-05,-0.00042063225,-0.00012702334,-0.00020288231,-0.00015158711,-7.0460291e-05,-8.8871764e-05,-6.3945046e-05,-0.00010291948,-8.7156659e-05,-0.00055571535,-1.3062077e-05,2.3930639e-05,-1.0526684e-05,-3.1213195e-05,5.5314031e-05,-2.2326779e-05,-8.0913955e-06,-6.9951017e-05,-2.3191604e-05,2.3921097e-05,0.00021243225,1.3804761e-05,-2.8957159e-05,1.2165442e-05,-0.00030360769,0.0005289771
"156",0.00027925156,-0.00037005178,-0.00032693057,0.00040043556,-0.00016544485,7.3108927e-05,0.00015687927,2.7249743e-07,-8.4818682e-06,-8.3611576e-05,5.2641863e-05,2.7685647e-05,-3.3125511e-05,6.508734e-05,-4.5980323e-05,8.9375295e-05,-6.7309149e-05,0.0001948075,-0.00032734789,8.4378325e-05,-0.00026481643,8.8959349e-05,-4.3312307e-05,-0.0003056097,-6.6687206e-05,-8.3861946e-06,-0.00024699312,-0.00018774795,2.2562503e-06,-2.2041868e-05,7.6885218e-05,8.3405607e-05,-0.00013217108,0.00024031695,-5.1516658e-05,-0.0001194628,0.00089686696,-0.00062025848,0.0008291389,5.6792022e-05,-2.1732729e-05,1.1995626e-05,2.4241256e-05,7.5015933e-05,-1.1263241e-05,-3.9920391e-06,1.043564e-05,-3.8390479e-05,-4.149461e-05,-0.00010524904,1.3426955e-08,-5.0657199e-05,-0.00014253115,-8.2651974e-06,-2.8118569e-05,-3.2850705e-05,-7.2191735e-05,-9.608766e-06,-5.3701923e-05,-6.8648975e-05,-5.1453013e-05,-2.8550893e-06,5.1076675e-06,-2.1194684e-05,4.4366302e-05,8.0603052e-05,1.1381026e-06,-1.7785655e-05,-1.918948e-05,1.0832179e-05,-0.00012505141,-1.6074807e-05,0.00017711421,0.00018989192,9.3286063e-06,4.2147611e-05,-7.336453e-06,-1.1806672e-06,-2.3027418e-05,-0.00010439012,5.5022395e-05,-4.5403824e-05,8.7588059e-05,1.5727406e-05,5.3975791e-05,-4.3488465e-05,1.3226892e-06,-0.00062319705,-0.00020888436,-8.2076818e-05,3.338622e-05,-2.7670832e-05,-1.9791821e-05,-9.0961911e-06,3.8365569e-05,-2.8964891e-06,-0.00019640215,0.00010272212,-9.1705195e-05,-0.000125681,-4.0696676e-06,2.8817229e-05,1.8750823e-05,-1.1252874e-05,6.5368491e-05,0.00010443659,0.00012090768,-3.1256144e-05,8.2653467e-05,7.1386755e-05,-9.1502399e-05,5.0872438e-05,-3.2226917e-06,0.00040620134,-0.0021758662,-0.00094880497,0.00060811062,8.3748288e-05,-3.4152455e-05,-0.00016915655,-4.6502834e-05,0.00018335581,0.00015768049,-0.00010585275,4.4289857e-06,0.00035933948,3.2553148e-06,-0.00059702387,6.8963459e-05,-5.597607e-05,-7.4799427e-05,-7.9165032e-05,0.00060239369,-0.00023488888,-0.00023137733,-0.00039366381,0.0001445532,-0.00027659023,-0.00012926356,0.0004512937,-5.292909e-05,1.410477e-06,-4.1382001e-05,4.1423916e-05,-0.00010729012,-0.00040785047,-0.00067685755,3.9003657e-05,-3.450228e-05,0.00045548238,0.00035244484,2.6570362e-05,-5.4481705e-05,8.3029516e-06,4.9094623e-05,0.0016838417,1.0470012e-06,0.00032440417,0.0003674523,8.8739549e-05,0.00022541425,-0.00020764331,-0.00031391635,-9.2863149e-05,-3.6790265e-05,-7.3170121e-05,9.976127e-05,-7.5158778e-05,0.00018473082,0.00014652435,0.00057256486,-5.1320501e-05,2.7390934e-05,-0.00025569236,-0.00042367019,-0.00024027418,0.0001757901,-4.4410703e-05,-0.00013050271,-0.0017260476,-8.1423132e-05,-0.00030806397,-0.00013345317,-0.00011361243,0.00019958495,0.00013837273,0.00038655456,-0.00011001756,1.1475892e-05,6.5410833e-05,-0.00042322604,0.00051208261,-0.00054745599,0.00018376226,4.3496811e-05,0.00025313108,0.00022199535,-0.00029419882,5.3023947e-05,-0.00044843959,0.00030839934,-5.1741075e-05,0.00040044508,-0.00040804346
"157",3.4322691e-05,-0.00019242664,-0.00022151499,0.00012522443,-8.6648594e-05,2.6790671e-05,4.2870061e-05,-0.00010353067,-2.631674e-05,5.1658063e-05,2.7103317e-05,1.5468272e-05,-5.9123996e-06,3.9043439e-06,-5.3481349e-06,-7.8971228e-05,6.0566224e-06,-2.1436664e-05,-8.3161298e-05,-3.352681e-05,0.00040218135,-1.0952532e-05,2.1515898e-05,-0.00019603588,1.1695188e-05,-1.5546599e-05,0.00021368117,-7.259546e-05,-3.8745743e-05,-0.00019337992,-6.281489e-05,4.58204e-05,0.00063510467,0.00010618142,0.00026024793,-0.0003553417,0.00036019098,-0.0011423504,0.0022215097,-1.6784774e-05,-2.5999417e-06,-5.3876772e-06,8.0619452e-06,0.00012723594,4.1279011e-05,-1.5993482e-05,-2.2564469e-05,1.1191029e-05,-1.1533514e-05,0.00015007369,1.5678545e-05,-2.0367938e-05,-3.7104692e-05,-0.00010164788,-7.2250428e-05,7.6727403e-05,3.3431189e-05,-6.3027264e-05,-9.3985647e-05,-0.00015348808,-9.7689363e-05,2.7607713e-05,-6.2277176e-06,2.4939932e-05,-1.3162285e-05,0.00012231197,4.8851429e-05,-1.7333517e-05,-9.5126557e-05,2.3053186e-05,-2.7818002e-05,3.3697328e-05,-6.1129939e-05,7.091781e-05,-2.7812109e-06,-3.35223e-05,4.5119092e-05,-0.00018297411,-6.9220264e-05,-0.00016856384,-4.2389861e-05,3.9779247e-05,6.3312561e-05,0.00011431625,1.4309593e-05,-4.1095821e-05,7.1223584e-06,0.00029427998,0.00045725866,2.7244857e-05,-1.572454e-05,8.4159536e-05,5.5970887e-05,-7.7425119e-05,9.341704e-06,2.8007703e-06,4.5133239e-05,-2.7062974e-05,7.8119086e-05,-1.8060796e-06,4.1024012e-05,2.2375549e-05,3.0155875e-05,0.00015118937,2.0434595e-05,-3.5104005e-05,-3.7220652e-05,4.9827129e-05,-9.8520901e-05,-7.0933303e-05,0.00012625574,9.633032e-06,2.6667608e-06,-0.00018174352,0.00043682837,0.00068054746,-0.00068304899,0.00013746326,9.6260096e-05,8.3048562e-05,-3.4822274e-08,-0.00016190113,-2.0466994e-05,3.5665856e-06,-6.0080701e-06,-2.706633e-05,4.113663e-05,0.00014458456,2.956268e-05,-1.5632953e-05,-4.4017674e-05,-3.2000529e-05,-0.00074717842,4.5187322e-06,0.00019624253,8.1366898e-05,-0.00022593911,0.00010345304,2.2861621e-05,-0.00032958065,-6.5303496e-05,-4.9057521e-06,7.7887106e-05,0.00021440038,-9.6107457e-05,-0.00014971444,-0.00032251059,0.00011827717,-3.9818825e-05,0.00015047571,-9.9088748e-05,-0.00011149541,-0.00022628278,-5.0882879e-05,0.0001167013,1.0470012e-06,0.0020833803,0.00093433297,-4.5025904e-06,0.00010653661,0.00013013172,-0.00010844492,-0.00015005219,0.00019672808,-1.1307251e-05,1.1968317e-05,-2.5561643e-05,-0.00041018981,5.7825974e-05,5.9486013e-05,0.00044602001,-0.00016758657,2.408352e-05,-0.00043457935,-0.00013415056,0.00042202771,0.00060745699,-6.4324907e-06,-0.00021494873,-0.00011498693,-0.0026029971,-0.0011819292,0.00011129856,-0.00016751946,-0.00018743887,-5.914889e-06,0.00034020658,-0.00052220078,2.1529612e-05,-2.5323967e-05,-0.00014390224,0.00013849576,-0.00012409363,-2.4523369e-05,-7.1206657e-05,-0.0002114187,7.407406e-05,-7.7873551e-05,-0.00029348184,-0.00032390105,0.00019745243,-9.6855966e-05,0.00061811343,-0.0016359769
"158",6.8022108e-05,-0.00033154717,-0.00017445321,0.0002832998,-0.00010234518,9.1714552e-05,8.755321e-05,-5.342665e-05,-8.3293078e-06,-3.5767618e-05,5.1173139e-05,7.3647752e-06,-4.1369737e-05,6.7465449e-05,-4.635099e-05,8.2449185e-05,-6.4775387e-05,0.00016523214,-0.00022100176,0.00014552499,-0.00034677226,-0.00012246524,-2.1930513e-05,-2.4644167e-05,3.2180841e-05,-4.729974e-05,-1.1369675e-05,-7.1434771e-05,0.00010632137,5.5670615e-05,6.2370133e-06,0.00014330392,0.00045643403,0.00016387252,5.6649891e-05,-0.00014299848,0.00067216858,-0.0010400621,0.0017262668,3.3207736e-05,-1.684093e-06,7.6915137e-05,3.4227435e-05,0.00014535395,6.7298813e-06,-3.988985e-06,-1.9507466e-05,-5.4179636e-07,-0.00012904823,7.3862348e-05,-5.2891036e-06,-5.6216219e-05,-7.6261995e-05,-8.7649857e-05,-0.00010336447,3.3714955e-05,-3.2647497e-05,-8.1632485e-05,8.7756476e-06,-0.00013937701,-5.8720988e-05,-5.0037664e-06,-4.9280935e-06,3.2052391e-07,-1.4273952e-05,0.00012209045,6.6840317e-05,5.8826387e-05,-4.163358e-06,8.823199e-06,-9.0960234e-05,2.1825502e-05,-0.00039956943,-3.652978e-05,8.3846873e-06,1.0134199e-06,1.3131886e-05,-7.1349162e-05,-0.00013310428,-0.00012922177,-6.7246136e-05,-8.1105075e-05,2.8840791e-05,5.6276129e-05,-2.2019099e-06,-1.4789212e-05,1.3026536e-05,-0.00042949218,-0.00084552611,-0.00015142143,0.00012860494,-1.8708267e-05,6.056318e-05,-6.1187932e-05,2.6785135e-05,1.1524192e-06,-0.0002062986,1.3846988e-05,0.00024290827,-9.7764441e-05,3.4992645e-05,1.6219857e-05,-3.7057108e-05,2.3698173e-05,0.00012437929,-8.6047261e-05,5.9848794e-05,4.8261081e-05,0.00012195754,7.4772037e-05,2.3909698e-05,4.9731786e-05,-3.6958566e-06,0.00044115601,-0.0013890389,-0.00032073767,0.0017647174,-0.00041517179,0.00021824791,-0.00024412318,4.6408243e-05,-5.5384253e-05,6.2998034e-05,-0.00010763065,6.8623275e-06,0.00053897409,6.738577e-07,-0.0015116971,0.00033753611,-7.9954328e-05,-7.4979455e-05,8.2598025e-05,0.00014936781,-0.00039117438,0.00024762855,-0.0001372694,1.4143256e-05,-0.00029646324,-0.00017584686,4.7172525e-05,-0.00015957687,9.2439399e-06,-0.00021504668,9.5764618e-05,-0.00027057251,-0.00035568082,-0.00030204612,1.7106749e-05,-3.4345669e-05,0.00057957847,9.5907372e-06,-0.00015352938,-0.00010130459,-5.5329958e-05,9.2231757e-05,0.00032440417,0.00093433297,0.0017770691,0.00015902123,7.9560644e-05,0.00052355791,-0.00019889418,-7.6098679e-05,0.00027538221,5.3820935e-05,7.1796855e-06,0.00024848123,-0.00028340958,7.1673262e-05,0.00028304775,0.00010497329,-2.1142603e-05,2.5867051e-05,-0.00046880653,-2.204349e-05,7.8932016e-05,0.00034905933,8.7658622e-06,-0.00014263598,-0.00026708784,-0.0011112815,-0.0021179066,-3.3494745e-05,4.6936316e-05,-0.00029676813,0.00015210177,0.00033622282,-0.00071744393,-8.2447142e-05,-2.9501487e-05,-0.00029647942,0.00035588037,-0.00037557723,0.00012370726,7.7227399e-06,-2.7714534e-06,3.193246e-06,-4.8628742e-05,0.00010455391,-0.00019971257,8.7493632e-05,8.0186042e-05,0.00056435596,-0.0010482874
"159",0.00013011949,-0.00030781959,-5.1805029e-05,0.00023595139,-2.9660594e-05,7.2287214e-05,2.8191832e-05,1.5850843e-07,-1.8634474e-05,-5.7977034e-05,3.0839232e-05,1.8688532e-05,-3.99563e-05,0.00012049754,-4.5780219e-05,8.3191203e-05,-6.5466956e-05,0.00021296686,-0.00012538519,0.00012844583,-3.8377326e-05,6.4961767e-05,-0.0001087525,0.00016989835,-3.538656e-05,6.005912e-06,-0.00017752229,-0.00020835,4.0981991e-05,-0.00025619832,0.00010148591,0.00011245303,-0.0005135481,0.00015665472,-2.2201467e-05,2.4378212e-05,0.00035551432,-0.0020869246,0.0024459506,-2.4039367e-05,6.1081787e-06,3.534009e-05,1.5348059e-05,2.9516887e-05,-2.0022671e-05,4.0933818e-06,-2.3781527e-06,8.3302916e-05,-0.00024456836,-1.4760905e-05,3.6047063e-05,-1.7197578e-05,-8.1419021e-05,3.7232585e-05,2.4506673e-05,-0.0001721157,-4.764275e-05,-7.0265739e-05,-3.271219e-05,-8.7683921e-05,2.6576314e-05,1.7083845e-05,-1.1690392e-07,4.356544e-05,6.4972332e-05,1.5466428e-05,6.4173113e-05,1.9462291e-05,-6.4423679e-06,4.7692787e-06,-6.2196977e-05,-0.00010536839,6.9434581e-05,-0.00014975811,-2.2563754e-05,3.611051e-05,-4.1780598e-06,-8.5647193e-05,-7.7154668e-05,-0.00013704025,6.663789e-05,4.222394e-05,7.7665711e-05,4.5877207e-05,5.1220578e-05,-1.4134503e-05,1.1328409e-05,-0.00033472963,-0.00037493851,-9.1359959e-05,4.1863342e-05,2.9367933e-05,5.29111e-05,1.9928722e-05,3.7639763e-05,-2.439578e-06,-0.00017062423,4.0732477e-05,-0.00022983075,-7.1156762e-06,-2.2295891e-05,1.0183222e-06,3.5399781e-05,-4.9450379e-05,-3.0703348e-05,7.6152709e-05,9.9114226e-05,-4.7900791e-05,-9.4930604e-06,-7.4078524e-06,-0.00010472646,-1.7259745e-05,-4.4812774e-06,0.00030238833,3.7024407e-06,-0.00033981851,0.00096554041,-0.00021297209,8.8689428e-05,-0.00017887667,-0.0001771251,-9.6053722e-05,-1.1232333e-05,-9.1257978e-05,1.4939785e-05,0.00030068811,5.418505e-05,-0.00035543825,0.00018349332,-4.5790944e-05,5.9821683e-06,9.4185359e-06,0.00028757375,6.6642205e-05,-0.00030714801,-4.4873204e-05,5.9768568e-05,6.2127061e-05,2.6823741e-05,0.00010145871,5.9174534e-05,-1.2168281e-06,-0.00032063392,-0.00018841959,-0.00027194545,-0.0002559426,-0.00014594295,0.0002093534,-4.8216717e-05,0.00019763081,0.00012107999,-0.00036574776,0.00069662399,-0.00016581367,2.6690953e-05,0.0003674523,-4.5025904e-06,0.00015902123,0.0030019203,-3.7047613e-05,-0.00014242597,-7.0685309e-05,3.3500208e-05,-0.00034359562,2.4029176e-05,-2.8364397e-05,0.0003923648,-2.6389019e-05,0.00026401592,0.00010428767,-0.00014468303,-0.00021204854,5.1914115e-05,-2.9395285e-05,3.2247353e-05,0.00015001285,-0.0010985901,0.00022563912,-5.8911214e-05,-8.1060283e-05,5.0690225e-05,-2.3553357e-05,-0.0035977442,0.00020489463,0.00051772092,0.00013096487,3.2075519e-05,0.0001422753,-2.3320577e-05,2.3062043e-05,-0.0002452128,0.00031719708,-0.00025947404,5.3382957e-05,4.2232314e-05,1.866462e-05,-2.8019552e-05,-0.00015569118,0.00024314321,-5.6461057e-05,0.00014399151,-9.4605567e-07,0.00024023141,0.0002581653
"160",-3.1258923e-05,-0.00017995598,-0.00016504813,9.5158215e-05,-2.0330898e-05,-3.2073936e-06,3.4542966e-05,-3.8523423e-05,1.8051181e-05,1.7934398e-05,1.6327613e-05,-1.5386303e-05,2.1124728e-06,4.3257529e-07,-2.1255185e-06,3.1066131e-05,4.2303449e-05,5.283468e-05,-6.7583493e-05,8.9472386e-07,-0.00016921453,3.239264e-05,-5.5520825e-05,-9.7705088e-05,1.8761714e-05,-6.1655816e-06,-0.00012330661,0.00010700887,3.5542737e-05,0.00025229487,3.8963326e-05,3.3992581e-05,-0.00019901179,5.5143214e-05,9.7543985e-05,-0.00012857797,0.00029564759,-0.00038210227,0.00046156359,2.0806229e-05,-9.3139064e-05,3.0994961e-06,7.1883653e-05,6.6965699e-05,4.5684098e-05,-8.6367523e-06,-6.0051587e-05,7.0815149e-05,-0.00014452906,-1.8373021e-05,-1.9676561e-05,-1.0228376e-05,-5.950207e-05,6.2706114e-05,-1.371008e-05,-2.8768436e-05,-8.9629303e-05,-5.01096e-05,3.1610658e-05,-3.1790917e-05,-3.4065133e-05,1.1425468e-05,3.1477767e-06,-1.084246e-05,0.00012920699,-5.2846936e-06,-6.1289306e-05,-3.4057499e-05,-4.7779751e-05,5.3478212e-06,0.00010882697,-0.00012592989,0.0003126239,3.7453027e-05,2.9961353e-05,-3.6033709e-05,4.0752487e-05,-8.3214248e-05,-8.4156933e-05,5.5315067e-05,-1.1282292e-05,-3.2436777e-05,3.3126007e-05,-1.526411e-05,1.7825937e-05,-3.6073459e-05,3.7659074e-06,-0.00015328508,-0.00010300501,-5.9845909e-05,8.8085578e-07,2.3896366e-06,6.0438208e-05,-3.2366022e-05,1.6962224e-05,-1.2001569e-06,-7.5618174e-05,5.1097988e-05,4.0493049e-05,-4.7460458e-05,-1.5660055e-05,3.087049e-05,-3.2132139e-05,2.037351e-05,1.7485403e-05,7.2628829e-05,1.6276035e-05,4.9308329e-05,6.7134493e-05,6.8356831e-05,3.0464598e-05,1.7265068e-05,2.2443998e-06,0.0002699078,-0.0008631174,0.00022392723,-2.6925793e-05,-7.2744949e-05,0.00017624828,4.8328062e-05,8.0916959e-05,-1.1574823e-05,-0.0001193578,-3.7236002e-05,-8.4704283e-06,0.00021266458,-7.2332295e-05,-0.00015864049,5.5026292e-05,4.2282046e-05,-7.3046509e-05,-2.0898556e-05,-9.6164953e-05,-5.9465205e-05,1.2712247e-05,-0.0002696391,-7.9452441e-05,-0.00016006651,-0.00013195923,0.00011566151,-6.5726675e-05,1.4481368e-05,2.5503647e-05,-0.0002559681,2.4943081e-05,5.4474494e-05,6.0740082e-05,-4.2169117e-05,9.5834389e-06,-0.00011415092,0.00012720008,0.00027494784,1.1400912e-05,-2.6039993e-05,9.4883333e-05,8.8739549e-05,0.00010653661,7.9560644e-05,-3.7047613e-05,0.0011756437,0.00055187315,-0.00015503932,0.00019186825,-0.00015606145,-3.4418182e-05,-1.1131998e-05,-0.00017003353,0.00029904168,9.4798955e-06,-0.00014147556,-0.00014711447,2.7334466e-05,-2.3451107e-05,0.00020885003,-0.00014856336,-0.00024314694,0.00059946888,4.6677314e-05,-0.00010338124,-0.00019776749,-0.00019014327,9.0316967e-06,0.00014700471,-0.0014041319,-0.00057774754,3.2933747e-05,-0.00014331996,0.00019402689,5.025458e-05,2.1527217e-05,-8.3366837e-05,5.5528297e-05,-4.1581368e-05,4.902406e-05,-4.7766737e-05,-0.00011336556,0.00020209324,-0.00015558736,0.00011633952,-0.00024967698,0.00019438373,5.0708372e-05,-0.00025676141,0.00019192353
"161",0.00032171311,-0.00090153196,-0.0004886441,0.00059146823,-0.00016712665,0.0001810541,0.00026903848,2.7734833e-05,-4.3155206e-05,-0.00023250392,6.3894193e-05,3.021287e-05,-0.00016200649,0.00017723048,-0.00014938899,0.00014058743,-0.00022678232,0.00049681882,-0.00073741844,0.00026333719,-0.00034523357,9.4268015e-05,-0.00019968077,-2.8396925e-05,-2.320516e-05,-5.3924973e-05,-0.00037232065,-0.00023359423,0.00024083437,0.00064870374,-0.00010131817,0.00037476895,-0.00045625929,0.00036513274,-7.7286248e-05,3.4598354e-06,0.00057454585,-0.00013822603,9.3908317e-05,5.7966106e-05,-0.00012445057,2.2260202e-05,3.3101237e-05,0.00015271576,2.0987335e-05,-5.2784815e-06,-0.00027007537,3.0246947e-05,-0.00045973237,-2.982187e-05,-5.2639259e-05,-6.9569577e-06,-6.6148441e-05,-8.5978734e-05,-0.00011546476,7.8567024e-06,-0.00010174882,-0.00016083326,-2.9559532e-05,-0.00015938159,-6.3897485e-05,-7.0911502e-07,-4.1172573e-06,-2.3154514e-05,0.00023375335,0.00012909157,6.4152483e-05,-0.00013679741,-3.190968e-05,7.4280492e-06,-6.2265071e-05,-0.00026962647,0.0009122015,0.00010028139,3.6354263e-05,-3.2556023e-05,-4.6523622e-05,7.449255e-05,-1.8391859e-05,-0.00015359079,-2.750703e-05,-0.0004696666,9.3568257e-05,3.7712866e-05,9.1878903e-05,4.4065841e-06,3.3107328e-05,-0.00095607503,-0.0014622561,-0.00020759546,0.00015600822,-0.00016850031,6.0383418e-05,6.750174e-05,3.1663628e-05,-7.2476034e-06,-0.00040535213,0.00017452624,0.00044747482,-0.00012335343,3.0559188e-05,2.8536433e-05,-8.2627445e-06,4.2303443e-05,0.00014978992,2.4527378e-05,0.00015602693,3.5574669e-05,0.00026583559,0.00010913424,-0.00021333093,5.8101368e-05,-2.7140421e-06,0.0001942115,-0.00089898408,-0.0020592958,0.0033503912,-0.00013083757,-3.8729852e-05,-0.00042094897,-0.00010938364,-0.0002197175,0.00026774143,-0.00010754743,3.6592215e-05,0.00066748634,7.5632384e-05,-0.0011021721,-0.00014096383,-0.00018605589,-4.1979968e-05,0.00026894518,0.00093456542,-0.0003704079,-0.00032416095,-7.8357266e-05,-0.00018082438,-0.00013459789,-0.00010492828,0.00039319507,7.7042967e-05,-7.1597152e-06,-3.2824938e-05,-0.00063929746,-9.3853338e-05,-0.00029604986,-0.00028420915,-7.6498294e-05,-3.3680943e-05,0.00057555684,9.4771175e-05,0.00046547585,-0.00030276004,7.3150084e-05,8.841071e-05,0.00022541425,0.00013013172,0.00052355791,-0.00014242597,0.00055187315,0.0040901615,-0.00012774773,0.00013740065,-8.2053617e-05,-4.6260898e-05,-3.1018972e-05,-0.00015055168,0.00053500966,-0.0001589133,0.0002569955,-1.0314583e-06,0.0001043999,8.2010071e-06,0.00043812691,0.00019069672,-0.00082509243,0.00066673345,-9.6290923e-05,-8.2463457e-05,0.00013435847,-0.00031425299,-0.00037431654,0.00053602372,-0.00047992564,-0.0042679843,-0.0001486314,0.00025197711,3.5309084e-05,-3.8935578e-05,-1.6791455e-05,-0.0005804425,0.00076221638,-0.00077478529,0.00020891762,0.00014571955,0.00056680807,0.00039572018,-0.0010182578,0.0012127028,-0.00096501798,0.0012077172,3.1614338e-05,-2.9038942e-05,-9.6699981e-05
"162",-0.00011388423,4.8553708e-05,-6.1877375e-05,-0.00011781195,-6.4709393e-06,-3.1170518e-05,-1.0829702e-06,7.5100562e-06,3.3809627e-05,1.3369157e-05,-1.2058396e-05,1.2203239e-05,-1.0511117e-05,-8.9209843e-06,1.7227135e-05,-1.7935917e-05,6.1657185e-05,-7.5966129e-05,5.3213526e-05,1.1593095e-06,-7.8817061e-05,1.9021763e-05,-3.855515e-05,0.00013867058,6.0060346e-05,-8.4095261e-06,9.234101e-06,5.188817e-05,5.9680115e-06,1.8596644e-05,-7.218521e-05,-4.0374387e-05,9.7899638e-06,9.1171862e-05,-2.9579056e-05,-5.0267724e-05,0.00025747123,-0.00040849362,0.00034897742,-1.2786859e-05,-2.5353884e-05,2.6620931e-05,4.1150407e-05,6.5401843e-05,-2.029418e-05,5.4751437e-06,-3.3251153e-05,7.2983556e-05,7.8685266e-05,2.9584205e-05,2.5547912e-06,-2.8690646e-06,-3.9415591e-05,-6.9824058e-05,-7.4820798e-06,-3.9094584e-05,5.3529425e-05,-2.7087144e-05,-4.5297886e-05,8.893511e-06,-3.8479596e-05,1.5057168e-05,-1.4232145e-06,-2.3419567e-05,-3.5460544e-05,-0.00011134234,-2.2943325e-05,-3.7682758e-05,5.7038083e-05,-1.8646824e-05,9.9394103e-05,-3.6986551e-05,-0.00018237772,5.452656e-05,-6.5096692e-06,1.1046932e-05,7.1994042e-05,3.7955783e-05,-7.8743253e-06,0.00011498303,3.4029961e-05,4.3883927e-05,-0.00027024953,-8.739944e-06,-3.6288147e-05,5.7726341e-06,-1.0891664e-05,0.00015277944,-9.8172876e-05,-3.520156e-05,3.8939766e-05,-7.5541073e-05,1.9873491e-06,-4.2890537e-05,4.7523383e-06,1.7537052e-06,7.005182e-05,4.5104389e-05,-3.0629956e-06,4.0130987e-05,1.4059329e-05,1.4933044e-05,-7.8887975e-05,1.1759262e-05,-2.3650483e-05,-8.4197345e-05,-2.1353346e-05,-2.0114073e-05,5.3681037e-05,3.6983258e-05,0.00013814661,-2.3146775e-05,6.1494585e-06,-0.00022355174,-0.00041966285,-0.00011837704,-3.4888835e-05,-9.4222217e-07,4.0079229e-05,-0.00012057433,0.00013619471,6.2716416e-05,6.721193e-05,7.1771916e-06,-8.921737e-06,-3.3659681e-05,-6.4174856e-05,3.7951248e-05,-0.00014207982,-5.1347279e-05,-3.3435689e-05,8.7249507e-05,5.8067544e-05,-2.1679229e-06,8.5518092e-05,-3.8087298e-05,2.0351172e-05,-0.00028898438,-0.00015539401,-9.777956e-05,8.1193302e-05,-1.9301065e-06,-3.9475703e-05,1.4722016e-05,-0.00013350749,0.00012246755,1.4550938e-05,2.3325488e-05,2.5158827e-05,-8.1876336e-05,2.396654e-05,7.6319944e-05,-0.00013869612,4.8195885e-05,1.4356305e-05,-0.00020764331,-0.00010844492,-0.00019889418,-7.0685309e-05,-0.00015503932,-0.00012774773,0.0016321234,0.00049072533,-5.6766149e-06,-0.00013332559,1.1218222e-05,0.00010197706,-6.3463014e-05,0.0002629334,-0.00012847983,0.0002912821,-7.8910348e-05,-1.8164269e-05,3.5215014e-05,-8.0687763e-05,8.596716e-05,0.00022002212,-1.3815442e-05,-7.6460546e-05,0.00014524879,5.9285143e-05,0.00023518282,0.00013696818,3.3379686e-05,2.7519343e-05,-0.0020361283,-0.00080002287,0.00017965652,0.00011258089,1.2331608e-05,8.1473773e-05,-0.0001451886,0.00017748119,5.1120877e-07,-4.6760281e-06,7.8799634e-05,0.00015443134,-3.86991e-05,6.0871804e-05,-0.00012728232,-5.3514648e-05,5.1498271e-05,-0.0002172728,0.00055528486
"163",0.00037166763,-0.0004187821,-0.00048807639,0.00032237024,-0.0001040717,4.8261002e-05,0.00018285909,6.0521635e-05,1.8140407e-06,-8.5608636e-05,3.4896644e-05,1.4571504e-05,-1.4861691e-05,2.441358e-05,-0.00010323662,6.2792376e-05,-7.8231354e-05,1.0752143e-05,-0.00045141256,0.00018918523,-0.00019333608,4.7818508e-05,-7.6348054e-05,0.00016987045,6.2967294e-05,-0.0001138996,3.0439322e-05,-2.0409429e-05,0.00010091256,-0.0002354854,-8.7990531e-06,6.4297741e-05,-0.00093833666,0.00045314693,-0.00035719409,9.6103776e-05,1.7256388e-05,-0.00018256315,0.00036603614,7.2198705e-06,-0.00010029194,-4.5305786e-05,4.7967156e-05,0.00016225485,-6.9574729e-05,2.21936e-05,-0.00014661842,3.3439358e-05,-0.00032168836,2.0777154e-05,-5.4616918e-05,-9.4688947e-06,-5.6472487e-05,-0.00010432048,-7.5744323e-05,6.0891939e-06,-8.7524921e-05,-0.00016870383,3.4511592e-05,-0.00011473275,-0.00010424405,-4.2708402e-06,-1.041148e-05,1.8233712e-05,0.00012300383,4.8720889e-05,-2.274446e-05,-0.00017060959,0.0001369735,-4.4866155e-05,0.00019732913,-1.4991012e-06,0.00045310798,-9.377318e-05,0.00010535909,-3.7642721e-05,8.0629769e-06,3.1865405e-05,-7.1951908e-05,-9.1173797e-05,0.00013435482,0.00010471975,-8.6066862e-05,4.4110458e-05,3.2029951e-05,4.9061648e-05,1.5118313e-05,-0.00043429508,-0.00067606268,-0.00013959851,7.8466068e-05,-0.00010684762,3.9647377e-06,-1.3155359e-05,-3.3181984e-05,1.5503115e-05,-0.00022134625,3.3632262e-05,-0.00022380147,-7.3428574e-05,1.9224711e-05,1.2623414e-05,-7.7044023e-05,-4.5027867e-05,7.417481e-05,-1.7758294e-05,3.8190206e-05,-0.00014677269,0.00015822048,3.3407348e-05,-5.3486637e-05,-1.1357507e-05,1.8053454e-06,-0.00014328553,-0.00074291775,-0.00056984219,0.0013377282,0.00014959436,0.00011722095,-0.00010910485,7.0101064e-05,-0.00012394357,-6.9688947e-06,6.7065717e-05,-3.0010752e-05,0.00030238847,6.0643783e-05,-0.0001612017,-0.00011546986,-4.8731897e-05,-1.8168043e-05,0.00028550955,0.00029460461,-8.8161598e-05,2.9473701e-05,6.8474706e-05,0.00030551774,-0.00018075026,-0.00019318747,0.00014053916,0.00011602581,-4.1868546e-06,-0.00019243878,-7.6587823e-05,-0.00017022009,0.00022911146,1.2219346e-05,-8.733854e-05,2.9064177e-05,0.0001758569,0.00017790385,-1.4241723e-05,-0.00017237209,-6.7166324e-07,7.3963693e-05,-0.00031391635,-0.00015005219,-7.6098679e-05,3.3500208e-05,0.00019186825,0.00013740065,0.00049072533,0.0021221738,-4.5941246e-05,-0.00017465533,-2.9878563e-06,0.00026873235,-7.5464095e-05,0.00012473968,-0.00039508909,-0.00023873681,8.5218153e-05,-7.0640383e-05,-0.00018513341,-0.00019593848,-0.00010690479,0.00064273586,4.0844724e-05,-8.410322e-05,0.0004871846,0.00031544598,0.00040354033,3.6727125e-05,-0.00019657247,0.00027543841,-0.00076907701,-0.0026462649,5.5656461e-05,0.00024925547,-8.7025897e-06,-0.00033241665,0.00042896204,-0.00055334734,0.00015011879,4.897089e-06,0.00027787863,0.00044745306,-0.000645418,0.00068345736,-0.00083689003,0.0008501771,-5.2361229e-05,-0.0004590951,0.00100502
"164",-0.00016284903,7.9314151e-05,0.0002666574,-0.00010514893,-6.26562e-05,-1.5650628e-05,-7.1343556e-05,-2.8761386e-05,1.2000257e-05,-4.4291432e-05,1.5206626e-05,-7.0879711e-06,2.5467303e-05,-1.6408575e-05,1.9154278e-05,-5.3780744e-05,3.4688364e-05,-0.00015303494,0.00016622046,2.5700405e-05,-0.00058878325,-0.00013598126,9.9835628e-05,0.00015264962,3.1280567e-05,-1.421516e-05,-7.7470578e-06,8.0907225e-05,-1.9934063e-05,-0.00051759955,0.00021572915,-5.8932058e-05,0.00093548656,0.00056093186,0.00018519511,-0.00032297249,0.0007933094,-0.0024005385,0.0032996457,2.1044051e-05,-4.4911387e-05,1.0617696e-05,-2.794665e-06,0.00010411017,1.8329141e-06,-4.9368371e-06,-4.8180936e-05,-3.14621e-05,-8.8812965e-05,0.00020669051,-4.793294e-05,-0.00010402498,-3.8981447e-05,-0.00012580996,-3.6855509e-05,1.1139765e-05,-2.0745545e-05,-5.7328638e-06,-3.031635e-05,-8.4137105e-05,-0.00035219322,-2.1440365e-05,4.3574611e-06,5.5346741e-05,-0.00016455538,9.3662881e-06,-4.6408062e-05,4.6948833e-05,-6.5124822e-06,-3.7918557e-06,-7.9789732e-05,-1.1673808e-05,2.9633108e-05,-5.3366546e-05,-1.9175476e-05,1.1146033e-05,2.1722778e-05,5.684748e-05,-1.5439143e-05,8.3975472e-05,-3.8155991e-05,-5.5013509e-05,-6.5872168e-05,-2.2038822e-05,-0.00013637905,1.2483928e-05,-1.2451776e-05,0.00015782949,-0.00066206131,2.796778e-05,2.6962052e-05,-5.1890565e-05,3.0241367e-05,-5.1566272e-05,3.6564582e-05,-3.2441469e-06,0.00015879214,4.8480117e-05,5.4413496e-05,-7.2729268e-05,2.4643127e-05,1.0858185e-05,1.6874415e-05,9.1445675e-05,0.00010270631,-0.0001046736,2.7389755e-05,0.00010262303,7.4918633e-05,4.4871938e-05,0.00011375441,2.5004227e-05,-5.0766447e-07,-0.00025197163,-0.00013410888,-0.00060338781,0.00079494799,-0.00055763685,-0.00011058278,-9.3082301e-05,2.2489232e-05,-0.00014984293,0.00020664418,-0.00010573435,9.1625816e-06,-0.00011359764,-5.8122926e-05,-0.00028850169,0.00022802215,-5.9810504e-05,-2.2358371e-05,7.8770667e-05,9.4319464e-05,-0.00039527133,-5.378743e-06,1.8314948e-05,-4.4849938e-05,-6.4956976e-05,2.1850812e-05,-0.00015757432,-4.2349793e-05,-6.2314274e-06,-0.00027477796,0.00072311744,0.00058508651,-6.4238063e-05,-0.00023516624,3.3779986e-05,-5.8191236e-06,0.00026050757,-9.1285656e-06,-0.00041909174,-0.00027482969,5.6092572e-05,0.00045667206,-9.2863149e-05,0.00019672808,0.00027538221,-0.00034359562,-0.00015606145,-8.2053617e-05,-5.6766149e-06,-4.5941246e-05,0.0026641232,0.00010823586,1.48482e-05,0.00042492268,-0.00083551019,-0.00051599446,0.00020469404,0.00042572438,7.6708069e-07,2.3440586e-07,-0.00054784023,-0.00046786482,0.00031783693,0.000570367,-9.5286377e-05,-0.0005932185,-5.2628294e-05,-0.00052305771,-0.00062216999,0.00021681206,0.00014090981,0.00012051543,0.00013269762,0.00012038415,-0.0032132638,-0.00012406477,-2.1055183e-05,1.0339092e-06,-0.0001085232,0.00014477142,-2.8700069e-05,4.9506347e-05,0.0002288049,-0.00014723714,0.00030181112,-9.9358886e-05,0.00017956601,-0.00051958399,0.00014222667,0.00020083269,-0.00043844476
"165",-0.00018730947,8.1264923e-05,0.00013567816,-9.7911558e-05,-1.5739272e-05,1.0196641e-05,-5.7616646e-05,-6.2222344e-05,8.6011616e-06,1.6410989e-06,1.0218165e-05,-2.9237537e-05,-1.1700006e-05,2.236033e-06,9.171483e-06,-2.9905315e-05,1.7907612e-05,-2.6464268e-05,0.00019626584,-5.7058997e-05,0.00012568371,-5.6392886e-05,3.3735501e-05,2.6323079e-05,-5.0020666e-05,3.6793046e-05,0.00011562345,5.3663117e-05,-4.0561998e-05,6.3032567e-05,7.4550037e-05,-2.0822525e-05,0.00013771817,-1.0186173e-05,0.00029186557,-5.7764132e-05,8.3299417e-05,-0.00038435338,0.00016062925,-1.1500906e-05,2.8009205e-05,2.9467418e-05,-1.3631203e-05,-5.048248e-05,6.6891416e-06,-3.466275e-06,-7.4938242e-06,-2.8955793e-05,1.0397566e-05,7.9608444e-05,7.7738268e-06,-4.4311137e-06,-6.8941029e-06,2.2449013e-05,-1.3340099e-05,-4.9455227e-06,9.6113688e-06,7.7401208e-06,1.7909091e-05,1.3755793e-05,2.3444923e-07,-2.1107968e-05,2.7219514e-06,3.1263858e-05,-3.9823467e-05,2.9032284e-06,-1.0997457e-06,5.7108588e-06,-7.0143545e-05,1.5017062e-05,-0.00014011117,-2.7201279e-06,0.00013103842,3.6305026e-05,-5.1752695e-05,-6.6709923e-06,-8.1418562e-05,5.0712049e-05,7.350796e-05,-3.0631568e-05,-0.00013187007,-1.0357882e-05,2.7290252e-05,-6.7712702e-05,-1.1698991e-05,-5.0186099e-06,4.8487714e-06,0.00017382759,0.00016082063,7.2944732e-05,-9.8568323e-06,-7.1231135e-06,9.1596812e-06,-1.6421943e-05,1.5128611e-05,-5.4833717e-06,0.000129523,-1.4200445e-05,-2.1915115e-05,-6.9821927e-05,6.0121683e-08,-6.6850266e-06,6.3188517e-05,1.754923e-05,-2.5679221e-05,-4.0791886e-05,-5.9833635e-06,2.2079801e-05,-6.7723399e-05,-5.0445372e-05,4.312404e-05,5.3640682e-05,-2.2516294e-06,-7.2083025e-05,0.00040188362,-7.1013188e-05,-0.00025111403,5.4274477e-05,-0.0001473339,-1.1563859e-05,-5.4300773e-05,-6.740553e-05,5.4163205e-05,-1.0242896e-05,1.0608796e-05,-0.00016781119,1.3501637e-05,0.00042163162,8.9326843e-05,4.6131995e-06,4.988212e-07,-5.9070625e-05,-4.7216743e-06,-2.0522987e-05,-1.5237479e-07,2.2824271e-05,-4.6041586e-05,0.00011832067,0.00011052836,-0.00012751723,-0.00020508883,2.3147541e-08,0.00016250712,2.1818505e-05,2.0017327e-05,3.2325493e-05,4.0288105e-05,7.6804086e-05,-1.5190322e-05,4.9218291e-05,7.0263987e-06,-4.3878084e-06,-0.00025008325,-1.6014e-05,3.3306262e-05,-3.6790265e-05,-1.1307251e-05,5.3820935e-05,2.4029176e-05,-3.4418182e-05,-4.6260898e-05,-0.00013332559,-0.00017465533,0.00010823586,0.00048542469,3.2279374e-06,-0.00024567262,4.6336151e-05,-7.8881765e-05,1.353061e-05,0.00013917799,-1.6961705e-05,6.8185067e-06,4.2069303e-05,3.3320132e-05,-0.00018273572,0.0005091993,5.4214296e-05,-4.2384501e-06,6.5625577e-05,-7.8834351e-05,-0.00020676294,5.2009321e-05,0.00012842451,-8.9658517e-05,8.2310679e-05,0.00034871048,-7.5255076e-05,-0.00058119329,-8.5801361e-06,7.4025749e-05,-0.000109991,0.00023120985,-7.1334201e-05,2.4070597e-05,1.6480552e-05,-0.00018047479,0.00021093968,-0.00010617781,0.00027857207,-0.00041451621,2.3039979e-06,6.1739227e-05,-2.7359784e-05
"166",-8.7186037e-06,2.6957491e-06,2.0667014e-05,-1.8936477e-05,3.7558403e-06,-2.1224908e-06,-8.3953728e-06,-3.06216e-06,-1.4802575e-06,4.7512756e-06,-1.1409755e-06,-2.2032572e-08,4.5815017e-06,-7.5809496e-06,5.9800929e-06,-8.1553363e-06,1.2144689e-05,-2.2969474e-05,1.6519571e-05,-1.51365e-05,-1.4821903e-05,-1.2711166e-05,1.0410645e-05,4.8060639e-06,-3.3252711e-06,1.3807712e-06,1.3752199e-05,1.490336e-05,-8.0850007e-06,1.2171796e-05,1.0982111e-06,-1.8665541e-05,5.8389085e-05,6.9602752e-06,-1.3104157e-05,-5.0504085e-06,1.5190968e-06,-2.5978291e-05,2.3667028e-05,-6.1206009e-06,5.7842023e-06,-5.7019284e-07,-5.0470887e-06,5.3733824e-07,-9.4446456e-07,9.1029553e-08,6.8618737e-06,5.8323833e-06,4.1755695e-06,7.1762793e-06,-8.3682659e-07,2.6525307e-06,8.1565106e-06,-6.4570196e-06,-1.2530863e-06,1.7392154e-06,4.4872544e-06,3.7758191e-06,-8.7188915e-07,-2.4060273e-06,3.4579879e-06,1.1573716e-06,-2.5928436e-06,4.3946981e-06,-7.5902278e-06,-1.9604343e-06,-1.7121618e-06,2.9586018e-07,3.3242484e-06,-8.54975e-07,7.9368559e-06,-2.9998099e-06,-2.1535551e-05,-8.1383233e-06,-6.7432806e-07,-2.7672756e-06,-4.8056881e-06,4.8395006e-06,4.3160235e-06,5.9376976e-06,2.4926657e-06,9.9522633e-06,-1.0529607e-05,5.940908e-06,-6.970564e-06,1.6699817e-06,2.5535603e-06,3.6061218e-05,2.8278094e-05,8.8800815e-06,-5.2326022e-06,-1.8588396e-06,-3.2413597e-06,-3.3731865e-06,-3.5323923e-07,1.7677463e-09,1.1774333e-05,-2.6808191e-06,4.7402695e-06,2.1588546e-06,-1.6257298e-07,-1.8236883e-06,-5.5309223e-07,3.7053048e-06,-7.1855643e-06,-4.0905706e-06,-2.9093225e-06,8.2852687e-06,-2.8440464e-06,-2.7773727e-06,1.028421e-05,-4.4064465e-06,1.6427306e-06,-3.5356444e-05,4.1937964e-05,3.9133327e-05,-0.0001005797,2.3642285e-07,-7.5771858e-06,1.2910722e-05,7.0106431e-06,1.0186311e-05,6.5883716e-06,-1.5834199e-06,3.77802e-07,-1.9446681e-05,-7.7877517e-06,3.040867e-05,-2.2697253e-06,4.8243379e-06,-6.9878574e-09,-1.4323535e-05,-3.9716645e-05,5.4401927e-06,5.7388178e-07,1.1111707e-05,-1.3282875e-05,1.1691898e-05,1.0043644e-05,-2.1650555e-05,6.329247e-06,8.1079953e-07,1.8842106e-05,6.9696272e-09,-5.722099e-06,1.5400061e-05,1.1319016e-05,8.1241737e-07,1.3865236e-06,-4.019549e-05,-2.7966301e-05,-2.8203573e-05,-9.0769271e-06,-1.0316477e-06,-1.692186e-05,-7.3170121e-05,1.1968317e-05,7.1796855e-06,-2.8364397e-05,-1.1131998e-05,-3.1018972e-05,1.1218222e-05,-2.9878563e-06,1.48482e-05,3.2279374e-06,1.9934806e-05,-2.4093275e-05,6.0754565e-06,1.652368e-05,2.0001604e-05,2.4601396e-05,-4.3418086e-06,1.8189302e-07,1.7262342e-05,2.7409359e-05,4.0780477e-05,4.733184e-05,2.9962789e-06,2.3515857e-05,6.7554539e-05,-1.8546677e-05,-2.4539436e-05,2.9252479e-05,1.1457407e-05,-1.3453412e-05,1.6134694e-05,-9.0536228e-06,-1.5540891e-05,-3.6222986e-06,-2.4101091e-05,1.6700385e-05,-2.4419263e-05,2.2922912e-05,-5.9673055e-06,-3.4801472e-06,-1.5882897e-06,-1.0190353e-05,3.3666268e-05,-5.7122388e-05,2.5985825e-05,-3.8388075e-05,5.2096789e-06,3.0721034e-05,-6.9627889e-05
"167",-1.9948824e-06,0.00048473184,9.9916247e-05,1.2178257e-05,0.00010172063,-2.0229807e-05,8.5591415e-05,0.00012522597,-0.00010511921,8.7767501e-05,2.9949568e-05,8.5326527e-06,3.8348974e-05,2.7687594e-05,-9.356595e-06,9.7221576e-05,0.00010483618,7.5684664e-05,0.00010321569,0.0001547699,-0.00018665956,-0.00019135854,3.3108285e-05,-5.3013497e-05,0.00029644895,-3.0534714e-05,-0.00022440661,-4.1048482e-05,0.00019102527,0.00058533494,-0.00012390462,0.00041495676,-0.00079513931,-0.00019052963,-0.00027071128,0.00024229684,-0.001458778,0.00038277504,-6.0557755e-05,-1.9655587e-05,-2.6377132e-05,2.8355654e-05,-5.567513e-05,7.7966471e-05,-4.8487365e-05,2.8224833e-06,-0.00022769818,-6.5682913e-05,-0.00010450745,0.00022307934,-3.6750453e-05,6.1605111e-05,5.4194958e-05,-3.6889707e-05,0.0001226393,0.00018608837,7.8609317e-05,-2.962725e-05,-3.2926047e-05,-7.1741492e-06,0.00011066534,5.806191e-05,1.1509342e-05,-4.7446539e-05,-5.7697411e-05,-0.00010668016,9.111094e-05,0.00036006761,0.00017826352,-2.5380207e-05,0.0002890422,-3.4776331e-05,-0.00087789894,-0.00031141624,2.8427178e-05,1.6906883e-05,3.4456116e-05,-3.1167443e-05,-0.00035755672,2.8795754e-05,5.1899687e-05,8.899668e-05,2.1462993e-05,-2.35821e-05,-0.00012770881,6.560002e-06,-1.9280838e-05,0.00026605325,-0.00080137812,-2.6499856e-05,-9.7237069e-06,-3.9779054e-05,6.0176217e-05,3.3510828e-05,-6.0240193e-05,8.5235629e-08,-9.8856287e-05,-4.6867915e-05,0.00015700377,0.00013830958,-2.8199501e-07,-1.6438758e-05,2.132883e-05,4.8754975e-05,0.00010227975,-5.2819706e-05,-5.462579e-05,4.0495052e-05,-0.00018369207,-5.8015194e-05,1.407099e-05,9.0459586e-07,3.3456505e-07,5.5263301e-08,0.0017726562,0.00062625948,0.0016319249,-0.00034175108,0.00049217487,-5.6702732e-05,0.00032693633,-0.00045337039,-0.00032436868,0.00012976588,1.6672665e-05,0.00027948287,0.00013536331,-0.00086817613,0.00015409958,-2.3171859e-05,7.2329404e-05,7.6469074e-05,-0.00032021775,5.7154088e-05,0.00028787603,0.00029784033,-0.0001076784,0.00039512337,0.00011164884,-8.9260458e-05,2.6716901e-05,-8.8101277e-06,-0.0017049738,0.000548471,-0.00017516128,-1.0119035e-05,9.7302066e-05,-0.00010072078,1.1297618e-05,0.00015523657,-0.00016808514,-0.00067306784,0.00043155098,-4.5200452e-05,0.00020113034,9.976127e-05,-2.5561643e-05,0.00024848123,0.0003923648,-0.00017003353,-0.00015055168,0.00010197706,0.00026873235,0.00042492268,-0.00024567262,-2.4093275e-05,0.0056485369,-0.0016546762,0.00057836446,0.00023011736,-1.9159724e-05,-3.9445193e-05,2.3302805e-05,0.00035843927,0.00089171776,0.0018546377,-0.002268657,-2.4097143e-05,-0.000878827,-0.0010446355,0.0011372333,-1.1381576e-05,-0.0014463799,-0.00014398623,-0.00011785873,-0.00077940217,-0.00061991131,-0.0010786596,0.00057912879,9.4121636e-05,-3.5619321e-05,2.4689064e-05,-0.00016606189,-0.00014988033,-1.6895649e-06,-0.00037758395,-0.00026178133,0.00029907067,0.00012526209,-0.00027056921,-0.00012455638,0.00010575328,-0.0001193543,0.00032251282
"168",-0.000540711,0.00031725936,-0.00014330112,-0.00031223587,0.0001528533,-0.00013051125,-4.9901662e-05,-0.00011865086,8.4314567e-05,1.4416951e-05,-0.00013803962,6.3991879e-05,8.838645e-06,7.3021857e-05,-4.2845703e-08,-8.2675822e-05,0.00012513033,-0.00017259035,-0.00012318598,-0.00011360136,0.00019294836,0.00017780445,-9.7325212e-05,0.00068760049,-0.00019687962,-1.533673e-05,-0.00046096746,0.00016559138,-0.00039051161,-0.0011279419,0.00055998358,-0.00062077083,0.0012695605,-0.00045118344,0.00029417679,-9.104734e-05,0.0007889023,0.0012675184,-0.0020474306,-7.4544913e-05,-0.00023734498,5.6574119e-05,0.00013434112,-0.00013714794,1.9769613e-05,8.1312651e-06,0.0001646441,-6.2647737e-05,0.00027215246,-0.00028150752,2.2077603e-05,0.00015495041,7.5448892e-05,-6.7561709e-05,-3.186499e-05,-0.00014670045,8.6755762e-05,0.00024585582,7.6127298e-05,0.00024354113,0.00017163263,2.6417838e-06,6.1265287e-07,-6.3950684e-05,4.8449116e-05,-1.9182731e-05,-9.305299e-05,-0.00021031389,-7.751873e-05,1.0087482e-05,3.3379454e-05,0.00044982686,0.00050516425,0.00028123265,-6.8085223e-05,3.8459555e-05,-0.00013571194,0.00014574074,0.00018440721,0.00013058709,-0.00020894569,-1.1504176e-05,-9.1533619e-05,-0.00024067704,0.00020798785,-2.5957995e-05,-7.7260851e-06,-5.0312905e-05,0.00066736865,-5.750155e-06,2.6641805e-06,7.8485164e-05,5.355613e-05,0.00015814147,-1.6439653e-05,-5.7856959e-06,5.8302194e-06,1.1021804e-05,-0.00061444459,-5.3678445e-05,3.9156828e-05,-2.7808082e-05,4.0030874e-05,-2.9263417e-05,-0.00012459725,5.9072968e-06,8.9061618e-05,9.4875971e-05,-5.4881207e-05,-2.4608534e-05,4.6371248e-05,2.3798857e-05,5.8966096e-06,-0.00033082947,-0.00094851218,-0.00050743505,-0.0011414325,0.00017187858,-0.00030837444,0.00023117602,-0.00047522947,4.234918e-05,-0.00014168419,0.00010120454,-1.0328102e-05,-6.0152747e-05,0.0001462341,0.0012191161,-0.00049464619,-0.00012979796,4.5863766e-05,2.9573512e-05,0.00022535999,5.2197616e-05,-8.4772839e-05,-0.00026379089,-0.00011205784,0.00032574825,5.5410919e-05,-0.00019655506,-4.4943462e-06,-1.368008e-05,0.00057977396,-0.0023836707,0.00033660116,0.00025582549,0.00026624305,-7.820036e-05,1.5116784e-05,-0.0007472068,-4.3544646e-05,0.00025538535,-0.00048477849,-0.00014996278,-2.4487889e-05,-7.5158778e-05,-0.00041018981,-0.00028340958,-2.6389019e-05,0.00029904168,0.00053500966,-6.3463014e-05,-7.5464095e-05,-0.00083551019,4.6336151e-05,6.0754565e-06,-0.0016546762,0.0086626069,-0.00093940859,-0.00049752507,-0.00052243243,0.00022831644,-0.00011927225,0.0006686861,-0.0007200143,-3.3642235e-06,0.0037023412,0.00013115715,-0.00023099541,0.00044889675,0.00075425237,0.00042348399,0.00051971906,-0.00075864453,-0.0015105169,0.00066705158,0.00014296767,0.0014252427,-0.00041092999,-4.2093113e-05,0.00036670219,-0.00040597497,0.00050983924,5.494379e-05,8.379452e-07,0.00035016245,0.00018074372,-0.0003127757,5.8479858e-05,7.6226403e-05,-0.00018998212,1.7184991e-06,-0.00014704967,-0.0012368929
"169",-0.00055933315,-0.00020996676,-0.00044614808,-0.00026651099,7.3312985e-06,-4.9601568e-05,7.137883e-05,-6.1291607e-05,8.4889535e-06,9.0221197e-06,3.4429834e-05,-6.5329026e-05,-2.7120717e-05,-1.0362942e-05,2.6066895e-05,5.341258e-06,-4.5460927e-05,-0.00012074523,0.00015217279,6.6255239e-05,7.7860576e-05,5.1688196e-05,-0.00011653328,5.7938264e-05,8.3598352e-05,1.579267e-05,-0.00053919879,0.00011187946,-4.842922e-05,0.00053165008,0.00057955745,-0.00022761206,-0.00098887601,0.00047980782,0.00011214967,0.00050614397,-0.0013961257,0.0011899049,-0.0057253774,1.8054875e-05,-1.6496796e-05,3.8106112e-05,0.0001287079,9.1927384e-05,-0.00014186295,1.2710768e-05,2.9835575e-05,3.4465408e-05,9.7910068e-06,-3.8069402e-05,-1.9901561e-05,1.8703502e-05,-2.0286481e-05,7.3123006e-05,-0.00010881424,-0.00013345411,-2.6814789e-05,-6.9713261e-05,-0.00015161677,-6.4081221e-05,0.00011424646,2.7769635e-06,5.2324746e-06,-5.1964266e-05,-8.0438392e-05,-0.00037177727,5.1223957e-05,0.0001739367,0.0001933256,-4.9077781e-05,-0.00021888998,-0.00012840423,-0.00021410965,0.0002883234,-1.3403744e-05,-3.573241e-05,5.1976103e-06,-0.00014047995,2.8229454e-05,0.00011839038,-2.8576249e-05,-2.6867092e-05,0.00012563446,0.0002482006,-0.00042229029,-9.2525111e-05,-9.2418732e-06,0.00038126163,-0.00022833675,0.00011069109,-4.2939292e-05,-7.9823129e-05,0.00013054861,-0.0001373368,-6.4474289e-05,1.6611851e-05,-2.2616622e-05,-0.0001201243,0.00043493941,-0.00022626586,-6.7967546e-05,-1.4748207e-05,-6.4126854e-05,-2.8532677e-05,-7.1972393e-05,-0.00015060994,-0.00015691363,5.0051329e-05,-0.00011208796,-0.00012104839,-2.8192004e-05,8.7421574e-05,7.6340282e-06,-0.00027047656,0.0018449655,0.00082030113,-0.0003324126,-0.0010768524,7.5148853e-05,-0.00012075046,0.00051238901,-0.00029723371,2.4129213e-05,0.0001112508,-3.8576987e-05,-5.0200473e-05,-7.2266003e-05,-0.00087438641,0.00050001455,4.2769864e-05,0.00011952173,-8.6475893e-05,-0.0002966759,0.00038271264,0.00055272943,0.00023959162,5.6850783e-05,0.0002426605,0.00044530293,4.1303176e-05,-7.4145951e-05,-2.2765893e-05,-0.00023943301,0.0004051696,-0.0019100635,-0.00041179881,-0.00055395232,-0.00011126147,8.9175071e-06,0.00031319489,-4.4640583e-05,-4.7716094e-05,4.5953985e-05,3.6598437e-05,7.0681537e-05,0.00018473082,5.7825974e-05,7.1673262e-05,0.00026401592,9.4798955e-06,-0.0001589133,0.0002629334,0.00012473968,-0.00051599446,-7.8881765e-05,1.652368e-05,0.00057836446,-0.00093940859,0.0068651027,0.00064667885,0.00036463819,0.00033221365,2.1753329e-05,-0.00037766966,0.00095473093,0.0013443505,-8.050362e-05,9.9458607e-05,-0.0004021228,0.00011969472,-0.00017524177,-0.00012962938,-1.1790329e-05,-0.00014414155,0.00073278181,-0.00025731323,-0.0011650113,0.0021567492,1.764007e-05,-3.5860251e-05,0.0001507366,-0.00021909095,0.00047659207,-0.00018998116,-6.596885e-05,-9.0664436e-05,-0.00018490107,0.00036367562,-0.00022016573,0.00073017892,-0.0013285311,0.00050390357,0.00033089998,-8.9761544e-05
"170",0.00032458914,-6.3577164e-05,0.0010620884,-6.1236614e-05,-6.70491e-05,6.7522906e-05,-0.00034106958,9.3321333e-05,3.5357912e-05,-3.3570476e-05,4.5280148e-05,-5.5100064e-05,2.5500243e-06,-0.00018190821,0.0002618963,-9.0291841e-05,0.00010337651,-0.00018176791,0.00017307134,-7.2476041e-05,-0.00028368454,-9.144893e-05,4.4894929e-05,7.0765138e-05,5.0325322e-05,5.4671598e-05,0.00053073904,-0.00026299726,0.00041315942,0.00059429799,-5.0394056e-05,-1.3372582e-05,-0.00094554033,0.00039101541,-0.00081256328,0.00024786482,7.5453389e-05,0.00041847445,-0.0021008793,-4.5927096e-05,4.0054218e-05,8.7451105e-05,-2.9568024e-05,-6.778995e-05,-4.9234746e-05,-7.8604087e-06,2.4324629e-05,4.2878554e-05,0.00018546505,0.00025290157,6.7839163e-06,-8.2767213e-05,3.1446365e-05,-0.00014854106,-0.00012480245,5.9304966e-05,-7.2926592e-05,0.0002122773,3.9152026e-06,-7.5110696e-05,-6.7674868e-05,-7.4729346e-05,-7.6412367e-06,-3.2849734e-05,-1.7874616e-05,7.7469462e-05,3.3315191e-05,7.4829626e-05,0.0001007325,1.6785134e-05,-5.8927201e-05,9.4316278e-05,2.972127e-05,-0.00054721591,3.6718583e-05,0.00015627368,4.6224906e-05,3.800138e-05,-5.3573167e-05,-0.00014301621,9.6403843e-05,-0.00028490098,3.302928e-05,0.00017399005,0.00015028485,8.7822634e-05,6.3115757e-06,-9.9249132e-05,-0.00037788135,-2.684767e-05,6.5145475e-05,5.2221797e-05,-5.4565655e-05,-0.00011738865,-1.712509e-05,-1.4311491e-05,2.1687485e-05,-8.379461e-05,0.00086528169,0.00018225297,-1.0747012e-05,-5.2186292e-05,6.3606257e-05,4.3365561e-05,0.00012536869,-4.5137911e-05,-0.00010279625,0.00014719982,8.2415955e-05,2.8536805e-05,-4.5780122e-05,-7.5454799e-05,-3.800092e-06,0.00035239769,-0.00069500199,-0.00021700763,-6.0467088e-05,-0.00058011911,4.7482985e-05,-6.5622549e-05,-9.6514071e-06,0.00044314049,0.00041414643,-4.2518778e-07,1.6476784e-05,8.3419375e-05,-0.00011095296,-0.0013546555,-0.00044838046,-5.9461087e-05,9.4342767e-05,-0.00015928333,8.4220463e-05,-0.00045567254,-0.00020898395,1.8290802e-05,-0.00014150676,-6.9094388e-05,0.00012335491,0.00030442462,-8.6837761e-06,-3.4555074e-06,-1.1085504e-05,0.00027084486,-0.00041411657,-0.0017660569,-0.00098099694,7.3095506e-05,-8.5075243e-06,7.6280702e-05,-0.00028162217,-0.00011150438,1.097769e-05,-1.5453725e-05,5.6637296e-05,0.00014652435,5.9486013e-05,0.00028304775,0.00010428767,-0.00014147556,0.0002569955,-0.00012847983,-0.00039508909,0.00020469404,1.353061e-05,2.0001604e-05,0.00023011736,-0.00049752507,0.00064667885,0.0062877622,0.0030924723,-6.40574e-05,-1.0580834e-06,0.00050244466,0.00089320979,0.00091534399,-0.00097725251,0.00015770638,-0.00012421377,-0.0006681189,-0.00025470152,-0.00075649248,-0.00059013488,0.00018717677,-0.0011494085,0.00056814353,0.00098701632,-0.00015766745,0.0003388891,-2.8017896e-05,5.8882089e-05,-0.00010238786,9.9950611e-05,-2.0674902e-05,3.4391811e-05,0.00016598135,-0.00032797525,0.00039070445,-0.00038815824,0.00047974831,-2.7297658e-05,6.945859e-05,0.0004586799,0.00071575687
"171",0.00024017339,-0.00014643969,0.00012414727,0.00013773135,-0.00017650437,0.00012287932,4.1909836e-05,1.8321942e-05,-9.7135032e-05,-4.1263481e-05,7.1691196e-05,-7.5606729e-05,1.465013e-05,-7.9961942e-05,8.7775489e-05,-0.00025082368,0.00011470297,2.3424985e-08,0.00013629341,-0.00020507188,0.00017893873,-0.00015098658,0.0001423276,-0.00099279272,-6.2271051e-05,4.5513976e-05,0.0011840486,0.00020980779,4.8154886e-05,0.0013674219,-0.0011293072,0.00066828255,0.0020298083,3.9447146e-05,3.3230918e-05,-4.4896423e-05,0.00032893653,-0.00065034394,0.0026024029,-4.4034135e-05,-2.8870495e-05,0.00012751363,-2.8696197e-05,-4.3969815e-05,8.2083904e-05,-3.78132e-05,0.00013136039,-7.975663e-05,0.00051340812,0.00016085715,0.00010245041,-0.00014716064,-5.7265021e-05,-0.00027287232,-0.00019824164,0.00017855785,-8.8331036e-05,-5.4433548e-05,-0.00012976751,-9.8211946e-05,-7.8601841e-05,5.5539941e-05,-1.2498248e-05,0.0001962885,-0.00031938609,0.00010191506,-2.1854776e-06,0.00027550903,-5.221301e-05,3.9882479e-05,-0.00021289582,0.00035679955,-0.0005278265,7.075395e-05,-9.5336829e-05,9.0813148e-05,-2.2859241e-05,9.6077459e-05,9.5203282e-05,-8.9635198e-05,-7.4673627e-05,-6.0802846e-05,-0.00016426416,7.2704237e-05,-5.0175125e-05,-8.7242855e-05,1.6734759e-05,0.00040573561,-8.5424496e-05,4.6825948e-05,9.039066e-05,-0.00014433959,-7.0409807e-05,-0.00022857076,7.9985616e-05,-2.3771193e-05,0.00037156841,3.9720985e-06,0.001430706,-0.00020768542,-0.00010136366,6.2630814e-05,6.579786e-05,0.00028769159,0.00011256104,-9.326673e-05,-8.5152131e-05,-4.9954067e-05,-2.5312239e-05,-1.7942278e-06,0.00019327265,8.6285143e-05,-1.512174e-05,-0.0007839929,-0.00068181939,-0.00162401,-0.00013389002,5.9342871e-06,-0.00041796081,-0.00024129518,-9.238183e-05,0.00028249672,0.0009916174,-9.7079525e-05,5.2025918e-05,-0.00029222486,0.00011394837,-0.0017860891,-0.00032846115,3.0755314e-06,-8.7471355e-05,3.2794779e-05,0.00029554487,-0.00045651031,-0.00013920761,0.00012397612,0.00014929583,0.00015899566,0.00025496164,-0.00019125026,3.0715643e-05,3.6370258e-06,0.00031935572,0.00030749551,-0.00058522706,-0.0010089487,-0.0035283405,0.0001963885,1.4393794e-07,0.00042349964,0.00015168552,0.0016369749,-0.0012774005,0.0001378825,9.1143431e-05,0.00057256486,0.00044602001,0.00010497329,-0.00014468303,-0.00014711447,-1.0314583e-06,0.0002912821,-0.00023873681,0.00042572438,0.00013917799,2.4601396e-05,-1.9159724e-05,-0.00052243243,0.00036463819,0.0030924723,0.012036843,-0.0010381434,3.5055839e-05,-0.00083695661,-0.0011794624,-0.0063106994,0.0037112091,-0.00012775761,-0.00024823583,-0.0019918198,-0.00043828788,-0.00060451608,0.00012940521,1.2512969e-05,-0.0012127849,-0.00012996967,0.00077475403,-0.00073713543,-0.00025560493,-4.9430107e-05,-0.00020474302,7.2136924e-05,-0.00018553717,2.8749556e-05,0.00012237441,0.0006815636,0.00010069994,0.00011647177,-0.00043352746,-0.0011036924,7.2904242e-05,0.00010487812,0.0010406316,-0.0045912151
"172",0.00012347659,0.00013657282,6.1594997e-05,7.8543296e-05,1.5886737e-05,3.0633732e-05,-8.2520069e-05,4.1539143e-05,1.9050959e-05,7.7913453e-05,-2.5746989e-05,1.4594188e-05,-5.321849e-05,2.8771548e-07,8.6734795e-05,-3.0006727e-05,-7.602807e-05,6.532561e-05,-9.7364649e-05,3.3893867e-05,-0.00030616751,2.0438018e-05,3.0363736e-05,0.00014867345,0.00019727504,-4.868667e-05,0.00019645867,-6.4156823e-05,-7.3193837e-05,-8.1524003e-05,0.00036629342,-2.9125844e-05,-0.0010936578,0.00046458275,-0.00069468538,0.00013367579,-0.00042757953,0.0015874523,-0.0050893337,1.4806542e-05,-3.6333549e-05,-0.00014783483,-4.130381e-05,7.1477686e-05,-3.94605e-05,3.8365825e-06,8.8255007e-07,-0.00017543763,-6.1278452e-06,4.35044e-05,-3.7184834e-05,-1.8484063e-05,8.8121129e-06,-9.0064454e-05,1.2145768e-05,-7.7501236e-05,-9.7752193e-05,-1.1287992e-05,-1.9869811e-05,6.1242208e-05,-0.00015019837,-4.4430499e-05,2.2592341e-06,-9.0740299e-06,5.0698093e-05,0.00019624509,5.1288967e-05,-3.7018281e-05,0.00014608254,-2.8640899e-05,1.488221e-05,0.00021912051,-0.00016676882,-0.00013478557,4.6084761e-05,1.9526963e-05,-5.2927576e-05,0.0001017685,-4.2041126e-05,8.6066767e-05,8.7676567e-05,4.2633456e-05,3.3823959e-05,-6.1049852e-06,0.0001540306,4.0749894e-05,-4.2110865e-06,-0.00037628849,-0.00012677594,-5.994416e-05,2.2354929e-05,-9.0233904e-05,-4.1804194e-05,3.7965186e-05,-2.9448567e-05,4.0359677e-06,-0.00012817182,-5.1354026e-05,-0.00011750773,1.1338214e-05,2.7299934e-05,-7.9353016e-06,1.1439043e-05,5.071001e-05,9.9740345e-05,-1.3117645e-06,7.878201e-05,8.1544898e-06,5.1599888e-05,8.6016796e-05,-0.00014518326,-2.2764509e-05,4.8687466e-06,0.00054286244,-8.3681659e-05,0.00041508631,-1.8063226e-05,0.00013934966,0.00017541216,7.7855609e-05,0.00020801251,0.00011373242,-0.00016074631,0.00010721577,-1.4041789e-05,0.00015093074,8.9799821e-05,-0.00013364268,8.0485553e-05,-1.3679695e-05,1.9810305e-06,-4.1951684e-05,-0.00028949069,-0.00015799415,6.7678119e-05,-0.00016858578,6.0646912e-05,-0.00011032282,-0.0001832981,0.00021342861,-3.8699592e-05,-1.8895906e-06,-8.0351377e-05,-8.4187596e-05,-9.9456534e-05,9.4713268e-05,0.00022842153,-0.00054750878,8.372999e-05,-0.00022273476,-0.00015385656,-6.8387246e-05,0.00027267074,-6.5795786e-05,3.073473e-05,-5.1320501e-05,-0.00016758657,-2.1142603e-05,-0.00021204854,2.7334466e-05,0.0001043999,-7.8910348e-05,8.5218153e-05,7.6708069e-07,-1.6961705e-05,-4.3418086e-06,-3.9445193e-05,0.00022831644,0.00033221365,-6.40574e-05,-0.0010381434,0.001970298,-0.00027325566,0.00085944222,0.00043654699,0.00042870826,-0.0011679198,4.0888814e-05,-1.2817616e-05,0.00030457234,0.00014686825,-0.00017827445,0.00042921733,-6.0047957e-05,-0.00031777867,0.00037904768,-0.00014943418,-6.8032254e-05,0.00010045577,4.1416653e-06,-9.7382299e-05,0.00010245534,-0.00012689649,5.3735934e-05,-5.954341e-05,-0.00010638765,1.5457604e-05,1.3208157e-05,-1.6856455e-05,0.00025900004,0.00012721981,-6.1427967e-05,3.2325363e-05,0.00013759122
"173",-5.0738105e-05,-1.136736e-05,-4.0130233e-06,-1.8133714e-05,1.2978795e-05,-1.2381832e-05,9.9113029e-06,-2.6585889e-05,-6.3253007e-06,-1.1449057e-05,2.015417e-06,-1.3615873e-05,8.7405628e-06,-1.1636137e-05,-1.3469662e-05,7.8378992e-06,2.0887665e-05,-2.0338796e-05,2.8837453e-05,-3.370963e-05,7.496706e-05,4.8975957e-06,-1.0030154e-06,-2.3653516e-05,-1.7201259e-05,4.8078558e-05,-9.4949241e-05,3.3158172e-05,2.9088885e-05,3.926925e-05,1.4877423e-05,6.7731232e-06,2.1410749e-05,-0.0001214453,0.00010285544,1.8514752e-05,9.4490093e-06,-9.8207832e-05,0.00021548741,1.6550499e-06,2.7557044e-05,1.581336e-05,-2.3464286e-06,-4.0437298e-05,4.3408144e-06,2.6362744e-07,1.1275565e-06,9.614906e-06,-6.342207e-06,-4.579338e-06,1.0331516e-05,5.6921271e-06,1.6406671e-05,2.764987e-05,1.8376951e-05,1.8729716e-05,1.8807317e-05,2.4270165e-05,5.0229544e-06,-8.50557e-06,3.6846937e-05,6.1245022e-06,1.6736686e-07,-2.0568479e-07,-1.9566525e-05,-4.7503977e-05,9.903955e-06,3.6377713e-05,-3.1311506e-05,6.5310109e-06,6.8170554e-06,1.4650418e-06,1.129517e-05,-8.2496297e-06,-9.0942192e-06,2.0927077e-06,7.3400553e-07,-1.5482403e-05,9.1435038e-07,-9.2987708e-06,-1.6087618e-05,-3.1882754e-05,4.1211562e-06,2.3033588e-05,-1.1709492e-06,-6.3683242e-06,2.8543118e-07,6.2737966e-05,8.6155252e-05,8.9919767e-06,-1.1311811e-05,2.5011062e-05,-7.6995964e-06,-8.1789195e-06,4.6565731e-06,-3.2325986e-06,-4.0451067e-06,-7.3366175e-06,-7.8907551e-05,3.1933273e-05,-8.2131475e-06,1.3037052e-06,8.112823e-06,-8.9888699e-06,-1.6100717e-05,1.3362964e-06,-1.3641836e-05,2.4270658e-05,-2.2961358e-05,-2.5628093e-05,1.9423721e-05,-6.1734704e-07,-1.5689086e-06,-4.1980431e-05,-1.0167026e-05,-6.5447151e-05,-0.00010203336,-2.0690402e-05,-1.5324104e-05,-8.6308739e-06,-5.876692e-05,3.4100993e-06,4.3786117e-05,-1.0844644e-05,5.4604931e-06,3.7439087e-05,1.4394943e-05,9.9301703e-05,-5.8420044e-05,6.9843487e-06,-2.7591407e-06,-1.6643702e-05,5.0463117e-05,1.8585369e-05,-2.9319412e-05,1.6443354e-05,-5.7078172e-05,3.9524401e-05,5.2610205e-05,-2.7226324e-05,7.4584596e-06,1.6305462e-06,7.5270354e-06,1.3098015e-05,4.2324102e-06,-1.4127166e-05,-4.052051e-07,8.4221545e-05,-3.4197514e-05,-4.1874153e-06,-2.5112766e-05,6.223711e-05,9.0740128e-05,1.6425069e-05,-1.989605e-05,2.7390934e-05,2.408352e-05,2.5867051e-05,5.1914115e-05,-2.3451107e-05,8.2010071e-06,-1.8164269e-05,-7.0640383e-05,2.3440586e-07,6.8185067e-06,1.8189302e-07,2.3302805e-05,-0.00011927225,2.1753329e-05,-1.0580834e-06,3.5055839e-05,-0.00027325566,0.00011046857,6.8840241e-05,0.00010816487,-0.00030890443,-0.00036292917,1.8734712e-05,2.6978989e-05,-7.4913175e-05,-2.0440367e-05,-7.7809957e-05,-0.00015706795,5.4300737e-05,-5.263246e-05,3.3504161e-05,4.1762413e-05,-2.8852685e-05,-1.9751871e-05,2.7557398e-06,2.9919317e-05,-3.1812886e-05,4.9154229e-05,-1.6138686e-05,1.1154553e-05,1.5583993e-05,-3.5526197e-05,2.3691614e-05,-3.442463e-05,2.9144145e-05,-4.8327225e-05,-1.6125479e-05,3.1993353e-05,0.00012166434
"174",0.00013533034,0.00026248786,0.00025957751,0.00013051191,0.0001517913,-7.7417953e-05,3.718345e-05,9.3465108e-06,-6.8088654e-05,0.00030663063,-1.5145705e-05,2.6156915e-05,9.805531e-05,-0.00012830495,-3.9972498e-05,7.9030127e-05,-3.7432374e-05,0.00033629414,-0.00035916099,-2.5830686e-05,-0.00037214663,7.3734588e-05,-0.00019579334,0.00014945139,-4.2476315e-05,0.00033944429,-0.00043211506,1.7519551e-05,0.00033385788,-0.00012157275,-0.00099711145,0.00044370938,0.0010756381,-0.00011351263,-0.00062574092,0.00076137179,-0.0024210315,0.0021333819,-0.0076857862,-0.00015570028,7.0806224e-05,5.8166275e-05,-1.1015996e-05,0.00010371311,4.3659278e-06,-3.813488e-06,-0.00023499385,-0.00022100442,0.00010741867,9.2673996e-05,-1.0005879e-05,0.00011625645,8.8115402e-06,-0.00018932278,-0.00011392844,6.5937204e-05,0.0001105298,-3.2312877e-05,7.9142387e-05,0.00030510094,0.0001192817,-3.4115452e-05,-3.3661094e-06,1.0154827e-05,0.00012605849,-0.00031232617,-3.1850585e-05,-0.00015848899,1.4057752e-05,1.5004317e-05,0.00027595353,0.00046188712,0.00078580259,-0.00036884107,8.4775955e-05,1.3371694e-05,0.00017407968,0.00025587625,4.96998e-05,4.43844e-05,-0.00023343256,-3.9184098e-05,-3.0272111e-05,-0.00032461097,0.00031526746,-3.3363784e-05,3.5726331e-06,0.00012538331,0.00028471654,0.00010520898,-6.2594089e-05,-9.2438709e-05,3.4707933e-05,0.00024117539,-3.8163158e-05,-2.075899e-05,2.0318878e-05,-0.00022453907,0.00014084752,0.0002548236,-9.7217164e-05,-5.8346583e-05,-6.1603148e-05,0.00013786498,-0.00010323546,-9.0612292e-07,-3.5135045e-05,-0.00018184852,2.591113e-05,2.7865138e-06,-0.00020020855,-4.0594408e-05,5.9140394e-06,-0.00010751305,0.0031952865,0.0018673624,-0.00038238683,-0.0012180508,0.00018179491,0.00032778671,0.00022797037,-0.00048519906,-0.00057577528,4.2016595e-05,5.6975263e-05,0.00032973409,0.00027583253,0.00027488961,-3.142968e-05,0.00024345852,0.00014445708,-0.00014088862,-0.0012126489,0.0005900925,0.00040309315,0.00051176679,0.00017284288,0.00049893877,0.00034008647,-7.5920883e-05,-0.00011026247,-1.5817416e-05,0.00016302485,-0.00077683323,0.00031363439,0.00011291787,0.0004229712,-0.00020105344,-1.051296e-05,-0.0026989596,-0.00081225562,0.00048673029,0.0006827736,-0.00016220038,1.8662781e-05,-0.00025569236,-0.00043457935,-0.00046880653,-2.9395285e-05,0.00020885003,0.00043812691,3.5215014e-05,-0.00018513341,-0.00054784023,4.2069303e-05,1.7262342e-05,0.00035843927,0.0006686861,-0.00037766966,0.00050244466,-0.00083695661,0.00085944222,6.8840241e-05,0.010126877,0.003068205,-0.00019363362,-0.0031769675,0.00054012405,-0.00040026275,0.00048159025,0.0014492075,0.00093076372,-0.00036590312,0.00023023314,2.38429e-05,-0.00063798283,0.00047065489,0.00039995638,-0.00011830598,1.927724e-05,5.6028264e-05,7.6517523e-06,-0.00011037815,-9.1152361e-05,-0.00014854465,-0.00073774169,0.0003440161,-0.00044922769,0.00044586643,-0.00041914886,0.0010952475,0.00012098818,-0.00071588336,0.0027738009
"175",-0.00058737905,0.00032493293,0.0010773928,-0.00061953045,0.00023251648,-5.9991752e-05,-0.00037639201,0.00038928841,-0.00011588549,0.00014793295,0.0001581372,-2.9689772e-05,5.0790889e-05,-0.00011941741,0.00014040626,-3.4590045e-05,-3.0373828e-05,0.00011330661,0.00043382848,0.0002309692,-9.5916819e-05,-0.00013563975,5.9541885e-05,-0.00082080342,0.00019114262,0.00011620865,-0.0006272676,-0.00025463138,0.00090131268,0.0020801711,-0.00022258831,0.00012180196,-0.0027973916,0.00046033785,-0.0007363834,0.00096764416,-0.0031137481,0.0022020904,-0.0078590571,1.0855872e-05,0.00014045873,4.1274029e-05,9.9652738e-07,-0.00017839911,-0.00017806698,8.9766834e-06,-0.00017555591,0.00032437375,-3.9291013e-05,0.00029089872,-6.8022693e-06,0.0001652311,0.00014202151,-0.0001266249,0.00012752394,-0.00018071559,-0.00019016506,6.421732e-06,-0.00010349536,0.00016031619,0.00027827948,-5.7530339e-05,-1.6737543e-05,-0.00023483514,0.00023059433,-0.00014689617,9.9784485e-05,0.00052268121,0.00024089948,9.6573287e-07,0.00035090574,-0.0012830605,0.00051563562,-0.00070018282,-1.3496257e-05,-0.00020846953,-0.00011730536,-7.9737719e-06,-0.00027550106,0.00012306676,0.0002193739,0.00010360316,0.0004924512,-0.00022185888,-0.00023720983,6.259804e-05,2.7769543e-05,0.001007952,-0.00093583804,0.00017007627,-3.8502126e-05,-0.00012460202,-3.837225e-05,3.0011624e-05,-7.1873909e-05,-1.1965102e-05,8.1565146e-05,-0.00026000871,0.00019755053,0.00038173636,-5.6875325e-05,-4.6458663e-05,-0.00014360106,3.3118267e-05,-4.5005757e-05,-0.00021719678,-0.00039689469,-8.2628868e-05,-0.00026514321,-0.00020067207,1.1616877e-05,2.2377211e-05,-5.0945751e-06,-0.0010796732,0.0068050539,0.0012016228,0.0012016051,-0.0020447694,0.00010587091,0.00019300575,0.00015735095,-0.00092216741,-8.2486473e-05,0.00015407271,6.056338e-05,-4.1308141e-05,0.0015945567,0.00085890174,-0.00024006597,-3.9681314e-05,0.00021345445,9.746466e-05,-0.0011514647,0.00051256517,0.00041467495,0.0015095404,8.2879776e-05,0.0014095386,0.00081335629,-0.00067069458,0.00012016528,-2.0089939e-05,-0.00017622983,-7.5721121e-05,-4.5231852e-05,-0.00027007988,0.00018035702,-0.00014788463,-2.631733e-05,-0.00085475673,-0.0030028417,-0.00010501031,0.00053595382,-0.00012862742,-3.5185325e-05,-0.00042367019,-0.00013415056,-2.204349e-05,3.2247353e-05,-0.00014856336,0.00019069672,-8.0687763e-05,-0.00019593848,-0.00046786482,3.3320132e-05,2.7409359e-05,0.00089171776,-0.0007200143,0.00095473093,0.00089320979,-0.0011794624,0.00043654699,0.00010816487,0.003068205,0.013783105,0.00069783852,-0.0032976074,0.00060538208,-4.7240208e-05,0.0021078054,0.00074271144,0.00011806326,-0.00094675194,0.00078324411,-0.00011597485,-5.5291778e-05,0.00060620562,0.0015865165,-8.6450944e-06,-8.6313228e-05,0.00068046357,-0.00098153974,0.001481427,-0.00057375857,7.3309454e-05,-0.00040117442,-0.00059523973,0.00065985088,6.8295451e-05,0.0014556229,-0.0012620894,0.00074658265,-0.00061119362,0.0044492196
"176",-0.0016051147,0.0011593519,-0.00061078889,0.00019759468,0.00035375951,-0.00044836061,0.00039650571,-0.00015158112,0.00024426232,4.0938297e-05,-0.00017231112,9.8336509e-05,-0.00016758076,-0.00028374842,8.4308463e-05,8.7852281e-05,-0.00018260278,0.00030467142,0.00047676773,-0.00023858506,-0.0010065606,2.9396796e-06,2.0125836e-05,0.000951763,0.0011826789,0.00056311855,-0.0033670277,-0.00016997247,1.8735898e-05,-0.0014858907,0.00053809392,-6.3085133e-05,0.00090008775,-0.0013791518,0.0022588744,-0.0010401828,0.0036716671,-0.00079608422,0.0036195547,-0.00027036731,-0.000254075,0.00066581551,0.00048912878,0.00044638209,-0.00012292537,3.9366631e-05,-0.00034416928,-0.00052660291,-8.8097811e-06,0.00067448833,1.9488394e-05,0.00043332859,0.00028999247,4.1359495e-05,0.00017028814,0.00017111804,0.0006034916,0.00059944642,-0.00018035988,7.2499205e-05,0.00057699632,-0.00010716858,-1.1790711e-05,-0.00010452974,0.00082054577,-0.00086042302,-0.00069194776,-0.0011955964,0.00015337873,-6.1807962e-05,0.0007451499,0.00085421805,-0.067317663,-0.00055387117,-0.00020219598,-0.0010282128,-0.00052256808,0.0003071192,0.00028235385,3.0681255e-05,-0.0010023757,-0.00044525053,0.00035820956,-0.00022868302,-0.0005294875,2.8057967e-05,5.0497489e-05,-0.0013734161,0.00057878104,0.00020169298,-0.00032603849,0.00054670382,0.00064118551,0.00065510302,-6.5760768e-06,-2.0856382e-05,-0.00043364154,-8.0466673e-05,0.0084427603,-2.8143831e-05,4.8036113e-05,0.00048380475,-7.5711382e-06,-0.00043732472,-0.00012863632,7.6052672e-05,0.00039065792,0.0001930111,0.00029268298,0.00057681004,0.00023006319,0.00012977758,2.2173477e-06,0.0035561596,-0.0075873621,0.0033479424,-0.002409566,-0.00041819207,0.00036058552,0.00067038899,0.00027465783,0.00053205521,-0.002521437,-0.00043669858,-3.6679048e-05,0.0011595706,-5.8444173e-05,-0.0046622945,0.00059084529,0.00031551639,-0.0012540827,-0.000274163,-0.00044731502,0.00045331674,0.000670595,-0.0021451175,0.00011486464,-0.0022215699,-0.002139418,0.00076691023,-0.0010799459,8.2847157e-05,-0.00043418256,0.00056689424,0.00022285019,-0.00027047013,0.0013688215,3.160164e-05,0.00010654329,0.00016538525,0.00010511994,-0.073881287,0.00082951227,-0.00015885284,-0.00012443458,-0.00024027418,0.00042202771,7.8932016e-05,0.00015001285,-0.00024314694,-0.00082509243,8.596716e-05,-0.00010690479,0.00031783693,-0.00018273572,4.0780477e-05,0.0018546377,-3.3642235e-06,0.0013443505,0.00091534399,-0.0063106994,0.00042870826,-0.00030890443,-0.00019363362,0.00069783852,0.23960666,-0.0042880771,0.00021453499,-0.0013425384,0.0002370277,-0.0010774128,0.00089650442,-0.0023989297,0.00094032788,0.0022507715,-0.00070107596,-0.0025325054,-0.0028545256,0.00017147582,-8.4106527e-05,-2.4994657e-05,-1.069066e-05,-6.3971189e-05,0.00037199089,-0.00043812262,-0.0014386033,-0.00065990282,0.00080649253,0.00032850011,0.001950958,-0.0011313483,0.00015510406,-0.0019083975,0.0064413259
"177",7.8835105e-05,-0.00073136543,-0.0014122075,0.00053642366,-0.00050130845,7.5647493e-05,0.00059630328,0.00011861762,-0.0001396327,-0.00017758922,0.00010474,5.1293825e-05,1.6435807e-05,0.00018277827,-0.00036619526,-6.9157879e-05,-2.7472862e-05,-0.00052284594,9.6572757e-06,-4.0873881e-05,-0.0014573641,-0.00013625517,-4.2278247e-05,0.00058304708,-0.00027101654,-0.00023692064,-0.00082108508,0.00079931982,-0.0008893935,-0.00038072813,-0.00023911212,-0.00053421568,0.0059828381,0.00090124337,0.0011762837,-0.0010672055,0.0027310672,-0.0024046233,0.0048529276,8.6588404e-05,-0.00029076118,7.1452898e-05,0.00024793199,0.00047923701,8.6615206e-05,-1.7233939e-05,-7.5390159e-06,0.00017078976,0.00041509522,-0.00073441809,-5.3625222e-05,-0.0001520907,0.00010212478,-0.00028721676,-0.00048849055,-0.00012946368,-5.979064e-05,-4.9318471e-05,-0.00011811627,-1.0738753e-05,-0.00061602036,-7.7200801e-05,-3.3592102e-05,-0.00011693336,0.00021767928,0.00023863899,-0.00027641584,-0.00017769046,-0.00024178306,-1.9073022e-06,-0.000245175,-0.0004846532,0.002444405,0.0021429032,-0.00011427252,-4.7062337e-06,-0.00038365596,-0.00012048354,0.000265736,0.00014209299,-0.00022569213,2.1458287e-05,-0.00036660948,-0.00051610405,0.00016900048,-0.00015633995,3.8628913e-05,0.00031495523,-0.00030336825,-7.2304551e-05,-4.3020132e-05,-0.00031436565,8.5357393e-05,-0.00047952944,7.0192458e-05,3.7148479e-05,0.00042174681,0.00031217492,0.0023041013,-0.0014435631,0.00011819241,0.00010834136,0.00017373518,0.00018378167,-2.3422548e-05,-5.3241832e-05,-4.9230576e-05,2.1396156e-05,5.2778639e-05,0.00013318636,0.0003595648,7.0661433e-05,-3.4362433e-06,-0.0016998747,-0.001476696,-0.001517026,-0.0010508814,-0.0011667713,-0.00034055851,-0.00018564405,1.5575999e-05,-0.00040652161,0.00047575375,-0.00014757954,-3.4740799e-05,-0.00056193574,-0.00049377986,-0.0010415761,0.0015443546,-0.0002618871,-9.9502105e-05,-0.00018781634,0.00049664156,-0.00034115957,-0.00013822131,1.056123e-05,0.00020713054,0.00021867083,0.00023020002,-0.00048961478,0.00016602113,-5.2707521e-06,0.000627264,-0.00064752703,-2.4652698e-05,-4.5637523e-05,-0.0015884299,0.00030866389,0.00010139931,0.00095374455,0.00062019565,0.002225798,-0.0076730688,9.6850291e-05,0.00023608743,0.0001757901,0.00060745699,0.00034905933,-0.0010985901,0.00059946888,0.00066673345,0.00022002212,0.00064273586,0.000570367,0.0005091993,4.733184e-05,-0.002268657,0.0037023412,-8.050362e-05,-0.00097725251,0.0037112091,-0.0011679198,-0.00036292917,-0.0031769675,-0.0032976074,-0.0042880771,0.034458699,-0.00060287296,-1.7943332e-06,-0.0013139362,-0.00036289408,0.0016781518,0.004849275,-0.0014044621,-0.0012005257,-0.0013452232,-0.00070897186,-0.00020178537,-0.0021106637,-5.1783521e-05,-0.00074981984,0.00079919044,-0.0010746574,0.00024309113,3.5358481e-05,0.0010179964,0.00060308037,-0.00014857064,0.0008449147,-0.00063703829,-0.0016201133,0.00083784868,-0.00064384376,-0.0052698763
"178",-4.9414916e-05,3.0096861e-05,0.00010171619,-0.00010795392,-1.0874864e-05,-2.5023826e-05,-8.673513e-05,-4.3001039e-05,5.226891e-05,5.9990161e-05,9.3672692e-06,-2.2601119e-05,2.5228267e-05,-8.9973389e-05,6.4740886e-05,6.7324112e-05,1.108714e-05,9.5035354e-05,-4.2468709e-05,-2.4482424e-05,-0.00021229585,4.1692625e-05,-3.5615424e-05,7.0798368e-05,-9.665672e-05,0.00023975366,-0.00039822289,-9.238638e-06,0.00021147916,-8.6563964e-05,-0.00012175296,3.9724385e-05,0.00034569619,6.0615389e-05,-0.00028777751,0.00017823452,-0.00023487648,0.00082527116,-0.0035812087,-6.3383192e-05,-5.5718031e-06,-5.0212972e-05,5.4263231e-06,0.00014605215,-3.6804608e-05,1.3098297e-05,1.5204839e-05,-2.4982106e-05,-0.00014565723,1.151348e-06,1.1384663e-05,3.219303e-05,-5.3160026e-05,-2.7245722e-05,3.5973755e-05,-9.2699735e-05,7.8389509e-06,-1.1904984e-05,5.9911748e-06,7.0372131e-05,6.3419048e-05,-2.9270835e-05,2.2802847e-06,5.0705117e-05,-2.0134346e-05,3.1421874e-05,2.1631507e-05,-0.00018369306,5.2741496e-05,-1.5081716e-05,-6.0875064e-06,2.3383354e-05,-2.9277124e-05,-0.00011108292,4.0792548e-05,-2.1444479e-05,2.3456455e-05,8.4219898e-05,1.5315959e-05,4.8988041e-05,-6.5238737e-06,1.7048241e-05,3.0624548e-08,-0.00010030671,3.6805376e-05,3.9214761e-05,1.1555941e-06,2.084012e-05,0.00017418354,1.2329942e-05,-1.3382229e-05,-3.3579601e-06,-3.7601451e-05,-0.00015238023,-2.7575373e-06,-2.0832808e-06,-8.3170013e-05,-6.1246682e-05,-0.0002323799,6.3633676e-05,-5.4694954e-05,-1.6670304e-06,4.4772672e-05,-1.5259053e-05,1.6506174e-05,7.915229e-05,-1.3691757e-06,-2.5208414e-05,2.4413366e-05,-9.9647946e-05,-3.0136815e-05,4.769687e-06,-5.6684004e-06,0.00044023504,-0.0007201162,0.0010980819,-0.00055012251,-0.00016725441,0.00018702868,-1.1302297e-05,8.313545e-05,0.00018916595,2.3333001e-06,-8.1957883e-05,4.0456666e-06,0.00024385726,-0.00013369152,-0.00040167219,9.5013462e-05,0.00023840555,-1.1346659e-05,-0.0002462557,-0.00048847134,1.5079036e-05,0.00017259012,-9.5477758e-05,-1.2650188e-05,-0.00020721596,4.760431e-05,0.00012208694,-0.00016813452,2.0986253e-05,-4.2108896e-05,-0.00010623401,2.3277848e-06,5.3236113e-06,0.00014586565,-2.8424837e-05,1.3437214e-05,-6.5707189e-05,-8.839233e-05,-0.00019732119,6.3338798e-05,-0.00043909975,9.3194349e-05,-4.4410703e-05,-6.4324907e-06,8.7658622e-06,0.00022563912,4.6677314e-05,-9.6290923e-05,-1.3815442e-05,4.0844724e-05,-9.5286377e-05,5.4214296e-05,2.9962789e-06,-2.4097143e-05,0.00013115715,9.9458607e-05,0.00015770638,-0.00012775761,4.0888814e-05,1.8734712e-05,0.00054012405,0.00060538208,0.00021453499,-0.00060287296,0.0015396027,-0.0003444964,0.00025126072,1.1718001e-05,-0.00025904514,-0.00038733166,0.00014268469,4.7552795e-05,7.5943917e-05,0.00014488948,3.4115909e-05,-0.00010292749,-7.533721e-07,7.1813408e-05,-9.4401704e-05,0.0002297752,2.6647759e-05,-0.00010075564,-0.00047692012,1.2185828e-05,-7.8908406e-05,0.00034159036,2.8602863e-05,0.00021496217,1.3999335e-06,-0.00058419642,0.0020907988
"179",3.4614043e-05,-3.9447146e-05,-2.3118847e-05,-3.1919264e-05,2.2112555e-05,6.3740546e-07,-1.1110548e-05,2.505725e-06,-2.9676834e-06,-4.8193134e-05,-1.6829401e-05,1.2885998e-07,-1.2309212e-05,-1.6463745e-05,-8.3656453e-06,-1.2682804e-05,-1.5993523e-05,-6.3199811e-05,7.7983023e-06,3.4417642e-06,0.00026756419,6.3052688e-05,-5.3043566e-05,4.8899495e-05,-9.1797276e-06,-0.00010153411,1.8442826e-05,-8.102381e-05,-7.3642753e-05,0.00012103736,-0.00019618381,-8.7290696e-05,-0.0004525744,-4.5665456e-05,-0.00011752501,4.5695823e-05,-3.3504566e-05,0.00064995135,-0.0020931422,0.00010404921,0.00016928583,1.5237151e-06,-6.7943111e-05,-0.0001633336,-1.331197e-05,5.1355327e-06,0.00015394154,0.00022426059,0.00028130447,-0.00012820459,4.5918262e-05,-0.00019089441,8.433408e-05,8.3340648e-05,3.1364127e-05,-3.0160261e-05,-2.8768248e-05,1.2866453e-05,3.9293551e-05,-1.2876496e-05,-0.00011871849,-1.167457e-05,-7.9545983e-07,-5.0676079e-05,6.3951884e-05,-5.8034223e-05,0.00013302523,0.00012613249,2.0027259e-06,-3.3069635e-08,-2.422392e-05,-0.00027971855,-0.0010984573,0.00020335797,-2.6322346e-05,0.00010574718,-7.7841318e-05,3.7012794e-05,7.7384575e-05,-1.7997457e-05,3.3776847e-05,9.0081415e-06,-4.9977502e-05,-1.5655113e-05,0.00012296602,-3.1591517e-06,8.3012217e-06,-4.469675e-05,3.5180491e-05,-1.8311244e-05,-3.0647109e-05,3.5082881e-05,-6.4735736e-05,6.2573945e-05,4.2187142e-06,-1.4026538e-06,-5.3186843e-05,3.2705126e-05,0.00030615433,5.2192246e-05,5.0465215e-06,-3.2132399e-05,-4.5385896e-06,-6.6655426e-05,-2.9030649e-05,-4.8391484e-06,1.3118349e-05,-1.4497481e-05,3.127117e-05,-1.0991191e-05,-1.0032339e-05,-3.3510606e-05,3.8578863e-06,-3.654277e-05,-0.00018122915,-0.0004576384,-1.395698e-05,0.00020691383,-3.3647807e-05,9.9956449e-06,-6.9628784e-05,0.00014817514,9.573866e-05,1.149258e-05,3.6600163e-06,-2.6118302e-05,-1.611038e-05,-0.00073225527,-0.00018475012,-2.7511033e-05,3.4239804e-05,4.8037427e-06,0.0003218694,-2.240978e-05,-0.00012058541,-3.009491e-05,3.8151955e-05,-3.9760046e-05,8.8835109e-06,8.5721198e-05,7.1493706e-05,-8.7757017e-06,0.00018258937,-2.3992356e-05,7.2748286e-05,7.2657829e-05,0.00012112996,2.3837264e-05,-1.8779853e-05,-2.49996e-05,-6.2182632e-05,-3.0025577e-05,0.00016901897,7.9186235e-05,-0.00042063225,-0.00013050271,-0.00021494873,-0.00014263598,-5.8911214e-05,-0.00010338124,-8.2463457e-05,-7.6460546e-05,-8.410322e-05,-0.0005932185,-4.2384501e-06,2.3515857e-05,-0.000878827,-0.00023099541,-0.0004021228,-0.00012421377,-0.00024823583,-1.2817616e-05,2.6978989e-05,-0.00040026275,-4.7240208e-05,-0.0013425384,-1.7943332e-06,-0.0003444964,0.0017960876,0.00035142169,0.0002740851,0.00019432114,0.00046212045,0.00035188948,0.00016513312,1.0347929e-05,0.00022282817,0.0023599213,7.6756145e-05,-6.4566081e-05,7.2502159e-05,-1.1796107e-05,-2.6543683e-05,1.1742227e-05,5.6702687e-05,0.00023407803,-7.464458e-05,5.4581914e-05,-0.00021212913,0.00030251503,-0.00022688538,-6.3642268e-05,0.00021997361,-0.00070473789
"180",-0.00010503199,-0.00018030063,-0.00015187065,5.0819161e-06,7.8785353e-05,-3.3605246e-06,5.0314018e-05,1.1234199e-05,-1.3585693e-05,1.9717184e-05,-4.3098235e-05,-5.5113241e-05,4.7692671e-05,3.6945938e-06,-7.1600405e-05,1.1569189e-05,-0.00012930079,0.00022195051,-5.1416395e-05,0.00015142525,6.6482675e-05,4.7811983e-05,-8.4842262e-06,0.00032040461,-0.00027307313,2.594788e-05,-0.00057153423,9.2058517e-05,0.0001110887,-0.0011342246,0.00015719092,-9.7891187e-05,-0.0016453654,-3.8253051e-06,8.3943287e-05,-1.778436e-07,-0.00048937586,0.0006773563,-0.0039130502,-5.2839255e-06,3.2537841e-05,-4.5177531e-05,9.6381024e-05,-2.9039112e-05,1.7597692e-06,1.4963897e-05,6.8510409e-06,0.00018294293,-0.00018227713,0.00011240429,-6.4079793e-05,7.2944588e-05,-1.3260868e-05,0.00014452017,9.9080802e-05,-3.5585892e-05,3.8976405e-05,-5.1172468e-05,0.00012080019,4.8475168e-06,-6.2890053e-05,2.5524699e-05,-2.1659911e-06,7.58691e-06,-0.00011144833,3.3511045e-05,-5.6437428e-05,-7.0314469e-05,-2.6486248e-05,-1.5641221e-06,0.00015138185,-0.00021001523,0.0002627646,-0.00040286619,4.3625029e-05,-6.5406599e-05,-3.1534589e-05,-0.00011875518,-3.812525e-05,-0.00014399849,2.0856429e-05,5.1133903e-05,-0.00014831051,-8.3020828e-05,9.2948766e-05,1.5657878e-05,2.6331541e-05,6.6400716e-05,-0.00025446045,5.8105153e-05,1.42805e-05,-5.9947095e-05,7.7551391e-05,5.9963125e-05,-4.2670101e-06,7.8019146e-06,-4.893412e-05,-0.00016387232,0.00020043093,0.00011931943,3.1725458e-05,-1.7410276e-05,-6.1171825e-05,-5.8765828e-05,-8.0818732e-05,-3.8118676e-05,4.6809954e-05,-4.0030286e-05,0.00023593508,9.4286551e-05,-0.00012051424,2.5364423e-05,2.3215479e-06,-0.00063685189,0.0022575408,0.00064321081,0.00024747287,-0.00059623022,-6.1016079e-05,0.0001160671,5.1969563e-06,-0.00040766004,-0.0002035988,3.2329501e-05,-7.6854402e-06,-0.00019412586,0.00020493619,0.00034067923,-9.4490755e-06,-6.1020054e-05,6.3756395e-05,0.00029342613,-0.00045623535,0.00044380183,0.00023577749,0.00041828972,9.0779998e-06,6.1474037e-05,-0.00013732496,-0.00030748201,1.892845e-05,-7.8041913e-06,3.2126209e-05,-0.00014014314,0.00019971263,0.0001377411,0.0005406445,-2.6445245e-05,1.7484762e-05,-0.0001517825,-0.00031789405,2.9785155e-05,0.00014759765,-1.5704318e-05,-0.00012702334,-0.0017260476,-0.00011498693,-0.00026708784,-8.1060283e-05,-0.00019776749,0.00013435847,0.00014524879,0.0004871846,-5.2628294e-05,6.5625577e-05,6.7554539e-05,-0.0010446355,0.00044889675,0.00011969472,-0.0006681189,-0.0019918198,0.00030457234,-7.4913175e-05,0.00048159025,0.0021078054,0.0002370277,-0.0013139362,0.00025126072,0.00035142169,0.0068475983,-5.3978807e-05,0.0001396875,0.00095995097,0.0010527441,0.00088871322,7.8329238e-05,-0.0007743207,-0.00013087364,-0.00054439389,-0.00026970958,-1.8200044e-06,2.3321931e-05,6.2724064e-05,-4.336224e-05,-3.3328067e-05,-0.0002976996,4.4673641e-05,-0.00030574188,0.00071751774,0.00073665864,-3.3562148e-05,3.7847674e-05,-0.00082351748,0.0038943841
"181",-0.00042166249,0.00027837646,0.0001852947,-0.00040910976,0.00023725857,-4.103201e-05,3.9709951e-05,0.00014223219,-3.6102278e-05,-1.9835313e-05,-2.4143042e-05,-8.0140144e-05,1.2500409e-05,1.3300784e-05,-0.0001021415,0.00029488006,4.4607065e-05,9.2270247e-05,0.00032965096,7.5206314e-05,-0.00020038158,-1.5396159e-05,-2.9081741e-05,-0.00029520594,0.00015380174,-0.00020118358,-0.00080344994,0.00056228424,-0.00021021205,0.00052155801,-0.00051315061,0.00029430397,-0.00015597675,-0.00043591202,-0.00040150477,0.00052582562,-0.0012277895,0.0023227745,-0.0054013186,-5.1471962e-06,-8.471453e-05,-3.2418209e-05,3.9923002e-05,-0.00025796527,-6.1568135e-05,2.5276496e-05,-1.8293925e-05,-2.7345155e-05,-4.0903108e-05,-0.00020202392,4.5755722e-06,9.677086e-05,0.00025339551,-1.3440269e-05,2.7340691e-05,-5.6159217e-06,-2.8683491e-05,7.5625707e-05,8.9346281e-05,0.00027420484,0.00026038024,4.213647e-05,1.2451833e-08,1.0945367e-05,7.2296739e-05,-1.6075559e-05,-0.0001390861,0.00030177021,0.00012137576,-2.1794834e-05,0.00019389753,-0.00027298347,0.00024938252,4.5075995e-05,-4.3609021e-06,1.5873498e-05,-0.00027401718,0.00019402295,-4.7585497e-05,0.00018785481,-2.3197829e-05,2.6916873e-05,-2.3256972e-05,-0.00031643988,0.00021830994,-1.8672152e-05,1.0487958e-05,6.4561103e-05,-0.00083577619,2.0035879e-05,1.605592e-05,-6.6214049e-05,6.5574765e-05,0.00017263593,2.5998876e-05,-1.4659229e-05,2.5484741e-05,-7.1593463e-05,-0.00013542074,-4.159662e-05,-2.6433802e-05,-5.4541247e-05,-3.0127439e-05,-9.131231e-05,-0.00021718601,-3.8294594e-05,-7.9183759e-05,-0.00013761459,-9.7992367e-06,-2.2891281e-05,-7.5159301e-05,8.580823e-06,-1.9777792e-05,-0.00033849069,0.0016741117,-0.0011529601,0.001164935,-0.0012151677,-0.00026533411,-0.00012322777,-3.0953611e-05,-0.00031288816,3.124446e-05,-5.5660569e-05,4.0405002e-05,4.1411695e-05,-0.00015735604,0.00021986771,-0.00021005732,-9.9263663e-05,0.00015336658,2.4475872e-05,0.00099785907,0.0004158008,-7.5661395e-05,0.0004254417,0.00062177537,0.00022563882,0.00031183974,0.00013237375,0.00031066471,1.7947245e-05,-0.00023244009,-0.00032974365,1.964486e-05,7.7321977e-05,0.00023108666,-0.00019393436,3.7593002e-05,-0.00042245127,-0.00023220139,0.00041151224,0.00043804511,1.6486702e-05,-0.00020288231,-8.1423132e-05,-0.0026029971,-0.0011112815,5.0690225e-05,-0.00019014327,-0.00031425299,5.9285143e-05,0.00031544598,-0.00052305771,-7.8834351e-05,-1.8546677e-05,0.0011372333,0.00075425237,-0.00017524177,-0.00025470152,-0.00043828788,0.00014686825,-2.0440367e-05,0.0014492075,0.00074271144,-0.0010774128,-0.00036289408,1.1718001e-05,0.0002740851,-5.3978807e-05,0.0092349649,0.0047129552,-0.00088673841,0.00057564429,-5.9816299e-05,-0.0011315559,-0.00086969086,0.00018408499,-0.00048352006,5.910083e-05,0.00047584289,-0.00046092785,0.00041790045,-0.00018902824,0.00019880803,0.00027986017,-0.00046996934,0.00036810464,0.00026489246,0.00093281997,-0.00099522072,0.00078417005,-0.00033804152,0.00035677439
"182",0.00032091734,-3.2348107e-05,-9.3141243e-05,-8.6859358e-06,0.00010561658,-7.0288091e-06,0.00013192344,0.00040379234,-8.681279e-05,-6.3985581e-05,-1.9720606e-05,3.6025664e-05,-3.6245232e-05,1.0109626e-05,-0.00020367062,0.00014137172,-0.00010310092,0.00016675682,-8.0983487e-05,0.00017707916,0.000465682,-4.1959502e-06,-5.0140309e-05,-0.00044993096,0.00030652365,-0.0001774191,-0.0008668009,-0.00016002164,-0.00034185795,-0.00018122803,-0.00041046186,0.00020572781,-0.0010158843,-0.00021358536,-0.00020472549,0.00027970583,-0.0011783824,0.0017870549,-0.0037961342,5.824325e-05,-0.00010120877,-0.00014894662,-7.1855273e-05,-0.00014205409,1.5475639e-05,1.1412605e-05,-0.00011468939,0.00011928629,-3.3739407e-05,-0.00032401176,-2.1188917e-06,7.4993406e-05,9.9155804e-05,8.6663606e-05,1.2525953e-06,-5.7710592e-06,-7.1696644e-06,3.1597135e-05,-5.792861e-05,0.00016996754,9.1878755e-05,5.6040172e-05,-6.9552141e-06,-0.00019059025,0.00027963003,6.4649346e-05,-8.5917012e-05,0.00010994663,-1.4501889e-05,-1.6907257e-06,0.00011301338,-0.00039503926,0.0010596566,0.00034007126,1.1158385e-05,3.3708584e-05,-1.1122453e-05,-8.5052411e-05,4.6088368e-06,8.0767044e-05,0.00010892238,1.8933008e-05,0.00013017075,-0.00017998995,0.00018277277,-5.2377936e-05,7.7763969e-06,0.0002753591,0.00012403079,0.00011637016,-0.00017370475,-7.401427e-05,0.0001619355,0.00018137799,3.0122772e-06,3.2904199e-06,-2.1017742e-05,9.4089604e-05,-6.4772704e-05,-3.5482858e-05,-3.5397366e-06,4.6543577e-06,-0.00010037166,-0.00016141197,-0.00032602102,5.4324011e-06,-0.00016097937,-0.00027892127,-0.00010652634,1.1924724e-05,-5.4657071e-05,-1.0016422e-05,9.9561958e-08,-0.0009320055,0.0028711187,-0.00046837092,-6.7641007e-06,-0.00030145974,-0.00035929783,0.00026908627,2.7075712e-05,-0.00073839762,-0.00012272301,-1.3216285e-05,4.3394377e-06,-0.0003016145,-0.00021052303,0.0015737859,-0.00051193635,-7.8735978e-05,0.00010842267,0.00036215582,0.00051960177,0.00097959097,-4.0363748e-05,0.00059024948,0.00057519025,0.00048366587,0.00015850135,-6.8572274e-05,0.00035960687,-2.3070205e-05,7.719975e-05,-0.00026340037,0.0001836424,0.00021823997,6.0162472e-06,-5.0128932e-05,3.2778261e-05,-0.00054750921,-9.0470154e-05,0.00043257596,0.00028302462,3.492805e-05,-0.00015158711,-0.00030806397,-0.0011819292,-0.0021179066,-2.3553357e-05,9.0316967e-06,-0.00037431654,0.00023518282,0.00040354033,-0.00062216999,-0.00020676294,-2.4539436e-05,-1.1381576e-05,0.00042348399,-0.00012962938,-0.00075649248,-0.00060451608,-0.00017827445,-7.7809957e-05,0.00093076372,0.00011806326,0.00089650442,0.0016781518,-0.00025904514,0.00019432114,0.0001396875,0.0047129552,0.0079441135,-0.0002520536,0.0001707806,0.00047327374,-0.0017335842,-0.0011037393,0.00081529594,0.00010835754,9.8089288e-05,8.471956e-05,-1.1748596e-05,-0.00013582495,-0.00013079428,8.4869984e-05,0.00021793033,0.00019298406,-0.00039877574,0.00052001335,5.5457811e-05,0.00014538403,0.00046963094,-0.000926117,0.00025794404
"183",0.00026236955,-0.0002950085,-0.00055226032,0.00012454985,-6.4044289e-05,8.0498358e-05,0.00023824621,1.7857973e-05,4.3328291e-05,1.2464813e-05,-4.3693752e-05,3.6555017e-05,2.3160179e-05,-3.9640765e-05,-9.3012111e-05,-6.3613464e-05,-6.1591848e-05,2.2545715e-05,-0.00040405182,0.00017173852,-0.00036996781,1.6551483e-05,4.9500235e-05,0.00040333524,-0.00039010235,-4.6990107e-05,0.00027576539,7.8431327e-05,-0.00024266524,0.00027400672,-0.00039446348,3.459399e-05,0.0013195642,0.00052222267,4.3464836e-07,-0.00014500168,0.000133527,0.0023981927,-0.0095100719,0.00026529604,-0.00010127951,-0.00013745369,7.2512931e-06,0.00022170488,-4.9064235e-05,2.2371562e-05,4.8953218e-05,-0.00011054391,0.0001489724,-0.00027080293,-0.00010200501,-1.9601819e-05,-9.5018087e-05,9.6005128e-05,-0.00011843699,-0.00010829087,7.5069299e-05,3.8326898e-05,-4.1667583e-05,-1.3851181e-05,-0.00031729216,-3.6364766e-05,-2.7265995e-06,-5.6521144e-05,-6.121387e-05,9.2792655e-05,-6.3964265e-05,-0.00017304003,1.4384978e-05,-8.8028476e-06,-7.1345459e-06,-6.3231594e-05,0.00048545462,0.00042829814,8.3898488e-05,-4.3774069e-05,-0.0001352654,-4.5539389e-05,0.00019160752,5.0157781e-05,-9.2495213e-05,-0.00020531693,-0.00034567798,-0.00017997675,2.9271958e-05,2.2444291e-06,1.1815531e-05,-0.00021844314,-0.00016047374,-2.4399858e-05,-3.0233358e-06,-0.00010728168,-6.6129521e-05,-0.00010480688,-1.0952404e-05,3.1320513e-06,-4.5953149e-06,3.3944269e-06,0.0005853184,-0.00012243643,7.3154951e-05,3.5259617e-06,-1.9795284e-05,2.0578417e-05,4.2487603e-05,-4.9674316e-05,4.5787962e-05,9.8318792e-05,0.00029770437,0.00013004522,-5.3929762e-06,9.3450172e-05,-3.7262785e-06,0.00033283701,-0.0011740581,0.00025412596,0.00029757988,0.00052691185,-1.1282841e-05,2.0383057e-05,0.00026652265,5.0073253e-05,0.0001318559,2.3100487e-05,-2.9595009e-05,-9.0160536e-05,-0.00027692229,-0.00037253495,-0.00017598473,6.2698886e-06,8.4830231e-06,-6.4279284e-05,-0.0001667134,-3.8041863e-05,0.00038297347,-0.00028536021,-0.0001347309,-0.00073287652,-0.00036551311,0.00032296011,-0.00027795876,2.0647105e-05,0.00044585028,-5.7675235e-05,0.00028165197,9.2695381e-05,-0.00013879016,-0.00021520333,4.4528313e-05,-1.8444039e-06,2.4672733e-06,0.00062254342,-0.0011146139,0.00023181152,-7.0460291e-05,-0.00013345317,0.00011129856,-3.3494745e-05,-0.0035977442,0.00014700471,0.00053602372,0.00013696818,3.6727125e-05,0.00021681206,5.2009321e-05,2.9252479e-05,-0.0014463799,0.00051971906,-1.1790329e-05,-0.00059013488,0.00012940521,0.00042921733,-0.00015706795,-0.00036590312,-0.00094675194,-0.0023989297,0.004849275,-0.00038733166,0.00046212045,0.00095995097,-0.00088673841,-0.0002520536,0.011700411,-0.00060694068,-0.00029648061,-0.00032410272,0.00082026628,0.0011931006,-5.7741827e-05,-7.6851453e-05,-0.00022651133,0.00022330739,-0.00035371719,0.00013789408,-6.5023571e-05,-4.0034229e-05,0.00047150633,-0.00054937113,0.00070322617,-0.00065856371,0.00044063428,-0.00013478561,-0.00070540603,-0.0014949391
"184",0.00015805796,0.00049073208,0.00073698539,-0.00025352979,7.2056267e-05,-8.3757303e-05,-0.00036607244,4.6035167e-05,1.3993957e-05,-6.1808482e-05,5.4810276e-06,-5.1421238e-05,7.3215674e-05,-4.045822e-05,9.1784431e-05,-0.00015174667,-8.8173075e-05,-9.9676451e-05,9.6376938e-05,-9.8554977e-05,-5.2857124e-05,-0.00012549059,7.125602e-05,-0.00027253637,-0.00022324488,0.00019347078,-0.00054768899,-0.00044402409,0.00016208481,-0.0012196921,-2.4795172e-05,-0.00015647052,0.00026196241,0.00024038463,-0.00035570877,0.00013035883,-0.00025555174,0.00028630752,-0.0024780187,-2.3100749e-05,0.00016371668,-4.0924955e-05,-0.00013659795,-0.00016028816,-0.00011689562,1.449676e-05,4.3784891e-05,-0.00036056827,0.00018134918,6.9405865e-05,-3.3124828e-06,-5.0231708e-05,5.3946475e-05,-6.3979195e-05,8.0682627e-05,0.00012352519,9.1536971e-05,6.300035e-06,-1.5166915e-05,1.2581153e-05,-9.8118395e-06,1.1462057e-05,8.510167e-07,0.00010453376,-0.00014180744,-1.6191717e-05,7.3723615e-05,-2.8200686e-05,5.4548241e-05,4.2782869e-06,-0.00033262654,0.00035202976,-0.00041630792,-0.00020640009,2.7319882e-05,4.2663807e-05,2.6992536e-05,5.277861e-05,5.2913894e-05,-0.00016887994,-0.00014461952,-4.4382594e-05,2.5896704e-05,1.4957383e-06,6.7238754e-05,-2.4324661e-05,-1.1994727e-07,0.00027782897,0.00048287701,0.00019358834,4.6664871e-05,4.9082269e-05,-6.6335675e-05,7.0799546e-05,-1.6865865e-05,-3.8523209e-06,4.5315499e-05,-0.00021336411,-0.00028192938,3.9319184e-05,-2.327588e-05,-1.910207e-05,8.1237866e-05,-3.5134768e-05,-6.2950534e-05,-3.2342612e-05,2.489673e-05,-6.7265913e-05,9.8820051e-05,-0.00014474133,4.9787173e-05,6.4162595e-05,-1.204091e-05,-0.00097744627,0.0018377145,-0.00074273925,-0.00089153255,-0.00011988286,-0.00048040043,-0.00020871095,-0.0003991603,-7.7826118e-05,0.00024612147,3.2800228e-05,2.6468008e-05,-0.00041686181,0.00033931713,0.00079721262,-0.00017840592,-3.9420271e-05,8.6793342e-05,-5.7303112e-05,0.00031545419,0.00021823349,-0.0001915156,0.00047221021,0.00014783319,0.00014246508,0.00035785099,-0.00047042582,0.00013496904,-1.341067e-05,-0.00011866288,0.00028730312,1.7241558e-06,-0.00022057092,-0.00016684802,7.6656509e-05,-2.8217558e-05,0.00034693363,-0.00010904017,-0.00026141219,0.000331682,4.5019499e-05,-8.8871764e-05,-0.00011361243,-0.00016751946,4.6936316e-05,0.00020489463,-0.0014041319,-0.00047992564,3.3379686e-05,-0.00019657247,0.00014090981,0.00012842451,1.1457407e-05,-0.00014398623,-0.00075864453,-0.00014414155,0.00018717677,1.2512969e-05,-6.0047957e-05,5.4300737e-05,0.00023023314,0.00078324411,0.00094032788,-0.0014044621,0.00014268469,0.00035188948,0.0010527441,0.00057564429,0.0001707806,-0.00060694068,0.0060238098,0.0021421342,-0.0012748214,0.00032855,-0.00048897067,-0.00027635258,-7.0023494e-05,0.00029078488,-0.00028712008,0.00030511922,-9.9418284e-05,6.2573525e-05,0.0005388757,-0.00028247748,0.00027729738,5.7013758e-05,0.00079378566,-2.4501696e-05,-3.9378198e-05,-0.00039269776,0.0016679427
"185",0.00062112127,9.8467749e-05,0.00027747134,0.00027014272,-4.0504505e-05,0.00014239403,9.6737293e-05,0.00024233942,4.2944978e-05,0.00019197485,-1.5189307e-05,3.7703095e-05,0.00014231829,2.8223741e-05,-0.00017319667,0.00016378834,-0.0002136184,0.00018363346,-0.00013011092,0.00035539015,0.00021460938,-1.962931e-05,-3.2627102e-05,-0.00013094021,-0.00050036631,-8.3298247e-05,0.00032754848,-0.00030004928,-4.9179103e-05,-0.0028169234,-0.00011090037,-0.00032460183,0.00039573237,-0.00011385946,-3.3728908e-05,0.000270987,-0.0018678079,3.7459339e-05,-0.00092440984,-7.8547898e-05,0.00022512287,-6.7067627e-05,4.7617146e-05,-6.3738032e-05,-5.2775823e-05,2.0900079e-05,-0.0001278727,-0.00014147224,7.2485692e-05,-4.9386043e-06,-3.520232e-06,-4.623011e-06,2.5380005e-05,8.9265916e-05,1.8771214e-05,0.00016411928,-5.3403841e-05,-0.00028383739,0.00010106797,-7.1183151e-05,3.8717302e-05,7.206785e-05,-5.7489667e-06,6.301604e-05,3.0605954e-05,-0.00014243371,-7.8014833e-05,0.00010725036,0.0001680728,-4.2836684e-05,0.00015384161,0.00030013606,-8.3608274e-05,-9.2979897e-05,3.2029908e-06,3.965966e-05,3.4535806e-05,-9.2470701e-05,-4.982143e-05,-0.0003196147,0.00025411002,0.00049050229,-0.00011567084,0.00017518065,-0.00013191721,-7.2989485e-05,-9.6432524e-06,-0.00032493936,-0.00021911074,4.1778426e-05,0.00015445666,8.5425353e-06,0.00015910741,-0.0001414279,-4.3707965e-05,4.2874111e-05,-0.00026044792,-0.0002148353,0.00017556612,-4.9095594e-05,-3.2120742e-05,-2.9064042e-05,-0.00020621722,-0.00034236438,-0.00020833312,1.5027073e-05,3.2329135e-05,-0.0003902292,0.00017668829,3.0518419e-05,-0.00017936863,7.224481e-05,4.9656576e-06,0.0007831561,0.0013472629,0.002862267,0.00087719529,-0.00049596753,0.00051227312,0.00010937141,0.00054368831,-0.00033140881,-0.00035871523,0.00016391022,-0.00010991813,0.00014914336,-0.00015491307,-0.00081561618,0.00050291099,0.00023693096,0.00014871403,-9.5724055e-05,-0.00088019937,0.00089069388,0.00078055886,0.00024010606,0.0010412998,-0.00028840558,-0.00014726308,0.00021697067,-0.0003616314,1.8800213e-05,-0.00018550972,0.00058058975,-2.780555e-05,7.2281684e-05,-0.00022294825,8.365526e-05,6.3681974e-06,0.00033504656,0.00016343219,-0.00040593545,0.00058806916,-7.8998139e-05,-6.3945046e-05,0.00019958495,-0.00018743887,-0.00029676813,0.00051772092,-0.00057774754,-0.0042679843,2.7519343e-05,0.00027543841,0.00012051543,-8.9658517e-05,-1.3453412e-05,-0.00011785873,-0.0015105169,0.00073278181,-0.0011494085,-0.0012127849,-0.00031777867,-5.263246e-05,2.38429e-05,-0.00011597485,0.0022507715,-0.0012005257,4.7552795e-05,0.00016513312,0.00088871322,-5.9816299e-05,0.00047327374,-0.00029648061,0.0021421342,0.013391383,-4.6163355e-05,-0.00041661939,2.9623518e-05,-0.0002343241,-1.3925029e-05,-0.00021393692,0.00039947083,-0.00063421485,0.00012122046,-0.00027548996,-0.00098282949,0.00015808009,-0.00012995973,0.00022376961,-0.00011907762,0.0007901688,-0.00019223003,-0.00057849193,0.0030014663
"186",0.00040943976,-0.00014727377,-0.00027757573,0.00031071855,8.107425e-05,9.4722487e-05,0.00033626551,-4.0260711e-05,-3.2151092e-05,0.00010842407,-3.2633015e-05,6.0323626e-05,-2.5823212e-05,6.3089846e-05,2.005122e-05,-4.4980152e-05,3.370971e-05,0.00024686676,-0.00035469547,-9.3116759e-05,0.00015203823,-1.1658097e-05,8.1609913e-06,0.00068701372,7.2884402e-05,0.00010512959,0.00099027906,0.00012217047,-4.6804249e-05,-0.00027318864,0.00062110287,-0.00045243045,-0.0014511963,1.8470329e-05,0.00037432265,-7.4673754e-05,2.5293555e-05,0.00030509581,-0.001051394,-8.55842e-05,0.0001836516,-0.00017573918,4.5778087e-05,-0.00010068069,-2.2100905e-05,6.0412823e-06,6.6244142e-05,-6.8508871e-05,-2.0360758e-05,-3.7793145e-05,-1.1416184e-05,3.3400799e-05,9.8001772e-05,3.6860777e-05,-3.4589091e-05,-2.2411603e-06,-5.3691439e-05,8.3254975e-05,0.00014473914,-2.2941748e-05,8.6891125e-05,-6.3366496e-05,-7.7558819e-06,6.5684079e-05,-0.00016884601,0.00015651921,-9.3637167e-05,-0.00034104363,1.3060342e-06,-1.4786528e-06,1.0848899e-05,0.00046164053,0.00050104445,-0.00028656742,1.5586183e-05,-2.7909855e-05,-0.00018267127,5.9760726e-05,0.00021584757,-0.00044322902,5.5527066e-05,0.00014902581,-0.00012770303,0.00013432385,-0.00019805556,8.1494603e-05,3.5043518e-06,-0.00050026031,0.00081231929,-0.00012247231,-4.8571091e-05,6.7459539e-05,-7.0779873e-05,-6.3117412e-05,-5.8580472e-05,-4.6947806e-07,-0.00023797638,9.76805e-05,-0.00030416514,1.476006e-05,3.855444e-05,5.2828099e-05,0.00015226127,-3.7458977e-05,4.1199246e-05,0.00023325764,0.00032318111,6.7710778e-05,-4.0567788e-07,-3.1267114e-05,-4.9944274e-05,-1.4953103e-06,-1.1726657e-05,0.0006594245,-0.00067114494,0.0010541842,-0.00096986192,0.0010855314,0.00035596984,0.00037628073,-0.00010909198,0.00044934473,-9.6394401e-05,0.00011419567,-1.3727128e-05,0.00013828196,-9.9290976e-05,0.00031047977,-1.0864962e-05,7.0967744e-05,-6.3267407e-05,-0.00032578061,-0.00055362737,-3.552532e-05,-0.00032004289,-0.0004944446,-0.00033399956,0.00064758299,9.6188722e-05,-4.857511e-05,-7.9758372e-05,3.0153976e-05,0.00014302567,3.4778736e-05,0.00033952004,-0.0001313051,0.0003948789,-6.5986287e-05,-1.1203687e-05,-6.4913395e-05,-7.2449015e-05,-0.00015497419,0.00021651501,-6.0160201e-06,-0.00010291948,0.00013837273,-5.914889e-06,0.00015210177,0.00013096487,3.2933747e-05,-0.0001486314,-0.0020361283,-0.00076907701,0.00013269762,8.2310679e-05,1.6134694e-05,-0.00077940217,0.00066705158,-0.00025731323,0.00056814353,-0.00012996967,0.00037904768,3.3504161e-05,-0.00063798283,-5.5291778e-05,-0.00070107596,-0.0013452232,7.5943917e-05,1.0347929e-05,7.8329238e-05,-0.0011315559,-0.0017335842,-0.00032410272,-0.0012748214,-4.6163355e-05,0.0093009601,0.0022141562,-0.00030579021,-0.00037982449,-6.8281944e-05,-0.00034656185,0.00047782359,-0.00058844495,0.00018746676,-8.6617941e-05,-0.00059059644,0.00011460658,-0.00032000329,-0.00038762453,-9.7656334e-05,0.00086602378,-0.00068027162,0.00056197734,-0.00020424372
"187",1.5388869e-05,0.0003581358,0.00041164477,-0.00029108111,0.0001204761,0.0001249845,-0.00015927832,-3.930842e-06,8.3507151e-06,0.00019196452,-4.8087829e-05,6.6705029e-05,5.9850651e-05,-4.1808616e-05,0.00011345042,-5.109901e-05,3.5094436e-05,0.00021171345,0.00035290896,-5.5264887e-06,0.0001441743,-0.00016373045,6.3765232e-05,0.00043762681,-0.00038701601,0.00011376534,0.0012863403,-4.329731e-05,0.00010889694,0.0011902904,-0.00012357261,-0.00023340971,0.0028302359,-0.00062802015,0.00065330262,0.0001332159,-0.00029938459,-2.126362e-05,-0.001970165,-7.0081463e-05,0.00028258351,-2.6854556e-05,-3.4797234e-05,-0.00018756132,0.00010890999,-2.7607755e-05,0.00034573309,0.00018601386,0.00052764688,7.7416319e-05,7.8137688e-05,-3.719141e-05,5.2653539e-05,0.00010887261,0.00013659553,-5.3195206e-05,8.1190371e-05,3.1362541e-05,-2.9144407e-05,3.2449993e-05,0.00012275228,-5.1904136e-05,2.0396354e-05,2.3444672e-05,-0.00022988648,0.00021751965,4.7119368e-05,0.00011205379,-0.00025108673,9.1812415e-05,-0.00058538645,-0.00026350747,-0.00037536355,-0.00027399293,-9.5269139e-05,5.5857214e-06,-0.00020285779,-9.1284182e-05,-2.7990688e-06,-0.00017460137,-0.00018473767,-7.040517e-05,0.00018702383,-0.00041226665,1.9070845e-05,-1.0662497e-05,-1.2024304e-05,0.00043908535,1.5211782e-05,6.6835843e-05,-4.7804731e-05,-5.7423698e-06,3.1526742e-05,0.00013426597,0.0001016754,-4.8023814e-05,0.00032792634,-7.3462241e-05,0.00074851651,0.00014044132,-7.9911122e-05,-3.3281952e-05,0.00021583732,-3.2119268e-05,-8.5984175e-05,7.6909751e-05,-7.991137e-06,9.1610379e-05,-0.00015577928,-3.4524936e-05,-7.6659915e-05,0.00010376572,-1.2874641e-05,0.00013206925,0.0015438999,0.0008157158,-2.9514346e-05,-0.00056414088,-6.675554e-05,0.00012431972,0.00013589009,-8.6227799e-05,-0.00012406142,-0.00021307037,8.7069845e-05,-0.00056308607,-0.00017664574,-0.0008138528,0.00016664306,0.00011420348,9.0926657e-05,-0.00059640095,-0.00044991928,5.1987611e-05,-5.9661412e-05,-2.0913161e-05,-0.00043384703,0.00035114247,0.00037053157,0.00012197269,-0.00029682603,2.82198e-07,0.00034636821,-1.2389714e-05,0.00021388344,-0.00035293717,-1.7335489e-05,0.00016140244,-7.0825553e-05,-0.00012024901,-0.00015001683,0.00023459138,0.00035651988,4.029128e-05,-8.7156659e-05,0.00038655456,0.00034020658,0.00033622282,3.2075519e-05,-0.00014331996,0.00025197711,-0.00080002287,-0.0026462649,0.00012038415,0.00034871048,-9.0536228e-06,-0.00061991131,0.00014296767,-0.0011650113,0.00098701632,0.00077475403,-0.00014943418,4.1762413e-05,0.00047065489,0.00060620562,-0.0025325054,-0.00070897186,0.00014488948,0.00022282817,-0.0007743207,-0.00086969086,-0.0011037393,0.00082026628,0.00032855,-0.00041661939,0.0022141562,0.0090395502,-2.7419777e-05,-0.00061057434,1.9001062e-05,0.00035071008,-0.00034502373,0.00055909265,-0.00019063054,9.1051001e-06,-0.00036666301,-0.00050769517,0.00041937136,-0.00029135433,0.00098826304,-0.0004619742,-9.5949724e-06,0.00055493138,-9.7352528e-05
"188",-0.00018908893,-0.0002333276,-0.00021930559,-0.00028304701,0.0001591706,-4.7281381e-05,-1.5085758e-05,-7.9215551e-05,4.8065859e-05,0.00011928626,-4.5451399e-05,5.8162863e-05,-2.9043351e-05,-4.6840587e-06,9.9632205e-06,7.1602799e-05,3.337302e-06,0.00021659609,-0.00025593344,0.00023426157,0.0011915154,0.00024175673,-0.00026420051,-6.3684016e-05,-0.00010876362,-0.00013917372,0.00040790897,-0.00027344802,8.904239e-05,0.0017613002,-0.00079991352,0.00019846798,-0.0044545519,-5.7929796e-05,-0.00044424656,0.00063461541,-0.0022340381,0.0032836063,-0.011389468,0.00020053327,0.00012535899,7.5115078e-05,-6.5799998e-05,-0.00015841263,-0.00013099887,2.6281027e-05,0.00014371647,0.00029244146,0.00038849566,-0.00029777747,0.00012317763,-0.0001536291,-4.8657695e-05,0.00032177697,3.9016838e-05,-0.00028027958,-4.0076815e-05,-1.1844413e-05,-9.3952235e-06,5.9495598e-05,9.0345348e-05,-5.4586557e-05,3.682002e-06,-0.00023265623,0.00023520563,-0.00048497634,0.00031188162,0.00011083637,0.000104279,-4.4679757e-06,0.00033030928,-0.00018945186,-0.00021074486,0.00012421621,-4.3428074e-05,0.0001371385,7.0750487e-05,0.0001372223,0.0002471557,1.9745599e-05,9.8055545e-05,9.6089572e-05,-8.9874577e-05,0.00010461853,-6.4316943e-05,-1.7736224e-05,6.7512887e-06,0.00021733304,0.00024822476,6.481383e-05,-2.3660677e-05,6.4216594e-05,-5.4677357e-05,8.665487e-05,-3.2597392e-05,1.1402852e-06,-0.00011812277,-0.00010189266,0.00043156591,0.00019372085,-0.00011469379,-1.9281931e-05,-0.00012752044,-0.00010733757,-0.00012453735,-5.9492745e-06,-0.00011471069,-0.00015667482,-0.00021212438,-0.00028712235,-4.3355001e-05,-6.9255569e-05,5.8840965e-06,0.00071421576,0.0017156553,0.0019013552,2.6530577e-05,9.4773571e-05,0.0002856461,9.2924998e-05,0.00027521953,5.6454658e-05,-0.00042531656,0.00010949641,-2.4578621e-05,0.00011847643,3.5878138e-05,-0.00059196488,-5.0049072e-05,0.0002800773,0.00014310077,-5.0732168e-05,-0.0007233805,0.00058823013,0.00051789357,0.00016332961,9.9768714e-05,0.00018681846,0.00043396575,0.00029807464,-0.0001701151,2.6333604e-06,0.00028003826,-0.00074834723,-0.0005418421,0.00024508541,0.00049724145,1.5010267e-05,6.4623318e-06,-0.00059596956,-0.00050482536,0.0004600186,0.00035687634,-8.6621247e-05,-0.00055571535,-0.00011001756,-0.00052220078,-0.00071744393,0.0001422753,0.00019402689,3.5309084e-05,0.00017965652,5.5656461e-05,-0.0032132638,-7.5255076e-05,-1.5540891e-05,-0.0010786596,0.0014252427,0.0021567492,-0.00015766745,-0.00073713543,-6.8032254e-05,-2.8852685e-05,0.00039995638,0.0015865165,-0.0028545256,-0.00020178537,3.4115909e-05,0.0023599213,-0.00013087364,0.00018408499,0.00081529594,0.0011931006,-0.00048897067,2.9623518e-05,-0.00030579021,-2.7419777e-05,0.011585458,0.00053188472,6.4828609e-05,0.00026377763,-0.00027465553,0.00052067563,-0.00015869679,-0.00012860406,-0.00062299364,0.00018947247,-0.00047668939,-0.00011913471,-8.5974983e-05,0.00046877906,7.2921912e-06,-0.00022804197,0.00040408782
"189",0.00039607602,-4.3210555e-05,0.00013516955,8.3522867e-05,2.5413267e-05,-2.183277e-05,-0.00018281095,0.000103205,1.8290782e-06,-1.4799371e-05,4.5833179e-05,-1.4516202e-05,1.0996885e-05,-1.2872005e-05,9.0554689e-05,4.8275127e-05,-2.6260975e-05,5.7590842e-05,-0.00022449981,0.00010734439,-0.00021322114,-0.00010759084,3.7596968e-05,-0.00018977669,0.0001784283,-0.00013984573,2.9571414e-05,-0.00045989437,0.00025078282,-0.00021616542,-0.00017272964,0.00013929594,-0.0013752525,0.00011422017,-0.00052918034,0.00018083179,-0.00036093478,0.00053817593,-0.00032544832,8.1120086e-05,-2.2654427e-05,-2.4951886e-05,-0.000100588,7.0862986e-05,-3.1556878e-05,7.0902844e-06,-1.5801716e-05,1.6787964e-05,-4.7615412e-05,-5.7082199e-05,-2.6337505e-05,-1.4438845e-05,-1.33317e-05,5.0881567e-05,4.9466982e-05,6.2830031e-06,1.1766153e-05,2.4042888e-05,-5.1440708e-05,-4.7556206e-05,-3.7817381e-05,6.6440769e-05,-1.6764776e-06,-9.9598954e-05,5.1074048e-05,-7.9441102e-05,9.0690044e-05,3.4163128e-05,0.00014029318,-2.6678023e-05,0.00012248064,1.3234482e-05,-0.00033048763,-0.00021518739,0.00012018927,2.1707337e-05,0.00015635741,-0.00014632279,-0.00016308453,4.5978771e-05,0.00015710201,-4.8948295e-05,6.3877757e-05,0.00021298546,-4.1930613e-05,-6.1671102e-05,-1.0270703e-05,-0.00025123858,-0.00035546328,-4.3736788e-05,7.401034e-05,3.4735038e-05,-3.7337689e-05,4.899045e-05,-6.0949254e-05,1.1781496e-05,-0.00022243577,-1.0440491e-05,7.4556615e-05,3.6952326e-05,-1.6995383e-05,-1.7207177e-05,-8.6201181e-05,-2.223935e-05,7.2429802e-05,4.6719091e-05,3.3631449e-05,-3.336376e-05,5.0810069e-05,8.0070892e-05,-6.3814297e-05,-2.7305181e-05,3.5910173e-06,0.00049873867,-0.00040361448,0.00021081649,0.00088597741,0.00035804842,0.00017765424,-0.0001170367,9.8828551e-05,6.5997495e-05,-0.00016617999,8.930065e-05,-2.0007717e-05,0.00030405396,-1.0238259e-05,-0.00058502281,6.4084295e-05,3.9914743e-05,3.5157856e-05,0.00016546933,-2.1200283e-05,-2.6948632e-05,-3.4277844e-05,-3.7093686e-05,6.2019905e-05,-0.00020886348,-0.00022641717,0.00014144104,2.2071354e-05,-6.8362344e-06,-0.00020952316,2.3512421e-05,-5.5985976e-05,1.9920599e-05,2.0522562e-05,-0.0001062348,1.7918317e-05,-0.00015021025,3.9225334e-06,-0.00015889579,0.00053499248,2.862428e-06,-1.3062077e-05,1.1475892e-05,2.1529612e-05,-8.2447142e-05,-2.3320577e-05,5.025458e-05,-3.8935578e-05,0.00011258089,0.00024925547,-0.00012406477,-0.00058119329,-3.6222986e-06,0.00057912879,-0.00041092999,1.764007e-05,0.0003388891,-0.00025560493,0.00010045577,-1.9751871e-05,-0.00011830598,-8.6450944e-06,0.00017147582,-0.0021106637,-0.00010292749,7.6756145e-05,-0.00054439389,-0.00048352006,0.00010835754,-5.7741827e-05,-0.00027635258,-0.0002343241,-0.00037982449,-0.00061057434,0.00053188472,0.0019791713,2.4189443e-05,-9.0455012e-05,6.8983047e-05,-0.00018688709,4.1034059e-05,-1.2163379e-05,-9.7887911e-05,0.00019956205,-0.00023385055,3.2962901e-05,-0.00053370707,0.00091849425,-0.00012542211,-0.00023199266,0.00027498052
"190",5.3665761e-06,5.6947305e-05,1.2448984e-05,-1.890353e-05,7.7573864e-06,-7.7696373e-06,-3.7466412e-06,-4.4438367e-06,-5.9274412e-06,2.5046292e-06,-3.5408436e-06,1.0561631e-06,2.3569479e-06,-8.1287606e-06,-1.163039e-06,-3.5630515e-06,6.2153949e-06,-8.2551329e-06,1.6047382e-05,-3.9011731e-06,6.7184718e-05,7.4960648e-06,-2.2133146e-06,-1.8132713e-05,1.2761671e-05,1.7779334e-05,8.8080775e-06,1.6246133e-06,8.0201228e-06,-5.7511403e-05,1.4717977e-06,2.8745837e-05,2.9421978e-05,-2.0017164e-05,6.2232095e-06,2.7195938e-05,-7.0969185e-05,3.5712032e-05,-0.0001292201,8.3021627e-06,-4.8728496e-06,3.9774195e-06,-8.6083345e-06,-1.5180543e-05,1.4948577e-06,-3.9363984e-07,-4.4357738e-06,-2.6710593e-05,1.9163268e-05,-1.5037234e-05,4.6039845e-06,6.821389e-07,2.4402925e-06,4.2709398e-06,-4.6214897e-06,-3.2863885e-06,-8.4736182e-07,-2.2084622e-06,-1.1510129e-05,1.4847168e-05,2.2831235e-06,3.6178543e-06,1.8041363e-06,-1.0231797e-05,5.221648e-06,-1.2027215e-05,4.6223713e-06,1.992848e-05,-2.3015652e-06,6.3685323e-07,8.0218561e-06,3.6779596e-05,1.2844661e-07,1.5029966e-05,-3.6634124e-06,4.8032959e-06,2.0097369e-05,5.3692996e-06,1.1903828e-05,1.7328343e-05,-2.0230604e-07,-6.6771577e-06,8.7502283e-06,-1.379584e-05,1.0048888e-06,-3.3491891e-08,-8.0801548e-06,5.7012939e-05,4.9346321e-05,7.9058808e-06,-4.4068031e-06,1.3129101e-05,-1.2846815e-06,-6.2856124e-06,3.3609543e-06,-1.4832648e-06,1.703784e-05,-1.0259811e-05,-2.319565e-05,5.2469031e-06,-6.6094413e-06,2.0833548e-06,2.3600112e-06,-1.0698352e-05,-5.6010159e-06,-7.6568489e-06,-2.8436329e-05,-5.3309245e-06,-4.3442905e-05,-1.447867e-05,9.9905261e-06,-2.0997792e-06,-2.8129756e-06,-7.8492365e-05,0.00015546867,2.3949948e-06,-6.308767e-05,-3.1016817e-05,-1.8869912e-05,4.5471809e-06,-3.5809126e-05,-2.9471903e-05,9.7308101e-06,-4.8074323e-08,2.2864595e-06,-3.758268e-05,1.4840843e-05,4.3083785e-05,-9.2175951e-06,-3.2553063e-07,5.7723103e-06,4.0126682e-07,3.0350894e-05,2.8903032e-05,2.0839974e-05,4.8754766e-05,1.7641425e-05,9.2716214e-05,1.9400467e-05,-3.2296572e-05,7.6320793e-06,2.1913671e-06,-2.9682959e-05,7.9824944e-06,1.9138401e-05,2.3663587e-05,3.0191665e-05,-5.04397e-06,1.1511259e-06,1.085509e-05,2.6194582e-05,3.2934108e-05,4.0859686e-05,8.5757132e-07,2.3930639e-05,6.5410833e-05,-2.5323967e-05,-2.9501487e-05,2.3062043e-05,2.1527217e-05,-1.6791455e-05,1.2331608e-05,-8.7025897e-06,-2.1055183e-05,-8.5801361e-06,-2.4101091e-05,9.4121636e-05,-4.2093113e-05,-3.5860251e-05,-2.8017896e-05,-4.9430107e-05,4.1416653e-06,2.7557398e-06,1.927724e-05,-8.6313228e-05,-8.4106527e-05,-5.1783521e-05,-7.533721e-07,-6.4566081e-05,-0.00026970958,5.910083e-05,9.8089288e-05,-7.6851453e-05,-7.0023494e-05,-1.3925029e-05,-6.8281944e-05,1.9001062e-05,6.4828609e-05,2.4189443e-05,7.2073093e-05,2.1019422e-05,-2.0453666e-05,1.5113663e-05,-1.0371789e-05,1.8644811e-06,8.2485079e-06,-7.2589857e-06,8.0431301e-06,-2.4361258e-05,-5.3824302e-06,5.2672668e-07,-1.7668995e-05,6.1195468e-06,-7.979785e-05
"191",-0.0043094069,0.0053529724,0.0048379555,-0.0063597051,0.00090077082,-0.00056539712,-0.0021498641,-0.00043071889,0.00031357256,0.00012084261,-0.00024588369,-4.527089e-05,0.00018521915,-0.00012756582,0.00038551235,-0.00021595757,0.00044227109,-0.00068849326,0.0022476769,-0.0004360995,2.3439278e-05,-0.00017359096,0.00020842125,0.00031149254,-0.00018618581,6.7158112e-05,-0.00010167227,0.00053641199,-3.8915734e-05,-0.00027419096,0.00049988192,-0.0005012987,0.00023275682,-0.00088888812,0.00081265434,0.00098709244,-0.006173474,0.00027111389,-0.00049013675,-3.5067785e-05,0.00052257062,0.00032998057,-7.4760543e-05,-0.00058035565,3.1043468e-05,-3.383445e-05,0.00034936276,-0.0010080527,0.0021807892,0.00014768277,0.00025544927,0.00015421256,0.00037243414,-0.00020944963,5.6815584e-06,-0.00088648254,0.00079414008,0.00039392116,-2.1112346e-05,0.00057946243,0.00037319698,1.4026194e-05,6.1178185e-05,-5.4113276e-05,-0.00082369149,-0.0008494403,3.4604612e-05,0.0010874052,-3.4928758e-05,4.7011943e-05,-0.00055666121,0.0012854062,-0.0035238907,-0.00014751077,-0.00049874847,-0.00011148566,-0.0004013792,0.00035141201,0.00017886457,0.0019191515,-0.001045506,-0.00067190738,0.00011132597,-0.00066299454,-0.00051663166,-4.9894154e-05,-0.00012924747,0.008505014,0.00086552383,0.0011449235,-0.00070479381,0.00038583629,0.00020522566,0.00048890195,-3.9168929e-05,-2.7599844e-05,0.0023728574,-0.0014220552,0.00028812522,0.00073208254,9.2947305e-07,-0.00027840932,2.4224128e-05,0.00034221208,-0.0014340493,-0.0012641629,-0.0017898496,0.00032777725,-0.0025837562,-0.0012714597,0.0011628587,-0.00019419276,2.0193655e-05,-0.008533663,0.022140428,0.00033571307,-0.0013117663,-0.0012459789,-0.0015171122,0.0010967256,-0.0013334958,-0.0026680873,8.4690008e-05,0.00050754879,0.00010442467,-0.0038356185,0.0015462127,0.0053983816,-0.00059945399,-0.00026867498,0.00082656016,0.00026887554,-0.0014661466,0.0026931558,0.00089754423,0.0043256175,-0.0004052142,0.005688582,0.0030803032,-0.0042490611,0.0013104921,-0.00016771773,9.5676024e-05,-0.00013503243,0.00011368018,0.00029557138,0.00049421824,3.9021619e-05,9.4816102e-06,-0.00059143576,-9.7368518e-05,-0.00037844459,0.00017578046,1.0724021e-05,-1.0526684e-05,-0.00042322604,-0.00014390224,-0.00029647942,-0.0002452128,-8.3366837e-05,-0.0005804425,8.1473773e-05,-0.00033241665,1.0339092e-06,7.4025749e-05,1.6700385e-05,-3.5619321e-05,0.00036670219,0.0001507366,5.8882089e-05,-0.00020474302,-9.7382299e-05,2.9919317e-05,5.6028264e-05,0.00068046357,-2.4994657e-05,-0.00074981984,7.1813408e-05,7.2502159e-05,-1.8200044e-06,0.00047584289,8.471956e-05,-0.00022651133,0.00029078488,-0.00021393692,-0.00034656185,0.00035071008,0.00026377763,-9.0455012e-05,2.1019422e-05,0.0062943864,-0.0076883209,0.0091756429,-0.0023334377,0.00053629773,0.00057972592,-0.0020523165,0.0030165355,-0.00050130724,0.0035290352,-0.0045620295,0.00075268318,-0.00074591414,0.0014701617
"192",0.0057339552,-0.0067094582,-0.0066555983,0.0079259359,-0.0011781609,0.00068951018,0.0029952428,0.00060105656,-0.00042561163,-0.00014853775,0.0003107713,7.5490016e-05,-0.00025178839,0.0001755838,-0.00052599087,0.00027661606,-0.00059686499,0.00092527257,-0.0030008763,0.00060073488,0.00017924997,0.00025420434,-0.00032674153,-0.00013383238,0.00022729663,-8.7816652e-05,0.000213939,-0.00070568692,7.3841575e-05,0.00036838173,-0.00068189569,0.00062275663,0.00043311326,0.00092173919,-0.0010903435,-0.001159486,0.00769929,-4.8598069e-05,0.00045196658,6.5628536e-06,-0.00060361057,-0.00044917956,6.4075811e-05,0.00072436993,-1.9277596e-05,3.8000411e-05,-0.00045065584,0.001216131,-0.0026895866,-0.00028042726,-0.00030777777,-0.00015942754,-0.0004009553,0.00029705692,4.4701406e-05,0.0010932708,-0.000931028,-0.00051125303,1.0197083e-05,-0.00069079502,-0.00043586805,-3.3551659e-05,-7.8575981e-05,8.5822274e-05,0.00099307845,0.0010715332,5.1021655e-06,-0.0014750353,4.2671695e-05,-5.7508743e-05,0.0007169802,-0.0015704124,0.0044170868,0.00025997452,0.00064788947,0.00013316457,0.00046037628,-0.00047014891,-0.00024156437,-0.0024558854,0.0013286771,0.00094581625,-8.1788497e-05,0.00075703888,0.00071535615,8.2022861e-05,0.00016593063,-0.010497136,-0.00093791543,-0.0014214437,0.00088009959,-0.00044888337,-0.00025641236,-0.00051910821,3.4748006e-05,3.8148435e-05,-0.0029463285,0.0017510272,-0.00047211357,-0.00088384239,-3.6247751e-06,0.00034116013,-3.5797736e-05,-0.00043112808,0.001745758,0.0015613131,0.002220245,-0.00046771432,0.0031219749,0.0015687355,-0.0014824205,0.00024571615,-2.6947021e-05,0.010047367,-0.027659477,-0.00081963309,0.0016228553,0.0015907508,0.0017904579,-0.0013670761,0.0015214825,0.0032419363,-0.00017044339,-0.00061006623,-0.00013045438,0.0046726395,-0.0018768285,-0.0066631153,0.00056120092,0.00030868233,-0.0010034479,-0.00029127977,0.0020727743,-0.0032396972,-0.0011556865,-0.0052701718,0.00063202359,-0.0068288629,-0.0037609339,0.0052550644,-0.001561087,0.00020486534,-0.00011976366,0.00014349763,-0.00017595712,-0.00039127439,-0.00057521824,-5.9281673e-05,-1.6656652e-05,0.00078262241,6.587828e-05,0.00048115763,-0.00014278584,-2.2347528e-05,-3.1213195e-05,0.00051208261,0.00013849576,0.00035588037,0.00031719708,5.5528297e-05,0.00076221638,-0.0001451886,0.00042896204,-0.0001085232,-0.000109991,-2.4419263e-05,2.4689064e-05,-0.00040597497,-0.00021909095,-0.00010238786,7.2136924e-05,0.00010245534,-3.1812886e-05,7.6517523e-06,-0.00098153974,-1.069066e-05,0.00079919044,-9.4401704e-05,-1.1796107e-05,2.3321931e-05,-0.00046092785,-1.1748596e-05,0.00022330739,-0.00028712008,0.00039947083,0.00047782359,-0.00034502373,-0.00027465553,6.8983047e-05,-2.0453666e-05,-0.0076883209,0.0098173891,-0.011994678,0.0029721949,-0.00062938358,-0.00058636146,0.0026616067,-0.0040317409,0.00070955754,-0.0046099289,0.0060632514,-0.0010393796,0.0011165293,-0.0018390026
"193",-0.0089173697,0.006277114,0.0082287697,-0.0096026599,0.0013901443,-0.00075860596,-0.004507065,-0.001387439,0.00062112626,0.00017193932,-0.00039718203,-7.9104076e-05,0.00027275301,-0.00021072599,0.00081995195,-0.0003923649,0.00078842938,-0.0011854107,0.0039182054,-0.00070716089,-0.00026558934,-0.00032901589,0.00037294145,0.00016613322,-0.00029287269,9.6044164e-05,1.8707273e-05,0.0009217333,-2.7769757e-05,-0.00043680694,0.00088634498,-0.0007205788,-0.0015439345,-0.0011351995,0.0016867109,0.0013327907,-0.0089322035,-0.00014134268,-0.00075509496,6.4400887e-06,0.00049861963,0.00064953629,0.00025648588,-0.00096060714,3.8795666e-05,-4.6883089e-05,0.00050786716,-0.001245931,0.0024288794,0.00033468188,0.00038043554,0.00019413615,0.00035791217,-0.00039033953,-2.8870585e-05,-0.001309734,0.0010348971,0.00076668052,1.0125267e-05,0.00060358376,0.00075324226,6.1795812e-05,8.6292151e-05,-4.0017037e-05,-0.00084959953,-0.0013650782,-0.00033852965,0.0019838851,-8.7738533e-05,6.4512954e-05,-0.00068590915,0.0014676568,-0.0042041444,-0.00015726068,-0.00079141162,-0.00022786313,-0.00043242313,0.000796477,0.00014416466,0.0029216423,-0.0017425683,-0.0015378205,-0.00018283151,-0.00069244741,-0.0010514202,-0.00029157831,-0.00016364065,0.012160018,0.00060807766,0.0016174941,-0.0010861689,0.00052740879,0.00041750458,0.00049745235,-1.5815187e-05,-4.7783744e-05,0.0034252763,-0.0020309319,0.00044324427,0.0010244814,-1.1399146e-06,-0.00039864416,4.6743506e-05,0.00047983633,-0.0020141714,-0.0017852024,-0.0025828947,0.00065931587,-0.0036457376,-0.0019607487,0.0018042895,-0.00023611195,2.3882542e-05,-0.010613871,0.032812547,0.0016112432,-0.0013636262,-0.0021928306,-0.0017541627,0.0016017409,-0.0016883014,-0.0039719895,0.00019402203,0.00065245694,0.00014881071,-0.0052126912,0.0020377717,0.0079674206,-0.00039010782,-0.00032910644,0.0011375959,0.0002329597,-0.0026077964,0.0037305645,0.0012995907,0.0059725085,-0.00089248048,0.0076535984,0.0045637395,-0.0061754623,0.0015940633,-0.00021779129,0.00019217724,-0.00020067463,0.00018587634,0.00044750217,0.00069473017,0.0001144711,5.673889e-06,-0.00084199833,-3.2334093e-05,-0.00062365399,0.00016004347,3.9994074e-06,5.5314031e-05,-0.00054745599,-0.00012409363,-0.00037557723,-0.00025947404,-4.1581368e-05,-0.00077478529,0.00017748119,-0.00055334734,0.00014477142,0.00023120985,2.2922912e-05,-0.00016606189,0.00050983924,0.00047659207,9.9950611e-05,-0.00018553717,-0.00012689649,4.9154229e-05,-0.00011037815,0.001481427,-6.3971189e-05,-0.0010746574,0.0002297752,-2.6543683e-05,6.2724064e-05,0.00041790045,-0.00013582495,-0.00035371719,0.00030511922,-0.00063421485,-0.00058844495,0.00055909265,0.00052067563,-0.00018688709,1.5113663e-05,0.0091756429,-0.011994678,0.01583288,-0.0036759169,0.00068855685,0.00046835727,-0.0035285595,0.0051595342,-0.00067461121,0.0060750518,-0.0080336377,0.0014622844,-0.0014873186,0.0028937513
"194",0.0017210015,-0.0019753788,-0.0016816061,0.0024299314,-0.0003695252,0.00019538086,0.00078290128,0.00018335665,0.00056305484,-5.5211906e-05,4.8598192e-05,5.6743906e-05,-9.902506e-05,-2.390718e-05,6.7893427e-07,2.7071966e-05,8.4938161e-05,0.00020739521,-0.00089329319,9.6248443e-05,1.9009563e-05,6.0945578e-05,-8.40653e-05,-5.2379616e-05,0.00010134301,-2.1022272e-05,0.00012083308,-0.0001125786,-2.1292278e-05,0.0001584929,-0.00020180347,0.00010202476,-0.00032406296,0.00043150048,-0.00056626903,-0.0006912791,0.0068054259,-4.6721651e-05,0.00016648209,1.3444707e-05,-0.00021624142,-0.00019463954,-9.2164419e-06,8.7343063e-05,5.4301135e-06,1.0984167e-05,-0.00017121863,0.00035952588,-0.00089262105,-9.6020946e-05,-0.00012710279,-3.7269308e-05,-8.1642979e-05,1.1872356e-05,-6.45728e-05,0.00031645607,-0.00025896731,-0.00015307237,1.7135241e-06,-0.00020738854,-0.00011090169,3.4095552e-06,-2.5697343e-05,8.7126627e-06,0.00032021819,0.00043891148,5.1873654e-05,-0.00028130989,1.0299686e-05,-2.0611155e-05,0.00028273063,-0.00042747675,0.0013431031,6.2393205e-05,0.00021304882,3.0146237e-05,6.934394e-05,-1.2713651e-06,6.6427806e-05,-0.00070087146,0.00036993093,0.00029949977,-7.3887563e-05,0.00023416578,0.00024999167,1.0290213e-05,5.0594515e-05,-0.0066497543,-0.00071082936,-0.00091625137,0.00054524798,-0.00031005158,-0.00021813073,-0.00048959672,4.5534377e-05,1.6763907e-05,-0.0017435061,0.0010102501,-0.0001331322,-0.00053214205,1.4495994e-05,0.00024209656,3.8933033e-05,-0.00030951136,0.0011287961,0.00083038107,0.0014938847,-0.00014166204,0.0019537349,0.00093741937,-0.00090284621,0.00016163599,-1.551058e-05,0.010347425,-0.02677416,0.0020616255,1.2125185e-05,0.00087703715,0.0021728123,-0.001112663,0.0017932899,0.003595054,-0.00040599949,-0.00062053644,-0.00013750341,0.0041331752,-0.0016533467,-0.0070429286,0.0011622806,0.00049174088,-0.0010022553,-0.00081967429,0.00069293957,-0.0029368218,-0.00026481403,-0.0055663404,-0.00011751867,-0.0065108242,-0.0033704403,0.004931486,-0.001942028,0.00022503216,-3.7722328e-05,2.0385607e-05,2.2201382e-05,-0.00014232119,-0.00018185539,-1.5793903e-05,-7.8276245e-07,0.00020618591,7.0147042e-05,8.1455532e-05,-6.6389712e-05,-7.0383533e-06,-2.2326779e-05,0.00018376226,-2.4523369e-05,0.00012370726,5.3382957e-05,4.902406e-05,0.00020891762,5.1120877e-07,0.00015011879,-2.8700069e-05,-7.1334201e-05,-5.9673055e-06,-0.00014988033,5.494379e-05,-0.00018998116,-2.0674902e-05,2.8749556e-05,5.3735934e-05,-1.6138686e-05,-9.1152361e-05,-0.00057375857,0.00037199089,0.00024309113,2.6647759e-05,1.1742227e-05,-4.336224e-05,-0.00018902824,-0.00013079428,0.00013789408,-9.9418284e-05,0.00012122046,0.00018746676,-0.00019063054,-0.00015869679,4.1034059e-05,-1.0371789e-05,-0.0023334377,0.0029721949,-0.0036759169,0.0019361619,-0.00074550374,-0.0014522,0.00080289496,-0.0011685644,0.00024307036,-0.0014297565,0.0019482456,-0.00045025418,0.00017631609,-0.00053605011
"195",-3.9534681e-05,0.00054285062,0.00043291396,-0.00054691862,7.5108677e-05,-1.9689682e-05,-8.2089565e-05,6.6208988e-05,-0.00039840855,-0.00074272106,7.6796548e-06,-3.2403956e-05,1.2432942e-05,0.00011758654,-2.3368784e-05,-4.1771262e-05,-0.00010815875,-0.0004240666,0.0001094889,1.3347039e-05,4.5904754e-05,5.0021185e-05,-5.4515236e-06,0.00012757193,-1.9011454e-05,-5.5880717e-06,-3.2855914e-05,-7.6922569e-05,1.3983968e-05,-0.00012209474,8.1447663e-05,-1.9281817e-05,6.6560621e-05,-0.00013755127,0.00015636657,0.00023574156,-0.00033376409,-0.00014722135,0.00048819655,-2.7249269e-06,7.9834179e-05,5.9923048e-05,-4.2125473e-05,6.4939479e-05,-6.8964649e-06,-3.740006e-06,4.8595613e-05,-0.00012910811,0.00031153737,1.8092108e-06,5.2395197e-05,7.0443919e-06,-3.6502326e-05,-2.7423009e-06,2.0413165e-05,-9.1485061e-05,0.00010177454,2.8888912e-05,1.5514828e-05,5.0537454e-05,4.1781207e-05,-1.4158154e-05,4.9468342e-06,-1.1922571e-05,-9.3809639e-05,-0.00013882767,3.0227677e-05,-0.00010622327,4.5018188e-06,1.3243047e-05,-0.00016930758,0.0001000389,-0.00026490112,-1.7024671e-05,-9.3497756e-05,1.3947736e-05,4.4086164e-05,1.7017879e-05,-4.0614153e-06,0.00013696904,-9.3031285e-05,-0.00018003431,8.3971088e-05,-8.2741196e-05,-5.3018468e-05,3.1674631e-05,-1.1280897e-05,0.0027787043,0.00021392594,0.00035714865,-0.00021063471,0.00016528955,0.00011707298,0.00025365482,-1.3974124e-05,-8.6316317e-06,0.00066430274,-0.00039310508,6.7946562e-05,0.00022363069,1.016782e-05,-0.0001103793,-2.8952584e-05,0.0001288085,-0.00047599215,-0.00027652672,-0.00067527927,5.5434041e-05,-0.00083507351,-0.0003875347,0.0004024246,-6.6488652e-05,-2.5974103e-07,-0.0081934144,0.01034681,-0.0097048686,0.00030623273,-9.3983886e-05,-0.0028615831,-0.00012487118,-0.002386022,-0.0020322216,0.0021117122,0.0003125272,0.00011390787,-0.002063113,0.0016700339,0.0040856572,-0.0016809288,-0.00096818625,0.00041247363,0.0012562639,0.0038183384,0.00048749616,-0.001623242,0.002803871,0.00063449695,0.0037238121,0.0017920113,-0.0022469706,0.0019463215,-0.00018209608,9.0642648e-06,-2.0929646e-05,-3.1673692e-05,-1.2903106e-05,-8.7867944e-05,1.7762346e-05,-7.746558e-06,0.00013883001,3.0179356e-05,6.226505e-05,5.0280913e-05,3.7574947e-05,-8.0913955e-06,4.3496811e-05,-7.1206657e-05,7.7227399e-06,4.2232314e-05,-4.7766737e-05,0.00014571955,-4.6760281e-06,4.897089e-06,4.9506347e-05,2.4070597e-05,-3.4801472e-06,-1.6895649e-06,8.379452e-07,-6.596885e-05,3.4391811e-05,0.00012237441,-5.954341e-05,1.1154553e-05,-0.00014854465,7.3309454e-05,-0.00043812262,3.5358481e-05,-0.00010075564,5.6702687e-05,-3.3328067e-05,0.00019880803,8.4869984e-05,-6.5023571e-05,6.2573525e-05,-0.00027548996,-8.6617941e-05,9.1051001e-06,-0.00012860406,-1.2163379e-05,1.8644811e-06,0.00053629773,-0.00062938358,0.00068855685,-0.00074550374,0.0012418858,0.0038179221,-0.00014904917,0.00010371319,9.4464666e-05,0.00025739989,-0.00036946105,7.5640836e-05,0.00011411109,-0.00026243856
"196",0.0010457183,0.0003425744,0.0012375751,-0.00055443321,-4.6192412e-05,7.2181991e-06,-8.1485954e-05,0.00022743678,-0.0010667283,-0.0033635638,9.7307479e-05,0.00011780761,-3.2065753e-05,0.00037329735,-4.9489666e-05,-0.00069330429,-0.00039829747,-0.0036128809,-0.00018180265,-0.00030769351,0.00021851775,0.00022994163,1.3283347e-05,0.0002788466,-1.1969593e-05,0.00014023516,-1.1312882e-05,-0.00047445638,-0.00029137388,-0.0012366557,0.00064570724,-0.00062062274,-0.0003473737,0.0001371604,-9.7506454e-05,0.00025588398,0.0043259091,-0.00082096923,0.0018574254,1.3054779e-05,-5.4803611e-05,-1.2808968e-05,-0.0002541957,6.4555025e-05,-1.653201e-05,-9.6251197e-06,4.9658423e-05,-0.00036684615,0.00049322408,-6.4979273e-05,0.00012588888,-3.5035998e-05,-0.0003264965,-2.9904185e-05,6.2665329e-05,-9.0671153e-05,4.9115805e-05,-9.2992082e-05,2.7670963e-05,2.4803174e-06,4.2841846e-05,-8.768785e-06,-1.3047814e-06,9.0120818e-05,3.2317376e-05,-0.00021420817,0.00023875907,-0.00026982285,2.3691381e-05,2.8051869e-05,-0.00026725446,0.00030416852,-0.00011499874,0.00021418456,-0.00022859163,8.4413656e-05,0.00034022618,4.6862178e-05,3.0910795e-05,-9.6093697e-05,0.00010289011,-0.00037486928,0.0003070081,2.2836001e-05,-7.1175821e-05,8.8808373e-05,6.6209393e-06,0.0059036781,0.0019872626,0.00075617435,-0.00048351229,0.00064482781,0.00026276125,0.00070615774,-0.00012043767,-1.1177928e-05,0.001242338,-0.0011084312,-0.00049543007,0.00035270524,5.4495736e-06,-0.00017855432,-0.00011505132,0.00031885108,-0.0010694551,-0.00039136181,-0.0015406929,-6.3294536e-05,-0.0019335156,-0.00099154167,0.0011976481,-0.00014342212,3.9875552e-06,-0.027139233,0.022765608,-0.039552432,-0.0024894009,0.0017859858,-0.010635209,-0.0012301518,-0.0090719802,-0.0053421433,0.0086087968,0.0010740522,0.00031960282,-0.0058469722,0.006113727,0.013160726,-0.0061786794,-0.0035965228,0.00089948933,0.0046879152,0.016543803,-3.0585864e-05,-0.0071776276,0.0073941215,0.0022706312,0.010848576,0.0049876913,-0.0060657994,0.0068552932,-0.00062072643,8.5475266e-05,7.2044156e-05,-7.6041941e-05,-5.1719184e-05,-0.00044188329,3.2732519e-05,-1.4799708e-05,0.00053038609,0.00026538728,0.0003324178,5.3743253e-05,0.00021057456,-6.9951017e-05,0.00025313108,-0.0002114187,-2.7714534e-06,1.866462e-05,-0.00011336556,0.00056680807,7.8799634e-05,0.00027787863,0.0002288049,1.6480552e-05,-1.5882897e-06,-0.00037758395,0.00035016245,-9.0664436e-05,0.00016598135,0.0006815636,-0.00010638765,1.5583993e-05,-0.00073774169,-0.00040117442,-0.0014386033,0.0010179964,-0.00047692012,0.00023407803,-0.0002976996,0.00027986017,0.00021793033,-4.0034229e-05,0.0005388757,-0.00098282949,-0.00059059644,-0.00036666301,-0.00062299364,-9.7887911e-05,8.2485079e-06,0.00057972592,-0.00058636146,0.00046835727,-0.0014522,0.0038179221,0.018824151,7.8546211e-05,-0.00028438129,-0.00020470598,0.00012141756,-0.00016611017,-0.00047987091,0.00094553809,-0.0026691993
"197",0.0031167955,-0.0019874627,-0.0028257027,0.0021397192,-0.00051190372,0.0001671629,0.0012344645,0.00038728346,-0.00014109387,-3.7845974e-05,0.00013359047,5.5852262e-05,-5.2241829e-05,7.0156291e-05,-0.0001910149,7.8893421e-05,-0.00031163066,0.00037572795,-0.0024418542,0.00032003093,0.00010768102,0.00032571359,-0.00016605656,-0.0005438354,0.00024099985,-0.00013194485,-7.8968237e-05,-0.0007495513,0.00018715052,-0.00047093767,-0.00050344557,0.00022044773,0.00046445434,0.00046798151,-0.00038928906,-0.00055348401,0.0014819163,-0.00018765457,0.0001573856,6.1713029e-06,-0.00016794214,-0.000229704,-4.4818226e-05,0.00050959863,5.1448735e-05,3.5344907e-06,-0.00032120047,0.00032371879,-0.00066400903,-0.00018226504,-0.00011799547,-6.2953819e-05,-0.00022657329,0.00011781928,9.2161769e-06,0.00030362715,-0.00034190856,-0.00036945306,7.141671e-07,-0.000188269,-0.00036264498,-3.0091329e-05,-2.4435726e-05,-4.2542937e-05,0.00024070309,0.00040661308,9.4951575e-05,-0.00082498941,-6.3290412e-05,-1.2635482e-05,0.00049923229,-0.00036975145,0.00098517041,5.244599e-05,0.00027203948,4.7003813e-05,0.00021456782,-0.00025044508,-4.1440847e-05,-0.00087190042,0.00065993915,0.00052431323,-4.1789224e-05,0.00016778541,0.00045456503,9.9016457e-05,4.1182945e-05,-0.0019131746,0.0012485719,-0.00019802586,0.00015103587,2.4459849e-05,-4.1713872e-05,-1.2870873e-05,-8.8231135e-06,2.3978593e-05,-0.00067387495,0.00034083575,-0.00076765522,-0.0001812269,-1.8398762e-05,9.7015527e-05,-0.00010449425,3.5221833e-05,0.00033271706,0.00039644585,0.00037428711,-0.00037428361,0.0006210651,0.00029767407,-0.00017809052,-1.1053455e-05,9.5309652e-06,0.00013460946,-0.0038003443,-0.0004315493,-0.00030700121,0.0016837535,1.0496729e-05,-7.5397008e-06,-7.7996322e-05,0.00035562214,-0.00016314681,5.3042423e-06,-5.7133565e-05,0.0004060374,-0.00029947966,-3.2054061e-05,-0.0001495153,2.9135546e-05,-0.00011217064,0.0002783278,0.00023053935,-0.00019497442,-0.00027462024,-0.0004158972,0.00036667183,-0.00073507886,-0.00061856402,0.00040734824,4.7980724e-05,4.2919049e-06,5.3154698e-05,-0.00018327517,8.1254697e-05,-3.8174312e-05,-0.00035513133,-2.4016475e-05,5.7279403e-06,6.0024664e-05,0.00014743977,0.00059575755,-0.00023320083,7.6194104e-06,-2.3191604e-05,0.00022199535,7.407406e-05,3.193246e-06,-2.8019552e-05,0.00020209324,0.00039572018,0.00015443134,0.00044745306,-0.00014723714,-0.00018047479,-1.0190353e-05,-0.00026178133,0.00018074372,-0.00018490107,-0.00032797525,0.00010069994,1.5457604e-05,-3.5526197e-05,0.0003440161,-0.00059523973,-0.00065990282,0.00060308037,1.2185828e-05,-7.464458e-05,4.4673641e-05,-0.00046996934,0.00019298406,0.00047150633,-0.00028247748,0.00015808009,0.00011460658,-0.00050769517,0.00018947247,0.00019956205,-7.2589857e-06,-0.0020523165,0.0026616067,-0.0035285595,0.00080289496,-0.00014904917,7.8546211e-05,0.0025683177,-0.0031784947,0.00037608081,-0.0042831035,0.005095714,-0.00096422208,0.00034838503,-0.0011473921
"198",-0.0042297886,0.0032627323,0.0042699748,-0.0031968222,0.0006986249,-0.00035015904,-0.0018093514,-0.00049549201,0.00021507334,0.00014848501,-0.00018831303,-0.00010041055,0.00013841998,-0.00017737624,0.00033331117,-0.00021852191,0.00053133023,-0.00080526603,0.0033750556,-0.00069780223,-0.00060799419,-0.00050330001,0.00035392799,0.00031289566,-0.00024834611,0.00018218245,9.6512563e-05,0.0011399373,-0.00036642352,0.00041891732,0.0008272173,-0.00055442219,-0.00017841417,-0.00033934865,0.0004213205,0.00052500398,-0.0018295553,-0.00027183011,0.00044846392,-4.0432953e-06,0.00020996441,0.00027330802,-1.1019059e-05,-0.00068745533,-7.7241564e-05,-1.2128964e-05,0.00048222765,-0.0005777852,0.0010629533,0.00030619991,0.00016649655,4.1927598e-05,0.00030431297,-0.00019375143,-2.655339e-05,-0.0004597639,0.00045239956,0.00054111744,-4.4696523e-05,0.00028879877,0.00036841794,1.4066405e-05,3.5496586e-05,1.7320641e-05,-0.00039986053,-0.00059217727,-0.0001316355,0.0012067641,0.0001007042,1.5730713e-05,-0.00063104818,0.00063955283,-0.0018500515,-4.6291417e-05,-0.00039655694,-4.4138937e-05,-0.00021772755,0.00030257796,7.6563373e-05,0.0013913632,-0.00091117166,-0.00065888492,8.2235363e-05,-0.00025034263,-0.00065327247,-0.00011918582,-7.6413255e-05,0.0032949374,-0.00070048275,0.00042583037,-0.00026379056,4.7348258e-05,1.0231033e-05,-4.1767922e-05,-1.3684754e-05,-2.5865622e-05,0.0012076612,-0.00050292106,0.00059349216,0.00030834552,1.3257122e-05,-0.00012522516,0.00017021762,2.2747296e-05,-0.00049009861,-0.00057029942,-0.00060569132,0.0005653948,-0.00099725465,-0.00044599881,0.00048603436,-4.8603235e-05,-5.0696396e-06,-0.000883228,0.005467706,0.0015311545,-0.0018679561,-0.0018618184,-0.00013115295,0.00022449494,5.1987002e-05,-0.00034527658,4.9186803e-05,7.5493658e-05,5.1420982e-05,-0.0011545583,0.00033789165,0.0011616736,0.00018868632,5.8008489e-05,0.00014612678,-0.00049535271,-0.00090488177,0.00042067779,0.00053995227,0.00061380066,-0.00071863649,0.0011508478,0.0008416461,-0.0010311297,3.3928784e-06,-1.2694412e-05,-1.536231e-05,0.00035130099,-5.6153693e-07,0.00021218417,0.00050346877,2.8326616e-05,2.379202e-05,-0.00042118116,-2.9705506e-05,-0.00066441464,7.2457995e-05,2.8386289e-05,2.3921097e-05,-0.00029419882,-7.7873551e-05,-4.8628742e-05,-0.00015569118,-0.00015558736,-0.0010182578,-3.86991e-05,-0.000645418,0.00030181112,0.00021093968,3.3666268e-05,0.00029907067,-0.0003127757,0.00036367562,0.00039070445,0.00011647177,1.3208157e-05,2.3691614e-05,-0.00044922769,0.00065985088,0.00080649253,-0.00014857064,-7.8908406e-05,5.4581914e-05,-0.00030574188,0.00036810464,-0.00039877574,-0.00054937113,0.00027729738,-0.00012995973,-0.00032000329,0.00041937136,-0.00047668939,-0.00023385055,8.0431301e-06,0.0030165355,-0.0040317409,0.0051595342,-0.0011685644,0.00010371319,-0.00028438129,-0.0031784947,0.0047236171,-0.0012970855,0.0056628572,-0.0072543676,0.0012380602,-0.00046443042,0.0012111846
"199",0.00032570094,-0.00071232148,-0.00034468442,0.00059142152,-3.0081003e-05,0.00026088452,0.00020026388,0.00018793362,4.8063219e-05,-0.00010256459,8.3650918e-06,4.492842e-05,-0.00019136883,0.00024334216,-0.00023732919,0.00043922121,-0.00030838438,0.0010106148,-0.00049645831,0.00049891222,-0.0025373336,-4.8231194e-05,-0.00024675935,0.0012300831,7.6615426e-05,-0.00012788931,-0.0001467965,-0.00039301492,0.00056733201,0.00012682021,-0.00031416258,0.00037957323,-0.002185028,0.00042361007,-0.00023437206,5.5127867e-05,0.000142016,0.00033146269,-0.0010217904,6.7856159e-05,-0.00030620813,1.1261147e-05,0.00023372428,0.00020275718,-3.5209075e-05,1.9164459e-05,-0.00031179679,0.00021098724,-0.00028537733,-0.00015461709,-4.4313812e-05,-5.1156192e-05,-0.00017655599,-5.9690902e-05,-0.00019576734,-0.00010607483,9.5823227e-06,-0.00016767882,8.3866678e-05,-2.43944e-05,-0.00019169602,-5.5773477e-05,5.2251151e-07,3.4585773e-05,0.00038916316,6.2332761e-05,-5.199387e-05,-7.40751e-05,3.0700744e-05,-1.071053e-05,-7.0720964e-05,-0.00031910485,0.00081523716,-5.6698618e-05,8.4314624e-05,-7.3848894e-05,2.3082299e-05,6.5863616e-05,4.4746605e-05,-0.00018915314,-1.0437668e-05,-0.00034505928,-1.9187733e-05,-0.00017039698,0.00015617161,5.939689e-05,3.0053771e-05,-0.00097568431,-0.0017069046,-0.00031240775,0.00010537409,-8.0119498e-05,0.00014486686,-1.8817554e-06,4.6971442e-05,-4.3916731e-06,-0.00049277622,0.0001736173,0.0004060024,-0.00013964646,4.977239e-05,3.9320776e-05,-1.7109448e-05,-8.8319481e-05,2.5005464e-05,1.2578672e-05,8.9245223e-05,-0.00027696271,0.00026182792,5.9052634e-05,-0.0001915623,0.00011660609,-2.9928821e-06,0.00039221135,-0.0016081243,-0.00092010558,0.0033794566,0.0010313299,0.00026955495,-0.00023952083,2.07017e-05,-0.00022405509,4.081824e-05,-4.4859853e-05,-8.5831272e-06,0.00063069874,4.2637304e-05,-0.00088021987,-4.9891833e-05,-0.00011655532,-3.2148985e-05,0.0002458648,0.00070448704,0.00015640449,-0.00015205495,-0.00014087976,0.0005966153,-0.00052035702,-0.00031235859,0.00057690679,-2.8374468e-05,3.721329e-06,-0.00043039159,-0.00057615655,-0.00021297232,-8.6737104e-05,-2.3108298e-05,9.889603e-06,-1.0016421e-05,0.00082246003,0.00028291892,-4.585979e-05,-0.00032312354,-0.00012122491,0.00021243225,5.3023947e-05,-0.00029348184,0.00010455391,0.00024314321,0.00011633952,0.0012127028,6.0871804e-05,0.00068345736,-9.9358886e-05,-0.00010617781,-5.7122388e-05,0.00012526209,5.8479858e-05,-0.00022016573,-0.00038815824,-0.00043352746,-1.6856455e-05,-3.442463e-05,0.00044586643,6.8295451e-05,0.00032850011,0.0008449147,0.00034159036,-0.00021212913,0.00071751774,0.00026489246,0.00052001335,0.00070322617,5.7013758e-05,0.00022376961,-0.00038762453,-0.00029135433,-0.00011913471,3.2962901e-05,-2.4361258e-05,-0.00050130724,0.00070955754,-0.00067461121,0.00024307036,9.4464666e-05,-0.00020470598,0.00037608081,-0.0012970855,0.0055648373,-0.0011100107,0.0015545285,-0.00015788483,-0.0057816958,0.0096195835
"200",-0.0054754618,0.0033329499,0.0043363419,-0.0036398446,0.00091946012,-0.00038729945,-0.0020258286,-0.00066666196,0.00021722186,8.9661344e-05,-0.0002523982,-7.8404457e-05,0.00016176266,-0.00020068086,0.00038851585,-0.00024347906,0.0006042513,-0.00086071466,0.0043344585,-0.00081071474,-0.00034647869,-0.00045974773,0.00029331041,0.00077582688,-0.00041663868,0.00030035202,-0.00052970721,0.0015555897,-0.0003774156,0.0011071094,0.0012831808,-0.00084151714,-0.00056175961,-0.00053711095,0.00072135188,0.00071551123,-0.0020807251,0.00012269017,-0.0022808634,1.705806e-05,0.00025965427,0.00030572354,0.00014278112,-0.00084737812,-0.00010123147,-2.6317783e-06,0.00063121578,-0.0005480048,0.0012215035,0.00023239089,0.00015993809,0.00010878829,0.00033469024,-0.00017183581,6.5369908e-05,-0.00061133622,0.00058763756,0.0006673714,-6.16718e-05,0.00038924876,0.00047679832,1.6421011e-05,4.2997363e-05,2.3238751e-05,-0.00039448996,-0.00067615884,-0.00029469355,0.0012537143,8.1965797e-05,1.4232026e-05,-0.00075928247,0.000435742,-0.0019058062,6.8818401e-05,-0.00043215584,-9.0909688e-05,-0.00029421741,0.00043886685,8.1757106e-06,0.0015731971,-0.0011525703,-0.00073360985,6.9228831e-05,-0.00030056784,-0.00067046099,-0.00020216259,-7.0042429e-05,0.0036124121,-0.0011893296,0.00041492541,-0.0003573916,3.9715492e-05,6.9056761e-05,7.6469655e-05,-3.0193008e-06,-4.1585414e-05,0.0013093198,-0.0005862103,0.0008693463,0.00032785291,3.5576694e-05,-0.00013439938,0.00020560723,-2.5230138e-05,-0.00058992964,-0.00060057703,-0.00070246212,0.00065943056,-0.0011514836,-0.00048459943,0.00050045647,-6.2281035e-06,-1.4562321e-05,-0.0010884289,0.0064949546,0.00058844542,-0.0022305075,-0.0035366153,-0.00022908916,0.00018932201,-7.1650552e-05,-0.0005549119,0.00031646296,1.751381e-05,0.00010722587,-0.00098897103,0.00045059132,0.00087506555,0.00028012408,-9.6002093e-05,0.00014415411,-0.00068836216,-0.00037116475,0.00036547553,0.00044042478,0.00074152644,-0.00069766196,0.0014778058,0.0011521182,-0.0010098734,8.0455977e-05,-1.1876141e-05,-4.1515679e-05,0.00029968334,-4.6555964e-06,0.00022528253,0.00082017552,6.1958504e-05,7.4402422e-06,-0.00038556583,-0.00014089853,-0.00091683934,0.00036820406,1.0014769e-05,1.3804761e-05,-0.00044843959,-0.00032390105,-0.00019971257,-5.6461057e-05,-0.00024967698,-0.00096501798,-0.00012728232,-0.00083689003,0.00017956601,0.00027857207,2.5985825e-05,-0.00027056921,7.6226403e-05,0.00073017892,0.00047974831,-0.0011036924,0.00025900004,2.9144145e-05,-0.00041914886,0.0014556229,0.001950958,-0.00063703829,2.8602863e-05,0.00030251503,0.00073665864,0.00093281997,5.5457811e-05,-0.00065856371,0.00079378566,-0.00011907762,-9.7656334e-05,0.00098826304,-8.5974983e-05,-0.00053370707,-5.3824302e-06,0.0035290352,-0.0046099289,0.0060750518,-0.0014297565,0.00025739989,0.00012141756,-0.0042831035,0.0056628572,-0.0011100107,0.0089753193,-0.010020271,0.0019096402,-0.0010709417,0.0040558905
"201",0.0073491002,-0.0043487451,-0.0053454159,0.0047991517,-0.0011140563,0.00054063446,0.0024657125,0.00083560249,-0.00021545425,-0.00012162274,0.00029680106,7.6261782e-05,-0.00018390567,0.00024552148,-0.00035185499,0.0003014887,-0.00076437986,0.0012187554,-0.0053381744,0.00091137443,0.00093654204,0.00044971201,-0.00031859105,-0.00074409625,0.000485199,-0.00031071558,0.00068765938,-0.0024919021,0.00064555953,-0.0017477115,-0.0017492781,0.00083670067,-0.0011886999,0.00051816108,-0.0013592526,-0.00077812885,0.002695666,0.00070852054,-0.00066659478,-2.1678412e-05,-0.00026392237,-0.000414165,-0.00019982571,0.00092625155,0.00010962098,1.0911905e-05,-0.00067706966,0.00067117331,-0.0015072347,-0.00028909963,-0.000238932,-9.0885788e-05,-0.00042488244,0.00028376552,-8.071032e-06,0.00081534905,-0.00068898925,-0.00073525827,0.00011260494,-0.00044201473,-0.0005408491,-1.2443026e-05,-5.1506111e-05,-9.3127745e-05,0.00056819524,0.0010091777,0.00033329112,-0.0017794837,-6.3523333e-05,-1.8374394e-05,0.00088298141,-0.00043773932,0.0026834218,-0.00053359473,0.0006924717,0.00010872783,0.00047751461,-0.00060838043,-4.8026124e-05,-0.0022233742,0.0015220709,0.00097437792,-2.1017444e-05,0.00055312933,0.00099765641,0.00031649461,9.0682288e-05,-0.0052924698,0.0019646364,-0.00062108195,0.00049512404,-3.1454547e-05,-0.00015056328,-1.1457868e-05,-2.4967843e-05,5.0074384e-05,-0.0019237806,0.00071774767,-0.0011463958,-0.00026249659,-5.3227169e-05,0.0001810981,-0.00027486573,-5.7343929e-05,0.00080352169,0.00092975672,0.0010400378,-0.00087918792,0.0016585318,0.00067688069,-0.00076582164,-3.0764873e-05,2.1034731e-05,0.0023783358,-0.0096405844,-0.00067573298,0.0019452994,0.0047292476,0.00046346239,-0.00034123524,8.6161888e-05,0.00109356,-0.0004192381,3.1227176e-05,-0.00013642544,0.0016309419,-0.00068668566,-0.001338574,-0.00055576827,0.00014789308,-0.00022247269,0.00075380845,0.00059343788,-0.0006391012,-0.00078554683,-0.0013687823,0.0007762007,-0.0023150768,-0.0016018075,0.0016195639,-5.2185035e-05,2.465168e-05,-1.6611184e-05,-0.0004747319,4.7795628e-05,-0.00031943946,-0.0006999893,-7.3936265e-05,-2.33865e-05,0.00041262545,8.5347274e-05,0.0010117491,0.00010720237,-7.9317586e-05,-2.8957159e-05,0.00030839934,0.00019745243,8.7493632e-05,0.00014399151,0.00019438373,0.0012077172,-5.3514648e-05,0.0008501771,-0.00051958399,-0.00041451621,-3.8388075e-05,-0.00012455638,-0.00018998212,-0.0013285311,-2.7297658e-05,7.2904242e-05,0.00012721981,-4.8327225e-05,0.0010952475,-0.0012620894,-0.0011313483,-0.0016201133,0.00021496217,-0.00022688538,-3.3562148e-05,-0.00099522072,0.00014538403,0.00044063428,-2.4501696e-05,0.0007901688,0.00086602378,-0.0004619742,0.00046877906,0.00091849425,5.2672668e-07,-0.0045620295,0.0060632514,-0.0080336377,0.0019482456,-0.00036946105,-0.00016611017,0.005095714,-0.0072543676,0.0015545285,-0.010020271,0.013774593,-0.002720458,0.00062951418,-0.0020086572
"202",-0.0014952146,0.00049166975,0.00069484037,-0.00078715316,0.00020008698,-8.5938678e-05,-0.0004095617,-0.0001198272,-9.0253198e-06,7.3605569e-05,-2.8022592e-05,-4.2263783e-05,2.5242476e-05,-7.4338895e-05,-1.3236591e-05,5.2093407e-05,3.8969995e-05,-3.6096894e-05,0.00094067235,0.00059043052,-4.258722e-05,-6.9424477e-05,-7.2870218e-05,-4.5568738e-06,-0.00011005218,-3.8741769e-05,-0.00068118842,0.00038686534,0.00015026667,0.0016856489,-0.00031128948,0.00063430039,0.0012192064,-8.7147123e-05,0.00030475135,0.00075335309,-0.0025823111,6.8395984e-05,-7.2433381e-05,-1.5310026e-05,1.646759e-05,0.00014255392,0.00010605805,-1.5490984e-05,-2.9934391e-05,-3.5854438e-07,0.00013007784,-2.4796977e-05,9.0321569e-05,3.6442257e-05,5.2306003e-05,1.5611408e-05,3.213569e-05,-8.5323818e-05,-8.4711242e-06,-0.00016819643,9.3718694e-05,9.3695268e-05,-3.5778211e-05,7.5661874e-05,0.0001424534,9.1411225e-07,7.9061808e-06,-5.4011199e-05,-2.2786827e-05,-0.00022920879,-8.2772869e-05,0.00033611354,2.3795438e-05,-1.6375337e-06,-0.00030104529,-0.00011795075,-0.00032287241,0.00022974063,-9.1570762e-05,2.2052632e-06,-2.2397959e-05,3.9622154e-05,-0.00014564453,0.00044174229,-0.00024894303,-0.00018154425,1.2486001e-06,-0.00017886664,-0.0002429418,-6.718853e-05,-1.1023115e-05,0.00041030182,-0.003438434,-8.7799049e-05,5.192198e-05,-0.00032910365,0.00013985593,-5.7095392e-05,3.734853e-05,-2.0425473e-05,0.00014862478,-5.6999139e-05,0.0013760186,-5.7649025e-05,2.5439041e-05,-8.4492472e-05,-1.0343279e-05,-3.3984313e-06,-0.00010188517,-0.00033965956,-0.00026514781,0.00010985205,-8.2086205e-05,9.5128168e-05,-0.00022126789,0.00011421656,-1.5202217e-05,0.00096264421,0.0034814448,0.00097554893,0.0039080282,-0.0054709278,0.00049770142,-0.0002757892,0.00082809159,-0.00070187243,8.8487179e-05,-0.00029461224,8.4175856e-05,0.00075648308,-0.00013353772,-0.0035188959,0.001124822,-7.3136564e-05,0.00024187183,-0.00011729132,-0.00045314671,3.5907271e-05,0.0011765636,0.00076443532,0.00069884117,0.00058562486,0.00057645326,0.00047591046,-0.0004581393,9.6667795e-06,-2.67391e-05,-2.254064e-05,-0.00011766834,-7.36979e-05,-0.00014938895,-4.8476338e-05,9.5401746e-06,7.6219317e-05,-0.00011518221,-5.7271347e-05,-0.00011992545,1.1848753e-05,1.2165442e-05,-5.1741075e-05,-9.6855966e-05,8.0186042e-05,-9.4605567e-07,5.0708372e-05,3.1614338e-05,5.1498271e-05,-5.2361229e-05,0.00014222667,2.3039979e-06,5.2096789e-06,0.00010575328,1.7184991e-06,0.00050390357,6.945859e-05,0.00010487812,-6.1427967e-05,-1.6125479e-05,0.00012098818,0.00074658265,0.00015510406,0.00083784868,1.3999335e-06,-6.3642268e-05,3.7847674e-05,0.00078417005,0.00046963094,-0.00013478561,-3.9378198e-05,-0.00019223003,-0.00068027162,-9.5949724e-06,7.2921912e-06,-0.00012542211,-1.7668995e-05,0.00075268318,-0.0010393796,0.0014622844,-0.00045025418,7.5640836e-05,-0.00047987091,-0.00096422208,0.0012380602,-0.00015788483,0.0019096402,-0.002720458,0.0021228238,0.00051557152,-0.0010142915
"203",0.00090574929,-0.00068633379,-0.0012943959,0.00071374572,-0.00036717824,2.0764359e-05,0.00068383345,2.1549975e-05,-0.00022997743,-0.00016522338,9.5305753e-05,3.5352497e-05,2.8259326e-05,-5.6550861e-05,-0.00010038856,-0.00015519575,-0.00011862127,-0.00038768497,-0.00092557251,0.00047394041,0.0046679903,0.00036013739,-0.00021952321,-0.00094523372,-4.5674599e-05,-3.0627419e-05,0.00013726873,-4.7854009e-05,-0.00068127838,-0.00010342998,-7.0377741e-05,0.00046236314,0.005096991,-0.00077769235,0.0003523591,0.00021713247,-0.0003560591,4.9433501e-05,0.0022365592,-0.00012541055,0.00039403719,6.7457981e-05,-0.00017997068,0.0001407461,0.000101434,-1.324796e-05,0.00021152588,2.8365749e-05,-0.0001661342,0.0001026089,4.3864757e-05,4.2240749e-05,0.00010937685,-2.3620826e-05,0.00014835171,0.00028749221,-0.00013544217,-0.00014590609,-3.2352094e-05,-0.00016620024,0.0002093751,5.1376394e-05,-1.215656e-05,-5.7522043e-05,-0.0003565115,0.00015308366,0.00018233697,-0.00015349618,-6.6119273e-05,1.5815658e-05,1.6476155e-05,0.0002388036,9.9677243e-05,0.0003957072,-5.3371809e-05,0.00011194361,-0.00012994848,-0.0001900647,-0.00013232558,-0.00024116102,0.00026815101,0.00034386535,1.246409e-05,0.00023470966,-7.3885288e-05,-7.8261553e-05,6.1410562e-06,-0.00074037135,-0.0011434456,-4.2698757e-05,0.00018020021,-0.00023895774,-9.7823446e-05,-3.3613811e-05,-9.1613292e-07,1.0149749e-05,-0.00019197947,-2.4130038e-05,0.00067168247,-8.6085426e-05,-8.1493287e-06,-5.606764e-05,-3.4946925e-05,1.2802576e-05,0.00018223173,1.5814994e-05,0.00016504789,4.2522121e-05,0.00024283068,0.00017528816,-0.00037680423,-9.9741744e-06,-6.9402322e-06,-3.3643287e-05,0.00099744345,-0.0018005251,0.0036040436,-0.0034325285,-0.00023465685,-0.00047777815,0.00028299704,-0.00029916384,0.00066103009,-0.00023542984,6.0385636e-05,0.00069790207,8.3473645e-05,-0.0029561292,0.00049136744,-0.00023297085,0.00012329345,8.5158257e-05,0.00072393665,-0.00057533357,0.00028082284,0.00040930072,0.00042820173,0.00057291313,0.00035663519,0.00049688416,-5.3095749e-05,-1.1057234e-05,0.00045776732,0.00039288205,-0.00034633375,-0.00049553384,-0.0010122089,-7.8514181e-05,-5.5284715e-05,-1.5608465e-06,-0.00042803461,0.00051376788,0.00040696788,0.00013756468,-0.00030360769,0.00040044508,0.00061811343,0.00056435596,0.00024023141,-0.00025676141,-2.9038942e-05,-0.0002172728,-0.0004590951,0.00020083269,6.1739227e-05,3.0721034e-05,-0.0001193543,-0.00014704967,0.00033089998,0.0004586799,0.0010406316,3.2325363e-05,3.1993353e-05,-0.00071588336,-0.00061119362,-0.0019083975,-0.00064384376,-0.00058419642,0.00021997361,-0.00082351748,-0.00033804152,-0.000926117,-0.00070540603,-0.00039269776,-0.00057849193,0.00056197734,0.00055493138,-0.00022804197,-0.00023199266,6.1195468e-06,-0.00074591414,0.0011165293,-0.0014873186,0.00017631609,0.00011411109,0.00094553809,0.00034838503,-0.00046443042,-0.0057816958,-0.0010709417,0.00062951418,0.00051557152,0.010922473,-0.018664705
"204",-0.00083330695,0.0015278987,0.00372486,-0.00089900417,0.00047149627,9.0827849e-05,-0.0016806348,0.00041114526,0.00035342003,0.00046280579,-5.6805331e-05,-1.1296151e-05,5.9518052e-06,4.1067149e-05,0.00028939641,0.00039864041,-0.00017905668,0.0014265437,0.002023192,-0.00066521326,-0.0083118258,-0.00031728135,-0.00039029338,0.0040665581,-0.00017868946,0.00068816487,-0.0021046258,-0.00065002281,0.0033574702,-0.0028431094,0.0011560564,-0.0013293671,-0.015232504,0.00075411006,-0.00176847,0.0003201802,-0.0011723054,-0.00042830152,-0.0071363338,-1.6674195e-05,-0.00047609092,0.00013972038,8.7415282e-05,-0.0009426468,-9.6060432e-05,3.4431822e-06,-0.00034859233,0.00018550528,0.0005409639,0.00042650361,-0.00015844893,5.6860868e-05,0.00021226523,-0.00024880813,-4.631377e-05,-0.00022479499,0.0003445865,0.00041652235,-4.0186765e-05,0.00027561859,-0.00010926324,-0.0001873849,1.1966157e-05,-9.8228611e-05,-6.2788897e-06,-0.00067185376,8.1503428e-05,0.0002773766,0.00040118894,-1.1321079e-05,0.00038597336,-0.00070017611,0.0003517514,-0.0028549832,0.00030749831,-0.00018511094,7.6170789e-05,0.00045089642,-1.0477407e-06,-2.4505598e-05,4.0233913e-05,-0.00027444436,0.00030967659,2.7171709e-05,-0.00041107351,0.00041460964,-9.0859514e-06,0.0009521327,0.00029603808,-4.7465518e-05,-0.00010746568,0.00056137385,1.970939e-05,-0.0001586378,-7.3554842e-05,-1.962425e-05,0.00010057465,6.9641288e-05,-0.00056067532,0.000772061,-1.030736e-05,3.3991759e-05,4.3216074e-05,7.4952661e-05,-8.7640792e-05,-0.00016981651,-0.00024596956,0.00013490448,-0.00048060094,-0.00035045848,0.00037592496,-0.00019942209,-3.1055318e-06,0.00043580349,0.0019487772,0.0054155581,-0.003705909,0.0034367825,0.0014965717,0.00045075885,-0.00068549921,1.6892283e-05,-0.0010611424,0.00033060147,-6.8829522e-05,-0.001132461,-7.5732678e-05,0.0035628738,-0.00097975606,0.00041853702,-0.00012656514,-0.00069204528,-0.0024764048,0.001335341,0.00048379579,1.4819405e-05,-0.0010053156,-0.00021158256,-0.00010358512,-0.0010300533,0.0001169215,4.8898457e-05,-0.0010054185,-0.00039987919,0.00067932312,0.00067792686,0.0020202421,0.00031156429,5.1938476e-05,0.0002456611,0.00043185873,-0.0012054839,-0.0001660556,-0.00034170559,0.0005289771,-0.00040804346,-0.0016359769,-0.0010482874,0.0002581653,0.00019192353,-9.6699981e-05,0.00055528486,0.00100502,-0.00043844476,-2.7359784e-05,-6.9627889e-05,0.00032251282,-0.0012368929,-8.9761544e-05,0.00071575687,-0.0045912151,0.00013759122,0.00012166434,0.0027738009,0.0044492196,0.0064413259,-0.0052698763,0.0020907988,-0.00070473789,0.0038943841,0.00035677439,0.00025794404,-0.0014949391,0.0016679427,0.0030014663,-0.00020424372,-9.7352528e-05,0.00040408782,0.00027498052,-7.979785e-05,0.0014701617,-0.0018390026,0.0028937513,-0.00053605011,-0.00026243856,-0.0026691993,-0.0011473921,0.0012111846,0.0096195835,0.0040558905,-0.0020086572,-0.0010142915,-0.018664705,0.06093384
