Mplus VERSION 9
MUTHEN & MUTHEN
10/07/2026  10:57 AM

INPUT INSTRUCTIONS

  TITLE:
  Round2C XLIN_MI10 attempt01
  DATA:
  FILE = "data.dat";
  VARIABLE:
  NAMES = fid x1 x2 x3 x4 x5 y1 y2 y3 y4 y5 c1 c2 c3 c4 c5 c6 c7 c8 c9 c10 c11 c12 c13
       c14 c15 c16 c17 c18 c19 c20 c21 c22 c23 c24;
   MISSING=.;
   CLUSTER=fid; USEVARIABLES=x1-x5 y1-y5 c1-c24;
  ANALYSIS:
  TYPE=COMPLEX; ESTIMATOR=MLR; PROCESSORS=1; COVERAGE=.005; ITERATIONS=1000;
  MODEL:
  ix sx | x1@0 x2@0.4 x3@0.6 x4@0.8 x5@1;
  iy sy | y1@0 y2@0.4 y3@0.6 y4@0.8 y5@1 ;
  iy ON ix (bii);
  sy ON ix (bis);
  sy ON sx (bss);
  sy ON iy (bsyiy);
  ix WITH sx;
  ix sx iy sy ON c1-c24;
  sx WITH iy;
  OUTPUT:
  TECH1 TECH3 TECH4 SAMPSTAT RESIDUAL CINTERVAL;
  SAVEDATA:
  TECH3=tech3.dat; RESULTS=estimates.dat;



INPUT READING TERMINATED NORMALLY




Round2C XLIN_MI10 attempt01

SUMMARY OF ANALYSIS

Number of groups                                                 1
Number of observations                                        3274

Number of dependent variables                                   10
Number of independent variables                                 24
Number of continuous latent variables                            4

Observed dependent variables

  Continuous
   X1          X2          X3          X4          X5          Y1
   Y2          Y3          Y4          Y5

Observed independent variables
   C1          C2          C3          C4          C5          C6
   C7          C8          C9          C10         C11         C12
   C13         C14         C15         C16         C17         C18
   C19         C20         C21         C22         C23         C24

Continuous latent variables
   IX          SX          IY          SY

Variables with special functions

  Cluster variable      FID

Estimator                                                      MLR
Information matrix                                        OBSERVED
Maximum number of iterations                                  1000
Convergence criterion                                    0.500D-04
Maximum number of steepest descent iterations                   20
Maximum number of iterations for H1                           2000
Convergence criterion for H1                             0.100D-03

Input data file(s)
  data.dat

Input data format  FREE


SUMMARY OF DATA

     Number of missing data patterns            68
     Number of clusters                       2410



COVARIANCE COVERAGE OF DATA

Minimum covariance coverage value   0.005


     PROPORTION OF DATA PRESENT


           Covariance Coverage
              X1            X2            X3            X4            X5
              ________      ________      ________      ________      ________
 X1             1.000
 X2             0.917         0.917
 X3             0.687         0.616         0.687
 X4             0.335         0.310         0.292         0.335
 X5             0.273         0.252         0.239         0.178         0.273
 Y1             1.000         0.917         0.687         0.335         0.273
 Y2             0.918         0.915         0.615         0.311         0.252
 Y3             0.726         0.653         0.677         0.303         0.249
 Y4             0.365         0.337         0.309         0.324         0.195
 Y5             0.272         0.252         0.234         0.175         0.262
 C1             1.000         0.917         0.687         0.335         0.273
 C2             1.000         0.917         0.687         0.335         0.273
 C3             1.000         0.917         0.687         0.335         0.273
 C4             1.000         0.917         0.687         0.335         0.273
 C5             1.000         0.917         0.687         0.335         0.273
 C6             1.000         0.917         0.687         0.335         0.273
 C7             1.000         0.917         0.687         0.335         0.273
 C8             1.000         0.917         0.687         0.335         0.273
 C9             1.000         0.917         0.687         0.335         0.273
 C10            1.000         0.917         0.687         0.335         0.273
 C11            1.000         0.917         0.687         0.335         0.273
 C12            1.000         0.917         0.687         0.335         0.273
 C13            1.000         0.917         0.687         0.335         0.273
 C14            1.000         0.917         0.687         0.335         0.273
 C15            1.000         0.917         0.687         0.335         0.273
 C16            1.000         0.917         0.687         0.335         0.273
 C17            1.000         0.917         0.687         0.335         0.273
 C18            1.000         0.917         0.687         0.335         0.273
 C19            1.000         0.917         0.687         0.335         0.273
 C20            1.000         0.917         0.687         0.335         0.273
 C21            1.000         0.917         0.687         0.335         0.273
 C22            1.000         0.917         0.687         0.335         0.273
 C23            1.000         0.917         0.687         0.335         0.273
 C24            1.000         0.917         0.687         0.335         0.273


           Covariance Coverage
              Y1            Y2            Y3            Y4            Y5
              ________      ________      ________      ________      ________
 Y1             1.000
 Y2             0.918         0.918
 Y3             0.726         0.653         0.726
 Y4             0.365         0.338         0.330         0.365
 Y5             0.272         0.252         0.248         0.196         0.272
 C1             1.000         0.918         0.726         0.365         0.272
 C2             1.000         0.918         0.726         0.365         0.272
 C3             1.000         0.918         0.726         0.365         0.272
 C4             1.000         0.918         0.726         0.365         0.272
 C5             1.000         0.918         0.726         0.365         0.272
 C6             1.000         0.918         0.726         0.365         0.272
 C7             1.000         0.918         0.726         0.365         0.272
 C8             1.000         0.918         0.726         0.365         0.272
 C9             1.000         0.918         0.726         0.365         0.272
 C10            1.000         0.918         0.726         0.365         0.272
 C11            1.000         0.918         0.726         0.365         0.272
 C12            1.000         0.918         0.726         0.365         0.272
 C13            1.000         0.918         0.726         0.365         0.272
 C14            1.000         0.918         0.726         0.365         0.272
 C15            1.000         0.918         0.726         0.365         0.272
 C16            1.000         0.918         0.726         0.365         0.272
 C17            1.000         0.918         0.726         0.365         0.272
 C18            1.000         0.918         0.726         0.365         0.272
 C19            1.000         0.918         0.726         0.365         0.272
 C20            1.000         0.918         0.726         0.365         0.272
 C21            1.000         0.918         0.726         0.365         0.272
 C22            1.000         0.918         0.726         0.365         0.272
 C23            1.000         0.918         0.726         0.365         0.272
 C24            1.000         0.918         0.726         0.365         0.272


           Covariance Coverage
              C1            C2            C3            C4            C5
              ________      ________      ________      ________      ________
 C1             1.000
 C2             1.000         1.000
 C3             1.000         1.000         1.000
 C4             1.000         1.000         1.000         1.000
 C5             1.000         1.000         1.000         1.000         1.000
 C6             1.000         1.000         1.000         1.000         1.000
 C7             1.000         1.000         1.000         1.000         1.000
 C8             1.000         1.000         1.000         1.000         1.000
 C9             1.000         1.000         1.000         1.000         1.000
 C10            1.000         1.000         1.000         1.000         1.000
 C11            1.000         1.000         1.000         1.000         1.000
 C12            1.000         1.000         1.000         1.000         1.000
 C13            1.000         1.000         1.000         1.000         1.000
 C14            1.000         1.000         1.000         1.000         1.000
 C15            1.000         1.000         1.000         1.000         1.000
 C16            1.000         1.000         1.000         1.000         1.000
 C17            1.000         1.000         1.000         1.000         1.000
 C18            1.000         1.000         1.000         1.000         1.000
 C19            1.000         1.000         1.000         1.000         1.000
 C20            1.000         1.000         1.000         1.000         1.000
 C21            1.000         1.000         1.000         1.000         1.000
 C22            1.000         1.000         1.000         1.000         1.000
 C23            1.000         1.000         1.000         1.000         1.000
 C24            1.000         1.000         1.000         1.000         1.000


           Covariance Coverage
              C6            C7            C8            C9            C10
              ________      ________      ________      ________      ________
 C6             1.000
 C7             1.000         1.000
 C8             1.000         1.000         1.000
 C9             1.000         1.000         1.000         1.000
 C10            1.000         1.000         1.000         1.000         1.000
 C11            1.000         1.000         1.000         1.000         1.000
 C12            1.000         1.000         1.000         1.000         1.000
 C13            1.000         1.000         1.000         1.000         1.000
 C14            1.000         1.000         1.000         1.000         1.000
 C15            1.000         1.000         1.000         1.000         1.000
 C16            1.000         1.000         1.000         1.000         1.000
 C17            1.000         1.000         1.000         1.000         1.000
 C18            1.000         1.000         1.000         1.000         1.000
 C19            1.000         1.000         1.000         1.000         1.000
 C20            1.000         1.000         1.000         1.000         1.000
 C21            1.000         1.000         1.000         1.000         1.000
 C22            1.000         1.000         1.000         1.000         1.000
 C23            1.000         1.000         1.000         1.000         1.000
 C24            1.000         1.000         1.000         1.000         1.000


           Covariance Coverage
              C11           C12           C13           C14           C15
              ________      ________      ________      ________      ________
 C11            1.000
 C12            1.000         1.000
 C13            1.000         1.000         1.000
 C14            1.000         1.000         1.000         1.000
 C15            1.000         1.000         1.000         1.000         1.000
 C16            1.000         1.000         1.000         1.000         1.000
 C17            1.000         1.000         1.000         1.000         1.000
 C18            1.000         1.000         1.000         1.000         1.000
 C19            1.000         1.000         1.000         1.000         1.000
 C20            1.000         1.000         1.000         1.000         1.000
 C21            1.000         1.000         1.000         1.000         1.000
 C22            1.000         1.000         1.000         1.000         1.000
 C23            1.000         1.000         1.000         1.000         1.000
 C24            1.000         1.000         1.000         1.000         1.000


           Covariance Coverage
              C16           C17           C18           C19           C20
              ________      ________      ________      ________      ________
 C16            1.000
 C17            1.000         1.000
 C18            1.000         1.000         1.000
 C19            1.000         1.000         1.000         1.000
 C20            1.000         1.000         1.000         1.000         1.000
 C21            1.000         1.000         1.000         1.000         1.000
 C22            1.000         1.000         1.000         1.000         1.000
 C23            1.000         1.000         1.000         1.000         1.000
 C24            1.000         1.000         1.000         1.000         1.000


           Covariance Coverage
              C21           C22           C23           C24
              ________      ________      ________      ________
 C21            1.000
 C22            1.000         1.000
 C23            1.000         1.000         1.000
 C24            1.000         1.000         1.000         1.000


SAMPLE STATISTICS


     ESTIMATED SAMPLE STATISTICS


           Means
              X1            X2            X3            X4            X5
              ________      ________      ________      ________      ________
                0.000         0.203         0.166         0.247         0.242


           Means
              Y1            Y2            Y3            Y4            Y5
              ________      ________      ________      ________      ________
                0.000         0.027         0.105         0.034         0.176


           Means
              C1            C2            C3            C4            C5
              ________      ________      ________      ________      ________
                0.496         0.195         0.435         0.308         0.243


           Means
              C6            C7            C8            C9            C10
              ________      ________      ________      ________      ________
                3.159         7.142         0.202         0.079         0.004


           Means
              C11           C12           C13           C14           C15
              ________      ________      ________      ________      ________
                0.108         2.210         0.687         0.539         0.318


           Means
              C16           C17           C18           C19           C20
              ________      ________      ________      ________      ________
                0.434         0.829         0.233         0.186         0.109


           Means
              C21           C22           C23           C24
              ________      ________      ________      ________
                0.212         0.684         0.291         3.715


           Covariances
              X1            X2            X3            X4            X5
              ________      ________      ________      ________      ________
 X1             1.000
 X2             0.296         0.970
 X3             0.249         0.259         0.817
 X4             0.276         0.367         0.352         0.970
 X5             0.293         0.312         0.292         0.444         0.870
 Y1            -0.164        -0.164        -0.126        -0.163        -0.169
 Y2            -0.126        -0.226        -0.135        -0.186        -0.179
 Y3            -0.158        -0.160        -0.195        -0.183        -0.194
 Y4            -0.160        -0.140        -0.159        -0.243        -0.240
 Y5            -0.104        -0.183        -0.122        -0.211        -0.227
 C1            -0.020        -0.017        -0.019        -0.012        -0.008
 C2             0.033         0.023         0.006         0.036         0.019
 C3             0.031         0.030         0.008         0.024         0.013
 C4            -0.006         0.030         0.020         0.015        -0.003
 C5            -0.019        -0.042        -0.027        -0.011        -0.024
 C6            -0.004        -0.029        -0.018        -0.034        -0.067
 C7            -0.090        -0.183        -0.089        -0.228        -0.192
 C8            -0.039        -0.029        -0.042        -0.030        -0.023
 C9             0.016         0.012         0.022         0.015         0.012
 C10            0.000        -0.002        -0.002         0.001         0.001
 C11           -0.006        -0.010        -0.009        -0.040         0.005
 C12            0.047         0.060         0.021         0.043         0.073
 C13            0.114         0.084         0.019         0.096         0.045
 C14           -0.006        -0.005        -0.030         0.003        -0.013
 C15           -0.039        -0.034        -0.023        -0.025        -0.027
 C16            0.052         0.042         0.037         0.041         0.025
 C17            0.013         0.017         0.027         0.033         0.023
 C18            0.047         0.036         0.030         0.020         0.033
 C19           -0.022        -0.014        -0.013        -0.024        -0.015
 C20            0.032         0.023         0.024         0.016         0.020
 C21            0.018         0.007        -0.002         0.008         0.009
 C22           -0.045        -0.022        -0.006        -0.032        -0.013
 C23            0.005        -0.031        -0.018        -0.113        -0.036
 C24            0.201         0.257        -0.075         0.316         0.192


           Covariances
              Y1            Y2            Y3            Y4            Y5
              ________      ________      ________      ________      ________
 Y1             1.000
 Y2             0.453         1.154
 Y3             0.492         0.617         1.168
 Y4             0.442         0.468         0.507         1.084
 Y5             0.416         0.547         0.559         0.550         1.187
 C1            -0.082        -0.087        -0.089        -0.073        -0.073
 C2            -0.061        -0.063        -0.063        -0.057        -0.053
 C3            -0.077        -0.078        -0.083        -0.077        -0.059
 C4            -0.030        -0.007        -0.016         0.016        -0.002
 C5             0.075         0.064         0.060         0.032         0.041
 C6             0.093         0.124         0.096         0.166         0.129
 C7             0.535         0.467         0.448         0.624         0.368
 C8             0.005         0.007         0.016        -0.004        -0.002
 C9            -0.007        -0.011        -0.015        -0.008        -0.018
 C10            0.002         0.002         0.000         0.005         0.002
 C11           -0.001         0.010         0.008         0.001         0.010
 C12           -0.150        -0.114        -0.156        -0.085        -0.079
 C13           -0.252        -0.228        -0.229        -0.222        -0.203
 C14            0.050         0.016         0.027         0.002         0.034
 C15            0.164         0.140         0.139         0.104         0.104
 C16           -0.129        -0.121        -0.119        -0.077        -0.106
 C17           -0.055        -0.049        -0.048        -0.027        -0.032
 C18           -0.015         0.002        -0.008        -0.003        -0.005
 C19            0.034         0.032         0.029         0.040         0.051
 C20           -0.007        -0.010        -0.015        -0.004        -0.014
 C21            0.022         0.022         0.015        -0.003         0.043
 C22            0.071         0.075         0.077         0.073         0.061
 C23            0.201         0.141         0.189         0.112         0.108
 C24           -0.442        -0.514        -0.361        -0.563        -0.389


           Covariances
              C1            C2            C3            C4            C5
              ________      ________      ________      ________      ________
 C1             0.250
 C2             0.035         0.157
 C3            -0.009         0.041         0.246
 C4             0.000         0.003        -0.015         0.213
 C5             0.005        -0.018        -0.025        -0.075         0.184
 C6            -0.038        -0.060        -0.108         0.073         0.031
 C7            -0.144        -0.206        -0.466         0.201         0.194
 C8            -0.002        -0.003        -0.002        -0.013         0.004
 C9             0.002         0.006         0.016        -0.009        -0.003
 C10           -0.001        -0.001        -0.001        -0.001         0.002
 C11            0.001        -0.002         0.012        -0.002        -0.008
 C12            0.040         0.024         0.003        -0.006         0.009
 C13            0.126         0.192         0.231        -0.026        -0.075
 C14           -0.003        -0.010        -0.022         0.003         0.037
 C15           -0.030        -0.022        -0.022         0.000         0.011
 C16            0.030         0.018         0.003         0.002        -0.008
 C17            0.036         0.011         0.000         0.001        -0.004
 C18           -0.010        -0.007        -0.005         0.011        -0.012
 C19            0.001        -0.004        -0.021         0.001         0.013
 C20           -0.002        -0.001         0.016        -0.003        -0.001
 C21           -0.014        -0.007        -0.004        -0.011         0.015
 C22           -0.008        -0.063        -0.113         0.004         0.029
 C23           -0.050        -0.021        -0.008        -0.016         0.019
 C24            0.073         0.248         0.369        -0.061        -0.035


           Covariances
              C6            C7            C8            C9            C10
              ________      ________      ________      ________      ________
 C6             1.375
 C7             3.684        22.449
 C8            -0.138        -0.326         0.161
 C9            -0.038        -0.126        -0.016         0.073
 C10            0.002         0.011        -0.001         0.000         0.004
 C11            0.083         0.338         0.000        -0.003         0.000
 C12           -0.009         0.013         0.010        -0.001        -0.001
 C13           -0.279        -1.035         0.021         0.042         0.000
 C14            0.012         0.183         0.008        -0.014         0.002
 C15            0.018         0.117         0.001        -0.004         0.000
 C16            0.000        -0.001        -0.008         0.003         0.000
 C17           -0.060        -0.183        -0.001         0.004         0.000
 C18            0.016        -0.013         0.000        -0.001         0.000
 C19            0.052         0.219        -0.006        -0.005         0.000
 C20           -0.035        -0.121         0.004         0.004         0.000
 C21            0.013         0.074        -0.004         0.000         0.001
 C22            0.085         0.366        -0.005        -0.012         0.001
 C23            0.082         0.491         0.003        -0.003         0.001
 C24           -0.632        -2.092         0.058         0.041         0.004


           Covariances
              C11           C12           C13           C14           C15
              ________      ________      ________      ________      ________
 C11            0.096
 C12            0.003         1.054
 C13            0.039         0.236         1.541
 C14           -0.003         0.003        -0.083         0.248
 C15            0.002        -0.050        -0.080         0.003         0.217
 C16           -0.001         0.053         0.044         0.002        -0.138
 C17           -0.024         0.016         0.029        -0.028        -0.008
 C18           -0.004         0.000        -0.050        -0.006        -0.002
 C19           -0.002        -0.013        -0.058         0.018         0.007
 C20           -0.001         0.010         0.014         0.001        -0.002
 C21            0.008        -0.003        -0.016         0.039         0.004
 C22           -0.017        -0.049        -0.356         0.036         0.023
 C23            0.050        -0.040        -0.055         0.021         0.089
 C24           -0.010         0.586         1.733         0.691        -0.133


           Covariances
              C16           C17           C18           C19           C20
              ________      ________      ________      ________      ________
 C16            0.246
 C17            0.008         0.142
 C18           -0.003        -0.001         0.179
 C19           -0.006        -0.006        -0.043         0.151
 C20            0.003         0.003         0.027        -0.013         0.097
 C21           -0.004        -0.019        -0.007         0.013        -0.023
 C22           -0.004        -0.002         0.018         0.022        -0.007
 C23           -0.065        -0.032        -0.003         0.008         0.016
 C24            0.050         0.082         0.002        -0.026         0.063


           Covariances
              C21           C22           C23           C24
              ________      ________      ________      ________
 C21            0.167
 C22            0.006         0.216
 C23            0.034         0.004         0.925
 C24            0.045        -0.427        -0.077        17.918


           Correlations
              X1            X2            X3            X4            X5
              ________      ________      ________      ________      ________
 X1             1.000
 X2             0.300         1.000
 X3             0.275         0.291         1.000
 X4             0.280         0.378         0.395         1.000
 X5             0.314         0.339         0.347         0.483         1.000
 Y1            -0.164        -0.167        -0.139        -0.165        -0.181
 Y2            -0.118        -0.214        -0.139        -0.176        -0.179
 Y3            -0.146        -0.150        -0.199        -0.172        -0.193
 Y4            -0.153        -0.137        -0.169        -0.237        -0.247
 Y5            -0.095        -0.170        -0.123        -0.197        -0.224
 C1            -0.040        -0.035        -0.043        -0.025        -0.018
 C2             0.083         0.059         0.018         0.093         0.051
 C3             0.062         0.060         0.017         0.048         0.028
 C4            -0.013         0.067         0.048         0.033        -0.007
 C5            -0.044        -0.100        -0.070        -0.025        -0.061
 C6            -0.003        -0.025        -0.017        -0.030        -0.061
 C7            -0.019        -0.039        -0.021        -0.049        -0.044
 C8            -0.098        -0.073        -0.115        -0.077        -0.060
 C9             0.059         0.046         0.089         0.058         0.049
 C10            0.002        -0.024        -0.040         0.013         0.020
 C11           -0.018        -0.031        -0.033        -0.130         0.016
 C12            0.046         0.060         0.023         0.043         0.076
 C13            0.092         0.069         0.017         0.078         0.039
 C14           -0.012        -0.010        -0.067         0.007        -0.029
 C15           -0.084        -0.075        -0.056        -0.055        -0.062
 C16            0.104         0.087         0.082         0.084         0.054
 C17            0.036         0.045         0.079         0.090         0.065
 C18            0.111         0.087         0.077         0.049         0.085
 C19           -0.056        -0.037        -0.037        -0.063        -0.042
 C20            0.103         0.076         0.086         0.052         0.070
 C21            0.043         0.017        -0.006         0.021         0.023
 C22           -0.097        -0.047        -0.015        -0.071        -0.030
 C23            0.005        -0.033        -0.021        -0.119        -0.040
 C24            0.047         0.062        -0.019         0.076         0.049


           Correlations
              Y1            Y2            Y3            Y4            Y5
              ________      ________      ________      ________      ________
 Y1             1.000
 Y2             0.422         1.000
 Y3             0.456         0.532         1.000
 Y4             0.425         0.418         0.450         1.000
 Y5             0.382         0.468         0.475         0.484         1.000
 C1            -0.163        -0.162        -0.164        -0.141        -0.133
 C2            -0.155        -0.149        -0.147        -0.139        -0.122
 C3            -0.156        -0.147        -0.155        -0.149        -0.108
 C4            -0.065        -0.015        -0.032         0.033        -0.005
 C5             0.175         0.140         0.130         0.071         0.087
 C6             0.079         0.098         0.076         0.136         0.101
 C7             0.113         0.092         0.087         0.126         0.071
 C8             0.013         0.016         0.036        -0.009        -0.004
 C9            -0.026        -0.037        -0.051        -0.029        -0.060
 C10            0.025         0.024         0.005         0.079         0.028
 C11           -0.004         0.031         0.025         0.004         0.030
 C12           -0.146        -0.103        -0.141        -0.079        -0.071
 C13           -0.203        -0.171        -0.170        -0.172        -0.150
 C14            0.100         0.031         0.050         0.004         0.062
 C15            0.352         0.281         0.276         0.215         0.205
 C16           -0.261        -0.228        -0.222        -0.149        -0.196
 C17           -0.146        -0.122        -0.117        -0.069        -0.078
 C18           -0.035         0.004        -0.017        -0.007        -0.010
 C19            0.088         0.076         0.069         0.098         0.121
 C20           -0.021        -0.030        -0.045        -0.013        -0.041
 C21            0.054         0.050         0.034        -0.007         0.098
 C22            0.152         0.151         0.153         0.152         0.121
 C23            0.209         0.137         0.182         0.112         0.103
 C24           -0.104        -0.113        -0.079        -0.128        -0.084


           Correlations
              C1            C2            C3            C4            C5
              ________      ________      ________      ________      ________
 C1             1.000
 C2             0.176         1.000
 C3            -0.036         0.210         1.000
 C4             0.002         0.018        -0.064         1.000
 C5             0.024        -0.105        -0.116        -0.378         1.000
 C6            -0.064        -0.130        -0.186         0.135         0.061
 C7            -0.061        -0.110        -0.198         0.092         0.096
 C8            -0.010        -0.018        -0.012        -0.070         0.023
 C9             0.014         0.060         0.120        -0.069        -0.026
 C10           -0.018        -0.032        -0.020        -0.034         0.072
 C11            0.005        -0.017         0.075        -0.016        -0.063
 C12            0.078         0.060         0.006        -0.013         0.020
 C13            0.204         0.390         0.375        -0.045        -0.140
 C14           -0.013        -0.052        -0.087         0.014         0.175
 C15           -0.130        -0.120        -0.095        -0.001         0.057
 C16            0.120         0.092         0.014         0.010        -0.036
 C17            0.189         0.071        -0.001         0.003        -0.023
 C18           -0.045        -0.042        -0.025         0.055        -0.066
 C19            0.005        -0.024        -0.109         0.006         0.079
 C20           -0.014        -0.012         0.102        -0.023        -0.010
 C21           -0.068        -0.040        -0.021        -0.056         0.087
 C22           -0.032        -0.342        -0.488         0.017         0.146
 C23           -0.104        -0.055        -0.017        -0.036         0.046
 C24            0.035         0.148         0.176        -0.031        -0.019


           Correlations
              C6            C7            C8            C9            C10
              ________      ________      ________      ________      ________
 C6             1.000
 C7             0.663         1.000
 C8            -0.293        -0.171         1.000
 C9            -0.120        -0.098        -0.148         1.000
 C10            0.027         0.036        -0.021        -0.019         1.000
 C11            0.228         0.231        -0.003        -0.036         0.007
 C12           -0.008         0.003         0.025        -0.005        -0.009
 C13           -0.192        -0.176         0.042         0.124        -0.003
 C14            0.020         0.078         0.038        -0.104         0.051
 C15            0.033         0.053         0.005        -0.031         0.006
 C16           -0.001         0.000        -0.043         0.026        -0.001
 C17           -0.135        -0.103        -0.004         0.035         0.005
 C18            0.032        -0.007         0.002        -0.012        -0.014
 C19            0.113         0.119        -0.041        -0.050        -0.007
 C20           -0.096        -0.082         0.034         0.046        -0.008
 C21            0.026         0.038        -0.022        -0.003         0.046
 C22            0.155         0.166        -0.025        -0.092         0.034
 C23            0.073         0.108         0.007        -0.010         0.019
 C24           -0.127        -0.104         0.034         0.036         0.015


           Correlations
              C11           C12           C13           C14           C15
              ________      ________      ________      ________      ________
 C11            1.000
 C12            0.010         1.000
 C13            0.101         0.185         1.000
 C14           -0.019         0.006        -0.133         1.000
 C15            0.017        -0.105        -0.138         0.015         1.000
 C16           -0.007         0.104         0.071         0.007        -0.598
 C17           -0.203         0.041         0.063        -0.151        -0.045
 C18           -0.028        -0.001        -0.095        -0.031        -0.009
 C19           -0.016        -0.033        -0.120         0.094         0.036
 C20           -0.008         0.030         0.035         0.005        -0.012
 C21            0.066        -0.008        -0.031         0.191         0.020
 C22           -0.116        -0.102        -0.616         0.155         0.105
 C23            0.169        -0.040        -0.046         0.045         0.199
 C24           -0.007         0.135         0.330         0.327        -0.068


           Correlations
              C16           C17           C18           C19           C20
              ________      ________      ________      ________      ________
 C16            1.000
 C17            0.043         1.000
 C18           -0.016        -0.004         1.000
 C19           -0.030        -0.041        -0.264         1.000
 C20            0.022         0.024         0.206        -0.109         1.000
 C21           -0.022        -0.126        -0.040         0.085        -0.181
 C22           -0.019        -0.009         0.092         0.121        -0.051
 C23           -0.137        -0.088        -0.006         0.021         0.053
 C24            0.024         0.051         0.001        -0.016         0.048


           Correlations
              C21           C22           C23           C24
              ________      ________      ________      ________
 C21            1.000
 C22            0.032         1.000
 C23            0.086         0.008         1.000
 C24            0.026        -0.217        -0.019         1.000


     MAXIMUM LOG-LIKELIHOOD VALUE FOR THE UNRESTRICTED (H1) MODEL IS -85713.134


UNIVARIATE SAMPLE STATISTICS


     UNIVARIATE HIGHER-ORDER MOMENT DESCRIPTIVE STATISTICS

         Variable/         Mean/     Skewness/   Minimum/ % with                Percentiles
        Sample Size      Variance    Kurtosis    Maximum  Min/Max      20%/60%    40%/80%    Median

     X1                    0.000      -0.569      -4.383    0.46%      -0.859     -0.154     -0.154
            3274.000       1.000       0.684       1.256   26.79%      -0.154      1.256
     X2                    0.206      -0.630      -4.383    0.07%      -0.154     -0.154     -0.154
            3003.000       0.974      -0.076       1.256   36.10%       0.551      1.256
     X3                    0.190      -0.562      -2.973    0.58%      -0.154     -0.154     -0.154
            2248.000       0.816      -0.020       1.256   28.74%       0.551      1.256
     X4                    0.329      -0.829      -3.678    0.09%      -0.154     -0.154      0.551
            1097.000       0.951      -0.020       1.256   40.02%       1.021      1.256
     X5                    0.311      -0.863      -3.678    0.11%      -0.154     -0.154      0.551
             895.000       0.886       0.332       1.256   35.53%       0.786      1.256
     Y1                    0.000       0.890      -1.309    9.13%      -0.839     -0.370     -0.135
            3274.000       1.000       0.608       4.326    0.06%       0.100      0.804
     Y2                    0.018       0.922      -1.309   10.75%      -0.839     -0.370     -0.135
            3005.000       1.155       0.477       3.856    0.13%       0.100      0.804
     Y3                    0.047       0.953      -1.309    9.30%      -0.839     -0.370     -0.135
            2377.000       1.144       0.604       4.326    0.17%       0.100      0.804
     Y4                   -0.057       0.924      -1.309   12.31%      -1.074     -0.605     -0.135
            1194.000       1.068       0.559       4.091    0.08%       0.100      0.804
     Y5                    0.045       0.892      -1.309   11.25%      -0.839     -0.370     -0.135
             889.000       1.171       0.435       4.091    0.11%       0.100      0.804
     C1                    0.496       0.016       0.000   50.40%       0.000      0.000      0.000
            3274.000       0.250      -2.000       1.000   49.60%       1.000      1.000
     C2                    0.195       1.536       0.000   80.45%       0.000      0.000      0.000
            3274.000       0.157       0.359       1.000   19.55%       0.000      0.000
     C3                    0.435       0.261       0.000   56.48%       0.000      0.000      0.000
            3274.000       0.246      -1.932       1.000   43.52%       1.000      1.000
     C4                    0.308       0.831       0.000   69.18%       0.000      0.000      0.000
            3274.000       0.213      -1.310       1.000   30.82%       0.000      1.000
     C5                    0.243       1.201       0.000   75.75%       0.000      0.000      0.000
            3274.000       0.184      -0.556       1.000   24.25%       0.000      1.000
     C6                    3.159       1.014       2.000   35.89%       2.000      3.000      3.000
            3274.000       1.375       0.837       9.000    0.06%       3.000      4.000
     C7                    7.142       1.325       0.000    1.59%       3.000      5.000      6.000
            3274.000      22.449       3.623      46.000    0.03%       7.000     11.000
     C8                    0.202       1.485       0.000   79.81%       0.000      0.000      0.000
            3274.000       0.161       0.206       1.000   20.19%       0.000      1.000
     C9                    0.079       3.111       0.000   92.06%       0.000      0.000      0.000
            3274.000       0.073       7.679       1.000    7.94%       0.000      0.000
     C10                   0.004      15.194       0.000   99.57%       0.000      0.000      0.000
            3274.000       0.004     228.861       1.000    0.43%       0.000      0.000
     C11                   0.108       2.534       0.000   89.25%       0.000      0.000      0.000
            3274.000       0.096       4.422       1.000   10.75%       0.000      0.000
     C12                   2.210       0.442       1.000   31.25%       1.000      2.000      2.000
            3274.000       1.054      -0.390       5.000    2.50%       3.000      3.000
     C13                   0.687       2.923       0.000   64.78%       0.000      0.000      0.000
            3274.000       1.541      19.975      18.864    0.03%       0.000      1.680
     C14                   0.539      -0.156       0.000   46.12%       0.000      0.000      1.000
            3274.000       0.248      -1.976       1.000   53.88%       1.000      1.000
     C15                   0.318       0.782       0.000   68.20%       0.000      0.000      0.000
            3274.000       0.217      -1.389       1.000   31.80%       0.000      1.000
     C16                   0.434       0.267       0.000   56.63%       0.000      0.000      0.000
            3274.000       0.246      -1.928       1.000   43.37%       1.000      1.000
     C17                   0.829      -1.744       0.000   17.14%       1.000      1.000      1.000
            3274.000       0.142       1.043       1.000   82.86%       1.000      1.000
     C18                   0.233       1.263       0.000   76.70%       0.000      0.000      0.000
            3274.000       0.179      -0.405       1.000   23.30%       0.000      1.000
     C19                   0.186       1.614       0.000   81.40%       0.000      0.000      0.000
            3274.000       0.151       0.605       1.000   18.60%       0.000      0.000
     C20                   0.109       2.509       0.000   89.10%       0.000      0.000      0.000
            3274.000       0.097       4.293       1.000   10.90%       0.000      0.000
     C21                   0.212       1.412       0.000   78.83%       0.000      0.000      0.000
            3274.000       0.167      -0.007       1.000   21.17%       0.000      1.000
     C22                   0.684      -0.791       0.000   31.61%       0.000      1.000      1.000
            3274.000       0.216      -1.374       1.000   68.39%       1.000      1.000
     C23                   0.291       4.402       0.000   86.65%       0.000      0.000      0.000
            3274.000       0.925      21.458       7.000    0.40%       0.000      0.000
     C24                   3.715       3.534       0.001    0.06%       0.535      1.860      2.539
            3274.000      17.918      24.714      59.912    0.03%       3.600      5.931


     VIF (VARIANCE INFLATION FACTOR) FOR EXPLORING MULTICOLLINEARITY OF INDEPENDENT VARIABLES

     Variable        VIF       Variable        VIF       Variable        VIF

     C1             1.155      C2             1.250      C3             1.411
     C4             1.241      C5             1.297      C6             2.038
     C7             1.873      C8             1.159      C9             1.083
     C10            1.013      C11            1.201      C12            1.066
     C13            2.053      C14            1.372      C15            1.635
     C16            1.585      C17            1.141      C18            1.161
     C19            1.137      C20            1.117      C21            1.112
     C22            1.938      C23            1.099      C24            1.385


THE MODEL ESTIMATION TERMINATED NORMALLY

     WARNING:  THE LATENT VARIABLE COVARIANCE MATRIX (PSI) IS NOT POSITIVE
     DEFINITE.  THIS COULD INDICATE A NEGATIVE VARIANCE/RESIDUAL VARIANCE
     FOR A LATENT VARIABLE, A CORRELATION GREATER OR EQUAL TO ONE BY ABSOLUTE VALUE
     BETWEEN TWO LATENT VARIABLES, A LINEAR DEPENDENCY AMONG MORE THAN TWO LATENT
     VARIABLES, OR PARTIAL CORRELATIONS GREATER THAN ONE BY ABSOLUTE VALUE.
     CHECK THE TECH4 OUTPUT FOR MORE INFORMATION.

     THE WARNING IS DUE TO A NEGATIVE VARIANCE/RESIDUAL VARIANCE.
     VARIABLE SY HAS A NEGATIVE RESIDUAL VARIANCE.



MODEL FIT INFORMATION

Number of Free Parameters                      120

Loglikelihood

          H0 Value                      -27808.760
          H0 Scaling Correction Factor      1.1401
            for MLR
          H1 Value                      -27637.816
          H1 Scaling Correction Factor      1.1003
            for MLR

Information Criteria

          Akaike (AIC)                   55857.520
          Bayesian (BIC)                 56588.772
          Sample-Size Adjusted BIC       56207.479
            (n* = (n + 2) / 24)

Chi-Square Test of Model Fit

          Value                            318.199*
          Degrees of Freedom                   185
          P-Value                           0.0000
          Scaling Correction Factor         1.0744
            for MLR

*   The chi-square value for MLM, MLMV, MLR, ULSMV, WLSM and WLSMV cannot be used
    for chi-square difference testing in the regular way.  MLM, MLR and WLSM
    chi-square difference testing is described on the Mplus website.  MLMV, WLSMV,
    and ULSMV difference testing is done using the DIFFTEST option.

RMSEA (Root Mean Square Error Of Approximation)

          Estimate                           0.015
          90 Percent C.I.                    0.012  0.018
          Probability RMSEA <= .05           1.000

CFI/TLI

          CFI                                0.971
          TLI                                0.955

Chi-Square Test of Model Fit for the Baseline Model

          Value                           4882.208
          Degrees of Freedom                   285
          P-Value                           0.0000

SRMR (Standardized Root Mean Square Residual)

          Value                              0.024



MODEL RESULTS

                                                    Two-Tailed
                    Estimate       S.E.  Est./S.E.    P-Value

 IX       |
    X1                 1.000      0.000    999.000    999.000
    X2                 1.000      0.000    999.000    999.000
    X3                 1.000      0.000    999.000    999.000
    X4                 1.000      0.000    999.000    999.000
    X5                 1.000      0.000    999.000    999.000

 SX       |
    X1                 0.000      0.000    999.000    999.000
    X2                 0.400      0.000    999.000    999.000
    X3                 0.600      0.000    999.000    999.000
    X4                 0.800      0.000    999.000    999.000
    X5                 1.000      0.000    999.000    999.000

 IY       |
    Y1                 1.000      0.000    999.000    999.000
    Y2                 1.000      0.000    999.000    999.000
    Y3                 1.000      0.000    999.000    999.000
    Y4                 1.000      0.000    999.000    999.000
    Y5                 1.000      0.000    999.000    999.000

 SY       |
    Y1                 0.000      0.000    999.000    999.000
    Y2                 0.400      0.000    999.000    999.000
    Y3                 0.600      0.000    999.000    999.000
    Y4                 0.800      0.000    999.000    999.000
    Y5                 1.000      0.000    999.000    999.000

 IY       ON
    IX                -0.463      0.085     -5.446      0.000

 SY       ON
    IX                 0.350      0.350      1.000      0.317
    SX                -0.806      0.570     -1.414      0.157
    IY                 0.616      0.406      1.519      0.129

 IX       ON
    C1                -0.142      0.029     -4.846      0.000
    C2                 0.098      0.044      2.255      0.024
    C3                -0.005      0.043     -0.115      0.908
    C4                -0.013      0.041     -0.318      0.750
    C5                -0.090      0.049     -1.824      0.068
    C6                 0.012      0.021      0.588      0.556
    C7                -0.002      0.005     -0.402      0.687
    C8                -0.231      0.051     -4.540      0.000
    C9                 0.102      0.067      1.524      0.128
    C10               -0.117      0.170     -0.690      0.490
    C11               -0.090      0.057     -1.581      0.114
    C12                0.023      0.016      1.421      0.155
    C13                0.043      0.020      2.151      0.031
    C14                0.017      0.041      0.402      0.688
    C15               -0.043      0.044     -0.972      0.331
    C16                0.174      0.041      4.219      0.000
    C17                0.102      0.048      2.133      0.033
    C18                0.233      0.042      5.534      0.000
    C19               -0.010      0.043     -0.225      0.822
    C20                0.266      0.057      4.671      0.000
    C21                0.148      0.040      3.666      0.000
    C22               -0.088      0.053     -1.669      0.095
    C23                0.019      0.017      1.088      0.277
    C24                0.000      0.004      0.025      0.980

 SX       ON
    C1                 0.035      0.051      0.676      0.499
    C2                -0.039      0.068     -0.576      0.565
    C3                 0.004      0.069      0.052      0.959
    C4                 0.088      0.066      1.319      0.187
    C5                 0.007      0.078      0.086      0.931
    C6                -0.049      0.035     -1.396      0.163
    C7                 0.003      0.008      0.383      0.702
    C8                 0.038      0.082      0.463      0.643
    C9                 0.024      0.111      0.220      0.826
    C10               -0.066      0.388     -0.171      0.864
    C11                0.055      0.112      0.488      0.626
    C12                0.013      0.028      0.470      0.638
    C13               -0.037      0.028     -1.340      0.180
    C14               -0.050      0.065     -0.760      0.447
    C15                0.029      0.074      0.398      0.690
    C16               -0.100      0.067     -1.494      0.135
    C17                0.081      0.086      0.946      0.344
    C18               -0.143      0.069     -2.088      0.037
    C19               -0.018      0.074     -0.238      0.812
    C20               -0.113      0.087     -1.308      0.191
    C21               -0.063      0.068     -0.918      0.359
    C22                0.127      0.079      1.595      0.111
    C23               -0.067      0.035     -1.928      0.054
    C24                0.004      0.007      0.555      0.579

 IY       ON
    C1                -0.234      0.032     -7.220      0.000
    C2                -0.051      0.040     -1.285      0.199
    C3                -0.170      0.040     -4.247      0.000
    C4                -0.053      0.040     -1.330      0.184
    C5                 0.231      0.048      4.841      0.000
    C6                 0.000      0.020     -0.001      0.999
    C7                 0.008      0.005      1.536      0.124
    C8                -0.063      0.050     -1.265      0.206
    C9                 0.108      0.066      1.651      0.099
    C10               -0.010      0.208     -0.050      0.960
    C11               -0.142      0.057     -2.491      0.013
    C12               -0.074      0.017     -4.441      0.000
    C13               -0.001      0.015     -0.084      0.933
    C14                0.095      0.038      2.511      0.012
    C15                0.479      0.044     10.890      0.000
    C16               -0.072      0.040     -1.796      0.073
    C17               -0.201      0.049     -4.076      0.000
    C18                0.059      0.045      1.314      0.189
    C19                0.062      0.044      1.409      0.159
    C20                0.117      0.059      1.984      0.047
    C21                0.047      0.043      1.103      0.270
    C22               -0.029      0.048     -0.603      0.547
    C23                0.129      0.022      5.940      0.000
    C24               -0.011      0.004     -2.747      0.006

 SY       ON
    C1                 0.125      0.145      0.864      0.388
    C2                -0.015      0.101     -0.150      0.881
    C3                 0.123      0.125      0.988      0.323
    C4                 0.231      0.116      1.987      0.047
    C5                -0.233      0.139     -1.671      0.095
    C6                 0.017      0.061      0.277      0.782
    C7                -0.016      0.013     -1.297      0.195
    C8                 0.107      0.143      0.745      0.456
    C9                -0.170      0.165     -1.027      0.304
    C10                0.246      0.486      0.507      0.612
    C11                0.344      0.184      1.869      0.062
    C12                0.091      0.053      1.707      0.088
    C13               -0.006      0.048     -0.124      0.901
    C14               -0.239      0.116     -2.057      0.040
    C15               -0.520      0.207     -2.509      0.012
    C16               -0.069      0.120     -0.572      0.567
    C17                0.342      0.154      2.226      0.026
    C18               -0.086      0.167     -0.513      0.608
    C19                0.051      0.114      0.444      0.657
    C20               -0.252      0.193     -1.305      0.192
    C21               -0.048      0.122     -0.395      0.693
    C22                0.240      0.154      1.559      0.119
    C23               -0.198      0.095     -2.080      0.038
    C24                0.014      0.011      1.226      0.220

 IX       WITH
    SX                -0.009      0.050     -0.190      0.850

 SX       WITH
    IY                 0.002      0.032      0.067      0.946

 Intercepts
    X1                 0.000      0.000    999.000    999.000
    X2                 0.000      0.000    999.000    999.000
    X3                 0.000      0.000    999.000    999.000
    X4                 0.000      0.000    999.000    999.000
    X5                 0.000      0.000    999.000    999.000
    Y1                 0.000      0.000    999.000    999.000
    Y2                 0.000      0.000    999.000    999.000
    Y3                 0.000      0.000    999.000    999.000
    Y4                 0.000      0.000    999.000    999.000
    Y5                 0.000      0.000    999.000    999.000
    IX                -0.159      0.108     -1.476      0.140
    SX                 0.312      0.166      1.873      0.061
    IY                 0.267      0.100      2.655      0.008
    SY                -0.038      0.299     -0.128      0.898

 Residual Variances
    X1                 0.700      0.045     15.536      0.000
    X2                 0.679      0.021     31.852      0.000
    X3                 0.535      0.022     24.215      0.000
    X4                 0.553      0.035     15.586      0.000
    X5                 0.468      0.039     12.156      0.000
    Y1                 0.555      0.034     16.456      0.000
    Y2                 0.633      0.025     25.511      0.000
    Y3                 0.574      0.028     20.533      0.000
    Y4                 0.581      0.039     15.000      0.000
    Y5                 0.614      0.058     10.569      0.000
    IX                 0.231      0.034      6.828      0.000
    SX                 0.161      0.085      1.882      0.060
    IY                 0.181      0.032      5.646      0.000
    SY                -0.088      0.180     -0.490      0.624


QUALITY OF NUMERICAL RESULTS

     Condition Number for the Information Matrix              0.144E-05
       (ratio of smallest to largest eigenvalue)


CONFIDENCE INTERVALS OF MODEL RESULTS

                  Lower .5%  Lower 2.5%    Lower 5%    Estimate    Upper 5%  Upper 2.5%   Upper .5%

 IX       |
    X1               1.000       1.000       1.000       1.000       1.000       1.000       1.000
    X2               1.000       1.000       1.000       1.000       1.000       1.000       1.000
    X3               1.000       1.000       1.000       1.000       1.000       1.000       1.000
    X4               1.000       1.000       1.000       1.000       1.000       1.000       1.000
    X5               1.000       1.000       1.000       1.000       1.000       1.000       1.000

 SX       |
    X1               0.000       0.000       0.000       0.000       0.000       0.000       0.000
    X2               0.400       0.400       0.400       0.400       0.400       0.400       0.400
    X3               0.600       0.600       0.600       0.600       0.600       0.600       0.600
    X4               0.800       0.800       0.800       0.800       0.800       0.800       0.800
    X5               1.000       1.000       1.000       1.000       1.000       1.000       1.000

 IY       |
    Y1               1.000       1.000       1.000       1.000       1.000       1.000       1.000
    Y2               1.000       1.000       1.000       1.000       1.000       1.000       1.000
    Y3               1.000       1.000       1.000       1.000       1.000       1.000       1.000
    Y4               1.000       1.000       1.000       1.000       1.000       1.000       1.000
    Y5               1.000       1.000       1.000       1.000       1.000       1.000       1.000

 SY       |
    Y1               0.000       0.000       0.000       0.000       0.000       0.000       0.000
    Y2               0.400       0.400       0.400       0.400       0.400       0.400       0.400
    Y3               0.600       0.600       0.600       0.600       0.600       0.600       0.600
    Y4               0.800       0.800       0.800       0.800       0.800       0.800       0.800
    Y5               1.000       1.000       1.000       1.000       1.000       1.000       1.000

 IY       ON
    IX              -0.683      -0.630      -0.603      -0.463      -0.323      -0.297      -0.244

 SY       ON
    IX              -0.551      -0.336      -0.226       0.350       0.926       1.036       1.251
    SX              -2.273      -1.922      -1.743      -0.806       0.132       0.311       0.662
    IY              -0.429      -0.179      -0.051       0.616       1.284       1.412       1.662

 IX       ON
    C1              -0.218      -0.200      -0.191      -0.142      -0.094      -0.085      -0.067
    C2              -0.014       0.013       0.027       0.098       0.170       0.184       0.211
    C3              -0.116      -0.089      -0.076      -0.005       0.066       0.079       0.106
    C4              -0.118      -0.093      -0.080      -0.013       0.054       0.067       0.092
    C5              -0.217      -0.186      -0.171      -0.090      -0.009       0.007       0.037
    C6              -0.041      -0.028      -0.022       0.012       0.046       0.052       0.065
    C7              -0.015      -0.012      -0.010      -0.002       0.006       0.008       0.011
    C8              -0.362      -0.331      -0.315      -0.231      -0.147      -0.131      -0.100
    C9              -0.070      -0.029      -0.008       0.102       0.212       0.233       0.274
    C10             -0.554      -0.450      -0.396      -0.117       0.162       0.216       0.320
    C11             -0.237      -0.202      -0.184      -0.090       0.004       0.022       0.057
    C12             -0.019      -0.009      -0.004       0.023       0.050       0.055       0.065
    C13             -0.009       0.004       0.010       0.043       0.077       0.083       0.095
    C14             -0.089      -0.064      -0.051       0.017       0.084       0.097       0.122
    C15             -0.156      -0.129      -0.115      -0.043       0.029       0.043       0.070
    C16              0.068       0.093       0.106       0.174       0.242       0.255       0.280
    C17             -0.021       0.008       0.023       0.102       0.181       0.196       0.226
    C18              0.124       0.150       0.164       0.233       0.302       0.315       0.341
    C19             -0.119      -0.093      -0.080      -0.010       0.061       0.074       0.100
    C20              0.119       0.154       0.172       0.266       0.360       0.378       0.413
    C21              0.044       0.069       0.082       0.148       0.215       0.227       0.252
    C22             -0.225      -0.192      -0.175      -0.088      -0.001       0.015       0.048
    C23             -0.026      -0.015      -0.010       0.019       0.048       0.053       0.064
    C24             -0.011      -0.009      -0.007       0.000       0.007       0.009       0.012

 SX       ON
    C1              -0.097      -0.066      -0.050       0.035       0.119       0.135       0.166
    C2              -0.213      -0.171      -0.150      -0.039       0.072       0.093       0.135
    C3              -0.175      -0.132      -0.110       0.004       0.117       0.139       0.182
    C4              -0.084      -0.043      -0.022       0.088       0.197       0.218       0.259
    C5              -0.193      -0.145      -0.121       0.007       0.134       0.159       0.207
    C6              -0.140      -0.118      -0.107      -0.049       0.009       0.020       0.042
    C7              -0.019      -0.013      -0.011       0.003       0.017       0.020       0.025
    C8              -0.172      -0.122      -0.096       0.038       0.172       0.198       0.248
    C9              -0.261      -0.192      -0.158       0.024       0.206       0.241       0.309
    C10             -1.067      -0.828      -0.705      -0.066       0.573       0.695       0.934
    C11             -0.234      -0.165      -0.129       0.055       0.239       0.274       0.343
    C12             -0.058      -0.041      -0.033       0.013       0.059       0.067       0.084
    C13             -0.110      -0.092      -0.083      -0.037       0.009       0.017       0.035
    C14             -0.218      -0.177      -0.157      -0.050       0.058       0.078       0.118
    C15             -0.161      -0.116      -0.092       0.029       0.151       0.175       0.220
    C16             -0.273      -0.232      -0.211      -0.100       0.010       0.031       0.073
    C17             -0.140      -0.087      -0.060       0.081       0.223       0.250       0.303
    C18             -0.320      -0.278      -0.256      -0.143      -0.030      -0.009       0.034
    C19             -0.207      -0.162      -0.139      -0.018       0.104       0.127       0.172
    C20             -0.337      -0.283      -0.256      -0.113       0.029       0.057       0.110
    C21             -0.239      -0.197      -0.175      -0.063       0.050       0.071       0.113
    C22             -0.078      -0.029      -0.004       0.127       0.258       0.283       0.332
    C23             -0.157      -0.135      -0.124      -0.067      -0.010       0.001       0.023
    C24             -0.014      -0.010      -0.008       0.004       0.015       0.017       0.022

 IY       ON
    C1              -0.318      -0.298      -0.287      -0.234      -0.181      -0.171      -0.151
    C2              -0.153      -0.128      -0.116      -0.051       0.014       0.027       0.051
    C3              -0.273      -0.249      -0.236      -0.170      -0.104      -0.092      -0.067
    C4              -0.154      -0.130      -0.118      -0.053       0.012       0.025       0.049
    C5               0.108       0.138       0.153       0.231       0.310       0.325       0.355
    C6              -0.052      -0.039      -0.033       0.000       0.033       0.039       0.052
    C7              -0.005      -0.002      -0.001       0.008       0.016       0.018       0.021
    C8              -0.193      -0.162      -0.146      -0.063       0.019       0.035       0.066
    C9              -0.061      -0.020       0.000       0.108       0.216       0.237       0.277
    C10             -0.547      -0.419      -0.353      -0.010       0.332       0.398       0.526
    C11             -0.288      -0.253      -0.235      -0.142      -0.048      -0.030       0.005
    C12             -0.116      -0.106      -0.101      -0.074      -0.046      -0.041      -0.031
    C13             -0.041      -0.031      -0.027      -0.001       0.024       0.029       0.038
    C14             -0.002       0.021       0.033       0.095       0.158       0.170       0.193
    C15              0.366       0.393       0.407       0.479       0.551       0.565       0.592
    C16             -0.175      -0.150      -0.138      -0.072      -0.006       0.007       0.031
    C17             -0.328      -0.298      -0.282      -0.201      -0.120      -0.104      -0.074
    C18             -0.056      -0.029      -0.015       0.059       0.132       0.146       0.173
    C19             -0.052      -0.024      -0.010       0.062       0.135       0.149       0.176
    C20             -0.035       0.001       0.020       0.117       0.214       0.232       0.268
    C21             -0.063      -0.037      -0.023       0.047       0.117       0.131       0.157
    C22             -0.153      -0.123      -0.108      -0.029       0.050       0.065       0.095
    C23              0.073       0.086       0.093       0.129       0.165       0.171       0.185
    C24             -0.022      -0.019      -0.018      -0.011      -0.005      -0.003      -0.001

 SY       ON
    C1              -0.248      -0.159      -0.113       0.125       0.364       0.409       0.499
    C2              -0.277      -0.214      -0.182      -0.015       0.152       0.184       0.246
    C3              -0.198      -0.121      -0.082       0.123       0.328       0.367       0.444
    C4              -0.069       0.003       0.040       0.231       0.423       0.460       0.531
    C5              -0.592      -0.506      -0.462      -0.233      -0.004       0.040       0.126
    C6              -0.141      -0.103      -0.084       0.017       0.118       0.137       0.174
    C7              -0.049      -0.041      -0.037      -0.016       0.004       0.008       0.016
    C8              -0.262      -0.174      -0.129       0.107       0.342       0.387       0.475
    C9              -0.596      -0.494      -0.442      -0.170       0.102       0.154       0.256
    C10             -1.006      -0.706      -0.553       0.246       1.046       1.199       1.498
    C11             -0.130      -0.017       0.041       0.344       0.647       0.705       0.818
    C12             -0.046      -0.013       0.003       0.091       0.178       0.194       0.227
    C13             -0.129      -0.100      -0.085      -0.006       0.073       0.088       0.117
    C14             -0.538      -0.466      -0.430      -0.239      -0.048      -0.011       0.060
    C15             -1.054      -0.927      -0.861      -0.520      -0.179      -0.114       0.014
    C16             -0.379      -0.305      -0.267      -0.069       0.129       0.167       0.241
    C17             -0.054       0.041       0.089       0.342       0.595       0.643       0.738
    C18             -0.517      -0.414      -0.361      -0.086       0.189       0.242       0.345
    C19             -0.243      -0.173      -0.137       0.051       0.238       0.274       0.344
    C20             -0.748      -0.630      -0.569      -0.252       0.066       0.126       0.245
    C21             -0.364      -0.288      -0.250      -0.048       0.153       0.192       0.267
    C22             -0.157      -0.062      -0.013       0.240       0.494       0.542       0.637
    C23             -0.443      -0.384      -0.355      -0.198      -0.041      -0.011       0.047
    C24             -0.015      -0.008      -0.005       0.014       0.032       0.036       0.043

 IX       WITH
    SX              -0.138      -0.107      -0.091      -0.009       0.072       0.088       0.119

 SX       WITH
    IY              -0.079      -0.060      -0.050       0.002       0.054       0.064       0.083

 Intercepts
    X1               0.000       0.000       0.000       0.000       0.000       0.000       0.000
    X2               0.000       0.000       0.000       0.000       0.000       0.000       0.000
    X3               0.000       0.000       0.000       0.000       0.000       0.000       0.000
    X4               0.000       0.000       0.000       0.000       0.000       0.000       0.000
    X5               0.000       0.000       0.000       0.000       0.000       0.000       0.000
    Y1               0.000       0.000       0.000       0.000       0.000       0.000       0.000
    Y2               0.000       0.000       0.000       0.000       0.000       0.000       0.000
    Y3               0.000       0.000       0.000       0.000       0.000       0.000       0.000
    Y4               0.000       0.000       0.000       0.000       0.000       0.000       0.000
    Y5               0.000       0.000       0.000       0.000       0.000       0.000       0.000
    IX              -0.437      -0.370      -0.336      -0.159       0.018       0.052       0.118
    SX              -0.117      -0.014       0.038       0.312       0.586       0.638       0.741
    IY               0.008       0.070       0.101       0.267       0.432       0.464       0.525
    SY              -0.808      -0.624      -0.530      -0.038       0.453       0.547       0.731

 Residual Variances
    X1               0.584       0.611       0.626       0.700       0.774       0.788       0.816
    X2               0.624       0.637       0.644       0.679       0.714       0.721       0.734
    X3               0.478       0.492       0.499       0.535       0.571       0.578       0.592
    X4               0.462       0.484       0.495       0.553       0.612       0.623       0.645
    X5               0.369       0.393       0.405       0.468       0.532       0.544       0.567
    Y1               0.468       0.489       0.499       0.555       0.610       0.621       0.642
    Y2               0.569       0.584       0.592       0.633       0.674       0.682       0.697
    Y3               0.502       0.520       0.528       0.574       0.620       0.629       0.646
    Y4               0.481       0.505       0.517       0.581       0.644       0.657       0.680
    Y5               0.465       0.500       0.519       0.614       0.710       0.728       0.764
    IX               0.144       0.165       0.176       0.231       0.287       0.298       0.318
    SX              -0.059      -0.007       0.020       0.161       0.302       0.328       0.381
    IY               0.098       0.118       0.128       0.181       0.233       0.244       0.263
    SY              -0.553      -0.442      -0.385      -0.088       0.208       0.265       0.376


RESIDUAL OUTPUT


     ESTIMATED MODEL AND RESIDUALS (OBSERVED - ESTIMATED)


           Model Estimated Means
              X1            X2            X3            X4            X5
              ________      ________      ________      ________      ________
                0.031         0.136         0.189         0.242         0.294


           Model Estimated Means
              Y1            Y2            Y3            Y4            Y5
              ________      ________      ________      ________      ________
               -0.006         0.047         0.074         0.100         0.127


           Model Estimated Means
              C1            C2            C3            C4            C5
              ________      ________      ________      ________      ________
                0.496         0.195         0.435         0.308         0.243


           Model Estimated Means
              C6            C7            C8            C9            C10
              ________      ________      ________      ________      ________
                3.159         7.142         0.202         0.079         0.004


           Model Estimated Means
              C11           C12           C13           C14           C15
              ________      ________      ________      ________      ________
                0.108         2.210         0.687         0.539         0.318


           Model Estimated Means
              C16           C17           C18           C19           C20
              ________      ________      ________      ________      ________
                0.434         0.829         0.233         0.186         0.109


           Model Estimated Means
              C21           C22           C23           C24
              ________      ________      ________      ________
                0.212         0.684         0.291         3.715


           Residuals for Means
              X1            X2            X3            X4            X5
              ________      ________      ________      ________      ________
               -0.031         0.066        -0.023         0.006        -0.052


           Residuals for Means
              Y1            Y2            Y3            Y4            Y5
              ________      ________      ________      ________      ________
                0.006        -0.020         0.031        -0.066         0.049


           Residuals for Means
              C1            C2            C3            C4            C5
              ________      ________      ________      ________      ________
                0.000         0.000         0.000         0.000         0.000


           Residuals for Means
              C6            C7            C8            C9            C10
              ________      ________      ________      ________      ________
                0.000         0.000         0.000         0.000         0.000


           Residuals for Means
              C11           C12           C13           C14           C15
              ________      ________      ________      ________      ________
                0.000         0.000         0.000         0.000         0.000


           Residuals for Means
              C16           C17           C18           C19           C20
              ________      ________      ________      ________      ________
                0.000         0.000         0.000         0.000         0.000


           Residuals for Means
              C21           C22           C23           C24
              ________      ________      ________      ________
                0.000         0.000         0.000         0.000


           Standardized Residuals (z-scores) for Means
              X1            X2            X3            X4            X5
              ________      ________      ________      ________      ________
               -3.764         4.803        -1.618         0.214        -1.982


           Standardized Residuals (z-scores) for Means
              Y1            Y2            Y3            Y4            Y5
              ________      ________      ________      ________      ________
                1.138        -1.491         2.064        -2.613         1.448


           Standardized Residuals (z-scores) for Means
              C1            C2            C3            C4            C5
              ________      ________      ________      ________      ________
                0.000         0.000         0.000         0.000         0.000


           Standardized Residuals (z-scores) for Means
              C6            C7            C8            C9            C10
              ________      ________      ________      ________      ________
                0.000         0.000         0.000         0.000         0.000


           Standardized Residuals (z-scores) for Means
              C11           C12           C13           C14           C15
              ________      ________      ________      ________      ________
                0.000         0.000         0.000         0.000         0.000


           Standardized Residuals (z-scores) for Means
              C16           C17           C18           C19           C20
              ________      ________      ________      ________      ________
                0.000         0.000         0.000         0.000         0.000


           Standardized Residuals (z-scores) for Means
              C21           C22           C23           C24
              ________      ________      ________      ________
                0.000         0.000         0.000         0.000


           Normalized Residuals for Means
              X1            X2            X3            X4            X5
              ________      ________      ________      ________      ________
               -1.566         3.346        -1.108         0.178        -1.509


           Normalized Residuals for Means
              Y1            Y2            Y3            Y4            Y5
              ________      ________      ________      ________      ________
                0.319        -0.970         1.348        -2.029         1.170


           Normalized Residuals for Means
              C1            C2            C3            C4            C5
              ________      ________      ________      ________      ________
                0.000         0.000         0.000         0.000         0.000


           Normalized Residuals for Means
              C6            C7            C8            C9            C10
              ________      ________      ________      ________      ________
                0.000         0.000         0.000         0.000         0.000


           Normalized Residuals for Means
              C11           C12           C13           C14           C15
              ________      ________      ________      ________      ________
                0.000         0.000         0.000         0.000         0.000


           Normalized Residuals for Means
              C16           C17           C18           C19           C20
              ________      ________      ________      ________      ________
                0.000         0.000         0.000         0.000         0.000


           Normalized Residuals for Means
              C21           C22           C23           C24
              ________      ________      ________      ________
                0.000         0.000         0.000         0.000


           Model Estimated Covariances
              X1            X2            X3            X4            X5
              ________      ________      ________      ________      ________
 X1             0.993
 X2             0.279         0.973
 X3             0.272         0.302         0.852
 X4             0.264         0.310         0.332         0.908
 X5             0.257         0.317         0.347         0.377         0.876
 Y1            -0.164        -0.158        -0.155        -0.152        -0.150
 Y2            -0.149        -0.164        -0.171        -0.178        -0.185
 Y3            -0.142        -0.166        -0.179        -0.191        -0.203
 Y4            -0.135        -0.169        -0.186        -0.204        -0.221
 Y5            -0.127        -0.172        -0.194        -0.216        -0.239
 C1            -0.021        -0.017        -0.015        -0.014        -0.012
 C2             0.029         0.024         0.021         0.018         0.015
 C3             0.031         0.023         0.020         0.016         0.012
 C4             0.006         0.012         0.015         0.018         0.021
 C5            -0.026        -0.027        -0.027        -0.027        -0.028
 C6            -0.004        -0.021        -0.029        -0.037        -0.046
 C7            -0.103        -0.125        -0.136        -0.148        -0.159
 C8            -0.039        -0.035        -0.033        -0.031        -0.030
 C9             0.016         0.016         0.016         0.016         0.016
 C10           -0.001        -0.001        -0.001        -0.001        -0.001
 C11           -0.007        -0.009        -0.010        -0.012        -0.013
 C12            0.046         0.046         0.045         0.045         0.045
 C13            0.107         0.078         0.064         0.049         0.035
 C14           -0.008        -0.011        -0.012        -0.014        -0.015
 C15           -0.039        -0.032        -0.028        -0.025        -0.021
 C16            0.052         0.042         0.037         0.032         0.027
 C17            0.013         0.020         0.023         0.026         0.030
 C18            0.046         0.037         0.032         0.027         0.023
 C19           -0.020        -0.017        -0.016        -0.015        -0.014
 C20            0.031         0.025         0.023         0.020         0.017
 C21            0.014         0.009         0.007         0.004         0.002
 C22           -0.040        -0.027        -0.020        -0.013        -0.007
 C23            0.003        -0.022        -0.034        -0.046        -0.058
 C24            0.189         0.162         0.148         0.134         0.121


           Model Estimated Covariances
              Y1            Y2            Y3            Y4            Y5
              ________      ________      ________      ________      ________
 Y1             1.015
 Y2             0.470         1.134
 Y3             0.475         0.516         1.111
 Y4             0.479         0.531         0.558         1.164
 Y5             0.484         0.547         0.578         0.610         1.255
 C1            -0.085        -0.083        -0.082        -0.081        -0.081
 C2            -0.063        -0.061        -0.060        -0.059        -0.058
 C3            -0.080        -0.078        -0.077        -0.076        -0.075
 C4            -0.028        -0.014        -0.007         0.001         0.008
 C5             0.077         0.062         0.055         0.047         0.040
 C6             0.095         0.112         0.120         0.128         0.136
 C7             0.527         0.489         0.471         0.452         0.433
 C8             0.007         0.006         0.006         0.006         0.005
 C9            -0.007        -0.011        -0.012        -0.014        -0.016
 C10            0.001         0.002         0.002         0.002         0.002
 C11            0.000         0.006         0.008         0.011         0.013
 C12           -0.150        -0.130        -0.120        -0.110        -0.099
 C13           -0.251        -0.234        -0.225        -0.216        -0.208
 C14            0.044         0.029         0.022         0.014         0.007
 C15            0.165         0.141         0.129         0.117         0.106
 C16           -0.132        -0.118        -0.111        -0.104        -0.097
 C17           -0.056        -0.047        -0.043        -0.038        -0.034
 C18           -0.012        -0.007        -0.004        -0.001         0.001
 C19            0.032         0.034         0.036         0.037         0.038
 C20           -0.007        -0.010        -0.012        -0.013        -0.015
 C21            0.021         0.020         0.019         0.019         0.019
 C22            0.073         0.073         0.073         0.073         0.073
 C23            0.197         0.164         0.148         0.132         0.115
 C24           -0.454        -0.446        -0.443        -0.439        -0.436


           Model Estimated Covariances
              C1            C2            C3            C4            C5
              ________      ________      ________      ________      ________
 C1             0.250
 C2             0.035         0.157
 C3            -0.009         0.041         0.246
 C4             0.000         0.003        -0.015         0.213
 C5             0.005        -0.018        -0.025        -0.075         0.184
 C6            -0.038        -0.060        -0.108         0.073         0.031
 C7            -0.144        -0.206        -0.466         0.201         0.194
 C8            -0.002        -0.003        -0.002        -0.013         0.004
 C9             0.002         0.006         0.016        -0.009        -0.003
 C10           -0.001        -0.001        -0.001        -0.001         0.002
 C11            0.001        -0.002         0.012        -0.002        -0.008
 C12            0.040         0.024         0.003        -0.006         0.009
 C13            0.126         0.192         0.231        -0.026        -0.075
 C14           -0.003        -0.010        -0.022         0.003         0.037
 C15           -0.030        -0.022        -0.022         0.000         0.011
 C16            0.030         0.018         0.003         0.002        -0.008
 C17            0.036         0.011         0.000         0.001        -0.004
 C18           -0.010        -0.007        -0.005         0.011        -0.012
 C19            0.001        -0.004        -0.021         0.001         0.013
 C20           -0.002        -0.001         0.016        -0.003        -0.001
 C21           -0.014        -0.007        -0.004        -0.011         0.015
 C22           -0.008        -0.063        -0.113         0.004         0.029
 C23           -0.050        -0.021        -0.008        -0.016         0.019
 C24            0.073         0.248         0.369        -0.061        -0.035


           Model Estimated Covariances
              C6            C7            C8            C9            C10
              ________      ________      ________      ________      ________
 C6             1.375
 C7             3.684        22.449
 C8            -0.138        -0.326         0.161
 C9            -0.038        -0.126        -0.016         0.073
 C10            0.002         0.011        -0.001         0.000         0.004
 C11            0.083         0.338         0.000        -0.003         0.000
 C12           -0.009         0.013         0.010        -0.001        -0.001
 C13           -0.279        -1.035         0.021         0.042         0.000
 C14            0.012         0.183         0.008        -0.014         0.002
 C15            0.018         0.117         0.001        -0.004         0.000
 C16            0.000        -0.001        -0.008         0.003         0.000
 C17           -0.060        -0.183        -0.001         0.004         0.000
 C18            0.016        -0.013         0.000        -0.001         0.000
 C19            0.052         0.219        -0.006        -0.005         0.000
 C20           -0.035        -0.121         0.004         0.004         0.000
 C21            0.013         0.074        -0.004         0.000         0.001
 C22            0.085         0.366        -0.005        -0.012         0.001
 C23            0.082         0.491         0.003        -0.003         0.001
 C24           -0.632        -2.092         0.058         0.041         0.004


           Model Estimated Covariances
              C11           C12           C13           C14           C15
              ________      ________      ________      ________      ________
 C11            0.096
 C12            0.003         1.054
 C13            0.039         0.236         1.541
 C14           -0.003         0.003        -0.083         0.248
 C15            0.002        -0.050        -0.080         0.003         0.217
 C16           -0.001         0.053         0.044         0.002        -0.138
 C17           -0.024         0.016         0.029        -0.028        -0.008
 C18           -0.004         0.000        -0.050        -0.006        -0.002
 C19           -0.002        -0.013        -0.058         0.018         0.007
 C20           -0.001         0.010         0.014         0.001        -0.002
 C21            0.008        -0.003        -0.016         0.039         0.004
 C22           -0.017        -0.049        -0.356         0.036         0.023
 C23            0.050        -0.040        -0.055         0.021         0.089
 C24           -0.010         0.586         1.733         0.691        -0.133


           Model Estimated Covariances
              C16           C17           C18           C19           C20
              ________      ________      ________      ________      ________
 C16            0.246
 C17            0.008         0.142
 C18           -0.003        -0.001         0.179
 C19           -0.006        -0.006        -0.043         0.151
 C20            0.003         0.003         0.027        -0.013         0.097
 C21           -0.004        -0.019        -0.007         0.013        -0.023
 C22           -0.004        -0.002         0.018         0.022        -0.007
 C23           -0.065        -0.032        -0.003         0.008         0.016
 C24            0.050         0.082         0.002        -0.026         0.063


           Model Estimated Covariances
              C21           C22           C23           C24
              ________      ________      ________      ________
 C21            0.167
 C22            0.006         0.216
 C23            0.034         0.004         0.925
 C24            0.045        -0.427        -0.077        17.918


           Model Estimated Correlations
              X1            X2            X3            X4            X5
              ________      ________      ________      ________      ________
 X1             1.000
 X2             0.284         1.000
 X3             0.295         0.332         1.000
 X4             0.279         0.329         0.378         1.000
 X5             0.276         0.344         0.402         0.423         1.000
 Y1            -0.163        -0.159        -0.167        -0.159        -0.159
 Y2            -0.141        -0.156        -0.174        -0.176        -0.186
 Y3            -0.135        -0.160        -0.184        -0.190        -0.206
 Y4            -0.125        -0.159        -0.187        -0.198        -0.219
 Y5            -0.114        -0.156        -0.188        -0.203        -0.228
 C1            -0.042        -0.035        -0.033        -0.029        -0.025
 C2             0.074         0.060         0.057         0.047         0.040
 C3             0.063         0.048         0.043         0.034         0.026
 C4             0.013         0.027         0.036         0.042         0.050
 C5            -0.062        -0.064        -0.069        -0.067        -0.069
 C6            -0.003        -0.018        -0.027        -0.033        -0.042
 C7            -0.022        -0.027        -0.031        -0.033        -0.036
 C8            -0.098        -0.089        -0.090        -0.082        -0.079
 C9             0.060         0.060         0.064         0.061         0.062
 C10           -0.009        -0.012        -0.014        -0.015        -0.017
 C11           -0.021        -0.030        -0.036        -0.039        -0.045
 C12            0.045         0.045         0.048         0.046         0.047
 C13            0.087         0.064         0.056         0.041         0.030
 C14           -0.015        -0.022        -0.026        -0.028        -0.032
 C15           -0.084        -0.069        -0.066        -0.056        -0.049
 C16            0.105         0.086         0.081         0.069         0.059
 C17            0.035         0.053         0.066         0.073         0.084
 C18            0.109         0.088         0.082         0.068         0.058
 C19           -0.050        -0.045        -0.045        -0.040        -0.038
 C20            0.100         0.083         0.079         0.066         0.058
 C21            0.034         0.023         0.018         0.011         0.005
 C22           -0.086        -0.058        -0.047        -0.030        -0.016
 C23            0.003        -0.023        -0.038        -0.050        -0.065
 C24            0.045         0.039         0.038         0.033         0.030


           Model Estimated Correlations
              Y1            Y2            Y3            Y4            Y5
              ________      ________      ________      ________      ________
 Y1             1.000
 Y2             0.438         1.000
 Y3             0.447         0.460         1.000
 Y4             0.441         0.463         0.490         1.000
 Y5             0.429         0.458         0.490         0.504         1.000
 C1            -0.168        -0.156        -0.156        -0.151        -0.144
 C2            -0.158        -0.145        -0.143        -0.137        -0.130
 C3            -0.160        -0.147        -0.147        -0.142        -0.135
 C4            -0.061        -0.028        -0.013         0.001         0.016
 C5             0.179         0.136         0.121         0.102         0.083
 C6             0.081         0.089         0.097         0.101         0.104
 C7             0.110         0.097         0.094         0.088         0.082
 C8             0.018         0.015         0.014         0.013         0.012
 C9            -0.027        -0.037        -0.043        -0.048        -0.052
 C10            0.022         0.025         0.027         0.029         0.030
 C11            0.001         0.017         0.025         0.032         0.038
 C12           -0.145        -0.119        -0.111        -0.099        -0.086
 C13           -0.201        -0.177        -0.172        -0.162        -0.149
 C14            0.088         0.055         0.041         0.027         0.012
 C15            0.351         0.285         0.263         0.234         0.202
 C16           -0.264        -0.223        -0.212        -0.195        -0.175
 C17           -0.148        -0.118        -0.108        -0.094        -0.080
 C18           -0.028        -0.015        -0.009        -0.003         0.003
 C19            0.081         0.083         0.087         0.088         0.088
 C20           -0.023        -0.031        -0.036        -0.040        -0.043
 C21            0.051         0.046         0.045         0.043         0.040
 C22            0.156         0.148         0.149         0.146         0.140
 C23            0.203         0.161         0.146         0.127         0.107
 C24           -0.106        -0.099        -0.099        -0.096        -0.092


           Model Estimated Correlations
              C1            C2            C3            C4            C5
              ________      ________      ________      ________      ________
 C1             1.000
 C2             0.176         1.000
 C3            -0.036         0.210         1.000
 C4             0.002         0.018        -0.064         1.000
 C5             0.024        -0.105        -0.116        -0.378         1.000
 C6            -0.064        -0.130        -0.186         0.135         0.061
 C7            -0.061        -0.110        -0.198         0.092         0.096
 C8            -0.010        -0.018        -0.012        -0.070         0.023
 C9             0.014         0.060         0.120        -0.069        -0.026
 C10           -0.018        -0.032        -0.020        -0.034         0.072
 C11            0.005        -0.017         0.075        -0.016        -0.063
 C12            0.078         0.060         0.006        -0.013         0.020
 C13            0.204         0.390         0.375        -0.045        -0.140
 C14           -0.013        -0.052        -0.087         0.014         0.175
 C15           -0.130        -0.120        -0.095        -0.001         0.057
 C16            0.120         0.092         0.014         0.010        -0.036
 C17            0.189         0.071        -0.001         0.003        -0.023
 C18           -0.045        -0.042        -0.025         0.055        -0.066
 C19            0.005        -0.024        -0.109         0.006         0.079
 C20           -0.014        -0.012         0.102        -0.023        -0.010
 C21           -0.068        -0.040        -0.021        -0.056         0.087
 C22           -0.032        -0.342        -0.488         0.017         0.146
 C23           -0.104        -0.055        -0.017        -0.036         0.046
 C24            0.035         0.148         0.176        -0.031        -0.019


           Model Estimated Correlations
              C6            C7            C8            C9            C10
              ________      ________      ________      ________      ________
 C6             1.000
 C7             0.663         1.000
 C8            -0.293        -0.171         1.000
 C9            -0.120        -0.098        -0.148         1.000
 C10            0.027         0.036        -0.021        -0.019         1.000
 C11            0.228         0.231        -0.003        -0.036         0.007
 C12           -0.008         0.003         0.025        -0.005        -0.009
 C13           -0.192        -0.176         0.042         0.124        -0.003
 C14            0.020         0.078         0.038        -0.104         0.051
 C15            0.033         0.053         0.005        -0.031         0.006
 C16           -0.001         0.000        -0.043         0.026        -0.001
 C17           -0.135        -0.103        -0.004         0.035         0.005
 C18            0.032        -0.007         0.002        -0.012        -0.014
 C19            0.113         0.119        -0.041        -0.050        -0.007
 C20           -0.096        -0.082         0.034         0.046        -0.008
 C21            0.026         0.038        -0.022        -0.003         0.046
 C22            0.155         0.166        -0.025        -0.092         0.034
 C23            0.073         0.108         0.007        -0.010         0.019
 C24           -0.127        -0.104         0.034         0.036         0.015


           Model Estimated Correlations
              C11           C12           C13           C14           C15
              ________      ________      ________      ________      ________
 C11            1.000
 C12            0.010         1.000
 C13            0.101         0.185         1.000
 C14           -0.019         0.006        -0.133         1.000
 C15            0.017        -0.105        -0.138         0.015         1.000
 C16           -0.007         0.104         0.071         0.007        -0.598
 C17           -0.203         0.041         0.063        -0.151        -0.045
 C18           -0.028        -0.001        -0.095        -0.031        -0.009
 C19           -0.016        -0.033        -0.120         0.094         0.036
 C20           -0.008         0.030         0.035         0.005        -0.012
 C21            0.066        -0.008        -0.031         0.191         0.020
 C22           -0.116        -0.102        -0.616         0.155         0.105
 C23            0.169        -0.040        -0.046         0.045         0.199
 C24           -0.007         0.135         0.330         0.327        -0.068


           Model Estimated Correlations
              C16           C17           C18           C19           C20
              ________      ________      ________      ________      ________
 C16            1.000
 C17            0.043         1.000
 C18           -0.016        -0.004         1.000
 C19           -0.030        -0.041        -0.264         1.000
 C20            0.022         0.024         0.206        -0.109         1.000
 C21           -0.022        -0.126        -0.040         0.085        -0.181
 C22           -0.019        -0.009         0.092         0.121        -0.051
 C23           -0.137        -0.088        -0.006         0.021         0.053
 C24            0.024         0.051         0.001        -0.016         0.048


           Model Estimated Correlations
              C21           C22           C23           C24
              ________      ________      ________      ________
 C21            1.000
 C22            0.032         1.000
 C23            0.086         0.008         1.000
 C24            0.026        -0.217        -0.019         1.000


           Model Estimated Partial Correlations
              X1            X2            X3            X4            X5
              ________      ________      ________      ________      ________
 X1             1.000
 X2             0.125         1.000
 X3             0.125         0.139         1.000
 X4             0.106         0.137         0.175         1.000
 X5             0.099         0.154         0.209         0.239         1.000
 Y1            -0.066        -0.033        -0.019         0.000         0.021
 Y2            -0.026        -0.020        -0.020        -0.016        -0.014
 Y3            -0.009        -0.016        -0.022        -0.026        -0.034
 Y4             0.011        -0.010        -0.023        -0.034        -0.053
 Y5             0.030        -0.004        -0.023        -0.042        -0.070
 C1            -0.047        -0.038        -0.039        -0.034        -0.033
 C2             0.022         0.012         0.009         0.003        -0.003
 C3            -0.007        -0.008        -0.009        -0.009        -0.011
 C4            -0.020        -0.002         0.008         0.018         0.032
 C5            -0.011        -0.007        -0.005        -0.003        -0.001
 C6             0.019         0.005        -0.003        -0.011        -0.022
 C7            -0.005        -0.002         0.000         0.001         0.003
 C8            -0.052        -0.037        -0.035        -0.027        -0.021
 C9             0.014         0.013         0.014         0.013         0.014
 C10           -0.003        -0.003        -0.003        -0.003        -0.003
 C11           -0.024        -0.012        -0.008        -0.001         0.006
 C12            0.000         0.004         0.006         0.008         0.012
 C13            0.031         0.016         0.009         0.000        -0.010
 C14            0.016         0.005        -0.002        -0.008        -0.017
 C15            0.004         0.008         0.011         0.014         0.018
 C16            0.048         0.025         0.015         0.001        -0.014
 C17            0.001         0.010         0.018         0.023         0.033
 C18            0.069         0.040         0.029         0.013        -0.005
 C19            0.001         0.002         0.003         0.003         0.004
 C20            0.056         0.035         0.027         0.015         0.003
 C21            0.040         0.026         0.022         0.013         0.006
 C22           -0.033        -0.011         0.000         0.012         0.028
 C23            0.043         0.016         0.002        -0.013        -0.032
 C24           -0.009        -0.003         0.000         0.003         0.006


           Model Estimated Partial Correlations
              Y1            Y2            Y3            Y4            Y5
              ________      ________      ________      ________      ________
 Y1             1.000
 Y2             0.123         1.000
 Y3             0.138         0.157         1.000
 Y4             0.146         0.169         0.197         1.000
 Y5             0.150         0.176         0.207         0.228         1.000
 C1            -0.042        -0.039        -0.042        -0.043        -0.042
 C2            -0.016        -0.011        -0.010        -0.009        -0.007
 C3            -0.046        -0.030        -0.025        -0.018        -0.011
 C4            -0.037        -0.007         0.007         0.023         0.037
 C5             0.076         0.040         0.026         0.009        -0.008
 C6            -0.024        -0.003         0.007         0.017         0.027
 C7             0.041         0.013         0.000        -0.014        -0.027
 C8            -0.003        -0.002        -0.002        -0.001        -0.001
 C9             0.027         0.010         0.003        -0.005        -0.013
 C10           -0.008         0.000         0.004         0.008         0.012
 C11           -0.047        -0.014         0.001         0.017         0.033
 C12           -0.065        -0.033        -0.019        -0.004         0.011
 C13           -0.018        -0.006         0.000         0.006         0.012
 C14            0.051         0.016         0.000        -0.018        -0.035
 C15            0.148         0.075         0.046         0.012        -0.023
 C16           -0.025        -0.020        -0.019        -0.018        -0.015
 C17           -0.075        -0.032        -0.013         0.008         0.029
 C18           -0.017        -0.001         0.006         0.014         0.022
 C19           -0.003         0.010         0.017         0.024         0.030
 C20            0.017         0.006         0.002        -0.004        -0.009
 C21           -0.006         0.001         0.006         0.010         0.014
 C22           -0.019         0.001         0.010         0.020         0.030
 C23            0.095         0.046         0.025         0.001        -0.022
 C24           -0.031        -0.017        -0.011        -0.004         0.002


           Model Estimated Partial Correlations
              C1            C2            C3            C4            C5
              ________      ________      ________      ________      ________
 C1             1.000
 C2             0.108         1.000
 C3            -0.103         0.030         1.000
 C4             0.030         0.019        -0.053         1.000
 C5             0.076        -0.027        -0.027        -0.396         1.000
 C6            -0.013        -0.044        -0.049         0.092         0.046
 C7            -0.032         0.015        -0.062         0.034         0.055
 C8            -0.041        -0.035        -0.062        -0.027         0.017
 C9            -0.002        -0.003         0.048        -0.052        -0.005
 C10           -0.022        -0.020        -0.002        -0.012         0.049
 C11            0.064        -0.050         0.056        -0.068        -0.092
 C12            0.015        -0.024        -0.073         0.002         0.055
 C13            0.193         0.189         0.076        -0.037        -0.051
 C14            0.045         0.019        -0.010         0.089         0.142
 C15           -0.020        -0.009        -0.032         0.014        -0.007
 C16            0.030         0.032        -0.037         0.000        -0.003
 C17            0.162         0.011        -0.020         0.004         0.017
 C18           -0.002         0.014        -0.001         0.025        -0.045
 C19            0.029         0.042        -0.023         0.006         0.016
 C20           -0.002        -0.046         0.074        -0.014         0.021
 C21           -0.042        -0.025         0.007        -0.040         0.039
 C22            0.093        -0.135        -0.307        -0.031         0.012
 C23           -0.045         0.002         0.001        -0.018         0.001
 C24           -0.061         0.007         0.047        -0.030        -0.027


           Model Estimated Partial Correlations
              C6            C7            C8            C9            C10
              ________      ________      ________      ________      ________
 C6             1.000
 C7             0.586         1.000
 C8            -0.262         0.012         1.000
 C9            -0.095         0.001        -0.177         1.000
 C10            0.002         0.015        -0.025        -0.017         1.000
 C11            0.123         0.129         0.058        -0.019         0.003
 C12            0.015         0.024         0.026        -0.019        -0.013
 C13           -0.044        -0.001         0.035         0.056         0.038
 C14           -0.048         0.061         0.026        -0.083         0.031
 C15           -0.024         0.016        -0.028        -0.010        -0.004
 C16           -0.007         0.026        -0.034         0.008         0.003
 C17           -0.072         0.028        -0.013        -0.006         0.023
 C18            0.057        -0.016         0.022        -0.018        -0.013
 C19            0.044         0.036        -0.015        -0.023        -0.025
 C20           -0.050        -0.016         0.018         0.028         0.003
 C21           -0.022        -0.008        -0.023         0.018         0.032
 C22           -0.009         0.033        -0.008         0.016         0.028
 C23           -0.008         0.047         0.011         0.007         0.008
 C24           -0.016        -0.029        -0.007         0.022         0.004


           Model Estimated Partial Correlations
              C11           C12           C13           C14           C15
              ________      ________      ________      ________      ________
 C11            1.000
 C12           -0.007         1.000
 C13            0.069         0.120         1.000
 C14           -0.024        -0.007        -0.136         1.000
 C15            0.015        -0.009        -0.015        -0.005         1.000
 C16            0.013         0.042         0.000         0.025        -0.544
 C17           -0.174         0.005        -0.017        -0.157         0.024
 C18           -0.026         0.005        -0.077        -0.047        -0.032
 C19           -0.038        -0.011        -0.060         0.028        -0.017
 C20            0.017         0.023        -0.002         0.050         0.008
 C21            0.052         0.004         0.020         0.168        -0.012
 C22           -0.064        -0.017        -0.431         0.090         0.034
 C23            0.142        -0.003        -0.010         0.012         0.099
 C24           -0.009         0.074         0.258         0.412        -0.009


           Model Estimated Partial Correlations
              C16           C17           C18           C19           C20
              ________      ________      ________      ________      ________
 C16            1.000
 C17            0.002         1.000
 C18           -0.048        -0.026         1.000
 C19           -0.024        -0.021        -0.267         1.000
 C20            0.024         0.003         0.185        -0.021         1.000
 C21           -0.010        -0.071         0.017         0.054        -0.194
 C22            0.049         0.024         0.077         0.047        -0.016
 C23           -0.013        -0.003        -0.011         0.000         0.073
 C24           -0.027         0.089         0.056         0.032         0.004


           Model Estimated Partial Correlations
              C21           C22           C23           C24
              ________      ________      ________      ________
 C21            1.000
 C22           -0.001         1.000
 C23            0.067        -0.020         1.000
 C24           -0.030        -0.034         0.002         1.000


           Residuals for Covariances
              X1            X2            X3            X4            X5
              ________      ________      ________      ________      ________
 X1             0.007
 X2             0.017        -0.003
 X3            -0.023        -0.043        -0.035
 X4             0.011         0.057         0.019         0.062
 X5             0.035        -0.005        -0.055         0.067        -0.005
 Y1             0.001        -0.006         0.030        -0.011        -0.019
 Y2             0.023        -0.062         0.036        -0.008         0.006
 Y3            -0.016         0.007        -0.016         0.008         0.009
 Y4            -0.025         0.029         0.028        -0.039        -0.019
 Y5             0.024        -0.011         0.073         0.005         0.011
 C1             0.001         0.000        -0.004         0.001         0.003
 C2             0.004         0.000        -0.014         0.019         0.004
 C3             0.000         0.006        -0.012         0.008         0.001
 C4            -0.012         0.018         0.005        -0.004        -0.025
 C5             0.008        -0.015         0.000         0.017         0.003
 C6             0.000        -0.009         0.011         0.003        -0.021
 C7             0.013        -0.058         0.048        -0.080        -0.034
 C8             0.000         0.006        -0.008         0.001         0.007
 C9             0.000        -0.004         0.006         0.000        -0.003
 C10            0.001        -0.001        -0.002         0.002         0.002
 C11            0.001         0.000         0.001        -0.028         0.018
 C12            0.000         0.015        -0.024        -0.002         0.028
 C13            0.007         0.006        -0.045         0.047         0.010
 C14            0.002         0.006        -0.018         0.017         0.002
 C15            0.000        -0.003         0.005         0.000        -0.006
 C16            0.000         0.000         0.000         0.008        -0.002
 C17            0.000        -0.003         0.004         0.007        -0.007
 C18            0.001         0.000        -0.002        -0.007         0.011
 C19           -0.002         0.003         0.003        -0.009        -0.001
 C20            0.001        -0.002         0.002        -0.004         0.004
 C21            0.004        -0.002        -0.009         0.004         0.007
 C22           -0.006         0.005         0.014        -0.019        -0.006
 C23            0.003        -0.009         0.015        -0.067         0.022
 C24            0.012         0.096        -0.223         0.181         0.071


           Residuals for Covariances
              Y1            Y2            Y3            Y4            Y5
              ________      ________      ________      ________      ________
 Y1            -0.016
 Y2            -0.017         0.020
 Y3             0.018         0.101         0.057
 Y4            -0.037        -0.064        -0.051        -0.080
 Y5            -0.068         0.000        -0.019        -0.060        -0.068
 C1             0.003        -0.004        -0.007         0.008         0.008
 C2             0.002        -0.002        -0.003         0.002         0.005
 C3             0.002        -0.001        -0.006        -0.001         0.016
 C4            -0.001         0.006        -0.009         0.015        -0.010
 C5            -0.002         0.002         0.006        -0.015         0.001
 C6            -0.002         0.012        -0.024         0.038        -0.007
 C7             0.009        -0.022        -0.023         0.172        -0.065
 C8            -0.002         0.000         0.009        -0.009        -0.007
 C9             0.000         0.000        -0.003         0.006        -0.002
 C10            0.000         0.000        -0.002         0.003         0.000
 C11           -0.002         0.005         0.000        -0.009        -0.003
 C12            0.000         0.016        -0.037         0.025         0.020
 C13           -0.001         0.006        -0.004        -0.006         0.005
 C14            0.005        -0.013         0.005        -0.012         0.027
 C15           -0.001        -0.001         0.010        -0.013        -0.002
 C16            0.002        -0.003        -0.008         0.027        -0.009
 C17            0.001        -0.002        -0.005         0.011         0.002
 C18           -0.003         0.008        -0.004        -0.002        -0.006
 C19            0.003        -0.002        -0.007         0.003         0.013
 C20            0.000         0.000        -0.003         0.009         0.001
 C21            0.001         0.002        -0.004        -0.022         0.025
 C22           -0.002         0.002         0.004         0.000        -0.012
 C23            0.004        -0.023         0.041        -0.019        -0.007
 C24            0.012        -0.067         0.082        -0.123         0.046


           Residuals for Covariances
              C1            C2            C3            C4            C5
              ________      ________      ________      ________      ________
 C1             0.000
 C2             0.000         0.000
 C3             0.000         0.000         0.000
 C4             0.000         0.000         0.000         0.000
 C5             0.000         0.000         0.000         0.000         0.000
 C6             0.000         0.000         0.000         0.000         0.000
 C7             0.000         0.000         0.000         0.000         0.000
 C8             0.000         0.000         0.000         0.000         0.000
 C9             0.000         0.000         0.000         0.000         0.000
 C10            0.000         0.000         0.000         0.000         0.000
 C11            0.000         0.000         0.000         0.000         0.000
 C12            0.000         0.000         0.000         0.000         0.000
 C13            0.000         0.000         0.000         0.000         0.000
 C14            0.000         0.000         0.000         0.000         0.000
 C15            0.000         0.000         0.000         0.000         0.000
 C16            0.000         0.000         0.000         0.000         0.000
 C17            0.000         0.000         0.000         0.000         0.000
 C18            0.000         0.000         0.000         0.000         0.000
 C19            0.000         0.000         0.000         0.000         0.000
 C20            0.000         0.000         0.000         0.000         0.000
 C21            0.000         0.000         0.000         0.000         0.000
 C22            0.000         0.000         0.000         0.000         0.000
 C23            0.000         0.000         0.000         0.000         0.000
 C24            0.000         0.000         0.000         0.000         0.000


           Residuals for Covariances
              C6            C7            C8            C9            C10
              ________      ________      ________      ________      ________
 C6             0.000
 C7             0.000         0.000
 C8             0.000         0.000         0.000
 C9             0.000         0.000         0.000         0.000
 C10            0.000         0.000         0.000         0.000         0.000
 C11            0.000         0.000         0.000         0.000         0.000
 C12            0.000         0.000         0.000         0.000         0.000
 C13            0.000         0.000         0.000         0.000         0.000
 C14            0.000         0.000         0.000         0.000         0.000
 C15            0.000         0.000         0.000         0.000         0.000
 C16            0.000         0.000         0.000         0.000         0.000
 C17            0.000         0.000         0.000         0.000         0.000
 C18            0.000         0.000         0.000         0.000         0.000
 C19            0.000         0.000         0.000         0.000         0.000
 C20            0.000         0.000         0.000         0.000         0.000
 C21            0.000         0.000         0.000         0.000         0.000
 C22            0.000         0.000         0.000         0.000         0.000
 C23            0.000         0.000         0.000         0.000         0.000
 C24            0.000         0.000         0.000         0.000         0.000


           Residuals for Covariances
              C11           C12           C13           C14           C15
              ________      ________      ________      ________      ________
 C11            0.000
 C12            0.000         0.000
 C13            0.000         0.000         0.000
 C14            0.000         0.000         0.000         0.000
 C15            0.000         0.000         0.000         0.000         0.000
 C16            0.000         0.000         0.000         0.000         0.000
 C17            0.000         0.000         0.000         0.000         0.000
 C18            0.000         0.000         0.000         0.000         0.000
 C19            0.000         0.000         0.000         0.000         0.000
 C20            0.000         0.000         0.000         0.000         0.000
 C21            0.000         0.000         0.000         0.000         0.000
 C22            0.000         0.000         0.000         0.000         0.000
 C23            0.000         0.000         0.000         0.000         0.000
 C24            0.000         0.000         0.000         0.000         0.000


           Residuals for Covariances
              C16           C17           C18           C19           C20
              ________      ________      ________      ________      ________
 C16            0.000
 C17            0.000         0.000
 C18            0.000         0.000         0.000
 C19            0.000         0.000         0.000         0.000
 C20            0.000         0.000         0.000         0.000         0.000
 C21            0.000         0.000         0.000         0.000         0.000
 C22            0.000         0.000         0.000         0.000         0.000
 C23            0.000         0.000         0.000         0.000         0.000
 C24            0.000         0.000         0.000         0.000         0.000


           Residuals for Covariances
              C21           C22           C23           C24
              ________      ________      ________      ________
 C21            0.000
 C22            0.000         0.000
 C23            0.000         0.000         0.000
 C24            0.000         0.000         0.000         0.000


           Residuals for Correlations
              X1            X2            X3            X4            X5
              ________      ________      ________      ________      ________
 X1             0.000
 X2             0.017         0.000
 X3            -0.020        -0.041         0.000
 X4             0.002         0.049         0.017         0.000
 X5             0.038        -0.004        -0.055         0.060         0.000
 Y1             0.000        -0.007         0.028        -0.007        -0.022
 Y2             0.023        -0.058         0.035         0.000         0.007
 Y3            -0.011         0.010        -0.016         0.018         0.013
 Y4            -0.028         0.022         0.018        -0.039        -0.028
 Y5             0.019        -0.015         0.064         0.006         0.004
 C1             0.002         0.000        -0.009         0.004         0.007
 C2             0.009        -0.001        -0.039         0.046         0.011
 C3            -0.001         0.013        -0.026         0.015         0.002
 C4            -0.026         0.040         0.012        -0.009        -0.057
 C5             0.018        -0.037        -0.002         0.042         0.008
 C6             0.000        -0.007         0.010         0.004        -0.019
 C7             0.003        -0.012         0.011        -0.016        -0.008
 C8            -0.001         0.016        -0.025         0.006         0.018
 C9            -0.001        -0.014         0.025        -0.003        -0.013
 C10            0.011        -0.012        -0.026         0.029         0.036
 C11            0.003        -0.001         0.003        -0.091         0.061
 C12            0.000         0.015        -0.025        -0.003         0.029
 C13            0.005         0.005        -0.039         0.037         0.009
 C14            0.004         0.011        -0.041         0.035         0.003
 C15            0.000        -0.006         0.010         0.001        -0.013
 C16           -0.001         0.000         0.001         0.015        -0.005
 C17            0.000        -0.009         0.013         0.017        -0.019
 C18            0.003         0.000        -0.005        -0.020         0.027
 C19           -0.006         0.008         0.008        -0.023        -0.004
 C20            0.003        -0.007         0.008        -0.014         0.013
 C21            0.009        -0.006        -0.024         0.010         0.018
 C22           -0.012         0.011         0.032        -0.041        -0.014
 C23            0.003        -0.010         0.017        -0.069         0.025
 C24            0.003         0.023        -0.057         0.042         0.018


           Residuals for Correlations
              Y1            Y2            Y3            Y4            Y5
              ________      ________      ________      ________      ________
 Y1             0.000
 Y2            -0.016         0.000
 Y3             0.009         0.072         0.000
 Y4            -0.016        -0.044        -0.040         0.000
 Y5            -0.047         0.009        -0.015        -0.020         0.000
 C1             0.005        -0.006        -0.008         0.010         0.010
 C2             0.004        -0.004        -0.004        -0.001         0.007
 C3             0.004         0.000        -0.008        -0.007         0.026
 C4            -0.004         0.013        -0.018         0.031        -0.020
 C5            -0.003         0.004         0.009        -0.031         0.005
 C6            -0.001         0.009        -0.021         0.034        -0.003
 C7             0.003        -0.005        -0.007         0.038        -0.010
 C8            -0.005         0.001         0.021        -0.022        -0.015
 C9             0.001         0.000        -0.008         0.019        -0.009
 C10            0.003         0.000        -0.023         0.050        -0.002
 C11           -0.006         0.014         0.000        -0.028        -0.008
 C12           -0.001         0.016        -0.030         0.019         0.015
 C13           -0.003         0.006         0.001        -0.011        -0.001
 C14            0.011        -0.025         0.009        -0.023         0.050
 C15            0.000        -0.004         0.013        -0.019         0.003
 C16            0.002        -0.004        -0.010         0.045        -0.021
 C17            0.002        -0.004        -0.010         0.026         0.002
 C18           -0.007         0.019        -0.008        -0.004        -0.013
 C19            0.008        -0.007        -0.018         0.009         0.033
 C20            0.001         0.001        -0.009         0.027         0.002
 C21            0.003         0.005        -0.011        -0.050         0.057
 C22           -0.004         0.003         0.004         0.006        -0.019
 C23            0.005        -0.024         0.036        -0.015        -0.004
 C24            0.002        -0.014         0.020        -0.032         0.007


           Residuals for Correlations
              C1            C2            C3            C4            C5
              ________      ________      ________      ________      ________
 C1             0.000
 C2             0.000         0.000
 C3             0.000         0.000         0.000
 C4             0.000         0.000         0.000         0.000
 C5             0.000         0.000         0.000         0.000         0.000
 C6             0.000         0.000         0.000         0.000         0.000
 C7             0.000         0.000         0.000         0.000         0.000
 C8             0.000         0.000         0.000         0.000         0.000
 C9             0.000         0.000         0.000         0.000         0.000
 C10            0.000         0.000         0.000         0.000         0.000
 C11            0.000         0.000         0.000         0.000         0.000
 C12            0.000         0.000         0.000         0.000         0.000
 C13            0.000         0.000         0.000         0.000         0.000
 C14            0.000         0.000         0.000         0.000         0.000
 C15            0.000         0.000         0.000         0.000         0.000
 C16            0.000         0.000         0.000         0.000         0.000
 C17            0.000         0.000         0.000         0.000         0.000
 C18            0.000         0.000         0.000         0.000         0.000
 C19            0.000         0.000         0.000         0.000         0.000
 C20            0.000         0.000         0.000         0.000         0.000
 C21            0.000         0.000         0.000         0.000         0.000
 C22            0.000         0.000         0.000         0.000         0.000
 C23            0.000         0.000         0.000         0.000         0.000
 C24            0.000         0.000         0.000         0.000         0.000


           Residuals for Correlations
              C6            C7            C8            C9            C10
              ________      ________      ________      ________      ________
 C6             0.000
 C7             0.000         0.000
 C8             0.000         0.000         0.000
 C9             0.000         0.000         0.000         0.000
 C10            0.000         0.000         0.000         0.000         0.000
 C11            0.000         0.000         0.000         0.000         0.000
 C12            0.000         0.000         0.000         0.000         0.000
 C13            0.000         0.000         0.000         0.000         0.000
 C14            0.000         0.000         0.000         0.000         0.000
 C15            0.000         0.000         0.000         0.000         0.000
 C16            0.000         0.000         0.000         0.000         0.000
 C17            0.000         0.000         0.000         0.000         0.000
 C18            0.000         0.000         0.000         0.000         0.000
 C19            0.000         0.000         0.000         0.000         0.000
 C20            0.000         0.000         0.000         0.000         0.000
 C21            0.000         0.000         0.000         0.000         0.000
 C22            0.000         0.000         0.000         0.000         0.000
 C23            0.000         0.000         0.000         0.000         0.000
 C24            0.000         0.000         0.000         0.000         0.000


           Residuals for Correlations
              C11           C12           C13           C14           C15
              ________      ________      ________      ________      ________
 C11            0.000
 C12            0.000         0.000
 C13            0.000         0.000         0.000
 C14            0.000         0.000         0.000         0.000
 C15            0.000         0.000         0.000         0.000         0.000
 C16            0.000         0.000         0.000         0.000         0.000
 C17            0.000         0.000         0.000         0.000         0.000
 C18            0.000         0.000         0.000         0.000         0.000
 C19            0.000         0.000         0.000         0.000         0.000
 C20            0.000         0.000         0.000         0.000         0.000
 C21            0.000         0.000         0.000         0.000         0.000
 C22            0.000         0.000         0.000         0.000         0.000
 C23            0.000         0.000         0.000         0.000         0.000
 C24            0.000         0.000         0.000         0.000         0.000


           Residuals for Correlations
              C16           C17           C18           C19           C20
              ________      ________      ________      ________      ________
 C16            0.000
 C17            0.000         0.000
 C18            0.000         0.000         0.000
 C19            0.000         0.000         0.000         0.000
 C20            0.000         0.000         0.000         0.000         0.000
 C21            0.000         0.000         0.000         0.000         0.000
 C22            0.000         0.000         0.000         0.000         0.000
 C23            0.000         0.000         0.000         0.000         0.000
 C24            0.000         0.000         0.000         0.000         0.000


           Residuals for Correlations
              C21           C22           C23           C24
              ________      ________      ________      ________
 C21            0.000
 C22            0.000         0.000
 C23            0.000         0.000         0.000
 C24            0.000         0.000         0.000         0.000


           Residuals for Partial Correlations
              X1            X2            X3            X4            X5
              ________      ________      ________      ________      ________
 X1             0.000
 X2             0.029         0.000
 X3            -0.015        -0.043         0.000
 X4            -0.049         0.055         0.047         0.000
 X5             0.046        -0.034        -0.084         0.086         0.000
 Y1             0.003         0.006         0.017         0.001        -0.034
 Y2             0.044        -0.092         0.026         0.011         0.017
 Y3            -0.019         0.046        -0.084         0.055         0.024
 Y4            -0.045         0.065        -0.009        -0.049        -0.018
 Y5             0.019        -0.040         0.066         0.013        -0.007
 C1             0.001         0.000        -0.009        -0.003         0.016
 C2             0.008        -0.013        -0.038         0.038         0.005
 C3            -0.010         0.028        -0.013         0.007        -0.014
 C4            -0.020         0.044         0.021         0.010        -0.067
 C5             0.010        -0.030        -0.005         0.048        -0.027
 C6             0.002        -0.005        -0.022         0.068        -0.040
 C7             0.008        -0.012         0.010        -0.011         0.006
 C8            -0.002         0.014        -0.032         0.025        -0.001
 C9            -0.001        -0.013         0.035        -0.004        -0.016
 C10            0.009        -0.024        -0.043         0.033         0.042
 C11           -0.005         0.016         0.023        -0.136         0.098
 C12           -0.008         0.020        -0.021        -0.028         0.042
 C13           -0.001         0.007        -0.008         0.023        -0.028
 C14            0.002         0.002        -0.036         0.042        -0.009
 C15            0.001        -0.006        -0.002         0.037        -0.030
 C16            0.003        -0.014         0.012         0.034        -0.029
 C17            0.004        -0.015         0.020         0.004        -0.015
 C18            0.001        -0.001        -0.008        -0.036         0.043
 C19           -0.008         0.018         0.009        -0.043         0.025
 C20            0.002        -0.011         0.013        -0.011         0.011
 C21            0.003        -0.004        -0.030         0.012         0.011
 C22           -0.016         0.040         0.018        -0.045        -0.004
 C23            0.003         0.000         0.036        -0.082         0.042
 C24           -0.003         0.016        -0.039         0.016         0.006


           Residuals for Partial Correlations
              Y1            Y2            Y3            Y4            Y5
              ________      ________      ________      ________      ________
 Y1             0.000
 Y2            -0.014         0.000
 Y3             0.010         0.124         0.000
 Y4             0.031        -0.066        -0.050         0.000
 Y5            -0.069         0.013        -0.010         0.028         0.000
 C1             0.003        -0.011        -0.005        -0.005         0.023
 C2             0.004        -0.002        -0.005         0.001         0.005
 C3             0.001         0.005        -0.023        -0.007         0.028
 C4            -0.007         0.036        -0.018         0.019        -0.040
 C5            -0.006         0.022         0.006        -0.026        -0.009
 C6            -0.005         0.016        -0.030         0.021         0.005
 C7             0.001        -0.023         0.009         0.036        -0.019
 C8            -0.005         0.007         0.016        -0.003        -0.017
 C9            -0.002         0.002        -0.012         0.035        -0.021
 C10           -0.001         0.001        -0.045         0.079        -0.012
 C11            0.001         0.030         0.008        -0.044        -0.005
 C12           -0.002         0.029        -0.054         0.022         0.020
 C13           -0.009         0.019         0.008        -0.005        -0.022
 C14            0.011        -0.038        -0.013        -0.018         0.070
 C15            0.001        -0.011        -0.008         0.021        -0.003
 C16           -0.004        -0.008         0.005         0.056        -0.047
 C17            0.002        -0.005        -0.013         0.018         0.004
 C18           -0.003         0.026        -0.014        -0.006        -0.005
 C19            0.008        -0.002        -0.038         0.007         0.035
 C20           -0.003         0.000        -0.026         0.034         0.006
 C21            0.008         0.010        -0.033        -0.057         0.074
 C22           -0.006         0.021         0.011        -0.007        -0.030
 C23            0.005        -0.047         0.056        -0.010        -0.008
 C24            0.001        -0.007         0.041        -0.029        -0.017


           Residuals for Partial Correlations
              C1            C2            C3            C4            C5
              ________      ________      ________      ________      ________
 C1             0.000
 C2             0.000         0.000
 C3             0.000         0.000         0.000
 C4            -0.001         0.001        -0.002         0.000
 C5             0.000        -0.002         0.000         0.002         0.000
 C6             0.001        -0.002        -0.002        -0.004        -0.002
 C7             0.001         0.001         0.002         0.000         0.000
 C8             0.000        -0.001         0.000        -0.001        -0.001
 C9             0.001         0.001         0.001        -0.002         0.000
 C10            0.002        -0.002         0.001         0.000         0.001
 C11           -0.005         0.005         0.000         0.008         0.007
 C12            0.000         0.000        -0.001         0.000         0.003
 C13            0.000        -0.001        -0.001        -0.002        -0.002
 C14            0.001        -0.002        -0.001        -0.001        -0.001
 C15            0.002        -0.001         0.001        -0.002        -0.002
 C16            0.002         0.000         0.002        -0.004        -0.002
 C17            0.000         0.000         0.000         0.001         0.000
 C18           -0.001         0.001         0.000         0.002         0.002
 C19           -0.001         0.002        -0.002         0.001         0.005
 C20            0.001         0.001         0.001        -0.001         0.001
 C21           -0.001        -0.002        -0.003         0.003        -0.001
 C22           -0.002         0.002         0.000         0.000         0.002
 C23            0.000         0.004         0.002         0.002         0.004
 C24           -0.001        -0.002         0.000         0.002        -0.001


           Residuals for Partial Correlations
              C6            C7            C8            C9            C10
              ________      ________      ________      ________      ________
 C6             0.000
 C7            -0.002         0.000
 C8             0.001         0.000         0.000
 C9             0.000        -0.001         0.001         0.000
 C10           -0.003        -0.002         0.000        -0.001         0.000
 C11            0.010        -0.003         0.001         0.002         0.003
 C12            0.000         0.001         0.001         0.001        -0.005
 C13           -0.002         0.000        -0.001         0.000         0.001
 C14           -0.003         0.003        -0.001         0.003         0.000
 C15           -0.003        -0.001        -0.001        -0.001        -0.003
 C16           -0.003        -0.002         0.000        -0.003        -0.002
 C17           -0.002         0.000         0.001        -0.001        -0.003
 C18            0.002         0.000         0.001         0.000        -0.001
 C19            0.000         0.000         0.002         0.000        -0.002
 C20           -0.001         0.000         0.001        -0.002        -0.003
 C21           -0.002         0.004         0.001         0.004         0.000
 C22            0.003        -0.001        -0.001         0.000         0.001
 C23            0.008        -0.003         0.001         0.000         0.006
 C24            0.002         0.000        -0.002         0.002         0.002


           Residuals for Partial Correlations
              C11           C12           C13           C14           C15
              ________      ________      ________      ________      ________
 C11            0.000
 C12           -0.006         0.000
 C13            0.004         0.001         0.000
 C14            0.004         0.000         0.000         0.000
 C15            0.007         0.002        -0.001         0.000         0.000
 C16            0.008         0.003        -0.002         0.002        -0.001
 C17            0.005        -0.001         0.001        -0.001        -0.001
 C18           -0.005        -0.003         0.002         0.001         0.001
 C19           -0.005        -0.005         0.003        -0.001         0.002
 C20           -0.001        -0.002         0.001         0.002         0.000
 C21           -0.001        -0.003         0.001        -0.007         0.002
 C22           -0.004        -0.001         0.001         0.001         0.001
 C23           -0.014         0.003         0.002         0.004         0.002
 C24            0.001         0.001        -0.002        -0.004         0.000


           Residuals for Partial Correlations
              C16           C17           C18           C19           C20
              ________      ________      ________      ________      ________
 C16            0.000
 C17           -0.001         0.000
 C18            0.002         0.000         0.000
 C19            0.003        -0.001        -0.001         0.000
 C20           -0.001        -0.002        -0.001        -0.002         0.000
 C21            0.006        -0.001        -0.001        -0.003         0.002
 C22            0.000         0.002        -0.001        -0.001         0.000
 C23            0.002         0.002        -0.001        -0.001         0.001
 C24            0.001         0.002         0.001         0.004         0.002


           Residuals for Partial Correlations
              C21           C22           C23           C24
              ________      ________      ________      ________
 C21            0.000
 C22            0.003         0.000
 C23            0.004        -0.004         0.000
 C24            0.000         0.000         0.000         0.000


           Standardized Residuals (z-scores) for Covariances
              X1            X2            X3            X4            X5
              ________      ________      ________      ________      ________
 X1             1.400
 X2             1.915        -0.288
 X3            -1.530        -2.649       999.000
 X4             0.438         1.972         0.759         2.148
 X5             1.728        -0.202        -2.577         2.394        -0.402
 Y1             0.068        -0.396         2.056        -0.465        -0.781
 Y2             1.528        -3.286         1.915        -0.245         0.192
 Y3            -1.068         0.337        -0.848         0.240         0.314
 Y4            -1.116         1.029         1.159        -1.224        -0.592
 Y5             0.776        -0.329         2.709         0.145         0.414
 C1             0.389        -0.026        -0.726         0.147         0.327
 C2             1.401        -0.077        -2.996         2.537         0.615
 C3            -0.053         0.874        -1.722         0.644         0.099
 C4            -3.218         2.862         0.716        -0.299        -2.894
 C5             2.317        -2.412        -0.010         1.604         0.326
 C6            -0.007        -0.550         0.631         0.094        -0.605
 C7             0.433        -0.856         0.667        -0.618        -0.286
 C8            -0.093         1.108        -1.396         0.128         0.839
 C9            -0.151        -0.931         1.829        -0.068        -0.556
 C10            6.672        -0.864        -1.979       999.000       999.000
 C11            0.676        -0.108         0.248        -2.344         1.309
 C12            0.075         1.049        -1.655        -0.065         1.291
 C13          999.000         0.485        -3.487         2.335         0.485
 C14            0.413         0.795        -2.574         1.386         0.153
 C15           -0.099        -0.424         0.846        -0.045        -0.504
 C16           -0.054         0.027        -0.077         0.782        -0.239
 C17            0.055        -0.659         0.691         0.720        -0.710
 C18            0.380        -0.042        -0.459        -0.713         1.318
 C19           -0.835         0.556         0.566        -1.025        -0.165
 C20            0.428        -0.485         0.456        -0.581         0.559
 C21            1.416        -0.466        -1.603         0.408         0.797
 C22           -1.651         0.757         2.160        -1.946        -0.655
 C23          999.000        -0.615         1.203        -1.523         0.513
 C24            0.517         1.932        -3.922         1.494         0.932


           Standardized Residuals (z-scores) for Covariances
              Y1            Y2            Y3            Y4            Y5
              ________      ________      ________      ________      ________
 Y1            -5.171
 Y2            -2.404         1.278
 Y3             1.033         4.629         2.557
 Y4            -1.646        -2.084        -1.915        -4.178
 Y5            -2.790         0.012        -0.570        -2.517        -3.426
 C1             1.459        -0.655        -1.033         0.911         0.679
 C2             1.546        -0.507        -0.732         0.253         0.624
 C3             0.937        -0.109        -0.939        -0.098         1.380
 C4            -0.643         1.044        -1.407         1.467        -1.013
 C5            -0.991         0.354         0.799        -1.666         0.103
 C6            -0.378         0.741        -1.413         1.174        -0.183
 C7           999.000        -0.333        -0.312         1.317        -0.473
 C8            -0.977         0.076         1.513        -1.062        -0.823
 C9             0.166        -0.006        -0.667         1.319        -0.436
 C10            0.977        -0.019        -2.740         2.086       999.000
 C11           -0.994         1.169         0.064        -0.768        -0.159
 C12            0.009         1.194        -2.363         1.061         0.668
 C13          999.000         0.457        -0.318        -0.298         0.189
 C14            1.982        -1.893         0.731        -1.159         2.300
 C15           -0.444        -0.118         1.406        -1.279        -0.121
 C16            0.986        -0.519        -1.183         2.719        -0.738
 C17            0.557        -0.417        -0.775         1.234         0.131
 C18           -1.664         1.406        -0.641        -0.195        -0.689
 C19            1.676        -0.526        -1.198         0.284         1.102
 C20            0.197         0.084        -0.792         1.325         0.150
 C21            0.801         0.426        -0.767        -2.461         2.040
 C22           -0.893         0.380         0.596         0.039        -0.967
 C23            0.617        -2.695         1.898        -0.806        -0.195
 C24          999.000        -1.416         2.163        -1.689         2.005


           Standardized Residuals (z-scores) for Covariances
              C1            C2            C3            C4            C5
              ________      ________      ________      ________      ________
 C1             0.000
 C2             0.000         0.000
 C3             0.000         0.000         0.000
 C4             0.000         0.000         0.000         0.000
 C5             0.000         0.000         0.000         0.000         0.000
 C6             0.000         0.000         0.000         0.000         0.000
 C7             0.000         0.000         0.000         0.000         0.000
 C8             0.000         0.000         0.000         0.000         0.000
 C9             0.000         0.000         0.000         0.000         0.000
 C10            0.000         0.000         0.000         0.000         0.000
 C11            0.000         0.000         0.000         0.000         0.000
 C12            0.000         0.000         0.000         0.000         0.000
 C13            0.000         0.000         0.000         0.000         0.000
 C14            0.000         0.000         0.000         0.000         0.000
 C15            0.000         0.000         0.000         0.000         0.000
 C16            0.000         0.000         0.000         0.000         0.000
 C17            0.000         0.000         0.000         0.000         0.000
 C18            0.000         0.000         0.000         0.000         0.000
 C19            0.000         0.000         0.000         0.000         0.000
 C20            0.000         0.000         0.000         0.000         0.000
 C21            0.000         0.000         0.000         0.000         0.000
 C22            0.000         0.000         0.000         0.000         0.000
 C23            0.000         0.000         0.000         0.000         0.000
 C24            0.000         0.000         0.000         0.000         0.000


           Standardized Residuals (z-scores) for Covariances
              C6            C7            C8            C9            C10
              ________      ________      ________      ________      ________
 C6             0.000
 C7             0.000         0.000
 C8             0.000         0.000         0.000
 C9             0.000         0.000         0.000         0.000
 C10            0.000         0.000         0.000         0.000         0.000
 C11            0.000         0.000         0.000         0.000         0.000
 C12            0.000         0.000         0.000         0.000         0.000
 C13            0.000         0.000         0.000         0.000         0.000
 C14            0.000         0.000         0.000         0.000         0.000
 C15            0.000         0.000         0.000         0.000         0.000
 C16            0.000         0.000         0.000         0.000         0.000
 C17            0.000         0.000         0.000         0.000         0.000
 C18            0.000         0.000         0.000         0.000         0.000
 C19            0.000         0.000         0.000         0.000         0.000
 C20            0.000         0.000         0.000         0.000         0.000
 C21            0.000         0.000         0.000         0.000         0.000
 C22            0.000         0.000         0.000         0.000         0.000
 C23            0.000         0.000         0.000         0.000         0.000
 C24            0.000         0.000         0.000         0.000         0.000


           Standardized Residuals (z-scores) for Covariances
              C11           C12           C13           C14           C15
              ________      ________      ________      ________      ________
 C11            0.000
 C12            0.000         0.000
 C13            0.000         0.000         0.000
 C14            0.000         0.000         0.000         0.000
 C15            0.000         0.000         0.000         0.000         0.000
 C16            0.000         0.000         0.000         0.000         0.000
 C17            0.000         0.000         0.000         0.000         0.000
 C18            0.000         0.000         0.000         0.000         0.000
 C19            0.000         0.000         0.000         0.000         0.000
 C20            0.000         0.000         0.000         0.000         0.000
 C21            0.000         0.000         0.000         0.000         0.000
 C22            0.000         0.000         0.000         0.000         0.000
 C23            0.000         0.000         0.000         0.000         0.000
 C24            0.000         0.000         0.000         0.000         0.000


           Standardized Residuals (z-scores) for Covariances
              C16           C17           C18           C19           C20
              ________      ________      ________      ________      ________
 C16            0.000
 C17            0.000         0.000
 C18            0.000         0.000         0.000
 C19            0.000         0.000         0.000         0.000
 C20            0.000         0.000         0.000         0.000         0.000
 C21            0.000         0.000         0.000         0.000         0.000
 C22            0.000         0.000         0.000         0.000         0.000
 C23            0.000         0.000         0.000         0.000         0.000
 C24            0.000         0.000         0.000         0.000         0.000


           Standardized Residuals (z-scores) for Covariances
              C21           C22           C23           C24
              ________      ________      ________      ________
 C21            0.000
 C22            0.000         0.000
 C23            0.000         0.000         0.000
 C24            0.000         0.000         0.000         0.000


           Normalized Residuals for Covariances
              X1            X2            X3            X4            X5
              ________      ________      ________      ________      ________
 X1             0.212
 X2             0.764        -0.112
 X3            -1.007        -1.881        -1.354
 X4             0.350         1.682         0.593         1.338
 X5             1.065        -0.161        -1.727         1.640        -0.129
 Y1             0.026        -0.279         1.396        -0.363        -0.584
 Y2             1.042        -2.713         1.547        -0.219         0.163
 Y3            -0.696         0.274        -0.670         0.212         0.255
 Y4            -0.839         0.898         0.952        -1.055        -0.485
 Y5             0.620        -0.286         2.205         0.125         0.301
 C1             0.121        -0.019        -0.493         0.116         0.245
 C2             0.513        -0.054        -2.013         1.941         0.397
 C3            -0.022         0.616        -1.170         0.517         0.067
 C4            -1.340         2.056         0.504        -0.247        -1.890
 C5             0.876        -1.738        -0.007         1.270         0.230
 C6            -0.003        -0.383         0.434         0.077        -0.471
 C7             0.148        -0.619         0.469        -0.508        -0.208
 C8            -0.041         0.765        -0.957         0.099         0.561
 C9            -0.047        -0.676         1.113        -0.045        -0.384
 C10            0.903        -0.634        -1.198         1.639         1.683
 C11            0.160        -0.072         0.160        -2.062         1.121
 C12            0.024         0.759        -1.180        -0.055         0.909
 C13            0.310         0.269        -1.993         1.607         0.310
 C14            0.173         0.561        -1.758         1.115         0.104
 C15           -0.036        -0.305         0.572        -0.036        -0.382
 C16           -0.023         0.019        -0.051         0.623        -0.170
 C17            0.019        -0.459         0.491         0.587        -0.527
 C18            0.163        -0.030        -0.309        -0.586         0.901
 C19           -0.343         0.404         0.397        -0.816        -0.120
 C20            0.153        -0.340         0.294        -0.451         0.406
 C21            0.522        -0.327        -1.121         0.334         0.572
 C22           -0.617         0.538         1.465        -1.496        -0.455
 C23            0.162        -0.455         0.752        -1.382         0.445
 C24            0.145         1.268        -2.736         1.307         0.637


           Normalized Residuals for Covariances
              Y1            Y2            Y3            Y4            Y5
              ________      ________      ________      ________      ________
 Y1            -0.535
 Y2            -0.761         0.598
 Y3             0.686         3.390         1.452
 Y4            -1.158        -1.657        -1.342        -1.573
 Y5            -1.788         0.010        -0.414        -1.334        -1.094
 C1             0.372        -0.437        -0.687         0.661         0.511
 C2             0.316        -0.318        -0.431         0.170         0.434
 C3             0.266        -0.072        -0.600        -0.072         0.989
 C4            -0.168         0.686        -0.905         1.093        -0.696
 C5            -0.240         0.236         0.549        -1.226         0.076
 C6            -0.104         0.489        -0.880         0.922        -0.146
 C7             0.097        -0.214        -0.202         1.040        -0.355
 C8            -0.255         0.051         1.030        -0.795        -0.552
 C9             0.073        -0.004        -0.429         0.864        -0.279
 C10            0.199        -0.014        -1.574         1.840        -0.200
 C11           -0.289         0.717         0.041        -0.662        -0.146
 C12            0.002         0.775        -1.571         0.796         0.517
 C13           -0.062         0.261        -0.165        -0.203         0.137
 C14            0.573        -1.243         0.469        -0.849         1.621
 C15           -0.130        -0.078         0.925        -0.952        -0.091
 C16            0.267        -0.354        -0.777         2.007        -0.541
 C17            0.170        -0.266        -0.540         0.942         0.104
 C18           -0.385         0.955        -0.415        -0.148        -0.475
 C19            0.374        -0.323        -0.778         0.214         0.860
 C20            0.063         0.051        -0.493         1.011         0.105
 C21            0.158         0.265        -0.486        -1.838         1.615
 C22           -0.288         0.240         0.368         0.028        -0.727
 C23            0.145        -1.020         1.324        -0.560        -0.156
 C24            0.159        -0.800         0.974        -1.100         0.457


           Normalized Residuals for Covariances
              C1            C2            C3            C4            C5
              ________      ________      ________      ________      ________
 C1             0.000
 C2             0.000         0.000
 C3             0.000         0.000         0.000
 C4             0.000         0.000         0.000         0.000
 C5             0.000         0.000         0.000         0.000         0.000
 C6             0.000         0.000         0.000         0.000         0.000
 C7             0.000         0.000         0.000         0.000         0.000
 C8             0.000         0.000         0.000         0.000         0.000
 C9             0.000         0.000         0.000         0.000         0.000
 C10            0.000         0.000         0.000         0.000         0.000
 C11            0.000         0.000         0.000         0.000         0.000
 C12            0.000         0.000         0.000         0.000         0.000
 C13            0.000         0.000         0.000         0.000         0.000
 C14            0.000         0.000         0.000         0.000         0.000
 C15            0.000         0.000         0.000         0.000         0.000
 C16            0.000         0.000         0.000         0.000         0.000
 C17            0.000         0.000         0.000         0.000         0.000
 C18            0.000         0.000         0.000         0.000         0.000
 C19            0.000         0.000         0.000         0.000         0.000
 C20            0.000         0.000         0.000         0.000         0.000
 C21            0.000         0.000         0.000         0.000         0.000
 C22            0.000         0.000         0.000         0.000         0.000
 C23            0.000         0.000         0.000         0.000         0.000
 C24            0.000         0.000         0.000         0.000         0.000


           Normalized Residuals for Covariances
              C6            C7            C8            C9            C10
              ________      ________      ________      ________      ________
 C6             0.000
 C7             0.000         0.000
 C8             0.000         0.000         0.000
 C9             0.000         0.000         0.000         0.000
 C10            0.000         0.000         0.000         0.000         0.000
 C11            0.000         0.000         0.000         0.000         0.000
 C12            0.000         0.000         0.000         0.000         0.000
 C13            0.000         0.000         0.000         0.000         0.000
 C14            0.000         0.000         0.000         0.000         0.000
 C15            0.000         0.000         0.000         0.000         0.000
 C16            0.000         0.000         0.000         0.000         0.000
 C17            0.000         0.000         0.000         0.000         0.000
 C18            0.000         0.000         0.000         0.000         0.000
 C19            0.000         0.000         0.000         0.000         0.000
 C20            0.000         0.000         0.000         0.000         0.000
 C21            0.000         0.000         0.000         0.000         0.000
 C22            0.000         0.000         0.000         0.000         0.000
 C23            0.000         0.000         0.000         0.000         0.000
 C24            0.000         0.000         0.000         0.000         0.000


           Normalized Residuals for Covariances
              C11           C12           C13           C14           C15
              ________      ________      ________      ________      ________
 C11            0.000
 C12            0.000         0.000
 C13            0.000         0.000         0.000
 C14            0.000         0.000         0.000         0.000
 C15            0.000         0.000         0.000         0.000         0.000
 C16            0.000         0.000         0.000         0.000         0.000
 C17            0.000         0.000         0.000         0.000         0.000
 C18            0.000         0.000         0.000         0.000         0.000
 C19            0.000         0.000         0.000         0.000         0.000
 C20            0.000         0.000         0.000         0.000         0.000
 C21            0.000         0.000         0.000         0.000         0.000
 C22            0.000         0.000         0.000         0.000         0.000
 C23            0.000         0.000         0.000         0.000         0.000
 C24            0.000         0.000         0.000         0.000         0.000


           Normalized Residuals for Covariances
              C16           C17           C18           C19           C20
              ________      ________      ________      ________      ________
 C16            0.000
 C17            0.000         0.000
 C18            0.000         0.000         0.000
 C19            0.000         0.000         0.000         0.000
 C20            0.000         0.000         0.000         0.000         0.000
 C21            0.000         0.000         0.000         0.000         0.000
 C22            0.000         0.000         0.000         0.000         0.000
 C23            0.000         0.000         0.000         0.000         0.000
 C24            0.000         0.000         0.000         0.000         0.000


           Normalized Residuals for Covariances
              C21           C22           C23           C24
              ________      ________      ________      ________
 C21            0.000
 C22            0.000         0.000
 C23            0.000         0.000         0.000
 C24            0.000         0.000         0.000         0.000


TECHNICAL 1 OUTPUT


     PARAMETER SPECIFICATION


           NU
              X1            X2            X3            X4            X5
              ________      ________      ________      ________      ________
                  0             0             0             0             0


           NU
              Y1            Y2            Y3            Y4            Y5
              ________      ________      ________      ________      ________
                  0             0             0             0             0


           NU
              C1            C2            C3            C4            C5
              ________      ________      ________      ________      ________
                  0             0             0             0             0


           NU
              C6            C7            C8            C9            C10
              ________      ________      ________      ________      ________
                  0             0             0             0             0


           NU
              C11           C12           C13           C14           C15
              ________      ________      ________      ________      ________
                  0             0             0             0             0


           NU
              C16           C17           C18           C19           C20
              ________      ________      ________      ________      ________
                  0             0             0             0             0


           NU
              C21           C22           C23           C24
              ________      ________      ________      ________
                  0             0             0             0


           LAMBDA
              IX            SX            IY            SY            C1
              ________      ________      ________      ________      ________
 X1                 0             0             0             0             0
 X2                 0             0             0             0             0
 X3                 0             0             0             0             0
 X4                 0             0             0             0             0
 X5                 0             0             0             0             0
 Y1                 0             0             0             0             0
 Y2                 0             0             0             0             0
 Y3                 0             0             0             0             0
 Y4                 0             0             0             0             0
 Y5                 0             0             0             0             0
 C1                 0             0             0             0             0
 C2                 0             0             0             0             0
 C3                 0             0             0             0             0
 C4                 0             0             0             0             0
 C5                 0             0             0             0             0
 C6                 0             0             0             0             0
 C7                 0             0             0             0             0
 C8                 0             0             0             0             0
 C9                 0             0             0             0             0
 C10                0             0             0             0             0
 C11                0             0             0             0             0
 C12                0             0             0             0             0
 C13                0             0             0             0             0
 C14                0             0             0             0             0
 C15                0             0             0             0             0
 C16                0             0             0             0             0
 C17                0             0             0             0             0
 C18                0             0             0             0             0
 C19                0             0             0             0             0
 C20                0             0             0             0             0
 C21                0             0             0             0             0
 C22                0             0             0             0             0
 C23                0             0             0             0             0
 C24                0             0             0             0             0


           LAMBDA
              C2            C3            C4            C5            C6
              ________      ________      ________      ________      ________
 X1                 0             0             0             0             0
 X2                 0             0             0             0             0
 X3                 0             0             0             0             0
 X4                 0             0             0             0             0
 X5                 0             0             0             0             0
 Y1                 0             0             0             0             0
 Y2                 0             0             0             0             0
 Y3                 0             0             0             0             0
 Y4                 0             0             0             0             0
 Y5                 0             0             0             0             0
 C1                 0             0             0             0             0
 C2                 0             0             0             0             0
 C3                 0             0             0             0             0
 C4                 0             0             0             0             0
 C5                 0             0             0             0             0
 C6                 0             0             0             0             0
 C7                 0             0             0             0             0
 C8                 0             0             0             0             0
 C9                 0             0             0             0             0
 C10                0             0             0             0             0
 C11                0             0             0             0             0
 C12                0             0             0             0             0
 C13                0             0             0             0             0
 C14                0             0             0             0             0
 C15                0             0             0             0             0
 C16                0             0             0             0             0
 C17                0             0             0             0             0
 C18                0             0             0             0             0
 C19                0             0             0             0             0
 C20                0             0             0             0             0
 C21                0             0             0             0             0
 C22                0             0             0             0             0
 C23                0             0             0             0             0
 C24                0             0             0             0             0


           LAMBDA
              C7            C8            C9            C10           C11
              ________      ________      ________      ________      ________
 X1                 0             0             0             0             0
 X2                 0             0             0             0             0
 X3                 0             0             0             0             0
 X4                 0             0             0             0             0
 X5                 0             0             0             0             0
 Y1                 0             0             0             0             0
 Y2                 0             0             0             0             0
 Y3                 0             0             0             0             0
 Y4                 0             0             0             0             0
 Y5                 0             0             0             0             0
 C1                 0             0             0             0             0
 C2                 0             0             0             0             0
 C3                 0             0             0             0             0
 C4                 0             0             0             0             0
 C5                 0             0             0             0             0
 C6                 0             0             0             0             0
 C7                 0             0             0             0             0
 C8                 0             0             0             0             0
 C9                 0             0             0             0             0
 C10                0             0             0             0             0
 C11                0             0             0             0             0
 C12                0             0             0             0             0
 C13                0             0             0             0             0
 C14                0             0             0             0             0
 C15                0             0             0             0             0
 C16                0             0             0             0             0
 C17                0             0             0             0             0
 C18                0             0             0             0             0
 C19                0             0             0             0             0
 C20                0             0             0             0             0
 C21                0             0             0             0             0
 C22                0             0             0             0             0
 C23                0             0             0             0             0
 C24                0             0             0             0             0


           LAMBDA
              C12           C13           C14           C15           C16
              ________      ________      ________      ________      ________
 X1                 0             0             0             0             0
 X2                 0             0             0             0             0
 X3                 0             0             0             0             0
 X4                 0             0             0             0             0
 X5                 0             0             0             0             0
 Y1                 0             0             0             0             0
 Y2                 0             0             0             0             0
 Y3                 0             0             0             0             0
 Y4                 0             0             0             0             0
 Y5                 0             0             0             0             0
 C1                 0             0             0             0             0
 C2                 0             0             0             0             0
 C3                 0             0             0             0             0
 C4                 0             0             0             0             0
 C5                 0             0             0             0             0
 C6                 0             0             0             0             0
 C7                 0             0             0             0             0
 C8                 0             0             0             0             0
 C9                 0             0             0             0             0
 C10                0             0             0             0             0
 C11                0             0             0             0             0
 C12                0             0             0             0             0
 C13                0             0             0             0             0
 C14                0             0             0             0             0
 C15                0             0             0             0             0
 C16                0             0             0             0             0
 C17                0             0             0             0             0
 C18                0             0             0             0             0
 C19                0             0             0             0             0
 C20                0             0             0             0             0
 C21                0             0             0             0             0
 C22                0             0             0             0             0
 C23                0             0             0             0             0
 C24                0             0             0             0             0


           LAMBDA
              C17           C18           C19           C20           C21
              ________      ________      ________      ________      ________
 X1                 0             0             0             0             0
 X2                 0             0             0             0             0
 X3                 0             0             0             0             0
 X4                 0             0             0             0             0
 X5                 0             0             0             0             0
 Y1                 0             0             0             0             0
 Y2                 0             0             0             0             0
 Y3                 0             0             0             0             0
 Y4                 0             0             0             0             0
 Y5                 0             0             0             0             0
 C1                 0             0             0             0             0
 C2                 0             0             0             0             0
 C3                 0             0             0             0             0
 C4                 0             0             0             0             0
 C5                 0             0             0             0             0
 C6                 0             0             0             0             0
 C7                 0             0             0             0             0
 C8                 0             0             0             0             0
 C9                 0             0             0             0             0
 C10                0             0             0             0             0
 C11                0             0             0             0             0
 C12                0             0             0             0             0
 C13                0             0             0             0             0
 C14                0             0             0             0             0
 C15                0             0             0             0             0
 C16                0             0             0             0             0
 C17                0             0             0             0             0
 C18                0             0             0             0             0
 C19                0             0             0             0             0
 C20                0             0             0             0             0
 C21                0             0             0             0             0
 C22                0             0             0             0             0
 C23                0             0             0             0             0
 C24                0             0             0             0             0


           LAMBDA
              C22           C23           C24
              ________      ________      ________
 X1                 0             0             0
 X2                 0             0             0
 X3                 0             0             0
 X4                 0             0             0
 X5                 0             0             0
 Y1                 0             0             0
 Y2                 0             0             0
 Y3                 0             0             0
 Y4                 0             0             0
 Y5                 0             0             0
 C1                 0             0             0
 C2                 0             0             0
 C3                 0             0             0
 C4                 0             0             0
 C5                 0             0             0
 C6                 0             0             0
 C7                 0             0             0
 C8                 0             0             0
 C9                 0             0             0
 C10                0             0             0
 C11                0             0             0
 C12                0             0             0
 C13                0             0             0
 C14                0             0             0
 C15                0             0             0
 C16                0             0             0
 C17                0             0             0
 C18                0             0             0
 C19                0             0             0
 C20                0             0             0
 C21                0             0             0
 C22                0             0             0
 C23                0             0             0
 C24                0             0             0


           THETA
              X1            X2            X3            X4            X5
              ________      ________      ________      ________      ________
 X1                 1
 X2                 0             2
 X3                 0             0             3
 X4                 0             0             0             4
 X5                 0             0             0             0             5
 Y1                 0             0             0             0             0
 Y2                 0             0             0             0             0
 Y3                 0             0             0             0             0
 Y4                 0             0             0             0             0
 Y5                 0             0             0             0             0
 C1                 0             0             0             0             0
 C2                 0             0             0             0             0
 C3                 0             0             0             0             0
 C4                 0             0             0             0             0
 C5                 0             0             0             0             0
 C6                 0             0             0             0             0
 C7                 0             0             0             0             0
 C8                 0             0             0             0             0
 C9                 0             0             0             0             0
 C10                0             0             0             0             0
 C11                0             0             0             0             0
 C12                0             0             0             0             0
 C13                0             0             0             0             0
 C14                0             0             0             0             0
 C15                0             0             0             0             0
 C16                0             0             0             0             0
 C17                0             0             0             0             0
 C18                0             0             0             0             0
 C19                0             0             0             0             0
 C20                0             0             0             0             0
 C21                0             0             0             0             0
 C22                0             0             0             0             0
 C23                0             0             0             0             0
 C24                0             0             0             0             0


           THETA
              Y1            Y2            Y3            Y4            Y5
              ________      ________      ________      ________      ________
 Y1                 6
 Y2                 0             7
 Y3                 0             0             8
 Y4                 0             0             0             9
 Y5                 0             0             0             0            10
 C1                 0             0             0             0             0
 C2                 0             0             0             0             0
 C3                 0             0             0             0             0
 C4                 0             0             0             0             0
 C5                 0             0             0             0             0
 C6                 0             0             0             0             0
 C7                 0             0             0             0             0
 C8                 0             0             0             0             0
 C9                 0             0             0             0             0
 C10                0             0             0             0             0
 C11                0             0             0             0             0
 C12                0             0             0             0             0
 C13                0             0             0             0             0
 C14                0             0             0             0             0
 C15                0             0             0             0             0
 C16                0             0             0             0             0
 C17                0             0             0             0             0
 C18                0             0             0             0             0
 C19                0             0             0             0             0
 C20                0             0             0             0             0
 C21                0             0             0             0             0
 C22                0             0             0             0             0
 C23                0             0             0             0             0
 C24                0             0             0             0             0


           THETA
              C1            C2            C3            C4            C5
              ________      ________      ________      ________      ________
 C1                 0
 C2                 0             0
 C3                 0             0             0
 C4                 0             0             0             0
 C5                 0             0             0             0             0
 C6                 0             0             0             0             0
 C7                 0             0             0             0             0
 C8                 0             0             0             0             0
 C9                 0             0             0             0             0
 C10                0             0             0             0             0
 C11                0             0             0             0             0
 C12                0             0             0             0             0
 C13                0             0             0             0             0
 C14                0             0             0             0             0
 C15                0             0             0             0             0
 C16                0             0             0             0             0
 C17                0             0             0             0             0
 C18                0             0             0             0             0
 C19                0             0             0             0             0
 C20                0             0             0             0             0
 C21                0             0             0             0             0
 C22                0             0             0             0             0
 C23                0             0             0             0             0
 C24                0             0             0             0             0


           THETA
              C6            C7            C8            C9            C10
              ________      ________      ________      ________      ________
 C6                 0
 C7                 0             0
 C8                 0             0             0
 C9                 0             0             0             0
 C10                0             0             0             0             0
 C11                0             0             0             0             0
 C12                0             0             0             0             0
 C13                0             0             0             0             0
 C14                0             0             0             0             0
 C15                0             0             0             0             0
 C16                0             0             0             0             0
 C17                0             0             0             0             0
 C18                0             0             0             0             0
 C19                0             0             0             0             0
 C20                0             0             0             0             0
 C21                0             0             0             0             0
 C22                0             0             0             0             0
 C23                0             0             0             0             0
 C24                0             0             0             0             0


           THETA
              C11           C12           C13           C14           C15
              ________      ________      ________      ________      ________
 C11                0
 C12                0             0
 C13                0             0             0
 C14                0             0             0             0
 C15                0             0             0             0             0
 C16                0             0             0             0             0
 C17                0             0             0             0             0
 C18                0             0             0             0             0
 C19                0             0             0             0             0
 C20                0             0             0             0             0
 C21                0             0             0             0             0
 C22                0             0             0             0             0
 C23                0             0             0             0             0
 C24                0             0             0             0             0


           THETA
              C16           C17           C18           C19           C20
              ________      ________      ________      ________      ________
 C16                0
 C17                0             0
 C18                0             0             0
 C19                0             0             0             0
 C20                0             0             0             0             0
 C21                0             0             0             0             0
 C22                0             0             0             0             0
 C23                0             0             0             0             0
 C24                0             0             0             0             0


           THETA
              C21           C22           C23           C24
              ________      ________      ________      ________
 C21                0
 C22                0             0
 C23                0             0             0
 C24                0             0             0             0


           ALPHA
              IX            SX            IY            SY            C1
              ________      ________      ________      ________      ________
                 11            12            13            14             0


           ALPHA
              C2            C3            C4            C5            C6
              ________      ________      ________      ________      ________
                  0             0             0             0             0


           ALPHA
              C7            C8            C9            C10           C11
              ________      ________      ________      ________      ________
                  0             0             0             0             0


           ALPHA
              C12           C13           C14           C15           C16
              ________      ________      ________      ________      ________
                  0             0             0             0             0


           ALPHA
              C17           C18           C19           C20           C21
              ________      ________      ________      ________      ________
                  0             0             0             0             0


           ALPHA
              C22           C23           C24
              ________      ________      ________
                  0             0             0


           BETA
              IX            SX            IY            SY            C1
              ________      ________      ________      ________      ________
 IX                 0             0             0             0            15
 SX                 0             0             0             0            39
 IY                63             0             0             0            64
 SY                88            89            90             0            91
 C1                 0             0             0             0             0
 C2                 0             0             0             0             0
 C3                 0             0             0             0             0
 C4                 0             0             0             0             0
 C5                 0             0             0             0             0
 C6                 0             0             0             0             0
 C7                 0             0             0             0             0
 C8                 0             0             0             0             0
 C9                 0             0             0             0             0
 C10                0             0             0             0             0
 C11                0             0             0             0             0
 C12                0             0             0             0             0
 C13                0             0             0             0             0
 C14                0             0             0             0             0
 C15                0             0             0             0             0
 C16                0             0             0             0             0
 C17                0             0             0             0             0
 C18                0             0             0             0             0
 C19                0             0             0             0             0
 C20                0             0             0             0             0
 C21                0             0             0             0             0
 C22                0             0             0             0             0
 C23                0             0             0             0             0
 C24                0             0             0             0             0


           BETA
              C2            C3            C4            C5            C6
              ________      ________      ________      ________      ________
 IX                16            17            18            19            20
 SX                40            41            42            43            44
 IY                65            66            67            68            69
 SY                92            93            94            95            96
 C1                 0             0             0             0             0
 C2                 0             0             0             0             0
 C3                 0             0             0             0             0
 C4                 0             0             0             0             0
 C5                 0             0             0             0             0
 C6                 0             0             0             0             0
 C7                 0             0             0             0             0
 C8                 0             0             0             0             0
 C9                 0             0             0             0             0
 C10                0             0             0             0             0
 C11                0             0             0             0             0
 C12                0             0             0             0             0
 C13                0             0             0             0             0
 C14                0             0             0             0             0
 C15                0             0             0             0             0
 C16                0             0             0             0             0
 C17                0             0             0             0             0
 C18                0             0             0             0             0
 C19                0             0             0             0             0
 C20                0             0             0             0             0
 C21                0             0             0             0             0
 C22                0             0             0             0             0
 C23                0             0             0             0             0
 C24                0             0             0             0             0


           BETA
              C7            C8            C9            C10           C11
              ________      ________      ________      ________      ________
 IX                21            22            23            24            25
 SX                45            46            47            48            49
 IY                70            71            72            73            74
 SY                97            98            99           100           101
 C1                 0             0             0             0             0
 C2                 0             0             0             0             0
 C3                 0             0             0             0             0
 C4                 0             0             0             0             0
 C5                 0             0             0             0             0
 C6                 0             0             0             0             0
 C7                 0             0             0             0             0
 C8                 0             0             0             0             0
 C9                 0             0             0             0             0
 C10                0             0             0             0             0
 C11                0             0             0             0             0
 C12                0             0             0             0             0
 C13                0             0             0             0             0
 C14                0             0             0             0             0
 C15                0             0             0             0             0
 C16                0             0             0             0             0
 C17                0             0             0             0             0
 C18                0             0             0             0             0
 C19                0             0             0             0             0
 C20                0             0             0             0             0
 C21                0             0             0             0             0
 C22                0             0             0             0             0
 C23                0             0             0             0             0
 C24                0             0             0             0             0


           BETA
              C12           C13           C14           C15           C16
              ________      ________      ________      ________      ________
 IX                26            27            28            29            30
 SX                50            51            52            53            54
 IY                75            76            77            78            79
 SY               102           103           104           105           106
 C1                 0             0             0             0             0
 C2                 0             0             0             0             0
 C3                 0             0             0             0             0
 C4                 0             0             0             0             0
 C5                 0             0             0             0             0
 C6                 0             0             0             0             0
 C7                 0             0             0             0             0
 C8                 0             0             0             0             0
 C9                 0             0             0             0             0
 C10                0             0             0             0             0
 C11                0             0             0             0             0
 C12                0             0             0             0             0
 C13                0             0             0             0             0
 C14                0             0             0             0             0
 C15                0             0             0             0             0
 C16                0             0             0             0             0
 C17                0             0             0             0             0
 C18                0             0             0             0             0
 C19                0             0             0             0             0
 C20                0             0             0             0             0
 C21                0             0             0             0             0
 C22                0             0             0             0             0
 C23                0             0             0             0             0
 C24                0             0             0             0             0


           BETA
              C17           C18           C19           C20           C21
              ________      ________      ________      ________      ________
 IX                31            32            33            34            35
 SX                55            56            57            58            59
 IY                80            81            82            83            84
 SY               107           108           109           110           111
 C1                 0             0             0             0             0
 C2                 0             0             0             0             0
 C3                 0             0             0             0             0
 C4                 0             0             0             0             0
 C5                 0             0             0             0             0
 C6                 0             0             0             0             0
 C7                 0             0             0             0             0
 C8                 0             0             0             0             0
 C9                 0             0             0             0             0
 C10                0             0             0             0             0
 C11                0             0             0             0             0
 C12                0             0             0             0             0
 C13                0             0             0             0             0
 C14                0             0             0             0             0
 C15                0             0             0             0             0
 C16                0             0             0             0             0
 C17                0             0             0             0             0
 C18                0             0             0             0             0
 C19                0             0             0             0             0
 C20                0             0             0             0             0
 C21                0             0             0             0             0
 C22                0             0             0             0             0
 C23                0             0             0             0             0
 C24                0             0             0             0             0


           BETA
              C22           C23           C24
              ________      ________      ________
 IX                36            37            38
 SX                60            61            62
 IY                85            86            87
 SY               112           113           114
 C1                 0             0             0
 C2                 0             0             0
 C3                 0             0             0
 C4                 0             0             0
 C5                 0             0             0
 C6                 0             0             0
 C7                 0             0             0
 C8                 0             0             0
 C9                 0             0             0
 C10                0             0             0
 C11                0             0             0
 C12                0             0             0
 C13                0             0             0
 C14                0             0             0
 C15                0             0             0
 C16                0             0             0
 C17                0             0             0
 C18                0             0             0
 C19                0             0             0
 C20                0             0             0
 C21                0             0             0
 C22                0             0             0
 C23                0             0             0
 C24                0             0             0


           PSI
              IX            SX            IY            SY            C1
              ________      ________      ________      ________      ________
 IX               115
 SX               116           117
 IY                 0           118           119
 SY                 0             0             0           120
 C1                 0             0             0             0             0
 C2                 0             0             0             0             0
 C3                 0             0             0             0             0
 C4                 0             0             0             0             0
 C5                 0             0             0             0             0
 C6                 0             0             0             0             0
 C7                 0             0             0             0             0
 C8                 0             0             0             0             0
 C9                 0             0             0             0             0
 C10                0             0             0             0             0
 C11                0             0             0             0             0
 C12                0             0             0             0             0
 C13                0             0             0             0             0
 C14                0             0             0             0             0
 C15                0             0             0             0             0
 C16                0             0             0             0             0
 C17                0             0             0             0             0
 C18                0             0             0             0             0
 C19                0             0             0             0             0
 C20                0             0             0             0             0
 C21                0             0             0             0             0
 C22                0             0             0             0             0
 C23                0             0             0             0             0
 C24                0             0             0             0             0


           PSI
              C2            C3            C4            C5            C6
              ________      ________      ________      ________      ________
 C2                 0
 C3                 0             0
 C4                 0             0             0
 C5                 0             0             0             0
 C6                 0             0             0             0             0
 C7                 0             0             0             0             0
 C8                 0             0             0             0             0
 C9                 0             0             0             0             0
 C10                0             0             0             0             0
 C11                0             0             0             0             0
 C12                0             0             0             0             0
 C13                0             0             0             0             0
 C14                0             0             0             0             0
 C15                0             0             0             0             0
 C16                0             0             0             0             0
 C17                0             0             0             0             0
 C18                0             0             0             0             0
 C19                0             0             0             0             0
 C20                0             0             0             0             0
 C21                0             0             0             0             0
 C22                0             0             0             0             0
 C23                0             0             0             0             0
 C24                0             0             0             0             0


           PSI
              C7            C8            C9            C10           C11
              ________      ________      ________      ________      ________
 C7                 0
 C8                 0             0
 C9                 0             0             0
 C10                0             0             0             0
 C11                0             0             0             0             0
 C12                0             0             0             0             0
 C13                0             0             0             0             0
 C14                0             0             0             0             0
 C15                0             0             0             0             0
 C16                0             0             0             0             0
 C17                0             0             0             0             0
 C18                0             0             0             0             0
 C19                0             0             0             0             0
 C20                0             0             0             0             0
 C21                0             0             0             0             0
 C22                0             0             0             0             0
 C23                0             0             0             0             0
 C24                0             0             0             0             0


           PSI
              C12           C13           C14           C15           C16
              ________      ________      ________      ________      ________
 C12                0
 C13                0             0
 C14                0             0             0
 C15                0             0             0             0
 C16                0             0             0             0             0
 C17                0             0             0             0             0
 C18                0             0             0             0             0
 C19                0             0             0             0             0
 C20                0             0             0             0             0
 C21                0             0             0             0             0
 C22                0             0             0             0             0
 C23                0             0             0             0             0
 C24                0             0             0             0             0


           PSI
              C17           C18           C19           C20           C21
              ________      ________      ________      ________      ________
 C17                0
 C18                0             0
 C19                0             0             0
 C20                0             0             0             0
 C21                0             0             0             0             0
 C22                0             0             0             0             0
 C23                0             0             0             0             0
 C24                0             0             0             0             0


           PSI
              C22           C23           C24
              ________      ________      ________
 C22                0
 C23                0             0
 C24                0             0             0


     STARTING VALUES


           NU
              X1            X2            X3            X4            X5
              ________      ________      ________      ________      ________
                0.000         0.000         0.000         0.000         0.000


           NU
              Y1            Y2            Y3            Y4            Y5
              ________      ________      ________      ________      ________
                0.000         0.000         0.000         0.000         0.000


           NU
              C1            C2            C3            C4            C5
              ________      ________      ________      ________      ________
                0.000         0.000         0.000         0.000         0.000


           NU
              C6            C7            C8            C9            C10
              ________      ________      ________      ________      ________
                0.000         0.000         0.000         0.000         0.000


           NU
              C11           C12           C13           C14           C15
              ________      ________      ________      ________      ________
                0.000         0.000         0.000         0.000         0.000


           NU
              C16           C17           C18           C19           C20
              ________      ________      ________      ________      ________
                0.000         0.000         0.000         0.000         0.000


           NU
              C21           C22           C23           C24
              ________      ________      ________      ________
                0.000         0.000         0.000         0.000


           LAMBDA
              IX            SX            IY            SY            C1
              ________      ________      ________      ________      ________
 X1             1.000         0.000         0.000         0.000         0.000
 X2             1.000         0.400         0.000         0.000         0.000
 X3             1.000         0.600         0.000         0.000         0.000
 X4             1.000         0.800         0.000         0.000         0.000
 X5             1.000         1.000         0.000         0.000         0.000
 Y1             0.000         0.000         1.000         0.000         0.000
 Y2             0.000         0.000         1.000         0.400         0.000
 Y3             0.000         0.000         1.000         0.600         0.000
 Y4             0.000         0.000         1.000         0.800         0.000
 Y5             0.000         0.000         1.000         1.000         0.000
 C1             0.000         0.000         0.000         0.000         1.000
 C2             0.000         0.000         0.000         0.000         0.000
 C3             0.000         0.000         0.000         0.000         0.000
 C4             0.000         0.000         0.000         0.000         0.000
 C5             0.000         0.000         0.000         0.000         0.000
 C6             0.000         0.000         0.000         0.000         0.000
 C7             0.000         0.000         0.000         0.000         0.000
 C8             0.000         0.000         0.000         0.000         0.000
 C9             0.000         0.000         0.000         0.000         0.000
 C10            0.000         0.000         0.000         0.000         0.000
 C11            0.000         0.000         0.000         0.000         0.000
 C12            0.000         0.000         0.000         0.000         0.000
 C13            0.000         0.000         0.000         0.000         0.000
 C14            0.000         0.000         0.000         0.000         0.000
 C15            0.000         0.000         0.000         0.000         0.000
 C16            0.000         0.000         0.000         0.000         0.000
 C17            0.000         0.000         0.000         0.000         0.000
 C18            0.000         0.000         0.000         0.000         0.000
 C19            0.000         0.000         0.000         0.000         0.000
 C20            0.000         0.000         0.000         0.000         0.000
 C21            0.000         0.000         0.000         0.000         0.000
 C22            0.000         0.000         0.000         0.000         0.000
 C23            0.000         0.000         0.000         0.000         0.000
 C24            0.000         0.000         0.000         0.000         0.000


           LAMBDA
              C2            C3            C4            C5            C6
              ________      ________      ________      ________      ________
 X1             0.000         0.000         0.000         0.000         0.000
 X2             0.000         0.000         0.000         0.000         0.000
 X3             0.000         0.000         0.000         0.000         0.000
 X4             0.000         0.000         0.000         0.000         0.000
 X5             0.000         0.000         0.000         0.000         0.000
 Y1             0.000         0.000         0.000         0.000         0.000
 Y2             0.000         0.000         0.000         0.000         0.000
 Y3             0.000         0.000         0.000         0.000         0.000
 Y4             0.000         0.000         0.000         0.000         0.000
 Y5             0.000         0.000         0.000         0.000         0.000
 C1             0.000         0.000         0.000         0.000         0.000
 C2             1.000         0.000         0.000         0.000         0.000
 C3             0.000         1.000         0.000         0.000         0.000
 C4             0.000         0.000         1.000         0.000         0.000
 C5             0.000         0.000         0.000         1.000         0.000
 C6             0.000         0.000         0.000         0.000         1.000
 C7             0.000         0.000         0.000         0.000         0.000
 C8             0.000         0.000         0.000         0.000         0.000
 C9             0.000         0.000         0.000         0.000         0.000
 C10            0.000         0.000         0.000         0.000         0.000
 C11            0.000         0.000         0.000         0.000         0.000
 C12            0.000         0.000         0.000         0.000         0.000
 C13            0.000         0.000         0.000         0.000         0.000
 C14            0.000         0.000         0.000         0.000         0.000
 C15            0.000         0.000         0.000         0.000         0.000
 C16            0.000         0.000         0.000         0.000         0.000
 C17            0.000         0.000         0.000         0.000         0.000
 C18            0.000         0.000         0.000         0.000         0.000
 C19            0.000         0.000         0.000         0.000         0.000
 C20            0.000         0.000         0.000         0.000         0.000
 C21            0.000         0.000         0.000         0.000         0.000
 C22            0.000         0.000         0.000         0.000         0.000
 C23            0.000         0.000         0.000         0.000         0.000
 C24            0.000         0.000         0.000         0.000         0.000


           LAMBDA
              C7            C8            C9            C10           C11
              ________      ________      ________      ________      ________
 X1             0.000         0.000         0.000         0.000         0.000
 X2             0.000         0.000         0.000         0.000         0.000
 X3             0.000         0.000         0.000         0.000         0.000
 X4             0.000         0.000         0.000         0.000         0.000
 X5             0.000         0.000         0.000         0.000         0.000
 Y1             0.000         0.000         0.000         0.000         0.000
 Y2             0.000         0.000         0.000         0.000         0.000
 Y3             0.000         0.000         0.000         0.000         0.000
 Y4             0.000         0.000         0.000         0.000         0.000
 Y5             0.000         0.000         0.000         0.000         0.000
 C1             0.000         0.000         0.000         0.000         0.000
 C2             0.000         0.000         0.000         0.000         0.000
 C3             0.000         0.000         0.000         0.000         0.000
 C4             0.000         0.000         0.000         0.000         0.000
 C5             0.000         0.000         0.000         0.000         0.000
 C6             0.000         0.000         0.000         0.000         0.000
 C7             1.000         0.000         0.000         0.000         0.000
 C8             0.000         1.000         0.000         0.000         0.000
 C9             0.000         0.000         1.000         0.000         0.000
 C10            0.000         0.000         0.000         1.000         0.000
 C11            0.000         0.000         0.000         0.000         1.000
 C12            0.000         0.000         0.000         0.000         0.000
 C13            0.000         0.000         0.000         0.000         0.000
 C14            0.000         0.000         0.000         0.000         0.000
 C15            0.000         0.000         0.000         0.000         0.000
 C16            0.000         0.000         0.000         0.000         0.000
 C17            0.000         0.000         0.000         0.000         0.000
 C18            0.000         0.000         0.000         0.000         0.000
 C19            0.000         0.000         0.000         0.000         0.000
 C20            0.000         0.000         0.000         0.000         0.000
 C21            0.000         0.000         0.000         0.000         0.000
 C22            0.000         0.000         0.000         0.000         0.000
 C23            0.000         0.000         0.000         0.000         0.000
 C24            0.000         0.000         0.000         0.000         0.000


           LAMBDA
              C12           C13           C14           C15           C16
              ________      ________      ________      ________      ________
 X1             0.000         0.000         0.000         0.000         0.000
 X2             0.000         0.000         0.000         0.000         0.000
 X3             0.000         0.000         0.000         0.000         0.000
 X4             0.000         0.000         0.000         0.000         0.000
 X5             0.000         0.000         0.000         0.000         0.000
 Y1             0.000         0.000         0.000         0.000         0.000
 Y2             0.000         0.000         0.000         0.000         0.000
 Y3             0.000         0.000         0.000         0.000         0.000
 Y4             0.000         0.000         0.000         0.000         0.000
 Y5             0.000         0.000         0.000         0.000         0.000
 C1             0.000         0.000         0.000         0.000         0.000
 C2             0.000         0.000         0.000         0.000         0.000
 C3             0.000         0.000         0.000         0.000         0.000
 C4             0.000         0.000         0.000         0.000         0.000
 C5             0.000         0.000         0.000         0.000         0.000
 C6             0.000         0.000         0.000         0.000         0.000
 C7             0.000         0.000         0.000         0.000         0.000
 C8             0.000         0.000         0.000         0.000         0.000
 C9             0.000         0.000         0.000         0.000         0.000
 C10            0.000         0.000         0.000         0.000         0.000
 C11            0.000         0.000         0.000         0.000         0.000
 C12            1.000         0.000         0.000         0.000         0.000
 C13            0.000         1.000         0.000         0.000         0.000
 C14            0.000         0.000         1.000         0.000         0.000
 C15            0.000         0.000         0.000         1.000         0.000
 C16            0.000         0.000         0.000         0.000         1.000
 C17            0.000         0.000         0.000         0.000         0.000
 C18            0.000         0.000         0.000         0.000         0.000
 C19            0.000         0.000         0.000         0.000         0.000
 C20            0.000         0.000         0.000         0.000         0.000
 C21            0.000         0.000         0.000         0.000         0.000
 C22            0.000         0.000         0.000         0.000         0.000
 C23            0.000         0.000         0.000         0.000         0.000
 C24            0.000         0.000         0.000         0.000         0.000


           LAMBDA
              C17           C18           C19           C20           C21
              ________      ________      ________      ________      ________
 X1             0.000         0.000         0.000         0.000         0.000
 X2             0.000         0.000         0.000         0.000         0.000
 X3             0.000         0.000         0.000         0.000         0.000
 X4             0.000         0.000         0.000         0.000         0.000
 X5             0.000         0.000         0.000         0.000         0.000
 Y1             0.000         0.000         0.000         0.000         0.000
 Y2             0.000         0.000         0.000         0.000         0.000
 Y3             0.000         0.000         0.000         0.000         0.000
 Y4             0.000         0.000         0.000         0.000         0.000
 Y5             0.000         0.000         0.000         0.000         0.000
 C1             0.000         0.000         0.000         0.000         0.000
 C2             0.000         0.000         0.000         0.000         0.000
 C3             0.000         0.000         0.000         0.000         0.000
 C4             0.000         0.000         0.000         0.000         0.000
 C5             0.000         0.000         0.000         0.000         0.000
 C6             0.000         0.000         0.000         0.000         0.000
 C7             0.000         0.000         0.000         0.000         0.000
 C8             0.000         0.000         0.000         0.000         0.000
 C9             0.000         0.000         0.000         0.000         0.000
 C10            0.000         0.000         0.000         0.000         0.000
 C11            0.000         0.000         0.000         0.000         0.000
 C12            0.000         0.000         0.000         0.000         0.000
 C13            0.000         0.000         0.000         0.000         0.000
 C14            0.000         0.000         0.000         0.000         0.000
 C15            0.000         0.000         0.000         0.000         0.000
 C16            0.000         0.000         0.000         0.000         0.000
 C17            1.000         0.000         0.000         0.000         0.000
 C18            0.000         1.000         0.000         0.000         0.000
 C19            0.000         0.000         1.000         0.000         0.000
 C20            0.000         0.000         0.000         1.000         0.000
 C21            0.000         0.000         0.000         0.000         1.000
 C22            0.000         0.000         0.000         0.000         0.000
 C23            0.000         0.000         0.000         0.000         0.000
 C24            0.000         0.000         0.000         0.000         0.000


           LAMBDA
              C22           C23           C24
              ________      ________      ________
 X1             0.000         0.000         0.000
 X2             0.000         0.000         0.000
 X3             0.000         0.000         0.000
 X4             0.000         0.000         0.000
 X5             0.000         0.000         0.000
 Y1             0.000         0.000         0.000
 Y2             0.000         0.000         0.000
 Y3             0.000         0.000         0.000
 Y4             0.000         0.000         0.000
 Y5             0.000         0.000         0.000
 C1             0.000         0.000         0.000
 C2             0.000         0.000         0.000
 C3             0.000         0.000         0.000
 C4             0.000         0.000         0.000
 C5             0.000         0.000         0.000
 C6             0.000         0.000         0.000
 C7             0.000         0.000         0.000
 C8             0.000         0.000         0.000
 C9             0.000         0.000         0.000
 C10            0.000         0.000         0.000
 C11            0.000         0.000         0.000
 C12            0.000         0.000         0.000
 C13            0.000         0.000         0.000
 C14            0.000         0.000         0.000
 C15            0.000         0.000         0.000
 C16            0.000         0.000         0.000
 C17            0.000         0.000         0.000
 C18            0.000         0.000         0.000
 C19            0.000         0.000         0.000
 C20            0.000         0.000         0.000
 C21            0.000         0.000         0.000
 C22            1.000         0.000         0.000
 C23            0.000         1.000         0.000
 C24            0.000         0.000         1.000


           THETA
              X1            X2            X3            X4            X5
              ________      ________      ________      ________      ________
 X1             0.500
 X2             0.000         0.487
 X3             0.000         0.000         0.408
 X4             0.000         0.000         0.000         0.476
 X5             0.000         0.000         0.000         0.000         0.443
 Y1             0.000         0.000         0.000         0.000         0.000
 Y2             0.000         0.000         0.000         0.000         0.000
 Y3             0.000         0.000         0.000         0.000         0.000
 Y4             0.000         0.000         0.000         0.000         0.000
 Y5             0.000         0.000         0.000         0.000         0.000
 C1             0.000         0.000         0.000         0.000         0.000
 C2             0.000         0.000         0.000         0.000         0.000
 C3             0.000         0.000         0.000         0.000         0.000
 C4             0.000         0.000         0.000         0.000         0.000
 C5             0.000         0.000         0.000         0.000         0.000
 C6             0.000         0.000         0.000         0.000         0.000
 C7             0.000         0.000         0.000         0.000         0.000
 C8             0.000         0.000         0.000         0.000         0.000
 C9             0.000         0.000         0.000         0.000         0.000
 C10            0.000         0.000         0.000         0.000         0.000
 C11            0.000         0.000         0.000         0.000         0.000
 C12            0.000         0.000         0.000         0.000         0.000
 C13            0.000         0.000         0.000         0.000         0.000
 C14            0.000         0.000         0.000         0.000         0.000
 C15            0.000         0.000         0.000         0.000         0.000
 C16            0.000         0.000         0.000         0.000         0.000
 C17            0.000         0.000         0.000         0.000         0.000
 C18            0.000         0.000         0.000         0.000         0.000
 C19            0.000         0.000         0.000         0.000         0.000
 C20            0.000         0.000         0.000         0.000         0.000
 C21            0.000         0.000         0.000         0.000         0.000
 C22            0.000         0.000         0.000         0.000         0.000
 C23            0.000         0.000         0.000         0.000         0.000
 C24            0.000         0.000         0.000         0.000         0.000


           THETA
              Y1            Y2            Y3            Y4            Y5
              ________      ________      ________      ________      ________
 Y1             0.500
 Y2             0.000         0.577
 Y3             0.000         0.000         0.572
 Y4             0.000         0.000         0.000         0.534
 Y5             0.000         0.000         0.000         0.000         0.585
 C1             0.000         0.000         0.000         0.000         0.000
 C2             0.000         0.000         0.000         0.000         0.000
 C3             0.000         0.000         0.000         0.000         0.000
 C4             0.000         0.000         0.000         0.000         0.000
 C5             0.000         0.000         0.000         0.000         0.000
 C6             0.000         0.000         0.000         0.000         0.000
 C7             0.000         0.000         0.000         0.000         0.000
 C8             0.000         0.000         0.000         0.000         0.000
 C9             0.000         0.000         0.000         0.000         0.000
 C10            0.000         0.000         0.000         0.000         0.000
 C11            0.000         0.000         0.000         0.000         0.000
 C12            0.000         0.000         0.000         0.000         0.000
 C13            0.000         0.000         0.000         0.000         0.000
 C14            0.000         0.000         0.000         0.000         0.000
 C15            0.000         0.000         0.000         0.000         0.000
 C16            0.000         0.000         0.000         0.000         0.000
 C17            0.000         0.000         0.000         0.000         0.000
 C18            0.000         0.000         0.000         0.000         0.000
 C19            0.000         0.000         0.000         0.000         0.000
 C20            0.000         0.000         0.000         0.000         0.000
 C21            0.000         0.000         0.000         0.000         0.000
 C22            0.000         0.000         0.000         0.000         0.000
 C23            0.000         0.000         0.000         0.000         0.000
 C24            0.000         0.000         0.000         0.000         0.000


           THETA
              C1            C2            C3            C4            C5
              ________      ________      ________      ________      ________
 C1             0.000
 C2             0.000         0.000
 C3             0.000         0.000         0.000
 C4             0.000         0.000         0.000         0.000
 C5             0.000         0.000         0.000         0.000         0.000
 C6             0.000         0.000         0.000         0.000         0.000
 C7             0.000         0.000         0.000         0.000         0.000
 C8             0.000         0.000         0.000         0.000         0.000
 C9             0.000         0.000         0.000         0.000         0.000
 C10            0.000         0.000         0.000         0.000         0.000
 C11            0.000         0.000         0.000         0.000         0.000
 C12            0.000         0.000         0.000         0.000         0.000
 C13            0.000         0.000         0.000         0.000         0.000
 C14            0.000         0.000         0.000         0.000         0.000
 C15            0.000         0.000         0.000         0.000         0.000
 C16            0.000         0.000         0.000         0.000         0.000
 C17            0.000         0.000         0.000         0.000         0.000
 C18            0.000         0.000         0.000         0.000         0.000
 C19            0.000         0.000         0.000         0.000         0.000
 C20            0.000         0.000         0.000         0.000         0.000
 C21            0.000         0.000         0.000         0.000         0.000
 C22            0.000         0.000         0.000         0.000         0.000
 C23            0.000         0.000         0.000         0.000         0.000
 C24            0.000         0.000         0.000         0.000         0.000


           THETA
              C6            C7            C8            C9            C10
              ________      ________      ________      ________      ________
 C6             0.000
 C7             0.000         0.000
 C8             0.000         0.000         0.000
 C9             0.000         0.000         0.000         0.000
 C10            0.000         0.000         0.000         0.000         0.000
 C11            0.000         0.000         0.000         0.000         0.000
 C12            0.000         0.000         0.000         0.000         0.000
 C13            0.000         0.000         0.000         0.000         0.000
 C14            0.000         0.000         0.000         0.000         0.000
 C15            0.000         0.000         0.000         0.000         0.000
 C16            0.000         0.000         0.000         0.000         0.000
 C17            0.000         0.000         0.000         0.000         0.000
 C18            0.000         0.000         0.000         0.000         0.000
 C19            0.000         0.000         0.000         0.000         0.000
 C20            0.000         0.000         0.000         0.000         0.000
 C21            0.000         0.000         0.000         0.000         0.000
 C22            0.000         0.000         0.000         0.000         0.000
 C23            0.000         0.000         0.000         0.000         0.000
 C24            0.000         0.000         0.000         0.000         0.000


           THETA
              C11           C12           C13           C14           C15
              ________      ________      ________      ________      ________
 C11            0.000
 C12            0.000         0.000
 C13            0.000         0.000         0.000
 C14            0.000         0.000         0.000         0.000
 C15            0.000         0.000         0.000         0.000         0.000
 C16            0.000         0.000         0.000         0.000         0.000
 C17            0.000         0.000         0.000         0.000         0.000
 C18            0.000         0.000         0.000         0.000         0.000
 C19            0.000         0.000         0.000         0.000         0.000
 C20            0.000         0.000         0.000         0.000         0.000
 C21            0.000         0.000         0.000         0.000         0.000
 C22            0.000         0.000         0.000         0.000         0.000
 C23            0.000         0.000         0.000         0.000         0.000
 C24            0.000         0.000         0.000         0.000         0.000


           THETA
              C16           C17           C18           C19           C20
              ________      ________      ________      ________      ________
 C16            0.000
 C17            0.000         0.000
 C18            0.000         0.000         0.000
 C19            0.000         0.000         0.000         0.000
 C20            0.000         0.000         0.000         0.000         0.000
 C21            0.000         0.000         0.000         0.000         0.000
 C22            0.000         0.000         0.000         0.000         0.000
 C23            0.000         0.000         0.000         0.000         0.000
 C24            0.000         0.000         0.000         0.000         0.000


           THETA
              C21           C22           C23           C24
              ________      ________      ________      ________
 C21            0.000
 C22            0.000         0.000
 C23            0.000         0.000         0.000
 C24            0.000         0.000         0.000         0.000


           ALPHA
              IX            SX            IY            SY            C1
              ________      ________      ________      ________      ________
                0.039         0.289        -0.035         0.202         0.496


           ALPHA
              C2            C3            C4            C5            C6
              ________      ________      ________      ________      ________
                0.195         0.435         0.308         0.243         3.159


           ALPHA
              C7            C8            C9            C10           C11
              ________      ________      ________      ________      ________
                7.142         0.202         0.079         0.004         0.108


           ALPHA
              C12           C13           C14           C15           C16
              ________      ________      ________      ________      ________
                2.210         0.687         0.539         0.318         0.434


           ALPHA
              C17           C18           C19           C20           C21
              ________      ________      ________      ________      ________
                0.829         0.233         0.186         0.109         0.212


           ALPHA
              C22           C23           C24
              ________      ________      ________
                0.684         0.291         3.715


           BETA
              IX            SX            IY            SY            C1
              ________      ________      ________      ________      ________
 IX             0.000         0.000         0.000         0.000         0.000
 SX             0.000         0.000         0.000         0.000         0.000
 IY             0.000         0.000         0.000         0.000         0.000
 SY             0.000         0.000         0.000         0.000         0.000
 C1             0.000         0.000         0.000         0.000         0.000
 C2             0.000         0.000         0.000         0.000         0.000
 C3             0.000         0.000         0.000         0.000         0.000
 C4             0.000         0.000         0.000         0.000         0.000
 C5             0.000         0.000         0.000         0.000         0.000
 C6             0.000         0.000         0.000         0.000         0.000
 C7             0.000         0.000         0.000         0.000         0.000
 C8             0.000         0.000         0.000         0.000         0.000
 C9             0.000         0.000         0.000         0.000         0.000
 C10            0.000         0.000         0.000         0.000         0.000
 C11            0.000         0.000         0.000         0.000         0.000
 C12            0.000         0.000         0.000         0.000         0.000
 C13            0.000         0.000         0.000         0.000         0.000
 C14            0.000         0.000         0.000         0.000         0.000
 C15            0.000         0.000         0.000         0.000         0.000
 C16            0.000         0.000         0.000         0.000         0.000
 C17            0.000         0.000         0.000         0.000         0.000
 C18            0.000         0.000         0.000         0.000         0.000
 C19            0.000         0.000         0.000         0.000         0.000
 C20            0.000         0.000         0.000         0.000         0.000
 C21            0.000         0.000         0.000         0.000         0.000
 C22            0.000         0.000         0.000         0.000         0.000
 C23            0.000         0.000         0.000         0.000         0.000
 C24            0.000         0.000         0.000         0.000         0.000


           BETA
              C2            C3            C4            C5            C6
              ________      ________      ________      ________      ________
 IX             0.000         0.000         0.000         0.000         0.000
 SX             0.000         0.000         0.000         0.000         0.000
 IY             0.000         0.000         0.000         0.000         0.000
 SY             0.000         0.000         0.000         0.000         0.000
 C1             0.000         0.000         0.000         0.000         0.000
 C2             0.000         0.000         0.000         0.000         0.000
 C3             0.000         0.000         0.000         0.000         0.000
 C4             0.000         0.000         0.000         0.000         0.000
 C5             0.000         0.000         0.000         0.000         0.000
 C6             0.000         0.000         0.000         0.000         0.000
 C7             0.000         0.000         0.000         0.000         0.000
 C8             0.000         0.000         0.000         0.000         0.000
 C9             0.000         0.000         0.000         0.000         0.000
 C10            0.000         0.000         0.000         0.000         0.000
 C11            0.000         0.000         0.000         0.000         0.000
 C12            0.000         0.000         0.000         0.000         0.000
 C13            0.000         0.000         0.000         0.000         0.000
 C14            0.000         0.000         0.000         0.000         0.000
 C15            0.000         0.000         0.000         0.000         0.000
 C16            0.000         0.000         0.000         0.000         0.000
 C17            0.000         0.000         0.000         0.000         0.000
 C18            0.000         0.000         0.000         0.000         0.000
 C19            0.000         0.000         0.000         0.000         0.000
 C20            0.000         0.000         0.000         0.000         0.000
 C21            0.000         0.000         0.000         0.000         0.000
 C22            0.000         0.000         0.000         0.000         0.000
 C23            0.000         0.000         0.000         0.000         0.000
 C24            0.000         0.000         0.000         0.000         0.000


           BETA
              C7            C8            C9            C10           C11
              ________      ________      ________      ________      ________
 IX             0.000         0.000         0.000         0.000         0.000
 SX             0.000         0.000         0.000         0.000         0.000
 IY             0.000         0.000         0.000         0.000         0.000
 SY             0.000         0.000         0.000         0.000         0.000
 C1             0.000         0.000         0.000         0.000         0.000
 C2             0.000         0.000         0.000         0.000         0.000
 C3             0.000         0.000         0.000         0.000         0.000
 C4             0.000         0.000         0.000         0.000         0.000
 C5             0.000         0.000         0.000         0.000         0.000
 C6             0.000         0.000         0.000         0.000         0.000
 C7             0.000         0.000         0.000         0.000         0.000
 C8             0.000         0.000         0.000         0.000         0.000
 C9             0.000         0.000         0.000         0.000         0.000
 C10            0.000         0.000         0.000         0.000         0.000
 C11            0.000         0.000         0.000         0.000         0.000
 C12            0.000         0.000         0.000         0.000         0.000
 C13            0.000         0.000         0.000         0.000         0.000
 C14            0.000         0.000         0.000         0.000         0.000
 C15            0.000         0.000         0.000         0.000         0.000
 C16            0.000         0.000         0.000         0.000         0.000
 C17            0.000         0.000         0.000         0.000         0.000
 C18            0.000         0.000         0.000         0.000         0.000
 C19            0.000         0.000         0.000         0.000         0.000
 C20            0.000         0.000         0.000         0.000         0.000
 C21            0.000         0.000         0.000         0.000         0.000
 C22            0.000         0.000         0.000         0.000         0.000
 C23            0.000         0.000         0.000         0.000         0.000
 C24            0.000         0.000         0.000         0.000         0.000


           BETA
              C12           C13           C14           C15           C16
              ________      ________      ________      ________      ________
 IX             0.000         0.000         0.000         0.000         0.000
 SX             0.000         0.000         0.000         0.000         0.000
 IY             0.000         0.000         0.000         0.000         0.000
 SY             0.000         0.000         0.000         0.000         0.000
 C1             0.000         0.000         0.000         0.000         0.000
 C2             0.000         0.000         0.000         0.000         0.000
 C3             0.000         0.000         0.000         0.000         0.000
 C4             0.000         0.000         0.000         0.000         0.000
 C5             0.000         0.000         0.000         0.000         0.000
 C6             0.000         0.000         0.000         0.000         0.000
 C7             0.000         0.000         0.000         0.000         0.000
 C8             0.000         0.000         0.000         0.000         0.000
 C9             0.000         0.000         0.000         0.000         0.000
 C10            0.000         0.000         0.000         0.000         0.000
 C11            0.000         0.000         0.000         0.000         0.000
 C12            0.000         0.000         0.000         0.000         0.000
 C13            0.000         0.000         0.000         0.000         0.000
 C14            0.000         0.000         0.000         0.000         0.000
 C15            0.000         0.000         0.000         0.000         0.000
 C16            0.000         0.000         0.000         0.000         0.000
 C17            0.000         0.000         0.000         0.000         0.000
 C18            0.000         0.000         0.000         0.000         0.000
 C19            0.000         0.000         0.000         0.000         0.000
 C20            0.000         0.000         0.000         0.000         0.000
 C21            0.000         0.000         0.000         0.000         0.000
 C22            0.000         0.000         0.000         0.000         0.000
 C23            0.000         0.000         0.000         0.000         0.000
 C24            0.000         0.000         0.000         0.000         0.000


           BETA
              C17           C18           C19           C20           C21
              ________      ________      ________      ________      ________
 IX             0.000         0.000         0.000         0.000         0.000
 SX             0.000         0.000         0.000         0.000         0.000
 IY             0.000         0.000         0.000         0.000         0.000
 SY             0.000         0.000         0.000         0.000         0.000
 C1             0.000         0.000         0.000         0.000         0.000
 C2             0.000         0.000         0.000         0.000         0.000
 C3             0.000         0.000         0.000         0.000         0.000
 C4             0.000         0.000         0.000         0.000         0.000
 C5             0.000         0.000         0.000         0.000         0.000
 C6             0.000         0.000         0.000         0.000         0.000
 C7             0.000         0.000         0.000         0.000         0.000
 C8             0.000         0.000         0.000         0.000         0.000
 C9             0.000         0.000         0.000         0.000         0.000
 C10            0.000         0.000         0.000         0.000         0.000
 C11            0.000         0.000         0.000         0.000         0.000
 C12            0.000         0.000         0.000         0.000         0.000
 C13            0.000         0.000         0.000         0.000         0.000
 C14            0.000         0.000         0.000         0.000         0.000
 C15            0.000         0.000         0.000         0.000         0.000
 C16            0.000         0.000         0.000         0.000         0.000
 C17            0.000         0.000         0.000         0.000         0.000
 C18            0.000         0.000         0.000         0.000         0.000
 C19            0.000         0.000         0.000         0.000         0.000
 C20            0.000         0.000         0.000         0.000         0.000
 C21            0.000         0.000         0.000         0.000         0.000
 C22            0.000         0.000         0.000         0.000         0.000
 C23            0.000         0.000         0.000         0.000         0.000
 C24            0.000         0.000         0.000         0.000         0.000


           BETA
              C22           C23           C24
              ________      ________      ________
 IX             0.000         0.000         0.000
 SX             0.000         0.000         0.000
 IY             0.000         0.000         0.000
 SY             0.000         0.000         0.000
 C1             0.000         0.000         0.000
 C2             0.000         0.000         0.000
 C3             0.000         0.000         0.000
 C4             0.000         0.000         0.000
 C5             0.000         0.000         0.000
 C6             0.000         0.000         0.000
 C7             0.000         0.000         0.000
 C8             0.000         0.000         0.000
 C9             0.000         0.000         0.000
 C10            0.000         0.000         0.000
 C11            0.000         0.000         0.000
 C12            0.000         0.000         0.000
 C13            0.000         0.000         0.000
 C14            0.000         0.000         0.000
 C15            0.000         0.000         0.000
 C16            0.000         0.000         0.000
 C17            0.000         0.000         0.000
 C18            0.000         0.000         0.000
 C19            0.000         0.000         0.000
 C20            0.000         0.000         0.000
 C21            0.000         0.000         0.000
 C22            0.000         0.000         0.000
 C23            0.000         0.000         0.000
 C24            0.000         0.000         0.000


           PSI
              IX            SX            IY            SY            C1
              ________      ________      ________      ________      ________
 IX             0.892
 SX             0.000         3.340
 IY             0.000         0.000         0.931
 SY             0.000         0.000         0.000         3.205
 C1             0.000         0.000         0.000         0.000         0.250
 C2             0.000         0.000         0.000         0.000         0.035
 C3             0.000         0.000         0.000         0.000        -0.009
 C4             0.000         0.000         0.000         0.000         0.000
 C5             0.000         0.000         0.000         0.000         0.005
 C6             0.000         0.000         0.000         0.000        -0.038
 C7             0.000         0.000         0.000         0.000        -0.144
 C8             0.000         0.000         0.000         0.000        -0.002
 C9             0.000         0.000         0.000         0.000         0.002
 C10            0.000         0.000         0.000         0.000        -0.001
 C11            0.000         0.000         0.000         0.000         0.001
 C12            0.000         0.000         0.000         0.000         0.040
 C13            0.000         0.000         0.000         0.000         0.126
 C14            0.000         0.000         0.000         0.000        -0.003
 C15            0.000         0.000         0.000         0.000        -0.030
 C16            0.000         0.000         0.000         0.000         0.030
 C17            0.000         0.000         0.000         0.000         0.036
 C18            0.000         0.000         0.000         0.000        -0.010
 C19            0.000         0.000         0.000         0.000         0.001
 C20            0.000         0.000         0.000         0.000        -0.002
 C21            0.000         0.000         0.000         0.000        -0.014
 C22            0.000         0.000         0.000         0.000        -0.008
 C23            0.000         0.000         0.000         0.000        -0.050
 C24            0.000         0.000         0.000         0.000         0.073


           PSI
              C2            C3            C4            C5            C6
              ________      ________      ________      ________      ________
 C2             0.157
 C3             0.041         0.246
 C4             0.003        -0.015         0.213
 C5            -0.018        -0.025        -0.075         0.184
 C6            -0.060        -0.108         0.073         0.031         1.375
 C7            -0.206        -0.466         0.201         0.194         3.684
 C8            -0.003        -0.002        -0.013         0.004        -0.138
 C9             0.006         0.016        -0.009        -0.003        -0.038
 C10           -0.001        -0.001        -0.001         0.002         0.002
 C11           -0.002         0.012        -0.002        -0.008         0.083
 C12            0.024         0.003        -0.006         0.009        -0.009
 C13            0.192         0.231        -0.026        -0.075        -0.279
 C14           -0.010        -0.022         0.003         0.037         0.012
 C15           -0.022        -0.022         0.000         0.011         0.018
 C16            0.018         0.003         0.002        -0.008         0.000
 C17            0.011         0.000         0.001        -0.004        -0.060
 C18           -0.007        -0.005         0.011        -0.012         0.016
 C19           -0.004        -0.021         0.001         0.013         0.052
 C20           -0.001         0.016        -0.003        -0.001        -0.035
 C21           -0.007        -0.004        -0.011         0.015         0.013
 C22           -0.063        -0.113         0.004         0.029         0.085
 C23           -0.021        -0.008        -0.016         0.019         0.082
 C24            0.248         0.369        -0.061        -0.035        -0.632


           PSI
              C7            C8            C9            C10           C11
              ________      ________      ________      ________      ________
 C7            22.449
 C8            -0.326         0.161
 C9            -0.126        -0.016         0.073
 C10            0.011        -0.001         0.000         0.004
 C11            0.338         0.000        -0.003         0.000         0.096
 C12            0.013         0.010        -0.001        -0.001         0.003
 C13           -1.035         0.021         0.042         0.000         0.039
 C14            0.183         0.008        -0.014         0.002        -0.003
 C15            0.117         0.001        -0.004         0.000         0.002
 C16           -0.001        -0.008         0.003         0.000        -0.001
 C17           -0.183        -0.001         0.004         0.000        -0.024
 C18           -0.013         0.000        -0.001         0.000        -0.004
 C19            0.219        -0.006        -0.005         0.000        -0.002
 C20           -0.121         0.004         0.004         0.000        -0.001
 C21            0.074        -0.004         0.000         0.001         0.008
 C22            0.366        -0.005        -0.012         0.001        -0.017
 C23            0.491         0.003        -0.003         0.001         0.050
 C24           -2.092         0.058         0.041         0.004        -0.010


           PSI
              C12           C13           C14           C15           C16
              ________      ________      ________      ________      ________
 C12            1.054
 C13            0.236         1.541
 C14            0.003        -0.083         0.248
 C15           -0.050        -0.080         0.003         0.217
 C16            0.053         0.044         0.002        -0.138         0.246
 C17            0.016         0.029        -0.028        -0.008         0.008
 C18            0.000        -0.050        -0.006        -0.002        -0.003
 C19           -0.013        -0.058         0.018         0.007        -0.006
 C20            0.010         0.014         0.001        -0.002         0.003
 C21           -0.003        -0.016         0.039         0.004        -0.004
 C22           -0.049        -0.356         0.036         0.023        -0.004
 C23           -0.040        -0.055         0.021         0.089        -0.065
 C24            0.586         1.733         0.691        -0.133         0.050


           PSI
              C17           C18           C19           C20           C21
              ________      ________      ________      ________      ________
 C17            0.142
 C18           -0.001         0.179
 C19           -0.006        -0.043         0.151
 C20            0.003         0.027        -0.013         0.097
 C21           -0.019        -0.007         0.013        -0.023         0.167
 C22           -0.002         0.018         0.022        -0.007         0.006
 C23           -0.032        -0.003         0.008         0.016         0.034
 C24            0.082         0.002        -0.026         0.063         0.045


           PSI
              C22           C23           C24
              ________      ________      ________
 C22            0.216
 C23            0.004         0.925
 C24           -0.427        -0.077        17.918


TECHNICAL 3 OUTPUT


           ESTIMATED COVARIANCE MATRIX FOR PARAMETER ESTIMATES
                  1             2             3             4             5
              ________      ________      ________      ________      ________
      1     0.202888D-02
      2     0.639180D-04  0.454482D-03
      3     0.414061D-05  0.167322D-04  0.488316D-03
      4     0.145170D-03  0.571488D-04  0.980909D-04  0.125979D-02
      5     0.345386D-03  0.239660D-04  0.851725D-04  0.298380D-03  0.148375D-02
      6    -0.195169D-04  0.210313D-04 -0.325079D-04 -0.131009D-04 -0.441824D-04
      7     0.503922D-04  0.306428D-04  0.102609D-04  0.363389D-04  0.160803D-04
      8     0.128644D-04  0.326968D-05  0.592805D-04  0.341547D-04  0.600439D-04
      9     0.333538D-04  0.107318D-04  0.776844D-04  0.196998D-03  0.112180D-03
     10     0.186851D-03  0.892706D-05  0.126188D-03  0.149958D-03  0.238797D-03
     11     0.838802D-04 -0.141862D-03 -0.307794D-04 -0.415396D-04 -0.830031D-06
     12    -0.250394D-04  0.558044D-04 -0.380453D-04  0.252720D-03 -0.321912D-03
     13    -0.209761D-03  0.698361D-04 -0.292236D-04 -0.144338D-04 -0.410518D-04
     14     0.416426D-02 -0.190340D-03  0.153083D-03  0.151761D-02  0.234336D-02
     15     0.478452D-04 -0.558124D-05 -0.312551D-05 -0.198515D-04  0.249917D-04
     16    -0.120130D-04 -0.388028D-05  0.541843D-04  0.423185D-04  0.215153D-04
     17    -0.227034D-03 -0.769638D-04  0.676506D-04 -0.252669D-04 -0.503179D-04
     18     0.949456D-04 -0.278501D-04  0.245201D-04  0.545435D-04 -0.385156D-04
     19    -0.147878D-03 -0.905173D-04 -0.163149D-04  0.229709D-04 -0.464753D-04
     20     0.724724D-04  0.163969D-04 -0.105517D-05  0.138041D-04 -0.269707D-04
     21    -0.892864D-05 -0.172399D-05  0.623891D-06 -0.369141D-05  0.434460D-06
     22    -0.241806D-03  0.426443D-04 -0.617077D-04 -0.302529D-04 -0.881422D-05
     23     0.114383D-03 -0.301213D-04 -0.152884D-04 -0.212733D-04  0.244157D-04
     24    -0.219983D-03  0.830770D-04  0.150626D-03 -0.220008D-04 -0.470769D-04
     25     0.164912D-03 -0.141873D-04  0.386045D-04  0.996069D-05  0.839994D-04
     26    -0.782079D-04  0.308402D-05 -0.121231D-04  0.215551D-04 -0.760285D-05
     27     0.629233D-05  0.306968D-04  0.472499D-05  0.439694D-05 -0.659718D-05
     28     0.123649D-03  0.520963D-04  0.308471D-04  0.107826D-04  0.822676D-04
     29    -0.677616D-04  0.329055D-04  0.226326D-05 -0.625048D-05  0.293642D-04
     30    -0.290545D-03  0.159220D-05 -0.146321D-05 -0.272931D-04 -0.874184D-04
     31     0.155102D-03 -0.193871D-04 -0.358117D-04 -0.320702D-04  0.542640D-04
     32    -0.154156D-03 -0.267717D-04 -0.236113D-04 -0.216803D-04 -0.195006D-04
     33     0.828768D-04 -0.102572D-04 -0.467569D-04 -0.590211D-04 -0.684735D-04
     34     0.112882D-03 -0.190889D-04  0.149932D-04  0.125898D-05 -0.411248D-04
     35    -0.900972D-04  0.159807D-04  0.390056D-05 -0.785671D-05  0.294250D-04
     36    -0.103161D-03  0.422707D-04  0.766262D-05 -0.296639D-04  0.453887D-04
     37    -0.255918D-04  0.198223D-05  0.136427D-05  0.121039D-04  0.379728D-05
     38     0.935164D-05 -0.221261D-06 -0.134107D-05  0.126942D-05  0.257225D-05
     39    -0.103397D-04  0.149912D-04  0.568421D-04  0.100382D-03 -0.767958D-04
     40    -0.151972D-04  0.208398D-04 -0.580450D-04 -0.120060D-03  0.824402D-04
     41     0.491726D-03  0.681829D-04 -0.589959D-04  0.927886D-04  0.251794D-03
     42    -0.147760D-03 -0.240301D-04 -0.303183D-04 -0.117540D-03  0.175853D-03
     43     0.248470D-03  0.106353D-03  0.464807D-04 -0.303604D-04  0.497629D-04
     44    -0.126560D-03  0.112832D-04  0.430614D-04 -0.499992D-04  0.122849D-03
     45     0.283938D-04 -0.111772D-05 -0.168130D-05  0.852289D-05  0.102545D-04
     46     0.267549D-03 -0.634074D-04  0.700991D-04  0.558925D-04 -0.101491D-03
     47     0.276145D-04  0.292966D-04  0.585286D-04  0.104946D-03 -0.453392D-04
     48     0.221516D-03  0.942459D-04  0.688108D-04  0.536761D-05 -0.817354D-04
     49    -0.255167D-03 -0.211226D-03 -0.471846D-04  0.197504D-03 -0.260574D-03
     50     0.121066D-03 -0.141344D-04  0.489826D-05 -0.671507D-04 -0.221572D-04
     51    -0.484816D-04 -0.273542D-04 -0.312037D-05 -0.363081D-04  0.386064D-04
     52    -0.173484D-03  0.175143D-04 -0.566375D-04 -0.267632D-04 -0.816201D-04
     53     0.909406D-04 -0.187693D-04 -0.106709D-04  0.468593D-04 -0.134549D-03
     54     0.368172D-03 -0.196274D-05 -0.697657D-04 -0.978500D-04  0.214116D-04
     55    -0.411884D-03  0.181897D-04  0.164596D-05 -0.897192D-04 -0.166691D-03
     56     0.133594D-03  0.194875D-04  0.326988D-04 -0.961152D-04  0.446434D-04
     57    -0.153978D-03 -0.370782D-04 -0.458822D-04  0.733544D-04 -0.275768D-06
     58    -0.159947D-03  0.419142D-05  0.599454D-04  0.103943D-03  0.107796D-03
     59     0.129536D-03 -0.439307D-05 -0.183550D-04 -0.849296D-05 -0.252532D-04
     60     0.105512D-03 -0.234039D-04 -0.576418D-04 -0.132657D-04 -0.234752D-04
     61     0.592256D-04 -0.499774D-05 -0.174323D-05 -0.936992D-04  0.287809D-04
     62    -0.150004D-04 -0.325522D-06  0.530846D-05  0.406523D-05 -0.807712D-05
     63    -0.196232D-02 -0.919384D-04  0.440856D-04 -0.722321D-04 -0.428112D-03
     64    -0.273555D-03 -0.428036D-04 -0.502189D-05 -0.535023D-04 -0.220722D-04
     65     0.228786D-03  0.199494D-04  0.113113D-05  0.711506D-04  0.476977D-04
     66    -0.220004D-03 -0.401814D-04  0.230877D-04 -0.558998D-05 -0.227614D-04
     67     0.414844D-04 -0.201292D-04  0.416506D-04  0.530036D-04  0.236623D-05
     68    -0.299014D-03 -0.253322D-04  0.250325D-04  0.117378D-04 -0.283662D-04
     69     0.627519D-04 -0.495569D-05 -0.116270D-04  0.872099D-05 -0.268737D-04
     70    -0.748387D-05 -0.316783D-05  0.439733D-05 -0.304953D-05  0.698528D-06
     71    -0.640518D-03 -0.403276D-04 -0.753802D-05 -0.105046D-03 -0.110283D-03
     72     0.262199D-03 -0.386305D-04  0.158946D-04  0.151173D-04  0.107419D-03
     73    -0.323506D-03  0.196386D-04  0.660829D-04  0.380208D-04 -0.100043D-03
     74    -0.833910D-04  0.342403D-04 -0.686960D-05 -0.519936D-04 -0.112765D-04
     75    -0.281949D-04  0.233262D-05  0.142461D-04  0.322321D-04  0.263854D-04
     76     0.978806D-04  0.150850D-04  0.373033D-05  0.211216D-05  0.305824D-04
     77     0.685645D-04 -0.119665D-04  0.491943D-05 -0.370159D-04  0.318950D-04
     78    -0.850278D-04 -0.130172D-04  0.354135D-04 -0.289921D-04  0.256355D-04
     79     0.210691D-03 -0.410780D-05 -0.248305D-06 -0.890013D-05  0.680525D-04
     80     0.292769D-03  0.238485D-04 -0.215585D-04 -0.208884D-04 -0.273692D-04
     81     0.352144D-03  0.169223D-04 -0.241247D-04 -0.338167D-04  0.966173D-04
     82    -0.125359D-04 -0.148216D-04 -0.472065D-04 -0.924475D-04 -0.539571D-04
     83     0.638907D-03  0.248995D-04 -0.239492D-04  0.105433D-04  0.106012D-03
     84     0.312854D-03  0.929651D-06  0.363404D-05  0.576895D-04  0.136549D-03
     85    -0.244811D-03 -0.956475D-05 -0.114349D-04  0.871767D-05 -0.141645D-04
     86     0.299847D-04  0.169865D-04 -0.616800D-05  0.305177D-04 -0.173669D-04
     87     0.895007D-05 -0.296791D-05  0.437168D-06  0.488824D-06  0.171759D-05
     88     0.815465D-02 -0.136451D-03 -0.367650D-03  0.489332D-03  0.184113D-02
     89    -0.149490D-01  0.503917D-03 -0.447943D-03 -0.453091D-02 -0.823305D-02
     90     0.397476D-02 -0.209911D-03 -0.412015D-03  0.112584D-03  0.656204D-03
     91     0.231096D-02  0.116653D-04 -0.634210D-04  0.365624D-03  0.434123D-03
     92    -0.107855D-02  0.275932D-04 -0.914522D-04 -0.432079D-03 -0.359076D-03
     93     0.145634D-02  0.506275D-04 -0.112784D-03  0.125751D-03  0.376586D-03
     94     0.141377D-02 -0.277146D-04 -0.806351D-04  0.239196D-03  0.870249D-03
     95     0.155272D-03  0.171534D-03  0.406585D-04  0.445291D-05  0.404684D-04
     96    -0.967756D-03  0.321902D-04  0.370104D-04 -0.285023D-03 -0.321612D-03
     97     0.593283D-04  0.462032D-05 -0.797364D-05  0.311798D-04  0.355438D-04
     98     0.283043D-02 -0.181637D-04  0.596359D-04  0.554453D-03  0.678043D-03
     99    -0.707359D-03  0.228029D-03  0.872221D-04 -0.172936D-04 -0.173011D-03
    100     0.119474D-03  0.128528D-03 -0.564872D-04 -0.430989D-03 -0.394635D-03
    101     0.168272D-02 -0.244814D-03 -0.457144D-04  0.508933D-03  0.447490D-03
    102     0.534816D-03 -0.402811D-04 -0.392412D-04  0.572420D-05  0.903269D-04
    103    -0.882261D-03 -0.200770D-04 -0.185401D-04 -0.211575D-03 -0.347961D-03
    104    -0.136813D-02  0.100742D-03  0.349275D-04 -0.127631D-03 -0.567374D-03
    105    -0.113358D-02  0.561794D-04  0.100569D-03  0.807596D-04 -0.250967D-03
    106    -0.184951D-02  0.162418D-05 -0.125103D-03 -0.567873D-03 -0.102229D-02
    107     0.103015D-02 -0.608548D-04  0.540637D-04  0.391691D-03  0.693313D-03
    108    -0.347355D-02  0.117310D-03  0.149091D-04 -0.659645D-03 -0.157227D-02
    109    -0.394952D-03  0.446279D-04  0.368635D-04  0.101430D-03 -0.518390D-04
    110    -0.411637D-02  0.117139D-03  0.129006D-03 -0.563983D-03 -0.126587D-02
    111    -0.204487D-02  0.384066D-05  0.241706D-04 -0.481000D-03 -0.885710D-03
    112     0.283107D-02 -0.953463D-04  0.590712D-04  0.590963D-03  0.128436D-02
    113    -0.159813D-02  0.251361D-04  0.383546D-04 -0.401061D-03 -0.626413D-03
    114     0.734064D-04  0.125780D-05 -0.181691D-06  0.127216D-04  0.266066D-04
    115    -0.112297D-02 -0.197875D-04  0.331525D-06 -0.105585D-03 -0.234709D-03
    116     0.163991D-02 -0.500801D-04 -0.127154D-05  0.237293D-03  0.491495D-03
    117    -0.241155D-02  0.715591D-04 -0.119797D-03 -0.815706D-03 -0.137348D-02
    118     0.702719D-03 -0.326985D-04 -0.306034D-05  0.106544D-03  0.294327D-03
    119    -0.202735D-03  0.120450D-04  0.342371D-04  0.211354D-04  0.277539D-04
    120    -0.247580D-02  0.937789D-04  0.589995D-04 -0.524891D-03 -0.102314D-02


           ESTIMATED COVARIANCE MATRIX FOR PARAMETER ESTIMATES
                  6             7             8             9            10
              ________      ________      ________      ________      ________
      6     0.113645D-02
      7    -0.356603D-05  0.615494D-03
      8    -0.855274D-04  0.108793D-03  0.782614D-03
      9     0.106170D-03  0.205242D-04  0.569441D-04  0.149891D-02
     10     0.525142D-03  0.448196D-04  0.167613D-03  0.475262D-03  0.337881D-02
     11     0.275611D-04 -0.459413D-05  0.626006D-04 -0.101430D-03 -0.197545D-03
     12    -0.168830D-03 -0.388794D-04 -0.328768D-04 -0.880626D-04 -0.548973D-06
     13     0.143391D-03  0.643901D-04  0.391138D-04  0.721365D-04 -0.191813D-03
     14    -0.299071D-02  0.810527D-04  0.592613D-03 -0.396586D-04  0.127882D-03
     15     0.459049D-05  0.154614D-04  0.333728D-04  0.396767D-04  0.187291D-04
     16    -0.335725D-05 -0.216856D-04 -0.281193D-04  0.244998D-04 -0.108248D-04
     17    -0.197879D-04 -0.123900D-04  0.887711D-05  0.404923D-04  0.685896D-04
     18     0.178734D-04  0.178295D-04  0.314129D-04  0.541937D-04  0.750850D-04
     19    -0.376254D-05 -0.989244D-05 -0.432580D-04  0.497083D-04 -0.334817D-04
     20    -0.164236D-04  0.578353D-05 -0.100122D-04  0.533446D-06 -0.169945D-06
     21     0.358046D-05  0.149836D-06 -0.977169D-06  0.642292D-05  0.534556D-05
     22     0.323345D-04 -0.285000D-05 -0.513049D-04 -0.653812D-05 -0.107578D-03
     23    -0.140280D-04  0.622708D-05 -0.549600D-04  0.461752D-05  0.538892D-05
     24    -0.921897D-04  0.531580D-04  0.569598D-04  0.505900D-04 -0.378565D-04
     25     0.661217D-05 -0.199253D-04 -0.224990D-05 -0.248538D-04  0.534219D-04
     26    -0.714292D-05 -0.686320D-05 -0.218021D-05 -0.410365D-05  0.529757D-05
     27    -0.110732D-04 -0.101011D-06 -0.198901D-05  0.174540D-04  0.216112D-04
     28     0.972272D-04 -0.578140D-05  0.214101D-04  0.260346D-05 -0.150850D-04
     29    -0.339787D-04  0.225021D-04  0.370277D-04  0.358486D-04 -0.258495D-04
     30    -0.567806D-05 -0.299756D-04 -0.322759D-04 -0.369299D-04 -0.745465D-04
     31     0.141294D-04 -0.102348D-04 -0.558441D-05 -0.763730D-04  0.414275D-04
     32    -0.407866D-05 -0.240434D-04 -0.499634D-04  0.112620D-04 -0.394238D-05
     33     0.755419D-04  0.707516D-05 -0.590375D-04 -0.135856D-05 -0.811126D-04
     34    -0.352953D-04  0.288692D-04  0.609214D-06  0.112766D-03 -0.389103D-04
     35     0.161158D-04 -0.280300D-04 -0.474098D-04  0.208625D-04  0.590807D-04
     36    -0.707378D-04 -0.105887D-04  0.329773D-05  0.787203D-05  0.104408D-03
     37     0.328717D-05 -0.162579D-04 -0.232527D-05 -0.180856D-04  0.664579D-05
     38    -0.292143D-05  0.564499D-05 -0.202921D-05 -0.219849D-06  0.166058D-05
     39    -0.162004D-04 -0.806210D-05 -0.443172D-04 -0.527500D-04  0.101247D-03
     40     0.231266D-04  0.119586D-04  0.717484D-04  0.428138D-04  0.971184D-04
     41     0.975434D-05  0.559869D-05  0.466641D-04  0.724028D-06  0.168389D-03
     42    -0.348019D-04 -0.259865D-04 -0.593989D-04 -0.256159D-05 -0.119372D-03
     43     0.151000D-04  0.940757D-04  0.437964D-04  0.147762D-04  0.788710D-04
     44     0.393729D-04 -0.155531D-05  0.734151D-05  0.368293D-04  0.355494D-04
     45    -0.888471D-05 -0.115449D-05  0.298249D-05 -0.966154D-05  0.751158D-05
     46     0.933756D-04  0.599288D-04 -0.491157D-06 -0.254700D-04 -0.149116D-04
     47     0.119090D-03 -0.213411D-05  0.257220D-04  0.122555D-03 -0.930522D-04
     48     0.360952D-04  0.119901D-04  0.118705D-03 -0.247548D-03 -0.131023D-03
     49    -0.932728D-04 -0.145250D-04  0.463491D-05  0.270190D-04 -0.359774D-03
     50     0.332663D-04  0.915405D-05 -0.109182D-04  0.204474D-04  0.118549D-04
     51     0.969321D-05 -0.171877D-05 -0.101120D-04 -0.257662D-04 -0.522746D-04
     52    -0.836962D-04 -0.244808D-04 -0.468529D-04  0.419594D-04 -0.112959D-03
     53     0.497278D-05 -0.233877D-04  0.202409D-05 -0.363548D-05  0.102508D-03
     54     0.324375D-04  0.355726D-04  0.214599D-04 -0.636445D-04  0.552424D-04
     55    -0.549752D-05 -0.161727D-04 -0.988571D-05  0.135259D-03 -0.133004D-03
     56    -0.123063D-04  0.144230D-04  0.385910D-04 -0.504068D-04 -0.526311D-05
     57     0.789429D-04  0.311538D-05 -0.190714D-05 -0.154087D-03 -0.955069D-04
     58     0.679237D-04 -0.146576D-05  0.216555D-04 -0.696661D-04  0.201150D-03
     59     0.407378D-05  0.366156D-04  0.484239D-04 -0.497816D-04  0.883013D-05
     60     0.344601D-04  0.144284D-04 -0.246210D-04 -0.310597D-05 -0.174518D-03
     61    -0.187731D-04  0.323839D-04 -0.220281D-05  0.237038D-04  0.133832D-04
     62    -0.547945D-06 -0.362379D-05  0.470644D-05 -0.621625D-05  0.411232D-05
     63    -0.449005D-04  0.372664D-04  0.292648D-04  0.355500D-04 -0.232025D-03
     64    -0.175038D-04 -0.284804D-04  0.313751D-05  0.446063D-04 -0.429669D-05
     65    -0.250138D-04 -0.161064D-04 -0.228386D-04  0.297591D-05  0.429952D-04
     66    -0.766571D-04  0.289857D-04  0.139606D-04  0.108817D-04 -0.567845D-04
     67    -0.497454D-04  0.151701D-04  0.754792D-05 -0.222304D-04  0.354179D-04
     68    -0.681496D-05  0.314528D-05 -0.965157D-05  0.419798D-04 -0.432619D-04
     69     0.388230D-05 -0.210633D-05 -0.298641D-04 -0.500094D-05  0.497969D-04
     70     0.261431D-05  0.210772D-05  0.835857D-05  0.424563D-05  0.843874D-06
     71     0.965852D-04  0.225643D-04  0.843669D-05 -0.105540D-03 -0.123411D-03
     72     0.436788D-04 -0.774969D-05  0.387062D-05 -0.465015D-05  0.154405D-03
     73    -0.161117D-03  0.723206D-05  0.240706D-05  0.690738D-04  0.262546D-04
     74    -0.250484D-04 -0.116622D-04 -0.464367D-04 -0.725814D-05  0.297280D-05
     75     0.166623D-05 -0.388459D-05  0.297261D-04 -0.744870D-05  0.456602D-04
     76     0.210707D-06 -0.119543D-04 -0.104608D-04  0.164268D-05  0.638734D-06
     77     0.382806D-04 -0.297161D-04 -0.231962D-04 -0.347671D-04 -0.774933D-04
     78     0.908509D-05 -0.650789D-05  0.474817D-04 -0.515546D-06  0.344674D-04
     79     0.246522D-04  0.826506D-05 -0.114710D-04 -0.470833D-04 -0.178875D-04
     80    -0.398571D-04  0.190570D-04 -0.105711D-04 -0.617449D-04  0.561359D-04
     81     0.103040D-03 -0.100866D-03 -0.104011D-04  0.509021D-05  0.588626D-04
     82     0.442072D-04 -0.393331D-04 -0.620908D-04 -0.699430D-04 -0.185908D-03
     83     0.136004D-04 -0.591583D-05 -0.343377D-04 -0.128604D-04  0.683033D-04
     84     0.194702D-04 -0.303187D-04 -0.107457D-04  0.211051D-05  0.236412D-04
     85    -0.976605D-04  0.128957D-04 -0.248496D-05 -0.332446D-04 -0.880101D-04
     86    -0.429510D-05  0.379785D-05  0.156604D-04 -0.287414D-05  0.888607D-06
     87    -0.421856D-05  0.639782D-05  0.120767D-05  0.582404D-05  0.523335D-05
     88     0.443451D-02 -0.225531D-03 -0.732982D-03  0.417680D-03  0.377322D-02
     89     0.728237D-03 -0.216329D-03 -0.321342D-03 -0.954192D-03 -0.378401D-02
     90     0.947366D-02 -0.289444D-03 -0.153248D-02  0.851701D-03  0.650376D-02
     91     0.222783D-02 -0.277812D-04 -0.375859D-03  0.918691D-04  0.185999D-02
     92     0.613623D-03 -0.157881D-04 -0.798882D-04 -0.283645D-05  0.988543D-04
     93     0.172063D-02 -0.255571D-04 -0.319216D-03  0.167266D-03  0.118452D-02
     94     0.530026D-03 -0.452405D-04 -0.108550D-03  0.202578D-03  0.423984D-03
     95    -0.217744D-02  0.162458D-03  0.354005D-03 -0.288393D-03 -0.143119D-02
     96     0.757833D-04 -0.557964D-05  0.869474D-04 -0.429833D-04 -0.233663D-03
     97    -0.862650D-04 -0.262683D-05 -0.420470D-05 -0.211703D-04 -0.372000D-04
     98     0.394167D-03  0.340312D-04 -0.107094D-03  0.315651D-03  0.896707D-03
     99    -0.105275D-02  0.160314D-05  0.962127D-04  0.634684D-04 -0.105604D-02
    100     0.403297D-03 -0.853462D-04  0.245895D-03 -0.834438D-03 -0.153956D-03
    101     0.118920D-02 -0.281158D-04 -0.158498D-03  0.962159D-04  0.687362D-03
    102     0.677873D-03 -0.217330D-04 -0.156559D-03  0.137374D-03  0.471771D-03
    103     0.413392D-04 -0.869065D-05 -0.155210D-04 -0.459741D-04 -0.243459D-03
    104    -0.105744D-02  0.470735D-04  0.843982D-04 -0.632751D-04 -0.755390D-03
    105    -0.443812D-02  0.996431D-04  0.522921D-03 -0.339837D-03 -0.289055D-02
    106     0.733241D-03 -0.266804D-04 -0.203647D-03 -0.576352D-05  0.172744D-03
    107     0.194643D-02 -0.492686D-04 -0.229768D-03  0.528510D-03  0.138114D-02
    108    -0.617308D-03  0.219564D-03  0.105977D-03 -0.280543D-03 -0.105671D-02
    109    -0.648349D-03  0.793962D-04  0.236539D-03  0.169011D-04  0.811934D-04
    110    -0.105813D-02 -0.704446D-04  0.110111D-03 -0.502152D-05 -0.148695D-02
    111    -0.442976D-03  0.741197D-04  0.626057D-04 -0.346862D-05 -0.607744D-03
    112     0.197684D-03  0.660188D-04 -0.674823D-04  0.227357D-03  0.445858D-03
    113    -0.114337D-02  0.434328D-04  0.105314D-03 -0.942414D-04 -0.106021D-02
    114     0.111565D-03 -0.149551D-04 -0.183447D-04 -0.835459D-05  0.693728D-04
    115     0.154696D-04  0.707537D-06 -0.135035D-04 -0.262107D-04 -0.115875D-03
    116    -0.408326D-04  0.269287D-04  0.393940D-04  0.562797D-04  0.263360D-03
    117     0.964633D-04 -0.473579D-04 -0.776477D-04 -0.110271D-03 -0.505620D-03
    118    -0.448946D-04  0.181492D-04  0.294398D-05  0.404283D-04  0.184760D-03
    119    -0.755374D-03 -0.107516D-04  0.924783D-04 -0.291306D-04 -0.375303D-03
    120    -0.366954D-02  0.162587D-03  0.367472D-03 -0.761536D-03 -0.405841D-02


           ESTIMATED COVARIANCE MATRIX FOR PARAMETER ESTIMATES
                 11            12            13            14            15
              ________      ________      ________      ________      ________
     11     0.116110D-01
     12    -0.109845D-01  0.277088D-01
     13     0.309712D-02 -0.448232D-02  0.100902D-01
     14    -0.930234D-02  0.200799D-01 -0.188227D-01  0.891983D-01
     15    -0.130135D-03  0.271738D-03 -0.897659D-04  0.326016D-03  0.861331D-03
     16    -0.502462D-03  0.574908D-03 -0.160642D-03  0.879826D-03 -0.184924D-03
     17    -0.166835D-02  0.165977D-02 -0.527245D-03  0.111606D-02  0.146563D-03
     18    -0.588127D-03  0.569661D-03 -0.153182D-04  0.404872D-04 -0.436684D-04
     19    -0.147661D-03  0.356389D-03  0.276775D-04 -0.343723D-04 -0.140618D-03
     20    -0.107450D-02  0.102108D-02 -0.342174D-03  0.120217D-02 -0.139821D-04
     21     0.487102D-04 -0.589209D-04  0.211317D-04 -0.126680D-03  0.868483D-05
     22    -0.131214D-02  0.121707D-02 -0.334097D-03  0.850915D-03  0.472801D-04
     23    -0.140936D-02  0.132839D-02 -0.442218D-03  0.129701D-02  0.858256D-05
     24    -0.429495D-03  0.158013D-02  0.223437D-03 -0.134950D-03  0.281900D-03
     25     0.829793D-04  0.323571D-03 -0.691089D-04  0.332373D-03 -0.120782D-03
     26    -0.548568D-03  0.565025D-03 -0.107127D-03  0.465685D-03  0.720178D-05
     27    -0.477465D-03  0.240109D-03  0.105752D-04 -0.173723D-04 -0.162738D-03
     28    -0.607864D-03  0.334766D-03 -0.133912D-03  0.437017D-03 -0.802817D-04
     29    -0.136334D-02  0.136943D-02 -0.298670D-03  0.645059D-03  0.139510D-03
     30    -0.110162D-02  0.889312D-03 -0.269734D-03 -0.993369D-04 -0.377701D-04
     31    -0.199769D-02  0.244687D-02 -0.743546D-03  0.241646D-02 -0.159756D-03
     32    -0.597673D-03  0.611099D-03 -0.151627D-03  0.217094D-03  0.731100D-04
     33    -0.324902D-03  0.581679D-04 -0.160862D-04 -0.167597D-03  0.172203D-04
     34    -0.653093D-03  0.471124D-03 -0.129442D-03  0.682090D-03  0.344828D-06
     35    -0.596994D-03  0.531845D-03 -0.231460D-03  0.384905D-03  0.301411D-04
     36    -0.255748D-02  0.213260D-02 -0.565898D-03  0.183730D-02 -0.182099D-03
     37    -0.109803D-03 -0.148771D-05  0.169832D-04 -0.135651D-03  0.190697D-04
     38    -0.158953D-04  0.199436D-04 -0.165616D-04  0.547546D-04  0.117537D-04
     39     0.283744D-03 -0.377042D-03  0.156044D-03 -0.311728D-04 -0.977650D-03
     40     0.735296D-03 -0.175244D-02  0.222528D-03 -0.142797D-02  0.250029D-03
     41     0.170908D-02 -0.373889D-02  0.779706D-03 -0.168916D-02 -0.239549D-03
     42     0.599709D-03 -0.138563D-02  0.694145D-04 -0.559026D-03  0.655030D-04
     43     0.369886D-03 -0.158347D-02  0.875762D-04 -0.636069D-03  0.170648D-03
     44     0.100648D-02 -0.278463D-02  0.556704D-03 -0.273208D-02  0.398564D-04
     45    -0.623759D-04  0.199996D-03 -0.572186D-04  0.398364D-03 -0.145355D-04
     46     0.123376D-02 -0.347248D-02  0.677592D-03 -0.338924D-02 -0.179161D-04
     47     0.129231D-02 -0.328389D-02  0.481136D-03 -0.172791D-02 -0.956591D-04
     48     0.253990D-02 -0.289634D-02 -0.833590D-04  0.511640D-03 -0.255948D-03
     49     0.625155D-03 -0.114345D-02 -0.441796D-03 -0.708855D-04  0.214144D-03
     50     0.551251D-03 -0.145329D-02  0.229646D-03 -0.107474D-02 -0.230274D-04
     51     0.220331D-03 -0.576708D-03 -0.242073D-05 -0.305904D-03  0.150297D-03
     52     0.294547D-03 -0.147626D-02  0.105514D-03 -0.841335D-03  0.663696D-04
     53     0.132929D-02 -0.281256D-02  0.297510D-03 -0.780449D-03 -0.121980D-03
     54     0.864471D-03 -0.170809D-02  0.169915D-03 -0.248243D-04  0.289266D-04
     55     0.243405D-02 -0.669846D-02  0.973158D-03 -0.582102D-02  0.152131D-03
     56     0.568247D-03 -0.136448D-02  0.330446D-03 -0.705227D-03 -0.126155D-03
     57     0.373903D-04 -0.101161D-03  0.122624D-03 -0.606563D-03 -0.480589D-04
     58     0.501672D-03 -0.789794D-03  0.262830D-04 -0.610647D-03  0.501831D-04
     59     0.511845D-03 -0.147521D-02  0.327033D-03 -0.160585D-02 -0.240292D-04
     60     0.222879D-02 -0.498815D-02  0.904142D-03 -0.415659D-02  0.138978D-03
     61    -0.361364D-05  0.885544D-05  0.743030D-04  0.234446D-03 -0.332776D-04
     62     0.215862D-04 -0.154991D-05  0.201545D-04 -0.749673D-04 -0.126870D-04
     63    -0.169845D-04  0.346988D-03  0.793587D-03 -0.758872D-02 -0.612983D-04
     64    -0.751651D-04  0.171716D-03 -0.890309D-04 -0.567656D-03  0.279130D-03
     65    -0.122840D-03  0.129508D-03 -0.560816D-03  0.175330D-02 -0.691107D-04
     66    -0.588915D-03  0.923815D-03 -0.142847D-02  0.265329D-02  0.851536D-04
     67    -0.560238D-04  0.116824D-03 -0.198152D-03  0.378798D-03  0.160554D-04
     68    -0.211338D-04  0.103117D-03 -0.350925D-04 -0.573006D-03 -0.323594D-04
     69    -0.321605D-03  0.515723D-03 -0.100866D-02  0.198466D-02  0.184599D-05
     70     0.133390D-04 -0.463485D-04  0.491485D-04 -0.107105D-03  0.441480D-05
     71    -0.341278D-03  0.703969D-03 -0.107769D-02 -0.211519D-04  0.654239D-05
     72    -0.369456D-03  0.284836D-03 -0.129725D-02  0.269557D-02 -0.146467D-04
     73     0.267167D-03 -0.221975D-03  0.918691D-03 -0.267587D-02  0.368301D-04
     74     0.368020D-04 -0.238831D-03  0.271666D-03 -0.132039D-02 -0.383229D-04
     75    -0.107627D-03  0.192377D-03 -0.533399D-03  0.105950D-02 -0.824894D-05
     76     0.444164D-05  0.273972D-04 -0.216579D-03  0.576248D-03 -0.426959D-04
     77    -0.928505D-04  0.952295D-04 -0.544099D-03  0.724153D-03 -0.523751D-04
     78    -0.362395D-03  0.416132D-03 -0.102698D-02  0.128818D-02  0.268161D-04
     79    -0.322336D-03  0.216712D-03 -0.888898D-03  0.216692D-02  0.242289D-04
     80    -0.717904D-03  0.940165D-03 -0.230572D-02  0.495549D-02 -0.740032D-04
     81    -0.157528D-03  0.212430D-03 -0.355971D-03  0.198799D-02  0.265773D-04
     82    -0.179168D-04  0.195180D-03 -0.212704D-03 -0.877589D-04 -0.393584D-04
     83    -0.174667D-03  0.763638D-04 -0.837609D-03  0.305826D-02  0.388490D-04
     84    -0.269474D-03  0.296398D-03 -0.696841D-03  0.207178D-02  0.465393D-04
     85    -0.538380D-03  0.982435D-03 -0.172888D-02  0.232869D-02 -0.190936D-04
     86     0.164508D-04  0.112306D-03 -0.661385D-04  0.325397D-03  0.490172D-06
     87    -0.818678D-05  0.879077D-05 -0.243570D-04  0.651133D-04  0.556989D-05
     88     0.804411D-03 -0.263105D-02 -0.257213D-02  0.220039D-01  0.263986D-03
     89    -0.205968D-02  0.582947D-02  0.294837D-02 -0.842540D-01 -0.214033D-03
     90     0.531994D-03 -0.242327D-02 -0.164506D-02 -0.973041D-02  0.162875D-03
     91     0.648814D-03 -0.141314D-02 -0.186997D-03  0.256585D-02 -0.906467D-03
     92     0.641302D-03 -0.115413D-02  0.914250D-03 -0.964707D-02  0.222966D-03
     93     0.175264D-02 -0.370625D-02  0.244715D-02 -0.902903D-02 -0.201804D-03
     94     0.420129D-03 -0.138872D-02 -0.100309D-03  0.539377D-02  0.304968D-04
     95     0.194934D-03 -0.718013D-03  0.547229D-03  0.378384D-02  0.545781D-04
     96     0.834647D-03 -0.205811D-02  0.202665D-02 -0.111339D-01  0.164196D-04
     97    -0.512003D-04  0.176996D-03 -0.108672D-03  0.902608D-03 -0.145994D-04
     98     0.134821D-02 -0.379821D-02  0.184549D-02  0.223631D-02  0.186063D-04
     99     0.120643D-02 -0.220481D-02  0.212562D-02 -0.433214D-02 -0.453581D-05
    100     0.969438D-03 -0.556872D-03 -0.174803D-02  0.325466D-02 -0.166802D-03
    101     0.285582D-03 -0.788824D-03 -0.137694D-02  0.814701D-02  0.223385D-03
    102     0.520191D-03 -0.123522D-02  0.919477D-03 -0.310169D-02  0.266308D-04
    103    -0.983536D-04  0.133658D-04  0.421925D-03 -0.533343D-02  0.129654D-03
    104     0.142855D-03 -0.159356D-03  0.946453D-03 -0.530091D-02  0.132649D-03
    105     0.775865D-03 -0.599233D-03  0.223134D-02  0.393741D-02 -0.218876D-03
    106     0.486915D-03 -0.189362D-03  0.167117D-02 -0.154264D-01 -0.779130D-04
    107     0.256714D-02 -0.593858D-02  0.377433D-02 -0.117412D-01  0.191461D-03
    108     0.516105D-04  0.305345D-03  0.151170D-02 -0.188518D-01 -0.188892D-03
    109     0.112868D-04 -0.245360D-03  0.542617D-03 -0.536759D-03  0.476571D-04
    110     0.247518D-03  0.332679D-03  0.190251D-02 -0.178870D-01 -0.100363D-03
    111     0.533675D-03 -0.997602D-03  0.168934D-02 -0.122745D-01 -0.167543D-03
    112     0.214955D-02 -0.516531D-02  0.245967D-02  0.359244D-02  0.208850D-03
    113    -0.276635D-03  0.495507D-03  0.590858D-03 -0.516013D-02 -0.692155D-04
    114     0.240429D-04 -0.669273D-04  0.251419D-04  0.256675D-05 -0.155847D-04
    115    -0.301290D-03  0.280031D-03  0.229315D-03 -0.351944D-02 -0.272886D-04
    116     0.240677D-03 -0.582495D-03 -0.261663D-03  0.631165D-02  0.148034D-04
    117    -0.401654D-03  0.999395D-03  0.218474D-03 -0.112488D-01  0.281449D-04
    118     0.986902D-04 -0.239574D-03 -0.213008D-03  0.372088D-02  0.245736D-04
    119    -0.537424D-04  0.167970D-03  0.855192D-04  0.169040D-02 -0.110597D-04
    120    -0.235990D-03  0.126498D-02  0.866525D-03 -0.311361D-02 -0.556479D-04


           ESTIMATED COVARIANCE MATRIX FOR PARAMETER ESTIMATES
                 16            17            18            19            20
              ________      ________      ________      ________      ________
     16     0.189979D-02
     17    -0.886832D-04  0.184532D-02
     18    -0.929906D-05  0.193906D-03  0.166802D-02
     19     0.450302D-04  0.137592D-03  0.851611D-03  0.242223D-02
     20     0.399730D-04  0.269665D-04 -0.675588D-04 -0.647050D-04  0.421108D-03
     21    -0.921055D-05  0.999980D-05  0.389398D-05 -0.827888D-05 -0.633237D-04
     22     0.257550D-04  0.221535D-03 -0.967836D-04 -0.864930D-04  0.208949D-03
     23     0.219002D-04 -0.828409D-04  0.205266D-03 -0.427144D-04  0.192619D-03
     24     0.241809D-03  0.346973D-03 -0.298369D-04 -0.706374D-03 -0.527211D-04
     25     0.148584D-03 -0.192288D-03  0.134072D-03  0.242563D-03 -0.108374D-03
     26    -0.157411D-05  0.741557D-04 -0.788046D-05 -0.320046D-04  0.360032D-06
     27    -0.121353D-03 -0.104042D-03  0.189153D-04  0.216379D-04  0.349092D-04
     28     0.201517D-04 -0.766629D-04 -0.159874D-03 -0.422311D-03  0.481457D-04
     29     0.505033D-04  0.101851D-03  0.730026D-04  0.428218D-04  0.129682D-04
     30    -0.265669D-04  0.134453D-03  0.143575D-04  0.104181D-03 -0.366042D-05
     31     0.411803D-04  0.263273D-04 -0.260510D-04 -0.478689D-04  0.998257D-04
     32    -0.110643D-03  0.566187D-04 -0.856877D-04  0.119472D-03 -0.157865D-04
     33    -0.357876D-04  0.175990D-04 -0.717348D-04 -0.150620D-03 -0.324588D-04
     34     0.132925D-03 -0.315891D-03  0.990635D-04 -0.102386D-03  0.122122D-03
     35    -0.561324D-05 -0.342568D-04  0.547306D-04 -0.354619D-04  0.383181D-04
     36     0.306095D-03  0.684403D-03  0.251691D-04 -0.188667D-03  0.180177D-04
     37     0.362965D-04  0.233301D-04  0.303924D-04 -0.371616D-04  0.307421D-05
     38    -0.108024D-05 -0.861550D-05  0.154192D-05  0.275690D-05 -0.282270D-05
     39     0.258285D-03 -0.238018D-03  0.471559D-04  0.123492D-03  0.188599D-04
     40    -0.190755D-02  0.953163D-04 -0.757034D-04 -0.511464D-04 -0.588844D-04
     41     0.151765D-03 -0.201398D-02 -0.134068D-03 -0.122019D-03 -0.923130D-05
     42    -0.338932D-04 -0.150864D-03 -0.175815D-02 -0.852163D-03  0.103769D-03
     43    -0.416935D-04 -0.127420D-03 -0.850060D-03 -0.246526D-02  0.104153D-03
     44    -0.486504D-04 -0.768261D-05  0.997993D-04  0.107699D-03 -0.451412D-03
     45     0.141062D-04 -0.143490D-04 -0.656754D-05  0.100103D-05  0.654320D-04
     46    -0.665642D-04 -0.352553D-03  0.144386D-03  0.538421D-04 -0.238019D-03
     47     0.756584D-04  0.164130D-03 -0.681429D-04  0.909296D-04 -0.215759D-03
     48    -0.407513D-03 -0.117126D-02  0.820503D-04  0.324517D-03  0.730813D-04
     49    -0.266865D-03  0.170207D-03 -0.178632D-03 -0.167315D-03  0.100567D-03
     50     0.178385D-04 -0.780946D-04  0.221739D-04  0.529127D-04 -0.416336D-05
     51     0.116179D-03  0.132564D-03 -0.443317D-04 -0.917694D-04 -0.167764D-04
     52    -0.599974D-04  0.200619D-03  0.154668D-03  0.328139D-03 -0.138236D-04
     53    -0.701503D-04 -0.108685D-03 -0.775958D-04 -0.771296D-04  0.787064D-05
     54    -0.646337D-04 -0.157952D-03 -0.331764D-05 -0.176358D-03  0.211623D-04
     55    -0.134655D-03  0.682327D-04 -0.686174D-04 -0.418452D-04 -0.115288D-03
     56     0.191568D-03 -0.189389D-03 -0.158815D-04 -0.278460D-03  0.636073D-04
     57     0.463012D-04  0.919442D-04  0.886350D-04  0.778373D-04  0.483310D-04
     58    -0.699082D-04  0.472936D-03 -0.534183D-04  0.131244D-03 -0.133737D-03
     59    -0.127674D-04  0.150575D-03 -0.613953D-05 -0.718972D-04 -0.599109D-04
     60    -0.308738D-03 -0.815629D-03 -0.498884D-04  0.730177D-04  0.554536D-04
     61    -0.699553D-04 -0.158652D-04 -0.679451D-04  0.355655D-04  0.246688D-04
     62    -0.159251D-05  0.651638D-05  0.232224D-05  0.727690D-05  0.277520D-05
     63     0.409969D-04  0.140344D-03  0.193185D-03  0.507147D-03 -0.125750D-03
     64    -0.533908D-04  0.990044D-04  0.616066D-05  0.619002D-04 -0.275538D-04
     65     0.531742D-03 -0.408420D-04 -0.421100D-04 -0.604483D-04  0.442145D-04
     66     0.423246D-05  0.637968D-03 -0.123746D-04 -0.195937D-04  0.965420D-06
     67    -0.282136D-05 -0.689270D-05  0.573975D-03  0.313418D-03 -0.204932D-04
     68     0.352724D-04 -0.184964D-04  0.321704D-03  0.816437D-03 -0.512591D-04
     69     0.267145D-04  0.665241D-06 -0.227462D-04 -0.459549D-04  0.136030D-03
     70    -0.117414D-05  0.726233D-05 -0.880146D-05 -0.323109D-05 -0.196915D-04
     71    -0.250837D-04  0.152329D-03 -0.105165D-03  0.106580D-03  0.154624D-04
     72     0.501232D-04 -0.534950D-04  0.561174D-04 -0.160783D-04  0.101649D-03
     73     0.644006D-04  0.814727D-05  0.120494D-05 -0.283671D-03 -0.984757D-04
     74     0.515334D-04 -0.571400D-04  0.163099D-03  0.158918D-03 -0.692512D-04
     75    -0.422541D-05  0.138833D-04 -0.231834D-04 -0.240751D-04  0.335622D-05
     76    -0.221310D-04 -0.326786D-04  0.149408D-04  0.869866D-05  0.101212D-04
     77     0.131307D-04 -0.947297D-04 -0.955417D-04 -0.149859D-03  0.946080D-05
     78    -0.203679D-04  0.538319D-04  0.716687D-04  0.887789D-04  0.869409D-05
     79    -0.789038D-04  0.318010D-04  0.169234D-04  0.366156D-04  0.338436D-05
     80     0.848314D-05 -0.204001D-04 -0.563285D-04 -0.106201D-03  0.338892D-04
     81    -0.721930D-04 -0.106252D-05  0.159032D-04  0.917547D-04 -0.733745D-05
     82    -0.421368D-04  0.254266D-04 -0.809808D-05 -0.290210D-04 -0.413612D-04
     83    -0.324308D-05 -0.142577D-03  0.499663D-05 -0.145695D-03  0.766256D-04
     84    -0.116224D-05 -0.381725D-05  0.798871D-06 -0.198262D-04  0.412507D-04
     85     0.787494D-04  0.308374D-03  0.585860D-06 -0.380099D-04  0.139162D-04
     86    -0.261673D-05 -0.143326D-04  0.283020D-04 -0.748109D-05 -0.755828D-06
     87    -0.466779D-06 -0.283569D-07 -0.391356D-05 -0.551641D-05  0.181497D-06
     88    -0.562678D-05 -0.431936D-03 -0.552729D-03 -0.119362D-02  0.361969D-03
     89    -0.163192D-03  0.112187D-02  0.394400D-03  0.142777D-02 -0.627031D-03
     90    -0.794205D-04 -0.115851D-03 -0.305255D-03 -0.107680D-02  0.784496D-04
     91     0.178799D-03 -0.371282D-03 -0.357292D-04 -0.281687D-03  0.999753D-04
     92    -0.177103D-02  0.173540D-03 -0.288630D-04  0.118876D-04 -0.169667D-03
     93     0.404339D-04 -0.198459D-02 -0.117048D-03 -0.356308D-03  0.636833D-04
     94    -0.436947D-04 -0.198936D-03 -0.186123D-02 -0.112704D-02  0.214678D-03
     95    -0.100024D-03 -0.179597D-03 -0.899325D-03 -0.245243D-02  0.171397D-03
     96    -0.104671D-03  0.117414D-03  0.183834D-03  0.241555D-03 -0.492607D-03
     97     0.198500D-04 -0.286601D-04  0.437055D-05  0.477994D-06  0.630770D-04
     98    -0.247161D-05 -0.493942D-03  0.261334D-03 -0.196295D-03 -0.131983D-03
     99    -0.644937D-04  0.300821D-03  0.377921D-04  0.345454D-03 -0.312526D-03
    100    -0.280202D-03 -0.548479D-03  0.724238D-04  0.686832D-03  0.187376D-03
    101    -0.343663D-03  0.136648D-04 -0.414994D-03 -0.415710D-03  0.272953D-03
    102     0.340614D-04 -0.119530D-03  0.315832D-04 -0.426926D-04  0.164499D-04
    103     0.443244D-04  0.163938D-03 -0.349111D-04 -0.580431D-05 -0.455924D-04
    104    -0.172113D-04  0.289724D-03  0.334066D-03  0.667555D-03 -0.963569D-04
    105     0.131299D-04 -0.295356D-05 -0.167338D-04  0.223866D-03  0.457149D-04
    106    -0.212626D-05  0.723871D-04 -0.181399D-04 -0.170039D-03 -0.245601D-04
    107    -0.993491D-04  0.395498D-04  0.237159D-04 -0.143423D-03 -0.685311D-04
    108     0.148606D-03  0.955542D-04  0.800747D-04 -0.692620D-04 -0.400927D-04
    109     0.140040D-04  0.125728D-03  0.563348D-04  0.147400D-03  0.462655D-04
    110    -0.633207D-04  0.664260D-03  0.661221D-04  0.528443D-03 -0.333545D-03
    111    -0.106736D-03  0.213368D-03  0.221120D-04  0.129642D-03 -0.195231D-03
    112    -0.367541D-03 -0.974327D-03 -0.166210D-03 -0.166302D-03  0.132053D-03
    113    -0.843722D-04  0.113281D-03 -0.776698D-06  0.291675D-03 -0.279538D-04
    114    -0.103486D-04  0.229769D-05  0.599223D-06 -0.375845D-05  0.661433D-05
    115     0.208402D-04  0.211617D-04 -0.364392D-05  0.781198D-05 -0.278478D-04
    116    -0.135156D-04 -0.867491D-04 -0.773277D-05 -0.937563D-04  0.651069D-04
    117    -0.146171D-04  0.196249D-03  0.304288D-04  0.226202D-03 -0.772982D-04
    118    -0.643390D-05 -0.562710D-04 -0.452262D-04 -0.121008D-03  0.356153D-04
    119     0.242928D-04  0.479954D-05  0.189919D-04  0.867488D-04 -0.491819D-05
    120    -0.537255D-04  0.997469D-04  0.895577D-04  0.340687D-03 -0.656824D-04


           ESTIMATED COVARIANCE MATRIX FOR PARAMETER ESTIMATES
                 21            22            23            24            25
              ________      ________      ________      ________      ________
     21     0.257376D-04
     22     0.998661D-05  0.258782D-02
     23     0.115112D-04  0.584812D-03  0.446053D-02
     24     0.352101D-04  0.403122D-03  0.399624D-03  0.287947D-01
     25    -0.481125D-04 -0.305169D-03  0.259174D-04  0.439989D-03  0.324777D-02
     26    -0.367419D-05  0.225766D-04  0.261250D-04  0.136551D-03 -0.500653D-05
     27    -0.220080D-05 -0.345475D-04 -0.680470D-04 -0.247991D-03 -0.968544D-04
     28    -0.215465D-04 -0.151053D-03  0.216116D-03 -0.992551D-04  0.593599D-04
     29    -0.769238D-06  0.176083D-04  0.914191D-05  0.448172D-03  0.370989D-05
     30     0.734535D-06  0.139707D-03 -0.776320D-04  0.106422D-03 -0.711684D-04
     31    -0.133906D-04 -0.424829D-04 -0.258582D-04 -0.225227D-03  0.497806D-03
     32    -0.538631D-05  0.214425D-04  0.172025D-03  0.456958D-03  0.444706D-04
     33    -0.937728D-05 -0.266678D-04  0.528853D-04  0.244708D-03  0.302603D-04
     34     0.960388D-05  0.600854D-04  0.217908D-03 -0.183398D-03 -0.154413D-03
     35    -0.207341D-05 -0.271119D-04 -0.892270D-04 -0.535822D-03 -0.910354D-04
     36    -0.374397D-05  0.152564D-03  0.101744D-03 -0.282929D-03  0.229650D-04
     37    -0.490247D-05 -0.389318D-04  0.473565D-04 -0.139136D-03 -0.121519D-03
     38     0.193189D-05 -0.333258D-05 -0.399866D-05 -0.210182D-04  0.500361D-05
     39    -0.120650D-04 -0.226511D-04 -0.150149D-03 -0.253002D-03  0.148657D-03
     40     0.111340D-04 -0.972503D-04  0.134722D-03 -0.316217D-03 -0.234959D-03
     41    -0.149429D-04 -0.349430D-03  0.200575D-03 -0.882472D-03  0.237765D-03
     42    -0.583286D-05  0.144699D-03 -0.492237D-04  0.827992D-04 -0.187982D-03
     43     0.190848D-05  0.511323D-04  0.117377D-03  0.543379D-03 -0.218047D-03
     44     0.656017D-04 -0.238217D-03 -0.241790D-03  0.555982D-04  0.123189D-03
     45    -0.270366D-04  0.192205D-05  0.445006D-05 -0.893116D-04  0.546906D-04
     46     0.124490D-05 -0.278599D-02 -0.540306D-03 -0.371578D-03  0.176464D-03
     47     0.871956D-06 -0.543684D-03 -0.481022D-02 -0.482230D-03 -0.833096D-04
     48    -0.137649D-03 -0.483668D-03 -0.491546D-03 -0.262275D-01 -0.182903D-02
     49     0.500543D-04  0.807668D-04 -0.783150D-04 -0.153591D-02 -0.380772D-02
     50     0.892183D-05 -0.437080D-06  0.238790D-05 -0.309238D-03 -0.296993D-04
     51     0.288158D-05  0.106578D-03  0.306814D-04  0.403960D-03  0.108556D-03
     52     0.168745D-04  0.190883D-03 -0.325811D-03  0.199989D-03 -0.147810D-03
     53    -0.223328D-05  0.292815D-04 -0.882901D-04 -0.506249D-03 -0.391592D-04
     54     0.206415D-05 -0.120029D-03  0.957019D-04 -0.218952D-03  0.338101D-04
     55     0.221696D-04  0.100717D-04 -0.314453D-04  0.551389D-04 -0.691390D-03
     56    -0.112689D-05 -0.846179D-04 -0.157567D-03 -0.871486D-03 -0.847479D-04
     57     0.389151D-05  0.973742D-04 -0.662849D-04 -0.383567D-03 -0.505896D-05
     58     0.777408D-05  0.627425D-04 -0.175969D-03  0.335167D-03  0.964349D-04
     59     0.938296D-05  0.982706D-04  0.108043D-03  0.891887D-03  0.136930D-03
     60     0.103067D-06 -0.144174D-03 -0.202694D-04  0.171844D-03 -0.169117D-03
     61    -0.931390D-06  0.921732D-04  0.153761D-05  0.180330D-03  0.206212D-03
     62    -0.213334D-05  0.214728D-05  0.810423D-05  0.292104D-04 -0.623799D-05
     63     0.158984D-04  0.315730D-04 -0.170354D-03  0.283348D-04  0.221010D-03
     64     0.848515D-05  0.201242D-04 -0.632524D-04  0.159012D-04  0.124393D-04
     65    -0.422110D-05 -0.268759D-04  0.744914D-04  0.334629D-05 -0.826443D-05
     66     0.672049D-05  0.107965D-03 -0.288480D-04 -0.379657D-04 -0.581450D-04
     67    -0.902140D-05 -0.146725D-03  0.569475D-04 -0.118350D-03  0.131451D-03
     68    -0.193844D-05 -0.693361D-05  0.878104D-05 -0.412799D-03  0.122127D-03
     69    -0.202353D-04  0.477927D-04  0.100376D-03 -0.672392D-04 -0.402761D-04
     70     0.854714D-05  0.292032D-05 -0.400595D-05  0.729357D-05 -0.267334D-04
     71     0.610650D-05  0.843078D-03  0.146693D-03  0.744733D-04 -0.602871D-04
     72    -0.488902D-05  0.178388D-03  0.165917D-02  0.685160D-04  0.413515D-04
     73     0.741772D-05  0.139566D-03  0.110123D-04  0.217011D-01  0.824622D-04
     74    -0.204966D-04 -0.125254D-03 -0.890836D-05  0.948480D-04  0.981146D-03
     75    -0.305205D-05 -0.976448D-05 -0.302831D-04  0.925168D-04  0.348752D-04
     76    -0.312953D-05 -0.380999D-04 -0.490935D-04 -0.821952D-04 -0.187125D-04
     77    -0.423235D-05 -0.164551D-04  0.116768D-03  0.469825D-04  0.616233D-04
     78    -0.918404D-06 -0.233455D-04 -0.170684D-03  0.229579D-03  0.513633D-04
     79     0.293689D-05  0.102591D-03 -0.665911D-04  0.868917D-04 -0.426294D-04
     80    -0.227533D-05  0.820241D-04  0.892719D-04 -0.935249D-04  0.932458D-04
     81    -0.301481D-05  0.659501D-04  0.308276D-04 -0.662205D-04 -0.118505D-05
     82    -0.355115D-05  0.543029D-04  0.986520D-05 -0.877554D-04  0.938894D-04
     83    -0.310807D-05  0.541169D-04  0.729506D-05 -0.166352D-03 -0.118860D-03
     84    -0.251041D-06  0.260458D-04 -0.229249D-04 -0.195399D-03 -0.146525D-03
     85    -0.989742D-05 -0.404407D-04  0.137457D-03 -0.696067D-04  0.720864D-04
     86    -0.777214D-06 -0.240996D-04 -0.235032D-04 -0.667380D-04 -0.312049D-04
     87     0.670460D-06 -0.586949D-05 -0.670906D-05 -0.992432D-05  0.294848D-05
     88    -0.496535D-04  0.823786D-04  0.694864D-03 -0.133993D-02 -0.123610D-03
     89     0.150598D-03  0.628344D-03 -0.113937D-04  0.331288D-02 -0.193385D-03
     90     0.137385D-04  0.181898D-03  0.591287D-03 -0.947854D-03 -0.618496D-04
     91    -0.198474D-04 -0.352916D-04  0.207242D-03 -0.511679D-03  0.886674D-04
     92     0.348728D-04  0.155987D-04 -0.277163D-04  0.107067D-04 -0.177672D-03
     93    -0.203086D-04 -0.309713D-03  0.389562D-03 -0.655989D-03  0.977260D-04
     94    -0.837727D-05  0.342912D-03  0.626295D-04 -0.682658D-04 -0.270602D-03
     95    -0.112748D-04  0.383095D-04  0.141222D-03  0.969119D-03 -0.165996D-03
     96     0.699554D-04 -0.212191D-03 -0.330363D-03  0.375090D-03  0.170553D-03
     97    -0.265377D-04  0.373927D-05  0.362458D-05 -0.911987D-04  0.579066D-04
     98    -0.103506D-04 -0.274800D-02 -0.431026D-03 -0.653359D-03  0.331938D-03
     99     0.619809D-05 -0.579993D-03 -0.569212D-02 -0.263448D-03 -0.445065D-05
    100    -0.886984D-04 -0.394937D-03 -0.147804D-03 -0.488901D-01 -0.964647D-03
    101     0.367232D-04  0.322807D-03  0.147678D-03 -0.191472D-02 -0.381213D-02
    102     0.877235D-05  0.402629D-04  0.743986D-04 -0.464187D-03 -0.865138D-04
    103     0.133697D-04  0.154010D-03  0.215178D-04  0.550373D-03  0.100533D-03
    104     0.286112D-04  0.114925D-03 -0.603155D-03  0.269769D-03 -0.167112D-03
    105    -0.126916D-04 -0.135053D-04  0.726622D-04 -0.349655D-03 -0.174157D-03
    106     0.168305D-04 -0.194363D-03  0.425888D-03 -0.469238D-04 -0.232875D-04
    107     0.965810D-05 -0.176844D-03 -0.175945D-03 -0.273752D-03 -0.546150D-03
    108     0.319727D-04 -0.855963D-04 -0.148897D-03  0.241218D-03 -0.152347D-03
    109     0.162856D-04 -0.803371D-04 -0.147516D-03  0.298952D-05 -0.498178D-04
    110     0.344944D-04  0.552027D-04 -0.348059D-03  0.125778D-02  0.258500D-03
    111     0.275981D-04  0.239257D-04  0.100984D-03  0.116644D-02  0.158521D-03
    112    -0.720204D-06  0.208222D-04 -0.196006D-03 -0.360965D-03 -0.171415D-03
    113     0.933246D-05  0.837176D-04 -0.161692D-06  0.568987D-03  0.125250D-03
    114    -0.281282D-05  0.175319D-04  0.298554D-04  0.977401D-05  0.110104D-05
    115     0.174427D-05  0.317452D-04 -0.505030D-04  0.186442D-03 -0.378018D-04
    116    -0.114766D-04 -0.585506D-04  0.772337D-06 -0.338659D-03 -0.100649D-04
    117     0.260444D-04  0.135699D-03  0.178333D-03  0.637952D-03  0.175171D-05
    118    -0.499082D-05 -0.366247D-04  0.507677D-05 -0.872180D-04 -0.115662D-04
    119    -0.193407D-05 -0.162627D-04 -0.433364D-04  0.444115D-04 -0.506983D-05
    120     0.424091D-05 -0.157562D-04 -0.367361D-03  0.671957D-03 -0.465642D-04


           ESTIMATED COVARIANCE MATRIX FOR PARAMETER ESTIMATES
                 26            27            28            29            30
              ________      ________      ________      ________      ________
     26     0.265109D-03
     27    -0.494274D-04  0.407576D-03
     28    -0.836635D-05  0.903000D-04  0.169108D-02
     29     0.547687D-04  0.127874D-04 -0.511034D-04  0.192212D-02
     30     0.153361D-04 -0.603314D-05 -0.908047D-04  0.103909D-02  0.170155D-02
     31    -0.663983D-04 -0.171206D-05  0.357999D-03 -0.622383D-04 -0.148308D-03
     32     0.182677D-04  0.549876D-04  0.640861D-04  0.123077D-03  0.104267D-03
     33     0.174136D-04  0.567126D-04  0.585689D-04  0.413170D-04  0.116237D-03
     34    -0.286406D-04  0.319744D-04 -0.731676D-04  0.432877D-04 -0.597654D-04
     35    -0.430294D-05  0.400518D-04 -0.200680D-03  0.257538D-04  0.399033D-04
     36     0.253991D-04  0.491254D-03 -0.225517D-03 -0.212192D-04  0.197587D-04
     37     0.226014D-05  0.171259D-04  0.135351D-04 -0.884446D-04  0.269121D-04
     38    -0.673107D-06 -0.174384D-04 -0.670284D-04  0.119457D-04  0.523023D-05
     39    -0.767971D-05  0.164698D-03  0.709656D-04 -0.138894D-03  0.430821D-04
     40     0.825560D-05  0.826190D-04 -0.507779D-04 -0.110130D-03 -0.634989D-04
     41    -0.829459D-04  0.110341D-03  0.187469D-03 -0.136016D-03 -0.165895D-03
     42     0.103156D-04 -0.591467D-04  0.154740D-03 -0.960670D-04 -0.298668D-04
     43     0.464167D-04 -0.111210D-03  0.320268D-03 -0.797948D-04 -0.169089D-03
     44    -0.830542D-05 -0.157848D-04 -0.920833D-05  0.920661D-05  0.248863D-04
     45     0.110164D-04  0.200017D-05  0.153027D-04 -0.348239D-05  0.286747D-05
     46    -0.258996D-05  0.903436D-04  0.204273D-03  0.609882D-04 -0.127140D-03
     47    -0.135064D-04  0.353623D-04 -0.292116D-03  0.104217D-04  0.162987D-03
     48    -0.374855D-03  0.475563D-03  0.208072D-03 -0.762743D-03 -0.382094D-03
     49    -0.448030D-04  0.599189D-04 -0.154189D-03 -0.703931D-04  0.185697D-04
     50    -0.293926D-03  0.515844D-04 -0.794507D-05 -0.419278D-04 -0.807978D-05
     51     0.527642D-04 -0.348379D-03 -0.888207D-04  0.359833D-05  0.430812D-04
     52    -0.118189D-04 -0.619492D-04 -0.174072D-02  0.936369D-04  0.172966D-03
     53    -0.432657D-04  0.190991D-04  0.438469D-04 -0.206240D-02 -0.103068D-02
     54    -0.918438D-05  0.728300D-04  0.162141D-03 -0.106457D-02 -0.177306D-02
     55     0.810820D-04  0.273040D-05 -0.373573D-03  0.216825D-04  0.199171D-03
     56    -0.529977D-04 -0.506422D-05  0.701830D-04 -0.184218D-03 -0.763690D-04
     57     0.169770D-04 -0.697572D-04  0.729316D-05  0.570452D-04 -0.116899D-05
     58     0.424031D-04 -0.765401D-04  0.710188D-04 -0.483410D-04  0.104069D-03
     59     0.322612D-04 -0.180718D-04  0.224731D-03 -0.329214D-04 -0.154862D-04
     60    -0.395990D-04 -0.369362D-03  0.386138D-03 -0.363718D-04 -0.193724D-05
     61     0.118995D-04 -0.376646D-05 -0.256712D-04  0.148722D-03 -0.496123D-04
     62     0.220898D-05  0.169312D-04  0.715535D-04 -0.696482D-05  0.876023D-06
     63     0.445943D-04 -0.294896D-04 -0.220397D-03  0.128018D-03  0.181254D-03
     64    -0.573668D-05 -0.338428D-04 -0.855835D-04  0.502520D-04  0.476127D-04
     65    -0.113424D-04 -0.171340D-04  0.393709D-04 -0.652194D-04 -0.948070D-04
     66     0.248810D-04 -0.338516D-04 -0.922522D-04  0.452940D-04  0.371303D-04
     67    -0.132193D-04  0.233389D-04 -0.918083D-04  0.501636D-04  0.350978D-04
     68    -0.139634D-04  0.273431D-04 -0.157362D-03  0.558513D-04  0.104381D-03
     69     0.629481D-06  0.104275D-05  0.610584D-05  0.573810D-05 -0.224180D-04
     70    -0.191718D-05 -0.103551D-05 -0.458457D-05 -0.204577D-05  0.390986D-05
     71     0.574174D-05 -0.473890D-04 -0.711160D-04 -0.256968D-04  0.133158D-03
     72    -0.403565D-04 -0.572428D-04  0.137565D-03 -0.188016D-03 -0.847191D-04
     73     0.243442D-04 -0.535720D-04 -0.516224D-04  0.236712D-03  0.138796D-03
     74     0.355278D-04 -0.317438D-04  0.509923D-04  0.124108D-04 -0.133326D-04
     75     0.777903D-04 -0.190986D-04 -0.170350D-05 -0.201723D-04  0.646052D-05
     76    -0.176328D-04  0.828551D-04  0.215908D-04 -0.679207D-05 -0.397219D-04
     77    -0.110475D-04  0.214109D-04  0.543752D-03  0.337513D-04 -0.314785D-04
     78    -0.202462D-04 -0.901620D-05  0.861130D-05  0.579697D-03  0.354741D-03
     79    -0.177380D-04 -0.115372D-04  0.158771D-05  0.292384D-03  0.551903D-03
     80    -0.158701D-04 -0.126434D-04  0.182841D-03  0.458494D-04 -0.102874D-04
     81    -0.607858D-06  0.367548D-05  0.557198D-04  0.482664D-04  0.453866D-04
     82     0.711692D-05  0.618848D-05  0.271872D-04  0.384659D-04  0.195999D-04
     83    -0.554918D-04  0.149939D-05  0.793612D-04 -0.294247D-05 -0.589098D-04
     84    -0.194993D-04  0.976992D-05 -0.362806D-04 -0.195557D-04  0.100782D-04
     85     0.211144D-05  0.645361D-04 -0.132230D-03 -0.107216D-03 -0.107792D-03
     86    -0.647964D-05  0.685779D-05 -0.153172D-04 -0.262519D-04 -0.722950D-05
     87    -0.933704D-06 -0.837703D-05 -0.247563D-04  0.532407D-06 -0.187170D-05
     88    -0.231459D-03 -0.243226D-04  0.105119D-02 -0.750987D-03 -0.111415D-02
     89     0.169355D-03 -0.428743D-04 -0.113471D-02  0.158010D-02  0.271679D-02
     90    -0.282959D-03 -0.547646D-04  0.128839D-02 -0.734882D-03 -0.609390D-03
     91    -0.580183D-04  0.953282D-04  0.467429D-03 -0.445579D-03 -0.359212D-03
     92     0.361041D-04  0.204843D-04 -0.585151D-04  0.628733D-04  0.217256D-03
     93    -0.149506D-03  0.106628D-03  0.439587D-03 -0.242259D-03 -0.230062D-03
     94     0.126865D-04 -0.551357D-04  0.467342D-03 -0.328423D-03 -0.372160D-03
     95     0.965857D-04 -0.631548D-04  0.227503D-03 -0.110652D-03 -0.248962D-03
     96     0.182849D-04 -0.190720D-05 -0.100942D-03  0.129798D-03  0.233518D-03
     97     0.927652D-05  0.398591D-05  0.154467D-04  0.280307D-05 -0.101304D-04
     98    -0.239063D-04  0.138273D-03  0.346317D-03 -0.816872D-04 -0.586282D-03
     99     0.654681D-04  0.588541D-04 -0.659467D-03  0.469407D-03  0.496172D-03
    100    -0.255890D-03  0.313423D-03  0.237818D-03 -0.706943D-03 -0.554637D-03
    101    -0.145416D-03  0.157523D-03  0.551061D-04 -0.292283D-03 -0.161174D-03
    102    -0.317790D-03  0.633780D-04  0.110895D-03 -0.594821D-04 -0.991436D-04
    103     0.705236D-04 -0.269310D-03 -0.118554D-03  0.107663D-03  0.262837D-03
    104     0.551400D-04 -0.631804D-04 -0.204517D-02  0.197362D-03  0.361505D-03
    105     0.126438D-03  0.892828D-04 -0.510246D-03 -0.178752D-02 -0.964369D-03
    106     0.428696D-05  0.115937D-03  0.106895D-03 -0.943447D-03 -0.155085D-02
    107    -0.121113D-05  0.240421D-04 -0.163131D-03 -0.234299D-03 -0.766635D-04
    108     0.235798D-04  0.354040D-05 -0.245315D-03  0.119488D-03  0.395310D-03
    109     0.550173D-04 -0.726123D-04 -0.149046D-03  0.356684D-04  0.637879D-05
    110     0.155375D-03 -0.469553D-04 -0.391839D-03  0.215995D-03  0.631764D-03
    111     0.859422D-04  0.109430D-05  0.879584D-04  0.132386D-03  0.317453D-03
    112    -0.420352D-04 -0.267105D-03  0.545988D-03  0.803031D-05 -0.965845D-04
    113     0.700997D-04  0.395829D-06 -0.276202D-03  0.294772D-03  0.239107D-03
    114    -0.855333D-06  0.220856D-04  0.104594D-03 -0.196992D-04 -0.151461D-04
    115     0.356121D-04  0.259973D-04 -0.176263D-04  0.105696D-03  0.157714D-03
    116    -0.244090D-04 -0.497715D-05  0.830186D-04 -0.135967D-03 -0.217031D-03
    117     0.173728D-04 -0.976296D-05 -0.166367D-03  0.194829D-03  0.365363D-03
    118    -0.108486D-04  0.120901D-05  0.580610D-04 -0.793339D-04 -0.111558D-03
    119     0.207174D-04  0.100743D-04 -0.699312D-04  0.407625D-04  0.184673D-04
    120     0.125391D-03  0.305185D-05 -0.555437D-03  0.419419D-03  0.513799D-03


           ESTIMATED COVARIANCE MATRIX FOR PARAMETER ESTIMATES
                 31            32            33            34            35
              ________      ________      ________      ________      ________
     31     0.229535D-02
     32     0.107248D-04  0.176881D-02
     33    -0.611593D-04  0.594089D-03  0.182072D-02
     34    -0.999765D-05 -0.445829D-03  0.103922D-03  0.324157D-02
     35     0.145180D-03 -0.558894D-04 -0.192672D-04  0.496633D-03  0.163371D-02
     36     0.486192D-04 -0.873700D-04 -0.155052D-03  0.199204D-04  0.831648D-04
     37     0.121820D-04  0.202254D-04  0.420303D-04 -0.224208D-04 -0.527817D-04
     38    -0.239925D-04 -0.108917D-04 -0.111867D-04 -0.579679D-05 -0.284369D-05
     39     0.144773D-03 -0.131320D-03 -0.162620D-04  0.948306D-04 -0.108271D-04
     40    -0.122323D-03  0.190458D-03  0.474744D-04 -0.116403D-03 -0.642876D-04
     41     0.574637D-04 -0.208198D-03  0.532415D-04  0.489923D-03  0.162239D-03
     42    -0.634184D-04 -0.249255D-04  0.771624D-04 -0.175478D-04 -0.333156D-05
     43    -0.498459D-04 -0.259541D-03  0.116952D-03  0.113079D-03 -0.524658D-04
     44    -0.113081D-03  0.569335D-04  0.560608D-04 -0.127318D-03 -0.742383D-04
     45     0.226361D-04  0.528685D-06  0.993333D-06  0.659603D-05  0.124846D-04
     46     0.147546D-04 -0.864049D-04  0.130914D-03  0.550756D-04  0.537709D-04
     47    -0.618455D-05 -0.140581D-03 -0.294748D-04 -0.176731D-03  0.799944D-04
     48    -0.708914D-04 -0.122606D-02 -0.365827D-03  0.513787D-03  0.108106D-02
     49    -0.726523D-03 -0.765590D-04  0.845181D-04  0.133959D-03  0.837746D-04
     50     0.775632D-04 -0.422892D-04  0.148949D-04  0.438457D-04  0.369128D-04
     51     0.605679D-05 -0.950434D-05 -0.679524D-04 -0.621789D-04 -0.268479D-04
     52    -0.381999D-03  0.811087D-04  0.223683D-04  0.728566D-04  0.226953D-03
     53    -0.182977D-04 -0.225723D-03  0.112460D-05 -0.200868D-04 -0.560236D-05
     54     0.184297D-03 -0.596310D-04 -0.694137D-05  0.918935D-04  0.337391D-04
     55    -0.274696D-02  0.164269D-04  0.666658D-04 -0.137679D-03 -0.215819D-03
     56     0.349615D-04 -0.194653D-02 -0.603733D-03  0.464779D-03  0.208505D-06
     57     0.751693D-04 -0.677656D-03 -0.188919D-02 -0.127415D-03  0.320839D-04
     58    -0.121848D-03  0.442007D-03 -0.154766D-03 -0.325562D-02 -0.542873D-03
     59    -0.188809D-03 -0.111960D-04  0.251384D-04 -0.582476D-03 -0.175162D-02
     60    -0.297688D-04  0.118951D-03  0.218129D-03  0.686828D-04  0.242113D-04
     61    -0.310898D-05  0.146819D-05 -0.861731D-04 -0.436847D-04  0.806583D-04
     62     0.257894D-04  0.131434D-04  0.116029D-04  0.183514D-05 -0.627930D-05
     63    -0.948152D-04  0.101031D-03 -0.882454D-04 -0.153160D-03  0.248688D-03
     64    -0.759317D-04  0.559931D-04 -0.206787D-04  0.349473D-04  0.900228D-04
     65     0.196846D-04 -0.672309D-04 -0.297791D-04  0.220735D-04 -0.280565D-04
     66    -0.510365D-05  0.388081D-04 -0.236570D-05 -0.975086D-04  0.452707D-04
     67    -0.527279D-04  0.464103D-04  0.216206D-04  0.786347D-04  0.547247D-05
     68    -0.629301D-04  0.195717D-03 -0.309152D-04 -0.351417D-05  0.793743D-04
     69     0.227848D-04 -0.278693D-04 -0.362554D-04  0.318795D-04  0.179667D-04
     70    -0.618545D-06  0.107399D-06 -0.102406D-05  0.512065D-05  0.459319D-05
     71     0.717244D-04  0.965370D-04  0.614346D-04 -0.155560D-04  0.128681D-03
     72     0.720056D-04 -0.695503D-05  0.413634D-04 -0.512751D-04 -0.897504D-04
     73    -0.124433D-03 -0.117905D-04  0.899688D-05 -0.125504D-03 -0.147307D-03
     74     0.109006D-03  0.510268D-04  0.607474D-04 -0.969315D-04 -0.835229D-04
     75    -0.100365D-04  0.533821D-05  0.476312D-05 -0.362359D-04 -0.170749D-04
     76    -0.681312D-05 -0.133264D-04 -0.446863D-05 -0.101692D-04 -0.987866D-05
     77     0.164621D-03 -0.530369D-05 -0.611410D-05  0.322086D-05 -0.746560D-04
     78     0.374146D-04  0.105830D-03  0.654541D-06 -0.154156D-04 -0.219309D-05
     79     0.261902D-04  0.591341D-04 -0.892478D-05 -0.970823D-05 -0.229630D-04
     80     0.791595D-03 -0.299650D-04  0.358772D-04  0.431785D-04  0.371385D-04
     81     0.588636D-05  0.589616D-03  0.226022D-03 -0.142736D-03 -0.600727D-04
     82     0.390651D-04  0.183356D-03  0.593205D-03  0.100896D-04  0.382853D-04
     83     0.841862D-04 -0.159150D-03  0.592974D-04  0.113901D-02  0.114892D-03
     84     0.740982D-04 -0.208417D-04  0.567527D-04  0.188934D-03  0.494651D-03
     85    -0.415266D-04 -0.726136D-04 -0.927878D-04 -0.122900D-03  0.206193D-04
     86     0.646915D-05 -0.677198D-05  0.147753D-05  0.358050D-05 -0.558577D-04
     87    -0.927876D-05 -0.588251D-05 -0.749578D-05  0.346123D-05 -0.401850D-06
     88     0.451528D-03 -0.498301D-03  0.582235D-03  0.102358D-03 -0.112193D-02
     89    -0.397834D-03  0.876621D-03  0.293448D-03  0.695817D-04  0.206383D-02
     90     0.596629D-03 -0.734334D-04  0.813252D-03 -0.427011D-03 -0.668906D-03
     91     0.277779D-03 -0.270676D-03  0.202002D-03 -0.180759D-03 -0.506881D-03
     92    -0.762631D-04  0.255361D-03  0.568924D-04 -0.122419D-03  0.636677D-04
     93     0.186018D-03 -0.227664D-03  0.222800D-03  0.335107D-03 -0.858835D-04
     94     0.164006D-03 -0.163324D-03 -0.210912D-04 -0.203040D-03 -0.287750D-03
     95    -0.529437D-05 -0.505148D-03 -0.901760D-04  0.166105D-03 -0.578113D-04
     96    -0.129244D-03  0.185408D-03  0.723216D-04 -0.154155D-03 -0.192010D-04
     97     0.125947D-04 -0.831074D-05 -0.335350D-05 -0.168939D-06  0.931444D-05
     98    -0.667812D-04 -0.312630D-03 -0.817930D-06  0.117170D-03 -0.453930D-03
     99    -0.250906D-03 -0.294543D-04 -0.219002D-03 -0.107287D-03  0.286785D-03
    100     0.305735D-03 -0.734210D-03 -0.343334D-03  0.386122D-03  0.792982D-03
    101    -0.454604D-03 -0.286036D-03  0.135270D-03  0.310385D-03 -0.923640D-04
    102     0.105101D-03 -0.362125D-04  0.904323D-04  0.595173D-04 -0.261796D-04
    103    -0.953443D-05  0.748347D-04 -0.212638D-04 -0.203538D-04  0.101929D-03
    104    -0.567527D-03  0.192921D-03 -0.940730D-05  0.120136D-03  0.453802D-03
    105    -0.262553D-03 -0.338787D-03 -0.420345D-03  0.116267D-03  0.173391D-03
    106     0.144557D-03 -0.158692D-04  0.450480D-04 -0.591328D-04  0.299085D-03
    107    -0.254583D-02 -0.723004D-04  0.620444D-04 -0.167649D-03 -0.469645D-03
    108    -0.151102D-03 -0.173981D-02 -0.679357D-03  0.525337D-03  0.463056D-03
    109    -0.102123D-03 -0.633106D-03 -0.200534D-02 -0.602779D-04  0.113275D-03
    110    -0.276217D-03  0.631765D-03 -0.292842D-03 -0.345161D-02 -0.604350D-04
    111    -0.314979D-03  0.123909D-03 -0.126313D-04 -0.594970D-03 -0.147340D-02
    112     0.105849D-03 -0.110893D-04  0.244220D-03  0.255955D-03 -0.339619D-03
    113    -0.136350D-03  0.647230D-04 -0.148046D-03  0.774709D-04  0.411880D-03
    114     0.397740D-04  0.113199D-04  0.206455D-04 -0.207281D-04 -0.304473D-04
    115    -0.714020D-05  0.151552D-03  0.176444D-04 -0.439658D-04  0.121147D-03
    116    -0.158254D-04 -0.149511D-03  0.884408D-06  0.548682D-04 -0.182917D-03
    117    -0.218184D-04  0.197258D-03  0.296116D-04 -0.253796D-04  0.219002D-03
    118     0.203619D-04 -0.470167D-05  0.146575D-05 -0.168276D-04 -0.114018D-03
    119    -0.422849D-04  0.235679D-04 -0.497230D-04  0.289889D-04  0.357903D-04
    120    -0.329143D-03  0.683822D-04 -0.276477D-03  0.180848D-03  0.390668D-03


           ESTIMATED COVARIANCE MATRIX FOR PARAMETER ESTIMATES
                 36            37            38            39            40
              ________      ________      ________      ________      ________
     36     0.279764D-02
     37     0.384985D-04  0.306235D-03
     38     0.905655D-05 -0.218584D-05  0.198595D-04
     39     0.148107D-03 -0.367811D-04 -0.131464D-04  0.261840D-02
     40    -0.348588D-03 -0.342030D-04  0.239075D-05 -0.678328D-03  0.456025D-02
     41    -0.824637D-03 -0.303110D-04  0.601109D-05  0.562151D-03 -0.244738D-03
     42    -0.757305D-04 -0.497774D-04  0.269792D-05 -0.208960D-03  0.155812D-03
     43     0.457985D-04  0.477668D-04  0.864409D-05 -0.305599D-03  0.103342D-03
     44     0.557704D-04  0.329878D-04  0.309434D-05 -0.904840D-04  0.172203D-03
     45     0.205174D-05 -0.248252D-05 -0.209801D-05  0.328659D-04 -0.344951D-04
     46    -0.184334D-03  0.896430D-04  0.215574D-05  0.140458D-04  0.340670D-03
     47    -0.122860D-03  0.151988D-04  0.634701D-05  0.242640D-03 -0.394019D-03
     48     0.953633D-04  0.281199D-03  0.243352D-04  0.925200D-03  0.110722D-02
     49    -0.281932D-03  0.177184D-03 -0.102580D-04 -0.566333D-03  0.794205D-03
     50    -0.285515D-04  0.853719D-05  0.157978D-05  0.124682D-04 -0.364583D-04
     51    -0.337354D-03 -0.728488D-05  0.183671D-04 -0.363932D-03 -0.216511D-03
     52     0.421529D-03 -0.124407D-04  0.698299D-04 -0.231921D-03  0.102984D-03
     53     0.349507D-04  0.125293D-03 -0.467402D-05  0.274529D-03  0.311317D-03
     54     0.646849D-04 -0.593631D-04 -0.147697D-05 -0.106802D-03  0.333066D-04
     55    -0.276340D-04 -0.103746D-04  0.249436D-04 -0.516662D-03  0.243629D-03
     56     0.131194D-03  0.471172D-05  0.138933D-04  0.272851D-03 -0.347966D-03
     57     0.262381D-03 -0.718481D-04  0.144015D-04 -0.877482D-04 -0.311646D-03
     58     0.670750D-04 -0.634225D-05  0.369651D-05 -0.339570D-03  0.225932D-03
     59     0.497362D-04  0.799711D-04 -0.763218D-05  0.613515D-04  0.135475D-03
     60    -0.274363D-02  0.109630D-04 -0.202929D-04 -0.357554D-03  0.897100D-03
     61     0.226948D-04 -0.361506D-03  0.308494D-05  0.119866D-03  0.307195D-04
     62    -0.229117D-04  0.263874D-05 -0.211619D-04  0.325115D-04  0.403140D-05
     63    -0.245522D-04  0.382139D-04 -0.183713D-04  0.188947D-04 -0.848819D-04
     64    -0.130545D-04  0.920195D-06  0.296394D-05 -0.441759D-03  0.712258D-04
     65     0.920979D-04 -0.119772D-04  0.207230D-05  0.176235D-03 -0.746413D-03
     66     0.315385D-03  0.573457D-05  0.181701D-07 -0.108196D-03  0.462267D-04
     67    -0.137849D-04  0.242290D-04 -0.477721D-05  0.143745D-05 -0.827026D-07
     68    -0.844932D-04 -0.107113D-05 -0.691938D-05  0.540513D-04 -0.641029D-04
     69     0.254048D-04 -0.434823D-05  0.101081D-05  0.832076D-05 -0.434841D-04
     70    -0.879828D-05  0.888565D-06  0.554142D-06 -0.937799D-05  0.824113D-05
     71    -0.453759D-04 -0.169542D-04 -0.970674D-05 -0.259499D-05 -0.286807D-04
     72     0.111415D-03 -0.117391D-04 -0.615486D-05 -0.978969D-04 -0.780955D-04
     73    -0.322134D-04  0.109044D-07 -0.117809D-04 -0.552852D-04 -0.433722D-05
     74    -0.649738D-06 -0.545880D-04 -0.864113D-06  0.241065D-04 -0.112507D-03
     75    -0.104795D-04 -0.218000D-05 -0.172885D-05  0.764704D-06  0.641339D-05
     76     0.821228D-04 -0.252027D-05 -0.508673D-05  0.576567D-04  0.192602D-04
     77    -0.125779D-03 -0.263530D-04 -0.252196D-04  0.756299D-04  0.151126D-04
     78    -0.128695D-03 -0.199668D-04  0.398336D-05 -0.380951D-04 -0.149140D-04
     79    -0.683971D-04 -0.128470D-05  0.542692D-05 -0.245792D-04  0.762940D-04
     80    -0.350428D-04 -0.729242D-06 -0.689592D-05  0.144561D-03 -0.808058D-05
     81    -0.655878D-04 -0.968967D-05 -0.673487D-06 -0.157162D-04  0.156371D-03
     82    -0.655295D-04 -0.123279D-05 -0.100919D-04  0.590388D-04  0.257160D-04
     83    -0.652380D-04 -0.185753D-04  0.746436D-05 -0.141879D-04  0.376576D-04
     84     0.164542D-04 -0.613612D-04  0.540712D-05 -0.638262D-04 -0.436305D-04
     85     0.827272D-03  0.228068D-04  0.734257D-05 -0.575870D-04 -0.108875D-03
     86     0.224081D-04  0.499651D-04  0.750430D-06 -0.295897D-05  0.131999D-04
     87     0.657869D-05 -0.237089D-06  0.911769D-05 -0.885908D-05 -0.173903D-05
     88    -0.458535D-03 -0.162159D-03  0.587614D-04 -0.125721D-03  0.307019D-03
     89     0.307797D-03  0.258643D-03 -0.106846D-03 -0.451504D-03 -0.546548D-03
     90    -0.619042D-03  0.478614D-04  0.202458D-04 -0.216925D-03  0.384526D-03
     91    -0.666452D-04 -0.570147D-04  0.138481D-05  0.219010D-02 -0.323813D-03
     92    -0.432368D-03  0.803865D-07 -0.127793D-04 -0.713778D-03  0.365700D-02
     93    -0.958882D-03 -0.290137D-04  0.749245D-05  0.429515D-03 -0.153579D-03
     94    -0.119628D-03 -0.908150D-04  0.152101D-04 -0.106932D-03  0.176438D-03
     95     0.239523D-03  0.267794D-04  0.123201D-04 -0.170761D-03  0.349296D-04
     96     0.530784D-04  0.444996D-04 -0.375461D-05 -0.127991D-03  0.169027D-03
     97     0.218894D-04 -0.352964D-05 -0.197550D-05  0.362020D-04 -0.426139D-04
     98    -0.315820D-04  0.166875D-04  0.336126D-04  0.139821D-03  0.391144D-03
     99    -0.175286D-03  0.462369D-04  0.195502D-04  0.147515D-03 -0.850734D-04
    100     0.707803D-04  0.110267D-03  0.142693D-04  0.609993D-03  0.532280D-03
    101    -0.239322D-03  0.167766D-03  0.226649D-04 -0.425570D-03  0.843441D-03
    102    -0.565058D-04  0.126847D-04  0.712043D-05 -0.137197D-04 -0.673317D-04
    103    -0.266931D-03  0.219523D-04  0.118166D-04 -0.351695D-03 -0.119101D-03
    104     0.435671D-03  0.227167D-04  0.791806D-04 -0.310910D-03 -0.345117D-04
    105     0.671988D-03  0.517270D-04 -0.159147D-04  0.366821D-03  0.158563D-04
    106     0.301049D-03  0.832147D-05 -0.245628D-04 -0.214650D-04 -0.675846D-04
    107    -0.680198D-04 -0.913671D-05  0.384675D-04 -0.527220D-03  0.309977D-03
    108     0.279857D-03  0.603573D-04 -0.106644D-04  0.125284D-03 -0.589909D-03
    109     0.262917D-03 -0.480378D-04  0.192577D-04 -0.141615D-03 -0.154860D-03
    110     0.332583D-03  0.114500D-03 -0.395112D-04 -0.290755D-03 -0.860424D-04
    111     0.113147D-03  0.200753D-03 -0.328186D-04  0.213022D-03  0.134542D-03
    112    -0.286182D-02 -0.437332D-04 -0.357261D-05 -0.258373D-03  0.878677D-03
    113     0.144980D-03 -0.307020D-03 -0.104903D-04  0.102411D-03 -0.475531D-04
    114    -0.244295D-04  0.451951D-06 -0.244721D-04  0.378448D-04  0.241749D-04
    115     0.110520D-03  0.186910D-04 -0.774806D-05 -0.219855D-04 -0.116989D-04
    116    -0.621496D-04 -0.399939D-04  0.125004D-04  0.683575D-04  0.475823D-04
    117     0.340629D-04  0.452102D-04 -0.184459D-04 -0.222405D-03 -0.142642D-04
    118    -0.442646D-04  0.399360D-05  0.457536D-05 -0.533922D-05  0.441790D-04
    119     0.579909D-04 -0.343318D-05 -0.179846D-05  0.729021D-05 -0.349888D-04
    120     0.194792D-03  0.371896D-04 -0.103054D-04  0.118159D-03 -0.157801D-03


           ESTIMATED COVARIANCE MATRIX FOR PARAMETER ESTIMATES
                 41            42            43            44            45
              ________      ________      ________      ________      ________
     41     0.478722D-02
     42     0.212164D-03  0.441920D-02
     43     0.150330D-03  0.204798D-02  0.602957D-02
     44     0.216042D-04 -0.298433D-03 -0.151543D-03  0.124436D-02
     45     0.504774D-04  0.150755D-05 -0.315176D-04 -0.175871D-03  0.711612D-04
     46     0.657896D-03 -0.175170D-03 -0.896925D-06  0.727031D-03 -0.458358D-04
     47    -0.338741D-03  0.101586D-03  0.823131D-04  0.471838D-03 -0.195297D-04
     48     0.232875D-02 -0.653608D-03 -0.191771D-02 -0.540591D-04  0.218066D-03
     49    -0.431567D-03  0.693635D-03  0.576700D-03 -0.445584D-03 -0.987077D-04
     50     0.201829D-03 -0.113610D-05 -0.267729D-04  0.146661D-04 -0.243725D-04
     51    -0.280576D-03  0.157767D-03  0.285889D-03  0.193492D-04 -0.117021D-05
     52    -0.483658D-03 -0.359502D-03 -0.422827D-03  0.786252D-04 -0.323817D-04
     53     0.146543D-03  0.208440D-03  0.171931D-05 -0.566288D-04 -0.982362D-05
     54     0.132348D-03 -0.123853D-04  0.276579D-04 -0.115591D-03 -0.513041D-05
     55    -0.234346D-03  0.135247D-03  0.359227D-03  0.290472D-03 -0.795246D-04
     56     0.308890D-03  0.159131D-04  0.628700D-03 -0.970156D-04  0.390224D-05
     57    -0.112155D-03 -0.268957D-03 -0.318422D-03 -0.751588D-04 -0.165282D-04
     58    -0.931092D-03  0.666245D-04 -0.248594D-03  0.260887D-03 -0.114913D-04
     59    -0.423003D-03  0.135780D-03  0.577901D-04  0.249161D-03 -0.471926D-04
     60     0.188492D-02  0.325627D-03  0.139812D-03 -0.169300D-03 -0.105057D-05
     61     0.219436D-04  0.106785D-03 -0.746662D-04 -0.688000D-04 -0.910912D-06
     62    -0.192133D-04 -0.535279D-05 -0.261216D-04 -0.641026D-05  0.321595D-05
     63    -0.445272D-03 -0.198042D-03 -0.578730D-03  0.182084D-03 -0.413242D-04
     64    -0.184325D-03  0.329839D-05 -0.352462D-04  0.295362D-04 -0.144140D-04
     65     0.152025D-03  0.733266D-04  0.831909D-04 -0.689262D-04  0.167122D-04
     66    -0.100763D-02 -0.491092D-05 -0.404268D-04 -0.810523D-05  0.312078D-06
     67    -0.804147D-05 -0.814717D-03 -0.447708D-03  0.702117D-04  0.715389D-05
     68    -0.440669D-04 -0.458177D-03 -0.122386D-02  0.908090D-04  0.320607D-05
     69    -0.418871D-05  0.723505D-04  0.705637D-04 -0.222862D-03  0.315776D-04
     70    -0.203286D-05  0.783129D-05  0.798835D-05  0.307965D-04 -0.119407D-04
     71    -0.340699D-03  0.661980D-04 -0.227988D-03 -0.710521D-04  0.499686D-05
     72     0.175860D-03  0.376975D-04  0.116549D-03 -0.131430D-03  0.265509D-05
     73    -0.201141D-03 -0.187294D-04  0.459818D-03  0.922803D-04 -0.212142D-05
     74     0.452122D-04 -0.152842D-03 -0.169477D-03  0.138968D-03  0.226892D-04
     75    -0.248915D-07 -0.107039D-05  0.206216D-04 -0.933704D-05  0.802353D-05
     76     0.538276D-04 -0.298272D-04 -0.363523D-04 -0.193419D-04  0.387783D-05
     77     0.161353D-03  0.129703D-03  0.208098D-03 -0.441779D-04  0.715163D-05
     78    -0.101120D-03 -0.786129D-04 -0.315742D-04  0.337748D-04 -0.596128D-05
     79    -0.267769D-05 -0.299652D-04 -0.359455D-04 -0.294516D-05  0.117867D-05
     80     0.145029D-04  0.100817D-04  0.571323D-04 -0.630420D-04  0.131698D-04
     81    -0.452374D-04 -0.815139D-04 -0.142728D-03  0.401753D-05  0.125327D-04
     82    -0.100662D-04  0.744692D-05  0.915114D-05  0.641701D-06  0.250110D-05
     83     0.353551D-03  0.547011D-04  0.200167D-03 -0.799961D-04  0.873838D-05
     84     0.121206D-03 -0.121181D-04 -0.739932D-04 -0.631081D-04  0.596808D-05
     85    -0.561539D-03  0.801905D-05 -0.217335D-05  0.845338D-05  0.490748D-05
     86     0.828236D-05 -0.506686D-04 -0.217132D-04 -0.275876D-04  0.752393D-05
     87     0.194467D-05  0.615307D-05  0.772239D-05  0.294361D-05 -0.158940D-05
     88     0.170830D-02  0.423418D-03  0.172165D-02 -0.478476D-03  0.139305D-03
     89    -0.435470D-02 -0.592161D-03 -0.294120D-02  0.851682D-03 -0.516925D-03
     90     0.725420D-03  0.234250D-03  0.171041D-02 -0.884158D-05 -0.520514D-04
     91     0.100986D-02 -0.122766D-03  0.361486D-03 -0.132189D-03  0.468324D-04
     92    -0.562539D-03  0.263705D-04 -0.119457D-03  0.262921D-03 -0.862607D-04
     93     0.439448D-02  0.850673D-04  0.528996D-03 -0.195029D-04  0.291798D-04
     94     0.494103D-03  0.385830D-02  0.221013D-02 -0.436883D-03  0.354168D-04
     95     0.172160D-03  0.183443D-02  0.514393D-02 -0.277780D-03  0.719742D-05
     96    -0.252341D-03 -0.401597D-03 -0.375694D-03  0.111058D-02 -0.165579D-03
     97     0.538843D-04 -0.103639D-04 -0.292656D-04 -0.140540D-03  0.567957D-04
     98     0.127667D-02 -0.275421D-03  0.555907D-03  0.566787D-03 -0.238695D-06
     99    -0.837892D-03 -0.218935D-03 -0.374538D-03  0.571247D-03 -0.150978D-04
    100     0.130198D-02 -0.491361D-03 -0.208278D-02 -0.181133D-03  0.101827D-03
    101     0.137728D-03  0.705565D-03  0.811429D-03 -0.583185D-03 -0.393341D-04
    102     0.208986D-03 -0.545525D-05  0.105347D-03  0.775328D-05 -0.284285D-04
    103    -0.470370D-03  0.188277D-03  0.133552D-03  0.620786D-04 -0.285728D-04
    104    -0.767631D-03 -0.517916D-03 -0.886733D-03  0.153502D-03 -0.522125D-04
    105    -0.170945D-03  0.311528D-03 -0.610089D-03 -0.229125D-03  0.406733D-04
    106    -0.547227D-03  0.136540D-03  0.345006D-04 -0.192695D-04 -0.751469D-04
    107     0.312513D-03  0.199997D-03  0.700097D-03  0.196810D-03 -0.418269D-04
    108    -0.576707D-03  0.315552D-04  0.891084D-04  0.344983D-04 -0.103942D-03
    109    -0.224554D-03 -0.134404D-03 -0.332954D-03  0.266942D-05 -0.218295D-04
    110    -0.197477D-02 -0.154389D-03 -0.101485D-02  0.474885D-03 -0.106245D-03
    111    -0.912070D-03  0.929523D-04 -0.162291D-03  0.347518D-03 -0.930587D-04
    112     0.238229D-02  0.331413D-03  0.685230D-03 -0.208548D-03  0.616486D-04
    113    -0.428941D-03  0.728458D-04 -0.476182D-03  0.657784D-04 -0.456846D-04
    114     0.335165D-05 -0.116174D-04 -0.488926D-05 -0.967127D-05  0.588392D-05
    115    -0.215450D-03 -0.114016D-04 -0.121213D-03  0.682181D-04 -0.215625D-04
    116     0.389246D-03  0.688786D-04  0.263547D-03 -0.881036D-04  0.438504D-04
    117    -0.677194D-03  0.441595D-04 -0.455549D-03  0.790709D-04 -0.780734D-04
    118     0.203376D-03  0.789168D-04  0.179506D-03 -0.512011D-04  0.204975D-04
    119    -0.232599D-04 -0.143105D-04 -0.154936D-03  0.242220D-05  0.761339D-05
    120    -0.644095D-03 -0.473364D-04 -0.607604D-03  0.272969D-04 -0.192784D-04


           ESTIMATED COVARIANCE MATRIX FOR PARAMETER ESTIMATES
                 46            47            48            49            50
              ________      ________      ________      ________      ________
     46     0.666009D-02
     47     0.133225D-02  0.122330D-01
     48     0.290942D-03  0.861019D-03  0.150897D+00
     49    -0.162834D-03  0.727802D-04  0.488532D-02  0.125101D-01
     50     0.246659D-04  0.102477D-03  0.641657D-03  0.514015D-04  0.767361D-03
     51    -0.260109D-03  0.103316D-03 -0.151855D-02 -0.394614D-03 -0.125598D-03
     52    -0.322311D-03  0.950927D-03 -0.787802D-03  0.299050D-03  0.393837D-04
     53    -0.189738D-03  0.120678D-03  0.102343D-02  0.185019D-03 -0.387790D-04
     54     0.123607D-03 -0.377990D-04  0.576120D-03  0.125915D-03 -0.117429D-03
     55     0.786390D-04 -0.964300D-04 -0.258530D-03  0.210804D-02 -0.116073D-03
     56     0.499172D-03  0.244857D-03  0.259499D-02  0.152726D-03  0.118046D-03
     57     0.311530D-04  0.388589D-04  0.117295D-02 -0.181645D-03 -0.710221D-04
     58    -0.561097D-03 -0.915230D-05 -0.105814D-02 -0.274912D-03 -0.827463D-04
     59     0.327387D-04 -0.920733D-04 -0.288716D-02 -0.404664D-03 -0.297189D-04
     60     0.340805D-03  0.382614D-03 -0.744494D-03  0.588337D-03  0.841888D-04
     61    -0.148385D-03 -0.790406D-04 -0.735453D-03 -0.599188D-03 -0.175112D-04
     62     0.134600D-04 -0.367367D-04 -0.530279D-04  0.196142D-04 -0.103893D-04
     63    -0.578860D-05 -0.205172D-03 -0.185938D-03  0.153264D-04 -0.331890D-04
     64    -0.636263D-04 -0.106383D-03 -0.123043D-03  0.325943D-04 -0.569854D-06
     65    -0.462037D-04 -0.727000D-04  0.106530D-03 -0.555712D-04  0.181206D-04
     66    -0.226982D-03  0.664628D-04 -0.172203D-03  0.672530D-04 -0.323747D-04
     67     0.118321D-03  0.284459D-04  0.301794D-04 -0.421665D-04 -0.231491D-04
     68    -0.738872D-04  0.475195D-04  0.393134D-03 -0.148628D-03  0.221025D-04
     69    -0.122296D-03 -0.114182D-03  0.685730D-04  0.110424D-03 -0.224507D-05
     70     0.131911D-04  0.339227D-07 -0.143222D-04  0.307862D-04  0.466727D-05
     71    -0.121039D-02 -0.301472D-03 -0.330880D-04  0.290022D-03 -0.240655D-04
     72    -0.260236D-03 -0.227702D-02 -0.107018D-03  0.281700D-04  0.915101D-04
     73    -0.554322D-05 -0.400668D-04 -0.137501D-01  0.113881D-03 -0.102970D-03
     74     0.238009D-03 -0.163216D-05 -0.490818D-03 -0.174182D-02 -0.164393D-04
     75    -0.117157D-04  0.425194D-04 -0.792901D-04 -0.137411D-04 -0.137565D-03
     76     0.604145D-04  0.100715D-03  0.806829D-04  0.727937D-04  0.214175D-04
     77     0.660480D-04 -0.239787D-03  0.999377D-04 -0.355330D-05 -0.621881D-07
     78     0.143161D-04  0.167694D-03 -0.476301D-04  0.138575D-06 -0.143766D-05
     79     0.610850D-05  0.101218D-03 -0.925772D-05  0.632106D-04  0.307587D-05
     80    -0.118750D-03  0.362135D-04  0.133025D-03 -0.177534D-03  0.496524D-04
     81    -0.996809D-04  0.880352D-04 -0.139318D-03 -0.100071D-03 -0.162096D-04
     82     0.160669D-04 -0.333638D-04 -0.127593D-03  0.436394D-06 -0.142166D-04
     83    -0.833880D-04  0.174757D-03  0.156114D-03  0.803148D-04  0.519436D-04
     84    -0.789747D-04  0.118021D-03  0.210603D-03  0.264198D-03  0.421356D-04
     85    -0.192737D-04 -0.222160D-03  0.720775D-05  0.118456D-03 -0.406947D-05
     86    -0.206728D-04  0.170571D-04  0.176603D-03  0.101547D-03 -0.156231D-04
     87     0.151634D-05  0.120964D-04  0.169945D-04 -0.685898D-05  0.700637D-06
     88     0.460708D-03  0.843789D-03  0.176594D-02 -0.227393D-03  0.289732D-03
     89    -0.428119D-03 -0.390782D-02 -0.727131D-02  0.768398D-03 -0.259824D-03
     90     0.132052D-02  0.667456D-03 -0.269885D-03 -0.335203D-03  0.404652D-03
     91     0.507899D-03  0.482844D-03  0.124891D-02 -0.651619D-03  0.126503D-03
     92     0.398470D-03 -0.161676D-03 -0.137877D-03  0.578888D-03 -0.106501D-03
     93     0.964784D-03 -0.470284D-03  0.194155D-02 -0.315441D-03  0.220174D-03
     94    -0.288424D-03  0.188372D-03  0.200601D-03  0.323914D-03  0.393733D-04
     95    -0.237075D-03 -0.269433D-03 -0.136751D-02  0.474303D-03 -0.130007D-03
     96     0.708031D-03  0.349144D-03 -0.620984D-03 -0.419616D-03 -0.187739D-04
     97    -0.615255D-04 -0.103297D-04  0.229142D-03 -0.803578D-04 -0.249804D-04
     98     0.587131D-02  0.150529D-02  0.638125D-03 -0.885763D-03  0.992975D-04
     99     0.107236D-02  0.119089D-01  0.574348D-03 -0.559137D-04 -0.115630D-03
    100    -0.736533D-04 -0.664078D-04  0.128112D+00  0.246036D-02  0.463777D-03
    101    -0.566925D-03  0.428579D-03  0.505644D-02  0.107300D-01  0.127906D-03
    102     0.135065D-03  0.923812D-04  0.561977D-03  0.160147D-04  0.712259D-03
    103    -0.333289D-03 -0.180199D-03 -0.141529D-02 -0.379516D-03 -0.138706D-03
    104    -0.425780D-03  0.924764D-03 -0.951405D-03  0.283504D-03 -0.630831D-04
    105    -0.859988D-03 -0.631027D-03  0.124088D-02  0.575705D-03 -0.218214D-03
    106     0.294484D-04 -0.102216D-02 -0.425058D-03  0.202532D-03 -0.794369D-04
    107     0.518749D-03  0.577031D-03  0.183852D-03  0.140953D-02 -0.536443D-04
    108     0.296075D-03 -0.773933D-03  0.552766D-03  0.508663D-03 -0.309532D-05
    109    -0.119270D-03  0.466632D-04  0.951800D-03 -0.323910D-03 -0.118136D-03
    110    -0.417069D-03 -0.442329D-03 -0.221884D-02 -0.287251D-03 -0.184314D-03
    111     0.221222D-03 -0.633466D-03 -0.290489D-02 -0.360770D-03 -0.885733D-04
    112     0.883542D-04  0.123925D-02  0.629135D-03 -0.434676D-04  0.537113D-04
    113    -0.191557D-03 -0.454765D-03 -0.129359D-02 -0.453946D-03 -0.622608D-04
    114     0.347739D-04 -0.183561D-04 -0.351240D-04  0.718259D-05 -0.204320D-05
    115    -0.284032D-05 -0.138786D-03 -0.281690D-03 -0.709822D-05 -0.295066D-04
    116     0.283149D-04  0.368930D-03  0.639044D-03  0.609558D-04  0.330609D-04
    117    -0.128902D-03 -0.106507D-02 -0.153195D-02  0.105837D-03 -0.428773D-04
    118     0.310204D-04  0.173908D-03  0.343183D-04 -0.137745D-04 -0.946932D-05
    119    -0.103650D-03 -0.509384D-04  0.663494D-04  0.205682D-04 -0.360527D-04
    120    -0.409653D-03 -0.128366D-03 -0.939468D-03  0.359325D-03 -0.214022D-03


           ESTIMATED COVARIANCE MATRIX FOR PARAMETER ESTIMATES
                 51            52            53            54            55
              ________      ________      ________      ________      ________
     51     0.782411D-03
     52     0.272722D-03  0.425068D-02
     53     0.134467D-04 -0.110680D-03  0.548720D-02
     54    -0.923600D-04 -0.231830D-03  0.274875D-02  0.450631D-02
     55     0.536872D-04  0.117373D-02  0.394356D-04 -0.368961D-03  0.739504D-02
     56     0.540523D-04 -0.104996D-03  0.253514D-03  0.146767D-03 -0.161126D-03
     57     0.194287D-03  0.115397D-04 -0.278271D-03  0.236602D-04 -0.127153D-03
     58     0.154153D-03 -0.212228D-03 -0.204288D-03 -0.500805D-03  0.413505D-03
     59     0.673949D-04 -0.553229D-03  0.842199D-04 -0.523310D-04  0.457361D-03
     60     0.732862D-03 -0.859115D-03 -0.185279D-04 -0.139698D-03  0.305129D-04
     61     0.207520D-04  0.279243D-04 -0.457239D-03  0.159871D-03  0.945869D-04
     62    -0.454040D-04 -0.171036D-03  0.109452D-04 -0.687903D-05 -0.744043D-04
     63     0.292737D-04  0.277641D-03 -0.414803D-03 -0.379571D-03  0.326129D-03
     64     0.698327D-04  0.112069D-03 -0.952130D-04 -0.364774D-04  0.186220D-03
     65    -0.286824D-04 -0.385910D-04  0.846119D-04  0.101093D-03 -0.681360D-04
     66     0.626876D-04  0.172087D-03 -0.104143D-03 -0.464382D-04 -0.419472D-04
     67    -0.237100D-04  0.123586D-03 -0.930767D-04 -0.725836D-04  0.238773D-04
     68    -0.501009D-04  0.218926D-03 -0.397936D-04 -0.140967D-03  0.395916D-04
     69    -0.625995D-05 -0.297540D-04  0.336282D-04  0.391635D-04 -0.542512D-04
     70     0.313016D-05  0.641696D-05 -0.238809D-05 -0.481372D-05  0.998615D-05
     71     0.751705D-04  0.138750D-03 -0.411351D-04 -0.993646D-04 -0.618008D-04
     72     0.819917D-04 -0.267948D-03  0.232788D-03  0.513916D-04  0.108043D-04
     73     0.125950D-04  0.118995D-03 -0.519867D-04 -0.761128D-05  0.212835D-03
     74     0.526235D-04 -0.636139D-05 -0.437159D-04 -0.225712D-04 -0.131915D-03
     75     0.246927D-04 -0.129403D-04  0.260250D-04  0.310082D-05  0.494344D-04
     76    -0.124089D-03 -0.411160D-04  0.235094D-04  0.679382D-04 -0.269019D-05
     77    -0.408473D-04 -0.790563D-03 -0.810991D-04  0.957180D-04 -0.171151D-03
     78     0.302025D-04 -0.786569D-05 -0.885082D-03 -0.497386D-03  0.525136D-04
     79     0.321842D-04  0.768147D-04 -0.376309D-03 -0.742353D-03  0.613290D-04
     80     0.616009D-05 -0.201056D-03  0.468130D-04  0.101435D-03 -0.119895D-02
     81    -0.954113D-06  0.179436D-04 -0.179440D-04  0.241700D-04 -0.683055D-04
     82    -0.298725D-04  0.204105D-05 -0.829404D-04  0.241135D-04 -0.481835D-04
     83    -0.167763D-04 -0.110809D-03  0.125873D-03  0.139285D-03 -0.142809D-03
     84    -0.166109D-05  0.858521D-04  0.185398D-04 -0.121360D-04 -0.177771D-03
     85    -0.962249D-04  0.227782D-03  0.108745D-03  0.116154D-03  0.468955D-04
     86    -0.911804D-05  0.109750D-04  0.107919D-03  0.370638D-04 -0.541503D-04
     87     0.117990D-04  0.344657D-04  0.430549D-05  0.320877D-05  0.128201D-04
     88    -0.617362D-04 -0.131871D-02  0.208508D-02  0.229700D-02 -0.148140D-02
     89     0.402028D-03  0.175299D-02 -0.309598D-02 -0.335232D-02  0.243666D-02
     90     0.308142D-04 -0.142104D-02  0.147303D-02  0.161821D-02 -0.750572D-03
     91    -0.353562D-03 -0.694138D-03  0.902895D-03  0.631763D-03 -0.930050D-03
     92     0.394978D-04  0.127438D-03 -0.102514D-03 -0.264319D-03  0.436062D-03
     93    -0.299450D-03 -0.748351D-03  0.395026D-03  0.376816D-03 -0.148544D-03
     94     0.127574D-03 -0.720206D-03  0.789797D-03  0.654500D-03 -0.176086D-03
     95     0.212074D-03 -0.304280D-03 -0.892653D-04  0.114507D-03  0.246244D-03
     96     0.238196D-04  0.166195D-03 -0.322435D-03 -0.368200D-03  0.382719D-03
     97    -0.579592D-05 -0.234780D-04 -0.992895D-05  0.985559D-05 -0.667028D-04
     98    -0.388302D-03 -0.617805D-03  0.284614D-03  0.591230D-03 -0.200865D-03
     99    -0.477144D-05  0.135517D-02 -0.672008D-03 -0.669262D-03  0.237113D-03
    100    -0.869428D-03 -0.743733D-03  0.472106D-03  0.548003D-03 -0.537411D-03
    101    -0.465957D-03 -0.459209D-04  0.814505D-03  0.637575D-03  0.110305D-02
    102    -0.133660D-03 -0.142588D-03  0.375695D-05  0.401481D-04 -0.229755D-03
    103     0.649303D-03  0.265060D-03 -0.173432D-03 -0.360110D-03  0.136567D-03
    104     0.226145D-03  0.392387D-02 -0.332788D-03 -0.798285D-03  0.109413D-02
    105    -0.948318D-04  0.515990D-03  0.397037D-02  0.179642D-02  0.430097D-04
    106    -0.120167D-03 -0.303752D-03  0.184989D-02  0.344317D-02 -0.272688D-03
    107    -0.331032D-04  0.518163D-03  0.274342D-03 -0.934568D-04  0.564725D-02
    108     0.764252D-04  0.190404D-03 -0.610673D-03 -0.811585D-03  0.628762D-03
    109     0.189539D-03  0.130329D-03 -0.130794D-03 -0.196003D-03  0.332948D-03
    110     0.251469D-03  0.488716D-03 -0.879422D-03 -0.120953D-02  0.107204D-02
    111     0.215615D-04 -0.279633D-03 -0.354031D-03 -0.463360D-03  0.103806D-02
    112     0.545507D-03 -0.113918D-02  0.206785D-03  0.166014D-03 -0.341109D-03
    113     0.592020D-04  0.394131D-03 -0.797397D-03 -0.380165D-03  0.421069D-03
    114    -0.445075D-04 -0.169463D-03  0.274988D-04  0.304519D-04 -0.751166D-04
    115     0.162740D-04  0.804434D-04 -0.161433D-03 -0.189735D-03  0.104770D-03
    116    -0.318221D-04 -0.145986D-03  0.266956D-03  0.317791D-03 -0.250451D-03
    117     0.515100D-04  0.227775D-03 -0.262917D-03 -0.472759D-03  0.413692D-03
    118    -0.757105D-05 -0.995980D-04  0.221360D-03  0.187261D-03 -0.112843D-03
    119    -0.700902D-05  0.823238D-04 -0.543275D-04 -0.721376D-04  0.254132D-04
    120     0.567921D-04  0.653927D-03 -0.870722D-03 -0.934236D-03  0.488344D-03


           ESTIMATED COVARIANCE MATRIX FOR PARAMETER ESTIMATES
                 56            57            58            59            60
              ________      ________      ________      ________      ________
     56     0.471980D-02
     57     0.153415D-02  0.542841D-02
     58    -0.101751D-02  0.231205D-03  0.751579D-02
     59    -0.334374D-05 -0.399107D-03  0.136626D-02  0.467303D-02
     60    -0.346128D-03 -0.486367D-03 -0.746970D-04 -0.192068D-03  0.631762D-02
     61     0.108105D-03  0.244575D-03 -0.196366D-03 -0.158448D-03 -0.906751D-04
     62    -0.529222D-04 -0.314542D-04 -0.230077D-04  0.158867D-04  0.580110D-04
     63     0.377885D-04  0.288056D-04 -0.882269D-04 -0.530465D-03 -0.183795D-03
     64    -0.205709D-04  0.317584D-04 -0.809161D-04 -0.126240D-03 -0.234757D-04
     65     0.129321D-03  0.351070D-04  0.714877D-04  0.394162D-04 -0.154054D-03
     66    -0.159127D-03 -0.187052D-04  0.199520D-03  0.259685D-04 -0.541280D-03
     67    -0.114120D-03 -0.331058D-04 -0.309942D-04 -0.229088D-04  0.597685D-04
     68    -0.257201D-03  0.360113D-04  0.587306D-04 -0.268941D-03  0.658848D-04
     69     0.187849D-04 -0.114785D-05 -0.226527D-04 -0.596410D-04 -0.481755D-05
     70     0.853435D-05  0.274244D-05 -0.847764D-05  0.687403D-05  0.948578D-05
     71    -0.112924D-03  0.221281D-04  0.301178D-04 -0.264528D-03 -0.407561D-04
     72     0.357472D-04 -0.130726D-04  0.208076D-03  0.115163D-03 -0.918456D-04
     73    -0.697419D-04 -0.236886D-03  0.550218D-04  0.237652D-03 -0.875543D-05
     74    -0.762115D-04 -0.549718D-04  0.795810D-04  0.146969D-03 -0.124510D-04
     75    -0.102654D-04  0.746065D-05  0.508549D-04  0.434242D-04  0.871192D-05
     76    -0.137583D-04 -0.259830D-04 -0.933964D-05  0.262724D-04 -0.917858D-04
     77     0.662687D-04  0.799508D-04  0.148355D-04  0.148381D-03  0.200053D-03
     78    -0.123870D-03 -0.113160D-04  0.301375D-04 -0.449491D-04  0.112531D-03
     79    -0.540078D-04  0.890959D-04  0.860868D-04  0.580505D-04  0.108593D-03
     80    -0.516515D-05 -0.198008D-04 -0.166550D-04 -0.866454D-04  0.153710D-04
     81    -0.918909D-03 -0.287975D-03  0.212828D-03  0.641332D-04  0.160691D-04
     82    -0.262574D-03 -0.751596D-03 -0.386198D-04  0.428200D-04  0.449242D-04
     83     0.850979D-04 -0.105684D-03 -0.118060D-02 -0.123634D-03  0.126969D-03
     84     0.346190D-05  0.566147D-04 -0.220497D-03 -0.696469D-03  0.103590D-03
     85    -0.287910D-04  0.211742D-04  0.960977D-04  0.678346D-05 -0.123085D-02
     86    -0.192188D-04  0.978309D-05  0.377042D-04  0.324484D-04 -0.341387D-04
     87     0.133061D-04  0.884246D-05 -0.405390D-05 -0.412951D-05 -0.140180D-04
     88     0.170607D-03  0.397528D-03  0.370545D-03  0.240927D-02  0.580351D-03
     89    -0.105776D-02 -0.493003D-04 -0.887214D-03 -0.243556D-02 -0.745064D-03
     90    -0.136993D-03  0.743300D-03  0.552879D-03  0.204798D-02  0.721217D-03
     91     0.284817D-03  0.166328D-03  0.124722D-03  0.105066D-02 -0.164223D-03
     92    -0.525222D-03 -0.106098D-03  0.157241D-04 -0.575414D-04  0.100970D-02
     93     0.436895D-03  0.109952D-03 -0.827615D-03  0.557234D-04  0.186069D-02
     94     0.239036D-03 -0.188420D-04  0.203851D-03  0.525902D-03  0.199778D-03
     95     0.873492D-03 -0.472806D-03 -0.427754D-03  0.373727D-04 -0.580780D-04
     96    -0.222692D-03 -0.120442D-04  0.181141D-03  0.174360D-03 -0.960096D-04
     97     0.359120D-06 -0.155905D-04  0.816650D-05 -0.623155D-04 -0.177377D-04
     98     0.530151D-03 -0.329444D-05 -0.501581D-03  0.100203D-02  0.117448D-03
     99     0.318441D-04  0.400058D-04 -0.457160D-04 -0.589831D-03  0.350528D-03
    100     0.149320D-02  0.119855D-02 -0.658379D-03 -0.204704D-02 -0.531852D-03
    101     0.505845D-03 -0.955311D-04 -0.425912D-03  0.455172D-04  0.386649D-03
    102     0.479800D-04 -0.695624D-04 -0.551293D-04  0.108186D-03  0.961076D-04
    103    -0.142049D-04  0.138904D-03  0.141826D-03 -0.136132D-03  0.564122D-03
    104    -0.363363D-03 -0.209443D-03 -0.283307D-03 -0.870140D-03 -0.865635D-03
    105     0.443761D-03 -0.441319D-03 -0.237557D-03 -0.737190D-03 -0.773475D-03
    106    -0.181639D-04 -0.874129D-04 -0.316648D-03 -0.338077D-03 -0.488931D-03
    107     0.475617D-04  0.340938D-03  0.475210D-03  0.115580D-02  0.279726D-03
    108     0.377280D-02  0.122445D-02 -0.998725D-03 -0.607607D-03 -0.319196D-03
    109     0.128959D-02  0.435853D-02  0.749246D-04 -0.555413D-03 -0.415890D-03
    110    -0.712126D-03  0.186297D-03  0.599506D-02  0.296967D-03 -0.368817D-03
    111    -0.983814D-04 -0.497761D-03  0.102913D-02  0.347663D-02 -0.375868D-03
    112     0.100803D-03 -0.285422D-03 -0.566093D-04  0.330560D-03  0.568347D-02
    113     0.888682D-04  0.143156D-03 -0.328950D-03 -0.576740D-03 -0.216168D-03
    114    -0.456699D-04 -0.226534D-04 -0.120518D-04  0.615017D-04  0.543491D-04
    115    -0.956476D-04  0.171172D-04  0.626074D-04 -0.172036D-03 -0.698594D-04
    116     0.122108D-03 -0.254082D-04 -0.372861D-04  0.225502D-03  0.687165D-04
    117    -0.285610D-03 -0.124208D-03 -0.510521D-04 -0.264045D-03 -0.957938D-04
    118    -0.562857D-05 -0.752846D-04  0.269590D-05  0.141244D-03  0.957244D-04
    119    -0.476391D-05 -0.818533D-04 -0.370299D-04 -0.145688D-03 -0.554709D-04
    120     0.671714D-04 -0.289909D-03 -0.402930D-03 -0.884816D-03 -0.182567D-03


           ESTIMATED COVARIANCE MATRIX FOR PARAMETER ESTIMATES
                 61            62            63            64            65
              ________      ________      ________      ________      ________
     61     0.121338D-02
     62    -0.517441D-05  0.477282D-04
     63     0.184743D-04  0.219919D-04  0.724292D-02
     64    -0.191135D-04 -0.763524D-05  0.100690D-02  0.105185D-02
     65     0.348959D-04 -0.737494D-05 -0.643215D-03 -0.215624D-03  0.156181D-02
     66    -0.222951D-05  0.784342D-06  0.159673D-03  0.970906D-04  0.202132D-04
     67    -0.236628D-04  0.781341D-05  0.150617D-03 -0.239460D-04 -0.358941D-04
     68     0.416747D-05  0.999726D-05  0.100206D-02  0.836187D-04 -0.122701D-04
     69    -0.111393D-04  0.111178D-05 -0.160952D-03 -0.273169D-04  0.966639D-04
     70     0.274762D-05 -0.140750D-05  0.206923D-04  0.173877D-04 -0.703261D-05
     71     0.669545D-05  0.499467D-05  0.173510D-02  0.318098D-03 -0.107477D-03
     72    -0.141720D-04  0.115765D-04 -0.101750D-02 -0.169343D-03  0.184402D-03
     73     0.382953D-04  0.278921D-04  0.800632D-03  0.138511D-03  0.118638D-03
     74     0.137665D-03 -0.459607D-06  0.599847D-03 -0.449651D-04  0.371743D-04
     75    -0.240495D-04  0.220010D-05 -0.357768D-04 -0.170663D-04 -0.208225D-04
     76    -0.187658D-05  0.102165D-04 -0.283352D-03 -0.146861D-03 -0.522732D-04
     77     0.421275D-04  0.351212D-04 -0.891769D-04 -0.970582D-04 -0.157785D-04
     78     0.985952D-04 -0.204260D-05  0.390406D-03  0.102972D-03 -0.823953D-04
     79     0.508402D-05 -0.568421D-05 -0.119616D-02 -0.159330D-03 -0.520703D-04
     80    -0.302502D-04  0.108340D-04 -0.869836D-03 -0.355096D-03  0.433521D-04
     81     0.312243D-04  0.554070D-05 -0.155595D-02 -0.135950D-03  0.613711D-04
     82     0.450919D-04  0.123210D-04  0.654478D-04 -0.181681D-04 -0.843144D-04
     83     0.262641D-04 -0.116734D-04 -0.196073D-02 -0.229279D-03  0.203027D-03
     84     0.302387D-04 -0.131293D-04 -0.940919D-03 -0.416852D-04  0.703830D-04
     85    -0.301149D-04 -0.129099D-04  0.770044D-03 -0.572868D-04  0.234269D-03
     86    -0.228135D-03  0.272061D-05 -0.168878D-03  0.150872D-04  0.297041D-04
     87     0.335297D-05 -0.118187D-04 -0.208967D-04  0.941041D-05 -0.794248D-07
     88     0.201205D-03 -0.942663D-04 -0.238078D-01 -0.327906D-02  0.236510D-02
     89    -0.911338D-03  0.140647D-03  0.327406D-01  0.460041D-02 -0.365364D-02
     90    -0.209477D-03 -0.510988D-04 -0.158104D-01 -0.216828D-02  0.138862D-02
     91     0.175065D-03  0.192726D-04 -0.704317D-02 -0.268779D-02  0.101065D-02
     92    -0.480751D-04  0.321473D-04  0.198934D-02  0.481324D-03 -0.288133D-02
     93    -0.229726D-04 -0.266550D-04 -0.348339D-02 -0.724204D-03  0.355361D-03
     94     0.212890D-03 -0.319422D-04 -0.410962D-02 -0.472471D-03  0.529365D-03
     95    -0.309625D-04 -0.303889D-04  0.110450D-02  0.267634D-03 -0.154491D-03
     96    -0.783546D-04  0.499733D-05  0.202742D-02  0.258127D-03 -0.407916D-03
     97    -0.253108D-05  0.415430D-05 -0.565879D-04 -0.339214D-04  0.326036D-04
     98     0.411328D-04 -0.964051D-06 -0.617883D-02 -0.104812D-02  0.523108D-03
     99     0.300779D-05 -0.334942D-04  0.292289D-02  0.452657D-03 -0.534878D-03
    100    -0.441469D-03 -0.504314D-04 -0.450482D-04 -0.923419D-04 -0.240667D-03
    101    -0.586684D-03 -0.212815D-04 -0.551667D-02 -0.482334D-03  0.383685D-03
    102     0.113673D-04 -0.137444D-04 -0.154602D-02 -0.174627D-03  0.214190D-03
    103    -0.399689D-04 -0.339669D-04  0.191790D-02  0.488236D-03 -0.116315D-03
    104    -0.512245D-04 -0.136003D-03  0.366556D-02  0.680854D-03 -0.318586D-03
    105    -0.233128D-03  0.265693D-04  0.551235D-02  0.597284D-03 -0.320230D-03
    106    -0.259634D-04  0.222600D-04  0.463936D-02  0.614254D-03 -0.232608D-03
    107     0.761626D-04 -0.732774D-04 -0.366145D-02 -0.107157D-03  0.384120D-03
    108    -0.141821D-03 -0.585283D-05  0.925121D-02  0.109089D-02 -0.714117D-03
    109     0.189315D-03 -0.350706D-04  0.141628D-02  0.274364D-03  0.131697D-04
    110    -0.344653D-03  0.205733D-04  0.986015D-02  0.129937D-02 -0.105389D-02
    111    -0.232857D-03  0.604338D-04  0.478823D-02  0.416360D-03 -0.476128D-03
    112     0.107608D-03  0.182894D-04 -0.646772D-02 -0.545545D-03  0.594357D-04
    113     0.113436D-02  0.890651D-05  0.462007D-02  0.546421D-03 -0.454616D-03
    114    -0.289919D-05  0.410126D-04 -0.248983D-03 -0.599902D-04  0.180924D-04
    115    -0.634024D-04  0.126387D-04  0.187512D-02  0.251202D-03 -0.205652D-03
    116     0.912483D-04 -0.164681D-04 -0.273454D-02 -0.382611D-03  0.309276D-03
    117    -0.166431D-03  0.225415D-04  0.398847D-02  0.582913D-03 -0.471822D-03
    118    -0.653933D-06 -0.681635D-05 -0.203463D-02 -0.294639D-03  0.198377D-03
    119     0.157265D-04  0.379008D-05  0.101641D-02  0.135841D-03 -0.802954D-04
    120    -0.483457D-04  0.289525D-04  0.744149D-02  0.968187D-03 -0.727072D-03


           ESTIMATED COVARIANCE MATRIX FOR PARAMETER ESTIMATES
                 66            67            68            69            70
              ________      ________      ________      ________      ________
     66     0.160456D-02
     67     0.917097D-04  0.156055D-02
     68     0.613800D-04  0.770033D-03  0.228549D-02
     69     0.460025D-04 -0.117569D-03 -0.136009D-03  0.400544D-03
     70     0.119318D-04 -0.818619D-05 -0.649042D-05 -0.592880D-04  0.251439D-04
     71     0.151051D-03  0.188322D-04  0.246470D-03  0.140931D-03  0.453900D-05
     72    -0.118242D-03 -0.232647D-04 -0.171354D-03  0.199483D-03  0.253863D-05
     73    -0.470516D-04 -0.155105D-04 -0.879950D-03 -0.198181D-03  0.102251D-04
     74    -0.174987D-03  0.191618D-03  0.303990D-03 -0.150589D-03 -0.477916D-04
     75     0.177079D-04  0.714134D-05 -0.949760D-05 -0.862212D-06 -0.226411D-05
     76    -0.675397D-04  0.372762D-04  0.573789D-05  0.230219D-04 -0.510315D-05
     77    -0.952836D-04 -0.239921D-03 -0.318378D-03  0.317328D-04 -0.124019D-04
     78     0.815758D-04 -0.281492D-04  0.447533D-06  0.477057D-04 -0.106285D-04
     79    -0.328076D-04 -0.968980D-04 -0.170729D-03  0.260338D-04 -0.551455D-05
     80    -0.607642D-05 -0.103123D-03 -0.123948D-03  0.100742D-03 -0.117461D-04
     81    -0.722461D-04 -0.322742D-04  0.616785D-04 -0.836099D-04  0.540676D-05
     82     0.283973D-04 -0.102056D-03 -0.188433D-03 -0.420088D-04 -0.454960D-05
     83    -0.162400D-03 -0.239033D-04 -0.345475D-03  0.146163D-03 -0.862239D-05
     84     0.864508D-06  0.880241D-04 -0.158259D-03  0.598347D-04  0.728240D-06
     85     0.727671D-03  0.157734D-03  0.399636D-04  0.599725D-04 -0.244918D-04
     86     0.488330D-05  0.539762D-04 -0.228404D-04  0.555510D-05 -0.894064D-05
     87    -0.437919D-05  0.205199D-05  0.177263D-05  0.296631D-06  0.188851D-05
     88    -0.936961D-03 -0.792846D-03 -0.349747D-02  0.554244D-03 -0.456187D-04
     89     0.972728D-03  0.357671D-03  0.466185D-02 -0.684601D-03  0.342272D-05
     90    -0.774865D-03 -0.933843D-03 -0.272805D-02  0.413953D-03  0.228480D-05
     91    -0.504995D-03 -0.175122D-03 -0.997804D-03  0.155858D-03 -0.292750D-04
     92     0.701922D-04  0.753108D-04  0.824763D-04 -0.201975D-03  0.210703D-04
     93    -0.317843D-02 -0.322676D-03 -0.649411D-03 -0.157042D-04 -0.189258D-04
     94    -0.293080D-03 -0.290592D-02 -0.201132D-02  0.328241D-03  0.172076D-04
     95    -0.332620D-05 -0.123965D-02 -0.380618D-02  0.195035D-03  0.426800D-05
     96    -0.368320D-04  0.273771D-03  0.533204D-03 -0.792339D-03  0.111087D-03
     97    -0.155933D-04  0.233032D-04  0.740216D-05  0.110136D-03 -0.455901D-04
     98    -0.488916D-03 -0.520062D-04 -0.907373D-03 -0.226754D-03  0.885330D-06
     99     0.448087D-03  0.311204D-03  0.681001D-03 -0.349586D-03 -0.192227D-04
    100    -0.471674D-04  0.133287D-03  0.191030D-02  0.351954D-03 -0.320931D-04
    101     0.183213D-03 -0.323264D-03 -0.107416D-02  0.402744D-03  0.954417D-04
    102    -0.143999D-03 -0.142882D-03 -0.254416D-03  0.492901D-04  0.352800D-05
    103     0.173360D-03 -0.731919D-04  0.156607D-03 -0.654511D-04  0.106679D-04
    104     0.455647D-03  0.621760D-03  0.124036D-02 -0.153197D-03  0.317436D-04
    105     0.222557D-03  0.404949D-03  0.970670D-03 -0.184472D-03  0.194279D-04
    106     0.192484D-03  0.743901D-04  0.502602D-03 -0.511936D-04  0.178709D-04
    107    -0.204033D-03  0.672782D-04 -0.658462D-03 -0.721601D-04  0.239892D-04
    108     0.211142D-03  0.879236D-04  0.721967D-03 -0.923259D-05 -0.266124D-05
    109     0.270662D-04  0.196354D-03  0.672609D-03  0.290829D-04  0.709504D-05
    110     0.635124D-03  0.136953D-03  0.146548D-02 -0.365028D-03  0.893161D-05
    111     0.183345D-03 -0.818017D-04  0.584106D-03 -0.214373D-03  0.448089D-05
    112    -0.161840D-02 -0.330019D-03 -0.854655D-03  0.598734D-05  0.356001D-04
    113     0.176377D-03  0.412664D-04  0.694198D-03 -0.113013D-03  0.118984D-04
    114    -0.508772D-05 -0.635230D-05 -0.434037D-04  0.547435D-05 -0.379860D-05
    115     0.106351D-03  0.301765D-04  0.305873D-03 -0.521598D-04  0.578637D-05
    116    -0.152194D-03 -0.301578D-04 -0.407370D-03  0.702743D-04 -0.688911D-05
    117     0.226968D-03  0.216880D-04  0.588998D-03 -0.744438D-04  0.105265D-04
    118    -0.321972D-04 -0.391826D-04 -0.309150D-03  0.532092D-04 -0.993910D-06
    119     0.463333D-04  0.625879D-04  0.160004D-03 -0.168211D-04  0.186562D-06
    120     0.350318D-03  0.313312D-03  0.122534D-02 -0.189882D-03 -0.739309D-05


           ESTIMATED COVARIANCE MATRIX FOR PARAMETER ESTIMATES
                 71            72            73            74            75
              ________      ________      ________      ________      ________
     71     0.251489D-02
     72     0.314104D-03  0.429657D-02
     73     0.384354D-03  0.454527D-04  0.433710D-01
     74    -0.490603D-04 -0.521468D-04  0.106816D-03  0.323183D-02
     75    -0.172197D-04  0.243530D-04  0.777701D-04 -0.187709D-04  0.274380D-03
     76    -0.141500D-03 -0.503922D-05 -0.194268D-03 -0.824817D-04 -0.326602D-04
     77     0.456098D-04  0.261508D-03 -0.132637D-03 -0.405801D-05  0.533751D-05
     78     0.216295D-03 -0.742780D-05  0.202971D-03  0.125449D-04 -0.313751D-05
     79    -0.106172D-03  0.212497D-03  0.917668D-04 -0.125992D-03 -0.238520D-04
     80     0.202777D-05  0.187062D-03 -0.317734D-03  0.323072D-03  0.286827D-05
     81    -0.331750D-03  0.282380D-03 -0.299834D-03 -0.872793D-04  0.216417D-04
     82     0.158232D-03  0.887789D-04  0.518561D-04  0.935428D-04  0.310142D-05
     83    -0.368470D-03  0.200692D-03 -0.345066D-03 -0.256155D-03 -0.182890D-04
     84    -0.115367D-03  0.149362D-03 -0.629259D-03 -0.295347D-03  0.292893D-04
     85     0.483526D-04 -0.100684D-03 -0.183597D-03  0.195686D-03 -0.194989D-04
     86    -0.622858D-04  0.606331D-04 -0.127587D-03 -0.127780D-03  0.473174D-05
     87    -0.436824D-05 -0.105368D-04 -0.961947D-05 -0.126635D-05 -0.403073D-05
     88    -0.532471D-02  0.359644D-02 -0.313563D-02 -0.214237D-02  0.189129D-04
     89     0.914178D-02 -0.444317D-02  0.438412D-02  0.332053D-02 -0.148641D-03
     90    -0.301750D-02  0.249799D-02 -0.242756D-02 -0.166602D-02  0.269231D-04
     91    -0.176012D-02  0.100257D-02 -0.943475D-03 -0.422126D-03  0.471133D-04
     92     0.510619D-03 -0.476625D-03 -0.124282D-03 -0.395539D-04  0.733344D-04
     93    -0.977618D-03  0.894562D-03 -0.418063D-03  0.191370D-04 -0.317874D-04
     94    -0.945085D-03  0.758133D-03 -0.388324D-03 -0.645499D-03 -0.377283D-04
     95     0.448120D-04  0.105467D-04  0.216907D-02 -0.976696D-04 -0.117545D-04
     96     0.191357D-03 -0.549789D-03  0.618365D-03  0.486215D-03 -0.176011D-05
     97    -0.967051D-05 -0.221760D-04 -0.254253D-04  0.881464D-04  0.740241D-05
     98    -0.549561D-02 -0.910577D-04 -0.983650D-03 -0.107427D-03 -0.706818D-05
     99    -0.393590D-03 -0.782671D-02  0.211868D-03  0.285191D-03 -0.162432D-04
    100     0.260442D-04 -0.179072D-03 -0.775141D-01 -0.231235D-03 -0.112843D-03
    101    -0.850816D-03  0.779604D-03 -0.116865D-02 -0.682030D-02 -0.260800D-06
    102    -0.338605D-03  0.238011D-03 -0.394717D-03 -0.168824D-03 -0.517953D-03
    103     0.699719D-03 -0.132281D-03  0.608031D-03  0.314373D-03  0.504996D-04
    104     0.832397D-03 -0.121578D-02  0.801982D-03  0.343630D-03 -0.311107D-04
    105     0.733337D-03 -0.712004D-03  0.729413D-03  0.534439D-03  0.901693D-05
    106     0.985538D-03 -0.591123D-03 -0.252085D-05  0.410274D-03  0.344099D-06
    107    -0.131444D-02  0.495572D-03 -0.530746D-04 -0.115580D-02  0.125638D-04
    108     0.211478D-02 -0.143134D-02  0.135167D-02  0.848655D-03 -0.776793D-04
    109    -0.195630D-04 -0.367771D-03  0.710405D-04  0.314581D-04 -0.947595D-05
    110     0.236022D-02 -0.100805D-02  0.162940D-02  0.106875D-02  0.785020D-04
    111     0.912071D-03 -0.593964D-03  0.172925D-02  0.865685D-03 -0.299872D-04
    112    -0.134744D-02  0.854768D-03 -0.329464D-03 -0.745063D-03  0.644046D-04
    113     0.106276D-02 -0.703493D-03  0.772586D-03  0.691621D-03 -0.496743D-04
    114    -0.629448D-04  0.633747D-04 -0.194877D-04 -0.275463D-04  0.904702D-05
    115     0.490949D-03 -0.257620D-03  0.207925D-03  0.190059D-03 -0.815843D-05
    116    -0.749709D-03  0.339287D-03 -0.388548D-03 -0.237288D-03  0.162827D-04
    117     0.116395D-02 -0.406003D-03  0.519199D-03  0.331097D-03 -0.504177D-04
    118    -0.557712D-03  0.254432D-03 -0.249782D-03 -0.212250D-03  0.824918D-05
    119     0.176525D-03 -0.119002D-03  0.161728D-03  0.108674D-03  0.110974D-05
    120     0.150589D-02 -0.138305D-02  0.119935D-02  0.760123D-03 -0.460851D-04


           ESTIMATED COVARIANCE MATRIX FOR PARAMETER ESTIMATES
                 76            77            78            79            80
              ________      ________      ________      ________      ________
     76     0.235452D-03
     77     0.800201D-04  0.144546D-02
     78    -0.981753D-05  0.464302D-04  0.193477D-02
     79     0.843800D-05  0.311983D-04  0.820695D-03  0.160199D-02
     80     0.239134D-04  0.331471D-03  0.529510D-04  0.200981D-03  0.242942D-02
     81     0.869862D-04  0.971021D-04  0.873075D-05  0.313103D-03  0.187167D-03
     82     0.221880D-04  0.503555D-04 -0.411240D-04  0.326519D-04  0.806053D-04
     83     0.791333D-04  0.133761D-04  0.128032D-05  0.278038D-03  0.302028D-03
     84     0.414018D-04 -0.274211D-03 -0.246666D-04  0.180923D-03  0.119232D-03
     85     0.244483D-03 -0.205484D-03 -0.102707D-03 -0.280260D-03 -0.135189D-03
     86     0.193744D-04 -0.232842D-04 -0.137613D-03  0.174217D-04  0.217349D-04
     87    -0.140148D-04 -0.603744D-04 -0.717669D-06  0.960561D-05 -0.193610D-04
     88     0.986717D-03  0.865531D-03 -0.154987D-02  0.371677D-02  0.264907D-02
     89    -0.144184D-02 -0.998733D-03  0.228493D-02 -0.422739D-02 -0.317146D-02
     90     0.659712D-03  0.826008D-03 -0.117415D-02  0.250121D-02  0.131382D-02
     91     0.494452D-03  0.392869D-03 -0.656821D-03  0.100530D-02  0.110721D-02
     92     0.607571D-04  0.305006D-04  0.203000D-03  0.114605D-04 -0.163157D-03
     93     0.249221D-03  0.466688D-03 -0.431741D-03  0.547595D-03  0.278312D-03
     94     0.766444D-04  0.660150D-03 -0.289397D-03  0.656107D-03  0.596363D-03
     95    -0.160599D-03  0.573297D-03  0.352240D-04 -0.299036D-03 -0.377524D-04
     96    -0.110721D-03 -0.142670D-03  0.981187D-04 -0.231242D-03 -0.359188D-03
     97     0.932693D-05  0.280200D-04  0.208144D-04  0.155079D-04  0.265480D-04
     98     0.443701D-03  0.152316D-03 -0.614656D-03  0.600442D-03  0.233976D-03
     99     0.180474D-04 -0.797636D-03  0.442703D-03 -0.344656D-03 -0.412202D-03
    100     0.335248D-03  0.255363D-03 -0.146014D-03 -0.490419D-03  0.659223D-03
    101     0.395202D-03  0.168248D-03 -0.411533D-03  0.913975D-03 -0.174509D-03
    102     0.126816D-03  0.656933D-04 -0.110713D-03  0.242300D-03  0.122937D-03
    103    -0.484021D-03 -0.149287D-03  0.146687D-03 -0.162912D-03 -0.174540D-03
    104    -0.267197D-03 -0.289446D-02  0.269833D-03 -0.413250D-03 -0.974465D-03
    105    -0.229619D-03 -0.396021D-03 -0.310409D-02 -0.263401D-02 -0.397943D-03
    106    -0.970160D-04  0.116424D-04 -0.144683D-02 -0.333815D-02 -0.519208D-03
    107     0.201235D-03 -0.423203D-03 -0.244697D-03  0.549012D-03 -0.415177D-02
    108    -0.420469D-03 -0.345596D-03  0.345421D-03 -0.148165D-02 -0.100389D-02
    109    -0.110348D-03 -0.830657D-04  0.192574D-03 -0.182474D-03 -0.319915D-03
    110    -0.483232D-03 -0.284163D-03  0.514666D-03 -0.136457D-02 -0.115672D-02
    111    -0.207256D-03  0.484706D-03  0.220845D-03 -0.831046D-03 -0.571142D-03
    112    -0.195031D-03  0.760329D-03 -0.173444D-03  0.125992D-02  0.799825D-03
    113    -0.200313D-03 -0.137006D-03  0.535886D-03 -0.651803D-03 -0.454909D-03
    114     0.385494D-04  0.124046D-03 -0.305819D-04  0.176666D-04  0.594748D-04
    115    -0.811290D-04 -0.579048D-04  0.102549D-03 -0.290220D-03 -0.213007D-03
    116     0.116842D-03  0.793744D-04 -0.180502D-03  0.377646D-03  0.290813D-03
    117    -0.171819D-03 -0.110247D-03  0.306789D-03 -0.507269D-03 -0.345574D-03
    118     0.877053D-04  0.404943D-04 -0.120747D-03  0.288758D-03  0.202394D-03
    119    -0.443616D-04 -0.532003D-04  0.753567D-04 -0.161036D-03 -0.694147D-04
    120    -0.298671D-03 -0.400653D-03  0.608875D-03 -0.107166D-02 -0.692222D-03


           ESTIMATED COVARIANCE MATRIX FOR PARAMETER ESTIMATES
                 81            82            83            84            85
              ________      ________      ________      ________      ________
     81     0.198861D-02
     82     0.472137D-03  0.195895D-02
     83     0.161150D-03  0.718852D-04  0.346329D-02
     84     0.149179D-03 -0.268644D-04  0.686876D-03  0.182816D-02
     85    -0.336956D-03 -0.132722D-03 -0.222718D-03 -0.315900D-04  0.232025D-02
     86     0.679366D-04 -0.257767D-04 -0.155344D-04 -0.245964D-04  0.278714D-04
     87    -0.146084D-04 -0.193619D-04  0.108352D-04  0.109935D-04  0.151616D-04
     88     0.552343D-02  0.114190D-03  0.662688D-02  0.298625D-02 -0.282024D-02
     89    -0.717180D-02  0.139214D-02 -0.888091D-02 -0.384662D-02  0.389531D-02
     90     0.408142D-02  0.415022D-03  0.467104D-02  0.185355D-02 -0.230318D-02
     91     0.151081D-02  0.112413D-03  0.194703D-02  0.625891D-03 -0.592157D-03
     92    -0.102591D-03  0.257431D-03 -0.605191D-03 -0.228922D-03 -0.332411D-03
     93     0.754352D-03  0.369521D-04  0.128432D-02  0.458890D-03 -0.187063D-02
     94     0.814116D-03  0.546627D-04  0.106027D-02  0.297844D-03 -0.728879D-03
     95    -0.100918D-02  0.291850D-03 -0.345452D-03 -0.190356D-03  0.322367D-03
     96    -0.213981D-03  0.138129D-03 -0.699279D-03 -0.331628D-03  0.112534D-03
     97    -0.103968D-04 -0.486323D-05  0.951086D-05  0.461317D-05  0.380768D-04
     98     0.117226D-02 -0.354450D-03  0.153975D-02  0.531963D-03 -0.408645D-03
     99    -0.803958D-03 -0.236406D-03 -0.508846D-03 -0.245961D-03  0.214949D-03
    100     0.581203D-04 -0.155961D-03  0.248517D-03  0.106355D-02  0.485458D-03
    101     0.121530D-02 -0.116557D-03  0.174085D-02  0.121670D-02 -0.757308D-03
    102     0.330355D-03 -0.994057D-05  0.508766D-03  0.162351D-03 -0.198935D-03
    103    -0.429310D-03  0.187621D-04 -0.550244D-03 -0.249212D-03 -0.278758D-03
    104    -0.882193D-03 -0.344385D-04 -0.978079D-03  0.166953D-03  0.959565D-03
    105    -0.173821D-02 -0.225303D-03 -0.184922D-02 -0.746507D-03  0.124910D-02
    106    -0.112269D-02  0.994520D-04 -0.123608D-02 -0.726868D-03  0.915904D-03
    107     0.897658D-03 -0.234852D-03  0.958448D-03  0.315740D-03 -0.403334D-03
    108    -0.507239D-02 -0.686658D-03 -0.210182D-02 -0.109474D-02  0.139588D-02
    109    -0.125270D-02 -0.355530D-02 -0.593487D-03 -0.123162D-03  0.405117D-03
    110    -0.170726D-02  0.383147D-05 -0.776821D-02 -0.207588D-02  0.123472D-02
    111    -0.103878D-02  0.103579D-03 -0.218047D-02 -0.365384D-02  0.567236D-03
    112     0.173777D-02  0.116320D-03  0.181617D-02  0.779387D-03 -0.489177D-02
    113    -0.111694D-02  0.102414D-03 -0.114704D-02 -0.452117D-03  0.612292D-03
    114     0.100527D-03  0.387908D-04  0.619612D-04  0.700619D-05 -0.643441D-04
    115    -0.384534D-03  0.215954D-04 -0.573935D-03 -0.264410D-03  0.202850D-03
    116     0.581973D-03 -0.747879D-04  0.760151D-03  0.366393D-03 -0.329950D-03
    117    -0.815429D-03  0.155864D-03 -0.108579D-02 -0.602137D-03  0.507708D-03
    118     0.446378D-03 -0.711193D-04  0.561674D-03  0.210445D-03 -0.231494D-03
    119    -0.252010D-03 -0.826837D-05 -0.282740D-03 -0.110089D-03  0.140190D-03
    120    -0.190681D-02 -0.651258D-04 -0.216722D-02 -0.922891D-03  0.107746D-02


           ESTIMATED COVARIANCE MATRIX FOR PARAMETER ESTIMATES
                 86            87            88            89            90
              ________      ________      ________      ________      ________
     86     0.470865D-03
     87    -0.200348D-05  0.168237D-04
     88     0.440494D-03  0.777667D-04  0.122404D+00
     89    -0.553729D-03 -0.884367D-04 -0.145493D+00  0.324478D+00
     90     0.220292D-03  0.545857D-04  0.115441D+00 -0.919907D-01  0.164711D+00
     91     0.204044D-04  0.181347D-05  0.414574D-01 -0.467298D-01  0.469609D-01
     92    -0.422665D-04 -0.755241D-05 -0.638193D-02  0.185830D-01  0.170152D-02
     93     0.356202D-04  0.166525D-04  0.234828D-01 -0.220193D-01  0.301666D-01
     94    -0.801463D-04  0.147053D-04  0.209544D-01 -0.347243D-01  0.188789D-01
     95    -0.192424D-04 -0.869589D-05 -0.164165D-01  0.581176D-02 -0.305670D-01
     96    -0.502074D-04 -0.481888D-05 -0.884554D-02  0.185619D-01 -0.531109D-02
     97     0.137424D-04 -0.426839D-05 -0.171982D-03 -0.752579D-03 -0.976592D-03
     98     0.684678D-04  0.152049D-04  0.284252D-01 -0.453666D-01  0.219523D-01
     99    -0.852086D-04  0.137052D-04 -0.184683D-01  0.143315D-01 -0.219039D-01
    100     0.209818D-03  0.176789D-04  0.902848D-03  0.105769D-02  0.415204D-03
    101     0.306674D-03  0.176896D-04  0.301443D-01 -0.406446D-01  0.314523D-01
    102    -0.224831D-05  0.125811D-04  0.100291D-01 -0.104112D-01  0.130202D-01
    103    -0.447384D-04  0.210558D-04 -0.824379D-02  0.169792D-01 -0.486179D-02
    104    -0.494549D-05  0.102417D-03 -0.212775D-01  0.279708D-01 -0.236517D-01
    105     0.154536D-03 -0.267530D-04 -0.445260D-01  0.259373D-01 -0.707227D-01
    106    -0.738922D-04 -0.303899D-04 -0.155175D-01  0.376115D-01 -0.248000D-02
    107     0.109903D-04  0.489292D-04  0.258874D-01 -0.328841D-01  0.361765D-01
    108    -0.217091D-03  0.126456D-04 -0.430471D-01  0.734894D-01 -0.326497D-01
    109    -0.173883D-05  0.361244D-04 -0.960329D-02  0.661331D-02 -0.129089D-01
    110    -0.260489D-04 -0.367614D-04 -0.489875D-01  0.744890D-01 -0.417026D-01
    111     0.159031D-06 -0.363577D-04 -0.226738D-01  0.370108D-01 -0.178434D-01
    112     0.105742D-03 -0.142221D-04  0.291186D-01 -0.556853D-01  0.202774D-01
    113    -0.937386D-03 -0.923537D-05 -0.255567D-01  0.348824D-01 -0.276035D-01
    114     0.706390D-05 -0.291655D-04  0.164246D-02 -0.197588D-02  0.207800D-02
    115    -0.253532D-04 -0.746855D-05 -0.792485D-02  0.130860D-01 -0.397695D-02
    116     0.494841D-04  0.985577D-05  0.120780D-01 -0.234226D-01  0.603141D-02
    117    -0.476920D-04 -0.151446D-04 -0.179660D-01  0.427911D-01 -0.940710D-02
    118     0.437363D-04  0.467306D-05  0.777411D-02 -0.155070D-01  0.578968D-02
    119    -0.195763D-04 -0.599836D-05 -0.776346D-02  0.414305D-02 -0.121013D-01
    120    -0.976392D-04 -0.182847D-04 -0.533192D-01  0.586564D-01 -0.676118D-01


           ESTIMATED COVARIANCE MATRIX FOR PARAMETER ESTIMATES
                 91            92            93            94            95
              ________      ________      ________      ________      ________
     91     0.210182D-01
     92    -0.221915D-02  0.103011D-01
     93     0.101034D-01 -0.571471D-03  0.155303D-01
     94     0.695567D-02 -0.176266D-02  0.448478D-02  0.135642D-01
     95    -0.797970D-02 -0.107566D-02 -0.480113D-02  0.199454D-02  0.194199D-01
     96    -0.272200D-02  0.160469D-02 -0.105361D-02 -0.287971D-02 -0.463146D-03
     97    -0.115806D-03 -0.184719D-03 -0.904801D-04 -0.311662D-04  0.213325D-03
     98     0.989711D-02 -0.201317D-02  0.572947D-02  0.510129D-02 -0.255025D-02
     99    -0.680287D-02  0.843055D-03 -0.571263D-02 -0.356493D-02  0.291783D-02
    100     0.672401D-03  0.132799D-02  0.116767D-02 -0.689734D-03 -0.528346D-02
    101     0.966446D-02 -0.733947D-03  0.510364D-02  0.631461D-02 -0.407701D-02
    102     0.384836D-02 -0.333359D-03  0.273438D-02  0.188356D-02 -0.229539D-02
    103    -0.330002D-02  0.758573D-03 -0.161130D-02 -0.141817D-02  0.658877D-03
    104    -0.831398D-02  0.673545D-03 -0.534126D-02 -0.547636D-02  0.163166D-02
    105    -0.182189D-01 -0.190287D-02 -0.123210D-01 -0.660873D-02  0.140380D-01
    106    -0.368259D-02  0.208693D-02 -0.130291D-02 -0.341210D-02 -0.844073D-03
    107     0.965428D-02 -0.203474D-03  0.687712D-02  0.468337D-02 -0.645292D-02
    108    -0.133743D-01  0.289672D-02 -0.654654D-02 -0.853048D-02  0.507730D-02
    109    -0.381768D-02 -0.330767D-03 -0.236065D-02 -0.164944D-02  0.107512D-02
    110    -0.163696D-01  0.428294D-02 -0.999935D-02 -0.922070D-02  0.519967D-02
    111    -0.662349D-02  0.200115D-02 -0.433037D-02 -0.398448D-02  0.227502D-02
    112     0.806379D-02 -0.853405D-03  0.881997D-02  0.739203D-02 -0.124556D-02
    113    -0.900968D-02  0.118616D-02 -0.547575D-02 -0.452368D-02  0.421292D-02
    114     0.733030D-03  0.155798D-05  0.364998D-03  0.308063D-03 -0.331828D-03
    115    -0.220081D-02  0.948902D-03 -0.111658D-02 -0.145907D-02  0.177015D-04
    116     0.353939D-02 -0.157109D-02  0.169711D-02  0.245845D-02 -0.417841D-04
    117    -0.569993D-02  0.261439D-02 -0.271886D-02 -0.428480D-02  0.133912D-04
    118     0.257863D-02 -0.809451D-03  0.122939D-02  0.178231D-02 -0.479422D-03
    119    -0.326584D-02 -0.314066D-03 -0.219551D-02 -0.116114D-02  0.232338D-02
    120    -0.205924D-01  0.708135D-03 -0.128271D-01 -0.929197D-02  0.119884D-01


           ESTIMATED COVARIANCE MATRIX FOR PARAMETER ESTIMATES
                 96            97            98            99           100
              ________      ________      ________      ________      ________
     96     0.374156D-02
     97    -0.408251D-03  0.157091D-03
     98    -0.122798D-02 -0.115974D-04  0.205047D-01
     99     0.160677D-02  0.202990D-03 -0.682567D-03  0.273647D-01
    100    -0.796788D-03  0.152158D-03 -0.178106D-03  0.496402D-03  0.236184D+00
    101    -0.358476D-02 -0.292994D-03  0.548321D-02 -0.452696D-02  0.256222D-02
    102    -0.632172D-03 -0.896506D-04  0.214618D-02 -0.169833D-02  0.511129D-03
    103     0.105637D-02 -0.623982D-04 -0.315438D-02  0.547927D-03 -0.172609D-02
    104     0.188689D-02 -0.395772D-04 -0.522953D-02  0.583225D-02 -0.169122D-02
    105     0.134027D-02  0.418346D-03 -0.753680D-02  0.780161D-02  0.452668D-03
    106     0.196930D-02 -0.212735D-03 -0.480701D-02 -0.250847D-03  0.210206D-02
    107    -0.124521D-02 -0.235909D-03  0.680863D-02 -0.420288D-02 -0.229850D-02
    108     0.379933D-02 -0.738468D-04 -0.110071D-01  0.547623D-02  0.144478D-02
    109     0.218027D-03  0.296517D-04 -0.120838D-02  0.212981D-02  0.178001D-02
    110     0.471566D-02 -0.547479D-05 -0.130200D-01  0.631961D-02 -0.143325D-02
    111     0.256658D-02 -0.738832D-04 -0.504283D-02  0.205816D-02 -0.469880D-02
    112    -0.308440D-02  0.110102D-04  0.753785D-02 -0.270885D-02 -0.196780D-02
    113     0.200480D-02  0.408772D-04 -0.597050D-02  0.384046D-02 -0.680414D-03
    114    -0.108170D-03  0.666463D-06  0.407285D-03 -0.357433D-03 -0.158885D-04
    115     0.817017D-03 -0.451537D-04 -0.230430D-02  0.735938D-03 -0.771163D-04
    116    -0.139403D-02  0.839569D-04  0.371433D-02 -0.956572D-03  0.143984D-03
    117     0.239998D-02 -0.160338D-03 -0.602172D-02  0.834196D-03  0.275950D-04
    118    -0.907050D-03  0.177608D-04  0.236301D-02 -0.802077D-03 -0.267578D-03
    119     0.234954D-03  0.833261D-04 -0.132702D-02  0.150674D-02 -0.901258D-04
    120     0.333946D-02  0.314120D-03 -0.112017D-01  0.978477D-02 -0.114096D-02


           ESTIMATED COVARIANCE MATRIX FOR PARAMETER ESTIMATES
                101           102           103           104           105
              ________      ________      ________      ________      ________
    101     0.338607D-01
    102     0.278143D-02  0.281380D-02
    103    -0.290477D-02 -0.764910D-03  0.229253D-02
    104    -0.550048D-02 -0.196079D-02  0.180458D-02  0.134626D-01
    105    -0.116044D-01 -0.543116D-02  0.130463D-02  0.919322D-02  0.429812D-01
    106    -0.363600D-02 -0.642994D-03  0.174651D-02  0.156229D-02  0.496666D-02
    107     0.105608D-01  0.296791D-02 -0.171627D-02 -0.374435D-02 -0.155822D-01
    108    -0.110198D-01 -0.299559D-02  0.402024D-02  0.758541D-02  0.118663D-01
    109    -0.264759D-02 -0.107925D-02  0.657455D-03  0.178760D-02  0.523874D-02
    110    -0.132069D-01 -0.403195D-02  0.438693D-02  0.841243D-02  0.155790D-01
    111    -0.700808D-02 -0.171629D-02  0.202749D-02  0.217612D-02  0.655470D-02
    112     0.807306D-02  0.200894D-02 -0.125935D-02 -0.712479D-02 -0.750679D-02
    113    -0.816121D-02 -0.234544D-02  0.183103D-02  0.490811D-02  0.102226D-01
    114     0.472778D-03  0.140256D-03 -0.191224D-03 -0.738396D-03 -0.817809D-03
    115    -0.184040D-02 -0.400753D-03  0.758945D-03  0.120963D-02  0.113561D-02
    116     0.292983D-02  0.636768D-03 -0.129179D-02 -0.201360D-02 -0.148336D-02
    117    -0.470677D-02 -0.108462D-02  0.223594D-02  0.337912D-02  0.224628D-02
    118     0.222004D-02  0.595261D-03 -0.804994D-03 -0.150529D-02 -0.187726D-02
    119    -0.208388D-02 -0.937165D-03  0.228290D-03  0.157632D-02  0.536577D-02
    120    -0.145113D-01 -0.556750D-02  0.313665D-02  0.107942D-01  0.278766D-01


           ESTIMATED COVARIANCE MATRIX FOR PARAMETER ESTIMATES
                106           107           108           109           110
              ________      ________      ________      ________      ________
    106     0.145117D-01
    107    -0.236198D-02  0.235932D-01
    108     0.898988D-02 -0.898210D-02  0.280245D-01
    109     0.267707D-04 -0.190415D-02  0.548996D-02  0.129679D-01
    110     0.818208D-02 -0.102212D-01  0.176952D-01  0.364269D-02  0.371929D-01
    111     0.465988D-02 -0.376648D-02  0.938766D-02  0.968060D-03  0.130512D-01
    112    -0.781216D-02  0.570509D-02 -0.142828D-01 -0.210910D-02 -0.138002D-01
    113     0.324979D-02 -0.679404D-02  0.961848D-02  0.229772D-02  0.101611D-01
    114    -0.852438D-04  0.381173D-03 -0.664922D-03 -0.260056D-03 -0.665084D-03
    115     0.186755D-02 -0.115313D-02  0.329024D-02  0.327379D-03  0.373452D-02
    116    -0.304429D-02  0.199818D-02 -0.553821D-02 -0.446363D-03 -0.592036D-02
    117     0.526434D-02 -0.389502D-02  0.923998D-02  0.691148D-03  0.951341D-02
    118    -0.172490D-02  0.181488D-02 -0.366304D-02 -0.425099D-03 -0.379868D-02
    119    -0.143102D-03 -0.258353D-02  0.183088D-02  0.909975D-03  0.256774D-02
    120     0.367119D-02 -0.155759D-01  0.176765D-01  0.503635D-02  0.210324D-01


           ESTIMATED COVARIANCE MATRIX FOR PARAMETER ESTIMATES
                111           112           113           114           115
              ________      ________      ________      ________      ________
    111     0.150025D-01
    112    -0.705967D-02  0.237255D-01
    113     0.473302D-02 -0.689915D-02  0.905740D-02
    114    -0.204675D-03  0.474929D-03 -0.404559D-03  0.125987D-03
    115     0.180934D-02 -0.252123D-02  0.145533D-02 -0.737302D-04  0.114693D-02
    116    -0.294265D-02  0.424080D-02 -0.245542D-02  0.126028D-03 -0.149300D-02
    117     0.503264D-02 -0.735604D-02  0.415310D-02 -0.220373D-03  0.207155D-02
    118    -0.178314D-02  0.276519D-02 -0.189634D-02  0.111804D-03 -0.628778D-03
    119     0.105554D-02 -0.109677D-02  0.184592D-02 -0.140305D-03  0.214951D-03
    120     0.944774D-02 -0.115527D-01  0.127452D-01 -0.926791D-03  0.233920D-02


           ESTIMATED COVARIANCE MATRIX FOR PARAMETER ESTIMATES
                116           117           118           119           120
              ________      ________      ________      ________      ________
    116     0.247243D-02
    117    -0.380143D-02  0.730820D-02
    118     0.108860D-02 -0.183517D-02  0.993182D-03
    119    -0.284603D-03  0.390193D-03 -0.295515D-03  0.102497D-02
    120    -0.382625D-02  0.651419D-02 -0.295480D-02  0.450380D-02  0.325226D-01


           ESTIMATED CORRELATION MATRIX FOR PARAMETER ESTIMATES
                  1             2             3             4             5
              ________      ________      ________      ________      ________
      1         1.000
      2         0.067         1.000
      3         0.004         0.036         1.000
      4         0.091         0.076         0.125         1.000
      5         0.199         0.029         0.100         0.218         1.000
      6        -0.013         0.029        -0.044        -0.011        -0.034
      7         0.045         0.058         0.019         0.041         0.017
      8         0.010         0.005         0.096         0.034         0.056
      9         0.019         0.013         0.091         0.143         0.075
     10         0.071         0.007         0.098         0.073         0.107
     11         0.017        -0.062        -0.013        -0.011         0.000
     12        -0.003         0.016        -0.010         0.043        -0.050
     13        -0.046         0.033        -0.013        -0.004        -0.011
     14         0.310        -0.030         0.023         0.143         0.204
     15         0.036        -0.009        -0.005        -0.019         0.022
     16        -0.006        -0.004         0.056         0.027         0.013
     17        -0.117        -0.084         0.071        -0.017        -0.030
     18         0.052        -0.032         0.027         0.038        -0.024
     19        -0.067        -0.086        -0.015         0.013        -0.025
     20         0.078         0.037        -0.002         0.019        -0.034
     21        -0.039        -0.016         0.006        -0.021         0.002
     22        -0.106         0.039        -0.055        -0.017        -0.004
     23         0.038        -0.021        -0.010        -0.009         0.009
     24        -0.029         0.023         0.040        -0.004        -0.007
     25         0.064        -0.012         0.031         0.005         0.038
     26        -0.107         0.009        -0.034         0.037        -0.012
     27         0.007         0.071         0.011         0.006        -0.008
     28         0.067         0.059         0.034         0.007         0.052
     29        -0.034         0.035         0.002        -0.004         0.017
     30        -0.156         0.002        -0.002        -0.019        -0.055
     31         0.072        -0.019        -0.034        -0.019         0.029
     32        -0.081        -0.030        -0.025        -0.015        -0.012
     33         0.043        -0.011        -0.050        -0.039        -0.042
     34         0.044        -0.016         0.012         0.001        -0.019
     35        -0.049         0.019         0.004        -0.005         0.019
     36        -0.043         0.037         0.007        -0.016         0.022
     37        -0.032         0.005         0.004         0.019         0.006
     38         0.047        -0.002        -0.014         0.008         0.015
     39        -0.004         0.014         0.050         0.055        -0.039
     40        -0.005         0.014        -0.039        -0.050         0.032
     41         0.158         0.046        -0.039         0.038         0.094
     42        -0.049        -0.017        -0.021        -0.050         0.069
     43         0.071         0.064         0.027        -0.011         0.017
     44        -0.080         0.015         0.055        -0.040         0.090
     45         0.075        -0.006        -0.009         0.028         0.032
     46         0.073        -0.036         0.039         0.019        -0.032
     47         0.006         0.012         0.024         0.027        -0.011
     48         0.013         0.011         0.008         0.000        -0.005
     49        -0.051        -0.089        -0.019         0.050        -0.060
     50         0.097        -0.024         0.008        -0.068        -0.021
     51        -0.038        -0.046        -0.005        -0.037         0.036
     52        -0.059         0.013        -0.039        -0.012        -0.033
     53         0.027        -0.012        -0.007         0.018        -0.047
     54         0.122        -0.001        -0.047        -0.041         0.008
     55        -0.106         0.010         0.001        -0.029        -0.050
     56         0.043         0.013         0.022        -0.039         0.017
     57        -0.046        -0.024        -0.028         0.028         0.000
     58        -0.041         0.002         0.031         0.034         0.032
     59         0.042        -0.003        -0.012        -0.004        -0.010
     60         0.029        -0.014        -0.033        -0.005        -0.008
     61         0.038        -0.007        -0.002        -0.076         0.021
     62        -0.048        -0.002         0.035         0.017        -0.030
     63        -0.512        -0.051         0.023        -0.024        -0.131
     64        -0.187        -0.062        -0.007        -0.046        -0.018
     65         0.129         0.024         0.001         0.051         0.031
     66        -0.122        -0.047         0.026        -0.004        -0.015
     67         0.023        -0.024         0.048         0.038         0.002
     68        -0.139        -0.025         0.024         0.007        -0.015
     69         0.070        -0.012        -0.026         0.012        -0.035
     70        -0.033        -0.030         0.040        -0.017         0.004
     71        -0.284        -0.038        -0.007        -0.059        -0.057
     72         0.089        -0.028         0.011         0.006         0.043
     73        -0.034         0.004         0.014         0.005        -0.012
     74        -0.033         0.028        -0.005        -0.026        -0.005
     75        -0.038         0.007         0.039         0.055         0.041
     76         0.142         0.046         0.011         0.004         0.052
     77         0.040        -0.015         0.006        -0.027         0.022
     78        -0.043        -0.014         0.036        -0.019         0.015
     79         0.117        -0.005         0.000        -0.006         0.044
     80         0.132         0.023        -0.020        -0.012        -0.014
     81         0.175         0.018        -0.024        -0.021         0.056
     82        -0.006        -0.016        -0.048        -0.059        -0.032
     83         0.241         0.020        -0.018         0.005         0.047
     84         0.162         0.001         0.004         0.038         0.083
     85        -0.113        -0.009        -0.011         0.005        -0.008
     86         0.031         0.037        -0.013         0.040        -0.021
     87         0.048        -0.034         0.005         0.003         0.011
     88         0.517        -0.018        -0.048         0.039         0.137
     89        -0.583         0.041        -0.036        -0.224        -0.375
     90         0.217        -0.024        -0.046         0.008         0.042
     91         0.354         0.004        -0.020         0.071         0.078
     92        -0.236         0.013        -0.041        -0.120        -0.092
     93         0.259         0.019        -0.041         0.028         0.078
     94         0.269        -0.011        -0.031         0.058         0.194
     95         0.025         0.058         0.013         0.001         0.008
     96        -0.351         0.025         0.027        -0.131        -0.136
     97         0.105         0.017        -0.029         0.070         0.074
     98         0.439        -0.006         0.019         0.109         0.123
     99        -0.095         0.065         0.024        -0.003        -0.027
    100         0.005         0.012        -0.005        -0.025        -0.021
    101         0.203        -0.062        -0.011         0.078         0.063
    102         0.224        -0.036        -0.033         0.003         0.044
    103        -0.409        -0.020        -0.018        -0.124        -0.189
    104        -0.262         0.041         0.014        -0.031        -0.127
    105        -0.121         0.013         0.022         0.011        -0.031
    106        -0.341         0.001        -0.047        -0.133        -0.220
    107         0.149        -0.019         0.016         0.072         0.117
    108        -0.461         0.033         0.004        -0.111        -0.244
    109        -0.077         0.018         0.015         0.025        -0.012
    110        -0.474         0.028         0.030        -0.082        -0.170
    111        -0.371         0.001         0.009        -0.111        -0.188
    112         0.408        -0.029         0.017         0.108         0.216
    113        -0.373         0.012         0.018        -0.119        -0.171
    114         0.145         0.005        -0.001         0.032         0.062
    115        -0.736        -0.027         0.000        -0.088        -0.180
    116         0.732        -0.047        -0.001         0.134         0.257
    117        -0.626         0.039        -0.063        -0.269        -0.417
    118         0.495        -0.049        -0.004         0.095         0.242
    119        -0.141         0.018         0.048         0.019         0.023
    120        -0.305         0.024         0.015        -0.082        -0.147


           ESTIMATED CORRELATION MATRIX FOR PARAMETER ESTIMATES
                  6             7             8             9            10
              ________      ________      ________      ________      ________
      6         1.000
      7        -0.004         1.000
      8        -0.091         0.157         1.000
      9         0.081         0.021         0.053         1.000
     10         0.268         0.031         0.103         0.211         1.000
     11         0.008        -0.002         0.021        -0.024        -0.032
     12        -0.030        -0.009        -0.007        -0.014         0.000
     13         0.042         0.026         0.014         0.019        -0.033
     14        -0.297         0.011         0.071        -0.003         0.007
     15         0.005         0.021         0.041         0.035         0.011
     16        -0.002        -0.020        -0.023         0.015        -0.004
     17        -0.014        -0.012         0.007         0.024         0.027
     18         0.013         0.018         0.027         0.034         0.032
     19        -0.002        -0.008        -0.031         0.026        -0.012
     20        -0.024         0.011        -0.017         0.001         0.000
     21         0.021         0.001        -0.007         0.033         0.018
     22         0.019        -0.002        -0.036        -0.003        -0.036
     23        -0.006         0.004        -0.029         0.002         0.001
     24        -0.016         0.013         0.012         0.008        -0.004
     25         0.003        -0.014        -0.001        -0.011         0.016
     26        -0.013        -0.017        -0.005        -0.007         0.006
     27        -0.016         0.000        -0.004         0.022         0.018
     28         0.070        -0.006         0.019         0.002        -0.006
     29        -0.023         0.021         0.030         0.021        -0.010
     30        -0.004        -0.029        -0.028        -0.023        -0.031
     31         0.009        -0.009        -0.004        -0.041         0.015
     32        -0.003        -0.023        -0.042         0.007        -0.002
     33         0.053         0.007        -0.049        -0.001        -0.033
     34        -0.018         0.020         0.000         0.051        -0.012
     35         0.012        -0.028        -0.042         0.013         0.025
     36        -0.040        -0.008         0.002         0.004         0.034
     37         0.006        -0.037        -0.005        -0.027         0.007
     38        -0.019         0.051        -0.016        -0.001         0.006
     39        -0.009        -0.006        -0.031        -0.027         0.034
     40         0.010         0.007         0.038         0.016         0.025
     41         0.004         0.003         0.024         0.000         0.042
     42        -0.016        -0.016        -0.032        -0.001        -0.031
     43         0.006         0.049         0.020         0.005         0.017
     44         0.033        -0.002         0.007         0.027         0.017
     45        -0.031        -0.006         0.013        -0.030         0.015
     46         0.034         0.030         0.000        -0.008        -0.003
     47         0.032        -0.001         0.008         0.029        -0.014
     48         0.003         0.001         0.011        -0.016        -0.006
     49        -0.025        -0.005         0.001         0.006        -0.055
     50         0.036         0.013        -0.014         0.019         0.007
     51         0.010        -0.002        -0.013        -0.024        -0.032
     52        -0.038        -0.015        -0.026         0.017        -0.030
     53         0.002        -0.013         0.001        -0.001         0.024
     54         0.014         0.021         0.011        -0.024         0.014
     55        -0.002        -0.008        -0.004         0.041        -0.027
     56        -0.005         0.008         0.020        -0.019        -0.001
     57         0.032         0.002        -0.001        -0.054        -0.022
     58         0.023        -0.001         0.009        -0.021         0.040
     59         0.002         0.022         0.025        -0.019         0.002
     60         0.013         0.007        -0.011        -0.001        -0.038
     61        -0.016         0.037        -0.002         0.018         0.007
     62        -0.002        -0.021         0.024        -0.023         0.010
     63        -0.016         0.018         0.012         0.011        -0.047
     64        -0.016        -0.035         0.003         0.036        -0.002
     65        -0.019        -0.016        -0.021         0.002         0.019
     66        -0.057         0.029         0.012         0.007        -0.024
     67        -0.037         0.015         0.007        -0.015         0.015
     68        -0.004         0.003        -0.007         0.023        -0.016
     69         0.006        -0.004        -0.053        -0.006         0.043
     70         0.015         0.017         0.060         0.022         0.003
     71         0.057         0.018         0.006        -0.054        -0.042
     72         0.020        -0.005         0.002        -0.002         0.041
     73        -0.023         0.001         0.000         0.009         0.002
     74        -0.013        -0.008        -0.029        -0.003         0.001
     75         0.003        -0.009         0.064        -0.012         0.047
     76         0.000        -0.031        -0.024         0.003         0.001
     77         0.030        -0.032        -0.022        -0.024        -0.035
     78         0.006        -0.006         0.039         0.000         0.013
     79         0.018         0.008        -0.010        -0.030        -0.008
     80        -0.024         0.016        -0.008        -0.032         0.020
     81         0.069        -0.091        -0.008         0.003         0.023
     82         0.030        -0.036        -0.050        -0.041        -0.072
     83         0.007        -0.004        -0.021        -0.006         0.020
     84         0.014        -0.029        -0.009         0.001         0.010
     85        -0.060         0.011        -0.002        -0.018        -0.031
     86        -0.006         0.007         0.026        -0.003         0.001
     87        -0.031         0.063         0.011         0.037         0.022
     88         0.376        -0.026        -0.075         0.031         0.186
     89         0.038        -0.015        -0.020        -0.043        -0.114
     90         0.692        -0.029        -0.135         0.054         0.276
     91         0.456        -0.008        -0.093         0.016         0.221
     92         0.179        -0.006        -0.028        -0.001         0.017
     93         0.410        -0.008        -0.092         0.035         0.164
     94         0.135        -0.016        -0.033         0.045         0.063
     95        -0.463         0.047         0.091        -0.053        -0.177
     96         0.037        -0.004         0.051        -0.018        -0.066
     97        -0.204        -0.008        -0.012        -0.044        -0.051
     98         0.082         0.010        -0.027         0.057         0.108
     99        -0.189         0.000         0.021         0.010        -0.110
    100         0.025        -0.007         0.018        -0.044        -0.005
    101         0.192        -0.006        -0.031         0.014         0.064
    102         0.379        -0.017        -0.106         0.067         0.153
    103         0.026        -0.007        -0.012        -0.025        -0.087
    104        -0.270         0.016         0.026        -0.014        -0.112
    105        -0.635         0.019         0.090        -0.042        -0.240
    106         0.181        -0.009        -0.060        -0.001         0.025
    107         0.376        -0.013        -0.053         0.089         0.155
    108        -0.109         0.053         0.023        -0.043        -0.109
    109        -0.169         0.028         0.074         0.004         0.012
    110        -0.163        -0.015         0.020        -0.001        -0.133
    111        -0.107         0.024         0.018        -0.001        -0.085
    112         0.038         0.017        -0.016         0.038         0.050
    113        -0.356         0.018         0.040        -0.026        -0.192
    114         0.295        -0.054        -0.058        -0.019         0.106
    115         0.014         0.001        -0.014        -0.020        -0.059
    116        -0.024         0.022         0.028         0.029         0.091
    117         0.033        -0.022        -0.032        -0.033        -0.102
    118        -0.042         0.023         0.003         0.033         0.101
    119        -0.700        -0.014         0.103        -0.024        -0.202
    120        -0.604         0.036         0.073        -0.109        -0.387


           ESTIMATED CORRELATION MATRIX FOR PARAMETER ESTIMATES
                 11            12            13            14            15
              ________      ________      ________      ________      ________
     11         1.000
     12        -0.612         1.000
     13         0.286        -0.268         1.000
     14        -0.289         0.404        -0.627         1.000
     15        -0.041         0.056        -0.030         0.037         1.000
     16        -0.107         0.079        -0.037         0.068        -0.145
     17        -0.360         0.232        -0.122         0.087         0.116
     18        -0.134         0.084        -0.004         0.003        -0.036
     19        -0.028         0.044         0.006        -0.002        -0.097
     20        -0.486         0.299        -0.166         0.196        -0.023
     21         0.089        -0.070         0.041        -0.084         0.058
     22        -0.239         0.144        -0.065         0.056         0.032
     23        -0.196         0.119        -0.066         0.065         0.004
     24        -0.023         0.056         0.013        -0.003         0.057
     25         0.014         0.034        -0.012         0.020        -0.072
     26        -0.313         0.208        -0.065         0.096         0.015
     27        -0.219         0.071         0.005        -0.003        -0.275
     28        -0.137         0.049        -0.032         0.036        -0.067
     29        -0.289         0.188        -0.068         0.049         0.108
     30        -0.248         0.130        -0.065        -0.008        -0.031
     31        -0.387         0.307        -0.155         0.169        -0.114
     32        -0.132         0.087        -0.036         0.017         0.059
     33        -0.071         0.008        -0.004        -0.013         0.014
     34        -0.106         0.050        -0.023         0.040         0.000
     35        -0.137         0.079        -0.057         0.032         0.025
     36        -0.449         0.242        -0.107         0.116        -0.117
     37        -0.058        -0.001         0.010        -0.026         0.037
     38        -0.033         0.027        -0.037         0.041         0.090
     39         0.051        -0.044         0.030        -0.002        -0.651
     40         0.101        -0.156         0.033        -0.071         0.126
     41         0.229        -0.325         0.112        -0.082        -0.118
     42         0.084        -0.125         0.010        -0.028         0.034
     43         0.044        -0.123         0.011        -0.027         0.075
     44         0.265        -0.474         0.157        -0.259         0.038
     45        -0.069         0.142        -0.068         0.158        -0.059
     46         0.140        -0.256         0.083        -0.139        -0.007
     47         0.108        -0.178         0.043        -0.052        -0.029
     48         0.061        -0.045        -0.002         0.004        -0.022
     49         0.052        -0.061        -0.039        -0.002         0.065
     50         0.185        -0.315         0.083        -0.130        -0.028
     51         0.073        -0.124        -0.001        -0.037         0.183
     52         0.042        -0.136         0.016        -0.043         0.035
     53         0.167        -0.228         0.040        -0.035        -0.056
     54         0.120        -0.153         0.025        -0.001         0.015
     55         0.263        -0.468         0.113        -0.227         0.060
     56         0.077        -0.119         0.048        -0.034        -0.063
     57         0.005        -0.008         0.017        -0.028        -0.022
     58         0.054        -0.055         0.003        -0.024         0.020
     59         0.069        -0.130         0.048        -0.079        -0.012
     60         0.260        -0.377         0.113        -0.175         0.060
     61        -0.001         0.002         0.021         0.023        -0.033
     62         0.029        -0.001         0.029        -0.036        -0.063
     63        -0.002         0.024         0.093        -0.299        -0.025
     64        -0.022         0.032        -0.027        -0.059         0.293
     65        -0.029         0.020        -0.141         0.149        -0.060
     66        -0.136         0.139        -0.355         0.222         0.072
     67        -0.013         0.018        -0.050         0.032         0.014
     68        -0.004         0.013        -0.007        -0.040        -0.023
     69        -0.149         0.155        -0.502         0.332         0.003
     70         0.025        -0.056         0.098        -0.072         0.030
     71        -0.063         0.084        -0.214        -0.001         0.004
     72        -0.052         0.026        -0.197         0.138        -0.008
     73         0.012        -0.006         0.044        -0.043         0.006
     74         0.006        -0.025         0.048        -0.078        -0.023
     75        -0.060         0.070        -0.321         0.214        -0.017
     76         0.003         0.011        -0.141         0.126        -0.095
     77        -0.023         0.015        -0.142         0.064        -0.047
     78        -0.076         0.057        -0.232         0.098         0.021
     79        -0.075         0.033        -0.221         0.181         0.021
     80        -0.135         0.115        -0.466         0.337        -0.051
     81        -0.033         0.029        -0.079         0.149         0.020
     82        -0.004         0.026        -0.048        -0.007        -0.030
     83        -0.028         0.008        -0.142         0.174         0.022
     84        -0.058         0.042        -0.162         0.162         0.037
     85        -0.104         0.123        -0.357         0.162        -0.014
     86         0.007         0.031        -0.030         0.050         0.001
     87        -0.019         0.013        -0.059         0.053         0.046
     88         0.021        -0.045        -0.073         0.211         0.026
     89        -0.034         0.061         0.052        -0.495        -0.013
     90         0.012        -0.036        -0.040        -0.080         0.014
     91         0.042        -0.059        -0.013         0.059        -0.213
     92         0.059        -0.068         0.090        -0.318         0.075
     93         0.131        -0.179         0.195        -0.243        -0.055
     94         0.033        -0.072        -0.009         0.155         0.009
     95         0.013        -0.031         0.039         0.091         0.013
     96         0.127        -0.202         0.330        -0.609         0.009
     97        -0.038         0.085        -0.086         0.241        -0.040
     98         0.087        -0.159         0.128         0.052         0.004
     99         0.068        -0.080         0.128        -0.088        -0.001
    100         0.019        -0.007        -0.036         0.022        -0.012
    101         0.014        -0.026        -0.074         0.148         0.041
    102         0.091        -0.140         0.173        -0.196         0.017
    103        -0.019         0.002         0.088        -0.373         0.092
    104         0.011        -0.008         0.081        -0.153         0.039
    105         0.035        -0.017         0.107         0.064        -0.036
    106         0.038        -0.009         0.138        -0.429        -0.022
    107         0.155        -0.232         0.245        -0.256         0.042
    108         0.003         0.011         0.090        -0.377        -0.038
    109         0.001        -0.013         0.047        -0.016         0.014
    110         0.012         0.010         0.098        -0.311        -0.018
    111         0.040        -0.049         0.137        -0.336        -0.047
    112         0.130        -0.201         0.159         0.078         0.046
    113        -0.027         0.031         0.062        -0.182        -0.025
    114         0.020        -0.036         0.022         0.001        -0.047
    115        -0.083         0.050         0.067        -0.348        -0.027
    116         0.045        -0.070        -0.052         0.425         0.010
    117        -0.044         0.070         0.025        -0.441         0.011
    118         0.029        -0.046        -0.067         0.395         0.027
    119        -0.016         0.032         0.027         0.177        -0.012
    120        -0.012         0.042         0.048        -0.058        -0.011


           ESTIMATED CORRELATION MATRIX FOR PARAMETER ESTIMATES
                 16            17            18            19            20
              ________      ________      ________      ________      ________
     16         1.000
     17        -0.047         1.000
     18        -0.005         0.111         1.000
     19         0.021         0.065         0.424         1.000
     20         0.045         0.031        -0.081        -0.064         1.000
     21        -0.042         0.046         0.019        -0.033        -0.608
     22         0.012         0.101        -0.047        -0.035         0.200
     23         0.008        -0.029         0.075        -0.013         0.141
     24         0.033         0.048        -0.004        -0.085        -0.015
     25         0.060        -0.079         0.058         0.086        -0.093
     26        -0.002         0.106        -0.012        -0.040         0.001
     27        -0.138        -0.120         0.023         0.022         0.084
     28         0.011        -0.043        -0.095        -0.209         0.057
     29         0.026         0.054         0.041         0.020         0.014
     30        -0.015         0.076         0.009         0.051        -0.004
     31         0.020         0.013        -0.013        -0.020         0.102
     32        -0.060         0.031        -0.050         0.058        -0.018
     33        -0.019         0.010        -0.041        -0.072        -0.037
     34         0.054        -0.129         0.043        -0.037         0.105
     35        -0.003        -0.020         0.033        -0.018         0.046
     36         0.133         0.301         0.012        -0.072         0.017
     37         0.048         0.031         0.043        -0.043         0.009
     38        -0.006        -0.045         0.008         0.013        -0.031
     39         0.116        -0.108         0.023         0.049         0.018
     40        -0.648         0.033        -0.027        -0.015        -0.042
     41         0.050        -0.678        -0.047        -0.036        -0.007
     42        -0.012        -0.053        -0.648        -0.260         0.076
     43        -0.012        -0.038        -0.268        -0.645         0.065
     44        -0.032        -0.005         0.069         0.062        -0.624
     45         0.038        -0.040        -0.019         0.002         0.378
     46        -0.019        -0.101         0.043         0.013        -0.142
     47         0.016         0.035        -0.015         0.017        -0.095
     48        -0.024        -0.070         0.005         0.017         0.009
     49        -0.055         0.035        -0.039        -0.030         0.044
     50         0.015        -0.066         0.020         0.039        -0.007
     51         0.095         0.110        -0.039        -0.067        -0.029
     52        -0.021         0.072         0.058         0.102        -0.010
     53        -0.022        -0.034        -0.026        -0.021         0.005
     54        -0.022        -0.055        -0.001        -0.053         0.015
     55        -0.036         0.018        -0.020        -0.010        -0.065
     56         0.064        -0.064        -0.006        -0.082         0.045
     57         0.014         0.029         0.029         0.021         0.032
     58        -0.019         0.127        -0.015         0.031        -0.075
     59        -0.004         0.051        -0.002        -0.021        -0.043
     60        -0.089        -0.239        -0.015         0.019         0.034
     61        -0.046        -0.011        -0.048         0.021         0.035
     62        -0.005         0.022         0.008         0.021         0.020
     63         0.011         0.038         0.056         0.121        -0.072
     64        -0.038         0.071         0.005         0.039        -0.041
     65         0.309        -0.024        -0.026        -0.031         0.055
     66         0.002         0.371        -0.008        -0.010         0.001
     67        -0.002        -0.004         0.356         0.161        -0.025
     68         0.017        -0.009         0.165         0.347        -0.052
     69         0.031         0.001        -0.028        -0.047         0.331
     70        -0.005         0.034        -0.043        -0.013        -0.191
     71        -0.011         0.071        -0.051         0.043         0.015
     72         0.018        -0.019         0.021        -0.005         0.076
     73         0.007         0.001         0.000        -0.028        -0.023
     74         0.021        -0.023         0.070         0.057        -0.059
     75        -0.006         0.020        -0.034        -0.030         0.010
     76        -0.033        -0.050         0.024         0.012         0.032
     77         0.008        -0.058        -0.062        -0.080         0.012
     78        -0.011         0.028         0.040         0.041         0.010
     79        -0.045         0.018         0.010         0.019         0.004
     80         0.004        -0.010        -0.028        -0.044         0.034
     81        -0.037        -0.001         0.009         0.042        -0.008
     82        -0.022         0.013        -0.004        -0.013        -0.046
     83        -0.001        -0.056         0.002        -0.050         0.063
     84        -0.001        -0.002         0.000        -0.009         0.047
     85         0.038         0.149         0.000        -0.016         0.014
     86        -0.003        -0.015         0.032        -0.007        -0.002
     87        -0.003         0.000        -0.023        -0.027         0.002
     88         0.000        -0.029        -0.039        -0.069         0.050
     89        -0.007         0.046         0.017         0.051        -0.054
     90        -0.004        -0.007        -0.018        -0.054         0.009
     91         0.028        -0.060        -0.006        -0.039         0.034
     92        -0.400         0.040        -0.007         0.002        -0.081
     93         0.007        -0.371        -0.023        -0.058         0.025
     94        -0.009        -0.040        -0.391        -0.197         0.090
     95        -0.016        -0.030        -0.158        -0.358         0.060
     96        -0.039         0.045         0.074         0.080        -0.392
     97         0.036        -0.053         0.009         0.001         0.245
     98         0.000        -0.080         0.045        -0.028        -0.045
     99        -0.009         0.042         0.006         0.042        -0.092
    100        -0.013        -0.026         0.004         0.029         0.019
    101        -0.043         0.002        -0.055        -0.046         0.072
    102         0.015        -0.052         0.015        -0.016         0.015
    103         0.021         0.080        -0.018        -0.002        -0.046
    104        -0.003         0.058         0.070         0.117        -0.040
    105         0.001         0.000        -0.002         0.022         0.011
    106         0.000         0.014        -0.004        -0.029        -0.010
    107        -0.015         0.006         0.004        -0.019        -0.022
    108         0.020         0.013         0.012        -0.008        -0.012
    109         0.003         0.026         0.012         0.026         0.020
    110        -0.008         0.080         0.008         0.056        -0.084
    111        -0.020         0.041         0.004         0.022        -0.078
    112        -0.055        -0.147        -0.026        -0.022         0.042
    113        -0.020         0.028         0.000         0.062        -0.014
    114        -0.021         0.005         0.001        -0.007         0.029
    115         0.014         0.015        -0.003         0.005        -0.040
    116        -0.006        -0.041        -0.004        -0.038         0.064
    117        -0.004         0.053         0.009         0.054        -0.044
    118        -0.005        -0.042        -0.035        -0.078         0.055
    119         0.017         0.003         0.015         0.055        -0.007
    120        -0.007         0.013         0.012         0.038        -0.018


           ESTIMATED CORRELATION MATRIX FOR PARAMETER ESTIMATES
                 21            22            23            24            25
              ________      ________      ________      ________      ________
     21         1.000
     22         0.039         1.000
     23         0.034         0.172         1.000
     24         0.041         0.047         0.035         1.000
     25        -0.166        -0.105         0.007         0.045         1.000
     26        -0.044         0.027         0.024         0.049        -0.005
     27        -0.021        -0.034        -0.050        -0.072        -0.084
     28        -0.103        -0.072         0.079        -0.014         0.025
     29        -0.003         0.008         0.003         0.060         0.001
     30         0.004         0.067        -0.028         0.015        -0.030
     31        -0.055        -0.017        -0.008        -0.028         0.182
     32        -0.025         0.010         0.061         0.064         0.019
     33        -0.043        -0.012         0.019         0.034         0.012
     34         0.033         0.021         0.057        -0.019        -0.048
     35        -0.010        -0.013        -0.033        -0.078        -0.040
     36        -0.014         0.057         0.029        -0.032         0.008
     37        -0.055        -0.044         0.041        -0.047        -0.122
     38         0.085        -0.015        -0.013        -0.028         0.020
     39        -0.046        -0.009        -0.044        -0.029         0.051
     40         0.032        -0.028         0.030        -0.028        -0.061
     41        -0.043        -0.099         0.043        -0.075         0.060
     42        -0.017         0.043        -0.011         0.007        -0.050
     43         0.005         0.013         0.023         0.041        -0.049
     44         0.367        -0.133        -0.103         0.009         0.061
     45        -0.632         0.004         0.008        -0.062         0.114
     46         0.003        -0.671        -0.099        -0.027         0.038
     47         0.002        -0.097        -0.651        -0.026        -0.013
     48        -0.070        -0.024        -0.019        -0.398        -0.083
     49         0.088         0.014        -0.010        -0.081        -0.597
     50         0.063         0.000         0.001        -0.066        -0.019
     51         0.020         0.075         0.016         0.085         0.068
     52         0.051         0.058        -0.075         0.018        -0.040
     53        -0.006         0.008        -0.018        -0.040        -0.009
     54         0.006        -0.035         0.021        -0.019         0.009
     55         0.051         0.002        -0.005         0.004        -0.141
     56        -0.003        -0.024        -0.034        -0.075        -0.022
     57         0.010         0.026        -0.013        -0.031        -0.001
     58         0.018         0.014        -0.030         0.023         0.020
     59         0.027         0.028         0.024         0.077         0.035
     60         0.000        -0.036        -0.004         0.013        -0.037
     61        -0.005         0.052         0.001         0.031         0.104
     62        -0.061         0.006         0.018         0.025        -0.016
     63         0.037         0.007        -0.030         0.002         0.046
     64         0.052         0.012        -0.029         0.003         0.007
     65        -0.021        -0.013         0.028         0.000        -0.004
     66         0.033         0.053        -0.011        -0.006        -0.025
     67        -0.045        -0.073         0.022        -0.018         0.058
     68        -0.008        -0.003         0.003        -0.051         0.045
     69        -0.199         0.047         0.075        -0.020        -0.035
     70         0.336         0.011        -0.012         0.009        -0.094
     71         0.024         0.330         0.044         0.009        -0.021
     72        -0.015         0.053         0.379         0.006         0.011
     73         0.007         0.013         0.001         0.614         0.007
     74        -0.071        -0.043        -0.002         0.010         0.303
     75        -0.036        -0.012        -0.027         0.033         0.037
     76        -0.040        -0.049        -0.048        -0.032        -0.021
     77        -0.022        -0.009         0.046         0.007         0.028
     78        -0.004        -0.010        -0.058         0.031         0.020
     79         0.014         0.050        -0.025         0.013        -0.019
     80        -0.009         0.033         0.027        -0.011         0.033
     81        -0.013         0.029         0.010        -0.009         0.000
     82        -0.016         0.024         0.003        -0.012         0.037
     83        -0.010         0.018         0.002        -0.017        -0.035
     84        -0.001         0.012        -0.008        -0.027        -0.060
     85        -0.041        -0.017         0.043        -0.009         0.026
     86        -0.007        -0.022        -0.016        -0.018        -0.025
     87         0.032        -0.028        -0.024        -0.014         0.013
     88        -0.028         0.005         0.030        -0.023        -0.006
     89         0.052         0.022         0.000         0.034        -0.006
     90         0.007         0.009         0.022        -0.014        -0.003
     91        -0.027        -0.005         0.021        -0.021         0.011
     92         0.068         0.003        -0.004         0.001        -0.031
     93        -0.032        -0.049         0.047        -0.031         0.014
     94        -0.014         0.058         0.008        -0.003        -0.041
     95        -0.016         0.005         0.015         0.041        -0.021
     96         0.225        -0.068        -0.081         0.036         0.049
     97        -0.417         0.006         0.004        -0.043         0.081
     98        -0.014        -0.377        -0.045        -0.027         0.041
     99         0.007        -0.069        -0.515        -0.009         0.000
    100        -0.036        -0.016        -0.005        -0.593        -0.035
    101         0.039         0.034         0.012        -0.061        -0.364
    102         0.033         0.015         0.021        -0.052        -0.029
    103         0.055         0.063         0.007         0.068         0.037
    104         0.049         0.019        -0.078         0.014        -0.025
    105        -0.012        -0.001         0.005        -0.010        -0.015
    106         0.028        -0.032         0.053        -0.002        -0.003
    107         0.012        -0.023        -0.017        -0.011        -0.062
    108         0.038        -0.010        -0.013         0.008        -0.016
    109         0.028        -0.014        -0.019         0.000        -0.008
    110         0.035         0.006        -0.027         0.038         0.024
    111         0.044         0.004         0.012         0.056         0.023
    112        -0.001         0.003        -0.019        -0.014        -0.020
    113         0.019         0.017         0.000         0.035         0.023
    114        -0.049         0.031         0.040         0.005         0.002
    115         0.010         0.018        -0.022         0.032        -0.020
    116        -0.045        -0.023         0.000        -0.040        -0.004
    117         0.060         0.031         0.031         0.044         0.000
    118        -0.031        -0.023         0.002        -0.016        -0.006
    119        -0.012        -0.010        -0.020         0.008        -0.003
    120         0.005        -0.002        -0.031         0.022        -0.005


           ESTIMATED CORRELATION MATRIX FOR PARAMETER ESTIMATES
                 26            27            28            29            30
              ________      ________      ________      ________      ________
     26         1.000
     27        -0.150         1.000
     28        -0.012         0.109         1.000
     29         0.077         0.014        -0.028         1.000
     30         0.023        -0.007        -0.054         0.575         1.000
     31        -0.085        -0.002         0.182        -0.030        -0.075
     32         0.027         0.065         0.037         0.067         0.060
     33         0.025         0.066         0.033         0.022         0.066
     34        -0.031         0.028        -0.031         0.017        -0.025
     35        -0.007         0.049        -0.121         0.015         0.024
     36         0.029         0.460        -0.104        -0.009         0.009
     37         0.008         0.048         0.019        -0.115         0.037
     38        -0.009        -0.194        -0.366         0.061         0.028
     39        -0.009         0.159         0.034        -0.062         0.020
     40         0.008         0.061        -0.018        -0.037        -0.023
     41        -0.074         0.079         0.066        -0.045        -0.058
     42         0.010        -0.044         0.057        -0.033        -0.011
     43         0.037        -0.071         0.100        -0.023        -0.053
     44        -0.014        -0.022        -0.006         0.006         0.017
     45         0.080         0.012         0.044        -0.009         0.008
     46        -0.002         0.055         0.061         0.017        -0.038
     47        -0.007         0.016        -0.064         0.002         0.036
     48        -0.059         0.061         0.013        -0.045        -0.024
     49        -0.025         0.027        -0.034        -0.014         0.004
     50        -0.652         0.092        -0.007        -0.035        -0.007
     51         0.116        -0.617        -0.077         0.003         0.037
     52        -0.011        -0.047        -0.649         0.033         0.064
     53        -0.036         0.013         0.014        -0.635        -0.337
     54        -0.008         0.054         0.059        -0.362        -0.640
     55         0.058         0.002        -0.106         0.006         0.056
     56        -0.047        -0.004         0.025        -0.061        -0.027
     57         0.014        -0.047         0.002         0.018         0.000
     58         0.030        -0.044         0.020        -0.013         0.029
     59         0.029        -0.013         0.080        -0.011        -0.005
     60        -0.031        -0.230         0.118        -0.010        -0.001
     61         0.021        -0.005        -0.018         0.097        -0.035
     62         0.020         0.121         0.252        -0.023         0.003
     63         0.032        -0.017        -0.063         0.034         0.052
     64        -0.011        -0.052        -0.064         0.035         0.036
     65        -0.018        -0.021         0.024        -0.038        -0.058
     66         0.038        -0.042        -0.056         0.026         0.022
     67        -0.021         0.029        -0.057         0.029         0.022
     68        -0.018         0.028        -0.080         0.027         0.053
     69         0.002         0.003         0.007         0.007        -0.027
     70        -0.023        -0.010        -0.022        -0.009         0.019
     71         0.007        -0.047        -0.034        -0.012         0.064
     72        -0.038        -0.043         0.051        -0.065        -0.031
     73         0.007        -0.013        -0.006         0.026         0.016
     74         0.038        -0.028         0.022         0.005        -0.006
     75         0.288        -0.057        -0.003        -0.028         0.009
     76        -0.071         0.267         0.034        -0.010        -0.063
     77        -0.018         0.028         0.348         0.020        -0.020
     78        -0.028        -0.010         0.005         0.301         0.196
     79        -0.027        -0.014         0.001         0.167         0.334
     80        -0.020        -0.013         0.090         0.021        -0.005
     81        -0.001         0.004         0.030         0.025         0.025
     82         0.010         0.007         0.015         0.020         0.011
     83        -0.058         0.001         0.033        -0.001        -0.024
     84        -0.028         0.011        -0.021        -0.010         0.006
     85         0.003         0.066        -0.067        -0.051        -0.054
     86        -0.018         0.016        -0.017        -0.028        -0.008
     87        -0.014        -0.101        -0.147         0.003        -0.011
     88        -0.041        -0.003         0.073        -0.049        -0.077
     89         0.018        -0.004        -0.048         0.063         0.116
     90        -0.043        -0.007         0.077        -0.041        -0.036
     91        -0.025         0.033         0.078        -0.070        -0.060
     92         0.022         0.010        -0.014         0.014         0.052
     93        -0.074         0.042         0.086        -0.044        -0.045
     94         0.007        -0.023         0.098        -0.064        -0.077
     95         0.043        -0.022         0.040        -0.018        -0.043
     96         0.018        -0.002        -0.040         0.048         0.093
     97         0.045         0.016         0.030         0.005        -0.020
     98        -0.010         0.048         0.059        -0.013        -0.099
     99         0.024         0.018        -0.097         0.065         0.073
    100        -0.032         0.032         0.012        -0.033        -0.028
    101        -0.049         0.042         0.007        -0.036        -0.021
    102        -0.368         0.059         0.051        -0.026        -0.045
    103         0.090        -0.279        -0.060         0.051         0.133
    104         0.029        -0.027        -0.429         0.039         0.076
    105         0.037         0.021        -0.060        -0.197        -0.113
    106         0.002         0.048         0.022        -0.179        -0.312
    107         0.000         0.008        -0.026        -0.035        -0.012
    108         0.009         0.001        -0.036         0.016         0.057
    109         0.030        -0.032        -0.032         0.007         0.001
    110         0.049        -0.012        -0.049         0.026         0.079
    111         0.043         0.000         0.017         0.025         0.063
    112        -0.017        -0.086         0.086         0.001        -0.015
    113         0.045         0.000        -0.071         0.071         0.061
    114        -0.005         0.097         0.227        -0.040        -0.033
    115         0.065         0.038        -0.013         0.071         0.113
    116        -0.030        -0.005         0.041        -0.062        -0.106
    117         0.012        -0.006        -0.047         0.052         0.104
    118        -0.021         0.002         0.045        -0.057        -0.086
    119         0.040         0.016        -0.053         0.029         0.014
    120         0.043         0.001        -0.075         0.053         0.069


           ESTIMATED CORRELATION MATRIX FOR PARAMETER ESTIMATES
                 31            32            33            34            35
              ________      ________      ________      ________      ________
     31         1.000
     32         0.005         1.000
     33        -0.030         0.331         1.000
     34        -0.004        -0.186         0.043         1.000
     35         0.075        -0.033        -0.011         0.216         1.000
     36         0.019        -0.039        -0.069         0.007         0.039
     37         0.015         0.027         0.056        -0.023        -0.075
     38        -0.112        -0.058        -0.059        -0.023        -0.016
     39         0.059        -0.061        -0.007         0.033        -0.005
     40        -0.038         0.067         0.016        -0.030        -0.024
     41         0.017        -0.072         0.018         0.124         0.058
     42        -0.020        -0.009         0.027        -0.005        -0.001
     43        -0.013        -0.079         0.035         0.026        -0.017
     44        -0.067         0.038         0.037        -0.063        -0.052
     45         0.056         0.001         0.003         0.014         0.037
     46         0.004        -0.025         0.038         0.012         0.016
     47        -0.001        -0.030        -0.006        -0.028         0.018
     48        -0.004        -0.075        -0.022         0.023         0.069
     49        -0.136        -0.016         0.018         0.021         0.019
     50         0.058        -0.036         0.013         0.028         0.033
     51         0.005        -0.008        -0.057        -0.039        -0.024
     52        -0.122         0.030         0.008         0.020         0.086
     53        -0.005        -0.072         0.000        -0.005        -0.002
     54         0.057        -0.021        -0.002         0.024         0.012
     55        -0.667         0.005         0.018        -0.028        -0.062
     56         0.011        -0.674        -0.206         0.119         0.000
     57         0.021        -0.219        -0.601        -0.030         0.011
     58        -0.029         0.121        -0.042        -0.660        -0.155
     59        -0.058        -0.004         0.009        -0.150        -0.634
     60        -0.008         0.036         0.064         0.015         0.008
     61        -0.002         0.001        -0.058        -0.022         0.057
     62         0.078         0.045         0.039         0.005        -0.022
     63        -0.023         0.028        -0.024        -0.032         0.072
     64        -0.049         0.041        -0.015         0.019         0.069
     65         0.010        -0.040        -0.018         0.010        -0.018
     66        -0.003         0.023        -0.001        -0.043         0.028
     67        -0.028         0.028         0.013         0.035         0.003
     68        -0.027         0.097        -0.015        -0.001         0.041
     69         0.024        -0.033        -0.042         0.028         0.022
     70        -0.003         0.001        -0.005         0.018         0.023
     71         0.030         0.046         0.029        -0.005         0.063
     72         0.023        -0.003         0.015        -0.014        -0.034
     73        -0.012        -0.001         0.001        -0.011        -0.017
     74         0.040         0.021         0.025        -0.030        -0.036
     75        -0.013         0.008         0.007        -0.038        -0.026
     76        -0.009        -0.021        -0.007        -0.012        -0.016
     77         0.090        -0.003        -0.004         0.001        -0.049
     78         0.018         0.057         0.000        -0.006        -0.001
     79         0.014         0.035        -0.005        -0.004        -0.014
     80         0.335        -0.014         0.017         0.015         0.019
     81         0.003         0.314         0.119        -0.056        -0.033
     82         0.018         0.099         0.314         0.004         0.021
     83         0.030        -0.064         0.024         0.340         0.048
     84         0.036        -0.012         0.031         0.078         0.286
     85        -0.018        -0.036        -0.045        -0.045         0.011
     86         0.006        -0.007         0.002         0.003        -0.064
     87        -0.047        -0.034        -0.043         0.015        -0.002
     88         0.027        -0.034         0.039         0.005        -0.079
     89        -0.015         0.037         0.012         0.002         0.090
     90         0.031        -0.004         0.047        -0.018        -0.041
     91         0.040        -0.044         0.033        -0.022        -0.087
     92        -0.016         0.060         0.013        -0.021         0.016
     93         0.031        -0.043         0.042         0.047        -0.017
     94         0.029        -0.033        -0.004        -0.031        -0.061
     95        -0.001        -0.086        -0.015         0.021        -0.010
     96        -0.044         0.072         0.028        -0.044        -0.008
     97         0.021        -0.016        -0.006         0.000         0.018
     98        -0.010        -0.052         0.000         0.014        -0.078
     99        -0.032        -0.004        -0.031        -0.011         0.043
    100         0.013        -0.036        -0.017         0.014         0.040
    101        -0.052        -0.037         0.017         0.030        -0.012
    102         0.041        -0.016         0.040         0.020        -0.012
    103        -0.004         0.037        -0.010        -0.007         0.053
    104        -0.102         0.040        -0.002         0.018         0.097
    105        -0.026        -0.039        -0.048         0.010         0.021
    106         0.025        -0.003         0.009        -0.009         0.061
    107        -0.346        -0.011         0.009        -0.019        -0.076
    108        -0.019        -0.247        -0.095         0.055         0.068
    109        -0.019        -0.132        -0.413        -0.009         0.025
    110        -0.030         0.078        -0.036        -0.314        -0.008
    111        -0.054         0.024        -0.002        -0.085        -0.298
    112         0.014        -0.002         0.037         0.029        -0.055
    113        -0.030         0.016        -0.036         0.014         0.107
    114         0.074         0.024         0.043        -0.032        -0.067
    115        -0.004         0.106         0.012        -0.023         0.089
    116        -0.007        -0.071         0.000         0.019        -0.091
    117        -0.005         0.055         0.008        -0.005         0.063
    118         0.013        -0.004         0.001        -0.009        -0.090
    119        -0.028         0.018        -0.036         0.016         0.028
    120        -0.038         0.009        -0.036         0.018         0.054


           ESTIMATED CORRELATION MATRIX FOR PARAMETER ESTIMATES
                 36            37            38            39            40
              ________      ________      ________      ________      ________
     36         1.000
     37         0.042         1.000
     38         0.038        -0.028         1.000
     39         0.055        -0.041        -0.058         1.000
     40        -0.098        -0.029         0.008        -0.196         1.000
     41        -0.225        -0.025         0.019         0.159        -0.052
     42        -0.022        -0.043         0.009        -0.061         0.035
     43         0.011         0.035         0.025        -0.077         0.020
     44         0.030         0.053         0.020        -0.050         0.072
     45         0.005        -0.017        -0.056         0.076        -0.061
     46        -0.043         0.063         0.006         0.003         0.062
     47        -0.021         0.008         0.013         0.043        -0.053
     48         0.005         0.041         0.014         0.047         0.042
     49        -0.048         0.091        -0.021        -0.099         0.105
     50        -0.019         0.018         0.013         0.009        -0.019
     51        -0.228        -0.015         0.147        -0.254        -0.115
     52         0.122        -0.011         0.240        -0.070         0.023
     53         0.009         0.097        -0.014         0.072         0.062
     54         0.018        -0.051        -0.005        -0.031         0.007
     55        -0.006        -0.007         0.065        -0.117         0.042
     56         0.036         0.004         0.045         0.078        -0.075
     57         0.067        -0.056         0.044        -0.023        -0.063
     58         0.015        -0.004         0.010        -0.077         0.039
     59         0.014         0.067        -0.025         0.018         0.029
     60        -0.653         0.008        -0.057        -0.088         0.167
     61         0.012        -0.593         0.020         0.067         0.013
     62        -0.063         0.022        -0.687         0.092         0.009
     63        -0.005         0.026        -0.048         0.004        -0.015
     64        -0.008         0.002         0.021        -0.266         0.033
     65         0.044        -0.017         0.012         0.087        -0.280
     66         0.149         0.008         0.000        -0.053         0.017
     67        -0.007         0.035        -0.027         0.001         0.000
     68        -0.033        -0.001        -0.032         0.022        -0.020
     69         0.024        -0.012         0.011         0.008        -0.032
     70        -0.033         0.010         0.025        -0.037         0.024
     71        -0.017        -0.019        -0.043        -0.001        -0.008
     72         0.032        -0.010        -0.021        -0.029        -0.018
     73        -0.003         0.000        -0.013        -0.005         0.000
     74         0.000        -0.055        -0.003         0.008        -0.029
     75        -0.012        -0.008        -0.023         0.001         0.006
     76         0.101        -0.009        -0.074         0.073         0.019
     77        -0.063        -0.040        -0.149         0.039         0.006
     78        -0.055        -0.026         0.020        -0.017        -0.005
     79        -0.032        -0.002         0.030        -0.012         0.028
     80        -0.013        -0.001        -0.031         0.057        -0.002
     81        -0.028        -0.012        -0.003        -0.007         0.052
     82        -0.028        -0.002        -0.051         0.026         0.009
     83        -0.021        -0.018         0.028        -0.005         0.009
     84         0.007        -0.082         0.028        -0.029        -0.015
     85         0.325         0.027         0.034        -0.023        -0.033
     86         0.020         0.132         0.008        -0.003         0.009
     87         0.030        -0.003         0.499        -0.042        -0.006
     88        -0.025        -0.026         0.038        -0.007         0.013
     89         0.010         0.026        -0.042        -0.015        -0.014
     90        -0.029         0.007         0.011        -0.010         0.014
     91        -0.009        -0.022         0.002         0.295        -0.033
     92        -0.081         0.000        -0.028        -0.137         0.534
     93        -0.145        -0.013         0.013         0.067        -0.018
     94        -0.019        -0.045         0.029        -0.018         0.022
     95         0.032         0.011         0.020        -0.024         0.004
     96         0.016         0.042        -0.014        -0.041         0.041
     97         0.033        -0.016        -0.035         0.056        -0.050
     98        -0.004         0.007         0.053         0.019         0.040
     99        -0.020         0.016         0.027         0.017        -0.008
    100         0.003         0.013         0.007         0.025         0.016
    101        -0.025         0.052         0.028        -0.045         0.068
    102        -0.020         0.014         0.030        -0.005        -0.019
    103        -0.105         0.026         0.055        -0.144        -0.037
    104         0.071         0.011         0.153        -0.052        -0.004
    105         0.061         0.014        -0.017         0.035         0.001
    106         0.047         0.004        -0.046        -0.003        -0.008
    107        -0.008        -0.003         0.056        -0.067         0.030
    108         0.032         0.021        -0.014         0.015        -0.052
    109         0.044        -0.024         0.038        -0.024        -0.020
    110         0.033         0.034        -0.046        -0.029        -0.007
    111         0.017         0.094        -0.060         0.034         0.016
    112        -0.351        -0.016        -0.005        -0.033         0.084
    113         0.029        -0.184        -0.025         0.021        -0.007
    114        -0.041         0.002        -0.489         0.066         0.032
    115         0.062         0.032        -0.051        -0.013        -0.005
    116        -0.024        -0.046         0.056         0.027         0.014
    117         0.008         0.030        -0.048        -0.051        -0.002
    118        -0.027         0.007         0.033        -0.003         0.021
    119         0.034        -0.006        -0.013         0.004        -0.016
    120         0.020         0.012        -0.013         0.013        -0.013


           ESTIMATED CORRELATION MATRIX FOR PARAMETER ESTIMATES
                 41            42            43            44            45
              ________      ________      ________      ________      ________
     41         1.000
     42         0.046         1.000
     43         0.028         0.397         1.000
     44         0.009        -0.127        -0.055         1.000
     45         0.086         0.003        -0.048        -0.591         1.000
     46         0.117        -0.032         0.000         0.253        -0.067
     47        -0.044         0.014         0.010         0.121        -0.021
     48         0.087        -0.025        -0.064        -0.004         0.067
     49        -0.056         0.093         0.066        -0.113        -0.105
     50         0.105        -0.001        -0.012         0.015        -0.104
     51        -0.145         0.085         0.132         0.020        -0.005
     52        -0.107        -0.083        -0.084         0.034        -0.059
     53         0.029         0.042         0.000        -0.022        -0.016
     54         0.028        -0.003         0.005        -0.049        -0.009
     55        -0.039         0.024         0.054         0.096        -0.110
     56         0.065         0.003         0.118        -0.040         0.007
     57        -0.022        -0.055        -0.056        -0.029        -0.027
     58        -0.155         0.012        -0.037         0.085        -0.016
     59        -0.089         0.030         0.011         0.103        -0.082
     60         0.343         0.062         0.023        -0.060        -0.002
     61         0.009         0.046        -0.028        -0.056        -0.003
     62        -0.040        -0.012        -0.049        -0.026         0.055
     63        -0.076        -0.035        -0.088         0.061        -0.058
     64        -0.082         0.002        -0.014         0.026        -0.053
     65         0.056         0.028         0.027        -0.049         0.050
     66        -0.364        -0.002        -0.013        -0.006         0.001
     67        -0.003        -0.310        -0.146         0.050         0.021
     68        -0.013        -0.144        -0.330         0.054         0.008
     69        -0.003         0.054         0.045        -0.316         0.187
     70        -0.006         0.023         0.021         0.174        -0.282
     71        -0.098         0.020        -0.059        -0.040         0.012
     72         0.039         0.009         0.023        -0.057         0.005
     73        -0.014        -0.001         0.028         0.013        -0.001
     74         0.011        -0.040        -0.038         0.069         0.047
     75         0.000        -0.001         0.016        -0.016         0.057
     76         0.051        -0.029        -0.031        -0.036         0.030
     77         0.061         0.051         0.070        -0.033         0.022
     78        -0.033        -0.027        -0.009         0.022        -0.016
     79        -0.001        -0.011        -0.012        -0.002         0.003
     80         0.004         0.003         0.015        -0.036         0.032
     81        -0.015        -0.027        -0.041         0.003         0.033
     82        -0.003         0.003         0.003         0.000         0.007
     83         0.087         0.014         0.044        -0.039         0.018
     84         0.041        -0.004        -0.022        -0.042         0.017
     85        -0.168         0.003        -0.001         0.005         0.012
     86         0.006        -0.035        -0.013        -0.036         0.041
     87         0.007         0.023         0.024         0.020        -0.046
     88         0.071         0.018         0.063        -0.039         0.047
     89        -0.110        -0.016        -0.066         0.042        -0.108
     90         0.026         0.009         0.054        -0.001        -0.015
     91         0.101        -0.013         0.032        -0.026         0.038
     92        -0.080         0.004        -0.015         0.073        -0.101
     93         0.510         0.010         0.055        -0.004         0.028
     94         0.061         0.498         0.244        -0.106         0.036
     95         0.018         0.198         0.475        -0.057         0.006
     96        -0.060        -0.099        -0.079         0.515        -0.321
     97         0.062        -0.012        -0.030        -0.318         0.537
     98         0.129        -0.029         0.050         0.112         0.000
     99        -0.073        -0.020        -0.029         0.098        -0.011
    100         0.039        -0.015        -0.055        -0.011         0.025
    101         0.011         0.058         0.057        -0.090        -0.025
    102         0.057        -0.002         0.026         0.004        -0.064
    103        -0.142         0.059         0.036         0.037        -0.071
    104        -0.096        -0.067        -0.098         0.038        -0.053
    105        -0.012         0.023        -0.038        -0.031         0.023
    106        -0.066         0.017         0.004        -0.005        -0.074
    107         0.029         0.020         0.059         0.036        -0.032
    108        -0.050         0.003         0.007         0.006        -0.074
    109        -0.028        -0.018        -0.038         0.001        -0.023
    110        -0.148        -0.012        -0.068         0.070        -0.065
    111        -0.108         0.011        -0.017         0.080        -0.090
    112         0.224         0.032         0.057        -0.038         0.047
    113        -0.065         0.012        -0.064         0.020        -0.057
    114         0.004        -0.016        -0.006        -0.024         0.062
    115        -0.092        -0.005        -0.046         0.057        -0.075
    116         0.113         0.021         0.068        -0.050         0.105
    117        -0.114         0.008        -0.069         0.026        -0.108
    118         0.093         0.038         0.073        -0.046         0.077
    119        -0.011        -0.007        -0.062         0.002         0.028
    120        -0.052        -0.004        -0.043         0.004        -0.013


           ESTIMATED CORRELATION MATRIX FOR PARAMETER ESTIMATES
                 46            47            48            49            50
              ________      ________      ________      ________      ________
     46         1.000
     47         0.148         1.000
     48         0.009         0.020         1.000
     49        -0.018         0.006         0.112         1.000
     50         0.011         0.033         0.060         0.017         1.000
     51        -0.114         0.033        -0.140        -0.126        -0.162
     52        -0.061         0.132        -0.031         0.041         0.022
     53        -0.031         0.015         0.036         0.022        -0.019
     54         0.023        -0.005         0.022         0.017        -0.063
     55         0.011        -0.010        -0.008         0.219        -0.049
     56         0.089         0.032         0.097         0.020         0.062
     57         0.005         0.005         0.041        -0.022        -0.035
     58        -0.079        -0.001        -0.031        -0.028        -0.034
     59         0.006        -0.012        -0.109        -0.053        -0.016
     60         0.053         0.044        -0.024         0.066         0.038
     61        -0.052        -0.021        -0.054        -0.154        -0.018
     62         0.024        -0.048        -0.020         0.025        -0.054
     63        -0.001        -0.022        -0.006         0.002        -0.014
     64        -0.024        -0.030        -0.010         0.009        -0.001
     65        -0.014        -0.017         0.007        -0.013         0.017
     66        -0.069         0.015        -0.011         0.015        -0.029
     67         0.037         0.007         0.002        -0.010        -0.021
     68        -0.019         0.009         0.021        -0.028         0.017
     69        -0.075        -0.052         0.009         0.049        -0.004
     70         0.032         0.000        -0.007         0.055         0.034
     71        -0.296        -0.054        -0.002         0.052        -0.017
     72        -0.049        -0.314        -0.004         0.004         0.050
     73         0.000        -0.002        -0.170         0.005        -0.018
     74         0.051         0.000        -0.022        -0.274        -0.010
     75        -0.009         0.023        -0.012        -0.007        -0.300
     76         0.048         0.059         0.014         0.042         0.050
     77         0.021        -0.057         0.007        -0.001         0.000
     78         0.004         0.034        -0.003         0.000        -0.001
     79         0.002         0.023        -0.001         0.014         0.003
     80        -0.030         0.007         0.007        -0.032         0.036
     81        -0.027         0.018        -0.008        -0.020        -0.013
     82         0.004        -0.007        -0.007         0.000        -0.012
     83        -0.017         0.027         0.007         0.012         0.032
     84        -0.023         0.025         0.013         0.055         0.036
     85        -0.005        -0.042         0.000         0.022        -0.003
     86        -0.012         0.007         0.021         0.042        -0.026
     87         0.005         0.027         0.011        -0.015         0.006
     88         0.016         0.022         0.013        -0.006         0.030
     89        -0.009        -0.062        -0.033         0.012        -0.016
     90         0.040         0.015        -0.002        -0.007         0.036
     91         0.043         0.030         0.022        -0.040         0.031
     92         0.048        -0.014        -0.003         0.051        -0.038
     93         0.095        -0.034         0.040        -0.023         0.064
     94        -0.030         0.015         0.004         0.025         0.012
     95        -0.021        -0.017        -0.025         0.030        -0.034
     96         0.142         0.052        -0.026        -0.061        -0.011
     97        -0.060        -0.007         0.047        -0.057        -0.072
     98         0.502         0.095         0.011        -0.055         0.025
     99         0.079         0.651         0.009        -0.003        -0.025
    100        -0.002        -0.001         0.679         0.045         0.034
    101        -0.038         0.021         0.071         0.521         0.025
    102         0.031         0.016         0.027         0.003         0.485
    103        -0.085        -0.034        -0.076        -0.071        -0.105
    104        -0.045         0.072        -0.021         0.022        -0.020
    105        -0.051        -0.028         0.015         0.025        -0.038
    106         0.003        -0.077        -0.009         0.015        -0.024
    107         0.041         0.034         0.003         0.082        -0.013
    108         0.022        -0.042         0.009         0.027        -0.001
    109        -0.013         0.004         0.022        -0.025        -0.037
    110        -0.026        -0.021        -0.030        -0.013        -0.035
    111         0.022        -0.047        -0.061        -0.026        -0.026
    112         0.007         0.073         0.011        -0.003         0.013
    113        -0.025        -0.043        -0.035        -0.043        -0.024
    114         0.038        -0.015        -0.008         0.006        -0.007
    115        -0.001        -0.037        -0.021        -0.002        -0.031
    116         0.007         0.067         0.033         0.011         0.024
    117        -0.018        -0.113        -0.046         0.011        -0.018
    118         0.012         0.050         0.003        -0.004        -0.011
    119        -0.040        -0.014         0.005         0.006        -0.041
    120        -0.028        -0.006        -0.013         0.018        -0.043


           ESTIMATED CORRELATION MATRIX FOR PARAMETER ESTIMATES
                 51            52            53            54            55
              ________      ________      ________      ________      ________
     51         1.000
     52         0.150         1.000
     53         0.006        -0.023         1.000
     54        -0.049        -0.053         0.553         1.000
     55         0.022         0.209         0.006        -0.064         1.000
     56         0.028        -0.023         0.050         0.032        -0.027
     57         0.094         0.002        -0.051         0.005        -0.020
     58         0.064        -0.038        -0.032        -0.086         0.055
     59         0.035        -0.124         0.017        -0.011         0.078
     60         0.330        -0.166        -0.003        -0.026         0.004
     61         0.021         0.012        -0.177         0.068         0.032
     62        -0.235        -0.380         0.021        -0.015        -0.125
     63         0.012         0.050        -0.066        -0.066         0.045
     64         0.077         0.053        -0.040        -0.017         0.067
     65        -0.026        -0.015         0.029         0.038        -0.020
     66         0.056         0.066        -0.035        -0.017        -0.012
     67        -0.021         0.048        -0.032        -0.027         0.007
     68        -0.037         0.070        -0.011        -0.044         0.010
     69        -0.011        -0.023         0.023         0.029        -0.032
     70         0.022         0.020        -0.006        -0.014         0.023
     71         0.054         0.042        -0.011        -0.030        -0.014
     72         0.045        -0.063         0.048         0.012         0.002
     73         0.002         0.009        -0.003        -0.001         0.012
     74         0.033        -0.002        -0.010        -0.006        -0.027
     75         0.053        -0.012         0.021         0.003         0.035
     76        -0.289        -0.041         0.021         0.066        -0.002
     77        -0.038        -0.319        -0.029         0.038        -0.052
     78         0.025        -0.003        -0.272        -0.168         0.014
     79         0.029         0.029        -0.127        -0.276         0.018
     80         0.004        -0.063         0.013         0.031        -0.283
     81        -0.001         0.006        -0.005         0.008        -0.018
     82        -0.024         0.001        -0.025         0.008        -0.013
     83        -0.010        -0.029         0.029         0.035        -0.028
     84        -0.001         0.031         0.006        -0.004        -0.048
     85        -0.071         0.073         0.030         0.036         0.011
     86        -0.015         0.008         0.067         0.025        -0.029
     87         0.103         0.129         0.014         0.012         0.036
     88        -0.006        -0.058         0.080         0.098        -0.049
     89         0.025         0.047        -0.073        -0.088         0.050
     90         0.003        -0.054         0.049         0.059        -0.022
     91        -0.087        -0.073         0.084         0.065        -0.075
     92         0.014         0.019        -0.014        -0.039         0.050
     93        -0.086        -0.092         0.043         0.045        -0.014
     94         0.039        -0.095         0.092         0.084        -0.018
     95         0.054        -0.033        -0.009         0.012         0.021
     96         0.014         0.042        -0.071        -0.090         0.073
     97        -0.017        -0.029        -0.011         0.012        -0.062
     98        -0.097        -0.066         0.027         0.062        -0.016
     99        -0.001         0.126        -0.055        -0.060         0.017
    100        -0.064        -0.023         0.013         0.017        -0.013
    101        -0.091        -0.004         0.060         0.052         0.070
    102        -0.090        -0.041         0.001         0.011        -0.050
    103         0.485         0.085        -0.049        -0.112         0.033
    104         0.070         0.519        -0.039        -0.102         0.110
    105        -0.016         0.038         0.259         0.129         0.002
    106        -0.036        -0.039         0.207         0.426        -0.026
    107        -0.008         0.052         0.024        -0.009         0.428
    108         0.016         0.017        -0.049        -0.072         0.044
    109         0.060         0.018        -0.016        -0.026         0.034
    110         0.047         0.039        -0.062        -0.093         0.065
    111         0.006        -0.035        -0.039        -0.056         0.099
    112         0.127        -0.113         0.018         0.016        -0.026
    113         0.022         0.064        -0.113        -0.060         0.051
    114        -0.142        -0.232         0.033         0.040        -0.078
    115         0.017         0.036        -0.064        -0.083         0.036
    116        -0.023        -0.045         0.072         0.095        -0.059
    117         0.022         0.041        -0.042        -0.082         0.056
    118        -0.009        -0.048         0.095         0.089        -0.042
    119        -0.008         0.039        -0.023        -0.034         0.009
    120         0.011         0.056        -0.065        -0.077         0.031


           ESTIMATED CORRELATION MATRIX FOR PARAMETER ESTIMATES
                 56            57            58            59            60
              ________      ________      ________      ________      ________
     56         1.000
     57         0.303         1.000
     58        -0.171         0.036         1.000
     59        -0.001        -0.079         0.231         1.000
     60        -0.063        -0.083        -0.011        -0.035         1.000
     61         0.045         0.095        -0.065        -0.067        -0.033
     62        -0.112        -0.062        -0.038         0.034         0.106
     63         0.006         0.005        -0.012        -0.091        -0.027
     64        -0.009         0.013        -0.029        -0.057        -0.009
     65         0.048         0.012         0.021         0.015        -0.049
     66        -0.058        -0.006         0.057         0.009        -0.170
     67        -0.042        -0.011        -0.009        -0.008         0.019
     68        -0.078         0.010         0.014        -0.082         0.017
     69         0.014        -0.001        -0.013        -0.044        -0.003
     70         0.025         0.007        -0.020         0.020         0.024
     71        -0.033         0.006         0.007        -0.077        -0.010
     72         0.008        -0.003         0.037         0.026        -0.018
     73        -0.005        -0.015         0.003         0.017        -0.001
     74        -0.020        -0.013         0.016         0.038        -0.003
     75        -0.009         0.006         0.035         0.038         0.007
     76        -0.013        -0.023        -0.007         0.025        -0.075
     77         0.025         0.029         0.005         0.057         0.066
     78        -0.041        -0.003         0.008        -0.015         0.032
     79        -0.020         0.030         0.025         0.021         0.034
     80        -0.002        -0.005        -0.004        -0.026         0.004
     81        -0.300        -0.088         0.055         0.021         0.005
     82        -0.086        -0.230        -0.010         0.014         0.013
     83         0.021        -0.024        -0.231        -0.031         0.027
     84         0.001         0.018        -0.059        -0.238         0.030
     85        -0.009         0.006         0.023         0.002        -0.321
     86        -0.013         0.006         0.020         0.022        -0.020
     87         0.047         0.029        -0.011        -0.015        -0.043
     88         0.007         0.015         0.012         0.101         0.021
     89        -0.027        -0.001        -0.018        -0.063        -0.016
     90        -0.005         0.025         0.016         0.074         0.022
     91         0.029         0.016         0.010         0.106        -0.014
     92        -0.075        -0.014         0.002        -0.008         0.125
     93         0.051         0.012        -0.077         0.007         0.188
     94         0.030        -0.002         0.020         0.066         0.022
     95         0.091        -0.046        -0.035         0.004        -0.005
     96        -0.053        -0.003         0.034         0.042        -0.020
     97         0.000        -0.017         0.008        -0.073        -0.018
     98         0.054         0.000        -0.040         0.102         0.010
     99         0.003         0.003        -0.003        -0.052         0.027
    100         0.045         0.033        -0.016        -0.062        -0.014
    101         0.040        -0.007        -0.027         0.004         0.026
    102         0.013        -0.018        -0.012         0.030         0.023
    103        -0.004         0.039         0.034        -0.042         0.148
    104        -0.046        -0.024        -0.028        -0.110        -0.094
    105         0.031        -0.029        -0.013        -0.052        -0.047
    106        -0.002        -0.010        -0.030        -0.041        -0.051
    107         0.005         0.030         0.036         0.110         0.023
    108         0.328         0.099        -0.069        -0.053        -0.024
    109         0.165         0.519         0.008        -0.071        -0.046
    110        -0.054         0.013         0.359         0.023        -0.024
    111        -0.012        -0.055         0.097         0.415        -0.039
    112         0.010        -0.025        -0.004         0.031         0.464
    113         0.014         0.020        -0.040        -0.089        -0.029
    114        -0.059        -0.027        -0.012         0.080         0.061
    115        -0.041         0.007         0.021        -0.074        -0.026
    116         0.036        -0.007        -0.009         0.066         0.017
    117        -0.049        -0.020        -0.007        -0.045        -0.014
    118        -0.003        -0.032         0.001         0.066         0.038
    119        -0.002        -0.035        -0.013        -0.067        -0.022
    120         0.005        -0.022        -0.026        -0.072        -0.013


           ESTIMATED CORRELATION MATRIX FOR PARAMETER ESTIMATES
                 61            62            63            64            65
              ________      ________      ________      ________      ________
     61         1.000
     62        -0.022         1.000
     63         0.006         0.037         1.000
     64        -0.017        -0.034         0.365         1.000
     65         0.025        -0.027        -0.191        -0.168         1.000
     66        -0.002         0.003         0.047         0.075         0.013
     67        -0.017         0.029         0.045        -0.019        -0.023
     68         0.003         0.030         0.246         0.054        -0.006
     69        -0.016         0.008        -0.094        -0.042         0.122
     70         0.016        -0.041         0.048         0.107        -0.035
     71         0.004         0.014         0.407         0.196        -0.054
     72        -0.006         0.026        -0.182        -0.080         0.071
     73         0.005         0.019         0.045         0.021         0.014
     74         0.070        -0.001         0.124        -0.024         0.017
     75        -0.042         0.019        -0.025        -0.032        -0.032
     76        -0.004         0.096        -0.217        -0.295        -0.086
     77         0.032         0.134        -0.028        -0.079        -0.011
     78         0.064        -0.007         0.104         0.072        -0.047
     79         0.004        -0.021        -0.351        -0.123        -0.033
     80        -0.018         0.032        -0.207        -0.222         0.022
     81         0.020         0.018        -0.410        -0.094         0.035
     82         0.029         0.040         0.017        -0.013        -0.048
     83         0.013        -0.029        -0.391        -0.120         0.087
     84         0.020        -0.044        -0.259        -0.030         0.042
     85        -0.018        -0.039         0.188        -0.037         0.123
     86        -0.302         0.018        -0.091         0.021         0.035
     87         0.023        -0.417        -0.060         0.071         0.000
     88         0.017        -0.039        -0.800        -0.289         0.171
     89        -0.046         0.036         0.675         0.249        -0.162
     90        -0.015        -0.018        -0.458        -0.165         0.087
     91         0.035         0.019        -0.571        -0.572         0.176
     92        -0.014         0.046         0.230         0.146        -0.718
     93        -0.005        -0.031        -0.328        -0.179         0.072
     94         0.052        -0.040        -0.415        -0.125         0.115
     95        -0.006        -0.032         0.093         0.059        -0.028
     96        -0.037         0.012         0.389         0.130        -0.169
     97        -0.006         0.048        -0.053        -0.083         0.066
     98         0.008        -0.001        -0.507        -0.226         0.092
     99         0.001        -0.029         0.208         0.084        -0.082
    100        -0.026        -0.015        -0.001        -0.006        -0.013
    101        -0.092        -0.017        -0.352        -0.081         0.053
    102         0.006        -0.038        -0.342        -0.102         0.102
    103        -0.024        -0.103         0.471         0.314        -0.061
    104        -0.013        -0.170         0.371         0.181        -0.069
    105        -0.032         0.019         0.312         0.089        -0.039
    106        -0.006         0.027         0.453         0.157        -0.049
    107         0.014        -0.069        -0.280        -0.022         0.063
    108        -0.024        -0.005         0.649         0.201        -0.108
    109         0.048        -0.045         0.146         0.074         0.003
    110        -0.051         0.015         0.601         0.208        -0.138
    111        -0.055         0.071         0.459         0.105        -0.098
    112         0.020         0.017        -0.493        -0.109         0.010
    113         0.342         0.014         0.570         0.177        -0.121
    114        -0.007         0.529        -0.261        -0.165         0.041
    115        -0.054         0.054         0.651         0.229        -0.154
    116         0.053        -0.048        -0.646        -0.237         0.157
    117        -0.056         0.038         0.548         0.210        -0.140
    118        -0.001        -0.031        -0.759        -0.288         0.159
    119         0.014         0.017         0.373         0.131        -0.063
    120        -0.008         0.023         0.485         0.166        -0.102


           ESTIMATED CORRELATION MATRIX FOR PARAMETER ESTIMATES
                 66            67            68            69            70
              ________      ________      ________      ________      ________
     66         1.000
     67         0.058         1.000
     68         0.032         0.408         1.000
     69         0.057        -0.149        -0.142         1.000
     70         0.059        -0.041        -0.027        -0.591         1.000
     71         0.075         0.010         0.103         0.140         0.018
     72        -0.045        -0.009        -0.055         0.152         0.008
     73        -0.006        -0.002        -0.088        -0.048         0.010
     74        -0.077         0.085         0.112        -0.132        -0.168
     75         0.027         0.011        -0.012        -0.003        -0.027
     76        -0.110         0.061         0.008         0.075        -0.066
     77        -0.063        -0.160        -0.175         0.042        -0.065
     78         0.046        -0.016         0.000         0.054        -0.048
     79        -0.020        -0.061        -0.089         0.032        -0.027
     80        -0.003        -0.053        -0.053         0.102        -0.048
     81        -0.040        -0.018         0.029        -0.094         0.024
     82         0.016        -0.058        -0.089        -0.047        -0.020
     83        -0.069        -0.010        -0.123         0.124        -0.029
     84         0.001         0.052        -0.077         0.070         0.003
     85         0.377         0.083         0.017         0.062        -0.101
     86         0.006         0.063        -0.022         0.013        -0.082
     87        -0.027         0.013         0.009         0.004         0.092
     88        -0.067        -0.057        -0.209         0.079        -0.026
     89         0.043         0.016         0.171        -0.060         0.001
     90        -0.048        -0.058        -0.141         0.051         0.001
     91        -0.087        -0.031        -0.144         0.054        -0.040
     92         0.017         0.019         0.017        -0.099         0.041
     93        -0.637        -0.066        -0.109        -0.006        -0.030
     94        -0.063        -0.632        -0.361         0.141         0.029
     95        -0.001        -0.225        -0.571         0.070         0.006
     96        -0.015         0.113         0.182        -0.647         0.362
     97        -0.031         0.047         0.012         0.439        -0.725
     98        -0.085        -0.009        -0.133        -0.079         0.001
     99         0.068         0.048         0.086        -0.106        -0.023
    100        -0.002         0.007         0.082         0.036        -0.013
    101         0.025        -0.044        -0.122         0.109         0.103
    102        -0.068        -0.068        -0.100         0.046         0.013
    103         0.090        -0.039         0.068        -0.068         0.044
    104         0.098         0.136         0.224        -0.066         0.055
    105         0.027         0.049         0.098        -0.044         0.019
    106         0.040         0.016         0.087        -0.021         0.030
    107        -0.033         0.011        -0.090        -0.023         0.031
    108         0.031         0.013         0.090        -0.003        -0.003
    109         0.006         0.044         0.124         0.013         0.012
    110         0.082         0.018         0.159        -0.095         0.009
    111         0.037        -0.017         0.100        -0.087         0.007
    112        -0.262        -0.054        -0.116         0.002         0.046
    113         0.046         0.011         0.153        -0.059         0.025
    114        -0.011        -0.014        -0.081         0.024        -0.067
    115         0.078         0.023         0.189        -0.077         0.034
    116        -0.076        -0.015        -0.171         0.071        -0.028
    117         0.066         0.006         0.144        -0.044         0.025
    118        -0.026        -0.031        -0.205         0.084        -0.006
    119         0.036         0.049         0.105        -0.026         0.001
    120         0.048         0.044         0.142        -0.053        -0.008


           ESTIMATED CORRELATION MATRIX FOR PARAMETER ESTIMATES
                 71            72            73            74            75
              ________      ________      ________      ________      ________
     71         1.000
     72         0.096         1.000
     73         0.037         0.003         1.000
     74        -0.017        -0.014         0.009         1.000
     75        -0.021         0.022         0.023        -0.020         1.000
     76        -0.184        -0.005        -0.061        -0.095        -0.128
     77         0.024         0.105        -0.017        -0.002         0.008
     78         0.098        -0.003         0.022         0.005        -0.004
     79        -0.053         0.081         0.011        -0.055        -0.036
     80         0.001         0.058        -0.031         0.115         0.004
     81        -0.148         0.097        -0.032        -0.034         0.029
     82         0.071         0.031         0.006         0.037         0.004
     83        -0.125         0.052        -0.028        -0.077        -0.019
     84        -0.054         0.053        -0.071        -0.122         0.041
     85         0.020        -0.032        -0.018         0.071        -0.024
     86        -0.057         0.043        -0.028        -0.104         0.013
     87        -0.021        -0.039        -0.011        -0.005        -0.059
     88        -0.303         0.157        -0.043        -0.108         0.003
     89         0.320        -0.119         0.037         0.103        -0.016
     90        -0.148         0.094        -0.029        -0.072         0.004
     91        -0.242         0.106        -0.031        -0.051         0.020
     92         0.100        -0.072        -0.006        -0.007         0.044
     93        -0.156         0.110        -0.016         0.003        -0.015
     94        -0.162         0.099        -0.016        -0.097        -0.020
     95         0.006         0.001         0.075        -0.012        -0.005
     96         0.062        -0.137         0.049         0.140        -0.002
     97        -0.015        -0.027        -0.010         0.124         0.036
     98        -0.765        -0.010        -0.033        -0.013        -0.003
     99        -0.047        -0.722         0.006         0.030        -0.006
    100         0.001        -0.006        -0.766        -0.008        -0.014
    101        -0.092         0.065        -0.030        -0.652         0.000
    102        -0.127         0.068        -0.036        -0.056        -0.589
    103         0.291        -0.042         0.061         0.115         0.064
    104         0.143        -0.160         0.033         0.052        -0.016
    105         0.071        -0.052         0.017         0.045         0.003
    106         0.163        -0.075         0.000         0.060         0.000
    107        -0.171         0.049        -0.002        -0.132         0.005
    108         0.252        -0.130         0.039         0.089        -0.028
    109        -0.003        -0.049         0.003         0.005        -0.005
    110         0.244        -0.080         0.041         0.097         0.025
    111         0.148        -0.074         0.068         0.124        -0.015
    112        -0.174         0.085        -0.010        -0.085         0.025
    113         0.223        -0.113         0.039         0.128        -0.032
    114        -0.112         0.086        -0.008        -0.043         0.049
    115         0.289        -0.116         0.029         0.099        -0.015
    116        -0.301         0.104        -0.038        -0.084         0.020
    117         0.271        -0.072         0.029         0.068        -0.036
    118        -0.353         0.123        -0.038        -0.118         0.016
    119         0.110        -0.057         0.024         0.060         0.002
    120         0.167        -0.117         0.032         0.074        -0.015


           ESTIMATED CORRELATION MATRIX FOR PARAMETER ESTIMATES
                 76            77            78            79            80
              ________      ________      ________      ________      ________
     76         1.000
     77         0.137         1.000
     78        -0.015         0.028         1.000
     79         0.014         0.021         0.466         1.000
     80         0.032         0.177         0.024         0.102         1.000
     81         0.127         0.057         0.004         0.175         0.085
     82         0.033         0.030        -0.021         0.018         0.037
     83         0.088         0.006         0.000         0.118         0.104
     84         0.063        -0.169        -0.013         0.106         0.057
     85         0.331        -0.112        -0.048        -0.145        -0.057
     86         0.058        -0.028        -0.144         0.020         0.020
     87        -0.223        -0.387        -0.004         0.059        -0.096
     88         0.184         0.065        -0.101         0.265         0.154
     89        -0.165        -0.046         0.091        -0.185        -0.113
     90         0.106         0.054        -0.066         0.154         0.066
     91         0.222         0.071        -0.103         0.173         0.155
     92         0.039         0.008         0.045         0.003        -0.033
     93         0.130         0.098        -0.079         0.110         0.045
     94         0.043         0.149        -0.056         0.141         0.104
     95        -0.075         0.108         0.006        -0.054        -0.005
     96        -0.118        -0.061         0.036        -0.094        -0.119
     97         0.048         0.059         0.038         0.031         0.043
     98         0.202         0.028        -0.098         0.105         0.033
     99         0.007        -0.127         0.061        -0.052        -0.051
    100         0.045         0.014        -0.007        -0.025         0.028
    101         0.140         0.024        -0.051         0.124        -0.019
    102         0.156         0.033        -0.047         0.114         0.047
    103        -0.659        -0.082         0.070        -0.085        -0.074
    104        -0.150        -0.656         0.053        -0.089        -0.170
    105        -0.072        -0.050        -0.340        -0.317        -0.039
    106        -0.052         0.003        -0.273        -0.692        -0.087
    107         0.085        -0.072        -0.036         0.089        -0.548
    108        -0.164        -0.054         0.047        -0.221        -0.122
    109        -0.063        -0.019         0.038        -0.040        -0.057
    110        -0.163        -0.039         0.061        -0.177        -0.122
    111        -0.110         0.104         0.041        -0.170        -0.095
    112        -0.083         0.130        -0.026         0.204         0.105
    113        -0.137        -0.038         0.128        -0.171        -0.097
    114         0.224         0.291        -0.062         0.039         0.108
    115        -0.156        -0.045         0.069        -0.214        -0.128
    116         0.153         0.042        -0.083         0.190         0.119
    117        -0.131        -0.034         0.082        -0.148        -0.082
    118         0.181         0.034        -0.087         0.229         0.130
    119        -0.090        -0.044         0.054        -0.126        -0.044
    120        -0.108        -0.058         0.077        -0.148        -0.078


           ESTIMATED CORRELATION MATRIX FOR PARAMETER ESTIMATES
                 81            82            83            84            85
              ________      ________      ________      ________      ________
     81         1.000
     82         0.239         1.000
     83         0.061         0.028         1.000
     84         0.078        -0.014         0.273         1.000
     85        -0.157        -0.062        -0.079        -0.015         1.000
     86         0.070        -0.027        -0.012        -0.027         0.027
     87        -0.080        -0.107         0.045         0.063         0.077
     88         0.354         0.007         0.322         0.200        -0.167
     89        -0.282         0.055        -0.265        -0.158         0.142
     90         0.226         0.023         0.196         0.107        -0.118
     91         0.234         0.018         0.228         0.101        -0.085
     92        -0.023         0.057        -0.101        -0.053        -0.068
     93         0.136         0.007         0.175         0.086        -0.312
     94         0.157         0.011         0.155         0.060        -0.130
     95        -0.162         0.047        -0.042        -0.032         0.048
     96        -0.078         0.051        -0.194        -0.127         0.038
     97        -0.019        -0.009         0.013         0.009         0.063
     98         0.184        -0.056         0.183         0.087        -0.059
     99        -0.109        -0.032        -0.052        -0.035         0.027
    100         0.003        -0.007         0.009         0.051         0.021
    101         0.148        -0.014         0.161         0.155        -0.085
    102         0.140        -0.004         0.163         0.072        -0.078
    103        -0.201         0.009        -0.195        -0.122        -0.121
    104        -0.170        -0.007        -0.143         0.034         0.172
    105        -0.188        -0.025        -0.152        -0.084         0.125
    106        -0.209         0.019        -0.174        -0.141         0.158
    107         0.131        -0.035         0.106         0.048        -0.055
    108        -0.679        -0.093        -0.213        -0.153         0.173
    109        -0.247        -0.705        -0.089        -0.025         0.074
    110        -0.199         0.000        -0.684        -0.252         0.133
    111        -0.190         0.019        -0.302        -0.698         0.096
    112         0.253         0.017         0.200         0.118        -0.659
    113        -0.263         0.024        -0.205        -0.111         0.134
    114         0.201         0.078         0.094         0.015        -0.119
    115        -0.255         0.014        -0.288        -0.183         0.124
    116         0.262        -0.034         0.260         0.172        -0.138
    117        -0.214         0.041        -0.216        -0.165         0.123
    118         0.318        -0.051         0.303         0.156        -0.152
    119        -0.177        -0.006        -0.150        -0.080         0.091
    120        -0.237        -0.008        -0.204        -0.120         0.124


           ESTIMATED CORRELATION MATRIX FOR PARAMETER ESTIMATES
                 86            87            88            89            90
              ________      ________      ________      ________      ________
     86         1.000
     87        -0.023         1.000
     88         0.058         0.054         1.000
     89        -0.045        -0.038        -0.730         1.000
     90         0.025         0.033         0.813        -0.398         1.000
     91         0.006         0.003         0.817        -0.566         0.798
     92        -0.019        -0.018        -0.180         0.321         0.041
     93         0.013         0.033         0.539        -0.310         0.596
     94        -0.032         0.031         0.514        -0.523         0.399
     95        -0.006        -0.015        -0.337         0.073        -0.540
     96        -0.038        -0.019        -0.413         0.533        -0.214
     97         0.051        -0.083        -0.039        -0.105        -0.192
     98         0.022         0.026         0.567        -0.556         0.378
     99        -0.024         0.020        -0.319         0.152        -0.326
    100         0.020         0.009         0.005         0.004         0.002
    101         0.077         0.023         0.468        -0.388         0.421
    102        -0.002         0.058         0.540        -0.345         0.605
    103        -0.043         0.107        -0.492         0.623        -0.250
    104        -0.002         0.215        -0.524         0.423        -0.502
    105         0.034        -0.031        -0.614         0.220        -0.841
    106        -0.028        -0.062        -0.368         0.548        -0.051
    107         0.003         0.078         0.482        -0.376         0.580
    108        -0.060         0.018        -0.735         0.771        -0.481
    109        -0.001         0.077        -0.241         0.102        -0.279
    110        -0.006        -0.046        -0.726         0.678        -0.533
    111         0.000        -0.072        -0.529         0.530        -0.359
    112         0.032        -0.023         0.540        -0.635         0.324
    113        -0.454        -0.024        -0.768         0.643        -0.715
    114         0.029        -0.633         0.418        -0.309         0.456
    115        -0.034        -0.054        -0.669         0.678        -0.289
    116         0.046         0.048         0.694        -0.827         0.299
    117        -0.026        -0.043        -0.601         0.879        -0.271
    118         0.064         0.036         0.705        -0.864         0.453
    119        -0.028        -0.046        -0.693         0.227        -0.931
    120        -0.025        -0.025        -0.845         0.571        -0.924


           ESTIMATED CORRELATION MATRIX FOR PARAMETER ESTIMATES
                 91            92            93            94            95
              ________      ________      ________      ________      ________
     91         1.000
     92        -0.151         1.000
     93         0.559        -0.045         1.000
     94         0.412        -0.149         0.309         1.000
     95        -0.395        -0.076        -0.276         0.123         1.000
     96        -0.307         0.258        -0.138        -0.404        -0.054
     97        -0.064        -0.145        -0.058        -0.021         0.122
     98         0.477        -0.139         0.321         0.306        -0.128
     99        -0.284         0.050        -0.277        -0.185         0.127
    100         0.010         0.027         0.019        -0.012        -0.078
    101         0.362        -0.039         0.223         0.295        -0.159
    102         0.500        -0.062         0.414         0.305        -0.311
    103        -0.475         0.156        -0.270        -0.254         0.099
    104        -0.494         0.057        -0.369        -0.405         0.101
    105        -0.606        -0.090        -0.477        -0.274         0.486
    106        -0.211         0.171        -0.087        -0.243        -0.050
    107         0.434        -0.013         0.359         0.262        -0.301
    108        -0.551         0.170        -0.314        -0.438         0.218
    109        -0.231        -0.029        -0.166        -0.124         0.068
    110        -0.585         0.219        -0.416        -0.411         0.193
    111        -0.373         0.161        -0.284        -0.279         0.133
    112         0.361        -0.055         0.459         0.412        -0.058
    113        -0.653         0.123        -0.462        -0.408         0.318
    114         0.450         0.001         0.261         0.236        -0.212
    115        -0.448         0.276        -0.265        -0.370         0.004
    116         0.491        -0.311         0.274         0.425        -0.006
    117        -0.460         0.301        -0.255        -0.430         0.001
    118         0.564        -0.253         0.313         0.486        -0.109
    119        -0.704        -0.097        -0.550        -0.311         0.521
    120        -0.788         0.039        -0.571        -0.442         0.477


           ESTIMATED CORRELATION MATRIX FOR PARAMETER ESTIMATES
                 96            97            98            99           100
              ________      ________      ________      ________      ________
     96         1.000
     97        -0.533         1.000
     98        -0.140        -0.006         1.000
     99         0.159         0.098        -0.029         1.000
    100        -0.027         0.025        -0.003         0.006         1.000
    101        -0.318        -0.127         0.208        -0.149         0.029
    102        -0.195        -0.135         0.283        -0.194         0.020
    103         0.361        -0.104        -0.460         0.069        -0.074
    104         0.266        -0.027        -0.315         0.304        -0.030
    105         0.106         0.161        -0.254         0.227         0.004
    106         0.267        -0.141        -0.279        -0.013         0.036
    107        -0.133        -0.123         0.310        -0.165        -0.031
    108         0.371        -0.035        -0.459         0.198         0.018
    109         0.031         0.021        -0.074         0.113         0.032
    110         0.400        -0.002        -0.471         0.198        -0.015
    111         0.343        -0.048        -0.288         0.102        -0.079
    112        -0.327         0.006         0.342        -0.106        -0.026
    113         0.344         0.034        -0.438         0.244        -0.015
    114        -0.158         0.005         0.253        -0.193        -0.003
    115         0.394        -0.106        -0.475         0.131        -0.005
    116        -0.458         0.135         0.522        -0.116         0.006
    117         0.459        -0.150        -0.492         0.059         0.001
    118        -0.471         0.045         0.524        -0.154        -0.017
    119         0.120         0.208        -0.289         0.285        -0.006
    120         0.303         0.139        -0.434         0.328        -0.013


           ESTIMATED CORRELATION MATRIX FOR PARAMETER ESTIMATES
                101           102           103           104           105
              ________      ________      ________      ________      ________
    101         1.000
    102         0.285         1.000
    103        -0.330        -0.301         1.000
    104        -0.258        -0.319         0.325         1.000
    105        -0.304        -0.494         0.131         0.382         1.000
    106        -0.164        -0.101         0.303         0.112         0.199
    107         0.374         0.364        -0.233        -0.210        -0.489
    108        -0.358        -0.337         0.502         0.391         0.342
    109        -0.126        -0.179         0.121         0.135         0.222
    110        -0.372        -0.394         0.475         0.376         0.390
    111        -0.311        -0.264         0.346         0.153         0.258
    112         0.285         0.246        -0.171        -0.399        -0.235
    113        -0.466        -0.465         0.402         0.444         0.518
    114         0.229         0.236        -0.356        -0.567        -0.351
    115        -0.295        -0.223         0.468         0.308         0.162
    116         0.320         0.241        -0.543        -0.349        -0.144
    117        -0.299        -0.239         0.546         0.341         0.127
    118         0.383         0.356        -0.533        -0.412        -0.287
    119        -0.354        -0.552         0.149         0.424         0.808
    120        -0.437        -0.582         0.363         0.516         0.746


           ESTIMATED CORRELATION MATRIX FOR PARAMETER ESTIMATES
                106           107           108           109           110
              ________      ________      ________      ________      ________
    106         1.000
    107        -0.128         1.000
    108         0.446        -0.349         1.000
    109         0.002        -0.109         0.288         1.000
    110         0.352        -0.345         0.548         0.166         1.000
    111         0.316        -0.200         0.458         0.069         0.553
    112        -0.421         0.241        -0.554        -0.120        -0.465
    113         0.283        -0.465         0.604         0.212         0.554
    114        -0.063         0.221        -0.354        -0.203        -0.307
    115         0.458        -0.222         0.580         0.085         0.572
    116        -0.508         0.262        -0.665        -0.079        -0.617
    117         0.511        -0.297         0.646         0.071         0.577
    118        -0.454         0.375        -0.694        -0.118        -0.625
    119        -0.037        -0.525         0.342         0.250         0.416
    120         0.169        -0.562         0.586         0.245         0.605


           ESTIMATED CORRELATION MATRIX FOR PARAMETER ESTIMATES
                111           112           113           114           115
              ________      ________      ________      ________      ________
    111         1.000
    112        -0.374         1.000
    113         0.406        -0.471         1.000
    114        -0.149         0.275        -0.379         1.000
    115         0.436        -0.483         0.452        -0.194         1.000
    116        -0.483         0.554        -0.519         0.226        -0.887
    117         0.481        -0.559         0.510        -0.230         0.716
    118        -0.462         0.570        -0.632         0.316        -0.589
    119         0.269        -0.222         0.606        -0.390         0.198
    120         0.428        -0.416         0.743        -0.458         0.383


           ESTIMATED CORRELATION MATRIX FOR PARAMETER ESTIMATES
                116           117           118           119           120
              ________      ________      ________      ________      ________
    116         1.000
    117        -0.894         1.000
    118         0.695        -0.681         1.000
    119        -0.179         0.143        -0.293         1.000
    120        -0.427         0.423        -0.520         0.780         1.000


TECHNICAL 4 OUTPUT


     ESTIMATES DERIVED FROM THE MODEL


           ESTIMATED MEANS FOR THE LATENT VARIABLES
              IX            SX            IY            SY            C1
              ________      ________      ________      ________      ________
                0.031         0.263        -0.006         0.133         0.496


           ESTIMATED MEANS FOR THE LATENT VARIABLES
              C2            C3            C4            C5            C6
              ________      ________      ________      ________      ________
                0.195         0.435         0.308         0.243         3.159


           ESTIMATED MEANS FOR THE LATENT VARIABLES
              C7            C8            C9            C10           C11
              ________      ________      ________      ________      ________
                7.142         0.202         0.079         0.004         0.108


           ESTIMATED MEANS FOR THE LATENT VARIABLES
              C12           C13           C14           C15           C16
              ________      ________      ________      ________      ________
                2.210         0.687         0.539         0.318         0.434


           ESTIMATED MEANS FOR THE LATENT VARIABLES
              C17           C18           C19           C20           C21
              ________      ________      ________      ________      ________
                0.829         0.233         0.186         0.109         0.212


           ESTIMATED MEANS FOR THE LATENT VARIABLES
              C22           C23           C24
              ________      ________      ________
                0.684         0.291         3.715


           S.E. FOR ESTIMATED MEANS FOR THE LATENT VARIABLES
              IX            SX            IY            SY            C1
              ________      ________      ________      ________      ________
                0.018         0.029         0.018         0.028         0.006


           S.E. FOR ESTIMATED MEANS FOR THE LATENT VARIABLES
              C2            C3            C4            C5            C6
              ________      ________      ________      ________      ________
                0.007         0.011         0.010         0.009         0.025


           S.E. FOR ESTIMATED MEANS FOR THE LATENT VARIABLES
              C7            C8            C9            C10           C11
              ________      ________      ________      ________      ________
                0.101         0.009         0.006         0.001         0.006


           S.E. FOR ESTIMATED MEANS FOR THE LATENT VARIABLES
              C12           C13           C14           C15           C16
              ________      ________      ________      ________      ________
                0.019         0.024         0.011         0.008         0.009


           S.E. FOR ESTIMATED MEANS FOR THE LATENT VARIABLES
              C17           C18           C19           C20           C21
              ________      ________      ________      ________      ________
                0.007         0.008         0.007         0.006         0.008


           S.E. FOR ESTIMATED MEANS FOR THE LATENT VARIABLES
              C22           C23           C24
              ________      ________      ________
                0.010         0.017         0.091


           EST./S.E. FOR ESTIMATED MEANS FOR THE LATENT VARIABLES
              IX            SX            IY            SY            C1
              ________      ________      ________      ________      ________
                1.722         9.125        -0.333         4.746        81.445


           EST./S.E. FOR ESTIMATED MEANS FOR THE LATENT VARIABLES
              C2            C3            C4            C5            C6
              ________      ________      ________      ________      ________
               26.231        40.461        30.756        26.583       127.417


           EST./S.E. FOR ESTIMATED MEANS FOR THE LATENT VARIABLES
              C7            C8            C9            C10           C11
              ________      ________      ________      ________      ________
               70.788        23.336        13.344         3.752        18.253


           EST./S.E. FOR ESTIMATED MEANS FOR THE LATENT VARIABLES
              C12           C13           C14           C15           C16
              ________      ________      ________      ________      ________
              116.168        28.250        49.847        37.945        47.065


           EST./S.E. FOR ESTIMATED MEANS FOR THE LATENT VARIABLES
              C17           C18           C19           C20           C21
              ________      ________      ________      ________      ________
              119.446        27.798        24.807        17.614        27.139


           EST./S.E. FOR ESTIMATED MEANS FOR THE LATENT VARIABLES
              C22           C23           C24
              ________      ________      ________
               70.111        17.118        40.656


           TWO-TAILED P-VALUE FOR ESTIMATED MEANS FOR THE LATENT VARIABLES
              IX            SX            IY            SY            C1
              ________      ________      ________      ________      ________
                0.085         0.000         0.739         0.000         0.000


           TWO-TAILED P-VALUE FOR ESTIMATED MEANS FOR THE LATENT VARIABLES
              C2            C3            C4            C5            C6
              ________      ________      ________      ________      ________
                0.000         0.000         0.000         0.000         0.000


           TWO-TAILED P-VALUE FOR ESTIMATED MEANS FOR THE LATENT VARIABLES
              C7            C8            C9            C10           C11
              ________      ________      ________      ________      ________
                0.000         0.000         0.000         0.000         0.000


           TWO-TAILED P-VALUE FOR ESTIMATED MEANS FOR THE LATENT VARIABLES
              C12           C13           C14           C15           C16
              ________      ________      ________      ________      ________
                0.000         0.000         0.000         0.000         0.000


           TWO-TAILED P-VALUE FOR ESTIMATED MEANS FOR THE LATENT VARIABLES
              C17           C18           C19           C20           C21
              ________      ________      ________      ________      ________
                0.000         0.000         0.000         0.000         0.000


           TWO-TAILED P-VALUE FOR ESTIMATED MEANS FOR THE LATENT VARIABLES
              C22           C23           C24
              ________      ________      ________
                0.000         0.000         0.000


           ESTIMATED COVARIANCE MATRIX FOR THE LATENT VARIABLES
              IX            SX            IY            SY            C1
              ________      ________      ________      ________      ________
 IX             0.293
 SX            -0.036         0.186
 IY            -0.164         0.014         0.461
 SY             0.037        -0.126         0.023         0.134
 C1            -0.021         0.009        -0.085         0.004         0.250
 C2             0.029        -0.014        -0.063         0.006         0.035
 C3             0.031        -0.019        -0.080         0.005        -0.009
 C4             0.006         0.016        -0.028         0.037         0.000
 C5            -0.026        -0.001         0.077        -0.037         0.005
 C6            -0.004        -0.042         0.095         0.041        -0.038
 C7            -0.103        -0.055         0.527        -0.094        -0.144
 C8            -0.039         0.009         0.007        -0.002        -0.002
 C9             0.016        -0.001        -0.007        -0.008         0.002
 C10           -0.001         0.000         0.001         0.001        -0.001
 C11           -0.007        -0.006         0.000         0.013         0.001
 C12            0.046        -0.002        -0.150         0.051         0.040
 C13            0.107        -0.073        -0.251         0.043         0.126
 C14           -0.008        -0.007         0.044        -0.037        -0.003
 C15           -0.039         0.018         0.165        -0.059        -0.030
 C16            0.052        -0.024        -0.132         0.035         0.030
 C17            0.013         0.016        -0.056         0.022         0.036
 C18            0.046        -0.023        -0.012         0.013        -0.010
 C19           -0.020         0.006         0.032         0.007         0.001
 C20            0.031        -0.014        -0.007        -0.008        -0.002
 C21            0.014        -0.012         0.021        -0.002        -0.014
 C22           -0.040         0.033         0.073         0.000        -0.008
 C23            0.003        -0.061         0.197        -0.082        -0.050
 C24            0.189        -0.069        -0.454         0.018         0.073


           ESTIMATED COVARIANCE MATRIX FOR THE LATENT VARIABLES
              C2            C3            C4            C5            C6
              ________      ________      ________      ________      ________
 C2             0.157
 C3             0.041         0.246
 C4             0.003        -0.015         0.213
 C5            -0.018        -0.025        -0.075         0.184
 C6            -0.060        -0.108         0.073         0.031         1.375
 C7            -0.206        -0.466         0.201         0.194         3.684
 C8            -0.003        -0.002        -0.013         0.004        -0.138
 C9             0.006         0.016        -0.009        -0.003        -0.038
 C10           -0.001        -0.001        -0.001         0.002         0.002
 C11           -0.002         0.012        -0.002        -0.008         0.083
 C12            0.024         0.003        -0.006         0.009        -0.009
 C13            0.192         0.231        -0.026        -0.075        -0.279
 C14           -0.010        -0.022         0.003         0.037         0.012
 C15           -0.022        -0.022         0.000         0.011         0.018
 C16            0.018         0.003         0.002        -0.008         0.000
 C17            0.011         0.000         0.001        -0.004        -0.060
 C18           -0.007        -0.005         0.011        -0.012         0.016
 C19           -0.004        -0.021         0.001         0.013         0.052
 C20           -0.001         0.016        -0.003        -0.001        -0.035
 C21           -0.007        -0.004        -0.011         0.015         0.013
 C22           -0.063        -0.113         0.004         0.029         0.085
 C23           -0.021        -0.008        -0.016         0.019         0.082
 C24            0.248         0.369        -0.061        -0.035        -0.632


           ESTIMATED COVARIANCE MATRIX FOR THE LATENT VARIABLES
              C7            C8            C9            C10           C11
              ________      ________      ________      ________      ________
 C7            22.449
 C8            -0.326         0.161
 C9            -0.126        -0.016         0.073
 C10            0.011        -0.001         0.000         0.004
 C11            0.338         0.000        -0.003         0.000         0.096
 C12            0.013         0.010        -0.001        -0.001         0.003
 C13           -1.035         0.021         0.042         0.000         0.039
 C14            0.183         0.008        -0.014         0.002        -0.003
 C15            0.117         0.001        -0.004         0.000         0.002
 C16           -0.001        -0.008         0.003         0.000        -0.001
 C17           -0.183        -0.001         0.004         0.000        -0.024
 C18           -0.013         0.000        -0.001         0.000        -0.004
 C19            0.219        -0.006        -0.005         0.000        -0.002
 C20           -0.121         0.004         0.004         0.000        -0.001
 C21            0.074        -0.004         0.000         0.001         0.008
 C22            0.366        -0.005        -0.012         0.001        -0.017
 C23            0.491         0.003        -0.003         0.001         0.050
 C24           -2.092         0.058         0.041         0.004        -0.010


           ESTIMATED COVARIANCE MATRIX FOR THE LATENT VARIABLES
              C12           C13           C14           C15           C16
              ________      ________      ________      ________      ________
 C12            1.054
 C13            0.236         1.541
 C14            0.003        -0.083         0.248
 C15           -0.050        -0.080         0.003         0.217
 C16            0.053         0.044         0.002        -0.138         0.246
 C17            0.016         0.029        -0.028        -0.008         0.008
 C18            0.000        -0.050        -0.006        -0.002        -0.003
 C19           -0.013        -0.058         0.018         0.007        -0.006
 C20            0.010         0.014         0.001        -0.002         0.003
 C21           -0.003        -0.016         0.039         0.004        -0.004
 C22           -0.049        -0.356         0.036         0.023        -0.004
 C23           -0.040        -0.055         0.021         0.089        -0.065
 C24            0.586         1.733         0.691        -0.133         0.050


           ESTIMATED COVARIANCE MATRIX FOR THE LATENT VARIABLES
              C17           C18           C19           C20           C21
              ________      ________      ________      ________      ________
 C17            0.142
 C18           -0.001         0.179
 C19           -0.006        -0.043         0.151
 C20            0.003         0.027        -0.013         0.097
 C21           -0.019        -0.007         0.013        -0.023         0.167
 C22           -0.002         0.018         0.022        -0.007         0.006
 C23           -0.032        -0.003         0.008         0.016         0.034
 C24            0.082         0.002        -0.026         0.063         0.045


           ESTIMATED COVARIANCE MATRIX FOR THE LATENT VARIABLES
              C22           C23           C24
              ________      ________      ________
 C22            0.216
 C23            0.004         0.925
 C24           -0.427        -0.077        17.918


           S.E. FOR ESTIMATED COVARIANCE MATRIX FOR THE LATENT VARIABLES
              IX            SX            IY            SY            C1
              ________      ________      ________      ________      ________
 IX             0.035
 SX             0.051         0.087
 IY             0.018         0.027         0.034
 SY             0.025         0.035         0.050         0.085
 C1             0.007         0.012         0.008         0.012         0.000
 C2             0.007         0.010         0.006         0.009         0.003
 C3             0.009         0.014         0.009         0.013         0.003
 C4             0.008         0.013         0.008         0.012         0.003
 C5             0.008         0.013         0.008         0.012         0.003
 C6             0.020         0.035         0.021         0.033         0.008
 C7             0.084         0.145         0.089         0.135         0.030
 C8             0.008         0.013         0.008         0.011         0.002
 C9             0.005         0.008         0.005         0.006         0.002
 C10            0.001         0.002         0.001         0.001         0.001
 C11            0.005         0.010         0.006         0.010         0.002
 C12            0.017         0.028         0.019         0.029         0.008
 C13            0.024         0.033         0.022         0.028         0.009
 C14            0.009         0.014         0.009         0.013         0.003
 C15            0.008         0.013         0.008         0.013         0.004
 C16            0.008         0.013         0.008         0.013         0.004
 C17            0.007         0.011         0.007         0.011         0.003
 C18            0.007         0.011         0.007         0.011         0.003
 C19            0.006         0.010         0.007         0.011         0.003
 C20            0.006         0.008         0.006         0.008         0.002
 C21            0.007         0.011         0.007         0.011         0.003
 C22            0.008         0.013         0.008         0.012         0.003
 C23            0.016         0.031         0.025         0.033         0.008
 C24            0.076         0.110         0.075         0.100         0.026


           S.E. FOR ESTIMATED COVARIANCE MATRIX FOR THE LATENT VARIABLES
              C2            C3            C4            C5            C6
              ________      ________      ________      ________      ________
 C2             0.005
 C3             0.004         0.001
 C4             0.003         0.005         0.004
 C5             0.003         0.004         0.003         0.005
 C6             0.008         0.012         0.012         0.011         0.046
 C7             0.036         0.049         0.046         0.044         0.139
 C8             0.003         0.004         0.004         0.004         0.009
 C9             0.002         0.003         0.002         0.002         0.006
 C10            0.000         0.001         0.000         0.001         0.002
 C11            0.002         0.003         0.003         0.002         0.009
 C12            0.007         0.009         0.009         0.008         0.023
 C13            0.013         0.012         0.010         0.009         0.024
 C14            0.004         0.005         0.005         0.004         0.012
 C15            0.003         0.004         0.004         0.004         0.010
 C16            0.004         0.005         0.004         0.004         0.011
 C17            0.002         0.003         0.003         0.003         0.009
 C18            0.003         0.004         0.004         0.003         0.010
 C19            0.003         0.004         0.003         0.003         0.009
 C20            0.002         0.003         0.003         0.003         0.007
 C21            0.003         0.004         0.003         0.004         0.009
 C22            0.004         0.004         0.005         0.004         0.011
 C23            0.006         0.009         0.008         0.008         0.020
 C24            0.038         0.046         0.040         0.039         0.096


           S.E. FOR ESTIMATED COVARIANCE MATRIX FOR THE LATENT VARIABLES
              C7            C8            C9            C10           C11
              ________      ________      ________      ________      ________
 C7             1.123
 C8             0.040         0.005
 C9             0.026         0.001         0.005
 C10            0.008         0.000         0.000         0.001
 C11            0.036         0.002         0.001         0.000         0.005
 C12            0.092         0.008         0.005         0.001         0.006
 C13            0.096         0.011         0.009         0.002         0.010
 C14            0.050         0.004         0.003         0.001         0.003
 C15            0.041         0.003         0.002         0.001         0.003
 C16            0.043         0.004         0.003         0.001         0.003
 C17            0.035         0.003         0.002         0.000         0.003
 C18            0.038         0.003         0.002         0.000         0.002
 C19            0.039         0.003         0.002         0.000         0.002
 C20            0.025         0.003         0.002         0.000         0.002
 C21            0.039         0.003         0.002         0.001         0.003
 C22            0.044         0.004         0.003         0.000         0.003
 C23            0.096         0.007         0.004         0.001         0.009
 C24            0.358         0.036         0.026         0.006         0.024


           S.E. FOR ESTIMATED COVARIANCE MATRIX FOR THE LATENT VARIABLES
              C12           C13           C14           C15           C16
              ________      ________      ________      ________      ________
 C12            0.024
 C13            0.023         0.132
 C14            0.009         0.012         0.001
 C15            0.008         0.009         0.004         0.003
 C16            0.009         0.011         0.005         0.003         0.001
 C17            0.007         0.009         0.003         0.003         0.003
 C18            0.008         0.009         0.004         0.003         0.004
 C19            0.007         0.007         0.004         0.003         0.003
 C20            0.006         0.007         0.003         0.003         0.003
 C21            0.008         0.010         0.004         0.003         0.004
 C22            0.009         0.013         0.005         0.004         0.004
 C23            0.019         0.019         0.008         0.010         0.008
 C24            0.077         0.176         0.041         0.033         0.038


           S.E. FOR ESTIMATED COVARIANCE MATRIX FOR THE LATENT VARIABLES
              C17           C18           C19           C20           C21
              ________      ________      ________      ________      ________
 C17            0.005
 C18            0.003         0.004
 C19            0.003         0.002         0.005
 C20            0.002         0.003         0.002         0.005
 C21            0.003         0.003         0.003         0.001         0.004
 C22            0.003         0.004         0.003         0.003         0.004
 C23            0.008         0.007         0.007         0.007         0.008
 C24            0.026         0.042         0.033         0.036         0.033


           S.E. FOR ESTIMATED COVARIANCE MATRIX FOR THE LATENT VARIABLES
              C22           C23           C24
              ________      ________      ________
 C22            0.004
 C23            0.008         0.079
 C24            0.042         0.064         1.898


           EST./S.E. FOR ESTIMATED COVARIANCE MATRIX FOR THE LATENT VARIABLES
              IX            SX            IY            SY            C1
              ________      ________      ________      ________      ________
 IX             8.269
 SX            -0.705         2.140
 IY            -8.912         0.535        13.528
 SY             1.443        -3.547         0.467         1.568
 C1            -3.007         0.754       -11.165         0.344      5168.983
 C2             4.439        -1.456        -9.924         0.647        11.268
 C3             3.400        -1.337        -9.116         0.375        -2.956
 C4             0.719         1.210        -3.511         2.987         0.166
 C5            -3.314        -0.085         9.456        -3.165         1.923
 C6            -0.186        -1.191         4.610         1.238        -4.951
 C7            -1.225        -0.381         5.918        -0.693        -4.810
 C8            -4.846         0.753         0.942        -0.166        -0.851
 C9             3.292        -0.090        -1.533        -1.321         1.190
 C10           -0.766        -0.261         1.441         0.680        -1.044
 C11           -1.261        -0.649         0.070         1.316         0.301
 C12            2.673        -0.056        -7.974         1.763         4.800
 C13            4.524        -2.213       -11.526         1.540        14.099
 C14           -0.839        -0.517         4.941        -2.849        -1.121
 C15           -5.057         1.380        19.924        -4.554        -7.797
 C16            6.253        -1.841       -16.471         2.760         7.480
 C17            2.009         1.421        -7.820         2.026        11.544
 C18            6.307        -1.996        -1.618         1.254        -3.081
 C19           -3.157         0.545         4.530         0.623         0.296
 C20            5.554        -1.792        -1.269        -1.028        -0.943
 C21            2.077        -1.102         2.806        -0.217        -4.319
 C22           -4.689         2.551         9.106         0.000        -2.459
 C23            0.156        -1.968         7.923        -2.492        -6.093
 C24            2.483        -0.625        -6.084         0.182         2.785


           EST./S.E. FOR ESTIMATED COVARIANCE MATRIX FOR THE LATENT VARIABLES
              C2            C3            C4            C5            C6
              ________      ________      ________      ________      ________
 C2            34.650
 C3            10.954       176.446
 C4             0.967        -2.989        55.463
 C5            -6.265        -5.525       -25.270        39.102
 C6            -7.449        -9.004         6.334         2.904        30.106
 C7            -5.760        -9.571         4.330         4.427        26.542
 C8            -0.931        -0.548        -3.422         1.054       -16.162
 C9             2.835         5.230        -3.450        -1.314        -5.895
 C10           -3.732        -1.179        -2.537         2.719         1.322
 C11           -0.973         3.868        -0.844        -3.722         9.358
 C12            3.443         0.340        -0.701         1.038        -0.397
 C13           14.839        19.109        -2.569        -8.599       -11.526
 C14           -2.765        -4.028         0.632         8.438         0.959
 C15           -7.346        -5.376        -0.065         3.088         1.883
 C16            5.185         0.732         0.525        -1.985        -0.044
 C17            4.431        -0.073         0.180        -1.207        -6.597
 C18           -2.357        -1.256         2.671        -3.526         1.602
 C19           -1.354        -5.856         0.291         3.826         5.507
 C20           -0.659         4.968        -1.219        -0.540        -5.287
 C21           -2.324        -1.078        -3.034         4.299         1.354
 C22          -15.974       -25.103         0.811         7.649         7.838
 C23           -3.266        -0.977        -2.116         2.395         4.100
 C24            6.563         8.000        -1.516        -0.893        -6.598


           EST./S.E. FOR ESTIMATED COVARIANCE MATRIX FOR THE LATENT VARIABLES
              C7            C8            C9            C10           C11
              ________      ________      ________      ________      ________
 C7            19.992
 C8            -8.242        31.237
 C9            -4.750       -12.425        14.604
 C10            1.354        -1.693        -3.633         3.768
 C11            9.322        -0.136        -2.326         0.378        20.753
 C12            0.144         1.327        -0.286        -0.467         0.520
 C13          -10.748         1.907         4.638        -0.113         4.058
 C14            3.683         1.762        -4.641         3.135        -0.996
 C15            2.874         0.258        -1.714         0.306         0.941
 C16           -0.026        -2.316         1.356        -0.039        -0.411
 C17           -5.213        -0.190         2.055         0.304        -8.434
 C18           -0.352         0.086        -0.619        -0.936        -1.628
 C19            5.541        -2.236        -2.971        -0.458        -0.935
 C20           -4.774         1.610         1.834        -0.541        -0.431
 C21            1.925        -1.191        -0.149         1.878         3.290
 C22            8.397        -1.158        -3.904         2.583        -5.557
 C23            5.133         0.394        -0.602         0.828         5.753
 C24           -5.845         1.596         1.606         0.688        -0.398


           EST./S.E. FOR ESTIMATED COVARIANCE MATRIX FOR THE LATENT VARIABLES
              C12           C13           C14           C15           C16
              ________      ________      ________      ________      ________
 C12           44.345
 C13           10.169        11.654
 C14            0.303        -6.705       296.332
 C15           -5.909        -8.449         0.812        71.083
 C16            5.821         3.942         0.394       -45.638       201.054
 C17            2.203         3.405        -8.417        -2.464         2.451
 C18           -0.034        -5.285        -1.534        -0.492        -0.899
 C19           -1.877        -8.212         4.975         2.007        -1.707
 C20            1.598         1.862         0.262        -0.652         1.218
 C21           -0.454        -1.649        10.509         1.133        -1.242
 C22           -5.735       -27.443         7.387         5.965        -1.012
 C23           -2.090        -2.937         2.556         9.344        -8.533
 C24            7.620         9.846        16.710        -4.068         1.299


           EST./S.E. FOR ESTIMATED COVARIANCE MATRIX FOR THE LATENT VARIABLES
              C17           C18           C19           C20           C21
              ________      ________      ________      ________      ________
 C17           31.138
 C18           -0.239        39.932
 C19           -2.176       -21.076        32.154
 C20            1.395         8.214        -7.722        20.070
 C21           -6.191        -2.215         4.269       -15.958        37.101
 C22           -0.514         4.977         6.992        -2.492         1.739
 C23           -4.246        -0.373         1.114         2.353         4.236
 C24            3.091         0.043        -0.787         1.769         1.364


           EST./S.E. FOR ESTIMATED COVARIANCE MATRIX FOR THE LATENT VARIABLES
              C22           C23           C24
              ________      ________      ________
 C22           60.270
 C23            0.434        11.683
 C24          -10.122        -1.192         9.439


           TWO-TAILED P-VALUE FOR ESTIMATED COVARIANCE MATRIX FOR THE LATENT VARIABLES
              IX            SX            IY            SY            C1
              ________      ________      ________      ________      ________
 IX             0.000
 SX             0.481         0.032
 IY             0.000         0.592         0.000
 SY             0.149         0.000         0.641         0.117
 C1             0.003         0.451         0.000         0.731         0.000
 C2             0.000         0.145         0.000         0.518         0.000
 C3             0.001         0.181         0.000         0.708         0.003
 C4             0.472         0.226         0.000         0.003         0.868
 C5             0.001         0.932         0.000         0.002         0.054
 C6             0.852         0.234         0.000         0.216         0.000
 C7             0.221         0.703         0.000         0.488         0.000
 C8             0.000         0.451         0.346         0.868         0.395
 C9             0.001         0.928         0.125         0.186         0.234
 C10            0.444         0.794         0.149         0.497         0.297
 C11            0.207         0.517         0.944         0.188         0.764
 C12            0.008         0.955         0.000         0.078         0.000
 C13            0.000         0.027         0.000         0.124         0.000
 C14            0.401         0.605         0.000         0.004         0.262
 C15            0.000         0.168         0.000         0.000         0.000
 C16            0.000         0.066         0.000         0.006         0.000
 C17            0.045         0.155         0.000         0.043         0.000
 C18            0.000         0.046         0.106         0.210         0.002
 C19            0.002         0.586         0.000         0.533         0.767
 C20            0.000         0.073         0.205         0.304         0.346
 C21            0.038         0.270         0.005         0.828         0.000
 C22            0.000         0.011         0.000         1.000         0.014
 C23            0.876         0.049         0.000         0.013         0.000
 C24            0.013         0.532         0.000         0.855         0.005


           TWO-TAILED P-VALUE FOR ESTIMATED COVARIANCE MATRIX FOR THE LATENT VARIABLES
              C2            C3            C4            C5            C6
              ________      ________      ________      ________      ________
 C2             0.000
 C3             0.000         0.000
 C4             0.333         0.003         0.000
 C5             0.000         0.000         0.000         0.000
 C6             0.000         0.000         0.000         0.004         0.000
 C7             0.000         0.000         0.000         0.000         0.000
 C8             0.352         0.584         0.001         0.292         0.000
 C9             0.005         0.000         0.001         0.189         0.000
 C10            0.000         0.238         0.011         0.007         0.186
 C11            0.331         0.000         0.398         0.000         0.000
 C12            0.001         0.734         0.483         0.299         0.691
 C13            0.000         0.000         0.010         0.000         0.000
 C14            0.006         0.000         0.527         0.000         0.337
 C15            0.000         0.000         0.949         0.002         0.060
 C16            0.000         0.464         0.600         0.047         0.965
 C17            0.000         0.942         0.857         0.227         0.000
 C18            0.018         0.209         0.008         0.000         0.109
 C19            0.176         0.000         0.771         0.000         0.000
 C20            0.510         0.000         0.223         0.589         0.000
 C21            0.020         0.281         0.002         0.000         0.176
 C22            0.000         0.000         0.417         0.000         0.000
 C23            0.001         0.329         0.034         0.017         0.000
 C24            0.000         0.000         0.130         0.372         0.000


           TWO-TAILED P-VALUE FOR ESTIMATED COVARIANCE MATRIX FOR THE LATENT VARIABLES
              C7            C8            C9            C10           C11
              ________      ________      ________      ________      ________
 C7             0.000
 C8             0.000         0.000
 C9             0.000         0.000         0.000
 C10            0.176         0.090         0.000         0.000
 C11            0.000         0.891         0.020         0.706         0.000
 C12            0.886         0.184         0.775         0.641         0.603
 C13            0.000         0.057         0.000         0.910         0.000
 C14            0.000         0.078         0.000         0.002         0.319
 C15            0.004         0.797         0.086         0.760         0.347
 C16            0.979         0.021         0.175         0.969         0.681
 C17            0.000         0.849         0.040         0.761         0.000
 C18            0.725         0.932         0.536         0.349         0.103
 C19            0.000         0.025         0.003         0.647         0.350
 C20            0.000         0.107         0.067         0.588         0.666
 C21            0.054         0.234         0.882         0.060         0.001
 C22            0.000         0.247         0.000         0.010         0.000
 C23            0.000         0.694         0.547         0.408         0.000
 C24            0.000         0.110         0.108         0.492         0.691


           TWO-TAILED P-VALUE FOR ESTIMATED COVARIANCE MATRIX FOR THE LATENT VARIABLES
              C12           C13           C14           C15           C16
              ________      ________      ________      ________      ________
 C12            0.000
 C13            0.000         0.000
 C14            0.762         0.000         0.000
 C15            0.000         0.000         0.417         0.000
 C16            0.000         0.000         0.693         0.000         0.000
 C17            0.028         0.001         0.000         0.014         0.014
 C18            0.973         0.000         0.125         0.623         0.369
 C19            0.060         0.000         0.000         0.045         0.088
 C20            0.110         0.063         0.793         0.515         0.223
 C21            0.650         0.099         0.000         0.257         0.214
 C22            0.000         0.000         0.000         0.000         0.311
 C23            0.037         0.003         0.011         0.000         0.000
 C24            0.000         0.000         0.000         0.000         0.194


           TWO-TAILED P-VALUE FOR ESTIMATED COVARIANCE MATRIX FOR THE LATENT VARIABLES
              C17           C18           C19           C20           C21
              ________      ________      ________      ________      ________
 C17            0.000
 C18            0.811         0.000
 C19            0.030         0.000         0.000
 C20            0.163         0.000         0.000         0.000
 C21            0.000         0.027         0.000         0.000         0.000
 C22            0.607         0.000         0.000         0.013         0.082
 C23            0.000         0.709         0.265         0.019         0.000
 C24            0.002         0.965         0.431         0.077         0.173


           TWO-TAILED P-VALUE FOR ESTIMATED COVARIANCE MATRIX FOR THE LATENT VARIABLES
              C22           C23           C24
              ________      ________      ________
 C22            0.000
 C23            0.664         0.000
 C24            0.000         0.233         0.000


           ESTIMATED CORRELATION MATRIX FOR THE LATENT VARIABLES
              IX            SX            IY            SY            C1
              ________      ________      ________      ________      ________
 IX             1.000
 SX            -0.153         1.000
 IY            -0.446         0.049         1.000
 SY             0.185        -0.799         0.095         1.000
 C1            -0.077         0.041        -0.249         0.022         1.000
 C2             0.136        -0.083        -0.235         0.039         0.176
 C3             0.115        -0.089        -0.237         0.027        -0.036
 C4             0.023         0.079        -0.091         0.216         0.002
 C5            -0.114        -0.006         0.265        -0.239         0.024
 C6            -0.006        -0.083         0.120         0.096        -0.064
 C7            -0.040        -0.027         0.164        -0.054        -0.061
 C8            -0.179         0.055         0.026        -0.012        -0.010
 C9             0.111        -0.006        -0.041        -0.083         0.014
 C10           -0.017        -0.015         0.033         0.030        -0.018
 C11           -0.039        -0.048         0.002         0.113         0.005
 C12            0.084        -0.004        -0.216         0.136         0.078
 C13            0.160        -0.136        -0.298         0.095         0.204
 C14           -0.028        -0.034         0.131        -0.206        -0.013
 C15           -0.154         0.087         0.522        -0.348        -0.130
 C16            0.193        -0.114        -0.391         0.191         0.120
 C17            0.065         0.101        -0.220         0.163         0.189
 C18            0.200        -0.126        -0.042         0.087        -0.045
 C19           -0.093         0.034         0.120         0.047         0.005
 C20            0.185        -0.106        -0.033        -0.070        -0.014
 C21            0.063        -0.068         0.075        -0.016        -0.068
 C22           -0.158         0.163         0.231         0.000        -0.032
 C23            0.005        -0.146         0.302        -0.232        -0.104
 C24            0.083        -0.038        -0.158         0.012         0.035


           ESTIMATED CORRELATION MATRIX FOR THE LATENT VARIABLES
              C2            C3            C4            C5            C6
              ________      ________      ________      ________      ________
 C2             1.000
 C3             0.210         1.000
 C4             0.018        -0.064         1.000
 C5            -0.105        -0.116        -0.378         1.000
 C6            -0.130        -0.186         0.135         0.061         1.000
 C7            -0.110        -0.198         0.092         0.096         0.663
 C8            -0.018        -0.012        -0.070         0.023        -0.293
 C9             0.060         0.120        -0.069        -0.026        -0.120
 C10           -0.032        -0.020        -0.034         0.072         0.027
 C11           -0.017         0.075        -0.016        -0.063         0.228
 C12            0.060         0.006        -0.013         0.020        -0.008
 C13            0.390         0.375        -0.045        -0.140        -0.192
 C14           -0.052        -0.087         0.014         0.175         0.020
 C15           -0.120        -0.095        -0.001         0.057         0.033
 C16            0.092         0.014         0.010        -0.036        -0.001
 C17            0.071        -0.001         0.003        -0.023        -0.135
 C18           -0.042        -0.025         0.055        -0.066         0.032
 C19           -0.024        -0.109         0.006         0.079         0.113
 C20           -0.012         0.102        -0.023        -0.010        -0.096
 C21           -0.040        -0.021        -0.056         0.087         0.026
 C22           -0.342        -0.488         0.017         0.146         0.155
 C23           -0.055        -0.017        -0.036         0.046         0.073
 C24            0.148         0.176        -0.031        -0.019        -0.127


           ESTIMATED CORRELATION MATRIX FOR THE LATENT VARIABLES
              C7            C8            C9            C10           C11
              ________      ________      ________      ________      ________
 C7             1.000
 C8            -0.171         1.000
 C9            -0.098        -0.148         1.000
 C10            0.036        -0.021        -0.019         1.000
 C11            0.231        -0.003        -0.036         0.007         1.000
 C12            0.003         0.025        -0.005        -0.009         0.010
 C13           -0.176         0.042         0.124        -0.003         0.101
 C14            0.078         0.038        -0.104         0.051        -0.019
 C15            0.053         0.005        -0.031         0.006         0.017
 C16            0.000        -0.043         0.026        -0.001        -0.007
 C17           -0.103        -0.004         0.035         0.005        -0.203
 C18           -0.007         0.002        -0.012        -0.014        -0.028
 C19            0.119        -0.041        -0.050        -0.007        -0.016
 C20           -0.082         0.034         0.046        -0.008        -0.008
 C21            0.038        -0.022        -0.003         0.046         0.066
 C22            0.166        -0.025        -0.092         0.034        -0.116
 C23            0.108         0.007        -0.010         0.019         0.169
 C24           -0.104         0.034         0.036         0.015        -0.007


           ESTIMATED CORRELATION MATRIX FOR THE LATENT VARIABLES
              C12           C13           C14           C15           C16
              ________      ________      ________      ________      ________
 C12            1.000
 C13            0.185         1.000
 C14            0.006        -0.133         1.000
 C15           -0.105        -0.138         0.015         1.000
 C16            0.104         0.071         0.007        -0.598         1.000
 C17            0.041         0.063        -0.151        -0.045         0.043
 C18           -0.001        -0.095        -0.031        -0.009        -0.016
 C19           -0.033        -0.120         0.094         0.036        -0.030
 C20            0.030         0.035         0.005        -0.012         0.022
 C21           -0.008        -0.031         0.191         0.020        -0.022
 C22           -0.102        -0.616         0.155         0.105        -0.019
 C23           -0.040        -0.046         0.045         0.199        -0.137
 C24            0.135         0.330         0.327        -0.068         0.024


           ESTIMATED CORRELATION MATRIX FOR THE LATENT VARIABLES
              C17           C18           C19           C20           C21
              ________      ________      ________      ________      ________
 C17            1.000
 C18           -0.004         1.000
 C19           -0.041        -0.264         1.000
 C20            0.024         0.206        -0.109         1.000
 C21           -0.126        -0.040         0.085        -0.181         1.000
 C22           -0.009         0.092         0.121        -0.051         0.032
 C23           -0.088        -0.006         0.021         0.053         0.086
 C24            0.051         0.001        -0.016         0.048         0.026


           ESTIMATED CORRELATION MATRIX FOR THE LATENT VARIABLES
              C22           C23           C24
              ________      ________      ________
 C22            1.000
 C23            0.008         1.000
 C24           -0.217        -0.019         1.000


           S.E. FOR ESTIMATED CORRELATION MATRIX FOR THE LATENT VARIABLES
              IX            SX            IY            SY            C1
              ________      ________      ________      ________      ________
 IX             0.000
 SX             0.178         0.000
 IY             0.051         0.094         0.000
 SY             0.143         0.363         0.232         0.000
 C1             0.026         0.056         0.023         0.065         0.000
 C2             0.031         0.060         0.023         0.061         0.015
 C3             0.034         0.067         0.026         0.073         0.012
 C4             0.032         0.066         0.026         0.096         0.012
 C5             0.035         0.069         0.028         0.102         0.013
 C6             0.032         0.071         0.026         0.083         0.013
 C7             0.033         0.071         0.027         0.079         0.012
 C8             0.037         0.073         0.028         0.075         0.012
 C9             0.033         0.067         0.026         0.067         0.011
 C10            0.021         0.059         0.021         0.045         0.017
 C11            0.031         0.074         0.027         0.092         0.016
 C12            0.031         0.064         0.027         0.084         0.016
 C13            0.034         0.068         0.023         0.068         0.017
 C14            0.034         0.066         0.027         0.097         0.012
 C15            0.031         0.066         0.026         0.122         0.017
 C16            0.031         0.065         0.024         0.085         0.016
 C17            0.033         0.072         0.028         0.093         0.015
 C18            0.031         0.068         0.026         0.074         0.015
 C19            0.030         0.063         0.026         0.077         0.015
 C20            0.033         0.063         0.026         0.073         0.015
 C21            0.030         0.063         0.027         0.072         0.016
 C22            0.035         0.073         0.025         0.070         0.013
 C23            0.031         0.077         0.032         0.110         0.017
 C24            0.033         0.061         0.023         0.064         0.012


           S.E. FOR ESTIMATED CORRELATION MATRIX FOR THE LATENT VARIABLES
              C2            C3            C4            C5            C6
              ________      ________      ________      ________      ________
 C2             0.000
 C3             0.018         0.000
 C4             0.019         0.021         0.000
 C5             0.016         0.021         0.010         0.000
 C6             0.017         0.020         0.021         0.021         0.000
 C7             0.019         0.021         0.021         0.022         0.017
 C8             0.019         0.022         0.020         0.021         0.015
 C9             0.021         0.022         0.020         0.020         0.019
 C10            0.004         0.016         0.011         0.021         0.019
 C11            0.017         0.019         0.019         0.017         0.022
 C12            0.017         0.018         0.019         0.019         0.019
 C13            0.024         0.017         0.017         0.015         0.017
 C14            0.019         0.022         0.022         0.020         0.021
 C15            0.016         0.018         0.018         0.019         0.018
 C16            0.018         0.019         0.019         0.018         0.019
 C17            0.016         0.018         0.018         0.019         0.020
 C18            0.018         0.020         0.020         0.019         0.020
 C19            0.018         0.018         0.019         0.021         0.020
 C20            0.018         0.020         0.019         0.019         0.018
 C21            0.017         0.019         0.018         0.020         0.019
 C22            0.019         0.018         0.021         0.019         0.019
 C23            0.017         0.018         0.017         0.019         0.017
 C24            0.020         0.021         0.020         0.021         0.019


           S.E. FOR ESTIMATED CORRELATION MATRIX FOR THE LATENT VARIABLES
              C7            C8            C9            C10           C11
              ________      ________      ________      ________      ________
 C7             0.000
 C8             0.021         0.000
 C9             0.020         0.007         0.000
 C10            0.025         0.012         0.003         0.000
 C11            0.023         0.019         0.015         0.020         0.000
 C12            0.019         0.019         0.017         0.019         0.019
 C13            0.016         0.022         0.026         0.024         0.024
 C14            0.021         0.022         0.022         0.011         0.019
 C15            0.018         0.018         0.018         0.018         0.018
 C16            0.018         0.018         0.019         0.017         0.018
 C17            0.020         0.018         0.016         0.016         0.023
 C18            0.019         0.020         0.020         0.015         0.017
 C19            0.021         0.018         0.017         0.016         0.018
 C20            0.017         0.021         0.025         0.014         0.017
 C21            0.020         0.019         0.019         0.022         0.020
 C22            0.020         0.021         0.023         0.011         0.020
 C23            0.020         0.019         0.017         0.023         0.026
 C24            0.017         0.022         0.022         0.022         0.018


           S.E. FOR ESTIMATED CORRELATION MATRIX FOR THE LATENT VARIABLES
              C12           C13           C14           C15           C16
              ________      ________      ________      ________      ________
 C12            0.000
 C13            0.016         0.000
 C14            0.018         0.018         0.000
 C15            0.018         0.015         0.018         0.000
 C16            0.018         0.017         0.019         0.010         0.000
 C17            0.018         0.019         0.017         0.018         0.018
 C18            0.018         0.019         0.020         0.018         0.018
 C19            0.018         0.014         0.019         0.018         0.018
 C20            0.019         0.019         0.020         0.018         0.018
 C21            0.018         0.019         0.018         0.018         0.018
 C22            0.018         0.019         0.021         0.017         0.018
 C23            0.019         0.016         0.017         0.018         0.014
 C24            0.016         0.024         0.018         0.016         0.018


           S.E. FOR ESTIMATED CORRELATION MATRIX FOR THE LATENT VARIABLES
              C17           C18           C19           C20           C21
              ________      ________      ________      ________      ________
 C17            0.000
 C18            0.018         0.000
 C19            0.019         0.008         0.000
 C20            0.017         0.023         0.013         0.000
 C21            0.020         0.018         0.020         0.007         0.000
 C22            0.018         0.018         0.017         0.020         0.019
 C23            0.020         0.017         0.019         0.022         0.020
 C24            0.016         0.024         0.020         0.026         0.019


           S.E. FOR ESTIMATED CORRELATION MATRIX FOR THE LATENT VARIABLES
              C22           C23           C24
              ________      ________      ________
 C22            0.000
 C23            0.018         0.000
 C24            0.021         0.016         0.000


           EST./S.E. FOR ESTIMATED CORRELATION MATRIX FOR THE LATENT VARIABLES
              IX            SX            IY            SY            C1
              ________      ________      ________      ________      ________
 IX           999.000
 SX            -0.861       999.000
 IY            -8.706         0.528       999.000
 SY             1.299        -2.201         0.409       999.000
 C1            -2.986         0.743       -11.013         0.343       999.000
 C2             4.395        -1.387       -10.140         0.630        11.631
 C3             3.356        -1.317        -8.975         0.372        -2.956
 C4             0.718         1.186        -3.506         2.250         0.166
 C5            -3.287        -0.085         9.622        -2.345         1.924
 C6            -0.186        -1.170         4.620         1.153        -4.997
 C7            -1.224        -0.384         5.978        -0.684        -4.878
 C8            -4.796         0.747         0.941        -0.165        -0.851
 C9             3.326        -0.090        -1.539        -1.231         1.192
 C10           -0.776        -0.262         1.526         0.669        -1.075
 C11           -1.262        -0.646         0.070         1.228         0.301
 C12            2.684        -0.056        -8.036         1.609         4.790
 C13            4.663        -2.008       -12.847         1.408        12.076
 C14           -0.839        -0.513         4.905        -2.114        -1.121
 C15           -4.929         1.323        20.354        -2.848        -7.831
 C16            6.213        -1.751       -16.249         2.251         7.483
 C17            2.001         1.391        -7.956         1.748        12.210
 C18            6.361        -1.854        -1.621         1.173        -3.086
 C19           -3.134         0.540         4.544         0.617         0.296
 C20            5.570        -1.685        -1.272        -0.968        -0.944
 C21            2.095        -1.090         2.818        -0.216        -4.338
 C22           -4.540         2.244         9.090         0.000        -2.460
 C23            0.156        -1.895         9.446        -2.115        -6.181
 C24            2.496        -0.614        -6.977         0.182         2.889


           EST./S.E. FOR ESTIMATED CORRELATION MATRIX FOR THE LATENT VARIABLES
              C2            C3            C4            C5            C6
              ________      ________      ________      ________      ________
 C2           999.000
 C3            11.535       999.000
 C4             0.967        -2.991       999.000
 C5            -6.393        -5.549       -36.849       999.000
 C6            -7.693        -9.137         6.370         2.909       999.000
 C7            -5.705        -9.271         4.314         4.421        38.170
 C8            -0.931        -0.548        -3.443         1.054       -19.509
 C9             2.895         5.551        -3.527        -1.322        -6.293
 C10           -7.401        -1.225        -3.127         3.483         1.389
 C11           -0.974         3.920        -0.845        -3.794        10.592
 C12            3.446         0.340        -0.701         1.040        -0.397
 C13           16.283        22.388        -2.639        -9.202       -11.564
 C14           -2.774        -4.032         0.632         8.547         0.959
 C15           -7.520        -5.389        -0.065         3.096         1.880
 C16            5.218         0.732         0.525        -1.987        -0.044
 C17            4.507        -0.073         0.180        -1.205        -6.829
 C18           -2.364        -1.255         2.678        -3.548         1.606
 C19           -1.356        -5.937         0.291         3.858         5.643
 C20           -0.659         5.122        -1.221        -0.540        -5.460
 C21           -2.331        -1.078        -3.048         4.327         1.354
 C22          -18.055       -27.222         0.811         7.792         7.981
 C23           -3.245        -0.971        -2.126         2.414         4.173
 C24            7.352         8.467        -1.526        -0.893        -6.771


           EST./S.E. FOR ESTIMATED CORRELATION MATRIX FOR THE LATENT VARIABLES
              C7            C8            C9            C10           C11
              ________      ________      ________      ________      ________
 C7           999.000
 C8            -8.213       999.000
 C9            -5.001       -22.110       999.000
 C10            1.430        -1.840        -7.194       999.000
 C11           10.219        -0.137        -2.368         0.379       999.000
 C12            0.144         1.329        -0.286        -0.470         0.521
 C13          -11.082         1.928         4.822        -0.113         4.261
 C14            3.717         1.761        -4.852         4.518        -0.998
 C15            2.883         0.258        -1.722         0.306         0.942
 C16           -0.026        -2.320         1.360        -0.039        -0.411
 C17           -5.199        -0.190         2.099         0.305        -8.996
 C18           -0.353         0.086        -0.619        -0.959        -1.634
 C19            5.688        -2.246        -3.037        -0.461        -0.937
 C20           -4.956         1.616         1.857        -0.545        -0.432
 C21            1.942        -1.193        -0.149         2.084         3.319
 C22            8.377        -1.159        -4.035         3.211        -5.731
 C23            5.349         0.394        -0.602         0.843         6.402
 C24           -5.978         1.577         1.613         0.696        -0.399


           EST./S.E. FOR ESTIMATED CORRELATION MATRIX FOR THE LATENT VARIABLES
              C12           C13           C14           C15           C16
              ________      ________      ________      ________      ________
 C12          999.000
 C13           11.613       999.000
 C14            0.303        -7.284       999.000
 C15           -5.937        -8.922         0.812       999.000
 C16            5.857         4.080         0.394       -58.300       999.000
 C17            2.204         3.255        -8.677        -2.469         2.458
 C18           -0.034        -4.960        -1.536        -0.492        -0.899
 C19           -1.881        -8.854         5.013         2.010        -1.709
 C20            1.603         1.852         0.262        -0.652         1.219
 C21           -0.454        -1.618        10.833         1.133        -1.243
 C22           -5.733       -31.654         7.453         5.998        -1.012
 C23           -2.092        -2.963         2.583        11.045        -9.661
 C24            8.610        13.821        18.300        -4.196         1.301


           EST./S.E. FOR ESTIMATED CORRELATION MATRIX FOR THE LATENT VARIABLES
              C17           C18           C19           C20           C21
              ________      ________      ________      ________      ________
 C17          999.000
 C18           -0.239       999.000
 C19           -2.177       -33.413       999.000
 C20            1.404         8.987        -8.437       999.000
 C21           -6.300        -2.223         4.309       -27.435       999.000
 C22           -0.514         5.012         7.183        -2.512         1.742
 C23           -4.308        -0.373         1.115         2.394         4.328
 C24            3.230         0.043        -0.785         1.817         1.360


           EST./S.E. FOR ESTIMATED CORRELATION MATRIX FOR THE LATENT VARIABLES
              C22           C23           C24
              ________      ________      ________
 C22          999.000
 C23            0.433       999.000
 C24          -10.555        -1.201       999.000


           TWO-TAILED P-VALUE FOR ESTIMATED CORRELATION MATRIX FOR THE LATENT VARIABLES
              IX            SX            IY            SY            C1
              ________      ________      ________      ________      ________
 IX             0.000
 SX             0.389         0.000
 IY             0.000         0.598         0.000
 SY             0.194         0.028         0.683         0.000
 C1             0.003         0.458         0.000         0.731         0.000
 C2             0.000         0.165         0.000         0.528         0.000
 C3             0.001         0.188         0.000         0.710         0.003
 C4             0.472         0.236         0.000         0.024         0.868
 C5             0.001         0.932         0.000         0.019         0.054
 C6             0.852         0.242         0.000         0.249         0.000
 C7             0.221         0.701         0.000         0.494         0.000
 C8             0.000         0.455         0.347         0.869         0.395
 C9             0.001         0.928         0.124         0.218         0.233
 C10            0.437         0.793         0.127         0.503         0.282
 C11            0.207         0.518         0.944         0.220         0.764
 C12            0.007         0.955         0.000         0.108         0.000
 C13            0.000         0.045         0.000         0.159         0.000
 C14            0.402         0.608         0.000         0.035         0.262
 C15            0.000         0.186         0.000         0.004         0.000
 C16            0.000         0.080         0.000         0.024         0.000
 C17            0.045         0.164         0.000         0.080         0.000
 C18            0.000         0.064         0.105         0.241         0.002
 C19            0.002         0.589         0.000         0.538         0.767
 C20            0.000         0.092         0.203         0.333         0.345
 C21            0.036         0.276         0.005         0.829         0.000
 C22            0.000         0.025         0.000         1.000         0.014
 C23            0.876         0.058         0.000         0.034         0.000
 C24            0.013         0.539         0.000         0.855         0.004


           TWO-TAILED P-VALUE FOR ESTIMATED CORRELATION MATRIX FOR THE LATENT VARIABLES
              C2            C3            C4            C5            C6
              ________      ________      ________      ________      ________
 C2             0.000
 C3             0.000         0.000
 C4             0.334         0.003         0.000
 C5             0.000         0.000         0.000         0.000
 C6             0.000         0.000         0.000         0.004         0.000
 C7             0.000         0.000         0.000         0.000         0.000
 C8             0.352         0.584         0.001         0.292         0.000
 C9             0.004         0.000         0.000         0.186         0.000
 C10            0.000         0.221         0.002         0.000         0.165
 C11            0.330         0.000         0.398         0.000         0.000
 C12            0.001         0.734         0.484         0.298         0.691
 C13            0.000         0.000         0.008         0.000         0.000
 C14            0.006         0.000         0.527         0.000         0.337
 C15            0.000         0.000         0.949         0.002         0.060
 C16            0.000         0.464         0.600         0.047         0.965
 C17            0.000         0.942         0.857         0.228         0.000
 C18            0.018         0.209         0.007         0.000         0.108
 C19            0.175         0.000         0.771         0.000         0.000
 C20            0.510         0.000         0.222         0.589         0.000
 C21            0.020         0.281         0.002         0.000         0.176
 C22            0.000         0.000         0.417         0.000         0.000
 C23            0.001         0.331         0.034         0.016         0.000
 C24            0.000         0.000         0.127         0.372         0.000


           TWO-TAILED P-VALUE FOR ESTIMATED CORRELATION MATRIX FOR THE LATENT VARIABLES
              C7            C8            C9            C10           C11
              ________      ________      ________      ________      ________
 C7             0.000
 C8             0.000         0.000
 C9             0.000         0.000         0.000
 C10            0.153         0.066         0.000         0.000
 C11            0.000         0.891         0.018         0.705         0.000
 C12            0.885         0.184         0.775         0.639         0.603
 C13            0.000         0.054         0.000         0.910         0.000
 C14            0.000         0.078         0.000         0.000         0.318
 C15            0.004         0.797         0.085         0.759         0.346
 C16            0.979         0.020         0.174         0.969         0.681
 C17            0.000         0.850         0.036         0.760         0.000
 C18            0.724         0.932         0.536         0.338         0.102
 C19            0.000         0.025         0.002         0.645         0.349
 C20            0.000         0.106         0.063         0.585         0.666
 C21            0.052         0.233         0.882         0.037         0.001
 C22            0.000         0.246         0.000         0.001         0.000
 C23            0.000         0.693         0.547         0.399         0.000
 C24            0.000         0.115         0.107         0.486         0.690


           TWO-TAILED P-VALUE FOR ESTIMATED CORRELATION MATRIX FOR THE LATENT VARIABLES
              C12           C13           C14           C15           C16
              ________      ________      ________      ________      ________
 C12            0.000
 C13            0.000         0.000
 C14            0.762         0.000         0.000
 C15            0.000         0.000         0.417         0.000
 C16            0.000         0.000         0.693         0.000         0.000
 C17            0.028         0.001         0.000         0.014         0.014
 C18            0.973         0.000         0.124         0.623         0.369
 C19            0.060         0.000         0.000         0.044         0.087
 C20            0.109         0.064         0.793         0.515         0.223
 C21            0.650         0.106         0.000         0.257         0.214
 C22            0.000         0.000         0.000         0.000         0.311
 C23            0.036         0.003         0.010         0.000         0.000
 C24            0.000         0.000         0.000         0.000         0.193


           TWO-TAILED P-VALUE FOR ESTIMATED CORRELATION MATRIX FOR THE LATENT VARIABLES
              C17           C18           C19           C20           C21
              ________      ________      ________      ________      ________
 C17            0.000
 C18            0.811         0.000
 C19            0.030         0.000         0.000
 C20            0.160         0.000         0.000         0.000
 C21            0.000         0.026         0.000         0.000         0.000
 C22            0.607         0.000         0.000         0.012         0.082
 C23            0.000         0.709         0.265         0.017         0.000
 C24            0.001         0.965         0.432         0.069         0.174


           TWO-TAILED P-VALUE FOR ESTIMATED CORRELATION MATRIX FOR THE LATENT VARIABLES
              C22           C23           C24
              ________      ________      ________
 C22            0.000
 C23            0.665         0.000
 C24            0.000         0.230         0.000


           ESTIMATED PARTIAL CORRELATION MATRIX FOR THE LATENT VARIABLES
              IX            SX            IY            SY            C1
              ________      ________      ________      ________      ________
 IX             1.000
 SX           999.000       999.000
 IY            -0.054       999.000         1.000
 SY           999.000        -2.576       999.000       999.000
 C1            -0.159       999.000        -0.173       999.000         1.000
 C2             0.039       999.000        -0.122       999.000         0.107
 C3             0.006       999.000        -0.031       999.000        -0.096
 C4             0.159       999.000         0.515       999.000         0.072
 C5            -0.135       999.000        -0.118       999.000         0.050
 C6             0.044       999.000         0.089       999.000         0.000
 C7            -0.091       999.000        -0.224       999.000        -0.056
 C8            -0.133       999.000         0.130       999.000        -0.042
 C9             0.007       999.000        -0.138       999.000        -0.014
 C10            0.014       999.000         0.097       999.000        -0.014
 C11            0.090       999.000         0.429       999.000         0.102
 C12            0.138       999.000         0.205       999.000         0.045
 C13            0.065       999.000        -0.036       999.000         0.198
 C14           -0.141       999.000        -0.458       999.000         0.008
 C15           -0.207       999.000        -0.366       999.000        -0.086
 C16            0.053       999.000        -0.305       999.000         0.023
 C17            0.241       999.000         0.429       999.000         0.223
 C18            0.149       999.000        -0.091       999.000         0.006
 C19            0.056       999.000         0.229       999.000         0.045
 C20            0.063       999.000        -0.295       999.000        -0.015
 C21            0.105       999.000        -0.025       999.000        -0.035
 C22            0.088       999.000         0.465       999.000         0.126
 C23           -0.204       999.000        -0.638       999.000        -0.115
 C24            0.048       999.000         0.108       999.000        -0.047


           ESTIMATED PARTIAL CORRELATION MATRIX FOR THE LATENT VARIABLES
              C2            C3            C4            C5            C6
              ________      ________      ________      ________      ________
 C2             1.000
 C3             0.025         1.000
 C4             0.015        -0.008         1.000
 C5            -0.016        -0.058        -0.523         1.000
 C6            -0.050        -0.042         0.123         0.035         1.000
 C7             0.022        -0.088        -0.030         0.105         0.587
 C8            -0.032        -0.049         0.007        -0.018        -0.247
 C9             0.000         0.032        -0.103         0.031        -0.104
 C10           -0.022         0.006         0.007         0.035         0.005
 C11           -0.059         0.104         0.034        -0.189         0.152
 C12           -0.034        -0.042         0.097        -0.010         0.031
 C13            0.182         0.074        -0.035        -0.044        -0.052
 C14            0.027        -0.057        -0.016         0.248        -0.075
 C15            0.015        -0.112        -0.209         0.144        -0.060
 C16            0.024        -0.055        -0.025         0.035        -0.024
 C17           -0.001         0.032         0.141        -0.085        -0.051
 C18            0.005        -0.012         0.008        -0.014         0.036
 C19            0.040        -0.010         0.034        -0.008         0.048
 C20           -0.049         0.045        -0.087         0.089        -0.075
 C21           -0.029         0.002        -0.051         0.055        -0.032
 C22           -0.140        -0.279         0.052        -0.068         0.017
 C23            0.015        -0.081        -0.235         0.172        -0.059
 C24            0.004         0.065         0.017        -0.065        -0.006


           ESTIMATED PARTIAL CORRELATION MATRIX FOR THE LATENT VARIABLES
              C7            C8            C9            C10           C11
              ________      ________      ________      ________      ________
 C7             1.000
 C8            -0.013         1.000
 C9             0.027        -0.191         1.000
 C10            0.004        -0.018        -0.025         1.000
 C11            0.074         0.094        -0.066         0.022         1.000
 C12           -0.026         0.060        -0.059         0.003         0.085
 C13            0.004         0.044         0.057         0.037         0.073
 C14            0.133        -0.010        -0.040         0.012        -0.141
 C15            0.136        -0.110         0.074        -0.043        -0.196
 C16            0.051        -0.031         0.021        -0.002        -0.014
 C17           -0.047         0.036        -0.064         0.049        -0.063
 C18            0.006         0.034        -0.009        -0.018        -0.047
 C19            0.021        -0.003        -0.036        -0.021        -0.012
 C20            0.032         0.008         0.059        -0.010        -0.053
 C21            0.004        -0.015         0.022         0.030         0.044
 C22           -0.022         0.015        -0.023         0.046         0.019
 C23            0.184        -0.050         0.097        -0.029        -0.033
 C24           -0.058         0.008         0.002         0.013         0.039


           ESTIMATED PARTIAL CORRELATION MATRIX FOR THE LATENT VARIABLES
              C12           C13           C14           C15           C16
              ________      ________      ________      ________      ________
 C12            1.000
 C13            0.120         1.000
 C14           -0.106        -0.144         1.000
 C15           -0.182        -0.003         0.222         1.000
 C16            0.010        -0.012         0.058        -0.552         1.000
 C17            0.117        -0.022        -0.321        -0.228        -0.042
 C18           -0.021        -0.093        -0.026         0.028        -0.063
 C19            0.014        -0.061         0.000        -0.079        -0.032
 C20           -0.042        -0.012         0.131         0.165         0.031
 C21           -0.009         0.011         0.190         0.018        -0.019
 C22            0.062        -0.436         0.004        -0.152         0.037
 C23           -0.182        -0.017         0.238         0.553         0.039
 C24            0.117         0.260         0.389        -0.103        -0.041


           ESTIMATED PARTIAL CORRELATION MATRIX FOR THE LATENT VARIABLES
              C17           C18           C19           C20           C21
              ________      ________      ________      ________      ________
 C17            1.000
 C18           -0.062         1.000
 C19            0.013        -0.273         1.000
 C20           -0.092         0.180        -0.043         1.000
 C21           -0.096         0.002         0.049        -0.200         1.000
 C22            0.140         0.073         0.072        -0.069        -0.004
 C23           -0.265         0.019        -0.058         0.222         0.096
 C24            0.156         0.047         0.046        -0.027        -0.035


           ESTIMATED PARTIAL CORRELATION MATRIX FOR THE LATENT VARIABLES
              C22           C23           C24
              ________      ________      ________
 C22            1.000
 C23           -0.195         1.000
 C24            0.005        -0.089         1.000


RESULTS SAVING INFORMATION

  Order of data

    Parameter estimates
     (saved in order shown in Technical 1 output)
    Standard errors
     (saved in order shown in Technical 1 output)
    Number of Free Parameters
    H0 Loglikelihood
    H0 Scaling Correction Factor for MLR
    H1 Loglikelihood
    H1 Scaling Correction Factor for MLR
    Akaike (AIC)
    Bayesian (BIC)
    Sample-Size Adjusted BIC
    Chi-square : Value
    Chi-square : Degrees of Freedom
    Chi-square : P-Value
    Chi-square : Scaling Correction Factor for MLR/MLM/WLSM
    CFI
    TLI
    RMSEA : Estimate
    RMSEA : Low CI
    RMSEA : High CI
    RMSEA : Probability
    SRMR
    Condition Number

  Save file
    estimates.dat

  Save file format           Free


SAVEDATA INFORMATION


  Estimated Covariance Matrix for the Parameter Estimates

  Save file
    tech3.dat
  Save format      Free

     Beginning Time:  10:57:09
        Ending Time:  11:00:08
       Elapsed Time:  00:02:59



MUTHEN & MUTHEN
3463 Stoner Ave.
Los Angeles, CA  90066

Tel: (310) 391-9971
Fax: (310) 391-8971
Web: www.StatModel.com
Support: Support@StatModel.com

Copyright (c) 1998-2025 Muthen & Muthen
