0.019437631,-0.0030479879,-0.013650186,-0.0021216626,0.00046076522,0.006127597,0.0030164812,0.00067198736,8.5123585e-05,-2.090893e-06,0.00023850347,-0.0012447037,0.00058034546,-0.0014692807,0.0011988811,-0.0027094809,0.0011078475,-0.00070195352,0.0085843532,-0.018897883,-0.00067624984,-0.00059606185,0.0025434352,0.0019959643,-0.0040138167,2.9235114e-05,-8.332967e-05,0.00041197117,-0.0017404349,0.0018129799,-0.00013722291,0.0011227038,0.00044331988,1.2407442e-05,-0.0025836076,-0.0001416096,-0.0035731885,0.0029191342,0.0032238631,0.00077924606,0.00023798138,0.0025398666,0.0010216908,7.8619239e-05,0.014969413,0.00022790514,0.00054002392,-0.0014851865,-0.0015274438,0.0019459093,-8.8743147e-06,7.4912931e-05,-0.00068091546,0.0012205474,-0.00050556696,-0.00060705764,-0.00060112497,-0.00020251714,-9.9158724e-05,0.0012154963,0.00032843078,0.0016831466,-0.0011888424,-0.0017107671,0.00015478426,-3.9542924e-05,-0.0019194762,-0.00022462716,-7.5106983e-05,-0.01054397,0.0028202327,-0.0013533625,0.0013360686,-0.00077172624,-0.0007729536,0.0003776606,4.265151e-05,3.4208204e-05,-0.003131318,0.001816435,-2.0510246e-05,-0.00089183999,-0.00013666427,0.00027463658,-0.00023166573,-0.00011083358,0.0018186027,0.0016062626,0.0019781087,-0.0012219089,0.0033334896,0.0019277598,-0.0021548588,0.00011233704,-5.6441117e-06,-0.030424204,0.0064949511,-0.0064822313,-0.0032188155,-7.3293002e-05,-0.0020454146,0.00093035599,0.0039135323,-3.2580999e-05,-0.00063449373,-8.3016773e-05,0.0048791056,-0.0016106945,-0.0078903341,-0.00022223842,2.331877e-05,-0.00080484371,0.0005973529,0.0041671127,-0.0038906356,-0.0019179946,-0.0046640218,0.0023009571,-0.0058637758,-0.0038427265,0.0063076876,-0.00075107114,0.00011076319,-0.015557422,0.0021561785,-0.016909066,0.011720788,-0.0087874592,0.0033446627,-0.00010008125,0.0015701284,0.0095509068,-0.0010767726,-0.00034611678
-0.0030479879,0.017028221,0.015333395,0.0014257513,-0.0011488126,-0.0027522383,0.00065677411,-0.00037415584,-0.00016107355,0.0001597331,-0.0002029112,0.0003121002,-5.7170076e-05,0.00059543436,-0.00085231608,-6.6829517e-05,-0.0012914829,0.001042933,-0.010586176,0.014054253,-3.5800237e-05,-0.0022587989,-0.00098930159,0.00081958114,0.0020147519,0.00014031825,0.0001157876,-0.0021983447,0.003722741,-0.010967537,-0.0012457055,-0.0011922211,8.7243539e-05,-0.00090842052,0.00054686612,0.0015987444,0.0036343887,-0.0021166982,-0.00082717595,0.0010923287,-0.0019104626,-0.0008976739,0.00044907931,-0.00036871824,-0.010417375,1.219549e-05,0.0012517609,0.00034350618,-0.0010470589,-0.00096022577,-3.3986076e-05,-2.9808396e-05,0.0010357919,-0.0022743789,0.0066493598,0.00084810129,0.00052895715,0.0001072324,0.00083541974,-0.00052641166,-0.00056079174,-0.0017944999,0.0017183484,0.0005585142,6.1536885e-05,0.0015500241,-0.0001807334,-5.1330327e-05,0.00017169269,0.010369407,-0.0013980018,0.0014577133,-0.00062750796,0.00013845546,-0.00012768749,0.0003191268,-4.5110561e-05,-5.1663272e-05,0.0032354489,-0.0020334274,0.0017510496,0.001110452,6.5043892e-05,-0.00033991519,0.00020813655,0.00034634305,-0.0018023801,-0.0017238569,-0.0018313817,0.00074536468,-0.0029495223,-0.0010172227,0.0012019784,-0.00025192099,6.0976585e-05,0.034444213,-0.010573108,0.0029046273,0.0019737612,-0.0017214222,0.0013256144,-0.00079566746,-0.0036359379,-7.3606961e-05,0.00085229957,0.00017689102,-0.0065308475,0.002241142,0.0066519211,-0.0011969929,-0.0002810081,0.0013176416,0.00019499686,-0.0036742318,0.0043975184,0.0017511527,0.00625212,-0.0012463225,0.0078014988,0.0031832467,-0.0061058643,0.0019579003,-0.00028423614,0.010978435,-0.0018814672,0.010929135,-0.0099476388,0.0077150015,-0.0028109731,0.00051195714,-0.00025860389,-0.0078423219,0.00055605242,0.00025299866
-0.013650186,0.015333395,0.051467862,0.0024077813,-0.00086689737,-0.014043325,-0.00094469326,-0.00083779493,-0.00021563169,7.9156803e-05,-0.0003813843,0.0023882943,-0.00076888946,0.0015385248,-0.0026287966,-0.0064678956,0.0014094871,0.0027831344,-0.019160379,0.035508747,-6.1282525e-05,0.0021468015,-0.0025709904,-0.0010384206,0.0081873583,0.0018045005,0.00013300457,-0.0016269195,0.002505029,-0.0017609998,-0.0054877174,-0.0024232845,0.00088294913,0.0019002052,0.0041242184,0.0041796703,0.0042241583,-0.0031552921,-0.0060100318,0.0015522727,0.0010824508,-0.0066304265,-0.00055596657,-0.00019635343,-0.02726584,0.00017614936,-0.0012626992,0.0011678663,5.1524273e-05,-0.0040006057,-0.00078852838,-6.0839855e-05,0.00099535468,-0.0018370223,0.0023689537,0.0032866294,0.001127203,-0.00030541104,-0.0007379549,-0.0021809882,-0.0020466992,-0.0018124871,0.002307863,0.0030528619,-0.00024685367,0.0001406798,0.0031834849,0.00029061207,0.00010093497,0.017182619,-0.0051066593,0.0025848445,-0.0025482178,0.00053517906,0.00030689535,-0.00058362615,-0.00032092945,-7.3752291e-05,0.0052167159,-0.0027718285,-0.00036240266,0.0026432332,0.00012790344,-0.00068297845,-4.4911348e-05,-2.9641917e-06,-0.0033942223,-0.0023712151,-0.0032719965,0.0020452662,-0.0052226703,-0.0028941752,0.0033959887,-0.00024180409,3.5905585e-05,0.059591388,-0.014755872,0.0053555625,0.0060083182,-0.0024284806,0.0041990074,-0.0013317301,-0.0068055022,0.0014763016,0.0019926416,0.0002061558,-0.010191198,0.0025076992,0.017551544,-0.0028119496,-0.00058563591,0.00216652,0.00037836413,-0.004998465,0.0072912152,0.0017908487,0.010191737,-0.0038633039,0.012612327,0.0072775227,-0.011782749,0.0027852722,-0.00035390836,0.028250124,-0.0039679969,0.026880126,-0.020399483,0.015077306,-0.0053210244,0.00071534293,0.00037979433,-0.015992574,0.0018432197,8.2895532e-05
-0.0021216626,0.0014257513,0.0024077813,0.00079821882,-0.00010401207,-0.00067945424,-0.00016533068,-0.00016307219,2.1964252e-05,2.5104873e-05,-3.2149098e-05,0.00012638231,-4.9288784e-05,0.00020597176,-0.00015374438,0.00019847041,-0.00025912161,0.00027001628,-0.0018088158,0.0027559527,5.8468276e-05,-3.6207502e-05,-0.00032468572,-0.00017597194,0.0006490661,3.625265e-05,1.6808669e-05,-0.00021424825,0.00040724279,-0.00082432912,-0.00026636498,-0.00019715361,-3.6776705e-05,1.2458854e-05,0.00026028474,8.9979264e-05,0.00061126117,-0.00041080168,-0.00041974086,-2.451563e-05,-0.00016279197,-0.00034651608,-0.00010370517,-3.1517553e-05,-0.0021549291,-2.6880317e-05,1.7957159e-07,0.00011975961,6.7781528e-05,-0.00035696649,1.9975479e-06,-1.3990582e-05,0.00016018718,-0.00030064643,0.00054003649,0.00012383282,0.00010381361,4.6656632e-05,7.8486255e-05,-0.00012564703,-6.7516053e-05,-0.00029148518,0.00020948449,0.00020181489,-3.9214392e-05,0.00013544751,0.00023698425,2.9182374e-05,1.7435799e-05,0.0018209838,-0.00032905818,0.00021688474,-0.00017646604,7.6104875e-05,6.1831552e-05,-2.7531659e-05,-2.1169202e-05,-1.0586513e-05,0.00052161746,-0.00037128373,0.00011949566,0.00023026313,2.304411e-05,-4.5778937e-05,5.3735971e-06,2.4654575e-05,-0.00033598448,-0.00028218224,-0.00034064422,0.00015551965,-0.00055273575,-0.00027898344,0.0003140695,-1.754498e-05,1.9774445e-06,0.0057563968,-0.001665871,0.00062048306,0.00041959605,-0.00011655618,0.00032138698,-0.00019523616,-0.00066978748,0.00010874017,0.0001392319,3.114529e-05,-0.00092869313,0.00054971229,0.0014394651,-0.00020614639,-6.4224639e-05,0.00017080304,5.210912e-05,-0.00059530368,0.00068030011,0.0003202285,0.00099970562,-0.00026738586,0.0012763191,0.00061533452,-0.0011335201,0.0002393905,-3.0771942e-05,0.0022289291,-0.00035045837,0.0023042054,-0.0018569908,0.0014039944,-0.00055943992,8.300753e-05,-0.00010346849,-0.0014236309,0.0001177817,7.6881883e-05
0.00046076522,-0.0011488126,-0.00086689737,-0.00010401207,0.00055868078,0.00024263981,8.1252948e-05,4.4466436e-05,1.5031833e-05,-7.8759982e-05,7.1080529e-05,-1.5314921e-05,7.7170904e-05,-8.3479266e-05,0.00017500293,-0.00010801422,8.6773037e-05,-0.00011716807,0.00080068636,-0.0010163202,1.2298206e-05,0.00011750542,6.2861348e-05,-9.4958445e-06,-8.3394176e-05,2.4979992e-05,-9.468316e-06,0.00014009431,-0.00023797928,0.00077920317,4.3171719e-06,7.3089639e-05,1.1695053e-05,3.8378641e-05,-2.086664e-05,-9.6818599e-05,-0.00027242461,0.00016504931,3.4269086e-05,6.698452e-06,0.00011928418,3.5219594e-05,-1.5545294e-05,3.0144812e-05,0.00073238156,8.4983194e-06,-2.2837492e-05,1.6219711e-05,5.3862932e-05,3.0131217e-05,-5.8065308e-07,3.3272472e-06,-0.00010246486,0.00015354512,-0.0002417553,3.1000104e-06,-4.9543593e-05,-1.2428923e-05,-2.5746021e-05,3.5393403e-05,2.372157e-05,8.8809469e-05,-0.00013652605,-8.7116206e-05,1.4833582e-05,-8.5483897e-05,2.0237204e-06,2.97875e-06,-1.4105085e-05,-0.00085588754,4.8012404e-05,-0.00012531898,5.1125963e-05,-2.075323e-05,2.3322758e-05,-1.2413557e-05,-2.3178878e-06,7.1726459e-06,-0.00024585089,0.00019688685,-6.3066722e-05,-9.6153208e-05,8.5390157e-06,3.3521531e-05,-1.4423972e-05,-9.3239329e-07,0.00015741523,0.00012386531,0.00015571761,-7.6210177e-05,0.00023957908,0.00010823405,-0.00012472815,1.2451028e-05,-4.1426774e-06,-0.0025986853,0.00070060262,-0.00040619941,-6.6672673e-05,6.7113435e-05,-0.00013317722,6.2135105e-05,0.0002350369,-5.0544505e-06,-3.6942123e-05,-2.2177257e-05,0.00047263847,-0.00018845482,-0.00050116494,0.00010087216,-2.310945e-05,-9.6427343e-05,4.7971845e-05,0.0002552508,-0.00038806327,-9.0971679e-05,-0.00048951675,0.00010048048,-0.0005160995,-0.00022904794,0.00054030745,-0.00010692413,1.9890127e-05,-0.00080114079,0.00017418451,-0.00092610706,0.00079482356,-0.0006460219,0.00023264803,-2.0292966e-05,5.9828628e-05,0.00064864538,-4.7396677e-05,-3.8515617e-05
0.006127597,-0.0027522383,-0.014043325,-0.00067945424,0.00024263981,0.0055063753,0.00095501366,0.00026781527,6.7012755e-05,-1.6114832e-05,0.00012281492,-0.0011009275,0.00044792744,-0.00055393442,0.0007964637,0.0013356834,-0.0002992174,-0.00082143476,0.0054493949,-0.010514132,-5.9675489e-05,-0.00081751221,0.00090081222,0.00055642813,-0.0024902259,-0.00042365191,-3.5033702e-05,0.00026586734,-0.00055967342,-0.00030077531,0.0014062274,0.00058912382,-0.00012850016,-0.00049424909,-0.0012726726,-0.00099500006,-0.0013070282,0.00086675086,0.0019491578,-0.0001143686,-0.00038007708,0.0018941129,0.0002434963,3.5578627e-05,0.0081646261,-7.5601988e-06,0.00048225311,-0.0004623147,-0.00027786955,0.0012253728,0.00016942892,2.4951652e-05,-0.00024040665,0.00044389854,-5.5398823e-06,-0.00082125571,-0.00029146852,3.2734613e-05,0.00020555693,0.00066066539,0.00050868094,0.0005244787,-0.00059279168,-0.00098152019,8.5054766e-05,8.1411135e-05,-0.0010949142,-9.537984e-05,-2.3390839e-05,-0.0052326999,0.0015669842,-0.00078161282,0.0008102892,-0.00024149644,-0.00018716842,0.00020078297,9.451491e-05,1.4230741e-05,-0.0015844896,0.00085848456,0.00039626353,-0.00076285865,-2.344239e-06,0.00019302936,-2.9009963e-05,-5.0480586e-05,0.0010080834,0.00070844276,0.0010009806,-0.00064757228,0.0015995085,0.0010080463,-0.0010318665,0.00010030188,-7.1743585e-06,-0.017562472,0.0037992023,-0.0022096247,-0.0018722885,0.00048339111,-0.0013320542,0.00047530283,0.0020497612,-0.0003196614,-0.00054744483,-3.6319334e-05,0.0029082475,-0.00076160515,-0.0055456282,0.00055953147,9.1995552e-05,-0.00057589124,8.010382e-05,0.0017108803,-0.0021596141,-0.0005721539,-0.0027497253,0.0011549096,-0.0034950407,-0.0022899321,0.0034270514,-0.00071775927,8.2736715e-05,-0.0084492202,0.0011337785,-0.0092333211,0.0064958131,-0.0047707038,0.0016886203,-0.00015447739,0.00013567236,0.0051041793,-0.00064780669,-2.285524e-05
0.0030164812,0.00065677411,-0.00094469326,-0.00016533068,8.1252948e-05,0.00095501366,0.0015820086,0.00010329919,7.4298639e-06,-2.3774274e-05,6.1650058e-05,-0.00022745626,0.00016722721,-0.00031725382,0.00026333626,-0.00061637932,0.00010380284,-0.00014061015,0.00097258588,-0.0022394885,-0.00016555215,-7.7786736e-05,0.00028902263,0.00039926758,-0.00044979571,0.00010507132,-1.2905164e-05,-0.00016533972,-0.00025868763,-0.00025059263,-0.00014241228,9.0205924e-05,0.00011954807,-5.8095864e-05,-0.00045930403,3.9871145e-05,-0.00038162001,0.00039900051,0.00042076484,0.00025363725,-2.6747995e-05,0.00022021494,0.00018175648,-1.0459228e-05,0.0018398683,4.6438547e-05,0.00010555484,-0.00015548702,-0.00029141268,0.00019561934,-4.2754914e-05,1.7503244e-05,-2.5272057e-05,9.6912355e-05,0.00029632841,-1.0290521e-05,-7.5975392e-05,-3.7845627e-05,7.7075615e-05,0.00018206997,-2.3858742e-06,0.00018729495,-0.00010110574,-0.00027866239,-1.3748638e-05,0.00010401848,-0.00025252396,-2.1834377e-05,-5.1751825e-06,-0.00099368591,0.0002983615,-7.9793979e-05,0.00012471938,-5.408703e-05,-0.00012014797,8.7598248e-05,-2.3501561e-05,6.0962793e-06,-0.00023547731,0.00023416202,1.8769213e-05,-0.00010872196,9.5070313e-06,3.4947778e-05,-1.1666555e-06,6.0050228e-05,0.00020799675,9.1595479e-05,0.00021193073,-0.00013308945,0.0003085167,0.00027466646,-0.00019301453,-1.0050001e-05,-2.442711e-07,-0.0028398621,9.7887578e-05,-0.0011737886,-0.00024953642,-0.00033932066,-0.00018487855,-3.4181252e-05,0.00035539445,1.0999899e-05,-2.4048398e-05,-3.3722699e-06,0.00023622892,-0.00010282012,-0.00078769751,-8.3600768e-05,-7.3488682e-05,-3.6899288e-05,9.3466975e-05,0.00044464495,-0.00040425716,-0.00015966917,-0.00039759581,0.00028247309,-0.00029939495,-0.00039503717,0.00060552249,3.4811725e-05,-2.2109601e-06,-0.0019176081,0.00030854371,-0.0022582377,0.0012894066,-0.000956948,0.00037551494,5.3497519e-05,0.00030931933,0.0010749705,-0.00016109399,-3.6439667e-05
0.00067198736,-0.00037415584,-0.00083779493,-0.00016307219,4.4466436e-05,0.00026781527,0.00010329919,0.00030104754,-6.77141e-05,-1.7452063e-05,2.4499401e-05,-5.1764928e-05,-2.7586454e-06,-6.9683264e-05,4.349872e-05,-1.5125801e-05,0.00010220946,-9.40317e-05,0.0004403703,-0.00087173218,1.2679596e-05,-3.1400598e-05,0.00010855971,5.1422596e-05,-0.00019799972,-1.3990008e-05,-2.9022547e-06,0.0001257352,-7.7039786e-05,0.00024796277,5.9174745e-05,5.3262751e-05,-2.4261576e-06,-2.35631e-05,-6.5237761e-05,-3.1106366e-05,-0.00020227277,0.00015639366,0.00014785849,-1.4605303e-05,-2.5762379e-06,0.00011571983,1.8576339e-05,9.2468924e-06,0.00067883267,-5.520187e-06,4.554225e-05,-6.5006855e-05,-3.3712001e-05,0.00010866493,-2.5504938e-06,2.0300691e-06,-0.00010680258,3.1336843e-05,-0.00013073636,-1.1095064e-05,-2.8950998e-05,-8.5077811e-06,-1.5465835e-05,2.3827393e-05,-8.9425123e-06,0.00010202668,-0.00011403697,-0.00011477947,1.4249589e-05,-3.0529576e-05,-6.5078334e-05,1.3355753e-06,-3.6836194e-06,-0.00040737707,0.00012406636,-4.9431818e-05,4.9757596e-05,-3.4558616e-05,-1.2174568e-05,2.0287673e-05,1.0609263e-05,1.0593148e-06,-0.00013550009,7.5224902e-05,-5.2684218e-05,-8.3385359e-05,-1.8182887e-06,2.169289e-05,6.6219225e-06,2.0205873e-05,6.8990263e-05,6.9098946e-05,6.9117546e-05,-7.8541635e-05,0.00014672745,6.6359082e-05,-5.9014618e-05,1.3463593e-05,-1.804523e-06,-0.00098277138,6.7212589e-05,-0.00041263633,-0.00012926984,-3.2101713e-05,-7.2450041e-05,2.7226853e-05,5.0657182e-05,3.7682109e-05,-3.2645665e-05,-1.2806445e-06,0.00017421172,-3.8079776e-05,-0.00013537648,1.8621152e-05,-2.9958809e-05,-4.4556891e-05,2.7958725e-05,0.00013246373,-0.00016065559,-7.299026e-05,-0.00011398482,0.00016110684,-0.00019210119,-0.00012017057,0.0001477406,-4.2031824e-06,4.7308095e-06,-0.00070309232,7.7465285e-05,-0.0007297987,0.00055442192,-0.00042809971,0.00010953828,6.1454057e-06,0.00012785403,0.00046403434,-5.9626207e-05,-1.3587928e-05
8.5123585e-05,-0.00016107355,-0.00021563169,2.1964252e-05,1.5031833e-05,6.7012755e-05,7.4298639e-06,-6.77141e-05,0.00065326484,1.9354142e-06,0.00011104676,1.434254e-05,1.8511111e-05,1.405735e-05,3.3754925e-05,-9.5425717e-05,3.2623739e-05,6.434885e-05,0.00029906562,-0.00031437409,-2.376325e-06,3.0380963e-05,4.7404742e-05,-2.20277e-05,4.681451e-05,5.5645631e-06,-4.0224319e-06,8.4845208e-05,-4.4876088e-05,4.5610873e-05,-2.8385737e-05,2.4687729e-05,-2.6996348e-06,-7.6051192e-06,-7.7948439e-06,2.7996053e-05,-4.9186077e-05,6.7024184e-05,2.5404667e-05,-2.9946203e-06,3.3718827e-05,3.5398279e-05,2.3472729e-05,9.0203212e-07,0.00023739252,1.09616e-05,-3.9433653e-05,-3.8512844e-05,2.7504295e-05,-5.7500556e-07,2.3455321e-06,1.7481291e-06,-1.5793227e-05,3.3700605e-05,1.0965463e-06,-3.0934222e-05,-1.7264666e-05,1.9881376e-07,-1.190969e-05,2.4723931e-05,-2.9876805e-05,1.8728407e-05,-5.850724e-05,7.080708e-06,2.3828041e-05,-3.1052491e-05,-2.1542059e-05,-1.9485289e-05,4.0461248e-06,-0.00018271454,-1.8987589e-06,-6.6545597e-05,5.5325402e-06,1.810239e-05,1.3415774e-05,3.1109233e-06,-1.6332971e-06,1.6484441e-06,-4.3110073e-05,2.1397098e-05,-3.7833352e-05,-1.9956991e-05,-4.7900788e-06,-1.8518804e-06,-2.9840062e-05,-2.1495203e-05,4.7908522e-05,3.8581716e-05,-6.1400453e-05,-5.136294e-05,5.5044166e-05,-4.4594029e-07,-2.5228265e-06,5.9672173e-06,5.362269e-06,-0.0011560292,0.00016073958,-0.00023162566,2.3274211e-06,6.3096872e-05,-7.1006432e-05,5.4505956e-05,0.00010371126,7.2962406e-05,-1.3050983e-05,-7.0983316e-06,0.00017969908,-5.9803122e-05,-0.00025076336,-2.280378e-05,-2.208172e-05,-4.6059993e-05,2.9248909e-05,0.00017849729,-0.00015005102,-4.0322024e-05,8.4052693e-06,6.950599e-05,-0.00029986048,-6.6888037e-05,0.00022312421,-3.7109177e-05,-2.8202081e-06,-0.00024670786,8.5882624e-05,-0.00015362517,0.00012665186,-8.2803847e-05,6.9035823e-05,-3.7861965e-05,0.00010185375,0.00014089731,1.74402e-05,-1.8817684e-06
-2.090893e-06,0.0001597331,7.9156803e-05,2.5104873e-05,-7.8759982e-05,-1.6114832e-05,-2.3774274e-05,-1.7452063e-05,1.9354142e-06,0.00031036589,-8.0534198e-05,1.4921578e-05,-3.7065023e-05,6.1045483e-05,-6.4964854e-05,-1.4334621e-05,-2.3830417e-05,0.00010048858,-0.00057411962,0.00013933027,-1.8535026e-05,-5.618418e-06,-3.1008358e-05,-5.3116202e-06,1.0859507e-05,1.0946353e-05,-3.3472049e-06,-1.3746711e-05,7.1744152e-05,-1.6108186e-05,-1.3673493e-06,-1.3590429e-06,3.102806e-06,3.0864354e-05,-9.3995492e-05,-5.060302e-05,5.5339795e-05,1.2813501e-05,1.0000577e-05,7.1841699e-06,1.7440762e-05,4.1740153e-07,8.4326578e-06,-7.1523689e-06,-8.2466308e-05,1.4315624e-05,-7.5491378e-06,-1.5659192e-05,-9.5412812e-06,2.5180924e-05,-9.5012987e-07,1.3217453e-06,3.346676e-05,-3.1406801e-05,4.5996109e-05,-2.2979064e-05,1.3851167e-05,-1.339279e-06,-5.0386e-06,3.2956976e-05,2.0916148e-05,-7.7868557e-06,2.4400044e-05,1.2015214e-05,-1.1538058e-05,5.0778114e-06,-3.9836986e-05,5.9774926e-07,3.0548785e-06,0.00025837039,2.8102366e-05,4.7660501e-05,-5.6874319e-05,1.7944807e-05,8.6834255e-07,5.9464343e-06,1.1031458e-05,-4.2276571e-06,5.6204551e-05,-0.00010376359,-1.3578426e-05,1.8942962e-05,-1.9292454e-05,-9.2993686e-06,7.1214608e-06,6.1621026e-06,-4.0314616e-05,-2.6790704e-05,-7.397294e-05,7.9958579e-06,-9.9479013e-05,-6.2187651e-05,1.643982e-05,-2.0311935e-05,-1.1266799e-06,0.0010339887,-0.00043620171,0.00013581056,-1.7508645e-05,-6.7499334e-05,0.00011764606,-5.1507284e-05,-0.00012721459,-4.285326e-05,2.516288e-05,1.3672776e-05,-0.00014658289,0.00014746002,0.00040837376,-0.00011202243,5.1931435e-05,4.8405685e-05,6.5063476e-06,-6.9182375e-05,0.0001879377,1.6812662e-05,0.00025934361,-0.00010453572,0.00030117383,0.00022658003,-0.00019277881,7.8844717e-05,-3.4849847e-06,0.00010755791,-4.587073e-05,0.00016830257,-0.00016277987,0.00012103715,-8.1741521e-05,1.3217731e-05,-5.0634508e-05,-0.00012045009,-2.1159886e-05,1.1866421e-05
0.00023850347,-0.0002029112,-0.0003813843,-3.2149098e-05,7.1080529e-05,0.00012281492,6.1650058e-05,2.4499401e-05,0.00011104676,-8.0534198e-05,0.00082335234,-7.487514e-07,4.1885015e-05,-7.7505541e-05,0.00018675829,2.96729e-05,4.0261848e-05,8.8157336e-06,0.00045778235,-0.00050477043,-4.142037e-05,5.45917e-05,7.4363131e-05,-5.1300038e-05,-4.2832146e-05,2.7118555e-06,-2.4511036e-06,5.5299977e-05,-2.7072625e-05,0.0003109324,5.9877235e-05,-6.386088e-07,-9.724205e-06,-3.6270802e-05,-5.1532638e-05,-2.1839768e-05,-6.3803387e-05,7.2075019e-05,2.7966701e-05,3.3319021e-07,3.9287234e-05,2.4763787e-05,3.7154356e-06,9.0663729e-06,0.0003673643,3.5826505e-05,-2.7201871e-05,-1.2543145e-05,4.1388911e-05,-1.6582367e-05,-9.6135277e-06,1.2288166e-06,-6.9720905e-05,-2.8834151e-05,1.7533213e-05,-4.2852847e-05,-1.2316473e-05,-1.7872231e-06,1.7016492e-05,7.3336741e-05,-6.9523595e-07,3.1868014e-05,-8.485276e-05,-6.383275e-05,5.5846886e-06,-5.2139964e-05,-1.0809348e-05,-3.1017312e-06,-4.0348141e-06,1.8587448e-05,6.9890873e-05,-3.9174937e-06,-1.4945184e-05,1.5277721e-06,7.3946001e-06,8.385065e-06,-2.5904017e-05,8.9402693e-06,5.6522657e-06,2.7110827e-05,-1.8858733e-05,-6.7516986e-05,2.7054728e-05,-8.5242572e-06,-2.6325185e-05,6.5281763e-05,1.0628183e-05,3.3814514e-06,-8.2479849e-06,-5.9830006e-05,-2.9007845e-05,-3.5571798e-06,-9.0513251e-06,1.6049853e-05,7.3376324e-07,0.00057791035,-0.0008751122,-0.0014856154,-2.04311e-05,-0.00035591929,-0.00012010959,-0.0003745398,-0.0001939048,0.00028974146,0.00011507333,-6.7721038e-06,-0.0001923648,4.4263273e-05,0.00067666521,-0.00014886378,-0.000178994,1.9247566e-05,0.00013023237,0.00040740314,-0.00016895293,-0.00022826232,0.0002417932,0.0002211468,0.00024149057,0.00010348845,-0.0002100283,0.00016653066,-2.5247211e-05,-0.00040449345,6.0391781e-05,-0.0003232606,0.00024729914,-0.00018376247,-3.0888563e-06,0.0001134153,0.0004036398,0.000183678,-7.4561268e-05,-8.4960226e-05
-0.0012447037,0.0003121002,0.0023882943,0.00012638231,-1.5314921e-05,-0.0011009275,-0.00022745626,-5.1764928e-05,1.434254e-05,1.4921578e-05,-7.487514e-07,0.00094362583,-0.00021770229,0.0001815185,-0.00024116134,-0.00026655955,8.3980165e-05,0.00013125554,0.00039529539,0.0019328694,8.6632701e-06,0.00015432287,-0.00012143438,-0.00012073551,0.00043900304,6.7566592e-05,5.5112651e-06,2.3189732e-05,9.9307042e-05,-4.0094555e-05,-0.00029702161,-6.8551026e-05,8.7827416e-06,7.1641551e-05,0.00026285681,0.00015321281,0.00018611945,-0.00013827146,-0.00035890682,-0.00012147506,9.9560422e-05,-0.00029164617,-4.9432794e-05,1.4077158e-06,-0.0014968424,1.1366917e-05,-8.3514992e-05,6.2324264e-05,8.5480861e-05,-0.00022786976,-3.2369223e-05,-6.1332474e-06,5.5830357e-05,-7.0705754e-05,-1.2424087e-07,0.00017093101,4.2131073e-05,-2.3201762e-06,-3.7751245e-05,-0.00013250967,-8.3046721e-05,-9.2222976e-05,8.6132511e-05,0.00019913686,1.5070805e-05,-4.1627339e-05,0.00020733498,1.5680145e-05,1.588045e-06,0.0004389317,-0.00020995418,9.1843909e-05,-8.6354162e-05,2.1209226e-05,-2.6164076e-05,-7.5540996e-05,-3.1385337e-05,4.0173629e-06,0.00014528244,-7.9353481e-05,-4.4317085e-05,0.00011531687,-5.1748676e-06,-1.8278516e-05,5.1283449e-05,4.0644788e-06,-5.9444816e-05,-8.1278048e-05,-8.3375839e-05,0.00011753013,-7.8075952e-05,-0.00010159107,7.4703014e-05,-3.3612966e-05,-2.1045409e-06,-0.0022710152,0.00049120624,6.1961165e-05,-0.00015261586,3.4631612e-05,-3.6350054e-05,0.00012835472,0.00047757112,5.8602865e-05,2.3002324e-05,-2.4982393e-05,0.00019655024,3.939748e-05,-0.00034627345,9.0441124e-05,2.4506596e-05,-8.2604627e-05,-0.00011171846,9.1195058e-05,-0.00032996287,9.3384117e-05,-0.00045724443,-0.00017387332,-0.00047209773,-0.00012969378,0.00038646307,-0.00012752667,1.693443e-05,0.0015798422,-0.00028865977,0.0016084892,-0.0011046307,0.00082121588,-0.00014383016,-1.3221997e-06,-7.9297926e-05,-0.00087372037,0.00022157387,-2.877715e-05
0.00058034546,-5.7170076e-05,-0.00076888946,-4.9288784e-05,7.7170904e-05,0.00044792744,0.00016722721,-2.7586454e-06,1.8511111e-05,-3.7065023e-05,4.1885015e-05,-0.00021770229,0.0015313881,-0.00012784547,0.00048653078,-7.2770567e-05,-5.3081342e-05,4.8104259e-05,-0.00023992193,-0.00098668265,-4.0308046e-05,-3.0034303e-05,8.0612426e-05,7.9072437e-05,-0.00016588521,7.7823484e-06,-8.4526758e-06,7.0671058e-05,6.7948141e-05,-8.3849921e-05,4.7581239e-05,3.722593e-05,-9.8288051e-06,-8.9610038e-07,-0.00010009478,-6.5837518e-05,1.9214084e-05,8.5253707e-05,9.2380702e-06,-2.4968943e-05,-5.3229927e-05,0.00010397561,5.1838724e-05,-4.6465344e-06,0.00074348637,3.0481595e-05,6.263272e-05,-2.4079945e-05,-1.4573888e-05,0.00013229796,1.0095291e-05,6.7553243e-06,-3.981452e-05,2.8226547e-05,2.6130525e-05,-5.7085288e-05,-3.343846e-05,1.3880382e-05,2.6187657e-05,7.4259761e-05,-1.0682189e-06,-3.1267489e-05,-4.6207588e-05,-3.3559928e-05,0.00011405373,3.9334579e-05,-7.207956e-05,-2.9108054e-05,-1.9091772e-06,-0.00021593395,5.6221606e-05,-3.6591188e-06,3.8937604e-05,-2.1078387e-05,-6.3066118e-05,4.0926735e-05,-1.4839311e-06,3.752805e-06,-0.00018623349,3.065984e-05,0.00010889361,-2.9727231e-05,2.8625814e-06,4.9291691e-06,-2.7080785e-05,-1.6769553e-05,9.5533356e-06,-2.1913036e-05,4.331869e-05,-5.7971424e-05,4.786153e-05,4.8646633e-05,-9.1000466e-05,-2.2965697e-06,5.4107244e-06,4.6671823e-05,0.00032054536,0.00073382544,8.2421783e-05,7.8325463e-05,5.7713977e-06,0.00020457535,0.00015871699,-0.00029106788,-3.7462789e-05,-1.2542771e-05,0.000268072,-4.0195441e-05,-0.00078849934,-1.4968237e-05,9.4982614e-05,2.4043227e-05,-4.3431779e-05,-0.00029555931,0.00011410483,0.00030090455,-5.1855866e-05,9.9784805e-05,0.00020493859,8.0638321e-05,0.00014556832,-2.023564e-05,-1.1196872e-05,-0.00079562854,0.0001587936,-0.00069950425,0.00049697127,-0.00038675341,7.8020975e-05,-4.2819778e-05,-0.00061374035,0.0003850707,-8.3797681e-05,0.00013317715
-0.0014692807,0.00059543436,0.0015385248,0.00020597176,-8.3479266e-05,-0.00055393442,-0.00031725382,-6.9683264e-05,1.405735e-05,6.1045483e-05,-7.7505541e-05,0.0001815185,-0.00012784547,0.00088762206,-0.0002895958,0.00011730487,-0.00012040384,-5.867992e-05,0.001144619,0.0021973231,4.3033749e-05,-5.5995911e-06,-0.00023529646,-0.00012070762,0.00039933366,2.0623471e-05,-1.5272742e-06,4.5667918e-05,0.00023824583,-0.00022453818,-1.0204636e-05,-8.5258952e-05,-1.2457035e-05,-5.2349835e-05,0.00021305179,0.0001271608,0.0002532494,-0.00027046322,-0.00029417161,-6.3141501e-05,-4.8505261e-05,-0.00015839307,-5.5917945e-05,-8.2835671e-06,-0.0016759063,-2.2224064e-05,-1.1949318e-05,0.00012168337,8.8407933e-05,-0.0001399897,-1.5464044e-05,-1.0242964e-06,3.4333891e-05,-0.00010399246,0.00012304964,6.0908736e-05,4.2862621e-05,1.7074699e-05,4.1631946e-05,-0.00011683838,-4.347379e-05,-0.00014072038,0.00015534262,0.00018224184,-1.110376e-05,3.7349825e-05,0.00017599371,1.9233176e-05,5.3351349e-06,0.00026039127,-0.0001472885,-1.4106077e-05,-9.7037612e-05,-2.8113355e-06,2.2722703e-05,-0.00010794563,1.835582e-05,-8.7120368e-06,9.0623094e-05,-1.8088599e-06,-3.7763683e-05,5.174833e-05,2.6679575e-05,1.9312624e-05,8.4873133e-05,-1.4413572e-05,-4.1662027e-05,-2.1800767e-05,-2.0658647e-06,0.00018072636,-0.00012246956,-4.8491357e-05,0.00010456737,-1.2093042e-05,-5.9334411e-06,-0.0044471219,0.0014680805,0.00092404042,-0.00043769854,0.0005295158,1.6101138e-05,0.00034423828,0.00066245444,-8.08928e-06,-0.00012525265,-4.2612902e-06,0.00050011232,-0.00016869075,-0.0010813295,0.00012582056,3.4628621e-05,-0.00021450936,-0.00039834878,-0.0001058825,-0.00042992572,0.00010843948,-0.00099763135,-0.0004673767,-0.00083817374,-0.00034163578,0.00060386677,-0.00039336167,6.1208186e-05,0.0018163208,-0.0004389419,0.0015539233,-0.0011677034,0.00087733614,-7.3469169e-05,-9.3147299e-05,-0.0004941155,-0.00092312526,0.00026108347,3.3229473e-05
0.0011988811,-0.00085231608,-0.0026287966,-0.00015374438,0.00017500293,0.0007964637,0.00026333626,4.349872e-05,3.3754925e-05,-6.4964854e-05,0.00018675829,-0.00024116134,0.00048653078,-0.0002895958,0.0035603195,0.00026125786,-0.00021202419,-0.00017557612,-0.00073137144,-0.0028844123,-2.8523127e-05,5.4004704e-05,0.00027256426,-3.9102386e-05,-0.0004151285,-5.6355934e-05,4.5578313e-06,6.0254483e-05,-0.00029932357,0.00036296676,-9.1210843e-05,0.00010496375,-4.7559673e-05,-5.56494e-05,-0.00019511726,-0.00017043313,-0.00030451419,0.00017963227,0.00027159215,1.4441215e-05,-9.2198885e-05,0.00017582073,4.1698932e-05,1.2448167e-05,0.0021460257,4.8522017e-05,-1.8513814e-06,-7.6121497e-06,5.0101699e-05,0.00017626667,3.0231142e-05,5.5040014e-06,-0.00014396256,0.0001383687,-0.00018137833,-6.1245706e-05,-5.5916901e-05,1.9265207e-05,-3.186889e-05,0.00011484271,5.0633059e-05,0.00016318427,-0.00012226498,-0.00022193464,2.4849276e-05,8.5285798e-05,-7.0218153e-05,-7.1149266e-06,-5.2153389e-06,-0.0012056385,8.2649793e-05,-0.00013833369,0.00015571689,-0.00015291507,-1.5598406e-05,-3.0175829e-06,6.9101105e-05,1.060231e-07,-0.00038831561,0.00029295582,0.00010829559,-9.2109294e-05,1.1298526e-06,3.6588559e-05,-9.8156266e-05,2.1493821e-05,0.00019189452,0.00016181334,0.00026217455,-0.00026385991,0.00038754194,0.00019730628,-0.00029302591,1.7259968e-05,3.5762098e-06,-0.001234733,0.00273351,0.0052048893,0.00062881288,0.0013158645,0.0001412125,0.001016297,0.00029890516,-0.0014524662,-0.00016057751,-3.3404462e-05,0.00069311267,-0.00092047561,-0.0012313851,0.00046743293,0.00052409811,-9.449765e-05,-0.00038562826,-0.0023867326,0.00041279887,0.00090437112,-0.0004557462,0.00040584872,-0.0011701503,-0.00044350999,0.00032222311,-0.00074159545,4.7170223e-05,-0.0023035606,0.00059054351,-0.0020074342,0.0015211959,-0.0011420137,0.00038030329,-0.00043320854,-0.0034082045,0.0012316699,-0.0001628554,0.00059229569
-0.0027094809,-6.6829517e-05,-0.0064678956,0.00019847041,-0.00010801422,0.0013356834,-0.00061637932,-1.5125801e-05,-9.5425717e-05,-1.4334621e-05,2.96729e-05,-0.00026655955,-7.2770567e-05,0.00011730487,0.00026125786,0.022641811,-0.01181162,-0.0043506139,0.0032239459,-0.0014592947,-6.6525854e-05,-0.0017736778,-0.0033041423,-0.0011023728,-0.0014717271,-0.0024538317,0.00015339943,-0.0027255254,-0.0015803411,-0.0040639169,0.00043709283,-0.0009289126,-0.00071515405,-0.0016393873,-0.0022506326,-0.0022082555,-0.004357803,-0.0016605541,-8.1732477e-05,-0.00056435744,-0.0014406873,-0.0029607427,-9.9901578e-05,-2.5507009e-05,0.0010157034,0.00013748577,0.00085370444,0.0020294448,0.00073884778,0.00057142958,0.0012733443,-9.1138542e-05,0.0014610609,0.00082711065,0.0016698686,-5.04265e-05,0.00055011414,0.00031823801,0.00069390814,0.0012700688,0.0011797312,0.0022529872,0.00081932137,0.00015271545,7.6585035e-05,0.0005181371,0.0018039977,-4.3456164e-06,2.7478188e-05,0.0013348454,0.00042189668,0.00019719748,0.00014983224,0.00092646319,0.00019297893,0.00014876776,0.00056772543,-4.7384965e-05,0.00098310335,7.7317994e-05,-0.000197019,-0.00034575595,0.00022068767,6.9128851e-05,0.00022125398,0.00046588879,5.7400692e-05,0.00068902552,2.0162239e-05,0.00015170069,-0.00046200767,0.00010058325,0.00091024158,6.0773688e-05,-1.0067233e-06,0.0057727038,-0.0020716756,0.00014319321,-9.4644886e-05,-0.0002849083,-0.00016641463,-0.0012752487,-0.00074732336,-0.00019266492,-0.00058917704,7.467773e-05,-0.0015697636,0.00018643944,0.00206375,0.00043587802,-0.00023447756,7.8036199e-05,8.0164736e-05,-0.00038821722,0.00089920509,-0.00072298144,0.00083364337,-0.0001785928,0.0011997949,3.1712734e-05,-0.0020983328,0.00011112025,-3.5661062e-05,-0.00081646029,-4.2767262e-05,0.00022496352,-9.614669e-05,9.6914443e-05,-0.0003429729,0.00011422071,-0.00011512941,2.1338522e-05,-0.0003222696,2.0296248e-05
0.0011078475,-0.0012914829,0.0014094871,-0.00025912161,8.6773037e-05,-0.0002992174,0.00010380284,0.00010220946,3.2623739e-05,-2.3830417e-05,4.0261848e-05,8.3980165e-05,-5.3081342e-05,-0.00012040384,-0.00021202419,-0.01181162,0.013704291,0.0029620623,-0.001046549,-0.00030845505,0.00015765896,0.0010913314,0.0020265146,0.00050687929,0.00042358577,0.001231396,-9.7268526e-05,0.0015231851,0.00060106633,0.0034874191,0.00032876922,0.00060490967,0.00025425627,0.00063942629,0.0012586759,0.0010618736,0.0020987956,0.0010222415,0.00016535435,0.00017586775,0.00069474115,0.0018515538,-2.9880085e-05,4.9773602e-05,0.00036447164,-0.00011177664,-0.00076106495,-0.0021329027,-0.00061140208,-0.00023287903,-0.0014043985,9.3965498e-05,-0.0016855768,-0.0012001336,-0.00091406939,-4.2100659e-05,-0.00068733128,-0.00050747346,-0.00088229435,-0.0014270984,-0.0012835647,-0.0022935325,-0.00095290326,-0.00040820537,-0.00042700439,-0.00069000876,-0.0025733312,-8.2193706e-05,-2.5063216e-05,-0.001274836,-0.00015233349,-0.0002181885,-8.065187e-05,-0.00063266068,-6.8372543e-05,-0.00010567975,-0.00037630794,2.8100819e-05,-0.00076804153,-0.00010912302,0.00032218706,-4.6192916e-05,-0.00012519921,5.3662701e-05,-0.00012052739,-0.00040458911,-8.7907106e-05,-0.00049496223,3.7150417e-05,-5.1524459e-05,0.00033936878,-0.00011382488,-0.00057573293,6.0763403e-05,-9.0624659e-06,-0.0055843289,0.0015997898,-0.00047847393,-0.00012818464,0.00034524987,8.3419311e-05,0.00074240949,0.00050598424,0.00018181303,0.00023015066,-5.4659838e-05,0.0011620989,-1.1241419e-05,-0.001763084,-9.283431e-05,0.00015679215,-0.00032898279,4.7131148e-05,0.0006176176,-0.0006349999,0.00049724169,-0.00079013474,9.0448177e-05,-0.0011100758,-0.00013639092,0.0012808156,-0.00033807177,3.1979425e-05,-0.00042590266,0.0001286668,-0.00095643813,0.00079431332,-0.00076504853,0.00040647455,-0.00010626101,0.00020670098,0.00063249271,0.0001268272,-6.331799e-05
-0.00070195352,0.001042933,0.0027831344,0.00027001628,-0.00011716807,-0.00082143476,-0.00014061015,-9.40317e-05,6.434885e-05,0.00010048858,8.8157336e-06,0.00013125554,4.8104259e-05,-5.867992e-05,-0.00017557612,-0.0043506139,0.0029620623,0.010650354,-0.018793095,0.0018833107,7.4008331e-05,0.00013391767,0.00048167385,-4.5740929e-05,0.00042175389,0.00060740426,-4.0053927e-05,0.00053555744,0.00054090524,-0.00092944996,-0.0005233251,7.4564084e-05,8.274465e-05,0.00022381829,0.00050960988,0.00034316003,0.0012656504,0.00019695881,-0.00016946447,-2.1927166e-06,0.00031907385,0.00043037617,8.473306e-06,-1.7099367e-05,-0.0015265945,-6.7006273e-05,-9.6405298e-05,-0.00041485558,-1.5595381e-07,-0.00015055644,-0.00039767664,2.3071873e-05,-0.00032027669,-0.00050945967,0.00087882465,2.5771499e-05,-4.3161001e-05,1.528064e-05,-0.00012536736,-0.00040357175,-0.00032103078,-0.00088232925,-8.8893807e-05,0.00014286933,-8.2425099e-06,-0.00021581858,-0.00033545271,4.0421143e-05,-1.8879723e-06,0.0034412843,-0.00039001603,0.00029267148,-0.00081102685,-0.0013163196,-0.00010390322,6.5576776e-06,-0.0010557778,4.3461319e-05,-0.00044104493,-0.001750388,0.0013818911,0.00051794703,-0.00054322782,-0.00033662565,-0.00062129628,-0.0010199398,-0.0013824464,-0.0026848852,-0.0010150069,-0.00011871867,-0.0015452051,-0.001088441,-0.0013866469,-0.00010665744,-1.1676401e-05,0.016367136,-0.0055984438,-5.6551105e-05,0.0012980711,-0.00066919518,0.0012216651,0.001336905,-0.0018802743,0.00042405595,0.0018054668,-9.6393475e-06,-0.00055832688,0.002137738,0.001742067,-0.00097472793,0.00065899613,0.00088183936,0.00094900122,0.00047246525,0.0029602946,0.003550624,0.0037948285,0.00019892943,0.0043082584,0.0027454588,-0.00048551757,0.0010788003,-8.1629259e-05,0.0014621977,-3.1128818e-05,0.002279998,-0.0018889624,0.0015314647,-0.00096217102,0.00028307017,0.00051864678,-0.0015556871,-0.00011040059,0.00020079744
0.0085843532,-0.010586176,-0.019160379,-0.0018088158,0.00080068636,0.0054493949,0.00097258588,0.0004403703,0.00029906562,-0.00057411962,0.00045778235,0.00039529539,-0.00023992193,0.001144619,-0.00073137144,0.0032239459,-0.001046549,-0.018793095,0.10549231,-0.016196013,-0.00015204121,0.00025592933,0.0016316599,0.00089582517,-0.0030576891,-0.00090925142,-4.6692136e-05,0.00039095971,-0.0021953692,0.0066087283,0.0014038534,0.0011485411,-0.00014002842,5.1790555e-05,-0.00052047409,-0.00039988992,-0.0042208446,0.0014414065,0.002038831,-0.00072037601,-0.0002847401,0.0012847749,0.00021716608,0.00020352883,0.012370701,0.00022977234,-3.7487182e-05,-0.0007045724,-0.0003144939,0.001238204,0.00050304466,1.5684602e-05,-0.00042418586,0.0018066213,-0.0042674864,-0.00075329802,-0.00059913578,-0.00023623966,-0.00025030484,0.00045531421,3.5648605e-05,0.0021403622,-0.0011671494,-0.0012238333,0.00018313838,-0.00022541964,-0.00039830844,-0.00013229029,-0.00010403173,-0.035449172,0.00065020677,-0.0044597042,0.0037799993,0.00080882431,-0.00076042856,-0.0014371988,0.0016876096,1.5130647e-05,-0.0075634846,0.0068702894,-0.0035849598,-0.0032272606,0.00091929729,0.0016219498,0.00076961676,7.2328569e-05,0.0071733738,0.0077805262,0.0083064949,-0.00092596868,0.010988624,0.0057311499,-0.0021311103,0.00080419596,-4.8426887e-05,-0.22091752,0.06201772,-0.022225194,-0.010652866,0.0064902476,-0.012638865,0.00035436475,0.026245838,0.0036680917,-0.0091575119,-0.000509354,0.027393804,-0.0097512321,-0.046543248,0.0056210645,-0.0018290738,-0.0089965055,-0.004198322,0.02023397,-0.030043261,-0.017175152,-0.044385355,0.0018485929,-0.047118455,-0.024953433,0.031871623,-0.011102356,0.0012185034,-0.012979636,0.0023366722,-0.018910745,0.0153057,-0.01195304,0.0103311,-0.0011703,0.0025472597,0.012467334,0.0032413735,-0.0031712957
-0.018897883,0.014054253,0.035508747,0.0027559527,-0.0010163202,-0.010514132,-0.0022394885,-0.00087173218,-0.00031437409,0.00013933027,-0.00050477043,0.0019328694,-0.00098668265,0.0021973231,-0.0028844123,-0.0014592947,-0.00030845505,0.0018833107,-0.016196013,0.037705527,0.00060117436,0.00017173965,-0.002784382,-0.0016760449,0.0064097033,0.00084595726,0.00013813633,-0.0015682949,0.0032702403,-0.0056277322,-0.0025653877,-0.0020168445,0.00016144172,0.00052767095,0.0033087277,0.0023052341,0.0050200082,-0.0034515551,-0.0043997507,0.00065383807,-0.00033734331,-0.004664936,-0.00069958369,-0.00024491096,-0.029060233,-0.00020707506,-0.00029072411,0.0014043868,0.00053611558,-0.0032855923,-0.0004022738,-7.0887218e-05,0.0014267483,-0.0021399202,0.0033858471,0.0020507238,0.00093744915,1.7197071e-05,0.00017763983,-0.001800096,-0.0010953127,-0.0021512779,0.0020650671,0.0025437168,-0.00024315106,0.00061904423,0.0024624813,0.00021923762,0.00012446695,0.016127744,-0.0041467832,0.0022891651,-0.0020789786,0.00064579296,0.00034931147,-0.00065544606,-0.00021343773,-5.9724564e-05,0.0052821927,-0.0026878839,3.0261443e-05,0.0018872562,0.00013545987,-0.00056777995,0.00039198541,4.2646823e-05,-0.0028797347,-0.002222061,-0.0029963559,0.0021654681,-0.0049346276,-0.0024890906,0.0029653002,-0.00025976428,2.2344145e-05,0.051086702,-0.010207539,0.0098112597,0.0028353439,-0.0006956216,0.003622888,-0.00060693407,-0.005343677,0.0004406386,0.0014668786,0.00016389209,-0.0092631061,0.0019411326,0.014277513,-0.0010076325,1.1640224e-05,0.0016554939,-0.0009835313,-0.006659692,0.0061137722,0.0023381816,0.0080416763,-0.0043445099,0.010131258,0.0057151978,-0.010116837,0.001747534,-0.00021441592,0.030343426,-0.0054010105,0.025060503,-0.01895482,0.014164598,-0.0050444113,0.0002276717,-0.001821178,-0.015124216,0.0017336237,0.0004673408
-0.00067624984,-3.5800237e-05,-6.1282525e-05,5.8468276e-05,1.2298206e-05,-5.9675489e-05,-0.00016555215,1.2679596e-05,-2.376325e-06,-1.8535026e-05,-4.142037e-05,8.6632701e-06,-4.0308046e-05,4.3033749e-05,-2.8523127e-05,-6.6525854e-05,0.00015765896,7.4008331e-05,-0.00015204121,0.00060117436,0.0018495061,-0.00047458704,0.00030271314,-0.00010413166,-0.0001831679,-1.4354685e-05,1.0043464e-05,-4.0185331e-05,0.00021168274,0.00049579866,-0.00021999577,-3.9312373e-05,-0.000297707,-0.00023946066,0.00022261887,-0.00013694958,-0.00024120646,7.2631721e-05,-0.00011885775,-0.00028456781,-6.3410251e-06,-0.00032515406,7.1905339e-05,2.3644224e-05,-0.00048497016,-0.00094615011,0.00024890494,-0.00015386646,5.6907171e-05,9.2694334e-05,-7.1886711e-06,-6.8384176e-06,3.8004034e-06,-0.00015978534,-0.00019943451,0.00011994517,2.7054973e-05,0.00017342912,0.00012457799,-0.0001200425,5.533271e-05,0.00010996811,-9.2905126e-05,2.2010722e-05,9.9334117e-05,8.7712451e-06,0.00020600321,-3.7935061e-05,-1.3301005e-05,0.00021544857,-4.645651e-05,-0.00032150507,9.0130491e-05,-7.1582413e-05,5.6145643e-06,2.5499085e-05,-3.3413876e-06,-5.1563642e-06,0.00010502137,-9.2076241e-05,1.8215506e-05,6.6246711e-06,1.8745667e-05,5.0279115e-05,9.2022874e-05,-1.8237781e-05,-3.2511416e-05,7.600667e-05,-5.8660549e-05,6.2376297e-05,-9.0581331e-06,-9.1282822e-05,1.2971741e-05,-2.7723596e-05,-8.1432037e-06,0.00087973454,-0.00011857943,0.00014799341,-1.5531736e-05,0.00044463301,-0.00017122368,7.471156e-05,-0.000126564,-5.4801208e-05,9.205836e-06,5.3860563e-06,-8.3153374e-05,-1.1534235e-05,0.00017158969,2.1720816e-05,-3.1157063e-05,-7.3233632e-05,-0.00013741949,-5.1039267e-05,0.00011660483,-7.6253318e-05,0.00013363169,-0.00012091179,1.0776251e-08,0.00023010538,-0.000240319,7.9606668e-05,1.033389e-05,0.00044634152,-7.7470098e-05,0.0003960421,-0.00025478466,0.00020107426,-8.9488183e-05,-3.6601478e-06,5.9359043e-05,-0.00024574691,6.4721726e-05,-5.0292458e-06
-0.00059606185,-0.0022587989,0.0021468015,-3.6207502e-05,0.00011750542,-0.00081751221,-7.7786736e-05,-3.1400598e-05,3.0380963e-05,-5.618418e-06,5.45917e-05,0.00015432287,-3.0034303e-05,-5.5995911e-06,5.4004704e-05,-0.0017736778,0.0010913314,0.00013391767,0.00025592933,0.00017173965,-0.00047458704,0.0040382552,-0.00024589217,-0.00021687091,0.00048315451,0.00026502163,-2.9882327e-05,0.00049273182,-0.00082643097,0.0029261568,0.00021957262,-2.9494586e-06,-0.00010126216,0.00042338423,0.00049380477,9.5990545e-05,-0.00034089078,3.0147704e-05,-0.00055852119,0.00012946572,0.00063419648,0.00011367347,-0.00014850976,6.0283779e-05,-0.00022134451,0.00026734101,-0.0022424445,0.00015763975,0.00019451446,-0.0002362052,-0.00013982819,9.7770778e-06,-0.00019233461,0.00039590299,-0.0016170664,-8.4570056e-05,-3.7531567e-06,2.5666487e-05,-0.00032072515,-0.00016954661,-0.00011002445,0.00014820753,4.6219979e-06,0.00022483329,-0.00021004932,-0.00040744289,4.7896655e-05,2.5950507e-05,-2.083791e-05,-0.00084817977,-0.00022395728,-5.632553e-05,-0.0006842597,4.2051032e-05,3.2026097e-05,-0.00019456543,-4.4564871e-05,9.3780111e-06,-0.0002562494,0.00015675941,-0.00022398622,-6.6986561e-05,4.5821212e-06,3.1788635e-05,-3.2037068e-05,-8.6524986e-05,0.0001644963,0.00019965267,0.00025120266,7.6097848e-05,0.00017746304,-4.1876752e-05,-1.9755516e-05,4.8557997e-05,-1.1960235e-05,-0.0021007763,0.00086765301,6.0690649e-05,0.00023843544,0.00013731156,0.00088989814,4.8559625e-05,0.00022582646,0.0001800171,3.0367238e-05,-2.4895423e-05,0.00051281938,-8.4216103e-05,-0.00033168158,0.00011131512,-1.856552e-05,-6.1466581e-05,-6.1611766e-05,0.00020601283,-0.00027518358,-0.00019895802,-0.00056937741,-9.660061e-05,-0.00053404788,4.0619165e-05,0.00037205252,-0.00019243258,4.0283424e-05,0.00022671111,9.5264621e-05,-0.00022612007,0.00051626937,-0.000460711,0.00019539311,-7.3612108e-05,2.0482894e-05,0.00039836457,-2.1585084e-06,-8.5413441e-06
0.0025434352,-0.00098930159,-0.0025709904,-0.00032468572,6.2861348e-05,0.00090081222,0.00028902263,0.00010855971,4.7404742e-05,-3.1008358e-05,7.4363131e-05,-0.00012143438,8.0612426e-05,-0.00023529646,0.00027256426,-0.0033041423,0.0020265146,0.00048167385,0.0016316599,-0.002784382,0.00030271314,-0.00024589217,0.0040182523,0.0002437903,-0.00040140869,-2.3682524e-05,1.3152202e-05,0.00088819915,-0.00061321655,0.0018886521,-0.00018820907,0.00036857021,-0.0001769337,-0.00038886033,-0.00024104498,3.9431712e-05,-0.00042217903,0.00068958751,0.00032780867,-0.00078259763,-0.00027260482,0.001977742,0.00017945956,2.2762433e-06,0.0021821867,-0.00019110411,0.00021299295,-0.0022641599,-0.00020442728,0.00016028461,3.595685e-06,1.331499e-06,-0.00062134306,0.00041489309,-0.00070578291,7.9529969e-05,-0.00023093401,9.3878311e-05,0.00019165698,6.8884681e-05,-8.1834656e-05,0.00020383724,-0.00043176031,-0.00016853615,0.00057233221,0.00013762236,-0.0011836804,-6.358932e-05,-5.3914891e-06,-0.0022076292,0.00038218964,-0.00037087053,0.0003170292,-0.00096846835,-5.4668527e-05,-4.2443704e-05,1.4915468e-06,6.1876969e-06,-0.00086775666,0.0004644255,8.0972844e-05,-9.5399561e-05,-3.3464278e-05,9.6402241e-05,0.00014503025,-0.00012165495,0.00033132995,0.00026971439,0.00033664039,-0.00013748783,0.00091633856,0.0004416185,-0.00083718802,1.0338134e-05,2.8462156e-07,-0.008318215,0.0026253694,-0.00031111137,-0.00066382445,0.00046999283,-0.00053482843,0.0015155078,0.0010280063,8.4120162e-05,-0.00023791334,-1.9643247e-05,0.0017086585,-0.00077017974,-0.0025113535,0.00015825056,0.00011710626,-0.00034593644,-0.00025592925,0.00050644911,-0.001048863,-0.00020281853,-0.0013676213,0.00022009263,-0.0023091925,-0.0011222892,0.0021014755,-0.00047171856,4.4959455e-05,-0.0023265391,0.00035352916,-0.0024135034,0.0018309887,-0.0014221548,0.00064181988,-0.0001481573,-0.00013769344,0.0017956605,2.6057582e-05,-9.9167892e-06
0.0019959643,0.00081958114,-0.0010384206,-0.00017597194,-9.4958445e-06,0.00055642813,0.00039926758,5.1422596e-05,-2.20277e-05,-5.3116202e-06,-5.1300038e-05,-0.00012073551,7.9072437e-05,-0.00012070762,-3.9102386e-05,-0.0011023728,0.00050687929,-4.5740929e-05,0.00089582517,-0.0016760449,-0.00010413166,-0.00021687091,0.0002437903,0.0033054502,0.001066433,-0.00018079952,-5.0580957e-06,-9.2545073e-05,0.00038392649,-0.000766923,0.00037004576,3.504822e-05,0.00012072738,-0.00040417115,-4.2151357e-05,8.6962709e-05,-9.6098846e-05,0.00021292018,0.00024417388,0.00029409034,-2.7183103e-05,0.00036369065,0.00019547023,-9.6144123e-06,0.0013422764,2.0682164e-05,0.00015935522,-0.00020311574,-0.001863945,-0.00063136769,9.3530543e-05,4.9484482e-06,8.9820475e-05,-0.00015304948,0.00068851468,-0.0002206383,-8.6941901e-06,-5.0432364e-05,0.00024109846,-1.0534675e-05,-2.709853e-05,1.914389e-05,-6.7155711e-05,-0.00013401469,-8.2063866e-05,6.6337018e-05,-0.00026462525,-5.5077556e-05,-1.1463021e-06,-0.00071271977,0.00026385091,-0.00012542739,0.00015158693,-1.3173591e-05,-0.0007444566,-0.00029695006,6.3464196e-05,8.5479549e-06,-0.00013932531,7.5706997e-05,0.00022057823,-0.00016726327,9.3080496e-07,-3.7910554e-06,9.6784281e-05,-3.3984901e-05,9.5345698e-05,0.00010398991,4.7556012e-05,-8.5306023e-05,0.00019767991,0.00015769701,-0.00016284254,-6.513225e-05,5.5441809e-06,-0.0025025643,0.0002032783,-0.00081104785,-0.00032067781,-0.00013419233,-0.00015444326,-8.131251e-05,0.001192318,0.00051422647,-0.00016963103,-1.7872372e-05,0.00013400557,-6.0463667e-05,-0.00092036106,0.00010582562,-5.8125707e-05,1.9044664e-05,-0.00010831967,0.00066109391,-0.00016463877,-0.00023021178,-0.00022235882,0.00019004863,-0.00028222824,-0.00026694558,0.00055407299,8.3145725e-05,-6.3336651e-06,-0.0014349955,0.00020518121,-0.0012311864,0.00071845632,-0.00050851557,0.0002544656,1.1115966e-05,0.00028967649,0.00047071791,-5.7003686e-05,-7.1328367e-05
-0.0040138167,0.0020147519,0.0081873583,0.0006490661,-8.3394176e-05,-0.0024902259,-0.00044979571,-0.00019799972,4.681451e-05,1.0859507e-05,-4.2832146e-05,0.00043900304,-0.00016588521,0.00039933366,-0.0004151285,-0.0014717271,0.00042358577,0.00042175389,-0.0030576891,0.0064097033,-0.0001831679,0.00048315451,-0.00040140869,0.001066433,0.0058553984,0.00011251909,5.0683671e-06,-0.00019894356,0.00072054217,-0.0012199859,-0.00031956782,-0.00049604859,0.00027115137,-0.00017837782,0.00086096619,0.00073615684,0.0010294906,-0.00018859059,-0.0012338543,-0.00010396993,7.5316344e-06,-0.0010838575,-0.00021825053,-4.070208e-05,-0.0049442563,0.00015842503,-0.00028156287,0.00016363154,-0.00063606601,-0.0031350172,3.7322027e-06,-1.8629544e-05,0.00018224113,-0.00034758424,0.0009816624,0.00032334952,0.00027832001,-0.00014769081,0.00028985846,-0.00050176023,-0.00052739235,-0.00035155563,9.1448116e-05,0.00060329831,2.4195404e-05,1.487165e-05,0.0006510316,8.6735115e-05,2.2476259e-05,0.0025371364,-0.0011591984,0.00039029554,-0.00041089296,7.4963376e-05,-0.00023174915,-0.0010668381,2.753217e-05,-8.9825763e-06,0.00077581954,-0.00040405925,0.00043787361,0.00026874484,2.2485473e-05,-0.00011524539,0.0001684868,-1.5246857e-05,-0.00058411807,-0.00034654675,-0.00068182111,0.00041959167,-0.00073106299,-0.00050475061,0.0006379982,-6.7104517e-05,1.0542697e-05,0.0081702297,-0.0012498032,0.0023990688,0.0014301399,1.9702976e-05,0.00078229528,0.00023334955,-0.00044175004,0.0012498118,0.00012705062,2.0029169e-05,-0.0013253956,0.00023788749,0.0015427331,-6.5859971e-05,5.7905083e-05,0.00030880052,-0.00041553672,-0.0013319549,0.0013094959,0.00041403749,0.001590069,-0.00085967076,0.0014009603,0.0010119763,-0.0015348075,0.0001197754,-3.8145589e-05,0.0051522485,-0.0005609841,0.0049853055,-0.0036731884,0.0027319354,-0.00084976772,-8.954657e-05,-0.00046977373,-0.0027526462,0.00047071617,0.00011427431
2.9235114e-05,0.00014031825,0.0018045005,3.625265e-05,2.4979992e-05,-0.00042365191,0.00010507132,-1.3990008e-05,5.5645631e-06,1.0946353e-05,2.7118555e-06,6.7566592e-05,7.7823484e-06,2.0623471e-05,-5.6355934e-05,-0.0024538317,0.001231396,0.00060740426,-0.00090925142,0.00084595726,-1.4354685e-05,0.00026502163,-2.3682524e-05,-0.00018079952,0.00011251909,0.00097946984,-0.00013489021,0.00048202651,0.00028027461,0.00030621051,-0.00042610279,-3.9651797e-05,6.599011e-05,0.00022665178,0.00011711753,9.3878959e-05,0.00019505218,-5.6521852e-05,-0.00020806658,0.00019725496,0.00025905207,-0.00035840648,-3.9581553e-05,9.1803916e-07,-0.00066340123,7.4499853e-06,-0.00014177026,-4.8794271e-06,6.5675234e-05,-6.5753952e-06,-0.00050983938,7.1947909e-05,-0.00023927754,-0.00019616872,-0.00012887677,0.00019323175,1.1226088e-05,-3.3331225e-05,-0.00010616434,-5.5344854e-05,-4.0830541e-05,-9.913091e-05,8.1842609e-05,0.00012953612,-9.0960737e-05,-6.7172088e-05,0.0001587265,2.8927072e-05,-1.7607503e-06,0.00018703604,-0.0001977818,3.6952912e-05,-8.8385203e-05,-1.383193e-05,4.7498129e-05,4.2611974e-05,-0.00021268015,2.8479806e-05,-4.973419e-05,-0.00012348567,1.1701017e-05,0.0001492158,-1.322259e-05,-2.8104437e-05,-7.1312903e-05,-1.3313073e-05,-3.4088716e-05,-6.763067e-05,1.993307e-06,4.7382101e-05,-8.2907956e-05,-8.8089644e-05,5.1151994e-05,-2.2258525e-05,2.1895385e-06,0.00061971895,-0.00013265577,6.3915991e-05,0.00022187982,1.9763413e-06,0.00010941798,-1.747225e-05,-0.0001607881,-6.7285786e-05,0.00028834831,-2.6101594e-05,7.746426e-05,0.00016613979,0.00010458114,-0.00024301974,8.0425213e-06,4.5211086e-05,9.2317814e-05,-0.00014530355,-6.6277086e-06,5.1165324e-05,1.2388825e-05,-6.0825673e-05,0.00020215093,0.00017476728,-0.00012362917,7.0709112e-05,-5.8578672e-06,0.00062657238,-2.8353609e-05,0.00034657566,-0.00026519194,0.00018848485,-6.1668876e-05,1.0277467e-05,8.2876505e-06,-0.00028325927,3.6480618e-05,1.1708052e-05
-8.332967e-05,0.0001157876,0.00013300457,1.6808669e-05,-9.468316e-06,-3.5033702e-05,-1.2905164e-05,-2.9022547e-06,-4.0224319e-06,-3.3472049e-06,-2.4511036e-06,5.5112651e-06,-8.4526758e-06,-1.5272742e-06,4.5578313e-06,0.00015339943,-9.7268526e-05,-4.0053927e-05,-4.6692136e-05,0.00013813633,1.0043464e-05,-2.9882327e-05,1.3152202e-05,-5.0580957e-06,5.0683671e-06,-0.00013489021,5.1835824e-05,-4.4450636e-05,4.4921103e-06,5.3866592e-05,-7.9768736e-05,-2.461624e-05,5.8993574e-07,-1.6145476e-05,-3.356595e-06,-2.7774094e-06,6.8275097e-06,-1.0012725e-05,-2.8446164e-05,-1.9017917e-06,-3.0861136e-05,-1.8660726e-05,-4.9932788e-06,-1.4308281e-06,-0.00010206029,-3.6500563e-06,1.6499792e-05,4.7706761e-07,-2.0013272e-06,-1.5432596e-05,7.179212e-05,-2.627172e-05,2.2607283e-05,-3.8799999e-06,-2.2580164e-06,5.1195686e-05,1.2904693e-05,1.3934783e-06,1.2876509e-05,-6.3281392e-06,3.5857486e-06,-3.1359157e-06,5.627274e-06,1.1103085e-05,7.4148907e-06,9.6035617e-06,1.3286696e-05,1.1074928e-07,6.9639587e-07,0.00012893042,-4.2604624e-06,1.1647837e-05,-8.9421465e-07,4.9170601e-06,9.0338166e-06,5.3817545e-06,2.9155388e-05,-1.0395987e-05,5.5656647e-05,-1.957707e-05,3.712967e-05,2.8683382e-05,5.591392e-06,-2.6089002e-06,8.3782012e-06,5.1610516e-06,-2.1459167e-05,-1.1132674e-05,-2.6213004e-05,7.2971454e-06,-3.710898e-05,-1.6245061e-05,2.1784374e-05,3.6186321e-06,-6.354089e-07,0.00046380612,-0.00016717791,-3.471427e-05,1.072134e-05,-4.0336484e-05,4.7925078e-06,-2.0173002e-05,-7.5188844e-05,1.752148e-05,-1.655665e-05,1.0886994e-05,-0.00010756173,2.0586534e-05,8.5532764e-05,-8.0929349e-06,-1.8030843e-05,1.4121691e-05,-5.0032628e-06,-1.0590486e-05,4.8715053e-05,-2.3453735e-06,9.203702e-05,-1.0196728e-05,9.8185211e-05,5.0284319e-05,-9.0753616e-05,1.922501e-05,-2.056061e-06,0.00011833494,-2.7222765e-05,0.00013808066,-0.00011322895,8.9351995e-05,-3.6529288e-05,1.3789775e-05,2.2321017e-05,-8.6231067e-05,3.4436813e-06,-3.6099339e-06
0.00041197117,-0.0021983447,-0.0016269195,-0.00021424825,0.00014009431,0.00026586734,-0.00016533972,0.0001257352,8.4845208e-05,-1.3746711e-05,5.5299977e-05,2.3189732e-05,7.0671058e-05,4.5667918e-05,6.0254483e-05,-0.0027255254,0.0015231851,0.00053555744,0.00039095971,-0.0015682949,-4.0185331e-05,0.00049273182,0.00088819915,-9.2545073e-05,-0.00019894356,0.00048202651,-4.4450636e-05,0.0050853363,0.00049985754,0.0015441369,-0.00019120495,0.0001609292,-0.00015467503,-0.00019970192,-2.2728753e-05,1.253435e-05,-0.00035811324,0.00075960027,0.00010318665,-0.00060595628,0.00011326157,0.0004983824,-0.00010880438,3.6402202e-05,0.0011820014,-7.2753778e-06,-0.00019744479,-0.0005506996,0.00021449082,9.2540455e-05,-0.0002412751,1.6875605e-05,-0.0028432356,-0.00022121538,-0.00099470874,0.00011965593,-0.00011018795,9.0932699e-05,0.00014220137,8.2286991e-05,-8.533545e-05,0.00021369212,-0.00040669272,1.6754789e-05,0.00019098916,-4.5076442e-05,-0.00020316995,3.9914459e-05,-1.1545901e-05,-0.0012999417,0.00023113432,-0.00021350242,7.4489872e-05,-0.00026577675,6.6497578e-05,-5.5894772e-05,-0.0001074391,2.2279038e-05,-0.0013853595,4.0463758e-05,4.8950929e-05,6.9036769e-05,-3.8676588e-05,7.5706121e-05,2.8091539e-05,-5.7928608e-05,0.00025016526,9.4913466e-05,0.00011079436,-5.7110177e-05,0.00046857606,9.6323697e-05,-0.00023950774,-1.0262069e-05,-2.2826178e-06,-0.0046831398,0.0017375433,0.00061423779,-0.00048034089,0.00050015924,-4.0439248e-05,0.00064280368,0.00042510127,-0.00022066001,8.663169e-05,-5.242227e-05,0.0021772614,-0.00012633927,-0.0014106887,-0.00018634759,0.00015580494,-0.00026713567,-0.00018014349,-7.7896388e-05,-0.00064582948,3.1059149e-05,-0.00072275891,7.819851e-05,-0.0013301998,-0.00035520973,0.00078939241,-0.00025350564,5.1987858e-05,-0.0011446667,0.00012214102,-0.0010370996,0.00098063308,-0.00073378173,0.00035029972,-0.00016615043,-0.0003262157,0.00104426,6.1247937e-05,3.8712124e-05
-0.0017404349,0.003722741,0.002505029,0.00040724279,-0.00023797928,-0.00055967342,-0.00025868763,-7.7039786e-05,-4.4876088e-05,7.1744152e-05,-2.7072625e-05,9.9307042e-05,6.7948141e-05,0.00023824583,-0.00029932357,-0.0015803411,0.00060106633,0.00054090524,-0.0021953692,0.0032702403,0.00021168274,-0.00082643097,-0.00061321655,0.00038392649,0.00072054217,0.00028027461,4.4921103e-06,0.00049985754,0.0086102627,-0.0021252602,0.00020767316,-0.00023461183,-1.7461134e-05,0.00038888679,0.00024446135,0.00025333592,0.00078440635,-0.00057462772,-0.00014686271,-1.2796048e-05,-0.00060434735,-4.4997906e-05,-6.5664379e-05,-0.00010773829,-0.0024554182,-0.00013306456,0.0003439239,0.00031218903,-0.00024935473,-0.000224656,-0.00016992133,-4.7676104e-07,-0.00027214821,-0.0044460741,0.001166048,-0.00011611582,0.00012885639,0.00011195191,-0.00010264412,-0.00014917033,1.7607508e-05,-0.00041431837,0.00032910931,5.5969944e-05,5.7853404e-05,0.00047733008,-1.2621606e-05,3.5841843e-05,4.6239025e-05,0.0022414983,-0.00035008676,0.00023189184,-0.00014598537,0.00014825222,7.2375713e-06,8.7854583e-05,-9.9082091e-05,-9.3102082e-06,0.000490175,-0.0019385362,0.00052168962,0.00018208596,4.4384186e-05,-1.2663331e-05,-9.8112467e-05,0.00015486661,-0.00034340473,-0.00034356404,-0.00036084834,0.00012733557,-0.00054460716,-0.00017746846,0.00020201643,-9.506702e-06,1.9739553e-05,0.0063796974,-0.002041217,0.00053686591,0.00033514227,-0.00026457107,0.00032134507,-0.00048921646,-0.00078116732,-2.2196003e-05,0.00030014133,2.4287765e-05,-0.00099691693,0.0031926271,0.00086575293,-0.00011024353,-0.00011191532,0.00016809437,0.00036634056,-0.00091453474,0.00044432995,0.00035125932,0.001001387,-0.0001525015,0.0016323994,0.0004949796,-0.00098644424,0.00030164338,-6.5902958e-05,0.0025538524,-0.00044470638,0.0025919904,-0.0023337635,0.0018410612,-0.00062390325,7.9242875e-05,6.0783557e-05,-0.0020853606,0.00024294472,7.9915138e-05
0.0018129799,-0.010967537,-0.0017609998,-0.00082432912,0.00077920317,-0.00030077531,-0.00025059263,0.00024796277,4.5610873e-05,-1.6108186e-05,0.0003109324,-4.0094555e-05,-8.3849921e-05,-0.00022453818,0.00036296676,-0.0040639169,0.0034874191,-0.00092944996,0.0066087283,-0.0056277322,0.00049579866,0.0029261568,0.0018886521,-0.000766923,-0.0012199859,0.00030621051,5.3866592e-05,0.0015441369,-0.0021252602,0.11688918,0.0022762037,0.00090307788,-0.00035580222,0.00091785304,0.00065129929,-0.00011325314,-0.0025246903,0.0030822598,0.00031827127,-0.00092335703,0.00080401785,-0.00099271236,-0.0005793142,0.00017759159,0.0038689644,-0.00028948723,-0.0016721962,-0.0010122619,0.00084869744,0.0006203656,-0.00019433923,-6.7076492e-05,-0.001013921,0.0011000764,-0.029906673,-0.0013033808,-0.00051928485,0.00020934403,-0.00084847828,-0.00037486838,-0.00020632353,0.0011424516,-0.0020098209,-0.00019756316,0.00027051027,-0.00059552115,0.00088515779,0.00027515335,-8.0534166e-05,-0.0060135933,0.00013087958,-0.00090732945,0.00033013307,-9.8184606e-05,0.00011357365,1.5288509e-05,7.0489216e-05,2.7807837e-05,-0.0016346282,0.0012628837,-0.014050088,-0.00041852677,-2.7835594e-05,8.0893561e-05,-0.00021458132,-0.00011677857,0.00096479434,0.0012106373,0.00091474454,-0.00046789282,0.0017499154,0.00055255654,-0.00040325001,0.00025028797,-2.4010287e-05,-0.021688148,0.0065667682,-0.0028423613,-0.00040351188,0.0011792038,-0.0011670473,0.00080013898,0.0022035658,0.00012347265,-0.00064215117,-5.497532e-05,0.0034875955,-0.0014745076,0.044249084,0.00029730049,8.6637827e-05,-0.00060030395,0.00021994445,0.0029247482,-0.0027379214,-0.0014559889,-0.0035265476,0.00081337193,-0.0050158269,-0.0020073308,0.0035138041,-0.0013175791,0.00013565018,-0.0041569042,0.00086511931,-0.0055101546,0.0052733379,-0.0041408341,0.0015588761,-0.00017427574,0.00038194192,0.0040309853,-0.00013583296,-0.00026152931
-0.00013722291,-0.0012457055,-0.0054877174,-0.00026636498,4.3171719e-06,0.0014062274,-0.00014241228,5.9174745e-05,-2.8385737e-05,-1.3673493e-06,5.9877235e-05,-0.00029702161,4.7581239e-05,-1.0204636e-05,-9.1210843e-05,0.00043709283,0.00032876922,-0.0005233251,0.0014038534,-0.0025653877,-0.00021999577,0.00021957262,-0.00018820907,0.00037004576,-0.00031956782,-0.00042610279,-7.9768736e-05,-0.00019120495,0.00020767316,0.0022762037,0.0078776147,0.00011664706,-0.0004107404,-0.0002039287,-0.00024339603,-0.00034356975,0.0012358382,7.9566943e-05,0.00047641135,-0.0003029732,-0.00039092865,0.0009174446,-0.0004751999,3.0444859e-05,0.0019722821,0.00012845017,-0.00011210384,0.00012087335,-6.8577675e-05,0.00022180515,0.00016648054,3.9944504e-05,0.0001104099,-0.00018324755,-0.00082290667,-0.0034923426,-6.3611563e-05,0.0001360527,4.9384714e-05,0.0001329296,0.00016684626,-0.00071005311,-0.00014678576,-0.00022526428,1.2613757e-05,4.0503765e-05,-0.00049597912,0.00018076545,-1.5873858e-05,-0.00094695943,0.00039197408,-0.00016612368,0.00013351169,9.2230234e-05,-3.1124104e-05,-9.1340647e-05,0.00010062431,2.5280486e-05,-7.9116601e-05,0.00013272516,0.00070177216,-0.0013563878,-4.0310851e-07,0.0001138016,8.7711054e-05,3.5329248e-05,0.00023670078,-8.3770907e-05,0.00012507162,-0.00014755405,0.00028706293,0.00032143514,-5.1515567e-05,0.00012970213,-1.1420226e-05,-0.0032860806,0.00028833644,-0.00044596185,-0.00043383028,2.4176674e-05,-0.00022164558,-0.00010629055,0.00036420506,1.6437904e-07,-0.00026534268,-2.8327261e-06,5.9936616e-05,-8.1676703e-05,-0.0019984893,0.001690682,4.4317005e-05,-0.00021423914,-0.00020155727,0.00044091797,-0.00025337697,0.00034212284,-0.0002738198,0.00013627156,-0.00061950745,-0.00037184113,0.00035570797,-0.00029301186,2.6674193e-05,-0.0020281024,0.00028976232,-0.0017187178,0.0013642005,-0.00096233073,0.00035071252,-5.3384385e-05,0.00021110891,0.00077478524,-0.0001463163,-4.007575e-05
0.0011227038,-0.0011922211,-0.0024232845,-0.00019715361,7.3089639e-05,0.00058912382,9.0205924e-05,5.3262751e-05,2.4687729e-05,-1.3590429e-06,-6.386088e-07,-6.8551026e-05,3.722593e-05,-8.5258952e-05,0.00010496375,-0.0009289126,0.00060490967,7.4564084e-05,0.0011485411,-0.0020168445,-3.9312373e-05,-2.9494586e-06,0.00036857021,3.504822e-05,-0.00049604859,-3.9651797e-05,-2.461624e-05,0.0001609292,-0.00023461183,0.00090307788,0.00011664706,0.00068227066,-0.00010198624,-3.0293476e-05,-0.00024015892,-0.00020281368,-0.00047256185,0.00032891229,0.00024983387,-0.00019640196,4.5083299e-05,0.00041084545,1.8008605e-05,1.5983084e-05,0.0015573822,-1.7923403e-06,5.7383931e-06,-0.00022429882,3.4060827e-05,0.00029014773,1.3192319e-05,1.1128219e-05,-0.00013381604,0.00019088556,-0.0006477451,-0.00010296651,-0.00034925673,5.3336894e-05,-1.087514e-06,9.6058055e-05,4.8101543e-05,0.00023191305,-0.00019963487,-0.00013789072,0.00012210084,-2.0371362e-05,-0.00020211988,-7.2215014e-06,-9.4425406e-06,-0.0013414081,0.00027656755,-0.00017792725,0.00014730216,-9.591439e-05,-3.3221867e-05,2.1409666e-05,2.6082736e-06,6.5366794e-06,-0.0004233873,0.00025433029,-0.00020074914,-0.00013509326,-0.00011775977,6.1054941e-05,-1.9333588e-05,-1.9418684e-05,0.00024632229,0.00021454393,0.00023505136,-0.00010737583,0.00045573673,0.00024048696,-0.00022901075,2.1324735e-05,-1.7399054e-06,-0.0048936643,0.0015806635,-5.6480901e-05,-0.00040426201,0.00027795676,-0.00028123528,0.00025513885,0.00058285068,-0.00014653107,-0.00011799839,-2.441087e-05,0.00087461449,-0.00033514373,-0.0012149193,0.00019021427,0.00021703922,-0.00020374017,-4.5968065e-05,0.00028681144,-0.00059570061,-0.00013003267,-0.00090462031,0.00010388777,-0.0011589958,-0.00063861398,0.00092131324,-0.0002920027,2.8498126e-05,-0.0016217444,0.00021928613,-0.0015954654,0.0012469515,-0.00094402476,0.0003754594,-9.392146e-05,-0.00013526557,0.0011111305,-4.6171769e-05,-1.5293752e-08
0.00044331988,8.7243539e-05,0.00088294913,-3.6776705e-05,1.1695053e-05,-0.00012850016,0.00011954807,-2.4261576e-06,-2.6996348e-06,3.102806e-06,-9.724205e-06,8.7827416e-06,-9.8288051e-06,-1.2457035e-05,-4.7559673e-05,-0.00071515405,0.00025425627,8.274465e-05,-0.00014002842,0.00016144172,-0.000297707,-0.00010126216,-0.0001769337,0.00012072738,0.00027115137,6.599011e-05,5.8993574e-07,-0.00015467503,-1.7461134e-05,-0.00035580222,-0.0004107404,-0.00010198624,0.00060074191,0.00033011101,2.3748809e-05,4.6740958e-05,-4.2252197e-05,9.2994685e-05,8.8578958e-05,0.00017146198,8.9650038e-05,0.00042238898,2.8122127e-05,-3.5194882e-05,-0.00010593523,0.00017058756,6.8351019e-05,0.00010790656,-8.6583203e-05,-0.00014953437,-3.5605755e-05,2.7661343e-06,0.00010625723,7.7773554e-05,0.00028374894,0.00015385056,6.2771723e-05,-0.00034645022,-0.00014613587,3.5490424e-06,1.5502864e-05,5.6362334e-05,-1.911736e-05,-5.069684e-05,-5.9791031e-05,-3.651564e-05,-0.00027892121,-2.9595812e-07,1.7362413e-05,-4.5274723e-05,-3.5044404e-05,6.4849751e-05,-3.220458e-05,2.7596318e-05,-4.2483183e-05,-4.2787413e-05,-1.9630561e-05,2.890691e-06,2.5177467e-05,7.1815168e-05,-0.00015548003,5.8325777e-05,1.4883823e-05,-0.00010510467,-6.5566852e-05,1.6174519e-05,2.4314645e-05,3.1784938e-05,2.1043348e-05,-9.6474399e-06,-1.6758861e-05,-1.6383076e-06,-9.6149724e-05,-5.9472491e-06,8.9818965e-06,0.00037665303,-8.3414284e-05,-0.00014763614,5.328618e-05,-0.00017089698,0.00012022666,-0.00010507662,9.1512439e-06,7.748321e-05,3.6197366e-05,-2.4128336e-06,-0.00016210655,-6.5626443e-05,0.00048766839,-0.00017930068,-4.3317918e-05,0.00017305949,8.9841402e-05,-2.1560782e-05,-6.6439949e-05,-9.0221437e-05,3.0578803e-05,5.1295884e-05,0.0001800717,1.6559703e-05,0.00012627431,6.3068219e-05,-1.5783128e-05,9.3000344e-05,-4.3931575e-06,-0.00010430197,4.886902e-05,-5.2749678e-05,7.7811309e-06,1.8842229e-05,8.6744887e-05,2.7964079e-05,-2.3505096e-05,-1.1895988e-05
1.2407442e-05,-0.00090842052,0.0019002052,1.2458854e-05,3.8378641e-05,-0.00049424909,-5.8095864e-05,-2.35631e-05,-7.6051192e-06,3.0864354e-05,-3.6270802e-05,7.1641551e-05,-8.9610038e-07,-5.2349835e-05,-5.56494e-05,-0.0016393873,0.00063942629,0.00022381829,5.1790555e-05,0.00052767095,-0.00023946066,0.00042338423,-0.00038886033,-0.00040417115,-0.00017837782,0.00022665178,-1.6145476e-05,-0.00019970192,0.00038888679,0.00091785304,-0.0002039287,-3.0293476e-05,0.00033011101,0.0033265287,5.2627687e-05,-5.6546665e-05,0.0004997079,4.0388218e-05,-0.00019946545,-6.7638674e-05,-0.00013601612,-0.00093565149,-7.6161042e-05,-9.7238078e-05,-0.00038844364,0.00013800165,-0.00029601058,0.00022564839,0.00023916904,0.00024582778,-0.00010109256,1.0189891e-05,0.00017783829,-0.00018318441,-0.00064451371,3.4346175e-05,2.0714166e-05,-0.00013914386,-0.0018579633,1.8208921e-05,8.2476084e-05,-0.00021046453,-2.3438738e-06,9.2137098e-05,2.3199256e-05,0.00010212223,0.00058997403,1.1891633e-05,5.4680673e-05,-3.0319863e-05,-6.2520786e-05,0.00010500467,-7.1950301e-05,0.00018123333,0.00010384491,0.00011565195,-6.976684e-05,7.7188488e-06,4.4996678e-05,-0.00010818917,-0.0003124597,7.7014412e-05,-1.8997257e-05,-6.512507e-05,-0.0006919335,-5.7091825e-05,6.9476717e-05,-8.4999916e-05,7.0220181e-05,4.2137283e-06,-4.760538e-05,4.4131386e-05,0.00023890483,3.3127891e-05,2.6234037e-05,0.00068046093,-0.00020400894,-0.00072890488,1.6822668e-05,-0.00024633318,2.8477737e-05,-0.00030955551,-0.00032071953,-4.2744012e-05,0.0001202295,-1.2020077e-05,-0.00012205129,0.00035470973,0.00080044485,-0.00028840741,-6.6182926e-05,6.6295885e-05,0.001002976,0.00036015248,-0.00026477808,-0.00015426987,-0.0001200877,3.1695596e-05,0.00025858219,6.733273e-06,-0.00043721123,0.00018128626,-4.5268762e-05,0.00041682211,-7.797248e-05,9.5267849e-05,7.3995718e-05,-0.00011006019,-3.8565092e-05,6.8483347e-05,0.00034949402,-1.8220728e-05,-1.4860368e-05,-8.9855745e-05
-0.0025836076,0.00054686612,0.0041242184,0.00026028474,-2.086664e-05,-0.0012726726,-0.00045930403,-6.5237761e-05,-7.7948439e-06,-9.3995492e-05,-5.1532638e-05,0.00026285681,-0.00010009478,0.00021305179,-0.00019511726,-0.0022506326,0.0012586759,0.00050960988,-0.00052047409,0.0033087277,0.00022261887,0.00049380477,-0.00024104498,-4.2151357e-05,0.00086096619,0.00011711753,-3.356595e-06,-2.2728753e-05,0.00024446135,0.00065129929,-0.00024339603,-0.00024015892,2.3748809e-05,5.2627687e-05,0.0042624571,0.0022717178,0.0003702515,-0.00020780221,-0.0007247633,-0.00013405786,7.8266046e-05,-0.00066734579,-0.00038391414,7.3526541e-06,-0.002619204,-0.00010742772,-0.00022511932,0.00010418614,6.3666565e-05,-0.0004963021,-6.363747e-05,-5.4492256e-06,5.877355e-05,-0.00024637456,-0.00039174038,0.00021473023,8.6793335e-05,1.4691944e-05,-3.3067722e-05,-0.0021929771,-0.0012281821,-0.0001548117,1.8620355e-06,0.0002928825,-3.1121269e-05,2.0226916e-05,0.00047921386,0.00012854338,3.7492592e-06,0.001171625,-0.00060155371,0.00016332107,-0.00018684892,-4.0302583e-05,9.5377486e-06,-0.00010450599,-1.0359172e-05,-4.9579351e-06,0.00036570909,-0.00011424093,3.6217133e-05,0.0001744514,4.2136615e-05,-3.8441708e-05,-5.4170451e-05,-0.00067714779,-0.00062182364,-0.0001601765,-0.00032630448,9.9532814e-05,-0.00036754287,-0.00029399825,0.0003986236,6.9881123e-05,4.8772045e-06,0.0018239249,-6.6669655e-05,0.00035769971,0.00053716932,3.9150674e-05,0.00011575669,3.4520936e-05,5.0170846e-05,0.00026347345,-3.2442711e-05,5.9343647e-06,-0.00037625749,-0.00017430262,0.00042091988,-2.3439214e-06,-9.9675521e-05,1.222503e-05,-2.4932276e-05,0.00071388764,0.00076420296,-6.366052e-05,0.00024991597,-0.00025976707,0.0003891929,0.00034834709,-0.00073520918,-1.1182607e-05,-8.4067397e-06,0.0026411216,-0.00031085517,0.0027262418,-0.0018786301,0.0014017257,-0.00038679217,3.7942665e-05,-9.4153956e-05,-0.001497554,0.00024502332,-2.1074378e-05
-0.0001416096,0.0015987444,0.0041796703,8.9979264e-05,-9.6818599e-05,-0.00099500006,3.9871145e-05,-3.1106366e-05,2.7996053e-05,-5.060302e-05,-2.1839768e-05,0.00015321281,-6.5837518e-05,0.0001271608,-0.00017043313,-0.0022082555,0.0010618736,0.00034316003,-0.00039988992,0.0023052341,-0.00013694958,9.5990545e-05,3.9431712e-05,8.6962709e-05,0.00073615684,9.3878959e-05,-2.7774094e-06,1.253435e-05,0.00025333592,-0.00011325314,-0.00034356975,-0.00020281368,4.6740958e-05,-5.6546665e-05,0.0022717178,0.0036650012,4.7173735e-05,3.0326277e-05,-0.00037250648,-0.00022651363,-2.7364942e-05,-0.00053389414,8.9086061e-05,-2.2628672e-05,-0.001740828,7.4267873e-05,-7.6328944e-05,-0.00013634904,-0.00014667376,-0.00050948332,-4.4409705e-05,5.150076e-06,-7.8552484e-05,-0.0001189533,0.0001760043,0.00022705244,3.9932971e-05,3.6260405e-05,0.00011463989,-0.0012295316,-0.0019383606,2.2951796e-05,4.9745167e-05,0.00019131426,0.00015939511,0.00010710194,0.00024765533,-1.716306e-05,1.0097691e-05,0.00070338083,-0.00023479799,0.00015179325,-6.65256e-05,-4.5560928e-05,-8.9068723e-05,-0.00013299769,1.3069573e-06,-3.8785334e-06,0.00021358859,-0.00013532346,-1.1837292e-05,0.00014832312,7.9256315e-06,-4.975554e-06,7.0748984e-05,-0.00040355431,-0.00083532479,-4.6821606e-05,-0.00019290944,0.00012762309,-0.00013100427,-0.00017366046,0.00022224201,2.7227318e-05,9.9485656e-06,0.0012325286,4.6989639e-05,0.00035629375,6.7882364e-05,-8.0001524e-05,7.061619e-05,8.3584002e-05,0.00012847842,0.00028883195,-4.4189485e-05,5.9840133e-06,-0.00033870094,-0.00025455648,0.0005509586,-3.8123941e-05,-2.6394466e-05,-1.9419764e-05,-0.00026777442,0.00044210056,0.0011405041,-0.0001676784,0.000225882,-0.00027637744,0.00024794324,0.00024366851,-0.00048010044,-3.4842951e-06,-9.4450093e-06,0.001827516,-0.00035256363,0.0014840095,-0.0012256027,0.00091367924,-0.00019149529,1.424079e-05,-0.0001061832,-0.00069732216,0.00017302556,-9.8882255e-06
-0.0035731885,0.0036343887,0.0042241583,0.00061126117,-0.00027242461,-0.0013070282,-0.00038162001,-0.00020227277,-4.9186077e-05,5.5339795e-05,-6.3803387e-05,0.00018611945,1.9214084e-05,0.0002532494,-0.00030451419,-0.004357803,0.0020987956,0.0012656504,-0.0042208446,0.0050200082,-0.00024120646,-0.00034089078,-0.00042217903,-9.6098846e-05,0.0010294906,0.00019505218,6.8275097e-06,-0.00035811324,0.00078440635,-0.0025246903,0.0012358382,-0.00047256185,-4.2252197e-05,0.0004997079,0.0003702515,4.7173735e-05,0.0062950915,-0.0008212967,-0.00051794633,0.0002641147,-4.3079763e-05,-0.00033885447,-2.2453358e-05,-0.00013584128,-0.0037922704,0.00011632053,0.00013448321,0.00022483686,1.2139902e-05,-0.00036800766,-9.5806306e-05,-4.4749641e-06,0.00026940563,-0.00055231618,0.0013565576,-0.00051652838,0.00023462675,7.64268e-05,-0.00014448929,-0.00019466519,1.0630362e-05,-0.0032744912,0.00045600448,0.00028237474,-9.9992129e-05,5.7108305e-05,0.00013458328,2.1178004e-05,6.9555866e-05,0.0036128748,-0.00076238898,0.00059675674,-0.00028917589,0.00011049538,0.00014509643,7.3814361e-05,-7.1779716e-05,-4.2134249e-06,0.00092114737,-0.00058934026,0.00047961929,0.00016071406,3.3776683e-05,-9.6721389e-05,-5.896066e-05,0.000123869,-0.00054512255,-0.0015869647,-0.00070507285,0.00015648869,-0.0010934853,-0.0006099091,0.00053812926,-9.532769e-05,2.7617978e-05,0.010679456,-0.0033375959,0.0011734631,0.0011269283,-0.00055426935,0.00053678061,-0.00029421487,-0.001392741,-0.00015501404,0.00032851403,3.1561737e-05,-0.0018409088,0.00063250306,0.0021335887,9.2411475e-05,-6.0561643e-05,0.00034504908,0.00010063489,-0.0013071645,0.0011193227,0.0017673539,0.0020234184,-0.00014103354,0.0024438585,0.0014859971,-0.0019701354,0.0005908694,-8.3235702e-05,0.0039747874,-0.00049566315,0.0044778268,-0.0035856971,0.0027573933,-0.0010008327,0.00014160414,-0.00019039979,-0.0031659032,0.00026337085,7.8584916e-05
0.0029191342,-0.0021166982,-0.0031552921,-0.00041080168,0.00016504931,0.00086675086,0.00039900051,0.00015639366,6.7024184e-05,1.2813501e-05,7.2075019e-05,-0.00013827146,8.5253707e-05,-0.00027046322,0.00017963227,-0.0016605541,0.0010222415,0.00019695881,0.0014414065,-0.0034515551,7.2631721e-05,3.0147704e-05,0.00068958751,0.00021292018,-0.00018859059,-5.6521852e-05,-1.0012725e-05,0.00075960027,-0.00057462772,0.0030822598,7.9566943e-05,0.00032891229,9.2994685e-05,4.0388218e-05,-0.00020780221,3.0326277e-05,-0.0008212967,0.0041121505,0.0015253261,-0.00085755266,5.143534e-05,0.00025133953,0.00016204101,1.3582639e-05,0.002702967,-6.9265919e-05,7.3905591e-05,-0.00043122148,-0.00015230451,6.2241103e-06,5.1705251e-05,5.0528939e-06,-0.00037288438,0.0002819004,-0.0013903165,-0.00016882739,-0.00017410659,-5.2589894e-05,-3.6775691e-05,5.2684716e-05,-3.3496659e-05,0.00038965793,-0.0022594463,-0.00082400318,0.00049394806,-1.406327e-05,-0.0001795479,-3.0513331e-05,-1.7045247e-05,-0.0021205418,0.00051871434,-0.00032003562,0.00027786555,-0.00025019117,-0.00020243213,-0.00020142064,2.6125141e-05,1.1238265e-05,-0.00078205724,0.00042475503,-0.00018674918,-0.00023382625,-4.3163832e-05,5.973957e-05,2.5691804e-05,-0.00016462812,0.00032509677,0.00033427983,-0.00038963527,-0.00035143568,0.0007584767,0.00035245666,-0.00042180553,4.91155e-06,-1.4542689e-06,-0.0063006367,0.0018224196,-0.00069979332,-0.00070377313,0.00026102901,-0.00046433164,0.00048165884,0.00087489966,0.00030604152,-0.00024034437,-2.7849508e-05,0.0013224409,-0.00050747543,-0.0015213179,0.0004193246,5.2844514e-05,-0.00021448914,-0.0002581256,0.00079584055,-0.00072762214,-0.00024659459,-0.00014266461,0.00053754562,-0.0015126629,-0.00076673833,0.0015117792,-0.00018661242,4.0862424e-05,-0.0028693532,0.00038999095,-0.0029200312,0.0021940746,-0.0016878064,0.00061271772,-9.9790811e-05,0.0001857273,0.0018765859,-0.00011158265,-3.319391e-05
0.0032238631,-0.00082717595,-0.0060100318,-0.00041974086,3.4269086e-05,0.0019491578,0.00042076484,0.00014785849,2.5404667e-05,1.0000577e-05,2.7966701e-05,-0.00035890682,9.2380702e-06,-0.00029417161,0.00027159215,-8.1732477e-05,0.00016535435,-0.00016946447,0.002038831,-0.0043997507,-0.00011885775,-0.00055852119,0.00032780867,0.00024417388,-0.0012338543,-0.00020806658,-2.8446164e-05,0.00010318665,-0.00014686271,0.00031827127,0.00047641135,0.00024983387,8.8578958e-05,-0.00019946545,-0.0007247633,-0.00037250648,-0.00051794633,0.0015253261,0.0044550908,0.00018194639,-0.00044291337,0.00066586521,0.00028696562,-3.7876462e-06,0.0034231171,-3.186383e-05,0.00028702354,-0.00013914706,-0.00017912994,0.00054628907,0.00011931812,1.7460197e-05,-7.1693166e-05,5.6418657e-05,-0.000163914,-0.00039003156,-0.00013202032,-5.3182883e-05,8.3522539e-05,0.00032171932,0.00023518953,0.00023766036,-0.00085422869,-0.0022246698,-0.000118581,0.00013366308,-0.00040462776,-9.5872646e-05,-2.1915601e-06,-0.0025952477,0.00077682113,-0.00035896199,0.00041597513,-0.00011715959,-0.00015105136,0.00011797212,3.304005e-05,8.9993678e-06,-0.00073315745,0.00035594941,-0.00013162187,-0.00035603722,-6.3475191e-06,7.6034389e-05,4.2496779e-05,-6.4089145e-05,0.00055071747,0.00027934683,0.00034879505,-0.00090594198,0.00071950959,0.00052564983,-0.00057254231,5.6539509e-05,1.8294274e-06,-0.0088051161,0.0028889609,0.00019284283,-0.0010693097,0.00053159383,-0.00057768072,0.0004886691,0.001182537,-0.00058345927,-0.00022585546,-2.822478e-05,0.0014673525,-0.0003603114,-0.0024211234,0.00035423861,7.4257045e-05,-0.00025302676,-0.0001912625,0.00032107377,-0.0011384232,0.00016772356,-0.0014580993,0.0013561295,-0.0019127546,-0.0014247097,0.0019503299,-0.00046994646,5.3994437e-05,-0.0035146281,0.00042618491,-0.003869765,0.0027064291,-0.0019892702,0.00077924037,-0.00020878432,-0.0002837916,0.00202615,-0.00016643988,4.4414188e-05
0.00077924606,0.0010923287,0.0015522727,-2.451563e-05,6.698452e-06,-0.0001143686,0.00025363725,-1.4605303e-05,-2.9946203e-06,7.1841699e-06,3.3319021e-07,-0.00012147506,-2.4968943e-05,-6.3141501e-05,1.4441215e-05,-0.00056435744,0.00017586775,-2.1927166e-06,-0.00072037601,0.00065383807,-0.00028456781,0.00012946572,-0.00078259763,0.00029409034,-0.00010396993,0.00019725496,-1.9017917e-06,-0.00060595628,-1.2796048e-05,-0.00092335703,-0.0003029732,-0.00019640196,0.00017146198,-6.7638674e-05,-0.00013405786,-0.00022651363,0.0002641147,-0.00085755266,0.00018194639,0.0056215296,0.0010257742,-0.00018189587,-5.4113908e-05,-2.7331479e-05,-0.00047373716,0.00010011322,-9.4691972e-05,0.00049595204,-0.00026240064,5.8727866e-05,-0.00011245471,9.5414566e-06,0.00022397011,-4.5287296e-05,0.00065375715,9.9257975e-05,0.00011811254,-9.3150577e-05,3.8139444e-05,-3.2386879e-05,0.00010152298,-0.00010210163,0.00054159732,-0.00016145141,-0.0030848216,-0.00050563244,5.9543919e-05,-2.1846836e-05,1.3666065e-05,0.00045050879,1.7312561e-05,6.1430144e-05,-3.7380061e-05,0.00020290403,-8.6572882e-05,8.4352494e-05,-2.0109789e-05,-5.8809634e-06,0.0003189151,5.0705587e-05,0.00015125298,0.00011210928,3.6896087e-05,-5.8279881e-05,-2.5125127e-05,4.6861312e-05,7.6051324e-06,-5.4112112e-05,6.1620652e-05,-3.9205289e-05,-0.0011087968,-0.00025798141,0.00015032649,4.5930748e-05,6.8256543e-06,0.0027074224,-0.0010301451,-0.00037820221,-7.9303062e-06,-0.00023785449,7.8145635e-05,-0.00053465692,-0.00020670319,-3.2269682e-05,0.00012276796,1.7009542e-05,-0.00096297379,0.00021607637,0.00070365032,-0.00041795464,-9.9526525e-05,0.00020358811,0.00016533557,0.00012668794,0.00035608412,-5.4553503e-05,0.00035977951,-7.573256e-06,0.002028301,0.0005725562,-0.00066586002,0.00016766766,-4.6427008e-05,0.00045139324,-0.00013431026,0.00010692071,-0.00027230873,0.00024031556,-0.00011173018,7.3884805e-05,0.00026629307,-0.00036902729,-8.779485e-05,-8.1558171e-06
0.00023798138,-0.0019104626,0.0010824508,-0.00016279197,0.00011928418,-0.00038007708,-2.6747995e-05,-2.5762379e-06,3.3718827e-05,1.7440762e-05,3.9287234e-05,9.9560422e-05,-5.3229927e-05,-4.8505261e-05,-9.2198885e-05,-0.0014406873,0.00069474115,0.00031907385,-0.0002847401,-0.00033734331,-6.3410251e-06,0.00063419648,-0.00027260482,-2.7183103e-05,7.5316344e-06,0.00025905207,-3.0861136e-05,0.00011326157,-0.00060434735,0.00080401785,-0.00039092865,4.5083299e-05,8.9650038e-05,-0.00013601612,7.8266046e-05,-2.7364942e-05,-4.3079763e-05,5.143534e-05,-0.00044291337,0.0010257742,0.0037314319,-0.00042742006,-0.0001800663,5.4845394e-05,0.00021001426,1.2027396e-05,-0.00035570546,0.00014217981,6.7869653e-05,-7.3308469e-05,-8.4001867e-05,2.7880584e-06,6.9110499e-05,0.00042925343,-0.00046831168,0.00018821305,1.7655083e-05,-5.8238382e-05,5.6953525e-05,1.8573572e-05,-1.7851708e-05,1.4867026e-05,-4.0084717e-05,0.00013065268,-0.00063487408,-0.0019756244,0.00024867409,9.2093698e-05,-2.8679706e-05,-0.0010034288,-1.335646e-05,-0.00018197151,-4.8848044e-05,3.8121734e-05,2.3650526e-07,-0.00021202401,-7.1408902e-05,9.466439e-06,-0.00038273715,0.00024425406,-0.00020252279,0.00011498349,3.1828111e-05,1.7780564e-05,4.6573278e-05,-0.0001225097,0.00011104623,5.1021535e-05,0.00015185837,1.8848225e-05,4.6037024e-05,-0.00057108111,1.4986336e-05,2.6600979e-05,-9.1134854e-06,-0.0022548744,0.0010970752,-9.3201527e-05,-6.4334605e-05,0.00035241971,3.3496205e-05,4.4620687e-05,0.00029919509,0.00021984838,0.00011974729,-3.2651921e-05,0.00078578146,-0.00038657668,-3.5979772e-05,-0.00012695109,-3.8502882e-05,-8.5529296e-05,-8.3357231e-05,0.00032163788,-0.00026826223,0.00014417265,-0.00034309017,-0.0001668395,-0.00033068122,0.00059809118,0.00029474595,-0.00014134981,3.631462e-05,-0.00022824625,2.2231707e-05,-0.00053270535,0.00064179567,-0.000569565,0.00021790404,-6.9205128e-05,6.2049694e-05,0.00054362488,-4.2419726e-05,-7.6014442e-05
0.0025398666,-0.0008976739,-0.0066304265,-0.00034651608,3.5219594e-05,0.0018941129,0.00022021494,0.00011571983,3.5398279e-05,4.1740153e-07,2.4763787e-05,-0.00029164617,0.00010397561,-0.00015839307,0.00017582073,-0.0029607427,0.0018515538,0.00043037617,0.0012847749,-0.004664936,-0.00032515406,0.00011367347,0.001977742,0.00036369065,-0.0010838575,-0.00035840648,-1.8660726e-05,0.0004983824,-4.4997906e-05,-0.00099271236,0.0009174446,0.00041084545,0.00042238898,-0.00093565149,-0.00066734579,-0.00053389414,-0.00033885447,0.00025133953,0.00066586521,-0.00018189587,-0.00042742006,0.0055469854,0.00012929933,2.7118547e-05,0.0036415659,0.00012986454,3.1816364e-05,-0.0011172585,-0.00014582744,0.00061510071,0.00016042451,1.5102675e-05,-0.00032162443,0.00020721633,0.00052353411,-0.00055489654,-0.0002126346,-0.00029110605,0.00053457027,0.00036975011,0.00031899494,0.00011228502,-0.00020379172,-0.00035683231,0.00015638774,0.00011836604,-0.0031382094,-4.3952589e-05,-1.409512e-05,-0.0021499847,0.00073890045,-0.00032539843,0.00023612464,-0.00057170044,-4.739927e-05,0.00016367424,3.3604538e-05,1.2879246e-05,-0.00073685353,0.00029558319,0.00026587413,-0.0002488202,-1.984053e-05,-2.1300774e-06,0.00020598218,0.00012733779,0.00046032037,0.00027984974,0.00039588153,-0.00026502457,0.0007603382,0.00048768654,-0.0014366769,-1.5661743e-05,-1.0019028e-05,-0.0074726984,0.0015524996,-0.00082297556,-0.00091217262,5.1249883e-05,-0.00022483157,0.0006954149,0.00088515451,-4.9346712e-05,-0.00022122544,-2.3373233e-05,0.0011436754,-0.00015260393,-0.0024707769,0.00010020321,7.3913729e-05,-8.2219901e-05,-0.00029701716,0.00021570875,-0.0011550848,-0.00012679205,-0.0010930134,0.00056584252,-0.0015726186,-0.0010782256,0.0028738832,-0.00032775067,3.9799927e-05,-0.0037539768,0.00049213781,-0.0033836969,0.0024453616,-0.0018107193,0.00069844216,-8.5934609e-05,2.5599658e-05,0.002026357,-0.00019865319,-3.0512503e-06
0.0010216908,0.00044907931,-0.00055596657,-0.00010370517,-1.5545294e-05,0.0002434963,0.00018175648,1.8576339e-05,2.3472729e-05,8.4326578e-06,3.7154356e-06,-4.9432794e-05,5.1838724e-05,-5.5917945e-05,4.1698932e-05,-9.9901578e-05,-2.9880085e-05,8.473306e-06,0.00021716608,-0.00069958369,7.1905339e-05,-0.00014850976,0.00017945956,0.00019547023,-0.00021825053,-3.9581553e-05,-4.9932788e-06,-0.00010880438,-6.5664379e-05,-0.0005793142,-0.0004751999,1.8008605e-05,2.8122127e-05,-7.6161042e-05,-0.00038391414,8.9086061e-05,-2.2453358e-05,0.00016204101,0.00028696562,-5.4113908e-05,-0.0001800663,0.00012929933,0.00084910665,-1.2541736e-05,0.00057138619,-3.5139409e-05,7.1252988e-05,-9.1917397e-05,-0.00015241598,0.00011119025,1.9303302e-05,5.0095748e-06,3.4650811e-05,1.95299e-05,0.00032004526,0.00019901932,-1.1256178e-05,-2.7054173e-06,1.8708203e-05,0.00016150617,-3.1000633e-06,2.573212e-05,-1.1911055e-05,-0.00014107423,-1.1905726e-05,0.00012868685,-0.00010522141,-0.00032842849,3.4152851e-06,-0.00019281706,0.00012362275,-5.39602e-05,8.2398456e-05,-5.9412701e-05,-7.305769e-05,3.5149328e-05,-4.2372419e-06,3.02423e-06,-5.6818897e-05,6.5366152e-05,8.1338739e-05,0.00012507258,-6.9935639e-06,-1.7018905e-06,4.373699e-05,8.4435866e-05,5.5943477e-05,1.7167304e-05,5.312472e-05,1.6066287e-05,0.00014552829,7.3412895e-05,-0.00012732859,-0.00022786946,3.2507981e-06,-0.00091885936,-3.3303483e-05,-0.00047934664,-0.00016126565,-2.2854748e-05,-0.00010419042,1.0817809e-05,0.00018963639,-1.4989578e-05,-5.0822221e-06,-8.1813932e-06,0.00013031292,-2.7555968e-06,-0.00020462292,-0.00025295321,-2.3051758e-05,-1.5291468e-05,5.2608471e-06,0.00018815565,-0.00011862294,-6.5378145e-05,-9.3570037e-05,9.0814369e-05,-0.00018952711,-0.00013689169,0.0002562978,0.00037500302,-2.0551174e-06,-0.00057475834,6.332516e-05,-0.00063196916,0.00035597919,-0.00025574789,8.8344844e-05,3.1747921e-05,0.00013452768,0.0002921506,-4.2971087e-05,-3.1987107e-05
7.8619239e-05,-0.00036871824,-0.00019635343,-3.1517553e-05,3.0144812e-05,3.5578627e-05,-1.0459228e-05,9.2468924e-06,9.0203212e-07,-7.1523689e-06,9.0663729e-06,1.4077158e-06,-4.6465344e-06,-8.2835671e-06,1.2448167e-05,-2.5507009e-05,4.9773602e-05,-1.7099367e-05,0.00020352883,-0.00024491096,2.3644224e-05,6.0283779e-05,2.2762433e-06,-9.6144123e-06,-4.070208e-05,9.1803916e-07,-1.4308281e-06,3.6402202e-05,-0.00010773829,0.00017759159,3.0444859e-05,1.5983084e-05,-3.5194882e-05,-9.7238078e-05,7.3526541e-06,-2.2628672e-05,-0.00013584128,1.3582639e-05,-3.7876462e-06,-2.7331479e-05,5.4845394e-05,2.7118547e-05,-1.2541736e-05,4.3986145e-05,0.00017751985,-1.4312062e-05,-2.9908831e-05,1.2624292e-06,1.5429483e-05,1.5123071e-05,-2.1725423e-06,1.639066e-07,-1.3056842e-05,5.6953299e-05,-0.00010843552,-1.9648326e-05,-7.6748672e-06,1.4230254e-05,4.7067356e-05,1.6430776e-06,9.597991e-06,6.6517544e-05,-2.6881262e-05,-2.676029e-06,4.1950738e-06,-4.0215907e-05,-1.1618126e-06,2.0333738e-06,-2.4005472e-05,-0.00021138392,2.1092724e-05,-3.8884566e-05,3.9195527e-06,-3.1423722e-07,6.4796992e-06,-1.8304326e-06,1.9340644e-06,-9.4709482e-08,-6.1800459e-05,5.2053383e-05,-2.1022633e-05,-2.6147813e-05,2.4105607e-06,1.5554585e-05,2.4297805e-05,-8.0587956e-06,3.7917044e-05,4.9856251e-05,4.1142451e-05,-6.0648818e-06,6.2338943e-05,1.2924522e-05,-2.9869568e-05,7.5435004e-06,-1.0609666e-05,-0.00068314351,0.00019997404,-7.627254e-05,-3.1576283e-05,5.1477913e-05,-6.475052e-06,7.4260617e-06,6.6652206e-05,-1.4721123e-06,-1.7303885e-05,-1.1504909e-06,0.00013351019,-6.2323743e-05,-0.00015229795,1.6462535e-05,-5.9709417e-06,-3.6458774e-05,-3.9918444e-05,8.0529304e-05,-9.2891907e-05,-4.6553626e-05,-0.00011926581,9.8271801e-06,-0.00016780211,-3.9179745e-05,0.00011793759,-4.0914099e-05,1.6131197e-05,-0.000192887,3.661727e-05,-0.00021344042,0.00019518282,-0.00015018095,5.7741439e-05,-9.3793147e-06,2.0038524e-05,0.00015177419,-1.0900522e-05,-5.6053584e-06
0.014969413,-0.010417375,-0.02726584,-0.0021549291,0.00073238156,0.0081646261,0.0018398683,0.00067883267,0.00023739252,-8.2466308e-05,0.0003673643,-0.0014968424,0.00074348637,-0.0016759063,0.0021460257,0.0010157034,0.00036447164,-0.0015265945,0.012370701,-0.029060233,-0.00048497016,-0.00022134451,0.0021821867,0.0013422764,-0.0049442563,-0.00066340123,-0.00010206029,0.0011820014,-0.0024554182,0.0038689644,0.0019722821,0.0015573822,-0.00010593523,-0.00038844364,-0.002619204,-0.001740828,-0.0037922704,0.002702967,0.0034231171,-0.00047373716,0.00021001426,0.0036415659,0.00057138619,0.00017751985,0.022773424,0.00018801836,0.00021967102,-0.0011083604,-0.00048853006,0.0025828275,0.00030771503,5.2884329e-05,-0.0011034771,0.0015689356,-0.0025597792,-0.0015492141,-0.00072492768,-4.1817164e-05,-0.00014381205,0.0013798543,0.00080623679,0.0016705478,-0.0015957426,-0.0020199666,0.00018538484,-0.00044106434,-0.0020087245,-0.00020238968,-9.2486476e-05,-0.012297104,0.0033277669,-0.0017429562,0.0016354538,-0.00051518258,-0.00030618097,0.00046433287,0.00016492362,4.6790545e-05,-0.0039761579,0.002081272,-7.1491654e-05,-0.0014384381,-0.00010967549,0.0004451216,-0.00028165113,1.2911071e-05,0.002233754,0.0016885248,0.0022796893,-0.0016686671,0.0037944422,0.001957215,-0.0022394407,0.00017735674,-1.4670162e-05,-0.039160174,0.0078118438,-0.0071819203,-0.0024507511,0.00055472244,-0.0027909612,0.00054958168,0.0041709083,-0.00039592254,-0.0011171986,-0.00013222619,0.0069516558,-0.0015776468,-0.010943019,0.00080798531,2.2757276e-05,-0.0012662699,0.00072809031,0.0048751159,-0.0046860378,-0.0016635994,-0.006151492,0.0033184412,-0.0077830293,-0.0044791891,0.007733959,-0.0013325935,0.00016336675,-0.02350169,0.0040636233,-0.019392825,0.014575185,-0.010915392,0.0038900242,-0.00021561336,0.001293257,0.011660879,-0.0013475219,-0.00032049834
0.00022790514,1.219549e-05,0.00017614936,-2.6880317e-05,8.4983194e-06,-7.5601988e-06,4.6438547e-05,-5.520187e-06,1.09616e-05,1.4315624e-05,3.5826505e-05,1.1366917e-05,3.0481595e-05,-2.2224064e-05,4.8522017e-05,0.00013748577,-0.00011177664,-6.7006273e-05,0.00022977234,-0.00020707506,-0.00094615011,0.00026734101,-0.00019110411,2.0682164e-05,0.00015842503,7.4499853e-06,-3.6500563e-06,-7.2753778e-06,-0.00013306456,-0.00028948723,0.00012845017,-1.7923403e-06,0.00017058756,0.00013800165,-0.00010742772,7.4267873e-05,0.00011632053,-6.9265919e-05,-3.186383e-05,0.00010011322,1.2027396e-05,0.00012986454,-3.5139409e-05,-1.4312062e-05,0.00018801836,0.0010015825,-0.00023515952,0.00015417367,-4.0655411e-05,-0.00016689177,-7.8568785e-06,7.822137e-06,5.5891286e-05,4.242572e-05,0.00035257131,-0.00014070672,2.9188789e-06,-0.00020011822,-0.00013157597,0.00014246579,-5.8711651e-05,-0.00017825858,7.4413752e-05,2.5437884e-05,-2.5328907e-05,9.4462234e-06,-0.00021027823,2.4239503e-05,1.3715096e-05,-0.00013961958,3.6015843e-05,0.00023805016,-4.9539985e-05,7.8571039e-05,1.7113596e-05,-2.3654825e-05,9.5957905e-06,2.2886997e-06,-3.1264072e-05,3.4002053e-06,4.3134526e-05,-2.8046524e-05,-1.7260526e-05,-4.1478509e-05,-6.8717023e-05,3.618453e-06,2.4023817e-05,-4.8922791e-05,3.9766476e-05,-3.2558612e-05,2.5981062e-05,6.3638727e-05,-2.3269184e-05,1.1987115e-05,5.6284019e-06,-0.00049552431,0.00012264415,-9.378688e-05,-5.742781e-05,-0.00027979605,6.5883775e-05,-7.1445499e-05,3.3087971e-05,-1.1551468e-05,-2.0516504e-05,-3.121772e-06,6.130597e-05,3.7678081e-05,-0.00010353784,-3.0725391e-05,3.7709648e-05,2.9440732e-05,0.00011314103,2.3457358e-05,-9.5629677e-05,-1.6431048e-05,-0.00010663506,9.4413944e-05,-6.5859934e-05,-0.00015421536,0.0001385971,-4.2548606e-05,-7.1661909e-06,-0.00013605184,-1.6735756e-05,-0.00015681834,0.00013142149,-0.00012919997,4.7036686e-05,-6.1085863e-06,2.2137106e-05,0.00015166807,-3.3758433e-05,5.147723e-06
0.00054002392,0.0012517609,-0.0012626992,1.7957159e-07,-2.2837492e-05,0.00048225311,0.00010555484,4.554225e-05,-3.9433653e-05,-7.5491378e-06,-2.7201871e-05,-8.3514992e-05,6.263272e-05,-1.1949318e-05,-1.8513814e-06,0.00085370444,-0.00076106495,-9.6405298e-05,-3.7487182e-05,-0.00029072411,0.00024890494,-0.0022424445,0.00021299295,0.00015935522,-0.00028156287,-0.00014177026,1.6499792e-05,-0.00019744479,0.0003439239,-0.0016721962,-0.00011210384,5.7383931e-06,6.8351019e-05,-0.00029601058,-0.00022511932,-7.6328944e-05,0.00013448321,7.3905591e-05,0.00028702354,-9.4691972e-05,-0.00035570546,3.1816364e-05,7.1252988e-05,-2.9908831e-05,0.00021967102,-0.00023515952,0.0023850849,-0.00016283041,-0.00016391271,0.00016787416,9.6483842e-05,-1.1082054e-05,7.7681411e-05,-0.00013399823,0.0010719081,0.0001004673,9.4486744e-06,-0.00011155686,0.0002080602,8.9675477e-05,-8.3560237e-06,-8.9617061e-05,-6.8582803e-05,-0.00015276147,0.00023901391,0.00020705676,8.2400687e-05,-6.2276568e-07,9.4665075e-06,0.00060396958,0.00016919418,2.9756372e-05,0.00048138952,5.2952104e-07,-2.3242375e-05,0.00012524862,3.4834064e-05,-3.0887471e-06,0.00012785711,-8.7129807e-05,0.00026426591,3.4332726e-05,-7.1056752e-06,-2.7574313e-05,4.3546478e-05,2.4916472e-05,-0.00015523108,-0.0001175626,-0.00018373723,-7.4377939e-05,-0.00011568757,-1.0902195e-05,2.5324753e-05,-2.7392645e-05,5.1284608e-06,0.0015233542,-0.00072425273,-0.00014044456,-0.00013797378,-0.00012255809,-0.00051004908,-0.0001213208,-0.00019970674,-0.00014944221,-4.1707871e-05,1.933967e-05,-0.00027951854,4.3361283e-05,0.00010835996,-0.00016491958,-6.7069486e-07,3.6005404e-05,5.5879357e-05,-7.9020792e-05,0.00024375545,0.00011966329,0.00037141,6.2913038e-05,0.00037073336,-1.5371484e-05,-0.00031959677,0.00011584441,-2.8968813e-05,-0.00030003599,-1.794602e-05,7.6387691e-05,-0.00027447192,0.00026445059,-0.00013301882,7.1316839e-05,-3.6367369e-06,-0.00023870929,-4.0830666e-05,1.232361e-05
-0.0014851865,0.00034350618,0.0011678663,0.00011975961,1.6219711e-05,-0.0004623147,-0.00015548702,-6.5006855e-05,-3.8512844e-05,-1.5659192e-05,-1.2543145e-05,6.2324264e-05,-2.4079945e-05,0.00012168337,-7.6121497e-06,0.0020294448,-0.0021329027,-0.00041485558,-0.0007045724,0.0014043868,-0.00015386646,0.00015763975,-0.0022641599,-0.00020311574,0.00016363154,-4.8794271e-06,4.7706761e-07,-0.0005506996,0.00031218903,-0.0010122619,0.00012087335,-0.00022429882,0.00010790656,0.00022564839,0.00010418614,-0.00013634904,0.00022483686,-0.00043122148,-0.00013914706,0.00049595204,0.00014217981,-0.0011172585,-9.1917397e-05,1.2624292e-06,-0.0011083604,0.00015417367,-0.00016283041,0.0023096044,0.00026927722,-3.4995685e-06,2.4994926e-05,2.0479589e-06,0.00044343653,-0.00019730594,0.00017160966,-0.0001742798,0.00017442734,-0.00011225273,-0.00011692383,6.8222613e-06,0.00014558938,-5.5792087e-05,0.00019931306,0.00013715773,-0.00044947179,-6.4305369e-05,0.0010208298,4.1500874e-05,-5.3673767e-06,0.0011133182,-0.00023762799,0.00021426812,-0.00014678059,0.00066872525,1.7099263e-05,-1.9251001e-05,4.4838992e-08,2.2520958e-06,0.0004818927,-0.00021124051,-0.00022155621,2.9875574e-05,2.915585e-05,-5.4794556e-05,-0.00010976425,8.3360757e-05,-0.00013915457,-0.00015863375,-0.00019198468,9.373129e-05,-0.00047303963,-0.00019216982,0.00050545649,-2.5910063e-05,-7.1503527e-07,0.0038327611,-0.0012149653,0.00032913705,0.00042274604,-0.0002237758,0.00026763827,-0.00079382448,-0.00048156029,-0.00013460589,0.0001456071,1.629106e-06,-0.00085030116,0.00034184779,0.0014007181,-9.8443406e-05,-7.5346325e-05,0.00014093297,0.00012194593,-0.00030901805,0.0005057995,0.00024780482,0.00064647926,-0.00010489841,0.0010402131,0.00047080107,-0.0010572868,0.00021587638,-1.6633912e-05,0.001194129,-0.00015278266,0.0012723678,-0.00092003326,0.00068126142,-0.00031548009,6.1611598e-05,-4.9224772e-05,-0.00099283499,-1.4011572e-05,-2.22975e-06
-0.0015274438,-0.0010470589,5.1524273e-05,6.7781528e-05,5.3862932e-05,-0.00027786955,-0.00029141268,-3.3712001e-05,2.7504295e-05,-9.5412812e-06,4.1388911e-05,8.5480861e-05,-1.4573888e-05,8.8407933e-05,5.0101699e-05,0.00073884778,-0.00061140208,-1.5595381e-07,-0.0003144939,0.00053611558,5.6907171e-05,0.00019451446,-0.00020442728,-0.001863945,-0.00063606601,6.5675234e-05,-2.0013272e-06,0.00021449082,-0.00024935473,0.00084869744,-6.8577675e-05,3.4060827e-05,-8.6583203e-05,0.00023916904,6.3666565e-05,-0.00014667376,1.2139902e-05,-0.00015230451,-0.00017912994,-0.00026240064,6.7869653e-05,-0.00014582744,-0.00015241598,1.5429483e-05,-0.00048853006,-4.0655411e-05,-0.00016391271,0.00026927722,0.0020803425,0.000882942,-7.8526601e-05,-3.327603e-06,-0.00011687515,0.00029989438,-0.00072326551,0.00014553307,-1.0562482e-05,3.27047e-05,-0.00025591894,4.4901583e-05,5.5602698e-05,-6.1941332e-05,-6.974121e-05,5.4937722e-05,0.00013923349,-1.832539e-05,0.00019686589,3.9656476e-05,2.5426096e-07,0.00025060301,-0.00020399573,3.549379e-05,-8.6269989e-05,2.3353045e-06,0.00058818313,0.00023116445,-2.5092687e-05,-9.6767412e-06,-7.5311872e-05,4.8733996e-05,-0.0002708404,0.00017538077,-6.989367e-06,1.5931815e-05,-8.830969e-05,4.0027252e-05,1.9029952e-06,-6.8993867e-05,1.5588786e-05,5.616588e-05,-2.963746e-05,-8.3994655e-05,8.8767172e-05,4.9714109e-05,-7.3307952e-06,0.00014404327,0.00011626358,0.00057052455,0.00030527669,0.00020361909,3.80147e-05,7.603294e-05,-0.00065390677,-0.00039242817,8.4495379e-05,6.445977e-06,0.00026578845,-3.0156636e-05,0.00032424416,-0.00010907486,5.7389775e-05,-4.3070477e-05,8.0798979e-05,-0.00030742609,-2.1180552e-05,0.00026421991,-9.5558229e-05,-0.00016361715,-0.00015526595,4.6816951e-05,-0.00018279365,-0.00014591721,1.6854369e-05,0.00052257981,-1.8950247e-06,0.00065914592,-0.0002667121,0.00018062778,-0.00010180291,-3.5191791e-05,-0.0002597367,-0.00015513288,5.4429397e-05,5.8723499e-05
0.0019459093,-0.00096022577,-0.0040006057,-0.00035696649,3.0131217e-05,0.0012253728,0.00019561934,0.00010866493,-5.7500556e-07,2.5180924e-05,-1.6582367e-05,-0.00022786976,0.00013229796,-0.0001399897,0.00017626667,0.00057142958,-0.00023287903,-0.00015055644,0.001238204,-0.0032855923,9.2694334e-05,-0.0002362052,0.00016028461,-0.00063136769,-0.0031350172,-6.5753952e-06,-1.5432596e-05,9.2540455e-05,-0.000224656,0.0006203656,0.00022180515,0.00029014773,-0.00014953437,0.00024582778,-0.0004963021,-0.00050948332,-0.00036800766,6.2241103e-06,0.00054628907,5.8727866e-05,-7.3308469e-05,0.00061510071,0.00011119025,1.5123071e-05,0.0025828275,-0.00016689177,0.00016787416,-3.4995685e-06,0.000882942,0.0031581592,-3.9430561e-05,2.8136815e-06,-0.00013483066,0.00018476284,-0.0012387484,-1.4694514e-05,-0.00016403526,7.1910837e-05,-0.00047435964,0.00029257522,0.00035261164,5.7952005e-05,2.6060886e-05,-0.0003808804,-6.3900622e-05,-4.2991575e-05,-0.00046280284,-6.4099102e-05,-2.569477e-06,-0.00086148123,0.00043222962,-0.00012988488,0.00015938418,-7.1001822e-05,0.00022802764,0.00076910508,-3.4652739e-05,4.3032314e-06,-0.00032018527,0.00020653713,-0.00051629126,-3.0650323e-05,-1.6682396e-05,5.0624865e-05,-0.00012391917,9.1626565e-05,0.00030218023,6.7730885e-05,0.00035449977,-0.00019025209,0.00025923194,0.00020133127,-0.00032459943,1.1174749e-05,-7.4540526e-06,-0.0035073064,0.0001504712,-0.0010764681,-0.00041166704,-5.7856998e-05,-0.00036106542,-0.00016150065,5.6012609e-05,-0.00089143564,5.3301266e-06,-1.5105948e-05,0.00055959073,1.4094154e-05,-0.0002221348,1.1161198e-06,-3.5383292e-05,-0.00011267881,0.00032404662,0.00041973889,-0.00064797976,-1.155682e-05,-0.00076857332,0.00034321439,-0.00056627906,-0.00041592751,0.00069063119,-7.0366087e-06,1.7079178e-05,-0.0026626884,0.00040920738,-0.0023806864,0.0017681563,-0.0013511994,0.00034803878,5.3280182e-05,0.00017218816,0.0012613248,-0.00025656763,-2.8639464e-05
-8.8743147e-06,-3.3986076e-05,-0.00078852838,1.9975479e-06,-5.8065308e-07,0.00016942892,-4.2754914e-05,-2.5504938e-06,2.3455321e-06,-9.5012987e-07,-9.6135277e-06,-3.2369223e-05,1.0095291e-05,-1.5464044e-05,3.0231142e-05,0.0012733443,-0.0014043985,-0.00039767664,0.00050304466,-0.0004022738,-7.1886711e-06,-0.00013982819,3.595685e-06,9.3530543e-05,3.7322027e-06,-0.00050983938,7.179212e-05,-0.0002412751,-0.00016992133,-0.00019433923,0.00016648054,1.3192319e-05,-3.5605755e-05,-0.00010109256,-6.363747e-05,-4.4409705e-05,-9.5806306e-05,5.1705251e-05,0.00011931812,-0.00011245471,-8.4001867e-05,0.00016042451,1.9303302e-05,-2.1725423e-06,0.00030771503,-7.8568785e-06,9.6483842e-05,2.4994926e-05,-7.8526601e-05,-3.9430561e-05,0.00055269371,-8.3742635e-05,0.00025217137,0.00020757053,9.0485803e-05,-0.00013041649,-4.569947e-07,4.7706257e-05,0.00011392449,4.9821558e-05,1.9253195e-05,0.00010992242,-3.2307326e-05,-8.6259025e-05,0.00011071604,3.4842692e-05,-3.4053696e-05,8.8426998e-07,-1.4375247e-06,-0.00013380198,8.0102499e-05,-3.4583696e-05,6.2270723e-05,-7.403945e-07,-2.299365e-05,-4.172975e-05,0.00014527151,-2.0476593e-05,1.612381e-05,0.00010609226,-2.4316023e-05,-8.6296429e-05,1.0752449e-05,1.3368731e-05,2.9322206e-05,2.51563e-05,1.4899168e-05,3.6001692e-05,-1.1487818e-05,-6.7151588e-05,7.7238632e-05,5.4542255e-05,-7.1437145e-06,-2.8474094e-07,3.017412e-07,-0.00042079563,0.00018995724,-2.8266432e-05,-8.0818933e-05,3.2298725e-05,-0.00012190165,5.9425285e-05,0.00013381351,8.935245e-05,-0.00017668994,1.5314521e-05,7.7820172e-06,-0.00014251981,-7.8368259e-05,0.00019320374,-5.4261518e-06,-2.1013161e-05,-7.821108e-05,9.1108167e-05,1.2147325e-05,-4.6610731e-05,-2.6318808e-06,6.8620369e-05,-0.00018133256,-0.00014520803,0.0001006493,-1.4732694e-05,5.3639853e-06,-0.00029506663,2.8406387e-05,-9.6254669e-05,8.0430507e-05,-3.999762e-05,2.8539125e-05,-8.8152362e-06,-1.2495551e-05,0.00010870958,-1.3400781e-07,-1.0266151e-05
7.4912931e-05,-2.9808396e-05,-6.0839855e-05,-1.3990582e-05,3.3272472e-06,2.4951652e-05,1.7503244e-05,2.0300691e-06,1.7481291e-06,1.3217453e-06,1.2288166e-06,-6.1332474e-06,6.7553243e-06,-1.0242964e-06,5.5040014e-06,-9.1138542e-05,9.3965498e-05,2.3071873e-05,1.5684602e-05,-7.0887218e-05,-6.8384176e-06,9.7770778e-06,1.331499e-06,4.9484482e-06,-1.8629544e-05,7.1947909e-05,-2.627172e-05,1.6875605e-05,-4.7676104e-07,-6.7076492e-05,3.9944504e-05,1.1128219e-05,2.7661343e-06,1.0189891e-05,-5.4492256e-06,5.150076e-06,-4.4749641e-06,5.0528939e-06,1.7460197e-05,9.5414566e-06,2.7880584e-06,1.5102675e-05,5.0095748e-06,1.639066e-07,5.2884329e-05,7.822137e-06,-1.1082054e-05,2.0479589e-06,-3.327603e-06,2.8136815e-06,-8.3742635e-05,3.103826e-05,-4.3695691e-06,1.1252156e-05,-5.473637e-06,-5.8302413e-05,-7.7576476e-06,-2.5421671e-06,-2.3749736e-05,-1.9106144e-06,-8.0333017e-07,-3.9664413e-06,-7.0296573e-06,-1.4812893e-05,9.9404267e-06,2.9364538e-06,-1.8082868e-05,-6.4052652e-06,8.617178e-07,-6.1494765e-05,5.4572743e-06,-5.5704515e-07,2.3578882e-06,2.8212729e-06,-1.2521868e-05,-1.0474638e-06,-2.084304e-05,8.1434443e-06,-1.9481927e-05,4.7188501e-06,-2.4074809e-05,-2.1540745e-05,-4.0603561e-06,-6.1803255e-07,-5.8054817e-06,-5.2981522e-06,1.3911272e-05,7.1280621e-06,1.6585163e-05,-5.1390643e-06,1.6638064e-05,1.1875278e-05,-2.042637e-05,-4.9750548e-08,3.478078e-07,-0.00024455599,5.9219487e-05,3.711414e-06,-1.2196362e-05,8.0116738e-06,6.4267699e-06,2.8810113e-06,4.3055532e-05,-1.450653e-05,1.0666172e-05,-7.1979379e-06,4.534016e-05,-3.0237596e-06,-3.9017288e-05,7.9929789e-07,1.0933805e-05,-3.5026527e-06,1.1542838e-05,1.0072644e-05,-2.7692969e-05,-9.8547174e-07,-4.5866631e-05,1.362791e-05,-4.0946597e-05,-2.2588439e-05,6.196251e-05,-1.2443969e-05,5.2865005e-07,-6.179293e-05,1.3221857e-05,-9.3057831e-05,7.1331501e-05,-6.0039147e-05,2.134525e-05,-5.3426906e-06,-9.3699763e-06,5.4531617e-05,-5.2218908e-06,3.9163664e-06
-0.00068091546,0.0010357919,0.00099535468,0.00016018718,-0.00010246486,-0.00024040665,-2.5272057e-05,-0.00010680258,-1.5793227e-05,3.346676e-05,-6.9720905e-05,5.5830357e-05,-3.981452e-05,3.4333891e-05,-0.00014396256,0.0014610609,-0.0016855768,-0.00032027669,-0.00042418586,0.0014267483,3.8004034e-06,-0.00019233461,-0.00062134306,8.9820475e-05,0.00018224113,-0.00023927754,2.2607283e-05,-0.0028432356,-0.00027214821,-0.001013921,0.0001104099,-0.00013381604,0.00010625723,0.00017783829,5.877355e-05,-7.8552484e-05,0.00026940563,-0.00037288438,-7.1693166e-05,0.00022397011,6.9110499e-05,-0.00032162443,3.4650811e-05,-1.3056842e-05,-0.0011034771,5.5891286e-05,7.7681411e-05,0.00044343653,-0.00011687515,-0.00013483066,0.00025217137,-4.3695691e-06,0.003043329,0.00049494043,0.00066758368,-0.00029377976,0.00012519863,-6.6970739e-05,-0.00015956719,-2.9528306e-05,0.00012098788,-0.00018419233,0.00020511574,2.6148637e-05,-5.6694268e-05,-3.2575844e-05,0.00022649626,-2.3554681e-05,3.1777756e-06,0.00083469227,-0.00012339334,0.00013630414,-0.00010386383,0.00018987792,-0.00011458274,-1.3364649e-05,5.0574872e-05,-3.8881301e-06,0.00099487293,1.5333734e-05,5.6696486e-05,-4.4931192e-05,2.1645367e-05,-6.4846854e-05,-3.9427269e-06,-2.2555728e-05,-8.2715023e-05,-2.9439731e-05,-5.2945448e-05,8.5281015e-05,-0.00028191826,-9.4243847e-05,0.00010858046,-1.50768e-05,-2.9954578e-06,0.0024134905,-0.00077463042,0.00012257346,0.00011369726,-0.00014190772,0.00015101783,-0.00029459839,-3.3937425e-05,8.95112e-05,-2.3988269e-05,1.9147373e-05,-0.001213941,1.763434e-05,0.00057512838,0.00015938291,-2.2923628e-05,0.00014870791,9.503127e-06,-8.0499933e-05,0.00020620081,-3.4938785e-05,0.00027702947,-0.00017319224,0.00069546405,0.0002580939,-0.00031015171,0.0001005525,-3.6233143e-06,0.0011010749,-0.00017675297,0.00084554024,-0.00068022392,0.00050966029,-0.00022790106,5.3300591e-05,4.5630171e-05,-0.00080114424,-1.593636e-05,3.1333915e-05
0.0012205474,-0.0022743789,-0.0018370223,-0.00030064643,0.00015354512,0.00044389854,9.6912355e-05,3.1336843e-05,3.3700605e-05,-3.1406801e-05,-2.8834151e-05,-7.0705754e-05,2.8226547e-05,-0.00010399246,0.0001383687,0.00082711065,-0.0012001336,-0.00050945967,0.0018066213,-0.0021399202,-0.00015978534,0.00039590299,0.00041489309,-0.00015304948,-0.00034758424,-0.00019616872,-3.8799999e-06,-0.00022121538,-0.0044460741,0.0011000764,-0.00018324755,0.00019088556,7.7773554e-05,-0.00018318441,-0.00024637456,-0.0001189533,-0.00055231618,0.0002819004,5.6418657e-05,-4.5287296e-05,0.00042925343,0.00020721633,1.95299e-05,5.6953299e-05,0.0015689356,4.242572e-05,-0.00013399823,-0.00019730594,0.00029989438,0.00018476284,0.00020757053,1.1252156e-05,0.00049494043,0.0050340595,-0.00049625214,8.4230584e-05,-7.6162948e-05,-0.00012512797,0.00015761424,0.00014479863,1.6306461e-05,0.00024601917,-8.0568891e-05,-2.2386113e-05,6.2336749e-05,-0.00035521521,9.3631143e-06,3.6484632e-05,-2.9746608e-05,-0.0017628066,0.0002372989,-0.00026415698,0.00015303525,-9.1211925e-05,2.866479e-05,-1.4486163e-05,0.00010334974,1.7366605e-06,-0.00035466569,0.0016057068,-0.0002672885,-0.00012518717,-4.475821e-05,8.1393977e-06,5.3829988e-05,-0.00020308095,0.00020993678,0.0003361762,0.00032641308,-8.7388864e-05,0.00044571722,0.00015929437,-0.00010989078,-1.0975389e-05,-1.267859e-05,-0.0056544354,0.0019642283,-2.686282e-06,-0.00031889053,0.00040440296,-0.00025669063,0.00041696866,0.00072730815,2.0488419e-05,-0.00027317334,-2.1695907e-05,0.00086920967,-0.0022123669,-0.0011632,0.00028484491,0.00012599317,-0.00018467635,-0.00034215124,0.00068687376,-0.00029648233,-0.00031478526,-0.00098943358,6.0751068e-05,-0.0013337308,-0.000494532,0.00089970452,-0.00026788633,6.3978641e-05,-0.0016759919,0.00030496068,-0.0018573446,0.0016340278,-0.0013212172,0.00047720408,-0.00011709538,-0.00021936866,0.0014686438,-0.00013044302,-1.5031329e-05
-0.00050556696,0.0066493598,0.0023689537,0.00054003649,-0.0002417553,-5.5398823e-06,0.00029632841,-0.00013073636,1.0965463e-06,4.5996109e-05,1.7533213e-05,-1.2424087e-07,2.6130525e-05,0.00012304964,-0.00018137833,0.0016698686,-0.00091406939,0.00087882465,-0.0042674864,0.0033858471,-0.00019943451,-0.0016170664,-0.00070578291,0.00068851468,0.0009816624,-0.00012887677,-2.2580164e-06,-0.00099470874,0.001166048,-0.029906673,-0.00082290667,-0.0006477451,0.00028374894,-0.00064451371,-0.00039174038,0.0001760043,0.0013565576,-0.0013903165,-0.000163914,0.00065375715,-0.00046831168,0.00052353411,0.00032004526,-0.00010843552,-0.0025597792,0.00035257131,0.0010719081,0.00017160966,-0.00072326551,-0.0012387484,9.0485803e-05,-5.473637e-06,0.00066758368,-0.00049625214,0.041526174,0.00022424866,0.00031602124,-0.00024834313,0.00055822299,0.00031466807,2.2744272e-05,-0.00087971182,0.0010937905,0.00032021953,-0.00015961056,0.00034652993,-0.00086270369,-0.00019620278,2.7863205e-05,0.0035695693,-0.00022565431,0.00046899167,-9.2667633e-05,-0.00019929255,-0.00030679413,-0.00041279636,-5.7464129e-05,-2.742641e-05,0.0010225205,-0.00071896937,0.031759397,0.00023882575,0.00010900633,-0.00020467946,0.00026318318,0.00032275337,-0.00050552285,-0.00061888655,-0.00072325615,0.00010035928,-0.0011918759,-0.00043162131,0.00010263799,-0.00022845532,1.0208605e-05,0.014022408,-0.0050347852,2.7125589e-06,0.00061337078,-0.00083253068,0.00041648996,-0.00032232788,-0.0011864257,0.0008529302,0.00043926026,7.2382248e-05,-0.0024444447,0.00098918501,-0.032365964,-0.00094095867,-0.00039475108,0.00065608969,-0.00017768567,-0.0013144955,0.0014458618,0.00036074272,0.0027904382,-3.3050471e-06,0.0037312096,0.0015712639,-0.0022252872,0.0011936347,-0.00010795329,0.0025555965,-0.00047315905,0.0030533229,-0.0030407881,0.0024188164,-0.00097339871,0.000290851,0.00033285512,-0.0023799938,-4.3113199e-05,1.1281006e-05
-0.00060705764,0.00084810129,0.0032866294,0.00012383282,3.1000104e-06,-0.00082125571,-1.0290521e-05,-1.1095064e-05,-3.0934222e-05,-2.2979064e-05,-4.2852847e-05,0.00017093101,-5.7085288e-05,6.0908736e-05,-6.1245706e-05,-5.04265e-05,-4.2100659e-05,2.5771499e-05,-0.00075329802,0.0020507238,0.00011994517,-8.4570056e-05,7.9529969e-05,-0.0002206383,0.00032334952,0.00019323175,5.1195686e-05,0.00011965593,-0.00011611582,-0.0013033808,-0.0034923426,-0.00010296651,0.00015385056,3.4346175e-05,0.00021473023,0.00022705244,-0.00051652838,-0.00016882739,-0.00039003156,9.9257975e-05,0.00018821305,-0.00055489654,0.00019901932,-1.9648326e-05,-0.0015492141,-0.00014070672,0.0001004673,-0.0001742798,0.00014553307,-1.4694514e-05,-0.00013041649,-5.8302413e-05,-0.00029377976,8.4230584e-05,0.00022424866,0.0038779117,3.0290325e-05,-0.00011925718,5.0023086e-06,-0.00010655394,-0.00014434698,0.00058657388,0.00014972686,0.00022056078,-0.00011511332,-8.0907016e-05,0.00026599284,-0.00013658048,1.5881879e-05,0.0011665224,-0.00028893367,0.00016776035,-0.00016474363,-2.5381463e-05,0.0001869728,0.00011105054,-4.8864252e-05,-2.6929163e-05,0.00023977217,-9.4102808e-05,-0.00028336644,0.00090245428,3.0974567e-05,-5.5492539e-05,2.5940223e-05,6.8164635e-05,-0.00019741444,-2.0845467e-06,-0.00020920958,0.00020408279,-0.00036145118,-0.00029057942,0.00023057021,-7.8698878e-05,7.1392211e-06,0.0031363207,-0.00083278213,0.00033919349,0.00031282234,-0.00017427853,0.00021929442,-0.00010497524,-0.00055765774,7.8228148e-06,0.00021242475,1.4809568e-05,-0.00038643442,0.0001533877,0.0013388026,-0.00092110012,-8.8062064e-05,0.00013184055,4.0491887e-05,-0.00044916754,0.00031289655,-0.00011445285,0.00046935336,-0.00026182262,0.00076213651,0.00036882601,-0.00068474717,0.00016145825,-1.4440334e-05,0.0016329424,-0.00028443852,0.0014363955,-0.0010820757,0.00075081817,-0.00031779954,3.1593038e-05,-6.4828801e-05,-0.00062122886,6.8824602e-05,6.257021e-06
-0.00060112497,0.00052895715,0.001127203,0.00010381361,-4.9543593e-05,-0.00029146852,-7.5975392e-05,-2.8950998e-05,-1.7264666e-05,1.3851167e-05,-1.2316473e-05,4.2131073e-05,-3.343846e-05,4.2862621e-05,-5.5916901e-05,0.00055011414,-0.00068733128,-4.3161001e-05,-0.00059913578,0.00093744915,2.7054973e-05,-3.7531567e-06,-0.00023093401,-8.6941901e-06,0.00027832001,1.1226088e-05,1.2904693e-05,-0.00011018795,0.00012885639,-0.00051928485,-6.3611563e-05,-0.00034925673,6.2771723e-05,2.0714166e-05,8.6793335e-05,3.9932971e-05,0.00023462675,-0.00017410659,-0.00013202032,0.00011811254,1.7655083e-05,-0.0002126346,-1.1256178e-05,-7.6748672e-06,-0.00072492768,2.9188789e-06,9.4486744e-06,0.00017442734,-1.0562482e-05,-0.00016403526,-4.569947e-07,-7.7576476e-06,0.00012519863,-7.6162948e-05,0.00031602124,3.0290325e-05,0.00034328284,-6.6265829e-05,-1.328625e-05,-7.8342586e-06,-4.7728805e-06,-0.00014624209,0.00011129945,9.347517e-05,-9.066279e-05,7.6334292e-06,0.00011747958,8.8405985e-06,3.1536007e-06,0.00068045558,-0.00014999742,7.4370665e-05,-7.3783487e-05,6.230033e-05,9.2975566e-06,-8.0348189e-06,5.9477657e-06,-5.3181436e-06,0.00021281726,-0.00013712156,7.4205129e-05,9.5569762e-05,7.6057218e-05,-4.1574317e-05,-5.687589e-06,-1.0075753e-05,-0.00013060498,-0.00010923183,-0.00011318283,5.8697639e-05,-0.00026147293,-0.00012452581,0.00011112865,-2.1804822e-05,1.9666078e-07,0.0026564239,-0.00085707835,-1.6546326e-05,0.00024847117,-0.00011262934,0.00013640155,-0.00017428839,-0.00031867955,6.4881599e-05,5.5940267e-05,1.6809674e-05,-0.00043776711,0.00017327003,0.00067291126,-0.00017855225,-0.00013791464,0.00011907772,5.5868291e-05,-0.00011400148,0.00031647282,5.3351387e-05,0.00047214775,-5.5871578e-05,0.00066773744,0.0003686141,-0.00049131806,0.00017913259,-1.5411835e-05,0.00075595211,-8.2546788e-05,0.00076437605,-0.0005913383,0.00046613586,-0.00020287133,5.3981412e-05,9.2967155e-05,-0.00057169879,1.183795e-05,6.8871124e-06
-0.00020251714,0.0001072324,-0.00030541104,4.6656632e-05,-1.2428923e-05,3.2734613e-05,-3.7845627e-05,-8.5077811e-06,1.9881376e-07,-1.339279e-06,-1.7872231e-06,-2.3201762e-06,1.3880382e-05,1.7074699e-05,1.9265207e-05,0.00031823801,-0.00050747346,1.528064e-05,-0.00023623966,1.7197071e-05,0.00017342912,2.5666487e-05,9.3878311e-05,-5.0432364e-05,-0.00014769081,-3.3331225e-05,1.3934783e-06,9.0932699e-05,0.00011195191,0.00020934403,0.0001360527,5.3336894e-05,-0.00034645022,-0.00013914386,1.4691944e-05,3.6260405e-05,7.64268e-05,-5.2589894e-05,-5.3182883e-05,-9.3150577e-05,-5.8238382e-05,-0.00029110605,-2.7054173e-06,1.4230254e-05,-4.1817164e-05,-0.00020011822,-0.00011155686,-0.00011225273,3.27047e-05,7.1910837e-05,4.7706257e-05,-2.5421671e-06,-6.6970739e-05,-0.00012512797,-0.00024834313,-0.00011925718,-6.6265829e-05,0.00046422885,0.00013738259,-1.8601592e-06,-1.7193205e-05,-4.1129553e-05,7.6447563e-05,6.4693853e-05,3.870867e-05,6.8270155e-05,0.00050047358,1.3123535e-05,-1.7665567e-05,0.00011311425,2.8028825e-05,-1.522702e-05,-1.0997245e-05,-1.7803801e-05,3.287659e-05,3.7082717e-05,3.6866443e-06,-1.3935774e-06,-7.8422132e-06,-8.0464086e-05,-3.4074375e-05,-2.4336707e-05,-1.7757876e-05,6.429453e-05,3.5315289e-05,-1.3225414e-07,-2.9618991e-05,-4.6437546e-05,-3.1063326e-05,7.8908353e-07,-2.6981757e-05,-9.2610582e-07,6.6186345e-05,1.6491649e-06,-6.5250251e-06,0.00026490371,-4.8311058e-05,8.3139806e-05,-2.7377377e-05,6.4583503e-06,-2.8196135e-05,2.2872529e-05,-4.7235785e-05,-2.5189921e-05,7.4956433e-06,3.6545705e-06,3.9553596e-05,4.9772808e-05,-4.819763e-06,0.00012238911,2.7384528e-05,-2.4009575e-05,-3.9754365e-05,3.3203777e-06,0.00011422533,6.7085594e-05,6.6245258e-05,-3.5341186e-05,3.2754413e-05,1.9168193e-05,-7.7724061e-05,9.4377442e-06,7.8623638e-06,3.6268454e-05,-1.6857411e-05,0.00017462837,-0.00014892798,0.00014259028,-3.5096617e-05,3.4893764e-06,-4.0720501e-05,-0.00011201173,2.4057275e-05,1.2107032e-06
-9.9158724e-05,0.00083541974,-0.0007379549,7.8486255e-05,-2.5746021e-05,0.00020555693,7.7075615e-05,-1.5465835e-05,-1.190969e-05,-5.0386e-06,1.7016492e-05,-3.7751245e-05,2.6187657e-05,4.1631946e-05,-3.186889e-05,0.00069390814,-0.00088229435,-0.00012536736,-0.00025030484,0.00017763983,0.00012457799,-0.00032072515,0.00019165698,0.00024109846,0.00028985846,-0.00010616434,1.2876509e-05,0.00014220137,-0.00010264412,-0.00084847828,4.9384714e-05,-1.087514e-06,-0.00014613587,-0.0018579633,-3.3067722e-05,0.00011463989,-0.00014448929,-3.6775691e-05,8.3522539e-05,3.8139444e-05,5.6953525e-05,0.00053457027,1.8708203e-05,4.7067356e-05,-0.00014381205,-0.00013157597,0.0002080602,-0.00011692383,-0.00025591894,-0.00047435964,0.00011392449,-2.3749736e-05,-0.00015956719,0.00015761424,0.00055822299,5.0023086e-06,-1.328625e-05,0.00013738259,0.0020653105,-3.2712075e-05,-9.8248151e-05,0.00030104366,0.00013151463,3.0468423e-05,-6.5808669e-05,-0.00016062642,-0.00040226569,3.4321043e-06,-6.6657737e-05,0.00021065154,1.7626275e-05,-5.209486e-05,5.3878456e-05,-0.00011605418,-9.1317651e-05,-8.8382354e-05,3.02601e-05,-6.8172301e-06,4.3321939e-05,2.5215421e-05,0.00023736904,3.3528566e-05,-5.655844e-06,2.1943166e-05,0.00050926958,5.8465814e-05,-5.8609218e-05,8.7446187e-05,-4.5137536e-05,1.3560014e-05,-2.4251696e-05,-5.2917135e-05,-0.00012755016,-3.3038075e-05,-1.837912e-05,0.00070253378,-3.0576384e-06,0.00088297131,1.8816918e-05,0.0001593785,3.6155375e-05,0.00020939312,0.00014302691,1.952084e-05,-7.0250724e-05,1.5869868e-05,-0.00011695728,-0.00025725073,-0.00030993076,0.00011302706,6.9200923e-05,1.7272415e-05,-0.00076042548,-0.000493609,0.00027704358,5.4497149e-05,0.00021731547,-5.1644604e-05,4.7336711e-05,0.00012805546,3.4367872e-05,-7.3274166e-05,3.7498383e-05,0.00013151686,-2.9602338e-05,0.00019324198,-0.00026843781,0.00026627775,-4.19539e-05,-4.5840031e-05,-0.00033954215,-0.0001326516,1.5118576e-05,0.00010803366
0.0012154963,-0.00052641166,-0.0021809882,-0.00012564703,3.5393403e-05,0.00066066539,0.00018206997,2.3827393e-05,2.4723931e-05,3.2956976e-05,7.3336741e-05,-0.00013250967,7.4259761e-05,-0.00011683838,0.00011484271,0.0012700688,-0.0014270984,-0.00040357175,0.00045531421,-0.001800096,-0.0001200425,-0.00016954661,6.8884681e-05,-1.0534675e-05,-0.00050176023,-5.5344854e-05,-6.3281392e-06,8.2286991e-05,-0.00014917033,-0.00037486838,0.0001329296,9.6058055e-05,3.5490424e-06,1.8208921e-05,-0.0021929771,-0.0012295316,-0.00019466519,5.2684716e-05,0.00032171932,-3.2386879e-05,1.8573572e-05,0.00036975011,0.00016150617,1.6430776e-06,0.0013798543,0.00014246579,8.9675477e-05,6.8222613e-06,4.4901583e-05,0.00029257522,4.9821558e-05,-1.9106144e-06,-2.9528306e-05,0.00014479863,0.00031466807,-0.00010655394,-7.8342586e-06,-1.8601592e-06,-3.2712075e-05,0.0023184095,0.0013149758,1.7541603e-05,1.4840567e-05,-0.00010928999,3.2907953e-05,-3.3810543e-05,-0.00029952128,-0.00010083756,5.5992278e-06,-0.0007464785,0.0003990205,-0.00010402372,6.4211451e-05,3.2127354e-05,1.4498546e-05,8.5725203e-05,1.9458088e-05,1.5488879e-06,-0.00028197322,-1.6022585e-05,0.00015454544,-9.1108221e-05,-2.9299154e-05,2.5093124e-05,3.7148797e-05,0.00049976774,0.00044492872,0.00016610353,0.00023250712,-3.8365587e-05,0.00026755533,0.00014070419,-0.0002806183,-2.4651992e-05,-2.4142512e-06,-0.0010556909,0.00035829167,-0.00020170184,-0.00041232323,1.7961329e-05,-5.7170729e-05,-4.0258458e-05,-2.1091314e-06,-0.00026423124,2.4551896e-05,-5.1493851e-06,0.00033968907,0.00021024473,-0.00044228383,9.2698232e-05,4.7048021e-05,4.8776361e-06,7.9172511e-06,-0.00051821537,-0.00060702848,-7.8540292e-05,-0.00031613987,0.00011767128,-0.00038915615,-0.0002576898,0.00057591428,-5.2960063e-05,4.0942936e-06,-0.001420906,0.00012833164,-0.0014803123,0.0010942513,-0.00081433445,0.00022112877,-1.8888615e-05,3.7456506e-05,0.00084752738,-0.00013070982,-6.964708e-06
0.00032843078,-0.00056079174,-0.0020466992,-6.7516053e-05,2.372157e-05,0.00050868094,-2.3858742e-06,-8.9425123e-06,-2.9876805e-05,2.0916148e-05,-6.9523595e-07,-8.3046721e-05,-1.0682189e-06,-4.347379e-05,5.0633059e-05,0.0011797312,-0.0012835647,-0.00032103078,3.5648605e-05,-0.0010953127,5.533271e-05,-0.00011002445,-8.1834656e-05,-2.709853e-05,-0.00052739235,-4.0830541e-05,3.5857486e-06,-8.533545e-05,1.7607508e-05,-0.00020632353,0.00016684626,4.8101543e-05,1.5502864e-05,8.2476084e-05,-0.0012281821,-0.0019383606,1.0630362e-05,-3.3496659e-05,0.00023518953,0.00010152298,-1.7851708e-05,0.00031899494,-3.1000633e-06,9.597991e-06,0.00080623679,-5.8711651e-05,-8.3560237e-06,0.00014558938,5.5602698e-05,0.00035261164,1.9253195e-05,-8.0333017e-07,0.00012098788,1.6306461e-05,2.2744272e-05,-0.00014434698,-4.7728805e-06,-1.7193205e-05,-9.8248151e-05,0.0013149758,0.0020587386,-8.7518925e-05,6.6031739e-05,-2.5772439e-05,-0.00011070912,1.1074674e-07,-0.0001657826,5.7290301e-06,1.1973948e-06,-0.00031341604,0.00023568816,-3.8693828e-05,-4.7215437e-06,3.6712882e-05,4.4889973e-05,0.00013684747,-1.3777992e-05,5.0806103e-06,-3.8729115e-05,-1.7171266e-07,0.00015018328,-7.8768018e-05,7.7118235e-06,-1.5979751e-05,-3.3315051e-05,0.00033892163,0.00061277693,4.8848555e-05,0.0001575648,-5.8872498e-05,7.2793208e-05,0.00010155018,-0.00019760501,-1.911648e-05,-4.6008761e-06,0.00035777494,-0.00023952253,-0.00020831768,-0.00022119139,-5.4267899e-05,4.1144113e-05,-9.1758288e-05,-0.00015956219,-0.00024728351,8.6595623e-05,-1.292608e-06,-8.9133319e-05,0.00031604702,-0.00030706482,0.00011860454,-3.2621767e-05,0.00010526623,9.7135539e-05,-0.00044544748,-0.00072070022,3.7810886e-05,-0.00010241365,0.00010411475,4.685658e-05,-8.9336848e-06,0.00030841174,6.9257908e-05,-2.6614048e-06,-0.00087450953,8.8830129e-05,-0.000797559,0.00062132727,-0.00043361025,8.8717395e-05,9.2105713e-06,0.00010414645,0.00025388366,-0.00010462562,-4.9756209e-06
0.0016831466,-0.0017944999,-0.0018124871,-0.00029148518,8.8809469e-05,0.0005244787,0.00018729495,0.00010202668,1.8728407e-05,-7.7868557e-06,3.1868014e-05,-9.2222976e-05,-3.1267489e-05,-0.00014072038,0.00016318427,0.0022529872,-0.0022935325,-0.00088232925,0.0021403622,-0.0021512779,0.00010996811,0.00014820753,0.00020383724,1.914389e-05,-0.00035155563,-9.913091e-05,-3.1359157e-06,0.00021369212,-0.00041431837,0.0011424516,-0.00071005311,0.00023191305,5.6362334e-05,-0.00021046453,-0.0001548117,2.2951796e-05,-0.0032744912,0.00038965793,0.00023766036,-0.00010210163,1.4867026e-05,0.00011228502,2.573212e-05,6.6517544e-05,0.0016705478,-0.00017825858,-8.9617061e-05,-5.5792087e-05,-6.1941332e-05,5.7952005e-05,0.00010992242,-3.9664413e-06,-0.00018419233,0.00024601917,-0.00087971182,0.00058657388,-0.00014624209,-4.1129553e-05,0.00030104366,1.7541603e-05,-8.7518925e-05,0.0030814179,-0.00021123488,-0.00018605937,-1.7723792e-05,2.4761658e-05,-1.02824e-05,-8.8818112e-06,-4.9335129e-05,-0.001632372,0.00035443082,-0.00027469167,0.0001266461,-7.1309518e-05,-9.8812862e-05,-8.6619693e-05,3.098577e-05,4.6452217e-06,-0.00036850461,0.00034519771,-0.00021114093,4.7732562e-07,-1.7309194e-05,3.1014227e-05,0.00011203051,-4.7699034e-06,0.0002906276,0.0010335056,0.00029634126,-6.240615e-05,0.00053005484,0.0002865785,-0.00027358297,3.4855106e-05,-1.5567657e-05,-0.0046344409,0.0015307326,-0.00025308836,-0.00050145453,0.00021952087,-0.000162792,0.00026615376,0.00072675565,0.00012655298,-0.00015639131,-1.7673175e-05,0.00070841916,-0.00042120462,-0.00087702144,-0.00010564289,4.8891324e-05,-0.0001475026,-0.00022640186,0.00040737775,-0.00052029153,-0.0010981432,-0.0008835867,8.7206039e-05,-0.0010545571,-0.00062827502,0.00092813771,-0.00028970747,4.7578247e-05,-0.0017263407,0.00018997514,-0.0020404491,0.0016283484,-0.0012806877,0.00045139079,-9.5594403e-05,-7.1192626e-05,0.0015392,-0.00014535636,-2.401628e-05
-0.0011888424,0.0017183484,0.002307863,0.00020948449,-0.00013652605,-0.00059279168,-0.00010110574,-0.00011403697,-5.850724e-05,2.4400044e-05,-8.485276e-05,8.6132511e-05,-4.6207588e-05,0.00015534262,-0.00012226498,0.00081932137,-0.00095290326,-8.8893807e-05,-0.0011671494,0.0020650671,-9.2905126e-05,4.6219979e-06,-0.00043176031,-6.7155711e-05,9.1448116e-05,8.1842609e-05,5.627274e-06,-0.00040669272,0.00032910931,-0.0020098209,-0.00014678576,-0.00019963487,-1.911736e-05,-2.3438738e-06,1.8620355e-06,4.9745167e-05,0.00045600448,-0.0022594463,-0.00085422869,0.00054159732,-4.0084717e-05,-0.00020379172,-1.1911055e-05,-2.6881262e-05,-0.0015957426,7.4413752e-05,-6.8582803e-05,0.00019931306,-6.974121e-05,2.6060886e-05,-3.2307326e-05,-7.0296573e-06,0.00020511574,-8.0568891e-05,0.0010937905,0.00014972686,0.00011129945,7.6447563e-05,0.00013151463,1.4840567e-05,6.6031739e-05,-0.00021123488,0.0022826064,0.00079692404,-0.00051671714,-1.2904218e-05,4.0913977e-05,3.0190158e-05,8.947037e-06,0.00152377,-0.00030569801,0.00025547497,-0.00018360308,0.00010617813,0.00010201398,0.00022092224,-4.1482852e-05,-1.9968454e-06,0.00055895913,-0.00026430208,6.6200314e-05,0.00017851911,3.2782936e-05,-6.697464e-05,-7.3854436e-07,0.00016404842,-0.00018165662,-0.00025221812,0.00028119451,0.00025155329,-0.00057651026,-0.0002283704,0.00017183396,-3.7075004e-05,5.0831082e-06,0.00476912,-0.0015413662,0.0002815847,0.00047212903,-0.00030730792,0.00027178849,-0.00029748405,-0.00063765756,-0.00029075725,0.00024620088,8.9923571e-06,-0.0010333963,0.0003196067,0.0012146863,-0.00033323651,-7.6521583e-05,0.00021941093,0.00019035977,-0.00060247743,0.00044434986,0.00015209245,0.00020209935,-0.00033385477,0.0012706472,0.00056064993,-0.00093395114,0.00024829865,-3.960751e-05,0.0017045704,-0.00020544189,0.0017905776,-0.0014776845,0.0011916186,-0.0004009061,0.00010031756,-1.9550636e-05,-0.0012693151,4.6895196e-05,1.0042302e-05
-0.0017107671,0.0005585142,0.0030528619,0.00020181489,-8.7116206e-05,-0.00098152019,-0.00027866239,-0.00011477947,7.080708e-06,1.2015214e-05,-6.383275e-05,0.00019913686,-3.3559928e-05,0.00018224184,-0.00022193464,0.00015271545,-0.00040820537,0.00014286933,-0.0012238333,0.0025437168,2.2010722e-05,0.00022483329,-0.00016853615,-0.00013401469,0.00060329831,0.00012953612,1.1103085e-05,1.6754789e-05,5.5969944e-05,-0.00019756316,-0.00022526428,-0.00013789072,-5.069684e-05,9.2137098e-05,0.0002928825,0.00019131426,0.00028237474,-0.00082400318,-0.0022246698,-0.00016145141,0.00013065268,-0.00035683231,-0.00014107423,-2.676029e-06,-0.0020199666,2.5437884e-05,-0.00015276147,0.00013715773,5.4937722e-05,-0.0003808804,-8.6259025e-05,-1.4812893e-05,2.6148637e-05,-2.2386113e-05,0.00032021953,0.00022056078,9.347517e-05,6.4693853e-05,3.0468423e-05,-0.00010928999,-2.5772439e-05,-0.00018605937,0.00079692404,0.0022811528,0.00012820643,-8.8148712e-05,0.00016374234,6.4186252e-05,-2.0746916e-06,0.0012230644,-0.0003488431,0.00017480014,-0.00021498352,4.8282378e-05,9.7558317e-05,-3.2325306e-05,-6.4097015e-05,-1.9186155e-06,0.0004160111,-0.00013893963,2.3515283e-05,0.00022181634,7.5545963e-06,-5.4265615e-05,-1.5787698e-05,4.3870131e-05,-0.00025733652,-0.00012169369,-7.1713415e-05,0.00064675489,-0.00034210806,-0.00019721517,0.00021111304,-2.4830145e-05,-1.6468061e-06,0.0042492869,-0.00093872084,0.0005166411,0.00037459039,-7.4424789e-05,0.00028702264,-6.435495e-05,-0.00061810837,3.8106981e-05,0.00015498368,8.231341e-06,-0.00075758504,4.1405243e-05,0.001123384,-0.00015460165,1.9951718e-05,0.00013996496,7.4012843e-05,-0.00046551093,0.00053715654,3.0554234e-05,0.00053359929,-0.00085909462,0.00078937379,0.00060839229,-0.00084217241,0.0001674267,-2.4304616e-05,0.00205447,-0.00032729925,0.0019309501,-0.0013650507,0.0010293244,-0.00038685453,5.9066036e-05,-0.00011637575,-0.00099408788,9.1112777e-05,4.350351e-05
0.00015478426,6.1536885e-05,-0.00024685367,-3.9214392e-05,1.4833582e-05,8.5054766e-05,-1.3748638e-05,1.4249589e-05,2.3828041e-05,-1.1538058e-05,5.5846886e-06,1.5070805e-05,0.00011405373,-1.110376e-05,2.4849276e-05,7.6585035e-05,-0.00042700439,-8.2425099e-06,0.00018313838,-0.00024315106,9.9334117e-05,-0.00021004932,0.00057233221,-8.2063866e-05,2.4195404e-05,-9.0960737e-05,7.4148907e-06,0.00019098916,5.7853404e-05,0.00027051027,1.2613757e-05,0.00012210084,-5.9791031e-05,2.3199256e-05,-3.1121269e-05,0.00015939511,-9.9992129e-05,0.00049394806,-0.000118581,-0.0030848216,-0.00063487408,0.00015638774,-1.1905726e-05,4.1950738e-06,0.00018538484,-2.5328907e-05,0.00023901391,-0.00044947179,0.00013923349,-6.3900622e-05,0.00011071604,9.9404267e-06,-5.6694268e-05,6.2336749e-05,-0.00015961056,-0.00011511332,-9.066279e-05,3.870867e-05,-6.5808669e-05,3.2907953e-05,-0.00011070912,-1.7723792e-05,-0.00051671714,0.00012820643,0.0036226153,0.00062191427,-6.2537557e-05,-1.1693221e-05,-1.0895813e-05,-0.00025976843,4.8851781e-06,-9.8634823e-07,7.2785272e-05,-0.00014032582,7.7170269e-05,9.4241992e-06,2.1252955e-05,2.813224e-06,-0.00014316735,-5.8038109e-05,-0.00012326866,-6.4798074e-05,-4.526661e-05,4.9008255e-06,1.674911e-05,-1.8701922e-05,-7.4853695e-06,4.1179966e-05,-8.7466274e-05,1.370825e-05,0.0010591548,0.0002242233,-0.00017499184,-1.0201672e-05,-3.87908e-07,-0.00053578306,0.00030932766,-0.0001535992,-2.2621344e-06,-0.00011002304,-9.8659485e-05,0.00018424408,-0.00012015031,-1.2314123e-05,-6.7034043e-05,3.6936173e-07,0.00035704192,-1.5193183e-05,-9.4257151e-05,0.00016754753,6.9224562e-05,-4.059856e-06,-4.0607833e-06,-5.5955035e-06,-0.00016772371,3.4933905e-05,0.00010449377,6.9580417e-06,-0.0013755703,-0.00031359125,0.00038337194,4.581282e-05,-9.9180143e-06,-0.00016747371,4.2191605e-05,-4.7526304e-05,4.6706745e-05,-4.8403691e-05,1.2002463e-05,1.4447074e-05,2.8023906e-05,0.00016579763,4.044881e-05,-1.2922951e-05
-3.9542924e-05,0.0015500241,0.0001406798,0.00013544751,-8.5483897e-05,8.1411135e-05,0.00010401848,-3.0529576e-05,-3.1052491e-05,5.0778114e-06,-5.2139964e-05,-4.1627339e-05,3.9334579e-05,3.7349825e-05,8.5285798e-05,0.0005181371,-0.00069000876,-0.00021581858,-0.00022541964,0.00061904423,8.7712451e-06,-0.00040744289,0.00013762236,6.6337018e-05,1.487165e-05,-6.7172088e-05,9.6035617e-06,-4.5076442e-05,0.00047733008,-0.00059552115,4.0503765e-05,-2.0371362e-05,-3.651564e-05,0.00010212223,2.0226916e-05,0.00010710194,5.7108305e-05,-1.406327e-05,0.00013366308,-0.00050563244,-0.0019756244,0.00011836604,0.00012868685,-4.0215907e-05,-0.00044106434,9.4462234e-06,0.00020705676,-6.4305369e-05,-1.832539e-05,-4.2991575e-05,3.4842692e-05,2.9364538e-06,-3.2575844e-05,-0.00035521521,0.00034652993,-8.0907016e-05,7.6334292e-06,6.8270155e-05,-0.00016062642,-3.3810543e-05,1.1074674e-07,2.4761658e-05,-1.2904218e-05,-8.8148712e-05,0.00062191427,0.0020908577,-3.2376348e-05,-7.0051778e-05,1.2399074e-05,0.00079454792,3.0927452e-05,0.00017118318,-1.2255535e-06,3.8013347e-05,-1.645222e-05,0.00010242905,1.978057e-05,2.8792252e-06,0.00028423345,-0.00022981423,8.5612289e-05,-4.4971997e-05,-7.3111034e-06,-2.1468429e-05,-3.5790191e-05,4.587475e-05,-0.00010973897,-6.2472521e-05,-0.00016073788,4.6655397e-05,-4.0863621e-05,0.00041410484,4.694926e-05,-6.4335245e-05,5.6419922e-06,0.0027034801,-0.00077324379,0.0003152385,2.7938579e-07,-0.0002658192,1.6440527e-05,-0.00010174655,-0.00033021549,-0.00014133451,-3.274902e-05,1.5126086e-05,-0.00057919016,0.00028712181,0.00048268093,1.4621259e-05,1.5255237e-05,0.00010249366,0.00010827414,-0.00042306758,0.00032985329,4.8125179e-05,0.00044543185,4.8536673e-05,0.00036973753,-0.00027633036,-0.00041517639,0.00025927088,-3.5793681e-05,0.00046976026,-0.00013281996,0.00061137873,-0.00068000955,0.00056672393,-0.00020935834,3.8891415e-05,-6.3561024e-05,-0.00053491243,6.1697126e-05,3.9298986e-05
-0.0019194762,-0.0001807334,0.0031834849,0.00023698425,2.0237204e-06,-0.0010949142,-0.00025252396,-6.5078334e-05,-2.1542059e-05,-3.9836986e-05,-1.0809348e-05,0.00020733498,-7.207956e-05,0.00017599371,-7.0218153e-05,0.0018039977,-0.0025733312,-0.00033545271,-0.00039830844,0.0024624813,0.00020600321,4.7896655e-05,-0.0011836804,-0.00026462525,0.0006510316,0.0001587265,1.3286696e-05,-0.00020316995,-1.2621606e-05,0.00088515779,-0.00049597912,-0.00020211988,-0.00027892121,0.00058997403,0.00047921386,0.00024765533,0.00013458328,-0.0001795479,-0.00040462776,5.9543919e-05,0.00024867409,-0.0031382094,-0.00010522141,-1.1618126e-06,-0.0020087245,-0.00021027823,8.2400687e-05,0.0010208298,0.00019686589,-0.00046280284,-3.4053696e-05,-1.8082868e-05,0.00022649626,9.3631143e-06,-0.00086270369,0.00026599284,0.00011747958,0.00050047358,-0.00040226569,-0.00029952128,-0.0001657826,-1.02824e-05,4.0913977e-05,0.00016374234,-6.2537557e-05,-3.2376348e-05,0.003432227,6.4392573e-05,3.3458921e-06,0.00092661153,-0.00037502203,0.00014580524,-0.00012943863,0.00040204544,6.8024082e-05,-0.00014826503,5.3072939e-06,-1.0641526e-05,0.00027540208,-4.8114931e-05,-0.00029742835,0.00010703897,3.5573556e-06,2.8930571e-05,-0.00015295106,-0.00016996649,-0.00025346605,-0.00016319119,-0.00024152654,0.00011026215,-0.00038955381,-0.00020699087,0.00098106502,2.2642096e-05,2.7891906e-06,0.0025610152,-0.00041362715,0.00023688779,0.00040486318,-3.4779705e-05,8.2501291e-05,-0.00045282483,-0.00039824553,0.00013825824,0.00010827579,1.7149079e-05,-0.00026726261,-3.2960262e-05,0.0010564241,7.7555589e-07,-4.0235164e-05,1.272425e-05,0.00014984236,0.00029673928,0.00053347383,0.00011143097,0.00038498173,-0.00029133803,0.00061262635,0.0004038854,-0.0015039486,0.00012390914,-8.3972792e-06,0.0020142181,-0.00026055675,0.0019980227,-0.001373354,0.0010623168,-0.00035985379,5.9762096e-05,8.8233859e-06,-0.0011931606,0.00015649472,-5.9198832e-05
-0.00022462716,-5.1330327e-05,0.00029061207,2.9182374e-05,2.97875e-06,-9.537984e-05,-2.1834377e-05,1.3355753e-06,-1.9485289e-05,5.9774926e-07,-3.1017312e-06,1.5680145e-05,-2.9108054e-05,1.9233176e-05,-7.1149266e-06,-4.3456164e-06,-8.2193706e-05,4.0421143e-05,-0.00013229029,0.00021923762,-3.7935061e-05,2.5950507e-05,-6.358932e-05,-5.5077556e-05,8.6735115e-05,2.8927072e-05,1.1074928e-07,3.9914459e-05,3.5841843e-05,0.00027515335,0.00018076545,-7.2215014e-06,-2.9595812e-07,1.1891633e-05,0.00012854338,-1.716306e-05,2.1178004e-05,-3.0513331e-05,-9.5872646e-05,-2.1846836e-05,9.2093698e-05,-4.3952589e-05,-0.00032842849,2.0333738e-06,-0.00020238968,2.4239503e-05,-6.2276568e-07,4.1500874e-05,3.9656476e-05,-6.4099102e-05,8.8426998e-07,-6.4052652e-06,-2.3554681e-05,3.6484632e-05,-0.00019620278,-0.00013658048,8.8405985e-06,1.3123535e-05,3.4321043e-06,-0.00010083756,5.7290301e-06,-8.8818112e-06,3.0190158e-05,6.4186252e-05,-1.1693221e-05,-7.0051778e-05,6.4392573e-05,0.00033137964,-7.5577058e-07,9.8605498e-05,-4.6435823e-05,1.4640107e-05,-2.9563521e-05,1.3620432e-05,3.3820193e-05,-1.4937409e-05,-4.4668304e-06,1.0575982e-07,2.1286079e-05,-4.3773271e-05,-4.9926856e-05,-7.7049251e-05,-5.0071515e-06,-3.4649087e-06,-2.458191e-05,-3.1127275e-05,-2.8428383e-05,-1.0338874e-05,-2.3681252e-05,-1.2149795e-06,-6.0993378e-05,-7.1753877e-05,5.3991716e-05,6.8609676e-05,-1.4234585e-07,0.00033299322,-4.1524847e-05,0.00014712403,7.8089983e-05,-2.872865e-06,3.258473e-05,-7.2915448e-06,-7.4188161e-05,1.9278323e-05,1.1429372e-05,2.2971077e-06,-6.6945449e-05,4.8765377e-05,8.4282707e-05,8.4132017e-05,1.1386183e-05,2.0578818e-05,3.476766e-06,-8.2756318e-05,4.9669653e-05,1.4987986e-05,3.0362197e-05,-2.0584031e-05,0.0001125818,0.00014713445,-8.2560698e-05,-0.00010015597,-1.6470283e-06,0.00017092569,-1.5289016e-05,0.00019269209,-0.00012808715,8.1868603e-05,-2.3220244e-05,-1.309247e-05,-1.8991515e-05,-0.00010024042,1.471561e-05,7.3015694e-06
-7.5106983e-05,0.00017169269,0.00010093497,1.7435799e-05,-1.4105085e-05,-2.3390839e-05,-5.1751825e-06,-3.6836194e-06,4.0461248e-06,3.0548785e-06,-4.0348141e-06,1.588045e-06,-1.9091772e-06,5.3351349e-06,-5.2153389e-06,2.7478188e-05,-2.5063216e-05,-1.8879723e-06,-0.00010403173,0.00012446695,-1.3301005e-05,-2.083791e-05,-5.3914891e-06,-1.1463021e-06,2.2476259e-05,-1.7607503e-06,6.9639587e-07,-1.1545901e-05,4.6239025e-05,-8.0534166e-05,-1.5873858e-05,-9.4425406e-06,1.7362413e-05,5.4680673e-05,3.7492592e-06,1.0097691e-05,6.9555866e-05,-1.7045247e-05,-2.1915601e-06,1.3666065e-05,-2.8679706e-05,-1.409512e-05,3.4152851e-06,-2.4005472e-05,-9.2486476e-05,1.3715096e-05,9.4665075e-06,-5.3673767e-06,2.5426096e-07,-2.569477e-06,-1.4375247e-06,8.617178e-07,3.1777756e-06,-2.9746608e-05,2.7863205e-05,1.5881879e-05,3.1536007e-06,-1.7665567e-05,-6.6657737e-05,5.5992278e-06,1.1973948e-06,-4.9335129e-05,8.947037e-06,-2.0746916e-06,-1.0895813e-05,1.2399074e-05,3.3458921e-06,-7.5577058e-07,2.377809e-05,0.00010066134,-1.1481226e-05,2.047056e-05,-5.0560547e-06,7.7620817e-07,-4.5815633e-06,-3.4371338e-06,6.7695032e-07,-7.74977e-08,2.6312073e-05,-2.6976475e-05,7.273983e-06,1.2311357e-05,-1.793351e-06,-7.5111448e-06,-1.9086167e-05,6.1350273e-06,-1.6031993e-05,-2.6062274e-05,-1.7494664e-05,2.6453414e-06,-3.0558314e-05,-7.3425205e-06,1.8480945e-05,-1.3497383e-06,8.5226553e-06,0.00035250628,-8.9292801e-05,4.7074108e-05,1.7259478e-05,-1.7888457e-05,5.9555748e-06,-5.0292569e-06,-3.5382312e-05,6.1716825e-07,9.8612709e-06,3.3050311e-07,-4.9358524e-05,4.0388755e-05,7.3469331e-05,1.1266558e-05,6.5614075e-06,1.5630291e-05,3.7535716e-05,-4.9729041e-05,3.8927837e-05,2.9765769e-05,5.7138235e-05,-1.0347147e-05,6.4509194e-05,1.6840749e-05,-6.7992602e-05,1.2666212e-05,-1.2557096e-05,0.00010034696,-1.8734304e-05,0.00011766682,-9.9339767e-05,7.5729246e-05,-3.1206727e-05,3.460059e-06,-8.9112757e-06,-7.8866238e-05,6.1531463e-06,1.5776452e-06
-0.01054397,0.010369407,0.017182619,0.0018209838,-0.00085588754,-0.0052326999,-0.00099368591,-0.00040737707,-0.00018271454,0.00025837039,1.8587448e-05,0.0004389317,-0.00021593395,0.00026039127,-0.0012056385,0.0013348454,-0.001274836,0.0034412843,-0.035449172,0.016127744,0.00021544857,-0.00084817977,-0.0022076292,-0.00071271977,0.0025371364,0.00018703604,0.00012893042,-0.0012999417,0.0022414983,-0.0060135933,-0.00094695943,-0.0013414081,-4.5274723e-05,-3.0319863e-05,0.001171625,0.00070338083,0.0036128748,-0.0021205418,-0.0025952477,0.00045050879,-0.0010034288,-0.0021499847,-0.00019281706,-0.00021138392,-0.012297104,-0.00013961958,0.00060396958,0.0011133182,0.00025060301,-0.00086148123,-0.00013380198,-6.1494765e-05,0.00083469227,-0.0017628066,0.0035695693,0.0011665224,0.00068045558,0.00011311425,0.00021065154,-0.0007464785,-0.00031341604,-0.001632372,0.00152377,0.0012230644,-0.00025976843,0.00079454792,0.00092661153,9.8605498e-05,0.00010066134,0.031180272,-0.0013645894,0.0041320037,-0.0027123194,0.0012830593,0.001065022,0.0016466204,-0.00021999645,-6.811396e-05,0.0083324483,-0.0048223317,0.00092407132,0.0024097219,-5.1847962e-06,-0.0011146921,0.00013352799,0.0013045803,-0.0054599485,-0.0041248328,-0.0069272228,0.001149215,-0.0091317094,-0.0045369602,0.0042886351,-0.00071700063,4.3160382e-05,0.13551143,-0.051407851,-0.0041451701,0.0067292015,-0.0094142095,0.0060708884,-0.0077849496,-0.018104661,0.0010231667,0.0032382157,0.00056499856,-0.022689197,0.0075987309,0.035379604,-0.0053521771,-0.0020467704,0.0050401101,0.0029861029,-0.0068418535,0.016497939,0.0028764969,0.028145997,-0.0010967532,0.031954939,0.016221365,-0.025133455,0.0093561344,-0.00098150858,0.012982872,-0.0019418316,0.019112418,-0.01546522,0.012225896,-0.0082252399,0.0028815766,0.0049719342,-0.012760809,-0.0018039407,0.00027907268
0.0028202327,-0.0013980018,-0.0051066593,-0.00032905818,4.8012404e-05,0.0015669842,0.0002983615,0.00012406636,-1.8987589e-06,2.8102366e-05,6.9890873e-05,-0.00020995418,5.6221606e-05,-0.0001472885,8.2649793e-05,0.00042189668,-0.00015233349,-0.00039001603,0.00065020677,-0.0041467832,-4.645651e-05,-0.00022395728,0.00038218964,0.00026385091,-0.0011591984,-0.0001977818,-4.2604624e-06,0.00023113432,-0.00035008676,0.00013087958,0.00039197408,0.00027656755,-3.5044404e-05,-6.2520786e-05,-0.00060155371,-0.00023479799,-0.00076238898,0.00051871434,0.00077682113,1.7312561e-05,-1.335646e-05,0.00073890045,0.00012362275,2.1092724e-05,0.0033277669,3.6015843e-05,0.00016919418,-0.00023762799,-0.00020399573,0.00043222962,8.0102499e-05,5.4572743e-06,-0.00012339334,0.0002372989,-0.00022565431,-0.00028893367,-0.00014999742,2.8028825e-05,1.7626275e-05,0.0003990205,0.00023568816,0.00035443082,-0.00030569801,-0.0003488431,4.8851781e-06,3.0927452e-05,-0.00037502203,-4.6435823e-05,-1.1481226e-05,-0.0013645894,0.0022290661,-0.00019221936,0.00018788481,-9.0599679e-06,-0.00011689026,8.1485684e-05,2.5378003e-05,4.9003983e-06,-0.00028795343,0.00025875629,-9.5049111e-05,-0.00018869118,-2.6560185e-05,5.0499638e-05,8.1168593e-05,5.4582955e-05,0.00034234037,0.00030124273,0.00024735044,-0.00010742292,0.00042852376,0.0002313978,-0.00030947728,-1.9323794e-05,-4.9106984e-06,-0.001093073,0.0005887255,-1.0761051e-05,-0.0034820123,4.5333273e-05,-6.9678452e-05,0.00011357704,0.00031985505,-8.9157762e-05,-8.8135414e-05,3.2059466e-06,5.3327194e-05,-0.00030596227,-0.00020470709,0.00023517792,4.1158438e-05,-3.8409867e-05,-0.00014977599,-0.00010603533,-0.00029900831,-0.00019279566,-0.00022079827,-3.1442469e-05,-0.00029094569,-0.00030867987,0.00052564111,4.6669324e-05,9.5157456e-06,-0.0032972431,-0.00089565579,-0.0031438066,0.0022432129,-0.0016376912,0.00038888018,-6.9066922e-05,-1.1341554e-05,0.0017706644,-0.00033294148,1.9720691e-05
-0.0013533625,0.0014577133,0.0025848445,0.00021688474,-0.00012531898,-0.00078161282,-7.9793979e-05,-4.9431818e-05,-6.6545597e-05,4.7660501e-05,-3.9174937e-06,9.1843909e-05,-3.6591188e-06,-1.4106077e-05,-0.00013833369,0.00019719748,-0.0002181885,0.00029267148,-0.0044597042,0.0022891651,-0.00032150507,-5.632553e-05,-0.00037087053,-0.00012542739,0.00039029554,3.6952912e-05,1.1647837e-05,-0.00021350242,0.00023189184,-0.00090732945,-0.00016612368,-0.00017792725,6.4849751e-05,0.00010500467,0.00016332107,0.00015179325,0.00059675674,-0.00032003562,-0.00035896199,6.1430144e-05,-0.00018197151,-0.00032539843,-5.39602e-05,-3.8884566e-05,-0.0017429562,0.00023805016,2.9756372e-05,0.00021426812,3.549379e-05,-0.00012988488,-3.4583696e-05,-5.5704515e-07,0.00013630414,-0.00026415698,0.00046899167,0.00016776035,7.4370665e-05,-1.522702e-05,-5.209486e-05,-0.00010402372,-3.8693828e-05,-0.00027469167,0.00025547497,0.00017480014,-9.8634823e-07,0.00017118318,0.00014580524,1.4640107e-05,2.047056e-05,0.0041320037,-0.00019221936,0.001465069,-0.00048732339,0.00023972169,9.5303585e-05,0.00013920772,-3.8144912e-05,6.4401727e-06,0.0011726234,-0.00065991545,0.00013647597,0.00019466807,-1.7506225e-05,-0.00025831663,-6.7538713e-05,0.00020744562,-0.00073051915,-0.00078705621,-0.0008234031,0.00014562374,-0.0011826571,-0.00050790155,0.00040279066,-4.7156113e-05,1.735731e-05,0.018050214,-0.0067710275,-0.00035564549,0.00089205257,-0.0025412915,0.0009674624,-0.0011550079,-0.0023173352,0.00021749117,0.00040801602,5.4394506e-05,-0.0031509944,0.0010637096,0.0046781526,-0.00047474227,-0.0002104421,0.00084339849,0.00047558536,-0.0011017024,0.0021947624,0.00073905367,0.0035516186,-0.00013197881,0.004246392,0.0019477286,-0.0030210872,0.00113887,-0.0001446407,0.0018336059,-0.00026905754,0.0025489642,-0.0020639192,0.0016171443,-0.0010967954,0.00036290886,0.00054939928,-0.0017105241,-0.00023382601,3.4060562e-05
0.0013360686,-0.00062750796,-0.0025482178,-0.00017646604,5.1125963e-05,0.0008102892,0.00012471938,4.9757596e-05,5.5325402e-06,-5.6874319e-05,-1.4945184e-05,-8.6354162e-05,3.8937604e-05,-9.7037612e-05,0.00015571689,0.00014983224,-8.065187e-05,-0.00081102685,0.0037799993,-0.0020789786,9.0130491e-05,-0.0006842597,0.0003170292,0.00015158693,-0.00041089296,-8.8385203e-05,-8.9421465e-07,7.4489872e-05,-0.00014598537,0.00033013307,0.00013351169,0.00014730216,-3.220458e-05,-7.1950301e-05,-0.00018684892,-6.65256e-05,-0.00028917589,0.00027786555,0.00041597513,-3.7380061e-05,-4.8848044e-05,0.00023612464,8.2398456e-05,3.9195527e-06,0.0016354538,-4.9539985e-05,0.00048138952,-0.00014678059,-8.6269989e-05,0.00015938418,6.2270723e-05,2.3578882e-06,-0.00010386383,0.00015303525,-9.2667633e-05,-0.00016474363,-7.3783487e-05,-1.0997245e-05,5.3878456e-05,6.4211451e-05,-4.7215437e-06,0.0001266461,-0.00018360308,-0.00021498352,7.2785272e-05,-1.2255535e-06,-0.00012943863,-2.9563521e-05,-5.0560547e-06,-0.0027123194,0.00018788481,-0.00048732339,0.0017561569,-8.1665177e-05,-0.00012114106,-1.0458998e-05,0.00010461011,7.6505398e-07,-0.0006888939,0.00050379813,0.00022289961,-0.00017443761,-2.2748258e-05,2.1656146e-05,-2.3104577e-05,-0.00013158555,0.00033688689,0.00030272903,0.00052978458,-0.00019962933,0.00082874421,0.00040123215,-0.0001184975,7.8916943e-05,-3.4918358e-06,-0.011716176,0.0043190612,7.428896e-05,-0.00057213603,0.00095038389,-0.0025977889,0.00061141015,0.0016130783,-0.0001973264,-0.00043054299,-3.144808e-05,0.0018879119,-0.00083437382,-0.0034832953,0.00037611227,0.00021066558,-0.000327862,-0.00018400256,0.00077151719,-0.0012269133,-0.00020673308,-0.0022366049,0.00028326939,-0.002791588,-0.001386994,0.0017530162,-0.00077155561,7.5847275e-05,-0.0017123809,0.000280489,-0.002028839,0.0015644169,-0.0012142171,0.0007386645,-0.000221773,-0.0003227898,0.0012888637,0.00011840354,-5.7906492e-05
-0.00077172624,0.00013845546,0.00053517906,7.6104875e-05,-2.075323e-05,-0.00024149644,-5.408703e-05,-3.4558616e-05,1.810239e-05,1.7944807e-05,1.5277721e-06,2.1209226e-05,-2.1078387e-05,-2.8113355e-06,-0.00015291507,0.00092646319,-0.00063266068,-0.0013163196,0.00080882431,0.00064579296,-7.1582413e-05,4.2051032e-05,-0.00096846835,-1.3173591e-05,7.4963376e-05,-1.383193e-05,4.9170601e-06,-0.00026577675,0.00014825222,-9.8184606e-05,9.2230234e-05,-9.591439e-05,2.7596318e-05,0.00018123333,-4.0302583e-05,-4.5560928e-05,0.00011049538,-0.00025019117,-0.00011715959,0.00020290403,3.8121734e-05,-0.00057170044,-5.9412701e-05,-3.1423722e-07,-0.00051518258,7.8571039e-05,5.2952104e-07,0.00066872525,2.3353045e-06,-7.1001822e-05,-7.403945e-07,2.8212729e-06,0.00018987792,-9.1211925e-05,-0.00019929255,-2.5381463e-05,6.230033e-05,-1.7803801e-05,-0.00011605418,3.2127354e-05,3.6712882e-05,-7.1309518e-05,0.00010617813,4.8282378e-05,-0.00014032582,3.8013347e-05,0.00040204544,1.3620432e-05,7.7620817e-07,0.0012830593,-9.0599679e-06,0.00023972169,-8.1665177e-05,0.0016759062,0.00013628226,0.00013208816,4.0305781e-05,6.7560558e-06,0.00047250393,-0.00029668164,-0.00041073964,-0.00010749265,1.6917301e-05,-9.8151177e-05,-8.0666872e-05,0.00012589057,-0.00023350842,-0.00016062977,-0.00031571161,9.2341939e-05,-0.00050854074,-0.0002017154,0.00093612542,-3.2629623e-06,-5.0577725e-06,0.0055680991,-0.0023465191,-0.00069124469,0.00019015776,-0.0006125949,0.00022567698,-0.0026813037,-0.00093057296,5.4928516e-05,4.9879747e-05,1.4746553e-05,-0.0011032339,0.00064139893,0.002081102,7.3083394e-05,-0.00019219702,0.00026224707,0.00035618656,-5.8648377e-05,0.00071493071,3.800828e-05,0.0011495439,-8.6435902e-05,0.0015376116,0.00073898575,-0.0021338739,0.00044734536,-3.6868284e-05,0.00052460196,-0.00010863498,0.00080650057,-0.00061449926,0.00049860296,-0.00034343084,0.00015213412,0.00042237965,-0.00065087237,-0.00010980972,-5.948246e-05
-0.0007729536,-0.00012768749,0.00030689535,6.1831552e-05,2.3322758e-05,-0.00018716842,-0.00012014797,-1.2174568e-05,1.3415774e-05,8.6834255e-07,7.3946001e-06,-2.6164076e-05,-6.3066118e-05,2.2722703e-05,-1.5598406e-05,0.00019297893,-6.8372543e-05,-0.00010390322,-0.00076042856,0.00034931147,5.6145643e-06,3.2026097e-05,-5.4668527e-05,-0.0007444566,-0.00023174915,4.7498129e-05,9.0338166e-06,6.6497578e-05,7.2375713e-06,0.00011357365,-3.1124104e-05,-3.3221867e-05,-4.2483183e-05,0.00010384491,9.5377486e-06,-8.9068723e-05,0.00014509643,-0.00020243213,-0.00015105136,-8.6572882e-05,2.3650526e-07,-4.739927e-05,-7.305769e-05,6.4796992e-06,-0.00030618097,1.7113596e-05,-2.3242375e-05,1.7099263e-05,0.00058818313,0.00022802764,-2.299365e-05,-1.2521868e-05,-0.00011458274,2.866479e-05,-0.00030679413,0.0001869728,9.2975566e-06,3.287659e-05,-9.1317651e-05,1.4498546e-05,4.4889973e-05,-9.8812862e-05,0.00010201398,9.7558317e-05,7.7170269e-05,-1.645222e-05,6.8024082e-05,3.3820193e-05,-4.5815633e-06,0.001065022,-0.00011689026,9.5303585e-05,-0.00012114106,0.00013628226,0.0015929035,0.00077516946,-0.00012511359,-8.1081697e-06,0.00030046827,-0.00016557062,-0.00021883653,0.00023417505,7.5865196e-07,9.9842554e-06,-0.00022487478,1.3811566e-06,-0.00025562035,-0.0002347722,-0.00023465181,-5.158874e-05,-0.00031570086,-7.2734777e-05,0.00034301151,4.3653122e-05,3.8406479e-06,0.0044215216,-0.0018993174,-0.00056836701,0.00038702966,-0.00028944492,0.00025324582,-0.00049264845,-0.0027322546,-0.00085951988,0.00029713252,2.9100638e-05,-0.00077481237,0.00045329905,0.0016951274,-0.00028281883,-0.00016685337,7.8137933e-05,0.00051316608,3.0494849e-05,0.00058601453,0.00023572762,0.00090034777,8.9057516e-05,0.0010095896,0.00043565392,-0.0011354343,0.0002561953,-3.5437265e-05,0.00028524387,2.4161144e-05,0.00069578119,-0.00047612758,0.00037186437,-0.00029420767,0.00012745577,0.00030779413,-0.00035968316,-6.6862615e-05,-2.4438607e-05
0.0003776606,0.0003191268,-0.00058362615,-2.7531659e-05,-1.2413557e-05,0.00020078297,8.7598248e-05,2.0287673e-05,3.1109233e-06,5.9464343e-06,8.385065e-06,-7.5540996e-05,4.0926735e-05,-0.00010794563,-3.0175829e-06,0.00014876776,-0.00010567975,6.5576776e-06,-0.0014371988,-0.00065544606,2.5499085e-05,-0.00019456543,-4.2443704e-05,-0.00029695006,-0.0010668381,4.2611974e-05,5.3817545e-06,-5.5894772e-05,8.7854583e-05,1.5288509e-05,-9.1340647e-05,2.1409666e-05,-4.2787413e-05,0.00011565195,-0.00010450599,-0.00013299769,7.3814361e-05,-0.00020142064,0.00011797212,8.4352494e-05,-0.00021202401,0.00016367424,3.5149328e-05,-1.8304326e-06,0.00046433287,-2.3654825e-05,0.00012524862,-1.9251001e-05,0.00023116445,0.00076910508,-4.172975e-05,-1.0474638e-06,-1.3364649e-05,-1.4486163e-05,-0.00041279636,0.00011105054,-8.0348189e-06,3.7082717e-05,-8.8382354e-05,8.5725203e-05,0.00013684747,-8.6619693e-05,0.00022092224,-3.2325306e-05,9.4241992e-06,0.00010242905,-0.00014826503,-1.4937409e-05,-3.4371338e-06,0.0016466204,8.1485684e-05,0.00013920772,-1.0458998e-05,0.00013208816,0.00077516946,0.00232252,-0.00012618079,-1.1131548e-05,0.00042939861,-0.00026373657,-0.0011348219,0.00029575608,-3.7016918e-06,-2.0826266e-05,-0.00028005728,3.8486768e-05,-0.00028806855,-0.00022838781,-0.00012338439,-0.00018941502,-0.0005703417,-0.00025795517,0.00014737958,-2.5699524e-05,6.9285835e-06,0.0080665858,-0.0035147086,-0.0012445994,0.00044655862,-0.00068169291,9.2220093e-05,-0.00075776946,-0.0021518376,-0.0029156372,0.00037856169,4.2478148e-05,-0.0013564247,0.00065999491,0.0041095145,-0.0005129267,-0.00023557432,0.00024097706,0.00079463859,-6.4452566e-05,0.00085723028,-7.5965496e-06,0.001393113,0.00048223196,0.0020220033,0.0010209482,-0.0015055972,0.00067314424,-7.6610464e-05,-0.0005442983,0.00013529456,0.00015371503,-0.00023718985,0.00026296053,-0.00041817116,0.00024241826,0.00067250919,-0.00025159756,-0.00024012511,-1.0437126e-06
4.265151e-05,-4.5110561e-05,-0.00032092945,-2.1169202e-05,-2.3178878e-06,9.451491e-05,-2.3501561e-05,1.0609263e-05,-1.6332971e-06,1.1031458e-05,-2.5904017e-05,-3.1385337e-05,-1.4839311e-06,1.835582e-05,6.9101105e-05,0.00056772543,-0.00037630794,-0.0010557778,0.0016876096,-0.00021343773,-3.3413876e-06,-4.4564871e-05,1.4915468e-06,6.3464196e-05,2.753217e-05,-0.00021268015,2.9155388e-05,-0.0001074391,-9.9082091e-05,7.0489216e-05,0.00010062431,2.6082736e-06,-1.9630561e-05,-6.976684e-05,-1.0359172e-05,1.3069573e-06,-7.1779716e-05,2.6125141e-05,3.304005e-05,-2.0109789e-05,-7.1408902e-05,3.3604538e-05,-4.2372419e-06,1.9340644e-06,0.00016492362,9.5957905e-06,3.4834064e-05,4.4838992e-08,-2.5092687e-05,-3.4652739e-05,0.00014527151,-2.084304e-05,5.0574872e-05,0.00010334974,-5.7464129e-05,-4.8864252e-05,5.9477657e-06,3.6866443e-06,3.02601e-05,1.9458088e-05,-1.3777992e-05,3.098577e-05,-4.1482852e-05,-6.4097015e-05,2.1252955e-05,1.978057e-05,5.3072939e-06,-4.4668304e-06,6.7695032e-07,-0.00021999645,2.5378003e-05,-3.8144912e-05,0.00010461011,4.0305781e-05,-0.00012511359,-0.00012618079,0.00043008034,-6.4564118e-05,0.00012649698,0.00019741339,-0.00013499445,-0.00013809149,-5.5532219e-06,2.6628237e-05,3.9353235e-05,6.7456263e-05,4.3164702e-05,0.00011097323,-7.9511415e-05,-6.6981694e-05,0.00016839135,8.5740443e-05,4.5611514e-05,3.1582811e-06,-7.542744e-07,-0.001063211,0.00035404306,9.7346766e-05,-5.6252878e-05,6.2075397e-05,-0.00015892416,-2.2994704e-05,0.00032401619,0.00015513292,-0.00062295559,8.4997937e-05,-0.00011072471,-0.00020751058,-8.1539569e-05,0.00022576568,4.0135218e-05,-6.2628718e-05,-8.9366815e-05,-3.0214136e-05,-8.6715215e-05,-0.00012541247,-2.7385531e-05,0.00010044992,-0.00035059257,-0.00020727058,6.9957962e-05,-8.3259277e-05,7.9656066e-06,-0.00014337786,-1.018051e-06,-0.00013599631,0.00011456393,-9.4426931e-05,6.5081136e-05,-1.5187985e-05,-9.1766693e-05,0.00011135543,1.6624716e-06,7.8386111e-06
3.4208204e-05,-5.1663272e-05,-7.3752291e-05,-1.0586513e-05,7.1726459e-06,1.4230741e-05,6.0962793e-06,1.0593148e-06,1.6484441e-06,-4.2276571e-06,8.9402693e-06,4.0173629e-06,3.752805e-06,-8.7120368e-06,1.060231e-07,-4.7384965e-05,2.8100819e-05,4.3461319e-05,1.5130647e-05,-5.9724564e-05,-5.1563642e-06,9.3780111e-06,6.1876969e-06,8.5479549e-06,-8.9825763e-06,2.8479806e-05,-1.0395987e-05,2.2279038e-05,-9.3102082e-06,2.7807837e-05,2.5280486e-05,6.5366794e-06,2.890691e-06,7.7188488e-06,-4.9579351e-06,-3.8785334e-06,-4.2134249e-06,1.1238265e-05,8.9993678e-06,-5.8809634e-06,9.466439e-06,1.2879246e-05,3.02423e-06,-9.4709482e-08,4.6790545e-05,2.2886997e-06,-3.0887471e-06,2.2520958e-06,-9.6767412e-06,4.3032314e-06,-2.0476593e-05,8.1434443e-06,-3.8881301e-06,1.7366605e-06,-2.742641e-05,-2.6929163e-05,-5.3181436e-06,-1.3935774e-06,-6.8172301e-06,1.5488879e-06,5.0806103e-06,4.6452217e-06,-1.9968454e-06,-1.9186155e-06,2.813224e-06,2.8792252e-06,-1.0641526e-05,1.0575982e-07,-7.74977e-08,-6.811396e-05,4.9003983e-06,6.4401727e-06,7.6505398e-07,6.7560558e-06,-8.1081697e-06,-1.1131548e-05,-6.4564118e-05,2.6176177e-05,-2.1363944e-05,1.6561024e-05,-2.5720089e-05,-5.678367e-05,-1.8321641e-06,-1.5672939e-06,-1.2498284e-05,-1.5436574e-05,1.1410915e-05,3.4163992e-07,2.8451963e-05,-2.4937094e-06,1.4974773e-05,1.0378174e-05,-3.6690785e-05,-5.9254059e-06,1.8660596e-06,-0.00035299756,0.00011169738,2.6981749e-05,-1.5358223e-05,7.5977746e-06,-4.124478e-06,1.0101073e-05,5.5506196e-05,-7.9966854e-06,8.1041858e-05,-3.67067e-05,5.8802486e-05,-4.4868317e-05,-6.4754757e-05,7.703225e-05,8.0398197e-06,-5.7910389e-06,1.5806779e-05,2.4532394e-05,-3.0277469e-05,1.4615117e-05,-9.0463071e-05,-1.5794741e-06,-7.1748775e-05,-4.0481401e-05,9.2260982e-05,-1.5613317e-05,-5.598414e-07,-5.5410264e-05,1.4319213e-05,-6.6135375e-05,5.3505333e-05,-3.985359e-05,2.2620302e-05,-9.5416915e-06,-1.713458e-05,3.935594e-05,2.2933977e-06,2.5547294e-06
-0.003131318,0.0032354489,0.0052167159,0.00052161746,-0.00024585089,-0.0015844896,-0.00023547731,-0.00013550009,-4.3110073e-05,5.6204551e-05,5.6522657e-06,0.00014528244,-0.00018623349,9.0623094e-05,-0.00038831561,0.00098310335,-0.00076804153,-0.00044104493,-0.0075634846,0.0052821927,0.00010502137,-0.0002562494,-0.00086775666,-0.00013932531,0.00077581954,-4.973419e-05,5.5656647e-05,-0.0013853595,0.000490175,-0.0016346282,-7.9116601e-05,-0.0004233873,2.5177467e-05,4.4996678e-05,0.00036570909,0.00021358859,0.00092114737,-0.00078205724,-0.00073315745,0.0003189151,-0.00038273715,-0.00073685353,-5.6818897e-05,-6.1800459e-05,-0.0039761579,-3.1264072e-05,0.00012785711,0.0004818927,-7.5311872e-05,-0.00032018527,1.612381e-05,-1.9481927e-05,0.00099487293,-0.00035466569,0.0010225205,0.00023977217,0.00021281726,-7.8422132e-06,4.3321939e-05,-0.00028197322,-3.8729115e-05,-0.00036850461,0.00055895913,0.0004160111,-0.00014316735,0.00028423345,0.00027540208,2.1286079e-05,2.6312073e-05,0.0083324483,-0.00028795343,0.0011726234,-0.0006888939,0.00047250393,0.00030046827,0.00042939861,0.00012649698,-2.1363944e-05,0.0042997541,-0.00074591803,0.0002462318,0.00047133051,4.5849387e-06,-0.00035893847,0.00010971303,0.00051461608,-0.001282826,-0.00089921169,-0.0017720553,0.00044493813,-0.0024028619,-0.0011099805,0.0010647809,-0.00020816522,1.2984862e-05,0.0357366,-0.012988178,-0.0002988372,0.0014202865,-0.0024546912,0.0016048121,-0.0020427609,-0.0047159208,0.00012409883,0.00057846411,0.00015107738,-0.0088738797,0.0011751027,0.0096774579,-0.0011170904,-0.00048351171,0.0014390778,0.00062993737,-0.0024368308,0.0041200264,0.00051310162,0.0070955585,-0.00063810019,0.0083014635,0.0040420813,-0.0063450993,0.00230604,-0.00025989267,0.0042650594,-0.00080787055,0.005510029,-0.0044555088,0.0035108041,-0.0022230832,0.00070035426,0.00096860546,-0.0037822756,-0.00041882513,0.00015936633
0.001816435,-0.0020334274,-0.0027718285,-0.00037128373,0.00019688685,0.00085848456,0.00023416202,7.5224902e-05,2.1397098e-05,-0.00010376359,2.7110827e-05,-7.9353481e-05,3.065984e-05,-1.8088599e-06,0.00029295582,7.7317994e-05,-0.00010912302,-0.001750388,0.0068702894,-0.0026878839,-9.2076241e-05,0.00015675941,0.0004644255,7.5706997e-05,-0.00040405925,-0.00012348567,-1.957707e-05,4.0463758e-05,-0.0019385362,0.0012628837,0.00013272516,0.00025433029,7.1815168e-05,-0.00010818917,-0.00011424093,-0.00013532346,-0.00058934026,0.00042475503,0.00035594941,5.0705587e-05,0.00024425406,0.00029558319,6.5366152e-05,5.2053383e-05,0.002081272,3.4002053e-06,-8.7129807e-05,-0.00021124051,4.8733996e-05,0.00020653713,0.00010609226,4.7188501e-06,1.5333734e-05,0.0016057068,-0.00071896937,-9.4102808e-05,-0.00013712156,-8.0464086e-05,2.5215421e-05,-1.6022585e-05,-1.7171266e-07,0.00034519771,-0.00026430208,-0.00013893963,-5.8038109e-05,-0.00022981423,-4.8114931e-05,-4.3773271e-05,-2.6976475e-05,-0.0048223317,0.00025875629,-0.00065991545,0.00050379813,-0.00029668164,-0.00016557062,-0.00026373657,0.00019741339,1.6561024e-05,-0.00074591803,0.0047110951,-6.704512e-05,-0.00031834869,5.0440178e-05,0.00012748681,0.00018964054,-9.8643131e-05,0.00091492171,0.00071195359,0.001155305,-7.6837869e-05,0.0013522512,0.00072850784,-0.00067854737,0.00012930558,-2.0260878e-05,-0.021224048,0.0080547122,0.0008350282,-0.0011005196,0.0014773863,-0.0010641778,0.0015192757,0.0030153787,-6.2327108e-05,-0.00066211688,-0.0001189175,0.0027896751,-0.006275716,-0.0056075357,0.00084380731,0.00025983407,-0.00070424936,-0.00093157727,0.00097971413,-0.0025564573,-0.00043215495,-0.0045925285,6.4718496e-06,-0.0047402776,-0.0024879861,0.0040108233,-0.0014843105,0.00016945334,-0.0021475027,0.00031432238,-0.0031534624,0.002559066,-0.0020241012,0.0012711325,-0.0004093854,-0.0009947395,0.0021194435,0.00021377467,1.9879371e-05
-2.0510246e-05,0.0017510496,-0.00036240266,0.00011949566,-6.3066722e-05,0.00039626353,1.8769213e-05,-5.2684218e-05,-3.7833352e-05,-1.3578426e-05,-1.8858733e-05,-4.4317085e-05,0.00010889361,-3.7763683e-05,0.00010829559,-0.000197019,0.00032218706,0.0013818911,-0.0035849598,3.0261443e-05,1.8215506e-05,-0.00022398622,8.0972844e-05,0.00022057823,0.00043787361,1.1701017e-05,3.712967e-05,4.8950929e-05,0.00052168962,-0.014050088,0.00070177216,-0.00020074914,-0.00015548003,-0.0003124597,3.6217133e-05,-1.1837292e-05,0.00047961929,-0.00018674918,-0.00013162187,0.00015125298,-0.00020252279,0.00026587413,8.1338739e-05,-2.1022633e-05,-7.1491654e-05,4.3134526e-05,0.00026426591,-0.00022155621,-0.0002708404,-0.00051629126,-2.4316023e-05,-2.4074809e-05,5.6696486e-05,-0.0002672885,0.031759397,-0.00028336644,7.4205129e-05,-3.4074375e-05,0.00023736904,0.00015454544,0.00015018328,-0.00021114093,6.6200314e-05,2.3515283e-05,-0.00012326866,8.5612289e-05,-0.00029742835,-4.9926856e-05,7.273983e-06,0.00092407132,-9.5049111e-05,0.00013647597,0.00022289961,-0.00041073964,-0.00021883653,-0.0011348219,-0.00013499445,-2.5720089e-05,0.0002462318,-6.704512e-05,0.068073436,-0.00026546278,8.5647308e-05,-0.00021422481,-2.9402017e-05,3.6984261e-05,8.9066645e-05,-0.00036985098,-0.00020932899,0.00014228841,-0.00044183376,-0.00013142233,-0.00041684441,-0.00012953315,-6.7890503e-06,0.0043194409,-0.0017627293,-0.00024742622,0.00041709571,-0.00028001216,-0.00030134369,0.00047587929,-4.7337075e-05,0.0019096789,0.00027229161,6.8358631e-05,-0.00050937589,0.0002477474,-0.095128304,-0.00024184499,-0.0001473621,0.00055832791,0.00017064843,9.7964925e-06,2.0723332e-05,0.00046591831,0.0010144462,-5.3233261e-06,0.001413273,0.00073409363,8.7825371e-05,0.00045738324,-2.7897729e-05,9.3751126e-05,7.4270123e-06,0.00018579833,-0.00039818424,0.00026453952,-0.00020996718,0.00011550511,0.00023335474,-0.00033665508,-0.00013973738,-5.728406e-05
-0.00089183999,0.001110452,0.0026432332,0.00023026313,-9.6153208e-05,-0.00076285865,-0.00010872196,-8.3385359e-05,-1.9956991e-05,1.8942962e-05,-6.7516986e-05,0.00011531687,-2.9727231e-05,5.174833e-05,-9.2109294e-05,-0.00034575595,-4.6192916e-05,0.00051794703,-0.0032272606,0.0018872562,6.6246711e-06,-6.6986561e-05,-9.5399561e-05,-0.00016726327,0.00026874484,0.0001492158,2.8683382e-05,6.9036769e-05,0.00018208596,-0.00041852677,-0.0013563878,-0.00013509326,5.8325777e-05,7.7014412e-05,0.0001744514,0.00014832312,0.00016071406,-0.00023382625,-0.00035603722,0.00011210928,0.00011498349,-0.0002488202,0.00012507258,-2.6147813e-05,-0.0014384381,-2.8046524e-05,3.4332726e-05,2.9875574e-05,0.00017538077,-3.0650323e-05,-8.6296429e-05,-2.1540745e-05,-4.4931192e-05,-0.00012518717,0.00023882575,0.00090245428,9.5569762e-05,-2.4336707e-05,3.3528566e-05,-9.1108221e-05,-7.8768018e-05,4.7732562e-07,0.00017851911,0.00022181634,-6.4798074e-05,-4.4971997e-05,0.00010703897,-7.7049251e-05,1.2311357e-05,0.0024097219,-0.00018869118,0.00019466807,-0.00017443761,-0.00010749265,0.00023417505,0.00029575608,-0.00013809149,-5.678367e-05,0.00047133051,-0.00031834869,-0.00026546278,0.0034843183,-2.5598799e-05,-0.00014338617,-3.7926291e-05,1.710592e-06,-0.00047674591,0.00012290001,-0.00050917843,0.00019419128,-0.00079844632,-0.00057059172,0.00046636118,-0.00019045015,6.3632815e-06,0.011027556,-0.0036395239,-0.00021746273,0.0005843302,-0.00047363474,0.00040358435,-0.00026736287,-0.0015329216,-1.314533e-05,0.0004478553,0.00010556816,-0.0015132425,0.00052568978,0.0033872761,-0.0050514407,-0.00015841863,0.00047025947,0.00031318661,-0.0004928307,0.001288307,-0.0005417199,0.0021935582,-0.00023139427,0.0024938321,0.0015004094,-0.0020556453,0.00086136603,-7.7448904e-05,0.0014913152,-0.00021536909,0.0019264627,-0.0015147787,0.0011974091,-0.0007133722,0.00024082876,0.00028846696,-0.001143398,-7.1269889e-05,-1.259434e-05
-0.00013666427,6.5043892e-05,0.00012790344,2.304411e-05,8.5390157e-06,-2.344239e-06,9.5070313e-06,-1.8182887e-06,-4.7900788e-06,-1.9292454e-05,2.7054728e-05,-5.1748676e-06,2.8625814e-06,2.6679575e-05,1.1298526e-06,0.00022068767,-0.00012519921,-0.00054322782,0.00091929729,0.00013545987,1.8745667e-05,4.5821212e-06,-3.3464278e-05,9.3080496e-07,2.2485473e-05,-1.322259e-05,5.591392e-06,-3.8676588e-05,4.4384186e-05,-2.7835594e-05,-4.0310851e-07,-0.00011775977,1.4883823e-05,-1.8997257e-05,4.2136615e-05,7.9256315e-06,3.3776683e-05,-4.3163832e-05,-6.3475191e-06,3.6896087e-05,3.1828111e-05,-1.984053e-05,-6.9935639e-06,2.4105607e-06,-0.00010967549,-1.7260526e-05,-7.1056752e-06,2.915585e-05,-6.989367e-06,-1.6682396e-05,1.0752449e-05,-4.0603561e-06,2.1645367e-05,-4.475821e-05,0.00010900633,3.0974567e-05,7.6057218e-05,-1.7757876e-05,-5.655844e-06,-2.9299154e-05,7.7118235e-06,-1.7309194e-05,3.2782936e-05,7.5545963e-06,-4.526661e-05,-7.3111034e-06,3.5573556e-06,-5.0071515e-06,-1.793351e-06,-5.1847962e-06,-2.6560185e-05,-1.7506225e-05,-2.2748258e-05,1.6917301e-05,7.5865196e-07,-3.7016918e-06,-5.5532219e-06,-1.8321641e-06,4.5849387e-06,5.0440178e-05,8.5647308e-05,-2.5598799e-05,0.00028225504,-3.5280722e-05,2.3182272e-05,1.0704076e-05,-2.1915493e-05,-1.87629e-05,3.6317587e-05,1.5529466e-05,-4.338649e-05,4.4148109e-06,-3.7084043e-06,-2.6483651e-06,-3.540884e-06,-0.00012929041,-1.493501e-05,-0.00013107732,6.8739811e-06,2.6216405e-05,5.3751016e-05,-6.4950522e-05,-4.9779803e-05,1.3088524e-05,1.433211e-05,4.4285279e-06,-1.0136556e-05,-6.204369e-05,-2.1968487e-05,-3.2952193e-05,-0.0004251529,3.2751767e-05,-3.7908488e-05,4.0306152e-05,-1.8261806e-05,-2.3550952e-05,-9.1859346e-05,-3.8817397e-05,8.9181021e-05,-6.0704771e-06,1.0107202e-05,1.1533798e-05,5.3227828e-06,0.00011047945,-1.9308485e-06,7.0487393e-05,-6.4137643e-05,4.714585e-05,-2.3598434e-06,1.3460291e-05,2.3640396e-05,-9.1790973e-05,2.2110677e-05,-1.7874343e-05
0.00027463658,-0.00033991519,-0.00068297845,-4.5778937e-05,3.3521531e-05,0.00019302936,3.4947778e-05,2.169289e-05,-1.8518804e-06,-9.2993686e-06,-8.5242572e-06,-1.8278516e-05,4.9291691e-06,1.9312624e-05,3.6588559e-05,6.9128851e-05,5.3662701e-05,-0.00033662565,0.0016219498,-0.00056777995,5.0279115e-05,3.1788635e-05,9.6402241e-05,-3.7910554e-06,-0.00011524539,-2.8104437e-05,-2.6089002e-06,7.5706121e-05,-1.2663331e-05,8.0893561e-05,0.0001138016,6.1054941e-05,-0.00010510467,-6.512507e-05,-3.8441708e-05,-4.975554e-06,-9.6721389e-05,5.973957e-05,7.6034389e-05,-5.8279881e-05,1.7780564e-05,-2.1300774e-06,-1.7018905e-06,1.5554585e-05,0.0004451216,-4.1478509e-05,-2.7574313e-05,-5.4794556e-05,1.5931815e-05,5.0624865e-05,1.3368731e-05,-6.1803255e-07,-6.4846854e-05,8.1393977e-06,-0.00020467946,-5.5492539e-05,-4.1574317e-05,6.429453e-05,2.1943166e-05,2.5093124e-05,-1.5979751e-05,3.1014227e-05,-6.697464e-05,-5.4265615e-05,4.9008255e-06,-2.1468429e-05,2.8930571e-05,-3.4649087e-06,-7.5111448e-06,-0.0011146921,5.0499638e-05,-0.00025831663,2.1656146e-05,-9.8151177e-05,9.9842554e-06,-2.0826266e-05,2.6628237e-05,-1.5672939e-06,-0.00035893847,0.00012748681,-0.00021422481,-0.00014338617,-3.5280722e-05,0.00026356224,7.8502823e-05,-3.8600597e-05,0.0001662491,0.00013662042,0.00026982736,-1.8455625e-05,0.00034510181,0.00018065721,0.00012760601,3.7413344e-05,-1.5521709e-05,-0.0052444068,0.0019178889,0.00019848213,-0.00027742625,0.0005173608,-9.1938518e-05,0.00036710462,0.00062828406,-0.00011538351,-0.00014502977,-1.7135819e-05,0.00097282152,-0.00019854505,-0.0010902824,0.00030042649,0.00012473456,-0.00049754427,-0.0002087396,0.00023162618,-0.00057310764,-6.6901915e-05,-0.001082281,5.7834462e-06,-0.0012973264,-0.00063830064,0.00056613937,-0.00036959209,5.5278211e-05,-0.00045136467,6.2271409e-05,-0.00065672847,0.00053200254,-0.00042000845,0.0003067856,-0.00011759418,-0.00018858945,0.00045475812,7.1310269e-05,-6.2671831e-06
-0.00023166573,0.00020813655,-4.4911348e-05,5.3735971e-06,-1.4423972e-05,-2.9009963e-05,-1.1666555e-06,6.6219225e-06,-2.9840062e-05,7.1214608e-06,-2.6325185e-05,5.1283449e-05,-2.7080785e-05,8.4873133e-05,-9.8156266e-05,0.00022125398,-0.00012052739,-0.00062129628,0.00076961676,0.00039198541,9.2022874e-05,-3.2037068e-05,0.00014503025,9.6784281e-05,0.0001684868,-7.1312903e-05,8.3782012e-06,2.8091539e-05,-9.8112467e-05,-0.00021458132,8.7711054e-05,-1.9333588e-05,-6.5566852e-05,-0.0006919335,-5.4170451e-05,7.0748984e-05,-5.896066e-05,2.5691804e-05,4.2496779e-05,-2.5125127e-05,4.6573278e-05,0.00020598218,4.373699e-05,2.4297805e-05,-0.00028165113,-6.8717023e-05,4.3546478e-05,-0.00010976425,-8.830969e-05,-0.00012391917,2.9322206e-05,-5.8054817e-06,-3.9427269e-06,5.3829988e-05,0.00026318318,2.5940223e-05,-5.687589e-06,3.5315289e-05,0.00050926958,3.7148797e-05,-3.3315051e-05,0.00011203051,-7.3854436e-07,-1.5787698e-05,1.674911e-05,-3.5790191e-05,-0.00015295106,-2.458191e-05,-1.9086167e-05,0.00013352799,8.1168593e-05,-6.7538713e-05,-2.3104577e-05,-8.0666872e-05,-0.00022487478,-0.00028005728,3.9353235e-05,-1.2498284e-05,0.00010971303,0.00018964054,-2.9402017e-05,-3.7926291e-05,2.3182272e-05,7.8502823e-05,0.0014485493,6.5838125e-05,1.7053973e-06,0.0003021689,5.2208515e-05,7.357337e-05,-4.5247348e-05,-0.00029176722,-0.00017878779,-4.3802607e-05,-5.9656239e-05,-0.00093367595,0.00023366771,0.00022194512,-0.00030647994,0.00011244173,4.3906221e-05,0.00025590588,0.00053151928,0.00045198159,-8.5737265e-05,1.8614177e-05,6.6253011e-06,-0.00046365092,-0.00028661646,0.00012988046,-6.018246e-06,-9.0496223e-05,-0.0021390937,-5.1458338e-05,5.3619008e-06,-0.00044543231,-0.00024276283,-8.8056941e-05,-0.00014073282,0.00042674513,0.00058944319,-6.478839e-05,8.9461539e-05,0.00031228943,-0.0001499451,0.0001527238,-0.00012670615,9.6062201e-05,-1.4638279e-06,-2.3503909e-05,-0.00013572051,-8.650978e-05,2.6331291e-05,1.0583339e-05
-0.00011083358,0.00034634305,-2.9641917e-06,2.4654575e-05,-9.3239329e-07,-5.0480586e-05,6.0050228e-05,2.0205873e-05,-2.1495203e-05,6.1621026e-06,6.5281763e-05,4.0644788e-06,-1.6769553e-05,-1.4413572e-05,2.1493821e-05,0.00046588879,-0.00040458911,-0.0010199398,7.2328569e-05,4.2646823e-05,-1.8237781e-05,-8.6524986e-05,-0.00012165495,-3.3984901e-05,-1.5246857e-05,-1.3313073e-05,5.1610516e-06,-5.7928608e-05,0.00015486661,-0.00011677857,3.5329248e-05,-1.9418684e-05,1.6174519e-05,-5.7091825e-05,-0.00067714779,-0.00040355431,0.000123869,-0.00016462812,-6.4089145e-05,4.6861312e-05,-0.0001225097,0.00012733779,8.4435866e-05,-8.0587956e-06,1.2911071e-05,3.618453e-06,2.4916472e-05,8.3360757e-05,4.0027252e-05,9.1626565e-05,2.51563e-05,-5.2981522e-06,-2.2555728e-05,-0.00020308095,0.00032275337,6.8164635e-05,-1.0075753e-05,-1.3225414e-07,5.8465814e-05,0.00049976774,0.00033892163,-4.7699034e-06,0.00016404842,4.3870131e-05,-1.8701922e-05,4.587475e-05,-0.00016996649,-3.1127275e-05,6.1350273e-06,0.0013045803,5.4582955e-05,0.00020744562,-0.00013158555,0.00012589057,1.3811566e-06,3.8486768e-05,6.7456263e-05,-1.5436574e-05,0.00051461608,-9.8643131e-05,3.6984261e-05,1.710592e-06,1.0704076e-05,-3.8600597e-05,6.5838125e-05,0.0019718533,0.00064013163,-6.3423487e-05,-0.00022295424,-1.1239245e-05,-0.00027115666,-0.00011488976,4.2825658e-05,-0.00016811417,-2.2810414e-06,0.0058816669,-0.002441177,-0.00031015644,0.00019052554,-0.00056791407,0.0003271552,-0.00051876371,-0.00078351732,-7.9995103e-05,8.9983847e-05,4.1201305e-05,-0.0013005264,0.00041331881,0.0018253334,-0.00011951798,-0.00013202508,0.00022400932,0.0001905735,-0.0029987013,-0.00058964618,0.0001659952,0.0010918792,7.9731632e-05,0.0012925588,0.0005508677,-0.00096895686,0.00058876282,-4.944087e-05,6.8903641e-05,-5.3522406e-05,0.00050504972,-0.00044308336,0.00035666133,-0.00032577297,0.00013333562,0.00027146824,-0.00034703241,-0.00014284657,5.453542e-05
0.0018186027,-0.0018023801,-0.0033942223,-0.00033598448,0.00015741523,0.0010080834,0.00020799675,6.8990263e-05,4.7908522e-05,-4.0314616e-05,1.0628183e-05,-5.9444816e-05,9.5533356e-06,-4.1662027e-05,0.00019189452,5.7400692e-05,-8.7907106e-05,-0.0013824464,0.0071733738,-0.0028797347,-3.2511416e-05,0.0001644963,0.00033132995,9.5345698e-05,-0.00058411807,-3.4088716e-05,-2.1459167e-05,0.00025016526,-0.00034340473,0.00096479434,0.00023670078,0.00024632229,2.4314645e-05,6.9476717e-05,-0.00062182364,-0.00083532479,-0.00054512255,0.00032509677,0.00055071747,7.6051324e-06,0.00011104623,0.00046032037,5.5943477e-05,3.7917044e-05,0.002233754,2.4023817e-05,-0.00015523108,-0.00013915457,1.9029952e-06,0.00030218023,1.4899168e-05,1.3911272e-05,-8.2715023e-05,0.00020993678,-0.00050552285,-0.00019741444,-0.00013060498,-2.9618991e-05,-5.8609218e-05,0.00044492872,0.00061277693,0.0002906276,-0.00018165662,-0.00025733652,-7.4853695e-06,-0.00010973897,-0.00025346605,-2.8428383e-05,-1.6031993e-05,-0.0054599485,0.00034234037,-0.00073051915,0.00033688689,-0.00023350842,-0.00025562035,-0.00028806855,4.3164702e-05,1.1410915e-05,-0.001282826,0.00091492171,8.9066645e-05,-0.00047674591,-2.1915493e-05,0.0001662491,1.7053973e-06,0.00064013163,0.0023317308,0.00077182814,0.0012513196,-0.00016860593,0.0015430077,0.00083500775,-0.00088924648,0.0001107515,-5.0694766e-06,-0.023609573,0.0090308577,0.00084364405,-0.0013649348,0.0016427077,-0.00084579056,0.0014201746,0.0032744405,-0.0002651939,-0.00053610039,-9.337224e-05,0.0036868204,-0.0012821297,-0.0065667315,0.0010610201,0.00036982127,-0.00082365126,-0.0004770903,-0.00020672842,-0.0048693314,-0.00046707496,-0.0050463857,0.00020810926,-0.0055490061,-0.0030067784,0.0046454204,-0.0016159815,0.00016026785,-0.0023247564,0.00026609454,-0.0033692373,0.0027256777,-0.0021648386,0.0014316542,-0.00049924473,-0.00093955052,0.0021753931,0.00030840682,-1.6575545e-05
0.0016062626,-0.0017238569,-0.0023712151,-0.00028218224,0.00012386531,0.00070844276,9.1595479e-05,6.9098946e-05,3.8581716e-05,-2.6790704e-05,3.3814514e-06,-8.1278048e-05,-2.1913036e-05,-2.1800767e-05,0.00016181334,0.00068902552,-0.00049496223,-0.0026848852,0.0077805262,-0.002222061,7.600667e-05,0.00019965267,0.00026971439,0.00010398991,-0.00034654675,-6.763067e-05,-1.1132674e-05,9.4913466e-05,-0.00034356404,0.0012106373,-8.3770907e-05,0.00021454393,3.1784938e-05,-8.4999916e-05,-0.0001601765,-4.6821606e-05,-0.0015869647,0.00033427983,0.00027934683,-5.4112112e-05,5.1021535e-05,0.00027984974,1.7167304e-05,4.9856251e-05,0.0016885248,-4.8922791e-05,-0.0001175626,-0.00015863375,-6.8993867e-05,6.7730885e-05,3.6001692e-05,7.1280621e-06,-2.9439731e-05,0.0003361762,-0.00061888655,-2.0845467e-06,-0.00010923183,-4.6437546e-05,8.7446187e-05,0.00016610353,4.8848555e-05,0.0010335056,-0.00025221812,-0.00012169369,4.1179966e-05,-6.2472521e-05,-0.00016319119,-1.0338874e-05,-2.6062274e-05,-0.0041248328,0.00030124273,-0.00078705621,0.00030272903,-0.00016062977,-0.0002347722,-0.00022838781,0.00011097323,3.4163992e-07,-0.00089921169,0.00071195359,-0.00036985098,0.00012290001,-1.87629e-05,0.00013662042,0.0003021689,-6.3423487e-05,0.00077182814,0.0029649873,0.0009182534,-6.4279428e-05,0.0012662649,0.00059708531,-0.00061998154,7.631991e-05,-2.9036809e-05,-0.017013525,0.0063377541,-3.3798265e-05,-0.0010735308,0.0014094257,-0.00068116636,0.00090322816,0.0024482812,-2.0996521e-05,-0.00052293204,-5.3218577e-05,0.0025150843,-0.00099874613,-0.0038379673,-0.00011180393,0.00021465422,-0.00062189142,-0.00082906248,0.0011396416,-0.002130505,-0.0039791908,-0.0035550374,2.552178e-05,-0.0040579961,-0.0019861261,0.0032942477,-0.0010897231,0.00014673316,-0.0017531675,0.00017300247,-0.0027340174,0.0022588687,-0.0017904759,0.0010722066,-0.00030807677,-0.00043752302,0.0019489166,0.00014384742,-9.5460065e-05
0.0019781087,-0.0018313817,-0.0032719965,-0.00034064422,0.00015571761,0.0010009806,0.00021193073,6.9117546e-05,-6.1400453e-05,-7.397294e-05,-8.2479849e-06,-8.3375839e-05,4.331869e-05,-2.0658647e-06,0.00026217455,2.0162239e-05,3.7150417e-05,-0.0010150069,0.0083064949,-0.0029963559,-5.8660549e-05,0.00025120266,0.00033664039,4.7556012e-05,-0.00068182111,1.993307e-06,-2.6213004e-05,0.00011079436,-0.00036084834,0.00091474454,0.00012507162,0.00023505136,2.1043348e-05,7.0220181e-05,-0.00032630448,-0.00019290944,-0.00070507285,-0.00038963527,0.00034879505,6.1620652e-05,0.00015185837,0.00039588153,5.312472e-05,4.1142451e-05,0.0022796893,3.9766476e-05,-0.00018373723,-0.00019198468,1.5588786e-05,0.00035449977,-1.1487818e-05,1.6585163e-05,-5.2945448e-05,0.00032641308,-0.00072325615,-0.00020920958,-0.00011318283,-3.1063326e-05,-4.5137536e-05,0.00023250712,0.0001575648,0.00029634126,0.00028119451,-7.1713415e-05,-8.7466274e-05,-0.00016073788,-0.00024152654,-2.3681252e-05,-1.7494664e-05,-0.0069272228,0.00024735044,-0.0008234031,0.00052978458,-0.00031571161,-0.00023465181,-0.00012338439,-7.9511415e-05,2.8451963e-05,-0.0017720553,0.001155305,-0.00020932899,-0.00050917843,3.6317587e-05,0.00026982736,5.2208515e-05,-0.00022295424,0.0012513196,0.0009182534,0.0032224322,0.00024286874,0.0017796449,0.00095830197,-0.0011079305,0.00019483423,-2.4789682e-05,-0.031054025,0.012072303,0.0016553264,-0.001550138,0.002138205,-0.0011395881,0.0018618989,0.0041489681,-0.00076487613,-0.00053834375,-0.00015657541,0.0049848322,-0.001961696,-0.0082386523,0.0012643091,0.00046666305,-0.0011575556,-0.00080833492,0.0011023334,-0.0038143145,-0.00056246884,-0.0087729769,-0.00050143227,-0.0069838039,-0.0036655613,0.0060133057,-0.0022859452,0.00025532093,-0.0024111283,0.00033913317,-0.00394908,0.0032135902,-0.0025422912,0.0018302569,-0.00069971902,-0.00142134,0.0025961775,0.00045440145,4.0744726e-05
-0.0012219089,0.00074536468,0.0020452662,0.00015551965,-7.6210177e-05,-0.00064757228,-0.00013308945,-7.8541635e-05,-5.136294e-05,7.9958579e-06,-5.9830006e-05,0.00011753013,-5.7971424e-05,0.00018072636,-0.00026385991,0.00015170069,-5.1524459e-05,-0.00011871867,-0.00092596868,0.0021654681,6.2376297e-05,7.6097848e-05,-0.00013748783,-8.5306023e-05,0.00041959167,4.7382101e-05,7.2971454e-06,-5.7110177e-05,0.00012733557,-0.00046789282,-0.00014755405,-0.00010737583,-9.6474399e-06,4.2137283e-06,9.9532814e-05,0.00012762309,0.00015648869,-0.00035143568,-0.00090594198,-3.9205289e-05,1.8848225e-05,-0.00026502457,1.6066287e-05,-6.0648818e-06,-0.0016686671,-3.2558612e-05,-7.4377939e-05,9.373129e-05,5.616588e-05,-0.00019025209,-6.7151588e-05,-5.1390643e-06,8.5281015e-05,-8.7388864e-05,0.00010035928,0.00020408279,5.8697639e-05,7.8908353e-07,1.3560014e-05,-3.8365587e-05,-5.8872498e-05,-6.240615e-05,0.00025155329,0.00064675489,1.370825e-05,4.6655397e-05,0.00011026215,-1.2149795e-06,2.6453414e-06,0.001149215,-0.00010742292,0.00014562374,-0.00019962933,9.2341939e-05,-5.158874e-05,-0.00018941502,-6.6981694e-05,-2.4937094e-06,0.00044493813,-7.6837869e-05,0.00014228841,0.00019419128,1.5529466e-05,-1.8455625e-05,7.357337e-05,-1.1239245e-05,-0.00016860593,-6.4279428e-05,0.00024286874,0.0020133306,-0.00026235213,-0.00021591906,6.5329018e-05,-4.3560182e-05,-1.5353652e-05,0.0040870779,-0.0010317861,0.0004459298,-0.00010266899,-9.8740698e-05,0.00038303682,-0.0001591125,-0.00037994173,0.0003545552,0.00019977864,3.83285e-06,-0.00086721386,2.452186e-06,0.00080846681,-0.00020313902,-3.180836e-05,0.00011928661,-5.704242e-05,-0.00037929617,0.00043304721,-4.9560099e-06,7.6253967e-05,-0.0029196145,0.00078264696,0.000500425,-0.00055268877,0.00022528002,1.4975902e-06,0.001755056,-0.00047028789,0.0014600837,-0.0010816687,0.00079495824,-0.00033849642,8.4464871e-05,-7.4161796e-05,-0.00081644837,5.1764774e-05,1.5390958e-05
0.0033334896,-0.0029495223,-0.0052226703,-0.00055273575,0.00023957908,0.0015995085,0.0003085167,0.00014672745,5.5044166e-05,-9.9479013e-05,-2.9007845e-05,-7.8075952e-05,4.786153e-05,-0.00012246956,0.00038754194,-0.00046200767,0.00033936878,-0.0015452051,0.010988624,-0.0049346276,-9.0581331e-06,0.00017746304,0.00091633856,0.00019767991,-0.00073106299,-8.2907956e-05,-3.710898e-05,0.00046857606,-0.00054460716,0.0017499154,0.00028706293,0.00045573673,-1.6758861e-05,-4.760538e-05,-0.00036754287,-0.00013100427,-0.0010934853,0.0007584767,0.00071950959,-0.0011087968,4.6037024e-05,0.0007603382,0.00014552829,6.2338943e-05,0.0037944422,2.5981062e-05,-0.00011568757,-0.00047303963,-2.963746e-05,0.00025923194,7.7238632e-05,1.6638064e-05,-0.00028191826,0.00044571722,-0.0011918759,-0.00036145118,-0.00026147293,-2.6981757e-05,-2.4251696e-05,0.00026755533,7.2793208e-05,0.00053005484,-0.00057651026,-0.00034210806,0.0010591548,-4.0863621e-05,-0.00038955381,-6.0993378e-05,-3.0558314e-05,-0.0091317094,0.00042852376,-0.0011826571,0.00082874421,-0.00050854074,-0.00031570086,-0.0005703417,0.00016839135,1.4974773e-05,-0.0024028619,0.0013522512,-0.00044183376,-0.00079844632,-4.338649e-05,0.00034510181,-4.5247348e-05,-0.00027115666,0.0015430077,0.0012662649,0.0017796449,-0.00026235213,0.0055770432,0.0017699831,-0.0012841047,0.00014518073,-9.5141889e-06,-0.039580099,0.015126364,0.001688217,-0.0019632984,0.0028275779,-0.0018379301,0.0025075681,0.0052568711,-0.00039986392,-0.0010676957,-0.00016621949,0.0066377678,-0.0020460944,-0.010154021,0.001701551,0.0007014086,-0.0015178958,-0.00086357472,0.0015775334,-0.004790019,-0.0007908792,-0.0078852689,0.00021786279,-0.013286515,-0.005413107,0.0073708133,-0.002651864,0.0002901933,-0.0039796636,0.00060886639,-0.0057416724,0.0046292109,-0.0037110101,0.0024267081,-0.00086436698,-0.0016673074,0.0039203145,0.00052039768,-6.0248355e-05
0.0019277598,-0.0010172227,-0.0028941752,-0.00027898344,0.00010823405,0.0010080463,0.00027466646,6.6359082e-05,-4.4594029e-07,-6.2187651e-05,-3.5571798e-06,-0.00010159107,4.8646633e-05,-4.8491357e-05,0.00019730628,0.00010058325,-0.00011382488,-0.001088441,0.0057311499,-0.0024890906,-9.1282822e-05,-4.1876752e-05,0.0004416185,0.00015769701,-0.00050475061,-8.8089644e-05,-1.6245061e-05,9.6323697e-05,-0.00017746846,0.00055255654,0.00032143514,0.00024048696,-1.6383076e-06,4.4131386e-05,-0.00029399825,-0.00017366046,-0.0006099091,0.00035245666,0.00052564983,-0.00025798141,-0.00057108111,0.00048768654,7.3412895e-05,1.2924522e-05,0.001957215,6.3638727e-05,-1.0902195e-05,-0.00019216982,-8.3994655e-05,0.00020133127,5.4542255e-05,1.1875278e-05,-9.4243847e-05,0.00015929437,-0.00043162131,-0.00029057942,-0.00012452581,-9.2610582e-07,-5.2917135e-05,0.00014070419,0.00010155018,0.0002865785,-0.0002283704,-0.00019721517,0.0002242233,0.00041410484,-0.00020699087,-7.1753877e-05,-7.3425205e-06,-0.0045369602,0.0002313978,-0.00050790155,0.00040123215,-0.0002017154,-7.2734777e-05,-0.00025795517,8.5740443e-05,1.0378174e-05,-0.0011099805,0.00072850784,-0.00013142233,-0.00057059172,4.4148109e-06,0.00018065721,-0.00029176722,-0.00011488976,0.00083500775,0.00059708531,0.00095830197,-0.00021591906,0.0017699831,0.0024048867,-0.00059229016,6.7600918e-05,3.2919424e-06,-0.018911355,0.0073471901,0.00072102759,-0.00099939449,0.0011760504,-0.0008155538,0.0011739393,0.0024280096,-0.00016409466,-0.00054184047,-7.5601464e-05,0.0030408634,-0.0010426628,-0.0046633843,0.0010710187,0.00030213736,-0.00073729516,5.2369997e-05,0.00071520899,-0.0024480766,-0.00038151918,-0.0039161151,0.00022596288,-0.0051770675,-0.0047094655,0.0035311087,-0.0012815372,0.00012169862,-0.0020043493,0.00027219776,-0.0030995627,0.0023815678,-0.001874023,0.0011847385,-0.00039942435,-0.00080196027,0.0020023066,0.00023481109,-1.1883055e-05
-0.0021548588,0.0012019784,0.0033959887,0.0003140695,-0.00012472815,-0.0010318665,-0.00019301453,-5.9014618e-05,-2.5228265e-06,1.643982e-05,-9.0513251e-06,7.4703014e-05,-9.1000466e-05,0.00010456737,-0.00029302591,0.00091024158,-0.00057573293,-0.0013866469,-0.0021311103,0.0029653002,1.2971741e-05,-1.9755516e-05,-0.00083718802,-0.00016284254,0.0006379982,5.1151994e-05,2.1784374e-05,-0.00023950774,0.00020201643,-0.00040325001,-5.1515567e-05,-0.00022901075,-9.6149724e-05,0.00023890483,0.0003986236,0.00022224201,0.00053812926,-0.00042180553,-0.00057254231,0.00015032649,1.4986336e-05,-0.0014366769,-0.00012732859,-2.9869568e-05,-0.0022394407,-2.3269184e-05,2.5324753e-05,0.00050545649,8.8767172e-05,-0.00032459943,-7.1437145e-06,-2.042637e-05,0.00010858046,-0.00010989078,0.00010263799,0.00023057021,0.00011112865,6.6186345e-05,-0.00012755016,-0.0002806183,-0.00019760501,-0.00027358297,0.00017183396,0.00021111304,-0.00017499184,4.694926e-05,0.00098106502,5.3991716e-05,1.8480945e-05,0.0042886351,-0.00030947728,0.00040279066,-0.0001184975,0.00093612542,0.00034301151,0.00014737958,4.5611514e-05,-3.6690785e-05,0.0010647809,-0.00067854737,-0.00041684441,0.00046636118,-3.7084043e-06,0.00012760601,-0.00017878779,4.2825658e-05,-0.00088924648,-0.00061998154,-0.0011079305,6.5329018e-05,-0.0012841047,-0.00059229016,0.0028779399,-4.0948139e-05,1.9997228e-05,0.018074369,-0.0068596799,-0.00096765334,0.00094129161,-0.000982141,0.00041527412,-0.0021798568,-0.0027096394,0.00029172273,0.00033221334,0.00010564942,-0.0028001343,0.0010696444,0.005665857,-0.00083233916,-0.000333293,0.0002418228,0.00078959067,-0.0004454561,0.0024143683,0.00040526397,0.003998321,-6.27207e-05,0.0042488254,0.0022067204,-0.0065418755,0.0013182793,-0.00014841774,0.0023786654,-0.0003434706,0.0031200593,-0.0024019469,0.0018493901,-0.0011562201,0.00040645266,0.00088559265,-0.0019851119,-0.00020309645,-6.622587e-05
0.00011233704,-0.00025192099,-0.00024180409,-1.754498e-05,1.2451028e-05,0.00010030188,-1.0050001e-05,1.3463593e-05,5.9672173e-06,-2.0311935e-05,1.6049853e-05,-3.3612966e-05,-2.2965697e-06,-1.2093042e-05,1.7259968e-05,6.0773688e-05,6.0763403e-05,-0.00010665744,0.00080419596,-0.00025976428,-2.7723596e-05,4.8557997e-05,1.0338134e-05,-6.513225e-05,-6.7104517e-05,-2.2258525e-05,3.6186321e-06,-1.0262069e-05,-9.506702e-06,0.00025028797,0.00012970213,2.1324735e-05,-5.9472491e-06,3.3127891e-05,6.9881123e-05,2.7227318e-05,-9.532769e-05,4.91155e-06,5.6539509e-05,4.5930748e-05,2.6600979e-05,-1.5661743e-05,-0.00022786946,7.5435004e-06,0.00017735674,1.1987115e-05,-2.7392645e-05,-2.5910063e-05,4.9714109e-05,1.1174749e-05,-2.8474094e-07,-4.9750548e-08,-1.50768e-05,-1.0975389e-05,-0.00022845532,-7.8698878e-05,-2.1804822e-05,1.6491649e-06,-3.3038075e-05,-2.4651992e-05,-1.911648e-05,3.4855106e-05,-3.7075004e-05,-2.4830145e-05,-1.0201672e-05,-6.4335245e-05,2.2642096e-05,6.8609676e-05,-1.3497383e-06,-0.00071700063,-1.9323794e-05,-4.7156113e-05,7.8916943e-05,-3.2629623e-06,4.3653122e-05,-2.5699524e-05,3.1582811e-06,-5.9254059e-06,-0.00020816522,0.00012930558,-0.00012953315,-0.00019045015,-2.6483651e-06,3.7413344e-05,-4.3802607e-05,-0.00016811417,0.0001107515,7.631991e-05,0.00019483423,-4.3560182e-05,0.00014518073,6.7600918e-05,-4.0948139e-05,0.00051399782,-2.3579076e-06,-0.0028900559,0.0011495241,4.8687705e-05,-6.0535043e-05,0.00010731027,-0.00014272826,0.00013864059,0.00026866798,-9.7605728e-06,-6.6864564e-05,-3.7836214e-06,0.00044875783,-0.00018040603,-0.00062110447,0.00025140279,4.5225712e-05,-0.00011484837,-8.2536451e-06,0.00033627815,-0.00035600442,-5.5131631e-05,-0.00065304957,3.1738737e-05,-0.00057147643,-0.00031195468,0.00054431849,-0.00092699376,2.1722699e-05,-0.00019480214,5.84583e-05,-0.00034130456,0.00030277104,-0.00023495705,0.0001769574,-6.692376e-05,-8.2117802e-05,0.00025076729,5.0113564e-05,-8.8924799e-06
-5.6441117e-06,6.0976585e-05,3.5905585e-05,1.9774445e-06,-4.1426774e-06,-7.1743585e-06,-2.442711e-07,-1.804523e-06,5.362269e-06,-1.1266799e-06,7.3376324e-07,-2.1045409e-06,5.4107244e-06,-5.9334411e-06,3.5762098e-06,-1.0067233e-06,-9.0624659e-06,-1.1676401e-05,-4.8426887e-05,2.2344145e-05,-8.1432037e-06,-1.1960235e-05,2.8462156e-07,5.5441809e-06,1.0542697e-05,2.1895385e-06,-6.354089e-07,-2.2826178e-06,1.9739553e-05,-2.4010287e-05,-1.1420226e-05,-1.7399054e-06,8.9818965e-06,2.6234037e-05,4.8772045e-06,9.9485656e-06,2.7617978e-05,-1.4542689e-06,1.8294274e-06,6.8256543e-06,-9.1134854e-06,-1.0019028e-05,3.2507981e-06,-1.0609666e-05,-1.4670162e-05,5.6284019e-06,5.1284608e-06,-7.1503527e-07,-7.3307952e-06,-7.4540526e-06,3.017412e-07,3.478078e-07,-2.9954578e-06,-1.267859e-05,1.0208605e-05,7.1392211e-06,1.9666078e-07,-6.5250251e-06,-1.837912e-05,-2.4142512e-06,-4.6008761e-06,-1.5567657e-05,5.0831082e-06,-1.6468061e-06,-3.87908e-07,5.6419922e-06,2.7891906e-06,-1.4234585e-07,8.5226553e-06,4.3160382e-05,-4.9106984e-06,1.735731e-05,-3.4918358e-06,-5.0577725e-06,3.8406479e-06,6.9285835e-06,-7.542744e-07,1.8660596e-06,1.2984862e-05,-2.0260878e-05,-6.7890503e-06,6.3632815e-06,-3.540884e-06,-1.5521709e-05,-5.9656239e-05,-2.2810414e-06,-5.0694766e-06,-2.9036809e-05,-2.4789682e-05,-1.5353652e-05,-9.5141889e-06,3.2919424e-06,1.9997228e-05,-2.3579076e-06,1.5924166e-05,0.00026185622,-4.8148273e-05,4.1018042e-05,2.2908722e-05,-1.765856e-05,8.8728414e-06,3.5908855e-06,-3.1940833e-05,-1.4789824e-05,5.3484604e-06,-2.6950441e-06,-4.3186055e-05,1.886068e-05,7.9006515e-05,3.3997082e-06,7.9541421e-06,2.3809563e-05,8.3137592e-05,-3.819166e-05,1.7967598e-05,3.7567584e-05,6.7769927e-05,2.3924953e-05,4.9882796e-05,3.9415395e-06,-6.1147958e-05,1.4027756e-05,-2.0663372e-05,1.5476922e-05,1.747903e-06,3.3411143e-05,-3.0548982e-05,2.214765e-05,-1.4685763e-05,-1.3493435e-06,-4.254881e-06,-2.3093575e-05,-2.1978668e-06,-1.4768323e-06
-0.030424204,0.034444213,0.059591388,0.0057563968,-0.0025986853,-0.017562472,-0.0028398621,-0.00098277138,-0.0011560292,0.0010339887,0.00057791035,-0.0022710152,4.6671823e-05,-0.0044471219,-0.001234733,0.0057727038,-0.0055843289,0.016367136,-0.22091752,0.051086702,0.00087973454,-0.0021007763,-0.008318215,-0.0025025643,0.0081702297,0.00061971895,0.00046380612,-0.0046831398,0.0063796974,-0.021688148,-0.0032860806,-0.0048936643,0.00037665303,0.00068046093,0.0018239249,0.0012325286,0.010679456,-0.0063006367,-0.0088051161,0.0027074224,-0.0022548744,-0.0074726984,-0.00091885936,-0.00068314351,-0.039160174,-0.00049552431,0.0015233542,0.0038327611,0.00014404327,-0.0035073064,-0.00042079563,-0.00024455599,0.0024134905,-0.0056544354,0.014022408,0.0031363207,0.0026564239,0.00026490371,0.00070253378,-0.0010556909,0.00035777494,-0.0046344409,0.00476912,0.0042492869,-0.00053578306,0.0027034801,0.0025610152,0.00033299322,0.00035250628,0.13551143,-0.001093073,0.018050214,-0.011716176,0.0055680991,0.0044215216,0.0080665858,-0.001063211,-0.00035299756,0.0357366,-0.021224048,0.0043194409,0.011027556,-0.00012929041,-0.0052444068,-0.00093367595,0.0058816669,-0.023609573,-0.017013525,-0.031054025,0.0040870779,-0.039580099,-0.018911355,0.018074369,-0.0028900559,0.00026185622,0.82409272,-0.27375473,-0.00929618,0.036162748,-0.049044585,0.035329279,-0.042208835,-0.10945197,0.001840367,0.019639186,0.0033687777,-0.1250478,0.039496938,0.21103399,-0.029335917,-0.010218737,0.030283566,0.018846165,-0.049091641,0.09505065,0.015095678,0.16627975,-0.0027846441,0.18252011,0.090379167,-0.14631877,0.054123397,-0.0058878372,0.040942785,-0.0074694903,0.065752165,-0.052682446,0.041223046,-0.039305774,0.013309388,0.026652616,-0.043500343,-0.014330667,0.0029265636
0.0064949511,-0.010573108,-0.014755872,-0.001665871,0.00070060262,0.0037992023,9.7887578e-05,6.7212589e-05,0.00016073958,-0.00043620171,-0.0008751122,0.00049120624,0.00032054536,0.0014680805,0.00273351,-0.0020716756,0.0015997898,-0.0055984438,0.06201772,-0.010207539,-0.00011857943,0.00086765301,0.0026253694,0.0002032783,-0.0012498032,-0.00013265577,-0.00016717791,0.0017375433,-0.002041217,0.0065667682,0.00028833644,0.0015806635,-8.3414284e-05,-0.00020400894,-6.6669655e-05,4.6989639e-05,-0.0033375959,0.0018224196,0.0028889609,-0.0010301451,0.0010970752,0.0015524996,-3.3303483e-05,0.00019997404,0.0078118438,0.00012264415,-0.00072425273,-0.0012149653,0.00011626358,0.0001504712,0.00018995724,5.9219487e-05,-0.00077463042,0.0019642283,-0.0050347852,-0.00083278213,-0.00085707835,-4.8311058e-05,-3.0576384e-06,0.00035829167,-0.00023952253,0.0015307326,-0.0015413662,-0.00093872084,0.00030932766,-0.00077324379,-0.00041362715,-4.1524847e-05,-8.9292801e-05,-0.051407851,0.0005887255,-0.0067710275,0.0043190612,-0.0023465191,-0.0018993174,-0.0035147086,0.00035404306,0.00011169738,-0.012988178,0.0080547122,-0.0017627293,-0.0036395239,-1.493501e-05,0.0019178889,0.00023366771,-0.002441177,0.0090308577,0.0063377541,0.012072303,-0.0010317861,0.015126364,0.0073471901,-0.0068596799,0.0011495241,-4.8148273e-05,-0.27375473,0.12493734,0.050095918,-0.012507893,0.028815579,-0.0097144413,0.02352736,0.040268714,-0.010018534,-0.0069083415,-0.0013968468,0.04657155,-0.02036964,-0.07728612,0.016170349,0.0075489012,-0.010403749,-0.010920756,-0.0041151578,-0.030270176,0.0014770494,-0.061338358,-0.0031147932,-0.070264414,-0.034607897,0.051443545,-0.024439881,0.0024452617,-0.0080227106,0.00049256841,-0.018227107,0.015551458,-0.012671388,0.013431056,-0.00892863,-0.026941599,0.01313358,0.0062398752,0.0027155267
-0.0064822313,0.0029046273,0.0053555625,0.00062048306,-0.00040619941,-0.0022096247,-0.0011737886,-0.00041263633,-0.00023162566,0.00013581056,-0.0014856154,6.1961165e-05,0.00073382544,0.00092404042,0.0052048893,0.00014319321,-0.00047847393,-5.6551105e-05,-0.022225194,0.0098112597,0.00014799341,6.0690649e-05,-0.00031111137,-0.00081104785,0.0023990688,6.3915991e-05,-3.471427e-05,0.00061423779,0.00053686591,-0.0028423613,-0.00044596185,-5.6480901e-05,-0.00014763614,-0.00072890488,0.00035769971,0.00035629375,0.0011734631,-0.00069979332,0.00019284283,-0.00037820221,-9.3201527e-05,-0.00082297556,-0.00047934664,-7.627254e-05,-0.0071819203,-9.378688e-05,-0.00014044456,0.00032913705,0.00057052455,-0.0010764681,-2.8266432e-05,3.711414e-06,0.00012257346,-2.686282e-06,2.7125589e-06,0.00033919349,-1.6546326e-05,8.3139806e-05,0.00088297131,-0.00020170184,-0.00020831768,-0.00025308836,0.0002815847,0.0005166411,-0.0001535992,0.0003152385,0.00023688779,0.00014712403,4.7074108e-05,-0.0041451701,-1.0761051e-05,-0.00035564549,7.428896e-05,-0.00069124469,-0.00056836701,-0.0012445994,9.7346766e-05,2.6981749e-05,-0.0002988372,0.0008350282,-0.00024742622,-0.00021746273,-0.00013107732,0.00019848213,0.00022194512,-0.00031015644,0.00084364405,-3.3798265e-05,0.0016553264,0.0004459298,0.001688217,0.00072102759,-0.00096765334,4.8687705e-05,4.1018042e-05,-0.00929618,0.050095918,0.099630282,0.00042809064,0.023293314,0.0061034514,0.019107019,0.0085425533,-0.021582013,-0.0010861742,-0.00067797889,0.0060189126,-0.012801666,-0.017019279,0.013350215,0.0088058299,-0.00052045261,-0.010801643,-0.044464814,0.0061662014,0.018083351,-0.0093064976,-0.0074941092,-0.01605356,-0.0069691187,0.0047673331,-0.013627573,0.001163159,0.0079728194,-0.002222758,0.005893725,-0.004094743,0.0029191094,0.00086212531,-0.0094606603,-0.039273956,-0.0031533619,0.0020256567,0.008402215
-0.0032188155,0.0019737612,0.0060083182,0.00041959605,-6.6672673e-05,-0.0018722885,-0.00024953642,-0.00012926984,2.3274211e-06,-1.7508645e-05,-2.04311e-05,-0.00015261586,8.2421783e-05,-0.00043769854,0.00062881288,-9.4644886e-05,-0.00012818464,0.0012980711,-0.010652866,0.0028353439,-1.5531736e-05,0.00023843544,-0.00066382445,-0.00032067781,0.0014301399,0.00022187982,1.072134e-05,-0.00048034089,0.00033514227,-0.00040351188,-0.00043383028,-0.00040426201,5.328618e-05,1.6822668e-05,0.00053716932,6.7882364e-05,0.0011269283,-0.00070377313,-0.0010693097,-7.9303062e-06,-6.4334605e-05,-0.00091217262,-0.00016126565,-3.1576283e-05,-0.0024507511,-5.742781e-05,-0.00013797378,0.00042274604,0.00030527669,-0.00041166704,-8.0818933e-05,-1.2196362e-05,0.00011369726,-0.00031889053,0.00061337078,0.00031282234,0.00024847117,-2.7377377e-05,1.8816918e-05,-0.00041232323,-0.00022119139,-0.00050145453,0.00047212903,0.00037459039,-2.2621344e-06,2.7938579e-07,0.00040486318,7.8089983e-05,1.7259478e-05,0.0067292015,-0.0034820123,0.00089205257,-0.00057213603,0.00019015776,0.00038702966,0.00044655862,-5.6252878e-05,-1.5358223e-05,0.0014202865,-0.0011005196,0.00041709571,0.0005843302,6.8739811e-06,-0.00027742625,-0.00030647994,0.00019052554,-0.0013649348,-0.0010735308,-0.001550138,-0.00010266899,-0.0019632984,-0.00099939449,0.00094129161,-6.0535043e-05,2.2908722e-05,0.036162748,-0.012507893,0.00042809064,0.0086666643,-0.0019104109,0.0014039304,-0.0018250365,-0.0052845039,-0.00055862185,0.0008846117,0.0001343938,-0.0048065454,0.0019495649,0.0082209907,-0.0013915351,-0.00037458464,0.0013484745,0.0012727078,-0.0023109588,0.0047892061,0.0013043882,0.0075788393,0.00066057804,0.0079232218,0.0041610458,-0.0068581455,0.0020387366,-0.00026185231,0.0021537359,0.0025724583,0.0047394092,-0.0035176495,0.0026703543,-0.0018584022,0.00056188798,0.00061404724,-0.0028435564,-0.00042443985,0.00026981155
-7.3293002e-05,-0.0017214222,-0.0024284806,-0.00011655618,6.7113435e-05,0.00048339111,-0.00033932066,-3.2101713e-05,6.3096872e-05,-6.7499334e-05,-0.00035591929,3.4631612e-05,7.8325463e-05,0.0005295158,0.0013158645,-0.0002849083,0.00034524987,-0.00066919518,0.0064902476,-0.0006956216,0.00044463301,0.00013731156,0.00046999283,-0.00013419233,1.9702976e-05,1.9763413e-06,-4.0336484e-05,0.00050015924,-0.00026457107,0.0011792038,2.4176674e-05,0.00027795676,-0.00017089698,-0.00024633318,3.9150674e-05,-8.0001524e-05,-0.00055426935,0.00026102901,0.00053159383,-0.00023785449,0.00035241971,5.1249883e-05,-2.2854748e-05,5.1477913e-05,0.00055472244,-0.00027979605,-0.00012255809,-0.0002237758,0.00020361909,-5.7856998e-05,3.2298725e-05,8.0116738e-06,-0.00014190772,0.00040440296,-0.00083253068,-0.00017427853,-0.00011262934,6.4583503e-06,0.0001593785,1.7961329e-05,-5.4267899e-05,0.00021952087,-0.00030730792,-7.4424789e-05,-0.00011002304,-0.0002658192,-3.4779705e-05,-2.872865e-06,-1.7888457e-05,-0.0094142095,4.5333273e-05,-0.0025412915,0.00095038389,-0.0006125949,-0.00028944492,-0.00068169291,6.2075397e-05,7.5977746e-06,-0.0024546912,0.0014773863,-0.00028001216,-0.00047363474,2.6216405e-05,0.0005173608,0.00011244173,-0.00056791407,0.0016427077,0.0014094257,0.002138205,-9.8740698e-05,0.0028275779,0.0011760504,-0.000982141,0.00010731027,-1.765856e-05,-0.049044585,0.028815579,0.023293314,-0.0019104109,0.012065489,-0.0012809349,0.0074248617,0.0080965686,-0.0051573587,-0.0012977221,-0.00031784929,0.0093674763,-0.0054367184,-0.015734092,0.004095818,0.0024897685,-0.0023451921,-0.0035949303,-0.006733047,-0.0042377928,0.0021757494,-0.011565936,-0.0016114543,-0.01450369,-0.0065589966,0.0087290867,-0.0060192434,0.00064048977,-0.00049121848,-0.00012953121,-0.0023513729,0.0021582117,-0.0017695861,0.0024732527,-0.0029311593,-0.01031858,0.0018667961,0.0013595784,0.0017463305
-0.0020454146,0.0013256144,0.0041990074,0.00032138698,-0.00013317722,-0.0013320542,-0.00018487855,-7.2450041e-05,-7.1006432e-05,0.00011764606,-0.00012010959,-3.6350054e-05,5.7713977e-06,1.6101138e-05,0.0001412125,-0.00016641463,8.3419311e-05,0.0012216651,-0.012638865,0.003622888,-0.00017122368,0.00088989814,-0.00053482843,-0.00015444326,0.00078229528,0.00010941798,4.7925078e-06,-4.0439248e-05,0.00032134507,-0.0011670473,-0.00022164558,-0.00028123528,0.00012022666,2.8477737e-05,0.00011575669,7.061619e-05,0.00053678061,-0.00046433164,-0.00057768072,7.8145635e-05,3.3496205e-05,-0.00022483157,-0.00010419042,-6.475052e-06,-0.0027909612,6.5883775e-05,-0.00051004908,0.00026763827,3.80147e-05,-0.00036106542,-0.00012190165,6.4267699e-06,0.00015101783,-0.00025669063,0.00041648996,0.00021929442,0.00013640155,-2.8196135e-05,3.6155375e-05,-5.7170729e-05,4.1144113e-05,-0.000162792,0.00027178849,0.00028702264,-9.8659485e-05,1.6440527e-05,8.2501291e-05,3.258473e-05,5.9555748e-06,0.0060708884,-6.9678452e-05,0.0009674624,-0.0025977889,0.00022567698,0.00025324582,9.2220093e-05,-0.00015892416,-4.124478e-06,0.0016048121,-0.0010641778,-0.00030134369,0.00040358435,5.3751016e-05,-9.1938518e-05,4.3906221e-05,0.0003271552,-0.00084579056,-0.00068116636,-0.0011395881,0.00038303682,-0.0018379301,-0.0008155538,0.00041527412,-0.00014272826,8.8728414e-06,0.035329279,-0.0097144413,0.0061034514,0.0014039304,-0.0012809349,0.0076237788,-0.00091229795,-0.0044574725,-0.001104417,0.0010769644,8.0128467e-05,-0.005174672,0.0015063762,0.0096819513,-0.00046424561,1.3904659e-05,0.0010036257,-9.1303008e-05,-0.0051794195,0.0040776352,0.0017419748,0.0062168153,-0.00081217967,0.0078189472,0.0036059454,-0.0049324813,0.0014783004,-0.00016920862,0.002954638,-0.00061917895,0.0035737757,-0.0028227501,0.0022017557,-0.0016941882,-2.9970913e-05,-0.0015133747,-0.0023268319,-0.00051269852,0.0007340889
0.00093035599,-0.00079566746,-0.0013317301,-0.00019523616,6.2135105e-05,0.00047530283,-3.4181252e-05,2.7226853e-05,5.4505956e-05,-5.1507284e-05,-0.0003745398,0.00012835472,0.00020457535,0.00034423828,0.001016297,-0.0012752487,0.00074240949,0.001336905,0.00035436475,-0.00060693407,7.471156e-05,4.8559625e-05,0.0015155078,-8.131251e-05,0.00023334955,-1.747225e-05,-2.0173002e-05,0.00064280368,-0.00048921646,0.00080013898,-0.00010629055,0.00025513885,-0.00010507662,-0.00030955551,3.4520936e-05,8.3584002e-05,-0.00029421487,0.00048165884,0.0004886691,-0.00053465692,4.4620687e-05,0.0006954149,1.0817809e-05,7.4260617e-06,0.00054958168,-7.1445499e-05,-0.0001213208,-0.00079382448,7.603294e-05,-0.00016150065,5.9425285e-05,2.8810113e-06,-0.00029459839,0.00041696866,-0.00032232788,-0.00010497524,-0.00017428839,2.2872529e-05,0.00020939312,-4.0258458e-05,-9.1758288e-05,0.00026615376,-0.00029748405,-6.435495e-05,0.00018424408,-0.00010174655,-0.00045282483,-7.2915448e-06,-5.0292569e-06,-0.0077849496,0.00011357704,-0.0011550079,0.00061141015,-0.0026813037,-0.00049264845,-0.00075776946,-2.2994704e-05,1.0101073e-05,-0.0020427609,0.0015192757,0.00047587929,-0.00026736287,-6.4950522e-05,0.00036710462,0.00025590588,-0.00051876371,0.0014201746,0.00090322816,0.0018618989,-0.0001591125,0.0025075681,0.0011739393,-0.0021798568,0.00013864059,3.5908855e-06,-0.042208835,0.02352736,0.019107019,-0.0018250365,0.0074248617,-0.00091229795,0.011853128,0.0075812646,-0.0036960977,-0.00093583303,-0.00027061982,0.0077612858,-0.0052197201,-0.014618827,0.0031261003,0.0023844371,-0.0017651072,-0.0031413084,-0.0054666082,-0.003610712,0.0024895702,-0.009726771,-0.001120749,-0.012481581,-0.0060386217,0.010971913,-0.0052777961,0.00048410388,-0.00042427024,-0.00016822378,-0.0023946191,0.0019743169,-0.0016556472,0.002127251,-0.0024458158,-0.0086666161,0.0018994443,0.0011385821,0.0014427868
0.0039135323,-0.0036359379,-0.0068055022,-0.00066978748,0.0002350369,0.0020497612,0.00035539445,5.0657182e-05,0.00010371126,-0.00012721459,-0.0001939048,0.00047757112,0.00015871699,0.00066245444,0.00029890516,-0.00074732336,0.00050598424,-0.0018802743,0.026245838,-0.005343677,-0.000126564,0.00022582646,0.0010280063,0.001192318,-0.00044175004,-0.0001607881,-7.5188844e-05,0.00042510127,-0.00078116732,0.0022035658,0.00036420506,0.00058285068,9.1512439e-06,-0.00032071953,5.0170846e-05,0.00012847842,-0.001392741,0.00087489966,0.001182537,-0.00020670319,0.00029919509,0.00088515451,0.00018963639,6.6652206e-05,0.0041709083,3.3087971e-05,-0.00019970674,-0.00048156029,-0.00065390677,5.6012609e-05,0.00013381351,4.3055532e-05,-3.3937425e-05,0.00072730815,-0.0011864257,-0.00055765774,-0.00031867955,-4.7235785e-05,0.00014302691,-2.1091314e-06,-0.00015956219,0.00072675565,-0.00063765756,-0.00061810837,-0.00012015031,-0.00033021549,-0.00039824553,-7.4188161e-05,-3.5382312e-05,-0.018104661,0.00031985505,-0.0023173352,0.0016130783,-0.00093057296,-0.0027322546,-0.0021518376,0.00032401619,5.5506196e-05,-0.0047159208,0.0030153787,-4.7337075e-05,-0.0015329216,-4.9779803e-05,0.00062828406,0.00053151928,-0.00078351732,0.0032744405,0.0024482812,0.0041489681,-0.00037994173,0.0052568711,0.0024280096,-0.0027096394,0.00026866798,-3.1940833e-05,-0.10945197,0.040268714,0.0085425533,-0.0052845039,0.0080965686,-0.0044574725,0.0075812646,0.020833458,0.00085838374,-0.0031711182,-0.00050724582,0.017058091,-0.0066553919,-0.030276471,0.0050498933,0.0021461376,-0.0038247865,-0.0041668131,0.0031472831,-0.012269677,-0.0012746233,-0.022700301,-0.00031944966,-0.025206063,-0.012259312,0.020755993,-0.0079308677,0.00087679457,-0.004231826,0.00050426574,-0.0079796803,0.0063224202,-0.0050093453,0.0052135756,-0.0024488978,-0.0061486101,0.0052353044,0.0020940708,0.00021588976
-3.2580999e-05,-7.3606961e-05,0.0014763016,0.00010874017,-5.0544505e-06,-0.0003196614,1.0999899e-05,3.7682109e-05,7.2962406e-05,-4.285326e-05,0.00028974146,5.8602865e-05,-0.00029106788,-8.08928e-06,-0.0014524662,-0.00019266492,0.00018181303,0.00042405595,0.0036680917,0.0004406386,-5.4801208e-05,0.0001800171,8.4120162e-05,0.00051422647,0.0012498118,-6.7285786e-05,1.752148e-05,-0.00022066001,-2.2196003e-05,0.00012347265,1.6437904e-07,-0.00014653107,7.748321e-05,-4.2744012e-05,0.00026347345,0.00028883195,-0.00015501404,0.00030604152,-0.00058345927,-3.2269682e-05,0.00021984838,-4.9346712e-05,-1.4989578e-05,-1.4721123e-06,-0.00039592254,-1.1551468e-05,-0.00014944221,-0.00013460589,-0.00039242817,-0.00089143564,8.935245e-05,-1.450653e-05,8.95112e-05,2.0488419e-05,0.0008529302,7.8228148e-06,6.4881599e-05,-2.5189921e-05,1.952084e-05,-0.00026423124,-0.00024728351,0.00012655298,-0.00029075725,3.8106981e-05,-1.2314123e-05,-0.00014133451,0.00013825824,1.9278323e-05,6.1716825e-07,0.0010231667,-8.9157762e-05,0.00021749117,-0.0001973264,5.4928516e-05,-0.00085951988,-0.0029156372,0.00015513292,-7.9966854e-06,0.00012409883,-6.2327108e-05,0.0019096789,-1.314533e-05,1.3088524e-05,-0.00011538351,0.00045198159,-7.9995103e-05,-0.0002651939,-2.0996521e-05,-0.00076487613,0.0003545552,-0.00039986392,-0.00016409466,0.00029172273,-9.7605728e-06,-1.4789824e-05,0.001840367,-0.010018534,-0.021582013,-0.00055862185,-0.0051573587,-0.001104417,-0.0036960977,0.00085838374,0.012893437,-0.0002553659,0.00013303429,-0.0013326101,0.0023863716,-0.00094230817,-0.0024462801,-0.0018679051,0.0002351109,0.0008662956,0.010037349,-0.0013236882,-0.0042011779,0.002508742,0.00052469862,0.003473013,0.0013291106,-0.00046341748,0.0028882864,-0.00018747546,0.00036995672,-7.3119705e-05,0.00034557184,-0.00028446485,0.00015764494,-0.00029439461,0.0020488284,0.0085474844,-8.6245331e-05,-0.00014889264,-0.0019807206
-0.00063449373,0.00085229957,0.0019926416,0.0001392319,-3.6942123e-05,-0.00054744483,-2.4048398e-05,-3.2645665e-05,-1.3050983e-05,2.516288e-05,0.00011507333,2.3002324e-05,-3.7462789e-05,-0.00012525265,-0.00016057751,-0.00058917704,0.00023015066,0.0018054668,-0.0091575119,0.0014668786,9.205836e-06,3.0367238e-05,-0.00023791334,-0.00016963103,0.00012705062,0.00028834831,-1.655665e-05,8.663169e-05,0.00030014133,-0.00064215117,-0.00026534268,-0.00011799839,3.6197366e-05,0.0001202295,-3.2442711e-05,-4.4189485e-05,0.00032851403,-0.00024034437,-0.00022585546,0.00012276796,0.00011974729,-0.00022122544,-5.0822221e-06,-1.7303885e-05,-0.0011171986,-2.0516504e-05,-4.1707871e-05,0.0001456071,8.4495379e-05,5.3301266e-06,-0.00017668994,1.0666172e-05,-2.3988269e-05,-0.00027317334,0.00043926026,0.00021242475,5.5940267e-05,7.4956433e-06,-7.0250724e-05,2.4551896e-05,8.6595623e-05,-0.00015639131,0.00024620088,0.00015498368,-6.7034043e-05,-3.274902e-05,0.00010827579,1.1429372e-05,9.8612709e-06,0.0032382157,-8.8135414e-05,0.00040801602,-0.00043054299,4.9879747e-05,0.00029713252,0.00037856169,-0.00062295559,8.1041858e-05,0.00057846411,-0.00066211688,0.00027229161,0.0004478553,1.433211e-05,-0.00014502977,-8.5737265e-05,8.9983847e-05,-0.00053610039,-0.00052293204,-0.00053834375,0.00019977864,-0.0010676957,-0.00054184047,0.00033221334,-6.6864564e-05,5.3484604e-06,0.019639186,-0.0069083415,-0.0010861742,0.0008846117,-0.0012977221,0.0010769644,-0.00093583303,-0.0031711182,-0.0002553659,0.002251929,-0.00016897829,-0.0022171485,0.0011586966,0.0050028313,-0.0015757091,-0.00035045647,0.00080293717,0.00076190485,-0.00077615697,0.0020701676,0.00055858247,0.0036918399,-0.00029688662,0.004529356,0.0023908368,-0.003400286,0.001399493,-0.00014718388,0.0011538787,-0.00014672001,0.0016189792,-0.0013211253,0.001046207,-0.00095214756,0.00038605892,0.00099481982,-0.0011238847,-0.00031189048,-4.0729218e-06
-8.3016773e-05,0.00017689102,0.0002061558,3.114529e-05,-2.2177257e-05,-3.6319334e-05,-3.3722699e-06,-1.2806445e-06,-7.0983316e-06,1.3672776e-05,-6.7721038e-06,-2.4982393e-05,-1.2542771e-05,-4.2612902e-06,-3.3404462e-05,7.467773e-05,-5.4659838e-05,-9.6393475e-06,-0.000509354,0.00016389209,5.3860563e-06,-2.4895423e-05,-1.9643247e-05,-1.7872372e-05,2.0029169e-05,-2.6101594e-05,1.0886994e-05,-5.242227e-05,2.4287765e-05,-5.497532e-05,-2.8327261e-06,-2.441087e-05,-2.4128336e-06,-1.2020077e-05,5.9343647e-06,5.9840133e-06,3.1561737e-05,-2.7849508e-05,-2.822478e-05,1.7009542e-05,-3.2651921e-05,-2.3373233e-05,-8.1813932e-06,-1.1504909e-06,-0.00013222619,-3.121772e-06,1.933967e-05,1.629106e-06,6.445977e-06,-1.5105948e-05,1.5314521e-05,-7.1979379e-06,1.9147373e-05,-2.1695907e-05,7.2382248e-05,1.4809568e-05,1.6809674e-05,3.6545705e-06,1.5869868e-05,-5.1493851e-06,-1.292608e-06,-1.7673175e-05,8.9923571e-06,8.231341e-06,3.6936173e-07,1.5126086e-05,1.7149079e-05,2.2971077e-06,3.3050311e-07,0.00056499856,3.2059466e-06,5.4394506e-05,-3.144808e-05,1.4746553e-05,2.9100638e-05,4.2478148e-05,8.4997937e-05,-3.67067e-05,0.00015107738,-0.0001189175,6.8358631e-05,0.00010556816,4.4285279e-06,-1.7135819e-05,1.8614177e-05,4.1201305e-05,-9.337224e-05,-5.3218577e-05,-0.00015657541,3.83285e-06,-0.00016621949,-7.5601464e-05,0.00010564942,-3.7836214e-06,-2.6950441e-06,0.0033687777,-0.0013968468,-0.00067797889,0.0001343938,-0.00031784929,8.0128467e-05,-0.00027061982,-0.00050724582,0.00013303429,-0.00016897829,0.0001153767,-0.00054735208,0.00035533337,0.00082176853,-0.00029818676,-0.00010607641,0.00010894563,6.4464999e-05,6.1562659e-05,0.00032047256,-8.9461245e-05,0.0007492671,2.3053731e-05,0.00085142875,0.00039486198,-0.00066669371,0.00028105635,-2.462266e-05,0.00013644909,-3.8787488e-05,0.0002323141,-0.000196551,0.00015309199,-0.00016724645,0.00011901125,0.00035398293,-0.00015537129,-7.1678906e-05,-4.7031216e-05
0.0048791056,-0.0065308475,-0.010191198,-0.00092869313,0.00047263847,0.0029082475,0.00023622892,0.00017421172,0.00017969908,-0.00014658289,-0.0001923648,0.00019655024,0.000268072,0.00050011232,0.00069311267,-0.0015697636,0.0011620989,-0.00055832688,0.027393804,-0.0092631061,-8.3153374e-05,0.00051281938,0.0017086585,0.00013400557,-0.0013253956,7.746426e-05,-0.00010756173,0.0021772614,-0.00099691693,0.0034875955,5.9936616e-05,0.00087461449,-0.00016210655,-0.00012205129,-0.00037625749,-0.00033870094,-0.0018409088,0.0013224409,0.0014673525,-0.00096297379,0.00078578146,0.0011436754,0.00013031292,0.00013351019,0.0069516558,6.130597e-05,-0.00027951854,-0.00085030116,0.00026578845,0.00055959073,7.7820172e-06,4.534016e-05,-0.001213941,0.00086920967,-0.0024444447,-0.00038643442,-0.00043776711,3.9553596e-05,-0.00011695728,0.00033968907,-8.9133319e-05,0.00070841916,-0.0010333963,-0.00075758504,0.00035704192,-0.00057919016,-0.00026726261,-6.6945449e-05,-4.9358524e-05,-0.022689197,5.3327194e-05,-0.0031509944,0.0018879119,-0.0011032339,-0.00077481237,-0.0013564247,-0.00011072471,5.8802486e-05,-0.0088738797,0.0027896751,-0.00050937589,-0.0015132425,-1.0136556e-05,0.00097282152,6.6253011e-06,-0.0013005264,0.0036868204,0.0025150843,0.0049848322,-0.00086721386,0.0066377678,0.0030408634,-0.0028001343,0.00044875783,-4.3186055e-05,-0.1250478,0.04657155,0.0060189126,-0.0048065454,0.0093674763,-0.005174672,0.0077612858,0.017058091,-0.0013326101,-0.0022171485,-0.00054735208,0.02758594,-0.0051217057,-0.033818192,0.0045862282,0.0019712032,-0.0049512781,-0.0032311802,0.0059219802,-0.014166412,-0.0011643681,-0.025657273,0.00057718752,-0.029424072,-0.013960344,0.022194361,-0.0087336956,0.0009683113,-0.0073882787,0.0015002663,-0.010818649,0.008864919,-0.0070378917,0.0062563247,-0.0025337607,-0.0057763822,0.007554502,0.0023202909,-0.00015669702
-0.0016106945,0.002241142,0.0025076992,0.00054971229,-0.00018845482,-0.00076160515,-0.00010282012,-3.8079776e-05,-5.9803122e-05,0.00014746002,4.4263273e-05,3.939748e-05,-4.0195441e-05,-0.00016869075,-0.00092047561,0.00018643944,-1.1241419e-05,0.002137738,-0.0097512321,0.0019411326,-1.1534235e-05,-8.4216103e-05,-0.00077017974,-6.0463667e-05,0.00023788749,0.00016613979,2.0586534e-05,-0.00012633927,0.0031926271,-0.0014745076,-8.1676703e-05,-0.00033514373,-6.5626443e-05,0.00035470973,-0.00017430262,-0.00025455648,0.00063250306,-0.00050747543,-0.0003603114,0.00021607637,-0.00038657668,-0.00015260393,-2.7555968e-06,-6.2323743e-05,-0.0015776468,3.7678081e-05,4.3361283e-05,0.00034184779,-3.0156636e-05,1.4094154e-05,-0.00014251981,-3.0237596e-06,1.763434e-05,-0.0022123669,0.00098918501,0.0001533877,0.00017327003,4.9772808e-05,-0.00025725073,0.00021024473,0.00031604702,-0.00042120462,0.0003196067,4.1405243e-05,-1.5193183e-05,0.00028712181,-3.2960262e-05,4.8765377e-05,4.0388755e-05,0.0075987309,-0.00030596227,0.0010637096,-0.00083437382,0.00064139893,0.00045329905,0.00065999491,-0.00020751058,-4.4868317e-05,0.0011751027,-0.006275716,0.0002477474,0.00052568978,-6.204369e-05,-0.00019854505,-0.00046365092,0.00041331881,-0.0012821297,-0.00099874613,-0.001961696,2.452186e-06,-0.0020460944,-0.0010426628,0.0010696444,-0.00018040603,1.886068e-05,0.039496938,-0.02036964,-0.012801666,0.0019495649,-0.0054367184,0.0015063762,-0.0052197201,-0.0066553919,0.0023863716,0.0011586966,0.00035533337,-0.0051217057,0.015778145,0.012359717,-0.0029605837,-0.0014146782,0.0012413587,0.0033767758,0.0025152308,0.0033312466,-0.0013155312,0.0095187513,0.00098446927,0.010528909,0.0047820706,-0.0076439219,0.0041966807,-0.0004532298,0.0015527169,-4.4693726e-05,0.0030123778,-0.0025698266,0.0020495331,-0.0020009656,0.00175344,0.0061580293,-0.0020610619,-0.00081382865,-0.00091681236
-0.0078903341,0.0066519211,0.017551544,0.0014394651,-0.00050116494,-0.0055456282,-0.00078769751,-0.00013537648,-0.00025076336,0.00040837376,0.00067666521,-0.00034627345,-0.00078849934,-0.0010813295,-0.0012313851,0.00206375,-0.001763084,0.001742067,-0.046543248,0.014277513,0.00017158969,-0.00033168158,-0.0025113535,-0.00092036106,0.0015427331,0.00010458114,8.5532764e-05,-0.0014106887,0.00086575293,0.044249084,-0.0019984893,-0.0012149193,0.00048766839,0.00080044485,0.00042091988,0.0005509586,0.0021335887,-0.0015213179,-0.0024211234,0.00070365032,-3.5979772e-05,-0.0024707769,-0.00020462292,-0.00015229795,-0.010943019,-0.00010353784,0.00010835996,0.0014007181,0.00032424416,-0.0002221348,-7.8368259e-05,-3.9017288e-05,0.00057512838,-0.0011632,-0.032365964,0.0013388026,0.00067291126,-4.819763e-06,-0.00030993076,-0.00044228383,-0.00030706482,-0.00087702144,0.0012146863,0.001123384,-9.4257151e-05,0.00048268093,0.0010564241,8.4282707e-05,7.3469331e-05,0.035379604,-0.00020470709,0.0046781526,-0.0034832953,0.002081102,0.0016951274,0.0041095145,-8.1539569e-05,-6.4754757e-05,0.0096774579,-0.0056075357,-0.095128304,0.0033872761,-2.1968487e-05,-0.0010902824,-0.00028661646,0.0018253334,-0.0065667315,-0.0038379673,-0.0082386523,0.00080846681,-0.010154021,-0.0046633843,0.005665857,-0.00062110447,7.9006515e-05,0.21103399,-0.07728612,-0.017019279,0.0082209907,-0.015734092,0.0096819513,-0.014618827,-0.030276471,-0.00094230817,0.0050028313,0.00082176853,-0.033818192,0.012359717,0.23196884,-0.010650546,-0.003969455,0.0065611043,0.0057772274,-0.0069289894,0.02416459,-0.00047598375,0.044096471,0.001339872,0.0480184,0.022147387,-0.040280145,0.015453231,-0.0016928688,0.011403759,-0.0022981087,0.017018522,-0.013286561,0.010426195,-0.010307429,0.0047615036,0.011678911,-0.010960983,-0.0038543686,-0.00042247033
-0.00022223842,-0.0011969929,-0.0028119496,-0.00020614639,0.00010087216,0.00055953147,-8.3600768e-05,1.8621152e-05,-2.280378e-05,-0.00011202243,-0.00014886378,9.0441124e-05,-1.4968237e-05,0.00012582056,0.00046743293,0.00043587802,-9.283431e-05,-0.00097472793,0.0056210645,-0.0010076325,2.1720816e-05,0.00011131512,0.00015825056,0.00010582562,-6.5859971e-05,-0.00024301974,-8.0929349e-06,-0.00018634759,-0.00011024353,0.00029730049,0.001690682,0.00019021427,-0.00017930068,-0.00028840741,-2.3439214e-06,-3.8123941e-05,9.2411475e-05,0.0004193246,0.00035423861,-0.00041795464,-0.00012695109,0.00010020321,-0.00025295321,1.6462535e-05,0.00080798531,-3.0725391e-05,-0.00016491958,-9.8443406e-05,-0.00010907486,1.1161198e-06,0.00019320374,7.9929789e-07,0.00015938291,0.00028484491,-0.00094095867,-0.00092110012,-0.00017855225,0.00012238911,0.00011302706,9.2698232e-05,0.00011860454,-0.00010564289,-0.00033323651,-0.00015460165,0.00016754753,1.4621259e-05,7.7555589e-07,8.4132017e-05,1.1266558e-05,-0.0053521771,0.00023517792,-0.00047474227,0.00037611227,7.3083394e-05,-0.00028281883,-0.0005129267,0.00022576568,7.703225e-05,-0.0011170904,0.00084380731,-0.00024184499,-0.0050514407,-3.2952193e-05,0.00030042649,0.00012988046,-0.00011951798,0.0010610201,-0.00011180393,0.0012643091,-0.00020313902,0.001701551,0.0010710187,-0.00083233916,0.00025140279,3.3997082e-06,-0.029335917,0.016170349,0.013350215,-0.0013915351,0.004095818,-0.00046424561,0.0031261003,0.0050498933,-0.0024462801,-0.0015757091,-0.00029818676,0.0045862282,-0.0029605837,-0.010650546,0.017866569,0.0015333356,-0.001356268,-0.002168647,-0.0041981202,-0.0025109671,0.0039714636,-0.0070817222,-0.00062111522,-0.0082917098,-0.0045191157,0.0058035563,-0.0042706561,0.00034836709,-0.00074893886,-0.00015618674,-0.0014504409,0.0012825845,-0.0011119021,0.0015186042,-0.0017409333,-0.0058354377,0.0010664694,0.00077712118,0.0010296651
2.331877e-05,-0.0002810081,-0.00058563591,-6.4224639e-05,-2.310945e-05,9.1995552e-05,-7.3488682e-05,-2.9958809e-05,-2.208172e-05,5.1931435e-05,-0.000178994,2.4506596e-05,9.4982614e-05,3.4628621e-05,0.00052409811,-0.00023447756,0.00015679215,0.00065899613,-0.0018290738,1.1640224e-05,-3.1157063e-05,-1.856552e-05,0.00011710626,-5.8125707e-05,5.7905083e-05,8.0425213e-06,-1.8030843e-05,0.00015580494,-0.00011191532,8.6637827e-05,4.4317005e-05,0.00021703922,-4.3317918e-05,-6.6182926e-05,-9.9675521e-05,-2.6394466e-05,-6.0561643e-05,5.2844514e-05,7.4257045e-05,-9.9526525e-05,-3.8502882e-05,7.3913729e-05,-2.3051758e-05,-5.9709417e-06,2.2757276e-05,3.7709648e-05,-6.7069486e-07,-7.5346325e-05,5.7389775e-05,-3.5383292e-05,-5.4261518e-06,1.0933805e-05,-2.2923628e-05,0.00012599317,-0.00039475108,-8.8062064e-05,-0.00013791464,2.7384528e-05,6.9200923e-05,4.7048021e-05,-3.2621767e-05,4.8891324e-05,-7.6521583e-05,1.9951718e-05,6.9224562e-05,1.5255237e-05,-4.0235164e-05,1.1386183e-05,6.5614075e-06,-0.0020467704,4.1158438e-05,-0.0002104421,0.00021066558,-0.00019219702,-0.00016685337,-0.00023557432,4.0135218e-05,8.0398197e-06,-0.00048351171,0.00025983407,-0.0001473621,-0.00015841863,-0.0004251529,0.00012473456,-6.018246e-06,-0.00013202508,0.00036982127,0.00021465422,0.00046666305,-3.180836e-05,0.0007014086,0.00030213736,-0.000333293,4.5225712e-05,7.9541421e-06,-0.010218737,0.0075489012,0.0088058299,-0.00037458464,0.0024897685,1.3904659e-05,0.0023844371,0.0021461376,-0.0018679051,-0.00035045647,-0.00010607641,0.0019712032,-0.0014146782,-0.003969455,0.0015333356,0.0020118123,-0.00048762777,-0.0009786969,-0.0031644324,-0.00055229081,0.0013645092,-0.0024906652,-0.00054145091,-0.0036353762,-0.0016898123,0.0020928872,-0.0018437066,0.00013991241,3.0332631e-05,-9.8271715e-05,-0.00047016669,0.00042336018,-0.00034797834,0.00056323982,-0.00099095089,-0.0036993147,0.00041587849,0.00029558624,0.00071442379
-0.00080484371,0.0013176416,0.00216652,0.00017080304,-9.6427343e-05,-0.00057589124,-3.6899288e-05,-4.4556891e-05,-4.6059993e-05,4.8405685e-05,1.9247566e-05,-8.2604627e-05,2.4043227e-05,-0.00021450936,-9.449765e-05,7.8036199e-05,-0.00032898279,0.00088183936,-0.0089965055,0.0016554939,-7.3233632e-05,-6.1466581e-05,-0.00034593644,1.9044664e-05,0.00030880052,4.5211086e-05,1.4121691e-05,-0.00026713567,0.00016809437,-0.00060030395,-0.00021423914,-0.00020374017,0.00017305949,6.6295885e-05,1.222503e-05,-1.9419764e-05,0.00034504908,-0.00021448914,-0.00025302676,0.00020358811,-8.5529296e-05,-8.2219901e-05,-1.5291468e-05,-3.6458774e-05,-0.0012662699,2.9440732e-05,3.6005404e-05,0.00014093297,-4.3070477e-05,-0.00011267881,-2.1013161e-05,-3.5026527e-06,0.00014870791,-0.00018467635,0.00065608969,0.00013184055,0.00011907772,-2.4009575e-05,1.7272415e-05,4.8776361e-06,0.00010526623,-0.0001475026,0.00021941093,0.00013996496,-4.059856e-06,0.00010249366,1.272425e-05,2.0578818e-05,1.5630291e-05,0.0050401101,-3.8409867e-05,0.00084339849,-0.000327862,0.00026224707,7.8137933e-05,0.00024097706,-6.2628718e-05,-5.7910389e-06,0.0014390778,-0.00070424936,0.00055832791,0.00047025947,3.2751767e-05,-0.00049754427,-9.0496223e-05,0.00022400932,-0.00082365126,-0.00062189142,-0.0011575556,0.00011928661,-0.0015178958,-0.00073729516,0.0002418228,-0.00011484837,2.3809563e-05,0.030283566,-0.010403749,-0.00052045261,0.0013484745,-0.0023451921,0.0010036257,-0.0017651072,-0.0038247865,0.0002351109,0.00080293717,0.00010894563,-0.0049512781,0.0012413587,0.0065611043,-0.001356268,-0.00048762777,0.0019755316,0.00088269744,-0.0017239735,0.0034390759,0.00054467725,0.0062031061,8.1841766e-05,0.0069681325,0.0034217179,-0.0042206495,0.0019975212,-0.00026255044,0.0013103117,-0.00021684053,0.0022568271,-0.001852273,0.0014671432,-0.0014291365,0.00051419983,0.0010848597,-0.0015599974,-0.00054601288,9.0605613e-05
0.0005973529,0.00019499686,0.00037836413,5.210912e-05,4.7971845e-05,8.010382e-05,9.3466975e-05,2.7958725e-05,2.9248909e-05,6.5063476e-06,0.00013023237,-0.00011171846,-4.3431779e-05,-0.00039834878,-0.00038562826,8.0164736e-05,4.7131148e-05,0.00094900122,-0.004198322,-0.0009835313,-0.00013741949,-6.1611766e-05,-0.00025592925,-0.00010831967,-0.00041553672,9.2317814e-05,-5.0032628e-06,-0.00018014349,0.00036634056,0.00021994445,-0.00020155727,-4.5968065e-05,8.9841402e-05,0.001002976,-2.4932276e-05,-0.00026777442,0.00010063489,-0.0002581256,-0.0001912625,0.00016533557,-8.3357231e-05,-0.00029701716,5.2608471e-06,-3.9918444e-05,0.00072809031,0.00011314103,5.5879357e-05,0.00012194593,8.0798979e-05,0.00032404662,-7.821108e-05,1.1542838e-05,9.503127e-06,-0.00034215124,-0.00017768567,4.0491887e-05,5.5868291e-05,-3.9754365e-05,-0.00076042548,7.9172511e-06,9.7135539e-05,-0.00022640186,0.00019035977,7.4012843e-05,-4.0607833e-06,0.00010827414,0.00014984236,3.476766e-06,3.7535716e-05,0.0029861029,-0.00014977599,0.00047558536,-0.00018400256,0.00035618656,0.00051316608,0.00079463859,-8.9366815e-05,1.5806779e-05,0.00062993737,-0.00093157727,0.00017064843,0.00031318661,-3.7908488e-05,-0.0002087396,-0.0021390937,0.0001905735,-0.0004770903,-0.00082906248,-0.00080833492,-5.704242e-05,-0.00086357472,5.2369997e-05,0.00078959067,-8.2536451e-06,8.3137592e-05,0.018846165,-0.010920756,-0.010801643,0.0012727078,-0.0035949303,-9.1303008e-05,-0.0031413084,-0.0041668131,0.0008662956,0.00076190485,6.4464999e-05,-0.0032311802,0.0033767758,0.0057772274,-0.002168647,-0.0009786969,0.00088269744,0.0074765692,0.0034334921,0.0010080498,-0.00022199932,0.0047049809,0.00078503267,0.0052368031,0.0013357692,-0.0047707947,0.0024720098,-0.00051087371,-0.00081023732,0.00040709271,0.0001920406,-0.00024733881,0.00023004601,-0.00087416647,0.0012761317,0.00476254,-0.00026365645,-0.00057680326,-0.00082108208
0.0041671127,-0.0036742318,-0.004998465,-0.00059530368,0.0002552508,0.0017108803,0.00044464495,0.00013246373,0.00017849729,-6.9182375e-05,0.00040740314,9.1195058e-05,-0.00029555931,-0.0001058825,-0.0023867326,-0.00038821722,0.0006176176,0.00047246525,0.02023397,-0.006659692,-5.1039267e-05,0.00020601283,0.00050644911,0.00066109391,-0.0013319549,-0.00014530355,-1.0590486e-05,-7.7896388e-05,-0.00091453474,0.0029247482,0.00044091797,0.00028681144,-2.1560782e-05,0.00036015248,0.00071388764,0.00044210056,-0.0013071645,0.00079584055,0.00032107377,0.00012668794,0.00032163788,0.00021570875,0.00018815565,8.0529304e-05,0.0048751159,2.3457358e-05,-7.9020792e-05,-0.00030901805,-0.00030742609,0.00041973889,9.1108167e-05,1.0072644e-05,-8.0499933e-05,0.00068687376,-0.0013144955,-0.00044916754,-0.00011400148,3.3203777e-06,-0.000493609,-0.00051821537,-0.00044544748,0.00040737775,-0.00060247743,-0.00046551093,-5.5955035e-06,-0.00042306758,0.00029673928,-8.2756318e-05,-4.9729041e-05,-0.0068418535,-0.00010603533,-0.0011017024,0.00077151719,-5.8648377e-05,3.0494849e-05,-6.4452566e-05,-3.0214136e-05,2.4532394e-05,-0.0024368308,0.00097971413,9.7964925e-06,-0.0004928307,4.0306152e-05,0.00023162618,-5.1458338e-05,-0.0029987013,-0.00020672842,0.0011396416,0.0011023334,-0.00037929617,0.0015775334,0.00071520899,-0.0004454561,0.00033627815,-3.819166e-05,-0.049091641,-0.0041151578,-0.044464814,-0.0023109588,-0.006733047,-0.0051794195,-0.0054666082,0.0031472831,0.010037349,-0.00077615697,6.1562659e-05,0.0059219802,0.0025152308,-0.0069289894,-0.0041981202,-0.0031644324,-0.0017239735,0.0034334921,0.031172555,-0.0052668914,-0.0096260226,-0.0061862851,0.0031792584,-0.00435971,-0.0023313182,0.0069030736,0.0022355692,-0.00012168815,-0.0054020011,0.0014181214,-0.0062919475,0.0048847612,-0.0036714982,0.002077178,0.0034446683,0.016118124,0.003882779,0.0001438237,-0.0040899418
-0.0038906356,0.0043975184,0.0072912152,0.00068030011,-0.00038806327,-0.0021596141,-0.00040425716,-0.00016065559,-0.00015005102,0.0001879377,-0.00016895293,-0.00032996287,0.00011410483,-0.00042992572,0.00041279887,0.00089920509,-0.0006349999,0.0029602946,-0.030043261,0.0061137722,0.00011660483,-0.00027518358,-0.001048863,-0.00016463877,0.0013094959,-6.6277086e-06,4.8715053e-05,-0.00064582948,0.00044432995,-0.0027379214,-0.00025337697,-0.00059570061,-6.6439949e-05,-0.00026477808,0.00076420296,0.0011405041,0.0011193227,-0.00072762214,-0.0011384232,0.00035608412,-0.00026826223,-0.0011550848,-0.00011862294,-9.2891907e-05,-0.0046860378,-9.5629677e-05,0.00024375545,0.0005057995,-2.1180552e-05,-0.00064797976,1.2147325e-05,-2.7692969e-05,0.00020620081,-0.00029648233,0.0014458618,0.00031289655,0.00031647282,0.00011422533,0.00027704358,-0.00060702848,-0.00072070022,-0.00052029153,0.00044434986,0.00053715654,-0.00016772371,0.00032985329,0.00053347383,4.9669653e-05,3.8927837e-05,0.016497939,-0.00029900831,0.0021947624,-0.0012269133,0.00071493071,0.00058601453,0.00085723028,-8.6715215e-05,-3.0277469e-05,0.0041200264,-0.0025564573,2.0723332e-05,0.001288307,-1.8261806e-05,-0.00057310764,5.3619008e-06,-0.00058964618,-0.0048693314,-0.002130505,-0.0038143145,0.00043304721,-0.004790019,-0.0024480766,0.0024143683,-0.00035600442,1.7967598e-05,0.09505065,-0.030270176,0.0061662014,0.0047892061,-0.0042377928,0.0040776352,-0.003610712,-0.012269677,-0.0013236882,0.0020701676,0.00032047256,-0.014166412,0.0033312466,0.02416459,-0.0025109671,-0.00055229081,0.0034390759,0.0010080498,-0.0052668914,0.017489246,0.0032498736,0.019558954,-0.0009754422,0.020650645,0.010779285,-0.017570033,0.0054091736,-0.00056569879,0.0048661024,-0.00069199543,0.0079993374,-0.0064419724,0.0051283397,-0.0045413305,0.00086690553,0.00029193814,-0.005279135,-0.0016156884,0.00098390266
-0.0019179946,0.0017511527,0.0017908487,0.0003202285,-9.0971679e-05,-0.0005721539,-0.00015966917,-7.299026e-05,-4.0322024e-05,1.6812662e-05,-0.00022826232,9.3384117e-05,0.00030090455,0.00010843948,0.00090437112,-0.00072298144,0.00049724169,0.003550624,-0.017175152,0.0023381816,-7.6253318e-05,-0.00019895802,-0.00020281853,-0.00023021178,0.00041403749,5.1165324e-05,-2.3453735e-06,3.1059149e-05,0.00035125932,-0.0014559889,0.00034212284,-0.00013003267,-9.0221437e-05,-0.00015426987,-6.366052e-05,-0.0001676784,0.0017673539,-0.00024659459,0.00016772356,-5.4553503e-05,0.00014417265,-0.00012679205,-6.5378145e-05,-4.6553626e-05,-0.0016635994,-1.6431048e-05,0.00011966329,0.00024780482,0.00026421991,-1.155682e-05,-4.6610731e-05,-9.8547174e-07,-3.4938785e-05,-0.00031478526,0.00036074272,-0.00011445285,5.3351387e-05,6.7085594e-05,5.4497149e-05,-7.8540292e-05,3.7810886e-05,-0.0010981432,0.00015209245,3.0554234e-05,3.4933905e-05,4.8125179e-05,0.00011143097,1.4987986e-05,2.9765769e-05,0.0028764969,-0.00019279566,0.00073905367,-0.00020673308,3.800828e-05,0.00023572762,-7.5965496e-06,-0.00012541247,1.4615117e-05,0.00051310162,-0.00043215495,0.00046591831,-0.0005417199,-2.3550952e-05,-6.6901915e-05,-0.00044543231,0.0001659952,-0.00046707496,-0.0039791908,-0.00056246884,-4.9560099e-06,-0.0007908792,-0.00038151918,0.00040526397,-5.5131631e-05,3.7567584e-05,0.015095678,0.0014770494,0.018083351,0.0013043882,0.0021757494,0.0017419748,0.0024895702,-0.0012746233,-0.0042011779,0.00055858247,-8.9461245e-05,-0.0011643681,-0.0013155312,-0.00047598375,0.0039714636,0.0013645092,0.00054467725,-0.00022199932,-0.0096260226,0.0032498736,0.013442767,0.002165899,-0.00099827874,0.0014475801,0.001149729,-0.0028896195,-0.0014039401,3.3463836e-05,0.0018013421,-0.00023284545,0.0024341137,-0.0020261819,0.00157627,-0.00069097201,-0.001476154,-0.0065318462,-0.0017233157,4.4757604e-05,0.0017239361
-0.0046640218,0.00625212,0.010191737,0.00099970562,-0.00048951675,-0.0027497253,-0.00039759581,-0.00011398482,8.4052693e-06,0.00025934361,0.0002417932,-0.00045724443,-5.1855866e-05,-0.00099763135,-0.0004557462,0.00083364337,-0.00079013474,0.0037948285,-0.044385355,0.0080416763,0.00013363169,-0.00056937741,-0.0013676213,-0.00022235882,0.001590069,1.2388825e-05,9.203702e-05,-0.00072275891,0.001001387,-0.0035265476,-0.0002738198,-0.00090462031,3.0578803e-05,-0.0001200877,0.00024991597,0.000225882,0.0020234184,-0.00014266461,-0.0014580993,0.00035977951,-0.00034309017,-0.0010930134,-9.3570037e-05,-0.00011926581,-0.006151492,-0.00010663506,0.00037141,0.00064647926,-9.5558229e-05,-0.00076857332,-2.6318808e-06,-4.5866631e-05,0.00027702947,-0.00098943358,0.0027904382,0.00046935336,0.00047214775,6.6245258e-05,0.00021731547,-0.00031613987,-0.00010241365,-0.0008835867,0.00020209935,0.00053359929,0.00010449377,0.00044543185,0.00038498173,3.0362197e-05,5.7138235e-05,0.028145997,-0.00022079827,0.0035516186,-0.0022366049,0.0011495439,0.00090034777,0.001393113,-2.7385531e-05,-9.0463071e-05,0.0070955585,-0.0045925285,0.0010144462,0.0021935582,-9.1859346e-05,-0.001082281,-0.00024276283,0.0010918792,-0.0050463857,-0.0035550374,-0.0087729769,7.6253967e-05,-0.0078852689,-0.0039161151,0.003998321,-0.00065304957,6.7769927e-05,0.16627975,-0.061338358,-0.0093064976,0.0075788393,-0.011565936,0.0062168153,-0.009726771,-0.022700301,0.002508742,0.0036918399,0.0007492671,-0.025657273,0.0095187513,0.044096471,-0.0070817222,-0.0024906652,0.0062031061,0.0047049809,-0.0061862851,0.019558954,0.002165899,0.040730568,0.0019417417,0.037063536,0.018813681,-0.030791074,0.01198707,-0.0013071371,0.0064358089,-0.00094489811,0.011678237,-0.0095949012,0.0076198609,-0.0078242027,0.0033471403,0.0081469474,-0.0078801737,-0.0032261212,-3.0355181e-05
0.0023009571,-0.0012463225,-0.0038633039,-0.00026738586,0.00010048048,0.0011549096,0.00028247309,0.00016110684,6.950599e-05,-0.00010453572,0.0002211468,-0.00017387332,9.9784805e-05,-0.0004673767,0.00040584872,-0.0001785928,9.0448177e-05,0.00019892943,0.0018485929,-0.0043445099,-0.00012091179,-9.660061e-05,0.00022009263,0.00019004863,-0.00085967076,-6.0825673e-05,-1.0196728e-05,7.819851e-05,-0.0001525015,0.00081337193,0.00013627156,0.00010388777,5.1295884e-05,3.1695596e-05,-0.00025976707,-0.00027637744,-0.00014103354,0.00053754562,0.0013561295,-7.573256e-06,-0.0001668395,0.00056584252,9.0814369e-05,9.8271801e-06,0.0033184412,9.4413944e-05,6.2913038e-05,-0.00010489841,-0.00016361715,0.00034321439,6.8620369e-05,1.362791e-05,-0.00017319224,6.0751068e-05,-3.3050471e-06,-0.00026182262,-5.5871578e-05,-3.5341186e-05,-5.1644604e-05,0.00011767128,0.00010411475,8.7206039e-05,-0.00033385477,-0.00085909462,6.9580417e-06,4.8536673e-05,-0.00029133803,-2.0584031e-05,-1.0347147e-05,-0.0010967532,-3.1442469e-05,-0.00013197881,0.00028326939,-8.6435902e-05,8.9057516e-05,0.00048223196,0.00010044992,-1.5794741e-06,-0.00063810019,6.4718496e-06,-5.3233261e-06,-0.00023139427,-3.8817397e-05,5.7834462e-06,-8.8056941e-05,7.9731632e-05,0.00020810926,2.552178e-05,-0.00050143227,-0.0029196145,0.00021786279,0.00022596288,-6.27207e-05,3.1738737e-05,2.3924953e-05,-0.0027846441,-0.0031147932,-0.0074941092,0.00066057804,-0.0016114543,-0.00081217967,-0.001120749,-0.00031944966,0.00052469862,-0.00029688662,2.3053731e-05,0.00057718752,0.00098446927,0.001339872,-0.00062111522,-0.00054145091,8.1841766e-05,0.00078503267,0.0031792584,-0.0009754422,-0.00099827874,0.0019417417,0.0085725113,0.00056929167,-7.5516033e-05,0.0001857173,0.00080739332,-0.00011975915,-0.0035387955,0.0011073329,-0.0028540314,0.0021264807,-0.0015539359,0.00041414627,0.00057753659,0.0026355016,0.0016497588,-0.00034171582,-0.00051067574
-0.0058637758,0.0078014988,0.012612327,0.0012763191,-0.0005160995,-0.0034950407,-0.00029939495,-0.00019210119,-0.00029986048,0.00030117383,0.00024149057,-0.00047209773,0.00020493859,-0.00083817374,-0.0011701503,0.0011997949,-0.0011100758,0.0043082584,-0.047118455,0.010131258,1.0776251e-08,-0.00053404788,-0.0023091925,-0.00028222824,0.0014009603,0.00020215093,9.8185211e-05,-0.0013301998,0.0016323994,-0.0050158269,-0.00061950745,-0.0011589958,0.0001800717,0.00025858219,0.0003891929,0.00024794324,0.0024438585,-0.0015126629,-0.0019127546,0.002028301,-0.00033068122,-0.0015726186,-0.00018952711,-0.00016780211,-0.0077830293,-6.5859934e-05,0.00037073336,0.0010402131,-0.00015526595,-0.00056627906,-0.00018133256,-4.0946597e-05,0.00069546405,-0.0013337308,0.0037312096,0.00076213651,0.00066773744,3.2754413e-05,4.7336711e-05,-0.00038915615,4.685658e-05,-0.0010545571,0.0012706472,0.00078937379,-0.0013755703,0.00036973753,0.00061262635,0.0001125818,6.4509194e-05,0.031954939,-0.00029094569,0.004246392,-0.002791588,0.0015376116,0.0010095896,0.0020220033,-0.00035059257,-7.1748775e-05,0.0083014635,-0.0047402776,0.001413273,0.0024938321,8.9181021e-05,-0.0012973264,-0.00014073282,0.0012925588,-0.0055490061,-0.0040579961,-0.0069838039,0.00078264696,-0.013286515,-0.0051770675,0.0042488254,-0.00057147643,4.9882796e-05,0.18252011,-0.070264414,-0.01605356,0.0079232218,-0.01450369,0.0078189472,-0.012481581,-0.025206063,0.003473013,0.004529356,0.00085142875,-0.029424072,0.010528909,0.0480184,-0.0082917098,-0.0036353762,0.0069681325,0.0052368031,-0.00435971,0.020650645,0.0014475801,0.037063536,0.00056929167,0.05329502,0.023134342,-0.032925272,0.013482791,-0.0014419094,0.0080765181,-0.0013402376,0.014010153,-0.011570441,0.0092743181,-0.0088750381,0.0042782114,0.011426625,-0.0097659596,-0.0035266397,-0.00039429631
-0.0038427265,0.0031832467,0.0072775227,0.00061533452,-0.00022904794,-0.0022899321,-0.00039503717,-0.00012017057,-6.6888037e-05,0.00022658003,0.00010348845,-0.00012969378,8.0638321e-05,-0.00034163578,-0.00044350999,3.1712734e-05,-0.00013639092,0.0027454588,-0.024953433,0.0057151978,0.00023010538,4.0619165e-05,-0.0011222892,-0.00026694558,0.0010119763,0.00017476728,5.0284319e-05,-0.00035520973,0.0004949796,-0.0020073308,-0.00037184113,-0.00063861398,1.6559703e-05,6.733273e-06,0.00034834709,0.00024366851,0.0014859971,-0.00076673833,-0.0014247097,0.0005725562,0.00059809118,-0.0010782256,-0.00013689169,-3.9179745e-05,-0.0044791891,-0.00015421536,-1.5371484e-05,0.00047080107,4.6816951e-05,-0.00041592751,-0.00014520803,-2.2588439e-05,0.0002580939,-0.000494532,0.0015712639,0.00036882601,0.0003686141,1.9168193e-05,0.00012805546,-0.0002576898,-8.9336848e-06,-0.00062827502,0.00056064993,0.00060839229,-0.00031359125,-0.00027633036,0.0004038854,0.00014713445,1.6840749e-05,0.016221365,-0.00030867987,0.0019477286,-0.001386994,0.00073898575,0.00043565392,0.0010209482,-0.00020727058,-4.0481401e-05,0.0040420813,-0.0024879861,0.00073409363,0.0015004094,-6.0704771e-06,-0.00063830064,0.00042674513,0.0005508677,-0.0030067784,-0.0019861261,-0.0036655613,0.000500425,-0.005413107,-0.0047094655,0.0022067204,-0.00031195468,3.9415395e-06,0.090379167,-0.034607897,-0.0069691187,0.0041610458,-0.0065589966,0.0036059454,-0.0060386217,-0.012259312,0.0013291106,0.0023908368,0.00039486198,-0.013960344,0.0047820706,0.022147387,-0.0045191157,-0.0016898123,0.0034217179,0.0013357692,-0.0023313182,0.010779285,0.001149729,0.018813681,-7.5516033e-05,0.023134342,0.017099674,-0.016582682,0.0067271169,-0.00064970964,0.0045544903,-0.00065238226,0.0078182856,-0.0061768258,0.0048909465,-0.0044746956,0.0020331797,0.005196944,-0.0051957118,-0.0016928076,-0.00015736649
0.0063076876,-0.0061058643,-0.011782749,-0.0011335201,0.00054030745,0.0034270514,0.00060552249,0.0001477406,0.00022312421,-0.00019277881,-0.0002100283,0.00038646307,0.00014556832,0.00060386677,0.00032222311,-0.0020983328,0.0012808156,-0.00048551757,0.031871623,-0.010116837,-0.000240319,0.00037205252,0.0021014755,0.00055407299,-0.0015348075,-0.00012362917,-9.0753616e-05,0.00078939241,-0.00098644424,0.0035138041,0.00035570797,0.00092131324,0.00012627431,-0.00043721123,-0.00073520918,-0.00048010044,-0.0019701354,0.0015117792,0.0019503299,-0.00066586002,0.00029474595,0.0028738832,0.0002562978,0.00011793759,0.007733959,0.0001385971,-0.00031959677,-0.0010572868,-0.00018279365,0.00069063119,0.0001006493,6.196251e-05,-0.00031015171,0.00089970452,-0.0022252872,-0.00068474717,-0.00049131806,-7.7724061e-05,3.4367872e-05,0.00057591428,0.00030841174,0.00092813771,-0.00093395114,-0.00084217241,0.00038337194,-0.00041517639,-0.0015039486,-8.2560698e-05,-6.7992602e-05,-0.025133455,0.00052564111,-0.0030210872,0.0017530162,-0.0021338739,-0.0011354343,-0.0015055972,6.9957962e-05,9.2260982e-05,-0.0063450993,0.0040108233,8.7825371e-05,-0.0020556453,1.0107202e-05,0.00056613937,0.00058944319,-0.00096895686,0.0046454204,0.0032942477,0.0060133057,-0.00055268877,0.0073708133,0.0035311087,-0.0065418755,0.00054431849,-6.1147958e-05,-0.14631877,0.051443545,0.0047673331,-0.0068581455,0.0087290867,-0.0049324813,0.010971913,0.020755993,-0.00046341748,-0.003400286,-0.00066669371,0.022194361,-0.0076439219,-0.040280145,0.0058035563,0.0020928872,-0.0042206495,-0.0047707947,0.0069030736,-0.017570033,-0.0028896195,-0.030791074,0.0001857173,-0.032925272,-0.016582682,0.03507922,-0.010266615,0.0011220385,-0.0080951564,0.0012312575,-0.012421245,0.0098932254,-0.0077828336,0.0071343336,-0.0027039991,-0.0059467507,0.0082437717,0.002614426,-0.00021952427
-0.00075107114,0.0019579003,0.0027852722,0.0002393905,-0.00010692413,-0.00071775927,3.4811725e-05,-4.2031824e-06,-3.7109177e-05,7.8844717e-05,0.00016653066,-0.00012752667,-2.023564e-05,-0.00039336167,-0.00074159545,0.00011112025,-0.00033807177,0.0010788003,-0.011102356,0.001747534,7.9606668e-05,-0.00019243258,-0.00047171856,8.3145725e-05,0.0001197754,7.0709112e-05,1.922501e-05,-0.00025350564,0.00030164338,-0.0013175791,-0.00029301186,-0.0002920027,6.3068219e-05,0.00018128626,-1.1182607e-05,-3.4842951e-06,0.0005908694,-0.00018661242,-0.00046994646,0.00016766766,-0.00014134981,-0.00032775067,0.00037500302,-4.0914099e-05,-0.0013325935,-4.2548606e-05,0.00011584441,0.00021587638,-0.00014591721,-7.0366087e-06,-1.4732694e-05,-1.2443969e-05,0.0001005525,-0.00026788633,0.0011936347,0.00016145825,0.00017913259,9.4377442e-06,-7.3274166e-05,-5.2960063e-05,6.9257908e-05,-0.00028970747,0.00024829865,0.0001674267,4.581282e-05,0.00025927088,0.00012390914,-0.00010015597,1.2666212e-05,0.0093561344,4.6669324e-05,0.00113887,-0.00077155561,0.00044734536,0.0002561953,0.00067314424,-8.3259277e-05,-1.5613317e-05,0.00230604,-0.0014843105,0.00045738324,0.00086136603,1.1533798e-05,-0.00036959209,-6.478839e-05,0.00058876282,-0.0016159815,-0.0010897231,-0.0022859452,0.00022528002,-0.002651864,-0.0012815372,0.0013182793,-0.00092699376,1.4027756e-05,0.054123397,-0.024439881,-0.013627573,0.0020387366,-0.0060192434,0.0014783004,-0.0052777961,-0.0079308677,0.0028882864,0.001399493,0.00028105635,-0.0087336956,0.0041966807,0.015453231,-0.0042706561,-0.0018437066,0.0019975212,0.0024720098,0.0022355692,0.0054091736,-0.0014039401,0.01198707,0.00080739332,0.013482791,0.0067271169,-0.010266615,0.0073336202,-0.00052407492,0.0013678956,-0.00021030371,0.0031589635,-0.0027078233,0.0021759663,-0.0026193252,0.0021069239,0.0068095887,-0.0022924309,-0.0012365326,-0.0009141016
0.00011076319,-0.00028423614,-0.00035390836,-3.0771942e-05,1.9890127e-05,8.2736715e-05,-2.2109601e-06,4.7308095e-06,-2.8202081e-06,-3.4849847e-06,-2.5247211e-05,1.693443e-05,-1.1196872e-05,6.1208186e-05,4.7170223e-05,-3.5661062e-05,3.1979425e-05,-8.1629259e-05,0.0012185034,-0.00021441592,1.033389e-05,4.0283424e-05,4.4959455e-05,-6.3336651e-06,-3.8145589e-05,-5.8578672e-06,-2.056061e-06,5.1987858e-05,-6.5902958e-05,0.00013565018,2.6674193e-05,2.8498126e-05,-1.5783128e-05,-4.5268762e-05,-8.4067397e-06,-9.4450093e-06,-8.3235702e-05,4.0862424e-05,5.3994437e-05,-4.6427008e-05,3.631462e-05,3.9799927e-05,-2.0551174e-06,1.6131197e-05,0.00016336675,-7.1661909e-06,-2.8968813e-05,-1.6633912e-05,1.6854369e-05,1.7079178e-05,5.3639853e-06,5.2865005e-07,-3.6233143e-06,6.3978641e-05,-0.00010795329,-1.4440334e-05,-1.5411835e-05,7.8623638e-06,3.7498383e-05,4.0942936e-06,-2.6614048e-06,4.7578247e-05,-3.960751e-05,-2.4304616e-05,-9.9180143e-06,-3.5793681e-05,-8.3972792e-06,-1.6470283e-06,-1.2557096e-05,-0.00098150858,9.5157456e-06,-0.0001446407,7.5847275e-05,-3.6868284e-05,-3.5437265e-05,-7.6610464e-05,7.9656066e-06,-5.598414e-07,-0.00025989267,0.00016945334,-2.7897729e-05,-7.7448904e-05,5.3227828e-06,5.5278211e-05,8.9461539e-05,-4.944087e-05,0.00016026785,0.00014673316,0.00025532093,1.4975902e-06,0.0002901933,0.00012169862,-0.00014841774,2.1722699e-05,-2.0663372e-05,-0.0058878372,0.0024452617,0.001163159,-0.00026185231,0.00064048977,-0.00016920862,0.00048410388,0.00087679457,-0.00018747546,-0.00014718388,-2.462266e-05,0.0009683113,-0.0004532298,-0.0016928688,0.00034836709,0.00013991241,-0.00026255044,-0.00051087371,-0.00012168815,-0.00056569879,3.3463836e-05,-0.0013071371,-0.00011975915,-0.0014419094,-0.00064970964,0.0011220385,-0.00052407492,0.00011146345,-0.00016653258,1.4855954e-05,-0.00037396062,0.00031697636,-0.00025196169,0.00028476423,-0.0001959907,-0.00062746744,0.00026116376,0.00012441228,8.1247397e-05
-0.015557422,0.010978435,0.028250124,0.0022289291,-0.00080114079,-0.0084492202,-0.0019176081,-0.00070309232,-0.00024670786,0.00010755791,-0.00040449345,0.0015798422,-0.00079562854,0.0018163208,-0.0023035606,-0.00081646029,-0.00042590266,0.0014621977,-0.012979636,0.030343426,0.00044634152,0.00022671111,-0.0023265391,-0.0014349955,0.0051522485,0.00062657238,0.00011833494,-0.0011446667,0.0025538524,-0.0041569042,-0.0020281024,-0.0016217444,9.3000344e-05,0.00041682211,0.0026411216,0.001827516,0.0039747874,-0.0028693532,-0.0035146281,0.00045139324,-0.00022824625,-0.0037539768,-0.00057475834,-0.000192887,-0.02350169,-0.00013605184,-0.00030003599,0.001194129,0.00052257981,-0.0026626884,-0.00029506663,-6.179293e-05,0.0011010749,-0.0016759919,0.0025555965,0.0016329424,0.00075595211,3.6268454e-05,0.00013151686,-0.001420906,-0.00087450953,-0.0017263407,0.0017045704,0.00205447,-0.00016747371,0.00046976026,0.0020142181,0.00017092569,0.00010034696,0.012982872,-0.0032972431,0.0018336059,-0.0017123809,0.00052460196,0.00028524387,-0.0005442983,-0.00014337786,-5.5410264e-05,0.0042650594,-0.0021475027,9.3751126e-05,0.0014913152,0.00011047945,-0.00045136467,0.00031228943,6.8903641e-05,-0.0023247564,-0.0017531675,-0.0024111283,0.001755056,-0.0039796636,-0.0020043493,0.0023786654,-0.00019480214,1.5476922e-05,0.040942785,-0.0080227106,0.0079728194,0.0021537359,-0.00049121848,0.002954638,-0.00042427024,-0.004231826,0.00036995672,0.0011538787,0.00013644909,-0.0073882787,0.0015527169,0.011403759,-0.00074893886,3.0332631e-05,0.0013103117,-0.00081023732,-0.0054020011,0.0048661024,0.0018013421,0.0064358089,-0.0035387955,0.0080765181,0.0045544903,-0.0080951564,0.0013678956,-0.00016653258,0.024856941,-0.0044752807,0.020271232,-0.015299954,0.011452936,-0.0040792763,0.00017918958,-0.0015378235,-0.012170369,0.0013969741,0.00039518574
0.0021561785,-0.0018814672,-0.0039679969,-0.00035045837,0.00017418451,0.0011337785,0.00030854371,7.7465285e-05,8.5882624e-05,-4.587073e-05,6.0391781e-05,-0.00028865977,0.0001587936,-0.0004389419,0.00059054351,-4.2767262e-05,0.0001286668,-3.1128818e-05,0.0023366722,-0.0054010105,-7.7470098e-05,9.5264621e-05,0.00035352916,0.00020518121,-0.0005609841,-2.8353609e-05,-2.7222765e-05,0.00012214102,-0.00044470638,0.00086511931,0.00028976232,0.00021928613,-4.3931575e-06,-7.797248e-05,-0.00031085517,-0.00035256363,-0.00049566315,0.00038999095,0.00042618491,-0.00013431026,2.2231707e-05,0.00049213781,6.332516e-05,3.661727e-05,0.0040636233,-1.6735756e-05,-1.794602e-05,-0.00015278266,-1.8950247e-06,0.00040920738,2.8406387e-05,1.3221857e-05,-0.00017675297,0.00030496068,-0.00047315905,-0.00028443852,-8.2546788e-05,-1.6857411e-05,-2.9602338e-05,0.00012833164,8.8830129e-05,0.00018997514,-0.00020544189,-0.00032729925,4.2191605e-05,-0.00013281996,-0.00026055675,-1.5289016e-05,-1.8734304e-05,-0.0019418316,-0.00089565579,-0.00026905754,0.000280489,-0.00010863498,2.4161144e-05,0.00013529456,-1.018051e-06,1.4319213e-05,-0.00080787055,0.00031432238,7.4270123e-06,-0.00021536909,-1.9308485e-06,6.2271409e-05,-0.0001499451,-5.3522406e-05,0.00026609454,0.00017300247,0.00033913317,-0.00047028789,0.00060886639,0.00027219776,-0.0003434706,5.84583e-05,1.747903e-06,-0.0074694903,0.00049256841,-0.002222758,0.0025724583,-0.00012953121,-0.00061917895,-0.00016822378,0.00050426574,-7.3119705e-05,-0.00014672001,-3.8787488e-05,0.0015002663,-4.4693726e-05,-0.0022981087,-0.00015618674,-9.8271715e-05,-0.00021684053,0.00040709271,0.0014181214,-0.00069199543,-0.00023284545,-0.00094489811,0.0011073329,-0.0013402376,-0.00065238226,0.0012312575,-0.00021030371,1.4855954e-05,-0.0044752807,0.0023561325,-0.00308088,0.0023985418,-0.0017874018,0.00068780269,5.3809013e-05,0.00052899475,0.0018948342,-0.00020085519,-0.00012199168
-0.016909066,0.010929135,0.026880126,0.0023042054,-0.00092610706,-0.0092333211,-0.0022582377,-0.0007297987,-0.00015362517,0.00016830257,-0.0003232606,0.0016084892,-0.00069950425,0.0015539233,-0.0020074342,0.00022496352,-0.00095643813,0.002279998,-0.018910745,0.025060503,0.0003960421,-0.00022612007,-0.0024135034,-0.0012311864,0.0049853055,0.00034657566,0.00013808066,-0.0010370996,0.0025919904,-0.0055101546,-0.0017187178,-0.0015954654,-0.00010430197,9.5267849e-05,0.0027262418,0.0014840095,0.0044778268,-0.0029200312,-0.003869765,0.00010692071,-0.00053270535,-0.0033836969,-0.00063196916,-0.00021344042,-0.019392825,-0.00015681834,7.6387691e-05,0.0012723678,0.00065914592,-0.0023806864,-9.6254669e-05,-9.3057831e-05,0.00084554024,-0.0018573446,0.0030533229,0.0014363955,0.00076437605,0.00017462837,0.00019324198,-0.0014803123,-0.000797559,-0.0020404491,0.0017905776,0.0019309501,-4.7526304e-05,0.00061137873,0.0019980227,0.00019269209,0.00011766682,0.019112418,-0.0031438066,0.0025489642,-0.002028839,0.00080650057,0.00069578119,0.00015371503,-0.00013599631,-6.6135375e-05,0.005510029,-0.0031534624,0.00018579833,0.0019264627,7.0487393e-05,-0.00065672847,0.0001527238,0.00050504972,-0.0033692373,-0.0027340174,-0.00394908,0.0014600837,-0.0057416724,-0.0030995627,0.0031200593,-0.00034130456,3.3411143e-05,0.065752165,-0.018227107,0.005893725,0.0047394092,-0.0023513729,0.0035737757,-0.0023946191,-0.0079796803,0.00034557184,0.0016189792,0.0002323141,-0.010818649,0.0030123778,0.017018522,-0.0014504409,-0.00047016669,0.0022568271,0.0001920406,-0.0062919475,0.0079993374,0.0024341137,0.011678237,-0.0028540314,0.014010153,0.0078182856,-0.012421245,0.0031589635,-0.00037396062,0.020271232,-0.00308088,0.026223201,-0.019666559,0.014926925,-0.0057736223,0.0008142304,-0.00014021687,-0.015732879,0.0014146809,0.00027689103
0.011720788,-0.0099476388,-0.020399483,-0.0018569908,0.00079482356,0.0064958131,0.0012894066,0.00055442192,0.00012665186,-0.00016277987,0.00024729914,-0.0011046307,0.00049697127,-0.0011677034,0.0015211959,-9.614669e-05,0.00079431332,-0.0018889624,0.0153057,-0.01895482,-0.00025478466,0.00051626937,0.0018309887,0.00071845632,-0.0036731884,-0.00026519194,-0.00011322895,0.00098063308,-0.0023337635,0.0052733379,0.0013642005,0.0012469515,4.886902e-05,7.3995718e-05,-0.0018786301,-0.0012256027,-0.0035856971,0.0021940746,0.0027064291,-0.00027230873,0.00064179567,0.0024453616,0.00035597919,0.00019518282,0.014575185,0.00013142149,-0.00027447192,-0.00092003326,-0.0002667121,0.0017681563,8.0430507e-05,7.1331501e-05,-0.00068022392,0.0016340278,-0.0030407881,-0.0010820757,-0.0005913383,-0.00014892798,-0.00026843781,0.0010942513,0.00062132727,0.0016283484,-0.0014776845,-0.0013650507,4.6706745e-05,-0.00068000955,-0.001373354,-0.00012808715,-9.9339767e-05,-0.01546522,0.0022432129,-0.0020639192,0.0015644169,-0.00061449926,-0.00047612758,-0.00023718985,0.00011456393,5.3505333e-05,-0.0044555088,0.002559066,-0.00039818424,-0.0015147787,-6.4137643e-05,0.00053200254,-0.00012670615,-0.00044308336,0.0027256777,0.0022588687,0.0032135902,-0.0010816687,0.0046292109,0.0023815678,-0.0024019469,0.00030277104,-3.0548982e-05,-0.052682446,0.015551458,-0.004094743,-0.0035176495,0.0021582117,-0.0028227501,0.0019743169,0.0063224202,-0.00028446485,-0.0013211253,-0.000196551,0.008864919,-0.0025698266,-0.013286561,0.0012825845,0.00042336018,-0.001852273,-0.00024733881,0.0048847612,-0.0064419724,-0.0020261819,-0.0095949012,0.0021264807,-0.011570441,-0.0061768258,0.0098932254,-0.0027078233,0.00031697636,-0.015299954,0.0023985418,-0.019666559,0.01541366,-0.011884261,0.0045176808,-0.00071737823,-9.053673e-05,0.012393931,-0.001013101,-0.00022239924
-0.0087874592,0.0077150015,0.015077306,0.0014039944,-0.0006460219,-0.0047707038,-0.000956948,-0.00042809971,-8.2803847e-05,0.00012103715,-0.00018376247,0.00082121588,-0.00038675341,0.00087733614,-0.0011420137,9.6914443e-05,-0.00076504853,0.0015314647,-0.01195304,0.014164598,0.00020107426,-0.000460711,-0.0014221548,-0.00050851557,0.0027319354,0.00018848485,8.9351995e-05,-0.00073378173,0.0018410612,-0.0041408341,-0.00096233073,-0.00094402476,-5.2749678e-05,-0.00011006019,0.0014017257,0.00091367924,0.0027573933,-0.0016878064,-0.0019892702,0.00024031556,-0.000569565,-0.0018107193,-0.00025574789,-0.00015018095,-0.010915392,-0.00012919997,0.00026445059,0.00068126142,0.00018062778,-0.0013511994,-3.999762e-05,-6.0039147e-05,0.00050966029,-0.0013212172,0.0024188164,0.00075081817,0.00046613586,0.00014259028,0.00026627775,-0.00081433445,-0.00043361025,-0.0012806877,0.0011916186,0.0010293244,-4.8403691e-05,0.00056672393,0.0010623168,8.1868603e-05,7.5729246e-05,0.012225896,-0.0016376912,0.0016171443,-0.0012142171,0.00049860296,0.00037186437,0.00026296053,-9.4426931e-05,-3.985359e-05,0.0035108041,-0.0020241012,0.00026453952,0.0011974091,4.714585e-05,-0.00042000845,9.6062201e-05,0.00035666133,-0.0021648386,-0.0017904759,-0.0025422912,0.00079495824,-0.0037110101,-0.001874023,0.0018493901,-0.00023495705,2.214765e-05,0.041223046,-0.012671388,0.0029191094,0.0026703543,-0.0017695861,0.0022017557,-0.0016556472,-0.0050093453,0.00015764494,0.001046207,0.00015309199,-0.0070378917,0.0020495331,0.010426195,-0.0011119021,-0.00034797834,0.0014671432,0.00023004601,-0.0036714982,0.0051283397,0.00157627,0.0076198609,-0.0015539359,0.0092743181,0.0048909465,-0.0077828336,0.0021759663,-0.00025196169,0.011452936,-0.0017874018,0.014926925,-0.011884261,0.0094320302,-0.003497612,0.00059265988,0.00017091252,-0.0097031287,0.00075147419,0.00018419893
0.0033446627,-0.0028109731,-0.0053210244,-0.00055943992,0.00023264803,0.0016886203,0.00037551494,0.00010953828,6.9035823e-05,-8.1741521e-05,-3.0888563e-06,-0.00014383016,7.8020975e-05,-7.3469169e-05,0.00038030329,-0.0003429729,0.00040647455,-0.00096217102,0.0103311,-0.0050444113,-8.9488183e-05,0.00019539311,0.00064181988,0.0002544656,-0.00084976772,-6.1668876e-05,-3.6529288e-05,0.00035029972,-0.00062390325,0.0015588761,0.00035071252,0.0003754594,7.7811309e-06,-3.8565092e-05,-0.00038679217,-0.00019149529,-0.0010008327,0.00061271772,0.00077924037,-0.00011173018,0.00021790404,0.00069844216,8.8344844e-05,5.7741439e-05,0.0038900242,4.7036686e-05,-0.00013301882,-0.00031548009,-0.00010180291,0.00034803878,2.8539125e-05,2.134525e-05,-0.00022790106,0.00047720408,-0.00097339871,-0.00031779954,-0.00020287133,-3.5096617e-05,-4.19539e-05,0.00022112877,8.8717395e-05,0.00045139079,-0.0004009061,-0.00038685453,1.2002463e-05,-0.00020935834,-0.00035985379,-2.3220244e-05,-3.1206727e-05,-0.0082252399,0.00038888018,-0.0010967954,0.0007386645,-0.00034343084,-0.00029420767,-0.00041817116,6.5081136e-05,2.2620302e-05,-0.0022230832,0.0012711325,-0.00020996718,-0.0007133722,-2.3598434e-06,0.0003067856,-1.4638279e-06,-0.00032577297,0.0014316542,0.0010722066,0.0018302569,-0.00033849642,0.0024267081,0.0011847385,-0.0011562201,0.0001769574,-1.4685763e-05,-0.039305774,0.013431056,0.00086212531,-0.0018584022,0.0024732527,-0.0016941882,0.002127251,0.0052135756,-0.00029439461,-0.00095214756,-0.00016724645,0.0062563247,-0.0020009656,-0.010307429,0.0015186042,0.00056323982,-0.0014291365,-0.00087416647,0.002077178,-0.0045413305,-0.00069097201,-0.0078242027,0.00041414627,-0.0088750381,-0.0044746956,0.0071343336,-0.0026193252,0.00028476423,-0.0040792763,0.00068780269,-0.0057736223,0.0045176808,-0.003497612,0.0024350779,-0.0007887813,-0.001335252,0.0036714551,0.00043671549,-8.5449273e-05
-0.00010008125,0.00051195714,0.00071534293,8.300753e-05,-2.0292966e-05,-0.00015447739,5.3497519e-05,6.1454057e-06,-3.7861965e-05,1.3217731e-05,0.0001134153,-1.3221997e-06,-4.2819778e-05,-9.3147299e-05,-0.00043320854,0.00011422071,-0.00010626101,0.00028307017,-0.0011703,0.0002276717,-3.6601478e-06,-7.3612108e-05,-0.0001481573,1.1115966e-05,-8.954657e-05,1.0277467e-05,1.3789775e-05,-0.00016615043,7.9242875e-05,-0.00017427574,-5.3384385e-05,-9.392146e-05,1.8842229e-05,6.8483347e-05,3.7942665e-05,1.424079e-05,0.00014160414,-9.9790811e-05,-0.00020878432,7.3884805e-05,-6.9205128e-05,-8.5934609e-05,3.1747921e-05,-9.3793147e-06,-0.00021561336,-6.1085863e-06,7.1316839e-05,6.1611598e-05,-3.5191791e-05,5.3280182e-05,-8.8152362e-06,-5.3426906e-06,5.3300591e-05,-0.00011709538,0.000290851,3.1593038e-05,5.3981412e-05,3.4893764e-06,-4.5840031e-05,-1.8888615e-05,9.2105713e-06,-9.5594403e-05,0.00010031756,5.9066036e-05,1.4447074e-05,3.8891415e-05,5.9762096e-05,-1.309247e-05,3.460059e-06,0.0028815766,-6.9066922e-05,0.00036290886,-0.000221773,0.00015213412,0.00012745577,0.00024241826,-1.5187985e-05,-9.5416915e-06,0.00070035426,-0.0004093854,0.00011550511,0.00024082876,1.3460291e-05,-0.00011759418,-2.3503909e-05,0.00013333562,-0.00049924473,-0.00030807677,-0.00069971902,8.4464871e-05,-0.00086436698,-0.00039942435,0.00040645266,-6.692376e-05,-1.3493435e-06,0.013309388,-0.00892863,-0.0094606603,0.00056188798,-0.0029311593,-2.9970913e-05,-0.0024458158,-0.0024488978,0.0020488284,0.00038605892,0.00011901125,-0.0025337607,0.00175344,0.0047615036,-0.0017409333,-0.00099095089,0.00051419983,0.0012761317,0.0034446683,0.00086690553,-0.001476154,0.0033471403,0.00057753659,0.0042782114,0.0020331797,-0.0027039991,0.0021069239,-0.0001959907,0.00017918958,5.3809013e-05,0.0008142304,-0.00071737823,0.00059265988,-0.0007887813,0.0012334527,0.003794108,-0.00061671139,-0.0003880036,-0.00073062159
0.0015701284,-0.00025860389,0.00037979433,-0.00010346849,5.9828628e-05,0.00013567236,0.00030931933,0.00012785403,0.00010185375,-5.0634508e-05,0.0004036398,-7.9297926e-05,-0.00061374035,-0.0004941155,-0.0034082045,-0.00011512941,0.00020670098,0.00051864678,0.0025472597,-0.001821178,5.9359043e-05,2.0482894e-05,-0.00013769344,0.00028967649,-0.00046977373,8.2876505e-06,2.2321017e-05,-0.0003262157,6.0783557e-05,0.00038194192,0.00021110891,-0.00013526557,8.6744887e-05,0.00034949402,-9.4153956e-05,-0.0001061832,-0.00019039979,0.0001857273,-0.0002837916,0.00026629307,6.2049694e-05,2.5599658e-05,0.00013452768,2.0038524e-05,0.001293257,2.2137106e-05,-3.6367369e-06,-4.9224772e-05,-0.0002597367,0.00017218816,-1.2495551e-05,-9.3699763e-06,4.5630171e-05,-0.00021936866,0.00033285512,-6.4828801e-05,9.2967155e-05,-4.0720501e-05,-0.00033954215,3.7456506e-05,0.00010414645,-7.1192626e-05,-1.9550636e-05,-0.00011637575,2.8023906e-05,-6.3561024e-05,8.8233859e-06,-1.8991515e-05,-8.9112757e-06,0.0049719342,-1.1341554e-05,0.00054939928,-0.0003227898,0.00042237965,0.00030779413,0.00067250919,-9.1766693e-05,-1.713458e-05,0.00096860546,-0.0009947395,0.00023335474,0.00028846696,2.3640396e-05,-0.00018858945,-0.00013572051,0.00027146824,-0.00093955052,-0.00043752302,-0.00142134,-7.4161796e-05,-0.0016673074,-0.00080196027,0.00088559265,-8.2117802e-05,-4.254881e-06,0.026652616,-0.026941599,-0.039273956,0.00061404724,-0.01031858,-0.0015133747,-0.0086666161,-0.0061486101,0.0085474844,0.00099481982,0.00035398293,-0.0057763822,0.0061580293,0.011678911,-0.0058354377,-0.0036993147,0.0010848597,0.00476254,0.016118124,0.00029193814,-0.0065318462,0.0081469474,0.0026355016,0.011426625,0.005196944,-0.0059467507,0.0068095887,-0.00062746744,-0.0015378235,0.00052899475,-0.00014021687,-9.053673e-05,0.00017091252,-0.001335252,0.003794108,0.018572671,-0.00015195946,-0.0010720636,-0.0033725643
0.0095509068,-0.0078423219,-0.015992574,-0.0014236309,0.00064864538,0.0051041793,0.0010749705,0.00046403434,0.00014089731,-0.00012045009,0.000183678,-0.00087372037,0.0003850707,-0.00092312526,0.0012316699,2.1338522e-05,0.00063249271,-0.0015556871,0.012467334,-0.015124216,-0.00024574691,0.00039836457,0.0017956605,0.00047071791,-0.0027526462,-0.00028325927,-8.6231067e-05,0.00104426,-0.0020853606,0.0040309853,0.00077478524,0.0011111305,2.7964079e-05,-1.8220728e-05,-0.001497554,-0.00069732216,-0.0031659032,0.0018765859,0.00202615,-0.00036902729,0.00054362488,0.002026357,0.0002921506,0.00015177419,0.011660879,0.00015166807,-0.00023870929,-0.00099283499,-0.00015513288,0.0012613248,0.00010870958,5.4531617e-05,-0.00080114424,0.0014686438,-0.0023799938,-0.00062122886,-0.00057169879,-0.00011201173,-0.0001326516,0.00084752738,0.00025388366,0.0015392,-0.0012693151,-0.00099408788,0.00016579763,-0.00053491243,-0.0011931606,-0.00010024042,-7.8866238e-05,-0.012760809,0.0017706644,-0.0017105241,0.0012888637,-0.00065087237,-0.00035968316,-0.00025159756,0.00011135543,3.935594e-05,-0.0037822756,0.0021194435,-0.00033665508,-0.001143398,-9.1790973e-05,0.00045475812,-8.650978e-05,-0.00034703241,0.0021753931,0.0019489166,0.0025961775,-0.00081644837,0.0039203145,0.0020023066,-0.0019851119,0.00025076729,-2.3093575e-05,-0.043500343,0.01313358,-0.0031533619,-0.0028435564,0.0018667961,-0.0023268319,0.0018994443,0.0052353044,-8.6245331e-05,-0.0011238847,-0.00015537129,0.007554502,-0.0020610619,-0.010960983,0.0010664694,0.00041587849,-0.0015599974,-0.00026365645,0.003882779,-0.005279135,-0.0017233157,-0.0078801737,0.0016497588,-0.0097659596,-0.0051957118,0.0082437717,-0.0022924309,0.00026116376,-0.012170369,0.0018948342,-0.015732879,0.012393931,-0.0097031287,0.0036714551,-0.00061671139,-0.00015195946,0.010948341,-0.00074769123,-0.00017990471
-0.0010767726,0.00055605242,0.0018432197,0.0001177817,-4.7396677e-05,-0.00064780669,-0.00016109399,-5.9626207e-05,1.74402e-05,-2.1159886e-05,-7.4561268e-05,0.00022157387,-8.3797681e-05,0.00026108347,-0.0001628554,-0.0003222696,0.0001268272,-0.00011040059,0.0032413735,0.0017336237,6.4721726e-05,-2.1585084e-06,2.6057582e-05,-5.7003686e-05,0.00047071617,3.6480618e-05,3.4436813e-06,6.1247937e-05,0.00024294472,-0.00013583296,-0.0001463163,-4.6171769e-05,-2.3505096e-05,-1.4860368e-05,0.00024502332,0.00017302556,0.00026337085,-0.00011158265,-0.00016643988,-8.779485e-05,-4.2419726e-05,-0.00019865319,-4.2971087e-05,-1.0900522e-05,-0.0013475219,-3.3758433e-05,-4.0830666e-05,-1.4011572e-05,5.4429397e-05,-0.00025656763,-1.3400781e-07,-5.2218908e-06,-1.593636e-05,-0.00013044302,-4.3113199e-05,6.8824602e-05,1.183795e-05,2.4057275e-05,1.5118576e-05,-0.00013070982,-0.00010462562,-0.00014535636,4.6895196e-05,9.1112777e-05,4.044881e-05,6.1697126e-05,0.00015649472,1.471561e-05,6.1531463e-06,-0.0018039407,-0.00033294148,-0.00023382601,0.00011840354,-0.00010980972,-6.6862615e-05,-0.00024012511,1.6624716e-06,2.2933977e-06,-0.00041882513,0.00021377467,-0.00013973738,-7.1269889e-05,2.2110677e-05,7.1310269e-05,2.6331291e-05,-0.00014284657,0.00030840682,0.00014384742,0.00045440145,5.1764774e-05,0.00052039768,0.00023481109,-0.00020309645,5.0113564e-05,-2.1978668e-06,-0.014330667,0.0062398752,0.0020256567,-0.00042443985,0.0013595784,-0.00051269852,0.0011385821,0.0020940708,-0.00014889264,-0.00031189048,-7.1678906e-05,0.0023202909,-0.00081382865,-0.0038543686,0.00077712118,0.00029558624,-0.00054601288,-0.00057680326,0.0001438237,-0.0016156884,4.4757604e-05,-0.0032261212,-0.00034171582,-0.0035266397,-0.0016928076,0.002614426,-0.0012365326,0.00012441228,0.0013969741,-0.00020085519,0.0014146809,-0.001013101,0.00075147419,0.00043671549,-0.0003880036,-0.0010720636,-0.00074769123,0.00081979237,-1.6560353e-07
-0.00034611678,0.00025299866,8.2895532e-05,7.6881883e-05,-3.8515617e-05,-2.285524e-05,-3.6439667e-05,-1.3587928e-05,-1.8817684e-06,1.1866421e-05,-8.4960226e-05,-2.877715e-05,0.00013317715,3.3229473e-05,0.00059229569,2.0296248e-05,-6.331799e-05,0.00020079744,-0.0031712957,0.0004673408,-5.0292458e-06,-8.5413441e-06,-9.9167892e-06,-7.1328367e-05,0.00011427431,1.1708052e-05,-3.6099339e-06,3.8712124e-05,7.9915138e-05,-0.00026152931,-4.007575e-05,-1.5293752e-08,-1.1895988e-05,-8.9855745e-05,-2.1074378e-05,-9.8882255e-06,7.8584916e-05,-3.319391e-05,4.4414188e-05,-8.1558171e-06,-7.6014442e-05,-3.0512503e-06,-3.1987107e-05,-5.6053584e-06,-0.00032049834,5.147723e-06,1.232361e-05,-2.22975e-06,5.8723499e-05,-2.8639464e-05,-1.0266151e-05,3.9163664e-06,3.1333915e-05,-1.5031329e-05,1.1281006e-05,6.257021e-06,6.8871124e-06,1.2107032e-06,0.00010803366,-6.964708e-06,-4.9756209e-06,-2.401628e-05,1.0042302e-05,4.350351e-05,-1.2922951e-05,3.9298986e-05,-5.9198832e-05,7.3015694e-06,1.5776452e-06,0.00027907268,1.9720691e-05,3.4060562e-05,-5.7906492e-05,-5.948246e-05,-2.4438607e-05,-1.0437126e-06,7.8386111e-06,2.5547294e-06,0.00015936633,1.9879371e-05,-5.728406e-05,-1.259434e-05,-1.7874343e-05,-6.2671831e-06,1.0583339e-05,5.453542e-05,-1.6575545e-05,-9.5460065e-05,4.0744726e-05,1.5390958e-05,-6.0248355e-05,-1.1883055e-05,-6.622587e-05,-8.8924799e-06,-1.4768323e-06,0.0029265636,0.0027155267,0.008402215,0.00026981155,0.0017463305,0.0007340889,0.0014427868,0.00021588976,-0.0019807206,-4.0729218e-06,-4.7031216e-05,-0.00015669702,-0.00091681236,-0.00042247033,0.0010296651,0.00071442379,9.0605613e-05,-0.00082108208,-0.0040899418,0.00098390266,0.0017239361,-3.0355181e-05,-0.00051067574,-0.00039429631,-0.00015736649,-0.00021952427,-0.0009141016,8.1247397e-05,0.00039518574,-0.00012199168,0.00027689103,-0.00022239924,0.00018419893,-8.5449273e-05,-0.00073062159,-0.0033725643,-0.00017990471,-1.6560353e-07,0.001152051
