0.0096246326,0.0028973348,0.003899254,-0.0010240804,0.0001600915,0.001189472,0.0017815035,0.00021423342,1.2650498e-05,-3.8214607e-05,4.7271674e-05,-0.00040717854,0.00021041369,-0.00055717518,0.00017443201,-0.0019118715,0.00028271871,-0.00033913677,0.0050908097,-0.00017833575,-0.00049581505,-0.00028919972,0.00079141933,0.0010370218,-0.00036057016,0.00029655708,1.799034e-05,-8.9490548e-05,-0.00033938707,-0.0036554288,-0.00092713397,-0.00014882884,0.00057319609,-6.944284e-05,-0.00035199094,0.0006782092,-0.0014558552,0.0010411298,0.00094914651,0.00075835629,0.00022781392,2.1724971e-05,0.0008283958,5.7704319e-06,5.0373702e-05,0.00016365474,0.00023455822,-0.00048696886,-0.0010632423,0.00012346416,-4.9539832e-05,-5.2677288e-06,-0.00017632625,0.0002582979,0.0016383375,0.00037406284,2.8559252e-05,-0.00028664432,0.000116189,3.1177535e-05,-1.5617347e-05,0.00056214211,-0.00025047812,-0.0002489808,-2.3885265e-06,5.0882107e-05,-0.00039885067,-0.0001561871,-3.0870274e-05,-0.0043902066,-0.00086600951,-0.00052880579,0.00043788553,-0.00039528813,-0.00065012319,-0.00013983326,1.1308323e-05,-9.6031876e-06,-0.0011603308,0.00054680988,0.00023373564,4.7794914e-05,6.4356344e-05,-2.0671356e-06,6.3765003e-05,-8.8051287e-05,0.00086301062,0.0005281347,0.0006395895,2.6352433e-05,0.0011398804,0.00083299138,-0.00062643539,2.7793916e-05,-7.8356023e-06,-0.022925194,0.010351161,0.00042351822,-0.0057316574,0.003226099,0.0018431355,-0.0011832316,0.0020332491,0.0043021955,0.00010375252,-0.00074993412,5.2926369e-05,0.0036531981,-0.0016702104,-0.0036402373,-0.0010120214,-4.0879134e-05,-0.0002665525,-0.00084403794,0.00065981083,-0.0036203631,-8.7066681e-06,-0.0031460043,-0.0012697734,-0.0038921904,-0.0027896956,0.0034198615,-0.0012893874,0.00022778748,2.3023513e-05,0.00040181892,-0.0040901404,0.0020847761,-0.0016921321,0.0011755038,-0.00013246904,-1.8368418e-05,0.0020019833,-4.0158601e-05,-0.00019202514
0.0028973348,0.011462525,0.0037273967,0.00046629139,-0.0010842912,0.00030352444,0.0012267392,-6.8571124e-05,-3.0008543e-05,0.00016775983,-6.3291479e-05,-5.5444123e-05,0.0001524428,7.5322071e-05,-0.00017709304,0.00068204691,-0.0012032764,0.00028553794,-0.0051716309,0.00018648247,-0.00051803698,-0.0014084897,-2.9321065e-06,0.00092353312,-0.00056815268,-0.00010196607,1.7969715e-05,-0.00083815387,0.0022896155,-0.0070638376,-8.8676712e-05,-0.00038152477,-0.00017437709,-0.00087019586,-0.00079574146,0.0012810678,0.001213131,-0.0014544322,0.00050913195,0.00049938081,-0.0016864173,0.0015197496,0.00041762771,-0.00025114872,8.4889677e-05,0.00015485,0.00082323497,-0.00018599056,-0.00096124891,0.0003722694,0.00015742973,-1.1496104e-05,0.00011835297,-0.0013552316,0.00362785,0.00014922308,0.00016499806,0.00016058587,0.00070658294,0.00024880564,-0.00036005611,-0.00079613412,0.0011388208,-3.3632279e-05,0.00013485051,0.0011138091,-0.0012982015,1.9248975e-05,0.00010715127,0.0046604345,0.0013286848,0.00074316359,3.8832953e-05,-0.0001973993,-0.00019233186,0.00057205349,2.9179823e-06,-1.5050126e-05,0.0013694585,-0.0009408431,0.002120808,0.00033120885,-3.3597593e-05,-8.3637807e-05,4.8221458e-05,0.0002097297,-0.00089796643,-0.00064063021,-0.00039307394,-0.00013776254,-0.00088119774,-0.0001082365,-0.00015873431,-0.00012296405,6.2427595e-05,0.017895909,-0.011768859,-0.0016892898,0.004804442,-0.0042450894,-0.0029890486,1.684197e-05,-0.00076268348,-0.0020401557,-0.00058253514,0.00083617452,2.7695722e-06,-0.0044919794,0.0025205089,-0.0045608974,-0.00050385308,-0.00023607127,0.00058486288,0.00068085725,-0.00098380312,0.0037814808,0.00018357954,0.0027490031,0.0020211878,0.0041606518,0.0010172844,-0.001586041,0.0019157243,-0.00036748615,7.6159679e-05,-0.00062198541,0.0019879664,-0.002902779,0.0022507847,-0.0011132905,0.00026731884,0.0005437904,-0.0021050269,0.00016191963,0.00014062685
0.003899254,0.0037273967,0.018862214,7.3903775e-05,-0.00013445641,-0.0048093003,0.0014915644,-2.8672259e-05,-1.6263695e-05,3.2970502e-05,7.60483e-05,0.0006989095,-5.802757e-06,-0.0004373679,-0.00039647981,-0.0047563536,0.001459927,0.0011576145,-0.01170716,-0.00036386758,-0.0008200447,0.0015233622,-0.00032620374,7.6777863e-05,0.0015655175,0.0010901894,-3.9147281e-05,-0.00044097173,-6.0496005e-07,0.0013784039,-0.0019955868,-0.0005515331,0.00042915337,0.0014885308,0.00051377946,0.0025526435,-0.00037969518,-0.00077233441,-0.00080998956,0.00056792566,0.00060702074,-0.0016321344,3.297592e-05,-4.2295111e-05,0.00024715636,0.00038193457,-0.00074643906,-2.2754738e-05,-0.00034575077,-0.00064677109,-0.00044957045,2.1966958e-05,-0.00013197053,-0.00023606425,-0.00017279762,0.00094328207,0.00023820462,-0.00017524129,-0.00083542547,-0.00020654711,-0.001023382,9.0710565e-05,0.00070452022,0.00041328681,5.6837529e-05,-3.4928841e-05,0.00066547854,0.00013363581,2.2257488e-05,0.0042887395,0.00087723465,0.00086485464,-0.00077483839,4.3862722e-05,7.5525986e-05,0.00024318019,-0.00021886585,-6.7708738e-06,0.0010640803,-0.00059989775,0.00046274324,0.00085114458,3.3386392e-06,-0.00018125559,-0.00045182878,1.4273546e-05,-0.0011661583,-0.0003371209,-0.00055302896,-0.00012378505,-0.0010082781,-0.00072933547,0.00074931301,-4.4731662e-05,3.9025826e-05,0.03385563,-0.018510676,-0.0061844413,0.0015182689,-0.0045033173,-0.0055164663,0.0026109174,-0.002542321,-0.0053313249,0.0011784396,0.0022024164,-2.7303244e-05,-0.0064711672,0.0022386914,0.003051319,-0.0026170397,-0.00067071746,0.0012577721,0.0028703438,0.0012761066,0.0064121438,-0.002323727,0.0058587347,0.002806789,0.007539359,0.0045255233,-0.0053385069,0.0033353367,-0.00045344358,-0.00034344509,-0.00022261908,0.0027746279,-0.0027393401,0.0019046111,-0.0011779182,0.00059267314,0.0031666991,-0.0020763466,-5.4052328e-06,-0.00012462592
-0.0010240804,0.00046629139,7.3903775e-05,0.00064834304,-8.0819828e-05,-9.4156958e-05,-4.4249086e-05,-0.00010410936,3.1458538e-05,3.0833771e-05,-1.0121541e-05,3.8252908e-05,-5.3602078e-06,8.9773138e-05,-2.4560669e-05,0.0001392233,-0.0001265789,0.00019260616,-0.0013342151,4.5997578e-05,2.3106223e-05,-5.4932359e-06,-0.00012686206,-0.00010717972,0.00012041103,-4.499169e-06,1.6739745e-06,-9.0942169e-05,0.00020455076,0.00014826733,-0.00013330979,-2.2225993e-05,-6.2046558e-05,4.5969303e-05,2.2060542e-05,7.9094343e-06,0.00026111168,-0.00019889429,-0.00011202662,-6.0400401e-05,-0.00012147499,3.8329026e-05,-9.263032e-05,-1.7861994e-05,-2.3857205e-05,-1.3571662e-05,8.9343309e-07,9.0250058e-06,5.4528196e-05,-6.6385266e-05,1.2853014e-05,-4.1145338e-06,6.240913e-05,-0.00015942004,8.3350374e-05,1.6231697e-05,1.7981173e-05,4.9908138e-05,2.8417551e-05,6.3859013e-06,-3.5449087e-05,-0.00012231041,7.7890251e-05,9.908851e-06,-2.4011902e-05,7.4698424e-05,1.8371131e-05,2.3950127e-05,1.0797627e-05,0.0009955432,0.00026949901,0.0001126703,-6.3600477e-05,2.6761984e-05,6.050689e-05,4.532861e-05,-1.5813609e-05,-3.896818e-06,0.00025758656,-0.00018276978,0.00016732785,7.98818e-05,-3.7762917e-06,-7.2999397e-06,-4.1051807e-05,1.3378279e-06,-0.00021446156,-0.0001037253,-0.00013171328,-3.6746742e-05,-0.0002353806,-0.00014180807,9.0519773e-05,-1.1018763e-06,2.7716316e-06,0.0048189225,-0.0028091272,-0.00061708046,0.00086400516,-0.00081325529,-0.0005664525,0.00021647248,-0.00042629495,-0.00079591003,0.00011838048,0.00020632649,3.0637647e-06,-0.00090896944,0.00064585982,0.00028510747,-0.00013812389,-5.8706589e-05,9.206463e-05,0.00031928933,5.3491637e-05,0.00079713051,-7.1076709e-05,0.00077152609,0.00042485662,0.0010436904,0.00051407469,-0.00068952223,0.0003811219,-6.0515787e-05,1.8401687e-05,-0.00012648369,0.00056975046,-0.00048954554,0.00036408342,-0.00027677062,8.247964e-05,0.00020055366,-0.00035302177,-1.5446651e-05,5.2907132e-05
0.0001600915,-0.0010842912,-0.00013445641,-8.0819828e-05,0.00059175343,7.6477143e-05,4.0318895e-05,2.5599907e-05,1.3065695e-05,-9.4398197e-05,7.6970598e-05,-1.702514e-05,7.4476644e-05,-6.7496974e-05,0.00014637333,-0.0001498166,7.0397219e-05,-0.00014278436,0.0010960861,-0.00013896154,5.875947e-05,0.00011065852,1.6628474e-05,-6.7119007e-06,0.00012835639,3.7254347e-05,-5.366263e-07,3.6396296e-05,-0.00022872891,0.00048168288,-6.1715579e-05,1.9932784e-05,4.7926336e-05,3.3941801e-05,0.00011658387,-0.00013012453,-0.00019395176,0.00017330518,-8.1514346e-05,5.3353126e-05,0.00016579584,-0.00019351431,2.3115901e-06,3.0075847e-05,7.1983283e-05,3.1998655e-07,-3.59079e-05,4.2136433e-05,4.8784771e-05,-8.4074142e-05,-9.7714936e-06,1.2370364e-06,-2.280254e-05,0.00014143473,-0.00013007719,3.7396284e-05,-2.5299521e-05,-2.7800292e-05,-2.0728393e-05,-3.1858538e-05,4.9267028e-05,7.6722697e-05,-0.00013647626,-1.3496493e-05,-9.5963166e-06,-9.9313474e-05,0.00011267094,-1.2086679e-05,-1.3770262e-05,-0.0010376164,-0.00035142567,-0.00015873467,4.8788434e-05,-5.3894063e-06,8.3332581e-06,-7.0221864e-05,9.0904553e-07,4.6264209e-06,-0.00028550129,0.00017436377,-0.00017978526,-5.5577013e-05,2.2222476e-05,2.8821952e-05,3.8801514e-06,3.0499418e-06,0.00021213105,9.1093955e-05,0.0001276324,1.1713532e-05,0.00021920152,0.00010902787,-4.7918792e-05,1.7650614e-05,-6.706261e-06,-0.0043071302,0.0024763757,0.00028919352,-0.00096245859,0.00091856699,0.00056568901,-0.00018246036,0.00028526063,0.00059711289,5.56165e-05,-0.00015156135,-5.8721348e-06,0.00089398459,-0.00039642116,9.9959441e-05,4.6433211e-05,8.0086066e-06,-0.00012142717,-0.00014787061,6.6857124e-05,-0.0008662169,0.00011833507,-0.00071031942,-0.00040669905,-0.00085399835,-0.0003999691,0.0005679161,-0.00037092303,6.4057193e-05,-8.9066853e-05,0.00021612108,-0.00051953373,0.00050131361,-0.00042615047,0.000252831,-4.1721399e-05,-0.0001437414,0.00041738852,-4.9704168e-06,-4.4062225e-05
0.001189472,0.00030352444,-0.0048093003,-9.4156958e-05,7.6477143e-05,0.0031851911,0.00028859902,2.2343426e-05,3.158217e-05,-4.422013e-05,1.1636148e-05,-0.0006856754,0.00027087264,-1.1009883e-05,0.00024932758,0.0013684522,-0.00061091927,-0.0007427799,0.0069066169,1.3778561e-05,0.0001440962,-0.00055641144,0.00013268187,0.00028180305,-0.00031261059,-0.00030019658,3.546693e-05,-0.00014107431,6.8465547e-05,-0.0018804903,0.00047565634,1.8534206e-06,7.1141929e-05,-0.00048272109,6.7112216e-05,-0.00079343724,-0.00025226621,0.00030275147,0.00039667623,0.00021617729,-7.6091126e-05,0.00021404544,0.00016542244,1.0455617e-05,-4.0805198e-05,-7.920432e-05,0.00028865756,-4.5526515e-05,-0.00018649089,0.00011028002,0.00014336896,-1.813796e-05,0.00015493507,5.3970388e-05,0.00073009928,-0.00014550697,1.7072705e-06,-6.0069835e-05,0.00029511371,-6.5479921e-05,0.0003848506,7.1635187e-05,-0.00023903114,-0.0001499598,-8.544144e-05,2.1650137e-05,-0.00018157657,-7.9897901e-05,-1.071925e-05,-0.0033071107,-0.00082038547,-0.00054583605,0.00042741412,-0.00010630504,-0.0002015778,-0.00020546019,0.0001079725,-1.1030265e-05,-0.00084703679,0.00040096943,7.8042727e-05,-0.00031282633,8.8048804e-05,8.4089985e-05,0.00013576118,-0.00012370988,0.0007712812,0.00026559398,0.0004906619,8.6717889e-05,0.00075073087,0.00059034905,-0.00033399073,7.5545941e-05,-1.4578951e-05,-0.023348049,0.011138558,0.002700674,-0.0035283141,0.0034525069,0.0029461891,-0.0014755355,0.0017278642,0.0037498987,-0.00023875981,-0.0011927197,5.3336422e-05,0.0039717796,-0.0013584426,-0.003045894,0.00058572741,0.00013580787,-0.00060838916,-0.001345054,-6.6427002e-05,-0.0039964025,0.0012149876,-0.0036627177,-0.0018951517,-0.0044045967,-0.0028788167,0.0031793184,-0.0019885532,0.00026149448,6.2988475e-05,0.00037611877,-0.0027906092,0.0017748325,-0.0012833031,0.00095705073,-0.00028187995,-0.0013765296,0.0014105428,7.9266988e-06,4.6202784e-06
0.0017815035,0.0012267392,0.0014915644,-4.4249086e-05,4.0318895e-05,0.00028859902,0.0014150376,3.9664048e-05,6.1787284e-06,-4.0565639e-05,4.7177546e-05,-0.00011264935,0.00011959441,-0.00021718051,0.00014149604,-0.00048929836,-2.5152493e-05,-0.0001643679,0.0011411888,-6.787949e-05,-0.00016430847,3.7127892e-05,3.5094356e-05,0.00026104771,9.1523707e-05,0.00012558113,2.432059e-06,-0.00021835257,-0.00011115173,-0.00089778776,-0.00024152785,-4.6667651e-05,0.00013810493,-4.0352263e-05,-3.4314564e-05,0.00013597687,-0.00023646354,0.00018011381,0.00010160158,0.00023097132,3.2356196e-05,-0.00017598965,0.00016140826,-1.2199426e-05,3.4566226e-05,4.5796348e-05,2.8282443e-05,-1.1383084e-05,-0.00020941268,-8.3606165e-05,-2.3730905e-05,1.7371632e-06,4.3265993e-05,7.6696898e-06,0.00041880428,0.00012125537,-5.2987469e-06,-5.7128848e-05,7.7391343e-05,-2.5319979e-05,-3.5409396e-05,8.2340941e-05,-1.1509935e-05,-5.8013173e-05,-4.2373916e-05,7.3967284e-05,4.387481e-06,-1.3575063e-05,-3.0024851e-06,-0.00069954366,-0.00026982752,-4.4017625e-05,4.8943342e-05,-1.7555532e-05,-0.00011885031,-1.623548e-05,-1.6566498e-05,-8.5016804e-07,-0.00012955111,0.00012699709,4.6713729e-05,5.626872e-06,3.5520289e-05,1.3500656e-05,3.0056593e-05,2.8478885e-05,0.00017442695,1.405288e-05,0.00013660828,2.4681968e-05,0.00015437343,0.00018341766,-2.2233844e-05,-7.6584417e-06,-8.4061578e-07,-0.0044779521,0.0014841102,-0.00010113611,-0.0014304708,0.00084361334,0.00010434133,-0.00015908975,0.00024341196,0.0008090751,5.3848558e-05,-0.00010708189,1.2752656e-05,0.00040899276,-0.00022658819,-0.00091610449,-0.00021486216,-6.1294012e-05,-2.3392152e-05,-0.00018878921,7.219276e-05,-0.00068251753,0.00012327453,-0.00063313789,-0.00029580652,-0.00050062468,-0.00051924426,0.00053831497,-0.00021617451,3.2457179e-05,-1.9380782e-05,0.00018649805,-0.00080316618,0.00022497214,-0.00019727335,0.00022507527,6.6593981e-06,-1.579714e-06,0.00025753069,9.6809292e-06,-3.3313248e-05
0.00021423342,-6.8571124e-05,-2.8672259e-05,-0.00010410936,2.5599907e-05,2.2343426e-05,3.9664048e-05,0.00026801599,-6.8596902e-05,-1.5127892e-05,1.3939633e-05,-7.9420063e-06,-2.4555524e-05,-1.9716712e-05,-9.35422e-06,-2.1041452e-05,6.4519854e-05,-4.0981942e-05,0.00015602847,-2.2423503e-05,1.7299735e-05,-3.1678471e-05,4.5073355e-05,1.9349513e-05,-2.1262089e-05,6.2891284e-06,-2.1316089e-08,8.5199618e-05,-1.6021862e-06,-5.0102727e-05,1.7464059e-05,-5.9104217e-07,1.8993054e-07,-2.8405658e-05,1.3774283e-05,3.3331253e-06,-6.7909747e-05,5.7326464e-05,3.9349463e-05,-9.6199131e-06,-1.613616e-05,-4.2175052e-06,1.1486661e-05,4.9736028e-06,2.1894211e-05,-3.2339663e-06,3.4869194e-05,-3.224998e-05,-2.1219123e-05,1.4350621e-05,-9.8185363e-06,2.5661163e-07,-6.9435158e-05,-7.3510338e-06,1.4667608e-05,1.6704719e-05,2.6911437e-06,-7.6193968e-06,-3.964958e-06,-1.9148432e-05,-2.6081854e-05,3.5139207e-05,-5.0285723e-05,-4.9682605e-05,1.3718342e-05,-1.1173702e-05,3.9867636e-06,4.8598638e-07,-1.4338851e-06,-5.5625296e-05,-8.4886545e-06,1.8285474e-06,6.5203544e-06,-1.8256086e-05,-4.2368534e-06,8.2192131e-06,1.8684034e-06,8.4739126e-09,-3.0329867e-05,7.6700657e-06,-2.0340546e-05,-3.066598e-05,1.2450315e-06,1.0135722e-05,1.5451881e-05,1.9945801e-05,7.448129e-06,9.5682209e-06,4.7815762e-06,-3.3117558e-05,3.1366972e-05,6.1549326e-06,1.663102e-05,3.9029773e-06,-1.3927143e-06,-0.00027473782,-4.6296566e-06,-0.00021448288,-0.00010063923,1.9207733e-05,-1.5121557e-05,-2.3778775e-05,4.3351148e-05,-7.684787e-06,4.1202658e-05,-8.1651692e-06,1.1099554e-06,6.8207901e-05,1.4328849e-06,4.3919628e-05,-6.9091811e-06,-1.1725981e-05,-2.669469e-05,-8.2125643e-06,3.3564288e-05,-8.1947788e-05,-4.049205e-05,4.536405e-07,7.267327e-05,-4.4306047e-05,-3.1970278e-05,-2.4995746e-05,1.4453941e-05,3.9348895e-06,-1.139116e-05,-4.4764182e-06,-6.0881897e-05,4.6949808e-05,-4.1564985e-05,-5.8735539e-07,1.0384223e-05,8.2511586e-05,6.4752772e-05,-2.413812e-06,-1.2546248e-05
1.2650498e-05,-3.0008543e-05,-1.6263695e-05,3.1458538e-05,1.3065695e-05,3.158217e-05,6.1787284e-06,-6.8596902e-05,0.00062091341,-3.0824232e-06,0.000111239,1.2500697e-05,1.4316967e-05,1.3667609e-05,2.6989616e-05,-3.2878378e-05,-1.0363836e-05,3.0575536e-05,0.0001618805,-4.845251e-05,6.8243432e-06,1.4040918e-05,1.7705542e-05,-2.0858038e-05,7.2509088e-05,4.3465203e-07,-1.1091376e-06,5.2352113e-05,-2.8460174e-05,1.1539032e-05,-7.1610829e-05,5.0580252e-06,2.4894427e-07,-3.4876136e-05,1.3050551e-05,2.6877523e-05,-3.4041573e-05,3.9882742e-05,-5.9631908e-06,-1.3480271e-06,3.6859068e-05,1.0290469e-05,1.6001275e-05,4.3822595e-08,3.0751371e-05,1.8792209e-06,-2.3891785e-05,-1.7844358e-05,2.0066746e-05,-1.1925657e-05,4.7856374e-06,1.4998813e-07,-8.8291876e-07,2.0536806e-05,3.8263436e-05,1.4491049e-05,-4.4709198e-06,1.2835708e-06,1.3322339e-05,1.8273548e-06,-2.6640809e-05,9.5233734e-06,-3.6422541e-05,1.3949342e-05,2.019082e-05,-3.3263109e-05,-8.9940482e-06,-1.3563221e-05,3.1016361e-06,-9.6120822e-05,-8.1015167e-05,-4.9476937e-05,-5.5603308e-06,2.2274519e-05,9.8972168e-06,-1.284196e-05,-2.0465552e-06,2.5844736e-06,-9.1264128e-06,1.187805e-05,-1.1540687e-05,-7.0766766e-06,1.1842535e-05,-1.2176739e-05,-2.2141576e-05,-1.6629252e-05,3.4349482e-05,3.2789469e-05,-8.2949154e-05,-2.2666557e-05,2.0960273e-05,-1.3348802e-05,-4.7187689e-06,6.3609997e-06,4.8541483e-06,-0.00060951441,9.6012531e-05,-0.00014216999,-6.1588906e-05,0.00011688789,5.3124889e-05,-3.1977819e-05,3.937452e-05,4.6941997e-05,0.00012385811,-9.4905718e-06,-3.5482502e-06,9.8621876e-05,-5.5091534e-05,-0.00012194817,-4.5595464e-05,-4.0724276e-05,-8.0783185e-06,1.2850551e-05,9.0875919e-05,-0.00010449332,-3.0396419e-05,0.00013767755,-1.0226656e-05,-0.00016641011,8.801046e-06,0.00013501664,-2.0158669e-05,-3.9858858e-06,-3.7663317e-05,7.661117e-05,-2.2874658e-05,1.7652802e-05,-8.7937436e-08,4.4471634e-05,-2.4908243e-05,9.8843169e-05,4.8650454e-05,2.2977927e-05,-7.1840673e-06
-3.8214607e-05,0.00016775983,3.2970502e-05,3.0833771e-05,-9.4398197e-05,-4.422013e-05,-4.0565639e-05,-1.5127892e-05,-3.0824232e-06,0.00031434068,-9.3184194e-05,2.9209146e-05,-5.6590628e-05,6.8778266e-05,-7.0042659e-05,-5.1618758e-05,4.4253356e-06,0.00014892979,-0.00094050972,0.00012218723,-2.2708476e-05,-8.9087732e-06,-2.6689679e-05,-2.8273862e-05,-3.9452732e-05,1.8613019e-05,-5.9489795e-06,6.2566464e-05,0.00010552618,-5.4611759e-06,3.9637327e-06,7.3645737e-06,-1.2582465e-05,3.3667155e-05,-0.00012464107,-9.8543796e-06,6.9753827e-05,-8.6886136e-06,4.1084997e-05,-1.0783639e-05,7.605334e-06,4.7686522e-05,-1.4048627e-05,-8.5143472e-06,-5.7665117e-05,1.4399719e-05,-7.6998065e-06,-1.2271433e-05,4.2498647e-06,4.2722523e-05,-6.6016073e-06,2.4516843e-06,-1.3509824e-05,-4.8727753e-05,3.8091451e-05,-2.8108271e-05,8.0396548e-06,6.1972798e-06,-1.0210324e-05,4.2409524e-05,-2.916721e-06,-1.3980863e-05,3.4757371e-05,-2.6244084e-06,4.5183621e-06,7.2797082e-06,-5.7606447e-05,1.009403e-05,4.9193689e-06,0.00052212685,0.00021762588,8.8408402e-05,-7.4915121e-05,1.6853922e-05,1.3806164e-05,2.7301244e-05,6.9271963e-07,-2.7170371e-06,0.00013029016,-0.00011680564,5.6757969e-05,1.9436979e-05,-2.433358e-05,-1.5872081e-05,3.5946368e-06,-6.8262951e-07,-9.7771452e-05,-2.9432363e-05,-9.4647166e-05,-1.4785754e-05,-0.00014267896,-9.0530527e-05,1.3089416e-05,-2.4400889e-05,-3.5169397e-07,0.0026419849,-0.0015670663,-0.00023652816,0.00046126431,-0.00053869369,-0.0003739278,0.00018634698,-0.00021121432,-0.00042564356,-5.2466584e-05,0.00012673491,2.8554704e-06,-0.00046430617,0.00026897923,0.00024731134,-0.00010678682,3.2826017e-05,8.5176668e-05,0.00012811833,4.3017197e-06,0.00051066883,-0.0001296398,0.00049884205,0.00017897309,0.00060751058,0.00041553208,-0.00034849063,0.00026008299,-2.8094056e-05,6.8171026e-05,-0.00016816338,0.00019630048,-0.0001780622,0.00013542018,-0.0001530923,2.7287632e-05,0.00010136507,-0.00013771508,-4.1692869e-05,2.9646701e-05
4.7271674e-05,-6.3291479e-05,7.60483e-05,-1.0121541e-05,7.6970598e-05,1.1636148e-05,4.7177546e-05,1.3939633e-05,0.000111239,-9.3184194e-05,0.00081255144,1.4563076e-05,5.3396605e-05,-5.7121576e-05,0.00016260235,2.8350075e-05,2.8798601e-05,-2.0775188e-06,0.00054297414,-0.00019376952,-2.3515469e-05,6.6695736e-05,5.1547519e-05,-5.4787884e-05,5.9436358e-05,3.5000984e-06,2.7891092e-06,-1.8427704e-05,8.8519818e-06,7.3554878e-05,2.610011e-05,-1.990176e-05,-6.6543824e-06,-4.5841424e-05,3.4886518e-05,-4.1873085e-05,-3.253306e-05,4.2598771e-05,-6.0432041e-05,1.5174535e-05,2.6099602e-05,-5.5750808e-05,3.7862114e-06,8.5262222e-06,0.00013231945,3.2648411e-05,-3.9753043e-05,-1.4437652e-06,3.6251088e-05,-6.0058623e-05,-6.5919241e-06,-2.2617218e-06,-3.555261e-05,-4.8731295e-05,7.4575204e-05,-1.3236981e-05,2.0046952e-06,-2.083938e-06,2.809301e-05,2.3803043e-05,1.6354568e-05,-3.3678986e-07,-6.4715174e-05,-8.0508903e-06,-3.6439581e-06,-4.2766504e-05,2.9559455e-05,9.5098591e-09,-4.3300111e-06,-0.00012954378,-0.00017317162,-2.1485868e-05,-7.3247861e-06,4.7108433e-06,8.3929727e-06,-1.0910521e-05,-2.5142401e-05,8.6434868e-06,-3.9659505e-05,1.6247842e-05,-1.376224e-05,-5.9115532e-05,3.1951643e-05,-3.3099795e-06,-2.0239482e-05,5.0302079e-05,3.2164507e-05,-7.8626726e-06,8.1507132e-06,-3.9389869e-05,2.9924104e-08,1.7292702e-05,-1.6165331e-07,1.790501e-05,1.457147e-07,-0.00057859261,-0.0002865808,-0.0012559517,-0.00030240857,0.00022127141,-0.00024308663,-0.00011783798,-0.00024551794,-2.5471378e-05,0.00030432739,7.5466053e-05,-7.6062128e-06,-3.4209952e-05,3.7628908e-05,0.00019534794,-9.8411128e-05,-0.00011089467,-3.1545991e-05,5.1462036e-05,0.00040503761,-0.00032114606,-0.00019450726,3.6864371e-05,0.00012747805,8.9929051e-08,-3.4130465e-05,-3.0975517e-05,4.6175342e-05,-1.0576442e-05,-0.00014326392,0.00017126502,-5.3922248e-05,4.4764673e-05,-3.1802925e-05,4.4725614e-05,8.5743707e-05,0.0002775004,2.2385758e-05,-1.6170258e-06,-9.2923583e-05
-0.00040717854,-5.5444123e-05,0.0006989095,3.8252908e-05,-1.702514e-05,-0.0006856754,-0.00011264935,-7.9420063e-06,1.2500697e-05,2.9209146e-05,1.4563076e-05,0.00086049515,-0.00020935104,7.3435488e-05,-0.00013120636,-0.00026224725,0.00014977738,0.00014309389,-0.00039137498,0.0001873049,-4.1980813e-05,5.4103063e-05,-7.0978967e-06,-7.6248208e-05,1.0701041e-05,3.96664e-05,-9.0142888e-06,9.3979069e-05,1.0627439e-05,0.00014825597,-6.9836031e-05,3.9639874e-05,-2.9211543e-05,6.0619648e-05,-3.3008244e-05,0.00013103216,9.9662239e-05,-5.4688585e-05,-7.238795e-05,-0.00017060856,9.7152293e-06,3.9328525e-05,-4.4760253e-05,-2.563153e-07,-0.00012261631,2.7213213e-05,-1.8914173e-05,6.951946e-06,7.8839927e-05,1.6409243e-05,-2.291403e-05,2.1367152e-06,-2.9289832e-05,-1.8688889e-05,-5.0906354e-05,1.3813389e-05,-1.534873e-05,1.6359802e-05,-6.2727934e-05,2.0435356e-05,-8.2540231e-05,-6.9045572e-05,3.6313799e-05,4.3522101e-05,4.4537379e-05,-6.7373384e-06,1.6950442e-05,1.926989e-05,2.4159435e-06,0.00035243971,0.0002207468,8.8524598e-05,-2.6677447e-05,1.7858382e-06,-1.6957428e-05,7.5609827e-06,-3.0002197e-05,7.040025e-06,9.2251477e-05,-4.3701419e-05,1.807272e-05,3.3188319e-05,-1.7008227e-05,-1.5489126e-05,1.9782528e-05,2.5009704e-05,-6.4403732e-05,-4.8688381e-05,-5.1931242e-05,1.4613212e-05,-2.3106151e-06,-5.6661064e-05,-2.1203642e-05,-2.5176101e-05,-8.1031107e-07,0.0006205452,-0.00066666336,-0.00012334365,0.0008084192,-0.00050316757,-0.00022299596,2.9752061e-05,-3.7725846e-05,-1.3040862e-05,-4.3260964e-05,8.5731425e-05,-1.6930025e-05,-0.00013512717,0.0001479722,6.0321879e-05,0.00010172539,1.5711972e-05,1.7104235e-05,5.9776069e-05,-3.5916433e-05,0.00012091626,0.00010725979,0.00010930443,9.3428147e-06,3.996542e-05,0.00011896892,1.9839708e-05,7.0689685e-05,-8.3995891e-06,0.00012316247,-0.00019526301,0.00055813545,-0.00035299393,0.00027503072,-9.5651425e-05,2.8901487e-05,-5.620414e-05,-0.00029545462,7.3193987e-05,-1.8083256e-05
0.00021041369,0.0001524428,-5.802757e-06,-5.3602078e-06,7.4476644e-05,0.00027087264,0.00011959441,-2.4555524e-05,1.4316967e-05,-5.6590628e-05,5.3396605e-05,-0.00020935104,0.0014842784,-7.0239236e-05,0.0003857334,-8.6198934e-05,-8.3836138e-05,3.6352598e-05,3.9982589e-05,-0.00017138995,-4.1184767e-05,1.2855824e-05,5.6196632e-05,5.6902994e-05,9.1650395e-06,4.5135542e-06,1.6751714e-06,3.1006367e-07,6.5772067e-05,-0.00015894191,-3.2453276e-06,-3.8248443e-06,1.5014729e-05,-5.8311901e-06,-3.7676061e-06,-5.6315832e-05,7.598114e-05,2.699103e-05,-0.00016155112,-5.3766615e-07,-4.4340901e-05,2.7392401e-05,3.4216983e-05,-4.8601291e-06,0.00010545675,2.9534163e-05,2.7586184e-05,-8.3201253e-06,-2.1003781e-05,2.2396395e-05,1.3056578e-05,4.6336085e-07,1.3261344e-05,1.9622754e-05,4.8236565e-05,-1.0308832e-05,-7.5721105e-06,4.3178034e-06,4.8940197e-05,3.636282e-05,9.6536297e-06,-5.2868226e-05,-2.4487389e-05,8.4269746e-05,8.9570013e-05,3.7564593e-05,-8.5928095e-06,-2.9310027e-05,-2.9979901e-06,-0.00024371736,-0.00027454588,6.6838361e-06,2.6505024e-05,-2.3243969e-05,-6.059617e-05,1.2737229e-05,7.6601095e-06,6.1513039e-07,-0.00015938512,2.7159352e-05,6.1675212e-05,-2.46852e-06,2.0414837e-06,-6.9780036e-06,-1.4342175e-05,9.7207971e-07,2.3059838e-05,-4.8658578e-05,3.3933819e-05,6.4362253e-06,3.1137375e-05,4.6900002e-05,-7.1944864e-05,4.2662306e-06,5.6354079e-06,-0.0012788623,0.0012592785,0.0010343576,-0.00036155762,0.00062422813,0.00024957647,-4.3675616e-05,0.00035247355,0.00041338547,-0.00025115953,-8.216921e-05,-8.7648506e-06,0.00046380009,-0.00011301108,-0.00080743344,-9.4033874e-06,8.6305815e-05,1.9732354e-05,-0.00013917417,-0.0004091385,-0.00017062068,0.00044537371,-0.00030693515,-0.00023640824,-0.00011204574,-0.00010357229,0.00032538382,-0.00018225358,3.0742464e-06,-0.00013534703,0.00025018886,-0.0002484083,0.00017193456,-0.00016186975,7.1527797e-05,-5.7543726e-05,-0.00072366341,0.00013545934,-2.0564143e-05,0.0001272323
-0.00055717518,7.5322071e-05,-0.0004373679,8.9773138e-05,-6.7496974e-05,-1.1009883e-05,-0.00021718051,-1.9716712e-05,1.3667609e-05,6.8778266e-05,-5.7121576e-05,7.3435488e-05,-7.0239236e-05,0.00076658397,-0.00012625247,0.0001489997,-5.3029354e-05,-9.9391597e-06,0.00025619782,0.00023690803,-1.3157586e-06,-4.9105864e-05,-8.3094363e-05,-4.3982619e-05,-8.5198236e-05,-1.1217597e-05,-1.2062546e-05,0.00018836847,0.00015356326,8.6273458e-05,0.00013270142,1.1617073e-05,-4.6530456e-05,-8.0337134e-05,-8.8988353e-05,7.7864264e-05,0.00012243534,-0.00016395608,-3.7101055e-05,-0.00011368157,-8.6502361e-05,0.0001831421,-5.5258662e-05,-4.2200665e-06,-0.00013375607,-5.603134e-06,3.3094445e-05,2.9767503e-05,5.4357964e-05,0.00012091703,-1.041618e-05,6.7938034e-06,-8.3022393e-05,-5.11273e-05,-5.3850358e-06,-4.9392515e-05,-4.146552e-06,3.1420041e-05,5.1150793e-05,3.358105e-05,-3.0834375e-05,-7.3858801e-05,8.6004202e-05,3.0788004e-06,2.9462725e-05,2.075878e-05,-3.4887451e-05,2.0139537e-05,2.7305784e-06,0.00032017883,0.00023036097,-2.5860021e-06,-5.8523148e-05,-1.9205014e-05,3.6861013e-05,-5.0605252e-06,1.5972172e-05,-5.3476054e-06,5.0430677e-05,1.6747113e-05,4.4160455e-05,-1.5010401e-05,3.3408473e-06,2.273972e-05,6.9727109e-05,1.7410053e-05,-7.2504744e-05,8.7062913e-07,-1.3658652e-05,6.2110597e-05,-8.5398478e-05,-3.6128978e-05,1.2795536e-05,-9.4385507e-06,-5.0966379e-06,-0.00086784815,2.224012e-05,0.00067104872,0.0010251871,-0.00045860989,0.00026496728,8.6987174e-05,0.00010652303,7.0571673e-05,-0.00013964577,-5.9080978e-05,7.3766047e-06,0.00017774381,2.9624801e-05,-0.00023700689,0.00011572968,-9.5028174e-06,-7.7983923e-05,-0.00030442241,-0.00029458282,5.2667654e-05,0.00024114498,-0.00022965324,-0.00029332596,-6.426005e-05,3.2620468e-05,0.00011503426,-0.0001486615,3.2621785e-05,0.00015190609,-0.00019648572,0.00040321105,-0.00029726795,0.00024234442,-6.1109735e-05,-3.1239258e-05,-0.00040195704,-0.00025016709,5.8306646e-05,4.2961474e-05
0.00017443201,-0.00017709304,-0.00039647981,-2.4560669e-05,0.00014637333,0.00024932758,0.00014149604,-9.35422e-06,2.6989616e-05,-7.0042659e-05,0.00016260235,-0.00013120636,0.0003857334,-0.00012625247,0.0033165313,0.00022425254,-0.0002737991,-0.00028286078,0.00030712459,-0.00034034703,7.1454099e-05,9.5304082e-05,0.00015549362,-6.5283152e-05,0.00010432345,-4.198747e-05,2.0282239e-05,-0.00016699475,-0.00022985356,-0.00018860561,-0.00023551326,1.5066108e-05,-1.0434813e-05,-5.8304841e-05,0.00012482282,-0.00015986198,-0.00018179205,8.359234e-05,-7.119694e-05,7.5474652e-05,1.0919525e-05,-0.00019574977,2.980003e-05,7.4156195e-06,0.00021668368,2.093574e-05,-3.5475469e-05,3.1186655e-05,2.6777025e-05,-0.00013864645,2.4708585e-05,-5.4749686e-06,6.1902485e-05,9.3283419e-05,-1.1384511e-06,5.0501464e-05,-2.5044787e-06,3.2756042e-06,1.6473481e-06,-3.5358962e-05,9.6658522e-05,9.9298984e-05,-7.0311396e-05,2.3704717e-05,-1.2593826e-05,7.3119071e-05,0.0001537283,-2.9805753e-06,-4.7187785e-06,-0.0009458078,-0.00040128214,-9.6770259e-05,7.2136789e-05,-0.00010062892,-3.1808424e-05,-0.0001280785,7.2921252e-05,-3.9702183e-06,-0.00021985636,0.00020720567,-1.9434183e-05,-7.8635846e-06,2.4688587e-05,2.1196867e-05,-5.6262082e-05,2.002855e-05,0.00019909965,0.00010448509,0.00015221466,-3.4774527e-05,0.00023881151,0.00014143315,-0.0001132095,1.8854752e-05,9.2049896e-07,-0.003783509,0.0049780407,0.0063227345,-0.0011766677,0.0010954467,0.0019235644,0.00016123882,0.0013066336,0.00092022044,-0.0012207404,-0.00023986371,-2.9321862e-05,0.0010396877,-0.0011971644,-0.00029797362,0.00044656594,0.00029790689,-0.00010394323,-0.00067376122,-0.0027484148,-0.00027707188,0.0012155329,-0.00093487177,-0.00050110397,-0.0017401904,-0.00078700649,0.00040863861,-0.0010849607,9.9378479e-05,-0.00023136049,0.00030186859,-0.00063244927,0.00049112551,-0.00039039754,0.00025405794,-0.00047213342,-0.003701321,0.00042522809,-3.1111822e-05,0.00059220142
-0.0019118715,0.00068204691,-0.0047563536,0.0001392233,-0.0001498166,0.0013684522,-0.00048929836,-2.1041452e-05,-3.2878378e-05,-5.1618758e-05,2.8350075e-05,-0.00026224725,-8.6198934e-05,0.0001489997,0.00022425254,0.019284419,-0.0095849077,-0.0048203688,0.012787126,2.752608e-05,-1.4261983e-05,-0.0015869004,-0.0027968818,-0.00075560701,-0.00066171365,-0.0020529955,0.0001198648,-0.0025112145,-0.0012031908,-0.0021721241,0.00016622176,-0.00088402826,-0.00046808751,-0.0012942277,-0.0016514771,-0.0020227473,-0.003620945,-0.0010235972,-0.00033786335,-0.00015736818,-0.00098560458,-0.0030768605,-3.9779181e-05,-1.5985578e-05,0.00017016403,9.679387e-05,0.0007386387,0.001650511,0.00051051292,0.00023582103,0.00097165197,-5.4651574e-05,0.0012766738,0.00060985128,0.0013250999,3.872914e-05,0.00048165089,0.00018259854,0.00050150387,0.00082706127,0.0010396601,0.0018456388,0.00058100364,0.00017844701,-3.6236112e-05,0.00036340296,0.0016089424,-1.5702967e-05,1.1624151e-05,-0.0004313344,-0.00013915328,-5.4665764e-05,0.00032987183,0.00088488685,9.8848383e-05,-8.1914754e-05,0.00054947202,-3.5235571e-05,0.00060479068,0.00028739849,-9.3405247e-05,-0.00051095643,0.00028259557,0.0001374022,0.00013764807,0.0003548851,0.00044977691,0.00086990075,0.00038197488,0.00022942881,2.7787629e-05,0.00036400564,0.00090055097,0.00012093389,-3.1768279e-06,-0.0057693554,0.0030222592,0.001398637,-0.0015724683,0.001318914,0.0008588785,-0.001217549,-0.0013480875,0.00079835112,-0.00032040659,-0.0016613102,8.7916004e-05,-0.0008090348,-0.00080003437,-0.00092347183,0.0012681891,-0.00045974834,-0.00044150581,-0.00053867307,-0.00076811312,-0.0014706314,-0.0015934023,-0.0015491753,-0.00096969506,-0.0012690752,-0.0015475757,-0.0015527211,-0.00094513833,5.7902196e-05,-0.00010309286,4.7609675e-05,-0.00032590439,0.00032469879,-0.00023635919,0.00022209875,-9.3272896e-05,-0.00096768136,0.00037984948,-9.7269995e-05,-1.0720832e-05
0.00028271871,-0.0012032764,0.001459927,-0.0001265789,7.0397219e-05,-0.00061091927,-2.5152493e-05,6.4519854e-05,-1.0363836e-05,4.4253356e-06,2.8798601e-05,0.00014977738,-8.3836138e-05,-5.3029354e-05,-0.0002737991,-0.0095849077,0.011517389,0.0035728756,-0.0071721246,0.00012457908,0.00017288939,0.00089015419,0.0016611867,0.00035112022,0.00023607409,0.00093807431,-5.5249083e-05,0.0012678714,0.00048489483,0.0024529049,0.00027971529,0.00048693149,0.00012836895,0.00046294274,0.00088260063,0.00097977809,0.0018626234,0.00064317229,9.7511877e-05,4.6948578e-05,0.00045697175,0.0016115797,-7.0406979e-05,2.6883219e-05,-0.00016111117,-0.0001002327,-0.00061774621,-0.0018832378,-0.00048403525,-0.00016644746,-0.0011076354,5.2850439e-05,-0.0014329119,-0.0010603515,-0.00075400966,-7.1397722e-06,-0.00057047463,-0.0003674998,-0.0006874597,-0.0010616942,-0.0011274366,-0.002028036,-0.00074413601,-0.00033865436,-0.00031340676,-0.00054557953,-0.0022111869,-5.7006156e-05,-7.6455917e-06,3.4081625e-05,-1.7013856e-05,-3.5604947e-05,-0.00023476024,-0.0006479203,-1.6393623e-05,2.5658311e-05,-0.00037066526,1.178763e-05,-0.0004688376,-0.00032741426,0.0001325012,0.00016204952,-0.0001725118,-1.4385141e-05,-0.00010232138,-0.00034316628,-0.00040194412,-0.00073652396,-0.00026254847,-8.3970551e-05,-7.1881314e-05,-0.00032220654,-0.0005658471,8.3355533e-06,-5.7310432e-06,0.0018655791,-0.00078055985,-0.00067621596,0.00099147769,-0.00041483173,-9.5776247e-05,0.00074781622,0.00097722444,-0.00041478077,0.00014567917,0.00080938999,-3.9532557e-05,0.0006980341,0.00058135529,0.00082075742,-0.00050178762,0.00032836407,5.5874466e-06,0.00031928212,0.00056526979,0.00074227208,0.0012935131,0.00073810145,0.0002928317,0.00046238471,0.00081880744,0.00087760924,0.00020735071,-1.7378732e-05,7.850333e-06,-6.521752e-05,0.00025969137,-0.00011223798,-5.5538195e-05,-3.8888547e-05,3.0308763e-05,0.00051982547,-0.00013709084,9.2618729e-05,-2.950942e-05
-0.00033913677,0.00028553794,0.0011576145,0.00019260616,-0.00014278436,-0.0007427799,-0.0001643679,-4.0981942e-05,3.0575536e-05,0.00014892979,-2.0775188e-06,0.00014309389,3.6352598e-05,-9.9391597e-06,-0.00028286078,-0.0048203688,0.0035728756,0.011166969,-0.023224888,0.00017229749,4.6635315e-05,0.00017916831,0.00080318069,-9.5133446e-05,-0.00027503931,0.00059792941,-5.5900437e-05,0.0009575131,0.00049979305,0.0001954822,-0.00046431133,0.00023508504,-2.5652697e-05,0.00023567584,8.8491631e-05,0.0005745576,0.0011347309,7.0353016e-05,0.00018550692,-0.00020313716,9.1643283e-05,0.0012214426,-3.2315371e-05,-1.6538835e-05,-0.00016768339,-3.2016247e-05,-0.00013796212,-0.00064233233,3.6531843e-05,0.0002049751,-0.0004122958,2.8700483e-05,-0.00059587016,-0.00055309226,0.00020370982,2.6320032e-05,-0.00013399141,5.4044435e-05,-0.00016124109,-0.00018915675,-0.00047622947,-0.0008720976,-4.7660122e-05,-7.4323354e-05,5.3631646e-05,-0.00015074142,-0.00082765665,4.5765375e-05,1.5035308e-07,0.0052560053,0.0010631187,0.00056252448,-0.00088888285,-0.0013710548,7.3476626e-05,0.00033600713,-0.0011469283,5.8443351e-05,-2.9123715e-05,-0.0017768451,0.0012536955,0.00054857598,-0.00062407311,-0.00039404316,-0.0006747265,-0.00098740068,-0.0018201656,-0.0027020038,-0.0010973032,-0.00048492608,-0.0017567168,-0.0012451744,-0.001550424,-0.00020205889,7.2372997e-06,0.026466686,-0.015230424,-0.0043979281,0.0030719573,-0.0034077272,-0.0033578137,0.0018320039,0.00031966688,-0.0040883463,0.00036469904,0.0028526229,-0.00011452355,-0.002730716,0.0031355826,0.00021491726,-0.0015131326,0.00072641246,0.0011008865,0.0021033833,0.0020816457,0.0055660564,0.0023164168,0.0053113005,0.0029758825,0.0063286907,0.0040880687,-0.00075065828,0.00274016,-0.00029905922,0.00013780362,-0.00037715578,0.0018267981,-0.0014960858,0.001231695,-0.0012862292,0.000441008,0.002074348,-0.0012755906,-0.00025703766,0.00024388868
0.0050908097,-0.0051716309,-0.01170716,-0.0013342151,0.0010960861,0.0069066169,0.0011411888,0.00015602847,0.0001618805,-0.00094050972,0.00054297414,-0.00039137498,3.9982589e-05,0.00025619782,0.00030712459,0.012787126,-0.0071721246,-0.023224888,0.11790048,-0.00052866065,0.00012064134,-0.00068779733,-0.0011560751,0.0011885951,0.0012873219,-0.0020234294,0.00025650281,-0.0034037064,-0.0028192111,-0.0022063947,0.00089117266,-0.00024183732,0.00078905898,-0.0011086427,0.0023213807,-0.0030144164,-0.0047405903,0.0019909762,-7.6212293e-05,0.00090725785,0.00099785731,-0.0044213109,0.00069128277,0.00019868623,-0.00025186653,0.00010941519,0.00050591464,0.0010391198,-0.00051565944,-0.0008613999,0.0011506594,-0.00013815774,0.0019502098,0.0023433086,-0.00012672648,-8.23355e-05,0.00013617278,-0.00072380093,0.00045202672,-0.0009422369,0.0014933057,0.0025118437,-0.0014488216,2.5119303e-05,-0.00066155396,-0.00070387138,0.0025411071,-0.00033691402,-0.00010171748,-0.042838493,-0.0086633094,-0.0056661203,0.0040231773,0.0014181196,-0.0018047719,-0.0030897722,0.0024503209,-0.00013964795,-0.0087692141,0.0066775231,-0.0055837708,-0.0030197393,0.0016101625,0.0015909659,0.0015638421,0.00028757711,0.0096382306,0.0074686438,0.0077526355,0.0022536404,0.010646332,0.0064639318,-0.00014816855,0.0012843004,-0.00015421266,-0.25669307,0.13242923,0.022576455,-0.027599787,0.031558074,0.029623038,-0.014891104,0.010267936,0.038712614,0.0011967812,-0.016506482,0.00066750449,0.040259503,-0.01697353,-0.012894446,0.0068771752,-0.0015299602,-0.0084342273,-0.014442185,0.00046379305,-0.045934771,-0.0010025167,-0.046249937,-0.024090339,-0.052944084,-0.031248391,0.026428539,-0.022654277,0.0028638117,6.2019342e-05,0.0034312195,-0.017284518,0.013571598,-0.01068125,0.011248288,-0.0022446375,-0.012645474,0.011192385,0.0026394976,-0.0026659824
-0.00017833575,0.00018648247,-0.00036386758,4.5997578e-05,-0.00013896154,1.3778561e-05,-6.787949e-05,-2.2423503e-05,-4.845251e-05,0.00012218723,-0.00019376952,0.0001873049,-0.00017138995,0.00023690803,-0.00034034703,2.752608e-05,0.00012457908,0.00017229749,-0.00052866065,0.0016369201,-4.6455391e-05,-0.0001083602,3.5426411e-05,-4.046853e-05,-0.00021095474,3.096403e-06,2.7413858e-06,0.00026865775,0.00017024966,-0.00030304198,2.7044213e-05,-3.6797543e-06,-8.4486829e-06,8.4000343e-05,-0.00026788423,4.3747753e-05,0.00011676677,1.1223838e-05,0.00013823264,4.9053239e-05,-3.3484971e-05,0.00011598317,-8.0092924e-05,-2.1878682e-05,-0.0010713177,1.844497e-06,6.1884453e-05,-1.3369143e-05,-3.4032651e-05,6.316141e-05,-3.5044738e-05,1.3541705e-06,-6.9190697e-05,-0.00010187247,0.00011745316,9.7939109e-06,-5.9899121e-06,6.2630273e-06,-1.9345517e-05,8.3439273e-05,-2.6642627e-05,-1.4695045e-05,-5.1833485e-06,-4.7173051e-05,-3.5896773e-05,3.493378e-05,-6.2780999e-05,1.6682767e-05,3.9125046e-06,0.00095691841,0.00067204143,0.00012454881,-0.00012423902,-2.6392694e-05,-9.8393961e-05,-8.1689885e-05,-1.3747533e-05,-1.3995165e-05,0.00046679624,-5.7564338e-05,0.0001284696,1.1587637e-05,-8.7349242e-06,-4.5991697e-05,0.00010261126,1.9239505e-05,-9.5366835e-05,4.1737314e-05,-0.00012335521,0.00012928239,-0.00027564144,-0.00014225477,1.2208509e-05,-1.7664671e-05,-4.0168481e-06,0.0038194242,-0.001574778,0.00059946555,0.0012385312,-0.00021837318,-0.00026224462,0.00024767457,-1.3402124e-05,-0.00040882599,-0.00017754502,3.8445063e-05,2.1452861e-05,-0.00087136592,-7.9366904e-05,-0.00025609803,0.00022519006,5.5844552e-05,0.00010866169,-4.3490395e-05,-0.00058298341,0.00058929639,-3.3783774e-05,0.00052876098,-0.00016775778,0.00072409639,0.00038402431,-0.00040966826,0.00019558956,-2.7884814e-05,0.0011314026,-0.00083384479,0.00046139208,-0.00041037278,0.00033069822,-0.00031416701,-6.8528932e-05,-6.7197283e-05,-0.00031658918,-1.85924e-05,0.00012687668
-0.00049581505,-0.00051803698,-0.0008200447,2.3106223e-05,5.875947e-05,0.0001440962,-0.00016430847,1.7299735e-05,6.8243432e-06,-2.2708476e-05,-2.3515469e-05,-4.1980813e-05,-4.1184767e-05,-1.3157586e-06,7.1454099e-05,-1.4261983e-05,0.00017288939,4.6635315e-05,0.00012064134,-4.6455391e-05,0.0016140312,-0.00039175095,0.00027928304,-7.9163744e-05,-0.00017458027,-3.886516e-05,1.0012947e-05,1.1406464e-05,9.353213e-05,0.0009375119,-0.00021472003,1.3106403e-05,-0.00024364131,-0.0001802222,0.00019870874,-0.00021808051,-0.00031701348,0.00018844496,-9.4986535e-05,-0.00029514543,0.00010911298,-0.00028087676,7.5592628e-05,2.9343725e-05,1.088478e-05,-0.00079858748,0.00019927212,-0.00014232112,6.648375e-05,6.3272834e-05,6.3198217e-06,-8.5816375e-06,-2.3255827e-05,-8.4132747e-05,-0.0003211319,8.5406414e-05,-3.2989905e-06,0.0001374582,9.2276096e-05,-0.00010406391,8.7903253e-05,0.00014277364,-0.00014837124,8.5291788e-06,9.2546941e-05,-7.4547862e-05,0.00017538893,-3.8528096e-05,-1.477766e-05,-0.0001467107,-0.00010736513,-0.00038305714,0.00013242173,-7.3765597e-05,1.1160295e-05,1.3455221e-05,6.9095697e-06,-3.8204021e-06,-3.5220104e-05,-4.4667601e-05,-8.7503052e-05,-1.6721174e-05,1.2550013e-05,5.8473848e-05,5.5169836e-05,-2.6780766e-05,3.4177915e-05,0.00011272309,-4.4756421e-05,-2.8807823e-06,8.1611998e-05,-6.6468432e-05,-6.5853792e-06,-1.3841257e-05,-6.6741884e-06,-0.00016541777,0.00031551737,5.7049804e-05,-0.0003845161,0.00032022485,0.0010477691,-0.00038179025,0.00017707995,-2.8349172e-05,-0.00011236634,-4.971112e-05,7.5261919e-06,0.00015712072,1.2124874e-05,0.00034928227,-0.00010312938,-7.1974246e-06,-0.00019475433,-0.00014990284,0.00010475169,-0.00010748494,-0.00017190107,6.0211071e-05,-3.227075e-05,-0.00026828542,0.00014137043,-0.00020696976,4.5095699e-05,2.3676313e-05,-3.5065615e-05,6.4380842e-05,-5.9724898e-05,0.00013082056,-8.4933508e-05,2.5436268e-05,-1.0948255e-05,3.6397557e-05,7.4365787e-05,1.5303183e-05,-3.9758408e-06
-0.00028919972,-0.0014084897,0.0015233622,-5.4932359e-06,0.00011065852,-0.00055641144,3.7127892e-05,-3.1678471e-05,1.4040918e-05,-8.9087732e-06,6.6695736e-05,5.4103063e-05,1.2855824e-05,-4.9105864e-05,9.5304082e-05,-0.0015869004,0.00089015419,0.00017916831,-0.00068779733,-0.0001083602,-0.00039175095,0.0032475544,-0.00025390708,-0.00013585588,0.00030116324,0.00022327722,-2.2106575e-05,0.00017137475,-0.00051303478,0.0019619564,0.00029717045,-4.0030828e-07,-9.5405078e-05,0.00029541088,0.00032735507,6.5119789e-05,-0.00010106845,-3.2001979e-05,-0.00031825577,0.00017601959,0.00034236649,0.00016818788,-7.2155093e-05,3.5892518e-05,6.0110699e-05,0.00020768815,-0.001763477,0.00015608051,9.5019065e-05,-0.00017040789,-0.00012162517,8.5636876e-06,5.0828206e-06,0.00022160852,-0.00088789708,-0.00013361698,5.9409014e-06,3.7963155e-05,-0.00023581243,-0.00012033245,-7.8099935e-05,4.0223022e-05,3.2954815e-05,7.0340126e-05,-0.00018082051,-0.00020998873,9.9648421e-06,7.2702247e-06,-9.9956836e-06,-0.00054036938,-0.00025429336,-8.8894289e-06,-0.00069806066,8.5989189e-05,1.8617805e-05,-0.00011778668,-5.0625005e-05,9.6396966e-06,-0.00015189407,7.0945123e-05,-0.00032128393,-6.8183511e-05,1.5304016e-05,2.0807957e-05,-2.3200488e-05,-3.7118842e-05,0.0001095063,9.0470678e-05,0.00018233202,5.0074017e-05,5.4262288e-05,-4.3587022e-05,-1.08985e-05,3.2539862e-05,-9.9310245e-06,-0.00079632048,0.00056654586,6.5750926e-05,-0.00030386964,0.00042716983,-9.2720071e-05,0.0019303214,-0.00016951093,-9.6200253e-06,0.00018647534,0.00013571156,-2.6303288e-05,0.00037210434,-0.00012625451,0.00094051305,0.00018140593,-3.5366111e-05,-1.217463e-05,5.8615282e-05,0.00014798296,-0.00011992235,-0.00011639689,-0.00035757867,-0.0001950288,-8.1615255e-05,0.00017997564,0.00032385744,-0.00012724495,3.9313473e-05,-0.00011252249,0.00023005643,-0.00017985516,0.00029861283,-0.0002398001,0.00014147119,-2.5654997e-05,8.8400579e-05,0.00016914101,-3.065238e-05,-4.9716264e-06
0.00079141933,-2.9321065e-06,-0.00032620374,-0.00012686206,1.6628474e-05,0.00013268187,3.5094356e-05,4.5073355e-05,1.7705542e-05,-2.6689679e-05,5.1547519e-05,-7.0978967e-06,5.6196632e-05,-8.3094363e-05,0.00015549362,-0.0027968818,0.0016611867,0.00080318069,-0.0011560751,3.5426411e-05,0.00027928304,-0.00025390708,0.0033164148,0.00010630255,-5.4764038e-05,2.2433535e-05,2.5635816e-05,0.00066734715,-0.00034814123,0.00082231341,-0.00026630245,0.00020659426,-0.00019532923,-0.00034222984,-6.9982497e-05,0.00015782675,-2.932853e-05,0.00024023055,-4.093732e-05,-0.00073497762,-0.00030497955,0.0015095666,9.1487251e-05,-1.4889297e-05,-6.3517119e-05,-0.00017729962,0.00020052744,-0.0018015041,-0.00013173934,1.6187791e-05,-1.0386795e-05,-9.0890061e-06,-0.00046387419,0.00021492984,-0.00027001277,0.00019722004,-0.00013748777,0.00010272109,0.00018051987,-4.8958717e-05,-0.00016626964,-2.0451169e-06,-0.00019454546,5.3398817e-05,0.0005207044,0.00014322162,-0.00087902018,-2.8911071e-05,3.1035969e-06,-0.00043108248,-0.0001432649,-0.00013751779,0.00014012071,-0.00090287078,-1.911948e-05,-3.8423958e-05,-1.0299221e-05,-1.9074954e-06,-0.00035573072,0.00017450458,-2.5616297e-06,8.740371e-05,-5.4431218e-05,3.7995339e-05,0.00016609316,-7.8942699e-05,-2.2978342e-06,-2.6902056e-05,-4.7209041e-05,3.9335032e-05,0.00037213119,0.00017212471,-0.00054166964,-1.9739307e-05,2.9702789e-06,-0.0022355111,0.0015277119,0.00056236706,0.00059803989,0.00024859564,0.00051767534,-0.00030791612,0.0023835644,0.00040568094,8.955355e-05,-9.703658e-05,1.6387495e-05,0.0010015139,-0.00065127869,-0.00011013597,-0.00016908388,0.00016113797,-0.00018627196,-0.00042907829,-0.00028006318,-0.00034261711,0.00020969713,-0.00024601947,-0.00031365144,-0.0012208252,-0.00059722849,0.0013753467,-0.0001884321,1.9298055e-05,9.7395521e-05,4.6872745e-05,-4.3366242e-05,5.4724161e-05,-8.5724508e-05,8.4240002e-05,-6.6910415e-05,-0.00028319971,0.00037645126,0.00012337938,8.1282843e-06
0.0010370218,0.00092353312,7.6777863e-05,-0.00010717972,-6.7119007e-06,0.00028180305,0.00026104771,1.9349513e-05,-2.0858038e-05,-2.8273862e-05,-5.4787884e-05,-7.6248208e-05,5.6902994e-05,-4.3982619e-05,-6.5283152e-05,-0.00075560701,0.00035112022,-9.5133446e-05,0.0011885951,-4.046853e-05,-7.9163744e-05,-0.00013585588,0.00010630255,0.0028043815,0.0011701144,-0.00013940091,4.2071484e-06,-8.1175911e-05,0.00033053174,-0.00090758592,0.00031442101,-5.7092776e-05,0.00011022815,-0.00044952283,0.00011659608,9.3389543e-05,-8.3768483e-05,4.3102829e-05,3.2041718e-05,0.00028174923,9.4216507e-05,0.00014993802,0.00016003252,-3.8686158e-07,-2.247098e-05,1.7213045e-05,7.718013e-05,-0.00011476275,-0.0015301423,-0.00062843551,8.6572964e-05,-6.2253673e-06,7.9172339e-05,-0.00012176666,0.00051791256,-0.00010206588,3.9134931e-05,-6.0945923e-05,0.00026232137,-0.00010431381,-5.5767746e-05,-2.0238246e-05,-1.853972e-06,1.966528e-05,-0.00011526467,-1.5581291e-05,-0.00013530473,-4.9193659e-05,-2.9310642e-06,-0.00087853776,-0.00028748383,-0.00015000671,0.00012904091,-3.0816196e-05,-0.0007487449,-0.00038263321,7.6290238e-05,1.0827414e-06,-0.00016933487,6.4214827e-05,0.00016397256,-0.00012517693,3.8653901e-05,-1.0542215e-05,0.00014289285,-7.5991075e-05,0.00012219303,6.0886089e-05,5.7272752e-05,4.8133388e-05,0.00016851429,0.00012921509,-9.7565515e-05,-4.1768901e-05,3.0937219e-06,-0.0049494616,0.0022212108,0.00036934369,-0.00097332945,0.00081877446,0.00047053795,-0.00031563258,0.00032753685,0.0024991288,0.00081566098,-0.00034980261,-1.0017192e-06,0.00059054576,-0.0001723028,-0.0010513791,0.00014668588,-3.9250183e-05,-6.2475918e-06,-0.00057433004,0.00027142533,-0.00063180221,0.00017010668,-0.00067390999,-0.00040698049,-0.00071924073,-0.00044474286,0.0007511976,-0.0002750666,3.7351738e-05,3.7226715e-06,0.00016466765,-0.00054614841,0.00027148019,-0.00020909562,0.00023994091,-5.4707282e-05,-0.00012718427,0.00014851753,5.112373e-05,-5.0765629e-05
-0.00036057016,-0.00056815268,0.0015655175,0.00012041103,0.00012835639,-0.00031261059,9.1523707e-05,-2.1262089e-05,7.2509088e-05,-3.9452732e-05,5.9436358e-05,1.0701041e-05,9.1650395e-06,-8.5198236e-05,0.00010432345,-0.00066171365,0.00023607409,-0.00027503931,0.0012873219,-0.00021095474,-0.00017458027,0.00030116324,-5.4764038e-05,0.0011701144,0.004323721,-5.718174e-05,-8.0795643e-06,-0.00019729294,-0.00011484446,-0.00078103825,0.00017984929,-0.00013540615,0.00027154554,-0.00026230402,0.00048171235,-1.2340051e-05,-8.6570325e-05,0.0005311011,-0.00029269552,-5.1670351e-05,0.0001661748,-0.00065072318,-3.7462135e-05,1.2132981e-05,9.0203838e-05,0.00012131566,-0.00017290406,1.6176192e-05,-0.00058080754,-0.0022066796,5.665792e-05,-3.7714646e-06,7.8836174e-05,0.00018838866,0.00032299327,-4.9060596e-05,9.2607839e-05,-0.00017822348,0.00017747856,-0.00029495459,-0.00013989828,0.00014253663,-0.00035107348,9.2638289e-05,-2.9782337e-05,-0.00012001799,0.00041941905,1.5306875e-05,-3.4911487e-07,-0.0018530605,-0.00055615905,-0.00023296801,8.7553299e-05,-5.9988071e-05,-0.00037426305,-0.0011037264,9.3516896e-05,-1.6300482e-06,-0.00051123693,0.00026556241,0.0002507395,-0.00016317102,5.513918e-05,1.5105949e-05,0.00011967094,-9.6407112e-05,0.00029178582,0.0001865254,7.0935727e-05,0.00011574292,0.00045999999,0.00014544048,0.00010764592,6.4080962e-06,1.2764262e-06,-0.0067799903,0.0039490927,0.001792579,-0.0029825307,0.0016257434,0.00095678043,-3.9282791e-05,0.00079721937,0.0018448148,0.0024789091,-0.00043228401,1.4197495e-05,0.0012276736,-0.00057275289,-0.00088404521,0.00013651775,-1.2758153e-05,-5.11282e-05,-0.00072994397,-0.00019001976,-0.00086916939,0.00037114559,-0.00067305286,-0.00082135501,-0.0015141428,-0.00054843237,0.00062861327,-0.00072356104,7.9546276e-05,-8.9631468e-05,0.00032001065,-0.00069290973,0.0005223827,-0.0004070946,0.00049129018,-0.00021850278,-0.00061674352,0.00056824477,0.00012227868,2.3707917e-05
0.00029655708,-0.00010196607,0.0010901894,-4.499169e-06,3.7254347e-05,-0.00030019658,0.00012558113,6.2891284e-06,4.3465203e-07,1.8613019e-05,3.5000984e-06,3.96664e-05,4.5135542e-06,-1.1217597e-05,-4.198747e-05,-0.0020529955,0.00093807431,0.00059792941,-0.0020234294,3.096403e-06,-3.886516e-05,0.00022327722,2.2433535e-05,-0.00013940091,-5.718174e-05,0.00079594679,-0.00010847368,0.0003998855,0.0001887618,0.00044894188,-0.00031282972,-7.3030377e-07,3.1028963e-05,0.00014742379,1.0903137e-05,8.2804787e-05,8.5863615e-05,-6.672278e-05,-3.1205522e-05,0.00013767186,0.00018303389,-0.00016467521,-3.4884259e-05,1.8373348e-06,-3.9936816e-05,2.8822135e-05,-0.00011248646,-1.9349879e-05,5.3784082e-05,5.999896e-05,-0.00036046958,4.5137203e-05,-0.00019462275,-0.00013763114,-0.00018105415,0.00014140812,-9.8780651e-06,-1.5745771e-05,-7.3430273e-05,2.0398967e-05,-3.5390312e-05,-4.270756e-05,6.4346975e-05,4.5637942e-05,-6.8021093e-05,-6.1870502e-05,8.1618703e-05,2.6666625e-05,-6.6454959e-07,0.00039661893,0.0001334151,7.3558811e-05,-0.00010574081,-1.0938876e-05,6.2012059e-05,9.5714338e-05,-0.0001958587,2.5214201e-05,2.6668633e-06,-0.00012479948,-1.0952394e-05,0.00013246923,-2.1169846e-05,-2.8937397e-05,-6.3800383e-05,1.9939018e-05,-7.6384637e-05,-5.8020927e-05,-2.8877663e-05,-2.3461602e-05,-0.00011602382,-0.00010177261,3.2819695e-05,-2.7924156e-05,3.091709e-06,0.0024289294,-0.0013530389,-0.00041517259,0.00024780281,-0.0004758154,-0.00034254844,0.00028632698,-0.00017539524,-0.00050834057,-0.00010037787,0.00062202895,-6.5870954e-05,-0.00014624668,0.00033148801,0.00034494998,-0.00034981658,-2.4038648e-06,0.0001001462,0.00024063427,-1.0621604e-05,0.00035744158,-0.00010815809,0.00032484701,0.00025779514,0.00060774095,0.0004078554,-0.00032594261,0.00028250375,-2.8333562e-05,5.0659114e-05,-7.3725843e-05,0.00012311897,-0.00012432965,9.2276169e-05,-0.00011304859,4.5435218e-05,0.00021015522,-0.00015465883,-3.0270952e-05,1.866211e-05
1.799034e-05,1.7969715e-05,-3.9147281e-05,1.6739745e-06,-5.366263e-07,3.546693e-05,2.432059e-06,-2.1316089e-08,-1.1091376e-06,-5.9489795e-06,2.7891092e-06,-9.0142888e-06,1.6751714e-06,-1.2062546e-05,2.0282239e-05,0.0001198648,-5.5249083e-05,-5.5900437e-05,0.00025650281,2.7413858e-06,1.0012947e-05,-2.2106575e-05,2.5635816e-05,4.2071484e-06,-8.0795643e-06,-0.00010847368,4.1322136e-05,-2.3272945e-05,-1.3064357e-05,-1.4337519e-05,-5.945765e-05,-9.549364e-06,4.247438e-06,-6.025462e-06,-8.3923223e-06,-2.5660756e-05,-2.6512434e-05,2.1875422e-05,-2.121041e-05,-3.4831719e-06,-1.4303172e-05,-1.5700374e-05,4.9208307e-06,8.357466e-07,-2.4646268e-06,-6.5844045e-06,9.5897376e-06,-8.5378713e-06,-7.0010406e-06,-4.9282412e-06,4.488889e-05,-1.7200209e-05,4.5191131e-06,7.7330817e-06,-1.8930414e-06,3.1751099e-05,6.928081e-06,-6.7407236e-07,6.4873245e-06,-3.7743465e-06,1.7359092e-05,8.7979249e-06,-1.305331e-05,7.462656e-06,6.9414075e-06,6.6208251e-06,1.1087356e-05,-3.7359427e-06,-8.9502284e-07,-0.00010492482,-4.4328241e-05,-1.9015759e-05,2.1625148e-05,-3.0159947e-06,-1.4438706e-06,-4.200299e-06,2.8170048e-05,-9.2391537e-06,-1.6149044e-05,8.8885282e-06,2.175049e-05,1.715912e-05,6.5265621e-06,3.6120854e-06,4.1038556e-06,-7.7912153e-06,1.9997115e-05,1.1450909e-05,1.390495e-05,4.7748589e-06,2.4218049e-05,1.4621016e-05,-3.4022589e-06,6.596114e-06,-1.2499494e-06,-0.00050484361,0.00022413881,-2.7174355e-05,-0.00013189738,0.0001332597,4.1861542e-05,-5.7852045e-05,3.3024082e-05,5.9957829e-05,2.1808667e-05,-8.9818326e-05,2.4058521e-05,6.304624e-05,-2.1711278e-05,-8.6666237e-05,-4.6345072e-05,-1.087624e-05,-1.2309649e-05,-2.7329952e-05,3.4548515e-05,-9.7190219e-05,-1.0343719e-07,-6.5140708e-05,-4.5901574e-05,-9.4534964e-05,-5.1522943e-05,5.6676914e-05,-4.6009206e-05,5.9456017e-06,-5.5320366e-06,2.575682e-05,-6.9253099e-05,4.9813814e-05,-3.8479841e-05,2.8457056e-05,1.1231345e-06,1.9245892e-06,4.4102181e-05,1.7330217e-07,-8.0800385e-06
-8.9490548e-05,-0.00083815387,-0.00044097173,-9.0942169e-05,3.6396296e-05,-0.00014107431,-0.00021835257,8.5199618e-05,5.2352113e-05,6.2566464e-05,-1.8427704e-05,9.3979069e-05,3.1006367e-07,0.00018836847,-0.00016699475,-0.0025112145,0.0012678714,0.0009575131,-0.0034037064,0.00026865775,1.1406464e-05,0.00017137475,0.00066734715,-8.1175911e-05,-0.00019729294,0.0003998855,-2.3272945e-05,0.0043330908,0.00071036668,0.00072638493,-0.00019410036,0.00010270793,-0.00016742556,-0.00023907561,-0.00011179432,0.00013716038,0.00010253553,0.00054112412,0.00016791497,-0.00054623344,-6.7773588e-05,0.0004417871,-0.00014074006,1.1303713e-05,-0.00017023871,-1.5822584e-05,1.6531433e-06,-0.00044818585,0.00012495066,7.7300175e-05,-0.00019121107,4.1512094e-06,-0.002348084,-0.00033740771,-0.00043122389,0.00012910423,-7.9262767e-05,0.00011077805,0.0002101202,0.00010468843,-0.00011652991,5.0036971e-06,-0.00026358755,-3.9854366e-05,0.00023405188,8.2169245e-05,-0.00020883775,5.5315716e-05,-7.4813814e-08,0.00093869755,0.00045310246,0.00010108559,-9.8363135e-05,-0.0002068724,9.7016236e-05,4.120664e-05,-0.00013278336,1.3626904e-05,-0.00071411577,-0.00024770923,4.1994218e-05,0.00020965402,-7.7041789e-05,-5.9867635e-06,7.7239623e-05,-2.8621638e-05,-0.00017297685,-0.00012386216,-0.00032229606,-5.2328736e-05,-0.00011959148,-0.00016723587,-6.1232853e-05,-6.02497e-05,-9.5943961e-07,0.0054168676,-0.0024427516,0.00033679019,0.0014273336,-0.0010376797,-0.00037931216,0.00049969491,0.00024399332,-0.00097502361,-0.00026198893,0.00056795561,-3.8454207e-05,0.0016878475,0.00058819088,0.00054366799,-0.00052388124,0.00014911783,5.5012673e-05,3.6745083e-05,-0.00050227618,0.00092007312,-3.4851498e-05,0.0012340891,0.00044006735,0.00064104109,0.00071675866,-0.00055227152,0.00047282118,-3.5847316e-05,0.00020364957,-0.00029158163,0.00055186615,-0.00031941519,0.00027270849,-0.00028426831,-3.6866505e-05,1.7732758e-05,-1.9026771e-05,1.380179e-05,0.00010586703
-0.00033938707,0.0022896155,-6.0496005e-07,0.00020455076,-0.00022872891,6.8465547e-05,-0.00011115173,-1.6021862e-06,-2.8460174e-05,0.00010552618,8.8519818e-06,1.0627439e-05,6.5772067e-05,0.00015356326,-0.00022985356,-0.0012031908,0.00048489483,0.00049979305,-0.0028192111,0.00017024966,9.353213e-05,-0.00051303478,-0.00034814123,0.00033053174,-0.00011484446,0.0001887618,-1.3064357e-05,0.00071036668,0.0071406426,-0.00074863498,0.00021103172,-3.8522078e-05,-9.1828228e-05,0.00039245996,-0.0002473006,0.00013016671,0.00025776363,-0.0003645944,0.00012487284,5.0561224e-05,-0.00041296787,0.00046284359,-0.00010263643,-7.8155481e-05,-7.0605028e-05,-9.2260249e-05,0.00018350808,0.00014569969,-0.00019008474,0.0001961056,-0.00011180725,4.6495857e-06,-0.00039909163,-0.0035242229,0.00038461596,-0.00017527596,3.9594157e-05,0.00013817338,-0.0001124586,0.00014305064,6.8259619e-05,-0.00018784866,0.00020478065,-4.044657e-05,-2.5096606e-05,0.00031214765,-0.00026241592,4.6736084e-05,2.9902988e-05,0.0016610592,0.00055894797,0.0001683864,-8.4601117e-05,9.1988357e-05,2.1569763e-05,0.00023987491,-0.00010206747,-3.0228785e-06,0.0002747946,-0.0017825304,0.00044344607,5.8162669e-05,9.4279225e-06,2.4056979e-05,-0.00012544384,0.00016234167,-0.00024543735,-0.00013529169,-0.00017942898,-8.9721646e-05,-0.00030685956,-7.5440401e-05,-5.3742505e-05,-3.3999859e-07,1.7599363e-05,0.007732744,-0.004521209,-0.00098660687,0.0020091647,-0.001750375,-0.00096799083,0.00019975647,-0.00092427529,-0.0011381311,-0.00024255779,0.00057852131,-1.3405208e-05,-0.0010385047,0.0053452999,-0.00055261642,-5.0379287e-05,-0.00011374019,0.00012308444,0.00085838825,-0.00044940588,0.00098109873,-0.00022429163,0.001113833,0.00086984232,0.0018898505,0.00063271116,-0.00068077729,0.00067602799,-0.00014042451,1.5905231e-05,-0.00037014207,0.00075913984,-0.00083713741,0.00067022435,-0.00045001075,8.9242504e-05,0.00051484828,-0.00089236319,6.0056311e-05,8.8370731e-05
-0.0036554288,-0.0070638376,0.0013784039,0.00014826733,0.00048168288,-0.0018804903,-0.00089778776,-5.0102727e-05,1.1539032e-05,-5.4611759e-06,7.3554878e-05,0.00014825597,-0.00015894191,8.6273458e-05,-0.00018860561,-0.0021721241,0.0024529049,0.0001954822,-0.0022063947,-0.00030304198,0.0009375119,0.0019619564,0.00082231341,-0.00090758592,-0.00078103825,0.00044894188,-1.4337519e-05,0.00072638493,-0.00074863498,0.096515517,0.0015224475,0.00035294318,-0.0007838111,0.00050330558,0.00079377516,-3.2613428e-05,-0.00052261042,0.0011430915,-0.00036095187,-0.00075024553,-4.181351e-05,-0.0014812777,-0.00069259655,8.3470033e-05,-1.0108466e-05,-0.00027766961,-0.0010363831,-0.00044792813,0.00078101849,0.00012586699,-0.00026295187,-2.6380868e-05,-0.00043363181,0.0003047034,-0.023492903,-0.00076461365,-0.00026710253,0.00032319203,-0.00043877138,-0.00046275873,-0.00038235198,0.00025037311,-0.00095697254,-1.0000857e-05,0.00024044993,-5.3638724e-05,0.0010450094,0.00019589066,-2.5982667e-05,0.00018985973,-9.0786686e-05,-8.901331e-05,-0.00030669154,0.00014453251,0.00037779156,0.00024622155,-5.2380183e-05,1.9169179e-05,-1.1565619e-05,0.00012867419,-0.01080052,-0.0001646455,-7.8343769e-05,5.9841484e-05,-0.00010950848,-7.8304765e-06,-0.00017652943,9.2649457e-05,-0.00024453305,-2.8219368e-05,-0.00012389921,-0.00031321762,0.00051012899,0.00019833852,-5.2777354e-06,0.0053563272,-0.0011004439,-0.00090968163,0.00068985535,-0.00048773355,3.7842172e-06,0.0008558135,-0.00020604583,-0.0014942944,-0.00017027155,0.00023371751,9.0058886e-06,-0.00024356904,-0.00026003338,0.061642416,0.00079388029,0.00020817367,-0.00012663709,0.00053044079,0.00078628993,0.0007607659,-0.00065008265,0.001286861,0.0002643568,0.00043725588,0.00085753263,-0.0015270589,-0.00020107399,-2.9434487e-05,-7.6362988e-05,1.3605873e-05,0.00088185732,0.0002391591,-0.00018371875,-0.0001546147,9.2074722e-05,0.00036251517,-1.4046293e-05,-6.8183476e-05,-4.2010951e-05
-0.00092713397,-8.8676712e-05,-0.0019955868,-0.00013330979,-6.1715579e-05,0.00047565634,-0.00024152785,1.7464059e-05,-7.1610829e-05,3.9637327e-06,2.610011e-05,-6.9836031e-05,-3.2453276e-06,0.00013270142,-0.00023551326,0.00016622176,0.00027971529,-0.00046431133,0.00089117266,2.7044213e-05,-0.00021472003,0.00029717045,-0.00026630245,0.00031442101,0.00017984929,-0.00031282972,-5.945765e-05,-0.00019410036,0.00021103172,0.0015224475,0.0062821768,-6.1395777e-05,-0.00031385265,-0.00011506637,-4.6771048e-05,-9.6185296e-05,0.0013812881,-8.8464332e-05,3.8783842e-05,-0.00011138015,-0.0002803073,0.00048826074,-0.00045226364,1.6928537e-05,4.3115091e-05,0.00010685801,-0.00013612506,0.00015773283,-4.4691904e-05,-1.285943e-05,0.00012326711,2.8666487e-05,0.00014486669,-0.00019154545,-0.00034416408,-0.002561628,9.6677599e-06,9.4214383e-05,1.6991201e-05,-2.1092265e-05,-4.6618828e-06,-0.00068229581,2.0224894e-05,-3.9153406e-05,-5.3349978e-06,4.4801631e-05,-0.00031981846,0.00017221418,-6.6326153e-06,0.00022707888,0.00014899564,3.1631703e-05,-1.3763615e-05,8.5310242e-05,-2.6154662e-05,-0.0001660069,8.1232575e-05,2.5054097e-05,0.00028404653,-5.8596771e-05,0.0003566755,-0.0012583989,4.301178e-05,6.2390498e-05,9.7233936e-05,4.6670106e-05,3.5011299e-05,-0.00022369858,-8.0536129e-05,2.132589e-05,-3.4945393e-05,0.00014750346,0.00010068166,9.8690525e-05,-7.7762275e-06,-0.00032543925,-5.877384e-05,0.00028551088,0.00097397833,-0.00045291345,-0.00012259681,8.8811302e-05,-0.0001765106,0.00010725671,6.6828914e-05,-0.00023348382,-4.3910753e-05,-0.00055068642,4.3388596e-05,-0.00018505434,0.003876522,-5.1061548e-05,-0.00019123396,-0.00022019332,-1.8533104e-05,-1.3732994e-05,0.00078824272,6.4435601e-05,-0.0002094025,-0.00012438943,-0.00024189732,1.4058934e-05,-0.00038004363,1.9694483e-05,8.0750378e-06,-0.00016000962,0.00024307148,-8.878543e-05,0.00011698774,-1.2551951e-05,-2.9203577e-05,-6.3109894e-05,-0.00035577661,2.022655e-05,-1.9114833e-05
-0.00014882884,-0.00038152477,-0.0005515331,-2.2225993e-05,1.9932784e-05,1.8534206e-06,-4.6667651e-05,-5.9104217e-07,5.0580252e-06,7.3645737e-06,-1.990176e-05,3.9639874e-05,-3.8248443e-06,1.1617073e-05,1.5066108e-05,-0.00088402826,0.00048693149,0.00023508504,-0.00024183732,-3.6797543e-06,1.3106403e-05,-4.0030828e-07,0.00020659426,-5.7092776e-05,-0.00013540615,-7.3030377e-07,-9.549364e-06,0.00010270793,-3.8522078e-05,0.00035294318,-6.1395777e-05,0.00049470695,-8.8580289e-05,-4.1561376e-05,-5.8467694e-05,-7.3062314e-05,-6.5201952e-05,5.8150789e-05,-6.9670313e-05,-0.00019759448,-2.4492356e-05,0.00016298351,-4.19851e-05,-2.3683229e-06,8.585534e-06,-1.6465671e-05,8.5956928e-06,-0.00011776849,7.1714692e-05,9.5235994e-05,-8.458956e-06,5.4226839e-06,-6.1008595e-05,6.155614e-05,-0.00033593965,1.3043868e-05,-0.00024542623,4.8650119e-05,2.2876158e-05,1.1214457e-05,-1.7362872e-05,4.5045477e-05,-4.6647578e-05,2.7296264e-05,0.00011918808,3.2978064e-05,-6.7949793e-05,9.2353459e-06,2.0640918e-06,-0.00022062213,-5.820349e-05,-2.5604274e-05,2.1181858e-05,-5.2402423e-05,1.5553341e-05,1.1841952e-05,-1.0037632e-05,3.7286245e-06,-0.00010067312,7.1265994e-05,-0.00020038842,2.5381684e-05,-0.00012209777,2.4774761e-05,2.4380474e-05,4.2276596e-06,3.1140033e-05,2.4694248e-05,2.2140937e-05,2.422787e-05,0.00011630956,7.054786e-05,-4.6076244e-05,1.4747781e-07,5.5900528e-07,-0.001413394,0.0010047354,0.00053736277,0.00029087876,0.00012005681,0.00028835225,-7.0551938e-05,0.00027107239,0.00018872731,-0.00017897689,-4.2275142e-05,-9.9535164e-06,0.00043668669,-0.00020988563,0.00024736416,2.2041856e-05,0.00034794511,-0.00010674583,-0.0001594047,-0.00020378414,-0.00023143969,0.00012291158,-0.00028172943,-0.00026215411,-0.00049491327,-0.00027356955,0.00025756706,-0.00018738033,1.5307543e-05,-4.2775164e-06,1.957496e-05,1.5553914e-06,4.5355048e-05,-3.1407231e-05,3.9177932e-05,-5.4800341e-05,-0.00022836995,0.00013091062,4.8181511e-05,1.1938834e-05
0.00057319609,-0.00017437709,0.00042915337,-6.2046558e-05,4.7926336e-05,7.1141929e-05,0.00013810493,1.8993054e-07,2.4894427e-07,-1.2582465e-05,-6.6543824e-06,-2.9211543e-05,1.5014729e-05,-4.6530456e-05,-1.0434813e-05,-0.00046808751,0.00012836895,-2.5652697e-05,0.00078905898,-8.4486829e-06,-0.00024364131,-9.5405078e-05,-0.00019532923,0.00011022815,0.00027154554,3.1028963e-05,4.247438e-06,-0.00016742556,-9.1828228e-05,-0.0007838111,-0.00031385265,-8.8580289e-05,0.0005508867,0.00025743879,0.00011688393,-6.9798287e-05,-0.00015134324,0.00018050983,0.00017376156,0.00016517587,0.00013651131,0.00028051785,6.9447483e-05,-2.3080304e-05,-2.925081e-05,0.00013963982,6.3976414e-05,0.00011757084,-7.4530416e-05,-0.00016638094,-1.531152e-05,8.3386354e-07,0.00011194558,0.00012117001,0.00029409729,0.00011061873,5.1930253e-05,-0.00031128069,-0.00011922246,-3.4398582e-05,7.9782444e-05,9.3533661e-05,-8.0482886e-05,-7.8372783e-05,-6.9573599e-05,-6.3244869e-05,-0.00016099095,-1.7969994e-05,1.1576632e-05,-0.00073631281,-0.00015922479,-4.0313668e-05,2.7791377e-05,2.7846263e-05,-7.7603864e-05,-0.00010036727,-2.5589171e-06,3.1213228e-07,-0.00015941006,0.00014496964,-5.4606848e-05,1.7144256e-05,3.3356104e-05,-9.4593126e-05,-4.8419928e-05,-2.4227605e-05,0.00017639356,9.9265932e-05,0.00011505939,5.3385204e-06,0.00012698502,7.8671243e-05,-0.00014222316,1.2339638e-05,4.7236238e-06,-0.0033637936,0.0017468366,0.00019686936,-0.0013007136,0.00071113124,0.00019214171,-9.0106057e-05,6.1551866e-05,0.00061177275,0.00016340461,-0.00013633449,9.8823064e-06,0.00045670735,-0.00031303696,-0.00031707131,-0.00021966111,-5.9168745e-05,0.00023167021,-2.5418606e-05,0.00010027477,-0.00068153865,9.9756181e-06,-0.00052502618,-0.00018328735,-0.00050449032,-0.00033869391,0.00069995338,-0.00024226506,1.9605276e-05,3.5163484e-05,7.6693479e-05,-0.00056911563,0.00038609533,-0.00030256408,0.00018804292,-2.7493146e-05,-5.7282223e-05,0.00030562337,-3.0427891e-05,-1.2699262e-05
-6.944284e-05,-0.00087019586,0.0014885308,4.5969303e-05,3.3941801e-05,-0.00048272109,-4.0352263e-05,-2.8405658e-05,-3.4876136e-05,3.3667155e-05,-4.5841424e-05,6.0619648e-05,-5.8311901e-06,-8.0337134e-05,-5.8304841e-05,-0.0012942277,0.00046294274,0.00023567584,-0.0011086427,8.4000343e-05,-0.0001802222,0.00029541088,-0.00034222984,-0.00044952283,-0.00026230402,0.00014742379,-6.025462e-06,-0.00023907561,0.00039245996,0.00050330558,-0.00011506637,-4.1561376e-05,0.00025743879,0.0029136054,-2.1569817e-05,-4.7444487e-05,0.0004906687,7.2986767e-06,-4.6340604e-05,-5.482026e-05,-0.0001861682,-0.00075747015,-7.9680764e-05,-9.1996021e-05,-7.9613018e-05,0.0001002686,-0.00020634138,0.0001756465,0.00025227888,0.00021102562,-6.8493487e-05,7.0974665e-06,0.00021525582,-0.00017854717,-0.00030212988,-1.8079205e-05,2.7620385e-05,-0.00010434998,-0.0015763084,4.7014917e-05,8.7177792e-05,-0.00018970354,1.6566838e-05,2.0021895e-05,2.2599613e-05,0.00012511165,0.00048269774,4.995649e-06,5.2305983e-05,0.00059912395,0.0002495386,0.00016262517,-0.00011125603,0.00018850315,0.00014338415,0.00016171624,-6.6639776e-05,3.7678511e-06,0.00024943028,-0.00016077648,-0.0001045666,9.039721e-05,-3.3773593e-06,-7.9692475e-05,-0.00068289521,-1.146203e-05,-2.9991679e-05,-0.00010803775,-2.3964656e-05,-1.0076544e-05,-0.00018528848,-1.9026593e-05,0.00025905732,1.0716523e-05,2.6350244e-05,0.0044980463,-0.0022725113,-0.0014548618,0.00011250261,-0.00057940627,-0.00082780287,0.00026391875,-0.00074320344,-0.0011105238,-0.00010406161,0.00028905781,-1.0173691e-05,-0.00089465462,0.00068789739,0.00087509945,-0.00027163621,-0.00012619906,0.00021835082,0.0020950737,0.00041864281,0.00035116808,-0.00030189938,0.00055608004,0.00034576863,0.00096571684,0.00029502451,-0.0011181858,0.00052680924,-0.00011666835,8.7931625e-05,-0.00017488263,0.00012303245,-2.1007319e-05,5.5239054e-06,-0.00019378044,0.00013134311,0.00065014512,-0.00011461556,-9.3297397e-05,-6.4023882e-05
-0.00035199094,-0.00079574146,0.00051377946,2.2060542e-05,0.00011658387,6.7112216e-05,-3.4314564e-05,1.3774283e-05,1.3050551e-05,-0.00012464107,3.4886518e-05,-3.3008244e-05,-3.7676061e-06,-8.8988353e-05,0.00012482282,-0.0016514771,0.00088260063,8.8491631e-05,0.0023213807,-0.00026788423,0.00019870874,0.00032735507,-6.9982497e-05,0.00011659608,0.00048171235,1.0903137e-05,-8.3923223e-06,-0.00011179432,-0.0002473006,0.00079377516,-4.6771048e-05,-5.8467694e-05,0.00011688393,-2.1569817e-05,0.0037104503,0.0015893003,-0.00027682042,0.00038387559,-0.0001053212,-3.9808422e-05,0.00020561664,-0.00059439597,-0.00014211166,3.3231262e-05,5.2274523e-05,-8.8944329e-05,-0.00013908758,-1.3819177e-05,-1.7185549e-05,-0.00034902453,-2.7286446e-06,8.3688695e-07,8.292743e-05,0.00010521672,-0.00050018145,1.3757917e-05,1.3471389e-05,-3.7295397e-05,-3.9195481e-05,-0.0017998168,-0.0008264764,0.00015787171,-0.00031595707,-2.0351333e-05,-7.533418e-05,-8.2167471e-05,0.00042082994,3.2489371e-05,-1.056591e-05,-0.002105512,-0.00049440559,-0.00032892365,0.00014853896,-0.0001299968,-0.00013459658,-0.000212386,4.1115386e-05,-4.5861778e-06,-0.00060033437,0.00029602254,-0.00026986365,-7.5678762e-05,6.529342e-05,4.5801367e-05,-5.6912959e-05,-0.00078849439,1.4065939e-05,0.0002343566,0.00021688023,-2.6811551e-05,0.00045609609,0.00015558757,3.7529044e-05,0.00011139896,-2.8157109e-06,-0.010504128,0.0056824613,0.00093482184,-0.0028987753,0.0018102114,0.001436222,-0.00046986715,0.00071069976,0.0018167919,0.00034683119,-0.00053722654,1.0922797e-05,0.0018954306,-0.00089289684,-0.00032435831,0.00016848808,-6.005003e-05,-0.00028683267,-0.00048959478,0.0022960204,-0.00075605113,0.00017580922,-0.0016230363,-0.00086935742,-0.0019859396,-0.00097853265,0.00090300228,-0.00098654724,0.00012851898,-8.710357e-05,0.0003086918,-0.00090581095,0.00078583687,-0.00058317459,0.00057975202,-9.0294201e-05,-0.00055681451,0.00061287971,6.0914021e-05,-8.8594879e-05
0.0006782092,0.0012810678,0.0025526435,7.9094343e-06,-0.00013012453,-0.00079343724,0.00013597687,3.3331253e-06,2.6877523e-05,-9.8543796e-06,-4.1873085e-05,0.00013103216,-5.6315832e-05,7.7864264e-05,-0.00015986198,-0.0020227473,0.00097977809,0.0005745576,-0.0030144164,4.3747753e-05,-0.00021808051,6.5119789e-05,0.00015782675,9.3389543e-05,-1.2340051e-05,8.2804787e-05,-2.5660756e-05,0.00013716038,0.00013016671,-3.2613428e-05,-9.6185296e-05,-7.3062314e-05,-6.9798287e-05,-4.7444487e-05,0.0015893003,0.0034375976,-7.4920537e-05,-4.332409e-05,2.5817937e-05,-0.0003563776,-0.00023012107,0.00011079477,8.7572295e-05,-3.2412492e-05,4.2594378e-06,8.4791972e-05,-4.6408578e-05,-0.00022063742,-0.00016484221,-0.00013430999,-3.6749135e-05,1.5086074e-05,-0.0001536267,-6.8544392e-05,1.0182835e-05,4.6700668e-05,-1.3434731e-05,9.3310139e-05,0.00013140905,-0.0008357208,-0.0017338927,4.1686408e-05,8.2302777e-05,1.9885316e-05,0.00020283421,0.00017811546,-8.5929351e-05,-3.5110159e-06,1.3149636e-05,0.0015031457,0.0004903999,0.00025779856,-9.596104e-05,-7.8217224e-05,-4.4736276e-05,7.5009891e-05,-2.3843623e-05,6.0966161e-07,0.00038028952,-0.00016320615,0.00026098481,0.00013113726,-4.414365e-05,-9.319805e-06,5.9988609e-05,-0.00032961945,-0.0010399612,-5.1813893e-05,-0.00026868523,-3.6213824e-05,-0.00024096043,-0.00021705521,0.00011077854,-4.8225314e-06,1.4978845e-05,0.0082360447,-0.0041736139,-0.0010005728,0.0026772402,-0.0019619354,-0.00121216,0.00038051541,-0.00042344218,-0.0010838227,0.0001792414,0.00037126956,-2.3207305e-05,-0.0014529658,0.00018673181,0.00042392416,-0.00014882219,-7.5424282e-05,0.00016075989,0.0001650431,0.001024119,0.0033248509,-0.00068408675,0.0014208913,0.00068740837,0.0015035676,0.00090607291,-0.0011107692,0.00077260646,-0.00010764139,2.8484285e-05,-0.00024917055,0.0010356619,-0.00091455719,0.00068599275,-0.00040963572,0.00011642054,0.00047168423,-0.00051000238,5.1666386e-05,1.1413787e-06
-0.0014558552,0.001213131,-0.00037969518,0.00026111168,-0.00019395176,-0.00025226621,-0.00023646354,-6.7909747e-05,-3.4041573e-05,6.9753827e-05,-3.253306e-05,9.9662239e-05,7.598114e-05,0.00012243534,-0.00018179205,-0.003620945,0.0018626234,0.0011347309,-0.0047405903,0.00011676677,-0.00031701348,-0.00010106845,-2.932853e-05,-8.3768483e-05,-8.6570325e-05,8.5863615e-05,-2.6512434e-05,0.00010253553,0.00025776363,-0.00052261042,0.0013812881,-6.5201952e-05,-0.00015134324,0.0004906687,-0.00027682042,-7.4920537e-05,0.0047671929,-0.00044373303,-3.4017131e-05,9.7778181e-05,-6.0273234e-05,0.00045184167,-6.2613913e-05,-8.8664408e-05,4.880795e-05,0.00012072926,2.8350435e-05,7.3904202e-06,3.8143067e-05,0.0001788101,-4.7272655e-05,1.022345e-05,-1.7355844e-05,-0.00021593303,0.00020663123,-0.00064982511,3.9402418e-05,0.00011104097,-0.00017849514,0.00016635336,3.8477053e-05,-0.0023845287,0.00020256827,-2.6620762e-05,-4.7095683e-05,3.8962641e-06,-0.00027361999,2.6448407e-05,4.3437115e-05,0.0020652458,0.00053060929,0.00040559159,-0.00011603494,-1.9446808e-05,0.00012337056,0.0001978341,-6.4878588e-05,7.8374858e-06,0.00044330122,-0.00020172739,0.00035060177,-8.3620925e-05,-3.7173803e-05,-1.5352243e-05,-0.00010382908,0.00014720039,-0.00030171383,-0.001204906,-0.00030643529,-0.00013786025,-0.00048665054,-0.00036089608,9.9464348e-05,-7.7321732e-05,2.5350122e-05,0.0093563376,-0.0054921741,-0.0011321025,0.0026625521,-0.0018752858,-0.0014915985,0.00036643876,-0.00060766803,-0.0015846839,-0.00019543754,0.00050547423,-2.8494153e-05,-0.0017200692,0.00072769657,0.00013913333,0.00049423137,-3.8068663e-05,0.00018740605,0.00067398382,-0.00029590534,0.0013401964,0.002316007,0.0015890344,0.00107294,0.0020316016,0.0013535196,-0.001036718,0.00090853806,-0.00015125024,-8.0679164e-05,-0.00027017205,0.0013112919,-0.0010363956,0.0008043783,-0.0005031754,0.00013413227,0.00050166518,-0.0011099307,1.3395776e-05,3.1134765e-05
0.0010411298,-0.0014544322,-0.00077233441,-0.00019889429,0.00017330518,0.00030275147,0.00018011381,5.7326464e-05,3.9882742e-05,-8.6886136e-06,4.2598771e-05,-5.4688585e-05,2.699103e-05,-0.00016395608,8.359234e-05,-0.0010235972,0.00064317229,7.0353016e-05,0.0019909762,1.1223838e-05,0.00018844496,-3.2001979e-05,0.00024023055,4.3102829e-05,0.0005311011,-6.672278e-05,2.1875422e-05,0.00054112412,-0.0003645944,0.0011430915,-8.8464332e-05,5.8150789e-05,0.00018050983,7.2986767e-06,0.00038387559,-4.332409e-05,-0.00044373303,0.0036255513,0.00097420694,-0.00079624891,0.0001909341,-0.00053500633,0.00016841478,1.3091637e-05,-6.0530838e-05,-0.00010766492,5.7560331e-05,-0.00017636326,-2.8203437e-05,-0.00035491527,4.6687353e-05,-1.0509172e-05,-0.00021620369,0.00018173313,-0.00056930305,5.1843914e-06,-4.1594504e-05,-9.5178449e-05,-1.320433e-06,-0.00024054086,1.0375392e-05,0.00020867798,-0.0019353083,-0.00049989345,0.00037476208,-9.4878289e-05,0.00027573532,-4.7641162e-05,-1.1621589e-05,-0.0019685831,-0.00046265958,-0.00034780673,0.00023054301,-0.00016782131,-0.0002151538,-0.00041306165,5.0712805e-05,-3.7832615e-06,-0.00068143813,0.0002874149,-0.00023739378,-0.00011358231,3.4163092e-05,1.706875e-05,0.00010638969,-0.00019479667,0.000374824,0.00021420598,-0.00054746282,-0.00010205829,0.00056211135,0.00024581303,-0.00013708956,1.3356868e-05,-8.1923829e-06,-0.009429652,0.0052289671,0.0011265851,-0.0031355943,0.0019644319,0.0014095557,-0.00063060194,0.00094786254,0.0016230258,0.00056491414,-0.00056999362,3.0568854e-05,0.0021255532,-0.00085456909,-0.00014351688,0.00027659689,5.7797747e-05,-0.00019381255,-0.00072395877,0.00029838539,-0.0015632566,0.00031641141,0.00037882958,-0.0003523819,-0.0022694577,-0.0010448756,0.0012226027,-0.00070880593,0.00012402383,1.2316108e-05,0.00021061882,-0.0013368213,0.0010091798,-0.00079741593,0.0005130724,-0.00015721381,-0.00034354798,0.00091936749,3.9616486e-05,-2.9153296e-05
0.00094914651,0.00050913195,-0.00080998956,-0.00011202662,-8.1514346e-05,0.00039667623,0.00010160158,3.9349463e-05,-5.9631908e-06,4.1084997e-05,-6.0432041e-05,-7.238795e-05,-0.00016155112,-3.7101055e-05,-7.119694e-05,-0.00033786335,9.7511877e-05,0.00018550692,-7.6212293e-05,0.00013823264,-9.4986535e-05,-0.00031825577,-4.093732e-05,3.2041718e-05,-0.00029269552,-3.1205522e-05,-2.121041e-05,0.00016791497,0.00012487284,-0.00036095187,3.8783842e-05,-6.9670313e-05,0.00017376156,-4.6340604e-05,-0.0001053212,2.5817937e-05,-3.4017131e-05,0.00097420694,0.0034300528,0.00020121307,-0.00022723126,3.4645278e-05,0.00018268261,-2.2080352e-05,-0.00017046708,6.6139527e-06,0.00011704079,6.9316749e-05,-7.7440676e-05,7.4579035e-05,4.8995424e-05,5.7444731e-06,-6.3367064e-05,-9.4205507e-05,0.00020717312,-6.5658415e-05,2.8842209e-05,-8.6955527e-05,5.4829121e-05,1.0108919e-05,3.6507723e-05,-1.3889085e-05,-0.00049243942,-0.0015767569,-0.00013201415,5.9143836e-05,-4.5068714e-05,-5.4245852e-05,9.7377494e-06,-0.00032840711,0.00028047543,-6.3683596e-05,9.0184435e-05,-2.2085683e-05,-9.9956202e-05,-3.3122301e-06,-1.2623997e-05,1.2368686e-06,-7.0092642e-05,-1.5764648e-05,1.2843204e-05,-4.6789837e-05,2.1476657e-05,-2.7532075e-05,0.00010418558,-8.9321737e-05,0.00014176476,5.0394374e-06,-0.00012755976,-0.00061864844,2.8228368e-05,9.9861348e-05,-0.00015545871,-7.0782737e-07,1.2794933e-06,-0.0020534313,0.0015839145,0.0011666028,-0.00027982495,-0.00023590686,0.00053285462,-0.00022070078,0.0003332886,0.00048870621,-0.00036957178,-4.9377537e-05,-9.8281792e-06,0.00041327046,-0.00012279472,-0.00036887321,6.9343325e-05,-4.2280828e-05,6.8346209e-05,-0.00039799944,-0.00040088552,-0.00040173527,0.00042866609,6.7207388e-05,0.0018648617,-0.00044433326,-0.0005585574,0.00051315059,-0.00012439891,3.0263391e-05,0.00030048003,-0.00032520429,-0.00041342386,0.00015944441,-8.9671137e-05,2.1703726e-05,-0.00014398946,-0.00023270952,6.8362269e-05,2.7176506e-05,7.9184836e-05
0.00075835629,0.00049938081,0.00056792566,-6.0400401e-05,5.3353126e-05,0.00021617729,0.00023097132,-9.6199131e-06,-1.3480271e-06,-1.0783639e-05,1.5174535e-05,-0.00017060856,-5.3766615e-07,-0.00011368157,7.5474652e-05,-0.00015736818,4.6948578e-05,-0.00020313716,0.00090725785,4.9053239e-05,-0.00029514543,0.00017601959,-0.00073497762,0.00028174923,-5.1670351e-05,0.00013767186,-3.4831719e-06,-0.00054623344,5.0561224e-05,-0.00075024553,-0.00011138015,-0.00019759448,0.00016517587,-5.482026e-05,-3.9808422e-05,-0.0003563776,9.7778181e-05,-0.00079624891,0.00020121307,0.00517517,0.00097585774,-0.00017360455,-5.2679457e-05,-1.2173077e-05,-5.8114556e-05,0.00011435998,-0.00012416908,0.00047707153,-0.00021330302,1.3192239e-05,-8.3272066e-05,9.1702983e-06,0.000191317,-9.2823583e-05,0.00042625101,1.5603768e-05,0.00012072246,-9.9101584e-05,1.9201299e-05,-6.4410416e-05,0.00015665121,-4.8862256e-05,0.0004070368,-0.00015672067,-0.0028185987,-0.00047536489,0.0001061825,-2.9173317e-05,6.5179363e-06,-0.00063786949,-0.00013795876,-0.00011217571,5.0947954e-05,0.00022014962,-0.00011472816,2.4207912e-05,-8.0780091e-06,-5.5503454e-06,-9.4221667e-06,0.00011473547,0.00010643057,3.1658397e-05,8.3730209e-05,-3.098086e-05,-1.9934255e-05,-1.9164662e-05,0.0002226174,5.357072e-05,0.00026562359,-4.5478508e-05,-0.0009386596,-0.00012170176,7.4047288e-05,5.9270104e-05,3.3322312e-06,-0.0031240794,0.001329947,-1.6399131e-05,-0.0013169351,0.00060211759,0.00027930257,-0.00013491965,-0.00042595741,0.0006926973,-0.00010462957,-6.0122289e-05,1.4595252e-05,-7.1637058e-05,6.5755538e-05,-0.00061693067,-0.00026891704,-0.00014896492,6.0875421e-05,-7.7245268e-05,0.00033156833,-0.00059271327,8.4348756e-05,-0.00086602119,-0.00013388188,0.0022643716,0.00025124192,0.00013991287,-0.00030354881,5.7452451e-06,8.1797254e-06,2.4047845e-05,-0.00062990311,0.00031404832,-0.00021442744,0.00016631057,-2.0585319e-05,8.244845e-05,0.00011146921,-6.9568494e-05,4.6253539e-06
0.00022781392,-0.0016864173,0.00060702074,-0.00012147499,0.00016579584,-7.6091126e-05,3.2356196e-05,-1.613616e-05,3.6859068e-05,7.605334e-06,2.6099602e-05,9.7152293e-06,-4.4340901e-05,-8.6502361e-05,1.0919525e-05,-0.00098560458,0.00045697175,9.1643283e-05,0.00099785731,-3.3484971e-05,0.00010911298,0.00034236649,-0.00030497955,9.4216507e-05,0.0001661748,0.00018303389,-1.4303172e-05,-6.7773588e-05,-0.00041296787,-4.181351e-05,-0.0002803073,-2.4492356e-05,0.00013651131,-0.0001861682,0.00020561664,-0.00023012107,-6.0273234e-05,0.0001909341,-0.00022723126,0.00097585774,0.0032173374,-0.00068378867,-0.00010963939,5.8090549e-05,-3.1462617e-05,-4.4271985e-05,-0.00019637363,0.00014946041,2.9229043e-06,-0.00015624291,-7.9562974e-05,7.2088014e-06,0.00015470229,0.00032327734,-3.5149648e-05,0.00010866613,4.5134745e-05,-8.2617957e-05,5.7126593e-05,-6.0261324e-05,0.00010254626,4.1544061e-05,-0.00014660778,1.6288414e-05,-0.00057197022,-0.0016094249,0.00039172978,4.7750844e-05,-2.7236598e-05,-0.0018489171,-0.00039634182,-0.0003304421,5.6040595e-05,7.3015741e-05,-8.5113851e-05,-0.00029774234,-3.3041069e-05,4.7213371e-07,-0.0005607501,0.00028002554,-0.0001236133,9.4947034e-05,8.1455124e-05,2.3102796e-05,0.00010079602,-0.00012631964,0.00033618735,6.9648476e-05,0.00022718381,8.8654212e-05,0.00015316153,-0.00044793354,4.8300727e-05,4.387951e-05,-1.6807153e-05,-0.0072513829,0.0043816942,0.00091172587,-0.0026907548,0.0015781847,0.0012618719,-0.00019780784,0.00030399412,0.0012520727,0.00031731501,-0.00019929621,9.4603528e-06,0.0016728555,-0.00074789805,-0.00013870204,-0.00030995507,-6.7583605e-05,-0.00015863936,-0.0005688526,0.00019003495,-0.0013012849,0.00053274273,-0.0011041866,-0.00087138814,-0.00093171399,0.0010526365,0.00061517031,-0.00069604094,0.00012583341,-6.6038431e-05,0.00014337983,-0.0010073972,0.00089184597,-0.00071127134,0.00044352788,-0.00013621231,-0.00028070233,0.00069130427,-5.3034827e-05,-5.4636131e-05
2.1724971e-05,0.0015197496,-0.0016321344,3.8329026e-05,-0.00019351431,0.00021404544,-0.00017598965,-4.2175052e-06,1.0290469e-05,4.7686522e-05,-5.5750808e-05,3.9328525e-05,2.7392401e-05,0.0001831421,-0.00019574977,-0.0030768605,0.0016115797,0.0012214426,-0.0044213109,0.00011598317,-0.00028087676,0.00016818788,0.0015095666,0.00014993802,-0.00065072318,-0.00016467521,-1.5700374e-05,0.0004417871,0.00046284359,-0.0014812777,0.00048826074,0.00016298351,0.00028051785,-0.00075747015,-0.00059439597,0.00011079477,0.00045184167,-0.00053500633,3.4645278e-05,-0.00017360455,-0.00068378867,0.0049331352,-3.0685892e-05,-1.9881846e-05,-1.3148598e-05,9.3742396e-05,3.5935011e-06,-0.00084288052,-0.00012480876,0.00039891178,8.9390053e-05,9.6644184e-06,-0.00023163341,-0.00014690288,0.00077325237,-0.00025607476,-9.2637526e-05,-0.0001646722,0.00050651619,0.00029994844,-2.1162804e-05,-0.00026540161,0.00027979731,-1.4268828e-05,0.00020530342,0.00030748769,-0.0027196304,3.6370449e-05,8.5951596e-06,0.0018874022,0.0004691556,0.00026195143,-0.00017827836,-0.00046953029,7.4285102e-05,0.00032197176,-3.0477974e-05,1.0613281e-05,0.00039974028,-0.00026038023,0.00045147181,5.4541523e-05,-7.9655987e-05,-0.00013827029,0.00020574599,0.00019702918,-0.00036876719,-0.00020752948,-0.00028486247,-9.2887803e-05,-0.0003003709,-6.4011568e-05,-0.0011390618,-6.8011887e-05,3.8712632e-07,0.0082584262,-0.0045534516,-0.00085634706,0.0040320589,-0.001890638,-0.0013696848,0.00073320528,0.00042211996,-0.0012254349,-0.00028353614,0.00038620549,-2.7588628e-05,-0.0013681652,0.00068403982,-0.0006000492,0.00014896526,6.8735566e-05,0.000494777,-0.0001580448,-0.0007324872,0.0012508825,-6.9359183e-05,0.0012463861,0.00083492074,0.0014708382,0.00047672983,0.0020527853,0.00071835372,-0.00010441439,0.0001083242,-0.00018321494,0.001253698,-0.00099449114,0.00076608244,-0.0005218758,0.00010534062,0.00036214365,-0.00071456197,5.260025e-05,5.0246224e-05
0.0008283958,0.00041762771,3.297592e-05,-9.263032e-05,2.3115901e-06,0.00016542244,0.00016140826,1.1486661e-05,1.6001275e-05,-1.4048627e-05,3.7862114e-06,-4.4760253e-05,3.4216983e-05,-5.5258662e-05,2.980003e-05,-3.9779181e-05,-7.0406979e-05,-3.2315371e-05,0.00069128277,-8.0092924e-05,7.5592628e-05,-7.2155093e-05,9.1487251e-05,0.00016003252,-3.7462135e-05,-3.4884259e-05,4.9208307e-06,-0.00014074006,-0.00010263643,-0.00069259655,-0.00045226364,-4.19851e-05,6.9447483e-05,-7.9680764e-05,-0.00014211166,8.7572295e-05,-6.2613913e-05,0.00016841478,0.00018268261,-5.2679457e-05,-0.00010963939,-3.0685892e-05,0.00080321879,-4.2665432e-06,3.2880147e-05,-3.2256393e-05,3.0443523e-05,-3.5317477e-05,-0.00013458972,8.598639e-06,2.5567169e-05,-2.6345404e-06,5.843686e-05,3.3913452e-05,0.00028153209,0.00022467948,1.7819992e-05,-2.8834849e-05,2.0343554e-05,4.3785696e-05,1.0867014e-05,2.7384281e-05,-3.4300975e-05,-6.7481022e-05,-2.905016e-05,7.4594225e-05,5.9713253e-06,-0.00029172176,-1.1171087e-06,-0.00048448706,-0.00017257364,-8.5473167e-05,7.0959387e-05,-5.7901268e-05,-9.0381054e-05,-1.7668671e-05,5.026425e-06,-1.9802646e-07,-0.00014116741,0.00010429374,0.00012092596,0.00011881779,-4.4203648e-07,1.0030081e-05,4.4607243e-05,5.58436e-05,0.00011311341,2.4193119e-05,9.819238e-05,4.1898682e-05,0.00017951797,9.1997971e-05,-8.3638136e-05,-0.00019603501,-1.4055805e-08,-0.003252084,0.0012981194,-7.7870589e-05,-0.00089982763,0.00055739633,0.00036289775,-0.00020341771,0.00025520308,0.00062408398,2.0985508e-05,-0.00012364541,2.4878013e-06,0.00052205592,-0.00016884815,-0.00065679311,-0.00043174576,-3.6818548e-06,-6.90985e-05,-0.00015675584,0.00011626767,-0.00048604425,7.7169948e-05,-0.00042898435,-0.00012863456,-0.00063711517,-0.00039822218,0.0004498159,0.00038579508,2.9505891e-05,-1.6237632e-05,0.00013241734,-0.00051515719,0.00028465917,-0.00022178344,0.00014925019,8.5829303e-07,-3.2066234e-07,0.0002555286,-6.9546606e-06,-3.7085744e-05
5.7704319e-06,-0.00025114872,-4.2295111e-05,-1.7861994e-05,3.0075847e-05,1.0455617e-05,-1.2199426e-05,4.9736028e-06,4.3822595e-08,-8.5143472e-06,8.5262222e-06,-2.563153e-07,-4.8601291e-06,-4.2200665e-06,7.4156195e-06,-1.5985578e-05,2.6883219e-05,-1.6538835e-05,0.00019868623,-2.1878682e-05,2.9343725e-05,3.5892518e-05,-1.4889297e-05,-3.8686158e-07,1.2132981e-05,1.8373348e-06,8.357466e-07,1.1303713e-05,-7.8155481e-05,8.3470033e-05,1.6928537e-05,-2.3683229e-06,-2.3080304e-05,-9.1996021e-05,3.3231262e-05,-3.2412492e-05,-8.8664408e-05,1.3091637e-05,-2.2080352e-05,-1.2173077e-05,5.8090549e-05,-1.9881846e-05,-4.2665432e-06,3.7348483e-05,7.1763245e-06,-1.4226142e-05,-1.8068563e-05,9.5827246e-06,1.0659291e-05,-6.5012496e-06,-2.2237948e-06,-8.2697705e-07,3.0651585e-06,3.9357585e-05,-5.0310178e-05,-6.9551837e-06,1.6982308e-06,9.5155548e-06,4.5555706e-05,-1.3033965e-05,1.5080266e-05,4.4512868e-05,-2.0641929e-05,7.6933021e-06,-7.6008077e-07,-3.6477444e-05,2.1601982e-05,-1.69699e-06,-2.0053561e-05,-0.00016859694,-5.9379789e-05,-3.305858e-05,-4.5865736e-07,4.9566914e-06,5.8350548e-06,-8.3125653e-06,2.9631239e-06,-8.8934994e-07,-4.9207793e-05,3.3491541e-05,-2.7224576e-05,-1.3729494e-05,6.3941174e-06,1.1243353e-05,2.5357668e-05,-6.1836961e-06,3.5986534e-05,3.1523437e-05,2.1307e-05,9.9314064e-06,3.8025909e-05,3.2297191e-06,-8.3237379e-06,4.1307421e-06,-1.0465631e-05,-0.00076838377,0.00041903722,5.9171114e-05,-0.00021964559,0.00017199207,0.00013038123,1.0948507e-06,3.3143274e-05,9.984371e-05,3.1291231e-06,-3.374452e-05,2.5781726e-06,0.00016136556,-9.6465844e-05,6.1318634e-06,1.0182777e-05,-9.0719966e-06,-4.0346978e-05,-9.5284041e-05,3.7678067e-05,-0.00014630562,-1.0529319e-05,-0.00011676647,-8.1098827e-05,-0.00017120102,-3.4583728e-05,8.4049199e-05,-7.0833119e-05,3.1945506e-05,-1.239029e-05,3.6619647e-05,-9.2022935e-05,9.1964928e-05,-7.0078243e-05,4.4433632e-05,-8.6799368e-06,-2.2476529e-05,6.8440719e-05,-3.6682496e-06,-4.7449274e-06
5.0373702e-05,8.4889677e-05,0.00024715636,-2.3857205e-05,7.1983283e-05,-4.0805198e-05,3.4566226e-05,2.1894211e-05,3.0751371e-05,-5.7665117e-05,0.00013231945,-0.00012261631,0.00010545675,-0.00013375607,0.00021668368,0.00017016403,-0.00016111117,-0.00016768339,-0.00025186653,-0.0010713177,1.088478e-05,6.0110699e-05,-6.3517119e-05,-2.247098e-05,9.0203838e-05,-3.9936816e-05,-2.4646268e-06,-0.00017023871,-7.0605028e-05,-1.0108466e-05,4.3115091e-05,8.585534e-06,-2.925081e-05,-7.9613018e-05,5.2274523e-05,4.2594378e-06,4.880795e-05,-6.0530838e-05,-0.00017046708,-5.8114556e-05,-3.1462617e-05,-1.3148598e-05,3.2880147e-05,7.1763245e-06,0.0010370918,-1.8794839e-06,-4.414428e-05,3.7504891e-05,3.5842379e-05,-1.4582836e-06,4.5773092e-05,-3.5348951e-06,3.3882574e-05,6.6501807e-05,3.6201827e-05,-3.1425467e-05,9.7542404e-06,6.5803719e-06,3.5894185e-05,-5.8953996e-05,-2.0354611e-05,1.514843e-05,6.0616234e-05,-5.8144571e-06,4.4791583e-05,-1.8361321e-05,-3.9249944e-05,6.9535317e-06,3.5100227e-07,-6.6334859e-05,-0.00023536551,-5.3214265e-06,5.5450832e-05,3.5686552e-05,0.00011621933,7.6370328e-05,1.9656252e-05,1.0516773e-05,-0.00013988401,-2.1882961e-05,6.8844258e-05,-7.8996443e-06,-7.7876271e-06,3.0664601e-05,-7.0719076e-05,6.1027431e-05,-4.0905802e-05,-9.6356464e-05,-1.2767469e-05,-0.00010801777,7.3613846e-05,6.3631725e-05,7.3423959e-05,-9.4702339e-06,5.3530718e-06,9.7792905e-05,-0.00037149689,-0.00047290196,-0.0001396873,-0.00053518447,-0.00012343182,-1.0734851e-05,-0.00017383448,-0.00016034127,5.7570688e-05,7.2370457e-05,-2.3734972e-05,6.6983193e-05,0.00020252307,0.00023715201,-0.00010431437,-2.6045781e-05,-1.0543852e-05,0.00015051845,0.00017986073,7.0515477e-05,-7.4359086e-06,0.00011780685,0.00032193648,1.3778571e-05,-4.9909224e-05,-0.00013494423,7.1832245e-05,-1.293281e-05,-0.0010159973,0.00045057328,-5.513129e-05,4.5419952e-05,-3.9137113e-05,8.2250669e-05,5.6626871e-05,9.6411272e-05,2.8559869e-05,-2.5633232e-06,-3.7528182e-05
0.00016365474,0.00015485,0.00038193457,-1.3571662e-05,3.1998655e-07,-7.920432e-05,4.5796348e-05,-3.2339663e-06,1.8792209e-06,1.4399719e-05,3.2648411e-05,2.7213213e-05,2.9534163e-05,-5.603134e-06,2.093574e-05,9.679387e-05,-0.0001002327,-3.2016247e-05,0.00010941519,1.844497e-06,-0.00079858748,0.00020768815,-0.00017729962,1.7213045e-05,0.00012131566,2.8822135e-05,-6.5844045e-06,-1.5822584e-05,-9.2260249e-05,-0.00027766961,0.00010685801,-1.6465671e-05,0.00013963982,0.0001002686,-8.8944329e-05,8.4791972e-05,0.00012072926,-0.00010766492,6.6139527e-06,0.00011435998,-4.4271985e-05,9.3742396e-05,-3.2256393e-05,-1.4226142e-05,-1.8794839e-06,0.0008851401,-0.00018740336,0.00014066167,-4.0856226e-05,-0.00011605395,-1.7752221e-05,8.7412693e-06,5.9440545e-05,1.9493172e-05,0.0002628495,-9.2697726e-05,5.9733558e-06,-0.00017148339,-0.00011681794,0.00014322449,-5.1043073e-05,-0.000174242,8.6602228e-05,3.144553e-06,-3.1545816e-05,5.1028819e-05,-0.00017451908,1.7991705e-05,1.307195e-05,-3.1679017e-05,6.4404307e-05,0.00028629753,-7.2454233e-05,7.4871078e-05,1.1088497e-05,-1.6969166e-05,4.0121827e-07,2.0723152e-06,1.3714397e-05,-2.4510941e-05,-1.8014988e-05,-2.018383e-05,-1.7920653e-05,-4.8485362e-05,-5.6431874e-05,2.0599046e-05,1.3275041e-05,-6.4089295e-05,4.8530541e-05,4.0646309e-06,-3.8405827e-06,5.8495138e-05,-3.3810266e-05,1.1115169e-05,3.8741374e-06,-8.0443735e-05,5.8019077e-05,-2.5343807e-05,0.00010049669,-0.0001726263,-0.00062018609,0.00018279932,-0.00012705274,-6.2115218e-06,2.539565e-05,6.4619701e-07,-3.05012e-06,-1.3616883e-05,2.7262419e-05,3.1700236e-06,7.5245491e-05,3.1712297e-05,0.00010466132,0.00013475496,-7.9294097e-05,-3.2975115e-05,4.7912459e-05,-0.00011183975,7.7525928e-06,1.8692255e-05,-0.00012527135,0.00015984634,-4.6388555e-05,-1.0563544e-05,5.0362887e-06,-6.1773562e-05,4.6214532e-06,-4.6686957e-06,-2.5754202e-05,3.2036274e-06,-3.6081601e-06,1.8865873e-05,2.2972642e-05,-1.9658456e-05,4.6298208e-06
0.00023455822,0.00082323497,-0.00074643906,8.9343309e-07,-3.59079e-05,0.00028865756,2.8282443e-05,3.4869194e-05,-2.3891785e-05,-7.6998065e-06,-3.9753043e-05,-1.8914173e-05,2.7586184e-05,3.3094445e-05,-3.5475469e-05,0.0007386387,-0.00061774621,-0.00013796212,0.00050591464,6.1884453e-05,0.00019927212,-0.001763477,0.00020052744,7.718013e-05,-0.00017290406,-0.00011248646,9.5897376e-06,1.6531433e-06,0.00018350808,-0.0010363831,-0.00013612506,8.5956928e-06,6.3976414e-05,-0.00020634138,-0.00013908758,-4.6408578e-05,2.8350435e-05,5.7560331e-05,0.00011704079,-0.00012416908,-0.00019637363,3.5935011e-06,3.0443523e-05,-1.8068563e-05,-4.414428e-05,-0.00018740336,0.0020048656,-0.00014244322,-8.8704502e-05,0.00012135654,8.7160817e-05,-7.838189e-06,-3.6163641e-05,-2.4050142e-05,0.00057978754,0.00013640451,-1.3824293e-05,-0.00011901495,0.0001461274,4.4650038e-05,-3.2093021e-05,-2.3894829e-05,-5.0813416e-05,-3.8963728e-05,0.00021599814,0.000100417,8.3048038e-05,5.1285092e-06,4.2667396e-06,0.00047923483,0.00014101772,3.8825371e-06,0.00054691098,-3.1281734e-05,-5.1311314e-06,8.886225e-05,3.2525903e-05,-1.8649463e-06,8.6715203e-05,-3.0093629e-05,0.00025826498,4.5457851e-05,-2.2302219e-05,-2.2016579e-05,3.3411059e-05,2.9157022e-06,-0.0001215381,-5.3057053e-05,-0.0001333818,-5.2315864e-05,-4.5570531e-05,1.3550253e-07,4.4009092e-05,-2.7257542e-05,5.4075513e-06,0.00064545332,-0.0004410337,4.1463562e-05,0.00012802273,-0.0001682651,6.2832586e-05,-0.001220725,7.7076512e-05,-2.3671948e-05,-0.00019721038,-9.6376316e-05,1.8051057e-05,-0.00015560559,-2.5267441e-07,-0.000589717,-0.00017084342,3.4657536e-05,5.5220472e-06,-4.8159323e-05,-0.00012294489,0.00013102404,7.7351631e-05,0.00020783866,6.120114e-05,1.7303532e-05,-0.00014941669,-0.00028853132,6.0087458e-05,-2.5351658e-05,6.8327834e-05,-9.2795352e-05,0.00014016625,-0.00021467482,0.00018101773,-0.00010717188,2.4254762e-05,-0.00014860043,-0.00014395081,-3.0832243e-06,2.6533677e-05
-0.00048696886,-0.00018599056,-2.2754738e-05,9.0250058e-06,4.2136433e-05,-4.5526515e-05,-1.1383084e-05,-3.224998e-05,-1.7844358e-05,-1.2271433e-05,-1.4437652e-06,6.951946e-06,-8.3201253e-06,2.9767503e-05,3.1186655e-05,0.001650511,-0.0018832378,-0.00064233233,0.0010391198,-1.3369143e-05,-0.00014232112,0.00015608051,-0.0018015041,-0.00011476275,1.6176192e-05,-1.9349879e-05,-8.5378713e-06,-0.00044818585,0.00014569969,-0.00044792813,0.00015773283,-0.00011776849,0.00011757084,0.0001756465,-1.3819177e-05,-0.00022063742,7.3904202e-06,-0.00017636326,6.9316749e-05,0.00047707153,0.00014946041,-0.00084288052,-3.5317477e-05,9.5827246e-06,3.7504891e-05,0.00014066167,-0.00014244322,0.001943016,0.00020611567,3.1733968e-05,3.4449435e-05,7.8751466e-06,0.00038571046,-5.9637994e-05,4.112706e-05,-0.00022486455,0.00011694244,-0.0001068085,-8.4429309e-05,9.2849671e-05,0.00020144023,4.9657032e-05,7.6322249e-05,-5.9848357e-06,-0.00042718392,-4.7116717e-05,0.00084127987,1.8643678e-05,-9.1403184e-06,1.8127709e-05,-5.7041537e-06,6.7594404e-05,-5.0940812e-05,0.0006826421,-4.2723382e-06,-3.9564085e-05,5.4148508e-06,7.2915887e-06,0.00017726109,-5.9082889e-05,-0.0001595801,-7.9971466e-05,3.7941343e-05,-2.0510289e-05,-9.9888819e-05,6.8440904e-05,8.0313623e-05,8.8478612e-06,4.009236e-05,3.7403015e-05,-0.00016792939,-2.3027749e-05,0.00035837631,-1.0240868e-06,-2.8270787e-06,0.00014956424,-0.00015189185,6.551642e-05,-0.00037514329,7.3076251e-05,-0.00013333121,0.00013771447,-0.0013260238,-7.9644088e-05,-0.00012104601,4.3502179e-05,-1.779122e-05,-0.00039173668,0.00023077671,0.00020115255,0.00015455638,-0.000100434,6.3327941e-05,0.00013132415,3.9936854e-06,-3.8439487e-05,8.5470958e-05,-5.6118902e-05,4.605227e-05,0.00039981936,0.00010485337,-0.00065260281,-1.5150015e-05,7.7283736e-06,-2.9395076e-05,7.4745107e-06,-4.0092905e-05,5.7175308e-05,-4.2468122e-05,1.0321346e-05,2.8836401e-06,-1.8803172e-05,-0.00021575111,-7.1486321e-05,-9.8769094e-06
-0.0010632423,-0.00096124891,-0.00034575077,5.4528196e-05,4.8784771e-05,-0.00018649089,-0.00020941268,-2.1219123e-05,2.0066746e-05,4.2498647e-06,3.6251088e-05,7.8839927e-05,-2.1003781e-05,5.4357964e-05,2.6777025e-05,0.00051051292,-0.00048403525,3.6531843e-05,-0.00051565944,-3.4032651e-05,6.648375e-05,9.5019065e-05,-0.00013173934,-0.0015301423,-0.00058080754,5.3784082e-05,-7.0010406e-06,0.00012495066,-0.00019008474,0.00078101849,-4.4691904e-05,7.1714692e-05,-7.4530416e-05,0.00025227888,-1.7185549e-05,-0.00016484221,3.8143067e-05,-2.8203437e-05,-7.7440676e-05,-0.00021330302,2.9229043e-06,-0.00012480876,-0.00013458972,1.0659291e-05,3.5842379e-05,-4.0856226e-05,-8.8704502e-05,0.00020611567,0.0017774336,0.00077063983,-7.8636249e-05,4.631491e-06,-5.4664962e-05,0.0002542893,-0.00048039733,6.7188179e-05,-3.8210356e-05,4.303445e-05,-0.0002367782,7.2160357e-05,6.7712488e-05,-3.0027771e-05,-0.00010517971,-4.0276814e-05,0.00012953781,3.4132912e-05,0.00016486293,4.0030197e-05,-1.475705e-06,0.00038513873,9.7838386e-05,5.640227e-05,-7.5268267e-05,2.3988951e-05,0.00063458194,0.00028662363,-3.8311713e-05,-4.4229184e-06,-2.2972027e-05,4.4460459e-05,-0.0002178108,0.00013324243,-4.1788295e-05,1.9980452e-05,-0.00011723212,6.2528864e-05,-1.0915132e-05,-6.2764246e-05,-8.9521455e-06,1.0135232e-05,-2.6365188e-05,-6.2903082e-05,8.4025601e-05,3.7020128e-05,-5.9917965e-06,0.0017042842,-0.0007285342,0.00011703695,0.00043166818,-0.00026983058,-5.4015962e-05,0.00015822069,-0.00015533508,-0.0014626834,-0.00057629907,0.00016958494,-4.8438161e-07,-9.7181792e-07,1.4231654e-05,0.00078733491,-6.7027997e-05,7.1478146e-05,-2.3249418e-05,0.00030564569,-0.00016749958,0.00016021406,0.00011496574,0.00019011253,1.4792271e-06,9.8776405e-05,0.00015221665,-0.00038623644,1.3223835e-05,5.2555028e-07,-1.8587587e-05,-4.3245807e-05,0.00036624998,-9.4516718e-05,7.6346998e-05,-9.2943223e-05,3.7727892e-06,-9.8338139e-05,-3.9744609e-05,-2.5258463e-06,4.1276838e-05
0.00012346416,0.0003722694,-0.00064677109,-6.6385266e-05,-8.4074142e-05,0.00011028002,-8.3606165e-05,1.4350621e-05,-1.1925657e-05,4.2722523e-05,-6.0058623e-05,1.6409243e-05,2.2396395e-05,0.00012091703,-0.00013864645,0.00023582103,-0.00016644746,0.0002049751,-0.0008613999,6.316141e-05,6.3272834e-05,-0.00017040789,1.6187791e-05,-0.00062843551,-0.0022066796,5.999896e-05,-4.9282412e-06,7.7300175e-05,0.0001961056,0.00012586699,-1.285943e-05,9.5235994e-05,-0.00016638094,0.00021102562,-0.00034902453,-0.00013430999,0.0001788101,-0.00035491527,7.4579035e-05,1.3192239e-05,-0.00015624291,0.00039891178,8.598639e-06,-6.5012496e-06,-1.4582836e-06,-0.00011605395,0.00012135654,3.1733968e-05,0.00077063983,0.002440889,-5.619037e-05,-4.1504505e-06,-5.3375848e-05,-0.00010585521,-0.00059765467,9.922388e-05,-6.832482e-05,0.00011158862,-0.00032920301,0.00020986283,0.00015990909,-0.0001979786,0.00025111354,-0.0001040505,-1.3943067e-05,4.0930389e-05,-0.0003295107,-1.5003324e-05,3.3225878e-06,0.0012452963,0.00021599622,0.00017525955,-6.5810943e-05,-1.4236891e-05,0.000318082,0.00087058066,-6.4636216e-05,-4.8953924e-07,0.00031880288,-0.00011504971,-0.00021778138,0.0001746627,-4.7660336e-05,-4.4589523e-06,-0.00012112354,0.00013123092,-0.00012966243,-0.00017642891,1.220663e-05,-5.8508601e-05,-0.00029252792,-0.00011106539,-9.6089226e-05,-1.4143874e-05,-3.5376484e-06,0.0035100053,-0.0023354048,-0.00096569123,0.0016516478,-0.00074147629,-0.00055626029,-1.3147691e-06,-0.00042662523,-0.001095344,-0.0016456845,0.00029277678,-1.513037e-05,-0.00070035523,0.00046901625,0.00050060193,-9.257778e-05,2.8447763e-05,2.4657418e-05,0.00055612764,-6.5075164e-05,0.00032756154,-8.957927e-06,0.00022835116,0.00033619317,0.00078582931,0.00028983378,-0.00026231104,0.00038812993,-4.023351e-05,-6.192024e-06,-7.7447849e-05,0.00050215311,-0.00038255953,0.00028000581,-0.00029997819,0.0001286464,0.00027459185,-0.00044414899,-4.9041572e-05,-1.3717291e-05
-4.9539832e-05,0.00015742973,-0.00044957045,1.2853014e-05,-9.7714936e-06,0.00014336896,-2.3730905e-05,-9.8185363e-06,4.7856374e-06,-6.6016073e-06,-6.5919241e-06,-2.291403e-05,1.3056578e-05,-1.041618e-05,2.4708585e-05,0.00097165197,-0.0011076354,-0.0004122958,0.0011506594,-3.5044738e-05,6.3198217e-06,-0.00012162517,-1.0386795e-05,8.6572964e-05,5.665792e-05,-0.00036046958,4.488889e-05,-0.00019121107,-0.00011180725,-0.00026295187,0.00012326711,-8.458956e-06,-1.531152e-05,-6.8493487e-05,-2.7286446e-06,-3.6749135e-05,-4.7272655e-05,4.6687353e-05,4.8995424e-05,-8.3272066e-05,-7.9562974e-05,8.9390053e-05,2.5567169e-05,-2.2237948e-06,4.5773092e-05,-1.7752221e-05,8.7160817e-05,3.4449435e-05,-7.8636249e-05,-5.619037e-05,0.00040400673,-5.4666706e-05,0.00021013946,0.00016308401,8.9034155e-05,-0.00013313599,7.210716e-06,3.2362087e-05,7.7466377e-05,-1.5615279e-06,2.226587e-05,6.6964688e-05,-1.2859256e-05,-3.8930644e-05,9.9011306e-05,4.6841995e-05,-1.6349434e-05,-3.2321684e-06,-1.2515815e-06,-0.00026319187,-7.785912e-05,-5.3300468e-05,7.2218884e-05,-4.0161984e-06,-4.0090939e-05,-5.936669e-05,0.0001352069,-1.7032852e-05,-1.7087633e-05,0.00011147973,-7.0854096e-05,-8.6321867e-05,1.7753423e-05,1.3554654e-05,2.4934451e-05,6.0845449e-06,4.4814797e-05,3.7701704e-05,1.3927319e-05,-2.2907645e-05,0.00010034995,7.4394317e-05,-9.6144861e-06,1.6751327e-06,-3.6688759e-07,-0.0014947503,0.00083575933,0.00020385381,-0.0001321315,0.0002505155,0.000203132,-0.0002187194,0.00014763483,0.00034346497,0.00010822412,-0.00035913613,3.6236493e-05,0.00013339943,-0.00024407828,-0.00011882899,0.00022647989,-8.4072213e-06,-4.9841623e-05,-0.00015145096,1.9017548e-05,-0.00019681694,3.8152891e-05,-0.00018846043,-9.8109499e-05,-0.00040532469,-0.00028180368,0.00022159606,-0.00012576194,1.7320668e-05,-2.9525363e-05,6.0359456e-05,-7.7955846e-05,5.4688951e-05,-1.7688248e-05,6.7382366e-05,-2.4820497e-05,-0.00011273427,8.146655e-05,2.948022e-05,-1.4949324e-05
-5.2677288e-06,-1.1496104e-05,2.1966958e-05,-4.1145338e-06,1.2370364e-06,-1.813796e-05,1.7371632e-06,2.5661163e-07,1.4998813e-07,2.4516843e-06,-2.2617218e-06,2.1367152e-06,4.6336085e-07,6.7938034e-06,-5.4749686e-06,-5.4651574e-05,5.2850439e-05,2.8700483e-05,-0.00013815774,1.3541705e-06,-8.5816375e-06,8.5636876e-06,-9.0890061e-06,-6.2253673e-06,-3.7714646e-06,4.5137203e-05,-1.7200209e-05,4.1512094e-06,4.6495857e-06,-2.6380868e-05,2.8666487e-05,5.4226839e-06,8.3386354e-07,7.0974665e-06,8.3688695e-07,1.5086074e-05,1.022345e-05,-1.0509172e-05,5.7444731e-06,9.1702983e-06,7.2088014e-06,9.6644184e-06,-2.6345404e-06,-8.2697705e-07,-3.5348951e-06,8.7412693e-06,-7.838189e-06,7.8751466e-06,4.631491e-06,-4.1504505e-06,-5.4666706e-05,2.1454729e-05,6.3372485e-06,4.3761012e-06,6.2139277e-07,-3.5569243e-05,-2.7295144e-06,-2.088087e-06,-1.6460399e-05,-1.8314627e-06,-9.7507184e-06,-7.9957838e-06,3.7707231e-07,-7.8832411e-06,6.013663e-06,-2.2514883e-06,-1.1592573e-05,-2.7419028e-06,1.2636269e-06,6.8805677e-05,2.2271028e-05,1.5267261e-05,-8.7203157e-06,8.3309504e-06,-3.6521013e-06,8.3032769e-07,-1.8796655e-05,7.351289e-06,2.1706005e-05,-1.0331649e-05,-1.3790405e-07,-1.7045418e-05,-5.2004285e-06,-3.6766395e-06,-2.9073599e-06,9.4189796e-07,-1.0718018e-05,-4.101437e-06,-8.1201434e-06,-3.1999082e-06,-1.5940635e-05,-7.9979771e-06,-4.0227702e-06,-1.7305905e-06,6.5039258e-07,0.0002815705,-0.00015028559,-3.5372785e-06,5.800494e-05,-6.6064595e-05,-3.630475e-05,3.8545332e-05,-2.9089844e-05,-3.4534836e-05,-1.3934197e-05,4.8879014e-05,-1.4399139e-05,-5.0875157e-05,1.8531884e-05,1.9596614e-05,2.9152269e-05,7.5725699e-06,9.744628e-06,2.4573565e-05,-7.540761e-06,5.167701e-05,-8.0679418e-06,4.310309e-05,2.7943647e-05,5.9947587e-05,3.4995203e-05,-1.9278846e-05,2.3034344e-05,-3.7628444e-06,4.9104833e-06,-1.1808378e-05,3.3362326e-05,-2.1648269e-05,1.0649399e-05,-1.584422e-05,1.1931689e-06,4.6124939e-06,-1.9198856e-05,-3.1407945e-06,5.1004813e-06
-0.00017632625,0.00011835297,-0.00013197053,6.240913e-05,-2.280254e-05,0.00015493507,4.3265993e-05,-6.9435158e-05,-8.8291876e-07,-1.3509824e-05,-3.555261e-05,-2.9289832e-05,1.3261344e-05,-8.3022393e-05,6.1902485e-05,0.0012766738,-0.0014329119,-0.00059587016,0.0019502098,-6.9190697e-05,-2.3255827e-05,5.0828206e-06,-0.00046387419,7.9172339e-05,7.8836174e-05,-0.00019462275,4.5191131e-06,-0.002348084,-0.00039909163,-0.00043363181,0.00014486669,-6.1008595e-05,0.00011194558,0.00021525582,8.292743e-05,-0.0001536267,-1.7355844e-05,-0.00021620369,-6.3367064e-05,0.000191317,0.00015470229,-0.00023163341,5.843686e-05,3.0651585e-06,3.3882574e-05,5.9440545e-05,-3.6163641e-05,0.00038571046,-5.4664962e-05,-5.3375848e-05,0.00021013946,6.3372485e-06,0.0026079294,0.00053256881,0.00038280262,-0.00026917036,8.5406446e-05,-9.1403745e-05,-0.00023243053,-3.8672458e-05,0.00012542773,-4.9668814e-05,0.00011733698,2.0299079e-05,-7.7709709e-05,-9.8261167e-05,0.00018397121,-2.9739537e-05,4.4481507e-07,-0.00053246531,-0.00021774802,-6.2829179e-05,4.644329e-06,0.00015473789,-0.00012409532,-4.2571876e-05,6.884954e-05,2.8206949e-06,0.00065743865,0.00021408666,9.1132775e-05,-0.00015045137,3.8400578e-05,-1.1351762e-05,-5.0067803e-05,-2.482618e-05,0.00018919812,9.5185615e-05,0.00021396285,6.1239071e-05,9.2290299e-05,7.8215968e-05,-6.2458075e-06,6.6918363e-06,-3.5617317e-06,-0.0037094089,0.0017345521,0.00022519397,-0.00085335092,0.00062421761,0.00039728872,-0.00015915292,-0.00010415685,0.00077964183,5.805801e-05,-0.0003265393,8.4969976e-06,-0.00097279705,-0.0004590301,-0.0004972445,0.00037103285,-4.3628509e-05,-3.628206e-05,-6.6842223e-05,0.00020027631,-0.00077321265,8.8239006e-05,-0.00088118134,-0.00034235917,-0.00053439393,-0.00038370951,0.00049651493,-0.00033611718,5.2519689e-05,-4.669223e-05,0.00012417792,-0.00039527851,0.00030275007,-0.00024055877,0.00017792119,-2.1521353e-05,-0.00013648774,1.0908407e-07,-2.8263916e-05,-9.1930052e-06
0.0002582979,-0.0013552316,-0.00023606425,-0.00015942004,0.00014143473,5.3970388e-05,7.6696898e-06,-7.3510338e-06,2.0536806e-05,-4.8727753e-05,-4.8731295e-05,-1.8688889e-05,1.9622754e-05,-5.11273e-05,9.3283419e-05,0.00060985128,-0.0010603515,-0.00055309226,0.0023433086,-0.00010187247,-8.4132747e-05,0.00022160852,0.00021492984,-0.00012176666,0.00018838866,-0.00013763114,7.7330817e-06,-0.00033740771,-0.0035242229,0.0003047034,-0.00019154545,6.155614e-05,0.00012117001,-0.00017854717,0.00010521672,-6.8544392e-05,-0.00021593303,0.00018173313,-9.4205507e-05,-9.2823583e-05,0.00032327734,-0.00014690288,3.3913452e-05,3.9357585e-05,6.6501807e-05,1.9493172e-05,-2.4050142e-05,-5.9637994e-05,0.0002542893,-0.00010585521,0.00016308401,4.3761012e-06,0.00053256881,0.0042664978,-3.1155325e-05,0.00011928688,-4.4359336e-06,-0.00014916874,0.00015447909,-8.7048906e-05,-4.2201618e-05,0.00011915311,-5.3681135e-05,2.666775e-05,9.5967644e-05,-0.00026457971,0.0001860019,1.9610664e-05,-1.9280821e-05,-0.0013783153,-0.00035479327,-0.00023015884,0.00011018258,-5.9101043e-05,1.6889879e-05,-0.00011925867,0.00011276056,-3.7148036e-06,-0.00019950263,0.0016424772,-0.00026778188,-3.442804e-05,-1.3512947e-05,-1.3544425e-05,9.2686697e-05,-0.00019242031,0.00017103572,0.00019965486,0.00019688535,8.4829583e-05,0.00026093515,0.00010294526,6.3763429e-05,-7.650492e-06,-1.2897434e-05,-0.006641974,0.0039931851,0.0012438888,-0.0013737804,0.0011949194,0.0010167574,-0.00022973309,0.00075066938,0.0010406205,0.00018153861,-0.00050798713,1.1043241e-05,0.00099481353,-0.0036939362,0.00011537774,0.0001978398,0.00011234503,-0.00013190702,-0.0007253225,0.00023802837,-0.00077355806,0.00016491916,-0.0010997371,-0.00076971704,-0.0015417079,-0.0006095626,0.00069150533,-0.00059948778,0.0001191265,8.928571e-06,0.00020224023,-0.00063981249,0.00063692039,-0.0005323532,0.00034399882,-0.0001264363,-0.00059910969,0.00069586962,-2.1370731e-05,-1.6505653e-05
0.0016383375,0.00362785,-0.00017279762,8.3350374e-05,-0.00013007719,0.00073009928,0.00041880428,1.4667608e-05,3.8263436e-05,3.8091451e-05,7.4575204e-05,-5.0906354e-05,4.8236565e-05,-5.3850358e-06,-1.1384511e-06,0.0013250999,-0.00075400966,0.00020370982,-0.00012672648,0.00011745316,-0.0003211319,-0.00088789708,-0.00027001277,0.00051791256,0.00032299327,-0.00018105415,-1.8930414e-06,-0.00043122389,0.00038461596,-0.023492903,-0.00034416408,-0.00033593965,0.00029409729,-0.00030212988,-0.00050018145,1.0182835e-05,0.00020663123,-0.00056930305,0.00020717312,0.00042625101,-3.5149648e-05,0.00077325237,0.00028153209,-5.0310178e-05,3.6201827e-05,0.0002628495,0.00057978754,4.112706e-05,-0.00048039733,-0.00059765467,8.9034155e-05,6.2139277e-07,0.00038280262,-3.1155325e-05,0.031924166,0.00017746388,0.0001885712,-0.0002051552,0.00022055961,0.00039656119,0.00015730386,-0.00026872969,0.00050684306,6.3305216e-05,-0.00015200488,-0.00012134069,-0.00079699901,-0.00013371915,7.9821729e-06,0.00049393957,0.00018623341,5.6990005e-05,0.00013583442,-0.00024288912,-0.00031526163,-0.00037764536,-4.1651426e-05,-3.5945979e-06,0.00020128172,-0.00012665189,0.02152642,2.3224281e-05,0.00012154734,-0.00010375353,0.00013783218,0.00024487791,7.8898598e-05,-8.3724742e-05,-9.9226097e-05,-0.00014650049,-0.00021218314,-3.6478271e-05,-0.00029411316,-0.00015497801,5.0294302e-06,0.0013607705,-0.0019570219,-0.00084887421,0.00020494402,-0.00040620953,-0.00043352465,-0.00033976947,7.9657767e-05,0.00037378214,0.00068751799,0.00017582801,-1.0106247e-05,-0.00076303517,0.00039594968,-0.039497274,-0.00052292598,-0.00038074226,0.00028061954,-0.00017380535,-0.00030520301,-8.2202841e-05,-9.7212236e-05,0.00028896846,0.00053564925,0.00097108724,0.00019407247,0.00033026098,0.00058885614,-4.3458166e-05,9.150082e-05,-7.0329399e-05,-0.00017715735,-0.0003545911,0.00027426657,-0.00011646353,8.0983615e-05,0.00028785883,-0.00020023014,-6.6487927e-05,-3.2814728e-05
0.00037406284,0.00014922308,0.00094328207,1.6231697e-05,3.7396284e-05,-0.00014550697,0.00012125537,1.6704719e-05,1.4491049e-05,-2.8108271e-05,-1.3236981e-05,1.3813389e-05,-1.0308832e-05,-4.9392515e-05,5.0501464e-05,3.872914e-05,-7.1397722e-06,2.6320032e-05,-8.23355e-05,9.7939109e-06,8.5406414e-05,-0.00013361698,0.00019722004,-0.00010206588,-4.9060596e-05,0.00014140812,3.1751099e-05,0.00012910423,-0.00017527596,-0.00076461365,-0.002561628,1.3043868e-05,0.00011061873,-1.8079205e-05,1.3757917e-05,4.6700668e-05,-0.00064982511,5.1843914e-06,-6.5658415e-05,1.5603768e-05,0.00010866613,-0.00025607476,0.00022467948,-6.9551837e-06,-3.1425467e-05,-9.2697726e-05,0.00013640451,-0.00022486455,6.7188179e-05,9.922388e-05,-0.00013313599,-3.5569243e-05,-0.00026917036,0.00011928688,0.00017746388,0.002919446,-2.3794182e-05,-9.8830322e-05,1.604807e-05,4.2248165e-05,-6.8742584e-07,0.00055304875,7.6790563e-06,8.7972806e-05,-5.6450849e-05,-7.3299419e-05,0.0001605247,-0.00014449414,7.4872561e-06,9.311541e-05,-8.4215826e-05,-5.0096776e-06,-2.2170002e-05,-5.4944821e-05,0.00012314319,0.00015656632,-4.8899852e-05,-2.5186496e-05,-9.2525857e-05,8.9253e-05,4.8011409e-05,0.00087770034,5.0513607e-06,-1.6047316e-05,1.5752629e-05,1.4284482e-05,-4.137722e-05,0.0001434907,1.0477925e-05,6.52642e-05,-6.3880079e-05,-0.00011892665,4.9681942e-05,-4.4475634e-05,4.2413941e-06,1.609032e-05,-0.00014302493,-0.00019113751,-0.00047924681,0.00030596452,-2.0189953e-08,-5.4509828e-05,5.7011751e-05,-0.00016377486,-3.4247704e-05,0.0001526733,3.6889508e-05,0.00023376839,-1.5371234e-05,-2.0781434e-05,-0.0020415124,-3.065118e-05,5.700614e-05,7.9335448e-06,-3.2167276e-05,-1.034932e-06,-0.00039909876,-2.5626155e-05,-2.5578543e-05,0.00016691572,0.00011055763,-0.00018110741,0.0001395923,-3.4981322e-06,2.3239648e-05,8.5832526e-05,-0.00011631389,4.6657526e-05,-6.579013e-05,5.2295545e-06,9.5415428e-06,7.4002633e-05,0.0002716039,-2.1523551e-05,-1.8302215e-05
2.8559252e-05,0.00016499806,0.00023820462,1.7981173e-05,-2.5299521e-05,1.7072705e-06,-5.2987469e-06,2.6911437e-06,-4.4709198e-06,8.0396548e-06,2.0046952e-06,-1.534873e-05,-7.5721105e-06,-4.146552e-06,-2.5044787e-06,0.00048165089,-0.00057047463,-0.00013399141,0.00013617278,-5.9899121e-06,-3.2989905e-06,5.9409014e-06,-0.00013748777,3.9134931e-05,9.2607839e-05,-9.8780651e-06,6.928081e-06,-7.9262767e-05,3.9594157e-05,-0.00026710253,9.6677599e-06,-0.00024542623,5.1930253e-05,2.7620385e-05,1.3471389e-05,-1.3434731e-05,3.9402418e-05,-4.1594504e-05,2.8842209e-05,0.00012072246,4.5134745e-05,-9.2637526e-05,1.7819992e-05,1.6982308e-06,9.7542404e-06,5.9733558e-06,-1.3824293e-05,0.00011694244,-3.8210356e-05,-6.832482e-05,7.210716e-06,-2.7295144e-06,8.5406446e-05,-4.4359336e-06,0.0001885712,-2.3794182e-05,0.00027155795,-5.6579043e-05,-2.8365038e-05,1.0835379e-05,1.580087e-05,-3.820098e-05,2.9748751e-05,-6.3727653e-06,-9.015378e-05,-2.5808452e-05,4.9648927e-05,-4.1531196e-06,-3.0918055e-06,0.00013511329,4.1922372e-05,1.9925173e-06,-2.3219552e-05,3.8272744e-05,-3.2182225e-05,-1.6224927e-05,9.4391967e-06,-3.086204e-06,5.5627523e-05,-5.0194317e-05,8.3947387e-05,7.0445714e-06,8.5198264e-05,-2.2418182e-05,-1.9384893e-05,-2.6152301e-05,-1.906339e-05,-6.74928e-06,-9.5547542e-06,-4.7114134e-06,-0.00010013542,-4.2257204e-05,1.8678693e-05,-1.062122e-05,-1.5628336e-06,0.00086010135,-0.00057497576,-0.00030863029,-0.0001906724,-7.7156942e-05,-0.00012214633,4.9153604e-05,-0.00018807516,-8.434108e-05,0.00011764824,2.0403284e-05,7.2392643e-06,-0.00023156328,0.0001188714,-0.00014186114,-7.1830248e-05,-0.0002100722,7.1686534e-05,9.3283764e-05,0.00014455984,0.00010884359,-0.00010827969,0.00015297469,0.00012549738,0.00034265856,0.00019115564,-0.00013492491,0.00012564502,-6.6423114e-06,-1.0693526e-05,-1.8513027e-05,-1.8653327e-05,-1.0374976e-05,1.9857169e-05,-3.1988801e-05,2.8675135e-05,0.00012576293,-9.6667361e-05,-3.6071849e-05,6.0473033e-06
-0.00028664432,0.00016058587,-0.00017524129,4.9908138e-05,-2.7800292e-05,-6.0069835e-05,-5.7128848e-05,-7.6193968e-06,1.2835708e-06,6.1972798e-06,-2.083938e-06,1.6359802e-05,4.3178034e-06,3.1420041e-05,3.2756042e-06,0.00018259854,-0.0003674998,5.4044435e-05,-0.00072380093,6.2630273e-06,0.0001374582,3.7963155e-05,0.00010272109,-6.0945923e-05,-0.00017822348,-1.5745771e-05,-6.7407236e-07,0.00011077805,0.00013817338,0.00032319203,9.4214383e-05,4.8650119e-05,-0.00031128069,-0.00010434998,-3.7295397e-05,9.3310139e-05,0.00011104097,-9.5178449e-05,-8.6955527e-05,-9.9101584e-05,-8.2617957e-05,-0.0001646722,-2.8834849e-05,9.5155548e-06,6.5803719e-06,-0.00017148339,-0.00011901495,-0.0001068085,4.303445e-05,0.00011158862,3.2362087e-05,-2.088087e-06,-9.1403745e-05,-0.00014916874,-0.0002051552,-9.8830322e-05,-5.6579043e-05,0.00041374163,0.00011565441,1.4109046e-05,-5.9065111e-05,-5.813666e-05,0.00010176255,7.2610146e-05,4.1524435e-05,7.1609729e-05,0.00037532689,1.7843039e-05,-1.4418249e-05,0.00048755745,0.00010221493,3.6891689e-05,-3.7914999e-05,-1.7870759e-05,5.9426367e-05,7.276478e-05,-5.0833542e-06,6.9092186e-07,9.3747865e-05,-0.00010935469,-4.1981161e-06,-7.7594691e-06,-2.725549e-05,6.6696521e-05,2.8905475e-05,1.5682642e-05,-0.00012002963,-7.3923762e-05,-8.2168869e-05,-2.2197046e-05,-9.6981062e-05,-4.6682636e-05,9.5338766e-05,-5.7988623e-06,-4.2972712e-06,0.0023786949,-0.0012308768,-0.0002118881,0.00078002147,-0.00044160559,-0.00022214047,8.1936024e-05,-8.4294224e-05,-0.00041313339,-8.219261e-05,0.00011319959,-6.0472117e-06,-0.00033015052,0.00022172165,0.00020861331,0.00010720866,3.8328498e-05,-9.5989441e-05,5.0544574e-05,8.1066217e-07,0.00051025156,-2.3327154e-05,0.0003867346,0.00016206298,0.00041639516,0.00023053135,-0.00042510784,0.00019715349,-1.530371e-05,-1.2183489e-05,-3.4714302e-05,0.00036412039,-0.00026606349,0.00022494801,-0.00012836226,2.9884364e-05,7.1269232e-05,-0.00021762873,2.3157526e-05,-1.5532147e-06
0.000116189,0.00070658294,-0.00083542547,2.8417551e-05,-2.0728393e-05,0.00029511371,7.7391343e-05,-3.964958e-06,1.3322339e-05,-1.0210324e-05,2.809301e-05,-6.2727934e-05,4.8940197e-05,5.1150793e-05,1.6473481e-06,0.00050150387,-0.0006874597,-0.00016124109,0.00045202672,-1.9345517e-05,9.2276096e-05,-0.00023581243,0.00018051987,0.00026232137,0.00017747856,-7.3430273e-05,6.4873245e-06,0.0002101202,-0.0001124586,-0.00043877138,1.6991201e-05,2.2876158e-05,-0.00011922246,-0.0015763084,-3.9195481e-05,0.00013140905,-0.00017849514,-1.320433e-06,5.4829121e-05,1.9201299e-05,5.7126593e-05,0.00050651619,2.0343554e-05,4.5555706e-05,3.5894185e-05,-0.00011681794,0.0001461274,-8.4429309e-05,-0.0002367782,-0.00032920301,7.7466377e-05,-1.6460399e-05,-0.00023243053,0.00015447909,0.00022055961,1.604807e-05,-2.8365038e-05,0.00011565441,0.0017610334,-1.9188041e-05,-0.00011051097,0.00028299139,9.3481098e-05,2.5151359e-05,-4.748674e-05,-0.0001427197,-0.00036987261,7.441293e-06,-5.9593632e-05,-0.00020820414,-9.8421559e-05,-9.6187563e-05,7.6444412e-05,-0.000112919,-0.0001199549,-0.00011857199,2.7027108e-05,-2.5379414e-06,-0.00011376738,8.3122787e-05,0.00011504284,9.9775447e-06,-8.9989486e-06,3.867686e-05,0.00056007168,3.0608522e-05,-4.8290505e-06,0.00011256546,3.0048293e-05,8.076929e-06,8.4798722e-05,-1.9580731e-05,-0.00017944491,-1.4036385e-05,-2.1122182e-05,-0.0015559187,0.00087626803,0.0010356478,0.00019438186,0.00018860876,0.00040336007,-0.00013292603,0.00038484977,0.00056660943,0.00010576112,-0.00013634508,8.5846176e-06,0.00036254163,-0.00041946037,-0.00055220226,7.4159059e-05,7.4753702e-05,-7.2717447e-05,-0.0014263791,-0.00041958109,2.2149046e-05,0.00010438582,-0.0001865911,-0.00010561645,-0.00037909666,-3.2397205e-05,0.00052082305,-0.00024146065,7.5312266e-05,-3.3120847e-05,7.9311224e-05,-2.5707273e-05,-5.2729716e-05,7.9158387e-05,6.5340725e-05,-7.7751644e-05,-0.00041746702,4.7120033e-05,4.5244177e-05,8.8515579e-05
3.1177535e-05,0.00024880564,-0.00020654711,6.3859013e-06,-3.1858538e-05,-6.5479921e-05,-2.5319979e-05,-1.9148432e-05,1.8273548e-06,4.2409524e-05,2.3803043e-05,2.0435356e-05,3.636282e-05,3.358105e-05,-3.5358962e-05,0.00082706127,-0.0010616942,-0.00018915675,-0.0009422369,8.3439273e-05,-0.00010406391,-0.00012033245,-4.8958717e-05,-0.00010431381,-0.00029495459,2.0398967e-05,-3.7743465e-06,0.00010468843,0.00014305064,-0.00046275873,-2.1092265e-05,1.1214457e-05,-3.4398582e-05,4.7014917e-05,-0.0017998168,-0.0008357208,0.00016635336,-0.00024054086,1.0108919e-05,-6.4410416e-05,-6.0261324e-05,0.00029994844,4.3785696e-05,-1.3033965e-05,-5.8953996e-05,0.00014322449,4.4650038e-05,9.2849671e-05,7.2160357e-05,0.00020986283,-1.5615279e-06,-1.8314627e-06,-3.8672458e-05,-8.7048906e-05,0.00039656119,4.2248165e-05,1.0835379e-05,1.4109046e-05,-1.9188041e-05,0.0019483473,0.0010307869,-0.00015892014,0.00017816445,6.148316e-05,5.0671847e-05,2.8830961e-05,-0.0002667835,-5.5268438e-05,1.1791322e-05,0.00097520793,0.00022106633,0.00017023786,-0.00010416263,9.3232085e-05,8.924836e-05,0.00014194407,-7.0443947e-06,-6.8472147e-07,0.00022864194,-0.00023760985,0.00029959134,3.4513968e-05,-4.2900433e-05,-2.5862929e-05,3.2895408e-05,0.000606154,0.00013949168,-5.7151644e-05,-5.7481814e-05,2.5929199e-05,-0.00018638672,-0.00011202164,-7.6400836e-05,-3.3831704e-05,2.097842e-06,0.0053312576,-0.0025432895,-0.00063972151,0.0013916782,-0.00081649867,-0.00075233253,0.00023174548,-0.00045656978,-0.00091346624,-0.00027527158,0.00027377676,-2.3180608e-07,-0.00079280335,0.00061832835,-6.9818086e-05,-6.1381657e-05,1.5958348e-05,0.00017172576,0.00027459149,-0.0014094958,5.9353368e-05,-0.00020632652,0.00064051479,0.00039257891,0.00085390316,0.000489713,-0.0002762877,0.00044877248,-6.752614e-05,4.3242086e-05,-0.0001035262,0.00048574871,-0.00035093657,0.00026070706,-0.00027975195,6.5842173e-05,0.00033440878,-0.00030109743,-2.6354155e-05,8.0912987e-06
-1.5617347e-05,-0.00036005611,-0.001023382,-3.5449087e-05,4.9267028e-05,0.0003848506,-3.5409396e-05,-2.6081854e-05,-2.6640809e-05,-2.916721e-06,1.6354568e-05,-8.2540231e-05,9.6536297e-06,-3.0834375e-05,9.6658522e-05,0.0010396601,-0.0011274366,-0.00047622947,0.0014933057,-2.6642627e-05,8.7903253e-05,-7.8099935e-05,-0.00016626964,-5.5767746e-05,-0.00013989828,-3.5390312e-05,1.7359092e-05,-0.00011652991,6.8259619e-05,-0.00038235198,-4.6618828e-06,-1.7362872e-05,7.9782444e-05,8.7177792e-05,-0.0008264764,-0.0017338927,3.8477053e-05,1.0375392e-05,3.6507723e-05,0.00015665121,0.00010254626,-2.1162804e-05,1.0867014e-05,1.5080266e-05,-2.0354611e-05,-5.1043073e-05,-3.2093021e-05,0.00020144023,6.7712488e-05,0.00015990909,2.226587e-05,-9.7507184e-06,0.00012542773,-4.2201618e-05,0.00015730386,-6.8742584e-07,1.580087e-05,-5.9065111e-05,-0.00011051097,0.0010307869,0.0018399146,-8.9909949e-05,4.5051546e-05,6.9673394e-05,-0.00013121228,-4.57096e-05,-9.943746e-06,-2.9602618e-06,-2.9831343e-06,-0.00072838331,-0.00018779993,-8.9029186e-05,1.7711498e-05,5.8787091e-05,2.8696228e-05,2.1637801e-05,3.9522523e-06,8.7201536e-07,-0.00011909077,2.0198407e-05,9.7132755e-05,-7.2672698e-05,3.9714942e-05,-1.7441565e-05,-3.800067e-05,0.00031953443,0.00075417499,4.3439089e-05,0.00019064115,5.7240715e-06,0.00013597358,0.00012202732,-0.00013716157,4.0638371e-06,-6.5926697e-06,-0.0033637643,0.0017565392,0.0004078982,-0.0014414573,0.00084616673,0.00046030639,-0.0001486706,0.00013086215,0.00044514537,-0.00024376579,-0.0001185286,1.1989668e-05,0.00045195247,9.9021008e-05,-0.00071541677,0.00012821087,-2.9020446e-05,2.0898976e-05,-4.74008e-05,-0.00076699351,-0.0018774622,0.00027933006,-0.00073564654,-0.00024985631,-0.00064050544,-0.00035554393,0.0006859708,-0.00031003236,4.2948693e-05,-1.3031886e-05,9.0430964e-05,-0.00059022585,0.00048208702,-0.00035010146,0.00020209726,-5.0749803e-05,-0.00014988288,0.00019379389,-4.3357796e-05,-9.5537061e-06
0.00056214211,-0.00079613412,9.0710565e-05,-0.00012231041,7.6722697e-05,7.1635187e-05,8.2340941e-05,3.5139207e-05,9.5233734e-06,-1.3980863e-05,-3.3678986e-07,-6.9045572e-05,-5.2868226e-05,-7.3858801e-05,9.9298984e-05,0.0018456388,-0.002028036,-0.0008720976,0.0025118437,-1.4695045e-05,0.00014277364,4.0223022e-05,-2.0451169e-06,-2.0238246e-05,0.00014253663,-4.270756e-05,8.7979249e-06,5.0036971e-06,-0.00018784866,0.00025037311,-0.00068229581,4.5045477e-05,9.3533661e-05,-0.00018970354,0.00015787171,4.1686408e-05,-0.0023845287,0.00020867798,-1.3889085e-05,-4.8862256e-05,4.1544061e-05,-0.00026540161,2.7384281e-05,4.4512868e-05,1.514843e-05,-0.000174242,-2.3894829e-05,4.9657032e-05,-3.0027771e-05,-0.0001979786,6.6964688e-05,-7.9957838e-06,-4.9668814e-05,0.00011915311,-0.00026872969,0.00055304875,-3.820098e-05,-5.813666e-05,0.00028299139,-0.00015892014,-8.9909949e-05,0.0024361713,-8.4428003e-05,-1.6215361e-05,-1.9540477e-05,5.4871996e-05,0.00020790385,5.8986193e-06,-3.4814082e-05,-0.00077568518,-0.00019624499,-0.00018089327,3.4558423e-05,3.4963627e-06,-7.556864e-05,-0.00013276293,3.2456806e-05,2.4969263e-07,-0.00013003753,0.00016784813,-0.00014201016,9.9926404e-05,2.2868076e-05,-7.6908429e-06,0.00012700693,-2.3323391e-05,0.00013600867,0.00089078256,8.2890314e-05,7.3387351e-05,0.00021530089,0.00013990532,-4.6704117e-05,1.9017273e-05,-1.5355659e-05,-0.0033083839,0.0019643334,0.00055550109,-0.0012247186,0.0007552688,0.00054386196,-5.5324597e-05,0.00028099299,0.00065004993,0.00020918033,-0.00021218268,4.946965e-06,0.00055443945,-0.0004388634,0.00017996365,-0.0002846243,-7.1251239e-06,-4.8075449e-05,-0.00041301037,4.4837236e-05,-0.00046135299,-0.0016262486,-0.00053886228,-0.00037358645,-0.00069335728,-0.00045846682,0.00036200659,-0.00034428797,7.1944174e-05,4.5571907e-05,9.1692725e-05,-0.00059267271,0.00046514664,-0.0003637578,0.00018508119,-7.1667841e-05,-0.00028380259,0.00059995651,-5.7397202e-05,7.9227082e-07
-0.00025047812,0.0011388208,0.00070452022,7.7890251e-05,-0.00013647626,-0.00023903114,-1.1509935e-05,-5.0285723e-05,-3.6422541e-05,3.4757371e-05,-6.4715174e-05,3.6313799e-05,-2.4487389e-05,8.6004202e-05,-7.0311396e-05,0.00058100364,-0.00074413601,-4.7660122e-05,-0.0014488216,-5.1833485e-06,-0.00014837124,3.2954815e-05,-0.00019454546,-1.853972e-06,-0.00035107348,6.4346975e-05,-1.305331e-05,-0.00026358755,0.00020478065,-0.00095697254,2.0224894e-05,-4.6647578e-05,-8.0482886e-05,1.6566838e-05,-0.00031595707,8.2302777e-05,0.00020256827,-0.0019353083,-0.00049243942,0.0004070368,-0.00014660778,0.00027979731,-3.4300975e-05,-2.0641929e-05,6.0616234e-05,8.6602228e-05,-5.0813416e-05,7.6322249e-05,-0.00010517971,0.00025111354,-1.2859256e-05,3.7707231e-07,0.00011733698,-5.3681135e-05,0.00050684306,7.6790563e-06,2.9748751e-05,0.00010176255,9.3481098e-05,0.00017816445,4.5051546e-05,-8.4428003e-05,0.0019691011,0.00056743317,-0.0003850251,2.4900785e-05,-0.00021878254,3.8680699e-05,3.9538633e-06,0.0014918147,0.00035428111,0.00028387423,-0.00014556289,7.0494125e-05,0.0001227917,0.00034432677,-5.1051589e-05,6.5205567e-06,0.00052139795,-0.00017494112,0.00017749182,9.3525963e-05,-1.3259826e-05,-4.5021482e-05,-4.5558317e-05,0.00017004415,-0.00022970685,-0.00017370348,0.00042774703,8.7221125e-05,-0.00045171624,-0.00016841855,8.0650323e-06,-3.5634801e-05,7.6787439e-06,0.0067839805,-0.0040288576,-0.00092995056,0.0017821027,-0.0013494015,-0.0011049259,0.00039191108,-0.00064813494,-0.0011444267,-0.00045974076,0.00044941246,-2.5899808e-05,-0.0016288575,0.00053361729,-8.1468394e-05,-0.00023630812,-6.931981e-05,0.00021103002,0.0004990648,-0.00025787184,0.0010618922,-0.00027174209,-0.00013114875,0.00033047705,0.0017509988,0.00075532123,-0.00078981433,0.00060882389,-9.5709163e-05,-1.1350958e-05,-0.00014770005,0.00079220587,-0.00069733365,0.0005959159,-0.00034795601,0.0001303994,0.0003488478,-0.00064340447,-5.1724561e-05,1.2092742e-05
-0.0002489808,-3.3632279e-05,0.00041328681,9.908851e-06,-1.3496493e-05,-0.0001499598,-5.8013173e-05,-4.9682605e-05,1.3949342e-05,-2.6244084e-06,-8.0508903e-06,4.3522101e-05,8.4269746e-05,3.0788004e-06,2.3704717e-05,0.00017844701,-0.00033865436,-7.4323354e-05,2.5119303e-05,-4.7173051e-05,8.5291788e-06,7.0340126e-05,5.3398817e-05,1.966528e-05,9.2638289e-05,4.5637942e-05,7.462656e-06,-3.9854366e-05,-4.044657e-05,-1.0000857e-05,-3.9153406e-05,2.7296264e-05,-7.8372783e-05,2.0021895e-05,-2.0351333e-05,1.9885316e-05,-2.6620762e-05,-0.00049989345,-0.0015767569,-0.00015672067,1.6288414e-05,-1.4268828e-05,-6.7481022e-05,7.6933021e-06,-5.8144571e-06,3.144553e-06,-3.8963728e-05,-5.9848357e-06,-4.0276814e-05,-0.0001040505,-3.8930644e-05,-7.8832411e-06,2.0299079e-05,2.666775e-05,6.3305216e-05,8.7972806e-05,-6.3727653e-06,7.2610146e-05,2.5151359e-05,6.148316e-05,6.9673394e-05,-1.6215361e-05,0.00056743317,0.0018075417,0.00014241596,-3.9068482e-05,-3.6575928e-05,3.9539873e-05,-7.2793336e-06,0.00014330716,-3.3089644e-05,4.160063e-05,-3.5418349e-05,1.3087464e-05,6.7986408e-05,3.1631616e-05,-2.8983497e-05,1.6181088e-06,9.1147381e-05,4.682698e-05,-5.9932172e-05,7.8038075e-05,-5.2234802e-06,-1.1183085e-05,-4.1036344e-05,4.0947732e-05,-8.1933406e-05,2.3743586e-05,0.00016726657,0.00052244451,6.7661685e-06,8.8738134e-06,-2.0740372e-05,8.2815145e-06,-1.2960112e-06,0.00078418457,-0.00055532368,-0.00034682165,0.00017000068,-5.9678566e-05,-0.00019065054,2.2703209e-05,-6.052542e-05,-0.00027979078,-1.1850869e-05,6.0352272e-05,-1.7250245e-06,-0.00021621232,-4.0849508e-05,4.6604686e-05,-9.4728699e-05,2.2603976e-05,-3.1905631e-06,0.00019343678,5.8613244e-05,0.00020795328,-0.00014282936,-0.0002188916,-0.0010959369,7.996175e-05,0.0001854416,-8.410479e-05,4.8867325e-05,-1.5280906e-05,-9.5939295e-05,5.0691375e-05,6.2445254e-05,3.1405406e-06,-2.3478357e-06,-1.6920581e-05,6.0160812e-05,4.4545905e-06,5.5904526e-05,-3.4974009e-05,4.0638623e-06
-2.3885265e-06,0.00013485051,5.6837529e-05,-2.4011902e-05,-9.5963166e-06,-8.544144e-05,-4.2373916e-05,1.3718342e-05,2.019082e-05,4.5183621e-06,-3.6439581e-06,4.4537379e-05,8.9570013e-05,2.9462725e-05,-1.2593826e-05,-3.6236112e-05,-0.00031340676,5.3631646e-05,-0.00066155396,-3.5896773e-05,9.2546941e-05,-0.00018082051,0.0005207044,-0.00011526467,-2.9782337e-05,-6.8021093e-05,6.9414075e-06,0.00023405188,-2.5096606e-05,0.00024044993,-5.3349978e-06,0.00011918808,-6.9573599e-05,2.2599613e-05,-7.533418e-05,0.00020283421,-4.7095683e-05,0.00037476208,-0.00013201415,-0.0028185987,-0.00057197022,0.00020530342,-2.905016e-05,-7.6008077e-07,4.4791583e-05,-3.1545816e-05,0.00021599814,-0.00042718392,0.00012953781,-1.3943067e-05,9.9011306e-05,6.013663e-06,-7.7709709e-05,9.5967644e-05,-0.00015200488,-5.6450849e-05,-9.015378e-05,4.1524435e-05,-4.748674e-05,5.0671847e-05,-0.00013121228,-1.9540477e-05,-0.0003850251,0.00014241596,0.0033265685,0.00054357497,-0.00012695536,3.1917611e-06,-8.8056119e-06,0.00033884053,0.00013066943,0.00010007139,2.2896463e-05,-0.0001585928,0.0001069102,3.8246394e-05,2.0995562e-05,3.9577734e-06,3.4730897e-05,-9.46287e-05,-8.9446157e-05,-4.2301204e-05,-7.7937794e-05,-6.1638843e-06,1.9490254e-05,2.1793656e-05,-0.0001156252,-1.1771117e-05,-0.00019195645,3.0238134e-05,0.0010532986,0.00015159584,-0.0001332703,-1.7829608e-05,1.718905e-06,0.0026202568,-0.0011620534,-0.00039469601,0.00086133802,-0.00054678587,-0.00046194558,-6.5768411e-06,0.0001661858,-0.00062551422,7.820119e-06,3.3726277e-05,-3.945033e-06,-0.00017307622,5.9836418e-05,0.00036607816,0.00011885808,0.00014111611,5.8458174e-05,0.00013549614,-0.00011356857,0.00038414853,-0.0001015159,0.00073691082,0.00012894318,-0.0017464906,-0.00017090792,-2.3313859e-06,0.00028780782,-4.2364547e-05,1.0161988e-05,-6.3245969e-05,0.00033128543,-0.00021996092,0.00013682739,-0.00015062176,5.0121538e-05,0.0001302339,-4.6283915e-05,2.1710198e-05,-8.414253e-06
5.0882107e-05,0.0011138091,-3.4928841e-05,7.4698424e-05,-9.9313474e-05,2.1650137e-05,7.3967284e-05,-1.1173702e-05,-3.3263109e-05,7.2797082e-06,-4.2766504e-05,-6.7373384e-06,3.7564593e-05,2.075878e-05,7.3119071e-05,0.00036340296,-0.00054557953,-0.00015074142,-0.00070387138,3.493378e-05,-7.4547862e-05,-0.00020998873,0.00014322162,-1.5581291e-05,-0.00012001799,-6.1870502e-05,6.6208251e-06,8.2169245e-05,0.00031214765,-5.3638724e-05,4.4801631e-05,3.2978064e-05,-6.3244869e-05,0.00012511165,-8.2167471e-05,0.00017811546,3.8962641e-06,-9.4878289e-05,5.9143836e-05,-0.00047536489,-0.0016094249,0.00030748769,7.4594225e-05,-3.6477444e-05,-1.8361321e-05,5.1028819e-05,0.000100417,-4.7116717e-05,3.4132912e-05,4.0930389e-05,4.6841995e-05,-2.2514883e-06,-9.8261167e-05,-0.00026457971,-0.00012134069,-7.3299419e-05,-2.5808452e-05,7.1609729e-05,-0.0001427197,2.8830961e-05,-4.57096e-05,5.4871996e-05,2.4900785e-05,-3.9068482e-05,0.00054357497,0.0017491686,-0.0001354133,-4.8124152e-05,1.0106647e-05,0.0010728698,0.00027110797,0.0002288129,-2.6176074e-05,2.2863941e-05,4.6459062e-05,0.00014973898,1.3490551e-05,6.0222413e-06,0.0003352023,-0.0001902599,7.7983421e-05,-5.5563126e-05,-3.9964565e-05,-1.9363184e-05,-8.6609712e-05,3.3877879e-05,-0.00019455951,-4.6980079e-05,-0.00015299006,-2.3520545e-05,-2.736537e-05,0.00041488493,5.3276299e-07,-6.5333374e-05,9.6963713e-06,0.0050069844,-0.0027897925,-0.00052413736,0.0013320208,-0.00097501702,-0.00084895583,9.1528088e-05,-0.000313116,-0.00084563004,-0.00018846959,0.00014441229,-1.1998577e-05,-0.0010504277,0.0004773963,9.3510104e-05,0.00011101755,3.3991022e-05,0.00012347916,0.00044854504,-0.00014612441,0.00088666767,-0.00028224177,0.00078358579,0.00057130811,0.00060862236,-0.0006328957,-0.00051335413,0.00057082162,-8.7502399e-05,6.9365349e-05,-0.00012498715,0.00050881333,-0.00050334215,0.00038270551,-0.00027950319,7.7242508e-05,0.00019894946,-0.00035695254,1.9270076e-05,2.8480439e-05
-0.00039885067,-0.0012982015,0.00066547854,1.8371131e-05,0.00011267094,-0.00018157657,4.387481e-06,3.9867636e-06,-8.9940482e-06,-5.7606447e-05,2.9559455e-05,1.6950442e-05,-8.5928095e-06,-3.4887451e-05,0.0001537283,0.0016089424,-0.0022111869,-0.00082765665,0.0025411071,-6.2780999e-05,0.00017538893,9.9648421e-06,-0.00087902018,-0.00013530473,0.00041941905,8.1618703e-05,1.1087356e-05,-0.00020883775,-0.00026241592,0.0010450094,-0.00031981846,-6.7949793e-05,-0.00016099095,0.00048269774,0.00042082994,-8.5929351e-05,-0.00027361999,0.00027573532,-4.5068714e-05,0.0001061825,0.00039172978,-0.0027196304,5.9713253e-06,2.1601982e-05,-3.9249944e-05,-0.00017451908,8.3048038e-05,0.00084127987,0.00016486293,-0.0003295107,-1.6349434e-05,-1.1592573e-05,0.00018397121,0.0001860019,-0.00079699901,0.0001605247,4.9648927e-05,0.00037532689,-0.00036987261,-0.0002667835,-9.943746e-06,0.00020790385,-0.00021878254,-3.6575928e-05,-0.00012695536,-0.0001354133,0.0030004793,2.606781e-06,-7.7349148e-06,-0.0012198445,-0.00028729181,-0.00018302976,0.00011189299,0.00036180722,1.0001784e-06,-0.00024867829,3.3623802e-05,-9.3112112e-06,-0.00031189873,0.00023445264,-0.00037033207,-3.6173745e-05,3.6222213e-05,0.00011116984,-0.0001500689,-0.00018885621,0.00019676515,9.8821588e-05,0.00011319476,1.3025073e-05,0.00015827415,8.7816685e-05,0.00091582893,4.6834402e-05,-1.3826883e-06,-0.0050225983,0.0027477919,0.00041688576,-0.0021986367,0.0011067939,0.00078124732,-0.00042000806,-0.00034293834,0.00062872008,0.00028680144,-0.00021367673,2.6318662e-05,0.00095458997,-0.00048161843,0.00052307203,-0.00012225081,-1.99945e-05,-0.00030123541,7.7721235e-05,0.00070241998,-0.00068130856,0.00011716634,-0.00068329705,-0.00047053157,-0.00081036532,-0.00034135154,-0.0014471632,-0.00041332154,6.7175616e-05,-2.8593958e-05,0.00011984918,-0.00062230176,0.00056572853,-0.00039916272,0.00030226143,-4.4356991e-05,-0.00021554157,0.00035211673,-1.1299204e-05,-7.8702582e-05
-0.0001561871,1.9248975e-05,0.00013363581,2.3950127e-05,-1.2086679e-05,-7.9897901e-05,-1.3575063e-05,4.8598638e-07,-1.3563221e-05,1.009403e-05,9.5098591e-09,1.926989e-05,-2.9310027e-05,2.0139537e-05,-2.9805753e-06,-1.5702967e-05,-5.7006156e-05,4.5765375e-05,-0.00033691402,1.6682767e-05,-3.8528096e-05,7.2702247e-06,-2.8911071e-05,-4.9193659e-05,1.5306875e-05,2.6666625e-05,-3.7359427e-06,5.5315716e-05,4.6736084e-05,0.00019589066,0.00017221418,9.2353459e-06,-1.7969994e-05,4.995649e-06,3.2489371e-05,-3.5110159e-06,2.6448407e-05,-4.7641162e-05,-5.4245852e-05,-2.9173317e-05,4.7750844e-05,3.6370449e-05,-0.00029172176,-1.69699e-06,6.9535317e-06,1.7991705e-05,5.1285092e-06,1.8643678e-05,4.0030197e-05,-1.5003324e-05,-3.2321684e-06,-2.7419028e-06,-2.9739537e-05,1.9610664e-05,-0.00013371915,-0.00014449414,-4.1531196e-06,1.7843039e-05,7.441293e-06,-5.5268438e-05,-2.9602618e-06,5.8986193e-06,3.8680699e-05,3.9539873e-05,3.1917611e-06,-4.8124152e-05,2.606781e-06,0.00028367296,1.4879705e-06,0.00022491451,7.0432182e-05,3.3826952e-05,-2.8913208e-05,1.6032048e-05,4.5196048e-05,1.6077097e-05,-1.1375822e-05,1.5638655e-06,5.1119177e-05,-6.0363783e-05,-4.8181508e-05,-6.1233155e-05,-6.8629285e-06,-7.0556619e-06,-2.5275036e-05,-9.89489e-06,-4.667892e-05,-1.7503679e-05,-3.4126483e-05,-5.3975113e-06,-7.2975113e-05,-7.5244738e-05,3.7092905e-05,6.2959417e-05,1.8620323e-06,0.0012739997,-0.00061164232,2.0716498e-05,0.00034239059,-0.00025228208,-0.00016584958,7.9323829e-05,-0.0001026375,-0.00024463408,-2.6364987e-05,6.9403994e-05,-3.6843896e-06,-0.00023579866,0.00011602031,0.00019855742,0.00017197283,5.0229945e-06,4.3641085e-05,5.9084995e-05,-7.7096796e-05,0.00021394522,-3.7387773e-05,0.00016543532,7.7942756e-05,0.00028618609,0.00024245086,-0.00016151003,-0.00012440302,-1.5262241e-05,-7.1523507e-06,-4.4099304e-05,0.00018330858,-0.00013062011,9.3646482e-05,-5.5316452e-05,-5.2109944e-07,2.1332638e-05,-0.00010976805,2.3264652e-06,1.4190006e-05
-3.0870274e-05,0.00010715127,2.2257488e-05,1.0797627e-05,-1.3770262e-05,-1.071925e-05,-3.0024851e-06,-1.4338851e-06,3.1016361e-06,4.9193689e-06,-4.3300111e-06,2.4159435e-06,-2.9979901e-06,2.7305784e-06,-4.7187785e-06,1.1624151e-05,-7.6455917e-06,1.5035308e-07,-0.00010171748,3.9125046e-06,-1.477766e-05,-9.9956836e-06,3.1035969e-06,-2.9310642e-06,-3.4911487e-07,-6.6454959e-07,-8.9502284e-07,-7.4813814e-08,2.9902988e-05,-2.5982667e-05,-6.6326153e-06,2.0640918e-06,1.1576632e-05,5.2305983e-05,-1.056591e-05,1.3149636e-05,4.3437115e-05,-1.1621589e-05,9.7377494e-06,6.5179363e-06,-2.7236598e-05,8.5951596e-06,-1.1171087e-06,-2.0053561e-05,3.5100227e-07,1.307195e-05,4.2667396e-06,-9.1403184e-06,-1.475705e-06,3.3225878e-06,-1.2515815e-06,1.2636269e-06,4.4481507e-07,-1.9280821e-05,7.9821729e-06,7.4872561e-06,-3.0918055e-06,-1.4418249e-05,-5.9593632e-05,1.1791322e-05,-2.9831343e-06,-3.4814082e-05,3.9538633e-06,-7.2793336e-06,-8.8056119e-06,1.0106647e-05,-7.7349148e-06,1.4879705e-06,2.0422768e-05,6.9135419e-05,2.7049857e-05,1.5628427e-05,-1.4344068e-06,-1.69776e-06,-4.1248683e-06,-1.9585418e-06,-1.8553097e-07,3.7889534e-07,1.7757667e-05,-1.6667551e-05,8.9996844e-06,5.3169021e-06,-4.6716984e-06,-5.4065933e-06,-2.2734091e-05,4.8814927e-06,-1.3838699e-05,-1.6994248e-05,-7.5817165e-06,-5.4616809e-06,-1.5844686e-05,-5.0360743e-07,9.1448858e-06,1.2491796e-07,8.8270083e-06,0.00036330417,-0.00017218287,-4.6904984e-06,0.0001063134,-8.6578202e-05,-4.9946319e-05,4.280879e-06,-1.48438e-05,-4.6485989e-05,-3.7661156e-07,1.6767382e-05,-1.5281363e-06,-5.4314901e-05,5.2678024e-05,7.3762812e-06,1.3177313e-05,1.0053592e-05,1.7895638e-05,6.9810042e-05,-3.1062822e-05,6.0687715e-05,1.7005832e-05,5.0087035e-05,3.2221456e-05,5.7997797e-05,1.0560819e-05,-4.9408106e-05,2.4885623e-05,-2.1512473e-05,1.8432823e-06,-1.6183242e-05,5.0033401e-05,-4.4133181e-05,3.27918e-05,-2.1062878e-05,1.4958431e-06,6.305682e-06,-3.3639288e-05,3.1747219e-06,9.5661197e-07
-0.0043902066,0.0046604345,0.0042887395,0.0009955432,-0.0010376164,-0.0033071107,-0.00069954366,-5.5625296e-05,-9.6120822e-05,0.00052212685,-0.00012954378,0.00035243971,-0.00024371736,0.00032017883,-0.0009458078,-0.0004313344,3.4081625e-05,0.0052560053,-0.042838493,0.00095691841,-0.0001467107,-0.00054036938,-0.00043108248,-0.00087853776,-0.0018530605,0.00039661893,-0.00010492482,0.00093869755,0.0016610592,0.00018985973,0.00022707888,-0.00022062213,-0.00073631281,0.00059912395,-0.002105512,0.0015031457,0.0020652458,-0.0019685831,-0.00032840711,-0.00063786949,-0.0018489171,0.0018874022,-0.00048448706,-0.00016859694,-6.6334859e-05,-3.1679017e-05,0.00047923483,1.8127709e-05,0.00038513873,0.0012452963,-0.00026319187,6.8805677e-05,-0.00053246531,-0.0013783153,0.00049393957,9.311541e-05,0.00013511329,0.00048755745,-0.00020820414,0.00097520793,-0.00072838331,-0.00077568518,0.0014918147,0.00014330716,0.00033884053,0.0010728698,-0.0012198445,0.00022491451,6.9135419e-05,0.035541309,0.0065644502,0.0050087652,-0.0025652042,0.00093103479,0.0016865809,0.0029269951,-0.00067059843,6.1563679e-05,0.0091663276,-0.0041214663,0.0037099215,0.0016308212,-0.00051140233,-0.001052984,-0.00056479119,0.001108669,-0.0069503912,-0.0030979759,-0.0060796276,-0.0014546946,-0.0082931734,-0.0046659341,0.0024577281,-0.00097303729,0.0001164852,0.1663821,-0.10071094,-0.031084312,0.01928291,-0.021505372,-0.02504639,0.0075506317,-0.014407693,-0.02717118,0.0012388568,0.0076206905,-0.00018488502,-0.033288012,0.011750459,0.0091998354,-0.0044505211,-0.0015465677,0.0047456597,0.010011869,0.0045862167,0.028176698,-0.0086039628,0.030760021,0.016273209,0.036883627,0.020238212,-0.022745395,0.016826424,-0.0020995977,0.00032697162,-0.0023149697,0.011476163,-0.0094767226,0.0078195281,-0.0082918294,0.0033072582,0.013228223,-0.0081122197,-0.002320517,0.00050998034
-0.00086600951,0.0013286848,0.00087723465,0.00026949901,-0.00035142567,-0.00082038547,-0.00026982752,-8.4886545e-06,-8.1015167e-05,0.00021762588,-0.00017317162,0.0002207468,-0.00027454588,0.00023036097,-0.00040128214,-0.00013915328,-1.7013856e-05,0.0010631187,-0.0086633094,0.00067204143,-0.00010736513,-0.00025429336,-0.0001432649,-0.00028748383,-0.00055615905,0.0001334151,-4.4328241e-05,0.00045310246,0.00055894797,-9.0786686e-05,0.00014899564,-5.820349e-05,-0.00015922479,0.0002495386,-0.00049440559,0.0004903999,0.00053060929,-0.00046265958,0.00028047543,-0.00013795876,-0.00039634182,0.0004691556,-0.00017257364,-5.9379789e-05,-0.00023536551,6.4404307e-05,0.00014101772,-5.7041537e-06,9.7838386e-05,0.00021599622,-7.785912e-05,2.2271028e-05,-0.00021774802,-0.00035479327,0.00018623341,-8.4215826e-05,4.1922372e-05,0.00010221493,-9.8421559e-05,0.00022106633,-0.00018779993,-0.00019624499,0.00035428111,-3.3089644e-05,0.00013066943,0.00027110797,-0.00028729181,7.0432182e-05,2.7049857e-05,0.0065644502,0.002965485,0.00092613123,-0.00046712242,0.00013010061,0.00029495533,0.00049362107,-0.00015339207,1.0674619e-05,0.0017665655,-0.00068323239,0.00060993664,0.00029696738,-9.7228253e-05,-0.00019304556,-0.0001035845,9.6360334e-05,-0.0012791569,-0.00044721678,-0.0010351407,-0.00025864084,-0.0014508981,-0.00083282358,0.00040523056,-0.00016391479,1.7728e-05,0.032360179,-0.018328474,-0.004932182,0.0050761083,-0.0074469753,-0.0044792186,0.0014660867,-0.0024452293,-0.0051608335,9.038123e-05,0.0015452701,-5.0541136e-05,-0.0061794306,0.0020776844,0.0019761125,-0.00061720795,-0.00024415916,0.00089629799,0.0018584144,0.00049388099,0.0054354331,-0.0016795415,0.005600456,0.0030619057,0.0066843641,0.0037043742,-0.0042654117,0.0031058471,-0.000392449,0.00038264305,-0.0020182873,0.0024465068,-0.0020368463,0.001669038,-0.0016901313,0.0005065316,0.0023298745,-0.0017017472,-0.00038161534,0.00019182091
-0.00052880579,0.00074316359,0.00086485464,0.0001126703,-0.00015873467,-0.00054583605,-4.4017625e-05,1.8285474e-06,-4.9476937e-05,8.8408402e-05,-2.1485868e-05,8.8524598e-05,6.6838361e-06,-2.5860021e-06,-9.6770259e-05,-5.4665764e-05,-3.5604947e-05,0.00056252448,-0.0056661203,0.00012454881,-0.00038305714,-8.8894289e-06,-0.00013751779,-0.00015000671,-0.00023296801,7.3558811e-05,-1.9015759e-05,0.00010108559,0.0001683864,-8.901331e-05,3.1631703e-05,-2.5604274e-05,-4.0313668e-05,0.00016262517,-0.00032892365,0.00025779856,0.00040559159,-0.00034780673,-6.3683596e-05,-0.00011217571,-0.0003304421,0.00026195143,-8.5473167e-05,-3.305858e-05,-5.3214265e-06,0.00028629753,3.8825371e-06,6.7594404e-05,5.640227e-05,0.00017525955,-5.3300468e-05,1.5267261e-05,-6.2829179e-05,-0.00023015884,5.6990005e-05,-5.0096776e-06,1.9925173e-06,3.6891689e-05,-9.6187563e-05,0.00017023786,-8.9029186e-05,-0.00018089327,0.00028387423,4.160063e-05,0.00010007139,0.0002288129,-0.00018302976,3.3826952e-05,1.5628427e-05,0.0050087652,0.00092613123,0.0016237058,-0.00048478849,0.00020409721,0.00020568343,0.00035859887,-0.0001028591,2.182211e-05,0.00135672,-0.00061459925,0.00055386622,0.00011014872,-8.7795826e-05,-0.00025666828,-0.00016282071,0.00019891543,-0.00098415924,-0.00067393198,-0.00075339943,-0.00020698543,-0.0011399599,-0.00055868379,0.00018251557,-8.744126e-05,2.8103957e-05,0.023379907,-0.014192064,-0.0043435251,0.002846783,-0.0030893484,-0.0049839832,0.0012366467,-0.0022009198,-0.0037612499,0.00027168164,0.0010549658,-4.4500022e-05,-0.0048184169,0.0017278789,0.0012483603,-0.00037272332,-0.00018115805,0.00086308629,0.0015354575,0.00049862875,0.0039531663,-0.0008719312,0.0041108538,0.0022975481,0.005174693,0.0026189617,-0.0028519885,0.0022635636,-0.00031481742,5.7037002e-05,-0.00032210324,0.0016124624,-0.0013463484,0.0010988886,-0.0011750518,0.00045928115,0.0018037045,-0.0011501254,-0.00033029088,5.9667942e-05
0.00043788553,3.8832953e-05,-0.00077483839,-6.3600477e-05,4.8788434e-05,0.00042741412,4.8943342e-05,6.5203544e-06,-5.5603308e-06,-7.4915121e-05,-7.3247861e-06,-2.6677447e-05,2.6505024e-05,-5.8523148e-05,7.2136789e-05,0.00032987183,-0.00023476024,-0.00088888285,0.0040231773,-0.00012423902,0.00013242173,-0.00069806066,0.00014012071,0.00012904091,8.7553299e-05,-0.00010574081,2.1625148e-05,-9.8363135e-05,-8.4601117e-05,-0.00030669154,-1.3763615e-05,2.1181858e-05,2.7791377e-05,-0.00011125603,0.00014853896,-9.596104e-05,-0.00011603494,0.00023054301,9.0184435e-05,5.0947954e-05,5.6040595e-05,-0.00017827836,7.0959387e-05,-4.5865736e-07,5.5450832e-05,-7.2454233e-05,0.00054691098,-5.0940812e-05,-7.5268267e-05,-6.5810943e-05,7.2218884e-05,-8.7203157e-06,4.644329e-06,0.00011018258,0.00013583442,-2.2170002e-05,-2.3219552e-05,-3.7914999e-05,7.6444412e-05,-0.00010416263,1.7711498e-05,3.4558423e-05,-0.00014556289,-3.5418349e-05,2.2896463e-05,-2.6176074e-05,0.00011189299,-2.8913208e-05,-1.4344068e-06,-0.0025652042,-0.00046712242,-0.00048478849,0.0017190567,-4.6716217e-05,-0.00015090945,-0.00011206874,0.00013763686,-1.1565218e-05,-0.00061300219,0.00036352916,2.8707601e-06,-3.6124168e-05,1.2185146e-05,-4.2205048e-06,2.4046569e-05,-0.00012186869,0.00036361461,0.00017129185,0.00035488087,3.5470827e-05,0.00065410472,0.00034482967,9.1118946e-05,8.4734988e-05,-7.5143691e-06,-0.012558016,0.0076120401,0.0022277726,-0.0014778228,0.001590511,0.0021201169,-0.0029242012,0.0011021176,0.0021602016,-0.00018695903,-0.00075691524,3.9740675e-05,0.0023976012,-0.0010306611,-0.0012151575,0.00021890687,0.00017273441,-0.0002618632,-0.00072761494,-0.00021999672,-0.0019363965,0.00071819809,-0.002094733,-0.0011103127,-0.002878304,-0.0015406115,0.0012164712,-0.0012468507,0.00014562697,-7.3663546e-05,0.00017166017,-0.00083543193,0.00065421384,-0.00053913488,0.00060392606,-0.00023184206,-0.00096659195,0.00058066349,0.00018788441,-6.7763416e-05
-0.00039528813,-0.0001973993,4.3862722e-05,2.6761984e-05,-5.3894063e-06,-0.00010630504,-1.7555532e-05,-1.8256086e-05,2.2274519e-05,1.6853922e-05,4.7108433e-06,1.7858382e-06,-2.3243969e-05,-1.9205014e-05,-0.00010062892,0.00088488685,-0.0006479203,-0.0013710548,0.0014181196,-2.6392694e-05,-7.3765597e-05,8.5989189e-05,-0.00090287078,-3.0816196e-05,-5.9988071e-05,-1.0938876e-05,-3.0159947e-06,-0.0002068724,9.1988357e-05,0.00014453251,8.5310242e-05,-5.2402423e-05,2.7846263e-05,0.00018850315,-0.0001299968,-7.8217224e-05,-1.9446808e-05,-0.00016782131,-2.2085683e-05,0.00022014962,7.3015741e-05,-0.00046953029,-5.7901268e-05,4.9566914e-06,3.5686552e-05,7.4871078e-05,-3.1281734e-05,0.0006826421,2.3988951e-05,-1.4236891e-05,-4.0161984e-06,8.3309504e-06,0.00015473789,-5.9101043e-05,-0.00024288912,-5.4944821e-05,3.8272744e-05,-1.7870759e-05,-0.000112919,9.3232085e-05,5.8787091e-05,3.4963627e-06,7.0494125e-05,1.3087464e-05,-0.0001585928,2.2863941e-05,0.00036180722,1.6032048e-05,-1.69776e-06,0.00093103479,0.00013010061,0.00020409721,-4.6716217e-05,0.0016579881,0.00013601947,0.00012332232,3.6066135e-05,1.2905848e-05,0.00038121523,-0.00021440055,-2.6847082e-05,-0.00016918621,9.7079344e-06,-8.3571633e-05,-0.00011211098,0.00012864887,-0.00016409483,-4.9929943e-05,-0.00020186821,-2.9067954e-07,-0.00037083137,-0.00013379699,0.00082165745,-8.8294831e-06,-4.0825063e-06,0.0045502899,-0.0030286263,-0.0014444011,0.00016050915,-0.00047014449,-0.00097130979,0.00020930068,-0.0030590559,-0.00092332008,6.6868584e-05,0.00010808135,-1.5214759e-05,-0.0011888086,0.0006791307,0.00046880554,0.00021847473,-0.00014728702,0.00020007322,0.00059172275,0.00034301366,0.00073104051,-0.00041186175,0.00083523984,0.00042719093,0.0013481714,0.00066669833,-0.0018700229,0.00050270587,-5.1675631e-05,-4.7512243e-05,-1.3271599e-06,0.00023710785,-0.00016657292,0.0001556121,-0.00020745459,0.00013523073,0.00059737697,-0.00030800432,-0.00012067282,-5.2960222e-05
-0.00065012319,-0.00019233186,7.5525986e-05,6.050689e-05,8.3332581e-06,-0.0002015778,-0.00011885031,-4.2368534e-06,9.8972168e-06,1.3806164e-05,8.3929727e-06,-1.6957428e-05,-6.059617e-05,3.6861013e-05,-3.1808424e-05,9.8848383e-05,-1.6393623e-05,7.3476626e-05,-0.0018047719,-9.8393961e-05,1.1160295e-05,1.8617805e-05,-1.911948e-05,-0.0007487449,-0.00037426305,6.2012059e-05,-1.4438706e-06,9.7016236e-05,2.1569763e-05,0.00037779156,-2.6154662e-05,1.5553341e-05,-7.7603864e-05,0.00014338415,-0.00013459658,-4.4736276e-05,0.00012337056,-0.0002151538,-9.9956202e-05,-0.00011472816,-8.5113851e-05,7.4285102e-05,-9.0381054e-05,5.8350548e-06,0.00011621933,1.1088497e-05,-5.1311314e-06,-4.2723382e-06,0.00063458194,0.000318082,-4.0090939e-05,-3.6521013e-06,-0.00012409532,1.6889879e-05,-0.00031526163,0.00012314319,-3.2182225e-05,5.9426367e-05,-0.0001199549,8.924836e-05,2.8696228e-05,-7.556864e-05,0.0001227917,6.7986408e-05,0.0001069102,4.6459062e-05,1.0001784e-06,4.5196048e-05,-4.1248683e-06,0.0016865809,0.00029495533,0.00020568343,-0.00015090945,0.00013601947,0.0016562532,0.00087020465,-0.00014991017,-3.4908238e-06,0.00044374955,-0.00019946264,5.6541916e-05,0.00024115914,-4.5492909e-05,4.8130212e-06,-0.00026214673,1.5975636e-05,-0.00039498357,-0.00023291533,-0.00028115128,-0.00016852381,-0.00038503814,-0.00012796839,0.00029367201,1.9786844e-05,6.3708445e-06,0.0079021888,-0.0048259831,-0.0017654716,0.0010609963,-0.0011048825,-0.0011487926,0.00044698649,-0.00087702282,-0.0036725221,-0.00096624411,0.00056676221,6.3192592e-06,-0.0015821895,0.00072881762,0.00088441801,-0.00030827199,-9.9052658e-05,0.00010584389,0.00091092566,0.00040636812,0.0013426022,-0.00026164887,0.0013745562,0.00087860588,0.0016499479,0.00081890645,-0.0013680767,0.00070744664,-9.4291394e-05,-0.0001183151,-4.6172847e-05,0.00065916102,-0.00045355212,0.00037788511,-0.00039727203,0.0001822648,0.00068007031,-0.00036139921,-0.00010240717,-1.3099478e-05
-0.00013983326,0.00057205349,0.00024318019,4.532861e-05,-7.0221864e-05,-0.00020546019,-1.623548e-05,8.2192131e-06,-1.284196e-05,2.7301244e-05,-1.0910521e-05,7.5609827e-06,1.2737229e-05,-5.0605252e-06,-0.0001280785,-8.1914754e-05,2.5658311e-05,0.00033600713,-0.0030897722,-8.1689885e-05,1.3455221e-05,-0.00011778668,-3.8423958e-05,-0.00038263321,-0.0011037264,9.5714338e-05,-4.200299e-06,4.120664e-05,0.00023987491,0.00024622155,-0.0001660069,1.1841952e-05,-0.00010036727,0.00016171624,-0.000212386,7.5009891e-05,0.0001978341,-0.00041306165,-3.3122301e-06,2.4207912e-05,-0.00029774234,0.00032197176,-1.7668671e-05,-8.3125653e-06,7.6370328e-05,-1.6969166e-05,8.886225e-05,-3.9564085e-05,0.00028662363,0.00087058066,-5.936669e-05,8.3032769e-07,-4.2571876e-05,-0.00011925867,-0.00037764536,0.00015656632,-1.6224927e-05,7.276478e-05,-0.00011857199,0.00014194407,2.1637801e-05,-0.00013276293,0.00034432677,3.1631616e-05,3.8246394e-05,0.00014973898,-0.00024867829,1.6077097e-05,-1.9585418e-06,0.0029269951,0.00049362107,0.00035859887,-0.00011206874,0.00012332232,0.00087020465,0.0023922366,-0.00017566915,-2.9414149e-06,0.00075644948,-0.00040313253,-0.00066546899,0.00037388471,-6.1925078e-05,-3.7426815e-05,-0.00031574423,3.9972009e-05,-0.00058558908,-0.00028202691,-0.00020834641,-0.00029959573,-0.00077404768,-0.00041232437,0.00011905278,-7.9512571e-05,1.0536807e-05,0.013183709,-0.0079699486,-0.0028153823,0.0018390056,-0.0018070274,-0.0019681597,0.00039290136,-0.0013026861,-0.0032801915,-0.0032277892,0.00084182081,-1.1480741e-05,-0.0026331229,0.0011909869,0.0022640808,-0.00058471682,-0.00014199812,0.00028128283,0.0013340645,0.00045402971,0.0021223638,-0.00074637002,0.001911508,0.0016581211,0.0029607166,0.0015582274,-0.0017406375,0.0013618139,-0.00016827654,-9.4333553e-05,-0.00013286915,0.00099628566,-0.00082404716,0.00068503203,-0.00069794356,0.00028494744,0.0011665356,-0.00073614053,-0.00017544802,2.9600929e-05
1.1308323e-05,2.9179823e-06,-0.00021886585,-1.5813609e-05,9.0904553e-07,0.0001079725,-1.6566498e-05,1.8684034e-06,-2.0465552e-06,6.9271963e-07,-2.5142401e-05,-3.0002197e-05,7.6601095e-06,1.5972172e-05,7.2921252e-05,0.00054947202,-0.00037066526,-0.0011469283,0.0024503209,-1.3747533e-05,6.9095697e-06,-5.0625005e-05,-1.0299221e-05,7.6290238e-05,9.3516896e-05,-0.0001958587,2.8170048e-05,-0.00013278336,-0.00010206747,-5.2380183e-05,8.1232575e-05,-1.0037632e-05,-2.5589171e-06,-6.6639776e-05,4.1115386e-05,-2.3843623e-05,-6.4878588e-05,5.0712805e-05,-1.2623997e-05,-8.0780091e-06,-3.3041069e-05,-3.0477974e-05,5.026425e-06,2.9631239e-06,1.9656252e-05,4.0121827e-07,3.2525903e-05,5.4148508e-06,-3.8311713e-05,-6.4636216e-05,0.0001352069,-1.8796655e-05,6.884954e-05,0.00011276056,-4.1651426e-05,-4.8899852e-05,9.4391967e-06,-5.0833542e-06,2.7027108e-05,-7.0443947e-06,3.9522523e-06,3.2456806e-05,-5.1051589e-05,-2.8983497e-05,2.0995562e-05,1.3490551e-05,3.3623802e-05,-1.1375822e-05,-1.8553097e-07,-0.00067059843,-0.00015339207,-0.0001028591,0.00013763686,3.6066135e-05,-0.00014991017,-0.00017566915,0.0004172474,-6.0636644e-05,1.9748784e-05,0.00025783389,-0.00021282161,-0.00016543399,1.5753673e-05,3.9696038e-05,4.6782107e-05,3.8564752e-05,0.00013614396,0.00014377917,-1.1145838e-06,-5.3054524e-06,0.00025775326,0.00013137649,2.9616158e-05,1.6658538e-05,-2.0877816e-06,-0.0032415043,0.0019639358,0.0007787133,-0.00032099504,0.00045568096,0.00049863276,-0.0002856623,0.00020770623,0.00073708681,0.00015190425,-0.00078909262,9.6468834e-05,0.00031389286,-0.00044620915,4.0941205e-05,0.0003161048,4.407585e-05,-0.00012142713,-0.00028344569,-0.00022203948,-0.00050712996,7.039505e-05,-0.00043708384,-0.00028021928,-0.00084020256,-0.00047218979,0.00031399646,-0.00035019528,3.9998746e-05,-2.0713941e-05,7.3349019e-05,-0.00018738148,0.00016085101,-0.00013444768,0.00016585553,-6.8628047e-05,-0.00034908611,0.00015166845,4.9786381e-05,6.1845204e-07
-9.6031876e-06,-1.5050126e-05,-6.7708738e-06,-3.896818e-06,4.6264209e-06,-1.1030265e-05,-8.5016804e-07,8.4739126e-09,2.5844736e-06,-2.7170371e-06,8.6434868e-06,7.040025e-06,6.1513039e-07,-5.3476054e-06,-3.9702183e-06,-3.5235571e-05,1.178763e-05,5.8443351e-05,-0.00013964795,-1.3995165e-05,-3.8204021e-06,9.6396966e-06,-1.9074954e-06,1.0827414e-06,-1.6300482e-06,2.5214201e-05,-9.2391537e-06,1.3626904e-05,-3.0228785e-06,1.9169179e-05,2.5054097e-05,3.7286245e-06,3.1213228e-07,3.7678511e-06,-4.5861778e-06,6.0966161e-07,7.8374858e-06,-3.7832615e-06,1.2368686e-06,-5.5503454e-06,4.7213371e-07,1.0613281e-05,-1.9802646e-07,-8.8934994e-07,1.0516773e-05,2.0723152e-06,-1.8649463e-06,7.2915887e-06,-4.4229184e-06,-4.8953924e-07,-1.7032852e-05,7.351289e-06,2.8206949e-06,-3.7148036e-06,-3.5945979e-06,-2.5186496e-05,-3.086204e-06,6.9092186e-07,-2.5379414e-06,-6.8472147e-07,8.7201536e-07,2.4969263e-07,6.5205567e-06,1.6181088e-06,3.9577734e-06,6.0222413e-06,-9.3112112e-06,1.5638655e-06,3.7889534e-07,6.1563679e-05,1.0674619e-05,2.182211e-05,-1.1565218e-05,1.2905848e-05,-3.4908238e-06,-2.9414149e-06,-6.0636644e-05,2.5048923e-05,1.4822993e-05,-2.0074071e-06,5.9900689e-06,-4.717248e-05,-3.9683906e-06,-5.2801821e-06,-1.0973326e-05,-8.4638412e-06,-1.4226386e-05,-1.5147251e-05,-3.3803799e-07,-3.77483e-06,-1.7444031e-05,-4.3450331e-06,-2.1003278e-05,-9.2334699e-06,1.8336874e-06,0.0001881434,-0.00013402601,-2.317709e-05,3.9098195e-05,-4.4973906e-05,-4.4504961e-05,2.7898587e-05,-3.0159643e-05,-1.7670613e-05,-2.2581655e-06,0.00010412203,-3.8288712e-05,-3.7094184e-05,-9.1202871e-06,8.626385e-06,8.1020842e-05,9.92555e-07,1.170348e-05,3.5072878e-05,1.8484654e-05,4.7225002e-05,6.9161255e-06,1.971196e-05,1.6797132e-05,4.6249941e-05,1.4316297e-05,5.4208241e-06,2.6235234e-05,-4.863091e-06,-8.2699478e-06,-2.441432e-06,1.9697525e-05,-1.4803082e-05,1.4181873e-05,-1.1491295e-05,3.1302502e-06,8.6136143e-06,-1.5478334e-05,-3.9149219e-06,4.0020433e-06
-0.0011603308,0.0013694585,0.0010640803,0.00025758656,-0.00028550129,-0.00084703679,-0.00012955111,-3.0329867e-05,-9.1264128e-06,0.00013029016,-3.9659505e-05,9.2251477e-05,-0.00015938512,5.0430677e-05,-0.00021985636,0.00060479068,-0.0004688376,-2.9123715e-05,-0.0087692141,0.00046679624,-3.5220104e-05,-0.00015189407,-0.00035573072,-0.00016933487,-0.00051123693,2.6668633e-06,-1.6149044e-05,-0.00071411577,0.0002747946,-1.1565619e-05,0.00028404653,-0.00010067312,-0.00015941006,0.00024943028,-0.00060033437,0.00038028952,0.00044330122,-0.00068143813,-7.0092642e-05,-9.4221667e-06,-0.0005607501,0.00039974028,-0.00014116741,-4.9207793e-05,-0.00013988401,1.3714397e-05,8.6715203e-05,0.00017726109,-2.2972027e-05,0.00031880288,-1.7087633e-05,2.1706005e-05,0.00065743865,-0.00019950263,0.00020128172,-9.2525857e-05,5.5627523e-05,9.3747865e-05,-0.00011376738,0.00022864194,-0.00011909077,-0.00013003753,0.00052139795,9.1147381e-05,3.4730897e-05,0.0003352023,-0.00031189873,5.1119177e-05,1.7757667e-05,0.0091663276,0.0017665655,0.00135672,-0.00061300219,0.00038121523,0.00044374955,0.00075644948,1.9748784e-05,1.4822993e-05,0.0044354744,-0.00050921055,0.001151459,0.00022145282,-0.00011950839,-0.00033010103,-9.5660802e-05,0.00043914667,-0.0016351641,-0.00059553979,-0.001498553,-0.00026782143,-0.0020776901,-0.0010970417,0.00053193147,-0.00026077831,3.1658547e-05,0.042976407,-0.025729871,-0.0076658722,0.0051916696,-0.0056127224,-0.0065203743,0.0018753974,-0.0038815922,-0.0070096946,0.00021624836,0.0016324466,-4.3031441e-05,-0.011774421,0.0021628558,0.0022874977,-0.00074842748,-0.00041975221,0.0013340841,0.0025344392,0.0007357109,0.0070496913,-0.0025189011,0.0076476458,0.0039748449,0.0094620153,0.0049952109,-0.0056186948,0.00422937,-0.00054760678,0.00020912376,-0.00073442131,0.0028889654,-0.0024052896,0.0019984884,-0.002160861,0.00082460153,0.0032238359,-0.0021938418,-0.00063177791,0.00020940848
0.00054680988,-0.0009408431,-0.00059989775,-0.00018276978,0.00017436377,0.00040096943,0.00012699709,7.6700657e-06,1.187805e-05,-0.00011680564,1.6247842e-05,-4.3701419e-05,2.7159352e-05,1.6747113e-05,0.00020720567,0.00028739849,-0.00032741426,-0.0017768451,0.0066775231,-5.7564338e-05,-4.4667601e-05,7.0945123e-05,0.00017450458,6.4214827e-05,0.00026556241,-0.00012479948,8.8885282e-06,-0.00024770923,-0.0017825304,0.00012867419,-5.8596771e-05,7.1265994e-05,0.00014496964,-0.00016077648,0.00029602254,-0.00016320615,-0.00020172739,0.0002874149,-1.5764648e-05,0.00011473547,0.00028002554,-0.00026038023,0.00010429374,3.3491541e-05,-2.1882961e-05,-2.4510941e-05,-3.0093629e-05,-5.9082889e-05,4.4460459e-05,-0.00011504971,0.00011147973,-1.0331649e-05,0.00021408666,0.0016424772,-0.00012665189,8.9253e-05,-5.0194317e-05,-0.00010935469,8.3122787e-05,-0.00023760985,2.0198407e-05,0.00016784813,-0.00017494112,4.682698e-05,-9.46287e-05,-0.0001902599,0.00023445264,-6.0363783e-05,-1.6667551e-05,-0.0041214663,-0.00068323239,-0.00061459925,0.00036352916,-0.00021440055,-0.00019946264,-0.00040313253,0.00025783389,-2.0074071e-06,-0.00050921055,0.0045465172,-0.00031723408,-0.00015786187,8.9568468e-05,8.1337691e-05,0.00028318889,-6.1140945e-05,0.00083630455,0.00042845763,0.00077881741,0.00026642346,0.00090746328,0.0005358639,-0.00030385405,0.0001369485,-2.5597622e-05,-0.02027386,0.012194954,0.0038321713,-0.0021172498,0.0024572621,0.0030078023,-0.00099746255,0.0020772504,0.0034640231,7.403881e-05,-0.0011468162,-3.7931045e-06,0.0032096154,-0.0072422565,-0.001143453,0.00050341133,0.00014172675,-0.00048082717,-0.0017283466,-0.0005112688,-0.0033607003,0.0010381339,-0.0038957773,-0.002151185,-0.0042212264,-0.0023630286,0.0028561872,-0.0020555648,0.00027623721,2.2557533e-05,0.00022269754,-0.001425361,0.0011804652,-0.00096595191,0.00095914451,-0.0003561346,-0.0017671205,0.0010358116,0.0002283372,-1.4581068e-05
0.00023373564,0.002120808,0.00046274324,0.00016732785,-0.00017978526,7.8042727e-05,4.6713729e-05,-2.0340546e-05,-1.1540687e-05,5.6757969e-05,-1.376224e-05,1.807272e-05,6.1675212e-05,4.4160455e-05,-1.9434183e-05,-9.3405247e-05,0.0001325012,0.0012536955,-0.0055837708,0.0001284696,-8.7503052e-05,-0.00032128393,-2.5616297e-06,0.00016397256,0.0002507395,-1.0952394e-05,2.175049e-05,4.1994218e-05,0.00044344607,-0.01080052,0.0003566755,-0.00020038842,-5.4606848e-05,-0.0001045666,-0.00026986365,0.00026098481,0.00035060177,-0.00023739378,1.2843204e-05,0.00010643057,-0.0001236133,0.00045147181,0.00012092596,-2.7224576e-05,6.8844258e-05,-1.8014988e-05,0.00025826498,-0.0001595801,-0.0002178108,-0.00021778138,-7.0854096e-05,-1.3790405e-07,9.1132775e-05,-0.00026778188,0.02152642,4.8011409e-05,8.3947387e-05,-4.1981161e-06,0.00011504284,0.00029959134,9.7132755e-05,-0.00014201016,0.00017749182,-5.9932172e-05,-8.9446157e-05,7.7983421e-05,-0.00037033207,-4.8181508e-05,8.9996844e-06,0.0037099215,0.00060993664,0.00055386622,2.8707601e-06,-2.6847082e-05,5.6541916e-05,-0.00066546899,-0.00021282161,5.9900689e-06,0.001151459,-0.00031723408,0.041538437,0.00014947141,6.1321331e-05,-0.00028812925,-0.00017408767,0.00024474854,-0.00049215814,-0.00053878792,-0.00072473829,-0.00013464647,-0.00094924427,-0.0009366774,-0.00011971561,-0.000239267,1.7093588e-05,0.016812274,-0.010960156,-0.0040245374,0.0016984803,-0.0020359675,-0.0027648783,0.00021267611,-0.0013263322,-0.0024538399,0.0019023908,0.0010146285,-1.276107e-05,-0.0037446856,0.0012680204,-0.064006093,-0.00071118009,-0.00040853814,0.00083436411,0.0012861285,0.00068384876,0.0023319652,-0.00058193526,0.0033348133,0.0018493577,0.004188587,0.0028934087,-0.0016445272,0.0020325431,-0.00024314442,6.6278638e-05,-6.224323e-05,0.00081318199,-0.00096407608,0.00076020323,-0.0008553478,0.00041528268,0.0017135073,-0.00082948698,-0.00029691367,-0.00010915096
4.7794914e-05,0.00033120885,0.00085114458,7.98818e-05,-5.5577013e-05,-0.00031282633,5.626872e-06,-3.066598e-05,-7.0766766e-06,1.9436979e-05,-5.9115532e-05,3.3188319e-05,-2.46852e-06,-1.5010401e-05,-7.8635846e-06,-0.00051095643,0.00016204952,0.00054857598,-0.0030197393,1.1587637e-05,-1.6721174e-05,-6.8183511e-05,8.740371e-05,-0.00012517693,-0.00016317102,0.00013246923,1.715912e-05,0.00020965402,5.8162669e-05,-0.0001646455,-0.0012583989,2.5381684e-05,1.7144256e-05,9.039721e-05,-7.5678762e-05,0.00013113726,-8.3620925e-05,-0.00011358231,-4.6789837e-05,3.1658397e-05,9.4947034e-05,5.4541523e-05,0.00011881779,-1.3729494e-05,-7.8996443e-06,-2.018383e-05,4.5457851e-05,-7.9971466e-05,0.00013324243,0.0001746627,-8.6321867e-05,-1.7045418e-05,-0.00015045137,-3.442804e-05,2.3224281e-05,0.00087770034,7.0445714e-06,-7.7594691e-06,9.9775447e-06,3.4513968e-05,-7.2672698e-05,9.9926404e-05,9.3525963e-05,7.8038075e-05,-4.2301204e-05,-5.5563126e-05,-3.6173745e-05,-6.1233155e-05,5.3169021e-06,0.0016308212,0.00029696738,0.00011014872,-3.6124168e-05,-0.00016918621,0.00024115914,0.00037388471,-0.00016543399,-4.717248e-05,0.00022145282,-0.00015786187,0.00014947141,0.0032878655,-7.9766743e-05,-0.00010923296,-4.9151323e-05,1.9426644e-05,-0.00034708899,0.00026025805,-0.00025066311,1.7276523e-05,-0.00046508025,-0.00043010635,0.0002430758,-0.00016084093,8.2139287e-06,0.0090953141,-0.0050374946,-0.0017655065,0.00061111789,-0.00096739946,-0.0010905503,0.00023648771,-0.00038738236,-0.0015978103,-8.6291672e-05,0.00062872706,7.0997073e-05,-0.0013593982,0.00061544307,0.00060685771,-0.0054706511,-1.5438339e-05,0.00034910956,0.00059976163,0.00027324192,0.0014611694,-0.0011849113,0.00166603,0.00078173131,0.0019947865,0.0013906017,-0.0013338363,0.0010944541,-0.00011882969,-2.3984316e-06,-0.00014766705,0.00052038179,-0.00043892769,0.00036846665,-0.00043092471,0.00019189427,0.00072817687,-0.00026929117,-0.00011962174,-9.4726799e-07
6.4356344e-05,-3.3597593e-05,3.3386392e-06,-3.7762917e-06,2.2222476e-05,8.8048804e-05,3.5520289e-05,1.2450315e-06,1.1842535e-05,-2.433358e-05,3.1951643e-05,-1.7008227e-05,2.0414837e-06,3.3408473e-06,2.4688587e-05,0.00028259557,-0.0001725118,-0.00062407311,0.0016101625,-8.7349242e-06,1.2550013e-05,1.5304016e-05,-5.4431218e-05,3.8653901e-05,5.513918e-05,-2.1169846e-05,6.5265621e-06,-7.7041789e-05,9.4279225e-06,-7.8343769e-05,4.301178e-05,-0.00012209777,3.3356104e-05,-3.3773593e-06,6.529342e-05,-4.414365e-05,-3.7173803e-05,3.4163092e-05,2.1476657e-05,8.3730209e-05,8.1455124e-05,-7.9655987e-05,-4.4203648e-07,6.3941174e-06,-7.7876271e-06,-1.7920653e-05,-2.2302219e-05,3.7941343e-05,-4.1788295e-05,-4.7660336e-05,1.7753423e-05,-5.2004285e-06,3.8400578e-05,-1.3512947e-05,0.00012154734,5.0513607e-06,8.5198264e-05,-2.725549e-05,-8.9989486e-06,-4.2900433e-05,3.9714942e-05,2.2868076e-05,-1.3259826e-05,-5.2234802e-06,-7.7937794e-05,-3.9964565e-05,3.6222213e-05,-6.8629285e-06,-4.6716984e-06,-0.00051140233,-9.7228253e-05,-8.7795826e-05,1.2185146e-05,9.7079344e-06,-4.5492909e-05,-6.1925078e-05,1.5753673e-05,-3.9683906e-06,-0.00011950839,8.9568468e-05,6.1321331e-05,-7.9766743e-05,0.00028329184,-1.8892902e-05,2.5635683e-05,-6.4221355e-06,8.2348446e-05,5.3753514e-05,8.867213e-05,8.7264649e-06,6.58396e-05,5.093965e-05,-3.5987438e-05,2.050427e-05,-7.6951122e-06,-0.0023217314,0.0012070291,0.00011745363,-0.00047828925,0.00035897628,0.00030482604,-4.9216918e-05,8.2610618e-05,0.00034891952,6.3308627e-05,-0.00010492321,9.0509052e-06,0.00036763853,-0.00016922877,-0.00027542363,9.6764654e-05,-0.00043568716,-2.3588201e-05,-0.00014694549,7.9343907e-05,-0.00041185043,-2.3887724e-07,-0.00042286679,-0.00020456529,-0.000341773,-0.00021262369,0.00030279371,-0.00022373732,3.562939e-05,4.1171626e-06,4.6421865e-05,-0.00022214801,0.00016088847,-0.00013107856,0.00012086458,-1.7980523e-05,-8.358928e-05,8.9572538e-05,2.2928287e-05,-3.1196068e-05
-2.0671356e-06,-8.3637807e-05,-0.00018125559,-7.2999397e-06,2.8821952e-05,8.4089985e-05,1.3500656e-05,1.0135722e-05,-1.2176739e-05,-1.5872081e-05,-3.3099795e-06,-1.5489126e-05,-6.9780036e-06,2.273972e-05,2.1196867e-05,0.0001374022,-1.4385141e-05,-0.00039404316,0.0015909659,-4.5991697e-05,5.8473848e-05,2.0807957e-05,3.7995339e-05,-1.0542215e-05,1.5105949e-05,-2.8937397e-05,3.6120854e-06,-5.9867635e-06,2.4056979e-05,5.9841484e-05,6.2390498e-05,2.4774761e-05,-9.4593126e-05,-7.9692475e-05,4.5801367e-05,-9.319805e-06,-1.5352243e-05,1.706875e-05,-2.7532075e-05,-3.098086e-05,2.3102796e-05,-0.00013827029,1.0030081e-05,1.1243353e-05,3.0664601e-05,-4.8485362e-05,-2.2016579e-05,-2.0510289e-05,1.9980452e-05,-4.4589523e-06,1.3554654e-05,-3.6766395e-06,-1.1351762e-05,-1.3544425e-05,-0.00010375353,-1.6047316e-05,-2.2418182e-05,6.6696521e-05,3.867686e-05,-2.5862929e-05,-1.7441565e-05,-7.6908429e-06,-4.5021482e-05,-1.1183085e-05,-6.1638843e-06,-1.9363184e-05,0.00011116984,-7.0556619e-06,-5.4065933e-06,-0.001052984,-0.00019304556,-0.00025666828,-4.2205048e-06,-8.3571633e-05,4.8130212e-06,-3.7426815e-05,3.9696038e-05,-5.2801821e-06,-0.00033010103,8.1337691e-05,-0.00028812925,-0.00010923296,-1.8892902e-05,0.00026385171,9.6961623e-05,-1.5255018e-05,0.00017082577,7.5704945e-05,0.00021849434,7.2999265e-05,0.00025943991,0.0001582612,0.00021561344,3.9603799e-05,-1.7083834e-05,-0.005140513,0.0031389411,0.0011566156,-0.00031980515,0.00054552812,0.00098655402,-8.1190164e-05,0.00055226028,0.00074612923,-0.00017646934,-0.00025635172,7.2648426e-06,0.0011455547,-0.0002728438,2.331654e-05,0.0002862152,0.00010823985,-0.00049944955,-0.00042357592,-0.00026309231,-0.00077093464,0.00035518504,-0.0010060399,-0.00055512219,-0.0012356775,-0.00067745322,0.00026342482,-0.00054397888,8.5953468e-05,-4.2065848e-05,6.0850131e-05,-0.00025806303,0.00022615359,-0.00018927356,0.00025284021,-0.00012134747,-0.00047535667,0.00021076906,8.7376131e-05,-7.1074444e-06
6.3765003e-05,4.8221458e-05,-0.00045182878,-4.1051807e-05,3.8801514e-06,0.00013576118,3.0056593e-05,1.5451881e-05,-2.2141576e-05,3.5946368e-06,-2.0239482e-05,1.9782528e-05,-1.4342175e-05,6.9727109e-05,-5.6262082e-05,0.00013764807,-0.00010232138,-0.0006747265,0.0015638421,0.00010261126,5.5169836e-05,-2.3200488e-05,0.00016609316,0.00014289285,0.00011967094,-6.3800383e-05,4.1038556e-06,7.7239623e-05,-0.00012544384,-0.00010950848,9.7233936e-05,2.4380474e-05,-4.8419928e-05,-0.00068289521,-5.6912959e-05,5.9988609e-05,-0.00010382908,0.00010638969,0.00010418558,-1.9934255e-05,0.00010079602,0.00020574599,4.4607243e-05,2.5357668e-05,-7.0719076e-05,-5.6431874e-05,3.3411059e-05,-9.9888819e-05,-0.00011723212,-0.00012112354,2.4934451e-05,-2.9073599e-06,-5.0067803e-05,9.2686697e-05,0.00013783218,1.5752629e-05,-1.9384893e-05,2.8905475e-05,0.00056007168,3.2895408e-05,-3.800067e-05,0.00012700693,-4.5558317e-05,-4.1036344e-05,1.9490254e-05,-8.6609712e-05,-0.0001500689,-2.5275036e-05,-2.2734091e-05,-0.00056479119,-0.0001035845,-0.00016282071,2.4046569e-05,-0.00011211098,-0.00026214673,-0.00031574423,4.6782107e-05,-1.0973326e-05,-9.5660802e-05,0.00028318889,-0.00017408767,-4.9151323e-05,2.5635683e-05,9.6961623e-05,0.0014516333,3.874748e-05,0.0001232113,0.00035220785,0.00016518494,5.1275347e-05,0.00012747589,-0.00020136215,-0.00025236494,-1.1301277e-05,-6.0292446e-05,-0.0040540235,0.0022362439,0.00094061149,-6.1084853e-05,0.00044008343,0.00065665632,-0.00011511079,0.00062101938,0.0010841529,0.00039441125,-0.00026269051,2.4855218e-05,0.00073302106,-0.00075254049,-0.00021565762,0.00015814544,2.8060316e-05,-0.00017754048,-0.0025527562,-0.00024647185,-0.00050517617,-0.00017263128,-0.00077157516,-0.00035158607,-0.00083722506,6.433666e-05,0.0010800633,-0.00040662914,0.00013822585,8.2869881e-05,-2.1190795e-05,-0.00022872161,0.00017746504,-0.0001452258,0.00016182076,-9.5042299e-05,-0.00041828048,0.00017639749,4.70766e-05,2.2656641e-05
-8.8051287e-05,0.0002097297,1.4273546e-05,1.3378279e-06,3.0499418e-06,-0.00012370988,2.8478885e-05,1.9945801e-05,-1.6629252e-05,-6.8262951e-07,5.0302079e-05,2.5009704e-05,9.7207971e-07,1.7410053e-05,2.002855e-05,0.0003548851,-0.00034316628,-0.00098740068,0.00028757711,1.9239505e-05,-2.6780766e-05,-3.7118842e-05,-7.8942699e-05,-7.5991075e-05,-9.6407112e-05,1.9939018e-05,-7.7912153e-06,-2.8621638e-05,0.00016234167,-7.8304765e-06,4.6670106e-05,4.2276596e-06,-2.4227605e-05,-1.146203e-05,-0.00078849439,-0.00032961945,0.00014720039,-0.00019479667,-8.9321737e-05,-1.9164662e-05,-0.00012631964,0.00019702918,5.58436e-05,-6.1836961e-06,6.1027431e-05,2.0599046e-05,2.9157022e-06,6.8440904e-05,6.2528864e-05,0.00013123092,6.0845449e-06,9.4189796e-07,-2.482618e-05,-0.00019242031,0.00024487791,1.4284482e-05,-2.6152301e-05,1.5682642e-05,3.0608522e-05,0.000606154,0.00031953443,-2.3323391e-05,0.00017004415,4.0947732e-05,2.1793656e-05,3.3877879e-05,-0.00018885621,-9.89489e-06,4.8814927e-06,0.001108669,9.6360334e-05,0.00019891543,-0.00012186869,0.00012864887,1.5975636e-05,3.9972009e-05,3.8564752e-05,-8.4638412e-06,0.00043914667,-6.1140945e-05,0.00024474854,1.9426644e-05,-6.4221355e-06,-1.5255018e-05,3.874748e-05,0.0019575796,0.0006619039,-2.3406962e-05,-8.5100172e-05,-6.3482895e-05,-0.00015021678,-9.4582598e-05,-4.3566459e-05,-0.00015948592,1.7553063e-06,0.0052184194,-0.0031059739,-0.0007947554,0.00096737485,-0.00060805061,-0.00088734334,0.00032055623,-0.00061518979,-0.00082247531,-8.9724439e-05,0.00019432643,1.1813303e-05,-0.0013067623,0.00049285719,0.00019761692,-8.4889185e-05,-5.9315369e-05,0.00014107408,0.00032845954,-0.0029651655,-0.00055430615,-0.00013643368,0.00071579535,0.00054323754,0.000968218,0.00047193718,-0.00053971814,0.00066100357,-7.383729e-05,-3.5176598e-05,-5.515372e-06,0.00052506927,-0.00040936729,0.00031975388,-0.0002549218,9.2267984e-05,0.00035208163,-0.00031699405,-4.1184308e-05,4.0918038e-05
0.00086301062,-0.00089796643,-0.0011661583,-0.00021446156,0.00021213105,0.0007712812,0.00017442695,7.448129e-06,3.4349482e-05,-9.7771452e-05,3.2164507e-05,-6.4403732e-05,2.3059838e-05,-7.2504744e-05,0.00019909965,0.00044977691,-0.00040194412,-0.0018201656,0.0096382306,-9.5366835e-05,3.4177915e-05,0.0001095063,-2.2978342e-06,0.00012219303,0.00029178582,-7.6384637e-05,1.9997115e-05,-0.00017297685,-0.00024543735,-0.00017652943,3.5011299e-05,3.1140033e-05,0.00017639356,-2.9991679e-05,1.4065939e-05,-0.0010399612,-0.00030171383,0.000374824,0.00014176476,0.0002226174,0.00033618735,-0.00036876719,0.00011311341,3.5986534e-05,-4.0905802e-05,1.3275041e-05,-0.0001215381,8.0313623e-05,-1.0915132e-05,-0.00012966243,4.4814797e-05,-1.0718018e-05,0.00018919812,0.00017103572,7.8898598e-05,-4.137722e-05,-1.906339e-05,-0.00012002963,-4.8290505e-06,0.00013949168,0.00075417499,0.00013600867,-0.00022970685,-8.1933406e-05,-0.0001156252,-0.00019455951,0.00019676515,-4.667892e-05,-1.3838699e-05,-0.0069503912,-0.0012791569,-0.00098415924,0.00036361461,-0.00016409483,-0.00039498357,-0.00058558908,0.00013614396,-1.4226386e-05,-0.0016351641,0.00083630455,-0.00049215814,-0.00034708899,8.2348446e-05,0.00017082577,0.0001232113,0.0006619039,0.0027644878,0.00064561574,0.0012294346,0.00031800466,0.0015669711,0.00094270801,-0.00060843955,0.00017643709,-2.0370583e-05,-0.032646584,0.019664888,0.0060425616,-0.0041394039,0.0043561913,0.0048680415,-0.0012775439,0.0027870386,0.0054229129,-0.00029958027,-0.0014881772,4.8674193e-05,0.0062397635,-0.0021710482,-0.0023492775,0.00094070476,0.00029448135,-0.0008552104,-0.0018596424,-0.0023455887,-0.0077786053,0.0017294598,-0.006135139,-0.003128581,-0.007155266,-0.0041083936,0.0046976325,-0.0032731569,0.00039877714,-3.9556207e-07,0.00039818547,-0.0023613408,0.0019317588,-0.0015898392,0.001622337,-0.00062949,-0.002598768,0.0015723111,0.00042690626,-8.1494501e-05
0.0005281347,-0.00064063021,-0.0003371209,-0.0001037253,9.1093955e-05,0.00026559398,1.405288e-05,9.5682209e-06,3.2789469e-05,-2.9432363e-05,-7.8626726e-06,-4.8688381e-05,-4.8658578e-05,8.7062913e-07,0.00010448509,0.00086990075,-0.00073652396,-0.0027020038,0.0074686438,4.1737314e-05,0.00011272309,9.0470678e-05,-2.6902056e-05,6.0886089e-05,0.0001865254,-5.8020927e-05,1.1450909e-05,-0.00012386216,-0.00013529169,9.2649457e-05,-0.00022369858,2.4694248e-05,9.9265932e-05,-0.00010803775,0.0002343566,-5.1813893e-05,-0.001204906,0.00021420598,5.0394374e-06,5.357072e-05,6.9648476e-05,-0.00020752948,2.4193119e-05,3.1523437e-05,-9.6356464e-05,-6.4089295e-05,-5.3057053e-05,8.8478612e-06,-6.2764246e-05,-0.00017642891,3.7701704e-05,-4.101437e-06,9.5185615e-05,0.00019965486,-8.3724742e-05,0.0001434907,-6.74928e-06,-7.3923762e-05,0.00011256546,-5.7151644e-05,4.3439089e-05,0.00089078256,-0.00017370348,2.3743586e-05,-1.1771117e-05,-4.6980079e-05,9.8821588e-05,-1.7503679e-05,-1.6994248e-05,-0.0030979759,-0.00044721678,-0.00067393198,0.00017129185,-4.9929943e-05,-0.00023291533,-0.00028202691,0.00014377917,-1.5147251e-05,-0.00059553979,0.00042845763,-0.00053878792,0.00026025805,5.3753514e-05,7.5704945e-05,0.00035220785,-2.3406962e-05,0.00064561574,0.0026470139,0.00053081649,0.00021108772,0.00079031461,0.00041355214,-0.00025136487,8.2148211e-05,-3.4686352e-05,-0.014196122,0.0085596609,0.0021424456,-0.0018231174,0.0017623743,0.0023858194,-0.00054631628,0.0010934224,0.0024839991,3.41117e-05,-0.00080011227,3.2908959e-05,0.0025090713,-0.0010656242,-0.00025104953,-0.00031343821,5.2966279e-05,-0.00038780608,-0.0012887323,-7.2571135e-05,-0.0024483474,-0.0032305461,-0.002646632,-0.0015289994,-0.0032214206,-0.0017280321,0.0020544409,-0.0013880973,0.00021243649,0.00010380192,7.8184347e-05,-0.0010617444,0.00090408554,-0.00074619674,0.00069614889,-0.00022631883,-0.00096587572,0.00087098167,0.0001415865,-9.1731977e-05
0.0006395895,-0.00039307394,-0.00055302896,-0.00013171328,0.0001276324,0.0004906619,0.00013660828,4.7815762e-06,-8.2949154e-05,-9.4647166e-05,8.1507132e-06,-5.1931242e-05,3.3933819e-05,-1.3658652e-05,0.00015221466,0.00038197488,-0.00026254847,-0.0010973032,0.0077526355,-0.00012335521,-4.4756421e-05,0.00018233202,-4.7209041e-05,5.7272752e-05,7.0935727e-05,-2.8877663e-05,1.390495e-05,-0.00032229606,-0.00017942898,-0.00024453305,-8.0536129e-05,2.2140937e-05,0.00011505939,-2.3964656e-05,0.00021688023,-0.00026868523,-0.00030643529,-0.00054746282,-0.00012755976,0.00026562359,0.00022718381,-0.00028486247,9.819238e-05,2.1307e-05,-1.2767469e-05,4.8530541e-05,-0.0001333818,4.009236e-05,-8.9521455e-06,1.220663e-05,1.3927319e-05,-8.1201434e-06,0.00021396285,0.00019688535,-9.9226097e-05,1.0477925e-05,-9.5547542e-06,-8.2168869e-05,3.0048293e-05,-5.7481814e-05,0.00019064115,8.2890314e-05,0.00042774703,0.00016726657,-0.00019195645,-0.00015299006,0.00011319476,-3.4126483e-05,-7.5817165e-06,-0.0060796276,-0.0010351407,-0.00075339943,0.00035488087,-0.00020186821,-0.00028115128,-0.00020834641,-1.1145838e-06,-3.3803799e-07,-0.001498553,0.00077881741,-0.00072473829,-0.00025066311,8.867213e-05,0.00021849434,0.00016518494,-8.5100172e-05,0.0012294346,0.00053081649,0.0027348513,0.00072004708,0.001167951,0.00076272861,-0.00059487375,0.00020194166,-3.6331701e-05,-0.028864215,0.017686983,0.0058831959,-0.0027366367,0.0034358771,0.0042476803,-0.0010305232,0.0025158451,0.0046542005,-0.00086055065,-0.0011204553,6.2163424e-06,0.0055766318,-0.0021904701,-0.0016084439,0.00084748634,0.0002585228,-0.00084943573,-0.0018119463,-0.0012560128,-0.0049368216,0.0015735365,-0.0079385851,-0.0035740514,-0.0060249048,-0.0035188084,0.0042687121,-0.0030225001,0.00039386911,-1.864881e-05,0.00032115866,-0.0018507909,0.0015361487,-0.0012637803,0.001410373,-0.00059769178,-0.0025152228,0.001257118,0.00040317024,2.5075433e-06
2.6352433e-05,-0.00013776254,-0.00012378505,-3.6746742e-05,1.1713532e-05,8.6717889e-05,2.4681968e-05,-3.3117558e-05,-2.2666557e-05,-1.4785754e-05,-3.9389869e-05,1.4613212e-05,6.4362253e-06,6.2110597e-05,-3.4774527e-05,0.00022942881,-8.3970551e-05,-0.00048492608,0.0022536404,0.00012928239,-2.8807823e-06,5.0074017e-05,3.9335032e-05,4.8133388e-05,0.00011574292,-2.3461602e-05,4.7748589e-06,-5.2328736e-05,-8.9721646e-05,-2.8219368e-05,2.132589e-05,2.422787e-05,5.3385204e-06,-1.0076544e-05,-2.6811551e-05,-3.6213824e-05,-0.00013786025,-0.00010205829,-0.00061864844,-4.5478508e-05,8.8654212e-05,-9.2887803e-05,4.1898682e-05,9.9314064e-06,-0.00010801777,4.0646309e-06,-5.2315864e-05,3.7403015e-05,1.0135232e-05,-5.8508601e-05,-2.2907645e-05,-3.1999082e-06,6.1239071e-05,8.4829583e-05,-0.00014650049,6.52642e-05,-4.7114134e-06,-2.2197046e-05,8.076929e-06,2.5929199e-05,5.7240715e-06,7.3387351e-05,8.7221125e-05,0.00052244451,3.0238134e-05,-2.3520545e-05,1.3025073e-05,-5.3975113e-06,-5.4616809e-06,-0.0014546946,-0.00025864084,-0.00020698543,3.5470827e-05,-2.9067954e-07,-0.00016852381,-0.00029959573,-5.3054524e-06,-3.77483e-06,-0.00026782143,0.00026642346,-0.00013464647,1.7276523e-05,8.7264649e-06,7.2999265e-05,5.1275347e-05,-6.3482895e-05,0.00031800466,0.00021108772,0.00072004708,0.001975795,0.00042938459,0.00017744605,-0.00020992006,1.9636537e-05,-1.9251764e-05,-0.0070907399,0.0043853658,0.0015387119,-0.00054453112,0.00091116189,0.0011166593,-0.00018284425,0.0006138013,0.0012821899,0.0002105023,-0.00027687998,-1.6947356e-06,0.0012685991,-0.00067134331,-0.00050133049,0.00015955411,8.6558477e-05,-0.00023421115,-0.00044731727,-0.00030010725,-0.0011998328,0.00025528896,-0.0020234531,-0.0036689909,-0.001708956,-0.00087673727,0.0011918856,-0.00072138283,0.00011354663,9.0113802e-05,-2.8125529e-05,-0.00047799894,0.00040988619,-0.00034954809,0.00033977581,-0.00012079567,-0.00071334838,0.00039399085,8.18464e-05,-6.626066e-06
0.0011398804,-0.00088119774,-0.0010082781,-0.0002353806,0.00021920152,0.00075073087,0.00015437343,3.1366972e-05,2.0960273e-05,-0.00014267896,2.9924104e-08,-2.3106151e-06,3.1137375e-05,-8.5398478e-05,0.00023881151,2.7787629e-05,-7.1881314e-05,-0.0017567168,0.010646332,-0.00027564144,8.1611998e-05,5.4262288e-05,0.00037213119,0.00016851429,0.00045999999,-0.00011602382,2.4218049e-05,-0.00011959148,-0.00030685956,-0.00012389921,-3.4945393e-05,0.00011630956,0.00012698502,-0.00018528848,0.00045609609,-0.00024096043,-0.00048665054,0.00056211135,2.8228368e-05,-0.0009386596,0.00015316153,-0.0003003709,0.00017951797,3.8025909e-05,7.3613846e-05,-3.8405827e-06,-4.5570531e-05,-0.00016792939,-2.6365188e-05,-0.00029252792,0.00010034995,-1.5940635e-05,9.2290299e-05,0.00026093515,-0.00021218314,-6.3880079e-05,-0.00010013542,-9.6981062e-05,8.4798722e-05,-0.00018638672,0.00013597358,0.00021530089,-0.00045171624,6.7661685e-06,0.0010532986,-2.736537e-05,0.00015827415,-7.2975113e-05,-1.5844686e-05,-0.0082931734,-0.0014508981,-0.0011399599,0.00065410472,-0.00037083137,-0.00038503814,-0.00077404768,0.00025775326,-1.7444031e-05,-0.0020776901,0.00090746328,-0.00094924427,-0.00046508025,6.58396e-05,0.00025943991,0.00012747589,-0.00015021678,0.0015669711,0.00079031461,0.001167951,0.00042938459,0.0048818235,0.0015371608,-0.00061744382,0.00015011681,-2.3941843e-05,-0.039003761,0.023853097,0.0078387012,-0.0041415239,0.0047698384,0.0059860398,-0.0018853031,0.0037313992,0.0063303007,-0.000355661,-0.0019026816,3.8055477e-05,0.0078355842,-0.0025828012,-0.0020859545,0.0012304743,0.0004741217,-0.001156471,-0.0023612294,-0.0015444127,-0.0065682936,0.0020488018,-0.0068842588,-0.0039774026,-0.013051344,-0.0055337109,0.0054427043,-0.0038333167,0.00049743564,-0.00010578075,0.00051739964,-0.0026014322,0.0021468604,-0.0018304895,0.0019259731,-0.000796869,-0.0033630305,0.0019634372,0.00056944361,-0.00010506179
0.00083299138,-0.0001082365,-0.00072933547,-0.00014180807,0.00010902787,0.00059034905,0.00018341766,6.1549326e-06,-1.3348802e-05,-9.0530527e-05,1.7292702e-05,-5.6661064e-05,4.6900002e-05,-3.6128978e-05,0.00014143315,0.00036400564,-0.00032220654,-0.0012451744,0.0064639318,-0.00014225477,-6.6468432e-05,-4.3587022e-05,0.00017212471,0.00012921509,0.00014544048,-0.00010177261,1.4621016e-05,-0.00016723587,-7.5440401e-05,-0.00031321762,0.00014750346,7.054786e-05,7.8671243e-05,-1.9026593e-05,0.00015558757,-0.00021705521,-0.00036089608,0.00024581303,9.9861348e-05,-0.00012170176,-0.00044793354,-6.4011568e-05,9.1997971e-05,3.2297191e-06,6.3631725e-05,5.8495138e-05,1.3550253e-07,-2.3027749e-05,-6.2903082e-05,-0.00011106539,7.4394317e-05,-7.9979771e-06,7.8215968e-05,0.00010294526,-3.6478271e-05,-0.00011892665,-4.2257204e-05,-4.6682636e-05,-1.9580731e-05,-0.00011202164,0.00012202732,0.00013990532,-0.00016841855,8.8738134e-06,0.00015159584,0.00041488493,8.7816685e-05,-7.5244738e-05,-5.0360743e-07,-0.0046659341,-0.00083282358,-0.00055868379,0.00034482967,-0.00013379699,-0.00012796839,-0.00041232437,0.00013137649,-4.3450331e-06,-0.0010970417,0.0005358639,-0.0009366774,-0.00043010635,5.093965e-05,0.0001582612,-0.00020136215,-9.4582598e-05,0.00094270801,0.00041355214,0.00076272861,0.00017744605,0.0015371608,0.0023371172,-0.00029184281,8.6105726e-05,-4.3559003e-06,-0.021839465,0.013322741,0.0041961894,-0.002162058,0.00265015,0.0031091581,-0.00099605491,0.0020023211,0.0034481745,-0.00021783361,-0.0010675564,1.3916533e-05,0.0042193804,-0.0014480718,-0.00056829248,0.0010493353,0.00025843202,-0.00067335962,-0.00081765866,-0.00083345071,-0.0038172333,0.0011018736,-0.004053191,-0.002094311,-0.0056322696,-0.0053282451,0.0030433105,-0.0021503427,0.00025378383,-7.7581278e-05,0.00028318859,-0.0015687426,0.001213178,-0.0010121607,0.001056523,-0.00042235439,-0.0018429068,0.0010959182,0.00031971322,-5.4245018e-05
-0.00062643539,-0.00015873431,0.00074931301,9.0519773e-05,-4.7918792e-05,-0.00033399073,-2.2233844e-05,1.663102e-05,-4.7187689e-06,1.3089416e-05,-1.6165331e-07,-2.1203642e-05,-7.1944864e-05,1.2795536e-05,-0.0001132095,0.00090055097,-0.0005658471,-0.001550424,-0.00014816855,1.2208509e-05,-6.5853792e-06,-1.08985e-05,-0.00054166964,-9.7565515e-05,0.00010764592,3.2819695e-05,-3.4022589e-06,-6.1232853e-05,-5.3742505e-05,0.00051012899,0.00010068166,-4.6076244e-05,-0.00014222316,0.00025905732,3.7529044e-05,0.00011077854,9.9464348e-05,-0.00013708956,-0.00015545871,7.4047288e-05,4.8300727e-05,-0.0011390618,-8.3638136e-05,-8.3237379e-06,7.3423959e-05,-3.3810266e-05,4.4009092e-05,0.00035837631,8.4025601e-05,-9.6089226e-05,-9.6144861e-06,-4.0227702e-06,-6.2458075e-06,6.3763429e-05,-0.00029411316,4.9681942e-05,1.8678693e-05,9.5338766e-05,-0.00017944491,-7.6400836e-05,-0.00013716157,-4.6704117e-05,8.0650323e-06,-2.0740372e-05,-0.0001332703,5.3276299e-07,0.00091582893,3.7092905e-05,9.1448858e-06,0.0024577281,0.00040523056,0.00018251557,9.1118946e-05,0.00082165745,0.00029367201,0.00011905278,2.9616158e-05,-2.1003278e-05,0.00053193147,-0.00030385405,-0.00011971561,0.0002430758,-3.5987438e-05,0.00021561344,-0.00025236494,-4.3566459e-05,-0.00060843955,-0.00025136487,-0.00059487375,-0.00020992006,-0.00061744382,-0.00029184281,0.0025057899,-2.4785446e-05,2.1223017e-05,0.011794218,-0.007370164,-0.0027400741,0.00065719378,-0.0013708417,-0.0015335014,0.00010060094,-0.0023337397,-0.0022435543,0.00031506552,0.00041743841,2.286383e-05,-0.0022129024,0.00087434719,0.0014941332,-0.00050467375,-0.00014006146,-0.00014074329,0.001219855,0.00089994598,0.0022444967,-0.00061697699,0.0025355092,0.0012869744,0.0027480417,0.001539625,-0.0053171701,0.0012904203,-0.00016655819,-8.3974553e-05,-0.00014077388,0.00071420536,-0.00055617724,0.00046613942,-0.00054659815,0.00027281616,0.0011665137,-0.00051919481,-0.00021335612,-4.8870212e-05
2.7793916e-05,-0.00012296405,-4.4731662e-05,-1.1018763e-06,1.7650614e-05,7.5545941e-05,-7.6584417e-06,3.9029773e-06,6.3609997e-06,-2.4400889e-05,1.790501e-05,-2.5176101e-05,4.2662306e-06,-9.4385507e-06,1.8854752e-05,0.00012093389,8.3355533e-06,-0.00020205889,0.0012843004,-1.7664671e-05,-1.3841257e-05,3.2539862e-05,-1.9739307e-05,-4.1768901e-05,6.4080962e-06,-2.7924156e-05,6.596114e-06,-6.02497e-05,-3.3999859e-07,0.00019833852,9.8690525e-05,1.4747781e-07,1.2339638e-05,1.0716523e-05,0.00011139896,-4.8225314e-06,-7.7321732e-05,1.3356868e-05,-7.0782737e-07,5.9270104e-05,4.387951e-05,-6.8011887e-05,-0.00019603501,4.1307421e-06,-9.4702339e-06,1.1115169e-05,-2.7257542e-05,-1.0240868e-06,3.7020128e-05,-1.4143874e-05,1.6751327e-06,-1.7305905e-06,6.6918363e-06,-7.650492e-06,-0.00015497801,-4.4475634e-05,-1.062122e-05,-5.7988623e-06,-1.4036385e-05,-3.3831704e-05,4.0638371e-06,1.9017273e-05,-3.5634801e-05,8.2815145e-06,-1.7829608e-05,-6.5333374e-05,4.6834402e-05,6.2959417e-05,1.2491796e-07,-0.00097303729,-0.00016391479,-8.744126e-05,8.4734988e-05,-8.8294831e-06,1.9786844e-05,-7.9512571e-05,1.6658538e-05,-9.2334699e-06,-0.00026077831,0.0001369485,-0.000239267,-0.00016084093,2.050427e-05,3.9603799e-05,-1.1301277e-05,-0.00015948592,0.00017643709,8.2148211e-05,0.00020194166,1.9636537e-05,0.00015011681,8.6105726e-05,-2.4785446e-05,0.00051969871,-4.2565843e-06,-0.0042828393,0.0027143317,0.00082462749,-0.00028475156,0.00049552945,0.00054956824,-0.00019536654,0.00033683391,0.00057086065,-3.7580408e-05,-0.00020084094,1.2242911e-05,0.00082219703,-0.00033806275,-3.0188636e-05,0.00030334973,1.5939317e-05,-0.00012689486,-0.00021916943,3.0209109e-05,-0.0007390917,0.00020887458,-0.00086405638,-0.000431954,-0.00082838081,-0.00047655358,0.00061992458,-0.0012196061,5.5061481e-05,-1.0428913e-05,5.1666367e-05,-0.00022441616,0.00021017055,-0.00017169996,0.00021607733,-9.5064478e-05,-0.0003412273,0.00017500762,7.8898258e-05,-1.2878561e-05
-7.8356023e-06,6.2427595e-05,3.9025826e-05,2.7716316e-06,-6.706261e-06,-1.4578951e-05,-8.4061578e-07,-1.3927143e-06,4.8541483e-06,-3.5169397e-07,1.457147e-07,-8.1031107e-07,5.6354079e-06,-5.0966379e-06,9.2049896e-07,-3.1768279e-06,-5.7310432e-06,7.2372997e-06,-0.00015421266,-4.0168481e-06,-6.6741884e-06,-9.9310245e-06,2.9702789e-06,3.0937219e-06,1.2764262e-06,3.091709e-06,-1.2499494e-06,-9.5943961e-07,1.7599363e-05,-5.2777354e-06,-7.7762275e-06,5.5900528e-07,4.7236238e-06,2.6350244e-05,-2.8157109e-06,1.4978845e-05,2.5350122e-05,-8.1923829e-06,1.2794933e-06,3.3322312e-06,-1.6807153e-05,3.8712632e-07,-1.4055805e-08,-1.0465631e-05,5.3530718e-06,3.8741374e-06,5.4075513e-06,-2.8270787e-06,-5.9917965e-06,-3.5376484e-06,-3.6688759e-07,6.5039258e-07,-3.5617317e-06,-1.2897434e-05,5.0294302e-06,4.2413941e-06,-1.5628336e-06,-4.2972712e-06,-2.1122182e-05,2.097842e-06,-6.5926697e-06,-1.5355659e-05,7.6787439e-06,-1.2960112e-06,1.718905e-06,9.6963713e-06,-1.3826883e-06,1.8620323e-06,8.8270083e-06,0.0001164852,1.7728e-05,2.8103957e-05,-7.5143691e-06,-4.0825063e-06,6.3708445e-06,1.0536807e-05,-2.0877816e-06,1.8336874e-06,3.1658547e-05,-2.5597622e-05,1.7093588e-05,8.2139287e-06,-7.6951122e-06,-1.7083834e-05,-6.0292446e-05,1.7553063e-06,-2.0370583e-05,-3.4686352e-05,-3.6331701e-05,-1.9251764e-05,-2.3941843e-05,-4.3559003e-06,2.1223017e-05,-4.2565843e-06,1.6424213e-05,0.00064847405,-0.00033327255,-7.714421e-05,7.1776813e-05,-7.3799723e-05,-9.9326229e-05,2.1161216e-05,-3.7142795e-05,-9.567954e-05,1.6411746e-06,2.7801448e-05,-3.7761324e-06,-0.00012662872,5.6748368e-05,3.0196315e-05,-9.6286878e-06,6.5900422e-06,3.5808546e-05,0.00012249539,-8.4529356e-06,9.413616e-05,7.7068045e-06,0.00013663765,8.3224239e-05,0.00013260663,4.8723682e-05,-0.00010357203,6.1444865e-05,-3.0656293e-05,-4.1009418e-06,-2.5831413e-06,4.5611023e-05,-4.050865e-05,3.0929811e-05,-3.1182185e-05,6.9888241e-06,4.0566662e-05,-3.1878008e-05,-6.9919994e-06,-1.1332601e-06
-0.022925194,0.017895909,0.03385563,0.0048189225,-0.0043071302,-0.023348049,-0.0044779521,-0.00027473782,-0.00060951441,0.0026419849,-0.00057859261,0.0006205452,-0.0012788623,-0.00086784815,-0.003783509,-0.0057693554,0.0018655791,0.026466686,-0.25669307,0.0038194242,-0.00016541777,-0.00079632048,-0.0022355111,-0.0049494616,-0.0067799903,0.0024289294,-0.00050484361,0.0054168676,0.007732744,0.0053563272,-0.00032543925,-0.001413394,-0.0033637936,0.0044980463,-0.010504128,0.0082360447,0.0093563376,-0.009429652,-0.0020534313,-0.0031240794,-0.0072513829,0.0082584262,-0.003252084,-0.00076838377,9.7792905e-05,-8.0443735e-05,0.00064545332,0.00014956424,0.0017042842,0.0035100053,-0.0014947503,0.0002815705,-0.0037094089,-0.006641974,0.0013607705,1.609032e-05,0.00086010135,0.0023786949,-0.0015559187,0.0053312576,-0.0033637643,-0.0033083839,0.0067839805,0.00078418457,0.0026202568,0.0050069844,-0.0050225983,0.0012739997,0.00036330417,0.1663821,0.032360179,0.023379907,-0.012558016,0.0045502899,0.0079021888,0.013183709,-0.0032415043,0.0001881434,0.042976407,-0.02027386,0.016812274,0.0090953141,-0.0023217314,-0.005140513,-0.0040540235,0.0052184194,-0.032646584,-0.014196122,-0.028864215,-0.0070907399,-0.039003761,-0.021839465,0.011794218,-0.0042828393,0.00064847405,0.97916957,-0.53740491,-0.16156714,0.1001849,-0.1168718,-0.13521273,0.043933677,-0.07985936,-0.1570455,0.0080071007,0.044377471,-0.00094157001,-0.181793,0.063436949,0.061223385,-0.025350289,-0.0083236166,0.027697377,0.057582658,0.017877921,0.1574242,-0.051206188,0.17418988,0.093181613,0.20535565,0.11303256,-0.13083833,0.094288114,-0.012096713,0.00095887047,-0.012506235,0.064019343,-0.049381241,0.038850617,-0.043650846,0.015776781,0.07683612,-0.040957507,-0.011846153,0.0027139235
0.010351161,-0.011768859,-0.018510676,-0.0028091272,0.0024763757,0.011138558,0.0014841102,-4.6296566e-06,9.6012531e-05,-0.0015670663,-0.0002865808,-0.00066666336,0.0012592785,2.224012e-05,0.0049780407,0.0030222592,-0.00078055985,-0.015230424,0.13242923,-0.001574778,0.00031551737,0.00056654586,0.0015277119,0.0022212108,0.0039490927,-0.0013530389,0.00022413881,-0.0024427516,-0.004521209,-0.0011004439,-5.877384e-05,0.0010047354,0.0017468366,-0.0022725113,0.0056824613,-0.0041736139,-0.0054921741,0.0052289671,0.0015839145,0.001329947,0.0043816942,-0.0045534516,0.0012981194,0.00041903722,-0.00037149689,5.8019077e-05,-0.0004410337,-0.00015189185,-0.0007285342,-0.0023354048,0.00083575933,-0.00015028559,0.0017345521,0.0039931851,-0.0019570219,-0.00014302493,-0.00057497576,-0.0012308768,0.00087626803,-0.0025432895,0.0017565392,0.0019643334,-0.0040288576,-0.00055532368,-0.0011620534,-0.0027897925,0.0027477919,-0.00061164232,-0.00017218287,-0.10071094,-0.018328474,-0.014192064,0.0076120401,-0.0030286263,-0.0048259831,-0.0079699486,0.0019639358,-0.00013402601,-0.025729871,0.012194954,-0.010960156,-0.0050374946,0.0012070291,0.0031389411,0.0022362439,-0.0031059739,0.019664888,0.0085596609,0.017686983,0.0043853658,0.023853097,0.013322741,-0.007370164,0.0027143317,-0.00033327255,-0.53740491,0.33702742,0.13782756,-0.051719637,0.06627097,0.088972046,-0.022835443,0.053343484,0.090315414,-0.013979206,-0.024786769,0.00022129123,0.10817324,-0.042445402,-0.03163692,0.020312971,0.0070618975,-0.015301351,-0.036456944,-0.032057534,-0.086397446,0.035887571,-0.10196619,-0.056292645,-0.12392953,-0.067239547,0.074454912,-0.05881154,0.0072104491,-9.3924725e-05,0.0059462941,-0.03324365,0.027259586,-0.022121958,0.024470589,-0.01324982,-0.060898156,0.022970003,0.0075961235,0.0021366211
0.00042351822,-0.0016892898,-0.0061844413,-0.00061708046,0.00028919352,0.002700674,-0.00010113611,-0.00021448288,-0.00014216999,-0.00023652816,-0.0012559517,-0.00012334365,0.0010343576,0.00067104872,0.0063227345,0.001398637,-0.00067621596,-0.0043979281,0.022576455,0.00059946555,5.7049804e-05,6.5750926e-05,0.00056236706,0.00036934369,0.001792579,-0.00041517259,-2.7174355e-05,0.00033679019,-0.00098660687,-0.00090968163,0.00028551088,0.00053736277,0.00019686936,-0.0014548618,0.00093482184,-0.0010005728,-0.0011321025,0.0011265851,0.0011666028,-1.6399131e-05,0.00091172587,-0.00085634706,-7.7870589e-05,5.9171114e-05,-0.00047290196,-2.5343807e-05,4.1463562e-05,6.551642e-05,0.00011703695,-0.00096569123,0.00020385381,-3.5372785e-06,0.00022519397,0.0012438888,-0.00084887421,-0.00019113751,-0.00030863029,-0.0002118881,0.0010356478,-0.00063972151,0.0004078982,0.00055550109,-0.00092995056,-0.00034682165,-0.00039469601,-0.00052413736,0.00041688576,2.0716498e-05,-4.6904984e-06,-0.031084312,-0.004932182,-0.0043435251,0.0022277726,-0.0014444011,-0.0017654716,-0.0028153823,0.0007787133,-2.317709e-05,-0.0076658722,0.0038321713,-0.0040245374,-0.0017655065,0.00011745363,0.0011566156,0.00094061149,-0.0007947554,0.0060425616,0.0021424456,0.0058831959,0.0015387119,0.0078387012,0.0041961894,-0.0027400741,0.00082462749,-7.714421e-05,-0.16156714,0.13782756,0.12529954,-0.010682868,0.020313693,0.046308906,-0.0015424769,0.030618816,0.03308799,-0.02250548,-0.0075807403,-0.00058361814,0.037843109,-0.022307788,-0.010289137,0.016828698,0.006537929,-0.0040514164,-0.020122319,-0.048977292,-0.019606517,0.029010094,-0.035607448,-0.023812715,-0.048423098,-0.024513435,0.023812047,-0.028194497,0.0031465876,0.00060492624,0.00063298332,-0.0073178695,0.0061381219,-0.0049144058,0.0076071123,-0.011551862,-0.051145254,0.0052006924,0.0031267864,0.0077892545
-0.0057316574,0.004804442,0.0015182689,0.00086400516,-0.00096245859,-0.0035283141,-0.0014304708,-0.00010063923,-6.1588906e-05,0.00046126431,-0.00030240857,0.0008084192,-0.00036155762,0.0010251871,-0.0011766677,-0.0015724683,0.00099147769,0.0030719573,-0.027599787,0.0012385312,-0.0003845161,-0.00030386964,0.00059803989,-0.00097332945,-0.0029825307,0.00024780281,-0.00013189738,0.0014273336,0.0020091647,0.00068985535,0.00097397833,0.00029087876,-0.0013007136,0.00011250261,-0.0028987753,0.0026772402,0.0026625521,-0.0031355943,-0.00027982495,-0.0013169351,-0.0026907548,0.0040320589,-0.00089982763,-0.00021964559,-0.0001396873,0.00010049669,0.00012802273,-0.00037514329,0.00043166818,0.0016516478,-0.0001321315,5.800494e-05,-0.00085335092,-0.0013737804,0.00020494402,-0.00047924681,-0.0001906724,0.00078002147,0.00019438186,0.0013916782,-0.0014414573,-0.0012247186,0.0017821027,0.00017000068,0.00086133802,0.0013320208,-0.0021986367,0.00034239059,0.0001063134,0.01928291,0.0050761083,0.002846783,-0.0014778228,0.00016050915,0.0010609963,0.0018390056,-0.00032099504,3.9098195e-05,0.0051916696,-0.0021172498,0.0016984803,0.00061111789,-0.00047828925,-0.00031980515,-6.1084853e-05,0.00096737485,-0.0041394039,-0.0018231174,-0.0027366367,-0.00054453112,-0.0041415239,-0.002162058,0.00065719378,-0.00028475156,7.1776813e-05,0.1001849,-0.051719637,-0.010682868,0.028394607,-0.019063158,-0.012867868,0.0046418998,-0.0065521651,-0.016000755,-0.0013945295,0.0046981841,-0.000240687,-0.017526605,0.0060297657,0.0061923319,-9.8820375e-05,-0.0001987891,0.0022759027,0.0044624073,-0.0019635003,0.017483539,-0.0037591456,0.015482439,0.0086207552,0.018866549,0.010173243,-0.011132265,0.0083083258,-0.001201682,0.00048657342,-0.0027517259,0.011943496,-0.00867032,0.006641338,-0.0053566865,0.0012093848,0.0047774504,-0.0069350822,-0.00018763042,0.00045604424
0.003226099,-0.0042450894,-0.0045033173,-0.00081325529,0.00091856699,0.0034525069,0.00084361334,1.9207733e-05,0.00011688789,-0.00053869369,0.00022127141,-0.00050316757,0.00062422813,-0.00045860989,0.0010954467,0.001318914,-0.00041483173,-0.0034077272,0.031558074,-0.00021837318,0.00032022485,0.00042716983,0.00024859564,0.00081877446,0.0016257434,-0.0004758154,0.0001332597,-0.0010376797,-0.001750375,-0.00048773355,-0.00045291345,0.00012005681,0.00071113124,-0.00057940627,0.0018102114,-0.0019619354,-0.0018752858,0.0019644319,-0.00023590686,0.00060211759,0.0015781847,-0.001890638,0.00055739633,0.00017199207,-0.00053518447,-0.0001726263,-0.0001682651,7.3076251e-05,-0.00026983058,-0.00074147629,0.0002505155,-6.6064595e-05,0.00062421761,0.0011949194,-0.00040620953,0.00030596452,-7.7156942e-05,-0.00044160559,0.00018860876,-0.00081649867,0.00084616673,0.0007552688,-0.0013494015,-5.9678566e-05,-0.00054678587,-0.00097501702,0.0011067939,-0.00025228208,-8.6578202e-05,-0.021505372,-0.0074469753,-0.0030893484,0.001590511,-0.00047014449,-0.0011048825,-0.0018070274,0.00045568096,-4.4973906e-05,-0.0056127224,0.0024572621,-0.0020359675,-0.00096739946,0.00035897628,0.00054552812,0.00044008343,-0.00060805061,0.0043561913,0.0017623743,0.0034358771,0.00091116189,0.0047698384,0.00265015,-0.0013708417,0.00049552945,-7.3799723e-05,-0.1168718,0.06627097,0.020313693,-0.019063158,0.023654033,0.016757265,-0.0052989868,0.0094763638,0.018945024,-0.00086859646,-0.0056611938,0.0001885838,0.021881117,-0.0080749296,-0.0077643815,0.0025778017,0.0009815977,-0.0031321923,-0.0067863457,-0.0025434621,-0.019495605,0.0063229683,-0.020212049,-0.011601422,-0.024300243,-0.013414396,0.015156855,-0.011345684,0.001460623,0.0001812297,0.0043793191,-0.0093623905,0.0073671785,-0.0058513138,0.0056296368,-0.00200732,-0.0095308477,0.0060945312,0.0011414586,-0.0002378649
0.0018431355,-0.0029890486,-0.0055164663,-0.0005664525,0.00056568901,0.0029461891,0.00010434133,-1.5121557e-05,5.3124889e-05,-0.0003739278,-0.00024308663,-0.00022299596,0.00024957647,0.00026496728,0.0019235644,0.0008588785,-9.5776247e-05,-0.0033578137,0.029623038,-0.00026224462,0.0010477691,-9.2720071e-05,0.00051767534,0.00047053795,0.00095678043,-0.00034254844,4.1861542e-05,-0.00037931216,-0.00096799083,3.7842172e-06,-0.00012259681,0.00028835225,0.00019214171,-0.00082780287,0.001436222,-0.00121216,-0.0014915985,0.0014095557,0.00053285462,0.00027930257,0.0012618719,-0.0013696848,0.00036289775,0.00013038123,-0.00012343182,-0.00062018609,6.2832586e-05,-0.00013333121,-5.4015962e-05,-0.00055626029,0.000203132,-3.630475e-05,0.00039728872,0.0010167574,-0.00043352465,-2.0189953e-08,-0.00012214633,-0.00022214047,0.00040336007,-0.00075233253,0.00046030639,0.00054386196,-0.0011049259,-0.00019065054,-0.00046194558,-0.00084895583,0.00078124732,-0.00016584958,-4.9946319e-05,-0.02504639,-0.0044792186,-0.0049839832,0.0021201169,-0.00097130979,-0.0011487926,-0.0019681597,0.00049863276,-4.4504961e-05,-0.0065203743,0.0030078023,-0.0027648783,-0.0010905503,0.00030482604,0.00098655402,0.00065665632,-0.00088734334,0.0048680415,0.0023858194,0.0042476803,0.0011166593,0.0059860398,0.0031091581,-0.0015335014,0.00054956824,-9.9326229e-05,-0.13521273,0.088972046,0.046308906,-0.012867868,0.016757265,0.029120693,-0.0055919722,0.016035858,0.02335463,-0.0063309569,-0.006179935,-1.2511752e-05,0.028127631,-0.011928368,-0.0080285886,0.0057392751,0.0023012502,-0.0043148065,-0.01066536,-0.012962557,-0.020651558,0.010947118,-0.025674572,-0.014989253,-0.032468213,-0.016825486,0.017741512,-0.015888989,0.0020111323,1.9185071e-05,0.0013341782,-0.0080785016,0.006610427,-0.0052669336,0.006202021,-0.0043748481,-0.019713494,0.0055369699,0.0019988977,0.0015876866
-0.0011832316,1.684197e-05,0.0026109174,0.00021647248,-0.00018246036,-0.0014755355,-0.00015908975,-2.3778775e-05,-3.1977819e-05,0.00018634698,-0.00011783798,2.9752061e-05,-4.3675616e-05,8.6987174e-05,0.00016123882,-0.001217549,0.00074781622,0.0018320039,-0.014891104,0.00024767457,-0.00038179025,0.0019303214,-0.00030791612,-0.00031563258,-3.9282791e-05,0.00028632698,-5.7852045e-05,0.00049969491,0.00019975647,0.0008558135,8.8811302e-05,-7.0551938e-05,-9.0106057e-05,0.00026391875,-0.00046986715,0.00038051541,0.00036643876,-0.00063060194,-0.00022070078,-0.00013491965,-0.00019780784,0.00073320528,-0.00020341771,1.0948507e-06,-1.0734851e-05,0.00018279932,-0.001220725,0.00013771447,0.00015822069,-1.3147691e-06,-0.0002187194,3.8545332e-05,-0.00015915292,-0.00022973309,-0.00033976947,-5.4509828e-05,4.9153604e-05,8.1936024e-05,-0.00013292603,0.00023174548,-0.0001486706,-5.5324597e-05,0.00039191108,2.2703209e-05,-6.5768411e-06,9.1528088e-05,-0.00042000806,7.9323829e-05,4.280879e-06,0.0075506317,0.0014660867,0.0012366467,-0.0029242012,0.00020930068,0.00044698649,0.00039290136,-0.0002856623,2.7898587e-05,0.0018753974,-0.00099746255,0.00021267611,0.00023648771,-4.9216918e-05,-8.1190164e-05,-0.00011511079,0.00032055623,-0.0012775439,-0.00054631628,-0.0010305232,-0.00018284425,-0.0018853031,-0.00099605491,0.00010060094,-0.00019536654,2.1161216e-05,0.043933677,-0.022835443,-0.0015424769,0.0046418998,-0.0052989868,-0.0055919722,0.00903581,-0.0030068976,-0.0070152535,-0.0006807034,0.002403503,-0.00013644304,-0.0077397756,0.0026824159,0.0042956072,-0.00022983883,-0.00021231892,0.0010476747,0.0018178795,-0.0019741814,0.0071018959,-0.0012266131,0.0068913265,0.0036336637,0.0093949304,0.0050136377,-0.0043094024,0.0035256849,-0.00043985742,7.757353e-05,-0.00057438901,0.0029145371,-0.0022594836,0.0018345204,-0.001883862,0.00018825941,0.0011438874,-0.0019260445,-0.00053918055,0.00067803057
0.0020332491,-0.00076268348,-0.002542321,-0.00042629495,0.00028526063,0.0017278642,0.00024341196,4.3351148e-05,3.937452e-05,-0.00021121432,-0.00024551794,-3.7725846e-05,0.00035247355,0.00010652303,0.0013066336,-0.0013480875,0.00097722444,0.00031966688,0.010267936,-1.3402124e-05,0.00017707995,-0.00016951093,0.0023835644,0.00032753685,0.00079721937,-0.00017539524,3.3024082e-05,0.00024399332,-0.00092427529,-0.00020604583,-0.0001765106,0.00027107239,6.1551866e-05,-0.00074320344,0.00071069976,-0.00042344218,-0.00060766803,0.00094786254,0.0003332886,-0.00042595741,0.00030399412,0.00042211996,0.00025520308,3.3143274e-05,-0.00017383448,-0.00012705274,7.7076512e-05,-0.0013260238,-0.00015533508,-0.00042662523,0.00014763483,-2.9089844e-05,-0.00010415685,0.00075066938,7.9657767e-05,5.7011751e-05,-0.00018807516,-8.4294224e-05,0.00038484977,-0.00045656978,0.00013086215,0.00028099299,-0.00064813494,-6.052542e-05,0.0001661858,-0.000313116,-0.00034293834,-0.0001026375,-1.48438e-05,-0.014407693,-0.0024452293,-0.0022009198,0.0011021176,-0.0030590559,-0.00087702282,-0.0013026861,0.00020770623,-3.0159643e-05,-0.0038815922,0.0020772504,-0.0013263322,-0.00038738236,8.2610618e-05,0.00055226028,0.00062101938,-0.00061518979,0.0027870386,0.0010934224,0.0025158451,0.0006138013,0.0037313992,0.0020023211,-0.0023337397,0.00033683391,-3.7142795e-05,-0.07985936,0.053343484,0.030618816,-0.0065521651,0.0094763638,0.016035858,-0.0030068976,0.016768491,0.014632645,-0.003894282,-0.0034393384,-1.4773953e-05,0.017024955,-0.0083510541,-0.0051824107,0.0031778412,0.0018561915,-0.0024122085,-0.0069550575,-0.0092198616,-0.011692836,0.0078459504,-0.015145487,-0.0089830597,-0.020162004,-0.010687888,0.014353596,-0.0098944675,0.0011573543,0.00015580027,0.00056846365,-0.0046577897,0.0036444509,-0.002962686,0.0035916071,-0.0028990153,-0.013071637,0.0033931851,0.0012747873,0.0012510765
0.0043021955,-0.0020401557,-0.0053313249,-0.00079591003,0.00059711289,0.0037498987,0.0008090751,-7.684787e-06,4.6941997e-05,-0.00042564356,-2.5471378e-05,-1.3040862e-05,0.00041338547,7.0571673e-05,0.00092022044,0.00079835112,-0.00041478077,-0.0040883463,0.038712614,-0.00040882599,-2.8349172e-05,-9.6200253e-06,0.00040568094,0.0024991288,0.0018448148,-0.00050834057,5.9957829e-05,-0.00097502361,-0.0011381311,-0.0014942944,0.00010725671,0.00018872731,0.00061177275,-0.0011105238,0.0018167919,-0.0010838227,-0.0015846839,0.0016230258,0.00048870621,0.0006926973,0.0012520727,-0.0012254349,0.00062408398,9.984371e-05,-0.00016034127,-6.2115218e-06,-2.3671948e-05,-7.9644088e-05,-0.0014626834,-0.001095344,0.00034346497,-3.4534836e-05,0.00077964183,0.0010406205,0.00037378214,-0.00016377486,-8.434108e-05,-0.00041313339,0.00056660943,-0.00091346624,0.00044514537,0.00065004993,-0.0011444267,-0.00027979078,-0.00062551422,-0.00084563004,0.00062872008,-0.00024463408,-4.6485989e-05,-0.02717118,-0.0051608335,-0.0037612499,0.0021602016,-0.00092332008,-0.0036725221,-0.0032801915,0.00073708681,-1.7670613e-05,-0.0070096946,0.0034640231,-0.0024538399,-0.0015978103,0.00034891952,0.00074612923,0.0010841529,-0.00082247531,0.0054229129,0.0024839991,0.0046542005,0.0012821899,0.0063303007,0.0034481745,-0.0022435543,0.00057086065,-9.567954e-05,-0.1570455,0.090315414,0.03308799,-0.016000755,0.018945024,0.02335463,-0.0070152535,0.014632645,0.032257423,0.00016035024,-0.0076972522,6.5861226e-05,0.029862738,-0.011550566,-0.010674791,0.0052034383,0.0017606906,-0.0041018185,-0.010989243,-0.0062330691,-0.024887392,0.0090862089,-0.028410865,-0.015634161,-0.033851744,-0.018318427,0.022256897,-0.01577789,0.0020196183,3.0810218e-05,0.0018335702,-0.01023253,0.0078017972,-0.0062009977,0.0070412483,-0.0032039149,-0.014806282,0.0064558287,0.0019917712,0.00017482864
0.00010375252,-0.00058253514,0.0011784396,0.00011838048,5.56165e-05,-0.00023875981,5.3848558e-05,4.1202658e-05,0.00012385811,-5.2466584e-05,0.00030432739,-4.3260964e-05,-0.00025115953,-0.00013964577,-0.0012207404,-0.00032040659,0.00014567917,0.00036469904,0.0011967812,-0.00017754502,-0.00011236634,0.00018647534,8.955355e-05,0.00081566098,0.0024789091,-0.00010037787,2.1808667e-05,-0.00026198893,-0.00024255779,-0.00017027155,6.6828914e-05,-0.00017897689,0.00016340461,-0.00010406161,0.00034683119,0.0001792414,-0.00019543754,0.00056491414,-0.00036957178,-0.00010462957,0.00031731501,-0.00028353614,2.0985508e-05,3.1291231e-06,5.7570688e-05,2.539565e-05,-0.00019721038,-0.00012104601,-0.00057629907,-0.0016456845,0.00010822412,-1.3934197e-05,5.805801e-05,0.00018153861,0.00068751799,-3.4247704e-05,0.00011764824,-8.219261e-05,0.00010576112,-0.00027527158,-0.00024376579,0.00020918033,-0.00045974076,-1.1850869e-05,7.820119e-06,-0.00018846959,0.00028680144,-2.6364987e-05,-3.7661156e-07,0.0012388568,9.038123e-05,0.00027168164,-0.00018695903,6.6868584e-05,-0.00096624411,-0.0032277892,0.00015190425,-2.2581655e-06,0.00021624836,7.403881e-05,0.0019023908,-8.6291672e-05,6.3308627e-05,-0.00017646934,0.00039441125,-8.9724439e-05,-0.00029958027,3.41117e-05,-0.00086055065,0.0002105023,-0.000355661,-0.00021783361,0.00031506552,-3.7580408e-05,1.6411746e-06,0.0080071007,-0.013979206,-0.02250548,-0.0013945295,-0.00086859646,-0.0063309569,-0.0006807034,-0.003894282,0.00016035024,0.013874832,-0.00020071352,0.00015223378,-0.0030238606,0.0023847894,-0.0026554624,-0.002487947,-0.0012285457,0.00032351588,0.0012437528,0.010344454,-2.7065491e-05,-0.0051915395,0.0038754966,0.0016838438,0.0046824272,0.0022090698,-0.0011159803,0.0034253944,-0.00030912632,-2.6785306e-05,0.0001972529,-0.00027965687,0.00016504888,-0.00017365462,-0.00029083088,0.0020116091,0.0089961428,0.00034399886,-0.00024990116,-0.0018574609
-0.00074993412,0.00083617452,0.0022024164,0.00020632649,-0.00015156135,-0.0011927197,-0.00010708189,-8.1651692e-06,-9.4905718e-06,0.00012673491,7.5466053e-05,8.5731425e-05,-8.216921e-05,-5.9080978e-05,-0.00023986371,-0.0016613102,0.00080938999,0.0028526229,-0.016506482,3.8445063e-05,-4.971112e-05,0.00013571156,-9.703658e-05,-0.00034980261,-0.00043228401,0.00062202895,-8.9818326e-05,0.00056795561,0.00057852131,0.00023371751,-0.00023348382,-4.2275142e-05,-0.00013633449,0.00028905781,-0.00053722654,0.00037126956,0.00050547423,-0.00056999362,-4.9377537e-05,-6.0122289e-05,-0.00019929621,0.00038620549,-0.00012364541,-3.374452e-05,7.2370457e-05,6.4619701e-07,-9.6376316e-05,4.3502179e-05,0.00016958494,0.00029277678,-0.00035913613,4.8879014e-05,-0.0003265393,-0.00050798713,0.00017582801,0.0001526733,2.0403284e-05,0.00011319959,-0.00013634508,0.00027377676,-0.0001185286,-0.00021218268,0.00044941246,6.0352272e-05,3.3726277e-05,0.00014441229,-0.00021367673,6.9403994e-05,1.6767382e-05,0.0076206905,0.0015452701,0.0010549658,-0.00075691524,0.00010808135,0.00056676221,0.00084182081,-0.00078909262,0.00010412203,0.0016324466,-0.0011468162,0.0010146285,0.00062872706,-0.00010492321,-0.00025635172,-0.00026269051,0.00019432643,-0.0014881772,-0.00080011227,-0.0011204553,-0.00027687998,-0.0019026816,-0.0010675564,0.00041743841,-0.00020084094,2.7801448e-05,0.044377471,-0.024786769,-0.0075807403,0.0046981841,-0.0056611938,-0.006179935,0.002403503,-0.0034393384,-0.0076972522,-0.00020071352,0.0039772848,-0.00031661397,-0.0073328113,0.0032511909,0.002266089,-0.0020561918,-0.00040332665,0.00135067,0.0028725713,0.00090422304,0.0071026521,-0.0019214144,0.007612971,0.0041230081,0.0095222147,0.0053459388,-0.0057742163,0.0043443397,-0.00054165067,-2.5827576e-05,-0.00061179531,0.0028779167,-0.0022841289,0.0018128867,-0.0019905117,0.0007328692,0.0035814028,-0.0019508757,-0.00053392947,0.00012673773
5.2926369e-05,2.7695722e-06,-2.7303244e-05,3.0637647e-06,-5.8721348e-06,5.3336422e-05,1.2752656e-05,1.1099554e-06,-3.5482502e-06,2.8554704e-06,-7.6062128e-06,-1.6930025e-05,-8.7648506e-06,7.3766047e-06,-2.9321862e-05,8.7916004e-05,-3.9532557e-05,-0.00011452355,0.00066750449,2.1452861e-05,7.5261919e-06,-2.6303288e-05,1.6387495e-05,-1.0017192e-06,1.4197495e-05,-6.5870954e-05,2.4058521e-05,-3.8454207e-05,-1.3405208e-05,9.0058886e-06,-4.3910753e-05,-9.9535164e-06,9.8823064e-06,-1.0173691e-05,1.0922797e-05,-2.3207305e-05,-2.8494153e-05,3.0568854e-05,-9.8281792e-06,1.4595252e-05,9.4603528e-06,-2.7588628e-05,2.4878013e-06,2.5781726e-06,-2.3734972e-05,-3.05012e-06,1.8051057e-05,-1.779122e-05,-4.8438161e-07,-1.513037e-05,3.6236493e-05,-1.4399139e-05,8.4969976e-06,1.1043241e-05,-1.0106247e-05,3.6889508e-05,7.2392643e-06,-6.0472117e-06,8.5846176e-06,-2.3180608e-07,1.1989668e-05,4.946965e-06,-2.5899808e-05,-1.7250245e-06,-3.945033e-06,-1.1998577e-05,2.6318662e-05,-3.6843896e-06,-1.5281363e-06,-0.00018488502,-5.0541136e-05,-4.4500022e-05,3.9740675e-05,-1.5214759e-05,6.3192592e-06,-1.1480741e-05,9.6468834e-05,-3.8288712e-05,-4.3031441e-05,-3.7931045e-06,-1.276107e-05,7.0997073e-05,9.0509052e-06,7.2648426e-06,2.4855218e-05,1.1813303e-05,4.8674193e-05,3.2908959e-05,6.2163424e-06,-1.6947356e-06,3.8055477e-05,1.3916533e-05,2.286383e-05,1.2242911e-05,-3.7761324e-06,-0.00094157001,0.00022129123,-0.00058361814,-0.000240687,0.0001885838,-1.2511752e-05,-0.00013644304,-1.4773953e-05,6.5861226e-05,0.00015223378,-0.00031661397,0.00011251911,0.00011554991,0.00012030683,-3.5107309e-05,-0.00024203757,-3.3315903e-05,-4.3027112e-05,-5.4203176e-05,0.0002792684,-0.00025316585,-0.00013489659,-8.9348965e-05,-4.5005414e-05,-7.870622e-05,-4.4435879e-05,4.3440574e-05,-1.7483178e-05,6.8913039e-06,1.4874171e-05,2.8831124e-05,-0.00010133523,7.2454163e-05,-5.98175e-05,4.314466e-05,5.3092354e-05,0.0002172912,6.9636105e-05,6.1080486e-06,-7.2744285e-05
0.0036531981,-0.0044919794,-0.0064711672,-0.00090896944,0.00089398459,0.0039717796,0.00040899276,6.8207901e-05,9.8621876e-05,-0.00046430617,-3.4209952e-05,-0.00013512717,0.00046380009,0.00017774381,0.0010396877,-0.0008090348,0.0006980341,-0.002730716,0.040259503,-0.00087136592,0.00015712072,0.00037210434,0.0010015139,0.00059054576,0.0012276736,-0.00014624668,6.304624e-05,0.0016878475,-0.0010385047,-0.00024356904,-0.00055068642,0.00043668669,0.00045670735,-0.00089465462,0.0018954306,-0.0014529658,-0.0017200692,0.0021255532,0.00041327046,-7.1637058e-05,0.0016728555,-0.0013681652,0.00052205592,0.00016136556,6.6983193e-05,-1.3616883e-05,-0.00015560559,-0.00039173668,-9.7181792e-07,-0.00070035523,0.00013339943,-5.0875157e-05,-0.00097279705,0.00099481353,-0.00076303517,0.00023376839,-0.00023156328,-0.00033015052,0.00036254163,-0.00079280335,0.00045195247,0.00055443945,-0.0016288575,-0.00021621232,-0.00017307622,-0.0010504277,0.00095458997,-0.00023579866,-5.4314901e-05,-0.033288012,-0.0061794306,-0.0048184169,0.0023976012,-0.0011888086,-0.0015821895,-0.0026331229,0.00031389286,-3.7094184e-05,-0.011774421,0.0032096154,-0.0037446856,-0.0013593982,0.00036763853,0.0011455547,0.00073302106,-0.0013067623,0.0062397635,0.0025090713,0.0055766318,0.0012685991,0.0078355842,0.0042193804,-0.0022129024,0.00082219703,-0.00012662872,-0.181793,0.10817324,0.037843109,-0.017526605,0.021881117,0.028127631,-0.0077397756,0.017024955,0.029862738,-0.0030238606,-0.0073328113,0.00011554991,0.04417965,-0.011070166,-0.010609296,0.0046502133,0.0020431408,-0.0055036543,-0.011562736,-0.0064942179,-0.02911356,0.011215346,-0.033044677,-0.017902644,-0.04068288,-0.021430496,0.02445177,-0.018493697,0.002370821,-0.00026781318,0.0022521351,-0.011262576,0.0091434056,-0.0073939265,0.0082701517,-0.0036988286,-0.017087046,0.0079789501,0.0025692524,-7.3238057e-05
-0.0016702104,0.0025205089,0.0022386914,0.00064585982,-0.00039642116,-0.0013584426,-0.00022658819,1.4328849e-06,-5.5091534e-05,0.00026897923,3.7628908e-05,0.0001479722,-0.00011301108,2.9624801e-05,-0.0011971644,-0.00080003437,0.00058135529,0.0031355826,-0.01697353,-7.9366904e-05,1.2124874e-05,-0.00012625451,-0.00065127869,-0.0001723028,-0.00057275289,0.00033148801,-2.1711278e-05,0.00058819088,0.0053452999,-0.00026003338,4.3388596e-05,-0.00020988563,-0.00031303696,0.00068789739,-0.00089289684,0.00018673181,0.00072769657,-0.00085456909,-0.00012279472,6.5755538e-05,-0.00074789805,0.00068403982,-0.00016884815,-9.6465844e-05,0.00020252307,2.7262419e-05,-2.5267441e-07,0.00023077671,1.4231654e-05,0.00046901625,-0.00024407828,1.8531884e-05,-0.0004590301,-0.0036939362,0.00039594968,-1.5371234e-05,0.0001188714,0.00022172165,-0.00041946037,0.00061832835,9.9021008e-05,-0.0004388634,0.00053361729,-4.0849508e-05,5.9836418e-05,0.0004773963,-0.00048161843,0.00011602031,5.2678024e-05,0.011750459,0.0020776844,0.0017278789,-0.0010306611,0.0006791307,0.00072881762,0.0011909869,-0.00044620915,-9.1202871e-06,0.0021628558,-0.0072422565,0.0012680204,0.00061544307,-0.00016922877,-0.0002728438,-0.00075254049,0.00049285719,-0.0021710482,-0.0010656242,-0.0021904701,-0.00067134331,-0.0025828012,-0.0014480718,0.00087434719,-0.00033806275,5.6748368e-05,0.063436949,-0.042445402,-0.022307788,0.0060297657,-0.0080749296,-0.011928368,0.0026824159,-0.0083510541,-0.011550566,0.0023847894,0.0032511909,0.00012030683,-0.011070166,0.020456394,0.0040540122,-0.0031051756,-0.0010216949,0.0014365163,0.0064513267,0.0057147905,0.0089267466,-0.0055237195,0.012577566,0.007367958,0.015248467,0.0076257527,-0.0089235797,0.0077028601,-0.00099265745,-0.00023018303,-0.00059718856,0.0040592672,-0.0033679553,0.0026785402,-0.0028626178,0.002059617,0.0095652137,-0.002813474,-0.00077002029,-0.00081217066
-0.0036402373,-0.0045608974,0.003051319,0.00028510747,9.9959441e-05,-0.003045894,-0.00091610449,4.3919628e-05,-0.00012194817,0.00024731134,0.00019534794,6.0321879e-05,-0.00080743344,-0.00023700689,-0.00029797362,-0.00092347183,0.00082075742,0.00021491726,-0.012894446,-0.00025609803,0.00034928227,0.00094051305,-0.00011013597,-0.0010513791,-0.00088404521,0.00034494998,-8.6666237e-05,0.00054366799,-0.00055261642,0.061642416,-0.00018505434,0.00024736416,-0.00031707131,0.00087509945,-0.00032435831,0.00042392416,0.00013913333,-0.00014351688,-0.00036887321,-0.00061693067,-0.00013870204,-0.0006000492,-0.00065679311,6.1318634e-06,0.00023715201,3.1700236e-06,-0.000589717,0.00020115255,0.00078733491,0.00050060193,-0.00011882899,1.9596614e-05,-0.0004972445,0.00011537774,-0.039497274,-2.0781434e-05,-0.00014186114,0.00020861331,-0.00055220226,-6.9818086e-05,-0.00071541677,0.00017996365,-8.1468394e-05,4.6604686e-05,0.00036607816,9.3510104e-05,0.00052307203,0.00019855742,7.3762812e-06,0.0091998354,0.0019761125,0.0012483603,-0.0012151575,0.00046880554,0.00088441801,0.0022640808,4.0941205e-05,8.626385e-06,0.0022874977,-0.001143453,-0.064006093,0.00060685771,-0.00027542363,2.331654e-05,-0.00021565762,0.00019761692,-0.0023492775,-0.00025104953,-0.0016084439,-0.00050133049,-0.0020859545,-0.00056829248,0.0014941332,-3.0188636e-05,3.0196315e-05,0.061223385,-0.03163692,-0.010289137,0.0061923319,-0.0077643815,-0.0080285886,0.0042956072,-0.0051824107,-0.010674791,-0.0026554624,0.002266089,-3.5107309e-05,-0.010609296,0.0040540122,0.150283,-0.001877293,-0.00011754969,0.00058031829,0.0028533025,0.0017505317,0.011010097,-0.0052418769,0.011270839,0.0065959226,0.011627613,0.0044134665,-0.010234703,0.0052589337,-0.00068463008,-0.00034407894,-0.0010061579,0.0044661852,-0.002524877,0.0019621438,-0.0026177673,0.00096044551,0.0042735593,-0.0020877809,-0.0007481824,0.00031478849
-0.0010120214,-0.00050385308,-0.0026170397,-0.00013812389,4.6433211e-05,0.00058572741,-0.00021486216,-6.9091811e-06,-4.5595464e-05,-0.00010678682,-9.8411128e-05,0.00010172539,-9.4033874e-06,0.00011572968,0.00044656594,0.0012681891,-0.00050178762,-0.0015131326,0.0068771752,0.00022519006,-0.00010312938,0.00018140593,-0.00016908388,0.00014668588,0.00013651775,-0.00034981658,-4.6345072e-05,-0.00052388124,-5.0379287e-05,0.00079388029,0.003876522,2.2041856e-05,-0.00021966111,-0.00027163621,0.00016848808,-0.00014882219,0.00049423137,0.00027659689,6.9343325e-05,-0.00026891704,-0.00030995507,0.00014896526,-0.00043174576,1.0182777e-05,-0.00010431437,7.5245491e-05,-0.00017084342,0.00015455638,-6.7027997e-05,-9.257778e-05,0.00022647989,2.9152269e-05,0.00037103285,0.0001978398,-0.00052292598,-0.0020415124,-7.1830248e-05,0.00010720866,7.4159059e-05,-6.1381657e-05,0.00012821087,-0.0002846243,-0.00023630812,-9.4728699e-05,0.00011885808,0.00011101755,-0.00012225081,0.00017197283,1.3177313e-05,-0.0044505211,-0.00061720795,-0.00037272332,0.00021890687,0.00021847473,-0.00030827199,-0.00058471682,0.0003161048,8.1020842e-05,-0.00074842748,0.00050341133,-0.00071118009,-0.0054706511,9.6764654e-05,0.0002862152,0.00015814544,-8.4889185e-05,0.00094070476,-0.00031343821,0.00084748634,0.00015955411,0.0012304743,0.0010493353,-0.00050467375,0.00030334973,-9.6286878e-06,-0.025350289,0.020312971,0.016828698,-9.8820375e-05,0.0025778017,0.0057392751,-0.00022983883,0.0031778412,0.0052034383,-0.002487947,-0.0020561918,-0.00024203757,0.0046502133,-0.0031051756,-0.001877293,0.020040924,0.00064781508,-0.0010442042,-0.0029620533,-0.0061595314,-0.0032780042,0.0058981824,-0.0057724732,-0.0034849608,-0.007363545,-0.0046353882,0.0042008717,-0.0049678032,0.00048005348,0.00015100257,6.1864079e-05,-0.00052149754,0.00060997967,-0.00054350497,0.0011148261,-0.0015515331,-0.0069495417,0.00036738728,0.00055349034,0.00094090141
-4.0879134e-05,-0.00023607127,-0.00067071746,-5.8706589e-05,8.0086066e-06,0.00013580787,-6.1294012e-05,-1.1725981e-05,-4.0724276e-05,3.2826017e-05,-0.00011089467,1.5711972e-05,8.6305815e-05,-9.5028174e-06,0.00029790689,-0.00045974834,0.00032836407,0.00072641246,-0.0015299602,5.5844552e-05,-7.1974246e-06,-3.5366111e-05,0.00016113797,-3.9250183e-05,-1.2758153e-05,-2.4038648e-06,-1.087624e-05,0.00014911783,-0.00011374019,0.00020817367,-5.1061548e-05,0.00034794511,-5.9168745e-05,-0.00012619906,-6.005003e-05,-7.5424282e-05,-3.8068663e-05,5.7797747e-05,-4.2280828e-05,-0.00014896492,-6.7583605e-05,6.8735566e-05,-3.6818548e-06,-9.0719966e-06,-2.6045781e-05,3.1712297e-05,3.4657536e-05,-0.000100434,7.1478146e-05,2.8447763e-05,-8.4072213e-06,7.5725699e-06,-4.3628509e-05,0.00011234503,-0.00038074226,-3.065118e-05,-0.0002100722,3.8328498e-05,7.4753702e-05,1.5958348e-05,-2.9020446e-05,-7.1251239e-06,-6.931981e-05,2.2603976e-05,0.00014111611,3.3991022e-05,-1.99945e-05,5.0229945e-06,1.0053592e-05,-0.0015465677,-0.00024415916,-0.00018115805,0.00017273441,-0.00014728702,-9.9052658e-05,-0.00014199812,4.407585e-05,9.92555e-07,-0.00041975221,0.00014172675,-0.00040853814,-1.5438339e-05,-0.00043568716,0.00010823985,2.8060316e-05,-5.9315369e-05,0.00029448135,5.2966279e-05,0.0002585228,8.6558477e-05,0.0004741217,0.00025843202,-0.00014006146,1.5939317e-05,6.5900422e-06,-0.0083236166,0.0070618975,0.006537929,-0.0001987891,0.0009815977,0.0023012502,-0.00021231892,0.0018561915,0.0017606906,-0.0012285457,-0.00040332665,-3.3315903e-05,0.0020431408,-0.0010216949,-0.00011754969,0.00064781508,0.0015823532,-0.00033903704,-0.00091664572,-0.0024887637,-0.00097675829,0.0016757498,-0.0016907802,-0.0012962381,-0.0026937466,-0.001425059,0.0011525506,-0.0014120124,0.00012595044,3.1374338e-05,9.7377595e-06,-0.00028870899,0.00026435131,-0.00019840075,0.00038485319,-0.00060729851,-0.002606931,0.00031073819,0.00017372779,0.00040604935
-0.0002665525,0.00058486288,0.0012577721,9.206463e-05,-0.00012142717,-0.00060838916,-2.3392152e-05,-2.669469e-05,-8.0783185e-06,8.5176668e-05,-3.1545991e-05,1.7104235e-05,1.9732354e-05,-7.7983923e-05,-0.00010394323,-0.00044150581,5.5874466e-06,0.0011008865,-0.0084342273,0.00010866169,-0.00019475433,-1.217463e-05,-0.00018627196,-6.2475918e-06,-5.11282e-05,0.0001001462,-1.2309649e-05,5.5012673e-05,0.00012308444,-0.00012663709,-0.00019123396,-0.00010674583,0.00023167021,0.00021835082,-0.00028683267,0.00016075989,0.00018740605,-0.00019381255,6.8346209e-05,6.0875421e-05,-0.00015863936,0.000494777,-6.90985e-05,-4.0346978e-05,-1.0543852e-05,0.00010466132,5.5220472e-06,6.3327941e-05,-2.3249418e-05,2.4657418e-05,-4.9841623e-05,9.744628e-06,-3.628206e-05,-0.00013190702,0.00028061954,5.700614e-05,7.1686534e-05,-9.5989441e-05,-7.2717447e-05,0.00017172576,2.0898976e-05,-4.8075449e-05,0.00021103002,-3.1905631e-06,5.8458174e-05,0.00012347916,-0.00030123541,4.3641085e-05,1.7895638e-05,0.0047456597,0.00089629799,0.00086308629,-0.0002618632,0.00020007322,0.00010584389,0.00028128283,-0.00012142713,1.170348e-05,0.0013340841,-0.00048082717,0.00083436411,0.00034910956,-2.3588201e-05,-0.00049944955,-0.00017754048,0.00014107408,-0.0008552104,-0.00038780608,-0.00084943573,-0.00023421115,-0.001156471,-0.00067335962,-0.00014074329,-0.00012689486,3.5808546e-05,0.027697377,-0.015301351,-0.0040514164,0.0022759027,-0.0031321923,-0.0043148065,0.0010476747,-0.0024122085,-0.0041018185,0.00032351588,0.00135067,-4.3027112e-05,-0.0055036543,0.0014365163,0.00058031829,-0.0010442042,-0.00033903704,0.0018264959,0.0017609269,0.00028098689,0.0043813077,-0.0013684417,0.0050549107,0.0028100294,0.0060411425,0.0033372442,-0.0023722729,0.0025906521,-0.00039242616,5.6405399e-05,-0.00031817422,0.0016020311,-0.0013117362,0.0010529648,-0.0012113714,0.00040357428,0.0020390174,-0.0011250481,-0.00036664241,0.00013507317
-0.00084403794,0.00068085725,0.0028703438,0.00031928933,-0.00014787061,-0.001345054,-0.00018878921,-8.2125643e-06,1.2850551e-05,0.00012811833,5.1462036e-05,5.9776069e-05,-0.00013917417,-0.00030442241,-0.00067376122,-0.00053867307,0.00031928212,0.0021033833,-0.014442185,-4.3490395e-05,-0.00014990284,5.8615282e-05,-0.00042907829,-0.00057433004,-0.00072994397,0.00024063427,-2.7329952e-05,3.6745083e-05,0.00085838825,0.00053044079,-0.00022019332,-0.0001594047,-2.5418606e-05,0.0020950737,-0.00048959478,0.0001650431,0.00067398382,-0.00072395877,-0.00039799944,-7.7245268e-05,-0.0005688526,-0.0001580448,-0.00015675584,-9.5284041e-05,0.00015051845,0.00013475496,-4.8159323e-05,0.00013132415,0.00030564569,0.00055612764,-0.00015145096,2.4573565e-05,-6.6842223e-05,-0.0007253225,-0.00017380535,7.9335448e-06,9.3283764e-05,5.0544574e-05,-0.0014263791,0.00027459149,-4.74008e-05,-0.00041301037,0.0004990648,0.00019343678,0.00013549614,0.00044854504,7.7721235e-05,5.9084995e-05,6.9810042e-05,0.010011869,0.0018584144,0.0015354575,-0.00072761494,0.00059172275,0.00091092566,0.0013340645,-0.00028344569,3.5072878e-05,0.0025344392,-0.0017283466,0.0012861285,0.00059976163,-0.00014694549,-0.00042357592,-0.0025527562,0.00032845954,-0.0018596424,-0.0012887323,-0.0018119463,-0.00044731727,-0.0023612294,-0.00081765866,0.001219855,-0.00021916943,0.00012249539,0.057582658,-0.036456944,-0.020122319,0.0044624073,-0.0067863457,-0.01066536,0.0018178795,-0.0069550575,-0.010989243,0.0012437528,0.0028725713,-5.4203176e-05,-0.011562736,0.0064513267,0.0028533025,-0.0029620533,-0.00091664572,0.0017609269,0.011137945,0.0057992081,0.0080038942,-0.0039431475,0.010962918,0.0061037087,0.013270681,0.0058050988,-0.0093529838,0.0067953163,-0.0011154182,-0.00016126336,-0.00052142245,0.0032448112,-0.0025460151,0.0020018172,-0.0025953177,0.0018887324,0.008619435,-0.0021929187,-0.00084987291,-0.00075029254
0.00065981083,-0.00098380312,0.0012761066,5.3491637e-05,6.6857124e-05,-6.6427002e-05,7.219276e-05,3.3564288e-05,9.0875919e-05,4.3017197e-06,0.00040503761,-3.5916433e-05,-0.0004091385,-0.00029458282,-0.0027484148,-0.00076811312,0.00056526979,0.0020816457,0.00046379305,-0.00058298341,0.00010475169,0.00014798296,-0.00028006318,0.00027142533,-0.00019001976,-1.0621604e-05,3.4548515e-05,-0.00050227618,-0.00044940588,0.00078628993,-1.8533104e-05,-0.00020378414,0.00010027477,0.00041864281,0.0022960204,0.001024119,-0.00029590534,0.00029838539,-0.00040088552,0.00033156833,0.00019003495,-0.0007324872,0.00011626767,3.7678067e-05,0.00017986073,-7.9294097e-05,-0.00012294489,3.9936854e-06,-0.00016749958,-6.5075164e-05,1.9017548e-05,-7.540761e-06,0.00020027631,0.00023802837,-0.00030520301,-3.2167276e-05,0.00014455984,8.1066217e-07,-0.00041958109,-0.0014094958,-0.00076699351,4.4837236e-05,-0.00025787184,5.8613244e-05,-0.00011356857,-0.00014612441,0.00070241998,-7.7096796e-05,-3.1062822e-05,0.0045862167,0.00049388099,0.00049862875,-0.00021999672,0.00034301366,0.00040636812,0.00045402971,-0.00022203948,1.8484654e-05,0.0007357109,-0.0005112688,0.00068384876,0.00027324192,7.9343907e-05,-0.00026309231,-0.00024647185,-0.0029651655,-0.0023455887,-7.2571135e-05,-0.0012560128,-0.00030010725,-0.0015444127,-0.00083345071,0.00089994598,3.0209109e-05,-8.4529356e-06,0.017877921,-0.032057534,-0.048977292,-0.0019635003,-0.0025434621,-0.012962557,-0.0019741814,-0.0092198616,-0.0062330691,0.010344454,0.00090422304,0.0002792684,-0.0064942179,0.0057147905,0.0017505317,-0.0061595314,-0.0024887637,0.00028098689,0.0057992081,0.030643567,0.0040210897,-0.011073941,0.0069373994,0.0053513124,0.010875071,0.0052372159,-0.0041543558,0.0072505025,-0.00071942279,-0.0003309169,0.00041111077,-0.00058545169,0.00031130912,-0.00013335731,-0.00097236762,0.0044755493,0.019425176,0.00011417311,-0.00080983359,-0.0038158268
-0.0036203631,0.0037814808,0.0064121438,0.00079713051,-0.0008662169,-0.0039964025,-0.00068251753,-8.1947788e-05,-0.00010449332,0.00051066883,-0.00032114606,0.00012091626,-0.00017062068,5.2667654e-05,-0.00027707188,-0.0014706314,0.00074227208,0.0055660564,-0.045934771,0.00058929639,-0.00010748494,-0.00011992235,-0.00034261711,-0.00063180221,-0.00086916939,0.00035744158,-9.7190219e-05,0.00092007312,0.00098109873,0.0007607659,-1.3732994e-05,-0.00023143969,-0.00068153865,0.00035116808,-0.00075605113,0.0033248509,0.0013401964,-0.0015632566,-0.00040173527,-0.00059271327,-0.0013012849,0.0012508825,-0.00048604425,-0.00014630562,7.0515477e-05,-3.2975115e-05,0.00013102404,-3.8439487e-05,0.00016021406,0.00032756154,-0.00019681694,5.167701e-05,-0.00077321265,-0.00077355806,-8.2202841e-05,-1.034932e-06,0.00010884359,0.00051025156,2.2149046e-05,5.9353368e-05,-0.0018774622,-0.00046135299,0.0010618922,0.00020795328,0.00038414853,0.00088666767,-0.00068130856,0.00021394522,6.0687715e-05,0.028176698,0.0054354331,0.0039531663,-0.0019363965,0.00073104051,0.0013426022,0.0021223638,-0.00050712996,4.7225002e-05,0.0070496913,-0.0033607003,0.0023319652,0.0014611694,-0.00041185043,-0.00077093464,-0.00050517617,-0.00055430615,-0.0077786053,-0.0024483474,-0.0049368216,-0.0011998328,-0.0065682936,-0.0038172333,0.0022444967,-0.0007390917,9.413616e-05,0.1574242,-0.086397446,-0.019606517,0.017483539,-0.019495605,-0.020651558,0.0071018959,-0.011692836,-0.024887392,-2.7065491e-05,0.0071026521,-0.00025316585,-0.02911356,0.0089267466,0.011010097,-0.0032780042,-0.00097675829,0.0043813077,0.0080038942,0.0040210897,0.032757672,-0.0067784544,0.02849005,0.014310055,0.032846459,0.01862841,-0.021899702,0.014615879,-0.0018428494,0.00011265898,-0.0020297088,0.010748706,-0.0084996552,0.0068123597,-0.0070922696,0.0019775122,0.0098810032,-0.0069586866,-0.0018508811,0.001039352
-8.7066681e-06,0.00018357954,-0.002323727,-7.1076709e-05,0.00011833507,0.0012149876,0.00012327453,-4.049205e-05,-3.0396419e-05,-0.0001296398,-0.00019450726,0.00010725979,0.00044537371,0.00024114498,0.0012155329,-0.0015934023,0.0012935131,0.0023164168,-0.0010025167,-3.3783774e-05,-0.00017190107,-0.00011639689,0.00020969713,0.00017010668,0.00037114559,-0.00010815809,-1.0343719e-07,-3.4851498e-05,-0.00022429163,-0.00065008265,0.00078824272,0.00012291158,9.9756181e-06,-0.00030189938,0.00017580922,-0.00068408675,0.002316007,0.00031641141,0.00042866609,8.4348756e-05,0.00053274273,-6.9359183e-05,7.7169948e-05,-1.0529319e-05,-7.4359086e-06,4.7912459e-05,7.7351631e-05,8.5470958e-05,0.00011496574,-8.957927e-06,3.8152891e-05,-8.0679418e-06,8.8239006e-05,0.00016491916,-9.7212236e-05,-0.00039909876,-0.00010827969,-2.3327154e-05,0.00010438582,-0.00020632652,0.00027933006,-0.0016262486,-0.00027174209,-0.00014282936,-0.0001015159,-0.00028224177,0.00011716634,-3.7387773e-05,1.7005832e-05,-0.0086039628,-0.0016795415,-0.0008719312,0.00071819809,-0.00041186175,-0.00026164887,-0.00074637002,7.039505e-05,6.9161255e-06,-0.0025189011,0.0010381339,-0.00058193526,-0.0011849113,-2.3887724e-07,0.00035518504,-0.00017263128,-0.00013643368,0.0017294598,-0.0032305461,0.0015735365,0.00025528896,0.0020488018,0.0011018736,-0.00061697699,0.00020887458,7.7068045e-06,-0.051206188,0.035887571,0.029010094,-0.0037591456,0.0063229683,0.010947118,-0.0012266131,0.0078459504,0.0090862089,-0.0051915395,-0.0019214144,-0.00013489659,0.011215346,-0.0055237195,-0.0052418769,0.0058981824,0.0016757498,-0.0013684417,-0.0039431475,-0.011073941,-0.0067784544,0.017961946,-0.010115036,-0.0060347946,-0.0130069,-0.0063461514,0.0066468305,-0.0074502896,0.00078016428,-6.2604946e-05,0.0005127112,-0.0025879526,0.0018990257,-0.0014803569,0.0023465743,-0.002709683,-0.011910038,0.001398334,0.00089002335,0.0016848086
-0.0031460043,0.0027490031,0.0058587347,0.00077152609,-0.00071031942,-0.0036627177,-0.00063313789,4.536405e-07,0.00013767755,0.00049884205,3.6864371e-05,0.00010930443,-0.00030693515,-0.00022965324,-0.00093487177,-0.0015491753,0.00073810145,0.0053113005,-0.046249937,0.00052876098,6.0211071e-05,-0.00035757867,-0.00024601947,-0.00067390999,-0.00067305286,0.00032484701,-6.5140708e-05,0.0012340891,0.001113833,0.001286861,6.4435601e-05,-0.00028172943,-0.00052502618,0.00055608004,-0.0016230363,0.0014208913,0.0015890344,0.00037882958,6.7207388e-05,-0.00086602119,-0.0011041866,0.0012463861,-0.00042898435,-0.00011676647,0.00011780685,-0.00011183975,0.00020783866,-5.6118902e-05,0.00019011253,0.00022835116,-0.00018846043,4.310309e-05,-0.00088118134,-0.0010997371,0.00028896846,-2.5626155e-05,0.00015297469,0.0003867346,-0.0001865911,0.00064051479,-0.00073564654,-0.00053886228,-0.00013114875,-0.0002188916,0.00073691082,0.00078358579,-0.00068329705,0.00016543532,5.0087035e-05,0.030760021,0.005600456,0.0041108538,-0.002094733,0.00083523984,0.0013745562,0.001911508,-0.00043708384,1.971196e-05,0.0076476458,-0.0038957773,0.0033348133,0.00166603,-0.00042286679,-0.0010060399,-0.00077157516,0.00071579535,-0.006135139,-0.002646632,-0.0079385851,-0.0020234531,-0.0068842588,-0.004053191,0.0025355092,-0.00086405638,0.00013663765,0.17418988,-0.10196619,-0.035607448,0.015482439,-0.020212049,-0.025674572,0.0068913265,-0.015145487,-0.028410865,0.0038754966,0.007612971,-8.9348965e-05,-0.033044677,0.012577566,0.011270839,-0.0057724732,-0.0016907802,0.0050549107,0.010962918,0.0069373994,0.02849005,-0.010115036,0.038957885,0.019268012,0.03673074,0.020812721,-0.024625988,0.017858418,-0.0022745707,2.7362353e-05,-0.0018941074,0.010515124,-0.0084052931,0.0067251959,-0.0077094316,0.0033910726,0.016355766,-0.0068992091,-0.002296534,-6.7107828e-05
-0.0012697734,0.0020211878,0.002806789,0.00042485662,-0.00040669905,-0.0018951517,-0.00029580652,7.267327e-05,-1.0226656e-05,0.00017897309,0.00012747805,9.3428147e-06,-0.00023640824,-0.00029332596,-0.00050110397,-0.00096969506,0.0002928317,0.0029758825,-0.024090339,-0.00016775778,-3.227075e-05,-0.0001950288,-0.00031365144,-0.00040698049,-0.00082135501,0.00025779514,-4.5901574e-05,0.00044006735,0.00086984232,0.0002643568,-0.0002094025,-0.00026215411,-0.00018328735,0.00034576863,-0.00086935742,0.00068740837,0.00107294,-0.0003523819,0.0018648617,-0.00013388188,-0.00087138814,0.00083492074,-0.00012863456,-8.1098827e-05,0.00032193648,7.7525928e-06,6.120114e-05,4.605227e-05,1.4792271e-06,0.00033619317,-9.8109499e-05,2.7943647e-05,-0.00034235917,-0.00076971704,0.00053564925,-2.5578543e-05,0.00012549738,0.00016206298,-0.00010561645,0.00039257891,-0.00024985631,-0.00037358645,0.00033047705,-0.0010959369,0.00012894318,0.00057130811,-0.00047053157,7.7942756e-05,3.2221456e-05,0.016273209,0.0030619057,0.0022975481,-0.0011103127,0.00042719093,0.00087860588,0.0016581211,-0.00028021928,1.6797132e-05,0.0039748449,-0.002151185,0.0018493577,0.00078173131,-0.00020456529,-0.00055512219,-0.00035158607,0.00054323754,-0.003128581,-0.0015289994,-0.0035740514,-0.0036689909,-0.0039774026,-0.002094311,0.0012869744,-0.000431954,8.3224239e-05,0.093181613,-0.056292645,-0.023812715,0.0086207552,-0.011601422,-0.014989253,0.0036336637,-0.0089830597,-0.015634161,0.0016838438,0.0041230081,-4.5005414e-05,-0.017902644,0.007367958,0.0065959226,-0.0034849608,-0.0012962381,0.0028100294,0.0061037087,0.0053513124,0.014310055,-0.0060347946,0.019268012,0.018397273,0.021161378,0.011134324,-0.012800741,0.010206159,-0.0012959402,-0.00018837399,-0.00085240332,0.0054695924,-0.0043759068,0.0034878702,-0.0041305083,0.0022156684,0.010652185,-0.0036847483,-0.001285252,-0.00035287274
-0.0038921904,0.0041606518,0.007539359,0.0010436904,-0.00085399835,-0.0044045967,-0.00050062468,-4.4306047e-05,-0.00016641011,0.00060751058,8.9929051e-08,3.996542e-05,-0.00011204574,-6.426005e-05,-0.0017401904,-0.0012690752,0.00046238471,0.0063286907,-0.052944084,0.00072409639,-0.00026828542,-8.1615255e-05,-0.0012208252,-0.00071924073,-0.0015141428,0.00060774095,-9.4534964e-05,0.00064104109,0.0018898505,0.00043725588,-0.00012438943,-0.00049491327,-0.00050449032,0.00096571684,-0.0019859396,0.0015035676,0.0020316016,-0.0022694577,-0.00044433326,0.0022643716,-0.00093171399,0.0014708382,-0.00063711517,-0.00017120102,1.3778571e-05,1.8692255e-05,1.7303532e-05,0.00039981936,9.8776405e-05,0.00078582931,-0.00040532469,5.9947587e-05,-0.00053439393,-0.0015417079,0.00097108724,0.00016691572,0.00034265856,0.00041639516,-0.00037909666,0.00085390316,-0.00064050544,-0.00069335728,0.0017509988,7.996175e-05,-0.0017464906,0.00060862236,-0.00081036532,0.00028618609,5.7997797e-05,0.036883627,0.0066843641,0.005174693,-0.002878304,0.0013481714,0.0016499479,0.0029607166,-0.00084020256,4.6249941e-05,0.0094620153,-0.0042212264,0.004188587,0.0019947865,-0.000341773,-0.0012356775,-0.00083722506,0.000968218,-0.007155266,-0.0032214206,-0.0060249048,-0.001708956,-0.013051344,-0.0056322696,0.0027480417,-0.00082838081,0.00013260663,0.20535565,-0.12392953,-0.048423098,0.018866549,-0.024300243,-0.032468213,0.0093949304,-0.020162004,-0.033851744,0.0046824272,0.0095222147,-7.870622e-05,-0.04068288,0.015248467,0.011627613,-0.007363545,-0.0026937466,0.0060411425,0.013270681,0.010875071,0.032846459,-0.0130069,0.03673074,0.021161378,0.057527122,0.027224838,-0.028053951,0.021355881,-0.0027070804,0.00013864471,-0.0022870557,0.012561604,-0.010194191,0.0082775209,-0.0092058068,0.0046205158,0.021905098,-0.0087538624,-0.002807984,-0.00043971546
-0.0027896956,0.0010172844,0.0045255233,0.00051407469,-0.0003999691,-0.0028788167,-0.00051924426,-3.1970278e-05,8.801046e-06,0.00041553208,-3.4130465e-05,0.00011896892,-0.00010357229,3.2620468e-05,-0.00078700649,-0.0015475757,0.00081880744,0.0040880687,-0.031248391,0.00038402431,0.00014137043,0.00017997564,-0.00059722849,-0.00044474286,-0.00054843237,0.0004078554,-5.1522943e-05,0.00071675866,0.00063271116,0.00085753263,-0.00024189732,-0.00027356955,-0.00033869391,0.00029502451,-0.00097853265,0.00090607291,0.0013535196,-0.0010448756,-0.0005585574,0.00025124192,0.0010526365,0.00047672983,-0.00039822218,-3.4583728e-05,-4.9909224e-05,-0.00012527135,-0.00014941669,0.00010485337,0.00015221665,0.00028983378,-0.00028180368,3.4995203e-05,-0.00038370951,-0.0006095626,0.00019407247,0.00011055763,0.00019115564,0.00023053135,-3.2397205e-05,0.000489713,-0.00035554393,-0.00045846682,0.00075532123,0.0001854416,-0.00017090792,-0.0006328957,-0.00034135154,0.00024245086,1.0560819e-05,0.020238212,0.0037043742,0.0026189617,-0.0015406115,0.00066669833,0.00081890645,0.0015582274,-0.00047218979,1.4316297e-05,0.0049952109,-0.0023630286,0.0028934087,0.0013906017,-0.00021262369,-0.00067745322,6.433666e-05,0.00047193718,-0.0041083936,-0.0017280321,-0.0035188084,-0.00087673727,-0.0055337109,-0.0053282451,0.001539625,-0.00047655358,4.8723682e-05,0.11303256,-0.067239547,-0.024513435,0.010173243,-0.013414396,-0.016825486,0.0050136377,-0.010687888,-0.018318427,0.0022090698,0.0053459388,-4.4435879e-05,-0.021430496,0.0076257527,0.0044134665,-0.0046353882,-0.001425059,0.0033372442,0.0058050988,0.0052372159,0.01862841,-0.0063461514,0.020812721,0.011134324,0.027224838,0.021176656,-0.015738512,0.011614253,-0.0013858164,9.0347047e-05,-0.0012508389,0.0071754404,-0.0055676925,0.0044872442,-0.0050166015,0.0023401553,0.011189248,-0.0047819113,-0.0015439898,-0.0001107136
0.0034198615,-0.001586041,-0.0053385069,-0.00068952223,0.0005679161,0.0031793184,0.00053831497,-2.4995746e-05,0.00013501664,-0.00034849063,-3.0975517e-05,1.9839708e-05,0.00032538382,0.00011503426,0.00040863861,-0.0015527211,0.00087760924,-0.00075065828,0.026428539,-0.00040966826,-0.00020696976,0.00032385744,0.0013753467,0.0007511976,0.00062861327,-0.00032594261,5.6676914e-05,-0.00055227152,-0.00068077729,-0.0015270589,1.4058934e-05,0.00025756706,0.00069995338,-0.0011181858,0.00090300228,-0.0011107692,-0.001036718,0.0012226027,0.00051315059,0.00013991287,0.00061517031,0.0020527853,0.0004498159,8.4049199e-05,-0.00013494423,0.00015984634,-0.00028853132,-0.00065260281,-0.00038623644,-0.00026231104,0.00022159606,-1.9278846e-05,0.00049651493,0.00069150533,0.00033026098,-0.00018110741,-0.00013492491,-0.00042510784,0.00052082305,-0.0002762877,0.0006859708,0.00036200659,-0.00078981433,-8.410479e-05,-2.3313859e-06,-0.00051335413,-0.0014471632,-0.00016151003,-4.9408106e-05,-0.022745395,-0.0042654117,-0.0028519885,0.0012164712,-0.0018700229,-0.0013680767,-0.0017406375,0.00031399646,5.4208241e-06,-0.0056186948,0.0028561872,-0.0016445272,-0.0013338363,0.00030279371,0.00026342482,0.0010800633,-0.00053971814,0.0046976325,0.0020544409,0.0042687121,0.0011918856,0.0054427043,0.0030433105,-0.0053171701,0.00061992458,-0.00010357203,-0.13083833,0.074454912,0.023812047,-0.011132265,0.015156855,0.017741512,-0.0043094024,0.014353596,0.022256897,-0.0011159803,-0.0057742163,4.3440574e-05,0.02445177,-0.0089235797,-0.010234703,0.0042008717,0.0011525506,-0.0023722729,-0.0093529838,-0.0041543558,-0.021899702,0.0066468305,-0.024625988,-0.012800741,-0.028053951,-0.015738512,0.028142425,-0.013221639,0.0016829014,5.7943726e-05,0.001574018,-0.008135966,0.0063481761,-0.0051201141,0.0057777085,-0.0023436501,-0.011122759,0.0054241071,0.0017580773,-0.00019145011
-0.0012893874,0.0019157243,0.0033353367,0.0003811219,-0.00037092303,-0.0019885532,-0.00021617451,1.4453941e-05,-2.0158669e-05,0.00026008299,4.6175342e-05,7.0689685e-05,-0.00018225358,-0.0001486615,-0.0010849607,-0.00094513833,0.00020735071,0.00274016,-0.022654277,0.00019558956,4.5095699e-05,-0.00012724495,-0.0001884321,-0.0002750666,-0.00072356104,0.00028250375,-4.6009206e-05,0.00047282118,0.00067602799,-0.00020107399,-0.00038004363,-0.00018738033,-0.00024226506,0.00052680924,-0.00098654724,0.00077260646,0.00090853806,-0.00070880593,-0.00012439891,-0.00030354881,-0.00069604094,0.00071835372,0.00038579508,-7.0833119e-05,7.1832245e-05,-4.6388555e-05,6.0087458e-05,-1.5150015e-05,1.3223835e-05,0.00038812993,-0.00012576194,2.3034344e-05,-0.00033611718,-0.00059948778,0.00058885614,0.0001395923,0.00012564502,0.00019715349,-0.00024146065,0.00044877248,-0.00031003236,-0.00034428797,0.00060882389,4.8867325e-05,0.00028780782,0.00057082162,-0.00041332154,-0.00012440302,2.4885623e-05,0.016826424,0.0031058471,0.0022635636,-0.0012468507,0.00050270587,0.00070744664,0.0013618139,-0.00035019528,2.6235234e-05,0.00422937,-0.0020555648,0.0020325431,0.0010944541,-0.00022373732,-0.00054397888,-0.00040662914,0.00066100357,-0.0032731569,-0.0013880973,-0.0030225001,-0.00072138283,-0.0038333167,-0.0021503427,0.0012904203,-0.0012196061,6.1444865e-05,0.094288114,-0.05881154,-0.028194497,0.0083083258,-0.011345684,-0.015888989,0.0035256849,-0.0098944675,-0.01577789,0.0034253944,0.0043443397,-1.7483178e-05,-0.018493697,0.0077028601,0.0052589337,-0.0049678032,-0.0014120124,0.0025906521,0.0067953163,0.0072505025,0.014615879,-0.0074502896,0.017858418,0.010206159,0.021355881,0.011614253,-0.013221639,0.012982752,-0.0013074716,2.3832085e-05,-0.0010278287,0.0054927128,-0.0044435053,0.0035257573,-0.004269691,0.0026827466,0.01230561,-0.0036951041,-0.0013496306,-0.00077846322
0.00022778748,-0.00036748615,-0.00045344358,-6.0515787e-05,6.4057193e-05,0.00026149448,3.2457179e-05,3.9348895e-06,-3.9858858e-06,-2.8094056e-05,-1.0576442e-05,-8.3995891e-06,3.0742464e-06,3.2621785e-05,9.9378479e-05,5.7902196e-05,-1.7378732e-05,-0.00029905922,0.0028638117,-2.7884814e-05,2.3676313e-05,3.9313473e-05,1.9298055e-05,3.7351738e-05,7.9546276e-05,-2.8333562e-05,5.9456017e-06,-3.5847316e-05,-0.00014042451,-2.9434487e-05,1.9694483e-05,1.5307543e-05,1.9605276e-05,-0.00011666835,0.00012851898,-0.00010764139,-0.00015125024,0.00012402383,3.0263391e-05,5.7452451e-06,0.00012583341,-0.00010441439,2.9505891e-05,3.1945506e-05,-1.293281e-05,-1.0563544e-05,-2.5351658e-05,7.7283736e-06,5.2555028e-07,-4.023351e-05,1.7320668e-05,-3.7628444e-06,5.2519689e-05,0.0001191265,-4.3458166e-05,-3.4981322e-06,-6.6423114e-06,-1.530371e-05,7.5312266e-05,-6.752614e-05,4.2948693e-05,7.1944174e-05,-9.5709163e-05,-1.5280906e-05,-4.2364547e-05,-8.7502399e-05,6.7175616e-05,-1.5262241e-05,-2.1512473e-05,-0.0020995977,-0.000392449,-0.00031481742,0.00014562697,-5.1675631e-05,-9.4291394e-05,-0.00016827654,3.9998746e-05,-4.863091e-06,-0.00054760678,0.00027623721,-0.00024314442,-0.00011882969,3.562939e-05,8.5953468e-05,0.00013822585,-7.383729e-05,0.00039877714,0.00021243649,0.00039386911,0.00011354663,0.00049743564,0.00025378383,-0.00016655819,5.5061481e-05,-3.0656293e-05,-0.012096713,0.0072104491,0.0031465876,-0.001201682,0.001460623,0.0020111323,-0.00043985742,0.0011573543,0.0020196183,-0.00030912632,-0.00054165067,6.8913039e-06,0.002370821,-0.00099265745,-0.00068463008,0.00048005348,0.00012595044,-0.00039242616,-0.0011154182,-0.00071942279,-0.0018428494,0.00078016428,-0.0022745707,-0.0012959402,-0.0027070804,-0.0013858164,0.0016829014,-0.0013074716,0.00023307073,2.3642742e-06,0.00013425949,-0.0007597171,0.00060870989,-0.00048008145,0.00054711853,-0.00029856274,-0.0014046085,0.00049970569,0.0001549576,7.3579527e-05
2.3023513e-05,7.6159679e-05,-0.00034344509,1.8401687e-05,-8.9066853e-05,6.2988475e-05,-1.9380782e-05,-1.139116e-05,-3.7663317e-05,6.8171026e-05,-0.00014326392,0.00012316247,-0.00013534703,0.00015190609,-0.00023136049,-0.00010309286,7.850333e-06,0.00013780362,6.2019342e-05,0.0011314026,-3.5065615e-05,-0.00011252249,9.7395521e-05,3.7226715e-06,-8.9631468e-05,5.0659114e-05,-5.5320366e-06,0.00020364957,1.5905231e-05,-7.6362988e-05,8.0750378e-06,-4.2775164e-06,3.5163484e-05,8.7931625e-05,-8.710357e-05,2.8484285e-05,-8.0679164e-05,1.2316108e-05,0.00030048003,8.1797254e-06,-6.6038431e-05,0.0001083242,-1.6237632e-05,-1.239029e-05,-0.0010159973,5.0362887e-06,6.8327834e-05,-2.9395076e-05,-1.8587587e-05,-6.192024e-06,-2.9525363e-05,4.9104833e-06,-4.669223e-05,8.928571e-06,9.150082e-05,2.3239648e-05,-1.0693526e-05,-1.2183489e-05,-3.3120847e-05,4.3242086e-05,-1.3031886e-05,4.5571907e-05,-1.1350958e-05,-9.5939295e-05,1.0161988e-05,6.9365349e-05,-2.8593958e-05,-7.1523507e-06,1.8432823e-06,0.00032697162,0.00038264305,5.7037002e-05,-7.3663546e-05,-4.7512243e-05,-0.0001183151,-9.4333553e-05,-2.0713941e-05,-8.2699478e-06,0.00020912376,2.2557533e-05,6.6278638e-05,-2.3984316e-06,4.1171626e-06,-4.2065848e-05,8.2869881e-05,-3.5176598e-05,-3.9556207e-07,0.00010380192,-1.864881e-05,9.0113802e-05,-0.00010578075,-7.7581278e-05,-8.3974553e-05,-1.0428913e-05,-4.1009418e-06,0.00095887047,-9.3924725e-05,0.00060492624,0.00048657342,0.0001812297,1.9185071e-05,7.757353e-05,0.00015580027,3.0810218e-05,-2.6785306e-05,-2.5827576e-05,1.4874171e-05,-0.00026781318,-0.00023018303,-0.00034407894,0.00015100257,3.1374338e-05,5.6405399e-05,-0.00016126336,-0.0003309169,0.00011265898,-6.2604946e-05,2.7362353e-05,-0.00018837399,0.00013864471,9.0347047e-05,5.7943726e-05,2.3832085e-05,2.3642742e-06,0.0012147903,-0.00058474675,0.00010519973,-0.00011047357,0.0001002745,-0.00015230175,-6.9372302e-05,-0.00011854385,-2.6638801e-05,-1.3172015e-05,7.0913657e-05
0.00040181892,-0.00062198541,-0.00022261908,-0.00012648369,0.00021612108,0.00037611877,0.00018649805,-4.4764182e-06,7.661117e-05,-0.00016816338,0.00017126502,-0.00019526301,0.00025018886,-0.00019648572,0.00030186859,4.7609675e-05,-6.521752e-05,-0.00037715578,0.0034312195,-0.00083384479,6.4380842e-05,0.00023005643,4.6872745e-05,0.00016466765,0.00032001065,-7.3725843e-05,2.575682e-05,-0.00029158163,-0.00037014207,1.3605873e-05,-0.00016000962,1.957496e-05,7.6693479e-05,-0.00017488263,0.0003086918,-0.00024917055,-0.00027017205,0.00021061882,-0.00032520429,2.4047845e-05,0.00014337983,-0.00018321494,0.00013241734,3.6619647e-05,0.00045057328,-6.1773562e-05,-9.2795352e-05,7.4745107e-06,-4.3245807e-05,-7.7447849e-05,6.0359456e-05,-1.1808378e-05,0.00012417792,0.00020224023,-7.0329399e-05,8.5832526e-05,-1.8513027e-05,-3.4714302e-05,7.9311224e-05,-0.0001035262,9.0430964e-05,9.1692725e-05,-0.00014770005,5.0691375e-05,-6.3245969e-05,-0.00012498715,0.00011984918,-4.4099304e-05,-1.6183242e-05,-0.0023149697,-0.0020182873,-0.00032210324,0.00017166017,-1.3271599e-06,-4.6172847e-05,-0.00013286915,7.3349019e-05,-2.441432e-06,-0.00073442131,0.00022269754,-6.224323e-05,-0.00014766705,4.6421865e-05,6.0850131e-05,-2.1190795e-05,-5.515372e-06,0.00039818547,7.8184347e-05,0.00032115866,-2.8125529e-05,0.00051739964,0.00028318859,-0.00014077388,5.1666367e-05,-2.5831413e-06,-0.012506235,0.0059462941,0.00063298332,-0.0027517259,0.0043793191,0.0013341782,-0.00057438901,0.00056846365,0.0018335702,0.0001972529,-0.00061179531,2.8831124e-05,0.0022521351,-0.00059718856,-0.0010061579,6.1864079e-05,9.7377595e-06,-0.00031817422,-0.00052142245,0.00041111077,-0.0020297088,0.0005127112,-0.0018941074,-0.00085240332,-0.0022870557,-0.0012508389,0.001574018,-0.0010278287,0.00013425949,-0.00058474675,0.0019576862,-0.00107828,0.00088847279,-0.00071566712,0.00071646968,-5.2809203e-05,-0.00052965748,0.00071700939,0.0001042491,-0.00017301419
-0.0040901404,0.0019879664,0.0027746279,0.00056975046,-0.00051953373,-0.0027906092,-0.00080316618,-6.0881897e-05,-2.2874658e-05,0.00019630048,-5.3922248e-05,0.00055813545,-0.0002484083,0.00040321105,-0.00063244927,-0.00032590439,0.00025969137,0.0018267981,-0.017284518,0.00046139208,-5.9724898e-05,-0.00017985516,-4.3366242e-05,-0.00054614841,-0.00069290973,0.00012311897,-6.9253099e-05,0.00055186615,0.00075913984,0.00088185732,0.00024307148,1.5553914e-06,-0.00056911563,0.00012303245,-0.00090581095,0.0010356619,0.0013112919,-0.0013368213,-0.00041342386,-0.00062990311,-0.0010073972,0.001253698,-0.00051515719,-9.2022935e-05,-5.513129e-05,4.6214532e-06,0.00014016625,-4.0092905e-05,0.00036624998,0.00050215311,-7.7955846e-05,3.3362326e-05,-0.00039527851,-0.00063981249,-0.00017715735,-0.00011631389,-1.8653327e-05,0.00036412039,-2.5707273e-05,0.00048574871,-0.00059022585,-0.00059267271,0.00079220587,6.2445254e-05,0.00033128543,0.00050881333,-0.00062230176,0.00018330858,5.0033401e-05,0.011476163,0.0024465068,0.0016124624,-0.00083543193,0.00023710785,0.00065916102,0.00099628566,-0.00018738148,1.9697525e-05,0.0028889654,-0.001425361,0.00081318199,0.00052038179,-0.00022214801,-0.00025806303,-0.00022872161,0.00052506927,-0.0023613408,-0.0010617444,-0.0018507909,-0.00047799894,-0.0026014322,-0.0015687426,0.00071420536,-0.00022441616,4.5611023e-05,0.064019343,-0.03324365,-0.0073178695,0.011943496,-0.0093623905,-0.0080785016,0.0029145371,-0.0046577897,-0.01023253,-0.00027965687,0.0028779167,-0.00010133523,-0.011262576,0.0040592672,0.0044661852,-0.00052149754,-0.00028870899,0.0016020311,0.0032448112,-0.00058545169,0.010748706,-0.0025879526,0.010515124,0.0054695924,0.012561604,0.0071754404,-0.008135966,0.0054927128,-0.0007597171,0.00010519973,-0.00107828,0.0077285636,-0.0055454769,0.0042696513,-0.0030820627,0.00083323226,0.0032712313,-0.0045223689,-3.9932034e-05,0.0001628975
0.0020847761,-0.002902779,-0.0027393401,-0.00048954554,0.00050131361,0.0017748325,0.00022497214,4.6949808e-05,1.7652802e-05,-0.0001780622,4.4764673e-05,-0.00035299393,0.00017193456,-0.00029726795,0.00049112551,0.00032469879,-0.00011223798,-0.0014960858,0.013571598,-0.00041037278,0.00013082056,0.00029861283,5.4724161e-05,0.00027148019,0.0005223827,-0.00012432965,4.9813814e-05,-0.00031941519,-0.00083713741,0.0002391591,-8.878543e-05,4.5355048e-05,0.00038609533,-2.1007319e-05,0.00078583687,-0.00091455719,-0.0010363956,0.0010091798,0.00015944441,0.00031404832,0.00089184597,-0.00099449114,0.00028465917,9.1964928e-05,4.5419952e-05,-4.6686957e-06,-0.00021467482,5.7175308e-05,-9.4516718e-05,-0.00038255953,5.4688951e-05,-2.1648269e-05,0.00030275007,0.00063692039,-0.0003545911,4.6657526e-05,-1.0374976e-05,-0.00026606349,-5.2729716e-05,-0.00035093657,0.00048208702,0.00046514664,-0.00069733365,3.1405406e-06,-0.00021996092,-0.00050334215,0.00056572853,-0.00013062011,-4.4133181e-05,-0.0094767226,-0.0020368463,-0.0013463484,0.00065421384,-0.00016657292,-0.00045355212,-0.00082404716,0.00016085101,-1.4803082e-05,-0.0024052896,0.0011804652,-0.00096407608,-0.00043892769,0.00016088847,0.00022615359,0.00017746504,-0.00040936729,0.0019317588,0.00090408554,0.0015361487,0.00040988619,0.0021468604,0.001213178,-0.00055617724,0.00021017055,-4.050865e-05,-0.049381241,0.027259586,0.0061381219,-0.00867032,0.0073671785,0.006610427,-0.0022594836,0.0036444509,0.0078017972,0.00016504888,-0.0022841289,7.2454163e-05,0.0091434056,-0.0033679553,-0.002524877,0.00060997967,0.00026435131,-0.0013117362,-0.0025460151,0.00031130912,-0.0084996552,0.0018990257,-0.0084052931,-0.0043759068,-0.010194191,-0.0055676925,0.0063481761,-0.0044435053,0.00060870989,-0.00011047357,0.00088847279,-0.0055454769,0.004516504,-0.0035875674,0.002423501,-0.00069507896,-0.0027215559,0.0037114552,5.3740359e-05,-0.00012704035
-0.0016921321,0.0022507847,0.0019046111,0.00036408342,-0.00042615047,-0.0012833031,-0.00019727335,-4.1564985e-05,-8.7937436e-08,0.00013542018,-3.1802925e-05,0.00027503072,-0.00016186975,0.00024234442,-0.00039039754,-0.00023635919,-5.5538195e-05,0.001231695,-0.01068125,0.00033069822,-8.4933508e-05,-0.0002398001,-8.5724508e-05,-0.00020909562,-0.0004070946,9.2276169e-05,-3.8479841e-05,0.00027270849,0.00067022435,-0.00018371875,0.00011698774,-3.1407231e-05,-0.00030256408,5.5239054e-06,-0.00058317459,0.00068599275,0.0008043783,-0.00079741593,-8.9671137e-05,-0.00021442744,-0.00071127134,0.00076608244,-0.00022178344,-7.0078243e-05,-3.9137113e-05,-2.5754202e-05,0.00018101773,-4.2468122e-05,7.6346998e-05,0.00028000581,-1.7688248e-05,1.0649399e-05,-0.00024055877,-0.0005323532,0.00027426657,-6.579013e-05,1.9857169e-05,0.00022494801,7.9158387e-05,0.00026070706,-0.00035010146,-0.0003637578,0.0005959159,-2.3478357e-06,0.00013682739,0.00038270551,-0.00039916272,9.3646482e-05,3.27918e-05,0.0078195281,0.001669038,0.0010988886,-0.00053913488,0.0001556121,0.00037788511,0.00068503203,-0.00013444768,1.4181873e-05,0.0019984884,-0.00096595191,0.00076020323,0.00036846665,-0.00013107856,-0.00018927356,-0.0001452258,0.00031975388,-0.0015898392,-0.00074619674,-0.0012637803,-0.00034954809,-0.0018304895,-0.0010121607,0.00046613942,-0.00017169996,3.0929811e-05,0.038850617,-0.022121958,-0.0049144058,0.006641338,-0.0058513138,-0.0052669336,0.0018345204,-0.002962686,-0.0062009977,-0.00017365462,0.0018128867,-5.98175e-05,-0.0073939265,0.0026785402,0.0019621438,-0.00054350497,-0.00019840075,0.0010529648,0.0020018172,-0.00013335731,0.0068123597,-0.0014803569,0.0067251959,0.0034878702,0.0082775209,0.0044872442,-0.0051201141,0.0035257573,-0.00048008145,0.0001002745,-0.00071566712,0.0042696513,-0.0035875674,0.0030696557,-0.0019199265,0.00056215062,0.0021766337,-0.0030829585,-4.617061e-05,0.00012025894
0.0011755038,-0.0011132905,-0.0011779182,-0.00027677062,0.000252831,0.00095705073,0.00022507527,-5.8735539e-07,4.4471634e-05,-0.0001530923,4.4725614e-05,-9.5651425e-05,7.1527797e-05,-6.1109735e-05,0.00025405794,0.00022209875,-3.8888547e-05,-0.0012862292,0.011248288,-0.00031416701,2.5436268e-05,0.00014147119,8.4240002e-05,0.00023994091,0.00049129018,-0.00011304859,2.8457056e-05,-0.00028426831,-0.00045001075,-0.0001546147,-1.2551951e-05,3.9177932e-05,0.00018804292,-0.00019378044,0.00057975202,-0.00040963572,-0.0005031754,0.0005130724,2.1703726e-05,0.00016631057,0.00044352788,-0.0005218758,0.00014925019,4.4433632e-05,8.2250669e-05,3.2036274e-06,-0.00010717188,1.0321346e-05,-9.2943223e-05,-0.00029997819,6.7382366e-05,-1.584422e-05,0.00017792119,0.00034399882,-0.00011646353,5.2295545e-06,-3.1988801e-05,-0.00012836226,6.5340725e-05,-0.00027975195,0.00020209726,0.00018508119,-0.00034795601,-1.6920581e-05,-0.00015062176,-0.00027950319,0.00030226143,-5.5316452e-05,-2.1062878e-05,-0.0082918294,-0.0016901313,-0.0011750518,0.00060392606,-0.00020745459,-0.00039727203,-0.00069794356,0.00016585553,-1.1491295e-05,-0.002160861,0.00095914451,-0.0008553478,-0.00043092471,0.00012086458,0.00025284021,0.00016182076,-0.0002549218,0.001622337,0.00069614889,0.001410373,0.00033977581,0.0019259731,0.001056523,-0.00054659815,0.00021607733,-3.1182185e-05,-0.043650846,0.024470589,0.0076071123,-0.0053566865,0.0056296368,0.006202021,-0.001883862,0.0035916071,0.0070412483,-0.00029083088,-0.0019905117,4.314466e-05,0.0082701517,-0.0028626178,-0.0026177673,0.0011148261,0.00038485319,-0.0012113714,-0.0025953177,-0.00097236762,-0.0070922696,0.0023465743,-0.0077094316,-0.0041305083,-0.0092058068,-0.0050166015,0.0057777085,-0.004269691,0.00054711853,-0.00015230175,0.00071646968,-0.0030820627,0.002423501,-0.0019199265,0.0022028007,-0.00078716019,-0.0032926969,0.0020086898,0.00054023154,-0.00014419334
-0.00013246904,0.00026731884,0.00059267314,8.247964e-05,-4.1721399e-05,-0.00028187995,6.6593981e-06,1.0384223e-05,-2.4908243e-05,2.7287632e-05,8.5743707e-05,2.8901487e-05,-5.7543726e-05,-3.1239258e-05,-0.00047213342,-9.3272896e-05,3.0308763e-05,0.000441008,-0.0022446375,-6.8528932e-05,-1.0948255e-05,-2.5654997e-05,-6.6910415e-05,-5.4707282e-05,-0.00021850278,4.5435218e-05,1.1231345e-06,-3.6866505e-05,8.9242504e-05,9.2074722e-05,-2.9203577e-05,-5.4800341e-05,-2.7493146e-05,0.00013134311,-9.0294201e-05,0.00011642054,0.00013413227,-0.00015721381,-0.00014398946,-2.0585319e-05,-0.00013621231,0.00010534062,8.5829303e-07,-8.6799368e-06,5.6626871e-05,-3.6081601e-06,2.4254762e-05,2.8836401e-06,3.7727892e-06,0.0001286464,-2.4820497e-05,1.1931689e-06,-2.1521353e-05,-0.0001264363,8.0983615e-05,9.5415428e-06,2.8675135e-05,2.9884364e-05,-7.7751644e-05,6.5842173e-05,-5.0749803e-05,-7.1667841e-05,0.0001303994,6.0160812e-05,5.0121538e-05,7.7242508e-05,-4.4356991e-05,-5.2109944e-07,1.4958431e-06,0.0033072582,0.0005065316,0.00045928115,-0.00023184206,0.00013523073,0.0001822648,0.00028494744,-6.8628047e-05,3.1302502e-06,0.00082460153,-0.0003561346,0.00041528268,0.00019189427,-1.7980523e-05,-0.00012134747,-9.5042299e-05,9.2267984e-05,-0.00062949,-0.00022631883,-0.00059769178,-0.00012079567,-0.000796869,-0.00042235439,0.00027281616,-9.5064478e-05,6.9888241e-06,0.015776781,-0.01324982,-0.011551862,0.0012093848,-0.00200732,-0.0043748481,0.00018825941,-0.0028990153,-0.0032039149,0.0020116091,0.0007328692,5.3092354e-05,-0.0036988286,0.002059617,0.00096044551,-0.0015515331,-0.00060729851,0.00040357428,0.0018887324,0.0044755493,0.0019775122,-0.002709683,0.0033910726,0.0022156684,0.0046205158,0.0023401553,-0.0023436501,0.0026827466,-0.00029856274,-6.9372302e-05,-5.2809203e-05,0.00083323226,-0.00069507896,0.00056215062,-0.00078716019,0.0011972842,0.0044077882,-0.00060055215,-0.0002986673,-0.00069202322
-1.8368418e-05,0.0005437904,0.0031666991,0.00020055366,-0.0001437414,-0.0013765296,-1.579714e-06,8.2511586e-05,9.8843169e-05,0.00010136507,0.0002775004,-5.620414e-05,-0.00072366341,-0.00040195704,-0.003701321,-0.00096768136,0.00051982547,0.002074348,-0.012645474,-6.7197283e-05,3.6397557e-05,8.8400579e-05,-0.00028319971,-0.00012718427,-0.00061674352,0.00021015522,1.9245892e-06,1.7732758e-05,0.00051484828,0.00036251517,-6.3109894e-05,-0.00022836995,-5.7282223e-05,0.00065014512,-0.00055681451,0.00047168423,0.00050166518,-0.00034354798,-0.00023270952,8.244845e-05,-0.00028070233,0.00036214365,-3.2066234e-07,-2.2476529e-05,9.6411272e-05,1.8865873e-05,-0.00014860043,-1.8803172e-05,-9.8338139e-05,0.00027459185,-0.00011273427,4.6124939e-06,-0.00013648774,-0.00059910969,0.00028785883,7.4002633e-05,0.00012576293,7.1269232e-05,-0.00041746702,0.00033440878,-0.00014988288,-0.00028380259,0.0003488478,4.4545905e-06,0.0001302339,0.00019894946,-0.00021554157,2.1332638e-05,6.305682e-06,0.013228223,0.0023298745,0.0018037045,-0.00096659195,0.00059737697,0.00068007031,0.0011665356,-0.00034908611,8.6136143e-06,0.0032238359,-0.0017671205,0.0017135073,0.00072817687,-8.358928e-05,-0.00047535667,-0.00041828048,0.00035208163,-0.002598768,-0.00096587572,-0.0025152228,-0.00071334838,-0.0033630305,-0.0018429068,0.0011665137,-0.0003412273,4.0566662e-05,0.07683612,-0.060898156,-0.051145254,0.0047774504,-0.0095308477,-0.019713494,0.0011438874,-0.013071637,-0.014806282,0.0089961428,0.0035814028,0.0002172912,-0.017087046,0.0095652137,0.0042735593,-0.0069495417,-0.002606931,0.0020390174,0.008619435,0.019425176,0.0098810032,-0.011910038,0.016355766,0.010652185,0.021905098,0.011189248,-0.011122759,0.01230561,-0.0014046085,-0.00011854385,-0.00052965748,0.0032712313,-0.0027215559,0.0021766337,-0.0032926969,0.0044077882,0.023785431,-0.0022780027,-0.0013613528,-0.0031644503
0.0020019833,-0.0021050269,-0.0020763466,-0.00035302177,0.00041738852,0.0014105428,0.00025753069,6.4752772e-05,4.8650454e-05,-0.00013771508,2.2385758e-05,-0.00029545462,0.00013545934,-0.00025016709,0.00042522809,0.00037984948,-0.00013709084,-0.0012755906,0.011192385,-0.00031658918,7.4365787e-05,0.00016914101,0.00037645126,0.00014851753,0.00056824477,-0.00015465883,4.4102181e-05,-1.9026771e-05,-0.00089236319,-1.4046293e-05,-0.00035577661,0.00013091062,0.00030562337,-0.00011461556,0.00061287971,-0.00051000238,-0.0011099307,0.00091936749,6.8362269e-05,0.00011146921,0.00069130427,-0.00071456197,0.0002555286,6.8440719e-05,2.8559869e-05,2.2972642e-05,-0.00014395081,-0.00021575111,-3.9744609e-05,-0.00044414899,8.146655e-05,-1.9198856e-05,1.0908407e-07,0.00069586962,-0.00020023014,0.0002716039,-9.6667361e-05,-0.00021762873,4.7120033e-05,-0.00030109743,0.00019379389,0.00059995651,-0.00064340447,5.5904526e-05,-4.6283915e-05,-0.00035695254,0.00035211673,-0.00010976805,-3.3639288e-05,-0.0081122197,-0.0017017472,-0.0011501254,0.00058066349,-0.00030800432,-0.00036139921,-0.00073614053,0.00015166845,-1.5478334e-05,-0.0021938418,0.0010358116,-0.00082948698,-0.00026929117,8.9572538e-05,0.00021076906,0.00017639749,-0.00031699405,0.0015723111,0.00087098167,0.001257118,0.00039399085,0.0019634372,0.0010959182,-0.00051919481,0.00017500762,-3.1878008e-05,-0.040957507,0.022970003,0.0052006924,-0.0069350822,0.0060945312,0.0055369699,-0.0019260445,0.0033931851,0.0064558287,0.00034399886,-0.0019508757,6.9636105e-05,0.0079789501,-0.002813474,-0.0020877809,0.00036738728,0.00031073819,-0.0011250481,-0.0021929187,0.00011417311,-0.0069586866,0.001398334,-0.0068992091,-0.0036847483,-0.0087538624,-0.0047819113,0.0054241071,-0.0036951041,0.00049970569,-2.6638801e-05,0.00071700939,-0.0045223689,0.0037114552,-0.0030829585,0.0020086898,-0.00060055215,-0.0022780027,0.0040037605,9.3591601e-05,-0.00011165909
-4.0158601e-05,0.00016191963,-5.4052328e-06,-1.5446651e-05,-4.9704168e-06,7.9266988e-06,9.6809292e-06,-2.413812e-06,2.2977927e-05,-4.1692869e-05,-1.6170258e-06,7.3193987e-05,-2.0564143e-05,5.8306646e-05,-3.1111822e-05,-9.7269995e-05,9.2618729e-05,-0.00025703766,0.0026394976,-1.85924e-05,1.5303183e-05,-3.065238e-05,0.00012337938,5.112373e-05,0.00012227868,-3.0270952e-05,1.7330217e-07,1.380179e-05,6.0056311e-05,-6.8183476e-05,2.022655e-05,4.8181511e-05,-3.0427891e-05,-9.3297397e-05,6.0914021e-05,5.1666386e-05,1.3395776e-05,3.9616486e-05,2.7176506e-05,-6.9568494e-05,-5.3034827e-05,5.260025e-05,-6.9546606e-06,-3.6682496e-06,-2.5633232e-06,-1.9658456e-05,-3.0832243e-06,-7.1486321e-05,-2.5258463e-06,-4.9041572e-05,2.948022e-05,-3.1407945e-06,-2.8263916e-05,-2.1370731e-05,-6.6487927e-05,-2.1523551e-05,-3.6071849e-05,2.3157526e-05,4.5244177e-05,-2.6354155e-05,-4.3357796e-05,-5.7397202e-05,-5.1724561e-05,-3.4974009e-05,2.1710198e-05,1.9270076e-05,-1.1299204e-05,2.3264652e-06,3.1747219e-06,-0.002320517,-0.00038161534,-0.00033029088,0.00018788441,-0.00012067282,-0.00010240717,-0.00017544802,4.9786381e-05,-3.9149219e-06,-0.00063177791,0.0002283372,-0.00029691367,-0.00011962174,2.2928287e-05,8.7376131e-05,4.70766e-05,-4.1184308e-05,0.00042690626,0.0001415865,0.00040317024,8.18464e-05,0.00056944361,0.00031971322,-0.00021335612,7.8898258e-05,-6.9919994e-06,-0.011846153,0.0075961235,0.0031267864,-0.00018763042,0.0011414586,0.0019988977,-0.00053918055,0.0012747873,0.0019917712,-0.00024990116,-0.00053392947,6.1080486e-06,0.0025692524,-0.00077002029,-0.0007481824,0.00055349034,0.00017372779,-0.00036664241,-0.00084987291,-0.00080983359,-0.0018508811,0.00089002335,-0.002296534,-0.001285252,-0.002807984,-0.0015439898,0.0017580773,-0.0013496306,0.0001549576,-1.3172015e-05,0.0001042491,-3.9932034e-05,5.3740359e-05,-4.617061e-05,0.00054023154,-0.0002986673,-0.0013613528,9.3591601e-05,0.00053176342,-4.2974349e-05
-0.00019202514,0.00014062685,-0.00012462592,5.2907132e-05,-4.4062225e-05,4.6202784e-06,-3.3313248e-05,-1.2546248e-05,-7.1840673e-06,2.9646701e-05,-9.2923583e-05,-1.8083256e-05,0.0001272323,4.2961474e-05,0.00059220142,-1.0720832e-05,-2.950942e-05,0.00024388868,-0.0026659824,0.00012687668,-3.9758408e-06,-4.9716264e-06,8.1282843e-06,-5.0765629e-05,2.3707917e-05,1.866211e-05,-8.0800385e-06,0.00010586703,8.8370731e-05,-4.2010951e-05,-1.9114833e-05,1.1938834e-05,-1.2699262e-05,-6.4023882e-05,-8.8594879e-05,1.1413787e-06,3.1134765e-05,-2.9153296e-05,7.9184836e-05,4.6253539e-06,-5.4636131e-05,5.0246224e-05,-3.7085744e-05,-4.7449274e-06,-3.7528182e-05,4.6298208e-06,2.6533677e-05,-9.8769094e-06,4.1276838e-05,-1.3717291e-05,-1.4949324e-05,5.1004813e-06,-9.1930052e-06,-1.6505653e-05,-3.2814728e-05,-1.8302215e-05,6.0473033e-06,-1.5532147e-06,8.8515579e-05,8.0912987e-06,-9.5537061e-06,7.9227082e-07,1.2092742e-05,4.0638623e-06,-8.414253e-06,2.8480439e-05,-7.8702582e-05,1.4190006e-05,9.5661197e-07,0.00050998034,0.00019182091,5.9667942e-05,-6.7763416e-05,-5.2960222e-05,-1.3099478e-05,2.9600929e-05,6.1845204e-07,4.0020433e-06,0.00020940848,-1.4581068e-05,-0.00010915096,-9.4726799e-07,-3.1196068e-05,-7.1074444e-06,2.2656641e-05,4.0918038e-05,-8.1494501e-05,-9.1731977e-05,2.5075433e-06,-6.626066e-06,-0.00010506179,-5.4245018e-05,-4.8870212e-05,-1.2878561e-05,-1.1332601e-06,0.0027139235,0.0021366211,0.0077892545,0.00045604424,-0.0002378649,0.0015876866,0.00067803057,0.0012510765,0.00017482864,-0.0018574609,0.00012673773,-7.2744285e-05,-7.3238057e-05,-0.00081217066,0.00031478849,0.00094090141,0.00040604935,0.00013507317,-0.00075029254,-0.0038158268,0.001039352,0.0016848086,-6.7107828e-05,-0.00035287274,-0.00043971546,-0.0001107136,-0.00019145011,-0.00077846322,7.3579527e-05,7.0913657e-05,-0.00017301419,0.0001628975,-0.00012704035,0.00012025894,-0.00014419334,-0.00069202322,-0.0031644503,-0.00011165909,-4.2974349e-05,0.0011368114
