 0.10452599E-01    0.21011345E-02    0.14221999E-01    0.27555742E-02    0.55438080E-02
 0.20042972E-01   -0.11577090E-02    0.80132737E-03    0.30667512E-03    0.68873527E-03
 0.18217364E-03   -0.11632925E-02   -0.24159858E-03   -0.88069135E-04    0.57911252E-03
 0.17544795E-02   -0.16116748E-03   -0.55325277E-02   -0.18372112E-03    0.99666436E-04
 0.35374875E-02    0.18954698E-02    0.14765376E-02    0.13971176E-02   -0.38421891E-04
 0.27565990E-04    0.34685497E-03    0.14501088E-02    0.29418579E-03   -0.15236319E-03
-0.10659308E-03   -0.12256654E-03    0.33409569E-04    0.73420711E-04    0.49675083E-04
 0.27467894E-03    0.86333125E-06   -0.35193645E-04   -0.34674332E-04    0.33118076E-04
 0.13168917E-04    0.33076899E-04    0.19753130E-05   -0.68833651E-04    0.62188901E-03
-0.62961754E-04    0.22516907E-03    0.58969501E-04    0.38179249E-04   -0.92898088E-04
-0.43791227E-04   -0.32342890E-04   -0.18804005E-04   -0.16902610E-05    0.30901784E-03
 0.58481935E-04   -0.34316374E-04    0.12526561E-04   -0.86389331E-05    0.64826259E-04
 0.29984630E-04    0.43806536E-04    0.18431557E-04    0.10327144E-03   -0.82415002E-04
 0.79422433E-03   -0.44936160E-03   -0.15965310E-03    0.77297168E-03    0.40479366E-04
-0.42145022E-05   -0.71897981E-03   -0.11935983E-03   -0.19061644E-04    0.18820474E-04
 0.22970897E-04    0.17844806E-04    0.88697764E-03    0.20849936E-03    0.28150483E-03
 0.16734257E-03    0.69862108E-05    0.79344044E-04    0.23787684E-03    0.14117871E-03
-0.14454523E-04    0.20874529E-04   -0.58717750E-04    0.72714938E-04   -0.23296486E-03
 0.15195217E-02   -0.57636422E-03   -0.12935879E-03   -0.44110298E-03    0.84960453E-04
-0.47348408E-04   -0.49827484E-05   -0.21607284E-03   -0.30165607E-04    0.24230823E-04
 0.61361022E-04   -0.47001857E-04    0.10481268E-03   -0.12733781E-03    0.79195967E-03
 0.18611299E-03    0.31947047E-03    0.22209018E-03    0.23605379E-04    0.11933769E-03
 0.48532125E-04    0.17214111E-03    0.15113930E-04    0.41100392E-04   -0.58341756E-04
 0.21502777E-03   -0.21413626E-03    0.39142630E-03   -0.26752864E-03    0.29004488E-02
-0.25747643E-02    0.17046138E-02   -0.39833498E-02    0.27319518E-03   -0.24647856E-03
 0.85554048E-03   -0.56625760E-03   -0.38578375E-04   -0.78012620E-04    0.24500712E-04
 0.23044309E-04   -0.19966683E-03   -0.10533455E-03    0.23250656E-03    0.91743665E-04
 0.20374295E-01    0.83362363E-03   -0.19391825E-02    0.10192280E-02   -0.23751219E-03
 0.13320208E-03   -0.27249804E-03    0.38483050E-04    0.88877501E-04    0.10233489E-04
-0.43049552E-04    0.37037412E-04    0.10752564E-03   -0.73664101E-04   -0.10405514E-03
-0.22607330E-03   -0.10427313E-01    0.12096422E-01   -0.21461207E-03    0.70680355E-03
 0.10709732E-02    0.21723011E-03   -0.11967174E-03   -0.52641813E-03   -0.79431268E-04
-0.64758821E-04    0.29436526E-04    0.12982127E-03    0.12855244E-04    0.30492614E-04
 0.12157553E-03   -0.13321129E-03    0.14596307E-03   -0.39672201E-02    0.27281351E-02
 0.10621299E-01    0.39786520E-02   -0.79330153E-02   -0.91738215E-02   -0.13463606E-02
 0.96799800E-03    0.46045013E-02    0.57996140E-03    0.24381411E-03    0.30514368E-03
-0.82164840E-03    0.41240328E-03    0.56817057E-03   -0.17728917E-03    0.12713933E-02
-0.17325343E-02    0.48145854E-02   -0.22999316E-02   -0.20496030E-01    0.10143220E+00
-0.46779499E-03   -0.10523372E-02   -0.13009343E-02    0.35045740E-04   -0.20287305E-03
 0.13500279E-03   -0.23060376E-03   -0.74799569E-04   -0.13531938E-03    0.22042335E-03
-0.28206203E-03    0.27885235E-03   -0.67689419E-03    0.54531189E-03   -0.13188811E-02
 0.36830731E-03    0.82589664E-04    0.18382096E-03   -0.25639701E-02    0.88741443E-02
-0.42584653E-03   -0.41174888E-03   -0.77868915E-03    0.12346846E-04    0.40636091E-04
 0.13654833E-03   -0.16352675E-03    0.21301034E-04    0.88873267E-05   -0.22941942E-04
-0.24141620E-04   -0.29388187E-04   -0.15321857E-04    0.29250416E-04    0.46826576E-04
-0.11752194E-04    0.15708764E-03    0.12750773E-04    0.22983310E-03   -0.19501654E-03
 0.17019519E-02   -0.27534523E-03   -0.18558053E-02    0.14875964E-02   -0.42198177E-04
 0.13540916E-03   -0.60306726E-03   -0.17905566E-05   -0.21888132E-04    0.14047223E-04
-0.24753123E-04    0.63963480E-04    0.82757708E-04    0.12501672E-04   -0.31338389E-04
 0.75038741E-04   -0.17883329E-02    0.10230133E-02    0.80180957E-04    0.32227094E-03
-0.15942172E-03   -0.43899919E-03    0.35384714E-02    0.11989193E-02   -0.47902993E-03
-0.55511450E-03   -0.18145699E-03    0.51716625E-04    0.35795585E-03    0.94960273E-04
 0.57306358E-04    0.29011529E-04   -0.49647128E-04    0.55542358E-04   -0.23580220E-04
 0.22620078E-04   -0.11389896E-03    0.87016139E-04   -0.30964559E-02    0.19017706E-02
 0.59918699E-03    0.49199988E-03   -0.10472051E-03    0.31893910E-03   -0.19515081E-03
 0.35552635E-02    0.10233359E-02    0.12028977E-02    0.39393998E-03   -0.74966090E-04
-0.42122176E-04    0.16410649E-03    0.28071407E-03    0.17498151E-04   -0.26317273E-04
-0.12607504E-04   -0.56239952E-04   -0.48977457E-04    0.75889540E-04   -0.54242928E-04
-0.56801104E-04   -0.91001960E-03    0.41410267E-03    0.16523097E-04    0.25401792E-03
-0.47509440E-03   -0.94901677E-04   -0.13162821E-03    0.92778927E-04    0.29660706E-02
-0.10078109E-02    0.31114003E-03    0.24027729E-02    0.26563353E-03    0.20857768E-04
-0.91952779E-03   -0.23440090E-04   -0.50726719E-04    0.69284108E-04    0.49243117E-05
 0.23539758E-04    0.13047436E-03    0.95445207E-05   -0.88332011E-05    0.57315460E-04
-0.10919341E-02    0.38785748E-03    0.13263213E-03   -0.13740609E-02   -0.65526508E-03
-0.25515484E-03    0.34374888E-03   -0.23469180E-04    0.12488546E-02    0.44340917E-02
 0.38578036E-03   -0.26556892E-03    0.87562727E-03   -0.22203837E-04    0.55495145E-04
-0.19170194E-03    0.13680229E-03    0.63175033E-05    0.11952613E-05    0.19296100E-05
 0.30837790E-05    0.26398762E-04    0.21620036E-04   -0.32522040E-04    0.49127669E-05
-0.21328763E-02    0.10151404E-02    0.48153720E-03   -0.78952522E-03   -0.83381256E-04
-0.30462621E-04    0.23955493E-03    0.37773757E-04   -0.13005189E-03    0.13809569E-05
 0.81073764E-03   -0.19053705E-04    0.70968717E-04    0.37044602E-04    0.78635383E-05
-0.61296524E-05   -0.59990187E-05   -0.43172789E-05   -0.10301771E-06   -0.86973487E-06
-0.29572164E-05    0.19633386E-05   -0.16633601E-05   -0.80354050E-06   -0.62661274E-05
 0.20811939E-04    0.12196390E-03   -0.63600359E-04   -0.33297172E-04    0.26626900E-04
 0.72709395E-06    0.82587473E-05   -0.25090675E-04    0.22379485E-04    0.13069827E-05
-0.14439436E-04   -0.10887904E-03    0.42192597E-04    0.21410820E-03   -0.16291460E-02
-0.89744715E-03   -0.17523169E-03    0.12897522E-03    0.13699005E-03   -0.19295627E-03
 0.98969876E-04    0.61903089E-04   -0.30114846E-05    0.29092955E-04    0.47352404E-04
-0.18921659E-04    0.12903841E-03   -0.17603283E-03   -0.27063226E-02    0.13943468E-02
 0.68684146E-03   -0.89166080E-03    0.48240683E-03   -0.13818371E-04    0.31953790E-03
 0.74724698E-03   -0.11243425E-03   -0.10848370E-03    0.44274763E-03   -0.28445160E-04
 0.47312457E-02   -0.48227124E-03    0.26567008E-02    0.70168536E-04    0.25623325E-03
-0.21773641E-03    0.11159764E-03   -0.62099750E-04   -0.20970364E-04   -0.19098798E-04
 0.95918079E-04    0.71496019E-05   -0.22712021E-04    0.10539947E-03    0.94443290E-04
-0.74532498E-04   -0.10651638E-02    0.37478297E-03    0.42540840E-03   -0.18344948E-02
 0.31030264E-04    0.12789976E-03   -0.61498960E-03   -0.45728312E-03    0.40599021E-03
 0.19554990E-03    0.15776266E-03   -0.27457958E-05    0.59601561E-03    0.73219920E-02
-0.31827262E-02   -0.89496753E-02    0.57757909E-03   -0.52797594E-04    0.61769537E-03
-0.15539238E-02   -0.10041817E-02   -0.92245969E-05    0.66307012E-04   -0.77137136E-04
 0.94860630E-04    0.18816965E-03   -0.19615615E-03    0.13239607E-03   -0.27028287E-03
-0.26022097E-02    0.27523761E-02   -0.72805722E-03    0.40348330E-02   -0.76002931E-03
 0.95564592E-03    0.23234132E-02    0.10452825E-02   -0.10204614E-02   -0.82588155E-03
 0.44341636E-03    0.10750586E-07    0.93623097E-03   -0.10946212E-02    0.10330216E+00
-0.93473524E-03   -0.26983391E-03   -0.23563169E-02   -0.14634481E-03   -0.46015136E-04
 0.64664849E-03   -0.22125970E-03    0.23399793E-04   -0.50603229E-04    0.52407593E-05
 0.25523481E-04   -0.13663997E-03   -0.13148242E-04    0.10547573E-03   -0.22565887E-03
 0.23377920E-03    0.27729713E-03   -0.52142306E-03    0.83601258E-03    0.57960764E-04
-0.19595672E-03    0.31324776E-03   -0.27735671E-03    0.34041683E-03    0.21145717E-03
-0.36033250E-03   -0.56011762E-04   -0.25514301E-03    0.20986265E-03    0.16127361E-02
 0.66435791E-02    0.97150090E-06   -0.67383894E-03   -0.73127994E-03   -0.55603278E-04
 0.37654448E-04    0.10164655E-03   -0.41301667E-04    0.70181293E-05    0.12114938E-04
-0.16739323E-05   -0.19271357E-04    0.25428959E-04   -0.14035487E-04    0.10555461E-04
-0.44571284E-04   -0.96189587E-03    0.56085828E-03    0.14312548E-03    0.51685715E-03
 0.10731073E-03    0.14742193E-04    0.19276068E-04    0.23190054E-03   -0.73896120E-04
-0.14256188E-03    0.10448514E-04   -0.13529342E-04    0.14152840E-03   -0.83857581E-04
 0.49019763E-03   -0.64809354E-04    0.52309750E-03    0.50689161E-03   -0.32153569E-04
 0.60459478E-03   -0.51055921E-04    0.24254523E-04   -0.51764346E-04    0.11723706E-03
 0.30524346E-06   -0.20200684E-06   -0.28469655E-05   -0.10592187E-04   -0.26010152E-05
 0.63527637E-05   -0.22724269E-04   -0.21196944E-04   -0.62367621E-03    0.22614690E-03
 0.72869008E-04   -0.88529183E-04    0.10687493E-04   -0.28055810E-03   -0.90130176E-04
-0.15884129E-03    0.11057432E-03    0.19554869E-03    0.51320916E-04    0.51301520E-07
-0.12868763E-03   -0.44839449E-04   -0.74481435E-03   -0.32693800E-03   -0.83252448E-04
 0.54667188E-03    0.52314657E-04   -0.11995772E-02    0.14133541E-02   -0.91615698E-06
 0.68120926E-04   -0.44872138E-03   -0.49380319E-04   -0.20137539E-04   -0.22034922E-04
 0.16713890E-04   -0.34767987E-04    0.54402704E-04    0.18693359E-04   -0.67379169E-04
 0.68522358E-05   -0.14180760E-02    0.54946216E-03    0.10689773E-03    0.10919559E-03
 0.15118629E-03   -0.20481341E-03    0.36972143E-03   -0.30894570E-03   -0.39142823E-03
-0.21268107E-03    0.16990337E-03   -0.11276990E-04   -0.19579819E-03    0.31002341E-03
 0.73155685E-03   -0.16683177E-03   -0.17099635E-04    0.28382222E-03    0.30534197E-02
-0.68338351E-03    0.14840283E-04    0.14160789E-02    0.85203548E-04    0.12095245E-04
-0.47097361E-03   -0.13459182E-03   -0.58861600E-05    0.15366182E-04   -0.89740905E-04
-0.46348963E-05    0.84290736E-04    0.19193380E-04   -0.60864689E-05    0.56592473E-04
-0.20289198E-02    0.10859576E-02    0.36418461E-03   -0.12256785E-03   -0.34359430E-03
 0.11735738E-03    0.38298047E-03    0.34738221E-05    0.10860467E-03    0.29081322E-03
 0.47830000E-04   -0.12562768E-04   -0.78893236E-04   -0.50504186E-05    0.74517770E-03
-0.68158702E-04   -0.78034112E-04    0.33932653E-04    0.25602557E-04    0.36271161E-02
 0.93050512E-03    0.93894556E-03    0.21344592E-02   -0.47494275E-04   -0.68667834E-04
-0.45084391E-03    0.21020105E-03    0.73577928E-05    0.39752617E-04   -0.42848129E-04
-0.10625111E-04    0.53281827E-04   -0.43682520E-04   -0.61404379E-05   -0.54600444E-04
-0.18526837E-02    0.94218378E-03    0.25977709E-03   -0.29060974E-03    0.27526770E-05
-0.20233072E-03    0.78202064E-04    0.11744429E-03    0.12791872E-03    0.25319866E-03
 0.35818707E-04   -0.13394866E-04    0.34542793E-04   -0.59551928E-05   -0.14196073E-03
-0.12357720E-03   -0.90343183E-04    0.50014508E-04   -0.56206665E-04    0.19730833E-02
 0.32858384E-02   -0.16736584E-02    0.14177328E-02   -0.23527606E-03    0.31457792E-03
-0.17406506E-03   -0.25505680E-03   -0.21725929E-03   -0.91939105E-04   -0.29939855E-04
 0.82331184E-04   -0.39801713E-04    0.53111031E-04    0.57412437E-04    0.83608320E-04
-0.10966455E-03   -0.35529511E-02    0.17976329E-02    0.99779750E-03   -0.32429162E-02
 0.30938201E-03   -0.31164508E-03   -0.15327143E-03   -0.16283558E-03   -0.25506998E-06
 0.19808343E-03    0.46147537E-04   -0.14473594E-04   -0.88648050E-04    0.28318931E-03
-0.72633109E-03    0.14537528E-02   -0.11255374E-03   -0.99237280E-04    0.41812541E-03
-0.39334230E-04   -0.26993966E-03    0.50344674E-02    0.10150406E-02   -0.11805513E-02
-0.62844997E-03   -0.18512051E-03    0.11129215E-03    0.14697730E-03    0.12691621E-03
 0.67618049E-04    0.46404925E-04    0.70432043E-05    0.30346413E-04    0.38558010E-05
-0.64414301E-05   -0.81361147E-04   -0.28735812E-04   -0.14738234E-02    0.90682580E-03
 0.27113012E-03    0.32667081E-03    0.89059973E-04    0.14293913E-03    0.45703385E-05
 0.39489045E-03    0.80301127E-05    0.26329717E-03    0.10732275E-05    0.35365808E-05
 0.69564839E-03   -0.22233301E-03    0.13165150E-02   -0.46460875E-04    0.11464232E-03
 0.74606903E-04    0.26109692E-04    0.80711616E-04    0.21354900E-03   -0.31714402E-03
 0.34260891E-02    0.12652146E-02    0.39422923E-03   -0.11880136E-02   -0.15901808E-03
-0.54350405E-04    0.65905602E-03    0.16537982E-03    0.51279205E-04    0.10608375E-04
 0.20121796E-04   -0.31658860E-04   -0.11975991E-03   -0.15058672E-03   -0.77314221E-04
-0.12439743E-03   -0.47635809E-03    0.18025983E-03    0.16162973E-03    0.16121639E-03
-0.11240241E-04   -0.75004546E-04   -0.36922951E-03    0.32414034E-04    0.27320827E-04
-0.35320043E-03   -0.20042005E-04   -0.22349970E-04    0.12327781E-03    0.85253616E-04
-0.36932699E-03    0.56340205E-04   -0.39305841E-04    0.15488886E-03   -0.81813348E-04
-0.19871108E-03    0.25598700E-04   -0.79370396E-04    0.10661228E-02    0.36714228E-02
 0.53193193E-03    0.89144285E-03    0.72552313E-03   -0.13154666E-04    0.50448149E-05
 0.48949890E-04    0.20382539E-03   -0.16234381E-04    0.19380711E-05    0.93205335E-05
 0.38671514E-05   -0.14201276E-03    0.46962612E-05   -0.73201042E-04    0.11478054E-03
-0.18115126E-03    0.45989582E-04   -0.69043047E-04   -0.43540516E-03    0.10296432E-03
-0.29792618E-03    0.13038538E-03   -0.77736133E-03    0.28244639E-03   -0.13858023E-03
 0.13109612E-03   -0.72095169E-06   -0.54721733E-03    0.97173214E-04   -0.92954009E-03
-0.10243661E-03   -0.21481038E-03    0.13403449E-03   -0.95053247E-04   -0.11027657E-03
-0.27822590E-03    0.23150747E-03   -0.86269729E-03    0.21313610E-03    0.52173100E-02
 0.85334693E-04   -0.16108993E-02    0.80386168E-03   -0.11599306E-03    0.11678445E-03
-0.31325449E-03   -0.43001054E-04   -0.14416051E-04    0.27518502E-04    0.12537412E-04
 0.26053082E-04    0.92052918E-04   -0.64134619E-04   -0.30262733E-04   -0.96754783E-04
-0.13148157E-02    0.66111200E-03    0.25443881E-03   -0.33181133E-03    0.19359044E-03
 0.14059631E-04    0.41891641E-03   -0.24064939E-03    0.29420761E-04   -0.38599569E-04
 0.23694669E-03   -0.24230954E-04    0.71824741E-04   -0.41006567E-03    0.44668373E-04
-0.27313265E-03    0.44048302E-05    0.73171766E-04   -0.16589276E-03    0.46882655E-05
-0.26737093E-04    0.98656910E-04   -0.50497028E-04   -0.29260927E-03    0.92303870E-03
 0.32151288E-02    0.61898440E-03    0.52216032E-03   -0.24603862E-02   -0.74631736E-04
-0.53155158E-04    0.84867370E-03   -0.13154864E-04    0.14409583E-04    0.15255743E-04
-0.19706696E-05   -0.16777842E-04   -0.93705973E-04    0.17592981E-04    0.53744535E-04
-0.10326558E-03   -0.30268364E-02    0.16942712E-02    0.75741892E-03   -0.78329932E-03
 0.17909016E-03   -0.23566945E-03    0.21186154E-03    0.15825700E-02    0.16683624E-03
-0.42070904E-03   -0.21147811E-03   -0.60679190E-05    0.40358712E-03    0.22529739E-03
-0.14578123E-02    0.49226516E-03    0.15813762E-03    0.43873215E-03   -0.81858026E-03
-0.23164412E-03   -0.21064121E-03    0.12537762E-03   -0.77103513E-04    0.10790564E-03
-0.59588894E-04   -0.35431713E-03    0.47157933E-02    0.71950758E-03    0.68821884E-03
 0.13808614E-03   -0.58959660E-04   -0.33158516E-04    0.83364050E-04    0.16169733E-03
 0.63815514E-05    0.17409501E-04    0.40176068E-05   -0.31222493E-05   -0.21136471E-04
 0.46617460E-04   -0.37213204E-04    0.40413512E-04   -0.14161142E-03   -0.39379754E-04
 0.62915369E-04   -0.49157560E-04   -0.20635282E-03    0.78485888E-04   -0.12035803E-03
 0.94980667E-04    0.16258500E-03   -0.82387893E-04   -0.98366566E-05   -0.36596381E-05
-0.94104199E-04   -0.66056798E-05   -0.80336805E-03   -0.46062720E-03   -0.19447886E-04
 0.34269106E-04   -0.66990726E-04   -0.24087516E-03    0.12821727E-03    0.12540289E-04
 0.99889196E-04    0.19307726E-03   -0.73019992E-04   -0.16877816E-03    0.61009727E-04
 0.77705682E-03    0.29010601E-04   -0.29915013E-03   -0.63449289E-04   -0.25274704E-04
 0.29973249E-04    0.10828542E-04   -0.17849848E-04    0.68775951E-05   -0.94662274E-06
-0.77724371E-05    0.66972471E-05    0.48936514E-05   -0.83970689E-05    0.15003229E-05
-0.34922538E-05   -0.45070469E-04    0.46432817E-04   -0.17586315E-04    0.18726041E-03
-0.74919802E-05    0.25110424E-04    0.42065277E-04   -0.32793475E-05   -0.90572787E-05
-0.16344740E-04    0.82311102E-05   -0.92142162E-06    0.25696099E-04   -0.83266870E-04
 0.11750196E-03    0.20306692E-04    0.41553696E-05   -0.28062105E-04   -0.84548004E-04
 0.70590065E-05   -0.18137414E-04   -0.96582894E-04    0.23171284E-05   -0.13367800E-04
-0.23399342E-04    0.48750336E-04    0.11153251E-04   -0.13196275E-04    0.39377020E-04
 0.37947559E-03    0.10562811E-02    0.10537321E-02   -0.27940809E-04    0.13341532E-03
-0.11444838E-03    0.19501533E-03    0.67978909E-04    0.98819562E-04   -0.14626580E-03
 0.21723431E-03   -0.20536062E-03    0.49792086E-03   -0.39317310E-03    0.97810809E-03
-0.10026723E-03   -0.13767420E-03   -0.22388117E-03    0.17144299E-02   -0.67351419E-02
 0.13254466E-03    0.10706792E-03    0.29305832E-04    0.34406783E-03    0.47577644E-03
 0.22403145E-04    0.57827885E-06   -0.38246670E-03    0.13075121E-04    0.33556549E-03
-0.58645413E-05   -0.82508414E-04   -0.15879553E-04   -0.12342750E-03    0.19446976E-03
 0.43073528E-05   -0.13062796E-03   -0.62156419E-04   -0.49912115E-04   -0.77237975E-04
-0.18172245E-03   -0.13704233E-03    0.15513686E-03   -0.14882036E-05    0.54547731E-02
 0.13979762E-03    0.13152793E-03    0.38923698E-03   -0.72305078E-05    0.57851460E-05
-0.78862711E-04    0.48365742E-04   -0.58652908E-05    0.72956782E-06    0.15575122E-04
 0.31851437E-04    0.24552421E-04    0.18385156E-04   -0.19377859E-04    0.41108752E-04
 0.97094422E-04   -0.96928579E-04   -0.10671426E-04    0.62406117E-05    0.19680288E-05
-0.86015171E-03    0.24146770E-03   -0.19446860E-03    0.25091900E-04    0.15899248E-03
 0.22860295E-04   -0.59286304E-05   -0.93974416E-05   -0.11008627E-03   -0.31052268E-03
 0.99385126E-04   -0.15566713E-04    0.15663659E-03    0.11503087E-03   -0.57214524E-04
 0.90316335E-04    0.12416112E-03   -0.96977832E-04   -0.12609380E-04    0.11463542E-03
-0.17868799E-05    0.86304114E-04   -0.38418748E-04   -0.13378638E-04   -0.17563049E-05
 0.92504903E-03    0.21454806E-03    0.11372162E-02   -0.68200045E-03    0.28037779E-04
-0.51676824E-04    0.30062582E-03    0.52938574E-04    0.28012489E-04   -0.23447333E-04
 0.26841418E-05   -0.38253202E-04   -0.41948986E-04    0.32361758E-04    0.13579448E-04
-0.17431562E-04    0.83582782E-03   -0.68619770E-03   -0.53831836E-04   -0.16784121E-03
-0.12541673E-04    0.22731180E-03   -0.19368833E-02    0.16550678E-03    0.83966942E-04
-0.17144987E-03   -0.11842667E-03    0.12328066E-04   -0.87007509E-04    0.25232549E-03
-0.12883968E-02   -0.16104830E-03   -0.89525725E-05    0.63803420E-04   -0.25563921E-03
-0.16191935E-03   -0.52075866E-04    0.64877966E-04    0.34492339E-04    0.14855063E-03
-0.95340440E-04   -0.24035775E-03   -0.24426521E-04    0.57398282E-04   -0.22131433E-04
 0.10982617E-04   -0.20681440E-03    0.21080944E-02   -0.74156511E-03    0.53653418E-04
 0.98143218E-04    0.40647865E-04    0.21669115E-04   -0.17769462E-03   -0.52227986E-04
-0.37898041E-04   -0.23880741E-04    0.43708214E-06   -0.55080213E-05    0.19530486E-04
 0.47919603E-05    0.51133758E-04    0.44111305E-04    0.18813409E-02   -0.20536794E-02
-0.47519213E-03   -0.18052225E-04    0.53362566E-04   -0.17067315E-03    0.12965473E-03
-0.19823985E-02   -0.10531542E-03   -0.12959794E-04   -0.35649104E-04   -0.56267233E-05
-0.48689561E-03    0.21095143E-03   -0.55053953E-03    0.18619594E-03   -0.13975669E-03
 0.94330666E-04    0.16790023E-03   -0.56639463E-04   -0.19715052E-03    0.88646996E-04
-0.27468979E-03    0.14812295E-04    0.51258823E-03    0.12937213E-03   -0.90453334E-03
-0.51154827E-04    0.39367695E-05   -0.55321784E-05    0.15405329E-03   -0.12734637E-03
 0.20707417E-02   -0.10651869E-02   -0.11352853E-02   -0.52336032E-03    0.33528424E-04
 0.67572113E-04   -0.13549866E-03   -0.23334829E-03   -0.20094684E-04    0.24834891E-04
-0.22632208E-05    0.33240985E-04    0.66199107E-04   -0.31403078E-04    0.66351627E-04
-0.97505952E-07    0.56086568E-03   -0.50170519E-03   -0.11268134E-05   -0.22259038E-04
 0.12654400E-03    0.71432360E-04    0.11064171E-03   -0.10821280E-03   -0.16479452E-02
-0.66565348E-03    0.47942067E-04   -0.44177740E-05    0.16486493E-03   -0.24201150E-03
 0.88886029E-03   -0.57539131E-04    0.81433690E-04   -0.80261182E-04    0.24464286E-03
-0.28311331E-04   -0.15789528E-03    0.15078430E-04   -0.28763232E-04   -0.83077409E-04
-0.21905969E-03    0.37786347E-04   -0.96995310E-04   -0.14180128E-03    0.12308023E-04
-0.10217640E-03   -0.44161758E-04   -0.10367451E-03    0.19314121E-03    0.18567457E-02
 0.49615012E-03   -0.41782623E-04   -0.10698174E-02   -0.14731234E-03   -0.27160745E-04
 0.43927385E-03   -0.12771524E-04    0.32249553E-04   -0.11741930E-04    0.22694655E-04
-0.46813078E-04   -0.59743192E-04    0.34096355E-04    0.67184293E-04   -0.79291708E-04
 0.41894794E-03   -0.22605335E-03   -0.29487116E-05    0.63083039E-03    0.11596267E-03
 0.12463552E-03   -0.18607273E-03   -0.46787688E-05   -0.68018112E-03   -0.23053007E-02
 0.33559463E-04    0.43828295E-06    0.34124932E-04    0.31451336E-04    0.17054058E-03
-0.53766245E-04    0.94882816E-04   -0.11708438E-03    0.20824897E-03   -0.21637821E-03
-0.26995145E-03    0.20824076E-04   -0.20206136E-03    0.12993289E-03    0.81463399E-04
-0.42090239E-04    0.26716535E-03    0.48789950E-04    0.67503860E-05   -0.59602139E-04
-0.14533726E-03    0.11673876E-03    0.49770560E-04    0.81984098E-03    0.25144565E-02
-0.13121341E-03    0.23446903E-03   -0.34067823E-03    0.26016699E-04   -0.19205271E-04
 0.76608125E-04   -0.36762557E-04   -0.11289652E-04    0.46184326E-05    0.27614397E-05
-0.79059163E-05   -0.14481263E-04    0.18262717E-05    0.30737405E-05    0.27211646E-05
 0.10371485E-02   -0.11560230E-02   -0.31840029E-03    0.47739696E-03   -0.19829255E-04
 0.36298970E-05   -0.12745256E-03   -0.29335521E-04    0.77104040E-04    0.39590232E-04
-0.37787135E-03    0.48081255E-04   -0.20526648E-03   -0.88625725E-04   -0.26569056E-03
 0.13845118E-03   -0.15673669E-04   -0.27138683E-04   -0.78118938E-04   -0.22311300E-04
-0.19873787E-04   -0.26566192E-04    0.14242546E-04    0.45413350E-04   -0.86722700E-04
-0.11036608E-03    0.10110371E-03    0.16336326E-04   -0.51564523E-05    0.39368050E-04
-0.14959862E-04    0.88514320E-04    0.49603492E-04   -0.71139959E-04   -0.50306691E-04
 0.41670117E-03    0.23593421E-04   -0.32749481E-04   -0.16604649E-04   -0.79615160E-05
 0.37877898E-05    0.66051563E-05    0.76274895E-05    0.36757939E-06   -0.31962848E-08
 0.99805969E-06   -0.17954698E-05   -0.23502802E-05    0.28150167E-05    0.29223015E-05
-0.45434911E-05   -0.59813205E-04    0.58632438E-04    0.16028243E-04   -0.20530351E-04
 0.42213638E-05   -0.78205340E-05    0.90704759E-05   -0.48809531E-05   -0.27066949E-05
-0.18488730E-05    0.48078699E-04   -0.18647526E-04    0.57497686E-05   -0.81887233E-06
-0.34670950E-04    0.29800851E-04    0.75567278E-05    0.28856858E-05    0.82136484E-05
 0.29875650E-05    0.10840177E-04    0.30288852E-05   -0.11960205E-05    0.91707906E-05
 0.88766215E-05    0.12320874E-04    0.63701065E-05    0.13389620E-05    0.32372142E-07
-0.67001341E-05    0.84196871E-05   -0.85611746E-05    0.47346166E-05    0.17016536E-05
-0.58482210E-05   -0.57628857E-04    0.22730161E-04   -0.40317332E-03    0.48946725E-03
 0.12271067E-03    0.10957205E-03   -0.72811963E-04   -0.31180863E-04    0.78823955E-05
-0.81101505E-04   -0.32838260E-05    0.19823555E-04   -0.56458998E-04    0.47008710E-05
 0.52873705E-05   -0.38898833E-04    0.21844330E-04    0.13568463E-02   -0.14828259E-02
-0.39751891E-03    0.38148796E-03   -0.64163606E-04   -0.36963604E-05   -0.76187694E-04
-0.50973741E-03    0.89706868E-04    0.39084924E-04   -0.20578643E-03    0.50799923E-05
-0.26017225E-02   -0.34142523E-03   -0.48251837E-03    0.17128820E-03   -0.80151324E-04
 0.86363105E-04    0.19101996E-03    0.42099088E-04   -0.94584092E-04    0.10601878E-03
-0.32017833E-03   -0.40158821E-04    0.18035601E-03    0.61834847E-04   -0.20585792E-03
 0.44481831E-04   -0.31974103E-05    0.46048049E-04    0.52541528E-04    0.10560315E-04
 0.40980743E-03   -0.70172577E-04   -0.35612654E-04    0.21159063E-03    0.62970970E-05
 0.27711541E-02    0.35597091E-03   -0.17216205E-02   -0.37922508E-03   -0.20162507E-03
 0.14231549E-03    0.51140731E-04   -0.31838301E-04    0.51321424E-05    0.19062240E-04
-0.46833791E-04   -0.48847539E-04    0.80031900E-06   -0.18910899E-04   -0.12983828E-04
-0.49093207E-04    0.48614287E-03   -0.95698207E-03   -0.45406786E-03    0.16860037E-02
 0.18293294E-04   -0.10457442E-03    0.28537002E-03    0.29588560E-03   -0.19664785E-03
-0.35888156E-04   -0.10853634E-03   -0.10526137E-05   -0.24614561E-03   -0.37065819E-02
 0.60227757E-03   -0.19319049E-03    0.10203873E-03    0.96659026E-04   -0.12309146E-03
-0.68689432E-04    0.23287232E-04   -0.24385507E-03    0.93905942E-04   -0.55218419E-04
-0.13789320E-03    0.30228721E-03    0.30592511E-04   -0.23307642E-04    0.44170856E-04
-0.14324335E-04    0.31687295E-04   -0.66717936E-04   -0.10575656E-03    0.30451962E-03
 0.10043834E-04    0.14225705E-03    0.90423557E-05    0.48743825E-03    0.44086311E-02
 0.12541233E-02    0.48548269E-02    0.37103260E-03    0.22732382E-03   -0.20590142E-03
 0.54072519E-03    0.49502979E-03   -0.14898218E-04    0.14758898E-04    0.76199939E-04
 0.67554677E-04   -0.76182250E-04    0.10525456E-03   -0.52214092E-04    0.17654698E-03
 0.16105345E-02   -0.97481287E-03    0.65072041E-03   -0.33016087E-02    0.53965165E-04
-0.31163071E-03   -0.11292126E-02   -0.42860966E-03    0.58967927E-03    0.46141191E-03
-0.19759052E-03    0.13672134E-05   -0.64693882E-03    0.58112441E-03   -0.27524996E-01
-0.51616617E-03   -0.41042393E-03    0.31613545E-03   -0.45156854E-03   -0.40512984E-03
-0.22200793E-04    0.33210126E-03   -0.62674847E-03    0.18883204E-03    0.54197257E-03
-0.79830620E-04    0.67539982E-03    0.34638231E-03   -0.72881688E-04    0.83449961E-04
 0.26885805E-03    0.74737102E-03    0.11664465E-03   -0.53733526E-03   -0.67297837E-03
 0.10041041E-03   -0.40120053E-06    0.46811370E-03   -0.20045014E-03    0.34346042E-01
 0.34369951E-03    0.20988697E-03    0.11145865E-02    0.24382377E-04    0.29140875E-04
-0.24220871E-03    0.10253954E-03    0.16134518E-04    0.18959157E-05   -0.28506840E-04
-0.14609637E-04    0.50036504E-04   -0.39819967E-05   -0.34712246E-04    0.52112144E-04
-0.67234763E-05    0.33342348E-05    0.54588617E-04   -0.19219509E-03    0.71754026E-05
 0.72319042E-04   -0.14934869E-03    0.20899958E-03   -0.13091503E-03   -0.84428262E-04
 0.15719474E-03    0.33505183E-04    0.16565158E-03   -0.18154564E-03   -0.76091855E-03
-0.27983042E-02    0.17036706E-04    0.12307805E-03    0.83605587E-05    0.39226194E-04
 0.86712875E-04   -0.69314769E-03   -0.13676125E-04   -0.80925192E-04    0.10522028E-04
 0.11660465E-03   -0.23841693E-03    0.22240876E-03   -0.10272958E-04   -0.16709443E-04
-0.86126295E-04    0.15228090E-03   -0.24237843E-03    0.82682432E-04    0.12897616E-03
-0.13667607E-03   -0.38044605E-04   -0.28379220E-03    0.12423461E-03    0.23636133E-03
 0.30604563E-02   -0.62164071E-04    0.32155216E-03    0.33267138E-03    0.36200563E-04
-0.34591348E-04   -0.56870404E-04   -0.11630107E-04   -0.14000458E-05   -0.80866405E-05
 0.13391589E-04    0.12510708E-05   -0.67042331E-05   -0.48365357E-06   -0.22819763E-05
 0.29660327E-04    0.52743969E-03   -0.61240855E-03   -0.63429563E-04   -0.33459761E-03
-0.65990225E-04    0.42308427E-07   -0.87651038E-05   -0.15885947E-03    0.42864310E-04
 0.94425001E-04   -0.12690886E-04    0.82756689E-05   -0.95843538E-04    0.68231399E-04
-0.33712946E-03    0.98125619E-05   -0.26448004E-03    0.48749370E-04    0.17738740E-04
 0.13284038E-04   -0.45259217E-05    0.72338525E-04   -0.72648763E-04    0.13561365E-04
 0.12874710E-03    0.19446884E-04   -0.86939734E-04    0.98664175E-05   -0.22471514E-05
 0.58735035E-04    0.26949156E-05   -0.17562399E-05    0.13401920E-03   -0.40435220E-04
-0.67106112E-04    0.96071910E-05   -0.35142685E-05    0.93778049E-04   -0.28477793E-04
 0.22888392E-03   -0.24696231E-04    0.28360829E-03   -0.22738737E-03    0.12394110E-03
-0.24236100E-03    0.45058623E-04   -0.15628562E-04    0.83962757E-05   -0.37494535E-04
-0.87770310E-05    0.14017157E-05    0.12022399E-05    0.21832702E-06    0.40334473E-06
 0.11463885E-04    0.15616265E-04    0.15603260E-04    0.28924066E-03   -0.43655552E-03
 0.92597265E-05   -0.19512453E-03    0.55967770E-05    0.16016336E-03    0.32413246E-04
 0.78858713E-04   -0.52805388E-04   -0.12380739E-03   -0.29272127E-04    0.23314327E-05
 0.80145703E-04    0.11874770E-03    0.28864574E-03    0.99094038E-04    0.42915870E-04
-0.31396064E-03   -0.12314102E-03    0.13989676E-04    0.22015404E-04    0.82620920E-04
-0.34103804E-04   -0.78892687E-04   -0.74165231E-04   -0.45947384E-04   -0.27673097E-03
-0.59551920E-05    0.12360691E-04   -0.91461481E-05   -0.18272584E-03   -0.11716713E-03
-0.92646906E-04    0.39684242E-04    0.77937488E-04    0.40548765E-04   -0.35662736E-05
-0.73913387E-04   -0.14170484E-03   -0.20687441E-03   -0.10493732E-03   -0.53574178E-04
 0.41917906E-03    0.55803550E-04    0.92687413E-03   -0.76376623E-03    0.57815362E-04
-0.39922153E-04    0.27398579E-03    0.90169084E-04   -0.10288422E-04    0.76111443E-05
-0.18084714E-05    0.25396354E-04   -0.60693511E-04    0.23562090E-04    0.38031183E-04
-0.48408987E-04    0.60039588E-03   -0.74996678E-03   -0.62149165E-04   -0.21444343E-03
-0.15685262E-04    0.99567299E-04   -0.28344060E-03    0.15495824E-03    0.24990423E-03
 0.19865599E-03   -0.87876252E-04    0.87102794E-05    0.17096657E-03   -0.73042836E-04
-0.61778518E-03    0.42500357E-04    0.69396442E-05   -0.12929455E-03   -0.16939593E-02
-0.47929965E-04    0.11930421E-03   -0.14597594E-03   -0.49322097E-05    0.71923354E-04
 0.47597660E-04    0.51544688E-04    0.52327947E-03    0.36986535E-04    0.42246111E-04
 0.25892858E-04   -0.12114924E-03    0.17885868E-03   -0.77304109E-04   -0.24553498E-03
-0.35553630E-03    0.83496482E-04   -0.16629569E-04   -0.21363513E-03    0.12544275E-03
 0.33360516E-03    0.40171283E-05   -0.21946139E-04    0.12375962E-03    0.18495779E-02
 0.30145268E-03   -0.98784447E-04   -0.61376640E-03   -0.31938464E-04    0.17708265E-04
 0.22249955E-03    0.47891079E-04   -0.10500927E-04    0.31830933E-05    0.26381604E-04
 0.41872342E-04   -0.39823952E-04    0.34899200E-04   -0.10053550E-04    0.56571131E-05
 0.10639125E-02   -0.12017955E-02   -0.31104885E-03    0.38727244E-03    0.79907649E-04
-0.80937380E-04   -0.14164288E-03   -0.67530252E-04   -0.76484206E-04   -0.20039123E-03
-0.43918392E-05    0.41710984E-06    0.74434370E-04    0.10385012E-04   -0.48512986E-03
-0.91557025E-05    0.14732790E-04    0.33014637E-05    0.19513418E-04   -0.17985562E-02
-0.10363913E-02    0.36651952E-04   -0.10342090E-03    0.53020564E-04   -0.19673086E-04
 0.45639780E-04    0.10851365E-03    0.92489291E-04   -0.14924372E-06   -0.98056431E-04
 0.13618959E-03    0.52141869E-04    0.10221385E-03    0.58343430E-04    0.14397650E-03
 0.13687897E-04   -0.40421472E-05   -0.12866013E-04    0.87440363E-05    0.37567063E-03
 0.28508527E-04    0.14176273E-04   -0.93036468E-05   -0.12198790E-04    0.19673087E-02
-0.26462208E-03   -0.19706767E-03   -0.88015874E-03    0.82131797E-05    0.13827850E-04
 0.19410617E-03   -0.91728881E-04   -0.32348796E-04   -0.33609316E-04    0.16236149E-04
 0.30319350E-06   -0.35242117E-04   -0.17932845E-06    0.19765092E-04    0.44850469E-04
 0.10418580E-02   -0.11486497E-02   -0.26856280E-03   -0.83736061E-04    0.36832513E-04
 0.82219066E-04   -0.84537795E-04   -0.14948561E-03   -0.70816545E-04   -0.27795181E-03
-0.25858642E-04    0.12963704E-04   -0.76004439E-04    0.13656247E-03   -0.30993337E-03
 0.39359418E-04   -0.11407314E-04    0.71825236E-05    0.90612504E-04   -0.10384633E-02
-0.17086178E-02    0.16279497E-03   -0.13677760E-03    0.21392871E-04    0.12101999E-03
-0.60264489E-05    0.12690885E-03   -0.28082107E-04    0.75856705E-05   -0.48919581E-04
-0.53426543E-04   -0.29764386E-04    0.19301303E-03    0.67104823E-04    0.23259805E-03
 0.19986902E-04   -0.85500247E-05    0.10377328E-03   -0.93412010E-04    0.17076054E-03
-0.38448329E-04    0.13927339E-04   -0.15393847E-04   -0.10364512E-03    0.11459961E-02
 0.18506518E-02    0.62967523E-03   -0.93116828E-03    0.54976153E-05   -0.14865683E-03
 0.69323332E-04    0.51505213E-04    0.56209796E-04    0.46218667E-04    0.65760158E-05
-0.22934980E-04    0.65346042E-05   -0.39900009E-04   -0.56919466E-04   -0.46097997E-04
 0.42552974E-04    0.18342085E-02   -0.20030156E-02   -0.74219659E-03    0.16754235E-02
-0.38514979E-04    0.13653964E-03    0.77141770E-04    0.61992185E-04   -0.48516561E-04
 0.10437959E-04   -0.28836328E-04    0.25797768E-05    0.11255908E-03   -0.20168590E-03
 0.40707051E-03   -0.73247673E-03    0.75289359E-04    0.69266891E-04   -0.16310787E-03
 0.43464874E-04    0.13970428E-03   -0.25543826E-02    0.14566906E-03    0.12272672E-04
-0.12136356E-03   -0.31340672E-04   -0.93179625E-04   -0.51489167E-05    0.50120025E-04
 0.44538489E-04   -0.17360610E-03   -0.49068180E-04    0.11245112E-04   -0.26134477E-04
-0.12698826E-03    0.60292794E-04   -0.44915064E-05   -0.11632920E-03    0.13494475E-03
-0.35613660E-03    0.58301116E-03   -0.58318469E-04   -0.46374130E-04    0.27095376E-03
-0.98624659E-04   -0.15109217E-03    0.25422609E-02   -0.20612318E-03    0.11128143E-02
 0.70235975E-03    0.76297649E-04   -0.10493394E-03   -0.15953854E-03    0.36300967E-04
-0.56867336E-04   -0.41831923E-04    0.26138231E-04   -0.56786750E-04    0.97905561E-06
-0.43733005E-06    0.33960209E-04    0.24841936E-04    0.84137646E-03   -0.90378051E-03
-0.14415988E-03   -0.51995787E-03   -0.10129688E-03   -0.12264563E-03    0.53107558E-05
-0.28959870E-03    0.38643730E-04   -0.17008298E-03    0.26338155E-04   -0.16893025E-05
-0.36178469E-03    0.13726472E-03   -0.11384104E-02   -0.17781203E-04   -0.83277679E-04
-0.15884001E-04   -0.11758518E-04   -0.13690850E-03   -0.68649508E-04    0.13544286E-03
-0.18558035E-02   -0.54891818E-03    0.48029610E-03   -0.56704322E-05   -0.17005979E-05
 0.27255048E-04   -0.15925542E-04    0.10533472E-03    0.80926082E-04   -0.32555228E-04
 0.13483043E-03   -0.12132835E-03    0.15088565E-03    0.45814207E-05   -0.49191778E-05
 0.17608942E-03   -0.15076442E-04    0.58608345E-03    0.25349820E-04    0.48713810E-04
 0.67047300E-04    0.10759428E-03    0.10204037E-03    0.13134305E-03   -0.54025427E-04
 0.19495661E-02   -0.41768018E-03   -0.30309197E-04    0.57258973E-03    0.33550167E-04
-0.26080215E-04   -0.27334404E-03   -0.90314761E-04   -0.57634562E-04    0.79498623E-05
 0.50681340E-05   -0.18158825E-04    0.72611640E-04    0.55848586E-04    0.29885940E-04
 0.73750683E-05    0.25996293E-03   -0.37696615E-03   -0.51095545E-04   -0.13901141E-03
 0.11333232E-03    0.10566790E-05    0.99206866E-04    0.10148190E-04    0.13191023E-04
 0.13395377E-03    0.39839436E-04    0.82334953E-05   -0.12195691E-04   -0.27822244E-04
 0.27120761E-05   -0.44277352E-04    0.14463200E-04   -0.71652723E-04    0.30335029E-04
 0.24037642E-04    0.15521756E-04    0.54843543E-05   -0.54687413E-03   -0.17332637E-02
-0.16395811E-03    0.43073749E-04   -0.61670623E-04   -0.76529268E-04    0.43645748E-05
-0.13255110E-03    0.13302779E-04   -0.57952649E-04    0.26065028E-04   -0.30353533E-04
-0.13887566E-03   -0.39614787E-04   -0.95513668E-05    0.39683920E-05    0.10180094E-04
 0.61421519E-04    0.93748540E-04    0.35036358E-07    0.70786164E-04    0.20472256E-04
 0.46077910E-04    0.76629150E-04   -0.35812792E-04    0.59667422E-03    0.19033590E-02
 0.15550938E-03   -0.61018139E-04   -0.19883280E-04   -0.49507234E-04    0.17888699E-04
 0.20002314E-04   -0.14444928E-04    0.18504810E-04    0.18293039E-04   -0.75950911E-05
 0.50559332E-05    0.26616983E-04    0.92123533E-04   -0.30091867E-06   -0.57733154E-05
-0.11643803E-04   -0.31409300E-03   -0.11942423E-05    0.49653740E-04   -0.99011030E-04
 0.10874708E-03   -0.17475625E-03    0.56130520E-03   -0.10838768E-03    0.38113096E-04
-0.75237971E-04    0.81699699E-05    0.20181931E-03   -0.64083318E-04    0.30124031E-03
-0.26090900E-04    0.12403116E-03   -0.42813498E-04    0.34977892E-04   -0.33543079E-05
 0.16312076E-03   -0.13982981E-03    0.45992053E-03   -0.12841962E-03   -0.29048549E-02
-0.54051451E-03    0.12503124E-03   -0.16153370E-04    0.73930808E-05    0.85518968E-04
-0.37981801E-04    0.21323719E-03   -0.46019549E-03    0.12846380E-03   -0.58414580E-04
 0.10584188E-03    0.49445233E-05   -0.56113374E-04    0.12629143E-03   -0.19785776E-03
-0.46323168E-04   -0.92526959E-04    0.23585157E-04   -0.57230440E-04    0.14237840E-04
-0.11841827E-03    0.27429079E-04   -0.44829120E-03    0.13986103E-03    0.34150687E-02
 0.14886788E-03    0.12393439E-02   -0.40313327E-04    0.82406362E-04   -0.78318987E-04
 0.12817362E-03    0.12893371E-03   -0.15150493E-04   -0.26827539E-04    0.48533288E-05
-0.41201845E-04   -0.52511471E-04    0.56938876E-04   -0.87100517E-05    0.13993263E-03
 0.53615913E-03   -0.66322643E-03   -0.19042096E-03   -0.13679645E-03   -0.10364541E-03
-0.23425078E-04   -0.26759835E-03    0.12573996E-03    0.44346817E-04    0.89792129E-05
-0.94247141E-04    0.13709402E-04   -0.17096316E-04    0.32473144E-03   -0.16372971E-03
 0.19152844E-04    0.40252679E-05   -0.29958387E-04    0.99471746E-04    0.51977610E-04
 0.79734958E-04   -0.58264865E-04    0.36105012E-04    0.75053820E-04   -0.45247510E-03
-0.16458635E-02    0.13004821E-03    0.12361758E-03   -0.33310513E-04    0.74841866E-04
 0.28393458E-04    0.13708825E-03   -0.49267427E-04   -0.39083618E-05   -0.26440942E-04
 0.66280828E-04   -0.57080683E-05   -0.40013239E-04   -0.26645303E-03   -0.46613897E-04
-0.68003042E-04   -0.58297692E-05    0.54902349E-04   -0.12986469E-03   -0.40218964E-04
 0.58752566E-05    0.77342875E-04   -0.44937137E-04   -0.41916964E-04    0.53416862E-03
 0.17958045E-02   -0.83206816E-03   -0.89517275E-03    0.10142634E-02    0.82168793E-04
 0.42062598E-04   -0.53989765E-03   -0.12166975E-03   -0.11028575E-04   -0.92110635E-05
-0.31455889E-04    0.64565218E-05    0.10487041E-03   -0.10768603E-04    0.56464256E-04
 0.75612640E-04    0.16698252E-02   -0.22949499E-02   -0.53595333E-03    0.70475637E-03
 0.35514991E-04    0.15474297E-03   -0.49713234E-05   -0.95371846E-03   -0.16325444E-03
 0.28620464E-03    0.10177743E-03    0.53351164E-05   -0.17547453E-03   -0.14148099E-03
 0.11396735E-02   -0.29350806E-03   -0.62029886E-04   -0.26493317E-03    0.54357985E-03
 0.19786611E-03    0.68807360E-04   -0.78900279E-04    0.45009258E-05   -0.11074562E-03
 0.39588317E-04    0.21226465E-03   -0.26410932E-02   -0.70253001E-04    0.56685317E-05
-0.79923568E-04   -0.17416905E-03    0.89146571E-04    0.89888510E-03    0.16665566E-03
-0.25653849E-03   -0.18910855E-04   -0.10302418E-04    0.17123230E-03    0.96341982E-04
-0.80144560E-03    0.13831099E-03    0.46138224E-04    0.44442249E-03   -0.39865968E-03
-0.15542110E-03   -0.78297915E-04    0.10972955E-03   -0.61712672E-04    0.30253286E-05
-0.90771412E-04   -0.49134250E-04    0.29964389E-02   -0.10500870E-03   -0.86295912E-04
 0.93959931E-04    0.10830399E-04    0.45472033E-05   -0.38845477E-04   -0.88434961E-05
 0.32458596E-05   -0.14634816E-04    0.19271094E-05    0.28756938E-05    0.79344326E-05
-0.30303664E-04    0.89779729E-05    0.38147829E-05    0.36836634E-04   -0.71423661E-04
 0.92474589E-05   -0.27706181E-05    0.32415800E-04   -0.37270416E-04    0.22487626E-04
-0.33721076E-04   -0.45234341E-04    0.36858476E-04    0.14495911E-04    0.60086758E-06
 0.35242936E-04    0.10892725E-04    0.23528278E-03    0.17164401E-03   -0.29055043E-05
-0.17076975E-05    0.77121914E-05    0.78666270E-04   -0.25992943E-04   -0.98245116E-05
-0.15630248E-04   -0.55336991E-04   -0.16585604E-04    0.73259354E-04   -0.16146375E-04
-0.28814789E-03    0.24396797E-05   -0.13980852E-04    0.20530317E-04   -0.25361226E-05
 0.27756354E-04    0.40600469E-04   -0.32713199E-04    0.19826002E-06   -0.44329200E-05
-0.27190962E-04    0.38772060E-04   -0.15632330E-03   -0.14289349E-03   -0.50853579E-07
 0.81881872E-05   -0.52418010E-05   -0.73883869E-04    0.14623792E-04    0.19680430E-04
 0.11173152E-04    0.40602006E-04   -0.29774283E-05   -0.67736757E-04    0.39884545E-04
 0.28609587E-03   -0.40896517E-04    0.13659746E-03    0.32710126E-04    0.14514993E-04
-0.14168727E-04   -0.10025966E-04    0.20187408E-06   -0.23824768E-05    0.36806495E-05
 0.46453504E-05   -0.37976326E-05   -0.67170665E-06   -0.32483836E-06   -0.60807876E-06
 0.16499339E-05    0.26635296E-04   -0.18451988E-04    0.70370437E-06   -0.93665917E-04
-0.71906904E-05   -0.13414908E-04   -0.12748055E-04   -0.14175741E-05    0.16122286E-06
 0.13337977E-04   -0.36130832E-05    0.91441042E-07   -0.68027944E-05    0.32779528E-04
-0.46242256E-04   -0.10033999E-04   -0.15314215E-05    0.14536445E-04    0.49188794E-04
 0.22679195E-05    0.61554136E-05    0.48582128E-04   -0.70801707E-05    0.50428994E-05
 0.12890778E-04   -0.23078943E-04   -0.58859785E-05    0.35244932E-05   -0.21809740E-04
 0.76713981E-05    0.13040988E-04    0.60852562E-05   -0.70055763E-05   -0.15580096E-05
-0.29330500E-05    0.13795045E-06    0.76995232E-06    0.31497712E-05   -0.21690473E-04
 0.21117386E-04    0.10082005E-04   -0.90842561E-06   -0.16215175E-04   -0.58296389E-04
 0.51023905E-05    0.10011209E-05   -0.38186401E-04    0.22003473E-05   -0.52996012E-05
-0.13145054E-04    0.88972224E-05   -0.39338055E-06   -0.50410988E-06    0.21724959E-04
-0.49850525E-02    0.83260917E-02    0.49353960E-02    0.12966810E-02   -0.10375484E-02
-0.28930265E-02   -0.34131508E-03   -0.19054492E-03   -0.22596291E-03    0.52262299E-03
-0.23091846E-04   -0.31539201E-03    0.32172867E-03   -0.43920044E-03    0.19346596E-02
 0.29895876E-02   -0.21299072E-02    0.47400629E-02   -0.42452967E-01    0.10208887E-02
-0.21459183E-03   -0.11369187E-02   -0.15269262E-02   -0.22295034E-03    0.47776542E-03
-0.19027125E-03    0.42047503E-04   -0.75387135E-03    0.15331344E-02   -0.40656278E-02
 0.64951861E-04   -0.74633652E-03   -0.17115867E-03   -0.35485738E-03   -0.81390483E-05
-0.40525531E-04    0.19509113E-02   -0.10362863E-02   -0.81025505E-03    0.35353676E-03
-0.10670126E-02   -0.42175443E-03    0.51063780E-04   -0.19920177E-03   -0.39646574E-03
 0.28546782E-04    0.94671370E-03    0.71323506E-03    0.51450538E-04   -0.52381260E-05
 0.31462670E-04   -0.76791209E-05    0.41335027E-03   -0.13368659E-02    0.28697313E-02
 0.22599941E-03    0.44666779E-03    0.14675113E-03    0.36158252E-03   -0.18863850E-03
 0.21321339E-03   -0.66941277E-03    0.96280690E-03    0.35320688E-03   -0.20302565E-03
 0.84038650E-03   -0.11013344E-03   -0.16137653E-04    0.87530474E-04    0.38416777E-01
-0.55176443E-03    0.14854544E-02    0.10118430E-02    0.23683509E-03   -0.26649111E-03
-0.63849706E-03   -0.14650228E-03   -0.25609601E-04   -0.68247797E-04    0.14783109E-03
-0.74797246E-04    0.13147658E-03   -0.21059941E-03    0.66909514E-04    0.39693573E-04
 0.40575622E-03   -0.38003477E-03    0.72291035E-03   -0.64394966E-02    0.17069145E-03
-0.31066224E-04   -0.26146638E-03   -0.24165867E-03   -0.55657262E-04    0.21154008E-04
 0.89378081E-05   -0.84101663E-05    0.19203232E-04    0.34821983E-03   -0.61955849E-03
-0.84733353E-05   -0.15607700E-03    0.26721202E-05    0.25076705E-04    0.31339172E-05
 0.10601856E-03    0.30863174E-03   -0.12060867E-03    0.14303404E-03    0.29352244E-04
-0.15550166E-03   -0.10585364E-03   -0.14897233E-04   -0.36587040E-04    0.44654482E-04
 0.53918147E-04    0.17312772E-03    0.62317152E-04    0.13548235E-06   -0.81320668E-04
-0.40900061E-05    0.17840119E-05    0.13358576E-04   -0.22677876E-03    0.43359668E-03
-0.82905658E-05    0.10036298E-03    0.52351822E-05    0.15854220E-04   -0.21566510E-04
 0.32381213E-04   -0.10168375E-03    0.16139471E-03    0.37860444E-04    0.39220812E-04
 0.15858788E-03   -0.35459072E-06    0.35222419E-05    0.15849683E-04    0.51339258E-02
 0.23859312E-02   -0.62156238E-03    0.12406792E-02    0.91744845E-03    0.15509972E-03
-0.15500856E-03   -0.47452678E-03    0.59576083E-05   -0.17635292E-04   -0.68274807E-04
 0.87762934E-04   -0.11276960E-04   -0.10282256E-04    0.75178343E-04   -0.11450467E-03
 0.30514710E-03    0.42502904E-03   -0.33608742E-03    0.48915161E-03   -0.55391384E-02
 0.85127275E-04   -0.36614795E-03   -0.95880200E-04   -0.28138522E-03   -0.46295188E-04
 0.11448904E-03   -0.16790180E-04    0.19929544E-05   -0.13839465E-03    0.14518850E-03
-0.68849375E-03   -0.54441012E-05   -0.10240210E-03    0.41008254E-04    0.27548178E-04
 0.44934427E-05    0.33661018E-04    0.38641167E-03   -0.18895472E-03   -0.11802746E-03
 0.31385990E-04   -0.19066000E-03   -0.76566583E-04   -0.14861480E-04   -0.37294665E-04
-0.12630936E-04    0.25670193E-03    0.75622645E-04    0.15921677E-03    0.55304720E-05
-0.11652400E-04   -0.74207322E-05    0.39299510E-05    0.68234069E-04   -0.21670121E-03
 0.38136012E-03    0.23379951E-04    0.46729226E-04   -0.77153379E-05   -0.10373505E-04
-0.16166314E-04    0.47469390E-04   -0.15761859E-03    0.19269596E-03    0.64050818E-04
 0.17314750E-04    0.17948931E-03   -0.13729389E-04    0.21690611E-05    0.18106933E-04
 0.53684031E-02    0.71544599E-03    0.16419390E-02    0.49377089E-03   -0.20143323E-03
-0.78226597E-03   -0.82800136E-04    0.46939308E-04    0.40386311E-03    0.32467106E-04
 0.15277916E-04    0.48527197E-05   -0.70093504E-04   -0.16505710E-04    0.14584925E-04
-0.63105754E-05   -0.11760254E-04   -0.11189019E-03    0.26361005E-04   -0.37538325E-04
-0.81389851E-03    0.37576820E-02   -0.27446193E-03    0.13925126E-03   -0.59430057E-03
 0.20569567E-03    0.76368209E-04   -0.10441312E-03   -0.46882779E-04    0.92273000E-05
 0.20061837E-04   -0.54752292E-04    0.19013077E-04   -0.26766315E-05    0.62313501E-04
-0.26002054E-04   -0.36868805E-04   -0.22934865E-04    0.21585557E-04   -0.11261821E-03
 0.13289362E-03    0.13535517E-03   -0.37904140E-05   -0.18907638E-04    0.23969428E-05
 0.41703911E-04    0.25117251E-05    0.19823858E-03   -0.75425028E-04    0.42194043E-03
-0.93175537E-04   -0.49741264E-04    0.35092913E-04    0.39598604E-04   -0.17228728E-05
-0.59977044E-04    0.90895450E-04   -0.33856418E-04   -0.35852797E-04   -0.46134891E-04
-0.60017272E-06    0.31809251E-04   -0.96913632E-05   -0.51612815E-04    0.26556324E-04
-0.87768681E-04   -0.57436633E-04    0.47938413E-04    0.33046990E-05    0.16157441E-04
-0.15364471E-04   -0.29234171E-05   -0.27035130E-02   -0.34142566E-03   -0.49589216E-03
 0.16669425E-02   -0.48571896E-03    0.29673836E-04    0.85254228E-04    0.48903427E-04
-0.19026726E-04   -0.13254050E-03   -0.20377185E-04   -0.22719490E-04    0.15966714E-04
 0.23032304E-04    0.25674951E-05   -0.14254318E-04    0.17221312E-04   -0.27065508E-04
 0.28208937E-04    0.93326890E-03   -0.64639429E-03   -0.12947751E-02    0.93389739E-03
-0.68083391E-04   -0.74197924E-04    0.42570252E-04   -0.89680514E-03   -0.16992417E-05
-0.13653841E-05   -0.25488700E-04    0.22292351E-05   -0.24098257E-03    0.11040753E-03
 0.56363852E-04    0.86664712E-04   -0.64256679E-04    0.23656304E-04    0.14942325E-03
-0.10788193E-03   -0.78223561E-04    0.29284147E-04   -0.18660618E-03   -0.61799618E-04
 0.22068551E-03    0.38856288E-04   -0.49337009E-03   -0.42910259E-04    0.19440992E-06
 0.62073763E-04    0.70228682E-04    0.17762840E-05    0.63950871E-03   -0.18237794E-05
-0.47472406E-04    0.43611082E-05    0.48229974E-05    0.16803594E-03   -0.74384704E-04
-0.16713002E-03   -0.46845902E-04    0.44318004E-04   -0.14013468E-04   -0.90277220E-04
 0.67812652E-04    0.58708650E-04   -0.22000279E-04    0.83130252E-04    0.32886414E-04
-0.15515863E-03    0.40036930E-04    0.36056372E-03    0.99564265E-05    0.73229272E-06
 0.12229037E-02    0.12757886E-03    0.23600999E-03   -0.59826655E-04    0.16176130E-02
-0.59829511E-03   -0.50291951E-04    0.18757970E-04    0.60009133E-04    0.14900523E-04
-0.12972687E-03   -0.93529698E-04   -0.74399440E-05    0.47615041E-05    0.10016478E-04
 0.53928759E-05   -0.57402881E-04   -0.20950778E-04    0.26041963E-05    0.11316167E-03
 0.22632476E-03   -0.81026392E-04   -0.49878951E-05   -0.12511617E-02   -0.13229655E-03
 0.97393903E-05    0.28924878E-05   -0.49189705E-04   -0.67450034E-03   -0.27141168E-03
 0.28540319E-04    0.72681926E-05    0.44659528E-04    0.13796654E-04    0.22699350E-03
-0.13630342E-04   -0.10087159E-04   -0.48566942E-04    0.94328141E-04   -0.44072744E-04
-0.11164033E-03    0.10952317E-03   -0.16395699E-03   -0.12506217E-03   -0.57610381E-04
-0.27847208E-04   -0.55391969E-05   -0.59723917E-04    0.44770613E-05    0.12477295E-03
 0.13307947E-04    0.93127217E-05    0.89092357E-05    0.54745528E-03    0.23832589E-03
-0.18873468E-04   -0.87831686E-05   -0.95423929E-04    0.18669426E-04   -0.22621999E-03
 0.11982759E-03   -0.16019892E-04    0.39314033E-04   -0.92140403E-04    0.29287415E-04
 0.71520562E-04   -0.71142835E-04    0.94947073E-04    0.85536172E-04    0.73002151E-04
 0.14870257E-04    0.39832531E-04    0.32133562E-04   -0.31936694E-05    0.14371105E-02
 0.16664434E-03    0.16441166E-03   -0.12751742E-03    0.13759716E-03    0.15793605E-02
-0.13199380E-04    0.64749039E-03    0.10575669E-03    0.35776122E-04   -0.37469140E-04
-0.28936689E-04    0.46188524E-04    0.76471479E-05   -0.18918808E-04    0.17576818E-04
-0.10661983E-05   -0.69613317E-04    0.82193274E-04   -0.95081454E-04    0.15322125E-03
 0.19333215E-03   -0.12494759E-03    0.18348923E-03   -0.21018107E-02   -0.21298577E-03
 0.24615484E-04   -0.16053942E-03   -0.87464347E-04   -0.30739227E-03   -0.88339247E-03
 0.36263903E-04    0.87375915E-05   -0.90043694E-04    0.15238035E-03    0.53728393E-04
-0.17555570E-03   -0.19198880E-04   -0.38051589E-04    0.10700009E-03   -0.30773233E-04
-0.83655826E-04    0.10495113E-03   -0.26219238E-03    0.44929372E-05    0.10568300E-03
-0.19469082E-03    0.11102890E-03    0.26155222E-04   -0.59908721E-05    0.14758994E-03
-0.13526781E-04    0.11558204E-03   -0.70421671E-05    0.23067580E-03    0.68946308E-03
-0.29794766E-04   -0.50896456E-05    0.25116682E-04   -0.63320624E-04   -0.24782204E-03
 0.15982001E-03    0.29384657E-05    0.33317916E-04   -0.86165141E-04    0.48120664E-04
 0.10646849E-03   -0.86082706E-04    0.25040434E-03    0.22357653E-04   -0.70742906E-05
 0.10867326E-03   -0.13756483E-03   -0.12364462E-05   -0.23167989E-05    0.23784094E-02
 0.26147651E-03    0.27215407E-03   -0.61403168E-04    0.12582317E-03    0.80446038E-03
 0.22594045E-02   -0.21028270E-04   -0.17019503E-04   -0.15862781E-03   -0.13723826E-04
-0.52280977E-05    0.62518558E-04   -0.27059368E-04    0.48369549E-05   -0.13068282E-05
 0.67734498E-05   -0.26530162E-04   -0.20521209E-04   -0.72323785E-05    0.28249513E-04
 0.17091123E-04    0.47500852E-03   -0.29747571E-03   -0.10624189E-02    0.19315822E-02
 0.28083195E-04    0.12819053E-05   -0.38882868E-04   -0.21231586E-05    0.52056307E-04
 0.39387030E-04   -0.17158400E-03    0.23187478E-04   -0.10755982E-03   -0.78337136E-04
 0.31132476E-04    0.88535062E-04   -0.41213324E-05   -0.15389667E-04   -0.47687468E-04
 0.89081400E-05    0.81160932E-05   -0.41890834E-04    0.18674599E-04   -0.96984040E-05
-0.14694093E-04   -0.61478278E-04   -0.23370510E-06   -0.94188951E-05    0.19543478E-05
-0.81406704E-05    0.43961471E-05    0.22726995E-04   -0.85323329E-06   -0.22856755E-04
-0.34346764E-04    0.11147571E-03   -0.14845717E-04    0.45999457E-04    0.89460672E-04
-0.78655576E-04   -0.47060279E-04    0.51509819E-05    0.18291685E-05    0.14104336E-04
 0.11573350E-04   -0.12292159E-04    0.19996611E-04   -0.33235529E-04   -0.30202787E-04
 0.23494204E-04    0.26911837E-04    0.18356371E-04   -0.55273079E-05    0.33456502E-06
-0.40162780E-03   -0.87813272E-04   -0.61767106E-04    0.10958659E-03    0.41635060E-04
-0.12738367E-03   -0.13726540E-03    0.39657506E-03    0.25405038E-05   -0.19923832E-04
-0.20901105E-04   -0.52715116E-05    0.61654450E-05    0.27257096E-06    0.16830734E-05
-0.31253409E-07    0.26379387E-05   -0.37847983E-05    0.84374447E-05    0.51572685E-05
 0.19501448E-05   -0.72734943E-05   -0.56327651E-06   -0.34412205E-04    0.11014743E-04
 0.48654731E-04   -0.45066991E-04   -0.38762693E-04   -0.26662392E-05    0.95668006E-05
 0.10351636E-05    0.52550094E-05    0.35838822E-05    0.22290053E-04   -0.81591611E-05
 0.15495048E-04   -0.38790017E-05    0.19108150E-04    0.22250699E-04    0.39521505E-05
 0.12243138E-05    0.34094363E-05   -0.15426984E-05   -0.21918750E-05    0.17494421E-05
 0.11520649E-05    0.22529664E-05   -0.66620789E-05    0.40335861E-05    0.72529351E-05
 0.23296869E-05   -0.57332221E-06    0.29753289E-04    0.12719039E-05   -0.15498047E-05
 0.55229083E-05   -0.71274362E-05   -0.34031427E-05   -0.14285658E-04    0.62619777E-05
 0.16901380E-05   -0.24910062E-05   -0.39114775E-05   -0.23394707E-04   -0.30683270E-05
 0.11891881E-07   -0.14933908E-05   -0.26931619E-05    0.20639261E-05    0.32747526E-05
 0.36585394E-05    0.12823336E-05    0.34589888E-05    0.39806891E-05   -0.72529987E-05
 0.69414366E-06    0.17488051E-06    0.28307533E-07    0.99090980E-06    0.12911843E-04
-0.62721389E-05    0.10047312E-04   -0.68356079E-05   -0.82938086E-05   -0.57711808E-04
 0.24231879E-04   -0.14095759E-02    0.23861092E-02    0.13640048E-02    0.34722964E-03
-0.30113959E-03   -0.83727429E-03   -0.52957088E-04   -0.66656883E-04   -0.44939815E-04
 0.13764824E-03   -0.21604809E-05   -0.60714020E-04   -0.58411016E-04   -0.12060164E-03
 0.42910694E-03    0.15167264E-02   -0.10013288E-02   -0.68728284E-04   -0.95469561E-02
 0.85587267E-03   -0.41993626E-04   -0.32964826E-03   -0.65390482E-03   -0.73769123E-05
 0.90261860E-04   -0.15423983E-03    0.24838506E-04   -0.11510605E-02    0.26332698E-03
-0.10641951E-02    0.23680349E-03   -0.24251146E-03   -0.18224972E-04   -0.32181510E-04
-0.13101325E-04   -0.24342263E-04    0.43848279E-03   -0.43358295E-03   -0.22696966E-03
 0.26244786E-03   -0.38674980E-03   -0.22745451E-03   -0.10002149E-04   -0.56043601E-04
-0.51767781E-03    0.21973045E-04    0.22073834E-03    0.35642762E-03   -0.10705824E-03
-0.60710607E-05    0.54442874E-04   -0.30339599E-06    0.83578897E-03   -0.22550139E-03
 0.78927155E-03   -0.41187071E-04    0.13591750E-03    0.11403252E-04    0.61814622E-04
-0.95958753E-04    0.13083653E-03   -0.10746527E-03    0.38272249E-03    0.16327718E-03
-0.11306323E-03    0.29082654E-03   -0.91491593E-05   -0.10447999E-04    0.21403017E-04
 0.10375937E-01    0.14285602E-02    0.15132110E-02   -0.68179324E-03    0.45902939E-03
 0.40281932E-03    0.63022339E-03    0.79945501E-04   -0.25644941E-05    0.48327006E-02
 0.63277526E-03   -0.13430474E-02   -0.65344447E-03   -0.21890022E-03    0.16614215E-03
 0.34186718E-03    0.80763101E-04    0.24050556E-04    0.21906995E-04   -0.11320712E-03
 0.15369691E-04    0.23553456E-04   -0.66055590E-04    0.10277579E-03   -0.15611518E-03
-0.90757335E-04   -0.42726123E-04   -0.16484920E-02    0.60242631E-02    0.69741116E-04
-0.41829417E-04    0.12858409E-03    0.27955994E-03   -0.20195103E-04   -0.38873952E-04
-0.52932560E-04   -0.67568809E-05   -0.49180397E-04   -0.16007077E-02    0.61861940E-03
-0.18234236E-04    0.12569620E-03    0.80138213E-04   -0.44829749E-04    0.72793120E-04
-0.25600610E-05   -0.19882579E-03    0.16900125E-03    0.32505922E-04    0.16421524E-04
 0.17280129E-03    0.55986492E-05    0.24937399E-04    0.37713810E-04   -0.92800762E-04
-0.26287689E-04   -0.81080124E-04   -0.13008562E-03    0.82518535E-04    0.48411556E-04
 0.67037969E-04   -0.25033469E-05    0.85139302E-04    0.14212943E-02   -0.41250238E-03
 0.66808117E-04   -0.83693796E-04   -0.68588614E-04    0.12431925E-04   -0.11350345E-03
-0.70995161E-04    0.16540413E-03   -0.11216875E-03    0.28599833E-04   -0.41545784E-04
-0.14712136E-03    0.97872014E-04   -0.28246513E-04   -0.19284914E-04   -0.41562520E-02
-0.48922192E-03   -0.60637001E-03    0.35274748E-03   -0.23576500E-03   -0.17268644E-03
-0.32105068E-03    0.21428322E-03    0.48784215E-05   -0.57961995E-03    0.43632962E-02
-0.83252277E-04    0.26168842E-02    0.69962108E-03    0.23415315E-03   -0.18810434E-03
-0.83236814E-05    0.66874988E-04   -0.46842038E-04   -0.37319798E-04    0.63818482E-04
-0.15460353E-04   -0.53869896E-04    0.14110918E-03   -0.42356911E-04    0.38766142E-03
 0.33945217E-04    0.22491532E-04    0.13655730E-02   -0.68077338E-02    0.56461448E-04
-0.40056668E-04   -0.38654923E-03   -0.11131281E-03    0.20183665E-03    0.54996650E-03
-0.44261217E-05    0.32858497E-04   -0.12151867E-03    0.47385523E-03   -0.12651015E-01
 0.18977281E-03   -0.22886047E-03   -0.70083584E-07   -0.26739637E-03    0.31694927E-04
 0.67283301E-04    0.33688339E-03   -0.12593170E-03   -0.53711867E-04    0.22951977E-03
-0.72602407E-04    0.16254559E-03    0.16580797E-03   -0.33006913E-04    0.88949078E-04
-0.43036506E-04    0.31830082E-03   -0.84774278E-04   -0.22838732E-03   -0.35855917E-03
-0.75686310E-04   -0.57489851E-05    0.16498398E-03   -0.31027062E-03    0.21523054E-01
 0.12197305E-03    0.10153615E-03   -0.33676784E-04    0.21993095E-03    0.13645549E-03
 0.19570797E-03   -0.12566212E-03    0.11232235E-03   -0.41334840E-04   -0.15871799E-03
 0.92877937E-04   -0.22909711E-03   -0.68964636E-04    0.14257303E-04    0.47935001E-02
 0.52817108E-03    0.70529929E-03   -0.85532102E-04    0.45263148E-04    0.86649828E-04
-0.66640724E-03   -0.20088494E-03    0.16144945E-05    0.14556199E-02   -0.38989878E-03
 0.40067226E-01   -0.24805428E-04    0.62257062E-03    0.96923774E-03    0.10918700E-03
-0.69287162E-04   -0.34532550E-03    0.12774666E-04   -0.42129604E-04   -0.17545070E-04
 0.24477365E-04   -0.50130727E-04    0.11737864E-04    0.31486409E-04   -0.48617305E-04
 0.14008596E-03   -0.34330310E-03    0.47285111E-04    0.55080588E-03   -0.31212725E-02
-0.12437985E-04   -0.33436131E-04   -0.94394454E-04    0.10336902E-04   -0.78875702E-04
-0.46020466E-04    0.10703620E-03    0.22362180E-04    0.12003361E-03    0.92743171E-04
-0.35649071E-03   -0.11823781E-02   -0.12448835E-04    0.42117004E-04    0.42549418E-04
 0.20590794E-04    0.60388877E-04   -0.60414619E-04   -0.92863916E-04   -0.91541759E-04
 0.79039441E-04    0.12236272E-03   -0.28528424E-04    0.15041722E-03   -0.17315058E-04
 0.70590480E-05   -0.68724530E-05    0.65723060E-04   -0.33113724E-04    0.10524083E-03
 0.11360502E-03   -0.69284524E-04   -0.18955553E-04   -0.90534571E-04   -0.61450873E-04
 0.17487817E-03    0.75597646E-03    0.30163344E-04   -0.18671100E-04    0.39530219E-04
-0.20194428E-04   -0.34101656E-04    0.78890929E-04    0.89269125E-04    0.94191745E-04
-0.60265396E-04   -0.53494857E-04   -0.10547506E-04   -0.71988884E-04    0.72609829E-05
 0.20260898E-02    0.30247657E-03    0.16726294E-03   -0.60442240E-04   -0.14033753E-03
 0.22090031E-03    0.35255355E-03   -0.15289271E-03   -0.47642666E-04    0.36062106E-03
-0.20574204E-03    0.25726720E-03    0.32418511E-02    0.29624071E-04   -0.34879300E-04
 0.90228565E-05   -0.21075676E-05    0.19308295E-04    0.53948338E-04    0.24404623E-04
 0.16447419E-05    0.11469848E-04   -0.22608818E-04    0.30001644E-04    0.55316057E-07
 0.24619230E-06    0.20624973E-04   -0.24252296E-05    0.20444522E-03   -0.11329474E-03
-0.58168156E-03    0.13482816E-02   -0.27642330E-04    0.13833107E-04    0.19425374E-04
-0.30300642E-04    0.21638157E-04    0.62961569E-05   -0.11365587E-04    0.41070041E-05
-0.49209510E-04    0.17370524E-04    0.11462078E-05    0.43809992E-04   -0.10377818E-03
 0.15028499E-04    0.97461235E-06    0.26775058E-04   -0.37785542E-05   -0.17523378E-04
 0.31838233E-05    0.17012595E-04    0.61608724E-04    0.51992305E-04   -0.22324200E-04
-0.17157712E-04    0.50981747E-05    0.13183849E-04   -0.20276226E-04   -0.24381232E-04
 0.22301916E-04   -0.32403710E-04   -0.19451510E-04    0.13157955E-04   -0.40564170E-05
 0.20372651E-04   -0.21558354E-04    0.79741901E-04    0.48648493E-05    0.67451782E-04
-0.14492327E-04   -0.10769658E-04   -0.22521644E-04    0.16764972E-04    0.12008270E-04
 0.46429873E-05   -0.27709762E-05   -0.64058537E-04   -0.25645446E-04    0.75053730E-05
 0.75113129E-06   -0.38992206E-05   -0.42796241E-03   -0.50354984E-04   -0.72802062E-04
 0.58339404E-05    0.48714877E-05   -0.29437073E-04   -0.42905742E-04    0.85230169E-05
-0.26584980E-05   -0.10556196E-03    0.80980165E-04    0.39831049E-04   -0.77325230E-04
 0.27103953E-03    0.72243391E-04   -0.27668679E-03   -0.24764360E-03   -0.28540779E-04
 0.38460246E-04    0.11064906E-03    0.12212899E-04    0.16613910E-04   -0.65665382E-05
-0.19756423E-04   -0.57922654E-05    0.44868577E-05   -0.28901767E-04    0.44311216E-04
-0.92594506E-04    0.15386534E-04    0.78474109E-04   -0.41964154E-03    0.19926471E-02
-0.35302503E-04    0.63040824E-04    0.40877069E-04    0.72435256E-04   -0.24756554E-04
-0.39852893E-04   -0.13578621E-04   -0.60684801E-06    0.43345542E-04    0.66049110E-05
 0.20643790E-03    0.70048654E-04    0.41354176E-04   -0.91511997E-04   -0.41200472E-04
-0.46254166E-05    0.16531590E-04   -0.36709662E-04    0.22511723E-04    0.34126737E-05
-0.55006953E-04    0.21998261E-04   -0.68806122E-04    0.60447899E-06    0.13933463E-04
 0.24993608E-04   -0.45663746E-04   -0.34388756E-04   -0.39359730E-04    0.27039076E-04
 0.21132481E-04    0.51735637E-05   -0.13541924E-05   -0.37241799E-04    0.15329724E-05
-0.19500333E-03   -0.20397073E-04   -0.30902689E-04    0.53271806E-04    0.10719948E-04
 0.48966439E-05   -0.33887597E-04   -0.33800616E-06   -0.52353739E-04   -0.26601913E-04
 0.68690512E-05   -0.27767271E-04    0.66783582E-04   -0.33579583E-05   -0.64402784E-05
-0.14558588E-02   -0.20961634E-03   -0.31014419E-03    0.25078313E-04   -0.98624292E-04
-0.38783797E-05   -0.45877840E-04    0.35417748E-04   -0.34486163E-05   -0.44899460E-03
 0.11973670E-03   -0.35701357E-03   -0.13772080E-03   -0.13841823E-04    0.27882103E-03
 0.69401876E-04   -0.80076573E-04   -0.46153386E-03   -0.50366893E-04    0.24598252E-05
 0.13263331E-03    0.23832007E-04    0.16186171E-04   -0.22491529E-04    0.20861945E-05
-0.20551390E-04    0.38530957E-04   -0.53698498E-04    0.82119934E-04   -0.15688660E-03
 0.96582338E-04   -0.47209302E-04   -0.67150417E-03    0.14764681E-02    0.26523037E-03
 0.66378799E-04   -0.12028887E-04    0.17132335E-03    0.10874634E-03    0.96500981E-04
-0.51579913E-04    0.17228711E-05    0.77315036E-04   -0.12933295E-03   -0.88291637E-04
 0.90613784E-04    0.26264514E-04   -0.48743087E-04   -0.64031184E-03   -0.79537548E-04
 0.57831992E-04   -0.11326885E-03    0.93194714E-04    0.86358634E-04   -0.27515009E-04
 0.99918044E-04    0.23269114E-03    0.38535259E-04    0.25760273E-04   -0.20372951E-03
-0.59740062E-04    0.24351250E-04   -0.10656708E-03   -0.95569699E-04   -0.10348556E-03
 0.15525056E-04   -0.71928739E-06   -0.41541193E-04    0.93668529E-04    0.11174522E-03
 0.17543151E-04   -0.20462788E-04    0.26259039E-04    0.49251829E-03    0.47089125E-04
-0.37090124E-04    0.12497229E-03   -0.43061581E-04   -0.28635961E-04    0.24855423E-04
-0.83604497E-04   -0.16055434E-03   -0.27021513E-04   -0.21155379E-04   -0.65438910E-03
-0.99701455E-04   -0.17023120E-03    0.25216587E-04   -0.10932058E-03   -0.25479025E-03
-0.31994919E-03    0.39328997E-04   -0.96942597E-05   -0.10997643E-03    0.28627143E-03
-0.18942801E-03   -0.58825528E-04    0.28619260E-04    0.10055218E-03    0.14214757E-02
 0.46894721E-04    0.63348163E-04   -0.18326193E-03   -0.23137955E-04    0.35721109E-04
 0.32715032E-04    0.68701476E-04    0.28087671E-04   -0.19305270E-04   -0.12492035E-04
 0.53511756E-04   -0.17929328E-04    0.17285066E-04   -0.20385405E-04    0.10096096E-03
 0.37228431E-03   -0.31550645E-03   -0.10726570E-02    0.12733342E-02   -0.17046130E-03
-0.59625139E-05   -0.40932145E-04   -0.82265175E-04   -0.40295512E-04   -0.12708950E-04
 0.42307922E-05   -0.29227471E-05   -0.40088304E-04    0.97074359E-04    0.17925138E-04
 0.40915636E-04    0.76787834E-05    0.10832564E-04   -0.40066796E-04   -0.64383702E-03
-0.38237433E-03    0.61833698E-04   -0.10141015E-03   -0.56411623E-04    0.31907542E-04
-0.49053862E-04    0.89203983E-04    0.84463328E-04   -0.38590056E-06    0.18896174E-03
 0.75031494E-05    0.43505684E-05    0.70332832E-04    0.44178292E-04    0.76671847E-04
 0.14606729E-04   -0.15670022E-05   -0.16335448E-04   -0.14339697E-03    0.21194401E-03
 0.10322766E-04   -0.27230874E-04   -0.66160338E-05    0.41788842E-04    0.47790062E-03
 0.31495247E-03    0.19113294E-04    0.11031922E-03    0.20217245E-04   -0.10534847E-04
-0.11050171E-04   -0.12308951E-03   -0.19889080E-04    0.18859022E-05    0.32042503E-03
-0.64529243E-04    0.78643262E-04   -0.55397540E-04    0.10498747E-03   -0.31128325E-04
-0.32393392E-04    0.53912678E-04   -0.10464214E-04    0.22314147E-03    0.44565649E-04
 0.13444355E-03   -0.13885498E-04    0.91280869E-05    0.21982135E-05    0.44577892E-04
 0.18760535E-02    0.83066480E-03   -0.14398513E-02   -0.11048360E-02   -0.24298490E-03
 0.18811027E-03    0.55964864E-03    0.81630903E-04    0.31134734E-04    0.52984612E-04
-0.86265934E-04    0.99615664E-05    0.79162322E-04   -0.96485051E-04    0.85533647E-04
-0.36613637E-03   -0.24863658E-03    0.59487986E-04   -0.15660383E-02    0.83414140E-02
-0.44190896E-05    0.34770001E-04    0.20801886E-03    0.20347988E-03   -0.80518683E-05
-0.18394325E-03    0.39447767E-04   -0.95665245E-05    0.14915801E-03   -0.20684798E-03
 0.61622726E-03    0.71407737E-04    0.12940139E-03    0.48893703E-04    0.12972398E-03
-0.38988941E-03   -0.64387921E-03   -0.22076640E-03    0.14239444E-03    0.21071444E-03
 0.20179161E-04    0.14624206E-03    0.12058121E-03    0.55018219E-05    0.37067302E-04
-0.44486295E-04    0.62093307E-05   -0.19544536E-03   -0.58025879E-04    0.49399181E-04
 0.12316960E-03   -0.13668245E-04    0.43926640E-05    0.66342390E-05    0.14558387E-03
-0.33881911E-03   -0.71375899E-04   -0.76843363E-04   -0.42062783E-04   -0.92332651E-04
 0.32720013E-03    0.47757976E-03    0.95811920E-04   -0.95244216E-04   -0.11611819E-03
-0.44862549E-05   -0.12837682E-03   -0.42450866E-04    0.90864557E-06   -0.15333560E-04
-0.66536361E-02   -0.87355027E-03   -0.93417083E-03    0.33259121E-03   -0.20944931E-03
-0.31998528E-03   -0.43123016E-03    0.74691400E-04   -0.26617894E-05   -0.16400443E-02
 0.76980969E-03   -0.61594033E-03   -0.37653595E-03    0.49542944E-04    0.22277287E-03
 0.14038922E-03    0.79765635E-03    0.24986639E-02    0.56490603E-03   -0.99021361E-03
-0.42761184E-03   -0.13348201E-03    0.85213260E-04    0.22666383E-03   -0.27559330E-04
 0.19849698E-04    0.40782009E-04   -0.33201133E-04   -0.64135258E-05    0.19819328E-04
-0.93325123E-04    0.73456350E-04   -0.12593979E-03    0.53375819E-03   -0.46254388E-03
-0.25855247E-02    0.68910559E-02    0.11575078E-03    0.12135441E-03    0.14457235E-03
 0.88118398E-04    0.18435549E-05   -0.44896169E-04   -0.62695958E-05   -0.20102414E-05
 0.78128304E-05   -0.14643713E-03    0.50603360E-03   -0.19760885E-03    0.75805786E-04
 0.41898788E-04   -0.37954810E-04    0.35555793E-04    0.81806567E-04   -0.11546828E-02
 0.10697707E-03    0.32802656E-04   -0.34232727E-04    0.41589354E-05    0.24136716E-04
-0.26955812E-04    0.36681694E-04   -0.13304831E-03   -0.65580355E-04   -0.96260744E-04
-0.64873495E-04   -0.31999340E-04   -0.47309726E-04    0.85072445E-05    0.31719417E-05
 0.25218761E-04    0.21119062E-03   -0.31559157E-03    0.11750287E-03   -0.36784633E-04
-0.40756224E-04    0.61870942E-04    0.56487664E-04   -0.35105855E-04    0.80129837E-03
-0.11678150E-03    0.13402466E-04    0.39229217E-04   -0.38128105E-04   -0.19348158E-04
 0.33984501E-05   -0.19501190E-04   -0.33003815E-02   -0.30607864E-03   -0.69553765E-03
 0.18208130E-03   -0.86560500E-04   -0.21196328E-03   -0.22073003E-03    0.11834867E-03
-0.99616754E-05   -0.68276190E-03    0.42613453E-03   -0.63255269E-03    0.22225591E-03
 0.40654383E-04    0.11335856E-03    0.35977738E-03    0.45437337E-04    0.61519395E-03
 0.26051231E-02    0.84791039E-03   -0.13048358E-02   -0.75462469E-03   -0.21405585E-03
 0.16044520E-03    0.48012305E-03    0.89436970E-04    0.32242913E-04   -0.53833321E-04
-0.10751873E-03   -0.13833263E-05    0.69644719E-04   -0.84746135E-04    0.11623972E-03
-0.43476293E-03   -0.23907084E-03    0.15754760E-03   -0.11027480E-02    0.86759135E-02
-0.58875594E-04    0.66523464E-05    0.28774835E-03    0.15684590E-03   -0.58449150E-04
-0.28050044E-03    0.67985622E-04   -0.93337903E-05   -0.17763068E-04   -0.22484240E-03
 0.63723104E-03   -0.74255833E-04    0.12064424E-03    0.43368542E-04    0.14650565E-03
-0.94367332E-04   -0.42450682E-04   -0.36020954E-03   -0.55486570E-03   -0.27004353E-04
 0.78789821E-04    0.15702638E-03    0.33910510E-04    0.16923480E-04    0.33276382E-04
-0.32091180E-04    0.19326583E-04   -0.22074313E-03   -0.85121024E-04    0.59906742E-04
 0.19240268E-03   -0.35231302E-04    0.42774858E-05    0.47108474E-04    0.23024881E-03
-0.61207106E-03   -0.49372487E-05   -0.69006324E-04   -0.40591008E-04   -0.82254959E-04
 0.12630845E-03    0.43666986E-04    0.95792066E-04    0.38625287E-03    0.10632558E-03
-0.88777837E-04   -0.15079437E-03   -0.20412289E-04    0.46601451E-06   -0.13527075E-04
-0.74229225E-02   -0.94681721E-03   -0.94889182E-03    0.45106495E-03   -0.27333074E-03
-0.27475506E-03   -0.20398773E-03   -0.36322290E-04    0.94479978E-05   -0.19485517E-02
 0.87791267E-03   -0.10230430E-02   -0.35903916E-03    0.86756198E-04    0.31530851E-03
 0.19991680E-03    0.22799587E-04    0.13264995E-02    0.64998028E-03    0.30543913E-02
-0.22618574E-04   -0.34101732E-03   -0.80351881E-04   -0.45402773E-04    0.58216902E-05
-0.34107699E-05   -0.12291899E-04   -0.29180527E-04   -0.20754830E-04   -0.14166963E-04
-0.38673365E-04    0.58744042E-04   -0.63662845E-04    0.11510354E-03   -0.24821096E-03
 0.13547979E-03   -0.36828259E-05   -0.46428327E-03    0.19843251E-02    0.37237648E-03
 0.21556970E-04    0.77024615E-04    0.54018031E-04   -0.15133567E-04    0.39011748E-04
-0.17351947E-05   -0.32193987E-05    0.47654063E-05   -0.10172379E-03    0.18043817E-03
 0.22585246E-04    0.32692702E-04   -0.84174624E-05    0.12684143E-04   -0.86637165E-04
 0.25972619E-04   -0.11520747E-03   -0.12393303E-03   -0.57978138E-03   -0.69455257E-04
 0.76272062E-04   -0.19108222E-04    0.22433410E-04    0.10890639E-04   -0.28249888E-03
-0.98893922E-05   -0.77789328E-04    0.25574061E-04    0.47828553E-04   -0.21950719E-04
-0.33207931E-04    0.49771355E-06    0.31945728E-04    0.89797126E-04   -0.27604049E-03
 0.61915169E-04   -0.10939088E-04   -0.14111441E-04   -0.68189469E-05    0.58964613E-04
-0.33951316E-04    0.64318820E-04    0.84831694E-04    0.45493939E-03    0.36727006E-04
-0.22120128E-04   -0.10051335E-04    0.37615063E-06   -0.60715338E-05   -0.14984366E-02
-0.18015229E-03   -0.22057601E-03    0.35204868E-04   -0.65815087E-05   -0.15165157E-03
-0.29818175E-03   -0.15962057E-04   -0.12931297E-05   -0.28130894E-03    0.26452842E-03
-0.16411809E-03    0.40457606E-06    0.83137411E-05    0.87254563E-04    0.72915635E-04
-0.47292116E-04    0.30188670E-03    0.21160624E-03    0.75038514E-03    0.19512338E-02
 0.13685352E-02   -0.18975972E-02   -0.12060535E-02   -0.32347360E-03    0.23555447E-03
 0.69897493E-03    0.81902328E-04    0.65768402E-04    0.51568723E-04   -0.14910433E-03
-0.21283712E-04    0.14419944E-03   -0.12031969E-03    0.75707679E-04   -0.48780439E-03
-0.78286766E-03    0.47043791E-03   -0.16616845E-02    0.10912275E-01   -0.33630219E-03
 0.92196968E-04    0.22915383E-03    0.61922344E-03    0.27494911E-04   -0.57495394E-04
 0.23809210E-04   -0.11663753E-04    0.27630372E-03   -0.30408326E-03    0.95449127E-03
-0.78512979E-06    0.24210158E-03    0.90986759E-05    0.39449862E-04    0.49235160E-05
 0.96070440E-04   -0.49650038E-03    0.35556204E-03    0.14735007E-03   -0.10362723E-02
 0.19208899E-04    0.19842230E-03    0.60763270E-04    0.48703555E-04    0.18571356E-03
-0.14299446E-04   -0.18424965E-03   -0.32245682E-03    0.41763291E-04   -0.17764273E-04
 0.27220830E-04    0.20632505E-05   -0.13345386E-03    0.26537320E-03   -0.81850965E-03
-0.92089958E-04   -0.17319372E-03   -0.25830109E-04   -0.48653829E-04    0.68435516E-04
-0.74620467E-04    0.21014984E-03   -0.32928435E-03   -0.49652873E-04    0.10186104E-02
-0.11657699E-04   -0.80816765E-04   -0.19381564E-04   -0.21325151E-04   -0.91975765E-02
-0.11516284E-02   -0.12598345E-02    0.69293233E-03   -0.42854319E-03   -0.34513167E-03
-0.66674134E-03    0.19338393E-03   -0.27723487E-05   -0.24273295E-02    0.95169601E-03
-0.12338286E-02   -0.56568260E-03    0.56462345E-04    0.35952855E-03    0.14976961E-03
 0.20654434E-04    0.15437681E-02    0.85690530E-03    0.15309881E-02    0.44333072E-03
 0.50367818E-02    0.10407930E-02   -0.80607385E-03   -0.94004061E-03   -0.20925335E-03
 0.13577735E-03    0.62956293E-03    0.15669455E-03    0.30348253E-04    0.11462948E-04
-0.99925927E-04    0.74000725E-05    0.21756295E-04   -0.40936640E-04    0.60734508E-04
-0.29191207E-03   -0.11590781E-03    0.67433935E-05   -0.12271045E-02    0.70244096E-02
-0.16507382E-03   -0.17623140E-04    0.39316393E-04    0.32269602E-03    0.58702204E-04
-0.16570735E-03   -0.26144348E-04   -0.61671362E-05    0.39508721E-04   -0.11280195E-03
 0.35172328E-03    0.17578386E-03    0.14292616E-03    0.17635374E-04    0.11009071E-03
-0.84459918E-04   -0.48932390E-04   -0.38634678E-03    0.18748485E-03    0.20864518E-03
-0.23587387E-03   -0.47357667E-03    0.19347906E-03    0.37029689E-04    0.14650188E-04
 0.11116164E-03    0.31453769E-04   -0.67053911E-04   -0.12458404E-03   -0.28839747E-04
 0.55797210E-04    0.35962764E-04    0.29977727E-05   -0.35625161E-04    0.13958459E-03
-0.40856131E-03   -0.14278691E-03   -0.83664551E-04   -0.11056592E-04   -0.96544560E-04
 0.28176891E-04    0.99706650E-05    0.13549675E-03   -0.13536603E-03   -0.39235782E-04
 0.19859263E-03    0.35482345E-03   -0.34481779E-04   -0.49648203E-04   -0.59242931E-05
-0.56556853E-02   -0.75307530E-03   -0.70588050E-03    0.40913527E-03   -0.18243402E-03
-0.12011423E-03   -0.38208208E-03    0.10077454E-03    0.33221192E-05   -0.14236715E-02
 0.61326188E-03   -0.11616818E-02   -0.50662432E-03    0.53034610E-04    0.23033925E-03
-0.17674132E-03   -0.50939665E-05    0.10100732E-02    0.48215178E-03    0.10455029E-02
 0.19928052E-03    0.17807817E-02    0.25095609E-02   -0.90940433E-03    0.47303625E-03
 0.95657388E-03    0.15658864E-03   -0.97856506E-04   -0.46674595E-03   -0.46276912E-04
 0.31069773E-06   -0.21773514E-04    0.35103480E-04   -0.24087279E-05   -0.51122519E-04
-0.61676368E-05   -0.23608014E-04    0.14417646E-03    0.11051281E-02   -0.64614367E-03
-0.13814986E-02   -0.16835229E-02    0.38371905E-04   -0.35057274E-04   -0.66085486E-04
-0.64079284E-03   -0.46173933E-04    0.23344455E-03   -0.21108983E-04    0.82038353E-05
-0.17961588E-03    0.27367389E-04    0.10658770E-03    0.14141489E-03   -0.92815984E-04
-0.11207982E-03    0.19056990E-03    0.10630271E-03    0.51705190E-04    0.21415554E-03
-0.18635478E-03   -0.23202447E-03    0.11648544E-03    0.10291199E-04   -0.11145952E-02
-0.66529903E-04   -0.21167266E-04    0.58729795E-04   -0.16594150E-04    0.82989404E-04
 0.40546119E-03    0.46876516E-04   -0.15483534E-03    0.17411662E-04   -0.10069175E-04
 0.58256619E-04   -0.43839978E-05   -0.26085951E-04    0.34677943E-04    0.46020041E-04
 0.64140093E-04   -0.12936859E-03   -0.12189551E-03   -0.85261099E-04   -0.98416020E-04
 0.46771398E-04    0.19176480E-04   -0.15197736E-03    0.30907159E-04    0.81344810E-03
 0.29628552E-04    0.15194418E-04    0.37699941E-02    0.48633142E-03    0.36530526E-03
-0.72001262E-05    0.84526687E-03    0.31291874E-03    0.17018859E-03    0.38063887E-04
-0.25165944E-04    0.92648002E-03   -0.44563712E-03    0.10844461E-03    0.31773382E-03
-0.46456223E-04    0.14032228E-03   -0.27197845E-03   -0.66999320E-04   -0.78180776E-03
-0.36568024E-03   -0.87522013E-03   -0.24143565E-03   -0.92342718E-03   -0.50936408E-03
 0.25968046E-02    0.79075370E-04   -0.29012217E-03   -0.10595771E-03   -0.18505662E-04
 0.25474463E-04    0.93010354E-04   -0.13782095E-04    0.92917806E-05    0.10323036E-04
-0.28046250E-04    0.15258168E-04   -0.13998209E-04   -0.10064191E-04    0.60986516E-05
-0.54043603E-04    0.33083544E-04    0.70838855E-04   -0.20883582E-03    0.14327255E-02
-0.27103735E-04   -0.16881578E-04    0.54722632E-04    0.19461985E-04   -0.60913576E-04
-0.44103212E-04   -0.16847472E-04    0.42122028E-05   -0.24795080E-04   -0.21357543E-04
 0.31691833E-03    0.10169514E-03    0.95355894E-05    0.66128084E-05    0.35763913E-04
 0.80298288E-04    0.30269436E-04   -0.86473172E-04    0.13484403E-04    0.25155993E-04
 0.38637287E-04    0.39712890E-04   -0.25529178E-04   -0.19838080E-03    0.72234617E-05
 0.85561918E-06    0.13529372E-04   -0.44124440E-04   -0.22316498E-04    0.48489512E-04
 0.11853869E-04   -0.47287781E-05   -0.20614646E-06   -0.14492186E-04    0.40675569E-05
-0.22429661E-03   -0.44316232E-04   -0.16926539E-04   -0.30021140E-05   -0.33651456E-04
-0.12769993E-04   -0.16833423E-04    0.20677576E-04   -0.40190056E-04   -0.41332525E-05
-0.68104556E-05   -0.68735070E-04    0.31309406E-04    0.57998953E-04   -0.15201574E-05
-0.12080313E-02   -0.16157622E-03   -0.11715614E-03    0.99873933E-04   -0.24257410E-04
 0.16724107E-04   -0.76843056E-04    0.12629560E-04   -0.78835061E-05   -0.33556594E-03
 0.16202374E-03   -0.27390832E-03   -0.17852042E-03    0.22475883E-04    0.54395832E-04
-0.52036088E-05   -0.14241473E-03    0.19750298E-03    0.99504501E-04    0.26325579E-03
 0.22553812E-04    0.21382844E-03    0.13526144E-03   -0.73517466E-04    0.52441637E-03
-0.88648005E-05    0.77648892E-04    0.43448318E-04    0.40852910E-05   -0.57940137E-05
-0.12379980E-04    0.14579486E-05   -0.17412845E-05    0.45867441E-05   -0.71960738E-06
 0.48263054E-06   -0.41407147E-05    0.95468736E-05   -0.88022638E-05    0.12472224E-04
 0.73220079E-05   -0.12897628E-04    0.68003636E-05   -0.13824777E-03   -0.19132627E-04
-0.72471884E-05   -0.10841946E-04   -0.15979285E-05    0.68825386E-05    0.11052060E-04
 0.93386523E-06   -0.53039295E-06   -0.55445122E-05    0.18257715E-04   -0.20301642E-04
-0.79010753E-05   -0.21566311E-05    0.66175021E-05    0.20899549E-04    0.61518625E-05
 0.91189962E-05    0.25072162E-04   -0.42031343E-05   -0.78387880E-06    0.67518239E-05
-0.11731139E-04   -0.10033507E-04    0.33875209E-05   -0.10096467E-04    0.16091255E-04
 0.43512628E-05    0.64486314E-05    0.23666394E-06   -0.73819243E-05   -0.84192211E-05
 0.74560078E-06    0.24966639E-06   -0.15606320E-05   -0.13521225E-04    0.15302079E-04
 0.42635706E-05    0.12694676E-06   -0.49567031E-05   -0.16399579E-04   -0.29135229E-05
-0.36207998E-05   -0.15021802E-04    0.59082999E-05   -0.51541025E-06    0.58704969E-07
 0.82821652E-05    0.36037856E-05    0.38521582E-06    0.82300885E-05    0.12487691E-03
 0.97613455E-05    0.29266267E-04   -0.85179824E-05   -0.24171271E-05    0.66476084E-05
 0.10092033E-04   -0.13207544E-05    0.16063579E-05    0.33917892E-04   -0.25604622E-04
 0.21124807E-04    0.93610421E-05   -0.69374284E-05   -0.18163252E-04   -0.59256519E-04
-0.76403693E-06   -0.19304345E-04   -0.35321314E-04   -0.41249770E-04   -0.19958806E-04
-0.26930508E-04   -0.85986279E-05    0.25365028E-04   -0.53881727E-05    0.15739774E-04
-0.19326769E-01    0.27988421E-01    0.25960386E-01    0.46686815E-02   -0.36770089E-02
-0.15675902E-01   -0.24266104E-02   -0.68163753E-03   -0.13025281E-02    0.21842746E-02
-0.35154236E-03   -0.28374172E-02    0.96711143E-03   -0.41789911E-02    0.95431718E-02
 0.10272201E-01   -0.77722079E-02    0.20373651E-01   -0.21373665E+00    0.82688344E-02
-0.60683042E-03   -0.32642302E-02   -0.61386892E-02   -0.15031040E-02    0.33777064E-02
-0.45034640E-03    0.12594333E-03   -0.20681982E-02    0.47854433E-02   -0.13976674E-01
-0.33441874E-03   -0.31935469E-02   -0.22423421E-03   -0.30472053E-03   -0.24794844E-03
-0.84433212E-06    0.65483876E-02   -0.36634419E-02   -0.29009870E-02    0.15987834E-02
-0.23661178E-02   -0.25303447E-02   -0.60762346E-03   -0.68860623E-03   -0.50593597E-02
 0.19960003E-03    0.26052230E-02    0.28154164E-02   -0.41171929E-04   -0.20591416E-02
 0.67851390E-04   -0.66378845E-04    0.96228573E-03   -0.44752858E-02    0.10889932E-01
 0.30274547E-03    0.19376201E-02    0.41648308E-03    0.12021660E-02   -0.44360667E-03
 0.13117265E-02   -0.18938385E-02    0.32675132E-02    0.14379665E-02   -0.14346020E-03
 0.27819546E-02    0.11800215E-03    0.67706007E-04    0.33018024E-03    0.15579438E+00
 0.22404573E-01    0.21772386E-01   -0.11378350E-01    0.49059694E-02    0.55519983E-02
 0.89953096E-02   -0.16548917E-02   -0.83804090E-04    0.42697304E-01   -0.16940475E-01
 0.19340941E-01    0.93099511E-02   -0.17424991E-02   -0.62190093E-02   -0.35186481E-02
 0.10109382E-02   -0.26765102E-01   -0.12798083E-01   -0.30488520E-01   -0.58282216E-02
-0.37337137E-01   -0.22827404E-01    0.15437897E-01   -0.46847553E-02    0.56848702E-03
 0.77454952E+00    0.81516888E-02   -0.15036332E-01   -0.10572425E-01   -0.23635210E-02
 0.17351051E-02    0.56558599E-02    0.47715453E-03    0.24677712E-03    0.45044694E-03
-0.11329253E-02   -0.17084054E-03    0.85603291E-03   -0.74594730E-03    0.11339693E-02
-0.51351238E-02   -0.50111169E-02    0.38627202E-02   -0.92018878E-02    0.89292224E-01
-0.14337392E-02    0.46016068E-03    0.16818465E-02    0.28229857E-02    0.31681746E-03
-0.13642186E-02    0.26600352E-03   -0.83772241E-04    0.11617708E-02   -0.25897701E-02
 0.74643931E-02   -0.59872864E-04    0.14745779E-02    0.24085956E-03    0.64723474E-03
 0.21452354E-03    0.14981140E-03   -0.33997631E-02    0.19638416E-02    0.16051728E-02
-0.73442553E-03    0.16965055E-02    0.71910919E-03   -0.68130159E-05    0.34489478E-03
 0.45788274E-03   -0.65159296E-04   -0.13921372E-02   -0.13432597E-02   -0.11131722E-05
 0.50040981E-03   -0.18496602E-04    0.18243757E-04   -0.59669717E-03    0.22928768E-02
-0.57004106E-02   -0.20014830E-03   -0.86266583E-03   -0.23344919E-03   -0.78068807E-03
 0.44801908E-03   -0.53835987E-03    0.99433112E-03   -0.17929144E-02   -0.73786151E-03
 0.24899081E-03   -0.14588407E-02    0.15260200E-03   -0.72666781E-05   -0.14994815E-03
-0.74201408E-01   -0.98522555E-02   -0.10436309E-01    0.54662566E-02   -0.24054710E-02
-0.27546484E-02   -0.43443132E-02    0.72472030E-03    0.88943129E-05   -0.20041666E-01
 0.80248489E-02   -0.92924970E-02   -0.40089157E-02    0.76117402E-03    0.28659628E-02
 0.14749471E-02   -0.67125447E-03    0.12820806E-01    0.62892053E-02    0.14496212E-01
 0.29367945E-02    0.17751062E-01    0.10864088E-01   -0.72450534E-02    0.23118104E-02
-0.23158888E-03   -0.32596842E+00    0.15717907E+00   -0.11811163E-02    0.11405208E-02
 0.23190279E-02    0.14834202E-03   -0.29573692E-03   -0.13863872E-02   -0.31745443E-03
-0.76930029E-04   -0.15224680E-04    0.90480268E-04   -0.65857919E-03   -0.22406438E-03
-0.62996486E-03   -0.28914557E-03   -0.14781227E-02    0.60880578E-04   -0.77182261E-04
 0.12357987E-02   -0.16286368E-01    0.19427775E-02    0.11670202E-03    0.22336377E-04
-0.36909956E-03   -0.67811061E-04    0.67596269E-03    0.44098682E-05   -0.18200762E-04
 0.19907438E-03    0.39546704E-03   -0.10269393E-02    0.17077720E-03   -0.14159752E-03
 0.15303534E-04   -0.48566445E-04   -0.21881468E-03   -0.93096376E-05    0.42231489E-03
 0.36591662E-04    0.27413292E-03    0.14148109E-03    0.63427543E-04   -0.26165475E-03
-0.92792271E-04   -0.26086677E-04   -0.13663092E-02    0.36753890E-05   -0.78066456E-04
 0.14380986E-03   -0.17956505E-04   -0.44182853E-03   -0.23316939E-04    0.37948200E-05
 0.32348495E-04   -0.30323609E-03    0.36200327E-03   -0.73214365E-05    0.75238872E-04
-0.28908032E-05    0.16966235E-03    0.19144762E-04    0.12602958E-03   -0.20845546E-03
 0.85129765E-04   -0.14639040E-03   -0.68277683E-04    0.99052800E-04    0.21651885E-05
 0.49647370E-04    0.25557761E-04    0.67029688E-02    0.13745097E-02    0.84334678E-03
-0.51358853E-03    0.10578031E-03    0.79939334E-04    0.26857978E-03   -0.90123927E-04
-0.66923500E-05    0.18363432E-02   -0.97966256E-03    0.80933252E-03    0.34303718E-03
-0.15801254E-03   -0.21818641E-03   -0.16085382E-03    0.31762276E-04   -0.11659876E-02
-0.69925286E-03   -0.12602130E-02   -0.23274974E-03   -0.15890631E-02   -0.11018821E-02
 0.68132701E-03   -0.20785947E-03    0.41398448E-04    0.47038289E-01   -0.11927828E-01
 0.17095119E-01    0.94430048E-03   -0.24572096E-02   -0.18374278E-02   -0.41798004E-03
 0.51457226E-03    0.12668975E-02    0.33566736E-03    0.40117370E-04    0.13061437E-03
-0.33076017E-03    0.17233628E-03   -0.29514595E-03    0.58908910E-03   -0.21576934E-03
 0.77145330E-04   -0.76045947E-03    0.64542613E-03   -0.12379699E-02    0.12806449E-01
-0.15697333E-02    0.73017568E-04    0.50090805E-03    0.46363434E-03    0.16727199E-03
-0.69256599E-04   -0.79532261E-05    0.15947017E-04   -0.13657148E-03   -0.64572795E-03
 0.11489758E-02    0.61252766E-06    0.28083692E-03   -0.48243998E-05   -0.59132815E-04
 0.91182174E-04   -0.22888238E-03   -0.63428912E-03    0.20888045E-03   -0.33254884E-03
-0.62281168E-04    0.24693361E-03    0.22608819E-03    0.41609831E-04    0.62780524E-04
 0.80233211E-03   -0.10767000E-03   -0.24871243E-03   -0.12348034E-03    0.16189081E-04
 0.23443822E-03    0.17871481E-04   -0.44011690E-05   -0.21612961E-04    0.38082228E-03
-0.78626810E-03    0.41405770E-04   -0.17848088E-03    0.22772420E-05   -0.34924944E-04
 0.72908324E-04   -0.60529510E-04    0.15998623E-03   -0.29043405E-03   -0.74821292E-04
-0.74912505E-04   -0.27605132E-03   -0.29616680E-04   -0.18652746E-04   -0.27365041E-04
-0.94047490E-02   -0.45875592E-02   -0.13007341E-02    0.68647377E-03   -0.22765189E-03
-0.25964332E-03   -0.39072397E-03    0.13855743E-03    0.44647267E-05   -0.27397540E-02
 0.89672046E-03   -0.96166658E-03   -0.53987060E-03    0.98114005E-04    0.36385829E-03
 0.15896865E-03    0.10698122E-03    0.15451618E-02    0.51989582E-03    0.17335089E-02
 0.23006921E-03    0.21023170E-02    0.13554483E-02   -0.94095762E-03    0.30769769E-03
-0.12448142E-04   -0.44231839E-01    0.19156969E-01   -0.32751396E-02    0.95798592E-02
 0.10592680E-02   -0.30080266E-02   -0.22870931E-02   -0.34387884E-03    0.29969670E-03
 0.10462764E-02   -0.15024906E-03    0.50341386E-04    0.13993824E-03   -0.22395538E-03
-0.12297731E-03    0.86386000E-04   -0.35442001E-03    0.35495388E-03   -0.12062799E-02
-0.96026336E-03    0.90322229E-03   -0.12168588E-02    0.13782974E-01   -0.29800852E-04
 0.78539057E-03    0.21192720E-03    0.59292581E-03   -0.10728479E-04   -0.30026304E-03
 0.59107846E-04   -0.20974519E-04    0.35413624E-03   -0.36514354E-03    0.17113207E-02
-0.60290237E-04    0.28386144E-03   -0.11951170E-03    0.15073510E-04    0.21153475E-04
-0.89185950E-04   -0.75374717E-03    0.44607777E-03    0.34364775E-03   -0.10620121E-03
 0.47041929E-03   -0.62313165E-04    0.55906893E-04    0.90203904E-04   -0.80630045E-04
-0.44709293E-03   -0.19501678E-03   -0.33507265E-03    0.88856464E-04    0.11237760E-03
-0.15075583E-04    0.26651625E-05   -0.11318616E-03    0.42812429E-03   -0.96795122E-03
-0.21961293E-04   -0.12362674E-03   -0.92057129E-05   -0.91771887E-04    0.27827867E-04
-0.90968184E-04    0.18870245E-03   -0.42281852E-03   -0.17058746E-03   -0.10726535E-03
-0.41205506E-03    0.98814415E-04   -0.24670869E-04   -0.33851459E-04   -0.13280778E-01
-0.16797399E-02   -0.32318966E-02    0.11859313E-02   -0.57228179E-03   -0.41766255E-03
-0.72037344E-03    0.10998388E-03   -0.13040670E-04   -0.37513933E-02    0.13606138E-02
-0.16424073E-02   -0.53322485E-03    0.15423439E-03    0.68794229E-03    0.31059524E-03
-0.22809120E-03    0.22571394E-02    0.14200807E-02    0.24335278E-02    0.54977883E-03
 0.31725269E-02    0.17534479E-02   -0.95458148E-03    0.30224149E-03   -0.56601442E-04
-0.57093608E-01    0.28646611E-01    0.47402956E-03    0.31595691E-02    0.94370425E-02
-0.97400795E-03    0.76611666E-03    0.22299207E-02    0.22845887E-03   -0.17953722E-03
-0.11664278E-02   -0.77207201E-04   -0.26752041E-04   -0.65314489E-04    0.17273714E-03
-0.83475909E-04   -0.14320068E-03   -0.48327537E-04   -0.11476300E-03    0.32238150E-03
-0.13251460E-03    0.10847336E-03    0.16162488E-02   -0.13289068E-01    0.80281898E-03
-0.33861230E-03    0.12177677E-02   -0.48035332E-03   -0.79221114E-04    0.38622624E-03
 0.84397413E-04   -0.16596326E-04    0.50940266E-04    0.17812851E-03   -0.29423007E-03
 0.60765910E-04   -0.20153815E-03    0.87828467E-04    0.65055625E-04   -0.42188036E-04
-0.19063344E-04    0.34991768E-03   -0.30059859E-03   -0.23751534E-03    0.80285910E-04
 0.29951863E-04    0.12191859E-03   -0.60388940E-04   -0.55128691E-05   -0.52248034E-03
 0.16783754E-03   -0.71888826E-03    0.23790469E-03    0.12748660E-04   -0.23938938E-03
-0.10757050E-03    0.16432255E-04    0.77951335E-04   -0.20801940E-03    0.26305449E-03
-0.14604212E-04    0.12386509E-03   -0.34652659E-04   -0.16197783E-04   -0.13002246E-04
 0.94252125E-04   -0.50982809E-04    0.20443573E-03    0.53417980E-04   -0.90106116E-04
-0.61270275E-05   -0.13470329E-03    0.19101582E-04    0.58500714E-05    0.84383050E-02
 0.12270722E-02    0.13244400E-02   -0.27351100E-02    0.27619326E-03    0.38146980E-03
 0.30458664E-03   -0.21290260E-03    0.98241952E-05    0.22363121E-02   -0.10171868E-02
 0.58334307E-03    0.33114913E-03   -0.27062936E-04   -0.19105219E-03   -0.12458773E-03
 0.12953746E-03   -0.12547388E-02   -0.59570832E-03   -0.14255330E-02   -0.18868467E-03
-0.21398717E-02   -0.12417144E-02    0.46264593E-03   -0.26001615E-03    0.23555477E-04
 0.41310790E-01   -0.18344651E-01    0.31395937E-02   -0.26408311E-02   -0.36258977E-02
 0.81621502E-02    0.16261835E-02   -0.11816460E-02   -0.74403411E-03   -0.30111255E-03
 0.17159126E-03    0.71079945E-03    0.11175257E-03    0.80579761E-04    0.10112071E-03
-0.13962032E-03   -0.15714043E-03    0.14517758E-03   -0.12999900E-03    0.13775443E-03
-0.90233588E-03   -0.20035435E-02    0.13040958E-02    0.12986696E-02    0.26642698E-02
 0.19518289E-03    0.17066658E-03    0.62011053E-04    0.18909471E-02    0.28342180E-04
 0.52332261E-04    0.37817231E-04   -0.23688396E-05    0.58642002E-03   -0.55156041E-03
 0.76492097E-03   -0.11601249E-03    0.22171135E-03   -0.64652119E-04   -0.14302776E-03
 0.49637239E-04    0.10925227E-03   -0.26297720E-03    0.54285563E-03    0.30213851E-03
-0.52530213E-03    0.64722452E-04    0.78758232E-03    0.69986610E-04    0.22496235E-04
-0.21165200E-03   -0.99323834E-04   -0.12727823E-03   -0.10977353E-02   -0.35996748E-04
-0.37297549E-04    0.26407251E-04   -0.67073090E-05   -0.33558362E-03    0.39240009E-03
-0.27971451E-03    0.13930535E-04   -0.16137713E-03    0.11234176E-04    0.35877043E-04
-0.41675094E-04   -0.11002324E-03    0.12000109E-03   -0.33148488E-03   -0.10477365E-03
 0.27177261E-03   -0.16364194E-03   -0.49758077E-03   -0.18819926E-04   -0.11322578E-04
-0.80763306E-02   -0.88270198E-03   -0.13042645E-02    0.59056170E-03   -0.26162756E-02
-0.46748170E-03   -0.59019459E-03   -0.18377409E-04   -0.11452513E-04   -0.23719146E-02
 0.11201898E-02   -0.76957761E-03   -0.11076011E-03    0.28771860E-04    0.39007023E-03
 0.38112680E-03   -0.24559580E-03    0.14008249E-02    0.62717953E-03    0.15255041E-02
 0.26910615E-03    0.21312130E-02    0.12166328E-02   -0.18864134E-02    0.21910556E-03
-0.16707335E-04   -0.35800798E-01    0.17389598E-01    0.46741624E-03    0.16694099E-02
 0.40906992E-02   -0.21416913E-02    0.86486620E-02    0.32676915E-02   -0.32291237E-02
-0.32585657E-02   -0.64411162E-03    0.40285957E-03    0.20855496E-02    0.41677972E-03
 0.44192309E-04    0.14690495E-03   -0.29222989E-03   -0.18452326E-04    0.54705950E-03
-0.10545968E-03    0.53012421E-03   -0.16291564E-02   -0.15334914E-02    0.94911364E-03
-0.25615200E-02    0.27277604E-01   -0.45183540E-03    0.28585764E-04    0.36071083E-03
 0.82658136E-03    0.14437611E-02    0.84442042E-04   -0.31161904E-04   -0.34079381E-04
 0.13952390E-03   -0.61258747E-03    0.11954328E-02    0.71636639E-04    0.38739531E-03
 0.12436757E-03   -0.18141637E-03    0.25095600E-03    0.26798562E-03   -0.93493315E-03
 0.65581384E-03    0.55936281E-03   -0.44511797E-04    0.38264781E-03    0.34487731E-03
 0.19069196E-03    0.74410133E-04    0.19599152E-03   -0.43081269E-04   -0.32859290E-03
-0.40884968E-03   -0.87550218E-03   -0.11776572E-03    0.74733330E-04    0.18757652E-04
 0.74309384E-04    0.58907059E-03   -0.88753585E-03   -0.18336512E-03   -0.21143343E-03
-0.94142070E-04    0.53702190E-04   -0.24947703E-04   -0.28474041E-03    0.36859388E-03
-0.51853459E-03   -0.37173797E-03   -0.16422801E-03   -0.41231556E-03   -0.12754934E-03
-0.51627484E-04   -0.37116060E-04   -0.21349198E-01   -0.28761949E-02   -0.29276760E-02
 0.16451214E-02   -0.82585348E-03   -0.29574595E-02   -0.22886153E-02    0.40072483E-03
 0.21371354E-04   -0.58429861E-02    0.24843621E-02   -0.23723201E-02   -0.13547537E-02
 0.20872232E-03    0.76089953E-03    0.88308154E-03   -0.12967182E-03    0.37840734E-02
 0.19686063E-02    0.41250864E-02    0.93354058E-03    0.50636476E-02    0.30025338E-02
-0.23760282E-02    0.52528002E-03   -0.73913419E-04   -0.10433907E+00    0.45409266E-01
-0.46229857E-02    0.55795741E-02    0.80736628E-02   -0.57730457E-02    0.57257492E-02
 0.20238956E-01   -0.95605127E-04   -0.53774486E-03   -0.44045042E-04    0.67548818E-04
 0.81200576E-05    0.34623159E-04   -0.57868874E-04   -0.13244078E-04    0.66268466E-04
-0.29460518E-04    0.10960382E-03    0.85395228E-04   -0.21209642E-04    0.20834561E-03
 0.12463724E-03   -0.30375323E-03    0.12211810E-03   -0.11935947E-03    0.31249218E-02
 0.35446830E-03   -0.12618815E-03    0.14977885E-03    0.23838213E-03    0.55743348E-03
 0.17017413E-02   -0.75251301E-04   -0.26239256E-05    0.44361807E-04   -0.20429568E-03
-0.25020921E-03    0.81236933E-04   -0.12020482E-04    0.62518073E-04   -0.23768486E-03
 0.20104906E-03    0.29028774E-03   -0.16976206E-03    0.39826418E-03   -0.19971742E-03
-0.22616127E-03    0.18349781E-03    0.22631828E-04   -0.71802712E-04   -0.54084365E-05
-0.25672330E-03   -0.11831312E-04   -0.13809092E-03   -0.13444355E-03   -0.37632601E-03
-0.11569518E-02    0.91771079E-04   -0.51012902E-05   -0.32946413E-04    0.25863530E-03
 0.48836358E-03   -0.76193945E-04    0.20649409E-04   -0.26431141E-04    0.23713159E-03
-0.22512271E-03   -0.29119637E-03    0.22179109E-03   -0.39168775E-03   -0.64025623E-05
 0.15816102E-04   -0.13307922E-03    0.11326117E-03    0.31588498E-05    0.24307186E-05
-0.25632686E-02   -0.25465756E-03   -0.22518005E-03    0.55093452E-04   -0.15492113E-03
-0.11005739E-02   -0.33283519E-02    0.21800396E-03    0.26813239E-05   -0.64108176E-03
 0.58224060E-03    0.12386959E-02   -0.31170840E-03    0.45524228E-04    0.53263089E-05
 0.56683161E-03   -0.12183632E-03    0.41801947E-03    0.26173117E-03    0.69897425E-04
 0.49328988E-03    0.67372560E-03    0.41426716E-03   -0.23500303E-03    0.87230532E-04
-0.12709592E-04   -0.12434904E-01    0.46072650E-02   -0.36242924E-02    0.47495970E-03
 0.53837627E-04   -0.60621534E-03    0.49165484E-03    0.41215580E-02    0.92301778E-02
-0.47327172E-03    0.95638242E-03    0.13848316E-02    0.15773938E-03   -0.92466856E-04
-0.65276542E-03   -0.22947878E-04   -0.25824912E-04   -0.33711968E-04    0.83343767E-04
 0.75488710E-04   -0.41874338E-04    0.10030119E-04   -0.17914067E-03    0.29405267E-03
-0.55456249E-03    0.18315950E-03    0.22002677E-02   -0.11900269E-01    0.22202260E-03
-0.49476795E-04    0.19730328E-05   -0.23419807E-03   -0.16171729E-03    0.56781030E-04
 0.30991208E-03   -0.31204005E-04    0.19294513E-03    0.31670517E-03   -0.55321020E-03
-0.22503732E-03   -0.96502260E-04    0.16837947E-04    0.64723003E-04   -0.87692282E-04
-0.56441461E-04    0.26889743E-03   -0.21600899E-03   -0.72203957E-04    0.11215185E-03
 0.98726287E-04   -0.97013294E-04   -0.12344189E-05   -0.22937651E-04   -0.13585413E-03
 0.10837578E-05   -0.12517198E-05    0.14574612E-03    0.78899079E-04    0.16721704E-04
-0.19023618E-03    0.18688398E-04   -0.80893859E-04   -0.30338692E-03    0.51413295E-03
 0.15231349E-03    0.58404807E-04    0.16173483E-04   -0.13926597E-04    0.20735464E-04
 0.10683302E-03   -0.10007273E-03    0.22423319E-03    0.74909325E-04   -0.75081826E-04
-0.14627821E-04    0.28607463E-04    0.11394449E-04    0.11592941E-04    0.55662671E-02
 0.85763147E-03    0.75266443E-03   -0.56131829E-03    0.80174080E-04    0.38061131E-03
 0.51154360E-03   -0.63642491E-03    0.81686794E-04    0.12333277E-02   -0.78347435E-03
 0.93953574E-03    0.53110074E-03   -0.53879453E-04   -0.24696891E-03   -0.18285359E-03
-0.93619231E-05   -0.94086909E-03   -0.58559020E-03   -0.90861828E-03   -0.14772947E-03
-0.14470968E-02   -0.88783097E-03    0.43410591E-03   -0.16944321E-03    0.17991579E-04
 0.27757959E-01   -0.11816408E-01    0.16966901E-02   -0.16878064E-02   -0.19968955E-02
 0.18061616E-02   -0.10566477E-02   -0.42352127E-02   -0.95780489E-03    0.27261686E-02
 0.22827109E-04    0.27852045E-04   -0.23935922E-04    0.56347832E-05   -0.12482912E-04
 0.33886284E-04    0.60436444E-05    0.43865220E-06   -0.50013243E-05    0.81745156E-05
-0.12922520E-04   -0.12335431E-04   -0.24940172E-05    0.19847238E-04    0.78349965E-05
 0.45351686E-04   -0.21010542E-04   -0.85041966E-04    0.34878524E-03    0.59609023E-04
 0.40034854E-05   -0.23108655E-04    0.17478112E-04   -0.10285625E-04   -0.13290433E-04
-0.34510890E-04    0.12741136E-04   -0.25396272E-04   -0.42090114E-05    0.13385933E-04
-0.14303110E-04   -0.49392082E-05   -0.63358848E-06   -0.85346255E-05   -0.51026824E-05
 0.10126208E-05   -0.81768449E-05    0.63876788E-05    0.73197481E-05    0.80512287E-05
-0.18108818E-04   -0.20965585E-05   -0.61554707E-05    0.12084304E-05   -0.48505931E-04
-0.15754929E-05    0.16551367E-04   -0.17334380E-04    0.58056979E-05    0.60381964E-06
 0.20696999E-04   -0.87131554E-05    0.49483542E-05    0.67669616E-05   -0.12316618E-04
 0.19976220E-04    0.38827099E-05   -0.12950349E-06    0.79247769E-05    0.87303745E-05
-0.10193919E-05   -0.23237747E-05   -0.11791237E-04   -0.64789907E-05    0.65784707E-07
 0.40102649E-05    0.10830931E-04    0.71569094E-07   -0.72248498E-06   -0.92452205E-04
-0.13855362E-04   -0.29911182E-04    0.27312121E-04   -0.15975354E-04    0.91655892E-05
-0.18927218E-06    0.85408765E-04   -0.34589758E-04   -0.16991743E-04   -0.12481328E-04
-0.16003357E-04    0.63999708E-04    0.42758781E-05    0.74639839E-05    0.23527032E-04
 0.19527462E-04    0.28761734E-04    0.21548001E-04    0.27115344E-06   -0.51086354E-05
 0.21288311E-04    0.10521043E-04    0.19633970E-04    0.98279240E-05   -0.31068353E-05
-0.42858834E-03    0.17763607E-03   -0.12558893E-03    0.23274996E-04    0.38042463E-04
-0.63151509E-04    0.38250707E-04    0.23793489E-04    0.14479287E-04   -0.25565639E-03
 0.96286934E-04    0.34819605E-02   -0.66149287E-02   -0.49552378E-02   -0.92487469E-03
 0.81746941E-03    0.27933565E-02    0.15850719E-03    0.16143687E-03    0.23705366E-03
-0.42718836E-03   -0.15403144E-04    0.38601887E-03    0.24348655E-04    0.57882213E-03
-0.17219116E-02   -0.33763758E-02    0.22080902E-02   -0.17560539E-02    0.33845060E-01
-0.22498166E-02    0.24219821E-03    0.82752696E-03    0.16442646E-02    0.14197228E-04
-0.54572903E-03    0.34495283E-03   -0.50731536E-04    0.23059799E-02   -0.79812349E-03
 0.30838430E-02   -0.47455647E-03    0.71710758E-03   -0.41200620E-04    0.88500728E-04
 0.62718715E-04   -0.69890555E-04   -0.13344551E-02    0.10805046E-02    0.57023090E-03
-0.83514357E-03    0.91528455E-03    0.41821474E-03    0.86437527E-04    0.16147665E-03
 0.14034791E-02   -0.61638103E-04   -0.53832642E-03   -0.83796828E-03    0.26398504E-03
 0.27861758E-03   -0.11898674E-03    0.14733070E-04   -0.13326736E-02    0.76144664E-03
-0.23800005E-02    0.13390270E-03   -0.38906328E-03   -0.23994583E-04   -0.25685034E-03
 0.22797934E-03   -0.33167095E-03    0.33227598E-03   -0.97564912E-03   -0.36717903E-03
 0.30381638E-03   -0.73065901E-03    0.10567038E-03   -0.27227918E-04   -0.56596494E-04
-0.30843722E-01   -0.43639130E-02   -0.44537148E-02    0.21766356E-02   -0.11583087E-02
-0.11288469E-02   -0.17594296E-02    0.21751153E-04    0.14721307E-04   -0.11421103E-01
 0.25695721E-02   -0.40026083E-02   -0.14317190E-02    0.29055138E-03    0.13059317E-02
 0.56518599E-03   -0.48038052E-03    0.50592040E-02    0.22268477E-02    0.57985281E-02
 0.96251440E-03    0.73634085E-02    0.43464869E-02   -0.28070161E-02    0.88811720E-03
-0.10930833E-03   -0.14202634E+00    0.64431557E-01   -0.72575503E-02    0.86664450E-02
 0.11872695E-01   -0.76195347E-02    0.74566739E-02    0.19403701E-01    0.19872354E-02
-0.42769865E-02    0.67734420E-04    0.35075901E-01   -0.10319800E-02    0.19153497E-02
 0.50595654E-03    0.46193752E-03   -0.18629381E-03   -0.29090060E-03   -0.46997596E-04
-0.25172011E-04   -0.73452706E-04    0.15703463E-03   -0.26808096E-04    0.44468133E-04
 0.23437951E-03    0.86935007E-06    0.28761191E-03    0.10688081E-03    0.56655559E-04
 0.17218943E-02   -0.60417230E-02   -0.62271501E-03   -0.17273922E-04   -0.11348342E-03
-0.57010206E-03    0.30450223E-04    0.54013855E-04    0.11704024E-03    0.43684572E-05
 0.11330833E-03    0.37891555E-02   -0.75279228E-03    0.40367186E-05   -0.16256649E-03
-0.11326933E-03    0.23796149E-03   -0.24151295E-03   -0.31424785E-03    0.29859483E-03
-0.33279669E-03    0.29387264E-06    0.19568988E-03   -0.34449193E-03    0.99455611E-04
-0.36409160E-05   -0.58764053E-04    0.51036886E-03    0.47809528E-04    0.43262856E-04
 0.27941539E-03   -0.34222288E-04    0.11772746E-03   -0.11686760E-03    0.47867599E-05
-0.11805933E-03   -0.25562005E-02    0.49123659E-03   -0.28437145E-05    0.94325117E-04
 0.68412631E-04   -0.18698814E-03    0.26270711E-03    0.31163357E-03   -0.24614126E-03
 0.16913721E-03   -0.75743955E-04   -0.66480848E-04    0.21810574E-03   -0.15430380E-03
 0.41805339E-04    0.36403788E-04    0.40396451E-02    0.42751891E-03    0.64465544E-03
-0.44222755E-03    0.41721222E-03    0.33237143E-03    0.46025489E-03   -0.21072770E-03
-0.22616213E-04    0.31638238E-03   -0.56906308E-02    0.38246881E-03    0.24280149E-03
-0.78915137E-04   -0.67450278E-04   -0.52291644E-03    0.14284255E-03   -0.61620425E-03
-0.43725813E-03   -0.91325288E-03   -0.32785090E-03   -0.76348455E-03   -0.48509431E-03
 0.42822794E-03   -0.15930316E-03    0.25180750E-04    0.15070412E-01   -0.89815285E-02
-0.84621897E-03   -0.76068780E-03   -0.18809550E-02    0.12450541E-02   -0.20038023E-02
-0.27886330E-02   -0.55309198E-03    0.73326287E-03    0.10036709E-03   -0.14537448E-02
 0.13662714E-01   -0.24747875E-02   -0.25209796E-02    0.16880954E-02    0.23551400E-03
-0.14854382E-04   -0.19057216E-02   -0.61019915E-03    0.44765088E-04   -0.14678080E-03
 0.23514903E-03    0.19385360E-03   -0.11172406E-03   -0.73250803E-03   -0.33222732E-03
 0.24396094E-03    0.95701914E-03   -0.43361226E-03   -0.48240005E-03   -0.72612258E-02
 0.54232289E-03    0.10291230E-03    0.48645139E-03   -0.44995479E-03   -0.67490746E-03
-0.54299630E-03   -0.23206129E-04   -0.31973709E-04   -0.35142535E-04   -0.51818206E-03
 0.48810062E-01   -0.18661035E-03    0.36140522E-04   -0.14060531E-03    0.46015312E-03
-0.33062615E-05    0.84884337E-04    0.13522082E-03   -0.68272000E-04   -0.26181915E-03
-0.23186028E-03    0.38816550E-04   -0.83210962E-03   -0.40441332E-03   -0.61654073E-06
-0.37539990E-03    0.78679478E-04   -0.33326722E-03    0.40354628E-03    0.51301457E-03
 0.34001097E-03    0.78155551E-04   -0.53116965E-05   -0.88946503E-04    0.16065782E-03
-0.34925965E-01    0.51339563E-04   -0.96945200E-05    0.12751875E-03   -0.29764763E-03
-0.29484164E-03   -0.42713916E-03    0.18633585E-03   -0.73443364E-04    0.58616697E-04
 0.16550962E-03   -0.16643076E-04    0.57322954E-03    0.10220160E-03    0.18828818E-05
 0.74346495E-02    0.14217012E-02    0.98670004E-03   -0.98077395E-03    0.36469167E-03
 0.55483735E-03    0.19293718E-02    0.17076289E-03   -0.17685475E-04    0.20904664E-02
-0.92636926E-03   -0.59468526E-01    0.51224910E-03   -0.16676388E-03    0.13321501E-04
-0.10157269E-03    0.11934404E-04   -0.17339787E-02   -0.61180922E-04   -0.13985210E-02
-0.35219361E-03   -0.16998811E-02   -0.36196778E-03    0.14277820E-02   -0.82971293E-04
 0.19064374E-04    0.40646102E-01   -0.16850272E-01    0.10196817E-02   -0.29631836E-02
-0.30581653E-02    0.34872437E-02   -0.21759040E-02   -0.61565946E-02   -0.36630770E-02
 0.95439936E-03    0.18552937E-04   -0.73147250E-02    0.14500574E-02    0.12681491E+00
-0.77461498E-03   -0.82562246E-03   -0.16662463E-02   -0.93556468E-04    0.62966117E-04
 0.27538966E-03   -0.16684818E-03    0.16010941E-04    0.12968114E-04   -0.98464503E-04
-0.37794843E-04    0.71404352E-04   -0.23557746E-03   -0.11952579E-04   -0.60485200E-03
 0.78601152E-03   -0.30928120E-03   -0.90731187E-03    0.39972799E-02    0.32806279E-03
 0.45024993E-05    0.18915047E-03   -0.10949468E-03    0.77115767E-04    0.23226540E-04
-0.25605449E-03   -0.19438506E-04   -0.39035865E-03   -0.45707692E-04    0.94854627E-03
 0.27377321E-02   -0.21450293E-05   -0.18484197E-03   -0.10414108E-03    0.12760789E-03
-0.59522210E-04    0.39270385E-03    0.29160305E-03   -0.16475385E-04   -0.28074767E-03
-0.20644594E-03    0.29771058E-04   -0.33222387E-03    0.13596032E-04   -0.24349360E-03
 0.27248652E-04   -0.19602491E-03    0.67545939E-04   -0.80208260E-04   -0.65245394E-04
 0.18002418E-03    0.15122906E-04    0.25594079E-03    0.13295740E-03   -0.64177820E-03
-0.14215516E-02   -0.56040255E-04    0.10539348E-03   -0.34094445E-04   -0.73213774E-05
 0.12591640E-03   -0.22733373E-03   -0.21714128E-03   -0.61304670E-04    0.15515475E-03
 0.64321032E-04   -0.14915475E-05    0.12784713E-03    0.10076107E-04   -0.18788928E-02
-0.25303213E-03   -0.42996583E-04    0.30758630E-04    0.32366827E-03   -0.12386771E-03
-0.29016556E-03    0.20602380E-03    0.73690886E-04   -0.24595358E-03    0.15958793E-03
-0.52124340E-03   -0.49575880E-02    0.81551800E-04    0.18165374E-03    0.41712754E-04
-0.32517986E-04    0.37627369E-03   -0.46463247E-03    0.35872206E-03    0.90504199E-05
 0.55242487E-03    0.64194511E-03   -0.26592935E-03    0.20975483E-03   -0.19568834E-05
-0.78360553E-02    0.45749514E-02    0.14055638E-02    0.43513620E-03    0.38685260E-03
-0.17652304E-03   -0.31508943E-03    0.14649627E-02    0.25209919E-03   -0.10886177E-02
-0.14821884E-03    0.82858534E-03   -0.40408354E-03   -0.67159105E-03    0.16622591E-01
 0.65626461E-05   -0.19136763E-03   -0.29273533E-03   -0.35265972E-04   -0.13180019E-04
 0.26822039E-04   -0.52337193E-04   -0.36397813E-06   -0.30156336E-04    0.41236468E-04
-0.77922356E-04    0.23242367E-05   -0.83401922E-05   -0.48895255E-04   -0.12693347E-03
-0.37542638E-03    0.25835748E-03    0.85382892E-03   -0.24885916E-02    0.13463932E-03
-0.90586548E-05   -0.34570971E-04    0.83884301E-04   -0.44533808E-04   -0.34521619E-04
 0.19120208E-04   -0.98538043E-05    0.13472499E-03   -0.60177543E-04    0.12875733E-03
-0.35915613E-04    0.23172702E-03   -0.36370652E-04   -0.41314820E-04   -0.10950757E-03
-0.39354959E-04    0.77992291E-06    0.31576581E-04   -0.40919223E-04   -0.11588716E-03
-0.73032030E-04    0.68988961E-04    0.12040301E-04   -0.77537653E-05   -0.87716801E-04
 0.39867266E-04    0.21778759E-04   -0.76740912E-04    0.51157935E-04    0.30913922E-04
-0.18275564E-04    0.78170860E-05   -0.40041930E-04    0.51192961E-04   -0.27222427E-03
-0.31952466E-04   -0.13936434E-03    0.26172624E-04    0.21847142E-04    0.48181827E-04
-0.29457009E-04   -0.26275465E-04   -0.36181723E-04    0.13816746E-04    0.13714580E-03
 0.34954488E-04   -0.26783965E-04    0.11425987E-05    0.82165791E-05   -0.25361784E-03
-0.12934053E-04   -0.96430018E-05    0.78960672E-04   -0.76457922E-04   -0.46064423E-04
-0.32166816E-04    0.12602962E-04    0.80485242E-06   -0.93969790E-04   -0.43788782E-04
-0.16852097E-03    0.47013601E-04   -0.40557261E-03    0.53082597E-04   -0.22303559E-04
-0.24153223E-04    0.51799316E-04   -0.28639232E-04    0.17063946E-04    0.88744692E-05
 0.12667357E-03    0.63045961E-04   -0.23938542E-04   -0.19498445E-04    0.89730681E-05
-0.57282506E-03    0.63179235E-03    0.81325644E-03   -0.96279975E-05    0.18170154E-03
-0.12336965E-03    0.41312204E-03    0.26672203E-03   -0.16470721E-03   -0.45511574E-04
-0.44961251E-05    0.21193777E-03    0.28148301E-04    0.13691424E-03   -0.99059265E-04
 0.11722962E-02   -0.42729232E-03    0.12291421E-02    0.12411067E-02    0.14362403E-03
-0.14419172E-03   -0.56596471E-03   -0.71616133E-05   -0.42696607E-04   -0.37150314E-04
 0.92923505E-04   -0.19838032E-04   -0.93778977E-04    0.88582456E-04   -0.20281487E-03
 0.33931139E-03    0.16717999E-03   -0.36604530E-03    0.11269194E-02   -0.92216289E-02
 0.26929956E-03   -0.15856617E-03   -0.11383486E-03   -0.30601098E-03    0.74955832E-04
 0.20897782E-03    0.11292859E-04    0.52859920E-05   -0.17268247E-03    0.13795005E-03
-0.86186432E-03   -0.17453480E-03   -0.16746227E-03    0.21167661E-03    0.37473496E-04
-0.24945591E-04   -0.40081692E-04    0.19994058E-03   -0.11824262E-03   -0.31290859E-04
 0.18254150E-03   -0.92886122E-04    0.13541532E-03   -0.50992559E-05   -0.41212608E-04
-0.16107243E-03    0.73958519E-04    0.70674990E-04    0.13157484E-03   -0.69138902E-04
-0.10764700E-03   -0.29072237E-05   -0.28581158E-06    0.90840077E-04   -0.15886702E-03
 0.69134926E-03    0.61745048E-04    0.10633517E-03   -0.65077571E-04    0.40023516E-04
 0.11883768E-04    0.13395067E-03   -0.49159289E-04    0.17454490E-03    0.50186368E-04
-0.85566573E-05    0.11567704E-03   -0.11800621E-03    0.12101782E-04    0.17486937E-04
 0.60758635E-02    0.85475968E-03    0.10256724E-02   -0.34189248E-03    0.25121876E-03
 0.11364585E-03    0.27643830E-03   -0.93688792E-04    0.32711028E-05    0.17592335E-02
-0.58226713E-03    0.11247470E-02    0.44812581E-03   -0.34779588E-04   -0.56026625E-03
-0.18535955E-03    0.39246688E-04   -0.98628022E-03   -0.49051414E-03   -0.12112789E-02
-0.26248756E-03   -0.14946257E-02   -0.93069302E-03    0.15330558E-03   -0.18486212E-03
 0.37655807E-04    0.29623978E-01   -0.12738315E-01    0.19467956E-02   -0.16759929E-02
-0.26864783E-02    0.13336155E-02   -0.15398640E-02   -0.37172608E-02   -0.34458302E-03
 0.11542213E-02   -0.33463418E-04   -0.57731118E-02    0.31987880E-03    0.34296791E-03
-0.62465786E-03   -0.11281276E-03    0.20538650E-02   -0.55340823E-03    0.11396887E-02
 0.16134818E-02    0.25282771E-03   -0.62843713E-04   -0.58898797E-03   -0.64094608E-04
-0.28547712E-04   -0.18780528E-04    0.70762749E-04    0.17799956E-04   -0.10693076E-03
 0.19326222E-03   -0.35189514E-03    0.78016580E-03    0.35826719E-03   -0.20629783E-03
 0.13045717E-02   -0.89788774E-02   -0.53359557E-03   -0.15860160E-03   -0.81943176E-04
-0.40832262E-03   -0.24358458E-03   -0.14927286E-03    0.59939357E-04    0.26771495E-05
-0.25122688E-03    0.53797644E-03   -0.25024040E-03   -0.21637252E-03   -0.16272785E-03
 0.66236413E-04    0.12496049E-02    0.30826016E-04   -0.22984006E-03    0.36102464E-03
-0.43189030E-03   -0.28589997E-03    0.10671133E-03   -0.24862037E-03   -0.49371590E-03
-0.34731798E-04   -0.66936763E-04    0.46425006E-03    0.13182620E-03    0.74680510E-04
 0.19273990E-03    0.16520512E-03    0.24302474E-03   -0.50639770E-04    0.49332510E-05
 0.97792459E-04   -0.46566287E-03    0.14921629E-03    0.19010317E-04    0.97979027E-04
-0.17757045E-04   -0.88745814E-03   -0.21794704E-04    0.13751211E-03   -0.26661869E-03
 0.29404571E-03    0.16085774E-03   -0.10929553E-04    0.26830417E-03    0.22496414E-03
 0.16888320E-04    0.52790250E-04    0.60481996E-02    0.84739063E-03    0.96612780E-03
-0.40175549E-03    0.41891527E-03    0.62442763E-03    0.88247667E-03   -0.11545641E-03
 0.19669610E-04    0.15949179E-02   -0.11118079E-02    0.94898581E-03    0.40676033E-03
-0.10144626E-03   -0.32097684E-03   -0.22705952E-02    0.89948114E-04   -0.98758760E-03
-0.97557037E-03   -0.12330929E-02   -0.28758559E-03   -0.14050441E-02   -0.38801715E-03
 0.10155150E-02   -0.14274761E-03    0.10116248E-03    0.28501617E-01   -0.12771864E-01
 0.11048954E-03   -0.14573844E-02   -0.26862492E-02    0.12549793E-02   -0.19093714E-02
-0.49538589E-02   -0.16769822E-02    0.12003396E-02   -0.75641820E-04   -0.53635066E-02
 0.21081665E-02    0.68611164E-03   -0.56761187E-03    0.19558280E-04    0.12388243E-02
 0.73117422E-02    0.57536222E-03   -0.14450975E-02   -0.12310051E-02   -0.13438075E-03
 0.11419927E-03    0.73283776E-03   -0.60696379E-04   -0.52193060E-04    0.32025323E-04
-0.16177297E-04    0.81931399E-04    0.18248121E-03    0.24032542E-03    0.30136669E-03
 0.33639669E-03   -0.40281073E-03    0.34794189E-03    0.41343843E-03    0.84470535E-02
-0.65248819E-03    0.49912651E-05    0.14097099E-03    0.22212916E-03    0.24539783E-03
-0.26514436E-03   -0.83824271E-04    0.40604091E-05   -0.46069827E-04   -0.59892342E-03
 0.11423119E-02    0.69817903E-04    0.11227517E-03   -0.58836825E-04    0.34670957E-04
 0.14611883E-02    0.88282388E-03   -0.51566557E-03    0.19157674E-03   -0.55649170E-04
-0.12274154E-04    0.85075028E-04   -0.25900983E-03   -0.57092341E-04    0.31190237E-04
 0.37073211E-03   -0.67012178E-04   -0.68415224E-04   -0.94586416E-04   -0.33808948E-04
 0.28682209E-04    0.50580955E-04    0.43301246E-05    0.32130632E-04    0.59463703E-03
-0.85417027E-03   -0.12391829E-03   -0.36107615E-04    0.55167210E-04   -0.10907751E-03
-0.94901290E-03   -0.72471315E-03    0.19706282E-03   -0.31234026E-03    0.19366989E-04
-0.60589787E-04   -0.14136698E-03    0.45238167E-03   -0.14254661E-04   -0.24204387E-04
-0.65737789E-02   -0.98021981E-03   -0.97507660E-03    0.55164885E-03   -0.22419905E-03
-0.12333548E-03   -0.41871112E-03    0.39174673E-04    0.23643709E-04   -0.20160083E-02
 0.88795203E-03   -0.87746529E-03   -0.40762721E-03    0.96281260E-04    0.22065569E-03
 0.15747609E-03   -0.28417806E-02   -0.22797238E-03    0.68426494E-03    0.11041960E-02
 0.30995688E-03    0.14059391E-02    0.90299202E-03   -0.43711496E-03    0.36275932E-03
-0.38824407E-04   -0.38960989E-01    0.13424662E-01   -0.88030050E-02    0.21865970E-02
 0.16666112E-02   -0.24809694E-02    0.10500968E-02    0.44614540E-02    0.22340477E-02
-0.14070262E-02    0.17471321E-04    0.69136418E-02   -0.80218575E-03   -0.11525758E-02
-0.15809522E-03   -0.25545804E-03   -0.15583521E-02   -0.98616155E-03    0.12909972E-01
-0.27147250E-02    0.48374284E-02    0.44891672E-02    0.69202945E-03   -0.63927894E-03
-0.23604420E-02   -0.29367737E-03   -0.12795395E-03   -0.16983297E-03    0.37000440E-03
-0.20435328E-03   -0.45868499E-03    0.15353833E-03   -0.53496882E-03    0.13777414E-02
 0.14032328E-02   -0.94423346E-03    0.40596280E-02   -0.33736942E-01    0.53666464E-03
-0.74390888E-04   -0.47249613E-03   -0.93947296E-03    0.25103768E-04    0.83102650E-03
-0.14237674E-03    0.21897263E-04   -0.43214554E-03    0.45678078E-03   -0.21137030E-02
-0.54534268E-06   -0.50398483E-03   -0.13757867E-03   -0.38404438E-03    0.76994236E-03
 0.13621015E-02    0.70899190E-03   -0.49052502E-03   -0.55160527E-03    0.26333158E-03
-0.39337938E-03   -0.62583121E-03   -0.13014842E-04   -0.11724258E-03   -0.23956222E-03
-0.17078880E-04    0.39501719E-03    0.40036506E-03   -0.13716797E-03   -0.55776140E-03
 0.72659464E-04   -0.11233082E-04    0.44470195E-04   -0.39771670E-03    0.13214131E-02
 0.57914862E-04    0.27672157E-03    0.16032151E-03    0.37962721E-03   -0.71522176E-03
-0.75346234E-03   -0.20738675E-03    0.38612644E-03    0.28731082E-03   -0.10400106E-03
 0.44702161E-03    0.23512812E-03   -0.65951578E-07    0.49440374E-04    0.23617266E-01
 0.32670477E-02    0.32757143E-02   -0.15246880E-02    0.78434378E-03    0.89982358E-03
 0.13185307E-02   -0.22609809E-03    0.32022107E-05    0.61867845E-02   -0.25920921E-02
 0.24394207E-02    0.13311999E-02   -0.25188894E-03   -0.86180342E-03   -0.43242048E-03
-0.11669863E-02   -0.61296249E-02   -0.19948277E-02   -0.47026425E-02   -0.95235673E-03
-0.56745657E-02   -0.35958479E-02    0.26141329E-02   -0.72276046E-03    0.71533312E-04
 0.11089664E+00   -0.48951075E-01    0.77442464E-02   -0.63446519E-02   -0.82497224E-02
 0.55636075E-02   -0.50125229E-02   -0.14983597E-01   -0.20098055E-02    0.39091711E-02
-0.11569622E-03   -0.20552453E-01    0.16411793E-02    0.69965897E-02   -0.10168528E-02
-0.25092440E-04    0.41930323E-02    0.35887355E-02   -0.22347275E-02    0.22285152E-01
-0.13196983E-03    0.24778143E-03   -0.40994693E-03    0.32853427E-04    0.75498077E-04
 0.30746166E-03    0.94140584E-04    0.14629367E-04    0.37232261E-04   -0.85058712E-04
-0.70015217E-04    0.12344991E-03    0.82451392E-04    0.82666428E-04   -0.59680724E-03
-0.15775354E-02    0.11883861E-02    0.31347185E-02   -0.67454550E-02   -0.55970527E-03
-0.97465490E-04    0.41341647E-06    0.14996168E-03    0.73392930E-04    0.93482068E-05
 0.17480987E-04   -0.46761307E-05    0.92871360E-04    0.94184479E-04   -0.47248076E-04
 0.56285824E-03    0.34003951E-04   -0.74760817E-04    0.98865581E-05   -0.21420937E-03
-0.32740071E-03    0.17629315E-02    0.11758958E-03    0.32640761E-03   -0.33923814E-04
 0.29896528E-03    0.18375481E-03    0.55739938E-04   -0.17039758E-04    0.41266582E-03
 0.28662830E-04   -0.23492987E-04    0.32839708E-04    0.11545984E-03    0.15425593E-03
-0.24178708E-04   -0.20655280E-05   -0.76069414E-04   -0.16815944E-03   -0.13279480E-03
-0.25833059E-03   -0.58752059E-04    0.44627695E-04   -0.11105102E-03    0.31009350E-04
 0.11984189E-03   -0.12665493E-02   -0.74132527E-04   -0.14742972E-03    0.36864370E-04
-0.11181844E-03    0.74872049E-06   -0.14143591E-04    0.18700635E-04   -0.20928125E-02
-0.49120372E-03   -0.38956231E-05    0.22499909E-03   -0.10960343E-03    0.13028552E-03
-0.12902145E-03   -0.10812402E-03    0.15732975E-04   -0.98788343E-03    0.11992318E-03
 0.15021656E-03   -0.79881153E-03   -0.37241087E-04    0.13730874E-03   -0.39764749E-03
 0.87344799E-04    0.35675045E-03   -0.34624436E-02    0.37115057E-03   -0.98307975E-04
 0.43419494E-03    0.27379909E-03   -0.88403668E-04    0.50469079E-04    0.27480481E-04
-0.12064059E-01    0.45486901E-02    0.24745130E-02    0.94272375E-03    0.71720248E-03
-0.56599220E-03    0.11049350E-02    0.13078226E-02   -0.78835180E-03   -0.33403077E-04
-0.43227756E-04    0.27369387E-02   -0.36409656E-03   -0.27534911E-02    0.23233290E-02
 0.31493583E-03   -0.43362866E-03    0.54853480E-03   -0.13433665E-02   -0.12869349E-02
 0.10989090E-01   -0.30231372E-02    0.53429281E-02    0.45160131E-02    0.83192343E-03
-0.67107434E-03   -0.24709657E-02   -0.36033300E-03   -0.91475153E-04   -0.13748938E-04
 0.43950930E-03    0.26689426E-04   -0.51119518E-03    0.25288342E-03   -0.78155203E-03
 0.20962887E-02    0.13821359E-02   -0.10768247E-02    0.43584369E-02   -0.41074960E-01
 0.83577756E-03   -0.99100266E-04   -0.78935138E-03   -0.89550600E-03   -0.56580294E-04
 0.96423546E-03   -0.17781339E-03    0.35882180E-04   -0.11891315E-03    0.79038201E-03
-0.24543423E-02    0.13142744E-03   -0.58341239E-03   -0.77092415E-04   -0.37768263E-03
 0.19594561E-05    0.78615191E-04    0.13221781E-02    0.65724015E-03   -0.24461809E-03
 0.32482773E-04   -0.42700367E-03   -0.27594726E-03   -0.34033274E-04   -0.12752094E-03
-0.37096340E-03   -0.20034750E-04    0.57076783E-03    0.41405573E-03   -0.11310451E-03
-0.63109371E-03    0.78095846E-04   -0.12537663E-04   -0.58456854E-04   -0.81222810E-03
 0.21866463E-02   -0.11039636E-04    0.33913202E-03    0.10296962E-03    0.37880885E-03
-0.28594381E-03    0.28547942E-04   -0.39657289E-03   -0.29375155E-03    0.62172980E-05
 0.21960191E-03    0.50216181E-03   -0.16184167E-04   -0.16977450E-04    0.58155503E-04
 0.30140760E-01    0.40626411E-02    0.40423976E-02   -0.20095206E-02    0.90578018E-03
 0.10278815E-02    0.13485291E-02   -0.15746029E-03   -0.26107707E-04    0.79724778E-02
-0.34390491E-02    0.39050793E-02    0.17694155E-02   -0.35947860E-03   -0.12229311E-02
-0.71540289E-03    0.52140305E-04   -0.53161289E-02   -0.25695779E-02   -0.82235618E-02
-0.18183162E-02   -0.68723431E-02   -0.43900447E-02    0.32098354E-02   -0.95573789E-03
 0.13159818E-03    0.14322201E+00   -0.63875416E-01    0.73922841E-02   -0.79043325E-02
-0.10945189E-01    0.71035073E-02   -0.66207945E-02   -0.19513387E-01   -0.13863549E-02
 0.48687692E-02   -0.56310917E-04   -0.26508489E-01    0.35209183E-02    0.78606014E-02
-0.19384214E-02   -0.17879106E-04    0.56080558E-02    0.55235536E-02   -0.62310071E-02
 0.21379584E-01   -0.20056704E-02    0.33436091E-01   -0.83598821E-03    0.24661400E-02
 0.14497887E-02    0.33917135E-03   -0.24389344E-03   -0.81220112E-03   -0.65883884E-04
 0.33217061E-04   -0.52931903E-04    0.70754302E-04    0.12021851E-03   -0.25138944E-03
 0.22611008E-03   -0.51281327E-03    0.13725614E-02    0.36689003E-03   -0.46945549E-03
 0.18410825E-02   -0.15176701E-01   -0.78070949E-03   -0.91647111E-04   -0.29302577E-03
-0.44387733E-03   -0.14269809E-04    0.11588592E-03   -0.26393124E-04    0.18241421E-04
-0.15418920E-03    0.49438017E-03   -0.11125582E-02   -0.21638463E-03   -0.30754297E-03
 0.42122120E-04   -0.91922033E-04    0.85374033E-04   -0.63264621E-04    0.68503372E-03
 0.35109779E-04    0.11345972E-02    0.16715860E-03   -0.41669295E-03   -0.35839220E-04
 0.55204189E-04   -0.63061176E-04    0.64541935E-03    0.46612191E-04    0.20119826E-03
 0.18646599E-03   -0.15239647E-03   -0.12521536E-03    0.42208832E-04   -0.33077714E-05
 0.19586213E-04   -0.44524135E-03    0.11248716E-02    0.48940767E-05    0.15752317E-03
 0.99115620E-05    0.13220474E-03   -0.12196846E-03    0.12476033E-03   -0.20288357E-03
 0.61196015E-04   -0.66826044E-03   -0.73752583E-04    0.34101052E-03   -0.59584544E-04
-0.62617449E-05    0.25913360E-04    0.11179971E-01    0.13999740E-02    0.16025319E-02
-0.70657421E-03    0.29209548E-03    0.51894315E-03    0.10720804E-02   -0.55754535E-04
-0.80488583E-05    0.27862095E-02   -0.13809522E-02    0.14750811E-02    0.58205497E-03
-0.13159128E-03   -0.48053334E-03   -0.27928616E-03    0.18067089E-03   -0.19036012E-02
-0.10977233E-02   -0.28642813E-02   -0.32333252E-02   -0.27899439E-02   -0.15974671E-02
 0.12003280E-02   -0.33271732E-03    0.66477782E-04    0.52444364E-01   -0.24195700E-01
 0.15644225E-02   -0.26714830E-02   -0.44855011E-02    0.26821545E-02   -0.26333976E-02
-0.74240921E-02   -0.16061183E-02    0.16837961E-02   -0.28062964E-04   -0.95597477E-02
 0.16202763E-02    0.36355193E-02   -0.70756110E-03   -0.14305199E-03    0.21989559E-02
 0.20811353E-02   -0.23192721E-02    0.74120923E-02   -0.53818050E-03    0.11878698E-01
 0.11827006E-01   -0.34027457E-02    0.61569952E-02    0.50456852E-02    0.98266331E-03
-0.68895862E-03   -0.26404824E-02   -0.16045324E-03   -0.14580094E-03   -0.31236555E-03
 0.49539085E-03   -0.37747944E-04   -0.55245618E-03    0.60437128E-03   -0.52708000E-03
 0.19674724E-02    0.19770768E-02   -0.14848468E-02    0.45158872E-02   -0.40649843E-01
 0.11687200E-02   -0.31327030E-03   -0.65365503E-03   -0.17348454E-02   -0.49526376E-04
 0.46413899E-03   -0.21935185E-04    0.26558690E-04   -0.72919223E-03    0.12659283E-02
-0.32647714E-02   -0.12430354E-03   -0.73181228E-03    0.43693054E-04   -0.10660878E-03
 0.14002533E-04   -0.35768369E-04    0.13953579E-02   -0.10056173E-02   -0.51992328E-03
 0.23559814E-02   -0.19301887E-03   -0.48156830E-03   -0.12876835E-03   -0.15886171E-03
-0.65633799E-03    0.55602430E-04    0.48459595E-03    0.82370743E-03   -0.17647085E-03
-0.27415807E-03   -0.66421559E-04   -0.64825868E-05    0.36939794E-03   -0.99670876E-03
 0.27061238E-02    0.20270983E-03    0.48421505E-03    0.60446813E-04    0.24331896E-03
-0.25630671E-03    0.20971551E-03   -0.38811633E-03    0.93204881E-03    0.19628648E-03
-0.17261340E-02    0.29183694E-03    0.11722796E-03    0.56522838E-04    0.54404343E-04
 0.30556070E-01    0.40610349E-02    0.42814280E-02   -0.23174609E-02    0.11739905E-02
 0.10216101E-02    0.18252514E-02   -0.41603586E-03   -0.85771647E-05    0.83178198E-02
-0.30642727E-02    0.40406336E-02    0.17941151E-02   -0.22787678E-03   -0.12694870E-02
-0.61381105E-03    0.10866364E-03   -0.52294854E-02   -0.26404851E-02   -0.55547864E-02
-0.12644739E-02   -0.11312101E-01   -0.51599160E-02    0.30011080E-02   -0.79929294E-03
 0.10574232E-03    0.14194069E+00   -0.64407205E-01    0.66585606E-02   -0.79129160E-02
-0.11527233E-01    0.83926903E-02   -0.75820077E-02   -0.19302826E-01   -0.20168773E-02
 0.52069788E-02   -0.53531053E-04   -0.27407491E-01    0.31899761E-02    0.67664158E-02
-0.18322419E-02   -0.35865772E-03    0.56648942E-02    0.51446072E-02   -0.60619035E-02
 0.20922053E-01   -0.19569928E-02    0.25644626E-01    0.10250486E-01    0.37585333E-01
-0.28376261E-02    0.29337556E-02    0.36698344E-02    0.57682868E-03   -0.40225862E-03
-0.22079785E-02   -0.35664968E-03   -0.10075578E-03   -0.10154196E-03    0.38455978E-03
-0.45524594E-04   -0.23889919E-03    0.27112182E-03   -0.29547104E-03    0.12816459E-02
 0.50712437E-03   -0.44262032E-03    0.33808042E-02   -0.27611451E-01    0.87099455E-03
 0.21208192E-04   -0.13813837E-03   -0.95327501E-03   -0.14068241E-03    0.55612648E-03
 0.61404090E-04    0.13031457E-04   -0.76460347E-04    0.41707947E-03   -0.15986391E-02
-0.15942688E-03   -0.44812750E-03   -0.63045405E-04   -0.23165905E-03    0.79475791E-04
 0.83273144E-04    0.11648014E-02   -0.55365771E-03   -0.71614733E-03    0.55604462E-03
 0.87083103E-03   -0.53997544E-03   -0.12725947E-03   -0.54550995E-04   -0.57403327E-03
-0.63792257E-04    0.10962827E-03    0.39160940E-03    0.46701102E-05   -0.30344764E-03
-0.97438177E-04   -0.19555183E-05    0.10248739E-03   -0.45247106E-03    0.13957975E-02
 0.10022434E-03    0.28859989E-03    0.56245798E-04    0.29471645E-03   -0.13061204E-03
 0.12672341E-03   -0.33198208E-03    0.44206092E-03    0.31162978E-03   -0.33840492E-03
-0.42023233E-03    0.12781376E-03    0.11307322E-03    0.20694638E-04    0.19787071E-01
 0.26977372E-02    0.25774282E-02   -0.14609523E-02    0.66433163E-03    0.57891842E-03
 0.11503712E-02   -0.27550650E-03   -0.13527042E-04    0.52064259E-02   -0.20512325E-02
 0.32200228E-02    0.14170893E-02   -0.19300482E-03   -0.80793711E-03    0.95056074E-04
 0.37261781E-04   -0.35538048E-02   -0.16192260E-02   -0.38097038E-02   -0.75602527E-03
-0.54130258E-02   -0.53421846E-02    0.19658964E-02   -0.54615335E-03    0.47833119E-04
 0.91974378E-01   -0.41564428E-01    0.46848801E-02   -0.53552240E-02   -0.69296693E-02
 0.50933594E-02   -0.47419198E-02   -0.12310650E-01   -0.14434793E-02    0.34929371E-02
-0.42422157E-04   -0.16981411E-01    0.15486090E-02    0.21350481E-02   -0.18231466E-02
-0.21098046E-03    0.36412329E-02    0.21497546E-02   -0.39481963E-02    0.13958571E-01
-0.97149838E-03    0.17332124E-01    0.63428772E-02    0.19395020E-01    0.18045745E-01
 0.37836782E-02   -0.45431386E-02   -0.50286337E-02   -0.85691315E-03    0.66910056E-03
 0.28065122E-02    0.43692272E-03    0.63830738E-04    0.27002328E-03   -0.38089574E-03
-0.21412955E-04    0.53903407E-03   -0.97930274E-04    0.60482790E-03   -0.18547366E-02
-0.33501044E-02    0.19953751E-02   -0.95425457E-03    0.29270518E-01   -0.95439770E-03
-0.55989401E-05    0.63112788E-03    0.17910445E-02    0.29391603E-03   -0.62558245E-03
 0.95670687E-04   -0.32813916E-04    0.40636495E-03   -0.61222380E-03    0.16903625E-02
-0.11879433E-03    0.55679138E-03    0.29259827E-03   -0.31966953E-03   -0.20239892E-03
-0.18116304E-03   -0.10663154E-02    0.90277465E-03    0.77859470E-03   -0.43080133E-03
 0.28768681E-03    0.24878234E-02    0.16459582E-03    0.11302077E-03    0.43053792E-03
 0.53179020E-04   -0.57732406E-03   -0.92852206E-03   -0.11692316E-03    0.41383599E-03
-0.32829610E-05    0.28825982E-04   -0.10743864E-03    0.62755373E-03   -0.14657927E-02
-0.13984203E-03   -0.31630878E-03   -0.15450524E-03    0.56485162E-05    0.37015901E-03
 0.91641144E-04    0.34817058E-03   -0.60630689E-03   -0.26186553E-03    0.28585795E-03
-0.41449317E-03   -0.14234245E-02   -0.32865758E-04   -0.64127258E-04   -0.27010348E-01
-0.38221759E-02   -0.34593734E-02    0.15333210E-02   -0.19591126E-02   -0.12458902E-02
-0.15701688E-02    0.15446037E-03    0.41514892E-04   -0.71284091E-02    0.30281704E-02
-0.27342823E-02   -0.16502906E-02    0.30981059E-03    0.65057425E-03    0.10732873E-02
-0.92953149E-04    0.49039540E-02    0.23669677E-02    0.55242380E-02    0.12194052E-02
 0.65027877E-02    0.39578613E-02   -0.59420359E-02    0.83480985E-03   -0.11220492E-03
-0.13037179E+00    0.56673439E-01   -0.74704358E-02    0.74899470E-02    0.90356933E-02
-0.56987282E-02    0.90552095E-02    0.18704466E-01    0.25980493E-02   -0.45349505E-02
 0.13022373E-04    0.23794179E-01   -0.28317035E-02   -0.86257694E-02    0.17226227E-02
 0.28982348E-04   -0.37519517E-02   -0.60799276E-02    0.59165986E-02   -0.19670015E-01
 0.13594305E-02   -0.25144506E-01   -0.90941274E-02   -0.24079827E-01   -0.15881757E-01
 0.31329275E-01   -0.99090779E-03    0.23983012E-02    0.17244450E-02    0.29582803E-03
-0.25590120E-03   -0.96732666E-03   -0.66540610E-04   -0.37635665E-04   -0.94186636E-04
 0.18835831E-03   -0.27706368E-05   -0.17333491E-03    0.20241202E-03   -0.28626353E-03
 0.95285619E-03    0.52785478E-03   -0.62873744E-03    0.16030802E-02   -0.15117809E-01
 0.34910674E-03   -0.47282886E-05   -0.31444685E-03   -0.42057565E-03    0.32515110E-04
 0.15059694E-03    0.28920778E-05   -0.12680575E-06   -0.84044518E-04    0.31127109E-03
-0.16123115E-02   -0.27260447E-03   -0.23094895E-03   -0.14325496E-05   -0.29880088E-05
-0.81702277E-04    0.19046090E-04    0.52611188E-03   -0.20404828E-03   -0.13182868E-03
 0.48268586E-04   -0.23378108E-03   -0.13955534E-03    0.42101271E-03   -0.56964737E-04
-0.18657478E-03   -0.23669240E-04    0.23227463E-03    0.20219591E-03   -0.88353793E-04
-0.79481013E-04    0.20213071E-04   -0.28528855E-05    0.42503548E-04   -0.25971321E-03
 0.11699275E-02    0.83237647E-04    0.15598112E-03    0.32819686E-04    0.82111567E-04
-0.53829503E-04    0.73071979E-04   -0.15565441E-03    0.24618358E-03    0.96176781E-04
 0.46617485E-04    0.32882822E-03   -0.41811358E-05   -0.15376385E-03    0.20980690E-04
 0.11770117E-01    0.16640130E-02    0.15641837E-02   -0.85558371E-03    0.37369147E-03
 0.32982524E-03    0.68748743E-03   -0.12175626E-03    0.29437409E-05    0.31623997E-02
-0.12563202E-02    0.16148597E-02    0.84520534E-03   -0.15198270E-03   -0.47070829E-03
-0.24014432E-03    0.23529259E-03   -0.20085682E-02   -0.95997050E-03   -0.23424594E-02
-0.41923160E-03   -0.26671523E-02   -0.16412705E-02    0.11860001E-02   -0.10674655E-02
 0.42513264E-04    0.55409087E-01   -0.24929851E-01    0.15264927E-02   -0.32411230E-02
-0.44176966E-02    0.29052566E-02   -0.29296148E-02   -0.74617205E-02   -0.58175884E-03
 0.19864076E-02   -0.32587366E-04   -0.10319635E-01    0.13422347E-02    0.27140177E-02
-0.15406960E-02   -0.10025175E-03    0.20808688E-02    0.21272630E-02   -0.23219046E-02
 0.80281844E-02   -0.11952463E-02    0.10548048E-01    0.40403964E-02    0.10139144E-01
 0.66735166E-02   -0.96804477E-02    0.61868508E-02    0.14737079E-03   -0.37809447E-03
-0.25184863E-03   -0.43306678E-04    0.39672289E-04    0.11570889E-03    0.41843041E-05
 0.81560145E-05    0.31001482E-05   -0.14981373E-04   -0.79279027E-05    0.24587618E-04
-0.43439292E-04    0.52965428E-04   -0.12762776E-03   -0.97956326E-04    0.71912052E-04
-0.14793877E-03    0.16715347E-02    0.88746103E-05    0.22269365E-04    0.53559804E-04
 0.41849051E-04   -0.84426679E-05   -0.41704873E-04    0.47460185E-05   -0.69505547E-06
 0.40887498E-04   -0.73340087E-04    0.14728840E-03    0.16454509E-04    0.24932001E-04
-0.10189271E-04   -0.29531940E-04   -0.35390331E-05   -0.86595017E-05   -0.84330565E-04
 0.40669732E-04    0.25678553E-04   -0.36759103E-04    0.50521697E-04    0.20424764E-04
-0.17987707E-05    0.21826766E-04   -0.19345111E-04   -0.10553714E-04   -0.40475186E-04
-0.16655133E-04    0.15425227E-04    0.23406341E-04   -0.58496831E-06    0.12874377E-06
 0.14769793E-05    0.66606405E-04   -0.11503025E-03   -0.28277210E-05   -0.13030451E-04
 0.44538082E-05    0.24267068E-04    0.51327391E-05   -0.67460506E-05    0.40454034E-04
-0.39134786E-04   -0.17434604E-04   -0.11020612E-04   -0.48117813E-04    0.28708198E-05
-0.69687802E-06   -0.15621385E-04   -0.13359265E-02   -0.17633666E-03   -0.20655767E-03
 0.89111881E-04   -0.32788597E-04   -0.45399792E-04   -0.80442433E-04    0.11307689E-04
-0.18042958E-05   -0.37280983E-03    0.15852139E-03   -0.18609902E-03   -0.83730831E-04
 0.22295941E-04    0.70866889E-04    0.10858954E-03   -0.18420473E-04    0.21818283E-03
 0.14591937E-03    0.28914537E-03    0.74339489E-04    0.32004273E-03    0.17667354E-03
-0.14460645E-03    0.41617600E-04   -0.24573970E-04   -0.64289333E-02    0.27921686E-02
-0.23486108E-03    0.32846244E-03    0.56965092E-03   -0.31135985E-03    0.29916216E-03
 0.89348772E-03    0.12041942E-03   -0.22017029E-03    0.60037254E-05    0.12210727E-02
-0.19436541E-03   -0.28718137E-03    0.10778963E-03   -0.16958906E-04   -0.29496098E-03
-0.51422723E-03    0.28501487E-03   -0.88687125E-03    0.48446530E-04   -0.12582708E-02
-0.51049677E-03   -0.11982455E-02   -0.71318451E-03    0.11332302E-02   -0.47513156E-03
 0.11585733E-03   -0.28497569E-03   -0.93236588E-03   -0.11158833E-02    0.16625394E-04
-0.14573358E-03    0.13467310E-03   -0.17452723E-03   -0.56004252E-04   -0.10743344E-03
 0.15210854E-03   -0.22126925E-03    0.20367411E-03   -0.53921506E-03    0.39968965E-03
-0.10038958E-02    0.18595405E-03   -0.26040052E-04    0.19623728E-03   -0.20015429E-02
 0.68232415E-02   -0.14350482E-03   -0.16185123E-03   -0.83550624E-06   -0.36207804E-03
-0.44908347E-03   -0.20367081E-04   -0.68487922E-05    0.39288536E-03   -0.96196643E-04
-0.42325772E-03    0.35489549E-04    0.85536625E-04    0.30719864E-04    0.12267599E-03
-0.19793655E-03    0.20827233E-04    0.71445877E-04    0.36829004E-04    0.18032391E-03
 0.43520765E-04    0.11338386E-03    0.20835261E-03   -0.13421814E-03   -0.14547432E-05
-0.54570226E-02   -0.20400874E-05    0.14545321E-04    0.16606906E-04    0.11985550E-03
 0.37747263E-04   -0.18315525E-04    0.71389022E-05   -0.46363785E-04    0.10648477E-03
 0.38007096E-04    0.19606140E-04   -0.58668336E-04   -0.18857063E-05   -0.18136703E-04
 0.67042209E-04    0.19802485E-04    0.31392077E-04   -0.68145237E-04    0.29353429E-04
-0.39160269E-04   -0.40543040E-04    0.23891413E-04    0.11498845E-04   -0.66345921E-05
 0.66942785E-03    0.76860383E-04    0.63859954E-04   -0.21773690E-03   -0.72713494E-04
-0.12931901E-03   -0.17440659E-03    0.81760023E-05   -0.28006568E-04    0.59596416E-03
 0.93967963E-04    0.43049474E-04   -0.11440990E-04   -0.16297894E-04   -0.39148937E-04
 0.21814202E-03   -0.16914593E-03    0.86066807E-05    0.14101994E-03   -0.12210073E-04
 0.27254826E-03   -0.22853886E-03   -0.13703268E-03   -0.55023389E-04   -0.22221237E-04
-0.15366049E-04    0.64482810E-02   -0.94971508E-03    0.15391396E-02   -0.10865394E-02
-0.15526805E-04    0.61128541E-03    0.17762092E-03   -0.33458560E-03    0.33164718E-03
 0.17859193E-03    0.45940826E-04   -0.16795447E-02   -0.55693450E-03    0.32439858E-03
 0.24192180E-03    0.91600287E-04    0.22501029E-03   -0.47408482E-03   -0.49232231E-03
 0.41259632E-03   -0.50234008E-03    0.59192014E-03   -0.56812984E-03    0.87786921E-03
 0.69160476E-03   -0.61612459E-03    0.29722661E-03    0.93317501E-05    0.56790944E-02
 0.16269975E-03   -0.13757408E-03   -0.65559260E-04   -0.72696930E-04    0.16561365E-03
 0.24491054E-03    0.16086236E-03    0.10116435E-04    0.75113950E-04   -0.13864750E-03
 0.12407486E-03   -0.20003671E-03    0.38041185E-03   -0.20272605E-03    0.45538050E-03
-0.16722406E-03    0.51070804E-04   -0.17665972E-03    0.23543397E-02   -0.22063050E-02
 0.26208731E-04    0.20297343E-03    0.70019763E-04    0.16079633E-03    0.18331696E-03
-0.39709965E-05    0.11291891E-04   -0.14490876E-03   -0.17490187E-03    0.19864573E-03
-0.30371534E-04    0.26562753E-04   -0.13262335E-04   -0.10280410E-03    0.11152952E-03
-0.69668844E-04   -0.15907085E-03   -0.14489910E-06   -0.21970877E-03   -0.29854539E-04
-0.20890331E-04    0.45691152E-04    0.70707598E-04    0.11402327E-04    0.15750620E-02
-0.42977274E-04   -0.64375384E-04   -0.34342867E-05   -0.41215654E-04    0.33218791E-04
 0.22752314E-04   -0.31018461E-05    0.17985577E-04    0.70888875E-04   -0.54647104E-04
 0.25860802E-04   -0.25945987E-04    0.15831181E-04    0.39055984E-04   -0.73061199E-05
-0.19749397E-04    0.31793627E-04   -0.20521467E-04   -0.25931894E-04   -0.25763184E-04
-0.29704279E-04   -0.27884318E-04   -0.10271182E-04   -0.23143542E-05   -0.11330327E-02
-0.15795177E-02   -0.13731810E-03    0.10881958E-03    0.28494835E-04    0.30523323E-04
 0.22219193E-04    0.36614450E-04    0.54470540E-05   -0.50214311E-03    0.52840028E-04
 0.83702597E-04   -0.12577435E-03    0.22914223E-04    0.44121586E-04   -0.68801763E-04
 0.98670889E-04    0.11397373E-03   -0.52453827E-04    0.15551067E-03   -0.14452861E-03
 0.25911886E-03    0.16166754E-03   -0.11270409E-03    0.41215021E-04    0.79806195E-05
-0.74043923E-02    0.20241903E-02   -0.11419520E-02    0.34967310E-02    0.21867876E-03
-0.48587781E-03   -0.73745216E-04    0.66986223E-03   -0.46005460E-04   -0.31884764E-03
-0.29459649E-05    0.15213034E-02    0.13100991E-03   -0.90094053E-03    0.55945507E-04
-0.61883756E-04   -0.24491044E-03   -0.32559989E-05    0.49697753E-03   -0.78992097E-03
 0.33639463E-03   -0.98086432E-03    0.11068456E-03   -0.10568316E-02   -0.72100373E-03
 0.11149603E-02   -0.47089479E-03    0.30129997E-04   -0.16976679E-02    0.20488895E-02
-0.62680012E-02    0.49313686E-02    0.51532242E-02    0.10823626E-02   -0.65847204E-03
-0.37344318E-02   -0.78186573E-03   -0.24406527E-03   -0.31938787E-04    0.24171370E-03
-0.70271367E-04    0.48822318E-03   -0.52024850E-04    0.21978870E-03    0.22068248E-03
 0.18237628E-02   -0.12961581E-02    0.16958290E-02   -0.15953591E-01   -0.73746305E-04
-0.13772275E-04   -0.50357556E-03   -0.10103120E-02   -0.17924510E-03    0.11621419E-02
-0.26669249E-03    0.49672390E-04   -0.56133000E-03    0.10142057E-02   -0.14130717E-02
-0.64362320E-04   -0.41742045E-03   -0.28000972E-03   -0.25803764E-03    0.68472240E-03
 0.59047746E-04    0.16586444E-02   -0.92439762E-03   -0.10558930E-02   -0.52932790E-05
-0.53958066E-03   -0.63590926E-03   -0.19927446E-03   -0.13540268E-03    0.19876383E-03
-0.12393030E-04    0.39629160E-03    0.51419065E-03    0.21590800E-03   -0.48245286E-03
 0.15875810E-03   -0.36630049E-04    0.27908890E-03   -0.89302109E-03    0.11892215E-02
 0.60189024E-04    0.22888806E-03    0.21036939E-03    0.21080167E-03   -0.37123304E-03
 0.16498154E-04   -0.68365947E-03    0.60968090E-03    0.32303348E-03   -0.50167301E-04
 0.41478232E-03    0.45386989E-03    0.38475950E-04    0.71525275E-04    0.13946208E-01
 0.19881646E-02    0.19281801E-02   -0.10118098E-02    0.50512571E-03    0.62498186E-03
 0.72336758E-03   -0.94852708E-04   -0.10129210E-04    0.37785960E-02   -0.17060349E-02
 0.15942996E-02    0.83039444E-03   -0.13870780E-03   -0.48456200E-03   -0.34550797E-03
 0.78790065E-04   -0.24145088E-02   -0.13358193E-02   -0.26254550E-02   -0.48770744E-03
-0.34007722E-02   -0.22688197E-02    0.15452157E-02   -0.39737354E-03    0.58402265E-04
 0.59386049E-01   -0.25918852E-01    0.36331957E-02   -0.35715486E-02   -0.44745359E-02
 0.30136121E-02   -0.31009275E-02   -0.80786208E-02   -0.76808618E-03    0.20350005E-02
-0.48055253E-04   -0.11155526E-01    0.16519078E-02    0.32144243E-02   -0.22613144E-03
-0.94160031E-04    0.21759600E-02    0.21761618E-02   -0.28162774E-02    0.88846190E-02
-0.53388241E-03    0.10628707E-01    0.38778822E-02    0.11163623E-01    0.76615359E-02
-0.10302501E-01    0.40433524E-02   -0.51372974E-03   -0.20161066E-03   -0.39410649E-03
 0.12036638E-01    0.38272347E-02   -0.58443284E-02   -0.47490596E-02   -0.95225124E-03
 0.63926212E-03    0.25339373E-02    0.15080953E-03    0.19802905E-03    0.31107138E-04
-0.22499099E-03    0.54723691E-04   -0.28291193E-03   -0.94823807E-05   -0.13725684E-03
-0.26225588E-03   -0.14111865E-02    0.11654279E-02   -0.15178335E-02    0.13578509E-01
 0.18805484E-03    0.85384519E-04    0.65044520E-03    0.82213273E-03   -0.63007701E-04
-0.90941933E-03    0.19351474E-03   -0.44229641E-04    0.60727756E-03   -0.11663640E-02
 0.23689673E-02    0.15361209E-03    0.40181704E-03    0.17809959E-03    0.35758631E-03
-0.43998667E-03   -0.20012793E-03   -0.13980867E-02    0.73960012E-03    0.64474081E-03
-0.18095109E-03    0.63500826E-03    0.40153132E-03    0.30631227E-05    0.13799472E-03
-0.30822459E-03    0.12516762E-04   -0.48046014E-03   -0.37397933E-03    0.60362375E-04
 0.37154836E-03   -0.13324814E-03    0.31972212E-04   -0.22808028E-03    0.93529225E-03
-0.16431643E-02   -0.85112127E-04   -0.21645779E-03   -0.16677183E-03   -0.29659094E-03
 0.29200134E-03    0.32937601E-04    0.59003870E-03   -0.61195797E-03   -0.18992223E-03
 0.65409028E-04   -0.52609914E-03   -0.20043709E-03   -0.96961816E-05   -0.67012479E-04
-0.12164645E-01   -0.17776242E-02   -0.16971800E-02    0.83168888E-03   -0.39760819E-03
-0.45930774E-03   -0.67695151E-03    0.98035305E-04    0.75962837E-05   -0.32928635E-02
 0.15051982E-02   -0.16832660E-02   -0.73234132E-03    0.10431747E-03    0.42732393E-03
 0.28552959E-03   -0.71473661E-04    0.21155814E-02    0.12102434E-02    0.22898039E-02
 0.47163556E-03    0.29510624E-02    0.18596280E-02   -0.12576866E-02    0.37323024E-03
-0.54638413E-04   -0.49190239E-01    0.22657471E-01   -0.28921438E-02    0.31780102E-02
 0.39697038E-02   -0.25168692E-02    0.25369898E-02    0.65743335E-02    0.67443278E-03
-0.17318897E-02    0.34154146E-04    0.95955242E-02   -0.15531539E-02   -0.19397603E-02
 0.35913954E-03    0.92272783E-04   -0.18722765E-02   -0.18404675E-02    0.23608570E-02
-0.75494064E-02    0.27312354E-03   -0.90533019E-02   -0.33672835E-02   -0.96375017E-02
-0.63084131E-02    0.85320211E-02   -0.34960588E-02    0.44375959E-03    0.28824406E-03
 0.32677200E-03   -0.93647949E-02    0.79850802E-02   -0.30133397E-02    0.48679186E-02
 0.36151536E-02    0.74837092E-03   -0.55066552E-03   -0.18973367E-02   -0.10626010E-03
-0.16325704E-03   -0.12912383E-04    0.17787272E-03   -0.39785737E-04    0.21357570E-03
-0.55804339E-05    0.10943241E-03    0.22685219E-03    0.11359482E-02   -0.10918088E-02
 0.12910951E-02   -0.11096265E-01   -0.16472420E-03   -0.53001440E-04   -0.55620917E-03
-0.69391213E-03    0.72266049E-04    0.70836372E-03   -0.15715032E-03    0.36124236E-04
-0.47434023E-03    0.99101349E-03   -0.20097814E-02   -0.76842455E-04   -0.32405176E-03
-0.14647428E-03   -0.32329527E-03    0.34954949E-03    0.16040082E-03    0.11214558E-02
-0.61348980E-03   -0.46904913E-03    0.18231067E-03   -0.56629530E-03   -0.28778017E-03
 0.10367054E-04   -0.11221233E-03    0.26038890E-03   -0.40586538E-04    0.41597182E-03
 0.29658270E-03   -0.64591491E-04   -0.30691429E-03    0.13106902E-03   -0.31742402E-04
 0.17514572E-03   -0.80875818E-03    0.13822103E-02    0.39101486E-04    0.18719114E-03
 0.15377762E-03    0.29444832E-03   -0.23028716E-03   -0.55612624E-05   -0.47901382E-03
 0.55467789E-03    0.15132003E-03   -0.81785048E-04    0.44466576E-03    0.17147388E-03
-0.61491986E-06    0.53209855E-04    0.10177078E-01    0.14889481E-02    0.14097992E-02
-0.68824783E-03    0.34125339E-03    0.38662759E-03    0.59413570E-03   -0.88900440E-04
-0.33469322E-05    0.27600854E-02   -0.12599747E-02    0.13835614E-02    0.62000598E-03
-0.88626341E-04   -0.35664461E-03   -0.23663374E-03    0.57822780E-04   -0.17796742E-02
-0.10173771E-02   -0.19047218E-02   -0.41519827E-03   -0.25166471E-02   -0.15451810E-02
 0.10306699E-02   -0.30849070E-03    0.43752970E-04    0.40012410E-01   -0.18914099E-01
 0.23376408E-02   -0.26515966E-02   -0.32671712E-02    0.20857677E-02   -0.21244926E-02
-0.53948633E-02   -0.61716622E-03    0.14268159E-02   -0.30842486E-04   -0.79584283E-02
 0.12868112E-02    0.15440240E-02   -0.35768575E-03   -0.63324559E-04    0.15414664E-02
 0.14979505E-02   -0.18652172E-02    0.62572320E-02   -0.19734186E-03    0.74519293E-02
 0.27911641E-02    0.80401064E-02    0.51878104E-02   -0.70179325E-02    0.28655454E-02
-0.36273389E-03   -0.23530731E-03   -0.26767162E-03    0.74513889E-02   -0.65099403E-02
 0.55322273E-02    0.13752164E-02   -0.17608745E-02   -0.12008007E-02   -0.33526004E-03
 0.23617275E-03    0.81445809E-03    0.15882012E-03    0.33991344E-04    0.72992879E-04
-0.14247672E-03    0.75550235E-05    0.72764433E-04   -0.53571959E-04    0.12957540E-03
-0.43702829E-03   -0.70106692E-03    0.52736424E-03   -0.11173124E-02    0.10722325E-01
-0.43318653E-03    0.31525075E-04    0.26410164E-03    0.36838041E-03    0.90187432E-04
-0.14055002E-03    0.46613970E-04   -0.98731942E-05    0.16017067E-03   -0.34214549E-03
 0.80731638E-03    0.20166914E-04    0.16424893E-03    0.35121620E-04    0.40306314E-04
 0.55677877E-05    0.37441835E-04   -0.44011922E-03    0.23863865E-03    0.17227328E-03
-0.82512323E-04    0.19730959E-03    0.13061024E-03    0.22147803E-04    0.44759737E-04
 0.25693887E-03   -0.70913895E-05   -0.20700507E-03   -0.17157488E-03   -0.28526266E-04
 0.41207631E-04   -0.13310185E-04    0.47248567E-05   -0.79117186E-04    0.28781337E-03
-0.64263586E-03   -0.26596994E-04   -0.10929559E-03   -0.34539423E-04   -0.69869307E-04
 0.36824916E-04   -0.60557572E-04    0.13908700E-03   -0.18552845E-03   -0.81649809E-04
-0.28541204E-05   -0.18148323E-03   -0.29097408E-04    0.69123896E-05   -0.22303649E-04
-0.87986454E-02   -0.12671287E-02   -0.12340634E-02    0.62699173E-03   -0.28154674E-03
-0.33330885E-03   -0.54152518E-03    0.94947985E-04    0.36067443E-05   -0.24104154E-02
 0.93671426E-03   -0.10838349E-02   -0.51417628E-03    0.96912942E-04    0.34665023E-03
 0.17956146E-03   -0.54696939E-04    0.15087763E-02    0.72524814E-03    0.17086180E-02
 0.33632954E-03    0.21123967E-02    0.12826353E-02   -0.86551074E-03    0.26735253E-03
-0.31529549E-04   -0.39625059E-01    0.17293908E-01   -0.18212330E-02    0.23802385E-02
 0.31259134E-02   -0.20516496E-02    0.19568792E-02    0.53861273E-02    0.59269205E-03
-0.14152581E-02    0.16610804E-04    0.74761910E-02   -0.85508083E-03   -0.21039204E-02
 0.47198858E-03    0.62173375E-04   -0.15065792E-02   -0.15349546E-02    0.16917190E-02
-0.57042340E-02    0.69519831E-03   -0.73484624E-02   -0.26959390E-02   -0.74035076E-02
-0.47816781E-02    0.67189359E-02   -0.29099912E-02    0.33933650E-03   -0.32706541E-03
 0.40386536E-03   -0.35269787E-02    0.29285717E-02   -0.23869395E-02    0.22627279E-02
-0.12131299E-03    0.32904608E-03    0.63933007E-04    0.61080789E-04   -0.23221133E-04
-0.32735630E-04    0.17678766E-04   -0.76624016E-05   -0.50108337E-04    0.24863111E-04
 0.32274167E-04   -0.24541422E-05    0.97866114E-04    0.17277513E-05    0.30238365E-03
 0.16732195E-03   -0.12924758E-03    0.13439191E-03   -0.76969412E-03   -0.92830008E-04
-0.26346701E-04   -0.63884148E-04   -0.60819420E-04   -0.13904313E-04   -0.75379033E-04
-0.46157460E-05    0.44050059E-05   -0.67089344E-04    0.14600788E-04   -0.11610458E-03
-0.24083878E-04   -0.33988294E-04   -0.16928897E-05   -0.42249065E-05    0.27762358E-04
 0.89270975E-05    0.46669003E-04   -0.71281784E-04   -0.76272106E-04    0.76120065E-05
-0.61666349E-04   -0.20316511E-05    0.64722622E-05   -0.78127327E-05    0.72443586E-04
-0.43746882E-06    0.65241798E-04    0.33027404E-04    0.21561721E-05    0.51811015E-04
-0.53884005E-06   -0.12593436E-05    0.17687415E-04   -0.33683779E-04    0.12989753E-03
-0.39097367E-05    0.18700806E-04    0.82326554E-05    0.16316983E-04   -0.88313692E-05
 0.37113228E-06   -0.15151022E-04    0.58460102E-04    0.51571412E-04    0.10497229E-04
 0.40832993E-04    0.94783580E-05   -0.68138921E-05    0.19712630E-05    0.15218829E-02
 0.16215929E-03    0.21809716E-03   -0.10360369E-03    0.52969468E-04    0.66330694E-04
 0.90934775E-04   -0.50411246E-05   -0.33840177E-06    0.41971537E-03   -0.91639931E-04
 0.20183951E-03    0.10132325E-03   -0.74849338E-05   -0.68149256E-04   -0.31521470E-04
 0.15380331E-04   -0.24626805E-03   -0.95494921E-04   -0.28634124E-03   -0.25464892E-04
-0.34560625E-03   -0.18876295E-03    0.13613903E-03   -0.51604464E-04    0.17230801E-05
 0.47570163E-02   -0.31675280E-02   -0.16760674E-02   -0.22188988E-03   -0.88814521E-03
 0.15614372E-03   -0.60810708E-03   -0.85495541E-03    0.30236863E-03    0.15950974E-03
 0.13795812E-04   -0.11135110E-02    0.28268163E-03    0.33124821E-03   -0.31190364E-03
-0.11894580E-03    0.17292206E-03    0.38935697E-03    0.67689022E-03    0.55564623E-03
-0.52646380E-03    0.10233690E-02    0.49128944E-03    0.11518412E-02    0.68172915E-03
-0.89703190E-03    0.60805036E-03   -0.60563524E-04   -0.74539157E-04    0.34479307E-04
 0.40159426E-03   -0.36366888E-03    0.30667150E-03   -0.35503481E-03    0.39765335E-03
 0.33868792E-02   -0.46969765E-02   -0.38366887E-02   -0.73810496E-03    0.53412785E-03
 0.20568333E-02    0.17967660E-03    0.18812386E-03    0.59751756E-04   -0.17927759E-03
 0.29921344E-04   -0.23421589E-03   -0.27590632E-04   -0.11425045E-03   -0.21693069E-03
-0.10467328E-02    0.93209017E-03   -0.12965475E-02    0.11338491E-01    0.22306626E-03
 0.35742668E-04    0.47055521E-03    0.10102821E-02   -0.14792896E-03   -0.61280099E-03
 0.10414760E-03   -0.35067563E-04    0.77203984E-03   -0.11958093E-02    0.17994723E-02
-0.15643152E-03    0.43613813E-03    0.14072292E-03    0.21564721E-03   -0.37785112E-03
 0.75196718E-04   -0.14332690E-02    0.71457535E-03    0.47623581E-03   -0.30701064E-03
 0.49695962E-03    0.42871252E-03    0.23502193E-04    0.10850034E-03   -0.29949616E-03
 0.41550140E-04   -0.37115292E-03   -0.57317855E-03    0.10912182E-03    0.17950653E-03
-0.74476464E-04    0.26049016E-04   -0.44985908E-03    0.95869813E-03   -0.13048941E-02
 0.16232866E-03   -0.27226844E-03   -0.13901093E-03   -0.16608196E-03    0.22851945E-03
-0.18696595E-03    0.71941506E-03   -0.58303299E-03   -0.10987744E-03    0.19055825E-03
-0.38473092E-03   -0.27720543E-03   -0.13407863E-04   -0.53046741E-04   -0.10406968E-01
-0.14919592E-02   -0.14499339E-02    0.72766453E-03   -0.48603128E-03   -0.36590212E-03
-0.61449172E-03    0.97584537E-04    0.38240228E-05   -0.29348607E-02    0.13052289E-02
-0.14431142E-02   -0.53210984E-03    0.47524777E-04    0.37931803E-03    0.26094811E-03
-0.36553920E-04    0.17423041E-02    0.11235272E-02    0.19002704E-02    0.44802065E-03
 0.26380567E-02    0.16337199E-02   -0.11036037E-02    0.31135281E-03   -0.44138986E-04
-0.41366898E-01    0.19307814E-01   -0.23850388E-02    0.26342286E-02    0.33799706E-02
-0.21604971E-02    0.24142538E-02    0.55237042E-02    0.75922885E-03   -0.14996046E-02
 0.35742617E-04    0.83672613E-02   -0.12836038E-02   -0.16090564E-02    0.21804977E-03
 0.14603371E-03   -0.16069018E-02   -0.16049415E-02    0.19048768E-02   -0.62937959E-02
 0.10549809E-03   -0.75444145E-02   -0.28732866E-02   -0.83446632E-02   -0.54206573E-02
 0.72880056E-02   -0.29481706E-02    0.36934231E-03    0.33788455E-03    0.24058749E-03
-0.77867261E-02    0.66857845E-02   -0.55810497E-02    0.24561063E-02   -0.32096026E-03
 0.65362990E-02   -0.22213138E-03    0.15512960E-03    0.30078742E-03    0.25374245E-04
-0.28939283E-06   -0.13927036E-03    0.72573938E-05   -0.17818815E-04    0.46561579E-04
-0.46785462E-04   -0.16113399E-04    0.15034971E-03   -0.47621702E-04    0.12595668E-03
-0.30676791E-03   -0.20959310E-03    0.12144186E-03   -0.34018929E-03    0.40808578E-02
-0.29958461E-03    0.51577144E-04   -0.29330924E-05    0.11350716E-03    0.58467767E-04
 0.17199213E-03   -0.23155917E-04    0.48444415E-05    0.16198001E-04    0.11657362E-03
 0.88350427E-04   -0.40078570E-04    0.42664251E-04   -0.40198127E-04   -0.37547079E-04
 0.11032959E-03    0.57596213E-04    0.57709479E-04    0.36616100E-04   -0.19849335E-04
-0.81930154E-04   -0.53998826E-04   -0.17154347E-04    0.90224778E-05   -0.50266166E-05
 0.20903659E-03   -0.35493243E-04   -0.28974419E-04   -0.71434257E-04    0.30976635E-06
-0.78791714E-04    0.32820719E-04   -0.64320879E-05   -0.27213920E-04   -0.67795628E-04
-0.14356508E-03    0.13228208E-06   -0.34385047E-04    0.33435001E-04    0.87261347E-05
-0.36317666E-04   -0.47924686E-04   -0.79220575E-04   -0.42504777E-04   -0.18840710E-04
 0.24565626E-04    0.33761667E-04    0.58239882E-04   -0.12207777E-05    0.35687075E-05
-0.32582744E-02   -0.44358178E-03   -0.46216424E-03    0.24922785E-03   -0.13113785E-03
-0.11133608E-03   -0.21330265E-03    0.38760879E-04   -0.11368897E-05   -0.90791491E-03
 0.27485085E-03   -0.39831702E-03   -0.16091946E-03    0.45592713E-04    0.13556798E-03
 0.48358319E-04   -0.36796794E-04    0.55474833E-03    0.19303471E-03    0.63204844E-03
 0.11778538E-03    0.77830216E-03    0.46996086E-03   -0.32368472E-03    0.10306673E-03
-0.82990765E-05   -0.15578773E-01    0.71599989E-02   -0.56412095E-03    0.91330981E-03
 0.13211984E-02   -0.89658403E-03    0.82867033E-03    0.21594566E-02    0.30856362E-03
-0.56441589E-03    0.78279238E-05    0.30626099E-02   -0.21473914E-03   -0.91167685E-03
 0.22892747E-03    0.85598536E-05   -0.60685110E-03   -0.60659426E-03    0.65070948E-03
-0.22268740E-02    0.39923865E-03   -0.30030858E-02   -0.11256688E-02   -0.29673974E-02
-0.18998968E-02    0.26901385E-02   -0.12082529E-02    0.12682956E-03   -0.25180754E-03
 0.16610350E-03    0.11427898E-03   -0.58324629E-04    0.35011247E-04    0.77661393E-03
-0.15188576E-03   -0.41508806E-05    0.78900865E-03   -0.14923482E-03    0.35277499E-03
 0.30518470E-03    0.77599728E-04   -0.58886107E-04   -0.13271496E-03   -0.79627023E-05
 0.27244882E-05    0.31397534E-05    0.32465284E-04   -0.21667809E-04   -0.71962789E-04
 0.14422366E-04   -0.83929257E-04    0.97067283E-04    0.44178887E-04   -0.50766315E-04
 0.51705984E-03   -0.42276801E-02    0.20437816E-03   -0.42208211E-05   -0.28006901E-04
-0.72772123E-04   -0.35121416E-04    0.42062308E-04    0.11517822E-04    0.59033955E-06
 0.19093766E-05    0.12425876E-03   -0.22431870E-03   -0.18272559E-04   -0.40686818E-04
 0.90594073E-05   -0.26123174E-04   -0.59247066E-04   -0.24444114E-04    0.84517360E-04
-0.17777423E-04    0.22055493E-05    0.57715282E-04   -0.56852225E-04   -0.14006550E-04
-0.67039832E-05   -0.72688232E-05   -0.11676027E-03    0.11250161E-04    0.31686706E-04
 0.96797607E-05    0.95573815E-05   -0.24137040E-04   -0.11694521E-04    0.13257544E-05
 0.21400933E-04   -0.85206581E-04    0.13635754E-03   -0.40918597E-05    0.35644250E-04
-0.96919122E-05    0.52513297E-04   -0.28147815E-05    0.18880086E-04   -0.39554554E-04
 0.24488044E-04    0.13444773E-04   -0.88730093E-05    0.34419364E-04   -0.60149011E-04
 0.30644931E-05    0.19343960E-05    0.27103118E-02    0.42604537E-03    0.35520658E-03
-0.21588350E-03    0.56065259E-04    0.78843480E-04    0.18870447E-03   -0.34027749E-04
 0.11379765E-05    0.76308014E-03   -0.27899753E-03    0.21460164E-03    0.13002697E-03
-0.43275863E-04   -0.10476777E-03   -0.49766486E-04    0.54986738E-04   -0.45856985E-03
-0.23815528E-03   -0.47963286E-03   -0.12480225E-03   -0.67261745E-03   -0.40429878E-03
 0.22312191E-03   -0.76561017E-04    0.50590494E-05    0.13414658E-01   -0.55385398E-02
 0.16432009E-02   -0.87215992E-03   -0.77197216E-03    0.81930932E-03   -0.44621039E-03
-0.16894022E-02   -0.50460592E-03    0.50368957E-03   -0.20031062E-04   -0.25106275E-02
 0.17369536E-03    0.81473825E-03   -0.39545886E-04    0.59566134E-04    0.52657212E-03
 0.37658668E-03   -0.11110744E-02    0.20400875E-02    0.73226109E-04    0.24157873E-02
 0.91591812E-03    0.25083894E-02    0.15980089E-02   -0.22298967E-02    0.85107539E-03
-0.93098143E-04    0.14669543E-03   -0.17072422E-03    0.68163861E-03   -0.59603439E-03
 0.51132954E-03   -0.67046035E-03   -0.36598156E-04   -0.50878780E-03   -0.34763416E-03
 0.69565361E-03
