"","1","2","3","4","5","6","7","8","9","10","11","12","13","14","15","16","17","18","19","20","21","22","23","24","25","26","27","28","29","30","31","32","33","34","35","36","37","38","39","40","41","42","43","44","45","46","47","48","49","50","51","52","53","54","55","56","57","58","59","60","61","62","63","64","65","66","67","68","69","70","71","72","73","74","75","76","77","78","79","80","81","82","83","84","85","86","87","88","89","90","91","92","93","94","95","96","97","98","99","100","101","102","103","104","105","106","107","108","109","110","111","112","113","114","115","116","117","118","119","120","121","122","123"
"1",0.0099803285,0.0027380264,0.0036159348,0.0026339632,-0.00084982645,0.00011484967,0.0013502122,0.0017136525,-0.0001197455,-2.771504e-05,6.4061695e-05,0.00017685772,0.00020061551,0.00088385897,-0.0028735426,0.00013549288,0.0051756131,9.6704448e-05,0.00025441958,-0.00073042283,-0.0010121567,0.00054521918,-0.00014689225,3.5947195e-05,-0.00029939511,0.00028830422,0.001296947,0.00035883376,-0.0001474387,-0.00017229093,-1.9836998e-05,0.00019397101,-0.0002624201,0.00052990906,-6.2388637e-05,-0.00039052578,0.00021787323,0.0002294839,-0.00072679524,-0.00011494246,-3.6884738e-05,-0.00036206289,-0.00022750767,0.0011612941,0.00092752035,-0.00097392181,0.00044093933,-4.5749535e-05,0.00012969247,-0.00022814476,-0.0030412639,-0.0010638064,0.00013491018,0.00043213451,0.00013291837,-0.00061950061,0.00096761123,-0.0013476773,0.00094910098,0.00089625413,0.00050451711,-1.7145118e-05,0.00042815793,0.00068861743,2.1588558e-05,-0.0038535486,-0.00046883034,0.0004494003,-0.0005082014,-0.0006110364,2.9390145e-05,-6.970747e-05,6.3999935e-06,-0.0010953858,0.00065730865,0.00016729658,4.4149905e-05,-3.8648265e-05,4.2145781e-05,-1.4897588e-05,-9.4396026e-05,0.00056693632,0.00064996456,0.00079768372,-0.00035866563,0.0012684357,0.00091091834,-0.00087298579,-7.3161605e-06,-6.3195354e-06,0.012875518,-0.040423383,0.0033135439,0.0028019906,-0.0017926214,0.0036639088,0.0067962796,-0.0016400573,-0.00073249177,-2.8007089e-05,0.0053720952,-0.0021130543,-0.0073168007,-0.00043996562,0.00091216325,-0.00078209346,-0.0011710121,-0.00041850861,-0.0035414174,2.571112e-06,-0.0068422225,0.00041925523,-0.0073808669,-0.0046713463,0.0074109848,-0.0022738043,0.00031882033,-0.0023016236,0.0030748645,-0.0053674395,0.0011547208,-0.00016596515,-0.0033834367
"2",0.0027380264,0.015934958,0.0044952612,-0.0053431893,0.00085750199,-0.0010718212,0.00048380413,0.001501844,0.00022618381,-6.705521e-05,-0.0001955873,0.00010620176,6.9684333e-07,-0.0019638333,0.0016372165,0.0005142173,-0.0095210252,0.0001348089,0.0014143811,0.00011902848,-0.0013559031,-8.4031038e-05,0.00018034571,-2.8138992e-05,0.00080624096,-0.0019189206,0.0052787834,0.00012403927,0.0003470287,0.00011892144,0.0010697176,-0.00011975565,-0.00010265084,-0.0010150563,0.0011844375,-0.00016085142,-6.6025343e-05,0.0013064373,-0.001010651,-0.00012022132,0.00017085088,-0.00047565838,-0.0022412701,-0.0006570864,0.001292123,0.00011127664,-0.00022609473,7.3317144e-05,-0.0018319286,0.0030285718,-0.0093614286,-0.00016972137,-0.00079447117,2.6338167e-05,-0.001377748,-1.848699e-05,0.0010352219,0.0016346843,-0.0010337065,0.00073795736,0.0011169164,-0.0015680966,0.00066279859,0.00073181209,-0.00035105614,0.0096572585,0.0014036585,-0.00018600524,-2.9040605e-06,-0.00019414182,0.00082350729,1.660284e-05,-3.3965913e-05,0.0028938186,-0.0019078929,0.0031831439,0.00088470922,7.3039404e-05,-0.00031417729,0.00024494051,0.00039494517,-0.0015808234,-0.0015180793,-0.0018156187,0.00028137701,-0.0026055558,-0.00078043494,0.00059092426,-0.00032137051,8.0764813e-05,-0.030850652,0.054361211,-0.011346642,-0.0082233743,0.000392338,-0.004447779,-0.0065582896,0.0017303704,0.0015122327,0.00018331199,-0.012534091,0.0070164996,-0.0050724717,-0.0038527086,-0.0021341208,0.002173813,0.0014076969,0.0021230263,0.0075672819,-0.00014434334,0.012301834,0.0014842145,0.014972453,0.0052967768,-0.0090922949,0.0059884554,-0.00085887673,0.0055206813,-0.0063472066,0.0049884994,-0.0024025285,0.00087402415,0.0066588557
"3",0.0036159348,0.0044952612,0.017723002,-0.002165715,8.3241287e-05,-0.00020064666,-0.0042057388,0.0012327067,-6.9490302e-05,-3.2067477e-05,-6.3921925e-05,-0.00017105027,-0.00019509271,0.00089980162,-0.003394616,0.00079463224,-0.010060661,0.00037469151,-0.00069429209,0.00014353584,-0.00047311654,-0.00083223023,-0.00034630492,-9.7623467e-06,-4.5279454e-06,-0.00021601339,0.00031988232,0.001132747,0.00034866266,-0.0002883487,-0.00071004541,-0.0004144897,-0.00076483742,-4.7885792e-05,0.00060015301,0.00058933767,2.9250872e-05,-0.00016930371,0.00094921581,8.9842074e-05,1.1601847e-05,-0.00074376223,0.0014492918,-0.00047649286,0.00028343626,0.0018543932,0.00084462894,1.6790261e-05,-0.00054457407,7.3801345e-05,0.00033786471,-0.0023396036,-0.00081321336,0.00067226223,0.0012713469,0.00088041004,0.0018305649,-6.7633281e-05,-0.00032426829,-0.0013738419,0.00081166378,0.00093959758,-0.0022493047,9.6021739e-05,-2.5496629e-05,0.0032813307,0.00066664949,-0.0007826626,-6.5387379e-05,-7.8508929e-05,-8.0916696e-05,-0.00013967574,-3.0250839e-05,0.00088835227,-0.00049056662,0.00052511164,0.0010183826,0.00010313512,-0.00019479793,-0.00035757816,-4.2737219e-05,-0.00080652591,-0.00036601866,-0.00049891315,0.00041774589,-0.00098269598,-0.00064763376,0.00088932096,-3.3119874e-05,1.7732802e-05,-0.014723784,0.036384106,-0.0076650774,-0.0051758156,0.0031995356,-0.0026744564,-0.0049173491,0.0033772005,0.0020544532,8.7706374e-05,-0.0059591878,0.0021384016,0.0038492629,-0.0050021259,-0.0018271323,0.0017969333,0.002952387,0.002699548,0.0051171497,-0.0020641412,0.007106593,-0.00089158342,0.0086741321,0.0051763291,-0.0082557195,0.0033496203,-0.00036985429,0.0020164458,-0.0026457285,0.0026831156,-0.0010269375,0.00048351878,0.0063661599
"4",0.0026339632,-0.0053431893,-0.002165715,0.0065481924,-0.00062251918,0.00050026007,0.0013106773,9.4865983e-05,-0.00014037325,7.8364848e-05,0.0001271693,0.00020146905,0.00047091576,0.0010379286,-0.001316151,-0.00091614929,0.012923266,5.7049877e-05,-0.00055035226,-0.00053337007,0.00025427568,0.00011911524,-7.5981878e-05,3.0370908e-05,-0.00058016685,0.0009852624,-0.0015814244,0.00020218095,-0.00028068377,-0.00013558901,-0.00030355023,0.00018077004,-0.00026966061,0.00072642319,-0.00058584858,-3.7231212e-05,0.00020120426,-0.00045613364,-0.00011315487,7.6208192e-06,-6.4171235e-05,7.6209499e-05,0.00081882296,0.00098386904,-0.00023499046,-0.00027022922,0.00015028157,-4.4042236e-05,0.00077420573,-0.0012810584,0.0024403443,-0.0003082369,0.00050571855,0.00010622274,0.00036411832,-0.0002549642,8.9070395e-05,-0.0014257612,0.0006471324,5.2894007e-05,-0.00039719129,0.0005425456,0.00011284456,-3.9475516e-05,0.0001335808,-0.010044355,-0.0013653587,0.00070358491,-0.00039816221,-0.00025037274,-0.00074630636,4.9693322e-05,1.5102366e-05,-0.0029055086,0.001634827,-0.0014904297,-0.00066073536,-7.319163e-05,0.00036322092,2.7930699e-06,-0.0004013198,0.0015232605,0.0014737921,0.0021400053,-0.00031398905,0.0029655741,0.0014517033,-0.0011204234,0.00027245597,-3.3649511e-05,0.033543026,-0.073369517,0.013156052,0.0087837447,-0.0025565777,0.0063753055,0.010310749,-0.0024378358,-0.0022003226,-0.00011680828,0.013100084,-0.0054806209,-0.0045642256,0.003260291,0.0023134472,-0.0025089985,-0.0028271943,-0.0027484763,-0.0079165668,0.0015474784,-0.015383645,-0.00087848419,-0.017439735,-0.0084837782,0.012985733,-0.0066565554,0.00076162144,-0.0056723941,0.006667487,-0.0074165473,0.0026794098,-0.0009166533,-0.0090648259
"5",-0.00084982645,0.00085750199,8.3241287e-05,-0.00062251918,0.00062842548,-6.6806512e-05,-2.7202058e-05,1.2291674e-05,4.8329736e-05,2.777079e-05,-1.389711e-05,-4.3813728e-06,-1.0235818e-05,-0.00030297425,0.0003335355,0.00013476599,-0.0013421395,-6.2291305e-06,5.4764375e-05,2.5636083e-05,-6.3947284e-06,-0.00017719247,2.6135834e-05,-8.1532237e-06,0.0001128903,-0.00018188225,0.00027577584,-1.9099379e-05,4.9301573e-05,4.6535684e-05,9.3003308e-05,3.3228944e-06,2.4551417e-05,-0.00013399691,6.3333342e-05,2.2689437e-05,-4.0702654e-05,9.152092e-05,7.6849885e-05,1.5723987e-05,1.4887111e-05,5.0737432e-06,-8.6416437e-05,-0.00016062284,-4.7166768e-05,0.00022557786,-2.5110506e-05,9.6998174e-06,-0.00016322349,0.00022938546,-0.00018096564,-0.00010477618,-8.3201812e-05,-3.9478876e-05,-3.1616947e-05,4.2810567e-05,-4.562251e-05,0.00026657844,-0.00014601404,-7.9949147e-05,9.1044398e-06,-0.00011122322,-4.3823403e-05,-4.4354776e-05,-2.6831314e-05,0.0011013603,0.00012466335,-6.1416576e-05,3.1539621e-05,3.7385084e-05,3.6503156e-05,-6.0134005e-06,-6.3895677e-06,0.0002969116,-0.00024314675,0.00023214926,0.00011385191,1.8499039e-05,-2.1399749e-05,-1.0916407e-05,2.5777412e-05,-0.00019540887,-0.00016884523,-0.0002211124,4.4026993e-05,-0.00032291329,-0.00015765136,0.00014273641,-6.6819596e-06,3.2771555e-06,-0.0039124698,0.0079279475,-0.0014943749,-0.00091364605,0.00027240133,-0.0007313396,-0.0011796558,0.00050620004,0.00021705968,2.5009145e-05,-0.0014572337,0.00095771408,0.0005478089,-0.00050258431,-0.000293898,0.00022466492,0.0003669173,0.00032646649,0.0008439293,-1.8240545e-05,0.0016645143,8.4285225e-05,0.0019436357,0.00085534569,-0.0014813899,0.00065377302,-9.1583061e-05,0.00066034567,-0.00082073264,0.00085537851,-0.00032240349,0.00010880031,0.00089778605
"6",0.00011484967,-0.0010718212,-0.00020064666,0.00050026007,-6.6806512e-05,0.00054114465,8.1639247e-05,2.7750185e-05,-3.9416101e-05,1.2560539e-05,6.7193821e-05,7.246848e-05,0.00011422515,0.00011968394,-0.00021302458,-7.3120019e-05,0.00093307589,-9.1344026e-07,-4.1847105e-05,3.3253811e-05,7.2508157e-05,-5.8543796e-06,-1.3893395e-05,3.5175642e-06,-9.806069e-05,0.0001278216,-0.00015672008,4.6348951e-05,-3.5054237e-05,-1.1794721e-05,-4.2368038e-05,1.0624997e-05,-6.4382161e-07,3.8704996e-05,-9.1058909e-05,-4.478722e-05,1.9398288e-05,-7.2933765e-05,4.5495747e-05,4.1020813e-06,-1.3589307e-05,4.2132587e-05,0.00011322168,4.3076384e-05,-4.6111706e-05,9.8084982e-06,4.7445377e-05,-6.4713851e-06,0.00013282172,-0.0001861244,0.00049288615,-5.5654886e-05,4.9623801e-05,1.5932142e-05,6.4648785e-05,-3.3202543e-06,-7.5895332e-05,-0.00013032928,8.828119e-05,-5.6518188e-05,3.4847346e-06,9.1495189e-05,-5.4139977e-05,-3.1039323e-05,2.7520354e-05,-0.00087930792,-0.00013369972,3.714639e-05,-7.0275553e-06,2.1620991e-05,-5.1284037e-05,-7.891645e-06,5.3937049e-06,-0.00025305522,0.00018546098,-0.00015442301,-7.6157858e-05,5.2670061e-06,3.2993749e-05,-1.6800733e-05,-3.5400739e-06,0.00015833055,0.0001158997,0.00016870538,-6.3597171e-05,0.00023221353,0.0001057076,-9.3586494e-05,1.728251e-05,-5.1090822e-06,0.0026472527,-0.0057437071,0.00081184492,0.00068887134,-0.00017354869,0.0004269185,0.00071157174,-0.0001738005,-0.00011585187,-2.1603624e-05,0.0011223657,-0.00055322881,-8.9721978e-05,0.00026261648,0.00015886742,-0.00019503006,-0.00011362282,-0.00017620577,-0.00078176365,0.00010735206,-0.0012144452,-9.127788e-05,-0.0012902844,-0.00056402654,0.0010254493,-0.00050819412,7.4433043e-05,-0.00051040418,0.00058289477,-0.00058798805,0.00022638808,-5.7226137e-05,-0.00061320536
"7",0.0013502122,0.00048380413,-0.0042057388,0.0013106773,-2.7202058e-05,8.1639247e-05,0.0029186114,0.00036820068,-5.1145966e-06,3.692257e-05,5.8089849e-05,0.00030438844,0.00028195748,-0.00019669299,0.00057370803,-0.00033724823,0.0055817951,-7.2330552e-05,0.00031399392,-0.00016070802,-0.00010864685,0.00035291914,6.31198e-05,7.7146237e-06,-1.7761513e-05,-2.5071208e-05,0.0006132338,-0.00021658261,-6.4234472e-05,2.7754323e-05,0.00021163176,0.00012484723,0.00013027189,2.3089618e-05,-8.3040152e-05,-0.00030198163,1.9229588e-05,0.00015166355,-0.00047574056,-3.1949759e-05,1.7782851e-06,0.00012983294,-0.0005676544,0.00030224787,0.00014478087,-0.00067293412,-0.00014811949,-6.315362e-06,2.0895011e-05,0.00016792928,-0.0014790073,0.00055667836,0.00012329494,-7.5883822e-05,-0.00037164274,-0.00027635319,-0.00033140902,-0.0002219633,5.2785105e-05,0.00060741327,4.1466974e-05,-0.00032139857,0.00067872125,7.7190893e-05,-5.5914889e-06,-0.0019294964,-0.00033220294,0.00038845109,-7.0166695e-05,-9.495122e-05,2.56435e-05,4.0742212e-05,4.0865085e-06,-0.00056883247,0.00028297431,0.00015424372,-0.00032891329,1.7171748e-05,7.8511073e-05,7.1082016e-05,-6.1856455e-05,0.00035941495,0.00020620143,0.000372028,-0.00027044421,0.00057561048,0.00047830108,-0.00041632661,4.7550238e-05,-2.0893927e-06,0.0076692129,-0.026459548,0.0031999021,0.0024251584,-0.0017141084,0.0018217909,0.0037383519,-0.0014272907,-0.00098148419,-1.0743586e-05,0.00344889,-0.00096087691,-0.004574319,0.0014984767,0.00070338674,-0.00084618312,-0.0012211148,-0.00068365953,-0.002750188,0.0010941824,-0.0046459428,0.00037808299,-0.0048880368,-0.003179098,0.004905602,-0.0019708887,0.0001964757,-0.0011615902,0.0016297727,-0.0026686046,0.00068585726,-0.00017411368,-0.0033257255
"8",0.0017136525,0.001501844,0.0012327067,9.4865983e-05,1.2291674e-05,2.7750185e-05,0.00036820068,0.0013818372,-2.2650157e-05,7.3053261e-06,4.4060399e-05,0.00012119345,0.00017872983,-1.1005947e-05,-0.00049485162,-5.1872863e-05,0.00073432221,3.640536e-05,7.8640766e-05,-3.9600722e-05,-0.00021314778,1.3128143e-05,-4.2703838e-05,1.066361e-05,1.9714244e-05,-3.6069419e-05,0.00047882386,9.2153473e-05,-7.9111614e-06,-3.0041322e-05,9.6091632e-05,4.1747007e-05,-7.4952337e-05,4.1093008e-05,4.5122412e-05,-0.00011779563,-1.5927358e-05,0.00012270073,-9.8431916e-05,-4.0117043e-06,2.9020026e-06,-0.00014210602,-1.8943707e-05,7.3133853e-05,0.00026144737,-3.2903856e-05,0.00013897958,-9.2352027e-06,-0.0001859484,-1.6264828e-05,-0.00096121131,-0.00020649454,-5.2329656e-05,0.00010765299,-7.3696205e-05,-0.00014264245,0.00018657687,-0.00015090467,0.00013535841,0.00011567755,0.00020373994,-4.9483763e-05,-1.6712842e-05,0.00013781419,-1.7978746e-05,-3.3771917e-05,4.3795267e-05,2.1498016e-05,-4.8150852e-06,-8.831031e-05,5.2964183e-05,-3.4283881e-05,2.9602821e-06,2.8569329e-05,5.2306583e-05,0.00013650092,2.8339662e-05,2.8791673e-05,1.7272295e-06,3.4045248e-05,6.5713679e-05,1.4393694e-05,-4.5642516e-05,4.0389252e-05,-5.3396809e-05,1.763554e-05,0.00012248513,-2.594784e-05,-2.8979378e-05,1.0590205e-06,-0.00012709429,-0.0048837745,-0.00043676997,-0.00025549717,-0.00014289932,0.00015523369,0.00084051214,-9.9292523e-05,1.800567e-06,4.3199133e-07,2.9744684e-05,2.4311426e-05,-0.001579226,-0.00031220285,-3.3199919e-05,4.1231869e-06,-0.00017012969,5.7328215e-05,-0.00024160406,0.00010855496,-0.00056238993,0.00013756551,-0.00024644439,-0.00043877823,0.00071991392,-8.2268212e-05,7.410261e-06,-2.4279205e-05,9.0660199e-05,-0.00069312813,8.594887e-05,6.1615771e-05,-0.00020985785
"9",-0.0001197455,0.00022618381,-6.9490302e-05,-0.00014037325,4.8329736e-05,-3.9416101e-05,-5.1145966e-06,-2.2650157e-05,0.0011394997,-2.2722666e-06,-8.5728917e-05,0.00010505727,0.0005303944,-4.1396673e-05,-1.0966461e-05,0.00015197954,-0.0027681589,-8.3280184e-07,1.4509586e-05,-2.2026439e-05,3.4948493e-05,-2.0034451e-05,-3.208112e-06,2.5785303e-06,3.1986256e-05,-4.8992558e-06,-2.8711785e-05,-1.2598544e-05,-1.2323401e-06,-3.1642119e-06,0.00010799525,-1.3615797e-05,3.0080605e-06,-6.1311587e-06,-6.8259963e-07,5.768043e-05,-9.0426369e-06,4.3073218e-05,-7.2680902e-05,4.8805821e-06,5.3887221e-07,-3.4488888e-06,-9.3789496e-06,6.7770067e-06,-5.772895e-05,4.5063725e-05,3.9586316e-06,-3.9505523e-06,6.5099718e-05,7.0111286e-05,-7.5388019e-05,-2.2316982e-05,1.6649945e-05,-7.0726686e-06,-7.9158599e-05,-3.7871963e-05,6.2205013e-06,3.0546674e-05,-1.3550558e-05,8.8952334e-05,3.3292873e-06,-4.2340329e-05,2.4846118e-05,-1.6037408e-05,-5.8947471e-06,0.00024243648,2.0717176e-05,-4.5484843e-05,-7.1763196e-05,-2.8843397e-05,2.2205572e-06,1.0357122e-05,1.5532836e-06,0.00016727085,1.7721887e-05,-0.00011175494,-7.5027065e-06,-3.7503601e-06,-6.5867439e-06,4.0071856e-05,3.8371244e-05,-1.4938682e-05,-7.6732186e-05,3.340849e-05,3.3543664e-05,-5.074635e-05,-8.2881968e-06,-6.9139185e-05,-8.5135059e-06,-2.9778769e-06,0.0034034003,0.0027125925,0.0087048508,0.0019211145,0.00067814054,0.0015181729,0.00029105798,-0.0019671724,0.00010680265,-7.5763321e-05,0.0001157467,-0.00097296105,0.00037395482,0.0010567708,0.0004454905,0.00011532517,-0.00091411976,-0.0042359319,0.00089099987,0.001818306,-0.00020299164,-0.00056155024,-0.00070682219,-0.00029781218,-9.6029497e-05,-0.00095182731,8.7420286e-05,0.00014257229,-0.00017403927,0.0001963864,-0.00010907988,-0.00072129188,-0.0033726976
"10",-2.771504e-05,-6.705521e-05,-3.2067477e-05,7.8364848e-05,2.777079e-05,1.2560539e-05,3.692257e-05,7.3053261e-06,-2.2722666e-06,0.00061347598,0.00010780838,2.3278553e-05,4.414136e-05,2.6516167e-05,-6.0598911e-05,6.7301474e-05,0.00011473496,1.0063898e-05,-2.8245885e-05,-2.2602039e-05,2.7540611e-05,-1.0626244e-05,4.741969e-06,-3.2487682e-07,-1.0268897e-05,1.5524143e-05,2.2239069e-05,-2.3688701e-06,-1.1028482e-05,6.3375926e-07,-1.030758e-05,1.0853095e-05,-3.8931607e-05,-1.0203922e-06,-4.3810623e-05,7.8715112e-06,2.1272331e-05,-2.8551751e-05,-2.97603e-06,-1.6314646e-05,4.6049459e-06,6.5337145e-06,1.730179e-05,2.3379534e-05,-3.1433987e-05,6.5901095e-05,-1.0340454e-06,1.4601779e-07,5.8530749e-05,-1.6307622e-05,6.8498712e-05,-4.4612651e-05,1.0500433e-05,-3.2133989e-06,-1.1734905e-05,5.4833926e-06,3.6536701e-05,-2.5744482e-05,4.1464066e-05,5.3933174e-07,6.2278798e-06,2.333419e-05,1.6973967e-06,1.9123504e-05,-4.9042199e-07,-3.6916356e-05,-4.173673e-05,-1.0560455e-05,2.2276521e-05,1.7819131e-05,-4.1613504e-06,-1.8137822e-06,1.7928073e-06,2.3900155e-06,4.8244144e-06,-1.3473378e-05,-1.0720175e-05,-4.1842335e-06,-8.0437277e-06,-2.8239928e-05,-1.6508184e-05,1.6427775e-05,3.0879438e-05,-9.2422179e-05,-3.8193408e-05,9.2601554e-06,-1.9557395e-05,8.977915e-06,5.7968645e-06,5.7098412e-06,-5.5236445e-06,-0.00062348005,-0.00015739238,4.8361835e-05,-2.4050236e-05,3.7790609e-05,1.0083001e-05,0.00012166986,-1.3181408e-05,-2.7128223e-06,0.00011336147,-4.9245744e-05,-7.486423e-05,-3.9524313e-05,-1.8672377e-05,-2.1536616e-05,3.2585119e-05,8.7327165e-05,-5.2544372e-05,-3.7509968e-05,0.00015543976,6.2355332e-05,-0.00015295696,1.7083e-05,0.00012357575,-5.8395767e-06,-6.6419705e-06,-2.8083638e-05,5.243941e-05,-5.2100646e-05,3.3496176e-05,-2.2306672e-05,8.9543498e-05
"11",6.4061695e-05,-0.0001955873,-6.3921925e-05,0.0001271693,-1.389711e-05,6.7193821e-05,5.8089849e-05,4.4060399e-05,-8.5728917e-05,0.00010780838,0.0007846324,6.0001059e-05,0.00017093062,6.1123975e-05,-9.3760897e-06,1.1045199e-05,0.00082565496,3.0268755e-05,-4.0786288e-05,-6.6458304e-06,4.6421931e-05,-3.1438871e-05,-1.4149769e-05,2.5962164e-07,-7.4308577e-05,-3.8502705e-05,-4.2586476e-06,-8.1624394e-06,-2.9800398e-06,-2.961595e-06,8.6684216e-06,5.7969717e-05,-1.2427628e-05,1.2540647e-05,-6.390037e-05,-4.7408478e-05,4.064954e-06,-4.8707974e-05,8.5445903e-06,-3.0891344e-06,-3.9464301e-06,-2.4720565e-05,7.1978352e-05,6.3769208e-05,-6.2572463e-05,8.8079909e-06,1.1285342e-05,6.2318341e-08,4.1909646e-05,-5.5841566e-06,0.00016997498,1.4135397e-05,-6.7628247e-06,-8.8136393e-06,-1.7459013e-05,-3.0138622e-05,-2.2281994e-05,-3.9416651e-05,4.5273251e-05,-2.3345172e-05,5.0613765e-06,3.5018762e-05,-1.9365796e-05,-3.2364759e-06,8.1954218e-06,-0.00018038427,-2.9195527e-05,-8.1768119e-06,4.2898805e-06,5.5694374e-06,-2.1574041e-05,-2.889935e-05,8.7182542e-06,-5.4837148e-05,3.5188546e-05,-4.4931104e-05,-6.6682748e-05,3.071609e-05,-2.0126269e-06,-2.5496497e-05,4.2441166e-05,3.2388045e-05,2.1171318e-05,3.6246062e-05,-5.8191233e-05,2.5429671e-05,2.0484892e-05,-2.1778169e-05,2.0301402e-05,-5.1785747e-08,8.1505198e-06,-0.0018703938,-0.0011740658,-0.00016303415,-0.00013722124,-0.00016965671,0.00010121703,0.00025721335,4.320831e-05,-8.96441e-06,0.00018130317,-2.7961219e-05,0.00017722323,-6.2428368e-05,-8.2962612e-05,-7.1243655e-05,3.0821132e-05,0.00040749355,-0.00040886806,-0.00019485128,-0.000224397,0.00017300765,-0.00025518933,-0.00012438096,0.00019342282,-3.6370423e-05,1.9702487e-07,-0.00012993042,0.00016577139,-0.00018524461,5.6374645e-05,7.0367839e-05,0.00015194889
"12",0.00017685772,0.00010620176,-0.00017105027,0.00020146905,-4.3813728e-06,7.246848e-05,0.00030438844,0.00012119345,0.00010505727,2.3278553e-05,6.0001059e-05,0.0015091286,0.00047824157,-9.9558755e-05,-9.7001606e-05,1.6143248e-05,0.00052555759,2.7208814e-05,4.5802491e-05,1.1530233e-05,2.1026965e-05,7.8599072e-05,7.8133125e-06,5.8785271e-06,-3.1992536e-05,5.9068652e-06,6.4119392e-05,-1.8252086e-05,-1.2518246e-05,1.6234734e-05,1.8536084e-05,4.0906006e-05,-2.6385271e-05,-5.7672369e-05,-1.6816891e-06,1.2472606e-06,0.00011017592,3.6797003e-05,-2.5779623e-05,-2.3374071e-05,8.5049709e-09,-1.9223743e-05,-2.3620932e-06,5.1178006e-05,4.8049116e-05,-4.1722575e-05,1.5331088e-05,-5.7503395e-06,2.5429702e-05,9.2276768e-05,-0.0002051675,4.0574804e-06,3.191114e-05,-1.6148619e-05,-5.8671372e-07,-1.5878205e-05,-5.4111245e-05,5.7873114e-05,5.8040997e-06,-0.00010459717,-3.4428371e-05,-6.0538765e-05,4.359906e-05,3.7515458e-05,-5.5061031e-06,-0.00026629839,-8.0626201e-06,4.150859e-05,-5.7828621e-06,-5.4552762e-05,2.7370311e-05,-7.0998333e-07,3.7221551e-06,-0.0001956081,3.0618711e-05,5.2641192e-05,-2.4039668e-05,6.0062675e-06,1.0841767e-05,-2.0905292e-05,-1.4243523e-05,6.9330727e-06,-2.0899628e-05,6.8795187e-05,-7.037012e-05,7.0614411e-05,5.2552445e-05,-8.0695944e-05,4.0731398e-07,5.3186506e-06,0.0014787377,-0.0037753975,0.0012002652,0.00039489377,-0.00015347583,0.00042073518,0.0007111006,-0.00041749241,-0.00012773773,-2.2057501e-05,0.00078545218,-9.8830476e-05,-0.0012038971,0.0001197692,0.00015304632,-0.00010603958,-0.00018763912,-0.00037914353,-0.00026883176,0.000531084,-0.00079442511,-6.9584009e-06,-0.00056580375,-0.00032400069,0.00075507606,-0.00030161286,1.7448118e-05,-0.00019808068,0.00025366529,-0.00034267319,0.00011118315,-5.497778e-05,-0.0010954144
"13",0.00020061551,6.9684333e-07,-0.00019509271,0.00047091576,-1.0235818e-05,0.00011422515,0.00028195748,0.00017872983,0.0005303944,4.414136e-05,0.00017093062,0.00047824157,0.0033646411,-0.00026286061,6.5013384e-05,-0.00026362337,0.00070526077,3.527714e-05,-1.1446097e-05,5.8463916e-05,7.9331273e-05,-8.4901917e-06,1.0784829e-05,2.0643991e-06,-7.9366982e-05,3.7153953e-05,-4.4276169e-06,3.7612455e-05,1.1697062e-05,1.4935049e-05,-5.3987935e-05,1.0941102e-06,-3.093541e-05,5.0737221e-05,-7.8895207e-06,-8.1378926e-05,5.6441282e-06,0.00011162222,8.40745e-05,1.2139681e-05,3.3034407e-06,4.0718211e-05,7.4961281e-05,0.00015336683,-0.00010743834,2.4405169e-06,3.28843e-06,1.1948123e-05,-6.5930912e-05,-0.00012162366,-0.00017017099,-0.00020971986,1.1040159e-05,-2.9272754e-05,-1.6889325e-05,2.3134823e-05,-2.8228069e-05,-0.00011684448,1.8234219e-05,-4.659247e-05,7.9249001e-05,-8.3132197e-05,-8.8271485e-05,6.7928993e-06,-5.0148631e-07,-0.00074969258,-6.8653285e-05,8.7792948e-05,-8.3577423e-05,7.1946389e-06,-7.1198513e-05,5.887352e-05,-1.1888927e-06,-0.00023385307,0.00021730397,9.8054947e-06,-3.5511545e-05,4.7723144e-05,1.8474982e-05,-9.5703236e-05,1.6546327e-05,9.6537998e-05,0.00011716132,0.00018493395,-0.00019241659,0.00023709681,0.00013136776,-0.00016316241,1.6934879e-05,4.7455891e-06,0.0052296056,-0.0074730873,0.006808754,0.0021108587,9.6105042e-06,0.0015424365,0.0011868797,-0.0016029589,-0.00027880707,-4.5784013e-05,0.0014839463,-0.0013258701,-0.00099605095,0.00064661094,0.00045739592,-0.00026303366,-0.00066777955,-0.0028973617,-0.00019280481,0.0013224759,-0.0017662463,5.8076764e-05,-0.0024161369,-0.0011459427,0.0011987168,-0.0013367632,0.000107864,-0.0004088893,0.00054450285,-0.00070735921,0.00026767563,-0.00043137435,-0.0043980456
"14",0.00088385897,-0.0019638333,0.00089980162,0.0010379286,-0.00030297425,0.00011968394,-0.00019669299,-1.1005947e-05,-4.1396673e-05,2.6516167e-05,6.1123975e-05,-9.9558755e-05,-0.00026286061,0.013076681,-0.010787707,0.0037471746,-0.0090043179,-6.6899127e-05,-0.00081752551,-0.0020355779,-0.00056768906,-0.00016409329,-0.0012907881,7.5853334e-05,-0.0016442512,-0.0011331165,-0.0011383055,-3.0890636e-05,-0.00062998812,-0.00050918221,-0.00085914607,-0.0013217583,-0.0012307825,-0.002156635,-0.00094402386,-0.00047190392,-0.00043854155,-0.00069694343,-0.0025757278,-8.4222276e-05,-2.790421e-05,0.00014028211,0.0010789657,0.00192847,0.00044353797,0.00029505147,0.001105357,-8.3814564e-05,0.0014759967,0.00050692144,0.0030617952,0.00042463117,0.00058059234,0.00022180427,0.00057826549,0.0010638136,0.0008846768,0.0019483977,0.00091183414,0.00020626984,0.00011374182,0.00060801757,0.0017844369,-3.8055433e-05,5.2476658e-05,-0.0016310133,-0.00027424564,-0.00012796527,-0.00078560955,-0.00012489351,-0.00014777685,-0.00042013325,2.3567747e-05,-0.00097732556,-0.00011491238,-6.9991484e-05,-2.8330086e-05,-0.00015506636,3.6981804e-05,-0.00017097563,-0.0004776958,-0.00011341964,-0.00063245161,4.061847e-05,-0.00014457195,0.00035270617,-0.00010343569,-0.00076606271,5.4321355e-05,-9.5603686e-06,0.0050773493,-0.011661637,0.001469065,0.0015210486,0.00063146886,0.0029014168,0.0018557801,7.4342525e-05,0.00082032083,-8.9053577e-05,0.0034845141,3.7311011e-05,0.00066527692,0.00038726567,0.00083578945,-0.00035383374,0.00011048479,0.00077319103,-0.00053295333,0.0025955963,-0.0014955446,0.00013686938,-0.0023223222,-0.00042413485,0.0038015202,-0.0010292818,0.00013626249,-0.0011806554,0.0012483013,-0.0013892485,0.00048929371,-0.00014172685,-0.00079005837
"15",-0.0028735426,0.0016372165,-0.003394616,-0.001316151,0.0003335355,-0.00021302458,0.00057370803,-0.00049485162,-1.0966461e-05,-6.0598911e-05,-9.3760897e-06,-9.7001606e-05,6.5013384e-05,-0.010787707,0.020142935,-0.0047534314,0.01553773,8.1573207e-05,0.00087894095,0.0018951989,0.00059067149,0.00025865999,0.0011125525,-7.8921914e-05,0.0014657554,0.00060759356,0.0018320218,0.00015440119,0.00055538334,0.00028941222,0.00062591565,0.0010455502,0.00097241558,0.0020116808,0.00086456026,0.00031024791,5.0845139e-05,0.00053228349,0.0017958479,1.3216529e-05,3.4533811e-05,7.8438983e-06,-0.0017724672,-0.0031364701,-0.00092174384,-0.00082945293,-0.0021406825,0.00014375799,-0.0027161247,-0.0012034566,-0.0026559723,9.9334264e-06,-0.00098084722,-0.00058299891,-0.0013521317,-0.0017943841,-0.0016959365,-0.0037348843,-0.0015582576,-0.00039463137,-0.00026401653,-0.0011950582,-0.0030799988,-0.00014117198,-5.5526981e-05,0.002380229,0.00036038857,0.00013219722,0.0010590915,0.000279709,0.00020564033,0.00056453025,-4.352301e-05,0.0014561126,-8.1962652e-05,0.00013311804,-0.00027433273,0.00023485065,4.0255003e-05,0.00018545497,0.00052639473,-5.3942886e-05,0.0006482071,-9.6097845e-05,0.00034330812,-0.00066542579,-6.3485038e-06,0.0011825618,4.8193549e-05,7.1794393e-06,-0.0070776689,0.017016057,-0.0020798596,-0.0018026864,-0.00089723939,-0.0043924259,-0.0031394402,-0.00040357879,-0.0016077419,0.00014644559,-0.0055493903,-1.6833267e-05,0.00053950159,0.00024093335,-0.0012395984,8.8758926e-05,-0.00018004136,-0.0010607776,0.00081611842,-0.0039728548,0.0020269132,-0.00045511966,0.0033524872,0.00046094509,-0.0062177089,0.0010465807,-0.00019456936,0.0013903963,-0.0017816617,0.002260661,-0.00063400512,0.00017988377,0.0011950898
"16",0.00013549288,0.0005142173,0.00079463224,-0.00091614929,0.00013476599,-7.3120019e-05,-0.00033724823,-5.1872863e-05,0.00015197954,6.7301474e-05,1.1045199e-05,1.6143248e-05,-0.00026362337,0.0037471746,-0.0047534314,0.010773471,-0.021500351,-6.3435755e-05,-0.00012515832,-0.00066946064,-9.657442e-05,-1.9134955e-05,-0.00040932899,2.2795558e-05,-0.00048670042,-0.00054009155,0.00040700777,-5.7364131e-05,-0.00013471517,8.493893e-06,-0.00013423841,-0.00039975717,-0.00035325384,-0.00095807954,-0.00026188344,-0.00011123234,-3.679497e-05,-0.00021410957,-0.00064887364,1.2063332e-05,1.7854996e-07,4.4800258e-05,0.00013820645,0.0008042039,0.00013796692,0.00010976764,0.00054551097,-4.1618453e-05,0.00075749087,0.00051095181,-0.00040589716,-0.00040942464,0.00020081131,5.5676259e-05,0.00011709332,0.00045218345,0.00034728613,0.0011255107,0.00044000323,0.00024450486,-1.9725908e-05,0.0002826904,0.00087781133,5.85865e-05,-1.1283165e-05,0.0021438117,0.00010677323,-0.00067302137,-0.0015057136,-0.00014259464,6.3395583e-05,-0.0010636526,4.4838306e-05,-0.00084585091,-0.0015383434,0.0010904824,0.00040163422,-0.00056435067,-0.00029457543,-0.00061015542,-0.0010363166,-0.0011364977,-0.0026141941,-0.00078442321,-0.00024173115,-0.0011852313,-0.00086903534,-0.0016442326,-9.6325455e-05,-5.1847028e-06,-0.007118577,0.014533391,-0.0036328843,-0.001518479,0.0012170825,0.0017206244,-0.0018271019,0.001047604,0.0023466527,-6.9747487e-05,0.00023159694,0.0028053739,-0.00060443615,-0.0016704359,0.00065763323,0.00082108699,0.001387764,0.0027900427,0.0028582485,0.003649553,0.0041263215,0.00087136254,0.0042929966,0.0028713131,0.00059118472,0.0015783569,-0.00012565364,0.00095245949,-0.0010595979,0.0011078909,-0.00057508788,0.00023104524,0.002401009
"17",0.0051756131,-0.0095210252,-0.010060661,0.012923266,-0.0013421395,0.00093307589,0.0055817951,0.00073432221,-0.0027681589,0.00011473496,0.00082565496,0.00052555759,0.00070526077,-0.0090043179,0.01553773,-0.021500351,0.10077577,0.00022805449,0.00013108119,0.0012253261,0.0003889718,0.0010373724,0.00092478926,-5.2400305e-06,0.00083189008,0.0025504958,-0.0019434903,8.2862686e-05,0.00014510064,-0.00027347692,-0.00023435853,0.0013228607,0.00059394298,0.0036025303,-5.6685274e-05,-0.00014061971,0.00019982151,-4.9899714e-05,0.0015369627,-3.3507637e-05,-0.0001156215,0.00019268466,-4.9585339e-05,-0.0013575667,-0.00051851243,-0.0021766926,-0.0016104052,5.4388552e-05,-0.0022167063,-0.0032808723,0.0028604675,0.00061557226,-1.422224e-05,-8.5506052e-05,1.7404706e-05,-0.0018808039,-0.0015062956,-0.0063226803,-0.0003166532,-0.00022306975,-0.00037083742,-0.00075672622,-0.0027574887,-4.3003324e-05,0.00023914858,-0.023601562,-0.0027737996,0.0027561809,0.0026826259,-0.00031480321,-0.0010589498,0.0019681537,-3.7279773e-05,-0.0040334832,0.0053719267,-0.0046076242,-0.0026933685,0.001092668,0.0011716677,0.00068504953,0.00089762233,0.0050317981,0.0074749475,0.0059321207,-0.00054509989,0.0074575058,0.0044867674,0.0005843809,0.00078871414,-5.5836817e-05,0.07183711,-0.20384174,0.010847514,0.015487292,-0.011676876,0.0015901689,0.02549885,-0.0044744876,-0.012145407,0.00019568177,0.022821574,-0.01349767,-0.012313328,0.0089441707,0.0011673009,-0.0079214151,-0.0073973741,-0.00078363874,-0.026450541,-0.011297758,-0.042867731,-0.0017594571,-0.043214768,-0.024880316,0.024646316,-0.015173307,0.0016113819,-0.012571941,0.015464242,-0.018382788,0.0070253727,-0.00011879127,-0.017261805
"18",9.6704448e-05,0.0001348089,0.00037469151,5.7049877e-05,-6.2291305e-06,-9.1344026e-07,-7.2330552e-05,3.640536e-05,-8.3280184e-07,1.0063898e-05,3.0268755e-05,2.7208814e-05,3.527714e-05,-6.6899127e-05,8.1573207e-05,-6.3435755e-05,0.00022805449,0.00096098299,-0.0002309678,0.000152854,-4.0118787e-05,-0.00017275514,-5.2866893e-06,6.7324357e-06,6.9314022e-05,2.7779328e-05,0.00032577499,-0.00011765517,-1.7431338e-05,-0.00018637761,-0.00012685285,0.00012026036,-6.9965686e-05,-0.0001891252,8.8594479e-05,2.6656067e-05,-1.8314893e-05,2.4905428e-05,-0.00018684824,2.868129e-05,1.5810889e-05,-0.00088596188,0.00025644117,-0.00019443592,1.8125539e-05,0.00018750795,1.402515e-05,-4.9864882e-06,-2.8938482e-05,-0.00010237476,-0.00032195963,0.00011639831,2.1631981e-06,0.00015643538,0.00012355692,-6.4577521e-05,9.1603624e-05,0.00014988509,-9.4580328e-05,-5.0637646e-05,8.8757371e-05,1.1921146e-06,0.00010211783,-3.5976568e-05,-1.4836409e-05,-0.00012468053,0.00031019931,-7.4503659e-05,8.8079979e-05,1.2176283e-05,-4.4906284e-05,8.0076817e-06,2.4652805e-06,-1.7169785e-05,3.8818196e-06,3.9164274e-05,-2.7641521e-05,-2.2727013e-05,-5.0539148e-05,-7.1402161e-05,1.1378665e-05,2.162911e-05,-7.490851e-05,6.0787165e-05,-2.221615e-05,2.7242298e-05,5.7400899e-05,-2.6538814e-05,1.688249e-05,7.070151e-06,0.00038086167,-0.00053320332,0.0002313069,-0.00089590733,0.00027616754,-0.00016049904,7.7223256e-05,9.3293941e-05,-1.4326622e-05,-7.0408688e-06,6.861159e-05,-6.873327e-05,-0.0002576656,0.00013452563,6.5620656e-05,0.00014417715,0.00016621613,-0.00018659251,-3.217586e-05,0.00018349193,-0.00025717114,9.0974366e-06,-0.00010505015,-0.00017687338,0.0002293755,-0.00012296532,-1.4167686e-05,-4.19606e-05,1.9262304e-05,-1.5056149e-05,3.5531326e-05,-1.8778363e-05,-9.3411038e-05
"19",0.00025441958,0.0014143811,-0.00069429209,-0.00055035226,5.4764375e-05,-4.1847105e-05,0.00031399392,7.8640766e-05,1.4509586e-05,-2.8245885e-05,-4.0786288e-05,4.5802491e-05,-1.1446097e-05,-0.00081752551,0.00087894095,-0.00012515832,0.00013108119,-0.0002309678,0.0022923245,-0.00012853338,-0.00014426277,9.4320198e-05,9.8013503e-05,-1.2574387e-05,8.3541994e-05,-0.00011422381,0.00080988264,0.00013948788,1.841722e-05,-0.00010331079,0.00019862243,4.5538069e-05,-2.0248015e-05,-4.5786306e-05,-3.4153755e-05,-0.00010040332,0.00019358844,0.00016925307,0.00014426827,-1.2757387e-06,1.1174158e-05,0.00023656382,-0.0020742963,0.00014236508,0.000122544,-0.00015502911,-0.00012922152,1.8362431e-05,-0.00018443591,0.0003162145,-0.0013079936,-0.00015099725,-3.401865e-05,6.9051683e-05,-0.00029314074,-0.00010758355,-1.9630739e-05,5.9434141e-05,5.7396945e-05,0.00020270358,-5.8396853e-05,-0.00026043236,-4.3887717e-05,5.9888064e-05,-2.8343487e-05,0.0010822955,8.2947481e-05,0.00061106087,9.1274565e-07,5.7896825e-08,0.00015458606,3.7443397e-05,-4.7412431e-06,0.00026643948,-0.00014619872,0.00038792675,0.00011703867,-3.2746558e-06,-5.4262319e-05,6.0508945e-05,2.9616188e-05,-0.00024328664,-0.00015887484,-0.00029537463,-4.7477979e-05,-0.0002449739,-7.3982521e-05,0.00010848883,-4.4041643e-05,6.4982531e-06,-0.0031022271,0.0050609305,-0.0013115007,-0.00058617086,-0.0019887576,-0.00036566545,-0.00067946893,-6.0058014e-05,-1.3301736e-05,3.4824341e-05,-0.0011544578,0.00057221572,-0.00081296103,-0.00058917284,-0.00015368456,0.00023087152,3.3050417e-05,0.00025520412,0.00068701752,-9.7006858e-05,0.0013689807,0.00028501495,0.0012905796,0.00032146067,-0.0010629736,0.00056805233,-8.6910004e-05,0.00058801572,-0.00064981517,0.00052839903,-0.0002657138,0.00011910288,0.00054173275
"20",-0.00073042283,0.00011902848,0.00014353584,-0.00053337007,2.5636083e-05,3.3253811e-05,-0.00016070802,-3.9600722e-05,-2.2026439e-05,-2.2602039e-05,-6.6458304e-06,1.1530233e-05,5.8463916e-05,-0.0020355779,0.0018951989,-0.00066946064,0.0012253261,0.000152854,-0.00012853338,0.0021733875,0.00020450749,6.6540634e-05,5.2844294e-05,2.6436901e-06,0.0003913937,-0.00016058488,0.00028147309,-0.00021911764,0.00011832924,-0.00010458404,-8.0360573e-05,8.3734379e-05,0.00016040596,1.5078657e-05,0.000139969,5.3641294e-05,-0.00045420987,-7.255749e-05,0.00089373952,3.0437611e-05,-6.0910074e-06,-0.00017269425,0.00011642234,-0.0020528708,-9.7543616e-05,-1.4023733e-06,-4.822592e-05,-1.6804434e-06,-0.00050756505,0.00023177326,-0.00073252136,0.00017126599,-0.00013106949,0.00010013398,0.00016082829,-2.7863596e-05,-0.00016569959,7.4422509e-05,-0.00028978816,1.1038096e-05,0.00051196956,0.00015763138,-0.00091690751,-5.6705285e-05,3.4509516e-06,0.0003834174,0.0001241874,-7.2509209e-05,0.00079868095,7.1431267e-06,-1.7729428e-05,1.4285381e-05,4.537955e-06,0.00030252319,-0.00012303303,-2.0143747e-05,-7.6033176e-05,2.8853952e-05,-3.5843615e-05,-0.00011398312,7.0072025e-05,9.369378e-06,-5.1046985e-05,-1.4106705e-05,4.7762626e-05,-0.00028287739,-7.7785262e-05,0.00045064304,-4.7368528e-06,-7.6700373e-07,-0.0013024333,0.003475913,-0.00020762967,-0.00050001903,0.00030865487,-0.0024846718,-0.00057533368,-9.2196193e-05,0.00011583199,-1.4839115e-05,-0.0011150709,0.00048918015,0.00012513648,8.9681611e-05,-0.00021268018,0.00020229041,0.00032916221,-2.5345355e-05,0.00028402072,6.3248319e-05,0.00040770055,3.9605723e-05,0.0012769439,0.00051552601,-0.0016508102,0.00022094707,-1.9198008e-05,0.00026538152,-0.00035518969,0.0004904395,-9.8412946e-05,2.2345428e-05,0.00023384315
"21",-0.0010121567,-0.0013559031,-0.00047311654,0.00025427568,-6.3947284e-06,7.2508157e-05,-0.00010864685,-0.00021314778,3.4948493e-05,2.7540611e-05,4.6421931e-05,2.1026965e-05,7.9331273e-05,-0.00056768906,0.00059067149,-9.657442e-05,0.0003889718,-4.0118787e-05,-0.00014426277,0.00020450749,0.0020090832,0.00089772009,-6.8338851e-05,6.9570908e-07,-0.00011213437,0.00034550968,-0.00052897572,0.00012703625,-2.2525343e-05,2.3692089e-05,-0.0002706886,7.4287011e-05,4.407854e-05,-6.1811372e-06,-0.00013662341,-4.6420175e-06,0.00014011037,-1.5100736e-05,0.00013009731,3.9328902e-05,-3.3245748e-06,5.5546078e-05,0.00015552408,-9.0038433e-05,-0.0017326118,-0.00069796598,4.6595901e-05,-2.3414558e-06,0.00018527045,-0.00031929921,0.00087722729,-8.0496577e-05,7.081875e-05,-6.6621979e-05,0.00026326152,-2.604606e-05,-0.00014628789,-4.0903686e-05,-4.7375371e-05,-9.3778416e-05,-0.00023063528,6.2409917e-05,-6.3176399e-05,-0.00013907432,1.8348852e-05,-0.00024273198,-4.0140765e-05,-4.1884383e-05,1.0050041e-06,0.00071246096,0.00029181932,-1.63139e-05,-9.0834144e-06,-0.00022086857,0.00015450293,-0.00027755858,0.00010619947,-3.2189722e-05,3.7557542e-05,-0.00011884002,5.591813e-05,0.00010174962,3.2105275e-06,0.00011539207,1.868578e-05,0.00012748181,2.3733571e-07,1.9008311e-05,6.3713951e-05,-6.8619034e-06,0.00098196114,-0.00052642446,0.00063788441,0.00038582824,7.2777224e-05,4.0236216e-05,-0.0019421651,-0.00098343169,8.2096692e-05,3.1955587e-06,0.00070957853,-0.00043812743,0.00097803537,-4.5591022e-05,0.0001282471,-0.00013054361,0.00029639663,-0.00035615804,-0.00032229497,0.0001709051,-0.00039102662,-0.00016712035,-0.00062853401,-8.5374436e-05,-7.8147701e-06,-0.00030848874,3.4650236e-05,-0.00022076436,0.00021372276,8.0564282e-05,5.6149336e-05,-5.1025006e-05,-0.00030537686
"22",0.00054521918,-8.4031038e-05,-0.00083223023,0.00011911524,-0.00017719247,-5.8543796e-06,0.00035291914,1.3128143e-05,-2.0034451e-05,-1.0626244e-05,-3.1438871e-05,7.8599072e-05,-8.4901917e-06,-0.00016409329,0.00025865999,-1.9134955e-05,0.0010373724,-0.00017275514,9.4320198e-05,6.6540634e-05,0.00089772009,0.0027431816,-6.119486e-05,-2.7337591e-06,-8.1155695e-05,1.5236722e-05,-0.00073266907,0.00019328891,-8.5126506e-05,6.6348821e-05,-0.00044669084,8.2289763e-05,0.00016827948,-6.0282336e-05,0.00015900496,-0.00015120316,-6.6588705e-05,-3.000279e-05,-0.00029620504,-4.3592953e-05,4.5362447e-07,0.00013784708,-0.00013558223,9.3433748e-06,-0.00071845826,-0.0024088775,6.6600907e-05,-6.8019536e-06,5.4525652e-05,2.8082468e-06,0.00019363142,-4.9810645e-05,0.00014345311,-0.00012882638,0.00027720085,-0.00015711324,-0.00023244516,-3.6047474e-05,-0.00022455575,0.00010886486,6.8547431e-05,-4.312228e-05,0.00023714321,5.4356842e-05,6.4411721e-06,-5.0035377e-05,-2.3779919e-05,4.2079473e-05,-4.0911238e-05,0.00031664831,0.00088179264,-4.8563229e-05,-6.8562785e-08,-5.2436107e-05,5.7087234e-05,-0.00043375854,0.00010727177,-2.4620101e-05,3.1716968e-05,-0.00014253564,7.1777462e-05,0.00014461612,-6.2391063e-05,0.00022860337,-6.5761447e-05,-6.1129477e-06,5.0368367e-05,-0.00016381409,2.9408496e-06,-6.4018138e-06,0.0010612304,-0.0040581518,0.00012001909,0.00042214327,-0.00038564534,8.0081978e-05,-0.00034443487,-0.0028526879,1.1909396e-05,-9.4516665e-06,0.00059296939,-5.4301615e-05,0.00019969518,5.0691734e-05,0.00018970425,-0.00023756107,0.00036456348,-0.00016409157,-0.00081715626,0.00026600773,-0.0012300821,0.00010724776,-0.00065915486,-0.00047541137,0.00090302283,-0.00019349975,4.2023666e-05,-0.00025063823,0.00028161549,-0.00036759134,7.9005631e-05,2.6593407e-05,-0.00050183215
"23",-0.00014689225,0.00018034571,-0.00034630492,-7.5981878e-05,2.6135834e-05,-1.3893395e-05,6.31198e-05,-4.2703838e-05,-3.208112e-06,4.741969e-06,-1.4149769e-05,7.8133125e-06,1.0784829e-05,-0.0012907881,0.0011125525,-0.00040932899,0.00092478926,-5.2866893e-06,9.8013503e-05,5.2844294e-05,-6.8338851e-05,-6.119486e-05,0.00047789542,-6.9964798e-05,0.00024946701,0.00017716721,8.9199028e-05,-0.0001273339,7.3164218e-06,4.050642e-05,8.7535013e-05,1.7451437e-05,1.4415003e-05,8.8466445e-05,-6.926145e-06,-3.4706508e-05,0.00011771491,5.4830161e-05,-1.9466509e-05,3.2186773e-06,2.0662349e-07,-4.8163375e-06,-0.00013508227,-4.2705144e-05,7.450211e-05,6.1319557e-05,-0.00043335295,6.1814834e-05,-0.00023366308,-0.00013088824,-0.00022159991,0.00012566137,-6.5322045e-06,-2.489171e-05,-6.840902e-05,-1.7494206e-05,-1.4024903e-05,-5.0405424e-05,1.8451343e-05,4.4273278e-05,-9.4356653e-05,-7.9818847e-05,0.00010643768,1.2152536e-05,-5.0861198e-06,0.00018253298,1.5508655e-05,3.7138799e-05,1.9063252e-05,-1.0534164e-05,-2.989359e-05,0.0001585466,-2.2494461e-05,0.00012032528,6.9830402e-05,-1.0844283e-05,-5.7908725e-05,5.6487354e-06,2.8871199e-06,2.7577264e-05,2.6333754e-05,-4.2368009e-05,-4.8901168e-07,-7.9523119e-05,-3.8194453e-05,-3.5211935e-06,1.0969874e-05,3.0994305e-05,-8.003035e-06,5.9606472e-07,-0.00062336413,0.0014552908,-0.00023874437,-0.00016974305,-0.00012908266,-0.0001039014,-8.6247583e-05,0.00016712202,-0.00044279434,6.4808493e-05,-0.00050039377,-0.00014127957,6.3750524e-05,0.00017790078,-3.7633357e-05,2.7570405e-05,-5.1273802e-05,7.781427e-05,0.00022160763,-0.00011281968,0.00041339917,9.132354e-05,0.00017590374,1.9664744e-05,-0.00017679925,0.00014920543,-1.4460994e-05,0.00013226162,-0.00014791658,0.00018663973,-5.4309461e-05,1.4611111e-05,0.00013388285
"24",3.5947195e-05,-2.8138992e-05,-9.7623467e-06,3.0370908e-05,-8.1532237e-06,3.5175642e-06,7.7146237e-06,1.066361e-05,2.5785303e-06,-3.2487682e-07,2.5962164e-07,5.8785271e-06,2.0643991e-06,7.5853334e-05,-7.8921914e-05,2.2795558e-05,-5.2400305e-06,6.7324357e-06,-1.2574387e-05,2.6436901e-06,6.9570908e-07,-2.7337591e-06,-6.9964798e-05,2.7329146e-05,4.4837303e-06,7.8961187e-06,8.3787508e-06,-5.0290492e-05,-5.5141959e-06,-2.2766339e-06,-2.1564065e-05,-2.5702817e-06,-7.4654814e-06,-8.8848535e-06,-4.665043e-06,-1.4705872e-05,6.0499194e-06,2.0842479e-08,-7.7534032e-06,-5.7225794e-06,9.1666267e-07,-5.9622568e-06,1.3625519e-05,-1.3115937e-06,-1.2326142e-06,-7.8999871e-06,6.1613798e-05,-2.3539882e-05,6.9178891e-06,3.0059689e-06,-4.9395581e-05,3.7615755e-05,8.9702969e-06,2.5011199e-06,1.1820788e-05,1.800008e-06,1.149307e-05,3.4818108e-06,2.9495362e-07,1.3517596e-05,8.7756082e-06,2.0819138e-06,5.4699071e-06,3.0462703e-06,3.3549813e-08,-5.4922166e-05,-2.1378665e-06,-6.9046893e-07,2.9113531e-06,-1.2512721e-05,-4.7372795e-06,-2.2856699e-05,9.0214327e-06,-1.6955492e-05,2.5448712e-06,-1.4621726e-05,-2.7431593e-05,-2.9770773e-06,-4.2500419e-07,-4.2988413e-06,-4.3566797e-06,1.2535835e-05,7.0437003e-06,1.5024363e-05,-4.0610358e-06,1.5303264e-05,1.1686803e-05,-1.6818466e-05,3.6206981e-07,3.2877774e-07,0.00021351343,-0.00047810129,0.00010950948,5.4745061e-05,7.374436e-06,2.8721795e-05,8.3421048e-05,-3.228011e-05,4.9218351e-05,-2.5525763e-05,9.077316e-05,-2.0487467e-05,-6.6671372e-05,6.8405059e-05,2.3031942e-05,-1.0911704e-05,-2.4457763e-06,-2.6776248e-05,-4.7306824e-05,2.3795912e-05,-0.00010617899,6.7173589e-06,-0.00010075246,-5.405576e-05,0.00010748008,-4.1288901e-05,3.75231e-06,-3.8593136e-05,4.2919507e-05,-5.0728811e-05,1.6387615e-05,-7.7318979e-06,-6.8986757e-05
"25",-0.00029939511,0.00080624096,-4.5279454e-06,-0.00058016685,0.0001128903,-9.806069e-05,-1.7761513e-05,1.9714244e-05,3.1986256e-05,-1.0268897e-05,-7.4308577e-05,-3.1992536e-05,-7.9366982e-05,-0.0016442512,0.0014657554,-0.00048670042,0.00083189008,6.9314022e-05,8.3541994e-05,0.0003913937,-0.00011213437,-8.1155695e-05,0.00024946701,4.4837303e-06,0.0029981109,0.00052034628,0.00059845992,-0.00035073533,7.5579922e-05,-5.8574298e-05,-0.00016520837,-1.4925829e-05,0.00013334088,-0.00010701677,0.00014869869,-2.8607929e-05,-4.1140143e-05,-2.6817942e-05,0.00017760962,-2.944523e-05,3.5124133e-06,-4.1356592e-05,-0.00018674422,-0.00054407955,0.00011118662,5.5622279e-05,-0.00024463963,9.4269766e-06,-0.0027330189,-0.00032789054,-0.00075475736,0.00018658765,-7.401409e-05,9.4943252e-05,0.00014828964,3.0793344e-05,-8.767579e-05,0.00012057306,-0.00026041213,7.4474297e-05,0.00019084318,7.5473384e-05,-0.00018950264,5.9040744e-05,-1.0043773e-05,0.00051248792,8.6756499e-05,-4.9432591e-05,0.00019769021,-0.00013094795,8.1169697e-06,7.3073422e-05,-3.4777789e-06,0.0011143034,0.00010018515,0.00020810285,-0.00010759695,1.8941647e-05,-5.4262928e-05,-2.0133585e-05,-6.2542423e-06,1.3637244e-05,1.3723345e-05,2.0282912e-05,6.7645545e-05,-0.00016501285,-4.6755643e-05,5.8515236e-05,-2.4580427e-05,-3.1490637e-06,-0.0013833563,0.0033238781,-0.00027789003,-0.00037620976,4.5344704e-05,-0.00079743414,-9.4165726e-05,0.00013740177,-0.00017866753,1.950945e-05,-0.0034929787,-0.00020847911,-0.00038969207,0.00030480242,-0.00013066738,0.00024498175,0.00020924994,5.7603305e-05,0.00017803982,-0.00011051453,0.00031692173,-5.8058391e-05,0.00096204831,0.00037415428,-0.0005603164,0.00027842959,-2.1211208e-05,0.00031822245,-0.00038599282,0.00040832661,-0.00014555701,2.2573555e-05,0.00025023091
"26",0.00028830422,-0.0019189206,-0.00021601339,0.0009852624,-0.00018188225,0.0001278216,-2.5071208e-05,-3.6069419e-05,-4.8992558e-06,1.5524143e-05,-3.8502705e-05,5.9068652e-06,3.7153953e-05,-0.0011331165,0.00060759356,-0.00054009155,0.0025504958,2.7779328e-05,-0.00011422381,-0.00016058488,0.00034550968,1.5236722e-05,0.00017716721,7.8961187e-06,0.00052034628,0.0047573826,-0.00017849669,0.00015256147,-2.3089705e-05,-0.00012674743,0.00012860807,5.488013e-05,-7.113705e-05,0.00010252897,4.5743535e-05,0.00010368528,0.00012922944,-0.00026835217,0.00012714901,5.0361463e-05,-2.8722892e-05,-9.8841227e-05,0.00035211547,0.00032790837,-0.00023923615,-2.8204494e-05,-0.000144485,2.9116996e-06,-0.00026320474,-0.0040579569,0.00057758762,-0.00025355511,0.00011313953,8.1970216e-05,-0.00011356798,-9.3250232e-05,7.2445226e-06,-0.00023542444,5.8289016e-05,-0.00017348122,-0.00013690233,0.00031531743,-4.5858706e-06,-3.284739e-05,5.4256316e-05,-0.0016545249,-0.00025497154,0.00011099372,-8.4108005e-05,5.2257914e-05,-9.9403394e-05,0.00010820919,-2.9591735e-06,-0.000259506,0.0018727744,-0.0003707648,-8.2650825e-05,-3.9245072e-05,-5.5585793e-07,7.3873033e-05,-0.00019459986,0.00017905522,0.00029428634,0.00035231378,2.2010378e-07,0.00042846672,0.0001414496,-3.2018885e-05,6.1036637e-06,-1.5779668e-05,0.0055101229,-0.0095144128,0.0026207644,0.0014475264,-0.00015225176,0.0012357037,0.0012578684,-0.00036032299,-0.00054158629,-1.2211006e-05,0.0014748679,-0.0059219011,-4.3917821e-05,0.00053240898,0.00040543813,-0.00026629292,-0.00083682224,-0.00047263278,-0.0007562502,0.00010726177,-0.0022103373,-0.00046049699,-0.0026619164,-0.00089580006,0.0015690977,-0.00094290505,0.00016290235,-0.00088666219,0.00099008608,-0.00087901531,0.00039614821,-0.00019332379,-0.0015076592
"27",0.001296947,0.0052787834,0.00031988232,-0.0015814244,0.00027577584,-0.00015672008,0.0006132338,0.00047882386,-2.8711785e-05,2.2239069e-05,-4.2586476e-06,6.4119392e-05,-4.4276169e-06,-0.0011383055,0.0018320218,0.00040700777,-0.0019434903,0.00032577499,0.00080988264,0.00028147309,-0.00052897572,-0.00073266907,8.9199028e-05,8.3787508e-06,0.00059845992,-0.00017849669,0.029967038,0.00026533356,0.00024796387,-0.00022473454,0.00033228501,0.00039721016,0.00012111198,-0.00047179081,0.00076054921,0.000131592,-0.00022543259,-0.00011918604,-0.00081454167,-0.00019643795,3.4146685e-05,-0.00035996293,-0.0011657503,-0.0006353233,0.00054083889,0.00042051432,-0.00018341461,-5.3699925e-06,-0.0007593438,0.00060880454,-0.025110145,-0.00070413688,-0.00046471955,0.00030850819,-0.00046669865,-0.00040141757,0.00012539426,0.00039398181,-0.00077096324,0.00019243246,0.00062652534,2.6420435e-05,0.00065096719,0.00040580007,-9.0361664e-05,0.0027045133,0.00040494667,5.6605549e-05,-0.00011210317,-0.0002470744,-0.00019632869,-2.8185197e-05,-1.1908761e-05,0.00083400632,-0.00048633919,0.021622675,0.00024166178,0.00011008554,-0.00019002751,0.00017295375,0.00031706102,-0.00032719788,-0.00048237044,-0.00060230933,-7.4136683e-05,-0.00087693519,-0.00036584282,-5.1413759e-05,-0.00017521733,1.5353641e-05,-0.009284805,0.015393906,-0.0037800855,-0.0025634207,-0.0003469506,-0.0014931973,-0.0014423566,0.0014058894,0.00046218353,2.4776617e-05,-0.0037860708,0.0018016794,-0.048610944,-0.0019109091,-0.0009667738,0.00099699486,0.00018541415,0.00023246361,0.001664943,-0.00017516257,0.0033657533,0.00065293059,0.0049075121,0.0020206628,-0.002033138,0.0020526798,-0.00023000923,0.001703304,-0.0019489963,0.0014243985,-0.00070731293,0.00029133474,0.0020709647
"28",0.00035883376,0.00012403927,0.001132747,0.00020218095,-1.9099379e-05,4.6348951e-05,-0.00021658261,9.2153473e-05,-1.2598544e-05,-2.3688701e-06,-8.1624394e-06,-1.8252086e-05,3.7612455e-05,-3.0890636e-05,0.00015440119,-5.7364131e-05,8.2862686e-05,-0.00011765517,0.00013948788,-0.00021911764,0.00012703625,0.00019328891,-0.0001273339,-5.0290492e-05,-0.00035073533,0.00015256147,0.00026533356,0.0034971413,3.9512843e-06,-0.00011941079,1.6055283e-05,1.9161251e-05,-5.9212332e-05,0.0006247091,4.0893587e-05,8.5989169e-05,-8.3107229e-05,-8.2391097e-05,0.00011388922,-0.00013885444,6.4957407e-06,9.4567363e-05,-0.00013084744,0.00019893451,-0.00015211707,-7.7486872e-05,0.00014461326,4.1676051e-05,0.00018719765,-0.00021423991,-0.0010020459,-0.003052901,-2.3639053e-05,0.00012494451,-1.0769499e-05,-2.0522683e-05,6.1892984e-05,-0.00068880716,-1.1082603e-05,-0.00011931605,2.9476625e-05,0.00013706213,-0.00029583535,0.0002048165,-7.626639e-06,0.00018201916,2.1037102e-05,-2.0047675e-05,-8.7627389e-05,0.00013531686,0.00012919854,-4.4901762e-05,-2.8190699e-05,-7.7465132e-05,9.0840896e-05,-4.1259955e-05,0.0010764684,1.8550811e-05,-2.7575538e-05,2.7007678e-05,4.875432e-05,-4.025048e-05,0.000157884,5.8934909e-06,0.0001008276,-8.3274429e-05,-0.00015408859,7.6646932e-05,-5.4765057e-05,6.6547713e-06,-0.00025603061,0.00047904789,-0.00027861686,-5.1452697e-05,-8.371404e-05,9.9287774e-05,-0.00034407627,-2.3429404e-05,0.00023496036,5.0815287e-05,0.00027785833,-0.00013100259,-0.00033947691,-0.0035527071,-8.74162e-05,0.00014675482,3.5329846e-05,-7.7131919e-05,3.7917674e-05,-0.00075763321,1.5570572e-05,-0.00011365189,0.00027802103,0.00025350489,-0.00037955661,0.00023167121,-1.2376754e-05,-3.6601474e-05,-1.9765412e-05,5.9599972e-06,-1.6847971e-05,6.4981518e-06,0.00016670937
"29",-0.0001474387,0.0003470287,0.00034866266,-0.00028068377,4.9301573e-05,-3.5054237e-05,-6.4234472e-05,-7.9111614e-06,-1.2323401e-06,-1.1028482e-05,-2.9800398e-06,-1.2518246e-05,1.1697062e-05,-0.00062998812,0.00055538334,-0.00013471517,0.00014510064,-1.7431338e-05,1.841722e-05,0.00011832924,-2.2525343e-05,-8.5126506e-05,7.3164218e-06,-5.5141959e-06,7.5579922e-05,-2.3089705e-05,0.00024796387,3.9512843e-06,0.00030730099,-5.853801e-05,-1.05648e-05,2.0693745e-05,2.5229672e-05,-8.3475272e-05,7.1490619e-05,2.7690743e-05,-8.698127e-05,-1.2680387e-05,4.9945921e-05,-3.9877362e-07,5.891172e-07,2.0829906e-05,-2.1699627e-05,-0.00014754951,2.6551972e-05,0.00013445512,-9.4051151e-06,1.0178278e-05,-7.4917113e-05,6.9286521e-05,-0.00036527696,-2.1808875e-05,-0.0002964685,5.314507e-05,1.3939403e-06,1.0786781e-05,-1.2089902e-05,0.00010356695,-9.9563373e-05,-1.4378601e-05,0.00011420484,2.4664433e-05,-9.7925843e-05,8.1270353e-06,-3.1433385e-06,0.00032380261,2.4748612e-05,-2.2999761e-05,4.4603908e-05,-1.6559322e-05,-4.3361777e-06,4.9777334e-06,-2.9267015e-06,0.0001118243,-8.7371533e-05,0.00010555937,4.194437e-05,9.7626539e-05,-2.9935197e-05,-1.3415183e-05,-3.5292419e-06,-5.6897931e-05,-5.6909619e-05,-2.825364e-05,2.7135627e-05,-0.00014572724,-7.0986782e-05,4.5631346e-05,-1.3010781e-05,-9.2710847e-07,-0.0011546037,0.002386759,-0.00058291795,-0.00026602435,8.8972625e-05,-0.00036056103,-0.00030712154,0.0002124836,6.7589845e-05,1.3821188e-05,-0.00046974055,0.00025336453,-9.7974181e-05,-0.00020120702,-0.00040530025,0.00015006717,0.00014646741,0.00017595419,0.00024233763,-3.8472406e-05,0.00039859465,4.0271032e-05,0.00071093741,0.00036333805,-0.00048076745,0.00024690798,-2.4084948e-05,0.00020293496,-0.00022603285,0.00024203241,-8.6581209e-05,4.3625187e-05,0.00034970625
"30",-0.00017229093,0.00011892144,-0.0002883487,-0.00013558901,4.6535684e-05,-1.1794721e-05,2.7754323e-05,-3.0041322e-05,-3.1642119e-06,6.3375926e-07,-2.961595e-06,1.6234734e-05,1.4935049e-05,-0.00050918221,0.00028941222,8.493893e-06,-0.00027347692,-0.00018637761,-0.00010331079,-0.00010458404,2.3692089e-05,6.6348821e-05,4.050642e-05,-2.2766339e-06,-5.8574298e-05,-0.00012674743,-0.00022473454,-0.00011941079,-5.853801e-05,0.00044855483,0.00012963248,2.6985471e-06,-9.8746383e-06,-2.8172639e-05,6.4409733e-05,6.3833821e-05,3.6267851e-05,6.0811949e-05,0.00049807127,1.2223512e-05,-1.6598319e-05,0.00015959812,2.8198883e-05,8.364266e-05,-4.11257e-05,-0.00014435878,-2.8244847e-05,2.0576475e-06,8.5162757e-05,0.00010658826,0.00025054736,0.0001065825,4.7131299e-05,-0.00032305821,-0.00011852731,1.72375e-05,3.8743311e-05,5.5684264e-05,-3.1448041e-05,-5.4590566e-05,-7.6063824e-05,-4.5669315e-05,-0.00027864596,-1.1975991e-06,1.1695048e-05,0.00025233397,-9.0903982e-06,-2.8835193e-05,-2.2910068e-05,3.8948461e-05,5.7961143e-05,4.9692085e-06,-8.0257426e-07,2.202909e-05,-0.000102759,-2.3479237e-05,-2.3341678e-05,-2.2726155e-05,8.3787151e-05,3.9437863e-05,-6.8663078e-07,-6.0863142e-05,-5.4782695e-05,-6.9753057e-05,6.2506155e-06,-6.2804748e-05,-2.2078249e-05,0.00010190385,-3.8194979e-06,-6.846874e-06,-0.00087342667,0.0018013769,-0.00035862672,-9.2833456e-05,6.4393958e-05,-4.7254728e-05,-0.00031317263,-5.7070697e-05,3.6000504e-05,5.072694e-06,-0.00016376144,0.00024019253,0.00036103568,0.00012125892,2.1422233e-05,-0.0002301886,-4.5106381e-05,0.00015702141,0.00032050806,5.388214e-06,0.00041401929,-2.7990612e-05,0.00036388476,0.00019124262,-0.00057797131,0.00017040431,1.4884561e-06,0.00016541196,-0.00016962926,0.00019735118,-6.9437177e-05,2.9701831e-05,0.0002021476
"31",-1.9836998e-05,0.0010697176,-0.00071004541,-0.00030355023,9.3003308e-05,-4.2368038e-05,0.00021163176,9.6091632e-05,0.00010799525,-1.030758e-05,8.6684216e-06,1.8536084e-05,-5.3987935e-05,-0.00085914607,0.00062591565,-0.00013423841,-0.00023435853,-0.00012685285,0.00019862243,-8.0360573e-05,-0.0002706886,-0.00044669084,8.7535013e-05,-2.1564065e-05,-0.00016520837,0.00012860807,0.00033228501,1.6055283e-05,-1.05648e-05,0.00012963248,0.0020184239,-2.9033707e-05,-6.3292566e-05,0.00030569199,0.00013066274,1.340473e-05,-7.195032e-05,-0.00015856047,-0.00037778813,-2.1422375e-06,-6.3134729e-05,0.00010351388,-0.00031582367,0.00013040074,0.00025602911,0.00025974982,-7.8100583e-05,1.2805578e-05,0.00013313492,-6.3228937e-05,-0.00063708639,1.9574712e-05,-1.1590672e-05,-0.00012588218,-0.0017923227,-1.1386622e-05,0.00011212436,-0.00015933108,-1.9062627e-05,0.00011015935,7.6019529e-05,8.7321959e-05,0.00049781061,3.7668424e-05,4.1318362e-05,0.00059621994,3.3376365e-06,3.9393569e-05,-0.00010168374,-0.00010037622,-8.9809622e-05,2.5413237e-05,-5.7398018e-06,0.00013725611,-1.7697603e-05,0.00022626869,7.7518e-05,-1.0594449e-05,1.1718071e-05,0.00066452252,5.9342887e-05,-0.00013480354,7.172897e-05,-0.00013614508,1.629556e-05,-0.00013694851,-0.00013247976,-0.00012015743,-4.9238747e-05,-2.2087345e-05,-0.0017095875,0.0033372,0.00017846526,-0.00019564077,-6.7769785e-05,7.092576e-05,-5.1756246e-05,0.00034127628,-1.5148618e-05,2.1357443e-05,-0.00056366124,-9.3239026e-05,-0.00037339181,-0.0001209665,-1.961545e-05,3.1468977e-05,-0.0020567471,-0.00028977934,0.00070890714,-0.0002189351,0.00089083842,8.4890577e-05,0.00083293038,0.00060914197,-8.2341628e-05,0.00024484592,4.3528124e-05,0.00043739139,-0.00045380964,0.00036226328,-0.00014637543,-8.625626e-07,4.9503078e-05
"32",0.00019397101,-0.00011975565,-0.0004144897,0.00018077004,3.3228944e-06,1.0624997e-05,0.00012484723,4.1747007e-05,-1.3615797e-05,1.0853095e-05,5.7969717e-05,4.0906006e-05,1.0941102e-06,-0.0013217583,0.0010455502,-0.00039975717,0.0013228607,0.00012026036,4.5538069e-05,8.3734379e-05,7.4287011e-05,8.2289763e-05,1.7451437e-05,-2.5702817e-06,-1.4925829e-05,5.488013e-05,0.00039721016,1.9161251e-05,2.0693745e-05,2.6985471e-06,-2.9033707e-05,0.0021133782,0.0011908917,-7.3793906e-05,0.00010835767,4.1783901e-05,2.7850888e-05,-2.2617845e-05,-0.00012799404,-8.4201071e-05,9.1376383e-06,-6.8050049e-05,-9.6140575e-05,-5.3133641e-05,-7.8835653e-05,-0.00013412092,-3.1972075e-06,-8.72175e-07,7.6132265e-05,-2.2997805e-05,-0.00046192342,-5.283779e-05,7.4981582e-06,9.3631052e-06,5.199975e-05,-0.0018510583,-0.0010307619,1.2216721e-05,-0.00010993783,5.0770381e-05,-3.0454939e-05,3.468447e-05,0.00012744925,0.00010388277,-2.0356173e-06,-0.00027670452,-2.7898691e-05,-2.1290533e-05,6.3785289e-05,4.0635701e-05,3.540892e-05,7.7805637e-06,-1.3478006e-06,-0.00012932643,-9.5310697e-05,0.00015143667,-1.7240754e-05,-1.3121548e-05,5.2362322e-06,4.0328933e-05,0.00062038249,0.00042400855,8.1963116e-05,0.00015383029,3.772284e-05,0.00011130385,5.2602265e-05,-0.00017182657,-2.0728608e-05,-2.6377672e-06,0.0010585655,-0.0019748635,0.00027561581,0.00016130169,-0.00010878361,3.6315161e-05,0.00012138096,-0.00030174373,-8.5990279e-06,5.9476499e-07,0.00048961981,0.0001594467,-0.00073473429,3.0818791e-05,7.8028648e-05,-2.5226022e-05,-5.3822987e-05,-0.002120657,-0.0015256167,6.5411252e-05,-0.00069593998,-3.6299252e-05,-0.00064328746,-0.00031024086,0.0007594285,-0.00011351833,1.5417018e-05,-0.00017255523,0.00023142823,-0.00027855541,5.2028875e-05,-1.9510725e-05,-0.00020576692
"33",-0.0002624201,-0.00010265084,-0.00076483742,-0.00026966061,2.4551417e-05,-6.4382161e-07,0.00013027189,-7.4952337e-05,3.0080605e-06,-3.8931607e-05,-1.2427628e-05,-2.6385271e-05,-3.093541e-05,-0.0012307825,0.00097241558,-0.00035325384,0.00059394298,-6.9965686e-05,-2.0248015e-05,0.00016040596,4.407854e-05,0.00016827948,1.4415003e-05,-7.4654814e-06,0.00013334088,-7.113705e-05,0.00012111198,-5.9212332e-05,2.5229672e-05,-9.8746383e-06,-6.3292566e-05,0.0011908917,0.001941261,-0.00014501603,0.00013112342,8.4040848e-05,-0.00011536144,2.4190556e-05,-6.4138847e-05,1.7345779e-05,3.8083369e-06,8.9990151e-05,-7.6676225e-05,-0.00013415919,-4.312128e-05,-0.00023349819,-1.5776048e-05,1.2314685e-05,-8.5558255e-05,0.00013851615,-0.00024592092,2.5085821e-05,-1.5058917e-05,1.9363065e-05,7.9469554e-05,-0.0010177475,-0.0017281115,0.00014540426,-0.00012282158,6.1384311e-05,0.00012350216,-1.2216771e-05,0.00014825091,-2.8593016e-05,2.7231261e-06,0.00010181101,2.0375224e-05,-7.3609239e-05,6.2812195e-05,6.0178077e-05,0.00011314851,-1.5201967e-05,1.923592e-06,0.0001099551,-7.6572665e-05,0.00012353321,-3.258377e-05,2.0497681e-05,-3.4942572e-05,-3.6571517e-05,0.00040233769,0.00066348969,-1.7026712e-05,7.4509525e-05,-4.3847958e-06,-7.6710543e-05,2.9640738e-05,-0.00011986105,-1.2976281e-05,-3.2601853e-06,-0.00041448518,0.0013678299,-0.00013120412,-5.0879928e-05,8.429423e-05,-0.00021564294,-0.00031827866,-0.0003330783,0.00010612476,5.9717694e-06,-0.00036527396,0.0004468239,-0.00043632032,0.00010796437,-6.8557655e-05,0.0001522572,0.00016748486,-0.0012769569,-0.0019872819,0.0001344373,-4.0437417e-05,5.4761365e-05,0.0003396149,9.7600306e-05,0.00022530913,8.8276624e-05,-7.1111839e-06,9.1056001e-05,-6.8197351e-05,0.00011280384,-4.9444134e-05,3.5884658e-06,0.00015601321
"34",0.00052990906,-0.0010150563,-4.7885792e-05,0.00072642319,-0.00013399691,3.8704996e-05,2.3089618e-05,4.1093008e-05,-6.1311587e-06,-1.0203922e-06,1.2540647e-05,-5.7672369e-05,5.0737221e-05,-0.002156635,0.0020116808,-0.00095807954,0.0036025303,-0.0001891252,-4.5786306e-05,1.5078657e-05,-6.1811372e-06,-6.0282336e-05,8.8466445e-05,-8.8848535e-06,-0.00010701677,0.00010252897,-0.00047179081,0.0006247091,-8.3475272e-05,-2.8172639e-05,0.00030569199,-7.3793906e-05,-0.00014501603,0.0026815916,-7.3615688e-05,-4.3458143e-05,1.2256075e-05,9.4226056e-05,0.00013699251,1.1597991e-05,-4.4435677e-05,0.0001568625,6.2271672e-05,6.6190898e-05,-6.4762026e-05,-2.8715762e-05,-5.2106687e-05,3.1670938e-06,0.00011220453,-0.00018502157,0.0003439283,-0.00073287653,0.00010707172,4.3097761e-05,-0.00018897482,4.7893882e-06,0.0001112054,-0.0026340907,0.00014827558,-5.8693918e-06,-0.00013667396,-7.602495e-05,-0.00013208516,-1.3163761e-05,5.4058325e-05,-0.0010051088,-0.0002195678,4.960126e-05,-2.3703844e-05,-7.6352627e-05,-0.00014245433,2.6633316e-05,1.9872703e-06,-0.00017903223,0.00022111528,-0.00031362124,9.3220746e-05,-9.6613663e-06,1.6721094e-05,0.00015702098,-1.3876985e-05,0.00016348506,0.0010917099,0.00019464193,2.3392883e-05,0.00033564927,0.00020251,-0.00011739624,2.9993786e-05,-1.9124565e-05,0.0034180441,-0.006471128,0.001577704,0.0010388127,-0.00016840638,0.00064828085,0.0010726378,-0.00010601164,-0.00026992703,-1.1039729e-05,0.0011070347,-0.00075525773,5.6440581e-05,-0.00032116556,0.00026551587,-0.0001892312,-0.0006871373,-0.00035219611,-0.00058609849,-0.0026997163,-0.0014451475,-0.00024482295,-0.0017065889,-0.00096796588,0.0010898217,-0.00069248585,0.00012500168,-0.00055531024,0.00063530095,-0.00069137384,0.00024192417,-0.00012215318,-0.00097709269
"35",-6.2388637e-05,0.0011844375,0.00060015301,-0.00058584858,6.3333342e-05,-9.1058909e-05,-8.3040152e-05,4.5122412e-05,-6.8259963e-07,-4.3810623e-05,-6.390037e-05,-1.6816891e-06,-7.8895207e-06,-0.00094402386,0.00086456026,-0.00026188344,-5.6685274e-05,8.8594479e-05,-3.4153755e-05,0.000139969,-0.00013662341,0.00015900496,-6.926145e-06,-4.665043e-06,0.00014869869,4.5743535e-05,0.00076054921,4.0893587e-05,7.1490619e-05,6.4409733e-05,0.00013066274,0.00010835767,0.00013112342,-7.3615688e-05,0.0020813327,0.0006517082,-0.0005011043,-6.4211505e-05,-7.990479e-05,1.791683e-05,2.5051478e-06,-0.00013890298,2.0859252e-06,-0.00029825207,2.6666303e-05,-0.00022396848,2.8833604e-05,1.0119606e-06,-0.00031439208,0.00013039167,-0.0013729142,-4.0903528e-05,-0.00011519668,-9.2099806e-06,-2.5853982e-05,-0.00015493649,-4.1949194e-05,0.00014758984,-0.001922804,-0.00057494216,0.00052950296,3.010629e-05,2.9421574e-05,2.9128487e-05,-1.635576e-05,0.00076557885,0.0001683253,-8.7818663e-05,8.6454286e-05,6.8309536e-05,0.0002695595,-3.2041715e-05,7.9619792e-07,0.00034047796,-0.00012127328,0.00017089542,0.00010501235,4.0606849e-05,-4.3829208e-05,-1.1167861e-05,0.00013723823,-4.6541128e-05,-0.00013154702,0.00056918529,0.0002076755,-0.00038510596,-0.00011817515,1.829007e-05,-2.3315021e-05,3.0581126e-06,-0.0025735779,0.0050145243,-0.00080530228,-0.00081284008,0.00028041845,-0.00068679839,-0.00075906489,-0.00040041332,0.00029319582,-2.1432363e-06,-0.0013550517,0.00046693522,-0.00060191251,-0.0004673435,-0.00026040646,0.00022646221,0.00032062142,-0.00018316351,0.00043486098,-6.9029812e-05,-0.0010460748,-0.0005236317,0.0018328876,0.00067167011,-0.00088148723,0.00045287088,-6.2129221e-05,0.00056862136,-0.00060433811,0.00056654697,-0.00017425062,8.1900767e-05,0.00052499402
"36",-0.00039052578,-0.00016085142,0.00058933767,-3.7231212e-05,2.2689437e-05,-4.478722e-05,-0.00030198163,-0.00011779563,5.768043e-05,7.8715112e-06,-4.7408478e-05,1.2472606e-06,-8.1378926e-05,-0.00047190392,0.00031024791,-0.00011123234,-0.00014061971,2.6656067e-05,-0.00010040332,5.3641294e-05,-4.6420175e-06,-0.00015120316,-3.4706508e-05,-1.4705872e-05,-2.8607929e-05,0.00010368528,0.000131592,8.5989169e-05,2.7690743e-05,6.3833821e-05,1.340473e-05,4.1783901e-05,8.4040848e-05,-4.3458143e-05,0.0006517082,0.0020285155,0.00014381375,-7.5815013e-05,1.0941571e-05,4.6545927e-05,-6.2826215e-06,-2.0795436e-05,0.00014233098,-1.1310158e-05,-1.6680613e-05,0.00013186872,3.9326063e-05,9.4318243e-06,9.6351543e-05,-0.00011336559,4.7133537e-05,-5.3868902e-05,-1.1197263e-05,-5.8480883e-05,7.1235586e-05,1.6967304e-05,2.621368e-05,1.1364951e-05,-0.00057771048,-0.0017654033,-0.00017432407,9.755642e-05,-5.7028093e-05,-8.3795344e-05,5.5799662e-06,9.0449728e-05,2.2678749e-05,-8.190005e-05,1.1079305e-05,5.5296639e-05,-3.1833938e-05,-3.470045e-05,-1.3705126e-06,9.8048718e-05,5.8244253e-05,-1.0303928e-05,8.6819493e-05,1.3396886e-05,-9.6609044e-06,-2.7032529e-05,2.0059316e-05,-5.1997075e-05,3.8799581e-05,0.00020162516,0.00069516509,1.4088254e-05,4.8170042e-07,2.0235524e-05,3.3398556e-06,-4.5157164e-06,-0.00028945878,0.002669503,0.00018678729,-7.7390162e-05,0.00025750695,-5.3870579e-05,-0.0004466238,0.0001110942,0.00013064778,2.3464998e-06,-0.00031025078,-0.00021075549,0.00028283643,-7.9025608e-05,-3.8436189e-05,3.2370746e-05,0.00016764026,-0.00019007521,0.00030551769,-0.00015919513,-0.0002463526,-0.0020955902,0.0001639901,0.00036962386,-0.00047777553,5.8104534e-05,-9.4794539e-06,0.00012724531,-0.00015713858,0.00029011611,-5.7379522e-05,-7.1681076e-06,8.118408e-05
"37",0.00021787323,-6.6025343e-05,2.9250872e-05,0.00020120426,-4.0702654e-05,1.9398288e-05,1.9229588e-05,-1.5927358e-05,-9.0426369e-06,2.1272331e-05,4.064954e-06,0.00011017592,5.6441282e-06,-0.00043854155,5.0845139e-05,-3.679497e-05,0.00019982151,-1.8314893e-05,0.00019358844,-0.00045420987,0.00014011037,-6.6588705e-05,0.00011771491,6.0499194e-06,-4.1140143e-05,0.00012922944,-0.00022543259,-8.3107229e-05,-8.698127e-05,3.6267851e-05,-7.195032e-05,2.7850888e-05,-0.00011536144,1.2256075e-05,-0.0005011043,0.00014381375,0.0035865931,0.00058970758,-3.1364795e-05,-1.3327355e-05,-1.3799321e-05,9.7138852e-05,-0.00014887921,0.00056111932,-0.00010535211,2.7976868e-05,-8.1707197e-05,8.3840237e-06,0.00017783591,-4.52051e-05,0.00035212129,-2.0943755e-05,0.0001114655,-4.7511976e-05,5.5956475e-05,-9.2427419e-06,0.00016837885,-0.00014141736,0.00048974335,-0.00013644531,-0.002991482,-0.00058209967,0.00010478053,-1.3110698e-05,8.1380577e-06,-0.00018959804,1.9392377e-05,5.7408025e-05,-0.00017788975,8.8828438e-05,-8.652087e-06,3.1038622e-05,3.6097146e-06,-0.00010286705,-1.6510193e-05,-0.00014450333,-6.5794091e-05,-5.4921927e-05,3.9041777e-06,1.2239461e-05,-1.9152886e-05,-3.7216721e-05,4.6794081e-05,-0.00015683004,3.1359274e-05,0.0012964793,0.00025014467,-0.00015993223,-9.5203494e-06,-2.5769731e-06,0.00027981574,-0.0001469302,-0.00026320526,-0.00011561224,-0.00019078357,0.00055802265,-0.00025625602,9.3845359e-05,-0.00012751907,4.1399068e-06,0.00040261028,-9.133834e-05,0.00030712019,0.00016985087,0.0001645504,-2.9800543e-05,6.4100124e-05,3.8418162e-05,-2.3324875e-06,-0.00010767691,0.00054977063,-0.00011309965,-0.0037058794,-0.00074138229,0.00037825042,7.1926013e-05,-4.6221436e-06,-9.7303009e-05,9.4878926e-05,-8.2521997e-05,-1.3241549e-05,2.458789e-05,6.9680587e-05
"38",0.0002294839,0.0013064373,-0.00016930371,-0.00045613364,9.152092e-05,-7.2933765e-05,0.00015166355,0.00012270073,4.3073218e-05,-2.8551751e-05,-4.8707974e-05,3.6797003e-05,0.00011162222,-0.00069694343,0.00053228349,-0.00021410957,-4.9899714e-05,2.4905428e-05,0.00016925307,-7.255749e-05,-1.5100736e-05,-3.000279e-05,5.4830161e-05,2.0842479e-08,-2.6817942e-05,-0.00026835217,-0.00011918604,-8.2391097e-05,-1.2680387e-05,6.0811949e-05,-0.00015856047,-2.2617845e-05,2.4190556e-05,9.4226056e-05,-6.4211505e-05,-7.5815013e-05,0.00058970758,0.0019499725,-4.7334788e-05,-7.4918659e-05,1.1870291e-05,-2.0037844e-05,-0.00031007074,0.00014925637,5.5774588e-05,-3.4037785e-05,-7.8816643e-05,6.2199453e-06,-1.1616464e-05,0.000339956,-8.7314904e-05,4.2973783e-05,2.7787323e-06,-2.7496312e-05,0.00011592738,3.2347987e-05,9.3647423e-05,-9.2547914e-05,7.8431917e-05,0.0001492863,-0.00047675773,-0.0017668302,0.00016879874,0.00013261418,-3.6383157e-05,0.00097869094,0.00019988998,-3.2186244e-06,2.4914834e-05,3.5228004e-07,0.0001267226,1.9535841e-05,6.7695817e-06,0.00032046713,-0.00022830033,4.3206703e-05,-5.1800373e-05,-1.9982627e-05,-3.1591e-05,-6.4873568e-05,4.0033286e-05,-0.00014009057,-5.960226e-05,-0.00023354615,4.2267027e-05,-3.6000219e-05,0.0005234219,2.5254229e-05,-8.1895489e-05,7.9430011e-06,-0.0029135657,0.0052576451,-0.0011088386,-0.00091682718,-8.5963301e-05,-0.00034124907,-0.00075286503,6.7434433e-05,1.9767896e-05,1.0036023e-05,-0.0011811872,0.00077599293,0.00022083293,-0.00011101358,-0.00010116248,0.00019245183,0.00045740212,0.00019928015,0.00069706704,-0.00032723098,0.0012940284,0.00028248487,0.00073545672,-0.0013071076,-0.00074649988,0.00072784777,-9.7057974e-05,0.00050772258,-0.00056306411,0.00042711231,-0.00025959674,9.1897269e-05,0.00059492194
"39",-0.00072679524,-0.001010651,0.00094921581,-0.00011315487,7.6849885e-05,4.5495747e-05,-0.00047574056,-9.8431916e-05,-7.2680902e-05,-2.97603e-06,8.5445903e-06,-2.5779623e-05,8.40745e-05,-0.0025757278,0.0017958479,-0.00064887364,0.0015369627,-0.00018684824,0.00014426827,0.00089373952,0.00013009731,-0.00029620504,-1.9466509e-05,-7.7534032e-06,0.00017760962,0.00012714901,-0.00081454167,0.00011388922,4.9945921e-05,0.00049807127,-0.00037778813,-0.00012799404,-6.4138847e-05,0.00013699251,-7.990479e-05,1.0941571e-05,-3.1364795e-05,-4.7334788e-05,0.0032362225,4.9912033e-05,-3.0756467e-06,0.00016221348,-1.6592366e-05,-0.00095118619,-0.00013184867,0.0002596979,9.9408874e-05,5.2433495e-06,-0.00015866665,-0.00017652351,0.0010566527,-0.00033780747,-7.5087594e-05,-0.00027083048,0.00052482656,0.00020729184,8.6602999e-05,-0.00013298505,3.8221112e-05,-0.00011474471,2.6279681e-05,0.00024112976,-0.0027255261,-6.6920185e-05,1.1500482e-05,-0.00016416674,-2.316402e-05,2.0289225e-05,0.00042790795,3.5988564e-05,-0.00015132611,1.6285818e-05,-7.7576372e-06,-3.8194021e-05,0.00012080776,-0.00027471125,1.3125935e-06,-3.0981155e-06,9.3420547e-05,-0.00019201127,-0.0001704376,-5.2971337e-05,8.4922523e-06,-2.3142031e-05,7.7979893e-06,-6.2934355e-05,-4.7103359e-05,0.0010151711,3.7956771e-05,1.3682538e-06,-0.00015028226,0.0019906904,-0.00041409004,7.3332356e-06,-7.8926707e-05,-0.0012698471,-0.00046407751,0.00040229258,0.00014057575,1.7646016e-05,-8.017566e-05,-0.00023624551,0.0013954653,-0.00025229537,-0.0001089278,-0.00024848053,0.00064162303,0.00074084163,0.00042003694,-0.0002380034,0.00032091581,-0.00012495055,0.00041258029,0.00044288106,-0.0034679911,0.00012215889,-4.6438168e-06,4.4118561e-05,-2.7851852e-05,0.00025293693,-2.67718e-05,3.4552714e-05,0.00034807476
"40",-0.00011494246,-0.00012022132,8.9842074e-05,7.6208192e-06,1.5723987e-05,4.1020813e-06,-3.1949759e-05,-4.0117043e-06,4.8805821e-06,-1.6314646e-05,-3.0891344e-06,-2.3374071e-05,1.2139681e-05,-8.4222276e-05,1.3216529e-05,1.2063332e-05,-3.3507637e-05,2.868129e-05,-1.2757387e-06,3.0437611e-05,3.9328902e-05,-4.3592953e-05,3.2186773e-06,-5.7225794e-06,-2.944523e-05,5.0361463e-05,-0.00019643795,-0.00013885444,-3.9877362e-07,1.2223512e-05,-2.1422375e-06,-8.4201071e-05,1.7345779e-05,1.1597991e-05,1.791683e-05,4.6545927e-05,-1.3327355e-05,-7.4918659e-05,4.9912033e-05,0.00031639894,-8.4099374e-07,-4.1198573e-05,2.4212128e-05,-4.4221662e-05,-4.5827909e-05,5.3001841e-05,1.8375365e-05,2.5174626e-07,5.4337019e-05,7.1586865e-06,0.00029792633,0.00016303302,4.2221092e-06,-1.5030719e-06,1.2334693e-05,8.9068149e-05,-3.9212496e-05,-5.1971485e-06,-1.3003893e-05,-6.5189846e-05,-2.1228766e-05,9.3605427e-05,-1.6304299e-05,-0.00029563961,3.2656473e-06,-3.6026848e-05,1.4848206e-06,-1.196309e-05,1.7366918e-05,3.742695e-05,-9.206159e-06,-4.2691994e-06,4.5638704e-07,-3.0282186e-05,-2.7677299e-05,-4.0882932e-05,-8.5941979e-05,-3.8852132e-06,-5.7765392e-07,-3.4677066e-05,-2.6196471e-05,4.0866157e-06,4.9800418e-06,9.3005329e-06,-1.6945061e-06,-1.5365494e-05,-5.8328213e-05,3.0984426e-05,7.3467256e-05,2.051085e-07,9.0887439e-05,5.5198226e-05,0.00016345644,-1.2362213e-05,2.8463722e-05,-2.8973402e-05,-7.9987819e-05,3.1949838e-05,2.0406029e-05,1.775609e-07,5.2405207e-05,3.5599647e-05,0.00021142389,0.00023458954,1.4652098e-05,9.4388755e-06,2.0317481e-05,-1.3735401e-05,-2.0907083e-05,6.1877968e-06,-4.4665937e-05,-5.6148219e-05,2.1410011e-05,0.00017525685,-3.4034443e-05,-0.00033647658,2.7698376e-06,-1.5610055e-05,2.6646353e-06,1.91066e-05,1.6488017e-05,-1.4396009e-05,-1.8856545e-05
"41",-3.6884738e-05,0.00017085088,1.1601847e-05,-6.4171235e-05,1.4887111e-05,-1.3589307e-05,1.7782851e-06,2.9020026e-06,5.3887221e-07,4.6049459e-06,-3.9464301e-06,8.5049709e-09,3.3034407e-06,-2.790421e-05,3.4533811e-05,1.7854996e-07,-0.0001156215,1.5810889e-05,1.1174158e-05,-6.0910074e-06,-3.3245748e-06,4.5362447e-07,2.0662349e-07,9.1666267e-07,3.5124133e-06,-2.8722892e-05,3.4146685e-05,6.4957407e-06,5.891172e-07,-1.6598319e-05,-6.3134729e-05,9.1376383e-06,3.8083369e-06,-4.4435677e-05,2.5051478e-06,-6.2826215e-06,-1.3799321e-05,1.1870291e-05,-3.0756467e-06,-8.4099374e-07,2.3973943e-05,-1.6094276e-05,-1.9336113e-05,-2.7618728e-06,3.9674608e-06,1.0192087e-05,-4.4116058e-06,2.6293773e-07,-1.0190114e-05,4.2997055e-05,-6.3896959e-05,-7.0631804e-06,-4.5016074e-06,1.4960369e-05,4.8588261e-05,-3.8431112e-07,5.4794167e-06,5.323288e-05,-5.0948275e-06,8.3327387e-06,1.6011075e-05,-2.539527e-05,-3.4128047e-07,4.9421661e-06,-2.3604723e-05,0.00011455639,2.4040034e-05,-3.3666851e-06,4.5942839e-07,-2.2648184e-06,2.57244e-06,3.5829217e-07,2.3771488e-07,2.7512774e-05,-2.9395203e-05,2.3580406e-05,1.1821464e-05,-2.6940536e-06,-9.1272861e-06,-2.4703313e-05,6.5228286e-06,-1.7954506e-05,-3.10138e-05,-2.409674e-05,-2.3286349e-06,-3.511579e-05,-7.9704195e-06,1.5710995e-05,-1.8506642e-06,1.0327281e-05,-0.00036888535,0.00073337849,-0.00013796595,-0.00011434996,5.0782605e-06,-5.5238692e-05,-9.9638445e-05,3.6506025e-05,2.0529142e-05,3.3084318e-07,-0.00012958291,0.0001090596,-5.6870259e-07,-3.1005745e-05,-1.6690814e-05,4.2570504e-05,0.00010791232,2.0470187e-05,8.7508039e-05,3.49172e-05,0.00016307647,2.478547e-05,0.00018303709,5.2304414e-05,-0.00013468852,6.9052921e-05,-3.598602e-05,6.5332497e-05,-7.7713285e-05,7.6731893e-05,-3.0823454e-05,1.0238871e-05,8.2855519e-05
"42",-0.00036206289,-0.00047565838,-0.00074376223,7.6209499e-05,5.0737432e-06,4.2132587e-05,0.00012983294,-0.00014210602,-3.4488888e-06,6.5337145e-06,-2.4720565e-05,-1.9223743e-05,4.0718211e-05,0.00014028211,7.8438983e-06,4.4800258e-05,0.00019268466,-0.00088596188,0.00023656382,-0.00017269425,5.5546078e-05,0.00013784708,-4.8163375e-06,-5.9622568e-06,-4.1356592e-05,-9.8841227e-05,-0.00035996293,9.4567363e-05,2.0829906e-05,0.00015959812,0.00010351388,-6.8050049e-05,8.9990151e-05,0.0001568625,-0.00013890298,-2.0795436e-05,9.7138852e-05,-2.0037844e-05,0.00016221348,-4.1198573e-05,-1.6094276e-05,0.0016988127,-0.00043892139,0.00031406678,-8.7336068e-05,-0.000267599,-2.0830669e-05,7.06716e-06,1.6976693e-05,0.00010508655,0.00093713898,-0.00020127586,-8.1984095e-06,-0.00027339936,-0.00020618753,0.00011757158,-0.00019934174,-0.00033402264,0.00015044306,-3.5505825e-05,-0.00027933306,1.7863762e-05,-0.00024583718,6.6374045e-05,2.7379931e-05,-8.5378968e-05,-0.00041567215,0.0001445358,-8.0935074e-05,9.8251893e-06,4.2077401e-05,-3.7064241e-06,-3.2842239e-06,-6.6232083e-06,-5.8620723e-05,-0.00011033399,-2.3640115e-05,2.1972266e-05,6.4962815e-05,7.5423724e-05,-1.3711515e-05,2.2403276e-05,0.00013374528,-2.7135467e-05,1.3060712e-05,6.7688298e-05,-4.2654743e-05,-2.2359737e-05,-2.5478221e-05,-8.689993e-06,0.00029090011,-0.00044700432,-6.8085538e-05,0.0016985249,-0.00058763863,0.00030775748,-4.0114184e-05,-0.00023554018,-4.6926205e-05,8.7606892e-06,0.00019023591,4.4883682e-05,0.00067871079,-9.0855573e-05,-3.2878083e-05,-0.00030457029,-0.00024871748,0.00018313147,-0.00018574406,-0.00036080111,1.9810889e-05,-4.1855901e-05,-0.00041982785,7.9977886e-05,-0.00015370771,7.5892162e-05,3.4088329e-05,-0.00010372703,0.00013581768,-7.5292016e-05,9.9483599e-06,-1.8607197e-06,5.2550272e-05
"43",-0.00022750767,-0.0022412701,0.0014492918,0.00081882296,-8.6416437e-05,0.00011322168,-0.0005676544,-1.8943707e-05,-9.3789496e-06,1.730179e-05,7.1978352e-05,-2.3620932e-06,7.4961281e-05,0.0010789657,-0.0017724672,0.00013820645,-4.9585339e-05,0.00025644117,-0.0020742963,0.00011642234,0.00015552408,-0.00013558223,-0.00013508227,1.3625519e-05,-0.00018674422,0.00035211547,-0.0011657503,-0.00013084744,-2.1699627e-05,2.8198883e-05,-0.00031582367,-9.6140575e-05,-7.6676225e-05,6.2271672e-05,2.0859252e-06,0.00014233098,-0.00014887921,-0.00031007074,-1.6592366e-05,2.4212128e-05,-1.9336113e-05,-0.00043892139,0.0036303162,-0.00015032855,-0.00016372568,0.00029930419,0.00024407849,-3.0394881e-05,0.00044330394,-0.00068707145,0.0022878057,0.00027945586,3.6509564e-05,-8.8041863e-05,0.00041591447,0.00029691742,2.3730586e-05,-0.00015293217,-2.6436817e-06,-0.00044337272,8.3128755e-05,0.00045312983,0.00021495179,-0.00012353739,5.2948678e-05,-0.001683745,-0.00015723109,-0.00073589389,2.9338747e-05,-4.1863728e-06,-0.00024128763,-5.1152089e-05,1.158558e-05,-0.00049145049,0.00026945592,-0.00053303916,-0.00017021255,4.2040361e-06,6.9233025e-05,-5.6279237e-05,-0.00010286599,0.00030848004,0.00026090648,0.00045791453,3.7887316e-05,0.00041321521,8.687557e-05,-0.00013543747,7.0126277e-05,-1.3775511e-05,0.0049536034,-0.0083875537,0.0021714003,0.00092895829,0.003174326,0.00056323815,0.0011073749,5.1329211e-06,-2.3846158e-06,-5.3862003e-05,0.0020916961,-0.0011161897,0.0012954871,0.00083523504,0.00022387753,-0.00036596795,-0.00010987308,-0.00032939463,-0.0010258666,0.00015944399,-0.0022433392,-0.00053666633,-0.0021792735,-0.00056480151,0.0017017059,-0.00098807325,0.0001451556,-0.0008810932,0.0010077084,-0.00084299345,0.00042979305,-0.00017597323,-0.00098440536
"44",0.0011612941,-0.0006570864,-0.00047649286,0.00098386904,-0.00016062284,4.3076384e-05,0.00030224787,7.3133853e-05,6.7770067e-06,2.3379534e-05,6.3769208e-05,5.1178006e-05,0.00015336683,0.00192847,-0.0031364701,0.0008042039,-0.0013575667,-0.00019443592,0.00014236508,-0.0020528708,-9.0038433e-05,9.3433748e-06,-4.2705144e-05,-1.3115937e-06,-0.00054407955,0.00032790837,-0.0006353233,0.00019893451,-0.00014754951,8.364266e-05,0.00013040074,-5.3133641e-05,-0.00013415919,6.6190898e-05,-0.00029825207,-1.1310158e-05,0.00056111932,0.00014925637,-0.00095118619,-4.4221662e-05,-2.7618728e-06,0.00031406678,-0.00015032855,0.0035813097,6.8848165e-05,-5.4092757e-05,5.8459678e-05,1.7272695e-05,0.00077646646,-0.00046705844,0.0012552499,-0.00028696185,0.00024237006,-0.0001594189,-0.00026446711,-3.0446475e-05,8.7280186e-05,-0.00015815061,0.00040586751,-3.8516778e-06,-0.00076714611,-0.00027641796,0.0015615613,9.1427853e-05,8.0027653e-07,-0.0010150229,-0.00022180596,0.00017384772,-0.0010314051,-2.7824392e-05,-6.347312e-05,-1.9108541e-05,2.1819751e-06,-0.00056849452,0.000297394,-0.00016613606,4.423329e-05,-3.8091532e-05,5.7371789e-05,0.00015330956,-0.0001110159,9.2668007e-05,9.5164499e-05,6.2248176e-05,-4.2179673e-05,0.00056624106,0.00024438978,-0.00067440761,-2.4309206e-06,8.0135303e-07,0.0034928334,-0.0084169648,0.0010950782,0.0011715254,-0.00060528862,0.0042580755,0.0012270838,-9.1410011e-05,-0.00022981247,1.2996162e-05,0.0022688955,-0.001169202,-0.00014641183,1.1011725e-05,0.00038903515,-0.00044322562,-0.00066065898,-0.00020098697,-0.00088355161,0.00021675419,-0.0012603895,-9.2862963e-05,-0.0028271567,-0.0013051507,0.003130874,-0.00062794878,6.5419672e-05,-0.00069582275,0.00083687227,-0.000992597,0.00027426279,-8.5557304e-05,-0.0009018123
"45",0.00092752035,0.001292123,0.00028343626,-0.00023499046,-4.7166768e-05,-4.6111706e-05,0.00014478087,0.00026144737,-5.772895e-05,-3.1433987e-05,-6.2572463e-05,4.8049116e-05,-0.00010743834,0.00044353797,-0.00092174384,0.00013796692,-0.00051851243,1.8125539e-05,0.000122544,-9.7543616e-05,-0.0017326118,-0.00071845826,7.450211e-05,-1.2326142e-06,0.00011118662,-0.00023923615,0.00054083889,-0.00015211707,2.6551972e-05,-4.11257e-05,0.00025602911,-7.8835653e-05,-4.312128e-05,-6.4762026e-05,2.6666303e-05,-1.6680613e-05,-0.00010535211,5.5774588e-05,-0.00013184867,-4.5827909e-05,3.9674608e-06,-8.7336068e-05,-0.00016372568,6.8848165e-05,0.003004046,0.0012575921,-0.00012560406,-1.9191087e-06,-0.00013636424,0.00046883816,-0.00098568835,0.00034826517,-5.8862863e-05,0.0001004743,-0.00040123056,9.9755498e-05,0.00010990702,5.5948202e-05,4.7474617e-05,2.2482733e-05,0.00028487793,-5.8872579e-06,0.00013777886,0.00014870409,-1.3704477e-05,0.00022715207,1.8795861e-05,5.7477162e-05,1.1706887e-05,-0.00080545664,-0.00033918878,4.4237877e-05,7.3479535e-06,0.00014000827,-9.5105406e-05,0.00026950568,-7.3703204e-05,1.1566175e-05,-4.0438132e-05,0.00012742872,-4.8418729e-05,-9.1908647e-05,-4.5222216e-05,-0.00015331288,-2.5553991e-05,-9.0237942e-05,4.811202e-06,-3.7054686e-06,-8.2845133e-05,6.9374408e-06,-0.0010902265,-0.0003736786,-0.0008077923,-0.00039686536,-0.0001323137,-0.00013690411,0.0030250667,0.0014342721,-0.0001815228,-1.0802545e-05,-0.00052799681,0.00048851134,-0.0011758964,0.00015885773,-0.00010083704,0.00017772621,-0.00038946061,0.00065392837,0.00030636151,-1.5910478e-05,0.00035352367,0.00013496828,0.00055260207,7.9054106e-05,0.0001124529,0.00032933831,-3.294137e-05,0.00017089999,-0.0001368097,-0.00010606349,-2.0605511e-05,6.2727389e-05,0.00032159512
"46",-0.00097392181,0.00011127664,0.0018543932,-0.00027022922,0.00022557786,9.8084982e-06,-0.00067293412,-3.2903856e-05,4.5063725e-05,6.5901095e-05,8.8079909e-06,-4.1722575e-05,2.4405169e-06,0.00029505147,-0.00082945293,0.00010976764,-0.0021766926,0.00018750795,-0.00015502911,-1.4023733e-06,-0.00069796598,-0.0024088775,6.1319557e-05,-7.8999871e-06,5.5622279e-05,-2.8204494e-05,0.00042051432,-7.7486872e-05,0.00013445512,-0.00014435878,0.00025974982,-0.00013412092,-0.00023349819,-2.8715762e-05,-0.00022396848,0.00013186872,2.7976868e-05,-3.4037785e-05,0.0002596979,5.3001841e-05,1.0192087e-05,-0.000267599,0.00029930419,-5.4092757e-05,0.0012575921,0.0043920746,-4.0101473e-05,-8.3631476e-06,-9.5060664e-05,0.00020697341,-0.00087240383,0.00021269679,-0.00019838899,0.00022275612,-0.00027047593,0.00018545519,0.00018625384,0.00023171778,0.00032888531,-0.00034048551,-0.00011352678,-7.3680759e-06,-0.00034869613,-0.00010308267,-1.2296763e-05,0.00044811985,0.00011577359,-0.0001174891,-3.2831277e-06,-0.00033160062,-0.0010716618,5.4709448e-05,1.3761659e-07,0.00011424623,-4.2066992e-05,0.00057608649,-5.147389e-05,2.4758604e-05,-5.2273962e-05,0.00013696569,1.3615699e-06,-0.00018980432,-3.5088594e-05,-0.00031210081,9.9086782e-05,-6.9015743e-05,-0.00015123847,0.00024600782,-2.9971842e-05,7.8460932e-06,-0.0023617864,0.0068237341,-0.00043654835,-0.00085368851,0.00066666132,-0.00024260784,0.00033738729,0.0045194218,0.00010643629,-6.3407011e-06,-0.00099944263,0.00040587055,-0.00052018708,-0.00010991789,-0.00030202169,0.00043123429,-0.00020155984,9.6548877e-05,0.0011344273,-0.00010179026,0.0019229123,-0.00029244527,0.0011581182,0.00084884195,-0.0014181564,0.00039215639,-7.3696529e-05,0.00035758584,-0.00047288978,0.00066815731,-0.00015409415,-2.8022756e-05,0.00088627523
"47",0.00044093933,-0.00022609473,0.00084462894,0.00015028157,-2.5110506e-05,4.7445377e-05,-0.00014811949,0.00013897958,3.9586316e-06,-1.0340454e-06,1.1285342e-05,1.5331088e-05,3.28843e-06,0.001105357,-0.0021406825,0.00054551097,-0.0016104052,1.402515e-05,-0.00012922152,-4.822592e-05,4.6595901e-05,6.6600907e-05,-0.00043335295,6.1613798e-05,-0.00024463963,-0.000144485,-0.00018341461,0.00014461326,-9.4051151e-06,-2.8244847e-05,-7.8100583e-05,-3.1972075e-06,-1.5776048e-05,-5.2106687e-05,2.8833604e-05,3.9326063e-05,-8.1707197e-05,-7.8816643e-05,9.9408874e-05,1.8375365e-05,-4.4116058e-06,-2.0830669e-05,0.00024407849,5.8459678e-05,-0.00012560406,-4.0101473e-05,0.00085092018,-0.00012168625,0.00047511309,0.00020730676,0.00036947962,-0.00034937085,-2.0448139e-06,4.8751562e-05,0.00014709032,1.6186328e-05,1.8332101e-05,7.4822803e-05,1.2407941e-05,-4.646859e-05,0.00014230776,0.00020603691,-0.0002136402,-8.658247e-06,9.8025722e-06,-0.00037128665,-4.6052696e-05,-4.12159e-05,-4.0870768e-05,1.9088015e-05,3.0572769e-05,-0.00020988161,2.8772204e-05,-0.00022820897,-4.6056172e-05,-6.8246526e-05,9.5955404e-05,-7.6970539e-06,-5.6885089e-06,-6.2401073e-05,-5.4255853e-06,7.0352022e-05,1.2483263e-05,0.00012226329,-3.9206484e-06,7.2829473e-05,2.9760104e-06,-2.7606052e-05,-1.0204181e-05,3.4562537e-07,0.0011658253,-0.0026576039,0.00036996647,0.00029302976,0.00013161742,0.00023966916,0.00022263518,-0.00016578476,0.00074484598,-0.00010823084,0.0009649955,0.00014225963,-1.9305321e-05,-0.0003389272,6.6958741e-05,-4.0666245e-05,6.7596705e-05,-0.00014526252,-0.00036711358,0.00014774322,-0.00066729973,-6.7168608e-05,-0.00043015193,-7.6916354e-05,0.00033136468,-0.0001938777,2.8764572e-05,-0.0002173163,0.0002766821,-0.00036544719,9.8426215e-05,-2.3247072e-05,-0.00022373399
"48",-4.5749535e-05,7.3317144e-05,1.6790261e-05,-4.4042236e-05,9.6998174e-06,-6.4713851e-06,-6.315362e-06,-9.2352027e-06,-3.9505523e-06,1.4601779e-07,6.2318341e-08,-5.7503395e-06,1.1948123e-05,-8.3814564e-05,0.00014375799,-4.1618453e-05,5.4388552e-05,-4.9864882e-06,1.8362431e-05,-1.6804434e-06,-2.3414558e-06,-6.8019536e-06,6.1814834e-05,-2.3539882e-05,9.4269766e-06,2.9116996e-06,-5.3699925e-06,4.1676051e-05,1.0178278e-05,2.0576475e-06,1.2805578e-05,-8.72175e-07,1.2314685e-05,3.1670938e-06,1.0119606e-06,9.4318243e-06,8.3840237e-06,6.2199453e-06,5.2433495e-06,2.5174626e-07,2.6293773e-07,7.06716e-06,-3.0394881e-05,1.7272695e-05,-1.9191087e-06,-8.3631476e-06,-0.00012168625,4.6729362e-05,-3.0442056e-05,-5.8796644e-06,1.3419813e-05,-6.0788303e-05,-1.6169876e-05,-2.7424363e-07,-1.5911091e-05,-1.0261878e-05,-1.3933441e-05,-1.0212953e-05,-3.2884737e-07,-2.2922793e-05,-1.376183e-06,-1.6943223e-05,-4.3611347e-06,-5.2423497e-06,-1.2077251e-06,8.8558723e-05,8.38607e-06,7.7705039e-06,4.5900841e-06,1.0167115e-05,8.8723004e-06,2.9466496e-05,-1.0411238e-05,4.0967271e-05,-1.2367311e-05,4.110788e-05,2.9366181e-05,5.8489209e-06,-1.9812433e-06,4.926138e-06,8.9604529e-08,-1.6437802e-05,-8.0939628e-06,-2.0215306e-05,2.3293111e-06,-2.5061335e-05,-1.4304478e-05,1.3590286e-05,3.6286903e-06,-5.6573072e-07,-0.00033697285,0.00060970433,-0.00019470166,-9.5164069e-05,-1.7260188e-05,-4.7272029e-05,-0.00011273791,3.076309e-05,-8.9099151e-05,4.1417391e-05,-0.0001538313,4.0243152e-05,1.4994203e-05,-9.6918944e-05,-4.1092141e-05,2.0743395e-05,1.5856144e-05,5.7846599e-05,5.8314055e-05,-4.1898063e-05,0.00014902512,5.1899624e-06,0.00014862902,6.7060746e-05,-0.00012133509,4.9996035e-05,-6.0331167e-06,5.189746e-05,-6.1471894e-05,7.015006e-05,-2.2660821e-05,1.4893989e-05,9.9342971e-05
"49",0.00012969247,-0.0018319286,-0.00054457407,0.00077420573,-0.00016322349,0.00013282172,2.0895011e-05,-0.0001859484,6.5099718e-05,5.8530749e-05,4.1909646e-05,2.5429702e-05,-6.5930912e-05,0.0014759967,-0.0027161247,0.00075749087,-0.0022167063,-2.8938482e-05,-0.00018443591,-0.00050756505,0.00018527045,5.4525652e-05,-0.00023366308,6.9178891e-06,-0.0027330189,-0.00026320474,-0.0007593438,0.00018719765,-7.4917113e-05,8.5162757e-05,0.00013313492,7.6132265e-05,-8.5558255e-05,0.00011220453,-0.00031439208,9.6351543e-05,0.00017783591,-1.1616464e-05,-0.00015866665,5.4337019e-05,-1.0190114e-05,1.6976693e-05,0.00044330394,0.00077646646,-0.00013636424,-9.5060664e-05,0.00047511309,-3.0442056e-05,0.0047869976,0.00056007944,0.0011550414,-0.000270608,0.00010585277,-0.0001387112,-0.00013912064,-5.2911231e-05,4.0474986e-05,-0.00012214079,0.00059859275,-1.1287405e-06,-0.00053571144,6.6020103e-05,0.00034965949,-0.00010750015,3.266223e-05,-0.00080681958,-0.00014609519,-1.2496586e-05,-0.00028418784,8.3719388e-05,-7.0143577e-05,-0.00013044819,1.9211565e-05,-0.0013864981,-5.7744715e-05,-0.00018527282,0.00013208681,-4.5681192e-05,6.1427334e-05,4.8044899e-05,-3.4571149e-05,0.00014511757,2.2923177e-05,-1.0916368e-05,-1.289151e-05,0.00029404838,3.308938e-05,-0.00016744605,-1.0768331e-05,-4.5253325e-06,0.0027876466,-0.0040601017,0.0015950619,0.00087855081,0.00028086141,0.001373063,0.00033684411,-0.00035222683,0.00041859525,-5.7651761e-05,0.0055960342,0.00013079,0.00049067268,-0.00030236694,0.00029135046,-0.00035544824,-0.00042767702,-0.00062068172,-0.00057892628,0.00024001848,-0.00040766271,-0.00013205663,-0.0017093297,-0.00034313632,0.00094697058,-0.00046286016,8.698879e-05,-0.00051133738,0.00061131559,-0.0005122191,0.00019795732,-0.00013545937,-0.00065911053
"50",-0.00022814476,0.0030285718,7.3801345e-05,-0.0012810584,0.00022938546,-0.0001861244,0.00016792928,-1.6264828e-05,7.0111286e-05,-1.6307622e-05,-5.5841566e-06,9.2276768e-05,-0.00012162366,0.00050692144,-0.0012034566,0.00051095181,-0.0032808723,-0.00010237476,0.0003162145,0.00023177326,-0.00031929921,2.8082468e-06,-0.00013088824,3.0059689e-06,-0.00032789054,-0.0040579569,0.00060880454,-0.00021423991,6.9286521e-05,0.00010658826,-6.3228937e-05,-2.2997805e-05,0.00013851615,-0.00018502157,0.00013039167,-0.00011336559,-4.52051e-05,0.000339956,-0.00017652351,7.1586865e-06,4.2997055e-05,0.00010508655,-0.00068707145,-0.00046705844,0.00046883816,0.00020697341,0.00020730676,-5.8796644e-06,0.00056007944,0.0075768694,-0.0010823054,0.00025315081,-0.00012645595,-1.9635548e-05,0.00027627938,2.6922682e-05,3.2707231e-05,0.00025438052,-0.00019309575,0.00022993071,0.00012929339,-0.00041913315,0.0002579891,1.5377692e-05,-9.5009518e-05,0.0020802535,0.00020936128,-7.682101e-05,0.00012895382,-1.7609243e-05,0.0002123494,-9.9820365e-05,-2.3708753e-06,0.00036327454,-0.0020550829,0.00059797684,0.00013554138,4.2744413e-05,-5.6413273e-06,-0.00010200318,0.0001670692,-0.00027650725,-0.00026737776,-0.00040264676,-1.8179317e-05,-0.0005243192,-0.0001509189,6.8377483e-05,-2.397951e-05,2.1838893e-05,-0.0067992475,0.011420272,-0.0029079618,-0.0016172521,2.1633137e-06,-0.0016020968,-0.0014115841,0.00052168517,0.00064461284,1.3142433e-05,-0.0016944671,0.009047995,-0.00056279731,-0.00057632989,-0.00048596401,0.00035398023,0.0010600807,0.00047412157,0.0010485477,-0.00020315854,0.0025594495,0.00057380042,0.0033686215,0.0010403749,-0.001702865,0.0011550967,-0.00020773509,0.0011298811,-0.0012657757,0.0010092441,-0.0005172013,0.00019648465,0.0016929481
"51",-0.0030412639,-0.0093614286,0.00033786471,0.0024403443,-0.00018096564,0.00049288615,-0.0014790073,-0.00096121131,-7.5388019e-05,6.8498712e-05,0.00016997498,-0.0002051675,-0.00017017099,0.0030617952,-0.0026559723,-0.00040589716,0.0028604675,-0.00032195963,-0.0013079936,-0.00073252136,0.00087722729,0.00019363142,-0.00022159991,-4.9395581e-05,-0.00075475736,0.00057758762,-0.025110145,-0.0010020459,-0.00036527696,0.00025054736,-0.00063708639,-0.00046192342,-0.00024592092,0.0003439283,-0.0013729142,4.7133537e-05,0.00035212129,-8.7314904e-05,0.0010566527,0.00029792633,-6.3896959e-05,0.00093713898,0.0022878057,0.0012552499,-0.00098568835,-0.00087240383,0.00036947962,1.3419813e-05,0.0011550414,-0.0010823054,0.099200591,0.0019051813,0.00055182059,-0.00072152528,0.00073268114,0.00062278169,-0.00033577106,-0.00065009425,0.001448575,-0.00049114078,-0.0010323706,-9.1159155e-05,-0.0013232533,-0.0008576454,0.00013852661,-0.0046728979,-0.00080725146,-3.7864178e-05,-5.0841694e-05,0.00022089577,-0.00011672523,-1.7977679e-05,2.111509e-05,-0.0013109499,0.0008599713,-0.011724521,-0.00058080815,-4.2911149e-05,0.00023837546,-0.00015569964,-0.00017923674,0.00073456685,0.00076322695,0.00081748633,-5.5433235e-05,0.0012946049,0.00040579221,2.3624048e-05,0.00031381996,-2.7072948e-05,0.01470572,-0.023304642,0.0050451304,0.0045138095,0.00070816974,0.0028668411,0.0023517548,-0.0015708177,-0.00053161845,-2.8928496e-05,0.0057365766,-0.0030057442,0.095966789,0.0034783672,0.0010694722,-0.0016130806,-0.00042713122,-0.00033846938,-0.0031815682,4.2584143e-05,-0.0047538523,-0.00076621832,-0.0073321848,-0.003017962,0.0029025947,-0.0033501814,0.00035245439,-0.00271283,0.0030791092,-0.0020473257,0.0011036158,-0.00039548504,-0.0029594944
"52",-0.0010638064,-0.00016972137,-0.0023396036,-0.0003082369,-0.00010477618,-5.5654886e-05,0.00055667836,-0.00020649454,-2.2316982e-05,-4.4612651e-05,1.4135397e-05,4.0574804e-06,-0.00020971986,0.00042463117,9.9334264e-06,-0.00040942464,0.00061557226,0.00011639831,-0.00015099725,0.00017126599,-8.0496577e-05,-4.9810645e-05,0.00012566137,3.7615755e-05,0.00018658765,-0.00025355511,-0.00070413688,-0.003052901,-2.1808875e-05,0.0001065825,1.9574712e-05,-5.283779e-05,2.5085821e-05,-0.00073287653,-4.0903528e-05,-5.3868902e-05,-2.0943755e-05,4.2973783e-05,-0.00033780747,0.00016303302,-7.0631804e-06,-0.00020127586,0.00027945586,-0.00028696185,0.00034826517,0.00021269679,-0.00034937085,-6.0788303e-05,-0.000270608,0.00025315081,0.0019051813,0.0067199838,4.980938e-06,-0.00033424308,-0.00013338179,4.7626043e-05,-9.5810255e-05,0.0013969313,-5.8429703e-05,0.00012703744,-0.00014034711,-0.00030167107,0.00056690645,-0.00043436713,1.5011477e-05,0.00015294123,9.7280015e-06,-1.4399692e-05,0.00012206106,-1.2875318e-05,-0.00013991434,9.2583672e-05,2.5385042e-05,0.00027068644,-6.6643311e-05,0.00026367547,-0.0014429128,2.8200914e-05,7.7806795e-05,8.9629149e-05,1.902067e-05,4.1488176e-05,-0.0002613158,-9.9832403e-05,-1.5891498e-05,-2.8027318e-05,0.00017288768,0.00010084498,0.00011687462,-9.2532378e-06,-0.00014811716,-0.0001262011,0.00039526637,-0.0001204417,0.00020777325,-0.00027658972,0.00023478888,9.1024602e-05,-0.00041495205,-5.4667505e-05,-0.00070532033,0.00017006669,0.00077627301,0.0066836964,1.0010778e-05,-0.00035768399,-0.00029746786,2.7685838e-05,3.0145613e-05,0.0014096842,0.00015332164,-6.2647442e-05,-0.00016109931,-0.00034827843,0.00020823006,-0.00052581736,2.4901981e-05,7.3990209e-05,-5.4215161e-05,0.0001764118,1.1215875e-05,-2.696725e-05,-0.00017507693
"53",0.00013491018,-0.00079447117,-0.00081321336,0.00050571855,-8.3201812e-05,4.9623801e-05,0.00012329494,-5.2329656e-05,1.6649945e-05,1.0500433e-05,-6.7628247e-06,3.191114e-05,1.1040159e-05,0.00058059234,-0.00098084722,0.00020081131,-1.422224e-05,2.1631981e-06,-3.401865e-05,-0.00013106949,7.081875e-05,0.00014345311,-6.5322045e-06,8.9702969e-06,-7.401409e-05,0.00011313953,-0.00046471955,-2.3639053e-05,-0.0002964685,4.7131299e-05,-1.1590672e-05,7.4981582e-06,-1.5058917e-05,0.00010707172,-0.00011519668,-1.1197263e-05,0.0001114655,2.7787323e-06,-7.5087594e-05,4.2221092e-06,-4.5016074e-06,-8.1984095e-06,3.6509564e-05,0.00024237006,-5.8862863e-05,-0.00019838899,-2.0448139e-06,-1.6169876e-05,0.00010585277,-0.00012645595,0.00055182059,4.980938e-06,0.00056459076,-8.9507165e-05,3.5047696e-06,-8.4477367e-05,-8.3470058e-05,-0.00016495458,0.0001627286,1.9413082e-06,-0.00020466482,-2.2530597e-06,0.00018425356,-9.7782908e-06,7.9185636e-06,-0.00066445667,-8.6846384e-05,4.6471978e-05,-5.9973031e-05,-7.3214711e-06,-1.0492797e-05,-1.9353175e-06,4.7473819e-06,-0.00023351918,0.00016453521,-0.00025777887,-3.0969658e-05,-0.00013550923,3.7477389e-05,1.1187675e-05,-3.7738308e-05,0.00010416306,0.00012389201,8.1199374e-05,-5.0533332e-05,0.00023569333,0.00012526184,-0.00010386525,8.5727946e-06,-3.6967284e-07,0.0024126155,-0.004977485,0.001131202,0.00066226974,-0.00021591662,0.0006016366,0.00067749329,-0.00036501823,-0.00015460178,-2.5981756e-05,0.00099691878,-0.00053014641,6.7262968e-05,0.00026651031,0.00070638514,-0.0002683933,-0.00027143202,-0.00029999988,-0.00058621857,6.0244686e-05,-0.00091748573,-0.00010374061,-0.0013596567,-0.000638243,0.0010083163,-0.00047317133,5.2977077e-05,-0.00039482531,0.00047737835,-0.00049426016,0.00016667365,-8.789769e-05,-0.00073131199
"54",0.00043213451,2.6338167e-05,0.00067226223,0.00010622274,-3.9478876e-05,1.5932142e-05,-7.5883822e-05,0.00010765299,-7.0726686e-06,-3.2133989e-06,-8.8136393e-06,-1.6148619e-05,-2.9272754e-05,0.00022180427,-0.00058299891,5.5676259e-05,-8.5506052e-05,0.00015643538,6.9051683e-05,0.00010013398,-6.6621979e-05,-0.00012882638,-2.489171e-05,2.5011199e-06,9.4943252e-05,8.1970216e-05,0.00030850819,0.00012494451,5.314507e-05,-0.00032305821,-0.00012588218,9.3631052e-06,1.9363065e-05,4.3097761e-05,-9.2099806e-06,-5.8480883e-05,-4.7511976e-05,-2.7496312e-05,-0.00027083048,-1.5030719e-06,1.4960369e-05,-0.00027339936,-8.8041863e-05,-0.0001594189,0.0001004743,0.00022275612,4.8751562e-05,-2.7424363e-07,-0.0001387112,-1.9635548e-05,-0.00072152528,-0.00033424308,-8.9507165e-05,0.00054288181,0.0002696984,2.0713931e-05,2.7807257e-05,-5.9277799e-05,7.2475975e-05,0.00011200863,0.0001377503,6.4756522e-05,0.00041920915,2.573817e-05,-2.8254627e-05,-0.00024966796,4.2144155e-05,-6.6393807e-06,2.9089192e-05,-4.7566766e-05,-6.2134801e-05,-1.5275451e-05,1.4931649e-06,-2.0192796e-05,0.00010141129,1.0223789e-05,4.9900772e-05,2.0830972e-05,-0.0001104296,-6.4434665e-05,1.2783099e-05,6.3898493e-05,5.3814994e-05,7.4030664e-05,-1.9088634e-05,3.8155247e-05,3.3157133e-05,-0.00013018025,4.1246832e-06,7.8531461e-06,0.00072786846,-0.0016060349,0.00017475773,-0.00014680077,-2.9494926e-05,-7.468956e-05,0.00035851865,0.00017563402,1.6084339e-06,-1.6556425e-06,3.817059e-05,-0.00018404805,-0.00065623568,-0.0003471806,-6.362109e-05,0.00047524307,0.00019155226,-7.004242e-05,-0.00027031684,-6.4841934e-05,-0.00035410237,9.3677139e-05,-0.00017761008,-0.00018677385,0.00074708979,-0.00010066366,-1.7368713e-05,-0.00012388355,0.00014988231,-0.00023466521,5.7196551e-05,-1.0378302e-05,-9.842055e-05
"55",0.00013291837,-0.001377748,0.0012713469,0.00036411832,-3.1616947e-05,6.4648785e-05,-0.00037164274,-7.3696205e-05,-7.9158599e-05,-1.1734905e-05,-1.7459013e-05,-5.8671372e-07,-1.6889325e-05,0.00057826549,-0.0013521317,0.00011709332,1.7404706e-05,0.00012355692,-0.00029314074,0.00016082829,0.00026326152,0.00027720085,-6.840902e-05,1.1820788e-05,0.00014828964,-0.00011356798,-0.00046669865,-1.0769499e-05,1.3939403e-06,-0.00011852731,-0.0017923227,5.199975e-05,7.9469554e-05,-0.00018897482,-2.5853982e-05,7.1235586e-05,5.5956475e-05,0.00011592738,0.00052482656,1.2334693e-05,4.8588261e-05,-0.00020618753,0.00041591447,-0.00026446711,-0.00040123056,-0.00027047593,0.00014709032,-1.5911091e-05,-0.00013912064,0.00027627938,0.00073268114,-0.00013338179,3.5047696e-06,0.0002696984,0.0030981712,-3.1193973e-05,-8.5931318e-05,0.00042071388,4.0377156e-05,-0.00013738271,-0.00013952868,-0.00018361996,-0.00078166957,-6.3428252e-05,-7.9382417e-05,-0.00074025718,-1.1851922e-05,-4.1620071e-05,0.00014967316,0.00010120663,8.6737343e-05,-5.1237318e-05,5.5720752e-06,-0.00014086299,8.347925e-06,-0.00028773326,3.4206013e-06,1.5516926e-06,-3.7781706e-05,-0.00079312183,-5.4287853e-05,0.00021172235,-3.3546478e-06,0.000236267,9.606042e-06,0.00016121191,0.00017173011,0.0001760105,5.4066963e-05,2.3661489e-05,0.0021356312,-0.003127483,6.879607e-05,0.00018697356,0.00014911507,-0.00017214984,-3.6614857e-05,-0.00033920665,6.6480531e-05,-2.0160969e-05,0.00055547922,0.00020636996,0.00054411557,-5.4381663e-05,5.6755334e-06,9.0018739e-05,0.0030233323,0.00015111254,-0.00085595695,0.00022823486,-0.0010719014,-0.00017798742,-0.00092039206,-0.00071685418,-0.00026799936,-0.00025987454,-5.749824e-05,-0.00048229384,0.00052382733,-0.00041119292,0.00014354528,-9.3186093e-06,-7.1189559e-05
"56",-0.00061950061,-1.848699e-05,0.00088041004,-0.0002549642,4.2810567e-05,-3.3202543e-06,-0.00027635319,-0.00014264245,-3.7871963e-05,5.4833926e-06,-3.0138622e-05,-1.5878205e-05,2.3134823e-05,0.0010638136,-0.0017943841,0.00045218345,-0.0018808039,-6.4577521e-05,-0.00010758355,-2.7863596e-05,-2.604606e-05,-0.00015711324,-1.7494206e-05,1.800008e-06,3.0793344e-05,-9.3250232e-05,-0.00040141757,-2.0522683e-05,1.0786781e-05,1.72375e-05,-1.1386622e-05,-0.0018510583,-0.0010177475,4.7893882e-06,-0.00015493649,1.6967304e-05,-9.2427419e-06,3.2347987e-05,0.00020729184,8.9068149e-05,-3.8431112e-07,0.00011757158,0.00029691742,-3.0446475e-05,9.9755498e-05,0.00018545519,1.6186328e-05,-1.0261878e-05,-5.2911231e-05,2.6922682e-05,0.00062278169,4.7626043e-05,-8.4477367e-05,2.0713931e-05,-3.1193973e-05,0.003557962,0.001894787,3.5528497e-05,0.000111162,-0.00019900284,-0.00010058326,8.2263443e-06,-0.00023242798,-0.00026043631,6.7466384e-06,0.00020864654,3.3795723e-05,-3.4337511e-05,-9.8687207e-05,-4.819835e-05,-2.5396451e-05,1.579345e-05,-2.4394612e-06,7.1625861e-05,4.1335951e-05,4.252231e-05,1.4194475e-05,2.1842328e-06,-1.2346744e-06,-5.9169869e-05,-0.00075303853,-0.00048546246,-5.8473209e-06,-0.00016121336,-5.1242248e-05,-6.6450934e-05,-0.00010905132,0.00016756315,8.0536459e-05,5.8169091e-06,-0.0010154655,0.0032551122,-0.00058689165,-0.00023351086,0.00025916488,-0.00017029956,-0.00013896783,0.00036765028,8.4504993e-06,-4.7060437e-06,-0.00049056978,-0.00010828551,0.00071008054,6.0885186e-05,-0.00017117706,7.8270517e-05,0.000132799,0.003492171,0.0022034693,-0.00031629618,0.00077804921,-1.2822942e-05,0.00066822763,0.0004599925,-0.00096276796,4.1752737e-05,-2.9167472e-05,0.00023466441,-0.00029304125,0.00049185941,-4.689299e-05,5.5541529e-05,0.00039161477
"57",0.00096761123,0.0010352219,0.0018305649,8.9070395e-05,-4.562251e-05,-7.5895332e-05,-0.00033140902,0.00018657687,6.2205013e-06,3.6536701e-05,-2.2281994e-05,-5.4111245e-05,-2.8228069e-05,0.0008846768,-0.0016959365,0.00034728613,-0.0015062956,9.1603624e-05,-1.9630739e-05,-0.00016569959,-0.00014628789,-0.00023244516,-1.4024903e-05,1.149307e-05,-8.767579e-05,7.2445226e-06,0.00012539426,6.1892984e-05,-1.2089902e-05,3.8743311e-05,0.00011212436,-0.0010307619,-0.0017281115,0.0001112054,-4.1949194e-05,2.621368e-05,0.00016837885,9.3647423e-05,8.6602999e-05,-3.9212496e-05,5.4794167e-06,-0.00019934174,2.3730586e-05,8.7280186e-05,0.00010990702,0.00018625384,1.8332101e-05,-1.3933441e-05,4.0474986e-05,3.2707231e-05,-0.00033577106,-9.5810255e-05,-8.3470058e-05,2.7807257e-05,-8.5931318e-05,0.001894787,0.0032467183,-0.00020213485,0.00019533381,-2.8174767e-05,-0.00026911132,-4.2316835e-05,-0.00021980168,0.00013582367,-1.7266981e-05,0.00017676473,7.192188e-05,2.5703678e-05,-9.0397272e-05,-0.00011527535,-8.0038327e-05,9.8532816e-06,-1.9592256e-06,4.3827502e-05,-2.4876389e-05,0.00018216852,7.505839e-05,-1.6477029e-05,1.8774576e-05,8.5646216e-05,-0.00043821452,-0.00081520421,4.6053281e-05,-9.5478278e-05,5.0847537e-05,5.2161585e-05,-6.2253936e-05,8.5510442e-05,1.8643206e-05,7.6370066e-06,-0.00046075813,0.0011487887,-0.00010919492,-0.0003441269,2.7268845e-05,0.00010665034,0.00019821564,0.00037184155,-1.87196e-05,-3.9759617e-06,-0.00027589141,-0.00021637827,-0.00011890254,-0.00018249744,-7.769383e-05,1.8635018e-06,-0.00026613809,0.0019230265,0.0034098424,-0.00042621866,0.00047666658,-0.00013625018,7.9663499e-05,0.00018060987,-0.00053825966,0.00018099183,-2.5808265e-05,0.00014264256,-0.00015784135,-9.9031218e-06,-3.3880957e-05,1.8068019e-05,0.00015081406
"58",-0.0013476773,0.0016346843,-6.7633281e-05,-0.0014257612,0.00026657844,-0.00013032928,-0.0002219633,-0.00015090467,3.0546674e-05,-2.5744482e-05,-3.9416651e-05,5.7873114e-05,-0.00011684448,0.0019483977,-0.0037348843,0.0011255107,-0.0063226803,0.00014988509,5.9434141e-05,7.4422509e-05,-4.0903686e-05,-3.6047474e-05,-5.0405424e-05,3.4818108e-06,0.00012057306,-0.00023542444,0.00039398181,-0.00068880716,0.00010356695,5.5684264e-05,-0.00015933108,1.2216721e-05,0.00014540426,-0.0026340907,0.00014758984,1.1364951e-05,-0.00014141736,-9.2547914e-05,-0.00013298505,-5.1971485e-06,5.323288e-05,-0.00033402264,-0.00015293217,-0.00015815061,5.5948202e-05,0.00023171778,7.4822803e-05,-1.0212953e-05,-0.00012214079,0.00025438052,-0.00065009425,0.0013969313,-0.00016495458,-5.9277799e-05,0.00042071388,3.5528497e-05,-0.00020213485,0.0049677463,-0.00031834228,3.3872269e-05,0.00026528732,0.00015945839,0.0001724094,4.4435649e-05,-9.8666313e-05,0.0020704305,0.00041621191,-0.00012301091,1.6753476e-05,9.0332342e-05,0.00016530503,-4.4093537e-05,2.103733e-06,0.00045035801,-0.00028001453,0.00046226228,-5.6770576e-05,2.8135181e-05,-4.5847101e-05,-0.00010132846,0.00012932337,-0.00023390012,-0.0014436255,-0.00044056062,-7.3942034e-06,-0.00061643293,-0.00041288998,0.00021234905,-8.394339e-05,2.5867339e-05,-0.006924454,0.014257511,-0.0024870853,-0.0021190003,0.00051814976,-0.0010786584,-0.0020890558,0.00045161178,0.00053096893,6.2037909e-06,-0.0024545847,0.0011552504,0.00057626711,0.00051270846,-0.00050658463,0.00042286134,0.00097028903,0.00026496756,0.0012080969,0.0042690779,0.0030629845,0.00051444306,0.0036112546,0.0021344131,-0.0023309433,0.0013856397,-0.00021617186,0.0011650924,-0.0014267418,0.0015991912,-0.00051689628,0.00017371728,0.0016685931
"59",0.00094910098,-0.0010337065,-0.00032426829,0.0006471324,-0.00014601404,8.828119e-05,5.2785105e-05,0.00013535841,-1.3550558e-05,4.1464066e-05,4.5273251e-05,5.8040997e-06,1.8234219e-05,0.00091183414,-0.0015582576,0.00044000323,-0.0003166532,-9.4580328e-05,5.7396945e-05,-0.00028978816,-4.7375371e-05,-0.00022455575,1.8451343e-05,2.9495362e-07,-0.00026041213,5.8289016e-05,-0.00077096324,-1.1082603e-05,-9.9563373e-05,-3.1448041e-05,-1.9062627e-05,-0.00010993783,-0.00012282158,0.00014827558,-0.001922804,-0.00057771048,0.00048974335,7.8431917e-05,3.8221112e-05,-1.3003893e-05,-5.0948275e-06,0.00015044306,-2.6436817e-06,0.00040586751,4.7474617e-05,0.00032888531,1.2407941e-05,-3.2884737e-07,0.00059859275,-0.00019309575,0.001448575,-5.8429703e-05,0.0001627286,7.2475975e-05,4.0377156e-05,0.000111162,0.00019533381,-0.00031834228,0.0034372264,0.0010515307,-0.00087635733,-0.0001092094,-0.00012186521,0.00010437632,-1.8552915e-06,-0.00072258541,-0.00014339886,0.00011955355,-0.00020640846,-0.00015120565,-0.00026237653,1.2705388e-05,3.6426362e-06,-0.00038487904,0.00016312485,-0.00016243958,-8.0031089e-05,-4.5082371e-05,1.6199073e-05,6.1650697e-05,-0.00013227847,6.7497275e-05,0.00011864047,-0.00075014219,-0.00024652631,0.00037238553,0.00015648625,-0.00015691267,-1.2400819e-05,-4.4313716e-08,0.002479494,-0.0062958841,0.00055283442,0.0007514768,-0.00042039638,0.00094432102,0.0010399341,0.00051135003,-0.00027091438,-3.8985442e-07,0.0016429415,-0.00058479939,0.00029328431,0.00040299969,0.00028375378,-0.00016643442,-0.00044399436,0.00024768327,-0.00051144422,-1.4203788e-05,0.0020908223,0.00090209882,-0.0020937485,-0.00084891442,0.0012461747,-0.00032140649,5.311551e-05,-0.00056094343,0.0006743517,-0.00084523144,0.00019830386,-5.0956944e-05,-0.00043084552
"60",0.00089625413,0.00073795736,-0.0013738419,5.2894007e-05,-7.9949147e-05,-5.6518188e-05,0.00060741327,0.00011567755,8.8952334e-05,5.3933174e-07,-2.3345172e-05,-0.00010459717,-4.659247e-05,0.00020626984,-0.00039463137,0.00024450486,-0.00022306975,-5.0637646e-05,0.00020270358,1.1038096e-05,-9.3778416e-05,0.00010886486,4.4273278e-05,1.3517596e-05,7.4474297e-05,-0.00017348122,0.00019243246,-0.00011931605,-1.4378601e-05,-5.4590566e-05,0.00011015935,5.0770381e-05,6.1384311e-05,-5.8693918e-06,-0.00057494216,-0.0017654033,-0.00013644531,0.0001492863,-0.00011474471,-6.5189846e-05,8.3327387e-06,-3.5505825e-05,-0.00044337272,-3.8516778e-06,2.2482733e-05,-0.00034048551,-4.646859e-05,-2.2922793e-05,-1.1287405e-06,0.00022993071,-0.00049114078,0.00012703744,1.9413082e-06,0.00011200863,-0.00013738271,-0.00019900284,-2.8174767e-05,3.3872269e-05,0.0010515307,0.0036124346,0.00020766633,-0.00038098528,0.00010654305,0.00018891683,-2.4489867e-05,-0.0001858908,-3.6567922e-05,0.00013712547,-3.1062245e-05,-9.3876251e-05,6.3007344e-05,-1.9776448e-06,3.3120091e-06,-2.1525918e-05,-6.3744859e-05,6.2408859e-06,-8.0343452e-05,-1.9990649e-05,-1.395683e-05,9.7209439e-05,-3.2474629e-05,0.00011953256,-4.3214417e-05,-0.00019137929,-0.00076394708,-1.0712706e-05,0.00014393973,-0.00017764679,1.3595265e-06,5.4512289e-06,0.0015810253,-0.0042279903,0.0015031337,0.00056169149,-0.00050263964,0.00050058842,0.00078916638,-0.00077143507,-0.00013491102,-1.6989502e-05,0.0004592413,0.00010141122,-0.00088477178,0.00029775517,0.0001436858,8.8461661e-06,-0.00048609298,-0.00067324272,-0.00049641957,0.00068291,0.00015758419,0.0033352037,-0.0006421077,-0.0010265375,0.001042653,-0.00023210398,1.9438391e-05,-0.00012584208,0.00021950917,-0.00055793427,4.1729548e-05,-0.00012134437,-0.00085962558
"61",0.00050451711,0.0011169164,0.00081166378,-0.00039719129,9.1044398e-06,3.4847346e-06,4.1466974e-05,0.00020373994,3.3292873e-06,6.2278798e-06,5.0613765e-06,-3.4428371e-05,7.9249001e-05,0.00011374182,-0.00026401653,-1.9725908e-05,-0.00037083742,8.8757371e-05,-5.8396853e-05,0.00051196956,-0.00023063528,6.8547431e-05,-9.4356653e-05,8.7756082e-06,0.00019084318,-0.00013690233,0.00062652534,2.9476625e-05,0.00011420484,-7.6063824e-05,7.6019529e-05,-3.0454939e-05,0.00012350216,-0.00013667396,0.00052950296,-0.00017432407,-0.002991482,-0.00047675773,2.6279681e-05,-2.1228766e-05,1.6011075e-05,-0.00027933306,8.3128755e-05,-0.00076714611,0.00028487793,-0.00011352678,0.00014230776,-1.376183e-06,-0.00053571144,0.00012929339,-0.0010323706,-0.00014034711,-0.00020466482,0.0001377503,-0.00013952868,-0.00010058326,-0.00026911132,0.00026528732,-0.00087635733,0.00020766633,0.0052531644,0.00093846917,-6.7125058e-05,-6.1854332e-05,-2.8020421e-05,0.00028256686,2.4180006e-05,4.6019695e-06,0.00023751646,-9.1944238e-05,0.00010336384,-2.3016976e-05,-6.0158979e-06,0.00023581427,-4.4473009e-06,0.00025370403,8.8774365e-05,5.440283e-05,-5.2158949e-05,-1.175075e-05,3.5051083e-05,5.2193815e-05,-5.3864192e-05,0.00015779357,-5.736822e-05,-0.0012571174,-0.00026527544,0.00010172682,4.1523078e-05,9.2169372e-06,-0.0010807522,0.00081527503,-0.00039380591,-0.0003588251,7.4837673e-05,-0.0010054635,0.00020851738,-0.00020598768,0.0001743825,1.1715594e-05,-0.0011170913,0.00039669113,-0.00089841599,-0.00049818995,-0.00024892165,0.00024008118,5.5505055e-06,0.0001588753,1.4871967e-05,0.00014593412,-0.00050248989,0.00019545745,0.0054916974,0.0011092207,-0.00038486602,2.5995344e-05,-5.5288599e-05,0.00029127574,-0.00027932467,7.5391527e-05,-6.5629573e-05,2.4946709e-05,0.00019391884
"62",-1.7145118e-05,-0.0015680966,0.00093959758,0.0005425456,-0.00011122322,9.1495189e-05,-0.00032139857,-4.9483763e-05,-4.2340329e-05,2.333419e-05,3.5018762e-05,-6.0538765e-05,-8.3132197e-05,0.00060801757,-0.0011950582,0.0002826904,-0.00075672622,1.1921146e-06,-0.00026043236,0.00015763138,6.2409917e-05,-4.312228e-05,-7.9818847e-05,2.0819138e-06,7.5473384e-05,0.00031531743,2.6420435e-05,0.00013706213,2.4664433e-05,-4.5669315e-05,8.7321959e-05,3.468447e-05,-1.2216771e-05,-7.602495e-05,3.010629e-05,9.755642e-05,-0.00058209967,-0.0017668302,0.00024112976,9.3605427e-05,-2.539527e-05,1.7863762e-05,0.00045312983,-0.00027641796,-5.8872579e-06,-7.3680759e-06,0.00020603691,-1.6943223e-05,6.6020103e-05,-0.00041913315,-9.1159155e-05,-0.00030167107,-2.2530597e-06,6.4756522e-05,-0.00018361996,8.2263443e-06,-4.2316835e-05,0.00015945839,-0.0001092094,-0.00038098528,0.00093846917,0.003272156,-0.00040073006,-0.00017675995,5.0429261e-05,-0.0012479975,-0.00021845755,-2.8867292e-05,4.9839212e-05,-1.1893097e-05,-0.00022862829,-5.6779229e-05,7.2190659e-07,-0.00041955674,0.00025837473,-5.3581576e-05,0.00011260355,3.6807926e-05,3.7729841e-05,8.191361e-05,-9.7722015e-05,0.0001689225,4.4064053e-05,0.0002591345,2.9476962e-05,5.7976356e-05,-0.00060699055,2.8938853e-05,5.5574586e-05,-1.3090944e-05,0.0036572341,-0.0052126048,0.0016695197,0.0011189363,0.00021640918,0.00026492271,0.00082727422,-8.1212736e-05,0.00012053386,-3.1556269e-05,0.0015037893,-0.00099100677,-0.0002963045,-9.9834932e-05,0.00011051139,-0.00018682938,-0.00053575763,-0.00041716642,-0.00067627662,0.00060084054,-0.0013795354,-0.00058042756,-0.00057057595,0.0024063193,0.00055066863,-0.00073553579,0.00011767793,-0.00058879323,0.00063636098,-0.00052022412,0.00027547102,-0.00014898454,-0.00068736807
"63",0.00042815793,0.00066279859,-0.0022493047,0.00011284456,-4.3823403e-05,-5.4139977e-05,0.00067872125,-1.6712842e-05,2.4846118e-05,1.6973967e-06,-1.9365796e-05,4.359906e-05,-8.8271485e-05,0.0017844369,-0.0030799988,0.00087781133,-0.0027574887,0.00010211783,-4.3887717e-05,-0.00091690751,-6.3176399e-05,0.00023714321,0.00010643768,5.4699071e-06,-0.00018950264,-4.5858706e-06,0.00065096719,-0.00029583535,-9.7925843e-05,-0.00027864596,0.00049781061,0.00012744925,0.00014825091,-0.00013208516,2.9421574e-05,-5.7028093e-05,0.00010478053,0.00016879874,-0.0027255261,-1.6304299e-05,-3.4128047e-07,-0.00024583718,0.00021495179,0.0015615613,0.00013777886,-0.00034869613,-0.0002136402,-4.3611347e-06,0.00034965949,0.0002579891,-0.0013232533,0.00056690645,0.00018425356,0.00041920915,-0.00078166957,-0.00023242798,-0.00021980168,0.0001724094,-0.00012186521,0.00010654305,-6.7125058e-05,-0.00040073006,0.0046953231,4.5887521e-05,2.2438867e-06,4.894241e-05,-7.3183735e-06,-3.1209138e-05,-0.00054125555,2.3397387e-05,0.00016005088,1.0055803e-05,7.3204034e-06,-8.8784132e-05,-5.172423e-05,0.00024327879,-3.7576964e-05,-2.5030585e-05,-9.8509722e-05,0.00025410056,0.00013477631,5.0672588e-05,-3.8519792e-05,-5.9376263e-05,-6.6682773e-05,8.5668581e-05,0.00014599327,-0.0012472561,-4.381769e-05,-5.5388014e-06,0.00014397746,-0.0023850836,0.00025990811,-0.00017326662,0.00027547872,0.0017579917,0.00037986941,-0.00036892172,-0.00021787352,-9.4124553e-06,0.00033906717,0.00022624327,-0.0016262294,0.00044205738,0.00022692433,0.00039580208,-0.00095841395,-0.00064677591,-0.00056144787,0.00038767053,-0.0002616693,0.00021263271,-0.0004200967,-0.00070184486,0.00516242,-0.00012677507,1.7624767e-05,4.0931039e-06,3.9575714e-05,-0.00021873232,2.7572257e-05,-1.0240369e-05,-0.00039651502
"64",0.00068861743,0.00073181209,9.6021739e-05,-3.9475516e-05,-4.4354776e-05,-3.1039323e-05,7.7190893e-05,0.00013781419,-1.6037408e-05,1.9123504e-05,-3.2364759e-06,3.7515458e-05,6.7928993e-06,-3.8055433e-05,-0.00014117198,5.85865e-05,-4.3003324e-05,-3.5976568e-05,5.9888064e-05,-5.6705285e-05,-0.00013907432,5.4356842e-05,1.2152536e-05,3.0462703e-06,5.9040744e-05,-3.284739e-05,0.00040580007,0.0002048165,8.1270353e-06,-1.1975991e-06,3.7668424e-05,0.00010388277,-2.8593016e-05,-1.3163761e-05,2.9128487e-05,-8.3795344e-05,-1.3110698e-05,0.00013261418,-6.6920185e-05,-0.00029563961,4.9421661e-06,6.6374045e-05,-0.00012353739,9.1427853e-05,0.00014870409,-0.00010308267,-8.658247e-06,-5.2423497e-06,-0.00010750015,1.5377692e-05,-0.0008576454,-0.00043436713,-9.7782908e-06,2.573817e-05,-6.3428252e-05,-0.00026043631,0.00013582367,4.4435649e-05,0.00010437632,0.00018891683,-6.1854332e-05,-0.00017675995,4.5887521e-05,0.00074752762,-1.5397721e-05,0.00019280245,-7.057448e-06,3.8178896e-05,-4.3051344e-05,-7.0790422e-05,3.6253574e-05,-9.257211e-06,2.1362419e-06,5.3070519e-05,1.2913292e-05,0.00018208322,0.00017986326,-7.2624678e-06,-9.5006823e-06,5.3389659e-05,9.0638357e-05,-1.559399e-05,-4.0776261e-05,-2.0432425e-05,2.8774709e-05,2.115816e-05,3.4491715e-05,-5.8975226e-05,-0.00022603668,3.5125256e-06,-0.00047188435,-0.00073893012,-0.00043190138,-1.7425887e-05,-0.00013300204,5.7095504e-05,0.00027910992,-7.4300075e-05,-6.3799396e-06,-5.8419226e-06,-0.00012445358,7.2342106e-05,-0.00091613465,-0.00064455315,-8.891273e-06,1.4834973e-05,-6.4339342e-05,-3.0498545e-05,6.808489e-05,4.0326767e-05,8.1284025e-05,0.0001718427,-6.3244976e-05,-0.00018873509,0.0001766422,0.0008912264,-1.4143847e-05,6.017549e-05,-4.0927728e-05,-0.00015109498,-2.3486444e-05,4.0887499e-05,6.8488986e-05
"65",2.1588558e-05,-0.00035105614,-2.5496629e-05,0.0001335808,-2.6831314e-05,2.7520354e-05,-5.5914889e-06,-1.7978746e-05,-5.8947471e-06,-4.9042199e-07,8.1954218e-06,-5.5061031e-06,-5.0148631e-07,5.2476658e-05,-5.5526981e-05,-1.1283165e-05,0.00023914858,-1.4836409e-05,-2.8343487e-05,3.4509516e-06,1.8348852e-05,6.4411721e-06,-5.0861198e-06,3.3549813e-08,-1.0043773e-05,5.4256316e-05,-9.0361664e-05,-7.626639e-06,-3.1433385e-06,1.1695048e-05,4.1318362e-05,-2.0356173e-06,2.7231261e-06,5.4058325e-05,-1.635576e-05,5.5799662e-06,8.1380577e-06,-3.6383157e-05,1.1500482e-05,3.2656473e-06,-2.3604723e-05,2.7379931e-05,5.2948678e-05,8.0027653e-07,-1.3704477e-05,-1.2296763e-05,9.8025722e-06,-1.2077251e-06,3.266223e-05,-9.5009518e-05,0.00013852661,1.5011477e-05,7.9185636e-06,-2.8254627e-05,-7.9382417e-05,6.7466384e-06,-1.7266981e-05,-9.8666313e-05,-1.8552915e-06,-2.4489867e-05,-2.8020421e-05,5.0429261e-05,2.2438867e-06,-1.5397721e-05,4.1076676e-05,-0.0002466328,-4.4947667e-05,2.8468418e-06,1.2389651e-06,4.1340036e-06,-1.3092122e-05,8.6542335e-07,-4.2977781e-07,-6.9999344e-05,5.4803586e-05,-5.2102421e-05,-2.5527574e-05,3.1795215e-06,1.6555213e-05,2.4125652e-05,-9.7908922e-06,4.1266206e-05,5.2577597e-05,5.2762353e-05,-1.2258478e-06,7.187456e-05,1.5901178e-05,-2.4593597e-05,8.2884076e-06,-1.1762535e-05,0.00077245064,-0.0014968733,0.00027752968,0.00023692734,-4.552876e-07,0.00010223545,0.00019152716,-6.3625473e-05,-3.8592281e-05,-1.4441517e-06,0.00031956317,-0.00020029908,7.6214136e-06,9.2928787e-05,3.7692997e-05,-8.6346295e-05,-0.00015004097,-4.6012545e-05,-0.00019656653,-3.9232067e-05,-0.0003437773,-5.3238803e-05,-0.00040638773,-0.00011591651,0.00025945093,-0.00015391917,5.4715657e-05,-0.00013687659,0.00016283573,-0.00015207719,6.3325787e-05,-2.1239998e-05,-0.00016233945
"66",-0.0038535486,0.0096572585,0.0032813307,-0.010044355,0.0011013603,-0.00087930792,-0.0019294964,-3.3771917e-05,0.00024243648,-3.6916356e-05,-0.00018038427,-0.00026629839,-0.00074969258,-0.0016310133,0.002380229,0.0021438117,-0.023601562,-0.00012468053,0.0010822955,0.0003834174,-0.00024273198,-5.0035377e-05,0.00018253298,-5.4922166e-05,0.00051248792,-0.0016545249,0.0027045133,0.00018201916,0.00032380261,0.00025233397,0.00059621994,-0.00027670452,0.00010181101,-0.0010051088,0.00076557885,9.0449728e-05,-0.00018959804,0.00097869094,-0.00016416674,-3.6026848e-05,0.00011455639,-8.5378968e-05,-0.001683745,-0.0010150229,0.00022715207,0.00044811985,-0.00037128665,8.8558723e-05,-0.00080681958,0.0020802535,-0.0046728979,0.00015294123,-0.00066445667,-0.00024966796,-0.00074025718,0.00020864654,0.00017676473,0.0020704305,-0.00072258541,-0.0001858908,0.00028256686,-0.0012479975,4.894241e-05,0.00019280245,-0.0002466328,0.021943881,0.0029607408,-0.0014514035,0.00042224391,0.0007028094,0.0017234567,-0.00011386079,-2.2725477e-05,0.0058469735,-0.0034807025,0.0028914431,0.0016174335,5.0192496e-05,-0.00077254796,4.8366854e-05,0.00097628236,-0.0035810765,-0.0030338035,-0.004908732,0.00061213793,-0.0061464287,-0.0030104549,0.0022962953,-0.00063979532,6.4969209e-05,-0.068686091,0.13806162,-0.030930232,-0.01822755,0.0044050838,-0.012002114,-0.020170822,0.0058433438,0.0040489014,0.00026931556,-0.024624132,0.011385006,0.0085167504,-0.0076769752,-0.004484301,0.004732086,0.0058803911,0.0077498527,0.015446659,-0.0041774916,0.030708761,0.0022009757,0.033599918,0.016294909,-0.024474754,0.013554502,-0.0015024584,0.010015903,-0.011761852,0.012939305,-0.0054669233,0.0022785528,0.018798447
"67",-0.00046883034,0.0014036585,0.00066664949,-0.0013653587,0.00012466335,-0.00013369972,-0.00033220294,4.3795267e-05,2.0717176e-05,-4.173673e-05,-2.9195527e-05,-8.0626201e-06,-6.8653285e-05,-0.00027424564,0.00036038857,0.00010677323,-0.0027737996,0.00031019931,8.2947481e-05,0.0001241874,-4.0140765e-05,-2.3779919e-05,1.5508655e-05,-2.1378665e-06,8.6756499e-05,-0.00025497154,0.00040494667,2.1037102e-05,2.4748612e-05,-9.0903982e-06,3.3376365e-06,-2.7898691e-05,2.0375224e-05,-0.0002195678,0.0001683253,2.2678749e-05,1.9392377e-05,0.00019988998,-2.316402e-05,1.4848206e-06,2.4040034e-05,-0.00041567215,-0.00015723109,-0.00022180596,1.8795861e-05,0.00011577359,-4.6052696e-05,8.38607e-06,-0.00014609519,0.00020936128,-0.00080725146,9.7280015e-06,-8.6846384e-05,4.2144155e-05,-1.1851922e-05,3.3795723e-05,7.192188e-05,0.00041621191,-0.00014339886,-3.6567922e-05,2.4180006e-05,-0.00021845755,-7.3183735e-06,-7.057448e-06,-4.4947667e-05,0.0029607408,0.0013345953,-0.00032101109,0.00013014484,5.6745581e-05,0.00017099254,-1.7398841e-05,9.322447e-06,0.00085883758,-0.00050112478,0.00042772373,0.00010477682,-8.7728633e-06,-0.00021986253,-8.7959977e-05,0.00016603299,-0.00048468987,-0.00065659336,-0.00056879285,7.6381954e-05,-0.00080353424,-0.00031317408,0.00014805286,-3.3709304e-05,2.2500758e-05,-0.0092612877,0.018615748,-0.0040950372,-0.0041442126,0.00080844516,-0.0018226092,-0.0026478944,0.00091587809,0.00051473788,1.70637e-05,-0.0034917854,0.001578504,0.00098793949,-0.00079826469,-0.00056205199,0.00087663134,0.00097371164,0.00090282879,0.0020961204,-0.00013968605,0.0039182171,0.00030887683,0.0045193707,0.0019509125,-0.0029700734,0.0016958268,-0.00022957812,0.0013503794,-0.0015996956,0.0017485671,-0.00073961694,0.0002994166,0.0024641163
"68",0.0004494003,-0.00018600524,-0.0007826626,0.00070358491,-6.1416576e-05,3.714639e-05,0.00038845109,2.1498016e-05,-4.5484843e-05,-1.0560455e-05,-8.1768119e-06,4.150859e-05,8.7792948e-05,-0.00012796527,0.00013219722,-0.00067302137,0.0027561809,-7.4503659e-05,0.00061106087,-7.2509209e-05,-4.1884383e-05,4.2079473e-05,3.7138799e-05,-6.9046893e-07,-4.9432591e-05,0.00011099372,5.6605549e-05,-2.0047675e-05,-2.2999761e-05,-2.8835193e-05,3.9393569e-05,-2.1290533e-05,-7.3609239e-05,4.960126e-05,-8.7818663e-05,-8.190005e-05,5.7408025e-05,-3.2186244e-06,2.0289225e-05,-1.196309e-05,-3.3666851e-06,0.0001445358,-0.00073589389,0.00017384772,5.7477162e-05,-0.0001174891,-4.12159e-05,7.7705039e-06,-1.2496586e-05,-7.682101e-05,-3.7864178e-05,-1.4399692e-05,4.6471978e-05,-6.6393807e-06,-4.1620071e-05,-3.4337511e-05,2.5703678e-05,-0.00012301091,0.00011955355,0.00013712547,4.6019695e-06,-2.8867292e-05,-3.1209138e-05,3.8178896e-05,2.8468418e-06,-0.0014514035,-0.00032101109,0.0016728652,2.066334e-06,-7.3465476e-05,2.6889417e-06,9.2887889e-05,-4.7517233e-06,-0.0003411363,0.00029335209,9.7695045e-05,-2.5371732e-05,-2.2540215e-05,-2.4724365e-05,-1.3497744e-05,-0.00010681856,8.2541913e-05,0.0001526801,0.00025492263,-0.00013866836,0.00046590355,0.00022522026,0.00011034327,5.4752442e-05,-4.166322e-06,0.0047567776,-0.010456135,0.0019924313,0.001564238,-0.0031724452,0.00088893534,0.0016155183,-0.00060499671,-0.00050638639,9.9586998e-06,0.0016286113,-0.00089197797,-0.0013842357,0.00040490436,0.00037647104,-0.00025594372,-0.00043517707,-0.00036894249,-0.0008738042,0.00038670767,-0.0020080132,9.741484e-05,-0.0025101174,-0.0012893509,0.0013368503,-0.0009377499,9.1319058e-05,-0.00067460254,0.0008090501,-0.00097465949,0.00037642255,-0.00013906987,-0.0013691121
"69",-0.0005082014,-2.9040605e-06,-6.5387379e-05,-0.00039816221,3.1539621e-05,-7.0275553e-06,-7.0166695e-05,-4.8150852e-06,-7.1763196e-05,2.2276521e-05,4.2898805e-06,-5.7828621e-06,-8.3577423e-05,-0.00078560955,0.0010590915,-0.0015057136,0.0026826259,8.8079979e-05,9.1274565e-07,0.00079868095,1.0050041e-06,-4.0911238e-05,1.9063252e-05,2.9113531e-06,0.00019769021,-8.4108005e-05,-0.00011210317,-8.7627389e-05,4.4603908e-05,-2.2910068e-05,-0.00010168374,6.3785289e-05,6.2812195e-05,-2.3703844e-05,8.6454286e-05,1.1079305e-05,-0.00017788975,2.4914834e-05,0.00042790795,1.7366918e-05,4.5942839e-07,-8.0935074e-05,2.9338747e-05,-0.0010314051,1.1706887e-05,-3.2831277e-06,-4.0870768e-05,4.5900841e-06,-0.00028418784,0.00012895382,-5.0841694e-05,0.00012206106,-5.9973031e-05,2.9089192e-05,0.00014967316,-9.8687207e-05,-9.0397272e-05,1.6753476e-05,-0.00020640846,-3.1062245e-05,0.00023751646,4.9839212e-05,-0.00054125555,-4.3051344e-05,1.2389651e-06,0.00042224391,0.00013014484,2.066334e-06,0.0016906916,0.00010070806,7.0737309e-05,5.5325476e-05,1.0349829e-05,0.00026990151,-0.00017965479,-6.3563815e-05,-0.00019038858,2.8374023e-05,-6.7578935e-05,-9.7418441e-05,0.00011344262,-6.6155701e-05,-4.2300803e-05,-0.00011246649,5.3921996e-05,-0.00027624966,-6.8512177e-05,0.00082146916,3.5943293e-07,-5.5023715e-06,-0.0016412734,0.0027739774,-0.0010536078,-0.00065602733,0.00010981536,-0.0034707763,-0.00058814004,0.00011386655,-3.790984e-05,-6.7014553e-06,-0.00090121092,0.00062859003,0.000348536,0.00027405911,-0.00022530614,0.00017904777,0.00047898438,0.00023652696,0.00029004952,-0.00019166259,0.00047565829,-9.0738348e-06,0.0011025199,0.00044569086,-0.0020270968,0.00029267249,-2.1210493e-05,0.00025142532,-0.00028619438,0.00036822208,-9.3587609e-05,7.6519782e-05,0.00052131706
"70",-0.0006110364,-0.00019414182,-7.8508929e-05,-0.00025037274,3.7385084e-05,2.1620991e-05,-9.495122e-05,-8.831031e-05,-2.8843397e-05,1.7819131e-05,5.5694374e-06,-5.4552762e-05,7.1946389e-06,-0.00012489351,0.000279709,-0.00014259464,-0.00031480321,1.2176283e-05,5.7896825e-08,7.1431267e-06,0.00071246096,0.00031664831,-1.0534164e-05,-1.2512721e-05,-0.00013094795,5.2257914e-05,-0.0002470744,0.00013531686,-1.6559322e-05,3.8948461e-05,-0.00010037622,4.0635701e-05,6.0178077e-05,-7.6352627e-05,6.8309536e-05,5.5296639e-05,8.8828438e-05,3.5228004e-07,3.5988564e-05,3.742695e-05,-2.2648184e-06,9.8251893e-06,-4.1863728e-06,-2.7824392e-05,-0.00080545664,-0.00033160062,1.9088015e-05,1.0167115e-05,8.3719388e-05,-1.7609243e-05,0.00022089577,-1.2875318e-05,-7.3214711e-06,-4.7566766e-05,0.00010120663,-4.819835e-05,-0.00011527535,9.0332342e-05,-0.00015120565,-9.3876251e-05,-9.1944238e-05,-1.1893097e-05,2.3397387e-05,-7.0790422e-05,4.1340036e-06,0.0007028094,5.6745581e-05,-7.3465476e-05,0.00010070806,0.0016491193,0.00081082829,-0.00011528578,-9.889531e-06,0.00017918155,-0.0001043896,-3.701177e-05,0.00021615125,-7.8694573e-06,2.4360925e-05,-0.00024396217,-2.1140823e-06,-0.00017530925,-0.00018531371,-0.00014553813,-6.7153138e-05,-0.00018125289,-1.5369245e-05,0.00024396816,5.1273931e-05,3.5746507e-06,-0.0023426924,0.0046283618,-0.0013657047,-0.00055764265,0.00022793702,-0.00061264151,-0.0035809494,-0.0010555122,0.00034234403,3.0759342e-05,-0.00071710104,0.0004797602,0.00084521013,-0.00036880133,-0.0001952765,3.114254e-05,0.00072743457,0.0004241584,0.00045953172,3.024447e-05,0.0008818114,0.00016344974,0.0009562557,0.0004412216,-0.0010945078,0.00031839743,-4.2621584e-05,0.0002936274,-0.00035198449,0.00051612171,-0.00017386791,9.9492916e-05,0.00069473948
"71",2.9390145e-05,0.00082350729,-8.0916696e-05,-0.00074630636,3.6503156e-05,-5.1284037e-05,2.56435e-05,5.2964183e-05,2.2205572e-06,-4.1613504e-06,-2.1574041e-05,2.7370311e-05,-7.1198513e-05,-0.00014777685,0.00020564033,6.3395583e-05,-0.0010589498,-4.4906284e-05,0.00015458606,-1.7729428e-05,0.00029181932,0.00088179264,-2.989359e-05,-4.7372795e-06,8.1169697e-06,-9.9403394e-05,-0.00019632869,0.00012919854,-4.3361777e-06,5.7961143e-05,-8.9809622e-05,3.540892e-05,0.00011314851,-0.00014245433,0.0002695595,-3.1833938e-05,-8.652087e-06,0.0001267226,-0.00015132611,-9.206159e-06,2.57244e-06,4.2077401e-05,-0.00024128763,-6.347312e-05,-0.00033918878,-0.0010716618,3.0572769e-05,8.8723004e-06,-7.0143577e-05,0.0002123494,-0.00011672523,-0.00013991434,-1.0492797e-05,-6.2134801e-05,8.6737343e-05,-2.5396451e-05,-8.0038327e-05,0.00016530503,-0.00026237653,6.3007344e-05,0.00010336384,-0.00022862829,0.00016005088,3.6253574e-05,-1.3092122e-05,0.0017234567,0.00017099254,2.6889417e-06,7.0737309e-05,0.00081082829,0.0023614682,-0.0001326649,-9.3873469e-06,0.00044927667,-0.00031259526,-0.00079299032,0.0003614826,-9.0121772e-06,-1.7826341e-05,-0.000298563,2.5123595e-05,-0.00028555685,-0.00025388111,-9.5001006e-05,-0.00018039128,-0.00057351306,-0.00026403656,8.059103e-05,-5.0928408e-05,7.7825064e-06,-0.0052428696,0.0091889914,-0.0029308373,-0.0013417754,-1.7353765e-05,-0.0010567007,-0.0027467444,-0.003543989,0.00051709301,3.0474655e-05,-0.0017488615,0.0011184009,0.0022703094,-0.00089731634,-0.00034102828,0.00022000106,0.0011153024,0.0008220409,0.00089634484,-0.00038601973,0.0015636466,0.00070703553,0.0024995712,0.0010889951,-0.001553038,0.0010286846,-0.00011165777,0.00075966599,-0.00082897539,0.00084984639,-0.00041891871,0.00021155745,0.0014967455
"72",-6.970747e-05,1.660284e-05,-0.00013967574,4.9693322e-05,-6.0134005e-06,-7.891645e-06,4.0742212e-05,-3.4283881e-05,1.0357122e-05,-1.8137822e-06,-2.889935e-05,-7.0998333e-07,5.887352e-05,-0.00042013325,0.00056453025,-0.0010636526,0.0019681537,8.0076817e-06,3.7443397e-05,1.4285381e-05,-1.63139e-05,-4.8563229e-05,0.0001585466,-2.2856699e-05,7.3073422e-05,0.00010820919,-2.8185197e-05,-4.4901762e-05,4.9777334e-06,4.9692085e-06,2.5413237e-05,7.7805637e-06,-1.5201967e-05,2.6633316e-05,-3.2041715e-05,-3.470045e-05,3.1038622e-05,1.9535841e-05,1.6285818e-05,-4.2691994e-06,3.5829217e-07,-3.7064241e-06,-5.1152089e-05,-1.9108541e-05,4.4237877e-05,5.4709448e-05,-0.00020988161,2.9466496e-05,-0.00013044819,-9.9820365e-05,-1.7977679e-05,9.2583672e-05,-1.9353175e-06,-1.5275451e-05,-5.1237318e-05,1.579345e-05,9.8532816e-06,-4.4093537e-05,1.2705388e-05,-1.9776448e-06,-2.3016976e-05,-5.6779229e-05,1.0055803e-05,-9.257211e-06,8.6542335e-07,-0.00011386079,-1.7398841e-05,9.2887889e-05,5.5325476e-05,-0.00011528578,-0.0001326649,0.00041251848,-6.0227526e-05,0.00016746484,0.00020540731,-0.00017548718,-0.00014344603,2.4488668e-06,2.3464841e-05,3.6620441e-05,5.0471029e-05,2.1591511e-05,0.0001016352,-9.696928e-05,-4.4579735e-05,0.00013526741,6.1048776e-05,6.0349405e-05,2.6669816e-06,-5.5525548e-07,0.00038833295,-0.00053476563,0.00036011228,9.985759e-05,-0.00017268111,-2.7990265e-05,0.00030517104,0.00016511511,-0.0007693045,0.00010643169,-0.00027452788,-0.00033431604,0.00022604417,0.00032619377,3.6549963e-05,-5.5283814e-05,-0.00013914875,-0.00017385504,-1.5906836e-05,-9.6045156e-05,5.0231294e-05,4.4263443e-05,-0.00030260134,-0.00019565899,-9.8990214e-06,-8.5925734e-05,6.5807611e-06,-3.2681967e-05,2.8192383e-05,-1.2114475e-05,3.0295896e-05,-1.6934566e-05,-0.00018926777
"73",6.3999935e-06,-3.3965913e-05,-3.0250839e-05,1.5102366e-05,-6.3895677e-06,5.3937049e-06,4.0865085e-06,2.9602821e-06,1.5532836e-06,1.7928073e-06,8.7182542e-06,3.7221551e-06,-1.1888927e-06,2.3567747e-05,-4.352301e-05,4.4838306e-05,-3.7279773e-05,2.4652805e-06,-4.7412431e-06,4.537955e-06,-9.0834144e-06,-6.8562785e-08,-2.2494461e-05,9.0214327e-06,-3.4777789e-06,-2.9591735e-06,-1.1908761e-05,-2.8190699e-05,-2.9267015e-06,-8.0257426e-07,-5.7398018e-06,-1.3478006e-06,1.923592e-06,1.9872703e-06,7.9619792e-07,-1.3705126e-06,3.6097146e-06,6.7695817e-06,-7.7576372e-06,4.5638704e-07,2.3771488e-07,-3.2842239e-06,1.158558e-05,2.1819751e-06,7.3479535e-06,1.3761659e-07,2.8772204e-05,-1.0411238e-05,1.9211565e-05,-2.3708753e-06,2.111509e-05,2.5385042e-05,4.7473819e-06,1.4931649e-06,5.5720752e-06,-2.4394612e-06,-1.9592256e-06,2.103733e-06,3.6426362e-06,3.3120091e-06,-6.0158979e-06,7.2190659e-07,7.3204034e-06,2.1362419e-06,-4.2977781e-07,-2.2725477e-05,9.322447e-06,-4.7517233e-06,1.0349829e-05,-9.889531e-06,-9.3873469e-06,-6.0227526e-05,2.5289063e-05,-9.462144e-06,7.5657598e-06,-3.077465e-06,-5.5512444e-05,-1.8374907e-06,-2.6241652e-06,-1.0512427e-05,-1.2026801e-05,8.6170054e-07,-5.952108e-06,1.6694194e-05,-2.2323768e-06,3.8211857e-06,7.3970363e-06,-2.6633455e-05,-7.5039555e-06,1.6703373e-06,0.00010169532,-0.0003193877,5.7718786e-05,1.5894211e-05,8.4778203e-06,7.2872476e-06,6.5201368e-05,-1.009271e-05,9.9346996e-05,-4.4470867e-05,5.9319417e-05,-3.9263633e-05,-2.8086407e-05,0.00011279864,1.1609917e-05,-2.796564e-06,1.4350362e-05,7.3033593e-06,-1.6139735e-05,2.8149448e-05,-7.8942488e-05,-5.4436058e-06,-6.3511654e-05,-3.9313693e-05,8.6408566e-05,-1.7698388e-05,-5.5642002e-08,-1.7397605e-05,2.351689e-05,-2.6723796e-05,1.0961716e-05,-3.7484183e-06,-4.2613737e-05
"74",-0.0010953858,0.0028938186,0.00088835227,-0.0029055086,0.0002969116,-0.00025305522,-0.00056883247,2.8569329e-05,0.00016727085,2.3900155e-06,-5.4837148e-05,-0.0001956081,-0.00023385307,-0.00097732556,0.0014561126,-0.00084585091,-0.0040334832,-1.7169785e-05,0.00026643948,0.00030252319,-0.00022086857,-5.2436107e-05,0.00012032528,-1.6955492e-05,0.0011143034,-0.000259506,0.00083400632,-7.7465132e-05,0.0001118243,2.202909e-05,0.00013725611,-0.00012932643,0.0001099551,-0.00017903223,0.00034047796,9.8048718e-05,-0.00010286705,0.00032046713,-3.8194021e-05,-3.0282186e-05,2.7512774e-05,-6.6232083e-06,-0.00049145049,-0.00056849452,0.00014000827,0.00011424623,-0.00022820897,4.0967271e-05,-0.0013864981,0.00036327454,-0.0013109499,0.00027068644,-0.00023351918,-2.0192796e-05,-0.00014086299,7.1625861e-05,4.3827502e-05,0.00045035801,-0.00038487904,-2.1525918e-05,0.00023581427,-0.00041955674,-8.8784132e-05,5.3070519e-05,-6.9999344e-05,0.0058469735,0.00085883758,-0.0003411363,0.00026990151,0.00017918155,0.00044927667,0.00016746484,-9.462144e-06,0.0037224442,-0.00036294902,0.00095414439,0.00023317695,2.4026894e-05,-0.00027276437,7.317468e-05,0.0003914631,-0.00078548443,-0.00059526339,-0.001229718,0.00029983533,-0.0015913319,-0.00068742833,0.0005217658,-0.00018474387,1.9010304e-05,-0.017881569,0.037761586,-0.0072848913,-0.0048340137,0.0011719672,-0.0034409043,-0.005351307,0.0013832757,0.00072304808,8.3129916e-05,-0.010579523,0.0020040906,0.0023029647,-0.001524206,-0.001210409,0.0014526818,0.001484203,0.0013557043,0.0039860441,-0.0014176699,0.0078990942,0.0002394763,0.0090554906,0.00409714,-0.0064048538,0.0034955931,-0.00040867007,0.0027555529,-0.0032528764,0.0035705976,-0.0014978076,0.00053380388,0.0046164278
"75",0.00065730865,-0.0019078929,-0.00049056662,0.001634827,-0.00024314675,0.00018546098,0.00028297431,5.2306583e-05,1.7721887e-05,4.8244144e-06,3.5188546e-05,3.0618711e-05,0.00021730397,-0.00011491238,-8.1962652e-05,-0.0015383434,0.0053719267,3.8818196e-06,-0.00014619872,-0.00012303303,0.00015450293,5.7087234e-05,6.9830402e-05,2.5448712e-06,0.00010018515,0.0018727744,-0.00048633919,9.0840896e-05,-8.7371533e-05,-0.000102759,-1.7697603e-05,-9.5310697e-05,-7.6572665e-05,0.00022111528,-0.00012127328,5.8244253e-05,-1.6510193e-05,-0.00022830033,0.00012080776,-2.7677299e-05,-2.9395203e-05,-5.8620723e-05,0.00026945592,0.000297394,-9.5105406e-05,-4.2066992e-05,-4.6056172e-05,-1.2367311e-05,-5.7744715e-05,-0.0020550829,0.0008599713,-6.6643311e-05,0.00016453521,0.00010141129,8.347925e-06,4.1335951e-05,-2.4876389e-05,-0.00028001453,0.00016312485,-6.3744859e-05,-4.4473009e-06,0.00025837473,-5.172423e-05,1.2913292e-05,5.4803586e-05,-0.0034807025,-0.00050112478,0.00029335209,-0.00017965479,-0.0001043896,-0.00031259526,0.00020540731,7.5657598e-06,-0.00036294902,0.0046503224,-0.00036751408,-0.0002132952,1.7724598e-05,8.2435699e-05,0.00021012932,-7.7616065e-05,0.00061034013,0.00053462584,0.00085397291,2.5181417e-05,0.0009203343,0.00047975966,-0.0003729433,0.0001177473,-2.2332301e-05,0.01125745,-0.022130918,0.0053425472,0.0029567653,-0.00077695942,0.0023694945,0.0033785951,-0.00079282892,-0.00091952638,-6.9095882e-05,0.0030494628,-0.0086667877,-0.0013569255,0.0012084717,0.00071607549,-0.00063413602,-0.0015378067,-0.0013332772,-0.0024188392,0.00073102412,-0.0051052705,-0.00064945738,-0.0051628047,-0.0025018849,0.0039877115,-0.0021943862,0.00027103478,-0.0016100788,0.0018799824,-0.0020369857,0.00085629383,-0.00034817609,-0.0033371088
"76",0.00016729658,0.0031831439,0.00052511164,-0.0014904297,0.00023214926,-0.00015442301,0.00015424372,0.00013650092,-0.00011175494,-1.3473378e-05,-4.4931104e-05,5.2641192e-05,9.8054947e-06,-6.9991484e-05,0.00013311804,0.0010904824,-0.0046076242,3.9164274e-05,0.00038792675,-2.0143747e-05,-0.00027755858,-0.00043375854,-1.0844283e-05,-1.4621726e-05,0.00020810285,-0.0003707648,0.021622675,-4.1259955e-05,0.00010555937,-2.3479237e-05,0.00022626869,0.00015143667,0.00012353321,-0.00031362124,0.00017089542,-1.0303928e-05,-0.00014450333,4.3206703e-05,-0.00027471125,-4.0882932e-05,2.3580406e-05,-0.00011033399,-0.00053303916,-0.00016613606,0.00026950568,0.00057608649,-6.8246526e-05,4.110788e-05,-0.00018527282,0.00059797684,-0.011724521,0.00026367547,-0.00025777887,1.0223789e-05,-0.00028773326,4.252231e-05,0.00018216852,0.00046226228,-0.00016243958,6.2408859e-06,0.00025370403,-5.3581576e-05,0.00024327879,0.00018208322,-5.2102421e-05,0.0028914431,0.00042772373,9.7695045e-05,-6.3563815e-05,-3.701177e-05,-0.00079299032,-0.00017548718,-3.077465e-06,0.00095414439,-0.00036751408,0.043479748,0.00023144135,0.0001147956,-0.00028847329,-8.4349534e-05,0.0002564424,-0.00023704891,-0.00064939759,-0.00075218245,0.00010559993,-0.00091727514,-0.00085708464,-8.3211841e-05,-0.00021863906,1.5923854e-05,-0.0094864224,0.01715098,-0.0044361224,-0.0025329284,-0.00014645307,-0.0013582017,-0.0020953378,0.0027755288,0.00076597985,5.2010692e-05,-0.0035433109,0.0016930455,-0.074233726,-0.0013357771,-0.00084239146,0.0010361114,0.0008527993,0.0010444579,0.0014934475,3.691692e-05,0.0041452966,0.00038062217,0.0048452559,0.0029810665,-0.0023020073,0.0020449475,-0.00022756915,0.0014567295,-0.0017381673,0.0015195672,-0.00073233316,0.00033842749,0.0025454685
"77",4.4149905e-05,0.00088470922,0.0010183826,-0.00066073536,0.00011385191,-7.6157858e-05,-0.00032891329,2.8339662e-05,-7.5027065e-06,-1.0720175e-05,-6.6682748e-05,-2.4039668e-05,-3.5511545e-05,-2.8330086e-05,-0.00027433273,0.00040163422,-0.0026933685,-2.7641521e-05,0.00011703867,-7.6033176e-05,0.00010619947,0.00010727177,-5.7908725e-05,-2.7431593e-05,-0.00010759695,-8.2650825e-05,0.00024166178,0.0010764684,4.194437e-05,-2.3341678e-05,7.7518e-05,-1.7240754e-05,-3.258377e-05,9.3220746e-05,0.00010501235,8.6819493e-05,-6.5794091e-05,-5.1800373e-05,1.3125935e-06,-8.5941979e-05,1.1821464e-05,-2.3640115e-05,-0.00017021255,4.423329e-05,-7.3703204e-05,-5.147389e-05,9.5955404e-05,2.9366181e-05,0.00013208681,0.00013554138,-0.00058080815,-0.0014429128,-3.0969658e-05,4.9900772e-05,3.4206013e-06,1.4194475e-05,7.505839e-05,-5.6770576e-05,-8.0031089e-05,-8.0343452e-05,8.8774365e-05,0.00011260355,-3.7576964e-05,0.00017986326,-2.5527574e-05,0.0016174335,0.00010477682,-2.5371732e-05,-0.00019038858,0.00021615125,0.0003614826,-0.00014344603,-5.5512444e-05,0.00023317695,-0.0002132952,0.00023144135,0.0034003551,-1.8586778e-05,-0.00012721485,-2.0987725e-05,4.8141902e-05,-0.00029746393,0.00020670339,-0.00031913458,0.00012750926,-0.00053530183,-0.00045237832,0.00028730872,-0.00017028307,7.4596655e-06,-0.005355858,0.011624818,-0.0027832141,-0.0013009642,0.00017824116,-0.00056765104,-0.0018777881,0.0003179198,0.00063246227,0.00011659056,-0.0015272398,0.00087765024,0.00069409875,-0.0067592847,-0.0003670296,0.00053826942,0.00059421185,0.00069844999,0.0012400077,-0.0012893094,0.00250065,9.3765581e-05,0.0028139583,0.0017696953,-0.0021422758,0.0014065638,-0.00013298384,0.00078132666,-0.00089629149,0.00097355362,-0.00046178508,0.00020653492,0.0016713672
"78",-3.8648265e-05,7.3039404e-05,0.00010313512,-7.319163e-05,1.8499039e-05,5.2670061e-06,1.7171748e-05,2.8791673e-05,-3.7503601e-06,-4.1842335e-06,3.071609e-05,6.0062675e-06,4.7723144e-05,-0.00015506636,0.00023485065,-0.00056435067,0.001092668,-2.2727013e-05,-3.2746558e-06,2.8853952e-05,-3.2189722e-05,-2.4620101e-05,5.6487354e-06,-2.9770773e-06,1.8941647e-05,-3.9245072e-05,0.00011008554,1.8550811e-05,9.7626539e-05,-2.2726155e-05,-1.0594449e-05,-1.3121548e-05,2.0497681e-05,-9.6613663e-06,4.0606849e-05,1.3396886e-05,-5.4921927e-05,-1.9982627e-05,-3.0981155e-06,-3.8852132e-06,-2.6940536e-06,2.1972266e-05,4.2040361e-06,-3.8091532e-05,1.1566175e-05,2.4758604e-05,-7.6970539e-06,5.8489209e-06,-4.5681192e-05,4.2744413e-05,-4.2911149e-05,2.8200914e-05,-0.00013550923,2.0830972e-05,1.5516926e-06,2.1842328e-06,-1.6477029e-05,2.8135181e-05,-4.5082371e-05,-1.9990649e-05,5.440283e-05,3.6807926e-05,-2.5030585e-05,-7.2624678e-06,3.1795215e-06,5.0192496e-05,-8.7728633e-06,-2.2540215e-05,2.8374023e-05,-7.8694573e-06,-9.0121772e-06,2.4488668e-06,-1.8374907e-06,2.4026894e-05,1.7724598e-05,0.0001147956,-1.8586778e-05,0.00028100762,-3.8065116e-05,2.1583506e-05,1.5756302e-05,-3.0143655e-05,3.93228e-06,3.0074e-05,1.2610578e-05,-4.5212034e-05,-1.5592807e-05,-1.4533315e-05,-3.5094324e-06,-6.1534932e-06,-0.0002811358,0.00022534342,-0.00020081883,-2.8416807e-05,8.0061121e-05,-0.00013522276,-7.7845557e-05,4.0977729e-05,8.9006443e-06,7.6997641e-06,-0.00013589089,2.3922533e-05,-0.00010666824,-2.9617073e-05,-0.00053953702,6.9793921e-05,-1.2528994e-05,4.9576262e-05,1.6072815e-05,-6.1469772e-05,-3.5376701e-05,-2.4755345e-05,0.00019004258,8.6014064e-05,-3.8245166e-05,2.3667295e-05,6.8564494e-06,2.707509e-05,-2.8522294e-05,1.059519e-05,-1.1209093e-05,1.8275837e-05,4.7376046e-05
"79",4.2145781e-05,-0.00031417729,-0.00019479793,0.00036322092,-2.1399749e-05,3.2993749e-05,7.8511073e-05,1.7272295e-06,-6.5867439e-06,-8.0437277e-06,-2.0126269e-06,1.0841767e-05,1.8474982e-05,3.6981804e-05,4.0255003e-05,-0.00029457543,0.0011716677,-5.0539148e-05,-5.4262319e-05,-3.5843615e-05,3.7557542e-05,3.1716968e-05,2.8871199e-06,-4.2500419e-07,-5.4262928e-05,-5.5585793e-07,-0.00019002751,-2.7575538e-05,-2.9935197e-05,8.3787151e-05,1.1718071e-05,5.2362322e-06,-3.4942572e-05,1.6721094e-05,-4.3829208e-05,-9.6609044e-06,3.9041777e-06,-3.1591e-05,9.3420547e-05,-5.7765392e-07,-9.1272861e-06,6.4962815e-05,6.9233025e-05,5.7371789e-05,-4.0438132e-05,-5.2273962e-05,-5.6885089e-06,-1.9812433e-06,6.1427334e-05,-5.6413273e-06,0.00023837546,7.7806795e-05,3.7477389e-05,-0.0001104296,-3.7781706e-05,-1.2346744e-06,1.8774576e-05,-4.5847101e-05,1.6199073e-05,-1.395683e-05,-5.2158949e-05,3.7729841e-05,-9.8509722e-05,-9.5006823e-06,1.6555213e-05,-0.00077254796,-0.00021986253,-2.4724365e-05,-6.7578935e-05,2.4360925e-05,-1.7826341e-05,2.3464841e-05,-2.6241652e-06,-0.00027276437,8.2435699e-05,-0.00028847329,-0.00012721485,-3.8065116e-05,0.00026086585,8.4933024e-05,-2.8759602e-05,9.0047247e-05,9.2945014e-05,0.00019393347,-1.2993027e-06,0.0002326234,0.00011895409,0.00021013029,3.2387297e-05,-1.656698e-05,0.0024882664,-0.0050359357,0.0012382127,0.00089459506,-9.1787025e-06,0.00053732097,0.00063695649,-0.00034261452,-0.00018057181,-5.949934e-06,0.0010428108,-0.00029043108,5.499096e-05,0.00047049053,0.00023084653,-0.00058453314,-0.00036455634,-0.00033153218,-0.00045690655,0.00023964094,-0.0011236392,-0.000129363,-0.0013213123,-0.00061367415,0.00039124705,-0.00050650807,8.007081e-05,-0.00034890734,0.00040630289,-0.00044219036,0.00020488058,-9.4310059e-05,-0.00071291621
"80",-1.4897588e-05,0.00024494051,-0.00035757816,2.7930699e-06,-1.0916407e-05,-1.6800733e-05,7.1082016e-05,3.4045248e-05,4.0071856e-05,-2.8239928e-05,-2.5496497e-05,-2.0905292e-05,-9.5703236e-05,-0.00017097563,0.00018545497,-0.00061015542,0.00068504953,-7.1402161e-05,6.0508945e-05,-0.00011398312,-0.00011884002,-0.00014253564,2.7577264e-05,-4.2988413e-06,-2.0133585e-05,7.3873033e-05,0.00017295375,2.7007678e-05,-1.3415183e-05,3.9437863e-05,0.00066452252,4.0328933e-05,-3.6571517e-05,0.00015702098,-1.1167861e-05,-2.7032529e-05,1.2239461e-05,-6.4873568e-05,-0.00019201127,-3.4677066e-05,-2.4703313e-05,7.5423724e-05,-5.6279237e-05,0.00015330956,0.00012742872,0.00013696569,-6.2401073e-05,4.926138e-06,4.8044899e-05,-0.00010200318,-0.00015569964,8.9629149e-05,1.1187675e-05,-6.4434665e-05,-0.00079312183,-5.9169869e-05,8.5646216e-05,-0.00010132846,6.1650697e-05,9.7209439e-05,-1.175075e-05,8.191361e-05,0.00025410056,5.3389659e-05,2.4125652e-05,4.8366854e-05,-8.7959977e-05,-1.3497744e-05,-9.7418441e-05,-0.00024396217,-0.000298563,3.6620441e-05,-1.0512427e-05,7.317468e-05,0.00021012932,-8.4349534e-05,-2.0987725e-05,2.1583506e-05,8.4933024e-05,0.0015042699,5.8370038e-05,2.5654238e-06,0.00031792866,5.5740113e-05,3.6892068e-05,-1.8243132e-05,-0.00028813685,-0.00022071439,-3.4247466e-05,-6.1003833e-05,0.0003171614,-0.0005704458,0.00059093745,0.00026146173,2.6186127e-05,0.00043409865,0.00063037023,0.00050655706,-0.00012539652,2.2971127e-05,3.4638719e-05,-0.00059813064,-7.7335158e-05,0.00015014111,2.666223e-05,-0.00012789811,-0.0028833564,-0.00030402185,0.00014405366,-0.00043241841,-0.00013381307,-1.333354e-05,-0.00011765668,0.00053122818,0.00075237829,-5.1776365e-05,0.00011357833,1.7620734e-05,-2.0230237e-05,-1.745378e-05,1.1603232e-05,-4.300342e-05,-0.00029504016
"81",-9.4396026e-05,0.00039494517,-4.2737219e-05,-0.0004013198,2.5777412e-05,-3.5400739e-06,-6.1856455e-05,6.5713679e-05,3.8371244e-05,-1.6508184e-05,4.2441166e-05,-1.4243523e-05,1.6546327e-05,-0.0004776958,0.00052639473,-0.0010363166,0.00089762233,1.1378665e-05,2.9616188e-05,7.0072025e-05,5.591813e-05,7.1777462e-05,2.6333754e-05,-4.3566797e-06,-6.2542423e-06,-0.00019459986,0.00031706102,4.875432e-05,-3.5292419e-06,-6.8663078e-07,5.9342887e-05,0.00062038249,0.00040233769,-1.3876985e-05,0.00013723823,2.0059316e-05,-1.9152886e-05,4.0033286e-05,-0.0001704376,-2.6196471e-05,6.5228286e-06,-1.3711515e-05,-0.00010286599,-0.0001110159,-4.8418729e-05,1.3615699e-06,-5.4255853e-06,8.9604529e-08,-3.4571149e-05,0.0001670692,-0.00017923674,1.902067e-05,-3.7738308e-05,1.2783099e-05,-5.4287853e-05,-0.00075303853,-0.00043821452,0.00012932337,-0.00013227847,-3.2474629e-05,3.5051083e-05,-9.7722015e-05,0.00013477631,9.0638357e-05,-9.7908922e-06,0.00097628236,0.00016603299,-0.00010681856,0.00011344262,-2.1140823e-06,2.5123595e-05,5.0471029e-05,-1.2026801e-05,0.0003914631,-7.7616065e-05,0.0002564424,4.8141902e-05,1.5756302e-05,-2.8759602e-05,5.8370038e-05,0.0019842941,0.00074578108,-4.2339682e-05,-0.00010952527,-3.1472201e-06,-0.00016404794,-9.04825e-05,-4.0353034e-05,-0.00016475165,-5.4941573e-07,-0.0030502842,0.0058685593,-0.0014118201,-0.00093204384,0.00024791844,-0.00075240079,-0.00088543276,0.00016871669,0.00013313821,3.3497491e-05,-0.0013128634,0.00065172023,0.00026732323,-0.00036643115,-0.00023164555,0.00022853506,0.00027577325,-0.003090624,-0.0010851471,-0.00010634527,0.001054805,0.0001716319,0.0013116819,0.00056452705,-0.00079792211,0.00079563651,-7.0350094e-05,0.00041370834,-0.00050348886,0.00056069341,-0.00023217731,0.00010892488,0.0008482543
"82",0.00056693632,-0.0015808234,-0.00080652591,0.0015232605,-0.00019540887,0.00015833055,0.00035941495,1.4393694e-05,-1.4938682e-05,1.6427775e-05,3.2388045e-05,6.9330727e-06,9.6537998e-05,-0.00011341964,-5.3942886e-05,-0.0011364977,0.0050317981,2.162911e-05,-0.00024328664,9.369378e-06,0.00010174962,0.00014461612,-4.2368009e-05,1.2535835e-05,1.3637244e-05,0.00017905522,-0.00032719788,-4.025048e-05,-5.6897931e-05,-6.0863142e-05,-0.00013480354,0.00042400855,0.00066348969,0.00016348506,-4.6541128e-05,-5.1997075e-05,-3.7216721e-05,-0.00014009057,-5.2971337e-05,4.0866157e-06,-1.7954506e-05,2.2403276e-05,0.00030848004,9.2668007e-05,-9.1908647e-05,-0.00018980432,7.0352022e-05,-1.6437802e-05,0.00014511757,-0.00027650725,0.00073456685,4.1488176e-05,0.00010416306,6.3898493e-05,0.00021172235,-0.00048546246,-0.00081520421,-0.00023390012,6.7497275e-05,0.00011953256,5.2193815e-05,0.0001689225,5.0672588e-05,-1.559399e-05,4.1266206e-05,-0.0035810765,-0.00048468987,8.2541913e-05,-6.6155701e-05,-0.00017530925,-0.00028555685,2.1591511e-05,8.6170054e-07,-0.00078548443,0.00061034013,-0.00023704891,-0.00029746393,-3.0143655e-05,9.0047247e-05,2.5654238e-06,0.00074578108,0.0020285799,0.00053627079,0.00085764254,-6.2147585e-05,0.00093899148,0.00052655062,-0.00051724731,9.3293029e-05,-6.6764382e-06,0.011226075,-0.021868087,0.0051508974,0.0029494786,-0.00043722852,0.0019286104,0.0032887033,-0.001085723,-0.00060987224,-3.1936349e-05,0.0036973732,-0.0017214734,-0.0018586722,0.001362704,0.0007188164,-0.00066686783,-0.00083028334,-0.0031005912,-0.0052020949,0.00074779799,-0.005108731,-0.00030078953,-0.0053044161,-0.0027965969,0.0042324196,-0.0021640272,0.00022945598,-0.0016317729,0.0018880398,-0.0020546848,0.00086577481,-0.00037061832,-0.0030862643
"83",0.00064996456,-0.0015180793,-0.00036601866,0.0014737921,-0.00016884523,0.0001158997,0.00020620143,-4.5642516e-05,-7.6732186e-05,3.0879438e-05,2.1171318e-05,-2.0899628e-05,0.00011716132,-0.00063245161,0.0006482071,-0.0026141941,0.0074749475,-7.490851e-05,-0.00015887484,-5.1046985e-05,3.2105275e-06,-6.2391063e-05,-4.8901168e-07,7.0437003e-06,1.3723345e-05,0.00029428634,-0.00048237044,0.000157884,-5.6909619e-05,-5.4782695e-05,7.172897e-05,8.1963116e-05,-1.7026712e-05,0.0010917099,-0.00013154702,3.8799581e-05,4.6794081e-05,-5.960226e-05,8.4922523e-06,4.9800418e-06,-3.10138e-05,0.00013374528,0.00026090648,9.5164499e-05,-4.5222216e-05,-3.5088594e-05,1.2483263e-05,-8.0939628e-06,2.2923177e-05,-0.00026737776,0.00076322695,-0.0002613158,0.00012389201,5.3814994e-05,-3.3546478e-06,-5.8473209e-06,4.6053281e-05,-0.0014436255,0.00011864047,-4.3214417e-05,-5.3864192e-05,4.4064053e-05,-3.8519792e-05,-4.0776261e-05,5.2577597e-05,-0.0030338035,-0.00065659336,0.0001526801,-4.2300803e-05,-0.00018531371,-0.00025388111,0.0001016352,-5.952108e-06,-0.00059526339,0.00053462584,-0.00064939759,0.00020670339,3.93228e-06,9.2945014e-05,0.00031792866,-4.2339682e-05,0.00053627079,0.0028507909,0.00067909402,1.8971866e-05,0.00090811239,0.00042537395,-0.00035783423,8.6326294e-05,-3.440415e-05,0.0093947288,-0.018370815,0.0038323155,0.0028266928,-0.00049242016,0.0015106793,0.0028912529,-0.00066526084,-0.00069359638,-2.1247165e-05,0.0029282054,-0.0016039952,-0.0004580853,0.00018933214,0.00054953766,-0.00060547022,-0.0013520748,-0.00082773747,-0.0020892277,-0.0040879749,-0.0041806828,-0.00052548272,-0.0046159233,-0.0022471238,0.0033998974,-0.0017976456,0.00024650471,-0.0013857335,0.0016152471,-0.0017219942,0.00072585799,-0.00026752897,-0.0024384332
"84",0.00079768372,-0.0018156187,-0.00049891315,0.0021400053,-0.0002211124,0.00016870538,0.000372028,4.0389252e-05,3.340849e-05,-9.2422179e-05,3.6246062e-05,6.8795187e-05,0.00018493395,4.061847e-05,-9.6097845e-05,-0.00078442321,0.0059321207,6.0787165e-05,-0.00029537463,-1.4106705e-05,0.00011539207,0.00022860337,-7.9523119e-05,1.5024363e-05,2.0282912e-05,0.00035231378,-0.00060230933,5.8934909e-06,-2.825364e-05,-6.9753057e-05,-0.00013614508,0.00015383029,7.4509525e-05,0.00019464193,0.00056918529,0.00020162516,-0.00015683004,-0.00023354615,-2.3142031e-05,9.3005329e-06,-2.409674e-05,-2.7135467e-05,0.00045791453,6.2248176e-05,-0.00015331288,-0.00031210081,0.00012226329,-2.0215306e-05,-1.0916368e-05,-0.00040264676,0.00081748633,-9.9832403e-05,8.1199374e-05,7.4030664e-05,0.000236267,-0.00016121336,-9.5478278e-05,-0.00044056062,-0.00075014219,-0.00019137929,0.00015779357,0.0002591345,-5.9376263e-05,-2.0432425e-05,5.2762353e-05,-0.004908732,-0.00056879285,0.00025492263,-0.00011246649,-0.00014553813,-9.5001006e-05,-9.696928e-05,1.6694194e-05,-0.001229718,0.00085397291,-0.00075218245,-0.00031913458,3.0074e-05,0.00019393347,5.5740113e-05,-0.00010952527,0.00085764254,0.00067909402,0.0028247821,0.00034865983,0.001100279,0.00062543932,-0.0006685923,0.00017677957,-3.0361404e-05,0.01571403,-0.031138952,0.0076063478,0.0040326987,-0.000687689,0.0026438604,0.0044655764,-0.002084373,-0.00067922543,-8.7969658e-05,0.0052192328,-0.0027242994,-0.001971062,0.0017210742,0.0009230499,-0.0010512419,-0.0013696258,-0.0023111114,-0.0035776252,0.0010537285,-0.01003385,-0.0013924313,-0.0070447444,-0.0036467546,0.0057762488,-0.0031733662,0.00036961339,-0.0021927537,0.0025882905,-0.0028555495,0.0012360124,-0.00054472277,-0.004524329
"85",-0.00035866563,0.00028137701,0.00041774589,-0.00031398905,4.4026993e-05,-6.3597171e-05,-0.00027044421,-5.3396809e-05,3.3543664e-05,-3.8193408e-05,-5.8191233e-05,-7.037012e-05,-0.00019241659,-0.00014457195,0.00034330812,-0.00024173115,-0.00054509989,-2.221615e-05,-4.7477979e-05,4.7762626e-05,1.868578e-05,-6.5761447e-05,-3.8194453e-05,-4.0610358e-06,6.7645545e-05,2.2010378e-07,-7.4136683e-05,0.0001008276,2.7135627e-05,6.2506155e-06,1.629556e-05,3.772284e-05,-4.3847958e-06,2.3392883e-05,0.0002076755,0.00069516509,3.1359274e-05,4.2267027e-05,7.7979893e-06,-1.6945061e-06,-2.3286349e-06,1.3060712e-05,3.7887316e-05,-4.2179673e-05,-2.5553991e-05,9.9086782e-05,-3.9206484e-06,2.3293111e-06,-1.289151e-05,-1.8179317e-05,-5.5433235e-05,-1.5891498e-05,-5.0533332e-05,-1.9088634e-05,9.606042e-06,-5.1242248e-05,5.0847537e-05,-7.3942034e-06,-0.00024652631,-0.00076394708,-5.736822e-05,2.9476962e-05,-6.6682773e-05,2.8774709e-05,-1.2258478e-06,0.00061213793,7.6381954e-05,-0.00013866836,5.3921996e-05,-6.7153138e-05,-0.00018039128,-4.4579735e-05,-2.2323768e-06,0.00029983533,2.5181417e-05,0.00010559993,0.00012750926,1.2610578e-05,-1.2993027e-06,3.6892068e-05,-3.1472201e-06,-6.2147585e-05,1.8971866e-05,0.00034865983,0.0020257095,-8.1922269e-05,-0.00011313693,-3.339839e-05,-4.0512157e-05,-1.4324491e-05,-0.0017974214,0.0058719563,-0.00046899153,-0.00044389171,0.00044372077,-0.00038856372,-0.00067830691,0.00059773656,0.0002473552,-2.0945057e-06,-0.0010695727,3.5566235e-05,0.00043921963,-0.00026412577,-0.00017322001,0.00015069071,0.00015628699,-7.6333001e-06,0.0005617228,-0.00037169064,0.00025783066,-0.0035170308,0.00097772526,0.00063107184,-0.00079753966,0.00048328237,-2.0268744e-05,0.0003218854,-0.00042968222,0.0005467534,-0.00020024269,6.0502769e-05,0.00051231198
"86",0.0012684357,-0.0026055558,-0.00098269598,0.0029655741,-0.00032291329,0.00023221353,0.00057561048,1.763554e-05,-5.074635e-05,9.2601554e-06,2.5429671e-05,7.0614411e-05,0.00023709681,0.00035270617,-0.00066542579,-0.0011852313,0.0074575058,2.7242298e-05,-0.0002449739,-0.00028287739,0.00012748181,-6.1129477e-06,-3.5211935e-06,1.5303264e-05,-0.00016501285,0.00042846672,-0.00087693519,-8.3274429e-05,-0.00014572724,-6.2804748e-05,-0.00013694851,0.00011130385,-7.6710543e-05,0.00033564927,-0.00038510596,1.4088254e-05,0.0012964793,-3.6000219e-05,-6.2934355e-05,-1.5365494e-05,-3.511579e-05,6.7688298e-05,0.00041321521,0.00056624106,-9.0237942e-05,-6.9015743e-05,7.2829473e-05,-2.5061335e-05,0.00029404838,-0.0005243192,0.0012946049,-2.8027318e-05,0.00023569333,3.8155247e-05,0.00016121191,-6.6450934e-05,5.2161585e-05,-0.00061643293,0.00037238553,-1.0712706e-05,-0.0012571174,5.7976356e-05,8.5668581e-05,2.115816e-05,7.187456e-05,-0.0061464287,-0.00080353424,0.00046590355,-0.00027624966,-0.00018125289,-0.00057351306,0.00013526741,3.8211857e-06,-0.0015913319,0.0009203343,-0.00091727514,-0.00053530183,-4.5212034e-05,0.0002326234,-1.8243132e-05,-0.00016404794,0.00093899148,0.00090811239,0.001100279,-8.1922269e-05,0.0047207576,0.0013077345,-0.00067370302,0.00010021354,-1.7383786e-05,0.019525359,-0.039011039,0.0091089496,0.0052330671,-0.0013982117,0.0038329534,0.0056261037,-0.0016580743,-0.0012888212,-8.0046347e-05,0.007012143,-0.0029951563,-0.0023098468,0.0023283219,0.0013558501,-0.0013928951,-0.0016650914,-0.0025618857,-0.0042720116,0.0011940412,-0.0081865301,-0.00080521364,-0.014602585,-0.0055424825,0.0070194304,-0.0036659941,0.00043054272,-0.0028998138,0.0033419363,-0.0036940689,0.0015344747,-0.00064812636,-0.0055013042
"87",0.00091091834,-0.00078043494,-0.00064763376,0.0014517033,-0.00015765136,0.0001057076,0.00047830108,0.00012248513,-8.2881968e-06,-1.9557395e-05,2.0484892e-05,5.2552445e-05,0.00013136776,-0.00010343569,-6.3485038e-06,-0.00086903534,0.0044867674,5.7400899e-05,-7.3982521e-05,-7.7785262e-05,2.3733571e-07,5.0368367e-05,1.0969874e-05,1.1686803e-05,-4.6755643e-05,0.0001414496,-0.00036584282,-0.00015408859,-7.0986782e-05,-2.2078249e-05,-0.00013247976,5.2602265e-05,2.9640738e-05,0.00020251,-0.00011817515,4.8170042e-07,0.00025014467,0.0005234219,-4.7103359e-05,-5.8328213e-05,-7.9704195e-06,-4.2654743e-05,8.687557e-05,0.00024438978,4.811202e-06,-0.00015123847,2.9760104e-06,-1.4304478e-05,3.308938e-05,-0.0001509189,0.00040579221,0.00017288768,0.00012526184,3.3157133e-05,0.00017173011,-0.00010905132,-6.2253936e-05,-0.00041288998,0.00015648625,0.00014393973,-0.00026527544,-0.00060699055,0.00014599327,3.4491715e-05,1.5901178e-05,-0.0030104549,-0.00031317408,0.00022522026,-6.8512177e-05,-1.5369245e-05,-0.00026403656,6.1048776e-05,7.3970363e-06,-0.00068742833,0.00047975966,-0.00085708464,-0.00045237832,-1.5592807e-05,0.00011895409,-0.00028813685,-9.04825e-05,0.00052655062,0.00042537395,0.00062543932,-0.00011313693,0.0013077345,0.002186842,-0.00028927494,3.8627377e-05,2.338688e-06,0.0096403338,-0.019946412,0.0043983764,0.0023550375,-0.0007279705,0.0018305757,0.002811189,-0.00089157263,-0.0006930805,-4.4134684e-05,0.0032244068,-0.0014179189,-0.00066549016,0.0016120992,0.00067306175,-0.00069935265,-0.00027741598,-0.0012681663,-0.0023413289,0.00054950686,-0.0043085354,-0.00019754608,-0.0056667494,-0.0054576858,0.0036187442,-0.0018199464,0.00018222195,-0.0013999845,0.001653547,-0.0019840822,0.00073072601,-0.00030424004,-0.0028136849
"88",-0.00087298579,0.00059092426,0.00088932096,-0.0011204234,0.00014273641,-9.3586494e-05,-0.00041632661,-2.594784e-05,-6.9139185e-05,8.977915e-06,-2.1778169e-05,-8.0695944e-05,-0.00016316241,-0.00076606271,0.0011825618,-0.0016442326,0.0005843809,-2.6538814e-05,0.00010848883,0.00045064304,1.9008311e-05,-0.00016381409,3.0994305e-05,-1.6818466e-05,5.8515236e-05,-3.2018885e-05,-5.1413759e-05,7.6646932e-05,4.5631346e-05,0.00010190385,-0.00012015743,-0.00017182657,-0.00011986105,-0.00011739624,1.829007e-05,2.0235524e-05,-0.00015993223,2.5254229e-05,0.0010151711,3.0984426e-05,1.5710995e-05,-2.2359737e-05,-0.00013543747,-0.00067440761,-3.7054686e-06,0.00024600782,-2.7606052e-05,1.3590286e-05,-0.00016744605,6.8377483e-05,2.3624048e-05,0.00010084498,-0.00010386525,-0.00013018025,0.0001760105,0.00016756315,8.5510442e-05,0.00021234905,-0.00015691267,-0.00017764679,0.00010172682,2.8938853e-05,-0.0012472561,-5.8975226e-05,-2.4593597e-05,0.0022962953,0.00014805286,0.00011034327,0.00082146916,0.00024396816,8.059103e-05,6.0349405e-05,-2.6633455e-05,0.0005217658,-0.0003729433,-8.3211841e-05,0.00028730872,-1.4533315e-05,0.00021013029,-0.00022071439,-4.0353034e-05,-0.00051724731,-0.00035783423,-0.0006685923,-3.339839e-05,-0.00067370302,-0.00028927494,0.0025921362,-1.7754762e-05,2.0573999e-05,-0.0074879827,0.015713929,-0.0037512416,-0.0017158898,9.8375835e-05,-0.0029168259,-0.0025970109,0.00092819419,0.00036092825,6.2969023e-05,-0.0024872918,0.0011657888,0.0020400157,-0.00093176422,-0.00052833184,-5.0584816e-06,0.0012754637,0.0014016943,0.0020277878,-0.00046277048,0.0036548719,0.00027902732,0.0037776461,0.0019627731,-0.0070509614,0.0015343953,-0.00018410615,0.0010542501,-0.0012885126,0.0015481502,-0.00057697947,0.00026317996,0.0023210854
"89",-7.3161605e-06,-0.00032137051,-3.3119874e-05,0.00027245597,-6.6819596e-06,1.728251e-05,4.7550238e-05,-2.8979378e-05,-8.5135059e-06,5.7968645e-06,2.0301402e-05,4.0731398e-07,1.6934879e-05,5.4321355e-05,4.8193549e-05,-9.6325455e-05,0.00078871414,1.688249e-05,-4.4041643e-05,-4.7368528e-06,6.3713951e-05,2.9408496e-06,-8.003035e-06,3.6206981e-07,-2.4580427e-05,6.1036637e-06,-0.00017521733,-5.4765057e-05,-1.3010781e-05,-3.8194979e-06,-4.9238747e-05,-2.0728608e-05,-1.2976281e-05,2.9993786e-05,-2.3315021e-05,3.3398556e-06,-9.5203494e-06,-8.1895489e-05,3.7956771e-05,7.3467256e-05,-1.8506642e-06,-2.5478221e-05,7.0126277e-05,-2.4309206e-06,-8.2845133e-05,-2.9971842e-05,-1.0204181e-05,3.6286903e-06,-1.0768331e-05,-2.397951e-05,0.00031381996,0.00011687462,8.5727946e-06,4.1246832e-06,5.4066963e-05,8.0536459e-05,1.8643206e-05,-8.394339e-05,-1.2400819e-05,1.3595265e-06,4.1523078e-05,5.5574586e-05,-4.381769e-05,-0.00022603668,8.2884076e-06,-0.00063979532,-3.3709304e-05,5.4752442e-05,3.5943293e-07,5.1273931e-05,-5.0928408e-05,2.6669816e-06,-7.5039555e-06,-0.00018474387,0.0001177473,-0.00021863906,-0.00017028307,-3.5094324e-06,3.2387297e-05,-3.4247466e-05,-0.00016475165,9.3293029e-05,8.6326294e-05,0.00017677957,-4.0512157e-05,0.00010021354,3.8627377e-05,-1.7754762e-05,0.00051594887,-2.9338592e-06,0.0018980392,-0.0035788236,0.00080921445,0.00035954414,-0.00010573957,0.00027712935,0.00034632153,-0.00015171421,-0.00011546023,4.4654706e-06,0.00060051332,-0.00030870388,5.1861448e-05,0.00044490656,0.00010294049,-0.00012903691,-8.1342276e-05,1.8053309e-05,-0.00040696511,6.9278394e-05,-0.00088930861,-4.9953128e-05,-0.00072418646,-0.00035005957,0.00063378748,-0.0012483846,4.0885352e-05,-0.00026989053,0.0003203005,-0.00031350446,0.00015360071,-6.7172387e-05,-0.0004755534
"90",-6.3195354e-06,8.0764813e-05,1.7732802e-05,-3.3649511e-05,3.2771555e-06,-5.1090822e-06,-2.0893927e-06,1.0590205e-06,-2.9778769e-06,5.7098412e-06,-5.1785747e-08,5.3186506e-06,4.7455891e-06,-9.5603686e-06,7.1794393e-06,-5.1847028e-06,-5.5836817e-05,7.070151e-06,6.4982531e-06,-7.6700373e-07,-6.8619034e-06,-6.4018138e-06,5.9606472e-07,3.2877774e-07,-3.1490637e-06,-1.5779668e-05,1.5353641e-05,6.6547713e-06,-9.2710847e-07,-6.846874e-06,-2.2087345e-05,-2.6377672e-06,-3.2601853e-06,-1.9124565e-05,3.0581126e-06,-4.5157164e-06,-2.5769731e-06,7.9430011e-06,1.3682538e-06,2.051085e-07,1.0327281e-05,-8.689993e-06,-1.3775511e-05,8.0135303e-07,6.9374408e-06,7.8460932e-06,3.4562537e-07,-5.6573072e-07,-4.5253325e-06,2.1838893e-05,-2.7072948e-05,-9.2532378e-06,-3.6967284e-07,7.8531461e-06,2.3661489e-05,5.8169091e-06,7.6370066e-06,2.5867339e-05,-4.4313716e-08,5.4512289e-06,9.2169372e-06,-1.3090944e-05,-5.5388014e-06,3.5125256e-06,-1.1762535e-05,6.4969209e-05,2.2500758e-05,-4.166322e-06,-5.5023715e-06,3.5746507e-06,7.7825064e-06,-5.5525548e-07,1.6703373e-06,1.9010304e-05,-2.2332301e-05,1.5923854e-05,7.4596655e-06,-6.1534932e-06,-1.656698e-05,-6.1003833e-05,-5.4941573e-07,-6.6764382e-06,-3.440415e-05,-3.0361404e-05,-1.4324491e-05,-1.7383786e-05,2.338688e-06,2.0573999e-05,-2.9338592e-06,1.7032878e-05,-0.00020071128,0.0004387638,-7.1651227e-05,-7.434931e-05,4.5477974e-06,-2.187311e-05,-5.6846934e-05,1.3507549e-05,1.2312321e-05,-2.8192418e-06,-8.5429455e-05,5.7454584e-05,1.132708e-05,-2.385011e-05,-2.1599937e-06,3.8685315e-05,0.00012340705,1.0858456e-05,4.1222464e-05,3.7980335e-05,0.00012253492,4.0711603e-05,0.00011144843,1.9945667e-05,-9.8148349e-05,4.313489e-05,-3.390861e-05,3.4657475e-05,-4.2088377e-05,4.1316602e-05,-1.8331702e-05,3.0085644e-06,5.2384275e-05
"91",0.012875518,-0.030850652,-0.014723784,0.033543026,-0.0039124698,0.0026472527,0.0076692129,-0.00012709429,0.0034034003,-5.5236445e-06,8.1505198e-06,0.0014787377,0.0052296056,0.0050773493,-0.0070776689,-0.007118577,0.07183711,0.00038086167,-0.0031022271,-0.0013024333,0.00098196114,0.0010612304,-0.00062336413,0.00021351343,-0.0013833563,0.0055101229,-0.009284805,-0.00025603061,-0.0011546037,-0.00087342667,-0.0017095875,0.0010585655,-0.00041448518,0.0034180441,-0.0025735779,-0.00028945878,0.00027981574,-0.0029135657,-0.00015028226,9.0887439e-05,-0.00036888535,0.00029090011,0.0049536034,0.0034928334,-0.0010902265,-0.0023617864,0.0011658253,-0.00033697285,0.0027876466,-0.0067992475,0.01470572,-0.00014811716,0.0024126155,0.00072786846,0.0021356312,-0.0010154655,-0.00046075813,-0.006924454,0.002479494,0.0015810253,-0.0010807522,0.0036572341,0.00014397746,-0.00047188435,0.00077245064,-0.068686091,-0.0092612877,0.0047567776,-0.0016412734,-0.0023426924,-0.0052428696,0.00038833295,0.00010169532,-0.017881569,0.01125745,-0.0094864224,-0.005355858,-0.0002811358,0.0024882664,0.0003171614,-0.0030502842,0.011226075,0.0093947288,0.01571403,-0.0017974214,0.019525359,0.0096403338,-0.0074879827,0.0018980392,-0.00020071128,0.25458595,-0.47025252,0.15220282,0.073058006,-0.013146013,0.049578547,0.072238919,-0.031500304,-0.013972206,-0.0013233509,0.085596676,-0.044626983,-0.030770101,0.032462911,0.017936459,-0.015956378,-0.025221961,-0.047854546,-0.04848891,0.023642046,-0.1077155,-0.010757972,-0.1211218,-0.058590672,0.085014246,-0.051736148,0.0056061194,-0.03352593,0.039605507,-0.043921568,0.017743973,-0.011239517,-0.085158364
"92",-0.040423383,0.054361211,0.036384106,-0.073369517,0.0079279475,-0.0057437071,-0.026459548,-0.0048837745,0.0027125925,-0.00062348005,-0.0018703938,-0.0037753975,-0.0074730873,-0.011661637,0.017016057,0.014533391,-0.20384174,-0.00053320332,0.0050609305,0.003475913,-0.00052642446,-0.0040581518,0.0014552908,-0.00047810129,0.0033238781,-0.0095144128,0.015393906,0.00047904789,0.002386759,0.0018013769,0.0033372,-0.0019748635,0.0013678299,-0.006471128,0.0050145243,0.002669503,-0.0001469302,0.0052576451,0.0019906904,5.5198226e-05,0.00073337849,-0.00044700432,-0.0083875537,-0.0084169648,-0.0003736786,0.0068237341,-0.0026576039,0.00060970433,-0.0040601017,0.011420272,-0.023304642,-0.0001262011,-0.004977485,-0.0016060349,-0.003127483,0.0032551122,0.0011487887,0.014257511,-0.0062958841,-0.0042279903,0.00081527503,-0.0052126048,-0.0023850836,-0.00073893012,-0.0014968733,0.13806162,0.018615748,-0.010456135,0.0027739774,0.0046283618,0.0091889914,-0.00053476563,-0.0003193877,0.037761586,-0.022130918,0.01715098,0.011624818,0.00022534342,-0.0050359357,-0.0005704458,0.0058685593,-0.021868087,-0.018370815,-0.031138952,0.0058719563,-0.039011039,-0.019946412,0.015713929,-0.0035788236,0.0004387638,-0.47025252,1.1371116,-0.20010544,-0.12690405,0.039834936,-0.087508286,-0.16226676,0.045165367,0.033413677,0.0019216551,-0.17963689,0.075004442,0.089259784,-0.053551979,-0.033030809,0.037120501,0.045431817,0.041888253,0.11719947,-0.036162242,0.23339008,0.010131846,0.24986869,0.12618701,-0.19607142,0.10001579,-0.011220975,0.071338943,-0.08797936,0.10661387,-0.040510147,0.013033783,0.14460293
"93",0.0033135439,-0.011346642,-0.0076650774,0.013156052,-0.0014943749,0.00081184492,0.0031999021,-0.00043676997,0.0087048508,-0.00015739238,-0.0011740658,0.0012002652,0.006808754,0.001469065,-0.0020798596,-0.0036328843,0.010847514,0.0002313069,-0.0013115007,-0.00020762967,0.00063788441,0.00012001909,-0.00023874437,0.00010950948,-0.00027789003,0.0026207644,-0.0037800855,-0.00027861686,-0.00058291795,-0.00035862672,0.00017846526,0.00027561581,-0.00013120412,0.001577704,-0.00080530228,0.00018678729,-0.00026320526,-0.0011088386,-0.00041409004,0.00016345644,-0.00013796595,-6.8085538e-05,0.0021714003,0.0010950782,-0.0008077923,-0.00043654835,0.00036996647,-0.00019470166,0.0015950619,-0.0029079618,0.0050451304,0.00039526637,0.001131202,0.00017475773,6.879607e-05,-0.00058689165,-0.00010919492,-0.0024870853,0.00055283442,0.0015031337,-0.00039380591,0.0016695197,0.00025990811,-0.00043190138,0.00027752968,-0.030930232,-0.0040950372,0.0019924313,-0.0010536078,-0.0013657047,-0.0029308373,0.00036011228,5.7718786e-05,-0.0072848913,0.0053425472,-0.0044361224,-0.0027832141,-0.00020081883,0.0012382127,0.00059093745,-0.0014118201,0.0051508974,0.0038323155,0.0076063478,-0.00046899153,0.0091089496,0.0043983764,-0.0037512416,0.00080921445,-7.1651227e-05,0.15220282,-0.20010544,0.1614135,0.053375722,0.00048321367,0.037991581,0.037592343,-0.034410838,-0.0060057633,-0.0013791725,0.041457756,-0.031088736,-0.014467616,0.027018017,0.013112446,-0.0064805112,-0.021461752,-0.065568383,-0.013389542,0.03027215,-0.052808004,-0.01140959,-0.064886967,-0.030261537,0.03893215,-0.034403916,0.0034665787,-0.01334178,0.015633927,-0.017430745,0.0082551061,-0.012713938,-0.073219616
"94",0.0028019906,-0.0082233743,-0.0051758156,0.0087837447,-0.00091364605,0.00068887134,0.0024251584,-0.00025549717,0.0019211145,4.8361835e-05,-0.00016303415,0.00039489377,0.0021108587,0.0015210486,-0.0018026864,-0.001518479,0.015487292,-0.00089590733,-0.00058617086,-0.00050001903,0.00038582824,0.00042214327,-0.00016974305,5.4745061e-05,-0.00037620976,0.0014475264,-0.0025634207,-5.1452697e-05,-0.00026602435,-9.2833456e-05,-0.00019564077,0.00016130169,-5.0879928e-05,0.0010388127,-0.00081284008,-7.7390162e-05,-0.00011561224,-0.00091682718,7.3332356e-06,-1.2362213e-05,-0.00011434996,0.0016985249,0.00092895829,0.0011715254,-0.00039686536,-0.00085368851,0.00029302976,-9.5164069e-05,0.00087855081,-0.0016172521,0.0045138095,-0.0001204417,0.00066226974,-0.00014680077,0.00018697356,-0.00023351086,-0.0003441269,-0.0021190003,0.0007514768,0.00056169149,-0.0003588251,0.0011189363,-0.00017326662,-1.7425887e-05,0.00023692734,-0.01822755,-0.0041442126,0.001564238,-0.00065602733,-0.00055764265,-0.0013417754,9.985759e-05,1.5894211e-05,-0.0048340137,0.0029567653,-0.0025329284,-0.0013009642,-2.8416807e-05,0.00089459506,0.00026146173,-0.00093204384,0.0029494786,0.0028266928,0.0040326987,-0.00044389171,0.0052330671,0.0023550375,-0.0017158898,0.00035954414,-7.434931e-05,0.073058006,-0.12690405,0.053375722,0.02770447,-0.0036976398,0.016302151,0.020092647,-0.011723619,-0.0036898016,-0.00044107965,0.023987744,-0.013338088,-0.0080871399,0.0095739342,0.0054010226,-0.0049957626,-0.008612817,-0.018155924,-0.011953231,0.0082245045,-0.029098095,-0.0036749854,-0.034126362,-0.015692257,0.022006408,-0.01507067,0.0017287436,-0.0087460235,0.010446808,-0.011698798,0.0048635404,-0.0040382076,-0.027553594
"95",-0.0017926214,0.000392338,0.0031995356,-0.0025565777,0.00027240133,-0.00017354869,-0.0017141084,-0.00014289932,0.00067814054,-2.4050236e-05,-0.00013722124,-0.00015347583,9.6105042e-06,0.00063146886,-0.00089723939,0.0012170825,-0.011676876,0.00027616754,-0.0019887576,0.00030865487,7.2777224e-05,-0.00038564534,-0.00012908266,7.374436e-06,4.5344704e-05,-0.00015225176,-0.0003469506,-8.371404e-05,8.8972625e-05,6.4393958e-05,-6.7769785e-05,-0.00010878361,8.429423e-05,-0.00016840638,0.00028041845,0.00025750695,-0.00019078357,-8.5963301e-05,-7.8926707e-05,2.8463722e-05,5.0782605e-06,-0.00058763863,0.003174326,-0.00060528862,-0.0001323137,0.00066666132,0.00013161742,-1.7260188e-05,0.00028086141,2.1633137e-06,0.00070816974,0.00020777325,-0.00021591662,-2.9494926e-05,0.00014911507,0.00025916488,2.7268845e-05,0.00051814976,-0.00042039638,-0.00050263964,7.4837673e-05,0.00021640918,0.00027547872,-0.00013300204,-4.552876e-07,0.0044050838,0.00080844516,-0.0031724452,0.00010981536,0.00022793702,-1.7353765e-05,-0.00017268111,8.4778203e-06,0.0011719672,-0.00077695942,-0.00014645307,0.00017824116,8.0061121e-05,-9.1787025e-06,2.6186127e-05,0.00024791844,-0.00043722852,-0.00049242016,-0.000687689,0.00044372077,-0.0013982117,-0.0007279705,9.8375835e-05,-0.00010573957,4.5477974e-06,-0.013146013,0.039834936,0.00048321367,-0.0036976398,0.010937896,-0.002251917,-0.0054725614,0.00059978614,0.0017017633,-5.8851766e-05,-0.0053483265,0.0019102584,0.0058073294,-0.00049410737,-0.00093975392,0.0010466218,0.00079978946,-0.0020472718,0.0039405041,6.5458529e-05,0.0067499793,-0.0007219434,0.0084385451,0.0044712823,-0.0050480882,0.0024448701,-0.00023769912,0.0024180536,-0.0029910021,0.0037609542,-0.0012541106,-0.00017359486,0.0024249501
"96",0.0036639088,-0.004447779,-0.0026744564,0.0063753055,-0.0007313396,0.0004269185,0.0018217909,0.00015523369,0.0015181729,3.7790609e-05,-0.00016965671,0.00042073518,0.0015424365,0.0029014168,-0.0043924259,0.0017206244,0.0015901689,-0.00016049904,-0.00036566545,-0.0024846718,4.0236216e-05,8.0081978e-05,-0.0001039014,2.8721795e-05,-0.00079743414,0.0012357037,-0.0014931973,9.9287774e-05,-0.00036056103,-4.7254728e-05,7.092576e-05,3.6315161e-05,-0.00021564294,0.00064828085,-0.00068679839,-5.3870579e-05,0.00055802265,-0.00034124907,-0.0012698471,-2.8973402e-05,-5.5238692e-05,0.00030775748,0.00056323815,0.0042580755,-0.00013690411,-0.00024260784,0.00023966916,-4.7272029e-05,0.001373063,-0.0016020968,0.0028668411,-0.00027658972,0.0006016366,-7.468956e-05,-0.00017214984,-0.00017029956,0.00010665034,-0.0010786584,0.00094432102,0.00050058842,-0.0010054635,0.00026492271,0.0017579917,5.7095504e-05,0.00010223545,-0.012002114,-0.0018226092,0.00088893534,-0.0034707763,-0.00061264151,-0.0010567007,-2.7990265e-05,7.2872476e-06,-0.0034409043,0.0023694945,-0.0013582017,-0.00056765104,-0.00013522276,0.00053732097,0.00043409865,-0.00075240079,0.0019286104,0.0015106793,0.0026438604,-0.00038856372,0.0038329534,0.0018305757,-0.0029168259,0.00027712935,-2.187311e-05,0.049578547,-0.087508286,0.037991581,0.016302151,-0.002251917,0.020714964,0.014730774,-0.0075743731,-0.0023171383,-0.00027953705,0.017058585,-0.010545844,-0.0063223666,0.0059378125,0.0042452043,-0.0031932552,-0.006504682,-0.01317083,-0.0077492912,0.0070334459,-0.019385646,-0.0023567609,-0.024526057,-0.011753161,0.020384547,-0.010667503,0.001093311,-0.0059431825,0.0070940556,-0.0083499462,0.0032738808,-0.0029107486,-0.019588482
"97",0.0067962796,-0.0065582896,-0.0049173491,0.010310749,-0.0011796558,0.00071157174,0.0037383519,0.00084051214,0.00029105798,1.0083001e-05,0.00010121703,0.0007111006,0.0011868797,0.0018557801,-0.0031394402,-0.0018271019,0.02549885,7.7223256e-05,-0.00067946893,-0.00057533368,-0.0019421651,-0.00034443487,-8.6247583e-05,8.3421048e-05,-9.4165726e-05,0.0012578684,-0.0014423566,-0.00034407627,-0.00030712154,-0.00031317263,-5.1756246e-05,0.00012138096,-0.00031827866,0.0010726378,-0.00075906489,-0.0004466238,-0.00025625602,-0.00075286503,-0.00046407751,-7.9987819e-05,-9.9638445e-05,-4.0114184e-05,0.0011073749,0.0012270838,0.0030250667,0.00033738729,0.00022263518,-0.00011273791,0.00033684411,-0.0014115841,0.0023517548,0.00023478888,0.00067749329,0.00035851865,-3.6614857e-05,-0.00013896783,0.00019821564,-0.0020890558,0.0010399341,0.00078916638,0.00020851738,0.00082727422,0.00037986941,0.00027910992,0.00019152716,-0.020170822,-0.0026478944,0.0016155183,-0.00058814004,-0.0035809494,-0.0027467444,0.00030517104,6.5201368e-05,-0.005351307,0.0033785951,-0.0020953378,-0.0018777881,-7.7845557e-05,0.00063695649,0.00063037023,-0.00088543276,0.0032887033,0.0028912529,0.0044655764,-0.00067830691,0.0056261037,0.002811189,-0.0025970109,0.00034632153,-5.6846934e-05,0.072238919,-0.16226676,0.037592343,0.020092647,-0.0054725614,0.014730774,0.032734373,-0.004337785,-0.0054282792,-0.00040130468,0.025982364,-0.012295045,-0.014152039,0.0092622234,0.0053212039,-0.0048934558,-0.0088188131,-0.0098565514,-0.015962191,0.0061540173,-0.033916571,-0.0022146387,-0.03668987,-0.018352945,0.029435155,-0.014989677,0.0016936119,-0.010190465,0.012475348,-0.015299485,0.0058193843,-0.0026231616,-0.023746883
"98",-0.0016400573,0.0017303704,0.0033772005,-0.0024378358,0.00050620004,-0.0001738005,-0.0014272907,-9.9292523e-05,-0.0019671724,0.00012166986,0.00025721335,-0.00041749241,-0.0016029589,7.4342525e-05,-0.00040357879,0.001047604,-0.0044744876,9.3293941e-05,-6.0058014e-05,-9.2196193e-05,-0.00098343169,-0.0028526879,0.00016712202,-3.228011e-05,0.00013740177,-0.00036032299,0.0014058894,-2.3429404e-05,0.0002124836,-5.7070697e-05,0.00034127628,-0.00030174373,-0.0003330783,-0.00010601164,-0.00040041332,0.0001110942,9.3845359e-05,6.7434433e-05,0.00040229258,3.1949838e-05,3.6506025e-05,-0.00023554018,5.1329211e-06,-9.1410011e-05,0.0014342721,0.0045194218,-0.00016578476,3.076309e-05,-0.00035222683,0.00052168517,-0.0015708177,9.1024602e-05,-0.00036501823,0.00017563402,-0.00033920665,0.00036765028,0.00037184155,0.00045161178,0.00051135003,-0.00077143507,-0.00020598768,-8.1212736e-05,-0.00036892172,-7.4300075e-05,-6.3625473e-05,0.0058433438,0.00091587809,-0.00060499671,0.00011386655,-0.0010555122,-0.003543989,0.00016511511,-1.009271e-05,0.0013832757,-0.00079282892,0.0027755288,0.0003179198,4.0977729e-05,-0.00034261452,0.00050655706,0.00016871669,-0.001085723,-0.00066526084,-0.002084373,0.00059773656,-0.0016580743,-0.00089157263,0.00092819419,-0.00015171421,1.3507549e-05,-0.031500304,0.045165367,-0.034410838,-0.011723619,0.00059978614,-0.0075743731,-0.004337785,0.019978232,0.00070685386,0.00027215936,-0.0089646116,0.0058828345,-0.00073189613,-0.0051820657,-0.0028958327,0.0017646431,0.0027252104,0.014377886,0.0033603978,-0.0070595571,0.01293605,0.00093518306,0.013753808,0.0067091166,-0.0083606816,0.0072861955,-0.00071269071,0.0025744873,-0.0032077338,0.0038518248,-0.0016955208,0.0026623306,0.016157818
"99",-0.00073249177,0.0015122327,0.0020544532,-0.0022003226,0.00021705968,-0.00011585187,-0.00098148419,1.800567e-06,0.00010680265,-1.3181408e-05,4.320831e-05,-0.00012773773,-0.00027880707,0.00082032083,-0.0016077419,0.0023466527,-0.012145407,-1.4326622e-05,-1.3301736e-05,0.00011583199,8.2096692e-05,1.1909396e-05,-0.00044279434,4.9218351e-05,-0.00017866753,-0.00054158629,0.00046218353,0.00023496036,6.7589845e-05,3.6000504e-05,-1.5148618e-05,-8.5990279e-06,0.00010612476,-0.00026992703,0.00029319582,0.00013064778,-0.00012751907,1.9767896e-05,0.00014057575,2.0406029e-05,2.0529142e-05,-4.6926205e-05,-2.3846158e-06,-0.00022981247,-0.0001815228,0.00010643629,0.00074484598,-8.9099151e-05,0.00041859525,0.00064461284,-0.00053161845,-0.00041495205,-0.00015460178,1.6084339e-06,6.6480531e-05,8.4504993e-06,-1.87196e-05,0.00053096893,-0.00027091438,-0.00013491102,0.0001743825,0.00012053386,-0.00021787352,-6.3799396e-06,-3.8592281e-05,0.0040489014,0.00051473788,-0.00050638639,-3.790984e-05,0.00034234403,0.00051709301,-0.0007693045,9.9346996e-05,0.00072304808,-0.00091952638,0.00076597985,0.00063246227,8.9006443e-06,-0.00018057181,-0.00012539652,0.00013313821,-0.00060987224,-0.00069359638,-0.00067922543,0.0002473552,-0.0012888212,-0.0006930805,0.00036092825,-0.00011546023,1.2312321e-05,-0.013972206,0.033413677,-0.0060057633,-0.0036898016,0.0017017633,-0.0023171383,-0.0054282792,0.00070685386,0.0034980395,-0.00028351321,-0.0039716798,0.0027375637,0.0021463545,-0.0028185864,-0.0010134265,0.0012184728,0.0016924603,0.0011670543,0.0032658882,-0.00059856297,0.0064289244,7.5711839e-05,0.0076294778,0.0041280603,-0.005728241,0.0029739312,-0.00031897284,0.0020645702,-0.0025166438,0.0029762831,-0.0011958897,0.00037764813,0.004390002
"100",-2.8007089e-05,0.00018331199,8.7706374e-05,-0.00011680828,2.5009145e-05,-2.1603624e-05,-1.0743586e-05,4.3199133e-07,-7.5763321e-05,-2.7128223e-06,-8.96441e-06,-2.2057501e-05,-4.5784013e-05,-8.9053577e-05,0.00014644559,-6.9747487e-05,0.00019568177,-7.0408688e-06,3.4824341e-05,-1.4839115e-05,3.1955587e-06,-9.4516665e-06,6.4808493e-05,-2.5525763e-05,1.950945e-05,-1.2211006e-05,2.4776617e-05,5.0815287e-05,1.3821188e-05,5.072694e-06,2.1357443e-05,5.9476499e-07,5.9717694e-06,-1.1039729e-05,-2.1432363e-06,2.3464998e-06,4.1399068e-06,1.0036023e-05,1.7646016e-05,1.775609e-07,3.3084318e-07,8.7606892e-06,-5.3862003e-05,1.2996162e-05,-1.0802545e-05,-6.3407011e-06,-0.00010823084,4.1417391e-05,-5.7651761e-05,1.3142433e-05,-2.8928496e-05,-5.4667505e-05,-2.5981756e-05,-1.6556425e-06,-2.0160969e-05,-4.7060437e-06,-3.9759617e-06,6.2037909e-06,-3.8985442e-07,-1.6989502e-05,1.1715594e-05,-3.1556269e-05,-9.4124553e-06,-5.8419226e-06,-1.4441517e-06,0.00026931556,1.70637e-05,9.9586998e-06,-6.7014553e-06,3.0759342e-05,3.0474655e-05,0.00010643169,-4.4470867e-05,8.3129916e-05,-6.9095882e-05,5.2010692e-05,0.00011659056,7.6997641e-06,-5.949934e-06,2.2971127e-05,3.3497491e-05,-3.1936349e-05,-2.1247165e-05,-8.7969658e-05,-2.0945057e-06,-8.0046347e-05,-4.4134684e-05,6.2969023e-05,4.4654706e-06,-2.8192418e-06,-0.0013233509,0.0019216551,-0.0013791725,-0.00044107965,-5.8851766e-05,-0.00027953705,-0.00040130468,0.00027215936,-0.00028351321,0.00014567362,-0.00042952727,0.00036075822,0.00014901114,-0.00044018905,-0.00013291554,4.6319428e-05,9.3206773e-05,0.00049178564,8.6315505e-05,-0.00028852934,0.00052216355,8.5623868e-05,0.00060515927,0.00027393298,-0.00043401954,0.00027883615,-2.560456e-05,0.00012975652,-0.00015487784,0.00016322978,-8.1645546e-05,0.00010978012,0.00063318432
"101",0.0053720952,-0.012534091,-0.0059591878,0.013100084,-0.0014572337,0.0011223657,0.00344889,2.9744684e-05,0.0001157467,0.00011336147,0.00018130317,0.00078545218,0.0014839463,0.0034845141,-0.0055493903,0.00023159694,0.022821574,6.861159e-05,-0.0011544578,-0.0011150709,0.00070957853,0.00059296939,-0.00050039377,9.077316e-05,-0.0034929787,0.0014748679,-0.0037860708,0.00027785833,-0.00046974055,-0.00016376144,-0.00056366124,0.00048961981,-0.00036527396,0.0011070347,-0.0013550517,-0.00031025078,0.00040261028,-0.0011811872,-8.017566e-05,5.2405207e-05,-0.00012958291,0.00019023591,0.0020916961,0.0022688955,-0.00052799681,-0.00099944263,0.0009649955,-0.0001538313,0.0055960342,-0.0016944671,0.0057365766,-0.00070532033,0.00099691878,3.817059e-05,0.00055547922,-0.00049056978,-0.00027589141,-0.0024545847,0.0016429415,0.0004592413,-0.0011170913,0.0015037893,0.00033906717,-0.00012445358,0.00031956317,-0.024624132,-0.0034917854,0.0016286113,-0.00090121092,-0.00071710104,-0.0017488615,-0.00027452788,5.9319417e-05,-0.010579523,0.0030494628,-0.0035433109,-0.0015272398,-0.00013589089,0.0010428108,3.4638719e-05,-0.0013128634,0.0036973732,0.0029282054,0.0052192328,-0.0010695727,0.007012143,0.0032244068,-0.0024872918,0.00060051332,-8.5429455e-05,0.085596676,-0.17963689,0.041457756,0.023987744,-0.0053483265,0.017058585,0.025982364,-0.0089646116,-0.0039716798,-0.00042952727,0.043062806,-0.011807002,-0.011925164,0.0085298806,0.0059768713,-0.0065825095,-0.0081879918,-0.010521929,-0.01868059,0.0073226483,-0.037953015,-0.0021545416,-0.043710486,-0.020151568,0.0311397,-0.017252933,0.0019993508,-0.012562969,0.015066367,-0.017028487,0.006700541,-0.0029369512,-0.025998947
"102",-0.0021130543,0.0070164996,0.0021384016,-0.0054806209,0.00095771408,-0.00055322881,-0.00096087691,2.4311426e-05,-0.00097296105,-4.9245744e-05,-2.7961219e-05,-9.8830476e-05,-0.0013258701,3.7311011e-05,-1.6833267e-05,0.0028053739,-0.01349767,-6.873327e-05,0.00057221572,0.00048918015,-0.00043812743,-5.4301615e-05,-0.00014127957,-2.0487467e-05,-0.00020847911,-0.0059219011,0.0018016794,-0.00013100259,0.00025336453,0.00024019253,-9.3239026e-05,0.0001594467,0.0004468239,-0.00075525773,0.00046693522,-0.00021075549,-9.133834e-05,0.00077599293,-0.00023624551,3.5599647e-05,0.0001090596,4.4883682e-05,-0.0011161897,-0.001169202,0.00048851134,0.00040587055,0.00014225963,4.0243152e-05,0.00013079,0.009047995,-0.0030057442,0.00017006669,-0.00053014641,-0.00018404805,0.00020636996,-0.00010828551,-0.00021637827,0.0011552504,-0.00058479939,0.00010141122,0.00039669113,-0.00099100677,0.00022624327,7.2342106e-05,-0.00020029908,0.011385006,0.001578504,-0.00089197797,0.00062859003,0.0004797602,0.0011184009,-0.00033431604,-3.9263633e-05,0.0020040906,-0.0086667877,0.0016930455,0.00087765024,2.3922533e-05,-0.00029043108,-0.00059813064,0.00065172023,-0.0017214734,-0.0016039952,-0.0027242994,3.5566235e-05,-0.0029951563,-0.0014179189,0.0011657888,-0.00030870388,5.7454584e-05,-0.044626983,0.075004442,-0.031088736,-0.013338088,0.0019102584,-0.010545844,-0.012295045,0.0058828345,0.0027375637,0.00036075822,-0.011807002,0.028603551,0.0045194873,-0.0059878986,-0.0032103933,0.0021845277,0.0066334745,0.0097130996,0.0062777425,-0.0050047764,0.017982593,0.0028981524,0.020442354,0.0088241093,-0.013563429,0.0090976591,-0.0010878053,0.0054477336,-0.0063871497,0.0067147827,-0.0029181621,0.0022835017,0.016289093
"103",-0.0073168007,-0.0050724717,0.0038492629,-0.0045642256,0.0005478089,-8.9721978e-05,-0.004574319,-0.001579226,0.00037395482,-7.486423e-05,0.00017722323,-0.0012038971,-0.00099605095,0.00066527692,0.00053950159,-0.00060443615,-0.012313328,-0.0002576656,-0.00081296103,0.00012513648,0.00097803537,0.00019969518,6.3750524e-05,-6.6671372e-05,-0.00038969207,-4.3917821e-05,-0.048610944,-0.00033947691,-9.7974181e-05,0.00036103568,-0.00037339181,-0.00073473429,-0.00043632032,5.6440581e-05,-0.00060191251,0.00028283643,0.00030712019,0.00022083293,0.0013954653,0.00021142389,-5.6870259e-07,0.00067871079,0.0012954871,-0.00014641183,-0.0011758964,-0.00052018708,-1.9305321e-05,1.4994203e-05,0.00049067268,-0.00056279731,0.095966789,0.00077627301,6.7262968e-05,-0.00065623568,0.00054411557,0.00071008054,-0.00011890254,0.00057626711,0.00029328431,-0.00088477178,-0.00089841599,-0.0002963045,-0.0016262294,-0.00091613465,7.6214136e-06,0.0085167504,0.00098793949,-0.0013842357,0.000348536,0.00084521013,0.0022703094,0.00022604417,-2.8086407e-05,0.0023029647,-0.0013569255,-0.074233726,0.00069409875,-0.00010666824,5.499096e-05,-7.7335158e-05,0.00026732323,-0.0018586722,-0.0004580853,-0.001971062,0.00043921963,-0.0023098468,-0.00066549016,0.0020400157,5.1861448e-05,1.132708e-05,-0.030770101,0.089259784,-0.014467616,-0.0080871399,0.0058073294,-0.0063223666,-0.014152039,-0.00073189613,0.0021463545,0.00014901114,-0.011925164,0.0045194873,0.2255685,-0.0026652012,-0.0019805474,0.0010304913,0.003044489,0.003769759,0.0099260073,-0.0055375242,0.017979107,0.0010951725,0.016522416,0.0066541229,-0.018034826,0.0063314359,-0.00069325457,0.0041960375,-0.0055034967,0.008834954,-0.0028637062,0.00084764087,0.010592688
"104",-0.00043996562,-0.0038527086,-0.0050021259,0.003260291,-0.00050258431,0.00026261648,0.0014984767,-0.00031220285,0.0010567708,-3.9524313e-05,-6.2428368e-05,0.0001197692,0.00064661094,0.00038726567,0.00024093335,-0.0016704359,0.0089441707,0.00013452563,-0.00058917284,8.9681611e-05,-4.5591022e-05,5.0691734e-05,0.00017790078,6.8405059e-05,0.00030480242,0.00053240898,-0.0019109091,-0.0035527071,-0.00020120702,0.00012125892,-0.0001209665,3.0818791e-05,0.00010796437,-0.00032116556,-0.0004673435,-7.9025608e-05,0.00016985087,-0.00011101358,-0.00025229537,0.00023458954,-3.1005745e-05,-9.0855573e-05,0.00083523504,1.1011725e-05,0.00015885773,-0.00010991789,-0.0003389272,-9.6918944e-05,-0.00030236694,-0.00057632989,0.0034783672,0.0066836964,0.00026651031,-0.0003471806,-5.4381663e-05,6.0885186e-05,-0.00018249744,0.00051270846,0.00040299969,0.00029775517,-0.00049818995,-9.9834932e-05,0.00044205738,-0.00064455315,9.2928787e-05,-0.0076769752,-0.00079826469,0.00040490436,0.00027405911,-0.00036880133,-0.00089731634,0.00032619377,0.00011279864,-0.001524206,0.0012084717,-0.0013357771,-0.0067592847,-2.9617073e-05,0.00047049053,0.00015014111,-0.00036643115,0.001362704,0.00018933214,0.0017210742,-0.00026412577,0.0023283219,0.0016120992,-0.00093176422,0.00044490656,-2.385011e-05,0.032462911,-0.053551979,0.027018017,0.0095739342,-0.00049410737,0.0059378125,0.0092622234,-0.0051820657,-0.0028185864,-0.00044018905,0.0085298806,-0.0059878986,-0.0026652012,0.027615555,0.0025796711,-0.002486598,-0.0042226588,-0.009494858,-0.0046959788,0.0077827711,-0.01280292,-0.0018473966,-0.015203456,-0.0083027017,0.010390094,-0.0083222233,0.00077430645,-0.0035523404,0.0041371855,-0.0044075399,0.0021376626,-0.0020642678,-0.013467828
"105",0.00091216325,-0.0021341208,-0.0018271323,0.0023134472,-0.000293898,0.00015886742,0.00070338674,-3.3199919e-05,0.0004454905,-1.8672377e-05,-8.2962612e-05,0.00015304632,0.00045739592,0.00083578945,-0.0012395984,0.00065763323,0.0011673009,6.5620656e-05,-0.00015368456,-0.00021268018,0.0001282471,0.00018970425,-3.7633357e-05,2.3031942e-05,-0.00013066738,0.00040543813,-0.0009667738,-8.74162e-05,-0.00040530025,2.1422233e-05,-1.961545e-05,7.8028648e-05,-6.8557655e-05,0.00026551587,-0.00026040646,-3.8436189e-05,0.0001645504,-0.00010116248,-0.0001089278,1.4652098e-05,-1.6690814e-05,-3.2878083e-05,0.00022387753,0.00038903515,-0.00010083704,-0.00030202169,6.6958741e-05,-4.1092141e-05,0.00029135046,-0.00048596401,0.0010694722,1.0010778e-05,0.00070638514,-6.362109e-05,5.6755334e-06,-0.00017117706,-7.769383e-05,-0.00050658463,0.00028375378,0.0001436858,-0.00024892165,0.00011051139,0.00022692433,-8.891273e-06,3.7692997e-05,-0.004484301,-0.00056205199,0.00037647104,-0.00022530614,-0.0001952765,-0.00034102828,3.6549963e-05,1.1609917e-05,-0.001210409,0.00071607549,-0.00084239146,-0.0003670296,-0.00053953702,0.00023084653,2.666223e-05,-0.00023164555,0.0007188164,0.00054953766,0.0009230499,-0.00017322001,0.0013558501,0.00067306175,-0.00052833184,0.00010294049,-2.1599937e-06,0.017936459,-0.033030809,0.013112446,0.0054010226,-0.00093975392,0.0042452043,0.0053212039,-0.0028958327,-0.0010134265,-0.00013291554,0.0059768713,-0.0032103933,-0.0019805474,0.0025796711,0.0030322798,-0.0012908244,-0.0020399171,-0.0044717405,-0.0030062533,0.0024220174,-0.0071411943,-0.00085341605,-0.0087740445,-0.0042932508,0.0060113764,-0.0038283076,0.00037815685,-0.002148834,0.0025982281,-0.0029996045,0.0012420836,-0.00099504405,-0.0068840596
"106",-0.00078209346,0.002173813,0.0017969333,-0.0025089985,0.00022466492,-0.00019503006,-0.00084618312,4.1231869e-06,0.00011532517,-2.1536616e-05,-7.1243655e-05,-0.00010603958,-0.00026303366,-0.00035383374,8.8758926e-05,0.00082108699,-0.0079214151,0.00014417715,0.00023087152,0.00020229041,-0.00013054361,-0.00023756107,2.7570405e-05,-1.0911704e-05,0.00024498175,-0.00026629292,0.00099699486,0.00014675482,0.00015006717,-0.0002301886,3.1468977e-05,-2.5226022e-05,0.0001522572,-0.0001892312,0.00022646221,3.2370746e-05,-2.9800543e-05,0.00019245183,-0.00024848053,9.4388755e-06,4.2570504e-05,-0.00030457029,-0.00036596795,-0.00044322562,0.00017772621,0.00043123429,-4.0666245e-05,2.0743395e-05,-0.00035544824,0.00035398023,-0.0016130806,-0.00035768399,-0.0002683933,0.00047524307,9.0018739e-05,7.8270517e-05,1.8635018e-06,0.00042286134,-0.00016643442,8.8461661e-06,0.00024008118,-0.00018682938,0.00039580208,1.4834973e-05,-8.6346295e-05,0.004732086,0.00087663134,-0.00025594372,0.00017904777,3.114254e-05,0.00022000106,-5.5283814e-05,-2.796564e-06,0.0014526818,-0.00063413602,0.0010361114,0.00053826942,6.9793921e-05,-0.00058453314,-0.00012789811,0.00022853506,-0.00066686783,-0.00060547022,-0.0010512419,0.00015069071,-0.0013928951,-0.00069935265,-5.0584816e-06,-0.00012903691,3.8685315e-05,-0.015956378,0.037120501,-0.0064805112,-0.0049957626,0.0010466218,-0.0031932552,-0.0048934558,0.0017646431,0.0012184728,4.6319428e-05,-0.0065825095,0.0021845277,0.0010304913,-0.002486598,-0.0012908244,0.0026171465,0.0018399767,0.0012192692,0.0037141928,-0.0011875009,0.007763624,0.00062483327,0.0086837167,0.004201173,-0.0047381455,0.0032798241,-0.00045275339,0.0024282908,-0.0029421933,0.0033854694,-0.0013410735,0.00042899803,0.0047590276
"107",-0.0011710121,0.0014076969,0.002952387,-0.0028271943,0.0003669173,-0.00011362282,-0.0012211148,-0.00017012969,-0.00091411976,3.2585119e-05,3.0821132e-05,-0.00018763912,-0.00066777955,0.00011048479,-0.00018004136,0.001387764,-0.0073973741,0.00016621613,3.3050417e-05,0.00032916221,0.00029639663,0.00036456348,-5.1273802e-05,-2.4457763e-06,0.00020924994,-0.00083682224,0.00018541415,3.5329846e-05,0.00014646741,-4.5106381e-05,-0.0020567471,-5.3822987e-05,0.00016748486,-0.0006871373,0.00032062142,0.00016764026,6.4100124e-05,0.00045740212,0.00064162303,2.0317481e-05,0.00010791232,-0.00024871748,-0.00010987308,-0.00066065898,-0.00038946061,-0.00020155984,6.7596705e-05,1.5856144e-05,-0.00042767702,0.0010600807,-0.00042713122,-0.00029746786,-0.00027143202,0.00019155226,0.0030233323,0.000132799,-0.00026613809,0.00097028903,-0.00044399436,-0.00048609298,5.5505055e-06,-0.00053575763,-0.00095841395,-6.4339342e-05,-0.00015004097,0.0058803911,0.00097371164,-0.00043517707,0.00047898438,0.00072743457,0.0011153024,-0.00013914875,1.4350362e-05,0.001484203,-0.0015378067,0.0008527993,0.00059421185,-1.2528994e-05,-0.00036455634,-0.0028833564,0.00027577325,-0.00083028334,-0.0013520748,-0.0013696258,0.00015628699,-0.0016650914,-0.00027741598,0.0012754637,-8.1342276e-05,0.00012340705,-0.025221961,0.045431817,-0.021461752,-0.008612817,0.00079978946,-0.006504682,-0.0088188131,0.0027252104,0.0016924603,9.3206773e-05,-0.0081879918,0.0066334745,0.003044489,-0.0042226588,-0.0020399171,0.0018399767,0.012278508,0.0077019822,0.0030140168,-0.0023739964,0.010142531,0.0011865428,0.011616913,0.0040988257,-0.010254608,0.005574525,-0.00095902085,0.0026865135,-0.0032863459,0.0040053207,-0.0017150829,0.0016124928,0.010963143
"108",-0.00041850861,0.0021230263,0.002699548,-0.0027484763,0.00032646649,-0.00017620577,-0.00068365953,5.7328215e-05,-0.0042359319,8.7327165e-05,0.00040749355,-0.00037914353,-0.0028973617,0.00077319103,-0.0010607776,0.0027900427,-0.00078363874,-0.00018659251,0.00025520412,-2.5345355e-05,-0.00035615804,-0.00016409157,7.781427e-05,-2.6776248e-05,5.7603305e-05,-0.00047263278,0.00023246361,-7.7131919e-05,0.00017595419,0.00015702141,-0.00028977934,-0.002120657,-0.0012769569,-0.00035219611,-0.00018316351,-0.00019007521,3.8418162e-05,0.00019928015,0.00074084163,-1.3735401e-05,2.0470187e-05,0.00018313147,-0.00032939463,-0.00020098697,0.00065392837,9.6548877e-05,-0.00014526252,5.7846599e-05,-0.00062068172,0.00047412157,-0.00033846938,2.7685838e-05,-0.00029999988,-7.004242e-05,0.00015111254,0.003492171,0.0019230265,0.00026496756,0.00024768327,-0.00067324272,0.0001588753,-0.00041716642,-0.00064677591,-3.0498545e-05,-4.6012545e-05,0.0077498527,0.00090282879,-0.00036894249,0.00023652696,0.0004241584,0.0008220409,-0.00017385504,7.3033593e-06,0.0013557043,-0.0013332772,0.0010444579,0.00069844999,4.9576262e-05,-0.00033153218,-0.00030402185,-0.003090624,-0.0031005912,-0.00082773747,-0.0023111114,-7.6333001e-06,-0.0025618857,-0.0012681663,0.0014016943,1.8053309e-05,1.0858456e-05,-0.047854546,0.041888253,-0.065568383,-0.018155924,-0.0020472718,-0.01317083,-0.0098565514,0.014377886,0.0011670543,0.00049178564,-0.010521929,0.0097130996,0.003769759,-0.009494858,-0.0044717405,0.0012192692,0.0077019822,0.039617655,0.0065034708,-0.013216883,0.014448638,0.0043556669,0.018919232,0.0086756612,-0.010290273,0.010828847,-0.0010652348,0.0028846446,-0.0031588103,0.0034275322,-0.0019710199,0.0053088527,0.027367964
"109",-0.0035414174,0.0075672819,0.0051171497,-0.0079165668,0.0008439293,-0.00078176365,-0.002750188,-0.00024160406,0.00089099987,-5.2544372e-05,-0.00040886806,-0.00026883176,-0.00019280481,-0.00053295333,0.00081611842,0.0028582485,-0.026450541,-3.217586e-05,0.00068701752,0.00028402072,-0.00032229497,-0.00081715626,0.00022160763,-4.7306824e-05,0.00017803982,-0.0007562502,0.001664943,3.7917674e-05,0.00024233763,0.00032050806,0.00070890714,-0.0015256167,-0.0019872819,-0.00058609849,0.00043486098,0.00030551769,-2.3324875e-06,0.00069706704,0.00042003694,-2.0907083e-05,8.7508039e-05,-0.00018574406,-0.0010258666,-0.00088355161,0.00030636151,0.0011344273,-0.00036711358,5.8314055e-05,-0.00057892628,0.0010485477,-0.0031815682,3.0145613e-05,-0.00058621857,-0.00027031684,-0.00085595695,0.0022034693,0.0034098424,0.0012080969,-0.00051144422,-0.00049641957,1.4871967e-05,-0.00067627662,-0.00056144787,6.808489e-05,-0.00019656653,0.015446659,0.0020961204,-0.0008738042,0.00029004952,0.00045953172,0.00089634484,-1.5906836e-05,-1.6139735e-05,0.0039860441,-0.0024188392,0.0014934475,0.0012400077,1.6072815e-05,-0.00045690655,0.00014405366,-0.0010851471,-0.0052020949,-0.0020892277,-0.0035776252,0.0005617228,-0.0042720116,-0.0023413289,0.0020277878,-0.00040696511,4.1222464e-05,-0.04848891,0.11719947,-0.013389542,-0.011953231,0.0039405041,-0.0077492912,-0.015962191,0.0033603978,0.0032658882,8.6315505e-05,-0.01868059,0.0062777425,0.0099260073,-0.0046959788,-0.0030062533,0.0037141928,0.0030140168,0.0065034708,0.022163686,-0.0021857349,0.024915144,0.00034356666,0.025657039,0.013413563,-0.0214152,0.0097236027,-0.0010828246,0.0080627268,-0.0096883937,0.011197333,-0.0041679943,0.00076914236,0.012068842
"110",2.571112e-06,-0.00014434334,-0.0020641412,0.0015474784,-1.8240545e-05,0.00010735206,0.0010941824,0.00010855496,0.001818306,-3.7509968e-05,-0.00019485128,0.000531084,0.0013224759,0.0025955963,-0.0039728548,0.003649553,-0.011297758,0.00018349193,-9.7006858e-05,6.3248319e-05,0.0001709051,0.00026600773,-0.00011281968,2.3795912e-05,-0.00011051453,0.00010726177,-0.00017516257,-0.00075763321,-3.8472406e-05,5.388214e-06,-0.0002189351,6.5411252e-05,0.0001344373,-0.0026997163,-6.9029812e-05,-0.00015919513,-0.00010767691,-0.00032723098,-0.0002380034,6.1877968e-06,3.49172e-05,-0.00036080111,0.00015944399,0.00021675419,-1.5910478e-05,-0.00010179026,0.00014774322,-4.1898063e-05,0.00024001848,-0.00020315854,4.2584143e-05,0.0014096842,6.0244686e-05,-6.4841934e-05,0.00022823486,-0.00031629618,-0.00042621866,0.0042690779,-1.4203788e-05,0.00068291,0.00014593412,0.00060084054,0.00038767053,4.0326767e-05,-3.9232067e-05,-0.0041774916,-0.00013968605,0.00038670767,-0.00019166259,3.024447e-05,-0.00038601973,-9.6045156e-05,2.8149448e-05,-0.0014176699,0.00073102412,3.691692e-05,-0.0012893094,-6.1469772e-05,0.00023964094,-0.00043241841,-0.00010634527,0.00074779799,-0.0040879749,0.0010537285,-0.00037169064,0.0011940412,0.00054950686,-0.00046277048,6.9278394e-05,3.7980335e-05,0.023642046,-0.036162242,0.03027215,0.0082245045,6.5458529e-05,0.0070334459,0.0061540173,-0.0070595571,-0.00059856297,-0.00028852934,0.0073226483,-0.0050047764,-0.0055375242,0.0077827711,0.0024220174,-0.0011875009,-0.0023739964,-0.013216883,-0.0021857349,0.020559658,-0.0086450151,-0.0010503131,-0.010428149,-0.0043322226,0.0063349689,-0.0060767039,0.00047395225,-0.0017559785,0.0021883632,-0.0029733723,0.0014339569,-0.0024080523,-0.013639737
"111",-0.0068422225,0.012301834,0.007106593,-0.015383645,0.0016645143,-0.0012144452,-0.0046459428,-0.00056238993,-0.00020299164,0.00015543976,-0.000224397,-0.00079442511,-0.0017662463,-0.0014955446,0.0020269132,0.0041263215,-0.042867731,-0.00025717114,0.0013689807,0.00040770055,-0.00039102662,-0.0012300821,0.00041339917,-0.00010617899,0.00031692173,-0.0022103373,0.0033657533,1.5570572e-05,0.00039859465,0.00041401929,0.00089083842,-0.00069593998,-4.0437417e-05,-0.0014451475,-0.0010460748,-0.0002463526,0.00054977063,0.0012940284,0.00032091581,-4.4665937e-05,0.00016307647,1.9810889e-05,-0.0022433392,-0.0012603895,0.00035352367,0.0019229123,-0.00066729973,0.00014902512,-0.00040766271,0.0025594495,-0.0047538523,0.00015332164,-0.00091748573,-0.00035410237,-0.0010719014,0.00077804921,0.00047666658,0.0030629845,0.0020908223,0.00015758419,-0.00050248989,-0.0013795354,-0.0002616693,8.1284025e-05,-0.0003437773,0.030708761,0.0039182171,-0.0020080132,0.00047565829,0.0008818114,0.0015636466,5.0231294e-05,-7.8942488e-05,0.0078990942,-0.0051052705,0.0041452966,0.00250065,-3.5376701e-05,-0.0011236392,-0.00013381307,0.001054805,-0.005108731,-0.0041806828,-0.01003385,0.00025783066,-0.0081865301,-0.0043085354,0.0036548719,-0.00088930861,0.00012253492,-0.1077155,0.23339008,-0.052808004,-0.029098095,0.0067499793,-0.019385646,-0.033916571,0.01293605,0.0064289244,0.00052216355,-0.037953015,0.017982593,0.017979107,-0.01280292,-0.0071411943,0.007763624,0.010142531,0.014448638,0.024915144,-0.0086450151,0.059442305,0.0058631186,0.052410567,0.026819308,-0.041612884,0.02251035,-0.0025239415,0.015306866,-0.018537819,0.021555635,-0.008496713,0.0036162272,0.034072667
"112",0.00041925523,0.0014842145,-0.00089158342,-0.00087848419,8.4285225e-05,-9.127788e-05,0.00037808299,0.00013756551,-0.00056155024,6.2355332e-05,0.00017300765,-6.9584009e-06,5.8076764e-05,0.00013686938,-0.00045511966,0.00087136254,-0.0017594571,9.0974366e-06,0.00028501495,3.9605723e-05,-0.00016712035,0.00010724776,9.132354e-05,6.7173589e-06,-5.8058391e-05,-0.00046049699,0.00065293059,-0.00011365189,4.0271032e-05,-2.7990612e-05,8.4890577e-05,-3.6299252e-05,5.4761365e-05,-0.00024482295,-0.0005236317,-0.0020955902,-0.00011309965,0.00028248487,-0.00012495055,-5.6148219e-05,2.478547e-05,-4.1855901e-05,-0.00053666633,-9.2862963e-05,0.00013496828,-0.00029244527,-6.7168608e-05,5.1899624e-06,-0.00013205663,0.00057380042,-0.00076621832,-6.2647442e-05,-0.00010374061,9.3677139e-05,-0.00017798742,-1.2822942e-05,-0.00013625018,0.00051444306,0.00090209882,0.0033352037,0.00019545745,-0.00058042756,0.00021263271,0.0001718427,-5.3238803e-05,0.0022009757,0.00030887683,9.741484e-05,-9.0738348e-06,0.00016344974,0.00070703553,4.4263443e-05,-5.4436058e-06,0.0002394763,-0.00064945738,0.00038062217,9.3765581e-05,-2.4755345e-05,-0.000129363,-1.333354e-05,0.0001716319,-0.00030078953,-0.00052548272,-0.0013924313,-0.0035170308,-0.00080521364,-0.00019754608,0.00027902732,-4.9953128e-05,4.0711603e-05,-0.010757972,0.010131846,-0.01140959,-0.0036749854,-0.0007219434,-0.0023567609,-0.0022146387,0.00093518306,7.5711839e-05,8.5623868e-05,-0.0021545416,0.0028981524,0.0010951725,-0.0018473966,-0.00085341605,0.00062483327,0.0011865428,0.0043556669,0.00034356666,-0.0010503131,0.0058631186,0.012191087,0.0044708107,0.0012235546,-0.0020320249,0.0023631728,-0.00030874031,0.00087186809,-0.00091442545,0.00081371429,-0.00048586951,0.00087296273,0.0047319444
"113",-0.0073808669,0.014972453,0.0086741321,-0.017439735,0.0019436357,-0.0012902844,-0.0048880368,-0.00024644439,-0.00070682219,-0.00015295696,-0.00025518933,-0.00056580375,-0.0024161369,-0.0023223222,0.0033524872,0.0042929966,-0.043214768,-0.00010505015,0.0012905796,0.0012769439,-0.00062853401,-0.00065915486,0.00017590374,-0.00010075246,0.00096204831,-0.0026619164,0.0049075121,0.00027802103,0.00071093741,0.00036388476,0.00083293038,-0.00064328746,0.0003396149,-0.0017065889,0.0018328876,0.0001639901,-0.0037058794,0.00073545672,0.00041258029,2.1410011e-05,0.00018303709,-0.00041982785,-0.0021792735,-0.0028271567,0.00055260207,0.0011581182,-0.00043015193,0.00014862902,-0.0017093297,0.0033686215,-0.0073321848,-0.00016109931,-0.0013596567,-0.00017761008,-0.00092039206,0.00066822763,7.9663499e-05,0.0036112546,-0.0020937485,-0.0006421077,0.0054916974,-0.00057057595,-0.0004200967,-6.3244976e-05,-0.00040638773,0.033599918,0.0045193707,-0.0025101174,0.0011025199,0.0009562557,0.0024995712,-0.00030260134,-6.3511654e-05,0.0090554906,-0.0051628047,0.0048452559,0.0028139583,0.00019004258,-0.0013213123,-0.00011765668,0.0013116819,-0.0053044161,-0.0046159233,-0.0070447444,0.00097772526,-0.014602585,-0.0056667494,0.0037776461,-0.00072418646,0.00011144843,-0.1211218,0.24986869,-0.064886967,-0.034126362,0.0084385451,-0.024526057,-0.03668987,0.013753808,0.0076294778,0.00060515927,-0.043710486,0.020442354,0.016522416,-0.015203456,-0.0087740445,0.0086837167,0.011616913,0.018919232,0.025657039,-0.010428149,0.052410567,0.0044708107,0.075527415,0.032467147,-0.044152008,0.024524767,-0.0027864105,0.017082353,-0.020414935,0.023342941,-0.0091900147,0.0045899006,0.039655374
"114",-0.0046713463,0.0052967768,0.0051763291,-0.0084837782,0.00085534569,-0.00056402654,-0.003179098,-0.00043877823,-0.00029781218,1.7083e-05,-0.00012438096,-0.00032400069,-0.0011459427,-0.00042413485,0.00046094509,0.0028713131,-0.024880316,-0.00017687338,0.00032146067,0.00051552601,-8.5374436e-05,-0.00047541137,1.9664744e-05,-5.405576e-05,0.00037415428,-0.00089580006,0.0020206628,0.00025350489,0.00036333805,0.00019124262,0.00060914197,-0.00031024086,9.7600306e-05,-0.00096796588,0.00067167011,0.00036962386,-0.00074138229,-0.0013071076,0.00044288106,0.00017525685,5.2304414e-05,7.9977886e-05,-0.00056480151,-0.0013051507,7.9054106e-05,0.00084884195,-7.6916354e-05,6.7060746e-05,-0.00034313632,0.0010403749,-0.003017962,-0.00034827843,-0.000638243,-0.00018677385,-0.00071685418,0.0004599925,0.00018060987,0.0021344131,-0.00084891442,-0.0010265375,0.0011092207,0.0024063193,-0.00070184486,-0.00018873509,-0.00011591651,0.016294909,0.0019509125,-0.0012893509,0.00044569086,0.0004412216,0.0010889951,-0.00019565899,-3.9313693e-05,0.00409714,-0.0025018849,0.0029810665,0.0017696953,8.6014064e-05,-0.00061367415,0.00053122818,0.00056452705,-0.0027965969,-0.0022471238,-0.0036467546,0.00063107184,-0.0055424825,-0.0054576858,0.0019627731,-0.00035005957,1.9945667e-05,-0.058590672,0.12618701,-0.030261537,-0.015692257,0.0044712823,-0.011753161,-0.018352945,0.0067091166,0.0041280603,0.00027393298,-0.020151568,0.0088241093,0.0066541229,-0.0083027017,-0.0042932508,0.004201173,0.0040988257,0.0086756612,0.013413563,-0.0043322226,0.026819308,0.0012235546,0.032467147,0.024433158,-0.022801516,0.012007538,-0.0012290408,0.0082612144,-0.010009908,0.012010217,-0.0044693451,0.0020998671,0.019267965
"115",0.0074109848,-0.0090922949,-0.0082557195,0.012985733,-0.0014813899,0.0010254493,0.004905602,0.00071991392,-9.6029497e-05,0.00012357575,0.00019342282,0.00075507606,0.0011987168,0.0038015202,-0.0062177089,0.00059118472,0.024646316,0.0002293755,-0.0010629736,-0.0016508102,-7.8147701e-06,0.00090302283,-0.00017679925,0.00010748008,-0.0005603164,0.0015690977,-0.002033138,-0.00037955661,-0.00048076745,-0.00057797131,-8.2341628e-05,0.0007594285,0.00022530913,0.0010898217,-0.00088148723,-0.00047777553,0.00037825042,-0.00074649988,-0.0034679911,-3.4034443e-05,-0.00013468852,-0.00015370771,0.0017017059,0.003130874,0.0001124529,-0.0014181564,0.00033136468,-0.00012133509,0.00094697058,-0.001702865,0.0029025947,0.00020823006,0.0010083163,0.00074708979,-0.00026799936,-0.00096276796,-0.00053825966,-0.0023309433,0.0012461747,0.001042653,-0.00038486602,0.00055066863,0.00516242,0.0001766422,0.00025945093,-0.024474754,-0.0029700734,0.0013368503,-0.0020270968,-0.0010945078,-0.001553038,-9.8990214e-06,8.6408566e-05,-0.0064048538,0.0039877115,-0.0023020073,-0.0021422758,-3.8245166e-05,0.00039124705,0.00075237829,-0.00079792211,0.0042324196,0.0033998974,0.0057762488,-0.00079753966,0.0070194304,0.0036187442,-0.0070509614,0.00063378748,-9.8148349e-05,0.085014246,-0.19607142,0.03893215,0.022006408,-0.0050480882,0.020384547,0.029435155,-0.0083606816,-0.005728241,-0.00043401954,0.0311397,-0.013563429,-0.018034826,0.010390094,0.0060113764,-0.0047381455,-0.010254608,-0.010290273,-0.0214152,0.0063349689,-0.041612884,-0.0020320249,-0.044152008,-0.022801516,0.047829613,-0.018097841,0.0020408887,-0.012572209,0.015371108,-0.018508347,0.0069814504,-0.0026451864,-0.026684212
"116",-0.0022738043,0.0059884554,0.0033496203,-0.0066565554,0.00065377302,-0.00050819412,-0.0019708887,-8.2268212e-05,-0.00095182731,-5.8395767e-06,-3.6370423e-05,-0.00030161286,-0.0013367632,-0.0010292818,0.0010465807,0.0015783569,-0.015173307,-0.00012296532,0.00056805233,0.00022094707,-0.00030848874,-0.00019349975,0.00014920543,-4.1288901e-05,0.00027842959,-0.00094290505,0.0020526798,0.00023167121,0.00024690798,0.00017040431,0.00024484592,-0.00011351833,8.8276624e-05,-0.00069248585,0.00045287088,5.8104534e-05,7.1926013e-05,0.00072784777,0.00012215889,-0.00033647658,6.9052921e-05,7.5892162e-05,-0.00098807325,-0.00062794878,0.00032933831,0.00039215639,-0.0001938777,4.9996035e-05,-0.00046286016,0.0011550967,-0.0033501814,-0.00052581736,-0.00047317133,-0.00010066366,-0.00025987454,4.1752737e-05,0.00018099183,0.0013856397,-0.00032140649,-0.00023210398,2.5995344e-05,-0.00073553579,-0.00012677507,0.0008912264,-0.00015391917,0.013554502,0.0016958268,-0.0009377499,0.00029267249,0.00031839743,0.0010286846,-8.5925734e-05,-1.7698388e-05,0.0034955931,-0.0021943862,0.0020449475,0.0014065638,2.3667295e-05,-0.00050650807,-5.1776365e-05,0.00079563651,-0.0021640272,-0.0017976456,-0.0031733662,0.00048328237,-0.0036659941,-0.0018199464,0.0015343953,-0.0012483846,4.313489e-05,-0.051736148,0.10001579,-0.034403916,-0.01507067,0.0024448701,-0.010667503,-0.014989677,0.0072861955,0.0029739312,0.00027883615,-0.017252933,0.0090976591,0.0063314359,-0.0083222233,-0.0038283076,0.0032798241,0.005574525,0.010828847,0.0097236027,-0.0060767039,0.02251035,0.0023631728,0.024524767,0.012007538,-0.018097841,0.013944585,-0.0011974688,0.0065708082,-0.0079248746,0.009072903,-0.0037801816,0.0025521732,0.018989156
"117",0.00031882033,-0.00085887673,-0.00036985429,0.00076162144,-9.1583061e-05,7.4433043e-05,0.0001964757,7.410261e-06,8.7420286e-05,-6.6419705e-06,1.9702487e-07,1.7448118e-05,0.000107864,0.00013626249,-0.00019456936,-0.00012565364,0.0016113819,-1.4167686e-05,-8.6910004e-05,-1.9198008e-05,3.4650236e-05,4.2023666e-05,-1.4460994e-05,3.75231e-06,-2.1211208e-05,0.00016290235,-0.00023000923,-1.2376754e-05,-2.4084948e-05,1.4884561e-06,4.3528124e-05,1.5417018e-05,-7.1111839e-06,0.00012500168,-6.2129221e-05,-9.4794539e-06,-4.6221436e-06,-9.7057974e-05,-4.6438168e-06,2.7698376e-06,-3.598602e-05,3.4088329e-05,0.0001451556,6.5419672e-05,-3.294137e-05,-7.3696529e-05,2.8764572e-05,-6.0331167e-06,8.698879e-05,-0.00020773509,0.00035245439,2.4901981e-05,5.2977077e-05,-1.7368713e-05,-5.749824e-05,-2.9167472e-05,-2.5808265e-05,-0.00021617186,5.311551e-05,1.9438391e-05,-5.5288599e-05,0.00011767793,1.7624767e-05,-1.4143847e-05,5.4715657e-05,-0.0015024584,-0.00022957812,9.1319058e-05,-2.1210493e-05,-4.2621584e-05,-0.00011165777,6.5807611e-06,-5.5642002e-08,-0.00040867007,0.00027103478,-0.00022756915,-0.00013298384,6.8564494e-06,8.007081e-05,0.00011357833,-7.0350094e-05,0.00022945598,0.00024650471,0.00036961339,-2.0268744e-05,0.00043054272,0.00018222195,-0.00018410615,4.0885352e-05,-3.390861e-05,0.0056061194,-0.011220975,0.0034665787,0.0017287436,-0.00023769912,0.001093311,0.0016936119,-0.00071269071,-0.00031897284,-2.560456e-05,0.0019993508,-0.0010878053,-0.00069325457,0.00077430645,0.00037815685,-0.00045275339,-0.00095902085,-0.0010652348,-0.0010828246,0.00047395225,-0.0025239415,-0.00030874031,-0.0027864105,-0.0012290408,0.0020408887,-0.0011974688,0.0002277492,-0.00075832553,0.00091729275,-0.0010428645,0.00042518449,-0.00025172906,-0.0019691587
"118",-0.0023016236,0.0055206813,0.0020164458,-0.0056723941,0.00066034567,-0.00051040418,-0.0011615902,-2.4279205e-05,0.00014257229,-2.8083638e-05,-0.00012993042,-0.00019808068,-0.0004088893,-0.0011806554,0.0013903963,0.00095245949,-0.012571941,-4.19606e-05,0.00058801572,0.00026538152,-0.00022076436,-0.00025063823,0.00013226162,-3.8593136e-05,0.00031822245,-0.00088666219,0.001703304,-3.6601474e-05,0.00020293496,0.00016541196,0.00043739139,-0.00017255523,9.1056001e-05,-0.00055531024,0.00056862136,0.00012724531,-9.7303009e-05,0.00050772258,4.4118561e-05,-1.5610055e-05,6.5332497e-05,-0.00010372703,-0.0008810932,-0.00069582275,0.00017089999,0.00035758584,-0.0002173163,5.189746e-05,-0.00051133738,0.0011298811,-0.00271283,7.3990209e-05,-0.00039482531,-0.00012388355,-0.00048229384,0.00023466441,0.00014264256,0.0011650924,-0.00056094343,-0.00012584208,0.00029127574,-0.00058879323,4.0931039e-06,6.017549e-05,-0.00013687659,0.010015903,0.0013503794,-0.00067460254,0.00025142532,0.0002936274,0.00075966599,-3.2681967e-05,-1.7397605e-05,0.0027555529,-0.0016100788,0.0014567295,0.00078132666,2.707509e-05,-0.00034890734,1.7620734e-05,0.00041370834,-0.0016317729,-0.0013857335,-0.0021927537,0.0003218854,-0.0028998138,-0.0013999845,0.0010542501,-0.00026989053,3.4657475e-05,-0.03352593,0.071338943,-0.01334178,-0.0087460235,0.0024180536,-0.0059431825,-0.010190465,0.0025744873,0.0020645702,0.00012975652,-0.012562969,0.0054477336,0.0041960375,-0.0035523404,-0.002148834,0.0024282908,0.0026865135,0.0028846446,0.0080627268,-0.0017559785,0.015306866,0.00087186809,0.017082353,0.0082612144,-0.012572209,0.0065708082,-0.00075832553,0.0057040018,-0.0065619275,0.007162421,-0.0026399474,0.00093577261,0.0089799451
"119",0.0030748645,-0.0063472066,-0.0026457285,0.006667487,-0.00082073264,0.00058289477,0.0016297727,9.0660199e-05,-0.00017403927,5.243941e-05,0.00016577139,0.00025366529,0.00054450285,0.0012483013,-0.0017816617,-0.0010595979,0.015464242,1.9262304e-05,-0.00064981517,-0.00035518969,0.00021372276,0.00028161549,-0.00014791658,4.2919507e-05,-0.00038599282,0.00099008608,-0.0019489963,-1.9765412e-05,-0.00022603285,-0.00016962926,-0.00045380964,0.00023142823,-6.8197351e-05,0.00063530095,-0.00060433811,-0.00015713858,9.4878926e-05,-0.00056306411,-2.7851852e-05,2.6646353e-06,-7.7713285e-05,0.00013581768,0.0010077084,0.00083687227,-0.0001368097,-0.00047288978,0.0002766821,-6.1471894e-05,0.00061131559,-0.0012657757,0.0030791092,-5.4215161e-05,0.00047737835,0.00014988231,0.00052382733,-0.00029304125,-0.00015784135,-0.0014267418,0.0006743517,0.00021950917,-0.00027932467,0.00063636098,3.9575714e-05,-4.0927728e-05,0.00016283573,-0.011761852,-0.0015996956,0.0008090501,-0.00028619438,-0.00035198449,-0.00082897539,2.8192383e-05,2.351689e-05,-0.0032528764,0.0018799824,-0.0017381673,-0.00089629149,-2.8522294e-05,0.00040630289,-2.0230237e-05,-0.00050348886,0.0018880398,0.0016152471,0.0025882905,-0.00042968222,0.0033419363,0.001653547,-0.0012885126,0.0003203005,-4.2088377e-05,0.039605507,-0.08797936,0.015633927,0.010446808,-0.0029910021,0.0070940556,0.012475348,-0.0032077338,-0.0025166438,-0.00015487784,0.015066367,-0.0063871497,-0.0055034967,0.0041371855,0.0025982281,-0.0029421933,-0.0032863459,-0.0031588103,-0.0096883937,0.0021883632,-0.018537819,-0.00091442545,-0.020414935,-0.010009908,0.015371108,-0.0079248746,0.00091729275,-0.0065619275,0.007915462,-0.008911688,0.0032049978,-0.0010749343,-0.010826226
"120",-0.0053674395,0.0049884994,0.0026831156,-0.0074165473,0.00085537851,-0.00058798805,-0.0026686046,-0.00069312813,0.0001963864,-5.2100646e-05,-0.00018524461,-0.00034267319,-0.00070735921,-0.0013892485,0.002260661,0.0011078909,-0.018382788,-1.5056149e-05,0.00052839903,0.0004904395,8.0564282e-05,-0.00036759134,0.00018663973,-5.0728811e-05,0.00040832661,-0.00087901531,0.0014243985,5.9599972e-06,0.00024203241,0.00019735118,0.00036226328,-0.00027855541,0.00011280384,-0.00069137384,0.00056654697,0.00029011611,-8.2521997e-05,0.00042711231,0.00025293693,1.91066e-05,7.6731893e-05,-7.5292016e-05,-0.00084299345,-0.000992597,-0.00010606349,0.00066815731,-0.00036544719,7.015006e-05,-0.0005122191,0.0010092441,-0.0020473257,0.0001764118,-0.00049426016,-0.00023466521,-0.00041119292,0.00049185941,-9.9031218e-06,0.0015991912,-0.00084523144,-0.00055793427,7.5391527e-05,-0.00052022412,-0.00021873232,-0.00015109498,-0.00015207719,0.012939305,0.0017485671,-0.00097465949,0.00036822208,0.00051612171,0.00084984639,-1.2114475e-05,-2.6723796e-05,0.0035705976,-0.0020369857,0.0015195672,0.00097355362,1.059519e-05,-0.00044219036,-1.745378e-05,0.00056069341,-0.0020546848,-0.0017219942,-0.0028555495,0.0005467534,-0.0036940689,-0.0019840822,0.0015481502,-0.00031350446,4.1316602e-05,-0.043921568,0.10661387,-0.017430745,-0.011698798,0.0037609542,-0.0083499462,-0.015299485,0.0038518248,0.0029762831,0.00016322978,-0.017028487,0.0067147827,0.008834954,-0.0044075399,-0.0029996045,0.0033854694,0.0040053207,0.0034275322,0.011197333,-0.0029733723,0.021555635,0.00081371429,0.023342941,0.012010217,-0.018508347,0.009072903,-0.0010428645,0.007162421,-0.008911688,0.011149182,-0.0036990701,0.0011632187,0.012710213
"121",0.0011547208,-0.0024025285,-0.0010269375,0.0026794098,-0.00032240349,0.00022638808,0.00068585726,8.594887e-05,-0.00010907988,3.3496176e-05,5.6374645e-05,0.00011118315,0.00026767563,0.00048929371,-0.00063400512,-0.00057508788,0.0070253727,3.5531326e-05,-0.0002657138,-9.8412946e-05,5.6149336e-05,7.9005631e-05,-5.4309461e-05,1.6387615e-05,-0.00014555701,0.00039614821,-0.00070731293,-1.6847971e-05,-8.6581209e-05,-6.9437177e-05,-0.00014637543,5.2028875e-05,-4.9444134e-05,0.00024192417,-0.00017425062,-5.7379522e-05,-1.3241549e-05,-0.00025959674,-2.67718e-05,1.6488017e-05,-3.0823454e-05,9.9483599e-06,0.00042979305,0.00027426279,-2.0605511e-05,-0.00015409415,9.8426215e-05,-2.2660821e-05,0.00019795732,-0.0005172013,0.0011036158,1.1215875e-05,0.00016667365,5.7196551e-05,0.00014354528,-4.689299e-05,-3.3880957e-05,-0.00051689628,0.00019830386,4.1729548e-05,-6.5629573e-05,0.00027547102,2.7572257e-05,-2.3486444e-05,6.3325787e-05,-0.0054669233,-0.00073961694,0.00037642255,-9.3587609e-05,-0.00017386791,-0.00041891871,3.0295896e-05,1.0961716e-05,-0.0014978076,0.00085629383,-0.00073233316,-0.00046178508,-1.1209093e-05,0.00020488058,1.1603232e-05,-0.00023217731,0.00086577481,0.00072585799,0.0012360124,-0.00020024269,0.0015344747,0.00073072601,-0.00057697947,0.00015360071,-1.8331702e-05,0.017743973,-0.040510147,0.0082551061,0.0048635404,-0.0012541106,0.0032738808,0.0058193843,-0.0016955208,-0.0011958897,-8.1645546e-05,0.006700541,-0.0029181621,-0.0028637062,0.0021376626,0.0012420836,-0.0013410735,-0.0017150829,-0.0019710199,-0.0041679943,0.0014339569,-0.008496713,-0.00048586951,-0.0091900147,-0.0044693451,0.0069814504,-0.0037801816,0.00042518449,-0.0026399474,0.0032049978,-0.0036990701,0.0016289937,-0.00056819083,-0.0052375213
"122",-0.00016596515,0.00087402415,0.00048351878,-0.0009166533,0.00010880031,-5.7226137e-05,-0.00017411368,6.1615771e-05,-0.00072129188,-2.2306672e-05,7.0367839e-05,-5.497778e-05,-0.00043137435,-0.00014172685,0.00017988377,0.00023104524,-0.00011879127,-1.8778363e-05,0.00011910288,2.2345428e-05,-5.1025006e-05,2.6593407e-05,1.4611111e-05,-7.7318979e-06,2.2573555e-05,-0.00019332379,0.00029133474,6.4981518e-06,4.3625187e-05,2.9701831e-05,-8.625626e-07,-1.9510725e-05,3.5884658e-06,-0.00012215318,8.1900767e-05,-7.1681076e-06,2.458789e-05,9.1897269e-05,3.4552714e-05,-1.4396009e-05,1.0238871e-05,-1.8607197e-06,-0.00017597323,-8.5557304e-05,6.2727389e-05,-2.8022756e-05,-2.3247072e-05,1.4893989e-05,-0.00013545937,0.00019648465,-0.00039548504,-2.696725e-05,-8.789769e-05,-1.0378302e-05,-9.3186093e-06,5.5541529e-05,1.8068019e-05,0.00017371728,-5.0956944e-05,-0.00012134437,2.4946709e-05,-0.00014898454,-1.0240369e-05,4.0887499e-05,-2.1239998e-05,0.0022785528,0.0002994166,-0.00013906987,7.6519782e-05,9.9492916e-05,0.00021155745,-1.6934566e-05,-3.7484183e-06,0.00053380388,-0.00034817609,0.00033842749,0.00020653492,1.8275837e-05,-9.4310059e-05,-4.300342e-05,0.00010892488,-0.00037061832,-0.00026752897,-0.00054472277,6.0502769e-05,-0.00064812636,-0.00030424004,0.00026317996,-6.7172387e-05,3.0085644e-06,-0.011239517,0.013033783,-0.012713938,-0.0040382076,-0.00017359486,-0.0029107486,-0.0026231616,0.0026623306,0.00037764813,0.00010978012,-0.0029369512,0.0022835017,0.00084764087,-0.0020642678,-0.00099504405,0.00042899803,0.0016124928,0.0053088527,0.00076914236,-0.0024080523,0.0036162272,0.00087296273,0.0045899006,0.0020998671,-0.0026451864,0.0025521732,-0.00025172906,0.00093577261,-0.0010749343,0.0011632187,-0.00056819083,0.0011261586,0.0052942888
"123",-0.0033834367,0.0066588557,0.0063661599,-0.0090648259,0.00089778605,-0.00061320536,-0.0033257255,-0.00020985785,-0.0033726976,8.9543498e-05,0.00015194889,-0.0010954144,-0.0043980456,-0.00079005837,0.0011950898,0.002401009,-0.017261805,-9.3411038e-05,0.00054173275,0.00023384315,-0.00030537686,-0.00050183215,0.00013388285,-6.8986757e-05,0.00025023091,-0.0015076592,0.0020709647,0.00016670937,0.00034970625,0.0002021476,4.9503078e-05,-0.00020576692,0.00015601321,-0.00097709269,0.00052499402,8.118408e-05,6.9680587e-05,0.00059492194,0.00034807476,-1.8856545e-05,8.2855519e-05,5.2550272e-05,-0.00098440536,-0.0009018123,0.00032159512,0.00088627523,-0.00022373399,9.9342971e-05,-0.00065911053,0.0016929481,-0.0029594944,-0.00017507693,-0.00073131199,-9.842055e-05,-7.1189559e-05,0.00039161477,0.00015081406,0.0016685931,-0.00043084552,-0.00085962558,0.00019391884,-0.00068736807,-0.00039651502,6.8488986e-05,-0.00016233945,0.018798447,0.0024641163,-0.0013691121,0.00052131706,0.00069473948,0.0014967455,-0.00018926777,-4.2613737e-05,0.0046164278,-0.0033371088,0.0025454685,0.0016713672,4.7376046e-05,-0.00071291621,-0.00029504016,0.0008482543,-0.0030862643,-0.0024384332,-0.004524329,0.00051231198,-0.0055013042,-0.0028136849,0.0023210854,-0.0004755534,5.2384275e-05,-0.085158364,0.14460293,-0.073219616,-0.027553594,0.0024249501,-0.019588482,-0.023746883,0.016157818,0.004390002,0.00063318432,-0.025998947,0.016289093,0.010592688,-0.013467828,-0.0068840596,0.0047590276,0.010963143,0.027367964,0.012068842,-0.013639737,0.034072667,0.0047319444,0.039655374,0.019267965,-0.026684212,0.018989156,-0.0019691587,0.0089799451,-0.010826226,0.012710213,-0.0052375213,0.0052942888,0.039807624
