 0.11638836E-01    0.29585169E-02    0.17822195E-01    0.37856749E-02    0.52775227E-02
 0.21142214E-01    0.33082201E-02   -0.60991635E-02   -0.29026300E-02    0.71286558E-02
-0.10766607E-02    0.94557160E-03    0.13512782E-03   -0.77222935E-03    0.67753903E-03
 0.14880327E-03   -0.11496779E-02   -0.21296480E-03    0.54777077E-03   -0.81539764E-04
 0.55399690E-03    0.17895969E-02    0.38792544E-03   -0.52070855E-02    0.16465882E-02
-0.10768625E-03    0.87395897E-04    0.33514972E-02    0.20239418E-02    0.16808045E-02
 0.13598444E-02    0.12780990E-03   -0.24360993E-04    0.29919046E-04    0.41168193E-03
 0.14471626E-02   -0.53461515E-03    0.33714518E-03    0.46602711E-03   -0.37773481E-03
 0.71072965E-04   -0.46089078E-04   -0.32143308E-03   -0.68895603E-04    0.75781461E-03
-0.16685249E-03    0.15909576E-03   -0.16932102E-03   -0.12126086E-03    0.51720052E-04
-0.36299006E-04    0.17527445E-04   -0.32099522E-04   -0.11611094E-04    0.11368877E-02
 0.31609270E-03   -0.21487600E-03   -0.11706557E-03    0.23562064E-03   -0.12698355E-03
 0.35847701E-04    0.81784340E-04    0.52061794E-04   -0.38968647E-04   -0.19799431E-04
 0.27633670E-03   -0.15751460E-04   -0.62663260E-04   -0.30201930E-04    0.69981215E-04
 0.32334940E-04    0.10702719E-04    0.31160521E-04    0.24767718E-05    0.23749461E-04
-0.65364209E-05   -0.67784351E-04    0.62349534E-03   -0.44719859E-04    0.22221855E-03
 0.64971893E-04   -0.18285377E-03    0.37293603E-04   -0.81797398E-04   -0.38313861E-04
-0.30448372E-04   -0.11034194E-04    0.19439902E-04   -0.20354482E-04    0.27018943E-06
 0.30257929E-03    0.73033377E-04   -0.82036249E-04   -0.42250447E-04    0.82527338E-04
-0.13878929E-04    0.60616481E-04    0.49355827E-04    0.46554235E-04   -0.64269118E-04
-0.82182714E-04    0.21076328E-04    0.10575391E-03   -0.79958930E-04    0.79256161E-03
-0.58925849E-03   -0.16563825E-03    0.77697875E-03   -0.34940080E-03    0.47298199E-04
-0.93543374E-05   -0.77028077E-03   -0.15928684E-03    0.18687722E-03   -0.78187142E-05
-0.27646600E-04    0.13749564E-04    0.28870357E-04    0.27832639E-05    0.90988146E-03
 0.26413410E-03    0.15897738E-03   -0.10991323E-03    0.21105953E-03   -0.13093085E-04
 0.73702569E-04    0.34240323E-03    0.14596605E-03   -0.64762547E-04    0.10833029E-03
-0.12314295E-04    0.18998436E-04   -0.50024060E-04    0.52148331E-04   -0.24864805E-03
 0.15278422E-02   -0.72004009E-03    0.45298705E-04   -0.20835617E-03   -0.38570978E-03
 0.11126067E-03   -0.56089799E-04   -0.15287953E-03   -0.24492749E-03    0.18202471E-03
 0.59828127E-04   -0.40660706E-04    0.15252709E-04    0.67671280E-04   -0.58764857E-04
 0.15026003E-03   -0.12865100E-03    0.82846529E-03    0.36365592E-03   -0.10639744E-03
-0.50545716E-03    0.54916271E-03   -0.46628982E-04    0.13362943E-03    0.36562129E-03
 0.19562788E-03   -0.10756984E-03    0.54135501E-03    0.12040352E-04    0.34288690E-04
-0.65524078E-04    0.16260074E-03   -0.22380487E-03    0.50686152E-03   -0.19792567E-03
 0.34004370E-02    0.89307656E-03   -0.24711878E-02    0.12912715E-02    0.12270944E-02
-0.33843865E-03    0.14647103E-03   -0.30809445E-03    0.45398477E-06    0.57156460E-04
-0.39169334E-04    0.12123036E-03    0.16507673E-04   -0.43173354E-04    0.48881246E-04
 0.85969382E-04   -0.83411454E-04   -0.10819501E-03   -0.21378006E-03    0.13413062E-01
-0.30208487E-02    0.21265897E-02   -0.45612406E-02   -0.14801836E-02    0.35704879E-03
-0.22995341E-03    0.84176912E-03   -0.56681092E-03   -0.12991726E-03    0.59968860E-05
-0.69145066E-04   -0.77039158E-04    0.13298329E-04    0.15831365E-04   -0.15824785E-03
-0.10351171E-03    0.25154725E-03    0.33984646E-04   -0.11180398E-01    0.20719038E-01
 0.18590929E-03    0.62483346E-03    0.74443987E-03   -0.88282413E-03    0.16755941E-03
-0.72935671E-04   -0.24922445E-03   -0.10757191E-04   -0.18501913E-03    0.19407957E-03
-0.53335735E-04    0.46035011E-04    0.10041279E-03    0.35975472E-04    0.22075949E-04
 0.95769967E-04   -0.11592127E-03   -0.12596195E-03    0.24324069E-02   -0.37230273E-02
 0.10184026E-01   -0.47851244E-03   -0.41089084E-02   -0.21218119E-02    0.39856442E-02
-0.43872631E-03    0.24281356E-03    0.52141142E-03    0.64098076E-05    0.23581047E-02
-0.25678470E-02    0.10461899E-03    0.19915238E-03   -0.40718234E-03    0.31065936E-03
 0.73184901E-03   -0.31626500E-03    0.93873680E-03   -0.91352413E-03   -0.61358174E-03
 0.20261970E-02   -0.15626784E-01    0.64450548E-01    0.13354553E-03    0.14616520E-03
 0.43690522E-03    0.61329995E-04   -0.65879355E-05    0.11006331E-05   -0.75607049E-04
 0.45436913E-04   -0.25073858E-04   -0.11523545E-05   -0.93468615E-05    0.10521701E-04
 0.11973908E-04    0.31351796E-04    0.19809474E-04    0.31862511E-04   -0.22347568E-04
 0.37685030E-04   -0.93866367E-04    0.98782453E-04   -0.56305931E-04    0.14721874E-03
 0.95937329E-03    0.29490818E-03    0.15858343E-02   -0.78160314E-03   -0.57707052E-03
 0.57039919E-04   -0.48759406E-04    0.35690970E-03    0.90617923E-04   -0.48536389E-06
 0.14654781E-04    0.27074237E-04   -0.31958756E-04    0.14642014E-05   -0.30382388E-04
-0.48310170E-04    0.49897207E-04    0.34439902E-05   -0.68517570E-05   -0.87725745E-03
 0.96160425E-03   -0.39086613E-04   -0.45543416E-04   -0.22967768E-03    0.23110796E-02
-0.82244615E-03    0.15062125E-03    0.68764035E-04   -0.59735697E-03    0.38985819E-04
 0.32475377E-04   -0.16461995E-03   -0.56762324E-04   -0.34740950E-04   -0.20739031E-04
-0.38236011E-04   -0.24261945E-04   -0.81010827E-05   -0.46846371E-05    0.96089225E-05
 0.11874773E-04    0.61536887E-04    0.51452134E-04   -0.21168705E-02    0.19858336E-02
-0.46306947E-03    0.98603332E-04    0.15359770E-03   -0.13053908E-03    0.21887214E-02
-0.12752107E-02   -0.14886446E-02   -0.54587572E-03    0.21071472E-03    0.14786492E-04
 0.73846384E-04   -0.16351217E-03   -0.25691871E-03    0.35049170E-04    0.36372124E-04
-0.15166960E-04    0.28563376E-04   -0.12106395E-04    0.37585939E-04    0.55020754E-04
 0.10562410E-04    0.58627823E-04    0.64658611E-04   -0.50952759E-03    0.54490086E-03
-0.27761132E-04    0.10877424E-04   -0.43807773E-04   -0.15954412E-03    0.21781170E-03
 0.20326863E-02    0.49610997E-03   -0.18305082E-03   -0.10921081E-02    0.20649172E-03
-0.19100234E-03   -0.52811778E-05    0.42391349E-03    0.50758220E-05   -0.14138107E-03
-0.11800570E-04    0.54482666E-04   -0.14571738E-04    0.18675407E-04   -0.35883072E-04
-0.10482185E-03    0.81307772E-04    0.76676094E-05    0.14273452E-04   -0.19367000E-03
 0.36826105E-03    0.46017402E-04   -0.94720405E-04   -0.17515443E-03    0.97530837E-04
 0.75390276E-04    0.89297789E-03    0.27291346E-02   -0.13560342E-03    0.27644174E-03
-0.38597704E-03   -0.10816042E-03    0.32097413E-04   -0.19843701E-04    0.79619142E-04
-0.35891590E-04    0.22585143E-04   -0.25564664E-05   -0.13790683E-04    0.47774350E-05
 0.34063231E-05   -0.13991871E-04   -0.18016059E-04    0.67228698E-05    0.34133814E-05
 0.10731920E-04   -0.13272885E-02    0.11703575E-02   -0.29927024E-03    0.19797616E-03
-0.78471141E-05    0.10846512E-03    0.55257225E-04   -0.76355377E-04   -0.58483195E-04
 0.47887469E-03    0.26876730E-04   -0.42615666E-04   -0.21612472E-04    0.35239736E-04
-0.82935809E-05    0.41476189E-05    0.90737748E-05    0.87154529E-05   -0.38818106E-05
 0.24320598E-05    0.93035695E-06    0.24970038E-06    0.16125274E-06    0.25004004E-06
-0.31783366E-05    0.58334152E-05    0.10592959E-06    0.26578276E-05    0.77237909E-04
-0.81336268E-04    0.19500366E-04   -0.11188450E-04    0.71961090E-05   -0.13302619E-04
 0.29868139E-05    0.31810552E-05   -0.22543720E-05   -0.69531512E-04    0.27063824E-04
-0.36496648E-03    0.79045410E-03    0.12582584E-03   -0.61047463E-03    0.13266318E-03
-0.10110643E-03   -0.62304818E-04    0.15533251E-04   -0.14250804E-04    0.29301899E-04
-0.94073434E-04   -0.51386183E-05    0.40588175E-04   -0.70929597E-04    0.51091582E-04
-0.44964673E-04   -0.30693364E-05   -0.83773059E-04   -0.17162049E-02    0.15219705E-02
-0.33219873E-03    0.31612575E-04    0.71834437E-04    0.74135261E-04    0.41014414E-03
-0.95191407E-04   -0.91933003E-04    0.24890044E-03    0.41993515E-05    0.29825756E-02
 0.35467598E-03   -0.21323068E-02   -0.32972617E-03    0.11078161E-02   -0.20133202E-03
 0.13791047E-03    0.90006119E-05   -0.40954727E-04   -0.10141362E-03    0.86562317E-06
 0.58524842E-05    0.18550291E-04   -0.40068962E-04   -0.43955662E-04    0.44019348E-06
 0.73913556E-06   -0.34073115E-04    0.44556167E-04   -0.10610551E-02    0.52098559E-03
-0.37807732E-03    0.59250986E-03    0.31481907E-04   -0.13316062E-03   -0.17490254E-03
 0.34774662E-03    0.32388805E-04    0.16182818E-03    0.10655833E-04    0.52263739E-03
 0.47533304E-02    0.15154263E-02    0.61651805E-02    0.31399324E-04   -0.18395883E-02
 0.29892327E-03   -0.20176277E-03    0.77987614E-03    0.55420386E-03   -0.10418585E-03
-0.28291772E-04   -0.34696801E-04    0.13086297E-04    0.61459218E-04    0.41201038E-04
-0.98153092E-04    0.75899780E-04   -0.16614158E-04    0.98100771E-05   -0.14122050E-02
 0.21721302E-02    0.55523093E-03   -0.20505618E-02    0.31993479E-03    0.91397004E-03
 0.29317557E-03   -0.61352386E-03   -0.72939873E-03    0.13866403E-03    0.94526456E-06
 0.60172356E-03   -0.27855168E-03    0.30300702E-01    0.33316097E-03    0.13495138E-03
 0.12538849E-02    0.17570835E-03   -0.20170683E-04    0.43336784E-04   -0.26500855E-03
 0.90426711E-04   -0.53061239E-05   -0.26468536E-05    0.28502581E-04   -0.10906363E-04
-0.24102235E-04   -0.13522752E-04    0.64462388E-04   -0.18528924E-04   -0.23617900E-04
 0.34128060E-04    0.51282087E-04    0.25689981E-04   -0.20220805E-04   -0.11149742E-04
-0.11639392E-03    0.13599227E-03   -0.22809206E-03    0.12808161E-03    0.17839539E-03
-0.13561292E-03   -0.48271454E-04   -0.34525780E-03    0.13759079E-03    0.19648163E-03
 0.34753149E-02   -0.35815914E-04    0.41126564E-03    0.33217543E-03   -0.27507547E-03
 0.38113359E-04   -0.34693569E-04   -0.38802579E-04   -0.52571340E-05   -0.28091204E-04
-0.30275257E-05   -0.56343157E-05   -0.97407187E-05    0.12327315E-04    0.19440773E-06
-0.55012823E-05   -0.93512626E-05   -0.13504684E-05   -0.10738592E-04   -0.68622633E-03
 0.58373949E-03   -0.65633191E-04   -0.14621966E-03    0.96779859E-06    0.18931291E-04
 0.13655475E-03   -0.49514713E-04   -0.73764827E-04    0.16718739E-04   -0.50185960E-05
 0.10599144E-03   -0.33370368E-04    0.28857514E-03   -0.26034609E-04    0.30230266E-03
-0.24751134E-03    0.16535875E-03   -0.28790800E-03   -0.18142073E-03    0.58364010E-04
-0.16108541E-04    0.12431767E-04   -0.36450904E-04    0.36431586E-04   -0.15692084E-05
-0.12533257E-04    0.12912337E-05    0.22660755E-05   -0.31496671E-05    0.20665076E-05
 0.94643548E-05    0.20295392E-04    0.14217222E-04   -0.51481789E-03    0.31444822E-03
 0.44635136E-04   -0.22938393E-03   -0.18728735E-03   -0.92071038E-04   -0.10119309E-03
 0.28831294E-04    0.63279290E-04    0.40946079E-04   -0.26314557E-05   -0.63752017E-04
-0.13014839E-03   -0.20354110E-03   -0.10988735E-03   -0.54255673E-04    0.43979008E-03
 0.91443882E-04    0.12171058E-02   -0.78575173E-03   -0.32639395E-03    0.90512553E-04
-0.44270117E-04    0.26535311E-03    0.11271152E-03    0.20748011E-04    0.10696377E-03
-0.19223583E-04   -0.87366373E-05    0.13221637E-05    0.18229806E-04   -0.24609885E-04
 0.14699785E-04    0.43099102E-04   -0.42579689E-04   -0.89986345E-03    0.68742522E-03
-0.55834390E-04   -0.33725570E-03   -0.12380200E-03    0.22253555E-03   -0.88865156E-04
-0.28500278E-03   -0.41976914E-03    0.93929317E-04   -0.21618855E-04   -0.17173849E-03
 0.11407170E-03    0.43650651E-03    0.11537971E-04   -0.14273827E-04    0.13324965E-03
 0.20214453E-02    0.28665193E-03   -0.11940312E-03   -0.58671313E-03    0.22593455E-03
-0.46319411E-05    0.70359807E-05    0.19171612E-03    0.50684103E-04   -0.50006895E-04
-0.84213443E-05   -0.15266534E-04    0.11766440E-04    0.29333167E-04    0.49744219E-04
-0.46338350E-04    0.36160256E-04   -0.27659626E-04    0.17852255E-04   -0.13428923E-02
 0.10677552E-02   -0.23466752E-03   -0.25130897E-03    0.11991299E-03    0.57579507E-04
 0.88902144E-04    0.60170879E-04    0.93917070E-04    0.22927519E-04   -0.30966016E-05
-0.15383550E-04    0.62214177E-04    0.41988269E-03    0.71456821E-05    0.22326623E-04
 0.15297317E-06   -0.17413818E-04    0.21185957E-02   -0.28556807E-03   -0.12240367E-03
-0.96616540E-03   -0.25500168E-03    0.30705056E-04   -0.49057203E-05    0.17438803E-03
-0.80791495E-04   -0.50846354E-04    0.30161086E-05   -0.36910359E-04   -0.36158351E-04
 0.25847196E-04   -0.13791037E-04   -0.14556269E-04   -0.36649101E-04    0.29219220E-04
-0.20184439E-04   -0.12433022E-02    0.10289615E-02   -0.20723845E-03   -0.41823646E-03
-0.72649543E-04   -0.97871568E-05    0.16885617E-03    0.44536048E-04    0.17999097E-03
 0.18276748E-04   -0.71817749E-05    0.13165550E-03   -0.62797916E-04    0.16364531E-03
-0.68432830E-04    0.18277720E-04   -0.60464825E-05   -0.47261933E-04    0.11977770E-02
 0.19491826E-02    0.66218908E-03   -0.10271107E-02    0.12274988E-04    0.78046950E-03
-0.15030310E-03    0.41128969E-04    0.41008066E-04    0.58414164E-04   -0.84554398E-04
-0.48949174E-06    0.51752854E-04   -0.49106731E-05   -0.12320074E-04    0.10072668E-04
-0.20418119E-04   -0.62151956E-04   -0.48965757E-04    0.70825477E-04   -0.21433187E-02
 0.19767288E-02   -0.72337461E-03    0.75373725E-03   -0.18953794E-03   -0.50231211E-04
 0.67947183E-05   -0.17114673E-04   -0.55613534E-04    0.83228624E-04   -0.10045567E-04
-0.11114443E-03    0.10649737E-03   -0.48643050E-03    0.62328574E-03   -0.63244823E-04
-0.37080505E-04    0.30341609E-03   -0.69037607E-04   -0.14289570E-03    0.26739888E-02
-0.17747123E-03    0.13651149E-02    0.63223983E-03   -0.70411657E-03    0.90863049E-04
-0.10542567E-03   -0.11321816E-03    0.37145883E-04   -0.14337722E-04    0.28200556E-06
-0.67191853E-04   -0.42203954E-04    0.30059558E-04   -0.60642886E-04    0.65863507E-05
-0.61393196E-05    0.61416453E-04   -0.26682162E-04   -0.95884480E-03    0.88938335E-03
-0.11298134E-03   -0.17818831E-03    0.90940654E-04   -0.13486616E-04    0.14646460E-03
-0.13681235E-03    0.14761520E-03    0.28018136E-05   -0.62435210E-05    0.16098536E-03
 0.19390886E-04    0.81723383E-03    0.38226259E-04    0.58921019E-04    0.71090783E-04
 0.15241814E-03    0.10175306E-03    0.13224539E-03   -0.82067733E-04    0.20914200E-02
-0.53399752E-03   -0.16595656E-03    0.69748654E-03   -0.10900889E-03    0.47412397E-04
-0.49000345E-04   -0.36718166E-03   -0.13913573E-03   -0.15459297E-05    0.50278156E-04
-0.64507132E-04    0.12801931E-04    0.20981228E-04   -0.44075709E-04    0.11693492E-03
-0.86926136E-05    0.90195058E-04   -0.10991469E-03   -0.45104894E-03    0.26677728E-03
-0.23366848E-04   -0.55819641E-04    0.25600661E-04   -0.10193278E-03    0.59935590E-04
 0.74770606E-05   -0.15692481E-03   -0.37586705E-04   -0.14786198E-04   -0.13476054E-04
 0.95224460E-04    0.10625303E-03    0.90895228E-04    0.16352940E-04    0.68034528E-04
 0.59668434E-05    0.33917334E-04    0.82205599E-04   -0.45938799E-04    0.65789643E-03
 0.20338803E-02    0.14396540E-03   -0.27369996E-04   -0.68358483E-04    0.17591977E-03
-0.33655186E-04    0.15128633E-04    0.34929518E-04   -0.22041305E-04    0.34328380E-04
-0.12977483E-04    0.13305041E-04    0.22939539E-04   -0.59382120E-05    0.52547657E-05
 0.23488484E-04    0.10502521E-03   -0.72668779E-06    0.64858239E-05   -0.43230742E-03
 0.45530766E-04    0.30530782E-04    0.23119530E-06   -0.20779280E-04    0.20544863E-03
-0.44963600E-03    0.14178473E-03   -0.65823358E-04    0.11881468E-03    0.58824080E-05
-0.46160890E-04    0.12106977E-03   -0.20809372E-03   -0.79746076E-04   -0.93055455E-04
 0.38850389E-04   -0.61609034E-04    0.31209466E-04   -0.10817306E-03   -0.26628174E-05
-0.49752942E-03    0.13940844E-03    0.35795857E-02    0.15777202E-03    0.15376779E-02
-0.15177900E-03   -0.56160401E-03    0.11486526E-03   -0.86435593E-04    0.14888935E-03
 0.12661447E-03    0.61891801E-04    0.39329051E-04   -0.25786224E-04   -0.24681102E-04
 0.12275000E-04   -0.45038288E-04   -0.38660018E-04    0.35298813E-04    0.21482924E-04
 0.10662034E-03   -0.77226818E-03    0.62036770E-03   -0.17193517E-03    0.21932448E-04
 0.25864250E-04    0.19126204E-03   -0.55667869E-04   -0.20671475E-04   -0.38099423E-04
 0.63877384E-04   -0.10180082E-05   -0.21181442E-04   -0.29285502E-03   -0.94931017E-05
-0.77327598E-04    0.57544238E-06    0.61065541E-04   -0.14334653E-03   -0.20670327E-04
 0.29249297E-04    0.79419771E-04   -0.40143158E-04   -0.69713778E-04    0.58816361E-03
 0.19681082E-02   -0.91804938E-03   -0.11325746E-02    0.11349741E-02   -0.17300266E-03
 0.96309012E-04    0.50884359E-04   -0.58828982E-03   -0.13300545E-03    0.84564132E-04
-0.77328705E-04   -0.20969150E-04   -0.22248751E-05   -0.34755377E-04    0.43160703E-05
 0.11365163E-03   -0.33437703E-04    0.63417142E-04    0.47560183E-04   -0.25294284E-02
 0.17074438E-02   -0.42587739E-03    0.58496719E-03   -0.18676441E-03    0.12356192E-03
 0.90219889E-03    0.15760147E-03   -0.31377239E-03   -0.28268259E-04   -0.80192023E-05
 0.19155487E-03    0.13256736E-03   -0.93109723E-03    0.13096899E-03    0.49533984E-04
 0.49006129E-03   -0.39896771E-03   -0.14544307E-03   -0.79547366E-04    0.13115033E-03
-0.90347427E-04    0.31633798E-04   -0.34713796E-04   -0.58066768E-04    0.32699030E-02
-0.11505297E-03   -0.13901350E-03    0.96449588E-04    0.14129324E-04    0.13215783E-04
 0.75967748E-05   -0.38572199E-04   -0.53341085E-05    0.10994364E-05    0.93767403E-06
 0.49397741E-05   -0.15953817E-04    0.23139317E-05    0.26523885E-06    0.33537923E-05
-0.18646084E-04    0.58826442E-05    0.10252109E-04   -0.72037117E-04    0.56574703E-05
 0.18421591E-04    0.61695249E-05    0.29082027E-04   -0.18722811E-05    0.29263188E-04
 0.38338554E-04   -0.42217059E-04    0.25138584E-05   -0.55662618E-05   -0.26622624E-04
 0.51759772E-04   -0.20338813E-03   -0.13532758E-03   -0.34642245E-05    0.99233485E-05
-0.56166986E-05   -0.85577432E-04    0.14772528E-04    0.13709911E-04    0.13171047E-04
 0.46151274E-04   -0.13296847E-04   -0.77191211E-04    0.48584870E-04    0.31231398E-03
-0.44690843E-04    0.16826957E-03    0.12001053E-04   -0.66030057E-04    0.16045791E-04
-0.13700900E-04   -0.91175895E-06    0.21705753E-05    0.74026750E-05    0.11454431E-06
-0.29014327E-05    0.46051774E-05    0.34502368E-05   -0.31486251E-05   -0.23504096E-05
 0.11992201E-05    0.10628108E-05    0.16602887E-05   -0.25640163E-04    0.34183905E-04
 0.24151418E-06   -0.37335126E-04    0.14074139E-04    0.10567311E-04   -0.59612825E-05
-0.15643117E-05   -0.22657037E-05    0.10863223E-05    0.75210079E-06    0.22441658E-05
-0.27064092E-04    0.33964569E-04    0.75454358E-05   -0.41099874E-06   -0.14981951E-04
-0.61543441E-04    0.81264492E-05    0.17230960E-05   -0.43815707E-04    0.27199059E-05
-0.56523541E-05   -0.11757804E-04    0.13680588E-04   -0.26974941E-05   -0.27234797E-06
 0.23028314E-04   -0.43918626E-03   -0.53563888E-03   -0.85791073E-03    0.76438690E-04
 0.39456575E-05    0.41007494E-04    0.13607810E-03   -0.16174868E-03    0.33973519E-04
-0.82947136E-06    0.23432205E-04    0.26223488E-05   -0.18825745E-04   -0.26861812E-04
-0.25886696E-04   -0.28292748E-04    0.30345894E-04    0.34551158E-04    0.18153109E-03
-0.15301028E-04    0.40696595E-04    0.57025276E-04   -0.88308034E-03    0.23078164E-03
-0.17238959E-03    0.68078408E-04    0.14791122E-03   -0.53723594E-05   -0.54358239E-05
-0.41401228E-04   -0.10087864E-03   -0.37089740E-03    0.93956612E-04   -0.19677955E-05
 0.15962847E-03    0.94986607E-04   -0.67896519E-04    0.93844252E-04    0.15685757E-03
-0.14326930E-03   -0.19062420E-04    0.10198044E-03   -0.21253526E-04    0.16295316E-03
-0.45658542E-04   -0.14622422E-04    0.16933145E-02   -0.25709312E-03   -0.24956304E-02
 0.16192664E-02    0.86543035E-03   -0.95157210E-04    0.12620942E-03   -0.63424850E-03
-0.31762490E-04   -0.55799513E-04   -0.22190638E-05   -0.12377154E-04    0.17158826E-04
-0.17317130E-04    0.55827535E-04    0.81036651E-04   -0.59801035E-05   -0.32192286E-04
 0.73604605E-04    0.11851167E-02   -0.19198127E-02    0.51870519E-04    0.27680311E-03
 0.25719287E-03   -0.21022435E-02    0.10845613E-03    0.17832517E-03   -0.14000538E-03
-0.15213568E-03    0.15143800E-04   -0.17253403E-03    0.38078958E-03   -0.13335270E-02
-0.13048318E-03   -0.31386531E-04    0.17352682E-04   -0.34450501E-03   -0.11732562E-03
-0.96725540E-04    0.71423685E-04   -0.27490732E-04    0.14611868E-03   -0.16830904E-03
-0.34073098E-03    0.16164216E-04    0.28883500E-04   -0.18784689E-04   -0.43624744E-03
 0.36635022E-02    0.13281379E-02   -0.67559847E-03   -0.41992878E-03    0.10721811E-02
-0.18503358E-03    0.46462977E-04    0.31758832E-03    0.10302231E-03    0.59048333E-04
 0.88093555E-05    0.63826027E-04    0.27493403E-04   -0.43042696E-04    0.57026161E-04
-0.30148430E-04    0.44791445E-04   -0.14091261E-03    0.17071499E-03    0.20068296E-02
-0.32235797E-02    0.62579290E-03   -0.31829478E-04   -0.19556333E-03    0.14260272E-03
-0.20617477E-02   -0.11097028E-03   -0.34953943E-05   -0.46264135E-04   -0.12855526E-05
-0.55899727E-03    0.34287393E-03   -0.64036528E-03    0.20674456E-03   -0.16140491E-03
 0.78077367E-04    0.14409217E-03   -0.54620340E-04   -0.14197518E-03    0.72507620E-04
-0.31513021E-03   -0.26068711E-04    0.55654760E-03    0.12910404E-03   -0.95599331E-03
-0.42113457E-04   -0.37052489E-05    0.31460133E-03   -0.14421337E-03    0.35883767E-02
 0.11978743E-02    0.13917435E-02    0.25768472E-03   -0.16701802E-03   -0.69697231E-04
-0.41633775E-04    0.23542289E-03    0.29615179E-03   -0.85429066E-05   -0.52430706E-04
 0.19165533E-04   -0.28148957E-04   -0.51618883E-05   -0.57216055E-04   -0.64063563E-04
 0.55355111E-04   -0.64647299E-04   -0.81937221E-04    0.37509179E-03   -0.85535494E-03
 0.49926906E-04    0.11722109E-03    0.18889531E-04    0.14419821E-03   -0.10988283E-03
-0.17423206E-02   -0.69551228E-03    0.82613815E-04   -0.27450406E-05    0.87875862E-04
-0.23641171E-03    0.62138227E-03   -0.16093251E-03    0.50491081E-04   -0.45110811E-04
 0.27120761E-03   -0.59343071E-04   -0.35042883E-04   -0.55809006E-04    0.27804303E-04
-0.30554386E-04   -0.10667922E-03    0.58450470E-04   -0.16444767E-03   -0.45880079E-04
 0.15581466E-05   -0.94229872E-04   -0.19472333E-03    0.93449138E-04    0.29840775E-02
-0.10266982E-02    0.19263697E-03    0.22107862E-02   -0.42796242E-03    0.25443580E-03
 0.10930306E-04   -0.80864041E-03   -0.43080125E-04    0.21169523E-03    0.33298489E-04
-0.62105613E-04    0.70047917E-04    0.11720307E-04    0.11484478E-04    0.15296829E-03
-0.37629346E-04    0.52124206E-04   -0.48620758E-04    0.37805631E-03   -0.10220949E-02
 0.32283083E-04   -0.29365979E-04    0.19007551E-03   -0.16039358E-03   -0.16067066E-04
-0.67297289E-03   -0.23914774E-02    0.56590457E-04   -0.87845751E-05    0.72762670E-04
-0.55465836E-04    0.37454148E-03   -0.57533804E-04    0.10011575E-03   -0.13059400E-03
 0.22841039E-03   -0.15879989E-03   -0.25096182E-03   -0.40832696E-04   -0.20395212E-03
 0.14986303E-03    0.26067209E-04   -0.19876359E-04    0.29456301E-03    0.51177533E-04
 0.11856070E-04   -0.27939100E-03    0.31140662E-03   -0.33192573E-04    0.12005360E-02
 0.43592988E-02    0.41079387E-03   -0.35600989E-03    0.94717968E-03    0.17881146E-03
-0.29131839E-04    0.53730406E-04   -0.18752341E-03    0.12732994E-03   -0.17067201E-04
 0.19402485E-05    0.88747274E-05    0.16050659E-05    0.23283374E-05    0.80826290E-05
 0.23744890E-04    0.19888796E-04   -0.31872859E-04    0.41285930E-05    0.11613955E-02
-0.22242762E-02    0.45128829E-03   -0.37988790E-03    0.17724568E-04   -0.14656399E-03
-0.50690132E-04    0.56345171E-04    0.55684726E-04   -0.43484191E-03    0.60919355E-04
-0.23821893E-03   -0.12407604E-03   -0.25933025E-03    0.15082033E-03   -0.21022453E-04
-0.31081289E-04   -0.91197396E-04   -0.11794291E-04   -0.23016798E-04   -0.44771866E-04
 0.14111195E-04    0.45461338E-04   -0.87533872E-04   -0.96682913E-04    0.11361814E-03
 0.20019400E-04   -0.48422804E-05   -0.23530881E-04    0.27200920E-03    0.61551272E-04
-0.13918017E-03   -0.22825117E-04    0.84573678E-03   -0.22039362E-04    0.93555631E-04
 0.34898220E-04   -0.46661548E-04    0.80480537E-05   -0.65383983E-05   -0.54572936E-05
-0.44550795E-05    0.54767154E-06   -0.36729911E-05   -0.45209272E-06   -0.89685587E-06
-0.21706849E-05    0.43415477E-06   -0.16860807E-05   -0.43673690E-05   -0.45406201E-05
 0.11518802E-04   -0.88546576E-04    0.14195328E-03   -0.32072544E-04    0.13057724E-04
-0.50175515E-05    0.19864550E-04   -0.22335789E-05   -0.56238170E-05   -0.64584173E-05
 0.61455355E-04   -0.23209102E-04    0.86771043E-05    0.40645640E-06    0.53673642E-05
 0.40922874E-04    0.10702164E-04    0.23635096E-05    0.13236961E-04   -0.72139832E-06
 0.10951495E-04    0.52236234E-05    0.27175573E-05    0.91134201E-05    0.91957759E-05
 0.89646211E-05    0.47589220E-05    0.26033914E-06    0.18314844E-06    0.64899775E-05
-0.33005352E-04    0.18055529E-04    0.13884695E-05   -0.80211527E-05   -0.11882584E-03
 0.45509407E-04    0.14768206E-03   -0.20475403E-02   -0.71875267E-03    0.89410628E-03
-0.18633223E-03    0.14480152E-03    0.53013349E-04   -0.20541157E-03    0.42064994E-04
 0.69543985E-04    0.10846063E-03    0.57862060E-04   -0.15822609E-04    0.38008750E-04
 0.52374865E-04    0.24145875E-04    0.11076688E-03   -0.60451792E-04    0.15906981E-02
-0.28416302E-02    0.61268887E-03   -0.57191910E-03   -0.32780100E-04   -0.19238207E-03
-0.52526061E-03    0.18303707E-03    0.68331752E-04   -0.23737425E-03    0.80719823E-05
-0.27037224E-02   -0.23622347E-03   -0.85281419E-03    0.18549450E-03   -0.11495418E-03
 0.84093163E-04    0.12197896E-03    0.74167259E-04   -0.83019231E-04    0.12144255E-03
-0.34599363E-03    0.87420059E-04    0.18398766E-03   -0.36146804E-04   -0.15983835E-03
 0.52460694E-04   -0.92272517E-05    0.22534407E-04    0.45112102E-03    0.79955436E-03
-0.11763610E-03   -0.10764334E-03    0.47098823E-03   -0.31711109E-04    0.47492396E-02
-0.37032237E-03    0.33376531E-02    0.20276671E-03   -0.14639412E-02    0.26846893E-03
-0.20508319E-03    0.12787931E-03   -0.17407637E-04    0.17165539E-03    0.53762360E-04
-0.28780708E-04   -0.18061833E-04    0.82708976E-04    0.50225999E-05   -0.16010875E-04
 0.97249784E-04    0.10403821E-03   -0.13293389E-03    0.38163881E-03   -0.10719682E-02
 0.38685679E-03   -0.66462371E-03   -0.10635352E-03    0.34847745E-03    0.25183432E-03
-0.32064542E-03   -0.20167930E-04   -0.10769511E-03   -0.10380261E-06   -0.32540002E-03
-0.40273534E-02    0.75861860E-03   -0.19046849E-03    0.83564561E-04    0.11241876E-03
-0.49178436E-04   -0.29825096E-04    0.13117572E-03   -0.19299392E-03    0.17258488E-03
-0.98092022E-04   -0.30313154E-04    0.38230517E-03   -0.18157568E-03    0.44076248E-05
 0.41658018E-04    0.10860922E-03   -0.73165742E-03   -0.49531979E-03    0.46348974E-03
 0.24681238E-03    0.17577655E-03   -0.26173748E-05    0.51588358E-03    0.75108124E-02
-0.35138312E-02   -0.11044012E-01    0.11160795E-02    0.28517927E-02   -0.20690177E-03
 0.56762848E-03   -0.18085532E-02   -0.10836606E-02    0.25054084E-04   -0.78413834E-04
 0.16934295E-04    0.64085318E-04   -0.39683659E-04    0.93950037E-04    0.22547363E-03
-0.20639294E-03    0.11476082E-03   -0.19275379E-03    0.35422665E-02   -0.33457650E-02
-0.73031894E-03    0.29907041E-02   -0.31689025E-03   -0.15226126E-02   -0.74969257E-03
 0.10299967E-02    0.16797028E-03   -0.31435345E-03   -0.36307182E-04   -0.75447761E-03
 0.74121611E-03   -0.26720959E-01   -0.88427457E-03   -0.42457688E-03    0.20918819E-03
-0.84446090E-03   -0.51279202E-03   -0.31647236E-03    0.39257779E-03   -0.14697411E-02
 0.10301620E-03    0.30360711E-03   -0.28556445E-03    0.12897836E-02    0.31692487E-03
-0.62014422E-04    0.96291238E-03    0.26335729E-02    0.12620549E-02   -0.11335698E-02
-0.73819581E-03    0.52211399E-03   -0.51721652E-05    0.13010733E-02   -0.13385344E-02
 0.10166100E+00   -0.11070248E-02   -0.26905840E-03   -0.26384684E-02   -0.25393742E-03
-0.10707625E-03   -0.46443288E-04    0.63809025E-03   -0.22616740E-03   -0.38710585E-04
-0.27001134E-04    0.13649384E-04   -0.39271179E-04    0.24449130E-05    0.27104157E-04
-0.13648465E-03   -0.83617397E-06    0.93949795E-04   -0.21518060E-03    0.30932989E-03
 0.25212857E-03   -0.47930728E-03    0.57191229E-03    0.11365614E-03   -0.15363545E-03
 0.18796054E-03   -0.73388066E-04   -0.28428311E-04    0.13450441E-03    0.36856781E-04
 0.17917343E-03   -0.22933722E-03   -0.62107687E-03   -0.30583430E-02    0.98917582E-05
 0.99514925E-04    0.29247403E-04   -0.33658895E-04    0.46019122E-04   -0.74379652E-03
-0.27369169E-04   -0.54615958E-04   -0.24037779E-04    0.30822845E-04   -0.34801659E-03
 0.16291531E-03   -0.74851397E-05   -0.19757066E-03    0.28593513E-03   -0.30467258E-03
 0.34957626E-03    0.17402545E-03   -0.36275894E-03   -0.59114063E-04   -0.25714275E-03
 0.21511764E-03    0.17697007E-02    0.67357040E-02    0.14980374E-04   -0.78064799E-03
-0.68070767E-03    0.46086160E-03   -0.58745709E-04    0.35842462E-04    0.70515565E-04
-0.36794452E-04    0.32084090E-04    0.16828229E-04    0.11747487E-04    0.12289311E-04
-0.11360148E-05   -0.16058430E-04    0.22232480E-04    0.66978643E-05   -0.54514229E-05
 0.29495197E-04    0.61991701E-03   -0.10137705E-02    0.15708218E-03    0.18593438E-03
-0.16451744E-04   -0.30535351E-04   -0.14816658E-03    0.94159439E-04    0.11357741E-03
-0.23004972E-04    0.97598228E-05   -0.97242018E-04    0.11592867E-03   -0.48069362E-03
 0.18731528E-04   -0.27790071E-03    0.41403969E-04   -0.97729055E-05    0.10375096E-04
-0.13762106E-04    0.75833264E-04   -0.90972799E-04    0.80743418E-05    0.12339467E-03
-0.22832303E-05   -0.65898079E-04    0.57832940E-05   -0.24416765E-05    0.17740137E-04
 0.46824521E-04    0.24235989E-03   -0.73366206E-04   -0.14295917E-03    0.21292436E-04
-0.15571922E-04    0.15707536E-03   -0.11316991E-03    0.58442699E-03   -0.69270350E-04
 0.52445886E-03    0.52999901E-03   -0.39011253E-04    0.67616508E-03    0.16705953E-03
-0.55429570E-04    0.23175441E-04   -0.55559554E-04    0.11383612E-03   -0.45805312E-04
-0.11952156E-04    0.29892039E-05    0.27977969E-06   -0.34776555E-05   -0.74036083E-05
-0.66329977E-05    0.49812830E-05   -0.26330372E-04   -0.28407126E-04    0.23712799E-03
-0.62147698E-03    0.57636413E-04   -0.37517936E-04    0.15736874E-03    0.57379222E-04
 0.96755999E-04   -0.73912379E-04   -0.12290116E-03   -0.25514917E-04    0.24470142E-05
 0.95699749E-04    0.88303293E-04    0.27504710E-03    0.11426036E-03    0.49276551E-04
-0.31581502E-03   -0.12887461E-03    0.12321482E-04    0.14605169E-04    0.55618493E-04
-0.19657934E-04   -0.64076645E-04   -0.53204031E-04   -0.32336159E-04   -0.26535217E-03
-0.17466793E-05    0.13005217E-04   -0.27509066E-03   -0.79141565E-04   -0.15025452E-03
 0.10417288E-03    0.20660589E-03    0.51140140E-04   -0.24023080E-06   -0.13634371E-03
-0.34208886E-04   -0.65987766E-03   -0.32247863E-03   -0.79498259E-04    0.53551661E-03
 0.19648756E-04   -0.15256806E-02    0.15021235E-02    0.38742742E-03   -0.27772751E-04
 0.62718318E-04   -0.46877743E-03   -0.81640810E-04   -0.36529746E-04   -0.81814958E-04
-0.14862520E-04   -0.11600050E-04    0.18788068E-04   -0.32493453E-04    0.44119258E-04
 0.40203557E-05   -0.58848006E-04   -0.33476947E-04    0.64982134E-03   -0.14767947E-02
 0.87054173E-04    0.41836374E-03    0.12343121E-03   -0.32095972E-03    0.17034042E-03
 0.27709254E-03    0.24313954E-03   -0.81816685E-04    0.11913742E-04    0.15717874E-03
-0.10436597E-03   -0.61532267E-03    0.29022720E-05    0.31149735E-05   -0.12603010E-03
-0.17981778E-02    0.31317442E-04    0.50042161E-04   -0.18153308E-03   -0.50278466E-04
 0.79422102E-04    0.38535260E-04    0.97667549E-04    0.55790740E-03    0.17614117E-04
 0.48257174E-04   -0.19953692E-03    0.45243101E-03   -0.28384466E-03   -0.41698104E-03
-0.22192756E-03    0.17070306E-03   -0.15106957E-04   -0.13240702E-03    0.26309467E-03
 0.10198724E-02   -0.16034574E-03    0.27430762E-05    0.27576364E-03    0.30936942E-02
-0.83812826E-03   -0.13513626E-03    0.11502017E-02   -0.32345839E-03    0.61899730E-04
 0.77602923E-05   -0.40053674E-03   -0.17688462E-03    0.11320044E-03   -0.47065050E-04
-0.37197179E-05    0.60783180E-05   -0.80391097E-04   -0.17659887E-04    0.91815490E-04
-0.10330374E-04    0.39313362E-04   -0.85443579E-05    0.11151695E-02   -0.18755538E-02
 0.26516916E-03    0.76471419E-03   -0.64751038E-04   -0.14225611E-03   -0.32600476E-04
 0.14770420E-04   -0.17783190E-03   -0.29381039E-04    0.28432871E-05    0.30403463E-04
-0.95455646E-04   -0.50749227E-03   -0.60722100E-06    0.37651779E-05    0.21987317E-04
-0.43517853E-04   -0.18538955E-02   -0.10258915E-02   -0.39958160E-06   -0.15128784E-03
 0.35127358E-04   -0.14627632E-04    0.24760904E-04    0.25032853E-03    0.88445059E-04
 0.38342037E-06    0.11875788E-03    0.34679857E-03   -0.21988911E-04    0.48483012E-04
 0.22789749E-03    0.33632934E-04   -0.11841198E-04   -0.44938069E-04    0.23857634E-04
 0.81261265E-03    0.17630154E-04   -0.63002931E-04    0.10256731E-04    0.16931404E-04
 0.35564094E-02    0.98870484E-03    0.10078186E-02    0.22315628E-02    0.84090914E-04
-0.50887851E-04   -0.62325834E-04   -0.41511504E-03    0.19514032E-03    0.86026650E-04
-0.94835135E-05    0.67925416E-05    0.37830320E-04   -0.46472202E-04   -0.74554068E-05
 0.52430481E-04   -0.37210534E-04    0.19499396E-04   -0.54784467E-04    0.92398546E-03
-0.17861890E-02    0.19097886E-03    0.36730784E-03    0.98378522E-04   -0.47625386E-04
-0.17687891E-03   -0.14585392E-03   -0.26281243E-03   -0.19575561E-04    0.97648670E-05
-0.92631980E-04   -0.91316539E-06    0.37229736E-04    0.77755997E-04   -0.18769842E-05
 0.31271624E-04    0.85862193E-04   -0.10385509E-02   -0.17385475E-02    0.11760089E-03
-0.52222542E-04    0.29863997E-04    0.15193146E-03    0.80405758E-04    0.11444594E-03
-0.33736804E-04    0.66104601E-05   -0.21002797E-03    0.71686401E-04    0.11296628E-03
 0.92551694E-04    0.23270360E-03    0.28783110E-04   -0.11595779E-04    0.36820916E-04
 0.26386748E-04   -0.19893320E-03   -0.11924711E-03   -0.87374366E-04    0.36299361E-04
-0.32548273E-04    0.18967686E-02    0.32502843E-02   -0.15848310E-02    0.16242228E-02
-0.10594486E-03   -0.15045868E-02    0.29830404E-03   -0.13703288E-03   -0.26594438E-03
-0.18174176E-03    0.12882498E-03    0.30062935E-04   -0.99565619E-04   -0.18361347E-04
 0.61409084E-04   -0.37833864E-04    0.64082057E-04    0.58686269E-04    0.87764603E-04
-0.14758057E-03    0.19256086E-02   -0.36622073E-02    0.90420962E-03   -0.10978157E-02
 0.14783081E-03    0.60433241E-04    0.88156290E-04   -0.10191674E-04   -0.42071441E-04
-0.42897144E-04    0.48306422E-05    0.12175768E-03   -0.23874123E-03    0.40104837E-03
-0.69011634E-03    0.72328914E-04    0.69281408E-04   -0.16215220E-03    0.49386990E-05
 0.14222163E-03   -0.26230311E-02    0.16471822E-03    0.23750705E-04   -0.11095359E-03
-0.71297373E-04   -0.11556309E-03   -0.70782697E-05    0.52980179E-04   -0.33150103E-03
-0.15620026E-03   -0.17338448E-03    0.21331840E-04    0.25760115E-03    0.68970713E-04
-0.14142019E-04   -0.12962210E-03    0.27007501E-03   -0.68140428E-03    0.14213971E-02
-0.12433593E-03   -0.77188197E-04    0.42884594E-03    0.44711303E-04   -0.21121676E-03
 0.49438193E-02    0.11859713E-02   -0.12588096E-02   -0.27658407E-03    0.82294668E-03
-0.18922806E-03    0.10786869E-03    0.85177521E-04    0.16648364E-03   -0.98441716E-05
-0.19430319E-04    0.77327937E-04    0.45528143E-04    0.11970863E-05    0.39003542E-04
-0.17783237E-04    0.19116917E-04   -0.13702930E-03    0.49099500E-04    0.94108970E-03
-0.16091288E-02    0.29280703E-03   -0.11691243E-03   -0.91093511E-04    0.30235416E-04
-0.30699911E-03   -0.58555541E-04   -0.21971228E-03    0.65553683E-05    0.12425297E-05
-0.28157529E-03    0.96651508E-04   -0.82981414E-03   -0.71068851E-05   -0.72891123E-04
-0.45430635E-04   -0.38750343E-04   -0.98538897E-04   -0.13338175E-03    0.16889958E-03
-0.19366999E-02   -0.58620913E-03    0.48153321E-03    0.43032700E-04    0.38010700E-04
-0.98331856E-05   -0.79886014E-05    0.14543333E-03    0.39297396E-04    0.44390364E-03
 0.56862420E-04    0.31135259E-03    0.34624225E-04   -0.83469531E-06    0.64478903E-03
-0.25567220E-03    0.15641179E-02   -0.88819694E-04    0.11166054E-03    0.91554254E-04
 0.61044269E-04    0.91555440E-04    0.21692822E-03   -0.35152977E-03    0.34464550E-02
 0.10833630E-02    0.69447014E-03   -0.15491848E-02    0.19460706E-03   -0.11101261E-03
-0.54912574E-04    0.71515311E-03    0.14325586E-03    0.23803559E-04    0.81183700E-04
 0.44781817E-04   -0.16630093E-05    0.19549231E-04   -0.23864244E-04   -0.12176240E-03
-0.10655977E-03   -0.62709640E-04   -0.22256846E-04    0.15511616E-03   -0.29604774E-03
 0.13373040E-03   -0.43746758E-03   -0.50307995E-04    0.20294364E-03    0.13897936E-05
-0.11233946E-03    0.11561361E-03    0.51119223E-04    0.13303486E-04    0.51584064E-04
-0.15473493E-03    0.23415194E-03   -0.12698929E-03    0.88673473E-05   -0.61645455E-04
 0.11903039E-03    0.68304679E-04    0.67271438E-04    0.47150498E-05   -0.58157393E-03
-0.17682214E-02   -0.13076412E-03    0.14153890E-03   -0.14611293E-03   -0.64481939E-04
 0.64332673E-05   -0.37005491E-04   -0.44524222E-03    0.23608797E-04    0.47998051E-04
-0.36942704E-03   -0.60910376E-04   -0.21677002E-04    0.19297544E-04    0.19635907E-03
-0.59472055E-03    0.12706483E-03   -0.31734503E-04    0.11831267E-03   -0.15718624E-03
-0.24004265E-03   -0.45730235E-04    0.26203615E-05    0.10544832E-02    0.36022109E-02
 0.77348751E-03    0.11136988E-02    0.10281561E-02   -0.32079051E-03   -0.26535070E-04
 0.12368167E-04    0.41499134E-04    0.24288070E-03   -0.88862969E-04   -0.68162415E-06
-0.12035799E-04    0.24461054E-05    0.15742269E-05    0.72441035E-05   -0.15064043E-03
-0.60885408E-05   -0.87389233E-04    0.79772913E-04    0.86187260E-04   -0.28970379E-03
-0.55438788E-04   -0.25513118E-03    0.97754200E-04   -0.68784942E-04    0.49989340E-03
-0.25741956E-03    0.63910001E-04   -0.94346761E-04    0.82408198E-05    0.18649760E-03
-0.12134687E-03    0.62960696E-03    0.30223756E-04    0.13360801E-03   -0.83817828E-04
 0.67745725E-04   -0.32025449E-04    0.10461158E-03   -0.94195950E-04    0.52323778E-03
-0.18043006E-03   -0.29828873E-02   -0.47287458E-03    0.19827409E-04   -0.18435859E-04
 0.11934829E-04   -0.29327221E-03    0.10981933E-03   -0.74936180E-03    0.30589975E-03
-0.11585169E-03    0.15058394E-03   -0.14251565E-05   -0.55155427E-03    0.94907469E-04
-0.10045034E-02   -0.14794646E-03   -0.21769570E-03    0.14869765E-03   -0.11225385E-03
-0.11109463E-03   -0.23583504E-03    0.19400921E-03   -0.84121559E-03    0.21095729E-03
 0.52364039E-02    0.80925947E-04   -0.19114308E-02    0.99082972E-03    0.69552728E-03
-0.14095949E-03    0.11114625E-03   -0.34303223E-03   -0.54473317E-04   -0.62010886E-04
-0.51147950E-04   -0.67109103E-05    0.25087869E-04    0.12286332E-04    0.26183695E-04
 0.87088539E-04   -0.58132565E-04   -0.35273229E-04   -0.84305745E-04    0.71225714E-03
-0.13595262E-02    0.23327858E-03   -0.35444042E-03    0.20775107E-05   -0.29212682E-03
 0.13474760E-03    0.67916111E-04   -0.38167291E-04   -0.94918001E-04    0.33961494E-05
 0.69024680E-04    0.35512994E-03   -0.14708392E-03    0.13241876E-03    0.14994160E-04
-0.50859069E-04    0.64642739E-04    0.32364809E-04   -0.26066934E-04   -0.50528340E-04
-0.42162086E-05    0.91856652E-04   -0.58477411E-03   -0.17940906E-02    0.25764579E-03
 0.95705126E-04   -0.28452761E-04    0.16278457E-04    0.49677213E-03   -0.23456533E-03
-0.48205331E-05   -0.17219557E-04    0.23203120E-03   -0.19544926E-04    0.95317286E-04
-0.47964674E-03    0.23569136E-03   -0.29028512E-03    0.14322971E-04    0.72685747E-04
-0.14892029E-03    0.17967996E-04   -0.21155035E-04    0.11943675E-03   -0.46209936E-04
-0.36653554E-03    0.93127430E-03    0.32969820E-02    0.53507823E-03    0.72819038E-03
-0.27109696E-02    0.19306468E-03   -0.54226597E-04   -0.56880724E-04    0.84747691E-03
-0.12522883E-04   -0.48195672E-04    0.39411667E-04    0.21009026E-04    0.90343367E-05
 0.16808055E-05   -0.13228612E-04   -0.95789297E-04    0.46673058E-04    0.37387813E-04
-0.40323703E-04    0.16983781E-02   -0.28572737E-02    0.71309178E-03   -0.90689719E-03
 0.92427201E-04   -0.16252909E-04   -0.90795400E-03   -0.80002572E-04    0.27309942E-03
 0.11628021E-03    0.67183025E-05   -0.21085063E-03   -0.52633138E-05    0.78621677E-03
-0.31083654E-03   -0.93818924E-04   -0.26926118E-03    0.52721859E-03    0.15534819E-03
 0.18233090E-03   -0.13685651E-03    0.40544512E-04   -0.81313742E-04    0.11579790E-03
 0.17433136E-03   -0.27556844E-02   -0.21033721E-04   -0.14646666E-05   -0.23205056E-03
 0.15766101E-03    0.15548453E-02    0.16987671E-03   -0.39741752E-03   -0.23518177E-03
-0.57894284E-05    0.37242445E-03    0.24658189E-03   -0.16040047E-02    0.59272088E-03
 0.16027216E-03    0.40625677E-03   -0.83601446E-03   -0.28411902E-03   -0.27952753E-03
 0.16768456E-03   -0.13513236E-03    0.15003965E-03   -0.87141406E-04   -0.41856428E-03
 0.47220104E-02    0.81517940E-03    0.91499386E-03    0.15448323E-03   -0.65263409E-04
-0.47486982E-04   -0.41371114E-04    0.10778554E-03    0.17443755E-03   -0.15471199E-04
-0.11369174E-04    0.32154666E-05    0.15768876E-04    0.82314996E-05   -0.63211398E-05
-0.26557796E-04    0.31205592E-04   -0.35011980E-04    0.15927533E-04   -0.64676533E-04
-0.11304928E-03    0.84553057E-04   -0.24156735E-03   -0.37273700E-04    0.80172844E-04
-0.58767583E-04   -0.16692049E-03    0.49540422E-04    0.17647106E-04    0.20437097E-05
 0.53082907E-04   -0.45451461E-04    0.48708883E-03    0.20586686E-03    0.17806904E-04
-0.51562573E-05    0.56930816E-04    0.10563592E-03   -0.27604658E-04   -0.11150346E-04
 0.34881829E-04   -0.92085683E-04   -0.97141285E-05    0.14600879E-03   -0.91924732E-04
-0.29867293E-03    0.47872211E-05    0.68440069E-04   -0.15575207E-03    0.95941570E-04
 0.17456931E-03   -0.10219856E-03   -0.16519828E-04   -0.32025665E-05   -0.11775564E-03
 0.34894312E-04   -0.10209300E-02   -0.44576815E-03   -0.26976584E-04    0.34457925E-04
-0.90028303E-04   -0.26812715E-03    0.13595491E-03    0.33536764E-04    0.10369933E-03
 0.19765184E-03   -0.45963336E-04   -0.19306599E-03    0.69676128E-04    0.77375508E-03
 0.26924270E-04   -0.36447440E-03   -0.39672588E-04    0.14059405E-03   -0.28622046E-04
 0.28742304E-04   -0.51545232E-06   -0.19645733E-04   -0.12664829E-04   -0.46957532E-05
 0.82668150E-05   -0.93871620E-06   -0.68100813E-05    0.69051004E-05    0.44431025E-05
-0.72164772E-05   -0.30652947E-05    0.26370658E-05    0.56791711E-04   -0.57271257E-04
-0.14008341E-04    0.80140803E-04   -0.13449701E-04   -0.29075977E-04    0.17118667E-05
 0.17251861E-04    0.90400961E-05   -0.61867711E-05    0.16544120E-06   -0.79686225E-05
 0.53908487E-04   -0.95305748E-04   -0.82013993E-05   -0.35643680E-05    0.10171765E-04
 0.39780303E-04   -0.11762985E-05    0.55305074E-05    0.54007443E-04   -0.19665831E-04
 0.45079655E-05    0.54362847E-05   -0.40703001E-04    0.10979141E-04    0.30802496E-05
-0.22777258E-04    0.26191058E-04    0.53209827E-04    0.15912094E-05   -0.11949475E-04
-0.14991077E-04    0.10585889E-04   -0.12854809E-05    0.32990312E-04   -0.95834590E-04
 0.14924621E-03    0.17104962E-04    0.63336463E-05   -0.25639210E-04   -0.77782289E-04
 0.76881371E-05   -0.18989973E-04   -0.99466652E-04    0.58816810E-05   -0.19783170E-04
-0.23136617E-04    0.55817041E-04    0.37908387E-05   -0.16779385E-04    0.40163075E-04
-0.24071162E-02    0.73869280E-02    0.15218920E-02   -0.71992231E-02    0.81268532E-03
-0.58706147E-03   -0.75319814E-03    0.14925110E-03   -0.20616959E-02    0.19460687E-03
-0.10354447E-03   -0.88868126E-04    0.26234872E-03    0.14515668E-03   -0.33258264E-03
 0.58284217E-04   -0.29879011E-03   -0.25988199E-03   -0.16158188E-02    0.26223818E-02
 0.24468617E-02   -0.16254057E-01   -0.25555115E-04    0.88415966E-03    0.50225856E-03
-0.19464348E-03    0.39855605E-03    0.10065408E-03   -0.30406635E-04    0.48639055E-03
-0.11556600E-02    0.27159998E-02    0.22412133E-03    0.31344320E-03    0.13951842E-03
 0.40164769E-03   -0.94847264E-04    0.22425330E-03   -0.60046983E-03    0.74781911E-03
 0.13608767E-03   -0.22619896E-03    0.72306898E-03   -0.39647265E-03   -0.41604088E-04
 0.68052189E-04   -0.14387819E-03   -0.12312916E-02   -0.10787330E-02    0.98228098E-04
-0.18043397E-03   -0.28778033E-03    0.69854828E-04   -0.94042220E-03    0.13487353E-02
-0.42712115E-02    0.22054213E-03   -0.55450833E-03   -0.14898931E-03   -0.49268923E-03
-0.16275226E-03   -0.20458011E-03    0.13320773E-02   -0.74873054E-03   -0.40894884E-03
 0.35340030E-03   -0.10417517E-02    0.12806226E-03    0.25420346E-03   -0.16199062E-03
 0.21099875E-01   -0.25732469E-03    0.11028618E-02    0.43219603E-03   -0.98714624E-03
 0.86326969E-04   -0.92962187E-04   -0.16723433E-03    0.72804765E-04   -0.29038742E-03
 0.15665208E-04   -0.44508084E-05   -0.50357836E-04    0.51909370E-04    0.12218204E-04
-0.11261035E-04    0.38242967E-04   -0.91587783E-04    0.19815096E-05   -0.25985213E-03
 0.36879662E-03    0.16305740E-03   -0.18880885E-02    0.22196339E-03    0.79994990E-04
 0.12790788E-03   -0.33789700E-04    0.53244309E-04    0.19430584E-05    0.10232721E-05
 0.73688956E-04   -0.19371829E-03    0.37990321E-03    0.41303653E-04    0.25599207E-04
-0.36204155E-05   -0.43406261E-05   -0.14989206E-04    0.45757364E-04   -0.14349577E-03
 0.16129241E-03    0.28638721E-04    0.15035784E-04    0.16390671E-03   -0.36706492E-04
-0.61394800E-05    0.14872349E-04   -0.32929570E-03   -0.12092125E-03   -0.21213363E-03
 0.97860835E-06    0.10072889E-04   -0.31536096E-04    0.56790019E-05   -0.16108915E-03
 0.12678317E-03   -0.72638890E-03    0.14856532E-05   -0.72880991E-04    0.39794231E-04
 0.76427239E-05   -0.15383355E-04    0.10416125E-04    0.29902842E-03   -0.14056205E-03
-0.64611272E-04    0.32467770E-04   -0.19013583E-03   -0.94358401E-05    0.18110060E-04
-0.31330936E-04    0.29007561E-02    0.12768263E-02    0.34511505E-03   -0.12597038E-03
-0.54281681E-03    0.52859159E-03   -0.50510499E-04    0.19638881E-04    0.26055584E-03
 0.62024147E-05    0.16065200E-03   -0.46328026E-04    0.93051572E-05   -0.30833186E-05
-0.53672731E-04   -0.27040458E-04    0.94963177E-05    0.14959558E-04   -0.30095785E-04
 0.50905695E-04   -0.41561986E-04    0.15843870E-04   -0.64940711E-03    0.17993739E-02
-0.56557366E-04    0.38550944E-03   -0.74016701E-04   -0.35518202E-04   -0.29505418E-05
 0.34831019E-04   -0.13780359E-05   -0.61386701E-04    0.75408992E-04   -0.12905223E-04
-0.38683087E-04   -0.29200606E-04   -0.48958241E-05    0.33730404E-04   -0.35339725E-04
-0.73307519E-04    0.23725865E-04   -0.80290232E-04   -0.73891206E-04    0.43023956E-04
 0.26888702E-06    0.20417130E-04   -0.88836284E-05   -0.11712413E-05    0.12079355E-03
-0.54932364E-03    0.16685150E-03    0.58507498E-04   -0.48850131E-04   -0.36796046E-04
 0.75679475E-05    0.24870470E-04   -0.42787951E-04    0.17510410E-04   -0.76494227E-05
 0.45514869E-04   -0.23657469E-04   -0.30607216E-04    0.15934317E-05    0.47792530E-04
-0.76774641E-04    0.11783948E-03    0.12899251E-03    0.17694712E-05   -0.12651729E-04
-0.26650533E-04    0.25129606E-04   -0.13207051E-06   -0.14981885E-02   -0.32115352E-03
 0.15624592E-02   -0.37687241E-03   -0.93333479E-04   -0.14696164E-03   -0.25726763E-03
 0.18013142E-04   -0.61711338E-06   -0.18995566E-04    0.13146500E-05   -0.91629754E-04
-0.64985719E-04   -0.16127472E-04    0.24185620E-04    0.13189331E-04    0.94560746E-05
-0.23398806E-04    0.30618387E-05   -0.34222267E-04   -0.66468872E-04   -0.58135258E-03
 0.87878856E-03   -0.13705583E-02    0.17455823E-02    0.79004208E-04    0.35388683E-05
 0.57599922E-03   -0.13909818E-04   -0.31596442E-04    0.10294784E-04    0.36789517E-05
 0.15655885E-03   -0.60043374E-04   -0.14110888E-03   -0.71955180E-04    0.35933609E-04
-0.14086225E-04   -0.10520185E-03    0.62068359E-04    0.51712436E-04   -0.18263858E-04
 0.65241568E-04    0.69653762E-05   -0.13321529E-03    0.26615648E-04    0.32905064E-03
 0.14830442E-04    0.22985766E-08   -0.71633527E-04    0.32625865E-04   -0.81886810E-03
 0.15613848E-04   -0.25349384E-04   -0.30172059E-04    0.31582267E-05   -0.23178327E-03
 0.89603936E-04    0.47067500E-04    0.11407483E-03   -0.50333199E-04    0.22360229E-04
 0.14493167E-03   -0.10598049E-03   -0.84218243E-04   -0.52684656E-05   -0.16799362E-03
-0.32813017E-04    0.19111798E-03    0.43123055E-04   -0.44267600E-03   -0.41044376E-04
 0.29868829E-05    0.49229208E-03    0.12849168E-03   -0.27688133E-05    0.15663881E-02
-0.52383477E-03   -0.16087137E-03   -0.18296676E-03   -0.18366525E-03    0.33509441E-04
 0.24655067E-04   -0.34495501E-04   -0.70583174E-04   -0.95369133E-04   -0.30920328E-04
-0.15510924E-05    0.93497747E-05    0.31848923E-05    0.87820109E-05   -0.65966666E-04
-0.37619100E-04    0.11381125E-05    0.13558167E-04   -0.54651636E-04    0.22057133E-03
-0.87892354E-04   -0.31191115E-03    0.17517978E-04    0.61393833E-05   -0.18868384E-05
 0.50507216E-03    0.24101631E-03   -0.79960597E-05   -0.10739199E-04   -0.11428724E-03
 0.30095389E-04   -0.20603691E-03    0.12155607E-03   -0.22168826E-04    0.35235812E-04
-0.76631322E-04    0.38184160E-04    0.61103374E-04   -0.64407724E-04    0.84090494E-04
 0.58607940E-04    0.71490887E-04   -0.34048234E-05    0.15826630E-04    0.29682302E-04
-0.37057332E-05    0.81909591E-05   -0.21021925E-05   -0.31774652E-04   -0.62454111E-03
-0.28259075E-03    0.20647423E-04    0.84515324E-05    0.51309424E-04   -0.33368835E-05
 0.19324747E-03    0.20047834E-05   -0.35332394E-05   -0.43874823E-04    0.76343766E-04
-0.47917904E-04   -0.11283483E-03    0.77684481E-04   -0.15439005E-03   -0.90460811E-04
-0.66395814E-04   -0.21095830E-04    0.32082708E-04   -0.54283955E-04    0.62593373E-05
 0.82206926E-03    0.76029616E-04   -0.83258223E-04    0.11284296E-03    0.15329313E-02
 0.61247845E-04    0.73529006E-03   -0.13520752E-03   -0.56133236E-03    0.34586228E-04
-0.32234386E-04    0.84575473E-04    0.72941064E-04   -0.22812531E-03   -0.12455611E-05
 0.82386595E-05   -0.12120610E-04    0.13296136E-04    0.57146349E-05   -0.84758349E-04
 0.45200280E-04   -0.95993313E-04   -0.23755962E-04   -0.15266094E-03    0.23627915E-03
 0.12646987E-03   -0.10616357E-02   -0.19413435E-04    0.13864325E-03   -0.62069597E-05
 0.19459995E-03    0.62531155E-03   -0.28554937E-04   -0.26059869E-05    0.12942227E-04
-0.69573918E-04   -0.87889770E-04    0.11079787E-03    0.98066581E-05    0.41387619E-04
-0.45277108E-04    0.46812124E-04    0.10749632E-03   -0.10389347E-03    0.25466648E-03
-0.14704568E-04   -0.10018978E-04    0.11170300E-03   -0.14411809E-03   -0.42680108E-05
-0.15912836E-05    0.23454058E-04   -0.19921808E-03   -0.82515940E-04   -0.26715484E-03
-0.85170258E-03    0.26769772E-04    0.87331358E-05   -0.97013562E-04    0.16829063E-03
-0.13982109E-03   -0.12851001E-03   -0.23353454E-04   -0.40728664E-04    0.62236342E-04
-0.45866454E-04   -0.95742156E-04    0.11198044E-03   -0.24628708E-03    0.29926992E-04
 0.11304736E-03   -0.21499568E-03    0.14012730E-03    0.37839520E-04   -0.75279887E-05
 0.19401715E-02    0.20909150E-03   -0.35543035E-04    0.99504639E-04    0.77821532E-03
 0.22464105E-02   -0.62234756E-04    0.54745127E-04   -0.11070023E-03    0.14413876E-04
-0.38824389E-05   -0.12258301E-04    0.33090376E-04   -0.29863622E-04    0.17929065E-04
 0.12235517E-04    0.30308764E-05   -0.41107627E-05    0.10500409E-04   -0.28987101E-04
-0.18792267E-04   -0.18304871E-05    0.28395344E-04    0.50783323E-04   -0.30829133E-03
 0.47716121E-03   -0.10077981E-02    0.13998761E-02    0.83639276E-05    0.32189115E-04
 0.85065607E-05   -0.13958223E-04   -0.44476973E-04    0.11031994E-03   -0.15779078E-04
 0.48589807E-04    0.81348814E-04   -0.19218655E-04   -0.32662743E-04    0.10115136E-04
 0.23963111E-05    0.18601021E-04    0.81355834E-05   -0.15620089E-04    0.13901071E-04
-0.28314296E-04   -0.33928206E-04    0.20247922E-04    0.23361933E-04    0.18101820E-04
-0.39782146E-05    0.10256313E-05   -0.26344708E-05   -0.46501586E-04   -0.17082278E-04
 0.43860712E-04    0.50958935E-04   -0.16559697E-03    0.23083040E-04   -0.10788007E-03
-0.70060137E-04   -0.17710231E-04    0.79788425E-04   -0.10789684E-04   -0.16041618E-04
-0.49409686E-04    0.17220914E-04    0.14207364E-04   -0.31816230E-04    0.75175917E-05
-0.74027121E-06   -0.15290406E-04   -0.60938182E-04   -0.36448931E-05   -0.10700390E-04
 0.21846497E-06   -0.11036797E-03   -0.20388729E-04    0.87110159E-04    0.51421649E-04
-0.11646578E-03   -0.12162141E-03    0.38737260E-03    0.56086945E-05   -0.35681191E-04
-0.28364641E-04    0.16669850E-04   -0.62332782E-05    0.61292322E-05    0.38518085E-05
 0.23120815E-05   -0.19439666E-05    0.13625379E-05    0.42932171E-06    0.25506706E-05
-0.39379987E-05    0.89388785E-05    0.44154092E-05    0.27090791E-05   -0.85844712E-05
 0.87147197E-06    0.19383847E-04   -0.38332305E-04    0.46235711E-04   -0.38403897E-04
 0.17738480E-05   -0.33740011E-05    0.42390759E-05   -0.81739610E-05    0.11266718E-05
-0.15485348E-04    0.61834296E-05   -0.38722579E-05   -0.27494526E-05   -0.13997623E-04
-0.22496739E-04   -0.33404296E-05   -0.82305345E-06   -0.36120103E-05   -0.12512691E-05
 0.28689999E-05    0.23968087E-05    0.16930270E-05    0.60871055E-06    0.27245649E-05
 0.47739399E-05   -0.72978345E-05    0.12396736E-05    0.10321035E-06   -0.31397208E-05
 0.10800298E-04    0.26391232E-05    0.61697818E-05   -0.87274416E-07    0.22431797E-04
-0.78796846E-05    0.18417290E-04   -0.48501677E-05    0.25840639E-04    0.21466817E-04
 0.42350308E-05    0.19420850E-05    0.49311040E-05   -0.34332559E-05   -0.38224518E-05
 0.20202475E-05    0.34057780E-05    0.80634290E-06   -0.62132620E-05    0.38954381E-05
 0.74703798E-05    0.13629151E-05   -0.30048428E-06   -0.10928736E-04    0.10950793E-04
-0.51626789E-05    0.97608193E-05   -0.64828725E-05   -0.88052619E-05   -0.56931053E-04
 0.23862294E-04   -0.75279512E-03    0.22207677E-02    0.53411695E-03   -0.21510869E-02
 0.22191363E-03   -0.16935274E-03   -0.30803824E-03    0.65433945E-04   -0.50017225E-03
 0.14281139E-03   -0.47359889E-04   -0.81837365E-05    0.60877159E-04    0.41940473E-04
-0.41779407E-04   -0.11669382E-03   -0.54797825E-04   -0.11693100E-03   -0.81283427E-03
 0.13641251E-02   -0.70273566E-03   -0.25052087E-02   -0.61028227E-06    0.19983034E-03
 0.29282046E-03   -0.18985454E-03    0.59572993E-04    0.74258971E-04   -0.11459680E-04
 0.79615689E-03   -0.19124400E-03    0.75511735E-03   -0.28357681E-04    0.10284600E-03
 0.47999642E-05    0.99784348E-04   -0.83547366E-04    0.12797641E-03   -0.65357371E-04
 0.32519757E-03    0.11871479E-03   -0.10833302E-03    0.26123153E-03   -0.98223391E-04
-0.26276202E-04    0.14727666E-04   -0.13685489E-04   -0.34401614E-03   -0.52497958E-03
 0.82541011E-04   -0.41498391E-04   -0.18005992E-03    0.35004821E-04   -0.11327827E-02
 0.21871414E-03   -0.10872219E-02    0.26625524E-03   -0.19501469E-03   -0.14221698E-04
-0.80444026E-04   -0.21018710E-04   -0.47241176E-04    0.25117151E-03   -0.37276786E-03
-0.95071975E-04    0.23631852E-03   -0.37512121E-03   -0.71229685E-04    0.55732936E-04
-0.46720237E-04    0.54647482E-02    0.81552992E-03   -0.33933765E-03    0.24573202E-03
 0.23465622E-03    0.49239909E-03    0.15869631E-03   -0.56655243E-05    0.34212662E-02
 0.51099260E-03   -0.15197630E-02   -0.32262353E-03    0.12658216E-02   -0.20338167E-03
 0.14611460E-03    0.17504686E-03    0.41196855E-04    0.24287854E-03    0.19020453E-04
 0.25857135E-04    0.10173741E-04   -0.10082196E-03    0.66219823E-05    0.27112282E-04
-0.27710040E-05    0.82129419E-04    0.14403556E-03    0.31306145E-04   -0.18497704E-03
-0.15098582E-02    0.36379915E-02   -0.14068484E-04   -0.12218600E-03   -0.13204461E-03
 0.10846740E-03    0.11820905E-04    0.58266395E-04   -0.10089136E-05    0.46245367E-04
 0.13199764E-02   -0.50551183E-03    0.64658967E-04   -0.88231761E-04   -0.73555722E-04
-0.14052793E-04   -0.12024109E-03   -0.80746819E-04    0.16886605E-03   -0.13017258E-03
 0.31470158E-04   -0.32478924E-04   -0.18336819E-03    0.13617741E-03   -0.28635298E-04
-0.21011959E-04   -0.38514185E-04    0.19181951E-03    0.27878273E-03   -0.46669312E-04
 0.23674354E-04   -0.35125357E-04   -0.10507972E-04   -0.28086348E-05   -0.15362529E-02
 0.80206509E-03   -0.38952257E-04    0.12970527E-03    0.80967471E-04   -0.43272743E-05
 0.91119981E-04    0.15186425E-04   -0.17738103E-03    0.17108540E-03   -0.43051293E-05
 0.82862675E-05    0.21479645E-03   -0.60526566E-04    0.10579496E-05    0.40454250E-04
-0.31854763E-02   -0.46670623E-03    0.29053524E-03   -0.17522797E-03   -0.13916927E-03
-0.33637444E-03    0.18426014E-03    0.69511599E-05   -0.29661118E-03    0.43148247E-02
 0.26820282E-03    0.25718572E-02    0.24805498E-03   -0.11114772E-02    0.17476287E-03
-0.11837213E-03    0.25340456E-03    0.12438522E-03   -0.28849689E-03   -0.11754121E-03
-0.29592767E-04   -0.24226664E-04    0.27680654E-04    0.73176274E-05   -0.57767618E-04
 0.90055740E-04   -0.29988381E-04    0.60822028E-04   -0.29482597E-04    0.39876435E-04
 0.10973805E-02   -0.35480491E-02    0.83494539E-05    0.30391238E-03   -0.25339202E-04
-0.24241632E-03   -0.29937928E-03   -0.19578557E-04   -0.14567109E-04    0.13481142E-03
-0.31889477E-03    0.18679756E-01   -0.62529598E-04    0.95928292E-04   -0.87075228E-05
 0.19908466E-03    0.13028794E-03    0.14163399E-03   -0.21067865E-03    0.10458426E-03
-0.28867536E-04   -0.12881472E-03    0.43922281E-04   -0.23911229E-03   -0.25582563E-04
 0.13674754E-04   -0.71243379E-04   -0.39890809E-03   -0.11697492E-03    0.22518086E-03
 0.44756878E-03   -0.48542678E-04    0.40565419E-04   -0.12645187E-03    0.47545897E-03
-0.10627259E-01    0.34574512E-03   -0.20875159E-03   -0.13874867E-04   -0.26157886E-03
 0.17068479E-04    0.91035189E-04    0.32435763E-03   -0.91638816E-04   -0.20206428E-04
 0.20852244E-03   -0.55752258E-04    0.21646592E-03    0.16837999E-03   -0.30629082E-04
 0.27864009E-02    0.41272508E-03    0.46947692E-04   -0.33498302E-04    0.25739430E-04
-0.68023012E-03   -0.16399510E-03   -0.33408607E-06    0.88005441E-03   -0.29727053E-03
 0.38925751E-01    0.46827570E-04    0.70326663E-03    0.81917058E-03   -0.49313534E-03
 0.10535380E-03   -0.64890046E-04   -0.24421588E-03    0.25216387E-04   -0.12253969E-03
-0.14647804E-04   -0.45993843E-04   -0.11272744E-04    0.18570748E-04   -0.45821972E-04
 0.11574982E-04    0.20533289E-05   -0.26701576E-04   -0.41467064E-05   -0.64260074E-05
-0.28976584E-03    0.47553902E-03   -0.18065503E-02   -0.82552994E-05    0.82788924E-04
-0.49802245E-04    0.10203783E-03    0.11230260E-03   -0.53497111E-04   -0.19435492E-04
-0.74096068E-04   -0.72571826E-04    0.18788867E-03    0.70832660E-03    0.34836273E-04
-0.12590507E-04    0.62862020E-04   -0.10364762E-04   -0.21620839E-04    0.58191508E-04
 0.10085616E-03    0.83690177E-04   -0.62183109E-04   -0.59046630E-04   -0.21506201E-04
-0.68832935E-04    0.75493001E-05   -0.36924494E-04   -0.11693696E-03    0.23711843E-04
-0.75059409E-04   -0.74353502E-04    0.89314034E-04    0.23162357E-04    0.10740125E-03
 0.12049825E-03   -0.39319034E-03   -0.11139571E-02   -0.14344211E-04    0.36224719E-04
 0.19615419E-04   -0.18572643E-05    0.44296833E-04   -0.38235859E-04   -0.86009225E-04
-0.87307808E-04    0.91098842E-04    0.10533234E-03   -0.44976901E-05    0.15337480E-03
-0.18336409E-04    0.14390825E-02    0.84315847E-04   -0.22119011E-04   -0.16922170E-03
 0.19223456E-03    0.34359552E-03   -0.13751498E-03   -0.47453863E-04    0.19792480E-03
-0.19911923E-03    0.20445644E-03    0.31875852E-02    0.14530192E-04   -0.63747685E-04
 0.31753568E-04    0.48924378E-04   -0.37328305E-05    0.19521497E-04    0.34449185E-04
 0.18074609E-04    0.37949843E-04   -0.27170536E-04    0.15967064E-05    0.11328385E-04
-0.20992594E-04    0.27104263E-04   -0.11155719E-05    0.17695130E-06    0.17655995E-04
 0.17096289E-04   -0.85493822E-04    0.17418347E-03   -0.56187473E-03    0.10727892E-02
-0.18170866E-04   -0.22761131E-04    0.22579866E-04   -0.30033231E-04   -0.21335349E-04
 0.11306792E-04   -0.35585665E-05    0.13146738E-04   -0.25749574E-04    0.48624186E-04
 0.59649793E-05    0.58312899E-04   -0.15776372E-04   -0.16517671E-04   -0.25868807E-04
 0.10035159E-04    0.18972222E-04    0.14755305E-05   -0.43675228E-05   -0.57596770E-04
-0.28830993E-04    0.85531365E-05   -0.37843341E-05   -0.38657892E-05    0.12797204E-04
 0.23086508E-04   -0.27344387E-04    0.17833756E-04    0.12182885E-04   -0.80384193E-05
 0.30653675E-05   -0.41016479E-04    0.17439655E-04    0.40547147E-04    0.39441516E-04
-0.93832036E-04    0.15158908E-04    0.51489877E-05    0.27835579E-04    0.18108578E-05
-0.19524742E-04    0.62877994E-05    0.13763761E-04    0.55746547E-04    0.56872656E-04
-0.26220495E-04   -0.18013723E-04    0.54644899E-05   -0.32799630E-03   -0.56316419E-04
-0.15390864E-06    0.90755566E-05   -0.25500059E-04   -0.46442067E-04    0.50754231E-05
-0.20024719E-05   -0.75652597E-04    0.86153524E-04    0.46155346E-04   -0.76722395E-04
 0.26712050E-03   -0.34305021E-04   -0.22469305E-03   -0.12285898E-03    0.23828084E-03
-0.10595026E-04    0.20853595E-04    0.26029130E-04   -0.62163496E-05    0.85109587E-04
 0.37087168E-05    0.12646459E-04   -0.12488951E-04   -0.92960838E-05   -0.13433087E-04
 0.57555187E-05   -0.17764460E-04    0.39846656E-04   -0.15264480E-05    0.83509299E-04
 0.20454644E-04   -0.32576113E-03    0.92105377E-03   -0.33771605E-04   -0.29306100E-04
-0.28090327E-04    0.36351791E-04    0.73153805E-05    0.23087907E-05   -0.10447190E-05
-0.43538469E-04   -0.56178706E-05   -0.15916589E-03   -0.12644995E-04   -0.24201222E-04
 0.38595137E-04    0.63519586E-05   -0.78988800E-06   -0.35612096E-04    0.66769595E-06
-0.43531782E-04   -0.15347368E-04    0.57129697E-05   -0.22686608E-04    0.45957411E-04
-0.34313322E-05   -0.50336123E-05    0.51868740E-04    0.41188345E-04    0.48813949E-04
-0.36445409E-04   -0.11833017E-04   -0.96434467E-05   -0.12745481E-05    0.51086258E-04
 0.12454187E-04    0.18623606E-03    0.62059214E-04    0.31070738E-04   -0.82103937E-04
-0.32346471E-04    0.58946273E-05    0.24044350E-04   -0.17384252E-04    0.62908608E-05
-0.40087797E-05   -0.56087485E-04    0.20594896E-04   -0.68911162E-04   -0.64691261E-05
 0.11438096E-04   -0.73529756E-03   -0.20576100E-03   -0.25205906E-04   -0.68141180E-04
 0.20058851E-04   -0.27312823E-04    0.23725981E-04   -0.30153949E-05   -0.24305837E-03
 0.79948351E-04   -0.26990230E-03   -0.11224312E-03   -0.17875725E-04    0.24691793E-03
-0.48054769E-05    0.72102342E-04   -0.31303741E-03    0.60151804E-04   -0.25339114E-04
-0.63716234E-05    0.54696575E-04    0.17877167E-04    0.48700838E-04    0.26694616E-04
 0.12488197E-04   -0.26385924E-04    0.53203069E-05   -0.19213338E-04    0.50957188E-04
-0.37182861E-04    0.80628422E-04   -0.94461426E-04   -0.65607639E-04    0.11954958E-03
-0.61024580E-03    0.77498814E-03   -0.51919499E-04    0.32730471E-04   -0.11447797E-03
-0.84429352E-04   -0.88092074E-04    0.17441182E-04   -0.20455410E-05   -0.90828106E-05
 0.65084778E-04    0.13145043E-03    0.30571717E-04   -0.17924555E-04    0.24176121E-04
 0.43875752E-03    0.41863168E-04   -0.21861719E-04    0.12644046E-03   -0.26904432E-04
-0.27768600E-04    0.25203926E-04   -0.46498890E-04   -0.15557975E-03   -0.32848518E-04
-0.17353975E-04    0.59704247E-04   -0.17935029E-04    0.15106156E-03    0.95856027E-04
 0.99576230E-04   -0.53629791E-04    0.34683368E-05    0.48386358E-04   -0.10200598E-03
-0.11258157E-03    0.78585690E-04    0.14074715E-04   -0.45281773E-04   -0.58633230E-03
-0.60494161E-04    0.57078482E-04   -0.99257303E-04    0.66752703E-04    0.87872576E-04
-0.26830193E-04    0.72146092E-04    0.21350933E-03    0.45539384E-04    0.19992764E-04
-0.20994282E-03   -0.10658528E-03   -0.85937527E-05   -0.85942241E-04   -0.23141421E-03
-0.28872649E-03    0.32770487E-04   -0.10189160E-04    0.11683778E-04    0.23665353E-03
-0.14304502E-03   -0.36827400E-04    0.27540480E-04    0.82011975E-04    0.13823584E-02
-0.44094259E-04    0.29824387E-03   -0.16889948E-03   -0.27609654E-03    0.56350838E-05
 0.11147451E-04    0.39217926E-06    0.69585758E-04   -0.13165602E-03    0.33602266E-04
 0.23957026E-04   -0.23242409E-04   -0.16554323E-05    0.53713808E-04   -0.18726252E-04
-0.57085355E-05   -0.22109038E-04    0.38691946E-04   -0.32593892E-03    0.42119133E-03
-0.95546104E-03    0.61115573E-03    0.51331629E-05    0.19849605E-04    0.71999324E-04
 0.45842481E-04    0.92029771E-04    0.21227247E-04   -0.21932133E-05   -0.28028419E-05
-0.17773941E-03    0.28060448E-03    0.44533348E-04   -0.18606764E-04   -0.43042406E-05
 0.50796616E-04    0.40735325E-03    0.28492545E-03    0.13482747E-04    0.12407650E-03
 0.12191783E-04   -0.27780093E-04    0.30375600E-04   -0.16698983E-03   -0.19614101E-04
 0.44666280E-05   -0.11748305E-04   -0.74120386E-04   -0.11488468E-03   -0.41032304E-04
-0.26568222E-04   -0.48677624E-05   -0.12515010E-05   -0.55982480E-04    0.13175166E-03
-0.12819180E-03    0.37552382E-04   -0.14301599E-04    0.10028315E-04   -0.48297361E-04
-0.57710174E-03   -0.34973647E-03    0.89876173E-04   -0.12066063E-03   -0.41178441E-04
 0.41896233E-04   -0.95903178E-04    0.12428371E-03    0.88675931E-04   -0.63508740E-05
 0.10815493E-02    0.18335967E-03   -0.11272138E-03    0.11620165E-03   -0.33595412E-05
 0.34557914E-04    0.48725687E-04   -0.11371982E-04    0.41908586E-03   -0.61771160E-04
 0.23448119E-03    0.33582538E-04   -0.34920371E-06   -0.26500224E-04    0.33804878E-04
 0.18918848E-02    0.29527712E-03   -0.11865597E-02   -0.44844565E-03    0.10478675E-02
-0.14338935E-03    0.10486980E-03    0.13580402E-03   -0.11772928E-04    0.34509588E-03
-0.11028360E-04    0.12587217E-04    0.28203782E-04   -0.39653859E-04   -0.18794807E-04
 0.93253884E-04   -0.53482596E-04    0.68192854E-04    0.10459290E-04    0.54928970E-05
-0.19464950E-03   -0.11235530E-02    0.35258130E-02    0.11285945E-04   -0.20129101E-03
-0.24587301E-04    0.89280516E-04    0.48989552E-04   -0.28788111E-04    0.91533119E-05
 0.58669863E-05    0.10068171E-03   -0.33475659E-03   -0.40165819E-04   -0.56142466E-04
-0.38486135E-04   -0.87887947E-04    0.26737955E-03    0.43711709E-03    0.10532883E-03
-0.54201755E-04   -0.66356121E-04   -0.15786842E-04   -0.97014347E-04   -0.63113388E-05
 0.42206858E-05   -0.11359369E-04    0.24783436E-04    0.23165020E-03    0.11329591E-03
-0.62076564E-04   -0.56548003E-04    0.55284780E-04   -0.14418408E-04    0.17377128E-03
-0.16877054E-03    0.66126810E-03    0.29566382E-04    0.90389899E-04    0.41948148E-04
 0.14859274E-03   -0.31221036E-03   -0.56841502E-03   -0.11815746E-03    0.74781702E-04
 0.14291618E-03    0.21125804E-04    0.13222392E-03    0.31656416E-04   -0.27860310E-04
 0.28155359E-04   -0.34098803E-02   -0.47230297E-03    0.10643383E-03   -0.79740072E-04
-0.20546044E-03   -0.34022627E-03    0.23094786E-04   -0.13037028E-05   -0.72770612E-03
 0.57001353E-03   -0.24298132E-03   -0.25768022E-03    0.28915256E-04    0.89814378E-04
 0.59193890E-04    0.66099559E-03    0.18725743E-02    0.43629988E-03   -0.11622751E-02
-0.16828351E-03    0.10997994E-02   -0.12373604E-03    0.75715697E-04    0.80927701E-04
-0.66062937E-04    0.18190439E-03   -0.76845265E-04    0.17815730E-04    0.36437699E-04
-0.26289819E-04   -0.16511017E-04    0.24611935E-04   -0.59261621E-04    0.58715914E-04
 0.57313740E-04   -0.42353881E-03    0.43828023E-03   -0.24645352E-02    0.50369545E-02
-0.64687692E-04   -0.13208647E-03   -0.69262742E-04   -0.24191187E-05   -0.10216578E-03
-0.97827303E-06    0.46249919E-05    0.29292014E-04    0.22982288E-03   -0.43823037E-03
 0.89953695E-04   -0.34700796E-04   -0.40892367E-04    0.59885502E-04    0.67215833E-04
-0.18020898E-04    0.76589712E-03   -0.12493877E-03    0.38004821E-04    0.41925457E-04
-0.41450806E-04    0.18514101E-04    0.73995385E-05   -0.21140981E-04    0.12577934E-03
 0.20335598E-03    0.97382529E-04   -0.23335644E-04    0.32405262E-04    0.80625732E-05
-0.50696494E-05    0.26474151E-04   -0.16815441E-03    0.70657993E-03   -0.19464515E-03
 0.79318059E-04    0.38638470E-04   -0.21138060E-04    0.38055652E-04    0.78986515E-04
-0.10821211E-02    0.10644585E-03   -0.16033719E-04   -0.34441012E-04    0.29419224E-04
-0.33962982E-04   -0.50012521E-04    0.39609566E-04   -0.26179305E-02   -0.59074965E-03
 0.14073415E-03   -0.39837306E-04   -0.18588453E-03   -0.24212449E-03    0.97748949E-04
-0.78938591E-05   -0.48190433E-03    0.44401021E-03   -0.55976417E-03    0.21767112E-03
 0.42267068E-04    0.83175745E-04    0.32433996E-03   -0.47161719E-04    0.46808440E-03
 0.25955950E-02    0.42646450E-03   -0.13224821E-02   -0.14962579E-03    0.14745391E-02
-0.15233788E-03    0.10240047E-03    0.97562984E-04   -0.89107803E-05    0.48469875E-03
 0.49282720E-04    0.19590059E-04   -0.77184592E-04   -0.68887325E-04   -0.35766967E-04
 0.78365766E-04   -0.13046079E-04    0.94555912E-04    0.60056499E-04    0.15589486E-03
-0.27787662E-03   -0.74066726E-03    0.40090589E-02    0.27061165E-04   -0.23776721E-03
-0.59631614E-04    0.11691251E-03    0.10184826E-03   -0.56250775E-04    0.99893333E-05
 0.15836881E-04    0.22292707E-03   -0.66054182E-03   -0.98875989E-05   -0.52563241E-04
-0.43533584E-04   -0.96787516E-04    0.95692786E-04    0.32561214E-04    0.10344597E-03
 0.35982418E-03    0.12226590E-03   -0.92694998E-04   -0.15234143E-03    0.36111270E-04
 0.53775383E-05   -0.12715370E-04    0.30710608E-05    0.34120962E-03    0.10889756E-03
-0.12361474E-03   -0.13502058E-03    0.93858216E-04   -0.16541164E-04    0.44035830E-04
-0.22565661E-03    0.82551067E-03   -0.10809873E-03    0.10289862E-03    0.39626153E-04
 0.17836543E-03   -0.52140375E-04   -0.57438739E-05   -0.27996064E-03   -0.54080642E-03
-0.76539828E-04    0.72907837E-04    0.18381252E-03   -0.75847134E-04   -0.26495503E-04
 0.31652690E-04   -0.47498202E-02   -0.56786056E-03    0.27090189E-03   -0.14933467E-03
-0.18693657E-03   -0.18904609E-03   -0.86342899E-04    0.12261422E-04   -0.11752584E-02
 0.79071923E-03   -0.73505589E-03   -0.28803970E-03    0.75784828E-04    0.20278591E-03
 0.12406378E-03   -0.15855237E-03    0.80673402E-03    0.59593530E-03    0.26646572E-02
-0.38855704E-03    0.21858721E-03    0.33825929E-03   -0.28981114E-03    0.48969899E-04
-0.55331414E-04   -0.24629838E-03   -0.57110709E-04   -0.96617239E-06    0.27313879E-04
-0.48383342E-04   -0.35549646E-04    0.12642357E-04   -0.46545734E-04    0.85548835E-04
-0.77459500E-04    0.13778180E-03   -0.19895720E-03   -0.75039352E-04    0.26663613E-03
-0.20079309E-03   -0.95569408E-04   -0.23384414E-04   -0.42775187E-04    0.42321156E-04
 0.28564571E-04   -0.51108178E-04   -0.36117781E-04   -0.19092991E-05    0.73197461E-04
-0.44039101E-05   -0.11142616E-03    0.92593911E-04    0.14020411E-04    0.18810726E-05
 0.12186833E-04    0.30130906E-04   -0.12289994E-04    0.32063926E-04    0.14015266E-03
 0.48376871E-03    0.15455976E-04    0.52214901E-04    0.88729342E-05   -0.72335550E-05
-0.25970734E-05    0.15655854E-04    0.30735406E-04   -0.38342532E-04   -0.29942557E-04
 0.86281777E-04   -0.59259823E-05   -0.18913420E-06   -0.21915820E-04   -0.99680186E-05
-0.15049817E-04    0.26646722E-05   -0.20439283E-04   -0.18623221E-04    0.10075086E-04
-0.43036745E-04    0.41805442E-04   -0.13051483E-04   -0.19348768E-03   -0.58114222E-03
-0.51618887E-04    0.79695727E-05   -0.56794047E-04    0.30932448E-04   -0.15801606E-05
 0.44611920E-03    0.53363492E-04   -0.11078171E-03    0.43246674E-04   -0.80503061E-04
-0.17517956E-03   -0.33977310E-04   -0.27597724E-05    0.24464325E-03    0.35439065E-04
 0.93941002E-04    0.10749634E-03   -0.12987670E-04    0.11314636E-04    0.37272644E-04
-0.22828023E-04   -0.27318482E-04    0.31403320E-04    0.35501716E-03    0.18973597E-02
 0.82366089E-03   -0.19798105E-02   -0.49222519E-03    0.21472130E-02   -0.23895075E-03
 0.15261106E-03    0.23732280E-03   -0.36052749E-04    0.56513326E-03   -0.33600358E-04
 0.49802915E-04    0.20579455E-04   -0.98008442E-04   -0.61862179E-04    0.14891780E-03
-0.35750446E-04    0.43080359E-04    0.10858808E-03    0.43368338E-03   -0.78169217E-03
-0.12143236E-02    0.50988845E-02    0.18922798E-05   -0.20767929E-03   -0.27199716E-03
 0.10053154E-03   -0.12818668E-03    0.66163167E-05    0.76434226E-05   -0.15697780E-03
 0.27220447E-03   -0.86034003E-03   -0.84711925E-04   -0.14939708E-03   -0.32617962E-04
-0.71431781E-04    0.54889838E-04   -0.94393579E-04    0.21581964E-03   -0.32557791E-03
-0.13733315E-04    0.93273017E-03   -0.29630819E-04    0.48925189E-05   -0.84314909E-05
-0.20242157E-04    0.77123340E-04    0.29877051E-03    0.53281330E-03   -0.43982749E-04
 0.11002813E-03    0.54623941E-04   -0.20057731E-04    0.32873789E-03   -0.31700470E-03
 0.11361077E-02   -0.47276245E-04    0.21437806E-03    0.90268037E-05    0.86576894E-04
 0.35736486E-04    0.13389566E-03   -0.38787710E-03    0.31792731E-03    0.61403054E-04
-0.96276841E-03    0.66573443E-04    0.53668943E-04    0.14726980E-06    0.47090236E-04
-0.58042031E-02   -0.77504050E-03    0.45856752E-03   -0.26444329E-03   -0.22868511E-03
-0.62375542E-03    0.12822126E-03    0.47379405E-06   -0.14453061E-02    0.82876150E-03
-0.86196401E-03   -0.47001921E-03    0.46257977E-04    0.21700561E-03    0.47873854E-04
-0.19247291E-03    0.89112852E-03    0.77503138E-03    0.10669167E-02   -0.37131915E-04
 0.43860025E-02    0.62796913E-03   -0.57307509E-03   -0.42363553E-03    0.10646999E-02
-0.12268646E-03    0.67240509E-04    0.29202458E-03    0.76225791E-04    0.28257564E-03
-0.95729091E-05    0.14322231E-04   -0.98243251E-05   -0.59767348E-04   -0.17771756E-04
 0.29386997E-04   -0.80566885E-06    0.44988785E-04    0.42930021E-04   -0.66161405E-04
-0.55046647E-04   -0.84812289E-03    0.27697825E-02    0.40308780E-04   -0.58488404E-04
-0.84457892E-04   -0.25812779E-05   -0.13205752E-04    0.20787621E-04    0.72903576E-05
-0.40837506E-04    0.91072148E-04   -0.33859674E-03   -0.15380289E-03   -0.60916725E-04
-0.10752824E-04   -0.77501513E-04    0.31390322E-04    0.13032231E-04    0.13412709E-03
-0.10095019E-03    0.41465372E-05    0.19108233E-03    0.35512911E-03   -0.10022010E-04
-0.45031296E-04   -0.29148064E-05   -0.32219330E-04    0.49744294E-04    0.23660803E-03
 0.16695860E-04   -0.57283933E-04   -0.94509943E-05   -0.10397937E-04    0.58883837E-04
-0.72649961E-04    0.31991886E-03    0.15681051E-03    0.10734542E-03    0.14226176E-04
 0.11135393E-03   -0.66325405E-04   -0.23436459E-04   -0.29396490E-03    0.13319145E-03
 0.15273665E-03   -0.22563823E-03   -0.45092354E-03    0.12249821E-03    0.83140687E-05
 0.78329622E-05   -0.28979303E-02   -0.31554286E-03    0.21429028E-03   -0.69427815E-04
-0.21748813E-04   -0.30551169E-03    0.56126031E-04    0.42392696E-05   -0.64503463E-03
 0.44920947E-03   -0.83301087E-03   -0.40127104E-03    0.36145397E-04    0.11615059E-03
-0.24305945E-03   -0.11154241E-03    0.49494211E-03    0.35723038E-03    0.60818900E-03
-0.88462683E-04    0.12188119E-02    0.20513619E-02   -0.72186601E-03    0.39492314E-03
 0.58641110E-03   -0.80916502E-03    0.10628871E-03   -0.66703953E-04   -0.25929734E-03
-0.80324223E-05   -0.24513912E-03   -0.56843189E-04    0.53526066E-05   -0.75595346E-05
 0.16453053E-04    0.92195023E-05   -0.57244380E-04   -0.54734308E-04   -0.25009554E-05
-0.12511996E-03   -0.48336289E-03    0.10199394E-02   -0.15562098E-02    0.57930257E-03
 0.54515252E-05    0.67319849E-04    0.37044280E-03    0.22041669E-04   -0.88221656E-04
 0.23958649E-04   -0.13267924E-04    0.47770281E-04    0.88112314E-05   -0.78865331E-05
 0.64846054E-04    0.33999179E-04    0.35911015E-04   -0.11006324E-03   -0.13850460E-03
-0.10085316E-03   -0.92469004E-04    0.20222568E-04    0.27414346E-04   -0.16023241E-03
 0.82254193E-05    0.65738577E-03    0.23293531E-04    0.12437463E-04   -0.46257447E-04
-0.75298303E-04   -0.58883466E-03   -0.17502359E-04    0.15434419E-03   -0.32148148E-04
 0.11111546E-04   -0.17396995E-03    0.11634283E-04    0.45889830E-04    0.15563162E-03
-0.78510472E-04   -0.94732467E-04    0.16067282E-03    0.11467734E-03    0.47067326E-04
 0.15804969E-03   -0.16980998E-03   -0.19059747E-03    0.10427920E-03    0.15060091E-04
-0.95649422E-03   -0.46357876E-04   -0.17848069E-04    0.23285884E-02    0.16094844E-03
 0.91805374E-04    0.76442584E-03    0.25958095E-03    0.14401019E-03    0.63000094E-04
-0.25654388E-04    0.51627850E-03   -0.38113075E-03   -0.38546834E-04    0.26692697E-03
-0.41046582E-04    0.19899839E-03   -0.21809782E-03    0.19421907E-04   -0.49841787E-03
-0.32103024E-03   -0.66382635E-03   -0.45991414E-04   -0.64708604E-03   -0.27456516E-03
 0.24438400E-02    0.39678514E-05   -0.27892586E-03   -0.11413936E-04    0.23053263E-03
-0.71901156E-05    0.12422261E-04    0.32844822E-04   -0.28736154E-04    0.65969043E-04
-0.80577462E-05    0.76590405E-05    0.68722168E-05   -0.20641349E-04    0.11351582E-04
-0.13871697E-04   -0.33332220E-05    0.10993501E-05    0.35668234E-05    0.73042918E-04
 0.31779536E-04   -0.14228356E-03    0.65159739E-03    0.84635689E-05   -0.39848036E-04
-0.13520558E-04    0.53746315E-04   -0.15949743E-05   -0.46301618E-05    0.45663264E-06
-0.19615247E-04   -0.50672623E-05   -0.17031493E-03   -0.39435455E-04   -0.18185389E-04
-0.35950960E-05   -0.43359704E-04   -0.17804046E-04   -0.19005956E-04    0.23201743E-04
-0.32528060E-04   -0.50681165E-05   -0.21714660E-05   -0.65760018E-04    0.36725255E-04
 0.35715865E-04   -0.85765103E-06   -0.12884087E-04    0.55956827E-04    0.69528276E-05
-0.66691155E-04   -0.24742169E-04   -0.15538898E-04    0.34396243E-05   -0.17016801E-04
-0.16250354E-04    0.29177784E-03    0.89263465E-04    0.71507681E-05    0.66369030E-05
 0.45454870E-04    0.84955107E-04    0.35581483E-04   -0.72069845E-04    0.53848070E-05
 0.17874944E-04    0.36393679E-04    0.38205694E-04   -0.38139862E-04   -0.18460451E-03
 0.62467834E-05   -0.70211827E-03   -0.45810245E-04    0.65784772E-04   -0.23951905E-05
 0.33012100E-04   -0.64838978E-04    0.34631913E-05   -0.75902408E-05   -0.19224003E-03
 0.13639476E-03   -0.21362967E-03   -0.15946448E-03    0.20680193E-04    0.33039979E-04
-0.17568856E-04   -0.16632471E-03    0.10257644E-03    0.82490658E-04    0.18625644E-03
-0.38025143E-04    0.11629496E-03    0.56061702E-04   -0.32704914E-04    0.50803955E-03
 0.95165424E-06    0.71702093E-04    0.23048435E-04   -0.30073905E-04    0.19376303E-05
-0.41294236E-05   -0.25372903E-05    0.25347653E-05   -0.55795254E-05   -0.25153415E-05
-0.15058853E-05    0.48111911E-05   -0.13991759E-05    0.64892852E-06   -0.45172667E-05
 0.78755970E-05   -0.76873552E-05    0.51311937E-05   -0.89617239E-05    0.52068111E-05
-0.37110742E-06   -0.50677189E-04    0.45539843E-05    0.63274831E-05    0.63382998E-06
-0.75187556E-05   -0.69737410E-05    0.67737057E-06    0.26220281E-06   -0.36337267E-05
-0.13204410E-04    0.15290264E-04    0.54901115E-05   -0.18079937E-06   -0.49246314E-05
-0.14174727E-04   -0.24926491E-05   -0.45434940E-05   -0.14864772E-04    0.40927484E-05
-0.35003366E-05   -0.78004830E-06    0.70349956E-05    0.16176367E-05    0.29391133E-06
 0.77247246E-05   -0.71361942E-05   -0.11955930E-04   -0.45659678E-06    0.71586256E-05
 0.71968713E-05    0.61703540E-06   -0.49854132E-06   -0.44786098E-05    0.18003628E-04
-0.22723518E-04   -0.79750975E-05   -0.12820469E-05    0.63072697E-05    0.17871634E-04
 0.42046544E-05    0.85890842E-05    0.23010711E-04   -0.16144064E-05    0.21234530E-05
 0.76063516E-05   -0.11026542E-04   -0.69018438E-05    0.38140522E-05   -0.93553434E-05
 0.68313786E-04    0.20850328E-04   -0.45145402E-05   -0.47481583E-05    0.46571553E-05
 0.84039961E-05   -0.36014712E-06    0.15281451E-05    0.18917453E-04   -0.21155345E-04
 0.14190563E-04    0.67801075E-05   -0.64833494E-05   -0.15589356E-04   -0.56374034E-04
 0.99089029E-06   -0.84489493E-05   -0.31741611E-04   -0.32107514E-04   -0.13804531E-04
-0.15493545E-04    0.21649464E-06    0.19911309E-04   -0.38252240E-05    0.15108506E-04
-0.11885903E-02   -0.55828468E-02   -0.11999996E-02    0.50325150E-02   -0.39240899E-03
 0.18174724E-03   -0.66885276E-03   -0.87293216E-03    0.48352992E-02    0.27126314E-02
-0.25609061E-03   -0.24578686E-04   -0.23759083E-03   -0.86458783E-03    0.11534453E-02
-0.93379844E-04    0.14560040E-02    0.14006040E-02    0.10773590E-02   -0.19154742E-02
-0.34376248E-02    0.20577998E-01    0.60072254E-05   -0.61771803E-03   -0.40825265E-03
 0.36812399E-03   -0.78830126E-03    0.21020758E-04    0.15653923E-04   -0.16545091E-03
 0.97368769E-03   -0.30420397E-02   -0.89903359E-04   -0.40339653E-03   -0.12408119E-04
-0.91768955E-04   -0.51978926E-04   -0.43161425E-03    0.40107515E-03   -0.58900583E-03
 0.15363407E-03    0.18907357E-03   -0.36721948E-03    0.65343732E-03    0.38747523E-04
-0.29780178E-04    0.14239833E-03    0.74984194E-03    0.92814017E-03   -0.50405924E-03
 0.63885689E-03    0.13080458E-03   -0.87128190E-04    0.10158138E-02   -0.89259797E-03
 0.40863134E-02   -0.41687953E-03    0.68919180E-03   -0.49099684E-04    0.21515475E-03
 0.69681391E-03    0.68789125E-03   -0.73725663E-03    0.32944353E-03    0.89754514E-03
-0.63600596E-03    0.81365153E-03   -0.36736868E-03   -0.37407325E-03    0.85607659E-04
-0.29429616E-01   -0.40570600E-02    0.21675128E-02   -0.95914564E-03   -0.13391631E-02
-0.29112595E-02    0.23083726E-03   -0.16243005E-05   -0.69719179E-02    0.44831164E-02
-0.39557005E-02   -0.19656063E-02    0.35081446E-03    0.11324509E-02    0.64000364E-03
-0.16816057E-02    0.49025687E-02    0.33849137E-02    0.70213390E-02   -0.83973429E-04
 0.82139692E-02    0.41249164E-02   -0.33276792E-02    0.92818668E-03   -0.76608358E-04
 0.68036391E-01   -0.16397290E-03    0.13335530E-01    0.46225558E-02   -0.15097122E-01
 0.11155749E-02   -0.88958859E-03   -0.14873608E-02    0.49478225E-03   -0.10990216E-01
 0.23809725E-02    0.76670400E-04   -0.65487898E-03    0.60269757E-03    0.59610887E-03
-0.36598627E-02    0.51682370E-03   -0.41216561E-02    0.13467464E-02   -0.38568280E-02
 0.57625979E-02    0.91425039E-02   -0.89657528E-01   -0.19800437E-03    0.14520611E-02
 0.86563454E-03   -0.99935279E-03    0.55444384E-03    0.93726905E-04   -0.67742333E-04
 0.75596565E-03   -0.19255537E-02    0.68884706E-02    0.18038939E-04    0.10065182E-02
 0.11531190E-03    0.72981656E-03    0.83725011E-03    0.15794881E-02   -0.45974289E-03
 0.12303579E-02    0.41355413E-03   -0.17739545E-03    0.15538698E-02   -0.12834612E-02
-0.12114918E-03    0.99760749E-04    0.80676153E-05   -0.19632727E-02   -0.24354151E-02
-0.87237626E-06   -0.10521241E-02   -0.34539149E-03    0.12411531E-03   -0.16338662E-02
 0.17794690E-02   -0.97289289E-02    0.40461063E-03   -0.16621228E-02    0.21913131E-03
-0.13638558E-03   -0.19827457E-02   -0.12052314E-02    0.13759455E-02   -0.75816875E-03
-0.66478062E-03    0.14221741E-02   -0.13812907E-02    0.16922977E-03    0.41711370E-03
-0.25759249E-03    0.68223411E-01    0.93787600E-02   -0.50522863E-02    0.15484896E-02
 0.25276066E-02    0.62988205E-02   -0.52010005E-03   -0.78235209E-04    0.17667493E-01
-0.10311912E-01    0.91868573E-02    0.54699568E-02   -0.10465608E-02   -0.27649498E-02
-0.16444061E-02    0.34486543E-02   -0.10977179E-01   -0.78945988E-02   -0.15964691E-01
 0.13371735E-02   -0.18788606E-01   -0.90234218E-02    0.74863702E-02   -0.21149051E-02
 0.27004726E-03   -0.11348030E+00    0.35331894E+00   -0.28253699E-02    0.49339657E-03
-0.13722329E-02   -0.10965167E-02    0.19343927E-03   -0.31375955E-03   -0.75023782E-03
-0.86258965E-03    0.16049666E-02    0.79238917E-02   -0.35422832E-03   -0.26894711E-03
 0.18627138E-03   -0.13659045E-02    0.25112316E-03    0.49700633E-03    0.10122650E-02
 0.46099320E-02   -0.40196373E-03    0.36426485E-03   -0.36714028E-03   -0.17556438E-01
-0.85303551E-04   -0.62935139E-04    0.61328036E-04    0.38736848E-03   -0.46518323E-03
 0.36473155E-04    0.16306842E-04    0.20443946E-03    0.31931870E-03   -0.63547814E-03
-0.39449867E-04   -0.18702481E-03    0.69882918E-04    0.75927247E-03   -0.89554507E-05
 0.25404329E-04    0.16986033E-03   -0.46570739E-04    0.29181927E-03   -0.12674551E-03
 0.31070442E-03   -0.14049457E-03    0.46919845E-04    0.19473941E-04    0.84728963E-04
 0.31378142E-04    0.66393773E-04   -0.54840887E-03    0.67286319E-03   -0.85908006E-04
-0.67665608E-04    0.85841949E-03   -0.21276677E-04   -0.18847162E-03    0.86652695E-04
 0.27784645E-03   -0.20048910E-03   -0.57194068E-03   -0.26537177E-03    0.14516555E-03
 0.26274145E-03   -0.19853825E-03    0.11181172E-02   -0.35610726E-03    0.12136859E-04
 0.94683742E-04   -0.23949552E-03   -0.38168217E-04   -0.54424993E-02   -0.70516462E-03
 0.25822599E-03   -0.68360632E-03   -0.60934533E-03   -0.11028219E-02    0.19041066E-03
-0.32064497E-05   -0.56919487E-03    0.10216855E-02   -0.11140730E-02   -0.44873069E-03
-0.12349715E-03    0.32915613E-03    0.41736754E-03   -0.44329228E-03    0.10466086E-02
 0.17998494E-03    0.17820035E-02    0.47852417E-03    0.19736641E-02    0.95937109E-03
-0.99397085E-03    0.74296155E-04    0.50711323E-05    0.43865759E-01   -0.41080340E-02
 0.89079914E-01   -0.98202143E-03   -0.13618821E-02   -0.93695735E-03    0.90281729E-03
 0.23665513E-04    0.52142472E-05   -0.12376493E-03   -0.46731013E-03    0.12130545E-02
 0.17088406E-02   -0.90430906E-04    0.13527706E-04   -0.41163311E-04   -0.35449070E-03
 0.21961684E-03   -0.38297351E-04    0.58787805E-03    0.96282395E-03    0.32514280E-03
-0.33947878E-03   -0.39332505E-03    0.69949440E-03   -0.22694717E-03   -0.13609868E-03
-0.11654732E-03    0.23464152E-03   -0.16407490E-03    0.51379181E-05    0.59567967E-05
-0.12029967E-04    0.30428683E-03   -0.66627851E-03   -0.57009448E-04   -0.76438116E-04
-0.18482664E-05    0.88286855E-04   -0.45320095E-04   -0.10219467E-03    0.84920191E-04
-0.20228514E-03    0.77450701E-04   -0.16635343E-03   -0.20204482E-03    0.11115282E-03
 0.20184771E-05   -0.92171265E-05    0.38388373E-03    0.15563632E-03    0.23266678E-03
-0.23276958E-03    0.15403804E-03    0.25334666E-04   -0.30739424E-04    0.42004618E-03
-0.16439985E-03    0.11420591E-02   -0.77752653E-04    0.19819168E-03   -0.14915627E-03
-0.99495710E-04    0.10332714E-03    0.64556654E-04   -0.21119294E-03    0.63098485E-04
 0.32257556E-03   -0.11460895E-03    0.31979502E-03   -0.15771008E-03   -0.70847933E-04
 0.35623241E-04   -0.66471056E-02   -0.21283859E-02    0.65175844E-03   -0.38937516E-03
-0.25407861E-03   -0.67623500E-03    0.57802000E-04   -0.12062263E-04   -0.16478802E-02
 0.10169459E-02   -0.91890123E-03   -0.27780455E-03    0.76463087E-04    0.42453139E-03
 0.22308827E-03   -0.49847972E-03    0.10864397E-02    0.97586476E-03    0.15051803E-02
 0.53005289E-04    0.19181973E-02    0.79833023E-03   -0.47984238E-03    0.93604627E-04
-0.29964118E-04    0.19754693E-01   -0.24447944E-01    0.21477740E-01    0.10423110E-01
-0.78749992E-04    0.20783248E-03    0.68670022E-03   -0.78497274E-03    0.50806474E-04
-0.53300089E-04   -0.32642250E-03    0.20267155E-04   -0.52829532E-03    0.65713822E-03
 0.66676419E-06   -0.55039948E-04    0.96290432E-04   -0.87342821E-04   -0.16729697E-03
 0.97775532E-05   -0.41376766E-04    0.28036704E-03    0.97287131E-04   -0.30357246E-04
 0.87997721E-03   -0.69454594E-02    0.68807743E-04   -0.33140435E-03    0.97070207E-04
-0.44858315E-04   -0.68322019E-04   -0.78479080E-04    0.13620086E-04    0.68005761E-04
-0.68088207E-04    0.14591826E-03    0.16401463E-04    0.50367222E-04   -0.47928864E-04
 0.53180187E-04    0.84873293E-04    0.13687610E-03    0.40325213E-04    0.82442895E-04
 0.47715894E-04   -0.41821251E-04   -0.60240276E-05   -0.17215847E-03   -0.86202302E-06
-0.69694759E-05   -0.20153785E-03    0.62549370E-03   -0.20468932E-03   -0.52579263E-05
 0.97063140E-04    0.39527012E-04   -0.13386653E-04    0.72321512E-04    0.73500754E-04
-0.32668696E-03    0.19986022E-04   -0.93560619E-04    0.10657740E-03   -0.18505975E-04
-0.19357587E-03   -0.10415281E-03    0.83732341E-04   -0.16105049E-03   -0.43981543E-04
 0.51418740E-05    0.11793549E-04    0.21924226E-03    0.23024491E-05    0.11139338E-04
 0.33028962E-02    0.58701542E-03   -0.21400651E-02    0.40715258E-04    0.18145017E-03
 0.11970174E-03   -0.12158938E-03    0.77792909E-05    0.83438576E-03   -0.57010862E-03
 0.78901460E-05    0.11579661E-03    0.40248121E-05    0.10644464E-04    0.87767222E-05
 0.23611361E-03   -0.33954471E-03   -0.31822397E-03   -0.54110727E-03    0.22395616E-03
-0.98821776E-03   -0.40039169E-03   -0.19789907E-04   -0.11488024E-03    0.81987811E-05
-0.39878989E-02    0.17307670E-01    0.50976747E-02   -0.57770540E-03    0.64349638E-02
 0.73722351E-04   -0.59233368E-04    0.20261262E-03    0.62640620E-03   -0.29795274E-04
-0.70340198E-05   -0.10793024E-03   -0.15257344E-03    0.79569051E-03    0.13254421E-02
-0.25056701E-04    0.70879163E-05   -0.18468785E-04   -0.33307442E-03    0.24125017E-03
 0.97547351E-04    0.34849444E-03    0.63168006E-03    0.53975868E-03   -0.10312833E-02
 0.15831108E-02   -0.55779298E-02   -0.71673186E-04   -0.93718244E-04   -0.53184255E-03
 0.86094102E-04   -0.22460917E-03    0.43776980E-04   -0.46991622E-05   -0.15259164E-03
 0.27091748E-03   -0.11389783E-03   -0.97283346E-05   -0.10877873E-03    0.19662817E-04
 0.17806674E-03   -0.74843720E-04   -0.81386080E-04    0.10459865E-03   -0.14944720E-03
 0.78373704E-04    0.12408531E-03   -0.34189679E-04   -0.26875890E-03   -0.51060444E-05
 0.16254960E-05    0.74913878E-04    0.27761360E-04    0.10199359E-02   -0.15438419E-03
 0.31998817E-03    0.44536945E-05   -0.11601306E-04    0.49154792E-03   -0.33030045E-03
 0.38279703E-03   -0.13527925E-03    0.13548120E-03   -0.89248304E-04   -0.19324317E-03
 0.93225304E-04    0.17208639E-03    0.49946124E-04    0.23652730E-03    0.27697314E-03
-0.39392918E-03    0.15505851E-04    0.38114865E-03   -0.16234597E-04   -0.82291787E-05
-0.39074592E-02   -0.66715918E-03    0.24741683E-03   -0.22608666E-02   -0.36510767E-03
-0.56495536E-03   -0.38691382E-04   -0.11469101E-04   -0.96820874E-03    0.87082998E-03
-0.36063568E-03    0.26730063E-04   -0.10098093E-04    0.23041550E-03    0.30791273E-03
-0.38799253E-03    0.68659561E-03    0.35805251E-03    0.95643028E-03    0.40250303E-05
 0.12889261E-02    0.60026690E-03   -0.14434710E-02    0.86953697E-04   -0.22538044E-05
 0.12910106E-01   -0.14734070E-01    0.16094571E-01    0.54288969E-02   -0.53293366E-04
 0.92082871E-02    0.21018577E-03   -0.12321032E-02   -0.38361528E-03    0.16941158E-02
-0.97163621E-04    0.27400874E-04    0.39567274E-04   -0.91566177E-04    0.16969104E-02
 0.30060864E-03   -0.93215379E-04    0.45625156E-04   -0.67927013E-04   -0.18418165E-03
 0.71672197E-03    0.26960398E-04    0.63442930E-03   -0.44818334E-04    0.24879226E-03
-0.70248451E-03   -0.10804571E-02    0.97383602E-02   -0.84061921E-05   -0.20321104E-03
-0.11731778E-03   -0.33819117E-03   -0.35373734E-03    0.56383502E-04    0.19671160E-04
 0.16947534E-03    0.30141346E-03   -0.52257683E-03   -0.12909855E-03   -0.10215694E-03
-0.25416213E-04    0.11370203E-03   -0.20780820E-03   -0.29243453E-03    0.19879800E-03
-0.22211903E-03   -0.12013616E-03   -0.14342446E-03   -0.19698174E-03    0.10687216E-03
-0.19704194E-04   -0.68586671E-05   -0.33312461E-04    0.21745838E-03    0.30470804E-03
 0.62195824E-03    0.50000579E-03   -0.28052501E-04   -0.35779981E-04    0.10036699E-03
-0.27159845E-03    0.87561593E-03   -0.93966200E-04    0.20546527E-03    0.16825110E-04
-0.16098085E-03    0.49192997E-03    0.41634352E-03   -0.20426576E-03    0.19040920E-03
 0.24828228E-03   -0.98074932E-04    0.21884213E-03   -0.61184625E-04    0.14841572E-04
 0.13547735E-04   -0.97040061E-02   -0.12660056E-02    0.77886539E-03   -0.40370378E-03
-0.23313498E-02   -0.18713257E-02    0.24350244E-03    0.18408107E-04   -0.24729904E-02
 0.16504303E-02   -0.11029048E-02   -0.81829220E-03    0.10364797E-03    0.31783888E-03
 0.61404974E-03   -0.47262016E-03    0.16996920E-02    0.12905948E-02    0.22662089E-02
 0.36288277E-05    0.26508442E-02    0.11873928E-02   -0.13302289E-02    0.19546135E-03
-0.34537172E-04    0.19568988E-01   -0.48539728E-01    0.76027837E-02    0.49912193E-02
-0.22325224E-02    0.38502345E-02    0.12598337E-01    0.35108404E-03   -0.37216818E-03
 0.76682937E-03    0.41130205E-03    0.26211380E-04    0.20247814E-04   -0.74805283E-04
 0.59299061E-04    0.15301026E-04   -0.18442323E-02    0.54487597E-04    0.11524809E-03
-0.68781052E-04    0.26950546E-03    0.27817454E-04   -0.23833291E-03   -0.31312080E-04
-0.11896497E-02    0.19978775E-03   -0.27447097E-03    0.13689788E-03    0.44347878E-02
-0.70899886E-05   -0.14472342E-03   -0.15075485E-03   -0.31068909E-03   -0.61585552E-03
 0.67358387E-04   -0.12120936E-04   -0.54104483E-05    0.73285547E-04    0.36783928E-03
 0.14659215E-04    0.33457925E-04   -0.19859232E-04   -0.42256872E-05   -0.17417870E-03
-0.19493494E-03    0.13263713E-03   -0.31952217E-03   -0.43617148E-04    0.28210136E-04
-0.15143286E-03    0.10962425E-03    0.11141502E-04    0.26772094E-05   -0.71951222E-04
 0.12771823E-03    0.15739441E-03    0.41917901E-03    0.89748146E-03   -0.42165173E-04
 0.12596508E-04   -0.14402902E-03   -0.10055058E-03   -0.39060448E-04    0.36948595E-05
-0.65015216E-04    0.68312381E-04   -0.19395290E-04    0.20108667E-03    0.21131746E-03
-0.16489732E-03    0.35789666E-03   -0.38267873E-03   -0.96741884E-04    0.18385658E-03
-0.25274229E-04   -0.26059239E-04   -0.83833605E-06   -0.48852415E-03    0.19042532E-04
-0.44636468E-04    0.17595119E-04   -0.85637690E-03   -0.27534525E-02    0.13465265E-03
 0.12452222E-05   -0.26465015E-03    0.20810338E-03    0.13995036E-02   -0.14066210E-03
 0.51426414E-04   -0.82293710E-04    0.38683076E-03   -0.62131297E-04    0.44412430E-04
 0.13695541E-03   -0.37603774E-03    0.27149005E-03    0.46102017E-04    0.51005584E-04
 0.49490137E-04    0.47424998E-04   -0.73315195E-05   -0.63247020E-02   -0.54071618E-02
-0.18871755E-01   -0.41501300E-02   -0.12988878E-02   -0.27787043E-02    0.17562100E-02
 0.11584475E-01    0.12301873E-03    0.34090039E-03    0.45823101E-03   -0.45794396E-03
 0.27890784E-04    0.23733207E-05   -0.11688911E-03    0.45108708E-04   -0.31810345E-03
 0.82795640E-04   -0.11022769E-05   -0.73170421E-05    0.23093095E-04    0.10358044E-03
-0.54730793E-04   -0.14378137E-04   -0.14643167E-03   -0.11466535E-04    0.10313868E-03
-0.33371399E-03    0.15700212E-02   -0.64686219E-02   -0.13489775E-04   -0.28673992E-04
 0.80499438E-04    0.39205089E-04    0.93153228E-04   -0.10047021E-03    0.64767791E-05
-0.47457506E-04   -0.15709281E-03    0.28670263E-03    0.96091170E-04    0.20522518E-04
 0.90764885E-05   -0.26712685E-04    0.76169707E-04    0.11989392E-03   -0.30660407E-04
 0.14633418E-03    0.31920506E-04   -0.52347813E-04   -0.46158138E-04   -0.19405348E-04
 0.29366486E-05    0.31640245E-05   -0.20249554E-04    0.20296272E-04   -0.93153762E-04
-0.84647600E-04   -0.86326151E-04    0.15736554E-03   -0.10150768E-04    0.13274187E-03
 0.15558216E-03   -0.34532707E-03   -0.13081767E-03   -0.33063983E-04    0.22418293E-04
 0.49529209E-04   -0.15393347E-03   -0.10504093E-03    0.65712013E-04   -0.10699305E-03
-0.54705066E-06    0.73801004E-04    0.10116063E-03    0.21373594E-04    0.30125424E-04
-0.63169013E-05    0.19734542E-02    0.24250442E-03   -0.28213304E-03   -0.44567299E-04
 0.24175280E-03    0.35232058E-03   -0.53208088E-03    0.73819800E-04    0.25426603E-03
-0.44634819E-03    0.49357177E-03    0.32945936E-03   -0.17382230E-04   -0.10092699E-03
-0.95555827E-04    0.54436959E-04   -0.30485889E-03   -0.34274118E-03   -0.29645248E-03
 0.95698141E-04   -0.64390365E-03   -0.32133304E-03    0.10849004E-03   -0.58821799E-04
 0.53618490E-05   -0.34280744E-02    0.10522081E-01   -0.12115404E-03   -0.66719960E-03
 0.78030208E-03   -0.21265311E-03   -0.18818244E-02   -0.60769534E-03    0.18842230E-02
 0.33694350E-04    0.57074113E-04    0.15909227E-04   -0.23396429E-05    0.69169922E-05
-0.11583034E-04    0.20370326E-04    0.92634032E-05   -0.88156714E-05   -0.63871682E-04
 0.14840078E-05   -0.29351265E-05    0.83600530E-05   -0.84736432E-05   -0.14129595E-04
-0.11342580E-04    0.12592609E-04   -0.40279265E-04   -0.12461297E-04    0.22275089E-04
-0.56523151E-04    0.29196525E-03   -0.91278682E-07    0.13424545E-04   -0.14236940E-04
 0.34511810E-05   -0.41941225E-05    0.84887118E-05   -0.36536094E-05    0.10394067E-04
-0.29958653E-06    0.80613585E-05    0.85062892E-05    0.42211387E-05    0.12475058E-05
 0.57747382E-05    0.24943577E-05   -0.37954624E-05   -0.56345839E-05   -0.83494984E-05
-0.77775566E-05   -0.39158881E-06    0.17703212E-05    0.10634059E-04   -0.46663390E-06
-0.43694175E-06    0.29181738E-05   -0.18869832E-04    0.83408433E-05   -0.74886707E-05
-0.69781474E-05   -0.12846066E-04    0.46632870E-05   -0.28544596E-04    0.34603354E-05
-0.47745151E-05   -0.86644117E-06   -0.60521918E-05   -0.65504436E-06   -0.58032295E-05
 0.22609163E-05    0.53085456E-05   -0.26558115E-05    0.45343158E-05    0.57777270E-05
 0.12278893E-04   -0.15139531E-04   -0.36729466E-05   -0.28445801E-05    0.70999701E-06
 0.38573611E-04   -0.10299987E-04    0.15458285E-04   -0.84207948E-05    0.12919574E-04
 0.11017748E-04    0.74571731E-04   -0.31264440E-04    0.96631137E-05   -0.32366600E-04
 0.11273265E-05    0.65084366E-04    0.16948389E-05    0.13331652E-05    0.18606679E-04
 0.24433210E-04    0.65056562E-05    0.86113019E-05   -0.30238540E-04   -0.87164152E-05
-0.16116310E-04   -0.95255414E-05    0.32276508E-04    0.52626783E-05   -0.23953090E-05
-0.28733563E-03    0.11008660E-03   -0.64390259E-03   -0.13029350E-03   -0.59149573E-04
-0.88274603E-04   -0.81067354E-04    0.12502105E-03   -0.21752901E-03    0.92477132E-04
-0.39845957E-04   -0.30488231E-02   -0.10080459E-02    0.29132625E-02   -0.17593360E-03
 0.18763331E-03    0.28253584E-03   -0.27726046E-03    0.17538769E-02   -0.23027884E-05
-0.10035995E-04    0.73003854E-04   -0.78001637E-04   -0.21879402E-03    0.39163116E-03
 0.16322127E-03    0.46403459E-03    0.22654468E-03    0.85757443E-03   -0.16910712E-02
 0.50531215E-03    0.69643051E-02    0.74693153E-05   -0.24635479E-03   -0.34596255E-03
 0.41645061E-03   -0.12952163E-03   -0.71773849E-04    0.19916565E-04   -0.65349241E-03
 0.31985721E-03   -0.12534201E-02    0.12587241E-03   -0.16959387E-03    0.41460379E-04
-0.14524682E-03    0.16055392E-04   -0.30466897E-03    0.11951605E-04   -0.44962163E-03
-0.15873360E-03    0.24848767E-03   -0.39270622E-03    0.37246189E-03    0.42673932E-05
-0.81553143E-05    0.10215439E-03    0.42449044E-03    0.72363547E-03   -0.26574293E-03
 0.17783350E-03    0.22851507E-03   -0.47147638E-04    0.12931909E-02   -0.26631378E-03
 0.16150698E-02   -0.52733588E-03    0.36125146E-03   -0.10279792E-03    0.40727157E-04
 0.24374054E-03    0.97389012E-04   -0.25916687E-03    0.39040986E-03    0.16617571E-03
-0.63388035E-03    0.60990299E-03   -0.13297709E-03   -0.76327206E-04    0.64497447E-04
-0.11533597E-01   -0.17138388E-02    0.78564852E-03   -0.41768131E-03   -0.50566485E-03
-0.10501052E-02   -0.17752037E-03    0.91196919E-05   -0.56073811E-02    0.10474158E-02
-0.16547008E-02   -0.59917538E-03    0.13218338E-03    0.53570050E-03    0.16327862E-03
-0.85313047E-03    0.16344000E-02    0.10411442E-02    0.25189402E-02   -0.39432981E-03
 0.31601590E-02    0.14132892E-02   -0.10630168E-02    0.31492366E-03   -0.44264332E-04
 0.20783049E-01   -0.49473177E-01    0.54647805E-02    0.53797681E-02   -0.21907433E-02
 0.33349860E-02    0.73975290E-02   -0.28403276E-03   -0.75080233E-03   -0.45066916E-04
 0.14849027E-01   -0.48198707E-03    0.14222349E-02    0.33554415E-03   -0.93161341E-03
 0.34526836E-03   -0.10156305E-03   -0.12482789E-03    0.64901079E-04   -0.59995988E-03
-0.87563136E-03    0.17196845E-04   -0.32836031E-04    0.11644181E-03    0.58537563E-04
-0.62844612E-04    0.11504586E-04   -0.18429618E-03   -0.68985036E-03   -0.12038746E-03
 0.36225346E-03    0.16483166E-02   -0.35788000E-02    0.61616918E-04    0.26949545E-04
 0.24369880E-03   -0.43664358E-04    0.15316799E-03   -0.88012177E-04    0.35247226E-05
-0.26933589E-04   -0.16488470E-02    0.56133546E-03    0.19116237E-04    0.11716718E-03
 0.29054422E-04   -0.20730697E-03    0.27977601E-03    0.32783190E-03   -0.23131350E-03
 0.15467578E-03   -0.12551714E-03   -0.38153588E-04    0.16286556E-03   -0.15322675E-03
 0.44867813E-04    0.30244946E-04   -0.42452411E-04   -0.55024613E-04   -0.51350536E-03
 0.29596517E-04   -0.61420271E-04    0.81970893E-04    0.12051388E-04   -0.81025597E-04
 0.23861890E-02   -0.79379163E-03    0.18753434E-04   -0.19133234E-03   -0.63983415E-04
 0.20550096E-03   -0.29228309E-03   -0.36925690E-03    0.19799586E-03   -0.22822975E-03
-0.55892640E-04    0.22543402E-03   -0.28091606E-03    0.98973446E-04    0.28585266E-04
-0.39416225E-04    0.43691119E-02    0.68013018E-03   -0.47053059E-03    0.41797984E-03
 0.37573519E-03    0.61299995E-03   -0.18575526E-03   -0.23992089E-04    0.33804876E-03
-0.53467640E-02    0.47045705E-03    0.31762641E-03   -0.97899821E-04   -0.10401009E-03
-0.50008450E-03    0.31088729E-03   -0.66257196E-03   -0.53992822E-03   -0.11915253E-02
-0.13577476E-03   -0.10417533E-02   -0.55596736E-03    0.56434151E-03   -0.16506554E-03
 0.20499717E-04   -0.11745162E-01    0.15591116E-01   -0.11500537E-01   -0.40152042E-02
 0.60450781E-03   -0.34681921E-02   -0.35189502E-02    0.16531140E-02    0.57878549E-03
 0.18033048E-03   -0.14561245E-02    0.13475034E-01   -0.68182259E-03   -0.16118705E-02
 0.48670225E-03   -0.47065890E-03    0.45019909E-04    0.19376217E-04   -0.69156078E-03
-0.18249740E-03   -0.94739228E-03    0.30068125E-03    0.88383637E-04   -0.12491922E-03
 0.16071886E-03    0.26765171E-03   -0.33491020E-03   -0.61562239E-03   -0.48664505E-03
 0.27002183E-04   -0.57643574E-03    0.11642904E-02   -0.73696741E-03   -0.33930387E-02
 0.48242995E-04   -0.11454929E-03    0.30304376E-03    0.19920579E-03    0.34436823E-03
 0.74097866E-04    0.52184373E-05   -0.19119308E-04    0.20476053E-03   -0.25930989E-01
 0.26270780E-03    0.32140861E-04   -0.16474115E-04   -0.14613910E-03   -0.55005975E-04
-0.24347629E-03    0.29086700E-03    0.27464875E-04   -0.29214155E-05    0.15014662E-04
-0.79216265E-04    0.16816974E-03   -0.25831452E-04   -0.71278882E-05    0.16175878E-04
 0.14230600E-03   -0.39297056E-03   -0.33234878E-03   -0.58053575E-03   -0.56251349E-04
-0.31888529E-04   -0.19402837E-03   -0.50759881E-03    0.29495097E-01   -0.45038756E-03
-0.23723313E-04    0.62319657E-04    0.29069787E-03   -0.28800131E-03   -0.50285583E-04
-0.13151464E-03   -0.15743633E-03   -0.86788664E-04    0.16548395E-04    0.11375065E-03
-0.35388715E-03   -0.14920033E-03    0.38322722E-05    0.47298864E-02    0.62565156E-03
-0.70669910E-03    0.19780255E-03    0.39102065E-03    0.18289415E-02    0.20058288E-03
-0.20488914E-04    0.12592311E-02   -0.85345910E-03   -0.53750341E-01    0.44513113E-03
-0.13088376E-03    0.91488865E-04   -0.34489582E-04    0.21775340E-03   -0.11905360E-02
-0.61971295E-04   -0.10269254E-02   -0.40647272E-04   -0.12152966E-02    0.11723790E-03
 0.10700941E-02   -0.43435400E-04    0.13995332E-04   -0.92182881E-02    0.27108939E-01
-0.13698686E-02   -0.20797743E-02    0.25172306E-02   -0.13587272E-02   -0.42177099E-02
-0.32020873E-02    0.37227748E-03    0.46822501E-04   -0.38675667E-02    0.20050175E-02
 0.10445276E+00   -0.11418113E-02   -0.72120682E-03   -0.13916544E-02    0.10868643E-03
-0.25363385E-04    0.38595441E-04    0.16746027E-04   -0.22632611E-03    0.58045771E-03
 0.91344787E-03   -0.28667162E-04   -0.19976300E-04   -0.71907443E-04   -0.14777033E-03
 0.21843085E-03   -0.81651661E-04    0.16276562E-03    0.30748908E-03   -0.34100662E-03
 0.74449095E-03   -0.94576897E-03    0.26328108E-02   -0.16948805E-04   -0.16410752E-03
 0.24103751E-04   -0.29559492E-04   -0.74131196E-04    0.13739912E-03    0.68015889E-05
 0.25112983E-03    0.19293473E-03   -0.62908926E-03   -0.75789370E-03   -0.80973087E-04
 0.11218365E-03    0.23054898E-04   -0.41006877E-04    0.85274727E-04   -0.68670649E-04
-0.21043219E-03    0.27826282E-04    0.17341290E-03    0.12812864E-03    0.85096530E-04
 0.76109571E-04    0.14118847E-04    0.40703913E-04    0.11873295E-03   -0.35748109E-04
-0.30834979E-04    0.70122607E-04   -0.18443489E-03   -0.12844506E-04   -0.28073596E-03
-0.98867520E-04    0.70881902E-03    0.14669508E-02    0.47847097E-04   -0.17007409E-03
-0.13218979E-03    0.19769074E-03    0.14104197E-04    0.16949323E-03    0.20915280E-03
 0.77058174E-04   -0.36609946E-03   -0.17430774E-03   -0.70413311E-04   -0.26387690E-03
 0.32643615E-05   -0.28224015E-02   -0.16117231E-03    0.10119450E-03    0.22743581E-03
-0.16671691E-03   -0.43317048E-03    0.20007137E-03    0.66499973E-04   -0.42419359E-03
 0.41851902E-03   -0.77186337E-03   -0.45888849E-02    0.79675520E-04    0.21342856E-03
 0.86472096E-04   -0.17144881E-03    0.52265924E-03   -0.28055839E-03    0.71343252E-03
-0.21586584E-04    0.90855260E-03    0.73800698E-03   -0.42802958E-03    0.20146345E-03
-0.26847483E-05    0.95363630E-02   -0.12031870E-01    0.11275280E-01    0.28398477E-02
 0.16440707E-03    0.15765394E-02    0.27020799E-02   -0.17370287E-02   -0.10688174E-02
-0.20903809E-03    0.17477822E-02   -0.19158470E-02   -0.12351621E-02    0.16675178E-01
-0.91136728E-04   -0.26342756E-04   -0.27282544E-03    0.23598224E-04   -0.12021236E-04
-0.27741312E-04    0.92555791E-05   -0.72299675E-04    0.29728012E-04    0.42062735E-03
-0.14447116E-04   -0.49899030E-04    0.51248088E-04   -0.10406539E-03    0.12476571E-05
 0.60970290E-04   -0.11626412E-04    0.21870621E-03    0.72818271E-04   -0.12837221E-03
 0.78612537E-03   -0.33122966E-02    0.35080616E-04    0.23894135E-04   -0.54773757E-04
 0.54950498E-04   -0.71372569E-05   -0.88907603E-05    0.56896808E-05    0.19633441E-05
 0.68946832E-04   -0.16663025E-03   -0.29976809E-04   -0.83166303E-04    0.21236186E-04
 0.65402565E-04    0.47211601E-04   -0.14617711E-04   -0.14902630E-04   -0.15449010E-04
 0.46731364E-04    0.98960888E-04    0.48002296E-04   -0.33909440E-04    0.92685924E-05
 0.80864795E-05   -0.12200166E-04   -0.39904929E-04    0.46849542E-04   -0.56467365E-04
 0.66998245E-05    0.81834162E-05   -0.78971363E-05    0.12357355E-03   -0.68264246E-04
 0.21096465E-05   -0.26042382E-04    0.13733390E-03   -0.30124704E-04   -0.68560341E-04
-0.10125942E-03   -0.25909667E-04    0.14275761E-04   -0.12338304E-04    0.83168030E-06
-0.89553025E-04   -0.76039920E-04    0.57490508E-04    0.40144850E-05   -0.10150569E-04
-0.14066420E-03    0.88638896E-05    0.60425383E-04   -0.81180468E-04   -0.58659569E-04
-0.57538314E-04    0.23135986E-04   -0.75728939E-06   -0.17042957E-04   -0.35408897E-04
-0.13605022E-03    0.42841450E-04   -0.37169005E-03    0.46388632E-04   -0.15819324E-04
-0.41372449E-04    0.35669834E-04   -0.45079053E-04    0.27261941E-04    0.14822737E-04
 0.11034507E-03    0.54918210E-04   -0.30701819E-04   -0.26135731E-04    0.90278360E-05
 0.18732237E-02    0.48936348E-03    0.44896138E-02    0.94824771E-03    0.18648264E-03
 0.97716382E-03    0.38803900E-03   -0.96508693E-03   -0.18987739E-04   -0.28066612E-04
 0.17576454E-03   -0.37811814E-03    0.16032929E-03    0.34589879E-03    0.12352474E-02
 0.20194235E-03    0.56185954E-03    0.27974686E-03   -0.49984496E-03    0.11624915E-04
-0.33647926E-04   -0.16554656E-04    0.65950341E-04   -0.33400071E-03    0.11988234E-03
-0.15930271E-04   -0.11133700E-04    0.29479504E-04    0.63515794E-05   -0.98516755E-04
 0.70481208E-04   -0.16178952E-03    0.55602349E-04   -0.27643532E-03    0.78633253E-04
 0.59899637E-03   -0.38333954E-02    0.15723026E-04    0.87872378E-05    0.25250745E-04
-0.73654607E-04    0.15070343E-04    0.41274740E-05    0.96926909E-06    0.65211491E-04
-0.63053852E-04    0.36096545E-03    0.24155460E-04    0.48389431E-04    0.13312577E-04
 0.39127858E-04    0.59577711E-04    0.13296060E-03   -0.82528693E-05    0.87541503E-04
 0.11356933E-04    0.60562484E-05    0.64327585E-04   -0.64614496E-04    0.83469285E-05
 0.48676825E-05   -0.74525364E-04   -0.37811715E-04   -0.10759776E-03    0.99360492E-04
 0.33915858E-05    0.63948549E-05    0.30147105E-05   -0.11635280E-03    0.19936273E-04
-0.44936897E-03   -0.95509198E-04   -0.74454315E-04    0.11301608E-03   -0.43252335E-05
-0.84684246E-04   -0.81523985E-04    0.15584465E-04   -0.10497260E-04    0.33338260E-04
 0.13402545E-03   -0.55311259E-04    0.13418731E-03    0.20806966E-04   -0.17316984E-04
 0.21572084E-02    0.45557818E-03   -0.57205434E-04    0.96063946E-04   -0.13022596E-04
 0.12716810E-03   -0.40303988E-04    0.35678170E-05    0.65062497E-03   -0.25504999E-03
 0.63153296E-03    0.24876227E-03   -0.73948465E-05   -0.37429496E-03   -0.81963917E-04
 0.10312909E-03   -0.29569698E-03   -0.24598422E-03   -0.52425959E-03    0.17424078E-04
-0.62447807E-03   -0.32298238E-03   -0.18144005E-03   -0.68112110E-04    0.21853549E-04
-0.34559476E-02    0.10941837E-01    0.42550708E-03   -0.10856642E-02    0.29492914E-03
-0.51654114E-03   -0.12416677E-02   -0.14054994E-03    0.40660321E-03   -0.15707304E-04
-0.17694031E-02    0.18735759E-03   -0.24047542E-03   -0.58423200E-03   -0.37424742E-04
 0.11671055E-02    0.42033671E-03    0.53351286E-03    0.52615119E-03   -0.34742239E-03
 0.67617951E-04    0.47754688E-04    0.11707658E-03    0.10586498E-03   -0.63173956E-03
-0.77784167E-03    0.34559375E-04    0.37228990E-04   -0.37476656E-05    0.11243594E-03
-0.20542786E-03    0.26265388E-04   -0.44339735E-03   -0.22917725E-03   -0.11924178E-03
 0.35700448E-03    0.87541737E-03   -0.30446780E-02    0.85396591E-04    0.82569889E-04
 0.10998540E-03    0.49829312E-04    0.26726421E-03   -0.43296783E-04    0.46309975E-05
-0.17085634E-04   -0.33294732E-03    0.13621017E-03   -0.36946830E-05    0.84476135E-04
-0.17896084E-04   -0.54801562E-03    0.29677727E-04    0.94605725E-04   -0.20317943E-03
 0.19287508E-03    0.43963949E-04   -0.28336657E-05    0.11810797E-03    0.81955483E-04
 0.10547973E-04    0.29137676E-04   -0.87263087E-04   -0.10071579E-03   -0.21229651E-03
-0.61420862E-04   -0.28007021E-03    0.46432264E-04    0.50702525E-05   -0.20245981E-03
 0.34769178E-03   -0.24947941E-03   -0.12741720E-03   -0.11621853E-03    0.54049714E-04
 0.68576308E-03   -0.57638626E-04   -0.26338549E-03    0.75719806E-04   -0.25007260E-03
-0.23210912E-03    0.14105181E-03   -0.13051142E-03   -0.23925896E-03    0.16972619E-04
-0.25493581E-04    0.31650816E-02    0.52627071E-03   -0.17028658E-03    0.30166315E-03
 0.50344494E-03    0.80417683E-03   -0.79777189E-04    0.20024313E-04    0.67779620E-03
-0.90724207E-03    0.68895678E-03    0.27576654E-03   -0.76167099E-04   -0.20104653E-03
-0.19886318E-02    0.23192359E-03   -0.48159051E-03   -0.76666311E-03   -0.84250837E-03
-0.48505013E-04   -0.85432045E-03    0.14135932E-04    0.72313774E-03   -0.55982967E-04
 0.80843783E-04   -0.91355553E-02    0.14363457E-01   -0.98592070E-02   -0.34096738E-02
-0.70911209E-04   -0.25327452E-02   -0.35296727E-02    0.51982950E-03    0.57939575E-03
 0.57520433E-05   -0.25377836E-02    0.29453187E-02    0.22984663E-03   -0.16939618E-02
-0.31300577E-03    0.51875845E-03    0.70174645E-02    0.10226088E-02   -0.13547323E-02
 0.65336919E-03    0.13403564E-02   -0.13740648E-03    0.11403508E-03    0.25364544E-03
 0.15078078E-03   -0.18078950E-04   -0.38351032E-02    0.62606404E-04    0.15519291E-03
-0.54348818E-04    0.39763745E-03    0.66944982E-04   -0.22679030E-03   -0.21339952E-03
-0.22870798E-02    0.28453037E-03   -0.27127957E-03    0.90223005E-03    0.97517864E-02
 0.45554619E-06   -0.73590291E-04   -0.27145227E-05   -0.18039540E-03   -0.33977507E-05
 0.33738983E-04   -0.67252575E-05   -0.79451692E-04    0.27901378E-03   -0.48403333E-03
-0.14059077E-03    0.67250002E-04    0.26529933E-04   -0.40988555E-03   -0.48706807E-03
-0.45712522E-03   -0.86454813E-05   -0.21203917E-03   -0.13891970E-03   -0.15884569E-04
-0.30365953E-03    0.59028666E-03   -0.23883108E-04   -0.21012167E-04    0.20694349E-05
 0.12928670E-03    0.13489587E-04    0.43182188E-03   -0.16971193E-03   -0.42976397E-04
 0.28984473E-04   -0.33170648E-03   -0.38099465E-03    0.97088161E-03    0.91488320E-04
-0.42576816E-04    0.20847940E-04    0.29430597E-03    0.87082650E-03    0.46700381E-03
-0.38722449E-03    0.23326762E-03   -0.49971119E-03    0.19167072E-03    0.16693058E-03
-0.47786495E-03    0.19972543E-04    0.37533052E-04   -0.17773006E-02   -0.36859166E-03
 0.27030043E-03    0.18254000E-03    0.17825913E-03    0.69076638E-04   -0.98594094E-04
 0.24245149E-04   -0.10748037E-02    0.16843893E-03   -0.13641611E-03   -0.13596823E-03
 0.10276177E-03   -0.56212651E-06   -0.91567254E-04   -0.25468796E-02   -0.10199050E-02
 0.47451890E-03    0.34145633E-04   -0.22116466E-03    0.97176858E-04    0.30911329E-04
 0.18839227E-03    0.24112381E-03   -0.24185662E-04   -0.12425584E-01   -0.19212440E-01
-0.40420059E-01   -0.77447081E-02   -0.35309322E-02   -0.60322368E-02   -0.66572364E-03
 0.91303243E-02   -0.54277165E-03    0.24082825E-03    0.94033324E-03    0.36359032E-02
-0.85333974E-03   -0.42268631E-02   -0.19687035E-02   -0.82761556E-03    0.34308009E-02
 0.26899347E-01   -0.13481597E-03    0.17989150E-02    0.34130680E-03   -0.16119879E-02
 0.99979095E-04   -0.17158586E-03   -0.52411329E-04    0.30994413E-04   -0.11395025E-02
 0.86574501E-03   -0.30308178E-04   -0.86672690E-04    0.12814937E-03   -0.13560207E-03
-0.49836388E-03    0.20362649E-03   -0.37779530E-03    0.69540053E-03   -0.48320219E-03
 0.91630758E-03    0.18977947E-02   -0.13202587E-01   -0.71045736E-04    0.22186343E-03
 0.14114698E-03   -0.16950008E-03   -0.90594894E-04    0.82604573E-04   -0.10828666E-04
-0.36918751E-04    0.11903284E-03    0.48219135E-03   -0.35995013E-04    0.97539123E-04
 0.10369942E-03    0.26046376E-03   -0.27773849E-03   -0.40481132E-03   -0.59302962E-05
 0.28412207E-04    0.81189923E-04   -0.10761888E-03    0.19020607E-03    0.41914886E-04
-0.14351562E-04    0.11735723E-04    0.36505352E-04   -0.25183912E-03   -0.29291498E-03
 0.17499157E-03    0.10766743E-03   -0.12713168E-03    0.15545979E-04   -0.25556934E-03
-0.98081256E-04   -0.11197296E-02    0.13459922E-03   -0.17038285E-03   -0.91723837E-04
-0.35408755E-03    0.15950657E-03    0.59132258E-03   -0.63076231E-04   -0.55422473E-04
-0.13877532E-03    0.19659827E-03   -0.17388603E-03   -0.16196361E-03    0.67352959E-04
-0.39200759E-04    0.76470519E-02    0.10299253E-02   -0.38140585E-03    0.19858896E-03
 0.34290117E-03    0.63971785E-03   -0.25054971E-04    0.77608599E-05    0.17741146E-02
-0.11273185E-02    0.47947103E-03    0.53636466E-03   -0.11862199E-03   -0.23654426E-03
-0.70408151E-04   -0.82329836E-03   -0.30672646E-02   -0.94899055E-03   -0.18089576E-02
 0.86758758E-04   -0.20873449E-02   -0.11166212E-02    0.10411412E-02   -0.25773500E-03
 0.15612050E-04   -0.10672881E-01    0.36216480E-01    0.58550040E-02   -0.12253611E-02
 0.17074018E-02   -0.41105035E-03   -0.47146756E-02   -0.20272132E-02    0.10262768E-02
-0.82047348E-04   -0.47745420E-02    0.46487062E-03    0.40346137E-02   -0.49271777E-03
 0.38456018E-03    0.11159035E-02    0.49793503E-03   -0.14775512E-02    0.97055236E-02
-0.78139371E-03    0.52901944E-03   -0.57472548E-03   -0.43650142E-03    0.11133768E-03
-0.15214431E-04    0.42656098E-04   -0.71359252E-04    0.33753957E-03    0.17187334E-02
-0.40598749E-04   -0.46098546E-04   -0.16907255E-05   -0.22831124E-03    0.14661723E-03
 0.29380478E-03    0.24399019E-03    0.90590423E-03    0.48110206E-03   -0.51871785E-03
 0.30210784E-02   -0.11747223E-01   -0.11501972E-04    0.62295266E-04    0.10431585E-03
 0.21980005E-03    0.12364274E-03   -0.12796818E-05    0.44461726E-06   -0.98175609E-04
-0.11759092E-03   -0.48897213E-04   -0.12062325E-03   -0.61814924E-04    0.47504596E-04
 0.48265790E-04   -0.18732077E-04    0.49419895E-04   -0.66972344E-03   -0.48549081E-04
-0.86513880E-04    0.52912141E-04   -0.50570573E-05   -0.91045193E-05   -0.57311939E-05
 0.19955537E-04   -0.72298324E-04   -0.86885068E-04    0.77363047E-04   -0.78530926E-04
 0.43812698E-04   -0.23874657E-04   -0.10274791E-04    0.23497440E-03    0.88597959E-04
-0.21689686E-03    0.28568572E-03    0.47943093E-04   -0.10271762E-03   -0.16988447E-03
-0.21550686E-03   -0.22339916E-03    0.96906643E-03    0.33147027E-04    0.46162763E-03
-0.15093308E-03    0.20374753E-03    0.17120590E-03   -0.80184866E-05   -0.21667369E-04
-0.50812979E-03    0.21184849E-03    0.66568128E-04   -0.14108897E-03    0.11628129E-03
-0.19929972E-03   -0.78159484E-04    0.12676475E-04   -0.32507203E-03    0.11087974E-03
 0.20923395E-03   -0.67499507E-03   -0.74920268E-04    0.80840203E-04   -0.32039171E-03
 0.20613597E-04    0.10075899E-03   -0.32525241E-02    0.18992166E-03   -0.78320504E-04
 0.20358699E-03    0.11104329E-03   -0.35005392E-04   -0.94855127E-05    0.27389629E-04
 0.73021502E-02   -0.20983829E-02    0.18194509E-01    0.35420264E-02    0.95532470E-03
 0.32960845E-02    0.11011312E-02   -0.40995767E-02    0.29557744E-03   -0.15672389E-03
 0.15041319E-02   -0.22180580E-02   -0.19701658E-02    0.39408688E-02    0.10278103E-02
 0.49277177E-04   -0.83779766E-03   -0.86323436E-02    0.13156937E-02    0.12856526E-01
 0.56528624E-03    0.26045491E-02    0.63858578E-03   -0.25444994E-02    0.16442409E-03
-0.15514574E-03    0.16676518E-03    0.18487224E-03   -0.23943963E-02   -0.11016156E-03
 0.67241212E-04    0.10573987E-03    0.14033461E-03    0.24018320E-03   -0.72422626E-03
 0.77999583E-04   -0.86839733E-03    0.11362171E-03   -0.49761794E-03    0.80113790E-03
 0.22643855E-02   -0.17719621E-01   -0.54508315E-04    0.33137666E-03    0.10780034E-03
-0.29964107E-03   -0.56980302E-04    0.83789847E-04   -0.14688336E-04   -0.60759588E-04
-0.33376497E-03    0.15571306E-02   -0.48537730E-04    0.18888473E-03    0.39304650E-04
 0.23532977E-03    0.87172049E-05    0.10185893E-03   -0.17120557E-03   -0.26092126E-03
-0.10706158E-03    0.14133404E-03    0.21332680E-03   -0.30236006E-03   -0.45535348E-04
 0.15802806E-04   -0.20720863E-04   -0.52351137E-03   -0.29580112E-03    0.23558097E-03
 0.18882606E-04   -0.15443813E-03    0.38903601E-04   -0.18468636E-03    0.23966218E-03
-0.19304023E-02    0.28103958E-03   -0.33287904E-03    0.15744041E-04   -0.29194514E-03
-0.37474588E-03   -0.20530356E-03    0.38100068E-03    0.56782685E-03   -0.73469525E-04
 0.16907628E-03   -0.20062856E-03    0.24421648E-03    0.14000277E-03   -0.43116095E-04
 0.14475407E-01    0.18324862E-02   -0.89956118E-03    0.33907918E-03    0.53343558E-03
 0.10071451E-02    0.34888338E-04   -0.25920127E-04    0.34538646E-02   -0.23475490E-02
 0.21000247E-02    0.11207227E-02   -0.23775845E-03   -0.60606057E-03   -0.40190282E-03
 0.60776465E-03   -0.24652248E-02   -0.17259967E-02   -0.54654403E-02   -0.39227267E-03
-0.36870714E-02   -0.19348715E-02    0.18324932E-02   -0.48400824E-03    0.75831591E-04
-0.27751305E-01    0.69063981E-01   -0.74014335E-02   -0.63578796E-02    0.25775209E-02
-0.38655548E-02   -0.10144427E-01    0.82616893E-03    0.18285291E-02    0.78977382E-04
-0.10142844E-01    0.44393351E-02    0.57775495E-02   -0.35680342E-02   -0.69008426E-04
 0.22166681E-02    0.36756394E-02   -0.44982930E-03    0.74333950E-02   -0.12944515E-02
 0.20097186E-01    0.72164573E-03   -0.52848434E-04   -0.47221720E-03    0.50175074E-03
-0.59670883E-04    0.59945061E-04    0.40118281E-03    0.16191766E-03   -0.35711743E-03
-0.56576109E-03    0.11348792E-03    0.50918663E-04   -0.11047580E-03    0.21163562E-03
-0.20747413E-03    0.16316028E-03   -0.45673458E-03    0.32098121E-03    0.69041906E-04
-0.30539031E-03    0.46238985E-03   -0.24892006E-03    0.71030445E-04    0.16760904E-04
 0.12978553E-04   -0.11362199E-03    0.85514405E-04    0.17304725E-04    0.43394881E-05
-0.16265790E-03   -0.11366736E-03    0.31073495E-03   -0.25602518E-04    0.41005245E-04
-0.34677793E-04   -0.45751107E-04   -0.38484981E-05    0.19147399E-04   -0.89524934E-04
-0.10318332E-03   -0.53179004E-03   -0.86560894E-05    0.42017132E-04   -0.10423389E-03
 0.20614862E-05    0.22962645E-05   -0.39092076E-04   -0.18981611E-04    0.66098957E-05
 0.10858376E-03   -0.18469003E-03    0.23183797E-04    0.11191585E-04   -0.50944284E-04
 0.11097492E-03   -0.79295709E-04   -0.15702376E-03   -0.71410228E-04    0.68151391E-04
-0.52657699E-05    0.22906274E-04   -0.13096501E-03    0.17123866E-03    0.21380709E-03
 0.62173386E-03    0.59122586E-04   -0.14248154E-03    0.14624186E-03    0.51408905E-04
-0.20875543E-05    0.90774740E-03    0.15012937E-03    0.60222074E-04    0.12226616E-04
 0.18826224E-03    0.54203368E-03    0.32820915E-04   -0.82683132E-06   -0.10723953E-03
-0.28762647E-03    0.18061055E-03    0.18763660E-04   -0.19392748E-04   -0.77309865E-04
-0.81875672E-04    0.15598056E-03   -0.16199624E-03   -0.22830257E-03   -0.85303568E-03
-0.26377220E-02   -0.37460507E-03   -0.11978524E-03    0.22260410E-03   -0.14564743E-04
 0.28719365E-04   -0.56187091E-02    0.40176412E-02   -0.79080575E-02   -0.21972712E-02
-0.38607809E-03   -0.14526301E-02   -0.13874469E-02    0.60031763E-03   -0.75802298E-04
 0.39695887E-04   -0.57507756E-03    0.13553682E-02    0.13717290E-02   -0.10641852E-02
-0.36185495E-03    0.23620427E-03    0.99879689E-03    0.30067613E-02   -0.16230132E-03
-0.11660732E-02    0.31153473E-02    0.81313207E-02    0.51093486E-03    0.31921784E-02
 0.12168445E-02   -0.32436032E-02    0.25640462E-03   -0.12100286E-03   -0.78704902E-05
 0.41191426E-03   -0.24170263E-02   -0.55081338E-03    0.49670319E-04   -0.15254333E-03
 0.17229299E-03    0.23197148E-03   -0.76253710E-03    0.35542133E-03   -0.70815468E-03
-0.49746628E-03   -0.66834147E-03    0.10413480E-02    0.25168148E-02   -0.16098735E-01
-0.31714264E-04    0.31212854E-03    0.33565944E-03   -0.34105395E-03    0.27821218E-03
-0.52758983E-04   -0.84250694E-05    0.23525196E-03   -0.52674308E-03    0.18881986E-02
 0.15064304E-03    0.29780502E-03    0.33325866E-05    0.59859199E-04   -0.89614899E-05
 0.25606765E-03   -0.14158334E-03    0.45079698E-03   -0.52119492E-04   -0.99010808E-03
 0.10046807E-03   -0.18890722E-03    0.20124606E-04    0.10833592E-04   -0.13113517E-03
-0.44091916E-03   -0.87941877E-03    0.23358936E-03   -0.41064959E-03   -0.11610329E-04
 0.32617191E-04   -0.60820159E-03    0.68476678E-03   -0.23231455E-02    0.39823294E-04
-0.43351227E-03    0.13315023E-03    0.68330305E-05   -0.29298890E-03   -0.24485665E-03
 0.34588081E-03   -0.24505320E-03   -0.23678339E-03    0.13563081E-02   -0.14899903E-03
 0.41690275E-04    0.97408361E-04   -0.69038982E-04    0.15039327E-01    0.20740950E-02
-0.11854166E-02    0.56551018E-03    0.53996884E-03    0.14573395E-02   -0.21469558E-03
-0.70635885E-05    0.37117816E-02   -0.20371359E-02    0.22524163E-02    0.11349547E-02
-0.12377833E-03   -0.66269864E-03   -0.30221179E-03    0.67360872E-03   -0.24456386E-02
-0.17952049E-02   -0.31890697E-02    0.90080263E-04   -0.77695541E-02   -0.26715215E-02
 0.16410406E-02   -0.34278199E-03    0.51000760E-04   -0.30560105E-01    0.67304314E-01
-0.13801585E-01   -0.81485520E-02    0.33691377E-02   -0.55603129E-02   -0.10275362E-01
 0.16872149E-02    0.20665563E-02    0.12593967E-03   -0.10980530E-01    0.46727215E-02
 0.47314276E-02   -0.39802769E-02   -0.63917539E-03    0.21932169E-02    0.37914446E-02
 0.23875212E-02    0.65472497E-02   -0.24149411E-02    0.13362027E-01    0.21309096E-02
 0.24758181E-01   -0.34333216E-03    0.83285154E-03    0.86567142E-03   -0.16914195E-02
 0.77302786E-04   -0.26595447E-04   -0.35366943E-03    0.33762354E-04   -0.11887169E-02
-0.18368378E-03    0.17922883E-04   -0.60725759E-06    0.15215862E-03    0.96931668E-04
-0.32830492E-03    0.18119524E-03   -0.31171235E-03   -0.56513694E-04    0.57703344E-04
-0.38543970E-05    0.16966520E-02   -0.92421307E-02   -0.97497172E-04   -0.17839494E-04
 0.11491806E-03   -0.81130103E-04    0.73568225E-04   -0.80497673E-04   -0.37131714E-05
 0.12683053E-04   -0.11311183E-03    0.63331542E-03    0.80014361E-04    0.14778497E-03
 0.17793301E-04    0.12617434E-03   -0.25120300E-04    0.12542021E-03   -0.14780850E-03
 0.13824701E-03    0.99898746E-04   -0.21427086E-03   -0.28356194E-03   -0.33454501E-04
 0.80484359E-04   -0.68677683E-05    0.10694366E-03   -0.65911212E-06   -0.38023191E-03
 0.45883966E-04   -0.21782210E-04    0.48751394E-04    0.15746334E-04   -0.25059591E-04
 0.42765420E-04   -0.71038316E-03   -0.36899273E-04   -0.21919316E-03   -0.10148367E-04
-0.10786441E-03   -0.73301525E-04   -0.61778923E-04    0.43149872E-03   -0.11947591E-03
-0.42174883E-03    0.35155570E-03    0.45359450E-03   -0.17206474E-03    0.11265933E-04
 0.14938135E-05    0.75927857E-02    0.86633364E-03   -0.54653366E-03    0.22675630E-03
 0.17691096E-03    0.75648100E-03   -0.11818142E-03   -0.10495241E-04    0.17281290E-02
-0.10819195E-02    0.17167098E-02    0.80939431E-03   -0.93970062E-04   -0.32805103E-03
 0.30931900E-03    0.30849748E-03   -0.13757332E-02   -0.83154143E-03   -0.17343155E-02
 0.93744192E-04   -0.27072111E-02   -0.32335392E-02    0.84484128E-03   -0.18607355E-03
 0.85171968E-05   -0.14864638E-01    0.33035281E-01   -0.57574169E-02   -0.34400964E-02
 0.13879428E-02   -0.25650472E-02   -0.48028313E-02    0.41457462E-03    0.11131640E-02
 0.52824733E-04   -0.48508885E-02    0.18548765E-02   -0.49423282E-04   -0.24952562E-02
-0.28300566E-03    0.11035399E-02    0.70145819E-03    0.82156608E-03    0.36908471E-02
-0.72732699E-03    0.70388781E-02    0.81536823E-03    0.91793484E-02    0.97039516E-02
 0.45586241E-03   -0.19507105E-02   -0.88759271E-03    0.25950611E-02   -0.20783252E-03
 0.20308702E-03    0.25713450E-03   -0.43882234E-04    0.19764853E-02   -0.18884904E-03
-0.75719020E-04    0.15293465E-03   -0.11452711E-03   -0.19047319E-03    0.70324310E-03
 0.17755625E-04    0.61107803E-03   -0.25906850E-03    0.75939444E-03   -0.19259194E-02
 0.70751308E-03    0.84615485E-02    0.53256631E-04   -0.32048034E-03   -0.42279614E-03
 0.56882788E-04   -0.11579269E-03   -0.14219134E-04    0.28867329E-04    0.23806674E-04
 0.20624574E-03   -0.92779589E-03   -0.72996268E-04   -0.15387555E-03   -0.22574152E-05
 0.28205703E-05    0.14997994E-03    0.59331057E-04    0.13064534E-03   -0.23699622E-03
-0.91422607E-04    0.28199533E-03   -0.17331294E-03   -0.49723861E-03    0.11757529E-04
-0.21761497E-04   -0.48349269E-04    0.34810759E-03    0.86532759E-03    0.73929179E-05
 0.21838911E-03    0.10685907E-03   -0.32153781E-04    0.22377046E-03   -0.13168947E-03
 0.12220425E-02   -0.33540234E-03    0.27727487E-03    0.11633855E-03   -0.20611817E-03
 0.11267222E-03    0.56276450E-04   -0.20424678E-03    0.41314296E-03    0.38127824E-03
-0.37334128E-03    0.14601175E-03    0.10748873E-02   -0.16489037E-04    0.34511983E-04
-0.12062883E-01   -0.13487927E-02    0.47917929E-03   -0.12510101E-02   -0.72458451E-03
-0.11424847E-02   -0.31440667E-04    0.37439848E-04   -0.28363085E-02    0.19193635E-02
-0.10590286E-02   -0.98313915E-03    0.19476759E-03    0.93405290E-04    0.69693110E-03
-0.55766327E-03    0.21746187E-02    0.15204224E-02    0.30549359E-02   -0.14999672E-04
 0.33208500E-02    0.15935081E-02   -0.42438203E-02    0.40322722E-03   -0.58058739E-04
 0.21350933E-01   -0.58799680E-01    0.31203941E-02    0.39953683E-02   -0.15983031E-02
 0.54671840E-02    0.93014396E-02    0.95708581E-03   -0.16259512E-02   -0.84868629E-04
 0.82034970E-02   -0.31738052E-02   -0.60790496E-02    0.26592626E-02   -0.65396897E-04
-0.67416803E-03   -0.36905181E-02    0.18259084E-02   -0.66728387E-02    0.74444146E-04
-0.12662910E-01   -0.10519561E-02   -0.11569297E-01   -0.59122468E-02    0.18217093E-01
 0.61425165E-03    0.12190750E-02    0.48312177E-03   -0.10193073E-02    0.21891757E-04
-0.22318924E-04    0.57284510E-04    0.20565647E-03   -0.10736255E-02   -0.81613220E-03
 0.55220801E-04   -0.12770158E-04    0.44906206E-04    0.16151236E-03   -0.28811068E-03
 0.26933047E-04   -0.43416438E-03   -0.45740818E-03   -0.30441822E-03    0.17190167E-03
 0.86967802E-03   -0.48407040E-02   -0.23734987E-04    0.12261417E-03    0.74843438E-04
-0.19144104E-03    0.14173155E-03    0.10826198E-04   -0.52614020E-05   -0.13947431E-05
-0.11724519E-03    0.80484823E-03    0.96479417E-05    0.12151132E-03    0.18101746E-05
-0.34988806E-04    0.31756330E-04    0.11444998E-03   -0.96943068E-04    0.97259470E-04
-0.25458333E-04    0.48542626E-04    0.18117051E-03   -0.71799230E-04   -0.73035890E-04
 0.26203715E-05    0.24226787E-04   -0.18515077E-03   -0.19964902E-03    0.18338548E-03
-0.19559754E-03    0.23961259E-04    0.69293062E-05   -0.12704141E-03    0.12477713E-03
-0.11620611E-02   -0.11235779E-03   -0.16098366E-03    0.53544756E-04    0.82072397E-04
-0.16488373E-03   -0.11869398E-03    0.14055726E-03    0.39565535E-04   -0.10999047E-03
 0.11408758E-03   -0.11819839E-03    0.76311373E-05    0.35367687E-03   -0.18595478E-04
 0.61049902E-02    0.74907770E-03   -0.43738091E-03    0.20824304E-03    0.18433245E-03
 0.62530406E-03   -0.61886441E-04    0.23268999E-05    0.14165322E-02   -0.95944361E-03
 0.98549810E-03    0.59401363E-03   -0.97518707E-04   -0.25533640E-03   -0.16834358E-03
 0.46375959E-03   -0.99712259E-03   -0.65833796E-03   -0.15223367E-02    0.59320774E-04
-0.16010363E-02   -0.78695244E-03    0.75578264E-03   -0.82887316E-03    0.22490977E-04
-0.14584905E-01    0.27651906E-01   -0.11424962E-01   -0.43855897E-02    0.71410788E-03
-0.31699257E-02   -0.45103162E-02    0.18928155E-02    0.81110284E-03    0.77398709E-04
-0.44400371E-02    0.26714636E-02    0.20332744E-02   -0.29738449E-02   -0.47473848E-03
 0.75764700E-03    0.22150027E-02    0.32234938E-02    0.22409864E-02   -0.23737949E-02
 0.63138062E-02    0.13247489E-02    0.66320221E-02    0.32377879E-02   -0.51962792E-02
 0.53217314E-02   -0.53471143E-04   -0.18794694E-03   -0.73990632E-04    0.11085441E-03
-0.46567448E-05    0.87439204E-05   -0.11460001E-04   -0.23976356E-04    0.10812475E-03
 0.83191440E-04   -0.30496464E-05   -0.50624042E-05    0.12835669E-05   -0.24334643E-04
 0.34695436E-04   -0.21455605E-04    0.63534711E-04    0.22274758E-04    0.19939663E-04
-0.41725542E-04   -0.58601198E-04    0.46322010E-03   -0.61458770E-05   -0.28446741E-04
-0.11755239E-05    0.23305109E-04   -0.88552407E-06    0.11314697E-05    0.15522342E-06
 0.92077767E-05    0.42258305E-04   -0.76938851E-04    0.57255964E-06   -0.73684211E-05
 0.56502457E-05    0.24402165E-04   -0.65752006E-05   -0.84703171E-05    0.23055323E-04
-0.17264674E-04    0.12021094E-05   -0.11438144E-04   -0.27690973E-04    0.14084660E-04
 0.26422606E-06   -0.86798600E-05    0.12385926E-04    0.37025004E-04    0.12563171E-04
-0.23393868E-04    0.35861635E-05    0.12453162E-05   -0.95763668E-06    0.36823209E-04
-0.36648305E-04    0.97762791E-04    0.56063029E-05    0.13971508E-04   -0.11440240E-04
-0.19167698E-04    0.11690580E-04    0.56771440E-05   -0.22437396E-04    0.77497370E-05
 0.13630055E-04   -0.36843884E-04    0.31138236E-04   -0.34500825E-05   -0.94115705E-05
 0.99819809E-05   -0.62109262E-03   -0.10082029E-03    0.37975884E-04   -0.11857806E-04
-0.25127231E-04   -0.66229321E-04    0.38955677E-05   -0.16052780E-05   -0.15951338E-03
 0.10589451E-03   -0.10523231E-03   -0.50953980E-04    0.14349485E-04    0.41529405E-04
 0.87249820E-04   -0.41201405E-04    0.90352129E-04    0.96531037E-04    0.17721543E-03
 0.18382672E-04    0.17548938E-03    0.71034327E-04   -0.82713625E-04    0.19489374E-04
-0.18928248E-04    0.14415043E-02   -0.29477832E-02    0.10935281E-02    0.49674749E-03
-0.65950085E-04    0.28925811E-03    0.50132666E-03   -0.13104238E-03   -0.77950935E-04
-0.57977137E-05    0.49224253E-03   -0.29441490E-03   -0.18760714E-03    0.25125615E-03
 0.21727860E-04   -0.12939571E-03   -0.47006011E-03   -0.29892189E-03   -0.20221367E-03
 0.16535061E-03   -0.70301817E-03   -0.17913212E-03   -0.70482902E-03   -0.29140099E-03
 0.56142453E-03   -0.35701762E-03    0.90576646E-04   -0.29443615E-02    0.63211149E-02
 0.27245428E-02   -0.62465937E-02    0.80745831E-03   -0.55958819E-03   -0.14805032E-02
-0.52330314E-04    0.40866472E-03    0.12112047E-03   -0.21929087E-03   -0.17906789E-04
 0.18048956E-03   -0.86458307E-04    0.31179357E-03   -0.20652792E-03    0.36371694E-03
-0.48870246E-03   -0.13634229E-02    0.15572673E-02    0.92626647E-03   -0.39564556E-02
-0.48099942E-04    0.62030522E-03    0.32336451E-03   -0.18275040E-03   -0.33236398E-03
 0.16383189E-03   -0.43396992E-04    0.34181967E-03   -0.10136840E-02    0.19629397E-02
-0.85951723E-05    0.19752672E-03    0.21204115E-03    0.46330513E-03   -0.21882307E-03
 0.74016825E-04   -0.61143525E-03    0.68665826E-03    0.19434277E-03   -0.70164670E-04
 0.61472298E-03    0.98440761E-04   -0.22160292E-04    0.67603983E-04   -0.10260036E-03
-0.93495255E-03   -0.77943253E-03    0.10901261E-03    0.50871936E-03   -0.24635271E-03
 0.54473788E-04   -0.62599959E-03    0.13222915E-02   -0.31365497E-02    0.17845700E-04
-0.35405163E-03   -0.18476284E-03   -0.50571799E-03    0.29955828E-03    0.14930066E-03
 0.12479402E-02   -0.73164180E-03   -0.25858461E-03    0.21674874E-03   -0.74426999E-03
-0.74550200E-04    0.90947848E-04   -0.14537048E-03    0.70661894E-02    0.95463736E-03
-0.49602642E-03    0.13548135E-03    0.21701694E-03    0.58133128E-03   -0.43795926E-05
-0.17627860E-04    0.20018328E-02   -0.12427386E-02    0.10463482E-02    0.58772290E-03
-0.89664099E-04   -0.21982279E-03   -0.51157615E-04    0.28268894E-03   -0.11179611E-02
-0.10168219E-02   -0.14995179E-02    0.28678630E-03   -0.20601407E-02   -0.10005105E-02
 0.74207564E-03   -0.22306338E-03    0.30296525E-04   -0.50661930E-02    0.14390044E-01
 0.86902789E-03   -0.89274753E-03    0.73420193E-03   -0.49100384E-03   -0.16831375E-02
-0.31482162E-03    0.41978301E-03    0.76974401E-05   -0.26827599E-02    0.10145992E-02
 0.50078095E-03   -0.21354819E-03    0.24767447E-04    0.46238558E-03    0.34149756E-03
-0.12082433E-02    0.16541709E-02    0.37077589E-03    0.25765677E-02   -0.43201649E-03
 0.31219980E-02    0.15900647E-02   -0.24588869E-02    0.99443526E-03   -0.11311592E-03
 0.62770031E-02    0.38680596E-02   -0.72570113E-02   -0.35469446E-02    0.73429246E-02
-0.99806976E-03    0.64077638E-03    0.20396991E-02    0.13079082E-03   -0.51942729E-03
-0.14596494E-03    0.26007623E-03    0.40491429E-04   -0.23034175E-03    0.11594084E-03
-0.42825354E-03    0.26569280E-03   -0.48092686E-03    0.64921226E-03    0.14496875E-02
-0.19413829E-02   -0.10038636E-02    0.46394226E-02    0.25719915E-04   -0.68001224E-03
-0.42461195E-03    0.16164469E-03    0.38064027E-03   -0.18125550E-03    0.47893920E-04
-0.41870444E-03    0.11387520E-02   -0.22228274E-02   -0.56152923E-04   -0.21667889E-03
-0.22417709E-03   -0.47264524E-03    0.29273090E-03   -0.44862052E-04    0.70213727E-03
-0.74215214E-03   -0.24272664E-03    0.62873863E-04   -0.68943446E-03   -0.10461627E-03
 0.96706132E-05   -0.80736509E-04    0.13406676E-03    0.10617703E-02    0.93705447E-03
-0.56198525E-04   -0.65797214E-03    0.30443587E-03   -0.63616758E-04    0.74255056E-03
-0.14933406E-02    0.35253351E-02    0.19659365E-04    0.42341971E-03    0.22090299E-03
 0.53737683E-03   -0.38490683E-03   -0.17767688E-03   -0.15240497E-02    0.87275610E-03
 0.37998591E-03   -0.18711926E-03    0.81516784E-03    0.14447889E-03   -0.71155905E-04
 0.17258122E-03   -0.82291837E-02   -0.11212177E-02    0.59023252E-03   -0.14421883E-03
-0.25390389E-03   -0.61186869E-03   -0.51362224E-05    0.24120491E-04   -0.23516426E-02
 0.14437763E-02   -0.12445951E-02   -0.66357098E-03    0.10241038E-03    0.25175012E-03
 0.54681249E-04   -0.34588649E-03    0.12693396E-02    0.11744122E-02    0.17538054E-02
-0.39059371E-03    0.23393395E-02    0.11704003E-02   -0.91882816E-03    0.26824032E-03
-0.36718628E-04    0.54573302E-02   -0.16957170E-01   -0.14121684E-02    0.94193429E-03
-0.86462637E-03    0.45676389E-03    0.18816387E-02    0.32883149E-03   -0.47944961E-03
-0.97280822E-05    0.30748273E-02   -0.11613842E-02   -0.59625102E-03    0.10748467E-03
-0.34596372E-04   -0.52865287E-03   -0.34733136E-03    0.16588978E-02   -0.18336839E-02
-0.47064992E-03   -0.29254468E-02    0.63745187E-03   -0.34440513E-02   -0.18029818E-02
 0.28530225E-02   -0.11031739E-02    0.12585630E-03   -0.72359895E-02    0.87098785E-02
-0.64222824E-02    0.58797789E-02    0.37714631E-02   -0.81905668E-02    0.10732524E-02
-0.64781166E-03   -0.32050940E-02   -0.77145260E-03    0.68687343E-03    0.16716210E-03
-0.30428863E-03   -0.37899938E-04    0.23933039E-03   -0.13567599E-03    0.68239242E-03
-0.37172910E-03    0.62443152E-03   -0.83463070E-03   -0.15456728E-02    0.23727466E-02
 0.10046117E-02   -0.47576761E-02   -0.28755158E-04    0.54074839E-03    0.57275591E-03
 0.17501373E-03   -0.46392960E-03    0.20974973E-03   -0.53782830E-04    0.45247341E-03
-0.10435113E-02    0.16227772E-02    0.64511194E-04    0.21142675E-03    0.26159568E-03
 0.34759434E-03   -0.36707040E-03    0.80870716E-04   -0.78086684E-03    0.71993243E-03
 0.40157621E-03   -0.41836059E-04    0.55788506E-03    0.37675960E-03    0.13525498E-04
 0.82032928E-04   -0.58950512E-04   -0.87495052E-03   -0.11192738E-02   -0.23642245E-03
 0.88112045E-03   -0.37078272E-03    0.67386968E-04   -0.64534291E-03    0.12611056E-02
-0.23521638E-02    0.82544754E-04   -0.42687577E-03   -0.31520365E-03   -0.38905048E-03
 0.64440911E-03    0.33443874E-04    0.17327668E-02   -0.10652461E-02   -0.75520292E-03
-0.50076363E-04   -0.69745765E-03   -0.37141272E-03   -0.14411257E-03   -0.16323134E-03
 0.87719312E-02    0.11778404E-02   -0.69588286E-03    0.19446914E-03    0.36938811E-03
 0.59100808E-03    0.19827483E-04   -0.27385835E-04    0.25202935E-02   -0.15492270E-02
 0.10013547E-02    0.71014226E-03   -0.12370612E-03   -0.25999731E-03   -0.82879000E-04
 0.37595753E-03   -0.13231277E-02   -0.12093888E-02   -0.18642040E-02    0.50341113E-03
-0.25101455E-02   -0.13828363E-02    0.11054956E-02   -0.25825455E-03    0.35620292E-04
-0.50046405E-02    0.18371953E-01    0.21494617E-02   -0.70545265E-03    0.94209407E-03
-0.47960090E-03   -0.20835134E-02   -0.42386408E-03    0.49435358E-03   -0.16873691E-05
-0.31425491E-02    0.11673821E-02    0.11170190E-02    0.10788296E-03    0.55151548E-04
 0.52732304E-03    0.27946003E-03   -0.19954896E-02    0.19162679E-02    0.46700451E-03
 0.29201007E-02   -0.84572456E-03    0.33796238E-02    0.20517163E-02   -0.31443892E-02
 0.10013004E-02   -0.11600462E-03    0.79278005E-02   -0.98188144E-02    0.12189002E-01
 0.91696189E-03   -0.16282114E-02   -0.41417688E-03    0.18949603E-02   -0.24719323E-03
 0.14671982E-03    0.35379957E-03    0.65138885E-04    0.50383302E-03   -0.68934711E-04
 0.21046933E-04    0.42051200E-04   -0.85593335E-04   -0.33230214E-04    0.57484921E-04
 0.26022323E-04    0.73013865E-04    0.12997425E-03    0.48269627E-03   -0.70704468E-03
-0.62574983E-03    0.46025205E-02    0.19184863E-04   -0.20793469E-03   -0.12775992E-03
 0.21068030E-04   -0.36057706E-04   -0.34204072E-04    0.10447153E-04   -0.12842633E-03
 0.26390630E-03   -0.63835820E-03   -0.18813995E-04   -0.84522061E-04   -0.43176918E-04
-0.86450424E-04    0.59829818E-05   -0.84845228E-04    0.13597906E-03   -0.15619032E-03
-0.61372505E-04    0.11643927E-05   -0.18217690E-03    0.16374777E-04    0.19140827E-04
-0.18527508E-04    0.72966485E-05    0.30134942E-03    0.28971964E-03    0.26702609E-04
 0.63545457E-05    0.77077649E-04   -0.17184880E-04    0.21361061E-03   -0.31545953E-03
 0.88264356E-03   -0.31839131E-04    0.13202991E-03    0.38445610E-04    0.74526194E-04
 0.40126781E-04    0.91508556E-04   -0.32336794E-03    0.19558984E-03    0.97979157E-04
-0.72563651E-04    0.21967990E-03    0.11412818E-04   -0.27408984E-04    0.38926888E-04
-0.50749457E-02   -0.70139611E-03    0.37209318E-03   -0.11921937E-03   -0.20635235E-03
-0.47123546E-03    0.30410855E-04    0.67248157E-05   -0.13480766E-02    0.76502879E-03
-0.66042474E-03   -0.39529579E-03    0.76376918E-04    0.19076664E-03    0.82073522E-04
-0.24747224E-03    0.80109563E-03    0.60444762E-03    0.11566485E-02   -0.13439494E-03
 0.14138016E-02    0.68556078E-03   -0.56489758E-03    0.15891346E-03   -0.18895723E-04
 0.68232034E-02   -0.19231992E-01    0.10715424E-02    0.15826952E-02   -0.87690219E-03
 0.96741796E-03    0.26673653E-02    0.14720725E-03   -0.56533160E-03   -0.15642009E-04
 0.29619535E-02   -0.10290323E-02   -0.14641353E-02    0.72650795E-03    0.28407376E-04
-0.58274224E-03   -0.85818921E-03    0.64087880E-03   -0.19314306E-02    0.24833823E-03
-0.37567982E-02   -0.12624875E-03   -0.38584943E-02   -0.19161365E-02    0.32567911E-02
-0.16015586E-02    0.17095028E-03   -0.18424379E-02    0.22174542E-02   -0.25500482E-02
 0.14666342E-02    0.16735913E-03    0.46928237E-03    0.22034106E-03   -0.38416847E-03
 0.46265594E-04   -0.68857507E-05    0.31068076E-04    0.10148594E-03   -0.36663652E-03
-0.73302800E-03    0.23969937E-04   -0.25437160E-04    0.88715639E-05    0.11398787E-03
-0.67008205E-04   -0.11114954E-04   -0.13017778E-03   -0.35101556E-03   -0.13872220E-03
 0.18750471E-03    0.22624507E-03    0.16852252E-03    0.12889661E-05    0.80341529E-04
 0.39468270E-04   -0.55067218E-04    0.83083868E-04    0.55512453E-06   -0.40642854E-05
 0.20064414E-04   -0.96620601E-04    0.27682699E-03   -0.94872722E-05    0.44379187E-04
 0.63327661E-05   -0.25656670E-04    0.84014680E-05    0.26300281E-04   -0.50559887E-04
 0.74426423E-04    0.44147307E-05    0.17252582E-04    0.34047736E-04    0.65602677E-05
-0.11104410E-04    0.25235497E-05   -0.20906038E-04   -0.91842989E-04   -0.97660619E-04
 0.48819291E-04   -0.12636329E-03   -0.55271101E-05    0.11422948E-04   -0.15550767E-03
 0.60849418E-04   -0.28647733E-03   -0.21519697E-05   -0.74644106E-04    0.18091696E-04
 0.31118479E-04    0.58827410E-05   -0.27582993E-04    0.41715217E-04   -0.43501741E-04
-0.13855546E-03    0.62757337E-04   -0.76797918E-04   -0.48865854E-05    0.37463160E-04
-0.73568808E-05    0.22142175E-02    0.29890889E-03   -0.14756844E-03    0.95720330E-04
 0.11783277E-03    0.24612463E-03   -0.18407574E-04   -0.16753877E-05    0.50574571E-03
-0.29909271E-03    0.34010633E-03    0.18476232E-03   -0.13037915E-04   -0.10059655E-03
-0.71937870E-04    0.12969548E-03   -0.35577468E-03   -0.20188916E-03   -0.54373154E-03
 0.29967928E-04   -0.63286765E-03   -0.29387948E-03    0.26564436E-03   -0.66703339E-04
 0.37060940E-05   -0.65868839E-02    0.69836756E-02   -0.89118960E-02   -0.26066638E-02
-0.17870013E-03   -0.18939059E-02   -0.16604015E-02    0.17513014E-02    0.19586826E-03
 0.68943279E-04   -0.15512391E-02    0.13947214E-02    0.59907158E-03   -0.13512354E-02
-0.44076835E-03    0.16798560E-03    0.12398415E-02    0.36648972E-02    0.98751275E-04
-0.18615448E-02    0.19954435E-02    0.80194587E-03    0.26348628E-02    0.11886347E-02
-0.14418251E-02    0.16626348E-02   -0.16178949E-03    0.39121867E-03   -0.41660225E-03
 0.38542647E-03   -0.56266140E-03    0.11653166E-02    0.11145593E-02   -0.87766564E-04
 0.10831370E-02   -0.75116445E-05   -0.85223269E-04    0.83774069E-04    0.82030456E-04
 0.29485179E-03   -0.80724405E-03   -0.31663422E-02    0.14053237E-03    0.12307014E-03
-0.85680963E-04    0.35382010E-03   -0.19432969E-03   -0.50662272E-03   -0.53864128E-03
-0.29972072E-02    0.28125814E-03   -0.24388973E-03    0.43063588E-03    0.45359698E-02
 0.27742506E-04   -0.27510372E-04   -0.40261565E-04   -0.20247040E-03    0.91701480E-04
-0.24536756E-04   -0.87126183E-05   -0.36403343E-04   -0.21380510E-03    0.32380501E-03
 0.23123779E-04    0.90859206E-04   -0.38747504E-04   -0.29212983E-03    0.43077774E-04
 0.51652360E-04   -0.13305933E-03   -0.11339960E-04   -0.16223566E-03    0.20950120E-04
-0.11114904E-03    0.44715685E-04   -0.86671560E-05   -0.57362407E-05    0.40476518E-04
 0.25935661E-04   -0.96476235E-04    0.24445671E-03   -0.12529249E-03    0.36964954E-04
 0.25093306E-04   -0.31670055E-03    0.10519797E-03   -0.16505466E-03    0.49037950E-04
-0.14531410E-03    0.10239331E-03    0.25719267E-03   -0.28585599E-05   -0.11049246E-03
-0.63528545E-04    0.16556353E-03   -0.34903762E-03    0.21302461E-03    0.34695102E-04
-0.97868703E-04    0.10241773E-03    0.17391670E-04    0.34254900E-02    0.40868238E-03
-0.18755781E-03    0.28732342E-03    0.24985408E-03    0.56585431E-03   -0.10452418E-03
-0.89131560E-06    0.50126198E-03   -0.71929815E-03    0.63761704E-03    0.25457645E-03
 0.58991729E-05   -0.16670847E-03   -0.21510569E-03    0.25626355E-03   -0.62975917E-03
-0.25715197E-03   -0.10139560E-02   -0.17181142E-03   -0.11619830E-02   -0.60295354E-03
 0.56895258E-03   -0.67948308E-04    0.90482606E-05   -0.19713559E-01    0.10771011E-01
-0.34926832E-01   -0.88238165E-02   -0.16771958E-02   -0.66485106E-02   -0.39672688E-02
 0.72442339E-02    0.32478078E-03    0.25853530E-03   -0.32733511E-02    0.48905897E-02
 0.56645140E-03   -0.46806784E-02   -0.16979444E-02    0.14901118E-03    0.42001742E-02
 0.15373542E-01   -0.13302481E-02   -0.70547084E-02    0.45403706E-02    0.29680960E-02
 0.71847912E-02    0.30721195E-02   -0.27384165E-02    0.51605863E-02   -0.51292485E-03
 0.68528488E-04    0.54193600E-04   -0.25432399E-03   -0.81768093E-03    0.33964405E-02
 0.16261757E-01
