Mplus VERSION 9
MUTHEN & MUTHEN
10/09/2026   9:32 PM

INPUT INSTRUCTIONS

  TITLE:
  Round2E CFPS_SD_E0_03_base
  DATA:
  FILE = "data.dat";
  VARIABLE:
  NAMES = fid x1 x2 x3 x4 x5 y1 y2 y3 y4 y5 z1 z2 z3 z4 z5 z0 gedu gurb ginc c1 c2 c3 c4
    c5 c6 c7 c8 c9 c10 c11 c12 c13 c14 c15 c16 c17 c18 c19 c20 c21 c22 c23 c24;
   MISSING=.;
   CLUSTER=fid; USEVARIABLES=x1-x5 y1-y5 z0 c1-c24;
  ANALYSIS:
  TYPE=COMPLEX; ESTIMATOR=MLR; PROCESSORS=1; COVERAGE=.005; ITERATIONS=2000;
  MODEL:
  ix sx | x1@0 x2*0.4 x3*0.6 x4*0.8 x5@1 ;
  iy sy | y1@0 y2@0.4 y3@0.6 y4@0.8 y5@1 ;
  iy ON ix (bii);
  sy ON ix (bis);
  sy ON sx (bss);
  sy ON iy (bsyiy);
  ix WITH sx;
  ix sx iy sy ON c1-c24;
  sx WITH iy;
  x1 WITH y1;
  x2 WITH y2;
  x3 WITH y3;
  x4 WITH y4;
  x5 WITH y5;
  ix sx ON z0;
  iy ON z0 (gi0);
  sy ON z0 (gs0);
  x1 y1 ON z0;
  sx BY x2*0.76969457;
  sx BY x3*0.66753447;
  sx BY x4*1.1239048;
  [ix*-0.14548425];
  [sx*0.20270954];
  [iy*0.24005607];
  [sy*-0.1277395];
  x1*0.67806655;
  x2*0.65763146;
  x3*0.54787886;
  x4*0.52745748;
  x5*0.49812421;
  y1*0.54991239;
  y2*0.63583827;
  y3*0.57518953;
  y4*0.58306181;
  y5*0.61072361;
  ix*0.19245982;
  sx*0.10563424;
  iy*0.206021;
  sy*0.033931792;
  iy ON ix*-0.35889384;
  sy ON ix*0.12461628;
  sy ON sx*-0.31924537;
  sy ON iy*0.41808423;
  ix WITH sx*0.0062444187;
  ix ON c1*-0.1414514;
  sx ON c1*0.02572743;
  iy ON c1*-0.22014141;
  sy ON c1*0.039094217;
  ix ON c2*0.08262118;
  sx ON c2*-0.014677535;
  iy ON c2*-0.063494802;
  sy ON c2*0.0092275348;
  ix ON c3*-0.032209575;
  sx ON c3*0.040131368;
  iy ON c3*-0.16735172;
  sy ON c3*0.092198268;
  ix ON c4*-0.042951953;
  sx ON c4*0.12169072;
  iy ON c4*-0.063224703;
  sy ON c4*0.19435757;
  ix ON c5*-0.06075513;
  sx ON c5*-0.021205934;
  iy ON c5*0.23799816;
  sy ON c5*-0.19519788;
  ix ON c6*0.012370764;
  sx ON c6*-0.029730394;
  iy ON c6*-0.0027631533;
  sy ON c6*0.045562502;
  ix ON c7*-0.00082103314;
  sx ON c7*3.3426768e-05;
  iy ON c7*0.0076865144;
  sy ON c7*-0.015870901;
  ix ON c8*-0.25704378;
  sx ON c8*0.064345755;
  iy ON c8*-0.046302039;
  sy ON c8*0.052541889;
  ix ON c9*0.080517255;
  sx ON c9*0.021205707;
  iy ON c9*0.10174943;
  sy ON c9*-0.15516484;
  ix ON c10*-0.091106892;
  sx ON c10*-0.11227764;
  iy ON c10*0.020549482;
  sy ON c10*0.19271883;
  ix ON c11*-0.054821327;
  sx ON c11*-0.0091990521;
  iy ON c11*-0.12492973;
  sy ON c11*0.26171172;
  ix ON c12*0.018690968;
  sx ON c12*0.0081951646;
  iy ON c12*-0.050690733;
  sy ON c12*0.04007652;
  ix ON c13*0.040491384;
  sx ON c13*-0.019189857;
  iy ON c13*-0.013232592;
  sy ON c13*0.03523377;
  ix ON c14*0.01821721;
  sx ON c14*-0.034691572;
  iy ON c14*0.092073627;
  sy ON c14*-0.18091036;
  ix ON c15*-0.011090619;
  sx ON c15*0.017896298;
  iy ON c15*0.48278379;
  sy ON c15*-0.44317508;
  ix ON c16*0.17739253;
  sx ON c16*-0.064017102;
  iy ON c16*-0.093851663;
  sy ON c16*0.0031027817;
  ix ON c17*0.073295891;
  sx ON c17*0.067114994;
  iy ON c17*-0.21219301;
  sy ON c17*0.26784936;
  ix ON c18*0.20842277;
  sx ON c18*-0.10024502;
  iy ON c18*0.035711393;
  sy ON c18*0.033272061;
  ix ON c19*0.053493023;
  sx ON c19*-0.055148464;
  iy ON c19*0.065278724;
  sy ON c19*0.067093141;
  ix ON c20*0.24439934;
  sx ON c20*-0.084102347;
  iy ON c20*0.094227679;
  sy ON c20*-0.13710847;
  ix ON c21*0.15779215;
  sx ON c21*-0.056508143;
  iy ON c21*0.035399299;
  sy ON c21*0.0099369623;
  ix ON c22*-0.09703093;
  sx ON c22*0.12411925;
  iy ON c22*-0.025172858;
  sy ON c22*0.1653205;
  ix ON c23*0.026262335;
  sx ON c23*-0.065094866;
  iy ON c23*0.12798797;
  sy ON c23*-0.13627817;
  ix ON c24*-0.0024416093;
  sx ON c24*0.007693111;
  iy ON c24*-0.011856764;
  sy ON c24*0.0085515026;
  iy WITH sx*-0.021857768;
  x1 WITH y1*-0.017311016;
  x2 WITH y2*-0.068092704;
  x3 WITH y3*-0.049084421;
  x4 WITH y4*-0.048931129;
  x5 WITH y5*-0.028671192;
  ix ON z0*-0.10884806;
  sx ON z0*-0.0072882525;
  iy ON z0*-0.0062099234;
  sy ON z0*0.033456299;
  x1 ON z0*-0.13338441;
  y1 ON z0*0.062464621;
  OUTPUT:
  TECH1 TECH3 TECH4 SAMPSTAT RESIDUAL CINTERVAL SVALUES;
  SAVEDATA:
  TECH3=tech3.dat; RESULTS=estimates.dat;



INPUT READING TERMINATED NORMALLY




Round2E CFPS_SD_E0_03_base

SUMMARY OF ANALYSIS

Number of groups                                                 1
Number of observations                                        3274

Number of dependent variables                                   10
Number of independent variables                                 25
Number of continuous latent variables                            4

Observed dependent variables

  Continuous
   X1          X2          X3          X4          X5          Y1
   Y2          Y3          Y4          Y5

Observed independent variables
   Z0          C1          C2          C3          C4          C5
   C6          C7          C8          C9          C10         C11
   C12         C13         C14         C15         C16         C17
   C18         C19         C20         C21         C22         C23
   C24

Continuous latent variables
   SX          IX          IY          SY

Variables with special functions

  Cluster variable      FID

Estimator                                                      MLR
Information matrix                                        OBSERVED
Maximum number of iterations                                  2000
Convergence criterion                                    0.500D-04
Maximum number of steepest descent iterations                   20
Maximum number of iterations for H1                           2000
Convergence criterion for H1                             0.100D-03

Input data file(s)
  data.dat

Input data format  FREE


SUMMARY OF DATA

     Number of missing data patterns            68
     Number of clusters                       2410



COVARIANCE COVERAGE OF DATA

Minimum covariance coverage value   0.005


     PROPORTION OF DATA PRESENT


           Covariance Coverage
              X1            X2            X3            X4            X5
              ________      ________      ________      ________      ________
 X1             1.000
 X2             0.917         0.917
 X3             0.687         0.616         0.687
 X4             0.335         0.310         0.292         0.335
 X5             0.273         0.252         0.239         0.178         0.273
 Y1             1.000         0.917         0.687         0.335         0.273
 Y2             0.918         0.915         0.615         0.311         0.252
 Y3             0.726         0.653         0.677         0.303         0.249
 Y4             0.365         0.337         0.309         0.324         0.195
 Y5             0.272         0.252         0.234         0.175         0.262
 Z0             1.000         0.917         0.687         0.335         0.273
 C1             1.000         0.917         0.687         0.335         0.273
 C2             1.000         0.917         0.687         0.335         0.273
 C3             1.000         0.917         0.687         0.335         0.273
 C4             1.000         0.917         0.687         0.335         0.273
 C5             1.000         0.917         0.687         0.335         0.273
 C6             1.000         0.917         0.687         0.335         0.273
 C7             1.000         0.917         0.687         0.335         0.273
 C8             1.000         0.917         0.687         0.335         0.273
 C9             1.000         0.917         0.687         0.335         0.273
 C10            1.000         0.917         0.687         0.335         0.273
 C11            1.000         0.917         0.687         0.335         0.273
 C12            1.000         0.917         0.687         0.335         0.273
 C13            1.000         0.917         0.687         0.335         0.273
 C14            1.000         0.917         0.687         0.335         0.273
 C15            1.000         0.917         0.687         0.335         0.273
 C16            1.000         0.917         0.687         0.335         0.273
 C17            1.000         0.917         0.687         0.335         0.273
 C18            1.000         0.917         0.687         0.335         0.273
 C19            1.000         0.917         0.687         0.335         0.273
 C20            1.000         0.917         0.687         0.335         0.273
 C21            1.000         0.917         0.687         0.335         0.273
 C22            1.000         0.917         0.687         0.335         0.273
 C23            1.000         0.917         0.687         0.335         0.273
 C24            1.000         0.917         0.687         0.335         0.273


           Covariance Coverage
              Y1            Y2            Y3            Y4            Y5
              ________      ________      ________      ________      ________
 Y1             1.000
 Y2             0.918         0.918
 Y3             0.726         0.653         0.726
 Y4             0.365         0.338         0.330         0.365
 Y5             0.272         0.252         0.248         0.196         0.272
 Z0             1.000         0.918         0.726         0.365         0.272
 C1             1.000         0.918         0.726         0.365         0.272
 C2             1.000         0.918         0.726         0.365         0.272
 C3             1.000         0.918         0.726         0.365         0.272
 C4             1.000         0.918         0.726         0.365         0.272
 C5             1.000         0.918         0.726         0.365         0.272
 C6             1.000         0.918         0.726         0.365         0.272
 C7             1.000         0.918         0.726         0.365         0.272
 C8             1.000         0.918         0.726         0.365         0.272
 C9             1.000         0.918         0.726         0.365         0.272
 C10            1.000         0.918         0.726         0.365         0.272
 C11            1.000         0.918         0.726         0.365         0.272
 C12            1.000         0.918         0.726         0.365         0.272
 C13            1.000         0.918         0.726         0.365         0.272
 C14            1.000         0.918         0.726         0.365         0.272
 C15            1.000         0.918         0.726         0.365         0.272
 C16            1.000         0.918         0.726         0.365         0.272
 C17            1.000         0.918         0.726         0.365         0.272
 C18            1.000         0.918         0.726         0.365         0.272
 C19            1.000         0.918         0.726         0.365         0.272
 C20            1.000         0.918         0.726         0.365         0.272
 C21            1.000         0.918         0.726         0.365         0.272
 C22            1.000         0.918         0.726         0.365         0.272
 C23            1.000         0.918         0.726         0.365         0.272
 C24            1.000         0.918         0.726         0.365         0.272


           Covariance Coverage
              Z0            C1            C2            C3            C4
              ________      ________      ________      ________      ________
 Z0             1.000
 C1             1.000         1.000
 C2             1.000         1.000         1.000
 C3             1.000         1.000         1.000         1.000
 C4             1.000         1.000         1.000         1.000         1.000
 C5             1.000         1.000         1.000         1.000         1.000
 C6             1.000         1.000         1.000         1.000         1.000
 C7             1.000         1.000         1.000         1.000         1.000
 C8             1.000         1.000         1.000         1.000         1.000
 C9             1.000         1.000         1.000         1.000         1.000
 C10            1.000         1.000         1.000         1.000         1.000
 C11            1.000         1.000         1.000         1.000         1.000
 C12            1.000         1.000         1.000         1.000         1.000
 C13            1.000         1.000         1.000         1.000         1.000
 C14            1.000         1.000         1.000         1.000         1.000
 C15            1.000         1.000         1.000         1.000         1.000
 C16            1.000         1.000         1.000         1.000         1.000
 C17            1.000         1.000         1.000         1.000         1.000
 C18            1.000         1.000         1.000         1.000         1.000
 C19            1.000         1.000         1.000         1.000         1.000
 C20            1.000         1.000         1.000         1.000         1.000
 C21            1.000         1.000         1.000         1.000         1.000
 C22            1.000         1.000         1.000         1.000         1.000
 C23            1.000         1.000         1.000         1.000         1.000
 C24            1.000         1.000         1.000         1.000         1.000


           Covariance Coverage
              C5            C6            C7            C8            C9
              ________      ________      ________      ________      ________
 C5             1.000
 C6             1.000         1.000
 C7             1.000         1.000         1.000
 C8             1.000         1.000         1.000         1.000
 C9             1.000         1.000         1.000         1.000         1.000
 C10            1.000         1.000         1.000         1.000         1.000
 C11            1.000         1.000         1.000         1.000         1.000
 C12            1.000         1.000         1.000         1.000         1.000
 C13            1.000         1.000         1.000         1.000         1.000
 C14            1.000         1.000         1.000         1.000         1.000
 C15            1.000         1.000         1.000         1.000         1.000
 C16            1.000         1.000         1.000         1.000         1.000
 C17            1.000         1.000         1.000         1.000         1.000
 C18            1.000         1.000         1.000         1.000         1.000
 C19            1.000         1.000         1.000         1.000         1.000
 C20            1.000         1.000         1.000         1.000         1.000
 C21            1.000         1.000         1.000         1.000         1.000
 C22            1.000         1.000         1.000         1.000         1.000
 C23            1.000         1.000         1.000         1.000         1.000
 C24            1.000         1.000         1.000         1.000         1.000


           Covariance Coverage
              C10           C11           C12           C13           C14
              ________      ________      ________      ________      ________
 C10            1.000
 C11            1.000         1.000
 C12            1.000         1.000         1.000
 C13            1.000         1.000         1.000         1.000
 C14            1.000         1.000         1.000         1.000         1.000
 C15            1.000         1.000         1.000         1.000         1.000
 C16            1.000         1.000         1.000         1.000         1.000
 C17            1.000         1.000         1.000         1.000         1.000
 C18            1.000         1.000         1.000         1.000         1.000
 C19            1.000         1.000         1.000         1.000         1.000
 C20            1.000         1.000         1.000         1.000         1.000
 C21            1.000         1.000         1.000         1.000         1.000
 C22            1.000         1.000         1.000         1.000         1.000
 C23            1.000         1.000         1.000         1.000         1.000
 C24            1.000         1.000         1.000         1.000         1.000


           Covariance Coverage
              C15           C16           C17           C18           C19
              ________      ________      ________      ________      ________
 C15            1.000
 C16            1.000         1.000
 C17            1.000         1.000         1.000
 C18            1.000         1.000         1.000         1.000
 C19            1.000         1.000         1.000         1.000         1.000
 C20            1.000         1.000         1.000         1.000         1.000
 C21            1.000         1.000         1.000         1.000         1.000
 C22            1.000         1.000         1.000         1.000         1.000
 C23            1.000         1.000         1.000         1.000         1.000
 C24            1.000         1.000         1.000         1.000         1.000


           Covariance Coverage
              C20           C21           C22           C23           C24
              ________      ________      ________      ________      ________
 C20            1.000
 C21            1.000         1.000
 C22            1.000         1.000         1.000
 C23            1.000         1.000         1.000         1.000
 C24            1.000         1.000         1.000         1.000         1.000


SAMPLE STATISTICS


     ESTIMATED SAMPLE STATISTICS


           Means
              X1            X2            X3            X4            X5
              ________      ________      ________      ________      ________
                0.000         0.203         0.166         0.248         0.241


           Means
              Y1            Y2            Y3            Y4            Y5
              ________      ________      ________      ________      ________
                0.000         0.027         0.105         0.034         0.175


           Means
              Z0            C1            C2            C3            C4
              ________      ________      ________      ________      ________
                0.000         0.496         0.195         0.436         0.308


           Means
              C5            C6            C7            C8            C9
              ________      ________      ________      ________      ________
                0.242         3.159         7.155         0.202         0.079


           Means
              C10           C11           C12           C13           C14
              ________      ________      ________      ________      ________
                0.004         0.108         2.196         0.688         0.539


           Means
              C15           C16           C17           C18           C19
              ________      ________      ________      ________      ________
                0.318         0.434         0.829         0.233         0.186


           Means
              C20           C21           C22           C23           C24
              ________      ________      ________      ________      ________
                0.109         0.212         0.684         0.292         3.698


           Covariances
              X1            X2            X3            X4            X5
              ________      ________      ________      ________      ________
 X1             1.000
 X2             0.296         0.970
 X3             0.248         0.259         0.817
 X4             0.276         0.367         0.352         0.971
 X5             0.293         0.311         0.292         0.445         0.870
 Y1            -0.164        -0.164        -0.126        -0.164        -0.167
 Y2            -0.127        -0.226        -0.135        -0.187        -0.180
 Y3            -0.158        -0.160        -0.195        -0.186        -0.195
 Y4            -0.161        -0.141        -0.158        -0.244        -0.241
 Y5            -0.104        -0.182        -0.122        -0.212        -0.228
 Z0            -0.261        -0.134        -0.136        -0.150        -0.132
 C1            -0.020        -0.017        -0.019        -0.012        -0.008
 C2             0.033         0.023         0.007         0.037         0.019
 C3             0.031         0.029         0.009         0.026         0.014
 C4            -0.006         0.030         0.020         0.015        -0.002
 C5            -0.019        -0.042        -0.028        -0.011        -0.026
 C6            -0.004        -0.029        -0.018        -0.038        -0.068
 C7            -0.086        -0.172        -0.084        -0.221        -0.204
 C8            -0.039        -0.029        -0.042        -0.029        -0.022
 C9             0.016         0.012         0.022         0.015         0.012
 C10            0.000        -0.002        -0.002         0.001         0.001
 C11           -0.006        -0.009        -0.009        -0.040         0.004
 C12            0.063         0.059         0.025         0.049         0.065
 C13            0.114         0.084         0.019         0.095         0.045
 C14           -0.006        -0.005        -0.030         0.004        -0.013
 C15           -0.039        -0.034        -0.024        -0.025        -0.027
 C16            0.052         0.042         0.037         0.041         0.025
 C17            0.013         0.017         0.027         0.033         0.023
 C18            0.047         0.036         0.029         0.020         0.033
 C19           -0.022        -0.014        -0.013        -0.025        -0.015
 C20            0.032         0.023         0.024         0.016         0.021
 C21            0.018         0.007        -0.002         0.008         0.009
 C22           -0.045        -0.021        -0.006        -0.032        -0.013
 C23            0.005        -0.030        -0.018        -0.110        -0.036
 C24            0.218         0.272        -0.065         0.326         0.196


           Covariances
              Y1            Y2            Y3            Y4            Y5
              ________      ________      ________      ________      ________
 Y1             1.000
 Y2             0.453         1.154
 Y3             0.492         0.618         1.168
 Y4             0.442         0.467         0.507         1.085
 Y5             0.416         0.549         0.559         0.549         1.187
 Z0             0.158         0.107         0.109         0.106         0.129
 C1            -0.082        -0.087        -0.089        -0.073        -0.073
 C2            -0.062        -0.064        -0.063        -0.058        -0.053
 C3            -0.078        -0.079        -0.084        -0.080        -0.055
 C4            -0.030        -0.007        -0.016         0.015        -0.002
 C5             0.075         0.064         0.061         0.032         0.040
 C6             0.093         0.124         0.096         0.166         0.131
 C7             0.535         0.462         0.448         0.615         0.369
 C8             0.005         0.007         0.015        -0.003        -0.002
 C9            -0.007        -0.011        -0.015        -0.008        -0.018
 C10            0.002         0.002         0.000         0.005         0.002
 C11           -0.001         0.010         0.008         0.001         0.011
 C12           -0.112        -0.102        -0.134        -0.086        -0.067
 C13           -0.252        -0.228        -0.229        -0.222        -0.202
 C14            0.050         0.016         0.027         0.002         0.034
 C15            0.164         0.140         0.139         0.104         0.104
 C16           -0.129        -0.121        -0.119        -0.077        -0.106
 C17           -0.055        -0.049        -0.048        -0.026        -0.033
 C18           -0.015         0.002        -0.008        -0.003        -0.004
 C19            0.034         0.032         0.029         0.040         0.051
 C20           -0.007        -0.010        -0.015        -0.005        -0.014
 C21            0.022         0.022         0.015        -0.003         0.043
 C22            0.071         0.075         0.077         0.074         0.061
 C23            0.201         0.141         0.188         0.113         0.105
 C24           -0.432        -0.526        -0.400        -0.550        -0.413


           Covariances
              Z0            C1            C2            C3            C4
              ________      ________      ________      ________      ________
 Z0             1.000
 C1            -0.010         0.250
 C2            -0.019         0.035         0.157
 C3            -0.036        -0.009         0.042         0.246
 C4            -0.002         0.000         0.004        -0.015         0.213
 C5             0.027         0.005        -0.018        -0.025        -0.075
 C6             0.093        -0.038        -0.061        -0.108         0.073
 C7             0.339        -0.146        -0.208        -0.467         0.194
 C8            -0.011        -0.002        -0.003        -0.002        -0.013
 C9            -0.015         0.002         0.006         0.016        -0.008
 C10            0.000        -0.001        -0.001        -0.001        -0.001
 C11            0.013         0.001        -0.002         0.012        -0.002
 C12           -0.055         0.040         0.026         0.009        -0.005
 C13           -0.078         0.127         0.192         0.232        -0.026
 C14            0.027        -0.003        -0.010        -0.022         0.003
 C15            0.041        -0.030        -0.022        -0.022         0.000
 C16           -0.019         0.030         0.018         0.004         0.002
 C17           -0.032         0.036         0.011         0.000         0.001
 C18           -0.042        -0.010        -0.007        -0.005         0.011
 C19            0.057         0.001        -0.004        -0.021         0.001
 C20           -0.025        -0.002        -0.001         0.016        -0.003
 C21            0.021        -0.014        -0.006        -0.004        -0.011
 C22            0.032        -0.008        -0.063        -0.113         0.003
 C23            0.030        -0.050        -0.021        -0.009        -0.016
 C24           -0.112         0.082         0.246         0.370        -0.053


           Covariances
              C5            C6            C7            C8            C9
              ________      ________      ________      ________      ________
 C5             0.184
 C6             0.031         1.375
 C7             0.196         3.685        22.445
 C8             0.004        -0.138        -0.329         0.161
 C9            -0.003        -0.038        -0.124        -0.016         0.073
 C10            0.002         0.002         0.011        -0.001         0.000
 C11           -0.008         0.083         0.343         0.000        -0.003
 C12            0.008        -0.045        -0.125         0.013        -0.002
 C13           -0.075        -0.279        -1.030         0.021         0.042
 C14            0.037         0.012         0.177         0.008        -0.014
 C15            0.012         0.018         0.115         0.001        -0.004
 C16           -0.008         0.000        -0.001        -0.008         0.003
 C17           -0.004        -0.060        -0.182        -0.001         0.004
 C18           -0.012         0.016        -0.015         0.000        -0.001
 C19            0.013         0.052         0.216        -0.006        -0.005
 C20           -0.001        -0.035        -0.124         0.004         0.004
 C21            0.015         0.013         0.072        -0.004         0.000
 C22            0.029         0.085         0.362        -0.005        -0.012
 C23            0.019         0.083         0.493         0.003        -0.003
 C24           -0.042        -0.613        -2.040         0.050         0.046


           Covariances
              C10           C11           C12           C13           C14
              ________      ________      ________      ________      ________
 C10            0.004
 C11            0.000         0.096
 C12           -0.001         0.000         1.036
 C13            0.000         0.039         0.248         1.541
 C14            0.002        -0.003         0.006        -0.083         0.248
 C15            0.000         0.002        -0.042        -0.080         0.003
 C16            0.000        -0.001         0.053         0.044         0.002
 C17            0.000        -0.024         0.015         0.029        -0.028
 C18            0.000        -0.004        -0.008        -0.050        -0.006
 C19            0.000        -0.002        -0.014        -0.058         0.018
 C20            0.000        -0.001         0.013         0.014         0.001
 C21            0.001         0.008        -0.004        -0.016         0.039
 C22            0.001        -0.017        -0.049        -0.356         0.036
 C23            0.001         0.050        -0.035        -0.055         0.022
 C24            0.004        -0.014         0.580         1.738         0.695


           Covariances
              C15           C16           C17           C18           C19
              ________      ________      ________      ________      ________
 C15            0.217
 C16           -0.138         0.246
 C17           -0.008         0.008         0.142
 C18           -0.002        -0.003        -0.001         0.179
 C19            0.007        -0.006        -0.006        -0.043         0.151
 C20           -0.002         0.003         0.003         0.027        -0.013
 C21            0.004        -0.004        -0.019        -0.007         0.013
 C22            0.023        -0.004        -0.002         0.018         0.022
 C23            0.089        -0.065        -0.032        -0.002         0.008
 C24           -0.138         0.056         0.084         0.012        -0.023


           Covariances
              C20           C21           C22           C23           C24
              ________      ________      ________      ________      ________
 C20            0.097
 C21           -0.023         0.167
 C22           -0.007         0.006         0.216
 C23            0.016         0.034         0.004         0.925
 C24            0.073         0.049        -0.417        -0.116        18.127


           Correlations
              X1            X2            X3            X4            X5
              ________      ________      ________      ________      ________
 X1             1.000
 X2             0.300         1.000
 X3             0.275         0.291         1.000
 X4             0.280         0.378         0.395         1.000
 X5             0.314         0.339         0.347         0.484         1.000
 Y1            -0.164        -0.166        -0.140        -0.166        -0.180
 Y2            -0.118        -0.214        -0.139        -0.177        -0.180
 Y3            -0.146        -0.150        -0.200        -0.175        -0.193
 Y4            -0.154        -0.137        -0.168        -0.238        -0.248
 Y5            -0.096        -0.170        -0.124        -0.197        -0.224
 Z0            -0.261        -0.136        -0.150        -0.152        -0.141
 C1            -0.040        -0.035        -0.042        -0.024        -0.017
 C2             0.082         0.058         0.018         0.096         0.052
 C3             0.063         0.060         0.020         0.053         0.031
 C4            -0.013         0.066         0.048         0.033        -0.005
 C5            -0.044        -0.100        -0.071        -0.025        -0.064
 C6            -0.003        -0.025        -0.017        -0.033        -0.062
 C7            -0.018        -0.037        -0.020        -0.047        -0.046
 C8            -0.098        -0.073        -0.114        -0.074        -0.059
 C9             0.059         0.046         0.089         0.058         0.049
 C10            0.002        -0.023        -0.041         0.015         0.020
 C11           -0.018        -0.031        -0.032        -0.131         0.014
 C12            0.062         0.058         0.027         0.049         0.069
 C13            0.092         0.069         0.017         0.078         0.039
 C14           -0.012        -0.010        -0.067         0.007        -0.029
 C15           -0.084        -0.075        -0.056        -0.055        -0.063
 C16            0.104         0.086         0.082         0.084         0.055
 C17            0.036         0.045         0.080         0.090         0.066
 C18            0.111         0.088         0.077         0.048         0.084
 C19           -0.056        -0.037        -0.037        -0.065        -0.042
 C20            0.103         0.076         0.087         0.054         0.071
 C21            0.043         0.017        -0.006         0.021         0.023
 C22           -0.097        -0.047        -0.015        -0.071        -0.031
 C23            0.005        -0.032        -0.021        -0.117        -0.040
 C24            0.051         0.065        -0.017         0.078         0.049


           Correlations
              Y1            Y2            Y3            Y4            Y5
              ________      ________      ________      ________      ________
 Y1             1.000
 Y2             0.422         1.000
 Y3             0.455         0.532         1.000
 Y4             0.425         0.418         0.451         1.000
 Y5             0.382         0.469         0.474         0.484         1.000
 Z0             0.158         0.099         0.101         0.102         0.119
 C1            -0.163        -0.162        -0.164        -0.141        -0.134
 C2            -0.156        -0.151        -0.148        -0.139        -0.123
 C3            -0.156        -0.148        -0.156        -0.154        -0.102
 C4            -0.064        -0.014        -0.033         0.032        -0.004
 C5             0.175         0.139         0.131         0.073         0.086
 C6             0.079         0.098         0.076         0.136         0.103
 C7             0.113         0.091         0.087         0.125         0.071
 C8             0.013         0.016         0.036        -0.008        -0.005
 C9            -0.026        -0.037        -0.051        -0.030        -0.060
 C10            0.025         0.024         0.005         0.079         0.027
 C11           -0.004         0.031         0.025         0.004         0.031
 C12           -0.111        -0.093        -0.122        -0.081        -0.060
 C13           -0.203        -0.171        -0.171        -0.172        -0.150
 C14            0.100         0.031         0.050         0.004         0.063
 C15            0.352         0.281         0.276         0.215         0.205
 C16           -0.261        -0.228        -0.222        -0.149        -0.196
 C17           -0.146        -0.122        -0.117        -0.067        -0.080
 C18           -0.035         0.004        -0.017        -0.007        -0.009
 C19            0.088         0.076         0.068         0.098         0.121
 C20           -0.021        -0.030        -0.045        -0.014        -0.041
 C21            0.054         0.050         0.034        -0.006         0.097
 C22            0.152         0.151         0.153         0.152         0.120
 C23            0.209         0.136         0.181         0.113         0.101
 C24           -0.102        -0.115        -0.087        -0.124        -0.089


           Correlations
              Z0            C1            C2            C3            C4
              ________      ________      ________      ________      ________
 Z0             1.000
 C1            -0.019         1.000
 C2            -0.048         0.177         1.000
 C3            -0.073        -0.035         0.214         1.000
 C4            -0.003         0.001         0.020        -0.064         1.000
 C5             0.064         0.025        -0.106        -0.117        -0.378
 C6             0.079        -0.064        -0.130        -0.186         0.135
 C7             0.072        -0.062        -0.111        -0.199         0.089
 C8            -0.027        -0.010        -0.017        -0.012        -0.071
 C9            -0.054         0.014         0.061         0.122        -0.067
 C10            0.007        -0.018        -0.032        -0.020        -0.034
 C11            0.042         0.005        -0.017         0.075        -0.016
 C12           -0.054         0.078         0.065         0.018        -0.011
 C13           -0.062         0.204         0.391         0.377        -0.045
 C14            0.054        -0.013        -0.053        -0.088         0.014
 C15            0.089        -0.130        -0.121        -0.097        -0.002
 C16           -0.039         0.120         0.093         0.016         0.009
 C17           -0.084         0.189         0.071         0.001         0.004
 C18           -0.099        -0.045        -0.042        -0.025         0.056
 C19            0.147         0.005        -0.023        -0.110         0.005
 C20           -0.081        -0.014        -0.012         0.102        -0.024
 C21            0.050        -0.068        -0.040        -0.021        -0.056
 C22            0.068        -0.032        -0.343        -0.490         0.016
 C23            0.032        -0.104        -0.055        -0.018        -0.035
 C24           -0.026         0.039         0.146         0.175        -0.027


           Correlations
              C5            C6            C7            C8            C9
              ________      ________      ________      ________      ________
 C5             1.000
 C6             0.061         1.000
 C7             0.097         0.663         1.000
 C8             0.023        -0.293        -0.173         1.000
 C9            -0.029        -0.120        -0.097        -0.148         1.000
 C10            0.072         0.027         0.035        -0.021        -0.019
 C11           -0.063         0.228         0.234        -0.003        -0.036
 C12            0.019        -0.038        -0.026         0.032        -0.006
 C13           -0.140        -0.192        -0.175         0.042         0.124
 C14            0.174         0.020         0.075         0.038        -0.104
 C15            0.058         0.033         0.052         0.005        -0.031
 C16           -0.036        -0.001         0.000        -0.043         0.026
 C17           -0.023        -0.135        -0.102        -0.004         0.035
 C18           -0.067         0.032        -0.008         0.002        -0.012
 C19            0.080         0.113         0.117        -0.041        -0.050
 C20           -0.010        -0.096        -0.084         0.034         0.046
 C21            0.088         0.026         0.037        -0.022        -0.003
 C22            0.147         0.155         0.164        -0.025        -0.092
 C23            0.046         0.073         0.108         0.007        -0.010
 C24           -0.023        -0.123        -0.101         0.029         0.040


           Correlations
              C10           C11           C12           C13           C14
              ________      ________      ________      ________      ________
 C10            1.000
 C11            0.007         1.000
 C12           -0.008        -0.001         1.000
 C13           -0.003         0.102         0.197         1.000
 C14            0.051        -0.019         0.011        -0.134         1.000
 C15            0.006         0.017        -0.088        -0.138         0.015
 C16           -0.001        -0.007         0.105         0.071         0.007
 C17            0.005        -0.203         0.040         0.063        -0.151
 C18           -0.014        -0.028        -0.020        -0.095        -0.031
 C19           -0.007        -0.016        -0.034        -0.120         0.094
 C20           -0.008        -0.008         0.042         0.035         0.005
 C21            0.046         0.066        -0.009        -0.032         0.191
 C22            0.034        -0.116        -0.103        -0.616         0.155
 C23            0.019         0.168        -0.035        -0.046         0.045
 C24            0.013        -0.010         0.134         0.329         0.327


           Correlations
              C15           C16           C17           C18           C19
              ________      ________      ________      ________      ________
 C15            1.000
 C16           -0.598         1.000
 C17           -0.045         0.043         1.000
 C18           -0.009        -0.016        -0.004         1.000
 C19            0.036        -0.030        -0.041        -0.264         1.000
 C20           -0.012         0.022         0.024         0.206        -0.109
 C21            0.020        -0.022        -0.126        -0.040         0.085
 C22            0.105        -0.019        -0.009         0.092         0.121
 C23            0.199        -0.137        -0.088        -0.006         0.021
 C24           -0.070         0.027         0.052         0.007        -0.014


           Correlations
              C20           C21           C22           C23           C24
              ________      ________      ________      ________      ________
 C20            1.000
 C21           -0.181         1.000
 C22           -0.051         0.032         1.000
 C23            0.053         0.086         0.008         1.000
 C24            0.055         0.028        -0.211        -0.028         1.000


     MAXIMUM LOG-LIKELIHOOD VALUE FOR THE UNRESTRICTED (H1) MODEL IS -90144.192


UNIVARIATE SAMPLE STATISTICS


     UNIVARIATE HIGHER-ORDER MOMENT DESCRIPTIVE STATISTICS

         Variable/         Mean/     Skewness/   Minimum/ % with                Percentiles
        Sample Size      Variance    Kurtosis    Maximum  Min/Max      20%/60%    40%/80%    Median

     X1                    0.000      -0.569      -4.383    0.46%      -0.859     -0.154     -0.154
            3274.000       1.000       0.684       1.256   26.79%      -0.154      1.256
     X2                    0.206      -0.630      -4.383    0.07%      -0.154     -0.154     -0.154
            3003.000       0.974      -0.076       1.256   36.10%       0.551      1.256
     X3                    0.190      -0.562      -2.973    0.58%      -0.154     -0.154     -0.154
            2248.000       0.816      -0.020       1.256   28.74%       0.551      1.256
     X4                    0.329      -0.829      -3.678    0.09%      -0.154     -0.154      0.551
            1097.000       0.951      -0.020       1.256   40.02%       1.021      1.256
     X5                    0.311      -0.863      -3.678    0.11%      -0.154     -0.154      0.551
             895.000       0.886       0.332       1.256   35.53%       0.786      1.256
     Y1                    0.000       0.890      -1.309    9.13%      -0.839     -0.370     -0.135
            3274.000       1.000       0.608       4.326    0.06%       0.100      0.804
     Y2                    0.018       0.922      -1.309   10.75%      -0.839     -0.370     -0.135
            3005.000       1.155       0.477       3.856    0.13%       0.100      0.804
     Y3                    0.047       0.953      -1.309    9.30%      -0.839     -0.370     -0.135
            2377.000       1.144       0.604       4.326    0.17%       0.100      0.804
     Y4                   -0.057       0.924      -1.309   12.31%      -1.074     -0.605     -0.135
            1194.000       1.068       0.559       4.091    0.08%       0.100      0.804
     Y5                    0.045       0.892      -1.309   11.25%      -0.839     -0.370     -0.135
             889.000       1.171       0.435       4.091    0.11%       0.100      0.804
     Z0                    0.000       2.931      -0.476   75.63%      -0.476     -0.476     -0.476
            3274.000       1.000      12.409       8.761    0.06%      -0.476      0.736
     C1                    0.496       0.016       0.000   50.40%       0.000      0.000      0.000
            3274.000       0.250      -2.000       1.000   49.60%       1.000      1.000
     C2                    0.195       1.538       0.000   80.48%       0.000      0.000      0.000
            3274.000       0.157       0.366       1.000   19.52%       0.000      0.000
     C3                    0.436       0.260       0.000   56.44%       0.000      0.000      0.000
            3274.000       0.246      -1.932       1.000   43.56%       1.000      1.000
     C4                    0.308       0.829       0.000   69.15%       0.000      0.000      0.000
            3274.000       0.213      -1.312       1.000   30.85%       0.000      1.000
     C5                    0.242       1.203       0.000   75.78%       0.000      0.000      0.000
            3274.000       0.184      -0.552       1.000   24.22%       0.000      1.000
     C6                    3.159       1.014       2.000   35.89%       2.000      3.000      3.000
            3274.000       1.375       0.837       9.000    0.06%       3.000      4.000
     C7                    7.155       1.322       0.000    1.53%       3.000      5.000      6.000
            3274.000      22.445       3.612      46.000    0.03%       7.000     11.000
     C8                    0.202       1.485       0.000   79.81%       0.000      0.000      0.000
            3274.000       0.161       0.206       1.000   20.19%       0.000      1.000
     C9                    0.079       3.111       0.000   92.06%       0.000      0.000      0.000
            3274.000       0.073       7.679       1.000    7.94%       0.000      0.000
     C10                   0.004      15.194       0.000   99.57%       0.000      0.000      0.000
            3274.000       0.004     228.861       1.000    0.43%       0.000      0.000
     C11                   0.108       2.534       0.000   89.25%       0.000      0.000      0.000
            3274.000       0.096       4.422       1.000   10.75%       0.000      0.000
     C12                   2.196       0.442       1.000   31.49%       1.000      2.000      2.000
            3274.000       1.036      -0.385       5.000    2.35%       3.000      3.000
     C13                   0.688       2.923       0.000   64.78%       0.000      0.000      0.000
            3274.000       1.541      19.972      18.864    0.03%       0.000      1.680
     C14                   0.539      -0.156       0.000   46.12%       0.000      0.000      1.000
            3274.000       0.248      -1.976       1.000   53.88%       1.000      1.000
     C15                   0.318       0.782       0.000   68.20%       0.000      0.000      0.000
            3274.000       0.217      -1.389       1.000   31.80%       0.000      1.000
     C16                   0.434       0.267       0.000   56.63%       0.000      0.000      0.000
            3274.000       0.246      -1.928       1.000   43.37%       1.000      1.000
     C17                   0.829      -1.744       0.000   17.14%       1.000      1.000      1.000
            3274.000       0.142       1.043       1.000   82.86%       1.000      1.000
     C18                   0.233       1.263       0.000   76.70%       0.000      0.000      0.000
            3274.000       0.179      -0.405       1.000   23.30%       0.000      1.000
     C19                   0.186       1.614       0.000   81.40%       0.000      0.000      0.000
            3274.000       0.151       0.605       1.000   18.60%       0.000      0.000
     C20                   0.109       2.509       0.000   89.10%       0.000      0.000      0.000
            3274.000       0.097       4.293       1.000   10.90%       0.000      0.000
     C21                   0.212       1.412       0.000   78.83%       0.000      0.000      0.000
            3274.000       0.167      -0.007       1.000   21.17%       0.000      1.000
     C22                   0.684      -0.791       0.000   31.61%       0.000      1.000      1.000
            3274.000       0.216      -1.374       1.000   68.39%       1.000      1.000
     C23                   0.292       4.400       0.000   86.62%       0.000      0.000      0.000
            3274.000       0.925      21.446       7.000    0.40%       0.000      0.000
     C24                   3.698       3.622       0.001    0.06%       0.530      1.834      2.520
            3274.000      18.127      25.365      59.912    0.03%       3.540      5.900


     VIF (VARIANCE INFLATION FACTOR) FOR EXPLORING MULTICOLLINEARITY OF INDEPENDENT VARIABLES

     Variable        VIF       Variable        VIF       Variable        VIF

     Z0             1.054      C1             1.155      C2             1.252
     C3             1.416      C4             1.241      C5             1.300
     C6             2.037      C7             1.874      C8             1.160
     C9             1.085      C10            1.013      C11            1.204
     C12            1.069      C13            2.064      C14            1.371
     C15            1.640      C16            1.588      C17            1.144
     C18            1.166      C19            1.149      C20            1.120
     C21            1.112      C22            1.938      C23            1.099
     C24            1.382


THE MODEL ESTIMATION TERMINATED NORMALLY



MODEL FIT INFORMATION

Number of Free Parameters                      134

Loglikelihood

          H0 Value                      -27662.818
          H0 Scaling Correction Factor      1.1880
            for MLR
          H1 Value                      -27530.508
          H1 Scaling Correction Factor      1.1141
            for MLR

Information Criteria

          Akaike (AIC)                   55593.635
          Bayesian (BIC)                 56410.200
          Sample-Size Adjusted BIC       55984.423
            (n* = (n + 2) / 24)

Chi-Square Test of Model Fit

          Value                            249.786*
          Degrees of Freedom                   181
          P-Value                           0.0005
          Scaling Correction Factor         1.0594
            for MLR

*   The chi-square value for MLM, MLMV, MLR, ULSMV, WLSM and WLSMV cannot be used
    for chi-square difference testing in the regular way.  MLM, MLR and WLSM
    chi-square difference testing is described on the Mplus website.  MLMV, WLSMV,
    and ULSMV difference testing is done using the DIFFTEST option.

RMSEA (Root Mean Square Error Of Approximation)

          Estimate                           0.011
          90 Percent C.I.                    0.007  0.014
          Probability RMSEA <= .05           1.000

CFI/TLI

          CFI                                0.985
          TLI                                0.976

Chi-Square Test of Model Fit for the Baseline Model

          Value                           5009.739
          Degrees of Freedom                   295
          P-Value                           0.0000

SRMR (Standardized Root Mean Square Residual)

          Value                              0.022



MODEL RESULTS

                                                    Two-Tailed
                    Estimate       S.E.  Est./S.E.    P-Value

 IX       |
    X1                 1.000      0.000    999.000    999.000
    X2                 1.000      0.000    999.000    999.000
    X3                 1.000      0.000    999.000    999.000
    X4                 1.000      0.000    999.000    999.000
    X5                 1.000      0.000    999.000    999.000

 SX       |
    X1                 0.000      0.000    999.000    999.000
    X2                 0.768      0.101      7.577      0.000
    X3                 0.673      0.122      5.531      0.000
    X4                 1.123      0.141      7.989      0.000
    X5                 1.000      0.000    999.000    999.000

 IY       |
    Y1                 1.000      0.000    999.000    999.000
    Y2                 1.000      0.000    999.000    999.000
    Y3                 1.000      0.000    999.000    999.000
    Y4                 1.000      0.000    999.000    999.000
    Y5                 1.000      0.000    999.000    999.000

 SY       |
    Y1                 0.000      0.000    999.000    999.000
    Y2                 0.400      0.000    999.000    999.000
    Y3                 0.600      0.000    999.000    999.000
    Y4                 0.800      0.000    999.000    999.000
    Y5                 1.000      0.000    999.000    999.000

 IY       ON
    IX                -0.355      0.166     -2.134      0.033

 SY       ON
    IX                 0.121      0.334      0.362      0.717
    SX                -0.307      0.602     -0.510      0.610
    IY                 0.414      0.301      1.376      0.169

 IY       ON
    C1                -0.219      0.038     -5.841      0.000
    C2                -0.064      0.040     -1.619      0.105
    C3                -0.168      0.040     -4.210      0.000
    C4                -0.060      0.039     -1.518      0.129
    C5                 0.238      0.047      5.041      0.000
    C6                -0.004      0.020     -0.210      0.834
    C7                 0.008      0.005      1.650      0.099
    C8                -0.045      0.063     -0.717      0.473
    C9                 0.104      0.065      1.593      0.111
    C10                0.025      0.198      0.125      0.901
    C11               -0.128      0.056     -2.281      0.023
    C12               -0.041      0.017     -2.463      0.014
    C13               -0.013      0.016     -0.830      0.407
    C14                0.088      0.037      2.361      0.018
    C15                0.485      0.043     11.247      0.000
    C16               -0.096      0.046     -2.063      0.039
    C17               -0.214      0.050     -4.283      0.000
    C18                0.035      0.052      0.671      0.502
    C19                0.065      0.044      1.488      0.137
    C20                0.092      0.066      1.394      0.163
    C21                0.033      0.048      0.687      0.492
    C22               -0.021      0.050     -0.426      0.670
    C23                0.130      0.023      5.733      0.000
    C24               -0.011      0.004     -2.868      0.004
    Z0                -0.005      0.047     -0.114      0.909

 SY       ON
    C1                 0.038      0.111      0.341      0.733
    C2                 0.011      0.081      0.132      0.895
    C3                 0.089      0.101      0.882      0.378
    C4                 0.188      0.115      1.626      0.104
    C5                -0.194      0.108     -1.797      0.072
    C6                 0.051      0.046      1.109      0.267
    C7                -0.018      0.010     -1.812      0.070
    C8                 0.052      0.146      0.358      0.721
    C9                -0.159      0.117     -1.360      0.174
    C10                0.189      0.329      0.573      0.567
    C11                0.266      0.129      2.053      0.040
    C12                0.021      0.034      0.634      0.526
    C13                0.036      0.036      1.014      0.311
    C14               -0.173      0.085     -2.042      0.041
    C15               -0.443      0.163     -2.718      0.007
    C16                0.007      0.111      0.063      0.950
    C17                0.270      0.117      2.320      0.020
    C18                0.034      0.141      0.243      0.808
    C19                0.068      0.102      0.669      0.503
    C20               -0.133      0.160     -0.831      0.406
    C21                0.014      0.111      0.124      0.902
    C22                0.158      0.137      1.154      0.249
    C23               -0.136      0.073     -1.850      0.064
    C24                0.007      0.009      0.754      0.451
    Z0                 0.033      0.090      0.360      0.719

 IX       ON
    C1                -0.142      0.030     -4.652      0.000
    C2                 0.083      0.046      1.805      0.071
    C3                -0.033      0.045     -0.734      0.463
    C4                -0.045      0.043     -1.037      0.300
    C5                -0.062      0.050     -1.242      0.214
    C6                 0.012      0.021      0.593      0.553
    C7                -0.001      0.005     -0.128      0.898
    C8                -0.257      0.053     -4.882      0.000
    C9                 0.080      0.066      1.211      0.226
    C10               -0.088      0.185     -0.475      0.635
    C11               -0.053      0.055     -0.958      0.338
    C12                0.028      0.017      1.661      0.097
    C13                0.038      0.020      1.854      0.064
    C14                0.014      0.043      0.324      0.746
    C15               -0.010      0.044     -0.234      0.815
    C16                0.176      0.043      4.065      0.000
    C17                0.071      0.050      1.404      0.160
    C18                0.209      0.044      4.739      0.000
    C19                0.054      0.044      1.227      0.220
    C20                0.244      0.058      4.166      0.000
    C21                0.159      0.042      3.760      0.000
    C22               -0.097      0.055     -1.774      0.076
    C23                0.024      0.017      1.410      0.159
    C24               -0.001      0.005     -0.262      0.793
    Z0                -0.108      0.075     -1.438      0.151

 SX       ON
    C1                 0.026      0.041      0.631      0.528
    C2                -0.015      0.060     -0.253      0.800
    C3                 0.040      0.059      0.679      0.497
    C4                 0.123      0.054      2.256      0.024
    C5                -0.020      0.066     -0.308      0.758
    C6                -0.031      0.029     -1.079      0.281
    C7                 0.000      0.007      0.036      0.972
    C8                 0.064      0.069      0.923      0.356
    C9                 0.021      0.086      0.248      0.804
    C10               -0.118      0.320     -0.369      0.712
    C11               -0.012      0.081     -0.144      0.885
    C12                0.002      0.023      0.082      0.935
    C13               -0.017      0.023     -0.743      0.457
    C14               -0.029      0.055     -0.529      0.597
    C15                0.014      0.060      0.234      0.815
    C16               -0.063      0.058     -1.095      0.273
    C17                0.070      0.071      0.982      0.326
    C18               -0.101      0.059     -1.721      0.085
    C19               -0.055      0.061     -0.908      0.364
    C20               -0.084      0.072     -1.164      0.244
    C21               -0.058      0.057     -1.024      0.306
    C22                0.122      0.068      1.785      0.074
    C23               -0.058      0.028     -2.102      0.036
    C24                0.006      0.006      0.961      0.337
    Z0                -0.008      0.095     -0.089      0.929

 X1       ON
    Z0                -0.134      0.076     -1.755      0.079

 Y1       ON
    Z0                 0.063      0.045      1.381      0.167

 IX       WITH
    SX                 0.003      0.086      0.040      0.968

 SX       WITH
    IY                -0.024      0.039     -0.596      0.551

 X1       WITH
    Y1                -0.017      0.027     -0.629      0.529

 X2       WITH
    Y2                -0.068      0.017     -4.103      0.000

 X3       WITH
    Y3                -0.049      0.018     -2.801      0.005

 X4       WITH
    Y4                -0.049      0.030     -1.654      0.098

 X5       WITH
    Y5                -0.029      0.028     -1.012      0.312

 Intercepts
    X1                 0.000      0.000    999.000    999.000
    X2                 0.000      0.000    999.000    999.000
    X3                 0.000      0.000    999.000    999.000
    X4                 0.000      0.000    999.000    999.000
    X5                 0.000      0.000    999.000    999.000
    Y1                 0.000      0.000    999.000    999.000
    Y2                 0.000      0.000    999.000    999.000
    Y3                 0.000      0.000    999.000    999.000
    Y4                 0.000      0.000    999.000    999.000
    Y5                 0.000      0.000    999.000    999.000
    SX                 0.220      0.142      1.542      0.123
    IX                -0.163      0.109     -1.499      0.134
    IY                 0.216      0.102      2.110      0.035
    SY                -0.090      0.264     -0.340      0.734

 Residual Variances
    X1                 0.676      0.079      8.606      0.000
    X2                 0.658      0.026     25.051      0.000
    X3                 0.547      0.024     22.746      0.000
    X4                 0.528      0.059      8.972      0.000
    X5                 0.498      0.038     13.060      0.000
    Y1                 0.550      0.034     16.146      0.000
    Y2                 0.636      0.025     25.487      0.000
    Y3                 0.575      0.028     20.412      0.000
    Y4                 0.583      0.039     14.947      0.000
    Y5                 0.610      0.057     10.624      0.000
    SX                 0.109      0.105      1.046      0.296
    IX                 0.194      0.072      2.692      0.007
    IY                 0.207      0.034      6.048      0.000
    SY                 0.035      0.130      0.269      0.788


QUALITY OF NUMERICAL RESULTS

     Condition Number for the Information Matrix              0.192E-05
       (ratio of smallest to largest eigenvalue)


CONFIDENCE INTERVALS OF MODEL RESULTS

                  Lower .5%  Lower 2.5%    Lower 5%    Estimate    Upper 5%  Upper 2.5%   Upper .5%

 IX       |
    X1               1.000       1.000       1.000       1.000       1.000       1.000       1.000
    X2               1.000       1.000       1.000       1.000       1.000       1.000       1.000
    X3               1.000       1.000       1.000       1.000       1.000       1.000       1.000
    X4               1.000       1.000       1.000       1.000       1.000       1.000       1.000
    X5               1.000       1.000       1.000       1.000       1.000       1.000       1.000

 SX       |
    X1               0.000       0.000       0.000       0.000       0.000       0.000       0.000
    X2               0.507       0.569       0.601       0.768       0.934       0.966       1.029
    X3               0.360       0.435       0.473       0.673       0.873       0.911       0.986
    X4               0.761       0.848       0.892       1.123       1.354       1.399       1.485
    X5               1.000       1.000       1.000       1.000       1.000       1.000       1.000

 IY       |
    Y1               1.000       1.000       1.000       1.000       1.000       1.000       1.000
    Y2               1.000       1.000       1.000       1.000       1.000       1.000       1.000
    Y3               1.000       1.000       1.000       1.000       1.000       1.000       1.000
    Y4               1.000       1.000       1.000       1.000       1.000       1.000       1.000
    Y5               1.000       1.000       1.000       1.000       1.000       1.000       1.000

 SY       |
    Y1               0.000       0.000       0.000       0.000       0.000       0.000       0.000
    Y2               0.400       0.400       0.400       0.400       0.400       0.400       0.400
    Y3               0.600       0.600       0.600       0.600       0.600       0.600       0.600
    Y4               0.800       0.800       0.800       0.800       0.800       0.800       0.800
    Y5               1.000       1.000       1.000       1.000       1.000       1.000       1.000

 IY       ON
    IX              -0.783      -0.680      -0.628      -0.355      -0.081      -0.029       0.073

 SY       ON
    IX              -0.739      -0.534      -0.428       0.121       0.670       0.776       0.981
    SX              -1.857      -1.487      -1.297      -0.307       0.683       0.873       1.243
    IY              -0.361      -0.176      -0.081       0.414       0.909       1.004       1.189

 IY       ON
    C1              -0.316      -0.293      -0.281      -0.219      -0.158      -0.146      -0.123
    C2              -0.167      -0.142      -0.130      -0.064       0.001       0.014       0.038
    C3              -0.270      -0.246      -0.233      -0.168      -0.102      -0.090      -0.065
    C4              -0.161      -0.137      -0.124      -0.060       0.005       0.017       0.042
    C5               0.116       0.145       0.160       0.238       0.315       0.330       0.359
    C6              -0.055      -0.043      -0.037      -0.004       0.028       0.035       0.047
    C7              -0.005      -0.002       0.000       0.008       0.016       0.018       0.021
    C8              -0.207      -0.169      -0.149      -0.045       0.058       0.078       0.117
    C9              -0.064      -0.024      -0.003       0.104       0.211       0.231       0.271
    C10             -0.486      -0.364      -0.301       0.025       0.351       0.413       0.535
    C11             -0.273      -0.238      -0.221      -0.128      -0.036      -0.018       0.017
    C12             -0.083      -0.073      -0.068      -0.041      -0.014      -0.008       0.002
    C13             -0.054      -0.045      -0.040      -0.013       0.013       0.018       0.028
    C14             -0.008       0.015       0.027       0.088       0.150       0.161       0.184
    C15              0.374       0.401       0.414       0.485       0.556       0.570       0.596
    C16             -0.215      -0.186      -0.172      -0.096      -0.019      -0.005       0.024
    C17             -0.342      -0.311      -0.296      -0.214      -0.132      -0.116      -0.085
    C18             -0.098      -0.066      -0.050       0.035       0.119       0.136       0.167
    C19             -0.048      -0.021      -0.007       0.065       0.138       0.151       0.178
    C20             -0.078      -0.038      -0.017       0.092       0.201       0.222       0.263
    C21             -0.090      -0.061      -0.046       0.033       0.111       0.126       0.155
    C22             -0.149      -0.118      -0.103      -0.021       0.060       0.076       0.106
    C23              0.071       0.085       0.092       0.130       0.167       0.174       0.188
    C24             -0.021      -0.019      -0.017      -0.011      -0.005      -0.004      -0.001
    Z0              -0.125      -0.097      -0.082      -0.005       0.071       0.086       0.115

 SY       ON
    C1              -0.247      -0.179      -0.144       0.038       0.220       0.254       0.323
    C2              -0.198      -0.148      -0.123       0.011       0.144       0.170       0.219
    C3              -0.171      -0.109      -0.077       0.089       0.256       0.288       0.350
    C4              -0.110      -0.039      -0.002       0.188       0.377       0.414       0.485
    C5              -0.472      -0.405      -0.371      -0.194      -0.016       0.018       0.084
    C6              -0.067      -0.039      -0.025       0.051       0.126       0.141       0.169
    C7              -0.043      -0.037      -0.034      -0.018      -0.002       0.001       0.007
    C8              -0.323      -0.233      -0.187       0.052       0.291       0.337       0.427
    C9              -0.460      -0.388      -0.351      -0.159       0.033       0.070       0.142
    C10             -0.659      -0.457      -0.353       0.189       0.730       0.834       1.037
    C11             -0.068       0.012       0.053       0.266       0.479       0.519       0.599
    C12             -0.066      -0.045      -0.034       0.021       0.077       0.088       0.108
    C13             -0.056      -0.034      -0.023       0.036       0.095       0.106       0.129
    C14             -0.391      -0.339      -0.312      -0.173      -0.034      -0.007       0.045
    C15             -0.864      -0.763      -0.712      -0.443      -0.175      -0.124      -0.023
    C16             -0.279      -0.211      -0.176       0.007       0.190       0.224       0.293
    C17             -0.030       0.042       0.079       0.270       0.462       0.499       0.571
    C18             -0.330      -0.243      -0.198       0.034       0.267       0.311       0.398
    C19             -0.194      -0.131      -0.099       0.068       0.235       0.267       0.329
    C20             -0.546      -0.447      -0.397      -0.133       0.130       0.181       0.280
    C21             -0.272      -0.204      -0.169       0.014       0.196       0.231       0.299
    C22             -0.195      -0.110      -0.067       0.158       0.383       0.427       0.511
    C23             -0.325      -0.279      -0.256      -0.136      -0.015       0.008       0.053
    C24             -0.017      -0.011      -0.008       0.007       0.022       0.025       0.031
    Z0              -0.201      -0.145      -0.116       0.033       0.181       0.210       0.266

 IX       ON
    C1              -0.220      -0.201      -0.192      -0.142      -0.092      -0.082      -0.063
    C2              -0.036      -0.007       0.007       0.083       0.159       0.173       0.202
    C3              -0.150      -0.122      -0.108      -0.033       0.041       0.055       0.083
    C4              -0.156      -0.129      -0.116      -0.045       0.026       0.040       0.066
    C5              -0.191      -0.161      -0.145      -0.062       0.020       0.036       0.067
    C6              -0.041      -0.028      -0.022       0.012       0.046       0.052       0.065
    C7              -0.013      -0.010      -0.008      -0.001       0.007       0.009       0.012
    C8              -0.393      -0.361      -0.344      -0.257      -0.171      -0.154      -0.122
    C9              -0.091      -0.050      -0.029       0.080       0.190       0.211       0.252
    C10             -0.565      -0.451      -0.392      -0.088       0.217       0.275       0.389
    C11             -0.196      -0.161      -0.144      -0.053       0.038       0.055       0.089
    C12             -0.015      -0.005       0.000       0.028       0.056       0.061       0.072
    C13             -0.015      -0.002       0.004       0.038       0.072       0.078       0.091
    C14             -0.097      -0.070      -0.057       0.014       0.085       0.098       0.125
    C15             -0.125      -0.097      -0.083      -0.010       0.063       0.077       0.104
    C16              0.064       0.091       0.105       0.176       0.247       0.260       0.287
    C17             -0.059      -0.028      -0.012       0.071       0.154       0.170       0.201
    C18              0.096       0.123       0.137       0.209       0.282       0.296       0.323
    C19             -0.059      -0.032      -0.018       0.054       0.125       0.139       0.166
    C20              0.093       0.129       0.147       0.244       0.340       0.358       0.394
    C21              0.050       0.076       0.090       0.159       0.229       0.243       0.269
    C22             -0.238      -0.204      -0.187      -0.097      -0.007       0.010       0.044
    C23             -0.020      -0.009      -0.004       0.024       0.052       0.057       0.068
    C24             -0.013      -0.010      -0.009      -0.001       0.006       0.008       0.011
    Z0              -0.301      -0.255      -0.231      -0.108       0.016       0.039       0.085

 SX       ON
    C1              -0.080      -0.055      -0.042       0.026       0.094       0.107       0.132
    C2              -0.169      -0.132      -0.113      -0.015       0.083       0.102       0.139
    C3              -0.112      -0.076      -0.057       0.040       0.138       0.156       0.193
    C4              -0.017       0.016       0.033       0.123       0.213       0.230       0.263
    C5              -0.192      -0.151      -0.130      -0.020       0.089       0.110       0.151
    C6              -0.104      -0.087      -0.078      -0.031       0.016       0.025       0.043
    C7              -0.017      -0.013      -0.010       0.000       0.011       0.013       0.017
    C8              -0.114      -0.071      -0.050       0.064       0.177       0.199       0.241
    C9              -0.199      -0.147      -0.120       0.021       0.162       0.189       0.242
    C10             -0.944      -0.746      -0.645      -0.118       0.409       0.510       0.707
    C11             -0.221      -0.171      -0.146      -0.012       0.122       0.148       0.198
    C12             -0.058      -0.043      -0.036       0.002       0.040       0.047       0.061
    C13             -0.077      -0.063      -0.056      -0.017       0.021       0.028       0.043
    C14             -0.171      -0.137      -0.120      -0.029       0.061       0.079       0.113
    C15             -0.141      -0.104      -0.085       0.014       0.113       0.132       0.169
    C16             -0.211      -0.176      -0.158      -0.063       0.032       0.050       0.085
    C17             -0.113      -0.069      -0.047       0.070       0.186       0.208       0.252
    C18             -0.252      -0.216      -0.197      -0.101      -0.004       0.014       0.050
    C19             -0.211      -0.174      -0.155      -0.055       0.045       0.064       0.101
    C20             -0.270      -0.225      -0.203      -0.084       0.035       0.057       0.102
    C21             -0.204      -0.169      -0.151      -0.058       0.035       0.053       0.088
    C22             -0.054      -0.012       0.010       0.122       0.235       0.256       0.298
    C23             -0.129      -0.112      -0.103      -0.058      -0.013      -0.004       0.013
    C24             -0.010      -0.006      -0.004       0.006       0.016       0.018       0.022
    Z0              -0.254      -0.195      -0.165      -0.008       0.148       0.178       0.237

 X1       ON
    Z0              -0.331      -0.284      -0.260      -0.134      -0.008       0.016       0.063

 Y1       ON
    Z0              -0.054      -0.026      -0.012       0.063       0.137       0.151       0.179

 IX       WITH
    SX              -0.219      -0.165      -0.138       0.003       0.145       0.172       0.225

 SX       WITH
    IY              -0.125      -0.101      -0.088      -0.024       0.041       0.054       0.078

 X1       WITH
    Y1              -0.085      -0.069      -0.061      -0.017       0.027       0.035       0.052

 X2       WITH
    Y2              -0.111      -0.101      -0.095      -0.068      -0.041      -0.036      -0.025

 X3       WITH
    Y3              -0.094      -0.083      -0.078      -0.049      -0.020      -0.015      -0.004

 X4       WITH
    Y4              -0.126      -0.107      -0.098      -0.049       0.000       0.009       0.027

 X5       WITH
    Y5              -0.101      -0.084      -0.075      -0.029       0.018       0.027       0.044

 Intercepts
    X1               0.000       0.000       0.000       0.000       0.000       0.000       0.000
    X2               0.000       0.000       0.000       0.000       0.000       0.000       0.000
    X3               0.000       0.000       0.000       0.000       0.000       0.000       0.000
    X4               0.000       0.000       0.000       0.000       0.000       0.000       0.000
    X5               0.000       0.000       0.000       0.000       0.000       0.000       0.000
    Y1               0.000       0.000       0.000       0.000       0.000       0.000       0.000
    Y2               0.000       0.000       0.000       0.000       0.000       0.000       0.000
    Y3               0.000       0.000       0.000       0.000       0.000       0.000       0.000
    Y4               0.000       0.000       0.000       0.000       0.000       0.000       0.000
    Y5               0.000       0.000       0.000       0.000       0.000       0.000       0.000
    SX              -0.147      -0.059      -0.015       0.220       0.454       0.499       0.586
    IX              -0.444      -0.377      -0.343      -0.163       0.016       0.050       0.117
    IY              -0.048       0.015       0.048       0.216       0.384       0.417       0.480
    SY              -0.770      -0.607      -0.524      -0.090       0.345       0.428       0.590

 Residual Variances
    X1               0.474       0.522       0.547       0.676       0.805       0.830       0.878
    X2               0.590       0.607       0.615       0.658       0.701       0.710       0.726
    X3               0.485       0.500       0.508       0.547       0.587       0.595       0.609
    X4               0.376       0.412       0.431       0.528       0.624       0.643       0.679
    X5               0.400       0.423       0.435       0.498       0.561       0.573       0.596
    Y1               0.462       0.483       0.494       0.550       0.606       0.617       0.638
    Y2               0.572       0.587       0.595       0.636       0.677       0.685       0.700
    Y3               0.502       0.520       0.529       0.575       0.621       0.630       0.648
    Y4               0.483       0.507       0.519       0.583       0.648       0.660       0.684
    Y5               0.462       0.498       0.516       0.610       0.705       0.723       0.759
    SX              -0.160      -0.096      -0.063       0.109       0.281       0.314       0.379
    IX               0.008       0.053       0.076       0.194       0.313       0.336       0.380
    IY               0.119       0.140       0.151       0.207       0.263       0.274       0.295
    SY              -0.300      -0.220      -0.179       0.035       0.249       0.290       0.370


MODEL COMMAND WITH FINAL ESTIMATES USED AS STARTING VALUES

     ix sx | x1@0 x2*0.4 x3*0.6 x4*0.8 x5@1;
     iy sy | y1@0 y2@0.4 y3@0.6 y4@0.8 y5@1;

     sx BY x2*0.76760;
     sx BY x3*0.67297;
     sx BY x4*1.12308;

     iy ON c1*-0.21939;
     iy ON c2*-0.06433;
     iy ON c3*-0.16777;
     iy ON c4*-0.05974;
     iy ON c5*0.23763;
     iy ON c6*-0.00415;
     iy ON c7*0.00808;
     iy ON c8*-0.04519;
     iy ON c9*0.10371;
     iy ON c10*0.02472;
     iy ON c11*-0.12818;
     iy ON c12*-0.04071;
     iy ON c13*-0.01327;
     iy ON c14*0.08813;
     iy ON c15*0.48524;
     iy ON c16*-0.09564;
     iy ON c17*-0.21366;
     iy ON c18*0.03460;
     iy ON c19*0.06535;
     iy ON c20*0.09233;
     iy ON c21*0.03271;
     iy ON c22*-0.02110;
     iy ON c23*0.12961;
     iy ON c24*-0.01109;
     iy ON z0*-0.00531;
     sy ON c1*0.03773;
     sy ON c2*0.01068;
     sy ON c3*0.08937;
     sy ON c4*0.18764;
     sy ON c5*-0.19387;
     sy ON c6*0.05094;
     sy ON c7*-0.01763;
     sy ON c8*0.05206;
     sy ON c9*-0.15895;
     sy ON c10*0.18859;
     sy ON c11*0.26564;
     sy ON c12*0.02138;
     sy ON c13*0.03630;
     sy ON c14*-0.17288;
     sy ON c15*-0.44341;
     sy ON c16*0.00696;
     sy ON c17*0.27043;
     sy ON c18*0.03436;
     sy ON c19*0.06795;
     sy ON c20*-0.13315;
     sy ON c21*0.01371;
     sy ON c22*0.15807;
     sy ON c23*-0.13565;
     sy ON c24*0.00696;
     sy ON z0*0.03259;
     ix ON c1*-0.14159;
     ix ON c2*0.08312;
     ix ON c3*-0.03324;
     ix ON c4*-0.04471;
     ix ON c5*-0.06228;
     ix ON c6*0.01217;
     ix ON c7*-0.00061;
     ix ON c8*-0.25746;
     ix ON c9*0.08044;
     ix ON c10*-0.08788;
     ix ON c11*-0.05302;
     ix ON c12*0.02807;
     ix ON c13*0.03792;
     ix ON c14*0.01393;
     ix ON c15*-0.01036;
     ix ON c16*0.17557;
     ix ON c17*0.07085;
     ix ON c18*0.20934;
     ix ON c19*0.05356;
     ix ON c20*0.24359;
     ix ON c21*0.15947;
     ix ON c22*-0.09696;
     ix ON c23*0.02401;
     ix ON c24*-0.00122;
     ix ON z0*-0.10773;
     sx ON c1*0.02601;
     sx ON c2*-0.01513;
     sx ON c3*0.04022;
     sx ON c4*0.12290;
     sx ON c5*-0.02047;
     sx ON c6*-0.03082;
     sx ON c7*0.00023;
     sx ON c8*0.06363;
     sx ON c9*0.02124;
     sx ON c10*-0.11823;
     sx ON c11*-0.01175;
     sx ON c12*0.00189;
     sx ON c13*-0.01732;
     sx ON c14*-0.02915;
     sx ON c15*0.01408;
     sx ON c16*-0.06308;
     sx ON c17*0.06956;
     sx ON c18*-0.10089;
     sx ON c19*-0.05507;
     sx ON c20*-0.08400;
     sx ON c21*-0.05812;
     sx ON c22*0.12215;
     sx ON c23*-0.05782;
     sx ON c24*0.00592;
     sx ON z0*-0.00850;
     iy ON ix*-0.35459;
     sy ON ix*0.12101;
     sy ON sx*-0.30697;
     sy ON iy*0.41413;
     x1 ON z0*-0.13401;
     y1 ON z0*0.06262;

     x1 WITH y1*-0.01676;
     x2 WITH y2*-0.06816;
     x3 WITH y3*-0.04910;
     x4 WITH y4*-0.04909;
     x5 WITH y5*-0.02850;
     ix WITH sx*0.00344;
     sx WITH iy*-0.02352;

     [ x1@0 ];
     [ x2@0 ];
     [ x3@0 ];
     [ x4@0 ];
     [ x5@0 ];
     [ y1@0 ];
     [ y2@0 ];
     [ y3@0 ];
     [ y4@0 ];
     [ y5@0 ];
     [ sx*0.21958 ];
     [ ix*-0.16338 ];
     [ iy*0.21605 ];
     [ sy*-0.08983 ];

     x1*0.67587;
     x2*0.65807;
     x3*0.54746;
     x4*0.52760;
     x5*0.49799;
     y1*0.54981;
     y2*0.63576;
     y3*0.57501;
     y4*0.58331;
     y5*0.61049;
     sx*0.10938;
     ix*0.19429;
     iy*0.20695;
     sy*0.03503;



RESIDUAL OUTPUT


     ESTIMATED MODEL AND RESIDUALS (OBSERVED - ESTIMATED)


           Model Estimated Means
              X1            X2            X3            X4            X5
              ________      ________      ________      ________      ________
                0.004         0.189         0.166         0.275         0.245


           Model Estimated Means
              Y1            Y2            Y3            Y4            Y5
              ________      ________      ________      ________      ________
               -0.006         0.048         0.075         0.102         0.129


           Model Estimated Means
              Z0            C1            C2            C3            C4
              ________      ________      ________      ________      ________
                0.000         0.496         0.195         0.436         0.308


           Model Estimated Means
              C5            C6            C7            C8            C9
              ________      ________      ________      ________      ________
                0.242         3.159         7.155         0.202         0.079


           Model Estimated Means
              C10           C11           C12           C13           C14
              ________      ________      ________      ________      ________
                0.004         0.108         2.196         0.688         0.539


           Model Estimated Means
              C15           C16           C17           C18           C19
              ________      ________      ________      ________      ________
                0.318         0.434         0.829         0.233         0.186


           Model Estimated Means
              C20           C21           C22           C23           C24
              ________      ________      ________      ________      ________
                0.109         0.212         0.684         0.292         3.698


           Residuals for Means
              X1            X2            X3            X4            X5
              ________      ________      ________      ________      ________
               -0.004         0.014        -0.001        -0.027        -0.004


           Residuals for Means
              Y1            Y2            Y3            Y4            Y5
              ________      ________      ________      ________      ________
                0.006        -0.021         0.031        -0.068         0.046


           Residuals for Means
              Z0            C1            C2            C3            C4
              ________      ________      ________      ________      ________
                0.000         0.000         0.000         0.000         0.000


           Residuals for Means
              C5            C6            C7            C8            C9
              ________      ________      ________      ________      ________
                0.000         0.000         0.000         0.000         0.000


           Residuals for Means
              C10           C11           C12           C13           C14
              ________      ________      ________      ________      ________
                0.000         0.000         0.000         0.000         0.000


           Residuals for Means
              C15           C16           C17           C18           C19
              ________      ________      ________      ________      ________
                0.000         0.000         0.000         0.000         0.000


           Residuals for Means
              C20           C21           C22           C23           C24
              ________      ________      ________      ________      ________
                0.000         0.000         0.000         0.000         0.000


           Standardized Residuals (z-scores) for Means
              X1            X2            X3            X4            X5
              ________      ________      ________      ________      ________
              999.000       999.000       999.000        -1.805        -0.174


           Standardized Residuals (z-scores) for Means
              Y1            Y2            Y3            Y4            Y5
              ________      ________      ________      ________      ________
                1.173        -1.530         2.035        -2.674         1.364


           Standardized Residuals (z-scores) for Means
              Z0            C1            C2            C3            C4
              ________      ________      ________      ________      ________
                0.000         0.000         0.000         0.000         0.000


           Standardized Residuals (z-scores) for Means
              C5            C6            C7            C8            C9
              ________      ________      ________      ________      ________
                0.000         0.000         0.000         0.000         0.000


           Standardized Residuals (z-scores) for Means
              C10           C11           C12           C13           C14
              ________      ________      ________      ________      ________
                0.000         0.000         0.000         0.000         0.000


           Standardized Residuals (z-scores) for Means
              C15           C16           C17           C18           C19
              ________      ________      ________      ________      ________
                0.000         0.000         0.000         0.000         0.000


           Standardized Residuals (z-scores) for Means
              C20           C21           C22           C23           C24
              ________      ________      ________      ________      ________
                0.000         0.000         0.000         0.000         0.000


           Normalized Residuals for Means
              X1            X2            X3            X4            X5
              ________      ________      ________      ________      ________
               -0.185         0.687        -0.034        -0.826        -0.118


           Normalized Residuals for Means
              Y1            Y2            Y3            Y4            Y5
              ________      ________      ________      ________      ________
                0.328        -1.000         1.328        -2.073         1.103


           Normalized Residuals for Means
              Z0            C1            C2            C3            C4
              ________      ________      ________      ________      ________
                0.000         0.000         0.000         0.000         0.000


           Normalized Residuals for Means
              C5            C6            C7            C8            C9
              ________      ________      ________      ________      ________
                0.000         0.000         0.000         0.000         0.000


           Normalized Residuals for Means
              C10           C11           C12           C13           C14
              ________      ________      ________      ________      ________
                0.000         0.000         0.000         0.000         0.000


           Normalized Residuals for Means
              C15           C16           C17           C18           C19
              ________      ________      ________      ________      ________
                0.000         0.000         0.000         0.000         0.000


           Normalized Residuals for Means
              C20           C21           C22           C23           C24
              ________      ________      ________      ________      ________
                0.000         0.000         0.000         0.000         0.000


           Model Estimated Covariances
              X1            X2            X3            X4            X5
              ________      ________      ________      ________      ________
 X1             0.990
 X2             0.270         0.975
 X3             0.271         0.309         0.849
 X4             0.266         0.347         0.335         0.921
 X5             0.267         0.336         0.326         0.377         0.861
 Y1            -0.162        -0.151        -0.147        -0.163        -0.159
 Y2            -0.131        -0.223        -0.150        -0.172        -0.166
 Y3            -0.132        -0.161        -0.204        -0.181        -0.174
 Y4            -0.133        -0.167        -0.161        -0.239        -0.182
 Y5            -0.134        -0.173        -0.166        -0.199        -0.218
 Z0            -0.261        -0.136        -0.135        -0.140        -0.139
 C1            -0.021        -0.015        -0.016        -0.012        -0.013
 C2             0.027         0.022         0.022         0.020         0.021
 C3             0.029         0.022         0.022         0.020         0.021
 C4            -0.002         0.017         0.015         0.026         0.023
 C5            -0.023        -0.028        -0.027        -0.033        -0.031
 C6            -0.003        -0.029        -0.024        -0.046        -0.040
 C7            -0.083        -0.144        -0.131        -0.193        -0.176
 C8            -0.041        -0.033        -0.034        -0.029        -0.030
 C9             0.017         0.015         0.015         0.016         0.016
 C10            0.000        -0.001        -0.001        -0.001        -0.001
 C11           -0.005        -0.011        -0.010        -0.015        -0.014
 C12            0.058         0.049         0.049         0.048         0.048
 C13            0.101         0.069         0.071         0.058         0.062
 C14           -0.011        -0.011        -0.010        -0.013        -0.012
 C15           -0.039        -0.029        -0.029        -0.026        -0.027
 C16            0.051         0.039         0.040         0.034         0.036
 C17            0.014         0.022         0.021         0.028         0.026
 C18            0.048         0.032         0.033         0.028         0.029
 C19           -0.020        -0.016        -0.016        -0.018        -0.017
 C20            0.033         0.023         0.023         0.020         0.021
 C21            0.015         0.007         0.008         0.002         0.004
 C22           -0.040        -0.021        -0.023        -0.014        -0.016
 C23            0.009        -0.034        -0.028        -0.056        -0.048
 C24            0.165         0.178         0.175         0.191         0.186


           Model Estimated Covariances
              Y1            Y2            Y3            Y4            Y5
              ________      ________      ________      ________      ________
 Y1             1.016
 Y2             0.469         1.132
 Y3             0.476         0.513         1.110
 Y4             0.482         0.530         0.557         1.168
 Y5             0.489         0.547         0.580         0.612         1.256
 Z0             0.158         0.105         0.110         0.115         0.120
 C1            -0.085        -0.083        -0.082        -0.082        -0.081
 C2            -0.064        -0.061        -0.061        -0.060        -0.059
 C3            -0.080        -0.077        -0.077        -0.077        -0.076
 C4            -0.028        -0.014        -0.006         0.001         0.008
 C5             0.077         0.062         0.055         0.048         0.041
 C6             0.096         0.110         0.119         0.129         0.139
 C7             0.528         0.480         0.467         0.453         0.440
 C8             0.007         0.007         0.006         0.006         0.005
 C9            -0.008        -0.010        -0.012        -0.014        -0.016
 C10            0.001         0.002         0.002         0.002         0.002
 C11            0.001         0.005         0.008         0.011         0.014
 C12           -0.116        -0.108        -0.106        -0.104        -0.102
 C13           -0.251        -0.232        -0.225        -0.218        -0.211
 C14            0.045         0.029         0.022         0.014         0.007
 C15            0.165         0.140         0.129         0.118         0.107
 C16           -0.132        -0.118        -0.111        -0.105        -0.098
 C17           -0.057        -0.047        -0.043        -0.039        -0.035
 C18           -0.012        -0.006        -0.004        -0.002         0.000
 C19            0.032         0.033         0.035         0.038         0.040
 C20           -0.007        -0.010        -0.012        -0.014        -0.016
 C21            0.021         0.019         0.019         0.019         0.019
 C22            0.073         0.073         0.073         0.074         0.074
 C23            0.198         0.164         0.148         0.132         0.116
 C24           -0.448        -0.456        -0.464        -0.472        -0.480


           Model Estimated Covariances
              Z0            C1            C2            C3            C4
              ________      ________      ________      ________      ________
 Z0             1.000
 C1            -0.010         0.250
 C2            -0.019         0.035         0.157
 C3            -0.036        -0.009         0.042         0.246
 C4            -0.002         0.000         0.004        -0.015         0.213
 C5             0.027         0.005        -0.018        -0.025        -0.075
 C6             0.093        -0.038        -0.061        -0.108         0.073
 C7             0.339        -0.146        -0.208        -0.467         0.194
 C8            -0.011        -0.002        -0.003        -0.002        -0.013
 C9            -0.015         0.002         0.006         0.016        -0.008
 C10            0.000        -0.001        -0.001        -0.001        -0.001
 C11            0.013         0.001        -0.002         0.012        -0.002
 C12           -0.055         0.040         0.026         0.009        -0.005
 C13           -0.078         0.127         0.192         0.232        -0.026
 C14            0.027        -0.003        -0.010        -0.022         0.003
 C15            0.041        -0.030        -0.022        -0.022         0.000
 C16           -0.019         0.030         0.018         0.004         0.002
 C17           -0.032         0.036         0.011         0.000         0.001
 C18           -0.042        -0.010        -0.007        -0.005         0.011
 C19            0.057         0.001        -0.004        -0.021         0.001
 C20           -0.025        -0.002        -0.001         0.016        -0.003
 C21            0.021        -0.014        -0.006        -0.004        -0.011
 C22            0.032        -0.008        -0.063        -0.113         0.003
 C23            0.030        -0.050        -0.021        -0.009        -0.016
 C24           -0.112         0.082         0.246         0.370        -0.053


           Model Estimated Covariances
              C5            C6            C7            C8            C9
              ________      ________      ________      ________      ________
 C5             0.184
 C6             0.031         1.375
 C7             0.196         3.685        22.445
 C8             0.004        -0.138        -0.329         0.161
 C9            -0.003        -0.038        -0.124        -0.016         0.073
 C10            0.002         0.002         0.011        -0.001         0.000
 C11           -0.008         0.083         0.343         0.000        -0.003
 C12            0.008        -0.045        -0.125         0.013        -0.002
 C13           -0.075        -0.279        -1.030         0.021         0.042
 C14            0.037         0.012         0.177         0.008        -0.014
 C15            0.012         0.018         0.115         0.001        -0.004
 C16           -0.008         0.000        -0.001        -0.008         0.003
 C17           -0.004        -0.060        -0.182        -0.001         0.004
 C18           -0.012         0.016        -0.015         0.000        -0.001
 C19            0.013         0.052         0.216        -0.006        -0.005
 C20           -0.001        -0.035        -0.124         0.004         0.004
 C21            0.015         0.013         0.072        -0.004         0.000
 C22            0.029         0.085         0.362        -0.005        -0.012
 C23            0.019         0.083         0.493         0.003        -0.003
 C24           -0.042        -0.613        -2.040         0.050         0.046


           Model Estimated Covariances
              C10           C11           C12           C13           C14
              ________      ________      ________      ________      ________
 C10            0.004
 C11            0.000         0.096
 C12           -0.001         0.000         1.036
 C13            0.000         0.039         0.248         1.541
 C14            0.002        -0.003         0.006        -0.083         0.248
 C15            0.000         0.002        -0.042        -0.080         0.003
 C16            0.000        -0.001         0.053         0.044         0.002
 C17            0.000        -0.024         0.015         0.029        -0.028
 C18            0.000        -0.004        -0.008        -0.050        -0.006
 C19            0.000        -0.002        -0.014        -0.058         0.018
 C20            0.000        -0.001         0.013         0.014         0.001
 C21            0.001         0.008        -0.004        -0.016         0.039
 C22            0.001        -0.017        -0.049        -0.356         0.036
 C23            0.001         0.050        -0.035        -0.055         0.022
 C24            0.004        -0.014         0.580         1.738         0.695


           Model Estimated Covariances
              C15           C16           C17           C18           C19
              ________      ________      ________      ________      ________
 C15            0.217
 C16           -0.138         0.246
 C17           -0.008         0.008         0.142
 C18           -0.002        -0.003        -0.001         0.179
 C19            0.007        -0.006        -0.006        -0.043         0.151
 C20           -0.002         0.003         0.003         0.027        -0.013
 C21            0.004        -0.004        -0.019        -0.007         0.013
 C22            0.023        -0.004        -0.002         0.018         0.022
 C23            0.089        -0.065        -0.032        -0.002         0.008
 C24           -0.138         0.056         0.084         0.012        -0.023


           Model Estimated Covariances
              C20           C21           C22           C23           C24
              ________      ________      ________      ________      ________
 C20            0.097
 C21           -0.023         0.167
 C22           -0.007         0.006         0.216
 C23            0.016         0.034         0.004         0.925
 C24            0.073         0.049        -0.417        -0.116        18.127


           Model Estimated Correlations
              X1            X2            X3            X4            X5
              ________      ________      ________      ________      ________
 X1             1.000
 X2             0.275         1.000
 X3             0.296         0.339         1.000
 X4             0.279         0.366         0.378         1.000
 X5             0.290         0.367         0.381         0.423         1.000
 Y1            -0.161        -0.152        -0.159        -0.169        -0.170
 Y2            -0.124        -0.212        -0.153        -0.169        -0.168
 Y3            -0.126        -0.154        -0.211        -0.179        -0.178
 Y4            -0.124        -0.156        -0.161        -0.230        -0.181
 Y5            -0.120        -0.156        -0.161        -0.185        -0.210
 Z0            -0.263        -0.138        -0.146        -0.146        -0.149
 C1            -0.043        -0.031        -0.035        -0.025        -0.029
 C2             0.069         0.055         0.060         0.053         0.056
 C3             0.058         0.044         0.048         0.043         0.045
 C4            -0.003         0.038         0.035         0.060         0.054
 C5            -0.053        -0.067        -0.069        -0.079        -0.078
 C6            -0.003        -0.025        -0.022        -0.041        -0.037
 C7            -0.018        -0.031        -0.030        -0.042        -0.040
 C8            -0.102        -0.083        -0.092        -0.074        -0.081
 C9             0.064         0.058         0.062         0.060         0.062
 C10           -0.006        -0.015        -0.014        -0.019        -0.018
 C11           -0.016        -0.037        -0.036        -0.051        -0.048
 C12            0.057         0.049         0.052         0.049         0.051
 C13            0.082         0.056         0.062         0.049         0.054
 C14           -0.022        -0.022        -0.023        -0.026        -0.026
 C15           -0.084        -0.062        -0.068        -0.059        -0.063
 C16            0.103         0.079         0.087         0.072         0.078
 C17            0.037         0.060         0.059         0.077         0.074
 C18            0.113         0.077         0.086         0.068         0.074
 C19           -0.053        -0.042        -0.044        -0.048        -0.048
 C20            0.105         0.073         0.081         0.065         0.071
 C21            0.036         0.017         0.022         0.005         0.010
 C22           -0.086        -0.045        -0.053        -0.031        -0.038
 C23            0.009        -0.036        -0.032        -0.060        -0.054
 C24            0.039         0.042         0.045         0.047         0.047


           Model Estimated Correlations
              Y1            Y2            Y3            Y4            Y5
              ________      ________      ________      ________      ________
 Y1             1.000
 Y2             0.438         1.000
 Y3             0.448         0.458         1.000
 Y4             0.443         0.461         0.489         1.000
 Y5             0.433         0.459         0.491         0.506         1.000
 Z0             0.156         0.099         0.104         0.106         0.107
 C1            -0.168        -0.156        -0.156        -0.151        -0.145
 C2            -0.160        -0.145        -0.145        -0.140        -0.133
 C3            -0.161        -0.147        -0.147        -0.143        -0.137
 C4            -0.060        -0.028        -0.013         0.001         0.015
 C5             0.178         0.135         0.121         0.104         0.086
 C6             0.081         0.088         0.097         0.102         0.106
 C7             0.111         0.095         0.093         0.088         0.083
 C8             0.017         0.016         0.015         0.013         0.011
 C9            -0.028        -0.036        -0.043        -0.049        -0.053
 C10            0.022         0.024         0.026         0.027         0.028
 C11            0.002         0.016         0.025         0.033         0.040
 C12           -0.113        -0.100        -0.099        -0.095        -0.090
 C13           -0.201        -0.176        -0.172        -0.162        -0.151
 C14            0.089         0.054         0.041         0.027         0.013
 C15            0.352         0.283         0.263         0.235         0.205
 C16           -0.264        -0.223        -0.213        -0.195        -0.177
 C17           -0.149        -0.117        -0.108        -0.095        -0.082
 C18           -0.029        -0.013        -0.009        -0.004         0.000
 C19            0.082         0.080         0.086         0.089         0.091
 C20           -0.023        -0.029        -0.036        -0.041        -0.045
 C21            0.051         0.045         0.045         0.043         0.041
 C22            0.156         0.147         0.149         0.147         0.142
 C23            0.204         0.160         0.146         0.127         0.108
 C24           -0.104        -0.101        -0.103        -0.103        -0.101


           Model Estimated Correlations
              Z0            C1            C2            C3            C4
              ________      ________      ________      ________      ________
 Z0             1.000
 C1            -0.019         1.000
 C2            -0.048         0.177         1.000
 C3            -0.073        -0.035         0.214         1.000
 C4            -0.003         0.001         0.020        -0.064         1.000
 C5             0.064         0.025        -0.106        -0.117        -0.378
 C6             0.079        -0.064        -0.130        -0.186         0.135
 C7             0.072        -0.062        -0.111        -0.199         0.089
 C8            -0.027        -0.010        -0.017        -0.012        -0.071
 C9            -0.054         0.014         0.061         0.122        -0.067
 C10            0.007        -0.018        -0.032        -0.020        -0.034
 C11            0.042         0.005        -0.017         0.075        -0.016
 C12           -0.054         0.078         0.065         0.018        -0.011
 C13           -0.062         0.204         0.391         0.377        -0.045
 C14            0.054        -0.013        -0.053        -0.088         0.014
 C15            0.089        -0.130        -0.121        -0.097        -0.002
 C16           -0.039         0.120         0.093         0.016         0.009
 C17           -0.084         0.189         0.071         0.001         0.004
 C18           -0.099        -0.045        -0.042        -0.025         0.056
 C19            0.147         0.005        -0.023        -0.110         0.005
 C20           -0.081        -0.014        -0.012         0.102        -0.024
 C21            0.050        -0.068        -0.040        -0.021        -0.056
 C22            0.068        -0.032        -0.343        -0.490         0.016
 C23            0.032        -0.104        -0.055        -0.018        -0.035
 C24           -0.026         0.039         0.146         0.175        -0.027


           Model Estimated Correlations
              C5            C6            C7            C8            C9
              ________      ________      ________      ________      ________
 C5             1.000
 C6             0.061         1.000
 C7             0.097         0.663         1.000
 C8             0.023        -0.293        -0.173         1.000
 C9            -0.029        -0.120        -0.097        -0.148         1.000
 C10            0.072         0.027         0.035        -0.021        -0.019
 C11           -0.063         0.228         0.234        -0.003        -0.036
 C12            0.019        -0.038        -0.026         0.032        -0.006
 C13           -0.140        -0.192        -0.175         0.042         0.124
 C14            0.174         0.020         0.075         0.038        -0.104
 C15            0.058         0.033         0.052         0.005        -0.031
 C16           -0.036        -0.001         0.000        -0.043         0.026
 C17           -0.023        -0.135        -0.102        -0.004         0.035
 C18           -0.067         0.032        -0.008         0.002        -0.012
 C19            0.080         0.113         0.117        -0.041        -0.050
 C20           -0.010        -0.096        -0.084         0.034         0.046
 C21            0.088         0.026         0.037        -0.022        -0.003
 C22            0.147         0.155         0.164        -0.025        -0.092
 C23            0.046         0.073         0.108         0.007        -0.010
 C24           -0.023        -0.123        -0.101         0.029         0.040


           Model Estimated Correlations
              C10           C11           C12           C13           C14
              ________      ________      ________      ________      ________
 C10            1.000
 C11            0.007         1.000
 C12           -0.008        -0.001         1.000
 C13           -0.003         0.102         0.197         1.000
 C14            0.051        -0.019         0.011        -0.134         1.000
 C15            0.006         0.017        -0.088        -0.138         0.015
 C16           -0.001        -0.007         0.105         0.071         0.007
 C17            0.005        -0.203         0.040         0.063        -0.151
 C18           -0.014        -0.028        -0.020        -0.095        -0.031
 C19           -0.007        -0.016        -0.034        -0.120         0.094
 C20           -0.008        -0.008         0.042         0.035         0.005
 C21            0.046         0.066        -0.009        -0.032         0.191
 C22            0.034        -0.116        -0.103        -0.616         0.155
 C23            0.019         0.168        -0.035        -0.046         0.045
 C24            0.013        -0.010         0.134         0.329         0.327


           Model Estimated Correlations
              C15           C16           C17           C18           C19
              ________      ________      ________      ________      ________
 C15            1.000
 C16           -0.598         1.000
 C17           -0.045         0.043         1.000
 C18           -0.009        -0.016        -0.004         1.000
 C19            0.036        -0.030        -0.041        -0.264         1.000
 C20           -0.012         0.022         0.024         0.206        -0.109
 C21            0.020        -0.022        -0.126        -0.040         0.085
 C22            0.105        -0.019        -0.009         0.092         0.121
 C23            0.199        -0.137        -0.088        -0.006         0.021
 C24           -0.070         0.027         0.052         0.007        -0.014


           Model Estimated Correlations
              C20           C21           C22           C23           C24
              ________      ________      ________      ________      ________
 C20            1.000
 C21           -0.181         1.000
 C22           -0.051         0.032         1.000
 C23            0.053         0.086         0.008         1.000
 C24            0.055         0.028        -0.211        -0.028         1.000


           Model Estimated Partial Correlations
              X1            X2            X3            X4            X5
              ________      ________      ________      ________      ________
 X1             1.000
 X2             0.101         1.000
 X3             0.119         0.143         1.000
 X4             0.093         0.172         0.180         1.000
 X5             0.104         0.170         0.179         0.234         1.000
 Y1            -0.054        -0.005        -0.009        -0.003        -0.011
 Y2            -0.004        -0.113         0.005         0.006         0.000
 Y3             0.001         0.005        -0.098        -0.001        -0.007
 Y4             0.004         0.007         0.007        -0.108        -0.005
 Y5             0.008         0.000         0.001        -0.012        -0.081
 Z0            -0.196        -0.027        -0.030        -0.026        -0.028
 C1            -0.050        -0.035        -0.041        -0.031        -0.033
 C2             0.019         0.007         0.010         0.003         0.005
 C3            -0.020        -0.009        -0.010        -0.001        -0.003
 C4            -0.036         0.008         0.004         0.036         0.028
 C5            -0.005        -0.002        -0.004        -0.006        -0.007
 C6             0.017        -0.002         0.001        -0.011        -0.008
 C7             0.001         0.001        -0.001        -0.002        -0.002
 C8            -0.069        -0.032        -0.040        -0.017        -0.024
 C9             0.012         0.012         0.012         0.012         0.012
 C10            0.000        -0.004        -0.003        -0.006        -0.006
 C11           -0.010        -0.009        -0.008        -0.006        -0.006
 C12            0.013         0.007         0.009         0.006         0.008
 C13            0.025         0.008         0.012         0.002         0.005
 C14            0.012         0.001         0.001        -0.009        -0.007
 C15            0.007         0.018         0.014         0.017         0.014
 C16            0.050         0.014         0.021        -0.001         0.007
 C17           -0.001         0.010         0.012         0.024         0.023
 C18            0.067         0.023         0.032         0.003         0.012
 C19            0.022         0.006         0.009        -0.001         0.002
 C20            0.056         0.023         0.029         0.007         0.014
 C21            0.048         0.019         0.026         0.008         0.013
 C22           -0.039         0.001        -0.004         0.024         0.016
 C23            0.044         0.004         0.007        -0.024        -0.017
 C24           -0.015         0.000        -0.001         0.010         0.008


           Model Estimated Partial Correlations
              Y1            Y2            Y3            Y4            Y5
              ________      ________      ________      ________      ________
 Y1             1.000
 Y2             0.126         1.000
 Y3             0.139         0.157         1.000
 Y4             0.145         0.168         0.198         1.000
 Y5             0.149         0.177         0.211         0.233         1.000
 Z0             0.060        -0.010        -0.005         0.001         0.008
 C1            -0.041        -0.040        -0.042        -0.041        -0.040
 C2            -0.015        -0.011        -0.010        -0.009        -0.008
 C3            -0.042        -0.028        -0.024        -0.017        -0.011
 C4            -0.036        -0.006         0.007         0.024         0.036
 C5             0.072         0.038         0.025         0.010        -0.005
 C6            -0.027        -0.004         0.007         0.018         0.029
 C7             0.041         0.012        -0.001        -0.014        -0.028
 C8            -0.002        -0.002        -0.002         0.001         0.001
 C9             0.029         0.012         0.003        -0.006        -0.015
 C10           -0.006         0.000         0.003         0.006         0.010
 C11           -0.049        -0.016         0.000         0.017         0.033
 C12           -0.029        -0.018        -0.014        -0.010        -0.005
 C13           -0.026        -0.007         0.001         0.009         0.018
 C14            0.047         0.015         0.001        -0.016        -0.031
 C15            0.146         0.075         0.045         0.012        -0.023
 C16           -0.028        -0.020        -0.018        -0.017        -0.013
 C17           -0.074        -0.031        -0.014         0.007         0.026
 C18           -0.016         0.000         0.008         0.013         0.021
 C19           -0.007         0.008         0.016         0.023         0.031
 C20            0.018         0.007         0.003        -0.005        -0.010
 C21           -0.008         0.001         0.006         0.009         0.013
 C22           -0.017         0.001         0.010         0.021         0.028
 C23            0.095         0.045         0.026         0.001        -0.021
 C24           -0.024        -0.015        -0.013        -0.008        -0.005


           Model Estimated Partial Correlations
              Z0            C1            C2            C3            C4
              ________      ________      ________      ________      ________
 Z0             1.000
 C1            -0.015         1.000
 C2            -0.001         0.109         1.000
 C3            -0.021        -0.104         0.033         1.000
 C4             0.005         0.030         0.021        -0.053         1.000
 C5             0.017         0.077        -0.027        -0.027        -0.396
 C6             0.018        -0.011        -0.044        -0.048         0.093
 C7            -0.002        -0.034         0.013        -0.066         0.031
 C8            -0.049        -0.042        -0.035        -0.063        -0.027
 C9            -0.026        -0.002        -0.003         0.049        -0.050
 C10           -0.005        -0.022        -0.020        -0.002        -0.012
 C11            0.020         0.064        -0.050         0.057        -0.067
 C12           -0.025         0.015        -0.022        -0.062         0.011
 C13            0.019         0.193         0.189         0.075        -0.039
 C14            0.011         0.044         0.019        -0.009         0.089
 C15            0.049        -0.020        -0.009        -0.031         0.013
 C16            0.044         0.031         0.032        -0.034        -0.002
 C17           -0.037         0.161         0.010        -0.019         0.005
 C18           -0.031        -0.002         0.015        -0.003         0.027
 C19            0.100         0.031         0.043        -0.021         0.006
 C20           -0.017        -0.002        -0.046         0.073        -0.014
 C21            0.031        -0.041        -0.024         0.007        -0.039
 C22            0.008         0.094        -0.135        -0.309        -0.032
 C23           -0.005        -0.045         0.003         0.003        -0.017
 C24            0.004        -0.057         0.005         0.047        -0.029


           Model Estimated Partial Correlations
              C5            C6            C7            C8            C9
              ________      ________      ________      ________      ________
 C5             1.000
 C6             0.046         1.000
 C7             0.056         0.587         1.000
 C8             0.018        -0.259         0.010         1.000
 C9            -0.006        -0.096         0.002        -0.177         1.000
 C10            0.049         0.003         0.014        -0.025        -0.017
 C11           -0.093         0.119         0.134         0.059        -0.019
 C12            0.053         0.003         0.009         0.025        -0.027
 C13           -0.049        -0.042        -0.001         0.036         0.056
 C14            0.143        -0.048         0.057         0.028        -0.084
 C15           -0.007        -0.025         0.014        -0.026        -0.009
 C16           -0.004        -0.006         0.026        -0.032         0.009
 C17            0.017        -0.073         0.030        -0.015        -0.007
 C18           -0.044         0.059        -0.017         0.022        -0.020
 C19            0.015         0.042         0.035        -0.010        -0.020
 C20            0.022        -0.048        -0.019         0.017         0.028
 C21            0.039        -0.021        -0.009        -0.021         0.019
 C22            0.013        -0.008         0.031        -0.009         0.017
 C23            0.000        -0.007         0.047         0.011         0.006
 C24           -0.030        -0.012        -0.025        -0.009         0.026


           Model Estimated Partial Correlations
              C10           C11           C12           C13           C14
              ________      ________      ________      ________      ________
 C10            1.000
 C11            0.003         1.000
 C12           -0.012        -0.010         1.000
 C13            0.039         0.070         0.134         1.000
 C14            0.032        -0.023        -0.002        -0.138         1.000
 C15           -0.004         0.015         0.006        -0.018        -0.006
 C16            0.004         0.012         0.058        -0.003         0.024
 C17            0.023        -0.173         0.004        -0.017        -0.157
 C18           -0.013        -0.025        -0.018        -0.075        -0.049
 C19           -0.024        -0.040        -0.011        -0.062         0.025
 C20            0.003         0.018         0.033        -0.006         0.047
 C21            0.033         0.051         0.004         0.018         0.166
 C22            0.029        -0.062        -0.004        -0.433         0.086
 C23            0.008         0.141        -0.003        -0.006         0.018
 C24            0.002        -0.011         0.066         0.261         0.410


           Model Estimated Partial Correlations
              C15           C16           C17           C18           C19
              ________      ________      ________      ________      ________
 C15            1.000
 C16           -0.546         1.000
 C17            0.026         0.003         1.000
 C18           -0.030        -0.045        -0.027         1.000
 C19           -0.021        -0.028        -0.017        -0.262         1.000
 C20            0.009         0.024         0.002         0.184        -0.019
 C21           -0.014        -0.012        -0.071         0.018         0.051
 C22            0.033         0.048         0.024         0.077         0.046
 C23            0.099        -0.012        -0.003        -0.010         0.001
 C24           -0.011        -0.027         0.090         0.062         0.035


           Model Estimated Partial Correlations
              C20           C21           C22           C23           C24
              ________      ________      ________      ________      ________
 C20            1.000
 C21           -0.193         1.000
 C22           -0.016        -0.001         1.000
 C23            0.072         0.067        -0.020         1.000
 C24            0.013        -0.024        -0.027        -0.009         1.000


           Residuals for Covariances
              X1            X2            X3            X4            X5
              ________      ________      ________      ________      ________
 X1             0.010
 X2             0.026        -0.005
 X3            -0.023        -0.050        -0.033
 X4             0.010         0.020         0.018         0.050
 X5             0.025        -0.025        -0.034         0.068         0.009
 Y1            -0.002        -0.013         0.021        -0.001        -0.009
 Y2             0.004        -0.003         0.015        -0.015        -0.014
 Y3            -0.026         0.001         0.010        -0.005        -0.021
 Y4            -0.028         0.026         0.003        -0.006        -0.059
 Y5             0.030        -0.009         0.045        -0.013        -0.009
 Z0             0.000         0.002        -0.001        -0.010         0.007
 C1             0.001        -0.002        -0.003         0.000         0.005
 C2             0.005         0.001        -0.015         0.017        -0.001
 C3             0.002         0.008        -0.013         0.005        -0.007
 C4            -0.005         0.013         0.005        -0.012        -0.025
 C5             0.004        -0.014         0.000         0.022         0.005
 C6             0.000         0.000         0.006         0.008        -0.028
 C7            -0.003        -0.028         0.047        -0.028        -0.028
 C8             0.001         0.004        -0.008        -0.001         0.008
 C9            -0.001        -0.003         0.006         0.000        -0.003
 C10            0.001        -0.001        -0.002         0.002         0.002
 C11           -0.001         0.002         0.001        -0.025         0.018
 C12            0.005         0.010        -0.024         0.001         0.017
 C13            0.013         0.016        -0.052         0.037        -0.017
 C14            0.005         0.006        -0.020         0.016        -0.001
 C15            0.000        -0.006         0.006         0.001         0.000
 C16            0.001         0.004        -0.003         0.007        -0.010
 C17            0.000        -0.006         0.007         0.005        -0.003
 C18            0.000         0.004        -0.004        -0.007         0.004
 C19           -0.001         0.002         0.003        -0.007         0.002
 C20           -0.001         0.001         0.001        -0.003         0.000
 C21            0.003         0.000        -0.011         0.006         0.005
 C22           -0.005        -0.001         0.016        -0.018         0.003
 C23           -0.004         0.004         0.010        -0.055         0.013
 C24            0.053         0.094        -0.240         0.135         0.010


           Residuals for Covariances
              Y1            Y2            Y3            Y4            Y5
              ________      ________      ________      ________      ________
 Y1            -0.016
 Y2            -0.016         0.021
 Y3             0.016         0.105         0.058
 Y4            -0.040        -0.063        -0.050        -0.084
 Y5            -0.073         0.002        -0.021        -0.063        -0.068
 Z0             0.000         0.002        -0.001        -0.009         0.009
 C1             0.003        -0.004        -0.007         0.008         0.008
 C2             0.002        -0.003        -0.003         0.002         0.006
 C3             0.003        -0.001        -0.007        -0.003         0.021
 C4            -0.002         0.006        -0.010         0.015        -0.010
 C5            -0.002         0.002         0.006        -0.016        -0.001
 C6            -0.003         0.014        -0.023         0.037        -0.007
 C7             0.007        -0.018        -0.019         0.162        -0.071
 C8            -0.002         0.000         0.009        -0.009        -0.007
 C9             0.001         0.000        -0.003         0.006        -0.002
 C10            0.000         0.000        -0.001         0.003         0.000
 C11           -0.002         0.005         0.000        -0.010        -0.003
 C12            0.003         0.006        -0.028         0.019         0.035
 C13           -0.001         0.005        -0.004        -0.005         0.008
 C14            0.005        -0.012         0.006        -0.013         0.027
 C15           -0.001         0.000         0.010        -0.014        -0.003
 C16            0.002        -0.004        -0.008         0.028        -0.008
 C17            0.002        -0.003        -0.005         0.012         0.002
 C18           -0.003         0.008        -0.004        -0.001        -0.004
 C19            0.002        -0.001        -0.007         0.002         0.012
 C20            0.001         0.000        -0.003         0.009         0.002
 C21            0.001         0.003        -0.004        -0.022         0.024
 C22           -0.003         0.003         0.004         0.000        -0.013
 C23            0.004        -0.023         0.040        -0.019        -0.011
 C24            0.015        -0.069         0.064        -0.077         0.067


           Residuals for Covariances
              Z0            C1            C2            C3            C4
              ________      ________      ________      ________      ________
 Z0             0.000
 C1             0.000         0.000
 C2             0.000         0.000         0.000
 C3             0.000         0.000         0.000         0.000
 C4             0.000         0.000         0.000         0.000         0.000
 C5             0.000         0.000         0.000         0.000         0.000
 C6             0.000         0.000         0.000         0.000         0.000
 C7             0.000         0.000         0.000         0.000         0.000
 C8             0.000         0.000         0.000         0.000         0.000
 C9             0.000         0.000         0.000         0.000         0.000
 C10            0.000         0.000         0.000         0.000         0.000
 C11            0.000         0.000         0.000         0.000         0.000
 C12            0.000         0.000         0.000         0.000         0.000
 C13            0.000         0.000         0.000         0.000         0.000
 C14            0.000         0.000         0.000         0.000         0.000
 C15            0.000         0.000         0.000         0.000         0.000
 C16            0.000         0.000         0.000         0.000         0.000
 C17            0.000         0.000         0.000         0.000         0.000
 C18            0.000         0.000         0.000         0.000         0.000
 C19            0.000         0.000         0.000         0.000         0.000
 C20            0.000         0.000         0.000         0.000         0.000
 C21            0.000         0.000         0.000         0.000         0.000
 C22            0.000         0.000         0.000         0.000         0.000
 C23            0.000         0.000         0.000         0.000         0.000
 C24            0.000         0.000         0.000         0.000         0.000


           Residuals for Covariances
              C5            C6            C7            C8            C9
              ________      ________      ________      ________      ________
 C5             0.000
 C6             0.000         0.000
 C7             0.000         0.000         0.000
 C8             0.000         0.000         0.000         0.000
 C9             0.000         0.000         0.000         0.000         0.000
 C10            0.000         0.000         0.000         0.000         0.000
 C11            0.000         0.000         0.000         0.000         0.000
 C12            0.000         0.000         0.000         0.000         0.000
 C13            0.000         0.000         0.000         0.000         0.000
 C14            0.000         0.000         0.000         0.000         0.000
 C15            0.000         0.000         0.000         0.000         0.000
 C16            0.000         0.000         0.000         0.000         0.000
 C17            0.000         0.000         0.000         0.000         0.000
 C18            0.000         0.000         0.000         0.000         0.000
 C19            0.000         0.000         0.000         0.000         0.000
 C20            0.000         0.000         0.000         0.000         0.000
 C21            0.000         0.000         0.000         0.000         0.000
 C22            0.000         0.000         0.000         0.000         0.000
 C23            0.000         0.000         0.000         0.000         0.000
 C24            0.000         0.000         0.000         0.000         0.000


           Residuals for Covariances
              C10           C11           C12           C13           C14
              ________      ________      ________      ________      ________
 C10            0.000
 C11            0.000         0.000
 C12            0.000         0.000         0.000
 C13            0.000         0.000         0.000         0.000
 C14            0.000         0.000         0.000         0.000         0.000
 C15            0.000         0.000         0.000         0.000         0.000
 C16            0.000         0.000         0.000         0.000         0.000
 C17            0.000         0.000         0.000         0.000         0.000
 C18            0.000         0.000         0.000         0.000         0.000
 C19            0.000         0.000         0.000         0.000         0.000
 C20            0.000         0.000         0.000         0.000         0.000
 C21            0.000         0.000         0.000         0.000         0.000
 C22            0.000         0.000         0.000         0.000         0.000
 C23            0.000         0.000         0.000         0.000         0.000
 C24            0.000         0.000         0.000         0.000         0.000


           Residuals for Covariances
              C15           C16           C17           C18           C19
              ________      ________      ________      ________      ________
 C15            0.000
 C16            0.000         0.000
 C17            0.000         0.000         0.000
 C18            0.000         0.000         0.000         0.000
 C19            0.000         0.000         0.000         0.000         0.000
 C20            0.000         0.000         0.000         0.000         0.000
 C21            0.000         0.000         0.000         0.000         0.000
 C22            0.000         0.000         0.000         0.000         0.000
 C23            0.000         0.000         0.000         0.000         0.000
 C24            0.000         0.000         0.000         0.000         0.000


           Residuals for Covariances
              C20           C21           C22           C23           C24
              ________      ________      ________      ________      ________
 C20            0.000
 C21            0.000         0.000
 C22            0.000         0.000         0.000
 C23            0.000         0.000         0.000         0.000
 C24            0.000         0.000         0.000         0.000         0.000


           Residuals for Correlations
              X1            X2            X3            X4            X5
              ________      ________      ________      ________      ________
 X1             0.000
 X2             0.025         0.000
 X3            -0.021        -0.048         0.000
 X4             0.002         0.012         0.017         0.000
 X5             0.024        -0.028        -0.034         0.061         0.000
 Y1            -0.002        -0.015         0.019         0.003        -0.010
 Y2             0.006        -0.002         0.013        -0.008        -0.012
 Y3            -0.020         0.005         0.011         0.004        -0.015
 Y4            -0.031         0.019        -0.006        -0.008        -0.067
 Y5             0.024        -0.013         0.037        -0.012        -0.014
 Z0             0.001         0.002        -0.004        -0.007         0.008
 C1             0.003        -0.004        -0.007         0.002         0.012
 C2             0.013         0.003        -0.042         0.043        -0.004
 C3             0.005         0.016        -0.028         0.010        -0.014
 C4            -0.010         0.028         0.013        -0.027        -0.059
 C5             0.009        -0.033        -0.002         0.054         0.014
 C6             0.000         0.000         0.005         0.008        -0.026
 C7            -0.001        -0.006         0.010        -0.005        -0.006
 C8             0.004         0.010        -0.023         0.000         0.021
 C9            -0.005        -0.012         0.027        -0.002        -0.013
 C10            0.008        -0.009        -0.027         0.034         0.039
 C11           -0.002         0.006         0.004        -0.080         0.062
 C12            0.004         0.010        -0.025         0.000         0.017
 C13            0.010         0.013        -0.046         0.029        -0.015
 C14            0.010         0.012        -0.044         0.034        -0.003
 C15            0.000        -0.013         0.012         0.003         0.000
 C16            0.001         0.008        -0.005         0.012        -0.023
 C17           -0.001        -0.015         0.020         0.013        -0.008
 C18           -0.002         0.011        -0.009        -0.020         0.010
 C19           -0.004         0.005         0.007        -0.017         0.006
 C20           -0.002         0.003         0.005        -0.012         0.000
 C21            0.007         0.000        -0.028         0.016         0.013
 C22           -0.011        -0.001         0.038        -0.039         0.007
 C23           -0.004         0.004         0.011        -0.056         0.014
 C24            0.012         0.022        -0.061         0.031         0.002


           Residuals for Correlations
              Y1            Y2            Y3            Y4            Y5
              ________      ________      ________      ________      ________
 Y1             0.000
 Y2            -0.015         0.000
 Y3             0.008         0.075         0.000
 Y4            -0.018        -0.043        -0.039         0.000
 Y5            -0.051         0.010        -0.016        -0.022         0.000
 Z0             0.001         0.001        -0.004        -0.004         0.012
 C1             0.005        -0.006        -0.008         0.010         0.010
 C2             0.004        -0.005        -0.003         0.000         0.010
 C3             0.004        -0.001        -0.009        -0.011         0.035
 C4            -0.004         0.013        -0.019         0.030        -0.019
 C5            -0.003         0.004         0.010        -0.031         0.000
 C6            -0.002         0.010        -0.021         0.034        -0.003
 C7             0.002        -0.005        -0.006         0.036        -0.011
 C8            -0.005         0.000         0.021        -0.021        -0.017
 C9             0.002        -0.001        -0.007         0.019        -0.007
 C10            0.003         0.000        -0.022         0.052        -0.001
 C11           -0.006         0.014         0.000        -0.029        -0.009
 C12            0.002         0.007        -0.023         0.014         0.029
 C13           -0.002         0.005         0.001        -0.010         0.002
 C14            0.011        -0.024         0.009        -0.023         0.050
 C15            0.000        -0.003         0.012        -0.020         0.000
 C16            0.002        -0.005        -0.009         0.047        -0.019
 C17            0.003        -0.005        -0.009         0.028         0.002
 C18           -0.006         0.017        -0.008        -0.003        -0.009
 C19            0.006        -0.004        -0.018         0.008         0.030
 C20            0.002         0.000        -0.009         0.027         0.005
 C21            0.003         0.006        -0.011        -0.050         0.056
 C22           -0.005         0.004         0.004         0.006        -0.022
 C23            0.005        -0.024         0.035        -0.014        -0.007
 C24            0.003        -0.014         0.017        -0.021         0.012


           Residuals for Correlations
              Z0            C1            C2            C3            C4
              ________      ________      ________      ________      ________
 Z0             0.000
 C1             0.000         0.000
 C2             0.000         0.000         0.000
 C3             0.000         0.000         0.000         0.000
 C4             0.000         0.000         0.000         0.000         0.000
 C5             0.000         0.000         0.000         0.000         0.000
 C6             0.000         0.000         0.000         0.000         0.000
 C7             0.000         0.000         0.000         0.000         0.000
 C8             0.000         0.000         0.000         0.000         0.000
 C9             0.000         0.000         0.000         0.000         0.000
 C10            0.000         0.000         0.000         0.000         0.000
 C11            0.000         0.000         0.000         0.000         0.000
 C12            0.000         0.000         0.000         0.000         0.000
 C13            0.000         0.000         0.000         0.000         0.000
 C14            0.000         0.000         0.000         0.000         0.000
 C15            0.000         0.000         0.000         0.000         0.000
 C16            0.000         0.000         0.000         0.000         0.000
 C17            0.000         0.000         0.000         0.000         0.000
 C18            0.000         0.000         0.000         0.000         0.000
 C19            0.000         0.000         0.000         0.000         0.000
 C20            0.000         0.000         0.000         0.000         0.000
 C21            0.000         0.000         0.000         0.000         0.000
 C22            0.000         0.000         0.000         0.000         0.000
 C23            0.000         0.000         0.000         0.000         0.000
 C24            0.000         0.000         0.000         0.000         0.000


           Residuals for Correlations
              C5            C6            C7            C8            C9
              ________      ________      ________      ________      ________
 C5             0.000
 C6             0.000         0.000
 C7             0.000         0.000         0.000
 C8             0.000         0.000         0.000         0.000
 C9             0.000         0.000         0.000         0.000         0.000
 C10            0.000         0.000         0.000         0.000         0.000
 C11            0.000         0.000         0.000         0.000         0.000
 C12            0.000         0.000         0.000         0.000         0.000
 C13            0.000         0.000         0.000         0.000         0.000
 C14            0.000         0.000         0.000         0.000         0.000
 C15            0.000         0.000         0.000         0.000         0.000
 C16            0.000         0.000         0.000         0.000         0.000
 C17            0.000         0.000         0.000         0.000         0.000
 C18            0.000         0.000         0.000         0.000         0.000
 C19            0.000         0.000         0.000         0.000         0.000
 C20            0.000         0.000         0.000         0.000         0.000
 C21            0.000         0.000         0.000         0.000         0.000
 C22            0.000         0.000         0.000         0.000         0.000
 C23            0.000         0.000         0.000         0.000         0.000
 C24            0.000         0.000         0.000         0.000         0.000


           Residuals for Correlations
              C10           C11           C12           C13           C14
              ________      ________      ________      ________      ________
 C10            0.000
 C11            0.000         0.000
 C12            0.000         0.000         0.000
 C13            0.000         0.000         0.000         0.000
 C14            0.000         0.000         0.000         0.000         0.000
 C15            0.000         0.000         0.000         0.000         0.000
 C16            0.000         0.000         0.000         0.000         0.000
 C17            0.000         0.000         0.000         0.000         0.000
 C18            0.000         0.000         0.000         0.000         0.000
 C19            0.000         0.000         0.000         0.000         0.000
 C20            0.000         0.000         0.000         0.000         0.000
 C21            0.000         0.000         0.000         0.000         0.000
 C22            0.000         0.000         0.000         0.000         0.000
 C23            0.000         0.000         0.000         0.000         0.000
 C24            0.000         0.000         0.000         0.000         0.000


           Residuals for Correlations
              C15           C16           C17           C18           C19
              ________      ________      ________      ________      ________
 C15            0.000
 C16            0.000         0.000
 C17            0.000         0.000         0.000
 C18            0.000         0.000         0.000         0.000
 C19            0.000         0.000         0.000         0.000         0.000
 C20            0.000         0.000         0.000         0.000         0.000
 C21            0.000         0.000         0.000         0.000         0.000
 C22            0.000         0.000         0.000         0.000         0.000
 C23            0.000         0.000         0.000         0.000         0.000
 C24            0.000         0.000         0.000         0.000         0.000


           Residuals for Correlations
              C20           C21           C22           C23           C24
              ________      ________      ________      ________      ________
 C20            0.000
 C21            0.000         0.000
 C22            0.000         0.000         0.000
 C23            0.000         0.000         0.000         0.000
 C24            0.000         0.000         0.000         0.000         0.000


           Residuals for Partial Correlations
              X1            X2            X3            X4            X5
              ________      ________      ________      ________      ________
 X1             0.000
 X2             0.047         0.000
 X3            -0.021        -0.047         0.000
 X4            -0.044         0.019         0.042         0.000
 X5             0.037        -0.050        -0.055         0.090         0.000
 Y1             0.006        -0.023         0.010         0.006        -0.001
 Y2             0.021         0.001         0.001        -0.010         0.002
 Y3            -0.029         0.026        -0.008         0.028        -0.004
 Y4            -0.042         0.048        -0.037         0.023        -0.066
 Y5             0.046        -0.043         0.042        -0.014         0.004
 Z0             0.000         0.010        -0.019        -0.009         0.023
 C1             0.001        -0.004        -0.007        -0.006         0.017
 C2             0.010        -0.009        -0.039         0.042        -0.003
 C3            -0.001         0.026        -0.011         0.002        -0.022
 C4            -0.003         0.033         0.025        -0.007        -0.061
 C5             0.008        -0.033        -0.005         0.052        -0.024
 C6             0.008         0.002        -0.024         0.063        -0.050
 C7             0.003        -0.012         0.009        -0.002         0.006
 C8             0.006         0.007        -0.029         0.016         0.002
 C9            -0.003        -0.012         0.036        -0.004        -0.014
 C10            0.006        -0.023        -0.045         0.038         0.044
 C11           -0.014         0.012         0.025        -0.131         0.109
 C12           -0.004         0.013        -0.019        -0.020         0.034
 C13            0.005         0.016        -0.011         0.020        -0.041
 C14            0.006         0.005        -0.038         0.043        -0.019
 C15            0.008        -0.015        -0.003         0.037        -0.026
 C16            0.008        -0.003         0.007         0.037        -0.048
 C17           -0.002        -0.016         0.024         0.001        -0.004
 C18           -0.004         0.017        -0.013        -0.029         0.027
 C19           -0.009         0.016         0.007        -0.037         0.028
 C20           -0.002         0.000         0.012        -0.004         0.000
 C21            0.000         0.003        -0.032         0.018         0.004
 C22           -0.008         0.028         0.022        -0.054         0.007
 C23           -0.002         0.012         0.029        -0.069         0.027
 C24            0.006         0.015        -0.038         0.008         0.004


           Residuals for Partial Correlations
              Y1            Y2            Y3            Y4            Y5
              ________      ________      ________      ________      ________
 Y1             0.000
 Y2            -0.017         0.000
 Y3             0.013         0.124         0.000
 Y4             0.032        -0.068        -0.052         0.000
 Y5            -0.069         0.015        -0.015         0.023         0.000
 Z0             0.003         0.005        -0.014        -0.019         0.030
 C1             0.004        -0.010        -0.006        -0.007         0.022
 C2             0.004        -0.004        -0.004         0.002         0.005
 C3             0.003         0.002        -0.023        -0.019         0.040
 C4            -0.007         0.036        -0.018         0.017        -0.040
 C5            -0.006         0.023         0.008        -0.024        -0.015
 C6            -0.005         0.016        -0.032         0.022         0.003
 C7             0.001        -0.023         0.009         0.035        -0.017
 C8            -0.005         0.007         0.015        -0.004        -0.019
 C9            -0.002         0.001        -0.012         0.034        -0.018
 C10           -0.002         0.001        -0.044         0.081        -0.011
 C11            0.001         0.031         0.009        -0.044        -0.006
 C12            0.001         0.011        -0.047         0.010         0.042
 C13           -0.008         0.021         0.010        -0.006        -0.028
 C14            0.012        -0.038        -0.010        -0.024         0.070
 C15            0.001        -0.010        -0.006         0.022        -0.005
 C16           -0.004        -0.007         0.005         0.058        -0.052
 C17            0.002        -0.007        -0.012         0.019         0.007
 C18           -0.002         0.024        -0.017        -0.006         0.001
 C19            0.006         0.001        -0.036         0.009         0.032
 C20           -0.003        -0.001        -0.027         0.035         0.008
 C21            0.008         0.011        -0.033        -0.054         0.073
 C22           -0.006         0.020         0.012        -0.009        -0.027
 C23            0.006        -0.047         0.054        -0.007        -0.012
 C24            0.000        -0.007         0.031        -0.015        -0.018


           Residuals for Partial Correlations
              Z0            C1            C2            C3            C4
              ________      ________      ________      ________      ________
 Z0             0.000
 C1            -0.001         0.000
 C2             0.002         0.000         0.000
 C3            -0.003         0.000         0.000         0.000
 C4             0.000        -0.001         0.001        -0.001         0.000
 C5             0.004         0.000        -0.002         0.000         0.001
 C6             0.001         0.001        -0.002        -0.002        -0.004
 C7             0.001         0.001         0.000         0.003        -0.001
 C8             0.002         0.000        -0.001         0.000        -0.001
 C9             0.001         0.001         0.001         0.002        -0.002
 C10            0.002         0.003        -0.002         0.002        -0.001
 C11           -0.003        -0.005         0.005         0.000         0.007
 C12           -0.003         0.000         0.000        -0.001         0.001
 C13            0.001        -0.001        -0.001        -0.001        -0.001
 C14           -0.002         0.000        -0.002        -0.003         0.000
 C15            0.002         0.002        -0.002         0.002        -0.001
 C16            0.003         0.002        -0.001         0.002        -0.004
 C17            0.000         0.000         0.000         0.000         0.001
 C18           -0.001        -0.001         0.001        -0.001         0.001
 C19           -0.004        -0.001         0.002        -0.002         0.001
 C20            0.000         0.001         0.001         0.001        -0.002
 C21           -0.003        -0.001        -0.002        -0.004         0.003
 C22           -0.001        -0.002         0.002         0.001         0.001
 C23           -0.001         0.000         0.004         0.002         0.002
 C24            0.001        -0.001        -0.002         0.000         0.002


           Residuals for Partial Correlations
              C5            C6            C7            C8            C9
              ________      ________      ________      ________      ________
 C5             0.000
 C6            -0.002         0.000
 C7             0.000        -0.002         0.000
 C8            -0.001         0.001         0.000         0.000
 C9             0.000         0.000        -0.001         0.001         0.000
 C10            0.001        -0.004        -0.002         0.000        -0.001
 C11            0.008         0.010        -0.002         0.002         0.001
 C12            0.002        -0.001         0.002         0.001         0.001
 C13           -0.002        -0.002         0.000        -0.002         0.000
 C14           -0.002        -0.003         0.003        -0.001         0.004
 C15           -0.002        -0.003        -0.001        -0.001        -0.001
 C16           -0.002        -0.003        -0.002        -0.001        -0.003
 C17            0.000        -0.001         0.000         0.002        -0.001
 C18            0.002         0.001         0.000         0.000         0.001
 C19            0.005         0.000         0.000         0.002         0.000
 C20            0.001        -0.001         0.000         0.001        -0.001
 C21            0.000        -0.002         0.004         0.000         0.003
 C22            0.002         0.003        -0.001         0.000         0.000
 C23            0.004         0.007        -0.002         0.000         0.000
 C24           -0.001         0.001         0.000        -0.002         0.002


           Residuals for Partial Correlations
              C10           C11           C12           C13           C14
              ________      ________      ________      ________      ________
 C10            0.000
 C11            0.004         0.000
 C12           -0.004        -0.005         0.000
 C13            0.001         0.004         0.001         0.000
 C14            0.000         0.005         0.000         0.000         0.000
 C15           -0.003         0.007         0.002        -0.001         0.000
 C16           -0.002         0.008         0.004        -0.002         0.002
 C17           -0.003         0.004        -0.001         0.002         0.000
 C18           -0.001        -0.005        -0.003         0.002         0.001
 C19           -0.002        -0.005        -0.005         0.003        -0.001
 C20           -0.003        -0.001        -0.001         0.001         0.002
 C21            0.000        -0.001        -0.004         0.001        -0.007
 C22            0.001        -0.004        -0.001         0.002         0.001
 C23            0.006        -0.013         0.003         0.001         0.004
 C24            0.000         0.001         0.001        -0.002        -0.003


           Residuals for Partial Correlations
              C15           C16           C17           C18           C19
              ________      ________      ________      ________      ________
 C15            0.000
 C16           -0.001         0.000
 C17           -0.001         0.000         0.000
 C18            0.002         0.003         0.000         0.000
 C19            0.002         0.003        -0.002        -0.001         0.000
 C20            0.000        -0.001        -0.002        -0.001        -0.002
 C21            0.002         0.006        -0.001        -0.001        -0.003
 C22            0.002         0.000         0.001        -0.001        -0.001
 C23            0.002         0.001         0.002        -0.001        -0.001
 C24            0.000         0.000         0.002         0.000         0.003


           Residuals for Partial Correlations
              C20           C21           C22           C23           C24
              ________      ________      ________      ________      ________
 C20            0.000
 C21            0.002         0.000
 C22           -0.001         0.002         0.000
 C23            0.001         0.005        -0.004         0.000
 C24            0.002         0.000         0.001         0.000         0.000


           Standardized Residuals (z-scores) for Covariances
              X1            X2            X3            X4            X5
              ________      ________      ________      ________      ________
 X1             1.987
 X2             2.012        -0.415
 X3            -2.764        -3.183       -10.886
 X4           999.000         1.029         0.736         1.988
 X5             1.098        -1.031        -1.320         4.044         0.407
 Y1            -1.192        -0.964         1.484        -0.027        -0.315
 Y2             0.360        -0.328         0.788        -0.499        -0.444
 Y3            -1.843         0.057         0.893        -0.179        -0.712
 Y4            -1.339         0.957         0.117        -0.322        -1.773
 Y5             1.142        -0.298         1.690        -0.406        -0.606
 Z0             0.000         0.106        -0.102        -0.741         0.263
 C1           999.000        -0.382        -0.458         0.047         0.462
 C2           999.000         0.264        -3.076         2.633        -0.175
 C3             1.082         1.187        -1.732         0.473        -0.562
 C4           -11.137         2.268         0.792        -1.056        -2.421
 C5             2.970        -2.475        -0.044         2.230         0.471
 C6            -0.051        -0.026         0.339         0.260        -0.736
 C7            -0.114        -0.478         0.612        -0.229        -0.206
 C8             0.546         0.739        -1.186        -0.073         0.784
 C9            -0.772        -0.881         1.783        -0.050        -0.476
 C10          999.000        -0.975        -1.844       999.000        10.540
 C11           -0.468         0.566         0.260        -2.096         1.231
 C12          999.000         0.767        -1.602         0.038         0.654
 C13          999.000         1.336        -4.010         2.149        -0.694
 C14          999.000         0.887        -2.646         1.469        -0.116
 C15           -0.143        -1.032         0.889         0.089        -0.012
 C16            0.301         0.580        -0.488         0.663        -0.885
 C17          999.000        -1.282         1.132         0.600        -0.255
 C18           -0.221         0.832        -0.746        -0.808         0.432
 C19           -1.123         0.381         0.477        -0.839         0.197
 C20           -0.321         0.194         0.273        -0.531         0.000
 C21          999.000        -0.021        -1.822         0.684         0.508
 C22          999.000        -0.099         2.508        -2.048         0.278
 C23          999.000         0.323         0.728        -1.287         0.267
 C24          999.000         2.097        -4.077         1.188         0.114


           Standardized Residuals (z-scores) for Covariances
              Y1            Y2            Y3            Y4            Y5
              ________      ________      ________      ________      ________
 Y1            -4.690
 Y2            -2.207         1.402
 Y3             0.957         4.813         2.619
 Y4            -1.784        -2.056        -1.916        -4.536
 Y5            -2.900         0.052        -0.612        -2.649        -3.670
 Z0             0.000       999.000        -0.081        -0.291         0.371
 C1             1.536        -0.656        -1.020         0.927         0.690
 C2             1.589        -0.615        -0.674         0.356         0.763
 C3             1.036        -0.206        -0.962        -0.289         1.804
 C4            -0.743         1.041        -1.502         1.419        -0.974
 C5            -0.950         0.405         0.890        -1.686        -0.097
 C6            -0.571         0.849        -1.370         1.154        -0.187
 C7           999.000        -0.279        -0.253         1.247        -0.517
 C8            -1.019         0.033         1.487        -1.024        -0.911
 C9             0.224        -0.087        -0.658         1.330        -0.357
 C10            0.884         0.043        -2.550         2.143       999.000
 C11           -1.080         1.186         0.024        -0.809        -0.173
 C12            0.565         0.480        -1.843         0.841         1.220
 C13          999.000         0.360        -0.332        -0.224         0.312
 C14            1.810        -1.804         0.769        -1.188         2.312
 C15           -0.521         0.007         1.375        -1.354        -0.246
 C16            1.026        -0.554        -1.154         2.805        -0.658
 C17            0.764        -0.525        -0.736         1.335         0.141
 C18           -1.409         1.268        -0.639        -0.145        -0.464
 C19            1.404        -0.281        -1.187         0.227         1.016
 C20            0.296        -0.057        -0.791         1.334         0.305
 C21            0.775         0.515        -0.775        -2.448         1.993
 C22           -0.946         0.460         0.606        -0.002        -1.093
 C23            0.647        -2.735         1.868        -0.775        -0.269
 C24            1.632        -1.459         2.010        -1.072         4.153


           Standardized Residuals (z-scores) for Covariances
              Z0            C1            C2            C3            C4
              ________      ________      ________      ________      ________
 Z0             0.000
 C1             0.000         0.000
 C2             0.000         0.000         0.000
 C3             0.000         0.000         0.000         0.000
 C4             0.000         0.000         0.000         0.000         0.000
 C5             0.000         0.000         0.000         0.000         0.000
 C6             0.000         0.000         0.000         0.000         0.000
 C7             0.000         0.000         0.000         0.000         0.000
 C8             0.000         0.000         0.000         0.000         0.000
 C9             0.000         0.000         0.000         0.000         0.000
 C10            0.000         0.000         0.000         0.000         0.000
 C11            0.000         0.000         0.000         0.000         0.000
 C12            0.000         0.000         0.000         0.000         0.000
 C13            0.000         0.000         0.000         0.000         0.000
 C14            0.000         0.000         0.000         0.000         0.000
 C15            0.000         0.000         0.000         0.000         0.000
 C16            0.000         0.000         0.000         0.000         0.000
 C17            0.000         0.000         0.000         0.000         0.000
 C18            0.000         0.000         0.000         0.000         0.000
 C19            0.000         0.000         0.000         0.000         0.000
 C20            0.000         0.000         0.000         0.000         0.000
 C21            0.000         0.000         0.000         0.000         0.000
 C22            0.000         0.000         0.000         0.000         0.000
 C23            0.000         0.000         0.000         0.000         0.000
 C24            0.000         0.000         0.000         0.000         0.000


           Standardized Residuals (z-scores) for Covariances
              C5            C6            C7            C8            C9
              ________      ________      ________      ________      ________
 C5             0.000
 C6             0.000         0.000
 C7             0.000         0.000         0.000
 C8             0.000         0.000         0.000         0.000
 C9             0.000         0.000         0.000         0.000         0.000
 C10            0.000         0.000         0.000         0.000         0.000
 C11            0.000         0.000         0.000         0.000         0.000
 C12            0.000         0.000         0.000         0.000         0.000
 C13            0.000         0.000         0.000         0.000         0.000
 C14            0.000         0.000         0.000         0.000         0.000
 C15            0.000         0.000         0.000         0.000         0.000
 C16            0.000         0.000         0.000         0.000         0.000
 C17            0.000         0.000         0.000         0.000         0.000
 C18            0.000         0.000         0.000         0.000         0.000
 C19            0.000         0.000         0.000         0.000         0.000
 C20            0.000         0.000         0.000         0.000         0.000
 C21            0.000         0.000         0.000         0.000         0.000
 C22            0.000         0.000         0.000         0.000         0.000
 C23            0.000         0.000         0.000         0.000         0.000
 C24            0.000         0.000         0.000         0.000         0.000


           Standardized Residuals (z-scores) for Covariances
              C10           C11           C12           C13           C14
              ________      ________      ________      ________      ________
 C10            0.000
 C11            0.000         0.000
 C12            0.000         0.000         0.000
 C13            0.000         0.000         0.000         0.000
 C14            0.000         0.000         0.000         0.000         0.000
 C15            0.000         0.000         0.000         0.000         0.000
 C16            0.000         0.000         0.000         0.000         0.000
 C17            0.000         0.000         0.000         0.000         0.000
 C18            0.000         0.000         0.000         0.000         0.000
 C19            0.000         0.000         0.000         0.000         0.000
 C20            0.000         0.000         0.000         0.000         0.000
 C21            0.000         0.000         0.000         0.000         0.000
 C22            0.000         0.000         0.000         0.000         0.000
 C23            0.000         0.000         0.000         0.000         0.000
 C24            0.000         0.000         0.000         0.000         0.000


           Standardized Residuals (z-scores) for Covariances
              C15           C16           C17           C18           C19
              ________      ________      ________      ________      ________
 C15            0.000
 C16            0.000         0.000
 C17            0.000         0.000         0.000
 C18            0.000         0.000         0.000         0.000
 C19            0.000         0.000         0.000         0.000         0.000
 C20            0.000         0.000         0.000         0.000         0.000
 C21            0.000         0.000         0.000         0.000         0.000
 C22            0.000         0.000         0.000         0.000         0.000
 C23            0.000         0.000         0.000         0.000         0.000
 C24            0.000         0.000         0.000         0.000         0.000


           Standardized Residuals (z-scores) for Covariances
              C20           C21           C22           C23           C24
              ________      ________      ________      ________      ________
 C20            0.000
 C21            0.000         0.000
 C22            0.000         0.000         0.000
 C23            0.000         0.000         0.000         0.000
 C24            0.000         0.000         0.000         0.000         0.000


           Normalized Residuals for Covariances
              X1            X2            X3            X4            X5
              ________      ________      ________      ________      ________
 X1             0.302
 X2             1.163        -0.168
 X3            -1.008        -2.164        -1.255
 X4             0.312         0.590         0.536         1.087
 X5             0.758        -0.736        -1.056         1.678         0.208
 Y1            -0.087        -0.628         1.001        -0.019        -0.260
 Y2             0.193        -0.141         0.626        -0.425        -0.394
 Y3            -1.144         0.044         0.401        -0.147        -0.607
 Y4            -0.931         0.811         0.096        -0.150        -1.504
 Y5             0.779        -0.250         1.356        -0.307        -0.252
 Z0             0.000         0.073        -0.039        -0.242         0.170
 C1             0.193        -0.254        -0.330         0.035         0.395
 C2             0.727         0.176        -2.160         1.797        -0.133
 C3             0.245         0.787        -1.248         0.351        -0.446
 C4            -0.514         1.427         0.552        -0.811        -1.944
 C5             0.450        -1.556        -0.032         1.652         0.384
 C6            -0.017        -0.016         0.248         0.206        -0.642
 C7            -0.034        -0.300         0.454        -0.180        -0.173
 C8             0.152         0.478        -0.863        -0.052         0.625
 C9            -0.219        -0.590         1.175        -0.029        -0.390
 C10            0.664        -0.476        -1.230         2.011         1.823
 C11           -0.128         0.318         0.192        -1.830         1.142
 C12            0.259         0.502        -1.186         0.031         0.539
 C13            0.575         0.712        -2.330         1.274        -0.520
 C14            0.470         0.589        -1.914         1.088        -0.092
 C15           -0.031        -0.688         0.641         0.068        -0.010
 C16            0.083         0.391        -0.344         0.495        -0.727
 C17           -0.059        -0.801         0.821         0.457        -0.218
 C18           -0.061         0.558        -0.518        -0.607         0.348
 C19           -0.217         0.255         0.361        -0.615         0.165
 C20           -0.083         0.132         0.180        -0.378         0.000
 C21            0.424        -0.013        -1.315         0.530         0.420
 C22           -0.595        -0.066         1.725        -1.447         0.222
 C23           -0.254         0.199         0.489        -1.133         0.246
 C24            0.654         1.246        -2.931         0.951         0.086


           Normalized Residuals for Covariances
              Y1            Y2            Y3            Y4            Y5
              ________      ________      ________      ________      ________
 Y1            -0.558
 Y2            -0.731         0.643
 Y3             0.638         3.503         1.477
 Y4            -1.252        -1.630        -1.332        -1.630
 Y5            -1.889         0.042        -0.448        -1.403        -1.091
 Z0             0.000         0.079        -0.053        -0.218         0.199
 C1             0.382        -0.438        -0.679         0.675         0.517
 C2             0.353        -0.388        -0.399         0.240         0.526
 C3             0.301        -0.137        -0.617        -0.213         1.279
 C4            -0.201         0.688        -0.967         1.060        -0.666
 C5            -0.231         0.270         0.609        -1.238        -0.071
 C6            -0.148         0.561        -0.857         0.904        -0.150
 C7             0.074        -0.179        -0.165         0.982        -0.388
 C8            -0.246         0.022         1.014        -0.765        -0.603
 C9             0.100        -0.054        -0.424         0.866        -0.227
 C10            0.184         0.031        -1.495         1.901        -0.134
 C11           -0.307         0.729         0.015        -0.699        -0.158
 C12            0.178         0.311        -1.225         0.621         0.937
 C13           -0.035         0.205        -0.171        -0.152         0.224
 C14            0.527        -1.191         0.495        -0.868         1.624
 C15           -0.151         0.005         0.906        -1.009        -0.184
 C16            0.265        -0.380        -0.761         2.073        -0.485
 C17            0.225        -0.335        -0.513         1.016         0.112
 C18           -0.339         0.860        -0.414        -0.109        -0.315
 C19            0.274        -0.171        -0.774         0.170         0.778
 C20            0.097        -0.035        -0.493         1.016         0.212
 C21            0.138         0.320        -0.488        -1.819         1.571
 C22           -0.323         0.293         0.377        -0.002        -0.816
 C23            0.138        -1.018         1.296        -0.544        -0.218
 C24            0.208        -0.825         0.777        -0.682         0.654


           Normalized Residuals for Covariances
              Z0            C1            C2            C3            C4
              ________      ________      ________      ________      ________
 Z0             0.000
 C1             0.000         0.000
 C2             0.000         0.000         0.000
 C3             0.000         0.000         0.000         0.000
 C4             0.000         0.000         0.000         0.000         0.000
 C5             0.000         0.000         0.000         0.000         0.000
 C6             0.000         0.000         0.000         0.000         0.000
 C7             0.000         0.000         0.000         0.000         0.000
 C8             0.000         0.000         0.000         0.000         0.000
 C9             0.000         0.000         0.000         0.000         0.000
 C10            0.000         0.000         0.000         0.000         0.000
 C11            0.000         0.000         0.000         0.000         0.000
 C12            0.000         0.000         0.000         0.000         0.000
 C13            0.000         0.000         0.000         0.000         0.000
 C14            0.000         0.000         0.000         0.000         0.000
 C15            0.000         0.000         0.000         0.000         0.000
 C16            0.000         0.000         0.000         0.000         0.000
 C17            0.000         0.000         0.000         0.000         0.000
 C18            0.000         0.000         0.000         0.000         0.000
 C19            0.000         0.000         0.000         0.000         0.000
 C20            0.000         0.000         0.000         0.000         0.000
 C21            0.000         0.000         0.000         0.000         0.000
 C22            0.000         0.000         0.000         0.000         0.000
 C23            0.000         0.000         0.000         0.000         0.000
 C24            0.000         0.000         0.000         0.000         0.000


           Normalized Residuals for Covariances
              C5            C6            C7            C8            C9
              ________      ________      ________      ________      ________
 C5             0.000
 C6             0.000         0.000
 C7             0.000         0.000         0.000
 C8             0.000         0.000         0.000         0.000
 C9             0.000         0.000         0.000         0.000         0.000
 C10            0.000         0.000         0.000         0.000         0.000
 C11            0.000         0.000         0.000         0.000         0.000
 C12            0.000         0.000         0.000         0.000         0.000
 C13            0.000         0.000         0.000         0.000         0.000
 C14            0.000         0.000         0.000         0.000         0.000
 C15            0.000         0.000         0.000         0.000         0.000
 C16            0.000         0.000         0.000         0.000         0.000
 C17            0.000         0.000         0.000         0.000         0.000
 C18            0.000         0.000         0.000         0.000         0.000
 C19            0.000         0.000         0.000         0.000         0.000
 C20            0.000         0.000         0.000         0.000         0.000
 C21            0.000         0.000         0.000         0.000         0.000
 C22            0.000         0.000         0.000         0.000         0.000
 C23            0.000         0.000         0.000         0.000         0.000
 C24            0.000         0.000         0.000         0.000         0.000


           Normalized Residuals for Covariances
              C10           C11           C12           C13           C14
              ________      ________      ________      ________      ________
 C10            0.000
 C11            0.000         0.000
 C12            0.000         0.000         0.000
 C13            0.000         0.000         0.000         0.000
 C14            0.000         0.000         0.000         0.000         0.000
 C15            0.000         0.000         0.000         0.000         0.000
 C16            0.000         0.000         0.000         0.000         0.000
 C17            0.000         0.000         0.000         0.000         0.000
 C18            0.000         0.000         0.000         0.000         0.000
 C19            0.000         0.000         0.000         0.000         0.000
 C20            0.000         0.000         0.000         0.000         0.000
 C21            0.000         0.000         0.000         0.000         0.000
 C22            0.000         0.000         0.000         0.000         0.000
 C23            0.000         0.000         0.000         0.000         0.000
 C24            0.000         0.000         0.000         0.000         0.000


           Normalized Residuals for Covariances
              C15           C16           C17           C18           C19
              ________      ________      ________      ________      ________
 C15            0.000
 C16            0.000         0.000
 C17            0.000         0.000         0.000
 C18            0.000         0.000         0.000         0.000
 C19            0.000         0.000         0.000         0.000         0.000
 C20            0.000         0.000         0.000         0.000         0.000
 C21            0.000         0.000         0.000         0.000         0.000
 C22            0.000         0.000         0.000         0.000         0.000
 C23            0.000         0.000         0.000         0.000         0.000
 C24            0.000         0.000         0.000         0.000         0.000


           Normalized Residuals for Covariances
              C20           C21           C22           C23           C24
              ________      ________      ________      ________      ________
 C20            0.000
 C21            0.000         0.000
 C22            0.000         0.000         0.000
 C23            0.000         0.000         0.000         0.000
 C24            0.000         0.000         0.000         0.000         0.000


TECHNICAL 1 OUTPUT


     PARAMETER SPECIFICATION


           NU
              X1            X2            X3            X4            X5
              ________      ________      ________      ________      ________
                  0             0             0             0             0


           NU
              Y1            Y2            Y3            Y4            Y5
              ________      ________      ________      ________      ________
                  0             0             0             0             0


           NU
              Z0            C1            C2            C3            C4
              ________      ________      ________      ________      ________
                  0             0             0             0             0


           NU
              C5            C6            C7            C8            C9
              ________      ________      ________      ________      ________
                  0             0             0             0             0


           NU
              C10           C11           C12           C13           C14
              ________      ________      ________      ________      ________
                  0             0             0             0             0


           NU
              C15           C16           C17           C18           C19
              ________      ________      ________      ________      ________
                  0             0             0             0             0


           NU
              C20           C21           C22           C23           C24
              ________      ________      ________      ________      ________
                  0             0             0             0             0


           LAMBDA
              SX            IX            IY            SY            X1
              ________      ________      ________      ________      ________
 X1                 0             0             0             0             0
 X2                 1             0             0             0             0
 X3                 2             0             0             0             0
 X4                 3             0             0             0             0
 X5                 0             0             0             0             0
 Y1                 0             0             0             0             0
 Y2                 0             0             0             0             0
 Y3                 0             0             0             0             0
 Y4                 0             0             0             0             0
 Y5                 0             0             0             0             0
 Z0                 0             0             0             0             0
 C1                 0             0             0             0             0
 C2                 0             0             0             0             0
 C3                 0             0             0             0             0
 C4                 0             0             0             0             0
 C5                 0             0             0             0             0
 C6                 0             0             0             0             0
 C7                 0             0             0             0             0
 C8                 0             0             0             0             0
 C9                 0             0             0             0             0
 C10                0             0             0             0             0
 C11                0             0             0             0             0
 C12                0             0             0             0             0
 C13                0             0             0             0             0
 C14                0             0             0             0             0
 C15                0             0             0             0             0
 C16                0             0             0             0             0
 C17                0             0             0             0             0
 C18                0             0             0             0             0
 C19                0             0             0             0             0
 C20                0             0             0             0             0
 C21                0             0             0             0             0
 C22                0             0             0             0             0
 C23                0             0             0             0             0
 C24                0             0             0             0             0


           LAMBDA
              Y1            Z0            C1            C2            C3
              ________      ________      ________      ________      ________
 X1                 0             0             0             0             0
 X2                 0             0             0             0             0
 X3                 0             0             0             0             0
 X4                 0             0             0             0             0
 X5                 0             0             0             0             0
 Y1                 0             0             0             0             0
 Y2                 0             0             0             0             0
 Y3                 0             0             0             0             0
 Y4                 0             0             0             0             0
 Y5                 0             0             0             0             0
 Z0                 0             0             0             0             0
 C1                 0             0             0             0             0
 C2                 0             0             0             0             0
 C3                 0             0             0             0             0
 C4                 0             0             0             0             0
 C5                 0             0             0             0             0
 C6                 0             0             0             0             0
 C7                 0             0             0             0             0
 C8                 0             0             0             0             0
 C9                 0             0             0             0             0
 C10                0             0             0             0             0
 C11                0             0             0             0             0
 C12                0             0             0             0             0
 C13                0             0             0             0             0
 C14                0             0             0             0             0
 C15                0             0             0             0             0
 C16                0             0             0             0             0
 C17                0             0             0             0             0
 C18                0             0             0             0             0
 C19                0             0             0             0             0
 C20                0             0             0             0             0
 C21                0             0             0             0             0
 C22                0             0             0             0             0
 C23                0             0             0             0             0
 C24                0             0             0             0             0


           LAMBDA
              C4            C5            C6            C7            C8
              ________      ________      ________      ________      ________
 X1                 0             0             0             0             0
 X2                 0             0             0             0             0
 X3                 0             0             0             0             0
 X4                 0             0             0             0             0
 X5                 0             0             0             0             0
 Y1                 0             0             0             0             0
 Y2                 0             0             0             0             0
 Y3                 0             0             0             0             0
 Y4                 0             0             0             0             0
 Y5                 0             0             0             0             0
 Z0                 0             0             0             0             0
 C1                 0             0             0             0             0
 C2                 0             0             0             0             0
 C3                 0             0             0             0             0
 C4                 0             0             0             0             0
 C5                 0             0             0             0             0
 C6                 0             0             0             0             0
 C7                 0             0             0             0             0
 C8                 0             0             0             0             0
 C9                 0             0             0             0             0
 C10                0             0             0             0             0
 C11                0             0             0             0             0
 C12                0             0             0             0             0
 C13                0             0             0             0             0
 C14                0             0             0             0             0
 C15                0             0             0             0             0
 C16                0             0             0             0             0
 C17                0             0             0             0             0
 C18                0             0             0             0             0
 C19                0             0             0             0             0
 C20                0             0             0             0             0
 C21                0             0             0             0             0
 C22                0             0             0             0             0
 C23                0             0             0             0             0
 C24                0             0             0             0             0


           LAMBDA
              C9            C10           C11           C12           C13
              ________      ________      ________      ________      ________
 X1                 0             0             0             0             0
 X2                 0             0             0             0             0
 X3                 0             0             0             0             0
 X4                 0             0             0             0             0
 X5                 0             0             0             0             0
 Y1                 0             0             0             0             0
 Y2                 0             0             0             0             0
 Y3                 0             0             0             0             0
 Y4                 0             0             0             0             0
 Y5                 0             0             0             0             0
 Z0                 0             0             0             0             0
 C1                 0             0             0             0             0
 C2                 0             0             0             0             0
 C3                 0             0             0             0             0
 C4                 0             0             0             0             0
 C5                 0             0             0             0             0
 C6                 0             0             0             0             0
 C7                 0             0             0             0             0
 C8                 0             0             0             0             0
 C9                 0             0             0             0             0
 C10                0             0             0             0             0
 C11                0             0             0             0             0
 C12                0             0             0             0             0
 C13                0             0             0             0             0
 C14                0             0             0             0             0
 C15                0             0             0             0             0
 C16                0             0             0             0             0
 C17                0             0             0             0             0
 C18                0             0             0             0             0
 C19                0             0             0             0             0
 C20                0             0             0             0             0
 C21                0             0             0             0             0
 C22                0             0             0             0             0
 C23                0             0             0             0             0
 C24                0             0             0             0             0


           LAMBDA
              C14           C15           C16           C17           C18
              ________      ________      ________      ________      ________
 X1                 0             0             0             0             0
 X2                 0             0             0             0             0
 X3                 0             0             0             0             0
 X4                 0             0             0             0             0
 X5                 0             0             0             0             0
 Y1                 0             0             0             0             0
 Y2                 0             0             0             0             0
 Y3                 0             0             0             0             0
 Y4                 0             0             0             0             0
 Y5                 0             0             0             0             0
 Z0                 0             0             0             0             0
 C1                 0             0             0             0             0
 C2                 0             0             0             0             0
 C3                 0             0             0             0             0
 C4                 0             0             0             0             0
 C5                 0             0             0             0             0
 C6                 0             0             0             0             0
 C7                 0             0             0             0             0
 C8                 0             0             0             0             0
 C9                 0             0             0             0             0
 C10                0             0             0             0             0
 C11                0             0             0             0             0
 C12                0             0             0             0             0
 C13                0             0             0             0             0
 C14                0             0             0             0             0
 C15                0             0             0             0             0
 C16                0             0             0             0             0
 C17                0             0             0             0             0
 C18                0             0             0             0             0
 C19                0             0             0             0             0
 C20                0             0             0             0             0
 C21                0             0             0             0             0
 C22                0             0             0             0             0
 C23                0             0             0             0             0
 C24                0             0             0             0             0


           LAMBDA
              C19           C20           C21           C22           C23
              ________      ________      ________      ________      ________
 X1                 0             0             0             0             0
 X2                 0             0             0             0             0
 X3                 0             0             0             0             0
 X4                 0             0             0             0             0
 X5                 0             0             0             0             0
 Y1                 0             0             0             0             0
 Y2                 0             0             0             0             0
 Y3                 0             0             0             0             0
 Y4                 0             0             0             0             0
 Y5                 0             0             0             0             0
 Z0                 0             0             0             0             0
 C1                 0             0             0             0             0
 C2                 0             0             0             0             0
 C3                 0             0             0             0             0
 C4                 0             0             0             0             0
 C5                 0             0             0             0             0
 C6                 0             0             0             0             0
 C7                 0             0             0             0             0
 C8                 0             0             0             0             0
 C9                 0             0             0             0             0
 C10                0             0             0             0             0
 C11                0             0             0             0             0
 C12                0             0             0             0             0
 C13                0             0             0             0             0
 C14                0             0             0             0             0
 C15                0             0             0             0             0
 C16                0             0             0             0             0
 C17                0             0             0             0             0
 C18                0             0             0             0             0
 C19                0             0             0             0             0
 C20                0             0             0             0             0
 C21                0             0             0             0             0
 C22                0             0             0             0             0
 C23                0             0             0             0             0
 C24                0             0             0             0             0


           LAMBDA
              C24
              ________
 X1                 0
 X2                 0
 X3                 0
 X4                 0
 X5                 0
 Y1                 0
 Y2                 0
 Y3                 0
 Y4                 0
 Y5                 0
 Z0                 0
 C1                 0
 C2                 0
 C3                 0
 C4                 0
 C5                 0
 C6                 0
 C7                 0
 C8                 0
 C9                 0
 C10                0
 C11                0
 C12                0
 C13                0
 C14                0
 C15                0
 C16                0
 C17                0
 C18                0
 C19                0
 C20                0
 C21                0
 C22                0
 C23                0
 C24                0


           THETA
              X1            X2            X3            X4            X5
              ________      ________      ________      ________      ________
 X1                 0
 X2                 0             4
 X3                 0             0             5
 X4                 0             0             0             6
 X5                 0             0             0             0             7
 Y1                 0             0             0             0             0
 Y2                 0             8             0             0             0
 Y3                 0             0            10             0             0
 Y4                 0             0             0            12             0
 Y5                 0             0             0             0            14
 Z0                 0             0             0             0             0
 C1                 0             0             0             0             0
 C2                 0             0             0             0             0
 C3                 0             0             0             0             0
 C4                 0             0             0             0             0
 C5                 0             0             0             0             0
 C6                 0             0             0             0             0
 C7                 0             0             0             0             0
 C8                 0             0             0             0             0
 C9                 0             0             0             0             0
 C10                0             0             0             0             0
 C11                0             0             0             0             0
 C12                0             0             0             0             0
 C13                0             0             0             0             0
 C14                0             0             0             0             0
 C15                0             0             0             0             0
 C16                0             0             0             0             0
 C17                0             0             0             0             0
 C18                0             0             0             0             0
 C19                0             0             0             0             0
 C20                0             0             0             0             0
 C21                0             0             0             0             0
 C22                0             0             0             0             0
 C23                0             0             0             0             0
 C24                0             0             0             0             0


           THETA
              Y1            Y2            Y3            Y4            Y5
              ________      ________      ________      ________      ________
 Y1                 0
 Y2                 0             9
 Y3                 0             0            11
 Y4                 0             0             0            13
 Y5                 0             0             0             0            15
 Z0                 0             0             0             0             0
 C1                 0             0             0             0             0
 C2                 0             0             0             0             0
 C3                 0             0             0             0             0
 C4                 0             0             0             0             0
 C5                 0             0             0             0             0
 C6                 0             0             0             0             0
 C7                 0             0             0             0             0
 C8                 0             0             0             0             0
 C9                 0             0             0             0             0
 C10                0             0             0             0             0
 C11                0             0             0             0             0
 C12                0             0             0             0             0
 C13                0             0             0             0             0
 C14                0             0             0             0             0
 C15                0             0             0             0             0
 C16                0             0             0             0             0
 C17                0             0             0             0             0
 C18                0             0             0             0             0
 C19                0             0             0             0             0
 C20                0             0             0             0             0
 C21                0             0             0             0             0
 C22                0             0             0             0             0
 C23                0             0             0             0             0
 C24                0             0             0             0             0


           THETA
              Z0            C1            C2            C3            C4
              ________      ________      ________      ________      ________
 Z0                 0
 C1                 0             0
 C2                 0             0             0
 C3                 0             0             0             0
 C4                 0             0             0             0             0
 C5                 0             0             0             0             0
 C6                 0             0             0             0             0
 C7                 0             0             0             0             0
 C8                 0             0             0             0             0
 C9                 0             0             0             0             0
 C10                0             0             0             0             0
 C11                0             0             0             0             0
 C12                0             0             0             0             0
 C13                0             0             0             0             0
 C14                0             0             0             0             0
 C15                0             0             0             0             0
 C16                0             0             0             0             0
 C17                0             0             0             0             0
 C18                0             0             0             0             0
 C19                0             0             0             0             0
 C20                0             0             0             0             0
 C21                0             0             0             0             0
 C22                0             0             0             0             0
 C23                0             0             0             0             0
 C24                0             0             0             0             0


           THETA
              C5            C6            C7            C8            C9
              ________      ________      ________      ________      ________
 C5                 0
 C6                 0             0
 C7                 0             0             0
 C8                 0             0             0             0
 C9                 0             0             0             0             0
 C10                0             0             0             0             0
 C11                0             0             0             0             0
 C12                0             0             0             0             0
 C13                0             0             0             0             0
 C14                0             0             0             0             0
 C15                0             0             0             0             0
 C16                0             0             0             0             0
 C17                0             0             0             0             0
 C18                0             0             0             0             0
 C19                0             0             0             0             0
 C20                0             0             0             0             0
 C21                0             0             0             0             0
 C22                0             0             0             0             0
 C23                0             0             0             0             0
 C24                0             0             0             0             0


           THETA
              C10           C11           C12           C13           C14
              ________      ________      ________      ________      ________
 C10                0
 C11                0             0
 C12                0             0             0
 C13                0             0             0             0
 C14                0             0             0             0             0
 C15                0             0             0             0             0
 C16                0             0             0             0             0
 C17                0             0             0             0             0
 C18                0             0             0             0             0
 C19                0             0             0             0             0
 C20                0             0             0             0             0
 C21                0             0             0             0             0
 C22                0             0             0             0             0
 C23                0             0             0             0             0
 C24                0             0             0             0             0


           THETA
              C15           C16           C17           C18           C19
              ________      ________      ________      ________      ________
 C15                0
 C16                0             0
 C17                0             0             0
 C18                0             0             0             0
 C19                0             0             0             0             0
 C20                0             0             0             0             0
 C21                0             0             0             0             0
 C22                0             0             0             0             0
 C23                0             0             0             0             0
 C24                0             0             0             0             0


           THETA
              C20           C21           C22           C23           C24
              ________      ________      ________      ________      ________
 C20                0
 C21                0             0
 C22                0             0             0
 C23                0             0             0             0
 C24                0             0             0             0             0


           ALPHA
              SX            IX            IY            SY            X1
              ________      ________      ________      ________      ________
                 16            17            18            19             0


           ALPHA
              Y1            Z0            C1            C2            C3
              ________      ________      ________      ________      ________
                  0             0             0             0             0


           ALPHA
              C4            C5            C6            C7            C8
              ________      ________      ________      ________      ________
                  0             0             0             0             0


           ALPHA
              C9            C10           C11           C12           C13
              ________      ________      ________      ________      ________
                  0             0             0             0             0


           ALPHA
              C14           C15           C16           C17           C18
              ________      ________      ________      ________      ________
                  0             0             0             0             0


           ALPHA
              C19           C20           C21           C22           C23
              ________      ________      ________      ________      ________
                  0             0             0             0             0


           ALPHA
              C24
              ________
                  0


           BETA
              SX            IX            IY            SY            X1
              ________      ________      ________      ________      ________
 SX                 0             0             0             0             0
 IX                 0             0             0             0             0
 IY                 0            70             0             0             0
 SY                96            97            98             0             0
 X1                 0             0             0             0             0
 Y1                 0             0             0             0             0
 Z0                 0             0             0             0             0
 C1                 0             0             0             0             0
 C2                 0             0             0             0             0
 C3                 0             0             0             0             0
 C4                 0             0             0             0             0
 C5                 0             0             0             0             0
 C6                 0             0             0             0             0
 C7                 0             0             0             0             0
 C8                 0             0             0             0             0
 C9                 0             0             0             0             0
 C10                0             0             0             0             0
 C11                0             0             0             0             0
 C12                0             0             0             0             0
 C13                0             0             0             0             0
 C14                0             0             0             0             0
 C15                0             0             0             0             0
 C16                0             0             0             0             0
 C17                0             0             0             0             0
 C18                0             0             0             0             0
 C19                0             0             0             0             0
 C20                0             0             0             0             0
 C21                0             0             0             0             0
 C22                0             0             0             0             0
 C23                0             0             0             0             0
 C24                0             0             0             0             0


           BETA
              Y1            Z0            C1            C2            C3
              ________      ________      ________      ________      ________
 SX                 0            20            21            22            23
 IX                 0            45            46            47            48
 IY                 0            71            72            73            74
 SY                 0            99           100           101           102
 X1                 0           124             0             0             0
 Y1                 0           125             0             0             0
 Z0                 0             0             0             0             0
 C1                 0             0             0             0             0
 C2                 0             0             0             0             0
 C3                 0             0             0             0             0
 C4                 0             0             0             0             0
 C5                 0             0             0             0             0
 C6                 0             0             0             0             0
 C7                 0             0             0             0             0
 C8                 0             0             0             0             0
 C9                 0             0             0             0             0
 C10                0             0             0             0             0
 C11                0             0             0             0             0
 C12                0             0             0             0             0
 C13                0             0             0             0             0
 C14                0             0             0             0             0
 C15                0             0             0             0             0
 C16                0             0             0             0             0
 C17                0             0             0             0             0
 C18                0             0             0             0             0
 C19                0             0             0             0             0
 C20                0             0             0             0             0
 C21                0             0             0             0             0
 C22                0             0             0             0             0
 C23                0             0             0             0             0
 C24                0             0             0             0             0


           BETA
              C4            C5            C6            C7            C8
              ________      ________      ________      ________      ________
 SX                24            25            26            27            28
 IX                49            50            51            52            53
 IY                75            76            77            78            79
 SY               103           104           105           106           107
 X1                 0             0             0             0             0
 Y1                 0             0             0             0             0
 Z0                 0             0             0             0             0
 C1                 0             0             0             0             0
 C2                 0             0             0             0             0
 C3                 0             0             0             0             0
 C4                 0             0             0             0             0
 C5                 0             0             0             0             0
 C6                 0             0             0             0             0
 C7                 0             0             0             0             0
 C8                 0             0             0             0             0
 C9                 0             0             0             0             0
 C10                0             0             0             0             0
 C11                0             0             0             0             0
 C12                0             0             0             0             0
 C13                0             0             0             0             0
 C14                0             0             0             0             0
 C15                0             0             0             0             0
 C16                0             0             0             0             0
 C17                0             0             0             0             0
 C18                0             0             0             0             0
 C19                0             0             0             0             0
 C20                0             0             0             0             0
 C21                0             0             0             0             0
 C22                0             0             0             0             0
 C23                0             0             0             0             0
 C24                0             0             0             0             0


           BETA
              C9            C10           C11           C12           C13
              ________      ________      ________      ________      ________
 SX                29            30            31            32            33
 IX                54            55            56            57            58
 IY                80            81            82            83            84
 SY               108           109           110           111           112
 X1                 0             0             0             0             0
 Y1                 0             0             0             0             0
 Z0                 0             0             0             0             0
 C1                 0             0             0             0             0
 C2                 0             0             0             0             0
 C3                 0             0             0             0             0
 C4                 0             0             0             0             0
 C5                 0             0             0             0             0
 C6                 0             0             0             0             0
 C7                 0             0             0             0             0
 C8                 0             0             0             0             0
 C9                 0             0             0             0             0
 C10                0             0             0             0             0
 C11                0             0             0             0             0
 C12                0             0             0             0             0
 C13                0             0             0             0             0
 C14                0             0             0             0             0
 C15                0             0             0             0             0
 C16                0             0             0             0             0
 C17                0             0             0             0             0
 C18                0             0             0             0             0
 C19                0             0             0             0             0
 C20                0             0             0             0             0
 C21                0             0             0             0             0
 C22                0             0             0             0             0
 C23                0             0             0             0             0
 C24                0             0             0             0             0


           BETA
              C14           C15           C16           C17           C18
              ________      ________      ________      ________      ________
 SX                34            35            36            37            38
 IX                59            60            61            62            63
 IY                85            86            87            88            89
 SY               113           114           115           116           117
 X1                 0             0             0             0             0
 Y1                 0             0             0             0             0
 Z0                 0             0             0             0             0
 C1                 0             0             0             0             0
 C2                 0             0             0             0             0
 C3                 0             0             0             0             0
 C4                 0             0             0             0             0
 C5                 0             0             0             0             0
 C6                 0             0             0             0             0
 C7                 0             0             0             0             0
 C8                 0             0             0             0             0
 C9                 0             0             0             0             0
 C10                0             0             0             0             0
 C11                0             0             0             0             0
 C12                0             0             0             0             0
 C13                0             0             0             0             0
 C14                0             0             0             0             0
 C15                0             0             0             0             0
 C16                0             0             0             0             0
 C17                0             0             0             0             0
 C18                0             0             0             0             0
 C19                0             0             0             0             0
 C20                0             0             0             0             0
 C21                0             0             0             0             0
 C22                0             0             0             0             0
 C23                0             0             0             0             0
 C24                0             0             0             0             0


           BETA
              C19           C20           C21           C22           C23
              ________      ________      ________      ________      ________
 SX                39            40            41            42            43
 IX                64            65            66            67            68
 IY                90            91            92            93            94
 SY               118           119           120           121           122
 X1                 0             0             0             0             0
 Y1                 0             0             0             0             0
 Z0                 0             0             0             0             0
 C1                 0             0             0             0             0
 C2                 0             0             0             0             0
 C3                 0             0             0             0             0
 C4                 0             0             0             0             0
 C5                 0             0             0             0             0
 C6                 0             0             0             0             0
 C7                 0             0             0             0             0
 C8                 0             0             0             0             0
 C9                 0             0             0             0             0
 C10                0             0             0             0             0
 C11                0             0             0             0             0
 C12                0             0             0             0             0
 C13                0             0             0             0             0
 C14                0             0             0             0             0
 C15                0             0             0             0             0
 C16                0             0             0             0             0
 C17                0             0             0             0             0
 C18                0             0             0             0             0
 C19                0             0             0             0             0
 C20                0             0             0             0             0
 C21                0             0             0             0             0
 C22                0             0             0             0             0
 C23                0             0             0             0             0
 C24                0             0             0             0             0


           BETA
              C24
              ________
 SX                44
 IX                69
 IY                95
 SY               123
 X1                 0
 Y1                 0
 Z0                 0
 C1                 0
 C2                 0
 C3                 0
 C4                 0
 C5                 0
 C6                 0
 C7                 0
 C8                 0
 C9                 0
 C10                0
 C11                0
 C12                0
 C13                0
 C14                0
 C15                0
 C16                0
 C17                0
 C18                0
 C19                0
 C20                0
 C21                0
 C22                0
 C23                0
 C24                0


           PSI
              SX            IX            IY            SY            X1
              ________      ________      ________      ________      ________
 SX               126
 IX               127           128
 IY               129             0           130
 SY                 0             0             0           131
 X1                 0             0             0             0           132
 Y1                 0             0             0             0           133
 Z0                 0             0             0             0             0
 C1                 0             0             0             0             0
 C2                 0             0             0             0             0
 C3                 0             0             0             0             0
 C4                 0             0             0             0             0
 C5                 0             0             0             0             0
 C6                 0             0             0             0             0
 C7                 0             0             0             0             0
 C8                 0             0             0             0             0
 C9                 0             0             0             0             0
 C10                0             0             0             0             0
 C11                0             0             0             0             0
 C12                0             0             0             0             0
 C13                0             0             0             0             0
 C14                0             0             0             0             0
 C15                0             0             0             0             0
 C16                0             0             0             0             0
 C17                0             0             0             0             0
 C18                0             0             0             0             0
 C19                0             0             0             0             0
 C20                0             0             0             0             0
 C21                0             0             0             0             0
 C22                0             0             0             0             0
 C23                0             0             0             0             0
 C24                0             0             0             0             0


           PSI
              Y1            Z0            C1            C2            C3
              ________      ________      ________      ________      ________
 Y1               134
 Z0                 0             0
 C1                 0             0             0
 C2                 0             0             0             0
 C3                 0             0             0             0             0
 C4                 0             0             0             0             0
 C5                 0             0             0             0             0
 C6                 0             0             0             0             0
 C7                 0             0             0             0             0
 C8                 0             0             0             0             0
 C9                 0             0             0             0             0
 C10                0             0             0             0             0
 C11                0             0             0             0             0
 C12                0             0             0             0             0
 C13                0             0             0             0             0
 C14                0             0             0             0             0
 C15                0             0             0             0             0
 C16                0             0             0             0             0
 C17                0             0             0             0             0
 C18                0             0             0             0             0
 C19                0             0             0             0             0
 C20                0             0             0             0             0
 C21                0             0             0             0             0
 C22                0             0             0             0             0
 C23                0             0             0             0             0
 C24                0             0             0             0             0


           PSI
              C4            C5            C6            C7            C8
              ________      ________      ________      ________      ________
 C4                 0
 C5                 0             0
 C6                 0             0             0
 C7                 0             0             0             0
 C8                 0             0             0             0             0
 C9                 0             0             0             0             0
 C10                0             0             0             0             0
 C11                0             0             0             0             0
 C12                0             0             0             0             0
 C13                0             0             0             0             0
 C14                0             0             0             0             0
 C15                0             0             0             0             0
 C16                0             0             0             0             0
 C17                0             0             0             0             0
 C18                0             0             0             0             0
 C19                0             0             0             0             0
 C20                0             0             0             0             0
 C21                0             0             0             0             0
 C22                0             0             0             0             0
 C23                0             0             0             0             0
 C24                0             0             0             0             0


           PSI
              C9            C10           C11           C12           C13
              ________      ________      ________      ________      ________
 C9                 0
 C10                0             0
 C11                0             0             0
 C12                0             0             0             0
 C13                0             0             0             0             0
 C14                0             0             0             0             0
 C15                0             0             0             0             0
 C16                0             0             0             0             0
 C17                0             0             0             0             0
 C18                0             0             0             0             0
 C19                0             0             0             0             0
 C20                0             0             0             0             0
 C21                0             0             0             0             0
 C22                0             0             0             0             0
 C23                0             0             0             0             0
 C24                0             0             0             0             0


           PSI
              C14           C15           C16           C17           C18
              ________      ________      ________      ________      ________
 C14                0
 C15                0             0
 C16                0             0             0
 C17                0             0             0             0
 C18                0             0             0             0             0
 C19                0             0             0             0             0
 C20                0             0             0             0             0
 C21                0             0             0             0             0
 C22                0             0             0             0             0
 C23                0             0             0             0             0
 C24                0             0             0             0             0


           PSI
              C19           C20           C21           C22           C23
              ________      ________      ________      ________      ________
 C19                0
 C20                0             0
 C21                0             0             0
 C22                0             0             0             0
 C23                0             0             0             0             0
 C24                0             0             0             0             0


           PSI
              C24
              ________
 C24                0


     STARTING VALUES


           NU
              X1            X2            X3            X4            X5
              ________      ________      ________      ________      ________
                0.000         0.000         0.000         0.000         0.000


           NU
              Y1            Y2            Y3            Y4            Y5
              ________      ________      ________      ________      ________
                0.000         0.000         0.000         0.000         0.000


           NU
              Z0            C1            C2            C3            C4
              ________      ________      ________      ________      ________
                0.000         0.000         0.000         0.000         0.000


           NU
              C5            C6            C7            C8            C9
              ________      ________      ________      ________      ________
                0.000         0.000         0.000         0.000         0.000


           NU
              C10           C11           C12           C13           C14
              ________      ________      ________      ________      ________
                0.000         0.000         0.000         0.000         0.000


           NU
              C15           C16           C17           C18           C19
              ________      ________      ________      ________      ________
                0.000         0.000         0.000         0.000         0.000


           NU
              C20           C21           C22           C23           C24
              ________      ________      ________      ________      ________
                0.000         0.000         0.000         0.000         0.000


           LAMBDA
              SX            IX            IY            SY            X1
              ________      ________      ________      ________      ________
 X1             0.000         0.000         0.000         0.000         1.000
 X2             0.770         1.000         0.000         0.000         0.000
 X3             0.668         1.000         0.000         0.000         0.000
 X4             1.124         1.000         0.000         0.000         0.000
 X5             1.000         1.000         0.000         0.000         0.000
 Y1             0.000         0.000         0.000         0.000         0.000
 Y2             0.000         0.000         1.000         0.400         0.000
 Y3             0.000         0.000         1.000         0.600         0.000
 Y4             0.000         0.000         1.000         0.800         0.000
 Y5             0.000         0.000         1.000         1.000         0.000
 Z0             0.000         0.000         0.000         0.000         0.000
 C1             0.000         0.000         0.000         0.000         0.000
 C2             0.000         0.000         0.000         0.000         0.000
 C3             0.000         0.000         0.000         0.000         0.000
 C4             0.000         0.000         0.000         0.000         0.000
 C5             0.000         0.000         0.000         0.000         0.000
 C6             0.000         0.000         0.000         0.000         0.000
 C7             0.000         0.000         0.000         0.000         0.000
 C8             0.000         0.000         0.000         0.000         0.000
 C9             0.000         0.000         0.000         0.000         0.000
 C10            0.000         0.000         0.000         0.000         0.000
 C11            0.000         0.000         0.000         0.000         0.000
 C12            0.000         0.000         0.000         0.000         0.000
 C13            0.000         0.000         0.000         0.000         0.000
 C14            0.000         0.000         0.000         0.000         0.000
 C15            0.000         0.000         0.000         0.000         0.000
 C16            0.000         0.000         0.000         0.000         0.000
 C17            0.000         0.000         0.000         0.000         0.000
 C18            0.000         0.000         0.000         0.000         0.000
 C19            0.000         0.000         0.000         0.000         0.000
 C20            0.000         0.000         0.000         0.000         0.000
 C21            0.000         0.000         0.000         0.000         0.000
 C22            0.000         0.000         0.000         0.000         0.000
 C23            0.000         0.000         0.000         0.000         0.000
 C24            0.000         0.000         0.000         0.000         0.000


           LAMBDA
              Y1            Z0            C1            C2            C3
              ________      ________      ________      ________      ________
 X1             0.000         0.000         0.000         0.000         0.000
 X2             0.000         0.000         0.000         0.000         0.000
 X3             0.000         0.000         0.000         0.000         0.000
 X4             0.000         0.000         0.000         0.000         0.000
 X5             0.000         0.000         0.000         0.000         0.000
 Y1             1.000         0.000         0.000         0.000         0.000
 Y2             0.000         0.000         0.000         0.000         0.000
 Y3             0.000         0.000         0.000         0.000         0.000
 Y4             0.000         0.000         0.000         0.000         0.000
 Y5             0.000         0.000         0.000         0.000         0.000
 Z0             0.000         1.000         0.000         0.000         0.000
 C1             0.000         0.000         1.000         0.000         0.000
 C2             0.000         0.000         0.000         1.000         0.000
 C3             0.000         0.000         0.000         0.000         1.000
 C4             0.000         0.000         0.000         0.000         0.000
 C5             0.000         0.000         0.000         0.000         0.000
 C6             0.000         0.000         0.000         0.000         0.000
 C7             0.000         0.000         0.000         0.000         0.000
 C8             0.000         0.000         0.000         0.000         0.000
 C9             0.000         0.000         0.000         0.000         0.000
 C10            0.000         0.000         0.000         0.000         0.000
 C11            0.000         0.000         0.000         0.000         0.000
 C12            0.000         0.000         0.000         0.000         0.000
 C13            0.000         0.000         0.000         0.000         0.000
 C14            0.000         0.000         0.000         0.000         0.000
 C15            0.000         0.000         0.000         0.000         0.000
 C16            0.000         0.000         0.000         0.000         0.000
 C17            0.000         0.000         0.000         0.000         0.000
 C18            0.000         0.000         0.000         0.000         0.000
 C19            0.000         0.000         0.000         0.000         0.000
 C20            0.000         0.000         0.000         0.000         0.000
 C21            0.000         0.000         0.000         0.000         0.000
 C22            0.000         0.000         0.000         0.000         0.000
 C23            0.000         0.000         0.000         0.000         0.000
 C24            0.000         0.000         0.000         0.000         0.000


           LAMBDA
              C4            C5            C6            C7            C8
              ________      ________      ________      ________      ________
 X1             0.000         0.000         0.000         0.000         0.000
 X2             0.000         0.000         0.000         0.000         0.000
 X3             0.000         0.000         0.000         0.000         0.000
 X4             0.000         0.000         0.000         0.000         0.000
 X5             0.000         0.000         0.000         0.000         0.000
 Y1             0.000         0.000         0.000         0.000         0.000
 Y2             0.000         0.000         0.000         0.000         0.000
 Y3             0.000         0.000         0.000         0.000         0.000
 Y4             0.000         0.000         0.000         0.000         0.000
 Y5             0.000         0.000         0.000         0.000         0.000
 Z0             0.000         0.000         0.000         0.000         0.000
 C1             0.000         0.000         0.000         0.000         0.000
 C2             0.000         0.000         0.000         0.000         0.000
 C3             0.000         0.000         0.000         0.000         0.000
 C4             1.000         0.000         0.000         0.000         0.000
 C5             0.000         1.000         0.000         0.000         0.000
 C6             0.000         0.000         1.000         0.000         0.000
 C7             0.000         0.000         0.000         1.000         0.000
 C8             0.000         0.000         0.000         0.000         1.000
 C9             0.000         0.000         0.000         0.000         0.000
 C10            0.000         0.000         0.000         0.000         0.000
 C11            0.000         0.000         0.000         0.000         0.000
 C12            0.000         0.000         0.000         0.000         0.000
 C13            0.000         0.000         0.000         0.000         0.000
 C14            0.000         0.000         0.000         0.000         0.000
 C15            0.000         0.000         0.000         0.000         0.000
 C16            0.000         0.000         0.000         0.000         0.000
 C17            0.000         0.000         0.000         0.000         0.000
 C18            0.000         0.000         0.000         0.000         0.000
 C19            0.000         0.000         0.000         0.000         0.000
 C20            0.000         0.000         0.000         0.000         0.000
 C21            0.000         0.000         0.000         0.000         0.000
 C22            0.000         0.000         0.000         0.000         0.000
 C23            0.000         0.000         0.000         0.000         0.000
 C24            0.000         0.000         0.000         0.000         0.000


           LAMBDA
              C9            C10           C11           C12           C13
              ________      ________      ________      ________      ________
 X1             0.000         0.000         0.000         0.000         0.000
 X2             0.000         0.000         0.000         0.000         0.000
 X3             0.000         0.000         0.000         0.000         0.000
 X4             0.000         0.000         0.000         0.000         0.000
 X5             0.000         0.000         0.000         0.000         0.000
 Y1             0.000         0.000         0.000         0.000         0.000
 Y2             0.000         0.000         0.000         0.000         0.000
 Y3             0.000         0.000         0.000         0.000         0.000
 Y4             0.000         0.000         0.000         0.000         0.000
 Y5             0.000         0.000         0.000         0.000         0.000
 Z0             0.000         0.000         0.000         0.000         0.000
 C1             0.000         0.000         0.000         0.000         0.000
 C2             0.000         0.000         0.000         0.000         0.000
 C3             0.000         0.000         0.000         0.000         0.000
 C4             0.000         0.000         0.000         0.000         0.000
 C5             0.000         0.000         0.000         0.000         0.000
 C6             0.000         0.000         0.000         0.000         0.000
 C7             0.000         0.000         0.000         0.000         0.000
 C8             0.000         0.000         0.000         0.000         0.000
 C9             1.000         0.000         0.000         0.000         0.000
 C10            0.000         1.000         0.000         0.000         0.000
 C11            0.000         0.000         1.000         0.000         0.000
 C12            0.000         0.000         0.000         1.000         0.000
 C13            0.000         0.000         0.000         0.000         1.000
 C14            0.000         0.000         0.000         0.000         0.000
 C15            0.000         0.000         0.000         0.000         0.000
 C16            0.000         0.000         0.000         0.000         0.000
 C17            0.000         0.000         0.000         0.000         0.000
 C18            0.000         0.000         0.000         0.000         0.000
 C19            0.000         0.000         0.000         0.000         0.000
 C20            0.000         0.000         0.000         0.000         0.000
 C21            0.000         0.000         0.000         0.000         0.000
 C22            0.000         0.000         0.000         0.000         0.000
 C23            0.000         0.000         0.000         0.000         0.000
 C24            0.000         0.000         0.000         0.000         0.000


           LAMBDA
              C14           C15           C16           C17           C18
              ________      ________      ________      ________      ________
 X1             0.000         0.000         0.000         0.000         0.000
 X2             0.000         0.000         0.000         0.000         0.000
 X3             0.000         0.000         0.000         0.000         0.000
 X4             0.000         0.000         0.000         0.000         0.000
 X5             0.000         0.000         0.000         0.000         0.000
 Y1             0.000         0.000         0.000         0.000         0.000
 Y2             0.000         0.000         0.000         0.000         0.000
 Y3             0.000         0.000         0.000         0.000         0.000
 Y4             0.000         0.000         0.000         0.000         0.000
 Y5             0.000         0.000         0.000         0.000         0.000
 Z0             0.000         0.000         0.000         0.000         0.000
 C1             0.000         0.000         0.000         0.000         0.000
 C2             0.000         0.000         0.000         0.000         0.000
 C3             0.000         0.000         0.000         0.000         0.000
 C4             0.000         0.000         0.000         0.000         0.000
 C5             0.000         0.000         0.000         0.000         0.000
 C6             0.000         0.000         0.000         0.000         0.000
 C7             0.000         0.000         0.000         0.000         0.000
 C8             0.000         0.000         0.000         0.000         0.000
 C9             0.000         0.000         0.000         0.000         0.000
 C10            0.000         0.000         0.000         0.000         0.000
 C11            0.000         0.000         0.000         0.000         0.000
 C12            0.000         0.000         0.000         0.000         0.000
 C13            0.000         0.000         0.000         0.000         0.000
 C14            1.000         0.000         0.000         0.000         0.000
 C15            0.000         1.000         0.000         0.000         0.000
 C16            0.000         0.000         1.000         0.000         0.000
 C17            0.000         0.000         0.000         1.000         0.000
 C18            0.000         0.000         0.000         0.000         1.000
 C19            0.000         0.000         0.000         0.000         0.000
 C20            0.000         0.000         0.000         0.000         0.000
 C21            0.000         0.000         0.000         0.000         0.000
 C22            0.000         0.000         0.000         0.000         0.000
 C23            0.000         0.000         0.000         0.000         0.000
 C24            0.000         0.000         0.000         0.000         0.000


           LAMBDA
              C19           C20           C21           C22           C23
              ________      ________      ________      ________      ________
 X1             0.000         0.000         0.000         0.000         0.000
 X2             0.000         0.000         0.000         0.000         0.000
 X3             0.000         0.000         0.000         0.000         0.000
 X4             0.000         0.000         0.000         0.000         0.000
 X5             0.000         0.000         0.000         0.000         0.000
 Y1             0.000         0.000         0.000         0.000         0.000
 Y2             0.000         0.000         0.000         0.000         0.000
 Y3             0.000         0.000         0.000         0.000         0.000
 Y4             0.000         0.000         0.000         0.000         0.000
 Y5             0.000         0.000         0.000         0.000         0.000
 Z0             0.000         0.000         0.000         0.000         0.000
 C1             0.000         0.000         0.000         0.000         0.000
 C2             0.000         0.000         0.000         0.000         0.000
 C3             0.000         0.000         0.000         0.000         0.000
 C4             0.000         0.000         0.000         0.000         0.000
 C5             0.000         0.000         0.000         0.000         0.000
 C6             0.000         0.000         0.000         0.000         0.000
 C7             0.000         0.000         0.000         0.000         0.000
 C8             0.000         0.000         0.000         0.000         0.000
 C9             0.000         0.000         0.000         0.000         0.000
 C10            0.000         0.000         0.000         0.000         0.000
 C11            0.000         0.000         0.000         0.000         0.000
 C12            0.000         0.000         0.000         0.000         0.000
 C13            0.000         0.000         0.000         0.000         0.000
 C14            0.000         0.000         0.000         0.000         0.000
 C15            0.000         0.000         0.000         0.000         0.000
 C16            0.000         0.000         0.000         0.000         0.000
 C17            0.000         0.000         0.000         0.000         0.000
 C18            0.000         0.000         0.000         0.000         0.000
 C19            1.000         0.000         0.000         0.000         0.000
 C20            0.000         1.000         0.000         0.000         0.000
 C21            0.000         0.000         1.000         0.000         0.000
 C22            0.000         0.000         0.000         1.000         0.000
 C23            0.000         0.000         0.000         0.000         1.000
 C24            0.000         0.000         0.000         0.000         0.000


           LAMBDA
              C24
              ________
 X1             0.000
 X2             0.000
 X3             0.000
 X4             0.000
 X5             0.000
 Y1             0.000
 Y2             0.000
 Y3             0.000
 Y4             0.000
 Y5             0.000
 Z0             0.000
 C1             0.000
 C2             0.000
 C3             0.000
 C4             0.000
 C5             0.000
 C6             0.000
 C7             0.000
 C8             0.000
 C9             0.000
 C10            0.000
 C11            0.000
 C12            0.000
 C13            0.000
 C14            0.000
 C15            0.000
 C16            0.000
 C17            0.000
 C18            0.000
 C19            0.000
 C20            0.000
 C21            0.000
 C22            0.000
 C23            0.000
 C24            1.000


           THETA
              X1            X2            X3            X4            X5
              ________      ________      ________      ________      ________
 X1             0.000
 X2             0.000         0.658
 X3             0.000         0.000         0.548
 X4             0.000         0.000         0.000         0.527
 X5             0.000         0.000         0.000         0.000         0.498
 Y1             0.000         0.000         0.000         0.000         0.000
 Y2             0.000        -0.068         0.000         0.000         0.000
 Y3             0.000         0.000        -0.049         0.000         0.000
 Y4             0.000         0.000         0.000        -0.049         0.000
 Y5             0.000         0.000         0.000         0.000        -0.029
 Z0             0.000         0.000         0.000         0.000         0.000
 C1             0.000         0.000         0.000         0.000         0.000
 C2             0.000         0.000         0.000         0.000         0.000
 C3             0.000         0.000         0.000         0.000         0.000
 C4             0.000         0.000         0.000         0.000         0.000
 C5             0.000         0.000         0.000         0.000         0.000
 C6             0.000         0.000         0.000         0.000         0.000
 C7             0.000         0.000         0.000         0.000         0.000
 C8             0.000         0.000         0.000         0.000         0.000
 C9             0.000         0.000         0.000         0.000         0.000
 C10            0.000         0.000         0.000         0.000         0.000
 C11            0.000         0.000         0.000         0.000         0.000
 C12            0.000         0.000         0.000         0.000         0.000
 C13            0.000         0.000         0.000         0.000         0.000
 C14            0.000         0.000         0.000         0.000         0.000
 C15            0.000         0.000         0.000         0.000         0.000
 C16            0.000         0.000         0.000         0.000         0.000
 C17            0.000         0.000         0.000         0.000         0.000
 C18            0.000         0.000         0.000         0.000         0.000
 C19            0.000         0.000         0.000         0.000         0.000
 C20            0.000         0.000         0.000         0.000         0.000
 C21            0.000         0.000         0.000         0.000         0.000
 C22            0.000         0.000         0.000         0.000         0.000
 C23            0.000         0.000         0.000         0.000         0.000
 C24            0.000         0.000         0.000         0.000         0.000


           THETA
              Y1            Y2            Y3            Y4            Y5
              ________      ________      ________      ________      ________
 Y1             0.000
 Y2             0.000         0.636
 Y3             0.000         0.000         0.575
 Y4             0.000         0.000         0.000         0.583
 Y5             0.000         0.000         0.000         0.000         0.611
 Z0             0.000         0.000         0.000         0.000         0.000
 C1             0.000         0.000         0.000         0.000         0.000
 C2             0.000         0.000         0.000         0.000         0.000
 C3             0.000         0.000         0.000         0.000         0.000
 C4             0.000         0.000         0.000         0.000         0.000
 C5             0.000         0.000         0.000         0.000         0.000
 C6             0.000         0.000         0.000         0.000         0.000
 C7             0.000         0.000         0.000         0.000         0.000
 C8             0.000         0.000         0.000         0.000         0.000
 C9             0.000         0.000         0.000         0.000         0.000
 C10            0.000         0.000         0.000         0.000         0.000
 C11            0.000         0.000         0.000         0.000         0.000
 C12            0.000         0.000         0.000         0.000         0.000
 C13            0.000         0.000         0.000         0.000         0.000
 C14            0.000         0.000         0.000         0.000         0.000
 C15            0.000         0.000         0.000         0.000         0.000
 C16            0.000         0.000         0.000         0.000         0.000
 C17            0.000         0.000         0.000         0.000         0.000
 C18            0.000         0.000         0.000         0.000         0.000
 C19            0.000         0.000         0.000         0.000         0.000
 C20            0.000         0.000         0.000         0.000         0.000
 C21            0.000         0.000         0.000         0.000         0.000
 C22            0.000         0.000         0.000         0.000         0.000
 C23            0.000         0.000         0.000         0.000         0.000
 C24            0.000         0.000         0.000         0.000         0.000


           THETA
              Z0            C1            C2            C3            C4
              ________      ________      ________      ________      ________
 Z0             0.000
 C1             0.000         0.000
 C2             0.000         0.000         0.000
 C3             0.000         0.000         0.000         0.000
 C4             0.000         0.000         0.000         0.000         0.000
 C5             0.000         0.000         0.000         0.000         0.000
 C6             0.000         0.000         0.000         0.000         0.000
 C7             0.000         0.000         0.000         0.000         0.000
 C8             0.000         0.000         0.000         0.000         0.000
 C9             0.000         0.000         0.000         0.000         0.000
 C10            0.000         0.000         0.000         0.000         0.000
 C11            0.000         0.000         0.000         0.000         0.000
 C12            0.000         0.000         0.000         0.000         0.000
 C13            0.000         0.000         0.000         0.000         0.000
 C14            0.000         0.000         0.000         0.000         0.000
 C15            0.000         0.000         0.000         0.000         0.000
 C16            0.000         0.000         0.000         0.000         0.000
 C17            0.000         0.000         0.000         0.000         0.000
 C18            0.000         0.000         0.000         0.000         0.000
 C19            0.000         0.000         0.000         0.000         0.000
 C20            0.000         0.000         0.000         0.000         0.000
 C21            0.000         0.000         0.000         0.000         0.000
 C22            0.000         0.000         0.000         0.000         0.000
 C23            0.000         0.000         0.000         0.000         0.000
 C24            0.000         0.000         0.000         0.000         0.000


           THETA
              C5            C6            C7            C8            C9
              ________      ________      ________      ________      ________
 C5             0.000
 C6             0.000         0.000
 C7             0.000         0.000         0.000
 C8             0.000         0.000         0.000         0.000
 C9             0.000         0.000         0.000         0.000         0.000
 C10            0.000         0.000         0.000         0.000         0.000
 C11            0.000         0.000         0.000         0.000         0.000
 C12            0.000         0.000         0.000         0.000         0.000
 C13            0.000         0.000         0.000         0.000         0.000
 C14            0.000         0.000         0.000         0.000         0.000
 C15            0.000         0.000         0.000         0.000         0.000
 C16            0.000         0.000         0.000         0.000         0.000
 C17            0.000         0.000         0.000         0.000         0.000
 C18            0.000         0.000         0.000         0.000         0.000
 C19            0.000         0.000         0.000         0.000         0.000
 C20            0.000         0.000         0.000         0.000         0.000
 C21            0.000         0.000         0.000         0.000         0.000
 C22            0.000         0.000         0.000         0.000         0.000
 C23            0.000         0.000         0.000         0.000         0.000
 C24            0.000         0.000         0.000         0.000         0.000


           THETA
              C10           C11           C12           C13           C14
              ________      ________      ________      ________      ________
 C10            0.000
 C11            0.000         0.000
 C12            0.000         0.000         0.000
 C13            0.000         0.000         0.000         0.000
 C14            0.000         0.000         0.000         0.000         0.000
 C15            0.000         0.000         0.000         0.000         0.000
 C16            0.000         0.000         0.000         0.000         0.000
 C17            0.000         0.000         0.000         0.000         0.000
 C18            0.000         0.000         0.000         0.000         0.000
 C19            0.000         0.000         0.000         0.000         0.000
 C20            0.000         0.000         0.000         0.000         0.000
 C21            0.000         0.000         0.000         0.000         0.000
 C22            0.000         0.000         0.000         0.000         0.000
 C23            0.000         0.000         0.000         0.000         0.000
 C24            0.000         0.000         0.000         0.000         0.000


           THETA
              C15           C16           C17           C18           C19
              ________      ________      ________      ________      ________
 C15            0.000
 C16            0.000         0.000
 C17            0.000         0.000         0.000
 C18            0.000         0.000         0.000         0.000
 C19            0.000         0.000         0.000         0.000         0.000
 C20            0.000         0.000         0.000         0.000         0.000
 C21            0.000         0.000         0.000         0.000         0.000
 C22            0.000         0.000         0.000         0.000         0.000
 C23            0.000         0.000         0.000         0.000         0.000
 C24            0.000         0.000         0.000         0.000         0.000


           THETA
              C20           C21           C22           C23           C24
              ________      ________      ________      ________      ________
 C20            0.000
 C21            0.000         0.000
 C22            0.000         0.000         0.000
 C23            0.000         0.000         0.000         0.000
 C24            0.000         0.000         0.000         0.000         0.000


           ALPHA
              SX            IX            IY            SY            X1
              ________      ________      ________      ________      ________
                0.203        -0.145         0.240        -0.128         0.000


           ALPHA
              Y1            Z0            C1            C2            C3
              ________      ________      ________      ________      ________
                0.000         0.000         0.496         0.195         0.436


           ALPHA
              C4            C5            C6            C7            C8
              ________      ________      ________      ________      ________
                0.308         0.242         3.159         7.155         0.202


           ALPHA
              C9            C10           C11           C12           C13
              ________      ________      ________      ________      ________
                0.079         0.004         0.108         2.196         0.688


           ALPHA
              C14           C15           C16           C17           C18
              ________      ________      ________      ________      ________
                0.539         0.318         0.434         0.829         0.233


           ALPHA
              C19           C20           C21           C22           C23
              ________      ________      ________      ________      ________
                0.186         0.109         0.212         0.684         0.292


           ALPHA
              C24
              ________
                3.698


           BETA
              SX            IX            IY            SY            X1
              ________      ________      ________      ________      ________
 SX             0.000         0.000         0.000         0.000         0.000
 IX             0.000         0.000         0.000         0.000         0.000
 IY             0.000        -0.359         0.000         0.000         0.000
 SY            -0.319         0.125         0.418         0.000         0.000
 X1             0.000         1.000         0.000         0.000         0.000
 Y1             0.000         0.000         1.000         0.000         0.000
 Z0             0.000         0.000         0.000         0.000         0.000
 C1             0.000         0.000         0.000         0.000         0.000
 C2             0.000         0.000         0.000         0.000         0.000
 C3             0.000         0.000         0.000         0.000         0.000
 C4             0.000         0.000         0.000         0.000         0.000
 C5             0.000         0.000         0.000         0.000         0.000
 C6             0.000         0.000         0.000         0.000         0.000
 C7             0.000         0.000         0.000         0.000         0.000
 C8             0.000         0.000         0.000         0.000         0.000
 C9             0.000         0.000         0.000         0.000         0.000
 C10            0.000         0.000         0.000         0.000         0.000
 C11            0.000         0.000         0.000         0.000         0.000
 C12            0.000         0.000         0.000         0.000         0.000
 C13            0.000         0.000         0.000         0.000         0.000
 C14            0.000         0.000         0.000         0.000         0.000
 C15            0.000         0.000         0.000         0.000         0.000
 C16            0.000         0.000         0.000         0.000         0.000
 C17            0.000         0.000         0.000         0.000         0.000
 C18            0.000         0.000         0.000         0.000         0.000
 C19            0.000         0.000         0.000         0.000         0.000
 C20            0.000         0.000         0.000         0.000         0.000
 C21            0.000         0.000         0.000         0.000         0.000
 C22            0.000         0.000         0.000         0.000         0.000
 C23            0.000         0.000         0.000         0.000         0.000
 C24            0.000         0.000         0.000         0.000         0.000


           BETA
              Y1            Z0            C1            C2            C3
              ________      ________      ________      ________      ________
 SX             0.000        -0.007         0.026        -0.015         0.040
 IX             0.000        -0.109        -0.141         0.083        -0.032
 IY             0.000        -0.006        -0.220        -0.063        -0.167
 SY             0.000         0.033         0.039         0.009         0.092
 X1             0.000        -0.133         0.000         0.000         0.000
 Y1             0.000         0.062         0.000         0.000         0.000
 Z0             0.000         0.000         0.000         0.000         0.000
 C1             0.000         0.000         0.000         0.000         0.000
 C2             0.000         0.000         0.000         0.000         0.000
 C3             0.000         0.000         0.000         0.000         0.000
 C4             0.000         0.000         0.000         0.000         0.000
 C5             0.000         0.000         0.000         0.000         0.000
 C6             0.000         0.000         0.000         0.000         0.000
 C7             0.000         0.000         0.000         0.000         0.000
 C8             0.000         0.000         0.000         0.000         0.000
 C9             0.000         0.000         0.000         0.000         0.000
 C10            0.000         0.000         0.000         0.000         0.000
 C11            0.000         0.000         0.000         0.000         0.000
 C12            0.000         0.000         0.000         0.000         0.000
 C13            0.000         0.000         0.000         0.000         0.000
 C14            0.000         0.000         0.000         0.000         0.000
 C15            0.000         0.000         0.000         0.000         0.000
 C16            0.000         0.000         0.000         0.000         0.000
 C17            0.000         0.000         0.000         0.000         0.000
 C18            0.000         0.000         0.000         0.000         0.000
 C19            0.000         0.000         0.000         0.000         0.000
 C20            0.000         0.000         0.000         0.000         0.000
 C21            0.000         0.000         0.000         0.000         0.000
 C22            0.000         0.000         0.000         0.000         0.000
 C23            0.000         0.000         0.000         0.000         0.000
 C24            0.000         0.000         0.000         0.000         0.000


           BETA
              C4            C5            C6            C7            C8
              ________      ________      ________      ________      ________
 SX             0.122        -0.021        -0.030         0.000         0.064
 IX            -0.043        -0.061         0.012        -0.001        -0.257
 IY            -0.063         0.238        -0.003         0.008        -0.046
 SY             0.194        -0.195         0.046        -0.016         0.053
 X1             0.000         0.000         0.000         0.000         0.000
 Y1             0.000         0.000         0.000         0.000         0.000
 Z0             0.000         0.000         0.000         0.000         0.000
 C1             0.000         0.000         0.000         0.000         0.000
 C2             0.000         0.000         0.000         0.000         0.000
 C3             0.000         0.000         0.000         0.000         0.000
 C4             0.000         0.000         0.000         0.000         0.000
 C5             0.000         0.000         0.000         0.000         0.000
 C6             0.000         0.000         0.000         0.000         0.000
 C7             0.000         0.000         0.000         0.000         0.000
 C8             0.000         0.000         0.000         0.000         0.000
 C9             0.000         0.000         0.000         0.000         0.000
 C10            0.000         0.000         0.000         0.000         0.000
 C11            0.000         0.000         0.000         0.000         0.000
 C12            0.000         0.000         0.000         0.000         0.000
 C13            0.000         0.000         0.000         0.000         0.000
 C14            0.000         0.000         0.000         0.000         0.000
 C15            0.000         0.000         0.000         0.000         0.000
 C16            0.000         0.000         0.000         0.000         0.000
 C17            0.000         0.000         0.000         0.000         0.000
 C18            0.000         0.000         0.000         0.000         0.000
 C19            0.000         0.000         0.000         0.000         0.000
 C20            0.000         0.000         0.000         0.000         0.000
 C21            0.000         0.000         0.000         0.000         0.000
 C22            0.000         0.000         0.000         0.000         0.000
 C23            0.000         0.000         0.000         0.000         0.000
 C24            0.000         0.000         0.000         0.000         0.000


           BETA
              C9            C10           C11           C12           C13
              ________      ________      ________      ________      ________
 SX             0.021        -0.112        -0.009         0.008        -0.019
 IX             0.081        -0.091        -0.055         0.019         0.040
 IY             0.102         0.021        -0.125        -0.051        -0.013
 SY            -0.155         0.193         0.262         0.040         0.035
 X1             0.000         0.000         0.000         0.000         0.000
 Y1             0.000         0.000         0.000         0.000         0.000
 Z0             0.000         0.000         0.000         0.000         0.000
 C1             0.000         0.000         0.000         0.000         0.000
 C2             0.000         0.000         0.000         0.000         0.000
 C3             0.000         0.000         0.000         0.000         0.000
 C4             0.000         0.000         0.000         0.000         0.000
 C5             0.000         0.000         0.000         0.000         0.000
 C6             0.000         0.000         0.000         0.000         0.000
 C7             0.000         0.000         0.000         0.000         0.000
 C8             0.000         0.000         0.000         0.000         0.000
 C9             0.000         0.000         0.000         0.000         0.000
 C10            0.000         0.000         0.000         0.000         0.000
 C11            0.000         0.000         0.000         0.000         0.000
 C12            0.000         0.000         0.000         0.000         0.000
 C13            0.000         0.000         0.000         0.000         0.000
 C14            0.000         0.000         0.000         0.000         0.000
 C15            0.000         0.000         0.000         0.000         0.000
 C16            0.000         0.000         0.000         0.000         0.000
 C17            0.000         0.000         0.000         0.000         0.000
 C18            0.000         0.000         0.000         0.000         0.000
 C19            0.000         0.000         0.000         0.000         0.000
 C20            0.000         0.000         0.000         0.000         0.000
 C21            0.000         0.000         0.000         0.000         0.000
 C22            0.000         0.000         0.000         0.000         0.000
 C23            0.000         0.000         0.000         0.000         0.000
 C24            0.000         0.000         0.000         0.000         0.000


           BETA
              C14           C15           C16           C17           C18
              ________      ________      ________      ________      ________
 SX            -0.035         0.018        -0.064         0.067        -0.100
 IX             0.018        -0.011         0.177         0.073         0.208
 IY             0.092         0.483        -0.094        -0.212         0.036
 SY            -0.181        -0.443         0.003         0.268         0.033
 X1             0.000         0.000         0.000         0.000         0.000
 Y1             0.000         0.000         0.000         0.000         0.000
 Z0             0.000         0.000         0.000         0.000         0.000
 C1             0.000         0.000         0.000         0.000         0.000
 C2             0.000         0.000         0.000         0.000         0.000
 C3             0.000         0.000         0.000         0.000         0.000
 C4             0.000         0.000         0.000         0.000         0.000
 C5             0.000         0.000         0.000         0.000         0.000
 C6             0.000         0.000         0.000         0.000         0.000
 C7             0.000         0.000         0.000         0.000         0.000
 C8             0.000         0.000         0.000         0.000         0.000
 C9             0.000         0.000         0.000         0.000         0.000
 C10            0.000         0.000         0.000         0.000         0.000
 C11            0.000         0.000         0.000         0.000         0.000
 C12            0.000         0.000         0.000         0.000         0.000
 C13            0.000         0.000         0.000         0.000         0.000
 C14            0.000         0.000         0.000         0.000         0.000
 C15            0.000         0.000         0.000         0.000         0.000
 C16            0.000         0.000         0.000         0.000         0.000
 C17            0.000         0.000         0.000         0.000         0.000
 C18            0.000         0.000         0.000         0.000         0.000
 C19            0.000         0.000         0.000         0.000         0.000
 C20            0.000         0.000         0.000         0.000         0.000
 C21            0.000         0.000         0.000         0.000         0.000
 C22            0.000         0.000         0.000         0.000         0.000
 C23            0.000         0.000         0.000         0.000         0.000
 C24            0.000         0.000         0.000         0.000         0.000


           BETA
              C19           C20           C21           C22           C23
              ________      ________      ________      ________      ________
 SX            -0.055        -0.084        -0.057         0.124        -0.065
 IX             0.053         0.244         0.158        -0.097         0.026
 IY             0.065         0.094         0.035        -0.025         0.128
 SY             0.067        -0.137         0.010         0.165        -0.136
 X1             0.000         0.000         0.000         0.000         0.000
 Y1             0.000         0.000         0.000         0.000         0.000
 Z0             0.000         0.000         0.000         0.000         0.000
 C1             0.000         0.000         0.000         0.000         0.000
 C2             0.000         0.000         0.000         0.000         0.000
 C3             0.000         0.000         0.000         0.000         0.000
 C4             0.000         0.000         0.000         0.000         0.000
 C5             0.000         0.000         0.000         0.000         0.000
 C6             0.000         0.000         0.000         0.000         0.000
 C7             0.000         0.000         0.000         0.000         0.000
 C8             0.000         0.000         0.000         0.000         0.000
 C9             0.000         0.000         0.000         0.000         0.000
 C10            0.000         0.000         0.000         0.000         0.000
 C11            0.000         0.000         0.000         0.000         0.000
 C12            0.000         0.000         0.000         0.000         0.000
 C13            0.000         0.000         0.000         0.000         0.000
 C14            0.000         0.000         0.000         0.000         0.000
 C15            0.000         0.000         0.000         0.000         0.000
 C16            0.000         0.000         0.000         0.000         0.000
 C17            0.000         0.000         0.000         0.000         0.000
 C18            0.000         0.000         0.000         0.000         0.000
 C19            0.000         0.000         0.000         0.000         0.000
 C20            0.000         0.000         0.000         0.000         0.000
 C21            0.000         0.000         0.000         0.000         0.000
 C22            0.000         0.000         0.000         0.000         0.000
 C23            0.000         0.000         0.000         0.000         0.000
 C24            0.000         0.000         0.000         0.000         0.000


           BETA
              C24
              ________
 SX             0.008
 IX            -0.002
 IY            -0.012
 SY             0.009
 X1             0.000
 Y1             0.000
 Z0             0.000
 C1             0.000
 C2             0.000
 C3             0.000
 C4             0.000
 C5             0.000
 C6             0.000
 C7             0.000
 C8             0.000
 C9             0.000
 C10            0.000
 C11            0.000
 C12            0.000
 C13            0.000
 C14            0.000
 C15            0.000
 C16            0.000
 C17            0.000
 C18            0.000
 C19            0.000
 C20            0.000
 C21            0.000
 C22            0.000
 C23            0.000
 C24            0.000


           PSI
              SX            IX            IY            SY            X1
              ________      ________      ________      ________      ________
 SX             0.106
 IX             0.006         0.192
 IY            -0.022         0.000         0.206
 SY             0.000         0.000         0.000         0.034
 X1             0.000         0.000         0.000         0.000         0.678
 Y1             0.000         0.000         0.000         0.000        -0.017
 Z0             0.000         0.000         0.000         0.000         0.000
 C1             0.000         0.000         0.000         0.000         0.000
 C2             0.000         0.000         0.000         0.000         0.000
 C3             0.000         0.000         0.000         0.000         0.000
 C4             0.000         0.000         0.000         0.000         0.000
 C5             0.000         0.000         0.000         0.000         0.000
 C6             0.000         0.000         0.000         0.000         0.000
 C7             0.000         0.000         0.000         0.000         0.000
 C8             0.000         0.000         0.000         0.000         0.000
 C9             0.000         0.000         0.000         0.000         0.000
 C10            0.000         0.000         0.000         0.000         0.000
 C11            0.000         0.000         0.000         0.000         0.000
 C12            0.000         0.000         0.000         0.000         0.000
 C13            0.000         0.000         0.000         0.000         0.000
 C14            0.000         0.000         0.000         0.000         0.000
 C15            0.000         0.000         0.000         0.000         0.000
 C16            0.000         0.000         0.000         0.000         0.000
 C17            0.000         0.000         0.000         0.000         0.000
 C18            0.000         0.000         0.000         0.000         0.000
 C19            0.000         0.000         0.000         0.000         0.000
 C20            0.000         0.000         0.000         0.000         0.000
 C21            0.000         0.000         0.000         0.000         0.000
 C22            0.000         0.000         0.000         0.000         0.000
 C23            0.000         0.000         0.000         0.000         0.000
 C24            0.000         0.000         0.000         0.000         0.000


           PSI
              Y1            Z0            C1            C2            C3
              ________      ________      ________      ________      ________
 Y1             0.550
 Z0             0.000         1.000
 C1             0.000        -0.010         0.250
 C2             0.000        -0.019         0.035         0.157
 C3             0.000        -0.036        -0.009         0.042         0.246
 C4             0.000        -0.002         0.000         0.004        -0.015
 C5             0.000         0.027         0.005        -0.018        -0.025
 C6             0.000         0.093        -0.038        -0.061        -0.108
 C7             0.000         0.339        -0.146        -0.208        -0.467
 C8             0.000        -0.011        -0.002        -0.003        -0.002
 C9             0.000        -0.015         0.002         0.006         0.016
 C10            0.000         0.000        -0.001        -0.001        -0.001
 C11            0.000         0.013         0.001        -0.002         0.012
 C12            0.000        -0.055         0.040         0.026         0.009
 C13            0.000        -0.078         0.127         0.192         0.232
 C14            0.000         0.027        -0.003        -0.010        -0.022
 C15            0.000         0.041        -0.030        -0.022        -0.022
 C16            0.000        -0.019         0.030         0.018         0.004
 C17            0.000        -0.032         0.036         0.011         0.000
 C18            0.000        -0.042        -0.010        -0.007        -0.005
 C19            0.000         0.057         0.001        -0.004        -0.021
 C20            0.000        -0.025        -0.002        -0.001         0.016
 C21            0.000         0.021        -0.014        -0.006        -0.004
 C22            0.000         0.032        -0.008        -0.063        -0.113
 C23            0.000         0.030        -0.050        -0.021        -0.009
 C24            0.000        -0.112         0.082         0.246         0.370


           PSI
              C4            C5            C6            C7            C8
              ________      ________      ________      ________      ________
 C4             0.213
 C5            -0.075         0.184
 C6             0.073         0.031         1.375
 C7             0.194         0.196         3.685        22.445
 C8            -0.013         0.004        -0.138        -0.329         0.161
 C9            -0.008        -0.003        -0.038        -0.124        -0.016
 C10           -0.001         0.002         0.002         0.011        -0.001
 C11           -0.002        -0.008         0.083         0.343         0.000
 C12           -0.005         0.008        -0.045        -0.125         0.013
 C13           -0.026        -0.075        -0.279        -1.030         0.021
 C14            0.003         0.037         0.012         0.177         0.008
 C15            0.000         0.012         0.018         0.115         0.001
 C16            0.002        -0.008         0.000        -0.001        -0.008
 C17            0.001        -0.004        -0.060        -0.182        -0.001
 C18            0.011        -0.012         0.016        -0.015         0.000
 C19            0.001         0.013         0.052         0.216        -0.006
 C20           -0.003        -0.001        -0.035        -0.124         0.004
 C21           -0.011         0.015         0.013         0.072        -0.004
 C22            0.003         0.029         0.085         0.362        -0.005
 C23           -0.016         0.019         0.083         0.493         0.003
 C24           -0.053        -0.042        -0.613        -2.040         0.050


           PSI
              C9            C10           C11           C12           C13
              ________      ________      ________      ________      ________
 C9             0.073
 C10            0.000         0.004
 C11           -0.003         0.000         0.096
 C12           -0.002        -0.001         0.000         1.036
 C13            0.042         0.000         0.039         0.248         1.541
 C14           -0.014         0.002        -0.003         0.006        -0.083
 C15           -0.004         0.000         0.002        -0.042        -0.080
 C16            0.003         0.000        -0.001         0.053         0.044
 C17            0.004         0.000        -0.024         0.015         0.029
 C18           -0.001         0.000        -0.004        -0.008        -0.050
 C19           -0.005         0.000        -0.002        -0.014        -0.058
 C20            0.004         0.000        -0.001         0.013         0.014
 C21            0.000         0.001         0.008        -0.004        -0.016
 C22           -0.012         0.001        -0.017        -0.049        -0.356
 C23           -0.003         0.001         0.050        -0.035        -0.055
 C24            0.046         0.004        -0.014         0.580         1.738


           PSI
              C14           C15           C16           C17           C18
              ________      ________      ________      ________      ________
 C14            0.248
 C15            0.003         0.217
 C16            0.002        -0.138         0.246
 C17           -0.028        -0.008         0.008         0.142
 C18           -0.006        -0.002        -0.003        -0.001         0.179
 C19            0.018         0.007        -0.006        -0.006        -0.043
 C20            0.001        -0.002         0.003         0.003         0.027
 C21            0.039         0.004        -0.004        -0.019        -0.007
 C22            0.036         0.023        -0.004        -0.002         0.018
 C23            0.022         0.089        -0.065        -0.032        -0.002
 C24            0.695        -0.138         0.056         0.084         0.012


           PSI
              C19           C20           C21           C22           C23
              ________      ________      ________      ________      ________
 C19            0.151
 C20           -0.013         0.097
 C21            0.013        -0.023         0.167
 C22            0.022        -0.007         0.006         0.216
 C23            0.008         0.016         0.034         0.004         0.925
 C24           -0.023         0.073         0.049        -0.417        -0.116


           PSI
              C24
              ________
 C24           18.127


TECHNICAL 3 OUTPUT


           ESTIMATED COVARIANCE MATRIX FOR PARAMETER ESTIMATES
                  1             2             3             4             5
              ________      ________      ________      ________      ________
      1     0.102633D-01
      2     0.219171D-02  0.148026D-01
      3     0.298130D-02  0.551808D-02  0.197629D-01
      4    -0.113841D-02  0.842488D-03  0.280051D-03  0.690049D-03
      5     0.173107D-03 -0.118410D-02 -0.231827D-03 -0.894487D-04  0.579298D-03
      6     0.159556D-02 -0.560097D-04 -0.541925D-02 -0.162832D-03  0.871959D-04
      7     0.186925D-02  0.158754D-02  0.146913D-02 -0.289127D-04  0.205441D-04
      8     0.304468D-03 -0.166397D-03 -0.107826D-03 -0.125272D-03  0.352099D-04
      9    -0.477863D-05 -0.212499D-04 -0.775276D-05  0.353217D-04  0.124825D-04
     10    -0.544862D-04  0.210359D-03  0.363251D-04  0.366726D-04 -0.913082D-04
     11     0.657744D-04 -0.184472D-04  0.247661D-04 -0.877994D-05  0.635207D-04
     12    -0.464215D-03 -0.129007D-03  0.761200D-03  0.439461D-04 -0.100225D-04
     13     0.207992D-03  0.226909D-03  0.515486D-04 -0.822120D-06  0.808524D-04
     14    -0.611614D-03 -0.863502D-04 -0.402059D-03  0.916826D-04 -0.544497D-04
     15     0.201191D-03  0.942846D-04 -0.224481D-03 -0.799239D-05  0.129946D-03
     16    -0.267980D-02  0.168308D-02 -0.446002D-02  0.310669D-03 -0.263279D-03
     17     0.801441D-03 -0.201352D-02  0.128623D-02 -0.259604D-03  0.152382D-03
     18     0.160558D-04  0.650997D-03  0.962659D-03  0.185915D-03 -0.868603D-04
     19     0.964767D-03 -0.475253D-02 -0.461024D-02 -0.720165D-03  0.550432D-03
     20    -0.559441D-03 -0.120922D-02 -0.139277D-02  0.374458D-04 -0.199490D-03
     21    -0.444251D-03 -0.402825D-03 -0.751284D-03  0.166906D-04  0.384460D-04
     22    -0.288503D-03 -0.195899D-02  0.149666D-02 -0.510038D-04  0.140239D-03
     23     0.119754D-02 -0.427586D-03 -0.314532D-03 -0.176875D-03  0.500462D-04
     24     0.960365D-03  0.122350D-02  0.346291D-03 -0.664031D-04 -0.441270D-04
     25    -0.959274D-03  0.314307D-03  0.230616D-02  0.263474D-03  0.219856D-04
     26     0.443395D-03 -0.276263D-03  0.886433D-03 -0.315947D-04  0.578763D-04
     27    -0.397743D-04  0.725797D-04  0.345534D-04  0.111594D-04 -0.698333D-05
     28     0.244331D-03 -0.167652D-02 -0.789169D-03 -0.178206D-03  0.134142D-03
     29    -0.454498D-03  0.274871D-02  0.605490D-04  0.260452D-03 -0.219855D-03
     30    -0.310623D-02 -0.919418D-02  0.727367D-03 -0.858033D-04  0.624534D-03
     31    -0.908386D-03 -0.340154D-03 -0.241836D-02 -0.154084D-03 -0.414032D-04
     32     0.404805D-04 -0.723407D-03 -0.573635D-03 -0.772493D-04  0.502824D-04
     33     0.497130D-03 -0.702201D-05  0.540508D-03 -0.484499D-04  0.213123D-04
     34     0.512044D-04 -0.129413D-02  0.133117D-02 -0.130230D-04  0.736012D-04
     35    -0.616566D-03  0.398717D-04  0.145599D-02  0.804744D-04  0.122495D-04
     36     0.933964D-03  0.100067D-02  0.216043D-02 -0.399143D-04 -0.739038D-04
     37    -0.162658D-02  0.141201D-02 -0.311837D-03  0.309969D-03 -0.169286D-03
     38     0.101812D-02 -0.116222D-02 -0.590710D-03 -0.184890D-03  0.110623D-03
     39     0.121214D-02  0.428608D-03 -0.118433D-02 -0.153287D-03 -0.589275D-04
     40     0.502447D-03  0.896163D-03  0.625855D-03 -0.875989D-05  0.217963D-05
     41     0.776252D-04 -0.170104D-02  0.759627D-03 -0.121544D-03  0.119580D-03
     42     0.632929D-03  0.616944D-03 -0.235023D-02 -0.684557D-04 -0.569102D-04
     43     0.617270D-03  0.738890D-03  0.166812D-03 -0.458262D-04 -0.372571D-04
     44     0.242977D-04 -0.301378D-03 -0.426547D-04 -0.240711D-04  0.290331D-04
     45     0.463747D-03  0.118455D-02  0.112442D-02 -0.305537D-04  0.130688D-03
     46     0.150073D-03  0.113748D-03  0.376351D-03 -0.105909D-04  0.741179D-05
     47     0.239100D-03  0.120623D-02 -0.685719D-03  0.320839D-04 -0.540464D-04
     48    -0.744529D-03  0.248348D-05 -0.464844D-04  0.374939D-04  0.227348D-04
     49    -0.103691D-02 -0.117194D-02 -0.503044D-03  0.283927D-04  0.703952D-04
     50     0.463948D-03 -0.392246D-04 -0.102867D-02 -0.145985D-03 -0.272904D-04
     51    -0.150783D-03  0.245555D-03 -0.340057D-03  0.295648D-04 -0.199365D-04
     52     0.319203D-04 -0.337919D-04 -0.160258D-04 -0.911376D-05  0.398894D-05
     53    -0.419997D-03  0.486616D-03  0.458168D-04  0.109098D-03 -0.741452D-04
     54     0.342107D-03 -0.178577D-02 -0.365617D-03 -0.203398D-03  0.143790D-03
     55     0.127613D-02  0.500060D-02  0.272050D-03  0.240685D-03 -0.209206D-03
     56     0.327748D-03  0.255512D-03  0.114638D-02  0.295012D-04  0.246285D-04
     57    -0.541193D-04  0.383943D-03  0.250195D-03  0.500959D-04 -0.464977D-04
     58    -0.225775D-03  0.105754D-03 -0.208238D-03  0.429826D-04 -0.124084D-04
     59     0.533556D-04  0.959005D-03 -0.736065D-03  0.630722D-04 -0.390321D-04
     60     0.280915D-03 -0.949373D-04 -0.623393D-03 -0.299535D-04  0.172962D-04
     61    -0.280679D-03 -0.232597D-03 -0.912450D-03  0.485269D-05  0.170300D-04
     62     0.605690D-03 -0.960155D-03  0.232235D-04 -0.148671D-03  0.695701D-04
     63    -0.200470D-03  0.112631D-02  0.683745D-03  0.759490D-04 -0.105871D-03
     64    -0.396578D-03 -0.584398D-04  0.563361D-03  0.300875D-04 -0.240650D-04
     65     0.166524D-03 -0.665482D-04  0.311628D-04 -0.505049D-04  0.208059D-04
     66     0.163051D-03  0.130335D-02 -0.125773D-04  0.856751D-04 -0.806352D-04
     67    -0.831687D-03 -0.968883D-03  0.949116D-03  0.758252D-04  0.443230D-04
     68    -0.863237D-04 -0.133059D-03  0.686938D-04  0.643028D-05  0.762669D-05
     69    -0.338798D-04  0.145555D-03  0.250922D-04  0.138992D-04 -0.147213D-04
     70    -0.315476D-02  0.723145D-02  0.332641D-02  0.102123D-02 -0.816628D-03
     71    -0.340171D-03  0.133426D-02  0.780405D-03  0.203844D-03 -0.243849D-03
     72    -0.367049D-03  0.109231D-02  0.683576D-03  0.116821D-03 -0.123568D-03
     73     0.350562D-03 -0.114862D-03 -0.634072D-03 -0.595243D-04  0.296072D-04
     74    -0.422690D-03 -0.157063D-04 -0.525154D-05  0.399531D-04 -0.140649D-04
     75    -0.513612D-03 -0.645474D-04 -0.284835D-04  0.490571D-04  0.203582D-04
     76     0.610469D-04  0.603576D-03  0.395352D-04  0.248130D-04 -0.246400D-04
     77    -0.548499D-04 -0.116940D-04 -0.148485D-03 -0.927692D-05 -0.747957D-05
     78     0.102729D-04 -0.209081D-04 -0.185873D-04 -0.624499D-05  0.654155D-05
     79    -0.945791D-03  0.209200D-02  0.899555D-03  0.274766D-03 -0.243382D-03
     80     0.480305D-03 -0.123230D-02 -0.504233D-03 -0.193891D-03  0.145158D-03
     81     0.940039D-04  0.241617D-02  0.518207D-03  0.204458D-03 -0.158712D-03
     82     0.659407D-04  0.555288D-03  0.836647D-03  0.939482D-04 -0.580518D-04
     83     0.214200D-04 -0.405887D-04 -0.192914D-04  0.703621D-06  0.138095D-04
     84     0.181953D-06 -0.229402D-03 -0.153515D-03 -0.177341D-04  0.291022D-04
     85     0.211704D-04 -0.421297D-04 -0.372187D-03 -0.398594D-04 -0.442446D-05
     86     0.610135D-04  0.700442D-04 -0.179970D-03 -0.253604D-04  0.358270D-04
     87     0.496769D-03 -0.124392D-02 -0.804190D-03 -0.194369D-03  0.149339D-03
     88     0.389458D-03 -0.887423D-03 -0.287441D-03 -0.107161D-03  0.652835D-04
     89     0.468101D-03 -0.109772D-02 -0.446395D-03 -0.158300D-03  0.117432D-03
     90    -0.109600D-03 -0.288088D-03 -0.129689D-04 -0.301752D-04 -0.464621D-05
     91     0.916601D-03 -0.162075D-02 -0.795102D-03 -0.255066D-03  0.180451D-03
     92     0.759935D-03 -0.651595D-03 -0.691810D-03 -0.167796D-03  0.104203D-03
     93    -0.721544D-03  0.356496D-03  0.754496D-03  0.124873D-03 -0.780555D-04
     94     0.181395D-04 -0.254504D-03 -0.511296D-04 -0.983585D-05  0.187120D-04
     95     0.130504D-05  0.653547D-04  0.294397D-04  0.174649D-05 -0.363676D-05
     96    -0.619461D-02  0.148894D-01  0.118098D-01  0.217131D-02 -0.184431D-02
     97     0.192623D-02 -0.924709D-02 -0.615048D-02 -0.124002D-02  0.822291D-03
     98    -0.220759D-02 -0.234368D-03 -0.204761D-02  0.442104D-04 -0.371061D-03
     99     0.419115D-03 -0.163819D-02 -0.103611D-02 -0.297499D-03  0.433898D-03
    100    -0.292187D-03 -0.206215D-02 -0.195300D-02 -0.142763D-03  0.106476D-03
    101    -0.362549D-03  0.167047D-03  0.108344D-02  0.962426D-04 -0.101028D-03
    102     0.598047D-03 -0.658617D-03 -0.622726D-03 -0.165728D-03  0.551914D-04
    103     0.123708D-02 -0.164496D-02 -0.165097D-02 -0.295562D-03  0.152480D-03
    104     0.237434D-03 -0.163550D-03  0.809599D-03  0.752529D-04  0.151182D-04
    105    -0.363527D-04  0.544823D-03  0.834283D-03  0.720285D-04 -0.364884D-04
    106     0.161423D-04  0.316750D-04 -0.122883D-05  0.706381D-05 -0.113912D-04
    107     0.105623D-02 -0.404415D-02 -0.252609D-02 -0.449988D-03  0.453064D-03
    108    -0.649408D-03  0.152884D-02  0.710234D-03  0.395568D-03 -0.116897D-03
    109    -0.126779D-02 -0.226035D-02  0.840104D-03  0.982517D-04  0.255097D-04
    110    -0.987262D-03 -0.664946D-03 -0.162519D-02 -0.448241D-04  0.203518D-04
    111    -0.474529D-04 -0.262213D-04 -0.193905D-03 -0.187135D-04 -0.334035D-04
    112    -0.397170D-05  0.686994D-03  0.542705D-03  0.506948D-04 -0.704946D-04
    113     0.121643D-03  0.703691D-03  0.110889D-02  0.136882D-03  0.314085D-04
    114     0.829695D-03 -0.449552D-03  0.109749D-02 -0.271317D-04  0.106659D-03
    115    -0.999029D-03  0.267917D-02  0.189435D-02  0.320201D-03 -0.365039D-03
    116    -0.575777D-03  0.139876D-03 -0.893158D-03  0.491817D-04  0.298419D-04
    117    -0.559251D-03  0.293548D-02  0.212716D-02  0.367346D-03 -0.317516D-03
    118     0.119985D-03  0.147988D-02  0.758567D-03  0.160743D-03 -0.924585D-04
    119    -0.768872D-03  0.359245D-02  0.274520D-02  0.496202D-03 -0.309232D-03
    120    -0.114537D-02  0.148901D-02  0.205947D-02  0.274905D-03 -0.176603D-03
    121     0.145677D-02 -0.233639D-02 -0.246555D-02 -0.416588D-03  0.355090D-03
    122     0.129014D-03  0.135406D-02  0.105495D-02  0.102670D-03 -0.845173D-04
    123     0.259420D-05 -0.210910D-03 -0.137634D-03 -0.147196D-04  0.138148D-04
    124    -0.363629D-03 -0.106623D-02 -0.119354D-02  0.189720D-04 -0.143062D-03
    125     0.172086D-03 -0.884954D-04 -0.106619D-04 -0.707532D-04  0.164366D-03
    126    -0.579993D-02  0.496363D-02  0.456840D-02  0.104248D-02 -0.630956D-03
    127     0.343347D-02 -0.601992D-02 -0.433268D-02 -0.927173D-03  0.622959D-03
    128    -0.267338D-02  0.506535D-02  0.331321D-02  0.728716D-03 -0.539042D-03
    129     0.949552D-03 -0.142797D-02 -0.745233D-03 -0.265442D-03  0.179706D-03
    130     0.753872D-04  0.428843D-03  0.378156D-03  0.608302D-04 -0.826519D-05
    131     0.749823D-03  0.315155D-03  0.155127D-02  0.164033D-06  0.748847D-04
    132     0.305852D-02 -0.487260D-02 -0.348518D-02 -0.718079D-03  0.522867D-03
    133    -0.384642D-03  0.321642D-03  0.430641D-03  0.543756D-04 -0.264441D-04
    134    -0.155436D-03  0.910600D-04 -0.205457D-03  0.446784D-04 -0.475781D-04


           ESTIMATED COVARIANCE MATRIX FOR PARAMETER ESTIMATES
                  6             7             8             9            10
              ________      ________      ________      ________      ________
      6     0.345788D-02
      7     0.310638D-03  0.145392D-02
      8     0.742027D-04  0.491889D-04  0.276023D-03
      9     0.227173D-04  0.156386D-05 -0.687123D-04  0.622248D-03
     10    -0.307465D-04 -0.290882D-04 -0.188551D-04 -0.150823D-05  0.307263D-03
     11     0.246899D-04  0.437185D-04  0.184244D-04  0.105936D-03 -0.811157D-04
     12    -0.730512D-03 -0.124235D-03 -0.212853D-04  0.151086D-04  0.275270D-04
     13     0.272509D-03  0.131543D-03 -0.187811D-04  0.211016D-04 -0.574019D-04
     14    -0.330413D-04 -0.224102D-03 -0.326916D-04  0.166423D-04  0.661727D-04
     15     0.201917D-03  0.151469D-03  0.146821D-05  0.295244D-04 -0.606208D-04
     16     0.987552D-03 -0.555301D-03 -0.428962D-04 -0.551367D-04  0.287998D-04
     17    -0.361854D-03  0.899021D-06  0.889883D-04 -0.782185D-05 -0.453431D-04
     18    -0.385415D-03 -0.395740D-04 -0.562276D-04  0.584637D-04  0.101759D-03
     19     0.194195D-02  0.136911D-03  0.160831D-03  0.196322D-03 -0.568324D-03
     20     0.156796D-03 -0.245404D-03 -0.804806D-04 -0.145782D-03  0.217140D-03
     21     0.123992D-03 -0.166194D-03  0.191833D-04  0.101833D-04 -0.197466D-04
     22    -0.629539D-03 -0.168479D-04 -0.207496D-04  0.144040D-04 -0.241977D-04
     23     0.283576D-03  0.950845D-04  0.577136D-04  0.224956D-04 -0.462399D-04
     24     0.163589D-03  0.268702D-03  0.165341D-04 -0.237568D-04 -0.122059D-04
     25    -0.873942D-03 -0.910911D-05 -0.507869D-04  0.727693D-04 -0.961607D-06
     26    -0.185916D-03  0.145890D-03  0.866005D-05  0.242287D-05  0.160723D-05
     27    -0.101433D-04 -0.744625D-05 -0.775893D-06 -0.787569D-06 -0.285604D-05
     28     0.116601D-03 -0.193447D-03  0.100579D-03  0.598103D-04 -0.407677D-05
     29     0.138184D-03 -0.482367D-04 -0.248998D-04 -0.172900D-04  0.939496D-04
     30    -0.162758D-02 -0.103980D-02 -0.625186D-05  0.572969D-04 -0.640674D-04
     31     0.672217D-03 -0.225650D-03  0.256060D-04 -0.508088D-04  0.397165D-05
     32     0.632895D-04 -0.553545D-04  0.742729D-05 -0.142203D-05 -0.423669D-05
     33    -0.365540D-04  0.118334D-03  0.228162D-05 -0.130071D-05 -0.321861D-05
     34    -0.441600D-03 -0.643460D-04 -0.191302D-04 -0.236931D-04  0.179042D-04
     35    -0.460672D-03 -0.122908D-03 -0.480834D-05  0.146856D-04 -0.935809D-04
     36    -0.451287D-03  0.222319D-03  0.809530D-05  0.408452D-04 -0.447199D-04
     37    -0.209072D-03 -0.207333D-03 -0.945190D-04 -0.262726D-04  0.788617D-04
     38     0.132071D-03  0.125638D-03  0.705491D-04  0.406033D-04  0.834553D-05
     39     0.648177D-03  0.157960D-03  0.516989D-04  0.397427D-05  0.232923D-04
     40     0.709270D-04  0.202512D-03 -0.155488D-04  0.703668D-05  0.753042D-05
     41    -0.317089D-03 -0.518394D-04 -0.128732D-04  0.276774D-04  0.119553D-04
     42     0.830141D-03 -0.384682D-05  0.169166D-04  0.104299D-04 -0.154107D-05
     43     0.452768D-04  0.151407D-03  0.226504D-05  0.223161D-04  0.849693D-05
     44     0.161715D-05 -0.181968D-04  0.702417D-05 -0.411342D-07 -0.698448D-05
     45    -0.124932D-03  0.211288D-03  0.722978D-04  0.106133D-03 -0.144685D-03
     46    -0.736087D-04  0.492789D-04 -0.486568D-05  0.179653D-07  0.144751D-04
     47     0.320361D-03  0.664489D-04  0.273491D-04 -0.227476D-04  0.202966D-05
     48    -0.136784D-03 -0.540679D-04 -0.378059D-04 -0.205785D-04 -0.130039D-05
     49    -0.137139D-03 -0.233527D-03 -0.205313D-04  0.230317D-04 -0.284334D-05
     50     0.416467D-03 -0.228097D-04  0.317827D-04 -0.131096D-04  0.260577D-04
     51     0.750552D-04 -0.385873D-04 -0.121491D-04  0.457729D-05  0.238179D-05
     52     0.810209D-05  0.873887D-05  0.590947D-06 -0.239444D-06  0.106975D-05
     53    -0.139858D-04  0.636296D-05 -0.819916D-04 -0.228665D-05  0.201664D-04
     54     0.321586D-04 -0.404043D-04  0.780510D-05  0.158566D-04 -0.455378D-04
     55     0.601833D-03  0.530603D-03 -0.161733D-04  0.244766D-04  0.675682D-04
     56    -0.255688D-03  0.102974D-03  0.152045D-04  0.201749D-05 -0.261825D-04
     57    -0.340252D-04  0.563628D-05 -0.335732D-06  0.123913D-05  0.166538D-04
     58     0.308508D-06 -0.394068D-04 -0.989762D-05  0.137852D-05  0.122736D-06
     59     0.276850D-03  0.966520D-04 -0.100343D-04  0.719168D-05 -0.466520D-05
     60     0.217233D-03  0.449082D-04 -0.108685D-04  0.460308D-05  0.281051D-04
     61     0.198611D-03 -0.986918D-04 -0.332284D-04 -0.330802D-04  0.162000D-04
     62     0.352117D-04  0.481728D-04  0.475370D-04  0.481470D-05 -0.228819D-04
     63    -0.149847D-03  0.409375D-04 -0.583238D-04 -0.375522D-04  0.258183D-04
     64    -0.265981D-03 -0.862442D-04 -0.577013D-04  0.107590D-04  0.313717D-05
     65     0.834839D-05 -0.138423D-04  0.175141D-04  0.162526D-04 -0.768400D-05
     66     0.134922D-03  0.137897D-03 -0.164325D-04 -0.262706D-04  0.445307D-05
     67    -0.530093D-03 -0.128729D-03 -0.122727D-04 -0.696973D-05 -0.312855D-04
     68    -0.282698D-04 -0.983839D-05  0.492754D-05 -0.159609D-04 -0.226376D-06
     69    -0.440061D-05  0.188375D-05 -0.258319D-05  0.314109D-05  0.458865D-05
     70    -0.162562D-02  0.623556D-04 -0.122283D-03 -0.851138D-04  0.342921D-03
     71    -0.477410D-03 -0.995046D-04 -0.204472D-04 -0.551121D-04  0.128277D-03
     72    -0.293553D-03  0.630926D-04 -0.666125D-05 -0.479626D-04  0.611553D-04
     73     0.300990D-03  0.404262D-05  0.108706D-04 -0.596146D-05 -0.564946D-04
     74    -0.826912D-04 -0.921439D-05 -0.186687D-04  0.213019D-04  0.181903D-04
     75    -0.835415D-04 -0.743209D-04 -0.580205D-05  0.104267D-04  0.567047D-05
     76     0.268354D-04  0.645297D-04  0.873236D-05 -0.763148D-05  0.936256D-05
     77     0.477185D-04 -0.328885D-04  0.384169D-05 -0.286944D-05  0.863511D-05
     78     0.178498D-05  0.278622D-05  0.384060D-06  0.228491D-05 -0.405230D-05
     79    -0.496347D-03  0.525103D-04 -0.481492D-04 -0.126271D-04  0.906467D-04
     80     0.231251D-03  0.466844D-04  0.216505D-04  0.392869D-05 -0.980442D-04
     81     0.123764D-03  0.112303D-03 -0.348561D-04 -0.220380D-04  0.373066D-04
     82    -0.264536D-03  0.323108D-04 -0.413743D-04 -0.100975D-04  0.146211D-04
     83     0.529943D-04  0.278767D-04  0.713777D-06  0.394211D-05 -0.194419D-04
     84     0.513510D-04 -0.501596D-05  0.115792D-04 -0.888690D-05 -0.109907D-04
     85     0.935741D-04  0.182131D-04  0.152933D-04 -0.253290D-04  0.520972D-05
     86     0.385003D-04  0.742232D-04  0.291227D-04 -0.183125D-04 -0.129095D-04
     87     0.327880D-03  0.854243D-05  0.196306D-04  0.288312D-04 -0.548766D-04
     88     0.115200D-03 -0.633836D-04  0.130765D-04  0.292946D-04 -0.169825D-04
     89     0.225225D-03  0.637815D-05  0.183637D-04 -0.817263D-04 -0.713425D-04
     90    -0.580880D-04 -0.291830D-04 -0.317379D-04 -0.281843D-04 -0.667978D-05
     91     0.386647D-03 -0.152122D-04  0.482057D-04  0.121458D-04 -0.105786D-03
     92     0.437775D-03  0.960653D-04  0.205085D-04 -0.987184D-05 -0.735819D-04
     93    -0.332854D-03 -0.101610D-04  0.397909D-05 -0.284021D-05  0.214982D-04
     94     0.514625D-04 -0.267431D-04  0.712088D-05  0.728381D-05 -0.223746D-04
     95    -0.457158D-05  0.270498D-05 -0.118583D-05  0.495387D-05 -0.183776D-05
     96    -0.613994D-02 -0.312273D-03 -0.176154D-03 -0.617899D-03  0.101072D-02
     97     0.201434D-02 -0.565175D-03 -0.939816D-04  0.217983D-04 -0.529326D-03
     98    -0.337505D-03 -0.782132D-03 -0.297636D-03 -0.280023D-03  0.234098D-03
     99     0.813753D-03  0.259296D-03  0.244125D-04  0.108628D-03 -0.285287D-03
    100     0.447707D-03 -0.415121D-03 -0.522169D-04  0.145273D-04 -0.792018D-04
    101    -0.573320D-03 -0.115990D-04 -0.128218D-04 -0.484927D-04  0.121553D-03
    102     0.323207D-03 -0.873878D-04  0.376284D-05  0.152981D-04 -0.450429D-04
    103     0.824344D-03  0.598825D-04 -0.416275D-04  0.392567D-04 -0.122786D-03
    104    -0.133161D-03  0.634929D-04  0.445799D-04  0.114162D-03 -0.656386D-04
    105    -0.307275D-03  0.396069D-04 -0.891301D-05 -0.124225D-04  0.447174D-04
    106     0.235863D-04  0.752026D-05  0.174452D-05 -0.200149D-05  0.733716D-05
    107     0.114126D-02 -0.209813D-03  0.419290D-04  0.975048D-04 -0.203317D-03
    108    -0.258229D-03  0.426093D-04  0.394259D-05 -0.202117D-04  0.108178D-03
    109    -0.114735D-02 -0.370623D-03  0.662060D-04 -0.111680D-03  0.187651D-03
    110     0.169938D-03 -0.223750D-03 -0.209038D-04 -0.332112D-04 -0.575598D-04
    111    -0.890092D-05 -0.592221D-04 -0.149479D-04 -0.442882D-04  0.653974D-04
    112    -0.178453D-03  0.532176D-04 -0.197444D-04 -0.188968D-04  0.426933D-04
    113    -0.195284D-03  0.654385D-04  0.134287D-04  0.393753D-04  0.447342D-05
    114     0.451385D-04  0.139160D-03  0.444514D-04  0.137287D-03 -0.534270D-04
    115    -0.889254D-03 -0.615591D-04 -0.696647D-04 -0.939259D-04  0.210990D-03
    116     0.254065D-03 -0.584372D-04 -0.349848D-04 -0.297315D-04 -0.319957D-04
    117    -0.756862D-03  0.419150D-04  0.157748D-04  0.119691D-03  0.203018D-03
    118    -0.228911D-03  0.102415D-03  0.806785D-04  0.148783D-04 -0.280374D-04
    119    -0.960186D-03  0.260014D-03 -0.117086D-04 -0.138808D-03  0.245406D-03
    120    -0.106626D-02 -0.741475D-04 -0.229326D-04 -0.847094D-05  0.228260D-03
    121     0.114413D-02  0.832288D-04 -0.229206D-04  0.137736D-03 -0.183052D-03
    122    -0.314639D-03  0.140543D-03  0.313098D-04 -0.314203D-05  0.665780D-04
    123     0.273255D-04 -0.188210D-04  0.248831D-06 -0.670865D-05  0.346923D-06
    124     0.151089D-03 -0.188553D-03 -0.604684D-04 -0.115139D-03  0.149823D-03
    125     0.220382D-03  0.158641D-03  0.125349D-04  0.785338D-04 -0.135397D-03
    126    -0.332159D-02 -0.645026D-03 -0.249029D-03  0.703029D-05  0.197682D-03
    127     0.220819D-02  0.226888D-04  0.202971D-03 -0.160221D-05 -0.189797D-03
    128    -0.163581D-02  0.523393D-05 -0.167474D-03  0.137651D-04  0.149528D-03
    129     0.489063D-03  0.681108D-04  0.180093D-04  0.381647D-04 -0.976344D-04
    130    -0.569022D-04  0.864182D-04  0.171693D-04 -0.217383D-04  0.556271D-05
    131    -0.209184D-03  0.262463D-03  0.114037D-03  0.125209D-03 -0.894685D-04
    132     0.178552D-02  0.703298D-04  0.192387D-03  0.306334D-04 -0.150636D-03
    133    -0.251959D-03 -0.294409D-04 -0.291540D-04  0.296389D-04 -0.253879D-04
    134     0.346779D-04 -0.349861D-04 -0.146145D-04 -0.104627D-04  0.302454D-04


           ESTIMATED COVARIANCE MATRIX FOR PARAMETER ESTIMATES
                 11            12            13            14            15
              ________      ________      ________      ________      ________
     11     0.793574D-03
     12     0.980606D-05  0.880986D-03
     13     0.518154D-04 -0.225430D-03  0.152298D-02
     14    -0.547035D-04  0.104497D-03 -0.976623D-04  0.793619D-03
     15     0.154697D-03 -0.157394D-03  0.453602D-03 -0.136655D-03  0.330210D-02
     16     0.116323D-04 -0.181100D-03 -0.108055D-03  0.240527D-03  0.775953D-04
     17     0.429978D-04  0.902983D-04 -0.747975D-04 -0.112645D-03 -0.222180D-03
     18     0.480956D-04  0.308796D-04  0.309611D-04 -0.137025D-03 -0.168862D-03
     19     0.307539D-03  0.455262D-03  0.111870D-03  0.863566D-03 -0.508524D-03
     20    -0.288245D-03  0.323060D-03 -0.605945D-03  0.598325D-03 -0.110010D-02
     21    -0.272131D-04 -0.293315D-04 -0.114893D-04  0.274625D-04  0.479616D-04
     22     0.621395D-04  0.763930D-04  0.160944D-04 -0.372743D-04  0.764383D-04
     23     0.546432D-04 -0.189011D-04  0.425022D-04 -0.117560D-03  0.156951D-03
     24    -0.549196D-04 -0.525647D-04  0.649128D-04 -0.571662D-04 -0.868755D-04
     25     0.265976D-04  0.131285D-03  0.381752D-05 -0.133186D-05  0.305975D-04
     26     0.317791D-05  0.225070D-04  0.222875D-04 -0.354166D-04  0.377572D-05
     27     0.183743D-05 -0.948092D-06 -0.326585D-05 -0.518149D-05  0.143555D-04
     28     0.279744D-04  0.530736D-04  0.585473D-05  0.132519D-03 -0.948297D-04
     29     0.977429D-05 -0.222782D-04  0.949076D-04  0.994830D-04 -0.120459D-03
     30     0.814282D-04  0.160948D-03 -0.159533D-03  0.108075D-03 -0.160445D-03
     31     0.239405D-04 -0.136978D-03 -0.103983D-04  0.968430D-04 -0.228224D-03
     32    -0.153891D-04  0.225407D-04  0.255951D-05  0.921962D-05 -0.545452D-05
     33    -0.934869D-05 -0.676817D-05 -0.111521D-04 -0.234625D-04 -0.324006D-04
     34    -0.345446D-04  0.418813D-04 -0.160436D-05 -0.716177D-04 -0.342971D-04
     35    -0.259469D-05  0.775212D-04  0.116784D-04 -0.100919D-04  0.394813D-04
     36    -0.752719D-05  0.538795D-04 -0.358308D-04 -0.767144D-06 -0.405543D-04
     37    -0.378304D-04  0.574946D-04  0.500619D-04  0.926564D-04 -0.141351D-03
     38     0.301912D-04  0.690870D-07 -0.761369D-06 -0.899690D-04 -0.371429D-05
     39    -0.328961D-04 -0.113658D-03 -0.123714D-03 -0.746423D-04 -0.335941D-04
     40     0.378682D-05 -0.142663D-03 -0.798941D-05 -0.703154D-04  0.716701D-04
     41     0.237129D-04  0.888455D-04 -0.636517D-04 -0.340965D-04 -0.840912D-04
     42    -0.147348D-04 -0.883858D-04  0.139430D-04  0.483935D-04 -0.650199D-04
     43     0.924206D-06 -0.179690D-04  0.480516D-04 -0.341379D-04  0.223015D-04
     44     0.580219D-05  0.509448D-05 -0.637561D-05  0.110825D-06 -0.889503D-06
     45     0.222466D-03 -0.235425D-03  0.449817D-03 -0.430838D-03  0.828924D-03
     46     0.329361D-04  0.233086D-04  0.151343D-04 -0.195242D-04  0.334874D-04
     47    -0.366193D-04 -0.367671D-04  0.328256D-04  0.190640D-04 -0.158700D-04
     48    -0.503403D-05  0.190731D-04 -0.485365D-06  0.528118D-04  0.269761D-04
     49     0.315492D-04  0.682694D-04 -0.214002D-04  0.666952D-04  0.335571D-04
     50    -0.482931D-04 -0.615144D-04  0.344613D-04  0.611401D-04 -0.723616D-04
     51    -0.785279D-05 -0.128220D-04  0.267991D-05  0.382708D-05  0.366596D-05
     52    -0.172997D-05 -0.274582D-05  0.350321D-05  0.249321D-05 -0.222463D-05
     53    -0.571491D-04  0.390383D-05  0.320515D-05 -0.391147D-04  0.406025D-05
     54    -0.508704D-04  0.291361D-05  0.166763D-05 -0.145534D-04  0.222536D-04
     55     0.774269D-04 -0.645467D-04  0.709714D-04 -0.417989D-04  0.389599D-04
     56    -0.149943D-04  0.491525D-04 -0.767494D-05 -0.317471D-04  0.465824D-04
     57    -0.759815D-06 -0.317129D-05 -0.933952D-05 -0.147222D-05  0.118861D-04
     58     0.360298D-06  0.282662D-05  0.166920D-04  0.164388D-04  0.164056D-04
     59     0.284126D-04 -0.494171D-04  0.378034D-04  0.447863D-04 -0.120501D-04
     60     0.402314D-04 -0.406554D-04  0.364057D-04 -0.114495D-04  0.358414D-05
     61    -0.164652D-05 -0.352796D-04 -0.598264D-05  0.191647D-04  0.249461D-04
     62     0.674973D-05 -0.376268D-04 -0.490910D-04 -0.458825D-04  0.690505D-04
     63    -0.561912D-04  0.479084D-05 -0.924348D-05  0.389075D-04 -0.822992D-05
     64    -0.173406D-04  0.739993D-04  0.521478D-04  0.324924D-04 -0.659303D-05
     65     0.545953D-05  0.260163D-04  0.926472D-04 -0.122365D-05 -0.488752D-05
     66    -0.395824D-04 -0.484246D-04  0.561619D-04 -0.377089D-05  0.125570D-03
     67     0.311406D-05  0.100261D-03 -0.795671D-05  0.567174D-04  0.681772D-04
     68     0.158921D-05  0.815532D-05 -0.323392D-04  0.836337D-05  0.676490D-05
     69    -0.412129D-05 -0.134490D-05 -0.743631D-06 -0.188910D-06  0.467842D-06
     70     0.169609D-03 -0.211361D-03 -0.632694D-04 -0.362921D-03 -0.279905D-03
     71    -0.576136D-04  0.155451D-03 -0.256247D-03  0.952558D-04 -0.211702D-03
     72     0.186837D-04  0.355557D-05  0.198816D-04 -0.102253D-03  0.223447D-05
     73    -0.293658D-04  0.551729D-05  0.118332D-04 -0.197779D-04  0.376598D-04
     74     0.998747D-05 -0.168557D-04 -0.491718D-05 -0.335368D-04 -0.773164D-04
     75     0.118700D-04 -0.592787D-04 -0.412042D-04  0.208077D-05  0.137750D-04
     76     0.866697D-05 -0.685269D-04  0.411723D-04 -0.956995D-04 -0.206408D-04
     77    -0.298825D-04 -0.195322D-04 -0.532056D-07  0.288981D-04  0.559655D-04
     78     0.903551D-05  0.531721D-05  0.238911D-05 -0.758783D-05 -0.257066D-06
     79     0.469726D-04 -0.267016D-04 -0.150230D-03 -0.903700D-04 -0.105327D-03
     80     0.458217D-06  0.179587D-04 -0.848470D-05  0.973850D-04  0.112013D-03
     81     0.161441D-04 -0.407308D-04  0.806275D-04 -0.430058D-04  0.667126D-04
     82    -0.450584D-04  0.165033D-04  0.475179D-06 -0.347423D-04  0.141341D-04
     83     0.231032D-04  0.756362D-06  0.158181D-04  0.282106D-04  0.280745D-04
     84    -0.149013D-04  0.486964D-05 -0.985313D-06  0.399634D-04 -0.250466D-05
     85    -0.228537D-04  0.450911D-04 -0.279902D-04  0.788226D-04 -0.890580D-04
     86     0.528353D-04 -0.162319D-04  0.108771D-04 -0.221610D-04  0.694332D-04
     87    -0.242996D-04  0.633663D-04 -0.294369D-04  0.706912D-04  0.275189D-04
     88    -0.216305D-04  0.906734D-05 -0.654197D-04  0.630555D-04  0.253051D-04
     89    -0.398386D-04  0.538404D-04  0.149917D-05  0.109502D-03  0.399488D-04
     90    -0.465802D-04  0.597608D-04 -0.366831D-04  0.118451D-03 -0.114180D-03
     91    -0.696495D-04  0.125309D-03 -0.221176D-04  0.621121D-04  0.821502D-04
     92    -0.219408D-04  0.108014D-04  0.197648D-04  0.539983D-04  0.571722D-04
     93     0.124440D-04 -0.451411D-04 -0.413202D-04 -0.187694D-04 -0.106669D-03
     94     0.137143D-04 -0.212905D-04  0.123065D-05  0.130137D-05  0.468278D-05
     95     0.157210D-05 -0.422686D-05  0.686341D-05 -0.805658D-05  0.625931D-05
     96     0.439777D-03 -0.236586D-02 -0.446704D-03 -0.339002D-02  0.383563D-03
     97    -0.867209D-03  0.847396D-03  0.440630D-03  0.143573D-02  0.204072D-02
     98    -0.141198D-02  0.234995D-03  0.402386D-03  0.106623D-02  0.468604D-02
     99     0.152495D-03 -0.353183D-03  0.702255D-03 -0.307963D-03  0.664373D-03
    100    -0.371727D-03  0.159579D-03  0.371787D-04  0.598098D-03  0.106592D-02
    101    -0.978123D-04 -0.949789D-04 -0.432376D-04  0.503813D-05  0.244789D-03
    102    -0.339779D-03  0.203923D-03  0.144465D-03  0.354755D-03  0.723212D-03
    103    -0.174447D-03  0.521104D-03  0.161826D-03  0.523301D-03  0.716649D-04
    104     0.280983D-03 -0.227613D-04 -0.208086D-03 -0.980925D-04 -0.117411D-02
    105     0.100374D-03 -0.321986D-04 -0.443087D-04 -0.147858D-03 -0.302365D-04
    106    -0.738533D-05 -0.156278D-04 -0.101778D-04  0.953617D-05 -0.403691D-04
    107    -0.211721D-03  0.313874D-03  0.348991D-03  0.511336D-03  0.373986D-03
    108     0.702499D-04 -0.438509D-05  0.250439D-04 -0.145433D-03 -0.713684D-03
    109     0.227484D-03 -0.113989D-03 -0.746167D-03 -0.304765D-03 -0.117577D-03
    110    -0.139603D-03  0.131901D-03 -0.685400D-04  0.105071D-03  0.346665D-03
    111    -0.852666D-04 -0.547468D-05  0.116929D-04 -0.352292D-04  0.173838D-03
    112     0.515429D-05 -0.782365D-04  0.120883D-04 -0.149360D-03  0.183192D-04
    113     0.116065D-03 -0.137891D-03 -0.177072D-04 -0.410982D-03 -0.265829D-03
    114     0.442515D-03 -0.547938D-04 -0.201378D-03 -0.367931D-03 -0.232133D-02
    115    -0.147340D-03 -0.358681D-03  0.259521D-04 -0.318494D-03  0.508201D-03
    116    -0.245065D-03  0.206985D-03  0.311992D-03  0.342205D-03  0.929511D-03
    117     0.220191D-03 -0.456930D-03 -0.108330D-03 -0.723000D-03 -0.947991D-04
    118     0.233221D-03 -0.248829D-03  0.218228D-04 -0.556304D-03  0.139133D-03
    119     0.210813D-03 -0.514647D-03  0.162192D-03 -0.562647D-03 -0.718946D-03
    120     0.901462D-04 -0.222806D-03  0.374388D-04 -0.286447D-03 -0.217352D-03
    121    -0.168370D-03  0.461871D-03  0.144101D-03  0.498814D-03 -0.126468D-03
    122     0.148195D-03 -0.172077D-03 -0.223203D-04 -0.364334D-03 -0.561231D-03
    123    -0.247885D-04  0.213893D-04 -0.142606D-04  0.527416D-04  0.264715D-04
    124    -0.226302D-03  0.238159D-03 -0.486901D-03  0.441481D-03 -0.841569D-03
    125     0.125413D-03 -0.221593D-03  0.353472D-03 -0.229750D-03  0.376723D-03
    126    -0.417499D-04  0.536464D-03 -0.166131D-03  0.314591D-03 -0.349505D-03
    127     0.301397D-04 -0.321620D-03  0.926129D-04 -0.211365D-03  0.235754D-03
    128    -0.194508D-04  0.244390D-03 -0.896701D-04  0.167490D-03 -0.184707D-03
    129    -0.400648D-04  0.425855D-04  0.360738D-04  0.102999D-03  0.906787D-04
    130     0.116492D-03 -0.443472D-04 -0.128469D-04 -0.124945D-03 -0.361326D-03
    131     0.368151D-03 -0.194148D-03 -0.487281D-03 -0.588396D-03 -0.301830D-02
    132     0.930726D-05 -0.265747D-03  0.611350D-04 -0.173495D-03  0.210614D-03
    133    -0.468142D-04  0.136489D-03 -0.354884D-05  0.129288D-03 -0.272720D-04
    134    -0.871596D-04 -0.711836D-05  0.898149D-04  0.629080D-04  0.540756D-03


           ESTIMATED COVARIANCE MATRIX FOR PARAMETER ESTIMATES
                 16            17            18            19            20
              ________      ________      ________      ________      ________
     16     0.202652D-01
     17    -0.102437D-01  0.118772D-01
     18    -0.369890D-02  0.252461D-02  0.104802D-01
     19     0.338760D-02 -0.171153D-02 -0.170031D-01  0.697539D-01
     20     0.404767D-03  0.764799D-04  0.556949D-04 -0.205634D-02  0.909283D-02
     21     0.434443D-04  0.124455D-03  0.977683D-05  0.151714D-03 -0.186051D-03
     22    -0.185022D-02  0.107326D-02  0.847734D-04  0.171244D-03 -0.136139D-03
     23    -0.287549D-02  0.170358D-02  0.492653D-03  0.197642D-03 -0.978169D-04
     24    -0.895188D-03  0.415126D-03  0.472648D-04  0.201871D-03 -0.489369D-03
     25    -0.104994D-02  0.368445D-03  0.925049D-04 -0.450878D-03 -0.671576D-03
     26    -0.217796D-02  0.103775D-02  0.464462D-03 -0.591582D-03 -0.862574D-04
     27     0.124859D-03 -0.637930D-04 -0.330484D-04  0.309984D-04  0.190775D-05
     28    -0.250753D-02  0.121881D-02  0.554004D-03 -0.652792D-03  0.492213D-03
     29    -0.107939D-02  0.375225D-03  0.404235D-03 -0.112488D-02  0.157642D-04
     30    -0.262562D-02  0.277538D-02 -0.784088D-03  0.298552D-02 -0.670433D-03
     31     0.180035D-03  0.297170D-03 -0.481902D-03  0.683263D-03  0.495334D-04
     32    -0.963466D-03  0.524835D-03  0.118930D-03  0.293324D-03  0.989088D-04
     33    -0.615494D-03  0.234241D-03  0.734268D-04 -0.841951D-04  0.621346D-05
     34    -0.150672D-02  0.636347D-03  0.152981D-03  0.297225D-04  0.178821D-03
     35    -0.199939D-02  0.109217D-02  0.343707D-03  0.339408D-03 -0.348944D-03
     36    -0.175252D-02  0.872877D-03  0.214719D-03  0.511470D-04 -0.111284D-04
     37    -0.353247D-02  0.178418D-02  0.877534D-03 -0.183367D-02  0.315586D-03
     38    -0.147314D-02  0.888227D-03  0.300737D-03  0.283045D-04  0.800353D-04
     39    -0.496953D-03  0.168496D-03  0.199791D-03 -0.382145D-03 -0.194900D-04
     40    -0.307598D-03  0.163352D-03  0.170313D-04 -0.381919D-03  0.956454D-04
     41    -0.142307D-02  0.760883D-03  0.307728D-03 -0.522037D-03  0.212121D-03
     42    -0.280835D-02  0.152575D-02  0.684855D-03 -0.796785D-03  0.169415D-03
     43    -0.133469D-03 -0.547745D-04  0.641395D-04 -0.108597D-03 -0.216784D-03
     44    -0.547442D-04  0.515743D-04 -0.105541D-04  0.967940D-04 -0.640161D-05
     45    -0.136991D-03 -0.132044D-03 -0.138415D-03  0.143812D-02 -0.692376D-02
     46     0.689478D-04 -0.832687D-04 -0.109450D-04  0.410568D-04 -0.233543D-05
     47     0.874938D-03 -0.725001D-03 -0.606359D-04  0.205970D-04 -0.307961D-04
     48     0.170792D-02 -0.188079D-02 -0.399368D-03  0.324313D-04  0.565968D-04
     49     0.579474D-03 -0.505376D-03 -0.109032D-04 -0.605102D-04  0.145944D-03
     50     0.395978D-03 -0.215421D-03  0.293167D-04  0.163600D-03  0.117024D-03
     51     0.105608D-02 -0.117794D-02 -0.298384D-03  0.367731D-03 -0.211134D-04
     52    -0.605117D-04  0.642436D-04  0.133120D-04 -0.247690D-04  0.367201D-05
     53     0.118988D-02 -0.132154D-02 -0.320193D-03  0.243558D-03 -0.610422D-04
     54     0.507363D-03 -0.924406D-03 -0.436404D-03  0.106145D-02  0.334404D-04
     55     0.157650D-02 -0.947108D-03  0.670180D-03 -0.229565D-02 -0.201096D-04
     56     0.178831D-04 -0.439425D-04  0.532338D-04 -0.185340D-03  0.134563D-04
     57     0.494293D-03 -0.563367D-03 -0.574675D-04 -0.185130D-03 -0.652974D-04
     58     0.294955D-03 -0.440769D-03  0.892923D-05 -0.150521D-03  0.950410D-05
     59     0.665942D-03 -0.816221D-03 -0.109605D-03 -0.401575D-04 -0.276433D-04
     60     0.106851D-02 -0.119369D-02 -0.283314D-03  0.720726D-04  0.828396D-04
     61     0.974625D-03 -0.108902D-02 -0.212686D-03 -0.218831D-03  0.420158D-04
     62     0.181157D-02 -0.197076D-02 -0.677016D-03  0.103453D-02 -0.360267D-04
     63     0.820264D-03 -0.902086D-03 -0.155594D-03 -0.251026D-03 -0.102547D-03
     64     0.256556D-03 -0.387662D-03 -0.670934D-04  0.708416D-04  0.121796D-03
     65     0.909551D-04 -0.388150D-03 -0.594983D-04  0.106279D-03 -0.101127D-03
     66     0.615594D-03 -0.735215D-03 -0.211310D-03  0.916648D-04 -0.119882D-03
     67     0.152525D-02 -0.216085D-02 -0.466770D-03  0.596690D-03  0.587297D-04
     68     0.285387D-04 -0.740827D-04  0.139701D-04  0.277219D-04  0.349511D-04
     69     0.328332D-04 -0.278577D-04 -0.280890D-05 -0.498790D-04 -0.850713D-05
     70     0.257620D-02 -0.167909D-02  0.365502D-02 -0.226280D-01 -0.397342D-04
     71     0.347547D-03 -0.313542D-03  0.560926D-03 -0.377927D-02  0.160210D-03
     72     0.378601D-03 -0.282077D-03  0.320619D-03 -0.274799D-02 -0.740152D-04
     73     0.648374D-04 -0.796067D-04 -0.730693D-03  0.224341D-02 -0.206648D-03
     74     0.800583D-03 -0.535638D-03 -0.125563D-02  0.128306D-02 -0.108194D-03
     75     0.214846D-03 -0.571701D-04 -0.336294D-04 -0.577083D-03 -0.167591D-03
     76     0.206731D-03 -0.115243D-03  0.121804D-03 -0.106204D-02 -0.270999D-03
     77     0.465415D-03 -0.288498D-03 -0.104431D-02  0.160880D-02  0.424861D-04
     78    -0.366935D-04  0.108029D-04  0.464337D-04 -0.376333D-04 -0.411945D-04
     79     0.134022D-02 -0.821564D-03 -0.348576D-03 -0.447624D-02  0.594922D-03
     80    -0.547313D-04 -0.648485D-04 -0.158387D-02  0.389541D-02  0.163287D-03
     81    -0.926207D-04  0.126237D-03  0.125770D-02 -0.425759D-02 -0.137376D-03
     82    -0.345594D-03  0.667004D-04  0.428364D-03 -0.176787D-02 -0.486123D-04
     83     0.160034D-03 -0.912424D-04 -0.619767D-03  0.124604D-02 -0.143998D-04
     84     0.250581D-04  0.623742D-04 -0.344613D-03  0.109767D-02  0.141192D-04
     85     0.158044D-03 -0.907648D-04 -0.675197D-03  0.100224D-02  0.273001D-03
     86     0.372595D-03 -0.316520D-03 -0.107307D-02  0.130548D-02 -0.196483D-03
     87    -0.210960D-03  0.299470D-04 -0.134163D-02  0.474206D-02  0.178922D-03
     88     0.501279D-03 -0.442078D-03 -0.248101D-02  0.492551D-02  0.197375D-03
     89    -0.149470D-03  0.636056D-04 -0.954736D-03  0.474864D-02  0.169723D-03
     90     0.185970D-03 -0.203540D-04 -0.445538D-03  0.111930D-02  0.425894D-03
     91    -0.554904D-03  0.282359D-03 -0.150551D-02  0.615110D-02 -0.721977D-04
     92    -0.154184D-04 -0.769569D-04 -0.110635D-02  0.399234D-02 -0.205874D-05
     93     0.962182D-03 -0.515706D-03 -0.138514D-02 -0.329072D-04 -0.473079D-04
     94     0.333181D-04  0.699920D-04 -0.161486D-03  0.772152D-03  0.192038D-05
     95     0.491376D-05 -0.107524D-04 -0.969930D-06 -0.394451D-04 -0.235092D-04
     96     0.618297D-02 -0.401713D-02  0.120810D-01 -0.102490D+00  0.367033D-02
     97    -0.305419D-02  0.204979D-02 -0.642500D-02  0.398416D-01  0.222474D-02
     98     0.117918D-03 -0.233739D-03 -0.886200D-03 -0.129613D-01  0.551561D-02
     99    -0.569762D-03  0.421609D-03 -0.806323D-03  0.689469D-02 -0.220808D-02
    100    -0.601290D-03  0.541864D-03 -0.941814D-03  0.454408D-02  0.123017D-02
    101    -0.199880D-03  0.212597D-03  0.103694D-02 -0.752404D-02  0.804976D-03
    102    -0.130460D-02  0.742538D-03  0.111708D-02 -0.230764D-02  0.107478D-02
    103    -0.878137D-03  0.357465D-03 -0.160774D-02  0.123942D-01  0.437917D-03
    104    -0.264754D-03  0.116713D-03  0.349987D-03  0.235850D-02 -0.429401D-03
    105    -0.465530D-03  0.191794D-03  0.180621D-02 -0.774728D-02  0.817935D-04
    106     0.390833D-04 -0.180050D-04 -0.652445D-04  0.305464D-03  0.311983D-04
    107    -0.219046D-02  0.126074D-02 -0.556127D-03  0.139248D-01 -0.118520D-02
    108     0.105218D-03  0.694819D-04  0.173119D-02 -0.345337D-02 -0.109772D-02
    109     0.102642D-02 -0.488008D-03 -0.793340D-03 -0.223182D-02  0.409008D-03
    110     0.813605D-03 -0.418916D-03 -0.814069D-03  0.163649D-02  0.810026D-03
    111    -0.160449D-03  0.108976D-03  0.865698D-03 -0.328794D-02  0.254880D-03
    112     0.865563D-04 -0.249034D-03  0.696968D-03 -0.455133D-02  0.112845D-03
    113     0.173683D-03 -0.307985D-05  0.111276D-02 -0.402387D-02 -0.103442D-02
    114    -0.138896D-03  0.231492D-03  0.151571D-02  0.446058D-02 -0.223138D-02
    115     0.102220D-02 -0.559153D-03  0.261774D-02 -0.172043D-01  0.170843D-03
    116    -0.101619D-02  0.759145D-03  0.264940D-02 -0.799069D-02  0.297439D-03
    117     0.750220D-03 -0.436452D-03  0.292562D-02 -0.200368D-01 -0.262249D-03
    118     0.349785D-04 -0.190245D-03  0.138256D-02 -0.714746D-02 -0.136473D-02
    119     0.918641D-03 -0.588173D-03  0.332569D-02 -0.194850D-01 -0.185056D-03
    120     0.655631D-04 -0.270887D-04  0.244138D-02 -0.138166D-01  0.116627D-03
    121    -0.218758D-02  0.103595D-02  0.833064D-04  0.110735D-01 -0.127674D-03
    122     0.179534D-03 -0.280646D-03  0.107893D-02 -0.580678D-02 -0.484466D-03
    123    -0.516554D-04  0.274489D-04 -0.679957D-04  0.455228D-03  0.981088D-04
    124     0.222117D-03 -0.318892D-04  0.103593D-03 -0.165952D-02  0.700682D-02
    125    -0.169789D-03  0.417805D-04 -0.876547D-04  0.173420D-02 -0.224258D-02
    126     0.177901D-02 -0.121460D-02  0.125886D-02 -0.727963D-02 -0.242483D-03
    127    -0.137507D-02  0.112456D-02 -0.119363D-02  0.659082D-02  0.354850D-03
    128     0.110949D-02 -0.106698D-02  0.103850D-02 -0.546911D-02 -0.306595D-03
    129    -0.607409D-03  0.417405D-03 -0.823606D-03  0.571787D-02 -0.180196D-03
    130     0.155880D-03 -0.104324D-03  0.282212D-03 -0.235068D-03 -0.474191D-03
    131    -0.878205D-04  0.130355D-03  0.829506D-03  0.153386D-02 -0.172841D-02
    132    -0.905574D-03  0.797200D-03 -0.107341D-02  0.557359D-02  0.365072D-03
    133    -0.153294D-03  0.552671D-04 -0.250296D-03  0.250418D-02 -0.136405D-03
    134     0.665470D-05 -0.214435D-04  0.182691D-03 -0.248343D-02  0.464707D-03


           ESTIMATED COVARIANCE MATRIX FOR PARAMETER ESTIMATES
                 21            22            23            24            25
              ________      ________      ________      ________      ________
     21     0.169994D-02
     22    -0.441705D-03  0.356222D-02
     23     0.311640D-03 -0.187550D-03  0.350605D-02
     24    -0.940210D-04 -0.146567D-03  0.852749D-04  0.296764D-02
     25    -0.243625D-03  0.334074D-03  0.222219D-04  0.125416D-02  0.442050D-02
     26    -0.354901D-04  0.239997D-03  0.495122D-04 -0.135614D-03 -0.102704D-04
     27     0.101443D-04 -0.231940D-04  0.200409D-04  0.974575D-06 -0.107362D-04
     28    -0.983662D-05  0.338470D-03  0.720077D-03 -0.118031D-03 -0.858254D-04
     29     0.128275D-03 -0.632802D-03 -0.472001D-03  0.397968D-03  0.184350D-03
     30     0.943058D-03  0.238921D-02  0.103561D-02 -0.103637D-02 -0.835435D-03
     31    -0.200444D-03  0.309771D-03 -0.276868D-03  0.343915D-03  0.195575D-03
     32    -0.734880D-05  0.491452D-04  0.140737D-03 -0.691021D-04 -0.174901D-03
     33    -0.274880D-03 -0.101027D-03 -0.149795D-03  0.115149D-03  0.195822D-03
     34    -0.199514D-03  0.376248D-03 -0.307259D-03 -0.398329D-03 -0.235243D-03
     35     0.115436D-03  0.382893D-03  0.170615D-05  0.121351D-03  0.287104D-03
     36    -0.196950D-03  0.690665D-04  0.134452D-03  0.123313D-03  0.264778D-03
     37    -0.308473D-03 -0.156037D-03 -0.185982D-03  0.103456D-04  0.184522D-03
     38     0.145156D-03 -0.450994D-05  0.385019D-03  0.369473D-05  0.262830D-03
     39    -0.788462D-04 -0.378049D-03  0.152163D-04  0.303916D-04 -0.345629D-03
     40    -0.297931D-03  0.123379D-03 -0.755419D-03  0.281130D-03 -0.155078D-03
     41     0.135685D-04  0.435472D-03 -0.223203D-03  0.204169D-04 -0.463072D-04
     42    -0.240427D-03  0.195566D-03  0.152936D-02  0.179498D-03 -0.389166D-03
     43     0.709883D-04 -0.120311D-03  0.798108D-04  0.154979D-03 -0.638118D-04
     44     0.229333D-04  0.457784D-04 -0.383844D-06 -0.120740D-04 -0.128191D-04
     45     0.127115D-03  0.880883D-04  0.291823D-04  0.356141D-03  0.486136D-03
     46    -0.861302D-03  0.246510D-03 -0.194570D-03  0.262845D-04  0.152261D-03
     47     0.230200D-03 -0.195486D-02  0.165397D-03  0.934570D-04 -0.166330D-03
     48    -0.168139D-03  0.129336D-03 -0.195187D-02 -0.103328D-03 -0.409801D-04
     49     0.720680D-04  0.122299D-03 -0.109897D-03 -0.165222D-02 -0.669875D-03
     50     0.119266D-03 -0.182310D-03 -0.311492D-04 -0.684359D-03 -0.230157D-02
     51     0.651535D-05 -0.128948D-03 -0.335609D-04  0.812596D-04  0.460944D-04
     52    -0.901015D-05  0.859643D-05 -0.435929D-05 -0.292436D-05 -0.379118D-05
     53    -0.605693D-05 -0.830622D-04 -0.494178D-03  0.955552D-04  0.234927D-04
     54    -0.105079D-03  0.297749D-03  0.304042D-03 -0.197991D-03 -0.302313D-04
     55    -0.305100D-03 -0.116958D-02 -0.395679D-03  0.602243D-03  0.455968D-03
     56     0.757106D-04 -0.152768D-03  0.209915D-03 -0.131040D-03 -0.732791D-04
     57     0.133055D-04 -0.319565D-04 -0.736675D-04  0.355045D-04  0.113222D-03
     58     0.157862D-03  0.384880D-04  0.694921D-04 -0.549497D-04 -0.124527D-03
     59     0.990443D-04 -0.286935D-03  0.155265D-03  0.251031D-03  0.210290D-03
     60    -0.820681D-04 -0.145245D-03 -0.659831D-04 -0.780671D-04 -0.198869D-03
     61     0.786444D-04 -0.807810D-04 -0.159777D-03 -0.669920D-04 -0.287472D-03
     62     0.136674D-03  0.826326D-04  0.726436D-04 -0.546873D-04  0.126198D-04
     63    -0.122864D-03  0.548484D-05 -0.280080D-03  0.408292D-04 -0.168979D-03
     64     0.509260D-05  0.103444D-03  0.226317D-04  0.103674D-04  0.129907D-03
     65     0.109208D-03 -0.171102D-03  0.545888D-03 -0.107406D-03  0.491334D-04
     66    -0.211634D-04 -0.278606D-03  0.114215D-03  0.507281D-04  0.153227D-04
     67     0.156795D-03  0.652912D-05 -0.925410D-03 -0.166990D-03  0.268259D-03
     68    -0.329933D-04  0.261196D-04 -0.273020D-04 -0.478049D-04  0.310182D-04
     69    -0.127503D-04 -0.149267D-04 -0.396047D-05  0.291141D-05  0.114906D-04
     70    -0.122458D-03 -0.104424D-02 -0.116964D-02 -0.333881D-05  0.832514D-04
     71    -0.227018D-04 -0.250782D-03 -0.190619D-03 -0.365934D-04 -0.371457D-04
     72    -0.339101D-03 -0.872503D-04 -0.225586D-03 -0.185598D-04  0.570792D-04
     73     0.129696D-03 -0.570123D-03  0.170419D-03  0.639362D-04 -0.663097D-04
     74    -0.657528D-04  0.400949D-04 -0.838146D-03  0.829534D-05 -0.264516D-04
     75     0.636099D-05  0.697702D-05 -0.364870D-04 -0.635658D-03 -0.273462D-03
     76     0.255553D-04 -0.154513D-03 -0.825603D-04 -0.282686D-03 -0.860328D-03
     77     0.150726D-05 -0.403884D-04 -0.541423D-05  0.485808D-04  0.439413D-04
     78    -0.271120D-05  0.967692D-05  0.197588D-05  0.577141D-05  0.282050D-05
     79    -0.199682D-04 -0.309081D-03 -0.548719D-03  0.480776D-04 -0.224339D-04
     80    -0.457268D-04  0.116827D-03  0.248064D-03 -0.254439D-04 -0.431019D-05
     81    -0.134166D-04 -0.354835D-03 -0.494661D-04  0.215700D-03  0.488985D-03
     82    -0.225531D-04 -0.890300D-04  0.279573D-04 -0.644784D-04 -0.637810D-04
     83     0.186184D-04  0.187415D-04  0.223885D-04  0.134673D-04  0.437179D-05
     84     0.543181D-04  0.356907D-04  0.470523D-04 -0.329015D-04 -0.198450D-04
     85     0.688582D-04 -0.129968D-04  0.152768D-03  0.108175D-03  0.106955D-03
     86    -0.380251D-05 -0.426889D-04 -0.781345D-04 -0.379722D-04 -0.984196D-05
     87     0.139962D-04  0.195858D-03  0.131730D-03 -0.471983D-04 -0.112224D-03
     88     0.112211D-03  0.135091D-03  0.591118D-04 -0.152494D-04 -0.149857D-04
     89    -0.106916D-04  0.269042D-03  0.908146D-04 -0.105120D-03 -0.198589D-03
     90     0.202385D-04  0.699943D-04  0.397331D-04 -0.273620D-04  0.546880D-04
     91     0.701058D-04  0.205102D-03  0.508235D-03 -0.268327D-04  0.494843D-04
     92    -0.309916D-04  0.221182D-04  0.259389D-03  0.232674D-04 -0.102514D-03
     93    -0.314103D-04 -0.553907D-04 -0.579530D-03 -0.264245D-04  0.180557D-03
     94    -0.248682D-04  0.565805D-04  0.120460D-04 -0.739529D-04 -0.353749D-04
     95    -0.675212D-05 -0.963903D-05  0.779929D-06  0.812705D-05  0.928335D-05
     96    -0.997399D-04 -0.186623D-02 -0.329425D-02 -0.557205D-03  0.537037D-03
     97     0.173292D-03  0.920348D-03  0.175112D-02 -0.299661D-03 -0.196023D-03
     98     0.176321D-04 -0.157723D-03  0.170264D-03 -0.592790D-03  0.455154D-03
     99     0.628030D-04  0.426742D-03  0.321699D-03  0.169058D-03  0.124447D-03
    100     0.533466D-03  0.849562D-04  0.422786D-03 -0.198700D-03 -0.704149D-04
    101    -0.270428D-03  0.904937D-03 -0.269094D-03 -0.626935D-04  0.183452D-03
    102     0.857429D-04 -0.142307D-04  0.141287D-02 -0.124155D-03  0.188927D-03
    103    -0.295948D-04  0.162134D-03  0.462794D-03  0.950623D-03  0.327860D-03
    104    -0.711161D-04  0.143358D-03  0.127296D-03  0.539856D-03  0.128038D-02
    105    -0.297989D-04  0.284648D-04 -0.140160D-03 -0.116665D-03 -0.403571D-04
    106     0.364504D-05 -0.193390D-04  0.993532D-05 -0.630586D-05 -0.811478D-05
    107     0.146989D-03  0.533184D-03  0.105331D-02 -0.165083D-03 -0.214570D-04
    108    -0.171584D-04 -0.111777D-04 -0.529553D-03  0.390835D-04  0.844474D-05
    109     0.192023D-04  0.323571D-03 -0.404649D-03 -0.489401D-03 -0.592837D-03
    110    -0.737209D-05  0.102272D-03 -0.731310D-04 -0.308247D-04  0.118014D-04
    111    -0.278993D-04 -0.521618D-04 -0.226718D-04 -0.598788D-04 -0.464029D-04
    112    -0.105257D-03 -0.499654D-04 -0.156247D-03  0.920576D-04  0.792330D-04
    113    -0.115148D-03 -0.337564D-04 -0.263434D-03 -0.123513D-03 -0.233294D-03
    114     0.318867D-04  0.167922D-03 -0.116399D-03  0.466365D-03 -0.129222D-03
    115     0.147176D-04 -0.287224D-03 -0.481780D-03  0.103640D-03  0.386492D-03
    116    -0.962194D-04 -0.494632D-04  0.187520D-03 -0.639315D-04  0.427398D-04
    117    -0.735041D-05 -0.492068D-03 -0.425187D-03  0.134658D-03  0.391505D-03
    118    -0.438068D-04 -0.137503D-03 -0.269772D-03  0.935120D-04 -0.522171D-04
    119    -0.174644D-03 -0.367833D-03 -0.111981D-02  0.165134D-03 -0.584278D-04
    120     0.884093D-04  0.131440D-04 -0.582037D-03 -0.982609D-07  0.205283D-03
    121    -0.725947D-04  0.364569D-03  0.111523D-02  0.113627D-03 -0.881643D-04
    122     0.458572D-04 -0.156506D-03 -0.254414D-03  0.163293D-03 -0.390490D-04
    123     0.131547D-04  0.305159D-04  0.153125D-04 -0.226787D-04 -0.143671D-04
    124    -0.136397D-03 -0.142964D-03  0.345897D-05 -0.374855D-03 -0.460199D-03
    125     0.225815D-04  0.194879D-03  0.590629D-04  0.164389D-03  0.193665D-03
    126     0.161733D-04 -0.533025D-03 -0.892415D-03 -0.108673D-03  0.102742D-02
    127     0.635255D-04  0.698536D-03  0.727070D-03 -0.123884D-03 -0.807793D-03
    128    -0.381965D-04 -0.602191D-03 -0.621436D-03  0.127998D-03  0.628328D-03
    129     0.517118D-05  0.233309D-03  0.279897D-03  0.406173D-04 -0.383442D-04
    130    -0.129576D-04 -0.494787D-04 -0.965961D-04  0.448217D-04 -0.866808D-04
    131     0.556532D-04  0.100925D-03 -0.189441D-03  0.250812D-03 -0.234237D-05
    132     0.220215D-04  0.513217D-03  0.922912D-03 -0.204701D-03 -0.525368D-03
    133     0.405740D-04 -0.244020D-04  0.890921D-04  0.327965D-04  0.208692D-03
    134    -0.495649D-05 -0.268940D-04  0.869476D-05 -0.694974D-04  0.137682D-04


           ESTIMATED COVARIANCE MATRIX FOR PARAMETER ESTIMATES
                 26            27            28            29            30
              ________      ________      ________      ________      ________
     26     0.816384D-03
     27    -0.110134D-03  0.425038D-04
     28     0.448599D-03 -0.275872D-04  0.474726D-02
     29     0.152378D-03  0.455863D-06  0.574251D-03  0.734043D-02
     30     0.445043D-03  0.677712D-05  0.962672D-03 -0.113355D-02  0.102664D+00
     31    -0.363696D-03 -0.559783D-04 -0.257173D-03  0.198020D-03  0.162106D-02
     32     0.314278D-04 -0.146551D-04  0.331178D-04 -0.849839D-04  0.507327D-03
     33     0.468389D-04 -0.903863D-06 -0.119855D-03 -0.397408D-04 -0.768020D-03
     34     0.168583D-03 -0.125048D-04 -0.194174D-03  0.295514D-03  0.768817D-03
     35     0.366130D-04 -0.742464D-05 -0.854013D-04 -0.848362D-05  0.722745D-03
     36     0.283587D-04 -0.100517D-04  0.573472D-04 -0.347706D-05 -0.162677D-03
     37     0.380862D-04 -0.136472D-04 -0.986111D-04  0.280072D-03 -0.736844D-03
     38     0.249825D-05  0.251638D-05  0.682395D-03 -0.221688D-03  0.131167D-02
     39    -0.161861D-04 -0.251114D-04  0.111020D-03  0.100880D-03 -0.381225D-03
     40     0.125481D-03 -0.107630D-05 -0.532013D-03  0.117591D-03 -0.920624D-03
     41     0.238799D-03 -0.253897D-04  0.923164D-04 -0.421676D-03  0.920528D-04
     42    -0.216892D-03 -0.419789D-05  0.375669D-03  0.229290D-03 -0.152592D-02
     43    -0.383481D-05 -0.618663D-05 -0.952533D-04  0.138500D-04 -0.789363D-03
     44     0.107575D-04 -0.127040D-05  0.330575D-04 -0.821901D-04  0.123989D-03
     45     0.245666D-04 -0.124695D-06 -0.391433D-03  0.254671D-04  0.270903D-03
     46     0.256617D-04 -0.665897D-05 -0.128137D-04 -0.110980D-03 -0.299962D-03
     47    -0.118366D-03  0.114343D-04 -0.962224D-04  0.262391D-03 -0.133126D-02
     48    -0.430610D-04 -0.464405D-05 -0.471006D-03  0.219034D-03 -0.526245D-03
     49     0.503797D-04 -0.389381D-05  0.169770D-03 -0.247061D-03  0.900350D-03
     50     0.403809D-04 -0.184708D-05  0.198907D-04  0.380628D-04  0.172156D-03
     51    -0.380436D-03  0.485013D-04 -0.208367D-03 -0.853427D-04 -0.269051D-03
     52     0.488077D-04 -0.188074D-04  0.530401D-05 -0.219743D-05 -0.372181D-04
     53    -0.209743D-03  0.454966D-05 -0.261492D-02 -0.330286D-03 -0.474247D-03
     54    -0.103247D-03 -0.314541D-05 -0.231421D-03 -0.371949D-02  0.630249D-03
     55    -0.201034D-03  0.169375D-06 -0.645395D-03  0.608499D-03 -0.271559D-01
     56     0.156762D-03  0.341574D-04  0.167849D-03 -0.170495D-03 -0.769238D-03
     57    -0.242004D-04  0.903252D-05 -0.337798D-05  0.695935D-04 -0.361594D-03
     58    -0.278230D-04  0.295964D-05  0.674336D-04  0.113758D-03  0.308121D-03
     59    -0.897943D-04  0.982176D-05  0.164130D-03 -0.723361D-04 -0.613092D-03
     60     0.628423D-06 -0.180627D-05  0.805422D-04  0.113738D-04 -0.484445D-03
     61    -0.224402D-04  0.109898D-04 -0.922617D-04  0.137788D-03 -0.292582D-03
     62    -0.277096D-04  0.243128D-05  0.116703D-03 -0.202367D-03  0.442394D-03
     63     0.263656D-04 -0.168390D-05 -0.354474D-03  0.141746D-03 -0.114131D-02
     64     0.389524D-04  0.904265D-05 -0.403912D-05 -0.349662D-04  0.169239D-04
     65    -0.705632D-04  0.797635D-05  0.190317D-03 -0.788947D-04  0.297536D-03
     66    -0.946984D-04  0.140866D-04 -0.275607D-04  0.331883D-03 -0.200667D-03
     67     0.102495D-03  0.503273D-05 -0.161847D-03 -0.146908D-03  0.118093D-02
     68     0.129403D-04  0.114289D-05  0.404709D-04  0.778812D-06  0.252764D-03
     69    -0.421392D-05  0.203257D-06 -0.102617D-04  0.341987D-04 -0.583987D-04
     70    -0.218467D-03  0.560532D-04 -0.825433D-03  0.134822D-02 -0.369363D-02
     71     0.235729D-05 -0.627303D-05  0.159158D-04  0.327250D-03 -0.573604D-03
     72    -0.220928D-04  0.430039D-05 -0.153496D-03  0.120862D-03 -0.629892D-03
     73    -0.441714D-04  0.777967D-05  0.193533D-04 -0.435803D-04  0.721484D-05
     74    -0.278486D-04  0.377937D-05 -0.233498D-03  0.107822D-03  0.801147D-04
     75     0.260515D-04  0.825340D-05  0.390669D-04  0.238573D-04  0.209661D-03
     76     0.359340D-04  0.865550D-05 -0.101007D-03  0.146728D-03  0.508359D-04
     77    -0.166438D-03  0.224469D-04 -0.103156D-03 -0.742322D-04  0.315764D-04
     78     0.218901D-04 -0.787495D-05  0.152583D-04 -0.469985D-05  0.193765D-04
     79    -0.160406D-03  0.286697D-04 -0.112967D-02  0.224065D-03 -0.963078D-03
     80    -0.476281D-04 -0.842151D-05 -0.351347D-04 -0.151577D-02  0.581115D-03
     81    -0.561490D-05  0.354218D-04 -0.127540D-03  0.451706D-03 -0.115611D-01
     82     0.101122D-03  0.220656D-04  0.114919D-03  0.814181D-04 -0.311637D-03
     83    -0.136073D-04  0.480381D-05  0.328781D-06  0.121577D-04  0.360084D-04
     84    -0.860206D-05 -0.137946D-05  0.487329D-04  0.136395D-04  0.178772D-03
     85    -0.497619D-04  0.191367D-05  0.747980D-04 -0.123926D-03 -0.892155D-04
     86     0.613579D-05 -0.363542D-05 -0.400876D-04  0.934337D-04  0.158668D-04
     87     0.462506D-04 -0.134351D-04  0.150634D-03 -0.173704D-03  0.549811D-03
     88    -0.192575D-05 -0.289257D-05  0.100618D-04 -0.125749D-03  0.474628D-03
     89     0.737387D-04 -0.119027D-04  0.720295D-05 -0.190051D-03  0.588672D-03
     90    -0.335422D-05 -0.323876D-05  0.105411D-04 -0.957123D-04  0.162493D-03
     91     0.318068D-04 -0.148967D-04  0.290266D-03 -0.263350D-03  0.836792D-03
     92    -0.198886D-04 -0.853777D-05  0.459302D-04 -0.918327D-04  0.286039D-03
     93    -0.222076D-04  0.919082D-05 -0.167131D-03  0.132510D-04  0.128514D-03
     94    -0.147971D-04  0.472330D-05 -0.214141D-04 -0.940616D-05  0.304350D-03
     95     0.226048D-06 -0.450425D-06 -0.758681D-05  0.162751D-04 -0.184865D-04
     96    -0.303970D-03  0.114092D-03 -0.149087D-02  0.252021D-02 -0.869487D-02
     97     0.170379D-03 -0.102986D-03  0.124985D-02 -0.160342D-02  0.503763D-02
     98    -0.477251D-04 -0.790668D-04  0.104244D-02  0.422588D-04 -0.417644D-03
     99     0.851697D-06  0.132556D-04 -0.191311D-03 -0.523206D-03  0.902900D-03
    100     0.384081D-04 -0.351997D-04  0.504873D-03 -0.245407D-03  0.124127D-02
    101     0.664555D-04 -0.177992D-04  0.120355D-03  0.927310D-04 -0.198937D-03
    102     0.204572D-04 -0.160637D-04  0.604405D-03 -0.448033D-03  0.482900D-03
    103    -0.424590D-04 -0.359145D-04  0.134175D-03 -0.386536D-03  0.653709D-03
    104    -0.636859D-04  0.153462D-04 -0.143045D-03 -0.125463D-03 -0.296539D-03
    105     0.231319D-03 -0.205627D-04  0.166130D-03  0.219589D-03 -0.416326D-03
    106    -0.235965D-04  0.889590D-05 -0.280172D-04 -0.872386D-06  0.112548D-04
    107     0.269919D-03 -0.488751D-04  0.175162D-02 -0.451381D-03  0.200622D-02
    108     0.102526D-03  0.118946D-04 -0.390014D-04  0.298877D-02 -0.592919D-03
    109    -0.516607D-04 -0.301525D-04 -0.761207D-04 -0.524408D-03  0.376334D-01
    110    -0.224329D-03 -0.173390D-04 -0.268722D-03 -0.572647D-04  0.686853D-03
    111     0.196836D-04 -0.118184D-04  0.299055D-04 -0.239618D-04 -0.158679D-04
    112     0.297283D-05  0.466133D-05 -0.134793D-03  0.509009D-04 -0.540151D-03
    113     0.536462D-04  0.612488D-05 -0.267446D-03  0.428091D-03 -0.118747D-03
    114    -0.712508D-04  0.367427D-04 -0.478209D-03 -0.355402D-03  0.655962D-03
    115    -0.128485D-03  0.175197D-04 -0.256153D-03  0.865700D-04 -0.124324D-02
    116    -0.477185D-05 -0.159584D-04  0.263301D-03  0.448322D-04  0.224033D-04
    117    -0.141538D-03  0.350315D-04 -0.130900D-03  0.377052D-03 -0.156130D-02
    118    -0.578251D-05  0.214041D-04 -0.183041D-03  0.332721D-03 -0.697969D-03
    119     0.287304D-05  0.295592D-04 -0.661511D-03  0.847889D-03 -0.212816D-02
    120     0.578634D-04  0.168809D-04 -0.443139D-04  0.186218D-03 -0.937483D-03
    121     0.776424D-04 -0.296742D-04  0.246335D-03 -0.253602D-03  0.942975D-03
    122     0.222151D-04  0.478027D-05 -0.129553D-03  0.155842D-03 -0.110248D-02
    123     0.270832D-05 -0.105954D-05  0.442963D-04 -0.441571D-04  0.808146D-04
    124    -0.231195D-04 -0.613992D-05  0.403413D-03 -0.111116D-03 -0.354988D-03
    125    -0.812882D-07  0.104562D-04 -0.143572D-03 -0.170576D-03  0.167324D-03
    126    -0.316167D-03  0.635058D-04 -0.596055D-03  0.102101D-02 -0.150715D-02
    127     0.229932D-03 -0.542333D-04  0.645136D-03 -0.119603D-02  0.251274D-02
    128    -0.186021D-03  0.442961D-04 -0.513875D-03  0.102306D-02 -0.215846D-02
    129     0.564147D-04 -0.136521D-04  0.173437D-03 -0.289243D-03  0.680620D-03
    130    -0.172817D-05  0.110526D-04 -0.152835D-03  0.407455D-04 -0.170577D-03
    131     0.252013D-04  0.284881D-04 -0.385164D-03  0.112125D-03 -0.144259D-03
    132     0.136064D-03 -0.432098D-04  0.806681D-03 -0.123371D-02  0.192816D-02
    133    -0.242920D-04  0.425079D-05  0.328115D-04  0.137490D-03  0.116848D-04
    134     0.564407D-05 -0.494233D-05  0.860147D-04  0.713869D-04 -0.983928D-04


           ESTIMATED COVARIANCE MATRIX FOR PARAMETER ESTIMATES
                 31            32            33            34            35
              ________      ________      ________      ________      ________
     31     0.662590D-02
     32    -0.304027D-04  0.533499D-03
     33    -0.318069D-03 -0.798200D-04  0.543145D-03
     34    -0.147148D-03  0.376825D-04  0.266389D-03  0.303390D-02
     35    -0.774616D-04 -0.983360D-04  0.418605D-04  0.279308D-04  0.363571D-02
     36    -0.143464D-03 -0.151644D-03  0.550228D-04 -0.716259D-04  0.198161D-02
     37     0.145317D-02 -0.113960D-03 -0.948691D-04  0.406208D-03 -0.460135D-04
     38    -0.360018D-04  0.123426D-03  0.733026D-04  0.292848D-04  0.847442D-04
     39     0.606161D-04 -0.194540D-04  0.156711D-03 -0.777065D-04 -0.195612D-03
     40    -0.106185D-03 -0.142667D-03  0.131081D-03 -0.878824D-04 -0.101849D-03
     41    -0.269128D-03  0.638231D-04  0.599938D-04 -0.161130D-03  0.820813D-05
     42     0.495961D-03  0.745683D-04  0.456509D-03 -0.813048D-03 -0.242766D-03
     43    -0.450182D-03 -0.157391D-04  0.254552D-04 -0.698038D-04 -0.236645D-03
     44     0.157572D-04  0.674757D-05 -0.280103D-04 -0.771779D-04  0.696672D-05
     45    -0.187297D-05 -0.752382D-04 -0.130601D-04 -0.146186D-03  0.197629D-03
     46     0.101781D-03 -0.423803D-05  0.154407D-03  0.114354D-03 -0.574550D-04
     47    -0.162270D-03 -0.310632D-04  0.707575D-04 -0.260839D-03 -0.163651D-03
     48     0.189878D-03 -0.570947D-04  0.845964D-04  0.168542D-03 -0.569738D-04
     49    -0.577768D-04  0.683265D-04 -0.817510D-04  0.251548D-03 -0.367626D-04
     50    -0.431284D-04  0.113719D-03 -0.118418D-03  0.219866D-03 -0.214390D-03
     51     0.139651D-03 -0.255070D-04 -0.257325D-04 -0.810816D-04 -0.153497D-04
     52     0.296656D-04  0.793032D-05  0.355674D-05  0.956331D-05  0.563538D-07
     53     0.175810D-03  0.115453D-04  0.730576D-04  0.186482D-03  0.468136D-04
     54    -0.180265D-03  0.942196D-04  0.933217D-04 -0.115407D-03 -0.717087D-04
     55    -0.530288D-03 -0.413362D-03  0.328946D-03 -0.472352D-03 -0.385802D-03
     56    -0.280035D-02  0.445506D-06  0.120818D-03 -0.216204D-05  0.444045D-04
     57    -0.275384D-05 -0.267609D-03  0.445418D-04 -0.256733D-04  0.102491D-04
     58     0.946478D-04  0.392162D-04 -0.311934D-03 -0.112770D-03  0.133208D-04
     59     0.344418D-04 -0.279655D-04 -0.119913D-03 -0.168743D-02 -0.452417D-04
     60    -0.365108D-05  0.131585D-04  0.203150D-05  0.196730D-04 -0.180238D-02
     61     0.487575D-04  0.313566D-04  0.437129D-05  0.103812D-03 -0.103693D-02
     62    -0.731663D-03  0.905843D-04  0.625725D-04 -0.156447D-03  0.488807D-04
     63    -0.256520D-04 -0.804846D-04 -0.158945D-04 -0.163982D-04 -0.136599D-03
     64    -0.460588D-04  0.101208D-04 -0.739119D-04  0.298179D-04  0.236590D-04
     65    -0.247239D-04  0.665145D-04 -0.384131D-04  0.313934D-04 -0.518652D-05
     66     0.145001D-04 -0.404154D-04 -0.219048D-04  0.914279D-04  0.514206D-04
     67    -0.292468D-03  0.193746D-05 -0.276957D-03  0.543641D-03  0.198623D-03
     68     0.172061D-03 -0.644641D-06 -0.784243D-06  0.742373D-05  0.784973D-04
     69    -0.874512D-05 -0.450995D-05  0.151910D-04  0.458646D-04  0.996932D-06
     70     0.646905D-04 -0.679220D-03 -0.105015D-03 -0.248017D-03 -0.738900D-04
     71    -0.151371D-04 -0.138177D-03  0.113004D-04  0.482076D-04 -0.952900D-05
     72     0.113888D-06 -0.993200D-04  0.486061D-04  0.473264D-04 -0.139082D-05
     73    -0.186832D-05  0.490801D-04 -0.299893D-04 -0.413714D-04 -0.178009D-04
     74     0.809983D-04 -0.188284D-04  0.173557D-04  0.150040D-03 -0.108864D-03
     75    -0.948763D-05 -0.124379D-04 -0.450407D-04  0.979519D-04 -0.531059D-04
     76    -0.167056D-03 -0.329418D-04 -0.308320D-04  0.106549D-03 -0.289079D-04
     77     0.848691D-04 -0.619570D-05 -0.130389D-04 -0.477575D-04  0.131428D-04
     78     0.215669D-04  0.449667D-05  0.126358D-05  0.385527D-05 -0.269855D-05
     79     0.226346D-03 -0.199073D-03  0.313822D-05  0.740478D-06 -0.306460D-04
     80    -0.153853D-04  0.114276D-03  0.731987D-04 -0.510177D-04  0.755357D-04
     81     0.192711D-03 -0.195818D-03  0.307756D-05 -0.231164D-03  0.404918D-04
     82    -0.112240D-02 -0.185514D-04  0.408297D-04  0.318390D-04  0.182222D-04
     83     0.213763D-04 -0.950618D-04  0.105012D-04 -0.228538D-04  0.205428D-04
     84     0.665582D-04  0.340184D-04 -0.856648D-04 -0.410225D-04  0.256786D-05
     85     0.790983D-04 -0.816840D-05 -0.436009D-04 -0.610254D-03 -0.764398D-04
     86     0.417946D-04 -0.505154D-05  0.170068D-04 -0.400365D-04 -0.611700D-03
     87     0.735390D-04  0.135329D-03  0.349911D-04  0.117813D-03 -0.361195D-03
     88    -0.181573D-03  0.833746D-04  0.337166D-04 -0.404804D-04  0.387098D-04
     89    -0.767072D-04  0.949813D-04  0.347869D-04  0.122256D-03 -0.799731D-04
     90     0.176417D-04  0.132477D-04 -0.857472D-05  0.121869D-04 -0.856140D-04
     91    -0.346038D-05  0.158596D-03  0.248799D-05  0.896016D-05  0.199926D-04
     92     0.172442D-03  0.105427D-03  0.175481D-04  0.920382D-04 -0.772987D-04
     93     0.148476D-03 -0.575332D-04 -0.105076D-03  0.181741D-03  0.102302D-03
     94     0.102101D-03  0.114511D-04  0.886364D-06  0.401121D-04  0.789411D-04
     95    -0.514085D-05 -0.139026D-05  0.614546D-05  0.190912D-04  0.615023D-05
     96    -0.968308D-04 -0.208354D-02  0.183156D-03  0.560042D-03 -0.971473D-03
     97    -0.169427D-03  0.118899D-02 -0.375375D-04 -0.338043D-04  0.393345D-03
     98     0.132583D-03  0.380081D-03 -0.170082D-03 -0.609841D-03 -0.471587D-03
     99    -0.246433D-05  0.203264D-03 -0.257620D-04 -0.141732D-03  0.147610D-03
    100    -0.752213D-04  0.321344D-03 -0.173272D-03 -0.184919D-03  0.100271D-04
    101     0.354413D-04 -0.101660D-03  0.101998D-03  0.407884D-04 -0.121008D-03
    102    -0.102271D-03  0.174785D-03 -0.925043D-04 -0.245637D-03  0.395824D-04
    103     0.513029D-05  0.278185D-03  0.413850D-04 -0.302048D-03  0.336742D-03
    104     0.444500D-04 -0.103258D-03  0.779841D-04 -0.794211D-04  0.232854D-03
    105    -0.179393D-03 -0.597515D-04  0.191362D-04  0.777264D-04 -0.123791D-03
    106    -0.575189D-05 -0.905775D-05  0.966231D-06 -0.507625D-05  0.100067D-06
    107    -0.462653D-03  0.471173D-03 -0.128909D-03 -0.108244D-03  0.170810D-03
    108    -0.152458D-04 -0.172821D-03 -0.730406D-04  0.283128D-03 -0.209939D-03
    109    -0.318123D-03 -0.698912D-05 -0.290709D-04  0.401807D-03 -0.132270D-03
    110     0.202987D-02  0.438923D-04 -0.171364D-03 -0.147978D-03  0.105064D-03
    111    -0.713739D-05  0.170194D-03 -0.282092D-04 -0.957295D-05 -0.111650D-03
    112    -0.128276D-03 -0.103694D-03  0.160076D-03  0.352310D-04 -0.577640D-04
    113    -0.166336D-03 -0.885156D-04  0.691187D-04  0.100279D-02  0.220149D-04
    114     0.873199D-04 -0.144469D-03  0.103088D-04  0.294371D-03  0.121601D-02
    115     0.424093D-04 -0.323654D-03 -0.897020D-04 -0.302949D-03  0.444541D-03
    116     0.398168D-03  0.960785D-04 -0.109716D-03 -0.174212D-03 -0.226791D-03
    117     0.184805D-03 -0.404188D-03 -0.253705D-05 -0.166820D-03 -0.130078D-03
    118    -0.194734D-03 -0.218562D-03  0.686798D-04  0.103057D-04  0.632863D-04
    119    -0.616038D-04 -0.428365D-03  0.122286D-03  0.143284D-03 -0.787866D-04
    120    -0.890910D-04 -0.296639D-03 -0.265351D-04 -0.761924D-04 -0.271213D-05
    121    -0.193516D-03  0.334371D-03  0.169445D-03 -0.373883D-03 -0.697784D-04
    122    -0.201374D-03 -0.189859D-03  0.474245D-04  0.131413D-03 -0.649232D-04
    123     0.854484D-05  0.192900D-04 -0.133510D-04 -0.347261D-04 -0.373973D-05
    124     0.310454D-04  0.782895D-04  0.277065D-04  0.145242D-03 -0.202036D-03
    125    -0.243711D-04  0.218850D-04 -0.124204D-04 -0.118817D-03  0.114672D-03
    126    -0.917514D-04 -0.406911D-03 -0.277853D-03 -0.297144D-03  0.636979D-03
    127     0.184557D-03  0.404500D-03  0.172618D-03  0.408928D-03 -0.410167D-03
    128    -0.104065D-03 -0.330398D-03 -0.139165D-03 -0.366612D-03  0.327579D-03
    129     0.125679D-04  0.142766D-03  0.219998D-04  0.862369D-05  0.234364D-04
    130    -0.246308D-04 -0.821373D-04  0.203270D-04  0.561780D-04  0.425398D-04
    131     0.349005D-04 -0.208056D-03  0.930223D-04  0.281763D-03  0.925150D-04
    132    -0.127533D-03  0.381653D-03  0.141069D-03  0.252709D-03 -0.360123D-03
    133    -0.466754D-04  0.267322D-04 -0.465647D-04 -0.695478D-04  0.107337D-03
    134    -0.203796D-04  0.167810D-04 -0.656620D-05 -0.743911D-04 -0.770372D-04


           ESTIMATED COVARIANCE MATRIX FOR PARAMETER ESTIMATES
                 36            37            38            39            40
              ________      ________      ________      ________      ________
     36     0.331582D-02
     37    -0.267825D-03  0.501480D-02
     38     0.208832D-03 -0.311038D-03  0.343508D-02
     39     0.117553D-04 -0.575606D-04  0.106692D-02  0.367493D-02
     40    -0.288298D-03  0.239911D-03 -0.863083D-03  0.213253D-03  0.520672D-02
     41    -0.389564D-04  0.956583D-04 -0.495272D-04 -0.296895D-03  0.904341D-03
     42    -0.200737D-03  0.123671D-03 -0.803468D-04  0.101866D-03 -0.383844D-04
     43     0.131223D-03  0.337100D-04  0.917452D-04  0.185152D-03 -0.796586D-04
     44    -0.167367D-04 -0.931038D-04  0.829166D-06 -0.172802D-04 -0.316236D-04
     45     0.153068D-04 -0.137419D-03 -0.540069D-04 -0.398375D-04 -0.722292D-04
     46     0.852500D-04  0.121662D-03 -0.986199D-04 -0.105616D-04  0.117106D-03
     47    -0.448527D-04  0.645383D-04  0.396675D-04  0.154210D-03 -0.913189D-04
     48    -0.212543D-03  0.976859D-04 -0.268113D-03  0.267316D-04  0.495227D-03
     49    -0.154983D-03  0.873149D-05 -0.270800D-04 -0.833697D-04 -0.215639D-03
     50    -0.278657D-03  0.272249D-04 -0.201889D-03  0.127238D-03  0.921742D-04
     51    -0.149504D-04 -0.250285D-04  0.140176D-04  0.441300D-04 -0.855186D-04
     52     0.905558D-05  0.283423D-05 -0.840990D-06  0.103165D-04  0.960979D-05
     53    -0.112410D-03  0.108676D-03 -0.313766D-03 -0.295343D-04  0.167460D-03
     54     0.221345D-04 -0.239355D-03  0.939514D-04 -0.619671D-04 -0.152458D-03
     55    -0.322065D-05  0.336937D-03 -0.614032D-03  0.198701D-03  0.528131D-03
     56     0.965896D-04 -0.692727D-03 -0.192971D-04 -0.830802D-04  0.118296D-04
     57     0.357068D-04  0.833263D-04 -0.710681D-04  0.108231D-04  0.696055D-04
     58     0.209969D-04  0.761113D-04 -0.329772D-04 -0.812963D-04 -0.705251D-04
     59     0.130851D-03 -0.146278D-03 -0.441627D-05  0.699184D-04  0.420175D-04
     60    -0.103605D-02  0.433310D-04 -0.104395D-03  0.524619D-04 -0.215107D-04
     61    -0.172948D-02  0.165598D-03 -0.134498D-03  0.267451D-04  0.126487D-03
     62     0.137403D-03 -0.255659D-02  0.144782D-03  0.549955D-05 -0.128642D-03
     63    -0.647144D-04  0.133053D-03 -0.185844D-02 -0.548554D-03  0.479181D-03
     64     0.206189D-04 -0.266227D-05 -0.546232D-03 -0.173739D-02 -0.168362D-03
     65     0.171393D-03 -0.146059D-03  0.461683D-03 -0.131752D-03 -0.290344D-02
     66     0.901273D-04 -0.608008D-04  0.361112D-04  0.769275D-04 -0.441991D-03
     67     0.584890D-04 -0.801039D-04  0.666560D-05 -0.105960D-03  0.268740D-04
     68    -0.307809D-04 -0.178131D-04 -0.119202D-04 -0.547392D-04 -0.182395D-04
     69     0.460939D-05  0.480649D-04 -0.698160D-05  0.763011D-05  0.188738D-04
     70    -0.103917D-03  0.151073D-02 -0.780045D-03 -0.676248D-03  0.311838D-03
     71     0.966599D-04  0.259906D-03 -0.884956D-04  0.164485D-03  0.213720D-04
     72     0.229746D-04  0.324776D-03 -0.151104D-03 -0.966620D-04  0.273369D-04
     73     0.296466D-04 -0.801961D-04  0.112032D-03  0.119796D-03  0.215986D-05
     74    -0.893036D-04  0.208762D-04 -0.175270D-03 -0.592167D-04  0.200529D-03
     75    -0.112227D-03  0.942165D-04 -0.154297D-03 -0.119231D-03 -0.579682D-04
     76    -0.812688D-04  0.816389D-04 -0.247008D-03  0.100490D-04  0.110347D-03
     77     0.101676D-04 -0.336592D-04  0.157642D-04 -0.120423D-04 -0.135726D-04
     78    -0.327920D-05  0.711107D-06  0.213763D-05  0.277364D-05 -0.641634D-05
     79    -0.482330D-04  0.327282D-03 -0.361239D-03 -0.186474D-03  0.247524D-03
     80     0.218983D-05 -0.157835D-03  0.145393D-03  0.190724D-04  0.202348D-04
     81     0.503636D-04  0.283848D-03 -0.790430D-04 -0.569836D-04  0.197599D-03
     82     0.604347D-04 -0.751813D-04 -0.766725D-04 -0.770028D-04  0.724073D-04
     83     0.126698D-04 -0.392353D-05 -0.826596D-05  0.408625D-05  0.128302D-04
     84     0.198607D-04 -0.200009D-04  0.188234D-04  0.401274D-06 -0.463201D-04
     85     0.620174D-04 -0.946369D-04  0.853344D-04  0.749562D-04 -0.263302D-04
     86    -0.362803D-03  0.570953D-04 -0.990082D-04 -0.580074D-04  0.314906D-04
     87    -0.611113D-03 -0.147084D-03  0.968664D-04  0.188669D-03  0.324321D-04
     88     0.768806D-04 -0.106690D-02  0.806108D-04  0.140223D-04 -0.284436D-04
     89    -0.253171D-04 -0.272152D-03 -0.579460D-03 -0.425025D-04  0.827082D-04
     90     0.329740D-04 -0.952831D-04 -0.128271D-03 -0.556406D-03 -0.665335D-04
     91     0.119715D-03 -0.386297D-03  0.289034D-03  0.116029D-03 -0.967726D-03
     92    -0.366524D-04 -0.317985D-03  0.151218D-03  0.188796D-03 -0.217350D-03
     93     0.405632D-04  0.173292D-03 -0.156995D-03 -0.214204D-03  0.107540D-03
     94     0.334005D-04 -0.695386D-04 -0.210913D-05  0.176083D-04  0.481036D-04
     95     0.852327D-05  0.201210D-04 -0.275876D-05  0.733148D-06  0.790810D-05
     96    -0.515075D-03  0.285141D-02 -0.155027D-02 -0.134235D-02  0.108201D-02
     97     0.441794D-03 -0.168337D-02  0.100333D-02  0.136709D-02 -0.630919D-03
     98     0.104986D-03  0.354803D-03  0.813184D-04  0.124011D-02 -0.233931D-03
     99    -0.189972D-03 -0.483849D-03  0.100607D-03 -0.377353D-03 -0.409136D-04
    100     0.223921D-05 -0.394644D-03  0.251387D-03  0.436018D-03 -0.123773D-03
    101    -0.479444D-04  0.177078D-03 -0.182922D-03 -0.623929D-04  0.981940D-05
    102     0.154553D-03 -0.693468D-04  0.380628D-03  0.378978D-03 -0.454248D-03
    103     0.331454D-03 -0.418962D-03  0.351523D-03  0.397842D-03 -0.239050D-04
    104     0.236220D-03 -0.150692D-03  0.339948D-03 -0.396575D-03 -0.124941D-03
    105    -0.784893D-04  0.133109D-03 -0.142614D-03 -0.174343D-04  0.820487D-04
    106     0.244030D-05 -0.421424D-05  0.414983D-05  0.446853D-06  0.957170D-05
    107     0.458808D-04 -0.647127D-03  0.619793D-03  0.339368D-03 -0.693766D-03
    108    -0.331506D-03  0.201781D-03 -0.276663D-03 -0.875037D-04  0.225598D-03
    109     0.931515D-04 -0.139280D-04 -0.766602D-04 -0.101444D-03 -0.123663D-03
    110    -0.268960D-04  0.316025D-03  0.260333D-03  0.531983D-04 -0.292379D-03
    111    -0.549138D-04 -0.187991D-05 -0.207485D-04  0.733610D-05 -0.204385D-04
    112    -0.598939D-04  0.677306D-04 -0.516148D-04  0.181110D-04  0.133871D-03
    113    -0.254666D-03  0.143709D-03 -0.330938D-03 -0.272516D-03  0.112960D-03
    114     0.622658D-03 -0.382559D-03  0.996992D-04 -0.541907D-03  0.191933D-03
    115     0.959252D-03  0.193960D-03 -0.192013D-03 -0.255176D-03  0.170629D-03
    116    -0.246405D-03  0.131213D-02  0.103421D-03  0.486043D-03 -0.123188D-03
    117    -0.557423D-04  0.626768D-03  0.689333D-03 -0.122764D-03  0.373199D-04
    118    -0.117646D-03  0.400099D-03  0.855085D-04  0.805513D-03  0.126054D-03
    119    -0.141153D-03  0.637617D-03 -0.500504D-03 -0.364269D-03  0.172315D-02
    120     0.520085D-05  0.681199D-03 -0.283121D-03 -0.549333D-03  0.398535D-03
    121    -0.638822D-04 -0.447478D-03  0.530817D-03  0.515953D-03 -0.322766D-03
    122    -0.441576D-04  0.217954D-03 -0.383584D-04 -0.138688D-03  0.447011D-04
    123    -0.150260D-05 -0.335392D-04  0.200718D-04  0.208776D-04 -0.338959D-04
    124     0.107828D-04  0.761332D-04  0.300132D-04  0.172396D-03  0.352947D-04
    125    -0.634078D-04 -0.158317D-03  0.678592D-06 -0.223837D-03 -0.248624D-04
    126     0.538646D-04  0.156623D-02 -0.888844D-03 -0.977299D-03 -0.486405D-05
    127    -0.208909D-03 -0.133151D-02  0.708603D-03  0.578581D-03 -0.184490D-03
    128     0.172085D-03  0.106972D-02 -0.588728D-03 -0.412672D-03  0.191440D-03
    129     0.616761D-04 -0.329865D-03  0.175479D-03  0.140423D-03 -0.683429D-04
    130    -0.791622D-05  0.331842D-04 -0.658698D-04 -0.160226D-03  0.397626D-04
    131    -0.837086D-04 -0.571252D-04  0.264094D-04 -0.410250D-03  0.165119D-03
    132     0.744842D-04 -0.138519D-02  0.689524D-03  0.416604D-03 -0.305726D-03
    133     0.759543D-04  0.963713D-04  0.109697D-04 -0.145148D-04 -0.756004D-04
    134    -0.143901D-04  0.486460D-04  0.647229D-05  0.100875D-03  0.132726D-04


           ESTIMATED COVARIANCE MATRIX FOR PARAMETER ESTIMATES
                 41            42            43            44            45
              ________      ________      ________      ________      ________
     41     0.321956D-02
     42    -0.352565D-03  0.468331D-02
     43    -0.177228D-03  0.494497D-04  0.756302D-03
     44     0.495061D-04  0.839875D-05 -0.144717D-04  0.379081D-04
     45    -0.197245D-03 -0.128202D-03  0.165491D-03 -0.169089D-05  0.561557D-02
     46     0.191641D-05  0.855419D-04 -0.358745D-04 -0.120395D-04  0.384938D-06
     47    -0.251070D-03 -0.135180D-04  0.594865D-04 -0.237052D-04  0.256897D-04
     48     0.115054D-03 -0.876077D-03 -0.444281D-04  0.168603D-05 -0.105854D-04
     49     0.484084D-04 -0.108640D-03 -0.135778D-03  0.141677D-04 -0.118374D-03
     50    -0.369326D-04  0.252228D-03  0.401605D-04  0.519695D-05 -0.585944D-04
     51    -0.112310D-03  0.104538D-03  0.146977D-04 -0.554888D-05  0.411334D-04
     52     0.129313D-04  0.560100D-05  0.218822D-05  0.366922D-07 -0.662284D-05
     53     0.519630D-04 -0.194476D-03  0.482091D-04 -0.557339D-05  0.429830D-04
     54     0.312088D-03  0.269024D-04 -0.338667D-04  0.444934D-04 -0.267093D-04
     55    -0.121884D-03  0.723973D-03  0.346648D-03 -0.779125D-04  0.137138D-03
     56     0.112466D-03 -0.236770D-03  0.221344D-03 -0.866060D-05 -0.183516D-04
     57    -0.286848D-04 -0.183010D-04  0.132500D-04 -0.483990D-05  0.597084D-04
     58    -0.376107D-04 -0.289495D-03 -0.323546D-05  0.128753D-04 -0.123703D-04
     59     0.476409D-04  0.520271D-03  0.351915D-04  0.398158D-04  0.360428D-04
     60     0.436371D-04  0.113531D-03  0.897446D-04 -0.113274D-05 -0.100759D-03
     61    -0.295989D-06  0.119606D-03 -0.327922D-04  0.528577D-05 -0.541736D-04
     62    -0.298089D-04 -0.953087D-04 -0.154413D-04  0.497422D-04  0.428215D-04
     63    -0.882131D-05  0.448358D-05  0.320384D-04 -0.154423D-04  0.106903D-03
     64     0.438503D-04 -0.581981D-04 -0.740281D-04  0.642046D-05 -0.140405D-03
     65    -0.529745D-03  0.114243D-03 -0.167135D-04  0.128011D-04  0.874277D-04
     66    -0.164811D-02  0.131910D-03  0.130259D-03 -0.322460D-04  0.884230D-04
     67     0.212711D-03 -0.262999D-02 -0.626583D-04  0.676478D-05 -0.999226D-04
     68     0.783493D-04 -0.130224D-04 -0.285310D-03  0.403960D-05 -0.169450D-04
     69    -0.228552D-04 -0.459178D-05  0.551990D-05 -0.213433D-04  0.831079D-05
     70    -0.104552D-02 -0.184812D-03  0.200673D-03 -0.164226D-03  0.285501D-03
     71    -0.151431D-03 -0.788044D-04  0.421777D-05 -0.351403D-04  0.330798D-04
     72    -0.186272D-03 -0.447461D-04 -0.254245D-05 -0.328626D-04  0.905462D-04
     73    -0.242965D-04 -0.148741D-04  0.349094D-04 -0.179665D-06  0.157113D-03
     74     0.277721D-04 -0.462220D-03 -0.318464D-04  0.573835D-06  0.860765D-04
     75    -0.293442D-04  0.168682D-05 -0.547740D-04  0.544344D-05  0.147226D-03
     76    -0.190879D-03  0.114361D-03  0.292096D-04 -0.390107D-05  0.185689D-03
     77    -0.607207D-04  0.408443D-07 -0.111035D-04  0.721610D-06 -0.182411D-04
     78     0.441508D-05  0.667134D-05  0.324575D-05 -0.370929D-06  0.317362D-04
     79    -0.387333D-03 -0.152278D-03  0.310393D-04 -0.500160D-04 -0.351502D-03
     80     0.164794D-03 -0.154444D-04  0.130811D-04  0.338877D-04 -0.153593D-03
     81    -0.922575D-04  0.181031D-03  0.175741D-03 -0.314733D-04  0.213153D-03
     82     0.120998D-03 -0.437739D-05  0.156504D-03 -0.120561D-04  0.290188D-04
     83     0.169459D-04  0.278482D-05 -0.859614D-05  0.401374D-05  0.266878D-05
     84     0.324567D-04 -0.780521D-04 -0.100719D-04  0.117976D-04 -0.578148D-05
     85     0.986429D-04  0.207983D-03  0.414756D-04  0.230121D-04 -0.207639D-03
     86    -0.529931D-04  0.968669D-04  0.807138D-04 -0.548110D-06  0.209384D-03
     87     0.146629D-03  0.692375D-04 -0.165482D-04  0.296751D-04 -0.161195D-03
     88     0.315768D-05  0.665615D-05 -0.394692D-04  0.319387D-04 -0.186093D-03
     89     0.153674D-03 -0.117918D-04 -0.192571D-04  0.263301D-04 -0.179934D-03
     90     0.730045D-04 -0.317725D-04  0.192899D-04  0.833675D-05 -0.316959D-03
     91     0.313018D-04  0.135334D-03  0.291971D-04  0.424341D-04  0.157002D-04
     92    -0.444720D-03  0.161067D-03  0.141194D-04  0.101982D-04  0.651885D-05
     93     0.163182D-04 -0.103360D-02 -0.558237D-04 -0.168509D-04  0.114042D-03
     94     0.397714D-04 -0.391715D-04 -0.211352D-03  0.548060D-05 -0.173855D-04
     95    -0.104714D-04 -0.762921D-05  0.361929D-05 -0.885177D-05  0.183752D-04
     96    -0.140631D-02 -0.100606D-02 -0.411075D-04 -0.364333D-03 -0.230963D-02
     97     0.122494D-02  0.197733D-03 -0.366948D-03  0.187477D-03 -0.184662D-02
     98     0.140093D-03  0.793792D-04 -0.375349D-03 -0.207007D-04 -0.381275D-02
     99     0.174689D-03  0.151431D-03  0.278976D-04  0.510105D-04  0.135073D-02
    100     0.388682D-03 -0.987247D-04 -0.574619D-04  0.583201D-04 -0.905212D-03
    101     0.524288D-04  0.197820D-03 -0.403221D-04  0.724973D-05 -0.545614D-03
    102     0.672496D-04  0.568234D-03 -0.292177D-04  0.712634D-05 -0.785109D-03
    103     0.254304D-03  0.144540D-03  0.751868D-04  0.308231D-04 -0.358186D-03
    104     0.143168D-03 -0.101922D-04  0.117153D-04 -0.606124D-05  0.276463D-03
    105     0.106410D-03 -0.352608D-04  0.195820D-04 -0.109793D-04 -0.493750D-04
    106    -0.172991D-04 -0.226678D-05 -0.557981D-05  0.850479D-06 -0.291641D-04
    107     0.724756D-03  0.958375D-04 -0.246073D-04  0.102526D-03  0.756745D-03
    108    -0.283522D-03  0.700022D-04  0.439668D-04 -0.439055D-04  0.825183D-03
    109     0.124847D-03 -0.575204D-03 -0.268373D-03  0.109212D-04 -0.274315D-03
    110    -0.176869D-03 -0.856349D-05 -0.315907D-03  0.388895D-06 -0.569660D-03
    111    -0.218351D-04  0.290019D-04 -0.712971D-05 -0.538424D-05 -0.161974D-03
    112    -0.812452D-04  0.149535D-03  0.113968D-04 -0.257786D-04 -0.703804D-04
    113    -0.193947D-03 -0.336417D-03  0.141035D-04 -0.442472D-04  0.790732D-03
    114     0.239112D-04 -0.449943D-03  0.993946D-04  0.197599D-04  0.146390D-02
    115    -0.244414D-03 -0.344716D-03  0.290830D-04 -0.640518D-04 -0.518197D-04
    116     0.279415D-03  0.187416D-03 -0.213172D-04 -0.131829D-04 -0.170427D-03
    117    -0.233244D-03 -0.947608D-05  0.773842D-04 -0.619583D-04  0.300543D-03
    118    -0.320864D-03  0.555029D-04  0.100314D-03 -0.335273D-04  0.101840D-02
    119    -0.119016D-03 -0.198486D-03  0.173505D-04 -0.947533D-04  0.192603D-03
    120     0.644536D-03 -0.341171D-03 -0.262780D-04 -0.175615D-04 -0.104265D-03
    121     0.141497D-03  0.169548D-02  0.545296D-04  0.538829D-04 -0.630931D-04
    122    -0.143317D-03 -0.633211D-04  0.429924D-03 -0.268823D-04  0.348711D-03
    123     0.349049D-04  0.569155D-05 -0.842387D-05  0.137112D-04 -0.752666D-04
    124     0.127867D-03  0.200947D-03 -0.144498D-03 -0.974541D-06 -0.561409D-02
    125    -0.246368D-04  0.513426D-04  0.693983D-04  0.130561D-04  0.160630D-02
    126    -0.584457D-03 -0.537737D-03 -0.953654D-04 -0.127852D-03  0.303350D-03
    127     0.687887D-03  0.307217D-03 -0.810294D-04  0.132842D-03 -0.420080D-03
    128    -0.613048D-03 -0.211011D-03  0.782800D-04 -0.109184D-03  0.357121D-03
    129     0.187574D-03  0.744674D-04 -0.840539D-05  0.357752D-04  0.971389D-04
    130    -0.745787D-04 -0.187605D-04  0.431941D-04 -0.738053D-05  0.331306D-03
    131    -0.174856D-04 -0.115887D-03  0.131270D-03  0.575129D-05  0.117216D-02
    132     0.550770D-03  0.348054D-03 -0.453424D-04  0.108363D-03 -0.395260D-03
    133    -0.598433D-04 -0.277231D-04  0.110645D-05 -0.745813D-05  0.102062D-03
    134    -0.398568D-04  0.286942D-04 -0.309593D-04 -0.337323D-05 -0.298229D-03


           ESTIMATED COVARIANCE MATRIX FOR PARAMETER ESTIMATES
                 46            47            48            49            50
              ________      ________      ________      ________      ________
     46     0.926206D-03
     47    -0.211213D-03  0.212159D-02
     48     0.157363D-03 -0.130961D-03  0.204859D-02
     49    -0.436719D-04 -0.113793D-03  0.195714D-03  0.186056D-02
     50    -0.140619D-03  0.114137D-03  0.649521D-04  0.823573D-03  0.251515D-02
     51    -0.180880D-04  0.904044D-04  0.508874D-04 -0.721719D-04 -0.538038D-04
     52     0.933293D-05 -0.873629D-05  0.457541D-05  0.131867D-05 -0.435623D-05
     53     0.555342D-04  0.112282D-04  0.397886D-03 -0.729824D-04 -0.235862D-04
     54     0.323102D-04 -0.749427D-04 -0.117878D-03  0.301279D-03  0.273332D-05
     55     0.257044D-03  0.772736D-03  0.810797D-04 -0.550659D-03 -0.667954D-03
     56    -0.893612D-04  0.157807D-03 -0.241565D-03  0.803540D-04  0.120486D-03
     57    -0.292583D-05  0.175884D-04  0.575804D-04 -0.390527D-04 -0.813305D-04
     58    -0.180997D-03 -0.121319D-03 -0.844876D-04  0.433465D-04  0.767448D-04
     59    -0.122072D-03  0.181233D-03 -0.785406D-04 -0.247987D-03 -0.372952D-03
     60     0.137689D-03  0.557943D-04  0.100138D-03  0.608364D-04  0.145662D-03
     61    -0.484853D-04 -0.329080D-04  0.201931D-03  0.694105D-04  0.242554D-03
     62    -0.173301D-03 -0.529746D-04  0.531306D-05 -0.206487D-04 -0.129520D-03
     63     0.811307D-04 -0.327331D-04  0.127536D-03 -0.125513D-03  0.146146D-03
     64     0.110187D-04 -0.602756D-04  0.200079D-04 -0.288961D-04 -0.138972D-03
     65    -0.405734D-04  0.212443D-03 -0.447542D-03  0.126482D-03 -0.642556D-04
     66     0.251897D-04  0.143447D-03 -0.406443D-04 -0.961870D-05 -0.286151D-04
     67    -0.170354D-03  0.817542D-04  0.881906D-03  0.176236D-03 -0.245802D-03
     68     0.194709D-04 -0.687134D-05  0.250306D-04  0.449741D-04 -0.302929D-04
     69     0.122347D-04  0.755876D-05 -0.446551D-05 -0.368873D-05  0.560348D-06
     70     0.621646D-05  0.825013D-03  0.478731D-03 -0.729327D-04  0.216739D-03
     71     0.502671D-04  0.159016D-03  0.296872D-04 -0.121845D-04 -0.510751D-04
     72     0.236454D-03  0.620109D-04  0.121811D-03 -0.104088D-04  0.225272D-04
     73    -0.707942D-04  0.394829D-03 -0.698935D-04 -0.433929D-04  0.137608D-04
     74     0.670253D-04  0.102125D-05  0.588301D-03 -0.120191D-04 -0.354013D-04
     75     0.157888D-04  0.521037D-05 -0.390480D-05  0.509093D-03  0.231884D-03
     76    -0.994657D-05  0.108666D-03 -0.135546D-04  0.208591D-03  0.652304D-03
     77     0.288390D-05  0.247579D-04  0.153015D-05 -0.193896D-04 -0.358787D-04
     78     0.147953D-05 -0.221101D-05  0.523659D-05 -0.756225D-05 -0.286554D-05
     79     0.161137D-04  0.189583D-03  0.291126D-03 -0.136227D-03  0.578338D-04
     80    -0.271490D-04 -0.710258D-04 -0.109508D-03  0.820120D-04  0.284922D-04
     81    -0.565541D-04  0.292011D-03 -0.128363D-03 -0.234953D-03 -0.316730D-03
     82    -0.111611D-04  0.594316D-04 -0.440604D-04  0.943753D-04  0.120307D-03
     83    -0.194972D-04 -0.221760D-04 -0.145908D-04 -0.308898D-04 -0.245439D-04
     84    -0.411723D-04 -0.269545D-04 -0.206864D-04  0.331848D-04  0.111997D-04
     85    -0.599138D-04  0.276708D-04 -0.953540D-04 -0.939624D-04 -0.106806D-03
     86     0.430861D-05  0.459098D-05  0.677974D-04  0.423192D-04  0.761222D-04
     87     0.124205D-04 -0.176660D-03 -0.122797D-04  0.732043D-04  0.845596D-04
     88    -0.593278D-04 -0.848742D-04 -0.434877D-04 -0.207754D-04 -0.626661D-04
     89     0.226535D-04 -0.195389D-03 -0.384114D-04  0.865004D-04  0.144078D-03
     90    -0.120059D-04 -0.698706D-04  0.337863D-04  0.552909D-04 -0.292475D-04
     91    -0.100331D-04 -0.154622D-03 -0.249111D-03  0.749489D-04 -0.759666D-04
     92     0.329885D-04 -0.464871D-04 -0.841632D-04 -0.107219D-04  0.211328D-04
     93    -0.138028D-04  0.667181D-04  0.366226D-03  0.358267D-04 -0.122736D-03
     94     0.156164D-04 -0.424001D-04 -0.176579D-04  0.552263D-04  0.766161D-05
     95     0.394864D-05  0.503851D-05 -0.114452D-05 -0.774071D-05 -0.716786D-05
     96     0.702924D-04  0.134428D-02  0.126505D-02 -0.464266D-03 -0.617160D-03
     97    -0.544547D-04 -0.699186D-03 -0.652749D-03  0.350724D-03 -0.120461D-03
     98    -0.687074D-04  0.116162D-03  0.101081D-03  0.431340D-03 -0.414252D-03
     99    -0.975879D-04 -0.175167D-03 -0.493196D-04  0.191750D-04  0.148422D-03
    100    -0.337496D-03 -0.607508D-04 -0.181963D-03  0.216999D-03 -0.232790D-04
    101     0.129050D-03 -0.523462D-03  0.136040D-03  0.164884D-04 -0.140518D-03
    102    -0.812791D-04 -0.452679D-04 -0.745180D-03  0.828608D-04 -0.120468D-03
    103    -0.378300D-04 -0.145588D-03 -0.182400D-03 -0.558074D-03 -0.221722D-03
    104    -0.199402D-04 -0.156126D-03 -0.131701D-03 -0.388259D-03 -0.857210D-03
    105    -0.465095D-06 -0.335541D-04  0.944233D-04  0.548166D-04  0.610716D-04
    106    -0.121412D-05  0.150739D-04 -0.153441D-04  0.347774D-05 -0.117213D-05
    107    -0.451588D-04 -0.284138D-03 -0.494051D-03  0.333244D-03  0.101953D-04
    108     0.637511D-04 -0.177437D-04  0.237902D-03 -0.396617D-04  0.148070D-03
    109     0.106908D-03 -0.263817D-03  0.367359D-03  0.376857D-03  0.371659D-03
    110     0.152436D-04 -0.131565D-03  0.716261D-04 -0.749477D-05 -0.634297D-04
    111     0.323829D-04  0.344482D-04  0.295175D-05  0.635308D-04  0.465034D-04
    112     0.472041D-04  0.125657D-04  0.484786D-04 -0.722456D-04 -0.421896D-04
    113     0.120966D-03  0.212307D-04  0.973481D-04  0.848756D-04  0.280872D-03
    114    -0.203365D-04 -0.122738D-03 -0.248357D-04 -0.237918D-03  0.101676D-04
    115    -0.462128D-04  0.227354D-03  0.184827D-03 -0.144774D-03 -0.326515D-03
    116    -0.146183D-05  0.390399D-04  0.648734D-04  0.219299D-03  0.103950D-03
    117    -0.268181D-04  0.302332D-03  0.143521D-03 -0.202292D-03 -0.321038D-03
    118     0.469488D-04  0.716057D-04  0.775177D-04 -0.208758D-03 -0.341057D-04
    119     0.367018D-04  0.222175D-03  0.443400D-03 -0.288916D-03 -0.561208D-05
    120    -0.672722D-04 -0.397857D-04  0.180179D-03 -0.705294D-04 -0.121998D-03
    121     0.570558D-04 -0.344249D-03 -0.541363D-03 -0.316669D-04  0.124413D-03
    122    -0.212476D-04  0.917169D-04  0.814820D-04 -0.158471D-03  0.300319D-04
    123    -0.765710D-05 -0.210525D-04 -0.143797D-05  0.213457D-04  0.666577D-05
    124    -0.579838D-05  0.144678D-06  0.184307D-04  0.136703D-03  0.369945D-04
    125    -0.400953D-04 -0.587514D-04  0.267601D-06 -0.467877D-04  0.278817D-04
    126    -0.322951D-04  0.395643D-03  0.437520D-03  0.173845D-03 -0.403301D-03
    127     0.288895D-04 -0.496862D-03 -0.308202D-03  0.103582D-03  0.311151D-03
    128    -0.532815D-04  0.433472D-03  0.245475D-03 -0.105572D-03 -0.258922D-03
    129     0.571225D-06 -0.171031D-03 -0.115600D-03 -0.406823D-05 -0.151365D-04
    130     0.498494D-05  0.465961D-04  0.261321D-04 -0.469184D-04  0.663182D-04
    131     0.277255D-04 -0.105822D-03 -0.989564D-05 -0.205283D-03  0.489744D-04
    132     0.504758D-04 -0.385524D-03 -0.509211D-03  0.149096D-03  0.125884D-03
    133    -0.351204D-04 -0.790351D-05 -0.538939D-04  0.123468D-04 -0.101067D-03
    134     0.329814D-05  0.327032D-04 -0.114880D-04  0.477989D-04 -0.182725D-04


           ESTIMATED COVARIANCE MATRIX FOR PARAMETER ESTIMATES
                 51            52            53            54            55
              ________      ________      ________      ________      ________
     51     0.420826D-03
     52    -0.586954D-04  0.229784D-04
     53     0.215034D-03  0.619971D-05  0.278091D-02
     54     0.142628D-03  0.863518D-05  0.476939D-03  0.441060D-02
     55     0.105272D-03 -0.954380D-06  0.447136D-03 -0.222465D-03  0.342505D-01
     56    -0.135710D-03 -0.380888D-04 -0.285611D-03  0.118742D-03  0.249254D-03
     57     0.190140D-04 -0.582085D-05  0.836934D-05 -0.413048D-04  0.232709D-03
     58     0.402440D-04 -0.394041D-05 -0.591969D-04 -0.133982D-03 -0.213122D-03
     59     0.879272D-04 -0.182331D-04 -0.209348D-03  0.131045D-03  0.342352D-03
     60     0.848632D-05 -0.187741D-05 -0.175164D-04  0.767917D-05  0.366809D-03
     61     0.153496D-04 -0.650675D-05  0.118103D-03 -0.929766D-04  0.157556D-03
     62     0.601540D-04 -0.450159D-05 -0.118446D-03  0.134983D-03 -0.370615D-03
     63     0.515088D-05 -0.492960D-05  0.172165D-03 -0.150111D-04  0.582956D-03
     64    -0.385951D-04 -0.101986D-04 -0.314385D-05  0.156866D-04  0.501131D-04
     65     0.105945D-03  0.426786D-05 -0.453479D-04  0.136108D-03 -0.188262D-03
     66     0.683826D-04 -0.625261D-05 -0.337702D-04 -0.271877D-03 -0.171821D-04
     67    -0.199862D-04 -0.103587D-04  0.168637D-03  0.982130D-04 -0.835203D-03
     68     0.173132D-06 -0.491159D-05 -0.317470D-04  0.453011D-04 -0.167287D-03
     69    -0.818632D-07  0.905261D-06  0.484056D-05 -0.237026D-04  0.266684D-04
     70     0.469339D-04 -0.117969D-04  0.351416D-03 -0.123445D-02  0.253154D-02
     71    -0.253526D-05  0.153289D-05  0.724000D-05 -0.213393D-03  0.381294D-03
     72    -0.385129D-05  0.279595D-05  0.585846D-04 -0.204232D-03  0.328570D-03
     73     0.375983D-04 -0.126389D-05 -0.544087D-04  0.810025D-04 -0.114899D-04
     74     0.430532D-05  0.469403D-05  0.160555D-03 -0.727819D-04 -0.186218D-03
     75    -0.174860D-04 -0.876218D-05 -0.958958D-04  0.104142D-04 -0.225649D-03
     76    -0.282971D-04 -0.468936D-05  0.272606D-04 -0.601402D-04 -0.241620D-03
     77     0.104869D-03 -0.140652D-04  0.431236D-04  0.852589D-04 -0.774127D-04
     78    -0.136746D-04  0.596793D-05  0.126935D-05 -0.174147D-05 -0.420599D-05
     79     0.543826D-04 -0.143385D-05  0.772268D-03 -0.208577D-03  0.683665D-03
     80     0.612110D-04 -0.124997D-05  0.791240D-04  0.132226D-02 -0.385281D-03
     81    -0.743847D-04 -0.683883D-05  0.144635D-03 -0.307014D-03  0.208201D-01
     82    -0.616727D-04 -0.196324D-04 -0.892587D-04 -0.561159D-04  0.153995D-03
     83     0.154514D-04 -0.348160D-05 -0.952498D-05 -0.153206D-04  0.601489D-04
     84     0.230906D-05 -0.122762D-05 -0.320836D-04 -0.249219D-06 -0.179834D-03
     85     0.145364D-04 -0.945152D-06 -0.365861D-04  0.859780D-04  0.119920D-03
     86     0.138205D-04 -0.113334D-05 -0.200173D-04 -0.140797D-03  0.203013D-03
     87    -0.188909D-04  0.608839D-05  0.241182D-04  0.126219D-03 -0.279904D-03
     88     0.499197D-05  0.359383D-05  0.326552D-04  0.197086D-03 -0.281657D-03
     89    -0.375699D-04  0.480383D-05  0.540626D-04  0.207052D-03 -0.560457D-03
     90    -0.310694D-04  0.138733D-06  0.342411D-04  0.837421D-04 -0.267212D-03
     91     0.198708D-04  0.329069D-05 -0.118960D-03  0.242409D-03 -0.720688D-03
     92     0.321981D-04  0.377080D-05 -0.239959D-04  0.128938D-03 -0.343984D-03
     93     0.167285D-04 -0.988800D-05  0.466260D-04  0.697445D-05 -0.548799D-04
     94    -0.673974D-05 -0.154356D-06 -0.136502D-04 -0.643733D-05 -0.211755D-03
     95     0.102040D-05  0.212777D-06 -0.102652D-05 -0.121761D-04  0.147254D-04
     96    -0.167730D-04 -0.403925D-04  0.414658D-03 -0.273248D-02  0.666918D-02
     97     0.269965D-04  0.153334D-04 -0.382227D-03  0.173222D-02 -0.411831D-02
     98    -0.158099D-04  0.243887D-04 -0.776136D-04  0.387571D-03 -0.698969D-03
     99     0.226364D-04 -0.534837D-05  0.257021D-05  0.291408D-03 -0.549786D-03
    100    -0.806604D-05  0.702582D-05 -0.853781D-04  0.427916D-03 -0.791103D-03
    101    -0.975613D-04  0.177659D-04  0.429070D-04 -0.930617D-04  0.847620D-04
    102     0.352838D-04 -0.356526D-05 -0.257868D-03  0.395110D-03 -0.198891D-03
    103     0.786182D-04  0.158045D-04  0.126036D-03  0.437334D-03 -0.454633D-03
    104     0.856912D-04 -0.116142D-04 -0.124314D-04  0.961470D-04  0.655568D-03
    105    -0.145447D-03  0.138405D-04 -0.763422D-04 -0.229407D-03  0.381278D-03
    106     0.153452D-04 -0.653829D-05  0.682830D-05  0.239284D-05 -0.397647D-05
    107    -0.765398D-04  0.112640D-04 -0.896294D-03  0.516658D-03 -0.156197D-02
    108    -0.101987D-03  0.242932D-05 -0.598808D-04 -0.205916D-02  0.470940D-03
    109     0.854529D-04 -0.565530D-06 -0.529279D-04  0.202761D-03 -0.299376D-01
    110     0.155446D-03  0.133512D-04  0.222582D-03  0.192850D-03 -0.619494D-03
    111    -0.210021D-04  0.733744D-05  0.263731D-04  0.346179D-04 -0.182538D-03
    112     0.731442D-06  0.583277D-06  0.556853D-04 -0.950188D-04  0.470555D-03
    113    -0.492039D-04  0.507756D-05  0.578288D-04 -0.417497D-03  0.756213D-04
    114     0.519463D-04 -0.690354D-05  0.102680D-03  0.201438D-03 -0.168160D-03
    115     0.640522D-04 -0.728262D-05 -0.423780D-04 -0.855261D-04  0.620595D-03
    116    -0.157196D-04  0.134442D-05 -0.943085D-04 -0.345679D-04 -0.279505D-03
    117     0.559077D-04 -0.807131D-05 -0.117418D-03 -0.505245D-03  0.147587D-02
    118     0.242131D-04 -0.246743D-05 -0.725262D-05 -0.345798D-03  0.851476D-03
    119    -0.703931D-04 -0.407220D-05  0.258378D-03 -0.721194D-03  0.190809D-02
    120    -0.960672D-04 -0.659186D-06  0.282044D-04 -0.296010D-03  0.895651D-03
    121     0.100974D-04  0.226685D-04  0.157471D-04  0.346837D-03 -0.830392D-03
    122     0.144944D-04 -0.342781D-05  0.723725D-05 -0.184867D-03  0.869143D-03
    123     0.605950D-06  0.928063D-07  0.440761D-05  0.493156D-04 -0.717772D-04
    124    -0.192646D-04  0.674249D-05 -0.456431D-04  0.120263D-03 -0.183623D-04
    125     0.221458D-04 -0.286067D-05  0.151735D-04  0.659895D-04 -0.241103D-04
    126     0.181162D-03 -0.420752D-04  0.272655D-03 -0.894831D-03  0.117194D-02
    127    -0.151650D-03  0.358174D-04 -0.223766D-03  0.952681D-03 -0.167400D-02
    128     0.146019D-03 -0.347161D-04  0.174540D-03 -0.827951D-03  0.142659D-02
    129    -0.175973D-04  0.570855D-05 -0.645661D-04  0.257131D-03 -0.536306D-03
    130    -0.704973D-06 -0.338781D-05  0.251270D-04 -0.961227D-04  0.226504D-03
    131    -0.672757D-05 -0.895141D-05  0.447795D-04 -0.280257D-03  0.388229D-03
    132    -0.906265D-04  0.290131D-04 -0.445021D-03  0.983559D-03 -0.132960D-02
    133     0.329479D-04 -0.640164D-05 -0.242777D-04 -0.727593D-04 -0.952441D-04
    134    -0.877663D-05  0.297813D-05  0.516829D-05 -0.637197D-05 -0.201781D-04


           ESTIMATED COVARIANCE MATRIX FOR PARAMETER ESTIMATES
                 56            57            58            59            60
              ________      ________      ________      ________      ________
     56     0.305984D-02
     57    -0.472105D-06  0.285676D-03
     58    -0.107780D-03 -0.532700D-04  0.418172D-03
     59     0.116649D-04  0.135742D-04  0.116668D-03  0.184381D-02
     60     0.252512D-04  0.109210D-04 -0.884597D-05 -0.153182D-04  0.196758D-02
     61    -0.447698D-04 -0.214532D-04 -0.137269D-04 -0.117403D-03  0.114534D-02
     62     0.582022D-03 -0.782604D-04 -0.393906D-04  0.266354D-03 -0.104642D-03
     63     0.287337D-04  0.521076D-04  0.656518D-04  0.104619D-03  0.100904D-03
     64     0.964666D-04  0.976985D-05  0.715925D-04  0.224328D-04  0.441860D-04
     65    -0.467732D-04 -0.554032D-04  0.225570D-04 -0.505213D-04  0.156021D-04
     66    -0.630451D-04  0.267131D-04  0.504133D-04 -0.125125D-03 -0.390137D-04
     67     0.132412D-03 -0.140258D-04  0.452456D-03 -0.396326D-03 -0.157106D-03
     68    -0.147015D-03  0.371929D-05  0.913398D-05 -0.569944D-05 -0.720250D-04
     69     0.918093D-05  0.309034D-05 -0.174308D-04 -0.571186D-04  0.678113D-05
     70     0.272086D-03  0.397965D-03  0.929275D-04  0.179600D-03 -0.820108D-04
     71     0.209471D-05  0.881494D-04 -0.514176D-06 -0.787923D-05 -0.765813D-05
     72     0.296853D-04  0.460742D-04 -0.124031D-04 -0.369109D-04 -0.491789D-05
     73    -0.394556D-04 -0.325669D-04  0.351189D-05  0.427876D-04 -0.166435D-04
     74    -0.423836D-04  0.972107D-05 -0.791586D-05 -0.921227D-04  0.699882D-04
     75     0.114910D-03 -0.191053D-04  0.385752D-04 -0.955740D-04  0.362052D-04
     76     0.154240D-03  0.486875D-05  0.284373D-04 -0.915937D-04  0.514665D-04
     77    -0.431930D-04  0.958859D-05  0.251609D-06  0.163473D-04  0.683122D-05
     78    -0.232153D-04 -0.305001D-05 -0.318305D-07 -0.226262D-05 -0.139299D-05
     79    -0.215975D-04  0.102781D-03 -0.126582D-05  0.153803D-04 -0.694489D-04
     80     0.568499D-04 -0.773396D-04 -0.603772D-04  0.273995D-04 -0.120397D-03
     81     0.125502D-03  0.838784D-04 -0.404490D-04  0.179615D-03  0.139435D-03
     82     0.701875D-03  0.290461D-04 -0.194342D-04  0.383184D-04 -0.185651D-04
     83     0.951785D-05  0.612966D-04 -0.107908D-04  0.127767D-04 -0.188622D-04
     84    -0.200407D-04 -0.245113D-04  0.474446D-04  0.134912D-04 -0.519377D-06
     85     0.228970D-04  0.802348D-05  0.215022D-04  0.460702D-03  0.461906D-04
     86     0.745409D-05 -0.152586D-04 -0.891643D-05  0.412883D-04  0.441424D-03
     87    -0.815683D-04 -0.867218D-04 -0.304386D-04 -0.678509D-04  0.285801D-03
     88     0.101804D-03 -0.390433D-04 -0.354438D-04  0.681180D-04  0.510723D-04
     89    -0.120264D-04 -0.491387D-04 -0.339381D-04 -0.466767D-04  0.100981D-03
     90     0.609028D-04 -0.790771D-05 -0.116675D-04 -0.115515D-05  0.523347D-04
     91    -0.100325D-03 -0.117335D-03 -0.190071D-04 -0.477184D-05  0.434876D-04
     92    -0.144215D-03 -0.609066D-04 -0.840184D-05 -0.665368D-04  0.134744D-04
     93     0.344616D-04  0.189915D-04  0.559318D-04 -0.132436D-03 -0.110984D-03
     94    -0.417835D-04 -0.183709D-04  0.387670D-06 -0.312933D-04 -0.138844D-04
     95     0.337519D-05 -0.263826D-06 -0.494321D-05 -0.159863D-04 -0.274052D-05
     96     0.319591D-03  0.122482D-02  0.589186D-04  0.973610D-04  0.297632D-03
     97    -0.241951D-03 -0.679299D-03 -0.195961D-04  0.251823D-04  0.815028D-04
     98    -0.764687D-04 -0.194653D-03  0.615649D-04  0.750217D-03 -0.415010D-04
     99     0.265280D-04 -0.129752D-03  0.183790D-04  0.353326D-04  0.306724D-04
    100    -0.492918D-04 -0.147536D-03  0.229605D-04  0.136736D-03 -0.405486D-04
    101    -0.279675D-05  0.563655D-04 -0.548514D-04 -0.121568D-04  0.287510D-04
    102    -0.221596D-04 -0.114974D-03  0.245197D-04  0.175976D-03 -0.811272D-04
    103    -0.164677D-03 -0.129483D-03 -0.348492D-04  0.214638D-03 -0.129405D-03
    104    -0.276714D-04  0.780074D-04 -0.228210D-04  0.782951D-04 -0.191035D-03
    105     0.134624D-03  0.281334D-04  0.102841D-04 -0.486766D-04  0.539386D-04
    106     0.137865D-04  0.595284D-05 -0.906788D-06  0.521475D-05  0.670140D-05
    107     0.899672D-04 -0.244898D-03  0.431462D-04 -0.192229D-04  0.830758D-04
    108     0.342598D-04  0.976877D-04  0.328278D-04 -0.264643D-03  0.266374D-03
    109     0.145170D-03 -0.135822D-05  0.761080D-04 -0.267905D-03 -0.183568D-03
    110    -0.105232D-02 -0.656216D-04  0.103253D-03  0.439342D-04 -0.199226D-04
    111    -0.342997D-04 -0.956233D-04  0.188058D-04  0.464783D-05  0.325532D-04
    112     0.455581D-04  0.653255D-04 -0.345597D-04  0.203898D-04  0.407273D-04
    113     0.157859D-04  0.368557D-04 -0.207150D-04 -0.756224D-03  0.163959D-04
    114    -0.861310D-04  0.851850D-04  0.366002D-04 -0.360138D-03 -0.695102D-03
    115     0.450906D-04  0.171677D-03  0.106246D-03  0.261703D-03 -0.470313D-03
    116    -0.189397D-03 -0.808016D-04  0.551532D-04  0.721238D-04 -0.724292D-05
    117    -0.413542D-05  0.216323D-03  0.360882D-04  0.127952D-03 -0.117538D-03
    118     0.221071D-04  0.120519D-03 -0.178171D-04  0.502560D-05 -0.594200D-04
    119     0.204715D-03  0.288680D-03 -0.673463D-05 -0.519902D-04 -0.101619D-03
    120     0.813114D-04  0.198487D-03  0.186240D-04  0.111908D-03 -0.376011D-04
    121    -0.119524D-03 -0.166723D-03 -0.558611D-04  0.136740D-03  0.226315D-03
    122     0.652038D-04  0.117367D-03 -0.142238D-05 -0.852603D-04 -0.230726D-05
    123    -0.132609D-05 -0.892916D-05  0.729604D-05  0.356337D-04 -0.173023D-05
    124     0.227736D-04 -0.579658D-04  0.179099D-05 -0.258076D-04  0.701985D-04
    125     0.202333D-04 -0.214842D-04  0.148784D-04  0.461412D-04 -0.750459D-05
    126     0.860539D-04  0.218281D-03  0.207782D-03  0.208698D-03 -0.337167D-03
    127    -0.110951D-03 -0.219743D-03 -0.161525D-03 -0.301611D-03  0.267633D-03
    128     0.612302D-04  0.192313D-03  0.148712D-03  0.300001D-03 -0.212389D-03
    129    -0.336006D-04 -0.951956D-04 -0.234192D-04 -0.228924D-04  0.100789D-04
    130     0.634326D-05  0.434989D-04 -0.507124D-06 -0.468194D-04  0.456832D-05
    131     0.301995D-04  0.112153D-03 -0.373461D-04 -0.294689D-03  0.490546D-04
    132     0.138352D-03 -0.224288D-03 -0.139346D-03 -0.166547D-03  0.213257D-03
    133    -0.255432D-05 -0.198205D-04  0.376385D-04  0.424281D-04 -0.448615D-04
    134    -0.988089D-05  0.228807D-05 -0.580427D-05  0.955127D-04 -0.638503D-05


           ESTIMATED COVARIANCE MATRIX FOR PARAMETER ESTIMATES
                 61            62            63            64            65
              ________      ________      ________      ________      ________
     61     0.186578D-02
     62    -0.152254D-03  0.254794D-02
     63     0.127471D-03 -0.559556D-04  0.195143D-02
     64     0.704978D-04 -0.320583D-04  0.596264D-03  0.190701D-02
     65    -0.121251D-03  0.333014D-04 -0.449354D-03  0.142261D-03  0.341954D-02
     66     0.172735D-05  0.769218D-04 -0.423479D-04 -0.413298D-04  0.528438D-03
     67    -0.699644D-04  0.114950D-03 -0.637200D-04  0.229606D-05 -0.823277D-04
     68     0.160412D-04  0.232882D-04  0.109379D-04  0.407444D-04 -0.579941D-05
     69     0.325684D-05 -0.378880D-04  0.334206D-05 -0.715682D-05 -0.183591D-04
     70     0.199111D-03 -0.603299D-03  0.795465D-03  0.211810D-03 -0.150324D-03
     71     0.316049D-04 -0.937086D-04  0.141069D-03  0.212327D-04  0.456423D-04
     72     0.455160D-04 -0.146021D-03  0.167338D-03  0.419841D-04  0.227196D-04
     73    -0.524845D-04  0.209071D-04 -0.732124D-04 -0.447221D-04  0.395005D-04
     74     0.623144D-04 -0.201794D-04  0.782234D-04  0.261844D-04 -0.139470D-03
     75     0.734705D-04 -0.679960D-04  0.882215D-04  0.809745D-04  0.766873D-04
     76     0.104661D-03 -0.816698D-04  0.238079D-03  0.172046D-04 -0.572588D-05
     77    -0.146414D-04  0.170657D-04 -0.307920D-04 -0.261880D-04  0.188171D-04
     78     0.292117D-05  0.372333D-05  0.308935D-05  0.596902D-06  0.383614D-05
     79     0.131242D-03 -0.904269D-04  0.333148D-03  0.124264D-03 -0.101178D-03
     80    -0.691194D-04  0.156869D-03 -0.101775D-03  0.387554D-04 -0.442490D-04
     81     0.194338D-03 -0.118056D-03  0.788583D-04 -0.610250D-04 -0.137422D-03
     82    -0.373075D-04  0.741110D-04  0.786297D-04  0.842606D-04 -0.558807D-04
     83    -0.294301D-05  0.533268D-05  0.118998D-04  0.913584D-06 -0.251074D-04
     84    -0.323306D-04 -0.206067D-05 -0.491446D-04 -0.210863D-04 -0.112892D-05
     85    -0.420790D-04  0.111861D-03 -0.379911D-04 -0.258537D-04  0.219786D-04
     86     0.289517D-03  0.215027D-04  0.106147D-03  0.195329D-04 -0.798078D-05
     87     0.454040D-03  0.866066D-04 -0.685765D-04 -0.934076D-04 -0.161752D-04
     88    -0.293073D-04  0.743308D-03 -0.102003D-03  0.271811D-04  0.336141D-04
     89     0.400417D-04  0.817464D-04  0.387050D-03  0.124386D-03 -0.976568D-04
     90    -0.361371D-04  0.621611D-04  0.839140D-04  0.425750D-03  0.323105D-04
     91    -0.746995D-04  0.192475D-03 -0.287031D-03 -0.170589D-04  0.940789D-03
     92     0.937959D-05  0.123396D-03 -0.111999D-03 -0.163359D-04  0.177797D-03
     93    -0.805858D-04 -0.904424D-04  0.283332D-04  0.599671D-05 -0.143437D-03
     94    -0.164188D-04  0.166124D-04 -0.327371D-04  0.542078D-07 -0.126284D-04
     95    -0.256298D-05 -0.127412D-04  0.481569D-05 -0.130188D-05 -0.148783D-06
     96     0.118923D-02 -0.837205D-03  0.174719D-02  0.517132D-03  0.105695D-03
     97    -0.530075D-03  0.643964D-03 -0.112787D-02 -0.349640D-03  0.872932D-04
     98    -0.343775D-06  0.125167D-03 -0.119686D-03 -0.174919D-03 -0.115660D-03
     99    -0.596066D-04  0.116185D-03 -0.202437D-03 -0.431390D-04 -0.770810D-04
    100    -0.111655D-03  0.150224D-03 -0.309017D-03 -0.935449D-04 -0.144161D-03
    101     0.876624D-04  0.134511D-04  0.106003D-03 -0.673308D-05 -0.540424D-04
    102    -0.114663D-03  0.121115D-03 -0.253220D-03 -0.555945D-04  0.167889D-03
    103    -0.272753D-03  0.242227D-03 -0.316044D-03 -0.244196D-03 -0.193867D-03
    104    -0.232956D-03  0.130494D-03 -0.299625D-03 -0.127265D-04  0.197174D-04
    105     0.107248D-03 -0.591620D-04  0.168172D-03  0.343840D-04 -0.508283D-04
    106    -0.185980D-05 -0.546440D-05 -0.960057D-05 -0.565942D-05 -0.918721D-07
    107    -0.306443D-03  0.152052D-03 -0.648283D-03 -0.194798D-03  0.229618D-03
    108     0.305016D-03 -0.232305D-03  0.154770D-03 -0.771010D-04 -0.607340D-04
    109    -0.391578D-03  0.221729D-03 -0.401417D-04 -0.305808D-05  0.120730D-03
    110     0.108228D-03 -0.126394D-03 -0.204551D-03 -0.339373D-04  0.139673D-03
    111    -0.565365D-05 -0.153673D-05 -0.849478D-05  0.143808D-04  0.498021D-04
    112     0.122751D-03 -0.163307D-04  0.114309D-03  0.201834D-04  0.138039D-04
    113     0.136949D-03 -0.205862D-03  0.234712D-03  0.116808D-03  0.311555D-05
    114    -0.507350D-03  0.756345D-05 -0.145024D-03  0.504499D-04 -0.483085D-04
    115    -0.561385D-03 -0.429008D-04  0.151860D-03  0.152106D-03 -0.769449D-04
    116     0.741616D-04 -0.887907D-03 -0.955088D-04 -0.127654D-03  0.341394D-04
    117     0.388403D-04 -0.219793D-03 -0.340274D-03 -0.902358D-04  0.222427D-03
    118     0.123194D-03 -0.142711D-03  0.236808D-04 -0.499993D-03 -0.328435D-04
    119     0.195440D-03 -0.202141D-03  0.590602D-03  0.431170D-04 -0.125492D-02
    120     0.125182D-03 -0.209165D-03  0.257937D-03  0.197568D-03 -0.220214D-03
    121     0.859940D-04  0.178292D-03 -0.345287D-03 -0.107205D-03  0.212815D-03
    122     0.726630D-04 -0.108044D-03  0.135618D-03  0.315983D-04  0.782957D-04
    123    -0.738023D-05  0.253341D-04 -0.231936D-04 -0.889206D-05 -0.126721D-04
    124     0.236694D-04  0.339384D-04 -0.701152D-04  0.363124D-04 -0.392263D-04
    125    -0.214419D-04  0.294566D-04 -0.205069D-04 -0.240558D-04 -0.265013D-04
    126     0.153202D-04 -0.675795D-03  0.588514D-03  0.270889D-03 -0.441312D-04
    127     0.405909D-04  0.592532D-03 -0.600061D-03 -0.145779D-03  0.609394D-04
    128    -0.129482D-04 -0.482573D-03  0.548225D-03  0.114359D-03 -0.789669D-04
    129    -0.599670D-04  0.120170D-03 -0.143217D-03 -0.465799D-04 -0.152070D-04
    130     0.142048D-04 -0.421434D-04  0.730943D-04  0.486136D-04  0.211225D-04
    131     0.599348D-04 -0.125407D-03  0.589929D-04 -0.405161D-05  0.233097D-04
    132    -0.187264D-03  0.726356D-03 -0.574618D-03 -0.697049D-04  0.180823D-03
    133    -0.511834D-04 -0.816813D-04 -0.267845D-04 -0.695990D-05  0.178547D-04
    134     0.485210D-06 -0.568170D-05 -0.117858D-04  0.292922D-06 -0.100126D-04


           ESTIMATED COVARIANCE MATRIX FOR PARAMETER ESTIMATES
                 66            67            68            69            70
              ________      ________      ________      ________      ________
     66     0.179826D-02
     67    -0.487827D-04  0.298804D-02
     68    -0.727402D-04  0.425904D-04  0.290113D-03
     69     0.846454D-05 -0.145614D-05 -0.187755D-05  0.216490D-04
     70     0.754152D-03 -0.239266D-03 -0.639053D-04  0.738920D-04  0.276178D-01
     71     0.148295D-03 -0.135194D-04 -0.453307D-05  0.146123D-04  0.358458D-02
     72     0.164901D-03 -0.290138D-04 -0.236290D-05  0.160937D-04  0.382790D-02
     73     0.117210D-04  0.220491D-04 -0.144523D-04 -0.182298D-05 -0.183933D-02
     74     0.428333D-04  0.338079D-03  0.624891D-05  0.160224D-06  0.972788D-03
     75     0.110153D-04  0.332863D-04  0.326172D-04 -0.373381D-05  0.110202D-02
     76     0.103427D-03 -0.136143D-03 -0.141980D-05 -0.213663D-05  0.195261D-02
     77     0.267728D-04  0.181944D-04 -0.585034D-05  0.687626D-06 -0.315384D-03
     78     0.373405D-05 -0.681073D-05  0.649967D-06  0.996512D-07 -0.896602D-05
     79     0.269295D-03 -0.455577D-04 -0.249027D-04  0.191430D-04  0.734411D-02
     80    -0.135784D-03  0.107072D-03 -0.264483D-04 -0.184468D-04 -0.321700D-02
     81     0.962324D-04 -0.233823D-03 -0.756119D-04  0.161092D-04  0.354167D-02
     82    -0.540027D-04 -0.225115D-04 -0.712701D-04  0.572969D-05  0.137949D-02
     83    -0.982766D-05 -0.132773D-04 -0.252621D-05 -0.304515D-05 -0.443085D-03
     84    -0.292323D-04  0.688415D-04  0.193873D-06 -0.569800D-05 -0.988060D-03
     85    -0.779225D-04 -0.146737D-03 -0.281585D-04 -0.198515D-04 -0.423819D-03
     86    -0.110430D-04 -0.123369D-03 -0.172958D-04  0.187037D-05  0.273253D-03
     87    -0.115512D-03 -0.113129D-04  0.745207D-05 -0.113965D-04 -0.474980D-02
     88    -0.331180D-04 -0.979454D-05  0.700609D-05 -0.170949D-04 -0.230512D-02
     89    -0.133896D-03  0.702815D-05  0.104122D-04 -0.101018D-04 -0.537774D-02
     90    -0.153149D-04 -0.199623D-05  0.126184D-05 -0.525180D-05 -0.112627D-02
     91    -0.541074D-05 -0.430719D-04 -0.102298D-04 -0.185989D-04 -0.661848D-02
     92     0.331790D-03 -0.162684D-04 -0.442675D-04 -0.383203D-05 -0.408406D-02
     93     0.186801D-04  0.744674D-03  0.267288D-04  0.126393D-04  0.277926D-02
     94    -0.671919D-04  0.365907D-04  0.573756D-04 -0.110261D-05 -0.837745D-03
     95     0.709946D-05  0.256949D-05  0.144221D-06  0.760544D-05  0.587442D-04
     96     0.164709D-02 -0.535204D-03 -0.840958D-04  0.173416D-03  0.835501D-01
     97    -0.912154D-03  0.382972D-03  0.852399D-04 -0.813141D-04 -0.480750D-01
     98     0.600822D-04 -0.849175D-04  0.875016D-04  0.175107D-04 -0.887541D-02
     99    -0.203253D-03 -0.160851D-04 -0.893615D-05 -0.196217D-04 -0.551422D-02
    100    -0.301179D-03  0.116919D-03  0.757353D-06 -0.193815D-04 -0.103725D-01
    101    -0.453269D-04 -0.164338D-03  0.123792D-04 -0.449317D-06  0.388843D-02
    102    -0.123871D-03 -0.345627D-03  0.107499D-05 -0.465742D-05 -0.674375D-02
    103    -0.260319D-03 -0.219201D-04 -0.227999D-04 -0.161928D-04 -0.124364D-01
    104    -0.110693D-03  0.930606D-04 -0.115255D-04  0.104800D-05  0.907568D-03
    105    -0.414531D-04  0.184859D-05  0.518982D-05  0.678811D-05  0.310966D-02
    106     0.390972D-05  0.100802D-04  0.537806D-07 -0.549315D-06  0.414794D-04
    107    -0.509213D-03  0.235881D-03  0.489624D-05 -0.300640D-04 -0.180898D-01
    108     0.161421D-03 -0.132057D-03  0.303464D-04  0.320406D-04  0.433612D-02
    109    -0.789459D-04  0.393978D-03  0.651098D-04 -0.902570D-05  0.389189D-02
    110     0.678533D-04  0.232441D-04  0.110588D-03  0.137386D-04 -0.237736D-02
    111     0.218529D-04  0.255640D-05  0.639909D-06  0.546607D-05  0.128283D-03
    112     0.805017D-04 -0.106280D-03  0.659526D-05  0.102012D-04  0.302848D-02
    113     0.197131D-03  0.130792D-03  0.621383D-05  0.405041D-04  0.414408D-02
    114    -0.963853D-04  0.483573D-03 -0.415363D-04 -0.172711D-04  0.253461D-02
    115     0.270269D-03  0.115654D-03 -0.157511D-04  0.230985D-04  0.119297D-01
    116    -0.866845D-04  0.145045D-04 -0.383402D-06  0.145110D-04 -0.357644D-02
    117     0.276894D-03 -0.136483D-03 -0.463001D-04  0.273793D-04  0.174060D-01
    118     0.246523D-03 -0.101724D-03 -0.155826D-04  0.127795D-04  0.714237D-02
    119     0.141452D-03 -0.217497D-04  0.218139D-04  0.249709D-04  0.185180D-01
    120    -0.338062D-03  0.344252D-04  0.844587D-04  0.296373D-05  0.117794D-01
    121    -0.221083D-03 -0.952875D-03 -0.166906D-05 -0.341949D-04 -0.148939D-01
    122     0.219452D-03 -0.273251D-04 -0.139190D-03  0.879866D-05  0.733506D-02
    123    -0.316089D-04  0.752640D-05  0.118452D-05 -0.109835D-04 -0.662493D-03
    124    -0.534909D-04  0.421826D-04  0.139709D-04 -0.800664D-05 -0.118778D-03
    125    -0.259019D-04 -0.341677D-04 -0.837780D-05 -0.229502D-05 -0.488165D-03
    126     0.424301D-03  0.389562D-03  0.419930D-05  0.672386D-04  0.980050D-02
    127    -0.548632D-03 -0.135656D-03  0.209132D-04 -0.660523D-04 -0.892520D-02
    128     0.467878D-03  0.116891D-03 -0.250161D-04  0.528826D-04  0.756439D-02
    129    -0.155047D-03 -0.309911D-05  0.165643D-04 -0.182101D-04 -0.603421D-02
    130     0.449447D-04  0.802874D-05 -0.143795D-04  0.225416D-05  0.256935D-02
    131    -0.796722D-05  0.274650D-04 -0.195152D-04 -0.872247D-06  0.559865D-02
    132    -0.411422D-03 -0.218469D-03  0.112347D-04 -0.553857D-04 -0.769298D-02
    133     0.473805D-04  0.589622D-04  0.602131D-06  0.451392D-05 -0.235428D-02
    134     0.174331D-04 -0.672075D-04  0.704431D-05  0.835810D-07  0.214827D-03


           ESTIMATED COVARIANCE MATRIX FOR PARAMETER ESTIMATES
                 71            72            73            74            75
              ________      ________      ________      ________      ________
     71     0.217404D-02
     72     0.493354D-03  0.141088D-02
     73    -0.225030D-03 -0.369571D-03  0.157925D-02
     74     0.893292D-04  0.198526D-03 -0.360153D-04  0.158764D-02
     75     0.115317D-03  0.116697D-03 -0.972257D-04  0.133423D-03  0.154885D-02
     76     0.192932D-03  0.211760D-03 -0.264767D-04  0.126928D-03  0.784712D-03
     77    -0.736040D-04 -0.499774D-04  0.100179D-03  0.424957D-04 -0.125081D-03
     78    -0.777848D-06  0.121698D-04 -0.481042D-05  0.919875D-05 -0.627227D-05
     79     0.100816D-02  0.108377D-02 -0.438353D-03  0.378501D-03  0.312768D-03
     80    -0.351692D-03 -0.473312D-03  0.277587D-03 -0.213487D-03 -0.151191D-03
     81     0.342266D-03  0.523988D-03  0.899952D-05  0.274138D-04  0.679431D-04
     82     0.210784D-03  0.766467D-04 -0.122453D-04 -0.152807D-03  0.194997D-03
     83    -0.514729D-04 -0.667826D-04  0.101224D-04 -0.950091D-05 -0.310183D-04
     84    -0.139762D-03 -0.243899D-03 -0.106190D-04 -0.867687D-04  0.575993D-05
     85    -0.629058D-04 -0.139232D-03  0.412608D-05 -0.102369D-03 -0.245049D-03
     86    -0.761983D-04  0.734934D-04 -0.465675D-04  0.997884D-04 -0.364925D-04
     87    -0.598285D-03 -0.662252D-03  0.179304D-03 -0.166536D-03 -0.262705D-03
     88    -0.163425D-03 -0.552252D-03  0.104632D-03 -0.661567D-04 -0.175260D-03
     89    -0.643868D-03 -0.660331D-03  0.292126D-03 -0.228968D-03 -0.213276D-03
     90    -0.113309D-03 -0.167734D-03  0.584130D-05 -0.171720D-05 -0.142923D-03
     91    -0.777399D-03 -0.895768D-03  0.486256D-03 -0.357768D-03 -0.264463D-03
     92    -0.528274D-03 -0.483365D-03  0.281912D-03 -0.143525D-03 -0.690142D-04
     93     0.343878D-03  0.223408D-03  0.723125D-04  0.802307D-03  0.273443D-03
     94    -0.111436D-03 -0.674876D-04  0.706619D-04 -0.167779D-04  0.290515D-04
     95     0.335317D-06  0.198222D-04 -0.411911D-05 -0.453259D-05  0.473796D-05
     96     0.121883D-01  0.115074D-01 -0.588318D-02  0.291702D-02  0.307576D-02
     97    -0.573159D-02 -0.667223D-02  0.338721D-02 -0.195300D-02 -0.201532D-02
     98     0.843333D-04 -0.121217D-02  0.462237D-03 -0.881329D-03 -0.753355D-03
     99    -0.394704D-02 -0.739913D-03  0.418817D-03 -0.119746D-03 -0.118634D-03
    100    -0.104790D-02 -0.267602D-02  0.894007D-03 -0.609867D-03 -0.398755D-03
    101     0.661074D-03  0.671155D-03 -0.221323D-02  0.107605D-03  0.197808D-03
    102    -0.536657D-03 -0.107303D-02  0.439550D-03 -0.245309D-02 -0.473106D-03
    103    -0.155333D-02 -0.165321D-02  0.939584D-03 -0.615186D-03 -0.247832D-02
    104     0.396061D-04  0.219832D-03 -0.144632D-03  0.561486D-04 -0.825742D-03
    105     0.505330D-03  0.402371D-03 -0.358829D-03  0.179369D-04  0.284426D-03
    106     0.166356D-06 -0.111583D-04  0.153124D-04 -0.611546D-05  0.144328D-04
    107    -0.252990D-02 -0.263423D-02  0.118943D-02 -0.807256D-03 -0.730030D-03
    108     0.352406D-03  0.678846D-03 -0.442576D-03  0.475977D-03  0.383952D-03
    109     0.923363D-03  0.496480D-03 -0.653261D-03  0.231632D-03  0.358915D-03
    110    -0.202336D-03 -0.104318D-03  0.620081D-04  0.211601D-03 -0.165479D-03
    111     0.771799D-04  0.365635D-04  0.343185D-04 -0.464516D-04 -0.349099D-04
    112     0.417889D-03  0.582637D-03 -0.116640D-03  0.153853D-03  0.267041D-04
    113     0.467613D-03  0.678480D-03 -0.232082D-03  0.395712D-03  0.556856D-03
    114    -0.124342D-03  0.237947D-03 -0.546099D-04  0.314962D-03  0.346140D-03
    115     0.166520D-02  0.162768D-02 -0.664190D-03  0.422984D-03  0.488570D-03
    116    -0.515138D-03 -0.207710D-03  0.282655D-03 -0.252166D-03  0.195976D-05
    117     0.219228D-02  0.223956D-02 -0.104954D-02  0.603165D-03  0.626380D-03
    118     0.718229D-03  0.102251D-02 -0.393627D-03  0.237446D-03  0.409398D-03
    119     0.223873D-02  0.256953D-02 -0.137217D-02  0.873328D-03  0.659494D-03
    120     0.152240D-02  0.144546D-02 -0.832157D-03  0.462272D-03  0.325550D-03
    121    -0.209241D-02 -0.174541D-02  0.632586D-03 -0.151897D-02 -0.811192D-03
    122     0.923315D-03  0.921308D-03 -0.496038D-03  0.327975D-03  0.220786D-03
    123    -0.682040D-04 -0.108021D-03  0.390241D-04 -0.204719D-04 -0.273893D-04
    124     0.783816D-04 -0.542748D-04 -0.169069D-03 -0.102497D-03 -0.156294D-03
    125    -0.153357D-02 -0.433237D-04  0.662006D-04  0.511944D-04  0.518763D-04
    126     0.144940D-02  0.134246D-02 -0.681350D-03  0.374464D-03  0.478431D-03
    127    -0.135266D-02 -0.124076D-02  0.569570D-03 -0.295560D-03 -0.347092D-03
    128     0.114663D-02  0.104309D-02 -0.474650D-03  0.259487D-03  0.294548D-03
    129    -0.875543D-03 -0.837228D-03  0.408397D-03 -0.216591D-03 -0.246634D-03
    130     0.226061D-03  0.351514D-03 -0.160402D-03  0.138608D-03  0.133102D-03
    131     0.377287D-03  0.720436D-03 -0.322932D-03  0.406277D-03  0.329636D-03
    132    -0.113732D-02 -0.106762D-02  0.507771D-03 -0.395320D-03 -0.269853D-03
    133    -0.302963D-03 -0.329147D-03  0.175977D-03 -0.120812D-03 -0.895292D-04
    134     0.161714D-03  0.138525D-04 -0.457656D-04 -0.623025D-04 -0.365770D-04


           ESTIMATED COVARIANCE MATRIX FOR PARAMETER ESTIMATES
                 76            77            78            79            80
              ________      ________      ________      ________      ________
     76     0.222247D-02
     77    -0.136223D-03  0.391478D-03
     78    -0.740661D-05 -0.569760D-04  0.239650D-04
     79     0.510833D-03  0.102862D-03 -0.518110D-05  0.396939D-02
     80    -0.285981D-03  0.203490D-03  0.563549D-05 -0.322367D-03  0.423570D-02
     81    -0.685592D-03 -0.192305D-03  0.971759D-06  0.109356D-02 -0.284450D-03
     82     0.314271D-03 -0.141949D-03 -0.484753D-04  0.186055D-03 -0.142055D-03
     83    -0.348115D-04  0.131106D-04 -0.274493D-05 -0.110185D-03  0.103179D-03
     84    -0.325020D-04  0.295435D-04 -0.306976D-05 -0.323784D-03  0.804082D-04
     85    -0.308212D-03  0.383066D-04 -0.104338D-04 -0.545740D-04  0.261867D-03
     86    -0.367141D-04  0.512838D-04 -0.891870D-05  0.211841D-03  0.577187D-04
     87    -0.362626D-03  0.568236D-04 -0.114141D-06 -0.110694D-02  0.599701D-03
     88    -0.176064D-03  0.111328D-03 -0.108097D-04 -0.414068D-03  0.336184D-03
     89    -0.135757D-03 -0.529654D-04  0.115714D-04 -0.136954D-02  0.714960D-03
     90    -0.287916D-03 -0.179714D-04 -0.132588D-05 -0.176588D-03  0.234450D-03
     91    -0.576511D-03  0.171210D-03 -0.127445D-05 -0.170530D-02  0.727241D-03
     92    -0.326136D-03  0.872664D-04  0.449959D-05 -0.982548D-03  0.478697D-03
     93     0.135483D-03  0.388813D-04 -0.240458D-04  0.642109D-03 -0.358063D-03
     94    -0.561218D-04  0.114107D-04 -0.874508D-05 -0.235533D-03  0.129047D-03
     95     0.864545D-05 -0.727373D-06  0.162070D-05  0.175548D-04 -0.200083D-04
     96     0.560943D-02 -0.103081D-02 -0.973101D-04  0.226964D-01 -0.989803D-02
     97    -0.346040D-02  0.592321D-03  0.202154D-04 -0.123831D-01  0.578021D-02
     98    -0.127735D-02  0.255375D-03  0.934139D-06 -0.149922D-02  0.127619D-02
     99    -0.190224D-03  0.979419D-04  0.102995D-04 -0.171916D-02  0.520274D-03
    100    -0.781741D-03  0.134283D-03 -0.908570D-05 -0.272716D-02  0.124751D-02
    101     0.604049D-04 -0.146657D-03  0.627971D-05  0.103396D-02 -0.530311D-03
    102    -0.679507D-03  0.127910D-04 -0.747060D-05 -0.178959D-02  0.109925D-02
    103    -0.183946D-02  0.324947D-03  0.224286D-04 -0.332174D-02  0.167431D-02
    104    -0.271405D-02  0.127793D-03 -0.133586D-05  0.941567D-04  0.527485D-04
    105     0.385462D-03 -0.567973D-03  0.748873D-04  0.580067D-03 -0.522577D-03
    106     0.956955D-05  0.765536D-04 -0.321803D-04  0.109035D-04 -0.297796D-04
    107    -0.120867D-02 -0.493586D-04  0.169752D-04 -0.758913D-02  0.143240D-02
    108     0.546907D-03 -0.214390D-03 -0.228899D-04  0.352087D-03 -0.531690D-02
    109     0.164537D-02  0.188368D-03 -0.206734D-04  0.112189D-02 -0.602258D-03
    110    -0.359716D-03  0.209955D-03  0.697695D-04 -0.303809D-03  0.273050D-03
    111    -0.325353D-04  0.495370D-05  0.147991D-05  0.677988D-04 -0.861873D-04
    112     0.134656D-03 -0.568639D-04  0.244606D-05  0.933351D-03 -0.279560D-03
    113     0.820309D-03 -0.111329D-03  0.198543D-04  0.996546D-03 -0.939976D-03
    114     0.419421D-03 -0.134981D-03  0.165839D-04  0.516105D-04 -0.386118D-03
    115     0.717075D-03 -0.105391D-03  0.402210D-06  0.304383D-02 -0.138396D-02
    116    -0.379984D-03 -0.460093D-04  0.197511D-04 -0.115696D-02  0.431590D-03
    117     0.848236D-03 -0.682898D-04 -0.289208D-04  0.440801D-02 -0.225097D-02
    118     0.925521D-03 -0.389032D-04 -0.901548D-05  0.160974D-02 -0.101893D-02
    119     0.135239D-02 -0.329203D-03 -0.107249D-04  0.485586D-02 -0.197369D-02
    120     0.834939D-03 -0.206230D-03 -0.161057D-04  0.295463D-02 -0.131694D-02
    121    -0.103538D-02  0.727972D-04  0.389950D-04 -0.373627D-02  0.186419D-02
    122     0.557966D-03 -0.109753D-03  0.232938D-05  0.181652D-02 -0.900148D-03
    123    -0.573509D-04  0.713153D-05 -0.166031D-05 -0.179627D-03  0.949400D-04
    124    -0.216878D-03  0.188707D-04 -0.298920D-04  0.402445D-03  0.162808D-03
    125     0.564791D-04  0.281245D-04  0.642020D-05 -0.337284D-03 -0.324960D-05
    126     0.542531D-03 -0.493718D-04 -0.158539D-04  0.266750D-02 -0.134166D-02
    127    -0.536603D-03  0.647564D-04  0.114512D-04 -0.242229D-02  0.121907D-02
    128     0.481977D-03 -0.628594D-04 -0.637157D-05  0.205867D-02 -0.103033D-02
    129    -0.431952D-03  0.721488D-04  0.577919D-05 -0.163620D-02  0.695401D-03
    130     0.226285D-03 -0.345067D-04 -0.176073D-05  0.618706D-03 -0.267206D-03
    131     0.647186D-03 -0.145621D-03 -0.383963D-05  0.110183D-02 -0.873170D-03
    132    -0.497139D-03  0.692696D-04  0.683189D-05 -0.220560D-02  0.106752D-02
    133    -0.188669D-03  0.349041D-04 -0.649204D-06 -0.639596D-03  0.208753D-03
    134    -0.122185D-04  0.980588D-05  0.127308D-05  0.162789D-03  0.295333D-04


           ESTIMATED COVARIANCE MATRIX FOR PARAMETER ESTIMATES
                 81            82            83            84            85
              ________      ________      ________      ________      ________
     81     0.392652D-01
     82     0.201785D-03  0.315809D-02
     83     0.203597D-04 -0.550226D-04  0.273253D-03
     84    -0.300587D-03 -0.107469D-03 -0.180576D-04  0.255589D-03
     85    -0.180068D-03 -0.341812D-04  0.434533D-04  0.921270D-04  0.139343D-02
     86     0.121958D-03 -0.170436D-04  0.144444D-04 -0.146232D-05  0.418242D-04
     87    -0.396096D-03 -0.266154D-03  0.434964D-04  0.141444D-03  0.921775D-04
     88    -0.510016D-03  0.280902D-03  0.552096D-04  0.689285D-04  0.333349D-03
     89    -0.783399D-03 -0.235796D-03  0.123884D-03  0.215870D-03  0.154684D-03
     90    -0.123629D-03  0.220903D-04  0.215972D-04  0.705673D-04  0.640477D-04
     91    -0.922640D-03 -0.410786D-03  0.119581D-03  0.246479D-03  0.102129D-03
     92    -0.974310D-03 -0.415335D-03  0.827516D-04  0.157023D-03 -0.206190D-03
     93     0.953374D-05  0.252853D-03 -0.686437D-04  0.180592D-03 -0.231322D-03
     94    -0.229216D-03 -0.152224D-03  0.173315D-04  0.386697D-04 -0.166156D-04
     95     0.150523D-04  0.385077D-05 -0.598431D-05 -0.154107D-04 -0.564880D-04
     96     0.106013D-01  0.504291D-02 -0.138212D-02 -0.324666D-02 -0.207344D-02
     97    -0.630896D-02 -0.245080D-02  0.688868D-03  0.180528D-02  0.110698D-02
     98    -0.159922D-02 -0.558672D-03 -0.362652D-04  0.434999D-03  0.525237D-03
     99    -0.473805D-03 -0.306684D-03  0.893004D-04  0.194424D-03  0.568293D-04
    100    -0.139751D-02 -0.363323D-03  0.129993D-03  0.562014D-03  0.334192D-03
    101     0.413346D-04  0.829693D-04 -0.112772D-04 -0.114302D-04 -0.798875D-05
    102    -0.719029D-03 -0.579261D-04  0.603270D-04  0.330592D-03  0.402456D-03
    103    -0.137625D-02 -0.808577D-03  0.172508D-03  0.413480D-03  0.706404D-03
    104     0.162672D-02 -0.661868D-04  0.141037D-04 -0.125511D-03  0.373220D-03
    105     0.625174D-03  0.357501D-03 -0.537800D-04 -0.136470D-03 -0.128620D-03
    106     0.194278D-05  0.678162D-04  0.547305D-05  0.772435D-06  0.184142D-04
    107    -0.244857D-02 -0.714780D-03  0.249162D-03  0.795628D-03  0.350901D-03
    108     0.470144D-03  0.236231D-03 -0.114252D-03 -0.901394D-04 -0.528541D-03
    109    -0.547980D-01  0.298923D-03 -0.125404D-03  0.128758D-03 -0.796282D-05
    110    -0.667492D-03 -0.459831D-02  0.368043D-04  0.188976D-03  0.651723D-04
    111    -0.947919D-04  0.206416D-04 -0.373399D-03  0.376528D-04 -0.433479D-04
    112     0.727536D-03  0.253508D-03 -0.181833D-04 -0.404046D-03 -0.114293D-03
    113     0.806397D-03  0.256644D-03 -0.122959D-03 -0.240863D-03 -0.207020D-02
    114     0.482426D-03  0.126289D-03  0.104859D-04 -0.143141D-03 -0.201759D-03
    115     0.987765D-03  0.639952D-03 -0.205024D-03 -0.385056D-03 -0.162471D-03
    116    -0.168472D-03 -0.847193D-03 -0.335333D-04  0.197855D-03 -0.255380D-03
    117     0.236651D-02  0.101312D-02 -0.341168D-03 -0.677246D-03 -0.479467D-03
    118     0.103248D-02  0.341674D-03 -0.132093D-03 -0.312752D-03 -0.220261D-03
    119     0.259945D-02  0.106242D-02 -0.279698D-03 -0.774875D-03 -0.422487D-03
    120     0.222105D-02  0.917176D-03 -0.192539D-03 -0.465502D-03  0.208191D-03
    121    -0.132914D-02 -0.923671D-03  0.273549D-03  0.190902D-03  0.782615D-03
    122     0.111235D-02  0.556830D-03 -0.110472D-03 -0.290483D-03 -0.194638D-03
    123    -0.110614D-03 -0.400365D-04  0.154908D-04  0.426739D-04  0.916742D-04
    124    -0.101859D-03 -0.370440D-04 -0.617837D-05 -0.286375D-05  0.223887D-03
    125     0.180067D-03 -0.958620D-04  0.129958D-04  0.134805D-04 -0.754932D-04
    126     0.113184D-02  0.581969D-03 -0.138481D-03 -0.304078D-03 -0.234910D-03
    127    -0.132060D-02 -0.537149D-03  0.108218D-03  0.285605D-03  0.193150D-03
    128     0.109732D-02  0.464259D-03 -0.940164D-04 -0.243426D-03 -0.162139D-03
    129    -0.756349D-03 -0.352185D-03  0.929602D-04  0.228044D-03  0.124474D-03
    130     0.380227D-03  0.164670D-03 -0.157856D-04 -0.111833D-03 -0.862954D-04
    131     0.919769D-03  0.319512D-03 -0.641867D-04 -0.235729D-03 -0.282487D-03
    132    -0.113992D-02 -0.374380D-03  0.775952D-04  0.258000D-03  0.184485D-03
    133    -0.292000D-03 -0.106215D-03  0.464986D-04  0.952196D-04  0.405475D-04
    134    -0.137407D-03 -0.125880D-04 -0.187318D-04 -0.496992D-06  0.346803D-04


           ESTIMATED COVARIANCE MATRIX FOR PARAMETER ESTIMATES
                 86            87            88            89            90
              ________      ________      ________      ________      ________
     86     0.186145D-02
     87     0.794151D-03  0.214909D-02
     88     0.483958D-04  0.436254D-03  0.248909D-02
     89     0.293389D-04  0.960155D-03  0.459159D-03  0.265519D-02
     90    -0.454178D-04  0.234100D-03  0.170025D-03  0.678387D-03  0.192952D-02
     91     0.302630D-04  0.107797D-02  0.614776D-03  0.105089D-02  0.357936D-03
     92     0.392341D-05  0.727086D-03  0.334255D-03  0.747646D-03  0.144872D-03
     93    -0.752677D-04 -0.600115D-03 -0.272443D-03 -0.691141D-03 -0.204052D-03
     94    -0.139265D-03  0.133351D-03  0.708609D-04  0.196223D-03  0.940733D-05
     95    -0.179102D-06 -0.609959D-05 -0.291087D-04 -0.276581D-04 -0.171003D-04
     96     0.577472D-03 -0.141626D-01 -0.637959D-02 -0.166387D-01 -0.319730D-02
     97    -0.624899D-03  0.831798D-02  0.373636D-02  0.975810D-02  0.226720D-02
     98    -0.295225D-03  0.170539D-02  0.264865D-03  0.228390D-02  0.982846D-03
     99     0.143391D-03  0.849517D-03  0.162511D-03  0.971147D-03  0.418406D-04
    100    -0.268751D-03  0.178498D-02  0.102998D-02  0.201598D-02  0.594374D-03
    101     0.762702D-04 -0.461309D-03 -0.227788D-03 -0.539028D-03  0.938560D-05
    102    -0.258971D-03  0.119850D-02  0.446600D-03  0.138316D-02  0.344559D-03
    103    -0.806061D-04  0.224319D-02  0.113361D-02  0.246466D-02  0.652898D-03
    104    -0.433265D-04 -0.206443D-03  0.366567D-04 -0.668715D-03  0.203826D-03
    105    -0.186934D-04 -0.508397D-03 -0.361518D-03 -0.446572D-03 -0.589249D-04
    106     0.195203D-04  0.250443D-05  0.146523D-04 -0.294457D-04 -0.146910D-04
    107    -0.407682D-03  0.285426D-02  0.109324D-02  0.340684D-02  0.551475D-03
    108     0.154153D-03 -0.685160D-03 -0.399101D-03 -0.105246D-02 -0.398164D-03
    109     0.235621D-05 -0.108519D-02  0.217378D-03 -0.723468D-03 -0.224978D-03
    110    -0.725989D-04  0.476100D-03 -0.433384D-03  0.525176D-03  0.105375D-03
    111    -0.355327D-04 -0.942145D-05 -0.779557D-04 -0.529427D-04  0.222934D-05
    112     0.306418D-04 -0.457391D-03 -0.224395D-03 -0.604525D-03 -0.142017D-03
    113     0.111771D-03 -0.664182D-03 -0.738123D-03 -0.919046D-03 -0.271588D-03
    114    -0.245917D-02 -0.177019D-02  0.823067D-04 -0.881521D-03 -0.323280D-03
    115    -0.113635D-02 -0.389411D-02 -0.981445D-03 -0.240927D-02 -0.473947D-03
    116     0.351316D-04  0.646759D-03 -0.313021D-02  0.770184D-03  0.107833D-03
    117     0.136346D-04 -0.308453D-02 -0.140210D-02 -0.561708D-02 -0.133860D-02
    118     0.180296D-03 -0.121068D-02 -0.686143D-03 -0.208200D-02 -0.293484D-02
    119     0.777369D-04 -0.313688D-02 -0.150097D-02 -0.336817D-02 -0.900827D-03
    120     0.111260D-04 -0.214961D-02 -0.867151D-03 -0.230622D-02 -0.502618D-03
    121    -0.343678D-04  0.276961D-02  0.127952D-02  0.321759D-02  0.780056D-03
    122     0.218340D-03 -0.126241D-02 -0.522701D-03 -0.156686D-02 -0.342795D-03
    123    -0.185472D-04  0.101318D-03  0.801252D-04  0.162182D-03  0.541780D-04
    124    -0.189386D-03  0.143908D-03  0.200579D-03  0.157564D-03  0.314732D-03
    125     0.107757D-03  0.153978D-05 -0.100264D-03  0.196318D-04 -0.178710D-03
    126     0.565125D-04 -0.166766D-02 -0.964609D-03 -0.180112D-02 -0.311140D-03
    127    -0.559084D-04  0.153147D-02  0.920934D-03  0.164925D-02  0.333605D-03
    128     0.453420D-04 -0.130775D-02 -0.785117D-03 -0.138994D-02 -0.303734D-03
    129    -0.411742D-04  0.102275D-02  0.473222D-03  0.118166D-02  0.238477D-03
    130     0.451236D-04 -0.441395D-03 -0.141289D-03 -0.538125D-03 -0.122161D-03
    131     0.137613D-03 -0.104120D-02 -0.297938D-03 -0.133098D-02 -0.497333D-03
    132    -0.207684D-04  0.125045D-02  0.878727D-03  0.136431D-02  0.332089D-03
    133    -0.338588D-04  0.398144D-03  0.108605D-03  0.467987D-03  0.959635D-04
    134     0.180860D-04 -0.115288D-04 -0.621954D-04  0.536163D-04  0.268637D-04


           ESTIMATED COVARIANCE MATRIX FOR PARAMETER ESTIMATES
                 91            92            93            94            95
              ________      ________      ________      ________      ________
     91     0.438784D-02
     92     0.139719D-02  0.226804D-02
     93    -0.677447D-03 -0.366056D-03  0.245244D-02
     94     0.128323D-03  0.842427D-04 -0.387193D-04  0.511160D-03
     95    -0.152874D-04 -0.620952D-06  0.171158D-04 -0.298436D-05  0.149407D-04
     96    -0.200363D-01 -0.120993D-01  0.855428D-02 -0.237935D-02  0.228567D-03
     97     0.117221D-01  0.715637D-02 -0.500404D-02  0.139505D-02 -0.915235D-04
     98     0.265576D-02  0.151049D-02 -0.133610D-02  0.157705D-03 -0.840988D-05
     99     0.118172D-02  0.791990D-03 -0.581533D-03  0.182523D-03  0.864239D-05
    100     0.260327D-02  0.140780D-02 -0.816980D-03  0.182292D-03 -0.350625D-04
    101    -0.100949D-02 -0.538563D-03  0.162835D-04 -0.119242D-03  0.547209D-05
    102     0.185671D-02  0.105599D-02 -0.173542D-02  0.160584D-03 -0.696689D-05
    103     0.296780D-02  0.170023D-02 -0.153266D-02  0.236573D-03 -0.320225D-04
    104    -0.277258D-03 -0.154370D-03  0.201668D-03 -0.356857D-05 -0.399086D-05
    105    -0.846415D-03 -0.511875D-03  0.219264D-03 -0.909618D-04  0.590904D-05
    106    -0.143543D-04 -0.114072D-04  0.311743D-04  0.706003D-05 -0.244527D-05
    107     0.434251D-02  0.249505D-02 -0.161245D-02  0.474133D-03 -0.488162D-04
    108    -0.892259D-03 -0.581159D-03  0.518151D-03 -0.143731D-03  0.203002D-04
    109    -0.867338D-03  0.152826D-03  0.986099D-03  0.281925D-05  0.190838D-05
    110     0.726517D-03  0.727020D-03 -0.373796D-03  0.187042D-03  0.239751D-05
    111    -0.234570D-04 -0.178779D-04  0.155491D-04 -0.177686D-04  0.686385D-05
    112    -0.757892D-03 -0.464551D-03 -0.103568D-03 -0.887484D-04  0.224918D-04
    113    -0.998135D-03 -0.166238D-03  0.808632D-03 -0.660751D-04  0.835504D-04
    114    -0.100107D-02 -0.580770D-03  0.685126D-03  0.114984D-03 -0.928297D-05
    115    -0.282819D-02 -0.182891D-02  0.143453D-02 -0.364094D-03  0.154392D-04
    116     0.903427D-03  0.560242D-03 -0.343232D-03  0.701808D-04  0.221597D-04
    117    -0.388692D-02 -0.252747D-02  0.203860D-02 -0.540203D-03  0.657986D-04
    118    -0.185533D-02 -0.103227D-02  0.848130D-03 -0.194770D-03  0.422692D-04
    119    -0.815737D-02 -0.336176D-02  0.189297D-02 -0.400087D-03  0.501424D-04
    120    -0.345871D-02 -0.397858D-02  0.123298D-02 -0.288922D-03  0.105478D-04
    121     0.358467D-02  0.216936D-02 -0.446866D-02  0.449753D-03 -0.507198D-04
    122    -0.168140D-02 -0.103692D-02  0.839785D-03 -0.861706D-03  0.185247D-04
    123     0.169090D-03  0.849125D-04 -0.816534D-04  0.181994D-04 -0.193592D-04
    124    -0.309598D-04 -0.164794D-04 -0.119232D-03 -0.132397D-05 -0.182545D-04
    125     0.987221D-04  0.659974D-04 -0.597798D-04  0.222856D-04  0.103838D-04
    126    -0.239262D-02 -0.164990D-02  0.112464D-02 -0.256337D-03  0.333944D-04
    127     0.216203D-02  0.137702D-02 -0.924386D-03  0.264336D-03 -0.335501D-04
    128    -0.187986D-02 -0.115552D-02  0.759380D-03 -0.221214D-03  0.267473D-04
    129     0.145256D-02  0.878410D-03 -0.611613D-03  0.175289D-03 -0.156741D-04
    130    -0.641072D-03 -0.369166D-03  0.285843D-03 -0.717442D-04  0.254436D-05
    131    -0.157337D-02 -0.961273D-03  0.773242D-03 -0.121401D-03  0.148332D-04
    132     0.197293D-02  0.122683D-02 -0.823042D-03  0.221614D-03 -0.276812D-04
    133     0.571462D-03  0.342589D-03 -0.254873D-03  0.709743D-04 -0.313287D-05
    134    -0.273611D-04 -0.120665D-04 -0.599190D-04 -0.115862D-04 -0.417218D-05


           ESTIMATED COVARIANCE MATRIX FOR PARAMETER ESTIMATES
                 96            97            98            99           100
              ________      ________      ________      ________      ________
     96     0.362237D+00
     97    -0.165357D+00  0.111558D+00
     98    -0.112794D-01  0.499667D-01  0.905252D-01
     99    -0.218009D-01  0.980756D-02 -0.864837D-03  0.818999D-02
    100    -0.337422D-01  0.284614D-01  0.228663D-01  0.165598D-02  0.122287D-01
    101     0.174372D-01 -0.643811D-02  0.491327D-02 -0.143475D-02 -0.990042D-03
    102    -0.226829D-01  0.193032D-01  0.170942D-01  0.820379D-03  0.674880D-02
    103    -0.514688D-01  0.274867D-01  0.841927D-02  0.261624D-02  0.641351D-02
    104     0.479701D-03 -0.882858D-02 -0.190002D-01 -0.116501D-03 -0.467383D-02
    105     0.135961D-01 -0.628570D-02 -0.332929D-03 -0.902172D-03 -0.119874D-02
    106     0.815049D-04 -0.338813D-03 -0.704842D-03 -0.895146D-05 -0.147269D-03
    107    -0.678920D-01  0.373041D-01  0.772630D-02  0.463326D-02  0.864499D-02
    108     0.124556D-01 -0.128917D-01 -0.121318D-01 -0.473127D-03 -0.425107D-02
    109     0.199279D-01 -0.888926D-02 -0.123543D-02 -0.187615D-02 -0.183492D-02
    110    -0.731372D-02  0.923226D-02  0.117482D-01  0.276598D-03  0.278261D-02
    111     0.150039D-02  0.875081D-03  0.335597D-02 -0.174651D-03  0.638520D-03
    112     0.127465D-01 -0.584517D-02  0.147665D-03 -0.731386D-03 -0.154665D-02
    113     0.151191D-01 -0.115242D-01 -0.101231D-01 -0.567064D-03 -0.386288D-02
    114    -0.170313D-02 -0.194336D-01 -0.416076D-01  0.491006D-03 -0.935552D-02
    115     0.473743D-01 -0.210800D-01  0.460269D-02 -0.283381D-02 -0.324960D-02
    116    -0.136750D-01  0.134970D-01  0.190476D-01  0.944510D-03  0.483481D-02
    117     0.692699D-01 -0.375651D-01 -0.899117D-02 -0.375128D-02 -0.812243D-02
    118     0.271031D-01 -0.177402D-01 -0.947285D-02 -0.108615D-02 -0.477784D-02
    119     0.699652D-01 -0.415547D-01 -0.153953D-01 -0.386285D-02 -0.101794D-01
    120     0.444789D-01 -0.252077D-01 -0.692613D-02 -0.274364D-02 -0.541375D-02
    121    -0.609414D-01  0.304156D-01  0.427423D-02  0.366235D-02  0.560435D-02
    122     0.273438D-01 -0.186647D-01 -0.123319D-01 -0.158776D-02 -0.514456D-02
    123    -0.255800D-02  0.165667D-02  0.111468D-02  0.942992D-04  0.527828D-03
    124     0.314281D-02  0.172684D-02  0.424280D-02 -0.160785D-02  0.920763D-03
    125    -0.388410D-02 -0.219686D-03 -0.262189D-02  0.343184D-02 -0.446136D-03
    126     0.265167D-01 -0.127110D-01  0.233847D-03 -0.197865D-02 -0.234949D-02
    127    -0.228482D-01  0.120050D-01  0.255805D-03  0.185125D-02  0.232570D-02
    128     0.188234D-01 -0.102791D-01 -0.289828D-03 -0.157013D-02 -0.195667D-02
    129    -0.212254D-01  0.106084D-01  0.175504D-02  0.141809D-02  0.231008D-02
    130     0.692937D-02 -0.775579D-02 -0.919203D-02 -0.278937D-03 -0.283954D-02
    131     0.165962D-01 -0.248513D-01 -0.358000D-01 -0.641720D-03 -0.987871D-02
    132    -0.193977D-01  0.104053D-01  0.342058D-03  0.152018D-02  0.202818D-02
    133    -0.100330D-01  0.563744D-02  0.152226D-02  0.605752D-03  0.130871D-02
    134     0.255626D-02  0.252951D-02  0.803836D-02 -0.338093D-03  0.170492D-02


           ESTIMATED COVARIANCE MATRIX FOR PARAMETER ESTIMATES
                101           102           103           104           105
              ________      ________      ________      ________      ________
    101     0.657066D-02
    102    -0.418753D-03  0.102559D-01
    103    -0.234070D-02  0.503055D-02  0.133134D-01
    104    -0.100095D-02 -0.303951D-02  0.106241D-02  0.116457D-01
    105     0.939500D-03 -0.622300D-03 -0.237862D-02 -0.467662D-03  0.210915D-02
    106    -0.640508D-04 -0.103471D-03 -0.820236D-04  0.139735D-03 -0.222107D-03
    107    -0.301279D-02  0.578533D-02  0.102495D-01 -0.129299D-02 -0.181252D-02
    108     0.391630D-03 -0.378818D-02 -0.320787D-02  0.192690D-02  0.592765D-03
    109     0.220232D-02 -0.137424D-02 -0.330218D-02 -0.285256D-02  0.293968D-03
    110     0.452669D-03  0.162665D-02  0.208517D-02 -0.201004D-02 -0.984364D-03
    111     0.184072D-03  0.658835D-03  0.812275D-04 -0.736725D-03  0.479095D-04
    112     0.395031D-03 -0.871715D-03 -0.155548D-02  0.436896D-04  0.552566D-03
    113    -0.643163D-04 -0.294411D-02 -0.371914D-02  0.665579D-03  0.725037D-03
    114    -0.268611D-02 -0.707331D-02 -0.296439D-02  0.899037D-02 -0.109318D-03
    115     0.225336D-02 -0.191975D-02 -0.645510D-02 -0.127876D-02  0.171798D-02
    116     0.413773D-03  0.414305D-02  0.270858D-02 -0.422866D-02 -0.110342D-03
    117     0.249437D-02 -0.538271D-02 -0.104867D-01  0.206492D-02  0.236448D-02
    118     0.765413D-03 -0.318673D-02 -0.469124D-02  0.856477D-03  0.815257D-03
    119     0.342442D-02 -0.729084D-02 -0.109139D-01  0.282675D-02  0.270456D-02
    120     0.198924D-02 -0.406877D-02 -0.656323D-02  0.105532D-02  0.182101D-02
    121    -0.163340D-02  0.688300D-02  0.986348D-02  0.162690D-04 -0.219906D-02
    122     0.640545D-03 -0.384500D-02 -0.453982D-02  0.242255D-02  0.101273D-02
    123    -0.401918D-04  0.326312D-03  0.454724D-03 -0.168112D-03 -0.849451D-04
    124     0.627493D-03  0.826243D-03  0.314017D-03 -0.267679D-03  0.749107D-04
    125    -0.426104D-03 -0.522418D-03  0.873843D-04  0.285277D-03 -0.198863D-03
    126     0.119621D-02 -0.179609D-02 -0.372725D-02 -0.300135D-04  0.924599D-03
    127    -0.103325D-02  0.156098D-02  0.313442D-02 -0.372903D-04 -0.843067D-03
    128     0.879070D-03 -0.135062D-02 -0.263025D-02 -0.132993D-04  0.713237D-03
    129    -0.929565D-03  0.155627D-02  0.309255D-02 -0.189068D-03 -0.790010D-03
    130    -0.208136D-03 -0.209486D-02 -0.167371D-02  0.187267D-02  0.241202D-03
    131    -0.144691D-02 -0.742811D-02 -0.475220D-02  0.748670D-02  0.589977D-03
    132    -0.905294D-03  0.156870D-02  0.266668D-02  0.123114D-03 -0.752838D-03
    133    -0.488903D-03  0.896280D-03  0.154762D-02 -0.139825D-03 -0.377756D-03
    134     0.677615D-03  0.132331D-02  0.256895D-03 -0.181605D-02  0.120221D-03


           ESTIMATED COVARIANCE MATRIX FOR PARAMETER ESTIMATES
                106           107           108           109           110
              ________      ________      ________      ________      ________
    106     0.946489D-04
    107    -0.561800D-04  0.211735D-01
    108     0.186242D-03 -0.171181D-02  0.136607D-01
    109     0.448259D-04 -0.366377D-02  0.137969D-02  0.108393D+00
    110    -0.221934D-03  0.141892D-02 -0.168790D-02 -0.655682D-03  0.167455D-01
    111    -0.294990D-04 -0.149675D-03 -0.204939D-03  0.250227D-03  0.353763D-03
    112    -0.156675D-04 -0.270051D-02  0.130957D-03 -0.386247D-03 -0.487421D-03
    113     0.610764D-05 -0.346206D-02  0.293439D-02 -0.115336D-03 -0.150692D-02
    114     0.284930D-03 -0.192105D-02  0.467025D-02  0.358360D-03 -0.502393D-02
    115    -0.758915D-04 -0.875610D-02  0.467930D-03  0.379605D-02 -0.198695D-03
    116    -0.179061D-03  0.393396D-02 -0.269817D-02 -0.257981D-02  0.431667D-02
    117     0.788645D-04 -0.135592D-01  0.380815D-02  0.421059D-02 -0.258787D-02
    118     0.596632D-04 -0.544909D-02  0.234928D-02  0.236025D-02 -0.157621D-02
    119     0.128014D-03 -0.149713D-01  0.419858D-02  0.324917D-02 -0.316046D-02
    120     0.580679D-04 -0.873282D-02  0.191928D-02 -0.157976D-03 -0.230901D-02
    121    -0.769394D-04  0.113792D-01 -0.265162D-02 -0.491492D-02  0.185649D-02
    122     0.789586D-04 -0.582266D-02  0.244416D-02  0.131127D-02 -0.269579D-02
    123    -0.550011D-05  0.566340D-03 -0.262092D-03 -0.861544D-04  0.197207D-03
    124     0.251336D-04 -0.912299D-03 -0.900074D-03  0.223814D-03  0.605650D-03
    125     0.675154D-05  0.780404D-03  0.369628D-03 -0.725046D-03 -0.189133D-03
    126    -0.143634D-04 -0.531803D-02  0.134629D-02  0.133728D-02 -0.274437D-04
    127     0.634954D-05  0.486856D-02 -0.130118D-02 -0.598323D-03  0.218200D-03
    128    -0.807813D-05 -0.413717D-02  0.108088D-02  0.475673D-03 -0.253693D-03
    129    -0.142499D-04  0.423977D-02 -0.903592D-03 -0.117726D-02  0.556254D-03
    130     0.739591D-04 -0.193952D-02  0.135939D-02  0.399985D-03 -0.129765D-02
    131     0.282846D-03 -0.515553D-02  0.515368D-02  0.504968D-03 -0.479857D-02
    132     0.121849D-04  0.438500D-02 -0.106279D-02 -0.484955D-03  0.146670D-03
    133    -0.912061D-05  0.213400D-02 -0.391811D-03 -0.651537D-03  0.374538D-03
    134    -0.688601D-04 -0.989118D-04 -0.949263D-03  0.311331D-03  0.973306D-03


           ESTIMATED COVARIANCE MATRIX FOR PARAMETER ESTIMATES
                111           112           113           114           115
              ________      ________      ________      ________      ________
    111     0.113843D-02
    112    -0.199416D-04  0.128207D-02
    113    -0.105668D-03  0.626806D-03  0.717087D-02
    114    -0.148959D-02 -0.325589D-03  0.413329D-02  0.266060D-01
    115     0.459178D-03  0.165527D-02  0.967402D-03  0.416468D-03  0.123150D-01
    116     0.750964D-03 -0.370823D-03 -0.131781D-02 -0.899365D-02 -0.330230D-03
    117     0.227046D-03  0.248218D-02  0.373942D-02  0.316315D-02  0.945364D-02
    118    -0.144421D-03  0.108372D-02  0.199959D-02  0.346776D-02  0.295281D-02
    119    -0.165680D-03  0.260277D-02  0.401323D-02  0.596098D-02  0.886303D-02
    120    -0.457770D-04  0.163287D-02  0.119767D-02  0.259908D-02  0.620716D-02
    121    -0.301992D-03 -0.100954D-02 -0.386217D-02 -0.120182D-02 -0.871486D-02
    122    -0.302108D-03  0.870308D-03  0.223495D-02  0.486109D-02  0.301579D-02
    123     0.726599D-05 -0.130920D-03 -0.459006D-03 -0.432654D-03 -0.235829D-03
    124     0.181608D-03  0.110644D-03 -0.848989D-03 -0.169483D-02  0.162639D-03
    125    -0.129976D-03 -0.107725D-03  0.292511D-03  0.111692D-02 -0.400164D-03
    126     0.560899D-04  0.885142D-03  0.968761D-03 -0.467119D-03  0.389155D-02
    127    -0.461615D-04 -0.815354D-03 -0.901484D-03  0.256169D-03 -0.345604D-02
    128     0.488558D-04  0.688175D-03  0.750993D-03 -0.123589D-03  0.293784D-02
    129    -0.345606D-04 -0.737419D-03 -0.101437D-02 -0.440560D-03 -0.278774D-02
    130    -0.322822D-03  0.198704D-03  0.124605D-02  0.413145D-02  0.313800D-03
    131    -0.121463D-02  0.409988D-03  0.444323D-02  0.162986D-01 -0.156786D-03
    132    -0.277870D-04 -0.714569D-03 -0.820539D-03  0.967639D-04 -0.287997D-02
    133    -0.261484D-04 -0.352368D-03 -0.547331D-03 -0.476848D-03 -0.127924D-02
    134     0.331021D-03  0.138850D-03 -0.779025D-03 -0.382312D-02  0.941227D-03


           ESTIMATED COVARIANCE MATRIX FOR PARAMETER ESTIMATES
                116           117           118           119           120
              ________      ________      ________      ________      ________
    116     0.135928D-01
    117    -0.358962D-02  0.199746D-01
    118    -0.225983D-02  0.769212D-02  0.103105D-01
    119    -0.475356D-02  0.135937D-01  0.683099D-02  0.256848D-01
    120    -0.223069D-02  0.912052D-02  0.388853D-02  0.115805D-01  0.122943D-01
    121     0.202999D-02 -0.128368D-01 -0.498680D-02 -0.121401D-01 -0.796622D-02
    122    -0.334001D-02  0.621947D-02  0.320810D-02  0.667868D-02  0.405132D-02
    123     0.236311D-03 -0.609573D-03 -0.339144D-03 -0.644470D-03 -0.323885D-03
    124     0.159116D-03 -0.198370D-03 -0.101488D-02 -0.109777D-03  0.147777D-03
    125    -0.683305D-04 -0.222111D-03  0.490944D-03 -0.185953D-03 -0.219891D-03
    126    -0.440346D-03  0.462874D-02  0.172158D-02  0.524392D-02  0.381581D-02
    127     0.319872D-03 -0.422186D-02 -0.163710D-02 -0.487310D-02 -0.323737D-02
    128    -0.263522D-03  0.355555D-02  0.139694D-02  0.418879D-02  0.271018D-02
    129     0.973357D-03 -0.410385D-02 -0.163953D-02 -0.432264D-02 -0.273961D-02
    130    -0.213871D-02  0.197836D-02  0.134095D-02  0.265722D-02  0.140104D-02
    131    -0.779312D-02  0.573783D-02  0.446030D-02  0.845379D-02  0.420488D-02
    132     0.202745D-03 -0.352309D-02 -0.142701D-02 -0.434068D-02 -0.284393D-02
    133     0.675863D-03 -0.210515D-02 -0.908824D-03 -0.219216D-02 -0.134833D-02
    134     0.167076D-02 -0.116195D-03 -0.476587D-03 -0.544023D-03 -0.117705D-03


           ESTIMATED COVARIANCE MATRIX FOR PARAMETER ESTIMATES
                121           122           123           124           125
              ________      ________      ________      ________      ________
    121     0.187748D-01
    122    -0.519157D-02  0.537729D-02
    123     0.495872D-03 -0.316952D-03  0.852705D-04
    124    -0.306084D-04 -0.324959D-03  0.751992D-04  0.583234D-02
    125     0.494986D-03  0.224516D-04 -0.267436D-04 -0.172963D-02  0.205518D-02
    126    -0.471144D-02  0.170479D-02 -0.189661D-03 -0.330491D-03 -0.272665D-03
    127     0.404157D-02 -0.164199D-02  0.180478D-03  0.418869D-03  0.222081D-03
    128    -0.339663D-02  0.138020D-02 -0.150758D-03 -0.346704D-03 -0.181838D-03
    129     0.363956D-02 -0.174094D-02  0.165427D-03 -0.140492D-03  0.245149D-03
    130    -0.143916D-02  0.168220D-02 -0.150399D-03 -0.360749D-03  0.197933D-03
    131    -0.371088D-02  0.572584D-02 -0.529168D-03 -0.130227D-02  0.759403D-03
    132     0.352628D-02 -0.141526D-02  0.152469D-03  0.450422D-03  0.154749D-03
    133     0.179050D-02 -0.948928D-03  0.798573D-04 -0.129929D-03  0.764622D-04
    134    -0.221117D-03 -0.844305D-03  0.843346D-04  0.342804D-03 -0.261178D-03


           ESTIMATED COVARIANCE MATRIX FOR PARAMETER ESTIMATES
                126           127           128           129           130
              ________      ________      ________      ________      ________
    126     0.109376D-01
    127    -0.855841D-02  0.742844D-02
    128     0.681747D-02 -0.608390D-02  0.520830D-02
    129    -0.246375D-02  0.208876D-02 -0.171308D-02  0.155532D-02
    130     0.516983D-03 -0.507783D-03  0.434282D-03 -0.586115D-03  0.117072D-02
    131     0.746072D-03 -0.800009D-03  0.692308D-03 -0.124014D-02  0.355323D-02
    132    -0.712463D-02  0.623361D-02 -0.523692D-02  0.175657D-02 -0.451516D-03
    133     0.521171D-03 -0.383305D-03  0.296636D-03  0.540505D-03 -0.323598D-03
    134     0.582972D-04 -0.463114D-04  0.561070D-04 -0.763175D-04 -0.749562D-03


           ESTIMATED COVARIANCE MATRIX FOR PARAMETER ESTIMATES
                131           132           133           134
              ________      ________      ________      ________
    131     0.169291D-01
    132    -0.720415D-03  0.616809D-02
    133    -0.844472D-03 -0.274041D-03  0.709820D-03
    134    -0.319667D-02 -0.365785D-04 -0.359996D-04  0.115964D-02


           ESTIMATED CORRELATION MATRIX FOR PARAMETER ESTIMATES
                  1             2             3             4             5
              ________      ________      ________      ________      ________
      1         1.000
      2         0.178         1.000
      3         0.209         0.323         1.000
      4        -0.428         0.264         0.076         1.000
      5         0.071        -0.404        -0.069        -0.141         1.000
      6         0.268        -0.008        -0.656        -0.105         0.062
      7         0.484         0.342         0.274        -0.029         0.022
      8         0.181        -0.082        -0.046        -0.287         0.088
      9        -0.002        -0.007        -0.002         0.054         0.021
     10        -0.031         0.099         0.015         0.080        -0.216
     11         0.023        -0.005         0.006        -0.012         0.094
     12        -0.154        -0.036         0.182         0.056        -0.014
     13         0.053         0.048         0.009        -0.001         0.086
     14        -0.214        -0.025        -0.102         0.124        -0.080
     15         0.035         0.013        -0.028        -0.005         0.094
     16        -0.186         0.097        -0.223         0.083        -0.077
     17         0.073        -0.152         0.084        -0.091         0.058
     18         0.002         0.052         0.067         0.069        -0.035
     19         0.036        -0.148        -0.124        -0.104         0.087
     20        -0.058        -0.104        -0.104         0.015        -0.087
     21        -0.106        -0.080        -0.130         0.015         0.039
     22        -0.048        -0.270         0.178        -0.033         0.098
     23         0.200        -0.059        -0.038        -0.114         0.035
     24         0.174         0.185         0.045        -0.046        -0.034
     25        -0.142         0.039         0.247         0.151         0.014
     26         0.153        -0.079         0.221        -0.042         0.084
     27        -0.060         0.092         0.038         0.065        -0.045
     28         0.035        -0.200        -0.081        -0.098         0.081
     29        -0.052         0.264         0.005         0.116        -0.107
     30        -0.096        -0.236         0.016        -0.010         0.081
     31        -0.110        -0.034        -0.211        -0.072        -0.021
     32         0.017        -0.257        -0.177        -0.127         0.090
     33         0.211        -0.002         0.165        -0.079         0.038
     34         0.009        -0.193         0.172        -0.009         0.056
     35        -0.101         0.005         0.172         0.051         0.008
     36         0.160         0.143         0.267        -0.026        -0.053
     37        -0.227         0.164        -0.031         0.167        -0.099
     38         0.171        -0.163        -0.072        -0.120         0.078
     39         0.197         0.058        -0.139        -0.096        -0.040
     40         0.069         0.102         0.062        -0.005         0.001
     41         0.014        -0.246         0.095        -0.082         0.088
     42         0.091         0.074        -0.244        -0.038        -0.035
     43         0.222         0.221         0.043        -0.063        -0.056
     44         0.039        -0.402        -0.049        -0.149         0.196
     45         0.061         0.130         0.107        -0.016         0.072
     46         0.049         0.031         0.088        -0.013         0.010
     47         0.051         0.215        -0.106         0.027        -0.049
     48        -0.162         0.000        -0.007         0.032         0.021
     49        -0.237        -0.223        -0.083         0.025         0.068
     50         0.091        -0.006        -0.146        -0.111        -0.023
     51        -0.073         0.098        -0.118         0.055        -0.040
     52         0.066        -0.058        -0.024        -0.072         0.035
     53        -0.079         0.076         0.006         0.079        -0.058
     54         0.051        -0.221        -0.039        -0.117         0.090
     55         0.068         0.222         0.010         0.050        -0.047
     56         0.058         0.038         0.147         0.020         0.018
     57        -0.032         0.187         0.105         0.113        -0.114
     58        -0.109         0.043        -0.072         0.080        -0.025
     59         0.012         0.184        -0.122         0.056        -0.038
     60         0.063        -0.018        -0.100        -0.026         0.016
     61        -0.064        -0.044        -0.150         0.004         0.016
     62         0.118        -0.156         0.003        -0.112         0.057
     63        -0.045         0.210         0.110         0.065        -0.100
     64        -0.090        -0.011         0.092         0.026        -0.023
     65         0.028        -0.009         0.004        -0.033         0.015
     66         0.038         0.253        -0.002         0.077        -0.079
     67        -0.150        -0.146         0.124         0.053         0.034
     68        -0.050        -0.064         0.029         0.014         0.019
     69        -0.072         0.257         0.038         0.114        -0.131
     70        -0.187         0.358         0.142         0.234        -0.204
     71        -0.072         0.235         0.119         0.166        -0.217
     72        -0.096         0.239         0.129         0.118        -0.137
     73         0.087        -0.024        -0.113        -0.057         0.031
     74        -0.105        -0.003        -0.001         0.038        -0.015
     75        -0.129        -0.013        -0.005         0.047         0.021
     76         0.013         0.105         0.006         0.020        -0.022
     77        -0.027        -0.005        -0.053        -0.018        -0.016
     78         0.021        -0.035        -0.027        -0.049         0.056
     79        -0.148         0.273         0.102         0.166        -0.160
     80         0.073        -0.156        -0.055        -0.113         0.093
     81         0.005         0.100         0.019         0.039        -0.033
     82         0.012         0.081         0.106         0.064        -0.043
     83         0.013        -0.020        -0.008         0.002         0.035
     84         0.000        -0.118        -0.068        -0.042         0.076
     85         0.006        -0.009        -0.071        -0.041        -0.005
     86         0.014         0.013        -0.030        -0.022         0.035
     87         0.106        -0.221        -0.123        -0.160         0.134
     88         0.077        -0.146        -0.041        -0.082         0.054
     89         0.090        -0.175        -0.062        -0.117         0.095
     90        -0.025        -0.054        -0.002        -0.026        -0.004
     91         0.137        -0.201        -0.085        -0.147         0.113
     92         0.158        -0.112        -0.103        -0.134         0.091
     93        -0.144         0.059         0.108         0.096        -0.065
     94         0.008        -0.093        -0.016        -0.017         0.034
     95         0.003         0.139         0.054         0.017        -0.039
     96        -0.102         0.203         0.140         0.137        -0.127
     97         0.057        -0.228        -0.131        -0.141         0.102
     98        -0.072        -0.006        -0.048         0.006        -0.051
     99         0.046        -0.149        -0.081        -0.125         0.199
    100        -0.026        -0.153        -0.126        -0.049         0.040
    101        -0.044         0.017         0.095         0.045        -0.052
    102         0.058        -0.053        -0.044        -0.062         0.023
    103         0.106        -0.117        -0.102        -0.098         0.055
    104         0.022        -0.012         0.053         0.027         0.006
    105        -0.008         0.098         0.129         0.060        -0.033
    106         0.016         0.027        -0.001         0.028        -0.049
    107         0.072        -0.228        -0.123        -0.118         0.129
    108        -0.055         0.108         0.043         0.129        -0.042
    109        -0.038        -0.056         0.018         0.011         0.003
    110        -0.075        -0.042        -0.089        -0.013         0.007
    111        -0.014        -0.006        -0.041        -0.021        -0.041
    112        -0.001         0.158         0.108         0.054        -0.082
    113         0.014         0.068         0.093         0.062         0.015
    114         0.050        -0.023         0.048        -0.006         0.027
    115        -0.089         0.198         0.121         0.110        -0.137
    116        -0.049         0.010        -0.054         0.016         0.011
    117        -0.039         0.171         0.107         0.099        -0.093
    118         0.012         0.120         0.053         0.060        -0.038
    119        -0.047         0.184         0.122         0.118        -0.080
    120        -0.102         0.110         0.132         0.094        -0.066
    121         0.105        -0.140        -0.128        -0.116         0.108
    122         0.017         0.152         0.102         0.053        -0.048
    123         0.003        -0.188        -0.106        -0.061         0.062
    124        -0.047        -0.115        -0.111         0.009        -0.078
    125         0.037        -0.016        -0.002        -0.059         0.151
    126        -0.547         0.390         0.311         0.379        -0.251
    127         0.393        -0.574        -0.358        -0.410         0.300
    128        -0.366         0.577         0.327         0.384        -0.310
    129         0.238        -0.298        -0.134        -0.256         0.189
    130         0.022         0.103         0.079         0.068        -0.010
    131         0.057         0.020         0.085         0.000         0.024
    132         0.384        -0.510        -0.316        -0.348         0.277
    133        -0.143         0.099         0.115         0.078        -0.041
    134        -0.045         0.022        -0.043         0.050        -0.058


           ESTIMATED CORRELATION MATRIX FOR PARAMETER ESTIMATES
                  6             7             8             9            10
              ________      ________      ________      ________      ________
      6         1.000
      7         0.139         1.000
      8         0.076         0.078         1.000
      9         0.015         0.002        -0.166         1.000
     10        -0.030        -0.044        -0.065        -0.003         1.000
     11         0.015         0.041         0.039         0.151        -0.164
     12        -0.419        -0.110        -0.043         0.020         0.053
     13         0.119         0.088        -0.029         0.022        -0.084
     14        -0.020        -0.209        -0.070         0.024         0.134
     15         0.060         0.069         0.002         0.021        -0.060
     16         0.118        -0.102        -0.018        -0.016         0.012
     17        -0.056         0.000         0.049        -0.003        -0.024
     18        -0.064        -0.010        -0.033         0.023         0.057
     19         0.125         0.014         0.037         0.030        -0.123
     20         0.028        -0.067        -0.051        -0.061         0.130
     21         0.051        -0.106         0.028         0.010        -0.027
     22        -0.179        -0.007        -0.021         0.010        -0.023
     23         0.081         0.042         0.059         0.015        -0.045
     24         0.051         0.129         0.018        -0.017        -0.013
     25        -0.224        -0.004        -0.046         0.044        -0.001
     26        -0.111         0.134         0.018         0.003         0.003
     27        -0.026        -0.030        -0.007        -0.005        -0.025
     28         0.029        -0.074         0.088         0.035        -0.003
     29         0.027        -0.015        -0.017        -0.008         0.063
     30        -0.086        -0.085        -0.001         0.007        -0.011
     31         0.140        -0.073         0.019        -0.025         0.003
     32         0.047        -0.063         0.019        -0.002        -0.010
     33        -0.027         0.133         0.006        -0.002        -0.008
     34        -0.136        -0.031        -0.021        -0.017         0.019
     35        -0.130        -0.053        -0.005         0.010        -0.089
     36        -0.133         0.101         0.008         0.028        -0.044
     37        -0.050        -0.077        -0.080        -0.015         0.064
     38         0.038         0.056         0.072         0.028         0.008
     39         0.182         0.068         0.051         0.003         0.022
     40         0.017         0.074        -0.013         0.004         0.006
     41        -0.095        -0.024        -0.014         0.020         0.012
     42         0.206        -0.001         0.015         0.006        -0.001
     43         0.028         0.144         0.005         0.033         0.018
     44         0.004        -0.078         0.069         0.000        -0.065
     45        -0.028         0.074         0.058         0.057        -0.110
     46        -0.041         0.042        -0.010         0.000         0.027
     47         0.118         0.038         0.036        -0.020         0.003
     48        -0.051        -0.031        -0.050        -0.018        -0.002
     49        -0.054        -0.142        -0.029         0.021        -0.004
     50         0.141        -0.012         0.038        -0.010         0.030
     51         0.062        -0.049        -0.036         0.009         0.007
     52         0.029         0.048         0.007        -0.002         0.013
     53        -0.005         0.003        -0.094        -0.002         0.022
     54         0.008        -0.016         0.007         0.010        -0.039
     55         0.055         0.075        -0.005         0.005         0.021
     56        -0.079         0.049         0.017         0.001        -0.027
     57        -0.034         0.009        -0.001         0.003         0.056
     58         0.000        -0.051        -0.029         0.003         0.000
     59         0.110         0.059        -0.014         0.007        -0.006
     60         0.083         0.027        -0.015         0.004         0.036
     61         0.078        -0.060        -0.046        -0.031         0.021
     62         0.012         0.025         0.057         0.004        -0.026
     63        -0.058         0.024        -0.079        -0.034         0.033
     64        -0.104        -0.052        -0.080         0.010         0.004
     65         0.002        -0.006         0.018         0.011        -0.007
     66         0.054         0.085        -0.023        -0.025         0.006
     67        -0.165        -0.062        -0.014        -0.005        -0.033
     68        -0.028        -0.015         0.017        -0.038        -0.001
     69        -0.016         0.011        -0.033         0.027         0.056
     70        -0.166         0.010        -0.044        -0.021         0.118
     71        -0.174        -0.056        -0.026        -0.047         0.157
     72        -0.133         0.044        -0.011        -0.051         0.093
     73         0.129         0.003         0.016        -0.006        -0.081
     74        -0.035        -0.006        -0.028         0.021         0.026
     75        -0.036        -0.050        -0.009         0.011         0.008
     76         0.010         0.036         0.011        -0.006         0.011
     77         0.041        -0.044         0.012        -0.006         0.025
     78         0.006         0.015         0.005         0.019        -0.047
     79        -0.134         0.022        -0.046        -0.008         0.082
     80         0.060         0.019         0.020         0.002        -0.086
     81         0.011         0.015        -0.011        -0.004         0.011
     82        -0.080         0.015        -0.044        -0.007         0.015
     83         0.055         0.044         0.003         0.010        -0.067
     84         0.055        -0.008         0.044        -0.022        -0.039
     85         0.043         0.013         0.025        -0.027         0.008
     86         0.015         0.045         0.041        -0.017        -0.017
     87         0.120         0.005         0.025         0.025        -0.068
     88         0.039        -0.033         0.016         0.024        -0.019
     89         0.074         0.003         0.021        -0.064        -0.079
     90        -0.022        -0.017        -0.043        -0.026        -0.009
     91         0.099        -0.006         0.044         0.007        -0.091
     92         0.156         0.053         0.026        -0.008        -0.088
     93        -0.114        -0.005         0.005        -0.002         0.025
     94         0.039        -0.031         0.019         0.013        -0.056
     95        -0.020         0.018        -0.018         0.051        -0.027
     96        -0.173        -0.014        -0.018        -0.041         0.096
     97         0.103        -0.044        -0.017         0.003        -0.090
     98        -0.019        -0.068        -0.060        -0.037         0.044
     99         0.153         0.075         0.016         0.048        -0.180
    100         0.069        -0.098        -0.028         0.005        -0.041
    101        -0.120        -0.004        -0.010        -0.024         0.086
    102         0.054        -0.023         0.002         0.006        -0.025
    103         0.121         0.014        -0.022         0.014        -0.061
    104        -0.021         0.015         0.025         0.042        -0.035
    105        -0.114         0.023        -0.012        -0.011         0.056
    106         0.041         0.020         0.011        -0.008         0.043
    107         0.133        -0.038         0.017         0.027        -0.080
    108        -0.038         0.010         0.002        -0.007         0.053
    109        -0.059        -0.030         0.012        -0.014         0.033
    110         0.022        -0.045        -0.010        -0.010        -0.025
    111        -0.004        -0.046        -0.027        -0.053         0.111
    112        -0.085         0.039        -0.033        -0.021         0.068
    113        -0.039         0.020         0.010         0.019         0.003
    114         0.005         0.022         0.016         0.034        -0.019
    115        -0.136        -0.015        -0.038        -0.034         0.108
    116         0.037        -0.013        -0.018        -0.010        -0.016
    117        -0.091         0.008         0.007         0.034         0.082
    118        -0.038         0.026         0.048         0.006        -0.016
    119        -0.102         0.043        -0.004        -0.035         0.087
    120        -0.164        -0.018        -0.012        -0.003         0.117
    121         0.142         0.016        -0.010         0.040        -0.076
    122        -0.073         0.050         0.026        -0.002         0.052
    123         0.050        -0.053         0.002        -0.029         0.002
    124         0.034        -0.065        -0.048        -0.060         0.112
    125         0.083         0.092         0.017         0.069        -0.170
    126        -0.540        -0.162        -0.143         0.003         0.108
    127         0.436         0.007         0.142        -0.001        -0.126
    128        -0.385         0.002        -0.140         0.008         0.118
    129         0.211         0.045         0.027         0.039        -0.141
    130        -0.028         0.066         0.030        -0.025         0.009
    131        -0.027         0.053         0.053         0.039        -0.039
    132         0.387         0.023         0.147         0.016        -0.109
    133        -0.161        -0.029        -0.066         0.045        -0.054
    134         0.017        -0.027        -0.026        -0.012         0.051


           ESTIMATED CORRELATION MATRIX FOR PARAMETER ESTIMATES
                 11            12            13            14            15
              ________      ________      ________      ________      ________
     11         1.000
     12         0.012         1.000
     13         0.047        -0.195         1.000
     14        -0.069         0.125        -0.089         1.000
     15         0.096        -0.092         0.202        -0.084         1.000
     16         0.003        -0.043        -0.019         0.060         0.009
     17         0.014         0.028        -0.018        -0.037        -0.035
     18         0.017         0.010         0.008        -0.048        -0.029
     19         0.041         0.058         0.011         0.116        -0.034
     20        -0.107         0.114        -0.163         0.223        -0.201
     21        -0.023        -0.024        -0.007         0.024         0.020
     22         0.037         0.043         0.007        -0.022         0.022
     23         0.033        -0.011         0.018        -0.070         0.046
     24        -0.036        -0.033         0.031        -0.037        -0.028
     25         0.014         0.067         0.001        -0.001         0.008
     26         0.004         0.027         0.020        -0.044         0.002
     27         0.010        -0.005        -0.013        -0.028         0.038
     28         0.014         0.026         0.002         0.068        -0.024
     29         0.004        -0.009         0.028         0.041        -0.024
     30         0.009         0.017        -0.013         0.012        -0.009
     31         0.010        -0.057        -0.003         0.042        -0.049
     32        -0.024         0.033         0.003         0.014        -0.004
     33        -0.014        -0.010        -0.012        -0.036        -0.024
     34        -0.022         0.026        -0.001        -0.046        -0.011
     35        -0.002         0.043         0.005        -0.006         0.011
     36        -0.005         0.032        -0.016         0.000        -0.012
     37        -0.019         0.027         0.018         0.046        -0.035
     38         0.018         0.000         0.000        -0.054        -0.001
     39        -0.019        -0.063        -0.052        -0.044        -0.010
     40         0.002        -0.067        -0.003        -0.035         0.017
     41         0.015         0.053        -0.029        -0.021        -0.026
     42        -0.008        -0.044         0.005         0.025        -0.017
     43         0.001        -0.022         0.045        -0.044         0.014
     44         0.033         0.028        -0.027         0.001        -0.003
     45         0.105        -0.106         0.154        -0.204         0.192
     46         0.038         0.026         0.013        -0.023         0.019
     47        -0.028        -0.027         0.018         0.015        -0.006
     48        -0.004         0.014         0.000         0.041         0.010
     49         0.026         0.053        -0.013         0.055         0.014
     50        -0.034        -0.041         0.018         0.043        -0.025
     51        -0.014        -0.021         0.003         0.007         0.003
     52        -0.013        -0.019         0.019         0.018        -0.008
     53        -0.038         0.002         0.002        -0.026         0.001
     54        -0.027         0.001         0.001        -0.008         0.006
     55         0.015        -0.012         0.010        -0.008         0.004
     56        -0.010         0.030        -0.004        -0.020         0.015
     57        -0.002        -0.006        -0.014        -0.003         0.012
     58         0.001         0.005         0.021         0.029         0.014
     59         0.023        -0.039         0.023         0.037        -0.005
     60         0.032        -0.031         0.021        -0.009         0.001
     61        -0.001        -0.028        -0.004         0.016         0.010
     62         0.005        -0.025        -0.025        -0.032         0.024
     63        -0.045         0.004        -0.005         0.031        -0.003
     64        -0.014         0.057         0.031         0.026        -0.003
     65         0.003         0.015         0.041        -0.001        -0.001
     66        -0.033        -0.038         0.034        -0.003         0.052
     67         0.002         0.062        -0.004         0.037         0.022
     68         0.003         0.016        -0.049         0.017         0.007
     69        -0.031        -0.010        -0.004        -0.001         0.002
     70         0.036        -0.043        -0.010        -0.078        -0.029
     71        -0.044         0.112        -0.141         0.073        -0.079
     72         0.018         0.003         0.014        -0.097         0.001
     73        -0.026         0.005         0.008        -0.018         0.016
     74         0.009        -0.014        -0.003        -0.030        -0.034
     75         0.011        -0.051        -0.027         0.002         0.006
     76         0.007        -0.049         0.022        -0.072        -0.008
     77        -0.054        -0.033         0.000         0.052         0.049
     78         0.066         0.037         0.013        -0.055        -0.001
     79         0.026        -0.014        -0.061        -0.051        -0.029
     80         0.000         0.009        -0.003         0.053         0.030
     81         0.003        -0.007         0.010        -0.008         0.006
     82        -0.028         0.010         0.000        -0.022         0.004
     83         0.050         0.002         0.025         0.061         0.030
     84        -0.033         0.010        -0.002         0.089        -0.003
     85        -0.022         0.041        -0.019         0.075        -0.042
     86         0.043        -0.013         0.006        -0.018         0.028
     87        -0.019         0.046        -0.016         0.054         0.010
     88        -0.015         0.006        -0.034         0.045         0.009
     89        -0.027         0.035         0.001         0.075         0.013
     90        -0.038         0.046        -0.021         0.096        -0.045
     91        -0.037         0.064        -0.009         0.033         0.022
     92        -0.016         0.008         0.011         0.040         0.021
     93         0.009        -0.031        -0.021        -0.013        -0.037
     94         0.022        -0.032         0.001         0.002         0.004
     95         0.014        -0.037         0.045        -0.074         0.028
     96         0.026        -0.132        -0.019        -0.200         0.011
     97        -0.092         0.085         0.034         0.153         0.106
     98        -0.167         0.026         0.034         0.126         0.271
     99         0.060        -0.131         0.199        -0.121         0.128
    100        -0.119         0.049         0.009         0.192         0.168
    101        -0.043        -0.039        -0.014         0.002         0.053
    102        -0.119         0.068         0.037         0.124         0.124
    103        -0.054         0.152         0.036         0.161         0.011
    104         0.092        -0.007        -0.049        -0.032        -0.189
    105         0.078        -0.024        -0.025        -0.114        -0.011
    106        -0.027        -0.054        -0.027         0.035        -0.072
    107        -0.052         0.073         0.061         0.125         0.045
    108         0.021        -0.001         0.005        -0.044        -0.106
    109         0.025        -0.012        -0.058        -0.033        -0.006
    110        -0.038         0.034        -0.014         0.029         0.047
    111        -0.090        -0.005         0.009        -0.037         0.090
    112         0.005        -0.074         0.009        -0.148         0.009
    113         0.049        -0.055        -0.005        -0.172        -0.055
    114         0.096        -0.011        -0.032        -0.080        -0.248
    115        -0.047        -0.109         0.006        -0.102         0.080
    116        -0.075         0.060         0.069         0.104         0.139
    117         0.055        -0.109        -0.020        -0.182        -0.012
    118         0.082        -0.083         0.006        -0.194         0.024
    119         0.047        -0.108         0.026        -0.125        -0.078
    120         0.029        -0.068         0.009        -0.092        -0.034
    121        -0.044         0.114         0.027         0.129        -0.016
    122         0.072        -0.079        -0.008        -0.176        -0.133
    123        -0.095         0.078        -0.040         0.203         0.050
    124        -0.105         0.105        -0.163         0.205        -0.192
    125         0.098        -0.165         0.200        -0.180         0.145
    126        -0.014         0.173        -0.041         0.107        -0.058
    127         0.012        -0.126         0.028        -0.087         0.048
    128        -0.010         0.114        -0.032         0.082        -0.045
    129        -0.036         0.036         0.023         0.093         0.040
    130         0.121        -0.044        -0.010        -0.130        -0.184
    131         0.100        -0.050        -0.096        -0.161        -0.404
    132         0.004        -0.114         0.020        -0.078         0.047
    133        -0.062         0.173        -0.003         0.172        -0.018
    134        -0.091        -0.007         0.068         0.066         0.276


           ESTIMATED CORRELATION MATRIX FOR PARAMETER ESTIMATES
                 16            17            18            19            20
              ________      ________      ________      ________      ________
     16         1.000
     17        -0.660         1.000
     18        -0.254         0.226         1.000
     19         0.090        -0.059        -0.629         1.000
     20         0.030         0.007         0.006        -0.082         1.000
     21         0.007         0.028         0.002         0.014        -0.047
     22        -0.218         0.165         0.014         0.011        -0.024
     23        -0.341         0.264         0.081         0.013        -0.017
     24        -0.115         0.070         0.008         0.014        -0.094
     25        -0.111         0.051         0.014        -0.026        -0.106
     26        -0.535         0.333         0.159        -0.078        -0.032
     27         0.135        -0.090        -0.050         0.018         0.003
     28        -0.256         0.162         0.079        -0.036         0.075
     29        -0.088         0.040         0.046        -0.050         0.002
     30        -0.058         0.079        -0.024         0.035        -0.022
     31         0.016         0.033        -0.058         0.032         0.006
     32        -0.293         0.208         0.050         0.048         0.045
     33        -0.186         0.092         0.031        -0.014         0.003
     34        -0.192         0.106         0.027         0.002         0.034
     35        -0.233         0.166         0.056         0.021        -0.061
     36        -0.214         0.139         0.036         0.003        -0.002
     37        -0.350         0.231         0.121        -0.098         0.047
     38        -0.177         0.139         0.050         0.002         0.014
     39        -0.058         0.026         0.032        -0.024        -0.003
     40        -0.030         0.021         0.002        -0.020         0.014
     41        -0.176         0.123         0.053        -0.035         0.039
     42        -0.288         0.205         0.098        -0.044         0.026
     43        -0.034        -0.018         0.023        -0.015        -0.083
     44        -0.062         0.077        -0.017         0.060        -0.011
     45        -0.013        -0.016        -0.018         0.073        -0.969
     46         0.016        -0.025        -0.004         0.005        -0.001
     47         0.133        -0.144        -0.013         0.002        -0.007
     48         0.265        -0.381        -0.086         0.003         0.013
     49         0.094        -0.108        -0.002        -0.005         0.035
     50         0.055        -0.039         0.006         0.012         0.024
     51         0.362        -0.527        -0.142         0.068        -0.011
     52        -0.089         0.123         0.027        -0.020         0.008
     53         0.159        -0.230        -0.059         0.017        -0.012
     54         0.054        -0.128        -0.064         0.061         0.005
     55         0.060        -0.047         0.035        -0.047        -0.001
     56         0.002        -0.007         0.009        -0.013         0.003
     57         0.205        -0.306        -0.033        -0.041        -0.041
     58         0.101        -0.198         0.004        -0.028         0.005
     59         0.109        -0.174        -0.025        -0.004        -0.007
     60         0.169        -0.247        -0.062         0.006         0.020
     61         0.159        -0.231        -0.048        -0.019         0.010
     62         0.252        -0.358        -0.131         0.078        -0.007
     63         0.130        -0.187        -0.034        -0.022        -0.024
     64         0.041        -0.081        -0.015         0.006         0.029
     65         0.011        -0.061        -0.010         0.007        -0.018
     66         0.102        -0.159        -0.049         0.008        -0.030
     67         0.196        -0.363        -0.083         0.041         0.011
     68         0.012        -0.040         0.008         0.006         0.022
     69         0.050        -0.055        -0.006        -0.041        -0.019
     70         0.109        -0.093         0.215        -0.516        -0.003
     71         0.052        -0.062         0.118        -0.307         0.036
     72         0.071        -0.069         0.083        -0.277        -0.021
     73         0.011        -0.018        -0.180         0.214        -0.055
     74         0.141        -0.123        -0.308         0.122        -0.028
     75         0.038        -0.013        -0.008        -0.056        -0.045
     76         0.031        -0.022         0.025        -0.085        -0.060
     77         0.165        -0.134        -0.516         0.308         0.023
     78        -0.053         0.020         0.093        -0.029        -0.088
     79         0.149        -0.120        -0.054        -0.269         0.099
     80        -0.006        -0.009        -0.238         0.227         0.026
     81        -0.003         0.006         0.062        -0.081        -0.007
     82        -0.043         0.011         0.074        -0.119        -0.009
     83         0.068        -0.051        -0.366         0.285        -0.009
     84         0.011         0.036        -0.211         0.260         0.009
     85         0.030        -0.022        -0.177         0.102         0.077
     86         0.061        -0.067        -0.243         0.115        -0.048
     87        -0.032         0.006        -0.283         0.387         0.040
     88         0.071        -0.081        -0.486         0.374         0.041
     89        -0.020         0.011        -0.181         0.349         0.035
     90         0.030        -0.004        -0.099         0.096         0.102
     91        -0.059         0.039        -0.222         0.352        -0.011
     92        -0.002        -0.015        -0.227         0.317         0.000
     93         0.136        -0.096        -0.273        -0.003        -0.010
     94         0.010         0.028        -0.070         0.129         0.001
     95         0.009        -0.026        -0.002        -0.039        -0.064
     96         0.072        -0.061         0.196        -0.645         0.064
     97        -0.064         0.056        -0.188         0.452         0.070
     98         0.003        -0.007        -0.029        -0.163         0.192
     99        -0.044         0.043        -0.087         0.288        -0.256
    100        -0.038         0.045        -0.083         0.156         0.117
    101        -0.017         0.024         0.125        -0.351         0.104
    102        -0.090         0.067         0.108        -0.086         0.111
    103        -0.053         0.028        -0.136         0.407         0.040
    104        -0.017         0.010         0.032         0.083        -0.042
    105        -0.071         0.038         0.384        -0.639         0.019
    106         0.028        -0.017        -0.066         0.119         0.034
    107        -0.106         0.080        -0.037         0.362        -0.085
    108         0.006         0.005         0.145        -0.112        -0.098
    109         0.022        -0.014        -0.024        -0.026         0.013
    110         0.044        -0.030        -0.061         0.048         0.066
    111        -0.033         0.030         0.251        -0.369         0.079
    112         0.017        -0.064         0.190        -0.481         0.033
    113         0.014         0.000         0.128        -0.180        -0.128
    114        -0.006         0.013         0.091         0.104        -0.143
    115         0.065        -0.046         0.230        -0.587         0.016
    116        -0.061         0.060         0.222        -0.260         0.027
    117         0.037        -0.028         0.202        -0.537        -0.019
    118         0.002        -0.017         0.133        -0.267        -0.141
    119         0.040        -0.034         0.203        -0.460        -0.012
    120         0.004        -0.002         0.215        -0.472         0.011
    121        -0.112         0.069         0.006         0.306        -0.010
    122         0.017        -0.035         0.144        -0.300        -0.069
    123        -0.039         0.027        -0.072         0.187         0.111
    124         0.020        -0.004         0.013        -0.082         0.962
    125        -0.026         0.008        -0.019         0.145        -0.519
    126         0.119        -0.107         0.118        -0.264        -0.024
    127        -0.112         0.120        -0.135         0.290         0.043
    128         0.108        -0.136         0.141        -0.287        -0.045
    129        -0.108         0.097        -0.204         0.549        -0.048
    130         0.032        -0.028         0.081        -0.026        -0.145
    131        -0.005         0.009         0.062         0.045        -0.139
    132        -0.081         0.093        -0.134         0.269         0.049
    133        -0.040         0.019        -0.092         0.356        -0.054
    134         0.001        -0.006         0.052        -0.276         0.143


           ESTIMATED CORRELATION MATRIX FOR PARAMETER ESTIMATES
                 21            22            23            24            25
              ________      ________      ________      ________      ________
     21         1.000
     22        -0.179         1.000
     23         0.128        -0.053         1.000
     24        -0.042        -0.045         0.026         1.000
     25        -0.089         0.084         0.006         0.346         1.000
     26        -0.030         0.141         0.029        -0.087        -0.005
     27         0.038        -0.060         0.052         0.003        -0.025
     28        -0.003         0.082         0.177        -0.031        -0.019
     29         0.036        -0.124        -0.093         0.085         0.032
     30         0.071         0.125         0.055        -0.059        -0.039
     31        -0.060         0.064        -0.057         0.078         0.036
     32        -0.008         0.036         0.103        -0.055        -0.114
     33        -0.286        -0.073        -0.109         0.091         0.126
     34        -0.088         0.114        -0.094        -0.133        -0.064
     35         0.046         0.106         0.000         0.037         0.072
     36        -0.083         0.020         0.039         0.039         0.069
     37        -0.106        -0.037        -0.044         0.003         0.039
     38         0.060        -0.001         0.111         0.001         0.067
     39        -0.032        -0.104         0.004         0.009        -0.086
     40        -0.100         0.029        -0.177         0.072        -0.032
     41         0.006         0.129        -0.066         0.007        -0.012
     42        -0.085         0.048         0.377         0.048        -0.086
     43         0.063        -0.073         0.049         0.103        -0.035
     44         0.090         0.125        -0.001        -0.036        -0.031
     45         0.041         0.020         0.007         0.087         0.098
     46        -0.686         0.136        -0.108         0.016         0.075
     47         0.121        -0.711         0.061         0.037        -0.054
     48        -0.090         0.048        -0.728        -0.042        -0.014
     49         0.041         0.048        -0.043        -0.703        -0.234
     50         0.058        -0.061        -0.010        -0.250        -0.690
     51         0.008        -0.105        -0.028         0.073         0.034
     52        -0.046         0.030        -0.015        -0.011        -0.012
     53        -0.003        -0.026        -0.158         0.033         0.007
     54        -0.038         0.075         0.077        -0.055        -0.007
     55        -0.040        -0.106        -0.036         0.060         0.037
     56         0.033        -0.046         0.064        -0.043        -0.020
     57         0.019        -0.032        -0.074         0.039         0.101
     58         0.187         0.032         0.057        -0.049        -0.092
     59         0.056        -0.112         0.061         0.107         0.074
     60        -0.045        -0.055        -0.025        -0.032        -0.067
     61         0.044        -0.031        -0.062        -0.028        -0.100
     62         0.066         0.027         0.024        -0.020         0.004
     63        -0.067         0.002        -0.107         0.017        -0.058
     64         0.003         0.040         0.009         0.004         0.045
     65         0.045        -0.049         0.158        -0.034         0.013
     66        -0.012        -0.110         0.045         0.022         0.005
     67         0.070         0.002        -0.286        -0.056         0.074
     68        -0.047         0.026        -0.027        -0.052         0.027
     69        -0.066        -0.054        -0.014         0.011         0.037
     70        -0.018        -0.105        -0.119         0.000         0.008
     71        -0.012        -0.090        -0.069        -0.014        -0.012
     72        -0.219        -0.039        -0.101        -0.009         0.023
     73         0.079        -0.240         0.072         0.030        -0.025
     74        -0.040         0.017        -0.355         0.004        -0.010
     75         0.004         0.003        -0.016        -0.296        -0.105
     76         0.013        -0.055        -0.030        -0.110        -0.274
     77         0.002        -0.034        -0.005         0.045         0.033
     78        -0.013         0.033         0.007         0.022         0.009
     79        -0.008        -0.082        -0.147         0.014        -0.005
     80        -0.017         0.030         0.064        -0.007        -0.001
     81        -0.002        -0.030        -0.004         0.020         0.037
     82        -0.010        -0.027         0.008        -0.021        -0.017
     83         0.027         0.019         0.023         0.015         0.004
     84         0.082         0.037         0.050        -0.038        -0.019
     85         0.045        -0.006         0.069         0.053         0.043
     86        -0.002        -0.017        -0.031        -0.016        -0.003
     87         0.007         0.071         0.048        -0.019        -0.036
     88         0.055         0.045         0.020        -0.006        -0.005
     89        -0.005         0.087         0.030        -0.037        -0.058
     90         0.011         0.027         0.015        -0.011         0.019
     91         0.026         0.052         0.130        -0.007         0.011
     92        -0.016         0.008         0.092         0.009        -0.032
     93        -0.015        -0.019        -0.198        -0.010         0.055
     94        -0.027         0.042         0.009        -0.060        -0.024
     95        -0.042        -0.042         0.003         0.039         0.036
     96        -0.004        -0.052        -0.092        -0.017         0.013
     97         0.013         0.046         0.089        -0.016        -0.009
     98         0.001        -0.009         0.010        -0.036         0.023
     99         0.017         0.079         0.060         0.034         0.021
    100         0.117         0.013         0.065        -0.033        -0.010
    101        -0.081         0.187        -0.056        -0.014         0.034
    102         0.021        -0.002         0.236        -0.023         0.028
    103        -0.006         0.024         0.068         0.151         0.043
    104        -0.016         0.022         0.020         0.092         0.178
    105        -0.016         0.010        -0.052        -0.047        -0.013
    106         0.009        -0.033         0.017        -0.012        -0.013
    107         0.025         0.061         0.122        -0.021        -0.002
    108        -0.004        -0.002        -0.077         0.006         0.001
    109         0.001         0.016        -0.021        -0.027        -0.027
    110        -0.001         0.013        -0.010        -0.004         0.001
    111        -0.020        -0.026        -0.011        -0.033        -0.021
    112        -0.071        -0.023        -0.074         0.047         0.033
    113        -0.033        -0.007        -0.053        -0.027        -0.041
    114         0.005         0.017        -0.012         0.052        -0.012
    115         0.003        -0.043        -0.073         0.017         0.052
    116        -0.020        -0.007         0.027        -0.010         0.006
    117        -0.001        -0.058        -0.051         0.017         0.042
    118        -0.010        -0.023        -0.045         0.017        -0.008
    119        -0.026        -0.038        -0.118         0.019        -0.005
    120         0.019         0.002        -0.089         0.000         0.028
    121        -0.013         0.045         0.137         0.015        -0.010
    122         0.015        -0.036        -0.059         0.041        -0.008
    123         0.035         0.055         0.028        -0.045        -0.023
    124        -0.043        -0.031         0.001        -0.090        -0.091
    125         0.012         0.072         0.022         0.067         0.064
    126         0.004        -0.085        -0.144        -0.019         0.148
    127         0.018         0.136         0.142        -0.026        -0.141
    128        -0.013        -0.140        -0.145         0.033         0.131
    129         0.003         0.099         0.120         0.019        -0.015
    130        -0.009        -0.024        -0.048         0.024        -0.038
    131         0.010         0.013        -0.025         0.035         0.000
    132         0.007         0.109         0.198        -0.048        -0.101
    133         0.037        -0.015         0.056         0.023         0.118
    134        -0.004        -0.013         0.004        -0.037         0.006


           ESTIMATED CORRELATION MATRIX FOR PARAMETER ESTIMATES
                 26            27            28            29            30
              ________      ________      ________      ________      ________
     26         1.000
     27        -0.591         1.000
     28         0.228        -0.061         1.000
     29         0.062         0.001         0.097         1.000
     30         0.049         0.003         0.044        -0.041         1.000
     31        -0.156        -0.105        -0.046         0.028         0.062
     32         0.048        -0.097         0.021        -0.043         0.069
     33         0.070        -0.006        -0.075        -0.020        -0.103
     34         0.107        -0.035        -0.051         0.063         0.044
     35         0.021        -0.019        -0.021        -0.002         0.037
     36         0.017        -0.027         0.014        -0.001        -0.009
     37         0.019        -0.030        -0.020         0.046        -0.032
     38         0.001         0.007         0.169        -0.044         0.070
     39        -0.009        -0.064         0.027         0.019        -0.020
     40         0.061        -0.002        -0.107         0.019        -0.040
     41         0.147        -0.069         0.024        -0.087         0.005
     42        -0.111        -0.009         0.080         0.039        -0.070
     43        -0.005        -0.035        -0.050         0.006        -0.090
     44         0.061        -0.032         0.078        -0.156         0.063
     45         0.011         0.000        -0.076         0.004         0.011
     46         0.030        -0.034        -0.006        -0.043        -0.031
     47        -0.090         0.038        -0.030         0.066        -0.090
     48        -0.033        -0.016        -0.151         0.056        -0.036
     49         0.041        -0.014         0.057        -0.067         0.065
     50         0.028        -0.006         0.006         0.009         0.011
     51        -0.649         0.363        -0.147        -0.049        -0.041
     52         0.356        -0.602         0.016        -0.005        -0.024
     53        -0.139         0.013        -0.720        -0.073        -0.028
     54        -0.054        -0.007        -0.051        -0.654         0.030
     55        -0.038         0.000        -0.051         0.038        -0.458
     56         0.099         0.095         0.044        -0.036        -0.043
     57        -0.050         0.082        -0.003         0.048        -0.067
     58        -0.048         0.022         0.048         0.065         0.047
     59        -0.073         0.035         0.055        -0.020        -0.045
     60         0.000        -0.006         0.026         0.003        -0.034
     61        -0.018         0.039        -0.031         0.037        -0.021
     62        -0.019         0.007         0.034        -0.047         0.027
     63         0.021        -0.006        -0.116         0.037        -0.081
     64         0.031         0.032        -0.001        -0.009         0.001
     65        -0.042         0.021         0.047        -0.016         0.016
     66        -0.078         0.051        -0.009         0.091        -0.015
     67         0.066         0.014        -0.043        -0.031         0.067
     68         0.027         0.010         0.034         0.001         0.046
     69        -0.032         0.007        -0.032         0.086        -0.039
     70        -0.046         0.052        -0.072         0.095        -0.069
     71         0.002        -0.021         0.005         0.082        -0.038
     72        -0.021         0.018        -0.059         0.038        -0.052
     73        -0.039         0.030         0.007        -0.013         0.001
     74        -0.024         0.015        -0.085         0.032         0.006
     75         0.023         0.032         0.014         0.007         0.017
     76         0.027         0.028        -0.031         0.036         0.003
     77        -0.294         0.174        -0.076        -0.044         0.005
     78         0.156        -0.247         0.045        -0.011         0.012
     79        -0.089         0.070        -0.260         0.042        -0.048
     80        -0.026        -0.020        -0.008        -0.272         0.028
     81        -0.001         0.027        -0.009         0.027        -0.182
     82         0.063         0.060         0.030         0.017        -0.017
     83        -0.029         0.045         0.000         0.009         0.007
     84        -0.019        -0.013         0.044         0.010         0.035
     85        -0.047         0.008         0.029        -0.039        -0.007
     86         0.005        -0.013        -0.013         0.025         0.001
     87         0.035        -0.044         0.047        -0.044         0.037
     88        -0.001        -0.009         0.003        -0.029         0.030
     89         0.050        -0.035         0.002        -0.043         0.036
     90        -0.003        -0.011         0.003        -0.025         0.012
     91         0.017        -0.034         0.064        -0.046         0.039
     92        -0.015        -0.027         0.014        -0.023         0.019
     93        -0.016         0.028        -0.049         0.003         0.008
     94        -0.023         0.032        -0.014        -0.005         0.042
     95         0.002        -0.018        -0.028         0.049        -0.015
     96        -0.018         0.029        -0.036         0.049        -0.045
     97         0.018        -0.047         0.054        -0.056         0.047
     98        -0.006        -0.040         0.050         0.002        -0.004
     99         0.000         0.022        -0.031        -0.067         0.031
    100         0.012        -0.049         0.066        -0.026         0.035
    101         0.029        -0.034         0.022         0.013        -0.008
    102         0.007        -0.024         0.087        -0.052         0.015
    103        -0.013        -0.048         0.017        -0.039         0.018
    104        -0.021         0.022        -0.019        -0.014        -0.009
    105         0.176        -0.069         0.053         0.056        -0.028
    106        -0.085         0.140        -0.042        -0.001         0.004
    107         0.065        -0.052         0.175        -0.036         0.043
    108         0.031         0.016        -0.005         0.298        -0.016
    109        -0.005        -0.014        -0.003        -0.019         0.357
    110        -0.061        -0.021        -0.030        -0.005         0.017
    111         0.020        -0.054         0.013        -0.008        -0.001
    112         0.003         0.020        -0.055         0.017        -0.047
    113         0.022         0.011        -0.046         0.059        -0.004
    114        -0.015         0.035        -0.043        -0.025         0.013
    115        -0.041         0.024        -0.034         0.009        -0.035
    116        -0.001        -0.021         0.033         0.004         0.001
    117        -0.035         0.038        -0.013         0.031        -0.034
    118        -0.002         0.032        -0.026         0.038        -0.021
    119         0.001         0.028        -0.060         0.062        -0.041
    120         0.018         0.023        -0.006         0.020        -0.026
    121         0.020        -0.033         0.026        -0.022         0.021
    122         0.011         0.010        -0.026         0.025        -0.047
    123         0.010        -0.018         0.070        -0.056         0.027
    124        -0.011        -0.012         0.077        -0.017        -0.015
    125         0.000         0.035        -0.046        -0.044         0.012
    126        -0.106         0.093        -0.083         0.114        -0.045
    127         0.093        -0.097         0.109        -0.162         0.091
    128        -0.090         0.094        -0.103         0.165        -0.093
    129         0.050        -0.053         0.064        -0.086         0.054
    130        -0.002         0.050        -0.065         0.014        -0.016
    131         0.007         0.034        -0.043         0.010        -0.003
    132         0.061        -0.084         0.149        -0.183         0.077
    133        -0.032         0.024         0.018         0.060         0.001
    134         0.006        -0.022         0.037         0.024        -0.009


           ESTIMATED CORRELATION MATRIX FOR PARAMETER ESTIMATES
                 31            32            33            34            35
              ________      ________      ________      ________      ________
     31         1.000
     32        -0.016         1.000
     33        -0.168        -0.148         1.000
     34        -0.033         0.030         0.208         1.000
     35        -0.016        -0.071         0.030         0.008         1.000
     36        -0.031        -0.114         0.041        -0.023         0.571
     37         0.252        -0.070        -0.057         0.104        -0.011
     38        -0.008         0.091         0.054         0.009         0.024
     39         0.012        -0.014         0.111        -0.023        -0.054
     40        -0.018        -0.086         0.078        -0.022        -0.023
     41        -0.058         0.049         0.045        -0.052         0.002
     42         0.089         0.047         0.286        -0.216        -0.059
     43        -0.201        -0.025         0.040        -0.046        -0.143
     44         0.031         0.047        -0.195        -0.228         0.019
     45         0.000        -0.043        -0.007        -0.035         0.044
     46         0.041        -0.006         0.218         0.068        -0.031
     47        -0.043        -0.029         0.066        -0.103        -0.059
     48         0.052        -0.055         0.080         0.068        -0.021
     49        -0.016         0.069        -0.081         0.106        -0.014
     50        -0.011         0.098        -0.101         0.080        -0.071
     51         0.084        -0.054        -0.054        -0.072        -0.012
     52         0.076         0.072         0.032         0.036         0.000
     53         0.041         0.009         0.059         0.064         0.015
     54        -0.033         0.061         0.060        -0.032        -0.018
     55        -0.035        -0.097         0.076        -0.046        -0.035
     56        -0.622         0.000         0.094        -0.001         0.013
     57        -0.002        -0.685         0.113        -0.028         0.010
     58         0.057         0.083        -0.655        -0.100         0.011
     59         0.010        -0.028        -0.120        -0.713        -0.017
     60        -0.001         0.013         0.002         0.008        -0.674
     61         0.014         0.031         0.004         0.044        -0.398
     62        -0.178         0.078         0.053        -0.056         0.016
     63        -0.007        -0.079        -0.015        -0.007        -0.051
     64        -0.013         0.010        -0.073         0.012         0.009
     65        -0.005         0.049        -0.028         0.010        -0.001
     66         0.004        -0.041        -0.022         0.039         0.020
     67        -0.066         0.002        -0.217         0.181         0.060
     68         0.124        -0.002        -0.002         0.008         0.076
     69        -0.023        -0.042         0.140         0.179         0.004
     70         0.005        -0.177        -0.027        -0.027        -0.007
     71        -0.004        -0.128         0.010         0.019        -0.003
     72         0.000        -0.114         0.056         0.023        -0.001
     73        -0.001         0.053        -0.032        -0.019        -0.007
     74         0.025        -0.020         0.019         0.068        -0.045
     75        -0.003        -0.014        -0.049         0.045        -0.022
     76        -0.044        -0.030        -0.028         0.041        -0.010
     77         0.053        -0.014        -0.028        -0.044         0.011
     78         0.054         0.040         0.011         0.014        -0.009
     79         0.044        -0.137         0.002         0.000        -0.008
     80        -0.003         0.076         0.048        -0.014         0.019
     81         0.012        -0.043         0.001        -0.021         0.003
     82        -0.245        -0.014         0.031         0.010         0.005
     83         0.016        -0.249         0.027        -0.025         0.021
     84         0.051         0.092        -0.230        -0.047         0.003
     85         0.026        -0.009        -0.050        -0.297        -0.034
     86         0.012        -0.005         0.017        -0.017        -0.235
     87         0.019         0.126         0.032         0.046        -0.129
     88        -0.045         0.072         0.029        -0.015         0.013
     89        -0.018         0.080         0.029         0.043        -0.026
     90         0.005         0.013        -0.008         0.005        -0.032
     91        -0.001         0.104         0.002         0.002         0.005
     92         0.044         0.096         0.016         0.035        -0.027
     93         0.037        -0.050        -0.091         0.067         0.034
     94         0.055         0.022         0.002         0.032         0.058
     95        -0.016        -0.016         0.068         0.090         0.026
     96        -0.002        -0.150         0.013         0.017        -0.027
     97        -0.006         0.154        -0.005        -0.002         0.020
     98         0.005         0.055        -0.024        -0.037        -0.026
     99         0.000         0.097        -0.012        -0.028         0.027
    100        -0.008         0.126        -0.067        -0.030         0.002
    101         0.005        -0.054         0.054         0.009        -0.025
    102        -0.012         0.075        -0.039        -0.044         0.006
    103         0.001         0.104         0.015        -0.048         0.048
    104         0.005        -0.041         0.031        -0.013         0.036
    105        -0.048        -0.056         0.018         0.031        -0.045
    106        -0.007        -0.040         0.004        -0.009         0.000
    107        -0.039         0.140        -0.038        -0.014         0.019
    108        -0.002        -0.064        -0.027         0.044        -0.030
    109        -0.012        -0.001        -0.004         0.022        -0.007
    110         0.193         0.015        -0.057        -0.021         0.013
    111        -0.003         0.218        -0.036        -0.005        -0.055
    112        -0.044        -0.125         0.192         0.018        -0.027
    113        -0.024        -0.045         0.035         0.215         0.004
    114         0.007        -0.038         0.003         0.033         0.124
    115         0.005        -0.126        -0.035        -0.050         0.066
    116         0.042         0.036        -0.040        -0.027        -0.032
    117         0.016        -0.124        -0.001        -0.021        -0.015
    118        -0.024        -0.093         0.029         0.002         0.010
    119        -0.005        -0.116         0.033         0.016        -0.008
    120        -0.010        -0.116        -0.010        -0.012         0.000
    121        -0.017         0.106         0.053        -0.050        -0.008
    122        -0.034        -0.112         0.028         0.033        -0.015
    123         0.011         0.090        -0.062        -0.068        -0.007
    124         0.005         0.044         0.016         0.035        -0.044
    125        -0.007         0.021        -0.012        -0.048         0.042
    126        -0.011        -0.168        -0.114        -0.052         0.101
    127         0.026         0.203         0.086         0.086        -0.079
    128        -0.018        -0.198        -0.083        -0.092         0.075
    129         0.004         0.157         0.024         0.004         0.010
    130        -0.009        -0.104         0.025         0.030         0.021
    131         0.003        -0.069         0.031         0.039         0.012
    132        -0.020         0.210         0.077         0.058        -0.076
    133        -0.022         0.043        -0.075        -0.047         0.067
    134        -0.007         0.021        -0.008        -0.040        -0.038


           ESTIMATED CORRELATION MATRIX FOR PARAMETER ESTIMATES
                 36            37            38            39            40
              ________      ________      ________      ________      ________
     36         1.000
     37        -0.066         1.000
     38         0.062        -0.075         1.000
     39         0.003        -0.013         0.300         1.000
     40        -0.069         0.047        -0.204         0.049         1.000
     41        -0.012         0.024        -0.015        -0.086         0.221
     42        -0.051         0.026        -0.020         0.025        -0.008
     43         0.083         0.017         0.057         0.111        -0.040
     44        -0.047        -0.214         0.002        -0.046        -0.071
     45         0.004        -0.026        -0.012        -0.009        -0.013
     46         0.049         0.056        -0.055        -0.006         0.053
     47        -0.017         0.020         0.015         0.055        -0.027
     48        -0.082         0.030        -0.101         0.010         0.152
     49        -0.062         0.003        -0.011        -0.032        -0.069
     50        -0.096         0.008        -0.069         0.042         0.025
     51        -0.013        -0.017         0.012         0.035        -0.058
     52         0.033         0.008        -0.003         0.036         0.028
     53        -0.037         0.029        -0.102        -0.009         0.044
     54         0.006        -0.051         0.024        -0.015        -0.032
     55         0.000         0.026        -0.057         0.018         0.040
     56         0.030        -0.177        -0.006        -0.025         0.003
     57         0.037         0.070        -0.072         0.011         0.057
     58         0.018         0.053        -0.028        -0.066        -0.048
     59         0.053        -0.048        -0.002         0.027         0.014
     60        -0.406         0.014        -0.040         0.020        -0.007
     61        -0.695         0.054        -0.053         0.010         0.041
     62         0.047        -0.715         0.049         0.002        -0.035
     63        -0.025         0.043        -0.718        -0.205         0.150
     64         0.008        -0.001        -0.213        -0.656        -0.053
     65         0.051        -0.035         0.135        -0.037        -0.688
     66         0.037        -0.020         0.015         0.030        -0.144
     67         0.019        -0.021         0.002        -0.032         0.007
     68        -0.031        -0.015        -0.012        -0.053        -0.015
     69         0.017         0.146        -0.026         0.027         0.056
     70        -0.011         0.128        -0.080        -0.067         0.026
     71         0.036         0.079        -0.032         0.058         0.006
     72         0.011         0.122        -0.069        -0.042         0.010
     73         0.013        -0.028         0.048         0.050         0.001
     74        -0.039         0.007        -0.075        -0.025         0.070
     75        -0.050         0.034        -0.067        -0.050        -0.020
     76        -0.030         0.024        -0.089         0.004         0.032
     77         0.009        -0.024         0.014        -0.010        -0.010
     78        -0.012         0.002         0.007         0.009        -0.018
     79        -0.013         0.073        -0.098        -0.049         0.054
     80         0.001        -0.034         0.038         0.005         0.004
     81         0.004         0.020        -0.007        -0.005         0.014
     82         0.019        -0.019        -0.023        -0.023         0.018
     83         0.013        -0.003        -0.009         0.004         0.011
     84         0.022        -0.018         0.020         0.000        -0.040
     85         0.029        -0.036         0.039         0.033        -0.010
     86        -0.146         0.019        -0.039        -0.022         0.010
     87        -0.229        -0.045         0.036         0.067         0.010
     88         0.027        -0.302         0.028         0.005        -0.008
     89        -0.009        -0.075        -0.192        -0.014         0.022
     90         0.013        -0.031        -0.050        -0.209        -0.021
     91         0.031        -0.082         0.074         0.029        -0.202
     92        -0.013        -0.094         0.054         0.065        -0.063
     93         0.014         0.049        -0.054        -0.071         0.030
     94         0.026        -0.043        -0.002         0.013         0.029
     95         0.038         0.074        -0.012         0.003         0.028
     96        -0.015         0.067        -0.044        -0.037         0.025
     97         0.023        -0.071         0.051         0.068        -0.026
     98         0.006         0.017         0.005         0.068        -0.011
     99        -0.036        -0.075         0.019        -0.069        -0.006
    100         0.000        -0.050         0.039         0.065        -0.016
    101        -0.010         0.031        -0.039        -0.013         0.002
    102         0.027        -0.010         0.064         0.062        -0.062
    103         0.050        -0.051         0.052         0.057        -0.003
    104         0.038        -0.020         0.054        -0.061        -0.016
    105        -0.030         0.041        -0.053        -0.006         0.025
    106         0.004        -0.006         0.007         0.001         0.014
    107         0.005        -0.063         0.073         0.038        -0.066
    108        -0.049         0.024        -0.040        -0.012         0.027
    109         0.005        -0.001        -0.004        -0.005        -0.005
    110        -0.004         0.034         0.034         0.007        -0.031
    111        -0.028        -0.001        -0.010         0.004        -0.008
    112        -0.029         0.027        -0.025         0.008         0.052
    113        -0.052         0.024        -0.067        -0.053         0.018
    114         0.066        -0.033         0.010        -0.055         0.016
    115         0.150         0.025        -0.030        -0.038         0.021
    116        -0.037         0.159         0.015         0.069        -0.015
    117        -0.007         0.063         0.083        -0.014         0.004
    118        -0.020         0.056         0.014         0.131         0.017
    119        -0.015         0.056        -0.053        -0.037         0.149
    120         0.001         0.087        -0.044        -0.082         0.050
    121        -0.008        -0.046         0.066         0.062        -0.033
    122        -0.010         0.042        -0.009        -0.031         0.008
    123        -0.003        -0.051         0.037         0.037        -0.051
    124         0.002         0.014         0.007         0.037         0.006
    125        -0.024        -0.049         0.000        -0.081        -0.008
    126         0.009         0.211        -0.145        -0.154        -0.001
    127        -0.042        -0.218         0.140         0.111        -0.030
    128         0.041         0.209        -0.139        -0.094         0.037
    129         0.027        -0.118         0.076         0.059        -0.024
    130        -0.004         0.014        -0.033        -0.077         0.016
    131        -0.011        -0.006         0.003        -0.052         0.018
    132         0.016        -0.249         0.150         0.088        -0.054
    133         0.050         0.051         0.007        -0.009        -0.039
    134        -0.007         0.020         0.003         0.049         0.005


           ESTIMATED CORRELATION MATRIX FOR PARAMETER ESTIMATES
                 41            42            43            44            45
              ________      ________      ________      ________      ________
     41         1.000
     42        -0.091         1.000
     43        -0.114         0.026         1.000
     44         0.142         0.020        -0.085         1.000
     45        -0.046        -0.025         0.080        -0.004         1.000
     46         0.001         0.041        -0.043        -0.064         0.000
     47        -0.096        -0.004         0.047        -0.084         0.007
     48         0.045        -0.283        -0.036         0.006        -0.003
     49         0.020        -0.037        -0.114         0.053        -0.037
     50        -0.013         0.073         0.029         0.017        -0.016
     51        -0.096         0.074         0.026        -0.044         0.027
     52         0.048         0.017         0.017         0.001        -0.018
     53         0.017        -0.054         0.033        -0.017         0.011
     54         0.083         0.006        -0.019         0.109        -0.005
     55        -0.012         0.057         0.068        -0.068         0.010
     56         0.036        -0.063         0.146        -0.025        -0.004
     57        -0.030        -0.016         0.029        -0.047         0.047
     58        -0.032        -0.207        -0.006         0.102        -0.008
     59         0.020         0.177         0.030         0.151         0.011
     60         0.017         0.037         0.074        -0.004        -0.030
     61         0.000         0.040        -0.028         0.020        -0.017
     62        -0.010        -0.028        -0.011         0.160         0.011
     63        -0.004         0.001         0.026        -0.057         0.032
     64         0.018        -0.019        -0.062         0.024        -0.043
     65        -0.160         0.029        -0.010         0.036         0.020
     66        -0.685         0.045         0.112        -0.124         0.028
     67         0.069        -0.703        -0.042         0.020        -0.024
     68         0.081        -0.011        -0.609         0.039        -0.013
     69        -0.087        -0.014         0.043        -0.745         0.024
     70        -0.111        -0.016         0.044        -0.161         0.023
     71        -0.057        -0.025         0.003        -0.122         0.009
     72        -0.087        -0.017        -0.002        -0.142         0.032
     73        -0.011        -0.005         0.032        -0.001         0.053
     74         0.012        -0.170        -0.029         0.002         0.029
     75        -0.013         0.001        -0.051         0.022         0.050
     76        -0.071         0.035         0.023        -0.013         0.053
     77        -0.054         0.000        -0.020         0.006        -0.012
     78         0.016         0.020         0.024        -0.012         0.087
     79        -0.108        -0.035         0.018        -0.129        -0.074
     80         0.045        -0.003         0.007         0.085        -0.031
     81        -0.008         0.013         0.032        -0.026         0.014
     82         0.038        -0.001         0.101        -0.035         0.007
     83         0.018         0.002        -0.019         0.039         0.002
     84         0.036        -0.071        -0.023         0.120        -0.005
     85         0.047         0.081         0.040         0.100        -0.074
     86        -0.022         0.033         0.068        -0.002         0.065
     87         0.056         0.022        -0.013         0.104        -0.046
     88         0.001         0.002        -0.029         0.104        -0.050
     89         0.053        -0.003        -0.014         0.083        -0.047
     90         0.029        -0.011         0.016         0.031        -0.096
     91         0.008         0.030         0.016         0.104         0.003
     92        -0.165         0.049         0.011         0.035         0.002
     93         0.006        -0.305        -0.041        -0.055         0.031
     94         0.031        -0.025        -0.340         0.039        -0.010
     95        -0.048        -0.029         0.034        -0.372         0.063
     96        -0.041        -0.024        -0.002        -0.098        -0.051
     97         0.065         0.009        -0.040         0.091        -0.074
     98         0.008         0.004        -0.045        -0.011        -0.169
     99         0.034         0.024         0.011         0.092         0.199
    100         0.062        -0.013        -0.019         0.086        -0.109
    101         0.011         0.036        -0.018         0.015        -0.090
    102         0.012         0.082        -0.010         0.011        -0.103
    103         0.039         0.018         0.024         0.043        -0.041
    104         0.023        -0.001         0.004        -0.009         0.034
    105         0.041        -0.011         0.016        -0.039        -0.014
    106        -0.031        -0.003        -0.021         0.014        -0.040
    107         0.088         0.010        -0.006         0.114         0.069
    108        -0.043         0.009         0.014        -0.061         0.094
    109         0.007        -0.026        -0.030         0.005        -0.011
    110        -0.024        -0.001        -0.089         0.000        -0.059
    111        -0.011         0.013        -0.008        -0.026        -0.064
    112        -0.040         0.061         0.012        -0.117        -0.026
    113        -0.040        -0.058         0.006        -0.085         0.125
    114         0.003        -0.040         0.022         0.020         0.120
    115        -0.039        -0.045         0.010        -0.094        -0.006
    116         0.042         0.023        -0.007        -0.018        -0.020
    117        -0.029        -0.001         0.020        -0.071         0.028
    118        -0.056         0.008         0.036        -0.054         0.134
    119        -0.013        -0.018         0.004        -0.096         0.016
    120         0.102        -0.045        -0.009        -0.026        -0.013
    121         0.018         0.181         0.014         0.064        -0.006
    122        -0.034        -0.013         0.213        -0.060         0.063
    123         0.067         0.009        -0.033         0.241        -0.109
    124         0.030         0.038        -0.069        -0.002        -0.981
    125        -0.010         0.017         0.056         0.047         0.473
    126        -0.098        -0.075        -0.033        -0.199         0.039
    127         0.141         0.052        -0.034         0.250        -0.065
    128        -0.150        -0.043         0.039        -0.246         0.066
    129         0.084         0.028        -0.008         0.147         0.033
    130        -0.038        -0.008         0.046        -0.035         0.129
    131        -0.002        -0.013         0.037         0.007         0.120
    132         0.124         0.065        -0.021         0.224        -0.067
    133        -0.040        -0.015         0.002        -0.045         0.051
    134        -0.021         0.012        -0.033        -0.016        -0.117


           ESTIMATED CORRELATION MATRIX FOR PARAMETER ESTIMATES
                 46            47            48            49            50
              ________      ________      ________      ________      ________
     46         1.000
     47        -0.151         1.000
     48         0.114        -0.063         1.000
     49        -0.033        -0.057         0.100         1.000
     50        -0.092         0.049         0.029         0.381         1.000
     51        -0.029         0.096         0.055        -0.082        -0.052
     52         0.064        -0.040         0.021         0.006        -0.018
     53         0.035         0.005         0.167        -0.032        -0.009
     54         0.016        -0.024        -0.039         0.105         0.001
     55         0.046         0.091         0.010        -0.069        -0.072
     56        -0.053         0.062        -0.096         0.034         0.043
     57        -0.006         0.023         0.075        -0.054        -0.096
     58        -0.291        -0.129        -0.091         0.049         0.075
     59        -0.093         0.092        -0.040        -0.134        -0.173
     60         0.102         0.027         0.050         0.032         0.065
     61        -0.037        -0.017         0.103         0.037         0.112
     62        -0.113        -0.023         0.002        -0.009        -0.051
     63         0.060        -0.016         0.064        -0.066         0.066
     64         0.008        -0.030         0.010        -0.015        -0.063
     65        -0.023         0.079        -0.169         0.050        -0.022
     66         0.020         0.073        -0.021        -0.005        -0.013
     67        -0.102         0.032         0.356         0.075        -0.090
     68         0.038        -0.009         0.032         0.061        -0.035
     69         0.086         0.035        -0.021        -0.018         0.002
     70         0.001         0.108         0.064        -0.010         0.026
     71         0.035         0.074         0.014        -0.006        -0.022
     72         0.207         0.036         0.072        -0.006         0.012
     73        -0.059         0.216        -0.039        -0.025         0.007
     74         0.055         0.001         0.326        -0.007        -0.018
     75         0.013         0.003        -0.002         0.300         0.117
     76        -0.007         0.050        -0.006         0.103         0.276
     77         0.005         0.027         0.002        -0.023        -0.036
     78         0.010        -0.010         0.024        -0.036        -0.012
     79         0.008         0.065         0.102        -0.050         0.018
     80        -0.014        -0.024        -0.037         0.029         0.009
     81        -0.009         0.032        -0.014        -0.027        -0.032
     82        -0.007         0.023        -0.017         0.039         0.043
     83        -0.039        -0.029        -0.020        -0.043        -0.030
     84        -0.085        -0.037        -0.029         0.048         0.014
     85        -0.053         0.016        -0.056        -0.058        -0.057
     86         0.003         0.002         0.035         0.023         0.035
     87         0.009        -0.083        -0.006         0.037         0.036
     88        -0.039        -0.037        -0.019        -0.010        -0.025
     89         0.014        -0.082        -0.016         0.039         0.056
     90        -0.009        -0.035         0.017         0.029        -0.013
     91        -0.005        -0.051        -0.083         0.026        -0.023
     92         0.023        -0.021        -0.039        -0.005         0.009
     93        -0.009         0.029         0.163         0.017        -0.049
     94         0.023        -0.041        -0.017         0.057         0.007
     95         0.034         0.028        -0.007        -0.046        -0.037
     96         0.004         0.048         0.046        -0.018        -0.020
     97        -0.005        -0.045        -0.043         0.024        -0.007
     98        -0.008         0.008         0.007         0.033        -0.027
     99        -0.035        -0.042        -0.012         0.005         0.033
    100        -0.100        -0.012        -0.036         0.045        -0.004
    101         0.052        -0.140         0.037         0.005        -0.035
    102        -0.026        -0.010        -0.163         0.019        -0.024
    103        -0.011        -0.027        -0.035        -0.112        -0.038
    104        -0.006        -0.031        -0.027        -0.083        -0.158
    105         0.000        -0.016         0.045         0.028         0.027
    106        -0.004         0.034        -0.035         0.008        -0.002
    107        -0.010        -0.042        -0.075         0.053         0.001
    108         0.018        -0.003         0.045        -0.008         0.025
    109         0.011        -0.017         0.025         0.027         0.023
    110         0.004        -0.022         0.012        -0.001        -0.010
    111         0.032         0.022         0.002         0.044         0.027
    112         0.043         0.008         0.030        -0.047        -0.023
    113         0.047         0.005         0.025         0.023         0.066
    114        -0.004        -0.016        -0.003        -0.034         0.001
    115        -0.014         0.044         0.037        -0.030        -0.059
    116         0.000         0.007         0.012         0.044         0.018
    117        -0.006         0.046         0.022        -0.033        -0.045
    118         0.015         0.015         0.017        -0.048        -0.007
    119         0.008         0.030         0.061        -0.042        -0.001
    120        -0.020        -0.008         0.036        -0.015        -0.022
    121         0.014        -0.055        -0.087        -0.005         0.018
    122        -0.010         0.027         0.025        -0.050         0.008
    123        -0.027        -0.049        -0.003         0.054         0.014
    124        -0.002         0.000         0.005         0.041         0.010
    125        -0.029        -0.028         0.000        -0.024         0.012
    126        -0.010         0.082         0.092         0.039        -0.077
    127         0.011        -0.125        -0.079         0.028         0.072
    128        -0.024         0.130         0.075        -0.034        -0.072
    129         0.000        -0.094        -0.065        -0.002        -0.008
    130         0.005         0.030         0.017        -0.032         0.039
    131         0.007        -0.018        -0.002        -0.037         0.008
    132         0.021        -0.107        -0.143         0.044         0.032
    133        -0.043        -0.006        -0.045         0.011        -0.076
    134         0.003         0.021        -0.007         0.033        -0.011


           ESTIMATED CORRELATION MATRIX FOR PARAMETER ESTIMATES
                 51            52            53            54            55
              ________      ________      ________      ________      ________
     51         1.000
     52        -0.597         1.000
     53         0.199         0.025         1.000
     54         0.105         0.027         0.136         1.000
     55         0.028        -0.001         0.046        -0.018         1.000
     56        -0.120        -0.144        -0.098         0.032         0.024
     57         0.055        -0.072         0.009        -0.037         0.074
     58         0.096        -0.040        -0.055        -0.099        -0.056
     59         0.100        -0.089        -0.092         0.046         0.043
     60         0.009        -0.009        -0.007         0.003         0.045
     61         0.017        -0.031         0.052        -0.032         0.020
     62         0.058        -0.019        -0.044         0.040        -0.040
     63         0.006        -0.023         0.074        -0.005         0.071
     64        -0.043        -0.049        -0.001         0.005         0.006
     65         0.088         0.015        -0.015         0.035        -0.017
     66         0.079        -0.031        -0.015        -0.097        -0.002
     67        -0.018        -0.040         0.059         0.027        -0.083
     68         0.000        -0.060        -0.035         0.040        -0.053
     69        -0.001         0.041         0.020        -0.077         0.031
     70         0.014        -0.015         0.040        -0.112         0.082
     71        -0.003         0.007         0.003        -0.069         0.044
     72        -0.005         0.016         0.030        -0.082         0.047
     73         0.046        -0.007        -0.026         0.031        -0.002
     74         0.005         0.025         0.076        -0.028        -0.025
     75        -0.022        -0.046        -0.046         0.004        -0.031
     76        -0.029        -0.021         0.011        -0.019        -0.028
     77         0.258        -0.148         0.041         0.065        -0.021
     78        -0.136         0.254         0.005        -0.005        -0.005
     79         0.042        -0.005         0.232        -0.050         0.059
     80         0.046        -0.004         0.023         0.306        -0.032
     81        -0.018        -0.007         0.014        -0.023         0.568
     82        -0.053        -0.073        -0.030        -0.015         0.015
     83         0.046        -0.044        -0.011        -0.014         0.020
     84         0.007        -0.016        -0.038         0.000        -0.061
     85         0.019        -0.005        -0.019         0.035         0.017
     86         0.016        -0.005        -0.009        -0.049         0.025
     87        -0.020         0.027         0.010         0.041        -0.033
     88         0.005         0.015         0.012         0.059        -0.031
     89        -0.036         0.019         0.020         0.061        -0.059
     90        -0.034         0.001         0.015         0.029        -0.033
     91         0.015         0.010        -0.034         0.055        -0.059
     92         0.033         0.017        -0.010         0.041        -0.039
     93         0.016        -0.042         0.018         0.002        -0.006
     94        -0.015        -0.001        -0.011        -0.004        -0.051
     95         0.013         0.011        -0.005        -0.047         0.021
     96        -0.001        -0.014         0.013        -0.068         0.060
     97         0.004         0.010        -0.022         0.078        -0.067
     98        -0.003         0.017        -0.005         0.019        -0.013
     99         0.012        -0.012         0.001         0.048        -0.033
    100        -0.004         0.013        -0.015         0.058        -0.039
    101        -0.059         0.046         0.010        -0.017         0.006
    102         0.017        -0.007        -0.048         0.059        -0.011
    103         0.033         0.029         0.021         0.057        -0.021
    104         0.039        -0.022        -0.002         0.013         0.033
    105        -0.154         0.063        -0.032        -0.075         0.045
    106         0.077        -0.140         0.013         0.004        -0.002
    107        -0.026         0.016        -0.117         0.053        -0.058
    108        -0.043         0.004        -0.010        -0.265         0.022
    109         0.013         0.000        -0.003         0.009        -0.491
    110         0.059         0.022         0.033         0.022        -0.026
    111        -0.030         0.045         0.015         0.015        -0.029
    112         0.001         0.003         0.029        -0.040         0.071
    113        -0.028         0.013         0.013        -0.074         0.005
    114         0.016        -0.009         0.012         0.019        -0.006
    115         0.028        -0.014        -0.007        -0.012         0.030
    116        -0.007         0.002        -0.015        -0.004        -0.013
    117         0.019        -0.012        -0.016        -0.054         0.056
    118         0.012        -0.005        -0.001        -0.051         0.045
    119        -0.021        -0.005         0.031        -0.068         0.064
    120        -0.042        -0.001         0.005        -0.040         0.044
    121         0.004         0.035         0.002         0.038        -0.033
    122         0.010        -0.010         0.002        -0.038         0.064
    123         0.003         0.002         0.009         0.080        -0.042
    124        -0.012         0.018        -0.011         0.024        -0.001
    125         0.024        -0.013         0.006         0.022        -0.003
    126         0.084        -0.084         0.049        -0.129         0.061
    127        -0.086         0.087        -0.049         0.166        -0.105
    128         0.099        -0.100         0.046        -0.173         0.107
    129        -0.022         0.030        -0.031         0.098        -0.073
    130        -0.001        -0.021         0.014        -0.042         0.036
    131        -0.003        -0.014         0.007        -0.032         0.016
    132        -0.056         0.077        -0.107         0.189        -0.091
    133         0.060        -0.050        -0.017        -0.041        -0.019
    134        -0.013         0.018         0.003        -0.003        -0.003


           ESTIMATED CORRELATION MATRIX FOR PARAMETER ESTIMATES
                 56            57            58            59            60
              ________      ________      ________      ________      ________
     56         1.000
     57        -0.001         1.000
     58        -0.095        -0.154         1.000
     59         0.005         0.019         0.133         1.000
     60         0.010         0.015        -0.010        -0.008         1.000
     61        -0.019        -0.029        -0.016        -0.063         0.598
     62         0.208        -0.092        -0.038         0.123        -0.047
     63         0.012         0.070         0.073         0.055         0.051
     64         0.040         0.013         0.080         0.012         0.023
     65        -0.014        -0.056         0.019        -0.020         0.006
     66        -0.027         0.037         0.058        -0.069        -0.021
     67         0.044        -0.015         0.405        -0.169        -0.065
     68        -0.156         0.013         0.026        -0.008        -0.095
     69         0.036         0.039        -0.183        -0.286         0.033
     70         0.030         0.142         0.027         0.025        -0.011
     71         0.001         0.112        -0.001        -0.004        -0.004
     72         0.014         0.073        -0.016        -0.023        -0.003
     73        -0.018        -0.048         0.004         0.025        -0.009
     74        -0.019         0.014        -0.010        -0.054         0.040
     75         0.053        -0.029         0.048        -0.057         0.021
     76         0.059         0.006         0.029        -0.045         0.025
     77        -0.039         0.029         0.001         0.019         0.008
     78        -0.086        -0.037         0.000        -0.011        -0.006
     79        -0.006         0.097        -0.001         0.006        -0.025
     80         0.016        -0.070        -0.045         0.010        -0.042
     81         0.011         0.025        -0.010         0.021         0.016
     82         0.226         0.031        -0.017         0.016        -0.007
     83         0.010         0.219        -0.032         0.018        -0.026
     84        -0.023        -0.091         0.145         0.020        -0.001
     85         0.011         0.013         0.028         0.287         0.028
     86         0.003        -0.021        -0.010         0.022         0.231
     87        -0.032        -0.111        -0.032        -0.034         0.139
     88         0.037        -0.046        -0.035         0.032         0.023
     89        -0.004        -0.056        -0.032        -0.021         0.044
     90         0.025        -0.011        -0.013        -0.001         0.027
     91        -0.027        -0.105        -0.014        -0.002         0.015
     92        -0.055        -0.076        -0.009        -0.033         0.006
     93         0.013         0.023         0.055        -0.062        -0.051
     94        -0.033        -0.048         0.001        -0.032        -0.014
     95         0.016        -0.004        -0.063        -0.096        -0.016
     96         0.010         0.120         0.005         0.004         0.011
     97        -0.013        -0.120        -0.003         0.002         0.006
     98        -0.005        -0.038         0.010         0.058        -0.003
     99         0.005        -0.085         0.010         0.009         0.008
    100        -0.008        -0.079         0.010         0.029        -0.008
    101        -0.001         0.041        -0.033        -0.003         0.008
    102        -0.004        -0.067         0.012         0.040        -0.018
    103        -0.026        -0.066        -0.015         0.043        -0.025
    104        -0.005         0.043        -0.010         0.017        -0.040
    105         0.053         0.036         0.011        -0.025         0.026
    106         0.026         0.036        -0.005         0.012         0.016
    107         0.011        -0.100         0.015        -0.003         0.013
    108         0.005         0.049         0.014        -0.053         0.051
    109         0.008         0.000         0.011        -0.019        -0.013
    110        -0.147        -0.030         0.039         0.008        -0.003
    111        -0.018        -0.168         0.027         0.003         0.022
    112         0.023         0.108        -0.047         0.013         0.026
    113         0.003         0.026        -0.012        -0.208         0.004
    114        -0.010         0.031         0.011        -0.051        -0.096
    115         0.007         0.092         0.047         0.055        -0.096
    116        -0.029        -0.041         0.023         0.014        -0.001
    117        -0.001         0.091         0.012         0.021        -0.019
    118         0.004         0.070        -0.009         0.001        -0.013
    119         0.023         0.107        -0.002        -0.008        -0.014
    120         0.013         0.106         0.008         0.024        -0.008
    121        -0.016        -0.072        -0.020         0.023         0.037
    122         0.016         0.095        -0.001        -0.027        -0.001
    123        -0.003        -0.057         0.039         0.090        -0.004
    124         0.005        -0.045         0.001        -0.008         0.021
    125         0.008        -0.028         0.016         0.024        -0.004
    126         0.015         0.123         0.097         0.046        -0.073
    127        -0.023        -0.151        -0.092        -0.081         0.070
    128         0.015         0.158         0.101         0.097        -0.066
    129        -0.015        -0.143        -0.029        -0.014         0.006
    130         0.003         0.075        -0.001        -0.032         0.003
    131         0.004         0.051        -0.014        -0.053         0.008
    132         0.032        -0.169        -0.087        -0.049         0.061
    133        -0.002        -0.044         0.069         0.037        -0.038
    134        -0.005         0.004        -0.008         0.065        -0.004


           ESTIMATED CORRELATION MATRIX FOR PARAMETER ESTIMATES
                 61            62            63            64            65
              ________      ________      ________      ________      ________
     61         1.000
     62        -0.070         1.000
     63         0.067        -0.025         1.000
     64         0.037        -0.015         0.309         1.000
     65        -0.048         0.011        -0.174         0.056         1.000
     66         0.001         0.036        -0.023        -0.022         0.213
     67        -0.030         0.042        -0.026         0.001        -0.026
     68         0.022         0.027         0.015         0.055        -0.006
     69         0.016        -0.161         0.016        -0.035        -0.067
     70         0.028        -0.072         0.108         0.029        -0.015
     71         0.016        -0.040         0.068         0.010         0.017
     72         0.028        -0.077         0.101         0.026         0.010
     73        -0.031         0.010        -0.042        -0.026         0.017
     74         0.036        -0.010         0.044         0.015        -0.060
     75         0.043        -0.034         0.051         0.047         0.033
     76         0.051        -0.034         0.114         0.008        -0.002
     77        -0.017         0.017        -0.035        -0.030         0.016
     78         0.014         0.015         0.014         0.003         0.013
     79         0.048        -0.028         0.120         0.045        -0.027
     80        -0.025         0.048        -0.035         0.014        -0.012
     81         0.023        -0.012         0.009        -0.007        -0.012
     82        -0.015         0.026         0.032         0.034        -0.017
     83        -0.004         0.006         0.016         0.001        -0.026
     84        -0.047        -0.003        -0.070        -0.030        -0.001
     85        -0.026         0.059        -0.023        -0.016         0.010
     86         0.155         0.010         0.056         0.010        -0.003
     87         0.227         0.037        -0.033        -0.046        -0.006
     88        -0.014         0.295        -0.046         0.012         0.012
     89         0.018         0.031         0.170         0.055        -0.032
     90        -0.019         0.028         0.043         0.222         0.013
     91        -0.026         0.058        -0.098        -0.006         0.243
     92         0.005         0.051        -0.053        -0.008         0.064
     93        -0.038        -0.036         0.013         0.003        -0.050
     94        -0.017         0.015        -0.033         0.000        -0.010
     95        -0.015        -0.065         0.028        -0.008        -0.001
     96         0.046        -0.028         0.066         0.020         0.003
     97        -0.037         0.038        -0.076        -0.024         0.004
     98         0.000         0.008        -0.009        -0.013        -0.007
     99        -0.015         0.025        -0.051        -0.011        -0.015
    100        -0.023         0.027        -0.063        -0.019        -0.022
    101         0.025         0.003         0.030        -0.002        -0.011
    102        -0.026         0.024        -0.057        -0.013         0.028
    103        -0.055         0.042        -0.062        -0.048        -0.029
    104        -0.050         0.024        -0.063        -0.003         0.003
    105         0.054        -0.026         0.083         0.017        -0.019
    106        -0.004        -0.011        -0.022        -0.013         0.000
    107        -0.049         0.021        -0.101        -0.031         0.027
    108         0.060        -0.039         0.030        -0.015        -0.009
    109        -0.028         0.013        -0.003         0.000         0.006
    110         0.019        -0.019        -0.036        -0.006         0.018
    111        -0.004        -0.001        -0.006         0.010         0.025
    112         0.079        -0.009         0.072         0.013         0.007
    113         0.037        -0.048         0.063         0.032         0.001
    114        -0.072         0.001        -0.020         0.007        -0.005
    115        -0.117        -0.008         0.031         0.031        -0.012
    116         0.015        -0.151        -0.019        -0.025         0.005
    117         0.006        -0.031        -0.055        -0.015         0.027
    118         0.028        -0.028         0.005        -0.113        -0.006
    119         0.028        -0.025         0.083         0.006        -0.134
    120         0.026        -0.037         0.053         0.041        -0.034
    121         0.015         0.026        -0.057        -0.018         0.027
    122         0.023        -0.029         0.042         0.010         0.018
    123        -0.019         0.054        -0.057        -0.022        -0.023
    124         0.007         0.009        -0.021         0.011        -0.009
    125        -0.011         0.013        -0.010        -0.012        -0.010
    126         0.003        -0.128         0.127         0.059        -0.007
    127         0.011         0.136        -0.158        -0.039         0.012
    128        -0.004        -0.132         0.172         0.036        -0.019
    129        -0.035         0.060        -0.082        -0.027        -0.007
    130         0.010        -0.024         0.048         0.033         0.011
    131         0.011        -0.019         0.010        -0.001         0.003
    132        -0.055         0.183        -0.166        -0.020         0.039
    133        -0.044        -0.061        -0.023        -0.006         0.011
    134         0.000        -0.003        -0.008         0.000        -0.005


           ESTIMATED CORRELATION MATRIX FOR PARAMETER ESTIMATES
                 66            67            68            69            70
              ________      ________      ________      ________      ________
     66         1.000
     67        -0.021         1.000
     68        -0.101         0.046         1.000
     69         0.043        -0.006        -0.024         1.000
     70         0.107        -0.026        -0.023         0.096         1.000
     71         0.075        -0.005        -0.006         0.067         0.463
     72         0.104        -0.014        -0.004         0.092         0.613
     73         0.007         0.010        -0.021        -0.010        -0.279
     74         0.025         0.155         0.009         0.001         0.147
     75         0.007         0.015         0.049        -0.020         0.168
     76         0.052        -0.053        -0.002        -0.010         0.249
     77         0.032         0.017        -0.017         0.007        -0.096
     78         0.018        -0.025         0.008         0.004        -0.011
     79         0.101        -0.013        -0.023         0.065         0.701
     80        -0.049         0.030        -0.024        -0.061        -0.297
     81         0.011        -0.022        -0.022         0.017         0.108
     82        -0.023        -0.007        -0.074         0.022         0.148
     83        -0.014        -0.015        -0.009        -0.040        -0.161
     84        -0.043         0.079         0.001        -0.077        -0.372
     85        -0.049        -0.072        -0.044        -0.114        -0.068
     86        -0.006        -0.052        -0.024         0.009         0.038
     87        -0.059        -0.004         0.009        -0.053        -0.617
     88        -0.016        -0.004         0.008        -0.074        -0.278
     89        -0.061         0.002         0.012        -0.042        -0.628
     90        -0.008        -0.001         0.002        -0.026        -0.154
     91        -0.002        -0.012        -0.009        -0.060        -0.601
     92         0.164        -0.006        -0.055        -0.017        -0.516
     93         0.009         0.275         0.032         0.055         0.338
     94        -0.070         0.030         0.149        -0.010        -0.223
     95         0.043         0.012         0.002         0.423         0.091
     96         0.065        -0.016        -0.008         0.062         0.835
     97        -0.064         0.021         0.015        -0.052        -0.866
     98         0.005        -0.005         0.017         0.013        -0.178
     99        -0.053        -0.003        -0.006        -0.047        -0.367
    100        -0.064         0.019         0.000        -0.038        -0.564
    101        -0.013        -0.037         0.009        -0.001         0.289
    102        -0.029        -0.062         0.001        -0.010        -0.401
    103        -0.053        -0.003        -0.012        -0.030        -0.649
    104        -0.024         0.016        -0.006         0.002         0.051
    105        -0.021         0.001         0.007         0.032         0.407
    106         0.009         0.019         0.000        -0.012         0.026
    107        -0.083         0.030         0.002        -0.044        -0.748
    108         0.033        -0.021         0.015         0.059         0.223
    109        -0.006         0.022         0.012        -0.006         0.071
    110         0.012         0.003         0.050         0.023        -0.111
    111         0.015         0.001         0.001         0.035         0.023
    112         0.053        -0.054         0.011         0.061         0.509
    113         0.055         0.028         0.004         0.103         0.294
    114        -0.014         0.054        -0.015        -0.023         0.094
    115         0.057         0.019        -0.008         0.045         0.647
    116        -0.018         0.002         0.000         0.027        -0.185
    117         0.046        -0.018        -0.019         0.042         0.741
    118         0.057        -0.018        -0.009         0.027         0.423
    119         0.021        -0.002         0.008         0.033         0.695
    120        -0.072         0.006         0.045         0.006         0.639
    121        -0.038        -0.127        -0.001        -0.054        -0.654
    122         0.071        -0.007        -0.111         0.026         0.602
    123        -0.081         0.015         0.008        -0.256        -0.432
    124        -0.017         0.010         0.011        -0.023        -0.009
    125        -0.013        -0.014        -0.011        -0.011        -0.065
    126         0.096         0.068         0.002         0.138         0.564
    127        -0.150        -0.029         0.014        -0.165        -0.623
    128         0.153         0.030        -0.020         0.157         0.631
    129        -0.093        -0.001         0.025        -0.099        -0.921
    130         0.031         0.004        -0.025         0.014         0.452
    131        -0.001         0.004        -0.009        -0.001         0.259
    132        -0.124        -0.051         0.008        -0.152        -0.589
    133         0.042         0.040         0.001         0.036        -0.532
    134         0.012        -0.036         0.012         0.001         0.038


           ESTIMATED CORRELATION MATRIX FOR PARAMETER ESTIMATES
                 71            72            73            74            75
              ________      ________      ________      ________      ________
     71         1.000
     72         0.282         1.000
     73        -0.121        -0.248         1.000
     74         0.048         0.133        -0.023         1.000
     75         0.063         0.079        -0.062         0.085         1.000
     76         0.088         0.120        -0.014         0.068         0.423
     77        -0.080        -0.067         0.127         0.054        -0.161
     78        -0.003         0.066        -0.025         0.047        -0.033
     79         0.343         0.458        -0.175         0.151         0.126
     80        -0.116        -0.194         0.107        -0.082        -0.059
     81         0.037         0.070         0.001         0.003         0.009
     82         0.080         0.036        -0.005        -0.068         0.088
     83        -0.067        -0.108         0.015        -0.014        -0.048
     84        -0.187        -0.406        -0.017        -0.136         0.009
     85        -0.036        -0.099         0.003        -0.069        -0.167
     86        -0.038         0.045        -0.027         0.058        -0.021
     87        -0.277        -0.380         0.097        -0.090        -0.144
     88        -0.070        -0.295         0.053        -0.033        -0.089
     89        -0.268        -0.341         0.143        -0.112        -0.105
     90        -0.055        -0.102         0.003        -0.001        -0.083
     91        -0.252        -0.360         0.185        -0.136        -0.101
     92        -0.238        -0.270         0.149        -0.076        -0.037
     93         0.149         0.120         0.037         0.407         0.140
     94        -0.106        -0.079         0.079        -0.019         0.033
     95         0.002         0.137        -0.027        -0.029         0.031
     96         0.434         0.509        -0.246         0.122         0.130
     97        -0.368        -0.532         0.255        -0.147        -0.153
     98         0.006        -0.107         0.039        -0.074        -0.064
     99        -0.935        -0.218         0.116        -0.033        -0.033
    100        -0.203        -0.644         0.203        -0.138        -0.092
    101         0.175         0.220        -0.687         0.033         0.062
    102        -0.114        -0.282         0.109        -0.608        -0.119
    103        -0.289        -0.381         0.205        -0.134        -0.546
    104         0.008         0.054        -0.034         0.013        -0.194
    105         0.236         0.233        -0.197         0.010         0.157
    106         0.000        -0.031         0.040        -0.016         0.038
    107        -0.373        -0.482         0.206        -0.139        -0.127
    108         0.065         0.155        -0.095         0.102         0.083
    109         0.060         0.040        -0.050         0.018         0.028
    110        -0.034        -0.021         0.012         0.041        -0.032
    111         0.049         0.029         0.026        -0.035        -0.026
    112         0.250         0.433        -0.082         0.108         0.019
    113         0.118         0.213        -0.069         0.117         0.167
    114        -0.016         0.039        -0.008         0.048         0.054
    115         0.322         0.390        -0.151         0.096         0.112
    116        -0.095        -0.047         0.061        -0.054         0.000
    117         0.333         0.422        -0.187         0.107         0.113
    118         0.152         0.268        -0.098         0.059         0.102
    119         0.300         0.427        -0.215         0.137         0.105
    120         0.294         0.347        -0.189         0.105         0.075
    121        -0.328        -0.339         0.116        -0.278        -0.150
    122         0.270         0.334        -0.170         0.112         0.077
    123        -0.158        -0.311         0.106        -0.056        -0.075
    124         0.022        -0.019        -0.056        -0.034        -0.052
    125        -0.726        -0.025         0.037         0.028         0.029
    126         0.297         0.342        -0.164         0.090         0.116
    127        -0.337        -0.383         0.166        -0.086        -0.102
    128         0.341         0.385        -0.166         0.090         0.104
    129        -0.476        -0.565         0.261        -0.138        -0.159
    130         0.142         0.274        -0.118         0.102         0.099
    131         0.062         0.147        -0.062         0.078         0.064
    132        -0.311        -0.362         0.163        -0.126        -0.087
    133        -0.244        -0.329         0.166        -0.114        -0.085
    134         0.102         0.011        -0.034        -0.046        -0.027


           ESTIMATED CORRELATION MATRIX FOR PARAMETER ESTIMATES
                 76            77            78            79            80
              ________      ________      ________      ________      ________
     76         1.000
     77        -0.146         1.000
     78        -0.032        -0.588         1.000
     79         0.172         0.083        -0.017         1.000
     80        -0.093         0.158         0.018        -0.079         1.000
     81        -0.073        -0.049         0.001         0.088        -0.022
     82         0.119        -0.128        -0.176         0.053        -0.039
     83        -0.045         0.040        -0.034        -0.106         0.096
     84        -0.043         0.093        -0.039        -0.321         0.077
     85        -0.175         0.052        -0.057        -0.023         0.108
     86        -0.018         0.060        -0.042         0.078         0.021
     87        -0.166         0.062        -0.001        -0.379         0.199
     88        -0.075         0.113        -0.044        -0.132         0.104
     89        -0.056        -0.052         0.046        -0.422         0.213
     90        -0.139        -0.021        -0.006        -0.064         0.082
     91        -0.185         0.131        -0.004        -0.409         0.169
     92        -0.145         0.093         0.019        -0.327         0.154
     93         0.058         0.040        -0.099         0.206        -0.111
     94        -0.053         0.026        -0.079        -0.165         0.088
     95         0.047        -0.010         0.086         0.072        -0.080
     96         0.198        -0.087        -0.033         0.599        -0.253
     97        -0.220         0.090         0.012        -0.588         0.266
     98        -0.090         0.043         0.001        -0.079         0.065
     99        -0.045         0.055         0.023        -0.302         0.088
    100        -0.150         0.061        -0.017        -0.391         0.173
    101         0.016        -0.091         0.016         0.202        -0.101
    102        -0.142         0.006        -0.015        -0.280         0.167
    103        -0.338         0.142         0.040        -0.457         0.223
    104        -0.533         0.060        -0.003         0.014         0.008
    105         0.178        -0.625         0.333         0.200        -0.175
    106         0.021         0.398        -0.676         0.018        -0.047
    107        -0.176        -0.017         0.024        -0.828         0.151
    108         0.099        -0.093        -0.040         0.048        -0.699
    109         0.106         0.029        -0.013         0.054        -0.028
    110        -0.059         0.082         0.110        -0.037         0.032
    111        -0.020         0.007         0.009         0.032        -0.039
    112         0.080        -0.080         0.014         0.414        -0.120
    113         0.205        -0.066         0.048         0.187        -0.171
    114         0.055        -0.042         0.021         0.005        -0.036
    115         0.137        -0.048         0.001         0.435        -0.192
    116        -0.069        -0.020         0.035        -0.158         0.057
    117         0.127        -0.024        -0.042         0.495        -0.245
    118         0.193        -0.019        -0.018         0.252        -0.154
    119         0.179        -0.104        -0.014         0.481        -0.189
    120         0.160        -0.094        -0.030         0.423        -0.182
    121        -0.160         0.027         0.058        -0.433         0.209
    122         0.161        -0.076         0.006         0.393        -0.189
    123        -0.132         0.039        -0.037        -0.309         0.158
    124        -0.060         0.012        -0.080         0.084         0.033
    125         0.026         0.031         0.029        -0.118        -0.001
    126         0.110        -0.024        -0.031         0.405        -0.197
    127        -0.132         0.038         0.027        -0.446         0.217
    128         0.142        -0.044        -0.018         0.453        -0.219
    129        -0.232         0.092         0.030        -0.659         0.271
    130         0.140        -0.051        -0.011         0.287        -0.120
    131         0.106        -0.057        -0.006         0.134        -0.103
    132        -0.134         0.045         0.018        -0.446         0.209
    133        -0.150         0.066        -0.005        -0.381         0.120
    134        -0.008         0.015         0.008         0.076         0.013


           ESTIMATED CORRELATION MATRIX FOR PARAMETER ESTIMATES
                 81            82            83            84            85
              ________      ________      ________      ________      ________
     81         1.000
     82         0.018         1.000
     83         0.006        -0.059         1.000
     84        -0.095        -0.120        -0.068         1.000
     85        -0.024        -0.016         0.070         0.154         1.000
     86         0.014        -0.007         0.020        -0.002         0.026
     87        -0.043        -0.102         0.057         0.191         0.053
     88        -0.052         0.100         0.067         0.086         0.179
     89        -0.077        -0.081         0.145         0.262         0.080
     90        -0.014         0.009         0.030         0.100         0.039
     91        -0.070        -0.110         0.109         0.233         0.041
     92        -0.103        -0.155         0.105         0.206        -0.116
     93         0.001         0.091        -0.084         0.228        -0.125
     94        -0.051        -0.120         0.046         0.107        -0.020
     95         0.020         0.018        -0.094        -0.249        -0.391
     96         0.089         0.149        -0.139        -0.337        -0.092
     97        -0.095        -0.131         0.125         0.338         0.089
     98        -0.027        -0.033        -0.007         0.090         0.047
     99        -0.026        -0.060         0.060         0.134         0.017
    100        -0.064        -0.058         0.071         0.318         0.081
    101         0.003         0.018        -0.008        -0.009        -0.003
    102        -0.036        -0.010         0.036         0.204         0.106
    103        -0.060        -0.125         0.090         0.224         0.164
    104         0.076        -0.011         0.008        -0.073         0.093
    105         0.069         0.139        -0.071        -0.186        -0.075
    106         0.001         0.124         0.034         0.005         0.051
    107        -0.085        -0.087         0.104         0.342         0.065
    108         0.020         0.036        -0.059        -0.048        -0.121
    109        -0.840         0.016        -0.023         0.024        -0.001
    110        -0.026        -0.632         0.017         0.091         0.013
    111        -0.014         0.011        -0.669         0.070        -0.034
    112         0.103         0.126        -0.031        -0.706        -0.086
    113         0.048         0.054        -0.088        -0.178        -0.655
    114         0.015         0.014         0.004        -0.055        -0.033
    115         0.045         0.103        -0.112        -0.217        -0.039
    116        -0.007        -0.129        -0.017         0.106        -0.059
    117         0.085         0.128        -0.146        -0.300        -0.091
    118         0.051         0.060        -0.079        -0.193        -0.058
    119         0.082         0.118        -0.106        -0.302        -0.071
    120         0.101         0.147        -0.105        -0.263         0.050
    121        -0.049        -0.120         0.121         0.087         0.153
    122         0.077         0.135        -0.091        -0.248        -0.071
    123        -0.060        -0.077         0.101         0.289         0.266
    124        -0.007        -0.009        -0.005        -0.002         0.079
    125         0.020        -0.038         0.017         0.019        -0.045
    126         0.055         0.099        -0.080        -0.182        -0.060
    127        -0.077        -0.111         0.076         0.207         0.060
    128         0.077         0.114        -0.079        -0.211        -0.060
    129        -0.097        -0.159         0.143         0.362         0.085
    130         0.056         0.086        -0.028        -0.204        -0.068
    131         0.036         0.044        -0.030        -0.113        -0.058
    132        -0.073        -0.085         0.060         0.205         0.063
    133        -0.055        -0.071         0.106         0.224         0.041
    134        -0.020        -0.007        -0.033        -0.001         0.027


           ESTIMATED CORRELATION MATRIX FOR PARAMETER ESTIMATES
                 86            87            88            89            90
              ________      ________      ________      ________      ________
     86         1.000
     87         0.397         1.000
     88         0.022         0.189         1.000
     89         0.013         0.402         0.179         1.000
     90        -0.024         0.115         0.078         0.300         1.000
     91         0.011         0.351         0.186         0.308         0.123
     92         0.002         0.329         0.141         0.305         0.069
     93        -0.035        -0.261        -0.110        -0.271        -0.094
     94        -0.143         0.127         0.063         0.168         0.009
     95        -0.001        -0.034        -0.151        -0.139        -0.101
     96         0.022        -0.508        -0.212        -0.537        -0.121
     97        -0.043         0.537         0.224         0.567         0.155
     98        -0.023         0.122         0.018         0.147         0.074
     99         0.037         0.202         0.036         0.208         0.011
    100        -0.056         0.348         0.187         0.354         0.122
    101         0.022        -0.123        -0.056        -0.129         0.003
    102        -0.059         0.255         0.088         0.265         0.077
    103        -0.016         0.419         0.197         0.415         0.129
    104        -0.009        -0.041         0.007        -0.120         0.043
    105        -0.009        -0.239        -0.158        -0.189        -0.029
    106         0.047         0.006         0.030        -0.059        -0.034
    107        -0.065         0.423         0.151         0.454         0.086
    108         0.031        -0.126        -0.068        -0.175        -0.078
    109         0.000        -0.071         0.013        -0.043        -0.016
    110        -0.013         0.079        -0.067         0.079         0.019
    111        -0.024        -0.006        -0.046        -0.030         0.002
    112         0.020        -0.276        -0.126        -0.328        -0.090
    113         0.031        -0.169        -0.175        -0.211        -0.073
    114        -0.349        -0.234         0.010        -0.105        -0.045
    115        -0.237        -0.757        -0.177        -0.421        -0.097
    116         0.007         0.120        -0.538         0.128         0.021
    117         0.002        -0.471        -0.199        -0.771        -0.216
    118         0.041        -0.257        -0.135        -0.398        -0.658
    119         0.011        -0.422        -0.188        -0.408        -0.128
    120         0.002        -0.418        -0.157        -0.404        -0.103
    121        -0.006         0.436         0.187         0.456         0.130
    122         0.069        -0.371        -0.143        -0.415        -0.106
    123        -0.047         0.237         0.174         0.341         0.134
    124        -0.057         0.041         0.053         0.040         0.094
    125         0.055         0.001        -0.044         0.008        -0.090
    126         0.013        -0.344        -0.185        -0.334        -0.068
    127        -0.015         0.383         0.214         0.371         0.088
    128         0.015        -0.391        -0.218        -0.374        -0.096
    129        -0.024         0.559         0.241         0.581         0.138
    130         0.031        -0.278        -0.083        -0.305        -0.081
    131         0.025        -0.173        -0.046        -0.199        -0.087
    132        -0.006         0.343         0.224         0.337         0.096
    133        -0.029         0.322         0.082         0.341         0.082
    134         0.012        -0.007        -0.037         0.031         0.018


           ESTIMATED CORRELATION MATRIX FOR PARAMETER ESTIMATES
                 91            92            93            94            95
              ________      ________      ________      ________      ________
     91         1.000
     92         0.443         1.000
     93        -0.207        -0.155         1.000
     94         0.086         0.078        -0.035         1.000
     95        -0.060        -0.003         0.089        -0.034         1.000
     96        -0.503        -0.422         0.287        -0.175         0.098
     97         0.530         0.450        -0.303         0.185        -0.071
     98         0.133         0.105        -0.090         0.023        -0.007
     99         0.197         0.184        -0.130         0.089         0.025
    100         0.355         0.267        -0.149         0.073        -0.082
    101        -0.188        -0.140         0.004        -0.065         0.017
    102         0.277         0.219        -0.346         0.070        -0.018
    103         0.388         0.309        -0.268         0.091        -0.072
    104        -0.039        -0.030         0.038        -0.001        -0.010
    105        -0.278        -0.234         0.096        -0.088         0.033
    106        -0.022        -0.025         0.065         0.032        -0.065
    107         0.451         0.360        -0.224         0.144        -0.087
    108        -0.115        -0.104         0.090        -0.054         0.045
    109        -0.040         0.010         0.060         0.000         0.001
    110         0.085         0.118        -0.058         0.064         0.005
    111        -0.010        -0.011         0.009        -0.023         0.053
    112        -0.320        -0.272        -0.058        -0.110         0.163
    113        -0.178        -0.041         0.193        -0.035         0.255
    114        -0.093        -0.075         0.085         0.031        -0.015
    115        -0.385        -0.346         0.261        -0.145         0.036
    116         0.117         0.101        -0.059         0.027         0.049
    117        -0.415        -0.376         0.291        -0.169         0.120
    118        -0.276        -0.213         0.169        -0.085         0.108
    119        -0.768        -0.440         0.239        -0.110         0.081
    120        -0.471        -0.753         0.225        -0.115         0.025
    121         0.395         0.332        -0.659         0.145        -0.096
    122        -0.346        -0.297         0.231        -0.520         0.065
    123         0.276         0.193        -0.179         0.087        -0.542
    124        -0.006        -0.005        -0.032        -0.001        -0.062
    125         0.033         0.031        -0.027         0.022         0.059
    126        -0.345        -0.331         0.217        -0.108         0.083
    127         0.379         0.335        -0.217         0.136        -0.101
    128        -0.393        -0.336         0.212        -0.136         0.096
    129         0.556         0.468        -0.313         0.197        -0.103
    130        -0.283        -0.227         0.169        -0.093         0.019
    131        -0.183        -0.155         0.120        -0.041         0.029
    132         0.379         0.328        -0.212         0.125        -0.091
    133         0.324         0.270        -0.193         0.118        -0.030
    134        -0.012        -0.007        -0.036        -0.015        -0.032


           ESTIMATED CORRELATION MATRIX FOR PARAMETER ESTIMATES
                 96            97            98            99           100
              ________      ________      ________      ________      ________
     96         1.000
     97        -0.823         1.000
     98        -0.062         0.497         1.000
     99        -0.400         0.324        -0.032         1.000
    100        -0.507         0.771         0.687         0.165         1.000
    101         0.357        -0.238         0.201        -0.196        -0.110
    102        -0.372         0.571         0.561         0.090         0.603
    103        -0.741         0.713         0.243         0.251         0.503
    104         0.007        -0.245        -0.585        -0.012        -0.392
    105         0.492        -0.410        -0.024        -0.217        -0.236
    106         0.014        -0.104        -0.241        -0.010        -0.137
    107        -0.775         0.768         0.176         0.352         0.537
    108         0.177        -0.330        -0.345        -0.045        -0.329
    109         0.101        -0.081        -0.012        -0.063        -0.050
    110        -0.094         0.214         0.302         0.024         0.194
    111         0.074         0.078         0.331        -0.057         0.171
    112         0.591        -0.489         0.014        -0.226        -0.391
    113         0.297        -0.407        -0.397        -0.074        -0.413
    114        -0.017        -0.357        -0.848         0.033        -0.519
    115         0.709        -0.569         0.138        -0.282        -0.265
    116        -0.195         0.347         0.543         0.090         0.375
    117         0.814        -0.796        -0.211        -0.293        -0.520
    118         0.443        -0.523        -0.310        -0.118        -0.426
    119         0.725        -0.776        -0.319        -0.266        -0.574
    120         0.667        -0.681        -0.208        -0.273        -0.442
    121        -0.739         0.665         0.104         0.295         0.370
    122         0.620        -0.762        -0.559        -0.239        -0.634
    123        -0.460         0.537         0.401         0.113         0.517
    124         0.068         0.068         0.185        -0.233         0.109
    125        -0.142        -0.015        -0.192         0.836        -0.089
    126         0.421        -0.364         0.007        -0.209        -0.203
    127        -0.440         0.417         0.010         0.237         0.244
    128         0.433        -0.426        -0.013        -0.240        -0.245
    129        -0.894         0.805         0.148         0.397         0.530
    130         0.336        -0.679        -0.893        -0.090        -0.750
    131         0.212        -0.572        -0.914        -0.054        -0.687
    132        -0.410         0.397         0.014         0.214         0.234
    133        -0.626         0.634         0.190         0.251         0.444
    134         0.125         0.222         0.785        -0.110         0.453


           ESTIMATED CORRELATION MATRIX FOR PARAMETER ESTIMATES
                101           102           103           104           105
              ________      ________      ________      ________      ________
    101         1.000
    102        -0.051         1.000
    103        -0.250         0.431         1.000
    104        -0.114        -0.278         0.085         1.000
    105         0.252        -0.134        -0.449        -0.094         1.000
    106        -0.081        -0.105        -0.073         0.133        -0.497
    107        -0.255         0.393         0.610        -0.082        -0.271
    108         0.041        -0.320        -0.238         0.153         0.110
    109         0.083        -0.041        -0.087        -0.080         0.019
    110         0.043         0.124         0.140        -0.144        -0.166
    111         0.067         0.193         0.021        -0.202         0.031
    112         0.136        -0.240        -0.377         0.011         0.336
    113        -0.009        -0.343        -0.381         0.073         0.186
    114        -0.203        -0.428        -0.158         0.511        -0.015
    115         0.251        -0.171        -0.504        -0.107         0.337
    116         0.044         0.351         0.201        -0.336        -0.021
    117         0.218        -0.376        -0.643         0.135         0.364
    118         0.093        -0.310        -0.400         0.078         0.175
    119         0.264        -0.449        -0.590         0.163         0.367
    120         0.221        -0.362        -0.513         0.088         0.358
    121        -0.147         0.496         0.624         0.001        -0.349
    122         0.108        -0.518        -0.537         0.306         0.301
    123        -0.054         0.349         0.427        -0.169        -0.200
    124         0.101         0.107         0.036        -0.032         0.021
    125        -0.116        -0.114         0.017         0.058        -0.096
    126         0.141        -0.170        -0.309        -0.003         0.193
    127        -0.148         0.179         0.315        -0.004        -0.213
    128         0.150        -0.185        -0.316        -0.002         0.215
    129        -0.291         0.390         0.680        -0.044        -0.436
    130        -0.075        -0.605        -0.424         0.507         0.153
    131        -0.137        -0.564        -0.317         0.533         0.099
    132        -0.142         0.197         0.294         0.015        -0.209
    133        -0.226         0.332         0.503        -0.049        -0.309
    134         0.245         0.384         0.065        -0.494         0.077


           ESTIMATED CORRELATION MATRIX FOR PARAMETER ESTIMATES
                106           107           108           109           110
              ________      ________      ________      ________      ________
    106         1.000
    107        -0.040         1.000
    108         0.164        -0.101         1.000
    109         0.014        -0.076         0.036         1.000
    110        -0.176         0.075        -0.112        -0.015         1.000
    111        -0.090        -0.030        -0.052         0.023         0.081
    112        -0.045        -0.518         0.031        -0.033        -0.105
    113         0.007        -0.281         0.296        -0.004        -0.138
    114         0.180        -0.081         0.245         0.007        -0.238
    115        -0.070        -0.542         0.036         0.104        -0.014
    116        -0.158         0.232        -0.198        -0.067         0.286
    117         0.057        -0.659         0.231         0.090        -0.141
    118         0.060        -0.369         0.198         0.071        -0.120
    119         0.082        -0.642         0.224         0.062        -0.152
    120         0.054        -0.541         0.148        -0.004        -0.161
    121        -0.058         0.571        -0.166        -0.109         0.105
    122         0.111        -0.546         0.285         0.054        -0.284
    123        -0.061         0.421        -0.243        -0.028         0.165
    124         0.034        -0.082        -0.101         0.009         0.061
    125         0.015         0.118         0.070        -0.049        -0.032
    126        -0.014        -0.349         0.110         0.039        -0.002
    127         0.008         0.388        -0.129        -0.021         0.020
    128        -0.012        -0.394         0.128         0.020        -0.027
    129        -0.037         0.739        -0.196        -0.091         0.109
    130         0.222        -0.390         0.340         0.036        -0.293
    131         0.223        -0.272         0.339         0.012        -0.285
    132         0.016         0.384        -0.116        -0.019         0.014
    133        -0.035         0.550        -0.126        -0.074         0.109
    134        -0.208        -0.020        -0.239         0.028         0.221


           ESTIMATED CORRELATION MATRIX FOR PARAMETER ESTIMATES
                111           112           113           114           115
              ________      ________      ________      ________      ________
    111         1.000
    112        -0.017         1.000
    113        -0.037         0.207         1.000
    114        -0.271        -0.056         0.299         1.000
    115         0.123         0.417         0.103         0.023         1.000
    116         0.191        -0.089        -0.133        -0.473        -0.026
    117         0.048         0.490         0.312         0.137         0.603
    118        -0.042         0.298         0.233         0.209         0.262
    119        -0.031         0.454         0.296         0.228         0.498
    120        -0.012         0.411         0.128         0.144         0.504
    121        -0.065        -0.206        -0.333        -0.054        -0.573
    122        -0.122         0.331         0.360         0.406         0.371
    123         0.023        -0.396        -0.587        -0.287        -0.230
    124         0.070         0.040        -0.131        -0.136         0.019
    125        -0.085        -0.066         0.076         0.151        -0.080
    126         0.016         0.236         0.109        -0.027         0.335
    127        -0.016        -0.264        -0.124         0.018        -0.361
    128         0.020         0.266         0.123        -0.010         0.367
    129        -0.026        -0.522        -0.304        -0.068        -0.637
    130        -0.280         0.162         0.430         0.740         0.083
    131        -0.277         0.088         0.403         0.768        -0.011
    132        -0.010        -0.254        -0.123         0.008        -0.330
    133        -0.029        -0.369        -0.243        -0.110        -0.433
    134         0.288         0.114        -0.270        -0.688         0.249


           ESTIMATED CORRELATION MATRIX FOR PARAMETER ESTIMATES
                116           117           118           119           120
              ________      ________      ________      ________      ________
    116         1.000
    117        -0.218         1.000
    118        -0.191         0.536         1.000
    119        -0.254         0.600         0.420         1.000
    120        -0.173         0.582         0.345         0.652         1.000
    121         0.127        -0.663        -0.358        -0.553        -0.524
    122        -0.391         0.600         0.431         0.568         0.498
    123         0.219        -0.467        -0.362        -0.435        -0.316
    124         0.018        -0.018        -0.131        -0.009         0.017
    125        -0.013        -0.035         0.107        -0.026        -0.044
    126        -0.036         0.313         0.162         0.313         0.329
    127         0.032        -0.347        -0.187        -0.353        -0.339
    128        -0.031         0.349         0.191         0.362         0.339
    129         0.212        -0.736        -0.409        -0.684        -0.627
    130        -0.536         0.409         0.386         0.485         0.369
    131        -0.514         0.312         0.338         0.405         0.291
    132         0.022        -0.317        -0.179        -0.345        -0.327
    133         0.218        -0.559        -0.336        -0.513        -0.456
    134         0.421        -0.024        -0.138        -0.100        -0.031


           ESTIMATED CORRELATION MATRIX FOR PARAMETER ESTIMATES
                121           122           123           124           125
              ________      ________      ________      ________      ________
    121         1.000
    122        -0.517         1.000
    123         0.392        -0.468         1.000
    124        -0.003        -0.058         0.107         1.000
    125         0.080         0.007        -0.064        -0.500         1.000
    126        -0.329         0.222        -0.196        -0.041        -0.058
    127         0.342        -0.260         0.227         0.064         0.057
    128        -0.343         0.261        -0.226        -0.063        -0.056
    129         0.674        -0.602         0.454        -0.047         0.137
    130        -0.307         0.670        -0.476        -0.138         0.128
    131        -0.208         0.600        -0.440        -0.131         0.129
    132         0.328        -0.246         0.210         0.075         0.043
    133         0.490        -0.486         0.325        -0.064         0.063
    134        -0.047        -0.338         0.268         0.132        -0.169


           ESTIMATED CORRELATION MATRIX FOR PARAMETER ESTIMATES
                126           127           128           129           130
              ________      ________      ________      ________      ________
    126         1.000
    127        -0.949         1.000
    128         0.903        -0.978         1.000
    129        -0.597         0.615        -0.602         1.000
    130         0.144        -0.172         0.176        -0.434         1.000
    131         0.055        -0.071         0.074        -0.242         0.798
    132        -0.867         0.921        -0.924         0.567        -0.168
    133         0.187        -0.167         0.154         0.514        -0.355
    134         0.016        -0.016         0.023        -0.057        -0.643


           ESTIMATED CORRELATION MATRIX FOR PARAMETER ESTIMATES
                131           132           133           134
              ________      ________      ________      ________
    131         1.000
    132        -0.071         1.000
    133        -0.244        -0.131         1.000
    134        -0.721        -0.014        -0.040         1.000


TECHNICAL 4 OUTPUT


     ESTIMATES DERIVED FROM THE MODEL


           ESTIMATED MEANS FOR THE LATENT VARIABLES
              SX            IX            IY            SY            X1
              ________      ________      ________      ________      ________
                0.242         0.004        -0.006         0.135         0.004


           ESTIMATED MEANS FOR THE LATENT VARIABLES
              Y1            Z0            C1            C2            C3
              ________      ________      ________      ________      ________
               -0.006         0.000         0.496         0.195         0.436


           ESTIMATED MEANS FOR THE LATENT VARIABLES
              C4            C5            C6            C7            C8
              ________      ________      ________      ________      ________
                0.308         0.242         3.159         7.155         0.202


           ESTIMATED MEANS FOR THE LATENT VARIABLES
              C9            C10           C11           C12           C13
              ________      ________      ________      ________      ________
                0.079         0.004         0.108         2.196         0.688


           ESTIMATED MEANS FOR THE LATENT VARIABLES
              C14           C15           C16           C17           C18
              ________      ________      ________      ________      ________
                0.539         0.318         0.434         0.829         0.233


           ESTIMATED MEANS FOR THE LATENT VARIABLES
              C19           C20           C21           C22           C23
              ________      ________      ________      ________      ________
                0.186         0.109         0.212         0.684         0.292


           ESTIMATED MEANS FOR THE LATENT VARIABLES
              C24
              ________
                3.698


           S.E. FOR ESTIMATED MEANS FOR THE LATENT VARIABLES
              SX            IX            IY            SY            X1
              ________      ________      ________      ________      ________
                0.028         0.020         0.018         0.028         0.020


           S.E. FOR ESTIMATED MEANS FOR THE LATENT VARIABLES
              Y1            Z0            C1            C2            C3
              ________      ________      ________      ________      ________
                0.018         0.019         0.006         0.007         0.011


           S.E. FOR ESTIMATED MEANS FOR THE LATENT VARIABLES
              C4            C5            C6            C7            C8
              ________      ________      ________      ________      ________
                0.010         0.009         0.025         0.101         0.009


           S.E. FOR ESTIMATED MEANS FOR THE LATENT VARIABLES
              C9            C10           C11           C12           C13
              ________      ________      ________      ________      ________
                0.006         0.001         0.006         0.019         0.024


           S.E. FOR ESTIMATED MEANS FOR THE LATENT VARIABLES
              C14           C15           C16           C17           C18
              ________      ________      ________      ________      ________
                0.011         0.008         0.009         0.007         0.008


           S.E. FOR ESTIMATED MEANS FOR THE LATENT VARIABLES
              C19           C20           C21           C22           C23
              ________      ________      ________      ________      ________
                0.007         0.006         0.008         0.010         0.017


           S.E. FOR ESTIMATED MEANS FOR THE LATENT VARIABLES
              C24
              ________
                0.092


           EST./S.E. FOR ESTIMATED MEANS FOR THE LATENT VARIABLES
              SX            IX            IY            SY            X1
              ________      ________      ________      ________      ________
                8.524         0.185        -0.345         4.804         0.181


           EST./S.E. FOR ESTIMATED MEANS FOR THE LATENT VARIABLES
              Y1            Z0            C1            C2            C3
              ________      ________      ________      ________      ________
               -0.342         0.000        81.445        26.203        40.484


           EST./S.E. FOR ESTIMATED MEANS FOR THE LATENT VARIABLES
              C4            C5            C6            C7            C8
              ________      ________      ________      ________      ________
               30.781        26.557       127.417        71.009        23.336


           EST./S.E. FOR ESTIMATED MEANS FOR THE LATENT VARIABLES
              C9            C10           C11           C12           C13
              ________      ________      ________      ________      ________
               13.344         3.752        18.253       117.570        28.265


           EST./S.E. FOR ESTIMATED MEANS FOR THE LATENT VARIABLES
              C14           C15           C16           C17           C18
              ________      ________      ________      ________      ________
               49.847        37.945        47.065       119.446        27.798


           EST./S.E. FOR ESTIMATED MEANS FOR THE LATENT VARIABLES
              C19           C20           C21           C22           C23
              ________      ________      ________      ________      ________
               24.807        17.614        27.139        70.111        17.135


           EST./S.E. FOR ESTIMATED MEANS FOR THE LATENT VARIABLES
              C24
              ________
               40.388


           TWO-TAILED P-VALUE FOR ESTIMATED MEANS FOR THE LATENT VARIABLES
              SX            IX            IY            SY            X1
              ________      ________      ________      ________      ________
                0.000         0.853         0.730         0.000         0.857


           TWO-TAILED P-VALUE FOR ESTIMATED MEANS FOR THE LATENT VARIABLES
              Y1            Z0            C1            C2            C3
              ________      ________      ________      ________      ________
                0.733         1.000         0.000         0.000         0.000


           TWO-TAILED P-VALUE FOR ESTIMATED MEANS FOR THE LATENT VARIABLES
              C4            C5            C6            C7            C8
              ________      ________      ________      ________      ________
                0.000         0.000         0.000         0.000         0.000


           TWO-TAILED P-VALUE FOR ESTIMATED MEANS FOR THE LATENT VARIABLES
              C9            C10           C11           C12           C13
              ________      ________      ________      ________      ________
                0.000         0.000         0.000         0.000         0.000


           TWO-TAILED P-VALUE FOR ESTIMATED MEANS FOR THE LATENT VARIABLES
              C14           C15           C16           C17           C18
              ________      ________      ________      ________      ________
                0.000         0.000         0.000         0.000         0.000


           TWO-TAILED P-VALUE FOR ESTIMATED MEANS FOR THE LATENT VARIABLES
              C19           C20           C21           C22           C23
              ________      ________      ________      ________      ________
                0.000         0.000         0.000         0.000         0.000


           TWO-TAILED P-VALUE FOR ESTIMATED MEANS FOR THE LATENT VARIABLES
              C24
              ________
                0.000


           ESTIMATED COVARIANCE MATRIX FOR THE LATENT VARIABLES
              SX            IX            IY            SY            X1
              ________      ________      ________      ________      ________
 SX             0.127
 IX            -0.013         0.262
 IY            -0.034        -0.116         0.450
 SY            -0.038        -0.002         0.031         0.133
 X1            -0.012         0.279        -0.129        -0.005         0.990
 Y1            -0.035        -0.124         0.456         0.032        -0.162
 Z0            -0.011        -0.127         0.095         0.025        -0.261
 C1             0.009        -0.023        -0.084         0.003        -0.021
 C2            -0.004         0.025        -0.063         0.004         0.027
 C3            -0.003         0.024        -0.078         0.002         0.029
 C4             0.025        -0.002        -0.028         0.036        -0.002
 C5            -0.012        -0.019         0.075        -0.034        -0.023
 C6            -0.049         0.009         0.090         0.048        -0.003
 C7            -0.139        -0.037         0.507        -0.067        -0.083
 C8             0.012        -0.042         0.008        -0.003        -0.041
 C9             0.000         0.015        -0.007        -0.009         0.017
 C10           -0.001         0.000         0.001         0.001         0.000
 C11           -0.011        -0.003         0.000         0.014        -0.005
 C12           -0.002         0.051        -0.112         0.010         0.058
 C13           -0.029         0.091        -0.247         0.036         0.101
 C14           -0.005        -0.007         0.043        -0.036        -0.011
 C15            0.006        -0.033         0.162        -0.055        -0.039
 C16           -0.013         0.048        -0.130         0.032         0.051
 C17            0.016         0.010        -0.055         0.020         0.014
 C18           -0.013         0.042        -0.010         0.010         0.048
 C19           -0.004        -0.013         0.029         0.011        -0.020
 C20           -0.009         0.029        -0.006        -0.010         0.033
 C21           -0.014         0.017         0.020        -0.001         0.015
 C22            0.019        -0.036         0.071         0.003        -0.040
 C23           -0.061         0.013         0.196        -0.080         0.009
 C24            0.036         0.150        -0.441        -0.039         0.165


           ESTIMATED COVARIANCE MATRIX FOR THE LATENT VARIABLES
              Y1            Z0            C1            C2            C3
              ________      ________      ________      ________      ________
 Y1             1.016
 Z0             0.158         1.000
 C1            -0.085        -0.010         0.250
 C2            -0.064        -0.019         0.035         0.157
 C3            -0.080        -0.036        -0.009         0.042         0.246
 C4            -0.028        -0.002         0.000         0.004        -0.015
 C5             0.077         0.027         0.005        -0.018        -0.025
 C6             0.096         0.093        -0.038        -0.061        -0.108
 C7             0.528         0.339        -0.146        -0.208        -0.467
 C8             0.007        -0.011        -0.002        -0.003        -0.002
 C9            -0.008        -0.015         0.002         0.006         0.016
 C10            0.001         0.000        -0.001        -0.001        -0.001
 C11            0.001         0.013         0.001        -0.002         0.012
 C12           -0.116        -0.055         0.040         0.026         0.009
 C13           -0.251        -0.078         0.127         0.192         0.232
 C14            0.045         0.027        -0.003        -0.010        -0.022
 C15            0.165         0.041        -0.030        -0.022        -0.022
 C16           -0.132        -0.019         0.030         0.018         0.004
 C17           -0.057        -0.032         0.036         0.011         0.000
 C18           -0.012        -0.042        -0.010        -0.007        -0.005
 C19            0.032         0.057         0.001        -0.004        -0.021
 C20           -0.007        -0.025        -0.002        -0.001         0.016
 C21            0.021         0.021        -0.014        -0.006        -0.004
 C22            0.073         0.032        -0.008        -0.063        -0.113
 C23            0.198         0.030        -0.050        -0.021        -0.009
 C24           -0.448        -0.112         0.082         0.246         0.370


           ESTIMATED COVARIANCE MATRIX FOR THE LATENT VARIABLES
              C4            C5            C6            C7            C8
              ________      ________      ________      ________      ________
 C4             0.213
 C5            -0.075         0.184
 C6             0.073         0.031         1.375
 C7             0.194         0.196         3.685        22.445
 C8            -0.013         0.004        -0.138        -0.329         0.161
 C9            -0.008        -0.003        -0.038        -0.124        -0.016
 C10           -0.001         0.002         0.002         0.011        -0.001
 C11           -0.002        -0.008         0.083         0.343         0.000
 C12           -0.005         0.008        -0.045        -0.125         0.013
 C13           -0.026        -0.075        -0.279        -1.030         0.021
 C14            0.003         0.037         0.012         0.177         0.008
 C15            0.000         0.012         0.018         0.115         0.001
 C16            0.002        -0.008         0.000        -0.001        -0.008
 C17            0.001        -0.004        -0.060        -0.182        -0.001
 C18            0.011        -0.012         0.016        -0.015         0.000
 C19            0.001         0.013         0.052         0.216        -0.006
 C20           -0.003        -0.001        -0.035        -0.124         0.004
 C21           -0.011         0.015         0.013         0.072        -0.004
 C22            0.003         0.029         0.085         0.362        -0.005
 C23           -0.016         0.019         0.083         0.493         0.003
 C24           -0.053        -0.042        -0.613        -2.040         0.050


           ESTIMATED COVARIANCE MATRIX FOR THE LATENT VARIABLES
              C9            C10           C11           C12           C13
              ________      ________      ________      ________      ________
 C9             0.073
 C10            0.000         0.004
 C11           -0.003         0.000         0.096
 C12           -0.002        -0.001         0.000         1.036
 C13            0.042         0.000         0.039         0.248         1.541
 C14           -0.014         0.002        -0.003         0.006        -0.083
 C15           -0.004         0.000         0.002        -0.042        -0.080
 C16            0.003         0.000        -0.001         0.053         0.044
 C17            0.004         0.000        -0.024         0.015         0.029
 C18           -0.001         0.000        -0.004        -0.008        -0.050
 C19           -0.005         0.000        -0.002        -0.014        -0.058
 C20            0.004         0.000        -0.001         0.013         0.014
 C21            0.000         0.001         0.008        -0.004        -0.016
 C22           -0.012         0.001        -0.017        -0.049        -0.356
 C23           -0.003         0.001         0.050        -0.035        -0.055
 C24            0.046         0.004        -0.014         0.580         1.738


           ESTIMATED COVARIANCE MATRIX FOR THE LATENT VARIABLES
              C14           C15           C16           C17           C18
              ________      ________      ________      ________      ________
 C14            0.248
 C15            0.003         0.217
 C16            0.002        -0.138         0.246
 C17           -0.028        -0.008         0.008         0.142
 C18           -0.006        -0.002        -0.003        -0.001         0.179
 C19            0.018         0.007        -0.006        -0.006        -0.043
 C20            0.001        -0.002         0.003         0.003         0.027
 C21            0.039         0.004        -0.004        -0.019        -0.007
 C22            0.036         0.023        -0.004        -0.002         0.018
 C23            0.022         0.089        -0.065        -0.032        -0.002
 C24            0.695        -0.138         0.056         0.084         0.012


           ESTIMATED COVARIANCE MATRIX FOR THE LATENT VARIABLES
              C19           C20           C21           C22           C23
              ________      ________      ________      ________      ________
 C19            0.151
 C20           -0.013         0.097
 C21            0.013        -0.023         0.167
 C22            0.022        -0.007         0.006         0.216
 C23            0.008         0.016         0.034         0.004         0.925
 C24           -0.023         0.073         0.049        -0.417        -0.116


           ESTIMATED COVARIANCE MATRIX FOR THE LATENT VARIABLES
              C24
              ________
 C24           18.127


           S.E. FOR ESTIMATED COVARIANCE MATRIX FOR THE LATENT VARIABLES
              SX            IX            IY            SY            X1
              ________      ________      ________      ________      ________
 SX             0.106
 IX             0.088         0.075
 IY             0.034         0.030         0.034
 SY             0.051         0.042         0.050         0.087
 X1             0.090         0.076         0.030         0.046         0.032
 Y1             0.036         0.030         0.034         0.050         0.020
 Z0             0.095         0.075         0.050         0.082         0.025
 C1             0.009         0.007         0.008         0.012         0.007
 C2             0.009         0.007         0.006         0.009         0.007
 C3             0.013         0.010         0.009         0.014         0.010
 C4             0.011         0.009         0.008         0.012         0.009
 C5             0.011         0.009         0.008         0.012         0.009
 C6             0.029         0.022         0.021         0.033         0.021
 C7             0.115         0.085         0.088         0.135         0.085
 C8             0.011         0.008         0.008         0.011         0.009
 C9             0.006         0.005         0.005         0.006         0.005
 C10            0.001         0.001         0.001         0.001         0.001
 C11            0.007         0.005         0.006         0.010         0.005
 C12            0.024         0.018         0.018         0.028         0.018
 C13            0.030         0.026         0.022         0.029         0.026
 C14            0.013         0.010         0.009         0.013         0.010
 C15            0.011         0.008         0.008         0.013         0.008
 C16            0.011         0.009         0.008         0.012         0.009
 C17            0.010         0.007         0.007         0.011         0.007
 C18            0.010         0.008         0.008         0.011         0.008
 C19            0.010         0.008         0.008         0.012         0.007
 C20            0.007         0.006         0.006         0.008         0.006
 C21            0.010         0.007         0.007         0.011         0.007
 C22            0.012         0.009         0.008         0.012         0.009
 C23            0.024         0.016         0.025         0.033         0.016
 C24            0.114         0.086         0.073         0.102         0.088


           S.E. FOR ESTIMATED COVARIANCE MATRIX FOR THE LATENT VARIABLES
              Y1            Z0            C1            C2            C3
              ________      ________      ________      ________      ________
 Y1             0.029
 Z0             0.022         0.074
 C1             0.008         0.008         0.000
 C2             0.006         0.006         0.003         0.005
 C3             0.009         0.009         0.003         0.004         0.001
 C4             0.008         0.008         0.003         0.003         0.005
 C5             0.008         0.009         0.003         0.003         0.004
 C6             0.021         0.022         0.008         0.008         0.012
 C7             0.089         0.099         0.030         0.036         0.049
 C8             0.008         0.008         0.002         0.003         0.004
 C9             0.005         0.004         0.002         0.002         0.003
 C10            0.001         0.001         0.001         0.000         0.001
 C11            0.006         0.006         0.002         0.002         0.003
 C12            0.018         0.017         0.008         0.007         0.009
 C13            0.022         0.020         0.009         0.013         0.012
 C14            0.009         0.010         0.003         0.004         0.005
 C15            0.008         0.009         0.004         0.003         0.004
 C16            0.008         0.009         0.004         0.003         0.005
 C17            0.007         0.007         0.003         0.002         0.003
 C18            0.007         0.006         0.003         0.003         0.004
 C19            0.007         0.009         0.003         0.003         0.004
 C20            0.006         0.004         0.002         0.002         0.003
 C21            0.007         0.007         0.003         0.003         0.004
 C22            0.008         0.008         0.003         0.004         0.004
 C23            0.025         0.019         0.008         0.006         0.009
 C24            0.073         0.069         0.027         0.038         0.046


           S.E. FOR ESTIMATED COVARIANCE MATRIX FOR THE LATENT VARIABLES
              C4            C5            C6            C7            C8
              ________      ________      ________      ________      ________
 C4             0.004
 C5             0.003         0.005
 C6             0.012         0.011         0.046
 C7             0.046         0.044         0.139         1.122
 C8             0.004         0.004         0.009         0.040         0.005
 C9             0.002         0.002         0.006         0.026         0.001
 C10            0.000         0.001         0.002         0.008         0.000
 C11            0.003         0.002         0.009         0.036         0.002
 C12            0.009         0.008         0.023         0.090         0.007
 C13            0.010         0.009         0.024         0.096         0.011
 C14            0.005         0.004         0.012         0.050         0.004
 C15            0.004         0.004         0.010         0.041         0.003
 C16            0.004         0.004         0.011         0.043         0.004
 C17            0.003         0.003         0.009         0.035         0.003
 C18            0.004         0.003         0.010         0.038         0.003
 C19            0.003         0.003         0.009         0.039         0.003
 C20            0.003         0.003         0.007         0.025         0.003
 C21            0.003         0.004         0.009         0.039         0.003
 C22            0.005         0.004         0.011         0.044         0.004
 C23            0.008         0.008         0.020         0.096         0.007
 C24            0.041         0.039         0.096         0.356         0.036


           S.E. FOR ESTIMATED COVARIANCE MATRIX FOR THE LATENT VARIABLES
              C9            C10           C11           C12           C13
              ________      ________      ________      ________      ________
 C9             0.005
 C10            0.000         0.001
 C11            0.001         0.000         0.005
 C12            0.005         0.001         0.006         0.023
 C13            0.009         0.002         0.010         0.023         0.132
 C14            0.003         0.001         0.003         0.009         0.012
 C15            0.002         0.001         0.003         0.008         0.009
 C16            0.003         0.001         0.003         0.009         0.011
 C17            0.002         0.000         0.003         0.007         0.009
 C18            0.002         0.000         0.002         0.008         0.009
 C19            0.002         0.000         0.002         0.007         0.007
 C20            0.002         0.000         0.002         0.006         0.007
 C21            0.002         0.001         0.003         0.007         0.010
 C22            0.003         0.000         0.003         0.009         0.013
 C23            0.004         0.001         0.009         0.018         0.019
 C24            0.026         0.006         0.024         0.075         0.176


           S.E. FOR ESTIMATED COVARIANCE MATRIX FOR THE LATENT VARIABLES
              C14           C15           C16           C17           C18
              ________      ________      ________      ________      ________
 C14            0.001
 C15            0.004         0.003
 C16            0.005         0.003         0.001
 C17            0.003         0.003         0.003         0.005
 C18            0.004         0.003         0.004         0.003         0.004
 C19            0.004         0.003         0.003         0.003         0.002
 C20            0.003         0.003         0.003         0.002         0.003
 C21            0.004         0.003         0.004         0.003         0.003
 C22            0.005         0.004         0.004         0.003         0.004
 C23            0.008         0.010         0.008         0.008         0.007
 C24            0.041         0.033         0.039         0.026         0.043


           S.E. FOR ESTIMATED COVARIANCE MATRIX FOR THE LATENT VARIABLES
              C19           C20           C21           C22           C23
              ________      ________      ________      ________      ________
 C19            0.005
 C20            0.002         0.005
 C21            0.003         0.001         0.004
 C22            0.003         0.003         0.004         0.004
 C23            0.007         0.007         0.008         0.008         0.079
 C24            0.033         0.037         0.033         0.042         0.060


           S.E. FOR ESTIMATED COVARIANCE MATRIX FOR THE LATENT VARIABLES
              C24
              ________
 C24            1.931


           EST./S.E. FOR ESTIMATED COVARIANCE MATRIX FOR THE LATENT VARIABLES
              SX            IX            IY            SY            X1
              ________      ________      ________      ________      ________
 SX             1.203
 IX            -0.150         3.475
 IY            -1.004        -3.919        13.366
 SY            -0.731        -0.046         0.610         1.541
 X1            -0.130         3.693        -4.240        -0.115        31.183
 Y1            -0.985        -4.144        13.483         0.643        -8.151
 Z0            -0.118        -1.690         1.906         0.306       -10.644
 C1             0.974        -3.165       -11.140         0.251        -2.910
 C2            -0.457         3.423        -9.863         0.423         3.759
 C3            -0.237         2.419        -8.813         0.137         2.938
 C4             2.309        -0.206        -3.472         2.922        -0.178
 C5            -1.081        -2.237         9.215        -2.846        -2.668
 C6            -1.691         0.412         4.371         1.455        -0.164
 C7            -1.207        -0.438         5.730        -0.498        -0.969
 C8             1.139        -5.006         1.031        -0.246        -4.736
 C9             0.054         3.035        -1.380        -1.484         3.444
 C10           -0.553        -0.416         1.448         0.580        -0.476
 C11           -1.498        -0.640        -0.055         1.469        -0.975
 C12           -0.098         2.788        -6.114         0.367         3.158
 C13           -0.950         3.550       -11.250         1.256         3.961
 C14           -0.376        -0.698         4.787        -2.678        -1.052
 C15            0.591        -4.024        19.640        -4.240        -4.831
 C16           -1.120         5.569       -16.476         2.597         5.761
 C17            1.659         1.306        -7.571         1.779         1.931
 C18           -1.224         5.179        -1.286         0.882         6.158
 C19           -0.445        -1.689         3.794         0.912        -3.062
 C20           -1.246         4.912        -1.012        -1.267         5.618
 C21           -1.436         2.365         2.646        -0.067         1.989
 C22            1.600        -3.826         8.862         0.235        -4.302
 C23           -2.509         0.793         7.891        -2.438         0.523
 C24            0.316         1.747        -6.049        -0.388         1.888


           EST./S.E. FOR ESTIMATED COVARIANCE MATRIX FOR THE LATENT VARIABLES
              Y1            Z0            C1            C2            C3
              ________      ________      ________      ________      ________
 Y1            34.962
 Z0             7.019        13.449
 C1           -11.155        -1.235      5169.003
 C2           -10.076        -3.027        11.328        34.591
 C3            -9.204        -3.880        -2.904        11.145       177.286
 C4            -3.455        -0.181         0.111         1.066        -2.972
 C5             9.418         3.089         1.980        -6.342        -5.583
 C6             4.637         4.295        -4.951        -7.484        -9.034
 C7             5.934         3.419        -4.869        -5.818        -9.612
 C8             0.927        -1.278        -0.851        -0.911        -0.563
 C9            -1.569        -3.876         1.190         2.845         5.320
 C10            1.458         0.547        -1.044        -3.732        -1.181
 C11            0.088         2.290         0.301        -0.957         3.857
 C12           -6.314        -3.175         4.708         3.733         0.972
 C13          -11.561        -3.950        14.124        14.849        19.237
 C14            4.992         2.813        -1.121        -2.803        -4.059
 C15           19.916         4.666        -7.797        -7.428        -5.475
 C16          -16.412        -2.078         7.480         5.225         0.837
 C17           -7.848        -4.361        11.544         4.410         0.031
 C18           -1.669        -6.539        -3.081        -2.334        -1.273
 C19            4.604         6.288         0.296        -1.333        -5.871
 C20           -1.311        -6.207        -0.943        -0.644         4.958
 C21            2.816         2.776        -4.319        -2.301        -1.094
 C22            9.208         3.821        -2.459       -16.000       -25.253
 C23            7.905         1.603        -6.074        -3.262        -1.003
 C24           -6.134        -1.622         3.073         6.524         8.010


           EST./S.E. FOR ESTIMATED COVARIANCE MATRIX FOR THE LATENT VARIABLES
              C4            C5            C6            C7            C8
              ________      ________      ________      ________      ________
 C4            55.573
 C5           -25.262        39.034
 C6             6.302         2.938        30.106
 C7             4.180         4.479        26.593        20.013
 C8            -3.438         1.071       -16.162        -8.305        31.237
 C9            -3.328        -1.440        -5.895        -4.726       -12.425
 C10           -2.538         2.719         1.322         1.348        -1.693
 C11           -0.856        -3.708         9.358         9.483        -0.136
 C12           -0.596         0.992        -1.977        -1.385         1.767
 C13           -2.562        -8.587       -11.510       -10.714         1.900
 C14            0.660         8.408         0.959         3.552         1.762
 C15           -0.090         3.115         1.883         2.826         0.258
 C16            0.494        -1.952        -0.044        -0.017        -2.316
 C17            0.197        -1.225        -6.597        -5.158        -0.190
 C18            2.728        -3.601         1.602        -0.406         0.086
 C19            0.275         3.843         5.507         5.485        -2.236
 C20           -1.231        -0.527        -5.287        -4.882         1.610
 C21           -3.052         4.318         1.354         1.866        -1.191
 C22            0.765         7.712         7.838         8.319        -1.158
 C23           -2.100         2.397         4.113         5.152         0.385
 C24           -1.293        -1.093        -6.408        -5.732         1.370


           EST./S.E. FOR ESTIMATED COVARIANCE MATRIX FOR THE LATENT VARIABLES
              C9            C10           C11           C12           C13
              ________      ________      ________      ________      ________
 C9            14.604
 C10           -3.633         3.768
 C11           -2.326         0.378        20.753
 C12           -0.319        -0.422        -0.052        44.145
 C13            4.636        -0.114         4.095        10.715        11.654
 C14           -4.641         3.135        -0.996         0.627        -6.721
 C15           -1.714         0.306         0.941        -4.993        -8.465
 C16            1.356        -0.039        -0.411         5.918         3.963
 C17            2.055         0.304        -8.434         2.160         3.412
 C18           -0.619        -0.936        -1.628        -1.087        -5.294
 C19           -2.971        -0.458        -0.935        -1.934        -8.220
 C20            1.834        -0.541        -0.431         2.244         1.857
 C21           -0.149         1.878         3.290        -0.488        -1.657
 C22           -3.904         2.583        -5.557        -5.738       -27.432
 C23           -0.607         0.827         5.749        -1.917        -2.954
 C24            1.774         0.574        -0.578         7.759         9.872


           EST./S.E. FOR ESTIMATED COVARIANCE MATRIX FOR THE LATENT VARIABLES
              C14           C15           C16           C17           C18
              ________      ________      ________      ________      ________
 C14          296.332
 C15            0.812        71.083
 C16            0.394       -45.638       201.054
 C17           -8.417        -2.464         2.451        31.138
 C18           -1.534        -0.492        -0.899        -0.239        39.932
 C19            4.975         2.007        -1.707        -2.176       -21.076
 C20            0.262        -0.652         1.218         1.395         8.214
 C21           10.509         1.133        -1.242        -6.191        -2.215
 C22            7.387         5.965        -1.012        -0.514         4.977
 C23            2.573         9.334        -8.509        -4.240        -0.338
 C24           16.810        -4.206         1.458         3.173         0.276


           EST./S.E. FOR ESTIMATED COVARIANCE MATRIX FOR THE LATENT VARIABLES
              C19           C20           C21           C22           C23
              ________      ________      ________      ________      ________
 C19           32.154
 C20           -7.722        20.070
 C21            4.269       -15.958        37.101
 C22            6.992        -2.492         1.739        60.270
 C23            1.106         2.348         4.228         0.446        11.686
 C24           -0.696         1.985         1.480        -9.907        -1.923


           EST./S.E. FOR ESTIMATED COVARIANCE MATRIX FOR THE LATENT VARIABLES
              C24
              ________
 C24            9.387


           TWO-TAILED P-VALUE FOR ESTIMATED COVARIANCE MATRIX FOR THE LATENT VARIABLES
              SX            IX            IY            SY            X1
              ________      ________      ________      ________      ________
 SX             0.229
 IX             0.881         0.001
 IY             0.315         0.000         0.000
 SY             0.465         0.963         0.542         0.123
 X1             0.897         0.000         0.000         0.909         0.000
 Y1             0.325         0.000         0.000         0.520         0.000
 Z0             0.906         0.091         0.057         0.760         0.000
 C1             0.330         0.002         0.000         0.802         0.004
 C2             0.648         0.001         0.000         0.672         0.000
 C3             0.813         0.016         0.000         0.891         0.003
 C4             0.021         0.837         0.001         0.003         0.859
 C5             0.280         0.025         0.000         0.004         0.008
 C6             0.091         0.680         0.000         0.146         0.870
 C7             0.228         0.662         0.000         0.619         0.333
 C8             0.255         0.000         0.303         0.806         0.000
 C9             0.957         0.002         0.168         0.138         0.001
 C10            0.580         0.677         0.147         0.562         0.634
 C11            0.134         0.522         0.956         0.142         0.330
 C12            0.922         0.005         0.000         0.713         0.002
 C13            0.342         0.000         0.000         0.209         0.000
 C14            0.707         0.485         0.000         0.007         0.293
 C15            0.555         0.000         0.000         0.000         0.000
 C16            0.263         0.000         0.000         0.009         0.000
 C17            0.097         0.191         0.000         0.075         0.053
 C18            0.221         0.000         0.198         0.378         0.000
 C19            0.656         0.091         0.000         0.362         0.002
 C20            0.213         0.000         0.312         0.205         0.000
 C21            0.151         0.018         0.008         0.947         0.047
 C22            0.110         0.000         0.000         0.814         0.000
 C23            0.012         0.428         0.000         0.015         0.601
 C24            0.752         0.081         0.000         0.698         0.059


           TWO-TAILED P-VALUE FOR ESTIMATED COVARIANCE MATRIX FOR THE LATENT VARIABLES
              Y1            Z0            C1            C2            C3
              ________      ________      ________      ________      ________
 Y1             0.000
 Z0             0.000         0.000
 C1             0.000         0.217         0.000
 C2             0.000         0.002         0.000         0.000
 C3             0.000         0.000         0.004         0.000         0.000
 C4             0.001         0.856         0.912         0.286         0.003
 C5             0.000         0.002         0.048         0.000         0.000
 C6             0.000         0.000         0.000         0.000         0.000
 C7             0.000         0.001         0.000         0.000         0.000
 C8             0.354         0.201         0.395         0.362         0.574
 C9             0.117         0.000         0.234         0.004         0.000
 C10            0.145         0.585         0.297         0.000         0.238
 C11            0.930         0.022         0.764         0.338         0.000
 C12            0.000         0.001         0.000         0.000         0.331
 C13            0.000         0.000         0.000         0.000         0.000
 C14            0.000         0.005         0.262         0.005         0.000
 C15            0.000         0.000         0.000         0.000         0.000
 C16            0.000         0.038         0.000         0.000         0.403
 C17            0.000         0.000         0.000         0.000         0.976
 C18            0.095         0.000         0.002         0.020         0.203
 C19            0.000         0.000         0.767         0.183         0.000
 C20            0.190         0.000         0.346         0.519         0.000
 C21            0.005         0.006         0.000         0.021         0.274
 C22            0.000         0.000         0.014         0.000         0.000
 C23            0.000         0.109         0.000         0.001         0.316
 C24            0.000         0.105         0.002         0.000         0.000


           TWO-TAILED P-VALUE FOR ESTIMATED COVARIANCE MATRIX FOR THE LATENT VARIABLES
              C4            C5            C6            C7            C8
              ________      ________      ________      ________      ________
 C4             0.000
 C5             0.000         0.000
 C6             0.000         0.003         0.000
 C7             0.000         0.000         0.000         0.000
 C8             0.001         0.284         0.000         0.000         0.000
 C9             0.001         0.150         0.000         0.000         0.000
 C10            0.011         0.007         0.186         0.178         0.090
 C11            0.392         0.000         0.000         0.000         0.891
 C12            0.551         0.321         0.048         0.166         0.077
 C13            0.010         0.000         0.000         0.000         0.057
 C14            0.509         0.000         0.337         0.000         0.078
 C15            0.929         0.002         0.060         0.005         0.797
 C16            0.621         0.051         0.965         0.986         0.021
 C17            0.844         0.221         0.000         0.000         0.849
 C18            0.006         0.000         0.109         0.685         0.932
 C19            0.783         0.000         0.000         0.000         0.025
 C20            0.218         0.598         0.000         0.000         0.107
 C21            0.002         0.000         0.176         0.062         0.234
 C22            0.445         0.000         0.000         0.000         0.247
 C23            0.036         0.017         0.000         0.000         0.700
 C24            0.196         0.275         0.000         0.000         0.171


           TWO-TAILED P-VALUE FOR ESTIMATED COVARIANCE MATRIX FOR THE LATENT VARIABLES
              C9            C10           C11           C12           C13
              ________      ________      ________      ________      ________
 C9             0.000
 C10            0.000         0.000
 C11            0.020         0.706         0.000
 C12            0.750         0.673         0.958         0.000
 C13            0.000         0.909         0.000         0.000         0.000
 C14            0.000         0.002         0.319         0.530         0.000
 C15            0.086         0.760         0.347         0.000         0.000
 C16            0.175         0.969         0.681         0.000         0.000
 C17            0.040         0.761         0.000         0.031         0.001
 C18            0.536         0.349         0.103         0.277         0.000
 C19            0.003         0.647         0.350         0.053         0.000
 C20            0.067         0.588         0.666         0.025         0.063
 C21            0.882         0.060         0.001         0.625         0.097
 C22            0.000         0.010         0.000         0.000         0.000
 C23            0.544         0.408         0.000         0.055         0.003
 C24            0.076         0.566         0.563         0.000         0.000


           TWO-TAILED P-VALUE FOR ESTIMATED COVARIANCE MATRIX FOR THE LATENT VARIABLES
              C14           C15           C16           C17           C18
              ________      ________      ________      ________      ________
 C14            0.000
 C15            0.417         0.000
 C16            0.693         0.000         0.000
 C17            0.000         0.014         0.014         0.000
 C18            0.125         0.623         0.369         0.811         0.000
 C19            0.000         0.045         0.088         0.030         0.000
 C20            0.793         0.515         0.223         0.163         0.000
 C21            0.000         0.257         0.214         0.000         0.027
 C22            0.000         0.000         0.311         0.607         0.000
 C23            0.010         0.000         0.000         0.000         0.735
 C24            0.000         0.000         0.145         0.002         0.782


           TWO-TAILED P-VALUE FOR ESTIMATED COVARIANCE MATRIX FOR THE LATENT VARIABLES
              C19           C20           C21           C22           C23
              ________      ________      ________      ________      ________
 C19            0.000
 C20            0.000         0.000
 C21            0.000         0.000         0.000
 C22            0.000         0.013         0.082         0.000
 C23            0.269         0.019         0.000         0.656         0.000
 C24            0.486         0.047         0.139         0.000         0.054


           TWO-TAILED P-VALUE FOR ESTIMATED COVARIANCE MATRIX FOR THE LATENT VARIABLES
              C24
              ________
 C24            0.000


           ESTIMATED CORRELATION MATRIX FOR THE LATENT VARIABLES
              SX            IX            IY            SY            X1
              ________      ________      ________      ________      ________
 SX             1.000
 IX            -0.072         1.000
 IY            -0.143        -0.337         1.000
 SY            -0.288        -0.011         0.125         1.000
 X1            -0.033         0.548        -0.193        -0.015         1.000
 Y1            -0.097        -0.240         0.675         0.088        -0.161
 Z0            -0.031        -0.249         0.142         0.069        -0.263
 C1             0.052        -0.088        -0.251         0.016        -0.043
 C2            -0.030         0.122        -0.236         0.026         0.069
 C3            -0.017         0.094        -0.235         0.010         0.058
 C4             0.152        -0.008        -0.090         0.211        -0.003
 C5            -0.079        -0.087         0.261        -0.217        -0.053
 C6            -0.117         0.015         0.115         0.113        -0.003
 C7            -0.082        -0.015         0.159        -0.039        -0.018
 C8             0.085        -0.205         0.029        -0.018        -0.102
 C9             0.004         0.110        -0.037        -0.095         0.064
 C10           -0.033        -0.010         0.033         0.025        -0.006
 C11           -0.095        -0.020        -0.002         0.126        -0.016
 C12           -0.006         0.097        -0.165         0.028         0.057
 C13           -0.065         0.143        -0.296         0.079         0.082
 C14           -0.028        -0.028         0.129        -0.196        -0.022
 C15            0.038        -0.140         0.520        -0.325        -0.084
 C16           -0.071         0.190        -0.392         0.178         0.103
 C17            0.121         0.050        -0.216         0.144         0.037
 C18           -0.085         0.194        -0.034         0.063         0.113
 C19           -0.032        -0.064         0.110         0.077        -0.053
 C20           -0.078         0.183        -0.027        -0.089         0.105
 C21           -0.094         0.083         0.072        -0.005         0.036
 C22            0.116        -0.150         0.229         0.017        -0.086
 C23           -0.177         0.026         0.303        -0.226         0.009
 C24            0.024         0.069        -0.154        -0.025         0.039


           ESTIMATED CORRELATION MATRIX FOR THE LATENT VARIABLES
              Y1            Z0            C1            C2            C3
              ________      ________      ________      ________      ________
 Y1             1.000
 Z0             0.156         1.000
 C1            -0.168        -0.019         1.000
 C2            -0.160        -0.048         0.177         1.000
 C3            -0.161        -0.073        -0.035         0.214         1.000
 C4            -0.060        -0.003         0.001         0.020        -0.064
 C5             0.178         0.064         0.025        -0.106        -0.117
 C6             0.081         0.079        -0.064        -0.130        -0.186
 C7             0.111         0.072        -0.062        -0.111        -0.199
 C8             0.017        -0.027        -0.010        -0.017        -0.012
 C9            -0.028        -0.054         0.014         0.061         0.122
 C10            0.022         0.007        -0.018        -0.032        -0.020
 C11            0.002         0.042         0.005        -0.017         0.075
 C12           -0.113        -0.054         0.078         0.065         0.018
 C13           -0.201        -0.062         0.204         0.391         0.377
 C14            0.089         0.054        -0.013        -0.053        -0.088
 C15            0.352         0.089        -0.130        -0.121        -0.097
 C16           -0.264        -0.039         0.120         0.093         0.016
 C17           -0.149        -0.084         0.189         0.071         0.001
 C18           -0.029        -0.099        -0.045        -0.042        -0.025
 C19            0.082         0.147         0.005        -0.023        -0.110
 C20           -0.023        -0.081        -0.014        -0.012         0.102
 C21            0.051         0.050        -0.068        -0.040        -0.021
 C22            0.156         0.068        -0.032        -0.343        -0.490
 C23            0.204         0.032        -0.104        -0.055        -0.018
 C24           -0.104        -0.026         0.039         0.146         0.175


           ESTIMATED CORRELATION MATRIX FOR THE LATENT VARIABLES
              C4            C5            C6            C7            C8
              ________      ________      ________      ________      ________
 C4             1.000
 C5            -0.378         1.000
 C6             0.135         0.061         1.000
 C7             0.089         0.097         0.663         1.000
 C8            -0.071         0.023        -0.293        -0.173         1.000
 C9            -0.067        -0.029        -0.120        -0.097        -0.148
 C10           -0.034         0.072         0.027         0.035        -0.021
 C11           -0.016        -0.063         0.228         0.234        -0.003
 C12           -0.011         0.019        -0.038        -0.026         0.032
 C13           -0.045        -0.140        -0.192        -0.175         0.042
 C14            0.014         0.174         0.020         0.075         0.038
 C15           -0.002         0.058         0.033         0.052         0.005
 C16            0.009        -0.036        -0.001         0.000        -0.043
 C17            0.004        -0.023        -0.135        -0.102        -0.004
 C18            0.056        -0.067         0.032        -0.008         0.002
 C19            0.005         0.080         0.113         0.117        -0.041
 C20           -0.024        -0.010        -0.096        -0.084         0.034
 C21           -0.056         0.088         0.026         0.037        -0.022
 C22            0.016         0.147         0.155         0.164        -0.025
 C23           -0.035         0.046         0.073         0.108         0.007
 C24           -0.027        -0.023        -0.123        -0.101         0.029


           ESTIMATED CORRELATION MATRIX FOR THE LATENT VARIABLES
              C9            C10           C11           C12           C13
              ________      ________      ________      ________      ________
 C9             1.000
 C10           -0.019         1.000
 C11           -0.036         0.007         1.000
 C12           -0.006        -0.008        -0.001         1.000
 C13            0.124        -0.003         0.102         0.197         1.000
 C14           -0.104         0.051        -0.019         0.011        -0.134
 C15           -0.031         0.006         0.017        -0.088        -0.138
 C16            0.026        -0.001        -0.007         0.105         0.071
 C17            0.035         0.005        -0.203         0.040         0.063
 C18           -0.012        -0.014        -0.028        -0.020        -0.095
 C19           -0.050        -0.007        -0.016        -0.034        -0.120
 C20            0.046        -0.008        -0.008         0.042         0.035
 C21           -0.003         0.046         0.066        -0.009        -0.032
 C22           -0.092         0.034        -0.116        -0.103        -0.616
 C23           -0.010         0.019         0.168        -0.035        -0.046
 C24            0.040         0.013        -0.010         0.134         0.329


           ESTIMATED CORRELATION MATRIX FOR THE LATENT VARIABLES
              C14           C15           C16           C17           C18
              ________      ________      ________      ________      ________
 C14            1.000
 C15            0.015         1.000
 C16            0.007        -0.598         1.000
 C17           -0.151        -0.045         0.043         1.000
 C18           -0.031        -0.009        -0.016        -0.004         1.000
 C19            0.094         0.036        -0.030        -0.041        -0.264
 C20            0.005        -0.012         0.022         0.024         0.206
 C21            0.191         0.020        -0.022        -0.126        -0.040
 C22            0.155         0.105        -0.019        -0.009         0.092
 C23            0.045         0.199        -0.137        -0.088        -0.006
 C24            0.327        -0.070         0.027         0.052         0.007


           ESTIMATED CORRELATION MATRIX FOR THE LATENT VARIABLES
              C19           C20           C21           C22           C23
              ________      ________      ________      ________      ________
 C19            1.000
 C20           -0.109         1.000
 C21            0.085        -0.181         1.000
 C22            0.121        -0.051         0.032         1.000
 C23            0.021         0.053         0.086         0.008         1.000
 C24           -0.014         0.055         0.028        -0.211        -0.028


           ESTIMATED CORRELATION MATRIX FOR THE LATENT VARIABLES
              C24
              ________
 C24            1.000


           S.E. FOR ESTIMATED CORRELATION MATRIX FOR THE LATENT VARIABLES
              SX            IX            IY            SY            X1
              ________      ________      ________      ________      ________
 SX             0.000
 IX             0.443         0.000
 IY             0.167         0.084         0.000
 SY             0.385         0.227         0.244         0.000
 X1             0.241         0.069         0.045         0.127         0.000
 Y1             0.115         0.057         0.022         0.160         0.019
 Z0             0.266         0.144         0.074         0.222         0.018
 C1             0.057         0.031         0.023         0.065         0.015
 C2             0.065         0.035         0.023         0.062         0.018
 C3             0.071         0.038         0.027         0.075         0.020
 C4             0.094         0.037         0.026         0.096         0.019
 C5             0.084         0.039         0.028         0.099         0.020
 C6             0.082         0.036         0.026         0.084         0.018
 C7             0.077         0.035         0.028         0.079         0.018
 C8             0.084         0.051         0.028         0.075         0.021
 C9             0.064         0.040         0.027         0.069         0.018
 C10            0.060         0.025         0.021         0.044         0.013
 C11            0.071         0.032         0.028         0.093         0.017
 C12            0.066         0.034         0.027         0.076         0.018
 C13            0.067         0.039         0.023         0.068         0.020
 C14            0.073         0.040         0.027         0.098         0.020
 C15            0.064         0.036         0.026         0.121         0.017
 C16            0.068         0.041         0.024         0.083         0.018
 C17            0.078         0.039         0.028         0.093         0.019
 C18            0.074         0.041         0.027         0.075         0.018
 C19            0.072         0.038         0.029         0.085         0.017
 C20            0.069         0.043         0.027         0.075         0.018
 C21            0.071         0.035         0.027         0.073         0.018
 C22            0.081         0.040         0.026         0.071         0.020
 C23            0.099         0.033         0.032         0.110         0.017
 C24            0.079         0.038         0.022         0.066         0.021


           S.E. FOR ESTIMATED CORRELATION MATRIX FOR THE LATENT VARIABLES
              Y1            Z0            C1            C2            C3
              ________      ________      ________      ________      ________
 Y1             0.000
 Z0             0.020         0.000
 C1             0.015         0.016         0.000
 C2             0.015         0.015         0.015         0.000
 C3             0.017         0.018         0.012         0.018         0.000
 C4             0.017         0.018         0.012         0.019         0.021
 C5             0.018         0.021         0.013         0.016         0.021
 C6             0.017         0.019         0.013         0.017         0.020
 C7             0.018         0.021         0.012         0.019         0.021
 C8             0.019         0.021         0.012         0.019         0.022
 C9             0.018         0.013         0.011         0.021         0.022
 C10            0.014         0.012         0.017         0.004         0.016
 C11            0.018         0.019         0.016         0.017         0.019
 C12            0.018         0.017         0.017         0.017         0.018
 C13            0.015         0.015         0.017         0.024         0.017
 C14            0.018         0.019         0.012         0.019         0.022
 C15            0.016         0.019         0.017         0.016         0.018
 C16            0.015         0.019         0.016         0.018         0.019
 C17            0.018         0.020         0.015         0.016         0.018
 C18            0.017         0.014         0.015         0.018         0.020
 C19            0.018         0.021         0.015         0.018         0.018
 C20            0.018         0.012         0.015         0.018         0.020
 C21            0.018         0.018         0.016         0.017         0.019
 C22            0.017         0.017         0.013         0.019         0.018
 C23            0.022         0.020         0.017         0.017         0.018
 C24            0.015         0.016         0.012         0.020         0.021


           S.E. FOR ESTIMATED CORRELATION MATRIX FOR THE LATENT VARIABLES
              C4            C5            C6            C7            C8
              ________      ________      ________      ________      ________
 C4             0.000
 C5             0.010         0.000
 C6             0.021         0.021         0.000
 C7             0.021         0.022         0.017         0.000
 C8             0.020         0.021         0.015         0.021         0.000
 C9             0.020         0.020         0.019         0.019         0.007
 C10            0.011         0.021         0.019         0.025         0.012
 C11            0.019         0.017         0.022         0.022         0.019
 C12            0.019         0.019         0.019         0.019         0.018
 C13            0.017         0.015         0.017         0.016         0.022
 C14            0.022         0.020         0.021         0.021         0.022
 C15            0.018         0.019         0.018         0.018         0.018
 C16            0.019         0.018         0.019         0.018         0.018
 C17            0.018         0.019         0.020         0.020         0.018
 C18            0.020         0.019         0.020         0.019         0.020
 C19            0.019         0.021         0.020         0.021         0.018
 C20            0.019         0.019         0.018         0.017         0.021
 C21            0.018         0.020         0.019         0.020         0.019
 C22            0.021         0.019         0.019         0.020         0.021
 C23            0.017         0.019         0.017         0.020         0.019
 C24            0.021         0.021         0.019         0.017         0.022


           S.E. FOR ESTIMATED CORRELATION MATRIX FOR THE LATENT VARIABLES
              C9            C10           C11           C12           C13
              ________      ________      ________      ________      ________
 C9             0.000
 C10            0.003         0.000
 C11            0.015         0.020         0.000
 C12            0.017         0.019         0.019         0.000
 C13            0.026         0.024         0.024         0.016         0.000
 C14            0.022         0.011         0.019         0.018         0.018
 C15            0.018         0.018         0.018         0.018         0.015
 C16            0.019         0.017         0.018         0.018         0.017
 C17            0.016         0.016         0.023         0.018         0.019
 C18            0.020         0.015         0.017         0.018         0.019
 C19            0.017         0.016         0.018         0.018         0.014
 C20            0.025         0.014         0.017         0.019         0.019
 C21            0.019         0.022         0.020         0.018         0.019
 C22            0.023         0.011         0.020         0.018         0.019
 C23            0.017         0.023         0.026         0.018         0.016
 C24            0.022         0.022         0.018         0.016         0.024


           S.E. FOR ESTIMATED CORRELATION MATRIX FOR THE LATENT VARIABLES
              C14           C15           C16           C17           C18
              ________      ________      ________      ________      ________
 C14            0.000
 C15            0.018         0.000
 C16            0.019         0.010         0.000
 C17            0.017         0.018         0.018         0.000
 C18            0.020         0.018         0.018         0.018         0.000
 C19            0.019         0.018         0.018         0.019         0.008
 C20            0.020         0.018         0.018         0.017         0.023
 C21            0.018         0.018         0.018         0.020         0.018
 C22            0.021         0.017         0.018         0.018         0.018
 C23            0.017         0.018         0.014         0.020         0.017
 C24            0.017         0.016         0.018         0.016         0.024


           S.E. FOR ESTIMATED CORRELATION MATRIX FOR THE LATENT VARIABLES
              C19           C20           C21           C22           C23
              ________      ________      ________      ________      ________
 C19            0.000
 C20            0.013         0.000
 C21            0.020         0.007         0.000
 C22            0.017         0.020         0.019         0.000
 C23            0.019         0.022         0.020         0.018         0.000
 C24            0.020         0.027         0.019         0.021         0.014


           S.E. FOR ESTIMATED CORRELATION MATRIX FOR THE LATENT VARIABLES
              C24
              ________
 C24            0.000


           EST./S.E. FOR ESTIMATED CORRELATION MATRIX FOR THE LATENT VARIABLES
              SX            IX            IY            SY            X1
              ________      ________      ________      ________      ________
 SX           999.000
 IX            -0.163       999.000
 IY            -0.859        -4.024       999.000
 SY            -0.747        -0.046         0.514       999.000
 X1            -0.136         7.895        -4.300        -0.115       999.000
 Y1            -0.850        -4.193        30.205         0.547        -8.290
 Z0            -0.118        -1.730         1.923         0.309       -14.749
 C1             0.910        -2.875       -10.976         0.251        -2.909
 C2            -0.464         3.455       -10.070         0.415         3.795
 C3            -0.240         2.449        -8.741         0.137         2.923
 C4             1.623        -0.206        -3.471         2.200        -0.178
 C5            -0.935        -2.216         9.405        -2.180        -2.682
 C6            -1.422         0.410         4.375         1.339        -0.164
 C7            -1.061        -0.440         5.788        -0.492        -0.968
 C8             1.006        -4.049         1.031        -0.244        -4.875
 C9             0.055         2.733        -1.385        -1.373         3.540
 C10           -0.548        -0.415         1.534         0.572        -0.479
 C11           -1.347        -0.636        -0.055         1.357        -0.974
 C12           -0.098         2.852        -6.082         0.365         3.162
 C13           -0.971         3.705       -12.596         1.161         4.113
 C14           -0.381        -0.686         4.766        -1.992        -1.050
 C15            0.596        -3.869        20.031        -2.693        -4.816
 C16           -1.053         4.675       -16.103         2.139         5.716
 C17            1.566         1.266        -7.694         1.547         1.939
 C18           -1.140         4.741        -1.289         0.840         6.246
 C19           -0.447        -1.690         3.815         0.908        -3.063
 C20           -1.119         4.285        -1.014        -1.179         5.846
 C21           -1.330         2.357         2.658        -0.067         1.997
 C22            1.435        -3.697         8.894         0.236        -4.326
 C23           -1.795         0.786         9.416        -2.059         0.524
 C24            0.302         1.839        -6.866        -0.386         1.903


           EST./S.E. FOR ESTIMATED CORRELATION MATRIX FOR THE LATENT VARIABLES
              Y1            Z0            C1            C2            C3
              ________      ________      ________      ________      ________
 Y1           999.000
 Z0             7.664       999.000
 C1           -11.436        -1.233       999.000
 C2           -10.663        -3.087        11.698       999.000
 C3            -9.374        -3.994        -2.905        11.754       999.000
 C4            -3.474        -0.182         0.111         1.066        -2.975
 C5             9.794         3.109         1.982        -6.474        -5.608
 C6             4.675         4.070        -4.997        -7.730        -9.168
 C7             6.053         3.335        -4.938        -5.762        -9.307
 C8             0.928        -1.263        -0.851        -0.911        -0.563
 C9            -1.577        -4.126         1.192         2.906         5.655
 C10            1.547         0.550        -1.075        -7.401        -1.227
 C11            0.088         2.282         0.301        -0.958         3.909
 C12           -6.373        -3.211         4.695         3.738         0.972
 C13          -13.622        -4.079        12.091        16.299        22.501
 C14            4.998         2.831        -1.121        -2.813        -4.063
 C15           22.616         4.634        -7.831        -7.608        -5.489
 C16          -17.322        -2.054         7.483         5.260         0.837
 C17           -8.165        -4.279        12.210         4.486         0.031
 C18           -1.670        -7.186        -3.086        -2.341        -1.272
 C19            4.646         6.868         0.296        -1.335        -5.953
 C20           -1.314        -6.931        -0.944        -0.644         5.111
 C21            2.829         2.776        -4.338        -2.308        -1.094
 C22            9.424         3.909        -2.460       -18.097       -27.416
 C23            9.448         1.605        -6.161        -3.241        -0.997
 C24           -7.038        -1.627         3.211         7.263         8.368


           EST./S.E. FOR ESTIMATED CORRELATION MATRIX FOR THE LATENT VARIABLES
              C4            C5            C6            C7            C8
              ________      ________      ________      ________      ________
 C4           999.000
 C5           -36.844       999.000
 C6             6.338         2.944       999.000
 C7             4.165         4.474        38.256       999.000
 C8            -3.459         1.071       -19.509        -8.277       999.000
 C9            -3.398        -1.450        -6.293        -4.971       -22.110
 C10           -3.130         3.485         1.389         1.423        -1.840
 C11           -0.857        -3.780        10.592        10.429        -0.137
 C12           -0.596         0.993        -1.979        -1.384         1.770
 C13           -2.632        -9.188       -11.550       -11.048         1.922
 C14            0.660         8.516         0.959         3.583         1.761
 C15           -0.090         3.123         1.880         2.835         0.258
 C16            0.494        -1.953        -0.044        -0.017        -2.320
 C17            0.197        -1.222        -6.829        -5.144        -0.190
 C18            2.736        -3.624         1.606        -0.406         0.086
 C19            0.275         3.875         5.643         5.629        -2.246
 C20           -1.234        -0.528        -5.460        -5.075         1.616
 C21           -3.066         4.345         1.354         1.882        -1.193
 C22            0.764         7.858         7.981         8.301        -1.159
 C23           -2.109         2.416         4.186         5.366         0.386
 C24           -1.298        -1.093        -6.524        -5.836         1.355


           EST./S.E. FOR ESTIMATED CORRELATION MATRIX FOR THE LATENT VARIABLES
              C9            C10           C11           C12           C13
              ________      ________      ________      ________      ________
 C9           999.000
 C10           -7.194       999.000
 C11           -2.368         0.379       999.000
 C12           -0.319        -0.424        -0.052       999.000
 C13            4.819        -0.114         4.301        12.345       999.000
 C14           -4.852         4.518        -0.998         0.628        -7.301
 C15           -1.722         0.306         0.942        -5.017        -8.938
 C16            1.360        -0.039        -0.411         5.955         4.102
 C17            2.099         0.305        -8.996         2.160         3.261
 C18           -0.619        -0.959        -1.634        -1.087        -4.967
 C19           -3.037        -0.461        -0.937        -1.937        -8.864
 C20            1.857        -0.545        -0.432         2.258         1.847
 C21           -0.149         2.084         3.319        -0.488        -1.626
 C22           -4.035         3.211        -5.731        -5.745       -31.648
 C23           -0.608         0.842         6.397        -1.917        -2.980
 C24            1.782         0.579        -0.580         8.232        13.801


           EST./S.E. FOR ESTIMATED CORRELATION MATRIX FOR THE LATENT VARIABLES
              C14           C15           C16           C17           C18
              ________      ________      ________      ________      ________
 C14          999.000
 C15            0.812       999.000
 C16            0.394       -58.300       999.000
 C17           -8.677        -2.469         2.458       999.000
 C18           -1.536        -0.492        -0.899        -0.239       999.000
 C19            5.013         2.010        -1.709        -2.177       -33.413
 C20            0.262        -0.652         1.219         1.404         8.987
 C21           10.833         1.133        -1.243        -6.300        -2.223
 C22            7.453         5.998        -1.012        -0.514         5.012
 C23            2.600        11.031        -9.632        -4.301        -0.339
 C24           18.707        -4.353         1.464         3.323         0.278


           EST./S.E. FOR ESTIMATED CORRELATION MATRIX FOR THE LATENT VARIABLES
              C19           C20           C21           C22           C23
              ________      ________      ________      ________      ________
 C19          999.000
 C20           -8.437       999.000
 C21            4.309       -27.435       999.000
 C22            7.183        -2.512         1.742       999.000
 C23            1.107         2.389         4.319         0.445       999.000
 C24           -0.695         2.054         1.473       -10.201        -1.963


           EST./S.E. FOR ESTIMATED CORRELATION MATRIX FOR THE LATENT VARIABLES
              C24
              ________
 C24          999.000


           TWO-TAILED P-VALUE FOR ESTIMATED CORRELATION MATRIX FOR THE LATENT VARIABLES
              SX            IX            IY            SY            X1
              ________      ________      ________      ________      ________
 SX             0.000
 IX             0.871         0.000
 IY             0.391         0.000         0.000
 SY             0.455         0.963         0.608         0.000
 X1             0.891         0.000         0.000         0.908         0.000
 Y1             0.395         0.000         0.000         0.585         0.000
 Z0             0.906         0.084         0.054         0.757         0.000
 C1             0.363         0.004         0.000         0.802         0.004
 C2             0.643         0.001         0.000         0.678         0.000
 C3             0.810         0.014         0.000         0.891         0.003
 C4             0.105         0.837         0.001         0.028         0.859
 C5             0.350         0.027         0.000         0.029         0.007
 C6             0.155         0.681         0.000         0.181         0.870
 C7             0.289         0.660         0.000         0.623         0.333
 C8             0.314         0.000         0.303         0.807         0.000
 C9             0.957         0.006         0.166         0.170         0.000
 C10            0.584         0.678         0.125         0.567         0.632
 C11            0.178         0.525         0.956         0.175         0.330
 C12            0.922         0.004         0.000         0.715         0.002
 C13            0.331         0.000         0.000         0.246         0.000
 C14            0.703         0.493         0.000         0.046         0.294
 C15            0.551         0.000         0.000         0.007         0.000
 C16            0.293         0.000         0.000         0.032         0.000
 C17            0.117         0.205         0.000         0.122         0.053
 C18            0.254         0.000         0.197         0.401         0.000
 C19            0.655         0.091         0.000         0.364         0.002
 C20            0.263         0.000         0.310         0.239         0.000
 C21            0.184         0.018         0.008         0.947         0.046
 C22            0.151         0.000         0.000         0.813         0.000
 C23            0.073         0.432         0.000         0.039         0.600
 C24            0.762         0.066         0.000         0.700         0.057


           TWO-TAILED P-VALUE FOR ESTIMATED CORRELATION MATRIX FOR THE LATENT VARIABLES
              Y1            Z0            C1            C2            C3
              ________      ________      ________      ________      ________
 Y1             0.000
 Z0             0.000         0.000
 C1             0.000         0.218         0.000
 C2             0.000         0.002         0.000         0.000
 C3             0.000         0.000         0.004         0.000         0.000
 C4             0.001         0.856         0.912         0.286         0.003
 C5             0.000         0.002         0.048         0.000         0.000
 C6             0.000         0.000         0.000         0.000         0.000
 C7             0.000         0.001         0.000         0.000         0.000
 C8             0.354         0.206         0.395         0.362         0.574
 C9             0.115         0.000         0.233         0.004         0.000
 C10            0.122         0.582         0.282         0.000         0.220
 C11            0.930         0.023         0.764         0.338         0.000
 C12            0.000         0.001         0.000         0.000         0.331
 C13            0.000         0.000         0.000         0.000         0.000
 C14            0.000         0.005         0.262         0.005         0.000
 C15            0.000         0.000         0.000         0.000         0.000
 C16            0.000         0.040         0.000         0.000         0.403
 C17            0.000         0.000         0.000         0.000         0.976
 C18            0.095         0.000         0.002         0.019         0.203
 C19            0.000         0.000         0.767         0.182         0.000
 C20            0.189         0.000         0.345         0.519         0.000
 C21            0.005         0.005         0.000         0.021         0.274
 C22            0.000         0.000         0.014         0.000         0.000
 C23            0.000         0.108         0.000         0.001         0.319
 C24            0.000         0.104         0.001         0.000         0.000


           TWO-TAILED P-VALUE FOR ESTIMATED CORRELATION MATRIX FOR THE LATENT VARIABLES
              C4            C5            C6            C7            C8
              ________      ________      ________      ________      ________
 C4             0.000
 C5             0.000         0.000
 C6             0.000         0.003         0.000
 C7             0.000         0.000         0.000         0.000
 C8             0.001         0.284         0.000         0.000         0.000
 C9             0.001         0.147         0.000         0.000         0.000
 C10            0.002         0.000         0.165         0.155         0.066
 C11            0.392         0.000         0.000         0.000         0.891
 C12            0.551         0.321         0.048         0.166         0.077
 C13            0.008         0.000         0.000         0.000         0.055
 C14            0.509         0.000         0.337         0.000         0.078
 C15            0.929         0.002         0.060         0.005         0.797
 C16            0.621         0.051         0.965         0.986         0.020
 C17            0.844         0.222         0.000         0.000         0.850
 C18            0.006         0.000         0.108         0.685         0.932
 C19            0.783         0.000         0.000         0.000         0.025
 C20            0.217         0.598         0.000         0.000         0.106
 C21            0.002         0.000         0.176         0.060         0.233
 C22            0.445         0.000         0.000         0.000         0.246
 C23            0.035         0.016         0.000         0.000         0.700
 C24            0.194         0.274         0.000         0.000         0.175


           TWO-TAILED P-VALUE FOR ESTIMATED CORRELATION MATRIX FOR THE LATENT VARIABLES
              C9            C10           C11           C12           C13
              ________      ________      ________      ________      ________
 C9             0.000
 C10            0.000         0.000
 C11            0.018         0.705         0.000
 C12            0.750         0.671         0.958         0.000
 C13            0.000         0.909         0.000         0.000         0.000
 C14            0.000         0.000         0.318         0.530         0.000
 C15            0.085         0.759         0.346         0.000         0.000
 C16            0.174         0.969         0.681         0.000         0.000
 C17            0.036         0.760         0.000         0.031         0.001
 C18            0.536         0.338         0.102         0.277         0.000
 C19            0.002         0.645         0.349         0.053         0.000
 C20            0.063         0.585         0.666         0.024         0.065
 C21            0.882         0.037         0.001         0.625         0.104
 C22            0.000         0.001         0.000         0.000         0.000
 C23            0.543         0.400         0.000         0.055         0.003
 C24            0.075         0.562         0.562         0.000         0.000


           TWO-TAILED P-VALUE FOR ESTIMATED CORRELATION MATRIX FOR THE LATENT VARIABLES
              C14           C15           C16           C17           C18
              ________      ________      ________      ________      ________
 C14            0.000
 C15            0.417         0.000
 C16            0.693         0.000         0.000
 C17            0.000         0.014         0.014         0.000
 C18            0.124         0.623         0.369         0.811         0.000
 C19            0.000         0.044         0.087         0.030         0.000
 C20            0.793         0.515         0.223         0.160         0.000
 C21            0.000         0.257         0.214         0.000         0.026
 C22            0.000         0.000         0.311         0.607         0.000
 C23            0.009         0.000         0.000         0.000         0.735
 C24            0.000         0.000         0.143         0.001         0.781


           TWO-TAILED P-VALUE FOR ESTIMATED CORRELATION MATRIX FOR THE LATENT VARIABLES
              C19           C20           C21           C22           C23
              ________      ________      ________      ________      ________
 C19            0.000
 C20            0.000         0.000
 C21            0.000         0.000         0.000
 C22            0.000         0.012         0.082         0.000
 C23            0.268         0.017         0.000         0.656         0.000
 C24            0.487         0.040         0.141         0.000         0.050


           TWO-TAILED P-VALUE FOR ESTIMATED CORRELATION MATRIX FOR THE LATENT VARIABLES
              C24
              ________
 C24            0.000


           ESTIMATED PARTIAL CORRELATION MATRIX FOR THE LATENT VARIABLES
              SX            IX            IY            SY            X1
              ________      ________      ________      ________      ________
 SX             1.000
 IX             0.088         1.000
 IY             0.216        -0.340         1.000
 SY            -0.472         0.234         0.648         1.000
 X1             0.000         0.440         0.011         0.000         1.000
 Y1             0.000         0.012         0.395         0.000        -0.027
 Z0             0.058        -0.160        -0.142         0.160        -0.148
 C1             0.047        -0.199        -0.197         0.090         0.000
 C2            -0.013         0.035        -0.048         0.020         0.000
 C3             0.115        -0.111        -0.218         0.193         0.000
 C4             0.299        -0.131        -0.264         0.380         0.000
 C5            -0.161         0.094         0.347        -0.356         0.000
 C6             0.035        -0.037        -0.153         0.218         0.000
 C7            -0.136         0.085         0.239        -0.309         0.000
 C8             0.109        -0.205        -0.081         0.100         0.000
 C9            -0.080         0.105         0.179        -0.215         0.000
 C10            0.011        -0.025        -0.042         0.065         0.000
 C11            0.157        -0.134        -0.290         0.371         0.000
 C12            0.044         0.000        -0.129         0.111         0.000
 C13            0.033         0.013        -0.128         0.165         0.000
 C14           -0.193         0.116         0.283        -0.365         0.000
 C15           -0.246         0.222         0.592        -0.625         0.000
 C16           -0.073         0.097        -0.071         0.014         0.000
 C17            0.248        -0.104        -0.379         0.448         0.000
 C18           -0.071         0.137        -0.039         0.070         0.000
 C19            0.014         0.018        -0.057         0.130         0.000
 C20           -0.155         0.190         0.161        -0.202         0.000
 C21           -0.046         0.113        -0.007         0.028         0.000
 C22            0.231        -0.121        -0.172         0.269         0.000
 C23           -0.341         0.216         0.474        -0.538         0.000
 C24            0.108        -0.062        -0.137         0.133         0.000


           ESTIMATED PARTIAL CORRELATION MATRIX FOR THE LATENT VARIABLES
              Y1            Z0            C1            C2            C3
              ________      ________      ________      ________      ________
 Y1             1.000
 Z0             0.074         1.000
 C1             0.000        -0.048         1.000
 C2             0.000        -0.002         0.106         1.000
 C3             0.000        -0.061        -0.138         0.027         1.000
 C4             0.000        -0.063        -0.030         0.015        -0.134
 C5             0.000         0.078         0.122        -0.012         0.059
 C6             0.000        -0.015        -0.031        -0.052        -0.087
 C7             0.000         0.050         0.009         0.022         0.006
 C8             0.000        -0.078        -0.075        -0.027        -0.092
 C9             0.000         0.015         0.030         0.002         0.095
 C10            0.000        -0.016        -0.029        -0.022        -0.015
 C11            0.000        -0.046         0.007        -0.057        -0.030
 C12            0.000        -0.043         0.000        -0.028        -0.087
 C13            0.000        -0.004         0.173         0.176         0.041
 C14            0.000         0.074         0.091         0.027         0.073
 C15            0.000         0.148         0.079         0.015         0.123
 C16            0.000         0.047         0.037         0.022        -0.034
 C17            0.000        -0.109         0.078        -0.005        -0.118
 C18            0.000        -0.027         0.012         0.003        -0.006
 C19            0.000         0.083         0.025         0.036        -0.040
 C20            0.000         0.029         0.042        -0.046         0.121
 C21            0.000         0.036        -0.027        -0.031         0.009
 C22            0.000        -0.042         0.045        -0.129        -0.349
 C23            0.000         0.096         0.052         0.014         0.131
 C24            0.000        -0.023        -0.081         0.003         0.010


           ESTIMATED PARTIAL CORRELATION MATRIX FOR THE LATENT VARIABLES
              C4            C5            C6            C7            C8
              ________      ________      ________      ________      ________
 C4             1.000
 C5            -0.195         1.000
 C6             0.013         0.123         1.000
 C7             0.144        -0.069         0.610         1.000
 C8            -0.084         0.053        -0.258         0.041         1.000
 C9             0.038        -0.089        -0.044        -0.067        -0.142
 C10           -0.032         0.068        -0.012         0.033        -0.030
 C11           -0.198         0.062         0.028         0.234         0.012
 C12           -0.032         0.098        -0.025         0.047         0.018
 C13           -0.088         0.019        -0.081         0.051         0.031
 C14            0.219        -0.017         0.032        -0.064         0.069
 C15            0.251        -0.261         0.124        -0.196         0.048
 C16            0.007         0.013        -0.021         0.035        -0.008
 C17           -0.173         0.191        -0.159         0.169        -0.062
 C18            0.023        -0.013         0.029         0.005         0.049
 C19           -0.031         0.057         0.011         0.070        -0.010
 C20            0.082        -0.057        -0.010        -0.081         0.064
 C21           -0.029         0.046        -0.034        -0.001         0.001
 C22           -0.146         0.107        -0.055         0.109        -0.057
 C23            0.213        -0.214         0.105        -0.138         0.087
 C24           -0.088         0.028        -0.038         0.022        -0.033


           ESTIMATED PARTIAL CORRELATION MATRIX FOR THE LATENT VARIABLES
              C9            C10           C11           C12           C13
              ________      ________      ________      ________      ________
 C9             1.000
 C10           -0.003         1.000
 C11            0.066        -0.021         1.000
 C12            0.001        -0.019        -0.055         1.000
 C13            0.089         0.027         0.003         0.107         1.000
 C14           -0.158         0.052         0.118         0.043        -0.068
 C15           -0.153         0.039         0.258         0.089         0.097
 C16            0.013         0.001         0.002         0.046        -0.019
 C17            0.095        -0.008        -0.314        -0.054        -0.089
 C18           -0.008        -0.019        -0.044        -0.031        -0.098
 C19            0.005        -0.032        -0.080        -0.026        -0.085
 C20           -0.022         0.015         0.096         0.052         0.017
 C21            0.021         0.030         0.041        -0.003         0.003
 C22            0.074         0.012        -0.154        -0.032        -0.441
 C23           -0.120         0.040         0.317         0.065         0.079
 C24            0.057        -0.007        -0.065         0.047         0.234


           ESTIMATED PARTIAL CORRELATION MATRIX FOR THE LATENT VARIABLES
              C14           C15           C16           C17           C18
              ________      ________      ________      ________      ________
 C14            1.000
 C15           -0.247         1.000
 C16            0.029        -0.375         1.000
 C17            0.041         0.323        -0.011         1.000
 C18           -0.027         0.022        -0.073        -0.050         1.000
 C19            0.064         0.060        -0.039        -0.067        -0.275
 C20           -0.039        -0.129         0.008         0.098         0.159
 C21            0.157         0.005        -0.031        -0.071        -0.009
 C22            0.177         0.191         0.058        -0.103         0.080
 C23           -0.197        -0.311        -0.007         0.261         0.005
 C24            0.432         0.089        -0.024         0.009         0.061


           ESTIMATED PARTIAL CORRELATION MATRIX FOR THE LATENT VARIABLES
              C19           C20           C21           C22           C23
              ________      ________      ________      ________      ________
 C19            1.000
 C20           -0.004         1.000
 C21            0.038        -0.200         1.000
 C22            0.021         0.058         0.009         1.000
 C23            0.057        -0.075         0.052         0.146         1.000
 C24            0.022         0.050        -0.020        -0.070         0.081


           ESTIMATED PARTIAL CORRELATION MATRIX FOR THE LATENT VARIABLES
              C24
              ________
 C24            1.000


RESULTS SAVING INFORMATION

  Order of data

    Parameter estimates
     (saved in order shown in Technical 1 output)
    Standard errors
     (saved in order shown in Technical 1 output)
    Number of Free Parameters
    H0 Loglikelihood
    H0 Scaling Correction Factor for MLR
    H1 Loglikelihood
    H1 Scaling Correction Factor for MLR
    Akaike (AIC)
    Bayesian (BIC)
    Sample-Size Adjusted BIC
    Chi-square : Value
    Chi-square : Degrees of Freedom
    Chi-square : P-Value
    Chi-square : Scaling Correction Factor for MLR/MLM/WLSM
    CFI
    TLI
    RMSEA : Estimate
    RMSEA : Low CI
    RMSEA : High CI
    RMSEA : Probability
    SRMR
    Condition Number

  Save file
    estimates.dat

  Save file format           Free


SAVEDATA INFORMATION


  Estimated Covariance Matrix for the Parameter Estimates

  Save file
    tech3.dat
  Save format      Free

     Beginning Time:  21:32:35
        Ending Time:  21:32:49
       Elapsed Time:  00:00:14



MUTHEN & MUTHEN
3463 Stoner Ave.
Los Angeles, CA  90066

Tel: (310) 391-9971
Fax: (310) 391-8971
Web: www.StatModel.com
Support: Support@StatModel.com

Copyright (c) 1998-2025 Muthen & Muthen
