 0.95533491E-02    0.35872458E-02    0.16217205E-01    0.43846660E-02    0.34595516E-02
 0.16961313E-01    0.14284655E-02   -0.47430910E-02   -0.30078541E-03    0.45868064E-02
-0.76587306E-03    0.77294880E-03   -0.76541523E-04   -0.45020724E-03    0.61242383E-03
 0.68787763E-04   -0.10318730E-02   -0.12669130E-03    0.41526782E-03   -0.59343030E-04
 0.53969544E-03    0.10268438E-02    0.11637948E-02   -0.37446064E-02    0.27890672E-03
 0.47373347E-04    0.44133123E-04    0.26929865E-02    0.16415551E-02    0.17115216E-02
 0.14044140E-02   -0.12433976E-03    0.28410538E-04    0.15397012E-04    0.29858852E-03
 0.13797618E-02   -0.14916826E-03    0.54572585E-03    0.24716191E-03   -0.49583789E-03
 0.82949283E-04   -0.66777534E-04   -0.13267184E-03    0.35126436E-05    0.63786765E-03
-0.26034679E-04   -0.80197462E-04   -0.36480735E-04    0.93907736E-04    0.25923190E-04
 0.14286769E-04    0.40876876E-04    0.62102395E-05    0.11612748E-04    0.61199190E-03
 0.55855992E-04   -0.19917524E-03   -0.34408711E-04    0.13188570E-03   -0.13415900E-04
 0.67169971E-04    0.51258773E-04    0.42178883E-04   -0.52300936E-04    0.10838539E-03
 0.78401103E-03    0.13231706E-03    0.23252922E-03   -0.40488816E-04    0.29742782E-04
 0.10972484E-04    0.62727400E-04    0.24765494E-03    0.11889019E-03   -0.16224071E-04
 0.27863905E-04    0.65273161E-04    0.14670287E-02    0.16029354E-03    0.42071960E-03
 0.23010106E-03   -0.88753717E-04    0.29229301E-04    0.89920683E-04    0.97057192E-04
 0.18514388E-03   -0.31236140E-04    0.71280273E-04    0.19420922E-03    0.31620297E-03
 0.27441533E-02    0.49816425E-03   -0.19766951E-02    0.12135341E-02    0.91250150E-03
-0.25352010E-03    0.99818010E-04   -0.36778489E-03   -0.34864441E-04   -0.25640621E-04
 0.23765924E-04    0.60740423E-04   -0.94241343E-04   -0.23122026E-03    0.13265571E-01
-0.23853438E-02    0.14211772E-02   -0.40053063E-02   -0.10529194E-02    0.24847929E-03
-0.16440677E-03    0.83938035E-03   -0.49656589E-03   -0.15153854E-04   -0.62380204E-04
-0.77016196E-05   -0.67829043E-04    0.45972101E-04   -0.10878921E-01    0.20089488E-01
 0.28660229E-03    0.50367496E-03    0.42387589E-03   -0.52818986E-03    0.12850569E-03
-0.72082260E-04   -0.11699260E-03    0.70047769E-05    0.33684029E-03    0.40527476E-04
 0.28954936E-05    0.10310128E-03   -0.21835313E-04    0.34665210E-02   -0.46099740E-02
 0.10538259E-01    0.15529951E-02   -0.56700940E-02   -0.46480600E-02    0.56086364E-02
-0.72215277E-03    0.53398824E-03    0.24175808E-02    0.11093444E-03   -0.22086619E-02
 0.11421363E-03    0.63785359E-03    0.17972665E-03    0.34937259E-03   -0.68713616E-02
 0.12324269E-01   -0.17472226E-01    0.63565763E-01    0.88696511E-04    0.13655911E-03
 0.39376491E-03    0.52621698E-04   -0.48898354E-05   -0.83992600E-06   -0.82392783E-04
 0.37362334E-04   -0.84775714E-05    0.10722070E-04    0.30195599E-04    0.26464612E-04
 0.29127061E-04   -0.94941092E-04    0.10743250E-03   -0.70880069E-04    0.22193550E-03
 0.95977534E-03    0.34176491E-03    0.14471949E-02   -0.78119298E-03   -0.53395115E-03
 0.48067493E-04   -0.38012388E-04    0.37904886E-03    0.93706165E-04    0.39082861E-04
-0.29406375E-04   -0.42867912E-04    0.57776656E-04    0.19264109E-04   -0.81870493E-03
 0.86079705E-03   -0.87068931E-04    0.21906983E-03   -0.23215922E-03    0.22949052E-02
-0.67055367E-03    0.87355017E-04    0.32654971E-04   -0.45142667E-03    0.15417764E-04
 0.38629071E-04   -0.12058208E-03   -0.33099729E-04   -0.29869398E-04   -0.21582392E-04
-0.63293716E-05    0.99738983E-05    0.54970167E-04   -0.20888580E-02    0.19316866E-02
-0.66472728E-03    0.11463630E-02    0.15500174E-03   -0.13826480E-03    0.21864454E-02
-0.10548337E-02   -0.14098050E-02   -0.44281361E-03    0.28497709E-03   -0.43294794E-05
 0.71214714E-04   -0.14162457E-03   -0.22150993E-03   -0.15406663E-05    0.28300575E-04
 0.48047751E-04    0.83102473E-05    0.39208603E-04   -0.51784784E-03    0.54054599E-03
-0.73584275E-04    0.22618172E-03   -0.40077746E-04   -0.15073158E-03    0.20882115E-03
 0.20123833E-02    0.43627519E-03    0.17973728E-04   -0.76569708E-03   -0.61195654E-04
-0.15931345E-03   -0.13760861E-04    0.30674659E-03   -0.55810920E-05   -0.38853497E-04
-0.12099421E-04   -0.33568576E-04    0.66796492E-04   -0.27276136E-04   -0.21277574E-03
 0.35639773E-03    0.17179106E-04    0.50257294E-03   -0.17829679E-03    0.10508131E-03
 0.83804656E-04    0.89639343E-03    0.27301303E-02   -0.84184344E-04    0.18522409E-03
-0.34492747E-03   -0.63195225E-04    0.21472305E-04   -0.12872169E-04    0.78850886E-04
-0.33006882E-04    0.27626995E-05    0.35646235E-05   -0.14680948E-04    0.94187007E-05
 0.17911309E-04   -0.13020786E-02    0.11242657E-02   -0.38990151E-03    0.72511470E-03
-0.71559583E-05    0.98351838E-04    0.51638777E-04   -0.74908559E-04   -0.58134309E-04
 0.47461087E-03    0.14055689E-04   -0.23288803E-04   -0.10127854E-04    0.15876687E-04
-0.58497822E-05    0.28843420E-05    0.27483170E-05    0.73761554E-05   -0.14425151E-05
 0.21950779E-06    0.78267934E-07    0.44041811E-05   -0.18201426E-05    0.73164402E-04
-0.75936463E-04    0.26353017E-04   -0.30984708E-04    0.74773588E-05   -0.11954145E-04
 0.40037775E-05    0.32190529E-05   -0.37599802E-05   -0.69123644E-04    0.27079015E-04
-0.23608199E-03    0.85463007E-03   -0.15278553E-04   -0.56267201E-03    0.11122725E-03
-0.97728841E-04    0.11642746E-04    0.35132173E-04    0.33927445E-04   -0.10882535E-04
-0.75248321E-04   -0.29656462E-04   -0.70057102E-04   -0.17060967E-02    0.14936186E-02
-0.46957112E-03    0.73589114E-03    0.73255784E-04    0.84714311E-04    0.40118207E-03
-0.11370809E-03   -0.80979559E-04    0.24798647E-03    0.51386246E-05    0.30042966E-02
 0.16961217E-03   -0.18605359E-02   -0.23945696E-04    0.78571237E-03   -0.16404726E-03
 0.11831866E-03   -0.14091812E-03   -0.68559778E-04   -0.10710574E-03    0.19690602E-04
-0.38383427E-04   -0.27575838E-04   -0.73297052E-04   -0.11573224E-02    0.65335957E-03
-0.46316986E-03    0.15053230E-02    0.31603246E-04   -0.11322545E-03   -0.15679486E-03
 0.34733911E-03    0.11862917E-06    0.17830513E-03    0.76050471E-05    0.52874842E-03
 0.47336788E-02    0.16008947E-02    0.52968116E-02   -0.10384126E-03   -0.14334458E-02
 0.23913006E-03   -0.13634007E-03    0.85335340E-03    0.52669555E-03    0.85929514E-04
 0.15917041E-04   -0.66783935E-05    0.10809216E-03    0.14999972E-03   -0.11824971E-02
 0.18141153E-02    0.40440145E-03   -0.11029944E-02    0.31780118E-03    0.80750779E-03
 0.26923091E-03   -0.54510133E-03   -0.69469535E-03    0.96667836E-04    0.82197243E-05
 0.61408987E-03   -0.14955914E-03    0.29437985E-01    0.37037117E-03    0.32926160E-04
 0.10648001E-02    0.27889000E-03   -0.26047245E-04    0.48765995E-04   -0.20501717E-03
 0.92306818E-04   -0.39417070E-05   -0.56469193E-05   -0.76261974E-05   -0.15191063E-04
 0.45340761E-04    0.42310643E-04    0.64204353E-04   -0.52573235E-04    0.11484912E-03
-0.12049535E-03    0.13335055E-03   -0.23002668E-03    0.13204245E-03    0.20018070E-03
-0.13203930E-03   -0.48656277E-04   -0.35506390E-03    0.15604166E-03    0.21182239E-03
 0.34715283E-02    0.98769136E-06    0.32388951E-03    0.25983393E-03   -0.19096172E-03
 0.27117943E-04   -0.27139950E-04   -0.10445759E-04   -0.16902000E-05    0.12142838E-04
-0.94357329E-05   -0.40791274E-06   -0.57522568E-05    0.11356713E-04   -0.66649804E-03
 0.55740509E-03   -0.14017677E-03    0.27041521E-03   -0.42206708E-06    0.11810742E-04
 0.13093184E-03   -0.45877037E-04   -0.66713702E-04    0.14315458E-04   -0.45032132E-05
 0.10098993E-03   -0.20464708E-04    0.25348309E-03   -0.26551212E-04    0.29876673E-03
-0.17475427E-03    0.13110769E-03   -0.30490535E-03   -0.12425433E-03    0.47406907E-04
-0.12585910E-04    0.39731048E-04   -0.25441558E-04    0.10029770E-04   -0.57023739E-06
-0.34755235E-05    0.16696047E-04    0.28490066E-04   -0.49800468E-03    0.28295688E-03
 0.19332423E-04   -0.24114580E-03   -0.18668713E-03   -0.94086339E-04   -0.10621083E-03
 0.24676526E-04    0.68993806E-04    0.37810894E-04   -0.21495759E-05   -0.65696829E-04
-0.12363418E-03   -0.21511073E-03   -0.11071393E-03   -0.55385871E-04    0.43799485E-03
 0.58076777E-04    0.11499581E-02   -0.77992663E-03   -0.34847902E-03    0.89093927E-04
-0.40075923E-04    0.26035512E-03    0.10651564E-03    0.88116731E-04   -0.93563565E-05
 0.60420547E-05    0.14297762E-04   -0.66373390E-04   -0.85608595E-03    0.61239007E-03
-0.80783229E-04   -0.21945900E-03   -0.12467259E-03    0.21028629E-03   -0.91504610E-04
-0.27981369E-03   -0.42783012E-03    0.86027648E-04   -0.20746722E-04   -0.16272218E-03
 0.11698478E-03    0.36054256E-03    0.98040136E-05   -0.19309135E-04    0.13170641E-03
 0.20222118E-02    0.15119846E-03   -0.78847063E-04   -0.39873555E-03    0.10464846E-03
 0.10585716E-04    0.75092458E-05    0.11053993E-03    0.33260884E-04   -0.14078468E-04
 0.98927453E-05    0.54485615E-04    0.37108432E-04   -0.43004225E-05   -0.13512699E-02
 0.10701989E-02   -0.33333611E-03    0.70233477E-03    0.12037968E-03    0.50361575E-04
 0.97018604E-04    0.70129167E-04    0.75424878E-04    0.22737624E-04   -0.39199443E-05
-0.65584618E-05    0.49947387E-04    0.40666503E-03    0.17039324E-04    0.25722752E-04
 0.26676634E-05   -0.25662643E-04    0.21127150E-02   -0.28281742E-03   -0.97118458E-04
-0.77489920E-03   -0.27993784E-03    0.28038067E-04   -0.15877201E-05    0.13244977E-03
-0.75853234E-04    0.18176537E-04   -0.40715567E-04   -0.14259078E-04   -0.24352192E-04
-0.18361746E-04   -0.12267700E-02    0.98095554E-03   -0.31455582E-03    0.29685962E-03
-0.72026812E-04   -0.20891003E-04    0.16892761E-03    0.46232480E-04    0.16613101E-03
 0.15201673E-04   -0.77763032E-05    0.13648934E-03   -0.67118627E-04    0.12632747E-03
-0.58033928E-04    0.19783954E-04   -0.70498882E-05   -0.57471053E-04    0.11930750E-02
 0.19442956E-02    0.44433648E-03   -0.90328062E-03    0.10563229E-03    0.55633994E-03
-0.11790834E-03    0.30002272E-04   -0.49563842E-04    0.24271170E-04   -0.66322776E-04
 0.13056350E-05    0.10971846E-04   -0.80378774E-04   -0.11954548E-04   -0.22094973E-02
 0.20763450E-02   -0.89590316E-03    0.24569403E-02   -0.19199329E-03   -0.36671002E-04
 0.23123835E-04   -0.69293240E-05   -0.73405958E-04    0.94116075E-04   -0.12053656E-04
-0.10582885E-03    0.80237117E-04   -0.42393183E-03    0.62660384E-03   -0.57063172E-04
-0.29127558E-04    0.30994095E-03   -0.78394021E-04   -0.14525558E-03    0.26559463E-02
 0.84053507E-05    0.11554571E-02    0.46114946E-03   -0.50480484E-03    0.52037525E-04
-0.85094255E-04   -0.26238709E-04    0.57882130E-04    0.13836080E-04   -0.43593186E-04
-0.63016574E-04    0.43609090E-05    0.10505893E-04   -0.90409893E-03    0.80126225E-03
-0.20960530E-03    0.97282121E-04    0.90064356E-04   -0.30875888E-04    0.13120452E-03
-0.13505056E-03    0.17422421E-03   -0.46221576E-05   -0.44494190E-05    0.15089675E-03
 0.60198467E-04    0.74325378E-03    0.34567463E-04    0.49485425E-04    0.64934527E-04
 0.13843910E-03    0.11207364E-03    0.13306863E-03   -0.57407515E-04    0.20681174E-02
-0.36567743E-03   -0.25340035E-03    0.52666969E-03    0.57421698E-04    0.14857120E-04
-0.40105702E-04   -0.29034602E-03   -0.11640213E-03    0.36312923E-04    0.87499841E-05
-0.46030649E-04   -0.30778925E-05   -0.10458377E-03   -0.43304401E-03    0.24560727E-03
-0.90657840E-04    0.27473595E-04    0.25558468E-04   -0.10593004E-03    0.48037360E-04
-0.13283049E-05   -0.14467177E-03   -0.35432845E-04   -0.14021821E-04   -0.29137956E-04
 0.11587103E-03    0.10343274E-03    0.82118570E-04    0.97835188E-05    0.64908175E-04
 0.41955838E-05    0.44342768E-04    0.87233578E-04   -0.34072368E-04    0.64333981E-03
 0.20244710E-02    0.17549617E-03   -0.11581896E-03   -0.44646833E-05    0.20973008E-03
-0.39127778E-04    0.18675547E-04    0.16769659E-04   -0.21084033E-04    0.39607295E-05
 0.20127497E-04    0.42242823E-05    0.11203891E-03    0.15901530E-04   -0.42285546E-03
 0.26953296E-04    0.10032288E-04    0.24719164E-04   -0.18157401E-04    0.19377866E-03
-0.45360980E-03    0.14617084E-03   -0.69903393E-04    0.11759989E-03    0.59447256E-05
-0.48046137E-04    0.13696258E-03   -0.23656809E-03   -0.81010203E-04   -0.94193381E-04
 0.37686847E-04   -0.71382090E-04    0.29103843E-04   -0.11180450E-03    0.54426548E-05
-0.49810849E-03    0.14595336E-03    0.35940363E-02    0.26463407E-03    0.13045008E-02
-0.26602280E-03   -0.41629022E-03    0.86789110E-04   -0.69501257E-04    0.20548444E-03
 0.13310869E-03    0.72428408E-04   -0.30653426E-04   -0.50392875E-04    0.47047477E-04
 0.14729312E-03   -0.70891106E-03    0.52474381E-03   -0.20265931E-03    0.12094272E-03
 0.25048966E-04    0.17319119E-03   -0.67898379E-04   -0.12719264E-04   -0.23517270E-04
 0.54532944E-04    0.57109045E-06   -0.25393599E-04   -0.25776314E-03   -0.11081583E-03
-0.84230327E-04   -0.97393302E-05    0.56523402E-04   -0.15312527E-03   -0.15984660E-04
 0.26387146E-04    0.98589753E-04   -0.65694670E-04   -0.75487258E-04    0.58596632E-03
 0.19414873E-02   -0.70322204E-03   -0.11220480E-02    0.90692693E-03    0.59870325E-04
 0.65755357E-04    0.48878462E-04   -0.46621831E-03   -0.92942877E-04   -0.55949108E-04
-0.34500657E-05    0.11727691E-04   -0.24822854E-04    0.94123121E-04   -0.25626108E-02
 0.17631924E-02   -0.64381170E-03    0.13460529E-02   -0.18517197E-03    0.13846994E-03
 0.90035507E-03    0.13612289E-03   -0.29173777E-03   -0.22023891E-04   -0.76515200E-05
 0.17569084E-03    0.14443184E-03   -0.84689823E-03    0.11995503E-03    0.50950092E-04
 0.48478419E-03   -0.38661912E-03   -0.12352378E-03   -0.60386732E-04    0.14504529E-03
-0.95593158E-04    0.11877002E-04   -0.27002038E-04   -0.54997833E-04    0.32325633E-02
-0.12465004E-03   -0.11510061E-03    0.10957333E-03    0.18058371E-04    0.14905635E-04
 0.44474014E-05   -0.41243487E-04   -0.40977082E-05   -0.17095833E-05   -0.14447775E-04
-0.87210077E-06   -0.21490442E-04    0.86362106E-05   -0.76254346E-04    0.98065523E-05
 0.11771335E-04   -0.15945991E-04    0.29381411E-04   -0.18281415E-05    0.30138389E-04
 0.38665953E-04   -0.45789874E-04    0.30727953E-05   -0.56196839E-05   -0.27749257E-04
 0.50969435E-04   -0.19579092E-03   -0.13554074E-03   -0.27789384E-05    0.10718753E-04
-0.41332578E-05   -0.85707712E-04    0.15323084E-04    0.10581458E-04    0.15187476E-04
 0.46247787E-04   -0.12687442E-04   -0.74911555E-04    0.49207497E-04    0.31470537E-03
-0.30436148E-04    0.15433770E-03   -0.31016889E-05   -0.47435654E-04    0.13495166E-04
-0.12383063E-04    0.86940525E-05    0.41989857E-05    0.33125917E-05    0.44265583E-05
-0.36902048E-05    0.19404615E-05    0.76840080E-05   -0.19257388E-04    0.24645723E-04
 0.40783288E-06   -0.66523736E-04    0.14314484E-04    0.92289335E-05   -0.76166260E-05
-0.23372662E-05   -0.65549557E-06   -0.83870521E-07    0.10148033E-05    0.25963188E-05
-0.24074211E-04    0.26002895E-04    0.65274917E-05   -0.11676167E-05   -0.15676044E-04
-0.61540842E-04    0.92880635E-05    0.19599634E-05   -0.41880153E-04   -0.74890211E-07
-0.72808649E-05   -0.13167054E-04    0.11124149E-04   -0.41245582E-05   -0.35824561E-07
 0.22973312E-04   -0.36224350E-03   -0.51371145E-03   -0.77059367E-03    0.89859951E-04
 0.21437158E-05    0.42751400E-04    0.13707592E-03   -0.14806433E-03    0.11112561E-04
 0.45762191E-05   -0.23929959E-04   -0.18972146E-04    0.50283127E-04    0.17784671E-03
-0.28805647E-04    0.56479240E-04    0.80010176E-04   -0.87982409E-03    0.23439646E-03
-0.17591361E-03    0.58115192E-04    0.14502430E-03   -0.47207494E-05   -0.59581043E-05
-0.47242098E-04   -0.10015867E-03   -0.36113933E-03    0.99233855E-04    0.60189196E-07
 0.15988834E-03    0.99087128E-04   -0.65374725E-04    0.92302474E-04    0.15927779E-03
-0.14216932E-03   -0.18883744E-04    0.99720358E-04   -0.19378184E-04    0.15994626E-03
-0.45344972E-04   -0.15008185E-04    0.16785165E-02   -0.34179893E-03   -0.22491688E-02
 0.15815220E-02    0.78086002E-03   -0.74382893E-04    0.10602974E-03   -0.66436196E-03
-0.38005257E-04   -0.65082623E-04    0.18885427E-04    0.74054369E-04   -0.30880419E-04
 0.98801834E-05    0.10877857E-02   -0.17461792E-02    0.88644922E-04   -0.12148945E-03
 0.25774490E-03   -0.20643737E-02    0.12172625E-03    0.16195097E-03   -0.14992624E-03
-0.13496504E-03    0.12824106E-04   -0.18670378E-03    0.34491767E-03   -0.11522247E-02
-0.12303749E-03   -0.20775314E-04    0.20509221E-04   -0.32756627E-03   -0.10522489E-03
-0.75981904E-04    0.45663342E-04    0.23053965E-05    0.14917563E-03   -0.14803971E-03
-0.31080853E-03   -0.69229381E-05    0.28273957E-04   -0.16146329E-04   -0.43592426E-03
 0.35822819E-02    0.10592563E-02   -0.53345969E-03   -0.22182437E-03    0.76281730E-03
-0.13675916E-03    0.29245846E-04    0.20584246E-03    0.62643754E-04   -0.21510496E-04
 0.23312922E-04    0.63098014E-04    0.36713294E-04    0.11540459E-03    0.19469587E-02
-0.31230624E-02    0.85559628E-03   -0.15462610E-02   -0.19610234E-03    0.15451209E-03
-0.20472081E-02   -0.97873347E-04   -0.21668534E-04   -0.41028494E-04   -0.32514742E-05
-0.54534734E-03    0.30526378E-03   -0.58771703E-03    0.21617247E-03   -0.14778357E-03
 0.85523300E-04    0.14519914E-03   -0.71727455E-04   -0.14524020E-03    0.45678570E-04
-0.27899197E-03    0.12741472E-05    0.55741146E-03    0.15167039E-03   -0.94523407E-03
-0.42608273E-04   -0.75204070E-06    0.31790183E-03   -0.16725852E-03    0.35398745E-02
 0.93561767E-03    0.13018870E-02    0.21706525E-03   -0.26332989E-03   -0.47694227E-04
-0.44644589E-04    0.17408528E-03    0.26115383E-03   -0.11143483E-04   -0.32671058E-04
-0.63224188E-04    0.61123414E-04   -0.62074371E-04    0.39305364E-03   -0.85617433E-03
 0.10368677E-03   -0.35540620E-03    0.17884876E-04    0.12954967E-03   -0.10113814E-03
-0.17234280E-02   -0.71179358E-03    0.79239976E-04   -0.29814672E-05    0.10877244E-03
-0.23789169E-03    0.54312860E-03   -0.15891064E-03    0.49181575E-04   -0.42175702E-04
 0.26343569E-03   -0.72373940E-04   -0.41649169E-04   -0.64944162E-04    0.23755479E-04
-0.18244083E-04   -0.10899744E-03    0.51094797E-04   -0.13764830E-03   -0.46832047E-04
 0.24790531E-05   -0.86838953E-04   -0.17021260E-03    0.81096458E-04    0.29686079E-02
-0.82003578E-03   -0.14358635E-03    0.16512948E-02    0.85189481E-04    0.19359644E-03
 0.26714678E-04   -0.58385722E-03   -0.99293720E-05    0.68770761E-04    0.67492566E-04
 0.12950061E-04   -0.22408375E-04    0.36764297E-04    0.40603235E-03   -0.98675053E-03
 0.39443294E-04   -0.10536989E-02    0.19466962E-03   -0.17495307E-03   -0.30657364E-04
-0.68462240E-03   -0.23712859E-02    0.53844163E-04   -0.52574452E-05    0.52799406E-04
 0.64190715E-05    0.32165455E-03   -0.90185674E-04    0.89921424E-04   -0.14328879E-03
 0.23761483E-03   -0.12277542E-03   -0.22632190E-03   -0.45796030E-06   -0.25036948E-03
 0.11899413E-03    0.30776503E-04   -0.50437868E-04    0.24946419E-03    0.56242133E-04
 0.85304935E-05   -0.27442538E-03    0.32627056E-03    0.49454164E-05    0.12307971E-02
 0.42887759E-02    0.33389702E-03   -0.24447966E-03    0.82551429E-03    0.13376628E-03
-0.17081352E-04    0.46180922E-04   -0.17190644E-03    0.11937666E-03   -0.59588078E-05
 0.70560359E-06    0.12231230E-04    0.12138460E-04   -0.43406317E-05    0.11180757E-02
-0.21358764E-02    0.52557441E-03   -0.12829841E-02    0.16023293E-04   -0.13014837E-03
-0.46151407E-04    0.55948841E-04    0.59301499E-04   -0.42690318E-03    0.60223460E-04
-0.23946980E-03   -0.14667060E-03   -0.19390288E-03    0.14249784E-03   -0.18251240E-04
-0.26312550E-04   -0.76891426E-04   -0.10020156E-04   -0.16459402E-04   -0.59232527E-04
 0.24313426E-04    0.40577351E-04   -0.83706684E-04   -0.82480576E-04    0.10048442E-03
 0.19630296E-04   -0.33964824E-05   -0.21191569E-04    0.24302513E-03    0.55717761E-04
-0.13661978E-03   -0.29974114E-04    0.83101261E-03   -0.77684739E-05    0.65585094E-04
 0.20381259E-04   -0.22534500E-04    0.52065071E-05   -0.50408902E-05    0.16412555E-05
-0.30906980E-05    0.19150175E-05   -0.39141243E-06    0.24768273E-06   -0.31654489E-05
 0.17491321E-04   -0.82732027E-04    0.13341096E-03   -0.41143222E-04    0.72855007E-04
-0.56708337E-05    0.17468136E-04   -0.36368056E-05   -0.51514818E-05   -0.42572730E-05
 0.60687079E-04   -0.23176810E-04    0.79771936E-05    0.51669890E-05   -0.69304977E-05
 0.41427509E-04    0.99398681E-05    0.18183697E-05    0.11665817E-04    0.58948351E-06
 0.12122662E-04    0.77500514E-05    0.17285165E-06    0.83002660E-05    0.89374943E-05
 0.63932074E-05    0.49232094E-05    0.19548584E-06   -0.12877221E-06    0.71022889E-05
-0.29339571E-04    0.21095134E-04    0.14848161E-05   -0.12087812E-04   -0.11782945E-03
 0.45479890E-04    0.29136424E-04   -0.19247875E-02   -0.50831199E-03    0.74217818E-03
-0.15936907E-03    0.13168185E-03   -0.36860558E-04   -0.21440784E-03    0.20864953E-04
 0.59265997E-04    0.42160506E-04    0.12757215E-04   -0.11664123E-03    0.15406626E-02
-0.27560288E-02    0.77015363E-03   -0.19706851E-02   -0.33118300E-04   -0.19019003E-03
-0.51039875E-03    0.19027965E-03    0.55426199E-04   -0.23119155E-03    0.61277847E-05
-0.27255038E-02   -0.26788554E-03   -0.79320828E-03    0.19339812E-03   -0.10398404E-03
 0.89973107E-04    0.12341935E-03    0.64678962E-04   -0.88639757E-04    0.10604311E-03
-0.31344248E-03    0.10323951E-03    0.18597866E-03   -0.14785237E-04   -0.15403248E-03
 0.54430094E-04   -0.83289947E-05    0.25496761E-04    0.44025819E-03    0.76872298E-03
-0.13369494E-03   -0.85932841E-04    0.46571059E-03   -0.28645735E-04    0.47400573E-02
-0.53323104E-04    0.29529493E-02   -0.18616418E-03   -0.10680669E-02    0.20439707E-03
-0.17212823E-03    0.32348876E-03    0.24635296E-04    0.17621097E-03   -0.20097618E-04
-0.57840658E-05    0.12468528E-03    0.14112419E-05    0.53143756E-03   -0.12677856E-02
 0.46317952E-03   -0.20281355E-02   -0.10617273E-03    0.31714019E-03    0.22178697E-03
-0.32132586E-03    0.24739783E-04   -0.13448320E-03    0.49551906E-05   -0.33207642E-03
-0.39920334E-02    0.57212978E-03   -0.22296228E-03    0.64793255E-04    0.10323360E-03
-0.48480835E-04   -0.14744960E-04    0.13342677E-03   -0.15425063E-03    0.11192063E-03
-0.12826528E-03   -0.53825837E-04    0.32923045E-03   -0.20071516E-03    0.72378903E-05
 0.36744708E-04    0.10515040E-03   -0.67507977E-03   -0.43624959E-03    0.46166676E-03
 0.15012579E-03    0.20609675E-03   -0.85440881E-05    0.55663605E-03    0.74098219E-02
-0.33578480E-02   -0.93611864E-02    0.94303094E-03    0.23437281E-02   -0.13693108E-03
 0.45746531E-03   -0.18059979E-02   -0.10078264E-02   -0.24294396E-03    0.75962447E-04
 0.17508924E-03   -0.27825472E-03   -0.39018957E-03    0.31428993E-02   -0.27156633E-02
-0.49780650E-03    0.18565742E-02   -0.31188708E-03   -0.13020433E-02   -0.72927315E-03
 0.88405236E-03    0.13370934E-03   -0.23251455E-03   -0.49497317E-04   -0.77410612E-03
 0.52753522E-03   -0.24157273E-01   -0.92571065E-03   -0.37985164E-03    0.23333067E-03
-0.68608552E-03   -0.48970247E-03   -0.24961799E-03    0.27948127E-03   -0.13483647E-02
 0.79659565E-04    0.36879455E-03   -0.86049147E-04    0.10968780E-02    0.30032371E-03
-0.48474201E-04    0.92054706E-03    0.22569129E-02    0.12059662E-02   -0.97479588E-03
-0.71989087E-03    0.38477842E-03    0.17598308E-04    0.11936844E-02   -0.10144309E-02
 0.97018704E-01   -0.10630469E-02   -0.28145384E-04   -0.22270626E-02   -0.42151593E-03
-0.93992808E-04   -0.60271539E-04    0.54051544E-03   -0.20387905E-03   -0.28071779E-04
-0.40377534E-04    0.14831403E-04    0.10553098E-05   -0.21570806E-03    0.33736324E-03
 0.16034168E-03   -0.43553379E-03    0.52901878E-03    0.12181516E-03   -0.14353184E-03
 0.18552833E-03   -0.92729077E-04   -0.59848805E-04    0.12367755E-03    0.37684265E-04
 0.18737238E-03   -0.26477313E-03   -0.63058461E-03   -0.30271342E-02    0.12493169E-04
 0.10048701E-03    0.25476750E-04   -0.49686347E-04    0.22445654E-04   -0.73636603E-03
-0.25778638E-04   -0.51721225E-04   -0.23122233E-04    0.46433084E-04   -0.33303455E-03
 0.16260042E-03   -0.59756143E-05   -0.20835106E-03    0.26989180E-03   -0.31269612E-03
 0.35970339E-03    0.22635769E-03   -0.34048519E-03   -0.59978540E-04   -0.27335612E-03
 0.26583827E-03    0.18016927E-02    0.66535017E-02   -0.43546983E-04   -0.59452601E-03
-0.53855158E-03    0.29183163E-03   -0.39651368E-04    0.23409977E-04    0.17799725E-04
-0.43166802E-04   -0.12984622E-04    0.10059353E-04   -0.11502433E-04   -0.11532446E-05
-0.15607565E-04    0.58021270E-03   -0.96220669E-03    0.23873326E-03   -0.40733919E-03
-0.14616619E-04   -0.15983524E-04   -0.13780518E-03    0.86374914E-04    0.10227075E-03
-0.18515704E-04    0.87671870E-05   -0.88813437E-04    0.90584595E-04   -0.41075441E-03
 0.20551922E-04   -0.27056886E-03    0.44273506E-04    0.86380621E-06    0.30783284E-05
-0.17611552E-04    0.62503602E-04   -0.72369482E-04    0.18927484E-04    0.12546016E-03
 0.17892155E-04   -0.67071010E-04    0.40497883E-05   -0.92200432E-06    0.12925117E-04
 0.24637202E-04    0.21827350E-03   -0.72016339E-04   -0.12397699E-03    0.15967176E-04
-0.14057718E-04    0.13672313E-03   -0.75977668E-04    0.49097995E-03   -0.74132780E-04
 0.50777769E-03    0.43042594E-03   -0.26444378E-04    0.66032142E-03    0.12369743E-03
-0.44574491E-04    0.20385144E-04   -0.80547656E-04    0.99329344E-04   -0.11970279E-04
-0.26771260E-06   -0.84025553E-05   -0.27071651E-05   -0.30300187E-04    0.21447989E-03
-0.57461209E-03    0.55862483E-04   -0.60232335E-04    0.15620323E-03    0.57571070E-04
 0.10280915E-03   -0.64343998E-04   -0.12683242E-03   -0.21073095E-04    0.18688648E-05
 0.99462023E-04    0.84522457E-04    0.27978035E-03    0.11519413E-03    0.50171981E-04
-0.31376147E-03   -0.12856704E-03    0.92533502E-05    0.16418887E-04    0.47248407E-04
-0.14185363E-04   -0.60558378E-04   -0.51090835E-04   -0.28776996E-04   -0.25879126E-03
-0.26022671E-05    0.13676020E-04   -0.27211862E-03   -0.74914678E-04   -0.15776915E-03
 0.95250366E-04    0.21593714E-03    0.43829681E-04    0.44067537E-06   -0.14143469E-03
-0.27291895E-04   -0.67321571E-03   -0.31961923E-03   -0.80748526E-04    0.52807040E-03
 0.72591117E-04   -0.14482440E-02    0.13972548E-02    0.43428101E-03   -0.30672033E-04
 0.59238381E-04   -0.43442457E-03   -0.75873663E-04   -0.63710544E-04   -0.11306595E-04
-0.15673570E-04    0.32846072E-05   -0.10453501E-04    0.57957811E-03   -0.13364339E-02
 0.76134236E-04    0.12115690E-03    0.12273387E-03   -0.30499842E-03    0.17178364E-03
 0.27194258E-03    0.25997921E-03   -0.67489419E-04    0.10762625E-04    0.14380838E-03
-0.10061322E-03   -0.50299919E-03   -0.44605839E-05    0.81622102E-05   -0.12113216E-03
-0.17921584E-02    0.46864596E-04    0.70007855E-04   -0.19368067E-03   -0.31684199E-04
 0.80477930E-04    0.54348172E-04    0.10982625E-03    0.53584772E-03    0.14564744E-04
 0.47666485E-04   -0.20257642E-03    0.43019879E-03   -0.28018261E-03   -0.40924759E-03
-0.24401139E-03    0.14416885E-03   -0.13629840E-04   -0.13071983E-03    0.25583878E-03
 0.79380587E-03   -0.13972788E-03   -0.80862576E-05    0.26844345E-03    0.30767758E-02
-0.58638880E-03   -0.14891444E-03    0.80955703E-03   -0.96777609E-04    0.30236683E-04
 0.26560733E-05   -0.25789177E-03   -0.13524979E-03   -0.28847012E-04    0.70202590E-05
-0.24920302E-04   -0.89000152E-05    0.38622619E-04    0.11089689E-02   -0.18597182E-02
 0.35486619E-03   -0.91066699E-03   -0.62881344E-04   -0.12146773E-03   -0.47515727E-04
-0.12603469E-04   -0.14654083E-03   -0.26928723E-04    0.41315160E-05    0.17164020E-04
-0.78539008E-04   -0.45119083E-03   -0.21154221E-04    0.67842377E-06    0.17042519E-04
-0.22048700E-04   -0.18320841E-02   -0.10118459E-02    0.15269996E-04   -0.16502680E-03
 0.16239118E-04   -0.86922703E-05    0.21085626E-04    0.20263548E-03    0.89262350E-04
-0.12325172E-05    0.11306353E-03    0.31305096E-03    0.88700831E-05    0.85033246E-04
 0.16767413E-03    0.28367571E-04   -0.13424669E-04   -0.31871444E-04    0.34428938E-05
 0.71601919E-03    0.47676908E-04   -0.53703319E-04    0.16019601E-04   -0.21894738E-04
 0.34982329E-02    0.99991728E-03    0.99893637E-03    0.17784707E-02    0.14363816E-03
-0.54057596E-04   -0.70582461E-04   -0.30731625E-03    0.19262392E-03    0.36658912E-05
 0.37351745E-04   -0.19346424E-04   -0.49227275E-04   -0.17730884E-04    0.87646452E-03
-0.16862372E-02    0.28797274E-03   -0.84821713E-03    0.94655986E-04   -0.20479338E-04
-0.17518032E-03   -0.14466416E-03   -0.22601933E-03   -0.11703925E-04    0.10700976E-04
-0.88626406E-04    0.88702555E-05    0.10578158E-03    0.52715166E-04   -0.69962790E-05
 0.34954112E-04    0.10602936E-03   -0.10268351E-02   -0.17188941E-02    0.11718570E-03
-0.51210974E-04    0.20421838E-04    0.16039441E-03    0.85306241E-04    0.79016156E-04
-0.34639219E-04    0.65648841E-05   -0.20274731E-03    0.23391988E-04    0.11613307E-03
 0.99561813E-04    0.16756271E-03    0.12746961E-04   -0.12652425E-04    0.38064881E-04
 0.22001721E-04   -0.29154296E-03   -0.75403119E-04   -0.72709501E-04    0.28332570E-04
-0.70909495E-04    0.18640991E-02    0.32014878E-02   -0.11853461E-02    0.14163845E-02
-0.34508665E-03   -0.10983345E-02    0.23521114E-03   -0.11403644E-03   -0.94450832E-04
-0.11987110E-03    0.10220622E-03   -0.28126000E-04   -0.38223519E-04    0.88704886E-04
-0.38529587E-04    0.20311139E-02   -0.38054371E-02    0.10562487E-02   -0.41224727E-02
 0.15270828E-03    0.37906265E-04    0.59071853E-04   -0.36191541E-04   -0.80239776E-05
-0.60315853E-04    0.83110626E-05    0.11045593E-03   -0.19533849E-03    0.30408571E-03
-0.69322194E-03    0.60016734E-04    0.56678897E-04   -0.16902222E-03    0.23698242E-04
 0.14738626E-03   -0.25812362E-02    0.12204965E-03   -0.29972751E-05   -0.12933207E-03
-0.10428597E-03   -0.14355089E-03   -0.30321798E-05    0.49415028E-04   -0.33542713E-03
-0.11809623E-03   -0.12214964E-03    0.51532546E-04    0.17849470E-03    0.89398872E-04
-0.18345253E-04   -0.10350327E-03    0.19394789E-03   -0.52267334E-03    0.14002025E-02
-0.97760148E-04   -0.64011819E-04    0.43310687E-03    0.12141623E-04   -0.21309442E-03
 0.48480835E-02    0.85150752E-03   -0.95790189E-03   -0.12938129E-03    0.52926416E-03
-0.12907527E-03    0.79367773E-04   -0.14352607E-04    0.12186109E-03   -0.30654543E-05
 0.40740582E-04    0.43725508E-04    0.35251901E-05    0.25327801E-04    0.83649565E-03
-0.14222113E-02    0.37712192E-03   -0.50379757E-03   -0.95890279E-04    0.59026498E-04
-0.27471508E-03   -0.49388361E-04   -0.24514507E-03    0.18823262E-04   -0.14982191E-05
-0.25377384E-03    0.37745125E-04   -0.73918443E-03   -0.17795996E-05   -0.59869881E-04
-0.33820848E-04   -0.21316084E-04   -0.11607318E-03   -0.12950637E-03    0.12776263E-03
-0.18914009E-02   -0.56328212E-03    0.47964833E-03    0.80962759E-04    0.54981166E-04
-0.14564348E-04   -0.34071936E-05    0.15302626E-03   -0.87723390E-05    0.37342313E-03
 0.44778227E-04    0.36090680E-03    0.12480143E-04    0.33365479E-05    0.58226835E-03
-0.16657274E-03    0.14182157E-02   -0.75382966E-04    0.88015861E-04    0.77500023E-04
 0.41013455E-04    0.11958257E-03    0.21078273E-03   -0.28270602E-03    0.33594982E-02
 0.84698521E-03    0.98085834E-03   -0.12140819E-02   -0.24621705E-03   -0.60318115E-04
-0.66255348E-04    0.56272298E-03    0.10849004E-03    0.37865709E-04    0.21725433E-05
-0.25504990E-04   -0.11961990E-03   -0.90086268E-04    0.11655023E-03   -0.26712475E-03
 0.25508614E-03   -0.63245892E-03   -0.49193962E-04    0.22094755E-03    0.25790620E-04
-0.10584885E-03    0.92197621E-04    0.48599766E-04    0.11743546E-04    0.84975324E-04
-0.20367312E-03    0.27603427E-03   -0.11686658E-03    0.20248617E-04   -0.54887589E-04
 0.12873034E-03    0.47706741E-04    0.57037219E-04   -0.25628924E-04   -0.55149274E-03
-0.17501771E-02   -0.14094799E-03    0.15919844E-03   -0.11613891E-03   -0.65105238E-04
 0.99937984E-05   -0.38433893E-04   -0.46516795E-03   -0.32426160E-04    0.27208506E-04
-0.31043283E-03   -0.52966916E-04   -0.19723723E-04   -0.27844697E-04    0.26780916E-03
-0.58573881E-03    0.12236221E-03   -0.50481038E-04    0.11137315E-03   -0.16284633E-03
-0.19522642E-03   -0.12736463E-04    0.59557820E-04    0.10141092E-02    0.35578311E-02
 0.56774095E-03    0.11641542E-02    0.81650321E-03   -0.38868835E-03    0.12922386E-05
 0.75442074E-05    0.64000251E-04    0.21312377E-03    0.14367129E-04    0.64499953E-05
 0.58111765E-05   -0.24559412E-04    0.97088379E-04    0.71071667E-04   -0.22692888E-03
-0.71705501E-04   -0.10595967E-03    0.87996418E-04   -0.56859301E-04    0.50713981E-03
-0.23724062E-03    0.71385493E-04   -0.90436285E-04    0.81073465E-05    0.19720847E-03
-0.13935113E-03    0.62735505E-03    0.22023521E-04    0.13086605E-03   -0.77731070E-04
 0.78605414E-04   -0.32433621E-04    0.11838388E-03   -0.12061030E-03    0.51947551E-03
-0.18063221E-03   -0.29886855E-02   -0.47459956E-03    0.21041737E-04   -0.17971478E-04
 0.14322158E-04   -0.28058920E-03    0.82808379E-04   -0.74580715E-03    0.28361861E-03
-0.11868352E-03    0.13578928E-03   -0.10528873E-05   -0.54692210E-03    0.12966887E-03
-0.10305021E-02   -0.12305846E-03   -0.21169583E-03    0.13688445E-03   -0.13720005E-03
-0.10557912E-03   -0.26284931E-03    0.23929893E-03   -0.84968376E-03    0.22215067E-03
 0.52031094E-02   -0.69117801E-04   -0.15821910E-02    0.10582872E-02    0.53025856E-03
-0.10539685E-03    0.88187852E-04   -0.38971174E-03   -0.61519205E-04   -0.86003647E-04
 0.26216065E-04    0.36561065E-04   -0.72179968E-04   -0.12944510E-03    0.61276157E-03
-0.11901693E-02    0.24995619E-03   -0.69428302E-03    0.27164043E-05   -0.26662938E-03
 0.15263115E-03    0.61269750E-04   -0.53952454E-04   -0.79635771E-04    0.13262626E-05
 0.72611294E-04    0.30706906E-03    0.47951282E-05    0.13838186E-03    0.27936933E-04
-0.43818180E-04    0.79723259E-04    0.26549342E-04   -0.15632924E-04   -0.80426089E-04
 0.29445551E-04    0.99991182E-04   -0.57832366E-03   -0.17509203E-02    0.24924400E-03
 0.93399938E-04   -0.24701547E-04    0.15886243E-04    0.45478445E-03   -0.26940517E-03
-0.40270720E-05    0.16035773E-04    0.20596681E-03   -0.16247408E-04    0.69430808E-04
-0.41152893E-03   -0.68972279E-04   -0.30286040E-03   -0.12889675E-04    0.65828632E-04
-0.17162150E-03    0.21530495E-04   -0.36655198E-04    0.17148031E-03   -0.10666322E-03
-0.39168060E-03    0.92695528E-03    0.32279820E-02    0.34634754E-03    0.75475873E-03
-0.21785103E-02   -0.10958509E-03   -0.25278327E-04   -0.58548993E-04    0.64823311E-03
-0.33001254E-04    0.14305724E-04    0.26817498E-05   -0.23002505E-04    0.53070810E-04
-0.10078274E-03    0.17584150E-02   -0.29912756E-02    0.92110818E-03   -0.25097958E-02
 0.97356483E-04   -0.37822084E-04   -0.90933878E-03   -0.67100016E-04    0.22651890E-03
 0.10403431E-03    0.60653601E-05   -0.19317500E-03   -0.27407091E-04    0.68192372E-03
-0.29011901E-03   -0.91537624E-04   -0.26737229E-03    0.50452216E-03    0.12233989E-03
 0.14440521E-03   -0.14427888E-03    0.47986682E-04   -0.52590795E-04    0.10409463E-03
 0.17363313E-03   -0.27031399E-02   -0.20016040E-04    0.29802401E-06   -0.23576731E-03
 0.19986670E-03    0.15346462E-02    0.14503193E-03   -0.32164835E-03   -0.20565904E-03
-0.56394037E-05    0.35391624E-03    0.28130953E-03   -0.13446620E-02    0.54719931E-03
 0.15564060E-03    0.40517300E-03   -0.79656163E-03   -0.21852574E-03   -0.21055895E-03
 0.19192585E-03   -0.15033497E-03    0.94765458E-04   -0.68210196E-04   -0.40538211E-03
 0.46290099E-02    0.76375523E-03    0.80391943E-03    0.86716767E-04   -0.92358950E-04
-0.43958145E-04   -0.33013322E-04    0.10924509E-03    0.15015511E-03    0.79476538E-05
 0.13850107E-04   -0.91011362E-05    0.34780609E-04    0.26641655E-04   -0.57525294E-04
-0.11525620E-03    0.83571762E-04   -0.15574283E-03   -0.39419005E-04    0.73433599E-04
-0.55421812E-04   -0.15185483E-03    0.59563865E-04    0.16623351E-04    0.21396450E-05
 0.63805254E-04   -0.37209262E-04    0.43779066E-03    0.20388443E-03    0.14343010E-04
-0.42671952E-05    0.47784343E-04    0.10278186E-03   -0.26896459E-04   -0.10461239E-04
 0.29447894E-04   -0.86935052E-04   -0.11649543E-04    0.13651340E-03   -0.80401257E-04
-0.30106082E-03    0.42192561E-05    0.72260490E-04   -0.14407095E-03    0.88885573E-04
 0.15673564E-03   -0.11614146E-03   -0.15563385E-04   -0.35218882E-05   -0.11980541E-03
 0.19017469E-04   -0.91624177E-03   -0.43649265E-03   -0.19474527E-04    0.32195812E-04
-0.73214508E-04   -0.26038863E-03    0.13468817E-03    0.35693917E-04    0.10845214E-03
 0.19661332E-03   -0.56310872E-04   -0.18060102E-03    0.57919059E-04    0.76569382E-03
 0.18425285E-05   -0.33839670E-03   -0.66041163E-05    0.10879756E-03   -0.24056512E-04
 0.26377350E-04   -0.19047370E-04   -0.22862438E-04   -0.12201803E-04   -0.44375967E-06
 0.84378815E-05   -0.87797994E-05   -0.91146425E-05    0.45437748E-04   -0.41310399E-04
-0.13911558E-04    0.14475405E-03   -0.13681454E-04   -0.26348652E-04    0.43522053E-05
 0.17687333E-04    0.51950322E-05   -0.41490655E-05   -0.25628755E-06   -0.91265030E-05
 0.48083614E-04   -0.79846010E-04   -0.65860948E-05   -0.20408825E-05    0.11112503E-04
 0.39687585E-04   -0.26507670E-05    0.52330492E-05    0.50630568E-04   -0.14587734E-04
 0.71581852E-05    0.79925912E-05   -0.35796942E-04    0.12930145E-04    0.26609489E-05
-0.22556262E-04    0.26625115E-04    0.48386936E-04   -0.27525928E-05   -0.12098013E-04
-0.81203576E-05    0.82677815E-05   -0.75630800E-06    0.31050275E-04   -0.86567165E-04
 0.12039792E-03    0.13186719E-04    0.29295073E-05   -0.25920981E-04   -0.77026454E-04
 0.93629907E-05   -0.19503528E-04   -0.93391236E-04   -0.18729871E-05   -0.26507074E-04
-0.26897983E-04    0.49153200E-04    0.21417698E-05   -0.15354720E-04    0.39601532E-04
-0.12977470E-02    0.70729269E-02   -0.46509805E-03   -0.51926621E-02    0.63188277E-03
-0.59457221E-03    0.15763259E-03    0.30568975E-03    0.97205373E-03   -0.63753727E-04
-0.18081695E-03    0.10258466E-03    0.50024016E-03   -0.11450592E-02    0.16386397E-02
 0.12755708E-02   -0.89658836E-02   -0.95390599E-04    0.89727456E-03    0.19010429E-03
-0.22764465E-03    0.29846811E-03    0.12307091E-03   -0.18497243E-04    0.39266007E-03
-0.10457092E-02    0.19683684E-02    0.51348346E-04    0.11050593E-03    0.19191693E-03
 0.59251030E-03   -0.11516418E-03    0.77107895E-04   -0.55112653E-03    0.49735594E-03
-0.77082315E-04   -0.17579995E-03    0.76956115E-03   -0.45287050E-03   -0.49702963E-04
 0.68328850E-04   -0.92255068E-04   -0.13693994E-02   -0.47641271E-03    0.21898935E-03
-0.23351153E-03   -0.28285018E-03    0.37760621E-04   -0.59271898E-03    0.13954373E-02
-0.37405237E-02    0.30764724E-03   -0.21568450E-03   -0.24161050E-03   -0.76032942E-03
-0.95086142E-04    0.66949991E-04    0.11969288E-02   -0.41684379E-03    0.36217720E-03
 0.20155466E-03   -0.10539874E-02    0.41647824E-03    0.26826233E-03   -0.16767184E-03
 0.10837139E-01   -0.11287539E-03    0.10572124E-02    0.13746915E-03   -0.71263408E-03
 0.60798134E-04   -0.93485143E-04   -0.42465870E-04    0.90525105E-04    0.10814244E-03
-0.44379898E-04   -0.31885316E-04    0.42280230E-04    0.95143328E-04   -0.20232846E-03
 0.24694144E-03   -0.29394276E-05   -0.81106642E-03    0.28415477E-03    0.64114446E-04
 0.95594673E-04   -0.41044154E-04    0.24418272E-04    0.56540668E-05    0.33735408E-05
 0.68539001E-04   -0.17286243E-03    0.29689857E-03    0.59806038E-05   -0.41788972E-05
-0.10145909E-04    0.14804644E-04   -0.84100568E-05    0.19401979E-04   -0.15086897E-03
 0.13007127E-03   -0.47235395E-06    0.22361541E-04    0.17163101E-03   -0.59770476E-04
-0.54941798E-05    0.16030624E-04   -0.38592559E-03   -0.12121003E-03   -0.14299827E-03
 0.21108385E-04    0.19753513E-04   -0.31867678E-04    0.70931369E-06   -0.11452642E-03
 0.11995869E-03   -0.67490857E-03    0.24035581E-04   -0.24846159E-04    0.37584669E-04
-0.26798002E-04   -0.91979603E-05    0.55743784E-04    0.29191110E-03   -0.99550744E-04
 0.40774367E-04    0.75721250E-05   -0.19231452E-03    0.42404813E-04    0.16649277E-04
-0.32871590E-04    0.14761947E-02    0.11193829E-02    0.25862284E-03   -0.39287913E-05
-0.44875951E-03    0.30207228E-03   -0.26766118E-04    0.16433778E-04    0.21875269E-03
-0.56660941E-05   -0.88014957E-04   -0.70198388E-05   -0.76303701E-05    0.23297339E-04
 0.23102256E-05   -0.13323810E-03    0.14030786E-03   -0.56748521E-03    0.13504798E-02
-0.69950697E-04    0.55662167E-03   -0.58811571E-04   -0.42788349E-04    0.11983387E-04
 0.38619033E-04   -0.30315569E-05   -0.43688907E-04    0.59541823E-04    0.89028237E-04
-0.14551237E-04   -0.12486531E-04   -0.16377001E-04    0.34532127E-04   -0.34084817E-04
-0.67812893E-04    0.17789122E-04   -0.63323071E-04   -0.65579416E-04    0.50347991E-04
 0.99567093E-05    0.39381154E-04   -0.92251997E-05   -0.31427732E-06    0.13675639E-03
-0.69114101E-03    0.13082001E-03    0.59002823E-04   -0.58058915E-04   -0.42685181E-04
 0.11098256E-04   -0.20454152E-04   -0.25256430E-04   -0.72037706E-04   -0.23551375E-04
 0.18851112E-04   -0.12564394E-04   -0.33111099E-04   -0.54039160E-05    0.34512075E-04
-0.63327254E-04    0.95279931E-04    0.88746372E-04    0.15265968E-04   -0.34847443E-04
-0.57791068E-04    0.28441297E-04   -0.17941502E-05   -0.58919185E-03   -0.20295203E-03
 0.15659918E-02   -0.43090050E-03   -0.11514559E-03   -0.21817739E-03   -0.22826713E-03
 0.13808156E-04    0.36860975E-05   -0.57147760E-05   -0.28920469E-05   -0.46360179E-04
 0.24513540E-04    0.41926926E-05    0.27399238E-05   -0.40878091E-04   -0.73442035E-03
 0.10257210E-02   -0.15229213E-02    0.26097181E-02    0.87652006E-04   -0.79141226E-05
 0.73960462E-03    0.25246513E-05   -0.26528476E-04    0.14824925E-04    0.43025801E-05
 0.18572127E-03   -0.65952448E-04   -0.15024731E-03   -0.91090637E-04    0.40655130E-04
-0.21405611E-04   -0.10773358E-03    0.68451464E-04    0.59424679E-04   -0.10209295E-04
 0.69332577E-04    0.62162564E-05   -0.16752294E-03    0.21303723E-04    0.40138361E-03
 0.16248505E-04   -0.83524679E-06   -0.79615392E-04    0.42037426E-04   -0.96619098E-03
 0.97211116E-05   -0.29969553E-04   -0.34901675E-04    0.20749776E-05   -0.26060533E-03
 0.10374840E-03    0.50410667E-05    0.12945018E-03   -0.53692645E-04    0.27404676E-04
 0.15079125E-03   -0.11010145E-03   -0.93128795E-04   -0.15333692E-04   -0.18419290E-03
-0.14639226E-04    0.22094101E-03    0.49923525E-04   -0.51029556E-03   -0.43760998E-04
 0.40281450E-05    0.78020588E-04    0.80951800E-04    0.28717495E-04    0.16545855E-02
-0.49326605E-03   -0.29911269E-03   -0.22176430E-03   -0.40730474E-04    0.17714061E-04
 0.31812008E-04   -0.14145608E-04   -0.72243280E-04   -0.10971323E-05    0.13125701E-04
 0.49101437E-05   -0.42417662E-04    0.50759798E-04   -0.66752517E-04    0.20916107E-03
-0.16524130E-03    0.15951739E-03    0.11709349E-04   -0.66178513E-05   -0.35027179E-05
 0.65357137E-03    0.30505773E-03   -0.13545162E-04   -0.99403814E-05   -0.13560166E-03
 0.67924510E-04   -0.27227084E-03    0.12852661E-03   -0.33713889E-04    0.36777851E-04
-0.93417696E-04    0.45252902E-04    0.58361955E-04   -0.57667175E-04    0.60662018E-04
 0.49939214E-04    0.88296567E-04   -0.46894063E-05    0.22473319E-04    0.31703705E-04
-0.44836029E-05    0.13724789E-04    0.85946403E-05   -0.71009256E-05   -0.74925121E-03
-0.33551904E-03    0.26006144E-04    0.62136376E-05    0.90841281E-04   -0.38784686E-04
 0.24253927E-03   -0.59460085E-05    0.15831607E-04   -0.48049394E-04    0.90773689E-04
-0.55937959E-04   -0.11402794E-03    0.57187470E-04   -0.13596888E-03   -0.73112593E-04
-0.90936289E-04   -0.94641210E-05    0.39839399E-04   -0.60547978E-04    0.83560766E-05
 0.25807270E-03   -0.25945399E-05   -0.39037191E-04    0.91078684E-04    0.15938093E-02
 0.15158543E-03    0.68539929E-03   -0.33315255E-03   -0.44322355E-03    0.14148651E-04
-0.35352208E-04    0.16509043E-03    0.74824858E-04    0.87027631E-04   -0.11739704E-04
-0.20197497E-04    0.56675262E-04    0.41535078E-04   -0.12770676E-03    0.16952558E-03
 0.13919171E-04   -0.20282387E-03   -0.42653454E-04    0.14525774E-03   -0.26301434E-04
 0.26488386E-03    0.82669028E-03   -0.30646196E-04   -0.24119879E-05    0.13135706E-05
-0.64279088E-04   -0.21700103E-03    0.11413826E-03   -0.12025507E-04    0.54645280E-04
-0.68194085E-04    0.47467657E-04    0.10718554E-03   -0.11165294E-03    0.25264813E-03
-0.40275972E-04   -0.83733697E-05    0.11624600E-03   -0.16120158E-03   -0.10127050E-04
-0.18021172E-05    0.44169172E-04   -0.22213862E-03   -0.35905900E-04   -0.31348345E-03
-0.10388783E-02    0.30009933E-04    0.63234007E-05   -0.56185216E-04    0.17646766E-03
-0.77606276E-04   -0.12341032E-03    0.13174803E-04   -0.62466865E-04    0.67879064E-04
-0.44392765E-04   -0.84397938E-04    0.11432755E-03   -0.24351803E-03    0.95818798E-04
 0.96925380E-04   -0.22230177E-03    0.17755519E-03    0.43963369E-04   -0.72705031E-05
 0.96979896E-03    0.69258169E-04    0.59106064E-04    0.54760614E-04    0.76526454E-03
 0.22643177E-02   -0.59116514E-04    0.46469741E-04   -0.89325572E-04    0.44884362E-05
-0.37266679E-05   -0.10443963E-04    0.24541065E-04   -0.30793556E-04   -0.61273899E-05
-0.28345395E-05   -0.27565684E-04   -0.64318585E-05    0.37752992E-04   -0.39947053E-03
 0.55269083E-03   -0.10492399E-02    0.16186694E-02    0.85516737E-05    0.35545883E-04
 0.12983182E-04   -0.18589842E-04   -0.49417836E-04    0.14453255E-03   -0.20939577E-04
 0.66853702E-04    0.96555077E-04   -0.18022705E-04   -0.40589181E-04    0.11964159E-04
 0.39616184E-05    0.20871355E-04    0.93362034E-05   -0.14197372E-04    0.22536146E-04
-0.29745427E-04   -0.34000628E-04    0.27391352E-04    0.22787039E-04    0.19678330E-04
-0.31823372E-05    0.69675882E-06   -0.32199991E-05   -0.48430956E-04   -0.21641575E-04
 0.46285871E-04    0.56722889E-04   -0.19527126E-03    0.27443050E-04   -0.12554834E-03
-0.88559503E-04   -0.25451836E-04    0.86350605E-04   -0.13644369E-04   -0.15572354E-04
-0.47188254E-04    0.15130984E-04    0.12941761E-04   -0.39549279E-04    0.95770833E-05
-0.60645433E-05   -0.16763397E-04   -0.58676791E-04   -0.12484186E-05   -0.10580510E-04
 0.53700511E-06   -0.21191114E-04   -0.80580291E-05    0.83547737E-04    0.57090198E-04
-0.11305741E-03   -0.12030949E-03    0.40547249E-03   -0.27041413E-05   -0.32424042E-04
-0.33353615E-04    0.90355742E-05   -0.55106058E-05    0.55209540E-05    0.27741708E-05
 0.74960041E-06   -0.10454285E-05    0.25501143E-05    0.84072025E-05    0.24810759E-05
-0.25020580E-05    0.22922054E-04   -0.40615245E-04    0.50052679E-04   -0.46361634E-04
 0.22248973E-05   -0.33451445E-05    0.49959118E-05   -0.77474238E-05    0.26424771E-06
-0.20379264E-04    0.82079822E-05   -0.32548955E-05   -0.32578287E-05   -0.12153690E-04
-0.26527674E-04   -0.36715228E-05   -0.71584027E-06   -0.41396607E-05   -0.19059253E-05
 0.18712711E-05    0.10415292E-05    0.20246008E-05   -0.29838354E-06    0.30989415E-05
 0.61430759E-05   -0.80321770E-05    0.74353075E-06    0.26523909E-06   -0.34460322E-05
 0.10081017E-04    0.15655018E-05    0.57897674E-05    0.56214615E-06    0.26431161E-04
-0.95537581E-05    0.18596624E-04   -0.21307278E-05    0.21437083E-04    0.25035643E-04
 0.48903606E-05    0.15916171E-05    0.40492450E-05   -0.23570059E-05   -0.25627772E-05
 0.37830174E-05    0.20145862E-05    0.24012716E-05   -0.64907511E-05    0.13355699E-05
 0.82795160E-05    0.13788259E-05   -0.46220266E-06   -0.63356289E-05    0.12160777E-04
-0.60447663E-05    0.10717878E-04   -0.77188837E-05   -0.90812835E-05   -0.59725881E-04
 0.24985998E-04   -0.42742292E-03    0.22531932E-02   -0.49692851E-04   -0.16875590E-02
 0.17662759E-03   -0.17971789E-03   -0.41327400E-04    0.11920502E-03    0.30706259E-03
-0.22900024E-05   -0.51163428E-04   -0.11077531E-03    0.42867543E-04   -0.81907720E-03
 0.12220328E-02   -0.10452256E-02   -0.46426664E-03   -0.10465388E-04    0.21607807E-03
 0.24339133E-03   -0.21676656E-03    0.36480807E-04    0.98718969E-04   -0.79454408E-05
 0.10041458E-02   -0.12683455E-03    0.63644562E-03   -0.10521363E-03    0.58103055E-04
 0.11908229E-04    0.13951121E-03   -0.84863893E-04    0.10239019E-03   -0.62449992E-04
 0.27221345E-03    0.54802213E-04   -0.99370368E-04    0.27010043E-03   -0.10942332E-03
-0.30721836E-04    0.15252937E-04   -0.91458428E-05   -0.40239652E-03   -0.41351586E-03
 0.13526117E-03   -0.58045633E-04   -0.19858028E-03    0.27464859E-04   -0.12570754E-02
 0.20773010E-03   -0.10529147E-02    0.31317661E-03   -0.11169735E-03   -0.30140050E-04
-0.14724639E-03   -0.11061537E-04    0.17096232E-04    0.22622649E-03   -0.29937092E-03
 0.11590185E-03    0.20920985E-03   -0.37291453E-03   -0.49836653E-05    0.68430844E-04
-0.49645760E-04    0.30301203E-02    0.47843363E-03   -0.12276180E-03    0.17191286E-03
 0.73177180E-04    0.25628298E-03    0.18853563E-03   -0.50811976E-05    0.29604261E-02
 0.30913881E-03   -0.15219128E-02    0.42971718E-04    0.91210836E-03   -0.17620510E-03
 0.14840307E-03   -0.16670851E-04   -0.59178726E-05   -0.16403681E-03    0.14194728E-04
 0.36439181E-04   -0.37878048E-04   -0.15407225E-04   -0.13902956E-03    0.54770047E-05
-0.13791283E-02    0.29753897E-02   -0.12414732E-05   -0.12372220E-03   -0.99822769E-04
 0.14179157E-03    0.11374312E-04    0.73034247E-04   -0.26297675E-05    0.99081529E-04
 0.16491694E-02   -0.37620651E-03    0.99907928E-04   -0.62845675E-04   -0.88020748E-04
-0.21648134E-04   -0.11931669E-03   -0.70002777E-04    0.15953680E-03   -0.82664293E-04
 0.77695633E-04   -0.27346026E-04   -0.19663019E-03    0.15651101E-03   -0.24542194E-04
-0.21981181E-04   -0.55022242E-04    0.22238057E-03    0.22105169E-03   -0.86932772E-04
 0.53639664E-04   -0.51379213E-04   -0.56719986E-05   -0.73139236E-04   -0.18230398E-02
 0.70532970E-03   -0.75974153E-04    0.93888535E-04    0.97697187E-04    0.13986430E-04
 0.87708719E-04   -0.85274970E-05   -0.15917736E-03    0.11629298E-03   -0.13165438E-03
 0.13615196E-04    0.23196143E-03   -0.10218141E-03   -0.16809628E-05    0.42688132E-04
-0.17673142E-02   -0.26977488E-03    0.15809155E-03   -0.12975376E-03   -0.43673043E-04
-0.20531399E-03    0.18447588E-03    0.60300136E-05    0.57478020E-04    0.43161735E-02
 0.50196753E-03    0.27013859E-02    0.21679701E-04   -0.91728928E-03    0.15895479E-03
-0.10735242E-03    0.41193400E-03    0.16337390E-03    0.90353604E-05   -0.12794417E-04
-0.49470095E-04    0.10979354E-03    0.20358754E-03    0.10102567E-04   -0.39516717E-04
 0.98925687E-03   -0.27564217E-02    0.27561684E-04    0.33500822E-03   -0.53598198E-04
-0.26332286E-03   -0.36804362E-03   -0.17940284E-04   -0.11968586E-04    0.17975197E-03
-0.28156679E-03    0.20247706E-01   -0.71544762E-04    0.79533050E-04   -0.23255393E-04
 0.22345536E-03    0.15124957E-03    0.11823651E-03   -0.22582508E-03    0.10522822E-03
-0.40568877E-04   -0.14539889E-03    0.20153777E-04   -0.28510814E-03   -0.36962646E-04
 0.14945256E-04   -0.10367193E-03   -0.44819131E-03   -0.68885999E-04    0.25065239E-03
 0.46497105E-03   -0.52293336E-04    0.35248598E-04   -0.14340320E-03    0.47765000E-03
-0.99431520E-02    0.32154874E-03   -0.17742030E-03   -0.39211798E-05   -0.28787852E-03
 0.18572110E-04    0.16581367E-03    0.32055776E-03   -0.86980960E-04    0.89503904E-04
 0.22952192E-03   -0.30363428E-04    0.26757322E-03    0.18203302E-03   -0.35458142E-04
 0.14890077E-02    0.23750243E-03    0.18645316E-03   -0.10921897E-03   -0.85923282E-04
-0.86952234E-03   -0.16042091E-03   -0.86396602E-06    0.59397255E-03   -0.12514858E-03
 0.41761872E-01    0.21190356E-03    0.63594999E-03    0.68764142E-03   -0.24593152E-03
 0.77548070E-04   -0.57384101E-04   -0.16425508E-03    0.54600781E-04    0.60401827E-04
-0.14294517E-04   -0.62412277E-04    0.14938267E-04    0.64764112E-04    0.29216618E-04
-0.36021566E-03    0.39067575E-03   -0.15112523E-02   -0.20909510E-04    0.92584968E-04
-0.91358708E-04    0.10747079E-03    0.12647946E-03   -0.61462878E-04   -0.22284703E-04
-0.11299985E-03   -0.43513085E-04    0.14776292E-03    0.95927439E-03    0.17840161E-04
-0.18897818E-04    0.72995919E-04   -0.37693368E-05   -0.29136629E-04    0.11361699E-03
 0.81646021E-04    0.71608885E-04   -0.59803643E-04   -0.67608310E-04   -0.20020246E-04
-0.79379808E-04    0.73372981E-05   -0.27695174E-04   -0.13554267E-03    0.86675154E-04
-0.72133951E-04   -0.10085311E-03    0.99246667E-04    0.24161897E-04    0.15362789E-03
 0.92119049E-04   -0.42739091E-03   -0.13344162E-02    0.14430135E-04    0.40713540E-04
 0.55093171E-05   -0.57812638E-05    0.59400772E-04   -0.10560510E-03   -0.55191486E-04
-0.40246280E-04    0.77083020E-04    0.12483093E-03    0.35341146E-06    0.17087994E-03
-0.18149192E-04    0.66484145E-03   -0.24270700E-04    0.47902502E-04   -0.21581050E-03
 0.16869812E-03    0.29486844E-03   -0.13855319E-03   -0.50739121E-04   -0.51743552E-05
-0.85764376E-04    0.10222845E-03    0.32686662E-02    0.15730421E-04   -0.66732040E-04
 0.10648218E-03    0.32727477E-04   -0.17648091E-05    0.19750912E-04    0.18588567E-04
 0.19932133E-04   -0.26774115E-04    0.95548105E-05    0.33932817E-04    0.46080407E-05
 0.22780082E-04   -0.13608905E-03    0.22011607E-03   -0.56790586E-03    0.10880697E-02
-0.16743366E-04   -0.26478932E-04    0.37885195E-04   -0.31309441E-04   -0.23487057E-04
 0.10735347E-04   -0.41203991E-05    0.20693655E-04   -0.23840937E-04    0.70411305E-04
 0.10082544E-04    0.84194102E-04   -0.22211030E-04   -0.27486107E-04   -0.23086091E-04
 0.14994239E-04    0.16529944E-04    0.77091666E-05    0.10104350E-05   -0.65715080E-04
-0.34036243E-04    0.16057316E-04   -0.35530313E-05   -0.44063417E-05    0.12092251E-04
 0.32377334E-04   -0.48439399E-04    0.16423820E-04    0.19968561E-04   -0.76782408E-05
 0.45809615E-05   -0.52198504E-04    0.13669132E-04    0.29839764E-04    0.35631300E-04
-0.11872533E-03    0.21798798E-04    0.19312945E-04    0.25042654E-04   -0.71616881E-05
-0.16497386E-04    0.60215985E-06   -0.16518178E-05    0.68943169E-04    0.63676509E-04
-0.46313542E-04   -0.17783653E-04    0.62740252E-05   -0.18961759E-03   -0.40322755E-04
-0.14797205E-04    0.21830081E-04   -0.21982319E-04   -0.33660591E-04    0.52515935E-05
-0.27339255E-05   -0.40257656E-04    0.59459389E-04    0.73460026E-04   -0.64456710E-04
 0.27747360E-03   -0.67257776E-04   -0.18874257E-03   -0.60147584E-04    0.15526219E-03
-0.38458557E-06    0.19194612E-04   -0.16626167E-05   -0.97523277E-05   -0.29182103E-04
-0.12429377E-04   -0.15535926E-05   -0.19245071E-04   -0.30530140E-04    0.32488874E-04
 0.73765495E-04   -0.27703110E-03    0.60658893E-03   -0.45364057E-04   -0.35996332E-04
-0.25421248E-04    0.36896223E-04    0.19012266E-04    0.36321770E-05   -0.15622744E-05
-0.45519263E-04   -0.21499029E-04   -0.14440345E-03   -0.15255373E-04   -0.20206491E-04
 0.69272026E-04    0.95604431E-05    0.51051706E-07   -0.31027784E-04   -0.34553132E-05
-0.29940065E-04   -0.36189628E-05    0.54923292E-05   -0.21010296E-04    0.81862034E-04
-0.22357931E-05   -0.61998293E-05    0.61181164E-04    0.47328443E-04    0.33689205E-04
-0.42278145E-04   -0.24848767E-04   -0.11047209E-04   -0.31801460E-07    0.42168966E-04
 0.20299443E-04    0.17842593E-03    0.69398497E-04    0.20488097E-04   -0.10098167E-03
-0.32749775E-04    0.26871702E-05    0.16638375E-04   -0.87247035E-05   -0.45597599E-05
-0.35259354E-04   -0.50784028E-04    0.20732924E-04   -0.98250552E-04   -0.71289958E-05
 0.12220539E-04   -0.30579749E-03   -0.15252995E-03   -0.61841946E-04   -0.53242475E-04
 0.47352495E-04    0.17832680E-04    0.20927129E-04   -0.33349885E-05   -0.14430791E-03
 0.12369248E-04   -0.22561846E-03   -0.84107059E-04   -0.26168694E-04    0.23837400E-03
-0.14090730E-04    0.24432895E-03   -0.35348098E-03   -0.52749821E-04   -0.11597723E-04
-0.14293152E-04    0.63367938E-04    0.24414033E-04    0.88785352E-05   -0.27655561E-04
-0.26746979E-04   -0.34938201E-04   -0.11421104E-03   -0.14110284E-03    0.17170938E-03
-0.58083057E-03    0.50348224E-03   -0.61031883E-04    0.55723590E-04   -0.11647236E-03
-0.10950973E-03   -0.12381782E-03    0.24062094E-04   -0.34072195E-05   -0.16309220E-04
 0.66504875E-04    0.17793079E-03    0.27815125E-04   -0.18561839E-04    0.35046417E-04
 0.60196397E-03    0.36617058E-04   -0.28925249E-04    0.14701164E-03   -0.12152983E-04
-0.27405790E-04    0.17468556E-04   -0.56144476E-04   -0.18742591E-03   -0.31992417E-04
-0.21128215E-04    0.65348800E-04   -0.50385064E-04    0.15344913E-03    0.11585023E-03
 0.12534097E-03   -0.58008109E-04    0.40978217E-05    0.46144456E-04   -0.93869972E-04
-0.16454195E-03    0.86386363E-04    0.13078155E-04   -0.56932813E-04   -0.73382266E-03
-0.56067395E-04    0.74904435E-04   -0.10296143E-03    0.59808448E-04    0.10090863E-03
-0.16450272E-04    0.75898498E-04    0.24833196E-03    0.47979850E-04    0.20851476E-04
 0.15901483E-03   -0.62612225E-04   -0.28271716E-04   -0.93380884E-04   -0.22948176E-03
-0.27692218E-03    0.34418047E-04   -0.10091004E-04    0.10528578E-03    0.20010289E-03
-0.68362550E-04   -0.13921430E-04    0.15454026E-04    0.73326003E-04    0.14659009E-02
 0.65747227E-05    0.26495464E-03   -0.24161489E-03   -0.19071970E-03    0.26509229E-05
 0.10196167E-04    0.36388398E-04    0.74553077E-04    0.74451696E-04   -0.18208497E-04
 0.40332961E-04    0.11813359E-05    0.75167064E-04   -0.39947558E-03    0.43995180E-03
-0.10658661E-02    0.12429224E-02    0.94386479E-05    0.20535201E-04    0.62935449E-04
 0.53018074E-04    0.87725812E-04    0.24239326E-04   -0.21648112E-05   -0.79611397E-05
-0.16857191E-03    0.26330779E-03    0.41357229E-04   -0.27118605E-04   -0.11783440E-05
 0.55524244E-04    0.56370404E-03    0.36690480E-03    0.68378601E-05    0.12154570E-03
 0.83496730E-05   -0.23516365E-04    0.31502155E-04   -0.17413438E-03   -0.26718536E-04
 0.51527716E-05   -0.12409009E-04   -0.84629293E-04   -0.91108986E-04   -0.43861429E-04
-0.29205819E-04   -0.40882764E-05   -0.28066199E-05   -0.31970386E-04    0.13790539E-03
-0.11706131E-03    0.35331706E-04    0.26370482E-05    0.58881899E-05   -0.53795433E-04
-0.70337411E-03   -0.40974860E-03    0.91559247E-04   -0.11456525E-03   -0.27240582E-05
 0.33038139E-04   -0.91759539E-04    0.13922740E-03    0.94227010E-04   -0.67898873E-05
 0.48564945E-03    0.10013489E-03   -0.67249644E-04    0.10200793E-03   -0.25092494E-04
-0.12179824E-04    0.55376448E-04   -0.11431600E-04    0.26953305E-03    0.26498636E-05
 0.18131524E-03   -0.27732493E-05    0.43737534E-05   -0.29841192E-05    0.55049971E-04
 0.19274586E-02    0.12832075E-03   -0.11179441E-02   -0.15838488E-03    0.69299526E-03
-0.11387265E-03    0.10647168E-03    0.18693129E-05   -0.39585059E-04   -0.13419762E-03
 0.19823535E-04    0.31459026E-04   -0.55504032E-04   -0.11252231E-03   -0.16564802E-03
 0.35194883E-04   -0.97118857E-03    0.23677795E-02    0.17129729E-04   -0.20676385E-03
 0.40218339E-04    0.95911982E-04    0.79011832E-04   -0.31488433E-04    0.64901319E-05
 0.30277528E-04    0.77834265E-04   -0.20243766E-03   -0.15619094E-04   -0.20296497E-04
-0.48234678E-04   -0.12439746E-03    0.36038912E-03    0.60945028E-03    0.86235582E-04
-0.34677145E-06   -0.25227132E-04   -0.34535095E-04   -0.10302003E-03   -0.74586816E-06
 0.72013219E-05   -0.11147699E-04    0.22599608E-04    0.25293182E-03   -0.11666792E-06
-0.85154315E-04   -0.64160389E-04    0.54261554E-04   -0.81584247E-05    0.11110633E-03
-0.16277879E-03    0.57678225E-03    0.19182176E-04    0.31074770E-04    0.58778718E-04
 0.20157792E-03   -0.39743617E-03   -0.73852073E-03   -0.83262677E-04    0.13766668E-04
 0.22583985E-04    0.59868295E-04    0.13312964E-03   -0.13671992E-04   -0.30866843E-04
 0.28826374E-04   -0.16937082E-02   -0.23359597E-03   -0.54871505E-04   -0.23182400E-05
-0.10435448E-03   -0.16198647E-03    0.62218103E-05   -0.16003018E-05   -0.30966798E-03
 0.32167920E-03   -0.57610490E-05   -0.13037705E-03    0.66347175E-05    0.15287655E-04
-0.72515619E-05    0.80584471E-03    0.16691643E-02    0.30750608E-03   -0.11528999E-02
 0.11077725E-03    0.84552446E-03   -0.10418056E-03    0.78684962E-04   -0.54736426E-04
-0.91437749E-04   -0.16917138E-03    0.34216466E-04    0.20515069E-04   -0.67391551E-04
-0.34297861E-04   -0.66229122E-03    0.72394908E-03   -0.24647674E-02    0.49541817E-02
-0.72418835E-04   -0.13193320E-03   -0.28005888E-04    0.12745888E-05   -0.10150588E-03
 0.62798526E-05    0.20275387E-05    0.32021575E-04    0.21567652E-03   -0.36784241E-03
 0.16100880E-03   -0.15088712E-04   -0.47244452E-04    0.63378489E-04    0.60132503E-04
-0.13274259E-04    0.95909753E-03   -0.93717278E-04    0.62369958E-04    0.39592596E-04
-0.34553946E-04    0.39439199E-04    0.85823808E-05   -0.23928222E-04    0.13230091E-03
 0.21394345E-03    0.23250982E-04   -0.41657182E-04    0.51538441E-04    0.63996330E-06
-0.78700611E-06   -0.71739954E-05   -0.17393696E-03    0.63298852E-03   -0.26244958E-03
 0.44637263E-04    0.51271944E-04   -0.44667002E-05    0.36343554E-04    0.59327581E-04
-0.12549038E-02    0.71893043E-04   -0.10818893E-03   -0.34607021E-04    0.21019990E-04
-0.81440612E-04   -0.51651712E-04    0.43014925E-04   -0.15749447E-02   -0.45727432E-03
 0.41834258E-04    0.37587431E-05   -0.12677887E-03   -0.15158943E-03    0.91831465E-04
-0.83640326E-05   -0.22349210E-03    0.30843595E-03   -0.44421807E-03    0.32248985E-03
 0.29671266E-04    0.35545468E-04    0.30007630E-03    0.19141719E-04    0.29272943E-03
 0.26153880E-02    0.21324290E-03   -0.12281957E-02    0.32589805E-03    0.99605608E-03
-0.11365073E-03    0.10346332E-03   -0.10985245E-03   -0.38716808E-04   -0.16641748E-03
-0.84732402E-04    0.37952247E-04   -0.30028654E-04   -0.13841493E-03   -0.72015705E-05
-0.14532704E-04   -0.49977652E-03    0.24227873E-02    0.51369884E-04   -0.24892619E-03
 0.22318614E-04    0.11424268E-03    0.14609597E-03   -0.64487602E-04    0.71794201E-05
 0.48124403E-04    0.21178479E-03   -0.44989924E-03    0.33120802E-04   -0.27825942E-05
-0.53148855E-04   -0.13654266E-03    0.11190351E-03    0.79435068E-04    0.92461719E-04
 0.57001211E-03    0.21811141E-03   -0.14377933E-03   -0.17934260E-03    0.43953508E-04
 0.87734153E-05   -0.13632722E-04   -0.22440500E-04    0.38338594E-03   -0.47819658E-04
-0.14886518E-03   -0.15204069E-03    0.96402472E-04   -0.90096004E-05   -0.58093862E-04
-0.24684902E-03    0.63656460E-03   -0.12937924E-03    0.22005754E-04    0.63590933E-04
 0.24323440E-03   -0.83605697E-04   -0.74582022E-04   -0.24344821E-03   -0.75217114E-03
-0.29752783E-03    0.15297500E-03    0.20513361E-03   -0.14173923E-03   -0.29521868E-04
 0.33503730E-04   -0.23114379E-02   -0.22253248E-03    0.51236099E-04   -0.40416669E-04
-0.45953592E-04    0.72582471E-04   -0.11451667E-03    0.11967707E-04   -0.57805357E-03
 0.45247829E-03   -0.43093880E-03   -0.99938802E-04    0.46691097E-04    0.97275600E-04
 0.33290647E-04   -0.14881227E-05    0.41457660E-03    0.34634724E-03    0.21740736E-02
-0.28535794E-03    0.19340658E-03    0.30028707E-03   -0.17073623E-03    0.30545211E-04
-0.56214614E-04   -0.21674302E-03   -0.41063025E-04    0.38050599E-04   -0.37438707E-04
-0.57370557E-04   -0.67975785E-04   -0.17518674E-03   -0.99204615E-04    0.25873083E-03
-0.23625813E-03   -0.13477641E-03   -0.19069587E-04   -0.52445202E-04    0.41273952E-04
 0.22536493E-04   -0.53616299E-04   -0.38901787E-04   -0.24665720E-05    0.65483567E-04
 0.16361737E-04   -0.10659524E-03    0.94760824E-04    0.10482691E-04    0.47205913E-05
 0.12761809E-04    0.38668455E-04   -0.54554082E-05    0.37183776E-04    0.17844473E-03
 0.62962817E-03    0.27334468E-04    0.39347378E-04    0.42885022E-05   -0.26390364E-05
-0.36695245E-05    0.80918588E-05    0.45866830E-04   -0.26206829E-04   -0.28487780E-04
 0.76450236E-04   -0.30680269E-05    0.12371217E-06   -0.10739106E-04   -0.37001405E-04
-0.17644302E-04   -0.67442172E-05   -0.97661164E-05   -0.20478913E-04    0.17885986E-04
-0.52643266E-04    0.42877918E-04   -0.26544781E-04   -0.21612824E-03   -0.69157504E-03
-0.56404801E-04    0.30770790E-04   -0.58087753E-04    0.28767383E-04   -0.41814848E-06
 0.28000157E-03    0.30715455E-04   -0.10845386E-03    0.40972196E-04   -0.83215565E-04
-0.19511830E-03   -0.37782185E-04   -0.24266634E-05    0.21075197E-03    0.69281873E-04
 0.60461363E-04    0.10180562E-03   -0.10122354E-04    0.16581846E-04    0.40168085E-04
-0.26136332E-04   -0.28212158E-05    0.60055753E-04    0.41592322E-03    0.19796743E-02
 0.51727873E-03   -0.18575590E-02    0.53131911E-04    0.15474579E-02   -0.18462549E-03
 0.15087705E-03   -0.16768654E-04   -0.81193418E-04   -0.28110773E-03    0.17849348E-04
 0.26119654E-04   -0.45160620E-04   -0.13853976E-03    0.25920026E-03   -0.48922010E-03
-0.87872141E-03    0.31089249E-02    0.21291182E-04   -0.19238429E-03   -0.21785292E-03
 0.11978891E-03   -0.10431139E-03    0.10402493E-04    0.44235481E-05   -0.12948557E-03
 0.24307949E-03   -0.65640158E-03   -0.42375205E-04   -0.98387843E-04   -0.43162329E-04
-0.12689283E-03    0.61444956E-04   -0.63150242E-04    0.19918012E-03   -0.28930813E-03
 0.56797747E-04    0.11937524E-02    0.80901487E-05    0.19597584E-04   -0.78004150E-05
-0.21223161E-04    0.63571593E-04    0.32291392E-03    0.39882961E-03   -0.84020102E-04
 0.12625942E-03    0.48685484E-04   -0.10608436E-04    0.22782839E-03   -0.32331172E-03
 0.10099809E-02   -0.70459396E-04    0.12591874E-03    0.31698518E-04    0.15694226E-03
 0.21001150E-04    0.74167404E-04   -0.35543352E-03    0.25964185E-03   -0.16164216E-03
-0.11468405E-02    0.17308050E-04   -0.22644240E-04   -0.49651039E-05    0.48739994E-04
-0.29086782E-02   -0.37145587E-03    0.21239336E-03   -0.17122865E-03   -0.58376520E-04
-0.35132318E-03    0.10798910E-03   -0.89989467E-06   -0.77009363E-03    0.42338320E-03
-0.50728639E-03   -0.25499383E-03   -0.20954958E-05    0.98026279E-04   -0.50889219E-04
-0.24823772E-04    0.39517843E-03    0.48364740E-03    0.35686926E-03    0.15025376E-04
 0.37218643E-02    0.50499015E-03   -0.40212990E-03   -0.98780120E-04    0.68858004E-03
-0.88264623E-04    0.64838434E-04    0.16735058E-03    0.65044089E-04   -0.12638062E-03
-0.14274424E-04    0.22795563E-04   -0.45281757E-05   -0.63824329E-04   -0.17827833E-03
 0.10377822E-03   -0.70578516E-03    0.20503060E-02    0.51945738E-04   -0.45759430E-04
-0.43560957E-04    0.98236425E-06   -0.15733420E-05    0.19697593E-04    0.58300344E-05
-0.26610554E-04    0.53182871E-04   -0.24185795E-03   -0.13449078E-03   -0.32154172E-04
-0.13974983E-04   -0.12112368E-03    0.29569097E-04    0.32449230E-04    0.13154444E-03
-0.72432916E-04    0.28288792E-04    0.22752072E-03    0.49621758E-03   -0.17122677E-05
-0.50600614E-04   -0.19325931E-05   -0.40052660E-04    0.45072520E-04    0.15536919E-03
 0.93242008E-06   -0.50189350E-04   -0.10678606E-04   -0.61106503E-05    0.13016784E-05
-0.50067418E-04    0.26201145E-03    0.15334245E-03    0.59433076E-04    0.26211075E-04
 0.16382952E-03   -0.67593756E-04   -0.48750780E-04   -0.27818718E-03    0.10052308E-03
 0.55920034E-04   -0.23496247E-03   -0.57831295E-03    0.80143802E-04    0.17666225E-04
 0.55818701E-05   -0.13137875E-02   -0.88800299E-04    0.88772866E-04   -0.94851558E-05
 0.54917197E-04   -0.15271950E-03    0.46147296E-04    0.45425947E-05   -0.26021020E-03
 0.21904146E-03   -0.64323301E-03   -0.30183720E-03    0.11096091E-04    0.51637110E-04
-0.30229907E-03   -0.19240812E-04    0.23515034E-03    0.20290492E-03    0.22968249E-03
-0.60300319E-04    0.80321451E-03    0.18915148E-02   -0.58649480E-03    0.27657665E-03
 0.41122520E-03   -0.49941994E-03    0.85545268E-04   -0.64345730E-04   -0.17159568E-03
 0.14641913E-04    0.38588448E-04    0.14816164E-06   -0.19730289E-04   -0.50606930E-04
-0.16089948E-04   -0.63146948E-03    0.10672417E-02   -0.18005577E-02    0.19081682E-02
-0.15853385E-04    0.81870501E-04    0.40550647E-03    0.21998830E-04   -0.11138225E-03
 0.25554094E-04   -0.12588370E-04    0.46015537E-04    0.35453019E-04   -0.12962532E-03
 0.58957436E-04    0.17182681E-04    0.75107766E-04   -0.12064425E-03   -0.14434477E-03
-0.11621109E-03   -0.70658335E-04   -0.14153476E-04    0.26115874E-05   -0.15300385E-03
 0.52937445E-05    0.88799149E-03    0.25187164E-04    0.11458555E-04   -0.27957970E-04
-0.93922368E-04   -0.59266892E-03   -0.46077687E-05    0.15588735E-03   -0.25361877E-04
 0.78699480E-05   -0.15147610E-03   -0.84674053E-05    0.12103102E-03    0.13365300E-03
-0.50455534E-04   -0.11934885E-03    0.17245113E-03    0.11792407E-03    0.64729049E-04
 0.11811002E-03   -0.12117743E-03   -0.11801872E-03    0.84322040E-04    0.36170588E-04
-0.11226442E-02   -0.46345181E-04   -0.16305382E-04    0.94343439E-03   -0.33139378E-04
 0.21153906E-03    0.77252140E-03    0.19499013E-03    0.15718734E-05    0.77366564E-04
-0.26548796E-04    0.18340311E-03   -0.18519778E-03   -0.24469001E-03    0.16792408E-03
-0.17416664E-04    0.26277174E-03   -0.20759909E-03   -0.76103514E-04   -0.27878692E-03
-0.17985479E-03   -0.34299557E-03   -0.66678110E-04   -0.27513858E-03   -0.75070758E-04
 0.23910528E-02   -0.56329220E-04   -0.26441241E-03    0.54668921E-04    0.16770719E-03
 0.31740801E-05    0.11192632E-04   -0.11898337E-05   -0.36079005E-04   -0.26220970E-04
 0.59044321E-05    0.18803891E-04   -0.75563803E-05   -0.12362947E-04    0.49707620E-04
 0.67072468E-04   -0.10554391E-03    0.46814666E-03    0.12875800E-04   -0.39817462E-04
-0.10913601E-05    0.57394691E-04   -0.43041679E-05   -0.47568964E-05   -0.23539429E-06
-0.19049122E-04   -0.54965095E-05   -0.15468021E-03   -0.45410844E-04   -0.11842392E-04
-0.43318890E-05   -0.46300310E-04   -0.24050621E-04   -0.13433273E-04    0.22539200E-04
-0.23259303E-04    0.53252240E-05   -0.50222952E-05   -0.72351171E-04    0.40783625E-04
 0.58163548E-04   -0.68846249E-06   -0.17320375E-04    0.61046165E-04   -0.14136719E-04
-0.72346517E-04   -0.13890708E-04   -0.15059812E-04    0.42521216E-05   -0.20971308E-04
-0.15338285E-04    0.28101268E-03    0.10181994E-03   -0.30717892E-05    0.84778349E-05
 0.49831618E-04    0.88315965E-04    0.22638114E-04   -0.67878188E-04   -0.76684994E-05
-0.80768024E-05    0.37187381E-04    0.45594323E-04   -0.46162423E-04   -0.20193690E-03
 0.63980697E-05   -0.38410441E-03    0.66066043E-06    0.36796173E-04    0.12292597E-04
 0.56878861E-04   -0.36726054E-04    0.78458850E-06   -0.75913307E-05   -0.11702390E-03
 0.86280061E-04   -0.17978613E-03   -0.14708368E-03    0.15172657E-04    0.19583627E-04
-0.30859637E-04   -0.15168065E-03    0.48529511E-04    0.49773594E-04    0.11098190E-03
-0.32535033E-04    0.23592113E-04    0.55036716E-07    0.12767511E-04    0.50578969E-03
 0.15537410E-05    0.75851058E-04    0.11958030E-04   -0.24197476E-04    0.20702120E-05
-0.46389890E-05    0.26312099E-05    0.33555587E-05   -0.37885842E-06    0.54058353E-05
-0.25236442E-06    0.76254907E-05    0.79539119E-05   -0.71948359E-05    0.20528323E-05
-0.38643951E-05   -0.29488000E-04    0.54240499E-05    0.66677852E-05   -0.12685635E-05
-0.76251395E-05   -0.69240466E-05    0.42044660E-06    0.40313857E-06   -0.37247292E-05
-0.14146229E-04    0.13366102E-04    0.55088759E-05   -0.95219577E-06   -0.61013682E-05
-0.18527132E-04   -0.14258581E-05   -0.45180540E-05   -0.17499204E-04    0.26773992E-05
-0.49533763E-05   -0.22699800E-05    0.73455859E-05    0.91483336E-06    0.28292976E-06
 0.94092016E-05   -0.76423155E-05   -0.12860715E-04    0.20785557E-05    0.78439060E-05
 0.71128570E-05    0.74448566E-06   -0.63632624E-06   -0.36101761E-05    0.19621370E-04
-0.22275407E-04   -0.80507436E-05   -0.91135853E-07    0.70928681E-05    0.20367729E-04
 0.39654136E-05    0.89566587E-05    0.25417114E-04   -0.84895355E-07    0.53012266E-05
 0.88264789E-05   -0.12115550E-04   -0.52213111E-05    0.38459505E-05   -0.10873686E-04
 0.39525043E-04    0.17638694E-04   -0.10062494E-05   -0.63497966E-05    0.17752306E-05
 0.45775941E-05   -0.16767011E-06    0.15767347E-05    0.11363018E-04   -0.18860953E-04
 0.11484122E-04    0.52812003E-05   -0.63947854E-05   -0.14957180E-04   -0.58119597E-04
-0.62337938E-06   -0.42178904E-05   -0.30895195E-04   -0.24831908E-04   -0.15010699E-04
-0.80680047E-05    0.56786791E-05    0.16651158E-04   -0.27648636E-05    0.16257930E-04
 0.21363727E-02   -0.12894595E-01    0.80983430E-03    0.89876945E-02   -0.13426092E-02
 0.91932860E-03   -0.86857337E-03   -0.96361243E-03   -0.11458785E-02    0.55736378E-04
 0.43846323E-05   -0.50020390E-03   -0.19043992E-02    0.21372328E-02   -0.27776386E-02
-0.19160547E-02    0.13260892E-01    0.18614954E-03   -0.15108939E-02   -0.40009232E-03
 0.41779123E-03   -0.27057674E-03   -0.24107100E-03    0.38085629E-04   -0.54168566E-03
 0.18596299E-02   -0.38648039E-02    0.16982980E-03   -0.19603521E-03   -0.38377970E-03
-0.11817196E-02    0.36470532E-03   -0.12827627E-03    0.97531231E-03   -0.97377716E-03
 0.22410257E-03    0.25095887E-03   -0.13000357E-02    0.69780704E-03    0.71050756E-04
-0.12437178E-03    0.24305725E-03    0.22952158E-02    0.82479172E-03   -0.59419601E-03
 0.12555586E-03    0.51570844E-03   -0.86089690E-04    0.11462922E-02   -0.25305198E-02
 0.68035151E-02   -0.56022919E-03    0.39457008E-03    0.46452883E-03    0.15642817E-02
 0.13168237E-03    0.39474556E-04   -0.22648755E-02    0.88244413E-03   -0.41184463E-03
-0.48408310E-03    0.18800913E-02   -0.89653380E-03   -0.42484801E-03    0.29992488E-03
-0.17191539E-01   -0.23997112E-02    0.97509193E-03   -0.22844721E-03   -0.46614653E-03
-0.14548243E-02   -0.10027261E-04    0.67736192E-05   -0.47143995E-02    0.28129932E-02
-0.25600723E-02   -0.99376887E-03    0.20275716E-03    0.49263186E-03   -0.15543277E-03
-0.77570707E-03    0.27185032E-02    0.25948655E-02    0.37098194E-02   -0.24264635E-03
 0.46191913E-02    0.20397605E-02   -0.13883571E-02    0.59727930E-03   -0.58213647E-04
 0.35318003E-01   -0.14092734E-01    0.20655632E-01    0.44420019E-02   -0.22596823E-01
 0.27807757E-02   -0.23583087E-02   -0.71590233E-02   -0.16414122E-02    0.57953127E-02
-0.55180767E-03   -0.13095129E-02   -0.73345263E-03    0.13980123E-02   -0.49554353E-02
 0.71504316E-02    0.47531796E-02   -0.58449477E-01   -0.30706042E-03    0.21930615E-02
 0.11705288E-02   -0.87593930E-04   -0.99945002E-03    0.61996638E-03   -0.12751731E-03
 0.13994564E-02   -0.30614586E-02    0.56062430E-02   -0.36687145E-03    0.46729511E-03
 0.85541926E-03    0.20260182E-02   -0.38927764E-03    0.93115685E-03   -0.19066427E-02
 0.17661991E-02    0.10442813E-02    0.53649802E-05    0.23842838E-02   -0.72389869E-04
-0.80644314E-05    0.25084335E-03   -0.16232434E-03   -0.37251463E-02   -0.27374262E-02
-0.52419158E-03    0.11277878E-02   -0.12065208E-02    0.10938340E-03   -0.11054427E-02
 0.38372149E-02   -0.96338091E-02    0.73574815E-03   -0.98220677E-03   -0.95926031E-03
-0.19028159E-02    0.53027520E-03    0.99554292E-04    0.49009829E-02   -0.23165155E-02
 0.83494343E-05   -0.13182142E-03   -0.22902538E-02    0.28664948E-03   -0.30734826E-03
-0.56898564E-03    0.35381011E-01    0.47776364E-02   -0.25150148E-02    0.65175337E-04
 0.75048217E-03    0.22274907E-02    0.61905613E-04   -0.12437085E-03    0.10824324E-01
-0.60154016E-02    0.42747841E-02    0.29825991E-02   -0.63260214E-03   -0.11135208E-02
 0.16951353E-03    0.13949120E-02   -0.49808885E-02   -0.49018198E-02   -0.75796567E-02
 0.23064853E-02   -0.95492162E-02   -0.45889950E-02    0.34547558E-02   -0.10836076E-02
 0.15964131E-03   -0.53573351E-01    0.22341016E+00   -0.15772702E-02    0.13664125E-03
 0.24880928E-02   -0.15887325E-02    0.30360751E-04   -0.23505384E-03   -0.18871887E-02
-0.51073131E-03    0.16034711E-02   -0.17372672E-04   -0.76787200E-03   -0.78733937E-03
-0.18084815E-02    0.25606950E-03   -0.23539635E-03    0.48643130E-03   -0.10436354E-01
 0.28018298E-04   -0.29664379E-03    0.71266379E-04    0.29680517E-04   -0.56514551E-03
-0.19959658E-04   -0.81683430E-05    0.11546366E-03   -0.84652014E-04   -0.15881531E-03
 0.59070439E-05    0.48772272E-05   -0.49542514E-06    0.16902877E-03   -0.98244072E-05
 0.16680014E-03   -0.14788592E-03    0.32736174E-04    0.19598497E-03   -0.81525274E-04
-0.20683660E-04    0.13181470E-03    0.91518453E-04    0.40767983E-05    0.92625066E-04
 0.32084376E-03   -0.31951772E-03   -0.13340857E-03    0.78869385E-03   -0.43799346E-05
-0.20304794E-04    0.38071983E-03    0.10643658E-03   -0.18560841E-03    0.10855462E-03
-0.73033582E-04    0.47489897E-05    0.13739786E-04   -0.31902107E-04    0.68671964E-04
 0.30300371E-03   -0.69810899E-05    0.84508550E-04   -0.62214062E-04    0.32980452E-03
-0.28835756E-03   -0.18757012E-03    0.61148766E-06    0.74086223E-03    0.10740077E-04
-0.20186646E-03   -0.15919676E-03   -0.18279869E-03   -0.22588747E-03    0.56564809E-05
-0.15805199E-04    0.34312739E-03   -0.41325009E-03   -0.11595952E-04    0.68714108E-04
-0.10274205E-03    0.33275520E-04    0.31955442E-04    0.36645668E-04   -0.46241908E-04
-0.24630468E-03   -0.90789148E-04    0.33325979E-03   -0.19063063E-03   -0.27985544E-03
 0.15735315E-03   -0.28604220E-04    0.15129926E-04    0.40133034E-02    0.25074673E-01
 0.18734494E-01   -0.12038433E-03   -0.28966473E-02   -0.34033578E-03    0.16511053E-02
-0.17723366E-03    0.17679091E-03   -0.13475937E-03   -0.43556760E-03    0.40768710E-04
 0.66746067E-04   -0.99190628E-04   -0.28902618E-03   -0.54031278E-03    0.71313483E-03
-0.63213344E-03    0.92966670E-04    0.21023428E-03   -0.69038869E-03   -0.19022764E-03
-0.22137432E-03    0.18937922E-03    0.15155021E-04   -0.57566299E-04    0.31106417E-05
-0.13311153E-03    0.33884324E-03   -0.87553371E-03    0.57459866E-04   -0.75097836E-06
 0.93865509E-05   -0.14006901E-03   -0.23643673E-06    0.31267467E-04    0.24366625E-03
-0.33214415E-03    0.44203556E-04   -0.10517520E-03   -0.42236512E-03    0.22917881E-03
-0.13649211E-04   -0.37755870E-04    0.12811288E-02    0.23587163E-03    0.34051142E-03
-0.20190140E-03   -0.99827764E-04    0.10456105E-03   -0.19109779E-04    0.36099275E-03
-0.36680775E-03    0.19869396E-02   -0.21189187E-03    0.87717127E-04   -0.15656155E-03
 0.13135729E-03    0.62905183E-04   -0.17570707E-03   -0.68311500E-03    0.29445166E-03
-0.63383541E-04   -0.14075879E-03    0.55964977E-03   -0.42332325E-03   -0.11517004E-04
 0.94259458E-04   -0.32513029E-02   -0.19131353E-02    0.42560552E-03   -0.21312105E-03
-0.79162490E-05   -0.20724849E-03   -0.23505239E-04   -0.13455316E-04   -0.10468320E-02
 0.42571358E-03   -0.48497306E-03   -0.16404115E-04    0.61040428E-04    0.28448777E-03
 0.38523191E-04   -0.25171217E-03    0.48175610E-03    0.80734770E-03    0.52895254E-03
-0.11370195E-04    0.87735801E-03    0.17446560E-03    0.62831160E-04   -0.48497034E-05
-0.27940296E-04    0.74768270E-02   -0.85494370E-02    0.35840702E-02    0.62760127E-02
-0.79751264E-03   -0.16586036E-03    0.18197985E-02   -0.99932962E-03    0.12203931E-03
-0.88897144E-04   -0.96209766E-03   -0.10876680E-04    0.38762206E-03   -0.21203704E-04
-0.10263943E-03   -0.14255450E-03   -0.89761302E-04    0.61390929E-03   -0.84318005E-03
 0.79590833E-03   -0.51724199E-02    0.20554443E-03   -0.14605820E-02    0.18536576E-03
 0.34545088E-04   -0.24173806E-03   -0.11890266E-03    0.14274622E-04    0.11793230E-04
-0.37310034E-04   -0.35066076E-03   -0.77410485E-04    0.30380829E-04    0.18249354E-04
-0.59287738E-04   -0.36191965E-04    0.83065154E-04   -0.58404433E-04    0.15114289E-03
 0.13808906E-03   -0.12335013E-03   -0.99304976E-04   -0.12939760E-03    0.16122935E-04
-0.55429193E-05   -0.44763951E-03    0.23782185E-02   -0.35706137E-03   -0.77430875E-04
 0.38225616E-03    0.11382122E-03   -0.23621671E-04    0.25202301E-03   -0.70671635E-04
 0.58743675E-03    0.18175503E-03   -0.79711172E-04    0.10175240E-04    0.11702242E-03
 0.98203303E-04   -0.26026848E-04    0.25580587E-03   -0.25100135E-03   -0.27466523E-03
 0.20743937E-04    0.17390054E-03    0.31802176E-03   -0.80197605E-04    0.14558103E-04
 0.14528355E-02    0.36209317E-03   -0.24547626E-02    0.22038328E-04    0.10796415E-03
-0.14461296E-03   -0.13490441E-03    0.10740390E-04    0.38569962E-03   -0.34326796E-03
-0.35924779E-03   -0.38974751E-04    0.48623156E-04    0.94397677E-04    0.48634254E-04
 0.12438097E-03    0.12048246E-04   -0.11261654E-03   -0.56246879E-04    0.29169930E-03
-0.53578234E-03   -0.23868480E-03   -0.20738968E-03   -0.44758121E-04   -0.31460173E-05
-0.25425753E-02    0.10565168E-01    0.22854754E-02   -0.94201515E-03    0.75746690E-02
 0.13655755E-02   -0.72567695E-03    0.74631754E-03    0.12409146E-02   -0.19170127E-03
 0.79059355E-04    0.23040630E-05    0.10202352E-04    0.11268828E-03    0.54395741E-04
-0.12917442E-03   -0.50064151E-04   -0.41761023E-03    0.18353370E-02   -0.28802969E-02
 0.24578820E-02   -0.71388969E-02   -0.15191431E-03   -0.79129132E-04   -0.17262179E-02
-0.70115477E-04   -0.19594735E-03   -0.13295472E-04   -0.81350212E-05   -0.50019458E-03
 0.40717720E-03   -0.27190091E-03    0.13878626E-03   -0.13688666E-03    0.27664204E-04
 0.99177034E-04   -0.66606149E-04   -0.10940573E-03    0.12178828E-03   -0.30614362E-03
 0.29648896E-04    0.43041694E-03   -0.52880808E-04   -0.80821477E-03   -0.24308173E-04
-0.68951783E-05    0.24780099E-03    0.55566265E-04    0.28455855E-02   -0.15471536E-04
 0.25708826E-03    0.88315489E-04    0.61823595E-05    0.80756306E-03   -0.63097999E-03
 0.10391260E-02   -0.30616467E-03    0.16843239E-03   -0.89894510E-04   -0.17082887E-03
 0.49199979E-04    0.16584521E-03   -0.12998629E-03    0.53533889E-03    0.53734613E-04
-0.68728851E-03   -0.27330958E-04    0.11345170E-02    0.59957473E-04    0.92022618E-05
-0.15140659E-02   -0.40494683E-03    0.11005504E-03   -0.26831608E-02   -0.21204681E-03
-0.25178977E-03   -0.10519790E-03   -0.12813738E-04   -0.70753255E-03    0.54729770E-03
 0.52002892E-04    0.29197674E-03   -0.58347767E-04    0.12149359E-03    0.25753196E-03
-0.25890935E-03    0.21272765E-03    0.15490270E-03    0.20637087E-03   -0.72622368E-04
 0.69630187E-03    0.24548892E-03   -0.14022055E-02    0.11763303E-04    0.59265796E-05
 0.36458489E-02   -0.48858545E-02    0.23686188E-02    0.17953410E-02   -0.45179651E-03
 0.83836112E-02    0.26936997E-02   -0.16157428E-02   -0.10277712E-03    0.26023564E-02
-0.37789884E-03    0.20607594E-03    0.82709124E-03    0.35147635E-03   -0.55146610E-03
 0.21053483E-04    0.71071485E-04    0.17013190E-03   -0.51371849E-03    0.69080606E-03
-0.13975972E-02   -0.33257879E-03    0.51597811E-02    0.31659152E-04   -0.25483911E-03
-0.22340343E-03   -0.14949766E-02   -0.56390891E-03    0.24575672E-04    0.24735026E-04
 0.13912419E-03    0.28904824E-03   -0.50725605E-04   -0.16096212E-03    0.10826620E-04
-0.15437489E-03    0.42996195E-04   -0.79977975E-04   -0.22057013E-03    0.34752888E-03
-0.27437531E-03   -0.22114476E-03   -0.23222745E-03   -0.31599084E-03   -0.12028758E-03
-0.55867859E-04   -0.27409007E-04   -0.52945568E-04    0.39226364E-03    0.36172290E-03
 0.23028167E-02    0.84344619E-03    0.25844570E-04   -0.28953469E-04   -0.86949591E-04
-0.30706955E-03    0.44101189E-03    0.34567406E-04    0.51095292E-04    0.24135178E-03
-0.91414402E-04    0.22042606E-03    0.29742169E-03   -0.65837231E-03    0.44104332E-03
 0.11216971E-03    0.28301928E-03    0.35801666E-03   -0.29801359E-04    0.19273476E-03
 0.52407547E-04   -0.44457214E-02   -0.54299219E-03    0.40388275E-03   -0.15882618E-03
-0.25135099E-02   -0.14255478E-02    0.17624868E-03    0.28181363E-04   -0.13116190E-02
 0.86872513E-03   -0.17425290E-03   -0.47873110E-03    0.55308603E-04    0.37468947E-04
 0.40518777E-03   -0.17970736E-03    0.71653821E-03    0.81365908E-03    0.85640012E-03
-0.15847925E-03    0.11147174E-02    0.46430895E-03   -0.68449774E-03   -0.20421087E-05
-0.12752863E-04    0.76565695E-02   -0.26650582E-01   -0.12100451E-02    0.13235635E-02
-0.14191068E-02    0.14795296E-02    0.10312046E-01   -0.27219831E-03   -0.81389968E-03
 0.78843273E-03    0.87271927E-03    0.11578346E-03    0.54571609E-04   -0.15932560E-03
-0.51052723E-04   -0.41148008E-03    0.86615162E-04    0.15700545E-03    0.40299957E-04
 0.29849076E-03    0.28796622E-03   -0.64644026E-03    0.79884523E-04    0.92575897E-03
 0.95817432E-04   -0.24083952E-03   -0.16163125E-03   -0.61623756E-03   -0.19647310E-02
 0.94097237E-04   -0.51002076E-05    0.35283379E-04    0.24769048E-03    0.41859973E-03
-0.42976820E-04    0.47207949E-04   -0.10478659E-03    0.23785047E-03   -0.21105379E-03
-0.33304885E-03    0.26653216E-03   -0.50451528E-03    0.75866516E-04    0.38907715E-04
-0.15853448E-03    0.19574090E-03    0.38365841E-04    0.53693064E-05   -0.22567970E-03
 0.33546101E-03    0.23688845E-03    0.94218034E-03    0.31228598E-02   -0.52918186E-04
-0.74950389E-05   -0.68549230E-04   -0.18265253E-03   -0.19176386E-03    0.87290033E-04
-0.62307762E-04    0.16920490E-03   -0.22255033E-03    0.20294743E-03    0.28222040E-03
-0.19641086E-03    0.53776484E-03   -0.37181189E-03   -0.22922228E-03    0.20257308E-03
-0.14994108E-03   -0.11583954E-03   -0.28190269E-05   -0.10969166E-02    0.45175768E-07
-0.82843579E-04   -0.81539595E-04   -0.11065769E-02   -0.35028020E-02    0.20320696E-03
 0.62958585E-05   -0.28405798E-03    0.47089665E-03    0.15314379E-02   -0.26026042E-03
 0.34645188E-04   -0.73101552E-04    0.53584646E-03   -0.14465967E-03    0.87313511E-04
 0.20362150E-03   -0.29184415E-03    0.35991329E-03    0.35165269E-03    0.15661335E-03
-0.60172965E-05    0.40533618E-04   -0.37082306E-05    0.80234683E-03   -0.53632398E-02
-0.34345706E-02   -0.74056083E-03   -0.68985561E-04    0.14303848E-03    0.34281261E-02
 0.10422818E-01   -0.94115056E-04    0.46131422E-03    0.82035463E-03   -0.61409476E-03
 0.64248394E-04   -0.17640971E-04   -0.35189183E-03    0.51923344E-04    0.19461444E-03
-0.66815689E-05    0.57071988E-04   -0.35821768E-04    0.20598542E-05    0.71569906E-03
-0.14064810E-02    0.17488505E-02   -0.64949404E-02   -0.95630341E-05   -0.69793236E-04
 0.60838498E-04    0.93129353E-04    0.84086960E-04   -0.33237206E-03    0.39996145E-04
-0.16526796E-03   -0.28079411E-03    0.16942175E-03    0.16422577E-03   -0.37670302E-05
 0.15499164E-04   -0.30189778E-04    0.35790858E-04    0.93231664E-04   -0.11157414E-03
 0.17615145E-03    0.67901050E-04   -0.95552496E-04   -0.59087912E-04    0.59789573E-04
 0.14584991E-04    0.63990983E-05   -0.37114013E-04    0.83247323E-04   -0.67720379E-04
-0.16336781E-03   -0.48693170E-04    0.56503581E-03   -0.71512179E-04    0.38635926E-03
 0.33802480E-03   -0.16012826E-03   -0.29267995E-03   -0.52875879E-05    0.99459249E-05
 0.65379057E-04   -0.66149459E-04   -0.61874884E-04    0.22412677E-03   -0.14363216E-03
 0.23588257E-05    0.10054260E-03    0.16832298E-03   -0.76438855E-04    0.36241406E-05
-0.12121480E-04    0.89714734E-03    0.95008307E-04   -0.23149839E-03   -0.10421200E-03
 0.20335569E-03    0.26094277E-03   -0.63169375E-03    0.88299773E-04   -0.45123816E-04
-0.36233583E-03    0.35096103E-03    0.32163273E-03   -0.96823023E-05   -0.60336161E-04
-0.80786229E-04   -0.22193420E-05   -0.98081771E-04   -0.26347062E-03    0.54105004E-05
 0.12416955E-03   -0.36086470E-03   -0.20566571E-03   -0.21538257E-04   -0.37426644E-04
 0.30868825E-05   -0.14101375E-02    0.59988107E-02    0.77877896E-03   -0.14859658E-03
 0.67576091E-03    0.11980268E-03   -0.12502286E-02   -0.69063888E-03    0.21477535E-02
 0.40899259E-04    0.86740246E-04    0.22971674E-04    0.16811715E-05    0.89526419E-05
-0.12574131E-04    0.28195687E-04    0.84984500E-05   -0.14672570E-04   -0.51966158E-05
-0.11251406E-04   -0.29966851E-05    0.19908829E-04   -0.58125492E-04    0.88426919E-04
-0.84926972E-04    0.28798110E-03   -0.36527046E-05    0.22420743E-04   -0.17516737E-04
 0.28189173E-05   -0.40174114E-05    0.43769750E-04   -0.17190288E-04    0.13882472E-04
 0.60174800E-05   -0.43927176E-07    0.34835784E-04    0.78848786E-05    0.21319623E-05
 0.15287923E-04    0.32568931E-05    0.12987511E-05    0.25180920E-05   -0.89367850E-05
-0.18366626E-05    0.25327088E-05    0.43334964E-05    0.12157626E-04   -0.36362297E-07
-0.66927310E-06    0.61277760E-05   -0.32306166E-04    0.22317846E-04   -0.10311499E-04
-0.14320582E-04   -0.73364410E-04    0.27943139E-04   -0.39376005E-04   -0.69820476E-05
 0.68897262E-05   -0.37679878E-04   -0.11087989E-04   -0.66108272E-06   -0.13003230E-04
-0.76658145E-05   -0.49077177E-06   -0.15748478E-04    0.69547635E-05    0.35302457E-06
 0.10255532E-04   -0.20381685E-04   -0.61916744E-05   -0.41375139E-05    0.47389246E-06
 0.62444088E-05   -0.16026642E-04    0.25232124E-04   -0.13296700E-04    0.14428406E-04
 0.83011292E-05    0.91915674E-04   -0.37023503E-04    0.15527992E-04   -0.23306732E-04
 0.95467903E-05    0.76150417E-04    0.43765993E-05    0.38239137E-05    0.23161491E-04
 0.19718874E-04    0.10446549E-04    0.11963609E-04   -0.21496840E-04   -0.87334655E-05
-0.36550001E-05   -0.36544189E-05    0.28826605E-04    0.82457859E-05   -0.28678206E-05
-0.37513087E-04   -0.57822099E-04   -0.13321338E-03   -0.69062723E-05   -0.58571043E-04
 0.24198153E-04   -0.37430557E-04    0.33724702E-05   -0.27084876E-03    0.10654358E-03
 0.13682204E-02   -0.64358577E-02   -0.69032083E-03    0.47211999E-02   -0.57226307E-03
 0.52484509E-03    0.46370817E-03   -0.33582194E-03   -0.80279827E-03    0.10459530E-03
 0.11846754E-03    0.19987693E-03   -0.33628041E-03    0.20493141E-02   -0.33845045E-02
 0.15086574E-02    0.19944794E-02    0.27134064E-04   -0.61668679E-03   -0.63737701E-03
 0.51510652E-03    0.10485997E-03   -0.30048549E-03    0.31599309E-04   -0.23751359E-02
 0.45042163E-03   -0.19111681E-02    0.35527604E-03   -0.15096644E-03   -0.37201883E-04
-0.40547755E-03    0.21070066E-03   -0.25382236E-03    0.31484588E-03   -0.74093992E-03
-0.97667860E-04    0.34448283E-03   -0.66646136E-03    0.25099473E-03    0.37452437E-04
-0.44752812E-04    0.15628199E-03    0.11533786E-02    0.11344740E-02   -0.37914127E-03
-0.99359881E-04    0.61780242E-03   -0.62342364E-04    0.38559834E-02   -0.51422821E-03
 0.30196588E-02   -0.76438186E-03    0.32516061E-03    0.32867397E-05    0.40405956E-03
-0.46621359E-04   -0.11528869E-03   -0.89247578E-03    0.89669023E-03   -0.20883069E-03
-0.80616623E-03    0.94267832E-03   -0.10259265E-03   -0.13253531E-03    0.15248085E-03
-0.73425485E-02   -0.11483032E-02    0.36338470E-03   -0.33657261E-03   -0.12453758E-03
-0.53120101E-03   -0.33233045E-03    0.24296821E-04   -0.54584789E-02    0.42702574E-03
-0.12171334E-02   -0.14867399E-03    0.46624584E-04    0.32732628E-03   -0.10943133E-03
-0.54336498E-03    0.86920068E-03    0.69033033E-03    0.12857655E-02   -0.49491367E-03
 0.20218272E-02    0.70210490E-03   -0.46938184E-03    0.17008445E-03   -0.34599611E-04
 0.13137681E-01   -0.31508957E-01   -0.14796183E-02    0.29347782E-02   -0.11857714E-02
 0.20185504E-02    0.38092281E-02    0.49630340E-03    0.18815653E-03   -0.36434447E-04
 0.15265327E-01   -0.61085422E-03    0.36769798E-02   -0.32967141E-03   -0.15223990E-02
 0.52512019E-03   -0.26320405E-03    0.30642364E-03    0.15251141E-03    0.17192209E-03
-0.77097700E-04   -0.56564713E-04    0.26754619E-03    0.18984790E-03    0.16075158E-03
-0.26874078E-03    0.16206302E-02   -0.42176356E-02   -0.18157878E-04    0.28797260E-03
 0.33551246E-03   -0.23928942E-03    0.13800882E-03   -0.14730719E-03    0.54381926E-05
-0.19846348E-03   -0.40722291E-02    0.84462416E-03   -0.13167215E-03    0.11237502E-03
 0.12736026E-03   -0.10497443E-03    0.24115674E-03    0.35883601E-03   -0.33574924E-03
 0.21712173E-03   -0.22817957E-03   -0.88217491E-04    0.44779274E-03   -0.30397796E-03
 0.39056378E-04    0.59813758E-04    0.35213883E-05   -0.57393805E-03   -0.69035882E-03
 0.27958024E-03    0.62192085E-05    0.16580364E-03    0.27027654E-05    0.22571957E-03
 0.64364978E-02   -0.15396597E-02    0.17486979E-03   -0.17836930E-03   -0.13617529E-03
 0.18693599E-03   -0.27657394E-03   -0.29800262E-03    0.42499857E-03   -0.32945825E-03
 0.34255411E-03    0.28238371E-03   -0.62513936E-03    0.31569973E-03    0.51452417E-04
-0.10741878E-03    0.28793898E-02    0.45211211E-03   -0.27254387E-03    0.36141099E-03
 0.19385520E-03    0.46740707E-03   -0.20377244E-03   -0.24621217E-04    0.72026936E-05
-0.61579185E-02    0.43494043E-03    0.19512857E-03   -0.59320106E-04    0.17747657E-04
-0.46547377E-03    0.25571673E-03   -0.33236764E-03   -0.47430451E-03   -0.72544181E-03
-0.16161306E-03   -0.54436300E-03   -0.19083509E-03    0.22259043E-03   -0.11128034E-03
 0.30003719E-04   -0.61776319E-02    0.79167842E-02   -0.14433000E-02   -0.13984761E-02
 0.60139692E-03   -0.18620112E-02   -0.15622472E-02   -0.52053897E-03    0.50071515E-03
 0.10774756E-03   -0.18244800E-03    0.16738369E-01   -0.42916282E-02   -0.57484575E-02
 0.10758397E-02   -0.42823768E-03    0.17042142E-03    0.90030479E-04   -0.25363337E-02
-0.10524071E-02    0.45951256E-03   -0.77809756E-04    0.20382388E-03   -0.94364286E-03
-0.32700173E-03    0.72094213E-03    0.19614234E-03   -0.14003360E-02   -0.11693446E-03
-0.14184078E-03   -0.73097230E-03    0.52432178E-04    0.78688998E-03    0.32241696E-03
 0.17922082E-04   -0.23702591E-04   -0.38412852E-03    0.35784152E-03   -0.39271512E-01
-0.19340028E-03   -0.20233206E-03    0.20005225E-03   -0.35076623E-03   -0.45443084E-03
-0.40402679E-03    0.30415353E-03   -0.56204196E-03    0.14370914E-03    0.24320316E-03
-0.24130613E-04    0.91938841E-03    0.13764132E-03   -0.19968787E-04    0.49366912E-03
 0.11469022E-02    0.72600257E-04   -0.92715088E-03   -0.72378781E-03    0.39804165E-04
-0.28657312E-04    0.50762332E-03   -0.88752773E-03    0.73915646E-01    0.45747155E-03
 0.26117562E-03   -0.42330232E-03    0.49122429E-03    0.35130436E-03   -0.11275462E-03
-0.21359096E-04    0.30748930E-03   -0.43494092E-03   -0.72387028E-03   -0.23166232E-04
-0.10529051E-02   -0.70537197E-03    0.42642167E-04    0.66201092E-03   -0.31241545E-04
-0.60863818E-03    0.12511485E-03    0.43146054E-03    0.15173360E-02    0.25286511E-03
-0.13370799E-04    0.30841788E-03   -0.17078576E-03   -0.63673853E-01    0.97714345E-04
-0.93839615E-04    0.30887137E-03    0.11376181E-04   -0.22019908E-04   -0.51241142E-03
 0.47301992E-03   -0.10594114E-03    0.14267698E-03   -0.74368576E-04    0.52527720E-03
 0.90568893E-03    0.17181806E-03   -0.58273064E-05   -0.95536932E-03    0.16203803E-01
 0.97390553E-03    0.14220539E-03    0.25726090E-02   -0.40384568E-03   -0.29662022E-02
-0.34544292E-02   -0.12410165E-04    0.10583551E-04   -0.12044726E-02    0.23045933E-03
 0.16046826E+00   -0.13646043E-02   -0.12781909E-02   -0.22223626E-02    0.74631202E-04
-0.14475306E-03    0.52800820E-04    0.25851152E-03   -0.32824085E-03    0.37380899E-04
-0.73273760E-05   -0.38554019E-04   -0.22255493E-03   -0.63056065E-03   -0.74199155E-04
 0.76003827E-03   -0.95197284E-03    0.26422814E-02    0.70831527E-04   -0.32845899E-03
 0.14128223E-03   -0.11303791E-03   -0.72723327E-04    0.18575168E-03    0.30352861E-04
 0.33306078E-03    0.72662321E-04   -0.94269275E-03   -0.25437756E-02   -0.39699370E-04
 0.14356817E-03   -0.79106569E-04   -0.36245095E-04    0.13657316E-03   -0.46674217E-03
-0.24822284E-03   -0.14969284E-04    0.16870583E-03    0.77018605E-04   -0.71241313E-04
 0.17306373E-03    0.35695945E-05   -0.46864119E-04    0.40031042E-03   -0.25534561E-03
 0.17832444E-03    0.13665787E-03   -0.32645845E-03   -0.43792822E-04   -0.46074789E-03
-0.40552381E-04    0.18584796E-02    0.49670630E-02   -0.49916419E-04   -0.28462467E-03
-0.68254114E-04    0.18350146E-03   -0.80161948E-04    0.79219948E-03    0.23218910E-03
-0.11691338E-04   -0.36882746E-03   -0.25955131E-03    0.16868600E-03   -0.49708632E-03
 0.26592934E-04   -0.80709000E-03    0.91115731E-04   -0.78881619E-04    0.41809753E-03
-0.65402341E-04   -0.29092622E-03    0.22384272E-03    0.81140796E-04    0.10245156E-03
 0.83368133E-04   -0.38857489E-03   -0.52872418E-02    0.76746955E-04    0.17025308E-03
 0.48906393E-04   -0.38130802E-04    0.21079048E-03   -0.57925760E-03    0.12643001E-03
-0.51634637E-04    0.30457701E-03    0.52077836E-03   -0.81653281E-04    0.21966578E-03
-0.33170557E-05    0.20561383E-02   -0.12523954E-02    0.19666244E-02   -0.11182676E-04
 0.32651640E-03   -0.73105517E-03    0.59887001E-03    0.18345264E-03   -0.10104529E-02
-0.16856911E-03   -0.54998006E-03   -0.41907616E-03    0.40013565E-03    0.18755512E-01
-0.16408382E-03   -0.13693517E-03   -0.42371815E-03   -0.28131039E-04   -0.13891477E-04
-0.27044750E-04   -0.38262639E-04   -0.80751985E-04    0.10553646E-03   -0.32262341E-04
-0.87904647E-04   -0.11649811E-04   -0.11927012E-03    0.40597424E-03   -0.61151876E-03
 0.97193696E-03   -0.32468685E-02    0.30059362E-04    0.31002303E-04   -0.12482106E-03
 0.75409722E-04    0.36316391E-04   -0.14716285E-04    0.81729855E-05   -0.43403349E-04
 0.55546391E-04   -0.30382352E-03   -0.25649742E-04   -0.23055041E-03    0.53238767E-04
 0.67221778E-04    0.37406399E-04   -0.20898690E-04   -0.16693862E-04   -0.35371167E-04
 0.44194146E-04    0.16653288E-03    0.64432871E-04   -0.61309950E-04    0.13167177E-04
 0.97729812E-05   -0.68349874E-05   -0.59379750E-04    0.13177760E-03   -0.63052687E-04
-0.50862114E-04    0.10175778E-04   -0.12674457E-04    0.15735501E-03   -0.49444683E-04
 0.14208103E-03   -0.51101027E-04    0.38422372E-03   -0.74648320E-04   -0.84467618E-04
-0.10248415E-03   -0.51161361E-04    0.75608420E-05    0.22538628E-04   -0.57504877E-04
-0.18555967E-03   -0.10085149E-03    0.14226549E-03   -0.10686670E-06   -0.12592050E-04
 0.14513050E-03    0.46263025E-04    0.49172882E-04   -0.91201602E-04   -0.25878029E-04
-0.45909840E-05    0.80704719E-05    0.13269706E-05    0.33114782E-05   -0.69397199E-04
-0.16017001E-03    0.75870060E-04   -0.44328188E-03    0.44884103E-04   -0.12084300E-04
-0.98465447E-05   -0.16322016E-04   -0.64791730E-04   -0.75325116E-04    0.81756151E-05
 0.54705430E-04    0.21293129E-04    0.56903922E-06   -0.34012784E-04    0.10843891E-04
 0.41917957E-05    0.14149030E-02    0.10253599E-02    0.89474583E-04   -0.33739577E-04
 0.42049630E-03   -0.22283007E-04   -0.24298083E-03    0.22053742E-04   -0.11098546E-04
-0.19792413E-04    0.27485665E-04    0.32447500E-03   -0.12855054E-03    0.13407513E-02
 0.56726764E-04    0.86931463E-03    0.59860554E-03   -0.69968369E-03    0.42289136E-04
-0.70228243E-04   -0.18351286E-03    0.84465582E-04    0.18302179E-03   -0.96518652E-05
-0.47322529E-04    0.34052618E-04    0.16401097E-04   -0.16967865E-03   -0.17607449E-03
 0.49932824E-03   -0.28173651E-02    0.10268899E-03    0.84735232E-04    0.88472201E-04
-0.95495999E-04   -0.10285771E-03    0.85064570E-05   -0.61380700E-06    0.14465890E-03
-0.65364633E-04    0.51928734E-03    0.78513744E-04    0.63401123E-04   -0.15348061E-03
 0.86227661E-05    0.26963158E-04    0.12292475E-03   -0.34225053E-04    0.97973324E-04
-0.15579032E-04   -0.17177475E-04    0.84493771E-04   -0.20262662E-03    0.81743780E-05
 0.18435469E-04   -0.22416643E-03   -0.15534829E-03   -0.19748297E-03    0.15096055E-03
 0.18400976E-03    0.86584412E-06    0.43267426E-05   -0.19602183E-03    0.92075000E-04
-0.89030337E-03   -0.24958507E-03   -0.10046087E-03    0.35760969E-03    0.76052377E-04
-0.47315274E-05   -0.26761611E-04    0.96625378E-04   -0.16324017E-04    0.12064363E-03
 0.16924874E-03   -0.68686005E-04    0.36256113E-03    0.24481414E-04   -0.42262899E-04
 0.11017388E-02    0.34773623E-03    0.15954952E-04    0.65612150E-04   -0.98112348E-04
-0.14016447E-04   -0.33709560E-04    0.29342897E-05    0.44507470E-03   -0.91148406E-04
 0.52445713E-03    0.20420495E-03    0.20646115E-04   -0.38267110E-03   -0.63760835E-04
 0.51501779E-04   -0.89873171E-04   -0.14019792E-03   -0.24853951E-03    0.27052239E-04
-0.34800817E-03   -0.17692381E-03   -0.36646152E-03   -0.34453259E-04    0.23300106E-04
-0.17179263E-02    0.61512342E-02    0.86824821E-03   -0.84202425E-03    0.62361456E-04
-0.34120837E-03   -0.37416007E-03    0.42430613E-04    0.27677806E-03   -0.17359661E-04
-0.13025706E-02   -0.37499685E-04   -0.10328452E-02   -0.52760736E-03   -0.85982562E-04
 0.12631300E-02   -0.13528087E-03   -0.16806016E-03    0.92734884E-03   -0.19781441E-03
 0.10852897E-03    0.36844531E-04   -0.19961696E-03   -0.47854216E-04   -0.74533545E-04
 0.14649572E-04    0.58666819E-05    0.11399782E-03    0.38619870E-03    0.18818424E-03
-0.28482499E-03    0.61076316E-03   -0.17131111E-02    0.14223123E-03   -0.56743765E-04
 0.20412513E-03    0.27969574E-03    0.39186399E-03   -0.66012671E-04    0.11619910E-04
 0.85701349E-04   -0.38220838E-03   -0.27956503E-03   -0.80409885E-05    0.53915964E-04
-0.60988070E-04   -0.15289276E-02    0.12898136E-04    0.95509272E-04   -0.34628389E-03
 0.16584616E-03    0.11257038E-03    0.35558341E-04    0.23995437E-03    0.40550914E-03
 0.15591354E-04    0.62857890E-04   -0.19718979E-03    0.74445886E-04   -0.32349029E-03
-0.33744516E-03   -0.35766866E-03    0.90556660E-04   -0.62349087E-05   -0.19630654E-03
 0.51756874E-03    0.23732761E-03   -0.20113306E-03   -0.64498125E-04    0.14266007E-03
 0.22416381E-02    0.42286508E-06   -0.25884950E-03    0.40551502E-03   -0.28171804E-03
-0.22415252E-03   -0.20226887E-04   -0.28229599E-03   -0.64264305E-03   -0.51277938E-04
-0.75915255E-04    0.42953870E-03    0.20350651E-03   -0.89401838E-05    0.27766374E-03
 0.43706009E-03    0.59947927E-03   -0.71640052E-04    0.21483420E-04    0.10898255E-03
-0.56820085E-03    0.14714453E-03    0.11573965E-03   -0.31140969E-04   -0.11318922E-03
-0.23579516E-02    0.58305085E-04    0.38753764E-04   -0.57280033E-03   -0.91693343E-04
-0.22388046E-05   -0.74278557E-04    0.46900496E-03    0.53536890E-03    0.31816253E-04
 0.88887036E-04   -0.97831012E-03    0.21611126E-02   -0.14198952E-02   -0.70005429E-03
-0.12171103E-03   -0.75518687E-03   -0.14535475E-02   -0.13358867E-02    0.30101257E-03
-0.62275358E-04   -0.48639428E-03    0.18202333E-02   -0.42256429E-03   -0.40832420E-03
-0.44802912E-05    0.26646209E-03    0.72495902E-02    0.82663109E-03   -0.17298610E-02
-0.76206441E-03    0.19058753E-02   -0.16161947E-03    0.16844551E-03    0.86729690E-03
-0.98313338E-05   -0.10821582E-02    0.22237437E-04    0.20598468E-03    0.41117349E-03
 0.71149005E-03    0.67197360E-03   -0.98620616E-03    0.99915509E-03    0.37208102E-02
-0.78594806E-04   -0.72530445E-04   -0.38057174E-04   -0.65740669E-04    0.60268876E-04
 0.15009626E-04    0.11378666E-04   -0.59160801E-04    0.50900457E-03   -0.88198524E-03
-0.15603823E-03    0.63570003E-05    0.21004327E-04   -0.21178295E-03   -0.14889059E-02
-0.10797569E-02    0.25035944E-03   -0.37371348E-03   -0.11032053E-03   -0.50995394E-04
-0.19155153E-03    0.49934209E-03    0.87558673E-06   -0.23916034E-04    0.61869039E-04
 0.26093250E-03    0.20561873E-03    0.30304416E-03   -0.25570759E-03   -0.23270723E-04
-0.16598783E-06   -0.15007614E-03   -0.59734651E-03    0.13487466E-02    0.93893925E-04
 0.54800004E-04   -0.29310929E-05    0.11037039E-03    0.24468231E-02    0.14051891E-02
-0.61591093E-03    0.28413951E-03   -0.17177787E-03    0.70466223E-04    0.80493713E-04
-0.41994463E-03   -0.10256418E-03    0.42557284E-04   -0.23663176E-02   -0.37488136E-03
 0.29473185E-03   -0.22641652E-04    0.58060792E-04   -0.12606991E-03   -0.35136053E-04
 0.32268955E-04   -0.97211128E-03    0.62050214E-03   -0.36232744E-03   -0.23122377E-03
 0.71237463E-04    0.31370429E-04   -0.34204932E-04   -0.30501997E-02   -0.11736441E-02
 0.47576455E-03    0.26127359E-03   -0.20822822E-03    0.46444231E-03    0.24499319E-03
 0.27027019E-04    0.26133921E-03   -0.20729614E-04    0.19284306E-02   -0.22070988E-01
-0.97108634E-02   -0.52333824E-03   -0.16484416E-02   -0.41428147E-03    0.19721860E-02
 0.22073386E-02   -0.71579036E-03    0.11251229E-04    0.27042069E-02   -0.85107391E-03
-0.55921016E-03   -0.39132420E-03   -0.47978578E-03   -0.73535177E-03    0.29279520E-03
 0.14463325E-01   -0.91618110E-03    0.38512407E-02    0.15715320E-02   -0.27626643E-02
 0.30617199E-03   -0.40378931E-03   -0.75803142E-03    0.60139215E-04    0.73512924E-03
-0.38587523E-04   -0.30066587E-03   -0.44224145E-04    0.25029210E-03   -0.87724263E-04
 0.17179964E-03    0.17272095E-02   -0.95780758E-02   -0.33756892E-04    0.37364374E-03
 0.68118595E-04   -0.25178024E-03   -0.41956837E-03    0.13985620E-03   -0.16181112E-04
 0.64526702E-05   -0.15324827E-03    0.66016788E-03   -0.63800342E-04    0.56561287E-04
 0.21397513E-03    0.48452523E-03   -0.10255012E-02   -0.14792435E-02   -0.16145810E-03
 0.95379177E-04    0.10228860E-03   -0.15341837E-04    0.38281355E-03    0.19507101E-03
-0.24721724E-04    0.37276592E-04   -0.95003544E-04   -0.55682883E-03   -0.29387722E-03
 0.27561537E-03    0.45477310E-03   -0.22346682E-03    0.14993854E-04   -0.30631867E-03
 0.30133992E-03   -0.16946731E-02    0.13835938E-03   -0.16996111E-03   -0.20095210E-03
-0.62679658E-03    0.14234521E-02    0.24502386E-02    0.28615213E-03   -0.10042408E-03
-0.70263061E-04   -0.19212467E-04   -0.37838939E-03   -0.24159643E-03    0.10635597E-03
-0.96721828E-04    0.49742984E-02    0.66617643E-03   -0.10036347E-03    0.30277905E-04
 0.10197939E-03    0.25167735E-03    0.31013513E-04    0.22741207E-06    0.12173613E-02
-0.83444862E-03    0.19926508E-03    0.35743134E-03   -0.78827592E-04   -0.76165377E-04
 0.15593471E-03   -0.12634351E-02   -0.30291618E-02   -0.70765906E-03   -0.11879439E-02
 0.18060320E-03   -0.13180337E-02   -0.77143531E-03    0.74921252E-03   -0.15554133E-03
 0.13829665E-04   -0.80546733E-02    0.23825457E-01    0.35066685E-02   -0.11031990E-02
 0.63749946E-03   -0.33950324E-03   -0.26309716E-02   -0.61391671E-03    0.50162341E-03
-0.54046568E-04   -0.37354898E-02    0.29182312E-03    0.25015565E-02   -0.89860164E-04
 0.19956660E-03    0.56838076E-03   -0.51949276E-03    0.16027830E-02    0.10004165E-01
-0.79552576E-03    0.16579061E-02   -0.13801605E-04   -0.11106887E-02    0.22209204E-03
-0.76407240E-04    0.32610989E-04    0.79439872E-04    0.47130859E-03   -0.78595262E-05
-0.11015080E-03    0.12748297E-03   -0.34122898E-03    0.18011446E-02   -0.27197315E-02
 0.38736273E-02   -0.12738297E-01    0.95038513E-04    0.75396387E-04    0.11417787E-03
 0.68042617E-04    0.11409999E-03   -0.51220154E-04   -0.11409565E-06   -0.41213478E-04
-0.36281780E-03    0.37521606E-03   -0.51488065E-03    0.18343597E-04    0.67818752E-04
-0.16015660E-03    0.11648571E-04    0.16574989E-03   -0.22492968E-02    0.50609466E-04
-0.14893492E-03   -0.25381643E-04   -0.86159465E-04   -0.76537945E-04   -0.57309115E-05
 0.47647627E-04   -0.24941170E-03   -0.14871111E-03   -0.41410312E-04    0.85269392E-04
 0.10938225E-03    0.49758120E-04   -0.72847665E-05    0.15270649E-04    0.31343613E-03
-0.74628100E-03    0.10251235E-02   -0.84717158E-04   -0.90724204E-04    0.14420647E-03
-0.20324195E-03   -0.34534790E-03    0.35699140E-02   -0.55289124E-04    0.35723926E-03
 0.12373356E-03    0.29500357E-03    0.21612082E-03    0.60711444E-04   -0.71939727E-04
 0.14780475E-02    0.52580509E-03   -0.30336256E-04   -0.29824578E-04    0.22760618E-03
 0.91644512E-04   -0.14451102E-03    0.11695759E-04   -0.13138452E-04   -0.31544976E-03
 0.68542047E-03   -0.63995489E-03   -0.74851482E-04    0.14391197E-04   -0.47880896E-03
 0.16139962E-03   -0.19088505E-03   -0.41334429E-02   -0.34763566E-03   -0.17686617E-03
-0.45072713E-03   -0.27379450E-03    0.25686806E-03   -0.71236622E-04    0.47039351E-04
-0.26583824E-02    0.51951599E-02    0.37304026E-02   -0.61630682E-03    0.39837754E-03
 0.44611303E-03   -0.89244892E-03   -0.11816904E-02    0.57876682E-03   -0.54177235E-04
-0.44049665E-03    0.27117220E-03   -0.20555092E-02    0.25113998E-02    0.32099331E-03
 0.16315975E-03    0.11058528E-02   -0.26592859E-02    0.86426034E-03    0.12468364E-01
-0.15515410E-02    0.48094298E-02    0.27392541E-03   -0.42850733E-02    0.54137109E-03
-0.47016824E-03   -0.56823957E-03    0.24501890E-05    0.95961932E-03    0.13136910E-03
-0.14955597E-03   -0.32005155E-04    0.63096185E-03   -0.41867089E-03    0.45770469E-03
 0.16504836E-02   -0.12191098E-01   -0.16610380E-03    0.67261440E-03    0.12369563E-04
-0.22467923E-03   -0.50679016E-03    0.22015610E-03   -0.28688907E-04   -0.28320095E-04
-0.71011601E-03    0.12670275E-02   -0.15694689E-03    0.55153185E-04    0.19688732E-03
 0.60961381E-03   -0.31032708E-03   -0.11336281E-03   -0.44121391E-03   -0.11824713E-02
-0.37740926E-03    0.42686712E-03    0.58780118E-03   -0.11543126E-03   -0.46156334E-04
 0.55886719E-04    0.31002116E-04   -0.11268810E-02   -0.14543273E-03    0.22440799E-03
 0.61545682E-03   -0.34290941E-03    0.39754049E-04    0.13261442E-03    0.83178392E-03
-0.18664965E-02    0.32494255E-03   -0.15843788E-03   -0.20848132E-03   -0.78150239E-03
 0.14960132E-03    0.20949010E-03    0.10421792E-02    0.20115045E-02    0.79763929E-03
-0.49901327E-03   -0.63800629E-03    0.28610428E-03    0.11834746E-03   -0.13292538E-03
 0.78731778E-02    0.88247522E-03   -0.29389213E-03   -0.85770817E-04    0.66748606E-04
 0.66018811E-04    0.16970512E-03   -0.34559425E-04    0.20128834E-02   -0.14654126E-02
 0.12265211E-02    0.59678034E-03   -0.15870647E-03   -0.26984469E-03    0.28407607E-04
 0.10302121E-03   -0.13224679E-02   -0.11887007E-02   -0.42579103E-02   -0.36292723E-03
-0.17155426E-02   -0.93549003E-03    0.91204502E-03   -0.29876863E-03    0.58411496E-04
-0.13735078E-01    0.38578001E-01    0.27334910E-02   -0.20313351E-02    0.10737305E-02
-0.65125075E-03   -0.46639164E-02    0.23304686E-03    0.68921874E-03    0.29863718E-04
-0.57832222E-02    0.23619471E-02    0.27061920E-02   -0.65916847E-03    0.36245685E-03
 0.11962261E-02    0.32877104E-03   -0.27496309E-02    0.51839540E-02    0.13748833E-02
 0.14871460E-01    0.66088765E-03    0.56311810E-03   -0.13244059E-02    0.14876822E-03
-0.16867145E-04   -0.51048490E-05    0.65328860E-03    0.12036034E-03   -0.10860691E-03
 0.50143313E-04    0.14341810E-03    0.15063974E-03    0.64212411E-03    0.99632809E-04
-0.36909809E-03    0.45959605E-03    0.54359230E-04    0.27317058E-04    0.16079006E-03
 0.23050597E-04   -0.11597002E-03    0.12562929E-03    0.57832922E-04    0.11313551E-04
-0.97903245E-04   -0.22678773E-03    0.38030985E-03   -0.95659801E-04    0.31954076E-04
-0.46040934E-04    0.73100469E-04   -0.83415021E-05    0.19975540E-04   -0.11231626E-03
-0.40996354E-03   -0.15483030E-02   -0.88673611E-04    0.17027592E-03   -0.15839614E-03
-0.38927373E-04    0.11753527E-04   -0.37840183E-04   -0.30416904E-03    0.12330257E-04
 0.89140884E-04   -0.30578554E-03   -0.23853894E-04   -0.20568483E-05   -0.39622751E-04
 0.30400883E-03   -0.33097853E-03   -0.67860104E-04   -0.74670171E-04    0.86319738E-04
-0.16632585E-03   -0.41474424E-04   -0.12306576E-03    0.27146164E-03    0.68026731E-03
 0.25462589E-02    0.12361349E-03   -0.39498637E-03    0.23328830E-03    0.13188302E-03
-0.23321308E-04    0.65503831E-04    0.35871280E-04    0.19754382E-03   -0.55480545E-04
 0.90308208E-04    0.46924070E-03    0.55452431E-04   -0.17614103E-06   -0.26167892E-03
-0.20286750E-03    0.93003216E-04   -0.82418828E-04   -0.82704607E-05   -0.44817489E-04
 0.16352955E-04    0.83858149E-04    0.31330552E-04   -0.21140324E-03   -0.73796011E-03
-0.30573030E-02   -0.14894279E-03    0.82927024E-04    0.17696442E-04    0.71135411E-05
 0.30098250E-04   -0.10781248E-02   -0.37902201E-02   -0.21592844E-02   -0.44032326E-03
-0.60366522E-03   -0.90043449E-04    0.19003058E-03   -0.78896970E-03   -0.30240607E-03
 0.43238257E-05    0.56839316E-03    0.69956848E-03    0.32606084E-03   -0.22857737E-03
-0.16266720E-03    0.12083210E-03   -0.41459252E-04    0.75011221E-03   -0.62395721E-03
 0.40149946E-03    0.17536104E-02    0.93276618E-02   -0.15861612E-02    0.62130446E-02
 0.88814631E-03   -0.50452222E-02    0.66623579E-03   -0.44886455E-03   -0.45432628E-03
 0.30695284E-03    0.96955653E-03   -0.16496626E-03   -0.19850139E-03    0.35399901E-03
 0.58501845E-03   -0.93199289E-03    0.12543805E-02    0.15760535E-02   -0.10979657E-01
-0.49368138E-04    0.56318418E-03    0.63647375E-03   -0.37035576E-03    0.19105872E-04
 0.14607084E-04   -0.16769115E-04    0.48541823E-03   -0.92525716E-03    0.22045465E-02
 0.52925846E-04    0.24712751E-03    0.13658932E-03    0.52211589E-03   -0.26785317E-03
 0.16948953E-03   -0.49540935E-03    0.88190140E-03   -0.10682563E-03   -0.27485836E-02
 0.13258232E-03   -0.64362109E-04    0.19637901E-04    0.58256603E-04   -0.30667881E-03
-0.96072675E-03   -0.12580834E-02    0.33455877E-03   -0.11126014E-03   -0.13248086E-03
 0.28010939E-04   -0.82585384E-03    0.13514766E-02   -0.34460489E-02    0.69768655E-04
-0.37681088E-03   -0.60698594E-04   -0.59502454E-03    0.72003589E-04   -0.88247827E-04
 0.12355030E-02   -0.99228053E-03    0.30736517E-03    0.39094651E-02   -0.57210793E-05
 0.17736383E-03   -0.28585841E-05   -0.16841321E-03    0.81394159E-02    0.11090816E-02
-0.58863717E-03    0.33476953E-03    0.48282074E-04    0.66271933E-03   -0.10203260E-03
-0.16576012E-04    0.24473075E-02   -0.10777479E-02    0.14463536E-02    0.63608074E-03
 0.70698271E-05   -0.33216539E-03    0.95310561E-04    0.21335202E-03   -0.11492296E-02
-0.12492131E-02   -0.12577842E-02    0.18927762E-03   -0.64835454E-02   -0.17577742E-02
 0.72847776E-03   -0.11675883E-03    0.37405432E-04   -0.14847527E-01    0.36319809E-01
 0.14736705E-02   -0.28711991E-02    0.23456175E-02   -0.22670799E-02   -0.43187269E-02
-0.75931059E-03    0.10946280E-02    0.31842662E-04   -0.73296752E-02    0.23987282E-02
 0.83736941E-03   -0.86404643E-03   -0.99226267E-04    0.13291942E-02    0.16313201E-03
-0.23529266E-02    0.45697260E-02    0.14072237E-02    0.57979311E-02    0.10449831E-03
 0.19615869E-01   -0.15885760E-02    0.12982332E-02    0.11072937E-02   -0.22365362E-02
 0.23104647E-03   -0.15584649E-03   -0.84327343E-03   -0.97964728E-04    0.44572052E-03
 0.49977681E-05   -0.94616456E-04    0.12203504E-03    0.29874193E-03    0.21166402E-03
-0.40829782E-03    0.14143985E-02   -0.75553125E-02   -0.12781184E-03   -0.28698443E-05
 0.21078995E-03   -0.58885840E-05   -0.10358776E-03   -0.58268075E-04   -0.10194181E-04
 0.13081335E-03   -0.11670256E-03    0.68083175E-03    0.10371379E-03    0.10273562E-03
 0.80852490E-04    0.40389913E-03   -0.13229325E-03    0.43976299E-04   -0.34630760E-03
 0.24457572E-03    0.17952357E-03   -0.54729114E-03   -0.11469526E-02    0.15244081E-03
 0.13821714E-03    0.45588870E-07    0.88784346E-04   -0.53791006E-04   -0.52528464E-03
 0.20491847E-04    0.17263827E-03    0.50516510E-04    0.74877792E-05    0.25698426E-04
 0.13313621E-03   -0.11611614E-02   -0.17085303E-03   -0.14887406E-03   -0.10743749E-03
-0.48596546E-03    0.14391875E-03    0.60591134E-04    0.90713804E-03   -0.34962322E-03
-0.41802014E-03    0.73610724E-03    0.19804165E-02   -0.28795288E-03   -0.11997580E-03
-0.15410776E-04    0.36108769E-02    0.28176542E-03   -0.28799201E-03    0.74335988E-04
-0.28425837E-04    0.22340273E-03   -0.89820780E-04   -0.14442640E-04    0.84744185E-03
-0.48229472E-03    0.12457884E-02    0.61897893E-03   -0.13372483E-04   -0.13975253E-03
 0.56393245E-03    0.26224976E-04   -0.68942861E-03   -0.55351469E-03   -0.72402974E-03
 0.19192714E-03   -0.17425696E-02   -0.30877277E-02    0.39945859E-03   -0.51375055E-04
-0.84197284E-05   -0.64421345E-02    0.18432714E-01    0.12738026E-02   -0.64727334E-03
 0.11066044E-02   -0.93806124E-03   -0.20881636E-02   -0.35615000E-03    0.76835636E-03
 0.59093435E-06   -0.23815616E-02    0.25699754E-03   -0.14402665E-02   -0.11357504E-02
-0.66287086E-04    0.59097567E-03   -0.12048208E-02   -0.12069888E-02    0.26256548E-02
 0.12153955E-02    0.33837570E-02   -0.55412895E-03    0.57512883E-02    0.93649564E-02
 0.27788291E-02   -0.32259643E-02   -0.19880925E-02    0.39200608E-02   -0.54564190E-03
 0.43791552E-03    0.14022530E-02    0.20835123E-03   -0.86738053E-03    0.13117438E-03
 0.11949274E-03    0.21790067E-03   -0.52713293E-03    0.20758780E-02   -0.37525445E-02
 0.19744746E-02    0.14593704E-02    0.14516252E-03   -0.53181542E-03   -0.98555581E-03
-0.92679496E-04    0.28209551E-03   -0.54790245E-04    0.42858549E-04   -0.20161222E-03
 0.42462517E-03   -0.45935209E-03   -0.15161361E-03   -0.11475922E-03   -0.30678567E-03
 0.13356698E-04    0.42460501E-03    0.25130510E-03    0.30042558E-03   -0.31471251E-03
-0.20089216E-03    0.30257870E-03   -0.27721426E-03   -0.22603255E-02   -0.14602136E-04
-0.49449776E-04   -0.13810563E-03    0.81645031E-03    0.17218805E-02    0.14382030E-03
-0.30997866E-03    0.14286281E-03   -0.32602814E-04    0.35969575E-03   -0.40883600E-03
 0.77139328E-03   -0.80399784E-04    0.24707749E-03    0.52974686E-03   -0.28765789E-03
-0.39393014E-03   -0.28283219E-03   -0.71630894E-03    0.57851416E-03    0.25803051E-03
-0.17200068E-03    0.14122332E-03    0.34847218E-02    0.10276593E-03    0.94626786E-04
-0.61325535E-02   -0.52903001E-03   -0.17024218E-04   -0.12967797E-02   -0.39014062E-03
-0.34647077E-03   -0.13130045E-03    0.49611233E-04   -0.16450087E-02    0.11192053E-02
-0.90976752E-04   -0.55481868E-03    0.97135657E-04   -0.24679081E-03    0.53278940E-03
-0.89893052E-04    0.11569473E-02    0.98741541E-03    0.15229399E-02   -0.19017871E-03
 0.17111486E-02    0.83305236E-03   -0.41927321E-02    0.20209136E-03   -0.44292988E-04
 0.99928500E-02   -0.35415417E-01   -0.35764836E-02    0.67556784E-03   -0.30351726E-03
 0.43320286E-02    0.53184034E-02    0.12648611E-02   -0.84822050E-03   -0.54159924E-04
 0.49237108E-02   -0.14669783E-02   -0.46572346E-02    0.61861104E-03   -0.23645369E-03
 0.42070253E-03   -0.18970963E-02    0.26597924E-02   -0.48555877E-02   -0.14635257E-02
-0.69848579E-02    0.58545410E-03   -0.59654722E-02   -0.34057611E-02    0.16514105E-01
-0.11664045E-03    0.23036020E-02   -0.30570003E-04   -0.15913569E-02    0.14631469E-03
-0.15901059E-03   -0.98589323E-04    0.10010933E-03    0.21674216E-03   -0.27750356E-04
-0.57103379E-04    0.11787962E-03    0.36679753E-03   -0.49208865E-03    0.27728203E-03
 0.47316975E-03   -0.32841832E-02   -0.72811480E-04    0.25473747E-03    0.57599430E-04
-0.16680957E-03    0.75290103E-04    0.67138150E-04   -0.53317873E-05    0.97533098E-04
-0.18648257E-03    0.89693500E-03    0.81583586E-04    0.63541799E-04    0.65338573E-04
 0.16474030E-03   -0.81440855E-06    0.31267590E-04   -0.17655275E-03    0.14156731E-03
-0.26230154E-04    0.53151283E-04    0.37154187E-03   -0.69310130E-04   -0.24338460E-03
 0.18552192E-04    0.51048603E-04   -0.44601780E-03   -0.11439740E-03    0.17960456E-03
-0.11899010E-03   -0.60588167E-04   -0.10797471E-05   -0.10770602E-03    0.29507179E-03
-0.16602263E-02   -0.31630326E-03   -0.72832518E-04   -0.44670386E-04   -0.16721137E-03
-0.14466565E-03    0.66809312E-04    0.42094399E-03   -0.37185459E-04    0.19294198E-03
-0.54681646E-04   -0.33898795E-03    0.10674382E-03    0.69146447E-03   -0.56498620E-04
 0.29229103E-02    0.30716818E-03   -0.16214435E-03    0.35902749E-05   -0.46985503E-04
 0.23446007E-03   -0.60395652E-06    0.13958167E-05    0.79928831E-03   -0.44360608E-03
 0.58674277E-03    0.42774576E-03   -0.73780860E-04   -0.94600735E-04    0.43008439E-04
 0.28940069E-03   -0.41512584E-03   -0.40492778E-03   -0.65884321E-03    0.15275449E-03
-0.61291171E-03   -0.25929473E-03    0.26623638E-03   -0.84651217E-03    0.14648278E-04
-0.52577962E-02    0.12852317E-01   -0.72249516E-03   -0.93108605E-03    0.43515480E-03
-0.66409113E-03   -0.14490179E-02   -0.82864857E-04    0.34571129E-03   -0.41634160E-05
-0.21482702E-02    0.86796149E-03    0.14603670E-03   -0.13395719E-02    0.18740973E-04
 0.33229104E-03    0.20547616E-03   -0.75992630E-03    0.15532938E-02    0.61161276E-04
 0.26949321E-02    0.14848615E-03    0.22353726E-02    0.10784944E-02   -0.23589688E-02
 0.33298492E-02    0.75112095E-04   -0.43723641E-03   -0.20210509E-04    0.22704708E-03
-0.33882663E-04    0.36155486E-04    0.43289268E-05   -0.15429161E-04   -0.25605588E-04
-0.33969612E-05    0.23135449E-05   -0.30929733E-04   -0.59156549E-04    0.59084317E-04
-0.78684050E-04   -0.22625152E-04    0.35743221E-03   -0.11687597E-04   -0.52030919E-04
-0.23207941E-06    0.21691429E-04    0.12538997E-04   -0.55103694E-05    0.10411432E-06
-0.24977538E-05    0.74493142E-04   -0.10495045E-03    0.16615316E-05   -0.16693884E-05
 0.55232051E-05    0.31080806E-04    0.41756183E-06    0.16671072E-06    0.60058147E-04
-0.27704035E-04    0.27014452E-06   -0.63339463E-05   -0.57860433E-04    0.15763571E-04
 0.12557679E-05   -0.23216077E-04    0.27902238E-04    0.81642113E-04    0.89533989E-05
-0.21998756E-04   -0.16661841E-04    0.12998625E-04   -0.56768096E-06    0.44074539E-04
-0.99655593E-04    0.16876210E-03    0.80693219E-05    0.55498559E-05   -0.12988445E-04
-0.37171701E-04   -0.29667221E-06   -0.14733317E-04   -0.10157889E-03    0.21117543E-04
-0.19864176E-04   -0.37244634E-04    0.70560059E-04   -0.10562486E-04   -0.11251486E-04
 0.34067270E-04   -0.37538747E-03   -0.73833419E-04    0.95744159E-05    0.87203127E-05
 0.28449772E-06   -0.26860399E-04   -0.24365851E-05   -0.16131929E-05   -0.11869533E-03
 0.81085721E-04   -0.72955343E-04   -0.34814101E-04    0.15061021E-04    0.31639863E-04
 0.82252306E-04   -0.22974476E-04    0.45735222E-04    0.92491766E-04    0.10522605E-03
 0.10017862E-04    0.10223672E-03    0.21922269E-04   -0.45482640E-04    0.13242870E-04
-0.24816893E-04    0.66132487E-03   -0.17541360E-02    0.28920337E-04    0.21309339E-03
-0.21959555E-04    0.46014172E-04    0.22491136E-03    0.46314338E-04   -0.35939674E-04
 0.22273846E-05    0.34744334E-03   -0.19176352E-03   -0.19638214E-04    0.73950304E-04
-0.36536743E-04   -0.10992091E-03   -0.32150156E-03    0.10669861E-03   -0.18080921E-03
-0.11877534E-03   -0.39524428E-03   -0.65004993E-04   -0.36668365E-03   -0.80388615E-04
 0.33096674E-03   -0.13635238E-03    0.91466393E-04   -0.11171542E-02    0.49450053E-02
 0.18399660E-03   -0.37593785E-02    0.49144328E-03   -0.42646880E-03   -0.14025126E-03
 0.19225309E-03    0.50825579E-03   -0.43916990E-04   -0.13507595E-03   -0.22993150E-04
 0.15760405E-03   -0.10506409E-02    0.11316893E-02    0.59430881E-03   -0.55411554E-02
-0.38413841E-04    0.57507803E-03    0.18039469E-03   -0.25200431E-03   -0.72303582E-04
 0.11801302E-03   -0.24121464E-04    0.29500392E-03   -0.69465214E-03    0.15553235E-02
-0.10977700E-03    0.11479356E-03    0.15530543E-03    0.48513166E-03   -0.99739648E-04
 0.97718951E-04   -0.38955204E-03    0.49029649E-03    0.33940562E-04   -0.10435549E-03
 0.47096470E-03   -0.12896533E-03   -0.25880716E-04    0.49272150E-04   -0.11544828E-03
-0.84688413E-03   -0.47610055E-03    0.20019704E-03    0.44284444E-05   -0.19864624E-03
 0.30318451E-04   -0.47638890E-03    0.92775060E-03   -0.26160667E-02    0.18277983E-03
-0.18785066E-03   -0.14159241E-03   -0.55212228E-03    0.80062616E-04    0.90844349E-04
 0.84684181E-03   -0.44681079E-03    0.16922625E-03    0.28332959E-03   -0.58040989E-03
 0.22349174E-03    0.11401740E-03   -0.11357908E-03    0.52631133E-02    0.71024124E-03
-0.28238386E-03    0.91039117E-04    0.87297366E-04    0.46853982E-03    0.82738844E-05
-0.10589993E-04    0.15687409E-02   -0.90606137E-03    0.88274729E-03    0.36987214E-03
-0.83833676E-04   -0.14263423E-03    0.70047287E-04    0.20631575E-03   -0.81367776E-03
-0.77419097E-03   -0.10721016E-02    0.17707331E-03   -0.15097807E-02   -0.65142641E-03
 0.44945776E-03   -0.16705850E-03    0.25197606E-04   -0.92995201E-02    0.21788899E-01
 0.13627983E-02   -0.16904842E-02    0.92706622E-03   -0.95222561E-03   -0.26231532E-02
-0.75040015E-03    0.53781879E-03    0.81707876E-05   -0.44089003E-02    0.15675541E-02
 0.25246724E-03   -0.32569956E-03    0.13789257E-03    0.66057125E-03    0.12273724E-03
-0.17958402E-02    0.29716019E-02    0.94775426E-03    0.44082154E-02   -0.12492598E-03
 0.49379518E-02    0.21440025E-02   -0.37385953E-02    0.15798882E-02   -0.23161930E-03
 0.38444874E-02    0.17211814E-02   -0.54185292E-02   -0.30705736E-03    0.42496229E-02
-0.60927392E-03    0.47215243E-03    0.39421372E-03   -0.14626612E-03   -0.59208182E-03
 0.69451528E-04    0.16938431E-03    0.47028315E-04   -0.12013280E-03    0.10673985E-02
-0.14619526E-02   -0.59446195E-03    0.66755442E-02    0.15901962E-04   -0.61485080E-03
-0.25368948E-03    0.22941386E-03    0.63083028E-04   -0.12787075E-03    0.24301594E-04
-0.34983529E-03    0.73441104E-03   -0.16940203E-02    0.74182132E-04   -0.11271292E-03
-0.15533227E-03   -0.49485649E-03    0.14215579E-03   -0.80720622E-04    0.42685946E-03
-0.49335958E-03   -0.46821317E-04    0.10170050E-03   -0.50289338E-03    0.16986380E-03
 0.11845381E-04   -0.57316737E-04    0.14168818E-03    0.94138561E-03    0.56859987E-03
-0.15534275E-03   -0.44063968E-04    0.25256198E-03   -0.33706079E-04    0.54696492E-03
-0.98510516E-03    0.28429028E-02   -0.19844894E-03    0.21571244E-03    0.17193012E-03
 0.59337683E-03   -0.11038234E-03   -0.75492247E-04   -0.10292105E-02    0.52693034E-03
-0.12740874E-03   -0.25249585E-03    0.60827755E-03   -0.22616595E-03   -0.87701234E-04
 0.13086776E-03   -0.59206181E-02   -0.80939914E-03    0.32981164E-03   -0.96651012E-04
-0.10472718E-03   -0.46665819E-03   -0.21275589E-04    0.14741652E-04   -0.17872980E-02
 0.10091824E-02   -0.10154505E-02   -0.38665823E-03    0.94896855E-04    0.15627421E-03
-0.83945480E-04   -0.24887926E-03    0.88328744E-03    0.86249985E-03    0.12157832E-02
-0.25258927E-03    0.16387337E-02    0.74112648E-03   -0.55149923E-03    0.19387195E-03
-0.29775619E-04    0.10280818E-01   -0.26971867E-01   -0.19243126E-02    0.19036553E-02
-0.11366298E-02    0.10695543E-02    0.32047495E-02    0.78398814E-03   -0.64156764E-03
-0.78861244E-05    0.51019070E-02   -0.17107062E-02   -0.65012977E-03    0.23378962E-03
-0.16575170E-03   -0.77620833E-03   -0.16989161E-03    0.23463551E-02   -0.34204403E-02
-0.10650986E-02   -0.52107616E-02    0.27103949E-03   -0.56237273E-02   -0.25453353E-02
 0.45308071E-02   -0.18506259E-02    0.27335862E-03   -0.42078269E-02    0.49517322E-02
-0.38407231E-02    0.35067157E-02   -0.24942546E-03   -0.43005622E-02    0.59484190E-03
-0.44500261E-03   -0.12038934E-02   -0.43816637E-03    0.64891343E-03   -0.69412166E-04
-0.18508300E-03   -0.10595067E-03    0.42483163E-04   -0.11102353E-02    0.18658546E-02
 0.48700797E-03   -0.74391497E-02   -0.12412092E-04    0.45497223E-03    0.36647925E-03
 0.91994601E-04   -0.99949073E-04    0.15325188E-03   -0.25629041E-04    0.34292004E-03
-0.53858390E-03    0.10108831E-02   -0.10395541E-03    0.87449967E-04    0.17578835E-03
 0.38035950E-03   -0.16902251E-03    0.13305953E-03   -0.43271255E-03    0.41219497E-03
 0.16554652E-03   -0.79918002E-04    0.33405983E-03    0.33210408E-04    0.12144074E-04
 0.51981492E-04   -0.67470895E-04   -0.72762119E-03   -0.66938230E-03   -0.99511364E-04
 0.16030865E-03   -0.32172306E-03    0.31946041E-04   -0.38962587E-03    0.62275317E-03
-0.16189642E-02    0.34933871E-03   -0.18235715E-03   -0.25388310E-03   -0.47005397E-03
 0.28264604E-03   -0.12720607E-03    0.11133021E-02   -0.65475458E-03   -0.16552716E-03
 0.14841462E-04   -0.46165963E-03    0.10164257E-03   -0.12511917E-03   -0.10843915E-03
 0.57798614E-02    0.77507170E-03   -0.38761183E-03    0.15028350E-03    0.21621571E-03
 0.40061434E-03    0.42626609E-04   -0.14540865E-04    0.17644522E-02   -0.96759048E-03
 0.64122445E-03    0.35212723E-03   -0.11262115E-03   -0.14203541E-03    0.61481811E-04
 0.25344756E-03   -0.82688694E-03   -0.80275276E-03   -0.11788103E-02    0.33053658E-03
-0.16110791E-02   -0.86722760E-03    0.65282545E-03   -0.15917172E-03    0.25249186E-04
-0.94892342E-02    0.32458858E-01    0.28124727E-02   -0.16663413E-02    0.14258753E-02
-0.12630745E-02   -0.40647012E-02   -0.80954149E-03    0.72558234E-03   -0.11513450E-04
-0.51727062E-02    0.13299042E-02    0.25291665E-02    0.11752881E-03    0.22050047E-03
 0.80027846E-03    0.27377428E-03   -0.27900823E-02    0.36538038E-02    0.88840977E-03
 0.55996605E-02   -0.51374721E-03    0.57380032E-02    0.30382670E-02   -0.53922423E-02
 0.18692947E-02   -0.27833064E-03    0.41223668E-02   -0.51397419E-02    0.64453622E-02
 0.48491961E-03   -0.15657700E-02    0.80955508E-04    0.12775999E-02   -0.18793052E-03
 0.14257971E-03    0.98355650E-04    0.29381201E-05   -0.29839943E-03    0.39101616E-04
 0.55333489E-04    0.10825894E-04   -0.73365246E-04    0.35526150E-03   -0.43697960E-03
-0.30254232E-03    0.27412509E-02    0.29737521E-04   -0.20577831E-03   -0.45399884E-04
 0.41446348E-04   -0.17407893E-04   -0.38164051E-04    0.63626675E-05   -0.10665618E-03
 0.21513447E-03   -0.46609179E-03    0.22278957E-04   -0.29118121E-04   -0.50635171E-04
-0.13963837E-03    0.69028180E-05   -0.44706220E-04    0.11199036E-03   -0.94099606E-04
-0.13531781E-04   -0.15371981E-04   -0.19271010E-03    0.47555530E-04    0.21295946E-04
-0.17508352E-04    0.61868930E-05    0.32928456E-03    0.12541578E-03   -0.11012827E-04
 0.33701502E-04    0.72969753E-04   -0.77594510E-05    0.12600107E-03   -0.30884895E-03
 0.78310218E-03   -0.39237822E-04    0.43574491E-04    0.53607938E-04    0.14355519E-03
 0.35160443E-04    0.65617671E-05   -0.26919994E-03    0.11001120E-03   -0.10493045E-03
-0.36408503E-04    0.21352902E-03   -0.74569484E-04   -0.40548514E-04    0.39550391E-04
-0.23452655E-02   -0.32217109E-03    0.13435206E-03   -0.42461801E-05   -0.52501740E-04
-0.20566908E-03    0.54485310E-05    0.57106370E-05   -0.70232516E-03    0.37071976E-03
-0.33199442E-03   -0.19095972E-03    0.39996540E-04    0.78299964E-04   -0.18196135E-04
-0.93245801E-04    0.33968506E-03    0.31833847E-03    0.50702240E-03   -0.10361598E-03
 0.63289984E-03    0.25984420E-03   -0.19703492E-03    0.77819167E-04   -0.11022817E-04
 0.34720231E-02   -0.11152588E-01   -0.47331604E-03    0.69522213E-03   -0.40669048E-03
 0.36024297E-03    0.13596524E-02    0.24077799E-03   -0.29594181E-03   -0.71980313E-05
 0.18456423E-02   -0.57006357E-03   -0.57857597E-03    0.21366242E-03   -0.42078105E-04
-0.31460221E-03   -0.17581788E-03    0.77173027E-03   -0.12086393E-02   -0.17917866E-03
-0.20535221E-02    0.10205015E-03   -0.20447932E-02   -0.90358297E-03    0.17726538E-02
-0.79501375E-03    0.10822956E-03   -0.12679984E-02    0.15152275E-02   -0.16455989E-02
 0.74652641E-03    0.12991866E-03    0.24916294E-03   -0.22771704E-03   -0.29507296E-04
 0.22070648E-04    0.25690830E-05    0.17214832E-03    0.68058242E-04   -0.17694335E-03
-0.36314601E-04    0.37426094E-04    0.94443361E-04    0.22787094E-03   -0.10098832E-03
 0.10363156E-03   -0.22044161E-04    0.94233981E-03   -0.67924042E-05    0.71284072E-04
 0.10952793E-04   -0.12042640E-04    0.77922518E-04    0.33638620E-05   -0.15413266E-06
 0.67364403E-05   -0.24833919E-04    0.91116501E-04   -0.17439329E-04    0.44888830E-05
 0.11036633E-04    0.17553716E-04   -0.19887478E-05   -0.14588051E-04   -0.10498571E-04
 0.36732121E-04   -0.39434284E-05    0.12542864E-04    0.36048346E-04   -0.70616734E-05
-0.10391173E-04    0.19178891E-05   -0.18509437E-04   -0.80301009E-04   -0.19461929E-05
 0.15334274E-04   -0.11990187E-03   -0.44410004E-05    0.36971452E-05   -0.67087682E-04
 0.15343459E-04   -0.11327798E-03   -0.38759189E-05   -0.85832062E-05   -0.48538047E-05
-0.22743829E-04    0.17252670E-04    0.95408711E-05    0.48644922E-05   -0.27933919E-04
-0.12850642E-04    0.80049267E-05   -0.77914792E-04    0.33157146E-04    0.24504952E-04
-0.60771089E-05    0.30911295E-03    0.46976300E-04   -0.19890878E-05    0.13538831E-04
 0.22383364E-04    0.39942394E-04    0.93490496E-05    0.68375600E-06    0.76567227E-04
 0.22925269E-04    0.60411536E-04    0.27404124E-04    0.37087368E-05   -0.18111781E-04
-0.23017462E-05    0.17146233E-04   -0.40369393E-04   -0.14677360E-04   -0.59811410E-04
 0.15305725E-04   -0.61547292E-04   -0.16694457E-05    0.10589203E-04   -0.15606106E-04
-0.20013374E-05   -0.10752763E-02   -0.13515139E-02   -0.22757822E-02   -0.54809670E-03
-0.21462135E-03   -0.38914916E-03   -0.59226862E-04    0.39161234E-03   -0.58893265E-04
 0.20012010E-04   -0.11694280E-03    0.22271797E-03   -0.11800149E-03   -0.27988592E-03
-0.12432860E-03   -0.48291030E-04    0.19706948E-03    0.11185091E-02   -0.23818782E-03
-0.46244998E-03   -0.43402322E-04    0.20338166E-03    0.13948584E-03   -0.96004151E-05
 0.11956723E-03    0.22614690E-03   -0.18826988E-04    0.49745351E-04   -0.16531853E-04
-0.68418548E-04   -0.34199826E-04    0.39486358E-03
