 0.20300486E-02    0.63514747E-04    0.45320147E-03    0.37811009E-05    0.16816390E-04
 0.48914984E-03    0.14555821E-03    0.57316671E-04    0.97952319E-04    0.12605593E-02
 0.34500388E-03    0.23813656E-04    0.85815915E-04    0.29861315E-03    0.14805316E-02
-0.18167506E-04    0.20505929E-04   -0.32601255E-04   -0.14823427E-04   -0.45329152E-04
 0.11429787E-02    0.50482820E-04    0.30593972E-04    0.10291945E-04    0.37058311E-04
 0.16697560E-04   -0.40709829E-05    0.61431782E-03    0.12757748E-04    0.35399405E-05
 0.59556538E-04    0.33567524E-04    0.59295522E-04   -0.84460084E-04    0.10896323E-03
 0.78166409E-03    0.33280636E-04    0.11073461E-04    0.77220373E-04    0.19849567E-03
 0.11171218E-03    0.10372908E-03    0.22347755E-04    0.55234386E-04    0.14989392E-02
 0.18298043E-03    0.98676986E-05    0.12600308E-03    0.14729421E-03    0.23666576E-03
 0.52657040E-03    0.45199169E-04    0.16789237E-03    0.47522501E-03    0.33866482E-02
 0.11462144E-03   -0.14930607E-03   -0.31132641E-04   -0.26473529E-04    0.18177009E-04
 0.24257723E-04   -0.17997065E-05    0.61026441E-04   -0.88757357E-04   -0.20886795E-03
 0.11803495E-01   -0.95525934E-04    0.47567967E-04   -0.31245307E-04    0.24523774E-03
-0.36523006E-03   -0.14224421E-03   -0.39958298E-04   -0.31364750E-04   -0.88630916E-04
 0.14086416E-04   -0.11316232E-01    0.28243061E-01   -0.19339872E-03    0.67591135E-04
-0.12255888E-04   -0.14470300E-04   -0.60531884E-04    0.17917514E-03    0.62408685E-04
 0.40949376E-04    0.41642744E-04   -0.16520807E-03    0.32094653E-02   -0.46667861E-02
 0.10245403E-01    0.40921589E-02   -0.18242654E-03    0.10563931E-03    0.14814143E-02
 0.22950653E-02   -0.25723123E-02    0.82579937E-04    0.50981480E-03    0.79214991E-04
 0.37978115E-03   -0.95762143E-02    0.20347182E-01   -0.18984164E-01    0.86732464E-01
 0.46976180E-04   -0.55688450E-05   -0.40659351E-05   -0.19115317E-04    0.24591199E-04
 0.46495748E-05    0.15482997E-04    0.33106333E-04    0.40912491E-04    0.19603379E-04
-0.13454854E-03    0.27346782E-03   -0.78291376E-04    0.30850395E-03    0.86347920E-03
-0.89986087E-05   -0.38243796E-05    0.53996492E-04    0.42256373E-04    0.20712528E-04
-0.14175993E-05   -0.23244535E-04   -0.28957652E-04    0.23987443E-04   -0.11566953E-04
-0.47455498E-03    0.53559278E-03   -0.16341835E-03    0.86537436E-03   -0.18441296E-03
 0.19000851E-02   -0.23424882E-03   -0.76248702E-04    0.65577714E-04   -0.32307464E-04
-0.54822241E-04   -0.21480842E-04   -0.12297382E-04    0.85137626E-05    0.37183414E-04
 0.80523291E-04   -0.17001862E-02    0.17797788E-02   -0.52569355E-03    0.11828231E-02
 0.15123481E-03   -0.93424396E-04    0.18547432E-02    0.97997640E-04   -0.28333734E-04
 0.24341633E-04    0.54911267E-04   -0.39081876E-04    0.14926366E-04    0.18832589E-04
 0.31107871E-04    0.55927219E-04    0.73788158E-04   -0.57509770E-03    0.51779521E-03
-0.20356806E-04    0.38413914E-04   -0.43362226E-04   -0.56505514E-05    0.19279962E-03
 0.16707782E-02   -0.14298688E-03   -0.92838079E-04   -0.16039963E-04    0.22898040E-04
-0.45330835E-04   -0.54495274E-05   -0.10570217E-04   -0.43678479E-04    0.52814761E-04
-0.33026149E-04   -0.17055209E-03    0.38062016E-03   -0.20590833E-04    0.57899770E-04
-0.14269824E-03    0.51731846E-04    0.13721343E-03    0.85284065E-03    0.24224599E-02
 0.69527006E-04    0.16268913E-04   -0.12463206E-05    0.14288535E-04   -0.27527909E-04
-0.16065977E-04    0.48456995E-05   -0.10231321E-04    0.11099272E-05    0.36116047E-06
-0.11063603E-02    0.10499354E-02   -0.36097203E-03    0.12346578E-02   -0.15858333E-04
 0.38870217E-04    0.29751504E-04   -0.68588578E-04   -0.64969733E-04    0.42257332E-03
-0.87940091E-05   -0.16320324E-05    0.47127598E-06   -0.36847631E-05    0.41977329E-06
 0.34714833E-05    0.29341740E-06   -0.94480820E-06    0.63211983E-05    0.53323899E-05
 0.53376040E-04   -0.59986372E-04    0.24086903E-04   -0.12819688E-03    0.94732183E-05
-0.89266252E-05    0.10125623E-04    0.40129021E-05   -0.90362064E-05   -0.63780965E-04
 0.25815009E-04   -0.24288537E-03    0.43369595E-04   -0.62719139E-04   -0.29886687E-04
-0.93487411E-05    0.31048971E-04   -0.36386584E-05   -0.51543287E-04   -0.36941893E-05
-0.10624130E-03   -0.13379341E-02    0.12442953E-02   -0.38043537E-03    0.99825698E-03
 0.47850499E-04    0.25706174E-04    0.22575139E-03   -0.95216975E-04   -0.90118200E-04
 0.20910750E-03    0.10445431E-04    0.25911496E-02    0.11103339E-03   -0.28156425E-04
-0.15721150E-04   -0.22244956E-04    0.23424408E-04   -0.14593186E-04    0.71575473E-05
-0.55011892E-04    0.56261429E-05    0.25715251E-05   -0.14067448E-02    0.13501341E-02
-0.45220494E-03    0.13507699E-02    0.78836593E-05    0.22005528E-04   -0.88545986E-04
 0.20723753E-03   -0.28846143E-04    0.19675857E-03    0.10110946E-04    0.58478883E-03
 0.44559869E-02   -0.22724525E-03    0.85044014E-04    0.15185506E-03   -0.23582428E-04
-0.51366415E-04   -0.94045083E-04    0.55349509E-04    0.56679742E-04    0.46775937E-04
-0.36391222E-04   -0.46383671E-03    0.16308520E-02    0.24892191E-03   -0.16812749E-03
 0.28530692E-03    0.23618769E-03    0.35496571E-03   -0.28215280E-04   -0.69946503E-03
-0.49337205E-04    0.36055187E-04    0.40836961E-03    0.39666985E-03    0.28830617E-01
 0.17100051E-03   -0.16106654E-04    0.40315401E-04    0.96948453E-05    0.84574202E-04
 0.70453094E-05   -0.19883368E-04   -0.15130895E-05   -0.25610068E-04    0.51661519E-04
 0.12198463E-03    0.26781040E-03   -0.49715977E-04    0.26086339E-03   -0.12048833E-03
 0.15342468E-03   -0.19668328E-03    0.13713703E-03    0.24921065E-03   -0.10520865E-03
-0.50011257E-04   -0.30546551E-03    0.28414741E-04    0.43363156E-03    0.32574510E-02
-0.90086636E-04    0.71385801E-05   -0.10938255E-04    0.14550908E-04   -0.14210328E-04
-0.41275057E-05   -0.66694881E-05   -0.14062922E-05   -0.12320907E-04    0.63724815E-05
-0.60530983E-03    0.65653458E-03   -0.13138140E-03    0.50125618E-03    0.79198185E-05
-0.14003720E-04    0.80854496E-04   -0.12545499E-04   -0.14508704E-04    0.13748206E-04
-0.50269783E-05    0.27728354E-04    0.23883064E-04    0.14019430E-03   -0.17937806E-04
 0.27371914E-03    0.80438384E-05    0.30244483E-04    0.52056203E-05    0.53660195E-05
-0.51689692E-05   -0.12019579E-04    0.10678144E-05   -0.25565473E-05    0.18375910E-04
 0.20496013E-04   -0.47229027E-03    0.23137163E-03    0.10762271E-04   -0.17479074E-04
-0.16469976E-03   -0.11955595E-03   -0.10829238E-03    0.15504066E-04    0.15687571E-04
 0.34315771E-04   -0.23369185E-05   -0.35557373E-04   -0.68017797E-04   -0.25046833E-03
-0.10305294E-03   -0.48544200E-04    0.40944260E-03    0.12010036E-03    0.52919753E-04
 0.32971046E-04    0.83241448E-05    0.81622374E-04    0.98682465E-04   -0.47749336E-05
 0.20678841E-04    0.11251035E-05   -0.14223755E-04   -0.62740236E-03    0.37983005E-03
-0.14955210E-03    0.53073383E-03   -0.83255516E-04    0.18599019E-04   -0.80164140E-04
-0.16096036E-03   -0.42296364E-03    0.48234367E-04   -0.21076117E-04   -0.15267673E-03
 0.21638259E-03   -0.10691065E-03    0.53123365E-04    0.16475384E-07    0.92756335E-04
 0.16934061E-02   -0.67334798E-04    0.32944796E-04    0.30572180E-05   -0.71070442E-05
 0.29078637E-04   -0.33790749E-04    0.21641937E-04    0.37849208E-04    0.36778940E-04
-0.24559196E-04   -0.13642092E-02    0.13847777E-02   -0.31401737E-03    0.65969979E-03
 0.14033925E-03    0.47939291E-04    0.10558766E-03    0.70830064E-04    0.39955418E-04
 0.15690784E-04   -0.12113457E-05    0.19483212E-04    0.10706171E-04    0.45024540E-03
 0.59988281E-06    0.52068543E-04    0.15610539E-04   -0.43395582E-04    0.19197131E-02
-0.29020068E-03    0.12554484E-05   -0.16385746E-05   -0.26363260E-04   -0.86302763E-04
-0.63573561E-05   -0.31106681E-04   -0.31586646E-04   -0.35636177E-04   -0.73572432E-04
-0.10906078E-02    0.88526706E-03   -0.27328277E-03   -0.93929445E-04   -0.36834027E-04
-0.27034381E-04    0.13667892E-03    0.12270704E-04    0.98104999E-04   -0.35615653E-05
 0.68337732E-06    0.14081776E-03   -0.77338717E-04    0.11084094E-03   -0.71495485E-04
 0.87701697E-05   -0.48480598E-05   -0.87945540E-04    0.10387443E-02    0.17043261E-02
 0.15367219E-03   -0.19463827E-04   -0.35252267E-04   -0.30242838E-04    0.53468784E-04
 0.13366397E-04   -0.10937089E-04   -0.53606241E-05   -0.75900740E-04    0.41208344E-04
-0.20113116E-02    0.24907516E-02   -0.74908955E-03    0.24746043E-02   -0.15942220E-03
 0.44348079E-04    0.25351436E-04   -0.21369838E-04   -0.47217814E-04    0.10177323E-03
-0.14824668E-04   -0.35546913E-04   -0.24781716E-04   -0.22550669E-03    0.49970562E-03
-0.54884117E-04   -0.64917703E-05    0.35109755E-03   -0.58243549E-04   -0.14500524E-03
 0.22836296E-02   -0.15925309E-03   -0.26719717E-04   -0.23971322E-04   -0.21197026E-04
-0.19655000E-04   -0.31801401E-05   -0.24911506E-04   -0.50366042E-04    0.13388362E-04
-0.25334959E-05   -0.71572197E-03    0.74324315E-03   -0.20813602E-03    0.38317710E-03
 0.71000516E-04   -0.10980843E-03    0.65138431E-04   -0.88177419E-04    0.11703292E-03
-0.14465999E-04   -0.55544994E-05    0.21025270E-04    0.18096353E-03    0.47202476E-03
 0.39118599E-04    0.74995074E-04    0.47546121E-04    0.61719503E-04    0.12969429E-03
 0.10109730E-03    0.16626761E-05    0.17760134E-02    0.83665990E-04   -0.98446388E-05
-0.46419623E-04   -0.59842939E-04   -0.69194890E-04    0.76254254E-04    0.71369410E-05
-0.59422092E-04   -0.18074642E-05   -0.82067460E-04   -0.32186159E-03    0.44480096E-04
-0.11329350E-05   -0.16692345E-03    0.15939655E-04   -0.36958271E-04    0.15757389E-04
-0.70803314E-04   -0.14732113E-03   -0.32285972E-04   -0.92399675E-05   -0.27884576E-04
 0.51757215E-04    0.24003183E-03    0.28413499E-04    0.14812929E-04    0.58257678E-04
 0.55274109E-04    0.42038507E-04    0.11715840E-03   -0.62905573E-04    0.59505008E-03
 0.18204427E-02    0.11526370E-03   -0.19572959E-04    0.15220450E-04    0.19976333E-05
-0.40204178E-04   -0.36322522E-04    0.29238360E-04    0.84053415E-06    0.11282164E-03
-0.41789963E-04   -0.60255914E-03    0.40012364E-03   -0.11236755E-03    0.57228130E-03
 0.10243086E-05    0.13429798E-03   -0.31850628E-03    0.10103970E-03   -0.10156745E-03
 0.12093820E-03    0.95778114E-05    0.58652212E-04    0.21439057E-03   -0.18949855E-03
-0.15570646E-03   -0.52055841E-04    0.37497516E-04   -0.68426953E-04    0.43225168E-04
-0.57173827E-04   -0.87004471E-05   -0.45267838E-03    0.10333637E-03    0.32411805E-02
-0.87394407E-04    0.15837673E-04    0.30916942E-05   -0.73432837E-05    0.29401634E-04
 0.14622068E-04   -0.28723010E-04   -0.47215758E-04    0.22365478E-04    0.59659057E-04
-0.57864201E-03    0.50392400E-03   -0.26625483E-03    0.41340072E-03    0.30098835E-04
-0.56501781E-05   -0.34793216E-04    0.55805507E-04   -0.37137478E-04    0.38656319E-04
-0.20874325E-05   -0.26426637E-04   -0.92404237E-04   -0.53689686E-03   -0.89757010E-04
-0.16063654E-04    0.42423262E-04   -0.20064585E-03    0.24483109E-04    0.40441718E-04
 0.15165747E-03   -0.58495931E-04   -0.19501174E-04    0.49791823E-03    0.16369349E-02
-0.10114290E-03    0.42544937E-04    0.74606855E-05   -0.32205379E-04    0.44634017E-04
-0.72585255E-04   -0.92948119E-05    0.29847302E-05    0.70899821E-05    0.10779313E-03
-0.25377797E-02    0.21449718E-02   -0.55774983E-03    0.18182253E-02   -0.18124054E-03
 0.30411142E-03    0.68646957E-03    0.20093318E-04   -0.19451899E-03    0.19225196E-04
-0.37896443E-05    0.15462997E-03    0.95937297E-04   -0.28265859E-03    0.14075127E-04
 0.15864364E-04    0.49279360E-03   -0.22008663E-03   -0.22266412E-04    0.19430748E-04
 0.52149869E-04   -0.84432226E-04   -0.15337684E-03    0.20675058E-04    0.83440700E-04
 0.27931844E-02   -0.23835753E-04    0.22959029E-05    0.15339433E-05    0.11865595E-04
 0.35444105E-05    0.26813643E-05   -0.15712158E-04   -0.24091355E-05   -0.17442503E-04
 0.64166092E-05   -0.93674688E-04   -0.19684633E-04    0.25720618E-04   -0.15375485E-03
 0.19275148E-04    0.36131329E-04    0.20568620E-04    0.30792828E-04   -0.35903512E-04
 0.26388391E-05   -0.45679835E-05   -0.39161547E-04    0.45940682E-04   -0.14391660E-03
-0.12131200E-03   -0.58955692E-05    0.17289173E-04    0.79638751E-05   -0.88904615E-04
 0.26868518E-04    0.10913144E-04    0.19004893E-04    0.40891186E-04   -0.20661254E-04
-0.52197366E-04    0.38963727E-04    0.30552431E-03    0.10815712E-04   -0.60311495E-06
-0.15696898E-05    0.18205343E-05    0.28022767E-05   -0.27708857E-05    0.51024793E-05
-0.17415719E-05    0.43552942E-06    0.15186668E-05   -0.89286590E-05    0.52758669E-05
-0.11140141E-04    0.38353015E-04    0.12206235E-04   -0.10490128E-05   -0.79125857E-05
 0.20127119E-05    0.28328659E-05   -0.34225694E-05    0.19117438E-05   -0.29172061E-05
-0.40863331E-05   -0.19489414E-04    0.66871006E-05   -0.25333117E-05   -0.17485566E-04
-0.67168332E-04    0.96560099E-05    0.45073111E-05   -0.23171500E-04   -0.11299909E-04
-0.10348170E-04   -0.65637389E-05   -0.29646657E-05    0.78483336E-05   -0.54375499E-06
 0.19654089E-04   -0.78793620E-05    0.14745180E-04    0.56148906E-04    0.98975142E-04
-0.76962435E-04   -0.16800232E-04   -0.87386063E-05   -0.42846108E-04   -0.50238181E-04
 0.10274584E-03    0.27531219E-03   -0.41225356E-03    0.13328433E-03    0.11522176E-04
-0.98164159E-03    0.25868462E-03   -0.24298312E-03    0.45610152E-04    0.12245966E-03
 0.20050421E-04   -0.12690910E-04   -0.22310382E-04   -0.14619851E-03   -0.25814595E-03
 0.14594245E-03    0.47329492E-06    0.16652616E-03    0.77512291E-04   -0.13712027E-03
 0.43372348E-04    0.14481552E-03   -0.12965347E-03   -0.14194746E-04    0.93285610E-04
-0.11757795E-04    0.14490324E-03   -0.37034596E-04   -0.14926842E-04    0.26215483E-02
-0.21847839E-04    0.22401145E-04   -0.56404136E-04   -0.12146769E-03    0.82906081E-04
 0.21146450E-04    0.13165924E-04    0.72238339E-04    0.41186111E-04    0.98731172E-04
 0.69057595E-03   -0.16483138E-02    0.21354006E-03   -0.13653874E-02    0.25071042E-03
-0.19065023E-02    0.98829441E-04   -0.78877053E-04   -0.55873217E-04   -0.57125626E-04
 0.10739483E-04   -0.96226073E-04    0.13435557E-03   -0.30604073E-03   -0.23804090E-03
 0.28068153E-04    0.77091712E-04   -0.57114623E-04   -0.10693994E-03   -0.64037909E-04
-0.12640176E-03    0.19000748E-03    0.47364677E-04   -0.11872008E-03   -0.64938966E-04
-0.34731633E-03   -0.34018763E-04    0.41156855E-05   -0.67883841E-03    0.45608340E-02
 0.50025521E-03    0.68591055E-04   -0.59209019E-04    0.98803027E-04    0.24836865E-03
 0.95483540E-05    0.42711054E-05    0.47103237E-04    0.20479257E-05    0.16973332E-03
 0.18171244E-02   -0.39464949E-02    0.80347735E-03   -0.18421386E-02   -0.24584857E-03
 0.15507950E-03   -0.20434891E-02   -0.13504112E-03   -0.12501570E-03   -0.15989291E-04
-0.14945998E-04   -0.36102161E-03    0.18953916E-03   -0.90189179E-03    0.23975183E-03
-0.10956420E-03    0.12058933E-03    0.18688225E-03   -0.13933252E-03   -0.15701345E-03
 0.56150866E-04   -0.22437507E-03    0.51352671E-04    0.49356151E-03    0.16198957E-03
-0.83884943E-03   -0.27637860E-04    0.57968059E-05    0.57801399E-03   -0.25773071E-03
 0.48477249E-02   -0.15340141E-03   -0.22725990E-04   -0.30497756E-04   -0.11895418E-03
 0.17932605E-03   -0.32750943E-04   -0.28267896E-04   -0.58740359E-04   -0.27673101E-05
-0.11923494E-03    0.56133138E-03   -0.12790789E-02    0.31660422E-04   -0.47010721E-03
 0.64368147E-04   -0.36719578E-04   -0.15322829E-03   -0.17617548E-02   -0.85575175E-03
 0.10480505E-03   -0.62570294E-05    0.14092534E-03   -0.48446027E-04    0.86459274E-04
-0.19046901E-03    0.32069809E-04   -0.57793320E-04    0.15552798E-03   -0.94640513E-04
-0.31215082E-04   -0.70342870E-04   -0.19443485E-04    0.76374954E-04   -0.21034500E-04
-0.53198358E-05   -0.72268201E-04   -0.49857338E-04    0.18924490E-05   -0.20560876E-03
 0.15954320E-03    0.21431955E-03    0.44213946E-02    0.23957763E-03    0.10833028E-03
 0.46374922E-04   -0.31521397E-04    0.53286493E-04    0.15197312E-04    0.93021098E-04
 0.44927602E-04    0.98890536E-05    0.78439218E-04    0.40793457E-03   -0.16228687E-02
 0.15109829E-03   -0.78411155E-03    0.17407448E-03   -0.48271918E-04   -0.13127632E-03
-0.85449390E-03   -0.24668329E-02    0.10315522E-03    0.30502876E-05    0.51148964E-04
 0.10782141E-03    0.54210313E-03   -0.22215796E-03    0.24509063E-04   -0.10513053E-03
 0.31999493E-03   -0.80574287E-04   -0.16363020E-03   -0.50049587E-04   -0.25332578E-03
 0.11376080E-03    0.11178131E-03   -0.54020521E-04    0.50016143E-04    0.46729996E-04
 0.89732620E-05   -0.31385670E-03    0.11986158E-03    0.15036745E-03    0.20552232E-02
 0.60461741E-02   -0.12185955E-03    0.10671032E-04    0.42856833E-04   -0.52167652E-04
 0.12184721E-03    0.37991213E-04   -0.48714128E-07    0.73383199E-05    0.37407258E-04
 0.34519755E-04    0.10333499E-02   -0.28403293E-02    0.58215950E-03   -0.27662373E-02
 0.40445592E-04   -0.46615810E-04   -0.14631217E-04    0.10139711E-03    0.10682091E-03
-0.45326746E-03    0.66146439E-04   -0.23987684E-03   -0.24473052E-03    0.47817145E-04
 0.11983159E-03   -0.16564550E-04   -0.15779685E-04   -0.10710956E-04    0.64451598E-05
 0.24056031E-04   -0.11713133E-03    0.53632621E-04    0.56970937E-04   -0.12472800E-03
-0.73721706E-04    0.53263738E-04    0.33775213E-04    0.38757718E-05   -0.91750921E-04
 0.16918601E-03    0.38604181E-04   -0.29618083E-03   -0.14117185E-03    0.12469450E-02
 0.27828642E-04   -0.12109835E-05   -0.16352213E-05    0.84909775E-05    0.10615986E-04
-0.84729427E-05   -0.13753483E-05    0.29457843E-05   -0.94237226E-05    0.78353032E-05
-0.62784739E-04    0.19640963E-03   -0.60939457E-04    0.38763360E-03   -0.15222578E-04
 0.13611813E-04   -0.14206522E-04   -0.71029207E-05    0.24252471E-05    0.66014655E-04
-0.27062807E-04    0.22661854E-05    0.57601306E-05   -0.91866957E-04    0.55807321E-04
 0.90961948E-05    0.27940274E-05    0.15104932E-04   -0.29073905E-05    0.36948728E-05
 0.25135997E-04    0.13661984E-05    0.61411758E-06    0.62811274E-05    0.12578985E-04
 0.22575266E-05   -0.28249713E-05   -0.20996880E-05    0.33708762E-04   -0.33743573E-04
 0.50595261E-04    0.25176285E-05   -0.35771904E-04   -0.17666343E-03    0.71134195E-04
 0.26703150E-03   -0.64368884E-04    0.69438264E-04    0.53781058E-04   -0.10350053E-03
 0.90680495E-04    0.61608268E-04   -0.27690558E-06   -0.21058216E-04   -0.19646385E-04
 0.12632585E-02   -0.35259358E-02    0.75954549E-03   -0.35203172E-02   -0.19176195E-04
-0.65733852E-04   -0.36378487E-03    0.14043677E-03    0.56201487E-04   -0.23937516E-03
 0.15627187E-05   -0.27886189E-02   -0.53907929E-03   -0.38725317E-03    0.17247965E-03
-0.71612008E-05    0.92292767E-04    0.20241827E-03    0.61510878E-04   -0.12738223E-03
 0.39142608E-05   -0.85175885E-04    0.13056389E-03    0.56133801E-04    0.53325430E-04
-0.18776817E-03    0.89989563E-04    0.24752034E-05    0.16472698E-04    0.33891448E-03
 0.68105984E-03   -0.16335121E-03    0.48505762E-05    0.73390237E-03   -0.46925205E-04
 0.66761349E-02    0.33713555E-04    0.31507133E-04    0.58113467E-04    0.10555377E-03
-0.46523900E-04    0.11373126E-03   -0.44496861E-06    0.24957223E-04    0.12093783E-03
-0.95179278E-04    0.13314666E-02   -0.33637343E-02    0.49894967E-03   -0.17999682E-02
-0.92566501E-04    0.73687372E-04    0.14954844E-03   -0.65136363E-04    0.84436638E-04
-0.21939618E-03    0.22567982E-05   -0.54287985E-03   -0.48132865E-02   -0.48669740E-03
-0.83347320E-04   -0.27416977E-04    0.35769381E-04   -0.30136608E-03    0.58343944E-05
 0.16251654E-03   -0.10192969E-04   -0.14998547E-03   -0.29193150E-04   -0.16970107E-03
 0.85004609E-04   -0.12516645E-03    0.17541388E-04    0.86444657E-05    0.23696927E-03
-0.39828128E-03   -0.32397825E-03    0.10536189E-03    0.11518135E-03    0.48625752E-03
-0.24329128E-04    0.13343810E-02    0.12259772E-01    0.23542489E-03    0.98169748E-04
 0.66713656E-04    0.39744325E-05   -0.76478341E-04    0.33097356E-04    0.92853672E-05
 0.12094254E-03   -0.24526591E-03   -0.13401563E-03    0.26071045E-02   -0.30140855E-02
-0.13071655E-03    0.48026131E-03   -0.26832470E-03   -0.39172672E-03   -0.11982212E-02
 0.87562680E-04    0.32461162E-03    0.65443378E-04   -0.14031254E-03   -0.49141912E-03
-0.48874122E-03   -0.26314898E-01   -0.18062635E-02   -0.37957477E-03    0.48106543E-03
 0.22087954E-03   -0.75903411E-03   -0.38963434E-03   -0.67412342E-04   -0.12594702E-02
-0.35771514E-03    0.52289051E-03    0.10867306E-02    0.93760731E-04    0.29136929E-03
 0.21825996E-04    0.94875177E-03    0.10805626E-02    0.23783371E-02   -0.67367988E-03
-0.19275084E-02   -0.34692636E-04    0.22271810E-03    0.31333170E-03    0.85514716E-03
 0.15250903E+00   -0.26848119E-03   -0.20876663E-03   -0.47160172E-04    0.20166170E-03
-0.25717827E-03   -0.95485301E-04   -0.14703325E-04    0.41808919E-05    0.24793359E-04
-0.35914302E-03    0.56239463E-03   -0.94351987E-03   -0.48419203E-03    0.94829661E-04
 0.21296308E-03   -0.27067895E-03    0.17046145E-03   -0.18244926E-03   -0.17432666E-03
 0.97170437E-04    0.51065508E-04    0.75299662E-04   -0.78531061E-04   -0.15112159E-02
-0.38145052E-02   -0.12810628E-04    0.62404556E-04   -0.14642913E-03   -0.69986866E-04
 0.11506447E-04   -0.73186968E-03   -0.69456758E-04    0.85439415E-04    0.13332707E-03
 0.78369115E-04   -0.27381839E-03    0.17687302E-03   -0.11562321E-04   -0.56112332E-03
 0.79864066E-03   -0.44617492E-03    0.69649123E-03    0.58719576E-03   -0.43602135E-03
-0.10105496E-03   -0.15741625E-03    0.67424954E-04    0.48304778E-02    0.12519523E-01
 0.15345227E-03   -0.76287935E-05    0.14734744E-05   -0.58502024E-04   -0.36175433E-05
 0.20413225E-04    0.79545409E-05   -0.12279007E-04    0.17516220E-04    0.39510342E-05
 0.65141798E-03   -0.15812480E-02    0.27601779E-03   -0.10677273E-02   -0.19848827E-04
 0.35709604E-04   -0.11147934E-03    0.50535359E-04    0.36821121E-04   -0.13596206E-04
 0.75781897E-05   -0.13740543E-05   -0.48903836E-05   -0.30294411E-03   -0.23587749E-05
-0.31189410E-03    0.49097868E-04   -0.23570204E-04   -0.46741157E-04   -0.86741000E-05
 0.52283929E-04   -0.10427687E-03    0.22058079E-04    0.73640883E-04    0.53119787E-04
-0.31824194E-04    0.17128090E-04    0.52641592E-05    0.20293921E-04   -0.84779310E-04
 0.24603530E-03   -0.73533527E-04   -0.15423409E-04    0.27399952E-04   -0.18187761E-04
 0.19381116E-04    0.12624318E-03    0.64150081E-03   -0.51415608E-04    0.79061840E-03
-0.52421989E-04   -0.29140805E-04   -0.22357841E-05   -0.34986627E-04    0.34263731E-04
 0.12845615E-04   -0.24920628E-05   -0.10485931E-04   -0.26368013E-04   -0.49784048E-04
 0.20779483E-03   -0.54065438E-03   -0.13374395E-04   -0.29792402E-03    0.15198382E-03
 0.11041006E-03    0.14337231E-03   -0.44267354E-04   -0.86223793E-04   -0.16140359E-04
 0.34618286E-05    0.10698268E-03    0.30616801E-04    0.40430204E-03    0.11049212E-03
 0.51794412E-04   -0.34983214E-03   -0.92491507E-04   -0.29187769E-06    0.41861732E-04
 0.10857110E-04   -0.11431684E-05   -0.69843225E-04   -0.65917810E-04   -0.27876530E-04
-0.33483223E-03   -0.83059550E-05    0.18882041E-04   -0.36262994E-03   -0.20884671E-03
-0.29493145E-03    0.16193003E-03    0.27585172E-03    0.14633849E-04   -0.22951876E-05
-0.26730510E-03    0.99380649E-04   -0.15180903E-02   -0.38437259E-03   -0.12134016E-03
 0.77640436E-03   -0.16368437E-03    0.17342113E-04   -0.57428891E-04   -0.17475735E-04
-0.87341253E-04   -0.82717346E-04   -0.24542144E-04   -0.49360934E-04    0.36080573E-04
-0.11061471E-03    0.33068994E-03   -0.14290599E-02    0.12508333E-03   -0.92722861E-03
 0.70083373E-04   -0.68229631E-04    0.19943131E-03    0.15515303E-03    0.32695206E-03
-0.14899024E-04    0.16554017E-04    0.18667037E-03   -0.33373708E-03    0.20969930E-03
-0.14088339E-03   -0.20658791E-04   -0.66068740E-04   -0.17503183E-02    0.78461556E-04
 0.16786960E-03   -0.37773169E-03    0.76539276E-04    0.22975322E-04    0.76476917E-04
 0.23032830E-03    0.41161854E-03   -0.93016932E-05    0.71600467E-04   -0.22705050E-03
 0.10180877E-03   -0.47892413E-03   -0.35875113E-03   -0.41920554E-03    0.68384590E-04
-0.30610831E-04   -0.33618015E-03    0.95396787E-03   -0.80230295E-03    0.29752688E-03
 0.37387431E-04    0.26883498E-03    0.42545794E-02    0.91421126E-04   -0.19811679E-04
-0.10648528E-04    0.48639757E-04   -0.13306134E-03    0.29035601E-06   -0.21512055E-04
 0.13363657E-05   -0.29937742E-05    0.98584212E-04    0.13390965E-02   -0.28540284E-02
 0.30029485E-03   -0.75892501E-03   -0.12115386E-03   -0.66568503E-04   -0.11153418E-03
-0.74213339E-04   -0.77448677E-04    0.48962436E-05   -0.16303115E-05    0.31320406E-04
-0.91593823E-04   -0.50682109E-03   -0.37841202E-04   -0.46488304E-04    0.15747647E-04
 0.30450072E-04   -0.20599061E-02   -0.10294884E-02   -0.24663817E-04   -0.23363902E-03
-0.11444170E-05   -0.18333800E-04   -0.48541028E-05    0.39777286E-04    0.12583536E-03
-0.88748584E-06    0.27003150E-03    0.30924619E-03    0.15325930E-03    0.20662908E-03
 0.38154982E-06   -0.54758127E-04   -0.10889643E-04   -0.19252605E-03    0.12257168E-03
 0.10155736E-02    0.18228013E-03   -0.11189635E-04    0.13911735E-04   -0.91161123E-04
 0.54852285E-02    0.36575753E-03   -0.44301711E-05   -0.69352751E-04   -0.98887218E-04
 0.17062492E-04    0.35178810E-04    0.36238983E-04    0.20834270E-04   -0.62794457E-04
 0.54183333E-04    0.84636964E-03   -0.17187826E-02    0.16995708E-03   -0.24474687E-04
 0.27466913E-04   -0.65116477E-04   -0.14687057E-03   -0.45474191E-05   -0.17278204E-03
 0.20252581E-04    0.26577408E-05   -0.12022245E-03    0.96645668E-04   -0.22575129E-03
 0.28607625E-04   -0.31753207E-05    0.71666219E-04    0.16085558E-03   -0.10627433E-02
-0.17740370E-02    0.18099298E-03   -0.56499892E-04   -0.78360910E-05    0.86739874E-04
 0.31299736E-04    0.70960935E-04   -0.58747755E-04   -0.10987365E-05   -0.11233268E-03
 0.35686770E-04    0.11465375E-03   -0.51781982E-05    0.18379000E-04   -0.11532402E-03
-0.74582019E-05    0.12318931E-03   -0.40684586E-04    0.58108776E-03    0.14539787E-03
-0.97986478E-04   -0.95268576E-04   -0.22433765E-03    0.27398207E-02    0.44960887E-02
-0.40990507E-03    0.16960907E-04    0.63634108E-06   -0.96216578E-04   -0.16333468E-03
-0.23701851E-05   -0.13551859E-04   -0.10932149E-04    0.13616500E-03   -0.13089279E-03
 0.24690763E-02   -0.67243062E-02    0.10208485E-02   -0.59522258E-02    0.15161094E-03
-0.13916886E-03    0.67391159E-04   -0.76182147E-04   -0.40955027E-04   -0.11911428E-03
 0.24520100E-04   -0.32939594E-05   -0.33400130E-04    0.54360617E-04   -0.69474116E-03
 0.59475368E-04    0.77234280E-05   -0.36749960E-03    0.14809719E-04    0.19362283E-03
-0.27313371E-02    0.25240894E-04    0.70748725E-04   -0.13632643E-03   -0.22229051E-03
-0.34194380E-04   -0.99774607E-05    0.25071036E-04   -0.51296476E-03    0.24639687E-03
-0.23399223E-03    0.15710214E-03    0.37344879E-03    0.29887270E-03   -0.85215632E-04
 0.10355041E-03   -0.86257044E-04   -0.27245580E-03    0.21109947E-02   -0.87776982E-04
 0.43599542E-04    0.11640111E-02    0.41640374E-04   -0.36381524E-03    0.73631731E-02
 0.14358493E-03    0.18988818E-04    0.32156247E-04   -0.94710188E-04    0.41812101E-04
-0.14583283E-04    0.17765087E-04    0.37426522E-04   -0.50975549E-04   -0.71869185E-05
 0.71677831E-03   -0.15677851E-02    0.41272679E-03   -0.93855599E-03   -0.12457206E-03
 0.19050848E-03   -0.20661778E-03   -0.10607730E-04   -0.27235631E-03    0.60842959E-04
-0.73140416E-06   -0.84700781E-04   -0.16681664E-03   -0.89991649E-03   -0.77501367E-04
-0.12148313E-03    0.38539234E-05    0.66344739E-04   -0.19165996E-03   -0.72307959E-04
 0.41315011E-04   -0.19576501E-02   -0.60453251E-03    0.47687723E-03    0.52981157E-05
 0.12851011E-03    0.68058313E-05    0.15600289E-04    0.27503214E-03   -0.35406541E-03
 0.33433874E-03    0.18827311E-04    0.63649061E-03   -0.91477335E-04    0.24997724E-05
 0.50230608E-03    0.25918873E-03    0.26470214E-02    0.14353646E-03    0.20905752E-03
 0.35000174E-04   -0.11336612E-03    0.26249823E-03    0.13981727E-03   -0.16756545E-03
 0.47361002E-02   -0.15492350E-03   -0.36894386E-04   -0.44517671E-04    0.76921492E-04
 0.18534575E-05    0.76540226E-04    0.38705367E-05   -0.17083046E-05   -0.15579933E-03
-0.97457577E-04    0.20487095E-04    0.32424312E-04    0.11706523E-03   -0.44534396E-03
-0.46536772E-04    0.47053155E-04    0.89980395E-04    0.86939536E-04    0.74181419E-04
 0.48903200E-04    0.35918274E-05    0.95243067E-04   -0.65972446E-04   -0.37318564E-03
-0.26754652E-05    0.27278451E-04   -0.71916910E-04    0.96281863E-05    0.54408352E-04
-0.27985002E-05    0.78977341E-04   -0.67651582E-03   -0.18911674E-02   -0.12575494E-03
 0.31875316E-04    0.25821192E-03   -0.72169898E-04    0.13590080E-04   -0.87122313E-04
-0.31432137E-03   -0.11440296E-03   -0.26553835E-03   -0.30772187E-03   -0.77285518E-04
-0.15332090E-04    0.31484255E-04    0.27110207E-04    0.11390622E-02   -0.17960549E-03
-0.13738379E-03    0.20290967E-03    0.23286854E-05   -0.27341858E-03    0.31656502E-04
-0.13802584E-03    0.15254436E-02    0.54294856E-02   -0.16125677E-03    0.42961170E-05
 0.60522213E-04    0.10465137E-03    0.10524500E-03    0.69936980E-04   -0.42288159E-05
 0.20566914E-04   -0.70249311E-04    0.20272931E-03    0.45370719E-03   -0.66768400E-03
 0.15076765E-04   -0.50034443E-03    0.49577966E-04   -0.72739767E-04    0.47566708E-03
-0.57245926E-04    0.12865618E-03   -0.13214311E-03    0.77974351E-05    0.60887636E-04
-0.17220666E-03    0.34441517E-03    0.96266255E-04    0.64475535E-04   -0.80420167E-04
 0.71771624E-04   -0.49092760E-04    0.10012351E-03   -0.12194541E-03    0.45040159E-03
-0.15358031E-03   -0.32543365E-02   -0.54508808E-03    0.65604733E-04   -0.89615953E-05
 0.34918045E-05   -0.33848822E-03    0.23001458E-03   -0.92898878E-03    0.67744016E-04
-0.24726167E-03    0.25587336E-03   -0.11165623E-04   -0.56380614E-03   -0.31448692E-04
-0.10798043E-02   -0.27078235E-03   -0.13802648E-03    0.15702192E-03   -0.22303300E-03
-0.20233458E-03   -0.49137406E-03    0.41408474E-03   -0.10325007E-02    0.23411144E-03
 0.75171670E-02    0.12426510E-03   -0.49680284E-05   -0.18009217E-04   -0.85851609E-05
-0.25855671E-04    0.28570331E-05    0.38021351E-04    0.47834137E-04   -0.46564987E-04
 0.26546191E-05    0.48812391E-03   -0.14789247E-02    0.36170474E-03   -0.15662513E-02
-0.24141245E-04   -0.14271876E-04    0.15150408E-03   -0.94964140E-05   -0.71692940E-04
-0.59682151E-04    0.96057094E-05    0.97594654E-04    0.11157956E-03    0.89368990E-03
 0.13301958E-03    0.45257165E-04   -0.19290558E-04    0.22609567E-03   -0.31159917E-04
-0.16784279E-04   -0.19611226E-03   -0.39323741E-05    0.25478725E-04   -0.58348220E-03
-0.17544074E-02    0.50988469E-04    0.78261004E-04   -0.78668044E-05    0.60689523E-04
 0.13643928E-03   -0.42078173E-03    0.14538145E-03    0.58794682E-04    0.25025259E-03
-0.47944395E-04    0.42871290E-04   -0.91272309E-04   -0.28783825E-02   -0.39499084E-03
-0.39658183E-04    0.63063530E-04   -0.56594302E-03    0.86700398E-04   -0.46398887E-04
 0.47308176E-03   -0.10965455E-04   -0.39321253E-03    0.13675314E-02    0.46749478E-02
 0.97504821E-04   -0.24763898E-04   -0.55814390E-04   -0.11380829E-04   -0.22783110E-04
 0.35504580E-04    0.12217406E-04   -0.22756544E-04   -0.16190040E-05   -0.17203065E-03
 0.22330838E-02   -0.50056321E-02    0.88198194E-03   -0.41429539E-02    0.13700136E-03
-0.30822704E-03   -0.82980245E-03   -0.47729185E-04    0.77917315E-04    0.53595395E-04
 0.10141997E-07   -0.14902070E-03   -0.21635933E-04    0.16587897E-03   -0.16205342E-03
-0.38520889E-04   -0.36785074E-03    0.37587978E-03   -0.33025057E-04    0.32204253E-05
-0.37266294E-04    0.11575457E-03    0.21542985E-03    0.69532288E-04    0.23247062E-04
-0.27392600E-02    0.10427014E-04   -0.16734523E-04   -0.34465035E-03    0.89821899E-03
 0.19181130E-02    0.32216822E-03    0.12567906E-03   -0.15957909E-03   -0.10604544E-05
 0.35217274E-03    0.38478462E-03   -0.72362199E-03    0.57804985E-03    0.66045788E-04
 0.72448126E-03   -0.87224654E-03   -0.27526370E-04   -0.14715896E-03    0.33043216E-04
-0.34844142E-03   -0.47951650E-03   -0.70244803E-04   -0.18875452E-03    0.63316166E-02
 0.54867725E-04   -0.50371972E-05   -0.16294721E-05   -0.92553356E-04    0.29770180E-04
-0.18526514E-04    0.31919460E-04   -0.14999539E-05    0.24424844E-04    0.14583407E-04
-0.23252670E-04    0.33815287E-04    0.38464435E-04    0.29023581E-03   -0.33187829E-04
-0.70017709E-04   -0.12389345E-04   -0.68989622E-04    0.33387217E-04    0.25079179E-04
-0.11465821E-05    0.91246526E-04    0.31982707E-05    0.18892942E-03    0.20546135E-03
 0.22025197E-04   -0.49367371E-05   -0.20843592E-04    0.14926269E-03   -0.48708538E-04
-0.24108718E-05    0.43506209E-05   -0.85808688E-04   -0.46072963E-04    0.78903157E-04
 0.21041900E-04   -0.36063529E-03    0.17272645E-05    0.12077275E-03    0.30529213E-04
 0.13010431E-04    0.10835677E-03   -0.73316245E-04   -0.68835480E-04   -0.80914897E-06
-0.14706221E-03   -0.82534688E-04   -0.75091955E-03   -0.59737122E-03   -0.29310795E-04
 0.20740689E-04    0.15874023E-04   -0.45496145E-03    0.16013527E-03    0.90688605E-04
 0.10138636E-03    0.24479768E-03   -0.19378127E-03   -0.15588787E-03   -0.88735313E-04
 0.12113406E-02   -0.17765879E-04   -0.38386022E-06    0.54137500E-05    0.17535378E-05
-0.64071566E-05   -0.10013966E-05   -0.33679735E-05    0.54156270E-05   -0.54782291E-05
 0.39512892E-05    0.72368318E-05    0.17486470E-05    0.14015224E-04   -0.58657082E-04
-0.13152400E-04    0.48119556E-06    0.65690585E-05    0.14581029E-05    0.73984954E-05
 0.33861010E-05   -0.21035206E-05    0.26775526E-05    0.97619316E-05    0.27286335E-04
-0.77545713E-05    0.55265455E-05    0.17323105E-04    0.73291401E-04   -0.28963286E-05
 0.20513053E-05    0.25949416E-04    0.14581712E-04    0.11250496E-04    0.11723351E-05
-0.71607342E-05   -0.19747617E-04    0.17384108E-05   -0.21191238E-04    0.30597959E-04
 0.52339116E-05   -0.20619373E-04   -0.32705893E-05   -0.24007180E-04   -0.42147664E-05
 0.29262083E-05    0.17340351E-04   -0.37117087E-04   -0.51965651E-04    0.21051948E-04
-0.15800643E-04   -0.43090129E-04   -0.17191858E-03    0.52042516E-05   -0.77209856E-05
-0.74484518E-04   -0.51248292E-04   -0.28685212E-04   -0.19078768E-04    0.19551612E-04
 0.60268483E-04   -0.21568982E-05    0.47483348E-04   -0.19734646E-02   -0.90912960E-04
 0.45780358E-04   -0.78446001E-04   -0.43055607E-03   -0.40781602E-04    0.35174836E-04
 0.30644113E-04    0.32574610E-04   -0.22325833E-03   -0.54437372E-04    0.52951142E-03
 0.75896956E-03   -0.79138109E-02   -0.64320498E-04    0.33706127E-04    0.14745787E-03
 0.19027469E-03    0.50430546E-03   -0.12260561E-03    0.15006124E-04    0.26272743E-04
-0.16639930E-03    0.34412197E-04    0.21859396E-03    0.65179442E-04   -0.34821360E-04
-0.21705001E-03    0.12474514E-03    0.17420696E-03   -0.89766110E-04    0.11005949E-03
-0.87075248E-04   -0.16184215E-03    0.24191328E-03   -0.30823974E-04    0.37392113E-04
-0.19393191E-04    0.21186806E-04   -0.69701623E-04   -0.47457495E-03   -0.19187013E-03
-0.57551756E-03    0.17911563E-03   -0.40734086E-04    0.18193774E-05   -0.22359468E-03
-0.18309742E-03    0.35249418E-04   -0.12456775E-03    0.42147032E-04    0.26283174E-03
-0.42021189E-03   -0.36375818E-03    0.32677356E-03    0.19636262E-04    0.23761893E-04
-0.81297676E-04   -0.52255777E-03   -0.17408852E-03    0.19715341E-04    0.26949738E-04
 0.73113890E-02   -0.27574480E-03   -0.42509671E-04   -0.33871406E-05   -0.55386146E-04
-0.23232684E-04   -0.16169086E-04   -0.28711695E-04    0.41987789E-05    0.38013506E-04
-0.14354494E-05   -0.78019679E-04    0.20090213E-03   -0.10455206E-03   -0.60417065E-03
 0.27993409E-03   -0.51710572E-04    0.10211546E-03    0.49329364E-05    0.58508557E-04
-0.27456125E-04    0.84443086E-05    0.19953917E-04   -0.64559002E-04    0.79482141E-05
 0.12404879E-04   -0.49831754E-05   -0.34779995E-04   -0.83712378E-04    0.47194709E-04
 0.46343148E-04   -0.75078351E-04    0.57088839E-04   -0.19558164E-04    0.33075335E-04
 0.88149207E-04   -0.10872262E-04    0.11307248E-05    0.29070283E-05   -0.44575332E-03
 0.71961175E-04   -0.19347625E-03    0.57459220E-06   -0.28211491E-04    0.29796209E-04
-0.14543697E-04   -0.68268072E-04   -0.10822253E-03   -0.12229760E-03    0.34403186E-04
-0.15141305E-04    0.72081176E-04    0.10824451E-03   -0.89449869E-04   -0.31343217E-04
 0.19191956E-03   -0.24775838E-04    0.32601090E-04   -0.77305375E-04   -0.12328274E-03
-0.28938219E-04   -0.22589225E-04   -0.64547230E-05    0.10151609E-02    0.10593014E-02
 0.22313025E-03    0.20181914E-04    0.95656916E-06    0.69972731E-04    0.48388966E-04
-0.24914352E-04   -0.15593821E-04   -0.23108473E-04    0.65806300E-05    0.38972414E-04
-0.11564697E-03    0.10241057E-03   -0.54174168E-03    0.17176278E-02   -0.67437018E-04
 0.52375399E-03   -0.44620439E-04   -0.33741229E-04   -0.48546387E-04    0.40667755E-04
-0.37311746E-05   -0.27097111E-04    0.72612512E-04    0.17581122E-05   -0.44105375E-05
-0.12421232E-04   -0.13217365E-04    0.35675538E-04   -0.67013169E-04   -0.92354739E-04
 0.15034223E-04   -0.65689660E-04   -0.26350228E-04    0.23285885E-04   -0.23002337E-04
 0.91204584E-04   -0.11052897E-04    0.14742074E-05    0.17670357E-03   -0.74240724E-03
 0.15914138E-03    0.68387949E-04    0.70501527E-04   -0.64450835E-04    0.16096456E-04
-0.47600820E-04   -0.67447347E-04    0.11474423E-03   -0.62123645E-04    0.27115969E-04
-0.33477291E-04   -0.35185174E-04    0.85221813E-04    0.96713679E-04   -0.68727899E-04
 0.13216375E-03    0.29645042E-04    0.70628808E-04    0.33080756E-04   -0.15130031E-03
 0.34483563E-04   -0.62761883E-05   -0.62897770E-03   -0.21404894E-03    0.15488704E-02
-0.22125170E-03   -0.39223353E-04    0.23271130E-04   -0.56866604E-05   -0.18442417E-04
-0.80966673E-04    0.29668808E-04    0.14297580E-04    0.12314835E-04   -0.52842439E-04
-0.60180714E-03    0.95606385E-03   -0.14548917E-02    0.26658278E-02    0.86954616E-04
 0.25542185E-05    0.64908011E-03   -0.88561861E-05   -0.18870394E-04    0.29983030E-05
 0.72802174E-05    0.11935461E-03   -0.34562615E-04   -0.49286095E-04   -0.65716001E-04
 0.18365003E-04   -0.32457747E-04   -0.94164333E-04    0.45526272E-04    0.38334157E-04
-0.69541605E-05    0.42978049E-04   -0.40759213E-05   -0.95646369E-04    0.50516357E-04
 0.32579082E-03    0.59228187E-05   -0.21682942E-07   -0.11081376E-03    0.51389485E-04
-0.10251642E-02   -0.70991799E-05   -0.38893236E-04   -0.10677941E-04   -0.25373822E-06
-0.23978799E-03    0.77162943E-04   -0.16587526E-03    0.84214502E-04   -0.32029198E-04
 0.62880077E-04    0.17716484E-03   -0.11016589E-03   -0.53554179E-04   -0.39922305E-04
-0.16241584E-03   -0.15141134E-04    0.19509673E-03    0.23748980E-04   -0.55486555E-03
 0.34063627E-05    0.77433338E-06    0.15329180E-03    0.10075145E-03    0.20781299E-04
 0.16267087E-02    0.46090968E-04   -0.21284611E-04    0.43019887E-04    0.50992244E-04
 0.19266107E-05   -0.44972375E-04    0.14390693E-04    0.67913960E-05   -0.26679513E-04
 0.41462814E-04   -0.57605603E-04    0.84096112E-04   -0.15687058E-03    0.24856764E-03
 0.13872023E-04    0.37592981E-05   -0.38287081E-05    0.57561223E-03    0.31494194E-03
-0.20796980E-04   -0.86963590E-05   -0.14877905E-03    0.64393386E-04   -0.12375221E-03
 0.13251572E-03   -0.16874449E-04    0.20449092E-04   -0.94562763E-04    0.50048777E-04
 0.35476093E-04   -0.50188014E-04    0.45835427E-04    0.21123329E-04    0.76856952E-04
 0.51307507E-05   -0.12267940E-04    0.25007926E-04   -0.30709769E-05    0.30416903E-06
-0.54154619E-05   -0.89015805E-05   -0.82196593E-03   -0.44974519E-03    0.69234429E-04
 0.68183472E-05    0.11489937E-03    0.16819094E-04    0.23506874E-04   -0.39679786E-04
-0.26788692E-05   -0.20439374E-04    0.13299393E-03   -0.91695331E-04   -0.70229349E-04
 0.19121777E-04   -0.11924579E-03   -0.30660163E-04   -0.23626344E-04   -0.26220300E-04
 0.62891563E-04   -0.25476182E-04    0.52941853E-05    0.15053871E-03   -0.18951310E-04
-0.30222264E-04    0.88320917E-04    0.15649114E-02   -0.29040248E-03   -0.24388344E-04
 0.25905257E-04    0.96155094E-05   -0.30996750E-04   -0.75671774E-05    0.87796028E-06
-0.12126738E-04    0.37613422E-04   -0.44375345E-04   -0.76068667E-04    0.20256644E-03
-0.26356755E-04   -0.56593829E-03   -0.36465159E-04    0.43449150E-04   -0.16364812E-04
 0.32283536E-03    0.82043808E-03   -0.50587779E-04   -0.26513202E-05   -0.85948572E-05
 0.25418769E-04   -0.41168475E-03    0.12291769E-03    0.14203628E-04    0.18829255E-04
-0.15872402E-03    0.56729344E-04    0.99858127E-04   -0.62416220E-04    0.19661439E-03
-0.29030421E-04   -0.91995884E-05    0.75565782E-04   -0.88258325E-04   -0.49453030E-06
-0.55684167E-05    0.62639403E-04   -0.72231155E-04   -0.47732008E-04   -0.46124131E-03
-0.12284611E-02    0.89484304E-04    0.52415616E-05   -0.71649337E-04    0.15000346E-04
 0.37906280E-03   -0.15053365E-03   -0.31675871E-04   -0.36110358E-04    0.21649903E-03
-0.39524328E-04   -0.12811094E-03    0.33821243E-04   -0.26809807E-03    0.30586306E-04
 0.71060357E-04   -0.26548117E-03    0.77078032E-04    0.47716836E-05    0.88501217E-05
 0.10016730E-02    0.79141181E-04    0.47553599E-05    0.55320718E-04    0.77623086E-03
 0.23076724E-02    0.60510466E-04   -0.38781052E-05   -0.10474075E-04    0.91963421E-05
-0.26596104E-04    0.62447155E-05   -0.26885826E-05   -0.28068242E-04   -0.65086320E-05
 0.51243131E-04   -0.33895860E-03    0.54703594E-03   -0.10339042E-02    0.20117645E-02
 0.20966050E-05    0.24492197E-04    0.23238972E-05   -0.23429883E-04   -0.45692005E-04
 0.13809833E-03   -0.21073973E-04    0.47942802E-04    0.98044854E-04   -0.62789916E-04
-0.35240093E-04    0.87609207E-05    0.46214975E-06    0.94196337E-05    0.71378874E-05
-0.22865799E-04    0.23769149E-04   -0.27668048E-04   -0.35811240E-04    0.28804005E-04
 0.15991961E-04    0.23528239E-04   -0.46112298E-05    0.17722510E-06    0.78772656E-05
-0.41612056E-04   -0.65159417E-05    0.72302879E-04    0.70075698E-04   -0.22507067E-03
 0.32416568E-04   -0.12382911E-03   -0.11263071E-03    0.62983830E-04    0.10407880E-03
-0.15872799E-04   -0.41841863E-05   -0.28620610E-04    0.31819554E-04    0.38425504E-04
-0.54536461E-04    0.19017160E-04   -0.20056672E-06   -0.19167103E-04   -0.57245870E-04
-0.42920806E-05   -0.10844062E-04    0.10267120E-05   -0.15675655E-03   -0.28146046E-04
 0.92726414E-04    0.47925989E-04   -0.11662346E-03   -0.13358772E-03    0.40679761E-03
-0.66351689E-05   -0.34098978E-05    0.43338671E-05   -0.28416981E-05    0.11594498E-05
 0.18463273E-05    0.22610575E-05    0.83986058E-05    0.40287807E-05    0.11817825E-05
 0.15702884E-04   -0.49534649E-04    0.53957424E-04   -0.11193879E-03    0.46574867E-05
-0.10669276E-05    0.77864283E-05   -0.85956871E-05   -0.40616853E-05   -0.20448551E-04
 0.88166549E-05    0.26758411E-05   -0.35915076E-05    0.61848750E-05   -0.27952592E-04
-0.26789427E-05   -0.11608752E-05   -0.50546114E-05   -0.26941467E-05    0.40070887E-05
-0.11431868E-05   -0.12451002E-06   -0.88088655E-06    0.59663664E-05    0.49598340E-05
-0.83566234E-05    0.10745807E-05    0.63271647E-06   -0.98223972E-05    0.82059381E-05
-0.24612512E-05    0.77124468E-05    0.97493424E-05    0.31483846E-04   -0.12127491E-04
 0.13754743E-04    0.67052107E-06   -0.13120099E-04    0.32217087E-04    0.47206692E-05
 0.33831798E-05    0.56970008E-05   -0.12786532E-05   -0.43363251E-05    0.11020853E-04
 0.88762218E-05    0.23100777E-05   -0.85880476E-05    0.73018111E-05    0.97434013E-05
 0.21671448E-05   -0.12528728E-05    0.18224661E-04    0.17393948E-04   -0.63043374E-05
 0.12326319E-04   -0.79202713E-05   -0.79826069E-05   -0.60490106E-04    0.25583308E-04
-0.64506412E-03   -0.39295917E-04   -0.58024228E-05   -0.10647874E-03   -0.11010225E-03
 0.10182468E-03    0.20764568E-04    0.85436867E-05   -0.11393138E-03   -0.11787215E-03
-0.39987628E-03    0.85502906E-03   -0.11387064E-02    0.31500598E-04    0.73503882E-05
-0.27165992E-04    0.16710076E-03   -0.10906253E-03    0.10370180E-03    0.16398392E-04
 0.56773118E-05    0.84719044E-03    0.14902283E-03    0.80373370E-04   -0.62006229E-04
 0.32621799E-04   -0.53216999E-04   -0.68540012E-04   -0.26948736E-04    0.13090720E-03
 0.71115331E-04    0.99224924E-04    0.62921433E-04   -0.22393395E-04    0.12588648E-03
-0.43460857E-04   -0.17238930E-04   -0.10526538E-04   -0.99671066E-05   -0.27619139E-04
-0.36362127E-03    0.66934723E-04   -0.22513831E-03   -0.74156766E-04    0.59382259E-05
-0.12234413E-02   -0.31103439E-03   -0.56345813E-04    0.30032788E-03   -0.97325694E-04
 0.92914714E-04    0.15063151E-03   -0.49847751E-04   -0.92669224E-04   -0.46251202E-04
-0.12141538E-03    0.25851990E-04    0.41577320E-04   -0.26423406E-03   -0.41016005E-04
 0.69161623E-05    0.41513372E-05    0.17630786E-02    0.32472499E-03   -0.10883719E-03
 0.16035987E-03    0.25857863E-04    0.24992228E-03    0.14581382E-03    0.39512525E-05
 0.25470760E-02    0.25924529E-03   -0.41010372E-04    0.14946698E-04    0.18095929E-04
 0.10950140E-03    0.41776656E-04   -0.67438371E-05    0.39680780E-05   -0.25304377E-05
 0.14982773E-03   -0.37522750E-03    0.31210432E-03   -0.13163182E-02    0.27703737E-02
-0.17342176E-04    0.49505214E-04   -0.60099303E-04    0.64443741E-04    0.93714238E-06
 0.98698414E-04   -0.44741151E-05    0.17875245E-03    0.16465998E-02    0.56272722E-04
 0.45668793E-04   -0.37403798E-04   -0.53773612E-04    0.13430714E-03   -0.18333297E-03
-0.80542485E-04    0.68097965E-04   -0.91182407E-05    0.39503238E-04   -0.48242648E-04
-0.84047461E-04    0.11479134E-03   -0.12358293E-04   -0.64663140E-05   -0.96362542E-04
-0.76667559E-04    0.18620586E-03    0.24666796E-04    0.84480002E-04   -0.12722185E-03
 0.36089120E-05   -0.25661305E-03   -0.22505599E-02   -0.91047013E-04    0.16188848E-04
 0.72386913E-04    0.81448267E-04   -0.26056200E-03    0.22349405E-03    0.50292450E-04
 0.15646790E-04    0.41851963E-04   -0.10863844E-04    0.20247734E-03    0.10731531E-03
-0.96187368E-04   -0.13962553E-04    0.11699443E-04   -0.10025291E-02   -0.17440664E-03
 0.17983422E-03   -0.11944943E-03   -0.19463319E-04   -0.15310193E-03    0.19770511E-03
 0.23863028E-05    0.31731312E-03    0.43005077E-02   -0.34041869E-03    0.22202807E-04
 0.66073410E-04    0.36201294E-04   -0.10153730E-03   -0.16686060E-03    0.10285166E-04
 0.29186833E-05    0.73119790E-04    0.25121552E-04    0.31327711E-03   -0.27828263E-03
 0.91556415E-03   -0.28095052E-02    0.27693066E-04    0.58462421E-04   -0.17961993E-05
 0.71833059E-05   -0.27903040E-03   -0.97183364E-04    0.57795488E-05    0.14139573E-03
 0.19019822E-05    0.21528542E-01    0.63290299E-04    0.11111613E-04   -0.49350603E-04
-0.59968919E-04    0.22433745E-03    0.14324894E-03   -0.13059426E-03   -0.11334220E-04
 0.92532264E-05   -0.12108810E-03   -0.13370386E-03   -0.32428388E-04   -0.16030295E-05
-0.11079007E-04   -0.50015209E-04    0.67536932E-05   -0.18907144E-03   -0.25470047E-04
 0.44837332E-03    0.90484387E-04   -0.53069834E-06   -0.17579171E-04   -0.23503787E-04
-0.12593457E-01    0.18331406E-03   -0.81957248E-04    0.48910929E-06    0.13792982E-03
-0.38811445E-04   -0.15740830E-04    0.22595862E-03   -0.56247708E-04   -0.23360953E-03
 0.43436493E-04    0.21740096E-03   -0.17559802E-04    0.33701153E-04    0.26270826E-04
 0.83664361E-03    0.13654134E-03    0.11257213E-03   -0.52448034E-04   -0.15126275E-04
-0.87572025E-03   -0.19986315E-03    0.10022512E-04    0.39076796E-03    0.36152065E-04
 0.43735948E-01   -0.79666025E-04    0.36067282E-04   -0.92553297E-05   -0.52843898E-04
-0.12705411E-04   -0.24013327E-04   -0.12266420E-04   -0.48077105E-04   -0.45702606E-05
 0.90547606E-07    0.56203100E-04   -0.28346112E-03    0.32540854E-03   -0.14727057E-02
-0.40474290E-04    0.53593310E-04   -0.62702556E-04    0.16517263E-03    0.16252207E-03
-0.64572642E-04   -0.21571014E-04   -0.12642145E-03   -0.72270592E-05    0.80940084E-04
 0.98010102E-03    0.20641622E-04   -0.30094397E-04    0.47881422E-04    0.12691040E-04
-0.11579587E-04    0.11134178E-03    0.52116394E-04    0.59533447E-04   -0.93394659E-04
-0.82317171E-04   -0.10716748E-05   -0.55603186E-04    0.40855629E-06    0.28760976E-04
-0.11525738E-03    0.54686821E-04   -0.15036413E-03   -0.17472277E-03    0.13342665E-03
 0.23921028E-04    0.24068425E-03   -0.58732723E-05   -0.44804511E-03   -0.17661835E-02
 0.98316657E-05    0.51071431E-04   -0.26018808E-05   -0.40117842E-04   -0.22438497E-04
-0.14065881E-03   -0.78306439E-04   -0.56983928E-04    0.72593017E-04    0.14454515E-03
-0.85922140E-05    0.14158434E-03   -0.18635333E-05    0.59757442E-03   -0.41113351E-04
 0.41505586E-04   -0.18300419E-03    0.18791290E-03    0.31189797E-03   -0.14480016E-03
-0.50782094E-04   -0.49247937E-04   -0.54347636E-04    0.10724618E-03    0.32732731E-02
-0.41829106E-04    0.31832909E-05    0.50418601E-05    0.31551100E-04    0.30480451E-04
-0.18720638E-04   -0.77221887E-06    0.26559131E-04    0.15230836E-04    0.26797931E-04
-0.12713878E-03    0.21497216E-03   -0.53095216E-03    0.10421475E-02   -0.16361256E-04
-0.27286578E-05    0.17042673E-05   -0.22433109E-04    0.31825965E-05    0.11716619E-04
-0.39428672E-05    0.10327286E-04   -0.25375166E-04    0.81504511E-04    0.20835875E-04
 0.76173904E-04   -0.15948637E-04    0.27538154E-05   -0.12897235E-04    0.83188213E-05
-0.78787687E-05    0.34255907E-04   -0.63688816E-05   -0.41542944E-04   -0.87838341E-06
-0.17923249E-04   -0.77994781E-05   -0.33110764E-05    0.15400546E-04    0.80189785E-05
 0.31636055E-05    0.16937882E-04   -0.19872998E-04   -0.18593210E-04    0.80307732E-05
-0.49330791E-04    0.30634842E-04   -0.49781404E-04    0.84211913E-05   -0.12629144E-03
 0.20498507E-04   -0.20088305E-04    0.23185429E-04   -0.25589529E-05    0.30326501E-04
-0.45159346E-04    0.12561768E-04    0.47526064E-04    0.20319998E-04    0.15544903E-04
-0.43860637E-05    0.43537907E-05   -0.35062419E-05   -0.91939149E-05   -0.27120647E-04
 0.82021686E-05   -0.17620412E-04   -0.97790934E-05    0.34131609E-05   -0.39603963E-05
 0.72062850E-06    0.33825143E-04    0.84413336E-04   -0.49824471E-04    0.26588755E-03
 0.10235830E-03    0.14222037E-04    0.46921147E-05    0.26975463E-05    0.30698329E-04
 0.40866751E-05   -0.12444476E-04   -0.10505631E-04   -0.10829176E-05    0.37977636E-05
 0.10244720E-04    0.14458723E-04   -0.22443176E-03    0.60232161E-03   -0.41405120E-04
-0.18748411E-04   -0.32120066E-04    0.10529231E-04   -0.96847687E-06    0.93674723E-05
-0.32065033E-05   -0.41463051E-04   -0.47302332E-04   -0.79250043E-04   -0.17097430E-04
-0.16242651E-04    0.81055927E-04    0.23613248E-04   -0.53136295E-05   -0.40434168E-04
-0.65505537E-05   -0.18172572E-04   -0.23180142E-05   -0.10187297E-04   -0.13909167E-04
 0.80139163E-04   -0.18552155E-05   -0.51215007E-05    0.56763921E-04    0.15199400E-04
 0.55876588E-04   -0.25443366E-04   -0.21164635E-04   -0.17418083E-04    0.40877212E-05
 0.73229043E-04    0.10026885E-03    0.68212043E-04    0.73001100E-04    0.17974064E-04
-0.12264439E-03   -0.46253984E-04    0.18952321E-04    0.70022831E-04   -0.29029764E-06
-0.84971706E-05   -0.27500481E-04   -0.64627700E-05    0.34330110E-04   -0.88137883E-04
-0.22024336E-05    0.10315364E-04   -0.29328893E-03   -0.14896045E-03   -0.51206857E-04
-0.64883477E-04    0.37902632E-04    0.28089221E-05    0.22829029E-04   -0.46293356E-05
-0.14332930E-03   -0.45141554E-05   -0.20429646E-03   -0.80592899E-04   -0.31824684E-04
 0.23693603E-03    0.60383024E-04   -0.13280331E-04    0.36405720E-05   -0.35546759E-04
 0.34109804E-04    0.39657424E-04   -0.28226224E-04   -0.24980756E-04   -0.30598937E-04
-0.79406860E-04   -0.11073460E-03    0.10071528E-03   -0.60143349E-03    0.83996613E-03
-0.51839691E-04    0.12854859E-04   -0.96774283E-04   -0.97856645E-04   -0.15173079E-03
 0.11846230E-04   -0.45836646E-05   -0.14601159E-04    0.11275660E-03    0.44625186E-04
 0.57616796E-04   -0.45774958E-05    0.23291751E-04    0.54889934E-03    0.41751832E-04
-0.31516212E-04    0.16218676E-03   -0.63114472E-05   -0.70905039E-05    0.77539848E-06
-0.72451830E-04   -0.12467726E-03   -0.26745469E-04   -0.26195332E-04    0.80891260E-04
 0.12178027E-04    0.16807710E-03    0.13886815E-03    0.20861353E-03   -0.40716150E-04
 0.62037719E-05    0.84394402E-04   -0.23122176E-03    0.11819133E-03    0.52623284E-05
-0.33815691E-05   -0.46788663E-04   -0.80831364E-03   -0.10076538E-03    0.87014023E-04
-0.17542987E-03    0.67666761E-04    0.80333772E-04    0.12496046E-04    0.15455240E-03
 0.20094942E-03    0.46846748E-04    0.37640021E-04   -0.63176638E-04   -0.96894735E-04
-0.23246299E-04   -0.93342192E-04   -0.24491050E-03   -0.31282663E-03    0.29972499E-04
-0.11662481E-04    0.46218163E-04    0.25147433E-03   -0.15190776E-03   -0.12874570E-05
 0.29957949E-04    0.78433351E-04    0.14571996E-02   -0.85146354E-04   -0.12824155E-04
 0.34107754E-04   -0.30180699E-04    0.24642686E-04    0.11581882E-04   -0.90809279E-05
 0.44147276E-04   -0.29850655E-05    0.34003984E-04   -0.37617468E-03    0.42547611E-03
-0.10865123E-02    0.13384123E-02    0.23428665E-04   -0.22676188E-04    0.54701629E-04
 0.69333287E-04    0.88424942E-04    0.10038599E-04   -0.16541487E-05   -0.25246271E-04
-0.16597905E-03    0.21964457E-03    0.51403266E-04   -0.11350399E-04   -0.82223256E-05
 0.16140548E-04    0.58375505E-03    0.35399098E-03    0.38419792E-04    0.10685969E-03
 0.25828783E-05   -0.19598595E-04   -0.28913197E-05   -0.12944017E-03   -0.20201811E-04
 0.19252615E-05   -0.32151427E-04   -0.12437629E-04   -0.10954105E-03   -0.72179088E-04
-0.26707200E-04    0.31509686E-04   -0.49842796E-05    0.10267960E-04    0.16395899E-03
-0.39346425E-04    0.10608483E-04   -0.86705842E-05    0.27651966E-04   -0.23751635E-04
-0.88911912E-03   -0.49503580E-03    0.45010007E-04   -0.13379081E-03   -0.12842054E-04
 0.33574985E-04   -0.45894574E-04    0.11562503E-03    0.99817952E-04    0.28510166E-05
 0.40014817E-03    0.99685370E-04   -0.85000454E-04    0.94303633E-04   -0.31474162E-04
-0.45588393E-05    0.49154017E-04   -0.11756173E-04    0.22335895E-03   -0.55529929E-05
 0.19690618E-03    0.87632938E-05    0.18677298E-04   -0.79667011E-05    0.58981464E-04
 0.19505707E-02    0.21285575E-03   -0.50472851E-05    0.47784493E-06   -0.92274623E-05
 0.66917357E-04    0.28645634E-04    0.70033601E-05   -0.12417235E-04   -0.51783882E-04
-0.16433212E-04   -0.32793684E-03    0.19859493E-03   -0.91727452E-03    0.22759867E-02
 0.24654791E-04   -0.74226170E-04    0.33877818E-04    0.14520186E-04    0.30861982E-04
 0.30074478E-05    0.29872559E-05    0.10364421E-03   -0.61724159E-04    0.98818471E-04
-0.43032635E-04   -0.15033159E-04   -0.12854034E-04    0.39082073E-06    0.29372486E-03
 0.55568357E-03    0.24371588E-04    0.53323202E-04   -0.81645927E-05   -0.10056109E-04
-0.23176334E-04   -0.65717957E-04   -0.41174236E-06    0.56372625E-05   -0.26380558E-04
 0.71521607E-04   -0.59389689E-05   -0.23995826E-04   -0.22182353E-04   -0.52386888E-05
 0.16630194E-05    0.40004868E-05    0.10083048E-03   -0.28580935E-04    0.66383506E-04
 0.89126970E-05    0.34217536E-04    0.73671833E-04   -0.37199759E-03   -0.74611922E-03
 0.64682117E-04   -0.49744727E-04    0.88385810E-04    0.92809114E-04    0.63625339E-04
 0.10943468E-03   -0.13288694E-07   -0.52778180E-05   -0.12125308E-02   -0.16290913E-03
-0.53720598E-04   -0.26639270E-04   -0.97140573E-04   -0.17693879E-03    0.25077400E-04
-0.45576150E-05   -0.11095890E-03    0.20728144E-03    0.10192955E-03   -0.12086339E-03
-0.14432239E-04    0.10648698E-04    0.31932326E-04    0.81620641E-03    0.16050950E-02
 0.29635132E-03    0.23727449E-04   -0.23880107E-04   -0.20532494E-04   -0.24342503E-04
-0.38020221E-04    0.19028610E-04   -0.10720079E-04   -0.66283401E-04    0.55216010E-04
-0.71357579E-03    0.95279143E-03   -0.23449257E-02    0.50140293E-02   -0.72698806E-04
 0.51534272E-05   -0.22894641E-04   -0.54450772E-04   -0.10629224E-03    0.34777929E-04
-0.27526166E-05    0.81232193E-04    0.85152390E-04   -0.93128187E-04    0.94640593E-04
-0.19263753E-04   -0.11432946E-04    0.18053374E-03    0.46788608E-04   -0.92690814E-05
 0.79311621E-03   -0.33105685E-04    0.35069269E-04    0.43888489E-04    0.40481192E-04
-0.34313030E-04    0.24648810E-08   -0.62196525E-05    0.14884489E-03   -0.91010059E-05
 0.20335332E-04    0.74127335E-05    0.51512100E-04   -0.64106316E-04    0.14407844E-04
-0.10731084E-03    0.41737114E-04    0.14973282E-03   -0.18481822E-03    0.48787959E-04
 0.58800373E-05   -0.20360244E-03    0.40080490E-04    0.10114880E-03   -0.12119644E-02
-0.61553236E-05   -0.22408121E-04   -0.19281785E-04   -0.86309136E-04    0.17603260E-04
-0.30435218E-04    0.94110923E-05   -0.88211910E-03   -0.36027535E-03    0.38119269E-04
-0.51695880E-05   -0.10010255E-03   -0.11979335E-03    0.10627950E-03   -0.13090752E-04
 0.65788381E-06    0.18466264E-03   -0.33102669E-03    0.33308574E-03    0.41255266E-05
 0.25922351E-04    0.33195549E-03    0.61912503E-04    0.20807854E-03    0.24529963E-02
 0.34846295E-03    0.16946952E-04   -0.23902149E-04   -0.34140800E-04    0.10017461E-03
 0.10113834E-03   -0.10238044E-03   -0.93847239E-05   -0.10259391E-06    0.58534151E-04
-0.21005546E-03    0.25932717E-03   -0.42503833E-03    0.22375427E-02    0.26207251E-04
-0.66975314E-04    0.14803137E-05    0.16157111E-04    0.92351434E-04   -0.76749763E-05
-0.29109876E-05    0.69291853E-04    0.29124017E-04   -0.65796328E-04   -0.12019672E-05
 0.24160352E-04    0.41187685E-06    0.54126965E-04    0.50371334E-04    0.44821664E-04
 0.34412179E-05    0.59424682E-03    0.22840115E-03   -0.14883932E-03   -0.58781957E-04
-0.65214793E-04   -0.10888782E-04   -0.11356598E-05   -0.15685284E-04    0.15354816E-03
-0.42848499E-04   -0.89566603E-04   -0.15213838E-03    0.43777610E-05    0.12952375E-04
-0.10454349E-03    0.94670939E-04   -0.13123097E-03   -0.10507146E-03   -0.32514307E-04
 0.26239512E-06    0.19348240E-04   -0.25558133E-04    0.21162172E-04   -0.72792154E-04
-0.92822159E-03   -0.28989746E-03    0.21262597E-03    0.60233473E-04    0.15302680E-04
 0.32062165E-04    0.55865365E-05   -0.15593188E-02   -0.13740365E-03    0.59863079E-04
-0.72473467E-04   -0.27726800E-04    0.68355525E-04   -0.84510725E-04    0.52640793E-05
-0.32890949E-03    0.28408212E-03   -0.30893909E-03   -0.83977404E-04    0.47471403E-04
 0.84088305E-04    0.89967840E-04    0.17367004E-04    0.31068733E-03    0.18899633E-03
 0.20054172E-02   -0.12655766E-04   -0.14200339E-04   -0.48395380E-04   -0.92130296E-04
-0.55073847E-04    0.41957394E-04   -0.37328937E-04   -0.61834997E-04   -0.68331627E-04
-0.18720766E-03   -0.95830435E-05    0.18619973E-03   -0.20365660E-03   -0.10874757E-03
-0.37918660E-04   -0.38182740E-04    0.24546757E-04   -0.75752782E-05   -0.27430257E-04
-0.40860570E-04   -0.33362970E-05    0.56565413E-04    0.86727400E-05   -0.96457986E-04
 0.91025243E-04   -0.54732855E-06    0.73904292E-05    0.24415039E-04    0.40168231E-04
 0.20602478E-04    0.37564734E-04    0.18563997E-03    0.59641422E-03    0.13233373E-04
 0.42915946E-04   -0.65041322E-04   -0.10769730E-05   -0.95949531E-05    0.57291923E-04
 0.22190282E-04   -0.64338203E-05    0.86638259E-05    0.55784032E-05    0.54672011E-06
 0.18512202E-05    0.16445170E-04   -0.30818462E-04   -0.13281607E-03    0.37257336E-05
-0.68809166E-05   -0.30541736E-04    0.80640201E-05   -0.83139839E-04    0.23987367E-04
-0.49616962E-04   -0.26480068E-03   -0.75615371E-03   -0.45255980E-04    0.39362112E-04
 0.47426954E-04    0.47344680E-04    0.11488717E-04    0.69875447E-04   -0.17148182E-04
-0.78076417E-04    0.33412942E-04   -0.10345048E-03   -0.19231319E-03   -0.42926113E-04
-0.39432117E-05    0.16167337E-03    0.83274458E-04    0.43272016E-04    0.10197625E-03
-0.99662201E-05    0.24142675E-04    0.45209923E-04   -0.38997043E-04    0.38175935E-04
 0.79637267E-04    0.47475178E-03    0.19656950E-02    0.64378952E-03    0.22255709E-04
-0.23545710E-04    0.10469188E-04    0.10677885E-03    0.16083301E-04   -0.75711357E-05
-0.33299492E-04   -0.10978530E-04    0.68596438E-04   -0.16929257E-03    0.67067154E-04
-0.87119291E-03    0.32223006E-02    0.40459533E-04    0.13369786E-05   -0.14141891E-03
 0.38682917E-05   -0.15158293E-03    0.73073065E-04   -0.24333602E-05    0.52594751E-04
 0.91136680E-05   -0.16833523E-03   -0.11161913E-03   -0.55935025E-04    0.16802503E-05
 0.79149332E-04   -0.35998928E-05   -0.60552402E-04    0.82944350E-04   -0.16986738E-03
 0.61098462E-04    0.11526290E-02    0.11718044E-03   -0.59463743E-04   -0.18679356E-04
 0.76519816E-05   -0.15586783E-04    0.32940824E-04    0.35436051E-03    0.61830602E-04
 0.21267157E-03   -0.76942032E-04    0.90430399E-05   -0.78457543E-04    0.17256378E-03
 0.14543720E-03    0.64152334E-04    0.50679950E-04   -0.15505257E-04   -0.11289583E-03
 0.12681683E-03    0.14474797E-03   -0.14499345E-03    0.90240523E-04   -0.10920369E-03
-0.11980310E-02   -0.12455036E-03    0.12122064E-03    0.26272144E-04   -0.12126803E-04
-0.19716863E-02   -0.23257419E-03    0.20194224E-03   -0.15302157E-03   -0.25867769E-04
-0.34908170E-03    0.14247669E-03   -0.75183773E-05   -0.37713810E-03    0.18227850E-03
-0.34362939E-03   -0.25295245E-03   -0.61470169E-05    0.78318384E-04    0.21398488E-05
-0.11967318E-06    0.27993407E-03    0.30679497E-03    0.16157533E-03    0.70647789E-04
 0.34776971E-02    0.31433592E-03    0.10701461E-05    0.27253495E-05    0.58779048E-04
 0.13624468E-03    0.23210858E-04   -0.31466698E-04   -0.99374811E-05   -0.13154903E-05
 0.27149124E-04   -0.27953640E-03    0.28866359E-03   -0.67136275E-03    0.20267227E-02
 0.48048177E-04    0.30263794E-05   -0.76490832E-06    0.13812227E-05   -0.20634871E-04
 0.39780314E-04    0.16997925E-06    0.27012557E-04   -0.19565686E-04   -0.19220985E-03
-0.14400264E-03   -0.18371590E-04    0.87321004E-05   -0.35075995E-04   -0.19524116E-04
 0.10244194E-04    0.76060008E-04   -0.23208135E-04    0.60094626E-04    0.19078892E-03
 0.49816295E-03    0.19886935E-04   -0.60946089E-04    0.56141502E-05   -0.64936513E-04
-0.49670261E-04    0.12330172E-03   -0.16200096E-04   -0.73609352E-04   -0.62135032E-04
 0.62541948E-05   -0.84573539E-04    0.11337886E-03    0.20468527E-03    0.25780981E-03
 0.44676606E-04    0.68224733E-06    0.91958902E-04    0.17601290E-04   -0.82042305E-05
-0.17561532E-03    0.33939582E-05    0.53916822E-04   -0.21896723E-03   -0.70343160E-03
 0.10159795E-03    0.29261544E-04   -0.14582429E-04   -0.94341134E-03   -0.40705302E-04
 0.71802679E-04    0.45992630E-05    0.92971811E-04   -0.15706954E-03    0.60783955E-04
 0.76220977E-06   -0.10755718E-03    0.13885458E-03   -0.62717739E-03   -0.29648273E-03
 0.78687806E-05    0.45147787E-04   -0.27790110E-03   -0.27579340E-04    0.18112586E-03
 0.12706921E-03    0.15151734E-03   -0.24820814E-04    0.68938886E-03    0.18369483E-02
-0.23800350E-03   -0.10688264E-04   -0.11695906E-04    0.71707079E-05   -0.11995014E-04
-0.97122338E-04    0.11809663E-04   -0.19061732E-05   -0.31950173E-04   -0.86188577E-04
-0.53914201E-03    0.99615406E-03   -0.17525308E-02    0.22872612E-02   -0.15451487E-04
 0.77270484E-04    0.31799071E-03    0.29453643E-06   -0.43228153E-04    0.12613589E-04
-0.95977366E-05   -0.38350698E-04    0.13873113E-03   -0.68320079E-04    0.72661293E-04
-0.10200455E-07    0.63537249E-04   -0.13052165E-03   -0.10729533E-03   -0.10885871E-03
-0.41063162E-04   -0.71533509E-04   -0.91339480E-04   -0.12169627E-03    0.20368751E-04
 0.83262856E-03    0.23069538E-04    0.66131743E-05   -0.64823881E-04   -0.10076368E-03
-0.57791853E-03    0.13315169E-04    0.12899507E-04    0.83388576E-05    0.51171887E-05
-0.20998232E-04   -0.22362021E-03   -0.16791870E-05    0.12406104E-03   -0.14224255E-04
-0.92540684E-04    0.22533237E-03    0.10805574E-03    0.12133223E-03    0.50511543E-04
-0.31893125E-04    0.20401529E-04    0.96166752E-04    0.83573530E-05   -0.12334271E-02
-0.25612142E-04   -0.11151139E-04    0.75914530E-03   -0.53128136E-04    0.23298457E-03
 0.74960663E-03    0.15305168E-03    0.28422428E-04    0.60947515E-04   -0.24396939E-04
 0.54077768E-04   -0.89860260E-04   -0.17762907E-03    0.19373245E-03   -0.18407710E-04
 0.24602779E-03   -0.20032140E-03   -0.90202774E-04   -0.27843816E-03   -0.13604423E-03
-0.33191596E-03   -0.12471853E-03   -0.21476994E-03   -0.28879520E-04    0.23316850E-02
 0.32298511E-04    0.16089767E-04   -0.63243343E-05    0.29527642E-04   -0.17673552E-04
-0.29888514E-05    0.34947709E-05    0.15477965E-04   -0.46866961E-05    0.80473897E-06
 0.20450963E-04    0.98970248E-04   -0.70280361E-04    0.31492475E-03   -0.39232926E-07
-0.14718593E-05   -0.13832989E-04    0.29191644E-04   -0.70208341E-05   -0.10504149E-05
-0.61368908E-06   -0.23594086E-04   -0.23423997E-04   -0.65530448E-04   -0.32725435E-04
-0.92953395E-05    0.72317791E-05   -0.16262180E-04   -0.27128269E-04   -0.75581175E-05
 0.68959668E-05   -0.89813152E-05    0.17002769E-05    0.28309951E-05   -0.55302282E-04
 0.23636530E-04    0.49424392E-04    0.11531907E-05   -0.55174084E-05    0.12088195E-04
 0.11434680E-04   -0.53047657E-04   -0.22310475E-04   -0.27629324E-04    0.70543120E-05
-0.23910530E-04    0.16314886E-04    0.16909683E-03    0.10395500E-03   -0.49989882E-05
-0.75455004E-05    0.18986182E-04    0.10939404E-03    0.34836891E-04   -0.54694888E-04
-0.16009668E-04    0.11737626E-04    0.39472614E-04    0.30023673E-04   -0.33952219E-04
-0.23187103E-03    0.42123575E-07   -0.17249912E-03    0.19477256E-04    0.29153316E-04
 0.40482094E-05    0.55813788E-04   -0.21686269E-04    0.38543490E-05   -0.86987848E-05
-0.62484205E-04    0.63424062E-04   -0.13538399E-03   -0.12125689E-03    0.49887249E-05
 0.16433232E-04   -0.25792109E-04   -0.13762508E-03    0.20898211E-04    0.21952982E-04
 0.68723661E-04   -0.25265405E-04   -0.17903467E-04   -0.27959334E-04    0.27020094E-04
 0.48595764E-03    0.11042647E-04   -0.28427001E-05    0.61076857E-06    0.66461284E-06
 0.15525597E-05   -0.45183563E-05    0.60823225E-05    0.14647755E-05    0.55054858E-05
 0.54595947E-05   -0.31642236E-05    0.46380038E-05   -0.17947443E-04    0.63113276E-04
 0.57827844E-05   -0.98740628E-06    0.98443763E-07   -0.25234554E-05   -0.42673859E-05
-0.46707065E-06    0.71537907E-06   -0.63678510E-05   -0.69157572E-05   -0.94442421E-05
 0.41907720E-05   -0.25990809E-05   -0.84603939E-05   -0.25553636E-04   -0.12822101E-05
-0.17902969E-05   -0.86417042E-05   -0.64844174E-05   -0.69981495E-05    0.40404021E-05
-0.72772603E-06    0.61280289E-05    0.20261821E-06    0.91641356E-05   -0.10139782E-04
-0.10630535E-07    0.16940593E-05    0.38543982E-05    0.60599631E-05    0.23627468E-05
-0.13835130E-05   -0.15598167E-05    0.12298382E-04    0.15314303E-04   -0.89688546E-05
 0.24952368E-05    0.12348515E-04    0.37209069E-04    0.99534789E-05    0.49247541E-05
 0.11926713E-04    0.13685195E-04    0.86796592E-05   -0.40157098E-05   -0.51096688E-05
-0.12933932E-04    0.11112314E-05   -0.12037810E-04   -0.28519991E-04    0.87699295E-05
 0.76226359E-06   -0.44314603E-05    0.28322406E-05    0.27031949E-06    0.35165788E-06
 0.18187186E-05   -0.71523123E-05   -0.86640491E-05   -0.43216343E-05   -0.12683025E-05
-0.54599852E-05   -0.13822441E-04   -0.61281584E-04   -0.43862795E-05    0.88550272E-05
-0.18983531E-04   -0.12505051E-04   -0.18216298E-04    0.13089088E-04    0.11750374E-04
 0.12650659E-04   -0.70345017E-06    0.16680305E-04    0.81445228E-02   -0.13932327E-03
-0.36237786E-03    0.50159215E-03    0.18380930E-02    0.43868061E-02   -0.22155296E-03
-0.71482795E-03    0.39532475E-03    0.37157202E-02    0.95906535E-03   -0.32286473E-02
-0.21619298E-02    0.25216554E-01    0.27107356E-03    0.23561519E-04   -0.45905283E-03
-0.55312977E-03   -0.11719994E-02    0.34706210E-03   -0.47705713E-04    0.73287210E-04
 0.65630130E-03   -0.13488675E-02   -0.91228687E-04   -0.29881574E-03   -0.18205363E-04
 0.10192784E-02   -0.74366567E-03   -0.10939172E-02    0.43755967E-03   -0.52178165E-03
 0.57269059E-03    0.11355164E-03   -0.11140522E-02   -0.44401326E-03   -0.15873126E-03
 0.67922312E-04   -0.13958423E-03    0.24051282E-03    0.18114341E-02    0.39403956E-03
 0.16801103E-02   -0.46712782E-03    0.13782275E-03    0.42929572E-03    0.87757052E-03
 0.17833849E-02   -0.31761343E-03    0.58248627E-03   -0.83932725E-04   -0.12276637E-02
 0.20949955E-02    0.22528998E-02   -0.14667447E-02    0.23141775E-03    0.40038513E-03
 0.36968307E-03    0.23671153E-02    0.55300983E-03    0.18423146E-03   -0.11822544E-03
-0.23798618E-01   -0.32711239E-02    0.22738982E-02   -0.94845612E-03   -0.73366482E-03
-0.34360470E-02    0.54023624E-03   -0.36886448E-04   -0.53440317E-02    0.35107002E-02
-0.32561696E-02   -0.21036942E-02   -0.24640716E-03    0.10415670E-02    0.75009627E-03
-0.15720066E-02    0.37641047E-02    0.26797106E-02    0.54633856E-02    0.87554773E-04
 0.66241647E-02    0.30137309E-02   -0.27562603E-02    0.45554086E-03    0.10610872E-03
 0.12110598E+00   -0.14986207E-01    0.49855313E-03   -0.45317000E-03   -0.45595865E-02
-0.82449388E-02    0.73389765E-03   -0.22069759E-03   -0.31455994E-03   -0.93218312E-03
-0.37318111E-02   -0.24734800E-02    0.70345030E-02    0.24742413E-02   -0.83971477E-01
-0.22624159E-03   -0.19156631E-03    0.12343018E-02    0.36997888E-03    0.13736525E-02
-0.60786150E-03    0.14772363E-03    0.63422117E-03    0.30564336E-04    0.33746362E-02
-0.25162460E-03    0.36450921E-03   -0.71230684E-04   -0.10934613E-02    0.15875401E-02
 0.26897030E-02   -0.41775351E-03    0.91597148E-03    0.30293991E-03    0.27658180E-04
 0.20440442E-02    0.31125380E-03    0.25724472E-03   -0.12287767E-03   -0.45307680E-03
-0.45230026E-03   -0.45791038E-02   -0.50567610E-03   -0.28527064E-02    0.82412583E-03
-0.51571802E-03   -0.42854617E-03   -0.39561760E-02   -0.74340695E-02    0.95060822E-03
-0.83675288E-03    0.47597145E-03    0.17021568E-02   -0.31698826E-02   -0.32957479E-02
 0.25440161E-02   -0.11508192E-02   -0.68602519E-04   -0.83211621E-03   -0.23878915E-02
-0.75050507E-03   -0.89124200E-03    0.16168266E-03    0.33033717E-01    0.46297615E-02
-0.35717840E-02    0.10179780E-02    0.28939916E-03    0.46202445E-02   -0.65370326E-03
-0.10146238E-04    0.92697069E-02   -0.43625695E-02    0.45679080E-02    0.33024890E-02
 0.13265310E-03   -0.15043027E-02   -0.85283255E-03    0.23418494E-02   -0.43043529E-02
-0.31890153E-02   -0.71691494E-02    0.14166565E-02   -0.89361639E-02   -0.38911019E-02
 0.38466353E-02   -0.57760145E-03   -0.13227971E-03   -0.14567413E+00    0.32600307E+00
 0.39552875E-02   -0.21137340E-03   -0.39384260E-03    0.12059081E-03    0.65428112E-03
 0.93371969E-02   -0.29096829E-03   -0.14819193E-02    0.79362968E-03    0.64025827E-02
 0.70074792E-03   -0.28503231E-02   -0.95110403E-03   -0.37403299E-02    0.16779703E-03
-0.44800416E-04   -0.14106333E-03   -0.33441854E-03   -0.10837232E-02    0.66693017E-04
 0.13143468E-04    0.14875566E-03    0.54252986E-03   -0.91929172E-03   -0.23438635E-04
-0.33263494E-03   -0.57452600E-04    0.12609526E-02   -0.73189850E-03   -0.59027887E-03
 0.56775258E-03   -0.10399130E-03    0.79725613E-03   -0.42065318E-03   -0.68384712E-03
-0.60789449E-03    0.48578891E-04    0.29328680E-04   -0.24386834E-03    0.32535163E-03
 0.82274663E-03    0.21570937E-03    0.17009693E-02   -0.84485634E-05   -0.48020453E-04
 0.12822030E-02    0.67009716E-03   -0.29455180E-03   -0.41096720E-03    0.57780910E-03
 0.37810029E-04   -0.13171690E-02    0.14705075E-02    0.15868657E-02   -0.67150684E-03
-0.81363003E-04    0.72549838E-03    0.56467887E-03    0.20072089E-02    0.71246367E-03
-0.23136345E-03   -0.76764140E-04   -0.15633124E-01   -0.21298586E-02    0.13006881E-02
-0.81661487E-03   -0.82164193E-03   -0.26629141E-02    0.41468905E-03    0.74596364E-05
-0.29670247E-02    0.23972033E-02   -0.25253954E-02   -0.16168851E-02   -0.38004150E-03
 0.73305566E-03    0.72858180E-03   -0.12023530E-02    0.25491191E-02    0.13523317E-02
 0.39840557E-02    0.38439464E-03    0.46320775E-02    0.19130663E-02   -0.22460186E-02
 0.23681862E-03    0.72596914E-04    0.11293251E+00   -0.91559458E-01    0.15982289E+00
 0.23547323E-02    0.83691206E-05   -0.61791967E-04    0.38177390E-03    0.45786694E-03
 0.22229716E-02   -0.29007123E-04   -0.37000731E-03    0.92870853E-04    0.18543563E-02
 0.70644052E-03   -0.16352726E-02    0.92375975E-05    0.41925154E-02   -0.90423397E-03
 0.18919409E-03   -0.39219503E-03   -0.41422462E-04   -0.27918769E-03    0.98397833E-04
-0.20437845E-04   -0.43601807E-04    0.19948329E-03   -0.51257186E-03    0.10019876E-03
-0.73953691E-04    0.97056767E-04    0.46961125E-03   -0.44465269E-03   -0.35999821E-03
 0.27733871E-03   -0.27828601E-03    0.19920211E-03   -0.17979543E-03   -0.51498308E-03
-0.75989734E-04   -0.57084468E-04    0.30098413E-05    0.21924118E-02   -0.34919207E-03
 0.10773906E-02   -0.12514531E-03    0.34449812E-03   -0.13282791E-03    0.49186886E-04
 0.51333847E-03    0.48869076E-03    0.12848874E-02   -0.68545455E-03    0.21980346E-03
-0.35959995E-03   -0.67888238E-03    0.90560168E-03    0.62643841E-03   -0.94328884E-03
 0.30407224E-03    0.16161424E-03    0.12721120E-03    0.10493459E-02   -0.14452867E-03
 0.17491592E-03    0.10426820E-04   -0.71468593E-02   -0.26990173E-02    0.99467788E-03
-0.52719986E-03   -0.15828951E-03   -0.98750218E-03    0.15735240E-03   -0.27101079E-04
-0.17996250E-02    0.99891882E-03   -0.98881245E-03   -0.42579631E-03   -0.74667828E-04
 0.52349865E-03    0.37430473E-03   -0.66744201E-03    0.10408124E-02    0.11429987E-02
 0.15202995E-02    0.99263701E-04    0.19768670E-02    0.65454099E-03   -0.60656951E-03
 0.19671576E-04    0.83086295E-05    0.41534305E-01   -0.47783940E-01    0.46452720E-01
 0.21212938E-01   -0.10070213E-02    0.25678248E-04   -0.89188697E-04   -0.41830536E-03
-0.33138549E-03    0.62671143E-03   -0.15045031E-04   -0.78319105E-04   -0.66650917E-05
 0.13397814E-03    0.60596537E-03   -0.10322229E-02    0.86563927E-03   -0.88742047E-02
 0.22448166E-03   -0.17576840E-02    0.18777672E-03   -0.48329822E-04   -0.21370597E-04
-0.16171732E-03    0.33837493E-04    0.13920115E-04   -0.23163279E-04    0.12968280E-04
-0.18700106E-03    0.53131994E-04    0.10891042E-04   -0.47713814E-04    0.56831249E-04
 0.20095080E-03   -0.74265537E-04    0.24861440E-03    0.53421665E-04   -0.12664031E-03
 0.45262488E-04   -0.43202164E-03   -0.33272766E-05   -0.11801920E-04   -0.71839546E-03
 0.36541918E-02   -0.57687688E-03    0.44291430E-04   -0.59021286E-04    0.25032176E-03
-0.83501177E-04    0.39942268E-03   -0.15543477E-03   -0.15873456E-03    0.59890923E-03
-0.17125285E-03    0.53637730E-04    0.11740959E-03   -0.91032524E-04   -0.23735214E-03
 0.44099389E-03   -0.52882900E-03   -0.99153835E-04    0.26119552E-04   -0.31679558E-04
 0.10070700E-02   -0.41643879E-04    0.30676710E-04    0.18339623E-02    0.46120514E-03
-0.28320514E-02    0.67960854E-04    0.66927897E-04    0.29228615E-04   -0.18943069E-03
 0.19685707E-04    0.48097918E-03   -0.44499757E-03   -0.12451505E-03   -0.62850226E-04
 0.81083114E-04    0.64010689E-04    0.50279161E-04    0.19041963E-03    0.32599149E-04
-0.14033535E-03   -0.66176361E-04    0.24294796E-03   -0.56622575E-03   -0.21318621E-03
-0.34683665E-03   -0.39223543E-04   -0.95954521E-05   -0.55588159E-02    0.17216281E-01
 0.23144635E-02   -0.19977372E-02    0.10100064E-01    0.15379172E-02    0.43953336E-04
-0.10728447E-03    0.15478738E-03    0.40937895E-03    0.16734317E-02   -0.26785163E-04
-0.30845174E-03    0.16179153E-03    0.11369033E-02    0.19009163E-02   -0.39945204E-02
 0.26061814E-02   -0.77129696E-02   -0.20726773E-03    0.57880073E-04   -0.20313667E-02
-0.13261656E-03   -0.36772982E-03    0.55858534E-04   -0.21900354E-04   -0.35083594E-03
 0.38628334E-03   -0.66313536E-03    0.11916754E-03   -0.16821196E-03    0.10893818E-03
 0.43552318E-03   -0.25337770E-03   -0.23624657E-03    0.18351148E-03   -0.25491450E-03
 0.21876645E-03    0.33645435E-03   -0.11040112E-03   -0.98757411E-03   -0.29347559E-04
 0.10473832E-04    0.43759141E-03   -0.18783729E-03    0.44891075E-02    0.92184538E-04
 0.53622298E-03   -0.11571331E-04    0.34177407E-04    0.99571728E-03   -0.47626763E-03
 0.19963642E-02   -0.37138322E-03    0.28272550E-03   -0.30527623E-03   -0.73996731E-03
 0.42798862E-03    0.39284912E-03   -0.15149878E-03    0.46304453E-03    0.96083558E-04
-0.81324262E-03    0.67933576E-04    0.19065428E-02   -0.33979518E-04   -0.32775881E-04
-0.36147119E-02   -0.74534806E-03    0.35939488E-03   -0.32125483E-02   -0.29961140E-03
-0.65228228E-03   -0.14360990E-04   -0.18492429E-04   -0.10363306E-02    0.90478818E-03
-0.43898226E-03    0.30030724E-04   -0.98096111E-04    0.26612226E-03    0.44976012E-03
-0.47235209E-03    0.56357538E-03    0.30148895E-03    0.77075814E-03    0.21652343E-04
 0.13051837E-02    0.48756583E-03   -0.19123369E-02    0.45412107E-04    0.20757472E-04
 0.23675857E-01   -0.23843523E-01    0.29561238E-01    0.10254657E-01   -0.58016831E-03
 0.15611704E-01    0.13777561E-02   -0.24080266E-04   -0.81527882E-04    0.23891170E-03
 0.86174891E-03    0.51313138E-03   -0.42642939E-04   -0.10414903E-03    0.20109593E-03
 0.39904073E-03    0.45766590E-03   -0.14036821E-02   -0.10366332E-03    0.58604831E-02
 0.34452488E-04   -0.50408861E-04   -0.21779297E-03   -0.18551501E-02   -0.11169830E-02
 0.21317563E-03   -0.87848583E-05    0.34185829E-03    0.41948205E-04   -0.60310948E-04
-0.26691155E-03    0.51146521E-06   -0.47120502E-04    0.46005764E-03   -0.32240989E-03
-0.36137742E-03    0.15728622E-03   -0.16208244E-03   -0.24079350E-04   -0.19618749E-03
-0.28131651E-03   -0.12087827E-03   -0.91444235E-04    0.14479854E-04   -0.10512984E-03
 0.17664262E-03    0.51694604E-03    0.38498415E-02    0.21952253E-02   -0.43128970E-03
 0.35854055E-04   -0.28066157E-03    0.21593715E-03    0.20473843E-03    0.30678519E-03
 0.39782942E-04    0.11870336E-03   -0.71431438E-03    0.78198442E-03    0.63383127E-03
-0.16908294E-03    0.25439214E-03   -0.17634040E-04    0.18762993E-03    0.52219862E-03
 0.19469688E-03    0.21259305E-03   -0.30987841E-04   -0.40592602E-02   -0.47776729E-03
 0.50438231E-03   -0.29581744E-03   -0.28766892E-02   -0.19893293E-02    0.32048957E-03
 0.17235480E-04   -0.94893036E-03    0.72317100E-03   -0.40189946E-03   -0.62056956E-03
-0.34654177E-04    0.83879977E-04    0.64576554E-03   -0.27904730E-03    0.66467782E-03
 0.58911672E-03    0.77951218E-03    0.51642519E-04    0.10510916E-02    0.29062900E-03
-0.70223844E-03   -0.80913893E-04    0.17571517E-04    0.20404313E-01   -0.34092012E-01
 0.18148837E-01    0.68919837E-02   -0.15542159E-02    0.45385421E-02    0.13300285E-01
 0.35051445E-04    0.17499147E-03    0.32555006E-04   -0.25271612E-04   -0.47207524E-05
-0.21183469E-02    0.16596960E-03    0.34477107E-03   -0.27436365E-03   -0.14063929E-02
 0.26843260E-03   -0.81135774E-03    0.44271209E-03    0.17257481E-02    0.60309702E-04
-0.12640863E-03   -0.17402431E-03   -0.88715410E-03   -0.24339518E-02    0.16696648E-03
-0.83971852E-05    0.54352829E-04    0.10643408E-03    0.97475172E-03   -0.17783327E-03
 0.40531876E-04   -0.47209843E-04    0.21367229E-03   -0.98658865E-04   -0.21702491E-03
-0.41666309E-05   -0.49309957E-03   -0.92516649E-04    0.17302775E-03   -0.28760740E-04
 0.24948952E-03    0.27889572E-04    0.10645864E-04   -0.18801666E-03    0.75803554E-04
 0.12544509E-03    0.18343354E-02    0.51213441E-02   -0.26217307E-03   -0.37407476E-05
-0.23753113E-03   -0.18748660E-03   -0.13791531E-02    0.50941920E-03   -0.46531502E-04
 0.18087470E-03   -0.28778936E-03   -0.11459647E-03    0.59225563E-04    0.26470989E-03
 0.88062073E-03   -0.44533133E-03   -0.46063013E-03    0.13594391E-04   -0.97352280E-04
-0.34494802E-04   -0.23788609E-04    0.12887731E-02    0.29820942E-03   -0.19296015E-03
 0.22165643E-04   -0.12564837E-02   -0.37812479E-02    0.18497349E-03    0.58543325E-05
 0.96199924E-04   -0.44680194E-04    0.21895882E-02   -0.95074507E-04    0.48708425E-04
-0.17518873E-03    0.56353099E-03    0.68763304E-04   -0.31540588E-03   -0.81842761E-04
-0.10531825E-02    0.30369631E-03   -0.38856305E-03   -0.22671427E-03    0.36045820E-03
-0.28590097E-04   -0.86199645E-05   -0.16867634E-01    0.80289759E-02   -0.29925024E-01
-0.81422141E-02   -0.91560846E-03   -0.47498720E-02    0.18519587E-02    0.19094479E-01
-0.94546314E-03    0.29232213E-04    0.34376469E-04   -0.28407194E-03   -0.31775380E-03
 0.85838154E-04   -0.48500636E-05    0.82189637E-04   -0.36748516E-04   -0.21972158E-03
 0.85273801E-03   -0.20765544E-02    0.20155380E-02   -0.11097161E-01    0.17138410E-04
-0.10353127E-03    0.11340509E-03    0.18417717E-03    0.23405018E-03   -0.49238329E-03
 0.70971929E-04   -0.21088501E-03   -0.32362547E-03    0.36133438E-03    0.15547293E-03
 0.88573299E-05   -0.25188637E-05   -0.10270546E-03    0.12506670E-03    0.23075839E-03
-0.13111916E-03    0.18503594E-03    0.73801087E-04   -0.15051176E-03   -0.18416747E-04
 0.51653938E-04    0.45176280E-04   -0.22891713E-05   -0.12871936E-03    0.17070758E-03
-0.24646898E-03   -0.39608888E-03   -0.35894301E-03    0.11090918E-02   -0.16657827E-03
 0.71335686E-03    0.35425563E-03   -0.60335068E-03   -0.39459013E-03   -0.15059023E-04
 0.21070159E-04    0.15368693E-03   -0.31810060E-03   -0.36016568E-03    0.38939037E-03
-0.22511188E-03   -0.16146166E-04    0.17813798E-03    0.17743953E-03   -0.89956427E-04
-0.78288243E-04    0.62914798E-05    0.19786313E-02    0.25319721E-03   -0.38980959E-03
-0.37814653E-04    0.26416098E-03    0.51614703E-03   -0.79222821E-03    0.11143282E-03
 0.17644847E-03   -0.52867737E-03    0.61953844E-03    0.46496663E-03    0.11034443E-04
-0.11122038E-03   -0.12720038E-03    0.91913435E-04   -0.23014111E-03   -0.36307601E-03
-0.20304985E-03    0.14196340E-03   -0.67753947E-03   -0.32970530E-03    0.10182338E-03
-0.48291634E-04   -0.80723778E-05   -0.85224202E-02    0.18188985E-01   -0.49539165E-02
-0.26683891E-02    0.14931352E-02   -0.10733323E-02   -0.27719833E-02   -0.36925848E-03
 0.36832456E-02    0.58004633E-04    0.47250251E-05   -0.78985731E-05    0.31046019E-04
 0.35486101E-04   -0.82795697E-04   -0.29771658E-05   -0.47975695E-05   -0.19696842E-04
-0.37027802E-04   -0.54644663E-04    0.17276014E-03   -0.12035641E-03    0.84694775E-03
-0.15489871E-04    0.20014885E-04   -0.29535273E-04    0.40191590E-05    0.25867290E-05
 0.64141023E-04   -0.26795159E-04    0.46291005E-05    0.43072567E-05   -0.91080035E-04
 0.60200177E-04    0.95981658E-05    0.46834473E-05    0.16698085E-04    0.36799632E-05
-0.10327977E-04    0.14851765E-04   -0.71470015E-05   -0.34858871E-05   -0.16514560E-05
 0.88384175E-05    0.20908675E-04   -0.40424624E-05   -0.22576053E-05    0.37685679E-04
-0.43053634E-04    0.55457261E-04   -0.95467077E-05   -0.35127370E-04   -0.14138130E-03
 0.56776433E-04   -0.62703650E-04   -0.14500428E-04    0.23060619E-03   -0.83805251E-04
-0.18370756E-04   -0.71407709E-05   -0.22394677E-04   -0.11580037E-04    0.76831231E-05
-0.72521453E-04   -0.14760000E-05   -0.13997846E-04    0.86173085E-05   -0.62840351E-04
-0.17184321E-04   -0.12427908E-05    0.38561265E-05   -0.56840078E-04   -0.34289058E-04
 0.32210772E-04   -0.16379383E-04    0.20991902E-04    0.96629965E-05    0.11105121E-03
-0.45822827E-04   -0.94159286E-05   -0.20658136E-04   -0.24413519E-04    0.91673373E-04
 0.11893590E-04    0.84248264E-05    0.27339942E-04    0.22603180E-04    0.13885023E-04
 0.29145984E-04   -0.82997425E-05   -0.64845959E-05    0.85844755E-05    0.45795815E-05
 0.37164590E-04    0.12797015E-04   -0.39957072E-05   -0.15609154E-03   -0.75795356E-03
-0.92954274E-03   -0.10462120E-03   -0.18124699E-03   -0.73858089E-04   -0.23733908E-04
 0.18621751E-03   -0.40882586E-03    0.15591921E-03    0.28593615E-02   -0.22554956E-04
 0.57997068E-04    0.56350617E-03    0.68763474E-03    0.40495244E-03    0.38933669E-04
-0.10816970E-03    0.32769801E-03    0.89856610E-03    0.15069174E-02   -0.41876167E-02
 0.20168130E-02    0.25492701E-02    0.20167643E-04    0.60998132E-05   -0.53637847E-03
 0.26410467E-03   -0.18631592E-03   -0.13337650E-03   -0.95699528E-05   -0.27401069E-02
-0.43569835E-03   -0.68247884E-03    0.33599522E-03   -0.95334392E-04    0.14772780E-03
 0.33391920E-03   -0.85047505E-04   -0.58252935E-03   -0.65493421E-04   -0.31745787E-03
-0.12048548E-05    0.12911320E-03   -0.44803978E-03   -0.42819140E-04    0.17803338E-04
 0.38572204E-04    0.15426336E-03    0.37560044E-03    0.13515266E-02   -0.27584788E-03
 0.54220604E-03    0.57415454E-03   -0.20681565E-05    0.58760799E-02    0.15257353E-02
 0.71444341E-03   -0.91248737E-03    0.28200541E-03   -0.41971828E-03   -0.62579456E-03
 0.30701683E-03    0.57817190E-03   -0.23524087E-03    0.55097975E-03   -0.38137378E-05
-0.51109790E-03    0.10016348E-02    0.12910149E-03    0.39039827E-04   -0.62383945E-05
-0.63016373E-02   -0.10738091E-02    0.51753013E-03   -0.51280843E-03   -0.59193573E-04
-0.90692087E-03   -0.23524375E-03    0.35750997E-05   -0.55427630E-02   -0.85490301E-04
-0.10309861E-02   -0.11074265E-03   -0.91436373E-04    0.46330101E-03    0.15474486E-03
-0.63602094E-03    0.62776597E-03    0.26077804E-03    0.11727989E-02   -0.36211307E-03
 0.15815616E-02    0.52768224E-03   -0.42275168E-03    0.69146587E-04    0.22295511E-04
 0.28742037E-01   -0.46212248E-01    0.22059202E-01    0.10185059E-01   -0.18265176E-02
 0.60505431E-02    0.51042279E-02   -0.28852586E-02   -0.11875869E-02   -0.12120092E-04
 0.20681426E-01   -0.67707881E-03    0.22975784E-03    0.89153619E-04   -0.16141135E-04
-0.16546591E-03   -0.10566773E-02   -0.12760602E-07    0.97651532E-04    0.60572401E-04
-0.10442466E-02    0.12274023E-02   -0.22726638E-02    0.20546933E-02   -0.50779562E-02
 0.33734814E-05   -0.68734733E-04    0.30530736E-03    0.27550211E-04    0.30193823E-03
-0.30682335E-03    0.63894769E-05   -0.57681352E-03   -0.56456252E-02   -0.24900353E-03
-0.94770682E-05    0.51685414E-04    0.54704326E-04   -0.65091858E-03    0.45341689E-03
 0.48127568E-03   -0.24311954E-03   -0.36408673E-04   -0.21198763E-03   -0.10193437E-03
 0.28192971E-03   -0.17738522E-03    0.48192039E-04    0.19810669E-04    0.13511313E-03
-0.76486257E-04   -0.86543089E-03   -0.18680162E-03   -0.26538506E-03    0.56999405E-03
-0.19769196E-04    0.10677988E-02    0.11864236E-01    0.55052707E-03   -0.35798365E-04
-0.66855111E-04   -0.92957321E-05    0.13318371E-02   -0.65519978E-03   -0.66527194E-03
 0.22075605E-03    0.38087095E-04    0.22526404E-04   -0.52505681E-04   -0.57953552E-03
 0.34629598E-03    0.14675858E-05   -0.31823127E-04    0.28414823E-02    0.45138321E-03
-0.50921842E-03    0.46191780E-03    0.28777373E-03    0.61871491E-03   -0.34049414E-03
-0.19372612E-04   -0.41087486E-03   -0.77505603E-02    0.24394297E-03    0.27753476E-03
 0.91345232E-05    0.11306091E-04   -0.76952926E-03    0.43736283E-03   -0.33758451E-03
-0.40827101E-03   -0.78695410E-03   -0.21972931E-03   -0.47233111E-03   -0.23358838E-03
 0.19822970E-03   -0.86268069E-04    0.92017764E-05   -0.18011699E-01    0.13828186E-01
-0.21367127E-01   -0.67535129E-02    0.68728591E-03   -0.56914587E-02   -0.33798388E-02
 0.30854301E-02    0.15189481E-02    0.19281806E-03   -0.68357639E-03    0.27086136E-01
 0.29475379E-03    0.12144907E-03   -0.50909795E-04   -0.38768628E-03   -0.31356227E-03
 0.39447841E-03   -0.93539727E-04    0.24713305E-03   -0.83288860E-03   -0.12743294E-03
 0.92459612E-03   -0.49081700E-03   -0.17927889E-02    0.42243786E-02   -0.15902865E-03
-0.25765774E-03   -0.55029466E-03    0.58532745E-04    0.66062312E-03    0.18661907E-03
-0.88928417E-04   -0.40965395E-03   -0.12949378E-03   -0.48309684E-01   -0.91453937E-03
-0.22318947E-03    0.30217283E-03    0.26682658E-03   -0.69531155E-03   -0.59322427E-03
 0.31854658E-03   -0.76207841E-03   -0.33927544E-03    0.38470263E-03    0.75189854E-03
 0.63380813E-04    0.11341447E-03    0.13620743E-04    0.61569471E-03    0.50250311E-03
 0.13334355E-02   -0.47729402E-03   -0.20161329E-02   -0.17754898E-03    0.10697613E-03
-0.31022187E-04   -0.70270340E-04    0.12688792E+00    0.23213542E-02    0.38695086E-03
-0.84609696E-03   -0.80664845E-03    0.46275665E-03    0.60097341E-03   -0.58508930E-03
 0.14998447E-02    0.11609273E-02   -0.64132552E-03   -0.19771173E-02   -0.49156705E-03
-0.42999938E-03   -0.46503138E-04   -0.37462446E-03   -0.12858351E-03   -0.19127777E-03
-0.51440871E-04    0.12621700E-03    0.18354018E-02    0.35919881E-03   -0.32218310E-04
-0.65657963E-04   -0.11503130E-03   -0.76739512E-01   -0.23447806E-03   -0.10056336E-03
 0.34799506E-03    0.29314576E-03   -0.14993851E-03   -0.47460548E-03    0.72073345E-03
 0.13772354E-03   -0.16214562E-03    0.31513493E-03    0.10998987E-02    0.42719004E-03
 0.21889835E-03    0.10095053E-04    0.23816899E-02   -0.23138635E-02    0.12985877E-02
 0.11427726E-02    0.10925854E-02    0.13693887E-02   -0.33033158E-03   -0.52410383E-02
-0.97558445E-03    0.16186080E-03    0.32012677E-03    0.30123721E-03    0.23270783E+00
 0.16082091E-02   -0.24279223E-03   -0.39884111E-04    0.49492414E-03    0.42454423E-03
 0.11501545E-02   -0.24128861E-04   -0.14545240E-03    0.73337233E-04    0.65583501E-03
 0.23496689E-03   -0.63796372E-03   -0.13669290E-02    0.91378733E-02    0.22425087E-03
-0.34490000E-03    0.20667421E-04   -0.42015976E-03   -0.41387617E-03    0.25546751E-03
 0.39606405E-04    0.31606937E-03    0.13806536E-03   -0.18501422E-02   -0.37915463E-02
-0.10732704E-03    0.15629123E-03    0.52632813E-04   -0.28698637E-03   -0.15410015E-03
-0.46281231E-03   -0.28530881E-03    0.13422439E-03    0.30644918E-03   -0.91679886E-04
-0.22877864E-03    0.17060946E-03    0.20512521E-04   -0.43774846E-03    0.84198775E-03
 0.11233983E-03    0.69546898E-03    0.81484581E-03   -0.56188573E-03   -0.43832614E-04
-0.57773468E-03    0.41712505E-03    0.49082404E-02    0.10727356E-01    0.37740554E-04
-0.45108550E-03   -0.21301456E-04    0.80005110E-03    0.63099131E-03    0.11454826E-02
 0.51462538E-03   -0.89896378E-04   -0.41907008E-03    0.33347466E-04    0.36511136E-03
-0.59351184E-03   -0.20419795E-04   -0.53320873E-02   -0.46070696E-03    0.33450920E-03
 0.20858100E-03   -0.28455484E-03   -0.10464223E-02    0.38364254E-03    0.10093726E-03
-0.80420257E-03    0.73306296E-03   -0.11199473E-02   -0.68089539E-02   -0.48144297E-05
 0.39365938E-03    0.13188454E-03   -0.39198657E-03    0.90249421E-03   -0.20215965E-03
 0.11522262E-02   -0.12852555E-03    0.16799480E-02    0.12068376E-02   -0.71134132E-03
 0.29947201E-03    0.22782367E-04    0.28900845E-01   -0.39137563E-01    0.29936379E-01
 0.93716334E-02   -0.42762392E-03    0.49226446E-02    0.59435558E-02   -0.40327971E-02
-0.33801154E-02   -0.29280873E-03    0.53251478E-02   -0.42965551E-02    0.27902852E-02
 0.33216809E-01    0.59174999E-03   -0.40582203E-04   -0.13884275E-04    0.33093768E-04
 0.12683692E-03    0.47737475E-03   -0.26763534E-04   -0.11373259E-03    0.61589158E-04
 0.35310803E-03    0.62857431E-03   -0.13729788E-02    0.97324351E-03   -0.20221288E-02
 0.42899933E-04    0.43118116E-04   -0.13096250E-03    0.39674726E-04   -0.88180444E-04
-0.19020817E-05    0.85806389E-05   -0.27779095E-04    0.38118468E-04   -0.44491968E-03
-0.32087276E-04   -0.32526546E-03    0.60379524E-04    0.69076634E-04   -0.68539170E-04
-0.10684744E-03    0.73564509E-04   -0.12683186E-03    0.95584907E-04    0.11402078E-03
-0.38756151E-04   -0.33576491E-04    0.23534621E-04    0.13536154E-04   -0.37543417E-04
-0.10298070E-03    0.26218305E-03   -0.63676335E-04    0.18213078E-03    0.22126245E-04
-0.18078192E-04    0.19571771E-03    0.14839436E-03    0.57121922E-03   -0.11164056E-03
 0.71235702E-03   -0.12800497E-03   -0.10148880E-03    0.10323119E-04    0.57069987E-04
-0.19249269E-03    0.17124623E-03   -0.15345210E-03   -0.10406251E-03    0.98084105E-04
 0.77843191E-04   -0.23359507E-04   -0.22159907E-04   -0.14625188E-02   -0.16899316E-03
 0.21433257E-03   -0.12453720E-03   -0.62868890E-04   -0.26448152E-03    0.36987544E-04
 0.65207317E-05   -0.38096096E-03    0.17716149E-03   -0.36341572E-03   -0.82262804E-04
-0.51855274E-03    0.12009917E-03   -0.13730505E-04   -0.13976934E-03    0.19742066E-03
 0.11034498E-03    0.23169137E-03    0.97393295E-05    0.43784741E-03    0.19666165E-03
-0.17042915E-03    0.11027745E-04    0.17377389E-04    0.87075227E-02   -0.10970723E-01
 0.10258386E-01    0.32869745E-02   -0.49231890E-03    0.23339174E-02    0.15799496E-02
-0.16536293E-02   -0.61526195E-03   -0.58265781E-04    0.21589268E-02   -0.12165454E-02
 0.55227695E-03    0.20962793E-02    0.24427413E-02   -0.92963884E-03   -0.18041992E-04
-0.22190569E-04   -0.22608938E-03   -0.37506796E-03    0.65027602E-04   -0.87930434E-05
-0.19940497E-04   -0.38729483E-04   -0.23637107E-03   -0.13565881E-03    0.10303709E-03
 0.41383564E-03   -0.56210791E-02    0.12646257E-03    0.35378897E-04    0.17602261E-03
-0.28436285E-04    0.10312273E-04   -0.44397536E-04    0.14017462E-04    0.16476792E-03
 0.23299781E-04    0.55604796E-03    0.93981126E-04    0.75177423E-04   -0.26396602E-03
-0.11589064E-03    0.10581046E-03    0.26816710E-03   -0.78800890E-05    0.93454852E-04
-0.21688065E-04   -0.27713766E-04    0.10976014E-03   -0.25979468E-03    0.20852928E-04
 0.91521960E-05   -0.35151837E-03   -0.10626340E-03   -0.49950773E-03    0.18504678E-03
 0.99399366E-04    0.57889863E-04   -0.31201748E-04   -0.35380849E-03   -0.19440321E-03
-0.14294497E-02   -0.35814637E-03   -0.15271817E-03    0.64481342E-03    0.26881356E-03
-0.17301333E-03   -0.36589303E-03    0.14131542E-03   -0.41050161E-04    0.15085092E-03
 0.14428313E-03   -0.14623527E-03    0.55102514E-03   -0.40819338E-04   -0.30641756E-04
 0.20046668E-02    0.50032067E-03   -0.12375385E-03    0.17093117E-03   -0.77604774E-04
 0.17385465E-03   -0.64305733E-04    0.93874093E-05    0.73445134E-03   -0.13418810E-03
 0.62613378E-03    0.31284879E-03    0.57598601E-04   -0.48327227E-03   -0.13487850E-03
 0.15021450E-03   -0.17448605E-03   -0.18688445E-03   -0.43325640E-03    0.21450238E-04
-0.56458818E-03   -0.26508934E-03   -0.26878338E-03   -0.43115056E-04    0.17076548E-04
-0.84784709E-02    0.17927032E-01   -0.47938100E-02   -0.34095530E-02    0.76009952E-03
-0.17071683E-02   -0.14578056E-02    0.70107571E-03    0.10827293E-02   -0.67375852E-04
-0.33080849E-02    0.51043226E-03   -0.18815937E-02   -0.28588744E-02   -0.78918102E-03
 0.23645792E-02   -0.13885921E-02    0.10315300E-03    0.32001651E-04   -0.14627018E-03
-0.60577828E-03   -0.10353784E-02    0.46780105E-04    0.79013855E-04   -0.67602284E-04
-0.74974211E-03    0.15153465E-03   -0.43877521E-04    0.99008648E-03   -0.65077619E-02
 0.13698421E-03   -0.27358149E-04    0.30062632E-03    0.33541142E-03    0.65691952E-03
-0.10049711E-03    0.29712872E-04    0.11117347E-03   -0.58502938E-03    0.29296921E-03
-0.16264169E-03    0.53732520E-04   -0.64200865E-04   -0.20446009E-02    0.17840303E-03
 0.35873564E-03   -0.56400448E-03    0.20042440E-03    0.76718026E-06    0.12535152E-03
 0.45275086E-03    0.43230880E-03    0.26132062E-04    0.77698088E-04   -0.32724514E-03
-0.16838145E-04   -0.81033770E-03   -0.52132025E-03   -0.86642370E-03    0.14417720E-03
-0.52149205E-04   -0.44766557E-03    0.89164926E-03   -0.10308094E-02    0.29341346E-03
-0.10790457E-03    0.23681216E-03    0.39382337E-02   -0.30072956E-03   -0.76968957E-03
 0.11109226E-02   -0.37754589E-03   -0.21102276E-03   -0.28236717E-03   -0.87430326E-03
-0.87508366E-03   -0.64729313E-04   -0.13523266E-03    0.36990374E-02    0.69732283E-03
-0.30330109E-03    0.46046664E-03    0.61288432E-03    0.12199256E-02   -0.14903978E-03
 0.29612937E-04    0.87352798E-03   -0.11930687E-02    0.86641447E-03    0.34020715E-03
-0.41585944E-04   -0.27301437E-03   -0.28852218E-02    0.25554551E-03   -0.43038452E-03
-0.99607443E-03   -0.87709476E-03   -0.10491484E-04   -0.97891868E-03    0.15708744E-03
 0.95793266E-03   -0.35127700E-05    0.99608250E-04   -0.21118133E-01    0.28703660E-01
-0.23067631E-01   -0.83944305E-02    0.55135491E-03   -0.53733205E-02   -0.54028916E-02
 0.17514810E-02    0.18530311E-02   -0.46632443E-04   -0.54027162E-02    0.56983036E-02
-0.20463117E-02   -0.52995689E-02   -0.15403051E-02    0.18673689E-02    0.13449439E-01
-0.11225727E-02    0.56132176E-04    0.95971185E-04    0.83478367E-04   -0.24301101E-03
-0.44112304E-02    0.10751365E-03    0.50878663E-03   -0.31387510E-03   -0.28631159E-02
 0.75248185E-03   -0.50638209E-03    0.20019053E-02    0.12260752E-02   -0.21500002E-03
 0.23133120E-06   -0.40405791E-06    0.71095012E-05    0.23924738E-03    0.47622248E-04
-0.11219427E-04    0.29257794E-05    0.77361062E-04   -0.35108794E-03   -0.19025149E-03
 0.11918359E-03    0.88251536E-04   -0.52597419E-03   -0.17842686E-02   -0.96400081E-03
-0.25465028E-03   -0.33091374E-03   -0.42109000E-03    0.12277083E-03    0.18489595E-03
 0.66734466E-03    0.51991883E-04   -0.13101390E-04    0.36727391E-03    0.35798069E-04
-0.18582819E-03    0.30305160E-03   -0.63009323E-03   -0.22396955E-03    0.37473816E-04
-0.83738090E-03   -0.61990979E-03    0.12529256E-02    0.58807443E-03   -0.24260953E-03
-0.96078149E-04    0.51063103E-03    0.39706082E-02    0.17919411E-02    0.14395376E-04
 0.44187191E-03   -0.42842211E-03   -0.25052843E-03   -0.72380807E-03   -0.77031448E-03
-0.22100055E-03    0.27146018E-04    0.54326330E-02    0.59034403E-03   -0.28757678E-03
 0.22281544E-03    0.36319894E-03    0.95462042E-03   -0.19085313E-03    0.19459099E-04
 0.69453200E-03   -0.67936136E-03    0.79230572E-03    0.52580814E-03    0.15429430E-03
-0.26798257E-03   -0.38385683E-03   -0.30863470E-02   -0.26326224E-02   -0.42857592E-03
-0.17141304E-02   -0.21629995E-03   -0.18300028E-02   -0.76868624E-03    0.12057743E-02
 0.14658188E-03   -0.25674223E-04   -0.43577645E-01    0.25596999E-01   -0.68872977E-01
-0.18045409E-01   -0.21200603E-02   -0.11972033E-01   -0.63544693E-02    0.13661260E-01
 0.12064196E-02    0.39795048E-03   -0.75499390E-02    0.76591670E-02    0.16859512E-03
-0.11069024E-01   -0.41291319E-02    0.12388639E-02    0.89944520E-02    0.42246967E-01
-0.18545385E-02    0.50214546E-06   -0.12686212E-03   -0.57025299E-03   -0.10238091E-02
 0.74420980E-03   -0.24510835E-04   -0.20431114E-03    0.57301625E-05    0.18967124E-03
 0.45146605E-03   -0.74280170E-04    0.17049946E-02   -0.15166519E-01   -0.80000782E-04
-0.92445236E-05    0.86655259E-04   -0.18647544E-04   -0.16284186E-03   -0.21815139E-04
 0.16453501E-04   -0.19033998E-03    0.41931857E-03   -0.59714562E-04   -0.33861690E-04
 0.17609951E-04    0.11249760E-03    0.11018640E-03   -0.93967392E-03   -0.15489484E-02
 0.14168303E-03   -0.32626128E-05    0.44848014E-04   -0.67919248E-04    0.29581681E-03
 0.29845701E-03    0.81124960E-05   -0.25067057E-04   -0.23699460E-04   -0.52654954E-04
-0.56696374E-03    0.13519868E-03    0.85427087E-05   -0.19358842E-04   -0.76843977E-04
 0.29060426E-04   -0.10279901E-02   -0.42054696E-03    0.22921109E-03   -0.12268352E-03
-0.11241985E-03   -0.28957130E-03    0.18272905E-02    0.34326039E-02   -0.25547679E-03
-0.35487716E-04   -0.76166319E-04   -0.31005700E-03   -0.33561640E-03   -0.48859029E-03
-0.17942722E-04    0.19586651E-04    0.46722414E-02    0.62133744E-03   -0.22407770E-03
 0.17693603E-03    0.74484891E-04    0.51503433E-03   -0.46449547E-04    0.14708836E-04
 0.10110303E-02   -0.57341477E-03   -0.10200211E-04    0.40176163E-03   -0.19066399E-04
-0.10036620E-03    0.22080227E-04   -0.14177251E-02   -0.33147090E-02   -0.52248447E-03
-0.11155730E-02    0.94074395E-04   -0.12356648E-02   -0.71890400E-03    0.90422021E-03
-0.82205920E-04   -0.32078550E-04   -0.15515533E-01    0.37763333E-01   -0.24467281E-02
-0.37845017E-02    0.19488704E-02   -0.14958991E-02   -0.33717786E-02   -0.63671620E-03
 0.19422887E-02   -0.20981442E-03   -0.49009664E-02   -0.33594622E-03    0.17478103E-02
-0.34771412E-02   -0.78990086E-03    0.18749579E-02    0.16852073E-02    0.48369909E-02
 0.14432523E-01    0.91704342E-03   -0.57376698E-04    0.58004339E-04    0.35806407E-03
 0.63007880E-03    0.19118940E-02   -0.44912061E-04   -0.22286785E-03    0.51747393E-03
 0.13465035E-02    0.26144849E-02   -0.60659254E-02    0.40295140E-02   -0.11260258E-01
 0.19158850E-03   -0.92694549E-04    0.37753232E-04    0.16820522E-04   -0.13454757E-03
-0.78019658E-04    0.12383436E-04   -0.17923423E-03   -0.17911346E-03   -0.24973470E-03
-0.53886394E-03   -0.30429077E-04    0.25949862E-04   -0.17572721E-03   -0.22678510E-03
-0.54545144E-04   -0.25414834E-02   -0.67244894E-04    0.62689789E-04   -0.16170900E-03
-0.46109898E-03   -0.64326305E-04   -0.69088746E-05    0.40121842E-04   -0.55000375E-03
 0.29942633E-03    0.30279718E-03    0.19015571E-03    0.69226227E-03    0.21054738E-03
-0.49659879E-04    0.48588248E-03    0.54331121E-03    0.98662028E-04    0.14155864E-02
 0.15910340E-04   -0.36080782E-04    0.56106322E-03    0.26683334E-03   -0.12751950E-03
 0.56924146E-02    0.59653725E-04    0.34260118E-03    0.46617409E-03    0.11158191E-02
 0.26513881E-03    0.64989057E-04   -0.75186413E-04   -0.33914239E-02   -0.49712405E-04
 0.34146962E-03   -0.20940133E-03    0.89587769E-04   -0.62233033E-03   -0.85810613E-04
 0.28135043E-04   -0.12265982E-02    0.44105786E-03   -0.23893246E-04   -0.11414647E-02
-0.10435094E-03    0.20393783E-03   -0.46847667E-03   -0.24932790E-03    0.52820868E-03
-0.41888720E-02    0.81334457E-03   -0.23627858E-03    0.88456581E-03    0.29547906E-03
-0.35256796E-03    0.92093388E-05    0.56461485E-04    0.24247522E-01   -0.30453365E-01
 0.34367435E-01    0.91657014E-02    0.92568736E-04    0.66378316E-02    0.42622549E-02
-0.62828994E-02   -0.10092547E-02   -0.23818903E-03    0.64625393E-02   -0.39762538E-02
-0.20499518E-02    0.99240956E-02    0.23951557E-02   -0.16033356E-02   -0.34165645E-02
-0.14911907E-01   -0.20850634E-02    0.22883457E-01   -0.34655841E-02    0.11641942E-03
 0.11322835E-04   -0.66530402E-03   -0.15822605E-02   -0.58648477E-03    0.21995321E-03
 0.10020767E-03   -0.26596343E-03   -0.10286423E-02    0.13860560E-03    0.38454018E-03
 0.15283531E-02   -0.19680554E-01   -0.18553065E-03    0.13384438E-03    0.10077092E-03
 0.78066077E-04   -0.84889729E-04   -0.36610823E-04    0.31737703E-04   -0.85564428E-04
-0.14283703E-03    0.23716362E-03   -0.16112288E-03   -0.19857877E-04    0.11089110E-04
-0.23125622E-03    0.11276765E-03    0.39483179E-03   -0.14818632E-03   -0.17364764E-02
-0.67322117E-03    0.53483334E-03    0.46184024E-03    0.27583463E-03    0.62612032E-04
-0.13327343E-04    0.11963282E-03   -0.56630268E-03   -0.62066490E-03    0.58547957E-04
 0.13647314E-03    0.31629592E-04   -0.10560453E-03    0.30886690E-03   -0.77939360E-03
 0.51881157E-03    0.54716000E-03   -0.49366615E-04    0.78479455E-04    0.16954557E-03
-0.60671433E-03   -0.79617327E-03    0.65481798E-03    0.37598155E-02    0.12154200E-02
-0.99429075E-03   -0.59041019E-03   -0.32087872E-03   -0.14285852E-03   -0.27090471E-06
 0.92523670E-02    0.10907158E-02   -0.68345931E-03    0.21850121E-03    0.54365163E-04
 0.68361832E-03   -0.52773319E-05   -0.47847000E-05    0.21182167E-02   -0.14042390E-02
 0.14102342E-02    0.83310747E-03   -0.53502467E-04   -0.42713560E-03   -0.29811534E-03
 0.33907281E-03   -0.14881872E-02   -0.10160807E-02   -0.50614840E-02   -0.67272598E-03
-0.21035420E-02   -0.11056313E-02    0.13698418E-02   -0.21991531E-03   -0.80136299E-06
-0.42610252E-01    0.73624518E-01   -0.31814867E-01   -0.13462878E-01    0.25582895E-02
-0.67985723E-02   -0.82806371E-02    0.54783477E-02    0.36955392E-02   -0.82955583E-04
-0.11124672E-01    0.52901234E-02    0.65332292E-03   -0.10521751E-01   -0.27278881E-02
 0.41796197E-02    0.76262812E-02    0.11518979E-01    0.90104176E-02   -0.82323021E-02
 0.27891359E-01   -0.41516511E-03    0.45596692E-04    0.36971109E-04    0.94162300E-04
-0.57601755E-04   -0.65466844E-03    0.77263537E-04    0.23541891E-03    0.12542562E-04
 0.71014522E-04   -0.28974458E-04   -0.62081160E-04    0.46754667E-03   -0.86057012E-03
 0.45126956E-04    0.49997564E-05    0.13246238E-03    0.54275130E-04    0.14240528E-03
 0.45848254E-04    0.15988530E-04   -0.82630703E-04   -0.14031417E-03    0.28467016E-04
-0.46653836E-04    0.78908741E-04   -0.74484144E-04   -0.14019349E-03    0.33578390E-04
 0.69552835E-05   -0.96537483E-04   -0.62698743E-03   -0.20039083E-02   -0.63877175E-04
 0.10900689E-03    0.25753524E-03   -0.49935128E-04    0.15525222E-04   -0.13910876E-03
-0.14511649E-03   -0.25017462E-03   -0.13077068E-03   -0.31780040E-03    0.15729979E-06
-0.20718677E-04   -0.11767509E-03    0.22149461E-04    0.91845210E-03   -0.31291774E-03
-0.21085216E-03    0.19970199E-03    0.11378081E-03   -0.13098253E-03   -0.18671350E-03
 0.33528199E-03    0.12758933E-02    0.43569735E-02    0.85413356E-04   -0.54557159E-03
-0.41279458E-03    0.19103364E-03   -0.28887221E-04    0.14566703E-02    0.27856107E-03
 0.11145280E-05    0.29532924E-04    0.19187889E-03    0.67224946E-03    0.31084121E-04
 0.51178174E-05   -0.30316127E-05   -0.35480491E-03    0.10774754E-03    0.21235956E-04
 0.46242147E-04   -0.12147768E-03   -0.67646203E-04    0.19277736E-03   -0.20170179E-03
-0.32944009E-03   -0.12566957E-02   -0.35295920E-02   -0.60445081E-03   -0.13785737E-03
 0.39489509E-03   -0.34048290E-05    0.31240752E-04   -0.97357705E-02    0.70511643E-02
-0.12918626E-01   -0.39067173E-02   -0.34150541E-03   -0.24005835E-02   -0.16499793E-02
 0.11306297E-02    0.20670064E-03    0.31519000E-04   -0.13094366E-02    0.20922225E-02
 0.16546690E-02   -0.25966906E-02   -0.10266544E-02    0.69314073E-03    0.17824657E-02
 0.52612228E-02    0.83170769E-04   -0.18488578E-02    0.55178898E-02    0.12902608E-01
-0.41390412E-02    0.12233465E-03    0.12267569E-03   -0.57524316E-03   -0.12793506E-02
-0.10318592E-02   -0.68292407E-04    0.10096517E-03    0.46798070E-06   -0.14652706E-02
 0.13002434E-03    0.61631262E-03    0.18178106E-02   -0.18993534E-01   -0.10652559E-03
-0.80486788E-04    0.68011245E-03    0.66979366E-04    0.52760830E-03   -0.32370893E-03
 0.33292682E-04    0.66367328E-04   -0.33226837E-03    0.12756762E-02    0.23529197E-03
 0.20215070E-03   -0.51095410E-04   -0.37614853E-03    0.21855239E-03    0.63037754E-03
-0.27150080E-03    0.65989753E-03   -0.28796854E-03   -0.34579266E-02   -0.60163446E-04
 0.32201848E-03    0.11148261E-03   -0.45257575E-04   -0.28652369E-03   -0.55339345E-04
-0.20151116E-02   -0.15297298E-03   -0.10239969E-02    0.46449674E-03   -0.10696112E-03
-0.41878359E-03   -0.46000210E-03   -0.22485041E-02   -0.22879734E-03   -0.30321890E-03
 0.26032019E-03    0.46980277E-03   -0.88715600E-03   -0.12009462E-02    0.10813481E-02
-0.74547469E-03    0.19192204E-03    0.59912182E-02    0.30659117E-03   -0.36268560E-03
-0.33977719E-03    0.28453611E-04    0.99172328E-02    0.13095945E-02   -0.10300705E-02
 0.62665388E-03    0.12019016E-03    0.14561444E-02   -0.35017701E-03    0.44102588E-05
 0.24032538E-02   -0.96213803E-03    0.16588059E-02    0.10499919E-02    0.13373228E-03
-0.49708373E-03   -0.23054677E-03    0.52798823E-03   -0.13839824E-02   -0.11716952E-02
-0.17003268E-02    0.14947674E-04   -0.77726547E-02   -0.20895988E-02    0.12045585E-02
-0.25329632E-04   -0.49668855E-04   -0.48714555E-01    0.75122875E-01   -0.40850264E-01
-0.16504278E-01    0.39561059E-02   -0.10189845E-01   -0.90526361E-02    0.54795060E-02
 0.45927088E-02   -0.11479105E-04   -0.13263614E-01    0.61152156E-02   -0.21469657E-02
-0.12705017E-01   -0.36550355E-02    0.45603696E-02    0.84572190E-02    0.15199040E-01
 0.82507721E-02   -0.95096582E-02    0.17683422E-01    0.37222139E-02    0.37165927E-01
-0.20714527E-02    0.46202121E-05    0.23260102E-04   -0.48851114E-03   -0.89286850E-03
-0.44315046E-03    0.77202270E-04    0.61098492E-04    0.56530709E-05   -0.61123650E-03
 0.48861301E-03   -0.84144483E-03    0.15531224E-02   -0.12454736E-01   -0.17154836E-03
-0.11714721E-03    0.21657380E-03    0.21493890E-04    0.13362784E-03   -0.19033461E-03
 0.26932377E-04    0.30791456E-04    0.10575877E-03    0.11686705E-02    0.14207736E-03
 0.10747949E-03   -0.12140977E-05    0.84992509E-04    0.13546961E-03    0.32043210E-03
-0.32054291E-03    0.13874322E-03   -0.16706413E-04   -0.59991939E-03   -0.14663272E-02
 0.10695376E-03    0.19824519E-03   -0.34216375E-04    0.22105591E-03    0.15237370E-03
-0.93557333E-03    0.10738007E-03   -0.17158707E-03    0.34511200E-03   -0.94127049E-04
 0.22843794E-03   -0.63943408E-03   -0.29038981E-02   -0.32651521E-03   -0.15312253E-03
 0.25576855E-04   -0.29388422E-03   -0.35996699E-03   -0.46594911E-03    0.10349546E-02
-0.11413058E-03   -0.49023502E-03    0.10290023E-02    0.34734297E-02   -0.37167809E-03
-0.22753857E-03    0.63900698E-04    0.48473967E-02    0.42095594E-03   -0.47166202E-03
 0.18730201E-03   -0.97437676E-04    0.58846355E-03   -0.21440877E-03    0.30982885E-05
 0.91675494E-03   -0.57277313E-03    0.17377237E-02    0.86479045E-03    0.51227076E-04
-0.22335010E-03    0.51149067E-03    0.23926756E-03   -0.84150117E-03   -0.58441688E-03
-0.10457487E-02    0.10481906E-03   -0.21946144E-02   -0.36602162E-02    0.55798169E-03
-0.15012639E-05   -0.42309375E-04   -0.22825308E-01    0.37657714E-01   -0.17837239E-01
-0.68030407E-02    0.18580153E-02   -0.45222865E-02   -0.39439625E-02    0.24698276E-02
 0.25404569E-02   -0.76306709E-04   -0.51755771E-02    0.19891905E-02   -0.50384172E-02
-0.68484809E-02   -0.17455848E-02    0.21592772E-02    0.22760571E-02    0.65143045E-02
 0.47022206E-02   -0.35181007E-02    0.94790891E-02    0.10494115E-02    0.13181289E-01
 0.15071924E-01    0.28329617E-02   -0.93718096E-04    0.62279964E-04    0.60560413E-03
 0.12956397E-02    0.16447266E-03    0.68014222E-04   -0.62468392E-04    0.22077234E-03
 0.40967452E-03    0.22303187E-02   -0.53956595E-02    0.25452870E-02    0.38835330E-02
 0.19867887E-03   -0.35958558E-03   -0.10186231E-02   -0.16159673E-03   -0.14212937E-03
 0.12998871E-03   -0.14309027E-05    0.98480201E-05   -0.20133679E-03   -0.37576752E-03
-0.15956633E-03   -0.67328940E-04   -0.25798376E-03    0.53261412E-03    0.44817733E-05
-0.91439724E-04    0.10686305E-03   -0.20159421E-04    0.23147171E-03    0.25664953E-03
-0.33983348E-03   -0.28648464E-02   -0.45858968E-04    0.19157378E-06   -0.23653837E-03
 0.84934374E-03    0.24669820E-02    0.31116531E-03    0.62908105E-03   -0.20108998E-03
 0.62591460E-04    0.96005860E-04    0.12407344E-02    0.69345224E-03   -0.84408535E-04
 0.15056879E-03    0.52352219E-03   -0.11274058E-02    0.22563087E-03    0.15036161E-03
-0.36492758E-03    0.11502774E-03   -0.27342306E-03   -0.63477883E-04    0.32094524E-03
 0.56875327E-02    0.10283603E-03    0.13999027E-04   -0.64890686E-02   -0.56301710E-03
 0.46494387E-04   -0.16570136E-02   -0.30376402E-03   -0.81846661E-03   -0.73025217E-07
 0.37368980E-04   -0.13812961E-02    0.82908556E-03   -0.37459205E-03   -0.72895166E-03
 0.13386716E-04   -0.17604327E-03    0.73495032E-03   -0.20396360E-03    0.12697267E-02
 0.81269995E-03    0.17263679E-02    0.95050322E-04    0.18070761E-02    0.77878068E-03
-0.48701156E-02    0.11362036E-03   -0.42093526E-05    0.28867081E-01   -0.56082059E-01
 0.19713279E-01    0.81954765E-02   -0.64353409E-03    0.91398854E-02    0.72361646E-02
-0.15967844E-02   -0.30111956E-02    0.17003708E-04    0.77087761E-02   -0.25834239E-02
-0.13360724E-02    0.77179507E-02    0.19654813E-02   -0.14456383E-02   -0.71975271E-02
-0.71851028E-02   -0.78694598E-02    0.51736720E-02   -0.14274441E-01   -0.21094161E-02
-0.13817225E-01   -0.71316150E-02    0.23750352E-01   -0.16110518E-02    0.26689668E-04
 0.36040885E-04   -0.40269562E-03   -0.62886355E-03   -0.11368154E-02    0.44754619E-04
 0.10167705E-03   -0.84797761E-04   -0.10506445E-02   -0.34314241E-03    0.67876614E-03
 0.44064962E-03   -0.58093101E-02   -0.69621914E-04   -0.93209921E-04    0.12600922E-03
 0.48390162E-06    0.28972377E-03   -0.24159793E-04    0.86666364E-05    0.88295819E-04
 0.90467826E-05    0.57259089E-03    0.11840517E-03    0.98529723E-04   -0.24555805E-05
-0.26591407E-03    0.29786565E-03    0.23790047E-03   -0.13343548E-03    0.76533685E-04
-0.14817635E-03    0.71834772E-04    0.41142502E-03    0.14077952E-03   -0.30483190E-03
-0.14311372E-04    0.11152018E-03   -0.30528104E-04   -0.46807338E-03    0.85091871E-04
-0.47004309E-03    0.63252135E-04   -0.44993263E-04   -0.18335105E-03   -0.46300051E-03
-0.12969666E-02   -0.42911386E-03   -0.15431153E-03    0.60850482E-04    0.35696418E-03
-0.80219022E-03   -0.36987882E-03    0.41912431E-03    0.65162344E-04    0.14336814E-03
-0.32729937E-03   -0.56428213E-03   -0.21467173E-03    0.11399601E-02    0.20824256E-04
 0.46445059E-02    0.53569230E-03   -0.43797943E-03    0.19235970E-03    0.19375189E-04
 0.68397974E-03   -0.10963918E-03    0.93644469E-05    0.10681547E-02   -0.68807506E-03
 0.81018570E-03    0.67838418E-03    0.41212790E-04   -0.21180402E-03   -0.11204898E-03
 0.54436454E-03   -0.67482926E-03   -0.46565758E-03   -0.11082898E-02    0.10913831E-03
-0.11466494E-02   -0.46295474E-03    0.61323445E-03   -0.95872125E-03   -0.17623824E-04
-0.25426305E-01    0.35144891E-01   -0.27178679E-01   -0.90739353E-02    0.10123325E-02
-0.55882366E-02   -0.44122501E-02    0.43356700E-02    0.19395901E-02    0.38318201E-04
-0.60778949E-02    0.37549078E-02   -0.10376802E-02   -0.78944067E-02   -0.21167021E-02
 0.18984841E-02    0.49036250E-02    0.10061798E-01    0.32835466E-02   -0.64371823E-02
 0.95697745E-02    0.23496449E-02    0.10156986E-01    0.48121056E-02   -0.69024578E-02
 0.90784698E-02    0.73927949E-04    0.11358672E-05    0.47970906E-06    0.14887396E-04
 0.34190744E-04    0.10449587E-03   -0.14499064E-04   -0.16994284E-04   -0.77581595E-05
 0.66768804E-04    0.10983961E-04   -0.64396723E-04    0.20777100E-04    0.14502270E-03
-0.17175754E-04   -0.82502185E-05    0.10438904E-05   -0.16824988E-05   -0.34230115E-05
 0.82407911E-05   -0.30640962E-05    0.18681489E-04    0.28966903E-04    0.67403849E-05
-0.15788330E-05    0.32446320E-05    0.20614114E-04    0.10442175E-03   -0.14355887E-04
-0.14783986E-04    0.39248227E-04    0.11403740E-04    0.17082579E-04   -0.22919616E-04
-0.30490724E-04   -0.23649163E-04   -0.94158297E-06   -0.23563183E-04    0.40971074E-04
 0.21743514E-04    0.71493412E-05   -0.81534229E-05   -0.30334822E-05   -0.84366701E-05
 0.58117617E-05    0.36450329E-04   -0.16243189E-04   -0.25215730E-04    0.10315138E-04
-0.46625643E-05   -0.43324847E-04   -0.17193846E-03    0.16767859E-04    0.24448298E-04
-0.73435087E-04   -0.44328100E-04   -0.20471432E-04   -0.10299745E-04    0.61492642E-04
 0.55085534E-04    0.29292147E-05    0.40083988E-04   -0.24349325E-03   -0.60661566E-04
 0.16993880E-04   -0.56251466E-05   -0.65095673E-05   -0.39631002E-04    0.46649144E-05
-0.34557782E-05   -0.63636471E-04    0.59873781E-04   -0.30912813E-04   -0.28010911E-04
 0.77401478E-05    0.38011037E-04    0.12371392E-03   -0.24506523E-04    0.20752176E-04
 0.61813193E-04    0.96557463E-04    0.33341658E-04    0.59847089E-04    0.73555448E-05
-0.61400701E-04    0.44480169E-05   -0.28010721E-04    0.15752898E-02   -0.20514342E-02
 0.19475400E-02    0.71969816E-03    0.71967072E-05    0.35145052E-03    0.30138457E-03
-0.32376135E-03   -0.10477086E-03    0.13613403E-05    0.40880375E-03   -0.33639450E-03
 0.20778670E-04    0.45294776E-03    0.96718998E-04   -0.19225438E-03   -0.73150565E-03
-0.77468999E-03   -0.10929426E-03    0.34129814E-03   -0.65767940E-03   -0.24410738E-03
-0.65604102E-03   -0.21222108E-03    0.47845796E-03   -0.38771733E-03    0.12189979E-03
-0.11230563E-02   -0.20031837E-04    0.33566228E-06   -0.10534038E-03   -0.23515381E-03
 0.15446006E-04    0.52758012E-06   -0.13511259E-04   -0.25794372E-04   -0.11234955E-03
-0.31428882E-03    0.30633932E-03    0.21543476E-03   -0.35182795E-02   -0.26784593E-04
 0.19457723E-04    0.25129616E-04   -0.61923545E-05    0.21127368E-05   -0.26525315E-04
 0.17358156E-05    0.32053941E-04   -0.48759324E-04    0.19081505E-03   -0.41340535E-04
 0.41271520E-04    0.24592092E-04   -0.16456994E-04    0.10537470E-03    0.15814353E-03
-0.76012289E-05    0.15120501E-03    0.17473312E-04   -0.43689651E-04    0.12048943E-03
 0.10977923E-03    0.18065086E-04   -0.83105959E-05   -0.23628763E-04   -0.70679957E-05
-0.21744241E-03   -0.91787449E-05   -0.11505539E-03    0.65871976E-04   -0.20972321E-04
-0.22546116E-05   -0.14052034E-03   -0.28781763E-03   -0.14012123E-05   -0.43752661E-04
 0.18796017E-04    0.77905557E-04   -0.16268621E-03   -0.18918226E-03    0.10849207E-03
-0.97279916E-04    0.17069842E-04    0.61798255E-04   -0.17114666E-03   -0.66620770E-04
-0.62046563E-04    0.13051268E-04    0.18869224E-02    0.25247253E-03   -0.19992335E-03
 0.10547267E-03    0.27486566E-04    0.29990864E-03   -0.50665106E-04    0.48778401E-05
 0.49371894E-03   -0.25404687E-03    0.21980588E-03    0.19011990E-03    0.52168275E-05
-0.85371813E-04   -0.50878656E-04    0.10279395E-03   -0.29534676E-03   -0.21494999E-03
-0.38360764E-03    0.22549433E-04   -0.57827988E-03   -0.26566826E-03    0.19742842E-03
-0.26498203E-04   -0.93578687E-05   -0.79116599E-02    0.13119764E-01   -0.39494719E-02
-0.22373215E-02    0.88231718E-03   -0.11782733E-02   -0.14289408E-02    0.11806990E-03
 0.79851016E-03   -0.43763371E-04   -0.23293718E-02    0.71021872E-03   -0.22177186E-03
-0.17802711E-02   -0.42613344E-03    0.79773520E-03    0.12284225E-02    0.11233439E-02
 0.18726127E-02   -0.10481135E-02    0.32891482E-02    0.34342896E-03    0.37497960E-02
 0.18288029E-02   -0.25248287E-02    0.14629126E-02   -0.74705223E-04    0.11471096E-02
 0.16395889E-02   -0.49822923E-04   -0.11929487E-05    0.23696134E-03    0.49192833E-03
-0.40129499E-04    0.26996943E-04    0.39084478E-04    0.55975765E-04    0.25697336E-03
 0.25238354E-03   -0.62728548E-03   -0.22880990E-03    0.62376849E-02    0.14595352E-04
-0.10454934E-04   -0.91029088E-04   -0.55563445E-05   -0.88036701E-04    0.63070812E-04
-0.11163925E-04   -0.59664865E-04   -0.14068512E-05   -0.34329808E-03   -0.58055129E-05
-0.30276780E-04   -0.34765338E-05    0.81264670E-04   -0.13603767E-03   -0.21720108E-03
-0.13534849E-04   -0.14973515E-03    0.84407317E-06    0.55080045E-04   -0.18114739E-03
-0.61118484E-04   -0.39322881E-04    0.13102654E-04    0.70104887E-04    0.37534899E-04
 0.39570423E-03    0.63912949E-04    0.25437668E-03   -0.84853355E-04    0.43065517E-04
 0.26151737E-04    0.37128775E-03    0.65044502E-03    0.50989789E-04    0.57289668E-04
-0.34957085E-04   -0.14032442E-03    0.26873424E-03    0.31554090E-03   -0.25699384E-03
 0.12849439E-03   -0.24797050E-04   -0.36143321E-04    0.22279179E-03    0.64931447E-04
 0.88782442E-04   -0.17485681E-04   -0.27530217E-02   -0.38427893E-03    0.30129994E-03
-0.15494968E-03   -0.25467336E-04   -0.40019777E-03    0.68348507E-04   -0.57216387E-05
-0.75564482E-03    0.33264361E-03   -0.40411518E-03   -0.23635501E-03   -0.81347093E-05
 0.12302926E-03    0.67767961E-04   -0.18229625E-03    0.38502077E-03    0.29348197E-03
 0.57978847E-03   -0.76525104E-04    0.76594334E-03    0.36755917E-03   -0.32290226E-03
 0.51013676E-04    0.13347177E-04    0.12071164E-01   -0.23480796E-01    0.60134813E-02
 0.36084608E-02   -0.14613892E-02    0.18262486E-02    0.24085686E-02   -0.21954331E-03
-0.13652853E-02    0.82258613E-04    0.37604007E-02   -0.91517745E-03    0.39470879E-03
 0.28269085E-02    0.71122500E-03   -0.13625329E-02   -0.20571711E-02   -0.14696786E-02
-0.30533468E-02    0.18163063E-02   -0.55380912E-02   -0.47572380E-03   -0.59543267E-02
-0.29791947E-02    0.42565482E-02   -0.24709946E-02    0.12939542E-03   -0.14927293E-02
 0.24704394E-02   -0.24122744E-02    0.70904362E-04   -0.11997353E-03   -0.81508332E-03
-0.13757653E-02    0.96870784E-04   -0.47551859E-04   -0.77496676E-04   -0.10909644E-03
-0.49487544E-03   -0.42745534E-03    0.10674361E-02    0.15249600E-03   -0.11042002E-01
 0.28110837E-04   -0.20000568E-04    0.20848571E-03    0.26732023E-04    0.21796725E-03
-0.74734551E-04    0.25683648E-04    0.13772681E-03    0.18188039E-03    0.64726026E-03
-0.62904271E-05    0.29957071E-04   -0.12320828E-04   -0.16307227E-03    0.19502990E-03
 0.36454554E-03   -0.27101295E-04    0.19908907E-03    0.30045761E-04   -0.27234289E-04
 0.21622911E-03    0.35013298E-04    0.44157423E-04   -0.19658266E-04   -0.22658531E-03
 0.17611451E-05   -0.69803816E-03    0.54338935E-04   -0.44177193E-03    0.75447239E-04
-0.77775950E-04   -0.12762328E-03   -0.10671733E-02   -0.15586589E-02    0.12756411E-03
-0.78116942E-04    0.57264479E-04    0.22768603E-03   -0.26755918E-03   -0.46966239E-03
 0.43365714E-03   -0.29633633E-03   -0.12243345E-03   -0.47245323E-04   -0.26217615E-03
-0.97764727E-04   -0.16343353E-03    0.22949314E-04    0.40219508E-02    0.58763897E-03
-0.46072906E-03    0.23335584E-03    0.14368905E-04    0.58171999E-03   -0.71144641E-04
 0.86731948E-05    0.11779576E-02   -0.39748206E-03    0.54063312E-03    0.32952626E-03
-0.89204729E-05   -0.18203565E-03   -0.96896704E-04    0.31408838E-03   -0.51661334E-03
-0.35192832E-03   -0.81420319E-03    0.15951219E-03   -0.10942558E-02   -0.60479716E-03
 0.50027507E-03   -0.48707600E-04   -0.19679378E-04   -0.17983535E-01    0.42930666E-01
-0.94044150E-02   -0.58383650E-02    0.24330002E-02   -0.29720034E-02   -0.42030607E-02
 0.32879333E-03    0.23536928E-02   -0.15895243E-03   -0.61162110E-02    0.77037059E-03
-0.42778960E-03   -0.45215344E-02   -0.12475444E-02    0.23721469E-02    0.34970292E-02
 0.22228388E-02    0.52818467E-02   -0.35631046E-02    0.92573052E-02    0.74866003E-03
 0.95938546E-02    0.51045146E-02   -0.74073129E-02    0.41850807E-02   -0.23489587E-03
 0.20716715E-02   -0.37997944E-02    0.73083716E-02    0.70771112E-03   -0.32523780E-04
-0.28615435E-05    0.10881726E-03    0.29592248E-03   -0.46252183E-04    0.18549333E-04
 0.27925189E-05    0.39093228E-04    0.18289764E-03    0.12978155E-03   -0.32377014E-03
-0.18013244E-03    0.37653881E-02    0.26075085E-04   -0.45955447E-05   -0.62789874E-04
-0.43951855E-04   -0.12014444E-03    0.34538480E-04   -0.48317362E-05   -0.36145877E-04
 0.21019293E-05   -0.88176429E-04   -0.89306244E-05   -0.24768817E-04    0.33045137E-05
 0.55780793E-04   -0.80366284E-04   -0.10947039E-03    0.19349190E-04   -0.82937979E-05
 0.65976819E-06   -0.13547571E-04   -0.11320057E-03   -0.44151014E-04    0.40135728E-05
 0.55243038E-05   -0.75046803E-05    0.38864787E-04    0.21608153E-03    0.74439990E-04
 0.17921005E-03   -0.49512882E-04    0.20235325E-04    0.30603183E-04    0.17887015E-03
 0.32025126E-04   -0.21607700E-04    0.28743556E-04   -0.11405039E-04   -0.93955843E-04
 0.22880134E-03    0.18398860E-03   -0.11461330E-03    0.68526536E-06   -0.72707657E-04
 0.21838214E-06    0.14036185E-03    0.96338244E-04   -0.11561400E-05   -0.88411742E-05
-0.20622882E-02   -0.29732260E-03    0.19553664E-03   -0.34361887E-04   -0.34727218E-04
-0.30938772E-03    0.51203551E-04   -0.89874746E-07   -0.56950424E-03    0.24791977E-03
-0.26289768E-03   -0.21222750E-03   -0.10795017E-04    0.91931857E-04    0.31865707E-04
-0.12395928E-03    0.29638073E-03    0.20335474E-03    0.44849925E-03   -0.72362429E-04
 0.56516022E-03    0.21195097E-03   -0.22979901E-03    0.45778578E-04    0.74818324E-05
 0.78125114E-02   -0.15653108E-01    0.57754813E-02    0.26390227E-02   -0.74726524E-03
 0.13155854E-02    0.17571112E-02   -0.57663878E-03   -0.88896807E-03    0.17978216E-04
 0.24201553E-02   -0.77535889E-03   -0.11399242E-03    0.21511337E-02    0.60020574E-03
-0.84966177E-03   -0.15394971E-02   -0.18629162E-02   -0.17402174E-02    0.17071791E-02
-0.36800525E-02   -0.44862850E-03   -0.38377437E-02   -0.18193265E-02    0.27933779E-02
-0.19170117E-02    0.11352237E-03   -0.63365976E-03    0.10973196E-02   -0.18512899E-02
 0.10078696E-02   -0.20499720E-03    0.12746904E-04    0.32836622E-04    0.20670794E-04
 0.27712596E-04   -0.76136121E-03   -0.10413488E-04    0.90167049E-04   -0.25237849E-04
-0.37871853E-03   -0.62018113E-04    0.19399852E-03    0.37899365E-04    0.12324377E-02
-0.11671095E-04    0.20757647E-04    0.53199909E-05    0.22502935E-04    0.91259397E-04
-0.42622584E-05   -0.18841124E-05   -0.13606154E-04   -0.40186489E-04    0.41134318E-04
-0.82973697E-05    0.22244649E-04    0.10784285E-04   -0.70662486E-04    0.42065595E-04
 0.17884203E-04   -0.41142934E-04    0.26035008E-04   -0.50772084E-04    0.30350944E-04
 0.39148765E-04    0.57618161E-04   -0.39276162E-05   -0.22088402E-05    0.99423728E-05
-0.29911926E-04   -0.29576705E-04   -0.13114813E-04   -0.15833766E-03    0.22522383E-05
 0.75003307E-05   -0.10432621E-03   -0.53394436E-04    0.70236495E-04    0.26505345E-04
-0.45931916E-04   -0.78162598E-05    0.77611352E-04   -0.53748238E-04   -0.70912076E-04
 0.18571264E-04   -0.90279684E-05   -0.81341012E-04   -0.40458187E-04   -0.14838323E-03
-0.54493992E-04    0.18891846E-04    0.56787882E-05    0.10232746E-02    0.13538744E-03
-0.76113793E-04    0.50779188E-04    0.55947594E-04    0.15790195E-03   -0.17907305E-04
-0.14462574E-06    0.17621621E-03   -0.11462970E-03    0.17056636E-03    0.10711631E-03
 0.29965320E-04   -0.50404504E-04   -0.46545732E-04    0.80066249E-04   -0.16658042E-03
-0.73896122E-04   -0.24892139E-03   -0.57925729E-05   -0.28441668E-03   -0.11783081E-03
 0.13982520E-03   -0.20031711E-04   -0.74154539E-05   -0.77353181E-02    0.42063747E-02
-0.11982313E-01   -0.32895011E-02   -0.35624628E-03   -0.21806064E-02   -0.11351808E-02
 0.23037706E-02    0.21690008E-03    0.81459848E-04   -0.13603019E-02    0.15024694E-02
-0.13041180E-03   -0.20223743E-02   -0.72871066E-03    0.21984684E-03    0.15563908E-02
 0.53370526E-02   -0.14956114E-03   -0.25190040E-02    0.18041311E-02    0.92719746E-03
 0.25494674E-02    0.10745877E-02   -0.10747050E-02    0.18518517E-02   -0.13219810E-03
 0.21743385E-03   -0.28947985E-03    0.39960656E-03   -0.30057368E-03    0.10372264E-02
-0.24712502E-02    0.92728470E-04    0.54950008E-04   -0.52480283E-03   -0.10158364E-02
-0.36420233E-02    0.16154074E-03    0.35448230E-03   -0.74072598E-03   -0.40265733E-02
-0.31169030E-03    0.14727033E-02    0.58443074E-03   -0.52780945E-02   -0.57132250E-04
-0.63950437E-04    0.11315716E-03    0.98277191E-04    0.33504961E-03   -0.60662447E-04
 0.42831450E-05   -0.47970289E-05   -0.35134864E-03    0.67203114E-03   -0.63546836E-04
 0.15228188E-03    0.38696088E-05   -0.54331884E-03    0.41681115E-03    0.50562977E-03
-0.32157203E-03    0.80094997E-04   -0.26896831E-03    0.17770268E-03    0.39282990E-03
 0.19236871E-03    0.37268840E-04   -0.14955636E-04    0.12290019E-03   -0.13716201E-03
-0.69868099E-03   -0.37012128E-04   -0.59289871E-03    0.26650999E-04   -0.21355357E-04
-0.39650533E-03   -0.12253018E-03   -0.94503051E-03    0.40128649E-03   -0.29477249E-03
 0.56742643E-04    0.61584638E-03   -0.87438072E-03   -0.92620667E-03    0.46525345E-03
 0.44256345E-04   -0.28478395E-03   -0.39938006E-03   -0.86168973E-03   -0.18423625E-03
-0.40832389E-04    0.38383692E-04    0.74014087E-02    0.95753851E-03   -0.68793366E-03
 0.36757666E-03    0.26904218E-03    0.12044816E-02   -0.18948503E-03   -0.97683842E-05
 0.14892300E-02   -0.13457164E-02    0.12499475E-02    0.74513566E-03    0.12489678E-03
-0.33158048E-03   -0.36079215E-03    0.62161867E-03   -0.10999200E-02   -0.70915844E-03
-0.18784849E-02   -0.53577597E-04   -0.21689547E-02   -0.95233881E-03    0.10549899E-02
-0.10645925E-03   -0.27048278E-04   -0.52553823E-01    0.58547049E-01   -0.66066632E-01
-0.20553930E-01    0.35146098E-03   -0.12778328E-01   -0.89954634E-02    0.11965778E-01
 0.31790924E-02    0.29802217E-03   -0.11314175E-01    0.95943625E-02   -0.17273764E-02
-0.13890793E-01   -0.45818659E-02    0.31813468E-02    0.10685450E-01    0.27312375E-01
 0.36478468E-02   -0.14777971E-01    0.17400858E-01    0.50957310E-02    0.20823177E-01
 0.95096617E-02   -0.11376924E-01    0.12639098E-01   -0.89167332E-03    0.23310670E-02
-0.38200860E-02    0.65087736E-02   -0.29573761E-02    0.44895927E-02    0.32031413E-01
