 0.19410653E-01   -0.24871480E-02    0.16119954E-01   -0.13130032E-01    0.13645356E-01
 0.49705525E-01   -0.20637647E-02    0.13036111E-02    0.22162204E-02    0.78406163E-03
 0.45033257E-03   -0.11105357E-02   -0.80401282E-03   -0.10083017E-03    0.55663065E-03
 0.60290119E-02   -0.23053490E-02   -0.13586375E-01   -0.63051867E-03    0.22672433E-03
 0.53899988E-02    0.30632442E-02    0.66792900E-03   -0.10138998E-02   -0.16571171E-03
 0.82596772E-04    0.97933867E-03    0.15913349E-02    0.65855402E-03   -0.33413725E-03
-0.79771384E-03   -0.15905267E-03    0.42707186E-04    0.25822799E-03    0.10487708E-03
 0.30020035E-03    0.82704245E-04   -0.15382198E-03   -0.20382442E-03    0.22455565E-04
 0.15589174E-04    0.65212916E-04    0.70502176E-05   -0.68370874E-04    0.65460754E-03
 0.11835124E-04    0.14038792E-03    0.55588126E-04    0.23171671E-04   -0.76925644E-04
-0.89157141E-05   -0.22195831E-04   -0.16772140E-04    0.10990309E-05    0.31044072E-03
 0.24230061E-03   -0.18770965E-03   -0.38015778E-03   -0.31970454E-04    0.70202441E-04
 0.12348964E-03    0.62461489E-04    0.25081691E-04    0.11080496E-03   -0.79975957E-04
 0.82387330E-03   -0.12480547E-02    0.25645290E-03    0.23665744E-02    0.12209611E-03
-0.13665737E-04   -0.10964337E-02   -0.23210367E-03   -0.50719549E-04    0.13616683E-04
 0.13933013E-04   -0.80168394E-06    0.94377146E-03    0.58210832E-03   -0.38493467E-04
-0.75051459E-03   -0.47968632E-04    0.76716891E-04    0.44337901E-03    0.16892965E-03
-0.24931842E-05    0.17088358E-04   -0.36715843E-04    0.41306301E-04   -0.21805889E-03
 0.15310578E-02   -0.14553566E-02    0.52221308E-03    0.14784385E-02    0.19903362E-03
-0.81072765E-04   -0.53892051E-03   -0.31942536E-03   -0.68225966E-04    0.13467682E-04
 0.59070664E-04   -0.76623644E-04    0.17968721E-03   -0.12542751E-03    0.88344434E-03
 0.11743770E-02   -0.77030545E-03   -0.25673529E-02   -0.14531551E-03    0.17196122E-03
 0.77491088E-03    0.26676874E-03    0.41946239E-04    0.30854593E-04   -0.62026508E-04
 0.18513867E-03   -0.23894058E-03    0.48546878E-03   -0.28133944E-03    0.35687943E-02
-0.24108258E-02    0.59750451E-03   -0.71199405E-02    0.20885727E-03   -0.15960998E-03
 0.15895270E-02   -0.53471597E-03   -0.45633730E-05   -0.98064073E-04   -0.22481198E-04
 0.48842726E-04   -0.31387027E-03   -0.10402330E-03    0.99831529E-04    0.26202264E-03
 0.23226267E-01    0.90497841E-03   -0.15859941E-02    0.18223572E-02   -0.25172659E-03
 0.99444460E-04   -0.46095104E-03    0.44353114E-04    0.97081014E-04    0.33884525E-04
-0.20757509E-04    0.28366430E-04    0.10179695E-03   -0.50872041E-04   -0.10893706E-03
-0.23055121E-03   -0.12008360E-01    0.13787894E-01   -0.87318368E-03    0.87490827E-03
 0.29516797E-02    0.27813220E-03   -0.11227994E-03   -0.89588203E-03   -0.18426384E-03
-0.97260470E-04    0.58424681E-04    0.91363744E-04    0.10413602E-04    0.13529958E-03
 0.41353480E-04   -0.52891186E-04   -0.25757250E-03   -0.44270784E-02    0.30128432E-02
 0.10896475E-01    0.10108531E-01   -0.10850348E-01   -0.21401988E-01   -0.19895861E-02
 0.84790619E-03    0.62584660E-02    0.12204697E-02    0.46867327E-03    0.30549167E-03
-0.57421719E-03    0.35895060E-03    0.28746726E-03   -0.12532377E-03    0.11350860E-02
-0.15513746E-03    0.34593333E-02   -0.12257141E-02   -0.19731840E-01    0.11407783E+00
-0.18308890E-01    0.12349864E-01    0.33737719E-01    0.25634047E-02   -0.94748736E-03
-0.10080811E-01   -0.22789254E-02   -0.82429765E-03   -0.30505175E-03    0.11406173E-03
-0.49964732E-03    0.18991238E-02   -0.96553636E-03    0.21165939E-02   -0.27916854E-02
-0.18182088E-02   -0.57456299E-04    0.19530598E-02   -0.17722278E-01    0.35700082E-01
-0.66664590E-03   -0.35414576E-04   -0.10728504E-03    0.57639326E-04    0.90388516E-05
-0.47817771E-04   -0.16416618E-03    0.13327134E-04   -0.23384774E-05   -0.17794186E-04
-0.41336314E-04    0.65748659E-05   -0.41739316E-04    0.42026968E-04   -0.30032742E-04
-0.66668907E-04    0.13770543E-03    0.64111161E-04   -0.17969597E-03    0.56566448E-03
 0.18427778E-02   -0.74013453E-03   -0.21781292E-02    0.23678979E-02   -0.17665381E-04
 0.11167426E-03   -0.88033449E-03   -0.96781960E-04   -0.37115867E-04    0.29228200E-04
-0.46559788E-05    0.49763675E-04    0.16711200E-03   -0.34367345E-04    0.76389798E-05
 0.42794504E-04   -0.19637419E-02    0.11885966E-02    0.18432072E-03    0.87495680E-04
 0.44097973E-03   -0.47566168E-03    0.40398766E-02    0.23874647E-02   -0.94040003E-03
-0.23527338E-02   -0.30774032E-03    0.64553570E-04    0.82549680E-03    0.26946993E-03
 0.10244541E-03    0.46861011E-04   -0.31225120E-04    0.73547455E-04   -0.11586059E-03
 0.79086559E-04   -0.22203176E-03    0.26302512E-03   -0.32559287E-02    0.19751745E-02
 0.45953481E-03    0.18385046E-02   -0.25570538E-02    0.30249964E-03   -0.24628216E-03
 0.39693643E-02    0.19410323E-02    0.87474140E-03   -0.10727925E-02   -0.16511851E-03
-0.14800616E-04    0.55754402E-03    0.39319787E-03    0.49176475E-04   -0.23028221E-04
-0.40881315E-05   -0.50606560E-04   -0.12233563E-03    0.77952470E-04   -0.11764598E-03
-0.43325535E-04   -0.98810761E-03    0.46176667E-03   -0.51809924E-04    0.91961059E-03
-0.16483891E-02   -0.10002312E-03   -0.24185420E-03    0.20536524E-03    0.32908873E-02
-0.40374953E-02    0.17376544E-02    0.78076458E-02    0.62857016E-03   -0.77645949E-04
-0.24104130E-02   -0.48260294E-03   -0.19489405E-03    0.47413631E-04    0.74819477E-05
-0.43245322E-04    0.43331533E-03   -0.16607110E-03    0.39283102E-03   -0.40652500E-03
-0.15335787E-02    0.48770455E-03    0.47141898E-03   -0.34906003E-02    0.61184521E-02
-0.18282153E-03    0.50279925E-03   -0.38262420E-03    0.10586213E-02    0.57924040E-02
 0.75834789E-04    0.69839718E-04    0.17401605E-02    0.27656849E-04    0.28429143E-04
-0.40243276E-03    0.10815665E-03   -0.12092753E-04    0.64216789E-05    0.10896604E-04
 0.22976520E-05    0.65790998E-04    0.79121900E-05    0.17546068E-04   -0.55164226E-04
-0.25149065E-02    0.12683900E-02    0.61540399E-03   -0.94304191E-03    0.77874210E-03
-0.18593056E-04    0.27008659E-03   -0.28448766E-04   -0.18222820E-03    0.91755796E-04
 0.97934813E-03   -0.71504483E-04    0.10636625E-03    0.10553356E-03    0.14599574E-04
-0.91639715E-05   -0.27865457E-04   -0.12212664E-04   -0.22591717E-05   -0.40541864E-05
-0.33464727E-05   -0.24267610E-05    0.43301201E-05   -0.77675280E-05   -0.26318512E-05
 0.57917740E-05    0.15401912E-03   -0.10166847E-03   -0.44642368E-04   -0.45863383E-04
 0.11326427E-03    0.94080316E-05   -0.29308349E-04    0.17401022E-04   -0.37421317E-05
 0.92736669E-06   -0.13608229E-03    0.51475558E-04    0.34160883E-03   -0.20577159E-02
-0.14780757E-02   -0.19753975E-03    0.13194665E-03    0.23273196E-03   -0.16317899E-03
 0.11996119E-03    0.85156757E-04   -0.10494389E-04    0.52376059E-04    0.23342206E-04
 0.68923242E-04    0.52868933E-04    0.48879170E-04   -0.28095403E-02    0.15017203E-02
 0.59145284E-03    0.38997872E-03   -0.13912684E-02   -0.45638733E-04    0.46564565E-03
 0.85092313E-03   -0.93482571E-04   -0.16946646E-03    0.48602007E-03   -0.43576111E-04
 0.50498455E-02   -0.17423963E-02    0.35604523E-02    0.22965535E-02    0.39533750E-03
-0.23231216E-03   -0.52061366E-03   -0.27242216E-03   -0.72183245E-04   -0.46055094E-04
 0.68056483E-04   -0.26745428E-04    0.95808740E-04    0.70877272E-04    0.23120218E-03
-0.28885011E-03   -0.14142667E-02    0.52008127E-03    0.50813733E-03   -0.23755892E-02
 0.30483690E-02    0.21148474E-03   -0.79069689E-03   -0.63612695E-03    0.38736837E-03
 0.68290629E-03    0.26643096E-03    0.31911581E-05    0.52548926E-03    0.85616318E-02
 0.14988148E-02   -0.10710589E-01   -0.88095438E-03   -0.76871566E-03    0.76584465E-03
-0.53028071E-03   -0.26558729E-03    0.22753297E-03    0.46523640E-04   -0.61445452E-05
 0.30442634E-03   -0.89552630E-05   -0.93967297E-04   -0.18769960E-03    0.31868070E-03
-0.46116011E-02    0.37323339E-02   -0.84617819E-03    0.67573205E-02   -0.47196933E-02
 0.47222941E-03    0.28981599E-02    0.18612448E-02   -0.82428331E-03   -0.11160223E-02
 0.35351648E-03    0.51842086E-04    0.14577454E-02   -0.20973345E-02    0.11648307E+00
-0.18461231E-03   -0.10899363E-02   -0.53068278E-02   -0.24801451E-03   -0.29190919E-05
 0.13569830E-02   -0.13639067E-03    0.55839912E-04   -0.30897350E-04    0.72089623E-06
 0.60633504E-04   -0.29370171E-03    0.45643835E-04   -0.38022787E-05   -0.93723305E-04
 0.49951370E-03    0.30116015E-03   -0.54480479E-03    0.14759257E-02   -0.24159513E-02
-0.20630742E-03    0.21021948E-03   -0.20568143E-03    0.37656744E-03   -0.28160411E-03
-0.42128453E-03   -0.76983109E-04   -0.19881024E-03    0.23098247E-03    0.21321013E-02
 0.78316992E-02    0.74421922E-03   -0.12782197E-02   -0.17778830E-02   -0.16259470E-03
 0.86480604E-04    0.36068517E-03    0.31352788E-04    0.38891517E-04    0.24114477E-04
 0.20621998E-05   -0.10222198E-04   -0.28813998E-04    0.46268905E-04   -0.60058983E-04
 0.95214471E-04   -0.10918539E-02    0.67641326E-03    0.92599228E-04    0.12121937E-02
-0.14915529E-02   -0.22134696E-04    0.77002729E-04    0.34695879E-03   -0.16720055E-04
-0.36944525E-03   -0.23850690E-05   -0.20187209E-04    0.19117230E-03   -0.25157439E-03
 0.10671736E-02    0.74130582E-04    0.63612653E-03    0.46061240E-03    0.93548789E-04
 0.89238654E-03   -0.40150728E-04    0.16287462E-04   -0.12543717E-03    0.11938573E-03
-0.24570150E-05   -0.25752953E-05   -0.53805096E-06   -0.73815094E-05    0.89933483E-05
-0.11225615E-04   -0.13324133E-04   -0.48474571E-04   -0.71870183E-03    0.26775588E-03
 0.81837770E-04   -0.14482427E-03    0.16547491E-03   -0.29627164E-03   -0.10729518E-03
-0.18270327E-03    0.11564853E-03    0.26031927E-03    0.63111108E-04   -0.20505346E-06
-0.16758215E-03   -0.14554131E-04   -0.32737364E-03   -0.41776007E-03   -0.89042644E-04
 0.59862349E-03   -0.25450449E-03   -0.79250214E-03    0.23921502E-02    0.39753093E-04
 0.44564600E-04   -0.63826097E-03   -0.99479416E-04   -0.34855083E-04   -0.91491798E-05
 0.19049802E-04   -0.38047828E-04    0.97957190E-04   -0.88180729E-05   -0.29164736E-04
-0.74717332E-04   -0.17523076E-02    0.74139204E-03    0.22645210E-03   -0.16201271E-03
 0.98215526E-03   -0.22659929E-03    0.44929343E-03   -0.41654170E-03   -0.43769090E-03
-0.11788096E-03    0.22924242E-03   -0.14405842E-04   -0.24635789E-03    0.43606898E-03
 0.93829182E-03   -0.24525033E-03    0.48414503E-05    0.33232573E-03    0.33585123E-02
-0.26153758E-02    0.46400705E-03    0.41274544E-02    0.25385606E-03   -0.21302999E-04
-0.12783211E-02   -0.47441845E-03   -0.65947702E-04   -0.57330656E-05   -0.95501905E-04
-0.52379416E-04    0.26811420E-03   -0.10126114E-03    0.21496052E-03   -0.20113219E-03
-0.23314564E-02    0.13056604E-02    0.58109139E-03   -0.91615586E-03    0.32886033E-02
 0.21812706E-03    0.52469859E-03   -0.21600791E-03   -0.44828860E-04    0.87174230E-03
 0.11235946E-03   -0.52321995E-05   -0.17411378E-04    0.24251444E-03    0.66034105E-03
-0.23951994E-03   -0.17445965E-03    0.30721586E-04    0.12602523E-03    0.42725059E-02
-0.44772666E-04    0.14600889E-02    0.39175427E-02    0.67991988E-04   -0.92894847E-04
-0.92031051E-03    0.41979323E-04   -0.25976856E-04    0.30498436E-04   -0.52721227E-04
-0.20084452E-04    0.14381986E-03   -0.65109846E-04    0.11756279E-03   -0.16487819E-03
-0.21885114E-02    0.10519440E-02    0.35913221E-03   -0.48467395E-03    0.20710333E-02
-0.14418311E-03    0.96270571E-04    0.70339009E-04    0.92233239E-04    0.68436907E-03
 0.84092238E-04   -0.50892795E-05    0.23644575E-04    0.22393028E-03   -0.72111885E-04
-0.32245135E-03   -0.17948099E-03    0.55356803E-04   -0.17632066E-04    0.22492070E-02
 0.36332658E-02   -0.34004095E-02    0.35319935E-02    0.40501692E-02    0.58178532E-03
-0.26616899E-03   -0.12446680E-02   -0.36585255E-03   -0.19352926E-03   -0.48901726E-04
 0.48919381E-04   -0.62905913E-04    0.17764501E-03    0.21627698E-04    0.23992000E-03
-0.29438042E-03   -0.44012596E-02    0.20965697E-02    0.12756413E-02   -0.46653419E-02
 0.47287762E-02   -0.24067101E-03   -0.31111670E-03   -0.38181983E-03   -0.62291158E-04
 0.99270579E-03    0.18104690E-03    0.35764023E-05   -0.33169318E-03    0.77914008E-03
-0.24971223E-02    0.12285725E-02   -0.38493148E-03   -0.47749156E-04    0.54649269E-03
 0.37008091E-03    0.34394499E-04    0.62220507E-02    0.28267057E-02   -0.19886102E-02
-0.29041420E-02   -0.39132010E-03    0.16305911E-03    0.80369531E-03    0.39647514E-03
 0.14947510E-03    0.65369139E-04    0.13756593E-04    0.69948036E-04   -0.13407777E-03
 0.85558973E-04   -0.26251468E-03    0.17250106E-03   -0.17689748E-02    0.10627376E-02
 0.22071356E-03    0.16081178E-02   -0.31896097E-02    0.76508528E-04    0.92419275E-05
 0.66402418E-03    0.19487795E-03   -0.16999006E-03   -0.45651980E-04   -0.67997099E-05
 0.73317070E-03   -0.55856333E-03    0.30128393E-02    0.55354451E-04    0.33019877E-03
 0.84278991E-04   -0.99182541E-05   -0.19299375E-03    0.57207924E-04   -0.78711919E-03
 0.40680379E-02    0.31710613E-02   -0.65083094E-03   -0.57920701E-02   -0.39909225E-03
 0.30179924E-04    0.18912319E-02    0.42903635E-03    0.14292971E-03    0.24685764E-04
 0.11270658E-04    0.28403516E-04   -0.35343750E-03    0.98065552E-05   -0.28799496E-03
 0.26335847E-03    0.59150859E-04    0.10689678E-03   -0.17540350E-03    0.24120567E-02
-0.42035984E-02   -0.11119273E-03   -0.58353288E-03    0.28399095E-03    0.24049039E-03
-0.11995022E-02   -0.19871257E-03   -0.24912670E-04    0.88393101E-04   -0.13199345E-03
 0.22821003E-03    0.44927660E-03    0.13557643E-03    0.93462342E-04   -0.25576632E-03
-0.72289468E-03   -0.33687143E-03   -0.48719972E-03    0.14957486E-02    0.44131563E-02
 0.82080975E-03    0.10675486E-02    0.14595089E-02   -0.31533224E-04    0.89485588E-05
-0.86223488E-04    0.25470574E-03   -0.12173953E-04   -0.32233961E-05    0.62473628E-05
 0.14968080E-05   -0.12366773E-03   -0.24364370E-04   -0.67325912E-04    0.17993517E-04
-0.43637176E-03    0.11866499E-03   -0.50125577E-04   -0.69263890E-03    0.56946036E-03
-0.28646538E-03    0.12363323E-03   -0.80079541E-03    0.29462389E-03   -0.12077089E-03
 0.19264399E-03   -0.26857442E-05   -0.60258761E-03   -0.16718907E-04   -0.91268990E-03
-0.29165862E-03   -0.24458601E-03    0.18081170E-03   -0.54390759E-04   -0.14056603E-03
-0.22802046E-03    0.26885042E-03   -0.85109853E-03    0.19405012E-03    0.56265213E-02
 0.27320571E-03   -0.18987665E-02    0.11177312E-02   -0.16463403E-03    0.12094502E-03
-0.37844157E-03   -0.19431485E-04   -0.32484952E-05    0.34955273E-04    0.19934465E-04
 0.37319707E-04    0.98947595E-04   -0.51594682E-04   -0.49235428E-04   -0.98008893E-04
-0.15536647E-02    0.75256024E-03    0.36674340E-03   -0.35027141E-03   -0.29582868E-03
-0.86231053E-05    0.61811898E-03   -0.27647485E-03   -0.28121163E-04    0.37117272E-05
 0.26758085E-03   -0.31639452E-04    0.10805470E-03   -0.60015997E-03    0.85321562E-03
-0.38992926E-03    0.77067197E-04    0.82018498E-04   -0.16469860E-03    0.71855605E-04
-0.23092744E-04   -0.47553833E-04    0.49330726E-04   -0.44216459E-03    0.10234829E-02
 0.37349055E-02    0.24740086E-02   -0.72930136E-03   -0.64280157E-02   -0.32439442E-03
 0.29474377E-04    0.18377785E-02    0.22851857E-03    0.11156729E-03    0.33084277E-04
 0.51688128E-05    0.25666905E-04   -0.29107044E-03    0.10206907E-03   -0.15198454E-03
 0.16852275E-03   -0.27495583E-02    0.17050094E-02    0.41487035E-03    0.14628382E-02
-0.44885960E-02   -0.32208089E-03    0.94977761E-04    0.19094623E-02    0.35675557E-03
-0.10395819E-02   -0.35242757E-03   -0.15121774E-04    0.47639333E-03   -0.45969567E-04
-0.10792243E-02    0.88639477E-03    0.29514302E-03    0.41629404E-03   -0.99811360E-03
-0.66991321E-03   -0.49460304E-03   -0.30752559E-03    0.21810642E-03    0.63133231E-03
-0.17481583E-03   -0.42189166E-03    0.54720680E-02    0.10801657E-02    0.43979184E-03
-0.63835022E-03   -0.10917929E-03   -0.14732661E-04    0.27033846E-03    0.19162999E-03
 0.21072927E-04    0.23586790E-04    0.91612958E-05    0.44672262E-05   -0.55172781E-04
 0.53776177E-04   -0.61534366E-04    0.47476150E-04   -0.62626511E-04   -0.49465043E-04
 0.19653602E-05    0.30430368E-03   -0.77706204E-03    0.70374338E-04   -0.15694739E-03
 0.18008478E-03    0.19729292E-03   -0.23695638E-03   -0.38740944E-04   -0.52622891E-05
-0.10287280E-03   -0.74890291E-04   -0.56687444E-03   -0.47369335E-03   -0.27903019E-05
 0.30844687E-04   -0.84708818E-04   -0.39652678E-03    0.85881987E-04   -0.24218627E-04
 0.17170735E-03    0.29641515E-03   -0.52805592E-04   -0.17581204E-03    0.13976563E-03
 0.85416016E-03    0.15624505E-03   -0.38691345E-03   -0.29803860E-03   -0.38224666E-04
 0.27922008E-04    0.70256737E-04    0.27050918E-05    0.11748455E-04    0.11234319E-05
-0.35232260E-05    0.91098456E-05   -0.50988102E-05   -0.26766337E-05   -0.13192250E-04
 0.15924614E-04   -0.35740942E-04    0.44898967E-04   -0.13987090E-04    0.24709147E-03
-0.33644494E-03    0.18789288E-04    0.52118662E-04    0.11511810E-04   -0.28320251E-05
-0.58093610E-04    0.29670723E-05   -0.21419611E-05    0.44740104E-04   -0.11823221E-03
 0.17472784E-03    0.36719093E-04    0.21494302E-04   -0.35315909E-04   -0.10634180E-03
-0.11497694E-04   -0.31947631E-04   -0.15301633E-03    0.28183116E-04    0.11630765E-04
-0.28840161E-04    0.63892692E-04    0.43284793E-04   -0.97998994E-05    0.46106851E-04
 0.14531985E-01   -0.90911481E-02   -0.25899011E-01   -0.20059367E-02    0.67856778E-03
 0.78342446E-02    0.18749135E-02    0.64198577E-03    0.22992814E-03   -0.61903579E-04
 0.36285076E-03   -0.14718583E-02    0.72801064E-03   -0.16148175E-02    0.20738907E-02
 0.12784653E-02    0.16181045E-03   -0.15823284E-02    0.13574354E-01   -0.27518590E-01
-0.45692503E-03   -0.43381477E-03    0.20042511E-02    0.13236241E-02   -0.47223028E-02
-0.60989497E-03   -0.83019986E-04    0.10449235E-02   -0.22830465E-02    0.31559805E-02
 0.18574267E-02    0.11536234E-02   -0.11286922E-03   -0.75243893E-03   -0.26065931E-02
-0.15608757E-02   -0.35634719E-02    0.25005124E-02    0.32746924E-02   -0.40909270E-03
 0.17859782E-03    0.35067769E-02    0.63404220E-03    0.25161641E-03    0.21590555E-01
 0.22084482E-03   -0.63739493E-06    0.18803393E-03   -0.26185028E-04    0.97831621E-05
-0.12265580E-04    0.45264715E-04   -0.55785700E-05    0.11993490E-04    0.14938614E-04
 0.35353142E-04    0.12805000E-04    0.30337601E-04   -0.22046619E-04    0.47490327E-04
 0.10929314E-03   -0.73362843E-04   -0.58119573E-04    0.24519558E-03   -0.19963343E-03
-0.94363546E-03    0.26871945E-03   -0.18763310E-03    0.16590126E-04    0.15953825E-03
 0.10875019E-04   -0.39985786E-05   -0.15065396E-05   -0.13449793E-03   -0.27119609E-03
 0.12195121E-03    0.51208318E-05    0.16831005E-03    0.13577413E-03   -0.10465547E-03
 0.73891361E-04    0.11237252E-03   -0.67434027E-04   -0.32340252E-04    0.98636978E-04
 0.15746396E-04    0.12907790E-03   -0.35182212E-04   -0.12767574E-04    0.18230494E-03
 0.10012756E-02    0.62283832E-03    0.11879019E-02   -0.14139928E-02   -0.10817994E-04
-0.18771057E-04    0.52186222E-03    0.11461167E-03    0.49403013E-04   -0.41182276E-04
-0.89250847E-05   -0.23794463E-04   -0.90931170E-04    0.64610367E-04   -0.19177309E-04
 0.53828007E-05    0.96658466E-03   -0.79755610E-03   -0.12232286E-03    0.51996527E-04
-0.46110146E-03    0.24851961E-03   -0.22400667E-02    0.21324929E-03    0.17021730E-03
-0.29929180E-03   -0.14470039E-03    0.16061015E-04   -0.17851781E-03    0.32088304E-03
-0.16415347E-02   -0.10532167E-03   -0.40378957E-04    0.69575739E-04   -0.31712933E-03
-0.24214297E-03   -0.76929447E-04    0.11382052E-03    0.87129760E-04    0.30214320E-03
-0.93631326E-04   -0.34783857E-03    0.45104000E-04    0.75484523E-04   -0.23340190E-04
 0.35337027E-03   -0.23555169E-03    0.23783939E-02   -0.14104577E-02    0.32664060E-03
 0.10671410E-02    0.11200825E-03    0.18407893E-04   -0.42272264E-03   -0.14105229E-03
-0.61912409E-04   -0.36643698E-04   -0.16052034E-04   -0.11186586E-04    0.61286772E-04
-0.22618578E-04    0.11322904E-03   -0.10633135E-04    0.19653411E-02   -0.20865686E-02
-0.38111399E-03   -0.81789225E-03    0.13074552E-02   -0.15091456E-03    0.15788863E-03
-0.22295163E-02   -0.18635888E-03    0.15201686E-03   -0.49111835E-05   -0.11570805E-05
-0.53506655E-03    0.32754170E-03   -0.98960604E-03    0.12806630E-03   -0.19379871E-03
 0.11060723E-03    0.24438771E-03    0.98060608E-04   -0.15282720E-03    0.20286828E-03
-0.41774100E-03   -0.11810079E-03    0.50360862E-03    0.13823271E-03   -0.10797460E-02
-0.93318738E-04   -0.56304835E-05   -0.10343603E-02    0.14909836E-03   -0.16584765E-03
 0.22891558E-02   -0.15280748E-02   -0.10533269E-02    0.12311973E-03    0.67602098E-04
 0.54647018E-04   -0.29534362E-03   -0.29075391E-03   -0.34210979E-04    0.27535949E-04
-0.95278155E-05    0.40289833E-04    0.88633011E-04   -0.16352323E-04    0.88949821E-04
 0.50382574E-04    0.66785708E-03   -0.58897381E-03    0.39123130E-04   -0.40365974E-03
 0.57393569E-03    0.54271286E-04    0.20858600E-03   -0.18590482E-03   -0.18561843E-02
-0.61540425E-03    0.68813268E-04   -0.25024606E-05    0.21345286E-03   -0.24686457E-03
 0.87108491E-03   -0.78995248E-04    0.62572556E-04   -0.81906665E-04    0.26077464E-03
 0.66816995E-04   -0.14533244E-03   -0.76046003E-05   -0.14437374E-03   -0.18554181E-03
-0.26219932E-03    0.69302514E-04   -0.14570764E-03   -0.15466438E-03    0.10291966E-04
-0.52025876E-03   -0.37918005E-04   -0.16919885E-03    0.26145912E-03    0.20737428E-02
 0.19459580E-02   -0.83530373E-03   -0.37931547E-02   -0.34358739E-03    0.28118401E-04
 0.11811876E-02    0.20826054E-03    0.10619117E-03   -0.18408288E-06    0.26518077E-04
-0.17222089E-04   -0.22527787E-03    0.13168557E-03   -0.13851690E-03    0.17062589E-03
 0.61190851E-03   -0.27817998E-03   -0.16754687E-03    0.14153665E-02   -0.31321575E-02
 0.94345703E-04   -0.24258274E-03    0.14539603E-03   -0.62767307E-03   -0.30947264E-02
 0.70458816E-05   -0.13572239E-04    0.80219711E-04   -0.21099638E-03    0.58500955E-03
 0.20301810E-03    0.21664156E-03   -0.14689317E-03    0.20318114E-03   -0.49913566E-03
-0.48269101E-03   -0.35547105E-03   -0.36392608E-05    0.52408079E-03    0.64914445E-04
-0.63293300E-04    0.59173723E-03    0.12053008E-03    0.28319918E-04    0.24647516E-02
-0.16630068E-03    0.17017619E-03    0.41624089E-05    0.87294044E-03    0.31298224E-02
-0.30192874E-04   -0.30390148E-05   -0.76004304E-03    0.64689603E-05   -0.17851210E-05
 0.16001111E-03   -0.44024779E-04   -0.36013613E-05    0.26766106E-05   -0.10635062E-05
-0.95277849E-05   -0.31570605E-04    0.88107193E-05   -0.13753388E-04    0.29568420E-04
 0.13062236E-02   -0.14134205E-02   -0.40563260E-03    0.51082913E-03   -0.37633528E-03
-0.40173415E-05   -0.14121571E-03    0.36349296E-05    0.95363765E-04    0.14940492E-04
-0.50795020E-03    0.72190729E-04   -0.23919400E-03   -0.16332701E-03   -0.21539802E-03
 0.16480932E-03   -0.10872194E-04   -0.37125584E-04   -0.11340333E-03   -0.61607707E-04
-0.40247526E-04   -0.91019756E-04    0.45314397E-04    0.11491552E-03   -0.11050912E-03
-0.85003662E-04    0.16029628E-03    0.19696714E-04    0.22802860E-06    0.28719058E-03
-0.92610769E-05    0.96595670E-04    0.23501359E-04   -0.80824371E-04   -0.45120220E-04
 0.55112021E-03    0.71730578E-04   -0.27010239E-04   -0.52649450E-04   -0.13446496E-04
 0.31615086E-05    0.22947630E-04    0.17449772E-04    0.18968596E-05    0.16083730E-05
 0.15099187E-05    0.10619407E-05   -0.58537801E-05    0.66040469E-05   -0.73924261E-06
 0.48745895E-05   -0.94734006E-04    0.91549792E-04    0.26743977E-04    0.21593309E-04
-0.63142805E-04   -0.70732008E-05    0.91929482E-05   -0.29050714E-07    0.43167980E-05
-0.17710096E-04    0.72196954E-04   -0.26138164E-04    0.15860216E-04    0.33358679E-06
-0.64908834E-04    0.39273427E-04    0.11409488E-04    0.36554554E-05    0.11391696E-04
-0.50687339E-05    0.54964716E-05   -0.26942096E-05    0.44079923E-05    0.16748456E-04
 0.10040731E-04    0.29331492E-05    0.13894672E-04    0.50776968E-05   -0.42554369E-07
 0.47033405E-04    0.79625373E-05   -0.10543335E-04    0.32816055E-05   -0.27600522E-05
 0.24148185E-05   -0.83726883E-04    0.30874744E-04   -0.61557983E-03    0.92614106E-03
 0.87993036E-03    0.14749090E-03   -0.96698355E-04   -0.21188468E-03   -0.24176425E-04
-0.10245104E-03   -0.15700416E-04    0.32682745E-04   -0.69651740E-04    0.53101436E-04
-0.41217783E-04    0.28887700E-04   -0.13696205E-03    0.14227135E-02   -0.16279783E-02
-0.32582859E-03   -0.42271856E-03    0.12927059E-02    0.61716570E-05   -0.17153612E-03
-0.59621210E-03    0.93800704E-04    0.16156536E-03   -0.23890206E-03    0.21099356E-04
-0.28149803E-02   -0.28584425E-03   -0.93923304E-03    0.11634857E-03   -0.10982830E-03
 0.10016378E-03    0.18001071E-03    0.56321804E-04   -0.91187412E-04    0.23147004E-03
-0.35730275E-03   -0.57740045E-04    0.21687717E-03    0.76931341E-04   -0.29863036E-03
 0.31083177E-04   -0.10388439E-04   -0.99860164E-03    0.55483592E-04    0.62554035E-04
 0.42887991E-03   -0.11438524E-03   -0.12088232E-03    0.25274698E-03   -0.38890524E-05
 0.30239855E-02    0.12130272E-02   -0.21688157E-02   -0.16930409E-02   -0.29330766E-03
 0.15112746E-03    0.41494694E-03    0.10353260E-03    0.29146374E-04    0.34423343E-04
-0.28803929E-04   -0.29633345E-04   -0.69166042E-04    0.27635361E-04   -0.98364765E-04
 0.13412764E-03    0.72724789E-03   -0.11966006E-02   -0.47743361E-03    0.19805065E-02
-0.19902327E-02   -0.15865586E-03    0.37411477E-03    0.42614960E-03   -0.15809601E-03
-0.32780009E-03   -0.18682550E-03   -0.21197045E-05   -0.23414515E-03   -0.44156898E-02
 0.10845447E-02   -0.20315924E-03    0.19415913E-03    0.73898624E-04   -0.22435349E-03
-0.24521830E-03   -0.95189970E-04   -0.54982364E-03    0.26965606E-03    0.44627531E-04
-0.39915392E-04    0.42759595E-03    0.20672960E-03    0.26355371E-04    0.66560895E-04
 0.14530621E-02    0.41296109E-04   -0.12172328E-03   -0.20158812E-03    0.29717237E-03
 0.16707521E-03    0.20032114E-03    0.11616409E-04    0.49917881E-03    0.50219256E-02
-0.28804980E-03    0.64312822E-02    0.17382965E-02    0.49955092E-03   -0.23481944E-03
 0.15998623E-03    0.30553397E-03   -0.11601534E-03    0.35884806E-06    0.38493133E-04
 0.23049970E-04   -0.20723725E-04    0.32097315E-04    0.96973357E-04   -0.14608129E-03
 0.19961001E-02   -0.10250787E-02    0.80066588E-03   -0.43633693E-02    0.27685209E-02
-0.18519211E-03   -0.15990337E-02   -0.67844088E-03    0.71502636E-03    0.89115674E-03
-0.16312330E-03   -0.44369956E-06   -0.94108082E-03    0.11344831E-02   -0.29478277E-01
-0.71810611E-03   -0.73759817E-03    0.27282539E-03   -0.64084203E-03   -0.39864330E-03
 0.14186388E-03    0.13343546E-02   -0.13311075E-02   -0.99041896E-04    0.64730950E-03
-0.49458624E-03    0.58274124E-03    0.31143604E-03   -0.10983902E-03   -0.20780255E-02
 0.33520233E-03    0.10557932E-02    0.15190344E-03   -0.73490302E-03   -0.12072825E-02
 0.10466902E-03   -0.67302970E-05    0.61577197E-03   -0.47602813E-03    0.40667554E-01
-0.59957152E-03    0.75244170E-03    0.31924366E-02    0.11582025E-03    0.61762964E-05
-0.79865250E-03   -0.17572121E-04   -0.96504050E-05   -0.30407485E-04   -0.24730627E-04
-0.43185844E-04    0.17051257E-03   -0.54601381E-04    0.58373538E-04   -0.56773113E-04
-0.67966021E-04   -0.23638364E-04    0.21806499E-04   -0.85880363E-03    0.19688241E-02
 0.11284796E-03   -0.75141105E-04    0.89388739E-04   -0.22513637E-03    0.30864412E-03
 0.18999653E-03    0.49519037E-04    0.12521197E-03   -0.13218729E-03   -0.12060441E-02
-0.34774185E-02   -0.78238627E-04    0.16062387E-03    0.69761417E-04    0.21153871E-03
 0.21125142E-03   -0.51538634E-03   -0.15267207E-03   -0.37728224E-03    0.90609522E-04
 0.18681498E-03   -0.54173531E-03    0.19434635E-03   -0.26993565E-04   -0.14874921E-02
-0.13583082E-03    0.94233062E-04   -0.17699088E-03    0.15079704E-03   -0.10744274E-04
-0.12974483E-03   -0.57642791E-04   -0.29574981E-03    0.96573355E-04    0.16302431E-03
 0.38701428E-02   -0.42916869E-03    0.61014455E-03    0.84402061E-03    0.87442575E-04
-0.52600223E-04   -0.18645118E-03   -0.43129938E-04   -0.24117987E-04   -0.18213962E-04
 0.12119419E-04   -0.47556075E-05    0.28669668E-04   -0.30956777E-04    0.32442849E-04
-0.39642816E-04    0.61784414E-03   -0.71821619E-03   -0.54483225E-04   -0.60908779E-03
 0.73377386E-03    0.30081138E-04   -0.48935729E-04   -0.21056825E-03    0.84654659E-05
 0.21268145E-03   -0.13044344E-04    0.13651658E-04   -0.10561178E-03    0.14266288E-03
-0.61833532E-03   -0.49525676E-04   -0.33244669E-03    0.54589278E-04   -0.72822109E-05
 0.55986501E-04    0.40694526E-04    0.21331419E-03   -0.17783117E-03   -0.91625944E-04
 0.14010483E-03   -0.74436579E-05   -0.15410694E-03   -0.14524719E-05   -0.10768721E-04
-0.56274166E-03   -0.13431619E-04    0.27338890E-04    0.15346684E-03   -0.20553429E-04
-0.12619176E-03    0.74893036E-05   -0.56048920E-05    0.94366130E-04   -0.62401881E-04
 0.36022286E-03    0.21761196E-04    0.33322258E-03   -0.20744497E-03    0.10557815E-03
-0.30794213E-03    0.46405826E-04   -0.13238661E-04    0.32211474E-04   -0.39332339E-04
-0.80582997E-05   -0.47481065E-07   -0.15167380E-05   -0.21280188E-05   -0.33399461E-05
 0.14202713E-04    0.16675005E-04    0.19296422E-04    0.33795561E-03   -0.51812401E-03
 0.54482828E-05   -0.23926782E-03    0.13439847E-04    0.17333126E-03    0.27473599E-04
 0.97507828E-04   -0.43057303E-04   -0.14604508E-03   -0.35160313E-04    0.23446110E-05
 0.85613063E-04    0.10850992E-03    0.19300062E-03    0.14150379E-03    0.42063870E-04
-0.34415542E-03   -0.14062286E-03    0.15509888E-04    0.34700253E-04    0.76391925E-04
-0.53327471E-04   -0.53415953E-04   -0.93037195E-04   -0.59028870E-04   -0.28805525E-03
-0.34916699E-05    0.14129274E-04   -0.39021477E-04   -0.19849411E-03   -0.10867606E-03
-0.11345601E-03    0.27972753E-04    0.73384920E-04    0.49879819E-04   -0.36895745E-05
-0.61858241E-04   -0.12505367E-03   -0.24104453E-03   -0.12495620E-03   -0.59081509E-04
 0.46258899E-03    0.25036716E-04    0.79154151E-03   -0.94989717E-03    0.61847511E-04
-0.23098103E-04    0.27191904E-03    0.91535822E-04   -0.98015306E-05   -0.12845256E-04
-0.52543476E-05    0.22076760E-04   -0.49856040E-04    0.30463064E-04    0.29867254E-04
-0.21177823E-04    0.80139299E-03   -0.94666962E-03   -0.15707285E-03   -0.11273036E-03
-0.19666641E-04    0.12763293E-03   -0.33803849E-03    0.20917499E-03    0.26260845E-03
 0.24637789E-03   -0.11887855E-03    0.14400766E-04    0.13815543E-03   -0.13125379E-03
-0.85315849E-03    0.67936316E-04   -0.30928033E-04   -0.14742819E-03   -0.18813077E-02
-0.51669927E-04    0.10887181E-03   -0.17413433E-03   -0.28269553E-04    0.11237295E-03
 0.40605911E-04    0.53908542E-04    0.55742439E-03    0.22779092E-04    0.52094828E-04
 0.10536091E-04   -0.13595737E-03    0.22103475E-03   -0.12655199E-03   -0.26904143E-03
-0.45287291E-03    0.11905382E-03   -0.24253449E-04   -0.16590002E-03    0.17344854E-03
 0.56038439E-03   -0.87489127E-05    0.10931514E-04    0.13906116E-03    0.20733708E-02
 0.12378992E-02   -0.46366609E-03   -0.21754225E-02   -0.12232039E-03    0.34529312E-04
 0.66455260E-03    0.19244403E-03    0.23959489E-04    0.23893265E-04    0.33393326E-04
 0.73674925E-04   -0.13555823E-03    0.74573046E-04   -0.11819582E-03    0.11813839E-03
 0.13074155E-02   -0.14246747E-02   -0.44320947E-03    0.66098208E-03   -0.17818673E-02
-0.11974544E-03   -0.18670925E-03    0.61074488E-04   -0.93257827E-05   -0.50309841E-03
-0.52677217E-04   -0.52998764E-05    0.80600083E-04   -0.14598759E-03   -0.38631931E-03
 0.12634928E-03    0.62296538E-04    0.34983420E-05   -0.11058258E-04   -0.21975222E-02
-0.12155048E-02   -0.19060978E-03    0.47272171E-04    0.32045478E-03   -0.25440674E-04
 0.19406950E-04    0.37203706E-03    0.16760819E-03    0.77075843E-05    0.13680163E-02
 0.14075787E-03    0.98853579E-04    0.80391785E-05    0.42107194E-04    0.29481378E-03
 0.49108946E-04   -0.19685692E-05   -0.29051095E-04    0.14733255E-03    0.32148038E-03
-0.10127672E-03   -0.43082586E-05   -0.15773980E-05   -0.20981486E-04    0.23155377E-02
 0.30869393E-03   -0.50615975E-03   -0.19604293E-02   -0.60523113E-04    0.21452041E-04
 0.48514411E-03   -0.15910780E-05   -0.10037827E-04   -0.30544305E-04    0.22624087E-04
-0.23012424E-05   -0.81275634E-04   -0.20637802E-05   -0.40593262E-04    0.47923125E-04
 0.11731434E-02   -0.12848079E-02   -0.34292714E-03    0.10611759E-03   -0.10236589E-02
 0.56471839E-04   -0.11071883E-03   -0.97826569E-04   -0.27817969E-04   -0.50999891E-03
-0.37124157E-04    0.41576261E-05   -0.91501682E-04    0.31076295E-04   -0.22446410E-03
 0.15843048E-03    0.41730610E-04    0.12351561E-04    0.67209540E-04   -0.12199103E-02
-0.19287446E-02    0.12035159E-04   -0.41398176E-04    0.22455183E-03    0.10606217E-03
-0.17978671E-04    0.30251551E-03   -0.13205713E-05    0.13149366E-04    0.75187295E-03
-0.58385348E-04   -0.73477815E-05    0.15358666E-03    0.55120087E-04    0.34575151E-03
 0.18915086E-04   -0.13266345E-05    0.12857387E-03    0.82074242E-05    0.41616754E-04
-0.13845334E-03   -0.30270036E-05   -0.15299337E-04   -0.91810969E-04    0.13088999E-02
 0.20542175E-02    0.16167030E-02   -0.17473361E-02   -0.17142935E-02   -0.28032460E-03
 0.86764024E-04    0.49627551E-03    0.18210081E-03    0.98791649E-04    0.17244079E-04
-0.63022926E-05    0.31813488E-04   -0.89258115E-04   -0.33346670E-04   -0.13419591E-03
 0.15634750E-03    0.22405216E-02   -0.22915344E-02   -0.92294201E-03    0.24305221E-02
-0.20051549E-02    0.10977206E-03    0.13263909E-03    0.18662670E-03    0.34948887E-05
-0.33999091E-03   -0.93457212E-04   -0.10642031E-05    0.18683203E-03   -0.41403086E-03
 0.11372432E-02   -0.71076645E-03    0.20659319E-03    0.56723409E-04   -0.24070281E-03
-0.15057465E-03    0.29134424E-04   -0.32503420E-02    0.37199705E-03    0.22824172E-03
-0.10113930E-03    0.11332817E-04    0.97331812E-04    0.28286736E-04    0.77270172E-04
 0.15552434E-02   -0.17376430E-03   -0.78913518E-04   -0.45951148E-04   -0.50557971E-04
 0.52557459E-04    0.10614740E-03   -0.50295388E-05   -0.16077117E-03    0.24631313E-03
-0.86766899E-03    0.58406083E-03   -0.12983878E-03   -0.46134770E-04    0.30668826E-03
 0.16474126E-04   -0.87442084E-04    0.30616905E-02   -0.11283009E-02    0.16314412E-02
 0.21562569E-02    0.19640927E-03   -0.13251107E-03   -0.55275871E-03   -0.99016292E-04
-0.10938723E-03   -0.58670010E-04    0.21478156E-04   -0.82798218E-04    0.82966594E-04
-0.45081805E-04    0.14918727E-03   -0.11535270E-03    0.89722929E-03   -0.96645109E-03
-0.11606566E-03   -0.12493055E-02    0.19031261E-02   -0.91914964E-04    0.17590145E-04
-0.42082294E-03   -0.56627116E-04    0.71426563E-04    0.74485563E-04    0.43785034E-05
-0.39377754E-03    0.31505489E-03   -0.19531442E-02   -0.13006971E-03   -0.21272009E-03
-0.17220015E-04    0.13417812E-04   -0.33521044E-05    0.37128192E-04    0.44025422E-03
-0.22352057E-02   -0.83550616E-03    0.54027443E-03   -0.37915985E-04   -0.18544917E-03
-0.16287250E-04   -0.30683651E-04   -0.14702816E-02    0.70778121E-04   -0.78924561E-04
 0.19467018E-03   -0.74781923E-04    0.32286893E-04   -0.28663957E-04   -0.66542579E-05
 0.19386490E-03   -0.75961221E-04    0.10519778E-02    0.13550494E-03    0.11077815E-03
 0.81393023E-04    0.13199627E-03    0.15135611E-04    0.69485116E-04   -0.20316479E-03
 0.22672379E-02   -0.16951015E-02    0.48598382E-03    0.29650446E-02    0.19297010E-03
-0.84599784E-04   -0.95777138E-03   -0.28317113E-03   -0.11238981E-03    0.78148778E-05
 0.10400496E-04   -0.63589140E-04    0.19868492E-03   -0.33403961E-04    0.17992753E-03
-0.21837704E-03    0.11255149E-03   -0.38309789E-03    0.15224199E-03   -0.13880500E-02
 0.24629124E-02    0.21718766E-04    0.23676100E-03   -0.14834277E-03   -0.13194994E-03
 0.58865323E-03    0.12505578E-03    0.98123620E-05    0.25330752E-04    0.50420202E-04
-0.16117313E-03   -0.21238753E-03   -0.99093102E-04   -0.52736338E-04    0.11808484E-03
 0.29347954E-03    0.17705601E-03    0.27347543E-03   -0.81231515E-03   -0.22091317E-02
-0.16653700E-03    0.12751230E-03   -0.34369587E-03   -0.14646393E-03   -0.98648333E-05
-0.19592598E-02    0.23480559E-04   -0.16077614E-03    0.12632420E-03    0.57712370E-04
-0.37013349E-03   -0.84003818E-04   -0.14370141E-04    0.17784247E-04   -0.19308637E-04
 0.28989688E-03    0.21370236E-03    0.73613799E-04    0.65987553E-04    0.14081627E-04
-0.11030634E-03   -0.20111844E-04   -0.18377135E-03    0.78843889E-03    0.22717011E-02
 0.14135902E-03    0.54641784E-04   -0.22021476E-03   -0.37214013E-04    0.14734057E-04
 0.76783513E-04   -0.16326348E-04    0.14036202E-04    0.24606478E-04   -0.11278648E-04
 0.63693217E-05    0.15293382E-04    0.11309719E-03   -0.10617085E-04    0.23819591E-04
 0.38461769E-04   -0.42556902E-03    0.37695808E-05    0.15063734E-03   -0.22969952E-03
 0.98674679E-04   -0.20755541E-03    0.57783629E-03   -0.83683052E-04    0.24233991E-04
-0.88843566E-04    0.77577475E-05    0.18960005E-03    0.57194385E-04    0.26899546E-03
 0.87034165E-05    0.13253093E-03   -0.60229481E-04    0.23835428E-04   -0.27716171E-04
 0.16313935E-03   -0.97253376E-04    0.49361939E-03   -0.12042553E-03   -0.30812740E-02
-0.63205739E-03    0.15277246E-03   -0.12253300E-04    0.41159241E-05    0.17575920E-03
-0.26024099E-04    0.23988221E-03   -0.45154825E-03    0.13902848E-03   -0.62835192E-04
 0.10849138E-03    0.97872089E-05   -0.55630859E-04    0.60677514E-04   -0.16152873E-03
-0.11105610E-03   -0.84182981E-04    0.37578906E-04   -0.64301924E-04    0.30427206E-04
-0.11528976E-03   -0.19367668E-04   -0.51574753E-03    0.12852014E-03    0.36182499E-02
-0.41451810E-04    0.15004557E-02    0.66729584E-04    0.13351279E-03   -0.86108210E-04
 0.94951142E-04    0.10023358E-03   -0.29104641E-04   -0.31253025E-04    0.43094280E-05
-0.51238507E-04   -0.42534273E-04    0.38034587E-04    0.35441001E-04    0.90080777E-04
 0.59111919E-03   -0.72327771E-03   -0.21623620E-03   -0.24025975E-03    0.54103978E-03
 0.10355597E-04   -0.39740815E-03    0.13744267E-03    0.66853028E-04    0.86791292E-05
-0.71471926E-04    0.95714884E-05   -0.34213417E-04    0.46868571E-03   -0.60737915E-03
 0.43133029E-04   -0.41243410E-04   -0.34535407E-04    0.11307357E-03    0.19217540E-04
 0.10042338E-03    0.53094897E-04   -0.98668687E-05    0.13846919E-03   -0.50631050E-03
-0.19720494E-02    0.12141378E-03    0.12697411E-03   -0.42023269E-04   -0.37902991E-03
 0.81896602E-05    0.20021910E-03   -0.64014350E-04   -0.16431553E-04   -0.39342592E-04
 0.36564078E-04    0.28424530E-05   -0.38085940E-04   -0.34909091E-03    0.33604373E-03
-0.81871632E-04    0.17894413E-04    0.68451444E-04   -0.16248607E-03   -0.32796243E-04
 0.29909604E-05    0.31845709E-04   -0.16270734E-04   -0.89800014E-04    0.61791901E-03
 0.20842567E-02   -0.18894523E-02   -0.25715470E-03    0.31127116E-02    0.22649342E-03
 0.45967665E-05   -0.10733620E-02   -0.25274548E-03   -0.63222352E-04   -0.20384883E-04
-0.40858238E-04   -0.13069763E-04    0.20881667E-03   -0.70252221E-04    0.17332042E-03
-0.72054829E-04    0.16302611E-02   -0.24696188E-02   -0.29480384E-03   -0.57060640E-03
 0.23971005E-02    0.20255415E-03    0.60288381E-04   -0.11403400E-02   -0.25714275E-03
 0.63907728E-03    0.15872790E-03    0.11377655E-04   -0.18847657E-03   -0.47922848E-05
 0.93400651E-03   -0.48486863E-03   -0.12106658E-03   -0.27662568E-03    0.62129869E-03
 0.48158689E-03    0.22720897E-03    0.11443736E-03   -0.16270926E-03   -0.39394067E-03
 0.54697928E-04    0.24522218E-03   -0.30916325E-02   -0.11131417E-03   -0.98388343E-05
-0.19589922E-02   -0.20861849E-03    0.75957013E-04    0.10010216E-02    0.19602579E-03
-0.44922258E-03   -0.34459008E-04   -0.17531850E-04    0.21663143E-03    0.10543526E-04
-0.89476191E-03    0.25881777E-03    0.72218278E-04    0.49840466E-03   -0.41187338E-03
-0.30398825E-03   -0.15825806E-03   -0.78346407E-06    0.36683502E-04    0.16184805E-03
-0.59836037E-04   -0.32142051E-04    0.34049563E-02   -0.24316368E-03   -0.49231630E-04
 0.31673712E-03    0.31221588E-04    0.29771980E-05   -0.10389484E-03   -0.24870760E-04
 0.81119533E-06   -0.19507827E-04    0.89473430E-06   -0.34991185E-05    0.17978831E-04
-0.29955670E-04    0.21050924E-04   -0.88181467E-05   -0.14706777E-04   -0.83671368E-04
 0.47243437E-04   -0.16624816E-03    0.24171871E-03   -0.35983420E-04    0.27548302E-04
-0.66620363E-04   -0.55483183E-04    0.92870510E-04    0.29354840E-04    0.20241610E-06
 0.38723359E-04    0.39466372E-04    0.26556284E-03    0.17982023E-03   -0.40594255E-05
-0.28007903E-05    0.64987789E-05    0.13210363E-03   -0.16687783E-04    0.22537904E-04
-0.35326791E-04   -0.99945998E-04   -0.22770840E-04    0.92209643E-04   -0.45963323E-04
-0.32956707E-03    0.35501886E-05   -0.21952294E-03    0.23674630E-04   -0.19606142E-05
 0.43401155E-04    0.40659040E-04   -0.66961545E-04    0.57077005E-06   -0.63861719E-05
-0.21420767E-04    0.34494370E-04   -0.19186209E-03   -0.13572014E-03    0.98167418E-05
 0.12796916E-04    0.29148620E-05   -0.10282407E-03    0.53894446E-05   -0.10758611E-04
 0.32283814E-04    0.66985330E-04   -0.12555901E-04   -0.69813646E-04    0.66031299E-04
 0.33167559E-03   -0.11246543E-03    0.17133967E-03    0.13900873E-03    0.21291083E-04
-0.14512856E-04   -0.38750083E-04   -0.10766550E-04   -0.49562014E-05    0.44153432E-05
 0.28149510E-05   -0.54528062E-05    0.43966111E-05   -0.28112440E-05    0.80936738E-05
-0.77878028E-05    0.22809728E-04   -0.24851581E-04    0.34417353E-05   -0.13420311E-03
 0.15602237E-03   -0.13358943E-04   -0.14769066E-04   -0.11371965E-04   -0.53956705E-05
 0.34956988E-04    0.45649131E-06    0.29700546E-06   -0.70932701E-05    0.52188923E-04
-0.77920629E-04   -0.18212792E-04   -0.10258801E-04    0.17264437E-04    0.61322929E-04
 0.81772018E-05    0.10059649E-04    0.79334498E-04   -0.19590287E-04   -0.99959167E-05
 0.11380629E-04   -0.27500553E-04   -0.19673898E-04    0.16968779E-05   -0.24985692E-04
-0.11736068E-03    0.14474346E-04    0.51489570E-05   -0.91835023E-06    0.35426932E-05
-0.98272536E-05   -0.21322144E-05    0.85727859E-06    0.30244402E-05   -0.32976820E-04
 0.26380685E-04    0.18226809E-04    0.45488951E-05   -0.18003200E-04   -0.69618176E-04
 0.39019379E-05   -0.50352443E-06   -0.53220984E-04    0.82281330E-05    0.29327329E-05
-0.11381364E-04    0.12414722E-04    0.73939757E-05   -0.43934103E-06    0.24288991E-04
-0.10771845E-01    0.97586788E-02    0.16644353E-01    0.17859901E-02   -0.85439582E-03
-0.51819997E-02   -0.10890727E-02   -0.39999459E-03   -0.18172446E-03    0.24177766E-03
 0.17148092E-04    0.46823036E-03   -0.22681351E-03    0.25984330E-03   -0.12014793E-02
 0.15273038E-02   -0.13559906E-02    0.37101827E-02   -0.39899772E-01    0.15657899E-01
 0.23414861E-03   -0.71774526E-03   -0.21757528E-02   -0.71285458E-03    0.25427021E-02
 0.13766728E-03    0.12077499E-03   -0.11949212E-02    0.22190052E-02   -0.58098474E-02
-0.85604101E-03   -0.12441046E-02   -0.74232811E-04    0.13105171E-03    0.12254191E-02
 0.60599868E-03    0.36106241E-02   -0.20938095E-02   -0.25992516E-02    0.40480961E-03
-0.10117561E-02   -0.21116282E-02   -0.25394892E-03   -0.25077842E-03   -0.11942199E-01
-0.15734231E-03    0.51364961E-03    0.11085322E-02    0.28539617E-03   -0.85777760E-03
-0.11358654E-03   -0.59580217E-04    0.75568659E-03   -0.17372995E-02    0.33717362E-02
 0.11413800E-02    0.66960688E-03    0.12368313E-03    0.14285825E-03   -0.76619937E-03
-0.29077579E-03   -0.16432730E-02    0.14927463E-02    0.12334160E-02   -0.25585697E-03
 0.76635563E-03    0.93508552E-03    0.11734015E-03    0.11896568E-03    0.31917537E-01
 0.28219274E-02   -0.11911493E-02   -0.50306026E-02   -0.31175135E-03    0.39129630E-04
 0.15597924E-02    0.31629299E-03    0.12168189E-03   -0.46496538E-05    0.31070190E-04
 0.70991159E-04   -0.21408488E-03    0.59989766E-04   -0.14317164E-03    0.85735472E-04
 0.54074663E-03   -0.23348454E-03   -0.42566610E-03    0.94064121E-03   -0.40286587E-02
-0.43334542E-04   -0.26906121E-03    0.35766061E-03    0.26688401E-03   -0.11537226E-02
-0.19458071E-03   -0.91091048E-06    0.20522367E-03   -0.32589793E-03   -0.22162786E-04
 0.38437009E-03    0.18463706E-03   -0.30480376E-04   -0.11857814E-03   -0.61632887E-03
-0.21113872E-03   -0.72369956E-03    0.49352552E-03    0.77196906E-03    0.31550743E-04
-0.29349371E-04    0.73304838E-03    0.13773175E-03    0.31129724E-04    0.32394622E-02
 0.32328454E-04    0.19824194E-03   -0.22480976E-03   -0.21523666E-03    0.42407576E-03
 0.77696803E-04    0.48200434E-05   -0.10537927E-03    0.22622804E-03   -0.12555512E-03
-0.28881719E-03   -0.10306381E-03    0.27869183E-04    0.52475797E-04    0.40684718E-03
 0.23213041E-03    0.33678055E-03   -0.28815052E-03   -0.34901764E-03    0.86720371E-06
 0.43475002E-04   -0.37631487E-03   -0.51446432E-04   -0.17927900E-04   -0.13813104E-02
 0.22455931E-02   -0.13998521E-02    0.13922898E-02    0.25585833E-02    0.21428478E-03
-0.12590823E-03   -0.78831002E-03   -0.95286539E-04   -0.50073742E-04   -0.67822970E-04
 0.45587485E-04   -0.47987615E-05    0.97582377E-04   -0.44227062E-05   -0.14040089E-04
-0.13646769E-03    0.21819869E-03   -0.22929581E-03    0.32838338E-03   -0.51054987E-02
 0.22574012E-02   -0.32537721E-03   -0.36101911E-04   -0.37093964E-03   -0.12584667E-03
 0.39197283E-03    0.31841839E-04    0.10822423E-04   -0.20112585E-03    0.23033065E-03
-0.88647163E-03   -0.15868822E-03   -0.16741289E-03    0.64951240E-04    0.13262069E-03
 0.17470279E-03    0.13972384E-03    0.60769746E-03   -0.32319003E-03   -0.36493400E-03
 0.60189354E-04   -0.18562649E-03   -0.32557030E-03   -0.64126956E-04   -0.45791996E-04
-0.17208912E-02    0.24071239E-03    0.18866941E-04    0.21702382E-03    0.39975105E-04
-0.12998250E-03   -0.33868528E-04   -0.11406815E-06    0.12278482E-03   -0.26312845E-03
 0.44035015E-03    0.16768046E-03    0.75289670E-04   -0.16157774E-04   -0.63524183E-04
-0.10507008E-03   -0.34478836E-04   -0.28263667E-03    0.25590030E-03    0.17925829E-03
-0.22305169E-05    0.16710106E-03    0.14904844E-03    0.17206556E-04    0.23539672E-04
 0.42839986E-02   -0.19921893E-03    0.14973470E-02    0.13338280E-02   -0.53553343E-03
-0.24824233E-02   -0.16686291E-03    0.48316687E-04    0.79542916E-03    0.13469760E-03
 0.47011072E-04    0.43058175E-05   -0.53473702E-04   -0.14278950E-04   -0.89007748E-04
 0.40985956E-04   -0.97470800E-04    0.15459755E-03    0.18141732E-03   -0.10576490E-03
-0.82696141E-03    0.40984447E-02   -0.20161787E-02    0.93045841E-04   -0.71567978E-03
 0.30234184E-03    0.15476573E-03   -0.39922361E-03   -0.84965250E-04    0.52559647E-06
 0.61369536E-04   -0.14437756E-03    0.28373897E-03    0.12180983E-03    0.11583763E-03
-0.30229748E-04   -0.10320121E-03   -0.19146023E-03   -0.54401529E-04   -0.27998346E-03
 0.26697142E-03    0.40754288E-03   -0.29296701E-04   -0.47989802E-04    0.22639271E-03
 0.88790572E-04    0.10653365E-04    0.15895188E-02   -0.47732730E-04    0.50455879E-03
-0.13805512E-03   -0.89303993E-04    0.15888926E-03    0.59992203E-04    0.20441420E-05
-0.95181857E-04    0.14981624E-03   -0.58160137E-04   -0.15475671E-03   -0.60852460E-04
-0.11216147E-04    0.69145938E-04    0.62725065E-04   -0.94500890E-05    0.12318213E-03
-0.17144558E-03   -0.21084456E-03    0.71357305E-04    0.34002433E-05   -0.12626605E-03
-0.30368840E-04   -0.87065705E-05   -0.27104219E-02    0.19145601E-03   -0.49156526E-03
 0.17480282E-02   -0.80418838E-03    0.16681852E-03    0.57861322E-03    0.81760105E-04
-0.25562691E-04   -0.25798007E-03   -0.61496736E-04   -0.35534123E-04    0.17265330E-04
 0.18286179E-04    0.69278243E-06    0.24083419E-04   -0.20697330E-04   -0.27187858E-05
-0.14846523E-03    0.91306736E-03   -0.61542018E-03   -0.12659445E-02    0.37167657E-03
 0.68037516E-03   -0.71356325E-04    0.41193642E-04   -0.98204675E-03   -0.14908055E-04
 0.86782191E-04   -0.94932403E-05    0.44663441E-05   -0.26464312E-03    0.17008085E-03
-0.10433398E-03    0.95226932E-04   -0.90033493E-04    0.29810162E-04    0.19731269E-03
-0.45784977E-04   -0.53778226E-04    0.12485497E-03   -0.25704077E-03   -0.12434208E-03
 0.21289375E-03    0.37413983E-04   -0.57856681E-03   -0.61852840E-04   -0.47733784E-05
-0.54038356E-03    0.78266675E-04    0.87613573E-06    0.67785767E-03   -0.32185644E-05
-0.76436540E-04   -0.36560951E-05    0.29319898E-05    0.18879840E-03   -0.11529833E-03
-0.19890963E-03   -0.26799189E-04    0.55665904E-04   -0.18256079E-04   -0.12296443E-03
 0.35121714E-04    0.44831308E-04   -0.76415503E-04    0.11401692E-03    0.51327867E-04
-0.15165800E-03    0.36297974E-04    0.40302405E-03    0.16048669E-04    0.34139565E-05
 0.14325045E-02   -0.13720944E-04    0.26090234E-03   -0.89943054E-04    0.16946100E-02
-0.80280011E-03   -0.13485202E-03    0.35524357E-03    0.64369569E-04    0.23973503E-04
-0.20365310E-03   -0.12570156E-03   -0.12720152E-04    0.14348514E-04   -0.37692902E-06
 0.74217466E-05   -0.22720074E-04   -0.64066115E-04    0.26545140E-04   -0.17813342E-04
 0.18966562E-03   -0.41599512E-04   -0.71734797E-04   -0.10551627E-02    0.38032689E-03
 0.56332043E-05    0.42746848E-04   -0.55045194E-04   -0.75812939E-03   -0.22318393E-03
 0.47961105E-04    0.86057193E-05    0.67768829E-04    0.90263619E-05    0.12660185E-03
-0.36826283E-04   -0.22739500E-04   -0.43179406E-04    0.11581125E-03    0.14455422E-04
-0.92249990E-04    0.14149781E-03   -0.20718756E-03   -0.15643692E-03   -0.89065988E-04
-0.11629010E-05   -0.58437466E-04   -0.76352909E-04    0.37982685E-05   -0.33254491E-03
 0.17378187E-04   -0.26768905E-04    0.11413791E-04    0.60072989E-03    0.22774413E-03
-0.21755324E-04   -0.12882932E-04   -0.11823602E-03    0.24669591E-04   -0.31918207E-03
 0.19240014E-03   -0.71363340E-05    0.33987061E-04   -0.97338745E-04    0.10539026E-04
 0.45605639E-04   -0.97721194E-04    0.10517708E-03    0.10054784E-03    0.77952621E-04
-0.17873574E-04    0.71704667E-04    0.35391929E-04   -0.25400434E-05    0.11395841E-02
-0.12514310E-03    0.10576881E-03   -0.12614684E-03    0.13790686E-03    0.16099475E-02
 0.35012905E-03    0.36213756E-03   -0.51675061E-03   -0.20724239E-04   -0.15968810E-04
 0.17953341E-03    0.83259235E-04    0.19515254E-04   -0.13135389E-05    0.61403610E-05
 0.79563125E-05   -0.72226250E-04    0.39318854E-04   -0.10144061E-03   -0.53623494E-05
 0.20478306E-03   -0.13384850E-03    0.14754367E-04   -0.17488839E-02   -0.60457948E-03
 0.22006988E-04   -0.18833208E-03   -0.51629096E-04   -0.30247982E-03   -0.10616150E-02
 0.41650766E-04    0.61883764E-05   -0.61416680E-04    0.10285846E-03    0.46435521E-05
-0.96043768E-04   -0.44186101E-05   -0.42727090E-04    0.12009853E-03   -0.10638933E-03
-0.13043377E-03    0.88063115E-04   -0.20988164E-03    0.10857821E-03    0.84532029E-04
-0.21766103E-03    0.15243948E-03    0.36242904E-04   -0.24052538E-05    0.42698745E-03
-0.24079223E-04    0.12601222E-03   -0.15597353E-04    0.23514266E-03    0.77105464E-03
-0.41865105E-04   -0.13579082E-05   -0.13399711E-04   -0.26878415E-04   -0.40780462E-03
 0.11938007E-03    0.57549013E-05    0.39964840E-04   -0.81393986E-04    0.84882242E-04
 0.13831267E-03   -0.93593652E-04    0.22646327E-03   -0.29341422E-04    0.84354228E-05
 0.10435339E-03   -0.14343880E-03   -0.14562207E-04   -0.59268247E-05    0.17728811E-02
 0.80762981E-04    0.16159264E-03   -0.16076768E-04    0.14284121E-03    0.78745831E-03
 0.23426939E-02    0.33593804E-04   -0.26613432E-04   -0.30446293E-03   -0.19974593E-04
-0.31881881E-05    0.88994260E-04   -0.24291178E-04    0.10854949E-04   -0.24197672E-05
 0.10593722E-04   -0.25786876E-04   -0.31691844E-04    0.83441170E-07    0.18737974E-04
 0.68605862E-04    0.58579828E-03   -0.38550582E-03   -0.10766660E-02    0.17257094E-02
-0.19659272E-03   -0.21051939E-05   -0.45233292E-04    0.50557133E-05    0.64304593E-04
 0.30366511E-04   -0.21735900E-03    0.30285923E-04   -0.11208652E-03   -0.94674635E-04
 0.58302834E-04    0.97559571E-04   -0.33247984E-05   -0.19804924E-04   -0.71136280E-04
-0.82032591E-05    0.47741450E-05   -0.70256432E-04    0.24178392E-04    0.32770828E-04
-0.19853449E-04   -0.74948327E-04    0.32468222E-04   -0.44436237E-05    0.12165675E-05
 0.15122600E-03    0.72387942E-05    0.35148178E-04   -0.26826513E-05   -0.24480738E-04
-0.36101543E-04    0.14836205E-03   -0.21393703E-04    0.53090041E-04    0.10303897E-03
-0.47757172E-04   -0.45285351E-04    0.91975289E-05    0.46451712E-05    0.33688823E-04
 0.17396419E-04   -0.14473903E-04    0.31139747E-04   -0.40521889E-04   -0.65131556E-04
 0.23436229E-04    0.19768888E-04    0.34379818E-05   -0.46669142E-05    0.25792636E-07
-0.21235808E-03    0.26318430E-04   -0.37408015E-04    0.10080396E-03    0.33501309E-04
-0.12352162E-03   -0.12394083E-03    0.43640801E-03    0.31973999E-04   -0.49252883E-04
-0.68248223E-04   -0.97493339E-05    0.71049906E-05    0.13179060E-04    0.63485983E-05
 0.71117089E-06    0.19197203E-05   -0.41207753E-05    0.90392161E-05    0.42419938E-05
 0.34239065E-05   -0.83924113E-05    0.28351329E-06   -0.53982977E-04    0.31153921E-04
 0.47363739E-04    0.22040332E-04   -0.54588484E-04   -0.49550276E-05    0.87399221E-05
 0.53472763E-05    0.80830905E-05   -0.83584358E-05    0.29611229E-04   -0.10527131E-04
 0.21874216E-04   -0.91557425E-05    0.30849979E-04    0.25132717E-04    0.77116858E-05
 0.31116087E-05    0.69736670E-05   -0.45009029E-05   -0.41157415E-05   -0.35872482E-05
 0.10482843E-04    0.79827494E-05   -0.56582112E-05    0.99918642E-05    0.12722983E-04
 0.32119640E-05    0.19397549E-06    0.42937559E-04    0.27811522E-05   -0.28646022E-05
 0.27444116E-05   -0.98524291E-05    0.39593309E-05   -0.21036641E-04    0.82259213E-05
-0.36615063E-05    0.61010304E-07   -0.28993763E-04   -0.27515550E-04   -0.60763026E-05
-0.15276237E-05   -0.71917074E-05    0.14492399E-05    0.51146455E-05    0.40179564E-05
-0.15515205E-05   -0.14275762E-05    0.20606348E-05    0.32790016E-05   -0.10534164E-04
 0.19319839E-07    0.16973354E-07   -0.66405853E-04    0.42182809E-05    0.60610181E-05
 0.17714114E-05    0.84525163E-05   -0.91280925E-05   -0.12956706E-04   -0.66668352E-04
 0.27074166E-04   -0.31784841E-02    0.30469312E-02    0.50610229E-02    0.50973666E-03
-0.24441910E-03   -0.15674418E-02   -0.26303387E-03   -0.13309348E-03   -0.41606087E-04
 0.51696053E-04    0.38753777E-05    0.15295920E-03   -0.18444763E-03    0.88772744E-04
-0.38773494E-03    0.10396079E-02   -0.78066542E-03   -0.40273735E-03   -0.86697646E-02
 0.51293928E-02    0.11221192E-03   -0.21796859E-03   -0.85300937E-03   -0.13975981E-03
 0.76752934E-03   -0.67014564E-04    0.53258792E-04   -0.13775890E-02    0.47987055E-03
-0.15632410E-02   -0.55302012E-04   -0.38977114E-03    0.23529493E-04    0.11424759E-03
 0.38553323E-03    0.18236613E-03    0.91748499E-03   -0.76480277E-03   -0.72452388E-03
 0.30763809E-03   -0.38660778E-03   -0.73244793E-03   -0.73976520E-04   -0.77486200E-04
-0.38603132E-02   -0.38995066E-04    0.10040484E-03    0.47894649E-03   -0.67607619E-04
-0.31754655E-03    0.23201808E-04   -0.18900626E-04    0.99256132E-03   -0.34664939E-03
 0.95548970E-03    0.22919733E-03    0.20111598E-03   -0.31694937E-05    0.22318803E-04
-0.28929692E-03   -0.27470803E-04   -0.36306468E-03    0.54921585E-03    0.41340426E-03
-0.14338587E-03    0.27414869E-03    0.27987535E-03    0.26166086E-04    0.30564006E-04
 0.85136854E-02   -0.29148809E-03    0.12089891E-02   -0.68429061E-03    0.51176292E-03
 0.32225696E-03    0.46056844E-03    0.12781006E-03   -0.19362118E-04    0.43597314E-02
 0.18578102E-02   -0.19511160E-02   -0.26870783E-02   -0.36386122E-03    0.19724171E-03
 0.84743751E-03    0.24909946E-03    0.74206596E-04    0.22972341E-04   -0.10067696E-03
 0.24871620E-04   -0.81880345E-04    0.32024286E-04   -0.41615108E-06    0.29651631E-03
 0.22604318E-05   -0.53373016E-04   -0.17600523E-02    0.75866371E-02   -0.26081485E-02
-0.95749284E-04    0.13505080E-03    0.47315388E-03    0.71968251E-04   -0.39619656E-03
-0.11250934E-03   -0.18797629E-04    0.23844699E-04   -0.19327116E-02    0.12473363E-02
 0.11438519E-03    0.25365048E-03    0.77406978E-04   -0.12827828E-03   -0.12811832E-03
-0.12220753E-03   -0.58561470E-03    0.42402786E-03    0.35662815E-03    0.45771017E-04
 0.24824256E-03    0.28908260E-03    0.74334968E-04    0.57217083E-04    0.20207797E-02
 0.53800870E-05   -0.71659142E-04   -0.23026797E-03    0.42552606E-04    0.19850890E-03
 0.10432704E-03    0.32162443E-05    0.26016417E-04    0.16071740E-02   -0.69582411E-03
-0.86088160E-04   -0.14834292E-03   -0.79401876E-04    0.39071305E-04   -0.11735781E-04
-0.59354000E-05    0.34759929E-03   -0.25757506E-03   -0.13972893E-03   -0.55715429E-04
-0.23061279E-03   -0.55459769E-04   -0.46125024E-04   -0.29689031E-04   -0.49783185E-02
 0.25752030E-03   -0.69251115E-03    0.50301696E-03   -0.33285112E-03   -0.17325032E-03
-0.28724628E-03    0.19630667E-03    0.16999634E-04   -0.78138863E-03    0.47445608E-02
 0.34151121E-04    0.17331133E-02   -0.54895288E-03    0.11522890E-03   -0.67430465E-04
 0.44401182E-03    0.26225189E-04   -0.47947167E-04   -0.39091838E-04   -0.13277044E-04
-0.17860125E-04   -0.53138754E-04    0.11130851E-03   -0.49221245E-04    0.11978535E-03
-0.10272715E-03    0.28596681E-03    0.13767173E-02   -0.36792959E-02   -0.13987502E-03
 0.29651051E-04   -0.23165592E-03    0.94041972E-04    0.23079824E-03    0.42786076E-03
 0.21840302E-05    0.41338580E-04    0.64852860E-04    0.52358877E-03   -0.13626801E-01
 0.77491492E-03   -0.25153357E-03   -0.16947630E-03   -0.33678913E-03    0.47498707E-04
-0.19895996E-04    0.49163302E-03   -0.15646093E-03   -0.11759958E-03    0.14369053E-03
-0.22687178E-03    0.28288398E-03    0.70214583E-04   -0.15144869E-04    0.62580163E-04
 0.32987521E-04    0.26579972E-03   -0.23083614E-03   -0.27513154E-03   -0.51738808E-03
-0.18886597E-04   -0.27054556E-04    0.42560938E-04   -0.26251463E-03    0.31123280E-01
-0.31803322E-03    0.10129663E-03   -0.31727037E-04    0.24192409E-03    0.14756897E-03
 0.15482177E-03   -0.22198857E-03    0.50314199E-04    0.21900694E-04   -0.11914337E-03
 0.89316817E-04   -0.30920882E-03   -0.46727652E-04    0.69892536E-05    0.92324989E-03
-0.67576449E-04    0.12650035E-03    0.22535192E-03   -0.40536826E-03   -0.21753246E-03
-0.11269096E-02   -0.13479621E-03   -0.26300450E-04    0.23429319E-03   -0.75339850E-04
 0.68676361E-01   -0.91366066E-03    0.10324862E-02    0.25798156E-02    0.22319459E-03
-0.96503104E-04   -0.75561734E-03   -0.11916879E-03   -0.84331266E-04   -0.21951927E-04
 0.18853190E-04   -0.69903882E-04    0.11903672E-03   -0.31870099E-04    0.50364562E-04
-0.90569192E-04   -0.36233453E-03   -0.61785139E-04    0.51875308E-03   -0.35746808E-02
 0.18359564E-02    0.50406292E-05   -0.57355048E-04   -0.86303408E-04   -0.17033084E-03
 0.26228226E-03    0.14268794E-03    0.27956049E-04    0.80517075E-04    0.17588794E-03
-0.33291742E-03   -0.13708690E-02   -0.10728869E-03    0.57527971E-04    0.98318393E-04
 0.18791547E-03    0.13744564E-03    0.15624466E-03   -0.23048412E-03   -0.35441297E-03
 0.10285830E-03    0.11562968E-03   -0.23566171E-03    0.12259112E-03   -0.30877801E-04
-0.13987041E-02   -0.27298725E-04    0.31575221E-04    0.24345909E-04    0.18184875E-03
-0.22679547E-04   -0.81932498E-04   -0.21948422E-04   -0.55864701E-04   -0.11656820E-03
 0.19289153E-03    0.91653729E-03    0.93024127E-04   -0.26129443E-04    0.22593572E-04
-0.98494078E-04   -0.78237946E-04    0.52927291E-05    0.17836938E-03    0.22174881E-03
-0.60958931E-04   -0.47405463E-04    0.10555934E-03   -0.76575943E-04    0.15382547E-04
 0.24688275E-02   -0.19179697E-03    0.20812249E-03   -0.17484724E-03   -0.10246713E-03
 0.23852808E-03    0.31786093E-03   -0.13439059E-03   -0.58709339E-04    0.48887048E-03
-0.32886771E-03   -0.26087737E-03    0.35251844E-02    0.30756196E-05    0.60690422E-04
-0.60757587E-04    0.76968433E-05    0.10542623E-04    0.63745008E-04    0.32501322E-04
 0.27728279E-05   -0.57009865E-06   -0.14684683E-04    0.27563390E-04   -0.78752091E-05
 0.40507271E-05    0.18077404E-04    0.40459322E-04    0.22753157E-03   -0.12805311E-03
-0.58858152E-03    0.11515413E-02   -0.10927478E-04    0.19314747E-04   -0.10457507E-04
-0.19162694E-04    0.98457348E-05   -0.12497556E-04   -0.14678763E-04    0.53691315E-05
-0.47223273E-04    0.42241519E-04   -0.46388986E-04    0.16841813E-04   -0.10671273E-03
 0.11560858E-04   -0.14481419E-04    0.67027753E-05   -0.58477104E-05    0.18797803E-04
-0.33183114E-04    0.93981049E-05    0.53888692E-04    0.15178819E-04   -0.43713673E-05
-0.58574136E-05    0.16005297E-05    0.56719989E-05   -0.19751759E-04   -0.21564645E-05
 0.11973038E-04   -0.27655909E-04   -0.12123832E-05    0.14115788E-04   -0.46923724E-05
 0.13324171E-04   -0.42939481E-04    0.12684154E-03    0.22088052E-04    0.70112085E-04
-0.14598478E-04    0.25879459E-06   -0.12751628E-04    0.14891518E-04    0.30501599E-05
 0.32071367E-04   -0.13725807E-05   -0.46806225E-04   -0.10334324E-04   -0.16975750E-04
-0.67891206E-05   -0.22443120E-05   -0.19106962E-03   -0.35515518E-05   -0.37601108E-04
-0.75092598E-05    0.13864017E-05   -0.11295874E-04   -0.19164425E-05    0.17662137E-05
-0.27530976E-05   -0.35170331E-04    0.61275429E-04    0.86736424E-04   -0.38544565E-04
 0.26932172E-03    0.31567159E-03   -0.35111043E-03   -0.73201119E-03   -0.49195570E-04
 0.33861918E-04    0.21176419E-03    0.42319031E-04    0.23252183E-04   -0.21674613E-05
-0.91431360E-05   -0.92036133E-05   -0.23192820E-04    0.58634627E-05    0.19011127E-04
 0.35745100E-04    0.57562423E-04    0.55300792E-04   -0.36235685E-03    0.19065201E-02
-0.61326950E-03    0.48058734E-04    0.31522387E-04    0.10721241E-03    0.17660453E-05
-0.12217320E-03   -0.27474961E-04   -0.24792979E-05    0.82640402E-04   -0.16638014E-04
 0.72989424E-04    0.12029136E-03    0.58279293E-04   -0.10454782E-03   -0.73392563E-04
-0.50050641E-04   -0.65588292E-05   -0.10882532E-03    0.69644607E-04    0.87435859E-04
-0.62624534E-04    0.25261184E-04    0.11993500E-04    0.30528790E-05    0.18085662E-04
 0.48130104E-03   -0.40529421E-04   -0.26513907E-04   -0.60925943E-04    0.13756775E-04
 0.55672870E-04    0.13821959E-04   -0.69499613E-06   -0.63263543E-04    0.12391628E-04
-0.20575215E-03   -0.62016138E-04   -0.41161533E-04    0.65074635E-04    0.24319697E-04
 0.32311041E-04   -0.13080759E-04    0.36537025E-04   -0.71184589E-04   -0.58894706E-04
 0.66505894E-05   -0.22812252E-04    0.23086946E-04   -0.41084902E-05   -0.87551514E-05
-0.12268766E-02    0.57890480E-04   -0.27735401E-03    0.32694377E-04   -0.10681075E-03
 0.61638899E-05   -0.25722448E-04    0.27380886E-04   -0.17155982E-05   -0.39074185E-03
 0.14902354E-03   -0.21598736E-03   -0.15237953E-03   -0.23869487E-04    0.27177598E-03
-0.87022747E-04    0.10280367E-03   -0.32634459E-03   -0.14047654E-04   -0.11325702E-04
 0.54004305E-04    0.17332542E-04    0.13560328E-04   -0.29530642E-04    0.10488780E-04
-0.27350421E-04    0.40449092E-04   -0.23713288E-04    0.77019523E-04   -0.77343063E-04
 0.18649777E-03   -0.12990657E-03   -0.68957525E-03    0.11601807E-02    0.14953692E-03
 0.85938370E-04   -0.36729059E-04    0.17646115E-03    0.11191217E-03    0.13891310E-03
-0.75603202E-04    0.70396590E-05    0.56301819E-04   -0.11533404E-03   -0.18977092E-03
 0.11268902E-03    0.12050737E-04   -0.68815056E-04   -0.70243758E-03   -0.88483689E-04
 0.48586356E-04   -0.94856788E-04    0.55634570E-04    0.74360806E-04   -0.37742123E-04
 0.61940931E-04    0.24636491E-03    0.46704407E-04    0.25877075E-04   -0.89162242E-04
-0.67961793E-04    0.47526194E-04   -0.12780732E-03   -0.95939760E-04   -0.10402397E-03
 0.33881891E-04   -0.56078180E-05   -0.11400543E-04    0.73561076E-04    0.24461292E-03
 0.41917348E-05   -0.99433083E-05    0.35844346E-04    0.52291846E-03    0.54278623E-04
-0.24313743E-04    0.13359824E-03   -0.11358645E-04   -0.31878590E-04    0.21742976E-04
-0.43515745E-04   -0.17666473E-03   -0.24055309E-04   -0.21126715E-04   -0.12704853E-03
 0.11275514E-03   -0.10253915E-03    0.57457428E-05   -0.10146575E-03   -0.23845843E-03
-0.28490066E-03    0.38608400E-04   -0.10773844E-04    0.31842736E-04    0.22677299E-03
-0.25519231E-04   -0.55082371E-04    0.36787903E-04    0.88575801E-04    0.14567689E-02
-0.12736111E-03    0.34885652E-03   -0.46369142E-05    0.25451901E-04   -0.24021103E-05
-0.53498178E-04    0.58711512E-04    0.19958955E-04   -0.19242493E-04    0.73596243E-05
 0.63183798E-04    0.41226222E-05   -0.16531149E-04   -0.14337821E-04    0.20521475E-04
 0.53669102E-03   -0.45009492E-03   -0.10257966E-02   -0.10294258E-03    0.46622602E-04
-0.13619086E-04   -0.83652007E-04   -0.13521318E-03   -0.35005382E-04   -0.14750496E-04
-0.13961099E-04    0.57579930E-05   -0.51742795E-04    0.15316729E-03   -0.10053028E-03
 0.41858038E-04   -0.46867094E-04    0.11231706E-04   -0.68679727E-04   -0.69036540E-03
-0.40766074E-03    0.12686777E-03   -0.16891164E-03   -0.70682765E-04    0.47957824E-04
-0.12323018E-03    0.12211849E-03    0.83671345E-04   -0.46890046E-05    0.90009791E-05
 0.40360459E-05    0.19575609E-04    0.92226851E-04    0.39434041E-04    0.89619494E-04
 0.24570125E-04   -0.56091808E-05   -0.26671084E-04   -0.20104403E-03    0.30914559E-03
 0.64620003E-04    0.66068993E-05    0.29549427E-05    0.65055547E-04    0.51494734E-03
 0.34566581E-03   -0.52515779E-05    0.16445523E-03    0.47657116E-04   -0.19509499E-04
 0.44915635E-04   -0.16609779E-03   -0.30683448E-04    0.42456409E-05    0.13690813E-02
 0.46977294E-04    0.21769379E-03   -0.13508573E-03    0.13834192E-03    0.19272806E-05
 0.43520089E-04    0.66135374E-04   -0.15312696E-04    0.52629481E-03   -0.11756775E-03
 0.29773916E-04    0.82343751E-05    0.99080300E-05   -0.43729336E-04    0.61514764E-04
 0.19912017E-02    0.18417359E-02   -0.16821389E-02   -0.32649169E-02   -0.32609733E-03
 0.15683915E-03    0.98943733E-03    0.22417045E-03    0.66248261E-04    0.47114704E-04
-0.38543228E-04    0.11251266E-04   -0.64178408E-04    0.11430408E-04   -0.40000332E-04
 0.18538201E-03    0.47418014E-04   -0.96912201E-04   -0.14427668E-02    0.79346378E-02
-0.27686861E-02   -0.36334133E-04    0.14393040E-03    0.31507311E-03    0.92196783E-04
-0.58315382E-03   -0.24168900E-04   -0.19797240E-04    0.22577793E-03   -0.33826852E-03
 0.92871296E-03    0.21882137E-03    0.21712490E-03    0.29091713E-04    0.35649985E-04
-0.63393100E-03   -0.82539671E-03   -0.54138194E-03    0.31466682E-03    0.54666130E-03
 0.18815266E-04    0.11424501E-03    0.45115823E-03    0.67593859E-04    0.47301587E-04
 0.21499205E-02    0.28692229E-04   -0.14097504E-03   -0.12759691E-03   -0.31462129E-05
 0.29958166E-03    0.10637452E-04    0.13461526E-04   -0.61938425E-04    0.20304377E-03
-0.46247443E-03   -0.19276318E-03   -0.12130925E-03   -0.30992067E-04   -0.44272174E-04
 0.45615613E-03    0.62161054E-03    0.28811148E-03   -0.17290812E-03   -0.25576749E-03
-0.12783897E-04   -0.10341987E-03   -0.24989435E-03   -0.31954372E-04   -0.20883466E-04
-0.55476072E-02    0.33815767E-03   -0.75259608E-03    0.33492402E-03   -0.25008201E-03
-0.26846980E-03   -0.31422832E-03    0.37667849E-04    0.11959204E-04   -0.13037839E-02
 0.93761039E-03    0.10311157E-03   -0.47763184E-03    0.20173443E-04    0.18128485E-03
 0.49486004E-04    0.63541148E-03    0.23486667E-02    0.16511175E-02   -0.17020573E-02
-0.23891199E-02   -0.28317815E-03    0.12578054E-03    0.72117703E-03    0.10655796E-03
 0.67618267E-04    0.40231626E-04   -0.24622029E-04    0.39992571E-05   -0.86614383E-04
-0.19319190E-04   -0.21408711E-04    0.16722952E-03    0.64662204E-03   -0.50927373E-03
-0.28296086E-02    0.86476765E-02   -0.22070838E-02    0.77365450E-04    0.18181002E-03
 0.27807056E-03    0.99907133E-04   -0.35861744E-03   -0.63870657E-04   -0.10107898E-04
 0.85887041E-04   -0.34218845E-03    0.12270454E-02   -0.93176746E-04    0.22142079E-03
 0.32775859E-04   -0.10688425E-03   -0.17339060E-03   -0.41607220E-04   -0.16131241E-02
 0.33247781E-03    0.28390674E-03   -0.52097721E-04    0.58899076E-04    0.28414544E-03
 0.25039740E-04    0.56099096E-04    0.16776341E-02   -0.49579191E-04   -0.10588776E-03
-0.16164854E-03   -0.68362122E-04    0.71930773E-04    0.35319073E-04    0.66511174E-05
-0.13851653E-04    0.33842308E-03   -0.61336979E-03    0.15999800E-05   -0.10310708E-03
-0.47460496E-04    0.99858595E-04    0.17393007E-03    0.46124085E-04    0.10576126E-02
-0.25024955E-03   -0.12862100E-03    0.35741467E-04   -0.59781530E-04   -0.16495776E-03
-0.13416674E-04   -0.30696487E-04   -0.43444715E-02    0.31122033E-03   -0.82589585E-03
 0.31061418E-03   -0.18402818E-03   -0.25432413E-03   -0.25832179E-03    0.11072738E-03
 0.10023176E-05   -0.95444885E-03    0.74559284E-03   -0.37320361E-03    0.11690267E-03
 0.40367721E-04    0.15149418E-03    0.34165391E-03   -0.71401097E-04    0.80711607E-03
 0.30382362E-02    0.20573797E-02   -0.17209415E-02   -0.32037943E-02   -0.33789817E-03
 0.15545643E-03    0.10025127E-02    0.23453224E-03    0.70968786E-04   -0.63045767E-04
-0.68711845E-04   -0.99863228E-05   -0.87067972E-04    0.43729766E-04   -0.16183569E-05
 0.26493424E-03    0.26404591E-04    0.19795775E-04   -0.10897953E-02    0.94134191E-02
-0.29487575E-02   -0.66784327E-04    0.22300628E-03    0.33053070E-03    0.47721840E-04
-0.68822840E-03    0.12741254E-04   -0.25283767E-04    0.96110977E-04   -0.35909172E-03
 0.89452766E-03    0.11047265E-03    0.20264324E-03    0.30729561E-04    0.39585524E-04
-0.34739608E-03   -0.17772075E-03   -0.71699473E-03   -0.39313972E-03    0.34978135E-03
 0.69514460E-04    0.15442958E-03    0.39677869E-03    0.66039841E-04    0.48237152E-04
 0.22457585E-02    0.44840413E-04   -0.16186204E-03   -0.18983431E-03    0.83914573E-05
 0.35581309E-03   -0.16041395E-04    0.16570782E-04   -0.35993173E-04    0.32816156E-03
-0.69711609E-03   -0.20488024E-03   -0.10091481E-03   -0.34093970E-04   -0.27556771E-04
 0.23971143E-03    0.15476123E-03    0.30624076E-03    0.29409909E-03   -0.71615747E-04
-0.93079941E-04   -0.15566911E-03   -0.24690950E-03   -0.26381795E-04   -0.22371346E-04
-0.71248570E-02    0.26105810E-03   -0.86418135E-03    0.53284543E-03   -0.35187898E-03
-0.25678145E-03   -0.15129996E-03   -0.79454332E-04    0.28016746E-04   -0.18298408E-02
 0.11856662E-02   -0.21774461E-03   -0.52356987E-03    0.76556802E-04    0.30047255E-03
 0.12279989E-03   -0.23551985E-03    0.12747335E-02    0.98241148E-03    0.32778720E-02
-0.12166520E-02    0.67954062E-03    0.19902513E-02    0.14972326E-03   -0.74464326E-04
-0.63538927E-03   -0.13889611E-03   -0.76690274E-04   -0.51929934E-04    0.60205712E-05
-0.61381928E-04    0.11734514E-03   -0.59799523E-04    0.18094049E-03   -0.26315166E-03
 0.18828224E-03   -0.52630307E-04   -0.99677076E-04   -0.11057169E-02    0.21018078E-02
 0.60966491E-04    0.86413173E-04   -0.12967086E-03   -0.82226095E-04    0.41373969E-03
 0.45384779E-04    0.56381590E-05   -0.46183254E-04    0.11985131E-03   -0.44118946E-03
-0.14260516E-03   -0.10642897E-03   -0.54476528E-05    0.28715964E-04    0.10200367E-03
 0.12207368E-03    0.14610914E-03   -0.34564304E-03   -0.90820886E-03   -0.44192039E-04
 0.19860769E-04   -0.25629184E-03    0.12302004E-04   -0.12292542E-04   -0.16200639E-02
-0.33355066E-04   -0.79131422E-04    0.88782879E-04    0.57228556E-04   -0.18798436E-03
-0.68074196E-04   -0.44203759E-05    0.77541883E-04   -0.79634360E-04    0.76113079E-04
 0.20224058E-03    0.55917529E-04    0.45649161E-06    0.37714454E-05   -0.38519842E-04
-0.55494354E-04   -0.60186659E-04    0.25022331E-03    0.65420618E-03    0.16015162E-04
 0.46582057E-04    0.10643770E-03    0.64216197E-06    0.47646534E-05    0.11526726E-02
-0.10754257E-03    0.14666669E-03   -0.19475079E-03    0.88511277E-04   -0.48364759E-04
-0.18743961E-03   -0.62566332E-04   -0.29624025E-05    0.43887128E-03   -0.85026139E-04
 0.12744433E-03    0.20087217E-03   -0.59502300E-05   -0.19127451E-04    0.54307166E-04
-0.51292500E-05   -0.16853692E-03   -0.66468126E-04    0.24305604E-03    0.20296766E-02
 0.33909754E-02   -0.27609751E-02   -0.50364770E-02   -0.54001739E-03    0.23805508E-03
 0.15760505E-02    0.33549480E-03    0.14132687E-03    0.51316377E-04   -0.95531822E-04
-0.28436650E-04   -0.87018568E-04    0.52325316E-04   -0.12129125E-03    0.38506401E-03
-0.51878952E-03    0.36193899E-03   -0.16581048E-02    0.12321806E-01   -0.47803145E-02
-0.13350922E-04    0.13924633E-03    0.91113933E-03    0.19695144E-03   -0.72866723E-03
-0.68946252E-04   -0.34409773E-04    0.43852072E-03   -0.54909035E-03    0.16783526E-02
 0.25301047E-03    0.42299087E-03   -0.11923484E-04   -0.10951639E-03   -0.38260660E-03
-0.94310078E-04   -0.10886778E-02    0.74652887E-03    0.71580782E-03   -0.11187433E-02
 0.48495570E-04    0.74810268E-03    0.16642368E-03    0.77117330E-04    0.36772344E-02
 0.29588597E-04   -0.86764283E-04   -0.47996303E-03   -0.38959760E-04    0.25651655E-03
 0.73702074E-04    0.15238896E-04   -0.25843982E-03    0.44076599E-03   -0.11316775E-02
-0.34742213E-03   -0.25475121E-03   -0.29175285E-04    0.14991850E-05    0.27147798E-03
 0.59029330E-04    0.52605416E-03   -0.56854050E-03   -0.34154098E-03    0.10746907E-02
-0.32126713E-04   -0.39035605E-03   -0.66323384E-04   -0.36576446E-04   -0.93237412E-02
 0.43007595E-03   -0.12303756E-02    0.83222594E-03   -0.55581676E-03   -0.33609110E-03
-0.60683002E-03    0.16662444E-03    0.14139943E-04   -0.24508959E-02    0.13963650E-02
-0.44028675E-03   -0.82218951E-03    0.29136218E-04    0.37980137E-03    0.44892691E-04
-0.28959699E-03    0.15558405E-02    0.13283943E-02    0.18398082E-02   -0.25810107E-03
 0.56404347E-02    0.19530399E-02   -0.91747594E-03   -0.28073639E-02   -0.26957862E-03
 0.10794996E-03    0.99757436E-03    0.28860778E-03    0.64716156E-04   -0.15087868E-06
-0.60406067E-04   -0.38458996E-05   -0.10836695E-03    0.50187220E-04   -0.47913071E-04
 0.19540867E-03    0.12069801E-03   -0.10584536E-03   -0.11614603E-02    0.64059567E-02
-0.24201064E-02   -0.92609660E-04   -0.60209373E-04    0.43181357E-03    0.15808566E-03
-0.50330111E-03   -0.80870804E-04   -0.14730802E-04    0.82427323E-04   -0.17553324E-03
 0.50030083E-03    0.30407719E-03    0.19882013E-03    0.46195911E-05    0.17192374E-04
-0.30256927E-03   -0.15518496E-03   -0.60348303E-03    0.34636060E-03    0.52567724E-03
-0.25129519E-03   -0.57620562E-03    0.48244264E-03    0.86263894E-04    0.20441337E-04
 0.19050502E-02    0.64158618E-04    0.32623999E-05   -0.19314982E-03   -0.89346060E-04
 0.20047966E-03    0.51538094E-04    0.11363422E-04   -0.85118540E-04    0.15297070E-03
-0.39948150E-03   -0.28288592E-03   -0.11912724E-03   -0.20304056E-05   -0.42868612E-04
 0.14417425E-03    0.96335805E-04    0.28845223E-03   -0.22350793E-03   -0.19508027E-03
 0.22417368E-03    0.42760641E-03   -0.20879369E-03   -0.76746051E-04   -0.10745031E-04
-0.46405670E-02    0.23664835E-03   -0.53115113E-03    0.40113531E-03   -0.22103189E-03
-0.74591998E-04   -0.27731790E-03    0.85120057E-04    0.93522525E-05   -0.11347961E-02
 0.74747679E-03   -0.12158537E-03   -0.59135354E-03    0.52033493E-04    0.19540383E-03
-0.25582417E-03   -0.12896770E-03    0.84222022E-03    0.62627863E-03    0.98173712E-03
-0.20829577E-03    0.17991968E-02    0.24336202E-02   -0.22104180E-02    0.11145212E-02
 0.33667836E-02    0.31058088E-03   -0.12643687E-03   -0.10380003E-02   -0.21219751E-03
-0.58927560E-04   -0.13706792E-05    0.12901796E-04   -0.10353390E-04    0.81154970E-04
-0.92541494E-04    0.10740325E-03   -0.29702927E-03    0.89851556E-03   -0.54547112E-03
-0.13175187E-02   -0.29041239E-02    0.29369747E-02    0.16136989E-04    0.40774339E-05
-0.82866683E-03   -0.16740371E-03    0.64272891E-03    0.46238785E-04    0.20565271E-04
-0.23212978E-03    0.20357094E-03   -0.36713453E-03   -0.31909760E-04   -0.20082496E-03
-0.97412724E-04    0.28049248E-03    0.40786198E-03    0.20821666E-03    0.53878765E-03
-0.41840410E-03   -0.57217310E-03    0.14567547E-03    0.15993679E-04   -0.14367881E-02
-0.13543332E-03   -0.39057405E-04   -0.22201390E-02   -0.24498181E-04    0.10027564E-04
 0.50136385E-03    0.94161061E-04   -0.32562690E-03   -0.70303808E-05   -0.20485328E-04
 0.10016749E-03   -0.11805679E-03    0.69498891E-04    0.22880136E-03    0.94075334E-04
 0.68248529E-04   -0.14853301E-03   -0.28449119E-03   -0.19048769E-03   -0.27417065E-03
 0.16808033E-03    0.21194088E-03   -0.17540134E-03    0.39559536E-04    0.98992933E-03
 0.57265995E-04    0.22956718E-04    0.44250741E-02   -0.32234170E-03    0.42815540E-03
-0.12649867E-03    0.95865359E-03    0.35699654E-03    0.17153061E-03    0.48940556E-04
-0.38003340E-04    0.11020584E-02   -0.69821065E-03   -0.42178039E-03    0.47831940E-03
-0.38281677E-04    0.11180038E-03   -0.22554320E-03    0.51394926E-04   -0.91065815E-03
-0.66405875E-03   -0.11446936E-02    0.73882339E-04   -0.13157398E-02   -0.61119676E-03
 0.29106992E-02    0.10761073E-03   -0.23231148E-03   -0.22474831E-03   -0.16648181E-04
 0.11875591E-04    0.97049479E-04   -0.89982412E-05    0.11706017E-04    0.57024056E-05
-0.21442163E-04    0.17248036E-04   -0.33061086E-04   -0.27387816E-05   -0.10543293E-04
 0.15879576E-04    0.65492138E-04    0.67370027E-04   -0.11419088E-03    0.89702716E-03
-0.23929601E-03   -0.30512407E-04    0.45416186E-04    0.11930130E-04   -0.66275736E-04
-0.68118017E-04   -0.24006275E-04    0.42428550E-05   -0.17730031E-04   -0.72897731E-05
 0.22925785E-03    0.13476287E-03    0.19594899E-04   -0.72483157E-06    0.42037894E-04
 0.71826112E-04    0.30272038E-04   -0.90555702E-04    0.31359259E-05    0.57672960E-04
 0.49250475E-04    0.24290546E-04   -0.16775537E-04   -0.23049615E-03    0.39678587E-05
 0.15970688E-03    0.12221004E-04   -0.24037713E-04   -0.25028952E-04    0.49841370E-04
 0.10309728E-04   -0.15945776E-06   -0.37095727E-06   -0.12728501E-04   -0.12175223E-04
-0.21194208E-03   -0.79863610E-04   -0.23308523E-04    0.15844892E-05   -0.31177716E-04
-0.25125031E-04   -0.19964279E-04    0.33257234E-04   -0.35099838E-04   -0.24691559E-04
-0.97579793E-05   -0.64210891E-04    0.22474072E-04    0.69007536E-04   -0.18786879E-05
-0.73171346E-03   -0.20443896E-04   -0.48778689E-04    0.77256230E-04   -0.10646826E-04
 0.42361083E-04   -0.27151604E-04    0.34348813E-05   -0.66021676E-05   -0.20955657E-03
 0.13251747E-03   -0.13317450E-03   -0.18302855E-03    0.23948290E-05    0.38533643E-04
-0.35512843E-04   -0.17334068E-03    0.11323172E-03    0.82950821E-04    0.19849895E-03
-0.44407803E-04    0.14685816E-03    0.67521115E-04   -0.45498694E-04    0.52353469E-03
-0.47559329E-04    0.86514939E-04    0.99529607E-04    0.66275910E-05   -0.49188625E-05
-0.27110633E-04   -0.60627070E-05   -0.31588820E-05    0.49990910E-05   -0.20147888E-05
 0.80060955E-06    0.32950517E-06    0.43380282E-05   -0.41083399E-05   -0.78547951E-06
 0.10599605E-04   -0.10350179E-04   -0.14937201E-06   -0.14625546E-03    0.81089055E-04
-0.60355166E-05   -0.11189470E-04   -0.68471300E-05    0.22244517E-05    0.18616765E-04
 0.17898798E-05   -0.18729077E-06   -0.83848013E-05    0.24379561E-04   -0.31917290E-04
-0.15853844E-04   -0.77687898E-05    0.92668532E-05    0.27743910E-04    0.15094386E-04
 0.15528420E-04    0.37550397E-04   -0.10896591E-04   -0.68799676E-05    0.92510181E-05
-0.13729790E-04   -0.18813816E-04    0.13024340E-05   -0.11725615E-04   -0.61481038E-04
 0.51020206E-05    0.42320936E-05    0.41044077E-05   -0.49567593E-05   -0.13581516E-04
-0.67218145E-06    0.31443495E-06   -0.22829658E-05   -0.17086258E-04    0.17168475E-04
 0.12435782E-04    0.27970760E-05   -0.66020788E-05   -0.19474895E-04   -0.74841234E-05
-0.75000650E-05   -0.22184123E-04    0.81175004E-05    0.25207098E-05   -0.10281170E-05
 0.75621684E-05    0.76381483E-05   -0.38400005E-06    0.91439956E-05    0.11888794E-03
-0.11740421E-04    0.28625126E-04   -0.11498577E-04   -0.12046477E-05    0.60157210E-05
 0.70259381E-05   -0.37887881E-06    0.14599065E-05    0.34646318E-04   -0.29959518E-04
-0.50254542E-05    0.12428428E-04   -0.48089543E-05   -0.19214071E-04   -0.60245861E-04
-0.16375603E-06   -0.18809884E-04   -0.40620946E-04   -0.43684672E-04   -0.10506266E-04
-0.34553494E-04   -0.90525162E-05    0.31202863E-04   -0.35922204E-05    0.16663570E-04
-0.37170881E-01    0.36794347E-01    0.67436874E-01    0.65056404E-02   -0.29576382E-02
-0.20679657E-01   -0.39254874E-02   -0.11973759E-02   -0.12445041E-02    0.10637055E-02
 0.54346811E-03   -0.17995815E-02   -0.24616429E-03   -0.42415486E-02   -0.19420402E-02
 0.69982686E-02   -0.61706878E-02    0.19090819E-01   -0.26039314E+00    0.58491480E-01
 0.11053575E-02   -0.18180847E-02   -0.91900256E-02   -0.29033325E-02    0.98891021E-02
 0.53300263E-03    0.49376983E-03   -0.49103750E-02    0.73384975E-02   -0.23623540E-01
-0.34975034E-02   -0.52991917E-02    0.27168701E-03    0.13310808E-02    0.27917040E-02
 0.12691898E-02    0.12464301E-01   -0.72914194E-02   -0.10309518E-01    0.27574080E-02
-0.25436416E-02   -0.84663534E-02   -0.13586069E-02   -0.91995175E-03   -0.44905378E-01
-0.63391340E-03    0.13064153E-02    0.42978674E-02    0.43026180E-03   -0.42494175E-02
-0.38342673E-03   -0.27660014E-03    0.25188456E-02   -0.63884515E-02    0.14863329E-01
 0.35576204E-02    0.28637962E-02    0.39322367E-03    0.58652160E-03   -0.15549570E-02
 0.31419879E-03   -0.54803107E-02    0.53826647E-02    0.49829222E-02   -0.57774607E-03
 0.29009407E-02    0.31717978E-02    0.46400051E-03    0.45518904E-03    0.15037976E+00
-0.21382435E-02    0.20279763E-01   -0.12774020E-01    0.67424487E-02    0.51951645E-02
 0.90933770E-02   -0.11035762E-02   -0.38848851E-03    0.39766644E-01   -0.23809863E-01
 0.46399178E-02    0.12321908E-01   -0.99505873E-03   -0.61920934E-02   -0.20948882E-02
 0.66003297E-02   -0.26001584E-01   -0.19584681E-01   -0.34481412E-01    0.47446322E-02
-0.43875766E-01   -0.21014996E-01    0.20326183E-01   -0.31963795E-02    0.62519242E-03
 0.96252037E+00    0.86051530E-02   -0.11626388E-01   -0.17227480E-01   -0.19288951E-02
 0.83631619E-03    0.47439294E-02    0.40980549E-03    0.13829662E-03    0.19391620E-03
-0.46440067E-03   -0.85309604E-03    0.37568418E-03    0.39275813E-03    0.14456770E-02
 0.29100522E-02   -0.25692886E-02    0.19642759E-02   -0.65500317E-02    0.78597833E-01
-0.12684062E-01   -0.20153508E-03    0.84694538E-03    0.29467171E-02    0.32765672E-03
-0.17924131E-02   -0.11294177E-03   -0.17778781E-03    0.18061896E-02   -0.23826234E-02
 0.74186609E-02    0.33594353E-03    0.17850634E-02   -0.29634939E-04   -0.28967963E-03
-0.33846609E-03    0.33658884E-04   -0.39663360E-02    0.21751561E-02    0.33688724E-02
-0.10622555E-02    0.12303697E-02    0.18546933E-02    0.94544419E-04    0.25518504E-03
 0.97169585E-02    0.17650030E-03   -0.68511353E-03   -0.14016291E-02    0.52610877E-04
 0.39597218E-03    0.18743862E-03    0.67763476E-04   -0.79493310E-03    0.22185099E-02
-0.54462741E-02   -0.93652482E-03   -0.10107232E-02   -0.98673040E-04   -0.40883171E-04
 0.50138412E-03   -0.22786405E-03    0.18273643E-02   -0.17634811E-02   -0.11808009E-02
 0.31880051E-03   -0.86148904E-03   -0.59064526E-03   -0.79688410E-04   -0.11113701E-03
-0.56723541E-01    0.88050079E-03   -0.75785525E-02    0.46688241E-02   -0.27491895E-02
-0.21431093E-02   -0.39087625E-02    0.37490353E-03    0.12139174E-03   -0.14445647E-01
 0.89872559E-02   -0.19347347E-02   -0.40904052E-02    0.27235804E-03    0.22689992E-02
 0.64762432E-03   -0.27235368E-02    0.98808417E-02    0.72623649E-02    0.13296094E-01
-0.12176298E-02    0.16663209E-01    0.80965348E-02   -0.76225438E-02    0.12639773E-02
-0.17866270E-03   -0.32237549E+00    0.14152785E+00   -0.64924356E-02    0.25760262E-02
 0.54851033E-02    0.61046368E-03   -0.38410210E-03   -0.22617803E-02   -0.11764180E-02
-0.41104399E-03   -0.23521287E-03    0.11131837E-03   -0.14513084E-02    0.96566549E-04
 0.71425308E-03    0.97541000E-03    0.51129603E-02   -0.34618671E-04   -0.31094680E-03
-0.22969397E-03   -0.15172622E-01    0.96111787E-02    0.13022862E-03    0.15896188E-03
-0.28409981E-03   -0.79094074E-03    0.24016071E-02    0.50314350E-04   -0.34402673E-04
 0.61716012E-03    0.52798926E-03   -0.25831288E-02   -0.46176487E-03    0.61644096E-04
-0.13809451E-03   -0.59843341E-03    0.41073630E-03    0.35367250E-03    0.11134423E-02
-0.64513531E-03    0.19694835E-03   -0.40238000E-03   -0.46517133E-04   -0.85011261E-03
-0.48686977E-03   -0.97050091E-04   -0.70474026E-02   -0.83020925E-04   -0.17341693E-03
 0.28678610E-03    0.59582100E-03   -0.10773804E-02   -0.11382605E-04    0.85798263E-06
 0.12965925E-03   -0.25803249E-06   -0.14104580E-03    0.37362778E-03   -0.11832334E-03
 0.67574341E-04    0.75273389E-03   -0.22762445E-03   -0.20993170E-03   -0.24599357E-03
 0.25787134E-03    0.50629724E-03   -0.13972689E-03    0.30018326E-03    0.28998714E-03
 0.15537831E-03    0.71314954E-04   -0.44528841E-02   -0.42143933E-04   -0.41300080E-03
 0.75974154E-04   -0.62677274E-03   -0.54023499E-03   -0.12751181E-02    0.93695521E-04
 0.28070060E-04   -0.44300380E-03    0.89297583E-03   -0.32739097E-03   -0.24389318E-03
-0.79179831E-04    0.22268002E-03    0.24238915E-03   -0.36840045E-03    0.88188176E-03
 0.17059361E-04    0.17163858E-02    0.47518686E-03    0.17860186E-02    0.76434698E-03
-0.94378441E-03    0.54205445E-04    0.32653584E-04   -0.12497818E-01    0.49882001E-01
 0.96257112E-01   -0.39956794E-02    0.22824690E-02    0.72193887E-02    0.50974234E-03
-0.10026174E-03   -0.22812808E-02   -0.37160840E-03   -0.15794837E-03   -0.69389259E-05
-0.12890333E-04   -0.27938635E-04   -0.90788294E-04    0.40776400E-04   -0.39775311E-03
 0.51937109E-03   -0.18361669E-03   -0.77826229E-04    0.15394391E-02   -0.13617870E-01
 0.40114068E-02    0.10609981E-04    0.28907781E-03   -0.75991455E-03   -0.38043456E-03
 0.16603332E-02    0.23387771E-03    0.13934800E-04   -0.50577137E-03    0.43840782E-03
-0.50630936E-03   -0.50036266E-03   -0.39027955E-03    0.41419625E-04    0.85426122E-04
 0.66822380E-03    0.10504068E-03    0.12873755E-02   -0.81721049E-03   -0.12548755E-02
 0.37522625E-05   -0.64682972E-04   -0.10643478E-02   -0.20857580E-03   -0.51067899E-04
-0.33613607E-02   -0.65488223E-04   -0.17480245E-03    0.46558112E-03    0.34145464E-03
-0.51309058E-03   -0.84633050E-04   -0.15730614E-04    0.13219028E-03   -0.40501622E-03
 0.65430627E-03    0.38677593E-03    0.23033060E-03   -0.20096404E-04   -0.18914599E-04
-0.48191956E-03   -0.24331215E-03   -0.57835051E-03    0.53941376E-03    0.47613809E-03
-0.46683060E-05    0.15171651E-04    0.49063383E-03    0.93309210E-04    0.32588093E-04
 0.81623922E-02   -0.36153382E-02    0.11028734E-02   -0.70232292E-03    0.28522727E-03
 0.45026860E-03    0.50019284E-03   -0.67199056E-04   -0.18784390E-04    0.18217801E-02
-0.13362369E-02    0.42102894E-03    0.71772340E-03   -0.49351442E-04   -0.35388825E-03
-0.37706505E-03    0.25459911E-03   -0.15979105E-02   -0.12967385E-02   -0.18773659E-02
-0.13287487E-04   -0.23783131E-02   -0.12118714E-02    0.11736562E-02   -0.88422274E-04
 0.44948602E-04    0.46969402E-01   -0.16077823E-01    0.35117963E-03    0.93388034E-02
 0.33530289E-03   -0.20047420E-02   -0.29648344E-02   -0.17221966E-03    0.96714372E-04
 0.67665469E-03   -0.27876229E-03   -0.17177980E-04    0.68911896E-04   -0.78440152E-04
-0.35138593E-03    0.19731765E-04    0.87921916E-04    0.54178118E-03    0.13426634E-02
-0.41549190E-03    0.45088281E-03   -0.87589055E-03    0.10831327E-01   -0.12249448E-02
 0.46932230E-03    0.13690043E-03    0.55215122E-03   -0.10534575E-03   -0.83565790E-04
 0.17337463E-05   -0.43024992E-04    0.52406238E-03   -0.32352449E-03    0.13974281E-02
 0.34649862E-04    0.34606074E-03   -0.17323048E-03   -0.26150789E-03   -0.27587895E-05
-0.85239703E-04   -0.71099523E-03    0.34350564E-03    0.63075543E-03   -0.26450153E-03
 0.38751622E-03    0.10986378E-03    0.25529113E-05    0.62318382E-04    0.96145643E-03
-0.29074369E-03   -0.11727701E-03   -0.27453012E-03    0.19695244E-03   -0.88188187E-05
 0.37068918E-04    0.91723622E-05   -0.14253535E-03    0.45196159E-03   -0.94090838E-03
-0.18994188E-03   -0.16656271E-03    0.13446637E-05    0.13822112E-03    0.35508567E-04
-0.53843813E-04    0.29030669E-03   -0.36135965E-03   -0.12609482E-03   -0.10026561E-03
-0.28228195E-03   -0.58805428E-04   -0.95360333E-05   -0.19032569E-04   -0.10657663E-01
 0.97753477E-04   -0.27257669E-02    0.10363452E-02   -0.68145410E-03   -0.33539382E-03
-0.77600830E-03    0.67029129E-04    0.11377704E-04   -0.27959385E-02    0.16897638E-02
-0.31452496E-03   -0.58075563E-03    0.68746838E-04    0.59657830E-03    0.19385062E-03
-0.63860944E-03    0.18480703E-02    0.16193551E-02    0.24299529E-02   -0.13081531E-03
 0.32019477E-02    0.13566121E-02   -0.11537713E-02    0.13140035E-03   -0.44263335E-04
-0.59651237E-01    0.32371838E-01    0.23009959E-01   -0.26394040E-02    0.12786189E-01
-0.22335413E-02    0.12246495E-02    0.43775800E-02    0.32789786E-03   -0.13585272E-03
-0.14157351E-02   -0.22863411E-03   -0.77675740E-04   -0.71251898E-04    0.11122032E-03
-0.12517639E-03   -0.49724063E-05   -0.77854701E-05    0.43851825E-04    0.12853730E-03
-0.25705868E-03    0.14497509E-03    0.12566777E-02   -0.13094508E-01    0.37734893E-02
-0.17907661E-03    0.10101434E-02   -0.53692433E-03   -0.17618505E-03    0.81920698E-03
 0.10970315E-03    0.34451918E-05   -0.18179521E-04    0.32762205E-03   -0.10808614E-02
-0.21432392E-03   -0.24221564E-03    0.11017301E-03    0.80057147E-04    0.16975049E-03
 0.68645967E-04    0.56443546E-03   -0.47583662E-03   -0.60755618E-03    0.63976078E-04
 0.42545321E-04   -0.23526667E-03   -0.12444035E-03   -0.16249025E-04   -0.29121180E-02
 0.67503526E-04   -0.58466533E-03    0.26783460E-03    0.59082633E-04   -0.38452804E-03
-0.12054168E-03    0.57465082E-05    0.14186346E-03   -0.25797357E-03    0.35285894E-03
 0.21881560E-03    0.11999770E-03   -0.26023415E-04    0.86311515E-05   -0.80963357E-04
 0.37163236E-04   -0.17808714E-03    0.27301480E-03    0.30285359E-03   -0.99534299E-04
 0.67776163E-05    0.95765005E-04    0.37634049E-04    0.11984630E-04    0.61326638E-02
-0.11775922E-03    0.98628072E-03   -0.25903619E-02    0.25978982E-03    0.27078950E-03
 0.10049617E-03   -0.15452672E-03   -0.53505685E-05    0.16198324E-02   -0.10762137E-02
-0.31707512E-03    0.41553356E-03    0.25636292E-04   -0.11562699E-03   -0.49651676E-05
 0.31911753E-03   -0.85465605E-03   -0.71461862E-03   -0.11506143E-02    0.39108085E-03
-0.18616432E-02   -0.82929999E-03    0.44607972E-03   -0.13955327E-03    0.23461462E-04
 0.37822420E-01   -0.10507176E-01    0.61769727E-02    0.17388409E-02   -0.14631880E-02
 0.76179591E-02    0.13853758E-02   -0.10967198E-02   -0.18850758E-02   -0.25509297E-03
 0.97024643E-04    0.68426496E-03    0.36305168E-04    0.44731712E-04    0.66662655E-04
-0.61709340E-04   -0.35392555E-03    0.10924361E-03    0.20552084E-03    0.34164690E-03
 0.99191228E-03   -0.14026022E-02    0.82109030E-03    0.10797099E-02    0.45461587E-02
-0.12031257E-02    0.64930636E-04    0.50880667E-04    0.16563894E-02   -0.40307536E-04
 0.10795883E-03   -0.24573831E-04   -0.21974246E-04    0.67292285E-03   -0.58589073E-03
 0.10263368E-02   -0.97202016E-04    0.30415999E-03   -0.99980930E-04   -0.32613274E-03
 0.54849266E-05    0.92026497E-04   -0.43605897E-03    0.56681959E-03    0.58560515E-03
-0.57316851E-03    0.68960812E-04    0.79124233E-03    0.38718279E-04    0.18459964E-04
 0.10025162E-02   -0.62705509E-04   -0.11224669E-03   -0.87137075E-03    0.70251774E-04
-0.10544325E-03    0.68949901E-04    0.36899049E-05   -0.30936207E-03    0.49768587E-03
-0.42372625E-03   -0.11595035E-03   -0.21195163E-03    0.14644563E-04    0.19603060E-03
-0.23331867E-04   -0.10913145E-03    0.32399088E-03   -0.35319488E-03   -0.11466392E-03
 0.22078961E-03   -0.11303724E-03   -0.48765070E-03   -0.18279431E-04   -0.87623795E-05
-0.88801557E-02    0.17132803E-03   -0.13142415E-02    0.69490617E-03   -0.27373445E-02
-0.52191290E-03   -0.82537666E-03   -0.10665928E-04    0.10679266E-04   -0.23573273E-02
 0.17177492E-02    0.44238908E-03   -0.35624292E-03    0.74031097E-05    0.42543456E-03
 0.32451091E-03   -0.58926909E-03    0.15837610E-02    0.10756149E-02    0.20939118E-02
-0.19036712E-03    0.28406726E-02    0.13285456E-02   -0.23254051E-02    0.16692005E-03
-0.17709499E-04   -0.51539323E-01    0.26188237E-01    0.17785609E-01   -0.24908801E-02
 0.78044306E-02   -0.11761951E-02    0.11964131E-01    0.49248940E-02   -0.40617791E-02
-0.80874000E-02   -0.79121605E-03    0.28735270E-03    0.25306570E-02    0.51148350E-03
 0.82580046E-04    0.11639517E-03   -0.13337968E-03   -0.19142100E-03    0.41549267E-03
 0.19846535E-03    0.63708035E-03    0.38653298E-03   -0.96252776E-03    0.56362828E-03
-0.23583868E-02    0.32719824E-01   -0.65433775E-02   -0.15871836E-03    0.18591955E-03
 0.11754590E-02    0.13271812E-02   -0.68222780E-03   -0.15886586E-03   -0.80020381E-04
 0.46538561E-03   -0.92126666E-03    0.25042043E-02    0.41635137E-03    0.66440283E-03
 0.25089990E-04   -0.41359753E-03   -0.83931595E-04    0.11514032E-03   -0.16621076E-02
 0.10300112E-02    0.14110290E-02   -0.21296663E-03    0.34575191E-03    0.10592776E-02
 0.25285170E-03    0.97869000E-04    0.51030845E-02    0.52673698E-04   -0.17075899E-03
-0.54902113E-03   -0.73291781E-03    0.15399283E-03    0.13213494E-03    0.47911056E-04
-0.49592507E-04    0.84224563E-03   -0.13239910E-02   -0.62809565E-03   -0.33223041E-03
-0.69393294E-04    0.15746566E-03    0.69275902E-04   -0.15434454E-03    0.84839958E-03
-0.73638907E-03   -0.72874864E-03   -0.11674743E-03   -0.36243688E-03   -0.49063226E-03
-0.93216909E-04   -0.49974869E-04   -0.20438653E-01    0.47410936E-03   -0.26643994E-02
 0.17889637E-02   -0.10847592E-02   -0.28480211E-02   -0.23101383E-02    0.32849721E-03
 0.62029434E-04   -0.53529431E-02    0.34104864E-02   -0.98313071E-04   -0.17272040E-02
 0.93180476E-04    0.76260230E-03    0.69330396E-03   -0.88538664E-03    0.36544623E-02
 0.28479562E-02    0.46937303E-02   -0.47671527E-03    0.59259326E-02    0.27457224E-02
-0.30546354E-02    0.31491315E-03   -0.80564830E-04   -0.13011215E+00    0.47328344E-01
 0.86207024E-02   -0.68228184E-02    0.95791471E-02   -0.48847245E-02    0.87743393E-02
 0.23839154E-01    0.36953947E-04   -0.20329332E-03    0.12118852E-02    0.85430234E-04
 0.19625578E-05   -0.24884791E-03    0.11092035E-04    0.38668143E-04    0.83575189E-04
-0.43599863E-04    0.27962927E-03    0.63772371E-04   -0.28502643E-03   -0.17926854E-04
-0.14469667E-02   -0.27370225E-03    0.20437339E-03    0.43230457E-03    0.28769264E-02
 0.27815115E-03   -0.49574828E-04    0.16612504E-03    0.11952616E-03    0.54301680E-03
 0.12950009E-02   -0.68653927E-04    0.14319063E-04   -0.19588242E-03   -0.65571104E-04
 0.15600637E-03    0.22423626E-04   -0.11054492E-03    0.83012188E-04   -0.55795445E-04
 0.27088414E-03    0.28733664E-03   -0.18087765E-03    0.31993400E-03   -0.55957273E-03
-0.39398429E-04    0.22015219E-03   -0.97848791E-05   -0.20326042E-04   -0.22042969E-05
-0.27050141E-03   -0.92555692E-05   -0.15330717E-03   -0.14171952E-03   -0.40989355E-03
-0.92129844E-03    0.88242680E-04   -0.12580516E-04    0.77301054E-04    0.58499109E-04
 0.81599826E-03   -0.17084460E-04    0.60777042E-04   -0.31846108E-04    0.28975255E-04
-0.26371572E-03   -0.25745699E-03    0.14327497E-03   -0.30481088E-03    0.32963853E-04
-0.99476042E-05   -0.15081002E-03    0.11699160E-03    0.17930113E-04    0.13669512E-05
 0.55001160E-03   -0.95405041E-04    0.15235465E-03   -0.15341028E-03    0.17704416E-04
-0.88467666E-03   -0.29313074E-02    0.15705615E-03   -0.55405968E-05    0.17884676E-04
 0.13887574E-04    0.18975100E-02   -0.60646945E-04   -0.21444815E-04   -0.10555585E-03
 0.43021982E-03   -0.91304018E-04   -0.16938529E-03    0.45228918E-04   -0.65341302E-03
 0.33819156E-03   -0.26430404E-03   -0.99024158E-04    0.21327345E-03   -0.10824083E-05
-0.70366895E-05   -0.53275487E-03   -0.88878020E-02   -0.20820396E-01   -0.61322432E-03
-0.48908545E-02   -0.12581341E-02   -0.32327773E-02    0.12502075E-02    0.12678928E-01
-0.76790074E-03    0.88541131E-03    0.21769612E-02    0.15385886E-03   -0.43631497E-04
-0.61484095E-03   -0.45737612E-04   -0.37635733E-04   -0.14862972E-04    0.27714357E-04
 0.11161651E-03    0.33923439E-04   -0.43480211E-04   -0.11937526E-03   -0.16715743E-03
-0.62427419E-03    0.23764004E-03    0.18834359E-02   -0.10088556E-01    0.16246747E-02
 0.13161018E-04    0.41879763E-04   -0.26228980E-03   -0.18352385E-03    0.16266941E-03
 0.30901481E-03   -0.19499813E-04    0.94523834E-04    0.31907043E-03   -0.66285913E-03
-0.27324253E-03   -0.12257402E-03    0.34626396E-04    0.13480760E-03   -0.10846220E-04
-0.44285449E-04    0.36809957E-03   -0.26240359E-03   -0.26304708E-03    0.12861465E-03
 0.11987879E-03   -0.24717069E-03   -0.15564946E-04   -0.20249818E-04   -0.12384291E-02
-0.19758020E-04   -0.49571312E-04    0.16202416E-03    0.91062160E-04   -0.10629504E-04
-0.18944503E-03    0.12241893E-04   -0.29540893E-04   -0.28984998E-03    0.44031809E-03
 0.22010647E-03    0.62741472E-04    0.75196387E-05   -0.76720073E-04    0.15512217E-04
 0.85359106E-04   -0.17731308E-03    0.25964986E-03    0.17469778E-03   -0.73190512E-04
-0.28998874E-04    0.12693392E-03    0.14671375E-04    0.12398731E-04    0.35569553E-02
-0.11492365E-03    0.45695552E-03   -0.45009914E-03    0.84550695E-04    0.31037419E-03
 0.39810043E-03   -0.62784792E-03    0.81706183E-04    0.66528324E-03   -0.71726068E-03
 0.27532882E-03    0.47485573E-03   -0.11009668E-04   -0.16668969E-03   -0.10789975E-03
 0.10609939E-03   -0.58374726E-03   -0.57656381E-03   -0.61402101E-03    0.20931246E-03
-0.11596837E-02   -0.58959393E-03    0.37794038E-03   -0.73469935E-04    0.11554301E-04
 0.22778431E-01   -0.79808899E-02   -0.10629947E-02    0.11435250E-02   -0.15254037E-02
 0.11304330E-02   -0.11537842E-02   -0.36284090E-02   -0.33144449E-03    0.23194770E-02
-0.10762246E-03    0.18684662E-03    0.22796970E-03    0.33344196E-04   -0.23867498E-04
-0.46798394E-04   -0.78904835E-05   -0.18486161E-05   -0.79080025E-05    0.13644526E-04
-0.73078385E-05   -0.23464887E-04   -0.13134098E-04   -0.47277791E-05   -0.34778982E-04
 0.92516163E-04   -0.60734909E-04   -0.96219966E-06   -0.71388413E-03    0.18992992E-03
 0.61206174E-05   -0.24314042E-04   -0.22359491E-04   -0.18935296E-04    0.26027014E-04
-0.29906731E-04    0.12019886E-04   -0.52796295E-04    0.27833905E-04   -0.68458654E-04
-0.47228375E-05   -0.29096516E-04   -0.30381368E-05   -0.10004629E-04    0.79443405E-05
 0.61339649E-05    0.38350375E-04   -0.31088480E-04   -0.33099348E-04    0.16298480E-04
-0.35002864E-04   -0.26931915E-04   -0.99132201E-05   -0.22768051E-05   -0.15216647E-03
-0.43511314E-05    0.18627620E-04    0.27027397E-05    0.71832882E-05   -0.17561111E-04
 0.17610490E-04   -0.79348964E-05    0.19992980E-04   -0.22713579E-04    0.78557884E-04
 0.17528085E-04    0.17595208E-04    0.48914832E-05    0.17558589E-04   -0.68570245E-05
-0.13444928E-05   -0.19727166E-04    0.11281946E-04    0.11051269E-04    0.17739062E-05
 0.15905665E-04    0.18968108E-04    0.28609090E-05    0.40927580E-06    0.61610255E-03
 0.41348464E-06    0.63165722E-04   -0.35946286E-04    0.16467780E-04    0.32336856E-04
 0.47565896E-04    0.86390750E-04   -0.37347665E-04    0.16476704E-03   -0.12849376E-03
 0.71542980E-04    0.11064764E-03    0.55720703E-06   -0.20315209E-04    0.12122118E-04
 0.43527201E-04   -0.10201828E-03   -0.63397651E-04   -0.16761748E-03    0.58006689E-05
-0.18018981E-03   -0.81345952E-04    0.11411978E-03   -0.43566606E-05   -0.72487484E-06
 0.39040354E-02   -0.15626918E-02   -0.64806802E-03    0.17612971E-03   -0.35273315E-03
 0.90778653E-04   -0.28866013E-03   -0.58426771E-03    0.11352848E-03   -0.15725862E-03
 0.11660009E-03    0.57955699E-02   -0.68664888E-02   -0.11238068E-01   -0.10372445E-02
 0.52742219E-03    0.33189490E-02    0.38464589E-03    0.20443255E-03    0.19159243E-03
-0.15583920E-03   -0.18567304E-03    0.14104757E-03    0.29813624E-03    0.48779008E-03
 0.79930123E-03   -0.18349424E-02    0.13118880E-02   -0.93145681E-03    0.33754661E-01
-0.10222526E-01   -0.11483552E-03    0.48223556E-03    0.18482073E-02    0.18531308E-03
-0.15484106E-02    0.10418507E-03   -0.11113216E-03    0.23131352E-02   -0.11199827E-02
 0.37967156E-02    0.77393468E-04    0.93427040E-03   -0.15345907E-03   -0.25239939E-03
-0.51135567E-03   -0.32746227E-03   -0.21215989E-02    0.14584705E-02    0.16627679E-02
-0.97870707E-03    0.83244617E-03    0.12980904E-02    0.19281147E-03    0.17552006E-03
 0.76936009E-02    0.87864592E-04   -0.24935119E-03   -0.92615172E-03    0.23463131E-03
 0.66259586E-03   -0.43415821E-05    0.49803349E-04   -0.12885905E-02    0.96858464E-03
-0.25793949E-02   -0.42994229E-03   -0.48033022E-03    0.17296501E-04   -0.99189320E-04
 0.41019399E-03   -0.90679677E-04    0.83049265E-03   -0.11267960E-02   -0.85104421E-03
 0.36585716E-03   -0.60470786E-03   -0.36051531E-03   -0.86070219E-04   -0.62665243E-04
-0.24979417E-01    0.19328045E-03   -0.34963434E-02    0.20387833E-02   -0.12921698E-02
-0.89289082E-03   -0.15248173E-02   -0.10370740E-03    0.62493808E-04   -0.94920095E-02
 0.31931074E-02   -0.55414665E-03   -0.17107398E-02    0.10346893E-03    0.11271761E-02
 0.21581776E-03   -0.14082683E-02    0.40596268E-02    0.29273173E-02    0.55280734E-02
-0.94417424E-03    0.73037636E-02    0.33623810E-02   -0.31531220E-02    0.49163029E-03
-0.10486802E-03   -0.14675280E+00    0.54285634E-01    0.66729527E-02   -0.65061701E-02
 0.11070565E-01   -0.55313580E-02    0.92136553E-02    0.20289315E-01   -0.10076663E-02
-0.27050763E-02   -0.63116048E-03    0.30964966E-01   -0.18598061E-02    0.24213240E-02
 0.27750585E-02    0.57987582E-03   -0.20646188E-03   -0.85654819E-03   -0.14046564E-03
-0.44782306E-04   -0.67386338E-04    0.15081578E-03    0.48870347E-04    0.44997325E-04
-0.46914548E-04   -0.17642414E-03   -0.94933749E-03    0.31183101E-03   -0.10540545E-03
 0.22304856E-02   -0.12496987E-01    0.22061021E-02    0.60201498E-05   -0.93691890E-04
-0.83540729E-03   -0.60078098E-04    0.28246625E-03    0.16141295E-03    0.21970441E-04
-0.12252293E-03    0.33599586E-02   -0.16252277E-02   -0.74874325E-04   -0.38787375E-03
-0.72391068E-04    0.36482526E-03   -0.13188241E-03   -0.25357816E-03    0.70340830E-03
-0.56022246E-03   -0.41559371E-03    0.24234985E-03   -0.41741456E-03   -0.17559568E-03
-0.17561620E-04   -0.68963251E-04   -0.17790339E-02    0.28836575E-04    0.43167360E-04
 0.39712516E-03   -0.27936467E-04    0.13446127E-05   -0.14448262E-03   -0.27659114E-05
 0.13083679E-04   -0.23108181E-02    0.10706119E-02    0.15679501E-03    0.21043443E-03
 0.54312566E-04   -0.25498822E-03    0.18799889E-03    0.32163687E-03   -0.46036618E-03
 0.34456614E-03    0.69241036E-04   -0.21927865E-04    0.30710991E-03   -0.13236403E-04
 0.52517943E-04    0.42371994E-04    0.84292460E-02   -0.33371556E-03    0.11897803E-02
-0.87737022E-03    0.71186179E-03    0.48265194E-03    0.72903594E-03   -0.21051745E-03
-0.46634531E-04    0.14026775E-02   -0.63794433E-02    0.29214710E-03    0.59199226E-03
-0.84392874E-04   -0.25429262E-03   -0.52269450E-03    0.46949292E-03   -0.14161020E-02
-0.11301458E-02   -0.21376937E-02    0.38311816E-04   -0.22899557E-02   -0.11460839E-02
 0.11754050E-02   -0.19806220E-03    0.35535044E-04    0.47200135E-01   -0.23038473E-01
-0.12789521E-01    0.24990656E-02   -0.60074298E-02    0.16074217E-02   -0.56372999E-02
-0.77671143E-02    0.21853461E-02    0.13287361E-02    0.38003326E-03   -0.63672578E-02
 0.16145105E-01   -0.95587975E-02    0.69967345E-02    0.19514341E-01    0.16039727E-02
-0.57317574E-03   -0.63368688E-02   -0.10782272E-02   -0.18970162E-03   -0.27121605E-03
 0.41504280E-03    0.66132927E-03   -0.21292354E-03   -0.86485473E-03   -0.10106692E-02
-0.13988333E-02    0.21410642E-02   -0.17776531E-02    0.24190942E-02   -0.57005729E-01
 0.16110408E-01    0.21671091E-03   -0.18895327E-03   -0.26920885E-02   -0.10433945E-02
 0.19467096E-02    0.10004219E-03    0.86050983E-04   -0.14351437E-02    0.10704310E-02
 0.44929654E-01   -0.20654181E-02   -0.12056865E-02    0.46335968E-03    0.10108677E-02
 0.64985379E-03    0.54542015E-03    0.25138905E-02   -0.17383402E-02   -0.27914816E-02
 0.70675244E-03   -0.63788197E-04   -0.27329477E-02   -0.31249868E-03   -0.21761888E-03
-0.12377895E-01   -0.12793651E-03    0.20033943E-04    0.15020474E-02    0.40751271E-03
-0.39706880E-03   -0.81064055E-04   -0.43183959E-04    0.59407537E-03   -0.13229187E-02
-0.31623324E-01    0.14471763E-02    0.67654170E-03    0.27030967E-04   -0.34020891E-03
-0.55268840E-03   -0.31304866E-03   -0.10446634E-02    0.13429145E-02    0.12944529E-02
-0.11123557E-03    0.50238734E-03    0.12181527E-02    0.11754466E-03    0.93586288E-04
 0.38791156E-01   -0.49510947E-03    0.52089371E-02   -0.37227974E-02    0.23450324E-02
 0.18790656E-02    0.43337705E-02   -0.87701036E-04   -0.72741022E-04    0.10626833E-01
-0.61994174E-02   -0.95593590E-01    0.36832125E-02   -0.24862178E-03   -0.13238012E-02
-0.59281834E-03    0.20118968E-02   -0.71233033E-02   -0.44311243E-02   -0.90235621E-02
 0.97112187E-03   -0.11147708E-01   -0.51587665E-02    0.61840021E-02   -0.68808144E-03
 0.16990740E-03    0.24441110E+00   -0.88767756E-01   -0.17194389E-01    0.10972331E-01
-0.18222656E-01    0.10239779E-01   -0.16660077E-01   -0.35247918E-01   -0.16579184E-02
 0.57460572E-02    0.94403061E-03   -0.39061421E-01    0.14189508E-01    0.24107239E+00
 0.35044229E-04   -0.13503487E-02   -0.31746507E-02   -0.24079087E-03    0.11800202E-03
 0.68886577E-03   -0.47037377E-04    0.28197952E-04   -0.16832375E-04   -0.11889246E-03
-0.14141494E-03    0.77852774E-04   -0.80667323E-05    0.13656910E-03    0.47224905E-03
 0.41136041E-03   -0.32767854E-04   -0.10966588E-02    0.81540195E-02   -0.13620273E-02
 0.45302511E-05    0.12602913E-03    0.19302463E-03    0.13022451E-03   -0.12493629E-03
-0.24594784E-03   -0.11204033E-04   -0.18066669E-03   -0.14978185E-03    0.36867857E-03
 0.18716378E-02    0.19883769E-03   -0.17991011E-03   -0.29994841E-03   -0.44740750E-04
-0.39286470E-04    0.44323012E-04    0.46857814E-03    0.41904866E-03   -0.41877445E-03
-0.11216524E-03    0.14239948E-03   -0.25023328E-03    0.22824423E-04    0.10766996E-02
-0.21244877E-04   -0.17208519E-03   -0.11047393E-03   -0.11698186E-03    0.24210001E-04
 0.19393003E-03    0.29088711E-05    0.16390565E-03    0.31175241E-03   -0.96490884E-03
-0.10097670E-02   -0.19789964E-03    0.11873367E-03    0.11089064E-03    0.11797664E-03
 0.12178306E-03   -0.84665019E-04   -0.36798208E-03   -0.18544484E-03    0.15892082E-03
-0.28903934E-05   -0.25636849E-04    0.83799329E-04    0.70190064E-05   -0.60971982E-02
 0.27132280E-03   -0.58351951E-03    0.42983733E-03    0.33997487E-04   -0.30483172E-03
-0.58263641E-03    0.22660291E-03    0.79270725E-04   -0.13272221E-02    0.97232055E-03
-0.24800761E-03   -0.51285665E-02    0.82102011E-05    0.34261425E-03    0.16625787E-03
-0.16079289E-03    0.11671956E-02   -0.11628015E-04    0.14283458E-02   -0.22839350E-03
 0.19257713E-02    0.11891127E-02   -0.92588061E-03    0.25998039E-03   -0.94370009E-05
-0.35776291E-01    0.18212111E-01    0.13019325E-01   -0.18412230E-02    0.45010512E-02
-0.59416802E-03    0.33413548E-02    0.59260384E-02   -0.22443567E-02   -0.17131087E-02
-0.31446457E-03    0.55990146E-02   -0.32792061E-02   -0.12183057E-01    0.18055829E-01
 0.11710686E-03   -0.44595036E-03   -0.60742417E-03   -0.69475478E-04    0.10122262E-05
 0.12086925E-03   -0.58660368E-04   -0.16044876E-04   -0.13839308E-04    0.46718840E-04
-0.13058047E-03    0.94735615E-05    0.84136783E-04    0.20797183E-04    0.34677927E-03
-0.28143484E-03    0.21196008E-03    0.67462766E-03   -0.74406758E-03   -0.20717461E-03
-0.42156637E-04    0.29904834E-05    0.12092503E-03   -0.29577990E-04    0.27047321E-04
 0.98385797E-05   -0.19594046E-04    0.15782933E-03   -0.15659753E-03    0.26178394E-03
 0.35556323E-04    0.23016950E-03   -0.34565688E-04   -0.69469271E-04   -0.67385778E-04
-0.15469001E-04   -0.13878283E-03    0.77342743E-04    0.95588285E-04   -0.12371059E-03
 0.24551825E-04    0.98884245E-04   -0.95309097E-05    0.20823229E-05    0.17855463E-03
 0.44149066E-04   -0.11513271E-05   -0.82099388E-04    0.74569400E-04   -0.21597324E-04
-0.26139368E-05    0.10486720E-04   -0.21318388E-04    0.13777681E-03   -0.45051826E-03
-0.88447901E-04   -0.14451866E-03    0.18814452E-04    0.34814764E-04    0.31348858E-04
-0.44432552E-04    0.47928673E-04   -0.10855432E-03    0.35178376E-06    0.86156539E-04
-0.31446263E-05   -0.32898707E-04    0.10159521E-04    0.43770287E-05   -0.19171560E-02
 0.41115999E-04   -0.21078177E-03    0.19967827E-03   -0.15891455E-03   -0.13630262E-03
-0.23615300E-03    0.30665225E-04    0.82942180E-05   -0.49554728E-03    0.26088877E-03
-0.14960797E-03   -0.15669026E-03   -0.38090348E-03    0.11676010E-03   -0.21093545E-04
-0.14140884E-03    0.31913310E-03    0.15950962E-03    0.40775539E-03   -0.22182686E-04
 0.63221695E-03    0.25371252E-03   -0.28527089E-03    0.43001629E-04    0.30745624E-05
-0.10362044E-01    0.64329722E-02    0.62004718E-02   -0.44299162E-03    0.19744782E-02
-0.95648190E-04    0.18062560E-02    0.19336975E-02   -0.12081184E-02   -0.33824737E-03
-0.82834447E-04    0.19449490E-02   -0.11688999E-02   -0.36090435E-02    0.12386114E-02
 0.15549207E-02   -0.11725818E-02    0.15433731E-02    0.27277290E-02    0.21982452E-03
-0.11606151E-03   -0.76897066E-03   -0.86888594E-04   -0.57950559E-04   -0.53212763E-04
 0.52828391E-04    0.20706312E-04   -0.66746443E-04    0.12855364E-04   -0.22234492E-03
-0.12611394E-03    0.14125367E-03   -0.37232356E-03    0.10496130E-02   -0.11342852E-01
 0.21504873E-02   -0.63907490E-04   -0.65288580E-04   -0.41897136E-03   -0.76392936E-05
 0.41065185E-03    0.44893738E-04    0.17182948E-04   -0.30462457E-03    0.22797959E-03
-0.74795699E-03   -0.24898302E-03   -0.24182955E-03    0.18092055E-03    0.10022468E-03
 0.64810055E-04   -0.79770240E-05    0.46157740E-03   -0.27786917E-03   -0.35010311E-03
 0.22504270E-03   -0.11658768E-03   -0.15071055E-03   -0.37123274E-04   -0.48187713E-04
-0.16497412E-02    0.23322655E-04    0.35638396E-04    0.17996828E-03   -0.33881128E-04
-0.16151241E-03   -0.24034540E-04   -0.49816165E-05    0.15991284E-03   -0.23346700E-03
 0.74126635E-03    0.16631763E-03    0.14150928E-03   -0.24317862E-04    0.14497640E-04
-0.22914439E-04    0.10164526E-03   -0.19871163E-03    0.26189172E-03    0.18297496E-03
-0.11901459E-04    0.12164503E-03    0.46624649E-04    0.26026330E-04    0.20853248E-04
 0.61236716E-02   -0.88726917E-04    0.10014613E-02   -0.41666224E-03    0.32728399E-03
 0.12024680E-03    0.30866556E-03   -0.68776194E-04   -0.79390403E-05    0.17309642E-02
-0.88530260E-03    0.58571856E-03    0.56093712E-03   -0.65884586E-05   -0.55260984E-03
-0.13788481E-03    0.27501575E-03   -0.10000487E-02   -0.78057031E-03   -0.14124139E-02
 0.15442481E-03   -0.18358756E-02   -0.88950273E-03    0.39852476E-03   -0.13595870E-03
 0.39448279E-04    0.38652932E-01   -0.13379275E-01   -0.78135705E-03    0.19044919E-02
-0.29753302E-02    0.12284836E-02   -0.22905489E-02   -0.50189687E-02    0.18131945E-03
 0.10020234E-02    0.14071811E-03   -0.62643929E-02    0.17044103E-02    0.86396432E-02
-0.17345555E-02   -0.52430642E-03    0.24144188E-02    0.12637318E-03    0.56564095E-03
 0.12676733E-02    0.12325153E-03    0.31236779E-04   -0.19094717E-03    0.34379736E-04
 0.13303146E-04    0.24922060E-04    0.93368316E-05    0.14208195E-03   -0.10431210E-03
-0.59178427E-04   -0.42358848E-03   -0.45039678E-03    0.22040738E-03    0.77328588E-05
 0.12286729E-02   -0.75690357E-02   -0.24051926E-03   -0.11739316E-03   -0.61366570E-04
-0.36688040E-03   -0.15906071E-03   -0.29885674E-03    0.10059202E-03    0.40355211E-06
-0.26123406E-03    0.43608750E-03    0.33501125E-04   -0.26151923E-03   -0.16457433E-03
 0.10173361E-03    0.10810277E-02    0.47424852E-04   -0.22548149E-03    0.25697117E-03
-0.34710275E-03   -0.32012327E-03    0.20367802E-03   -0.13341661E-03   -0.42101346E-03
-0.11009128E-04   -0.46715333E-04    0.14548969E-03    0.10515540E-03    0.52149449E-04
 0.18652458E-03    0.98557076E-04    0.26502076E-03   -0.88575560E-04    0.97820992E-05
 0.34530364E-04   -0.41141613E-03   -0.47417162E-04    0.96972818E-04    0.93979063E-04
-0.35961120E-04   -0.79124410E-03   -0.25019989E-04    0.87910104E-04   -0.29672413E-03
 0.23740886E-03    0.12988918E-03   -0.14978090E-04    0.13677212E-03    0.21195263E-03
 0.38898547E-05    0.39826287E-04    0.44897235E-02   -0.21875886E-03    0.68969478E-03
-0.30965628E-03    0.43374920E-03    0.57339305E-03    0.87238061E-03   -0.92985139E-04
 0.10052121E-04    0.10496306E-02   -0.11669448E-02    0.21850479E-03    0.43106531E-03
-0.87664035E-04   -0.27454340E-03   -0.21729431E-02    0.24975703E-03   -0.74032094E-03
-0.10452620E-02   -0.11792779E-02    0.58993470E-06   -0.13219559E-02   -0.15690100E-03
 0.10039312E-02   -0.42880565E-04    0.91911352E-04    0.28874104E-01   -0.14515366E-01
-0.11155161E-01    0.18468705E-02   -0.43631519E-02    0.17953120E-03   -0.36760725E-02
-0.55780040E-02    0.90288517E-03    0.98060014E-03    0.10603071E-03   -0.48620556E-02
 0.39342156E-02    0.82866547E-02   -0.25937067E-02   -0.78612475E-03    0.13618687E-02
 0.79744891E-02    0.45861735E-02   -0.37351326E-02   -0.55560723E-02   -0.64036231E-03
 0.27332008E-03    0.19276954E-02    0.50715016E-03    0.14923353E-03    0.18544996E-03
-0.65552006E-04    0.40386634E-03    0.52973647E-04   -0.27468892E-03   -0.13918814E-03
-0.23173141E-02   -0.55188936E-03    0.67927297E-03    0.41140531E-03    0.19651391E-01
-0.70604685E-02   -0.60486287E-04    0.16226980E-03    0.57205551E-03    0.68084499E-03
-0.14318132E-02   -0.13335703E-03   -0.14229841E-04   -0.67088854E-04   -0.96566042E-03
 0.29540893E-02    0.45699463E-03    0.31811824E-03   -0.13333048E-04    0.29368141E-03
 0.72643860E-03    0.47682452E-03   -0.14029705E-02    0.84353087E-03    0.41260341E-03
 0.12314239E-03    0.32227914E-03    0.29892146E-03    0.21154149E-03    0.97002308E-04
 0.51935407E-02    0.23988646E-04   -0.58642812E-04   -0.33104918E-03   -0.33331252E-03
 0.46584493E-03    0.82810181E-04    0.13545411E-04   -0.90182897E-04    0.72239496E-03
-0.13010321E-02   -0.48401975E-03   -0.11427140E-03   -0.14759214E-06   -0.44218340E-03
-0.53199274E-03   -0.46704097E-03    0.46186385E-03   -0.63448984E-03   -0.50917669E-03
-0.87491291E-05   -0.43306663E-03    0.23292037E-03   -0.92688490E-04   -0.63607706E-04
-0.76874736E-02   -0.25572021E-04   -0.12241673E-02    0.83117781E-03   -0.17550059E-03
-0.22853363E-04   -0.11802346E-03   -0.23817043E-04    0.25864534E-04   -0.26305760E-02
 0.11335569E-02    0.38460792E-04   -0.56758085E-03    0.53902720E-04    0.28319801E-03
-0.11794173E-05   -0.30219266E-02   -0.60656575E-04    0.12829403E-02    0.12958835E-02
-0.44501290E-03    0.18224095E-02    0.84268215E-03   -0.59854140E-03    0.35933368E-03
-0.55589811E-04   -0.56747974E-01   -0.92090116E-03   -0.42966403E-01   -0.29729692E-02
-0.59611405E-02   -0.53643545E-02   -0.42735259E-02    0.44416817E-02    0.99237585E-02
-0.99663962E-03    0.15953851E-04    0.70229109E-02    0.20193823E-02   -0.90166250E-02
-0.36451067E-02   -0.19655896E-02   -0.21600425E-02    0.29832649E-02    0.31078461E-01
-0.46691290E-02    0.46829298E-02    0.82326394E-02    0.76731575E-03   -0.43327278E-03
-0.25294807E-02   -0.52556811E-03   -0.18627122E-03   -0.16106287E-03    0.19103333E-03
-0.17721975E-03   -0.26792934E-03    0.81206135E-04   -0.39756659E-03    0.35079736E-03
 0.93274354E-03   -0.63204367E-03    0.32725449E-02   -0.34104807E-01    0.69914500E-02
 0.13931856E-03   -0.23832226E-03   -0.11333990E-02   -0.20655679E-03    0.15268999E-02
-0.17372731E-04    0.51968856E-04   -0.65698028E-03    0.56788600E-03   -0.29678091E-02
-0.27787613E-03   -0.61150176E-03   -0.82513824E-04   -0.18515625E-03    0.92102620E-03
 0.12149636E-02    0.13290183E-02   -0.83261146E-03   -0.13104200E-02    0.34562662E-03
-0.30847781E-03   -0.12768857E-02   -0.16803856E-03   -0.12412257E-03   -0.53655098E-02
-0.11236463E-03    0.21653067E-03    0.53731255E-03    0.10029579E-04   -0.74221065E-03
 0.18215027E-04   -0.31204145E-04    0.20999865E-03   -0.38509166E-03    0.15328208E-02
 0.36563555E-03    0.31416991E-03    0.13158424E-03    0.25765973E-03   -0.69528467E-03
-0.76947393E-03   -0.61607910E-03    0.51703879E-03    0.62157620E-03   -0.16116989E-03
 0.35645491E-03    0.60722758E-03    0.65046617E-04    0.55629348E-04    0.18118183E-01
-0.41154346E-03    0.24449526E-02   -0.13459646E-02    0.84534514E-03    0.66915962E-03
 0.97504710E-03   -0.87715105E-04   -0.34494585E-04    0.45643634E-02   -0.28444376E-02
 0.39563653E-04    0.14176195E-02   -0.13433549E-03   -0.67399724E-03   -0.13099442E-03
-0.50911954E-03   -0.51250309E-02   -0.24202529E-02   -0.41801854E-02    0.51112181E-03
-0.52451465E-02   -0.26675141E-02    0.26730263E-02   -0.39215278E-03    0.61382401E-04
 0.11028887E+00   -0.35558102E-01    0.59118083E-02    0.59788154E-02   -0.53862306E-02
 0.43762769E-02   -0.46637590E-02   -0.14542143E-01   -0.16265068E-02    0.24189217E-02
 0.37985388E-03   -0.16557737E-01    0.41547126E-02    0.27827540E-01   -0.31904296E-02
-0.66636866E-03    0.43574542E-02    0.20998597E-02   -0.61969111E-02    0.19162749E-01
-0.22716874E-02    0.21096625E-02    0.25361954E-02    0.38505753E-03   -0.11649876E-03
-0.78761469E-03   -0.19960959E-03   -0.84513653E-04   -0.50440977E-04    0.19900706E-04
-0.21569353E-03    0.98406188E-04    0.28922754E-03    0.94345479E-04    0.86836106E-03
-0.68962580E-03    0.52380370E-03    0.38489988E-02   -0.18743802E-01    0.28766407E-02
-0.80292934E-04   -0.19119730E-03   -0.29517190E-03   -0.25023267E-03    0.53055848E-03
 0.56968407E-04    0.17359436E-05   -0.29523842E-04    0.41732750E-03   -0.16885123E-02
 0.34019139E-03   -0.22263072E-03   -0.82851027E-04   -0.10703284E-03   -0.14104365E-04
-0.14306019E-03    0.20226536E-02   -0.30607340E-03    0.69262301E-04   -0.27215672E-04
 0.10542698E-03   -0.21969903E-03   -0.75800784E-04   -0.58196477E-04   -0.20806609E-02
-0.14866188E-04    0.12048574E-03    0.28556795E-03    0.26223248E-03   -0.60968737E-04
-0.50688906E-04   -0.29109010E-05   -0.19473668E-04   -0.37822956E-03    0.50160724E-03
-0.88271559E-04    0.63159114E-04    0.69073631E-04    0.31960443E-04   -0.10593396E-03
 0.38100026E-04   -0.12220310E-02    0.19983625E-03    0.80163966E-04    0.38414656E-04
 0.70535767E-04    0.15101497E-03    0.20469205E-04    0.40727752E-04    0.42375270E-02
-0.24546426E-03    0.93310858E-03   -0.31471018E-03    0.12016718E-03    0.30533431E-03
 0.87002102E-04   -0.13251892E-03    0.10588132E-04    0.87426434E-03   -0.64044041E-03
 0.51269883E-03   -0.44966902E-03   -0.95336482E-04   -0.12284967E-03   -0.49043860E-03
 0.21452515E-03   -0.69977910E-03   -0.42092144E-02   -0.89265555E-03    0.40276012E-04
-0.11842367E-02   -0.56463967E-03    0.62086331E-03   -0.88025750E-04    0.51294635E-04
 0.24146588E-01   -0.19755041E-02    0.17154375E-01    0.18463328E-02    0.14145309E-02
 0.20540626E-02    0.16772730E-02   -0.26363900E-02   -0.41089485E-02    0.78399731E-03
-0.43727000E-04   -0.25940074E-02   -0.80033177E-03    0.18825786E-02    0.35304552E-02
 0.91704007E-03    0.94071790E-03    0.16694253E-03   -0.98347279E-02    0.42786254E-02
 0.13659715E-01   -0.60068022E-02    0.68417987E-02    0.11860056E-01    0.11618318E-02
-0.56272374E-03   -0.33863928E-02   -0.59887290E-03   -0.15880561E-03   -0.87402477E-05
 0.26601012E-03    0.24835053E-03   -0.37969036E-03   -0.10578734E-03   -0.98122384E-03
-0.62099034E-03    0.10295430E-02   -0.88200478E-03    0.44076930E-02   -0.53177859E-01
 0.96038983E-02    0.18595563E-03   -0.53611557E-03   -0.15569466E-02   -0.30202440E-03
 0.19279484E-02   -0.44046702E-05    0.10063457E-03   -0.78102622E-03    0.12039092E-02
-0.39749517E-02   -0.32659337E-03   -0.99866617E-03    0.10870903E-04   -0.58916852E-05
 0.45137668E-03    0.24764701E-03    0.24136703E-02   -0.28855564E-03   -0.17418479E-02
 0.36885597E-03   -0.41591816E-03   -0.13071672E-02   -0.17229259E-03   -0.16234676E-03
-0.73624732E-02   -0.13866002E-03    0.34211341E-03    0.74850378E-03   -0.48520055E-04
-0.91540999E-03    0.27227492E-05   -0.52797818E-04    0.29110061E-03   -0.11594235E-02
 0.30201411E-02    0.55264055E-03    0.51680240E-03    0.91949626E-04    0.19614639E-03
-0.41483290E-03   -0.11075432E-03   -0.10726385E-02    0.29449350E-03    0.66820500E-03
 0.11286051E-03    0.49631931E-03    0.51007481E-03    0.51861406E-04    0.77503123E-04
 0.31462425E-01   -0.42619284E-03    0.40498703E-02   -0.24654290E-02    0.13920696E-02
 0.10713506E-02    0.16352119E-02   -0.42822442E-04   -0.97266660E-04    0.80005955E-02
-0.51493348E-02    0.11129751E-02    0.24744957E-02   -0.26735911E-03   -0.12971121E-02
-0.50763454E-03    0.12513721E-02   -0.55798634E-02   -0.41325557E-02   -0.95348731E-02
 0.20437095E-03   -0.88514882E-02   -0.43751420E-02    0.44859909E-02   -0.72295594E-03
 0.14662804E-03    0.19593947E+00   -0.71924856E-01   -0.10310619E-01    0.97904055E-02
-0.13933706E-01    0.67182772E-02   -0.11683475E-01   -0.27137339E-01    0.20646419E-02
 0.43715318E-02    0.86284843E-03   -0.30363070E-01    0.11188001E-01    0.51297322E-01
-0.84699659E-02   -0.23859448E-02    0.79946500E-02    0.69213324E-02   -0.76726948E-02
 0.22771218E-01    0.40397518E-02    0.47115534E-01    0.23283139E-02   -0.11004412E-02
-0.38305527E-02   -0.26084672E-03    0.95515305E-04    0.11538779E-02    0.29690292E-03
 0.15914224E-03    0.69438520E-04   -0.98236162E-04    0.22381105E-03   -0.18052359E-03
 0.98604277E-04   -0.47669984E-03    0.39444235E-03   -0.24026261E-03    0.80414783E-04
 0.17964247E-03    0.16127491E-02   -0.42613903E-02   -0.12004694E-03   -0.13066043E-03
 0.20747895E-03    0.18948195E-03   -0.86512594E-03   -0.61499369E-04   -0.78224360E-05
 0.57798218E-04   -0.13654075E-03    0.74033981E-03    0.13587081E-03    0.10565399E-03
 0.43619186E-04   -0.21949390E-04   -0.27689597E-03   -0.27285846E-03   -0.12561474E-03
 0.54796134E-03    0.14301284E-02    0.61301615E-05   -0.18122018E-03    0.56235056E-03
 0.10494424E-03    0.21359971E-04    0.32565696E-02    0.92311191E-04    0.79688438E-04
-0.92379082E-04   -0.16985583E-03    0.34642132E-03    0.70234876E-04    0.13104692E-04
-0.16154331E-03    0.43226220E-04    0.54886193E-04   -0.26476680E-03   -0.45348772E-04
-0.35228830E-04   -0.29886328E-04    0.12480878E-03    0.10337624E-03    0.82702047E-04
-0.34130782E-03   -0.90014458E-03    0.26946465E-06    0.53430296E-04   -0.29429380E-03
-0.25570131E-04   -0.14659098E-04   -0.10150501E-02   -0.17682548E-04   -0.11877935E-03
 0.27376399E-03   -0.80524088E-04    0.83110628E-04    0.48902669E-03    0.94759082E-04
-0.23410691E-05   -0.60536746E-03    0.42787783E-05    0.32861930E-04   -0.22850385E-03
-0.43190115E-05   -0.76497779E-07   -0.61367835E-04    0.80744006E-04    0.19293704E-03
 0.13918699E-04   -0.51985627E-03   -0.29227749E-02    0.18930492E-03    0.20529206E-03
-0.73322144E-04    0.27930992E-04    0.17844531E-04   -0.30405811E-02   -0.31282726E-02
-0.75921638E-02    0.52789030E-03   -0.16476112E-02   -0.83457655E-03   -0.10819674E-02
-0.27276444E-03    0.54860038E-03   -0.30087636E-03    0.23461932E-04    0.55496119E-03
 0.99538253E-03    0.12588995E-02   -0.63187704E-03   -0.43458028E-03    0.83522268E-04
 0.78093008E-03    0.32605379E-02   -0.10387256E-02   -0.10069546E-02    0.19434409E-02
 0.85742917E-02   -0.72820879E-02    0.83795422E-02    0.14267089E-01    0.14412025E-02
-0.59797541E-03   -0.41428430E-02   -0.52095228E-03   -0.23524613E-03   -0.31582821E-03
 0.31447051E-03    0.22862773E-03   -0.38127343E-03    0.14430554E-03   -0.80739502E-03
-0.13056008E-02    0.14978798E-02   -0.13033203E-02    0.49542757E-02   -0.56981062E-01
 0.11730894E-01    0.45745366E-04   -0.48780080E-03   -0.25296059E-02   -0.36081770E-03
 0.17606271E-02    0.18862211E-03    0.10379121E-03   -0.13861372E-02    0.18652298E-02
-0.54895809E-02   -0.65035044E-03   -0.12631976E-02    0.15900526E-03    0.38654421E-03
 0.57953508E-03    0.23620619E-03    0.28452475E-02   -0.17465356E-02   -0.22279073E-02
 0.21690513E-02   -0.38725640E-03   -0.17825663E-02   -0.28568923E-03   -0.21920699E-03
-0.90160827E-02   -0.97805534E-04    0.32385554E-03    0.11743779E-02   -0.10528957E-03
-0.72254168E-03   -0.18036846E-03   -0.45815457E-04    0.71751300E-03   -0.15015422E-02
 0.39461935E-02    0.83248429E-03    0.74196674E-03    0.59976697E-04    0.37435947E-04
-0.49011868E-03    0.50181800E-04   -0.12363860E-02    0.14221081E-02    0.94194218E-03
-0.14515891E-02    0.41046458E-03    0.73677426E-03    0.14019343E-03    0.84496948E-04
 0.35308580E-01   -0.49618048E-03    0.47621323E-02   -0.30319711E-02    0.18170103E-02
 0.11683388E-02    0.22619820E-02   -0.36132727E-03   -0.78115145E-04    0.92220338E-02
-0.53330090E-02    0.14897693E-02    0.27905518E-02   -0.12730399E-03   -0.15216126E-02
-0.42947605E-03    0.14663058E-02   -0.60757582E-02   -0.46418659E-02   -0.77643096E-02
 0.91363481E-03   -0.14246120E-01   -0.56537657E-02    0.47405377E-02   -0.63560050E-03
 0.13817460E-03    0.21387953E+00   -0.81103883E-01   -0.16291251E-01    0.10312652E-01
-0.16848099E-01    0.83785026E-02   -0.14436727E-01   -0.29802690E-01    0.28437861E-02
 0.52289506E-02    0.96417220E-03   -0.34386388E-01    0.12279768E-01    0.55503530E-01
-0.96842668E-02   -0.32577257E-02    0.88764030E-02    0.75413752E-02   -0.62896470E-02
 0.24084079E-01    0.35979623E-02    0.43838297E-01    0.53567962E-03    0.60313340E-01
-0.45515519E-02    0.33944028E-02    0.81025323E-02    0.68689051E-03   -0.26708050E-03
-0.26189159E-02   -0.51087798E-03   -0.14429216E-03   -0.78720741E-04    0.23155066E-03
 0.96744426E-04   -0.75797188E-04    0.51188921E-04   -0.32145540E-03   -0.49782351E-03
 0.28694794E-04   -0.18184115E-03    0.30721426E-02   -0.29772236E-01    0.65184230E-02
 0.25246218E-03    0.80685672E-04   -0.12075038E-02   -0.31231121E-03    0.11902756E-02
 0.16866294E-03    0.52057850E-04   -0.37917112E-03    0.59525345E-03   -0.21855031E-02
-0.38515099E-03   -0.61224634E-03   -0.25217221E-05    0.70179612E-04    0.45165753E-03
 0.23187594E-03    0.16610734E-02   -0.87213400E-03   -0.15888179E-02    0.59411301E-03
 0.63256268E-03   -0.11853382E-02   -0.19573273E-03   -0.66323979E-04   -0.50994813E-02
-0.16634021E-03   -0.47812063E-04    0.52990317E-03    0.77446097E-04   -0.49603438E-03
-0.14381312E-03   -0.25103548E-04    0.27001721E-03   -0.56754635E-03    0.16426621E-02
 0.40198368E-03    0.38352753E-03    0.34644649E-04    0.12309472E-03   -0.31298455E-03
-0.72285222E-05   -0.71920280E-03    0.62679799E-03    0.68580863E-03   -0.32775217E-03
-0.29314022E-03    0.47208041E-03    0.16679526E-03    0.27542031E-04    0.17828144E-01
-0.42057056E-03    0.21970136E-02   -0.15009397E-02    0.86727472E-03    0.50420218E-03
 0.11355515E-02   -0.21486818E-03   -0.42072416E-04    0.44840215E-02   -0.27567924E-02
 0.75276416E-03    0.16509112E-02   -0.12661206E-03   -0.74685194E-03    0.29438796E-03
 0.64388080E-03   -0.32529895E-02   -0.22607135E-02   -0.40248676E-02    0.55887994E-03
-0.58805394E-02   -0.49463681E-02    0.24421422E-02   -0.34202311E-03    0.48543485E-04
 0.10573784E+00   -0.39814959E-01   -0.69410351E-02    0.53627812E-02   -0.76765359E-02
 0.39003941E-02   -0.69659399E-02   -0.14493021E-01    0.98465711E-03    0.27430898E-02
 0.44652537E-03   -0.16357168E-01    0.55805844E-02    0.25820657E-01   -0.51845620E-02
-0.15043839E-02    0.43606263E-02    0.24458275E-02   -0.33662318E-02    0.12447307E-01
 0.22200985E-02    0.22088020E-01   -0.10285202E-03    0.26556119E-01    0.18763302E-01
 0.75174349E-02   -0.64910292E-02   -0.13226674E-01   -0.12649857E-02    0.60347650E-03
 0.39910938E-02    0.80298641E-03    0.18609591E-03    0.23940179E-03   -0.19707939E-03
-0.19714517E-03    0.30063468E-03    0.19006971E-03    0.56276658E-03    0.42113900E-03
-0.23475177E-02    0.13720129E-02   -0.10466367E-02    0.39368097E-01   -0.11465149E-01
-0.28817473E-03    0.31666734E-03    0.22726911E-02    0.63798598E-03   -0.18461294E-02
-0.11541288E-03   -0.95408616E-04    0.83874882E-03   -0.11491975E-02    0.38082959E-02
 0.39735685E-03    0.98718746E-03    0.15390350E-03   -0.57759114E-03   -0.90465435E-03
-0.48789330E-03   -0.22826970E-02    0.16824461E-02    0.22050551E-02   -0.67642363E-03
 0.33629858E-03    0.31418173E-02    0.33399295E-03    0.16130539E-03    0.87807734E-02
 0.16586783E-03   -0.27826753E-03   -0.11432257E-02   -0.23530900E-03    0.82672392E-03
 0.10093334E-03    0.67567972E-04   -0.33231939E-03    0.10362424E-02   -0.23434058E-02
-0.76524587E-03   -0.51635256E-03   -0.10736348E-03    0.71372652E-04    0.66398271E-03
 0.31220221E-03    0.10711847E-02   -0.10398773E-02   -0.97169226E-03    0.39220640E-03
-0.44088250E-03   -0.16627007E-02   -0.10616907E-03   -0.87311214E-04   -0.27710192E-01
 0.72400061E-03   -0.34139071E-02    0.19388800E-02   -0.23376238E-02   -0.12691763E-02
-0.16882357E-02    0.73990388E-04    0.99498127E-04   -0.70591764E-02    0.44535588E-02
 0.40198131E-04   -0.22752182E-02    0.19037967E-03    0.73413335E-03    0.81063780E-03
-0.10940584E-02    0.50620315E-02    0.37610512E-02    0.66007254E-02   -0.67932694E-03
 0.81062189E-02    0.38910525E-02   -0.69218183E-02    0.60248385E-03   -0.12646103E-03
-0.17073880E+00    0.59707090E-01    0.46212798E-02   -0.88216761E-02    0.10457759E-01
-0.54053418E-02    0.12438612E-01    0.24349414E-01    0.13897002E-03   -0.39488044E-02
-0.75661819E-03    0.26010907E-01   -0.89275458E-02   -0.46062977E-01    0.68280661E-02
 0.19330820E-02   -0.57044063E-02   -0.65192427E-02    0.85609180E-02   -0.20309055E-01
-0.46555162E-02   -0.35971212E-01    0.29848542E-03   -0.38351287E-01   -0.19230850E-01
 0.39309978E-01   -0.11433707E-02    0.21588320E-02    0.32575905E-02    0.28625402E-03
-0.13252527E-03   -0.90030045E-03   -0.28689384E-04   -0.16707147E-04   -0.42504381E-04
 0.85936164E-04    0.15789512E-03   -0.10717952E-03   -0.31311359E-04   -0.39366593E-03
-0.76452591E-03    0.19523237E-03   -0.40886794E-03    0.12771461E-02   -0.14606643E-01
 0.22213163E-02    0.10299317E-03   -0.19172275E-03   -0.53344528E-03    0.60886667E-04
 0.22579673E-03    0.70177348E-04    0.20796222E-04   -0.26298275E-03    0.36203723E-03
-0.14625091E-02   -0.32037261E-03   -0.33746485E-03    0.43829326E-04    0.16900031E-03
 0.32786916E-04    0.25059741E-05    0.70526600E-03   -0.25725128E-03   -0.56328042E-03
 0.17216616E-03   -0.16728662E-03   -0.38412884E-03    0.36913683E-03   -0.41977891E-04
-0.16937512E-02   -0.53668157E-04    0.10673380E-03    0.24703298E-03   -0.13531483E-03
-0.50654025E-04   -0.15896395E-04   -0.13493413E-04    0.10480598E-03   -0.31609855E-03
 0.12515377E-02    0.18876786E-03    0.21179060E-03    0.19072423E-04   -0.66117787E-04
-0.76706266E-04    0.66407237E-04   -0.34443341E-03    0.28922914E-03    0.21357271E-03
 0.41117686E-04    0.27776509E-03    0.15491988E-03   -0.10084274E-03    0.16523027E-04
 0.10353450E-01   -0.90526287E-05    0.12881159E-02   -0.83482278E-03    0.52180565E-03
 0.29924983E-03    0.73985031E-03   -0.86109208E-04   -0.17486013E-04    0.25794029E-02
-0.16587522E-02    0.49574258E-03    0.94041716E-03   -0.49235168E-04   -0.43054607E-03
-0.13976886E-03    0.64784293E-03   -0.17778787E-02   -0.12644513E-02   -0.25124018E-02
 0.26225563E-03   -0.29356282E-02   -0.14193015E-02    0.14621700E-02   -0.95737231E-03
 0.35803465E-04    0.63459980E-01   -0.27529780E-01   -0.13334380E-01    0.27335922E-02
-0.66531399E-02    0.16257079E-02   -0.57013612E-02   -0.92621021E-02    0.26174205E-02
 0.15990175E-02    0.31057103E-03   -0.10212669E-01    0.46898741E-02    0.17610557E-01
-0.46343860E-02   -0.15000870E-02    0.25687457E-02    0.31676454E-02    0.15153272E-02
 0.64357334E-02   -0.68127823E-03    0.14032021E-01    0.81243563E-03    0.15518838E-01
 0.77013949E-02   -0.11826924E-01    0.78981349E-02    0.25395174E-03   -0.38533592E-03
-0.58367894E-03   -0.50671292E-04    0.25171014E-04    0.15541608E-03    0.16294479E-04
 0.83181647E-05   -0.55995766E-06   -0.39572291E-05   -0.29280546E-04    0.15824428E-04
-0.65117944E-05    0.67847581E-04    0.68234620E-04   -0.82965280E-04    0.51080771E-04
-0.14806122E-03    0.20958347E-02   -0.41228439E-03    0.34492598E-05    0.42327741E-04
 0.72762224E-04    0.31011660E-05   -0.73696630E-04   -0.47151150E-05   -0.37150055E-05
 0.71953357E-04   -0.86013029E-04    0.19158910E-03    0.38909142E-04    0.53835367E-04
-0.16748366E-04   -0.52960487E-04   -0.31085430E-04   -0.19560445E-04   -0.12369241E-03
 0.69074008E-04    0.90954901E-04   -0.56123177E-04    0.49761898E-04    0.68288005E-04
 0.48341674E-05    0.19625405E-04    0.31905247E-03   -0.38752713E-05   -0.29786414E-04
-0.32292241E-04    0.12281280E-04    0.36660923E-04    0.70318684E-05    0.11738661E-05
-0.83424628E-05    0.83023698E-04   -0.14867320E-03   -0.29381076E-04   -0.27726713E-04
 0.63582823E-05    0.37250647E-04    0.15138361E-04    0.81978924E-06    0.68757768E-04
-0.54071100E-04   -0.40303582E-04   -0.80158787E-05   -0.43900960E-04   -0.22113611E-04
-0.22981152E-05   -0.13694200E-04   -0.14320839E-02    0.27641725E-04   -0.20900093E-03
 0.11287110E-03   -0.60319554E-04   -0.52482380E-04   -0.99489503E-04    0.84971776E-05
 0.10187588E-05   -0.38149159E-03    0.23940226E-03   -0.44796862E-04   -0.11324391E-03
 0.14234162E-04    0.76265719E-04    0.99702530E-04   -0.68369827E-04    0.23875021E-03
 0.21168612E-03    0.36389953E-03   -0.14681931E-04    0.42588472E-03    0.18704521E-03
-0.21023672E-03    0.30028617E-04   -0.23993773E-04   -0.89476032E-02    0.35735935E-02
 0.13494842E-02   -0.44282222E-03    0.88622141E-03   -0.25357771E-03    0.67870715E-03
 0.13131806E-02   -0.21639143E-03   -0.21414818E-03   -0.38246438E-04    0.14564046E-02
-0.62711970E-03   -0.24628086E-02    0.48731900E-03    0.14710873E-03   -0.40862258E-03
-0.66209297E-03   -0.12420588E-04   -0.90255568E-03   -0.70993572E-04   -0.19707380E-02
-0.11933430E-03   -0.21540848E-02   -0.99958610E-03    0.16617596E-02   -0.74304367E-03
 0.15540079E-03   -0.15133208E-01    0.96313677E-02    0.26875556E-01    0.20801035E-02
-0.74779437E-03   -0.81173517E-02   -0.19557186E-02   -0.66629979E-03   -0.23952622E-03
 0.86525292E-04   -0.39981158E-03    0.15553049E-02   -0.78070710E-03    0.17550638E-02
-0.22328628E-02   -0.10884813E-02   -0.20940719E-03    0.15305689E-02   -0.14261799E-01
 0.28795103E-01    0.41961183E-03    0.44491973E-03   -0.21463324E-02   -0.14153573E-02
 0.49324875E-02    0.57130143E-03    0.98951625E-04   -0.10070047E-02    0.23822689E-02
-0.34457145E-02   -0.19103535E-02   -0.12061039E-02    0.98065732E-04    0.78937563E-03
 0.26328336E-02    0.16412879E-02    0.37477191E-02   -0.26668530E-02   -0.33650145E-02
 0.38555364E-03   -0.19871559E-03   -0.36196427E-02   -0.64019964E-03   -0.26916039E-03
-0.22313231E-01   -0.12987323E-03   -0.43784496E-03    0.11165655E-02    0.55421778E-03
-0.25471457E-02   -0.27380704E-03   -0.55825302E-04    0.99734553E-03   -0.15612342E-02
 0.20696372E-02    0.15699327E-02    0.58485511E-03    0.34303319E-04   -0.28489856E-04
-0.14106722E-02   -0.81652275E-03   -0.16126707E-02    0.15780273E-02    0.19927479E-02
-0.15728291E-03    0.40908834E-03    0.19652640E-02    0.18935130E-03    0.12681123E-03
 0.12646019E-01   -0.32125614E-02    0.18133393E-02   -0.16679398E-02    0.55369806E-03
 0.31476362E-03   -0.50038661E-03   -0.12936238E-03   -0.51557053E-04    0.41541298E-02
-0.20903459E-02   -0.42489168E-04    0.14538923E-02   -0.13196654E-04   -0.48900609E-03
 0.11394360E-03    0.72403947E-04   -0.22419539E-02   -0.17471562E-02   -0.23793196E-02
 0.17096933E-02   -0.38688552E-02   -0.19541912E-02    0.23635610E-02   -0.17802598E-03
 0.63855860E-04    0.47065152E-01   -0.10063886E-01    0.78162821E-02    0.31138461E-02
-0.92630925E-03    0.30887715E-02   -0.91247738E-03   -0.52236151E-02    0.23810947E-03
 0.12831094E-02    0.15832482E-03   -0.81839288E-02    0.17731655E-02    0.12933049E-01
-0.10381732E-02   -0.13602199E-03    0.17118678E-02   -0.20789147E-03   -0.57341656E-02
 0.55900043E-02    0.22363833E-02    0.77181211E-02   -0.34788953E-02    0.93973881E-02
 0.52196247E-02   -0.92125090E-02    0.17565763E-02   -0.32783874E-03    0.23665485E-01
 0.21022423E-02   -0.17184228E-02   -0.37730846E-02   -0.33300374E-03    0.17085164E-03
 0.10849389E-02    0.31167655E-03    0.72240189E-04    0.86861913E-04   -0.43805630E-04
 0.60252932E-04   -0.28454770E-03    0.15635386E-03   -0.43039031E-03    0.58111625E-03
-0.59252808E-04    0.14513156E-03   -0.46756848E-04    0.25401844E-02   -0.51881307E-02
-0.72327345E-04    0.70599515E-04    0.33409518E-03    0.20182827E-03   -0.53010354E-03
-0.19594568E-04   -0.24637227E-04    0.10907887E-03   -0.42654026E-03    0.80459930E-03
 0.27218007E-03    0.18482788E-03   -0.11898942E-04   -0.14317474E-03   -0.30594442E-03
-0.32661597E-03   -0.48135975E-03    0.36260508E-03    0.40221865E-03   -0.12845774E-03
 0.26396741E-04    0.47630185E-03    0.72444751E-04    0.51724798E-04    0.38985062E-02
-0.17140270E-04   -0.29202149E-05   -0.14648784E-03   -0.28734333E-05    0.39812281E-03
 0.26080024E-04    0.12275871E-04   -0.16817237E-03    0.28913521E-03   -0.42810886E-03
-0.27439174E-03   -0.80299841E-04   -0.14502664E-04   -0.11205818E-04    0.12410233E-03
 0.80351313E-04    0.17934440E-03   -0.18978295E-03   -0.31694484E-03    0.42817386E-04
-0.12811712E-03   -0.25447479E-03   -0.18052154E-04   -0.22003769E-04   -0.19211696E-02
-0.91439216E-03   -0.27000163E-03    0.27388643E-03   -0.11138767E-03    0.19780984E-04
 0.12522103E-03   -0.29517994E-05    0.13907394E-04   -0.80116211E-03    0.31224162E-03
 0.23960848E-04   -0.21270350E-03    0.17607291E-04    0.69252162E-04   -0.11938334E-03
-0.53058123E-04    0.25938909E-03    0.17696677E-03    0.33789779E-03   -0.46485087E-03
 0.60327046E-03    0.26449657E-03   -0.34292882E-03    0.57028999E-04   -0.63515801E-05
-0.85405225E-02    0.87377730E-03   -0.21820197E-02    0.23895759E-02   -0.48690262E-04
-0.63941791E-03   -0.85064201E-04    0.67377609E-03   -0.47137937E-04   -0.17018486E-03
-0.43284729E-04    0.16454103E-02   -0.90074517E-04   -0.25604731E-02   -0.97895687E-04
-0.53886849E-04   -0.28598082E-03    0.31116841E-03    0.14699626E-02   -0.82760795E-03
-0.30372790E-03   -0.11679655E-02    0.10934940E-02   -0.15844638E-02   -0.77052477E-03
 0.14252672E-02   -0.28329981E-03    0.41130789E-04   -0.43139189E-02    0.23402687E-02
-0.16707806E-01    0.97766434E-02    0.25866714E-01    0.21806865E-02   -0.88796675E-03
-0.89998663E-02   -0.23272120E-02   -0.70260894E-03   -0.14833952E-03    0.14407424E-03
-0.31869853E-03    0.16041925E-02   -0.69679749E-03    0.15142163E-02   -0.19620667E-02
 0.75251214E-04   -0.81263403E-03    0.24320767E-02   -0.21437484E-01    0.23905539E-01
 0.38515215E-03   -0.69765198E-05   -0.22754575E-02   -0.12102463E-02    0.48832136E-02
 0.28920130E-03    0.12321303E-03   -0.91215790E-03    0.24734739E-02   -0.49233248E-02
-0.16155386E-02   -0.12571678E-02   -0.10351092E-03    0.44335824E-03    0.27619448E-02
 0.13412461E-02    0.43030898E-02   -0.27766253E-02   -0.37722799E-02    0.58864743E-04
-0.50906065E-03   -0.33072813E-02   -0.70387057E-03   -0.28882960E-03   -0.18518254E-01
-0.15424473E-03   -0.57416811E-04    0.12130348E-02    0.68835837E-03   -0.23301912E-02
-0.71339498E-04   -0.89470572E-04    0.74324956E-03   -0.17745455E-02    0.26485395E-02
 0.13914800E-02    0.63205064E-03    0.17160608E-03    0.41666213E-04   -0.14895239E-02
-0.75868913E-03   -0.19692509E-02    0.16913650E-02    0.19005790E-02   -0.41200208E-04
 0.55476502E-03    0.19790277E-02    0.21411381E-03    0.14763365E-03    0.19061711E-01
-0.31055750E-02    0.25777230E-02   -0.19895174E-02    0.87571132E-03    0.73840881E-03
 0.21019393E-03   -0.11816346E-03   -0.63258141E-04    0.54830612E-02   -0.31568795E-02
 0.96377982E-04    0.19188291E-02   -0.96225021E-04   -0.71761249E-03   -0.81152293E-04
 0.51780533E-03   -0.33357574E-02   -0.27925613E-02   -0.39768526E-02    0.14335946E-02
-0.57120287E-02   -0.30940143E-02    0.31574259E-02   -0.32836608E-03    0.94089654E-04
 0.75785337E-01   -0.21522330E-01    0.58126426E-02    0.58803566E-02   -0.30566590E-02
 0.37569436E-02   -0.30973996E-02   -0.95271419E-02    0.12604526E-03    0.18231939E-02
 0.26813868E-03   -0.12218596E-01    0.34270095E-02    0.19433805E-01   -0.19018372E-02
-0.57153088E-03    0.28948257E-02    0.10677541E-02   -0.68952713E-02    0.91571733E-02
 0.31586233E-02    0.13797153E-01   -0.28162414E-02    0.16178572E-01    0.88963064E-02
-0.14200166E-01    0.37789626E-02   -0.62628451E-03    0.19395519E-01   -0.29643372E-02
 0.25523400E-01    0.11504957E-01   -0.89617205E-02   -0.19441075E-01   -0.17532122E-02
 0.76177662E-03    0.62730910E-02    0.13384806E-02    0.52950439E-03    0.12146848E-03
-0.14474948E-03    0.24269200E-03   -0.10954808E-02    0.49274481E-03   -0.11298669E-02
 0.14777010E-02   -0.99016416E-04    0.74937063E-03   -0.19878282E-02    0.17167782E-01
-0.17897158E-01   -0.24910971E-03    0.34463489E-03    0.17371730E-02    0.70100291E-03
-0.35665003E-02   -0.22012590E-03   -0.10108478E-03    0.86068184E-03   -0.22142262E-02
 0.47869838E-02    0.12690876E-02    0.10389211E-02    0.49503438E-04   -0.16855364E-03
-0.18896963E-02   -0.11047407E-02   -0.34389836E-02    0.20714029E-02    0.26196692E-02
-0.22851394E-03    0.60826284E-03    0.23714015E-02    0.40840353E-03    0.24257538E-03
 0.13768086E-01    0.13071768E-03   -0.16788690E-03   -0.88048604E-03   -0.29172256E-03
 0.17143608E-02    0.59902314E-04    0.68357638E-04   -0.59242854E-03    0.15518906E-02
-0.27002307E-02   -0.10362203E-02   -0.51965979E-03   -0.14292068E-03   -0.15300857E-03
 0.10908476E-02    0.58710787E-03    0.15675487E-02   -0.13913474E-02   -0.13349277E-02
 0.43666799E-04   -0.62596613E-03   -0.13546818E-02   -0.14425225E-03   -0.11945565E-03
-0.15327739E-01    0.21901098E-02   -0.20719417E-02    0.15226257E-02   -0.67055450E-03
-0.50670488E-03   -0.28158333E-03    0.10111118E-03    0.50663307E-04   -0.43996180E-02
 0.25457518E-02   -0.33117041E-03   -0.14966359E-02    0.58219245E-04    0.57498448E-03
 0.48855950E-04   -0.45048471E-03    0.26815790E-02    0.22951535E-02    0.32173026E-02
-0.10512175E-02    0.45751260E-02    0.23621390E-02   -0.24150760E-02    0.29310608E-03
-0.75171994E-04   -0.59986298E-01    0.18031302E-01   -0.40021820E-02   -0.43576470E-02
 0.26943412E-02   -0.29304530E-02    0.25098151E-02    0.74659490E-02   -0.97168520E-04
-0.14695902E-02   -0.22219006E-03    0.98869927E-02   -0.28894666E-02   -0.15015821E-01
 0.16236899E-02    0.49037997E-03   -0.23333033E-02   -0.91512656E-03    0.53158836E-02
-0.72909239E-02   -0.25992316E-02   -0.11170290E-01    0.20727191E-02   -0.13168542E-01
-0.69622836E-02    0.11187090E-01   -0.31700030E-02    0.50852850E-03   -0.14488538E-01
 0.22904299E-02   -0.18984662E-01    0.14770084E-01   -0.86322737E-02    0.69321590E-02
 0.14313502E-01    0.13249735E-02   -0.62023470E-03   -0.45982679E-02   -0.99804326E-03
-0.40864567E-03   -0.78154924E-04    0.10698226E-03   -0.17969082E-03    0.81388081E-03
-0.38423118E-03    0.84845716E-03   -0.11081532E-02    0.13604123E-03   -0.73520353E-03
 0.16030833E-02   -0.13382841E-01    0.13335187E-01    0.19717708E-03   -0.32556600E-03
-0.13546811E-02   -0.49736240E-03    0.26502846E-02    0.15360985E-03    0.79948203E-04
-0.63626020E-03    0.17411572E-02   -0.37557269E-02   -0.88634449E-03   -0.79961134E-03
-0.51649012E-04    0.74160504E-04    0.14101754E-02    0.81925906E-03    0.26408602E-02
-0.15927978E-02   -0.19231625E-02    0.20371472E-03   -0.53921900E-03   -0.17535252E-02
-0.29711689E-03   -0.18517855E-03   -0.10283098E-01   -0.12851348E-03    0.18085312E-03
 0.65226114E-03    0.20254894E-03   -0.13094220E-02   -0.23650198E-04   -0.57888741E-04
 0.44061192E-03   -0.12553961E-02    0.21491597E-02    0.71438527E-03    0.41354442E-03
 0.13751267E-03    0.17801263E-03   -0.81148846E-03   -0.40640239E-03   -0.12312378E-02
 0.11230050E-02    0.10059228E-02   -0.47214074E-04    0.52179659E-03    0.10481868E-02
 0.94460359E-04    0.90525348E-04    0.12115501E-01   -0.15941411E-02    0.16225356E-02
-0.11818863E-02    0.54469349E-03    0.39661217E-03    0.29649346E-03   -0.84338587E-04
-0.37390665E-04    0.34639681E-02   -0.20112498E-02    0.21541233E-03    0.11813544E-02
-0.45867209E-04   -0.45410812E-03   -0.39674802E-04    0.36192672E-03   -0.21296685E-02
-0.18186317E-02   -0.25459352E-02    0.76971012E-03   -0.36665758E-02   -0.18598800E-02
 0.18601064E-02   -0.22718236E-03    0.56868474E-04    0.46809516E-01   -0.14588270E-01
 0.28415431E-02    0.33070445E-02   -0.21844152E-02    0.22794965E-02   -0.20719550E-02
-0.58881716E-02    0.11986117E-04    0.11594295E-02    0.17249602E-03   -0.78183407E-02
 0.22986528E-02    0.11741618E-01   -0.13712411E-02   -0.39526527E-03    0.18388476E-02
 0.74714006E-03   -0.39981161E-02    0.57776927E-02    0.20231891E-02    0.88338581E-02
-0.15077494E-02    0.10497926E-01    0.54936000E-02   -0.87745302E-02    0.25305375E-02
-0.40079246E-03    0.10817344E-01   -0.17022703E-02    0.14388960E-01   -0.11374461E-01
 0.90274791E-02    0.34169110E-02   -0.26482209E-02   -0.51910745E-02   -0.55060080E-03
 0.23293305E-03    0.16797950E-02    0.40428436E-03    0.10751857E-03    0.69116903E-04
-0.76597581E-04   -0.25112727E-05   -0.15342122E-03    0.82762870E-04   -0.74795410E-04
 0.38140163E-03   -0.38500075E-03    0.41097085E-03   -0.10450382E-02    0.11631248E-01
-0.49305254E-02   -0.94152507E-04    0.15965463E-03    0.62959355E-03    0.25350266E-03
-0.85468133E-03   -0.47150905E-04   -0.34210815E-04    0.32960653E-03   -0.62270976E-03
 0.15048189E-02    0.32884989E-03    0.33858942E-03    0.14445689E-04   -0.94867808E-04
-0.40350015E-03   -0.16480727E-03   -0.10010845E-02    0.60841872E-03    0.78156833E-03
-0.10279006E-03    0.22270530E-03    0.68949583E-03    0.10656324E-03    0.72232693E-04
 0.38050324E-02    0.51416711E-04   -0.10853101E-03   -0.31150592E-03   -0.11085162E-03
 0.34780190E-03    0.22292252E-04    0.21064016E-04   -0.20864258E-03    0.47502570E-03
-0.91969744E-03   -0.31405576E-03   -0.19064377E-03   -0.39100720E-04   -0.20843533E-04
 0.22837405E-03    0.82333046E-04    0.45438114E-03   -0.39381169E-03   -0.39065550E-03
 0.11469560E-04   -0.20401324E-03   -0.36120931E-03   -0.28416319E-04   -0.36976837E-04
-0.84313956E-02    0.39772024E-03   -0.11384469E-02    0.73956549E-03   -0.38092320E-03
-0.31536671E-03   -0.45158012E-03    0.61864944E-04    0.22643172E-04   -0.22768503E-02
 0.13131291E-02   -0.20763887E-03   -0.73061493E-03    0.52766387E-04    0.33715692E-03
 0.71587024E-04   -0.34292543E-03    0.14567882E-02    0.11329919E-02    0.18844797E-02
-0.34320616E-03    0.24813320E-02    0.12107987E-02   -0.11948671E-02    0.18041038E-03
-0.35821909E-04   -0.43659466E-01    0.14968065E-01    0.94317350E-03   -0.22868707E-02
 0.28297160E-02   -0.17196833E-02    0.24375156E-02    0.58953942E-02   -0.16286849E-03
-0.10437913E-02   -0.18307434E-03    0.69255014E-02   -0.22375143E-02   -0.11309721E-01
 0.17367973E-02    0.52677285E-03   -0.17405858E-02   -0.13060169E-02    0.23279061E-02
-0.50161172E-02   -0.10797941E-02   -0.87872904E-02    0.39893756E-03   -0.98530638E-02
-0.49422468E-02    0.78891069E-02   -0.29076572E-02    0.41413404E-03   -0.40002869E-02
 0.68422107E-03   -0.57775507E-02    0.44916720E-02   -0.34761768E-02    0.24965796E-02
-0.11305868E-03    0.50090285E-03    0.67086151E-03    0.81275106E-04   -0.21770414E-04
-0.14911684E-03    0.47244263E-04    0.67161829E-05   -0.36486654E-04    0.13948163E-04
 0.11215956E-03    0.62780252E-06   -0.44614496E-04   -0.95394494E-04   -0.43377573E-03
 0.14331275E-03   -0.12202483E-03    0.31026040E-03   -0.20881462E-02    0.21148648E-03
-0.41981951E-06   -0.72608608E-04   -0.14773920E-03    0.10656292E-04   -0.90233019E-04
 0.85083241E-05    0.13343134E-04   -0.16184576E-03    0.78843023E-04   -0.18464177E-03
-0.45724489E-04   -0.10037782E-03    0.16019173E-04    0.69897459E-04    0.39045331E-04
 0.90003741E-05    0.14901041E-03   -0.10455485E-03   -0.21219667E-03    0.74428598E-04
-0.75232943E-04   -0.81217095E-04    0.28381728E-04   -0.10324365E-04   -0.20262481E-03
-0.85906945E-05    0.66499097E-04    0.64050600E-04   -0.36365910E-04    0.53473620E-04
-0.90661861E-05   -0.51153702E-05    0.46812965E-04   -0.11694003E-03    0.29340122E-03
 0.27312006E-04    0.62235874E-04    0.64305660E-05   -0.39133517E-04   -0.18935256E-04
 0.10384714E-04   -0.98008211E-04    0.10130425E-03    0.60855825E-04    0.13140385E-04
 0.37190483E-04    0.55722791E-04   -0.12756952E-04    0.22409830E-05    0.29510618E-02
-0.71579760E-04    0.37833289E-03   -0.22098295E-03    0.15956653E-03    0.13228829E-03
 0.25486634E-03   -0.13474390E-04   -0.98203985E-05    0.72457931E-03   -0.42578721E-03
 0.12299005E-03    0.24884841E-03   -0.40651049E-05   -0.12796289E-03   -0.44835898E-04
 0.14348533E-03   -0.50645209E-03   -0.32618150E-03   -0.71801731E-03    0.81801893E-04
-0.88303647E-03   -0.40822046E-03    0.41478409E-03   -0.68078939E-04    0.50138857E-05
 0.14651562E-01   -0.93736732E-02   -0.93483784E-02    0.68010429E-03   -0.30406976E-02
-0.53649449E-04   -0.24405940E-02   -0.26402614E-02    0.19735330E-02    0.40643663E-03
 0.12126419E-03   -0.27690771E-02    0.18381052E-02    0.50399925E-02   -0.17905191E-02
-0.75440065E-03    0.62421060E-03    0.14486409E-02    0.33247287E-02    0.98842925E-03
-0.13094025E-02    0.36912392E-02    0.60685680E-03    0.45620039E-02    0.21543343E-02
-0.28770456E-02    0.21734834E-02   -0.25218237E-03    0.16827092E-03    0.54261310E-04
 0.81980953E-03   -0.71597129E-03    0.59159351E-03   -0.80701699E-03    0.12446021E-02
 0.14473338E-02   -0.11549383E-03    0.49087071E-03   -0.88999643E-04    0.45762055E-04
 0.92677488E-04    0.28745974E-03    0.12172156E-03    0.10120875E-03   -0.41215394E-04
 0.38936165E-03   -0.83452933E-04   -0.61315760E-03   -0.51536085E-03   -0.33943484E-02
-0.34535468E-04    0.13565268E-03    0.70097785E-03   -0.12878048E-02   -0.16131178E-02
 0.70690682E-04   -0.69138616E-05   -0.16127258E-03    0.27264187E-03   -0.44117282E-03
 0.11084961E-04    0.22302868E-04   -0.32826103E-03    0.78510119E-04    0.26469785E-03
 0.21443812E-03   -0.18090102E-03    0.82249249E-04    0.31975925E-03   -0.90326359E-04
-0.10607803E-03   -0.13461315E-03    0.14702514E-03   -0.31813315E-03    0.27366420E-03
 0.46088544E-04    0.20719947E-04    0.12538146E-03    0.21663183E-04    0.11393710E-02
 0.16847418E-04    0.19089009E-05   -0.19857979E-04   -0.26130962E-03    0.16150939E-03
-0.17001802E-04   -0.86471066E-05    0.46537948E-04   -0.23351250E-03    0.39168595E-03
-0.73224550E-04    0.12873884E-03   -0.33117326E-04   -0.29672731E-03    0.35538946E-04
 0.10541729E-03   -0.90455820E-04    0.13963753E-05   -0.96694340E-04    0.21359459E-04
-0.56068012E-04    0.27797939E-05   -0.18656701E-04   -0.14935901E-04    0.53931316E-02
-0.28139731E-04    0.61592725E-03   -0.34353795E-03    0.41458654E-03    0.31017196E-03
 0.70219325E-03   -0.92011892E-04   -0.18217793E-04    0.11033014E-02   -0.10685126E-02
 0.27386975E-03    0.32440999E-03   -0.34725490E-04   -0.21814159E-03   -0.17718747E-03
 0.30667802E-03   -0.10024156E-02   -0.51566407E-03   -0.15162027E-02   -0.67215136E-04
-0.17933556E-02   -0.86301509E-03    0.92007464E-03   -0.90067377E-04    0.83688865E-05
 0.31412305E-01   -0.28137173E-01   -0.38162076E-01    0.94578921E-03   -0.10500261E-01
-0.14918924E-02   -0.83890521E-02   -0.67080171E-02    0.82360604E-02    0.10663979E-02
 0.35679185E-03   -0.65783640E-02    0.63552451E-02    0.12590325E-01   -0.58872292E-02
-0.26611504E-02    0.14048847E-02    0.51865922E-02    0.15398821E-01    0.76594841E-03
-0.59513361E-02    0.93120309E-02    0.26738976E-02    0.12333927E-01    0.55822943E-02
-0.65059812E-02    0.69474798E-02   -0.78413710E-03   -0.13672749E-02    0.49484889E-03
 0.95578546E-04   -0.27233145E-03    0.31190594E-03   -0.14533847E-02    0.37896970E-02
 0.18310627E-01    0.93703883E-02   -0.70479552E-02   -0.15190642E-01   -0.13400746E-02
 0.62298260E-03    0.49196308E-02    0.11154306E-02    0.44324342E-03    0.13715166E-03
-0.10621077E-03    0.17978614E-03   -0.86575287E-03    0.38278921E-03   -0.89322980E-03
 0.11973578E-02    0.35260131E-04    0.56929742E-03   -0.16370283E-02    0.13991423E-01
-0.14264305E-01   -0.24247828E-03    0.25931599E-03    0.17185275E-02    0.45588625E-03
-0.26643082E-02   -0.24497256E-03   -0.76109815E-04    0.94750830E-03   -0.19932996E-02
 0.36527147E-02    0.69267763E-03    0.92909029E-03    0.31394627E-04   -0.20778816E-03
-0.15095319E-02   -0.59273755E-03   -0.30398959E-02    0.17763638E-02    0.19531940E-02
-0.33109422E-03    0.51955221E-03    0.19603709E-02    0.33574995E-03    0.18951954E-03
 0.11004869E-01    0.15266764E-03   -0.15142246E-03   -0.95765107E-03   -0.17429867E-03
 0.12171936E-02    0.90653722E-04    0.52020410E-04   -0.73082236E-03    0.14074883E-02
-0.21142916E-02   -0.58124406E-03   -0.49770197E-03   -0.11080544E-03   -0.45051720E-04
 0.84761744E-03    0.22020085E-03    0.14847256E-02   -0.11989283E-02   -0.96849593E-03
 0.16276097E-03   -0.49287709E-03   -0.11729727E-02   -0.11438448E-03   -0.94511526E-04
-0.12659884E-01    0.17219617E-02   -0.17177209E-02    0.12561497E-02   -0.70242609E-03
-0.38324971E-03   -0.28889990E-03    0.10033774E-03    0.36991903E-04   -0.37433690E-02
 0.21140759E-02   -0.29307235E-03   -0.11253739E-02    0.87135626E-05    0.49124977E-03
 0.56901862E-04   -0.35193203E-03    0.21351193E-02    0.19801006E-02    0.26026992E-02
-0.78950815E-03    0.38813373E-02    0.19887804E-02   -0.19974474E-02    0.24267034E-03
-0.59608465E-04   -0.49478924E-01    0.15177318E-01   -0.30667555E-02   -0.35152743E-02
 0.23068076E-02   -0.24138825E-02    0.23509207E-02    0.61674460E-02    0.68335989E-04
-0.12462755E-02   -0.17639255E-03    0.84008608E-02   -0.23367801E-02   -0.12369154E-01
 0.13396110E-02    0.47233008E-03   -0.19565872E-02   -0.81347504E-03    0.42304739E-02
-0.59610980E-02   -0.21958217E-02   -0.91737958E-02    0.15999874E-02   -0.11082182E-01
-0.58413008E-02    0.93045522E-02   -0.26719858E-02    0.41857517E-03   -0.11512622E-01
 0.18098351E-02   -0.15183516E-01    0.11875775E-01   -0.92938114E-02    0.36527189E-02
-0.61721292E-03   -0.30613210E-03    0.10535160E-01   -0.10583641E-02    0.47411469E-03
 0.18160599E-02    0.10933310E-03   -0.44507202E-04   -0.63849756E-03   -0.16464861E-03
-0.58060294E-04    0.18395886E-04   -0.22056625E-04   -0.74039909E-04    0.21888027E-03
-0.82735351E-04    0.25648202E-03   -0.16195859E-03   -0.36577857E-03    0.15736216E-03
-0.10903124E-03    0.34856688E-02    0.16640886E-02    0.60824696E-04    0.15032171E-04
 0.34543672E-04   -0.58715268E-04    0.46355563E-03    0.34892526E-04    0.25715393E-05
 0.69392573E-04    0.22973933E-03   -0.74406807E-04   -0.14763931E-03   -0.10989752E-04
-0.19477317E-04    0.19654542E-04    0.24912113E-03    0.16857890E-03    0.24755884E-03
-0.99990250E-04   -0.16147618E-03   -0.90534609E-04   -0.36497344E-04   -0.20090367E-03
-0.47431243E-04   -0.17974068E-04   -0.12951165E-02   -0.31315040E-04   -0.50162948E-04
-0.19732960E-04    0.58075529E-04   -0.25319440E-03    0.96149418E-06   -0.51388036E-05
-0.23156515E-04   -0.12248021E-03   -0.79604999E-04    0.69647798E-04   -0.57044985E-05
 0.21977369E-04   -0.11698990E-05   -0.13336858E-03   -0.10590962E-03   -0.13793989E-03
 0.39908776E-04    0.90844553E-04    0.41592757E-04    0.56852439E-04    0.15740562E-03
 0.16115655E-04    0.92417846E-05   -0.18333510E-02   -0.32830899E-03   -0.24016760E-03
 0.11520556E-03   -0.11749733E-03   -0.68807343E-04   -0.24777098E-03    0.21299079E-05
 0.25135289E-05   -0.42910595E-03    0.22407312E-03   -0.15272752E-03   -0.74288680E-04
 0.20103549E-04    0.75980079E-04    0.27280095E-04   -0.14721046E-03    0.31144295E-03
 0.15616175E-03    0.45779855E-03    0.50294090E-04    0.52864919E-03    0.23628088E-03
-0.20319534E-03    0.52889243E-04   -0.37736923E-05   -0.14791231E-01    0.64513988E-02
 0.20681341E-02   -0.45847813E-03    0.14340478E-02   -0.46871580E-03    0.11857693E-02
 0.21858088E-02   -0.94938998E-04   -0.32176941E-03   -0.73192139E-04    0.24155454E-02
-0.86659434E-03   -0.39308272E-02    0.81823527E-03    0.24636132E-03   -0.61573677E-03
-0.69065687E-03    0.15927808E-03   -0.16460299E-02   -0.64577297E-04   -0.33566388E-02
-0.35607482E-03   -0.36459934E-02   -0.17392284E-02    0.26766755E-02   -0.12785037E-02
 0.15977403E-03    0.13435491E-02   -0.19202433E-03    0.13721508E-02   -0.97101411E-03
 0.71773430E-03    0.44264989E-03   -0.39154666E-03   -0.10963132E-02   -0.70919386E-03
 0.81391906E-03   -0.34771562E-03    0.24057564E-03    0.82598281E-04    0.77345491E-04
-0.38422415E-04   -0.25385154E-04   -0.36206745E-04   -0.13720115E-04   -0.36044820E-05
 0.11308593E-04   -0.84478480E-04   -0.26974203E-04    0.13410209E-03    0.34953226E-04
 0.59969155E-03    0.49354820E-05   -0.51520202E-04    0.18298929E-03   -0.26886965E-02
 0.46167440E-03   -0.58702743E-05   -0.43854489E-05   -0.93175371E-05   -0.69578356E-04
 0.11571899E-03    0.10413403E-04   -0.34147769E-05    0.36996712E-04    0.80301369E-04
-0.25991861E-03   -0.39180283E-04    0.10825479E-04   -0.13163688E-04   -0.85728424E-04
-0.22333402E-04   -0.12773682E-04    0.76750687E-04   -0.29149558E-04    0.45039176E-04
-0.10416335E-04   -0.76464037E-04   -0.40992698E-05   -0.31894918E-04   -0.63176666E-05
-0.31656470E-03    0.58003377E-05    0.12541701E-04   -0.42293688E-05    0.60012829E-04
-0.29470964E-04   -0.90855269E-05    0.38039137E-05    0.33741643E-04   -0.15472418E-04
 0.43791420E-05    0.77386983E-05   -0.22522824E-05    0.81128533E-06    0.99741366E-04
-0.67280604E-05   -0.34755393E-05   -0.24335073E-04    0.75645710E-05    0.42788311E-04
-0.10790961E-04    0.39841341E-04   -0.54961609E-04    0.79648240E-05    0.34941592E-05
 0.28439366E-03    0.22325961E-04    0.37039849E-04   -0.56471675E-04   -0.49371636E-04
-0.24816106E-04   -0.20417108E-05    0.74558148E-05    0.26043457E-05    0.15450114E-03
 0.14224721E-04   -0.60070387E-04   -0.11279572E-04   -0.12125318E-04   -0.85022807E-05
 0.11464535E-04    0.53143832E-04   -0.17828851E-04   -0.96118421E-04    0.38762190E-04
 0.16034012E-04   -0.56334988E-04   -0.11126206E-04   -0.63086843E-04   -0.10129849E-04
-0.10337439E-05    0.30181812E-02    0.26229066E-02    0.82453410E-02    0.27844821E-03
 0.17174964E-02    0.74588337E-03    0.13256490E-02    0.18398638E-03   -0.19588302E-02
 0.56985193E-05   -0.44076583E-04   -0.14849533E-03   -0.90229499E-03   -0.38223434E-03
 0.99740227E-03    0.49384119E-03    0.99497566E-04   -0.83412286E-03   -0.40493698E-02
 0.10142523E-02    0.17011766E-02   -0.40485063E-04   -0.52141482E-03   -0.35404704E-03
-0.12354822E-03   -0.28653896E-03   -0.88011009E-03    0.87907322E-04    0.39001620E-03
-0.12358545E-03    0.27016656E-03   -0.21676757E-03    0.17949773E-03   -0.87494146E-04
-0.73181930E-03   -0.33253157E-02   -0.17505360E-03   -0.15665634E-05    0.11580168E-02
